2022  62  24517 GPS  -2267810.685  5009354.956  3221009.218
2022  62  24518 GPS  -2267810.684  5009354.956  3221009.222
2022  62  24519 GPS  -2267810.684  5009354.960  3221009.227
2022  62  24520 GPS  -2267810.681  5009354.962  3221009.237
2022  62  24521 GPS  -2267810.680  5009354.969  3221009.247
2022  62  24522 GPS  -2267810.674  5009354.978  3221009.254
2022  62  24523 GPS  -2267811.038  5009356.264  3221010.466
2022  62  24524 GPS  -2267811.026  5009356.244  3221010.441
2022  62  24525 GPS  -2267811.037  5009356.306  3221010.492
2022  62  24526 GPS  -2267811.060  5009356.389  3221010.568
2022  62  24527 GPS  -2267811.061  5009356.401  3221010.575
2022  62  24528 GPS  -2267811.064  5009356.399  3221010.569
2022  62  24529 GPS  -2267811.067  5009356.387  3221010.550
2022  62  24530 GPS  -2267811.097  5009356.479  3221010.630
2022  62  24531 GPS  -2267811.093  5009356.461  3221010.614
2022  62  24532 GPS  -2267811.084  5009356.433  3221010.586
2022  62  24533 GPS  -2267811.063  5009356.377  3221010.533
2022  62  24534 GPS  -2267811.048  5009356.338  3221010.496
2022  62  24535 GPS  -2267811.054  5009356.348  3221010.513
2022  62  24536 GPS  -2267811.065  5009356.362  3221010.520
2022  62  24537 GPS  -2267811.071  5009356.376  3221010.526
2022  62  24538 GPS  -2267811.081  5009356.390  3221010.535
2022  62  24539 GPS  -2267811.093  5009356.407  3221010.549
2022  62  24540 GPS  -2267811.107  5009356.424  3221010.558
2022  62  24541 GPS  -2267811.103  5009356.408  3221010.534
2022  62  24542 GPS  -2267811.095  5009356.396  3221010.516
2022  62  24543 GPS  -2267811.094  5009356.397  3221010.514
2022  62  24544 GPS  -2267811.095  5009356.388  3221010.507
2022  62  24545 GPS  -2267811.091  5009356.378  3221010.504
2022  62  24546 GPS  -2267811.092  5009356.392  3221010.520
2022  62  24547 GPS  -2267811.089  5009356.378  3221010.511
2022  62  24548 GPS  -2267811.095  5009356.374  3221010.509
2022  62  24549 GPS  -2267811.094  5009356.377  3221010.507
2022  62  24550 GPS  -2267811.099  5009356.384  3221010.511
2022  62  24551 GPS  -2267811.099  5009356.392  3221010.513
2022  62  24552 GPS  -2267811.094  5009356.393  3221010.511
2022  62  24553 GPS  -2267811.094  5009356.394  3221010.511
2022  62  24554 GPS  -2267811.090  5009356.402  3221010.514
2022  62  24555 GPS  -2267811.097  5009356.421  3221010.518
2022  62  24556 GPS  -2267811.108  5009356.436  3221010.522
2022  62  24557 GPS  -2267811.115  5009356.444  3221010.522
2022  62  24558 GPS  -2267811.120  5009356.457  3221010.526
2022  62  24559 GPS  -2267811.128  5009356.468  3221010.527
2022  62  24560 GPS  -2267811.145  5009356.490  3221010.535
2022  62  24561 GPS  -2267811.162  5009356.506  3221010.538
2022  62  24562 GPS  -2267811.170  5009356.515  3221010.542
2022  62  24563 GPS  -2267811.181  5009356.518  3221010.546
2022  62  24564 GPS  -2267811.187  5009356.528  3221010.552
2022  62  24565 GPS  -2267811.194  5009356.549  3221010.562
2022  62  24566 GPS  -2267811.195  5009356.552  3221010.568
2022  62  24567 GPS  -2267811.205  5009356.560  3221010.571
2022  62  24568 GPS  -2267811.214  5009356.577  3221010.578
2022  62  24569 GPS  -2267811.216  5009356.582  3221010.581
2022  62  24570 GPS  -2267811.214  5009356.582  3221010.578
2022  62  24571 GPS  -2267810.823  5009355.253  3221009.314
2022  62  24572 GPS  -2267810.826  5009355.265  3221009.323
2022  62  24573 GPS  -2267810.829  5009355.285  3221009.333
2022  62  24574 GPS  -2267810.827  5009355.299  3221009.342
2022  62  24575 GPS  -2267810.829  5009355.316  3221009.354
2022  62  24576 GPS  -2267810.823  5009355.318  3221009.360
2022  62  24577 GPS  -2267810.823  5009355.331  3221009.370
2022  62  24578 GPS  -2267810.822  5009355.345  3221009.378
2022  62  24579 GPS  -2267810.828  5009355.361  3221009.391
2022  62  24580 GPS  -2267811.314  5009356.990  3221010.951
2022  62  24581 GPS  -2267811.251  5009356.773  3221010.757
2022  62  24582 GPS  -2267811.220  5009356.670  3221010.658
2022  62  24583 GPS  -2267811.250  5009356.744  3221010.732
2022  62  24584 GPS  -2267811.246  5009356.713  3221010.701
2022  62  24585 GPS  -2267811.240  5009356.705  3221010.690
2022  62  24586 GPS  -2267811.238  5009356.720  3221010.701
2022  62  24587 GPS  -2267811.225  5009356.674  3221010.660
2022  62  24588 GPS  -2267811.213  5009356.626  3221010.617
2022  62  24589 GPS  -2267811.211  5009356.621  3221010.613
2022  62  24590 GPS  -2267811.222  5009356.665  3221010.658
2022  62  24591 GPS  -2267811.235  5009356.713  3221010.708
2022  62  24592 GPS  -2267811.241  5009356.749  3221010.735
2022  62  24593 GPS  -2267811.227  5009356.703  3221010.697
2022  62  24594 GPS  -2267811.215  5009356.654  3221010.662
2022  62  24595 GPS  -2267811.206  5009356.626  3221010.641
2022  62  24596 GPS  -2267811.199  5009356.611  3221010.626
2022  62  24597 GPS  -2267811.205  5009356.630  3221010.649
2022  62  24598 GPS  -2267811.189  5009356.586  3221010.610
2022  62  24599 GPS  -2267811.163  5009356.513  3221010.548
2022  62  24600 GPS  -2267811.150  5009356.468  3221010.507
2022  62  24601 GPS  -2267811.147  5009356.462  3221010.509
2022  62  24602 GPS  -2267811.143  5009356.461  3221010.513
2022  62  24603 GPS  -2267811.148  5009356.458  3221010.522
2022  62  24604 GPS  -2267811.154  5009356.456  3221010.537
2022  62  24605 GPS  -2267811.155  5009356.453  3221010.543
2022  62  24606 GPS  -2267811.156  5009356.454  3221010.543
2022  62  24607 GPS  -2267811.145  5009356.421  3221010.519
2022  62  24608 GPS  -2267811.145  5009356.412  3221010.524
2022  62  24609 GPS  -2267811.146  5009356.409  3221010.525
2022  62  24610 GPS  -2267811.146  5009356.400  3221010.526
2022  62  24611 GPS  -2267811.143  5009356.393  3221010.523
2022  62  24612 GPS  -2267811.150  5009356.393  3221010.522
2022  62  24613 GPS  -2267811.161  5009356.398  3221010.527
2022  62  24614 GPS  -2267811.170  5009356.402  3221010.532
2022  62  24615 GPS  -2267811.174  5009356.398  3221010.531
2022  62  24616 GPS  -2267811.178  5009356.396  3221010.534
2022  62  24617 GPS  -2267811.171  5009356.384  3221010.528
2022  62  24618 GPS  -2267811.178  5009356.391  3221010.529
2022  62  24619 GPS  -2267811.185  5009356.398  3221010.534
2022  62  24620 GPS  -2267811.187  5009356.412  3221010.540
2022  62  24621 GPS  -2267810.844  5009355.273  3221009.437
2022  62  24622 GPS  -2267810.844  5009355.275  3221009.439
2022  62  24623 GPS  -2267810.845  5009355.281  3221009.443
2022  62  24624 GPS  -2267810.849  5009355.290  3221009.449
2022  62  24625 GPS  -2267810.848  5009355.287  3221009.451
2022  62  24626 GPS  -2267810.847  5009355.292  3221009.454
2022  62  24627 GPS  -2267810.851  5009355.303  3221009.462
2022  62  24628 GPS  -2267810.846  5009355.305  3221009.461
2022  62  24629 GPS  -2267810.848  5009355.312  3221009.462
2022  62  24630 GPS  -2267810.850  5009355.323  3221009.464
2022  62  24631 GPS  -2267810.849  5009355.323  3221009.462
2022  62  24632 GPS  -2267811.119  5009356.221  3221010.318
2022  62  24633 GPS  -2267811.184  5009356.447  3221010.527
2022  62  24634 GPS  -2267811.236  5009356.629  3221010.701
2022  62  24635 GPS  -2267811.281  5009356.786  3221010.852
2022  62  24636 GPS  -2267811.250  5009356.680  3221010.754
2022  62  24637 GPS  -2267811.256  5009356.697  3221010.768
2022  62  24638 GPS  -2267811.256  5009356.706  3221010.776
2022  62  24639 GPS  -2267811.263  5009356.724  3221010.792
2022  62  24640 GPS  -2267811.253  5009356.703  3221010.769
2022  62  24641 GPS  -2267811.252  5009356.678  3221010.737
2022  62  24642 GPS  -2267811.270  5009356.715  3221010.765
2022  62  24643 GPS  -2267811.263  5009356.689  3221010.741
2022  62  24644 GPS  -2267811.245  5009356.649  3221010.706
2022  62  24645 GPS  -2267811.236  5009356.642  3221010.705
2022  62  24646 GPS  -2267811.236  5009356.662  3221010.718
2022  62  24647 GPS  -2267811.248  5009356.697  3221010.743
2022  62  24648 GPS  -2267811.259  5009356.750  3221010.791
2022  62  24649 GPS  -2267811.240  5009356.692  3221010.734
2022  62  24650 GPS  -2267811.231  5009356.668  3221010.716
2022  62  24651 GPS  -2267811.224  5009356.656  3221010.708
2022  62  24652 GPS  -2267811.220  5009356.651  3221010.707
2022  62  24653 GPS  -2267811.222  5009356.676  3221010.729
2022  62  24654 GPS  -2267811.216  5009356.674  3221010.733
2022  62  24655 GPS  -2267811.215  5009356.684  3221010.743
2022  62  24656 GPS  -2267811.221  5009356.708  3221010.760
2022  62  24657 GPS  -2267811.228  5009356.721  3221010.772
2022  62  24658 GPS  -2267811.228  5009356.709  3221010.770
2022  62  24659 GPS  -2267811.219  5009356.696  3221010.762
2022  62  24660 GPS  -2267811.220  5009356.699  3221010.764
2022  62  24661 GPS  -2267811.226  5009356.697  3221010.763
2022  62  24662 GPS  -2267811.227  5009356.701  3221010.759
2022  62  24663 GPS  -2267811.232  5009356.708  3221010.767
2022  62  24664 GPS  -2267811.240  5009356.715  3221010.774
2022  62  24665 GPS  -2267811.243  5009356.716  3221010.776
2022  62  24666 GPS  -2267811.252  5009356.723  3221010.784
2022  62  24667 GPS  -2267811.258  5009356.736  3221010.792
2022  62  24668 GPS  -2267811.261  5009356.739  3221010.792
2022  62  24669 GPS  -2267811.266  5009356.742  3221010.796
2022  62  24670 GPS  -2267811.274  5009356.752  3221010.803
2022  62  24671 GPS  -2267811.277  5009356.751  3221010.807
2022  62  24672 GPS  -2267811.281  5009356.750  3221010.812
2022  62  24673 GPS  -2267811.284  5009356.751  3221010.822
2022  62  24674 GPS  -2267811.288  5009356.750  3221010.830
2022  62  24675 GPS  -2267811.288  5009356.747  3221010.826
2022  62  24676 GPS  -2267811.286  5009356.750  3221010.830
2022  62  24677 GPS  -2267811.297  5009356.762  3221010.833
2022  62  24678 GPS  -2267811.298  5009356.762  3221010.836
2022  62  24679 GPS  -2267811.301  5009356.772  3221010.843
2022  62  24680 GPS  -2267811.308  5009356.782  3221010.850
2022  62  24681 GPS  -2267810.925  5009355.524  3221009.624
2022  62  24682 GPS  -2267810.927  5009355.530  3221009.625
2022  62  24683 GPS  -2267810.924  5009355.534  3221009.626
2022  62  24684 GPS  -2267810.928  5009355.533  3221009.618
2022  62  24685 GPS  -2267810.926  5009355.538  3221009.612
2022  62  24686 GPS  -2267810.931  5009355.539  3221009.610
2022  62  24687 GPS  -2267810.925  5009355.539  3221009.606
2022  62  24688 GPS  -2267810.924  5009355.533  3221009.596
2022  62  24689 GPS  -2267810.927  5009355.533  3221009.594
2022  62  24690 GPS  -2267810.937  5009355.549  3221009.604
2022  62  24691 GPS  -2267810.938  5009355.549  3221009.603
2022  62  24692 GPS  -2267811.309  5009356.762  3221010.783
2022  62  24693 GPS  -2267811.323  5009356.796  3221010.821
2022  62  24694 GPS  -2267811.312  5009356.750  3221010.780
2022  62  24695 GPS  -2267811.296  5009356.701  3221010.742
2022  62  24696 GPS  -2267811.302  5009356.737  3221010.777
2022  62  24697 GPS  -2267811.291  5009356.703  3221010.746
2022  62  24698 GPS  -2267811.278  5009356.667  3221010.708
2022  62  24699 GPS  -2267811.271  5009356.645  3221010.682
2022  62  24700 GPS  -2267811.274  5009356.648  3221010.683
2022  62  24701 GPS  -2267811.294  5009356.717  3221010.752
2022  62  24702 GPS  -2267811.318  5009356.777  3221010.804
2022  62  24703 GPS  -2267811.318  5009356.767  3221010.796
2022  62  24704 GPS  -2267811.315  5009356.761  3221010.794
2022  62  24705 GPS  -2267811.324  5009356.788  3221010.830
2022  62  24706 GPS  -2267811.332  5009356.810  3221010.859
2022  62  24707 GPS  -2267811.317  5009356.775  3221010.828
2022  62  24708 GPS  -2267811.309  5009356.753  3221010.806
2022  62  24709 GPS  -2267811.309  5009356.751  3221010.800
2022  62  24710 GPS  -2267811.310  5009356.753  3221010.796
2022  62  24711 GPS  -2267811.318  5009356.779  3221010.815
2022  62  24712 GPS  -2267811.324  5009356.816  3221010.846
2022  62  24713 GPS  -2267811.321  5009356.825  3221010.846
2022  62  24714 GPS  -2267811.321  5009356.858  3221010.869
2022  62  24715 GPS  -2267811.327  5009356.880  3221010.889
2022  62  24716 GPS  -2267811.325  5009356.883  3221010.880
2022  62  24717 GPS  -2267811.325  5009356.884  3221010.882
2022  62  24718 GPS  -2267811.320  5009356.889  3221010.886
2022  62  24719 GPS  -2267811.321  5009356.891  3221010.879
2022  62  24720 GPS  -2267811.322  5009356.896  3221010.875
2022  62  24721 GPS  -2267811.324  5009356.901  3221010.875
2022  62  24722 GPS  -2267811.320  5009356.899  3221010.873
2022  62  24723 GPS  -2267811.316  5009356.898  3221010.869
2022  62  24724 GPS  -2267811.314  5009356.899  3221010.875
2022  62  24725 GPS  -2267811.313  5009356.908  3221010.880
2022  62  24726 GPS  -2267811.313  5009356.915  3221010.888
2022  62  24727 GPS  -2267811.312  5009356.921  3221010.897
2022  62  24728 GPS  -2267811.304  5009356.921  3221010.899
2022  62  24729 GPS  -2267811.303  5009356.928  3221010.904
2022  62  24730 GPS  -2267811.300  5009356.933  3221010.903
2022  62  24731 GPS  -2267811.294  5009356.934  3221010.902
2022  62  24732 GPS  -2267811.284  5009356.934  3221010.904
2022  62  24733 GPS  -2267811.280  5009356.934  3221010.907
2022  62  24734 GPS  -2267811.279  5009356.941  3221010.907
2022  62  24735 GPS  -2267811.277  5009356.954  3221010.906
2022  62  24736 GPS  -2267811.275  5009356.960  3221010.897
2022  62  24737 GPS  -2267811.271  5009356.962  3221010.892
2022  62  24738 GPS  -2267811.263  5009356.949  3221010.883
2022  62  24739 GPS  -2267811.259  5009356.955  3221010.886
2022  62  24740 GPS  -2267811.254  5009356.952  3221010.884
2022  62  24741 GPS  -2267811.246  5009356.951  3221010.876
2022  62  24742 GPS  -2267811.238  5009356.947  3221010.874
2022  62  24743 GPS  -2267811.227  5009356.941  3221010.870
2022  62  24744 GPS  -2267811.228  5009356.942  3221010.873
2022  62  24745 GPS  -2267811.232  5009356.938  3221010.877
2022  62  24746 GPS  -2267811.225  5009356.930  3221010.877
2022  62  24747 GPS  -2267811.220  5009356.924  3221010.876
2022  62  24748 GPS  -2267811.214  5009356.911  3221010.866
2022  62  24749 GPS  -2267811.206  5009356.905  3221010.861
2022  62  24750 GPS  -2267811.203  5009356.901  3221010.860
2022  62  24751 GPS  -2267810.792  5009355.587  3221009.571
2022  62  24752 GPS  -2267810.793  5009355.592  3221009.571
2022  62  24753 GPS  -2267810.801  5009355.599  3221009.574
2022  62  24754 GPS  -2267810.809  5009355.594  3221009.570
2022  62  24755 GPS  -2267810.815  5009355.602  3221009.572
2022  62  24756 GPS  -2267810.816  5009355.612  3221009.574
2022  62  24757 GPS  -2267810.818  5009355.618  3221009.578
2022  62  24758 GPS  -2267810.821  5009355.615  3221009.580
2022  62  24759 GPS  -2267810.819  5009355.616  3221009.575
2022  62  24760 GPS  -2267810.806  5009355.603  3221009.554
2022  62  24761 GPS  -2267810.875  5009355.845  3221009.789
2022  62  24762 GPS  -2267811.158  5009356.745  3221010.668
2022  62  24763 GPS  -2267811.204  5009356.899  3221010.811
2022  62  24764 GPS  -2267811.202  5009356.890  3221010.799
2022  62  24765 GPS  -2267811.228  5009356.973  3221010.879
2022  62  24766 GPS  -2267811.223  5009356.962  3221010.866
2022  62  24767 GPS  -2267811.230  5009356.979  3221010.874
2022  62  24768 GPS  -2267811.236  5009356.998  3221010.889
2022  62  24769 GPS  -2267811.239  5009357.011  3221010.900
2022  62  24770 GPS  -2267811.258  5009357.075  3221010.949
2022  62  24771 GPS  -2267811.253  5009357.069  3221010.938
2022  62  24772 GPS  -2267811.248  5009357.070  3221010.930
2022  62  24773 GPS  -2267811.250  5009357.074  3221010.925
2022  62  24774 GPS  -2267811.248  5009357.075  3221010.924
2022  62  24775 GPS  -2267811.249  5009357.082  3221010.924
2022  62  24776 GPS  -2267811.272  5009357.149  3221010.979
2022  62  24777 GPS  -2267811.264  5009357.123  3221010.945
2022  62  24778 GPS  -2267811.260  5009357.110  3221010.935
2022  62  24779 GPS  -2267811.273  5009357.119  3221010.947
2022  62  24780 GPS  -2267811.280  5009357.116  3221010.948
2022  62  24781 GPS  -2267811.288  5009357.117  3221010.951
2022  62  24782 GPS  -2267811.277  5009357.079  3221010.909
2022  62  24783 GPS  -2267811.279  5009357.090  3221010.911
2022  62  24784 GPS  -2267811.278  5009357.087  3221010.902
2022  62  24785 GPS  -2267811.277  5009357.076  3221010.894
2022  62  24786 GPS  -2267811.272  5009357.071  3221010.884
2022  62  24787 GPS  -2267811.265  5009357.046  3221010.865
2022  62  24788 GPS  -2267811.261  5009357.033  3221010.858
2022  62  24789 GPS  -2267811.256  5009357.026  3221010.851
2022  62  24790 GPS  -2267811.265  5009357.029  3221010.858
2022  62  24791 GPS  -2267811.270  5009357.042  3221010.867
2022  62  24792 GPS  -2267811.280  5009357.048  3221010.867
2022  62  24793 GPS  -2267811.284  5009357.054  3221010.869
2022  62  24794 GPS  -2267811.290  5009357.047  3221010.872
2022  62  24795 GPS  -2267811.292  5009357.045  3221010.869
2022  62  24796 GPS  -2267811.299  5009357.046  3221010.877
2022  62  24797 GPS  -2267811.305  5009357.055  3221010.883
2022  62  24798 GPS  -2267811.310  5009357.067  3221010.885
2022  62  24799 GPS  -2267811.317  5009357.070  3221010.883
2022  62  24800 GPS  -2267811.323  5009357.067  3221010.876
2022  62  24801 GPS  -2267810.913  5009355.784  3221009.610
2022  62  24802 GPS  -2267810.919  5009355.786  3221009.615
2022  62  24803 GPS  -2267810.915  5009355.786  3221009.616
2022  62  24804 GPS  -2267810.914  5009355.794  3221009.619
2022  62  24805 GPS  -2267810.912  5009355.797  3221009.617
2022  62  24806 GPS  -2267810.914  5009355.796  3221009.612
2022  62  24807 GPS  -2267810.919  5009355.798  3221009.601
2022  62  24808 GPS  -2267810.918  5009355.803  3221009.606
2022  62  24809 GPS  -2267810.912  5009355.793  3221009.605
2022  62  24810 GPS  -2267811.408  5009357.334  3221011.131
2022  62  24811 GPS  -2267810.906  5009355.794  3221009.609
2022  62  24812 GPS  -2267810.907  5009355.798  3221009.616
2022  62  24813 GPS  -2267810.902  5009355.804  3221009.615
2022  62  24814 GPS  -2267810.902  5009355.814  3221009.611
2022  62  24815 GPS  -2267810.896  5009355.818  3221009.608
2022  62  24816 GPS  -2267810.887  5009355.822  3221009.606
2022  62  24817 GPS  -2267810.881  5009355.827  3221009.606
2022  62  24818 GPS  -2267810.878  5009355.839  3221009.605
2022  62  24819 GPS  -2267811.292  5009356.404  3221010.205
2022  62  24820 GPS  -2267811.290  5009356.410  3221010.207
2022  62  24821 GPS  -2267811.290  5009356.405  3221010.200
2022  62  24822 GPS  -2267811.715  5009357.838  3221011.615
2022  62  24823 GPS  -2267811.650  5009357.638  3221011.427
2022  62  24824 GPS  -2267811.614  5009357.511  3221011.307
2022  62  24825 GPS  -2267811.592  5009357.446  3221011.248
2022  62  24826 GPS  -2267811.596  5009357.447  3221011.256
2022  62  24827 GPS  -2267811.581  5009357.391  3221011.205
2022  62  24828 GPS  -2267811.586  5009357.396  3221011.218
2022  62  24829 GPS  -2267811.574  5009357.367  3221011.193
2022  62  24830 GPS  -2267811.579  5009357.372  3221011.204
2022  62  24831 GPS  -2267811.587  5009357.383  3221011.213
2022  62  24832 GPS  -2267811.601  5009357.438  3221011.268
2022  62  24833 GPS  -2267811.611  5009357.467  3221011.294
2022  62  24834 GPS  -2267811.607  5009357.452  3221011.284
2022  62  24835 GPS  -2267811.595  5009357.419  3221011.259
2022  62  24836 GPS  -2267811.589  5009357.417  3221011.251
2022  62  24837 GPS  -2267811.592  5009357.421  3221011.254
2022  62  24838 GPS  -2267811.593  5009357.414  3221011.251
2022  62  24839 GPS  -2267811.594  5009357.412  3221011.251
2022  62  24840 GPS  -2267811.597  5009357.427  3221011.264
2022  62  24841 GPS  -2267811.602  5009357.438  3221011.272
2022  62  24842 GPS  -2267811.604  5009357.440  3221011.274
2022  62  24843 GPS  -2267811.602  5009357.435  3221011.267
2022  62  24844 GPS  -2267811.607  5009357.441  3221011.272
2022  62  24845 GPS  -2267811.612  5009357.461  3221011.290
2022  62  24846 GPS  -2267811.614  5009357.469  3221011.294
2022  62  24847 GPS  -2267811.617  5009357.472  3221011.297
2022  62  24848 GPS  -2267811.614  5009357.467  3221011.297
2022  62  24849 GPS  -2267811.615  5009357.469  3221011.293
2022  62  24850 GPS  -2267811.615  5009357.475  3221011.301
2022  62  24851 GPS  -2267811.301  5009356.433  3221010.267
2022  62  24852 GPS  -2267811.298  5009356.431  3221010.266
2022  62  24853 GPS  -2267811.294  5009356.435  3221010.269
2022  62  24854 GPS  -2267811.293  5009356.442  3221010.272
2022  62  24855 GPS  -2267811.293  5009356.449  3221010.275
2022  62  24856 GPS  -2267811.294  5009356.457  3221010.284
2022  62  24857 GPS  -2267811.299  5009356.465  3221010.293
2022  62  24858 GPS  -2267811.591  5009357.433  3221011.256
2022  62  24859 GPS  -2267811.609  5009357.485  3221011.307
2022  62  24860 GPS  -2267811.616  5009357.490  3221011.303
2022  62  24861 GPS  -2267811.617  5009357.482  3221011.285
2022  62  24862 GPS  -2267811.631  5009357.499  3221011.296
2022  62  24863 GPS  -2267811.639  5009357.504  3221011.296
2022  62  24864 GPS  -2267811.642  5009357.497  3221011.290
2022  62  24865 GPS  -2267811.654  5009357.511  3221011.302
2022  62  24866 GPS  -2267811.676  5009357.566  3221011.348
2022  62  24867 GPS  -2267811.676  5009357.556  3221011.334
2022  62  24868 GPS  -2267811.686  5009357.563  3221011.343
2022  62  24869 GPS  -2267811.696  5009357.576  3221011.359
2022  62  24870 GPS  -2267811.716  5009357.616  3221011.393
2022  62  24871 GPS  -2267811.729  5009357.623  3221011.399
2022  62  24872 GPS  -2267811.742  5009357.639  3221011.423
2022  62  24873 GPS  -2267811.736  5009357.606  3221011.388
2022  62  24874 GPS  -2267811.740  5009357.597  3221011.379
2022  62  24875 GPS  -2267811.747  5009357.596  3221011.384
2022  62  24876 GPS  -2267811.769  5009357.628  3221011.423
2022  62  24877 GPS  -2267811.787  5009357.662  3221011.462
2022  62  24878 GPS  -2267811.800  5009357.671  3221011.471
2022  62  24879 GPS  -2267811.813  5009357.684  3221011.490
2022  62  24880 GPS  -2267811.818  5009357.684  3221011.495
2022  62  24881 GPS  -2267811.820  5009357.682  3221011.496
2022  62  24882 GPS  -2267811.825  5009357.674  3221011.488
2022  62  24883 GPS  -2267811.828  5009357.664  3221011.479
2022  62  24884 GPS  -2267811.829  5009357.648  3221011.472
2022  62  24885 GPS  -2267811.821  5009357.625  3221011.458
2022  62  24886 GPS  -2267811.816  5009357.619  3221011.461
2022  62  24887 GPS  -2267811.809  5009357.611  3221011.463
2022  62  24888 GPS  -2267811.798  5009357.602  3221011.464
2022  62  24889 GPS  -2267811.793  5009357.597  3221011.465
2022  62  24890 GPS  -2267811.792  5009357.591  3221011.461
2022  62  24891 GPS  -2267811.493  5009356.618  3221010.490
2022  62  24892 GPS  -2267811.492  5009356.618  3221010.493
2022  62  24893 GPS  -2267811.487  5009356.611  3221010.486
2022  62  24894 GPS  -2267811.486  5009356.608  3221010.483
2022  62  24895 GPS  -2267811.487  5009356.609  3221010.483
2022  62  24896 GPS  -2267811.485  5009356.603  3221010.483
2022  62  24897 GPS  -2267811.489  5009356.611  3221010.489
2022  62  24898 GPS  -2267811.488  5009356.626  3221010.497
2022  62  24899 GPS  -2267811.491  5009356.632  3221010.501
2022  62  24900 GPS  -2267812.011  5009358.349  3221012.217
2022  62  24901 GPS  -2267811.860  5009357.858  3221011.721
2022  62  24902 GPS  -2267811.816  5009357.731  3221011.594
2022  62  24903 GPS  -2267811.800  5009357.703  3221011.564
2022  62  24904 GPS  -2267811.790  5009357.694  3221011.548
2022  62  24905 GPS  -2267811.782  5009357.672  3221011.520
2022  62  24906 GPS  -2267811.781  5009357.667  3221011.505
2022  62  24907 GPS  -2267811.783  5009357.665  3221011.498
2022  62  24908 GPS  -2267811.780  5009357.652  3221011.495
2022  62  24909 GPS  -2267811.749  5009357.565  3221011.409
2022  62  24910 GPS  -2267811.754  5009357.597  3221011.439
2022  62  24911 GPS  -2267811.766  5009357.636  3221011.485
2022  62  24912 GPS  -2267811.765  5009357.648  3221011.499
2022  62  24913 GPS  -2267811.757  5009357.640  3221011.491
2022  62  24914 GPS  -2267811.771  5009357.698  3221011.543
2022  62  24915 GPS  -2267811.768  5009357.702  3221011.543
2022  62  24916 GPS  -2267811.755  5009357.686  3221011.524
2022  62  24917 GPS  -2267811.746  5009357.676  3221011.513
2022  62  24918 GPS  -2267811.746  5009357.682  3221011.516
2022  62  24919 GPS  -2267811.749  5009357.701  3221011.534
2022  62  24920 GPS  -2267811.750  5009357.718  3221011.553
2022  62  24921 GPS  -2267811.747  5009357.730  3221011.565
2022  62  24922 GPS  -2267811.739  5009357.729  3221011.562
2022  62  24923 GPS  -2267811.741  5009357.738  3221011.562
2022  62  24924 GPS  -2267811.738  5009357.738  3221011.555
2022  62  24925 GPS  -2267811.735  5009357.736  3221011.546
2022  62  24926 GPS  -2267811.731  5009357.727  3221011.533
2022  62  24927 GPS  -2267811.734  5009357.731  3221011.533
2022  62  24928 GPS  -2267811.740  5009357.731  3221011.525
2022  62  24929 GPS  -2267811.741  5009357.734  3221011.522
2022  62  24930 GPS  -2267811.740  5009357.739  3221011.522
2022  62  24931 GPS  -2267811.737  5009357.734  3221011.520
2022  62  24932 GPS  -2267811.736  5009357.734  3221011.518
2022  62  24933 GPS  -2267811.737  5009357.738  3221011.516
2022  62  24934 GPS  -2267811.737  5009357.739  3221011.514
2022  62  24935 GPS  -2267811.735  5009357.734  3221011.514
2022  62  24936 GPS  -2267811.733  5009357.726  3221011.508
2022  62  24937 GPS  -2267811.724  5009357.717  3221011.504
2022  62  24938 GPS  -2267811.713  5009357.702  3221011.500
2022  62  24939 GPS  -2267811.700  5009357.687  3221011.487
2022  62  24940 GPS  -2267811.699  5009357.686  3221011.484
2022  62  24941 GPS  -2267811.693  5009357.679  3221011.478
2022  62  24942 GPS  -2267811.693  5009357.675  3221011.480
2022  62  24943 GPS  -2267811.694  5009357.669  3221011.479
2022  62  24944 GPS  -2267811.691  5009357.662  3221011.480
2022  62  24945 GPS  -2267811.690  5009357.660  3221011.481
2022  62  24946 GPS  -2267811.688  5009357.659  3221011.481
2022  62  24947 GPS  -2267811.689  5009357.657  3221011.478
2022  62  24948 GPS  -2267811.694  5009357.666  3221011.479
2022  62  24949 GPS  -2267811.690  5009357.664  3221011.474
2022  62  24950 GPS  -2267811.686  5009357.664  3221011.466
2022  62  24951 GPS  -2267811.360  5009356.601  3221010.384
2022  62  24952 GPS  -2267811.353  5009356.598  3221010.377
2022  62  24953 GPS  -2267811.348  5009356.595  3221010.374
2022  62  24954 GPS  -2267811.347  5009356.595  3221010.369
2022  62  24955 GPS  -2267811.345  5009356.598  3221010.359
2022  62  24956 GPS  -2267811.344  5009356.600  3221010.349
2022  62  24957 GPS  -2267811.337  5009356.593  3221010.344
2022  62  24958 GPS  -2267811.331  5009356.590  3221010.340
2022  62  24959 GPS  -2267811.335  5009356.594  3221010.335
2022  62  24960 GPS  -2267811.339  5009356.606  3221010.336
2022  62  24961 GPS  -2267811.345  5009356.617  3221010.336
2022  62  24962 GPS  -2267811.350  5009356.625  3221010.330
2022  62  24963 GPS  -2267811.352  5009356.630  3221010.332
2022  62  24964 GPS  -2267811.350  5009356.624  3221010.329
2022  62  24965 GPS  -2267811.352  5009356.626  3221010.328
2022  62  24966 GPS  -2267811.349  5009356.612  3221010.322
2022  62  24967 GPS  -2267811.342  5009356.593  3221010.316
2022  62  24968 GPS  -2267811.332  5009356.579  3221010.307
2022  62  24969 GPS  -2267811.325  5009356.569  3221010.295
2022  62  24970 GPS  -2267811.320  5009356.565  3221010.294
2022  62  24971 GPS  -2267811.311  5009356.551  3221010.292
2022  62  24972 GPS  -2267811.306  5009356.546  3221010.291
2022  62  24973 GPS  -2267811.300  5009356.546  3221010.297
2022  62  24974 GPS  -2267811.292  5009356.535  3221010.292
2022  62  24975 GPS  -2267811.288  5009356.527  3221010.291
2022  62  24976 GPS  -2267811.287  5009356.524  3221010.290
2022  62  24977 GPS  -2267811.283  5009356.518  3221010.290
2022  62  24978 GPS  -2267811.287  5009356.515  3221010.285
2022  62  24979 GPS  -2267811.286  5009356.517  3221010.282
2022  62  24980 GPS  -2267811.629  5009357.620  3221011.401
2022  62  24981 GPS  -2267811.284  5009356.509  3221010.267
2022  62  24982 GPS  -2267811.285  5009356.507  3221010.261
2022  62  24983 GPS  -2267811.291  5009356.513  3221010.256
2022  62  24984 GPS  -2267811.300  5009356.529  3221010.262
2022  62  24985 GPS  -2267811.310  5009356.543  3221010.274
2022  62  24986 GPS  -2267811.317  5009356.555  3221010.284
2022  62  24987 GPS  -2267811.318  5009356.564  3221010.290
2022  62  24988 GPS  -2267811.313  5009356.565  3221010.283
2022  62  24989 GPS  -2267811.307  5009356.561  3221010.283
2022  62  24990 GPS  -2267811.302  5009356.563  3221010.279
2022  62  24991 GPS  -2267811.915  5009358.544  3221012.284
2022  62  24992 GPS  -2267811.663  5009357.728  3221011.442
2022  62  24993 GPS  -2267811.630  5009357.620  3221011.320
2022  62  24994 GPS  -2267811.645  5009357.667  3221011.369
2022  62  24995 GPS  -2267811.656  5009357.695  3221011.388
2022  62  24996 GPS  -2267811.649  5009357.693  3221011.391
2022  62  24997 GPS  -2267811.656  5009357.724  3221011.431
2022  62  24998 GPS  -2267811.657  5009357.717  3221011.423
2022  62  24999 GPS  -2267811.654  5009357.706  3221011.414
2022  62  25000 GPS  -2267811.666  5009357.741  3221011.451
2022  62  25001 GPS  -2267811.661  5009357.703  3221011.415
2022  62  25002 GPS  -2267811.647  5009357.663  3221011.376
2022  62  25003 GPS  -2267811.635  5009357.619  3221011.330
2022  62  25004 GPS  -2267811.638  5009357.603  3221011.317
2022  62  25005 GPS  -2267811.641  5009357.609  3221011.316
2022  62  25006 GPS  -2267811.637  5009357.582  3221011.293
2022  62  25007 GPS  -2267811.656  5009357.616  3221011.332
2022  62  25008 GPS  -2267811.652  5009357.583  3221011.302
2022  62  25009 GPS  -2267811.643  5009357.556  3221011.273
2022  62  25010 GPS  -2267811.644  5009357.543  3221011.266
2022  62  25011 GPS  -2267811.645  5009357.548  3221011.267
2022  62  25012 GPS  -2267811.643  5009357.546  3221011.254
2022  62  25013 GPS  -2267811.652  5009357.566  3221011.265
2022  62  25014 GPS  -2267811.655  5009357.577  3221011.274
2022  62  25015 GPS  -2267811.658  5009357.583  3221011.277
2022  62  25016 GPS  -2267811.659  5009357.577  3221011.267
2022  62  25017 GPS  -2267811.666  5009357.579  3221011.264
2022  62  25018 GPS  -2267811.675  5009357.572  3221011.251
2022  62  25019 GPS  -2267811.686  5009357.576  3221011.253
2022  62  25020 GPS  -2267811.689  5009357.587  3221011.258
2022  62  25021 GPS  -2267811.692  5009357.586  3221011.261
2022  62  25022 GPS  -2267811.691  5009357.586  3221011.265
2022  62  25023 GPS  -2267811.690  5009357.592  3221011.262
2022  62  25024 GPS  -2267811.692  5009357.592  3221011.264
2022  62  25025 GPS  -2267811.689  5009357.589  3221011.261
2022  62  25026 GPS  -2267811.691  5009357.584  3221011.257
2022  62  25027 GPS  -2267811.691  5009357.581  3221011.253
2022  62  25028 GPS  -2267811.690  5009357.589  3221011.255
2022  62  25029 GPS  -2267811.697  5009357.602  3221011.256
2022  62  25030 GPS  -2267811.698  5009357.604  3221011.260
2022  62  25031 GPS  -2267811.399  5009356.662  3221010.292
2022  62  25032 GPS  -2267811.401  5009356.668  3221010.288
2022  62  25033 GPS  -2267811.401  5009356.677  3221010.287
2022  62  25034 GPS  -2267811.400  5009356.684  3221010.285
2022  62  25035 GPS  -2267811.404  5009356.694  3221010.289
2022  62  25036 GPS  -2267811.408  5009356.698  3221010.294
2022  62  25037 GPS  -2267811.410  5009356.701  3221010.293
2022  62  25038 GPS  -2267811.403  5009356.698  3221010.289
2022  62  25039 GPS  -2267811.394  5009356.693  3221010.283
2022  62  25040 GPS  -2267811.820  5009358.060  3221011.692
2022  62  25041 GPS  -2267811.745  5009357.831  3221011.466
2022  62  25042 GPS  -2267811.697  5009357.696  3221011.333
2022  62  25043 GPS  -2267811.686  5009357.666  3221011.305
2022  62  25044 GPS  -2267811.691  5009357.683  3221011.336
2022  62  25045 GPS  -2267811.676  5009357.649  3221011.302
2022  62  25046 GPS  -2267811.673  5009357.648  3221011.304
2022  62  25047 GPS  -2267811.683  5009357.695  3221011.353
2022  62  25048 GPS  -2267811.686  5009357.703  3221011.360
2022  62  25049 GPS  -2267811.680  5009357.688  3221011.346
2022  62  25050 GPS  -2267811.673  5009357.685  3221011.346
2022  62  25051 GPS  -2267811.675  5009357.696  3221011.355
2022  62  25052 GPS  -2267811.682  5009357.714  3221011.374
2022  62  25053 GPS  -2267811.690  5009357.737  3221011.396
2022  62  25054 GPS  -2267811.692  5009357.748  3221011.399
2022  62  25055 GPS  -2267811.691  5009357.754  3221011.409
2022  62  25056 GPS  -2267811.678  5009357.732  3221011.382
2022  62  25057 GPS  -2267811.673  5009357.725  3221011.369
2022  62  25058 GPS  -2267811.690  5009357.774  3221011.412
2022  62  25059 GPS  -2267811.698  5009357.815  3221011.452
2022  62  25060 GPS  -2267811.690  5009357.807  3221011.436
2022  62  25061 GPS  -2267811.352  5009356.737  3221010.331
2022  62  25062 GPS  -2267811.355  5009356.737  3221010.329
2022  62  25063 GPS  -2267811.358  5009356.738  3221010.327
2022  62  25064 GPS  -2267811.363  5009356.744  3221010.333
2022  62  25065 GPS  -2267811.365  5009356.751  3221010.337
2022  62  25066 GPS  -2267811.365  5009356.751  3221010.337
2022  62  25067 GPS  -2267811.363  5009356.757  3221010.339
2022  62  25068 GPS  -2267811.367  5009356.752  3221010.338
2022  62  25069 GPS  -2267811.365  5009356.751  3221010.340
2022  62  25070 GPS  -2267811.686  5009357.761  3221011.389
2022  62  25071 GPS  -2267811.695  5009357.785  3221011.412
2022  62  25072 GPS  -2267811.714  5009357.817  3221011.441
2022  62  25073 GPS  -2267811.716  5009357.792  3221011.414
2022  62  25074 GPS  -2267811.706  5009357.747  3221011.377
2022  62  25075 GPS  -2267811.703  5009357.725  3221011.362
2022  62  25076 GPS  -2267811.730  5009357.800  3221011.433
2022  62  25077 GPS  -2267811.732  5009357.789  3221011.420
2022  62  25078 GPS  -2267811.738  5009357.778  3221011.414
2022  62  25079 GPS  -2267811.749  5009357.797  3221011.431
2022  62  25080 GPS  -2267811.764  5009357.825  3221011.453
2022  62  25081 GPS  -2267811.433  5009356.760  3221010.344
2022  62  25082 GPS  -2267811.435  5009356.757  3221010.335
2022  62  25083 GPS  -2267811.435  5009356.757  3221010.332
2022  62  25084 GPS  -2267811.437  5009356.754  3221010.329
2022  62  25085 GPS  -2267811.440  5009356.758  3221010.330
2022  62  25086 GPS  -2267811.445  5009356.757  3221010.330
2022  62  25087 GPS  -2267811.445  5009356.753  3221010.327
2022  62  25088 GPS  -2267811.445  5009356.757  3221010.328
2022  62  25089 GPS  -2267811.444  5009356.763  3221010.330
2022  62  25090 GPS  -2267812.082  5009358.761  3221012.393
2022  62  25091 GPS  -2267811.926  5009358.279  3221011.884
2022  62  25092 GPS  -2267811.840  5009358.005  3221011.596
2022  62  25093 GPS  -2267811.810  5009357.913  3221011.497
2022  62  25094 GPS  -2267811.805  5009357.916  3221011.500
2022  62  25095 GPS  -2267811.801  5009357.913  3221011.496
2022  62  25096 GPS  -2267811.797  5009357.908  3221011.499
2022  62  25097 GPS  -2267811.799  5009357.908  3221011.503
2022  62  25098 GPS  -2267811.792  5009357.919  3221011.511
2022  62  25099 GPS  -2267811.789  5009357.923  3221011.506
2022  62  25100 GPS  -2267811.787  5009357.915  3221011.495
2022  62  25101 GPS  -2267811.793  5009357.944  3221011.523
2022  62  25102 GPS  -2267811.763  5009357.870  3221011.447
2022  62  25103 GPS  -2267811.746  5009357.870  3221011.444
2022  62  25104 GPS  -2267811.736  5009357.890  3221011.452
2022  62  25105 GPS  -2267811.728  5009357.906  3221011.462
2022  62  25106 GPS  -2267811.727  5009357.927  3221011.476
2022  62  25107 GPS  -2267811.726  5009357.926  3221011.471
2022  62  25108 GPS  -2267811.733  5009357.945  3221011.481
2022  62  25109 GPS  -2267811.733  5009357.949  3221011.480
2022  62  25110 GPS  -2267811.721  5009357.921  3221011.455
2022  62  25111 GPS  -2267811.718  5009357.914  3221011.451
2022  62  25112 GPS  -2267811.722  5009357.922  3221011.462
2022  62  25113 GPS  -2267811.719  5009357.897  3221011.428
2022  62  25114 GPS  -2267811.726  5009357.905  3221011.433
2022  62  25115 GPS  -2267811.722  5009357.905  3221011.433
2022  62  25116 GPS  -2267811.724  5009357.910  3221011.435
2022  62  25117 GPS  -2267811.727  5009357.916  3221011.438
2022  62  25118 GPS  -2267811.721  5009357.908  3221011.434
2022  62  25119 GPS  -2267811.719  5009357.904  3221011.436
2022  62  25120 GPS  -2267811.717  5009357.896  3221011.430
2022  62  25121 GPS  -2267811.715  5009357.890  3221011.429
2022  62  25122 GPS  -2267811.719  5009357.885  3221011.429
2022  62  25123 GPS  -2267811.723  5009357.880  3221011.434
2022  62  25124 GPS  -2267811.726  5009357.874  3221011.437
2022  62  25125 GPS  -2267811.730  5009357.864  3221011.440
2022  62  25126 GPS  -2267811.730  5009357.855  3221011.435
2022  62  25127 GPS  -2267811.729  5009357.856  3221011.434
2022  62  25128 GPS  -2267811.730  5009357.851  3221011.429
2022  62  25129 GPS  -2267811.737  5009357.857  3221011.427
2022  62  25130 GPS  -2267811.741  5009357.853  3221011.423
2022  62  25131 GPS  -2267811.437  5009356.859  3221010.375
2022  62  25132 GPS  -2267811.443  5009356.863  3221010.371
2022  62  25133 GPS  -2267811.446  5009356.865  3221010.368
2022  62  25134 GPS  -2267811.451  5009356.876  3221010.373
2022  62  25135 GPS  -2267811.452  5009356.881  3221010.374
2022  62  25136 GPS  -2267811.450  5009356.879  3221010.370
2022  62  25137 GPS  -2267811.452  5009356.875  3221010.366
2022  62  25138 GPS  -2267811.454  5009356.866  3221010.361
2022  62  25139 GPS  -2267811.449  5009356.854  3221010.351
2022  62  25140 GPS  -2267811.442  5009356.841  3221010.337
2022  62  25141 GPS  -2267811.444  5009356.832  3221010.326
2022  62  25142 GPS  -2267811.716  5009357.680  3221011.226
2022  62  25143 GPS  -2267811.722  5009357.680  3221011.233
2022  62  25144 GPS  -2267811.724  5009357.681  3221011.231
2022  62  25145 GPS  -2267811.726  5009357.661  3221011.209
2022  62  25146 GPS  -2267811.733  5009357.676  3221011.227
2022  62  25147 GPS  -2267811.743  5009357.705  3221011.259
2022  62  25148 GPS  -2267811.716  5009357.615  3221011.158
2022  62  25149 GPS  -2267811.736  5009357.675  3221011.222
2022  62  25150 GPS  -2267811.754  5009357.724  3221011.275
2022  62  25151 GPS  -2267811.459  5009356.789  3221010.291
2022  62  25152 GPS  -2267811.458  5009356.788  3221010.288
2022  62  25153 GPS  -2267811.452  5009356.787  3221010.285
2022  62  25154 GPS  -2267811.444  5009356.788  3221010.285
2022  62  25155 GPS  -2267811.431  5009356.785  3221010.279
2022  62  25156 GPS  -2267811.417  5009356.775  3221010.272
2022  62  25157 GPS  -2267811.413  5009356.780  3221010.277
2022  62  25158 GPS  -2267811.413  5009356.783  3221010.282
2022  62  25159 GPS  -2267811.416  5009356.787  3221010.288
2022  62  25160 GPS  -2267811.864  5009358.222  3221011.817
2022  62  25161 GPS  -2267811.774  5009357.936  3221011.517
2022  62  25162 GPS  -2267811.772  5009357.940  3221011.524
2022  62  25163 GPS  -2267811.784  5009357.982  3221011.571
2022  62  25164 GPS  -2267811.763  5009357.913  3221011.497
2022  62  25165 GPS  -2267811.757  5009357.898  3221011.478
2022  62  25166 GPS  -2267811.761  5009357.902  3221011.485
2022  62  25167 GPS  -2267811.765  5009357.904  3221011.486
2022  62  25168 GPS  -2267811.752  5009357.870  3221011.455
2022  62  25169 GPS  -2267811.743  5009357.849  3221011.430
2022  62  25170 GPS  -2267811.739  5009357.845  3221011.424
2022  62  25171 GPS  -2267811.740  5009357.856  3221011.433
2022  62  25172 GPS  -2267811.746  5009357.878  3221011.452
2022  62  25173 GPS  -2267811.742  5009357.866  3221011.441
2022  62  25174 GPS  -2267811.730  5009357.831  3221011.405
2022  62  25175 GPS  -2267811.727  5009357.824  3221011.391
2022  62  25176 GPS  -2267811.732  5009357.838  3221011.402
2022  62  25177 GPS  -2267811.744  5009357.888  3221011.447
2022  62  25178 GPS  -2267811.755  5009357.913  3221011.471
2022  62  25179 GPS  -2267811.749  5009357.902  3221011.453
2022  62  25180 GPS  -2267811.740  5009357.879  3221011.418
2022  62  25181 GPS  -2267811.740  5009357.876  3221011.402
2022  62  25182 GPS  -2267811.750  5009357.913  3221011.431
2022  62  25183 GPS  -2267811.754  5009357.919  3221011.429
2022  62  25184 GPS  -2267811.759  5009357.923  3221011.425
2022  62  25185 GPS  -2267811.762  5009357.928  3221011.413
2022  62  25186 GPS  -2267812.080  5009376.203  3221018.768
2022  62  25187 GPS  -2267812.084  5009376.191  3221018.760
2022  62  25188 GPS  -2267812.090  5009376.186  3221018.767
2022  62  25189 GPS  -2267812.100  5009376.171  3221018.765
2022  62  25190 GPS  -2267812.106  5009376.163  3221018.761
2022  62  25191 GPS  -2267812.311  5009376.797  3221019.436
2022  62  25192 GPS  -2267812.322  5009376.795  3221019.433
2022  62  25193 GPS  -2267812.335  5009376.783  3221019.432
2022  62  25194 GPS  -2267812.345  5009376.775  3221019.429
2022  62  25195 GPS  -2267812.356  5009376.764  3221019.423
2022  62  25196 GPS  -2267812.362  5009376.747  3221019.417
2022  62  25197 GPS  -2267812.371  5009376.732  3221019.415
2022  62  25198 GPS  -2267812.377  5009376.718  3221019.401
2022  62  25199 GPS  -2267812.381  5009376.696  3221019.387
2022  62  25200 GPS  -2267811.562  5009357.018  3221010.393
2022  62  25201 GPS  -2267811.568  5009357.018  3221010.396
2022  62  25202 GPS  -2267811.625  5009356.870  3221010.324
2022  62  25203 GPS  -2267811.625  5009356.866  3221010.323
2022  62  25204 GPS  -2267811.620  5009356.853  3221010.313
2022  62  25205 GPS  -2267811.619  5009356.849  3221010.302
2022  62  25206 GPS  -2267811.619  5009356.848  3221010.292
2022  62  25207 GPS  -2267811.620  5009356.848  3221010.285
2022  62  25208 GPS  -2267811.626  5009356.853  3221010.285
2022  62  25209 GPS  -2267811.627  5009356.851  3221010.289
2022  62  25210 GPS  -2267811.627  5009356.853  3221010.294
2022  62  25211 GPS  -2267811.632  5009356.851  3221010.300
2022  62  25212 GPS  -2267811.633  5009356.850  3221010.302
2022  62  25213 GPS  -2267811.632  5009356.843  3221010.299
2022  62  25214 GPS  -2267811.627  5009356.838  3221010.295
2022  62  25215 GPS  -2267811.619  5009356.820  3221010.286
2022  62  25216 GPS  -2267811.460  5009356.872  3221010.217
2022  62  25217 GPS  -2267811.461  5009356.868  3221010.209
2022  62  25218 GPS  -2267811.459  5009356.867  3221010.208
2022  62  25219 GPS  -2267811.457  5009356.870  3221010.209
2022  62  25220 GPS  -2267811.450  5009356.876  3221010.208
2022  62  25221 GPS  -2267811.438  5009356.882  3221010.207
2022  62  25222 GPS  -2267811.760  5009357.919  3221011.316
2022  62  25223 GPS  -2267811.758  5009357.928  3221011.334
2022  62  25224 GPS  -2267811.751  5009357.925  3221011.322
2022  62  25225 GPS  -2267811.771  5009357.997  3221011.388
2022  62  25226 GPS  -2267811.780  5009358.034  3221011.425
2022  62  25227 GPS  -2267811.775  5009358.022  3221011.407
2022  62  25228 GPS  -2267811.742  5009357.927  3221011.305
2022  62  25229 GPS  -2267811.746  5009357.957  3221011.334
2022  62  25230 GPS  -2267811.754  5009357.987  3221011.357
2022  62  25231 GPS  -2267811.761  5009358.020  3221011.386
2022  62  25232 GPS  -2267811.769  5009358.041  3221011.408
2022  62  25233 GPS  -2267811.762  5009358.021  3221011.392
2022  62  25234 GPS  -2267811.728  5009357.917  3221011.278
2022  62  25235 GPS  -2267811.731  5009357.933  3221011.299
2022  62  25236 GPS  -2267811.737  5009357.951  3221011.320
2022  62  25237 GPS  -2267811.726  5009357.911  3221011.290
2022  62  25238 GPS  -2267811.724  5009357.903  3221011.284
2022  62  25239 GPS  -2267811.721  5009357.903  3221011.287
2022  62  25240 GPS  -2267811.737  5009357.946  3221011.318
2022  62  25241 GPS  -2267811.724  5009357.930  3221011.289
2022  62  25242 GPS  -2267811.723  5009357.920  3221011.273
2022  62  25243 GPS  -2267811.720  5009357.913  3221011.262
2022  62  25244 GPS  -2267811.708  5009357.891  3221011.228
2022  62  25245 GPS  -2267811.704  5009357.897  3221011.229
2022  62  25246 GPS  -2267811.688  5009357.860  3221011.195
2022  62  25247 GPS  -2267811.681  5009357.837  3221011.169
2022  62  25248 GPS  -2267811.676  5009357.828  3221011.151
2022  62  25249 GPS  -2267811.671  5009357.813  3221011.133
2022  62  25250 GPS  -2267811.666  5009357.808  3221011.120
2022  62  25251 GPS  -2267811.392  5009356.949  3221010.187
2022  62  25252 GPS  -2267811.395  5009356.944  3221010.184
2022  62  25253 GPS  -2267811.401  5009356.948  3221010.186
2022  62  25254 GPS  -2267811.407  5009356.972  3221010.190
2022  62  25255 GPS  -2267811.418  5009356.992  3221010.202
2022  62  25256 GPS  -2267811.433  5009357.009  3221010.214
2022  62  25257 GPS  -2267811.444  5009357.024  3221010.222
2022  62  25258 GPS  -2267811.462  5009357.047  3221010.238
2022  62  25259 GPS  -2267811.466  5009357.055  3221010.245
2022  62  25260 GPS  -2267811.469  5009357.058  3221010.249
2022  62  25261 GPS  -2267811.722  5009357.836  3221011.086
2022  62  25262 GPS  -2267811.720  5009357.823  3221011.074
2022  62  25263 GPS  -2267811.703  5009357.753  3221010.995
2022  62  25264 GPS  -2267811.697  5009357.711  3221010.955
2022  62  25265 GPS  -2267811.692  5009357.695  3221010.943
2022  62  25266 GPS  -2267811.697  5009357.703  3221010.946
2022  62  25267 GPS  -2267811.713  5009357.751  3221010.990
2022  62  25268 GPS  -2267811.722  5009357.775  3221011.010
2022  62  25269 GPS  -2267811.724  5009357.776  3221011.010
2022  62  25270 GPS  -2267811.745  5009357.824  3221011.059
2022  62  25271 GPS  -2267811.759  5009357.865  3221011.097
2022  62  25272 GPS  -2267811.767  5009357.881  3221011.106
2022  62  25273 GPS  -2267811.781  5009357.915  3221011.134
2022  62  25274 GPS  -2267811.793  5009357.959  3221011.177
2022  62  25275 GPS  -2267811.812  5009358.013  3221011.230
2022  62  25276 GPS  -2267811.826  5009358.050  3221011.269
2022  62  25277 GPS  -2267811.837  5009358.080  3221011.296
2022  62  25278 GPS  -2267811.838  5009358.097  3221011.314
2022  62  25279 GPS  -2267811.839  5009358.101  3221011.321
2022  62  25280 GPS  -2267811.847  5009358.122  3221011.353
2022  62  25281 GPS  -2267811.853  5009358.134  3221011.369
2022  62  25282 GPS  -2267811.858  5009358.137  3221011.379
2022  62  25283 GPS  -2267811.858  5009358.139  3221011.384
2022  62  25284 GPS  -2267811.862  5009358.150  3221011.394
2022  62  25285 GPS  -2267811.863  5009358.171  3221011.411
2022  62  25286 GPS  -2267811.872  5009358.199  3221011.431
2022  62  25287 GPS  -2267811.875  5009358.217  3221011.444
2022  62  25288 GPS  -2267811.875  5009358.228  3221011.451
2022  62  25289 GPS  -2267811.878  5009358.245  3221011.458
2022  62  25290 GPS  -2267811.881  5009358.256  3221011.461
2022  62  25291 GPS  -2267811.595  5009357.341  3221010.468
2022  62  25292 GPS  -2267811.592  5009357.338  3221010.462
2022  62  25293 GPS  -2267811.591  5009357.339  3221010.461
2022  62  25294 GPS  -2267811.580  5009357.328  3221010.450
2022  62  25295 GPS  -2267811.575  5009357.312  3221010.438
2022  62  25296 GPS  -2267811.570  5009357.308  3221010.436
2022  62  25297 GPS  -2267811.568  5009357.307  3221010.436
2022  62  25298 GPS  -2267811.569  5009357.313  3221010.436
2022  62  25299 GPS  -2267811.562  5009357.312  3221010.429
2022  62  25300 GPS  -2267811.811  5009358.102  3221011.275
2022  62  25301 GPS  -2267811.818  5009358.134  3221011.304
2022  62  25302 GPS  -2267811.833  5009358.192  3221011.364
2022  62  25303 GPS  -2267811.830  5009358.192  3221011.354
2022  62  25304 GPS  -2267811.822  5009358.176  3221011.340
2022  62  25305 GPS  -2267811.809  5009358.142  3221011.310
2022  62  25306 GPS  -2267811.798  5009358.094  3221011.269
2022  62  25307 GPS  -2267811.796  5009358.101  3221011.273
2022  62  25308 GPS  -2267811.808  5009358.136  3221011.316
2022  62  25309 GPS  -2267811.795  5009358.108  3221011.287
2022  62  25310 GPS  -2267811.788  5009358.091  3221011.262
2022  62  25311 GPS  -2267811.795  5009358.099  3221011.263
2022  62  25312 GPS  -2267811.794  5009358.070  3221011.237
2022  62  25313 GPS  -2267811.789  5009358.019  3221011.185
2022  62  25314 GPS  -2267811.782  5009357.997  3221011.162
2022  62  25315 GPS  -2267811.780  5009357.985  3221011.142
2022  62  25316 GPS  -2267811.788  5009357.997  3221011.152
2022  62  25317 GPS  -2267811.794  5009358.007  3221011.163
2022  62  25318 GPS  -2267811.815  5009358.061  3221011.219
2022  62  25319 GPS  -2267811.827  5009358.069  3221011.221
2022  62  25320 GPS  -2267811.836  5009358.081  3221011.225
2022  62  25321 GPS  -2267811.846  5009358.086  3221011.227
2022  62  25322 GPS  -2267811.856  5009358.102  3221011.238
2022  62  25323 GPS  -2267811.862  5009358.108  3221011.239
2022  62  25324 GPS  -2267811.864  5009358.104  3221011.236
2022  62  25325 GPS  -2267811.869  5009358.093  3221011.218
2022  62  25326 GPS  -2267811.880  5009358.095  3221011.211
2022  62  25327 GPS  -2267811.895  5009358.113  3221011.221
2022  62  25328 GPS  -2267811.904  5009358.126  3221011.222
2022  62  25329 GPS  -2267811.914  5009358.138  3221011.218
2022  62  25330 GPS  -2267811.929  5009358.154  3221011.222
2022  62  25331 GPS  -2267811.934  5009358.163  3221011.223
2022  62  25332 GPS  -2267811.938  5009358.165  3221011.223
2022  62  25333 GPS  -2267811.947  5009358.170  3221011.225
2022  62  25334 GPS  -2267811.953  5009358.169  3221011.226
2022  62  25335 GPS  -2267811.958  5009358.163  3221011.227
2022  62  25336 GPS  -2267811.964  5009358.164  3221011.233
2022  62  25337 GPS  -2267811.975  5009358.171  3221011.243
2022  62  25338 GPS  -2267811.985  5009358.186  3221011.257
2022  62  25339 GPS  -2267811.989  5009358.190  3221011.262
2022  62  25340 GPS  -2267811.992  5009358.192  3221011.269
2022  62  25341 GPS  -2267811.994  5009358.193  3221011.278
2022  62  25342 GPS  -2267811.993  5009358.200  3221011.286
2022  62  25343 GPS  -2267811.996  5009358.199  3221011.289
2022  62  25344 GPS  -2267811.990  5009358.193  3221011.289
2022  62  25345 GPS  -2267811.982  5009358.194  3221011.289
2022  62  25346 GPS  -2267811.976  5009358.195  3221011.292
2022  62  25347 GPS  -2267811.966  5009358.196  3221011.291
2022  62  25348 GPS  -2267811.956  5009358.191  3221011.288
2022  62  25349 GPS  -2267811.950  5009358.201  3221011.296
2022  62  25350 GPS  -2267811.952  5009358.212  3221011.302
2022  62  25351 GPS  -2267811.694  5009357.431  3221010.441
2022  62  25352 GPS  -2267811.696  5009357.434  3221010.446
2022  62  25353 GPS  -2267811.692  5009357.433  3221010.441
2022  62  25354 GPS  -2267811.689  5009357.434  3221010.439
2022  62  25355 GPS  -2267811.693  5009357.436  3221010.435
2022  62  25356 GPS  -2267811.692  5009357.434  3221010.431
2022  62  25357 GPS  -2267811.703  5009357.442  3221010.436
2022  62  25358 GPS  -2267811.706  5009357.442  3221010.441
2022  62  25359 GPS  -2267811.706  5009357.442  3221010.437
2022  62  25360 GPS  -2267811.974  5009358.257  3221011.336
2022  62  25361 GPS  -2267811.988  5009358.298  3221011.377
2022  62  25362 GPS  -2267811.992  5009358.310  3221011.383
2022  62  25363 GPS  -2267811.984  5009358.288  3221011.349
2022  62  25364 GPS  -2267811.970  5009358.249  3221011.310
2022  62  25365 GPS  -2267811.958  5009358.225  3221011.285
2022  62  25366 GPS  -2267811.939  5009358.168  3221011.217
2022  62  25367 GPS  -2267811.922  5009358.112  3221011.167
2022  62  25368 GPS  -2267811.930  5009358.129  3221011.190
2022  62  25369 GPS  -2267811.927  5009358.117  3221011.177
2022  62  25370 GPS  -2267811.909  5009358.060  3221011.125
2022  62  25371 GPS  -2267811.921  5009358.102  3221011.173
2022  62  25372 GPS  -2267811.898  5009358.037  3221011.104
2022  62  25373 GPS  -2267811.888  5009358.009  3221011.071
2022  62  25374 GPS  -2267811.873  5009357.977  3221011.037
2022  62  25375 GPS  -2267811.870  5009357.961  3221011.022
2022  62  25376 GPS  -2267811.878  5009357.971  3221011.030
2022  62  25377 GPS  -2267811.861  5009357.916  3221010.962
2022  62  25378 GPS  -2267811.873  5009357.936  3221010.987
2022  62  25379 GPS  -2267811.872  5009357.924  3221010.977
2022  62  25380 GPS  -2267811.868  5009357.910  3221010.957
2022  62  25381 GPS  -2267811.869  5009357.909  3221010.955
2022  62  25382 GPS  -2267811.878  5009357.921  3221010.968
2022  62  25383 GPS  -2267811.879  5009357.927  3221010.974
2022  62  25384 GPS  -2267811.889  5009357.930  3221010.969
2022  62  25385 GPS  -2267811.897  5009357.933  3221010.968
2022  62  25386 GPS  -2267811.900  5009357.934  3221010.964
2022  62  25387 GPS  -2267811.907  5009357.937  3221010.963
2022  62  25388 GPS  -2267811.911  5009357.946  3221010.964
2022  62  25389 GPS  -2267811.911  5009357.949  3221010.965
2022  62  25390 GPS  -2267811.908  5009357.957  3221010.971
2022  62  25391 GPS  -2267811.910  5009357.964  3221010.978
2022  62  25392 GPS  -2267811.914  5009357.968  3221010.980
2022  62  25393 GPS  -2267811.913  5009357.971  3221010.978
2022  62  25394 GPS  -2267811.912  5009357.979  3221010.988
2022  62  25395 GPS  -2267811.917  5009357.995  3221010.996
2022  62  25396 GPS  -2267811.923  5009358.006  3221011.004
2022  62  25397 GPS  -2267811.933  5009358.019  3221011.010
2022  62  25398 GPS  -2267811.934  5009358.025  3221011.008
2022  62  25399 GPS  -2267811.935  5009358.027  3221011.009
2022  62  25400 GPS  -2267811.925  5009358.022  3221011.007
2022  62  25401 GPS  -2267811.920  5009358.027  3221011.007
2022  62  25402 GPS  -2267811.920  5009358.036  3221011.007
2022  62  25403 GPS  -2267811.920  5009358.042  3221011.010
2022  62  25404 GPS  -2267811.917  5009358.046  3221011.013
2022  62  25405 GPS  -2267811.917  5009358.057  3221011.021
2022  62  25406 GPS  -2267811.916  5009358.062  3221011.026
2022  62  25407 GPS  -2267811.913  5009358.063  3221011.030
2022  62  25408 GPS  -2267811.911  5009358.064  3221011.028
2022  62  25409 GPS  -2267811.910  5009358.063  3221011.026
2022  62  25410 GPS  -2267811.910  5009358.059  3221011.024
2022  62  25411 GPS  -2267811.689  5009357.363  3221010.257
2022  62  25412 GPS  -2267811.688  5009357.354  3221010.254
2022  62  25413 GPS  -2267811.687  5009357.350  3221010.260
2022  62  25414 GPS  -2267811.686  5009357.349  3221010.258
2022  62  25415 GPS  -2267811.685  5009357.343  3221010.255
2022  62  25416 GPS  -2267811.690  5009357.340  3221010.260
2022  62  25417 GPS  -2267811.780  5009357.598  3221010.554
2022  62  25418 GPS  -2267811.912  5009358.014  3221011.021
2022  62  25419 GPS  -2267811.927  5009358.067  3221011.082
2022  62  25420 GPS  -2267811.937  5009358.104  3221011.131
2022  62  25421 GPS  -2267811.688  5009357.332  3221010.277
2022  62  25422 GPS  -2267811.696  5009357.334  3221010.282
2022  62  25423 GPS  -2267811.710  5009357.338  3221010.288
2022  62  25424 GPS  -2267811.711  5009357.344  3221010.293
2022  62  25425 GPS  -2267811.717  5009357.350  3221010.301
2022  62  25426 GPS  -2267811.719  5009357.351  3221010.304
2022  62  25427 GPS  -2267811.950  5009358.048  3221011.080
2022  62  25428 GPS  -2267811.950  5009358.041  3221011.076
2022  62  25429 GPS  -2267811.944  5009358.011  3221011.048
2022  62  25430 GPS  -2267811.952  5009358.024  3221011.072
2022  62  25431 GPS  -2267811.966  5009358.068  3221011.129
2022  62  25432 GPS  -2267811.974  5009358.090  3221011.160
2022  62  25433 GPS  -2267811.948  5009357.992  3221011.051
2022  62  25434 GPS  -2267811.962  5009358.025  3221011.087
2022  62  25435 GPS  -2267811.974  5009358.046  3221011.106
2022  62  25436 GPS  -2267811.970  5009358.035  3221011.090
2022  62  25437 GPS  -2267811.973  5009358.041  3221011.084
2022  62  25438 GPS  -2267811.981  5009358.060  3221011.099
2022  62  25439 GPS  -2267811.973  5009358.029  3221011.058
2022  62  25440 GPS  -2267811.973  5009358.035  3221011.060
2022  62  25441 GPS  -2267811.973  5009358.032  3221011.053
2022  62  25442 GPS  -2267811.977  5009358.037  3221011.060
2022  62  25443 GPS  -2267811.987  5009358.060  3221011.075
2022  62  25444 GPS  -2267811.992  5009358.072  3221011.082
2022  62  25445 GPS  -2267812.001  5009358.118  3221011.141
2022  62  25446 GPS  -2267811.992  5009358.098  3221011.127
2022  62  25447 GPS  -2267812.001  5009358.141  3221011.175
2022  62  25448 GPS  -2267812.020  5009358.197  3221011.241
2022  62  25449 GPS  -2267812.032  5009358.240  3221011.282
2022  62  25450 GPS  -2267812.039  5009358.265  3221011.305
2022  62  25451 GPS  -2267812.043  5009358.271  3221011.302
2022  62  25452 GPS  -2267812.040  5009358.271  3221011.291
2022  62  25453 GPS  -2267812.043  5009358.281  3221011.300
2022  62  25454 GPS  -2267812.044  5009358.288  3221011.310
2022  62  25455 GPS  -2267812.045  5009358.292  3221011.309
2022  62  25456 GPS  -2267812.054  5009358.301  3221011.313
2022  62  25457 GPS  -2267812.060  5009358.309  3221011.317
2022  62  25458 GPS  -2267812.069  5009358.324  3221011.326
2022  62  25459 GPS  -2267812.078  5009358.337  3221011.337
2022  62  25460 GPS  -2267812.084  5009358.345  3221011.344
2022  62  25461 GPS  -2267812.092  5009358.353  3221011.351
2022  62  25462 GPS  -2267812.096  5009358.367  3221011.355
2022  62  25463 GPS  -2267812.100  5009358.377  3221011.363
2022  62  25464 GPS  -2267812.099  5009358.386  3221011.372
2022  62  25465 GPS  -2267812.100  5009358.399  3221011.381
2022  62  25466 GPS  -2267812.100  5009358.412  3221011.387
2022  62  25467 GPS  -2267812.106  5009358.430  3221011.399
2022  62  25468 GPS  -2267812.110  5009358.444  3221011.409
2022  62  25469 GPS  -2267812.114  5009358.451  3221011.416
2022  62  25470 GPS  -2267812.121  5009358.463  3221011.426
2022  62  25471 GPS  -2267812.121  5009358.470  3221011.432
2022  62  25472 GPS  -2267812.119  5009358.474  3221011.437
2022  62  25473 GPS  -2267812.118  5009358.484  3221011.438
2022  62  25474 GPS  -2267812.115  5009358.480  3221011.442
2022  62  25475 GPS  -2267812.124  5009358.480  3221011.448
2022  62  25476 GPS  -2267812.128  5009358.485  3221011.458
2022  62  25477 GPS  -2267812.133  5009358.491  3221011.467
2022  62  25478 GPS  -2267812.134  5009358.489  3221011.469
2022  62  25479 GPS  -2267812.137  5009358.486  3221011.468
2022  62  25480 GPS  -2267812.138  5009358.478  3221011.470
2022  62  25481 GPS  -2267812.141  5009358.479  3221011.473
2022  62  25482 GPS  -2267812.142  5009358.480  3221011.474
2022  62  25483 GPS  -2267812.143  5009358.481  3221011.474
2022  62  25484 GPS  -2267812.140  5009358.478  3221011.470
2022  62  25485 GPS  -2267812.137  5009358.477  3221011.468
2022  62  25486 GPS  -2267812.127  5009358.479  3221011.461
2022  62  25487 GPS  -2267812.125  5009358.477  3221011.456
2022  62  25488 GPS  -2267812.119  5009358.479  3221011.452
2022  62  25489 GPS  -2267812.113  5009358.472  3221011.444
2022  62  25490 GPS  -2267812.108  5009358.470  3221011.441
2022  62  25491 GPS  -2267812.098  5009358.461  3221011.434
2022  62  25492 GPS  -2267812.088  5009358.453  3221011.421
2022  62  25493 GPS  -2267812.078  5009358.437  3221011.410
2022  62  25494 GPS  -2267812.065  5009358.424  3221011.401
2022  62  25495 GPS  -2267812.053  5009358.416  3221011.388
2022  62  25496 GPS  -2267812.044  5009358.413  3221011.380
2022  62  25497 GPS  -2267812.046  5009358.416  3221011.381
2022  62  25498 GPS  -2267812.036  5009358.409  3221011.375
2022  62  25499 GPS  -2267812.032  5009358.406  3221011.372
2022  62  25500 GPS  -2267812.028  5009358.407  3221011.370
2022  62  25501 GPS  -2267812.027  5009358.411  3221011.369
2022  62  25502 GPS  -2267812.024  5009358.414  3221011.364
2022  62  25503 GPS  -2267812.022  5009358.422  3221011.364
2022  62  25504 GPS  -2267812.020  5009358.421  3221011.361
2022  62  25505 GPS  -2267812.012  5009358.419  3221011.356
2022  62  25506 GPS  -2267812.008  5009358.421  3221011.348
2022  62  25507 GPS  -2267812.003  5009358.417  3221011.340
2022  62  25508 GPS  -2267812.000  5009358.422  3221011.335
2022  62  25509 GPS  -2267812.003  5009358.424  3221011.329
2022  62  25510 GPS  -2267812.006  5009358.435  3221011.331
2022  62  25511 GPS  -2267812.014  5009358.441  3221011.334
2022  62  25512 GPS  -2267812.017  5009358.440  3221011.334
2022  62  25513 GPS  -2267812.019  5009358.446  3221011.330
2022  62  25514 GPS  -2267812.023  5009358.447  3221011.323
2022  62  25515 GPS  -2267812.027  5009358.450  3221011.325
2022  62  25516 GPS  -2267812.031  5009358.458  3221011.327
2022  62  25517 GPS  -2267812.034  5009358.469  3221011.333
2022  62  25518 GPS  -2267812.044  5009358.484  3221011.343
2022  62  25519 GPS  -2267812.049  5009358.496  3221011.351
2022  62  25520 GPS  -2267812.055  5009358.510  3221011.359
2022  62  25521 GPS  -2267812.062  5009358.518  3221011.369
2022  62  25522 GPS  -2267812.069  5009358.522  3221011.377
2022  62  25523 GPS  -2267812.072  5009358.529  3221011.384
2022  62  25524 GPS  -2267812.076  5009358.531  3221011.388
2022  62  25525 GPS  -2267812.083  5009358.537  3221011.397
2022  62  25526 GPS  -2267812.083  5009358.541  3221011.400
2022  62  25527 GPS  -2267812.087  5009358.554  3221011.405
2022  62  25528 GPS  -2267812.090  5009358.564  3221011.414
2022  62  25529 GPS  -2267812.096  5009358.572  3221011.423
2022  62  25530 GPS  -2267812.101  5009358.586  3221011.432
2022  62  25531 GPS  -2267812.100  5009358.593  3221011.436
2022  62  25532 GPS  -2267812.097  5009358.593  3221011.433
2022  62  25533 GPS  -2267812.093  5009358.588  3221011.430
2022  62  25534 GPS  -2267812.098  5009358.591  3221011.433
2022  62  25535 GPS  -2267812.110  5009358.599  3221011.436
2022  62  25536 GPS  -2267812.102  5009358.594  3221011.434
2022  62  25537 GPS  -2267812.096  5009358.593  3221011.429
2022  62  25538 GPS  -2267812.096  5009358.603  3221011.430
2022  62  25539 GPS  -2267812.095  5009358.609  3221011.429
2022  62  25540 GPS  -2267812.090  5009358.617  3221011.431
2022  62  25541 GPS  -2267812.092  5009358.633  3221011.441
2022  62  25542 GPS  -2267812.091  5009358.640  3221011.444
2022  62  25543 GPS  -2267812.085  5009358.650  3221011.445
2022  62  25544 GPS  -2267812.080  5009358.654  3221011.442
2022  62  25545 GPS  -2267812.078  5009358.657  3221011.442
2022  62  25546 GPS  -2267812.078  5009358.667  3221011.443
2022  62  25547 GPS  -2267812.073  5009358.669  3221011.442
2022  62  25548 GPS  -2267812.065  5009358.669  3221011.442
2022  62  25549 GPS  -2267812.060  5009358.668  3221011.445
2022  62  25550 GPS  -2267812.061  5009358.678  3221011.451
2022  62  25551 GPS  -2267812.061  5009358.686  3221011.454
2022  62  25552 GPS  -2267812.062  5009358.692  3221011.453
2022  62  25553 GPS  -2267812.069  5009358.696  3221011.454
2022  62  25554 GPS  -2267812.072  5009358.695  3221011.450
2022  62  25555 GPS  -2267812.075  5009358.704  3221011.449
2022  62  25556 GPS  -2267812.075  5009358.704  3221011.438
2022  62  25557 GPS  -2267812.078  5009358.701  3221011.429
2022  62  25558 GPS  -2267812.081  5009358.693  3221011.422
2022  62  25559 GPS  -2267812.085  5009358.690  3221011.417
2022  62  25560 GPS  -2267812.093  5009358.691  3221011.415
2022  62  25561 GPS  -2267812.097  5009358.697  3221011.412
2022  62  25562 GPS  -2267812.105  5009358.709  3221011.417
2022  62  25563 GPS  -2267812.113  5009358.716  3221011.415
2022  62  25564 GPS  -2267812.123  5009358.722  3221011.419
2022  62  25565 GPS  -2267812.129  5009358.724  3221011.422
2022  62  25566 GPS  -2267812.132  5009358.720  3221011.417
2022  62  25567 GPS  -2267812.138  5009358.721  3221011.418
2022  62  25568 GPS  -2267812.138  5009358.717  3221011.416
2022  62  25569 GPS  -2267812.140  5009358.716  3221011.416
2022  62  25570 GPS  -2267812.140  5009358.715  3221011.415
2022  62  25571 GPS  -2267812.148  5009358.716  3221011.414
2022  62  25572 GPS  -2267812.139  5009358.709  3221011.408
2022  62  25573 GPS  -2267812.139  5009358.707  3221011.409
2022  62  25574 GPS  -2267812.139  5009358.708  3221011.412
2022  62  25575 GPS  -2267812.141  5009358.708  3221011.416
2022  62  25576 GPS  -2267812.144  5009358.705  3221011.418
2022  62  25577 GPS  -2267812.148  5009358.706  3221011.418
2022  62  25578 GPS  -2267812.150  5009358.710  3221011.422
2022  62  25579 GPS  -2267812.150  5009358.716  3221011.426
2022  62  25580 GPS  -2267812.145  5009358.717  3221011.423
2022  62  25581 GPS  -2267812.149  5009358.723  3221011.427
2022  62  25582 GPS  -2267812.154  5009358.730  3221011.430
2022  62  25583 GPS  -2267812.160  5009358.737  3221011.435
2022  62  25584 GPS  -2267812.168  5009358.748  3221011.438
2022  62  25585 GPS  -2267812.169  5009358.757  3221011.440
2022  62  25586 GPS  -2267812.165  5009358.767  3221011.440
2022  62  25587 GPS  -2267812.165  5009358.772  3221011.450
2022  62  25588 GPS  -2267812.163  5009358.780  3221011.454
2022  62  25589 GPS  -2267812.162  5009358.792  3221011.459
2022  62  25590 GPS  -2267812.161  5009358.802  3221011.465
2022  62  25591 GPS  -2267812.159  5009358.802  3221011.469
2022  62  25592 GPS  -2267812.160  5009358.810  3221011.481
2022  62  25593 GPS  -2267812.155  5009358.810  3221011.479
2022  62  25594 GPS  -2267812.156  5009358.820  3221011.482
2022  62  25595 GPS  -2267812.155  5009358.822  3221011.483
2022  62  25596 GPS  -2267812.151  5009358.824  3221011.483
2022  62  25597 GPS  -2267812.145  5009358.824  3221011.482
2022  62  25598 GPS  -2267812.137  5009358.821  3221011.485
2022  62  25599 GPS  -2267812.131  5009358.822  3221011.488
2022  62  25600 GPS  -2267812.128  5009358.818  3221011.486
2022  62  25601 GPS  -2267812.124  5009358.801  3221011.475
2022  62  25602 GPS  -2267812.124  5009358.799  3221011.475
2022  62  25603 GPS  -2267812.126  5009358.801  3221011.473
2022  62  25604 GPS  -2267812.131  5009358.805  3221011.474
2022  62  25605 GPS  -2267812.135  5009358.807  3221011.479
2022  62  25606 GPS  -2267812.138  5009358.804  3221011.477
2022  62  25607 GPS  -2267812.142  5009358.810  3221011.475
2022  62  25608 GPS  -2267812.147  5009358.818  3221011.477
2022  62  25609 GPS  -2267812.151  5009358.820  3221011.481
2022  62  25610 GPS  -2267812.159  5009358.834  3221011.489
2022  62  25611 GPS  -2267812.163  5009358.840  3221011.491
2022  62  25612 GPS  -2267812.170  5009358.846  3221011.492
2022  62  25613 GPS  -2267812.170  5009358.851  3221011.492
2022  62  25614 GPS  -2267812.183  5009358.861  3221011.498
2022  62  25615 GPS  -2267812.190  5009358.868  3221011.502
2022  62  25616 GPS  -2267812.197  5009358.876  3221011.507
2022  62  25617 GPS  -2267812.200  5009358.873  3221011.504
2022  62  25618 GPS  -2267812.200  5009358.871  3221011.508
2022  62  25619 GPS  -2267812.201  5009358.872  3221011.507
2022  62  25620 GPS  -2267812.195  5009358.869  3221011.506
2022  62  25621 GPS  -2267812.191  5009358.867  3221011.505
2022  62  25622 GPS  -2267812.189  5009358.860  3221011.504
2022  62  25623 GPS  -2267812.185  5009358.860  3221011.503
2022  62  25624 GPS  -2267812.185  5009358.862  3221011.505
2022  62  25625 GPS  -2267812.181  5009358.864  3221011.508
2022  62  25626 GPS  -2267812.175  5009358.862  3221011.502
2022  62  25627 GPS  -2267812.168  5009358.859  3221011.494
2022  62  25628 GPS  -2267812.161  5009358.852  3221011.485
2022  62  25629 GPS  -2267812.157  5009358.844  3221011.470
2022  62  25630 GPS  -2267812.158  5009358.843  3221011.468
2022  62  25631 GPS  -2267812.155  5009358.844  3221011.464
2022  62  25632 GPS  -2267812.150  5009358.838  3221011.457
2022  62  25633 GPS  -2267812.150  5009358.836  3221011.450
2022  62  25634 GPS  -2267812.150  5009358.844  3221011.447
2022  62  25635 GPS  -2267812.153  5009358.842  3221011.450
2022  62  25636 GPS  -2267812.156  5009358.840  3221011.452
2022  62  25637 GPS  -2267812.162  5009358.843  3221011.455
2022  62  25638 GPS  -2267812.165  5009358.846  3221011.455
2022  62  25639 GPS  -2267812.170  5009358.848  3221011.457
2022  62  25640 GPS  -2267812.172  5009358.848  3221011.460
2022  62  25641 GPS  -2267812.171  5009358.845  3221011.452
2022  62  25642 GPS  -2267812.173  5009358.842  3221011.452
2022  62  25643 GPS  -2267812.179  5009358.842  3221011.451
2022  62  25644 GPS  -2267812.193  5009358.851  3221011.453
2022  62  25645 GPS  -2267812.204  5009358.858  3221011.458
2022  62  25646 GPS  -2267812.207  5009358.857  3221011.458
2022  62  25647 GPS  -2267812.210  5009358.855  3221011.462
2022  62  25648 GPS  -2267812.214  5009358.853  3221011.460
2022  62  25649 GPS  -2267812.209  5009358.853  3221011.457
2022  62  25650 GPS  -2267812.213  5009358.855  3221011.454
2022  62  25651 GPS  -2267812.217  5009358.860  3221011.454
2022  62  25652 GPS  -2267812.226  5009358.872  3221011.459
2022  62  25653 GPS  -2267812.234  5009358.885  3221011.462
2022  62  25654 GPS  -2267812.243  5009358.900  3221011.466
2022  62  25655 GPS  -2267812.251  5009358.909  3221011.465
2022  62  25656 GPS  -2267812.259  5009358.910  3221011.462
2022  62  25657 GPS  -2267812.263  5009358.917  3221011.457
2022  62  25658 GPS  -2267812.267  5009358.926  3221011.459
2022  62  25659 GPS  -2267812.265  5009358.926  3221011.457
2022  62  25660 GPS  -2267812.258  5009358.934  3221011.455
2022  62  25661 GPS  -2267812.257  5009358.932  3221011.452
2022  62  25662 GPS  -2267812.257  5009358.941  3221011.452
2022  62  25663 GPS  -2267812.256  5009358.946  3221011.450
2022  62  25664 GPS  -2267812.250  5009358.943  3221011.447
2022  62  25665 GPS  -2267812.245  5009358.940  3221011.437
2022  62  25666 GPS  -2267812.243  5009358.942  3221011.439
2022  62  25667 GPS  -2267812.246  5009358.940  3221011.434
2022  62  25668 GPS  -2267812.239  5009358.925  3221011.427
2022  62  25669 GPS  -2267812.239  5009358.916  3221011.429
2022  62  25670 GPS  -2267812.235  5009358.906  3221011.426
2022  62  25671 GPS  -2267812.234  5009358.902  3221011.425
2022  62  25672 GPS  -2267812.228  5009358.896  3221011.429
2022  62  25673 GPS  -2267812.230  5009358.898  3221011.436
2022  62  25674 GPS  -2267812.230  5009358.886  3221011.431
2022  62  25675 GPS  -2267812.225  5009358.880  3221011.429
2022  62  25676 GPS  -2267812.221  5009358.873  3221011.431
2022  62  25677 GPS  -2267812.216  5009358.869  3221011.428
2022  62  25678 GPS  -2267812.216  5009358.866  3221011.432
2022  62  25679 GPS  -2267812.217  5009358.870  3221011.437
2022  62  25680 GPS  -2267812.219  5009358.870  3221011.437
2022  62  25681 GPS  -2267812.225  5009358.870  3221011.442
2022  62  25682 GPS  -2267812.234  5009358.869  3221011.450
2022  62  25683 GPS  -2267812.241  5009358.868  3221011.447
2022  62  25684 GPS  -2267812.245  5009358.863  3221011.444
2022  62  25685 GPS  -2267812.254  5009358.868  3221011.444
2022  62  25686 GPS  -2267812.256  5009358.866  3221011.443
2022  62  25687 GPS  -2267812.255  5009358.858  3221011.434
2022  62  25688 GPS  -2267812.259  5009358.851  3221011.424
2022  62  25689 GPS  -2267812.264  5009358.848  3221011.421
2022  62  25690 GPS  -2267812.266  5009358.844  3221011.421
2022  62  25691 GPS  -2267812.275  5009358.844  3221011.426
2022  62  25692 GPS  -2267812.287  5009358.853  3221011.432
2022  62  25693 GPS  -2267812.295  5009358.860  3221011.432
2022  62  25694 GPS  -2267812.304  5009358.865  3221011.430
2022  62  25695 GPS  -2267812.312  5009358.872  3221011.431
2022  62  25696 GPS  -2267812.323  5009358.875  3221011.429
2022  62  25697 GPS  -2267812.331  5009358.881  3221011.424
2022  62  25698 GPS  -2267812.338  5009358.888  3221011.423
2022  62  25699 GPS  -2267812.345  5009358.885  3221011.420
2022  62  25700 GPS  -2267812.355  5009358.889  3221011.425
2022  62  25701 GPS  -2267812.362  5009358.890  3221011.425
2022  62  25702 GPS  -2267812.363  5009358.889  3221011.428
2022  62  25703 GPS  -2267812.365  5009358.891  3221011.428
2022  62  25704 GPS  -2267812.365  5009358.888  3221011.429
2022  62  25705 GPS  -2267812.362  5009358.885  3221011.428
2022  62  25706 GPS  -2267812.362  5009358.885  3221011.424
2022  62  25707 GPS  -2267812.360  5009358.886  3221011.421
2022  62  25708 GPS  -2267812.358  5009358.883  3221011.422
2022  62  25709 GPS  -2267812.356  5009358.879  3221011.422
2022  62  25710 GPS  -2267812.355  5009358.874  3221011.425
2022  62  25711 GPS  -2267812.353  5009358.872  3221011.428
2022  62  25712 GPS  -2267812.350  5009358.865  3221011.425
2022  62  25713 GPS  -2267812.346  5009358.858  3221011.422
2022  62  25714 GPS  -2267812.343  5009358.854  3221011.425
2022  62  25715 GPS  -2267812.340  5009358.847  3221011.422
2022  62  25716 GPS  -2267812.335  5009358.844  3221011.421
2022  62  25717 GPS  -2267812.326  5009358.839  3221011.420
2022  62  25718 GPS  -2267812.320  5009358.834  3221011.420
2022  62  25719 GPS  -2267812.313  5009358.838  3221011.422
2022  62  25720 GPS  -2267812.312  5009358.842  3221011.429
2022  62  25721 GPS  -2267812.315  5009358.842  3221011.427
2022  62  25722 GPS  -2267812.313  5009358.839  3221011.427
2022  62  25723 GPS  -2267812.313  5009358.835  3221011.423
2022  62  25724 GPS  -2267812.314  5009358.835  3221011.421
2022  62  25725 GPS  -2267812.316  5009358.842  3221011.422
2022  62  25726 GPS  -2267812.314  5009358.845  3221011.416
2022  62  25727 GPS  -2267812.314  5009358.851  3221011.415
2022  62  25728 GPS  -2267812.317  5009358.855  3221011.416
2022  62  25729 GPS  -2267812.317  5009358.859  3221011.420
2022  62  25730 GPS  -2267812.319  5009358.868  3221011.421
2022  62  25731 GPS  -2267812.324  5009358.874  3221011.427
2022  62  25732 GPS  -2267812.331  5009358.881  3221011.428
2022  62  25733 GPS  -2267812.334  5009358.882  3221011.428
2022  62  25734 GPS  -2267812.333  5009358.882  3221011.427
2022  62  25735 GPS  -2267812.335  5009358.889  3221011.429
2022  62  25736 GPS  -2267812.336  5009358.899  3221011.429
2022  62  25737 GPS  -2267812.347  5009358.916  3221011.439
2022  62  25738 GPS  -2267812.348  5009358.927  3221011.436
2022  62  25739 GPS  -2267812.353  5009358.939  3221011.437
2022  62  25740 GPS  -2267812.354  5009358.944  3221011.437
2022  62  25741 GPS  -2267812.357  5009358.939  3221011.436
2022  62  25742 GPS  -2267812.358  5009358.939  3221011.435
2022  62  25743 GPS  -2267812.361  5009358.940  3221011.432
2022  62  25744 GPS  -2267812.366  5009358.947  3221011.428
2022  62  25745 GPS  -2267812.371  5009358.947  3221011.425
2022  62  25746 GPS  -2267812.375  5009358.943  3221011.421
2022  62  25747 GPS  -2267812.378  5009358.946  3221011.417
2022  62  25748 GPS  -2267812.384  5009358.949  3221011.419
2022  62  25749 GPS  -2267812.391  5009358.952  3221011.415
2022  62  25750 GPS  -2267812.398  5009358.954  3221011.409
2022  62  25751 GPS  -2267812.134  5009358.191  3221010.500
2022  62  25752 GPS  -2267812.143  5009358.189  3221010.500
2022  62  25753 GPS  -2267812.147  5009358.185  3221010.495
2022  62  25754 GPS  -2267812.152  5009358.187  3221010.495
2022  62  25755 GPS  -2267812.156  5009358.183  3221010.495
2022  62  25756 GPS  -2267812.164  5009358.183  3221010.499
2022  62  25757 GPS  -2267812.168  5009358.191  3221010.500
2022  62  25758 GPS  -2267812.165  5009358.183  3221010.497
2022  62  25759 GPS  -2267812.293  5009358.552  3221010.931
2022  62  25760 GPS  -2267812.317  5009358.616  3221011.009
2022  62  25761 GPS  -2267812.162  5009358.167  3221010.476
2022  62  25762 GPS  -2267812.158  5009358.165  3221010.474
2022  62  25763 GPS  -2267812.154  5009358.165  3221010.469
2022  62  25764 GPS  -2267812.157  5009358.165  3221010.463
2022  62  25765 GPS  -2267812.158  5009358.165  3221010.458
2022  62  25766 GPS  -2267812.155  5009358.165  3221010.461
2022  62  25767 GPS  -2267812.155  5009358.165  3221010.457
2022  62  25768 GPS  -2267812.445  5009358.996  3221011.442
2022  62  25769 GPS  -2267812.398  5009358.850  3221011.276
2022  62  25770 GPS  -2267812.397  5009358.826  3221011.253
2022  62  25771 GPS  -2267812.436  5009358.931  3221011.382
2022  62  25772 GPS  -2267812.495  5009359.097  3221011.593
2022  62  25773 GPS  -2267812.468  5009359.007  3221011.498
2022  62  25774 GPS  -2267812.442  5009358.940  3221011.422
2022  62  25775 GPS  -2267812.456  5009358.970  3221011.468
2022  62  25776 GPS  -2267812.464  5009358.993  3221011.503
2022  62  25777 GPS  -2267812.472  5009359.002  3221011.522
2022  62  25778 GPS  -2267812.464  5009358.965  3221011.484
2022  62  25779 GPS  -2267812.455  5009358.934  3221011.453
2022  62  25780 GPS  -2267812.472  5009358.959  3221011.488
2022  62  25781 GPS  -2267812.183  5009358.101  3221010.469
2022  62  25782 GPS  -2267812.184  5009358.096  3221010.470
2022  62  25783 GPS  -2267812.185  5009358.086  3221010.467
2022  62  25784 GPS  -2267812.189  5009358.081  3221010.468
2022  62  25785 GPS  -2267812.193  5009358.082  3221010.469
2022  62  25786 GPS  -2267812.197  5009358.079  3221010.472
2022  62  25787 GPS  -2267812.203  5009358.075  3221010.471
2022  62  25788 GPS  -2267812.208  5009358.079  3221010.480
2022  62  25789 GPS  -2267812.211  5009358.078  3221010.485
2022  62  25790 GPS  -2267812.459  5009358.795  3221011.336
2022  62  25791 GPS  -2267812.444  5009358.754  3221011.278
2022  62  25792 GPS  -2267812.497  5009358.888  3221011.438
2022  62  25793 GPS  -2267812.547  5009359.033  3221011.603
2022  62  25794 GPS  -2267812.553  5009359.060  3221011.629
2022  62  25795 GPS  -2267812.558  5009359.063  3221011.622
2022  62  25796 GPS  -2267812.553  5009359.053  3221011.600
2022  62  25797 GPS  -2267812.539  5009359.021  3221011.547
2022  62  25798 GPS  -2267812.542  5009359.031  3221011.564
2022  62  25799 GPS  -2267812.525  5009358.983  3221011.508
2022  62  25800 GPS  -2267812.535  5009359.008  3221011.524
2022  62  25801 GPS  -2267812.260  5009358.229  3221010.584
2022  62  25802 GPS  -2267812.261  5009358.247  3221010.596
2022  62  25803 GPS  -2267812.257  5009358.264  3221010.598
2022  62  25804 GPS  -2267812.254  5009358.279  3221010.603
2022  62  25805 GPS  -2267812.247  5009358.288  3221010.596
2022  62  25806 GPS  -2267812.235  5009358.282  3221010.592
2022  62  25807 GPS  -2267812.228  5009358.290  3221010.592
2022  62  25808 GPS  -2267812.460  5009358.977  3221011.405
2022  62  25809 GPS  -2267812.420  5009358.883  3221011.291
2022  62  25810 GPS  -2267812.412  5009358.887  3221011.290
2022  62  25811 GPS  -2267812.435  5009358.971  3221011.380
2022  62  25812 GPS  -2267812.457  5009359.054  3221011.475
2022  62  25813 GPS  -2267812.439  5009359.011  3221011.430
2022  62  25814 GPS  -2267812.420  5009358.961  3221011.374
2022  62  25815 GPS  -2267812.433  5009358.982  3221011.403
2022  62  25816 GPS  -2267812.448  5009359.022  3221011.459
2022  62  25817 GPS  -2267812.419  5009358.938  3221011.358
2022  62  25818 GPS  -2267812.442  5009359.002  3221011.433
2022  62  25819 GPS  -2267812.452  5009359.030  3221011.470
2022  62  25820 GPS  -2267812.447  5009359.022  3221011.462
2022  62  25821 GPS  -2267812.433  5009358.992  3221011.438
2022  62  25822 GPS  -2267812.427  5009358.986  3221011.438
2022  62  25823 GPS  -2267812.393  5009358.901  3221011.349
2022  62  25824 GPS  -2267812.393  5009358.919  3221011.376
2022  62  25825 GPS  -2267812.400  5009358.944  3221011.414
2022  62  25826 GPS  -2267812.413  5009358.971  3221011.452
2022  62  25827 GPS  -2267812.413  5009358.954  3221011.443
2022  62  25828 GPS  -2267812.407  5009358.924  3221011.412
2022  62  25829 GPS  -2267812.412  5009358.935  3221011.431
2022  62  25830 GPS  -2267812.405  5009358.917  3221011.410
2022  62  25831 GPS  -2267812.404  5009358.919  3221011.412
2022  62  25832 GPS  -2267812.410  5009358.938  3221011.439
2022  62  25833 GPS  -2267812.414  5009358.954  3221011.455
2022  62  25834 GPS  -2267812.419  5009358.963  3221011.472
2022  62  25835 GPS  -2267812.423  5009358.979  3221011.502
2022  62  25836 GPS  -2267812.429  5009358.997  3221011.524
2022  62  25837 GPS  -2267812.428  5009359.002  3221011.528
2022  62  25838 GPS  -2267812.435  5009359.005  3221011.538
2022  62  25839 GPS  -2267812.440  5009359.011  3221011.546
2022  62  25840 GPS  -2267812.440  5009359.013  3221011.548
2022  62  25841 GPS  -2267812.439  5009359.015  3221011.552
2022  62  25842 GPS  -2267812.440  5009359.017  3221011.557
2022  62  25843 GPS  -2267812.439  5009359.020  3221011.559
2022  62  25844 GPS  -2267812.440  5009359.026  3221011.566
2022  62  25845 GPS  -2267812.440  5009359.027  3221011.569
2022  62  25846 GPS  -2267812.443  5009359.031  3221011.574
2022  62  25847 GPS  -2267812.447  5009359.036  3221011.585
2022  62  25848 GPS  -2267812.446  5009359.035  3221011.591
2022  62  25849 GPS  -2267812.447  5009359.036  3221011.595
2022  62  25850 GPS  -2267812.445  5009359.041  3221011.597
2022  62  25851 GPS  -2267812.442  5009359.034  3221011.601
2022  62  25852 GPS  -2267812.442  5009359.035  3221011.601
2022  62  25853 GPS  -2267812.446  5009359.034  3221011.604
2022  62  25854 GPS  -2267812.447  5009359.030  3221011.605
2022  62  25855 GPS  -2267812.448  5009359.027  3221011.606
2022  62  25856 GPS  -2267812.449  5009359.020  3221011.606
2022  62  25857 GPS  -2267812.454  5009359.017  3221011.604
2022  62  25858 GPS  -2267812.456  5009359.015  3221011.606
2022  62  25859 GPS  -2267812.460  5009359.018  3221011.610
2022  62  25860 GPS  -2267812.466  5009359.020  3221011.614
2022  62  25861 GPS  -2267812.472  5009359.016  3221011.613
2022  62  25862 GPS  -2267812.474  5009359.026  3221011.613
2022  62  25863 GPS  -2267812.477  5009359.036  3221011.616
2022  62  25864 GPS  -2267812.477  5009359.039  3221011.618
2022  62  25865 GPS  -2267812.479  5009359.045  3221011.619
2022  62  25866 GPS  -2267812.486  5009359.052  3221011.620
2022  62  25867 GPS  -2267812.486  5009359.052  3221011.616
2022  62  25868 GPS  -2267812.489  5009359.060  3221011.612
2022  62  25869 GPS  -2267812.493  5009359.066  3221011.606
2022  62  25870 GPS  -2267812.492  5009359.070  3221011.607
2022  62  25871 GPS  -2267812.492  5009359.066  3221011.601
2022  62  25872 GPS  -2267812.494  5009359.068  3221011.599
2022  62  25873 GPS  -2267812.497  5009359.062  3221011.594
2022  62  25874 GPS  -2267812.498  5009359.054  3221011.585
2022  62  25875 GPS  -2267812.497  5009359.048  3221011.580
2022  62  25876 GPS  -2267812.499  5009359.050  3221011.569
2022  62  25877 GPS  -2267812.502  5009359.040  3221011.556
2022  62  25878 GPS  -2267812.505  5009359.037  3221011.547
2022  62  25879 GPS  -2267812.513  5009359.036  3221011.539
2022  62  25880 GPS  -2267812.516  5009359.034  3221011.530
2022  62  25881 GPS  -2267812.516  5009359.034  3221011.517
2022  62  25882 GPS  -2267812.519  5009359.037  3221011.510
2022  62  25883 GPS  -2267812.512  5009359.033  3221011.505
2022  62  25884 GPS  -2267812.508  5009359.025  3221011.503
2022  62  25885 GPS  -2267812.502  5009359.016  3221011.500
2022  62  25886 GPS  -2267812.494  5009359.011  3221011.498
2022  62  25887 GPS  -2267812.485  5009359.009  3221011.496
2022  62  25888 GPS  -2267812.480  5009359.009  3221011.499
2022  62  25889 GPS  -2267812.471  5009359.000  3221011.494
2022  62  25890 GPS  -2267812.467  5009359.002  3221011.492
2022  62  25891 GPS  -2267812.469  5009359.006  3221011.491
2022  62  25892 GPS  -2267812.468  5009359.006  3221011.484
2022  62  25893 GPS  -2267812.464  5009359.002  3221011.481
2022  62  25894 GPS  -2267812.461  5009359.002  3221011.480
2022  62  25895 GPS  -2267812.454  5009358.994  3221011.478
2022  62  25896 GPS  -2267812.449  5009358.994  3221011.481
2022  62  25897 GPS  -2267812.450  5009358.995  3221011.487
2022  62  25898 GPS  -2267812.446  5009358.984  3221011.491
2022  62  25899 GPS  -2267812.446  5009358.979  3221011.500
2022  62  25900 GPS  -2267812.445  5009358.981  3221011.508
2022  62  25901 GPS  -2267812.200  5009358.270  3221010.650
2022  62  25902 GPS  -2267812.202  5009358.273  3221010.651
2022  62  25903 GPS  -2267812.206  5009358.272  3221010.656
2022  62  25904 GPS  -2267812.208  5009358.270  3221010.662
2022  62  25905 GPS  -2267812.210  5009358.266  3221010.663
2022  62  25906 GPS  -2267812.215  5009358.264  3221010.664
2022  62  25907 GPS  -2267812.223  5009358.271  3221010.665
2022  62  25908 GPS  -2267812.230  5009358.274  3221010.667
2022  62  25909 GPS  -2267812.537  5009359.131  3221011.714
2022  62  25910 GPS  -2267812.508  5009359.044  3221011.603
2022  62  25911 GPS  -2267812.493  5009358.981  3221011.528
2022  62  25912 GPS  -2267812.484  5009358.941  3221011.484
2022  62  25913 GPS  -2267812.488  5009358.942  3221011.492
2022  62  25914 GPS  -2267812.484  5009358.921  3221011.465
2022  62  25915 GPS  -2267812.469  5009358.869  3221011.392
2022  62  25916 GPS  -2267812.462  5009358.847  3221011.357
2022  62  25917 GPS  -2267812.455  5009358.834  3221011.328
2022  62  25918 GPS  -2267812.465  5009358.847  3221011.335
2022  62  25919 GPS  -2267812.464  5009358.831  3221011.313
2022  62  25920 GPS  -2267812.457  5009358.801  3221011.280
2022  62  25921 GPS  -2267812.467  5009358.808  3221011.298
2022  62  25922 GPS  -2267812.493  5009358.849  3221011.351
2022  62  25923 GPS  -2267812.478  5009358.787  3221011.279
2022  62  25924 GPS  -2267812.477  5009358.777  3221011.272
2022  62  25925 GPS  -2267812.475  5009358.769  3221011.268
2022  62  25926 GPS  -2267812.488  5009358.788  3221011.298
2022  62  25927 GPS  -2267812.488  5009358.770  3221011.282
2022  62  25928 GPS  -2267812.476  5009358.727  3221011.242
2022  62  25929 GPS  -2267812.473  5009358.712  3221011.228
2022  62  25930 GPS  -2267812.471  5009358.705  3221011.212
2022  62  25931 GPS  -2267812.470  5009358.702  3221011.200
2022  62  25932 GPS  -2267812.474  5009358.703  3221011.192
2022  62  25933 GPS  -2267812.479  5009358.709  3221011.186
2022  62  25934 GPS  -2267812.477  5009358.707  3221011.173
2022  62  25935 GPS  -2267812.490  5009358.728  3221011.192
2022  62  25936 GPS  -2267812.489  5009358.725  3221011.181
2022  62  25937 GPS  -2267812.483  5009358.715  3221011.167
2022  62  25938 GPS  -2267812.479  5009358.710  3221011.165
2022  62  25939 GPS  -2267812.479  5009358.716  3221011.165
2022  62  25940 GPS  -2267812.487  5009358.723  3221011.169
2022  62  25941 GPS  -2267812.487  5009358.718  3221011.167
2022  62  25942 GPS  -2267812.493  5009358.717  3221011.170
2022  62  25943 GPS  -2267812.498  5009358.714  3221011.168
2022  62  25944 GPS  -2267812.494  5009358.703  3221011.170
2022  62  25945 GPS  -2267812.495  5009358.693  3221011.170
2022  62  25946 GPS  -2267812.497  5009358.688  3221011.176
2022  62  25947 GPS  -2267812.494  5009358.687  3221011.179
2022  62  25948 GPS  -2267812.491  5009358.684  3221011.179
2022  62  25949 GPS  -2267812.489  5009358.683  3221011.175
2022  62  25950 GPS  -2267812.489  5009358.687  3221011.173
2022  62  25951 GPS  -2267812.489  5009358.689  3221011.176
2022  62  25952 GPS  -2267812.490  5009358.700  3221011.179
2022  62  25953 GPS  -2267812.488  5009358.705  3221011.182
2022  62  25954 GPS  -2267812.488  5009358.705  3221011.186
2022  62  25955 GPS  -2267812.490  5009358.715  3221011.194
2022  62  25956 GPS  -2267812.495  5009358.724  3221011.204
2022  62  25957 GPS  -2267812.498  5009358.732  3221011.211
2022  62  25958 GPS  -2267812.496  5009358.741  3221011.216
2022  62  25959 GPS  -2267812.489  5009358.745  3221011.220
2022  62  25960 GPS  -2267812.489  5009358.754  3221011.224
2022  62  25961 GPS  -2267812.493  5009358.766  3221011.239
2022  62  25962 GPS  -2267812.494  5009358.771  3221011.245
2022  62  25963 GPS  -2267812.494  5009358.778  3221011.250
2022  62  25964 GPS  -2267812.488  5009358.783  3221011.253
2022  62  25965 GPS  -2267812.490  5009358.797  3221011.263
2022  62  25966 GPS  -2267812.493  5009358.814  3221011.273
2022  62  25967 GPS  -2267812.497  5009358.827  3221011.281
2022  62  25968 GPS  -2267812.498  5009358.835  3221011.286
2022  62  25969 GPS  -2267812.501  5009358.849  3221011.287
2022  62  25970 GPS  -2267812.503  5009358.858  3221011.292
2022  62  25971 GPS  -2267812.508  5009358.865  3221011.302
2022  62  25972 GPS  -2267812.507  5009358.871  3221011.303
2022  62  25973 GPS  -2267812.507  5009358.866  3221011.305
2022  62  25974 GPS  -2267812.512  5009358.870  3221011.314
2022  62  25975 GPS  -2267812.513  5009358.869  3221011.319
2022  62  25976 GPS  -2267812.520  5009358.878  3221011.334
2022  62  25977 GPS  -2267812.521  5009358.883  3221011.342
2022  62  25978 GPS  -2267812.525  5009358.896  3221011.352
2022  62  25979 GPS  -2267812.532  5009358.903  3221011.361
2022  62  25980 GPS  -2267812.535  5009358.913  3221011.372
2022  62  25981 GPS  -2267812.541  5009358.924  3221011.376
2022  62  25982 GPS  -2267812.541  5009358.934  3221011.382
2022  62  25983 GPS  -2267812.540  5009358.933  3221011.384
2022  62  25984 GPS  -2267812.538  5009358.933  3221011.389
2022  62  25985 GPS  -2267812.538  5009358.936  3221011.398
2022  62  25986 GPS  -2267812.537  5009358.936  3221011.404
2022  62  25987 GPS  -2267812.534  5009358.936  3221011.402
2022  62  25988 GPS  -2267812.534  5009358.941  3221011.403
2022  62  25989 GPS  -2267812.530  5009358.938  3221011.402
2022  62  25990 GPS  -2267812.529  5009358.936  3221011.403
2022  62  25991 GPS  -2267812.525  5009358.927  3221011.396
2022  62  25992 GPS  -2267812.519  5009358.926  3221011.393
2022  62  25993 GPS  -2267812.517  5009358.926  3221011.390
2022  62  25994 GPS  -2267812.520  5009358.930  3221011.389
2022  62  25995 GPS  -2267812.520  5009358.933  3221011.390
2022  62  25996 GPS  -2267812.514  5009358.931  3221011.389
2022  62  25997 GPS  -2267812.507  5009358.918  3221011.384
2022  62  25998 GPS  -2267812.500  5009358.901  3221011.372
2022  62  25999 GPS  -2267812.499  5009358.898  3221011.366
2022  62  26000 GPS  -2267812.499  5009358.897  3221011.363
2022  62  26001 GPS  -2267812.494  5009358.891  3221011.356
2022  62  26002 GPS  -2267812.488  5009358.878  3221011.346
2022  62  26003 GPS  -2267812.486  5009358.870  3221011.339
2022  62  26004 GPS  -2267812.479  5009358.859  3221011.329
2022  62  26005 GPS  -2267812.480  5009358.861  3221011.326
2022  62  26006 GPS  -2267812.484  5009358.867  3221011.327
2022  62  26007 GPS  -2267812.491  5009358.871  3221011.326
2022  62  26008 GPS  -2267812.498  5009358.877  3221011.319
2022  62  26009 GPS  -2267812.500  5009358.885  3221011.314
2022  62  26010 GPS  -2267812.507  5009358.885  3221011.306
2022  62  26011 GPS  -2267812.506  5009358.879  3221011.298
2022  62  26012 GPS  -2267812.508  5009358.876  3221011.293
2022  62  26013 GPS  -2267812.509  5009358.879  3221011.290
2022  62  26014 GPS  -2267812.513  5009358.885  3221011.288
2022  62  26015 GPS  -2267812.517  5009358.891  3221011.286
2022  62  26016 GPS  -2267812.519  5009358.902  3221011.284
2022  62  26017 GPS  -2267812.522  5009358.914  3221011.281
2022  62  26018 GPS  -2267812.530  5009358.927  3221011.286
2022  62  26019 GPS  -2267812.534  5009358.935  3221011.289
2022  62  26020 GPS  -2267812.544  5009358.946  3221011.297
2022  62  26021 GPS  -2267812.553  5009358.959  3221011.302
2022  62  26022 GPS  -2267812.559  5009358.973  3221011.304
2022  62  26023 GPS  -2267812.567  5009358.997  3221011.315
2022  62  26024 GPS  -2267812.572  5009359.011  3221011.315
2022  62  26025 GPS  -2267812.576  5009359.020  3221011.319
2022  62  26026 GPS  -2267812.580  5009359.024  3221011.323
2022  62  26027 GPS  -2267812.585  5009359.040  3221011.328
2022  62  26028 GPS  -2267812.590  5009359.055  3221011.337
2022  62  26029 GPS  -2267812.595  5009359.068  3221011.346
2022  62  26030 GPS  -2267812.604  5009359.080  3221011.356
2022  62  26031 GPS  -2267812.351  5009358.374  3221010.481
2022  62  26032 GPS  -2267812.352  5009358.372  3221010.482
2022  62  26033 GPS  -2267812.350  5009358.369  3221010.480
2022  62  26034 GPS  -2267812.355  5009358.375  3221010.485
2022  62  26035 GPS  -2267812.355  5009358.373  3221010.481
2022  62  26036 GPS  -2267812.354  5009358.374  3221010.478
2022  62  26037 GPS  -2267812.358  5009358.373  3221010.472
2022  62  26038 GPS  -2267812.658  5009359.197  3221011.495
2022  62  26039 GPS  -2267812.652  5009359.184  3221011.480
2022  62  26040 GPS  -2267812.650  5009359.165  3221011.453
2022  62  26041 GPS  -2267812.638  5009359.121  3221011.394
2022  62  26042 GPS  -2267812.628  5009359.085  3221011.342
2022  62  26043 GPS  -2267812.633  5009359.079  3221011.326
2022  62  26044 GPS  -2267812.652  5009359.116  3221011.368
2022  62  26045 GPS  -2267812.655  5009359.108  3221011.363
2022  62  26046 GPS  -2267812.662  5009359.111  3221011.375
2022  62  26047 GPS  -2267812.658  5009359.102  3221011.368
2022  62  26048 GPS  -2267812.633  5009359.041  3221011.295
2022  62  26049 GPS  -2267812.617  5009358.992  3221011.244
2022  62  26050 GPS  -2267812.612  5009358.975  3221011.230
2022  62  26051 GPS  -2267812.624  5009359.002  3221011.277
2022  62  26052 GPS  -2267812.627  5009359.013  3221011.293
2022  62  26053 GPS  -2267812.631  5009359.022  3221011.303
2022  62  26054 GPS  -2267812.622  5009358.997  3221011.293
2022  62  26055 GPS  -2267812.612  5009358.964  3221011.263
2022  62  26056 GPS  -2267812.602  5009358.929  3221011.233
2022  62  26057 GPS  -2267812.592  5009358.890  3221011.187
2022  62  26058 GPS  -2267812.596  5009358.899  3221011.193
2022  62  26059 GPS  -2267812.596  5009358.900  3221011.200
2022  62  26060 GPS  -2267812.591  5009358.891  3221011.191
2022  62  26061 GPS  -2267812.593  5009358.895  3221011.188
2022  62  26062 GPS  -2267812.597  5009358.896  3221011.177
2022  62  26063 GPS  -2267812.603  5009358.910  3221011.187
2022  62  26064 GPS  -2267812.614  5009358.926  3221011.200
2022  62  26065 GPS  -2267812.624  5009358.940  3221011.210
2022  62  26066 GPS  -2267812.628  5009358.944  3221011.218
2022  62  26067 GPS  -2267812.633  5009358.950  3221011.225
2022  62  26068 GPS  -2267812.639  5009358.958  3221011.225
2022  62  26069 GPS  -2267812.638  5009358.965  3221011.226
2022  62  26070 GPS  -2267812.635  5009358.966  3221011.227
2022  62  26071 GPS  -2267812.635  5009358.967  3221011.232
2022  62  26072 GPS  -2267812.638  5009358.967  3221011.236
2022  62  26073 GPS  -2267812.645  5009358.975  3221011.241
2022  62  26074 GPS  -2267812.651  5009358.976  3221011.247
2022  62  26075 GPS  -2267812.661  5009358.987  3221011.253
2022  62  26076 GPS  -2267812.669  5009358.995  3221011.259
2022  62  26077 GPS  -2267812.663  5009358.990  3221011.252
2022  62  26078 GPS  -2267812.661  5009358.991  3221011.251
2022  62  26079 GPS  -2267812.657  5009358.992  3221011.248
2022  62  26080 GPS  -2267812.647  5009358.992  3221011.239
2022  62  26081 GPS  -2267812.417  5009358.334  3221010.406
2022  62  26082 GPS  -2267812.419  5009358.340  3221010.404
2022  62  26083 GPS  -2267812.424  5009358.348  3221010.410
2022  62  26084 GPS  -2267812.422  5009358.355  3221010.413
2022  62  26085 GPS  -2267812.423  5009358.370  3221010.415
2022  62  26086 GPS  -2267812.424  5009358.372  3221010.418
2022  62  26087 GPS  -2267812.426  5009358.380  3221010.419
2022  62  26088 GPS  -2267812.427  5009358.389  3221010.418
2022  62  26089 GPS  -2267812.948  5009359.846  3221012.252
2022  62  26090 GPS  -2267812.826  5009359.505  3221011.818
2022  62  26091 GPS  -2267812.786  5009359.405  3221011.691
2022  62  26092 GPS  -2267812.734  5009359.255  3221011.500
2022  62  26093 GPS  -2267812.737  5009359.260  3221011.497
2022  62  26094 GPS  -2267812.737  5009359.251  3221011.490
2022  62  26095 GPS  -2267812.746  5009359.271  3221011.524
2022  62  26096 GPS  -2267812.750  5009359.276  3221011.543
2022  62  26097 GPS  -2267812.754  5009359.283  3221011.552
2022  62  26098 GPS  -2267812.755  5009359.277  3221011.550
2022  62  26099 GPS  -2267812.743  5009359.224  3221011.490
2022  62  26100 GPS  -2267812.753  5009359.243  3221011.520
2022  62  26101 GPS  -2267812.749  5009359.220  3221011.498
2022  62  26102 GPS  -2267812.752  5009359.214  3221011.494
2022  62  26103 GPS  -2267812.750  5009359.214  3221011.497
2022  62  26104 GPS  -2267812.752  5009359.202  3221011.491
2022  62  26105 GPS  -2267812.765  5009359.244  3221011.541
2022  62  26106 GPS  -2267812.767  5009359.241  3221011.546
2022  62  26107 GPS  -2267812.767  5009359.242  3221011.553
2022  62  26108 GPS  -2267812.758  5009359.202  3221011.519
2022  62  26109 GPS  -2267812.746  5009359.151  3221011.456
2022  62  26110 GPS  -2267812.737  5009359.121  3221011.432
2022  62  26111 GPS  -2267812.735  5009359.106  3221011.421
2022  62  26112 GPS  -2267812.740  5009359.118  3221011.435
2022  62  26113 GPS  -2267812.742  5009359.116  3221011.447
2022  62  26114 GPS  -2267812.732  5009359.095  3221011.439
2022  62  26115 GPS  -2267812.726  5009359.078  3221011.432
2022  62  26116 GPS  -2267812.722  5009359.070  3221011.430
2022  62  26117 GPS  -2267812.719  5009359.065  3221011.428
2022  62  26118 GPS  -2267812.723  5009359.069  3221011.434
2022  62  26119 GPS  -2267812.738  5009359.072  3221011.443
2022  62  26120 GPS  -2267812.746  5009359.068  3221011.444
2022  62  26121 GPS  -2267812.753  5009359.070  3221011.450
2022  62  26122 GPS  -2267812.753  5009359.071  3221011.454
2022  62  26123 GPS  -2267812.761  5009359.069  3221011.455
2022  62  26124 GPS  -2267812.768  5009359.067  3221011.458
2022  62  26125 GPS  -2267812.776  5009359.067  3221011.464
2022  62  26126 GPS  -2267812.782  5009359.058  3221011.465
2022  62  26127 GPS  -2267812.792  5009359.062  3221011.464
2022  62  26128 GPS  -2267812.802  5009359.067  3221011.474
2022  62  26129 GPS  -2267812.808  5009359.065  3221011.483
2022  62  26130 GPS  -2267812.809  5009359.059  3221011.484
2022  62  26131 GPS  -2267812.820  5009359.067  3221011.491
2022  62  26132 GPS  -2267812.825  5009359.067  3221011.494
2022  62  26133 GPS  -2267812.835  5009359.081  3221011.504
2022  62  26134 GPS  -2267812.841  5009359.086  3221011.507
2022  62  26135 GPS  -2267812.844  5009359.088  3221011.506
2022  62  26136 GPS  -2267812.847  5009359.094  3221011.508
2022  62  26137 GPS  -2267812.854  5009359.097  3221011.514
2022  62  26138 GPS  -2267812.857  5009359.104  3221011.520
2022  62  26139 GPS  -2267812.860  5009359.108  3221011.520
2022  62  26140 GPS  -2267812.860  5009359.108  3221011.522
2022  62  26141 GPS  -2267812.861  5009359.110  3221011.523
2022  62  26142 GPS  -2267812.859  5009359.116  3221011.523
2022  62  26143 GPS  -2267812.852  5009359.115  3221011.522
2022  62  26144 GPS  -2267812.850  5009359.113  3221011.520
2022  62  26145 GPS  -2267812.845  5009359.112  3221011.519
2022  62  26146 GPS  -2267812.838  5009359.104  3221011.520
2022  62  26147 GPS  -2267812.835  5009359.109  3221011.525
2022  62  26148 GPS  -2267812.835  5009359.117  3221011.529
2022  62  26149 GPS  -2267812.833  5009359.113  3221011.534
2022  62  26150 GPS  -2267812.835  5009359.115  3221011.542
2022  62  26151 GPS  -2267812.566  5009358.387  3221010.620
2022  62  26152 GPS  -2267812.562  5009358.398  3221010.632
2022  62  26153 GPS  -2267812.561  5009358.402  3221010.643
2022  62  26154 GPS  -2267812.559  5009358.407  3221010.645
2022  62  26155 GPS  -2267812.556  5009358.400  3221010.642
2022  62  26156 GPS  -2267812.553  5009358.395  3221010.636
2022  62  26157 GPS  -2267812.894  5009359.356  3221011.865
2022  62  26158 GPS  -2267812.849  5009359.244  3221011.730
2022  62  26159 GPS  -2267812.831  5009359.203  3221011.678
2022  62  26160 GPS  -2267812.782  5009359.057  3221011.492
2022  62  26161 GPS  -2267812.780  5009359.054  3221011.478
2022  62  26162 GPS  -2267812.773  5009359.035  3221011.442
2022  62  26163 GPS  -2267812.748  5009358.978  3221011.366
2022  62  26164 GPS  -2267812.744  5009358.987  3221011.370
2022  62  26165 GPS  -2267812.741  5009359.002  3221011.380
2022  62  26166 GPS  -2267812.742  5009359.002  3221011.380
2022  62  26167 GPS  -2267812.740  5009358.996  3221011.374
2022  62  26168 GPS  -2267812.733  5009358.984  3221011.352
2022  62  26169 GPS  -2267812.728  5009358.969  3221011.323
2022  62  26170 GPS  -2267812.750  5009359.016  3221011.378
2022  62  26171 GPS  -2267812.543  5009358.426  3221010.620
2022  62  26172 GPS  -2267812.542  5009358.427  3221010.621
2022  62  26173 GPS  -2267812.537  5009358.423  3221010.616
2022  62  26174 GPS  -2267812.541  5009358.421  3221010.615
2022  62  26175 GPS  -2267812.545  5009358.422  3221010.617
2022  62  26176 GPS  -2267812.543  5009358.416  3221010.614
2022  62  26177 GPS  -2267812.546  5009358.415  3221010.611
2022  62  26178 GPS  -2267812.551  5009358.418  3221010.614
2022  62  26179 GPS  -2267812.558  5009358.420  3221010.610
2022  62  26180 GPS  -2267812.557  5009358.411  3221010.595
2022  62  26181 GPS  -2267813.047  5009359.749  3221012.314
2022  62  26182 GPS  -2267812.879  5009359.262  3221011.696
2022  62  26183 GPS  -2267812.819  5009359.082  3221011.474
2022  62  26184 GPS  -2267812.796  5009358.996  3221011.373
2022  62  26185 GPS  -2267812.791  5009358.960  3221011.347
2022  62  26186 GPS  -2267812.798  5009358.972  3221011.368
2022  62  26187 GPS  -2267812.799  5009358.972  3221011.368
2022  62  26188 GPS  -2267812.775  5009358.899  3221011.279
2022  62  26189 GPS  -2267812.760  5009358.851  3221011.225
2022  62  26190 GPS  -2267812.765  5009358.852  3221011.226
2022  62  26191 GPS  -2267812.794  5009358.924  3221011.320
2022  62  26192 GPS  -2267812.779  5009358.890  3221011.271
2022  62  26193 GPS  -2267812.773  5009358.878  3221011.243
2022  62  26194 GPS  -2267812.790  5009358.913  3221011.291
2022  62  26195 GPS  -2267812.804  5009358.943  3221011.325
2022  62  26196 GPS  -2267812.805  5009358.957  3221011.347
2022  62  26197 GPS  -2267812.797  5009358.930  3221011.314
2022  62  26198 GPS  -2267812.801  5009358.949  3221011.334
2022  62  26199 GPS  -2267812.809  5009358.984  3221011.364
2022  62  26200 GPS  -2267812.812  5009358.993  3221011.371
2022  62  26201 GPS  -2267812.809  5009358.989  3221011.366
2022  62  26202 GPS  -2267812.823  5009359.026  3221011.411
2022  62  26203 GPS  -2267812.819  5009359.014  3221011.384
2022  62  26204 GPS  -2267812.812  5009359.007  3221011.375
2022  62  26205 GPS  -2267812.814  5009359.022  3221011.387
2022  62  26206 GPS  -2267812.815  5009359.035  3221011.395
2022  62  26207 GPS  -2267812.809  5009359.034  3221011.390
2022  62  26208 GPS  -2267812.801  5009359.033  3221011.380
2022  62  26209 GPS  -2267812.795  5009359.039  3221011.377
2022  62  26210 GPS  -2267812.791  5009359.046  3221011.378
2022  62  26211 GPS  -2267812.782  5009359.041  3221011.375
2022  62  26212 GPS  -2267812.787  5009359.052  3221011.374
2022  62  26213 GPS  -2267812.781  5009359.058  3221011.372
2022  62  26214 GPS  -2267812.776  5009359.053  3221011.366
2022  62  26215 GPS  -2267812.773  5009359.054  3221011.360
2022  62  26216 GPS  -2267812.771  5009359.059  3221011.352
2022  62  26217 GPS  -2267812.771  5009359.060  3221011.351
2022  62  26218 GPS  -2267812.767  5009359.057  3221011.345
2022  62  26219 GPS  -2267812.771  5009359.061  3221011.340
2022  62  26220 GPS  -2267812.779  5009359.074  3221011.341
2022  62  26221 GPS  -2267812.789  5009359.084  3221011.343
2022  62  26222 GPS  -2267812.799  5009359.093  3221011.349
2022  62  26223 GPS  -2267812.805  5009359.101  3221011.343
2022  62  26224 GPS  -2267812.808  5009359.097  3221011.337
2022  62  26225 GPS  -2267812.807  5009359.105  3221011.339
2022  62  26226 GPS  -2267812.812  5009359.109  3221011.342
2022  62  26227 GPS  -2267812.819  5009359.114  3221011.346
2022  62  26228 GPS  -2267812.819  5009359.118  3221011.349
2022  62  26229 GPS  -2267812.822  5009359.123  3221011.350
2022  62  26230 GPS  -2267812.827  5009359.128  3221011.354
2022  62  26231 GPS  -2267812.837  5009359.138  3221011.362
2022  62  26232 GPS  -2267812.842  5009359.143  3221011.362
2022  62  26233 GPS  -2267812.849  5009359.141  3221011.362
2022  62  26234 GPS  -2267812.858  5009359.152  3221011.365
2022  62  26235 GPS  -2267812.856  5009359.154  3221011.363
2022  62  26236 GPS  -2267812.852  5009359.144  3221011.354
2022  62  26237 GPS  -2267812.853  5009359.148  3221011.352
2022  62  26238 GPS  -2267812.850  5009359.142  3221011.346
2022  62  26239 GPS  -2267812.848  5009359.138  3221011.347
2022  62  26240 GPS  -2267812.842  5009359.124  3221011.343
2022  62  26241 GPS  -2267812.840  5009359.120  3221011.344
2022  62  26242 GPS  -2267812.835  5009359.115  3221011.346
2022  62  26243 GPS  -2267812.820  5009359.098  3221011.340
2022  62  26244 GPS  -2267812.814  5009359.092  3221011.341
2022  62  26245 GPS  -2267812.812  5009359.081  3221011.341
2022  62  26246 GPS  -2267812.813  5009359.077  3221011.336
2022  62  26247 GPS  -2267812.810  5009359.072  3221011.331
2022  62  26248 GPS  -2267812.809  5009359.067  3221011.326
2022  62  26249 GPS  -2267812.801  5009359.056  3221011.318
2022  62  26250 GPS  -2267812.802  5009359.056  3221011.317
2022  62  26251 GPS  -2267812.804  5009359.064  3221011.314
2022  62  26252 GPS  -2267812.804  5009359.061  3221011.308
2022  62  26253 GPS  -2267812.802  5009359.054  3221011.299
2022  62  26254 GPS  -2267812.804  5009359.051  3221011.297
2022  62  26255 GPS  -2267812.797  5009359.040  3221011.284
2022  62  26256 GPS  -2267812.800  5009359.033  3221011.279
2022  62  26257 GPS  -2267812.799  5009359.033  3221011.274
2022  62  26258 GPS  -2267812.807  5009359.040  3221011.273
2022  62  26259 GPS  -2267812.807  5009359.039  3221011.269
2022  62  26260 GPS  -2267812.808  5009359.034  3221011.267
2022  62  26261 GPS  -2267812.812  5009359.030  3221011.261
2022  62  26262 GPS  -2267812.808  5009359.027  3221011.254
2022  62  26263 GPS  -2267812.807  5009359.024  3221011.250
2022  62  26264 GPS  -2267812.805  5009359.022  3221011.248
2022  62  26265 GPS  -2267812.809  5009359.023  3221011.250
2022  62  26266 GPS  -2267812.810  5009359.019  3221011.253
2022  62  26267 GPS  -2267812.806  5009359.015  3221011.253
2022  62  26268 GPS  -2267812.804  5009359.011  3221011.253
2022  62  26269 GPS  -2267812.796  5009359.010  3221011.254
2022  62  26270 GPS  -2267812.795  5009359.012  3221011.260
2022  62  26271 GPS  -2267812.799  5009359.021  3221011.270
2022  62  26272 GPS  -2267812.798  5009359.026  3221011.276
2022  62  26273 GPS  -2267812.793  5009359.029  3221011.276
2022  62  26274 GPS  -2267812.790  5009359.034  3221011.277
2022  62  26275 GPS  -2267812.789  5009359.039  3221011.281
2022  62  26276 GPS  -2267812.786  5009359.044  3221011.284
2022  62  26277 GPS  -2267812.785  5009359.054  3221011.289
2022  62  26278 GPS  -2267812.780  5009359.056  3221011.295
2022  62  26279 GPS  -2267812.773  5009359.056  3221011.299
2022  62  26280 GPS  -2267812.773  5009359.063  3221011.304
2022  62  26281 GPS  -2267812.777  5009359.068  3221011.312
2022  62  26282 GPS  -2267812.780  5009359.079  3221011.323
2022  62  26283 GPS  -2267812.784  5009359.089  3221011.330
2022  62  26284 GPS  -2267812.787  5009359.093  3221011.338
2022  62  26285 GPS  -2267812.791  5009359.099  3221011.347
2022  62  26286 GPS  -2267812.791  5009359.105  3221011.350
2022  62  26287 GPS  -2267812.796  5009359.117  3221011.354
2022  62  26288 GPS  -2267812.794  5009359.117  3221011.350
2022  62  26289 GPS  -2267812.794  5009359.118  3221011.346
2022  62  26290 GPS  -2267812.797  5009359.125  3221011.344
2022  62  26291 GPS  -2267812.498  5009358.306  3221010.278
2022  62  26418 GPS  -2267813.630  5009359.798  3221011.992
2022  62  26419 GPS  -2267813.624  5009359.787  3221011.970
2022  62  26420 GPS  -2267813.623  5009359.782  3221011.959
2022  62  26421 GPS  -2267813.640  5009359.829  3221012.024
2022  62  26422 GPS  -2267813.653  5009359.865  3221012.070
2022  62  26423 GPS  -2267813.658  5009359.876  3221012.073
2022  62  26424 GPS  -2267813.650  5009359.845  3221012.023
2022  62  26425 GPS  -2267813.665  5009359.880  3221012.067
2022  62  26426 GPS  -2267813.656  5009359.856  3221012.028
2022  62  26427 GPS  -2267813.653  5009359.856  3221012.026
2022  62  26428 GPS  -2267813.654  5009359.867  3221012.038
2022  62  26429 GPS  -2267813.654  5009359.866  3221012.036
2022  62  26430 GPS  -2267813.665  5009359.882  3221012.066
2022  62  26431 GPS  -2267813.665  5009359.867  3221012.051
2022  62  26432 GPS  -2267813.667  5009359.857  3221012.041
2022  62  26433 GPS  -2267813.676  5009359.863  3221012.047
2022  62  26434 GPS  -2267813.681  5009359.863  3221012.052
2022  62  26435 GPS  -2267813.687  5009359.855  3221012.044
2022  62  26436 GPS  -2267813.694  5009359.857  3221012.045
2022  62  26437 GPS  -2267813.703  5009359.874  3221012.054
2022  62  26438 GPS  -2267813.704  5009359.875  3221012.050
2022  62  26439 GPS  -2267813.705  5009359.875  3221012.051
2022  62  26440 GPS  -2267813.710  5009359.877  3221012.052
2022  62  26441 GPS  -2267813.713  5009359.883  3221012.058
2022  62  26442 GPS  -2267813.714  5009359.886  3221012.062
2022  62  26443 GPS  -2267813.713  5009359.884  3221012.062
2022  62  26444 GPS  -2267813.714  5009359.883  3221012.062
2022  62  26445 GPS  -2267813.712  5009359.885  3221012.062
2022  62  26446 GPS  -2267813.716  5009359.884  3221012.060
2022  62  26447 GPS  -2267813.719  5009359.886  3221012.060
2022  62  26448 GPS  -2267813.720  5009359.882  3221012.061
2022  62  26449 GPS  -2267813.719  5009359.885  3221012.065
2022  62  26450 GPS  -2267813.719  5009359.885  3221012.064
2022  62  26451 GPS  -2267813.567  5009359.429  3221011.441
2022  62  26452 GPS  -2267813.565  5009359.428  3221011.438
2022  62  26453 GPS  -2267813.561  5009359.416  3221011.433
2022  62  26454 GPS  -2267813.555  5009359.407  3221011.430
2022  62  26455 GPS  -2267813.558  5009359.414  3221011.433
2022  62  26456 GPS  -2267813.701  5009359.838  3221012.019
2022  62  26457 GPS  -2267813.689  5009359.795  3221011.957
2022  62  26458 GPS  -2267813.658  5009359.710  3221011.837
2022  62  26459 GPS  -2267813.635  5009359.651  3221011.750
2022  62  26460 GPS  -2267813.648  5009359.694  3221011.804
2022  62  26461 GPS  -2267813.560  5009359.420  3221011.426
2022  62  26462 GPS  -2267813.559  5009359.423  3221011.429
2022  62  26463 GPS  -2267813.559  5009359.425  3221011.431
2022  62  26464 GPS  -2267813.553  5009359.426  3221011.429
2022  62  26465 GPS  -2267813.547  5009359.427  3221011.427
2022  62  26466 GPS  -2267813.545  5009359.436  3221011.431
2022  62  26467 GPS  -2267813.681  5009359.851  3221011.990
2022  62  26468 GPS  -2267813.679  5009359.857  3221011.990
2022  62  26469 GPS  -2267813.679  5009359.851  3221011.989
2022  62  26470 GPS  -2267813.686  5009359.880  3221012.032
2022  62  26471 GPS  -2267813.692  5009359.897  3221012.062
2022  62  26472 GPS  -2267813.662  5009359.833  3221011.985
2022  62  26473 GPS  -2267813.656  5009359.822  3221011.977
2022  62  26474 GPS  -2267813.655  5009359.818  3221011.978
2022  62  26475 GPS  -2267813.677  5009359.885  3221012.074
2022  62  26476 GPS  -2267813.682  5009359.911  3221012.101
2022  62  26477 GPS  -2267813.676  5009359.898  3221012.075
2022  62  26478 GPS  -2267813.683  5009359.923  3221012.105
2022  62  26479 GPS  -2267813.821  5009360.335  3221012.661
2022  62  26480 GPS  -2267813.815  5009360.306  3221012.620
2022  62  26481 GPS  -2267813.837  5009360.356  3221012.681
2022  62  26482 GPS  -2267813.830  5009360.321  3221012.639
2022  62  26483 GPS  -2267813.811  5009360.264  3221012.554
2022  62  26484 GPS  -2267813.860  5009360.400  3221012.737
2022  62  26485 GPS  -2267813.854  5009360.374  3221012.703
2022  62  26486 GPS  -2267813.874  5009360.420  3221012.759
2022  62  26487 GPS  -2267813.887  5009360.451  3221012.801
2022  62  26488 GPS  -2267813.886  5009360.464  3221012.807
2022  62  26489 GPS  -2267813.893  5009360.493  3221012.835
2022  62  26490 GPS  -2267813.908  5009360.553  3221012.906
2022  62  26491 GPS  -2267813.921  5009360.595  3221012.960
2022  62  26492 GPS  -2267813.915  5009360.592  3221012.945
2022  62  26493 GPS  -2267813.912  5009360.577  3221012.921
2022  62  26494 GPS  -2267813.907  5009360.568  3221012.903
2022  62  26495 GPS  -2267813.898  5009360.542  3221012.882
2022  62  26496 GPS  -2267813.891  5009360.526  3221012.876
2022  62  26497 GPS  -2267813.877  5009360.512  3221012.866
2022  62  26498 GPS  -2267813.877  5009360.513  3221012.866
2022  62  26499 GPS  -2267813.876  5009360.507  3221012.863
2022  62  26500 GPS  -2267813.872  5009360.495  3221012.854
2022  62  26501 GPS  -2267813.876  5009360.492  3221012.854
2022  62  26502 GPS  -2267813.878  5009360.493  3221012.856
2022  62  26503 GPS  -2267813.879  5009360.489  3221012.855
2022  62  26504 GPS  -2267813.880  5009360.488  3221012.854
2022  62  26505 GPS  -2267813.876  5009360.487  3221012.850
2022  62  26506 GPS  -2267813.876  5009360.479  3221012.844
2022  62  26507 GPS  -2267813.874  5009360.473  3221012.844
2022  62  26508 GPS  -2267813.877  5009360.470  3221012.839
2022  62  26509 GPS  -2267813.881  5009360.464  3221012.837
2022  62  26510 GPS  -2267813.882  5009360.457  3221012.833
2022  62  26511 GPS  -2267813.888  5009360.452  3221012.834
2022  62  26512 GPS  -2267813.887  5009360.448  3221012.833
2022  62  26513 GPS  -2267813.892  5009360.452  3221012.833
2022  62  26514 GPS  -2267813.890  5009360.460  3221012.833
2022  62  26515 GPS  -2267813.894  5009360.470  3221012.836
2022  62  26516 GPS  -2267813.895  5009360.477  3221012.837
2022  62  26517 GPS  -2267813.894  5009360.486  3221012.833
2022  62  26518 GPS  -2267813.892  5009360.492  3221012.833
2022  62  26519 GPS  -2267813.889  5009360.499  3221012.831
2022  62  26520 GPS  -2267813.884  5009360.499  3221012.822
2022  62  26521 GPS  -2267813.878  5009360.496  3221012.815
2022  62  26522 GPS  -2267813.876  5009360.494  3221012.805
2022  62  26523 GPS  -2267813.870  5009360.490  3221012.798
2022  62  26524 GPS  -2267813.867  5009360.491  3221012.789
2022  62  26525 GPS  -2267813.860  5009360.482  3221012.779
2022  62  26526 GPS  -2267813.851  5009360.477  3221012.770
2022  62  26527 GPS  -2267813.841  5009360.465  3221012.760
2022  62  26528 GPS  -2267813.832  5009360.450  3221012.755
2022  62  26529 GPS  -2267813.828  5009360.436  3221012.747
2022  62  26530 GPS  -2267813.829  5009360.423  3221012.743
2022  62  26531 GPS  -2267813.824  5009360.411  3221012.731
2022  62  26532 GPS  -2267813.824  5009360.394  3221012.721
2022  62  26533 GPS  -2267813.823  5009360.384  3221012.715
2022  62  26534 GPS  -2267813.820  5009360.379  3221012.712
2022  62  26535 GPS  -2267813.822  5009360.370  3221012.700
2022  62  26536 GPS  -2267813.820  5009360.361  3221012.688
2022  62  26537 GPS  -2267813.818  5009360.347  3221012.676
2022  62  26538 GPS  -2267813.809  5009360.329  3221012.660
2022  62  26539 GPS  -2267813.804  5009360.313  3221012.646
2022  62  26540 GPS  -2267813.804  5009360.303  3221012.632
2022  62  26541 GPS  -2267813.806  5009360.293  3221012.621
2022  62  26542 GPS  -2267813.809  5009360.277  3221012.610
2022  62  26543 GPS  -2267813.814  5009360.265  3221012.601
2022  62  26544 GPS  -2267813.811  5009360.252  3221012.586
2022  62  26545 GPS  -2267813.814  5009360.253  3221012.584
2022  62  26546 GPS  -2267813.824  5009360.251  3221012.580
2022  62  26547 GPS  -2267813.832  5009360.255  3221012.576
2022  62  26548 GPS  -2267813.840  5009360.254  3221012.574
2022  62  26549 GPS  -2267813.846  5009360.248  3221012.565
2022  62  26550 GPS  -2267813.849  5009360.247  3221012.560
2022  62  26551 GPS  -2267813.853  5009360.244  3221012.560
2022  62  26552 GPS  -2267813.855  5009360.243  3221012.564
2022  62  26553 GPS  -2267813.860  5009360.246  3221012.573
2022  62  26554 GPS  -2267813.860  5009360.245  3221012.574
2022  62  26555 GPS  -2267813.859  5009360.245  3221012.574
2022  62  26556 GPS  -2267813.864  5009360.256  3221012.577
2022  62  26557 GPS  -2267813.871  5009360.266  3221012.582
2022  62  26558 GPS  -2267813.874  5009360.270  3221012.583
2022  62  26559 GPS  -2267813.873  5009360.266  3221012.584
2022  62  26560 GPS  -2267813.878  5009360.266  3221012.588
2022  62  26561 GPS  -2267813.878  5009360.265  3221012.594
2022  62  26562 GPS  -2267813.885  5009360.266  3221012.606
2022  62  26563 GPS  -2267813.894  5009360.269  3221012.609
2022  62  26564 GPS  -2267813.897  5009360.281  3221012.617
2022  62  26565 GPS  -2267813.902  5009360.292  3221012.627
2022  62  26566 GPS  -2267813.913  5009360.308  3221012.638
2022  62  26567 GPS  -2267813.927  5009360.330  3221012.652
2022  62  26568 GPS  -2267813.934  5009360.339  3221012.659
2022  62  26569 GPS  -2267813.943  5009360.358  3221012.669
2022  62  26570 GPS  -2267813.951  5009360.376  3221012.674
2022  62  26571 GPS  -2267813.950  5009360.381  3221012.675
2022  62  26572 GPS  -2267813.946  5009360.385  3221012.679
2022  62  26573 GPS  -2267813.947  5009360.392  3221012.685
2022  62  26574 GPS  -2267813.948  5009360.392  3221012.687
2022  62  26575 GPS  -2267813.951  5009360.389  3221012.689
2022  62  26576 GPS  -2267813.954  5009360.390  3221012.693
2022  62  26577 GPS  -2267813.958  5009360.392  3221012.694
2022  62  26578 GPS  -2267813.956  5009360.398  3221012.694
2022  62  26579 GPS  -2267813.957  5009360.399  3221012.691
2022  62  26580 GPS  -2267813.960  5009360.404  3221012.692
2022  62  26581 GPS  -2267813.959  5009360.408  3221012.691
2022  62  26582 GPS  -2267813.956  5009360.414  3221012.691
2022  62  26583 GPS  -2267813.952  5009360.408  3221012.689
2022  62  26584 GPS  -2267813.948  5009360.410  3221012.687
2022  62  26585 GPS  -2267813.944  5009360.406  3221012.683
2022  62  26586 GPS  -2267813.943  5009360.409  3221012.679
2022  62  26587 GPS  -2267813.941  5009360.403  3221012.673
2022  62  26588 GPS  -2267813.939  5009360.392  3221012.669
2022  62  26589 GPS  -2267813.939  5009360.387  3221012.669
2022  62  26590 GPS  -2267813.935  5009360.370  3221012.664
2022  62  26591 GPS  -2267813.930  5009360.352  3221012.653
2022  62  26592 GPS  -2267813.934  5009360.348  3221012.648
2022  62  26593 GPS  -2267813.936  5009360.346  3221012.642
2022  62  26594 GPS  -2267813.935  5009360.341  3221012.636
2022  62  26595 GPS  -2267813.941  5009360.341  3221012.636
2022  62  26596 GPS  -2267813.942  5009360.340  3221012.630
2022  62  26597 GPS  -2267813.943  5009360.337  3221012.623
2022  62  26598 GPS  -2267813.952  5009360.339  3221012.622
2022  62  26599 GPS  -2267813.953  5009360.333  3221012.617
2022  62  26600 GPS  -2267813.957  5009360.330  3221012.608
2022  62  26601 GPS  -2267813.964  5009360.323  3221012.605
2022  62  26602 GPS  -2267813.966  5009360.317  3221012.600
2022  62  26603 GPS  -2267813.971  5009360.323  3221012.604
2022  62  26604 GPS  -2267813.976  5009360.323  3221012.602
2022  62  26605 GPS  -2267813.981  5009360.316  3221012.598
2022  62  26606 GPS  -2267813.986  5009360.313  3221012.596
2022  62  26607 GPS  -2267813.987  5009360.304  3221012.589
2022  62  26608 GPS  -2267813.995  5009360.309  3221012.590
2022  62  26609 GPS  -2267813.996  5009360.306  3221012.587
2022  62  26610 GPS  -2267813.996  5009360.300  3221012.586
2022  62  26611 GPS  -2267813.996  5009360.289  3221012.578
2022  62  26612 GPS  -2267813.999  5009360.293  3221012.578
2022  62  26613 GPS  -2267814.024  5009360.472  3221012.666
2022  62  26614 GPS  -2267814.024  5009360.466  3221012.665
2022  62  26615 GPS  -2267814.027  5009360.469  3221012.666
2022  62  26616 GPS  -2267814.029  5009360.467  3221012.663
2022  62  26617 GPS  -2267814.029  5009360.465  3221012.663
2022  62  26618 GPS  -2267814.027  5009360.466  3221012.660
2022  62  26619 GPS  -2267814.027  5009360.466  3221012.661
2022  62  26620 GPS  -2267814.028  5009360.465  3221012.665
2022  62  26621 GPS  -2267814.032  5009360.467  3221012.674
2022  62  26622 GPS  -2267814.034  5009360.466  3221012.673
2022  62  26623 GPS  -2267814.038  5009360.476  3221012.681
2022  62  26624 GPS  -2267814.043  5009360.483  3221012.687
2022  62  26625 GPS  -2267814.045  5009360.488  3221012.694
2022  62  26626 GPS  -2267814.051  5009360.487  3221012.703
2022  62  26627 GPS  -2267814.050  5009360.497  3221012.711
2022  62  26628 GPS  -2267814.052  5009360.509  3221012.720
2022  62  26629 GPS  -2267814.056  5009360.519  3221012.727
2022  62  26630 GPS  -2267814.061  5009360.528  3221012.732
2022  62  26631 GPS  -2267814.064  5009360.537  3221012.741
2022  62  26632 GPS  -2267814.060  5009360.534  3221012.742
2022  62  26633 GPS  -2267814.061  5009360.538  3221012.744
2022  62  26634 GPS  -2267814.063  5009360.542  3221012.751
2022  62  26635 GPS  -2267814.067  5009360.547  3221012.760
2022  62  26636 GPS  -2267814.068  5009360.548  3221012.770
2022  62  26637 GPS  -2267814.066  5009360.545  3221012.777
2022  62  26638 GPS  -2267814.065  5009360.544  3221012.782
2022  62  26639 GPS  -2267814.065  5009360.548  3221012.789
2022  62  26640 GPS  -2267814.062  5009360.546  3221012.791
2022  62  26641 GPS  -2267814.067  5009360.557  3221012.801
2022  62  26642 GPS  -2267814.067  5009360.565  3221012.803
2022  62  26643 GPS  -2267814.067  5009360.562  3221012.805
2022  62  26644 GPS  -2267814.064  5009360.558  3221012.802
2022  62  26645 GPS  -2267814.063  5009360.548  3221012.800
2022  62  26646 GPS  -2267814.058  5009360.546  3221012.802
2022  62  26647 GPS  -2267814.060  5009360.556  3221012.814
2022  62  26648 GPS  -2267814.058  5009360.560  3221012.815
2022  62  26649 GPS  -2267814.055  5009360.556  3221012.814
2022  62  26650 GPS  -2267814.058  5009360.556  3221012.815
2022  62  26651 GPS  -2267814.058  5009360.566  3221012.818
2022  62  26652 GPS  -2267814.061  5009360.580  3221012.822
2022  62  26653 GPS  -2267814.058  5009360.586  3221012.822
2022  62  26654 GPS  -2267814.061  5009360.602  3221012.825
2022  62  26655 GPS  -2267814.066  5009360.611  3221012.826
2022  62  26656 GPS  -2267814.063  5009360.611  3221012.820
2022  62  26657 GPS  -2267814.067  5009360.612  3221012.821
2022  62  26658 GPS  -2267814.073  5009360.614  3221012.818
2022  62  26659 GPS  -2267814.073  5009360.612  3221012.817
2022  62  26660 GPS  -2267814.080  5009360.610  3221012.820
2022  62  26661 GPS  -2267814.081  5009360.606  3221012.817
2022  62  26662 GPS  -2267814.086  5009360.610  3221012.820
2022  62  26663 GPS  -2267814.093  5009360.608  3221012.823
2022  62  26664 GPS  -2267814.093  5009360.607  3221012.818
2022  62  26665 GPS  -2267814.098  5009360.616  3221012.819
2022  62  26666 GPS  -2267814.103  5009360.621  3221012.822
2022  62  26667 GPS  -2267814.111  5009360.624  3221012.821
2022  62  26668 GPS  -2267814.117  5009360.622  3221012.813
2022  62  26669 GPS  -2267814.114  5009360.611  3221012.802
2022  62  26670 GPS  -2267814.111  5009360.609  3221012.793
2022  62  26671 GPS  -2267814.119  5009360.621  3221012.795
2022  62  26672 GPS  -2267814.122  5009360.634  3221012.798
2022  62  26673 GPS  -2267814.126  5009360.646  3221012.795
2022  62  26674 GPS  -2267814.133  5009360.651  3221012.794
2022  62  26675 GPS  -2267814.138  5009360.658  3221012.793
2022  62  26676 GPS  -2267814.142  5009360.663  3221012.794
2022  62  26677 GPS  -2267814.144  5009360.667  3221012.789
2022  62  26678 GPS  -2267814.146  5009360.675  3221012.790
2022  62  26679 GPS  -2267814.141  5009360.676  3221012.784
2022  62  26680 GPS  -2267814.145  5009360.682  3221012.783
2022  62  26681 GPS  -2267814.137  5009360.687  3221012.778
2022  62  26682 GPS  -2267814.138  5009360.692  3221012.776
2022  62  26683 GPS  -2267814.139  5009360.696  3221012.774
2022  62  26684 GPS  -2267814.138  5009360.694  3221012.768
2022  62  26685 GPS  -2267814.134  5009360.690  3221012.768
2022  62  26686 GPS  -2267814.137  5009360.691  3221012.767
2022  62  26687 GPS  -2267814.139  5009360.690  3221012.765
2022  62  26688 GPS  -2267814.141  5009360.684  3221012.758
2022  62  26689 GPS  -2267814.142  5009360.676  3221012.752
2022  62  26690 GPS  -2267814.140  5009360.669  3221012.745
2022  62  26691 GPS  -2267814.141  5009360.664  3221012.738
2022  62  26692 GPS  -2267814.143  5009360.653  3221012.734
2022  62  26693 GPS  -2267814.142  5009360.646  3221012.729
2022  62  26694 GPS  -2267814.141  5009360.639  3221012.725
2022  62  26695 GPS  -2267814.137  5009360.635  3221012.719
2022  62  26696 GPS  -2267814.136  5009360.644  3221012.719
2022  62  26697 GPS  -2267814.139  5009360.653  3221012.721
2022  62  26698 GPS  -2267814.139  5009360.663  3221012.722
2022  62  26699 GPS  -2267814.135  5009360.670  3221012.722
2022  62  26700 GPS  -2267814.138  5009360.673  3221012.722
2022  62  26701 GPS  -2267814.143  5009360.673  3221012.725
2022  62  26702 GPS  -2267814.141  5009360.663  3221012.729
2022  62  26703 GPS  -2267814.142  5009360.651  3221012.729
2022  62  26704 GPS  -2267814.148  5009360.641  3221012.730
2022  62  26705 GPS  -2267814.148  5009360.628  3221012.733
2022  62  26706 GPS  -2267814.145  5009360.613  3221012.731
2022  62  26707 GPS  -2267814.144  5009360.607  3221012.733
2022  62  26708 GPS  -2267814.140  5009360.598  3221012.731
2022  62  26709 GPS  -2267814.141  5009360.595  3221012.730
2022  62  26710 GPS  -2267814.149  5009360.594  3221012.732
2022  62  26711 GPS  -2267814.154  5009360.594  3221012.731
2022  62  26712 GPS  -2267814.155  5009360.593  3221012.730
2022  62  26713 GPS  -2267814.162  5009360.601  3221012.737
2022  62  26714 GPS  -2267814.167  5009360.596  3221012.736
2022  62  26715 GPS  -2267814.167  5009360.586  3221012.736
2022  62  26716 GPS  -2267814.169  5009360.578  3221012.731
2022  62  26717 GPS  -2267814.170  5009360.570  3221012.724
2022  62  26718 GPS  -2267814.175  5009360.574  3221012.728
2022  62  26719 GPS  -2267814.180  5009360.577  3221012.733
2022  62  26720 GPS  -2267814.183  5009360.582  3221012.734
2022  62  26721 GPS  -2267814.185  5009360.586  3221012.738
2022  62  26722 GPS  -2267814.186  5009360.586  3221012.741
2022  62  26723 GPS  -2267814.184  5009360.590  3221012.739
2022  62  26724 GPS  -2267814.183  5009360.598  3221012.742
2022  62  26725 GPS  -2267814.181  5009360.603  3221012.747
2022  62  26726 GPS  -2267814.184  5009360.615  3221012.760
2022  62  26727 GPS  -2267814.188  5009360.619  3221012.766
2022  62  26728 GPS  -2267814.190  5009360.627  3221012.773
2022  62  26729 GPS  -2267814.201  5009360.638  3221012.785
2022  62  26730 GPS  -2267814.205  5009360.639  3221012.799
2022  62  26731 GPS  -2267814.203  5009360.635  3221012.805
2022  62  26732 GPS  -2267814.203  5009360.633  3221012.809
2022  62  26733 GPS  -2267814.201  5009360.631  3221012.810
2022  62  26734 GPS  -2267814.194  5009360.628  3221012.811
2022  62  26735 GPS  -2267814.193  5009360.631  3221012.814
2022  62  26736 GPS  -2267814.197  5009360.637  3221012.822
2022  62  26737 GPS  -2267814.198  5009360.637  3221012.825
2022  62  26738 GPS  -2267814.201  5009360.635  3221012.825
2022  62  26739 GPS  -2267814.204  5009360.634  3221012.826
2022  62  26740 GPS  -2267814.206  5009360.635  3221012.831
2022  62  26741 GPS  -2267814.203  5009360.626  3221012.828
2022  62  26742 GPS  -2267814.203  5009360.631  3221012.830
2022  62  26743 GPS  -2267814.205  5009360.632  3221012.832
2022  62  26744 GPS  -2267814.208  5009360.632  3221012.833
2022  62  26745 GPS  -2267814.214  5009360.637  3221012.831
2022  62  26746 GPS  -2267814.211  5009360.634  3221012.825
2022  62  26747 GPS  -2267814.214  5009360.636  3221012.822
2022  62  26748 GPS  -2267814.214  5009360.630  3221012.814
2022  62  26749 GPS  -2267814.223  5009360.627  3221012.811
2022  62  26750 GPS  -2267814.233  5009360.628  3221012.808
2022  62  26751 GPS  -2267814.240  5009360.624  3221012.802
2022  62  26752 GPS  -2267814.245  5009360.614  3221012.798
2022  62  26753 GPS  -2267814.245  5009360.612  3221012.796
2022  62  26754 GPS  -2267814.248  5009360.606  3221012.786
2022  62  26755 GPS  -2267814.250  5009360.599  3221012.785
2022  62  26756 GPS  -2267814.249  5009360.593  3221012.781
2022  62  26757 GPS  -2267814.247  5009360.590  3221012.773
2022  62  26758 GPS  -2267814.244  5009360.589  3221012.765
2022  62  26759 GPS  -2267814.240  5009360.582  3221012.756
2022  62  26760 GPS  -2267814.240  5009360.581  3221012.750
2022  62  26761 GPS  -2267814.237  5009360.571  3221012.741
2022  62  26762 GPS  -2267814.236  5009360.569  3221012.739
2022  62  26763 GPS  -2267814.232  5009360.562  3221012.736
2022  62  26764 GPS  -2267814.228  5009360.552  3221012.732
2022  62  26765 GPS  -2267814.224  5009360.546  3221012.731
2022  62  26766 GPS  -2267814.216  5009360.533  3221012.726
2022  62  26767 GPS  -2267814.215  5009360.527  3221012.724
2022  62  26768 GPS  -2267814.213  5009360.531  3221012.724
2022  62  26769 GPS  -2267814.211  5009360.531  3221012.721
2022  62  26770 GPS  -2267814.207  5009360.526  3221012.712
2022  62  26771 GPS  -2267814.208  5009360.529  3221012.707
2022  62  26772 GPS  -2267814.207  5009360.527  3221012.705
2022  62  26773 GPS  -2267814.208  5009360.536  3221012.708
2022  62  26774 GPS  -2267814.205  5009360.533  3221012.707
2022  62  26775 GPS  -2267814.206  5009360.523  3221012.703
2022  62  26776 GPS  -2267814.208  5009360.513  3221012.704
2022  62  26777 GPS  -2267814.213  5009360.518  3221012.705
2022  62  26778 GPS  -2267814.209  5009360.513  3221012.700
2022  62  26779 GPS  -2267814.215  5009360.519  3221012.705
2022  62  26780 GPS  -2267814.216  5009360.522  3221012.704
2022  62  26781 GPS  -2267814.215  5009360.526  3221012.700
2022  62  26782 GPS  -2267814.220  5009360.536  3221012.704
2022  62  26783 GPS  -2267814.222  5009360.544  3221012.707
2022  62  26784 GPS  -2267814.227  5009360.553  3221012.713
2022  62  26785 GPS  -2267814.233  5009360.562  3221012.721
2022  62  26786 GPS  -2267814.232  5009360.574  3221012.725
2022  62  26787 GPS  -2267814.231  5009360.581  3221012.727
2022  62  26788 GPS  -2267814.233  5009360.590  3221012.728
2022  62  26789 GPS  -2267814.228  5009360.592  3221012.726
2022  62  26790 GPS  -2267814.231  5009360.596  3221012.731
2022  62  26791 GPS  -2267814.228  5009360.598  3221012.735
2022  62  26792 GPS  -2267814.225  5009360.601  3221012.732
2022  62  26793 GPS  -2267814.228  5009360.606  3221012.738
2022  62  26794 GPS  -2267814.225  5009360.618  3221012.744
2022  62  26795 GPS  -2267814.227  5009360.622  3221012.753
2022  62  26796 GPS  -2267814.227  5009360.626  3221012.758
2022  62  26797 GPS  -2267814.221  5009360.621  3221012.754
2022  62  26798 GPS  -2267814.219  5009360.622  3221012.758
2022  62  26799 GPS  -2267814.221  5009360.626  3221012.763
2022  62  26800 GPS  -2267814.221  5009360.626  3221012.768
2022  62  26801 GPS  -2267814.225  5009360.625  3221012.772
2022  62  26802 GPS  -2267814.227  5009360.625  3221012.776
2022  62  26803 GPS  -2267814.228  5009360.623  3221012.779
2022  62  26804 GPS  -2267814.233  5009360.621  3221012.782
2022  62  26805 GPS  -2267814.237  5009360.624  3221012.785
2022  62  26806 GPS  -2267814.242  5009360.631  3221012.788
2022  62  26807 GPS  -2267814.244  5009360.626  3221012.787
2022  62  26808 GPS  -2267814.257  5009360.631  3221012.791
2022  62  26809 GPS  -2267814.267  5009360.631  3221012.791
2022  62  26810 GPS  -2267814.270  5009360.631  3221012.787
2022  62  26811 GPS  -2267814.273  5009360.635  3221012.788
2022  62  26812 GPS  -2267814.276  5009360.638  3221012.783
2022  62  26813 GPS  -2267814.282  5009360.638  3221012.777
2022  62  26814 GPS  -2267814.278  5009360.627  3221012.771
2022  62  26815 GPS  -2267814.281  5009360.622  3221012.766
2022  62  26816 GPS  -2267814.279  5009360.615  3221012.756
2022  62  26817 GPS  -2267814.279  5009360.612  3221012.749
2022  62  26818 GPS  -2267814.279  5009360.603  3221012.744
2022  62  26819 GPS  -2267814.275  5009360.598  3221012.741
2022  62  26820 GPS  -2267814.274  5009360.595  3221012.739
2022  62  26821 GPS  -2267814.272  5009360.588  3221012.735
2022  62  26822 GPS  -2267814.271  5009360.584  3221012.737
2022  62  26823 GPS  -2267814.267  5009360.582  3221012.733
2022  62  26824 GPS  -2267814.265  5009360.580  3221012.732
2022  62  26825 GPS  -2267814.263  5009360.582  3221012.732
2022  62  26826 GPS  -2267814.264  5009360.594  3221012.734
2022  62  26827 GPS  -2267814.264  5009360.598  3221012.734
2022  62  26828 GPS  -2267814.265  5009360.607  3221012.739
2022  62  26829 GPS  -2267814.264  5009360.612  3221012.740
2022  62  26830 GPS  -2267814.270  5009360.622  3221012.745
2022  62  26831 GPS  -2267814.268  5009360.630  3221012.745
2022  62  26832 GPS  -2267814.266  5009360.638  3221012.751
2022  62  26833 GPS  -2267814.266  5009360.645  3221012.756
2022  62  26834 GPS  -2267814.263  5009360.644  3221012.757
2022  62  26835 GPS  -2267814.261  5009360.646  3221012.761
2022  62  26836 GPS  -2267814.258  5009360.650  3221012.758
2022  62  26837 GPS  -2267814.257  5009360.655  3221012.755
2022  62  26838 GPS  -2267814.256  5009360.662  3221012.750
2022  62  26839 GPS  -2267814.255  5009360.667  3221012.748
2022  62  26840 GPS  -2267814.260  5009360.671  3221012.746
2022  62  26841 GPS  -2267814.256  5009360.667  3221012.740
2022  62  26842 GPS  -2267814.257  5009360.673  3221012.736
2022  62  26843 GPS  -2267814.265  5009360.676  3221012.734
2022  62  26844 GPS  -2267814.263  5009360.672  3221012.729
2022  62  26845 GPS  -2267814.260  5009360.665  3221012.725
2022  62  26846 GPS  -2267814.255  5009360.662  3221012.716
2022  62  26847 GPS  -2267814.255  5009360.662  3221012.715
2022  62  26848 GPS  -2267814.247  5009360.659  3221012.707
2022  62  26849 GPS  -2267814.246  5009360.648  3221012.700
2022  62  26850 GPS  -2267814.249  5009360.641  3221012.696
2022  62  26851 GPS  -2267814.249  5009360.636  3221012.696
2022  62  26852 GPS  -2267814.246  5009360.628  3221012.690
2022  62  26853 GPS  -2267814.245  5009360.626  3221012.685
2022  62  26854 GPS  -2267814.242  5009360.617  3221012.682
2022  62  26855 GPS  -2267814.236  5009360.603  3221012.673
2022  62  26856 GPS  -2267814.232  5009360.599  3221012.667
2022  62  26857 GPS  -2267814.221  5009360.587  3221012.660
2022  62  26858 GPS  -2267814.208  5009360.575  3221012.652
2022  62  26859 GPS  -2267814.198  5009360.566  3221012.645
2022  62  26860 GPS  -2267814.199  5009360.556  3221012.644
2022  62  26861 GPS  -2267814.192  5009360.545  3221012.639
2022  62  26862 GPS  -2267814.190  5009360.541  3221012.637
2022  62  26863 GPS  -2267814.188  5009360.542  3221012.637
2022  62  26864 GPS  -2267814.187  5009360.542  3221012.640
2022  62  26865 GPS  -2267814.181  5009360.537  3221012.632
2022  62  26866 GPS  -2267814.175  5009360.528  3221012.624
2022  62  26867 GPS  -2267814.173  5009360.523  3221012.618
2022  62  26868 GPS  -2267814.172  5009360.520  3221012.618
2022  62  26869 GPS  -2267814.173  5009360.518  3221012.619
2022  62  26870 GPS  -2267814.169  5009360.509  3221012.618
2022  62  26871 GPS  -2267814.164  5009360.504  3221012.611
2022  62  26872 GPS  -2267814.158  5009360.497  3221012.603
2022  62  26873 GPS  -2267814.160  5009360.493  3221012.599
2022  62  26874 GPS  -2267814.166  5009360.502  3221012.602
2022  62  26875 GPS  -2267814.173  5009360.511  3221012.607
2022  62  26876 GPS  -2267814.177  5009360.515  3221012.608
2022  62  26877 GPS  -2267814.178  5009360.512  3221012.602
2022  62  26878 GPS  -2267814.171  5009360.507  3221012.591
2022  62  26879 GPS  -2267814.163  5009360.500  3221012.581
2022  62  26880 GPS  -2267814.160  5009360.494  3221012.569
2022  62  26881 GPS  -2267814.160  5009360.493  3221012.565
2022  62  26882 GPS  -2267814.157  5009360.495  3221012.564
2022  62  26883 GPS  -2267814.153  5009360.496  3221012.561
2022  62  26884 GPS  -2267814.152  5009360.494  3221012.553
2022  62  26885 GPS  -2267814.151  5009360.485  3221012.548
2022  62  26886 GPS  -2267814.152  5009360.472  3221012.539
2022  62  26887 GPS  -2267814.151  5009360.465  3221012.539
2022  62  26888 GPS  -2267814.154  5009360.459  3221012.541
2022  62  26889 GPS  -2267814.154  5009360.461  3221012.541
2022  62  26890 GPS  -2267814.152  5009360.463  3221012.545
2022  62  26891 GPS  -2267814.151  5009360.461  3221012.547
2022  62  26892 GPS  -2267814.146  5009360.454  3221012.540
2022  62  26893 GPS  -2267814.137  5009360.450  3221012.539
2022  62  26894 GPS  -2267814.138  5009360.443  3221012.541
2022  62  26895 GPS  -2267814.139  5009360.442  3221012.546
2022  62  26896 GPS  -2267814.139  5009360.435  3221012.544
2022  62  26897 GPS  -2267814.138  5009360.425  3221012.539
2022  62  26898 GPS  -2267814.133  5009360.418  3221012.544
2022  62  26899 GPS  -2267814.135  5009360.418  3221012.543
2022  62  26900 GPS  -2267814.142  5009360.413  3221012.543
2022  62  26901 GPS  -2267814.145  5009360.412  3221012.549
2022  62  26902 GPS  -2267814.152  5009360.418  3221012.552
2022  62  26903 GPS  -2267814.149  5009360.422  3221012.552
2022  62  26904 GPS  -2267814.153  5009360.428  3221012.563
2022  62  26905 GPS  -2267814.154  5009360.430  3221012.566
2022  62  26906 GPS  -2267814.155  5009360.433  3221012.572
2022  62  26907 GPS  -2267814.154  5009360.429  3221012.577
2022  62  26908 GPS  -2267814.154  5009360.428  3221012.582
2022  62  26909 GPS  -2267813.889  5009360.113  3221012.266
2022  62  26910 GPS  -2267813.892  5009360.114  3221012.270
2022  62  26911 GPS  -2267813.894  5009360.115  3221012.279
2022  62  26912 GPS  -2267813.892  5009360.103  3221012.283
2022  62  26913 GPS  -2267813.890  5009360.101  3221012.285
2022  62  26914 GPS  -2267813.889  5009360.088  3221012.286
2022  62  26915 GPS  -2267813.887  5009360.085  3221012.288
2022  62  26916 GPS  -2267813.889  5009360.083  3221012.289
2022  62  26917 GPS  -2267813.893  5009360.083  3221012.288
2022  62  26918 GPS  -2267813.897  5009360.083  3221012.288
2022  62  26919 GPS  -2267813.900  5009360.089  3221012.291
2022  62  26920 GPS  -2267813.905  5009360.097  3221012.288
2022  62  26921 GPS  -2267813.904  5009360.089  3221012.281
2022  62  26922 GPS  -2267813.908  5009360.086  3221012.285
2022  62  26923 GPS  -2267813.905  5009360.077  3221012.282
2022  62  26924 GPS  -2267813.903  5009360.069  3221012.279
2022  62  26925 GPS  -2267813.901  5009360.063  3221012.277
2022  62  26926 GPS  -2267813.903  5009360.053  3221012.275
2022  62  26927 GPS  -2267813.906  5009360.046  3221012.271
2022  62  26928 GPS  -2267813.908  5009360.032  3221012.267
2022  62  26929 GPS  -2267813.910  5009360.023  3221012.264
2022  62  26930 GPS  -2267813.908  5009360.001  3221012.253
2022  62  26931 GPS  -2267813.908  5009359.984  3221012.244
2022  62  26932 GPS  -2267813.902  5009359.968  3221012.233
2022  62  26933 GPS  -2267813.898  5009359.953  3221012.224
2022  62  26934 GPS  -2267813.894  5009359.934  3221012.213
2022  62  26935 GPS  -2267813.897  5009359.929  3221012.210
2022  62  26936 GPS  -2267813.897  5009359.930  3221012.207
2022  62  26937 GPS  -2267813.897  5009359.926  3221012.206
2022  62  26938 GPS  -2267813.900  5009359.923  3221012.202
2022  62  26939 GPS  -2267813.902  5009359.918  3221012.195
2022  62  26940 GPS  -2267813.896  5009359.913  3221012.188
2022  62  26941 GPS  -2267813.892  5009359.913  3221012.186
2022  62  26942 GPS  -2267813.893  5009359.910  3221012.183
2022  62  26943 GPS  -2267813.894  5009359.910  3221012.173
2022  62  26944 GPS  -2267813.891  5009359.910  3221012.164
2022  62  26945 GPS  -2267813.892  5009359.903  3221012.156
2022  62  26946 GPS  -2267813.898  5009359.897  3221012.157
2022  62  26947 GPS  -2267813.900  5009359.894  3221012.151
2022  62  26948 GPS  -2267813.900  5009359.889  3221012.146
2022  62  26949 GPS  -2267813.900  5009359.881  3221012.142
2022  62  26950 GPS  -2267813.903  5009359.881  3221012.136
2022  62  26951 GPS  -2267813.902  5009359.877  3221012.128
2022  62  26952 GPS  -2267813.902  5009359.873  3221012.122
2022  62  26953 GPS  -2267813.898  5009359.865  3221012.114
2022  62  26954 GPS  -2267813.893  5009359.860  3221012.110
2022  62  26955 GPS  -2267813.893  5009359.858  3221012.113
2022  62  26956 GPS  -2267813.894  5009359.858  3221012.110
2022  62  26957 GPS  -2267813.892  5009359.863  3221012.109
2022  62  26958 GPS  -2267813.892  5009359.867  3221012.109
2022  62  26959 GPS  -2267813.888  5009359.873  3221012.106
2022  62  26960 GPS  -2267813.884  5009359.888  3221012.108
2022  62  26961 GPS  -2267813.878  5009359.896  3221012.107
2022  62  26962 GPS  -2267813.875  5009359.900  3221012.106
2022  62  26963 GPS  -2267813.873  5009359.900  3221012.106
2022  62  26964 GPS  -2267813.866  5009359.887  3221012.094
2022  62  26965 GPS  -2267813.861  5009359.882  3221012.092
2022  62  26966 GPS  -2267813.854  5009359.878  3221012.087
2022  62  26967 GPS  -2267813.852  5009359.875  3221012.084
2022  62  26968 GPS  -2267813.849  5009359.865  3221012.077
2022  62  26969 GPS  -2267813.848  5009359.857  3221012.068
2022  62  26970 GPS  -2267813.841  5009359.845  3221012.062
2022  62  26971 GPS  -2267813.838  5009359.838  3221012.061
2022  62  26972 GPS  -2267813.839  5009359.839  3221012.060
2022  62  26973 GPS  -2267813.837  5009359.831  3221012.050
2022  62  26974 GPS  -2267813.832  5009359.823  3221012.043
2022  62  26975 GPS  -2267813.827  5009359.816  3221012.033
2022  62  26976 GPS  -2267813.826  5009359.814  3221012.031
2022  62  26977 GPS  -2267813.828  5009359.808  3221012.028
2022  62  26978 GPS  -2267813.850  5009359.828  3221012.038
2022  62  26979 GPS  -2267813.845  5009359.825  3221012.033
2022  62  26980 GPS  -2267813.838  5009359.823  3221012.029
2022  62  26981 GPS  -2267813.829  5009359.811  3221012.021
2022  62  26982 GPS  -2267813.827  5009359.806  3221012.017
2022  62  26983 GPS  -2267813.824  5009359.795  3221012.008
2022  62  26984 GPS  -2267813.821  5009359.788  3221012.003
2022  62  26985 GPS  -2267813.816  5009359.776  3221011.996
2022  62  26986 GPS  -2267813.814  5009359.772  3221011.990
2022  62  26987 GPS  -2267813.813  5009359.769  3221011.983
2022  62  26988 GPS  -2267813.808  5009359.760  3221011.976
2022  62  26989 GPS  -2267813.808  5009359.759  3221011.978
2022  62  26990 GPS  -2267813.804  5009359.753  3221011.973
2022  62  26991 GPS  -2267813.796  5009359.741  3221011.969
2022  62  26992 GPS  -2267813.796  5009359.734  3221011.970
2022  62  26993 GPS  -2267813.788  5009359.713  3221011.960
2022  62  26994 GPS  -2267813.788  5009359.709  3221011.961
2022  62  26995 GPS  -2267813.788  5009359.706  3221011.962
2022  62  26996 GPS  -2267813.787  5009359.695  3221011.960
2022  62  26997 GPS  -2267813.786  5009359.677  3221011.957
2022  62  26998 GPS  -2267813.786  5009359.672  3221011.959
2022  62  26999 GPS  -2267813.784  5009359.677  3221011.964
2022  62  27000 GPS  -2267813.791  5009359.681  3221011.965
2022  62  27001 GPS  -2267813.798  5009359.683  3221011.973
2022  62  27002 GPS  -2267813.809  5009359.690  3221011.978
2022  62  27003 GPS  -2267813.812  5009359.694  3221011.979
2022  62  27004 GPS  -2267813.810  5009359.694  3221011.981
2022  62  27005 GPS  -2267813.811  5009359.693  3221011.983
2022  62  27006 GPS  -2267813.817  5009359.695  3221011.983
2022  62  27007 GPS  -2267813.821  5009359.697  3221011.986
2022  62  27008 GPS  -2267813.826  5009359.699  3221011.988
2022  62  27009 GPS  -2267813.829  5009359.701  3221011.990
2022  62  27010 GPS  -2267813.832  5009359.704  3221011.995
2022  62  27011 GPS  -2267813.835  5009359.713  3221011.996
2022  62  27012 GPS  -2267813.837  5009359.719  3221012.002
2022  62  27013 GPS  -2267813.838  5009359.720  3221012.003
2022  62  27014 GPS  -2267813.836  5009359.710  3221012.005
2022  62  27015 GPS  -2267813.838  5009359.708  3221012.005
2022  62  27016 GPS  -2267813.841  5009359.713  3221012.009
2022  62  27017 GPS  -2267813.841  5009359.717  3221012.009
2022  62  27018 GPS  -2267813.838  5009359.714  3221012.003
2022  62  27019 GPS  -2267813.841  5009359.719  3221012.010
2022  62  27020 GPS  -2267813.847  5009359.722  3221012.012
2022  62  27021 GPS  -2267813.854  5009359.719  3221012.014
2022  62  27022 GPS  -2267813.855  5009359.715  3221012.010
2022  62  27023 GPS  -2267813.846  5009359.705  3221012.005
2022  62  27024 GPS  -2267813.843  5009359.698  3221011.998
2022  62  27025 GPS  -2267813.846  5009359.695  3221012.000
2022  62  27026 GPS  -2267813.844  5009359.684  3221011.995
2022  62  27027 GPS  -2267813.843  5009359.683  3221011.995
2022  62  27028 GPS  -2267813.840  5009359.678  3221011.991
2022  62  27029 GPS  -2267813.837  5009359.679  3221011.989
2022  62  27030 GPS  -2267813.840  5009359.679  3221011.985
2022  62  27031 GPS  -2267813.838  5009359.673  3221011.978
2022  62  27032 GPS  -2267813.837  5009359.657  3221011.969
2022  62  27033 GPS  -2267813.837  5009359.656  3221011.965
2022  62  27034 GPS  -2267813.829  5009359.645  3221011.959
2022  62  27035 GPS  -2267813.822  5009359.640  3221011.951
2022  62  27036 GPS  -2267813.828  5009359.641  3221011.949
2022  62  27037 GPS  -2267813.830  5009359.639  3221011.946
2022  62  27038 GPS  -2267813.825  5009359.637  3221011.944
2022  62  27039 GPS  -2267813.820  5009359.627  3221011.941
2022  62  27040 GPS  -2267813.821  5009359.622  3221011.939
2022  62  27041 GPS  -2267813.822  5009359.622  3221011.940
2022  62  27042 GPS  -2267813.822  5009359.624  3221011.937
2022  62  27043 GPS  -2267813.820  5009359.622  3221011.932
2022  62  27044 GPS  -2267813.815  5009359.616  3221011.926
2022  62  27045 GPS  -2267813.811  5009359.606  3221011.922
2022  62  27046 GPS  -2267813.807  5009359.599  3221011.921
2022  62  27047 GPS  -2267813.800  5009359.591  3221011.914
2022  62  27048 GPS  -2267813.796  5009359.584  3221011.906
2022  62  27049 GPS  -2267813.793  5009359.578  3221011.901
2022  62  27050 GPS  -2267813.792  5009359.578  3221011.896
2022  62  27051 GPS  -2267813.787  5009359.582  3221011.893
2022  62  27052 GPS  -2267813.785  5009359.596  3221011.894
2022  62  27053 GPS  -2267813.784  5009359.603  3221011.892
2022  62  27054 GPS  -2267813.782  5009359.607  3221011.891
2022  62  27055 GPS  -2267813.783  5009359.612  3221011.890
2022  62  27056 GPS  -2267813.776  5009359.614  3221011.883
2022  62  27057 GPS  -2267813.769  5009359.604  3221011.878
2022  62  27058 GPS  -2267813.767  5009359.597  3221011.876
2022  62  27059 GPS  -2267813.770  5009359.599  3221011.874
2022  62  27060 GPS  -2267813.771  5009359.599  3221011.872
2022  62  27061 GPS  -2267813.766  5009359.593  3221011.867
2022  62  27062 GPS  -2267813.759  5009359.577  3221011.860
2022  62  27063 GPS  -2267813.754  5009359.576  3221011.860
2022  62  27064 GPS  -2267813.750  5009359.568  3221011.858
2022  62  27065 GPS  -2267813.750  5009359.553  3221011.852
2022  62  27066 GPS  -2267813.749  5009359.543  3221011.854
2022  62  27067 GPS  -2267813.744  5009359.537  3221011.850
2022  62  27068 GPS  -2267813.743  5009359.528  3221011.845
2022  62  27069 GPS  -2267813.744  5009359.518  3221011.841
2022  62  27070 GPS  -2267813.749  5009359.516  3221011.842
2022  62  27071 GPS  -2267813.760  5009359.527  3221011.853
2022  62  27072 GPS  -2267813.767  5009359.528  3221011.857
2022  62  27073 GPS  -2267813.772  5009359.527  3221011.859
2022  62  27074 GPS  -2267813.776  5009359.529  3221011.857
2022  62  27075 GPS  -2267813.781  5009359.535  3221011.857
2022  62  27076 GPS  -2267813.789  5009359.543  3221011.861
2022  62  27077 GPS  -2267813.798  5009359.546  3221011.866
2022  62  27078 GPS  -2267813.807  5009359.549  3221011.870
2022  62  27079 GPS  -2267813.809  5009359.553  3221011.870
2022  62  27080 GPS  -2267813.809  5009359.556  3221011.868
2022  62  27081 GPS  -2267813.808  5009359.562  3221011.867
2022  62  27082 GPS  -2267813.815  5009359.571  3221011.870
2022  62  27083 GPS  -2267813.817  5009359.570  3221011.869
2022  62  27084 GPS  -2267813.814  5009359.569  3221011.864
2022  62  27085 GPS  -2267813.816  5009359.569  3221011.865
2022  62  27086 GPS  -2267813.817  5009359.576  3221011.863
2022  62  27087 GPS  -2267813.806  5009359.576  3221011.856
2022  62  27088 GPS  -2267813.804  5009359.573  3221011.852
2022  62  27089 GPS  -2267813.807  5009359.575  3221011.845
2022  62  27090 GPS  -2267813.794  5009359.566  3221011.835
2022  62  27091 GPS  -2267813.782  5009359.550  3221011.819
2022  62  27092 GPS  -2267813.770  5009359.540  3221011.805
2022  62  27093 GPS  -2267813.761  5009359.534  3221011.794
2022  62  27094 GPS  -2267813.749  5009359.519  3221011.781
2022  62  27095 GPS  -2267813.740  5009359.505  3221011.769
2022  62  27096 GPS  -2267813.731  5009359.496  3221011.760
2022  62  27097 GPS  -2267813.723  5009359.494  3221011.755
2022  62  27098 GPS  -2267813.720  5009359.492  3221011.746
2022  62  27099 GPS  -2267813.720  5009359.494  3221011.738
2022  62  27100 GPS  -2267813.719  5009359.493  3221011.735
2022  62  27101 GPS  -2267813.714  5009359.484  3221011.728
2022  62  27102 GPS  -2267813.712  5009359.481  3221011.722
2022  62  27103 GPS  -2267813.707  5009359.481  3221011.713
2022  62  27104 GPS  -2267813.710  5009359.483  3221011.709
2022  62  27105 GPS  -2267813.712  5009359.492  3221011.709
2022  62  27106 GPS  -2267813.716  5009359.497  3221011.710
2022  62  27107 GPS  -2267813.722  5009359.498  3221011.707
2022  62  27108 GPS  -2267813.724  5009359.501  3221011.703
2022  62  27109 GPS  -2267813.723  5009359.502  3221011.702
2022  62  27110 GPS  -2267813.723  5009359.498  3221011.695
2022  62  27111 GPS  -2267813.725  5009359.497  3221011.695
2022  62  27112 GPS  -2267813.731  5009359.493  3221011.697
2022  62  27113 GPS  -2267813.738  5009359.496  3221011.701
2022  62  27114 GPS  -2267813.740  5009359.498  3221011.699
2022  62  27115 GPS  -2267813.740  5009359.498  3221011.699
2022  62  27116 GPS  -2267813.738  5009359.492  3221011.694
2022  62  27117 GPS  -2267813.741  5009359.485  3221011.687
2022  62  27118 GPS  -2267813.743  5009359.478  3221011.680
2022  62  27119 GPS  -2267813.740  5009359.468  3221011.672
2022  62  27120 GPS  -2267813.737  5009359.462  3221011.665
2022  62  27121 GPS  -2267813.732  5009359.453  3221011.659
2022  62  27122 GPS  -2267813.728  5009359.442  3221011.651
2022  62  27123 GPS  -2267813.720  5009359.422  3221011.643
2022  62  27124 GPS  -2267813.713  5009359.408  3221011.634
2022  62  27125 GPS  -2267813.708  5009359.391  3221011.629
2022  62  27126 GPS  -2267813.697  5009359.373  3221011.617
2022  62  27127 GPS  -2267813.688  5009359.366  3221011.615
2022  62  27128 GPS  -2267813.677  5009359.349  3221011.605
2022  62  27129 GPS  -2267813.669  5009359.347  3221011.603
2022  62  27130 GPS  -2267813.661  5009359.335  3221011.598
2022  62  27131 GPS  -2267813.656  5009359.330  3221011.601
2022  62  27132 GPS  -2267813.651  5009359.324  3221011.600
2022  62  27133 GPS  -2267813.644  5009359.317  3221011.593
2022  62  27134 GPS  -2267813.637  5009359.312  3221011.588
2022  62  27135 GPS  -2267813.628  5009359.300  3221011.578
2022  62  27136 GPS  -2267813.629  5009359.300  3221011.573
2022  62  27137 GPS  -2267813.628  5009359.302  3221011.568
2022  62  27138 GPS  -2267813.624  5009359.308  3221011.565
2022  62  27139 GPS  -2267813.621  5009359.310  3221011.564
2022  62  27140 GPS  -2267813.617  5009359.307  3221011.562
2022  62  27141 GPS  -2267813.617  5009359.303  3221011.560
2022  62  27142 GPS  -2267813.615  5009359.298  3221011.558
2022  62  27143 GPS  -2267813.611  5009359.291  3221011.553
2022  62  27144 GPS  -2267813.604  5009359.277  3221011.544
2022  62  27145 GPS  -2267813.604  5009359.276  3221011.543
2022  62  27146 GPS  -2267813.603  5009359.275  3221011.539
2022  62  27147 GPS  -2267813.612  5009359.284  3221011.543
2022  62  27148 GPS  -2267813.619  5009359.286  3221011.543
2022  62  27149 GPS  -2267813.623  5009359.287  3221011.541
2022  62  27150 GPS  -2267813.629  5009359.287  3221011.541
2022  62  27151 GPS  -2267813.633  5009359.288  3221011.543
2022  62  27152 GPS  -2267813.632  5009359.283  3221011.544
2022  62  27153 GPS  -2267813.632  5009359.269  3221011.539
2022  62  27154 GPS  -2267813.628  5009359.260  3221011.538
2022  62  27155 GPS  -2267813.624  5009359.247  3221011.532
2022  62  27156 GPS  -2267813.623  5009359.236  3221011.527
2022  62  27157 GPS  -2267813.620  5009359.223  3221011.523
2022  62  27158 GPS  -2267813.613  5009359.210  3221011.515
2022  62  27159 GPS  -2267813.611  5009359.204  3221011.510
2022  62  27160 GPS  -2267813.605  5009359.207  3221011.503
2022  62  27161 GPS  -2267813.595  5009359.202  3221011.492
2022  62  27162 GPS  -2267813.589  5009359.200  3221011.486
2022  62  27163 GPS  -2267813.590  5009359.205  3221011.489
2022  62  27164 GPS  -2267813.587  5009359.200  3221011.487
2022  62  27165 GPS  -2267813.585  5009359.202  3221011.482
2022  62  27166 GPS  -2267813.583  5009359.202  3221011.477
2022  62  27167 GPS  -2267813.580  5009359.205  3221011.474
2022  62  27168 GPS  -2267813.579  5009359.216  3221011.474
2022  62  27169 GPS  -2267813.582  5009359.226  3221011.472
2022  62  27170 GPS  -2267813.588  5009359.242  3221011.475
2022  62  27171 GPS  -2267813.590  5009359.247  3221011.473
2022  62  27172 GPS  -2267813.593  5009359.247  3221011.474
2022  62  27173 GPS  -2267813.597  5009359.248  3221011.478
2022  62  27174 GPS  -2267813.599  5009359.244  3221011.476
2022  62  27175 GPS  -2267813.594  5009359.235  3221011.469
2022  62  27176 GPS  -2267813.584  5009359.218  3221011.461
2022  62  27177 GPS  -2267813.581  5009359.210  3221011.451
2022  62  27178 GPS  -2267813.572  5009359.207  3221011.446
2022  62  27179 GPS  -2267813.574  5009359.204  3221011.441
2022  62  27180 GPS  -2267813.573  5009359.204  3221011.438
2022  62  27181 GPS  -2267813.576  5009359.210  3221011.441
2022  62  27182 GPS  -2267813.578  5009359.215  3221011.443
2022  62  27183 GPS  -2267813.578  5009359.219  3221011.442
2022  62  27184 GPS  -2267813.571  5009359.216  3221011.439
2022  62  27185 GPS  -2267813.569  5009359.221  3221011.441
2022  62  27186 GPS  -2267813.571  5009359.228  3221011.443
2022  62  27187 GPS  -2267813.569  5009359.232  3221011.441
2022  62  27188 GPS  -2267813.563  5009359.233  3221011.437
2022  62  27189 GPS  -2267813.561  5009359.232  3221011.428
2022  62  27190 GPS  -2267813.559  5009359.242  3221011.429
2022  62  27191 GPS  -2267813.559  5009359.240  3221011.427
2022  62  27192 GPS  -2267813.558  5009359.238  3221011.423
2022  62  27193 GPS  -2267813.554  5009359.237  3221011.426
2022  62  27194 GPS  -2267813.558  5009359.239  3221011.433
2022  62  27195 GPS  -2267813.562  5009359.236  3221011.432
2022  62  27196 GPS  -2267813.564  5009359.237  3221011.432
2022  62  27197 GPS  -2267813.563  5009359.233  3221011.431
2022  62  27198 GPS  -2267813.562  5009359.229  3221011.432
2022  62  27199 GPS  -2267813.562  5009359.222  3221011.429
2022  62  27200 GPS  -2267813.563  5009359.215  3221011.425
2022  62  27201 GPS  -2267813.562  5009359.198  3221011.422
2022  62  27202 GPS  -2267813.560  5009359.185  3221011.419
2022  62  27203 GPS  -2267813.556  5009359.170  3221011.412
2022  62  27204 GPS  -2267813.547  5009359.153  3221011.404
2022  62  27205 GPS  -2267813.541  5009359.139  3221011.400
2022  62  27206 GPS  -2267813.538  5009359.127  3221011.395
2022  62  27207 GPS  -2267813.527  5009359.110  3221011.390
2022  62  27208 GPS  -2267813.519  5009359.103  3221011.389
2022  62  27209 GPS  -2267813.512  5009359.097  3221011.391
2022  62  27210 GPS  -2267813.504  5009359.092  3221011.388
2022  62  27211 GPS  -2267813.498  5009359.087  3221011.388
2022  62  27212 GPS  -2267813.498  5009359.083  3221011.392
2022  62  27213 GPS  -2267813.499  5009359.081  3221011.397
2022  62  27214 GPS  -2267813.498  5009359.082  3221011.400
2022  62  27215 GPS  -2267813.498  5009359.090  3221011.407
2022  62  27216 GPS  -2267813.498  5009359.092  3221011.410
2022  62  27217 GPS  -2267813.489  5009359.083  3221011.409
2022  62  27218 GPS  -2267813.490  5009359.087  3221011.417
2022  62  27219 GPS  -2267813.495  5009359.089  3221011.421
2022  62  27220 GPS  -2267813.500  5009359.087  3221011.423
2022  62  27221 GPS  -2267813.508  5009359.087  3221011.428
2022  62  27222 GPS  -2267813.511  5009359.088  3221011.435
2022  62  27223 GPS  -2267813.511  5009359.086  3221011.436
2022  62  27224 GPS  -2267813.506  5009359.080  3221011.434
2022  62  27225 GPS  -2267813.503  5009359.084  3221011.432
2022  62  27226 GPS  -2267813.501  5009359.087  3221011.431
2022  62  27227 GPS  -2267813.497  5009359.085  3221011.430
2022  62  27228 GPS  -2267813.488  5009359.081  3221011.431
2022  62  27229 GPS  -2267813.481  5009359.076  3221011.433
2022  62  27230 GPS  -2267813.478  5009359.073  3221011.433
2022  62  27231 GPS  -2267813.480  5009359.073  3221011.437
2022  62  27232 GPS  -2267813.478  5009359.071  3221011.437
2022  62  27233 GPS  -2267813.471  5009359.063  3221011.435
2022  62  27234 GPS  -2267813.463  5009359.058  3221011.435
2022  62  27235 GPS  -2267813.453  5009359.049  3221011.425
2022  62  27236 GPS  -2267813.447  5009359.041  3221011.423
2022  62  27237 GPS  -2267813.442  5009359.029  3221011.417
2022  62  27238 GPS  -2267813.438  5009359.019  3221011.419
2022  62  27239 GPS  -2267813.432  5009359.015  3221011.416
2022  62  27240 GPS  -2267813.427  5009359.011  3221011.412
2022  62  27241 GPS  -2267813.427  5009359.013  3221011.410
2022  62  27242 GPS  -2267813.423  5009359.013  3221011.400
2022  62  27243 GPS  -2267813.419  5009359.016  3221011.393
2022  62  27244 GPS  -2267813.422  5009359.028  3221011.393
2022  62  27245 GPS  -2267813.431  5009359.039  3221011.395
2022  62  27246 GPS  -2267813.434  5009359.043  3221011.389
2022  62  27247 GPS  -2267813.430  5009359.040  3221011.380
2022  62  27248 GPS  -2267813.431  5009359.047  3221011.378
2022  62  27249 GPS  -2267813.428  5009359.041  3221011.367
2022  62  27250 GPS  -2267813.418  5009359.028  3221011.348
2022  62  27251 GPS  -2267813.412  5009359.021  3221011.334
2022  62  27252 GPS  -2267813.402  5009359.015  3221011.321
2022  62  27253 GPS  -2267813.399  5009359.013  3221011.312
2022  62  27254 GPS  -2267813.394  5009359.011  3221011.308
2022  62  27255 GPS  -2267813.397  5009359.013  3221011.307
2022  62  27256 GPS  -2267813.402  5009359.014  3221011.306
2022  62  27257 GPS  -2267813.408  5009359.005  3221011.308
2022  62  27258 GPS  -2267813.404  5009358.984  3221011.293
2022  62  27259 GPS  -2267813.400  5009358.972  3221011.285
2022  62  27260 GPS  -2267813.398  5009358.962  3221011.279
2022  62  27261 GPS  -2267813.390  5009358.955  3221011.273
2022  62  27262 GPS  -2267813.387  5009358.941  3221011.264
2022  62  27263 GPS  -2267813.382  5009358.935  3221011.252
2022  62  27264 GPS  -2267813.376  5009358.917  3221011.235
2022  62  27265 GPS  -2267813.372  5009358.901  3221011.223
2022  62  27266 GPS  -2267813.371  5009358.896  3221011.217
2022  62  27267 GPS  -2267813.372  5009358.890  3221011.213
2022  62  27268 GPS  -2267813.368  5009358.879  3221011.211
2022  62  27269 GPS  -2267813.370  5009358.871  3221011.209
2022  62  27270 GPS  -2267813.372  5009358.861  3221011.200
2022  62  27271 GPS  -2267813.374  5009358.860  3221011.192
2022  62  27272 GPS  -2267813.367  5009358.848  3221011.180
2022  62  27273 GPS  -2267813.356  5009358.840  3221011.165
2022  62  27274 GPS  -2267813.347  5009358.826  3221011.148
2022  62  27275 GPS  -2267813.340  5009358.820  3221011.140
2022  62  27276 GPS  -2267813.330  5009358.808  3221011.132
2022  62  27277 GPS  -2267813.324  5009358.802  3221011.126
2022  62  27278 GPS  -2267813.315  5009358.796  3221011.119
2022  62  27279 GPS  -2267813.312  5009358.794  3221011.113
2022  62  27280 GPS  -2267813.309  5009358.794  3221011.108
2022  62  27281 GPS  -2267813.303  5009358.784  3221011.097
2022  62  27282 GPS  -2267813.297  5009358.772  3221011.091
2022  62  27283 GPS  -2267813.285  5009358.753  3221011.078
2022  62  27284 GPS  -2267813.282  5009358.739  3221011.069
2022  62  27285 GPS  -2267813.274  5009358.720  3221011.054
2022  62  27286 GPS  -2267813.271  5009358.703  3221011.043
2022  62  27287 GPS  -2267813.267  5009358.691  3221011.035
2022  62  27288 GPS  -2267813.263  5009358.679  3221011.031
2022  62  27289 GPS  -2267813.270  5009358.680  3221011.031
2022  62  27290 GPS  -2267813.263  5009358.671  3221011.027
2022  62  27291 GPS  -2267813.261  5009358.662  3221011.018
2022  62  27292 GPS  -2267813.256  5009358.654  3221011.011
2022  62  27293 GPS  -2267813.253  5009358.645  3221011.005
2022  62  27294 GPS  -2267813.253  5009358.642  3221011.000
2022  62  27295 GPS  -2267813.242  5009358.634  3221010.992
2022  62  27296 GPS  -2267813.241  5009358.635  3221010.995
2022  62  27297 GPS  -2267813.238  5009358.636  3221010.991
2022  62  27298 GPS  -2267813.235  5009358.632  3221010.983
2022  62  27299 GPS  -2267813.227  5009358.623  3221010.973
2022  62  27300 GPS  -2267813.223  5009358.629  3221010.965
2022  62  27301 GPS  -2267813.227  5009358.645  3221010.969
2022  62  27302 GPS  -2267813.230  5009358.661  3221010.972
2022  62  27303 GPS  -2267813.231  5009358.675  3221010.977
2022  62  27304 GPS  -2267813.231  5009358.684  3221010.982
2022  62  27305 GPS  -2267813.232  5009358.694  3221010.983
2022  62  27306 GPS  -2267813.231  5009358.695  3221010.981
2022  62  27307 GPS  -2267813.233  5009358.700  3221010.985
2022  62  27308 GPS  -2267813.238  5009358.714  3221010.990
2022  62  27309 GPS  -2267813.238  5009358.713  3221010.987
2022  62  27310 GPS  -2267813.236  5009358.705  3221010.981
2022  62  27311 GPS  -2267813.231  5009358.698  3221010.978
2022  62  27312 GPS  -2267813.239  5009358.699  3221010.975
2022  62  27313 GPS  -2267813.242  5009358.694  3221010.967
2022  62  27314 GPS  -2267813.244  5009358.688  3221010.958
2022  62  27315 GPS  -2267813.246  5009358.682  3221010.952
2022  62  27316 GPS  -2267813.250  5009358.686  3221010.951
2022  62  27317 GPS  -2267813.246  5009358.679  3221010.943
2022  62  27318 GPS  -2267813.243  5009358.671  3221010.936
2022  62  27319 GPS  -2267813.244  5009358.671  3221010.940
2022  62  27320 GPS  -2267813.239  5009358.664  3221010.937
2022  62  27321 GPS  -2267813.234  5009358.653  3221010.929
2022  62  27322 GPS  -2267813.235  5009358.651  3221010.925
2022  62  27323 GPS  -2267813.233  5009358.638  3221010.916
2022  62  27324 GPS  -2267813.227  5009358.627  3221010.904
2022  62  27325 GPS  -2267813.226  5009358.623  3221010.898
2022  62  27326 GPS  -2267813.231  5009358.619  3221010.894
2022  62  27327 GPS  -2267813.229  5009358.610  3221010.888
2022  62  27328 GPS  -2267813.232  5009358.606  3221010.883
2022  62  27329 GPS  -2267813.234  5009358.604  3221010.881
2022  62  27330 GPS  -2267813.235  5009358.601  3221010.878
2022  62  27331 GPS  -2267813.233  5009358.589  3221010.876
2022  62  27332 GPS  -2267813.225  5009358.572  3221010.865
2022  62  27333 GPS  -2267813.217  5009358.553  3221010.850
2022  62  27334 GPS  -2267813.215  5009358.543  3221010.843
2022  62  27335 GPS  -2267813.212  5009358.541  3221010.835
2022  62  27336 GPS  -2267813.211  5009358.538  3221010.821
2022  62  27337 GPS  -2267813.208  5009358.537  3221010.814
2022  62  27338 GPS  -2267813.204  5009358.529  3221010.800
2022  62  27339 GPS  -2267813.201  5009358.527  3221010.793
2022  62  27340 GPS  -2267813.199  5009358.526  3221010.787
2022  62  27341 GPS  -2267813.200  5009358.526  3221010.775
2022  62  27342 GPS  -2267813.203  5009358.530  3221010.770
2022  62  27343 GPS  -2267813.203  5009358.532  3221010.761
2022  62  27344 GPS  -2267813.195  5009358.525  3221010.746
2022  62  27345 GPS  -2267813.191  5009358.529  3221010.739
2022  62  27346 GPS  -2267813.194  5009358.529  3221010.737
2022  62  27347 GPS  -2267813.191  5009358.524  3221010.729
2022  62  27348 GPS  -2267813.183  5009358.520  3221010.723
2022  62  27349 GPS  -2267813.180  5009358.525  3221010.717
2022  62  27350 GPS  -2267813.177  5009358.525  3221010.713
2022  62  27351 GPS  -2267813.178  5009358.542  3221010.714
2022  62  27352 GPS  -2267813.170  5009358.547  3221010.711
2022  62  27353 GPS  -2267813.163  5009358.550  3221010.712
2022  62  27354 GPS  -2267813.155  5009358.547  3221010.704
2022  62  27355 GPS  -2267813.148  5009358.543  3221010.703
2022  62  27356 GPS  -2267813.137  5009358.542  3221010.701
2022  62  27357 GPS  -2267813.133  5009358.552  3221010.700
2022  62  27358 GPS  -2267813.131  5009358.559  3221010.705
2022  62  27359 GPS  -2267813.131  5009358.574  3221010.710
2022  62  27360 GPS  -2267813.128  5009358.582  3221010.714
2022  62  27361 GPS  -2267813.129  5009358.587  3221010.719
2022  62  27362 GPS  -2267813.128  5009358.587  3221010.725
2022  62  27363 GPS  -2267813.133  5009358.594  3221010.734
2022  62  27364 GPS  -2267813.140  5009358.605  3221010.744
2022  62  27365 GPS  -2267813.144  5009358.603  3221010.747
2022  62  27366 GPS  -2267813.148  5009358.601  3221010.754
2022  62  27367 GPS  -2267813.153  5009358.608  3221010.763
2022  62  27368 GPS  -2267813.152  5009358.614  3221010.767
2022  62  27369 GPS  -2267813.155  5009358.622  3221010.775
2022  62  27370 GPS  -2267813.153  5009358.633  3221010.783
2022  62  27371 GPS  -2267813.163  5009358.637  3221010.790
2022  62  27372 GPS  -2267813.168  5009358.646  3221010.801
2022  62  27373 GPS  -2267813.170  5009358.661  3221010.812
2022  62  27374 GPS  -2267813.170  5009358.671  3221010.821
2022  62  27375 GPS  -2267813.168  5009358.667  3221010.824
2022  62  27376 GPS  -2267813.162  5009358.666  3221010.825
2022  62  27377 GPS  -2267813.161  5009358.664  3221010.823
2022  62  27378 GPS  -2267813.165  5009358.664  3221010.826
2022  62  27379 GPS  -2267813.162  5009358.653  3221010.821
2022  62  27380 GPS  -2267813.160  5009358.638  3221010.820
2022  62  27381 GPS  -2267813.156  5009358.634  3221010.817
2022  62  27382 GPS  -2267813.152  5009358.626  3221010.817
2022  62  27383 GPS  -2267813.148  5009358.624  3221010.817
2022  62  27384 GPS  -2267813.143  5009358.627  3221010.816
2022  62  27385 GPS  -2267813.136  5009358.619  3221010.813
2022  62  27386 GPS  -2267813.127  5009358.603  3221010.806
2022  62  27387 GPS  -2267813.123  5009358.591  3221010.803
2022  62  27388 GPS  -2267813.118  5009358.584  3221010.796
2022  62  27389 GPS  -2267813.116  5009358.575  3221010.790
2022  62  27390 GPS  -2267813.114  5009358.569  3221010.782
2022  62  27391 GPS  -2267813.109  5009358.562  3221010.771
2022  62  27392 GPS  -2267813.104  5009358.552  3221010.755
2022  62  27393 GPS  -2267813.102  5009358.552  3221010.745
2022  62  27394 GPS  -2267813.099  5009358.546  3221010.736
2022  62  27395 GPS  -2267813.090  5009358.544  3221010.730
2022  62  27396 GPS  -2267813.084  5009358.540  3221010.721
2022  62  27397 GPS  -2267813.081  5009358.541  3221010.720
2022  62  27398 GPS  -2267813.072  5009358.532  3221010.712
2022  62  27399 GPS  -2267813.069  5009358.527  3221010.703
2022  62  27400 GPS  -2267813.057  5009358.528  3221010.693
2022  62  27401 GPS  -2267813.046  5009358.526  3221010.679
2022  62  27402 GPS  -2267813.039  5009358.526  3221010.669
2022  62  27403 GPS  -2267813.037  5009358.527  3221010.659
2022  62  27404 GPS  -2267813.031  5009358.525  3221010.649
2022  62  27405 GPS  -2267813.031  5009358.535  3221010.649
2022  62  27406 GPS  -2267813.029  5009358.544  3221010.646
2022  62  27407 GPS  -2267813.023  5009358.544  3221010.641
2022  62  27408 GPS  -2267813.023  5009358.542  3221010.637
2022  62  27409 GPS  -2267813.017  5009358.535  3221010.627
2022  62  27410 GPS  -2267813.016  5009358.538  3221010.623
2022  62  27411 GPS  -2267813.014  5009358.530  3221010.610
2022  62  27412 GPS  -2267813.012  5009358.526  3221010.605
2022  62  27413 GPS  -2267813.013  5009358.519  3221010.602
2022  62  27414 GPS  -2267813.011  5009358.513  3221010.594
2022  62  27415 GPS  -2267813.011  5009358.518  3221010.590
2022  62  27416 GPS  -2267813.016  5009358.518  3221010.590
2022  62  27417 GPS  -2267813.020  5009358.515  3221010.588
2022  62  27418 GPS  -2267813.026  5009358.513  3221010.593
2022  62  27419 GPS  -2267813.028  5009358.515  3221010.594
2022  62  27420 GPS  -2267813.028  5009358.514  3221010.594
2022  62  27421 GPS  -2267813.027  5009358.508  3221010.590
2022  62  27422 GPS  -2267813.025  5009358.495  3221010.588
2022  62  27423 GPS  -2267813.027  5009358.485  3221010.584
2022  62  27424 GPS  -2267813.032  5009358.483  3221010.581
2022  62  27425 GPS  -2267813.039  5009358.489  3221010.582
2022  62  27426 GPS  -2267813.045  5009358.492  3221010.581
2022  62  27427 GPS  -2267813.056  5009358.495  3221010.583
2022  62  27428 GPS  -2267813.050  5009358.489  3221010.576
2022  62  27429 GPS  -2267813.049  5009358.484  3221010.571
2022  62  27430 GPS  -2267813.052  5009358.476  3221010.566
2022  62  27431 GPS  -2267813.049  5009358.469  3221010.563
2022  62  27432 GPS  -2267813.046  5009358.457  3221010.556
2022  62  27433 GPS  -2267813.038  5009358.443  3221010.552
2022  62  27434 GPS  -2267813.023  5009358.419  3221010.542
2022  62  27435 GPS  -2267813.013  5009358.413  3221010.536
2022  62  27436 GPS  -2267812.999  5009358.407  3221010.529
2022  62  27437 GPS  -2267812.986  5009358.401  3221010.522
2022  62  27438 GPS  -2267812.979  5009358.391  3221010.517
2022  62  27439 GPS  -2267812.974  5009358.375  3221010.508
2022  62  27440 GPS  -2267812.972  5009358.366  3221010.502
2022  62  27441 GPS  -2267812.972  5009358.365  3221010.503
2022  62  27442 GPS  -2267812.965  5009358.363  3221010.504
2022  62  27443 GPS  -2267812.952  5009358.353  3221010.499
2022  62  27444 GPS  -2267812.947  5009358.351  3221010.499
2022  62  27445 GPS  -2267812.945  5009358.347  3221010.493
2022  62  27446 GPS  -2267812.941  5009358.343  3221010.487
2022  62  27447 GPS  -2267812.941  5009358.341  3221010.485
2022  62  27448 GPS  -2267812.940  5009358.345  3221010.481
2022  62  27449 GPS  -2267812.937  5009358.338  3221010.473
2022  62  27450 GPS  -2267812.934  5009358.340  3221010.474
2022  62  27451 GPS  -2267812.934  5009358.344  3221010.475
2022  62  27452 GPS  -2267812.931  5009358.336  3221010.466
2022  62  27453 GPS  -2267812.925  5009358.329  3221010.462
2022  62  27454 GPS  -2267812.920  5009358.318  3221010.455
2022  62  27455 GPS  -2267812.926  5009358.313  3221010.453
2022  62  27456 GPS  -2267812.926  5009358.305  3221010.445
2022  62  27457 GPS  -2267812.922  5009358.298  3221010.439
2022  62  27458 GPS  -2267812.921  5009358.290  3221010.433
2022  62  27459 GPS  -2267812.917  5009358.286  3221010.426
2022  62  27460 GPS  -2267812.914  5009358.291  3221010.417
2022  62  27461 GPS  -2267812.909  5009358.291  3221010.411
2022  62  27462 GPS  -2267812.909  5009358.296  3221010.406
2022  62  27463 GPS  -2267812.909  5009358.296  3221010.401
2022  62  27464 GPS  -2267812.903  5009358.284  3221010.388
2022  62  27465 GPS  -2267812.901  5009358.273  3221010.375
2022  62  27466 GPS  -2267812.903  5009358.264  3221010.374
2022  62  27467 GPS  -2267812.908  5009358.256  3221010.376
2022  62  27468 GPS  -2267812.912  5009358.251  3221010.375
2022  62  27469 GPS  -2267812.908  5009358.242  3221010.377
2022  62  27470 GPS  -2267812.902  5009358.235  3221010.374
2022  62  27471 GPS  -2267812.902  5009358.225  3221010.368
2022  62  27472 GPS  -2267812.902  5009358.218  3221010.362
2022  62  27473 GPS  -2267812.901  5009358.217  3221010.367
2022  62  27474 GPS  -2267812.898  5009358.208  3221010.361
2022  62  27475 GPS  -2267812.893  5009358.205  3221010.365
2022  62  27476 GPS  -2267812.893  5009358.203  3221010.368
2022  62  27477 GPS  -2267812.890  5009358.192  3221010.365
2022  62  27478 GPS  -2267812.881  5009358.182  3221010.359
2022  62  27479 GPS  -2267812.875  5009358.175  3221010.353
2022  62  27480 GPS  -2267812.867  5009358.162  3221010.348
2022  62  27481 GPS  -2267812.859  5009358.150  3221010.342
2022  62  27482 GPS  -2267812.853  5009358.148  3221010.338
2022  62  27483 GPS  -2267812.847  5009358.145  3221010.338
2022  62  27484 GPS  -2267812.842  5009358.142  3221010.337
2022  62  27485 GPS  -2267812.829  5009358.136  3221010.332
2022  62  27486 GPS  -2267812.821  5009358.134  3221010.330
2022  62  27487 GPS  -2267812.810  5009358.128  3221010.324
2022  62  27488 GPS  -2267812.796  5009358.127  3221010.323
2022  62  27489 GPS  -2267812.784  5009358.122  3221010.314
2022  62  27490 GPS  -2267812.780  5009358.123  3221010.316
2022  62  27491 GPS  -2267812.776  5009358.131  3221010.317
2022  62  27492 GPS  -2267812.775  5009358.143  3221010.324
2022  62  27493 GPS  -2267812.773  5009358.150  3221010.323
2022  62  27494 GPS  -2267812.773  5009358.153  3221010.324
2022  62  27495 GPS  -2267812.772  5009358.158  3221010.324
2022  62  27496 GPS  -2267812.765  5009358.154  3221010.325
2022  62  27497 GPS  -2267812.758  5009358.137  3221010.315
2022  62  27498 GPS  -2267812.756  5009358.136  3221010.316
2022  62  27499 GPS  -2267812.749  5009358.137  3221010.313
2022  62  27500 GPS  -2267812.752  5009358.150  3221010.315
2022  62  27501 GPS  -2267812.753  5009358.153  3221010.313
2022  62  27502 GPS  -2267812.748  5009358.154  3221010.314
2022  62  27503 GPS  -2267812.748  5009358.154  3221010.310
2022  62  27504 GPS  -2267812.750  5009358.157  3221010.307
2022  62  27505 GPS  -2267812.751  5009358.160  3221010.310
2022  62  27506 GPS  -2267812.751  5009358.156  3221010.311
2022  62  27507 GPS  -2267812.751  5009358.160  3221010.311
2022  62  27508 GPS  -2267812.755  5009358.160  3221010.311
2022  62  27509 GPS  -2267812.754  5009358.161  3221010.309
2022  62  27510 GPS  -2267812.756  5009358.169  3221010.311
2022  62  27511 GPS  -2267812.751  5009358.163  3221010.305
2022  62  27512 GPS  -2267812.750  5009358.158  3221010.299
2022  62  27513 GPS  -2267812.741  5009358.144  3221010.288
2022  62  27514 GPS  -2267812.733  5009358.141  3221010.283
2022  62  27515 GPS  -2267812.733  5009358.141  3221010.277
2022  62  27516 GPS  -2267812.729  5009358.140  3221010.270
2022  62  27517 GPS  -2267812.729  5009358.144  3221010.268
2022  62  27518 GPS  -2267812.726  5009358.140  3221010.261
2022  62  27519 GPS  -2267812.718  5009358.141  3221010.251
2022  62  27520 GPS  -2267812.713  5009358.133  3221010.243
2022  62  27521 GPS  -2267812.712  5009358.127  3221010.238
2022  62  27522 GPS  -2267812.712  5009358.126  3221010.237
2022  62  27523 GPS  -2267812.707  5009358.117  3221010.230
2022  62  27524 GPS  -2267812.704  5009358.117  3221010.228
2022  62  27525 GPS  -2267812.702  5009358.116  3221010.227
2022  62  27526 GPS  -2267812.704  5009358.118  3221010.227
2022  62  27527 GPS  -2267812.705  5009358.120  3221010.223
2022  62  27528 GPS  -2267812.698  5009358.116  3221010.218
2022  62  27529 GPS  -2267812.690  5009358.109  3221010.213
2022  62  27530 GPS  -2267812.688  5009358.106  3221010.208
2022  62  27531 GPS  -2267812.686  5009358.110  3221010.206
2022  62  27532 GPS  -2267812.685  5009358.115  3221010.202
2022  62  27533 GPS  -2267812.684  5009358.120  3221010.200
2022  62  27534 GPS  -2267812.687  5009358.125  3221010.196
2022  62  27535 GPS  -2267812.690  5009358.127  3221010.194
2022  62  27536 GPS  -2267812.698  5009358.133  3221010.196
2022  62  27537 GPS  -2267812.692  5009358.127  3221010.186
2022  62  27538 GPS  -2267812.690  5009358.123  3221010.186
2022  62  27539 GPS  -2267812.693  5009358.121  3221010.184
2022  62  27540 GPS  -2267812.691  5009358.110  3221010.173
2022  62  27541 GPS  -2267812.687  5009358.101  3221010.162
2022  62  27542 GPS  -2267812.680  5009358.097  3221010.152
2022  62  27543 GPS  -2267812.675  5009358.084  3221010.139
2022  62  27544 GPS  -2267812.675  5009358.082  3221010.129
2022  62  27545 GPS  -2267812.671  5009358.080  3221010.120
2022  62  27546 GPS  -2267812.666  5009358.078  3221010.106
2022  62  27547 GPS  -2267812.663  5009358.077  3221010.099
2022  62  27548 GPS  -2267812.656  5009358.070  3221010.083
2022  62  27549 GPS  -2267812.647  5009358.063  3221010.068
2022  62  27550 GPS  -2267812.643  5009358.059  3221010.053
2022  62  27551 GPS  -2267812.641  5009358.056  3221010.040
2022  62  27552 GPS  -2267812.635  5009358.051  3221010.029
2022  62  27553 GPS  -2267812.632  5009358.050  3221010.027
2022  62  27554 GPS  -2267812.627  5009358.041  3221010.021
2022  62  27555 GPS  -2267812.621  5009358.035  3221010.006
2022  62  27556 GPS  -2267812.622  5009358.031  3221009.994
2022  62  27557 GPS  -2267812.618  5009358.030  3221009.981
2022  62  27558 GPS  -2267812.617  5009358.027  3221009.975
2022  62  27559 GPS  -2267812.613  5009358.022  3221009.961
2022  62  27560 GPS  -2267812.612  5009358.023  3221009.950
2022  62  27561 GPS  -2267812.610  5009358.020  3221009.937
2022  62  27562 GPS  -2267812.610  5009358.018  3221009.927
2022  62  27563 GPS  -2267812.606  5009358.020  3221009.915
2022  62  27564 GPS  -2267812.604  5009358.020  3221009.911
2022  62  27565 GPS  -2267812.603  5009358.016  3221009.904
2022  62  27566 GPS  -2267812.596  5009358.006  3221009.893
2022  62  27567 GPS  -2267812.593  5009358.000  3221009.887
2022  62  27568 GPS  -2267812.591  5009357.999  3221009.886
2022  62  27569 GPS  -2267812.594  5009357.991  3221009.883
2022  62  27570 GPS  -2267812.593  5009357.984  3221009.874
2022  62  27571 GPS  -2267812.594  5009357.975  3221009.869
2022  62  27572 GPS  -2267812.597  5009357.972  3221009.867
2022  62  27573 GPS  -2267812.601  5009357.976  3221009.866
2022  62  27574 GPS  -2267812.605  5009357.971  3221009.867
2022  62  27575 GPS  -2267812.608  5009357.973  3221009.872
2022  62  27576 GPS  -2267812.610  5009357.968  3221009.869
2022  62  27577 GPS  -2267812.612  5009357.965  3221009.864
2022  62  27578 GPS  -2267812.612  5009357.970  3221009.860
2022  62  27579 GPS  -2267812.617  5009357.969  3221009.861
2022  62  27580 GPS  -2267812.617  5009357.956  3221009.858
2022  62  27581 GPS  -2267812.622  5009357.948  3221009.864
2022  62  27582 GPS  -2267812.632  5009357.949  3221009.871
2022  62  27583 GPS  -2267812.638  5009357.949  3221009.875
2022  62  27584 GPS  -2267812.639  5009357.953  3221009.879
2022  62  27585 GPS  -2267812.636  5009357.948  3221009.878
2022  62  27586 GPS  -2267812.630  5009357.942  3221009.876
2022  62  27587 GPS  -2267812.631  5009357.933  3221009.874
2022  62  27588 GPS  -2267812.637  5009357.930  3221009.875
2022  62  27589 GPS  -2267812.630  5009357.924  3221009.873
2022  62  27590 GPS  -2267812.625  5009357.920  3221009.872
2022  62  27591 GPS  -2267812.624  5009357.919  3221009.874
2022  62  27592 GPS  -2267812.619  5009357.924  3221009.875
2022  62  27593 GPS  -2267812.616  5009357.925  3221009.876
2022  62  27594 GPS  -2267812.617  5009357.928  3221009.879
2022  62  27595 GPS  -2267812.616  5009357.922  3221009.876
2022  62  27596 GPS  -2267812.611  5009357.920  3221009.870
2022  62  27597 GPS  -2267812.599  5009357.906  3221009.862
2022  62  27598 GPS  -2267812.591  5009357.899  3221009.853
2022  62  27599 GPS  -2267812.586  5009357.900  3221009.852
2022  62  27600 GPS  -2267812.581  5009357.889  3221009.849
2022  62  27601 GPS  -2267812.573  5009357.875  3221009.844
2022  62  27602 GPS  -2267812.566  5009357.870  3221009.844
2022  62  27603 GPS  -2267812.562  5009357.862  3221009.844
2022  62  27604 GPS  -2267812.557  5009357.860  3221009.845
2022  62  27605 GPS  -2267812.557  5009357.852  3221009.844
2022  62  27606 GPS  -2267812.555  5009357.854  3221009.849
2022  62  27607 GPS  -2267812.548  5009357.844  3221009.846
2022  62  27608 GPS  -2267812.548  5009357.836  3221009.850
2022  62  27609 GPS  -2267812.556  5009357.840  3221009.857
2022  62  27610 GPS  -2267812.560  5009357.838  3221009.855
2022  62  27611 GPS  -2267812.562  5009357.831  3221009.857
2022  62  27612 GPS  -2267812.567  5009357.833  3221009.862
2022  62  27613 GPS  -2267812.571  5009357.834  3221009.864
2022  62  27614 GPS  -2267812.572  5009357.834  3221009.865
2022  62  27615 GPS  -2267812.570  5009357.828  3221009.865
2022  62  27616 GPS  -2267812.571  5009357.833  3221009.870
2022  62  27617 GPS  -2267812.573  5009357.840  3221009.874
2022  62  27618 GPS  -2267812.573  5009357.840  3221009.876
2022  62  27619 GPS  -2267812.576  5009357.840  3221009.882
2022  62  27620 GPS  -2267812.582  5009357.842  3221009.883
2022  62  27621 GPS  -2267812.582  5009357.843  3221009.883
2022  62  27622 GPS  -2267812.578  5009357.837  3221009.885
2022  62  27623 GPS  -2267812.577  5009357.823  3221009.884
2022  62  27624 GPS  -2267812.575  5009357.815  3221009.880
2022  62  27625 GPS  -2267812.574  5009357.807  3221009.878
2022  62  27626 GPS  -2267812.573  5009357.792  3221009.876
2022  62  27627 GPS  -2267812.569  5009357.773  3221009.872
2022  62  27628 GPS  -2267812.571  5009357.770  3221009.870
2022  62  27629 GPS  -2267812.574  5009357.770  3221009.869
2022  62  27630 GPS  -2267812.577  5009357.754  3221009.867
2022  62  27631 GPS  -2267812.573  5009357.733  3221009.866
2022  62  27632 GPS  -2267812.566  5009357.711  3221009.862
2022  62  27633 GPS  -2267812.567  5009357.700  3221009.861
2022  62  27634 GPS  -2267812.560  5009357.679  3221009.853
2022  62  27635 GPS  -2267812.554  5009357.657  3221009.848
2022  62  27636 GPS  -2267812.555  5009357.653  3221009.852
2022  62  27637 GPS  -2267812.563  5009357.653  3221009.857
2022  62  27638 GPS  -2267812.566  5009357.655  3221009.857
2022  62  27639 GPS  -2267812.566  5009357.648  3221009.857
2022  62  27640 GPS  -2267812.564  5009357.649  3221009.862
2022  62  27641 GPS  -2267812.563  5009357.652  3221009.862
2022  62  27642 GPS  -2267812.563  5009357.660  3221009.867
2022  62  27643 GPS  -2267812.567  5009357.665  3221009.872
2022  62  27644 GPS  -2267812.568  5009357.665  3221009.875
2022  62  27645 GPS  -2267812.572  5009357.666  3221009.874
2022  62  27646 GPS  -2267812.574  5009357.670  3221009.877
2022  62  27647 GPS  -2267812.577  5009357.667  3221009.877
2022  62  27648 GPS  -2267812.576  5009357.663  3221009.871
2022  62  27649 GPS  -2267812.570  5009357.663  3221009.870
2022  62  27650 GPS  -2267812.561  5009357.662  3221009.862
2022  62  27651 GPS  -2267812.553  5009357.655  3221009.856
2022  62  27652 GPS  -2267812.548  5009357.650  3221009.855
2022  62  27653 GPS  -2267812.545  5009357.653  3221009.851
2022  62  27654 GPS  -2267812.539  5009357.650  3221009.845
2022  62  27655 GPS  -2267812.532  5009357.639  3221009.836
2022  62  27656 GPS  -2267812.529  5009357.637  3221009.833
2022  62  27657 GPS  -2267812.525  5009357.638  3221009.829
2022  62  27658 GPS  -2267812.522  5009357.631  3221009.818
2022  62  27659 GPS  -2267812.517  5009357.631  3221009.810
2022  62  27660 GPS  -2267812.513  5009357.635  3221009.813
2022  62  27661 GPS  -2267812.501  5009357.628  3221009.807
2022  62  27662 GPS  -2267812.497  5009357.633  3221009.800
2022  62  27663 GPS  -2267812.494  5009357.624  3221009.792
2022  62  27664 GPS  -2267812.485  5009357.612  3221009.780
2022  62  27665 GPS  -2267812.482  5009357.599  3221009.771
2022  62  27666 GPS  -2267812.474  5009357.583  3221009.763
2022  62  27667 GPS  -2267812.470  5009357.575  3221009.761
2022  62  27668 GPS  -2267812.470  5009357.572  3221009.749
2022  62  27669 GPS  -2267812.469  5009357.571  3221009.745
2022  62  27670 GPS  -2267812.465  5009357.563  3221009.740
2022  62  27671 GPS  -2267812.010  5009355.903  3221007.050
2022  62  27672 GPS  -2267812.008  5009355.893  3221007.039
2022  62  27673 GPS  -2267812.002  5009355.876  3221007.021
2022  62  27674 GPS  -2267811.998  5009355.857  3221007.010
2022  62  27675 GPS  -2267811.990  5009355.847  3221007.000
2022  62  27676 GPS  -2267811.979  5009355.848  3221006.990
2022  62  27677 GPS  -2267812.350  5009357.233  3221009.239
2022  62  27678 GPS  -2267812.361  5009357.296  3221009.333
2022  62  27679 GPS  -2267812.387  5009357.407  3221009.505
2022  62  27680 GPS  -2267812.371  5009357.373  3221009.439
2022  62  27681 GPS  -2267811.952  5009355.850  3221006.964
2022  62  27682 GPS  -2267811.952  5009355.851  3221006.963
2022  62  27683 GPS  -2267811.950  5009355.859  3221006.965
2022  62  27684 GPS  -2267811.945  5009355.857  3221006.963
2022  62  27685 GPS  -2267811.947  5009355.864  3221006.965
2022  62  27686 GPS  -2267811.944  5009355.855  3221006.964
2022  62  27687 GPS  -2267812.198  5009356.789  3221008.486
2022  62  27688 GPS  -2267812.269  5009357.060  3221008.934
2022  62  27689 GPS  -2267812.301  5009357.212  3221009.185
2022  62  27690 GPS  -2267812.291  5009357.196  3221009.165
2022  62  27691 GPS  -2267812.306  5009357.266  3221009.277
2022  62  27692 GPS  -2267812.332  5009357.358  3221009.434
2022  62  27693 GPS  -2267812.310  5009357.285  3221009.329
2022  62  27694 GPS  -2267812.307  5009357.258  3221009.308
2022  62  27695 GPS  -2267812.309  5009357.246  3221009.298
2022  62  27696 GPS  -2267812.302  5009357.224  3221009.258
2022  62  27697 GPS  -2267812.337  5009357.344  3221009.447
2022  62  27698 GPS  -2267812.334  5009357.329  3221009.427
2022  62  27699 GPS  -2267812.345  5009357.380  3221009.508
2022  62  27700 GPS  -2267812.356  5009357.412  3221009.559
2022  62  27701 GPS  -2267812.330  5009357.309  3221009.392
2022  62  27702 GPS  -2267812.296  5009357.198  3221009.209
2022  62  27703 GPS  -2267812.311  5009357.263  3221009.312
2022  62  27704 GPS  -2267812.315  5009357.297  3221009.366
2022  62  27705 GPS  -2267812.311  5009357.311  3221009.372
2022  62  27706 GPS  -2267812.309  5009357.321  3221009.375
2022  62  27707 GPS  -2267812.308  5009357.320  3221009.362
2022  62  27708 GPS  -2267812.301  5009357.298  3221009.317
2022  62  27709 GPS  -2267812.306  5009357.318  3221009.331
2022  62  27710 GPS  -2267812.292  5009357.289  3221009.271
2022  62  27711 GPS  -2267812.289  5009357.294  3221009.271
2022  62  27712 GPS  -2267812.292  5009357.318  3221009.310
2022  62  27713 GPS  -2267812.299  5009357.335  3221009.331
2022  62  27714 GPS  -2267812.300  5009357.336  3221009.331
2022  62  27715 GPS  -2267812.299  5009357.339  3221009.342
2022  62  27716 GPS  -2267812.297  5009357.344  3221009.349
2022  62  27717 GPS  -2267812.297  5009357.348  3221009.356
2022  62  27718 GPS  -2267812.301  5009357.347  3221009.364
2022  62  27719 GPS  -2267812.304  5009357.348  3221009.370
2022  62  27720 GPS  -2267812.300  5009357.346  3221009.375
2022  62  27721 GPS  -2267811.880  5009355.781  3221006.822
2022  62  27722 GPS  -2267811.883  5009355.768  3221006.816
2022  62  27723 GPS  -2267811.876  5009355.749  3221006.811
2022  62  27724 GPS  -2267811.876  5009355.736  3221006.807
2022  62  27725 GPS  -2267811.878  5009355.729  3221006.814
2022  62  27726 GPS  -2267811.876  5009355.720  3221006.809
2022  62  27727 GPS  -2267812.270  5009357.198  3221009.228
2022  62  27728 GPS  -2267812.270  5009357.196  3221009.213
2022  62  27729 GPS  -2267812.277  5009357.216  3221009.248
2022  62  27730 GPS  -2267812.289  5009357.274  3221009.332
2022  62  27731 GPS  -2267812.297  5009357.288  3221009.355
2022  62  27732 GPS  -2267812.296  5009357.290  3221009.356
2022  62  27733 GPS  -2267812.266  5009357.188  3221009.175
2022  62  27734 GPS  -2267812.312  5009357.364  3221009.460
2022  62  27735 GPS  -2267812.296  5009357.305  3221009.361
2022  62  27736 GPS  -2267812.308  5009357.344  3221009.424
2022  62  27737 GPS  -2267812.308  5009357.358  3221009.440
2022  62  27738 GPS  -2267812.299  5009357.323  3221009.381
2022  62  27739 GPS  -2267812.318  5009357.388  3221009.484
2022  62  27740 GPS  -2267812.284  5009357.270  3221009.286
2022  62  27741 GPS  -2267811.880  5009355.777  3221006.831
2022  62  27742 GPS  -2267811.883  5009355.780  3221006.828
2022  62  27743 GPS  -2267811.880  5009355.780  3221006.822
2022  62  27744 GPS  -2267811.878  5009355.777  3221006.808
2022  62  27745 GPS  -2267811.873  5009355.771  3221006.797
2022  62  27746 GPS  -2267812.217  5009357.065  3221008.926
2022  62  27747 GPS  -2267812.217  5009357.071  3221008.939
2022  62  27748 GPS  -2267812.248  5009357.192  3221009.136
2022  62  27749 GPS  -2267812.258  5009357.213  3221009.177
2022  62  27750 GPS  -2267812.292  5009357.342  3221009.397
2022  62  27751 GPS  -2267812.295  5009357.360  3221009.432
2022  62  27752 GPS  -2267812.289  5009357.345  3221009.425
2022  62  27753 GPS  -2267812.274  5009357.294  3221009.349
2022  62  27754 GPS  -2267812.254  5009357.222  3221009.246
2022  62  27755 GPS  -2267812.250  5009357.208  3221009.240
2022  62  27756 GPS  -2267812.261  5009357.262  3221009.348
2022  62  27757 GPS  -2267812.277  5009357.331  3221009.462
2022  62  27758 GPS  -2267812.268  5009357.318  3221009.443
2022  62  27759 GPS  -2267812.247  5009357.248  3221009.346
2022  62  27760 GPS  -2267812.236  5009357.214  3221009.299
2022  62  27761 GPS  -2267812.226  5009357.193  3221009.265
2022  62  27762 GPS  -2267812.211  5009357.158  3221009.213
2022  62  27763 GPS  -2267812.209  5009357.181  3221009.258
2022  62  27764 GPS  -2267812.192  5009357.131  3221009.194
2022  62  27765 GPS  -2267812.190  5009357.135  3221009.198
2022  62  27766 GPS  -2267812.195  5009357.165  3221009.239
2022  62  27767 GPS  -2267812.194  5009357.169  3221009.232
2022  62  27768 GPS  -2267812.204  5009357.207  3221009.294
2022  62  27769 GPS  -2267812.207  5009357.213  3221009.300
2022  62  27770 GPS  -2267812.195  5009357.191  3221009.270
2022  62  27771 GPS  -2267812.183  5009357.163  3221009.234
2022  62  27772 GPS  -2267812.177  5009357.170  3221009.237
2022  62  27773 GPS  -2267812.174  5009357.181  3221009.257
2022  62  27774 GPS  -2267812.172  5009357.180  3221009.263
2022  62  27775 GPS  -2267812.163  5009357.172  3221009.255
2022  62  27776 GPS  -2267812.157  5009357.165  3221009.254
2022  62  27777 GPS  -2267812.153  5009357.164  3221009.252
2022  62  27778 GPS  -2267812.147  5009357.157  3221009.250
2022  62  27779 GPS  -2267812.142  5009357.151  3221009.246
2022  62  27780 GPS  -2267812.139  5009357.146  3221009.248
2022  62  27781 GPS  -2267812.137  5009357.142  3221009.249
2022  62  27782 GPS  -2267812.132  5009357.141  3221009.252
2022  62  27783 GPS  -2267812.130  5009357.134  3221009.251
2022  62  27784 GPS  -2267812.133  5009357.136  3221009.255
2022  62  27785 GPS  -2267812.128  5009357.129  3221009.252
2022  62  27786 GPS  -2267812.123  5009357.124  3221009.250
2022  62  27787 GPS  -2267812.119  5009357.118  3221009.254
2022  62  27788 GPS  -2267812.109  5009357.111  3221009.255
2022  62  27789 GPS  -2267812.107  5009357.109  3221009.253
2022  62  27790 GPS  -2267812.108  5009357.115  3221009.253
2022  62  27791 GPS  -2267812.105  5009357.118  3221009.251
2022  62  27792 GPS  -2267812.109  5009357.126  3221009.254
2022  62  27793 GPS  -2267812.102  5009357.118  3221009.251
2022  62  27794 GPS  -2267812.101  5009357.121  3221009.252
2022  62  27795 GPS  -2267812.101  5009357.129  3221009.252
2022  62  27796 GPS  -2267812.098  5009357.134  3221009.252
2022  62  27797 GPS  -2267812.092  5009357.134  3221009.249
2022  62  27798 GPS  -2267812.092  5009357.143  3221009.253
2022  62  27799 GPS  -2267812.089  5009357.151  3221009.255
2022  62  27800 GPS  -2267812.084  5009357.153  3221009.256
2022  62  27801 GPS  -2267812.076  5009357.147  3221009.255
2022  62  27802 GPS  -2267812.070  5009357.140  3221009.253
2022  62  27803 GPS  -2267812.063  5009357.133  3221009.248
2022  62  27804 GPS  -2267812.058  5009357.125  3221009.242
2022  62  27805 GPS  -2267812.050  5009357.113  3221009.235
2022  62  27806 GPS  -2267812.043  5009357.104  3221009.231
2022  62  27807 GPS  -2267812.033  5009357.090  3221009.224
2022  62  27808 GPS  -2267812.022  5009357.083  3221009.221
2022  62  27809 GPS  -2267812.009  5009357.071  3221009.217
2022  62  27810 GPS  -2267812.002  5009357.063  3221009.213
2022  62  27811 GPS  -2267811.996  5009357.065  3221009.218
2022  62  27812 GPS  -2267811.994  5009357.059  3221009.218
2022  62  27813 GPS  -2267811.993  5009357.050  3221009.213
2022  62  27814 GPS  -2267811.991  5009357.048  3221009.214
2022  62  27815 GPS  -2267811.989  5009357.038  3221009.212
2022  62  27816 GPS  -2267811.981  5009357.027  3221009.210
2022  62  27817 GPS  -2267811.968  5009357.016  3221009.207
2022  62  27818 GPS  -2267811.959  5009357.012  3221009.205
2022  62  27819 GPS  -2267811.956  5009357.001  3221009.203
2022  62  27820 GPS  -2267811.953  5009356.996  3221009.199
2022  62  27821 GPS  -2267811.928  5009356.924  3221009.160
2022  62  27822 GPS  -2267811.921  5009356.913  3221009.152
2022  62  27823 GPS  -2267811.912  5009356.906  3221009.146
2022  62  27824 GPS  -2267811.905  5009356.904  3221009.136
2022  62  27825 GPS  -2267811.896  5009356.897  3221009.129
2022  62  27826 GPS  -2267811.893  5009356.898  3221009.124
2022  62  27827 GPS  -2267811.891  5009356.896  3221009.119
2022  62  27828 GPS  -2267811.885  5009356.878  3221009.108
2022  62  27829 GPS  -2267811.884  5009356.866  3221009.098
2022  62  27830 GPS  -2267811.879  5009356.858  3221009.088
2022  62  27831 GPS  -2267811.391  5009354.969  3221006.028
2022  62  27832 GPS  -2267811.388  5009354.955  3221006.015
2022  62  27833 GPS  -2267811.384  5009354.936  3221006.001
2022  62  27834 GPS  -2267811.381  5009354.922  3221005.988
2022  62  27835 GPS  -2267811.376  5009354.905  3221005.969
2022  62  27836 GPS  -2267811.376  5009354.901  3221005.969
2022  62  27837 GPS  -2267811.376  5009354.899  3221005.959
2022  62  27838 GPS  -2267811.379  5009354.894  3221005.954
2022  62  27839 GPS  -2267811.872  5009356.833  3221009.096
2022  62  27840 GPS  -2267811.858  5009356.777  3221009.011
2022  62  27841 GPS  -2267811.843  5009356.719  3221008.928
2022  62  27842 GPS  -2267811.829  5009356.683  3221008.874
2022  62  27843 GPS  -2267811.831  5009356.707  3221008.946
2022  62  27844 GPS  -2267811.810  5009356.619  3221008.827
2022  62  27845 GPS  -2267811.819  5009356.685  3221008.952
2022  62  27846 GPS  -2267811.810  5009356.656  3221008.910
2022  62  27847 GPS  -2267811.779  5009356.539  3221008.740
2022  62  27848 GPS  -2267811.787  5009356.575  3221008.812
2022  62  27849 GPS  -2267811.802  5009356.635  3221008.909
2022  62  27850 GPS  -2267811.801  5009356.608  3221008.872
2022  62  27851 GPS  -2267811.793  5009356.563  3221008.812
2022  62  27852 GPS  -2267811.783  5009356.534  3221008.775
2022  62  27853 GPS  -2267811.766  5009356.486  3221008.701
2022  62  27854 GPS  -2267811.762  5009356.500  3221008.726
2022  62  27855 GPS  -2267811.778  5009356.569  3221008.834
2022  62  27856 GPS  -2267811.788  5009356.618  3221008.908
2022  62  27857 GPS  -2267811.784  5009356.609  3221008.891
2022  62  27858 GPS  -2267811.788  5009356.611  3221008.896
2022  62  27859 GPS  -2267811.786  5009356.589  3221008.866
2022  62  27860 GPS  -2267811.787  5009356.585  3221008.868
2022  62  27861 GPS  -2267811.799  5009356.610  3221008.896
2022  62  27862 GPS  -2267811.801  5009356.620  3221008.917
2022  62  27863 GPS  -2267811.799  5009356.596  3221008.888
2022  62  27864 GPS  -2267811.796  5009356.568  3221008.856
2022  62  27865 GPS  -2267811.789  5009356.551  3221008.834
2022  62  27866 GPS  -2267811.784  5009356.535  3221008.815
2022  62  27867 GPS  -2267811.781  5009356.532  3221008.803
2022  62  27868 GPS  -2267811.781  5009356.525  3221008.797
2022  62  27869 GPS  -2267811.783  5009356.535  3221008.804
2022  62  27870 GPS  -2267811.786  5009356.541  3221008.808
2022  62  27871 GPS  -2267811.782  5009356.535  3221008.804
2022  62  27872 GPS  -2267811.776  5009356.530  3221008.799
2022  62  27873 GPS  -2267811.771  5009356.520  3221008.796
2022  62  27874 GPS  -2267811.762  5009356.511  3221008.789
2022  62  27875 GPS  -2267811.753  5009356.498  3221008.778
2022  62  27876 GPS  -2267811.750  5009356.496  3221008.773
2022  62  27877 GPS  -2267811.742  5009356.488  3221008.769
2022  62  27878 GPS  -2267811.732  5009356.479  3221008.763
2022  62  27879 GPS  -2267811.731  5009356.471  3221008.757
2022  62  27880 GPS  -2267811.732  5009356.469  3221008.755
2022  62  27881 GPS  -2267811.732  5009356.466  3221008.750
2022  62  27882 GPS  -2267811.728  5009356.461  3221008.745
2022  62  27883 GPS  -2267811.725  5009356.458  3221008.743
2022  62  27884 GPS  -2267811.728  5009356.464  3221008.743
2022  62  27885 GPS  -2267811.725  5009356.458  3221008.739
2022  62  27886 GPS  -2267811.721  5009356.444  3221008.735
2022  62  27887 GPS  -2267811.721  5009356.439  3221008.735
2022  62  27888 GPS  -2267811.720  5009356.437  3221008.737
2022  62  27889 GPS  -2267811.712  5009356.434  3221008.733
2022  62  27890 GPS  -2267811.712  5009356.436  3221008.729
2022  62  27891 GPS  -2267811.242  5009354.559  3221005.653
2022  62  27892 GPS  -2267811.239  5009354.560  3221005.643
2022  62  27893 GPS  -2267811.234  5009354.561  3221005.637
2022  62  27894 GPS  -2267811.230  5009354.562  3221005.631
2022  62  27895 GPS  -2267811.225  5009354.560  3221005.625
2022  62  27896 GPS  -2267811.629  5009356.179  3221008.291
2022  62  27897 GPS  -2267811.668  5009356.347  3221008.569
2022  62  27898 GPS  -2267811.686  5009356.433  3221008.716
2022  62  27899 GPS  -2267811.693  5009356.457  3221008.757
2022  62  27900 GPS  -2267811.695  5009356.445  3221008.740
2022  62  27901 GPS  -2267811.708  5009356.492  3221008.825
2022  62  27902 GPS  -2267811.699  5009356.434  3221008.728
2022  62  27903 GPS  -2267811.696  5009356.401  3221008.676
2022  62  27904 GPS  -2267811.721  5009356.479  3221008.794
2022  62  27905 GPS  -2267811.720  5009356.466  3221008.766
2022  62  27906 GPS  -2267811.699  5009356.411  3221008.677
2022  62  27907 GPS  -2267811.689  5009356.382  3221008.636
2022  62  27908 GPS  -2267811.696  5009356.400  3221008.670
2022  62  27909 GPS  -2267811.709  5009356.446  3221008.741
2022  62  27910 GPS  -2267811.722  5009356.487  3221008.802
2022  62  27911 GPS  -2267811.721  5009356.502  3221008.813
2022  62  27912 GPS  -2267811.726  5009356.513  3221008.825
2022  62  27913 GPS  -2267811.718  5009356.470  3221008.753
2022  62  27914 GPS  -2267811.704  5009356.402  3221008.655
2022  62  27915 GPS  -2267811.695  5009356.370  3221008.606
2022  62  27916 GPS  -2267811.689  5009356.350  3221008.585
2022  62  27917 GPS  -2267811.689  5009356.349  3221008.595
2022  62  27918 GPS  -2267811.695  5009356.364  3221008.628
2022  62  27919 GPS  -2267811.686  5009356.329  3221008.589
2022  62  27920 GPS  -2267811.687  5009356.322  3221008.582
2022  62  27921 GPS  -2267811.677  5009356.295  3221008.548
2022  62  27922 GPS  -2267811.669  5009356.261  3221008.501
2022  62  27923 GPS  -2267811.663  5009356.235  3221008.474
2022  62  27924 GPS  -2267811.661  5009356.227  3221008.467
2022  62  27925 GPS  -2267811.659  5009356.226  3221008.463
2022  62  27926 GPS  -2267811.656  5009356.223  3221008.456
2022  62  27927 GPS  -2267811.654  5009356.217  3221008.451
2022  62  27928 GPS  -2267811.650  5009356.211  3221008.448
2022  62  27929 GPS  -2267811.652  5009356.210  3221008.449
2022  62  27930 GPS  -2267811.659  5009356.217  3221008.449
2022  62  27931 GPS  -2267811.219  5009354.412  3221005.456
2022  62  27932 GPS  -2267811.221  5009354.412  3221005.453
2022  62  27933 GPS  -2267811.221  5009354.411  3221005.458
2022  62  27934 GPS  -2267811.222  5009354.415  3221005.457
2022  62  27935 GPS  -2267811.222  5009354.416  3221005.456
2022  62  27936 GPS  -2267811.223  5009354.404  3221005.447
2022  62  27937 GPS  -2267811.633  5009356.069  3221008.220
2022  62  27938 GPS  -2267811.610  5009355.985  3221008.109
2022  62  27939 GPS  -2267811.624  5009356.037  3221008.225
2022  62  27940 GPS  -2267811.614  5009356.020  3221008.213
2022  62  27941 GPS  -2267811.612  5009356.028  3221008.240
2022  62  27942 GPS  -2267811.574  5009355.881  3221008.009
2022  62  27943 GPS  -2267811.572  5009355.885  3221008.029
2022  62  27944 GPS  -2267811.612  5009356.058  3221008.325
2022  62  27945 GPS  -2267811.610  5009356.048  3221008.310
2022  62  27946 GPS  -2267811.597  5009355.983  3221008.198
2022  62  27947 GPS  -2267811.587  5009355.930  3221008.099
2022  62  27948 GPS  -2267811.608  5009356.001  3221008.198
2022  62  27949 GPS  -2267811.620  5009356.048  3221008.263
2022  62  27950 GPS  -2267811.621  5009356.039  3221008.241
2022  62  27951 GPS  -2267811.201  5009354.309  3221005.366
2022  62  27952 GPS  -2267811.203  5009354.310  3221005.362
2022  62  27953 GPS  -2267811.205  5009354.314  3221005.364
2022  62  27954 GPS  -2267811.207  5009354.313  3221005.362
2022  62  27955 GPS  -2267811.206  5009354.310  3221005.357
2022  62  27956 GPS  -2267812.027  5009357.716  3221011.023
2022  62  27957 GPS  -2267811.699  5009356.379  3221008.811
2022  62  27958 GPS  -2267811.626  5009356.067  3221008.304
2022  62  27959 GPS  -2267811.611  5009356.041  3221008.242
2022  62  27960 GPS  -2267811.616  5009356.089  3221008.317
2022  62  27961 GPS  -2267811.613  5009356.107  3221008.346
2022  62  27962 GPS  -2267811.621  5009356.185  3221008.481
2022  62  27963 GPS  -2267811.632  5009356.253  3221008.602
2022  62  27964 GPS  -2267811.623  5009356.257  3221008.605
2022  62  27965 GPS  -2267811.614  5009356.256  3221008.603
2022  62  27966 GPS  -2267811.590  5009356.195  3221008.523
2022  62  27967 GPS  -2267811.568  5009356.133  3221008.434
2022  62  27968 GPS  -2267811.559  5009356.146  3221008.473
2022  62  27969 GPS  -2267811.559  5009356.167  3221008.527
2022  62  27970 GPS  -2267811.557  5009356.158  3221008.519
2022  62  27971 GPS  -2267811.542  5009356.090  3221008.418
2022  62  27972 GPS  -2267811.532  5009356.046  3221008.363
2022  62  27973 GPS  -2267811.540  5009356.086  3221008.442
2022  62  27974 GPS  -2267811.528  5009356.054  3221008.400
2022  62  27975 GPS  -2267811.511  5009356.005  3221008.325
2022  62  27976 GPS  -2267811.517  5009356.050  3221008.396
2022  62  27977 GPS  -2267811.525  5009356.093  3221008.477
2022  62  27978 GPS  -2267811.524  5009356.110  3221008.509
2022  62  27979 GPS  -2267811.511  5009356.096  3221008.495
2022  62  27980 GPS  -2267811.493  5009356.057  3221008.445
2022  62  27981 GPS  -2267811.477  5009356.022  3221008.395
2022  62  27982 GPS  -2267811.469  5009356.020  3221008.394
2022  62  27983 GPS  -2267811.458  5009355.987  3221008.344
2022  62  27984 GPS  -2267811.445  5009355.964  3221008.315
2022  62  27985 GPS  -2267811.438  5009355.963  3221008.308
2022  62  27986 GPS  -2267811.430  5009355.962  3221008.304
2022  62  27987 GPS  -2267811.420  5009355.962  3221008.305
2022  62  27988 GPS  -2267811.415  5009355.954  3221008.301
2022  62  27989 GPS  -2267811.411  5009355.957  3221008.303
2022  62  27990 GPS  -2267811.410  5009355.957  3221008.303
2022  62  27991 GPS  -2267811.409  5009355.966  3221008.307
2022  62  27992 GPS  -2267811.413  5009355.988  3221008.318
2022  62  27993 GPS  -2267811.416  5009355.997  3221008.329
2022  62  27994 GPS  -2267811.421  5009356.004  3221008.338
2022  62  27995 GPS  -2267811.426  5009356.001  3221008.340
2022  62  27996 GPS  -2267811.431  5009356.003  3221008.343
2022  62  27997 GPS  -2267811.433  5009356.009  3221008.346
2022  62  27998 GPS  -2267811.430  5009356.009  3221008.347
2022  62  27999 GPS  -2267811.430  5009356.015  3221008.349
2022  62  28000 GPS  -2267811.430  5009356.025  3221008.355
2022  62  28001 GPS  -2267811.424  5009356.018  3221008.351
2022  62  28002 GPS  -2267811.420  5009356.008  3221008.349
2022  62  28003 GPS  -2267811.424  5009356.008  3221008.345
2022  62  28004 GPS  -2267811.428  5009356.008  3221008.344
2022  62  28005 GPS  -2267811.425  5009356.001  3221008.343
2022  62  28006 GPS  -2267811.430  5009355.996  3221008.340
2022  62  28007 GPS  -2267811.429  5009355.995  3221008.343
2022  62  28008 GPS  -2267811.430  5009355.989  3221008.344
2022  62  28009 GPS  -2267811.429  5009355.985  3221008.346
2022  62  28010 GPS  -2267811.428  5009355.982  3221008.345
2022  62  28011 GPS  -2267811.422  5009355.977  3221008.341
2022  62  28012 GPS  -2267811.417  5009355.969  3221008.342
2022  62  28013 GPS  -2267811.425  5009355.964  3221008.348
2022  62  28014 GPS  -2267811.428  5009355.958  3221008.347
2022  62  28015 GPS  -2267811.432  5009355.957  3221008.350
2022  62  28016 GPS  -2267811.433  5009355.944  3221008.346
2022  62  28017 GPS  -2267811.435  5009355.938  3221008.346
2022  62  28018 GPS  -2267811.435  5009355.942  3221008.348
2022  62  28019 GPS  -2267811.431  5009355.937  3221008.344
2022  62  28020 GPS  -2267811.430  5009355.939  3221008.342
2022  62  28021 GPS  -2267811.427  5009355.941  3221008.341
2022  62  28022 GPS  -2267811.423  5009355.946  3221008.342
2022  62  28023 GPS  -2267811.423  5009355.952  3221008.347
2022  62  28024 GPS  -2267811.419  5009355.937  3221008.342
2022  62  28025 GPS  -2267811.413  5009355.941  3221008.346
2022  62  28026 GPS  -2267811.411  5009355.939  3221008.347
2022  62  28027 GPS  -2267811.401  5009355.922  3221008.335
2022  62  28028 GPS  -2267811.393  5009355.911  3221008.333
2022  62  28029 GPS  -2267811.388  5009355.907  3221008.334
2022  62  28030 GPS  -2267811.391  5009355.901  3221008.333
2022  62  28031 GPS  -2267811.390  5009355.896  3221008.332
2022  62  28032 GPS  -2267811.388  5009355.888  3221008.332
2022  62  28033 GPS  -2267811.385  5009355.879  3221008.330
2022  62  28034 GPS  -2267811.381  5009355.881  3221008.330
2022  62  28035 GPS  -2267811.378  5009355.874  3221008.329
2022  62  28036 GPS  -2267811.376  5009355.866  3221008.331
2022  62  28037 GPS  -2267811.376  5009355.851  3221008.332
2022  62  28038 GPS  -2267811.377  5009355.845  3221008.332
2022  62  28039 GPS  -2267811.371  5009355.838  3221008.330
2022  62  28040 GPS  -2267811.369  5009355.837  3221008.331
2022  62  28041 GPS  -2267811.367  5009355.827  3221008.331
2022  62  28042 GPS  -2267811.362  5009355.827  3221008.333
2022  62  28043 GPS  -2267811.358  5009355.816  3221008.332
2022  62  28044 GPS  -2267811.352  5009355.810  3221008.331
2022  62  28045 GPS  -2267811.342  5009355.805  3221008.329
2022  62  28046 GPS  -2267811.340  5009355.806  3221008.333
2022  62  28047 GPS  -2267811.341  5009355.809  3221008.335
2022  62  28048 GPS  -2267811.344  5009355.816  3221008.340
2022  62  28049 GPS  -2267811.342  5009355.817  3221008.339
2022  62  28050 GPS  -2267811.341  5009355.811  3221008.335
2022  62  28051 GPS  -2267811.342  5009355.808  3221008.332
2022  62  28052 GPS  -2267811.342  5009355.814  3221008.331
2022  62  28053 GPS  -2267811.339  5009355.808  3221008.322
2022  62  28054 GPS  -2267811.333  5009355.808  3221008.316
2022  62  28055 GPS  -2267811.332  5009355.818  3221008.317
2022  62  28056 GPS  -2267811.331  5009355.821  3221008.315
2022  62  28057 GPS  -2267811.327  5009355.822  3221008.305
2022  62  28058 GPS  -2267811.327  5009355.831  3221008.304
2022  62  28059 GPS  -2267811.328  5009355.827  3221008.296
2022  62  28060 GPS  -2267811.330  5009355.823  3221008.288
2022  62  28061 GPS  -2267811.326  5009355.821  3221008.286
2022  62  28062 GPS  -2267811.327  5009355.820  3221008.282
2022  62  28063 GPS  -2267811.324  5009355.813  3221008.276
2022  62  28064 GPS  -2267811.325  5009355.812  3221008.271
2022  62  28065 GPS  -2267811.317  5009355.805  3221008.262
2022  62  28066 GPS  -2267811.314  5009355.800  3221008.253
2022  62  28067 GPS  -2267811.312  5009355.792  3221008.248
2022  62  28068 GPS  -2267811.317  5009355.790  3221008.244
2022  62  28069 GPS  -2267811.311  5009355.785  3221008.235
2022  62  28070 GPS  -2267811.315  5009355.792  3221008.232
2022  62  28071 GPS  -2267811.316  5009355.793  3221008.222
2022  62  28072 GPS  -2267811.317  5009355.797  3221008.213
2022  62  28073 GPS  -2267811.313  5009355.799  3221008.205
2022  62  28074 GPS  -2267811.311  5009355.793  3221008.191
2022  62  28075 GPS  -2267811.305  5009355.782  3221008.178
2022  62  28076 GPS  -2267811.307  5009355.775  3221008.166
2022  62  28077 GPS  -2267811.300  5009355.761  3221008.151
2022  62  28078 GPS  -2267811.293  5009355.752  3221008.141
2022  62  28079 GPS  -2267811.285  5009355.737  3221008.124
2022  62  28080 GPS  -2267811.277  5009355.723  3221008.109
2022  62  28081 GPS  -2267811.268  5009355.705  3221008.097
2022  62  28082 GPS  -2267811.255  5009355.683  3221008.080
2022  62  28083 GPS  -2267811.247  5009355.675  3221008.068
2022  62  28084 GPS  -2267811.241  5009355.668  3221008.061
2022  62  28085 GPS  -2267811.160  5009355.388  3221007.804
2022  62  28086 GPS  -2267811.152  5009355.381  3221007.796
2022  62  28087 GPS  -2267811.146  5009355.383  3221007.798
2022  62  28088 GPS  -2267811.137  5009355.377  3221007.794
2022  62  28089 GPS  -2267811.133  5009355.372  3221007.793
2022  62  28090 GPS  -2267811.132  5009355.372  3221007.798
2022  62  28091 GPS  -2267811.133  5009355.380  3221007.802
2022  62  28092 GPS  -2267811.129  5009355.386  3221007.804
2022  62  28093 GPS  -2267811.127  5009355.389  3221007.804
2022  62  28094 GPS  -2267811.126  5009355.392  3221007.810
2022  62  28095 GPS  -2267811.120  5009355.382  3221007.810
2022  62  28096 GPS  -2267811.116  5009355.378  3221007.812
2022  62  28097 GPS  -2267811.112  5009355.357  3221007.805
2022  62  28098 GPS  -2267811.110  5009355.348  3221007.804
2022  62  28099 GPS  -2267811.103  5009355.340  3221007.803
2022  62  28100 GPS  -2267811.103  5009355.334  3221007.798
2022  62  28101 GPS  -2267811.099  5009355.325  3221007.791
2022  62  28102 GPS  -2267811.101  5009355.327  3221007.794
2022  62  28103 GPS  -2267811.097  5009355.317  3221007.793
2022  62  28104 GPS  -2267811.094  5009355.312  3221007.792
2022  62  28105 GPS  -2267811.089  5009355.307  3221007.787
2022  62  28106 GPS  -2267811.084  5009355.303  3221007.781
2022  62  28107 GPS  -2267811.080  5009355.293  3221007.771
2022  62  28108 GPS  -2267811.078  5009355.282  3221007.772
2022  62  28109 GPS  -2267811.078  5009355.273  3221007.767
2022  62  28110 GPS  -2267811.073  5009355.273  3221007.766
2022  62  28111 GPS  -2267811.069  5009355.273  3221007.768
2022  62  28112 GPS  -2267811.066  5009355.266  3221007.766
2022  62  28113 GPS  -2267811.063  5009355.261  3221007.756
2022  62  28114 GPS  -2267811.060  5009355.257  3221007.748
2022  62  28115 GPS  -2267811.054  5009355.242  3221007.736
2022  62  28116 GPS  -2267811.053  5009355.234  3221007.729
2022  62  28117 GPS  -2267811.046  5009355.224  3221007.725
2022  62  28118 GPS  -2267811.046  5009355.221  3221007.724
2022  62  28119 GPS  -2267811.048  5009355.224  3221007.718
2022  62  28120 GPS  -2267811.045  5009355.224  3221007.721
2022  62  28121 GPS  -2267811.038  5009355.214  3221007.717
2022  62  28122 GPS  -2267811.031  5009355.203  3221007.716
2022  62  28123 GPS  -2267811.027  5009355.186  3221007.708
2022  62  28124 GPS  -2267811.021  5009355.168  3221007.696
2022  62  28125 GPS  -2267811.016  5009355.152  3221007.688
2022  62  28126 GPS  -2267811.013  5009355.135  3221007.681
2022  62  28127 GPS  -2267811.011  5009355.124  3221007.671
2022  62  28128 GPS  -2267811.009  5009355.116  3221007.663
2022  62  28129 GPS  -2267811.005  5009355.104  3221007.656
2022  62  28130 GPS  -2267811.002  5009355.090  3221007.647
2022  62  28131 GPS  -2267810.999  5009355.075  3221007.640
2022  62  28132 GPS  -2267810.997  5009355.069  3221007.636
2022  62  28133 GPS  -2267810.990  5009355.046  3221007.623
2022  62  28134 GPS  -2267810.988  5009355.039  3221007.619
2022  62  28135 GPS  -2267810.985  5009355.031  3221007.613
2022  62  28136 GPS  -2267810.986  5009355.028  3221007.605
2022  62  28137 GPS  -2267810.986  5009355.031  3221007.600
2022  62  28138 GPS  -2267810.983  5009355.036  3221007.594
2022  62  28139 GPS  -2267810.980  5009355.033  3221007.584
2022  62  28140 GPS  -2267810.982  5009355.038  3221007.580
2022  62  28141 GPS  -2267810.979  5009355.036  3221007.574
2022  62  28142 GPS  -2267810.979  5009355.037  3221007.569
2022  62  28143 GPS  -2267810.978  5009355.047  3221007.565
2022  62  28144 GPS  -2267810.974  5009355.051  3221007.560
2022  62  28145 GPS  -2267810.973  5009355.052  3221007.550
2022  62  28146 GPS  -2267810.972  5009355.050  3221007.539
2022  62  28147 GPS  -2267810.966  5009355.041  3221007.530
2022  62  28148 GPS  -2267810.961  5009355.038  3221007.524
2022  62  28149 GPS  -2267810.955  5009355.036  3221007.511
2022  62  28150 GPS  -2267810.953  5009355.044  3221007.509
2022  62  28151 GPS  -2267810.956  5009355.048  3221007.507
2022  62  28152 GPS  -2267810.956  5009355.051  3221007.503
2022  62  28153 GPS  -2267810.954  5009355.042  3221007.490
2022  62  28154 GPS  -2267810.953  5009355.037  3221007.481
2022  62  28155 GPS  -2267810.951  5009355.030  3221007.473
2022  62  28156 GPS  -2267810.951  5009355.022  3221007.458
2022  62  28157 GPS  -2267810.942  5009354.999  3221007.438
2022  62  28158 GPS  -2267810.933  5009354.984  3221007.424
2022  62  28159 GPS  -2267810.926  5009354.977  3221007.411
2022  62  28160 GPS  -2267810.918  5009354.969  3221007.396
2022  62  28161 GPS  -2267810.910  5009354.963  3221007.382
2022  62  28162 GPS  -2267810.900  5009354.949  3221007.369
2022  62  28163 GPS  -2267810.891  5009354.933  3221007.355
2022  62  28164 GPS  -2267810.888  5009354.924  3221007.345
2022  62  28165 GPS  -2267810.879  5009354.909  3221007.331
2022  62  28166 GPS  -2267810.871  5009354.898  3221007.315
2022  62  28167 GPS  -2267810.864  5009354.887  3221007.299
2022  62  28168 GPS  -2267810.855  5009354.873  3221007.280
2022  62  28169 GPS  -2267810.850  5009354.869  3221007.273
2022  62  28170 GPS  -2267810.846  5009354.861  3221007.260
2022  62  28171 GPS  -2267810.843  5009354.862  3221007.253
2022  62  28172 GPS  -2267810.840  5009354.862  3221007.246
2022  62  28173 GPS  -2267810.841  5009354.863  3221007.238
2022  62  28174 GPS  -2267810.837  5009354.866  3221007.228
2022  62  28175 GPS  -2267810.833  5009354.861  3221007.219
2022  62  28176 GPS  -2267810.828  5009354.857  3221007.206
2022  62  28177 GPS  -2267810.828  5009354.864  3221007.200
2022  62  28178 GPS  -2267810.826  5009354.863  3221007.195
2022  62  28179 GPS  -2267810.826  5009354.871  3221007.190
2022  62  28180 GPS  -2267810.823  5009354.878  3221007.185
2022  62  28181 GPS  -2267810.822  5009354.879  3221007.178
2022  62  28182 GPS  -2267810.821  5009354.879  3221007.171
2022  62  28183 GPS  -2267810.820  5009354.875  3221007.162
2022  62  28184 GPS  -2267810.820  5009354.867  3221007.151
2022  62  28185 GPS  -2267810.822  5009354.863  3221007.145
2022  62  28186 GPS  -2267810.821  5009354.854  3221007.131
2022  62  28187 GPS  -2267810.825  5009354.850  3221007.136
2022  62  28188 GPS  -2267810.826  5009354.842  3221007.133
2022  62  28189 GPS  -2267810.828  5009354.832  3221007.126
2022  62  28190 GPS  -2267810.825  5009354.826  3221007.118
2022  62  28191 GPS  -2267810.825  5009354.817  3221007.107
2022  62  28192 GPS  -2267810.827  5009354.807  3221007.102
2022  62  28193 GPS  -2267810.821  5009354.796  3221007.095
2022  62  28194 GPS  -2267810.813  5009354.778  3221007.086
2022  62  28195 GPS  -2267810.807  5009354.765  3221007.074
2022  62  28196 GPS  -2267810.806  5009354.766  3221007.067
2022  62  28197 GPS  -2267810.804  5009354.759  3221007.057
2022  62  28198 GPS  -2267810.803  5009354.761  3221007.058
2022  62  28199 GPS  -2267810.803  5009354.761  3221007.060
2022  62  28200 GPS  -2267810.803  5009354.759  3221007.058
2022  62  28201 GPS  -2267810.803  5009354.751  3221007.053
2022  62  28202 GPS  -2267810.807  5009354.742  3221007.046
2022  62  28203 GPS  -2267810.805  5009354.730  3221007.034
2022  62  28204 GPS  -2267810.805  5009354.725  3221007.029
2022  62  28205 GPS  -2267810.802  5009354.723  3221007.029
2022  62  28206 GPS  -2267810.803  5009354.719  3221007.029
2022  62  28207 GPS  -2267810.798  5009354.712  3221007.023
2022  62  28208 GPS  -2267810.794  5009354.702  3221007.013
2022  62  28209 GPS  -2267810.788  5009354.691  3221007.002
2022  62  28210 GPS  -2267810.786  5009354.680  3221006.992
2022  62  28211 GPS  -2267810.789  5009354.676  3221006.998
2022  62  28212 GPS  -2267810.787  5009354.671  3221006.994
2022  62  28213 GPS  -2267810.781  5009354.665  3221006.991
2022  62  28214 GPS  -2267810.774  5009354.650  3221006.984
2022  62  28215 GPS  -2267810.769  5009354.638  3221006.974
2022  62  28216 GPS  -2267810.762  5009354.632  3221006.968
2022  62  28217 GPS  -2267810.758  5009354.632  3221006.969
2022  62  28218 GPS  -2267810.758  5009354.638  3221006.973
2022  62  28219 GPS  -2267810.755  5009354.641  3221006.972
2022  62  28220 GPS  -2267810.747  5009354.641  3221006.966
2022  62  28221 GPS  -2267810.747  5009354.643  3221006.966
2022  62  28222 GPS  -2267810.741  5009354.641  3221006.963
2022  62  28223 GPS  -2267810.734  5009354.638  3221006.960
2022  62  28224 GPS  -2267810.726  5009354.638  3221006.961
2022  62  28225 GPS  -2267810.716  5009354.632  3221006.957
2022  62  28226 GPS  -2267810.710  5009354.637  3221006.956
2022  62  28227 GPS  -2267810.710  5009354.631  3221006.959
2022  62  28228 GPS  -2267810.703  5009354.627  3221006.960
2022  62  28229 GPS  -2267810.697  5009354.627  3221006.960
2022  62  28230 GPS  -2267810.693  5009354.630  3221006.966
2022  62  28231 GPS  -2267810.693  5009354.630  3221006.966
2022  62  28232 GPS  -2267810.688  5009354.631  3221006.967
2022  62  28233 GPS  -2267810.681  5009354.627  3221006.962
2022  62  28234 GPS  -2267810.678  5009354.625  3221006.956
2022  62  28235 GPS  -2267810.679  5009354.630  3221006.952
2022  62  28236 GPS  -2267810.670  5009354.629  3221006.949
2022  62  28237 GPS  -2267810.663  5009354.621  3221006.942
2022  62  28238 GPS  -2267810.664  5009354.619  3221006.936
2022  62  28239 GPS  -2267810.663  5009354.609  3221006.922
2022  62  28240 GPS  -2267810.660  5009354.609  3221006.920
2022  62  28241 GPS  -2267810.658  5009354.604  3221006.912
2022  62  28242 GPS  -2267810.656  5009354.598  3221006.909
2022  62  28243 GPS  -2267810.658  5009354.596  3221006.911
2022  62  28244 GPS  -2267810.658  5009354.594  3221006.915
2022  62  28245 GPS  -2267810.656  5009354.581  3221006.911
2022  62  28246 GPS  -2267810.650  5009354.575  3221006.909
2022  62  28247 GPS  -2267810.645  5009354.572  3221006.911
2022  62  28248 GPS  -2267810.642  5009354.564  3221006.910
2022  62  28249 GPS  -2267810.640  5009354.556  3221006.907
2022  62  28250 GPS  -2267810.637  5009354.552  3221006.912
2022  62  28251 GPS  -2267810.634  5009354.551  3221006.919
2022  62  28252 GPS  -2267810.631  5009354.541  3221006.919
2022  62  28253 GPS  -2267810.627  5009354.530  3221006.922
2022  62  28254 GPS  -2267810.618  5009354.523  3221006.923
2022  62  28255 GPS  -2267810.610  5009354.522  3221006.924
2022  62  28256 GPS  -2267810.602  5009354.522  3221006.925
2022  62  28257 GPS  -2267810.598  5009354.524  3221006.931
2022  62  28258 GPS  -2267810.596  5009354.532  3221006.935
2022  62  28259 GPS  -2267810.593  5009354.530  3221006.932
2022  62  28260 GPS  -2267810.590  5009354.529  3221006.934
2022  62  28261 GPS  -2267810.583  5009354.529  3221006.936
2022  62  28262 GPS  -2267810.578  5009354.530  3221006.938
2022  62  28263 GPS  -2267810.577  5009354.543  3221006.941
2022  62  28264 GPS  -2267810.576  5009354.546  3221006.942
2022  62  28265 GPS  -2267810.575  5009354.547  3221006.940
2022  62  28266 GPS  -2267810.571  5009354.547  3221006.939
2022  62  28267 GPS  -2267810.566  5009354.551  3221006.937
2022  62  28268 GPS  -2267810.563  5009354.566  3221006.942
2022  62  28269 GPS  -2267810.560  5009354.568  3221006.944
2022  62  28270 GPS  -2267810.558  5009354.584  3221006.950
2022  62  28271 GPS  -2267810.554  5009354.580  3221006.946
2022  62  28272 GPS  -2267810.545  5009354.579  3221006.945
2022  62  28273 GPS  -2267810.541  5009354.574  3221006.943
2022  62  28274 GPS  -2267810.535  5009354.568  3221006.941
2022  62  28275 GPS  -2267810.533  5009354.565  3221006.939
2022  62  28276 GPS  -2267810.532  5009354.550  3221006.936
2022  62  28277 GPS  -2267810.533  5009354.554  3221006.940
2022  62  28278 GPS  -2267810.537  5009354.560  3221006.947
2022  62  28279 GPS  -2267810.538  5009354.562  3221006.945
2022  62  28280 GPS  -2267810.536  5009354.569  3221006.949
2022  62  28281 GPS  -2267810.538  5009354.570  3221006.951
2022  62  28282 GPS  -2267810.537  5009354.564  3221006.950
2022  62  28283 GPS  -2267810.535  5009354.559  3221006.952
2022  62  28284 GPS  -2267810.531  5009354.561  3221006.953
2022  62  28285 GPS  -2267810.528  5009354.560  3221006.949
2022  62  28286 GPS  -2267810.528  5009354.555  3221006.946
2022  62  28287 GPS  -2267810.521  5009354.551  3221006.946
2022  62  28288 GPS  -2267810.523  5009354.550  3221006.943
2022  62  28289 GPS  -2267810.529  5009354.557  3221006.943
2022  62  28290 GPS  -2267810.532  5009354.563  3221006.941
2022  62  28291 GPS  -2267810.538  5009354.570  3221006.939
2022  62  28292 GPS  -2267810.542  5009354.569  3221006.934
2022  62  28293 GPS  -2267810.546  5009354.575  3221006.932
2022  62  28294 GPS  -2267810.549  5009354.578  3221006.933
2022  62  28295 GPS  -2267810.547  5009354.577  3221006.930
2022  62  28296 GPS  -2267810.549  5009354.580  3221006.930
2022  62  28297 GPS  -2267810.554  5009354.583  3221006.930
2022  62  28298 GPS  -2267810.549  5009354.571  3221006.924
2022  62  28299 GPS  -2267810.549  5009354.568  3221006.922
2022  62  28300 GPS  -2267810.549  5009354.558  3221006.914
2022  62  28301 GPS  -2267810.547  5009354.555  3221006.907
2022  62  28302 GPS  -2267810.538  5009354.544  3221006.897
2022  62  28303 GPS  -2267810.525  5009354.522  3221006.886
2022  62  28304 GPS  -2267810.516  5009354.503  3221006.875
2022  62  28305 GPS  -2267810.505  5009354.492  3221006.862
2022  62  28306 GPS  -2267810.502  5009354.482  3221006.851
2022  62  28307 GPS  -2267810.499  5009354.472  3221006.847
2022  62  28308 GPS  -2267810.491  5009354.459  3221006.839
2022  62  28309 GPS  -2267810.488  5009354.455  3221006.836
2022  62  28310 GPS  -2267810.486  5009354.449  3221006.829
2022  62  28311 GPS  -2267810.478  5009354.445  3221006.828
2022  62  28312 GPS  -2267810.476  5009354.445  3221006.822
2022  62  28313 GPS  -2267810.472  5009354.445  3221006.815
2022  62  28314 GPS  -2267810.475  5009354.448  3221006.815
2022  62  28315 GPS  -2267810.473  5009354.450  3221006.813
2022  62  28316 GPS  -2267810.474  5009354.460  3221006.817
2022  62  28317 GPS  -2267810.478  5009354.471  3221006.820
2022  62  28318 GPS  -2267810.478  5009354.484  3221006.827
2022  62  28319 GPS  -2267810.480  5009354.485  3221006.820
2022  62  28320 GPS  -2267810.480  5009354.494  3221006.819
2022  62  28321 GPS  -2267810.476  5009354.505  3221006.819
2022  62  28322 GPS  -2267810.472  5009354.509  3221006.822
2022  62  28323 GPS  -2267810.472  5009354.518  3221006.827
2022  62  28324 GPS  -2267810.470  5009354.528  3221006.837
2022  62  28325 GPS  -2267810.468  5009354.535  3221006.840
2022  62  28326 GPS  -2267810.466  5009354.538  3221006.836
2022  62  28327 GPS  -2267810.469  5009354.556  3221006.840
2022  62  28328 GPS  -2267810.468  5009354.572  3221006.845
2022  62  28329 GPS  -2267810.472  5009354.573  3221006.842
2022  62  28330 GPS  -2267810.476  5009354.579  3221006.842
2022  62  28331 GPS  -2267810.476  5009354.585  3221006.844
2022  62  28332 GPS  -2267810.481  5009354.591  3221006.843
2022  62  28333 GPS  -2267810.480  5009354.593  3221006.837
2022  62  28334 GPS  -2267810.484  5009354.603  3221006.833
2022  62  28335 GPS  -2267810.483  5009354.602  3221006.832
2022  62  28336 GPS  -2267810.484  5009354.600  3221006.830
2022  62  28337 GPS  -2267810.480  5009354.603  3221006.822
2022  62  28338 GPS  -2267810.475  5009354.600  3221006.816
2022  62  28339 GPS  -2267810.480  5009354.600  3221006.812
2022  62  28340 GPS  -2267810.477  5009354.599  3221006.803
2022  62  28341 GPS  -2267810.469  5009354.587  3221006.791
2022  62  28342 GPS  -2267810.458  5009354.582  3221006.785
2022  62  28343 GPS  -2267810.452  5009354.576  3221006.775
2022  62  28344 GPS  -2267810.448  5009354.572  3221006.763
2022  62  28345 GPS  -2267810.445  5009354.566  3221006.751
2022  62  28346 GPS  -2267810.446  5009354.568  3221006.749
2022  62  28347 GPS  -2267810.439  5009354.558  3221006.742
2022  62  28348 GPS  -2267810.430  5009354.548  3221006.742
2022  62  28349 GPS  -2267810.429  5009354.545  3221006.739
2022  62  28350 GPS  -2267810.431  5009354.549  3221006.739
2022  62  28351 GPS  -2267810.428  5009354.551  3221006.738
2022  62  28352 GPS  -2267810.427  5009354.552  3221006.740
2022  62  28353 GPS  -2267810.421  5009354.542  3221006.737
2022  62  28354 GPS  -2267810.415  5009354.536  3221006.736
2022  62  28355 GPS  -2267810.409  5009354.531  3221006.735
2022  62  28356 GPS  -2267810.406  5009354.530  3221006.737
2022  62  28357 GPS  -2267810.400  5009354.527  3221006.732
2022  62  28358 GPS  -2267810.394  5009354.527  3221006.733
2022  62  28359 GPS  -2267810.393  5009354.533  3221006.740
2022  62  28360 GPS  -2267810.389  5009354.537  3221006.742
2022  62  28361 GPS  -2267810.388  5009354.537  3221006.745
2022  62  28362 GPS  -2267810.393  5009354.540  3221006.744
2022  62  28363 GPS  -2267810.391  5009354.541  3221006.741
2022  62  28364 GPS  -2267810.383  5009354.533  3221006.734
2022  62  28365 GPS  -2267810.383  5009354.535  3221006.736
2022  62  28366 GPS  -2267810.381  5009354.530  3221006.727
2022  62  28367 GPS  -2267810.380  5009354.527  3221006.725
2022  62  28368 GPS  -2267810.376  5009354.519  3221006.723
2022  62  28369 GPS  -2267810.374  5009354.515  3221006.724
2022  62  28370 GPS  -2267810.366  5009354.506  3221006.720
2022  62  28371 GPS  -2267810.357  5009354.486  3221006.715
2022  62  28372 GPS  -2267810.353  5009354.476  3221006.716
2022  62  28373 GPS  -2267810.349  5009354.460  3221006.714
2022  62  28374 GPS  -2267810.345  5009354.451  3221006.712
2022  62  28375 GPS  -2267810.341  5009354.445  3221006.712
2022  62  28376 GPS  -2267810.341  5009354.443  3221006.714
2022  62  28377 GPS  -2267810.338  5009354.427  3221006.705
2022  62  28378 GPS  -2267810.334  5009354.420  3221006.708
2022  62  28379 GPS  -2267810.331  5009354.418  3221006.706
2022  62  28380 GPS  -2267810.327  5009354.410  3221006.707
2022  62  28381 GPS  -2267810.323  5009354.401  3221006.706
2022  62  28382 GPS  -2267810.324  5009354.399  3221006.708
2022  62  28383 GPS  -2267810.327  5009354.388  3221006.707
2022  62  28384 GPS  -2267810.328  5009354.384  3221006.710
2022  62  28385 GPS  -2267810.322  5009354.366  3221006.701
2022  62  28386 GPS  -2267810.310  5009354.345  3221006.691
2022  62  28387 GPS  -2267810.295  5009354.326  3221006.683
2022  62  28388 GPS  -2267810.291  5009354.325  3221006.684
2022  62  28389 GPS  -2267810.290  5009354.327  3221006.688
2022  62  28390 GPS  -2267810.287  5009354.315  3221006.688
2022  62  28391 GPS  -2267810.278  5009354.307  3221006.686
2022  62  28392 GPS  -2267810.272  5009354.297  3221006.681
2022  62  28393 GPS  -2267810.273  5009354.291  3221006.682
2022  62  28394 GPS  -2267810.268  5009354.281  3221006.678
2022  62  28395 GPS  -2267810.265  5009354.274  3221006.670
2022  62  28396 GPS  -2267810.270  5009354.274  3221006.671
2022  62  28397 GPS  -2267810.276  5009354.274  3221006.670
2022  62  28398 GPS  -2267810.282  5009354.274  3221006.665
2022  62  28399 GPS  -2267810.287  5009354.269  3221006.659
2022  62  28400 GPS  -2267810.295  5009354.269  3221006.658
2022  62  28401 GPS  -2267810.300  5009354.264  3221006.659
2022  62  28402 GPS  -2267810.307  5009354.260  3221006.657
2022  62  28403 GPS  -2267810.310  5009354.251  3221006.649
2022  62  28404 GPS  -2267810.311  5009354.243  3221006.648
2022  62  28405 GPS  -2267810.308  5009354.234  3221006.641
2022  62  28406 GPS  -2267810.305  5009354.228  3221006.642
2022  62  28407 GPS  -2267810.302  5009354.224  3221006.644
2022  62  28408 GPS  -2267810.305  5009354.220  3221006.643
2022  62  28409 GPS  -2267810.306  5009354.218  3221006.641
2022  62  28410 GPS  -2267810.307  5009354.211  3221006.631
2022  62  28411 GPS  -2267810.307  5009354.205  3221006.632
2022  62  28412 GPS  -2267810.303  5009354.197  3221006.628
2022  62  28413 GPS  -2267810.302  5009354.190  3221006.622
2022  62  28414 GPS  -2267810.303  5009354.191  3221006.622
2022  62  28415 GPS  -2267810.303  5009354.189  3221006.623
2022  62  28416 GPS  -2267810.303  5009354.183  3221006.623
2022  62  28417 GPS  -2267810.303  5009354.183  3221006.626
2022  62  28418 GPS  -2267810.299  5009354.180  3221006.629
2022  62  28419 GPS  -2267810.302  5009354.192  3221006.634
2022  62  28420 GPS  -2267810.302  5009354.188  3221006.627
2022  62  28421 GPS  -2267810.307  5009354.199  3221006.632
2022  62  28422 GPS  -2267810.310  5009354.209  3221006.635
2022  62  28423 GPS  -2267810.315  5009354.217  3221006.638
2022  62  28424 GPS  -2267810.317  5009354.223  3221006.638
2022  62  28425 GPS  -2267810.322  5009354.239  3221006.643
2022  62  28426 GPS  -2267810.327  5009354.249  3221006.645
2022  62  28427 GPS  -2267810.330  5009354.263  3221006.648
2022  62  28428 GPS  -2267810.341  5009354.283  3221006.657
2022  62  28429 GPS  -2267810.345  5009354.293  3221006.655
2022  62  28430 GPS  -2267810.343  5009354.307  3221006.656
2022  62  28431 GPS  -2267810.345  5009354.333  3221006.661
2022  62  28432 GPS  -2267810.347  5009354.349  3221006.663
2022  62  28433 GPS  -2267810.346  5009354.350  3221006.658
2022  62  28434 GPS  -2267810.350  5009354.363  3221006.660
2022  62  28435 GPS  -2267810.352  5009354.368  3221006.660
2022  62  28436 GPS  -2267810.353  5009354.376  3221006.660
2022  62  28437 GPS  -2267810.354  5009354.393  3221006.665
2022  62  28438 GPS  -2267810.355  5009354.394  3221006.657
2022  62  28439 GPS  -2267810.357  5009354.394  3221006.644
2022  62  28440 GPS  -2267810.355  5009354.393  3221006.632
2022  62  28441 GPS  -2267810.349  5009354.385  3221006.619
2022  62  28442 GPS  -2267810.343  5009354.385  3221006.612
2022  62  28443 GPS  -2267810.341  5009354.389  3221006.605
2022  62  28444 GPS  -2267810.339  5009354.392  3221006.601
2022  62  28445 GPS  -2267810.334  5009354.392  3221006.598
2022  62  28446 GPS  -2267810.331  5009354.387  3221006.590
2022  62  28447 GPS  -2267810.327  5009354.374  3221006.578
2022  62  28448 GPS  -2267810.325  5009354.357  3221006.561
2022  62  28449 GPS  -2267810.323  5009354.346  3221006.546
2022  62  28450 GPS  -2267810.315  5009354.333  3221006.534
2022  62  28451 GPS  -2267810.310  5009354.325  3221006.531
2022  62  28452 GPS  -2267810.309  5009354.328  3221006.530
2022  62  28453 GPS  -2267810.300  5009354.323  3221006.520
2022  62  28454 GPS  -2267810.291  5009354.315  3221006.512
2022  62  28455 GPS  -2267810.285  5009354.312  3221006.506
2022  62  28456 GPS  -2267810.283  5009354.310  3221006.500
2022  62  28457 GPS  -2267810.282  5009354.314  3221006.491
2022  62  28458 GPS  -2267810.278  5009354.312  3221006.484
2022  62  28459 GPS  -2267810.276  5009354.316  3221006.484
2022  62  28460 GPS  -2267810.264  5009354.301  3221006.478
2022  62  28461 GPS  -2267810.264  5009354.300  3221006.474
2022  62  28462 GPS  -2267810.262  5009354.298  3221006.469
2022  62  28463 GPS  -2267810.257  5009354.292  3221006.461
2022  62  28464 GPS  -2267810.259  5009354.296  3221006.456
2022  62  28465 GPS  -2267810.262  5009354.305  3221006.453
2022  62  28466 GPS  -2267810.261  5009354.300  3221006.450
2022  62  28467 GPS  -2267810.265  5009354.293  3221006.450
2022  62  28468 GPS  -2267810.265  5009354.292  3221006.448
2022  62  28469 GPS  -2267810.264  5009354.291  3221006.449
2022  62  28470 GPS  -2267810.267  5009354.284  3221006.442
2022  62  28471 GPS  -2267810.273  5009354.279  3221006.440
2022  62  28472 GPS  -2267810.275  5009354.274  3221006.437
2022  62  28473 GPS  -2267810.285  5009354.282  3221006.441
2022  62  28474 GPS  -2267810.289  5009354.286  3221006.442
2022  62  28475 GPS  -2267810.297  5009354.281  3221006.434
2022  62  28476 GPS  -2267810.296  5009354.270  3221006.427
2022  62  28477 GPS  -2267810.298  5009354.261  3221006.419
2022  62  28478 GPS  -2267810.297  5009354.253  3221006.412
2022  62  28479 GPS  -2267810.294  5009354.252  3221006.406
2022  62  28480 GPS  -2267810.291  5009354.248  3221006.399
2022  62  28481 GPS  -2267810.286  5009354.239  3221006.393
2022  62  28482 GPS  -2267810.286  5009354.231  3221006.389
2022  62  28483 GPS  -2267810.285  5009354.220  3221006.383
2022  62  28484 GPS  -2267810.285  5009354.208  3221006.379
2022  62  28485 GPS  -2267810.280  5009354.200  3221006.371
2022  62  28486 GPS  -2267810.267  5009354.184  3221006.363
2022  62  28487 GPS  -2267810.257  5009354.174  3221006.362
2022  62  28488 GPS  -2267810.245  5009354.160  3221006.355
2022  62  28489 GPS  -2267810.232  5009354.146  3221006.351
2022  62  28490 GPS  -2267810.221  5009354.138  3221006.346
2022  62  28491 GPS  -2267810.213  5009354.136  3221006.344
2022  62  28492 GPS  -2267810.207  5009354.126  3221006.337
2022  62  28493 GPS  -2267810.198  5009354.122  3221006.329
2022  62  28494 GPS  -2267810.190  5009354.119  3221006.327
2022  62  28495 GPS  -2267810.181  5009354.113  3221006.323
2022  62  28496 GPS  -2267810.176  5009354.103  3221006.316
2022  62  28497 GPS  -2267810.166  5009354.093  3221006.311
2022  62  28498 GPS  -2267810.157  5009354.082  3221006.300
2022  62  28499 GPS  -2267810.149  5009354.076  3221006.292
2022  62  28500 GPS  -2267810.141  5009354.072  3221006.286
2022  62  28501 GPS  -2267810.138  5009354.071  3221006.287
2022  62  28502 GPS  -2267810.133  5009354.068  3221006.282
2022  62  28503 GPS  -2267810.123  5009354.053  3221006.270
2022  62  28504 GPS  -2267810.120  5009354.049  3221006.268
2022  62  28505 GPS  -2267810.121  5009354.042  3221006.267
2022  62  28506 GPS  -2267810.119  5009354.033  3221006.263
2022  62  28507 GPS  -2267810.116  5009354.030  3221006.258
2022  62  28508 GPS  -2267810.112  5009354.027  3221006.250
2022  62  28509 GPS  -2267810.109  5009354.028  3221006.246
2022  62  28510 GPS  -2267810.111  5009354.017  3221006.235
2022  62  28511 GPS  -2267809.594  5009353.579  3221005.732
2022  62  28512 GPS  -2267809.596  5009353.567  3221005.726
2022  62  28513 GPS  -2267809.600  5009353.561  3221005.724
2022  62  28514 GPS  -2267809.597  5009353.564  3221005.725
2022  62  28515 GPS  -2267809.592  5009353.557  3221005.724
2022  62  28516 GPS  -2267809.588  5009353.554  3221005.718
2022  62  28517 GPS  -2267809.589  5009353.554  3221005.718
2022  62  28518 GPS  -2267809.583  5009353.551  3221005.711
2022  62  28519 GPS  -2267809.576  5009353.542  3221005.706
2022  62  28520 GPS  -2267809.568  5009353.538  3221005.698
2022  62  28521 GPS  -2267809.561  5009353.519  3221005.681
2022  62  28522 GPS  -2267809.551  5009353.500  3221005.667
2022  62  28523 GPS  -2267809.541  5009353.485  3221005.654
2022  62  28524 GPS  -2267809.538  5009353.478  3221005.649
2022  62  28525 GPS  -2267809.536  5009353.473  3221005.646
2022  62  28526 GPS  -2267809.527  5009353.466  3221005.640
2022  62  28527 GPS  -2267809.522  5009353.457  3221005.632
2022  62  28528 GPS  -2267809.523  5009353.451  3221005.625
2022  62  28529 GPS  -2267809.520  5009353.455  3221005.627
2022  62  28530 GPS  -2267809.515  5009353.450  3221005.628
2022  62  28531 GPS  -2267809.509  5009353.446  3221005.627
2022  62  28532 GPS  -2267809.503  5009353.438  3221005.625
2022  62  28533 GPS  -2267809.501  5009353.445  3221005.628
2022  62  28534 GPS  -2267809.494  5009353.427  3221005.618
2022  62  28535 GPS  -2267809.487  5009353.419  3221005.612
2022  62  28536 GPS  -2267809.489  5009353.407  3221005.605
2022  62  28537 GPS  -2267809.487  5009353.397  3221005.603
2022  62  28538 GPS  -2267809.486  5009353.390  3221005.601
2022  62  28539 GPS  -2267809.489  5009353.396  3221005.602
2022  62  28540 GPS  -2267809.484  5009353.383  3221005.595
2022  62  28541 GPS  -2267809.482  5009353.377  3221005.592
2022  62  28542 GPS  -2267809.473  5009353.368  3221005.579
2022  62  28543 GPS  -2267809.470  5009353.365  3221005.575
2022  62  28544 GPS  -2267809.461  5009353.359  3221005.570
2022  62  28545 GPS  -2267809.452  5009353.351  3221005.559
2022  62  28546 GPS  -2267809.442  5009353.332  3221005.538
2022  62  28547 GPS  -2267809.434  5009353.317  3221005.524
2022  62  28548 GPS  -2267809.426  5009353.305  3221005.510
2022  62  28549 GPS  -2267809.419  5009353.296  3221005.499
2022  62  28550 GPS  -2267809.563  5009353.477  3221005.552
2022  62  28551 GPS  -2267809.554  5009353.473  3221005.537
2022  62  28552 GPS  -2267809.543  5009353.472  3221005.524
2022  62  28553 GPS  -2267809.532  5009353.473  3221005.519
2022  62  28554 GPS  -2267809.516  5009353.467  3221005.508
2022  62  28555 GPS  -2267809.497  5009353.452  3221005.492
2022  62  28556 GPS  -2267809.480  5009353.434  3221005.476
2022  62  28557 GPS  -2267809.467  5009353.421  3221005.463
2022  62  28558 GPS  -2267809.457  5009353.410  3221005.454
2022  62  28559 GPS  -2267809.450  5009353.404  3221005.450
2022  62  28560 GPS  -2267809.443  5009353.394  3221005.447
2022  62  28561 GPS  -2267809.434  5009353.386  3221005.445
2022  62  28562 GPS  -2267809.424  5009353.385  3221005.443
2022  62  28563 GPS  -2267809.419  5009353.378  3221005.443
2022  62  28564 GPS  -2267809.410  5009353.374  3221005.442
2022  62  28565 GPS  -2267809.403  5009353.379  3221005.441
2022  62  28566 GPS  -2267809.399  5009353.377  3221005.442
2022  62  28567 GPS  -2267809.388  5009353.374  3221005.443
2022  62  28568 GPS  -2267809.384  5009353.369  3221005.443
2022  62  28569 GPS  -2267809.383  5009353.364  3221005.445
2022  62  28570 GPS  -2267809.383  5009353.351  3221005.442
2022  62  28571 GPS  -2267809.378  5009353.340  3221005.440
2022  62  28572 GPS  -2267809.376  5009353.330  3221005.442
2022  62  28573 GPS  -2267809.374  5009353.325  3221005.446
2022  62  28574 GPS  -2267809.372  5009353.318  3221005.449
2022  62  28575 GPS  -2267809.369  5009353.314  3221005.452
2022  62  28576 GPS  -2267809.364  5009353.305  3221005.451
2022  62  28577 GPS  -2267809.355  5009353.302  3221005.451
2022  62  28578 GPS  -2267809.353  5009353.296  3221005.453
2022  62  28579 GPS  -2267809.344  5009353.285  3221005.451
2022  62  28580 GPS  -2267809.340  5009353.279  3221005.449
2022  62  28581 GPS  -2267809.335  5009353.270  3221005.448
2022  62  28582 GPS  -2267809.330  5009353.271  3221005.451
2022  62  28583 GPS  -2267809.326  5009353.264  3221005.448
2022  62  28584 GPS  -2267809.321  5009353.253  3221005.442
2022  62  28585 GPS  -2267809.318  5009353.246  3221005.439
2022  62  28586 GPS  -2267809.310  5009353.234  3221005.431
2022  62  28587 GPS  -2267809.305  5009353.228  3221005.422
2022  62  28588 GPS  -2267809.300  5009353.225  3221005.418
2022  62  28589 GPS  -2267809.293  5009353.217  3221005.409
2022  62  28590 GPS  -2267809.287  5009353.206  3221005.400
2022  62  28591 GPS  -2267809.282  5009353.203  3221005.391
2022  62  28592 GPS  -2267809.276  5009353.208  3221005.390
2022  62  28593 GPS  -2267809.275  5009353.209  3221005.387
2022  62  28594 GPS  -2267809.272  5009353.215  3221005.387
2022  62  28595 GPS  -2267809.267  5009353.216  3221005.383
2022  62  28596 GPS  -2267809.270  5009353.219  3221005.378
2022  62  28597 GPS  -2267809.265  5009353.217  3221005.368
2022  62  28598 GPS  -2267809.266  5009353.228  3221005.369
2022  62  28599 GPS  -2267809.271  5009353.237  3221005.369
2022  62  28600 GPS  -2267809.274  5009353.237  3221005.369
2022  62  28601 GPS  -2267809.273  5009353.240  3221005.366
2022  62  28602 GPS  -2267809.272  5009353.240  3221005.365
2022  62  28603 GPS  -2267809.277  5009353.243  3221005.369
2022  62  28604 GPS  -2267809.277  5009353.243  3221005.370
2022  62  28605 GPS  -2267809.274  5009353.252  3221005.375
2022  62  28606 GPS  -2267809.270  5009353.262  3221005.377
2022  62  28607 GPS  -2267809.269  5009353.264  3221005.379
2022  62  28608 GPS  -2267809.266  5009353.269  3221005.379
2022  62  28609 GPS  -2267809.265  5009353.269  3221005.381
2022  62  28610 GPS  -2267809.263  5009353.265  3221005.381
2022  62  28611 GPS  -2267809.263  5009353.259  3221005.384
2022  62  28612 GPS  -2267809.265  5009353.267  3221005.392
2022  62  28613 GPS  -2267809.264  5009353.264  3221005.390
2022  62  28614 GPS  -2267809.268  5009353.257  3221005.389
2022  62  28615 GPS  -2267809.267  5009353.246  3221005.388
2022  62  28616 GPS  -2267809.262  5009353.231  3221005.379
2022  62  28617 GPS  -2267809.258  5009353.227  3221005.377
2022  62  28618 GPS  -2267809.258  5009353.229  3221005.380
2022  62  28619 GPS  -2267809.260  5009353.235  3221005.378
2022  62  28620 GPS  -2267809.257  5009353.230  3221005.374
2022  62  28621 GPS  -2267809.254  5009353.224  3221005.373
2022  62  28622 GPS  -2267809.250  5009353.220  3221005.371
2022  62  28623 GPS  -2267809.248  5009353.210  3221005.365
2022  62  28624 GPS  -2267809.245  5009353.203  3221005.359
2022  62  28625 GPS  -2267809.244  5009353.205  3221005.356
2022  62  28626 GPS  -2267809.239  5009353.199  3221005.347
2022  62  28627 GPS  -2267809.236  5009353.196  3221005.342
2022  62  28628 GPS  -2267809.242  5009353.201  3221005.337
2022  62  28629 GPS  -2267809.240  5009353.200  3221005.331
2022  62  28630 GPS  -2267809.234  5009353.191  3221005.320
2022  62  28631 GPS  -2267809.233  5009353.189  3221005.318
2022  62  28632 GPS  -2267809.239  5009353.189  3221005.317
2022  62  28633 GPS  -2267809.240  5009353.194  3221005.315
2022  62  28634 GPS  -2267809.235  5009353.194  3221005.312
2022  62  28635 GPS  -2267809.232  5009353.196  3221005.304
2022  62  28636 GPS  -2267809.228  5009353.200  3221005.298
2022  62  28637 GPS  -2267809.227  5009353.207  3221005.291
2022  62  28638 GPS  -2267809.227  5009353.209  3221005.284
2022  62  28639 GPS  -2267809.227  5009353.209  3221005.282
2022  62  28640 GPS  -2267809.227  5009353.213  3221005.280
2022  62  28641 GPS  -2267809.223  5009353.211  3221005.271
2022  62  28642 GPS  -2267809.217  5009353.214  3221005.264
2022  62  28643 GPS  -2267809.214  5009353.218  3221005.259
2022  62  28644 GPS  -2267809.216  5009353.224  3221005.257
2022  62  28645 GPS  -2267809.214  5009353.226  3221005.250
2022  62  28646 GPS  -2267809.214  5009353.229  3221005.247
2022  62  28647 GPS  -2267809.216  5009353.232  3221005.249
2022  62  28648 GPS  -2267809.222  5009353.233  3221005.242
2022  62  28649 GPS  -2267809.229  5009353.246  3221005.243
2022  62  28650 GPS  -2267809.236  5009353.257  3221005.242
2022  62  28651 GPS  -2267809.243  5009353.264  3221005.240
2022  62  28652 GPS  -2267809.247  5009353.270  3221005.237
2022  62  28653 GPS  -2267809.248  5009353.275  3221005.235
2022  62  28654 GPS  -2267809.254  5009353.282  3221005.232
2022  62  28655 GPS  -2267809.259  5009353.291  3221005.232
2022  62  28656 GPS  -2267809.258  5009353.295  3221005.228
2022  62  28657 GPS  -2267809.259  5009353.304  3221005.228
2022  62  28658 GPS  -2267809.262  5009353.304  3221005.224
2022  62  28659 GPS  -2267809.257  5009353.300  3221005.215
2022  62  28660 GPS  -2267809.252  5009353.299  3221005.215
2022  62  28661 GPS  -2267809.255  5009353.290  3221005.204
2022  62  28662 GPS  -2267809.258  5009353.289  3221005.201
2022  62  28663 GPS  -2267809.259  5009353.291  3221005.198
2022  62  28664 GPS  -2267809.260  5009353.291  3221005.197
2022  62  28665 GPS  -2267809.260  5009353.282  3221005.190
2022  62  28666 GPS  -2267809.259  5009353.286  3221005.194
2022  62  28667 GPS  -2267809.249  5009353.271  3221005.186
2022  62  28668 GPS  -2267809.245  5009353.262  3221005.181
2022  62  28669 GPS  -2267809.240  5009353.257  3221005.175
2022  62  28670 GPS  -2267809.234  5009353.263  3221005.169
2022  62  28671 GPS  -2267809.230  5009353.264  3221005.164
2022  62  28672 GPS  -2267809.229  5009353.263  3221005.156
2022  62  28673 GPS  -2267809.230  5009353.257  3221005.145
2022  62  28674 GPS  -2267809.233  5009353.250  3221005.136
2022  62  28675 GPS  -2267809.233  5009353.239  3221005.126
2022  62  28676 GPS  -2267809.232  5009353.230  3221005.121
2022  62  28677 GPS  -2267809.229  5009353.221  3221005.112
2022  62  28678 GPS  -2267809.223  5009353.210  3221005.109
2022  62  28679 GPS  -2267809.224  5009353.199  3221005.098
2022  62  28680 GPS  -2267809.221  5009353.190  3221005.084
2022  62  28681 GPS  -2267809.215  5009353.178  3221005.070
2022  62  28682 GPS  -2267809.214  5009353.175  3221005.062
2022  62  28683 GPS  -2267809.208  5009353.169  3221005.059
2022  62  28684 GPS  -2267809.207  5009353.175  3221005.060
2022  62  28685 GPS  -2267809.205  5009353.160  3221005.043
2022  62  28686 GPS  -2267809.203  5009353.147  3221005.029
2022  62  28687 GPS  -2267809.200  5009353.134  3221005.016
2022  62  28688 GPS  -2267809.198  5009353.129  3221005.008
2022  62  28689 GPS  -2267809.197  5009353.122  3221004.998
2022  62  28690 GPS  -2267809.194  5009353.110  3221004.993
2022  62  28691 GPS  -2267809.195  5009353.104  3221004.988
2022  62  28692 GPS  -2267809.196  5009353.109  3221004.983
2022  62  28693 GPS  -2267809.188  5009353.101  3221004.969
2022  62  28694 GPS  -2267809.186  5009353.104  3221004.964
2022  62  28695 GPS  -2267809.184  5009353.108  3221004.960
2022  62  28696 GPS  -2267809.184  5009353.105  3221004.948
2022  62  28697 GPS  -2267809.179  5009353.098  3221004.941
2022  62  28698 GPS  -2267809.173  5009353.089  3221004.929
2022  62  28699 GPS  -2267809.166  5009353.080  3221004.911
2022  62  28700 GPS  -2267809.158  5009353.069  3221004.901
2022  62  28701 GPS  -2267809.154  5009353.069  3221004.894
2022  62  28702 GPS  -2267809.150  5009353.058  3221004.883
2022  62  28703 GPS  -2267809.144  5009353.056  3221004.874
2022  62  28704 GPS  -2267809.141  5009353.050  3221004.866
2022  62  28705 GPS  -2267809.136  5009353.045  3221004.860
2022  62  28706 GPS  -2267809.130  5009353.045  3221004.852
2022  62  28707 GPS  -2267809.126  5009353.044  3221004.848
2022  62  28708 GPS  -2267809.120  5009353.033  3221004.838
2022  62  28709 GPS  -2267809.118  5009353.028  3221004.826
2022  62  28710 GPS  -2267809.115  5009353.022  3221004.817
2022  62  28711 GPS  -2267809.113  5009353.016  3221004.810
2022  62  28712 GPS  -2267809.106  5009353.003  3221004.799
2022  62  28713 GPS  -2267809.103  5009352.992  3221004.791
2022  62  28714 GPS  -2267809.105  5009352.984  3221004.784
2022  62  28715 GPS  -2267809.105  5009352.984  3221004.784
2022  62  28716 GPS  -2267809.100  5009352.977  3221004.775
2022  62  28717 GPS  -2267809.101  5009352.977  3221004.775
2022  62  28718 GPS  -2267809.102  5009352.981  3221004.775
2022  62  28719 GPS  -2267809.097  5009352.971  3221004.773
2022  62  28720 GPS  -2267809.089  5009352.967  3221004.769
2022  62  28721 GPS  -2267809.081  5009352.956  3221004.765
2022  62  28722 GPS  -2267809.077  5009352.952  3221004.766
2022  62  28723 GPS  -2267809.075  5009352.948  3221004.768
2022  62  28724 GPS  -2267809.074  5009352.946  3221004.772
2022  62  28725 GPS  -2267809.071  5009352.941  3221004.770
2022  62  28726 GPS  -2267809.072  5009352.928  3221004.764
2022  62  28727 GPS  -2267809.075  5009352.921  3221004.763
2022  62  28728 GPS  -2267809.076  5009352.911  3221004.760
2022  62  28729 GPS  -2267809.077  5009352.904  3221004.753
2022  62  28730 GPS  -2267809.070  5009352.891  3221004.746
2022  62  28731 GPS  -2267809.066  5009352.878  3221004.742
2022  62  28732 GPS  -2267809.065  5009352.871  3221004.741
2022  62  28733 GPS  -2267809.062  5009352.864  3221004.740
2022  62  28734 GPS  -2267809.064  5009352.862  3221004.740
2022  62  28735 GPS  -2267809.066  5009352.857  3221004.740
2022  62  28736 GPS  -2267809.065  5009352.855  3221004.744
2022  62  28737 GPS  -2267809.066  5009352.853  3221004.746
2022  62  28738 GPS  -2267809.063  5009352.852  3221004.748
2022  62  28739 GPS  -2267809.063  5009352.852  3221004.750
2022  62  28740 GPS  -2267809.062  5009352.862  3221004.756
2022  62  28741 GPS  -2267809.059  5009352.874  3221004.763
2022  62  28742 GPS  -2267809.057  5009352.894  3221004.775
2022  62  28743 GPS  -2267809.058  5009352.901  3221004.784
2022  62  28744 GPS  -2267809.056  5009352.904  3221004.789
2022  62  28745 GPS  -2267809.053  5009352.906  3221004.791
2022  62  28746 GPS  -2267809.048  5009352.906  3221004.787
2022  62  28747 GPS  -2267809.048  5009352.911  3221004.786
2022  62  28748 GPS  -2267809.044  5009352.913  3221004.780
2022  62  28749 GPS  -2267809.040  5009352.911  3221004.774
2022  62  28750 GPS  -2267809.033  5009352.907  3221004.765
2022  62  28751 GPS  -2267809.031  5009352.894  3221004.752
2022  62  28752 GPS  -2267809.028  5009352.890  3221004.745
2022  62  28753 GPS  -2267809.024  5009352.885  3221004.738
2022  62  28754 GPS  -2267809.019  5009352.887  3221004.732
2022  62  28755 GPS  -2267809.018  5009352.893  3221004.729
2022  62  28756 GPS  -2267809.015  5009352.890  3221004.721
2022  62  28757 GPS  -2267809.012  5009352.888  3221004.716
2022  62  28758 GPS  -2267809.006  5009352.880  3221004.708
2022  62  28759 GPS  -2267809.002  5009352.871  3221004.701
2022  62  28760 GPS  -2267808.999  5009352.862  3221004.688
2022  62  28761 GPS  -2267808.994  5009352.854  3221004.682
2022  62  28762 GPS  -2267808.990  5009352.851  3221004.679
2022  62  28763 GPS  -2267808.982  5009352.842  3221004.672
2022  62  28764 GPS  -2267808.967  5009352.829  3221004.660
2022  62  28765 GPS  -2267808.959  5009352.812  3221004.644
2022  62  28766 GPS  -2267808.948  5009352.796  3221004.635
2022  62  28767 GPS  -2267808.942  5009352.786  3221004.626
2022  62  28768 GPS  -2267808.937  5009352.781  3221004.615
2022  62  28769 GPS  -2267808.935  5009352.776  3221004.608
2022  62  28770 GPS  -2267808.927  5009352.765  3221004.598
2022  62  28771 GPS  -2267808.922  5009352.754  3221004.589
2022  62  28772 GPS  -2267808.914  5009352.739  3221004.576
2022  62  28773 GPS  -2267808.908  5009352.722  3221004.562
2022  62  28774 GPS  -2267808.908  5009352.714  3221004.556
2022  62  28775 GPS  -2267808.903  5009352.703  3221004.549
2022  62  28776 GPS  -2267808.901  5009352.704  3221004.551
2022  62  28777 GPS  -2267808.901  5009352.706  3221004.549
2022  62  28778 GPS  -2267808.909  5009352.713  3221004.553
2022  62  28779 GPS  -2267808.913  5009352.729  3221004.563
2022  62  28780 GPS  -2267808.920  5009352.736  3221004.566
2022  62  28781 GPS  -2267808.924  5009352.743  3221004.568
2022  62  28782 GPS  -2267808.932  5009352.749  3221004.571
2022  62  28783 GPS  -2267808.935  5009352.747  3221004.573
2022  62  28784 GPS  -2267808.940  5009352.738  3221004.569
2022  62  28785 GPS  -2267808.942  5009352.738  3221004.570
2022  62  28786 GPS  -2267808.945  5009352.741  3221004.566
2022  62  28787 GPS  -2267808.949  5009352.739  3221004.562
2022  62  28788 GPS  -2267808.952  5009352.736  3221004.562
2022  62  28789 GPS  -2267808.955  5009352.739  3221004.563
2022  62  28790 GPS  -2267808.957  5009352.743  3221004.565
2022  62  28791 GPS  -2267808.952  5009352.748  3221004.570
2022  62  28792 GPS  -2267808.948  5009352.755  3221004.574
2022  62  28793 GPS  -2267808.943  5009352.759  3221004.577
2022  62  28794 GPS  -2267808.940  5009352.756  3221004.580
2022  62  28795 GPS  -2267808.940  5009352.755  3221004.580
2022  62  28796 GPS  -2267808.940  5009352.765  3221004.588
2022  62  28797 GPS  -2267808.937  5009352.764  3221004.596
2022  62  28798 GPS  -2267808.937  5009352.761  3221004.599
2022  62  28799 GPS  -2267808.937  5009352.754  3221004.597
2022  62  28800 GPS  -2267808.932  5009352.742  3221004.590
2022  62  28801 GPS  -2267808.927  5009352.740  3221004.594
2022  62  28802 GPS  -2267808.923  5009352.746  3221004.599
2022  62  28803 GPS  -2267808.918  5009352.740  3221004.604
2022  62  28804 GPS  -2267808.916  5009352.742  3221004.610
2022  62  28805 GPS  -2267808.913  5009352.749  3221004.612
2022  62  28806 GPS  -2267808.912  5009352.750  3221004.617
2022  62  28807 GPS  -2267808.909  5009352.743  3221004.614
2022  62  28808 GPS  -2267808.911  5009352.732  3221004.606
2022  62  28809 GPS  -2267808.907  5009352.719  3221004.605
2022  62  28810 GPS  -2267808.902  5009352.715  3221004.608
2022  62  28811 GPS  -2267808.893  5009352.701  3221004.607
2022  62  28812 GPS  -2267808.886  5009352.696  3221004.611
2022  62  28813 GPS  -2267808.884  5009352.687  3221004.611
2022  62  28814 GPS  -2267808.883  5009352.686  3221004.614
2022  62  28815 GPS  -2267808.882  5009352.687  3221004.621
2022  62  28816 GPS  -2267808.771  5009352.756  3221004.746
2022  62  28817 GPS  -2267808.772  5009352.767  3221004.751
2022  62  28818 GPS  -2267808.771  5009352.776  3221004.756
2022  62  28819 GPS  -2267808.766  5009352.784  3221004.759
2022  62  28820 GPS  -2267808.769  5009352.787  3221004.761
2022  62  28821 GPS  -2267808.768  5009352.800  3221004.765
2022  62  28822 GPS  -2267808.772  5009352.812  3221004.769
2022  62  28823 GPS  -2267808.776  5009352.834  3221004.784
2022  62  28824 GPS  -2267808.779  5009352.847  3221004.794
2022  62  28825 GPS  -2267808.779  5009352.846  3221004.793
2022  62  28826 GPS  -2267808.778  5009352.850  3221004.794
2022  62  28827 GPS  -2267808.774  5009352.848  3221004.788
2022  62  28828 GPS  -2267808.768  5009352.834  3221004.779
2022  62  28829 GPS  -2267808.762  5009352.822  3221004.777
2022  62  28830 GPS  -2267808.755  5009352.813  3221004.777
2022  62  28831 GPS  -2267808.756  5009352.802  3221004.774
2022  62  28832 GPS  -2267808.752  5009352.790  3221004.769
2022  62  28833 GPS  -2267808.751  5009352.789  3221004.770
2022  62  28834 GPS  -2267808.745  5009352.786  3221004.769
2022  62  28835 GPS  -2267808.749  5009352.790  3221004.773
2022  62  28836 GPS  -2267808.745  5009352.798  3221004.776
2022  62  28837 GPS  -2267808.742  5009352.804  3221004.774
2022  62  28838 GPS  -2267808.735  5009352.805  3221004.774
2022  62  28839 GPS  -2267808.731  5009352.809  3221004.772
2022  62  28840 GPS  -2267808.727  5009352.809  3221004.771
2022  62  28841 GPS  -2267808.727  5009352.816  3221004.772
2022  62  28842 GPS  -2267808.724  5009352.813  3221004.771
2022  62  28843 GPS  -2267808.723  5009352.813  3221004.776
2022  62  28844 GPS  -2267808.723  5009352.808  3221004.773
2022  62  28845 GPS  -2267808.725  5009352.802  3221004.765
2022  62  28846 GPS  -2267808.729  5009352.801  3221004.761
2022  62  28847 GPS  -2267808.728  5009352.804  3221004.763
2022  62  28848 GPS  -2267808.721  5009352.792  3221004.753
2022  62  28849 GPS  -2267808.720  5009352.787  3221004.746
2022  62  28850 GPS  -2267808.714  5009352.785  3221004.747
2022  62  28851 GPS  -2267808.714  5009352.783  3221004.750
2022  62  28852 GPS  -2267808.713  5009352.772  3221004.743
2022  62  28853 GPS  -2267808.709  5009352.771  3221004.741
2022  62  28854 GPS  -2267808.715  5009352.775  3221004.743
2022  62  28855 GPS  -2267808.714  5009352.781  3221004.744
2022  62  28856 GPS  -2267808.712  5009352.784  3221004.745
2022  62  28857 GPS  -2267808.710  5009352.782  3221004.740
2022  62  28858 GPS  -2267808.710  5009352.786  3221004.742
2022  62  28859 GPS  -2267808.706  5009352.789  3221004.740
2022  62  28860 GPS  -2267808.703  5009352.796  3221004.741
2022  62  28861 GPS  -2267808.700  5009352.796  3221004.742
2022  62  28862 GPS  -2267808.695  5009352.786  3221004.736
2022  62  28863 GPS  -2267808.693  5009352.791  3221004.735
2022  62  28864 GPS  -2267808.693  5009352.794  3221004.736
2022  62  28865 GPS  -2267808.688  5009352.787  3221004.732
2022  62  28866 GPS  -2267808.682  5009352.780  3221004.723
2022  62  28867 GPS  -2267808.680  5009352.777  3221004.721
2022  62  28868 GPS  -2267808.678  5009352.769  3221004.720
2022  62  28869 GPS  -2267808.680  5009352.770  3221004.723
2022  62  28870 GPS  -2267808.684  5009352.769  3221004.726
2022  62  28871 GPS  -2267808.692  5009352.772  3221004.728
2022  62  28872 GPS  -2267808.697  5009352.780  3221004.732
2022  62  28873 GPS  -2267808.699  5009352.783  3221004.726
2022  62  28874 GPS  -2267808.701  5009352.782  3221004.727
2022  62  28875 GPS  -2267808.698  5009352.779  3221004.723
2022  62  28876 GPS  -2267808.693  5009352.777  3221004.724
2022  62  28877 GPS  -2267808.691  5009352.771  3221004.719
2022  62  28878 GPS  -2267808.689  5009352.772  3221004.717
2022  62  28879 GPS  -2267808.687  5009352.770  3221004.716
2022  62  28880 GPS  -2267808.679  5009352.755  3221004.706
2022  62  28881 GPS  -2267808.678  5009352.755  3221004.703
2022  62  28882 GPS  -2267808.672  5009352.752  3221004.703
2022  62  28883 GPS  -2267808.664  5009352.744  3221004.697
2022  62  28884 GPS  -2267808.656  5009352.740  3221004.696
2022  62  28885 GPS  -2267808.647  5009352.729  3221004.688
2022  62  28886 GPS  -2267808.634  5009352.713  3221004.681
2022  62  28887 GPS  -2267808.626  5009352.703  3221004.679
2022  62  28888 GPS  -2267808.626  5009352.702  3221004.684
2022  62  28889 GPS  -2267808.623  5009352.702  3221004.687
2022  62  28890 GPS  -2267808.629  5009352.704  3221004.690
2022  62  28891 GPS  -2267808.630  5009352.707  3221004.693
2022  62  28892 GPS  -2267808.631  5009352.706  3221004.699
2022  62  28893 GPS  -2267808.628  5009352.707  3221004.707
2022  62  28894 GPS  -2267808.619  5009352.707  3221004.714
2022  62  28895 GPS  -2267808.610  5009352.701  3221004.715
2022  62  28896 GPS  -2267808.605  5009352.695  3221004.711
2022  62  28897 GPS  -2267808.598  5009352.686  3221004.707
2022  62  28898 GPS  -2267808.590  5009352.676  3221004.697
2022  62  28899 GPS  -2267808.583  5009352.665  3221004.691
2022  62  28900 GPS  -2267808.579  5009352.650  3221004.683
2022  62  28901 GPS  -2267808.570  5009352.646  3221004.675
2022  62  28902 GPS  -2267808.564  5009352.635  3221004.667
2022  62  28903 GPS  -2267808.557  5009352.621  3221004.655
2022  62  28904 GPS  -2267808.550  5009352.615  3221004.647
2022  62  28905 GPS  -2267808.545  5009352.613  3221004.642
2022  62  28906 GPS  -2267808.542  5009352.604  3221004.634
2022  62  28907 GPS  -2267808.540  5009352.600  3221004.630
2022  62  28908 GPS  -2267808.539  5009352.600  3221004.630
2022  62  28909 GPS  -2267808.540  5009352.597  3221004.631
2022  62  28910 GPS  -2267808.540  5009352.590  3221004.626
2022  62  28911 GPS  -2267808.537  5009352.580  3221004.623
2022  62  28912 GPS  -2267808.535  5009352.564  3221004.610
2022  62  28913 GPS  -2267808.533  5009352.548  3221004.598
2022  62  28914 GPS  -2267808.527  5009352.532  3221004.588
2022  62  28915 GPS  -2267808.517  5009352.509  3221004.574
2022  62  28916 GPS  -2267808.513  5009352.490  3221004.559
2022  62  28917 GPS  -2267808.508  5009352.478  3221004.547
2022  62  28918 GPS  -2267808.505  5009352.462  3221004.531
2022  62  28919 GPS  -2267808.500  5009352.457  3221004.525
2022  62  28920 GPS  -2267808.497  5009352.455  3221004.514
2022  62  28921 GPS  -2267808.494  5009352.447  3221004.503
2022  62  28922 GPS  -2267808.497  5009352.452  3221004.501
2022  62  28923 GPS  -2267808.496  5009352.452  3221004.491
2022  62  28924 GPS  -2267808.492  5009352.437  3221004.475
2022  62  28925 GPS  -2267808.488  5009352.432  3221004.468
2022  62  28926 GPS  -2267808.491  5009352.432  3221004.464
2022  62  28927 GPS  -2267808.495  5009352.430  3221004.457
2022  62  28928 GPS  -2267808.495  5009352.428  3221004.448
2022  62  28929 GPS  -2267808.495  5009352.421  3221004.437
2022  62  28930 GPS  -2267808.504  5009352.417  3221004.424
2022  62  28931 GPS  -2267808.510  5009352.407  3221004.412
2022  62  28932 GPS  -2267808.516  5009352.406  3221004.407
2022  62  28933 GPS  -2267808.516  5009352.404  3221004.396
2022  62  28934 GPS  -2267808.516  5009352.414  3221004.396
2022  62  28935 GPS  -2267808.519  5009352.409  3221004.390
2022  62  28936 GPS  -2267808.521  5009352.406  3221004.383
2022  62  28937 GPS  -2267808.524  5009352.404  3221004.375
2022  62  28938 GPS  -2267808.528  5009352.397  3221004.368
2022  62  28939 GPS  -2267808.527  5009352.390  3221004.357
2022  62  28940 GPS  -2267808.525  5009352.384  3221004.348
2022  62  28941 GPS  -2267808.522  5009352.376  3221004.337
2022  62  28942 GPS  -2267808.515  5009352.362  3221004.327
2022  62  28943 GPS  -2267808.511  5009352.346  3221004.315
2022  62  28944 GPS  -2267808.510  5009352.344  3221004.312
2022  62  28945 GPS  -2267808.507  5009352.336  3221004.306
2022  62  28946 GPS  -2267808.502  5009352.323  3221004.299
2022  62  28947 GPS  -2267808.494  5009352.310  3221004.295
2022  62  28948 GPS  -2267808.486  5009352.297  3221004.287
2022  62  28949 GPS  -2267808.483  5009352.286  3221004.279
2022  62  28950 GPS  -2267808.475  5009352.271  3221004.268
2022  62  28951 GPS  -2267808.467  5009352.250  3221004.254
2022  62  28952 GPS  -2267808.464  5009352.241  3221004.245
2022  62  28953 GPS  -2267808.463  5009352.228  3221004.236
2022  62  28954 GPS  -2267808.458  5009352.216  3221004.226
2022  62  28955 GPS  -2267808.451  5009352.200  3221004.218
2022  62  28956 GPS  -2267808.451  5009352.196  3221004.215
2022  62  28957 GPS  -2267808.445  5009352.192  3221004.210
2022  62  28958 GPS  -2267808.445  5009352.196  3221004.210
2022  62  28959 GPS  -2267808.440  5009352.183  3221004.204
2022  62  28960 GPS  -2267808.445  5009352.184  3221004.200
2022  62  28961 GPS  -2267808.446  5009352.184  3221004.195
2022  62  28962 GPS  -2267808.442  5009352.174  3221004.189
2022  62  28963 GPS  -2267808.441  5009352.171  3221004.185
2022  62  28964 GPS  -2267808.436  5009352.166  3221004.183
2022  62  28965 GPS  -2267808.429  5009352.168  3221004.179
2022  62  28966 GPS  -2267808.426  5009352.174  3221004.180
2022  62  28967 GPS  -2267808.426  5009352.179  3221004.181
2022  62  28968 GPS  -2267808.429  5009352.179  3221004.176
2022  62  28969 GPS  -2267808.427  5009352.170  3221004.168
2022  62  28970 GPS  -2267808.427  5009352.172  3221004.162
2022  62  28971 GPS  -2267808.429  5009352.179  3221004.161
2022  62  28972 GPS  -2267808.431  5009352.190  3221004.165
2022  62  28973 GPS  -2267808.436  5009352.200  3221004.166
2022  62  28974 GPS  -2267808.442  5009352.213  3221004.165
2022  62  28975 GPS  -2267808.449  5009352.229  3221004.170
2022  62  28976 GPS  -2267808.455  5009352.245  3221004.177
2022  62  28977 GPS  -2267808.461  5009352.255  3221004.173
2022  62  28978 GPS  -2267808.462  5009352.259  3221004.168
2022  62  28979 GPS  -2267808.463  5009352.268  3221004.171
2022  62  28980 GPS  -2267808.462  5009352.274  3221004.174
2022  62  28981 GPS  -2267808.458  5009352.273  3221004.175
2022  62  28982 GPS  -2267808.453  5009352.268  3221004.174
2022  62  28983 GPS  -2267808.456  5009352.272  3221004.174
2022  62  28984 GPS  -2267808.457  5009352.264  3221004.177
2022  62  28985 GPS  -2267808.459  5009352.265  3221004.176
2022  62  28986 GPS  -2267808.457  5009352.267  3221004.180
2022  62  28987 GPS  -2267808.451  5009352.260  3221004.175
2022  62  28988 GPS  -2267808.442  5009352.249  3221004.171
2022  62  28989 GPS  -2267808.438  5009352.254  3221004.175
2022  62  28990 GPS  -2267808.428  5009352.253  3221004.176
2022  62  28991 GPS  -2267808.418  5009352.247  3221004.176
2022  62  28992 GPS  -2267808.412  5009352.241  3221004.178
2022  62  28993 GPS  -2267808.407  5009352.233  3221004.179
2022  62  28994 GPS  -2267808.398  5009352.222  3221004.175
2022  62  28995 GPS  -2267808.386  5009352.208  3221004.169
2022  62  28996 GPS  -2267808.380  5009352.199  3221004.162
2022  62  28997 GPS  -2267808.376  5009352.187  3221004.160
2022  62  28998 GPS  -2267808.371  5009352.182  3221004.158
2022  62  28999 GPS  -2267808.367  5009352.181  3221004.158
2022  62  29000 GPS  -2267808.362  5009352.178  3221004.159
2022  62  29001 GPS  -2267808.359  5009352.175  3221004.161
2022  62  29002 GPS  -2267808.357  5009352.176  3221004.163
2022  62  29003 GPS  -2267808.359  5009352.172  3221004.158
2022  62  29004 GPS  -2267808.355  5009352.167  3221004.154
2022  62  29005 GPS  -2267808.351  5009352.156  3221004.146
2022  62  29006 GPS  -2267808.345  5009352.146  3221004.139
2022  62  29007 GPS  -2267808.343  5009352.147  3221004.133
2022  62  29008 GPS  -2267808.337  5009352.147  3221004.133
2022  62  29009 GPS  -2267808.333  5009352.150  3221004.130
2022  62  29010 GPS  -2267808.334  5009352.160  3221004.132
2022  62  29011 GPS  -2267808.332  5009352.167  3221004.130
2022  62  29012 GPS  -2267808.325  5009352.166  3221004.123
2022  62  29013 GPS  -2267808.320  5009352.164  3221004.113
2022  62  29014 GPS  -2267808.316  5009352.159  3221004.101
2022  62  29015 GPS  -2267808.308  5009352.147  3221004.086
2022  62  29016 GPS  -2267808.303  5009352.144  3221004.085
2022  62  29017 GPS  -2267808.297  5009352.135  3221004.079
2022  62  29018 GPS  -2267808.298  5009352.122  3221004.072
2022  62  29019 GPS  -2267808.303  5009352.119  3221004.070
2022  62  29020 GPS  -2267808.303  5009352.119  3221004.070
2022  62  29021 GPS  -2267808.305  5009352.111  3221004.069
2022  62  29022 GPS  -2267808.303  5009352.098  3221004.064
2022  62  29023 GPS  -2267808.307  5009352.092  3221004.062
2022  62  29024 GPS  -2267808.313  5009352.100  3221004.066
2022  62  29025 GPS  -2267808.312  5009352.097  3221004.065
2022  62  29026 GPS  -2267808.314  5009352.094  3221004.065
2022  62  29027 GPS  -2267808.310  5009352.084  3221004.062
2022  62  29028 GPS  -2267808.308  5009352.077  3221004.066
2022  62  29029 GPS  -2267808.311  5009352.079  3221004.072
2022  62  29030 GPS  -2267808.318  5009352.074  3221004.076
2022  62  29031 GPS  -2267808.319  5009352.072  3221004.081
2022  62  29032 GPS  -2267808.320  5009352.069  3221004.084
2022  62  29033 GPS  -2267808.321  5009352.066  3221004.088
2022  62  29034 GPS  -2267808.320  5009352.064  3221004.093
2022  62  29035 GPS  -2267808.318  5009352.061  3221004.094
2022  62  29036 GPS  -2267808.312  5009352.044  3221004.090
2022  62  29037 GPS  -2267808.301  5009352.037  3221004.088
2022  62  29038 GPS  -2267808.298  5009352.039  3221004.086
2022  62  29039 GPS  -2267808.294  5009352.045  3221004.082
2022  62  29040 GPS  -2267808.290  5009352.046  3221004.081
2022  62  29041 GPS  -2267808.287  5009352.041  3221004.075
2022  62  29042 GPS  -2267808.288  5009352.045  3221004.074
2022  62  29043 GPS  -2267808.291  5009352.052  3221004.070
2022  62  29044 GPS  -2267808.291  5009352.050  3221004.065
2022  62  29045 GPS  -2267808.289  5009352.046  3221004.057
2022  62  29046 GPS  -2267808.288  5009352.049  3221004.057
2022  62  29047 GPS  -2267808.286  5009352.044  3221004.050
2022  62  29048 GPS  -2267808.283  5009352.038  3221004.042
2022  62  29049 GPS  -2267808.282  5009352.043  3221004.038
2022  62  29050 GPS  -2267808.285  5009352.042  3221004.032
2022  62  29051 GPS  -2267808.288  5009352.050  3221004.030
2022  62  29052 GPS  -2267808.285  5009352.056  3221004.029
2022  62  29053 GPS  -2267808.284  5009352.062  3221004.031
2022  62  29054 GPS  -2267807.868  5009351.731  3221003.966
2022  62  29055 GPS  -2267807.869  5009351.746  3221003.974
2022  62  29056 GPS  -2267807.867  5009351.754  3221003.979
2022  62  29057 GPS  -2267807.863  5009351.762  3221003.984
2022  62  29058 GPS  -2267807.863  5009351.766  3221003.989
2022  62  29059 GPS  -2267807.854  5009351.765  3221003.989
2022  62  29060 GPS  -2267807.853  5009351.768  3221003.994
2022  62  29061 GPS  -2267807.851  5009351.768  3221003.994
2022  62  29062 GPS  -2267807.849  5009351.768  3221003.997
2022  62  29063 GPS  -2267807.846  5009351.762  3221003.998
2022  62  29064 GPS  -2267807.845  5009351.763  3221004.006
2022  62  29065 GPS  -2267807.849  5009351.759  3221004.012
2022  62  29066 GPS  -2267807.850  5009351.756  3221004.012
2022  62  29067 GPS  -2267807.849  5009351.752  3221004.015
2022  62  29068 GPS  -2267807.846  5009351.750  3221004.014
2022  62  29069 GPS  -2267807.846  5009351.752  3221004.014
2022  62  29070 GPS  -2267807.847  5009351.754  3221004.020
2022  62  29071 GPS  -2267807.849  5009351.754  3221004.029
2022  62  29072 GPS  -2267807.852  5009351.757  3221004.036
2022  62  29073 GPS  -2267807.853  5009351.761  3221004.045
2022  62  29074 GPS  -2267807.851  5009351.767  3221004.052
2022  62  29075 GPS  -2267807.850  5009351.764  3221004.057
2022  62  29076 GPS  -2267807.852  5009351.764  3221004.062
2022  62  29077 GPS  -2267807.858  5009351.767  3221004.072
2022  62  29078 GPS  -2267807.860  5009351.769  3221004.081
2022  62  29079 GPS  -2267807.866  5009351.777  3221004.088
2022  62  29080 GPS  -2267807.863  5009351.782  3221004.098
2022  62  29081 GPS  -2267807.863  5009351.786  3221004.099
2022  62  29082 GPS  -2267807.861  5009351.787  3221004.103
2022  62  29083 GPS  -2267807.865  5009351.789  3221004.108
2022  62  29084 GPS  -2267807.873  5009351.798  3221004.110
2022  62  29085 GPS  -2267807.879  5009351.796  3221004.105
2022  62  29086 GPS  -2267807.885  5009351.805  3221004.107
2022  62  29087 GPS  -2267807.882  5009351.806  3221004.107
2022  62  29088 GPS  -2267807.876  5009351.805  3221004.108
2022  62  29089 GPS  -2267807.875  5009351.803  3221004.105
2022  62  29090 GPS  -2267807.876  5009351.799  3221004.102
2022  62  29091 GPS  -2267807.875  5009351.801  3221004.096
2022  62  29092 GPS  -2267807.879  5009351.809  3221004.100
2022  62  29093 GPS  -2267807.882  5009351.822  3221004.104
2022  62  29094 GPS  -2267807.880  5009351.824  3221004.101
2022  62  29095 GPS  -2267807.883  5009351.820  3221004.093
2022  62  29096 GPS  -2267807.889  5009351.829  3221004.092
2022  62  29097 GPS  -2267807.892  5009351.829  3221004.089
2022  62  29098 GPS  -2267807.899  5009351.828  3221004.082
2022  62  29099 GPS  -2267807.901  5009351.824  3221004.074
2022  62  29100 GPS  -2267807.903  5009351.824  3221004.067
2022  62  29101 GPS  -2267807.903  5009351.821  3221004.062
2022  62  29102 GPS  -2267807.902  5009351.820  3221004.055
2022  62  29103 GPS  -2267807.900  5009351.821  3221004.051
2022  62  29104 GPS  -2267807.899  5009351.822  3221004.048
2022  62  29105 GPS  -2267807.899  5009351.826  3221004.046
2022  62  29106 GPS  -2267807.899  5009351.828  3221004.043
2022  62  29107 GPS  -2267807.893  5009351.827  3221004.041
2022  62  29108 GPS  -2267807.890  5009351.827  3221004.041
2022  62  29109 GPS  -2267807.887  5009351.828  3221004.042
2022  62  29110 GPS  -2267807.891  5009351.833  3221004.041
2022  62  29111 GPS  -2267807.891  5009351.839  3221004.046
2022  62  29112 GPS  -2267807.892  5009351.838  3221004.047
2022  62  29113 GPS  -2267807.892  5009351.841  3221004.050
2022  62  29114 GPS  -2267807.898  5009351.851  3221004.053
2022  62  29115 GPS  -2267807.895  5009351.857  3221004.054
2022  62  29116 GPS  -2267807.893  5009351.864  3221004.056
2022  62  29117 GPS  -2267807.892  5009351.875  3221004.057
2022  62  29118 GPS  -2267807.888  5009351.878  3221004.056
2022  62  29119 GPS  -2267807.881  5009351.868  3221004.050
2022  62  29120 GPS  -2267807.879  5009351.859  3221004.046
2022  62  29121 GPS  -2267807.875  5009351.848  3221004.036
2022  62  29122 GPS  -2267807.867  5009351.833  3221004.025
2022  62  29123 GPS  -2267807.865  5009351.818  3221004.007
2022  62  29124 GPS  -2267807.863  5009351.801  3221003.989
2022  62  29125 GPS  -2267807.863  5009351.784  3221003.976
2022  62  29126 GPS  -2267807.867  5009351.776  3221003.963
2022  62  29127 GPS  -2267807.864  5009351.761  3221003.941
2022  62  29128 GPS  -2267807.855  5009351.742  3221003.919
2022  62  29129 GPS  -2267807.849  5009351.717  3221003.897
2022  62  29130 GPS  -2267807.841  5009351.695  3221003.874
2022  62  29131 GPS  -2267807.840  5009351.680  3221003.856
2022  62  29132 GPS  -2267807.837  5009351.666  3221003.839
2022  62  29133 GPS  -2267807.839  5009351.656  3221003.821
2022  62  29134 GPS  -2267807.836  5009351.636  3221003.798
2022  62  29135 GPS  -2267807.832  5009351.616  3221003.777
2022  62  29136 GPS  -2267807.831  5009351.597  3221003.758
2022  62  29137 GPS  -2267807.831  5009351.576  3221003.739
2022  62  29138 GPS  -2267807.831  5009351.558  3221003.720
2022  62  29139 GPS  -2267807.831  5009351.541  3221003.700
2022  62  29140 GPS  -2267807.828  5009351.523  3221003.678
2022  62  29141 GPS  -2267807.824  5009351.512  3221003.660
2022  62  29142 GPS  -2267807.821  5009351.506  3221003.645
2022  62  29143 GPS  -2267807.819  5009351.494  3221003.625
2022  62  29144 GPS  -2267807.813  5009351.485  3221003.610
2022  62  29145 GPS  -2267807.811  5009351.471  3221003.591
2022  62  29146 GPS  -2267807.809  5009351.463  3221003.579
2022  62  29147 GPS  -2267807.805  5009351.459  3221003.565
2022  62  29148 GPS  -2267807.798  5009351.449  3221003.550
2022  62  29149 GPS  -2267807.793  5009351.445  3221003.534
2022  62  29150 GPS  -2267807.786  5009351.435  3221003.516
2022  62  29151 GPS  -2267807.785  5009351.438  3221003.507
2022  62  29152 GPS  -2267807.781  5009351.436  3221003.494
2022  62  29153 GPS  -2267807.773  5009351.440  3221003.483
2022  62  29154 GPS  -2267807.768  5009351.438  3221003.471
2022  62  29155 GPS  -2267807.764  5009351.433  3221003.458
2022  62  29156 GPS  -2267807.765  5009351.430  3221003.444
2022  62  29157 GPS  -2267807.763  5009351.432  3221003.431
2022  62  29158 GPS  -2267807.757  5009351.437  3221003.420
2022  62  29159 GPS  -2267807.748  5009351.432  3221003.408
2022  62  29160 GPS  -2267807.744  5009351.433  3221003.399
2022  62  29161 GPS  -2267807.736  5009351.427  3221003.387
2022  62  29162 GPS  -2267807.732  5009351.429  3221003.372
2022  62  29163 GPS  -2267807.734  5009351.435  3221003.362
2022  62  29164 GPS  -2267807.737  5009351.448  3221003.356
2022  62  29165 GPS  -2267807.734  5009351.461  3221003.354
2022  62  29166 GPS  -2267807.731  5009351.472  3221003.350
2022  62  29167 GPS  -2267807.730  5009351.488  3221003.351
2022  62  29168 GPS  -2267807.727  5009351.492  3221003.343
2022  62  29169 GPS  -2267807.725  5009351.499  3221003.339
2022  62  29170 GPS  -2267807.724  5009351.504  3221003.334
2022  62  29171 GPS  -2267807.718  5009351.503  3221003.325
2022  62  29172 GPS  -2267807.717  5009351.508  3221003.320
2022  62  29173 GPS  -2267807.713  5009351.512  3221003.315
2022  62  29174 GPS  -2267807.712  5009351.518  3221003.313
2022  62  29175 GPS  -2267807.712  5009351.525  3221003.312
2022  62  29176 GPS  -2267807.711  5009351.530  3221003.311
2022  62  29177 GPS  -2267807.715  5009351.528  3221003.303
2022  62  29178 GPS  -2267807.718  5009351.541  3221003.305
2022  62  29179 GPS  -2267807.718  5009351.553  3221003.306
2022  62  29180 GPS  -2267807.722  5009351.558  3221003.305
2022  62  29181 GPS  -2267807.723  5009351.562  3221003.302
2022  62  29182 GPS  -2267807.724  5009351.566  3221003.298
2022  62  29183 GPS  -2267807.727  5009351.565  3221003.298
2022  62  29184 GPS  -2267807.730  5009351.562  3221003.296
2022  62  29185 GPS  -2267807.728  5009351.554  3221003.288
2022  62  29186 GPS  -2267807.721  5009351.549  3221003.284
2022  62  29187 GPS  -2267807.718  5009351.536  3221003.276
2022  62  29188 GPS  -2267807.718  5009351.541  3221003.277
2022  62  29189 GPS  -2267807.710  5009351.534  3221003.273
2022  62  29190 GPS  -2267807.698  5009351.522  3221003.269
2022  62  29191 GPS  -2267807.691  5009351.524  3221003.267
2022  62  29192 GPS  -2267807.692  5009351.535  3221003.268
2022  62  29193 GPS  -2267807.687  5009351.537  3221003.269
2022  62  29194 GPS  -2267807.680  5009351.520  3221003.263
2022  62  29195 GPS  -2267807.677  5009351.512  3221003.260
2022  62  29196 GPS  -2267807.681  5009351.505  3221003.257
2022  62  29197 GPS  -2267807.677  5009351.495  3221003.254
2022  62  29198 GPS  -2267807.671  5009351.485  3221003.249
2022  62  29199 GPS  -2267807.667  5009351.478  3221003.250
2022  62  29200 GPS  -2267807.659  5009351.466  3221003.249
2022  62  29201 GPS  -2267807.647  5009351.462  3221003.254
2022  62  29202 GPS  -2267807.633  5009351.453  3221003.254
2022  62  29203 GPS  -2267807.626  5009351.445  3221003.253
2022  62  29204 GPS  -2267807.619  5009351.443  3221003.254
2022  62  29205 GPS  -2267807.725  5009352.729  3221003.535
2022  62  29206 GPS  -2267807.718  5009352.719  3221003.536
2022  62  29207 GPS  -2267807.707  5009352.713  3221003.540
2022  62  29208 GPS  -2267807.699  5009352.700  3221003.537
2022  62  29209 GPS  -2267807.690  5009352.689  3221003.531
2022  62  29210 GPS  -2267807.684  5009352.685  3221003.528
2022  62  29211 GPS  -2267807.683  5009352.687  3221003.532
2022  62  29212 GPS  -2267807.674  5009352.675  3221003.529
2022  62  29213 GPS  -2267807.662  5009352.665  3221003.528
2022  62  29214 GPS  -2267807.656  5009352.662  3221003.530
2022  62  29215 GPS  -2267807.650  5009352.654  3221003.534
2022  62  29216 GPS  -2267807.650  5009352.659  3221003.543
2022  62  29217 GPS  -2267807.650  5009352.662  3221003.550
2022  62  29218 GPS  -2267807.649  5009352.667  3221003.557
2022  62  29219 GPS  -2267807.648  5009352.666  3221003.566
2022  62  29220 GPS  -2267807.642  5009352.661  3221003.562
2022  62  29221 GPS  -2267807.645  5009352.669  3221003.568
2022  62  29222 GPS  -2267807.644  5009352.666  3221003.565
2022  62  29223 GPS  -2267807.641  5009352.654  3221003.558
2022  62  29224 GPS  -2267807.637  5009352.649  3221003.551
2022  62  29225 GPS  -2267807.637  5009352.641  3221003.542
2022  62  29226 GPS  -2267807.631  5009352.633  3221003.538
2022  62  29227 GPS  -2267807.630  5009352.634  3221003.535
2022  62  29228 GPS  -2267807.625  5009352.626  3221003.525
2022  62  29229 GPS  -2267807.618  5009352.621  3221003.513
2022  62  29230 GPS  -2267807.611  5009352.626  3221003.510
2022  62  29231 GPS  -2267807.603  5009352.617  3221003.503
2022  62  29232 GPS  -2267807.598  5009352.613  3221003.498
2022  62  29233 GPS  -2267807.599  5009352.609  3221003.493
2022  62  29234 GPS  -2267807.592  5009352.601  3221003.488
2022  62  29235 GPS  -2267807.589  5009352.587  3221003.475
2022  62  29236 GPS  -2267807.589  5009352.594  3221003.475
2022  62  29237 GPS  -2267807.584  5009352.584  3221003.470
2022  62  29238 GPS  -2267807.582  5009352.581  3221003.468
2022  62  29239 GPS  -2267807.580  5009352.585  3221003.467
2022  62  29240 GPS  -2267807.576  5009352.585  3221003.470
2022  62  29241 GPS  -2267807.575  5009352.584  3221003.473
2022  62  29242 GPS  -2267807.572  5009352.578  3221003.472
2022  62  29243 GPS  -2267807.568  5009352.577  3221003.480
2022  62  29244 GPS  -2267807.563  5009352.571  3221003.481
2022  62  29245 GPS  -2267807.558  5009352.569  3221003.482
2022  62  29246 GPS  -2267807.556  5009352.576  3221003.489
2022  62  29247 GPS  -2267807.556  5009352.576  3221003.491
2022  62  29248 GPS  -2267807.555  5009352.578  3221003.495
2022  62  29249 GPS  -2267807.553  5009352.577  3221003.491
2022  62  29250 GPS  -2267807.550  5009352.568  3221003.487
2022  62  29251 GPS  -2267807.555  5009352.567  3221003.492
2022  62  29252 GPS  -2267807.558  5009352.573  3221003.497
2022  62  29253 GPS  -2267807.561  5009352.582  3221003.505
2022  62  29254 GPS  -2267807.566  5009352.593  3221003.508
2022  62  29255 GPS  -2267807.570  5009352.603  3221003.510
2022  62  29256 GPS  -2267807.577  5009352.616  3221003.512
2022  62  29257 GPS  -2267807.580  5009352.624  3221003.516
2022  62  29258 GPS  -2267807.585  5009352.630  3221003.516
2022  62  29259 GPS  -2267807.592  5009352.649  3221003.517
2022  62  29260 GPS  -2267807.598  5009352.657  3221003.514
2022  62  29261 GPS  -2267807.606  5009352.665  3221003.514
2022  62  29262 GPS  -2267807.607  5009352.658  3221003.506
2022  62  29263 GPS  -2267807.613  5009352.661  3221003.504
2022  62  29264 GPS  -2267807.615  5009352.660  3221003.500
2022  62  29265 GPS  -2267807.618  5009352.662  3221003.493
2022  62  29266 GPS  -2267807.618  5009352.649  3221003.476
2022  62  29267 GPS  -2267807.617  5009352.645  3221003.466
2022  62  29268 GPS  -2267807.621  5009352.647  3221003.457
2022  62  29269 GPS  -2267807.628  5009352.647  3221003.444
2022  62  29270 GPS  -2267807.627  5009352.647  3221003.433
2022  62  29271 GPS  -2267807.628  5009352.645  3221003.425
2022  62  29272 GPS  -2267807.624  5009352.647  3221003.420
2022  62  29273 GPS  -2267807.619  5009352.631  3221003.407
2022  62  29274 GPS  -2267807.619  5009352.609  3221003.394
2022  62  29275 GPS  -2267807.623  5009352.602  3221003.387
2022  62  29276 GPS  -2267807.626  5009352.600  3221003.387
2022  62  29277 GPS  -2267807.629  5009352.594  3221003.384
2022  62  29278 GPS  -2267807.630  5009352.590  3221003.375
2022  62  29279 GPS  -2267807.628  5009352.583  3221003.371
2022  62  29280 GPS  -2267807.619  5009352.573  3221003.365
2022  62  29281 GPS  -2267807.615  5009352.574  3221003.363
2022  62  29282 GPS  -2267807.611  5009352.575  3221003.360
2022  62  29283 GPS  -2267807.613  5009352.581  3221003.364
2022  62  29284 GPS  -2267807.609  5009352.572  3221003.361
2022  62  29285 GPS  -2267807.599  5009352.553  3221003.354
2022  62  29286 GPS  -2267807.587  5009352.536  3221003.349
2022  62  29287 GPS  -2267807.586  5009352.532  3221003.346
2022  62  29288 GPS  -2267807.588  5009352.527  3221003.341
2022  62  29289 GPS  -2267807.582  5009352.531  3221003.342
2022  62  29290 GPS  -2267807.573  5009352.523  3221003.339
2022  62  29291 GPS  -2267807.567  5009352.515  3221003.334
2022  62  29292 GPS  -2267807.557  5009352.501  3221003.326
2022  62  29293 GPS  -2267807.544  5009352.484  3221003.320
2022  62  29294 GPS  -2267807.532  5009352.473  3221003.311
2022  62  29295 GPS  -2267807.523  5009352.466  3221003.304
2022  62  29296 GPS  -2267807.518  5009352.463  3221003.296
2022  62  29297 GPS  -2267807.514  5009352.456  3221003.283
2022  62  29298 GPS  -2267807.511  5009352.460  3221003.281
2022  62  29299 GPS  -2267807.497  5009352.458  3221003.280
2022  62  29300 GPS  -2267807.491  5009352.463  3221003.279
2022  62  29301 GPS  -2267807.490  5009352.458  3221003.277
2022  62  29302 GPS  -2267807.490  5009352.457  3221003.271
2022  62  29303 GPS  -2267807.492  5009352.466  3221003.273
2022  62  29304 GPS  -2267807.501  5009352.476  3221003.279
2022  62  29305 GPS  -2267807.500  5009352.471  3221003.277
2022  62  29306 GPS  -2267807.501  5009352.468  3221003.276
2022  62  29307 GPS  -2267807.504  5009352.470  3221003.279
2022  62  29308 GPS  -2267807.503  5009352.474  3221003.282
2022  62  29309 GPS  -2267807.503  5009352.475  3221003.286
2022  62  29310 GPS  -2267807.501  5009352.473  3221003.285
2022  62  29311 GPS  -2267807.496  5009352.468  3221003.284
2022  62  29312 GPS  -2267807.490  5009352.465  3221003.288
2022  62  29313 GPS  -2267807.485  5009352.450  3221003.286
2022  62  29314 GPS  -2267807.484  5009352.449  3221003.289
2022  62  29315 GPS  -2267807.482  5009352.450  3221003.294
2022  62  29316 GPS  -2267807.476  5009352.447  3221003.297
2022  62  29317 GPS  -2267807.470  5009352.438  3221003.300
2022  62  29318 GPS  -2267807.463  5009352.429  3221003.297
2022  62  29319 GPS  -2267807.460  5009352.416  3221003.293
2022  62  29320 GPS  -2267807.456  5009352.394  3221003.288
2022  62  29321 GPS  -2267807.456  5009352.399  3221003.296
2022  62  29322 GPS  -2267807.456  5009352.399  3221003.296
2022  62  29323 GPS  -2267807.456  5009352.395  3221003.291
2022  62  29324 GPS  -2267807.451  5009352.388  3221003.293
2022  62  29325 GPS  -2267807.448  5009352.381  3221003.296
2022  62  29326 GPS  -2267807.445  5009352.384  3221003.300
2022  62  29327 GPS  -2267807.441  5009352.392  3221003.305
2022  62  29328 GPS  -2267807.437  5009352.402  3221003.310
2022  62  29329 GPS  -2267807.442  5009352.419  3221003.323
2022  62  29330 GPS  -2267807.449  5009352.433  3221003.330
2022  62  29331 GPS  -2267807.454  5009352.441  3221003.339
2022  62  29332 GPS  -2267807.451  5009352.426  3221003.337
2022  62  29333 GPS  -2267807.448  5009352.410  3221003.331
2022  62  29334 GPS  -2267807.445  5009352.411  3221003.334
2022  62  29335 GPS  -2267807.446  5009352.408  3221003.336
2022  62  29336 GPS  -2267807.445  5009352.404  3221003.335
2022  62  29337 GPS  -2267807.442  5009352.413  3221003.338
2022  62  29338 GPS  -2267807.440  5009352.424  3221003.339
2022  62  29339 GPS  -2267807.438  5009352.423  3221003.333
2022  62  29340 GPS  -2267807.432  5009352.426  3221003.331
2022  62  29341 GPS  -2267807.433  5009352.429  3221003.331
2022  62  29342 GPS  -2267807.433  5009352.431  3221003.332
2022  62  29343 GPS  -2267807.427  5009352.431  3221003.328
2022  62  29344 GPS  -2267807.424  5009352.433  3221003.330
2022  62  29345 GPS  -2267807.423  5009352.429  3221003.323
2022  62  29346 GPS  -2267807.423  5009352.424  3221003.321
2022  62  29347 GPS  -2267807.430  5009352.421  3221003.322
2022  62  29348 GPS  -2267807.432  5009352.414  3221003.318
2022  62  29349 GPS  -2267807.437  5009352.409  3221003.315
2022  62  29350 GPS  -2267807.451  5009352.419  3221003.317
2022  62  29351 GPS  -2267807.456  5009352.411  3221003.315
2022  62  29352 GPS  -2267807.452  5009352.401  3221003.315
2022  62  29353 GPS  -2267807.450  5009352.387  3221003.315
2022  62  29354 GPS  -2267807.446  5009352.376  3221003.307
2022  62  29355 GPS  -2267807.448  5009352.372  3221003.305
2022  62  29356 GPS  -2267807.448  5009352.374  3221003.307
2022  62  29357 GPS  -2267807.446  5009352.372  3221003.302
2022  62  29358 GPS  -2267807.445  5009352.376  3221003.306
2022  62  29359 GPS  -2267807.438  5009352.376  3221003.308
2022  62  29360 GPS  -2267807.432  5009352.379  3221003.310
2022  62  29361 GPS  -2267807.429  5009352.383  3221003.311
2022  62  29362 GPS  -2267807.425  5009352.380  3221003.311
2022  62  29363 GPS  -2267807.423  5009352.380  3221003.309
2022  62  29364 GPS  -2267807.422  5009352.383  3221003.308
2022  62  29365 GPS  -2267807.426  5009352.390  3221003.313
2022  62  29366 GPS  -2267807.431  5009352.400  3221003.318
2022  62  29367 GPS  -2267807.430  5009352.402  3221003.324
2022  62  29368 GPS  -2267807.425  5009352.406  3221003.327
2022  62  29369 GPS  -2267807.424  5009352.407  3221003.325
2022  62  29370 GPS  -2267807.427  5009352.411  3221003.323
2022  62  29371 GPS  -2267807.425  5009352.413  3221003.324
2022  62  29372 GPS  -2267807.426  5009352.424  3221003.330
2022  62  29373 GPS  -2267807.423  5009352.421  3221003.325
2022  62  29374 GPS  -2267807.417  5009352.418  3221003.320
2022  62  29375 GPS  -2267807.413  5009352.409  3221003.316
2022  62  29376 GPS  -2267807.413  5009352.405  3221003.313
2022  62  29377 GPS  -2267807.406  5009352.393  3221003.303
2022  62  29378 GPS  -2267807.401  5009352.388  3221003.296
2022  62  29379 GPS  -2267807.392  5009352.385  3221003.290
2022  62  29380 GPS  -2267807.381  5009352.376  3221003.282
2022  62  29381 GPS  -2267807.372  5009352.366  3221003.269
2022  62  29382 GPS  -2267807.370  5009352.363  3221003.266
2022  62  29383 GPS  -2267807.368  5009352.351  3221003.259
2022  62  29384 GPS  -2267807.366  5009352.341  3221003.255
2022  62  29385 GPS  -2267807.357  5009352.329  3221003.256
2022  62  29386 GPS  -2267807.347  5009352.327  3221003.257
2022  62  29387 GPS  -2267807.344  5009352.330  3221003.258
2022  62  29388 GPS  -2267807.346  5009352.328  3221003.258
2022  62  29389 GPS  -2267807.348  5009352.327  3221003.258
2022  62  29390 GPS  -2267807.352  5009352.331  3221003.259
2022  62  29391 GPS  -2267807.355  5009352.328  3221003.258
2022  62  29392 GPS  -2267807.357  5009352.334  3221003.260
2022  62  29393 GPS  -2267807.362  5009352.331  3221003.260
2022  62  29394 GPS  -2267807.367  5009352.329  3221003.259
2022  62  29395 GPS  -2267807.366  5009352.328  3221003.259
2022  62  29396 GPS  -2267807.370  5009352.335  3221003.258
2022  62  29397 GPS  -2267807.376  5009352.349  3221003.264
2022  62  29398 GPS  -2267807.385  5009352.355  3221003.264
2022  62  29399 GPS  -2267807.394  5009352.367  3221003.272
2022  62  29400 GPS  -2267807.397  5009352.371  3221003.272
2022  62  29401 GPS  -2267807.401  5009352.375  3221003.271
2022  62  29402 GPS  -2267807.404  5009352.378  3221003.274
2022  62  29403 GPS  -2267807.404  5009352.378  3221003.273
2022  62  29404 GPS  -2267807.405  5009352.377  3221003.270
2022  62  29405 GPS  -2267807.407  5009352.379  3221003.271
2022  62  29406 GPS  -2267807.413  5009352.383  3221003.273
2022  62  29407 GPS  -2267807.415  5009352.378  3221003.270
2022  62  29408 GPS  -2267807.416  5009352.381  3221003.267
2022  62  29409 GPS  -2267807.419  5009352.382  3221003.265
2022  62  29410 GPS  -2267807.416  5009352.390  3221003.265
2022  62  29411 GPS  -2267807.416  5009352.392  3221003.262
2022  62  29412 GPS  -2267807.414  5009352.392  3221003.258
2022  62  29413 GPS  -2267807.415  5009352.388  3221003.253
2022  62  29414 GPS  -2267807.410  5009352.375  3221003.247
2022  62  29415 GPS  -2267807.409  5009352.379  3221003.249
2022  62  29416 GPS  -2267807.407  5009352.378  3221003.247
2022  62  29417 GPS  -2267807.407  5009352.372  3221003.245
2022  62  29418 GPS  -2267807.408  5009352.370  3221003.244
2022  62  29419 GPS  -2267807.410  5009352.372  3221003.247
2022  62  29420 GPS  -2267807.404  5009352.369  3221003.243
2022  62  29421 GPS  -2267807.398  5009352.352  3221003.231
2022  62  29422 GPS  -2267807.388  5009352.332  3221003.223
2022  62  29423 GPS  -2267807.382  5009352.326  3221003.219
2022  62  29424 GPS  -2267807.376  5009352.324  3221003.218
2022  62  29425 GPS  -2267807.374  5009352.324  3221003.217
2022  62  29426 GPS  -2267807.375  5009352.329  3221003.220
2022  62  29427 GPS  -2267807.373  5009352.327  3221003.220
2022  62  29428 GPS  -2267807.370  5009352.317  3221003.212
2022  62  29429 GPS  -2267807.367  5009352.302  3221003.204
2022  62  29430 GPS  -2267807.364  5009352.298  3221003.204
2022  62  29431 GPS  -2267807.373  5009352.305  3221003.210
2022  62  29432 GPS  -2267807.375  5009352.299  3221003.206
2022  62  29433 GPS  -2267807.373  5009352.290  3221003.200
2022  62  29434 GPS  -2267807.372  5009352.290  3221003.202
2022  62  29435 GPS  -2267807.368  5009352.285  3221003.203
2022  62  29436 GPS  -2267807.370  5009352.280  3221003.203
2022  62  29437 GPS  -2267807.367  5009352.272  3221003.199
2022  62  29438 GPS  -2267807.370  5009352.270  3221003.194
2022  62  29439 GPS  -2267807.373  5009352.268  3221003.190
2022  62  29440 GPS  -2267807.375  5009352.269  3221003.186
2022  62  29441 GPS  -2267807.377  5009352.267  3221003.182
2022  62  29442 GPS  -2267807.379  5009352.265  3221003.176
2022  62  29443 GPS  -2267807.387  5009352.270  3221003.176
2022  62  29444 GPS  -2267807.387  5009352.263  3221003.172
2022  62  29445 GPS  -2267807.384  5009352.261  3221003.172
2022  62  29446 GPS  -2267807.381  5009352.260  3221003.171
2022  62  29447 GPS  -2267807.381  5009352.273  3221003.179
2022  62  29448 GPS  -2267807.378  5009352.281  3221003.180
2022  62  29449 GPS  -2267807.377  5009352.288  3221003.177
2022  62  29450 GPS  -2267807.379  5009352.294  3221003.176
2022  62  29451 GPS  -2267807.373  5009352.285  3221003.167
2022  62  29452 GPS  -2267807.367  5009352.277  3221003.164
2022  62  29453 GPS  -2267807.365  5009352.272  3221003.159
2022  62  29454 GPS  -2267807.365  5009352.274  3221003.155
2022  62  29455 GPS  -2267807.364  5009352.270  3221003.151
2022  62  29456 GPS  -2267807.362  5009352.262  3221003.144
2022  62  29457 GPS  -2267807.360  5009352.264  3221003.143
2022  62  29458 GPS  -2267807.355  5009352.273  3221003.147
2022  62  29459 GPS  -2267807.359  5009352.273  3221003.145
2022  62  29460 GPS  -2267807.363  5009352.269  3221003.142
2022  62  29461 GPS  -2267807.363  5009352.268  3221003.138
2022  62  29462 GPS  -2267807.363  5009352.269  3221003.130
2022  62  29463 GPS  -2267807.364  5009352.266  3221003.123
2022  62  29464 GPS  -2267807.369  5009352.273  3221003.121
2022  62  29465 GPS  -2267807.371  5009352.275  3221003.122
2022  62  29466 GPS  -2267807.372  5009352.282  3221003.126
2022  62  29467 GPS  -2267807.370  5009352.288  3221003.124
2022  62  29468 GPS  -2267807.364  5009352.291  3221003.121
2022  62  29469 GPS  -2267807.359  5009352.283  3221003.117
2022  62  29470 GPS  -2267807.358  5009352.291  3221003.115
2022  62  29471 GPS  -2267807.355  5009352.285  3221003.104
2022  62  29472 GPS  -2267807.350  5009352.272  3221003.091
2022  62  29473 GPS  -2267807.350  5009352.269  3221003.084
2022  62  29474 GPS  -2267807.350  5009352.270  3221003.079
2022  62  29475 GPS  -2267807.357  5009352.275  3221003.075
2022  62  29476 GPS  -2267807.361  5009352.281  3221003.067
2022  62  29477 GPS  -2267807.360  5009352.267  3221003.052
2022  62  29478 GPS  -2267807.355  5009352.254  3221003.038
2022  62  29479 GPS  -2267807.358  5009352.255  3221003.032
2022  62  29480 GPS  -2267807.361  5009352.250  3221003.023
2022  62  29481 GPS  -2267807.362  5009352.237  3221003.013
2022  62  29482 GPS  -2267807.364  5009352.224  3221003.007
2022  62  29483 GPS  -2267807.362  5009352.213  3221003.003
2022  62  29484 GPS  -2267807.360  5009352.197  3221002.997
2022  62  29485 GPS  -2267807.357  5009352.182  3221002.990
2022  62  29486 GPS  -2267807.357  5009352.170  3221002.981
2022  62  29487 GPS  -2267807.356  5009352.165  3221002.974
2022  62  29488 GPS  -2267807.355  5009352.156  3221002.967
2022  62  29489 GPS  -2267807.354  5009352.146  3221002.964
2022  62  29490 GPS  -2267807.355  5009352.134  3221002.958
2022  62  29491 GPS  -2267807.356  5009352.122  3221002.952
2022  62  29492 GPS  -2267807.357  5009352.111  3221002.954
2022  62  29493 GPS  -2267807.358  5009352.101  3221002.958
2022  62  29494 GPS  -2267807.358  5009352.095  3221002.960
2022  62  29495 GPS  -2267807.361  5009352.082  3221002.960
2022  62  29496 GPS  -2267807.360  5009352.074  3221002.964
2022  62  29497 GPS  -2267807.366  5009352.079  3221002.972
2022  62  29498 GPS  -2267807.370  5009352.083  3221002.979
2022  62  29499 GPS  -2267807.373  5009352.082  3221002.983
2022  62  29500 GPS  -2267807.375  5009352.082  3221002.987
2022  62  29501 GPS  -2267807.375  5009352.074  3221002.989
2022  62  29502 GPS  -2267807.377  5009352.074  3221002.994
2022  62  29503 GPS  -2267807.380  5009352.082  3221003.002
2022  62  29504 GPS  -2267807.374  5009352.085  3221003.011
2022  62  29505 GPS  -2267807.367  5009352.082  3221003.014
2022  62  29506 GPS  -2267807.364  5009352.090  3221003.026
2022  62  29507 GPS  -2267807.358  5009352.095  3221003.027
2022  62  29508 GPS  -2267807.352  5009352.097  3221003.032
2022  62  29509 GPS  -2267807.354  5009352.117  3221003.045
2022  62  29510 GPS  -2267807.357  5009352.137  3221003.053
2022  62  29511 GPS  -2267807.355  5009352.148  3221003.057
2022  62  29512 GPS  -2267807.356  5009352.148  3221003.059
2022  62  29513 GPS  -2267807.356  5009352.153  3221003.066
2022  62  29514 GPS  -2267807.358  5009352.155  3221003.068
2022  62  29515 GPS  -2267807.357  5009352.149  3221003.068
2022  62  29516 GPS  -2267807.356  5009352.140  3221003.063
2022  62  29517 GPS  -2267807.352  5009352.134  3221003.061
2022  62  29518 GPS  -2267807.352  5009352.142  3221003.062
2022  62  29519 GPS  -2267807.348  5009352.128  3221003.052
2022  62  29520 GPS  -2267807.345  5009352.121  3221003.042
2022  62  29521 GPS  -2267807.343  5009352.115  3221003.039
2022  62  29522 GPS  -2267807.335  5009352.112  3221003.034
2022  62  29523 GPS  -2267807.332  5009352.100  3221003.025
2022  62  29524 GPS  -2267807.331  5009352.095  3221003.021
2022  62  29525 GPS  -2267807.322  5009352.085  3221003.012
2022  62  29526 GPS  -2267807.319  5009352.077  3221003.004
2022  62  29527 GPS  -2267807.316  5009352.065  3221002.992
2022  62  29528 GPS  -2267807.319  5009352.061  3221002.984
2022  62  29529 GPS  -2267807.318  5009352.053  3221002.978
2022  62  29530 GPS  -2267807.315  5009352.051  3221002.976
2022  62  29531 GPS  -2267807.316  5009352.053  3221002.971
2022  62  29532 GPS  -2267807.323  5009352.056  3221002.969
2022  62  29533 GPS  -2267807.331  5009352.060  3221002.968
2022  62  29534 GPS  -2267807.331  5009352.053  3221002.958
2022  62  29535 GPS  -2267807.334  5009352.048  3221002.954
2022  62  29536 GPS  -2267807.334  5009352.047  3221002.951
2022  62  29537 GPS  -2267807.336  5009352.045  3221002.949
2022  62  29538 GPS  -2267807.335  5009352.049  3221002.947
2022  62  29539 GPS  -2267807.338  5009352.061  3221002.955
2022  62  29540 GPS  -2267807.334  5009352.072  3221002.964
2022  62  29541 GPS  -2267807.332  5009352.093  3221002.975
2022  62  29542 GPS  -2267807.328  5009352.101  3221002.978
2022  62  29543 GPS  -2267807.325  5009352.110  3221002.983
2022  62  29544 GPS  -2267807.325  5009352.122  3221002.986
2022  62  29545 GPS  -2267807.322  5009352.126  3221002.985
2022  62  29546 GPS  -2267807.320  5009352.138  3221002.997
2022  62  29547 GPS  -2267807.315  5009352.137  3221002.999
2022  62  29548 GPS  -2267807.307  5009352.140  3221003.004
2022  62  29549 GPS  -2267807.306  5009352.139  3221003.006
2022  62  29550 GPS  -2267807.305  5009352.145  3221003.012
2022  62  29551 GPS  -2267807.298  5009352.149  3221003.022
2022  62  29552 GPS  -2267807.295  5009352.151  3221003.022
2022  62  29553 GPS  -2267807.293  5009352.162  3221003.027
2022  62  29554 GPS  -2267807.290  5009352.164  3221003.029
2022  62  29555 GPS  -2267807.290  5009352.167  3221003.036
2022  62  29556 GPS  -2267807.291  5009352.175  3221003.042
2022  62  29557 GPS  -2267807.284  5009352.172  3221003.040
2022  62  29558 GPS  -2267807.281  5009352.174  3221003.045
2022  62  29559 GPS  -2267807.279  5009352.175  3221003.044
2022  62  29560 GPS  -2267807.283  5009352.187  3221003.052
2022  62  29561 GPS  -2267807.285  5009352.187  3221003.054
2022  62  29562 GPS  -2267807.280  5009352.174  3221003.052
2022  62  29563 GPS  -2267807.282  5009352.165  3221003.053
2022  62  29564 GPS  -2267807.283  5009352.160  3221003.054
2022  62  29565 GPS  -2267807.284  5009352.155  3221003.057
2022  62  29566 GPS  -2267807.284  5009352.156  3221003.059
2022  62  29567 GPS  -2267807.279  5009352.163  3221003.062
2022  62  29568 GPS  -2267807.271  5009352.163  3221003.067
2022  62  29569 GPS  -2267807.373  5009352.809  3221003.779
2022  62  29570 GPS  -2267807.373  5009352.819  3221003.782
2022  62  29571 GPS  -2267807.372  5009352.822  3221003.786
2022  62  29572 GPS  -2267807.375  5009352.827  3221003.786
2022  62  29573 GPS  -2267807.372  5009352.819  3221003.781
2022  62  29574 GPS  -2267807.370  5009352.813  3221003.780
2022  62  29575 GPS  -2267807.363  5009352.811  3221003.774
2022  62  29576 GPS  -2267807.362  5009352.821  3221003.775
2022  62  29577 GPS  -2267807.361  5009352.815  3221003.771
2022  62  29578 GPS  -2267807.355  5009352.808  3221003.767
2022  62  29579 GPS  -2267807.352  5009352.805  3221003.766
2022  62  29580 GPS  -2267807.348  5009352.797  3221003.762
2022  62  29581 GPS  -2267807.348  5009352.795  3221003.763
2022  62  29582 GPS  -2267807.354  5009352.801  3221003.769
2022  62  29583 GPS  -2267807.349  5009352.800  3221003.768
2022  62  29584 GPS  -2267807.347  5009352.795  3221003.767
2022  62  29585 GPS  -2267807.345  5009352.793  3221003.766
2022  62  29586 GPS  -2267807.343  5009352.795  3221003.771
2022  62  29587 GPS  -2267807.343  5009352.788  3221003.770
2022  62  29588 GPS  -2267807.344  5009352.775  3221003.767
2022  62  29589 GPS  -2267807.343  5009352.770  3221003.761
2022  62  29590 GPS  -2267807.342  5009352.765  3221003.762
2022  62  29591 GPS  -2267807.343  5009352.764  3221003.764
2022  62  29592 GPS  -2267807.349  5009352.764  3221003.764
2022  62  29593 GPS  -2267807.352  5009352.758  3221003.758
2022  62  29594 GPS  -2267807.352  5009352.752  3221003.750
2022  62  29595 GPS  -2267807.357  5009352.753  3221003.749
2022  62  29596 GPS  -2267807.367  5009352.745  3221003.742
2022  62  29597 GPS  -2267807.374  5009352.748  3221003.743
2022  62  29598 GPS  -2267807.375  5009352.746  3221003.738
2022  62  29599 GPS  -2267807.374  5009352.749  3221003.738
2022  62  29600 GPS  -2267807.369  5009352.752  3221003.740
2022  62  29601 GPS  -2267807.369  5009352.753  3221003.740
2022  62  29602 GPS  -2267807.369  5009352.757  3221003.742
2022  62  29603 GPS  -2267807.366  5009352.757  3221003.738
2022  62  29604 GPS  -2267807.366  5009352.753  3221003.732
2022  62  29605 GPS  -2267807.366  5009352.756  3221003.734
2022  62  29606 GPS  -2267807.363  5009352.755  3221003.728
2022  62  29607 GPS  -2267807.360  5009352.755  3221003.726
2022  62  29608 GPS  -2267807.363  5009352.758  3221003.728
2022  62  29609 GPS  -2267807.363  5009352.757  3221003.725
2022  62  29610 GPS  -2267807.359  5009352.763  3221003.723
2022  62  29611 GPS  -2267807.356  5009352.763  3221003.724
2022  62  29612 GPS  -2267807.359  5009352.757  3221003.724
2022  62  29613 GPS  -2267807.360  5009352.762  3221003.727
2022  62  29614 GPS  -2267807.361  5009352.758  3221003.725
2022  62  29615 GPS  -2267807.361  5009352.747  3221003.716
2022  62  29616 GPS  -2267807.369  5009352.744  3221003.710
2022  62  29617 GPS  -2267807.370  5009352.739  3221003.703
2022  62  29618 GPS  -2267807.368  5009352.732  3221003.694
2022  62  29619 GPS  -2267807.370  5009352.738  3221003.692
2022  62  29620 GPS  -2267807.365  5009352.740  3221003.688
2022  62  29621 GPS  -2267807.364  5009352.740  3221003.682
2022  62  29622 GPS  -2267807.363  5009352.742  3221003.675
2022  62  29623 GPS  -2267807.360  5009352.747  3221003.672
2022  62  29624 GPS  -2267807.362  5009352.760  3221003.674
2022  62  29625 GPS  -2267807.363  5009352.768  3221003.671
2022  62  29626 GPS  -2267807.373  5009352.765  3221003.666
2022  62  29627 GPS  -2267807.377  5009352.771  3221003.664
2022  62  29628 GPS  -2267807.375  5009352.772  3221003.660
2022  62  29629 GPS  -2267807.375  5009352.768  3221003.657
2022  62  29630 GPS  -2267807.372  5009352.761  3221003.652
2022  62  29631 GPS  -2267807.375  5009352.763  3221003.654
2022  62  29632 GPS  -2267807.382  5009352.772  3221003.654
2022  62  29633 GPS  -2267807.394  5009352.772  3221003.651
2022  62  29634 GPS  -2267807.399  5009352.773  3221003.646
2022  62  29635 GPS  -2267807.394  5009352.765  3221003.639
2022  62  29636 GPS  -2267807.389  5009352.748  3221003.630
2022  62  29637 GPS  -2267807.388  5009352.739  3221003.627
2022  62  29638 GPS  -2267807.387  5009352.746  3221003.631
2022  62  29639 GPS  -2267807.383  5009352.736  3221003.630
2022  62  29640 GPS  -2267807.378  5009352.731  3221003.628
2022  62  29641 GPS  -2267807.375  5009352.730  3221003.631
2022  62  29642 GPS  -2267807.374  5009352.736  3221003.638
2022  62  29643 GPS  -2267807.371  5009352.728  3221003.640
2022  62  29644 GPS  -2267807.366  5009352.729  3221003.643
2022  62  29645 GPS  -2267807.362  5009352.728  3221003.647
2022  62  29646 GPS  -2267807.358  5009352.725  3221003.650
2022  62  29647 GPS  -2267807.359  5009352.727  3221003.655
2022  62  29648 GPS  -2267807.359  5009352.733  3221003.660
2022  62  29649 GPS  -2267807.358  5009352.738  3221003.663
2022  62  29650 GPS  -2267807.358  5009352.741  3221003.668
2022  62  29651 GPS  -2267807.359  5009352.746  3221003.674
2022  62  29652 GPS  -2267807.356  5009352.747  3221003.677
2022  62  29653 GPS  -2267807.352  5009352.747  3221003.680
2022  62  29654 GPS  -2267807.351  5009352.756  3221003.688
2022  62  29655 GPS  -2267807.344  5009352.747  3221003.684
2022  62  29656 GPS  -2267807.341  5009352.734  3221003.682
2022  62  29657 GPS  -2267807.342  5009352.736  3221003.683
2022  62  29658 GPS  -2267807.341  5009352.734  3221003.682
2022  62  29659 GPS  -2267807.336  5009352.723  3221003.681
2022  62  29660 GPS  -2267807.332  5009352.715  3221003.679
2022  62  29661 GPS  -2267807.333  5009352.710  3221003.678
2022  62  29662 GPS  -2267807.330  5009352.717  3221003.681
2022  62  29663 GPS  -2267807.328  5009352.710  3221003.672
2022  62  29664 GPS  -2267807.330  5009352.715  3221003.673
2022  62  29665 GPS  -2267807.334  5009352.719  3221003.678
2022  62  29666 GPS  -2267807.328  5009352.709  3221003.676
2022  62  29667 GPS  -2267807.327  5009352.708  3221003.681
2022  62  29668 GPS  -2267807.324  5009352.705  3221003.683
2022  62  29669 GPS  -2267807.321  5009352.696  3221003.682
2022  62  29670 GPS  -2267807.319  5009352.691  3221003.686
2022  62  29671 GPS  -2267807.315  5009352.690  3221003.692
2022  62  29672 GPS  -2267807.311  5009352.691  3221003.692
2022  62  29673 GPS  -2267807.308  5009352.689  3221003.694
2022  62  29674 GPS  -2267807.308  5009352.692  3221003.697
2022  62  29675 GPS  -2267807.303  5009352.688  3221003.696
2022  62  29676 GPS  -2267807.300  5009352.683  3221003.691
2022  62  29677 GPS  -2267807.291  5009352.671  3221003.685
2022  62  29678 GPS  -2267807.287  5009352.666  3221003.681
2022  62  29679 GPS  -2267807.284  5009352.661  3221003.671
2022  62  29680 GPS  -2267807.284  5009352.663  3221003.667
2022  62  29681 GPS  -2267807.279  5009352.661  3221003.662
2022  62  29682 GPS  -2267807.272  5009352.657  3221003.661
2022  62  29683 GPS  -2267807.266  5009352.648  3221003.661
2022  62  29684 GPS  -2267807.263  5009352.643  3221003.659
2022  62  29685 GPS  -2267807.261  5009352.646  3221003.659
2022  62  29686 GPS  -2267807.260  5009352.642  3221003.662
2022  62  29687 GPS  -2267807.263  5009352.644  3221003.666
2022  62  29688 GPS  -2267807.266  5009352.646  3221003.671
2022  62  29689 GPS  -2267807.263  5009352.645  3221003.673
2022  62  29690 GPS  -2267807.256  5009352.640  3221003.676
2022  62  29691 GPS  -2267807.251  5009352.644  3221003.683
2022  62  29692 GPS  -2267807.247  5009352.643  3221003.685
2022  62  29693 GPS  -2267807.243  5009352.642  3221003.683
2022  62  29694 GPS  -2267807.240  5009352.643  3221003.685
2022  62  29695 GPS  -2267807.232  5009352.639  3221003.686
2022  62  29696 GPS  -2267807.234  5009352.645  3221003.691
2022  62  29697 GPS  -2267807.235  5009352.649  3221003.696
2022  62  29698 GPS  -2267807.230  5009352.646  3221003.699
2022  62  29699 GPS  -2267807.217  5009352.631  3221003.697
2022  62  29700 GPS  -2267807.213  5009352.626  3221003.699
2022  62  29701 GPS  -2267807.205  5009352.612  3221003.696
2022  62  29702 GPS  -2267807.198  5009352.598  3221003.696
2022  62  29703 GPS  -2267807.194  5009352.590  3221003.694
2022  62  29704 GPS  -2267807.196  5009352.593  3221003.697
2022  62  29705 GPS  -2267807.197  5009352.607  3221003.699
2022  62  29706 GPS  -2267807.198  5009352.620  3221003.707
2022  62  29707 GPS  -2267807.199  5009352.631  3221003.711
2022  62  29708 GPS  -2267807.197  5009352.645  3221003.717
2022  62  29709 GPS  -2267807.198  5009352.649  3221003.714
2022  62  29710 GPS  -2267807.200  5009352.657  3221003.724
2022  62  29711 GPS  -2267807.200  5009352.658  3221003.723
2022  62  29712 GPS  -2267807.196  5009352.658  3221003.722
2022  62  29713 GPS  -2267807.193  5009352.660  3221003.722
2022  62  29714 GPS  -2267807.196  5009352.663  3221003.720
2022  62  29715 GPS  -2267807.195  5009352.663  3221003.720
2022  62  29716 GPS  -2267807.195  5009352.654  3221003.714
2022  62  29717 GPS  -2267807.198  5009352.663  3221003.714
2022  62  29718 GPS  -2267807.196  5009352.173  3221003.535
2022  62  29719 GPS  -2267807.203  5009352.173  3221003.533
2022  62  29720 GPS  -2267807.208  5009352.173  3221003.530
2022  62  29721 GPS  -2267807.208  5009352.173  3221003.528
2022  62  29722 GPS  -2267807.206  5009352.171  3221003.527
2022  62  29723 GPS  -2267807.205  5009352.168  3221003.526
2022  62  29724 GPS  -2267807.200  5009352.158  3221003.519
2022  62  29725 GPS  -2267807.195  5009352.144  3221003.507
2022  62  29726 GPS  -2267807.195  5009352.134  3221003.501
2022  62  29727 GPS  -2267807.196  5009352.120  3221003.494
2022  62  29728 GPS  -2267807.198  5009352.107  3221003.485
2022  62  29729 GPS  -2267807.202  5009352.102  3221003.480
2022  62  29730 GPS  -2267807.204  5009352.094  3221003.475
2022  62  29731 GPS  -2267807.205  5009352.084  3221003.469
2022  62  29732 GPS  -2267807.206  5009352.077  3221003.459
2022  62  29733 GPS  -2267807.203  5009352.078  3221003.450
2022  62  29734 GPS  -2267807.196  5009352.073  3221003.439
2022  62  29735 GPS  -2267807.188  5009352.062  3221003.428
2022  62  29736 GPS  -2267807.186  5009352.056  3221003.415
2022  62  29737 GPS  -2267807.187  5009352.048  3221003.403
2022  62  29738 GPS  -2267807.185  5009352.044  3221003.393
2022  62  29739 GPS  -2267807.183  5009352.034  3221003.382
2022  62  29740 GPS  -2267807.183  5009352.029  3221003.370
2022  62  29741 GPS  -2267807.182  5009352.032  3221003.363
2022  62  29742 GPS  -2267807.180  5009352.035  3221003.359
2022  62  29743 GPS  -2267807.173  5009352.031  3221003.352
2022  62  29744 GPS  -2267807.166  5009352.025  3221003.338
2022  62  29745 GPS  -2267807.164  5009352.013  3221003.324
2022  62  29746 GPS  -2267807.162  5009352.017  3221003.319
2022  62  29747 GPS  -2267807.160  5009352.013  3221003.308
2022  62  29748 GPS  -2267807.156  5009352.006  3221003.296
2022  62  29749 GPS  -2267807.155  5009352.002  3221003.289
2022  62  29750 GPS  -2267807.155  5009352.001  3221003.285
2022  62  29751 GPS  -2267807.151  5009351.997  3221003.281
2022  62  29752 GPS  -2267807.147  5009351.998  3221003.281
2022  62  29753 GPS  -2267807.149  5009352.002  3221003.277
2022  62  29754 GPS  -2267807.152  5009351.997  3221003.273
2022  62  29755 GPS  -2267807.148  5009351.984  3221003.266
2022  62  29756 GPS  -2267807.150  5009351.982  3221003.265
2022  62  29757 GPS  -2267807.147  5009351.969  3221003.255
2022  62  29758 GPS  -2267807.143  5009351.958  3221003.247
2022  62  29759 GPS  -2267807.137  5009351.947  3221003.242
2022  62  29760 GPS  -2267807.135  5009351.933  3221003.242
2022  62  29761 GPS  -2267807.133  5009351.929  3221003.244
2022  62  29762 GPS  -2267807.131  5009351.923  3221003.241
2022  62  29763 GPS  -2267807.129  5009351.920  3221003.243
2022  62  29764 GPS  -2267807.130  5009351.910  3221003.242
2022  62  29765 GPS  -2267807.130  5009351.907  3221003.239
2022  62  29766 GPS  -2267807.135  5009351.916  3221003.244
2022  62  29767 GPS  -2267807.130  5009351.921  3221003.245
2022  62  29768 GPS  -2267807.127  5009351.919  3221003.248
2022  62  29769 GPS  -2267807.125  5009351.911  3221003.242
2022  62  29770 GPS  -2267807.124  5009351.904  3221003.235
2022  62  29771 GPS  -2267807.119  5009351.892  3221003.227
2022  62  29772 GPS  -2267807.113  5009351.884  3221003.221
2022  62  29773 GPS  -2267807.107  5009351.876  3221003.211
2022  62  29774 GPS  -2267807.106  5009351.869  3221003.208
2022  62  29775 GPS  -2267807.109  5009351.864  3221003.200
2022  62  29776 GPS  -2267807.115  5009351.858  3221003.193
2022  62  29777 GPS  -2267807.114  5009351.855  3221003.190
2022  62  29778 GPS  -2267807.114  5009351.854  3221003.188
2022  62  29779 GPS  -2267807.114  5009351.852  3221003.184
2022  62  29780 GPS  -2267807.112  5009351.852  3221003.184
2022  62  29781 GPS  -2267807.114  5009351.854  3221003.186
2022  62  29782 GPS  -2267807.120  5009351.859  3221003.186
2022  62  29783 GPS  -2267807.125  5009351.856  3221003.187
2022  62  29784 GPS  -2267807.125  5009351.854  3221003.183
2022  62  29785 GPS  -2267807.127  5009351.860  3221003.177
2022  62  29786 GPS  -2267807.124  5009351.849  3221003.169
2022  62  29787 GPS  -2267807.120  5009351.841  3221003.159
2022  62  29788 GPS  -2267807.117  5009351.836  3221003.153
2022  62  29789 GPS  -2267807.117  5009351.831  3221003.148
2022  62  29790 GPS  -2267807.112  5009351.821  3221003.141
2022  62  29791 GPS  -2267807.113  5009351.810  3221003.138
2022  62  29792 GPS  -2267807.109  5009351.797  3221003.131
2022  62  29793 GPS  -2267807.106  5009351.787  3221003.125
2022  62  29794 GPS  -2267807.103  5009351.782  3221003.120
2022  62  29795 GPS  -2267807.106  5009351.778  3221003.123
2022  62  29796 GPS  -2267807.107  5009351.777  3221003.119
2022  62  29797 GPS  -2267807.105  5009351.769  3221003.114
2022  62  29798 GPS  -2267807.103  5009351.751  3221003.111
2022  62  29799 GPS  -2267807.098  5009351.740  3221003.111
2022  62  29800 GPS  -2267807.092  5009351.718  3221003.102
2022  62  29801 GPS  -2267807.088  5009351.721  3221003.108
2022  62  29802 GPS  -2267807.088  5009351.727  3221003.112
2022  62  29803 GPS  -2267807.092  5009351.730  3221003.115
2022  62  29804 GPS  -2267807.092  5009351.732  3221003.125
2022  62  29805 GPS  -2267807.091  5009351.728  3221003.130
2022  62  29806 GPS  -2267807.090  5009351.724  3221003.137
2022  62  29807 GPS  -2267807.093  5009351.721  3221003.139
2022  62  29808 GPS  -2267807.091  5009351.717  3221003.138
2022  62  29809 GPS  -2267807.091  5009351.716  3221003.146
2022  62  29810 GPS  -2267807.094  5009351.719  3221003.154
2022  62  29811 GPS  -2267807.095  5009351.714  3221003.156
2022  62  29812 GPS  -2267807.092  5009351.709  3221003.160
2022  62  29813 GPS  -2267807.093  5009351.709  3221003.162
2022  62  29814 GPS  -2267807.090  5009351.704  3221003.162
2022  62  29815 GPS  -2267807.090  5009351.692  3221003.158
2022  62  29816 GPS  -2267807.084  5009351.688  3221003.155
2022  62  29817 GPS  -2267807.081  5009351.690  3221003.157
2022  62  29818 GPS  -2267807.084  5009351.694  3221003.156
2022  62  29819 GPS  -2267807.086  5009351.706  3221003.160
2022  62  29820 GPS  -2267807.082  5009351.705  3221003.158
2022  62  29821 GPS  -2267807.087  5009351.710  3221003.155
2022  62  29822 GPS  -2267807.089  5009351.714  3221003.151
2022  62  29823 GPS  -2267807.089  5009351.710  3221003.142
2022  62  29824 GPS  -2267807.093  5009351.708  3221003.137
2022  62  29825 GPS  -2267807.096  5009351.721  3221003.141
2022  62  29826 GPS  -2267807.105  5009351.737  3221003.145
2022  62  29827 GPS  -2267807.106  5009351.746  3221003.149
2022  62  29828 GPS  -2267807.115  5009351.769  3221003.157
2022  62  29829 GPS  -2267807.121  5009351.780  3221003.162
2022  62  29830 GPS  -2267807.125  5009351.787  3221003.162
2022  62  29831 GPS  -2267807.131  5009351.795  3221003.165
2022  62  29832 GPS  -2267807.127  5009351.790  3221003.158
2022  62  29833 GPS  -2267807.126  5009351.792  3221003.153
2022  62  29834 GPS  -2267807.123  5009351.784  3221003.147
2022  62  29835 GPS  -2267807.117  5009351.776  3221003.144
2022  62  29836 GPS  -2267807.121  5009351.775  3221003.142
2022  62  29837 GPS  -2267807.128  5009351.773  3221003.139
2022  62  29838 GPS  -2267807.132  5009351.774  3221003.138
2022  62  29839 GPS  -2267807.132  5009351.772  3221003.130
2022  62  29840 GPS  -2267807.132  5009351.776  3221003.128
2022  62  29841 GPS  -2267807.133  5009351.788  3221003.131
2022  62  29842 GPS  -2267807.132  5009351.795  3221003.134
2022  62  29843 GPS  -2267807.135  5009351.803  3221003.134
2022  62  29844 GPS  -2267807.138  5009351.808  3221003.138
2022  62  29845 GPS  -2267807.136  5009351.804  3221003.140
2022  62  29846 GPS  -2267807.135  5009351.803  3221003.140
2022  62  29847 GPS  -2267807.136  5009351.801  3221003.140
2022  62  29848 GPS  -2267807.133  5009351.800  3221003.143
2022  62  29849 GPS  -2267807.128  5009351.795  3221003.145
2022  62  29850 GPS  -2267807.124  5009351.795  3221003.150
2022  62  29851 GPS  -2267807.123  5009351.800  3221003.157
2022  62  29852 GPS  -2267807.114  5009351.802  3221003.163
2022  62  29853 GPS  -2267807.107  5009351.812  3221003.168
2022  62  29854 GPS  -2267807.104  5009351.813  3221003.172
2022  62  29855 GPS  -2267807.099  5009351.814  3221003.176
2022  62  29856 GPS  -2267807.096  5009351.826  3221003.185
2022  62  29857 GPS  -2267807.088  5009351.833  3221003.192
2022  62  29858 GPS  -2267807.085  5009351.840  3221003.194
2022  62  29859 GPS  -2267807.077  5009351.849  3221003.202
2022  62  29860 GPS  -2267807.075  5009351.853  3221003.203
2022  62  29861 GPS  -2267807.077  5009351.866  3221003.213
2022  62  29862 GPS  -2267807.075  5009351.875  3221003.216
2022  62  29863 GPS  -2267807.080  5009351.890  3221003.222
2022  62  29864 GPS  -2267807.083  5009351.902  3221003.226
2022  62  29865 GPS  -2267807.090  5009351.916  3221003.232
2022  62  29866 GPS  -2267807.093  5009351.920  3221003.235
2022  62  29867 GPS  -2267807.099  5009351.928  3221003.240
2022  62  29868 GPS  -2267807.099  5009351.930  3221003.240
2022  62  29869 GPS  -2267807.091  5009351.924  3221003.240
2022  62  29870 GPS  -2267807.086  5009351.927  3221003.240
2022  62  29871 GPS  -2267807.084  5009351.924  3221003.240
2022  62  29872 GPS  -2267807.079  5009351.918  3221003.231
2022  62  29873 GPS  -2267807.075  5009351.913  3221003.224
2022  62  29874 GPS  -2267807.075  5009351.912  3221003.220
2022  62  29875 GPS  -2267807.077  5009351.920  3221003.219
2022  62  29876 GPS  -2267807.080  5009351.927  3221003.218
2022  62  29877 GPS  -2267807.086  5009351.937  3221003.217
2022  62  29878 GPS  -2267807.090  5009351.942  3221003.213
2022  62  29879 GPS  -2267807.097  5009351.956  3221003.213
2022  62  29880 GPS  -2267807.102  5009351.965  3221003.214
2022  62  29881 GPS  -2267807.107  5009351.974  3221003.217
2022  62  29882 GPS  -2267807.112  5009351.987  3221003.217
2022  62  29883 GPS  -2267807.115  5009351.994  3221003.217
2022  62  29884 GPS  -2267807.116  5009352.006  3221003.219
2022  62  29885 GPS  -2267807.119  5009352.012  3221003.222
2022  62  29886 GPS  -2267807.118  5009352.019  3221003.224
2022  62  29887 GPS  -2267807.115  5009352.020  3221003.223
2022  62  29888 GPS  -2267807.117  5009352.023  3221003.223
2022  62  29889 GPS  -2267807.117  5009352.023  3221003.219
2022  62  29890 GPS  -2267807.113  5009352.022  3221003.213
2022  62  29891 GPS  -2267807.111  5009352.027  3221003.215
2022  62  29892 GPS  -2267807.112  5009352.027  3221003.211
2022  62  29893 GPS  -2267807.114  5009352.034  3221003.210
2022  62  29894 GPS  -2267807.109  5009352.031  3221003.207
2022  62  29895 GPS  -2267807.108  5009352.028  3221003.203
2022  62  29896 GPS  -2267807.109  5009352.036  3221003.205
2022  62  29897 GPS  -2267807.109  5009352.045  3221003.211
2022  62  29898 GPS  -2267807.114  5009352.053  3221003.223
2022  62  29899 GPS  -2267807.113  5009352.059  3221003.231
2022  62  29900 GPS  -2267807.111  5009352.057  3221003.231
2022  62  29901 GPS  -2267807.108  5009352.062  3221003.232
2022  62  29902 GPS  -2267807.104  5009352.058  3221003.228
2022  62  29903 GPS  -2267807.104  5009352.061  3221003.230
2022  62  29904 GPS  -2267807.093  5009352.054  3221003.226
2022  62  29905 GPS  -2267807.084  5009352.054  3221003.225
2022  62  29906 GPS  -2267807.082  5009352.059  3221003.227
2022  62  29907 GPS  -2267807.084  5009352.064  3221003.228
2022  62  29908 GPS  -2267807.082  5009352.068  3221003.229
2022  62  29909 GPS  -2267807.083  5009352.068  3221003.232
2022  62  29910 GPS  -2267807.081  5009352.066  3221003.229
2022  62  29911 GPS  -2267807.089  5009352.070  3221003.228
2022  62  29912 GPS  -2267807.091  5009352.073  3221003.231
2022  62  29913 GPS  -2267807.090  5009352.079  3221003.237
2022  62  29914 GPS  -2267807.093  5009352.071  3221003.232
2022  62  29915 GPS  -2267807.097  5009352.066  3221003.226
2022  62  29916 GPS  -2267807.100  5009352.065  3221003.224
2022  62  29917 GPS  -2267807.096  5009352.056  3221003.217
2022  62  29918 GPS  -2267807.086  5009352.040  3221003.211
2022  62  29919 GPS  -2267807.077  5009352.018  3221003.203
2022  62  29920 GPS  -2267807.075  5009352.008  3221003.202
2022  62  29921 GPS  -2267807.073  5009352.007  3221003.202
2022  62  29922 GPS  -2267807.069  5009351.993  3221003.197
2022  62  29923 GPS  -2267807.067  5009351.983  3221003.194
2022  62  29924 GPS  -2267807.070  5009351.981  3221003.192
2022  62  29925 GPS  -2267807.069  5009351.972  3221003.188
2022  62  29926 GPS  -2267807.070  5009351.972  3221003.185
2022  62  29927 GPS  -2267807.069  5009351.967  3221003.182
2022  62  29928 GPS  -2267807.067  5009351.964  3221003.181
2022  62  29929 GPS  -2267807.058  5009351.951  3221003.173
2022  62  29930 GPS  -2267807.050  5009351.935  3221003.163
2022  62  29931 GPS  -2267807.044  5009351.919  3221003.161
2022  62  29932 GPS  -2267807.038  5009351.904  3221003.158
2022  62  29933 GPS  -2267807.032  5009351.892  3221003.154
2022  62  29934 GPS  -2267807.030  5009351.884  3221003.155
2022  62  29935 GPS  -2267807.029  5009351.883  3221003.154
2022  62  29936 GPS  -2267807.030  5009351.874  3221003.157
2022  62  29937 GPS  -2267807.033  5009351.869  3221003.160
2022  62  29938 GPS  -2267807.034  5009351.861  3221003.159
2022  62  29939 GPS  -2267807.037  5009351.863  3221003.165
2022  62  29940 GPS  -2267807.041  5009351.864  3221003.170
2022  62  29941 GPS  -2267807.046  5009351.863  3221003.172
2022  62  29942 GPS  -2267807.051  5009351.864  3221003.173
2022  62  29943 GPS  -2267807.054  5009351.865  3221003.177
2022  62  29944 GPS  -2267807.062  5009351.866  3221003.180
2022  62  29945 GPS  -2267807.067  5009351.868  3221003.183
2022  62  29946 GPS  -2267807.072  5009351.870  3221003.187
2022  62  29947 GPS  -2267807.077  5009351.872  3221003.189
2022  62  29948 GPS  -2267807.079  5009351.877  3221003.198
2022  62  29949 GPS  -2267807.081  5009351.881  3221003.203
2022  62  29950 GPS  -2267807.087  5009351.894  3221003.212
2022  62  29951 GPS  -2267807.092  5009351.898  3221003.213
2022  62  29952 GPS  -2267807.098  5009351.900  3221003.214
2022  62  29953 GPS  -2267807.095  5009351.890  3221003.212
2022  62  29954 GPS  -2267807.092  5009351.882  3221003.207
2022  62  29955 GPS  -2267807.089  5009351.875  3221003.203
2022  62  29956 GPS  -2267807.090  5009351.872  3221003.200
2022  62  29957 GPS  -2267807.090  5009351.871  3221003.198
2022  62  29958 GPS  -2267807.088  5009351.869  3221003.195
2022  62  29959 GPS  -2267807.086  5009351.865  3221003.193
2022  62  29960 GPS  -2267807.094  5009351.874  3221003.195
2022  62  29961 GPS  -2267807.096  5009351.874  3221003.192
2022  62  29962 GPS  -2267807.102  5009351.879  3221003.196
2022  62  29963 GPS  -2267807.104  5009351.888  3221003.204
2022  62  29964 GPS  -2267807.104  5009351.893  3221003.209
2022  62  29965 GPS  -2267807.105  5009351.900  3221003.213
2022  62  29966 GPS  -2267807.093  5009351.894  3221003.207
2022  62  29967 GPS  -2267807.088  5009351.903  3221003.209
2022  62  29968 GPS  -2267807.078  5009351.910  3221003.211
2022  62  29969 GPS  -2267807.074  5009351.914  3221003.215
2022  62  29970 GPS  -2267807.069  5009351.917  3221003.211
2022  62  29971 GPS  -2267807.064  5009351.923  3221003.207
2022  62  29972 GPS  -2267807.058  5009351.926  3221003.205
2022  62  29973 GPS  -2267807.059  5009351.933  3221003.207
2022  62  29974 GPS  -2267807.058  5009351.940  3221003.208
2022  62  29975 GPS  -2267807.056  5009351.942  3221003.198
2022  62  29976 GPS  -2267807.053  5009351.950  3221003.196
2022  62  29977 GPS  -2267807.047  5009351.955  3221003.190
2022  62  29978 GPS  -2267807.044  5009351.951  3221003.186
2022  62  29979 GPS  -2267807.044  5009351.952  3221003.186
2022  62  29980 GPS  -2267807.043  5009351.957  3221003.190
2022  62  29981 GPS  -2267807.043  5009351.960  3221003.192
2022  62  29982 GPS  -2267807.042  5009351.965  3221003.195
2022  62  29983 GPS  -2267807.041  5009351.971  3221003.204
2022  62  29984 GPS  -2267807.038  5009351.966  3221003.205
2022  62  29985 GPS  -2267807.033  5009351.950  3221003.200
2022  62  29986 GPS  -2267807.031  5009351.945  3221003.194
2022  62  29987 GPS  -2267807.031  5009351.941  3221003.190
2022  62  29988 GPS  -2267807.029  5009351.937  3221003.189
2022  62  29989 GPS  -2267807.032  5009351.935  3221003.188
2022  62  29990 GPS  -2267807.028  5009351.923  3221003.184
2022  62  29991 GPS  -2267807.030  5009351.914  3221003.181
2022  62  29992 GPS  -2267807.029  5009351.911  3221003.180
2022  62  29993 GPS  -2267807.032  5009351.907  3221003.182
2022  62  29994 GPS  -2267807.029  5009351.904  3221003.177
2022  62  29995 GPS  -2267807.031  5009351.907  3221003.180
2022  62  29996 GPS  -2267807.027  5009351.908  3221003.180
2022  62  29997 GPS  -2267807.022  5009351.900  3221003.175
2022  62  29998 GPS  -2267807.020  5009351.899  3221003.176
2022  62  29999 GPS  -2267807.019  5009351.896  3221003.171
2022  62  30000 GPS  -2267807.021  5009351.891  3221003.167
2022  62  30001 GPS  -2267807.020  5009351.889  3221003.167
2022  62  30002 GPS  -2267807.022  5009351.894  3221003.167
2022  62  30003 GPS  -2267807.021  5009351.888  3221003.163
2022  62  30004 GPS  -2267807.018  5009351.888  3221003.159
2022  62  30005 GPS  -2267807.019  5009351.888  3221003.159
2022  62  30006 GPS  -2267807.016  5009351.888  3221003.158
2022  62  30007 GPS  -2267807.017  5009351.893  3221003.164
2022  62  30008 GPS  -2267807.019  5009351.901  3221003.173
2022  62  30009 GPS  -2267807.022  5009351.908  3221003.176
2022  62  30010 GPS  -2267807.025  5009351.914  3221003.171
2022  62  30011 GPS  -2267807.022  5009351.923  3221003.172
2022  62  30012 GPS  -2267807.022  5009351.927  3221003.173
2022  62  30013 GPS  -2267807.024  5009351.935  3221003.182
2022  62  30014 GPS  -2267807.025  5009351.936  3221003.182
2022  62  30015 GPS  -2267807.022  5009351.944  3221003.181
2022  62  30016 GPS  -2267807.016  5009351.937  3221003.176
2022  62  30017 GPS  -2267807.015  5009351.943  3221003.177
2022  62  30018 GPS  -2267807.020  5009351.950  3221003.178
2022  62  30019 GPS  -2267807.018  5009351.946  3221003.172
2022  62  30020 GPS  -2267807.014  5009351.943  3221003.171
2022  62  30021 GPS  -2267807.013  5009351.944  3221003.172
2022  62  30022 GPS  -2267807.014  5009351.938  3221003.169
2022  62  30023 GPS  -2267807.016  5009351.935  3221003.163
2022  62  30024 GPS  -2267807.021  5009351.941  3221003.156
2022  62  30025 GPS  -2267807.019  5009351.936  3221003.152
2022  62  30026 GPS  -2267807.021  5009351.944  3221003.149
2022  62  30027 GPS  -2267807.020  5009351.938  3221003.140
2022  62  30028 GPS  -2267807.017  5009351.935  3221003.138
2022  62  30029 GPS  -2267807.011  5009351.937  3221003.137
2022  62  30030 GPS  -2267807.009  5009351.934  3221003.135
2022  62  30031 GPS  -2267807.007  5009351.936  3221003.134
2022  62  30032 GPS  -2267807.001  5009351.929  3221003.132
2022  62  30033 GPS  -2267806.996  5009351.925  3221003.132
2022  62  30034 GPS  -2267806.995  5009351.923  3221003.129
2022  62  30035 GPS  -2267806.997  5009351.914  3221003.130
2022  62  30036 GPS  -2267806.992  5009351.910  3221003.131
2022  62  30037 GPS  -2267806.990  5009351.908  3221003.130
2022  62  30038 GPS  -2267806.992  5009351.905  3221003.129
2022  62  30039 GPS  -2267806.986  5009351.894  3221003.127
2022  62  30040 GPS  -2267806.983  5009351.888  3221003.125
2022  62  30041 GPS  -2267806.982  5009351.881  3221003.120
2022  62  30042 GPS  -2267806.985  5009351.882  3221003.117
2022  62  30043 GPS  -2267806.977  5009351.873  3221003.112
2022  62  30044 GPS  -2267806.971  5009351.869  3221003.109
2022  62  30045 GPS  -2267806.970  5009351.869  3221003.108
2022  62  30046 GPS  -2267806.967  5009351.860  3221003.106
2022  62  30047 GPS  -2267806.967  5009351.859  3221003.109
2022  62  30048 GPS  -2267806.967  5009351.857  3221003.111
2022  62  30049 GPS  -2267806.972  5009351.855  3221003.112
2022  62  30050 GPS  -2267806.972  5009351.859  3221003.120
2022  62  30051 GPS  -2267806.967  5009351.849  3221003.119
2022  62  30052 GPS  -2267806.973  5009351.854  3221003.122
2022  62  30053 GPS  -2267806.980  5009351.864  3221003.125
2022  62  30054 GPS  -2267806.986  5009351.876  3221003.135
2022  62  30055 GPS  -2267806.992  5009351.890  3221003.143
2022  62  30056 GPS  -2267806.992  5009351.902  3221003.150
2022  62  30057 GPS  -2267806.990  5009351.906  3221003.151
2022  62  30058 GPS  -2267806.986  5009351.911  3221003.149
2022  62  30059 GPS  -2267806.983  5009351.916  3221003.145
2022  62  30060 GPS  -2267806.983  5009351.922  3221003.142
2022  62  30061 GPS  -2267806.982  5009351.920  3221003.137
2022  62  30062 GPS  -2267806.982  5009351.924  3221003.129
2022  62  30063 GPS  -2267806.985  5009351.932  3221003.126
2022  62  30064 GPS  -2267806.987  5009351.942  3221003.125
2022  62  30065 GPS  -2267806.986  5009351.951  3221003.120
2022  62  30066 GPS  -2267806.987  5009351.961  3221003.119
2022  62  30067 GPS  -2267806.991  5009351.975  3221003.121
2022  62  30068 GPS  -2267806.995  5009351.986  3221003.124
2022  62  30069 GPS  -2267807.000  5009352.003  3221003.128
2022  62  30070 GPS  -2267807.003  5009352.012  3221003.128
2022  62  30071 GPS  -2267807.005  5009352.019  3221003.127
2022  62  30072 GPS  -2267807.011  5009352.028  3221003.129
2022  62  30073 GPS  -2267807.020  5009352.040  3221003.132
2022  62  30074 GPS  -2267807.023  5009352.044  3221003.134
2022  62  30075 GPS  -2267807.025  5009352.046  3221003.135
2022  62  30076 GPS  -2267807.028  5009352.052  3221003.140
2022  62  30077 GPS  -2267807.029  5009352.051  3221003.138
2022  62  30078 GPS  -2267807.034  5009352.052  3221003.143
2022  62  30079 GPS  -2267807.031  5009352.043  3221003.140
2022  62  30080 GPS  -2267807.029  5009352.035  3221003.140
2022  62  30081 GPS  -2267807.029  5009352.039  3221003.146
2022  62  30082 GPS  -2267807.031  5009352.045  3221003.150
2022  62  30083 GPS  -2267807.030  5009352.043  3221003.154
2022  62  30084 GPS  -2267807.028  5009352.041  3221003.159
2022  62  30085 GPS  -2267807.025  5009352.038  3221003.159
2022  62  30086 GPS  -2267807.025  5009352.038  3221003.161
2022  62  30087 GPS  -2267807.021  5009352.029  3221003.161
2022  62  30088 GPS  -2267807.016  5009352.021  3221003.159
2022  62  30089 GPS  -2267807.010  5009352.011  3221003.158
2022  62  30090 GPS  -2267807.005  5009352.004  3221003.162
2022  62  30091 GPS  -2267807.006  5009351.998  3221003.165
2022  62  30092 GPS  -2267807.002  5009351.989  3221003.167
2022  62  30093 GPS  -2267806.999  5009351.986  3221003.173
2022  62  30094 GPS  -2267806.999  5009351.981  3221003.179
2022  62  30095 GPS  -2267807.002  5009351.974  3221003.182
2022  62  30096 GPS  -2267807.003  5009351.968  3221003.186
2022  62  30097 GPS  -2267806.998  5009351.961  3221003.186
2022  62  30098 GPS  -2267806.992  5009351.952  3221003.187
2022  62  30099 GPS  -2267806.990  5009351.947  3221003.195
2022  62  30100 GPS  -2267806.992  5009351.951  3221003.202
2022  62  30101 GPS  -2267806.992  5009351.953  3221003.208
2022  62  30102 GPS  -2267806.991  5009351.954  3221003.208
2022  62  30103 GPS  -2267806.988  5009351.951  3221003.207
2022  62  30104 GPS  -2267806.987  5009351.948  3221003.213
2022  62  30105 GPS  -2267806.987  5009351.950  3221003.220
2022  62  30106 GPS  -2267806.991  5009351.963  3221003.233
2022  62  30107 GPS  -2267806.991  5009351.969  3221003.236
2022  62  30108 GPS  -2267806.987  5009351.973  3221003.239
2022  62  30109 GPS  -2267806.988  5009351.979  3221003.251
2022  62  30110 GPS  -2267806.989  5009351.988  3221003.259
2022  62  30111 GPS  -2267806.995  5009351.991  3221003.269
2022  62  30112 GPS  -2267807.001  5009351.998  3221003.281
2022  62  30113 GPS  -2267807.003  5009351.993  3221003.280
2022  62  30114 GPS  -2267807.003  5009351.986  3221003.279
2022  62  30115 GPS  -2267807.008  5009351.981  3221003.279
2022  62  30116 GPS  -2267807.011  5009351.979  3221003.277
2022  62  30117 GPS  -2267807.012  5009351.981  3221003.276
2022  62  30118 GPS  -2267807.009  5009351.980  3221003.275
2022  62  30119 GPS  -2267807.001  5009351.979  3221003.271
2022  62  30120 GPS  -2267806.999  5009351.979  3221003.268
2022  62  30121 GPS  -2267806.995  5009351.978  3221003.260
2022  62  30122 GPS  -2267806.985  5009351.968  3221003.253
2022  62  30123 GPS  -2267806.983  5009351.970  3221003.253
2022  62  30124 GPS  -2267806.987  5009351.973  3221003.254
2022  62  30125 GPS  -2267806.985  5009351.967  3221003.250
2022  62  30126 GPS  -2267806.983  5009351.955  3221003.245
2022  62  30127 GPS  -2267806.986  5009351.948  3221003.243
2022  62  30128 GPS  -2267806.994  5009351.949  3221003.241
2022  62  30129 GPS  -2267806.994  5009351.941  3221003.241
2022  62  30130 GPS  -2267806.996  5009351.937  3221003.239
2022  62  30131 GPS  -2267806.990  5009351.930  3221003.235
2022  62  30132 GPS  -2267806.990  5009351.931  3221003.236
2022  62  30133 GPS  -2267806.989  5009351.930  3221003.236
2022  62  30134 GPS  -2267806.985  5009351.928  3221003.236
2022  62  30135 GPS  -2267806.981  5009351.908  3221003.226
2022  62  30136 GPS  -2267806.980  5009351.901  3221003.221
2022  62  30137 GPS  -2267806.975  5009351.885  3221003.208
2022  62  30138 GPS  -2267806.969  5009351.871  3221003.199
2022  62  30139 GPS  -2267806.969  5009351.864  3221003.193
2022  62  30140 GPS  -2267806.971  5009351.860  3221003.188
2022  62  30141 GPS  -2267806.970  5009351.844  3221003.178
2022  62  30142 GPS  -2267806.973  5009351.844  3221003.181
2022  62  30143 GPS  -2267806.975  5009351.843  3221003.182
2022  62  30144 GPS  -2267806.977  5009351.852  3221003.185
2022  62  30145 GPS  -2267806.975  5009351.854  3221003.188
2022  62  30146 GPS  -2267806.968  5009351.854  3221003.182
2022  62  30147 GPS  -2267806.969  5009351.847  3221003.178
2022  62  30148 GPS  -2267806.973  5009351.853  3221003.178
2022  62  30149 GPS  -2267806.978  5009351.848  3221003.172
2022  62  30150 GPS  -2267806.976  5009351.840  3221003.163
2022  62  30151 GPS  -2267806.971  5009351.834  3221003.158
2022  62  30152 GPS  -2267806.974  5009351.835  3221003.160
2022  62  30153 GPS  -2267806.982  5009351.837  3221003.162
2022  62  30154 GPS  -2267806.990  5009351.840  3221003.163
2022  62  30155 GPS  -2267806.997  5009351.845  3221003.165
2022  62  30156 GPS  -2267807.006  5009351.852  3221003.167
2022  62  30157 GPS  -2267807.009  5009351.851  3221003.166
2022  62  30158 GPS  -2267807.006  5009351.847  3221003.161
2022  62  30159 GPS  -2267807.008  5009351.842  3221003.157
2022  62  30160 GPS  -2267807.012  5009351.837  3221003.155
2022  62  30161 GPS  -2267807.014  5009351.835  3221003.155
2022  62  30162 GPS  -2267807.018  5009351.836  3221003.155
2022  62  30163 GPS  -2267807.021  5009351.838  3221003.159
2022  62  30164 GPS  -2267807.028  5009351.850  3221003.162
2022  62  30165 GPS  -2267807.034  5009351.865  3221003.167
2022  62  30166 GPS  -2267807.037  5009351.867  3221003.167
2022  62  30167 GPS  -2267807.040  5009351.877  3221003.169
2022  62  30168 GPS  -2267807.042  5009351.886  3221003.173
2022  62  30169 GPS  -2267807.042  5009351.889  3221003.178
2022  62  30170 GPS  -2267807.048  5009351.900  3221003.179
2022  62  30171 GPS  -2267807.050  5009351.901  3221003.175
2022  62  30172 GPS  -2267807.052  5009351.906  3221003.171
2022  62  30173 GPS  -2267807.051  5009351.912  3221003.173
2022  62  30174 GPS  -2267807.050  5009351.905  3221003.172
2022  62  30175 GPS  -2267807.041  5009351.892  3221003.168
2022  62  30176 GPS  -2267807.034  5009351.884  3221003.161
2022  62  30177 GPS  -2267807.031  5009351.880  3221003.160
2022  62  30178 GPS  -2267807.023  5009351.865  3221003.153
2022  62  30179 GPS  -2267807.012  5009351.859  3221003.153
2022  62  30180 GPS  -2267807.006  5009351.854  3221003.151
2022  62  30181 GPS  -2267807.004  5009351.855  3221003.150
2022  62  30182 GPS  -2267807.004  5009351.862  3221003.151
2022  62  30183 GPS  -2267806.998  5009351.859  3221003.152
2022  62  30184 GPS  -2267806.995  5009351.850  3221003.147
2022  62  30185 GPS  -2267806.992  5009351.851  3221003.146
2022  62  30186 GPS  -2267806.984  5009351.858  3221003.142
2022  62  30187 GPS  -2267806.981  5009351.856  3221003.139
2022  62  30188 GPS  -2267806.977  5009351.844  3221003.132
2022  62  30189 GPS  -2267806.973  5009351.831  3221003.126
2022  62  30190 GPS  -2267806.971  5009351.828  3221003.122
2022  62  30191 GPS  -2267806.973  5009351.828  3221003.122
2022  62  30192 GPS  -2267806.971  5009351.823  3221003.119
2022  62  30193 GPS  -2267806.967  5009351.816  3221003.116
2022  62  30194 GPS  -2267806.968  5009351.814  3221003.113
2022  62  30195 GPS  -2267806.969  5009351.813  3221003.112
2022  62  30196 GPS  -2267806.972  5009351.813  3221003.119
2022  62  30197 GPS  -2267806.973  5009351.817  3221003.123
2022  62  30198 GPS  -2267806.971  5009351.827  3221003.128
2022  62  30199 GPS  -2267806.974  5009351.838  3221003.131
2022  62  30200 GPS  -2267806.974  5009351.845  3221003.135
2022  62  30201 GPS  -2267806.981  5009351.847  3221003.136
2022  62  30202 GPS  -2267806.987  5009351.852  3221003.140
2022  62  30203 GPS  -2267806.992  5009351.854  3221003.143
2022  62  30204 GPS  -2267807.002  5009351.865  3221003.151
2022  62  30205 GPS  -2267807.004  5009351.863  3221003.153
2022  62  30206 GPS  -2267807.009  5009351.872  3221003.158
2022  62  30207 GPS  -2267807.012  5009351.875  3221003.160
2022  62  30208 GPS  -2267807.014  5009351.880  3221003.161
2022  62  30209 GPS  -2267807.018  5009351.881  3221003.158
2022  62  30210 GPS  -2267807.019  5009351.883  3221003.156
2022  62  30211 GPS  -2267807.024  5009351.886  3221003.156
2022  62  30212 GPS  -2267807.031  5009351.894  3221003.158
2022  62  30213 GPS  -2267807.032  5009351.896  3221003.156
2022  62  30214 GPS  -2267807.036  5009351.891  3221003.151
2022  62  30215 GPS  -2267807.036  5009351.896  3221003.150
2022  62  30216 GPS  -2267807.035  5009351.900  3221003.152
2022  62  30217 GPS  -2267807.033  5009351.896  3221003.151
2022  62  30218 GPS  -2267807.035  5009351.901  3221003.150
2022  62  30219 GPS  -2267807.034  5009351.902  3221003.149
2022  62  30220 GPS  -2267807.028  5009351.890  3221003.142
2022  62  30221 GPS  -2267807.023  5009351.874  3221003.135
2022  62  30222 GPS  -2267807.021  5009351.868  3221003.137
2022  62  30223 GPS  -2267807.026  5009351.865  3221003.139
2022  62  30224 GPS  -2267807.032  5009351.869  3221003.143
2022  62  30225 GPS  -2267807.038  5009351.873  3221003.149
2022  62  30226 GPS  -2267807.041  5009351.871  3221003.151
2022  62  30227 GPS  -2267807.043  5009351.869  3221003.154
2022  62  30228 GPS  -2267807.046  5009351.872  3221003.158
2022  62  30229 GPS  -2267807.046  5009351.871  3221003.162
2022  62  30230 GPS  -2267807.046  5009351.879  3221003.171
2022  62  30231 GPS  -2267807.048  5009351.892  3221003.182
2022  62  30232 GPS  -2267807.045  5009351.896  3221003.186
2022  62  30233 GPS  -2267807.047  5009351.908  3221003.192
2022  62  30234 GPS  -2267807.052  5009351.925  3221003.200
2022  62  30235 GPS  -2267807.051  5009351.935  3221003.207
2022  62  30236 GPS  -2267807.053  5009351.937  3221003.209
2022  62  30237 GPS  -2267807.058  5009351.939  3221003.215
2022  62  30238 GPS  -2267807.053  5009351.936  3221003.220
2022  62  30239 GPS  -2267807.049  5009351.940  3221003.222
2022  62  30240 GPS  -2267807.049  5009351.941  3221003.229
2022  62  30241 GPS  -2267807.053  5009351.947  3221003.237
2022  62  30242 GPS  -2267807.058  5009351.951  3221003.243
2022  62  30243 GPS  -2267807.060  5009351.948  3221003.249
2022  62  30244 GPS  -2267807.066  5009351.945  3221003.252
2022  62  30245 GPS  -2267807.071  5009351.944  3221003.251
2022  62  30246 GPS  -2267807.076  5009351.950  3221003.256
2022  62  30247 GPS  -2267807.078  5009351.950  3221003.256
2022  62  30248 GPS  -2267807.072  5009351.951  3221003.257
2022  62  30249 GPS  -2267807.067  5009351.950  3221003.263
2022  62  30250 GPS  -2267807.067  5009351.948  3221003.267
2022  62  30251 GPS  -2267807.067  5009351.952  3221003.268
2022  62  30252 GPS  -2267807.065  5009351.947  3221003.266
2022  62  30253 GPS  -2267807.068  5009351.949  3221003.265
2022  62  30254 GPS  -2267807.072  5009351.952  3221003.266
2022  62  30255 GPS  -2267807.077  5009351.958  3221003.268
2022  62  30256 GPS  -2267807.075  5009351.955  3221003.269
2022  62  30257 GPS  -2267807.074  5009351.953  3221003.265
2022  62  30258 GPS  -2267807.068  5009351.949  3221003.259
2022  62  30259 GPS  -2267807.062  5009351.939  3221003.253
2022  62  30260 GPS  -2267807.066  5009351.942  3221003.252
2022  62  30261 GPS  -2267807.069  5009351.943  3221003.248
2022  62  30262 GPS  -2267807.067  5009351.933  3221003.241
2022  62  30263 GPS  -2267807.062  5009351.922  3221003.235
2022  62  30264 GPS  -2267807.061  5009351.923  3221003.232
2022  62  30265 GPS  -2267807.065  5009351.923  3221003.226
2022  62  30266 GPS  -2267807.066  5009351.922  3221003.222
2022  62  30267 GPS  -2267807.067  5009351.918  3221003.216
2022  62  30268 GPS  -2267807.066  5009351.913  3221003.212
2022  62  30269 GPS  -2267807.067  5009351.902  3221003.209
2022  62  30270 GPS  -2267807.064  5009351.889  3221003.207
2022  62  30271 GPS  -2267807.067  5009351.881  3221003.207
2022  62  30272 GPS  -2267807.063  5009351.877  3221003.206
2022  62  30273 GPS  -2267807.058  5009351.867  3221003.204
2022  62  30274 GPS  -2267807.056  5009351.864  3221003.207
2022  62  30275 GPS  -2267807.053  5009351.852  3221003.201
2022  62  30276 GPS  -2267807.050  5009351.843  3221003.196
2022  62  30277 GPS  -2267807.049  5009351.839  3221003.196
2022  62  30278 GPS  -2267807.050  5009351.836  3221003.192
2022  62  30279 GPS  -2267807.048  5009351.837  3221003.190
2022  62  30280 GPS  -2267807.046  5009351.834  3221003.186
2022  62  30281 GPS  -2267807.044  5009351.836  3221003.189
2022  62  30282 GPS  -2267807.039  5009351.834  3221003.191
2022  62  30283 GPS  -2267807.032  5009351.825  3221003.187
2022  62  30284 GPS  -2267807.031  5009351.829  3221003.189
2022  62  30285 GPS  -2267807.030  5009351.830  3221003.189
2022  62  30286 GPS  -2267807.028  5009351.829  3221003.193
2022  62  30287 GPS  -2267807.032  5009351.840  3221003.197
2022  62  30288 GPS  -2267807.039  5009351.857  3221003.201
2022  62  30289 GPS  -2267807.038  5009351.861  3221003.203
2022  62  30290 GPS  -2267807.032  5009351.856  3221003.198
2022  62  30291 GPS  -2267807.027  5009351.851  3221003.193
2022  62  30292 GPS  -2267807.021  5009351.840  3221003.177
2022  62  30293 GPS  -2267807.013  5009351.831  3221003.167
2022  62  30294 GPS  -2267807.007  5009351.824  3221003.157
2022  62  30295 GPS  -2267807.001  5009351.812  3221003.146
2022  62  30296 GPS  -2267806.990  5009351.800  3221003.134
2022  62  30297 GPS  -2267806.983  5009351.792  3221003.128
2022  62  30298 GPS  -2267806.978  5009351.794  3221003.128
2022  62  30299 GPS  -2267806.972  5009351.791  3221003.125
2022  62  30300 GPS  -2267806.963  5009351.786  3221003.121
2022  62  30301 GPS  -2267806.951  5009351.780  3221003.119
2022  62  30302 GPS  -2267806.941  5009351.767  3221003.112
2022  62  30303 GPS  -2267806.932  5009351.758  3221003.104
2022  62  30304 GPS  -2267806.921  5009351.746  3221003.098
2022  62  30305 GPS  -2267806.915  5009351.741  3221003.093
2022  62  30306 GPS  -2267806.908  5009351.739  3221003.091
2022  62  30307 GPS  -2267806.901  5009351.728  3221003.078
2022  62  30308 GPS  -2267806.889  5009351.724  3221003.070
2022  62  30309 GPS  -2267806.876  5009351.711  3221003.059
2022  62  30310 GPS  -2267806.863  5009351.699  3221003.053
2022  62  30311 GPS  -2267806.855  5009351.695  3221003.051
2022  62  30312 GPS  -2267806.846  5009351.692  3221003.045
2022  62  30313 GPS  -2267806.837  5009351.684  3221003.040
2022  62  30314 GPS  -2267806.827  5009351.672  3221003.037
2022  62  30315 GPS  -2267806.817  5009351.665  3221003.034
2022  62  30316 GPS  -2267806.812  5009351.660  3221003.027
2022  62  30317 GPS  -2267806.808  5009351.662  3221003.023
2022  62  30318 GPS  -2267806.802  5009351.655  3221003.012
2022  62  30319 GPS  -2267806.795  5009351.645  3221003.003
2022  62  30320 GPS  -2267806.790  5009351.643  3221003.002
2022  62  30321 GPS  -2267806.785  5009351.642  3221003.002
2022  62  30322 GPS  -2267806.776  5009351.640  3221003.001
2022  62  30323 GPS  -2267806.770  5009351.639  3221002.999
2022  62  30324 GPS  -2267806.770  5009351.644  3221003.001
2022  62  30325 GPS  -2267806.767  5009351.651  3221003.004
2022  62  30326 GPS  -2267806.767  5009351.651  3221003.005
2022  62  30327 GPS  -2267806.769  5009351.658  3221003.010
2022  62  30328 GPS  -2267806.770  5009351.664  3221003.017
2022  62  30329 GPS  -2267806.772  5009351.659  3221003.013
2022  62  30330 GPS  -2267806.771  5009351.656  3221003.010
2022  62  30331 GPS  -2267806.771  5009351.651  3221003.006
2022  62  30332 GPS  -2267806.766  5009351.647  3221003.006
2022  62  30333 GPS  -2267806.764  5009351.642  3221003.005
2022  62  30334 GPS  -2267806.764  5009351.640  3221003.007
2022  62  30335 GPS  -2267806.763  5009351.635  3221003.006
2022  62  30336 GPS  -2267806.763  5009351.636  3221003.011
2022  62  30337 GPS  -2267806.765  5009351.638  3221003.017
2022  62  30338 GPS  -2267806.763  5009351.635  3221003.021
2022  62  30339 GPS  -2267806.760  5009351.637  3221003.027
2022  62  30340 GPS  -2267806.758  5009351.643  3221003.034
2022  62  30341 GPS  -2267806.758  5009351.639  3221003.038
2022  62  30342 GPS  -2267806.759  5009351.641  3221003.041
2022  62  30343 GPS  -2267806.763  5009351.647  3221003.044
2022  62  30344 GPS  -2267806.765  5009351.651  3221003.045
2022  62  30345 GPS  -2267806.762  5009351.650  3221003.048
2022  62  30346 GPS  -2267806.760  5009351.653  3221003.051
2022  62  30347 GPS  -2267806.762  5009351.648  3221003.052
2022  62  30348 GPS  -2267806.755  5009351.646  3221003.049
2022  62  30349 GPS  -2267806.752  5009351.646  3221003.054
2022  62  30350 GPS  -2267806.753  5009351.650  3221003.060
2022  62  30351 GPS  -2267806.749  5009351.648  3221003.066
2022  62  30352 GPS  -2267806.746  5009351.644  3221003.070
2022  62  30353 GPS  -2267806.746  5009351.642  3221003.073
2022  62  30354 GPS  -2267806.751  5009351.651  3221003.082
2022  62  30355 GPS  -2267806.754  5009351.655  3221003.085
2022  62  30356 GPS  -2267806.757  5009351.656  3221003.083
2022  62  30357 GPS  -2267806.755  5009351.659  3221003.078
2022  62  30358 GPS  -2267806.755  5009351.669  3221003.078
2022  62  30359 GPS  -2267806.754  5009351.661  3221003.069
2022  62  30360 GPS  -2267806.746  5009351.659  3221003.057
2022  62  30361 GPS  -2267806.741  5009351.657  3221003.048
2022  62  30362 GPS  -2267806.741  5009351.654  3221003.037
2022  62  30363 GPS  -2267806.743  5009351.652  3221003.027
2022  62  30364 GPS  -2267806.748  5009351.654  3221003.016
2022  62  30365 GPS  -2267806.748  5009351.657  3221003.007
2022  62  30366 GPS  -2267806.746  5009351.657  3221002.996
2022  62  30367 GPS  -2267806.745  5009351.657  3221002.986
2022  62  30368 GPS  -2267806.743  5009351.654  3221002.975
2022  62  30369 GPS  -2267806.741  5009351.652  3221002.962
2022  62  30370 GPS  -2267806.744  5009351.654  3221002.957
2022  62  30371 GPS  -2267806.744  5009351.654  3221002.949
2022  62  30372 GPS  -2267806.739  5009351.651  3221002.935
2022  62  30373 GPS  -2267806.738  5009351.652  3221002.926
2022  62  30374 GPS  -2267806.737  5009351.653  3221002.923
2022  62  30375 GPS  -2267806.740  5009351.649  3221002.919
2022  62  30376 GPS  -2267806.741  5009351.645  3221002.914
2022  62  30377 GPS  -2267806.742  5009351.640  3221002.917
2022  62  30378 GPS  -2267806.742  5009351.641  3221002.918
2022  62  30379 GPS  -2267806.744  5009351.642  3221002.920
2022  62  30380 GPS  -2267806.747  5009351.634  3221002.920
2022  62  30381 GPS  -2267806.751  5009351.633  3221002.917
2022  62  30382 GPS  -2267806.750  5009351.628  3221002.919
2022  62  30383 GPS  -2267806.745  5009351.611  3221002.910
2022  62  30384 GPS  -2267806.742  5009351.597  3221002.902
2022  62  30385 GPS  -2267806.735  5009351.579  3221002.895
2022  62  30386 GPS  -2267806.731  5009351.561  3221002.882
2022  62  30387 GPS  -2267806.729  5009351.548  3221002.873
2022  62  30388 GPS  -2267806.724  5009351.540  3221002.865
2022  62  30389 GPS  -2267806.717  5009351.525  3221002.858
2022  62  30390 GPS  -2267806.706  5009351.506  3221002.848
2022  62  30391 GPS  -2267806.698  5009351.488  3221002.842
2022  62  30392 GPS  -2267806.693  5009351.468  3221002.830
2022  62  30393 GPS  -2267806.694  5009351.457  3221002.820
2022  62  30394 GPS  -2267806.694  5009351.446  3221002.817
2022  62  30395 GPS  -2267806.693  5009351.438  3221002.813
2022  62  30396 GPS  -2267806.693  5009351.430  3221002.812
2022  62  30397 GPS  -2267806.691  5009351.421  3221002.809
2022  62  30398 GPS  -2267806.689  5009351.403  3221002.800
2022  62  30399 GPS  -2267806.685  5009351.386  3221002.790
2022  62  30400 GPS  -2267806.684  5009351.373  3221002.779
2022  62  30401 GPS  -2267806.680  5009351.363  3221002.776
2022  62  30402 GPS  -2267806.671  5009351.352  3221002.771
2022  62  30403 GPS  -2267806.661  5009351.348  3221002.772
2022  62  30404 GPS  -2267806.659  5009351.344  3221002.761
2022  62  30405 GPS  -2267806.657  5009351.345  3221002.755
2022  62  30406 GPS  -2267806.659  5009351.344  3221002.753
2022  62  30407 GPS  -2267806.662  5009351.334  3221002.746
2022  62  30408 GPS  -2267806.658  5009351.327  3221002.741
2022  62  30409 GPS  -2267806.662  5009351.333  3221002.740
2022  62  30410 GPS  -2267806.660  5009351.337  3221002.738
2022  62  30411 GPS  -2267806.659  5009351.349  3221002.738
2022  62  30412 GPS  -2267806.654  5009351.364  3221002.745
2022  62  30413 GPS  -2267806.651  5009351.379  3221002.752
2022  62  30414 GPS  -2267806.653  5009351.387  3221002.754
2022  62  30415 GPS  -2267806.650  5009351.391  3221002.752
2022  62  30416 GPS  -2267806.647  5009351.402  3221002.751
2022  62  30417 GPS  -2267806.646  5009351.410  3221002.747
2022  62  30418 GPS  -2267806.648  5009351.412  3221002.741
2022  62  30419 GPS  -2267806.644  5009351.410  3221002.734
2022  62  30420 GPS  -2267806.639  5009351.406  3221002.729
2022  62  30421 GPS  -2267806.640  5009351.411  3221002.730
2022  62  30422 GPS  -2267806.642  5009351.419  3221002.734
2022  62  30423 GPS  -2267806.645  5009351.418  3221002.735
2022  62  30424 GPS  -2267806.652  5009351.418  3221002.734
2022  62  30425 GPS  -2267806.658  5009351.421  3221002.731
2022  62  30426 GPS  -2267806.664  5009351.423  3221002.726
2022  62  30427 GPS  -2267806.669  5009351.424  3221002.720
2022  62  30428 GPS  -2267806.666  5009351.427  3221002.719
2022  62  30429 GPS  -2267806.664  5009351.416  3221002.715
2022  62  30430 GPS  -2267806.660  5009351.410  3221002.707
2022  62  30431 GPS  -2267806.657  5009351.401  3221002.697
2022  62  30432 GPS  -2267806.662  5009351.400  3221002.698
2022  62  30433 GPS  -2267806.662  5009351.393  3221002.693
2022  62  30434 GPS  -2267806.664  5009351.388  3221002.684
2022  62  30435 GPS  -2267806.663  5009351.391  3221002.680
2022  62  30436 GPS  -2267806.662  5009351.389  3221002.671
2022  62  30437 GPS  -2267806.659  5009351.377  3221002.666
2022  62  30438 GPS  -2267806.654  5009351.371  3221002.662
2022  62  30439 GPS  -2267806.654  5009351.372  3221002.658
2022  62  30440 GPS  -2267806.657  5009351.374  3221002.657
2022  62  30441 GPS  -2267806.654  5009351.377  3221002.656
2022  62  30442 GPS  -2267806.653  5009351.374  3221002.656
2022  62  30443 GPS  -2267806.651  5009351.365  3221002.650
2022  62  30444 GPS  -2267806.647  5009351.351  3221002.648
2022  62  30445 GPS  -2267806.649  5009351.345  3221002.646
2022  62  30446 GPS  -2267806.648  5009351.343  3221002.647
2022  62  30447 GPS  -2267806.646  5009351.337  3221002.643
2022  62  30448 GPS  -2267806.649  5009351.335  3221002.641
2022  62  30449 GPS  -2267806.645  5009351.334  3221002.644
2022  62  30450 GPS  -2267806.642  5009351.329  3221002.642
2022  62  30451 GPS  -2267806.634  5009351.316  3221002.635
2022  62  30452 GPS  -2267806.630  5009351.306  3221002.630
2022  62  30453 GPS  -2267806.628  5009351.294  3221002.625
2022  62  30454 GPS  -2267806.632  5009351.293  3221002.620
2022  62  30455 GPS  -2267806.635  5009351.292  3221002.620
2022  62  30456 GPS  -2267806.637  5009351.296  3221002.622
2022  62  30457 GPS  -2267806.639  5009351.301  3221002.619
2022  62  30458 GPS  -2267806.644  5009351.310  3221002.622
2022  62  30459 GPS  -2267806.652  5009351.325  3221002.630
2022  62  30460 GPS  -2267806.659  5009351.337  3221002.641
2022  62  30461 GPS  -2267806.659  5009351.336  3221002.641
2022  62  30462 GPS  -2267806.665  5009351.343  3221002.646
2022  62  30463 GPS  -2267806.673  5009351.352  3221002.655
2022  62  30464 GPS  -2267806.685  5009351.364  3221002.660
2022  62  30465 GPS  -2267806.690  5009351.369  3221002.663
2022  62  30466 GPS  -2267806.701  5009351.380  3221002.675
2022  62  30467 GPS  -2267806.709  5009351.391  3221002.685
2022  62  30468 GPS  -2267806.714  5009351.399  3221002.692
2022  62  30469 GPS  -2267806.719  5009351.402  3221002.695
2022  62  30470 GPS  -2267806.722  5009351.407  3221002.700
2022  62  30471 GPS  -2267806.724  5009351.416  3221002.711
2022  62  30472 GPS  -2267806.730  5009351.430  3221002.725
2022  62  30473 GPS  -2267806.732  5009351.439  3221002.734
2022  62  30474 GPS  -2267806.726  5009351.439  3221002.738
2022  62  30475 GPS  -2267806.724  5009351.435  3221002.744
2022  62  30476 GPS  -2267806.720  5009351.435  3221002.743
2022  62  30477 GPS  -2267806.718  5009351.427  3221002.742
2022  62  30478 GPS  -2267806.716  5009351.422  3221002.744
2022  62  30479 GPS  -2267806.714  5009351.416  3221002.747
2022  62  30480 GPS  -2267806.705  5009351.399  3221002.740
2022  62  30481 GPS  -2267806.702  5009351.382  3221002.735
2022  62  30482 GPS  -2267806.695  5009351.361  3221002.728
2022  62  30483 GPS  -2267806.689  5009351.342  3221002.719
2022  62  30484 GPS  -2267806.680  5009351.324  3221002.713
2022  62  30485 GPS  -2267806.673  5009351.312  3221002.708
2022  62  30486 GPS  -2267806.663  5009351.302  3221002.701
2022  62  30487 GPS  -2267806.653  5009351.291  3221002.694
2022  62  30488 GPS  -2267806.645  5009351.284  3221002.694
2022  62  30489 GPS  -2267806.640  5009351.279  3221002.694
2022  62  30490 GPS  -2267806.638  5009351.278  3221002.695
2022  62  30491 GPS  -2267806.637  5009351.271  3221002.692
2022  62  30492 GPS  -2267806.640  5009351.274  3221002.696
2022  62  30493 GPS  -2267806.636  5009351.272  3221002.699
2022  62  30494 GPS  -2267806.637  5009351.274  3221002.705
2022  62  30495 GPS  -2267806.639  5009351.278  3221002.712
2022  62  30496 GPS  -2267806.642  5009351.279  3221002.713
2022  62  30497 GPS  -2267806.647  5009351.285  3221002.718
2022  62  30498 GPS  -2267806.649  5009351.293  3221002.722
2022  62  30499 GPS  -2267806.648  5009351.288  3221002.717
2022  62  30500 GPS  -2267806.651  5009351.293  3221002.721
2022  62  30501 GPS  -2267806.650  5009351.294  3221002.721
2022  62  30502 GPS  -2267806.654  5009351.303  3221002.726
2022  62  30503 GPS  -2267806.653  5009351.311  3221002.728
2022  62  30504 GPS  -2267806.653  5009351.320  3221002.733
2022  62  30505 GPS  -2267806.655  5009351.334  3221002.740
2022  62  30506 GPS  -2267806.659  5009351.350  3221002.751
2022  62  30507 GPS  -2267806.662  5009351.362  3221002.756
2022  62  30508 GPS  -2267806.663  5009351.379  3221002.766
2022  62  30509 GPS  -2267806.667  5009351.389  3221002.770
2022  62  30510 GPS  -2267806.671  5009351.395  3221002.773
2022  62  30511 GPS  -2267806.672  5009351.397  3221002.772
2022  62  30512 GPS  -2267806.675  5009351.408  3221002.775
2022  62  30513 GPS  -2267806.672  5009351.412  3221002.772
2022  62  30514 GPS  -2267806.674  5009351.421  3221002.771
2022  62  30515 GPS  -2267806.671  5009351.422  3221002.766
2022  62  30516 GPS  -2267806.673  5009351.426  3221002.766
2022  62  30517 GPS  -2267806.675  5009351.429  3221002.769
2022  62  30518 GPS  -2267806.677  5009351.430  3221002.771
2022  62  30519 GPS  -2267806.679  5009351.436  3221002.773
2022  62  30520 GPS  -2267806.680  5009351.447  3221002.781
2022  62  30521 GPS  -2267806.680  5009351.459  3221002.788
2022  62  30522 GPS  -2267806.677  5009351.465  3221002.797
2022  62  30523 GPS  -2267806.675  5009351.469  3221002.804
2022  62  30524 GPS  -2267806.669  5009351.466  3221002.806
2022  62  30525 GPS  -2267806.667  5009351.463  3221002.808
2022  62  30526 GPS  -2267806.664  5009351.461  3221002.803
2022  62  30527 GPS  -2267806.658  5009351.455  3221002.798
2022  62  30528 GPS  -2267806.651  5009351.457  3221002.804
2022  62  30529 GPS  -2267806.648  5009351.467  3221002.810
2022  62  30530 GPS  -2267806.645  5009351.473  3221002.814
2022  62  30531 GPS  -2267806.639  5009351.466  3221002.816
2022  62  30532 GPS  -2267806.636  5009351.463  3221002.817
2022  62  30533 GPS  -2267806.635  5009351.468  3221002.821
2022  62  30534 GPS  -2267806.629  5009351.470  3221002.820
2022  62  30535 GPS  -2267806.626  5009351.472  3221002.818
2022  62  30536 GPS  -2267806.624  5009351.476  3221002.819
2022  62  30537 GPS  -2267806.625  5009351.480  3221002.820
2022  62  30538 GPS  -2267806.624  5009351.490  3221002.827
2022  62  30539 GPS  -2267806.617  5009351.489  3221002.828
2022  62  30540 GPS  -2267806.618  5009351.489  3221002.831
2022  62  30541 GPS  -2267806.616  5009351.487  3221002.835
2022  62  30542 GPS  -2267806.613  5009351.485  3221002.835
2022  62  30543 GPS  -2267806.610  5009351.483  3221002.835
2022  62  30544 GPS  -2267806.606  5009351.477  3221002.835
2022  62  30545 GPS  -2267806.607  5009351.478  3221002.839
2022  62  30546 GPS  -2267806.607  5009351.475  3221002.840
2022  62  30547 GPS  -2267806.613  5009351.479  3221002.844
2022  62  30548 GPS  -2267806.617  5009351.483  3221002.847
2022  62  30549 GPS  -2267806.615  5009351.487  3221002.853
2022  62  30550 GPS  -2267806.613  5009351.496  3221002.857
2022  62  30551 GPS  -2267806.615  5009351.501  3221002.858
2022  62  30552 GPS  -2267806.616  5009351.511  3221002.860
2022  62  30553 GPS  -2267806.613  5009351.519  3221002.858
2022  62  30554 GPS  -2267806.614  5009351.523  3221002.859
2022  62  30555 GPS  -2267806.614  5009351.518  3221002.851
2022  62  30556 GPS  -2267806.614  5009351.519  3221002.851
2022  62  30557 GPS  -2267806.608  5009351.514  3221002.846
2022  62  30558 GPS  -2267806.607  5009351.517  3221002.850
2022  62  30559 GPS  -2267806.606  5009351.514  3221002.845
2022  62  30560 GPS  -2267806.600  5009351.517  3221002.849
2022  62  30561 GPS  -2267806.600  5009351.514  3221002.855
2022  62  30562 GPS  -2267806.599  5009351.507  3221002.860
2022  62  30563 GPS  -2267806.596  5009351.500  3221002.858
2022  62  30564 GPS  -2267806.590  5009351.498  3221002.857
2022  62  30565 GPS  -2267806.588  5009351.495  3221002.860
2022  62  30566 GPS  -2267806.579  5009351.485  3221002.857
2022  62  30567 GPS  -2267806.573  5009351.481  3221002.860
2022  62  30568 GPS  -2267806.572  5009351.482  3221002.865
2022  62  30569 GPS  -2267806.567  5009351.477  3221002.868
2022  62  30570 GPS  -2267806.556  5009351.463  3221002.867
2022  62  30571 GPS  -2267806.548  5009351.453  3221002.867
2022  62  30572 GPS  -2267806.536  5009351.439  3221002.867
2022  62  30573 GPS  -2267806.525  5009351.426  3221002.866
2022  62  30574 GPS  -2267806.522  5009351.423  3221002.870
2022  62  30575 GPS  -2267806.515  5009351.421  3221002.870
2022  62  30576 GPS  -2267806.506  5009351.415  3221002.870
2022  62  30577 GPS  -2267806.498  5009351.406  3221002.867
2022  62  30578 GPS  -2267806.491  5009351.402  3221002.867
2022  62  30579 GPS  -2267806.491  5009351.404  3221002.871
2022  62  30580 GPS  -2267806.491  5009351.408  3221002.876
2022  62  30581 GPS  -2267806.489  5009351.411  3221002.881
2022  62  30582 GPS  -2267806.483  5009351.412  3221002.881
2022  62  30583 GPS  -2267806.483  5009351.416  3221002.880
2022  62  30584 GPS  -2267806.482  5009351.413  3221002.876
2022  62  30585 GPS  -2267806.481  5009351.409  3221002.874
2022  62  30586 GPS  -2267806.483  5009351.406  3221002.875
2022  62  30587 GPS  -2267806.481  5009351.391  3221002.870
2022  62  30588 GPS  -2267806.480  5009351.381  3221002.862
2022  62  30589 GPS  -2267806.482  5009351.380  3221002.860
2022  62  30590 GPS  -2267806.482  5009351.380  3221002.860
2022  62  30591 GPS  -2267806.482  5009351.379  3221002.855
2022  62  30592 GPS  -2267806.485  5009351.389  3221002.863
2022  62  30593 GPS  -2267806.485  5009351.379  3221002.852
2022  62  30594 GPS  -2267806.490  5009351.383  3221002.848
2022  62  30595 GPS  -2267806.486  5009351.381  3221002.844
2022  62  30596 GPS  -2267806.485  5009351.384  3221002.839
2022  62  30597 GPS  -2267806.487  5009351.385  3221002.836
2022  62  30598 GPS  -2267806.484  5009351.385  3221002.832
2022  62  30599 GPS  -2267806.483  5009351.379  3221002.825
2022  62  30600 GPS  -2267806.483  5009351.381  3221002.821
2022  62  30601 GPS  -2267806.479  5009351.376  3221002.813
2022  62  30602 GPS  -2267806.476  5009351.374  3221002.807
2022  62  30603 GPS  -2267806.472  5009351.366  3221002.806
2022  62  30604 GPS  -2267806.476  5009351.374  3221002.810
2022  62  30605 GPS  -2267806.479  5009351.378  3221002.813
2022  62  30606 GPS  -2267806.479  5009351.379  3221002.812
2022  62  30607 GPS  -2267806.480  5009351.374  3221002.812
2022  62  30608 GPS  -2267806.478  5009351.367  3221002.809
2022  62  30609 GPS  -2267806.484  5009351.370  3221002.811
2022  62  30610 GPS  -2267806.482  5009351.370  3221002.812
2022  62  30611 GPS  -2267806.483  5009351.366  3221002.812
2022  62  30612 GPS  -2267806.481  5009351.354  3221002.807
2022  62  30613 GPS  -2267806.478  5009351.343  3221002.802
2022  62  30614 GPS  -2267806.477  5009351.337  3221002.796
2022  62  30615 GPS  -2267806.479  5009351.340  3221002.798
2022  62  30616 GPS  -2267806.483  5009351.342  3221002.799
2022  62  30617 GPS  -2267806.491  5009351.351  3221002.805
2022  62  30618 GPS  -2267806.496  5009351.355  3221002.809
2022  62  30619 GPS  -2267806.501  5009351.362  3221002.816
2022  62  30620 GPS  -2267806.505  5009351.371  3221002.820
2022  62  30621 GPS  -2267806.511  5009351.387  3221002.827
2022  62  30622 GPS  -2267806.517  5009351.398  3221002.830
2022  62  30623 GPS  -2267806.519  5009351.399  3221002.826
2022  62  30624 GPS  -2267806.524  5009351.402  3221002.828
2022  62  30625 GPS  -2267806.529  5009351.407  3221002.833
2022  62  30626 GPS  -2267806.536  5009351.413  3221002.837
2022  62  30627 GPS  -2267806.538  5009351.409  3221002.838
2022  62  30628 GPS  -2267806.542  5009351.418  3221002.847
2022  62  30629 GPS  -2267806.546  5009351.423  3221002.851
2022  62  30630 GPS  -2267806.553  5009351.429  3221002.854
2022  62  30631 GPS  -2267806.562  5009351.437  3221002.863
2022  62  30632 GPS  -2267806.568  5009351.446  3221002.873
2022  62  30633 GPS  -2267806.566  5009351.447  3221002.878
2022  62  30634 GPS  -2267806.565  5009351.452  3221002.884
2022  62  30635 GPS  -2267806.565  5009351.452  3221002.884
2022  62  30636 GPS  -2267806.569  5009351.457  3221002.890
2022  62  30637 GPS  -2267806.571  5009351.459  3221002.891
2022  62  30638 GPS  -2267806.575  5009351.465  3221002.896
2022  62  30639 GPS  -2267806.578  5009351.469  3221002.899
2022  62  30640 GPS  -2267806.584  5009351.474  3221002.901
2022  62  30641 GPS  -2267806.587  5009351.485  3221002.906
2022  62  30642 GPS  -2267806.589  5009351.491  3221002.907
2022  62  30643 GPS  -2267806.593  5009351.496  3221002.908
2022  62  30644 GPS  -2267806.594  5009351.502  3221002.910
2022  62  30645 GPS  -2267806.598  5009351.507  3221002.912
2022  62  30646 GPS  -2267806.597  5009351.504  3221002.904
2022  62  30647 GPS  -2267806.601  5009351.506  3221002.906
2022  62  30648 GPS  -2267806.603  5009351.508  3221002.910
2022  62  30649 GPS  -2267806.605  5009351.510  3221002.916
2022  62  30650 GPS  -2267806.608  5009351.509  3221002.918
2022  62  30651 GPS  -2267806.612  5009351.513  3221002.921
2022  62  30652 GPS  -2267806.615  5009351.511  3221002.924
2022  62  30653 GPS  -2267806.626  5009351.507  3221002.925
2022  62  30654 GPS  -2267806.632  5009351.505  3221002.923
2022  62  30655 GPS  -2267806.635  5009351.503  3221002.921
2022  62  30656 GPS  -2267806.635  5009351.487  3221002.917
2022  62  30657 GPS  -2267806.637  5009351.485  3221002.922
2022  62  30658 GPS  -2267806.636  5009351.474  3221002.922
2022  62  30659 GPS  -2267806.636  5009351.460  3221002.914
2022  62  30660 GPS  -2267806.636  5009351.453  3221002.908
2022  62  30661 GPS  -2267806.629  5009351.439  3221002.905
2022  62  30662 GPS  -2267806.620  5009351.427  3221002.900
2022  62  30663 GPS  -2267806.619  5009351.424  3221002.901
2022  62  30664 GPS  -2267806.620  5009351.431  3221002.904
2022  62  30665 GPS  -2267806.623  5009351.440  3221002.910
2022  62  30666 GPS  -2267806.624  5009351.434  3221002.908
2022  62  30667 GPS  -2267806.622  5009351.424  3221002.903
2022  62  30668 GPS  -2267806.624  5009351.424  3221002.907
2022  62  30669 GPS  -2267806.625  5009351.424  3221002.910
2022  62  30670 GPS  -2267806.624  5009351.417  3221002.913
2022  62  30671 GPS  -2267806.624  5009351.414  3221002.915
2022  62  30672 GPS  -2267806.620  5009351.405  3221002.916
2022  62  30673 GPS  -2267806.623  5009351.408  3221002.922
2022  62  30674 GPS  -2267806.616  5009351.404  3221002.927
2022  62  30675 GPS  -2267806.612  5009351.404  3221002.932
2022  62  30676 GPS  -2267806.610  5009351.403  3221002.935
2022  62  30677 GPS  -2267806.613  5009351.407  3221002.934
2022  62  30678 GPS  -2267806.612  5009351.403  3221002.931
2022  62  30679 GPS  -2267806.608  5009351.395  3221002.928
2022  62  30680 GPS  -2267806.607  5009351.395  3221002.922
2022  62  30681 GPS  -2267806.603  5009351.386  3221002.919
2022  62  30682 GPS  -2267806.599  5009351.374  3221002.920
2022  62  30683 GPS  -2267806.595  5009351.366  3221002.921
2022  62  30684 GPS  -2267806.598  5009351.362  3221002.920
2022  62  30685 GPS  -2267806.594  5009351.356  3221002.921
2022  62  30686 GPS  -2267806.592  5009351.359  3221002.923
2022  62  30687 GPS  -2267806.592  5009351.363  3221002.924
2022  62  30688 GPS  -2267806.596  5009351.365  3221002.927
2022  62  30689 GPS  -2267806.599  5009351.370  3221002.928
2022  62  30690 GPS  -2267806.602  5009351.368  3221002.928
2022  62  30691 GPS  -2267806.600  5009351.363  3221002.930
2022  62  30692 GPS  -2267806.600  5009351.355  3221002.918
2022  62  30693 GPS  -2267806.600  5009351.352  3221002.915
2022  62  30694 GPS  -2267806.601  5009351.349  3221002.910
2022  62  30695 GPS  -2267806.603  5009351.343  3221002.902
2022  62  30696 GPS  -2267806.600  5009351.331  3221002.891
2022  62  30697 GPS  -2267806.597  5009351.319  3221002.887
2022  62  30698 GPS  -2267806.596  5009351.310  3221002.883
2022  62  30699 GPS  -2267806.594  5009351.308  3221002.878
2022  62  30700 GPS  -2267806.589  5009351.304  3221002.875
2022  62  30701 GPS  -2267806.585  5009351.304  3221002.869
2022  62  30702 GPS  -2267806.579  5009351.299  3221002.865
2022  62  30703 GPS  -2267806.578  5009351.297  3221002.862
2022  62  30704 GPS  -2267806.569  5009351.286  3221002.854
2022  62  30705 GPS  -2267806.567  5009351.278  3221002.845
2022  62  30706 GPS  -2267806.567  5009351.282  3221002.842
2022  62  30707 GPS  -2267806.564  5009351.280  3221002.837
2022  62  30708 GPS  -2267806.564  5009351.282  3221002.834
2022  62  30709 GPS  -2267806.555  5009351.286  3221002.829
2022  62  30710 GPS  -2267806.551  5009351.293  3221002.827
2022  62  30711 GPS  -2267806.544  5009351.288  3221002.820
2022  62  30712 GPS  -2267806.543  5009351.289  3221002.812
2022  62  30713 GPS  -2267806.541  5009351.297  3221002.809
2022  62  30714 GPS  -2267806.538  5009351.306  3221002.808
2022  62  30715 GPS  -2267806.534  5009351.311  3221002.810
2022  62  30716 GPS  -2267806.530  5009351.314  3221002.808
2022  62  30717 GPS  -2267806.530  5009351.317  3221002.804
2022  62  30718 GPS  -2267806.660  5009351.444  3221002.895
2022  62  30719 GPS  -2267806.662  5009351.447  3221002.897
2022  62  30720 GPS  -2267806.664  5009351.454  3221002.901
2022  62  30721 GPS  -2267806.669  5009351.462  3221002.904
2022  62  30722 GPS  -2267806.669  5009351.474  3221002.906
2022  62  30723 GPS  -2267806.667  5009351.483  3221002.910
2022  62  30724 GPS  -2267806.668  5009351.491  3221002.913
2022  62  30725 GPS  -2267806.673  5009351.502  3221002.919
2022  62  30726 GPS  -2267806.672  5009351.504  3221002.920
2022  62  30727 GPS  -2267806.669  5009351.498  3221002.918
2022  62  30728 GPS  -2267806.664  5009351.491  3221002.913
2022  62  30729 GPS  -2267806.666  5009351.490  3221002.910
2022  62  30730 GPS  -2267806.668  5009351.498  3221002.915
2022  62  30731 GPS  -2267806.660  5009351.489  3221002.909
2022  62  30732 GPS  -2267806.658  5009351.487  3221002.911
2022  62  30733 GPS  -2267806.656  5009351.491  3221002.915
2022  62  30734 GPS  -2267806.651  5009351.491  3221002.913
2022  62  30735 GPS  -2267806.649  5009351.486  3221002.913
2022  62  30736 GPS  -2267806.644  5009351.477  3221002.915
2022  62  30737 GPS  -2267806.639  5009351.470  3221002.911
2022  62  30738 GPS  -2267806.641  5009351.466  3221002.910
2022  62  30739 GPS  -2267806.636  5009351.455  3221002.904
2022  62  30740 GPS  -2267806.637  5009351.445  3221002.898
2022  62  30741 GPS  -2267806.634  5009351.434  3221002.893
2022  62  30742 GPS  -2267806.629  5009351.424  3221002.887
2022  62  30743 GPS  -2267806.628  5009351.411  3221002.880
2022  62  30744 GPS  -2267806.629  5009351.408  3221002.878
2022  62  30745 GPS  -2267806.626  5009351.395  3221002.871
2022  62  30746 GPS  -2267806.623  5009351.374  3221002.862
2022  62  30747 GPS  -2267806.624  5009351.365  3221002.857
2022  62  30748 GPS  -2267806.624  5009351.357  3221002.847
2022  62  30749 GPS  -2267806.623  5009351.349  3221002.840
2022  62  30750 GPS  -2267806.623  5009351.347  3221002.837
2022  62  30751 GPS  -2267806.625  5009351.340  3221002.829
2022  62  30752 GPS  -2267806.626  5009351.343  3221002.828
2022  62  30753 GPS  -2267806.628  5009351.343  3221002.827
2022  62  30754 GPS  -2267806.624  5009351.347  3221002.820
2022  62  30755 GPS  -2267806.620  5009351.345  3221002.811
2022  62  30756 GPS  -2267806.624  5009351.346  3221002.809
2022  62  30757 GPS  -2267806.624  5009351.342  3221002.801
2022  62  30758 GPS  -2267806.619  5009351.342  3221002.799
2022  62  30759 GPS  -2267806.617  5009351.344  3221002.798
2022  62  30760 GPS  -2267806.618  5009351.351  3221002.795
2022  62  30761 GPS  -2267806.625  5009351.363  3221002.801
2022  62  30762 GPS  -2267806.628  5009351.371  3221002.799
2022  62  30763 GPS  -2267806.631  5009351.383  3221002.801
2022  62  30764 GPS  -2267806.632  5009351.397  3221002.804
2022  62  30765 GPS  -2267806.634  5009351.406  3221002.806
2022  62  30766 GPS  -2267806.634  5009351.411  3221002.803
2022  62  30767 GPS  -2267806.632  5009351.415  3221002.803
2022  62  30768 GPS  -2267806.633  5009351.429  3221002.808
2022  62  30769 GPS  -2267806.628  5009351.435  3221002.809
2022  62  30770 GPS  -2267806.621  5009351.442  3221002.811
2022  62  30771 GPS  -2267806.616  5009351.447  3221002.812
2022  62  30772 GPS  -2267806.613  5009351.450  3221002.808
2022  62  30773 GPS  -2267806.610  5009351.456  3221002.814
2022  62  30774 GPS  -2267806.613  5009351.468  3221002.818
2022  62  30775 GPS  -2267806.614  5009351.477  3221002.822
2022  62  30776 GPS  -2267806.614  5009351.472  3221002.821
2022  62  30777 GPS  -2267806.616  5009351.478  3221002.821
2022  62  30778 GPS  -2267806.619  5009351.482  3221002.821
2022  62  30779 GPS  -2267806.623  5009351.493  3221002.829
2022  62  30780 GPS  -2267806.620  5009351.502  3221002.836
2022  62  30781 GPS  -2267806.614  5009351.512  3221002.843
2022  62  30782 GPS  -2267806.616  5009351.520  3221002.845
2022  62  30783 GPS  -2267806.614  5009351.525  3221002.851
2022  62  30784 GPS  -2267806.608  5009351.516  3221002.847
2022  62  30785 GPS  -2267806.604  5009351.514  3221002.846
2022  62  30786 GPS  -2267806.609  5009351.523  3221002.846
2022  62  30787 GPS  -2267806.605  5009351.514  3221002.834
2022  62  30788 GPS  -2267806.607  5009351.507  3221002.830
2022  62  30789 GPS  -2267806.609  5009351.506  3221002.830
2022  62  30790 GPS  -2267806.618  5009351.510  3221002.830
2022  62  30791 GPS  -2267806.620  5009351.498  3221002.822
2022  62  30792 GPS  -2267806.622  5009351.491  3221002.814
2022  62  30793 GPS  -2267806.616  5009351.474  3221002.799
2022  62  30794 GPS  -2267806.612  5009351.456  3221002.784
2022  62  30795 GPS  -2267806.604  5009351.442  3221002.769
2022  62  30796 GPS  -2267806.599  5009351.431  3221002.761
2022  62  30797 GPS  -2267806.595  5009351.414  3221002.745
2022  62  30798 GPS  -2267806.593  5009351.404  3221002.733
2022  62  30799 GPS  -2267806.598  5009351.409  3221002.731
2022  62  30800 GPS  -2267806.601  5009351.406  3221002.728
2022  62  30801 GPS  -2267806.604  5009351.399  3221002.725
2022  62  30802 GPS  -2267806.600  5009351.389  3221002.719
2022  62  30803 GPS  -2267806.597  5009351.382  3221002.715
2022  62  30804 GPS  -2267806.594  5009351.383  3221002.716
2022  62  30805 GPS  -2267806.589  5009351.377  3221002.712
2022  62  30806 GPS  -2267806.585  5009351.366  3221002.705
2022  62  30807 GPS  -2267806.580  5009351.362  3221002.699
2022  62  30808 GPS  -2267806.577  5009351.360  3221002.700
2022  62  30809 GPS  -2267806.579  5009351.354  3221002.699
2022  62  30810 GPS  -2267806.575  5009351.357  3221002.701
2022  62  30811 GPS  -2267806.569  5009351.354  3221002.701
2022  62  30812 GPS  -2267806.564  5009351.347  3221002.695
2022  62  30813 GPS  -2267806.561  5009351.351  3221002.701
2022  62  30814 GPS  -2267806.560  5009351.350  3221002.701
2022  62  30815 GPS  -2267806.563  5009351.355  3221002.701
2022  62  30816 GPS  -2267806.559  5009351.353  3221002.703
2022  62  30817 GPS  -2267806.551  5009351.348  3221002.703
2022  62  30818 GPS  -2267806.548  5009351.358  3221002.713
2022  62  30819 GPS  -2267806.548  5009351.362  3221002.719
2022  62  30820 GPS  -2267806.549  5009351.375  3221002.727
2022  62  30821 GPS  -2267806.550  5009351.391  3221002.736
2022  62  30822 GPS  -2267806.551  5009351.407  3221002.740
2022  62  30823 GPS  -2267806.552  5009351.412  3221002.741
2022  62  30824 GPS  -2267806.551  5009351.418  3221002.741
2022  62  30825 GPS  -2267806.554  5009351.426  3221002.743
2022  62  30826 GPS  -2267806.551  5009351.427  3221002.742
2022  62  30827 GPS  -2267806.548  5009351.435  3221002.751
2022  62  30828 GPS  -2267806.541  5009351.439  3221002.749
2022  62  30829 GPS  -2267806.538  5009351.446  3221002.748
2022  62  30830 GPS  -2267806.539  5009351.448  3221002.749
2022  62  30831 GPS  -2267806.534  5009351.441  3221002.742
2022  62  30832 GPS  -2267806.534  5009351.442  3221002.741
2022  62  30833 GPS  -2267806.529  5009351.433  3221002.737
2022  62  30834 GPS  -2267806.531  5009351.431  3221002.737
2022  62  30835 GPS  -2267806.532  5009351.423  3221002.734
2022  62  30836 GPS  -2267806.530  5009351.412  3221002.725
2022  62  30837 GPS  -2267806.531  5009351.404  3221002.723
2022  62  30838 GPS  -2267806.531  5009351.391  3221002.716
2022  62  30839 GPS  -2267806.534  5009351.387  3221002.712
2022  62  30840 GPS  -2267806.530  5009351.381  3221002.710
2022  62  30841 GPS  -2267806.530  5009351.377  3221002.706
2022  62  30842 GPS  -2267806.524  5009351.377  3221002.708
2022  62  30843 GPS  -2267806.520  5009351.373  3221002.710
2022  62  30844 GPS  -2267806.519  5009351.370  3221002.710
2022  62  30845 GPS  -2267806.514  5009351.363  3221002.709
2022  62  30846 GPS  -2267806.516  5009351.359  3221002.711
2022  62  30847 GPS  -2267806.513  5009351.358  3221002.714
2022  62  30848 GPS  -2267806.513  5009351.358  3221002.716
2022  62  30849 GPS  -2267806.512  5009351.347  3221002.713
2022  62  30850 GPS  -2267806.506  5009351.335  3221002.713
2022  62  30851 GPS  -2267806.507  5009351.330  3221002.712
2022  62  30852 GPS  -2267806.504  5009351.323  3221002.712
2022  62  30853 GPS  -2267806.506  5009351.324  3221002.715
2022  62  30854 GPS  -2267806.502  5009351.325  3221002.718
2022  62  30855 GPS  -2267806.497  5009351.329  3221002.727
2022  62  30856 GPS  -2267806.495  5009351.331  3221002.730
2022  62  30857 GPS  -2267806.497  5009351.334  3221002.730
2022  62  30858 GPS  -2267806.498  5009351.340  3221002.730
2022  62  30859 GPS  -2267806.493  5009351.341  3221002.732
2022  62  30860 GPS  -2267806.490  5009351.350  3221002.737
2022  62  30861 GPS  -2267806.485  5009351.351  3221002.737
2022  62  30862 GPS  -2267806.480  5009351.353  3221002.736
2022  62  30863 GPS  -2267806.472  5009351.342  3221002.727
2022  62  30864 GPS  -2267806.464  5009351.330  3221002.726
2022  62  30865 GPS  -2267806.466  5009351.326  3221002.726
2022  62  30866 GPS  -2267806.465  5009351.323  3221002.728
2022  62  30867 GPS  -2267806.461  5009351.316  3221002.727
2022  62  30868 GPS  -2267806.456  5009351.314  3221002.725
2022  62  30869 GPS  -2267806.453  5009351.312  3221002.724
2022  62  30870 GPS  -2267806.457  5009351.316  3221002.729
2022  62  30871 GPS  -2267806.459  5009351.313  3221002.726
2022  62  30872 GPS  -2267806.457  5009351.313  3221002.726
2022  62  30873 GPS  -2267806.456  5009351.308  3221002.725
2022  62  30874 GPS  -2267806.454  5009351.307  3221002.728
2022  62  30875 GPS  -2267806.449  5009351.307  3221002.730
2022  62  30876 GPS  -2267806.451  5009351.314  3221002.738
2022  62  30877 GPS  -2267806.447  5009351.306  3221002.733
2022  62  30878 GPS  -2267806.448  5009351.299  3221002.732
2022  62  30879 GPS  -2267806.448  5009351.293  3221002.730
2022  62  30880 GPS  -2267806.448  5009351.289  3221002.728
2022  62  30881 GPS  -2267806.447  5009351.289  3221002.729
2022  62  30882 GPS  -2267806.451  5009351.285  3221002.724
2022  62  30883 GPS  -2267806.456  5009351.287  3221002.721
2022  62  30884 GPS  -2267806.454  5009351.288  3221002.719
2022  62  30885 GPS  -2267806.455  5009351.294  3221002.720
2022  62  30886 GPS  -2267806.461  5009351.308  3221002.726
2022  62  30887 GPS  -2267806.467  5009351.319  3221002.732
2022  62  30888 GPS  -2267806.463  5009351.324  3221002.728
2022  62  30889 GPS  -2267806.459  5009351.328  3221002.730
2022  62  30890 GPS  -2267806.455  5009351.330  3221002.727
2022  62  30891 GPS  -2267806.454  5009351.326  3221002.722
2022  62  30892 GPS  -2267806.454  5009351.336  3221002.730
2022  62  30893 GPS  -2267806.455  5009351.345  3221002.736
2022  62  30894 GPS  -2267806.450  5009351.354  3221002.741
2022  62  30895 GPS  -2267806.445  5009351.364  3221002.744
2022  62  30896 GPS  -2267806.447  5009351.376  3221002.751
2022  62  30897 GPS  -2267806.451  5009351.379  3221002.754
2022  62  30898 GPS  -2267806.453  5009351.390  3221002.758
2022  62  30899 GPS  -2267806.459  5009351.400  3221002.764
2022  62  30900 GPS  -2267806.463  5009351.412  3221002.771
2022  62  30901 GPS  -2267806.468  5009351.422  3221002.777
2022  62  30902 GPS  -2267806.474  5009351.431  3221002.776
2022  62  30903 GPS  -2267806.475  5009351.431  3221002.774
2022  62  30904 GPS  -2267806.472  5009351.438  3221002.772
2022  62  30905 GPS  -2267806.474  5009351.447  3221002.772
2022  62  30906 GPS  -2267806.483  5009351.458  3221002.779
2022  62  30907 GPS  -2267806.486  5009351.469  3221002.787
2022  62  30908 GPS  -2267806.493  5009351.473  3221002.790
2022  62  30909 GPS  -2267806.498  5009351.474  3221002.790
2022  62  30910 GPS  -2267806.501  5009351.467  3221002.786
2022  62  30911 GPS  -2267806.505  5009351.455  3221002.778
2022  62  30912 GPS  -2267806.515  5009351.460  3221002.779
2022  62  30913 GPS  -2267806.519  5009351.454  3221002.777
2022  62  30914 GPS  -2267806.523  5009351.450  3221002.775
2022  62  30915 GPS  -2267806.529  5009351.446  3221002.776
2022  62  30916 GPS  -2267806.532  5009351.445  3221002.778
2022  62  30917 GPS  -2267806.536  5009351.442  3221002.782
2022  62  30918 GPS  -2267806.545  5009351.450  3221002.790
2022  62  30919 GPS  -2267806.553  5009351.458  3221002.798
2022  62  30920 GPS  -2267806.560  5009351.476  3221002.808
2022  62  30921 GPS  -2267806.568  5009351.484  3221002.810
2022  62  30922 GPS  -2267806.569  5009351.478  3221002.802
2022  62  30923 GPS  -2267806.565  5009351.473  3221002.795
2022  62  30924 GPS  -2267806.570  5009351.481  3221002.801
2022  62  30925 GPS  -2267806.572  5009351.483  3221002.800
2022  62  30926 GPS  -2267806.575  5009351.480  3221002.802
2022  62  30927 GPS  -2267806.576  5009351.479  3221002.805
2022  62  30928 GPS  -2267806.578  5009351.476  3221002.803
2022  62  30929 GPS  -2267806.584  5009351.480  3221002.805
2022  62  30930 GPS  -2267806.589  5009351.480  3221002.801
2022  62  30931 GPS  -2267806.592  5009351.476  3221002.793
2022  62  30932 GPS  -2267806.593  5009351.475  3221002.792
2022  62  30933 GPS  -2267806.600  5009351.483  3221002.794
2022  62  30934 GPS  -2267806.598  5009351.476  3221002.789
2022  62  30935 GPS  -2267806.594  5009351.468  3221002.782
2022  62  30936 GPS  -2267806.595  5009351.464  3221002.771
2022  62  30937 GPS  -2267806.593  5009351.460  3221002.763
2022  62  30938 GPS  -2267806.589  5009351.453  3221002.755
2022  62  30939 GPS  -2267806.589  5009351.454  3221002.750
2022  62  30940 GPS  -2267806.590  5009351.453  3221002.750
2022  62  30941 GPS  -2267806.590  5009351.443  3221002.743
2022  62  30942 GPS  -2267806.587  5009351.439  3221002.741
2022  62  30943 GPS  -2267806.591  5009351.442  3221002.742
2022  62  30944 GPS  -2267806.593  5009351.449  3221002.751
2022  62  30945 GPS  -2267806.594  5009351.450  3221002.754
2022  62  30946 GPS  -2267806.592  5009351.463  3221002.763
2022  62  30947 GPS  -2267806.590  5009351.460  3221002.765
2022  62  30948 GPS  -2267806.588  5009351.463  3221002.767
2022  62  30949 GPS  -2267806.581  5009351.459  3221002.768
2022  62  30950 GPS  -2267806.576  5009351.453  3221002.763
2022  62  30951 GPS  -2267806.572  5009351.443  3221002.761
2022  62  30952 GPS  -2267806.567  5009351.431  3221002.756
2022  62  30953 GPS  -2267806.567  5009351.425  3221002.756
2022  62  30954 GPS  -2267806.567  5009351.414  3221002.752
2022  62  30955 GPS  -2267806.563  5009351.405  3221002.750
2022  62  30956 GPS  -2267806.567  5009351.405  3221002.752
2022  62  30957 GPS  -2267806.572  5009351.407  3221002.757
2022  62  30958 GPS  -2267806.571  5009351.402  3221002.763
2022  62  30959 GPS  -2267806.573  5009351.400  3221002.768
2022  62  30960 GPS  -2267806.579  5009351.398  3221002.776
2022  62  30961 GPS  -2267806.586  5009351.401  3221002.782
2022  62  30962 GPS  -2267806.594  5009351.408  3221002.787
2022  62  30963 GPS  -2267806.598  5009351.411  3221002.792
2022  62  30964 GPS  -2267806.597  5009351.407  3221002.789
2022  62  30965 GPS  -2267806.601  5009351.405  3221002.785
2022  62  30966 GPS  -2267806.599  5009351.401  3221002.782
2022  62  30967 GPS  -2267806.598  5009351.399  3221002.778
2022  62  30968 GPS  -2267806.594  5009351.390  3221002.770
2022  62  30969 GPS  -2267806.590  5009351.387  3221002.769
2022  62  30970 GPS  -2267806.588  5009351.395  3221002.773
2022  62  30971 GPS  -2267806.585  5009351.398  3221002.776
2022  62  30972 GPS  -2267806.590  5009351.399  3221002.777
2022  62  30973 GPS  -2267806.588  5009351.392  3221002.777
2022  62  30974 GPS  -2267806.589  5009351.398  3221002.781
2022  62  30975 GPS  -2267806.589  5009351.403  3221002.784
2022  62  30976 GPS  -2267806.591  5009351.408  3221002.787
2022  62  30977 GPS  -2267806.596  5009351.413  3221002.787
2022  62  30978 GPS  -2267806.596  5009351.411  3221002.780
2022  62  30979 GPS  -2267806.593  5009351.400  3221002.775
2022  62  30980 GPS  -2267806.589  5009351.396  3221002.774
2022  62  30981 GPS  -2267806.586  5009351.386  3221002.767
2022  62  30982 GPS  -2267806.583  5009351.367  3221002.762
2022  62  30983 GPS  -2267806.586  5009351.365  3221002.763
2022  62  30984 GPS  -2267806.585  5009351.356  3221002.760
2022  62  30985 GPS  -2267806.587  5009351.350  3221002.754
2022  62  30986 GPS  -2267806.584  5009351.346  3221002.756
2022  62  30987 GPS  -2267806.580  5009351.342  3221002.752
2022  62  30988 GPS  -2267806.579  5009351.346  3221002.754
2022  62  30989 GPS  -2267806.575  5009351.339  3221002.752
2022  62  30990 GPS  -2267806.571  5009351.330  3221002.746
2022  62  30991 GPS  -2267806.563  5009351.318  3221002.737
2022  62  30992 GPS  -2267806.554  5009351.310  3221002.732
2022  62  30993 GPS  -2267806.543  5009351.292  3221002.725
2022  62  30994 GPS  -2267806.533  5009351.284  3221002.723
2022  62  30995 GPS  -2267806.521  5009351.272  3221002.713
2022  62  30996 GPS  -2267806.519  5009351.263  3221002.709
2022  62  30997 GPS  -2267806.505  5009351.248  3221002.704
2022  62  30998 GPS  -2267806.500  5009351.235  3221002.699
2022  62  30999 GPS  -2267806.501  5009351.237  3221002.701
2022  62  31000 GPS  -2267806.496  5009351.236  3221002.698
2022  62  31001 GPS  -2267806.485  5009351.219  3221002.688
2022  62  31002 GPS  -2267806.480  5009351.210  3221002.686
2022  62  31003 GPS  -2267806.469  5009351.196  3221002.681
2022  62  31004 GPS  -2267806.462  5009351.181  3221002.674
2022  62  31005 GPS  -2267806.454  5009351.174  3221002.670
2022  62  31006 GPS  -2267806.448  5009351.162  3221002.663
2022  62  31007 GPS  -2267806.436  5009351.149  3221002.655
2022  62  31008 GPS  -2267806.430  5009351.138  3221002.649
2022  62  31009 GPS  -2267806.422  5009351.125  3221002.641
2022  62  31010 GPS  -2267806.419  5009351.119  3221002.635
2022  62  31011 GPS  -2267806.412  5009351.112  3221002.632
2022  62  31012 GPS  -2267806.417  5009351.115  3221002.637
2022  62  31013 GPS  -2267806.421  5009351.120  3221002.642
2022  62  31014 GPS  -2267806.419  5009351.117  3221002.644
2022  62  31015 GPS  -2267806.426  5009351.124  3221002.653
2022  62  31016 GPS  -2267806.439  5009351.137  3221002.665
2022  62  31017 GPS  -2267806.441  5009351.127  3221002.662
2022  62  31018 GPS  -2267806.438  5009351.117  3221002.660
2022  62  31019 GPS  -2267806.438  5009351.116  3221002.661
2022  62  31020 GPS  -2267806.436  5009351.114  3221002.660
2022  62  31021 GPS  -2267806.433  5009351.105  3221002.655
2022  62  31022 GPS  -2267806.432  5009351.102  3221002.657
2022  62  31023 GPS  -2267806.430  5009351.105  3221002.663
2022  62  31024 GPS  -2267806.429  5009351.098  3221002.661
2022  62  31025 GPS  -2267806.428  5009351.086  3221002.659
2022  62  31026 GPS  -2267806.425  5009351.082  3221002.661
2022  62  31027 GPS  -2267806.423  5009351.077  3221002.658
2022  62  31028 GPS  -2267806.417  5009351.070  3221002.657
2022  62  31029 GPS  -2267806.419  5009351.066  3221002.658
2022  62  31030 GPS  -2267806.422  5009351.071  3221002.660
2022  62  31031 GPS  -2267806.423  5009351.064  3221002.653
2022  62  31032 GPS  -2267806.426  5009351.058  3221002.649
2022  62  31033 GPS  -2267806.426  5009351.057  3221002.645
2022  62  31034 GPS  -2267806.857  5009351.750  3221003.151
2022  62  31035 GPS  -2267806.839  5009351.729  3221003.132
2022  62  31036 GPS  -2267806.824  5009351.718  3221003.124
2022  62  31037 GPS  -2267806.786  5009351.666  3221003.080
2022  62  31038 GPS  -2267806.771  5009351.650  3221003.066
2022  62  31039 GPS  -2267806.763  5009351.636  3221003.056
2022  62  31040 GPS  -2267806.761  5009351.632  3221003.054
2022  62  31041 GPS  -2267806.818  5009351.723  3221003.122
2022  62  31042 GPS  -2267806.820  5009351.727  3221003.125
2022  62  31043 GPS  -2267806.805  5009351.698  3221003.110
2022  62  31044 GPS  -2267806.813  5009351.716  3221003.128
2022  62  31045 GPS  -2267806.821  5009351.730  3221003.142
2022  62  31046 GPS  -2267806.805  5009351.704  3221003.125
2022  62  31047 GPS  -2267806.787  5009351.680  3221003.105
2022  62  31048 GPS  -2267806.783  5009351.672  3221003.100
2022  62  31049 GPS  -2267806.776  5009351.667  3221003.096
2022  62  31050 GPS  -2267806.780  5009351.680  3221003.107
2022  62  31051 GPS  -2267806.791  5009351.696  3221003.119
2022  62  31052 GPS  -2267806.783  5009351.689  3221003.112
2022  62  31053 GPS  -2267806.791  5009351.703  3221003.123
2022  62  31054 GPS  -2267806.797  5009351.709  3221003.130
2022  62  31055 GPS  -2267806.810  5009351.730  3221003.142
2022  62  31056 GPS  -2267806.823  5009351.769  3221003.165
2022  62  31057 GPS  -2267806.835  5009351.796  3221003.183
2022  62  31058 GPS  -2267806.836  5009351.800  3221003.179
2022  62  31059 GPS  -2267806.844  5009351.818  3221003.186
2022  62  31060 GPS  -2267806.851  5009351.824  3221003.189
2022  62  31061 GPS  -2267806.855  5009351.830  3221003.190
2022  62  31062 GPS  -2267806.857  5009351.838  3221003.195
2022  62  31063 GPS  -2267806.858  5009351.849  3221003.202
2022  62  31064 GPS  -2267806.864  5009351.859  3221003.209
2022  62  31065 GPS  -2267806.866  5009351.865  3221003.218
2022  62  31066 GPS  -2267806.870  5009351.872  3221003.225
2022  62  31067 GPS  -2267806.871  5009351.879  3221003.228
2022  62  31068 GPS  -2267806.875  5009351.882  3221003.230
2022  62  31069 GPS  -2267806.879  5009351.887  3221003.237
2022  62  31070 GPS  -2267806.881  5009351.894  3221003.244
2022  62  31071 GPS  -2267806.879  5009351.899  3221003.253
2022  62  31072 GPS  -2267806.875  5009351.906  3221003.262
2022  62  31073 GPS  -2267806.871  5009351.901  3221003.266
2022  62  31074 GPS  -2267806.871  5009351.905  3221003.269
2022  62  31075 GPS  -2267806.873  5009351.910  3221003.274
2022  62  31076 GPS  -2267806.875  5009351.919  3221003.278
2022  62  31077 GPS  -2267806.878  5009351.930  3221003.284
2022  62  31078 GPS  -2267806.879  5009351.941  3221003.288
2022  62  31079 GPS  -2267806.876  5009351.945  3221003.293
2022  62  31080 GPS  -2267806.870  5009351.943  3221003.295
2022  62  31081 GPS  -2267806.868  5009351.941  3221003.296
2022  62  31082 GPS  -2267806.856  5009351.936  3221003.291
2022  62  31083 GPS  -2267806.849  5009351.931  3221003.292
2022  62  31084 GPS  -2267806.845  5009351.935  3221003.293
2022  62  31085 GPS  -2267806.839  5009351.928  3221003.292
2022  62  31086 GPS  -2267806.836  5009351.926  3221003.293
2022  62  31087 GPS  -2267806.833  5009351.922  3221003.291
2022  62  31088 GPS  -2267806.837  5009351.933  3221003.295
2022  62  31089 GPS  -2267806.842  5009351.937  3221003.303
2022  62  31090 GPS  -2267806.841  5009351.929  3221003.300
2022  62  31091 GPS  -2267806.840  5009351.925  3221003.298
2022  62  31092 GPS  -2267806.842  5009351.922  3221003.295
2022  62  31093 GPS  -2267806.843  5009351.921  3221003.294
2022  62  31094 GPS  -2267806.847  5009351.916  3221003.297
2022  62  31095 GPS  -2267806.843  5009351.909  3221003.298
2022  62  31096 GPS  -2267806.836  5009351.899  3221003.295
2022  62  31097 GPS  -2267806.834  5009351.890  3221003.290
2022  62  31098 GPS  -2267806.833  5009351.889  3221003.287
2022  62  31099 GPS  -2267806.827  5009351.882  3221003.282
2022  62  31100 GPS  -2267806.826  5009351.872  3221003.272
2022  62  31101 GPS  -2267806.826  5009351.864  3221003.268
2022  62  31102 GPS  -2267806.823  5009351.845  3221003.265
2022  62  31103 GPS  -2267806.825  5009351.832  3221003.258
2022  62  31104 GPS  -2267806.829  5009351.828  3221003.254
2022  62  31105 GPS  -2267806.830  5009351.824  3221003.258
2022  62  31106 GPS  -2267806.828  5009351.827  3221003.258
2022  62  31107 GPS  -2267806.822  5009351.824  3221003.255
2022  62  31108 GPS  -2267806.822  5009351.823  3221003.256
2022  62  31109 GPS  -2267806.816  5009351.821  3221003.261
2022  62  31110 GPS  -2267806.812  5009351.828  3221003.266
2022  62  31111 GPS  -2267806.810  5009351.837  3221003.272
2022  62  31112 GPS  -2267806.813  5009351.847  3221003.283
2022  62  31113 GPS  -2267806.816  5009351.855  3221003.293
2022  62  31114 GPS  -2267806.823  5009351.874  3221003.303
2022  62  31115 GPS  -2267806.828  5009351.883  3221003.312
2022  62  31116 GPS  -2267806.829  5009351.885  3221003.314
2022  62  31117 GPS  -2267806.832  5009351.891  3221003.317
2022  62  31118 GPS  -2267806.833  5009351.891  3221003.317
2022  62  31119 GPS  -2267806.833  5009351.890  3221003.317
2022  62  31120 GPS  -2267806.833  5009351.895  3221003.317
2022  62  31121 GPS  -2267806.833  5009351.901  3221003.316
2022  62  31122 GPS  -2267806.835  5009351.895  3221003.315
2022  62  31123 GPS  -2267806.837  5009351.891  3221003.313
2022  62  31124 GPS  -2267806.837  5009351.889  3221003.311
2022  62  31125 GPS  -2267806.835  5009351.883  3221003.310
2022  62  31126 GPS  -2267806.836  5009351.874  3221003.307
2022  62  31127 GPS  -2267806.838  5009351.876  3221003.312
2022  62  31128 GPS  -2267806.832  5009351.872  3221003.315
2022  62  31129 GPS  -2267806.833  5009351.873  3221003.321
2022  62  31130 GPS  -2267806.833  5009351.869  3221003.323
2022  62  31131 GPS  -2267806.830  5009351.868  3221003.325
2022  62  31132 GPS  -2267806.835  5009351.869  3221003.329
2022  62  31133 GPS  -2267806.837  5009351.867  3221003.331
2022  62  31134 GPS  -2267806.843  5009351.868  3221003.333
2022  62  31135 GPS  -2267806.848  5009351.869  3221003.334
2022  62  31136 GPS  -2267806.852  5009351.871  3221003.335
2022  62  31137 GPS  -2267806.850  5009351.863  3221003.332
2022  62  31138 GPS  -2267806.850  5009351.859  3221003.332
2022  62  31139 GPS  -2267806.845  5009351.849  3221003.324
2022  62  31140 GPS  -2267806.840  5009351.842  3221003.318
2022  62  31141 GPS  -2267806.837  5009351.836  3221003.322
2022  62  31142 GPS  -2267806.836  5009351.828  3221003.317
2022  62  31143 GPS  -2267806.833  5009351.826  3221003.312
2022  62  31144 GPS  -2267806.833  5009351.829  3221003.312
2022  62  31145 GPS  -2267806.829  5009351.826  3221003.309
2022  62  31146 GPS  -2267806.822  5009351.820  3221003.303
2022  62  31147 GPS  -2267806.821  5009351.815  3221003.297
2022  62  31148 GPS  -2267806.824  5009351.818  3221003.297
2022  62  31149 GPS  -2267806.825  5009351.822  3221003.298
2022  62  31150 GPS  -2267806.822  5009351.817  3221003.294
2022  62  31151 GPS  -2267806.820  5009351.814  3221003.294
2022  62  31152 GPS  -2267806.812  5009351.807  3221003.290
2022  62  31153 GPS  -2267806.802  5009351.802  3221003.285
2022  62  31154 GPS  -2267806.797  5009351.799  3221003.283
2022  62  31155 GPS  -2267806.792  5009351.792  3221003.282
2022  62  31156 GPS  -2267806.785  5009351.779  3221003.272
2022  62  31157 GPS  -2267806.778  5009351.772  3221003.266
2022  62  31158 GPS  -2267806.771  5009351.757  3221003.257
2022  62  31159 GPS  -2267806.772  5009351.754  3221003.257
2022  62  31160 GPS  -2267806.775  5009351.754  3221003.251
2022  62  31161 GPS  -2267806.779  5009351.750  3221003.247
2022  62  31162 GPS  -2267806.781  5009351.745  3221003.244
2022  62  31163 GPS  -2267806.783  5009351.738  3221003.239
2022  62  31164 GPS  -2267806.783  5009351.740  3221003.236
2022  62  31165 GPS  -2267806.783  5009351.734  3221003.228
2022  62  31166 GPS  -2267806.780  5009351.736  3221003.232
2022  62  31167 GPS  -2267806.782  5009351.746  3221003.241
2022  62  31168 GPS  -2267806.781  5009351.752  3221003.243
2022  62  31169 GPS  -2267806.780  5009351.746  3221003.241
2022  62  31170 GPS  -2267806.774  5009351.742  3221003.244
2022  62  31171 GPS  -2267806.770  5009351.739  3221003.245
2022  62  31172 GPS  -2267806.765  5009351.740  3221003.248
2022  62  31173 GPS  -2267806.761  5009351.736  3221003.248
2022  62  31174 GPS  -2267806.761  5009351.738  3221003.246
2022  62  31175 GPS  -2267806.760  5009351.738  3221003.250
2022  62  31176 GPS  -2267806.759  5009351.736  3221003.249
2022  62  31177 GPS  -2267806.755  5009351.732  3221003.249
2022  62  31178 GPS  -2267806.754  5009351.725  3221003.244
2022  62  31179 GPS  -2267806.755  5009351.714  3221003.241
2022  62  31180 GPS  -2267806.756  5009351.720  3221003.247
2022  62  31181 GPS  -2267806.755  5009351.714  3221003.240
2022  62  31182 GPS  -2267806.755  5009351.711  3221003.241
2022  62  31183 GPS  -2267806.754  5009351.703  3221003.233
2022  62  31184 GPS  -2267806.757  5009351.701  3221003.232
2022  62  31185 GPS  -2267806.763  5009351.708  3221003.230
2022  62  31186 GPS  -2267806.762  5009351.709  3221003.230
2022  62  31187 GPS  -2267806.761  5009351.706  3221003.225
2022  62  31188 GPS  -2267806.763  5009351.709  3221003.226
2022  62  31189 GPS  -2267806.766  5009351.705  3221003.223
2022  62  31190 GPS  -2267806.764  5009351.701  3221003.216
2022  62  31191 GPS  -2267806.759  5009351.691  3221003.212
2022  62  31192 GPS  -2267806.757  5009351.686  3221003.209
2022  62  31193 GPS  -2267806.748  5009351.672  3221003.199
2022  62  31194 GPS  -2267806.746  5009351.671  3221003.199
2022  62  31195 GPS  -2267806.742  5009351.669  3221003.194
2022  62  31196 GPS  -2267806.741  5009351.679  3221003.199
2022  62  31197 GPS  -2267806.739  5009351.682  3221003.202
2022  62  31198 GPS  -2267806.733  5009351.680  3221003.200
2022  62  31199 GPS  -2267806.730  5009351.681  3221003.195
2022  62  31200 GPS  -2267806.732  5009351.679  3221003.190
2022  62  31201 GPS  -2267806.735  5009351.672  3221003.183
2022  62  31202 GPS  -2267806.736  5009351.672  3221003.177
2022  62  31203 GPS  -2267806.735  5009351.671  3221003.171
2022  62  31204 GPS  -2267806.733  5009351.656  3221003.158
2022  62  31205 GPS  -2267806.735  5009351.654  3221003.154
2022  62  31206 GPS  -2267806.735  5009351.646  3221003.143
2022  62  31207 GPS  -2267806.734  5009351.642  3221003.141
2022  62  31208 GPS  -2267806.734  5009351.644  3221003.135
2022  62  31209 GPS  -2267806.734  5009351.641  3221003.126
2022  62  31210 GPS  -2267806.737  5009351.652  3221003.131
2022  62  31211 GPS  -2267806.735  5009351.650  3221003.123
2022  62  31212 GPS  -2267806.730  5009351.648  3221003.116
2022  62  31213 GPS  -2267806.726  5009351.645  3221003.112
2022  62  31214 GPS  -2267806.724  5009351.643  3221003.107
2022  62  31215 GPS  -2267806.722  5009351.637  3221003.099
2022  62  31216 GPS  -2267806.718  5009351.632  3221003.093
2022  62  31217 GPS  -2267806.710  5009351.622  3221003.086
2022  62  31218 GPS  -2267806.709  5009351.621  3221003.085
2022  62  31219 GPS  -2267806.713  5009351.633  3221003.088
2022  62  31220 GPS  -2267806.717  5009351.631  3221003.089
2022  62  31221 GPS  -2267806.720  5009351.636  3221003.092
2022  62  31222 GPS  -2267806.723  5009351.644  3221003.098
2022  62  31223 GPS  -2267806.727  5009351.646  3221003.099
2022  62  31224 GPS  -2267806.721  5009351.643  3221003.093
2022  62  31225 GPS  -2267806.718  5009351.637  3221003.087
2022  62  31226 GPS  -2267806.716  5009351.643  3221003.089
2022  62  31227 GPS  -2267806.717  5009351.652  3221003.095
2022  62  31228 GPS  -2267806.715  5009351.653  3221003.094
2022  62  31229 GPS  -2267806.712  5009351.659  3221003.093
2022  62  31230 GPS  -2267806.714  5009351.657  3221003.091
2022  62  31231 GPS  -2267806.718  5009351.656  3221003.092
2022  62  31232 GPS  -2267806.720  5009351.648  3221003.085
2022  62  31233 GPS  -2267806.718  5009351.653  3221003.082
2022  62  31234 GPS  -2267806.714  5009351.634  3221003.072
2022  62  31235 GPS  -2267806.714  5009351.628  3221003.064
2022  62  31236 GPS  -2267806.714  5009351.628  3221003.062
2022  62  31237 GPS  -2267806.716  5009351.624  3221003.057
2022  62  31238 GPS  -2267806.712  5009351.615  3221003.052
2022  62  31239 GPS  -2267806.713  5009351.616  3221003.053
2022  62  31240 GPS  -2267806.719  5009351.624  3221003.060
2022  62  31241 GPS  -2267806.722  5009351.629  3221003.065
2022  62  31242 GPS  -2267806.728  5009351.631  3221003.071
2022  62  31243 GPS  -2267806.741  5009351.643  3221003.076
2022  62  31244 GPS  -2267806.748  5009351.660  3221003.085
2022  62  31245 GPS  -2267806.758  5009351.673  3221003.092
2022  62  31246 GPS  -2267806.768  5009351.684  3221003.100
2022  62  31247 GPS  -2267806.777  5009351.678  3221003.100
2022  62  31248 GPS  -2267806.789  5009351.689  3221003.109
2022  62  31249 GPS  -2267806.798  5009351.697  3221003.114
2022  62  31250 GPS  -2267806.807  5009351.697  3221003.115
2022  62  31251 GPS  -2267806.815  5009351.701  3221003.122
2022  62  31252 GPS  -2267806.818  5009351.714  3221003.128
2022  62  31253 GPS  -2267806.822  5009351.715  3221003.128
2022  62  31254 GPS  -2267806.823  5009351.726  3221003.133
2022  62  31255 GPS  -2267806.824  5009351.736  3221003.136
2022  62  31256 GPS  -2267806.826  5009351.743  3221003.144
2022  62  31257 GPS  -2267806.824  5009351.751  3221003.145
2022  62  31258 GPS  -2267806.829  5009351.762  3221003.150
2022  62  31259 GPS  -2267806.834  5009351.769  3221003.157
2022  62  31260 GPS  -2267806.832  5009351.778  3221003.160
2022  62  31261 GPS  -2267806.831  5009351.783  3221003.166
2022  62  31262 GPS  -2267806.833  5009351.780  3221003.171
2022  62  31263 GPS  -2267806.832  5009351.780  3221003.173
2022  62  31264 GPS  -2267806.834  5009351.784  3221003.176
2022  62  31265 GPS  -2267806.832  5009351.780  3221003.179
2022  62  31266 GPS  -2267806.836  5009351.792  3221003.187
2022  62  31267 GPS  -2267806.840  5009351.806  3221003.195
2022  62  31268 GPS  -2267806.842  5009351.817  3221003.201
2022  62  31269 GPS  -2267806.846  5009351.829  3221003.209
2022  62  31270 GPS  -2267806.847  5009351.850  3221003.227
2022  62  31271 GPS  -2267806.848  5009351.858  3221003.234
2022  62  31272 GPS  -2267806.852  5009351.866  3221003.239
2022  62  31273 GPS  -2267806.850  5009351.874  3221003.243
2022  62  31274 GPS  -2267806.848  5009351.886  3221003.253
2022  62  31275 GPS  -2267806.831  5009351.651  3221003.156
2022  62  31276 GPS  -2267806.814  5009351.416  3221003.057
2022  62  31277 GPS  -2267806.799  5009351.162  3221002.950
2022  62  31278 GPS  -2267806.823  5009351.485  3221003.087
2022  62  31279 GPS  -2267806.813  5009351.341  3221003.026
2022  62  31280 GPS  -2267806.794  5009351.058  3221002.906
2022  62  31281 GPS  -2267806.808  5009351.255  3221002.987
2022  62  31282 GPS  -2267806.871  5009352.072  3221003.336
2022  62  31283 GPS  -2267806.801  5009351.118  3221002.929
2022  62  31284 GPS  -2267806.825  5009351.454  3221003.076
2022  62  31285 GPS  -2267806.859  5009351.891  3221003.262
2022  62  31286 GPS  -2267806.877  5009352.052  3221003.331
2022  62  31287 GPS  -2267806.896  5009352.322  3221003.446
2022  62  31288 GPS  -2267806.909  5009352.534  3221003.534
2022  62  31289 GPS  -2267806.855  5009351.780  3221003.210
2022  62  31290 GPS  -2267806.846  5009351.667  3221003.167
2022  62  31291 GPS  -2267806.848  5009351.663  3221003.169
2022  62  31292 GPS  -2267806.834  5009351.521  3221003.109
2022  62  31293 GPS  -2267806.812  5009351.318  3221003.020
2022  62  31294 GPS  -2267806.818  5009351.406  3221003.059
2022  62  31295 GPS  -2267806.841  5009351.759  3221003.212
2022  62  31296 GPS  -2267806.830  5009351.669  3221003.176
2022  62  31297 GPS  -2267806.810  5009351.511  3221003.108
2022  62  31298 GPS  -2267806.806  5009351.466  3221003.093
2022  62  31299 GPS  -2267806.791  5009351.273  3221003.013
2022  62  31300 GPS  -2267806.781  5009351.205  3221002.984
2022  62  31301 GPS  -2267806.786  5009351.376  3221003.059
2022  62  31302 GPS  -2267806.786  5009351.406  3221003.074
2022  62  31303 GPS  -2267806.785  5009351.396  3221003.068
2022  62  31304 GPS  -2267806.785  5009351.386  3221003.058
2022  62  31305 GPS  -2267806.788  5009351.375  3221003.050
2022  62  31306 GPS  -2267806.799  5009351.388  3221003.056
2022  62  31307 GPS  -2267806.807  5009351.411  3221003.065
2022  62  31308 GPS  -2267806.810  5009351.427  3221003.070
2022  62  31309 GPS  -2267806.817  5009351.438  3221003.078
2022  62  31310 GPS  -2267806.818  5009351.449  3221003.078
2022  62  31311 GPS  -2267806.822  5009351.458  3221003.080
2022  62  31312 GPS  -2267806.826  5009351.514  3221003.100
2022  62  31313 GPS  -2267806.861  5009351.964  3221003.290
2022  62  31314 GPS  -2267806.828  5009351.516  3221003.097
2022  62  31315 GPS  -2267806.799  5009351.097  3221002.912
2022  62  31316 GPS  -2267806.787  5009350.918  3221002.828
2022  62  31317 GPS  -2267806.863  5009351.806  3221003.207
2022  62  31318 GPS  -2267806.843  5009351.489  3221003.067
2022  62  31319 GPS  -2267806.859  5009351.633  3221003.126
2022  62  31320 GPS  -2267806.881  5009351.838  3221003.213
2022  62  31321 GPS  -2267806.879  5009351.784  3221003.195
2022  62  31322 GPS  -2267806.876  5009351.748  3221003.179
2022  62  31323 GPS  -2267806.888  5009351.907  3221003.247
2022  62  31324 GPS  -2267806.875  5009351.731  3221003.172
2022  62  31325 GPS  -2267806.801  5009350.816  3221002.776
2022  62  31326 GPS  -2267806.816  5009350.973  3221002.836
2022  62  31327 GPS  -2267806.853  5009351.423  3221003.030
2022  62  31328 GPS  -2267806.885  5009351.879  3221003.226
2022  62  31329 GPS  -2267806.855  5009351.528  3221003.075
2022  62  31330 GPS  -2267806.857  5009351.529  3221003.073
2022  62  31331 GPS  -2267806.858  5009351.530  3221003.071
2022  62  31332 GPS  -2267806.860  5009351.533  3221003.071
2022  62  31333 GPS  -2267806.858  5009351.519  3221003.063
2022  62  31334 GPS  -2267806.861  5009351.523  3221003.059
2022  62  31335 GPS  -2267806.860  5009351.524  3221003.054
2022  62  31336 GPS  -2267806.856  5009351.525  3221003.048
2022  62  31337 GPS  -2267806.852  5009351.523  3221003.041
2022  62  31338 GPS  -2267806.849  5009351.517  3221003.040
2022  62  31339 GPS  -2267806.846  5009351.514  3221003.038
2022  62  31340 GPS  -2267806.844  5009351.503  3221003.033
2022  62  31341 GPS  -2267806.840  5009351.502  3221003.027
2022  62  31342 GPS  -2267806.844  5009351.505  3221003.026
2022  62  31343 GPS  -2267806.840  5009351.496  3221003.024
2022  62  31344 GPS  -2267806.836  5009351.492  3221003.023
2022  62  31345 GPS  -2267806.832  5009351.484  3221003.019
2022  62  31346 GPS  -2267806.827  5009351.473  3221003.012
2022  62  31347 GPS  -2267806.820  5009351.469  3221003.007
2022  62  31348 GPS  -2267806.815  5009351.464  3221003.007
2022  62  31349 GPS  -2267806.811  5009351.464  3221003.008
2022  62  31350 GPS  -2267806.813  5009351.469  3221003.009
2022  62  31351 GPS  -2267806.813  5009351.478  3221003.016
2022  62  31352 GPS  -2267806.813  5009351.486  3221003.020
2022  62  31353 GPS  -2267806.810  5009351.476  3221003.015
2022  62  31354 GPS  -2267806.808  5009351.477  3221003.013
2022  62  31355 GPS  -2267806.806  5009351.475  3221003.014
2022  62  31356 GPS  -2267806.805  5009351.476  3221003.015
2022  62  31357 GPS  -2267806.805  5009351.472  3221003.016
2022  62  31358 GPS  -2267806.809  5009351.474  3221003.018
2022  62  31359 GPS  -2267806.814  5009351.482  3221003.019
2022  62  31360 GPS  -2267806.813  5009351.488  3221003.019
2022  62  31361 GPS  -2267806.810  5009351.486  3221003.014
2022  62  31362 GPS  -2267806.814  5009351.483  3221003.007
2022  62  31363 GPS  -2267806.816  5009351.472  3221002.997
2022  62  31364 GPS  -2267806.816  5009351.471  3221002.993
2022  62  31365 GPS  -2267806.814  5009351.463  3221002.984
2022  62  31366 GPS  -2267806.814  5009351.461  3221002.983
2022  62  31367 GPS  -2267806.814  5009351.457  3221002.982
2022  62  31368 GPS  -2267806.818  5009351.453  3221002.984
2022  62  31369 GPS  -2267806.814  5009351.441  3221002.979
2022  62  31370 GPS  -2267806.803  5009351.435  3221002.974
2022  62  31371 GPS  -2267806.798  5009351.434  3221002.973
2022  62  31372 GPS  -2267806.792  5009351.429  3221002.970
2022  62  31373 GPS  -2267806.785  5009351.422  3221002.966
2022  62  31374 GPS  -2267806.779  5009351.419  3221002.962
2022  62  31375 GPS  -2267806.776  5009351.410  3221002.958
2022  62  31376 GPS  -2267806.765  5009351.403  3221002.948
2022  62  31377 GPS  -2267806.760  5009351.402  3221002.942
2022  62  31378 GPS  -2267806.754  5009351.395  3221002.934
2022  62  31379 GPS  -2267806.753  5009351.394  3221002.930
2022  62  31380 GPS  -2267806.752  5009351.385  3221002.924
2022  62  31381 GPS  -2267806.753  5009351.389  3221002.923
2022  62  31382 GPS  -2267806.754  5009351.394  3221002.925
2022  62  31383 GPS  -2267806.757  5009351.397  3221002.924
2022  62  31384 GPS  -2267806.761  5009351.400  3221002.922
2022  62  31385 GPS  -2267806.762  5009351.401  3221002.923
2022  62  31386 GPS  -2267806.760  5009351.398  3221002.921
2022  62  31387 GPS  -2267806.757  5009351.396  3221002.924
2022  62  31388 GPS  -2267806.756  5009351.393  3221002.925
2022  62  31389 GPS  -2267806.757  5009351.391  3221002.928
2022  62  31390 GPS  -2267806.756  5009351.386  3221002.924
2022  62  31391 GPS  -2267806.757  5009351.376  3221002.920
2022  62  31392 GPS  -2267806.753  5009351.374  3221002.922
2022  62  31393 GPS  -2267806.753  5009351.365  3221002.918
2022  62  31394 GPS  -2267806.750  5009351.365  3221002.915
2022  62  31395 GPS  -2267806.754  5009351.368  3221002.908
2022  62  31396 GPS  -2267806.763  5009351.383  3221002.912
2022  62  31397 GPS  -2267806.768  5009351.385  3221002.910
2022  62  31398 GPS  -2267806.769  5009351.389  3221002.905
2022  62  31399 GPS  -2267806.771  5009351.391  3221002.897
2022  62  31400 GPS  -2267806.772  5009351.387  3221002.886
2022  62  31401 GPS  -2267806.774  5009351.393  3221002.882
2022  62  31402 GPS  -2267806.774  5009351.396  3221002.883
2022  62  31403 GPS  -2267806.776  5009351.405  3221002.883
2022  62  31404 GPS  -2267806.773  5009351.407  3221002.883
2022  62  31405 GPS  -2267806.771  5009351.408  3221002.880
2022  62  31406 GPS  -2267806.769  5009351.408  3221002.881
2022  62  31407 GPS  -2267806.768  5009351.411  3221002.882
2022  62  31408 GPS  -2267806.768  5009351.410  3221002.886
2022  62  31409 GPS  -2267806.769  5009351.409  3221002.884
2022  62  31410 GPS  -2267806.769  5009351.409  3221002.883
2022  62  31411 GPS  -2267806.770  5009351.410  3221002.886
2022  62  31412 GPS  -2267806.767  5009351.407  3221002.883
2022  62  31413 GPS  -2267806.762  5009351.410  3221002.881
2022  62  31414 GPS  -2267806.761  5009351.427  3221002.888
2022  62  31415 GPS  -2267806.758  5009351.434  3221002.893
2022  62  31416 GPS  -2267806.756  5009351.434  3221002.889
2022  62  31417 GPS  -2267806.756  5009351.435  3221002.887
2022  62  31418 GPS  -2267806.755  5009351.438  3221002.890
2022  62  31419 GPS  -2267806.752  5009351.433  3221002.885
2022  62  31420 GPS  -2267806.746  5009351.423  3221002.878
2022  62  31421 GPS  -2267806.810  5009352.179  3221003.208
2022  62  31422 GPS  -2267806.788  5009351.890  3221003.090
2022  62  31423 GPS  -2267806.796  5009351.939  3221003.112
2022  62  31424 GPS  -2267806.743  5009351.394  3221002.881
2022  62  31425 GPS  -2267806.794  5009352.026  3221003.154
2022  62  31426 GPS  -2267806.811  5009352.189  3221003.223
2022  62  31427 GPS  -2267806.831  5009352.494  3221003.360
2022  62  31428 GPS  -2267806.825  5009352.472  3221003.353
2022  62  31429 GPS  -2267806.781  5009352.002  3221003.154
2022  62  31430 GPS  -2267806.779  5009352.034  3221003.170
2022  62  31431 GPS  -2267806.731  5009351.495  3221002.945
2022  62  31432 GPS  -2267806.770  5009352.001  3221003.165
2022  62  31433 GPS  -2267806.720  5009351.489  3221002.949
2022  62  31434 GPS  -2267806.694  5009351.295  3221002.864
2022  62  31435 GPS  -2267806.694  5009351.420  3221002.920
2022  62  31436 GPS  -2267806.703  5009351.554  3221002.977
2022  62  31437 GPS  -2267806.704  5009351.620  3221003.004
2022  62  31438 GPS  -2267806.703  5009351.594  3221002.995
2022  62  31439 GPS  -2267806.721  5009351.858  3221003.114
2022  62  31440 GPS  -2267806.706  5009351.672  3221003.039
2022  62  31441 GPS  -2267806.695  5009351.547  3221002.987
2022  62  31442 GPS  -2267806.691  5009351.498  3221002.969
2022  62  31443 GPS  -2267806.625  5009350.706  3221002.630
2022  62  31444 GPS  -2267806.666  5009351.226  3221002.854
2022  62  31445 GPS  -2267806.687  5009351.472  3221002.957
2022  62  31446 GPS  -2267806.654  5009351.165  3221002.822
2022  62  31447 GPS  -2267806.647  5009351.131  3221002.807
2022  62  31448 GPS  -2267806.655  5009351.260  3221002.863
2022  62  31449 GPS  -2267806.658  5009351.305  3221002.882
2022  62  31450 GPS  -2267806.654  5009351.267  3221002.865
2022  62  31451 GPS  -2267806.641  5009351.155  3221002.818
2022  62  31452 GPS  -2267806.642  5009351.154  3221002.817
2022  62  31453 GPS  -2267806.639  5009351.148  3221002.816
2022  62  31454 GPS  -2267806.630  5009351.136  3221002.815
2022  62  31455 GPS  -2267806.620  5009351.111  3221002.805
2022  62  31456 GPS  -2267806.615  5009351.102  3221002.799
2022  62  31457 GPS  -2267806.610  5009351.095  3221002.799
2022  62  31458 GPS  -2267806.608  5009351.088  3221002.799
2022  62  31459 GPS  -2267806.610  5009351.089  3221002.802
2022  62  31460 GPS  -2267806.613  5009351.089  3221002.804
2022  62  31461 GPS  -2267806.614  5009351.095  3221002.809
2022  62  31462 GPS  -2267806.618  5009351.108  3221002.818
2022  62  31463 GPS  -2267806.622  5009351.120  3221002.824
2022  62  31464 GPS  -2267806.627  5009351.119  3221002.823
2022  62  31465 GPS  -2267806.629  5009351.113  3221002.819
2022  62  31466 GPS  -2267806.633  5009351.113  3221002.819
2022  62  31467 GPS  -2267806.635  5009351.113  3221002.822
2022  62  31468 GPS  -2267806.641  5009351.122  3221002.832
2022  62  31469 GPS  -2267806.644  5009351.123  3221002.837
2022  62  31470 GPS  -2267806.647  5009351.125  3221002.840
2022  62  31471 GPS  -2267806.643  5009351.118  3221002.841
2022  62  31472 GPS  -2267806.638  5009351.110  3221002.838
2022  62  31473 GPS  -2267806.645  5009351.117  3221002.841
2022  62  31474 GPS  -2267806.646  5009351.114  3221002.841
2022  62  31475 GPS  -2267806.650  5009351.121  3221002.846
2022  62  31476 GPS  -2267806.655  5009351.128  3221002.850
2022  62  31477 GPS  -2267806.661  5009351.135  3221002.852
2022  62  31478 GPS  -2267806.668  5009351.142  3221002.858
2022  62  31479 GPS  -2267806.671  5009351.148  3221002.862
2022  62  31480 GPS  -2267806.671  5009351.146  3221002.868
2022  62  31481 GPS  -2267806.668  5009351.146  3221002.873
2022  62  31482 GPS  -2267806.671  5009351.151  3221002.879
2022  62  31483 GPS  -2267806.672  5009351.156  3221002.885
2022  62  31484 GPS  -2267806.679  5009351.163  3221002.887
2022  62  31485 GPS  -2267806.761  5009352.032  3221003.266
2022  62  31486 GPS  -2267806.740  5009351.748  3221003.146
2022  62  31487 GPS  -2267806.700  5009351.193  3221002.907
2022  62  31488 GPS  -2267806.722  5009351.415  3221003.008
2022  62  31489 GPS  -2267806.719  5009351.373  3221002.994
2022  62  31490 GPS  -2267806.719  5009351.379  3221002.997
2022  62  31491 GPS  -2267806.725  5009351.453  3221003.027
2022  62  31492 GPS  -2267806.701  5009351.183  3221002.910
2022  62  31493 GPS  -2267806.696  5009351.169  3221002.904
2022  62  31494 GPS  -2267806.700  5009351.175  3221002.910
2022  62  31495 GPS  -2267806.699  5009351.164  3221002.907
2022  62  31496 GPS  -2267806.694  5009351.158  3221002.909
2022  62  31497 GPS  -2267806.688  5009351.148  3221002.910
2022  62  31498 GPS  -2267806.685  5009351.144  3221002.912
2022  62  31499 GPS  -2267806.680  5009351.136  3221002.913
2022  62  31500 GPS  -2267806.670  5009351.127  3221002.913
2022  62  31501 GPS  -2267806.667  5009351.120  3221002.911
2022  62  31502 GPS  -2267806.665  5009351.112  3221002.910
2022  62  31503 GPS  -2267806.660  5009351.107  3221002.907
2022  62  31504 GPS  -2267806.656  5009351.094  3221002.901
2022  62  31505 GPS  -2267806.650  5009351.081  3221002.896
2022  62  31506 GPS  -2267806.649  5009351.081  3221002.894
2022  62  31507 GPS  -2267806.645  5009351.071  3221002.889
2022  62  31508 GPS  -2267806.638  5009351.061  3221002.878
2022  62  31509 GPS  -2267806.638  5009351.063  3221002.881
2022  62  31510 GPS  -2267806.637  5009351.056  3221002.874
2022  62  31511 GPS  -2267806.637  5009351.053  3221002.871
2022  62  31512 GPS  -2267806.638  5009351.044  3221002.861
2022  62  31513 GPS  -2267806.641  5009351.041  3221002.858
2022  62  31514 GPS  -2267806.636  5009351.030  3221002.848
2022  62  31515 GPS  -2267806.639  5009351.027  3221002.846
2022  62  31516 GPS  -2267806.643  5009351.026  3221002.844
2022  62  31517 GPS  -2267806.649  5009351.023  3221002.844
2022  62  31518 GPS  -2267806.651  5009351.017  3221002.840
2022  62  31519 GPS  -2267806.652  5009351.008  3221002.835
2022  62  31520 GPS  -2267806.648  5009351.007  3221002.835
2022  62  31521 GPS  -2267806.653  5009351.027  3221002.845
2022  62  31522 GPS  -2267806.653  5009351.036  3221002.848
2022  62  31523 GPS  -2267806.653  5009351.049  3221002.850
2022  62  31524 GPS  -2267806.653  5009351.057  3221002.855
2022  62  31525 GPS  -2267806.654  5009351.068  3221002.856
2022  62  31526 GPS  -2267806.661  5009351.073  3221002.861
2022  62  31527 GPS  -2267806.663  5009351.076  3221002.857
2022  62  31528 GPS  -2267806.664  5009351.072  3221002.853
2022  62  31529 GPS  -2267806.662  5009351.069  3221002.845
2022  62  31530 GPS  -2267806.665  5009351.064  3221002.841
2022  62  31531 GPS  -2267806.658  5009351.053  3221002.831
2022  62  31532 GPS  -2267806.653  5009351.050  3221002.824
2022  62  31533 GPS  -2267806.652  5009351.048  3221002.823
2022  62  31534 GPS  -2267806.651  5009351.045  3221002.822
2022  62  31535 GPS  -2267806.659  5009351.054  3221002.826
2022  62  31536 GPS  -2267806.658  5009351.063  3221002.832
2022  62  31537 GPS  -2267806.661  5009351.071  3221002.840
2022  62  31538 GPS  -2267806.663  5009351.077  3221002.847
2022  62  31539 GPS  -2267806.667  5009351.081  3221002.847
2022  62  31540 GPS  -2267806.672  5009351.088  3221002.847
2022  62  31541 GPS  -2267806.683  5009351.104  3221002.853
2022  62  31542 GPS  -2267806.690  5009351.120  3221002.859
2022  62  31543 GPS  -2267806.692  5009351.130  3221002.862
2022  62  31544 GPS  -2267806.695  5009351.138  3221002.863
2022  62  31545 GPS  -2267806.699  5009351.150  3221002.865
2022  62  31546 GPS  -2267806.703  5009351.162  3221002.872
2022  62  31547 GPS  -2267806.710  5009351.178  3221002.882
2022  62  31548 GPS  -2267806.725  5009351.196  3221002.889
2022  62  31549 GPS  -2267806.736  5009351.208  3221002.894
2022  62  31550 GPS  -2267806.742  5009351.210  3221002.899
2022  62  31551 GPS  -2267806.749  5009351.219  3221002.904
2022  62  31552 GPS  -2267806.756  5009351.229  3221002.906
2022  62  31553 GPS  -2267806.765  5009351.241  3221002.915
2022  62  31554 GPS  -2267806.767  5009351.244  3221002.915
2022  62  31555 GPS  -2267806.770  5009351.247  3221002.918
2022  62  31556 GPS  -2267806.770  5009351.245  3221002.922
2022  62  31557 GPS  -2267806.772  5009351.244  3221002.920
2022  62  31558 GPS  -2267806.768  5009351.239  3221002.918
2022  62  31559 GPS  -2267806.766  5009351.240  3221002.917
2022  62  31560 GPS  -2267806.765  5009351.242  3221002.916
2022  62  31561 GPS  -2267806.763  5009351.235  3221002.915
2022  62  31562 GPS  -2267806.760  5009351.231  3221002.914
2022  62  31563 GPS  -2267806.756  5009351.220  3221002.911
2022  62  31564 GPS  -2267806.760  5009351.228  3221002.913
2022  62  31565 GPS  -2267806.768  5009351.234  3221002.916
2022  62  31566 GPS  -2267806.770  5009351.233  3221002.917
2022  62  31567 GPS  -2267806.774  5009351.235  3221002.923
2022  62  31568 GPS  -2267806.783  5009351.249  3221002.930
2022  62  31569 GPS  -2267806.789  5009351.257  3221002.932
2022  62  31570 GPS  -2267806.790  5009351.258  3221002.927
2022  62  31571 GPS  -2267806.792  5009351.259  3221002.930
2022  62  31572 GPS  -2267806.794  5009351.273  3221002.937
2022  62  31573 GPS  -2267806.798  5009351.279  3221002.939
2022  62  31574 GPS  -2267806.804  5009351.282  3221002.947
2022  62  31575 GPS  -2267806.808  5009351.291  3221002.953
2022  62  31576 GPS  -2267806.808  5009351.302  3221002.957
2022  62  31577 GPS  -2267806.798  5009351.298  3221002.956
2022  62  31578 GPS  -2267806.791  5009351.298  3221002.958
2022  62  31579 GPS  -2267806.788  5009351.301  3221002.959
2022  62  31580 GPS  -2267806.784  5009351.304  3221002.963
2022  62  31581 GPS  -2267806.781  5009351.302  3221002.963
2022  62  31582 GPS  -2267806.779  5009351.302  3221002.966
2022  62  31583 GPS  -2267806.778  5009351.297  3221002.964
2022  62  31584 GPS  -2267806.775  5009351.299  3221002.969
2022  62  31585 GPS  -2267806.766  5009351.292  3221002.970
2022  62  31586 GPS  -2267806.759  5009351.279  3221002.968
2022  62  31587 GPS  -2267806.751  5009351.268  3221002.969
2022  62  31588 GPS  -2267806.748  5009351.256  3221002.971
2022  62  31589 GPS  -2267806.747  5009351.262  3221002.979
2022  62  31590 GPS  -2267806.746  5009351.264  3221002.985
2022  62  31591 GPS  -2267806.743  5009351.262  3221002.990
2022  62  31592 GPS  -2267806.741  5009351.256  3221002.990
2022  62  31593 GPS  -2267806.740  5009351.268  3221002.999
2022  62  31594 GPS  -2267806.742  5009351.282  3221003.008
2022  62  31595 GPS  -2267806.739  5009351.292  3221003.014
2022  62  31596 GPS  -2267806.739  5009351.302  3221003.028
2022  62  31597 GPS  -2267806.735  5009351.310  3221003.036
2022  62  31598 GPS  -2267806.732  5009351.320  3221003.038
2022  62  31599 GPS  -2267806.731  5009351.332  3221003.046
2022  62  31600 GPS  -2267806.728  5009351.343  3221003.050
2022  62  31601 GPS  -2267806.724  5009351.356  3221003.057
2022  62  31602 GPS  -2267806.720  5009351.363  3221003.067
2022  62  31603 GPS  -2267806.715  5009351.368  3221003.067
2022  62  31604 GPS  -2267806.712  5009351.379  3221003.071
2022  62  31605 GPS  -2267806.712  5009351.399  3221003.082
2022  62  31606 GPS  -2267806.713  5009351.419  3221003.091
2022  62  31607 GPS  -2267806.713  5009351.435  3221003.097
2022  62  31608 GPS  -2267806.709  5009351.452  3221003.102
2022  62  31609 GPS  -2267806.705  5009351.471  3221003.107
2022  62  31610 GPS  -2267806.706  5009351.480  3221003.112
2022  62  31611 GPS  -2267806.704  5009351.492  3221003.119
2022  62  31612 GPS  -2267806.704  5009351.501  3221003.125
2022  62  31613 GPS  -2267806.704  5009351.511  3221003.125
2022  62  31614 GPS  -2267806.700  5009351.522  3221003.126
2022  62  31615 GPS  -2267806.696  5009351.523  3221003.124
2022  62  31616 GPS  -2267806.694  5009351.526  3221003.127
2022  62  31617 GPS  -2267806.689  5009351.528  3221003.129
2022  62  31618 GPS  -2267806.685  5009351.533  3221003.131
2022  62  31619 GPS  -2267806.684  5009351.540  3221003.133
2022  62  31620 GPS  -2267806.684  5009351.547  3221003.136
2022  62  31621 GPS  -2267806.682  5009351.548  3221003.136
2022  62  31622 GPS  -2267806.678  5009351.544  3221003.130
2022  62  31623 GPS  -2267806.679  5009351.544  3221003.128
2022  62  31624 GPS  -2267806.675  5009351.545  3221003.126
2022  62  31625 GPS  -2267806.669  5009351.544  3221003.126
2022  62  31626 GPS  -2267806.667  5009351.549  3221003.129
2022  62  31627 GPS  -2267806.661  5009351.546  3221003.132
2022  62  31628 GPS  -2267806.653  5009351.546  3221003.134
2022  62  31629 GPS  -2267806.655  5009351.530  3221003.131
2022  62  31630 GPS  -2267806.658  5009351.522  3221003.127
2022  62  31631 GPS  -2267806.661  5009351.527  3221003.132
2022  62  31632 GPS  -2267806.662  5009351.519  3221003.128
2022  62  31633 GPS  -2267806.666  5009351.516  3221003.125
2022  62  31634 GPS  -2267806.671  5009351.519  3221003.121
2022  62  31635 GPS  -2267806.673  5009351.521  3221003.123
2022  62  31636 GPS  -2267806.699  5009351.796  3221003.241
2022  62  31637 GPS  -2267806.671  5009351.522  3221003.120
2022  62  31638 GPS  -2267806.668  5009351.509  3221003.115
2022  62  31639 GPS  -2267806.711  5009351.993  3221003.327
2022  62  31640 GPS  -2267806.673  5009351.685  3221003.194
2022  62  31641 GPS  -2267806.653  5009351.505  3221003.119
2022  62  31642 GPS  -2267806.651  5009351.501  3221003.116
2022  62  31643 GPS  -2267806.652  5009351.500  3221003.112
2022  62  31644 GPS  -2267806.651  5009351.490  3221003.107
2022  62  31645 GPS  -2267806.655  5009351.487  3221003.108
2022  62  31646 GPS  -2267806.656  5009351.477  3221003.101
2022  62  31647 GPS  -2267806.661  5009351.482  3221003.108
2022  62  31648 GPS  -2267806.662  5009351.497  3221003.112
2022  62  31649 GPS  -2267806.661  5009351.498  3221003.110
2022  62  31650 GPS  -2267806.660  5009351.498  3221003.113
2022  62  31651 GPS  -2267806.663  5009351.504  3221003.120
2022  62  31652 GPS  -2267806.669  5009351.511  3221003.127
2022  62  31653 GPS  -2267806.676  5009351.521  3221003.135
2022  62  31654 GPS  -2267806.682  5009351.532  3221003.142
2022  62  31655 GPS  -2267806.683  5009351.536  3221003.148
2022  62  31656 GPS  -2267806.688  5009351.546  3221003.154
2022  62  31657 GPS  -2267806.688  5009351.553  3221003.158
2022  62  31658 GPS  -2267806.689  5009351.555  3221003.163
2022  62  31659 GPS  -2267806.691  5009351.556  3221003.164
2022  62  31660 GPS  -2267806.688  5009351.568  3221003.169
2022  62  31661 GPS  -2267806.683  5009351.573  3221003.174
2022  62  31662 GPS  -2267806.683  5009351.585  3221003.184
2022  62  31663 GPS  -2267806.690  5009351.602  3221003.200
2022  62  31664 GPS  -2267806.687  5009351.603  3221003.201
2022  62  31665 GPS  -2267806.688  5009351.611  3221003.203
2022  62  31666 GPS  -2267806.692  5009351.628  3221003.211
2022  62  31667 GPS  -2267806.697  5009351.646  3221003.222
2022  62  31668 GPS  -2267806.696  5009351.660  3221003.230
2022  62  31669 GPS  -2267806.690  5009351.661  3221003.229
2022  62  31670 GPS  -2267806.685  5009351.662  3221003.227
2022  62  31671 GPS  -2267806.675  5009351.657  3221003.226
2022  62  31672 GPS  -2267806.666  5009351.652  3221003.229
2022  62  31673 GPS  -2267806.662  5009351.652  3221003.230
2022  62  31674 GPS  -2267806.659  5009351.653  3221003.234
2022  62  31675 GPS  -2267806.661  5009351.660  3221003.240
2022  62  31676 GPS  -2267806.661  5009351.657  3221003.241
2022  62  31677 GPS  -2267806.660  5009351.651  3221003.234
2022  62  31678 GPS  -2267806.658  5009351.638  3221003.225
2022  62  31679 GPS  -2267806.658  5009351.636  3221003.216
2022  62  31680 GPS  -2267806.659  5009351.637  3221003.211
2022  62  31681 GPS  -2267806.655  5009351.640  3221003.207
2022  62  31682 GPS  -2267806.656  5009351.640  3221003.202
2022  62  31683 GPS  -2267806.653  5009351.637  3221003.198
2022  62  31684 GPS  -2267806.653  5009351.638  3221003.198
2022  62  31685 GPS  -2267806.650  5009351.642  3221003.196
2022  62  31686 GPS  -2267806.648  5009351.641  3221003.195
2022  62  31687 GPS  -2267806.653  5009351.641  3221003.197
2022  62  31688 GPS  -2267806.657  5009351.650  3221003.203
2022  62  31689 GPS  -2267806.659  5009351.662  3221003.209
2022  62  31690 GPS  -2267806.664  5009351.675  3221003.218
2022  62  31691 GPS  -2267806.667  5009351.685  3221003.226
2022  62  31692 GPS  -2267806.675  5009351.699  3221003.234
2022  62  31693 GPS  -2267806.685  5009351.714  3221003.246
2022  62  31694 GPS  -2267806.696  5009351.724  3221003.251
2022  62  31695 GPS  -2267806.701  5009351.722  3221003.255
2022  62  31696 GPS  -2267806.709  5009351.731  3221003.258
2022  62  31697 GPS  -2267806.717  5009351.739  3221003.262
2022  62  31698 GPS  -2267806.720  5009351.738  3221003.263
2022  62  31699 GPS  -2267806.726  5009351.749  3221003.268
2022  62  31700 GPS  -2267806.734  5009351.763  3221003.278
2022  62  31701 GPS  -2267806.736  5009351.760  3221003.281
2022  62  31702 GPS  -2267806.731  5009351.754  3221003.278
2022  62  31703 GPS  -2267806.733  5009351.758  3221003.282
2022  62  31704 GPS  -2267806.736  5009351.764  3221003.280
2022  62  31705 GPS  -2267806.736  5009351.766  3221003.284
2022  62  31706 GPS  -2267806.735  5009351.772  3221003.281
2022  62  31707 GPS  -2267806.732  5009351.777  3221003.280
2022  62  31708 GPS  -2267806.725  5009351.771  3221003.274
2022  62  31709 GPS  -2267806.725  5009351.772  3221003.274
2022  62  31710 GPS  -2267806.726  5009351.774  3221003.277
2022  62  31711 GPS  -2267806.726  5009351.781  3221003.281
2022  62  31712 GPS  -2267806.727  5009351.791  3221003.287
2022  62  31713 GPS  -2267806.726  5009351.790  3221003.285
2022  62  31714 GPS  -2267806.727  5009351.789  3221003.283
2022  62  31715 GPS  -2267806.728  5009351.791  3221003.286
2022  62  31716 GPS  -2267806.731  5009351.797  3221003.288
2022  62  31717 GPS  -2267806.733  5009351.802  3221003.289
2022  62  31718 GPS  -2267806.737  5009351.804  3221003.290
2022  62  31719 GPS  -2267806.740  5009351.812  3221003.291
2022  62  31720 GPS  -2267806.748  5009351.824  3221003.298
2022  62  31721 GPS  -2267806.754  5009351.829  3221003.300
2022  62  31722 GPS  -2267806.755  5009351.838  3221003.299
2022  62  31723 GPS  -2267806.757  5009351.843  3221003.298
2022  62  31724 GPS  -2267806.757  5009351.845  3221003.300
2022  62  31725 GPS  -2267806.761  5009351.834  3221003.299
2022  62  31726 GPS  -2267806.765  5009351.835  3221003.303
2022  62  31727 GPS  -2267806.769  5009351.836  3221003.307
2022  62  31728 GPS  -2267806.768  5009351.830  3221003.307
2022  62  31729 GPS  -2267806.763  5009351.816  3221003.307
2022  62  31730 GPS  -2267806.761  5009351.806  3221003.300
2022  62  31731 GPS  -2267806.766  5009351.799  3221003.294
2022  62  31732 GPS  -2267806.770  5009351.801  3221003.294
2022  62  31733 GPS  -2267806.774  5009351.795  3221003.288
2022  62  31734 GPS  -2267806.779  5009351.796  3221003.290
2022  62  31735 GPS  -2267806.781  5009351.800  3221003.292
2022  62  31736 GPS  -2267806.784  5009351.801  3221003.296
2022  62  31737 GPS  -2267806.781  5009351.782  3221003.293
2022  62  31738 GPS  -2267806.777  5009351.770  3221003.291
2022  62  31739 GPS  -2267806.773  5009351.768  3221003.295
2022  62  31740 GPS  -2267806.771  5009351.761  3221003.298
2022  62  31741 GPS  -2267806.770  5009351.753  3221003.303
2022  62  31742 GPS  -2267806.765  5009351.750  3221003.302
2022  62  31743 GPS  -2267806.764  5009351.744  3221003.301
2022  62  31744 GPS  -2267806.767  5009351.746  3221003.307
2022  62  31745 GPS  -2267806.772  5009351.759  3221003.317
2022  62  31746 GPS  -2267806.775  5009351.770  3221003.329
2022  62  31747 GPS  -2267806.775  5009351.773  3221003.336
2022  62  31748 GPS  -2267806.775  5009351.777  3221003.342
2022  62  31749 GPS  -2267806.774  5009351.782  3221003.344
2022  62  31750 GPS  -2267806.774  5009351.778  3221003.344
2022  62  31751 GPS  -2267806.772  5009351.768  3221003.343
2022  62  31752 GPS  -2267806.773  5009351.763  3221003.345
2022  62  31753 GPS  -2267806.776  5009351.752  3221003.339
2022  62  31754 GPS  -2267806.774  5009351.743  3221003.333
2022  62  31755 GPS  -2267806.777  5009351.743  3221003.333
2022  62  31756 GPS  -2267806.779  5009351.737  3221003.328
2022  62  31757 GPS  -2267806.775  5009351.725  3221003.325
2022  62  31758 GPS  -2267806.773  5009351.718  3221003.322
2022  62  31759 GPS  -2267806.769  5009351.714  3221003.320
2022  62  31760 GPS  -2267806.768  5009351.709  3221003.318
2022  62  31761 GPS  -2267806.769  5009351.708  3221003.318
2022  62  31762 GPS  -2267806.770  5009351.692  3221003.313
2022  62  31763 GPS  -2267806.766  5009351.674  3221003.313
2022  62  31764 GPS  -2267806.762  5009351.667  3221003.317
2022  62  31765 GPS  -2267806.765  5009351.664  3221003.317
2022  62  31766 GPS  -2267806.758  5009351.660  3221003.316
2022  62  31767 GPS  -2267806.755  5009351.665  3221003.323
2022  62  31768 GPS  -2267806.753  5009351.660  3221003.328
2022  62  31769 GPS  -2267806.750  5009351.658  3221003.331
2022  62  31770 GPS  -2267806.752  5009351.653  3221003.332
2022  62  31771 GPS  -2267806.751  5009351.642  3221003.327
2022  62  31772 GPS  -2267806.750  5009351.629  3221003.318
2022  62  31773 GPS  -2267806.749  5009351.622  3221003.313
2022  62  31774 GPS  -2267806.748  5009351.619  3221003.310
2022  62  31775 GPS  -2267806.745  5009351.614  3221003.306
2022  62  31776 GPS  -2267806.745  5009351.612  3221003.306
2022  62  31777 GPS  -2267806.746  5009351.612  3221003.303
2022  62  31778 GPS  -2267806.753  5009351.611  3221003.299
2022  62  31779 GPS  -2267806.760  5009351.613  3221003.298
2022  62  31780 GPS  -2267806.765  5009351.618  3221003.300
2022  62  31781 GPS  -2267806.770  5009351.619  3221003.301
2022  62  31782 GPS  -2267806.770  5009351.616  3221003.302
2022  62  31783 GPS  -2267806.770  5009351.618  3221003.304
2022  62  31784 GPS  -2267806.773  5009351.619  3221003.305
2022  62  31785 GPS  -2267806.775  5009351.625  3221003.310
2022  62  31786 GPS  -2267806.772  5009351.630  3221003.317
2022  62  31787 GPS  -2267806.773  5009351.634  3221003.324
2022  62  31788 GPS  -2267806.777  5009351.633  3221003.329
2022  62  31789 GPS  -2267806.776  5009351.627  3221003.333
2022  62  31790 GPS  -2267806.776  5009351.638  3221003.340
2022  62  31791 GPS  -2267806.779  5009351.639  3221003.345
2022  62  31792 GPS  -2267806.779  5009351.636  3221003.344
2022  62  31793 GPS  -2267806.784  5009351.638  3221003.347
2022  62  31794 GPS  -2267806.786  5009351.643  3221003.354
2022  62  31795 GPS  -2267806.791  5009351.649  3221003.362
2022  62  31796 GPS  -2267806.797  5009351.660  3221003.369
2022  62  31797 GPS  -2267806.801  5009351.666  3221003.372
2022  62  31798 GPS  -2267806.807  5009351.669  3221003.380
2022  62  31799 GPS  -2267806.807  5009351.674  3221003.383
2022  62  31800 GPS  -2267806.805  5009351.670  3221003.381
2022  62  31801 GPS  -2267806.804  5009351.661  3221003.377
2022  62  31802 GPS  -2267806.801  5009351.655  3221003.371
2022  62  31803 GPS  -2267806.806  5009351.652  3221003.369
2022  62  31804 GPS  -2267806.806  5009351.664  3221003.375
2022  62  31805 GPS  -2267806.804  5009351.664  3221003.373
2022  62  31806 GPS  -2267806.809  5009351.663  3221003.369
2022  62  31807 GPS  -2267806.809  5009351.652  3221003.362
2022  62  31808 GPS  -2267806.807  5009351.642  3221003.350
2022  62  31809 GPS  -2267806.809  5009351.640  3221003.345
2022  62  31810 GPS  -2267806.808  5009351.637  3221003.339
2022  62  31811 GPS  -2267806.802  5009351.633  3221003.336
2022  62  31812 GPS  -2267806.805  5009351.644  3221003.340
2022  62  31813 GPS  -2267806.810  5009351.656  3221003.340
2022  62  31814 GPS  -2267806.813  5009351.652  3221003.335
2022  62  31815 GPS  -2267806.818  5009351.660  3221003.340
2022  62  31816 GPS  -2267806.820  5009351.664  3221003.342
2022  62  31817 GPS  -2267806.828  5009351.669  3221003.345
2022  62  31818 GPS  -2267806.827  5009351.668  3221003.341
2022  62  31819 GPS  -2267806.826  5009351.658  3221003.330
2022  62  31820 GPS  -2267806.828  5009351.661  3221003.328
2022  62  31821 GPS  -2267806.832  5009351.663  3221003.329
2022  62  31822 GPS  -2267806.826  5009351.655  3221003.323
2022  62  31823 GPS  -2267806.824  5009351.661  3221003.323
2022  62  31824 GPS  -2267806.822  5009351.665  3221003.327
2022  62  31825 GPS  -2267806.821  5009351.664  3221003.328
2022  62  31826 GPS  -2267806.819  5009351.663  3221003.330
2022  62  31827 GPS  -2267806.813  5009351.656  3221003.330
2022  62  31828 GPS  -2267806.806  5009351.656  3221003.327
2022  62  31829 GPS  -2267806.798  5009351.649  3221003.326
2022  62  31830 GPS  -2267806.798  5009351.652  3221003.327
2022  62  31831 GPS  -2267806.801  5009351.654  3221003.326
2022  62  31832 GPS  -2267806.798  5009351.652  3221003.321
2022  62  31833 GPS  -2267806.802  5009351.662  3221003.327
2022  62  31834 GPS  -2267806.801  5009351.653  3221003.324
2022  62  31835 GPS  -2267806.805  5009351.652  3221003.318
2022  62  31836 GPS  -2267806.805  5009351.645  3221003.309
2022  62  31837 GPS  -2267806.808  5009351.644  3221003.304
2022  62  31838 GPS  -2267806.807  5009351.642  3221003.300
2022  62  31839 GPS  -2267806.808  5009351.644  3221003.299
2022  62  31840 GPS  -2267806.812  5009351.659  3221003.300
2022  62  31841 GPS  -2267806.815  5009351.669  3221003.303
2022  62  31842 GPS  -2267806.813  5009351.668  3221003.300
2022  62  31843 GPS  -2267806.817  5009351.668  3221003.302
2022  62  31844 GPS  -2267806.818  5009351.660  3221003.302
2022  62  31845 GPS  -2267806.817  5009351.662  3221003.302
2022  62  31846 GPS  -2267806.817  5009351.653  3221003.298
2022  62  31847 GPS  -2267806.815  5009351.639  3221003.293
2022  62  31848 GPS  -2267806.813  5009351.633  3221003.291
2022  62  31849 GPS  -2267806.809  5009351.630  3221003.289
2022  62  31850 GPS  -2267806.801  5009351.609  3221003.279
2022  62  31851 GPS  -2267806.792  5009351.593  3221003.271
2022  62  31852 GPS  -2267806.783  5009351.573  3221003.259
2022  62  31853 GPS  -2267806.777  5009351.572  3221003.258
2022  62  31854 GPS  -2267806.778  5009351.569  3221003.259
2022  62  31855 GPS  -2267806.778  5009351.565  3221003.257
2022  62  31856 GPS  -2267806.777  5009351.554  3221003.254
2022  62  31857 GPS  -2267806.775  5009351.549  3221003.248
2022  62  31858 GPS  -2267806.775  5009351.550  3221003.247
2022  62  31859 GPS  -2267806.771  5009351.548  3221003.250
2022  62  31860 GPS  -2267806.776  5009351.556  3221003.251
2022  62  31861 GPS  -2267806.777  5009351.564  3221003.252
2022  62  31862 GPS  -2267806.780  5009351.574  3221003.258
2022  62  31863 GPS  -2267806.783  5009351.580  3221003.263
2022  62  31864 GPS  -2267806.784  5009351.588  3221003.269
2022  62  31865 GPS  -2267806.781  5009351.594  3221003.270
2022  62  31866 GPS  -2267806.785  5009351.606  3221003.273
2022  62  31867 GPS  -2267806.785  5009351.609  3221003.268
2022  62  31868 GPS  -2267806.791  5009351.617  3221003.273
2022  62  31869 GPS  -2267806.791  5009351.622  3221003.274
2022  62  31870 GPS  -2267806.794  5009351.633  3221003.277
2022  62  31871 GPS  -2267806.799  5009351.638  3221003.280
2022  62  31872 GPS  -2267806.798  5009351.642  3221003.283
2022  62  31873 GPS  -2267806.797  5009351.644  3221003.287
2022  62  31874 GPS  -2267806.798  5009351.648  3221003.290
2022  62  31875 GPS  -2267806.797  5009351.660  3221003.295
2022  62  31876 GPS  -2267806.795  5009351.647  3221003.291
2022  62  31877 GPS  -2267806.795  5009351.652  3221003.293
2022  62  31878 GPS  -2267806.792  5009351.646  3221003.292
2022  62  31879 GPS  -2267806.788  5009351.639  3221003.296
2022  62  31880 GPS  -2267806.788  5009351.637  3221003.296
2022  62  31881 GPS  -2267806.782  5009351.627  3221003.290
2022  62  31882 GPS  -2267806.774  5009351.624  3221003.290
2022  62  31883 GPS  -2267806.768  5009351.624  3221003.292
2022  62  31884 GPS  -2267806.766  5009351.622  3221003.297
2022  62  31885 GPS  -2267806.760  5009351.617  3221003.298
2022  62  31886 GPS  -2267806.751  5009351.626  3221003.307
2022  62  31887 GPS  -2267806.749  5009351.619  3221003.312
2022  62  31888 GPS  -2267806.749  5009351.625  3221003.315
2022  62  31889 GPS  -2267806.748  5009351.626  3221003.313
2022  62  31890 GPS  -2267806.756  5009351.631  3221003.317
2022  62  31891 GPS  -2267806.760  5009351.630  3221003.316
2022  62  31892 GPS  -2267806.763  5009351.647  3221003.323
2022  62  31893 GPS  -2267806.771  5009351.651  3221003.328
2022  62  31894 GPS  -2267806.771  5009351.648  3221003.328
2022  62  31895 GPS  -2267806.773  5009351.652  3221003.331
2022  62  31896 GPS  -2267806.772  5009351.650  3221003.331
2022  62  31897 GPS  -2267806.770  5009351.640  3221003.329
2022  62  31898 GPS  -2267806.771  5009351.636  3221003.327
2022  62  31899 GPS  -2267806.772  5009351.630  3221003.325
2022  62  31900 GPS  -2267806.767  5009351.615  3221003.318
2022  62  31901 GPS  -2267806.763  5009351.611  3221003.320
2022  62  31902 GPS  -2267806.758  5009351.609  3221003.318
2022  62  31903 GPS  -2267806.759  5009351.610  3221003.319
2022  62  31904 GPS  -2267806.763  5009351.615  3221003.322
2022  62  31905 GPS  -2267806.760  5009351.609  3221003.322
2022  62  31906 GPS  -2267806.756  5009351.614  3221003.327
2022  62  31907 GPS  -2267806.753  5009351.613  3221003.327
2022  62  31908 GPS  -2267806.749  5009351.607  3221003.329
2022  62  31909 GPS  -2267806.746  5009351.612  3221003.331
2022  62  31910 GPS  -2267806.739  5009351.619  3221003.336
2022  62  31911 GPS  -2267806.725  5009351.625  3221003.336
2022  62  31912 GPS  -2267806.719  5009351.629  3221003.332
2022  62  31913 GPS  -2267806.710  5009351.616  3221003.324
2022  62  31914 GPS  -2267806.700  5009351.598  3221003.313
2022  62  31915 GPS  -2267806.692  5009351.584  3221003.307
2022  62  31916 GPS  -2267806.687  5009351.579  3221003.303
2022  62  31917 GPS  -2267806.678  5009351.573  3221003.301
2022  62  31918 GPS  -2267806.674  5009351.570  3221003.304
2022  62  31919 GPS  -2267806.668  5009351.560  3221003.300
2022  62  31920 GPS  -2267806.663  5009351.557  3221003.300
2022  62  31921 GPS  -2267806.659  5009351.558  3221003.298
2022  62  31922 GPS  -2267806.654  5009351.549  3221003.290
2022  62  31923 GPS  -2267806.649  5009351.553  3221003.289
2022  62  31924 GPS  -2267806.646  5009351.544  3221003.286
2022  62  31925 GPS  -2267806.644  5009351.547  3221003.286
2022  62  31926 GPS  -2267806.653  5009351.556  3221003.291
2022  62  31927 GPS  -2267806.657  5009351.560  3221003.296
2022  62  31928 GPS  -2267806.659  5009351.553  3221003.295
2022  62  31929 GPS  -2267806.663  5009351.550  3221003.296
2022  62  31930 GPS  -2267806.664  5009351.541  3221003.292
2022  62  31931 GPS  -2267806.664  5009351.537  3221003.294
2022  62  31932 GPS  -2267806.671  5009351.545  3221003.297
2022  62  31933 GPS  -2267806.681  5009351.560  3221003.301
2022  62  31934 GPS  -2267806.688  5009351.562  3221003.300
2022  62  31935 GPS  -2267806.693  5009351.565  3221003.300
2022  62  31936 GPS  -2267806.693  5009351.560  3221003.297
2022  62  31937 GPS  -2267806.691  5009351.557  3221003.293
2022  62  31938 GPS  -2267806.691  5009351.548  3221003.285
2022  62  31939 GPS  -2267806.685  5009351.538  3221003.277
2022  62  31940 GPS  -2267806.685  5009351.539  3221003.269
2022  62  31941 GPS  -2267806.687  5009351.543  3221003.265
2022  62  31942 GPS  -2267806.683  5009351.540  3221003.260
2022  62  31943 GPS  -2267806.679  5009351.544  3221003.258
2022  62  31944 GPS  -2267806.673  5009351.533  3221003.251
2022  62  31945 GPS  -2267806.665  5009351.526  3221003.242
2022  62  31946 GPS  -2267806.662  5009351.521  3221003.242
2022  62  31947 GPS  -2267806.663  5009351.520  3221003.241
2022  62  31948 GPS  -2267806.662  5009351.523  3221003.238
2022  62  31949 GPS  -2267806.661  5009351.523  3221003.234
2022  62  31950 GPS  -2267806.659  5009351.520  3221003.227
2022  62  31951 GPS  -2267806.662  5009351.523  3221003.230
2022  62  31952 GPS  -2267806.673  5009351.521  3221003.229
2022  62  31953 GPS  -2267806.677  5009351.519  3221003.228
2022  62  31954 GPS  -2267806.683  5009351.530  3221003.231
2022  62  31955 GPS  -2267806.684  5009351.539  3221003.228
2022  62  31956 GPS  -2267806.687  5009351.548  3221003.225
2022  62  31957 GPS  -2267806.684  5009351.559  3221003.226
2022  62  31958 GPS  -2267806.684  5009351.563  3221003.227
2022  62  31959 GPS  -2267806.687  5009351.557  3221003.226
2022  62  31960 GPS  -2267806.684  5009351.552  3221003.226
2022  62  31961 GPS  -2267806.676  5009351.546  3221003.222
2022  62  31962 GPS  -2267806.677  5009351.551  3221003.220
2022  62  31963 GPS  -2267806.676  5009351.549  3221003.215
2022  62  31964 GPS  -2267806.669  5009351.543  3221003.207
2022  62  31965 GPS  -2267806.664  5009351.534  3221003.197
2022  62  31966 GPS  -2267806.665  5009351.522  3221003.189
2022  62  31967 GPS  -2267806.663  5009351.515  3221003.183
2022  62  31968 GPS  -2267806.659  5009351.504  3221003.180
2022  62  31969 GPS  -2267806.645  5009351.481  3221003.173
2022  62  31970 GPS  -2267806.639  5009351.463  3221003.165
2022  62  31971 GPS  -2267806.630  5009351.454  3221003.159
2022  62  31972 GPS  -2267806.619  5009351.436  3221003.153
2022  62  31973 GPS  -2267806.608  5009351.421  3221003.150
2022  62  31974 GPS  -2267806.606  5009351.411  3221003.148
2022  62  31975 GPS  -2267806.607  5009351.403  3221003.146
2022  62  31976 GPS  -2267806.607  5009351.391  3221003.141
2022  62  31977 GPS  -2267806.608  5009351.379  3221003.140
2022  62  31978 GPS  -2267806.607  5009351.365  3221003.135
2022  62  31979 GPS  -2267806.613  5009351.360  3221003.138
2022  62  31980 GPS  -2267806.617  5009351.351  3221003.141
2022  62  31981 GPS  -2267806.621  5009351.355  3221003.145
2022  62  31982 GPS  -2267806.622  5009351.355  3221003.148
2022  62  31983 GPS  -2267806.616  5009351.347  3221003.144
2022  62  31984 GPS  -2267806.615  5009351.351  3221003.148
2022  62  31985 GPS  -2267806.615  5009351.354  3221003.152
2022  62  31986 GPS  -2267806.615  5009351.366  3221003.161
2022  62  31987 GPS  -2267806.613  5009351.375  3221003.171
2022  62  31988 GPS  -2267806.609  5009351.382  3221003.174
2022  62  31989 GPS  -2267806.612  5009351.383  3221003.176
2022  62  31990 GPS  -2267806.613  5009351.380  3221003.174
2022  62  31991 GPS  -2267806.611  5009351.367  3221003.168
2022  62  31992 GPS  -2267806.606  5009351.351  3221003.159
2022  62  31993 GPS  -2267806.602  5009351.338  3221003.148
2022  62  31994 GPS  -2267806.598  5009351.338  3221003.148
2022  62  31995 GPS  -2267806.594  5009351.328  3221003.141
2022  62  31996 GPS  -2267806.596  5009351.316  3221003.138
2022  62  31997 GPS  -2267806.599  5009351.315  3221003.138
2022  62  31998 GPS  -2267806.611  5009351.322  3221003.140
2022  62  31999 GPS  -2267806.619  5009351.324  3221003.139
2022  62  32000 GPS  -2267806.624  5009351.330  3221003.141
2022  62  32001 GPS  -2267806.631  5009351.325  3221003.141
2022  62  32002 GPS  -2267806.634  5009351.321  3221003.136
2022  62  32003 GPS  -2267806.628  5009351.232  3221003.093
2022  62  32004 GPS  -2267806.775  5009352.390  3221003.594
2022  62  32005 GPS  -2267806.711  5009351.882  3221003.373
2022  62  32006 GPS  -2267806.685  5009351.663  3221003.276
2022  62  32007 GPS  -2267806.722  5009351.929  3221003.387
2022  62  32008 GPS  -2267806.749  5009352.123  3221003.462
2022  62  32009 GPS  -2267806.753  5009352.127  3221003.455
2022  62  32010 GPS  -2267806.725  5009351.871  3221003.343
2022  62  32011 GPS  -2267806.697  5009351.603  3221003.225
2022  62  32012 GPS  -2267806.690  5009351.546  3221003.198
2022  62  32013 GPS  -2267806.695  5009351.527  3221003.186
2022  62  32014 GPS  -2267806.671  5009351.306  3221003.087
2022  62  32015 GPS  -2267806.663  5009351.272  3221003.069
2022  62  32016 GPS  -2267806.664  5009351.264  3221003.061
2022  62  32017 GPS  -2267806.654  5009351.247  3221003.050
2022  62  32018 GPS  -2267806.646  5009351.229  3221003.036
2022  62  32019 GPS  -2267806.639  5009351.217  3221003.026
2022  62  32020 GPS  -2267806.635  5009351.212  3221003.020
2022  62  32021 GPS  -2267806.629  5009351.202  3221003.012
2022  62  32022 GPS  -2267806.621  5009351.190  3221003.004
2022  62  32023 GPS  -2267806.615  5009351.183  3221003.005
2022  62  32024 GPS  -2267806.612  5009351.176  3221003.003
2022  62  32025 GPS  -2267806.609  5009351.168  3221003.003
2022  62  32026 GPS  -2267806.600  5009351.162  3221003.001
2022  62  32027 GPS  -2267806.597  5009351.157  3221002.998
2022  62  32028 GPS  -2267806.591  5009351.154  3221002.994
2022  62  32029 GPS  -2267806.584  5009351.152  3221002.988
2022  62  32030 GPS  -2267806.576  5009351.144  3221002.981
2022  62  32031 GPS  -2267806.571  5009351.143  3221002.979
2022  62  32032 GPS  -2267806.571  5009351.150  3221002.977
2022  62  32033 GPS  -2267806.574  5009351.156  3221002.980
2022  62  32034 GPS  -2267806.574  5009351.167  3221002.981
2022  62  32035 GPS  -2267806.578  5009351.175  3221002.984
2022  62  32036 GPS  -2267806.580  5009351.169  3221002.982
2022  62  32037 GPS  -2267806.581  5009351.179  3221002.985
2022  62  32038 GPS  -2267806.580  5009351.182  3221002.987
2022  62  32039 GPS  -2267806.578  5009351.187  3221002.987
2022  62  32040 GPS  -2267806.582  5009351.200  3221002.990
2022  62  32041 GPS  -2267806.578  5009351.201  3221002.988
2022  62  32042 GPS  -2267806.577  5009351.191  3221002.985
2022  62  32043 GPS  -2267806.576  5009351.188  3221002.985
2022  62  32044 GPS  -2267806.575  5009351.184  3221002.989
2022  62  32045 GPS  -2267806.572  5009351.176  3221002.989
2022  62  32046 GPS  -2267806.574  5009351.167  3221002.992
2022  62  32047 GPS  -2267806.572  5009351.153  3221002.992
2022  62  32048 GPS  -2267806.571  5009351.136  3221002.986
2022  62  32049 GPS  -2267806.572  5009351.135  3221002.991
2022  62  32050 GPS  -2267806.570  5009351.138  3221002.992
2022  62  32051 GPS  -2267806.568  5009351.138  3221002.997
2022  62  32052 GPS  -2267806.568  5009351.136  3221003.003
2022  62  32053 GPS  -2267806.574  5009351.145  3221003.012
2022  62  32054 GPS  -2267806.577  5009351.148  3221003.017
2022  62  32055 GPS  -2267806.577  5009351.137  3221003.010
2022  62  32056 GPS  -2267806.581  5009351.127  3221003.008
2022  62  32057 GPS  -2267806.584  5009351.117  3221003.008
2022  62  32058 GPS  -2267806.584  5009351.120  3221003.012
2022  62  32059 GPS  -2267806.592  5009351.127  3221003.014
2022  62  32060 GPS  -2267806.593  5009351.129  3221003.011
2022  62  32061 GPS  -2267806.600  5009351.127  3221003.013
2022  62  32062 GPS  -2267806.606  5009351.130  3221003.015
2022  62  32063 GPS  -2267806.607  5009351.127  3221003.014
2022  62  32064 GPS  -2267806.607  5009351.121  3221003.014
2022  62  32065 GPS  -2267806.607  5009351.106  3221003.007
2022  62  32066 GPS  -2267806.609  5009351.101  3221003.007
2022  62  32067 GPS  -2267806.618  5009351.113  3221003.018
2022  62  32068 GPS  -2267806.624  5009351.111  3221003.018
2022  62  32069 GPS  -2267806.630  5009351.114  3221003.020
2022  62  32070 GPS  -2267806.636  5009351.130  3221003.029
2022  62  32071 GPS  -2267806.634  5009351.134  3221003.033
2022  62  32072 GPS  -2267806.636  5009351.144  3221003.042
2022  62  32073 GPS  -2267806.635  5009351.143  3221003.043
2022  62  32074 GPS  -2267806.629  5009351.136  3221003.033
2022  62  32075 GPS  -2267806.625  5009351.125  3221003.022
2022  62  32076 GPS  -2267806.622  5009351.124  3221003.017
2022  62  32077 GPS  -2267806.623  5009351.129  3221003.019
2022  62  32078 GPS  -2267806.623  5009351.123  3221003.012
2022  62  32079 GPS  -2267806.622  5009351.107  3221002.998
2022  62  32080 GPS  -2267806.619  5009351.099  3221002.985
2022  62  32081 GPS  -2267806.618  5009351.090  3221002.976
2022  62  32082 GPS  -2267806.622  5009351.079  3221002.966
2022  62  32083 GPS  -2267806.623  5009351.061  3221002.953
2022  62  32084 GPS  -2267806.630  5009351.066  3221002.957
2022  62  32085 GPS  -2267806.634  5009351.071  3221002.962
2022  62  32086 GPS  -2267806.636  5009351.085  3221002.970
2022  62  32087 GPS  -2267806.638  5009351.095  3221002.970
2022  62  32088 GPS  -2267806.631  5009351.086  3221002.963
2022  62  32089 GPS  -2267806.627  5009351.081  3221002.960
2022  62  32090 GPS  -2267806.631  5009351.093  3221002.963
2022  62  32091 GPS  -2267806.632  5009351.092  3221002.961
2022  62  32092 GPS  -2267806.631  5009351.095  3221002.958
2022  62  32093 GPS  -2267806.630  5009351.094  3221002.958
2022  62  32094 GPS  -2267806.632  5009351.095  3221002.957
2022  62  32095 GPS  -2267806.630  5009351.081  3221002.949
2022  62  32096 GPS  -2267806.630  5009351.075  3221002.940
2022  62  32097 GPS  -2267806.628  5009351.075  3221002.933
2022  62  32098 GPS  -2267806.627  5009351.076  3221002.932
2022  62  32099 GPS  -2267807.108  5009351.744  3221003.148
2022  62  32100 GPS  -2267807.113  5009351.752  3221003.148
2022  62  32101 GPS  -2267807.115  5009351.752  3221003.145
2022  62  32102 GPS  -2267807.115  5009351.756  3221003.146
2022  62  32103 GPS  -2267807.114  5009351.754  3221003.143
2022  62  32104 GPS  -2267807.120  5009351.766  3221003.152
2022  62  32105 GPS  -2267807.120  5009351.771  3221003.160
2022  62  32106 GPS  -2267807.124  5009351.781  3221003.173
2022  62  32107 GPS  -2267807.124  5009351.781  3221003.182
2022  62  32108 GPS  -2267807.122  5009351.784  3221003.189
2022  62  32109 GPS  -2267807.121  5009351.788  3221003.198
2022  62  32110 GPS  -2267807.118  5009351.785  3221003.203
2022  62  32111 GPS  -2267807.117  5009351.780  3221003.206
2022  62  32112 GPS  -2267807.123  5009351.790  3221003.221
2022  62  32113 GPS  -2267807.125  5009351.785  3221003.227
2022  62  32114 GPS  -2267807.131  5009351.795  3221003.237
2022  62  32115 GPS  -2267807.136  5009351.804  3221003.247
2022  62  32116 GPS  -2267807.145  5009351.821  3221003.260
2022  62  32117 GPS  -2267807.140  5009351.824  3221003.265
2022  62  32118 GPS  -2267807.142  5009351.829  3221003.268
2022  62  32119 GPS  -2267807.144  5009351.828  3221003.268
2022  62  32120 GPS  -2267807.147  5009351.836  3221003.273
2022  62  32121 GPS  -2267807.148  5009351.838  3221003.281
2022  62  32122 GPS  -2267807.151  5009351.840  3221003.289
2022  62  32123 GPS  -2267807.154  5009351.837  3221003.293
2022  62  32124 GPS  -2267807.154  5009351.842  3221003.302
2022  62  32125 GPS  -2267807.153  5009351.846  3221003.308
2022  62  32126 GPS  -2267807.155  5009351.854  3221003.313
2022  62  32127 GPS  -2267807.158  5009351.870  3221003.320
2022  62  32128 GPS  -2267807.155  5009351.866  3221003.316
2022  62  32129 GPS  -2267807.151  5009351.865  3221003.314
2022  62  32130 GPS  -2267807.147  5009351.859  3221003.306
2022  62  32131 GPS  -2267807.143  5009351.854  3221003.300
2022  62  32132 GPS  -2267807.137  5009351.842  3221003.292
2022  62  32133 GPS  -2267807.132  5009351.835  3221003.288
2022  62  32134 GPS  -2267807.132  5009351.836  3221003.290
2022  62  32135 GPS  -2267807.134  5009351.834  3221003.291
2022  62  32136 GPS  -2267807.128  5009351.828  3221003.290
2022  62  32137 GPS  -2267807.124  5009351.825  3221003.290
2022  62  32138 GPS  -2267807.123  5009351.825  3221003.291
2022  62  32139 GPS  -2267807.122  5009351.819  3221003.292
2022  62  32140 GPS  -2267807.126  5009351.833  3221003.303
2022  62  32141 GPS  -2267807.126  5009351.837  3221003.303
2022  62  32142 GPS  -2267807.129  5009351.855  3221003.312
2022  62  32143 GPS  -2267807.133  5009351.870  3221003.312
2022  62  32144 GPS  -2267807.134  5009351.872  3221003.304
2022  62  32145 GPS  -2267807.132  5009351.872  3221003.299
2022  62  32146 GPS  -2267807.133  5009351.866  3221003.289
2022  62  32147 GPS  -2267807.133  5009351.866  3221003.287
2022  62  32148 GPS  -2267807.133  5009351.863  3221003.280
2022  62  32149 GPS  -2267807.133  5009351.860  3221003.277
2022  62  32150 GPS  -2267807.137  5009351.856  3221003.271
2022  62  32151 GPS  -2267807.138  5009351.860  3221003.268
2022  62  32152 GPS  -2267807.136  5009351.858  3221003.264
2022  62  32153 GPS  -2267807.136  5009351.856  3221003.263
2022  62  32154 GPS  -2267807.137  5009351.851  3221003.260
2022  62  32155 GPS  -2267807.135  5009351.849  3221003.257
2022  62  32156 GPS  -2267807.127  5009351.841  3221003.256
2022  62  32157 GPS  -2267807.124  5009351.841  3221003.264
2022  62  32158 GPS  -2267807.118  5009351.837  3221003.269
2022  62  32159 GPS  -2267807.111  5009351.833  3221003.269
2022  62  32160 GPS  -2267807.107  5009351.828  3221003.269
2022  62  32161 GPS  -2267807.103  5009351.828  3221003.268
2022  62  32162 GPS  -2267807.099  5009351.821  3221003.264
2022  62  32163 GPS  -2267807.099  5009351.812  3221003.260
2022  62  32164 GPS  -2267807.101  5009351.806  3221003.260
2022  62  32165 GPS  -2267807.099  5009351.798  3221003.251
2022  62  32166 GPS  -2267807.099  5009351.801  3221003.250
2022  62  32167 GPS  -2267807.096  5009351.796  3221003.248
2022  62  32168 GPS  -2267807.097  5009351.799  3221003.253
2022  62  32169 GPS  -2267807.103  5009351.804  3221003.258
2022  62  32170 GPS  -2267807.106  5009351.810  3221003.261
2022  62  32171 GPS  -2267807.110  5009351.822  3221003.268
2022  62  32172 GPS  -2267807.117  5009351.834  3221003.277
2022  62  32173 GPS  -2267807.124  5009351.843  3221003.286
2022  62  32174 GPS  -2267807.134  5009351.850  3221003.296
2022  62  32175 GPS  -2267807.141  5009351.847  3221003.295
2022  62  32176 GPS  -2267807.151  5009351.862  3221003.298
2022  62  32177 GPS  -2267807.156  5009351.864  3221003.301
2022  62  32178 GPS  -2267807.163  5009351.870  3221003.302
2022  62  32179 GPS  -2267807.170  5009351.877  3221003.304
2022  62  32180 GPS  -2267807.179  5009351.881  3221003.306
2022  62  32181 GPS  -2267807.177  5009351.883  3221003.309
2022  62  32182 GPS  -2267807.182  5009351.892  3221003.314
2022  62  32183 GPS  -2267807.188  5009351.893  3221003.313
2022  62  32184 GPS  -2267807.189  5009351.892  3221003.310
2022  62  32185 GPS  -2267807.197  5009351.897  3221003.309
2022  62  32186 GPS  -2267807.199  5009351.911  3221003.317
2022  62  32187 GPS  -2267807.205  5009351.925  3221003.320
2022  62  32188 GPS  -2267807.212  5009351.935  3221003.322
2022  62  32189 GPS  -2267807.211  5009351.938  3221003.321
2022  62  32190 GPS  -2267807.216  5009351.948  3221003.325
2022  62  32191 GPS  -2267807.221  5009351.966  3221003.332
2022  62  32192 GPS  -2267807.225  5009351.978  3221003.338
2022  62  32193 GPS  -2267807.231  5009351.987  3221003.341
2022  62  32194 GPS  -2267807.235  5009352.000  3221003.346
2022  62  32195 GPS  -2267807.241  5009352.022  3221003.358
2022  62  32196 GPS  -2267807.249  5009352.043  3221003.364
2022  62  32197 GPS  -2267807.253  5009352.057  3221003.369
2022  62  32198 GPS  -2267807.259  5009352.078  3221003.381
2022  62  32199 GPS  -2267807.265  5009352.099  3221003.395
2022  62  32200 GPS  -2267807.266  5009352.113  3221003.405
2022  62  32201 GPS  -2267807.265  5009352.126  3221003.408
2022  62  32202 GPS  -2267807.272  5009352.145  3221003.413
2022  62  32203 GPS  -2267807.281  5009352.165  3221003.419
2022  62  32204 GPS  -2267807.283  5009352.172  3221003.412
2022  62  32205 GPS  -2267807.285  5009352.169  3221003.410
2022  62  32206 GPS  -2267807.289  5009352.170  3221003.408
2022  62  32207 GPS  -2267807.289  5009352.161  3221003.402
2022  62  32208 GPS  -2267807.290  5009352.161  3221003.399
2022  62  32209 GPS  -2267807.293  5009352.156  3221003.397
2022  62  32210 GPS  -2267807.293  5009352.153  3221003.397
2022  62  32211 GPS  -2267807.291  5009352.147  3221003.392
2022  62  32212 GPS  -2267807.283  5009352.136  3221003.382
2022  62  32213 GPS  -2267807.278  5009352.121  3221003.370
2022  62  32214 GPS  -2267807.268  5009352.099  3221003.359
2022  62  32215 GPS  -2267807.255  5009352.079  3221003.348
2022  62  32216 GPS  -2267807.245  5009352.061  3221003.335
2022  62  32217 GPS  -2267807.239  5009352.042  3221003.329
2022  62  32218 GPS  -2267807.231  5009352.026  3221003.323
2022  62  32219 GPS  -2267807.228  5009352.014  3221003.320
2022  62  32220 GPS  -2267807.222  5009351.995  3221003.314
2022  62  32221 GPS  -2267807.215  5009351.978  3221003.306
2022  62  32222 GPS  -2267807.214  5009351.970  3221003.298
2022  62  32223 GPS  -2267807.213  5009351.965  3221003.290
2022  62  32224 GPS  -2267807.220  5009351.967  3221003.288
2022  62  32225 GPS  -2267807.218  5009351.963  3221003.281
2022  62  32226 GPS  -2267807.221  5009351.972  3221003.279
2022  62  32227 GPS  -2267807.228  5009351.982  3221003.279
2022  62  32228 GPS  -2267807.230  5009351.995  3221003.277
2022  62  32229 GPS  -2267807.237  5009351.996  3221003.276
2022  62  32230 GPS  -2267807.238  5009352.000  3221003.274
2022  62  32231 GPS  -2267807.240  5009352.009  3221003.275
2022  62  32232 GPS  -2267807.242  5009352.012  3221003.274
2022  62  32233 GPS  -2267807.243  5009352.015  3221003.271
2022  62  32234 GPS  -2267807.242  5009352.016  3221003.270
2022  62  32235 GPS  -2267807.241  5009352.025  3221003.274
2022  62  32236 GPS  -2267807.245  5009352.041  3221003.283
2022  62  32237 GPS  -2267807.244  5009352.054  3221003.288
2022  62  32238 GPS  -2267807.244  5009352.069  3221003.297
2022  62  32239 GPS  -2267807.237  5009352.075  3221003.304
2022  62  32240 GPS  -2267807.236  5009352.082  3221003.309
2022  62  32241 GPS  -2267807.238  5009352.088  3221003.314
2022  62  32242 GPS  -2267807.241  5009352.097  3221003.318
2022  62  32243 GPS  -2267807.242  5009352.109  3221003.317
2022  62  32244 GPS  -2267807.237  5009352.122  3221003.320
2022  62  32245 GPS  -2267807.239  5009352.137  3221003.325
2022  62  32246 GPS  -2267807.241  5009352.150  3221003.332
2022  62  32247 GPS  -2267807.242  5009352.149  3221003.331
2022  62  32248 GPS  -2267807.243  5009352.144  3221003.329
2022  62  32249 GPS  -2267807.249  5009352.150  3221003.328
2022  62  32250 GPS  -2267807.252  5009352.151  3221003.325
2022  62  32251 GPS  -2267807.257  5009352.144  3221003.317
2022  62  32252 GPS  -2267807.270  5009352.318  3221003.390
2022  62  32253 GPS  -2267807.257  5009352.135  3221003.306
2022  62  32254 GPS  -2267807.255  5009352.126  3221003.301
2022  62  32255 GPS  -2267807.254  5009352.130  3221003.304
2022  62  32256 GPS  -2267807.254  5009352.129  3221003.302
2022  62  32257 GPS  -2267807.256  5009352.130  3221003.302
2022  62  32258 GPS  -2267807.261  5009352.139  3221003.305
2022  62  32259 GPS  -2267807.261  5009352.146  3221003.306
2022  62  32260 GPS  -2267807.259  5009352.151  3221003.310
2022  62  32261 GPS  -2267807.259  5009352.153  3221003.311
2022  62  32262 GPS  -2267807.258  5009352.160  3221003.315
2022  62  32263 GPS  -2267807.301  5009352.723  3221003.565
2022  62  32264 GPS  -2267807.321  5009353.040  3221003.711
2022  62  32265 GPS  -2267807.306  5009352.891  3221003.650
2022  62  32266 GPS  -2267807.273  5009352.447  3221003.459
2022  62  32267 GPS  -2267807.255  5009352.226  3221003.368
2022  62  32268 GPS  -2267807.277  5009352.530  3221003.507
2022  62  32269 GPS  -2267807.255  5009352.297  3221003.405
2022  62  32270 GPS  -2267807.243  5009352.195  3221003.362
2022  62  32271 GPS  -2267807.234  5009352.183  3221003.358
2022  62  32272 GPS  -2267807.208  5009351.936  3221003.247
2022  62  32273 GPS  -2267807.223  5009352.221  3221003.371
2022  62  32274 GPS  -2267807.218  5009352.062  3221003.302
2022  62  32275 GPS  -2267807.256  5009352.525  3221003.511
2022  62  32276 GPS  -2267807.269  5009352.688  3221003.585
2022  62  32277 GPS  -2267807.277  5009352.815  3221003.644
2022  62  32278 GPS  -2267807.220  5009352.076  3221003.318
2022  62  32279 GPS  -2267807.205  5009351.883  3221003.232
2022  62  32280 GPS  -2267807.242  5009352.237  3221003.390
2022  62  32281 GPS  -2267807.263  5009352.387  3221003.458
2022  62  32282 GPS  -2267807.268  5009352.437  3221003.479
2022  62  32283 GPS  -2267807.240  5009352.014  3221003.292
2022  62  32284 GPS  -2267807.248  5009352.149  3221003.351
2022  62  32285 GPS  -2267807.250  5009352.138  3221003.352
2022  62  32286 GPS  -2267807.259  5009352.162  3221003.366
2022  62  32287 GPS  -2267807.268  5009352.178  3221003.381
2022  62  32288 GPS  -2267807.263  5009352.016  3221003.314
2022  62  32289 GPS  -2267807.285  5009352.200  3221003.404
2022  62  32290 GPS  -2267807.319  5009352.489  3221003.537
2022  62  32291 GPS  -2267807.304  5009352.213  3221003.420
2022  62  32292 GPS  -2267807.333  5009352.492  3221003.548
2022  62  32293 GPS  -2267807.337  5009352.458  3221003.539
2022  62  32294 GPS  -2267807.323  5009352.241  3221003.446
2022  62  32295 GPS  -2267807.335  5009352.358  3221003.501
2022  62  32296 GPS  -2267807.327  5009352.212  3221003.439
2022  62  32297 GPS  -2267807.331  5009352.254  3221003.460
2022  62  32298 GPS  -2267807.336  5009352.312  3221003.490
2022  62  32299 GPS  -2267807.344  5009352.368  3221003.514
2022  62  32300 GPS  -2267807.362  5009352.477  3221003.568
2022  62  32301 GPS  -2267807.350  5009352.338  3221003.506
2022  62  32302 GPS  -2267807.367  5009352.536  3221003.594
2022  62  32303 GPS  -2267807.364  5009352.492  3221003.577
2022  62  32304 GPS  -2267807.379  5009352.519  3221003.587
2022  62  32305 GPS  -2267807.391  5009352.587  3221003.619
2022  62  32306 GPS  -2267807.398  5009352.590  3221003.619
2022  62  32307 GPS  -2267807.406  5009352.585  3221003.616
2022  62  32308 GPS  -2267807.399  5009352.354  3221003.515
2022  62  32309 GPS  -2267807.436  5009352.729  3221003.686
2022  62  32310 GPS  -2267807.444  5009352.812  3221003.728
2022  62  32311 GPS  -2267807.442  5009352.765  3221003.711
2022  62  32312 GPS  -2267807.444  5009352.714  3221003.694
2022  62  32313 GPS  -2267807.457  5009352.780  3221003.730
2022  62  32314 GPS  -2267807.454  5009352.697  3221003.693
2022  62  32315 GPS  -2267807.470  5009352.827  3221003.757
2022  62  32316 GPS  -2267807.466  5009352.723  3221003.716
2022  62  32317 GPS  -2267807.473  5009352.822  3221003.765
2022  62  32318 GPS  -2267807.479  5009352.956  3221003.826
2022  62  32319 GPS  -2267807.436  5009352.479  3221003.623
2022  62  32320 GPS  -2267807.446  5009352.675  3221003.716
2022  62  32321 GPS  -2267807.435  5009352.630  3221003.698
2022  62  32322 GPS  -2267807.426  5009352.604  3221003.685
2022  62  32323 GPS  -2267807.413  5009352.535  3221003.655
2022  62  32324 GPS  -2267807.391  5009352.396  3221003.589
2022  62  32325 GPS  -2267807.383  5009352.344  3221003.566
2022  62  32326 GPS  -2267807.387  5009352.447  3221003.606
2022  62  32327 GPS  -2267807.398  5009352.705  3221003.720
2022  62  32328 GPS  -2267807.360  5009352.304  3221003.544
2022  62  32329 GPS  -2267807.354  5009352.287  3221003.537
2022  62  32330 GPS  -2267807.351  5009352.268  3221003.530
2022  62  32331 GPS  -2267807.310  5009351.817  3221003.331
2022  62  32332 GPS  -2267807.289  5009351.554  3221003.214
2022  62  32333 GPS  -2267807.310  5009351.783  3221003.318
2022  62  32334 GPS  -2267807.317  5009351.848  3221003.339
2022  62  32335 GPS  -2267807.345  5009352.246  3221003.512
2022  62  32336 GPS  -2267807.346  5009352.244  3221003.510
2022  62  32337 GPS  -2267807.343  5009352.231  3221003.502
2022  62  32338 GPS  -2267807.339  5009352.230  3221003.501
2022  62  32339 GPS  -2267807.337  5009352.230  3221003.502
2022  62  32340 GPS  -2267807.332  5009352.223  3221003.497
2022  62  32341 GPS  -2267807.325  5009352.216  3221003.495
2022  62  32342 GPS  -2267807.320  5009352.208  3221003.491
2022  62  32343 GPS  -2267807.309  5009352.197  3221003.484
2022  62  32344 GPS  -2267807.303  5009352.189  3221003.483
2022  62  32345 GPS  -2267807.295  5009352.172  3221003.476
2022  62  32346 GPS  -2267807.283  5009352.160  3221003.475
2022  62  32347 GPS  -2267807.277  5009352.160  3221003.475
2022  62  32348 GPS  -2267807.273  5009352.166  3221003.477
2022  62  32349 GPS  -2267807.271  5009352.162  3221003.476
2022  62  32350 GPS  -2267807.261  5009352.155  3221003.474
2022  62  32351 GPS  -2267807.252  5009352.152  3221003.472
2022  62  32352 GPS  -2267807.246  5009352.150  3221003.471
2022  62  32353 GPS  -2267807.241  5009352.154  3221003.472
2022  62  32354 GPS  -2267807.237  5009352.156  3221003.473
2022  62  32355 GPS  -2267807.237  5009352.157  3221003.474
2022  62  32356 GPS  -2267807.232  5009352.157  3221003.471
2022  62  32357 GPS  -2267807.224  5009352.148  3221003.470
2022  62  32358 GPS  -2267807.221  5009352.143  3221003.464
2022  62  32359 GPS  -2267807.218  5009352.141  3221003.460
2022  62  32360 GPS  -2267807.209  5009352.130  3221003.450
2022  62  32361 GPS  -2267807.203  5009352.114  3221003.440
2022  62  32362 GPS  -2267807.198  5009352.107  3221003.434
2022  62  32363 GPS  -2267807.195  5009352.100  3221003.424
2022  62  32364 GPS  -2267807.190  5009352.083  3221003.413
2022  62  32365 GPS  -2267807.185  5009352.071  3221003.406
2022  62  32366 GPS  -2267807.182  5009352.055  3221003.402
2022  62  32367 GPS  -2267807.180  5009352.046  3221003.398
2022  62  32368 GPS  -2267807.177  5009352.043  3221003.395
2022  62  32369 GPS  -2267807.172  5009352.032  3221003.393
2022  62  32370 GPS  -2267807.167  5009352.029  3221003.394
2022  62  32371 GPS  -2267807.161  5009352.020  3221003.388
2022  62  32372 GPS  -2267807.156  5009352.016  3221003.388
2022  62  32373 GPS  -2267807.148  5009352.015  3221003.388
2022  62  32374 GPS  -2267807.146  5009352.008  3221003.390
2022  62  32375 GPS  -2267807.137  5009351.995  3221003.386
2022  62  32376 GPS  -2267807.127  5009351.981  3221003.376
2022  62  32377 GPS  -2267807.118  5009351.974  3221003.374
2022  62  32378 GPS  -2267807.109  5009351.965  3221003.364
2022  62  32379 GPS  -2267807.102  5009351.956  3221003.356
2022  62  32380 GPS  -2267807.097  5009351.957  3221003.353
2022  62  32381 GPS  -2267807.092  5009351.950  3221003.352
2022  62  32382 GPS  -2267807.086  5009351.943  3221003.351
2022  62  32383 GPS  -2267807.086  5009351.935  3221003.349
2022  62  32384 GPS  -2267807.086  5009351.929  3221003.347
2022  62  32385 GPS  -2267807.084  5009351.932  3221003.347
2022  62  32386 GPS  -2267807.228  5009351.997  3221003.389
2022  62  32387 GPS  -2267807.228  5009351.998  3221003.394
2022  62  32388 GPS  -2267807.224  5009352.002  3221003.397
2022  62  32389 GPS  -2267807.228  5009352.013  3221003.403
2022  62  32390 GPS  -2267807.235  5009352.038  3221003.415
2022  62  32391 GPS  -2267807.234  5009352.030  3221003.411
2022  62  32392 GPS  -2267807.226  5009352.031  3221003.410
2022  62  32393 GPS  -2267807.223  5009352.033  3221003.410
2022  62  32394 GPS  -2267807.223  5009352.028  3221003.403
2022  62  32395 GPS  -2267807.220  5009352.030  3221003.401
2022  62  32396 GPS  -2267807.216  5009352.026  3221003.398
2022  62  32397 GPS  -2267807.213  5009352.015  3221003.393
2022  62  32398 GPS  -2267807.212  5009352.003  3221003.389
2022  62  32399 GPS  -2267807.214  5009351.989  3221003.385
2022  62  32400 GPS  -2267807.212  5009351.977  3221003.382
2022  62  32401 GPS  -2267807.216  5009351.972  3221003.385
2022  62  32402 GPS  -2267806.968  5009352.013  3221003.278
2022  62  32403 GPS  -2267806.968  5009352.016  3221003.280
2022  62  32404 GPS  -2267806.965  5009352.003  3221003.275
2022  62  32405 GPS  -2267806.963  5009351.994  3221003.268
2022  62  32406 GPS  -2267806.968  5009351.992  3221003.268
2022  62  32407 GPS  -2267806.971  5009351.991  3221003.266
2022  62  32408 GPS  -2267806.972  5009351.982  3221003.263
2022  62  32409 GPS  -2267806.977  5009352.005  3221003.272
2022  62  32410 GPS  -2267806.977  5009352.038  3221003.286
2022  62  32411 GPS  -2267806.964  5009351.927  3221003.240
2022  62  32412 GPS  -2267806.969  5009351.968  3221003.256
2022  62  32413 GPS  -2267806.971  5009352.007  3221003.273
2022  62  32414 GPS  -2267806.967  5009351.916  3221003.232
2022  62  32415 GPS  -2267806.968  5009351.954  3221003.246
2022  62  32416 GPS  -2267806.917  5009351.677  3221003.311
2022  62  32417 GPS  -2267806.917  5009351.673  3221003.305
2022  62  32418 GPS  -2267806.927  5009351.714  3221003.326
2022  62  32419 GPS  -2267806.925  5009351.623  3221003.286
2022  62  32420 GPS  -2267806.925  5009351.602  3221003.273
2022  62  32421 GPS  -2267806.935  5009351.645  3221003.288
2022  62  32422 GPS  -2267806.950  5009351.710  3221003.314
2022  62  32423 GPS  -2267806.954  5009351.668  3221003.299
2022  62  32424 GPS  -2267806.951  5009351.618  3221003.271
2022  62  32425 GPS  -2267806.948  5009351.559  3221003.236
2022  62  32426 GPS  -2267806.946  5009351.514  3221003.204
2022  62  32427 GPS  -2267806.949  5009351.560  3221003.216
2022  62  32428 GPS  -2267806.950  5009351.562  3221003.215
2022  62  32429 GPS  -2267806.962  5009351.644  3221003.249
2022  62  32430 GPS  -2267806.963  5009351.674  3221003.254
2022  62  32431 GPS  -2267806.967  5009351.665  3221003.244
2022  62  32432 GPS  -2267806.970  5009351.665  3221003.242
2022  62  32433 GPS  -2267806.971  5009351.647  3221003.234
2022  62  32434 GPS  -2267806.963  5009351.602  3221003.219
2022  62  32435 GPS  -2267806.961  5009351.595  3221003.220
2022  62  32436 GPS  -2267806.960  5009351.599  3221003.225
2022  62  32437 GPS  -2267806.962  5009351.603  3221003.233
2022  62  32438 GPS  -2267806.960  5009351.597  3221003.230
2022  62  32439 GPS  -2267806.963  5009351.583  3221003.229
2022  62  32440 GPS  -2267806.966  5009351.588  3221003.233
2022  62  32441 GPS  -2267806.974  5009351.588  3221003.233
2022  62  32442 GPS  -2267806.977  5009351.593  3221003.238
2022  62  32443 GPS  -2267806.984  5009351.599  3221003.239
2022  62  32444 GPS  -2267806.993  5009351.606  3221003.238
2022  62  32445 GPS  -2267807.003  5009351.616  3221003.242
2022  62  32446 GPS  -2267807.011  5009351.607  3221003.242
2022  62  32447 GPS  -2267807.018  5009351.602  3221003.243
2022  62  32448 GPS  -2267807.024  5009351.606  3221003.243
2022  62  32449 GPS  -2267807.035  5009351.614  3221003.244
2022  62  32450 GPS  -2267807.046  5009351.622  3221003.245
2022  62  32451 GPS  -2267807.047  5009351.621  3221003.241
2022  62  32452 GPS  -2267807.055  5009351.633  3221003.245
2022  62  32453 GPS  -2267807.052  5009351.638  3221003.251
2022  62  32454 GPS  -2267807.058  5009351.662  3221003.263
2022  62  32455 GPS  -2267807.065  5009351.675  3221003.269
2022  62  32456 GPS  -2267807.071  5009351.689  3221003.282
2022  62  32457 GPS  -2267807.074  5009351.698  3221003.287
2022  62  32458 GPS  -2267807.078  5009351.713  3221003.291
2022  62  32459 GPS  -2267807.086  5009351.730  3221003.301
2022  62  32460 GPS  -2267807.092  5009351.749  3221003.313
2022  62  32461 GPS  -2267807.098  5009351.768  3221003.324
2022  62  32462 GPS  -2267807.103  5009351.782  3221003.330
2022  62  32463 GPS  -2267807.111  5009351.815  3221003.346
2022  62  32464 GPS  -2267807.116  5009351.819  3221003.351
2022  62  32465 GPS  -2267807.127  5009351.837  3221003.361
2022  62  32466 GPS  -2267807.130  5009351.846  3221003.365
2022  62  32467 GPS  -2267807.137  5009351.853  3221003.366
2022  62  32468 GPS  -2267807.143  5009351.856  3221003.366
2022  62  32469 GPS  -2267807.150  5009351.866  3221003.371
2022  62  32470 GPS  -2267807.157  5009351.868  3221003.376
2022  62  32471 GPS  -2267807.162  5009351.867  3221003.376
2022  62  32472 GPS  -2267807.167  5009351.861  3221003.372
2022  62  32473 GPS  -2267807.172  5009351.854  3221003.369
2022  62  32474 GPS  -2267807.181  5009351.863  3221003.378
2022  62  32475 GPS  -2267807.186  5009351.862  3221003.377
2022  62  32476 GPS  -2267807.193  5009351.880  3221003.385
2022  62  32477 GPS  -2267807.193  5009351.885  3221003.388
2022  62  32478 GPS  -2267807.193  5009351.889  3221003.394
2022  62  32479 GPS  -2267807.196  5009351.891  3221003.402
2022  62  32480 GPS  -2267807.199  5009351.892  3221003.407
2022  62  32481 GPS  -2267807.203  5009351.895  3221003.416
2022  62  32482 GPS  -2267807.207  5009351.889  3221003.422
2022  62  32483 GPS  -2267807.216  5009351.900  3221003.434
2022  62  32484 GPS  -2267807.218  5009351.905  3221003.442
2022  62  32485 GPS  -2267807.220  5009351.913  3221003.451
2022  62  32486 GPS  -2267807.223  5009351.930  3221003.462
2022  62  32487 GPS  -2267807.224  5009351.934  3221003.466
2022  62  32488 GPS  -2267807.221  5009351.930  3221003.468
2022  62  32489 GPS  -2267807.217  5009351.928  3221003.466
2022  62  32490 GPS  -2267807.212  5009351.927  3221003.464
2022  62  32491 GPS  -2267807.212  5009351.929  3221003.465
2022  62  32492 GPS  -2267807.209  5009351.931  3221003.469
2022  62  32493 GPS  -2267807.205  5009351.925  3221003.472
2022  62  32494 GPS  -2267807.207  5009351.918  3221003.473
2022  62  32495 GPS  -2267807.206  5009351.917  3221003.471
2022  62  32496 GPS  -2267807.204  5009351.916  3221003.477
2022  62  32497 GPS  -2267807.205  5009351.906  3221003.473
2022  62  32498 GPS  -2267807.200  5009351.900  3221003.474
2022  62  32499 GPS  -2267807.197  5009351.897  3221003.473
2022  62  32500 GPS  -2267807.195  5009351.887  3221003.469
2022  62  32501 GPS  -2267807.197  5009351.880  3221003.467
2022  62  32502 GPS  -2267807.196  5009351.874  3221003.463
2022  62  32503 GPS  -2267807.196  5009351.869  3221003.457
2022  62  32504 GPS  -2267807.198  5009351.866  3221003.454
2022  62  32505 GPS  -2267807.196  5009351.857  3221003.448
2022  62  32506 GPS  -2267807.200  5009351.862  3221003.449
2022  62  32507 GPS  -2267807.202  5009351.869  3221003.453
2022  62  32508 GPS  -2267807.200  5009351.866  3221003.453
2022  62  32509 GPS  -2267807.196  5009351.860  3221003.449
2022  62  32510 GPS  -2267807.193  5009351.860  3221003.447
2022  62  32511 GPS  -2267807.196  5009351.865  3221003.450
2022  62  32512 GPS  -2267807.196  5009351.865  3221003.451
2022  62  32513 GPS  -2267807.200  5009351.867  3221003.454
2022  62  32514 GPS  -2267807.204  5009351.866  3221003.454
2022  62  32515 GPS  -2267807.211  5009351.873  3221003.459
2022  62  32516 GPS  -2267807.211  5009351.877  3221003.459
2022  62  32517 GPS  -2267807.216  5009351.887  3221003.461
2022  62  32518 GPS  -2267807.220  5009351.886  3221003.459
2022  62  32519 GPS  -2267807.224  5009351.898  3221003.459
2022  62  32520 GPS  -2267807.227  5009351.910  3221003.458
2022  62  32521 GPS  -2267807.231  5009351.920  3221003.460
2022  62  32522 GPS  -2267807.233  5009351.928  3221003.462
2022  62  32523 GPS  -2267807.235  5009351.935  3221003.463
2022  62  32524 GPS  -2267807.236  5009351.929  3221003.461
2022  62  32525 GPS  -2267807.238  5009351.932  3221003.463
2022  62  32526 GPS  -2267807.241  5009351.935  3221003.463
2022  62  32527 GPS  -2267807.235  5009351.934  3221003.459
2022  62  32528 GPS  -2267807.233  5009351.930  3221003.452
2022  62  32529 GPS  -2267807.231  5009351.944  3221003.455
2022  62  32530 GPS  -2267807.226  5009351.940  3221003.459
2022  62  32531 GPS  -2267807.223  5009351.941  3221003.463
2022  62  32532 GPS  -2267807.216  5009351.928  3221003.460
2022  62  32533 GPS  -2267807.211  5009351.915  3221003.460
2022  62  32534 GPS  -2267807.206  5009351.913  3221003.459
2022  62  32535 GPS  -2267807.202  5009351.917  3221003.461
2022  62  32536 GPS  -2267807.191  5009351.911  3221003.455
2022  62  32537 GPS  -2267807.189  5009351.909  3221003.449
2022  62  32538 GPS  -2267807.181  5009351.902  3221003.439
2022  62  32539 GPS  -2267807.180  5009351.904  3221003.432
2022  62  32540 GPS  -2267807.175  5009351.907  3221003.426
2022  62  32541 GPS  -2267807.175  5009351.913  3221003.431
2022  62  32542 GPS  -2267807.174  5009351.919  3221003.436
2022  62  32543 GPS  -2267807.173  5009351.915  3221003.431
2022  62  32544 GPS  -2267807.170  5009351.921  3221003.433
2022  62  32545 GPS  -2267807.173  5009351.927  3221003.435
2022  62  32546 GPS  -2267807.175  5009351.935  3221003.443
2022  62  32547 GPS  -2267807.180  5009351.947  3221003.456
2022  62  32548 GPS  -2267807.182  5009351.954  3221003.463
2022  62  32549 GPS  -2267807.185  5009351.957  3221003.465
2022  62  32550 GPS  -2267807.187  5009351.956  3221003.466
2022  62  32551 GPS  -2267807.186  5009351.953  3221003.470
2022  62  32552 GPS  -2267807.185  5009351.951  3221003.472
2022  62  32553 GPS  -2267807.188  5009351.957  3221003.472
2022  62  32554 GPS  -2267807.187  5009351.969  3221003.473
2022  62  32555 GPS  -2267807.191  5009351.974  3221003.474
2022  62  32556 GPS  -2267807.192  5009351.974  3221003.475
2022  62  32557 GPS  -2267807.193  5009351.968  3221003.471
2022  62  32558 GPS  -2267807.191  5009351.964  3221003.469
2022  62  32559 GPS  -2267807.192  5009351.968  3221003.466
2022  62  32560 GPS  -2267807.196  5009351.965  3221003.466
2022  62  32561 GPS  -2267807.200  5009351.969  3221003.468
2022  62  32562 GPS  -2267807.204  5009351.972  3221003.476
2022  62  32563 GPS  -2267807.205  5009351.969  3221003.482
2022  62  32564 GPS  -2267807.201  5009351.968  3221003.486
2022  62  32565 GPS  -2267807.205  5009351.977  3221003.494
2022  62  32566 GPS  -2267807.211  5009351.990  3221003.504
2022  62  32567 GPS  -2267807.215  5009352.006  3221003.515
2022  62  32568 GPS  -2267807.224  5009352.027  3221003.527
2022  62  32569 GPS  -2267807.231  5009352.044  3221003.538
2022  62  32570 GPS  -2267807.244  5009352.067  3221003.553
2022  62  32571 GPS  -2267807.252  5009352.087  3221003.566
2022  62  32572 GPS  -2267807.257  5009352.096  3221003.575
2022  62  32573 GPS  -2267807.264  5009352.110  3221003.583
2022  62  32574 GPS  -2267807.270  5009352.120  3221003.589
2022  62  32575 GPS  -2267807.274  5009352.127  3221003.589
2022  62  32576 GPS  -2267807.277  5009352.130  3221003.593
2022  62  32577 GPS  -2267807.280  5009352.129  3221003.593
2022  62  32578 GPS  -2267807.285  5009352.144  3221003.601
