2022  62  24517 GPS  -2267812.020  5009358.173  3221011.049
2022  62  24518 GPS  -2267812.019  5009358.174  3221011.053
2022  62  24519 GPS  -2267812.020  5009358.179  3221011.060
2022  62  24520 GPS  -2267812.018  5009358.182  3221011.070
2022  62  24521 GPS  -2267812.017  5009358.191  3221011.080
2022  62  24522 GPS  -2267812.012  5009358.200  3221011.088
2022  62  24523 GPS  -2267812.302  5009359.233  3221012.062
2022  62  24524 GPS  -2267812.291  5009359.214  3221012.037
2022  62  24525 GPS  -2267812.302  5009359.277  3221012.088
2022  62  24526 GPS  -2267812.325  5009359.362  3221012.165
2022  62  24527 GPS  -2267812.327  5009359.374  3221012.172
2022  62  24528 GPS  -2267812.330  5009359.373  3221012.167
2022  62  24529 GPS  -2267812.334  5009359.362  3221012.148
2022  62  24530 GPS  -2267812.364  5009359.455  3221012.229
2022  62  24531 GPS  -2267812.361  5009359.438  3221012.213
2022  62  24532 GPS  -2267812.352  5009359.411  3221012.186
2022  62  24533 GPS  -2267812.332  5009359.356  3221012.133
2022  62  24534 GPS  -2267812.317  5009359.317  3221012.097
2022  62  24535 GPS  -2267812.323  5009359.329  3221012.115
2022  62  24536 GPS  -2267812.335  5009359.343  3221012.122
2022  62  24537 GPS  -2267812.341  5009359.359  3221012.128
2022  62  24538 GPS  -2267812.352  5009359.374  3221012.138
2022  62  24539 GPS  -2267812.364  5009359.391  3221012.153
2022  62  24540 GPS  -2267812.379  5009359.409  3221012.162
2022  62  24541 GPS  -2267812.375  5009359.394  3221012.139
2022  62  24542 GPS  -2267812.367  5009359.383  3221012.121
2022  62  24543 GPS  -2267812.367  5009359.385  3221012.119
2022  62  24544 GPS  -2267812.368  5009359.377  3221012.113
2022  62  24545 GPS  -2267812.365  5009359.368  3221012.111
2022  62  24546 GPS  -2267812.366  5009359.383  3221012.127
2022  62  24547 GPS  -2267812.364  5009359.370  3221012.118
2022  62  24548 GPS  -2267812.370  5009359.367  3221012.117
2022  62  24549 GPS  -2267812.369  5009359.370  3221012.115
2022  62  24550 GPS  -2267812.375  5009359.378  3221012.120
2022  62  24551 GPS  -2267812.375  5009359.388  3221012.122
2022  62  24552 GPS  -2267812.371  5009359.389  3221012.121
2022  62  24553 GPS  -2267812.371  5009359.391  3221012.121
2022  62  24554 GPS  -2267812.367  5009359.400  3221012.125
2022  62  24555 GPS  -2267812.375  5009359.420  3221012.130
2022  62  24556 GPS  -2267812.386  5009359.435  3221012.134
2022  62  24557 GPS  -2267812.394  5009359.444  3221012.134
2022  62  24558 GPS  -2267812.399  5009359.458  3221012.139
2022  62  24559 GPS  -2267812.407  5009359.471  3221012.140
2022  62  24560 GPS  -2267812.425  5009359.493  3221012.149
2022  62  24561 GPS  -2267812.442  5009359.510  3221012.153
2022  62  24562 GPS  -2267812.451  5009359.520  3221012.157
2022  62  24563 GPS  -2267812.462  5009359.525  3221012.161
2022  62  24564 GPS  -2267812.469  5009359.535  3221012.168
2022  62  24565 GPS  -2267812.476  5009359.557  3221012.178
2022  62  24566 GPS  -2267812.478  5009359.561  3221012.185
2022  62  24567 GPS  -2267812.488  5009359.569  3221012.188
2022  62  24568 GPS  -2267812.497  5009359.588  3221012.196
2022  62  24569 GPS  -2267812.500  5009359.594  3221012.199
2022  62  24570 GPS  -2267812.499  5009359.594  3221012.197
2022  62  24571 GPS  -2267812.185  5009358.527  3221011.182
2022  62  24572 GPS  -2267812.188  5009358.540  3221011.191
2022  62  24573 GPS  -2267812.192  5009358.561  3221011.202
2022  62  24574 GPS  -2267812.190  5009358.577  3221011.212
2022  62  24575 GPS  -2267812.193  5009358.594  3221011.224
2022  62  24576 GPS  -2267812.187  5009358.598  3221011.231
2022  62  24577 GPS  -2267812.187  5009358.612  3221011.242
2022  62  24578 GPS  -2267812.187  5009358.626  3221011.251
2022  62  24579 GPS  -2267812.194  5009358.643  3221011.264
2022  62  24580 GPS  -2267812.602  5009360.011  3221012.575
2022  62  24581 GPS  -2267812.540  5009359.796  3221012.381
2022  62  24582 GPS  -2267812.510  5009359.693  3221012.283
2022  62  24583 GPS  -2267812.540  5009359.768  3221012.357
2022  62  24584 GPS  -2267812.537  5009359.739  3221012.327
2022  62  24585 GPS  -2267812.531  5009359.730  3221012.317
2022  62  24586 GPS  -2267812.529  5009359.747  3221012.328
2022  62  24587 GPS  -2267812.517  5009359.702  3221012.288
2022  62  24588 GPS  -2267812.506  5009359.655  3221012.245
2022  62  24589 GPS  -2267812.503  5009359.651  3221012.242
2022  62  24590 GPS  -2267812.515  5009359.695  3221012.287
2022  62  24591 GPS  -2267812.528  5009359.745  3221012.337
2022  62  24592 GPS  -2267812.535  5009359.781  3221012.365
2022  62  24593 GPS  -2267812.521  5009359.736  3221012.327
2022  62  24594 GPS  -2267812.510  5009359.688  3221012.293
2022  62  24595 GPS  -2267812.501  5009359.661  3221012.273
2022  62  24596 GPS  -2267812.494  5009359.647  3221012.258
2022  62  24597 GPS  -2267812.501  5009359.666  3221012.281
2022  62  24598 GPS  -2267812.485  5009359.624  3221012.243
2022  62  24599 GPS  -2267812.459  5009359.551  3221012.181
2022  62  24600 GPS  -2267812.447  5009359.508  3221012.141
2022  62  24601 GPS  -2267812.445  5009359.502  3221012.143
2022  62  24602 GPS  -2267812.441  5009359.502  3221012.148
2022  62  24603 GPS  -2267812.447  5009359.500  3221012.158
2022  62  24604 GPS  -2267812.453  5009359.499  3221012.173
2022  62  24605 GPS  -2267812.454  5009359.497  3221012.180
2022  62  24606 GPS  -2267812.455  5009359.499  3221012.180
2022  62  24607 GPS  -2267812.445  5009359.467  3221012.156
2022  62  24608 GPS  -2267812.446  5009359.458  3221012.162
2022  62  24609 GPS  -2267812.448  5009359.457  3221012.163
2022  62  24610 GPS  -2267812.447  5009359.448  3221012.165
2022  62  24611 GPS  -2267812.445  5009359.442  3221012.163
2022  62  24612 GPS  -2267812.453  5009359.443  3221012.162
2022  62  24613 GPS  -2267812.464  5009359.449  3221012.168
2022  62  24614 GPS  -2267812.474  5009359.454  3221012.173
2022  62  24615 GPS  -2267812.478  5009359.451  3221012.172
2022  62  24616 GPS  -2267812.483  5009359.450  3221012.176
2022  62  24617 GPS  -2267812.476  5009359.438  3221012.170
2022  62  24618 GPS  -2267812.483  5009359.447  3221012.172
2022  62  24619 GPS  -2267812.490  5009359.455  3221012.178
2022  62  24620 GPS  -2267812.493  5009359.469  3221012.184
2022  62  24621 GPS  -2267812.231  5009358.598  3221011.339
2022  62  24622 GPS  -2267812.231  5009358.602  3221011.342
2022  62  24623 GPS  -2267812.233  5009358.609  3221011.346
2022  62  24624 GPS  -2267812.238  5009358.619  3221011.353
2022  62  24625 GPS  -2267812.237  5009358.617  3221011.355
2022  62  24626 GPS  -2267812.237  5009358.623  3221011.359
2022  62  24627 GPS  -2267812.241  5009358.635  3221011.367
2022  62  24628 GPS  -2267812.236  5009358.638  3221011.368
2022  62  24629 GPS  -2267812.239  5009358.646  3221011.369
2022  62  24630 GPS  -2267812.242  5009358.658  3221011.371
2022  62  24631 GPS  -2267812.241  5009358.659  3221011.370
2022  62  24632 GPS  -2267812.430  5009359.289  3221011.968
2022  62  24633 GPS  -2267812.495  5009359.516  3221012.178
2022  62  24634 GPS  -2267812.548  5009359.698  3221012.352
2022  62  24635 GPS  -2267812.594  5009359.856  3221012.503
2022  62  24636 GPS  -2267812.563  5009359.751  3221012.406
2022  62  24637 GPS  -2267812.569  5009359.769  3221012.421
2022  62  24638 GPS  -2267812.570  5009359.779  3221012.429
2022  62  24639 GPS  -2267812.577  5009359.798  3221012.446
2022  62  24640 GPS  -2267812.567  5009359.778  3221012.423
2022  62  24641 GPS  -2267812.567  5009359.753  3221012.391
2022  62  24642 GPS  -2267812.586  5009359.791  3221012.420
2022  62  24643 GPS  -2267812.578  5009359.766  3221012.396
2022  62  24644 GPS  -2267812.561  5009359.727  3221012.362
2022  62  24645 GPS  -2267812.553  5009359.721  3221012.361
2022  62  24646 GPS  -2267812.553  5009359.742  3221012.375
2022  62  24647 GPS  -2267812.565  5009359.778  3221012.400
2022  62  24648 GPS  -2267812.577  5009359.831  3221012.449
2022  62  24649 GPS  -2267812.558  5009359.775  3221012.392
2022  62  24650 GPS  -2267812.550  5009359.751  3221012.374
2022  62  24651 GPS  -2267812.544  5009359.740  3221012.368
2022  62  24652 GPS  -2267812.540  5009359.736  3221012.367
2022  62  24653 GPS  -2267812.542  5009359.761  3221012.389
2022  62  24654 GPS  -2267812.536  5009359.760  3221012.394
2022  62  24655 GPS  -2267812.536  5009359.771  3221012.404
2022  62  24656 GPS  -2267812.543  5009359.797  3221012.422
2022  62  24657 GPS  -2267812.550  5009359.810  3221012.434
2022  62  24658 GPS  -2267812.550  5009359.800  3221012.433
2022  62  24659 GPS  -2267812.542  5009359.787  3221012.425
2022  62  24660 GPS  -2267812.544  5009359.791  3221012.428
2022  62  24661 GPS  -2267812.550  5009359.790  3221012.427
2022  62  24662 GPS  -2267812.551  5009359.794  3221012.423
2022  62  24663 GPS  -2267812.556  5009359.802  3221012.432
2022  62  24664 GPS  -2267812.565  5009359.811  3221012.439
2022  62  24665 GPS  -2267812.569  5009359.812  3221012.442
2022  62  24666 GPS  -2267812.578  5009359.820  3221012.450
2022  62  24667 GPS  -2267812.584  5009359.834  3221012.459
2022  62  24668 GPS  -2267812.588  5009359.838  3221012.460
2022  62  24669 GPS  -2267812.593  5009359.842  3221012.464
2022  62  24670 GPS  -2267812.602  5009359.853  3221012.472
2022  62  24671 GPS  -2267812.605  5009359.852  3221012.476
2022  62  24672 GPS  -2267812.609  5009359.852  3221012.482
2022  62  24673 GPS  -2267812.613  5009359.854  3221012.493
2022  62  24674 GPS  -2267812.617  5009359.854  3221012.501
2022  62  24675 GPS  -2267812.618  5009359.852  3221012.497
2022  62  24676 GPS  -2267812.616  5009359.855  3221012.502
2022  62  24677 GPS  -2267812.628  5009359.868  3221012.506
2022  62  24678 GPS  -2267812.629  5009359.870  3221012.509
2022  62  24679 GPS  -2267812.633  5009359.880  3221012.516
2022  62  24680 GPS  -2267812.640  5009359.891  3221012.523
2022  62  24681 GPS  -2267812.343  5009358.911  3221011.567
2022  62  24682 GPS  -2267812.345  5009358.918  3221011.568
2022  62  24683 GPS  -2267812.343  5009358.923  3221011.570
2022  62  24684 GPS  -2267812.347  5009358.923  3221011.563
2022  62  24685 GPS  -2267812.346  5009358.929  3221011.558
2022  62  24686 GPS  -2267812.351  5009358.931  3221011.556
2022  62  24687 GPS  -2267812.345  5009358.931  3221011.553
2022  62  24688 GPS  -2267812.345  5009358.927  3221011.544
2022  62  24689 GPS  -2267812.349  5009358.928  3221011.543
2022  62  24690 GPS  -2267812.360  5009358.945  3221011.553
2022  62  24691 GPS  -2267812.361  5009358.946  3221011.553
2022  62  24692 GPS  -2267812.646  5009359.881  3221012.463
2022  62  24693 GPS  -2267812.660  5009359.916  3221012.501
2022  62  24694 GPS  -2267812.650  5009359.871  3221012.461
2022  62  24695 GPS  -2267812.635  5009359.823  3221012.423
2022  62  24696 GPS  -2267812.641  5009359.860  3221012.459
2022  62  24697 GPS  -2267812.631  5009359.827  3221012.428
2022  62  24698 GPS  -2267812.618  5009359.792  3221012.391
2022  62  24699 GPS  -2267812.612  5009359.771  3221012.365
2022  62  24700 GPS  -2267812.615  5009359.774  3221012.367
2022  62  24701 GPS  -2267812.635  5009359.844  3221012.436
2022  62  24702 GPS  -2267812.660  5009359.905  3221012.489
2022  62  24703 GPS  -2267812.661  5009359.895  3221012.481
2022  62  24704 GPS  -2267812.657  5009359.891  3221012.479
2022  62  24705 GPS  -2267812.667  5009359.919  3221012.516
2022  62  24706 GPS  -2267812.676  5009359.941  3221012.545
2022  62  24707 GPS  -2267812.661  5009359.907  3221012.515
2022  62  24708 GPS  -2267812.653  5009359.886  3221012.494
2022  62  24709 GPS  -2267812.653  5009359.885  3221012.488
2022  62  24710 GPS  -2267812.655  5009359.888  3221012.484
2022  62  24711 GPS  -2267812.664  5009359.915  3221012.505
2022  62  24712 GPS  -2267812.670  5009359.953  3221012.536
2022  62  24713 GPS  -2267812.667  5009359.962  3221012.536
2022  62  24714 GPS  -2267812.668  5009359.997  3221012.559
2022  62  24715 GPS  -2267812.675  5009360.019  3221012.580
2022  62  24716 GPS  -2267812.673  5009360.023  3221012.572
2022  62  24717 GPS  -2267812.674  5009360.025  3221012.574
2022  62  24718 GPS  -2267812.669  5009360.031  3221012.579
2022  62  24719 GPS  -2267812.671  5009360.034  3221012.572
2022  62  24720 GPS  -2267812.671  5009360.039  3221012.569
2022  62  24721 GPS  -2267812.675  5009360.045  3221012.569
2022  62  24722 GPS  -2267812.670  5009360.044  3221012.568
2022  62  24723 GPS  -2267812.667  5009360.044  3221012.564
2022  62  24724 GPS  -2267812.666  5009360.046  3221012.571
2022  62  24725 GPS  -2267812.665  5009360.055  3221012.576
2022  62  24726 GPS  -2267812.666  5009360.063  3221012.585
2022  62  24727 GPS  -2267812.664  5009360.070  3221012.594
2022  62  24728 GPS  -2267812.657  5009360.071  3221012.596
2022  62  24729 GPS  -2267812.656  5009360.079  3221012.602
2022  62  24730 GPS  -2267812.654  5009360.084  3221012.601
2022  62  24731 GPS  -2267812.649  5009360.087  3221012.601
2022  62  24732 GPS  -2267812.639  5009360.087  3221012.604
2022  62  24733 GPS  -2267812.635  5009360.088  3221012.608
2022  62  24734 GPS  -2267812.635  5009360.095  3221012.608
2022  62  24735 GPS  -2267812.633  5009360.110  3221012.607
2022  62  24736 GPS  -2267812.631  5009360.116  3221012.599
2022  62  24737 GPS  -2267812.629  5009360.120  3221012.594
2022  62  24738 GPS  -2267812.621  5009360.107  3221012.585
2022  62  24739 GPS  -2267812.617  5009360.114  3221012.589
2022  62  24740 GPS  -2267812.612  5009360.112  3221012.588
2022  62  24741 GPS  -2267812.605  5009360.112  3221012.580
2022  62  24742 GPS  -2267812.597  5009360.109  3221012.578
2022  62  24743 GPS  -2267812.587  5009360.103  3221012.575
2022  62  24744 GPS  -2267812.588  5009360.105  3221012.578
2022  62  24745 GPS  -2267812.593  5009360.102  3221012.583
2022  62  24746 GPS  -2267812.586  5009360.095  3221012.583
2022  62  24747 GPS  -2267812.582  5009360.090  3221012.583
2022  62  24748 GPS  -2267812.576  5009360.078  3221012.574
2022  62  24749 GPS  -2267812.568  5009360.073  3221012.569
2022  62  24750 GPS  -2267812.566  5009360.070  3221012.569
2022  62  24751 GPS  -2267812.247  5009359.044  3221011.562
2022  62  24752 GPS  -2267812.248  5009359.050  3221011.563
2022  62  24753 GPS  -2267812.257  5009359.058  3221011.567
2022  62  24754 GPS  -2267812.265  5009359.053  3221011.563
2022  62  24755 GPS  -2267812.271  5009359.063  3221011.566
2022  62  24756 GPS  -2267812.273  5009359.074  3221011.569
2022  62  24757 GPS  -2267812.276  5009359.080  3221011.573
2022  62  24758 GPS  -2267812.279  5009359.079  3221011.576
2022  62  24759 GPS  -2267812.278  5009359.081  3221011.571
2022  62  24760 GPS  -2267812.265  5009359.069  3221011.551
2022  62  24761 GPS  -2267812.243  5009359.022  3221011.503
2022  62  24762 GPS  -2267812.526  5009359.923  3221012.383
2022  62  24763 GPS  -2267812.573  5009360.078  3221012.526
2022  62  24764 GPS  -2267812.571  5009360.070  3221012.514
2022  62  24765 GPS  -2267812.597  5009360.154  3221012.595
2022  62  24766 GPS  -2267812.593  5009360.144  3221012.583
2022  62  24767 GPS  -2267812.600  5009360.161  3221012.591
2022  62  24768 GPS  -2267812.607  5009360.181  3221012.606
2022  62  24769 GPS  -2267812.611  5009360.195  3221012.618
2022  62  24770 GPS  -2267812.630  5009360.259  3221012.668
2022  62  24771 GPS  -2267812.625  5009360.255  3221012.657
2022  62  24772 GPS  -2267812.621  5009360.256  3221012.649
2022  62  24773 GPS  -2267812.623  5009360.261  3221012.645
2022  62  24774 GPS  -2267812.622  5009360.263  3221012.644
2022  62  24775 GPS  -2267812.623  5009360.271  3221012.645
2022  62  24776 GPS  -2267812.646  5009360.338  3221012.700
2022  62  24777 GPS  -2267812.639  5009360.313  3221012.667
2022  62  24778 GPS  -2267812.635  5009360.301  3221012.657
2022  62  24779 GPS  -2267812.649  5009360.311  3221012.670
2022  62  24780 GPS  -2267812.657  5009360.309  3221012.671
2022  62  24781 GPS  -2267812.665  5009360.311  3221012.675
2022  62  24782 GPS  -2267812.654  5009360.274  3221012.634
2022  62  24783 GPS  -2267812.657  5009360.285  3221012.636
2022  62  24784 GPS  -2267812.657  5009360.283  3221012.627
2022  62  24785 GPS  -2267812.655  5009360.273  3221012.620
2022  62  24786 GPS  -2267812.651  5009360.269  3221012.610
2022  62  24787 GPS  -2267812.645  5009360.245  3221012.592
2022  62  24788 GPS  -2267812.641  5009360.232  3221012.586
2022  62  24789 GPS  -2267812.637  5009360.227  3221012.579
2022  62  24790 GPS  -2267812.646  5009360.230  3221012.586
2022  62  24791 GPS  -2267812.651  5009360.244  3221012.596
2022  62  24792 GPS  -2267812.662  5009360.251  3221012.596
2022  62  24793 GPS  -2267812.666  5009360.258  3221012.599
2022  62  24794 GPS  -2267812.672  5009360.251  3221012.602
2022  62  24795 GPS  -2267812.676  5009360.250  3221012.600
2022  62  24796 GPS  -2267812.683  5009360.252  3221012.608
2022  62  24797 GPS  -2267812.689  5009360.262  3221012.615
2022  62  24798 GPS  -2267812.695  5009360.275  3221012.618
2022  62  24799 GPS  -2267812.702  5009360.279  3221012.615
2022  62  24800 GPS  -2267812.708  5009360.276  3221012.609
2022  62  24801 GPS  -2267812.394  5009359.289  3221011.636
2022  62  24802 GPS  -2267812.400  5009359.292  3221011.642
2022  62  24803 GPS  -2267812.397  5009359.293  3221011.644
2022  62  24804 GPS  -2267812.396  5009359.302  3221011.647
2022  62  24805 GPS  -2267812.395  5009359.306  3221011.646
2022  62  24806 GPS  -2267812.398  5009359.306  3221011.641
2022  62  24807 GPS  -2267812.403  5009359.309  3221011.632
2022  62  24808 GPS  -2267812.402  5009359.315  3221011.637
2022  62  24809 GPS  -2267812.397  5009359.306  3221011.636
2022  62  24810 GPS  -2267812.797  5009360.551  3221012.869
2022  62  24811 GPS  -2267812.392  5009359.309  3221011.642
2022  62  24812 GPS  -2267812.394  5009359.313  3221011.650
2022  62  24813 GPS  -2267812.389  5009359.321  3221011.649
2022  62  24814 GPS  -2267812.390  5009359.332  3221011.646
2022  62  24815 GPS  -2267812.385  5009359.337  3221011.643
2022  62  24816 GPS  -2267812.375  5009359.342  3221011.642
2022  62  24817 GPS  -2267812.370  5009359.348  3221011.643
2022  62  24818 GPS  -2267812.368  5009359.361  3221011.643
2022  62  24819 GPS  -2267812.692  5009359.805  3221012.113
2022  62  24820 GPS  -2267812.691  5009359.812  3221012.115
2022  62  24821 GPS  -2267812.691  5009359.808  3221012.108
2022  62  24822 GPS  -2267813.038  5009360.979  3221013.265
2022  62  24823 GPS  -2267812.974  5009360.780  3221013.078
2022  62  24824 GPS  -2267812.939  5009360.653  3221012.958
2022  62  24825 GPS  -2267812.917  5009360.589  3221012.900
2022  62  24826 GPS  -2267812.921  5009360.591  3221012.908
2022  62  24827 GPS  -2267812.907  5009360.536  3221012.857
2022  62  24828 GPS  -2267812.912  5009360.542  3221012.871
2022  62  24829 GPS  -2267812.900  5009360.514  3221012.846
2022  62  24830 GPS  -2267812.906  5009360.519  3221012.857
2022  62  24831 GPS  -2267812.913  5009360.530  3221012.867
2022  62  24832 GPS  -2267812.928  5009360.587  3221012.922
2022  62  24833 GPS  -2267812.939  5009360.616  3221012.948
2022  62  24834 GPS  -2267812.934  5009360.601  3221012.938
2022  62  24835 GPS  -2267812.923  5009360.569  3221012.914
2022  62  24836 GPS  -2267812.917  5009360.568  3221012.906
2022  62  24837 GPS  -2267812.921  5009360.573  3221012.909
2022  62  24838 GPS  -2267812.922  5009360.566  3221012.907
2022  62  24839 GPS  -2267812.924  5009360.565  3221012.907
2022  62  24840 GPS  -2267812.927  5009360.581  3221012.921
2022  62  24841 GPS  -2267812.933  5009360.593  3221012.929
2022  62  24842 GPS  -2267812.935  5009360.595  3221012.931
2022  62  24843 GPS  -2267812.933  5009360.590  3221012.925
2022  62  24844 GPS  -2267812.938  5009360.598  3221012.930
2022  62  24845 GPS  -2267812.944  5009360.618  3221012.948
2022  62  24846 GPS  -2267812.946  5009360.627  3221012.953
2022  62  24847 GPS  -2267812.950  5009360.630  3221012.956
2022  62  24848 GPS  -2267812.947  5009360.626  3221012.956
2022  62  24849 GPS  -2267812.948  5009360.628  3221012.953
2022  62  24850 GPS  -2267812.948  5009360.636  3221012.961
2022  62  24851 GPS  -2267812.714  5009359.859  3221012.190
2022  62  24852 GPS  -2267812.711  5009359.857  3221012.190
2022  62  24853 GPS  -2267812.708  5009359.862  3221012.193
2022  62  24854 GPS  -2267812.707  5009359.870  3221012.197
2022  62  24855 GPS  -2267812.707  5009359.877  3221012.201
2022  62  24856 GPS  -2267812.709  5009359.886  3221012.210
2022  62  24857 GPS  -2267812.714  5009359.895  3221012.219
2022  62  24858 GPS  -2267812.927  5009360.598  3221012.919
2022  62  24859 GPS  -2267812.946  5009360.652  3221012.970
2022  62  24860 GPS  -2267812.953  5009360.657  3221012.967
2022  62  24861 GPS  -2267812.954  5009360.649  3221012.949
2022  62  24862 GPS  -2267812.968  5009360.668  3221012.961
2022  62  24863 GPS  -2267812.976  5009360.673  3221012.961
2022  62  24864 GPS  -2267812.980  5009360.666  3221012.955
2022  62  24865 GPS  -2267812.992  5009360.681  3221012.968
2022  62  24866 GPS  -2267813.014  5009360.737  3221013.014
2022  62  24867 GPS  -2267813.015  5009360.728  3221013.000
2022  62  24868 GPS  -2267813.025  5009360.735  3221013.010
2022  62  24869 GPS  -2267813.036  5009360.749  3221013.026
2022  62  24870 GPS  -2267813.056  5009360.790  3221013.060
2022  62  24871 GPS  -2267813.070  5009360.798  3221013.067
2022  62  24872 GPS  -2267813.083  5009360.814  3221013.091
2022  62  24873 GPS  -2267813.077  5009360.782  3221013.056
2022  62  24874 GPS  -2267813.081  5009360.773  3221013.047
2022  62  24875 GPS  -2267813.088  5009360.773  3221013.054
2022  62  24876 GPS  -2267813.111  5009360.806  3221013.092
2022  62  24877 GPS  -2267813.129  5009360.840  3221013.132
2022  62  24878 GPS  -2267813.143  5009360.850  3221013.142
2022  62  24879 GPS  -2267813.157  5009360.864  3221013.160
2022  62  24880 GPS  -2267813.161  5009360.864  3221013.166
2022  62  24881 GPS  -2267813.164  5009360.863  3221013.167
2022  62  24882 GPS  -2267813.169  5009360.856  3221013.160
2022  62  24883 GPS  -2267813.173  5009360.846  3221013.151
2022  62  24884 GPS  -2267813.174  5009360.831  3221013.144
2022  62  24885 GPS  -2267813.166  5009360.809  3221013.131
2022  62  24886 GPS  -2267813.161  5009360.803  3221013.134
2022  62  24887 GPS  -2267813.155  5009360.796  3221013.137
2022  62  24888 GPS  -2267813.144  5009360.788  3221013.138
2022  62  24889 GPS  -2267813.139  5009360.784  3221013.139
2022  62  24890 GPS  -2267813.139  5009360.778  3221013.136
2022  62  24891 GPS  -2267812.921  5009360.074  3221012.434
2022  62  24892 GPS  -2267812.921  5009360.074  3221012.437
2022  62  24893 GPS  -2267812.916  5009360.069  3221012.430
2022  62  24894 GPS  -2267812.916  5009360.066  3221012.428
2022  62  24895 GPS  -2267812.917  5009360.067  3221012.428
2022  62  24896 GPS  -2267812.915  5009360.063  3221012.428
2022  62  24897 GPS  -2267812.920  5009360.072  3221012.435
2022  62  24898 GPS  -2267812.920  5009360.087  3221012.443
2022  62  24899 GPS  -2267812.922  5009360.093  3221012.448
2022  62  24900 GPS  -2267813.362  5009361.542  3221013.895
2022  62  24901 GPS  -2267813.211  5009361.052  3221013.399
2022  62  24902 GPS  -2267813.167  5009360.925  3221013.273
2022  62  24903 GPS  -2267813.152  5009360.898  3221013.243
2022  62  24904 GPS  -2267813.142  5009360.890  3221013.228
2022  62  24905 GPS  -2267813.134  5009360.869  3221013.200
2022  62  24906 GPS  -2267813.133  5009360.864  3221013.185
2022  62  24907 GPS  -2267813.136  5009360.863  3221013.179
2022  62  24908 GPS  -2267813.133  5009360.850  3221013.176
2022  62  24909 GPS  -2267813.103  5009360.764  3221013.090
2022  62  24910 GPS  -2267813.108  5009360.796  3221013.121
2022  62  24911 GPS  -2267813.120  5009360.837  3221013.167
2022  62  24912 GPS  -2267813.120  5009360.849  3221013.182
2022  62  24913 GPS  -2267813.112  5009360.842  3221013.173
2022  62  24914 GPS  -2267813.126  5009360.901  3221013.226
2022  62  24915 GPS  -2267813.123  5009360.905  3221013.226
2022  62  24916 GPS  -2267813.111  5009360.890  3221013.208
2022  62  24917 GPS  -2267813.102  5009360.880  3221013.197
2022  62  24918 GPS  -2267813.102  5009360.887  3221013.201
2022  62  24919 GPS  -2267813.106  5009360.906  3221013.219
2022  62  24920 GPS  -2267813.107  5009360.925  3221013.238
2022  62  24921 GPS  -2267813.105  5009360.937  3221013.250
2022  62  24922 GPS  -2267813.097  5009360.936  3221013.248
2022  62  24923 GPS  -2267813.099  5009360.947  3221013.248
2022  62  24924 GPS  -2267813.096  5009360.947  3221013.242
2022  62  24925 GPS  -2267813.094  5009360.945  3221013.233
2022  62  24926 GPS  -2267813.090  5009360.937  3221013.220
2022  62  24927 GPS  -2267813.094  5009360.941  3221013.220
2022  62  24928 GPS  -2267813.100  5009360.942  3221013.212
2022  62  24929 GPS  -2267813.101  5009360.946  3221013.210
2022  62  24930 GPS  -2267813.101  5009360.952  3221013.210
2022  62  24931 GPS  -2267813.098  5009360.948  3221013.209
2022  62  24932 GPS  -2267813.097  5009360.948  3221013.207
2022  62  24933 GPS  -2267813.099  5009360.953  3221013.206
2022  62  24934 GPS  -2267813.099  5009360.954  3221013.204
2022  62  24935 GPS  -2267813.097  5009360.950  3221013.204
2022  62  24936 GPS  -2267813.096  5009360.942  3221013.198
2022  62  24937 GPS  -2267813.087  5009360.934  3221013.195
2022  62  24938 GPS  -2267813.076  5009360.920  3221013.192
2022  62  24939 GPS  -2267813.064  5009360.905  3221013.179
2022  62  24940 GPS  -2267813.063  5009360.904  3221013.176
2022  62  24941 GPS  -2267813.057  5009360.899  3221013.171
2022  62  24942 GPS  -2267813.058  5009360.895  3221013.173
2022  62  24943 GPS  -2267813.059  5009360.890  3221013.172
2022  62  24944 GPS  -2267813.056  5009360.883  3221013.174
2022  62  24945 GPS  -2267813.056  5009360.882  3221013.175
2022  62  24946 GPS  -2267813.054  5009360.882  3221013.175
2022  62  24947 GPS  -2267813.056  5009360.880  3221013.172
2022  62  24948 GPS  -2267813.061  5009360.889  3221013.174
2022  62  24949 GPS  -2267813.057  5009360.889  3221013.169
2022  62  24950 GPS  -2267813.054  5009360.889  3221013.162
2022  62  24951 GPS  -2267812.812  5009360.101  3221012.356
2022  62  24952 GPS  -2267812.806  5009360.098  3221012.350
2022  62  24953 GPS  -2267812.801  5009360.096  3221012.347
2022  62  24954 GPS  -2267812.800  5009360.096  3221012.343
2022  62  24955 GPS  -2267812.799  5009360.100  3221012.334
2022  62  24956 GPS  -2267812.798  5009360.103  3221012.324
2022  62  24957 GPS  -2267812.791  5009360.097  3221012.319
2022  62  24958 GPS  -2267812.786  5009360.094  3221012.315
2022  62  24959 GPS  -2267812.790  5009360.099  3221012.311
2022  62  24960 GPS  -2267812.795  5009360.112  3221012.313
2022  62  24961 GPS  -2267812.802  5009360.124  3221012.313
2022  62  24962 GPS  -2267812.806  5009360.132  3221012.308
2022  62  24963 GPS  -2267812.809  5009360.138  3221012.310
2022  62  24964 GPS  -2267812.807  5009360.133  3221012.308
2022  62  24965 GPS  -2267812.810  5009360.135  3221012.307
2022  62  24966 GPS  -2267812.807  5009360.122  3221012.302
2022  62  24967 GPS  -2267812.801  5009360.104  3221012.296
2022  62  24968 GPS  -2267812.791  5009360.090  3221012.288
2022  62  24969 GPS  -2267812.784  5009360.081  3221012.276
2022  62  24970 GPS  -2267812.779  5009360.078  3221012.276
2022  62  24971 GPS  -2267812.771  5009360.065  3221012.274
2022  62  24972 GPS  -2267812.766  5009360.060  3221012.274
2022  62  24973 GPS  -2267812.761  5009360.061  3221012.280
2022  62  24974 GPS  -2267812.753  5009360.051  3221012.276
2022  62  24975 GPS  -2267812.750  5009360.044  3221012.275
2022  62  24976 GPS  -2267812.749  5009360.041  3221012.275
2022  62  24977 GPS  -2267812.746  5009360.035  3221012.275
2022  62  24978 GPS  -2267812.749  5009360.034  3221012.271
2022  62  24979 GPS  -2267812.750  5009360.036  3221012.268
2022  62  24980 GPS  -2267813.007  5009360.863  3221013.106
2022  62  24981 GPS  -2267812.748  5009360.029  3221012.254
2022  62  24982 GPS  -2267812.749  5009360.028  3221012.248
2022  62  24983 GPS  -2267812.755  5009360.035  3221012.244
2022  62  24984 GPS  -2267812.765  5009360.052  3221012.250
2022  62  24985 GPS  -2267812.776  5009360.066  3221012.263
2022  62  24986 GPS  -2267812.783  5009360.079  3221012.273
2022  62  24987 GPS  -2267812.785  5009360.089  3221012.280
2022  62  24988 GPS  -2267812.780  5009360.090  3221012.273
2022  62  24989 GPS  -2267812.774  5009360.087  3221012.273
2022  62  24990 GPS  -2267812.770  5009360.090  3221012.270
2022  62  24991 GPS  -2267813.297  5009361.794  3221013.993
2022  62  24992 GPS  -2267813.045  5009360.979  3221013.152
2022  62  24993 GPS  -2267813.012  5009360.872  3221013.030
2022  62  24994 GPS  -2267813.027  5009360.919  3221013.080
2022  62  24995 GPS  -2267813.039  5009360.947  3221013.098
2022  62  24996 GPS  -2267813.032  5009360.946  3221013.102
2022  62  24997 GPS  -2267813.040  5009360.978  3221013.143
2022  62  24998 GPS  -2267813.040  5009360.972  3221013.135
2022  62  24999 GPS  -2267813.038  5009360.961  3221013.126
2022  62  25000 GPS  -2267813.051  5009360.996  3221013.164
2022  62  25001 GPS  -2267813.046  5009360.959  3221013.128
2022  62  25002 GPS  -2267813.032  5009360.920  3221013.089
2022  62  25003 GPS  -2267813.021  5009360.876  3221013.044
2022  62  25004 GPS  -2267813.024  5009360.861  3221013.031
2022  62  25005 GPS  -2267813.028  5009360.867  3221013.030
2022  62  25006 GPS  -2267813.024  5009360.841  3221013.008
2022  62  25007 GPS  -2267813.043  5009360.876  3221013.047
2022  62  25008 GPS  -2267813.039  5009360.844  3221013.017
2022  62  25009 GPS  -2267813.031  5009360.817  3221012.989
2022  62  25010 GPS  -2267813.032  5009360.804  3221012.982
2022  62  25011 GPS  -2267813.034  5009360.810  3221012.984
2022  62  25012 GPS  -2267813.031  5009360.808  3221012.970
2022  62  25013 GPS  -2267813.041  5009360.829  3221012.981
2022  62  25014 GPS  -2267813.045  5009360.841  3221012.991
2022  62  25015 GPS  -2267813.047  5009360.847  3221012.994
2022  62  25016 GPS  -2267813.049  5009360.842  3221012.985
2022  62  25017 GPS  -2267813.057  5009360.845  3221012.982
2022  62  25018 GPS  -2267813.066  5009360.838  3221012.970
2022  62  25019 GPS  -2267813.077  5009360.843  3221012.972
2022  62  25020 GPS  -2267813.080  5009360.854  3221012.977
2022  62  25021 GPS  -2267813.083  5009360.854  3221012.980
2022  62  25022 GPS  -2267813.083  5009360.854  3221012.985
2022  62  25023 GPS  -2267813.082  5009360.861  3221012.983
2022  62  25024 GPS  -2267813.084  5009360.861  3221012.984
2022  62  25025 GPS  -2267813.082  5009360.860  3221012.982
2022  62  25026 GPS  -2267813.084  5009360.855  3221012.978
2022  62  25027 GPS  -2267813.084  5009360.853  3221012.974
2022  62  25028 GPS  -2267813.084  5009360.861  3221012.977
2022  62  25029 GPS  -2267813.091  5009360.874  3221012.978
2022  62  25030 GPS  -2267813.093  5009360.878  3221012.983
2022  62  25031 GPS  -2267812.882  5009360.217  3221012.302
2022  62  25032 GPS  -2267812.885  5009360.223  3221012.299
2022  62  25033 GPS  -2267812.885  5009360.233  3221012.298
2022  62  25034 GPS  -2267812.885  5009360.240  3221012.297
2022  62  25035 GPS  -2267812.889  5009360.251  3221012.302
2022  62  25036 GPS  -2267812.893  5009360.256  3221012.307
2022  62  25037 GPS  -2267812.895  5009360.260  3221012.307
2022  62  25038 GPS  -2267812.889  5009360.258  3221012.303
2022  62  25039 GPS  -2267812.881  5009360.253  3221012.298
2022  62  25040 GPS  -2267813.218  5009361.339  3221013.418
2022  62  25041 GPS  -2267813.144  5009361.110  3221013.192
2022  62  25042 GPS  -2267813.096  5009360.976  3221013.059
2022  62  25043 GPS  -2267813.085  5009360.947  3221013.032
2022  62  25044 GPS  -2267813.090  5009360.964  3221013.063
2022  62  25045 GPS  -2267813.075  5009360.931  3221013.030
2022  62  25046 GPS  -2267813.073  5009360.931  3221013.032
2022  62  25047 GPS  -2267813.083  5009360.978  3221013.081
2022  62  25048 GPS  -2267813.087  5009360.986  3221013.089
2022  62  25049 GPS  -2267813.081  5009360.972  3221013.075
2022  62  25050 GPS  -2267813.074  5009360.969  3221013.075
2022  62  25051 GPS  -2267813.076  5009360.981  3221013.085
2022  62  25052 GPS  -2267813.084  5009361.000  3221013.104
2022  62  25053 GPS  -2267813.092  5009361.023  3221013.126
2022  62  25054 GPS  -2267813.095  5009361.035  3221013.129
2022  62  25055 GPS  -2267813.095  5009361.042  3221013.140
2022  62  25056 GPS  -2267813.082  5009361.020  3221013.113
2022  62  25057 GPS  -2267813.077  5009361.013  3221013.101
2022  62  25058 GPS  -2267813.094  5009361.063  3221013.143
2022  62  25059 GPS  -2267813.103  5009361.105  3221013.184
2022  62  25060 GPS  -2267813.095  5009361.097  3221013.169
2022  62  25061 GPS  -2267812.847  5009360.311  3221012.356
2022  62  25062 GPS  -2267812.850  5009360.312  3221012.355
2022  62  25063 GPS  -2267812.854  5009360.314  3221012.352
2022  62  25064 GPS  -2267812.859  5009360.321  3221012.359
2022  62  25065 GPS  -2267812.862  5009360.328  3221012.364
2022  62  25066 GPS  -2267812.862  5009360.329  3221012.364
2022  62  25067 GPS  -2267812.860  5009360.335  3221012.367
2022  62  25068 GPS  -2267812.864  5009360.331  3221012.366
2022  62  25069 GPS  -2267812.863  5009360.331  3221012.369
2022  62  25070 GPS  -2267813.094  5009361.057  3221013.125
2022  62  25071 GPS  -2267813.104  5009361.081  3221013.148
2022  62  25072 GPS  -2267813.123  5009361.114  3221013.178
2022  62  25073 GPS  -2267813.125  5009361.089  3221013.151
2022  62  25074 GPS  -2267813.115  5009361.045  3221013.114
2022  62  25075 GPS  -2267813.113  5009361.024  3221013.099
2022  62  25076 GPS  -2267813.140  5009361.099  3221013.171
2022  62  25077 GPS  -2267813.143  5009361.089  3221013.158
2022  62  25078 GPS  -2267813.149  5009361.078  3221013.152
2022  62  25079 GPS  -2267813.160  5009361.098  3221013.170
2022  62  25080 GPS  -2267813.176  5009361.126  3221013.192
2022  62  25081 GPS  -2267812.936  5009360.348  3221012.378
2022  62  25082 GPS  -2267812.938  5009360.345  3221012.369
2022  62  25083 GPS  -2267812.939  5009360.346  3221012.367
2022  62  25084 GPS  -2267812.941  5009360.344  3221012.365
2022  62  25085 GPS  -2267812.945  5009360.347  3221012.366
2022  62  25086 GPS  -2267812.950  5009360.348  3221012.366
2022  62  25087 GPS  -2267812.950  5009360.344  3221012.364
2022  62  25088 GPS  -2267812.951  5009360.348  3221012.365
2022  62  25089 GPS  -2267812.950  5009360.355  3221012.368
2022  62  25090 GPS  -2267813.496  5009362.068  3221014.135
2022  62  25091 GPS  -2267813.341  5009361.587  3221013.627
2022  62  25092 GPS  -2267813.256  5009361.313  3221013.339
2022  62  25093 GPS  -2267813.225  5009361.222  3221013.241
2022  62  25094 GPS  -2267813.221  5009361.225  3221013.243
2022  62  25095 GPS  -2267813.079  5009361.044  3221013.129
2022  62  25096 GPS  -2267813.075  5009361.039  3221013.133
2022  62  25097 GPS  -2267813.078  5009361.040  3221013.137
2022  62  25098 GPS  -2267813.071  5009361.051  3221013.145
2022  62  25099 GPS  -2267813.068  5009361.056  3221013.140
2022  62  25100 GPS  -2267813.066  5009361.048  3221013.130
2022  62  25101 GPS  -2267813.072  5009361.077  3221013.158
2022  62  25102 GPS  -2267813.042  5009361.004  3221013.082
2022  62  25103 GPS  -2267813.025  5009361.005  3221013.079
2022  62  25104 GPS  -2267813.016  5009361.024  3221013.087
2022  62  25105 GPS  -2267813.008  5009361.040  3221013.097
2022  62  25106 GPS  -2267813.007  5009361.062  3221013.111
2022  62  25107 GPS  -2267813.006  5009361.061  3221013.106
2022  62  25108 GPS  -2267813.013  5009361.081  3221013.117
2022  62  25109 GPS  -2267813.014  5009361.085  3221013.116
2022  62  25110 GPS  -2267813.002  5009361.057  3221013.091
2022  62  25111 GPS  -2267812.999  5009361.051  3221013.087
2022  62  25112 GPS  -2267813.003  5009361.059  3221013.098
2022  62  25113 GPS  -2267813.000  5009361.035  3221013.065
2022  62  25114 GPS  -2267813.007  5009361.043  3221013.070
2022  62  25115 GPS  -2267813.004  5009361.043  3221013.070
2022  62  25116 GPS  -2267813.005  5009361.049  3221013.072
2022  62  25117 GPS  -2267813.009  5009361.055  3221013.076
2022  62  25118 GPS  -2267813.003  5009361.047  3221013.072
2022  62  25119 GPS  -2267813.001  5009361.043  3221013.074
2022  62  25120 GPS  -2267812.999  5009361.036  3221013.068
2022  62  25121 GPS  -2267812.997  5009361.030  3221013.067
2022  62  25122 GPS  -2267813.001  5009361.025  3221013.068
2022  62  25123 GPS  -2267813.006  5009361.021  3221013.073
2022  62  25124 GPS  -2267813.009  5009361.015  3221013.076
2022  62  25125 GPS  -2267813.013  5009361.005  3221013.079
2022  62  25126 GPS  -2267813.014  5009360.997  3221013.075
2022  62  25127 GPS  -2267813.013  5009360.998  3221013.074
2022  62  25128 GPS  -2267813.014  5009360.994  3221013.069
2022  62  25129 GPS  -2267813.021  5009361.000  3221013.066
2022  62  25130 GPS  -2267813.025  5009360.996  3221013.064
2022  62  25131 GPS  -2267812.804  5009360.269  3221012.296
2022  62  25132 GPS  -2267812.810  5009360.274  3221012.293
2022  62  25133 GPS  -2267812.814  5009360.276  3221012.290
2022  62  25134 GPS  -2267812.818  5009360.287  3221012.295
2022  62  25135 GPS  -2267812.820  5009360.293  3221012.297
2022  62  25136 GPS  -2267812.818  5009360.291  3221012.292
2022  62  25137 GPS  -2267812.820  5009360.287  3221012.288
2022  62  25138 GPS  -2267812.822  5009360.278  3221012.284
2022  62  25139 GPS  -2267812.817  5009360.267  3221012.275
2022  62  25140 GPS  -2267812.811  5009360.254  3221012.260
2022  62  25141 GPS  -2267812.813  5009360.246  3221012.250
2022  62  25142 GPS  -2267813.002  5009360.827  3221012.868
2022  62  25143 GPS  -2267813.008  5009360.828  3221012.876
2022  62  25144 GPS  -2267813.011  5009360.829  3221012.874
2022  62  25145 GPS  -2267813.012  5009360.809  3221012.852
2022  62  25146 GPS  -2267813.020  5009360.825  3221012.870
2022  62  25147 GPS  -2267813.030  5009360.853  3221012.902
2022  62  25148 GPS  -2267813.003  5009360.764  3221012.802
2022  62  25149 GPS  -2267813.023  5009360.825  3221012.865
2022  62  25150 GPS  -2267813.041  5009360.874  3221012.919
2022  62  25151 GPS  -2267812.830  5009360.206  3221012.218
2022  62  25152 GPS  -2267812.829  5009360.206  3221012.215
2022  62  25153 GPS  -2267812.823  5009360.205  3221012.212
2022  62  25154 GPS  -2267812.816  5009360.207  3221012.213
2022  62  25155 GPS  -2267812.803  5009360.204  3221012.207
2022  62  25156 GPS  -2267812.789  5009360.194  3221012.200
2022  62  25157 GPS  -2267812.785  5009360.200  3221012.206
2022  62  25158 GPS  -2267812.785  5009360.203  3221012.211
2022  62  25159 GPS  -2267812.788  5009360.207  3221012.217
2022  62  25160 GPS  -2267813.153  5009361.375  3221013.463
2022  62  25161 GPS  -2267813.064  5009361.089  3221013.163
2022  62  25162 GPS  -2267813.061  5009361.093  3221013.170
2022  62  25163 GPS  -2267813.074  5009361.136  3221013.218
2022  62  25164 GPS  -2267813.053  5009361.067  3221013.143
2022  62  25165 GPS  -2267813.047  5009361.052  3221013.125
2022  62  25166 GPS  -2267813.052  5009361.057  3221013.133
2022  62  25167 GPS  -2267813.055  5009361.059  3221013.133
2022  62  25168 GPS  -2267813.042  5009361.026  3221013.103
2022  62  25169 GPS  -2267813.034  5009361.005  3221013.078
2022  62  25170 GPS  -2267813.030  5009361.001  3221013.072
2022  62  25171 GPS  -2267813.031  5009361.012  3221013.081
2022  62  25172 GPS  -2267813.037  5009361.034  3221013.101
2022  62  25173 GPS  -2267813.033  5009361.023  3221013.089
2022  62  25174 GPS  -2267813.022  5009360.989  3221013.054
2022  62  25175 GPS  -2267813.019  5009360.981  3221013.040
2022  62  25176 GPS  -2267813.024  5009360.996  3221013.051
2022  62  25177 GPS  -2267813.036  5009361.046  3221013.097
2022  62  25178 GPS  -2267813.047  5009361.072  3221013.120
2022  62  25179 GPS  -2267813.041  5009361.060  3221013.103
2022  62  25180 GPS  -2267813.032  5009361.038  3221013.067
2022  62  25181 GPS  -2267813.033  5009361.035  3221013.052
2022  62  25182 GPS  -2267813.042  5009361.073  3221013.081
2022  62  25183 GPS  -2267813.046  5009361.079  3221013.079
2022  62  25184 GPS  -2267813.052  5009361.083  3221013.075
2022  62  25185 GPS  -2267813.055  5009361.089  3221013.064
2022  62  25186 GPS  -2267813.373  5009379.364  3221020.418
2022  62  25187 GPS  -2267813.377  5009379.352  3221020.411
2022  62  25188 GPS  -2267813.384  5009379.347  3221020.418
2022  62  25189 GPS  -2267813.394  5009379.333  3221020.416
2022  62  25190 GPS  -2267813.400  5009379.325  3221020.412
2022  62  25191 GPS  -2267813.690  5009380.229  3221021.375
2022  62  25192 GPS  -2267813.701  5009380.227  3221021.372
2022  62  25193 GPS  -2267813.714  5009380.216  3221021.372
2022  62  25194 GPS  -2267813.725  5009380.209  3221021.369
2022  62  25195 GPS  -2267813.736  5009380.197  3221021.364
2022  62  25196 GPS  -2267813.742  5009380.181  3221021.358
2022  62  25197 GPS  -2267813.751  5009380.166  3221021.356
2022  62  25198 GPS  -2267813.757  5009380.153  3221021.342
2022  62  25199 GPS  -2267813.762  5009380.130  3221021.328
2022  62  25200 GPS  -2267812.943  5009360.453  3221012.335
2022  62  25201 GPS  -2267812.949  5009360.453  3221012.338
2022  62  25202 GPS  -2267813.006  5009360.306  3221012.266
2022  62  25203 GPS  -2267813.006  5009360.302  3221012.266
2022  62  25204 GPS  -2267813.001  5009360.290  3221012.256
2022  62  25205 GPS  -2267813.001  5009360.286  3221012.245
2022  62  25206 GPS  -2267813.000  5009360.285  3221012.235
2022  62  25207 GPS  -2267813.002  5009360.285  3221012.229
2022  62  25208 GPS  -2267813.008  5009360.291  3221012.229
2022  62  25209 GPS  -2267813.009  5009360.289  3221012.233
2022  62  25210 GPS  -2267813.010  5009360.291  3221012.239
2022  62  25211 GPS  -2267813.015  5009360.290  3221012.245
2022  62  25212 GPS  -2267813.016  5009360.290  3221012.247
2022  62  25213 GPS  -2267813.015  5009360.283  3221012.245
2022  62  25214 GPS  -2267813.010  5009360.278  3221012.241
2022  62  25215 GPS  -2267813.002  5009360.260  3221012.232
2022  62  25216 GPS  -2267812.844  5009360.313  3221012.163
2022  62  25217 GPS  -2267812.845  5009360.309  3221012.155
2022  62  25218 GPS  -2267812.843  5009360.308  3221012.155
2022  62  25219 GPS  -2267812.841  5009360.312  3221012.156
2022  62  25220 GPS  -2267812.835  5009360.318  3221012.155
2022  62  25221 GPS  -2267812.823  5009360.324  3221012.155
2022  62  25222 GPS  -2267813.059  5009361.090  3221012.973
2022  62  25223 GPS  -2267813.057  5009361.100  3221012.992
2022  62  25224 GPS  -2267813.051  5009361.096  3221012.980
2022  62  25225 GPS  -2267813.070  5009361.169  3221013.046
2022  62  25226 GPS  -2267813.080  5009361.206  3221013.083
2022  62  25227 GPS  -2267813.075  5009361.195  3221013.065
2022  62  25228 GPS  -2267813.042  5009361.099  3221012.963
2022  62  25229 GPS  -2267813.046  5009361.130  3221012.992
2022  62  25230 GPS  -2267813.054  5009361.160  3221013.016
2022  62  25231 GPS  -2267813.061  5009361.193  3221013.045
2022  62  25232 GPS  -2267813.069  5009361.215  3221013.067
2022  62  25233 GPS  -2267813.063  5009361.195  3221013.051
2022  62  25234 GPS  -2267813.028  5009361.092  3221012.938
2022  62  25235 GPS  -2267813.032  5009361.108  3221012.959
2022  62  25236 GPS  -2267813.038  5009361.126  3221012.979
2022  62  25237 GPS  -2267813.027  5009361.087  3221012.950
2022  62  25238 GPS  -2267813.025  5009361.078  3221012.944
2022  62  25239 GPS  -2267813.023  5009361.079  3221012.947
2022  62  25240 GPS  -2267813.038  5009361.122  3221012.978
2022  62  25241 GPS  -2267813.026  5009361.106  3221012.949
2022  62  25242 GPS  -2267813.025  5009361.096  3221012.933
2022  62  25243 GPS  -2267813.022  5009361.090  3221012.922
2022  62  25244 GPS  -2267813.010  5009361.068  3221012.889
2022  62  25245 GPS  -2267813.007  5009361.074  3221012.890
2022  62  25246 GPS  -2267812.991  5009361.037  3221012.857
2022  62  25247 GPS  -2267812.984  5009361.015  3221012.830
2022  62  25248 GPS  -2267812.979  5009361.007  3221012.813
2022  62  25249 GPS  -2267812.974  5009360.992  3221012.795
2022  62  25250 GPS  -2267812.969  5009360.986  3221012.782
2022  62  25251 GPS  -2267812.782  5009360.401  3221012.143
2022  62  25252 GPS  -2267812.785  5009360.396  3221012.140
2022  62  25253 GPS  -2267812.791  5009360.401  3221012.142
2022  62  25254 GPS  -2267812.798  5009360.425  3221012.147
2022  62  25255 GPS  -2267812.809  5009360.445  3221012.159
2022  62  25256 GPS  -2267812.824  5009360.462  3221012.172
2022  62  25257 GPS  -2267812.836  5009360.478  3221012.180
2022  62  25258 GPS  -2267812.853  5009360.501  3221012.196
2022  62  25259 GPS  -2267812.858  5009360.509  3221012.203
2022  62  25260 GPS  -2267812.861  5009360.512  3221012.207
2022  62  25261 GPS  -2267813.027  5009361.017  3221012.749
2022  62  25262 GPS  -2267813.025  5009361.004  3221012.738
2022  62  25263 GPS  -2267813.008  5009360.935  3221012.660
2022  62  25264 GPS  -2267813.003  5009360.893  3221012.620
2022  62  25265 GPS  -2267812.997  5009360.878  3221012.608
2022  62  25266 GPS  -2267813.003  5009360.885  3221012.610
2022  62  25267 GPS  -2267813.019  5009360.934  3221012.655
2022  62  25268 GPS  -2267813.027  5009360.959  3221012.675
2022  62  25269 GPS  -2267813.030  5009360.960  3221012.675
2022  62  25270 GPS  -2267813.051  5009361.008  3221012.724
2022  62  25271 GPS  -2267813.065  5009361.049  3221012.763
2022  62  25272 GPS  -2267813.074  5009361.065  3221012.771
2022  62  25273 GPS  -2267813.088  5009361.099  3221012.799
2022  62  25274 GPS  -2267813.100  5009361.143  3221012.843
2022  62  25275 GPS  -2267813.119  5009361.198  3221012.896
2022  62  25276 GPS  -2267813.134  5009361.235  3221012.936
2022  62  25277 GPS  -2267813.145  5009361.265  3221012.962
2022  62  25278 GPS  -2267813.145  5009361.283  3221012.980
2022  62  25279 GPS  -2267813.146  5009361.287  3221012.988
2022  62  25280 GPS  -2267813.155  5009361.308  3221013.020
2022  62  25281 GPS  -2267813.160  5009361.320  3221013.036
2022  62  25282 GPS  -2267813.166  5009361.323  3221013.046
2022  62  25283 GPS  -2267813.166  5009361.326  3221013.051
2022  62  25284 GPS  -2267813.170  5009361.337  3221013.061
2022  62  25285 GPS  -2267813.172  5009361.358  3221013.079
2022  62  25286 GPS  -2267813.180  5009361.386  3221013.099
2022  62  25287 GPS  -2267813.184  5009361.405  3221013.112
2022  62  25288 GPS  -2267813.184  5009361.416  3221013.119
2022  62  25289 GPS  -2267813.187  5009361.434  3221013.126
2022  62  25290 GPS  -2267813.190  5009361.445  3221013.130
2022  62  25291 GPS  -2267812.993  5009360.805  3221012.435
2022  62  25292 GPS  -2267812.989  5009360.801  3221012.429
2022  62  25293 GPS  -2267812.989  5009360.803  3221012.429
2022  62  25294 GPS  -2267812.978  5009360.792  3221012.418
2022  62  25295 GPS  -2267812.973  5009360.777  3221012.406
2022  62  25296 GPS  -2267812.969  5009360.773  3221012.404
2022  62  25297 GPS  -2267812.967  5009360.772  3221012.404
2022  62  25298 GPS  -2267812.967  5009360.779  3221012.404
2022  62  25299 GPS  -2267812.961  5009360.778  3221012.398
2022  62  25300 GPS  -2267813.122  5009361.293  3221012.945
2022  62  25301 GPS  -2267813.129  5009361.325  3221012.975
2022  62  25302 GPS  -2267813.144  5009361.383  3221013.034
2022  62  25303 GPS  -2267813.141  5009361.383  3221013.025
2022  62  25304 GPS  -2267813.133  5009361.368  3221013.010
2022  62  25305 GPS  -2267813.120  5009361.333  3221012.981
2022  62  25306 GPS  -2267813.109  5009361.286  3221012.940
2022  62  25307 GPS  -2267813.108  5009361.294  3221012.944
2022  62  25308 GPS  -2267813.120  5009361.328  3221012.987
2022  62  25309 GPS  -2267813.107  5009361.300  3221012.958
2022  62  25310 GPS  -2267813.100  5009361.284  3221012.933
2022  62  25311 GPS  -2267813.107  5009361.292  3221012.935
2022  62  25312 GPS  -2267813.106  5009361.263  3221012.909
2022  62  25313 GPS  -2267813.102  5009361.212  3221012.857
2022  62  25314 GPS  -2267813.094  5009361.191  3221012.834
2022  62  25315 GPS  -2267813.093  5009361.179  3221012.815
2022  62  25316 GPS  -2267813.101  5009361.191  3221012.825
2022  62  25317 GPS  -2267813.107  5009361.201  3221012.836
2022  62  25318 GPS  -2267813.128  5009361.255  3221012.892
2022  62  25319 GPS  -2267813.140  5009361.264  3221012.894
2022  62  25320 GPS  -2267813.149  5009361.276  3221012.898
2022  62  25321 GPS  -2267813.160  5009361.282  3221012.900
2022  62  25322 GPS  -2267813.170  5009361.297  3221012.911
2022  62  25323 GPS  -2267813.175  5009361.304  3221012.913
2022  62  25324 GPS  -2267813.177  5009361.300  3221012.909
2022  62  25325 GPS  -2267813.182  5009361.289  3221012.892
2022  62  25326 GPS  -2267813.194  5009361.291  3221012.885
2022  62  25327 GPS  -2267813.209  5009361.310  3221012.895
2022  62  25328 GPS  -2267813.218  5009361.323  3221012.896
2022  62  25329 GPS  -2267813.229  5009361.335  3221012.893
2022  62  25330 GPS  -2267813.244  5009361.352  3221012.896
2022  62  25331 GPS  -2267813.248  5009361.360  3221012.898
2022  62  25332 GPS  -2267813.253  5009361.363  3221012.898
2022  62  25333 GPS  -2267813.262  5009361.367  3221012.900
2022  62  25334 GPS  -2267813.268  5009361.367  3221012.902
2022  62  25335 GPS  -2267813.273  5009361.361  3221012.903
2022  62  25336 GPS  -2267813.280  5009361.363  3221012.908
2022  62  25337 GPS  -2267813.290  5009361.369  3221012.919
2022  62  25338 GPS  -2267813.301  5009361.384  3221012.933
2022  62  25339 GPS  -2267813.305  5009361.389  3221012.938
2022  62  25340 GPS  -2267813.308  5009361.391  3221012.945
2022  62  25341 GPS  -2267813.310  5009361.393  3221012.954
2022  62  25342 GPS  -2267813.309  5009361.399  3221012.962
2022  62  25343 GPS  -2267813.313  5009361.399  3221012.966
2022  62  25344 GPS  -2267813.306  5009361.394  3221012.966
2022  62  25345 GPS  -2267813.298  5009361.394  3221012.966
2022  62  25346 GPS  -2267813.292  5009361.396  3221012.969
2022  62  25347 GPS  -2267813.283  5009361.397  3221012.968
2022  62  25348 GPS  -2267813.273  5009361.392  3221012.965
2022  62  25349 GPS  -2267813.267  5009361.402  3221012.973
2022  62  25350 GPS  -2267813.269  5009361.413  3221012.979
2022  62  25351 GPS  -2267813.102  5009360.910  3221012.423
2022  62  25352 GPS  -2267813.103  5009360.913  3221012.429
2022  62  25353 GPS  -2267813.100  5009360.913  3221012.424
2022  62  25354 GPS  -2267813.097  5009360.914  3221012.423
2022  62  25355 GPS  -2267813.101  5009360.917  3221012.419
2022  62  25356 GPS  -2267813.100  5009360.915  3221012.415
2022  62  25357 GPS  -2267813.111  5009360.922  3221012.421
2022  62  25358 GPS  -2267813.115  5009360.923  3221012.425
2022  62  25359 GPS  -2267813.114  5009360.923  3221012.421
2022  62  25360 GPS  -2267813.292  5009361.461  3221013.015
2022  62  25361 GPS  -2267813.306  5009361.501  3221013.056
2022  62  25362 GPS  -2267813.311  5009361.514  3221013.062
2022  62  25363 GPS  -2267813.303  5009361.492  3221013.029
2022  62  25364 GPS  -2267813.289  5009361.453  3221012.989
2022  62  25365 GPS  -2267813.277  5009361.430  3221012.965
2022  62  25366 GPS  -2267813.259  5009361.372  3221012.897
2022  62  25367 GPS  -2267813.242  5009361.317  3221012.847
2022  62  25368 GPS  -2267813.250  5009361.334  3221012.871
2022  62  25369 GPS  -2267813.247  5009361.321  3221012.858
2022  62  25370 GPS  -2267813.229  5009361.265  3221012.806
2022  62  25371 GPS  -2267813.241  5009361.307  3221012.854
2022  62  25372 GPS  -2267813.218  5009361.243  3221012.785
2022  62  25373 GPS  -2267813.209  5009361.215  3221012.752
2022  62  25374 GPS  -2267813.193  5009361.182  3221012.718
2022  62  25375 GPS  -2267813.191  5009361.167  3221012.703
2022  62  25376 GPS  -2267813.198  5009361.177  3221012.712
2022  62  25377 GPS  -2267813.181  5009361.122  3221012.643
2022  62  25378 GPS  -2267813.194  5009361.142  3221012.669
2022  62  25379 GPS  -2267813.193  5009361.131  3221012.659
2022  62  25380 GPS  -2267813.189  5009361.117  3221012.639
2022  62  25381 GPS  -2267813.190  5009361.116  3221012.637
2022  62  25382 GPS  -2267813.199  5009361.128  3221012.650
2022  62  25383 GPS  -2267813.201  5009361.134  3221012.656
2022  62  25384 GPS  -2267813.210  5009361.138  3221012.651
2022  62  25385 GPS  -2267813.218  5009361.141  3221012.650
2022  62  25386 GPS  -2267813.222  5009361.142  3221012.647
2022  62  25387 GPS  -2267813.229  5009361.145  3221012.646
2022  62  25388 GPS  -2267813.233  5009361.155  3221012.647
2022  62  25389 GPS  -2267813.233  5009361.158  3221012.648
2022  62  25390 GPS  -2267813.230  5009361.166  3221012.654
2022  62  25391 GPS  -2267813.232  5009361.173  3221012.661
2022  62  25392 GPS  -2267813.237  5009361.177  3221012.663
2022  62  25393 GPS  -2267813.236  5009361.180  3221012.661
2022  62  25394 GPS  -2267813.235  5009361.189  3221012.672
2022  62  25395 GPS  -2267813.240  5009361.205  3221012.680
2022  62  25396 GPS  -2267813.246  5009361.216  3221012.688
2022  62  25397 GPS  -2267813.257  5009361.229  3221012.694
2022  62  25398 GPS  -2267813.257  5009361.235  3221012.692
2022  62  25399 GPS  -2267813.258  5009361.237  3221012.694
2022  62  25400 GPS  -2267813.249  5009361.232  3221012.692
2022  62  25401 GPS  -2267813.244  5009361.237  3221012.692
2022  62  25402 GPS  -2267813.244  5009361.247  3221012.692
2022  62  25403 GPS  -2267813.244  5009361.253  3221012.695
2022  62  25404 GPS  -2267813.241  5009361.257  3221012.698
2022  62  25405 GPS  -2267813.241  5009361.268  3221012.706
2022  62  25406 GPS  -2267813.240  5009361.274  3221012.711
2022  62  25407 GPS  -2267813.237  5009361.275  3221012.715
2022  62  25408 GPS  -2267813.236  5009361.276  3221012.714
2022  62  25409 GPS  -2267813.234  5009361.275  3221012.712
2022  62  25410 GPS  -2267813.235  5009361.271  3221012.710
2022  62  25411 GPS  -2267813.106  5009360.855  3221012.255
2022  62  25412 GPS  -2267813.105  5009360.847  3221012.252
2022  62  25413 GPS  -2267813.104  5009360.843  3221012.258
2022  62  25414 GPS  -2267813.103  5009360.842  3221012.256
2022  62  25415 GPS  -2267813.103  5009360.836  3221012.254
2022  62  25416 GPS  -2267813.108  5009360.834  3221012.259
2022  62  25417 GPS  -2267813.106  5009360.811  3221012.241
2022  62  25418 GPS  -2267813.238  5009361.227  3221012.708
2022  62  25419 GPS  -2267813.252  5009361.281  3221012.769
2022  62  25420 GPS  -2267813.263  5009361.318  3221012.818
2022  62  25421 GPS  -2267813.106  5009360.826  3221012.277
2022  62  25422 GPS  -2267813.114  5009360.829  3221012.283
2022  62  25423 GPS  -2267813.128  5009360.833  3221012.288
2022  62  25424 GPS  -2267813.130  5009360.839  3221012.293
2022  62  25425 GPS  -2267813.136  5009360.845  3221012.302
2022  62  25426 GPS  -2267813.138  5009360.846  3221012.305
2022  62  25427 GPS  -2267813.277  5009361.263  3221012.769
2022  62  25428 GPS  -2267813.277  5009361.255  3221012.765
2022  62  25429 GPS  -2267813.271  5009361.225  3221012.736
2022  62  25430 GPS  -2267813.279  5009361.239  3221012.760
2022  62  25431 GPS  -2267813.293  5009361.283  3221012.817
2022  62  25432 GPS  -2267813.301  5009361.305  3221012.849
2022  62  25433 GPS  -2267813.275  5009361.207  3221012.740
2022  62  25434 GPS  -2267813.290  5009361.241  3221012.776
2022  62  25435 GPS  -2267813.301  5009361.262  3221012.795
2022  62  25436 GPS  -2267813.297  5009361.251  3221012.779
2022  62  25437 GPS  -2267813.301  5009361.257  3221012.774
2022  62  25438 GPS  -2267813.309  5009361.276  3221012.789
2022  62  25439 GPS  -2267813.302  5009361.246  3221012.748
2022  62  25440 GPS  -2267813.301  5009361.252  3221012.750
2022  62  25441 GPS  -2267813.301  5009361.249  3221012.743
2022  62  25442 GPS  -2267813.306  5009361.254  3221012.750
2022  62  25443 GPS  -2267813.316  5009361.277  3221012.765
2022  62  25444 GPS  -2267813.320  5009361.289  3221012.772
2022  62  25445 GPS  -2267813.329  5009361.335  3221012.831
2022  62  25446 GPS  -2267813.321  5009361.315  3221012.818
2022  62  25447 GPS  -2267813.330  5009361.358  3221012.866
2022  62  25448 GPS  -2267813.349  5009361.415  3221012.932
2022  62  25449 GPS  -2267813.362  5009361.457  3221012.973
2022  62  25450 GPS  -2267813.368  5009361.483  3221012.996
2022  62  25451 GPS  -2267813.372  5009361.489  3221012.993
2022  62  25452 GPS  -2267813.369  5009361.489  3221012.983
2022  62  25453 GPS  -2267813.372  5009361.499  3221012.991
2022  62  25454 GPS  -2267813.374  5009361.506  3221013.002
2022  62  25455 GPS  -2267813.375  5009361.510  3221013.001
2022  62  25456 GPS  -2267813.384  5009361.519  3221013.005
2022  62  25457 GPS  -2267813.390  5009361.528  3221013.009
2022  62  25458 GPS  -2267813.399  5009361.543  3221013.018
2022  62  25459 GPS  -2267813.408  5009361.556  3221013.029
2022  62  25460 GPS  -2267813.415  5009361.564  3221013.036
2022  62  25461 GPS  -2267813.422  5009361.573  3221013.043
2022  62  25462 GPS  -2267813.426  5009361.587  3221013.048
2022  62  25463 GPS  -2267813.431  5009361.596  3221013.055
2022  62  25464 GPS  -2267813.430  5009361.606  3221013.065
2022  62  25465 GPS  -2267813.431  5009361.619  3221013.074
2022  62  25466 GPS  -2267813.431  5009361.632  3221013.080
2022  62  25467 GPS  -2267813.437  5009361.650  3221013.092
2022  62  25468 GPS  -2267813.441  5009361.664  3221013.102
2022  62  25469 GPS  -2267813.445  5009361.671  3221013.110
2022  62  25470 GPS  -2267813.452  5009361.684  3221013.120
2022  62  25471 GPS  -2267813.452  5009361.690  3221013.126
2022  62  25472 GPS  -2267813.450  5009361.695  3221013.131
2022  62  25473 GPS  -2267813.450  5009361.705  3221013.132
2022  62  25474 GPS  -2267813.447  5009361.701  3221013.136
2022  62  25475 GPS  -2267813.456  5009361.701  3221013.142
2022  62  25476 GPS  -2267813.460  5009361.706  3221013.153
2022  62  25477 GPS  -2267813.465  5009361.712  3221013.161
2022  62  25478 GPS  -2267813.466  5009361.711  3221013.163
2022  62  25479 GPS  -2267813.469  5009361.707  3221013.163
2022  62  25480 GPS  -2267813.471  5009361.699  3221013.164
2022  62  25481 GPS  -2267813.473  5009361.701  3221013.168
2022  62  25482 GPS  -2267813.475  5009361.702  3221013.169
2022  62  25483 GPS  -2267813.476  5009361.703  3221013.169
2022  62  25484 GPS  -2267813.473  5009361.700  3221013.165
2022  62  25485 GPS  -2267813.470  5009361.699  3221013.163
2022  62  25486 GPS  -2267813.461  5009361.702  3221013.157
2022  62  25487 GPS  -2267813.458  5009361.700  3221013.152
2022  62  25488 GPS  -2267813.452  5009361.702  3221013.147
2022  62  25489 GPS  -2267813.446  5009361.695  3221013.140
2022  62  25490 GPS  -2267813.442  5009361.693  3221013.137
2022  62  25491 GPS  -2267813.432  5009361.684  3221013.130
2022  62  25492 GPS  -2267813.422  5009361.676  3221013.117
2022  62  25493 GPS  -2267813.412  5009361.661  3221013.106
2022  62  25494 GPS  -2267813.399  5009361.648  3221013.097
2022  62  25495 GPS  -2267813.387  5009361.640  3221013.085
2022  62  25496 GPS  -2267813.378  5009361.637  3221013.076
2022  62  25497 GPS  -2267813.381  5009361.640  3221013.077
2022  62  25498 GPS  -2267813.371  5009361.633  3221013.072
2022  62  25499 GPS  -2267813.367  5009361.630  3221013.068
2022  62  25500 GPS  -2267813.362  5009361.631  3221013.067
2022  62  25501 GPS  -2267813.362  5009361.636  3221013.066
2022  62  25502 GPS  -2267813.358  5009361.638  3221013.061
2022  62  25503 GPS  -2267813.356  5009361.647  3221013.061
2022  62  25504 GPS  -2267813.355  5009361.645  3221013.059
2022  62  25505 GPS  -2267813.347  5009361.643  3221013.054
2022  62  25506 GPS  -2267813.343  5009361.645  3221013.045
2022  62  25507 GPS  -2267813.338  5009361.642  3221013.037
2022  62  25508 GPS  -2267813.336  5009361.647  3221013.032
2022  62  25509 GPS  -2267813.339  5009361.649  3221013.027
2022  62  25510 GPS  -2267813.342  5009361.659  3221013.029
2022  62  25511 GPS  -2267813.350  5009361.666  3221013.032
2022  62  25512 GPS  -2267813.352  5009361.665  3221013.032
2022  62  25513 GPS  -2267813.355  5009361.671  3221013.029
2022  62  25514 GPS  -2267813.359  5009361.672  3221013.021
2022  62  25515 GPS  -2267813.363  5009361.676  3221013.023
2022  62  25516 GPS  -2267813.367  5009361.683  3221013.026
2022  62  25517 GPS  -2267813.371  5009361.695  3221013.032
2022  62  25518 GPS  -2267813.380  5009361.710  3221013.042
2022  62  25519 GPS  -2267813.386  5009361.722  3221013.050
2022  62  25520 GPS  -2267813.391  5009361.736  3221013.059
2022  62  25521 GPS  -2267813.399  5009361.744  3221013.069
2022  62  25522 GPS  -2267813.406  5009361.749  3221013.076
2022  62  25523 GPS  -2267813.409  5009361.755  3221013.083
2022  62  25524 GPS  -2267813.413  5009361.757  3221013.088
2022  62  25525 GPS  -2267813.420  5009361.763  3221013.097
2022  62  25526 GPS  -2267813.420  5009361.767  3221013.100
2022  62  25527 GPS  -2267813.424  5009361.781  3221013.105
2022  62  25528 GPS  -2267813.427  5009361.791  3221013.114
2022  62  25529 GPS  -2267813.433  5009361.799  3221013.123
2022  62  25530 GPS  -2267813.438  5009361.812  3221013.132
2022  62  25531 GPS  -2267813.438  5009361.820  3221013.137
2022  62  25532 GPS  -2267813.434  5009361.820  3221013.134
2022  62  25533 GPS  -2267813.430  5009361.815  3221013.130
2022  62  25534 GPS  -2267813.436  5009361.818  3221013.134
2022  62  25535 GPS  -2267813.448  5009361.826  3221013.137
2022  62  25536 GPS  -2267813.440  5009361.821  3221013.135
2022  62  25537 GPS  -2267813.434  5009361.820  3221013.130
2022  62  25538 GPS  -2267813.434  5009361.831  3221013.131
2022  62  25539 GPS  -2267813.434  5009361.837  3221013.130
2022  62  25540 GPS  -2267813.429  5009361.844  3221013.133
2022  62  25541 GPS  -2267813.430  5009361.861  3221013.142
2022  62  25542 GPS  -2267813.429  5009361.868  3221013.146
2022  62  25543 GPS  -2267813.424  5009361.878  3221013.147
2022  62  25544 GPS  -2267813.419  5009361.882  3221013.143
2022  62  25545 GPS  -2267813.417  5009361.885  3221013.144
2022  62  25546 GPS  -2267813.417  5009361.896  3221013.145
2022  62  25547 GPS  -2267813.412  5009361.897  3221013.144
2022  62  25548 GPS  -2267813.405  5009361.897  3221013.144
2022  62  25549 GPS  -2267813.399  5009361.897  3221013.147
2022  62  25550 GPS  -2267813.400  5009361.907  3221013.153
2022  62  25551 GPS  -2267813.400  5009361.914  3221013.157
2022  62  25552 GPS  -2267813.401  5009361.921  3221013.156
2022  62  25553 GPS  -2267813.408  5009361.924  3221013.157
2022  62  25554 GPS  -2267813.412  5009361.924  3221013.153
2022  62  25555 GPS  -2267813.415  5009361.933  3221013.151
2022  62  25556 GPS  -2267813.415  5009361.933  3221013.141
2022  62  25557 GPS  -2267813.418  5009361.930  3221013.132
2022  62  25558 GPS  -2267813.421  5009361.922  3221013.125
2022  62  25559 GPS  -2267813.425  5009361.919  3221013.120
2022  62  25560 GPS  -2267813.433  5009361.920  3221013.118
2022  62  25561 GPS  -2267813.438  5009361.927  3221013.116
2022  62  25562 GPS  -2267813.445  5009361.938  3221013.120
2022  62  25563 GPS  -2267813.454  5009361.945  3221013.119
2022  62  25564 GPS  -2267813.464  5009361.951  3221013.123
2022  62  25565 GPS  -2267813.470  5009361.954  3221013.125
2022  62  25566 GPS  -2267813.473  5009361.949  3221013.121
2022  62  25567 GPS  -2267813.478  5009361.951  3221013.122
2022  62  25568 GPS  -2267813.479  5009361.947  3221013.120
2022  62  25569 GPS  -2267813.481  5009361.946  3221013.120
2022  62  25570 GPS  -2267813.481  5009361.945  3221013.119
2022  62  25571 GPS  -2267813.489  5009361.946  3221013.118
2022  62  25572 GPS  -2267813.480  5009361.939  3221013.113
2022  62  25573 GPS  -2267813.481  5009361.937  3221013.114
2022  62  25574 GPS  -2267813.481  5009361.939  3221013.117
2022  62  25575 GPS  -2267813.483  5009361.938  3221013.121
2022  62  25576 GPS  -2267813.486  5009361.936  3221013.123
2022  62  25577 GPS  -2267813.490  5009361.936  3221013.123
2022  62  25578 GPS  -2267813.491  5009361.941  3221013.127
2022  62  25579 GPS  -2267813.492  5009361.946  3221013.131
2022  62  25580 GPS  -2267813.487  5009361.947  3221013.128
2022  62  25581 GPS  -2267813.491  5009361.953  3221013.132
2022  62  25582 GPS  -2267813.496  5009361.960  3221013.135
2022  62  25583 GPS  -2267813.503  5009361.968  3221013.141
2022  62  25584 GPS  -2267813.510  5009361.979  3221013.144
2022  62  25585 GPS  -2267813.511  5009361.988  3221013.146
2022  62  25586 GPS  -2267813.508  5009361.998  3221013.146
2022  62  25587 GPS  -2267813.508  5009362.003  3221013.156
2022  62  25588 GPS  -2267813.506  5009362.011  3221013.160
2022  62  25589 GPS  -2267813.504  5009362.023  3221013.165
2022  62  25590 GPS  -2267813.504  5009362.033  3221013.171
2022  62  25591 GPS  -2267813.501  5009362.034  3221013.175
2022  62  25592 GPS  -2267813.503  5009362.041  3221013.187
2022  62  25593 GPS  -2267813.498  5009362.042  3221013.185
2022  62  25594 GPS  -2267813.499  5009362.051  3221013.189
2022  62  25595 GPS  -2267813.499  5009362.054  3221013.190
2022  62  25596 GPS  -2267813.494  5009362.055  3221013.190
2022  62  25597 GPS  -2267813.488  5009362.056  3221013.189
2022  62  25598 GPS  -2267813.480  5009362.053  3221013.192
2022  62  25599 GPS  -2267813.475  5009362.054  3221013.194
2022  62  25600 GPS  -2267813.472  5009362.049  3221013.193
2022  62  25601 GPS  -2267813.468  5009362.032  3221013.183
2022  62  25602 GPS  -2267813.467  5009362.031  3221013.182
2022  62  25603 GPS  -2267813.470  5009362.033  3221013.180
2022  62  25604 GPS  -2267813.475  5009362.037  3221013.181
2022  62  25605 GPS  -2267813.479  5009362.039  3221013.186
2022  62  25606 GPS  -2267813.483  5009362.036  3221013.184
2022  62  25607 GPS  -2267813.487  5009362.041  3221013.183
2022  62  25608 GPS  -2267813.492  5009362.050  3221013.185
2022  62  25609 GPS  -2267813.495  5009362.052  3221013.188
2022  62  25610 GPS  -2267813.503  5009362.066  3221013.197
2022  62  25611 GPS  -2267813.508  5009362.072  3221013.199
2022  62  25612 GPS  -2267813.515  5009362.079  3221013.200
2022  62  25613 GPS  -2267813.515  5009362.084  3221013.200
2022  62  25614 GPS  -2267813.528  5009362.094  3221013.206
2022  62  25615 GPS  -2267813.535  5009362.100  3221013.210
2022  62  25616 GPS  -2267813.542  5009362.108  3221013.215
2022  62  25617 GPS  -2267813.545  5009362.105  3221013.212
2022  62  25618 GPS  -2267813.545  5009362.103  3221013.217
2022  62  25619 GPS  -2267813.546  5009362.104  3221013.216
2022  62  25620 GPS  -2267813.540  5009362.101  3221013.215
2022  62  25621 GPS  -2267813.536  5009362.099  3221013.214
2022  62  25622 GPS  -2267813.534  5009362.093  3221013.213
2022  62  25623 GPS  -2267813.531  5009362.092  3221013.212
2022  62  25624 GPS  -2267813.530  5009362.095  3221013.214
2022  62  25625 GPS  -2267813.527  5009362.097  3221013.217
2022  62  25626 GPS  -2267813.521  5009362.095  3221013.211
2022  62  25627 GPS  -2267813.514  5009362.092  3221013.203
2022  62  25628 GPS  -2267813.507  5009362.085  3221013.194
2022  62  25629 GPS  -2267813.503  5009362.076  3221013.180
2022  62  25630 GPS  -2267813.504  5009362.075  3221013.178
2022  62  25631 GPS  -2267813.501  5009362.077  3221013.173
2022  62  25632 GPS  -2267813.497  5009362.071  3221013.166
2022  62  25633 GPS  -2267813.496  5009362.069  3221013.159
2022  62  25634 GPS  -2267813.496  5009362.077  3221013.157
2022  62  25635 GPS  -2267813.499  5009362.075  3221013.160
2022  62  25636 GPS  -2267813.502  5009362.073  3221013.162
2022  62  25637 GPS  -2267813.508  5009362.076  3221013.165
2022  62  25638 GPS  -2267813.511  5009362.079  3221013.165
2022  62  25639 GPS  -2267813.516  5009362.081  3221013.167
2022  62  25640 GPS  -2267813.518  5009362.081  3221013.170
2022  62  25641 GPS  -2267813.517  5009362.078  3221013.162
2022  62  25642 GPS  -2267813.520  5009362.075  3221013.162
2022  62  25643 GPS  -2267813.526  5009362.075  3221013.161
2022  62  25644 GPS  -2267813.540  5009362.084  3221013.163
2022  62  25645 GPS  -2267813.551  5009362.091  3221013.169
2022  62  25646 GPS  -2267813.554  5009362.090  3221013.168
2022  62  25647 GPS  -2267813.557  5009362.088  3221013.173
2022  62  25648 GPS  -2267813.561  5009362.086  3221013.171
2022  62  25649 GPS  -2267813.557  5009362.086  3221013.168
2022  62  25650 GPS  -2267813.561  5009362.089  3221013.165
2022  62  25651 GPS  -2267813.565  5009362.093  3221013.165
2022  62  25652 GPS  -2267813.573  5009362.106  3221013.170
2022  62  25653 GPS  -2267813.582  5009362.118  3221013.174
2022  62  25654 GPS  -2267813.590  5009362.133  3221013.177
2022  62  25655 GPS  -2267813.599  5009362.142  3221013.177
2022  62  25656 GPS  -2267813.606  5009362.144  3221013.174
2022  62  25657 GPS  -2267813.611  5009362.151  3221013.169
2022  62  25658 GPS  -2267813.614  5009362.159  3221013.170
2022  62  25659 GPS  -2267813.613  5009362.160  3221013.169
2022  62  25660 GPS  -2267813.606  5009362.167  3221013.167
2022  62  25661 GPS  -2267813.605  5009362.166  3221013.164
2022  62  25662 GPS  -2267813.605  5009362.174  3221013.164
2022  62  25663 GPS  -2267813.605  5009362.180  3221013.162
2022  62  25664 GPS  -2267813.598  5009362.176  3221013.159
2022  62  25665 GPS  -2267813.593  5009362.173  3221013.150
2022  62  25666 GPS  -2267813.591  5009362.175  3221013.151
2022  62  25667 GPS  -2267813.594  5009362.174  3221013.146
2022  62  25668 GPS  -2267813.588  5009362.158  3221013.139
2022  62  25669 GPS  -2267813.588  5009362.150  3221013.141
2022  62  25670 GPS  -2267813.584  5009362.140  3221013.139
2022  62  25671 GPS  -2267813.582  5009362.135  3221013.138
2022  62  25672 GPS  -2267813.577  5009362.129  3221013.142
2022  62  25673 GPS  -2267813.579  5009362.132  3221013.149
2022  62  25674 GPS  -2267813.579  5009362.120  3221013.144
2022  62  25675 GPS  -2267813.574  5009362.113  3221013.142
2022  62  25676 GPS  -2267813.570  5009362.106  3221013.144
2022  62  25677 GPS  -2267813.565  5009362.103  3221013.141
2022  62  25678 GPS  -2267813.565  5009362.100  3221013.145
2022  62  25679 GPS  -2267813.567  5009362.104  3221013.150
2022  62  25680 GPS  -2267813.568  5009362.103  3221013.151
2022  62  25681 GPS  -2267813.574  5009362.104  3221013.156
2022  62  25682 GPS  -2267813.584  5009362.103  3221013.164
2022  62  25683 GPS  -2267813.591  5009362.102  3221013.160
2022  62  25684 GPS  -2267813.594  5009362.096  3221013.158
2022  62  25685 GPS  -2267813.604  5009362.101  3221013.158
2022  62  25686 GPS  -2267813.606  5009362.099  3221013.156
2022  62  25687 GPS  -2267813.605  5009362.092  3221013.147
2022  62  25688 GPS  -2267813.609  5009362.084  3221013.138
2022  62  25689 GPS  -2267813.614  5009362.081  3221013.135
2022  62  25690 GPS  -2267813.615  5009362.078  3221013.135
2022  62  25691 GPS  -2267813.625  5009362.077  3221013.140
2022  62  25692 GPS  -2267813.637  5009362.086  3221013.147
2022  62  25693 GPS  -2267813.645  5009362.093  3221013.146
2022  62  25694 GPS  -2267813.654  5009362.098  3221013.145
2022  62  25695 GPS  -2267813.662  5009362.106  3221013.145
2022  62  25696 GPS  -2267813.673  5009362.109  3221013.143
2022  62  25697 GPS  -2267813.681  5009362.115  3221013.138
2022  62  25698 GPS  -2267813.689  5009362.121  3221013.137
2022  62  25699 GPS  -2267813.695  5009362.119  3221013.135
2022  62  25700 GPS  -2267813.705  5009362.123  3221013.140
2022  62  25701 GPS  -2267813.712  5009362.123  3221013.139
2022  62  25702 GPS  -2267813.714  5009362.122  3221013.142
2022  62  25703 GPS  -2267813.715  5009362.124  3221013.143
2022  62  25704 GPS  -2267813.716  5009362.121  3221013.144
2022  62  25705 GPS  -2267813.713  5009362.118  3221013.143
2022  62  25706 GPS  -2267813.712  5009362.119  3221013.139
2022  62  25707 GPS  -2267813.711  5009362.120  3221013.137
2022  62  25708 GPS  -2267813.709  5009362.117  3221013.137
2022  62  25709 GPS  -2267813.707  5009362.112  3221013.137
2022  62  25710 GPS  -2267813.706  5009362.107  3221013.140
2022  62  25711 GPS  -2267813.705  5009362.106  3221013.144
2022  62  25712 GPS  -2267813.702  5009362.098  3221013.140
2022  62  25713 GPS  -2267813.697  5009362.091  3221013.137
2022  62  25714 GPS  -2267813.694  5009362.088  3221013.140
2022  62  25715 GPS  -2267813.692  5009362.080  3221013.138
2022  62  25716 GPS  -2267813.686  5009362.077  3221013.137
2022  62  25717 GPS  -2267813.678  5009362.072  3221013.136
2022  62  25718 GPS  -2267813.671  5009362.068  3221013.136
2022  62  25719 GPS  -2267813.664  5009362.072  3221013.138
2022  62  25720 GPS  -2267813.664  5009362.075  3221013.145
2022  62  25721 GPS  -2267813.667  5009362.075  3221013.143
2022  62  25722 GPS  -2267813.665  5009362.072  3221013.143
2022  62  25723 GPS  -2267813.665  5009362.068  3221013.140
2022  62  25724 GPS  -2267813.665  5009362.068  3221013.138
2022  62  25725 GPS  -2267813.668  5009362.075  3221013.138
2022  62  25726 GPS  -2267813.666  5009362.079  3221013.133
2022  62  25727 GPS  -2267813.666  5009362.084  3221013.131
2022  62  25728 GPS  -2267813.669  5009362.088  3221013.132
2022  62  25729 GPS  -2267813.669  5009362.092  3221013.136
2022  62  25730 GPS  -2267813.671  5009362.101  3221013.138
2022  62  25731 GPS  -2267813.676  5009362.107  3221013.144
2022  62  25732 GPS  -2267813.683  5009362.114  3221013.145
2022  62  25733 GPS  -2267813.687  5009362.115  3221013.145
2022  62  25734 GPS  -2267813.685  5009362.115  3221013.143
2022  62  25735 GPS  -2267813.687  5009362.122  3221013.146
2022  62  25736 GPS  -2267813.689  5009362.132  3221013.146
2022  62  25737 GPS  -2267813.699  5009362.149  3221013.156
2022  62  25738 GPS  -2267813.701  5009362.159  3221013.153
2022  62  25739 GPS  -2267813.705  5009362.172  3221013.154
2022  62  25740 GPS  -2267813.707  5009362.176  3221013.154
2022  62  25741 GPS  -2267813.709  5009362.172  3221013.153
2022  62  25742 GPS  -2267813.711  5009362.172  3221013.152
2022  62  25743 GPS  -2267813.713  5009362.173  3221013.149
2022  62  25744 GPS  -2267813.719  5009362.180  3221013.145
2022  62  25745 GPS  -2267813.724  5009362.180  3221013.142
2022  62  25746 GPS  -2267813.728  5009362.175  3221013.138
2022  62  25747 GPS  -2267813.731  5009362.179  3221013.134
2022  62  25748 GPS  -2267813.737  5009362.182  3221013.136
2022  62  25749 GPS  -2267813.744  5009362.184  3221013.132
2022  62  25750 GPS  -2267813.751  5009362.186  3221013.127
2022  62  25751 GPS  -2267813.588  5009361.716  3221012.565
2022  62  25752 GPS  -2267813.597  5009361.715  3221012.565
2022  62  25753 GPS  -2267813.601  5009361.711  3221012.560
2022  62  25754 GPS  -2267813.607  5009361.712  3221012.560
2022  62  25755 GPS  -2267813.611  5009361.708  3221012.560
2022  62  25756 GPS  -2267813.619  5009361.708  3221012.565
2022  62  25757 GPS  -2267813.622  5009361.716  3221012.565
2022  62  25758 GPS  -2267813.620  5009361.709  3221012.563
2022  62  25759 GPS  -2267813.646  5009361.784  3221012.649
2022  62  25760 GPS  -2267813.670  5009361.848  3221012.727
2022  62  25761 GPS  -2267813.617  5009361.692  3221012.542
2022  62  25762 GPS  -2267813.613  5009361.691  3221012.540
2022  62  25763 GPS  -2267813.609  5009361.691  3221012.536
2022  62  25764 GPS  -2267813.612  5009361.690  3221012.530
2022  62  25765 GPS  -2267813.614  5009361.691  3221012.525
2022  62  25766 GPS  -2267813.611  5009361.690  3221012.528
2022  62  25767 GPS  -2267813.611  5009361.690  3221012.524
2022  62  25768 GPS  -2267813.799  5009362.228  3221013.161
2022  62  25769 GPS  -2267813.752  5009362.082  3221012.995
2022  62  25770 GPS  -2267813.751  5009362.057  3221012.972
2022  62  25771 GPS  -2267813.790  5009362.163  3221013.101
2022  62  25772 GPS  -2267813.849  5009362.329  3221013.312
2022  62  25773 GPS  -2267813.822  5009362.238  3221013.217
2022  62  25774 GPS  -2267813.796  5009362.172  3221013.141
2022  62  25775 GPS  -2267813.810  5009362.202  3221013.187
2022  62  25776 GPS  -2267813.819  5009362.224  3221013.222
2022  62  25777 GPS  -2267813.826  5009362.233  3221013.242
2022  62  25778 GPS  -2267813.818  5009362.197  3221013.203
2022  62  25779 GPS  -2267813.810  5009362.165  3221013.172
2022  62  25780 GPS  -2267813.826  5009362.191  3221013.207
2022  62  25781 GPS  -2267813.639  5009361.625  3221012.538
2022  62  25782 GPS  -2267813.641  5009361.621  3221012.540
2022  62  25783 GPS  -2267813.641  5009361.611  3221012.537
2022  62  25784 GPS  -2267813.645  5009361.605  3221012.537
2022  62  25785 GPS  -2267813.650  5009361.607  3221012.539
2022  62  25786 GPS  -2267813.654  5009361.604  3221012.542
2022  62  25787 GPS  -2267813.660  5009361.600  3221012.541
2022  62  25788 GPS  -2267813.665  5009361.604  3221012.550
2022  62  25789 GPS  -2267813.668  5009361.603  3221012.555
2022  62  25790 GPS  -2267813.813  5009362.025  3221013.056
2022  62  25791 GPS  -2267813.799  5009361.984  3221012.998
2022  62  25792 GPS  -2267813.852  5009362.118  3221013.157
2022  62  25793 GPS  -2267813.902  5009362.264  3221013.323
2022  62  25794 GPS  -2267813.908  5009362.290  3221013.349
2022  62  25795 GPS  -2267813.913  5009362.293  3221013.342
2022  62  25796 GPS  -2267813.908  5009362.284  3221013.320
2022  62  25797 GPS  -2267813.894  5009362.252  3221013.267
2022  62  25798 GPS  -2267813.898  5009362.261  3221013.284
2022  62  25799 GPS  -2267813.880  5009362.213  3221013.229
2022  62  25800 GPS  -2267813.890  5009362.238  3221013.244
2022  62  25801 GPS  -2267813.717  5009361.753  3221012.656
2022  62  25802 GPS  -2267813.718  5009361.772  3221012.668
2022  62  25803 GPS  -2267813.715  5009361.788  3221012.670
2022  62  25804 GPS  -2267813.712  5009361.803  3221012.675
2022  62  25805 GPS  -2267813.705  5009361.812  3221012.669
2022  62  25806 GPS  -2267813.693  5009361.806  3221012.665
2022  62  25807 GPS  -2267813.686  5009361.814  3221012.665
2022  62  25808 GPS  -2267813.815  5009362.207  3221013.125
2022  62  25809 GPS  -2267813.776  5009362.113  3221013.012
2022  62  25810 GPS  -2267813.767  5009362.116  3221013.011
2022  62  25811 GPS  -2267813.790  5009362.200  3221013.101
2022  62  25812 GPS  -2267813.813  5009362.283  3221013.196
2022  62  25813 GPS  -2267813.795  5009362.240  3221013.151
2022  62  25814 GPS  -2267813.776  5009362.189  3221013.095
2022  62  25815 GPS  -2267813.789  5009362.211  3221013.123
2022  62  25816 GPS  -2267813.804  5009362.251  3221013.180
2022  62  25817 GPS  -2267813.774  5009362.166  3221013.079
2022  62  25818 GPS  -2267813.798  5009362.230  3221013.154
2022  62  25819 GPS  -2267813.808  5009362.258  3221013.191
2022  62  25820 GPS  -2267813.802  5009362.251  3221013.183
2022  62  25821 GPS  -2267813.789  5009362.221  3221013.159
2022  62  25822 GPS  -2267813.783  5009362.214  3221013.159
2022  62  25823 GPS  -2267813.748  5009362.129  3221013.070
2022  62  25824 GPS  -2267813.749  5009362.147  3221013.098
2022  62  25825 GPS  -2267813.756  5009362.172  3221013.135
2022  62  25826 GPS  -2267813.769  5009362.199  3221013.173
2022  62  25827 GPS  -2267813.769  5009362.182  3221013.164
2022  62  25828 GPS  -2267813.763  5009362.152  3221013.134
2022  62  25829 GPS  -2267813.768  5009362.162  3221013.152
2022  62  25830 GPS  -2267813.761  5009362.145  3221013.131
2022  62  25831 GPS  -2267813.760  5009362.147  3221013.133
2022  62  25832 GPS  -2267813.766  5009362.166  3221013.160
2022  62  25833 GPS  -2267813.771  5009362.181  3221013.177
2022  62  25834 GPS  -2267813.775  5009362.191  3221013.194
2022  62  25835 GPS  -2267813.779  5009362.206  3221013.224
2022  62  25836 GPS  -2267813.785  5009362.224  3221013.245
2022  62  25837 GPS  -2267813.785  5009362.229  3221013.250
2022  62  25838 GPS  -2267813.791  5009362.232  3221013.260
2022  62  25839 GPS  -2267813.796  5009362.238  3221013.268
2022  62  25840 GPS  -2267813.797  5009362.240  3221013.269
2022  62  25841 GPS  -2267813.795  5009362.242  3221013.274
2022  62  25842 GPS  -2267813.796  5009362.244  3221013.279
2022  62  25843 GPS  -2267813.795  5009362.247  3221013.281
2022  62  25844 GPS  -2267813.796  5009362.253  3221013.287
2022  62  25845 GPS  -2267813.796  5009362.253  3221013.291
2022  62  25846 GPS  -2267813.800  5009362.257  3221013.296
2022  62  25847 GPS  -2267813.803  5009362.262  3221013.307
2022  62  25848 GPS  -2267813.803  5009362.261  3221013.313
2022  62  25849 GPS  -2267813.803  5009362.262  3221013.317
2022  62  25850 GPS  -2267813.802  5009362.267  3221013.319
2022  62  25851 GPS  -2267813.799  5009362.260  3221013.323
2022  62  25852 GPS  -2267813.798  5009362.261  3221013.323
2022  62  25853 GPS  -2267813.803  5009362.260  3221013.326
2022  62  25854 GPS  -2267813.804  5009362.256  3221013.327
2022  62  25855 GPS  -2267813.805  5009362.252  3221013.328
2022  62  25856 GPS  -2267813.806  5009362.245  3221013.328
2022  62  25857 GPS  -2267813.811  5009362.242  3221013.326
2022  62  25858 GPS  -2267813.813  5009362.240  3221013.329
2022  62  25859 GPS  -2267813.817  5009362.243  3221013.332
2022  62  25860 GPS  -2267813.823  5009362.245  3221013.337
2022  62  25861 GPS  -2267813.829  5009362.241  3221013.336
2022  62  25862 GPS  -2267813.831  5009362.251  3221013.336
2022  62  25863 GPS  -2267813.834  5009362.261  3221013.339
2022  62  25864 GPS  -2267813.833  5009362.264  3221013.340
2022  62  25865 GPS  -2267813.836  5009362.270  3221013.342
2022  62  25866 GPS  -2267813.843  5009362.277  3221013.342
2022  62  25867 GPS  -2267813.843  5009362.276  3221013.338
2022  62  25868 GPS  -2267813.846  5009362.284  3221013.334
2022  62  25869 GPS  -2267813.850  5009362.291  3221013.329
2022  62  25870 GPS  -2267813.849  5009362.294  3221013.330
2022  62  25871 GPS  -2267813.849  5009362.290  3221013.324
2022  62  25872 GPS  -2267813.851  5009362.291  3221013.322
2022  62  25873 GPS  -2267813.854  5009362.285  3221013.316
2022  62  25874 GPS  -2267813.855  5009362.277  3221013.307
2022  62  25875 GPS  -2267813.854  5009362.272  3221013.303
2022  62  25876 GPS  -2267813.856  5009362.273  3221013.292
2022  62  25877 GPS  -2267813.859  5009362.264  3221013.279
2022  62  25878 GPS  -2267813.863  5009362.261  3221013.270
2022  62  25879 GPS  -2267813.870  5009362.260  3221013.262
2022  62  25880 GPS  -2267813.873  5009362.257  3221013.253
2022  62  25881 GPS  -2267813.874  5009362.257  3221013.240
2022  62  25882 GPS  -2267813.876  5009362.259  3221013.233
2022  62  25883 GPS  -2267813.869  5009362.255  3221013.228
2022  62  25884 GPS  -2267813.866  5009362.247  3221013.226
2022  62  25885 GPS  -2267813.860  5009362.239  3221013.223
2022  62  25886 GPS  -2267813.851  5009362.233  3221013.221
2022  62  25887 GPS  -2267813.842  5009362.231  3221013.219
2022  62  25888 GPS  -2267813.838  5009362.231  3221013.222
2022  62  25889 GPS  -2267813.829  5009362.222  3221013.217
2022  62  25890 GPS  -2267813.824  5009362.224  3221013.215
2022  62  25891 GPS  -2267813.826  5009362.228  3221013.214
2022  62  25892 GPS  -2267813.826  5009362.228  3221013.207
2022  62  25893 GPS  -2267813.821  5009362.224  3221013.204
2022  62  25894 GPS  -2267813.818  5009362.224  3221013.203
2022  62  25895 GPS  -2267813.811  5009362.215  3221013.201
2022  62  25896 GPS  -2267813.807  5009362.215  3221013.204
2022  62  25897 GPS  -2267813.807  5009362.217  3221013.210
2022  62  25898 GPS  -2267813.804  5009362.205  3221013.215
2022  62  25899 GPS  -2267813.804  5009362.200  3221013.223
2022  62  25900 GPS  -2267813.803  5009362.201  3221013.231
2022  62  25901 GPS  -2267813.662  5009361.787  3221012.735
2022  62  25902 GPS  -2267813.664  5009361.790  3221012.736
2022  62  25903 GPS  -2267813.668  5009361.789  3221012.741
2022  62  25904 GPS  -2267813.670  5009361.788  3221012.747
2022  62  25905 GPS  -2267813.672  5009361.783  3221012.748
2022  62  25906 GPS  -2267813.677  5009361.782  3221012.750
2022  62  25907 GPS  -2267813.685  5009361.788  3221012.751
2022  62  25908 GPS  -2267813.692  5009361.791  3221012.752
2022  62  25909 GPS  -2267813.895  5009362.350  3221013.438
2022  62  25910 GPS  -2267813.866  5009362.264  3221013.326
2022  62  25911 GPS  -2267813.851  5009362.201  3221013.252
2022  62  25912 GPS  -2267813.842  5009362.160  3221013.207
2022  62  25913 GPS  -2267813.845  5009362.161  3221013.215
2022  62  25914 GPS  -2267813.841  5009362.140  3221013.189
2022  62  25915 GPS  -2267813.827  5009362.088  3221013.115
2022  62  25916 GPS  -2267813.820  5009362.066  3221013.080
2022  62  25917 GPS  -2267813.813  5009362.053  3221013.051
2022  62  25918 GPS  -2267813.822  5009362.065  3221013.058
2022  62  25919 GPS  -2267813.822  5009362.050  3221013.037
2022  62  25920 GPS  -2267813.815  5009362.020  3221013.003
2022  62  25921 GPS  -2267813.825  5009362.026  3221013.022
2022  62  25922 GPS  -2267813.850  5009362.067  3221013.075
2022  62  25923 GPS  -2267813.836  5009362.005  3221013.002
2022  62  25924 GPS  -2267813.835  5009361.995  3221012.996
2022  62  25925 GPS  -2267813.832  5009361.986  3221012.992
2022  62  25926 GPS  -2267813.845  5009362.006  3221013.022
2022  62  25927 GPS  -2267813.846  5009361.987  3221013.006
2022  62  25928 GPS  -2267813.834  5009361.944  3221012.966
2022  62  25929 GPS  -2267813.830  5009361.929  3221012.951
2022  62  25930 GPS  -2267813.829  5009361.922  3221012.936
2022  62  25931 GPS  -2267813.828  5009361.919  3221012.924
2022  62  25932 GPS  -2267813.831  5009361.919  3221012.916
2022  62  25933 GPS  -2267813.837  5009361.926  3221012.910
2022  62  25934 GPS  -2267813.835  5009361.923  3221012.897
2022  62  25935 GPS  -2267813.848  5009361.944  3221012.916
2022  62  25936 GPS  -2267813.847  5009361.941  3221012.905
2022  62  25937 GPS  -2267813.840  5009361.931  3221012.891
2022  62  25938 GPS  -2267813.836  5009361.926  3221012.889
2022  62  25939 GPS  -2267813.837  5009361.932  3221012.889
2022  62  25940 GPS  -2267813.845  5009361.938  3221012.893
2022  62  25941 GPS  -2267813.845  5009361.933  3221012.891
2022  62  25942 GPS  -2267813.851  5009361.932  3221012.894
2022  62  25943 GPS  -2267813.855  5009361.929  3221012.892
2022  62  25944 GPS  -2267813.852  5009361.918  3221012.894
2022  62  25945 GPS  -2267813.853  5009361.908  3221012.894
2022  62  25946 GPS  -2267813.855  5009361.903  3221012.900
2022  62  25947 GPS  -2267813.852  5009361.901  3221012.903
2022  62  25948 GPS  -2267813.849  5009361.899  3221012.903
2022  62  25949 GPS  -2267813.847  5009361.898  3221012.899
2022  62  25950 GPS  -2267813.847  5009361.901  3221012.897
2022  62  25951 GPS  -2267813.847  5009361.903  3221012.900
2022  62  25952 GPS  -2267813.848  5009361.913  3221012.903
2022  62  25953 GPS  -2267813.846  5009361.918  3221012.906
2022  62  25954 GPS  -2267813.846  5009361.919  3221012.910
2022  62  25955 GPS  -2267813.848  5009361.928  3221012.919
2022  62  25956 GPS  -2267813.853  5009361.937  3221012.928
2022  62  25957 GPS  -2267813.856  5009361.946  3221012.935
2022  62  25958 GPS  -2267813.853  5009361.954  3221012.940
2022  62  25959 GPS  -2267813.847  5009361.958  3221012.944
2022  62  25960 GPS  -2267813.847  5009361.967  3221012.948
2022  62  25961 GPS  -2267813.851  5009361.978  3221012.963
2022  62  25962 GPS  -2267813.852  5009361.983  3221012.969
2022  62  25963 GPS  -2267813.852  5009361.990  3221012.974
2022  62  25964 GPS  -2267813.846  5009361.995  3221012.977
2022  62  25965 GPS  -2267813.848  5009362.009  3221012.988
2022  62  25966 GPS  -2267813.851  5009362.026  3221012.998
2022  62  25967 GPS  -2267813.855  5009362.038  3221013.005
2022  62  25968 GPS  -2267813.856  5009362.047  3221013.010
2022  62  25969 GPS  -2267813.859  5009362.060  3221013.011
2022  62  25970 GPS  -2267813.861  5009362.069  3221013.016
2022  62  25971 GPS  -2267813.865  5009362.076  3221013.026
2022  62  25972 GPS  -2267813.864  5009362.081  3221013.027
2022  62  25973 GPS  -2267813.865  5009362.077  3221013.029
2022  62  25974 GPS  -2267813.870  5009362.081  3221013.039
2022  62  25975 GPS  -2267813.871  5009362.079  3221013.043
2022  62  25976 GPS  -2267813.877  5009362.088  3221013.058
2022  62  25977 GPS  -2267813.878  5009362.093  3221013.066
2022  62  25978 GPS  -2267813.882  5009362.106  3221013.076
2022  62  25979 GPS  -2267813.890  5009362.113  3221013.085
2022  62  25980 GPS  -2267813.892  5009362.123  3221013.096
2022  62  25981 GPS  -2267813.898  5009362.134  3221013.101
2022  62  25982 GPS  -2267813.898  5009362.143  3221013.106
2022  62  25983 GPS  -2267813.898  5009362.142  3221013.108
2022  62  25984 GPS  -2267813.896  5009362.142  3221013.114
2022  62  25985 GPS  -2267813.896  5009362.145  3221013.122
2022  62  25986 GPS  -2267813.895  5009362.145  3221013.128
2022  62  25987 GPS  -2267813.892  5009362.145  3221013.127
2022  62  25988 GPS  -2267813.892  5009362.149  3221013.128
2022  62  25989 GPS  -2267813.888  5009362.146  3221013.126
2022  62  25990 GPS  -2267813.886  5009362.144  3221013.127
2022  62  25991 GPS  -2267813.883  5009362.135  3221013.120
2022  62  25992 GPS  -2267813.877  5009362.134  3221013.117
2022  62  25993 GPS  -2267813.874  5009362.134  3221013.115
2022  62  25994 GPS  -2267813.877  5009362.138  3221013.113
2022  62  25995 GPS  -2267813.877  5009362.141  3221013.114
2022  62  25996 GPS  -2267813.872  5009362.138  3221013.113
2022  62  25997 GPS  -2267813.865  5009362.125  3221013.108
2022  62  25998 GPS  -2267813.858  5009362.108  3221013.096
2022  62  25999 GPS  -2267813.857  5009362.105  3221013.090
2022  62  26000 GPS  -2267813.856  5009362.103  3221013.088
2022  62  26001 GPS  -2267813.851  5009362.097  3221013.080
2022  62  26002 GPS  -2267813.846  5009362.084  3221013.071
2022  62  26003 GPS  -2267813.843  5009362.076  3221013.063
2022  62  26004 GPS  -2267813.836  5009362.064  3221013.053
2022  62  26005 GPS  -2267813.837  5009362.066  3221013.050
2022  62  26006 GPS  -2267813.841  5009362.073  3221013.051
2022  62  26007 GPS  -2267813.848  5009362.077  3221013.050
2022  62  26008 GPS  -2267813.855  5009362.081  3221013.043
2022  62  26009 GPS  -2267813.858  5009362.090  3221013.038
2022  62  26010 GPS  -2267813.864  5009362.089  3221013.030
2022  62  26011 GPS  -2267813.863  5009362.083  3221013.022
2022  62  26012 GPS  -2267813.866  5009362.081  3221013.017
2022  62  26013 GPS  -2267813.867  5009362.083  3221013.015
2022  62  26014 GPS  -2267813.871  5009362.089  3221013.012
2022  62  26015 GPS  -2267813.874  5009362.094  3221013.010
2022  62  26016 GPS  -2267813.876  5009362.106  3221013.008
2022  62  26017 GPS  -2267813.879  5009362.117  3221013.005
2022  62  26018 GPS  -2267813.888  5009362.131  3221013.010
2022  62  26019 GPS  -2267813.891  5009362.138  3221013.013
2022  62  26020 GPS  -2267813.901  5009362.149  3221013.021
2022  62  26021 GPS  -2267813.910  5009362.162  3221013.027
2022  62  26022 GPS  -2267813.916  5009362.175  3221013.028
2022  62  26023 GPS  -2267813.924  5009362.199  3221013.039
2022  62  26024 GPS  -2267813.929  5009362.213  3221013.039
2022  62  26025 GPS  -2267813.933  5009362.222  3221013.043
2022  62  26026 GPS  -2267813.937  5009362.226  3221013.047
2022  62  26027 GPS  -2267813.943  5009362.241  3221013.052
2022  62  26028 GPS  -2267813.947  5009362.257  3221013.061
2022  62  26029 GPS  -2267813.952  5009362.270  3221013.070
2022  62  26030 GPS  -2267813.961  5009362.281  3221013.080
2022  62  26031 GPS  -2267813.815  5009361.874  3221012.579
2022  62  26032 GPS  -2267813.816  5009361.872  3221012.580
2022  62  26033 GPS  -2267813.814  5009361.870  3221012.578
2022  62  26034 GPS  -2267813.819  5009361.876  3221012.583
2022  62  26035 GPS  -2267813.819  5009361.873  3221012.580
2022  62  26036 GPS  -2267813.818  5009361.873  3221012.576
2022  62  26037 GPS  -2267813.822  5009361.873  3221012.570
2022  62  26038 GPS  -2267814.015  5009362.396  3221013.219
2022  62  26039 GPS  -2267814.009  5009362.383  3221013.203
2022  62  26040 GPS  -2267814.007  5009362.365  3221013.177
2022  62  26041 GPS  -2267813.995  5009362.320  3221013.117
2022  62  26042 GPS  -2267813.985  5009362.284  3221013.066
2022  62  26043 GPS  -2267813.990  5009362.278  3221013.050
2022  62  26044 GPS  -2267814.008  5009362.314  3221013.092
2022  62  26045 GPS  -2267814.012  5009362.306  3221013.087
2022  62  26046 GPS  -2267814.018  5009362.309  3221013.099
2022  62  26047 GPS  -2267814.014  5009362.300  3221013.092
2022  62  26048 GPS  -2267813.990  5009362.239  3221013.019
2022  62  26049 GPS  -2267813.974  5009362.189  3221012.968
2022  62  26050 GPS  -2267813.969  5009362.172  3221012.954
2022  62  26051 GPS  -2267813.980  5009362.199  3221013.001
2022  62  26052 GPS  -2267813.983  5009362.210  3221013.017
2022  62  26053 GPS  -2267813.987  5009362.218  3221013.027
2022  62  26054 GPS  -2267813.978  5009362.193  3221013.017
2022  62  26055 GPS  -2267813.969  5009362.160  3221012.987
2022  62  26056 GPS  -2267813.959  5009362.125  3221012.956
2022  62  26057 GPS  -2267813.948  5009362.086  3221012.910
2022  62  26058 GPS  -2267813.952  5009362.094  3221012.916
2022  62  26059 GPS  -2267813.952  5009362.095  3221012.923
2022  62  26060 GPS  -2267813.948  5009362.086  3221012.915
2022  62  26061 GPS  -2267813.950  5009362.090  3221012.911
2022  62  26062 GPS  -2267813.953  5009362.090  3221012.900
2022  62  26063 GPS  -2267813.959  5009362.104  3221012.911
2022  62  26064 GPS  -2267813.971  5009362.120  3221012.924
2022  62  26065 GPS  -2267813.980  5009362.134  3221012.934
2022  62  26066 GPS  -2267813.984  5009362.138  3221012.941
2022  62  26067 GPS  -2267813.990  5009362.143  3221012.948
2022  62  26068 GPS  -2267813.995  5009362.151  3221012.948
2022  62  26069 GPS  -2267813.994  5009362.158  3221012.949
2022  62  26070 GPS  -2267813.991  5009362.159  3221012.951
2022  62  26071 GPS  -2267813.991  5009362.160  3221012.956
2022  62  26072 GPS  -2267813.994  5009362.160  3221012.960
2022  62  26073 GPS  -2267814.001  5009362.167  3221012.965
2022  62  26074 GPS  -2267814.007  5009362.169  3221012.970
2022  62  26075 GPS  -2267814.017  5009362.179  3221012.976
2022  62  26076 GPS  -2267814.025  5009362.187  3221012.982
2022  62  26077 GPS  -2267814.019  5009362.182  3221012.976
2022  62  26078 GPS  -2267814.016  5009362.183  3221012.975
2022  62  26079 GPS  -2267814.013  5009362.183  3221012.971
2022  62  26080 GPS  -2267814.003  5009362.183  3221012.962
2022  62  26081 GPS  -2267813.880  5009361.826  3221012.507
2022  62  26082 GPS  -2267813.882  5009361.832  3221012.506
2022  62  26083 GPS  -2267813.887  5009361.840  3221012.512
2022  62  26084 GPS  -2267813.886  5009361.846  3221012.515
2022  62  26085 GPS  -2267813.887  5009361.861  3221012.517
2022  62  26086 GPS  -2267813.888  5009361.863  3221012.520
2022  62  26087 GPS  -2267813.889  5009361.871  3221012.521
2022  62  26088 GPS  -2267813.891  5009361.879  3221012.520
2022  62  26089 GPS  -2267814.303  5009363.035  3221013.975
2022  62  26090 GPS  -2267814.181  5009362.693  3221013.541
2022  62  26091 GPS  -2267814.141  5009362.593  3221013.414
2022  62  26092 GPS  -2267814.090  5009362.443  3221013.223
2022  62  26093 GPS  -2267814.093  5009362.448  3221013.220
2022  62  26094 GPS  -2267814.093  5009362.439  3221013.213
2022  62  26095 GPS  -2267814.101  5009362.459  3221013.247
2022  62  26096 GPS  -2267814.105  5009362.464  3221013.265
2022  62  26097 GPS  -2267814.110  5009362.471  3221013.274
2022  62  26098 GPS  -2267814.110  5009362.464  3221013.273
2022  62  26099 GPS  -2267814.098  5009362.411  3221013.213
2022  62  26100 GPS  -2267814.108  5009362.429  3221013.243
2022  62  26101 GPS  -2267814.104  5009362.407  3221013.220
2022  62  26102 GPS  -2267814.107  5009362.400  3221013.217
2022  62  26103 GPS  -2267814.105  5009362.400  3221013.220
2022  62  26104 GPS  -2267814.107  5009362.388  3221013.213
2022  62  26105 GPS  -2267814.120  5009362.430  3221013.264
2022  62  26106 GPS  -2267814.122  5009362.426  3221013.268
2022  62  26107 GPS  -2267814.122  5009362.427  3221013.275
2022  62  26108 GPS  -2267814.113  5009362.387  3221013.241
2022  62  26109 GPS  -2267814.101  5009362.336  3221013.179
2022  62  26110 GPS  -2267814.092  5009362.306  3221013.155
2022  62  26111 GPS  -2267814.090  5009362.291  3221013.143
2022  62  26112 GPS  -2267814.094  5009362.302  3221013.157
2022  62  26113 GPS  -2267814.096  5009362.300  3221013.169
2022  62  26114 GPS  -2267814.087  5009362.279  3221013.162
2022  62  26115 GPS  -2267814.081  5009362.262  3221013.155
2022  62  26116 GPS  -2267814.076  5009362.253  3221013.152
2022  62  26117 GPS  -2267814.074  5009362.248  3221013.150
2022  62  26118 GPS  -2267814.077  5009362.251  3221013.156
2022  62  26119 GPS  -2267814.092  5009362.255  3221013.165
2022  62  26120 GPS  -2267814.100  5009362.250  3221013.166
2022  62  26121 GPS  -2267814.107  5009362.252  3221013.172
2022  62  26122 GPS  -2267814.107  5009362.252  3221013.176
2022  62  26123 GPS  -2267814.116  5009362.251  3221013.177
2022  62  26124 GPS  -2267814.122  5009362.249  3221013.180
2022  62  26125 GPS  -2267814.130  5009362.248  3221013.186
2022  62  26126 GPS  -2267814.136  5009362.238  3221013.186
2022  62  26127 GPS  -2267814.146  5009362.243  3221013.186
2022  62  26128 GPS  -2267814.156  5009362.247  3221013.196
2022  62  26129 GPS  -2267814.162  5009362.245  3221013.205
2022  62  26130 GPS  -2267814.162  5009362.239  3221013.206
2022  62  26131 GPS  -2267814.173  5009362.247  3221013.213
2022  62  26132 GPS  -2267814.179  5009362.247  3221013.216
2022  62  26133 GPS  -2267814.189  5009362.260  3221013.226
2022  62  26134 GPS  -2267814.194  5009362.265  3221013.229
2022  62  26135 GPS  -2267814.198  5009362.267  3221013.228
2022  62  26136 GPS  -2267814.201  5009362.272  3221013.230
2022  62  26137 GPS  -2267814.208  5009362.275  3221013.235
2022  62  26138 GPS  -2267814.211  5009362.282  3221013.241
2022  62  26139 GPS  -2267814.213  5009362.286  3221013.242
2022  62  26140 GPS  -2267814.214  5009362.286  3221013.244
2022  62  26141 GPS  -2267814.215  5009362.288  3221013.245
2022  62  26142 GPS  -2267814.212  5009362.293  3221013.245
2022  62  26143 GPS  -2267814.206  5009362.292  3221013.243
2022  62  26144 GPS  -2267814.203  5009362.290  3221013.241
2022  62  26145 GPS  -2267814.198  5009362.289  3221013.240
2022  62  26146 GPS  -2267814.191  5009362.280  3221013.241
2022  62  26147 GPS  -2267814.188  5009362.285  3221013.246
2022  62  26148 GPS  -2267814.188  5009362.293  3221013.250
2022  62  26149 GPS  -2267814.186  5009362.288  3221013.255
2022  62  26150 GPS  -2267814.188  5009362.290  3221013.263
2022  62  26151 GPS  -2267814.028  5009361.864  3221012.725
2022  62  26152 GPS  -2267814.023  5009361.874  3221012.738
2022  62  26153 GPS  -2267814.023  5009361.879  3221012.748
2022  62  26154 GPS  -2267814.021  5009361.883  3221012.751
2022  62  26155 GPS  -2267814.018  5009361.876  3221012.748
2022  62  26156 GPS  -2267814.015  5009361.871  3221012.742
2022  62  26157 GPS  -2267814.246  5009362.530  3221013.586
2022  62  26158 GPS  -2267814.202  5009362.417  3221013.451
2022  62  26159 GPS  -2267814.183  5009362.376  3221013.399
2022  62  26160 GPS  -2267814.134  5009362.229  3221013.212
2022  62  26161 GPS  -2267814.132  5009362.227  3221013.198
2022  62  26162 GPS  -2267814.126  5009362.207  3221013.162
2022  62  26163 GPS  -2267814.100  5009362.150  3221013.086
2022  62  26164 GPS  -2267814.097  5009362.158  3221013.090
2022  62  26165 GPS  -2267814.094  5009362.173  3221013.101
2022  62  26166 GPS  -2267814.094  5009362.173  3221013.101
2022  62  26167 GPS  -2267814.092  5009362.167  3221013.094
2022  62  26168 GPS  -2267814.085  5009362.155  3221013.072
2022  62  26169 GPS  -2267814.080  5009362.139  3221013.044
2022  62  26170 GPS  -2267814.102  5009362.186  3221013.098
2022  62  26171 GPS  -2267814.004  5009361.898  3221012.727
2022  62  26172 GPS  -2267814.003  5009361.899  3221012.727
2022  62  26173 GPS  -2267813.998  5009361.895  3221012.723
2022  62  26174 GPS  -2267814.002  5009361.892  3221012.722
2022  62  26175 GPS  -2267814.006  5009361.893  3221012.723
2022  62  26176 GPS  -2267814.003  5009361.887  3221012.721
2022  62  26177 GPS  -2267814.006  5009361.885  3221012.718
2022  62  26178 GPS  -2267814.011  5009361.888  3221012.720
2022  62  26179 GPS  -2267814.019  5009361.891  3221012.717
2022  62  26180 GPS  -2267814.017  5009361.881  3221012.702
2022  62  26181 GPS  -2267814.398  5009362.916  3221014.034
2022  62  26182 GPS  -2267814.230  5009362.429  3221013.415
2022  62  26183 GPS  -2267814.170  5009362.249  3221013.194
2022  62  26184 GPS  -2267814.147  5009362.163  3221013.093
2022  62  26185 GPS  -2267814.142  5009362.127  3221013.066
2022  62  26186 GPS  -2267814.149  5009362.138  3221013.088
2022  62  26187 GPS  -2267814.150  5009362.138  3221013.087
2022  62  26188 GPS  -2267814.126  5009362.064  3221012.998
2022  62  26189 GPS  -2267814.111  5009362.016  3221012.944
2022  62  26190 GPS  -2267814.115  5009362.017  3221012.945
2022  62  26191 GPS  -2267814.145  5009362.089  3221013.039
2022  62  26192 GPS  -2267814.130  5009362.055  3221012.991
2022  62  26193 GPS  -2267814.124  5009362.042  3221012.962
2022  62  26194 GPS  -2267814.140  5009362.077  3221013.010
2022  62  26195 GPS  -2267814.154  5009362.106  3221013.044
2022  62  26196 GPS  -2267814.156  5009362.121  3221013.066
2022  62  26197 GPS  -2267814.147  5009362.093  3221013.033
2022  62  26198 GPS  -2267814.151  5009362.112  3221013.053
2022  62  26199 GPS  -2267814.159  5009362.147  3221013.083
2022  62  26200 GPS  -2267814.162  5009362.155  3221013.090
2022  62  26201 GPS  -2267814.159  5009362.151  3221013.085
2022  62  26202 GPS  -2267814.173  5009362.188  3221013.129
2022  62  26203 GPS  -2267814.169  5009362.175  3221013.103
2022  62  26204 GPS  -2267814.162  5009362.168  3221013.094
2022  62  26205 GPS  -2267814.164  5009362.182  3221013.106
2022  62  26206 GPS  -2267814.164  5009362.196  3221013.113
2022  62  26207 GPS  -2267814.159  5009362.195  3221013.108
2022  62  26208 GPS  -2267814.151  5009362.193  3221013.099
2022  62  26209 GPS  -2267814.144  5009362.199  3221013.096
2022  62  26210 GPS  -2267814.140  5009362.206  3221013.096
2022  62  26211 GPS  -2267814.131  5009362.200  3221013.094
2022  62  26212 GPS  -2267814.136  5009362.210  3221013.092
2022  62  26213 GPS  -2267814.131  5009362.217  3221013.090
2022  62  26214 GPS  -2267814.126  5009362.211  3221013.085
2022  62  26215 GPS  -2267814.122  5009362.212  3221013.078
2022  62  26216 GPS  -2267814.121  5009362.216  3221013.070
2022  62  26217 GPS  -2267814.120  5009362.217  3221013.069
2022  62  26218 GPS  -2267814.116  5009362.214  3221013.063
2022  62  26219 GPS  -2267814.120  5009362.218  3221013.058
2022  62  26220 GPS  -2267814.128  5009362.231  3221013.059
2022  62  26221 GPS  -2267814.137  5009362.240  3221013.061
2022  62  26222 GPS  -2267814.148  5009362.249  3221013.067
2022  62  26223 GPS  -2267814.154  5009362.256  3221013.061
2022  62  26224 GPS  -2267814.157  5009362.253  3221013.054
2022  62  26225 GPS  -2267814.156  5009362.260  3221013.056
2022  62  26226 GPS  -2267814.161  5009362.264  3221013.059
2022  62  26227 GPS  -2267814.167  5009362.269  3221013.063
2022  62  26228 GPS  -2267814.168  5009362.273  3221013.066
2022  62  26229 GPS  -2267814.170  5009362.277  3221013.067
2022  62  26230 GPS  -2267814.175  5009362.282  3221013.071
2022  62  26231 GPS  -2267814.185  5009362.291  3221013.079
2022  62  26232 GPS  -2267814.190  5009362.296  3221013.079
2022  62  26233 GPS  -2267814.197  5009362.295  3221013.079
2022  62  26234 GPS  -2267814.206  5009362.305  3221013.082
2022  62  26235 GPS  -2267814.204  5009362.306  3221013.079
2022  62  26236 GPS  -2267814.200  5009362.296  3221013.071
2022  62  26237 GPS  -2267814.201  5009362.300  3221013.069
2022  62  26238 GPS  -2267814.198  5009362.294  3221013.063
2022  62  26239 GPS  -2267814.196  5009362.290  3221013.063
2022  62  26240 GPS  -2267814.190  5009362.275  3221013.059
2022  62  26241 GPS  -2267814.187  5009362.271  3221013.061
2022  62  26242 GPS  -2267814.182  5009362.265  3221013.062
2022  62  26243 GPS  -2267814.167  5009362.248  3221013.057
2022  62  26244 GPS  -2267814.161  5009362.242  3221013.057
2022  62  26245 GPS  -2267814.159  5009362.231  3221013.057
2022  62  26246 GPS  -2267814.160  5009362.227  3221013.053
2022  62  26247 GPS  -2267814.157  5009362.221  3221013.047
2022  62  26248 GPS  -2267814.156  5009362.216  3221013.042
2022  62  26249 GPS  -2267814.148  5009362.204  3221013.034
2022  62  26250 GPS  -2267814.149  5009362.204  3221013.033
2022  62  26251 GPS  -2267814.151  5009362.211  3221013.030
2022  62  26252 GPS  -2267814.151  5009362.209  3221013.024
2022  62  26253 GPS  -2267814.149  5009362.201  3221013.015
2022  62  26254 GPS  -2267814.151  5009362.198  3221013.013
2022  62  26255 GPS  -2267814.143  5009362.187  3221012.999
2022  62  26256 GPS  -2267814.146  5009362.180  3221012.995
2022  62  26257 GPS  -2267814.145  5009362.179  3221012.990
2022  62  26258 GPS  -2267814.153  5009362.186  3221012.989
2022  62  26259 GPS  -2267814.153  5009362.185  3221012.984
2022  62  26260 GPS  -2267814.154  5009362.179  3221012.982
2022  62  26261 GPS  -2267814.158  5009362.175  3221012.976
2022  62  26262 GPS  -2267814.154  5009362.171  3221012.970
2022  62  26263 GPS  -2267814.153  5009362.168  3221012.965
2022  62  26264 GPS  -2267814.151  5009362.166  3221012.963
2022  62  26265 GPS  -2267814.155  5009362.167  3221012.965
2022  62  26266 GPS  -2267814.156  5009362.162  3221012.967
2022  62  26267 GPS  -2267814.152  5009362.158  3221012.967
2022  62  26268 GPS  -2267814.149  5009362.154  3221012.968
2022  62  26269 GPS  -2267814.141  5009362.152  3221012.969
2022  62  26270 GPS  -2267814.140  5009362.154  3221012.975
2022  62  26271 GPS  -2267814.145  5009362.163  3221012.984
2022  62  26272 GPS  -2267814.143  5009362.167  3221012.991
2022  62  26273 GPS  -2267814.138  5009362.170  3221012.990
2022  62  26274 GPS  -2267814.135  5009362.175  3221012.992
2022  62  26275 GPS  -2267814.134  5009362.180  3221012.996
2022  62  26276 GPS  -2267814.131  5009362.184  3221012.998
2022  62  26277 GPS  -2267814.129  5009362.194  3221013.003
2022  62  26278 GPS  -2267814.125  5009362.196  3221013.009
2022  62  26279 GPS  -2267814.118  5009362.196  3221013.013
2022  62  26280 GPS  -2267814.117  5009362.202  3221013.018
2022  62  26281 GPS  -2267814.121  5009362.206  3221013.026
2022  62  26282 GPS  -2267814.124  5009362.218  3221013.037
2022  62  26283 GPS  -2267814.128  5009362.227  3221013.044
2022  62  26284 GPS  -2267814.131  5009362.231  3221013.052
2022  62  26285 GPS  -2267814.135  5009362.237  3221013.060
2022  62  26286 GPS  -2267814.135  5009362.242  3221013.063
2022  62  26287 GPS  -2267814.140  5009362.254  3221013.067
2022  62  26288 GPS  -2267814.138  5009362.253  3221013.064
2022  62  26289 GPS  -2267814.138  5009362.254  3221013.060
2022  62  26290 GPS  -2267814.140  5009362.261  3221013.057
2022  62  26291 GPS  -2267813.952  5009361.745  3221012.387
2022  62  26418 GPS  -2267814.746  5009362.655  3221013.454
2022  62  26419 GPS  -2267814.741  5009362.642  3221013.431
2022  62  26420 GPS  -2267814.740  5009362.637  3221013.421
2022  62  26421 GPS  -2267814.756  5009362.684  3221013.485
2022  62  26422 GPS  -2267814.769  5009362.719  3221013.531
2022  62  26423 GPS  -2267814.773  5009362.730  3221013.533
2022  62  26424 GPS  -2267814.765  5009362.698  3221013.483
2022  62  26425 GPS  -2267814.780  5009362.732  3221013.527
2022  62  26426 GPS  -2267814.770  5009362.707  3221013.487
2022  62  26427 GPS  -2267814.766  5009362.708  3221013.485
2022  62  26428 GPS  -2267814.767  5009362.717  3221013.497
2022  62  26429 GPS  -2267814.767  5009362.716  3221013.494
2022  62  26430 GPS  -2267814.778  5009362.732  3221013.524
2022  62  26431 GPS  -2267814.778  5009362.715  3221013.509
2022  62  26432 GPS  -2267814.779  5009362.705  3221013.498
2022  62  26433 GPS  -2267814.788  5009362.711  3221013.504
2022  62  26434 GPS  -2267814.793  5009362.710  3221013.508
2022  62  26435 GPS  -2267814.798  5009362.701  3221013.500
2022  62  26436 GPS  -2267814.805  5009362.702  3221013.501
2022  62  26437 GPS  -2267814.814  5009362.719  3221013.509
2022  62  26438 GPS  -2267814.814  5009362.720  3221013.506
2022  62  26439 GPS  -2267814.815  5009362.719  3221013.506
2022  62  26440 GPS  -2267814.820  5009362.721  3221013.507
2022  62  26441 GPS  -2267814.822  5009362.726  3221013.512
2022  62  26442 GPS  -2267814.823  5009362.728  3221013.516
2022  62  26443 GPS  -2267814.822  5009362.726  3221013.516
2022  62  26444 GPS  -2267814.822  5009362.724  3221013.515
2022  62  26445 GPS  -2267814.820  5009362.726  3221013.515
2022  62  26446 GPS  -2267814.824  5009362.724  3221013.513
2022  62  26447 GPS  -2267814.827  5009362.725  3221013.512
2022  62  26448 GPS  -2267814.827  5009362.720  3221013.513
2022  62  26449 GPS  -2267814.826  5009362.723  3221013.517
2022  62  26450 GPS  -2267814.825  5009362.723  3221013.515
2022  62  26451 GPS  -2267814.752  5009362.504  3221013.215
2022  62  26452 GPS  -2267814.750  5009362.502  3221013.212
2022  62  26453 GPS  -2267814.745  5009362.490  3221013.206
2022  62  26454 GPS  -2267814.739  5009362.480  3221013.203
2022  62  26455 GPS  -2267814.741  5009362.486  3221013.206
2022  62  26456 GPS  -2267814.805  5009362.672  3221013.468
2022  62  26457 GPS  -2267814.793  5009362.629  3221013.406
2022  62  26458 GPS  -2267814.762  5009362.543  3221013.286
2022  62  26459 GPS  -2267814.739  5009362.483  3221013.198
2022  62  26460 GPS  -2267814.752  5009362.526  3221013.252
2022  62  26461 GPS  -2267814.741  5009362.488  3221013.197
2022  62  26462 GPS  -2267814.740  5009362.491  3221013.200
2022  62  26463 GPS  -2267814.740  5009362.492  3221013.201
2022  62  26464 GPS  -2267814.733  5009362.492  3221013.199
2022  62  26465 GPS  -2267814.727  5009362.492  3221013.196
2022  62  26466 GPS  -2267814.725  5009362.500  3221013.200
2022  62  26467 GPS  -2267814.782  5009362.678  3221013.435
2022  62  26468 GPS  -2267814.780  5009362.684  3221013.435
2022  62  26469 GPS  -2267814.779  5009362.677  3221013.433
2022  62  26470 GPS  -2267814.786  5009362.705  3221013.477
2022  62  26471 GPS  -2267814.792  5009362.721  3221013.506
2022  62  26472 GPS  -2267814.762  5009362.657  3221013.429
2022  62  26473 GPS  -2267814.755  5009362.645  3221013.420
2022  62  26474 GPS  -2267814.754  5009362.641  3221013.421
2022  62  26475 GPS  -2267814.775  5009362.708  3221013.516
2022  62  26476 GPS  -2267814.780  5009362.733  3221013.544
2022  62  26477 GPS  -2267814.773  5009362.719  3221013.517
2022  62  26478 GPS  -2267814.780  5009362.743  3221013.547
2022  62  26479 GPS  -2267814.829  5009362.885  3221013.733
2022  62  26480 GPS  -2267814.822  5009362.855  3221013.691
2022  62  26481 GPS  -2267814.843  5009362.905  3221013.752
2022  62  26482 GPS  -2267814.836  5009362.869  3221013.709
2022  62  26483 GPS  -2267814.817  5009362.812  3221013.625
2022  62  26484 GPS  -2267814.866  5009362.947  3221013.807
2022  62  26485 GPS  -2267814.859  5009362.921  3221013.773
2022  62  26486 GPS  -2267814.879  5009362.966  3221013.829
2022  62  26487 GPS  -2267814.892  5009362.997  3221013.871
2022  62  26488 GPS  -2267814.890  5009363.009  3221013.876
2022  62  26489 GPS  -2267814.898  5009363.038  3221013.904
2022  62  26490 GPS  -2267814.912  5009363.097  3221013.976
2022  62  26491 GPS  -2267814.925  5009363.139  3221014.029
2022  62  26492 GPS  -2267814.919  5009363.135  3221014.014
2022  62  26493 GPS  -2267814.915  5009363.120  3221013.990
2022  62  26494 GPS  -2267814.910  5009363.110  3221013.972
2022  62  26495 GPS  -2267814.901  5009363.084  3221013.950
2022  62  26496 GPS  -2267814.893  5009363.068  3221013.944
2022  62  26497 GPS  -2267814.880  5009363.053  3221013.934
2022  62  26498 GPS  -2267814.879  5009363.054  3221013.933
2022  62  26499 GPS  -2267814.877  5009363.047  3221013.931
2022  62  26500 GPS  -2267814.873  5009363.034  3221013.922
2022  62  26501 GPS  -2267814.878  5009363.032  3221013.921
2022  62  26502 GPS  -2267814.879  5009363.032  3221013.923
2022  62  26503 GPS  -2267814.879  5009363.028  3221013.921
2022  62  26504 GPS  -2267814.881  5009363.027  3221013.921
2022  62  26505 GPS  -2267814.876  5009363.025  3221013.916
2022  62  26506 GPS  -2267814.875  5009363.017  3221013.910
2022  62  26507 GPS  -2267814.874  5009363.010  3221013.910
2022  62  26508 GPS  -2267814.876  5009363.006  3221013.905
2022  62  26509 GPS  -2267814.880  5009362.999  3221013.902
2022  62  26510 GPS  -2267814.881  5009362.993  3221013.898
2022  62  26511 GPS  -2267814.886  5009362.987  3221013.899
2022  62  26512 GPS  -2267814.885  5009362.982  3221013.898
2022  62  26513 GPS  -2267814.890  5009362.986  3221013.898
2022  62  26514 GPS  -2267814.887  5009362.993  3221013.897
2022  62  26515 GPS  -2267814.891  5009363.003  3221013.901
2022  62  26516 GPS  -2267814.891  5009363.010  3221013.902
2022  62  26517 GPS  -2267814.891  5009363.018  3221013.897
2022  62  26518 GPS  -2267814.888  5009363.024  3221013.897
2022  62  26519 GPS  -2267814.885  5009363.030  3221013.895
2022  62  26520 GPS  -2267814.880  5009363.030  3221013.886
2022  62  26521 GPS  -2267814.874  5009363.026  3221013.878
2022  62  26522 GPS  -2267814.872  5009363.024  3221013.868
2022  62  26523 GPS  -2267814.865  5009363.020  3221013.861
2022  62  26524 GPS  -2267814.862  5009363.019  3221013.851
2022  62  26525 GPS  -2267814.854  5009363.011  3221013.842
2022  62  26526 GPS  -2267814.845  5009363.005  3221013.833
2022  62  26527 GPS  -2267814.835  5009362.992  3221013.822
2022  62  26528 GPS  -2267814.826  5009362.977  3221013.817
2022  62  26529 GPS  -2267814.822  5009362.963  3221013.809
2022  62  26530 GPS  -2267814.822  5009362.950  3221013.805
2022  62  26531 GPS  -2267814.816  5009362.937  3221013.792
2022  62  26532 GPS  -2267814.816  5009362.920  3221013.782
2022  62  26533 GPS  -2267814.815  5009362.909  3221013.776
2022  62  26534 GPS  -2267814.812  5009362.903  3221013.773
2022  62  26535 GPS  -2267814.814  5009362.894  3221013.761
2022  62  26536 GPS  -2267814.811  5009362.885  3221013.748
2022  62  26537 GPS  -2267814.808  5009362.869  3221013.736
2022  62  26538 GPS  -2267814.800  5009362.851  3221013.721
2022  62  26539 GPS  -2267814.794  5009362.835  3221013.706
2022  62  26540 GPS  -2267814.794  5009362.824  3221013.691
2022  62  26541 GPS  -2267814.796  5009362.814  3221013.680
2022  62  26542 GPS  -2267814.798  5009362.798  3221013.670
2022  62  26543 GPS  -2267814.803  5009362.785  3221013.660
2022  62  26544 GPS  -2267814.800  5009362.771  3221013.645
2022  62  26545 GPS  -2267814.802  5009362.772  3221013.643
2022  62  26546 GPS  -2267814.812  5009362.770  3221013.639
2022  62  26547 GPS  -2267814.820  5009362.773  3221013.634
2022  62  26548 GPS  -2267814.828  5009362.771  3221013.632
2022  62  26549 GPS  -2267814.834  5009362.765  3221013.623
2022  62  26550 GPS  -2267814.836  5009362.764  3221013.618
2022  62  26551 GPS  -2267814.840  5009362.760  3221013.617
2022  62  26552 GPS  -2267814.842  5009362.758  3221013.622
2022  62  26553 GPS  -2267814.846  5009362.762  3221013.631
2022  62  26554 GPS  -2267814.846  5009362.760  3221013.631
2022  62  26555 GPS  -2267814.845  5009362.759  3221013.631
2022  62  26556 GPS  -2267814.849  5009362.770  3221013.633
2022  62  26557 GPS  -2267814.856  5009362.779  3221013.638
2022  62  26558 GPS  -2267814.859  5009362.783  3221013.639
2022  62  26559 GPS  -2267814.858  5009362.778  3221013.640
2022  62  26560 GPS  -2267814.862  5009362.778  3221013.644
2022  62  26561 GPS  -2267814.862  5009362.776  3221013.650
2022  62  26562 GPS  -2267814.869  5009362.777  3221013.661
2022  62  26563 GPS  -2267814.877  5009362.780  3221013.664
2022  62  26564 GPS  -2267814.880  5009362.791  3221013.672
2022  62  26565 GPS  -2267814.885  5009362.802  3221013.682
2022  62  26566 GPS  -2267814.895  5009362.817  3221013.693
2022  62  26567 GPS  -2267814.910  5009362.839  3221013.707
2022  62  26568 GPS  -2267814.916  5009362.847  3221013.713
2022  62  26569 GPS  -2267814.924  5009362.865  3221013.723
2022  62  26570 GPS  -2267814.932  5009362.883  3221013.728
2022  62  26571 GPS  -2267814.931  5009362.887  3221013.729
2022  62  26572 GPS  -2267814.927  5009362.891  3221013.733
2022  62  26573 GPS  -2267814.927  5009362.898  3221013.738
2022  62  26574 GPS  -2267814.928  5009362.897  3221013.740
2022  62  26575 GPS  -2267814.931  5009362.894  3221013.742
2022  62  26576 GPS  -2267814.934  5009362.894  3221013.745
2022  62  26577 GPS  -2267814.937  5009362.895  3221013.746
2022  62  26578 GPS  -2267814.935  5009362.901  3221013.746
2022  62  26579 GPS  -2267814.936  5009362.902  3221013.743
2022  62  26580 GPS  -2267814.938  5009362.906  3221013.744
2022  62  26581 GPS  -2267814.937  5009362.909  3221013.743
2022  62  26582 GPS  -2267814.934  5009362.915  3221013.742
2022  62  26583 GPS  -2267814.929  5009362.909  3221013.741
2022  62  26584 GPS  -2267814.925  5009362.910  3221013.738
2022  62  26585 GPS  -2267814.920  5009362.906  3221013.734
2022  62  26586 GPS  -2267814.919  5009362.909  3221013.730
2022  62  26587 GPS  -2267814.917  5009362.902  3221013.723
2022  62  26588 GPS  -2267814.914  5009362.890  3221013.719
2022  62  26589 GPS  -2267814.914  5009362.885  3221013.719
2022  62  26590 GPS  -2267814.911  5009362.868  3221013.714
2022  62  26591 GPS  -2267814.905  5009362.849  3221013.703
2022  62  26592 GPS  -2267814.908  5009362.844  3221013.698
2022  62  26593 GPS  -2267814.911  5009362.841  3221013.692
2022  62  26594 GPS  -2267814.909  5009362.837  3221013.685
2022  62  26595 GPS  -2267814.915  5009362.836  3221013.685
2022  62  26596 GPS  -2267814.915  5009362.834  3221013.679
2022  62  26597 GPS  -2267814.916  5009362.831  3221013.671
2022  62  26598 GPS  -2267814.924  5009362.833  3221013.670
2022  62  26599 GPS  -2267814.925  5009362.826  3221013.665
2022  62  26600 GPS  -2267814.929  5009362.823  3221013.656
2022  62  26601 GPS  -2267814.935  5009362.815  3221013.653
2022  62  26602 GPS  -2267814.937  5009362.809  3221013.648
2022  62  26603 GPS  -2267814.942  5009362.814  3221013.651
2022  62  26604 GPS  -2267814.947  5009362.813  3221013.649
2022  62  26605 GPS  -2267814.951  5009362.805  3221013.644
2022  62  26606 GPS  -2267814.956  5009362.802  3221013.642
2022  62  26607 GPS  -2267814.957  5009362.793  3221013.635
2022  62  26608 GPS  -2267814.965  5009362.798  3221013.636
2022  62  26609 GPS  -2267814.966  5009362.794  3221013.633
2022  62  26610 GPS  -2267814.965  5009362.787  3221013.631
2022  62  26611 GPS  -2267814.965  5009362.776  3221013.623
2022  62  26612 GPS  -2267814.967  5009362.779  3221013.623
2022  62  26613 GPS  -2267815.018  5009363.206  3221013.831
2022  62  26614 GPS  -2267815.017  5009363.200  3221013.829
2022  62  26615 GPS  -2267815.019  5009363.202  3221013.830
2022  62  26616 GPS  -2267815.022  5009363.199  3221013.827
2022  62  26617 GPS  -2267815.021  5009363.196  3221013.827
2022  62  26618 GPS  -2267815.019  5009363.197  3221013.823
2022  62  26619 GPS  -2267815.019  5009363.196  3221013.824
2022  62  26620 GPS  -2267815.019  5009363.194  3221013.828
2022  62  26621 GPS  -2267815.022  5009363.196  3221013.836
2022  62  26622 GPS  -2267815.024  5009363.194  3221013.835
2022  62  26623 GPS  -2267815.028  5009363.203  3221013.843
2022  62  26624 GPS  -2267815.033  5009363.210  3221013.849
2022  62  26625 GPS  -2267815.035  5009363.213  3221013.856
2022  62  26626 GPS  -2267815.040  5009363.212  3221013.864
2022  62  26627 GPS  -2267815.039  5009363.221  3221013.872
2022  62  26628 GPS  -2267815.041  5009363.233  3221013.881
2022  62  26629 GPS  -2267815.044  5009363.242  3221013.887
2022  62  26630 GPS  -2267815.049  5009363.250  3221013.892
2022  62  26631 GPS  -2267815.052  5009363.258  3221013.900
2022  62  26632 GPS  -2267815.048  5009363.254  3221013.901
2022  62  26633 GPS  -2267815.048  5009363.258  3221013.903
2022  62  26634 GPS  -2267815.049  5009363.262  3221013.909
2022  62  26635 GPS  -2267815.054  5009363.265  3221013.918
2022  62  26636 GPS  -2267815.054  5009363.266  3221013.928
2022  62  26637 GPS  -2267815.052  5009363.262  3221013.935
2022  62  26638 GPS  -2267815.051  5009363.260  3221013.939
2022  62  26639 GPS  -2267815.050  5009363.264  3221013.947
2022  62  26640 GPS  -2267815.047  5009363.260  3221013.948
2022  62  26641 GPS  -2267815.051  5009363.271  3221013.957
2022  62  26642 GPS  -2267815.051  5009363.279  3221013.960
2022  62  26643 GPS  -2267815.051  5009363.275  3221013.961
2022  62  26644 GPS  -2267815.047  5009363.270  3221013.958
2022  62  26645 GPS  -2267815.046  5009363.259  3221013.956
2022  62  26646 GPS  -2267815.041  5009363.256  3221013.958
2022  62  26647 GPS  -2267815.043  5009363.266  3221013.969
2022  62  26648 GPS  -2267815.040  5009363.269  3221013.970
2022  62  26649 GPS  -2267815.037  5009363.264  3221013.969
2022  62  26650 GPS  -2267815.040  5009363.263  3221013.970
2022  62  26651 GPS  -2267815.039  5009363.273  3221013.972
2022  62  26652 GPS  -2267815.042  5009363.287  3221013.976
2022  62  26653 GPS  -2267815.039  5009363.291  3221013.975
2022  62  26654 GPS  -2267815.041  5009363.307  3221013.978
2022  62  26655 GPS  -2267815.046  5009363.315  3221013.979
2022  62  26656 GPS  -2267815.043  5009363.315  3221013.973
2022  62  26657 GPS  -2267815.046  5009363.315  3221013.973
2022  62  26658 GPS  -2267815.052  5009363.315  3221013.970
2022  62  26659 GPS  -2267815.052  5009363.313  3221013.969
2022  62  26660 GPS  -2267815.058  5009363.310  3221013.971
2022  62  26661 GPS  -2267815.059  5009363.305  3221013.968
2022  62  26662 GPS  -2267815.063  5009363.309  3221013.971
2022  62  26663 GPS  -2267815.070  5009363.306  3221013.974
2022  62  26664 GPS  -2267815.070  5009363.304  3221013.968
2022  62  26665 GPS  -2267815.075  5009363.312  3221013.969
2022  62  26666 GPS  -2267815.079  5009363.317  3221013.971
2022  62  26667 GPS  -2267815.088  5009363.320  3221013.970
2022  62  26668 GPS  -2267815.093  5009363.317  3221013.963
2022  62  26669 GPS  -2267815.089  5009363.305  3221013.950
2022  62  26670 GPS  -2267815.086  5009363.302  3221013.942
2022  62  26671 GPS  -2267815.093  5009363.313  3221013.943
2022  62  26672 GPS  -2267815.096  5009363.325  3221013.946
2022  62  26673 GPS  -2267815.100  5009363.337  3221013.942
2022  62  26674 GPS  -2267815.106  5009363.341  3221013.942
2022  62  26675 GPS  -2267815.111  5009363.347  3221013.941
2022  62  26676 GPS  -2267815.115  5009363.352  3221013.940
2022  62  26677 GPS  -2267815.117  5009363.354  3221013.935
2022  62  26678 GPS  -2267815.119  5009363.363  3221013.937
2022  62  26679 GPS  -2267815.114  5009363.362  3221013.930
2022  62  26680 GPS  -2267815.116  5009363.367  3221013.928
2022  62  26681 GPS  -2267815.109  5009363.372  3221013.924
2022  62  26682 GPS  -2267815.109  5009363.376  3221013.921
2022  62  26683 GPS  -2267815.110  5009363.379  3221013.919
2022  62  26684 GPS  -2267815.108  5009363.377  3221013.913
2022  62  26685 GPS  -2267815.105  5009363.372  3221013.912
2022  62  26686 GPS  -2267815.107  5009363.373  3221013.911
2022  62  26687 GPS  -2267815.109  5009363.370  3221013.909
2022  62  26688 GPS  -2267815.111  5009363.364  3221013.902
2022  62  26689 GPS  -2267815.111  5009363.355  3221013.895
2022  62  26690 GPS  -2267815.108  5009363.347  3221013.888
2022  62  26691 GPS  -2267815.109  5009363.342  3221013.880
2022  62  26692 GPS  -2267815.111  5009363.329  3221013.876
2022  62  26693 GPS  -2267815.109  5009363.322  3221013.871
2022  62  26694 GPS  -2267815.108  5009363.314  3221013.867
2022  62  26695 GPS  -2267815.104  5009363.310  3221013.860
2022  62  26696 GPS  -2267815.103  5009363.317  3221013.860
2022  62  26697 GPS  -2267815.105  5009363.326  3221013.862
2022  62  26698 GPS  -2267815.105  5009363.336  3221013.863
2022  62  26699 GPS  -2267815.101  5009363.341  3221013.862
2022  62  26700 GPS  -2267815.103  5009363.344  3221013.862
2022  62  26701 GPS  -2267815.108  5009363.343  3221013.865
2022  62  26702 GPS  -2267815.106  5009363.332  3221013.868
2022  62  26703 GPS  -2267815.106  5009363.319  3221013.868
2022  62  26704 GPS  -2267815.111  5009363.309  3221013.868
2022  62  26705 GPS  -2267815.111  5009363.295  3221013.871
2022  62  26706 GPS  -2267815.108  5009363.279  3221013.869
2022  62  26707 GPS  -2267815.107  5009363.272  3221013.871
2022  62  26708 GPS  -2267815.103  5009363.263  3221013.869
2022  62  26709 GPS  -2267815.103  5009363.259  3221013.867
2022  62  26710 GPS  -2267815.111  5009363.257  3221013.869
2022  62  26711 GPS  -2267815.115  5009363.257  3221013.868
2022  62  26712 GPS  -2267815.117  5009363.255  3221013.866
2022  62  26713 GPS  -2267815.123  5009363.262  3221013.874
2022  62  26714 GPS  -2267815.127  5009363.256  3221013.871
2022  62  26715 GPS  -2267815.127  5009363.246  3221013.871
2022  62  26716 GPS  -2267815.129  5009363.237  3221013.867
2022  62  26717 GPS  -2267815.129  5009363.228  3221013.859
2022  62  26718 GPS  -2267815.134  5009363.231  3221013.863
2022  62  26719 GPS  -2267815.139  5009363.233  3221013.867
2022  62  26720 GPS  -2267815.141  5009363.237  3221013.868
2022  62  26721 GPS  -2267815.143  5009363.241  3221013.872
2022  62  26722 GPS  -2267815.144  5009363.240  3221013.874
2022  62  26723 GPS  -2267815.142  5009363.243  3221013.872
2022  62  26724 GPS  -2267815.140  5009363.250  3221013.875
2022  62  26725 GPS  -2267815.138  5009363.255  3221013.880
2022  62  26726 GPS  -2267815.141  5009363.267  3221013.893
2022  62  26727 GPS  -2267815.144  5009363.270  3221013.898
2022  62  26728 GPS  -2267815.146  5009363.277  3221013.905
2022  62  26729 GPS  -2267815.156  5009363.287  3221013.917
2022  62  26730 GPS  -2267815.160  5009363.288  3221013.930
2022  62  26731 GPS  -2267815.158  5009363.282  3221013.936
2022  62  26732 GPS  -2267815.157  5009363.280  3221013.939
2022  62  26733 GPS  -2267815.155  5009363.277  3221013.940
2022  62  26734 GPS  -2267815.148  5009363.273  3221013.941
2022  62  26735 GPS  -2267815.146  5009363.275  3221013.944
2022  62  26736 GPS  -2267815.150  5009363.280  3221013.951
2022  62  26737 GPS  -2267815.151  5009363.280  3221013.954
2022  62  26738 GPS  -2267815.153  5009363.277  3221013.954
2022  62  26739 GPS  -2267815.156  5009363.276  3221013.954
2022  62  26740 GPS  -2267815.158  5009363.276  3221013.959
2022  62  26741 GPS  -2267815.154  5009363.266  3221013.956
2022  62  26742 GPS  -2267815.154  5009363.270  3221013.957
2022  62  26743 GPS  -2267815.155  5009363.270  3221013.959
2022  62  26744 GPS  -2267815.158  5009363.269  3221013.960
2022  62  26745 GPS  -2267815.164  5009363.274  3221013.958
2022  62  26746 GPS  -2267815.160  5009363.270  3221013.951
2022  62  26747 GPS  -2267815.163  5009363.272  3221013.948
2022  62  26748 GPS  -2267815.163  5009363.264  3221013.940
2022  62  26749 GPS  -2267815.171  5009363.261  3221013.936
2022  62  26750 GPS  -2267815.181  5009363.261  3221013.933
2022  62  26751 GPS  -2267815.188  5009363.257  3221013.927
2022  62  26752 GPS  -2267815.192  5009363.245  3221013.923
2022  62  26753 GPS  -2267815.192  5009363.243  3221013.919
2022  62  26754 GPS  -2267815.195  5009363.236  3221013.910
2022  62  26755 GPS  -2267815.196  5009363.228  3221013.908
2022  62  26756 GPS  -2267815.195  5009363.221  3221013.904
2022  62  26757 GPS  -2267815.192  5009363.217  3221013.895
2022  62  26758 GPS  -2267815.189  5009363.216  3221013.888
2022  62  26759 GPS  -2267815.184  5009363.208  3221013.878
2022  62  26760 GPS  -2267815.185  5009363.206  3221013.872
2022  62  26761 GPS  -2267815.181  5009363.196  3221013.863
2022  62  26762 GPS  -2267815.180  5009363.193  3221013.860
2022  62  26763 GPS  -2267815.175  5009363.185  3221013.857
2022  62  26764 GPS  -2267815.171  5009363.174  3221013.853
2022  62  26765 GPS  -2267815.167  5009363.168  3221013.851
2022  62  26766 GPS  -2267815.159  5009363.154  3221013.846
2022  62  26767 GPS  -2267815.157  5009363.147  3221013.844
2022  62  26768 GPS  -2267815.154  5009363.150  3221013.843
2022  62  26769 GPS  -2267815.152  5009363.150  3221013.840
2022  62  26770 GPS  -2267815.148  5009363.144  3221013.831
2022  62  26771 GPS  -2267815.148  5009363.145  3221013.826
2022  62  26772 GPS  -2267815.147  5009363.143  3221013.823
2022  62  26773 GPS  -2267815.148  5009363.151  3221013.826
2022  62  26774 GPS  -2267815.144  5009363.148  3221013.824
2022  62  26775 GPS  -2267815.145  5009363.137  3221013.820
2022  62  26776 GPS  -2267815.147  5009363.126  3221013.820
2022  62  26777 GPS  -2267815.151  5009363.130  3221013.821
2022  62  26778 GPS  -2267815.147  5009363.125  3221013.816
2022  62  26779 GPS  -2267815.152  5009363.130  3221013.821
2022  62  26780 GPS  -2267815.154  5009363.132  3221013.819
2022  62  26781 GPS  -2267815.152  5009363.135  3221013.815
2022  62  26782 GPS  -2267815.157  5009363.145  3221013.819
2022  62  26783 GPS  -2267815.158  5009363.152  3221013.822
2022  62  26784 GPS  -2267815.163  5009363.160  3221013.827
2022  62  26785 GPS  -2267815.169  5009363.168  3221013.835
2022  62  26786 GPS  -2267815.168  5009363.179  3221013.839
2022  62  26787 GPS  -2267815.166  5009363.185  3221013.840
2022  62  26788 GPS  -2267815.168  5009363.194  3221013.841
2022  62  26789 GPS  -2267815.162  5009363.195  3221013.838
2022  62  26790 GPS  -2267815.165  5009363.198  3221013.843
2022  62  26791 GPS  -2267815.162  5009363.199  3221013.847
2022  62  26792 GPS  -2267815.158  5009363.202  3221013.844
2022  62  26793 GPS  -2267815.161  5009363.206  3221013.849
2022  62  26794 GPS  -2267815.157  5009363.217  3221013.855
2022  62  26795 GPS  -2267815.159  5009363.220  3221013.864
2022  62  26796 GPS  -2267815.158  5009363.224  3221013.868
2022  62  26797 GPS  -2267815.152  5009363.217  3221013.864
2022  62  26798 GPS  -2267815.150  5009363.218  3221013.867
2022  62  26799 GPS  -2267815.151  5009363.221  3221013.873
2022  62  26800 GPS  -2267815.151  5009363.221  3221013.877
2022  62  26801 GPS  -2267815.154  5009363.219  3221013.881
2022  62  26802 GPS  -2267815.157  5009363.218  3221013.884
2022  62  26803 GPS  -2267815.157  5009363.215  3221013.888
2022  62  26804 GPS  -2267815.162  5009363.213  3221013.890
2022  62  26805 GPS  -2267815.165  5009363.215  3221013.892
2022  62  26806 GPS  -2267815.170  5009363.221  3221013.895
2022  62  26807 GPS  -2267815.172  5009363.215  3221013.894
2022  62  26808 GPS  -2267815.184  5009363.219  3221013.898
2022  62  26809 GPS  -2267815.193  5009363.218  3221013.898
2022  62  26810 GPS  -2267815.196  5009363.217  3221013.893
2022  62  26811 GPS  -2267815.199  5009363.221  3221013.894
2022  62  26812 GPS  -2267815.202  5009363.223  3221013.888
2022  62  26813 GPS  -2267815.207  5009363.222  3221013.882
2022  62  26814 GPS  -2267815.203  5009363.210  3221013.875
2022  62  26815 GPS  -2267815.205  5009363.204  3221013.871
2022  62  26816 GPS  -2267815.203  5009363.197  3221013.860
2022  62  26817 GPS  -2267815.203  5009363.193  3221013.853
2022  62  26818 GPS  -2267815.203  5009363.184  3221013.847
2022  62  26819 GPS  -2267815.198  5009363.177  3221013.844
2022  62  26820 GPS  -2267815.196  5009363.173  3221013.842
2022  62  26821 GPS  -2267815.194  5009363.166  3221013.837
2022  62  26822 GPS  -2267815.193  5009363.161  3221013.839
2022  62  26823 GPS  -2267815.189  5009363.158  3221013.835
2022  62  26824 GPS  -2267815.187  5009363.155  3221013.833
2022  62  26825 GPS  -2267815.184  5009363.156  3221013.833
2022  62  26826 GPS  -2267815.185  5009363.168  3221013.835
2022  62  26827 GPS  -2267815.184  5009363.172  3221013.834
2022  62  26828 GPS  -2267815.185  5009363.179  3221013.839
2022  62  26829 GPS  -2267815.184  5009363.184  3221013.840
2022  62  26830 GPS  -2267815.189  5009363.193  3221013.844
2022  62  26831 GPS  -2267815.187  5009363.200  3221013.844
2022  62  26832 GPS  -2267815.184  5009363.207  3221013.850
2022  62  26833 GPS  -2267815.184  5009363.213  3221013.854
2022  62  26834 GPS  -2267815.181  5009363.212  3221013.855
2022  62  26835 GPS  -2267815.178  5009363.213  3221013.859
2022  62  26836 GPS  -2267815.175  5009363.216  3221013.855
2022  62  26837 GPS  -2267815.173  5009363.221  3221013.852
2022  62  26838 GPS  -2267815.172  5009363.227  3221013.847
2022  62  26839 GPS  -2267815.171  5009363.230  3221013.845
2022  62  26840 GPS  -2267815.175  5009363.234  3221013.843
2022  62  26841 GPS  -2267815.171  5009363.229  3221013.836
2022  62  26842 GPS  -2267815.171  5009363.235  3221013.831
2022  62  26843 GPS  -2267815.179  5009363.237  3221013.829
2022  62  26844 GPS  -2267815.177  5009363.232  3221013.824
2022  62  26845 GPS  -2267815.173  5009363.224  3221013.819
2022  62  26846 GPS  -2267815.168  5009363.220  3221013.810
2022  62  26847 GPS  -2267815.168  5009363.220  3221013.809
2022  62  26848 GPS  -2267815.159  5009363.216  3221013.800
2022  62  26849 GPS  -2267815.157  5009363.203  3221013.793
2022  62  26850 GPS  -2267815.161  5009363.196  3221013.789
2022  62  26851 GPS  -2267815.160  5009363.190  3221013.788
2022  62  26852 GPS  -2267815.157  5009363.181  3221013.782
2022  62  26853 GPS  -2267815.155  5009363.179  3221013.776
2022  62  26854 GPS  -2267815.152  5009363.169  3221013.773
2022  62  26855 GPS  -2267815.145  5009363.154  3221013.764
2022  62  26856 GPS  -2267815.141  5009363.149  3221013.758
2022  62  26857 GPS  -2267815.130  5009363.136  3221013.751
2022  62  26858 GPS  -2267815.116  5009363.124  3221013.742
2022  62  26859 GPS  -2267815.106  5009363.114  3221013.735
2022  62  26860 GPS  -2267815.107  5009363.102  3221013.733
2022  62  26861 GPS  -2267815.099  5009363.091  3221013.728
2022  62  26862 GPS  -2267815.097  5009363.087  3221013.726
2022  62  26863 GPS  -2267815.094  5009363.087  3221013.726
2022  62  26864 GPS  -2267815.093  5009363.085  3221013.728
2022  62  26865 GPS  -2267815.087  5009363.080  3221013.720
2022  62  26866 GPS  -2267815.080  5009363.070  3221013.712
2022  62  26867 GPS  -2267815.077  5009363.065  3221013.705
2022  62  26868 GPS  -2267815.076  5009363.060  3221013.705
2022  62  26869 GPS  -2267815.077  5009363.058  3221013.705
2022  62  26870 GPS  -2267815.072  5009363.048  3221013.704
2022  62  26871 GPS  -2267815.067  5009363.043  3221013.697
2022  62  26872 GPS  -2267815.061  5009363.034  3221013.688
2022  62  26873 GPS  -2267815.063  5009363.030  3221013.684
2022  62  26874 GPS  -2267815.068  5009363.038  3221013.687
2022  62  26875 GPS  -2267815.075  5009363.046  3221013.692
2022  62  26876 GPS  -2267815.078  5009363.049  3221013.692
2022  62  26877 GPS  -2267815.079  5009363.046  3221013.686
2022  62  26878 GPS  -2267815.071  5009363.040  3221013.675
2022  62  26879 GPS  -2267815.064  5009363.032  3221013.665
2022  62  26880 GPS  -2267815.060  5009363.025  3221013.651
2022  62  26881 GPS  -2267815.060  5009363.023  3221013.648
2022  62  26882 GPS  -2267815.056  5009363.025  3221013.646
2022  62  26883 GPS  -2267815.052  5009363.025  3221013.642
2022  62  26884 GPS  -2267815.051  5009363.021  3221013.635
2022  62  26885 GPS  -2267815.049  5009363.012  3221013.629
2022  62  26886 GPS  -2267815.049  5009362.998  3221013.620
2022  62  26887 GPS  -2267815.048  5009362.991  3221013.619
2022  62  26888 GPS  -2267815.051  5009362.983  3221013.621
2022  62  26889 GPS  -2267815.050  5009362.984  3221013.621
2022  62  26890 GPS  -2267815.048  5009362.986  3221013.625
2022  62  26891 GPS  -2267815.047  5009362.983  3221013.626
2022  62  26892 GPS  -2267815.041  5009362.975  3221013.619
2022  62  26893 GPS  -2267815.032  5009362.971  3221013.618
2022  62  26894 GPS  -2267815.032  5009362.962  3221013.619
2022  62  26895 GPS  -2267815.033  5009362.961  3221013.624
2022  62  26896 GPS  -2267815.032  5009362.953  3221013.621
2022  62  26897 GPS  -2267815.031  5009362.942  3221013.616
2022  62  26898 GPS  -2267815.026  5009362.935  3221013.620
2022  62  26899 GPS  -2267815.028  5009362.934  3221013.619
2022  62  26900 GPS  -2267815.034  5009362.927  3221013.619
2022  62  26901 GPS  -2267815.036  5009362.926  3221013.624
2022  62  26902 GPS  -2267815.043  5009362.931  3221013.627
2022  62  26903 GPS  -2267815.040  5009362.934  3221013.627
2022  62  26904 GPS  -2267815.044  5009362.940  3221013.637
2022  62  26905 GPS  -2267815.044  5009362.941  3221013.640
2022  62  26906 GPS  -2267815.045  5009362.943  3221013.646
2022  62  26907 GPS  -2267815.043  5009362.938  3221013.650
2022  62  26908 GPS  -2267815.043  5009362.937  3221013.655
2022  62  26909 GPS  -2267814.789  5009362.634  3221013.352
2022  62  26910 GPS  -2267814.792  5009362.635  3221013.356
2022  62  26911 GPS  -2267814.793  5009362.634  3221013.365
2022  62  26912 GPS  -2267814.791  5009362.621  3221013.369
2022  62  26913 GPS  -2267814.789  5009362.619  3221013.370
2022  62  26914 GPS  -2267814.788  5009362.605  3221013.371
2022  62  26915 GPS  -2267814.785  5009362.601  3221013.372
2022  62  26916 GPS  -2267814.787  5009362.598  3221013.373
2022  62  26917 GPS  -2267814.789  5009362.597  3221013.372
2022  62  26918 GPS  -2267814.793  5009362.597  3221013.371
2022  62  26919 GPS  -2267814.796  5009362.601  3221013.374
2022  62  26920 GPS  -2267814.801  5009362.609  3221013.371
2022  62  26921 GPS  -2267814.799  5009362.600  3221013.364
2022  62  26922 GPS  -2267814.803  5009362.596  3221013.367
2022  62  26923 GPS  -2267814.799  5009362.586  3221013.364
2022  62  26924 GPS  -2267814.797  5009362.577  3221013.361
2022  62  26925 GPS  -2267814.795  5009362.571  3221013.358
2022  62  26926 GPS  -2267814.796  5009362.560  3221013.356
2022  62  26927 GPS  -2267814.799  5009362.552  3221013.351
2022  62  26928 GPS  -2267814.800  5009362.538  3221013.346
2022  62  26929 GPS  -2267814.802  5009362.527  3221013.343
2022  62  26930 GPS  -2267814.800  5009362.504  3221013.332
2022  62  26931 GPS  -2267814.799  5009362.487  3221013.322
2022  62  26932 GPS  -2267814.793  5009362.470  3221013.311
2022  62  26933 GPS  -2267814.788  5009362.454  3221013.302
2022  62  26934 GPS  -2267814.783  5009362.435  3221013.290
2022  62  26935 GPS  -2267814.787  5009362.429  3221013.287
2022  62  26936 GPS  -2267814.786  5009362.429  3221013.284
2022  62  26937 GPS  -2267814.786  5009362.424  3221013.282
2022  62  26938 GPS  -2267814.788  5009362.420  3221013.278
2022  62  26939 GPS  -2267814.789  5009362.414  3221013.270
2022  62  26940 GPS  -2267814.783  5009362.408  3221013.263
2022  62  26941 GPS  -2267814.778  5009362.407  3221013.260
2022  62  26942 GPS  -2267814.779  5009362.404  3221013.257
2022  62  26943 GPS  -2267814.780  5009362.402  3221013.247
2022  62  26944 GPS  -2267814.776  5009362.402  3221013.238
2022  62  26945 GPS  -2267814.777  5009362.394  3221013.229
2022  62  26946 GPS  -2267814.782  5009362.387  3221013.229
2022  62  26947 GPS  -2267814.784  5009362.384  3221013.223
2022  62  26948 GPS  -2267814.783  5009362.378  3221013.218
2022  62  26949 GPS  -2267814.784  5009362.369  3221013.214
2022  62  26950 GPS  -2267814.786  5009362.368  3221013.208
2022  62  26951 GPS  -2267814.785  5009362.363  3221013.199
2022  62  26952 GPS  -2267814.783  5009362.358  3221013.193
2022  62  26953 GPS  -2267814.779  5009362.349  3221013.185
2022  62  26954 GPS  -2267814.774  5009362.344  3221013.180
2022  62  26955 GPS  -2267814.774  5009362.340  3221013.182
2022  62  26956 GPS  -2267814.774  5009362.339  3221013.179
2022  62  26957 GPS  -2267814.772  5009362.344  3221013.178
2022  62  26958 GPS  -2267814.771  5009362.347  3221013.178
2022  62  26959 GPS  -2267814.767  5009362.352  3221013.174
2022  62  26960 GPS  -2267814.762  5009362.366  3221013.176
2022  62  26961 GPS  -2267814.756  5009362.374  3221013.174
2022  62  26962 GPS  -2267814.753  5009362.377  3221013.173
2022  62  26963 GPS  -2267814.750  5009362.376  3221013.172
2022  62  26964 GPS  -2267814.743  5009362.362  3221013.160
2022  62  26965 GPS  -2267814.737  5009362.356  3221013.157
2022  62  26966 GPS  -2267814.730  5009362.351  3221013.152
2022  62  26967 GPS  -2267814.728  5009362.347  3221013.149
2022  62  26968 GPS  -2267814.724  5009362.337  3221013.141
2022  62  26969 GPS  -2267814.722  5009362.328  3221013.132
2022  62  26970 GPS  -2267814.715  5009362.315  3221013.126
2022  62  26971 GPS  -2267814.712  5009362.307  3221013.124
2022  62  26972 GPS  -2267814.713  5009362.307  3221013.123
2022  62  26973 GPS  -2267814.710  5009362.298  3221013.113
2022  62  26974 GPS  -2267814.704  5009362.290  3221013.105
2022  62  26975 GPS  -2267814.699  5009362.281  3221013.095
2022  62  26976 GPS  -2267814.698  5009362.279  3221013.092
2022  62  26977 GPS  -2267814.699  5009362.272  3221013.089
2022  62  26978 GPS  -2267814.720  5009362.292  3221013.099
2022  62  26979 GPS  -2267814.716  5009362.288  3221013.093
2022  62  26980 GPS  -2267814.708  5009362.284  3221013.089
2022  62  26981 GPS  -2267814.699  5009362.272  3221013.080
2022  62  26982 GPS  -2267814.696  5009362.266  3221013.076
2022  62  26983 GPS  -2267814.693  5009362.254  3221013.067
2022  62  26984 GPS  -2267814.689  5009362.246  3221013.061
2022  62  26985 GPS  -2267814.684  5009362.233  3221013.054
2022  62  26986 GPS  -2267814.681  5009362.229  3221013.047
2022  62  26987 GPS  -2267814.680  5009362.224  3221013.040
2022  62  26988 GPS  -2267814.675  5009362.214  3221013.033
2022  62  26989 GPS  -2267814.674  5009362.213  3221013.035
2022  62  26990 GPS  -2267814.669  5009362.206  3221013.029
2022  62  26991 GPS  -2267814.661  5009362.193  3221013.025
2022  62  26992 GPS  -2267814.660  5009362.185  3221013.025
2022  62  26993 GPS  -2267814.652  5009362.163  3221013.015
2022  62  26994 GPS  -2267814.652  5009362.158  3221013.015
2022  62  26995 GPS  -2267814.651  5009362.154  3221013.016
2022  62  26996 GPS  -2267814.650  5009362.143  3221013.014
2022  62  26997 GPS  -2267814.649  5009362.124  3221013.010
2022  62  26998 GPS  -2267814.648  5009362.118  3221013.012
2022  62  26999 GPS  -2267814.646  5009362.123  3221013.017
2022  62  27000 GPS  -2267814.652  5009362.125  3221013.017
2022  62  27001 GPS  -2267814.659  5009362.126  3221013.025
2022  62  27002 GPS  -2267814.670  5009362.132  3221013.030
2022  62  27003 GPS  -2267814.672  5009362.136  3221013.030
2022  62  27004 GPS  -2267814.669  5009362.135  3221013.032
2022  62  27005 GPS  -2267814.670  5009362.133  3221013.034
2022  62  27006 GPS  -2267814.676  5009362.134  3221013.032
2022  62  27007 GPS  -2267814.679  5009362.136  3221013.035
2022  62  27008 GPS  -2267814.684  5009362.136  3221013.037
2022  62  27009 GPS  -2267814.686  5009362.137  3221013.038
2022  62  27010 GPS  -2267814.689  5009362.139  3221013.043
2022  62  27011 GPS  -2267814.692  5009362.148  3221013.044
2022  62  27012 GPS  -2267814.693  5009362.153  3221013.049
2022  62  27013 GPS  -2267814.693  5009362.154  3221013.050
2022  62  27014 GPS  -2267814.691  5009362.142  3221013.052
2022  62  27015 GPS  -2267814.692  5009362.139  3221013.051
2022  62  27016 GPS  -2267814.695  5009362.144  3221013.055
2022  62  27017 GPS  -2267814.694  5009362.147  3221013.054
2022  62  27018 GPS  -2267814.691  5009362.143  3221013.048
2022  62  27019 GPS  -2267814.694  5009362.147  3221013.055
2022  62  27020 GPS  -2267814.699  5009362.149  3221013.056
2022  62  27021 GPS  -2267814.705  5009362.145  3221013.058
2022  62  27022 GPS  -2267814.706  5009362.140  3221013.053
2022  62  27023 GPS  -2267814.697  5009362.129  3221013.048
2022  62  27024 GPS  -2267814.693  5009362.122  3221013.041
2022  62  27025 GPS  -2267814.696  5009362.118  3221013.042
2022  62  27026 GPS  -2267814.694  5009362.106  3221013.037
2022  62  27027 GPS  -2267814.692  5009362.104  3221013.036
2022  62  27028 GPS  -2267814.688  5009362.098  3221013.032
2022  62  27029 GPS  -2267814.686  5009362.098  3221013.029
2022  62  27030 GPS  -2267814.688  5009362.097  3221013.025
2022  62  27031 GPS  -2267814.685  5009362.090  3221013.018
2022  62  27032 GPS  -2267814.684  5009362.074  3221013.008
2022  62  27033 GPS  -2267814.683  5009362.071  3221013.004
2022  62  27034 GPS  -2267814.675  5009362.060  3221012.998
2022  62  27035 GPS  -2267814.668  5009362.054  3221012.989
2022  62  27036 GPS  -2267814.673  5009362.054  3221012.987
2022  62  27037 GPS  -2267814.675  5009362.052  3221012.983
2022  62  27038 GPS  -2267814.669  5009362.048  3221012.982
2022  62  27039 GPS  -2267814.664  5009362.037  3221012.977
2022  62  27040 GPS  -2267814.664  5009362.032  3221012.975
2022  62  27041 GPS  -2267814.665  5009362.030  3221012.976
2022  62  27042 GPS  -2267814.664  5009362.032  3221012.973
2022  62  27043 GPS  -2267814.662  5009362.029  3221012.968
2022  62  27044 GPS  -2267814.657  5009362.023  3221012.960
2022  62  27045 GPS  -2267814.652  5009362.011  3221012.957
2022  62  27046 GPS  -2267814.648  5009362.003  3221012.955
2022  62  27047 GPS  -2267814.640  5009361.994  3221012.947
2022  62  27048 GPS  -2267814.636  5009361.987  3221012.939
2022  62  27049 GPS  -2267814.632  5009361.980  3221012.934
2022  62  27050 GPS  -2267814.630  5009361.979  3221012.928
2022  62  27051 GPS  -2267814.625  5009361.982  3221012.925
2022  62  27052 GPS  -2267814.623  5009361.995  3221012.925
2022  62  27053 GPS  -2267814.621  5009362.002  3221012.923
2022  62  27054 GPS  -2267814.619  5009362.005  3221012.922
2022  62  27055 GPS  -2267814.619  5009362.009  3221012.921
2022  62  27056 GPS  -2267814.612  5009362.010  3221012.913
2022  62  27057 GPS  -2267814.605  5009361.999  3221012.907
2022  62  27058 GPS  -2267814.602  5009361.991  3221012.905
2022  62  27059 GPS  -2267814.604  5009361.992  3221012.903
2022  62  27060 GPS  -2267814.605  5009361.991  3221012.900
2022  62  27061 GPS  -2267814.600  5009361.984  3221012.895
2022  62  27062 GPS  -2267814.593  5009361.968  3221012.887
2022  62  27063 GPS  -2267814.587  5009361.965  3221012.888
2022  62  27064 GPS  -2267814.582  5009361.957  3221012.885
2022  62  27065 GPS  -2267814.582  5009361.941  3221012.879
2022  62  27066 GPS  -2267814.580  5009361.930  3221012.880
2022  62  27067 GPS  -2267814.575  5009361.923  3221012.876
2022  62  27068 GPS  -2267814.574  5009361.913  3221012.870
2022  62  27069 GPS  -2267814.574  5009361.902  3221012.865
2022  62  27070 GPS  -2267814.578  5009361.900  3221012.866
2022  62  27071 GPS  -2267814.589  5009361.910  3221012.877
2022  62  27072 GPS  -2267814.596  5009361.910  3221012.881
2022  62  27073 GPS  -2267814.601  5009361.908  3221012.882
2022  62  27074 GPS  -2267814.604  5009361.909  3221012.879
2022  62  27075 GPS  -2267814.608  5009361.914  3221012.879
2022  62  27076 GPS  -2267814.616  5009361.922  3221012.883
2022  62  27077 GPS  -2267814.625  5009361.923  3221012.888
2022  62  27078 GPS  -2267814.633  5009361.925  3221012.891
2022  62  27079 GPS  -2267814.634  5009361.928  3221012.891
2022  62  27080 GPS  -2267814.634  5009361.930  3221012.888
2022  62  27081 GPS  -2267814.633  5009361.936  3221012.887
2022  62  27082 GPS  -2267814.639  5009361.944  3221012.889
2022  62  27083 GPS  -2267814.641  5009361.942  3221012.888
2022  62  27084 GPS  -2267814.638  5009361.941  3221012.882
2022  62  27085 GPS  -2267814.638  5009361.940  3221012.883
2022  62  27086 GPS  -2267814.639  5009361.946  3221012.881
2022  62  27087 GPS  -2267814.628  5009361.945  3221012.873
2022  62  27088 GPS  -2267814.626  5009361.941  3221012.869
2022  62  27089 GPS  -2267814.628  5009361.942  3221012.861
2022  62  27090 GPS  -2267814.614  5009361.932  3221012.851
2022  62  27091 GPS  -2267814.601  5009361.915  3221012.835
2022  62  27092 GPS  -2267814.590  5009361.904  3221012.820
2022  62  27093 GPS  -2267814.580  5009361.897  3221012.808
2022  62  27094 GPS  -2267814.568  5009361.881  3221012.795
2022  62  27095 GPS  -2267814.558  5009361.866  3221012.783
2022  62  27096 GPS  -2267814.548  5009361.857  3221012.774
2022  62  27097 GPS  -2267814.540  5009361.854  3221012.768
2022  62  27098 GPS  -2267814.537  5009361.851  3221012.759
2022  62  27099 GPS  -2267814.536  5009361.852  3221012.751
2022  62  27100 GPS  -2267814.535  5009361.850  3221012.747
2022  62  27101 GPS  -2267814.530  5009361.840  3221012.739
2022  62  27102 GPS  -2267814.527  5009361.836  3221012.733
2022  62  27103 GPS  -2267814.522  5009361.836  3221012.723
2022  62  27104 GPS  -2267814.524  5009361.837  3221012.719
2022  62  27105 GPS  -2267814.525  5009361.844  3221012.719
2022  62  27106 GPS  -2267814.529  5009361.849  3221012.719
2022  62  27107 GPS  -2267814.534  5009361.849  3221012.716
2022  62  27108 GPS  -2267814.536  5009361.851  3221012.712
2022  62  27109 GPS  -2267814.534  5009361.851  3221012.710
2022  62  27110 GPS  -2267814.534  5009361.846  3221012.703
2022  62  27111 GPS  -2267814.536  5009361.845  3221012.703
2022  62  27112 GPS  -2267814.541  5009361.840  3221012.704
2022  62  27113 GPS  -2267814.547  5009361.842  3221012.708
2022  62  27114 GPS  -2267814.550  5009361.843  3221012.705
2022  62  27115 GPS  -2267814.549  5009361.842  3221012.704
2022  62  27116 GPS  -2267814.546  5009361.835  3221012.699
2022  62  27117 GPS  -2267814.549  5009361.828  3221012.692
2022  62  27118 GPS  -2267814.550  5009361.819  3221012.684
2022  62  27119 GPS  -2267814.546  5009361.808  3221012.676
2022  62  27120 GPS  -2267814.543  5009361.802  3221012.669
2022  62  27121 GPS  -2267814.538  5009361.792  3221012.662
2022  62  27122 GPS  -2267814.533  5009361.779  3221012.653
2022  62  27123 GPS  -2267814.524  5009361.759  3221012.645
2022  62  27124 GPS  -2267814.518  5009361.744  3221012.636
2022  62  27125 GPS  -2267814.512  5009361.726  3221012.630
2022  62  27126 GPS  -2267814.500  5009361.707  3221012.618
2022  62  27127 GPS  -2267814.491  5009361.699  3221012.616
2022  62  27128 GPS  -2267814.479  5009361.682  3221012.606
2022  62  27129 GPS  -2267814.471  5009361.678  3221012.603
2022  62  27130 GPS  -2267814.463  5009361.666  3221012.597
2022  62  27131 GPS  -2267814.457  5009361.660  3221012.600
2022  62  27132 GPS  -2267814.451  5009361.653  3221012.599
2022  62  27133 GPS  -2267814.444  5009361.644  3221012.591
2022  62  27134 GPS  -2267814.436  5009361.639  3221012.586
2022  62  27135 GPS  -2267814.427  5009361.626  3221012.576
2022  62  27136 GPS  -2267814.428  5009361.625  3221012.570
2022  62  27137 GPS  -2267814.427  5009361.626  3221012.565
2022  62  27138 GPS  -2267814.422  5009361.631  3221012.561
2022  62  27139 GPS  -2267814.418  5009361.633  3221012.560
2022  62  27140 GPS  -2267814.414  5009361.629  3221012.557
2022  62  27141 GPS  -2267814.413  5009361.624  3221012.555
2022  62  27142 GPS  -2267814.411  5009361.618  3221012.552
2022  62  27143 GPS  -2267814.407  5009361.610  3221012.547
2022  62  27144 GPS  -2267814.399  5009361.595  3221012.538
2022  62  27145 GPS  -2267814.398  5009361.593  3221012.536
2022  62  27146 GPS  -2267814.397  5009361.592  3221012.532
2022  62  27147 GPS  -2267814.405  5009361.600  3221012.535
2022  62  27148 GPS  -2267814.412  5009361.600  3221012.535
2022  62  27149 GPS  -2267814.416  5009361.600  3221012.533
2022  62  27150 GPS  -2267814.421  5009361.600  3221012.532
2022  62  27151 GPS  -2267814.425  5009361.600  3221012.534
2022  62  27152 GPS  -2267814.423  5009361.594  3221012.534
2022  62  27153 GPS  -2267814.423  5009361.579  3221012.529
2022  62  27154 GPS  -2267814.418  5009361.569  3221012.527
2022  62  27155 GPS  -2267814.413  5009361.556  3221012.521
2022  62  27156 GPS  -2267814.412  5009361.543  3221012.515
2022  62  27157 GPS  -2267814.409  5009361.530  3221012.511
2022  62  27158 GPS  -2267814.402  5009361.516  3221012.502
2022  62  27159 GPS  -2267814.399  5009361.509  3221012.497
2022  62  27160 GPS  -2267814.392  5009361.510  3221012.489
2022  62  27161 GPS  -2267814.381  5009361.505  3221012.479
2022  62  27162 GPS  -2267814.375  5009361.502  3221012.471
2022  62  27163 GPS  -2267814.376  5009361.506  3221012.474
2022  62  27164 GPS  -2267814.372  5009361.500  3221012.472
2022  62  27165 GPS  -2267814.370  5009361.501  3221012.467
2022  62  27166 GPS  -2267814.367  5009361.501  3221012.461
2022  62  27167 GPS  -2267814.364  5009361.503  3221012.458
2022  62  27168 GPS  -2267814.363  5009361.513  3221012.457
2022  62  27169 GPS  -2267814.365  5009361.522  3221012.455
2022  62  27170 GPS  -2267814.371  5009361.537  3221012.457
2022  62  27171 GPS  -2267814.372  5009361.541  3221012.455
2022  62  27172 GPS  -2267814.374  5009361.540  3221012.455
2022  62  27173 GPS  -2267814.378  5009361.540  3221012.459
2022  62  27174 GPS  -2267814.379  5009361.535  3221012.457
2022  62  27175 GPS  -2267814.374  5009361.525  3221012.449
2022  62  27176 GPS  -2267814.364  5009361.508  3221012.441
2022  62  27177 GPS  -2267814.360  5009361.499  3221012.430
2022  62  27178 GPS  -2267814.351  5009361.495  3221012.425
2022  62  27179 GPS  -2267814.352  5009361.491  3221012.420
2022  62  27180 GPS  -2267814.351  5009361.490  3221012.416
2022  62  27181 GPS  -2267814.353  5009361.495  3221012.419
2022  62  27182 GPS  -2267814.354  5009361.499  3221012.420
2022  62  27183 GPS  -2267814.354  5009361.502  3221012.419
2022  62  27184 GPS  -2267814.347  5009361.498  3221012.415
2022  62  27185 GPS  -2267814.344  5009361.503  3221012.417
2022  62  27186 GPS  -2267814.346  5009361.508  3221012.419
2022  62  27187 GPS  -2267814.343  5009361.512  3221012.416
2022  62  27188 GPS  -2267814.336  5009361.512  3221012.411
2022  62  27189 GPS  -2267814.334  5009361.509  3221012.402
2022  62  27190 GPS  -2267814.332  5009361.519  3221012.403
2022  62  27191 GPS  -2267814.332  5009361.516  3221012.400
2022  62  27192 GPS  -2267814.329  5009361.513  3221012.396
2022  62  27193 GPS  -2267814.325  5009361.511  3221012.399
2022  62  27194 GPS  -2267814.329  5009361.512  3221012.405
2022  62  27195 GPS  -2267814.332  5009361.508  3221012.404
2022  62  27196 GPS  -2267814.334  5009361.508  3221012.403
2022  62  27197 GPS  -2267814.332  5009361.503  3221012.402
2022  62  27198 GPS  -2267814.330  5009361.499  3221012.403
2022  62  27199 GPS  -2267814.330  5009361.490  3221012.399
2022  62  27200 GPS  -2267814.331  5009361.482  3221012.394
2022  62  27201 GPS  -2267814.330  5009361.465  3221012.391
2022  62  27202 GPS  -2267814.327  5009361.451  3221012.388
2022  62  27203 GPS  -2267814.322  5009361.435  3221012.380
2022  62  27204 GPS  -2267814.313  5009361.417  3221012.371
2022  62  27205 GPS  -2267814.306  5009361.403  3221012.367
2022  62  27206 GPS  -2267814.302  5009361.389  3221012.361
2022  62  27207 GPS  -2267814.292  5009361.372  3221012.357
2022  62  27208 GPS  -2267814.283  5009361.363  3221012.355
2022  62  27209 GPS  -2267814.276  5009361.357  3221012.356
2022  62  27210 GPS  -2267814.267  5009361.351  3221012.353
2022  62  27211 GPS  -2267814.260  5009361.344  3221012.353
2022  62  27212 GPS  -2267814.259  5009361.340  3221012.356
2022  62  27213 GPS  -2267814.261  5009361.337  3221012.361
2022  62  27214 GPS  -2267814.259  5009361.337  3221012.364
2022  62  27215 GPS  -2267814.258  5009361.344  3221012.370
2022  62  27216 GPS  -2267814.258  5009361.345  3221012.372
2022  62  27217 GPS  -2267814.248  5009361.336  3221012.371
2022  62  27218 GPS  -2267814.249  5009361.338  3221012.378
2022  62  27219 GPS  -2267814.254  5009361.339  3221012.382
2022  62  27220 GPS  -2267814.258  5009361.337  3221012.384
2022  62  27221 GPS  -2267814.265  5009361.335  3221012.389
2022  62  27222 GPS  -2267814.268  5009361.335  3221012.395
2022  62  27223 GPS  -2267814.267  5009361.333  3221012.395
2022  62  27224 GPS  -2267814.262  5009361.326  3221012.392
2022  62  27225 GPS  -2267814.258  5009361.329  3221012.390
2022  62  27226 GPS  -2267814.256  5009361.331  3221012.389
2022  62  27227 GPS  -2267814.252  5009361.328  3221012.388
2022  62  27228 GPS  -2267814.242  5009361.323  3221012.388
2022  62  27229 GPS  -2267814.234  5009361.318  3221012.389
2022  62  27230 GPS  -2267814.231  5009361.314  3221012.389
2022  62  27231 GPS  -2267814.232  5009361.313  3221012.393
2022  62  27232 GPS  -2267814.230  5009361.310  3221012.392
2022  62  27233 GPS  -2267814.223  5009361.300  3221012.390
2022  62  27234 GPS  -2267814.214  5009361.294  3221012.389
2022  62  27235 GPS  -2267814.204  5009361.285  3221012.379
2022  62  27236 GPS  -2267814.197  5009361.276  3221012.377
2022  62  27237 GPS  -2267814.192  5009361.263  3221012.370
2022  62  27238 GPS  -2267814.187  5009361.252  3221012.371
2022  62  27239 GPS  -2267814.181  5009361.247  3221012.368
2022  62  27240 GPS  -2267814.175  5009361.242  3221012.364
2022  62  27241 GPS  -2267814.174  5009361.243  3221012.361
2022  62  27242 GPS  -2267814.170  5009361.243  3221012.351
2022  62  27243 GPS  -2267814.165  5009361.244  3221012.343
2022  62  27244 GPS  -2267814.168  5009361.256  3221012.343
2022  62  27245 GPS  -2267814.176  5009361.265  3221012.344
2022  62  27246 GPS  -2267814.179  5009361.269  3221012.338
2022  62  27247 GPS  -2267814.174  5009361.265  3221012.328
2022  62  27248 GPS  -2267814.175  5009361.271  3221012.326
2022  62  27249 GPS  -2267814.171  5009361.264  3221012.315
2022  62  27250 GPS  -2267814.161  5009361.250  3221012.296
2022  62  27251 GPS  -2267814.155  5009361.242  3221012.281
2022  62  27252 GPS  -2267814.144  5009361.236  3221012.267
2022  62  27253 GPS  -2267814.141  5009361.232  3221012.258
2022  62  27254 GPS  -2267814.135  5009361.229  3221012.253
2022  62  27255 GPS  -2267814.138  5009361.230  3221012.252
2022  62  27256 GPS  -2267814.142  5009361.230  3221012.250
2022  62  27257 GPS  -2267814.148  5009361.221  3221012.252
2022  62  27258 GPS  -2267814.143  5009361.198  3221012.237
2022  62  27259 GPS  -2267814.139  5009361.185  3221012.229
2022  62  27260 GPS  -2267814.136  5009361.175  3221012.222
2022  62  27261 GPS  -2267814.127  5009361.167  3221012.216
2022  62  27262 GPS  -2267814.124  5009361.152  3221012.206
2022  62  27263 GPS  -2267814.119  5009361.145  3221012.194
2022  62  27264 GPS  -2267814.112  5009361.127  3221012.176
2022  62  27265 GPS  -2267814.107  5009361.109  3221012.164
2022  62  27266 GPS  -2267814.106  5009361.104  3221012.158
2022  62  27267 GPS  -2267814.106  5009361.096  3221012.153
2022  62  27268 GPS  -2267814.102  5009361.085  3221012.150
2022  62  27269 GPS  -2267814.103  5009361.076  3221012.148
2022  62  27270 GPS  -2267814.105  5009361.065  3221012.138
2022  62  27271 GPS  -2267814.106  5009361.062  3221012.130
2022  62  27272 GPS  -2267814.099  5009361.050  3221012.117
2022  62  27273 GPS  -2267814.087  5009361.041  3221012.102
2022  62  27274 GPS  -2267814.078  5009361.026  3221012.085
2022  62  27275 GPS  -2267814.071  5009361.019  3221012.076
2022  62  27276 GPS  -2267814.060  5009361.006  3221012.067
2022  62  27277 GPS  -2267814.053  5009360.999  3221012.061
2022  62  27278 GPS  -2267814.044  5009360.992  3221012.054
2022  62  27279 GPS  -2267814.040  5009360.990  3221012.048
2022  62  27280 GPS  -2267814.037  5009360.989  3221012.042
2022  62  27281 GPS  -2267814.031  5009360.978  3221012.031
2022  62  27282 GPS  -2267814.024  5009360.965  3221012.024
2022  62  27283 GPS  -2267814.011  5009360.945  3221012.010
2022  62  27284 GPS  -2267814.008  5009360.930  3221012.001
2022  62  27285 GPS  -2267813.999  5009360.910  3221011.986
2022  62  27286 GPS  -2267813.996  5009360.893  3221011.974
2022  62  27287 GPS  -2267813.991  5009360.879  3221011.966
2022  62  27288 GPS  -2267813.987  5009360.866  3221011.961
2022  62  27289 GPS  -2267813.993  5009360.866  3221011.961
2022  62  27290 GPS  -2267813.986  5009360.856  3221011.957
2022  62  27291 GPS  -2267813.983  5009360.846  3221011.947
2022  62  27292 GPS  -2267813.977  5009360.838  3221011.939
2022  62  27293 GPS  -2267813.974  5009360.828  3221011.933
2022  62  27294 GPS  -2267813.973  5009360.824  3221011.928
2022  62  27295 GPS  -2267813.963  5009360.815  3221011.919
2022  62  27296 GPS  -2267813.961  5009360.815  3221011.922
2022  62  27297 GPS  -2267813.957  5009360.815  3221011.917
2022  62  27298 GPS  -2267813.954  5009360.810  3221011.909
2022  62  27299 GPS  -2267813.945  5009360.800  3221011.899
2022  62  27300 GPS  -2267813.941  5009360.805  3221011.890
2022  62  27301 GPS  -2267813.944  5009360.820  3221011.893
2022  62  27302 GPS  -2267813.946  5009360.835  3221011.896
2022  62  27303 GPS  -2267813.947  5009360.848  3221011.900
2022  62  27304 GPS  -2267813.947  5009360.856  3221011.905
2022  62  27305 GPS  -2267813.947  5009360.866  3221011.905
2022  62  27306 GPS  -2267813.945  5009360.865  3221011.903
2022  62  27307 GPS  -2267813.947  5009360.870  3221011.906
2022  62  27308 GPS  -2267813.951  5009360.883  3221011.911
2022  62  27309 GPS  -2267813.951  5009360.881  3221011.908
2022  62  27310 GPS  -2267813.949  5009360.872  3221011.902
2022  62  27311 GPS  -2267813.943  5009360.864  3221011.897
2022  62  27312 GPS  -2267813.950  5009360.864  3221011.894
2022  62  27313 GPS  -2267813.953  5009360.859  3221011.886
2022  62  27314 GPS  -2267813.955  5009360.851  3221011.876
2022  62  27315 GPS  -2267813.956  5009360.844  3221011.870
2022  62  27316 GPS  -2267813.960  5009360.848  3221011.869
2022  62  27317 GPS  -2267813.955  5009360.839  3221011.860
2022  62  27318 GPS  -2267813.952  5009360.830  3221011.853
2022  62  27319 GPS  -2267813.952  5009360.830  3221011.856
2022  62  27320 GPS  -2267813.947  5009360.822  3221011.853
2022  62  27321 GPS  -2267813.941  5009360.809  3221011.845
2022  62  27322 GPS  -2267813.941  5009360.807  3221011.840
2022  62  27323 GPS  -2267813.939  5009360.793  3221011.830
2022  62  27324 GPS  -2267813.932  5009360.780  3221011.818
2022  62  27325 GPS  -2267813.931  5009360.776  3221011.811
2022  62  27326 GPS  -2267813.936  5009360.771  3221011.807
2022  62  27327 GPS  -2267813.933  5009360.761  3221011.800
2022  62  27328 GPS  -2267813.935  5009360.756  3221011.795
2022  62  27329 GPS  -2267813.937  5009360.754  3221011.793
2022  62  27330 GPS  -2267813.937  5009360.749  3221011.790
2022  62  27331 GPS  -2267813.935  5009360.737  3221011.786
2022  62  27332 GPS  -2267813.926  5009360.718  3221011.775
2022  62  27333 GPS  -2267813.918  5009360.698  3221011.760
2022  62  27334 GPS  -2267813.915  5009360.688  3221011.752
2022  62  27335 GPS  -2267813.911  5009360.684  3221011.744
2022  62  27336 GPS  -2267813.910  5009360.681  3221011.729
2022  62  27337 GPS  -2267813.906  5009360.678  3221011.722
2022  62  27338 GPS  -2267813.903  5009360.670  3221011.707
2022  62  27339 GPS  -2267813.898  5009360.667  3221011.700
2022  62  27340 GPS  -2267813.897  5009360.665  3221011.693
2022  62  27341 GPS  -2267813.896  5009360.664  3221011.681
2022  62  27342 GPS  -2267813.899  5009360.667  3221011.675
2022  62  27343 GPS  -2267813.899  5009360.668  3221011.666
2022  62  27344 GPS  -2267813.890  5009360.660  3221011.650
2022  62  27345 GPS  -2267813.886  5009360.663  3221011.643
2022  62  27346 GPS  -2267813.888  5009360.662  3221011.640
2022  62  27347 GPS  -2267813.884  5009360.656  3221011.632
2022  62  27348 GPS  -2267813.876  5009360.651  3221011.626
2022  62  27349 GPS  -2267813.873  5009360.655  3221011.619
2022  62  27350 GPS  -2267813.868  5009360.655  3221011.615
2022  62  27351 GPS  -2267813.870  5009360.670  3221011.616
2022  62  27352 GPS  -2267813.861  5009360.675  3221011.611
2022  62  27353 GPS  -2267813.854  5009360.677  3221011.612
2022  62  27354 GPS  -2267813.845  5009360.673  3221011.604
2022  62  27355 GPS  -2267813.837  5009360.668  3221011.602
2022  62  27356 GPS  -2267813.826  5009360.666  3221011.600
2022  62  27357 GPS  -2267813.821  5009360.675  3221011.599
2022  62  27358 GPS  -2267813.819  5009360.681  3221011.603
2022  62  27359 GPS  -2267813.818  5009360.695  3221011.607
2022  62  27360 GPS  -2267813.815  5009360.703  3221011.611
2022  62  27361 GPS  -2267813.815  5009360.706  3221011.615
2022  62  27362 GPS  -2267813.813  5009360.706  3221011.621
2022  62  27363 GPS  -2267813.818  5009360.712  3221011.630
2022  62  27364 GPS  -2267813.824  5009360.722  3221011.639
2022  62  27365 GPS  -2267813.828  5009360.719  3221011.642
2022  62  27366 GPS  -2267813.831  5009360.716  3221011.648
2022  62  27367 GPS  -2267813.836  5009360.721  3221011.656
2022  62  27368 GPS  -2267813.835  5009360.727  3221011.660
2022  62  27369 GPS  -2267813.837  5009360.734  3221011.668
2022  62  27370 GPS  -2267813.835  5009360.744  3221011.676
2022  62  27371 GPS  -2267813.844  5009360.747  3221011.682
2022  62  27372 GPS  -2267813.849  5009360.755  3221011.692
2022  62  27373 GPS  -2267813.850  5009360.769  3221011.703
2022  62  27374 GPS  -2267813.850  5009360.778  3221011.712
2022  62  27375 GPS  -2267813.847  5009360.773  3221011.714
2022  62  27376 GPS  -2267813.841  5009360.772  3221011.714
2022  62  27377 GPS  -2267813.839  5009360.769  3221011.712
2022  62  27378 GPS  -2267813.842  5009360.767  3221011.715
2022  62  27379 GPS  -2267813.839  5009360.756  3221011.709
2022  62  27380 GPS  -2267813.836  5009360.740  3221011.708
2022  62  27381 GPS  -2267813.832  5009360.735  3221011.704
2022  62  27382 GPS  -2267813.827  5009360.726  3221011.704
2022  62  27383 GPS  -2267813.823  5009360.723  3221011.703
2022  62  27384 GPS  -2267813.817  5009360.725  3221011.702
2022  62  27385 GPS  -2267813.810  5009360.716  3221011.699
2022  62  27386 GPS  -2267813.800  5009360.699  3221011.691
2022  62  27387 GPS  -2267813.796  5009360.686  3221011.687
2022  62  27388 GPS  -2267813.790  5009360.678  3221011.679
2022  62  27389 GPS  -2267813.787  5009360.669  3221011.673
2022  62  27390 GPS  -2267813.785  5009360.662  3221011.665
2022  62  27391 GPS  -2267813.780  5009360.653  3221011.654
2022  62  27392 GPS  -2267813.774  5009360.643  3221011.637
2022  62  27393 GPS  -2267813.771  5009360.641  3221011.626
2022  62  27394 GPS  -2267813.767  5009360.635  3221011.617
2022  62  27395 GPS  -2267813.758  5009360.631  3221011.610
2022  62  27396 GPS  -2267813.752  5009360.627  3221011.601
2022  62  27397 GPS  -2267813.748  5009360.627  3221011.600
2022  62  27398 GPS  -2267813.738  5009360.617  3221011.591
2022  62  27399 GPS  -2267813.735  5009360.610  3221011.581
2022  62  27400 GPS  -2267813.722  5009360.611  3221011.572
2022  62  27401 GPS  -2267813.711  5009360.608  3221011.557
2022  62  27402 GPS  -2267813.704  5009360.607  3221011.546
2022  62  27403 GPS  -2267813.701  5009360.607  3221011.536
2022  62  27404 GPS  -2267813.695  5009360.604  3221011.525
2022  62  27405 GPS  -2267813.694  5009360.613  3221011.525
2022  62  27406 GPS  -2267813.691  5009360.622  3221011.521
2022  62  27407 GPS  -2267813.685  5009360.620  3221011.516
2022  62  27408 GPS  -2267813.684  5009360.618  3221011.511
2022  62  27409 GPS  -2267813.678  5009360.610  3221011.501
2022  62  27410 GPS  -2267813.676  5009360.611  3221011.496
2022  62  27411 GPS  -2267813.674  5009360.602  3221011.483
2022  62  27412 GPS  -2267813.672  5009360.598  3221011.477
2022  62  27413 GPS  -2267813.672  5009360.590  3221011.474
2022  62  27414 GPS  -2267813.670  5009360.583  3221011.465
2022  62  27415 GPS  -2267813.669  5009360.587  3221011.461
2022  62  27416 GPS  -2267813.673  5009360.586  3221011.460
2022  62  27417 GPS  -2267813.677  5009360.582  3221011.458
2022  62  27418 GPS  -2267813.682  5009360.579  3221011.462
2022  62  27419 GPS  -2267813.683  5009360.580  3221011.463
2022  62  27420 GPS  -2267813.683  5009360.578  3221011.463
2022  62  27421 GPS  -2267813.682  5009360.571  3221011.458
2022  62  27422 GPS  -2267813.679  5009360.557  3221011.455
2022  62  27423 GPS  -2267813.681  5009360.546  3221011.451
2022  62  27424 GPS  -2267813.685  5009360.544  3221011.447
2022  62  27425 GPS  -2267813.691  5009360.548  3221011.448
2022  62  27426 GPS  -2267813.697  5009360.551  3221011.447
2022  62  27427 GPS  -2267813.707  5009360.553  3221011.448
2022  62  27428 GPS  -2267813.701  5009360.546  3221011.440
2022  62  27429 GPS  -2267813.699  5009360.539  3221011.435
2022  62  27430 GPS  -2267813.701  5009360.530  3221011.429
2022  62  27431 GPS  -2267813.698  5009360.522  3221011.427
2022  62  27432 GPS  -2267813.694  5009360.510  3221011.419
2022  62  27433 GPS  -2267813.686  5009360.495  3221011.414
2022  62  27434 GPS  -2267813.671  5009360.470  3221011.404
2022  62  27435 GPS  -2267813.659  5009360.463  3221011.397
2022  62  27436 GPS  -2267813.646  5009360.456  3221011.390
2022  62  27437 GPS  -2267813.632  5009360.450  3221011.382
2022  62  27438 GPS  -2267813.624  5009360.438  3221011.377
2022  62  27439 GPS  -2267813.619  5009360.422  3221011.368
2022  62  27440 GPS  -2267813.616  5009360.412  3221011.361
2022  62  27441 GPS  -2267813.616  5009360.409  3221011.362
2022  62  27442 GPS  -2267813.608  5009360.407  3221011.362
2022  62  27443 GPS  -2267813.595  5009360.395  3221011.357
2022  62  27444 GPS  -2267813.589  5009360.392  3221011.356
2022  62  27445 GPS  -2267813.586  5009360.387  3221011.349
2022  62  27446 GPS  -2267813.582  5009360.382  3221011.343
2022  62  27447 GPS  -2267813.581  5009360.379  3221011.340
2022  62  27448 GPS  -2267813.580  5009360.382  3221011.336
2022  62  27449 GPS  -2267813.576  5009360.375  3221011.327
2022  62  27450 GPS  -2267813.573  5009360.376  3221011.328
2022  62  27451 GPS  -2267813.572  5009360.379  3221011.328
2022  62  27452 GPS  -2267813.568  5009360.370  3221011.319
2022  62  27453 GPS  -2267813.562  5009360.362  3221011.315
2022  62  27454 GPS  -2267813.557  5009360.351  3221011.307
2022  62  27455 GPS  -2267813.562  5009360.344  3221011.305
2022  62  27456 GPS  -2267813.562  5009360.335  3221011.297
2022  62  27457 GPS  -2267813.557  5009360.327  3221011.290
2022  62  27458 GPS  -2267813.556  5009360.318  3221011.283
2022  62  27459 GPS  -2267813.551  5009360.313  3221011.275
2022  62  27460 GPS  -2267813.547  5009360.318  3221011.267
2022  62  27461 GPS  -2267813.542  5009360.317  3221011.260
2022  62  27462 GPS  -2267813.542  5009360.320  3221011.254
2022  62  27463 GPS  -2267813.541  5009360.319  3221011.249
2022  62  27464 GPS  -2267813.534  5009360.307  3221011.236
2022  62  27465 GPS  -2267813.532  5009360.295  3221011.221
2022  62  27466 GPS  -2267813.533  5009360.285  3221011.221
2022  62  27467 GPS  -2267813.538  5009360.276  3221011.222
2022  62  27468 GPS  -2267813.542  5009360.270  3221011.220
2022  62  27469 GPS  -2267813.537  5009360.260  3221011.222
2022  62  27470 GPS  -2267813.530  5009360.252  3221011.218
2022  62  27471 GPS  -2267813.529  5009360.241  3221011.212
2022  62  27472 GPS  -2267813.528  5009360.233  3221011.205
2022  62  27473 GPS  -2267813.527  5009360.231  3221011.210
2022  62  27474 GPS  -2267813.524  5009360.221  3221011.204
2022  62  27475 GPS  -2267813.518  5009360.218  3221011.207
2022  62  27476 GPS  -2267813.518  5009360.215  3221011.210
2022  62  27477 GPS  -2267813.514  5009360.202  3221011.206
2022  62  27478 GPS  -2267813.505  5009360.192  3221011.200
2022  62  27479 GPS  -2267813.498  5009360.184  3221011.193
2022  62  27480 GPS  -2267813.490  5009360.169  3221011.188
2022  62  27481 GPS  -2267813.482  5009360.157  3221011.181
2022  62  27482 GPS  -2267813.474  5009360.153  3221011.177
2022  62  27483 GPS  -2267813.468  5009360.149  3221011.176
2022  62  27484 GPS  -2267813.462  5009360.146  3221011.175
2022  62  27485 GPS  -2267813.449  5009360.139  3221011.169
2022  62  27486 GPS  -2267813.440  5009360.135  3221011.166
2022  62  27487 GPS  -2267813.428  5009360.129  3221011.160
2022  62  27488 GPS  -2267813.414  5009360.127  3221011.158
2022  62  27489 GPS  -2267813.401  5009360.120  3221011.149
2022  62  27490 GPS  -2267813.397  5009360.121  3221011.150
2022  62  27491 GPS  -2267813.392  5009360.128  3221011.151
2022  62  27492 GPS  -2267813.391  5009360.139  3221011.157
2022  62  27493 GPS  -2267813.389  5009360.145  3221011.156
2022  62  27494 GPS  -2267813.387  5009360.147  3221011.156
2022  62  27495 GPS  -2267813.387  5009360.151  3221011.156
2022  62  27496 GPS  -2267813.379  5009360.146  3221011.156
2022  62  27497 GPS  -2267813.372  5009360.129  3221011.146
2022  62  27498 GPS  -2267813.369  5009360.126  3221011.146
2022  62  27499 GPS  -2267813.361  5009360.126  3221011.143
2022  62  27500 GPS  -2267813.364  5009360.139  3221011.144
2022  62  27501 GPS  -2267813.364  5009360.140  3221011.142
2022  62  27502 GPS  -2267813.358  5009360.140  3221011.143
2022  62  27503 GPS  -2267813.358  5009360.139  3221011.138
2022  62  27504 GPS  -2267813.359  5009360.142  3221011.134
2022  62  27505 GPS  -2267813.360  5009360.144  3221011.137
2022  62  27506 GPS  -2267813.359  5009360.139  3221011.138
2022  62  27507 GPS  -2267813.358  5009360.141  3221011.137
2022  62  27508 GPS  -2267813.362  5009360.140  3221011.136
2022  62  27509 GPS  -2267813.360  5009360.141  3221011.134
2022  62  27510 GPS  -2267813.363  5009360.148  3221011.135
2022  62  27511 GPS  -2267813.357  5009360.141  3221011.129
2022  62  27512 GPS  -2267813.355  5009360.135  3221011.123
2022  62  27513 GPS  -2267813.345  5009360.120  3221011.111
2022  62  27514 GPS  -2267813.337  5009360.116  3221011.106
2022  62  27515 GPS  -2267813.336  5009360.115  3221011.099
2022  62  27516 GPS  -2267813.332  5009360.113  3221011.092
2022  62  27517 GPS  -2267813.331  5009360.116  3221011.089
2022  62  27518 GPS  -2267813.327  5009360.112  3221011.081
2022  62  27519 GPS  -2267813.319  5009360.112  3221011.072
2022  62  27520 GPS  -2267813.314  5009360.103  3221011.063
2022  62  27521 GPS  -2267813.312  5009360.095  3221011.057
2022  62  27522 GPS  -2267813.312  5009360.094  3221011.055
2022  62  27523 GPS  -2267813.306  5009360.083  3221011.049
2022  62  27524 GPS  -2267813.302  5009360.083  3221011.046
2022  62  27525 GPS  -2267813.300  5009360.081  3221011.045
2022  62  27526 GPS  -2267813.302  5009360.081  3221011.044
2022  62  27527 GPS  -2267813.302  5009360.083  3221011.039
2022  62  27528 GPS  -2267813.294  5009360.077  3221011.033
2022  62  27529 GPS  -2267813.286  5009360.070  3221011.028
2022  62  27530 GPS  -2267813.283  5009360.066  3221011.023
2022  62  27531 GPS  -2267813.281  5009360.068  3221011.020
2022  62  27532 GPS  -2267813.279  5009360.073  3221011.016
2022  62  27533 GPS  -2267813.278  5009360.077  3221011.013
2022  62  27534 GPS  -2267813.280  5009360.081  3221011.009
2022  62  27535 GPS  -2267813.283  5009360.082  3221011.006
2022  62  27536 GPS  -2267813.290  5009360.087  3221011.008
2022  62  27537 GPS  -2267813.283  5009360.080  3221010.997
2022  62  27538 GPS  -2267813.280  5009360.075  3221010.997
2022  62  27539 GPS  -2267813.284  5009360.072  3221010.994
2022  62  27540 GPS  -2267813.280  5009360.060  3221010.983
2022  62  27541 GPS  -2267813.276  5009360.050  3221010.972
2022  62  27542 GPS  -2267813.269  5009360.046  3221010.960
2022  62  27543 GPS  -2267813.263  5009360.032  3221010.947
2022  62  27544 GPS  -2267813.262  5009360.029  3221010.937
2022  62  27545 GPS  -2267813.257  5009360.026  3221010.927
2022  62  27546 GPS  -2267813.253  5009360.023  3221010.912
2022  62  27547 GPS  -2267813.248  5009360.021  3221010.905
2022  62  27548 GPS  -2267813.242  5009360.013  3221010.889
2022  62  27549 GPS  -2267813.232  5009360.005  3221010.873
2022  62  27550 GPS  -2267813.227  5009360.000  3221010.857
2022  62  27551 GPS  -2267813.224  5009359.996  3221010.844
2022  62  27552 GPS  -2267813.217  5009359.990  3221010.833
2022  62  27553 GPS  -2267813.214  5009359.988  3221010.830
2022  62  27554 GPS  -2267813.209  5009359.977  3221010.824
2022  62  27555 GPS  -2267813.202  5009359.970  3221010.808
2022  62  27556 GPS  -2267813.203  5009359.966  3221010.796
2022  62  27557 GPS  -2267813.198  5009359.964  3221010.782
2022  62  27558 GPS  -2267813.197  5009359.960  3221010.775
2022  62  27559 GPS  -2267813.192  5009359.954  3221010.761
2022  62  27560 GPS  -2267813.191  5009359.954  3221010.749
2022  62  27561 GPS  -2267813.188  5009359.950  3221010.736
2022  62  27562 GPS  -2267813.187  5009359.947  3221010.726
2022  62  27563 GPS  -2267813.183  5009359.948  3221010.713
2022  62  27564 GPS  -2267813.180  5009359.947  3221010.709
2022  62  27565 GPS  -2267813.178  5009359.942  3221010.701
2022  62  27566 GPS  -2267813.171  5009359.931  3221010.689
2022  62  27567 GPS  -2267813.168  5009359.924  3221010.683
2022  62  27568 GPS  -2267813.165  5009359.923  3221010.681
2022  62  27569 GPS  -2267813.167  5009359.914  3221010.678
2022  62  27570 GPS  -2267813.166  5009359.905  3221010.668
2022  62  27571 GPS  -2267813.166  5009359.896  3221010.663
2022  62  27572 GPS  -2267813.169  5009359.892  3221010.661
2022  62  27573 GPS  -2267813.172  5009359.895  3221010.659
2022  62  27574 GPS  -2267813.176  5009359.889  3221010.660
2022  62  27575 GPS  -2267813.178  5009359.890  3221010.664
2022  62  27576 GPS  -2267813.180  5009359.884  3221010.660
2022  62  27577 GPS  -2267813.180  5009359.880  3221010.655
2022  62  27578 GPS  -2267813.180  5009359.884  3221010.650
2022  62  27579 GPS  -2267813.185  5009359.882  3221010.650
2022  62  27580 GPS  -2267813.184  5009359.868  3221010.648
2022  62  27581 GPS  -2267813.188  5009359.859  3221010.652
2022  62  27582 GPS  -2267813.198  5009359.859  3221010.660
2022  62  27583 GPS  -2267813.203  5009359.858  3221010.663
2022  62  27584 GPS  -2267813.204  5009359.861  3221010.666
2022  62  27585 GPS  -2267813.200  5009359.855  3221010.665
2022  62  27586 GPS  -2267813.194  5009359.848  3221010.663
2022  62  27587 GPS  -2267813.194  5009359.838  3221010.660
2022  62  27588 GPS  -2267813.199  5009359.834  3221010.661
2022  62  27589 GPS  -2267813.192  5009359.827  3221010.657
2022  62  27590 GPS  -2267813.187  5009359.822  3221010.656
2022  62  27591 GPS  -2267813.185  5009359.820  3221010.658
2022  62  27592 GPS  -2267813.179  5009359.824  3221010.658
2022  62  27593 GPS  -2267813.176  5009359.824  3221010.658
2022  62  27594 GPS  -2267813.176  5009359.827  3221010.661
2022  62  27595 GPS  -2267813.175  5009359.820  3221010.658
2022  62  27596 GPS  -2267813.170  5009359.816  3221010.652
2022  62  27597 GPS  -2267813.157  5009359.802  3221010.642
2022  62  27598 GPS  -2267813.148  5009359.793  3221010.633
2022  62  27599 GPS  -2267813.143  5009359.794  3221010.632
2022  62  27600 GPS  -2267813.137  5009359.782  3221010.628
2022  62  27601 GPS  -2267813.128  5009359.766  3221010.622
2022  62  27602 GPS  -2267813.121  5009359.761  3221010.622
2022  62  27603 GPS  -2267813.116  5009359.752  3221010.622
2022  62  27604 GPS  -2267813.111  5009359.749  3221010.623
2022  62  27605 GPS  -2267813.110  5009359.740  3221010.621
2022  62  27606 GPS  -2267813.108  5009359.741  3221010.625
2022  62  27607 GPS  -2267813.100  5009359.730  3221010.622
2022  62  27608 GPS  -2267813.100  5009359.721  3221010.625
2022  62  27609 GPS  -2267813.107  5009359.724  3221010.631
2022  62  27610 GPS  -2267813.111  5009359.721  3221010.629
2022  62  27611 GPS  -2267813.112  5009359.713  3221010.630
2022  62  27612 GPS  -2267813.116  5009359.715  3221010.635
2022  62  27613 GPS  -2267813.119  5009359.714  3221010.637
2022  62  27614 GPS  -2267813.120  5009359.713  3221010.636
2022  62  27615 GPS  -2267813.118  5009359.706  3221010.636
2022  62  27616 GPS  -2267813.118  5009359.710  3221010.641
2022  62  27617 GPS  -2267813.119  5009359.717  3221010.645
2022  62  27618 GPS  -2267813.119  5009359.715  3221010.646
2022  62  27619 GPS  -2267813.121  5009359.714  3221010.651
2022  62  27620 GPS  -2267813.126  5009359.715  3221010.652
2022  62  27621 GPS  -2267813.126  5009359.716  3221010.651
2022  62  27622 GPS  -2267813.122  5009359.708  3221010.653
2022  62  27623 GPS  -2267813.120  5009359.694  3221010.652
2022  62  27624 GPS  -2267813.117  5009359.684  3221010.646
2022  62  27625 GPS  -2267813.116  5009359.675  3221010.644
2022  62  27626 GPS  -2267813.114  5009359.659  3221010.642
2022  62  27627 GPS  -2267813.110  5009359.639  3221010.637
2022  62  27628 GPS  -2267813.111  5009359.636  3221010.634
2022  62  27629 GPS  -2267813.114  5009359.635  3221010.633
2022  62  27630 GPS  -2267813.116  5009359.618  3221010.631
2022  62  27631 GPS  -2267813.112  5009359.596  3221010.629
2022  62  27632 GPS  -2267813.104  5009359.573  3221010.625
2022  62  27633 GPS  -2267813.105  5009359.561  3221010.623
2022  62  27634 GPS  -2267813.097  5009359.539  3221010.615
2022  62  27635 GPS  -2267813.090  5009359.516  3221010.609
2022  62  27636 GPS  -2267813.091  5009359.511  3221010.613
2022  62  27637 GPS  -2267813.098  5009359.510  3221010.617
2022  62  27638 GPS  -2267813.100  5009359.511  3221010.617
2022  62  27639 GPS  -2267813.100  5009359.503  3221010.616
2022  62  27640 GPS  -2267813.098  5009359.503  3221010.620
2022  62  27641 GPS  -2267813.096  5009359.506  3221010.620
2022  62  27642 GPS  -2267813.096  5009359.512  3221010.625
2022  62  27643 GPS  -2267813.099  5009359.516  3221010.629
2022  62  27644 GPS  -2267813.099  5009359.516  3221010.631
2022  62  27645 GPS  -2267813.102  5009359.515  3221010.630
2022  62  27646 GPS  -2267813.104  5009359.518  3221010.632
2022  62  27647 GPS  -2267813.106  5009359.514  3221010.632
2022  62  27648 GPS  -2267813.105  5009359.510  3221010.625
2022  62  27649 GPS  -2267813.099  5009359.509  3221010.624
2022  62  27650 GPS  -2267813.088  5009359.507  3221010.616
2022  62  27651 GPS  -2267813.080  5009359.499  3221010.609
2022  62  27652 GPS  -2267813.075  5009359.492  3221010.607
2022  62  27653 GPS  -2267813.071  5009359.494  3221010.603
2022  62  27654 GPS  -2267813.064  5009359.491  3221010.596
2022  62  27655 GPS  -2267813.057  5009359.479  3221010.587
2022  62  27656 GPS  -2267813.053  5009359.476  3221010.583
2022  62  27657 GPS  -2267813.049  5009359.476  3221010.578
2022  62  27658 GPS  -2267813.045  5009359.468  3221010.567
2022  62  27659 GPS  -2267813.040  5009359.467  3221010.559
2022  62  27660 GPS  -2267813.035  5009359.470  3221010.561
2022  62  27661 GPS  -2267813.023  5009359.462  3221010.555
2022  62  27662 GPS  -2267813.018  5009359.466  3221010.548
2022  62  27663 GPS  -2267813.014  5009359.456  3221010.538
2022  62  27664 GPS  -2267813.004  5009359.443  3221010.526
2022  62  27665 GPS  -2267813.001  5009359.429  3221010.516
2022  62  27666 GPS  -2267812.993  5009359.412  3221010.508
2022  62  27667 GPS  -2267812.988  5009359.404  3221010.506
2022  62  27668 GPS  -2267812.988  5009359.399  3221010.493
2022  62  27669 GPS  -2267812.985  5009359.397  3221010.488
2022  62  27670 GPS  -2267812.981  5009359.388  3221010.483
2022  62  27671 GPS  -2267812.598  5009357.991  3221008.221
2022  62  27672 GPS  -2267812.596  5009357.980  3221008.209
2022  62  27673 GPS  -2267812.588  5009357.962  3221008.190
2022  62  27674 GPS  -2267812.584  5009357.941  3221008.178
2022  62  27675 GPS  -2267812.575  5009357.930  3221008.167
2022  62  27676 GPS  -2267812.564  5009357.930  3221008.156
2022  62  27677 GPS  -2267812.862  5009359.051  3221009.978
2022  62  27678 GPS  -2267812.873  5009359.113  3221010.071
2022  62  27679 GPS  -2267812.898  5009359.224  3221010.243
2022  62  27680 GPS  -2267812.881  5009359.188  3221010.176
2022  62  27681 GPS  -2267812.533  5009357.925  3221008.124
2022  62  27682 GPS  -2267812.533  5009357.925  3221008.122
2022  62  27683 GPS  -2267812.530  5009357.932  3221008.123
2022  62  27684 GPS  -2267812.524  5009357.929  3221008.120
2022  62  27685 GPS  -2267812.525  5009357.934  3221008.121
2022  62  27686 GPS  -2267812.521  5009357.924  3221008.120
2022  62  27687 GPS  -2267812.705  5009358.598  3221009.220
2022  62  27688 GPS  -2267812.775  5009358.868  3221009.667
2022  62  27689 GPS  -2267812.807  5009359.019  3221009.918
2022  62  27690 GPS  -2267812.796  5009359.002  3221009.897
2022  62  27691 GPS  -2267812.810  5009359.071  3221010.009
2022  62  27692 GPS  -2267812.835  5009359.162  3221010.166
2022  62  27693 GPS  -2267812.813  5009359.088  3221010.060
2022  62  27694 GPS  -2267812.809  5009359.060  3221010.038
2022  62  27695 GPS  -2267812.811  5009359.047  3221010.028
2022  62  27696 GPS  -2267812.803  5009359.024  3221009.988
2022  62  27697 GPS  -2267812.838  5009359.144  3221010.176
2022  62  27698 GPS  -2267812.834  5009359.127  3221010.155
2022  62  27699 GPS  -2267812.844  5009359.177  3221010.236
2022  62  27700 GPS  -2267812.855  5009359.208  3221010.286
2022  62  27701 GPS  -2267812.828  5009359.105  3221010.118
2022  62  27702 GPS  -2267812.794  5009358.993  3221009.935
2022  62  27703 GPS  -2267812.808  5009359.057  3221010.038
2022  62  27704 GPS  -2267812.811  5009359.089  3221010.091
2022  62  27705 GPS  -2267812.807  5009359.103  3221010.096
2022  62  27706 GPS  -2267812.805  5009359.112  3221010.099
2022  62  27707 GPS  -2267812.803  5009359.109  3221010.085
2022  62  27708 GPS  -2267812.795  5009359.087  3221010.040
2022  62  27709 GPS  -2267812.799  5009359.105  3221010.053
2022  62  27710 GPS  -2267812.786  5009359.076  3221009.993
2022  62  27711 GPS  -2267812.781  5009359.079  3221009.992
2022  62  27712 GPS  -2267812.784  5009359.102  3221010.031
2022  62  27713 GPS  -2267812.790  5009359.118  3221010.051
2022  62  27714 GPS  -2267812.791  5009359.119  3221010.050
2022  62  27715 GPS  -2267812.790  5009359.120  3221010.062
2022  62  27716 GPS  -2267812.787  5009359.124  3221010.067
2022  62  27717 GPS  -2267812.786  5009359.128  3221010.074
2022  62  27718 GPS  -2267812.790  5009359.126  3221010.082
2022  62  27719 GPS  -2267812.792  5009359.125  3221010.087
2022  62  27720 GPS  -2267812.787  5009359.123  3221010.092
2022  62  27721 GPS  -2267812.433  5009357.803  3221007.940
2022  62  27722 GPS  -2267812.435  5009357.788  3221007.934
2022  62  27723 GPS  -2267812.428  5009357.768  3221007.927
2022  62  27724 GPS  -2267812.427  5009357.753  3221007.923
2022  62  27725 GPS  -2267812.428  5009357.746  3221007.928
2022  62  27726 GPS  -2267812.425  5009357.735  3221007.923
2022  62  27727 GPS  -2267812.753  5009358.968  3221009.941
2022  62  27728 GPS  -2267812.753  5009358.965  3221009.925
2022  62  27729 GPS  -2267812.760  5009358.985  3221009.960
2022  62  27730 GPS  -2267812.770  5009359.042  3221010.043
2022  62  27731 GPS  -2267812.778  5009359.054  3221010.066
2022  62  27732 GPS  -2267812.777  5009359.056  3221010.066
2022  62  27733 GPS  -2267812.746  5009358.952  3221009.885
2022  62  27734 GPS  -2267812.792  5009359.127  3221010.169
2022  62  27735 GPS  -2267812.775  5009359.067  3221010.070
2022  62  27736 GPS  -2267812.786  5009359.105  3221010.132
2022  62  27737 GPS  -2267812.786  5009359.118  3221010.148
2022  62  27738 GPS  -2267812.776  5009359.083  3221010.088
2022  62  27739 GPS  -2267812.795  5009359.146  3221010.190
2022  62  27740 GPS  -2267812.760  5009359.028  3221009.992
2022  62  27741 GPS  -2267812.419  5009357.772  3221007.928
2022  62  27742 GPS  -2267812.421  5009357.774  3221007.924
2022  62  27743 GPS  -2267812.418  5009357.772  3221007.917
2022  62  27744 GPS  -2267812.415  5009357.769  3221007.902
2022  62  27745 GPS  -2267812.409  5009357.761  3221007.890
2022  62  27746 GPS  -2267812.689  5009358.816  3221009.628
2022  62  27747 GPS  -2267812.689  5009358.821  3221009.642
2022  62  27748 GPS  -2267812.719  5009358.941  3221009.837
2022  62  27749 GPS  -2267812.728  5009358.962  3221009.878
2022  62  27750 GPS  -2267812.762  5009359.090  3221010.098
2022  62  27751 GPS  -2267812.765  5009359.107  3221010.132
2022  62  27752 GPS  -2267812.758  5009359.091  3221010.124
2022  62  27753 GPS  -2267812.742  5009359.039  3221010.048
2022  62  27754 GPS  -2267812.722  5009358.966  3221009.944
2022  62  27755 GPS  -2267812.717  5009358.951  3221009.938
2022  62  27756 GPS  -2267812.728  5009359.004  3221010.046
2022  62  27757 GPS  -2267812.743  5009359.072  3221010.159
2022  62  27758 GPS  -2267812.733  5009359.058  3221010.140
2022  62  27759 GPS  -2267812.712  5009358.987  3221010.042
2022  62  27760 GPS  -2267812.700  5009358.952  3221009.994
2022  62  27761 GPS  -2267812.690  5009358.931  3221009.959
2022  62  27762 GPS  -2267812.674  5009358.894  3221009.907
2022  62  27763 GPS  -2267812.672  5009358.916  3221009.952
2022  62  27764 GPS  -2267812.654  5009358.865  3221009.887
2022  62  27765 GPS  -2267812.651  5009358.868  3221009.891
2022  62  27766 GPS  -2267812.656  5009358.897  3221009.931
2022  62  27767 GPS  -2267812.654  5009358.900  3221009.923
2022  62  27768 GPS  -2267812.664  5009358.937  3221009.985
2022  62  27769 GPS  -2267812.666  5009358.942  3221009.990
2022  62  27770 GPS  -2267812.654  5009358.920  3221009.960
2022  62  27771 GPS  -2267812.641  5009358.891  3221009.924
2022  62  27772 GPS  -2267812.634  5009358.896  3221009.926
2022  62  27773 GPS  -2267812.631  5009358.906  3221009.945
2022  62  27774 GPS  -2267812.628  5009358.904  3221009.951
2022  62  27775 GPS  -2267812.618  5009358.895  3221009.942
2022  62  27776 GPS  -2267812.612  5009358.887  3221009.941
2022  62  27777 GPS  -2267812.607  5009358.885  3221009.938
2022  62  27778 GPS  -2267812.600  5009358.877  3221009.935
2022  62  27779 GPS  -2267812.595  5009358.871  3221009.931
2022  62  27780 GPS  -2267812.591  5009358.865  3221009.932
2022  62  27781 GPS  -2267812.589  5009358.860  3221009.933
2022  62  27782 GPS  -2267812.583  5009358.857  3221009.935
2022  62  27783 GPS  -2267812.581  5009358.849  3221009.934
2022  62  27784 GPS  -2267812.583  5009358.851  3221009.937
2022  62  27785 GPS  -2267812.577  5009358.843  3221009.934
2022  62  27786 GPS  -2267812.572  5009358.837  3221009.931
2022  62  27787 GPS  -2267812.568  5009358.829  3221009.935
2022  62  27788 GPS  -2267812.557  5009358.822  3221009.935
2022  62  27789 GPS  -2267812.554  5009358.819  3221009.932
2022  62  27790 GPS  -2267812.554  5009358.823  3221009.932
2022  62  27791 GPS  -2267812.551  5009358.825  3221009.929
2022  62  27792 GPS  -2267812.554  5009358.833  3221009.932
2022  62  27793 GPS  -2267812.547  5009358.824  3221009.928
2022  62  27794 GPS  -2267812.545  5009358.826  3221009.929
2022  62  27795 GPS  -2267812.545  5009358.833  3221009.928
2022  62  27796 GPS  -2267812.541  5009358.837  3221009.928
2022  62  27797 GPS  -2267812.534  5009358.836  3221009.924
2022  62  27798 GPS  -2267812.534  5009358.844  3221009.928
2022  62  27799 GPS  -2267812.530  5009358.851  3221009.929
2022  62  27800 GPS  -2267812.525  5009358.852  3221009.930
2022  62  27801 GPS  -2267812.516  5009358.845  3221009.928
2022  62  27802 GPS  -2267812.509  5009358.838  3221009.925
2022  62  27803 GPS  -2267812.501  5009358.830  3221009.920
2022  62  27804 GPS  -2267812.497  5009358.821  3221009.914
2022  62  27805 GPS  -2267812.488  5009358.807  3221009.906
2022  62  27806 GPS  -2267812.480  5009358.797  3221009.902
2022  62  27807 GPS  -2267812.469  5009358.782  3221009.893
2022  62  27808 GPS  -2267812.458  5009358.775  3221009.891
2022  62  27809 GPS  -2267812.444  5009358.762  3221009.886
2022  62  27810 GPS  -2267812.436  5009358.753  3221009.881
2022  62  27811 GPS  -2267812.430  5009358.753  3221009.885
2022  62  27812 GPS  -2267812.428  5009358.746  3221009.885
2022  62  27813 GPS  -2267812.426  5009358.736  3221009.880
2022  62  27814 GPS  -2267812.423  5009358.733  3221009.880
2022  62  27815 GPS  -2267812.420  5009358.723  3221009.877
2022  62  27816 GPS  -2267812.412  5009358.711  3221009.875
2022  62  27817 GPS  -2267812.399  5009358.698  3221009.871
2022  62  27818 GPS  -2267812.389  5009358.693  3221009.869
2022  62  27819 GPS  -2267812.385  5009358.682  3221009.866
2022  62  27820 GPS  -2267812.382  5009358.675  3221009.862
2022  62  27821 GPS  -2267812.365  5009358.635  3221009.838
2022  62  27822 GPS  -2267812.357  5009358.623  3221009.830
2022  62  27823 GPS  -2267812.347  5009358.615  3221009.823
2022  62  27824 GPS  -2267812.339  5009358.612  3221009.812
2022  62  27825 GPS  -2267812.330  5009358.604  3221009.804
2022  62  27826 GPS  -2267812.326  5009358.604  3221009.799
2022  62  27827 GPS  -2267812.324  5009358.601  3221009.793
2022  62  27828 GPS  -2267812.317  5009358.582  3221009.782
2022  62  27829 GPS  -2267812.316  5009358.568  3221009.771
2022  62  27830 GPS  -2267812.311  5009358.559  3221009.761
2022  62  27831 GPS  -2267811.880  5009356.895  3221007.065
2022  62  27832 GPS  -2267811.875  5009356.878  3221007.050
2022  62  27833 GPS  -2267811.871  5009356.859  3221007.035
2022  62  27834 GPS  -2267811.867  5009356.843  3221007.021
2022  62  27835 GPS  -2267811.861  5009356.824  3221007.001
2022  62  27836 GPS  -2267811.861  5009356.819  3221007.000
2022  62  27837 GPS  -2267811.860  5009356.815  3221006.989
2022  62  27838 GPS  -2267811.862  5009356.809  3221006.982
2022  62  27839 GPS  -2267812.298  5009358.524  3221009.763
2022  62  27840 GPS  -2267812.283  5009358.468  3221009.678
2022  62  27841 GPS  -2267812.267  5009358.409  3221009.594
2022  62  27842 GPS  -2267812.253  5009358.372  3221009.539
2022  62  27843 GPS  -2267812.254  5009358.395  3221009.611
2022  62  27844 GPS  -2267812.233  5009358.306  3221009.492
2022  62  27845 GPS  -2267812.241  5009358.371  3221009.616
2022  62  27846 GPS  -2267812.231  5009358.341  3221009.574
2022  62  27847 GPS  -2267812.200  5009358.222  3221009.402
2022  62  27848 GPS  -2267812.207  5009358.258  3221009.474
2022  62  27849 GPS  -2267812.221  5009358.317  3221009.571
2022  62  27850 GPS  -2267812.220  5009358.288  3221009.533
2022  62  27851 GPS  -2267812.211  5009358.242  3221009.472
2022  62  27852 GPS  -2267812.201  5009358.212  3221009.434
2022  62  27853 GPS  -2267812.183  5009358.163  3221009.360
2022  62  27854 GPS  -2267812.179  5009358.177  3221009.385
2022  62  27855 GPS  -2267812.194  5009358.244  3221009.492
2022  62  27856 GPS  -2267812.203  5009358.292  3221009.566
2022  62  27857 GPS  -2267812.198  5009358.282  3221009.548
2022  62  27858 GPS  -2267812.202  5009358.283  3221009.552
2022  62  27859 GPS  -2267812.199  5009358.260  3221009.522
2022  62  27860 GPS  -2267812.200  5009358.255  3221009.523
2022  62  27861 GPS  -2267812.211  5009358.279  3221009.550
2022  62  27862 GPS  -2267812.213  5009358.287  3221009.571
2022  62  27863 GPS  -2267812.210  5009358.263  3221009.541
2022  62  27864 GPS  -2267812.206  5009358.234  3221009.509
2022  62  27865 GPS  -2267812.198  5009358.216  3221009.486
2022  62  27866 GPS  -2267812.193  5009358.199  3221009.467
2022  62  27867 GPS  -2267812.190  5009358.195  3221009.454
2022  62  27868 GPS  -2267812.189  5009358.187  3221009.447
2022  62  27869 GPS  -2267812.190  5009358.196  3221009.454
2022  62  27870 GPS  -2267812.193  5009358.200  3221009.458
2022  62  27871 GPS  -2267812.188  5009358.193  3221009.452
2022  62  27872 GPS  -2267812.181  5009358.187  3221009.447
2022  62  27873 GPS  -2267812.176  5009358.177  3221009.444
2022  62  27874 GPS  -2267812.166  5009358.167  3221009.436
2022  62  27875 GPS  -2267812.156  5009358.152  3221009.424
2022  62  27876 GPS  -2267812.152  5009358.150  3221009.419
2022  62  27877 GPS  -2267812.145  5009358.140  3221009.414
2022  62  27878 GPS  -2267812.134  5009358.131  3221009.408
2022  62  27879 GPS  -2267812.132  5009358.121  3221009.402
2022  62  27880 GPS  -2267812.132  5009358.118  3221009.398
2022  62  27881 GPS  -2267812.131  5009358.115  3221009.393
2022  62  27882 GPS  -2267812.127  5009358.108  3221009.387
2022  62  27883 GPS  -2267812.124  5009358.105  3221009.385
2022  62  27884 GPS  -2267812.126  5009358.109  3221009.385
2022  62  27885 GPS  -2267812.123  5009358.102  3221009.380
2022  62  27886 GPS  -2267812.118  5009358.087  3221009.375
2022  62  27887 GPS  -2267812.117  5009358.081  3221009.375
2022  62  27888 GPS  -2267812.116  5009358.078  3221009.376
2022  62  27889 GPS  -2267812.107  5009358.074  3221009.371
2022  62  27890 GPS  -2267812.106  5009358.075  3221009.367
2022  62  27891 GPS  -2267811.686  5009356.399  3221006.621
2022  62  27892 GPS  -2267811.682  5009356.398  3221006.610
2022  62  27893 GPS  -2267811.677  5009356.398  3221006.603
2022  62  27894 GPS  -2267811.672  5009356.398  3221006.596
2022  62  27895 GPS  -2267811.666  5009356.393  3221006.589
2022  62  27896 GPS  -2267812.020  5009357.811  3221008.926
2022  62  27897 GPS  -2267812.058  5009357.979  3221009.203
2022  62  27898 GPS  -2267812.076  5009358.064  3221009.349
2022  62  27899 GPS  -2267812.082  5009358.086  3221009.389
2022  62  27900 GPS  -2267812.083  5009358.074  3221009.372
2022  62  27901 GPS  -2267812.096  5009358.120  3221009.456
2022  62  27902 GPS  -2267812.086  5009358.060  3221009.358
2022  62  27903 GPS  -2267812.083  5009358.026  3221009.306
2022  62  27904 GPS  -2267812.106  5009358.103  3221009.424
2022  62  27905 GPS  -2267812.105  5009358.089  3221009.395
2022  62  27906 GPS  -2267812.084  5009358.033  3221009.306
2022  62  27907 GPS  -2267812.073  5009358.003  3221009.264
2022  62  27908 GPS  -2267812.079  5009358.020  3221009.297
2022  62  27909 GPS  -2267812.092  5009358.065  3221009.368
2022  62  27910 GPS  -2267812.104  5009358.105  3221009.428
2022  62  27911 GPS  -2267812.103  5009358.119  3221009.438
2022  62  27912 GPS  -2267812.107  5009358.129  3221009.450
2022  62  27913 GPS  -2267812.098  5009358.084  3221009.378
2022  62  27914 GPS  -2267812.084  5009358.016  3221009.278
2022  62  27915 GPS  -2267812.074  5009357.983  3221009.229
2022  62  27916 GPS  -2267812.067  5009357.962  3221009.208
2022  62  27917 GPS  -2267812.067  5009357.960  3221009.217
2022  62  27918 GPS  -2267812.072  5009357.974  3221009.250
2022  62  27919 GPS  -2267812.062  5009357.938  3221009.210
2022  62  27920 GPS  -2267812.063  5009357.929  3221009.202
2022  62  27921 GPS  -2267812.052  5009357.902  3221009.168
2022  62  27922 GPS  -2267812.044  5009357.867  3221009.120
2022  62  27923 GPS  -2267812.037  5009357.840  3221009.093
2022  62  27924 GPS  -2267812.035  5009357.831  3221009.085
2022  62  27925 GPS  -2267812.031  5009357.828  3221009.081
2022  62  27926 GPS  -2267812.028  5009357.824  3221009.073
2022  62  27927 GPS  -2267812.025  5009357.817  3221009.067
2022  62  27928 GPS  -2267812.021  5009357.810  3221009.064
2022  62  27929 GPS  -2267812.023  5009357.808  3221009.064
2022  62  27930 GPS  -2267812.028  5009357.815  3221009.064
2022  62  27931 GPS  -2267811.634  5009356.195  3221006.379
2022  62  27932 GPS  -2267811.635  5009356.194  3221006.374
2022  62  27933 GPS  -2267811.634  5009356.191  3221006.379
2022  62  27934 GPS  -2267811.635  5009356.194  3221006.376
2022  62  27935 GPS  -2267811.634  5009356.193  3221006.374
2022  62  27936 GPS  -2267811.634  5009356.180  3221006.364
2022  62  27937 GPS  -2267811.999  5009357.659  3221008.831
2022  62  27938 GPS  -2267811.975  5009357.574  3221008.719
2022  62  27939 GPS  -2267811.988  5009357.625  3221008.834
2022  62  27940 GPS  -2267811.978  5009357.607  3221008.822
2022  62  27941 GPS  -2267811.975  5009357.614  3221008.848
2022  62  27942 GPS  -2267811.936  5009357.465  3221008.617
2022  62  27943 GPS  -2267811.934  5009357.469  3221008.636
2022  62  27944 GPS  -2267811.973  5009357.641  3221008.931
2022  62  27945 GPS  -2267811.971  5009357.630  3221008.916
2022  62  27946 GPS  -2267811.957  5009357.563  3221008.803
2022  62  27947 GPS  -2267811.946  5009357.510  3221008.703
2022  62  27948 GPS  -2267811.966  5009357.579  3221008.802
2022  62  27949 GPS  -2267811.978  5009357.626  3221008.867
2022  62  27950 GPS  -2267811.978  5009357.616  3221008.844
2022  62  27951 GPS  -2267811.601  5009356.064  3221006.266
2022  62  27952 GPS  -2267811.603  5009356.063  3221006.260
2022  62  27953 GPS  -2267811.604  5009356.066  3221006.262
2022  62  27954 GPS  -2267811.606  5009356.064  3221006.258
2022  62  27955 GPS  -2267811.604  5009356.059  3221006.253
2022  62  27956 GPS  -2267812.380  5009359.287  3221011.622
2022  62  27957 GPS  -2267812.052  5009357.948  3221009.410
2022  62  27958 GPS  -2267811.978  5009357.636  3221008.902
2022  62  27959 GPS  -2267811.963  5009357.608  3221008.839
2022  62  27960 GPS  -2267811.967  5009357.656  3221008.914
2022  62  27961 GPS  -2267811.963  5009357.672  3221008.942
2022  62  27962 GPS  -2267811.971  5009357.749  3221009.077
2022  62  27963 GPS  -2267811.981  5009357.816  3221009.197
2022  62  27964 GPS  -2267811.972  5009357.819  3221009.200
2022  62  27965 GPS  -2267811.962  5009357.817  3221009.197
2022  62  27966 GPS  -2267811.938  5009357.755  3221009.116
2022  62  27967 GPS  -2267811.914  5009357.692  3221009.027
2022  62  27968 GPS  -2267811.905  5009357.704  3221009.065
2022  62  27969 GPS  -2267811.904  5009357.724  3221009.119
2022  62  27970 GPS  -2267811.902  5009357.714  3221009.110
2022  62  27971 GPS  -2267811.887  5009357.645  3221009.008
2022  62  27972 GPS  -2267811.876  5009357.600  3221008.952
2022  62  27973 GPS  -2267811.883  5009357.639  3221009.031
2022  62  27974 GPS  -2267811.870  5009357.606  3221008.988
2022  62  27975 GPS  -2267811.853  5009357.556  3221008.913
2022  62  27976 GPS  -2267811.858  5009357.600  3221008.983
2022  62  27977 GPS  -2267811.866  5009357.641  3221009.064
2022  62  27978 GPS  -2267811.864  5009357.658  3221009.095
2022  62  27979 GPS  -2267811.851  5009357.642  3221009.081
2022  62  27980 GPS  -2267811.831  5009357.602  3221009.030
2022  62  27981 GPS  -2267811.815  5009357.566  3221008.980
2022  62  27982 GPS  -2267811.807  5009357.563  3221008.978
2022  62  27983 GPS  -2267811.795  5009357.530  3221008.927
2022  62  27984 GPS  -2267811.782  5009357.505  3221008.898
2022  62  27985 GPS  -2267811.774  5009357.504  3221008.890
2022  62  27986 GPS  -2267811.765  5009357.501  3221008.886
2022  62  27987 GPS  -2267811.755  5009357.501  3221008.886
2022  62  27988 GPS  -2267811.749  5009357.491  3221008.881
2022  62  27989 GPS  -2267811.745  5009357.493  3221008.882
2022  62  27990 GPS  -2267811.743  5009357.492  3221008.882
2022  62  27991 GPS  -2267811.741  5009357.501  3221008.885
2022  62  27992 GPS  -2267811.744  5009357.521  3221008.895
2022  62  27993 GPS  -2267811.746  5009357.529  3221008.906
2022  62  27994 GPS  -2267811.751  5009357.535  3221008.915
2022  62  27995 GPS  -2267811.755  5009357.531  3221008.916
2022  62  27996 GPS  -2267811.760  5009357.532  3221008.919
2022  62  27997 GPS  -2267811.761  5009357.537  3221008.921
2022  62  27998 GPS  -2267811.757  5009357.536  3221008.921
2022  62  27999 GPS  -2267811.757  5009357.541  3221008.923
2022  62  28000 GPS  -2267811.757  5009357.550  3221008.928
2022  62  28001 GPS  -2267811.749  5009357.542  3221008.924
2022  62  28002 GPS  -2267811.745  5009357.531  3221008.921
2022  62  28003 GPS  -2267811.748  5009357.530  3221008.917
2022  62  28004 GPS  -2267811.752  5009357.529  3221008.914
2022  62  28005 GPS  -2267811.749  5009357.520  3221008.913
2022  62  28006 GPS  -2267811.752  5009357.515  3221008.909
2022  62  28007 GPS  -2267811.751  5009357.513  3221008.912
2022  62  28008 GPS  -2267811.751  5009357.506  3221008.912
2022  62  28009 GPS  -2267811.750  5009357.500  3221008.913
2022  62  28010 GPS  -2267811.748  5009357.497  3221008.913
2022  62  28011 GPS  -2267811.742  5009357.490  3221008.907
2022  62  28012 GPS  -2267811.736  5009357.481  3221008.908
2022  62  28013 GPS  -2267811.743  5009357.475  3221008.913
2022  62  28014 GPS  -2267811.746  5009357.469  3221008.912
2022  62  28015 GPS  -2267811.749  5009357.466  3221008.915
2022  62  28016 GPS  -2267811.749  5009357.452  3221008.910
2022  62  28017 GPS  -2267811.751  5009357.446  3221008.909
2022  62  28018 GPS  -2267811.750  5009357.448  3221008.911
2022  62  28019 GPS  -2267811.746  5009357.442  3221008.906
2022  62  28020 GPS  -2267811.744  5009357.443  3221008.903
2022  62  28021 GPS  -2267811.740  5009357.444  3221008.902
2022  62  28022 GPS  -2267811.735  5009357.448  3221008.902
2022  62  28023 GPS  -2267811.735  5009357.454  3221008.906
2022  62  28024 GPS  -2267811.731  5009357.438  3221008.901
2022  62  28025 GPS  -2267811.724  5009357.440  3221008.905
2022  62  28026 GPS  -2267811.721  5009357.437  3221008.904
2022  62  28027 GPS  -2267811.710  5009357.419  3221008.892
2022  62  28028 GPS  -2267811.702  5009357.407  3221008.889
2022  62  28029 GPS  -2267811.697  5009357.402  3221008.890
2022  62  28030 GPS  -2267811.698  5009357.395  3221008.888
2022  62  28031 GPS  -2267811.697  5009357.389  3221008.886
2022  62  28032 GPS  -2267811.695  5009357.380  3221008.886
2022  62  28033 GPS  -2267811.691  5009357.370  3221008.884
2022  62  28034 GPS  -2267811.687  5009357.371  3221008.883
2022  62  28035 GPS  -2267811.683  5009357.362  3221008.881
2022  62  28036 GPS  -2267811.680  5009357.354  3221008.883
2022  62  28037 GPS  -2267811.679  5009357.338  3221008.883
2022  62  28038 GPS  -2267811.680  5009357.330  3221008.883
2022  62  28039 GPS  -2267811.673  5009357.323  3221008.880
2022  62  28040 GPS  -2267811.670  5009357.321  3221008.880
2022  62  28041 GPS  -2267811.668  5009357.310  3221008.880
2022  62  28042 GPS  -2267811.662  5009357.309  3221008.881
2022  62  28043 GPS  -2267811.657  5009357.297  3221008.880
2022  62  28044 GPS  -2267811.651  5009357.290  3221008.878
2022  62  28045 GPS  -2267811.640  5009357.284  3221008.875
2022  62  28046 GPS  -2267811.638  5009357.284  3221008.878
2022  62  28047 GPS  -2267811.638  5009357.286  3221008.880
2022  62  28048 GPS  -2267811.640  5009357.291  3221008.885
2022  62  28049 GPS  -2267811.638  5009357.291  3221008.883
2022  62  28050 GPS  -2267811.637  5009357.285  3221008.879
2022  62  28051 GPS  -2267811.636  5009357.281  3221008.875
2022  62  28052 GPS  -2267811.636  5009357.286  3221008.873
2022  62  28053 GPS  -2267811.632  5009357.278  3221008.864
2022  62  28054 GPS  -2267811.626  5009357.278  3221008.857
2022  62  28055 GPS  -2267811.624  5009357.287  3221008.858
2022  62  28056 GPS  -2267811.623  5009357.289  3221008.854
2022  62  28057 GPS  -2267811.618  5009357.289  3221008.845
2022  62  28058 GPS  -2267811.617  5009357.296  3221008.842
2022  62  28059 GPS  -2267811.618  5009357.291  3221008.834
2022  62  28060 GPS  -2267811.619  5009357.287  3221008.826
2022  62  28061 GPS  -2267811.615  5009357.283  3221008.823
2022  62  28062 GPS  -2267811.615  5009357.281  3221008.818
2022  62  28063 GPS  -2267811.611  5009357.273  3221008.811
2022  62  28064 GPS  -2267811.611  5009357.271  3221008.806
2022  62  28065 GPS  -2267811.603  5009357.263  3221008.797
2022  62  28066 GPS  -2267811.599  5009357.257  3221008.787
2022  62  28067 GPS  -2267811.596  5009357.248  3221008.782
2022  62  28068 GPS  -2267811.601  5009357.245  3221008.776
2022  62  28069 GPS  -2267811.595  5009357.239  3221008.768
2022  62  28070 GPS  -2267811.597  5009357.245  3221008.764
2022  62  28071 GPS  -2267811.598  5009357.245  3221008.753
2022  62  28072 GPS  -2267811.598  5009357.248  3221008.743
2022  62  28073 GPS  -2267811.594  5009357.248  3221008.735
2022  62  28074 GPS  -2267811.591  5009357.242  3221008.720
2022  62  28075 GPS  -2267811.585  5009357.230  3221008.706
2022  62  28076 GPS  -2267811.586  5009357.222  3221008.694
2022  62  28077 GPS  -2267811.579  5009357.207  3221008.678
2022  62  28078 GPS  -2267811.571  5009357.197  3221008.668
2022  62  28079 GPS  -2267811.562  5009357.181  3221008.650
2022  62  28080 GPS  -2267811.553  5009357.166  3221008.634
2022  62  28081 GPS  -2267811.544  5009357.147  3221008.622
2022  62  28082 GPS  -2267811.531  5009357.124  3221008.604
2022  62  28083 GPS  -2267811.522  5009357.115  3221008.592
2022  62  28084 GPS  -2267811.515  5009357.107  3221008.584
2022  62  28085 GPS  -2267811.447  5009356.871  3221008.369
2022  62  28086 GPS  -2267811.438  5009356.864  3221008.360
2022  62  28087 GPS  -2267811.431  5009356.864  3221008.361
2022  62  28088 GPS  -2267811.422  5009356.857  3221008.357
2022  62  28089 GPS  -2267811.416  5009356.851  3221008.355
2022  62  28090 GPS  -2267811.415  5009356.849  3221008.359
2022  62  28091 GPS  -2267811.415  5009356.857  3221008.362
2022  62  28092 GPS  -2267811.411  5009356.861  3221008.364
2022  62  28093 GPS  -2267811.408  5009356.864  3221008.363
2022  62  28094 GPS  -2267811.406  5009356.866  3221008.369
2022  62  28095 GPS  -2267811.400  5009356.854  3221008.368
2022  62  28096 GPS  -2267811.395  5009356.849  3221008.370
2022  62  28097 GPS  -2267811.391  5009356.828  3221008.362
2022  62  28098 GPS  -2267811.388  5009356.817  3221008.360
2022  62  28099 GPS  -2267811.380  5009356.808  3221008.358
2022  62  28100 GPS  -2267811.380  5009356.801  3221008.352
2022  62  28101 GPS  -2267811.375  5009356.791  3221008.345
2022  62  28102 GPS  -2267811.376  5009356.791  3221008.348
2022  62  28103 GPS  -2267811.372  5009356.781  3221008.346
2022  62  28104 GPS  -2267811.368  5009356.775  3221008.344
2022  62  28105 GPS  -2267811.362  5009356.768  3221008.338
2022  62  28106 GPS  -2267811.357  5009356.763  3221008.332
2022  62  28107 GPS  -2267811.352  5009356.752  3221008.322
2022  62  28108 GPS  -2267811.350  5009356.740  3221008.322
2022  62  28109 GPS  -2267811.349  5009356.730  3221008.315
2022  62  28110 GPS  -2267811.343  5009356.729  3221008.314
2022  62  28111 GPS  -2267811.338  5009356.728  3221008.315
2022  62  28112 GPS  -2267811.334  5009356.720  3221008.313
2022  62  28113 GPS  -2267811.332  5009356.714  3221008.303
2022  62  28114 GPS  -2267811.327  5009356.708  3221008.294
2022  62  28115 GPS  -2267811.321  5009356.693  3221008.281
2022  62  28116 GPS  -2267811.319  5009356.683  3221008.273
2022  62  28117 GPS  -2267811.311  5009356.672  3221008.269
2022  62  28118 GPS  -2267811.311  5009356.668  3221008.267
2022  62  28119 GPS  -2267811.313  5009356.670  3221008.260
2022  62  28120 GPS  -2267811.309  5009356.669  3221008.263
2022  62  28121 GPS  -2267811.301  5009356.658  3221008.258
2022  62  28122 GPS  -2267811.293  5009356.646  3221008.257
2022  62  28123 GPS  -2267811.289  5009356.627  3221008.247
2022  62  28124 GPS  -2267811.282  5009356.609  3221008.235
2022  62  28125 GPS  -2267811.276  5009356.591  3221008.226
2022  62  28126 GPS  -2267811.273  5009356.574  3221008.219
2022  62  28127 GPS  -2267811.270  5009356.561  3221008.208
2022  62  28128 GPS  -2267811.267  5009356.552  3221008.200
2022  62  28129 GPS  -2267811.263  5009356.539  3221008.191
2022  62  28130 GPS  -2267811.259  5009356.524  3221008.182
2022  62  28131 GPS  -2267811.256  5009356.508  3221008.174
2022  62  28132 GPS  -2267811.253  5009356.501  3221008.170
2022  62  28133 GPS  -2267811.245  5009356.476  3221008.156
2022  62  28134 GPS  -2267811.242  5009356.469  3221008.152
2022  62  28135 GPS  -2267811.239  5009356.460  3221008.144
2022  62  28136 GPS  -2267811.239  5009356.456  3221008.136
2022  62  28137 GPS  -2267811.239  5009356.457  3221008.130
2022  62  28138 GPS  -2267811.235  5009356.461  3221008.124
2022  62  28139 GPS  -2267811.231  5009356.457  3221008.113
2022  62  28140 GPS  -2267811.232  5009356.461  3221008.108
2022  62  28141 GPS  -2267811.229  5009356.458  3221008.102
2022  62  28142 GPS  -2267811.229  5009356.458  3221008.096
2022  62  28143 GPS  -2267811.226  5009356.467  3221008.091
2022  62  28144 GPS  -2267811.222  5009356.470  3221008.085
2022  62  28145 GPS  -2267811.221  5009356.470  3221008.075
2022  62  28146 GPS  -2267811.219  5009356.467  3221008.064
2022  62  28147 GPS  -2267811.212  5009356.457  3221008.053
2022  62  28148 GPS  -2267811.206  5009356.453  3221008.047
2022  62  28149 GPS  -2267811.200  5009356.450  3221008.034
2022  62  28150 GPS  -2267811.197  5009356.456  3221008.031
2022  62  28151 GPS  -2267811.200  5009356.459  3221008.028
2022  62  28152 GPS  -2267811.199  5009356.461  3221008.023
2022  62  28153 GPS  -2267811.197  5009356.451  3221008.010
2022  62  28154 GPS  -2267811.195  5009356.445  3221008.000
2022  62  28155 GPS  -2267811.192  5009356.436  3221007.991
2022  62  28156 GPS  -2267811.191  5009356.427  3221007.976
2022  62  28157 GPS  -2267811.182  5009356.404  3221007.955
2022  62  28158 GPS  -2267811.173  5009356.388  3221007.940
2022  62  28159 GPS  -2267811.165  5009356.379  3221007.927
2022  62  28160 GPS  -2267811.155  5009356.370  3221007.911
2022  62  28161 GPS  -2267811.147  5009356.363  3221007.896
2022  62  28162 GPS  -2267811.137  5009356.348  3221007.883
2022  62  28163 GPS  -2267811.127  5009356.331  3221007.867
2022  62  28164 GPS  -2267811.123  5009356.321  3221007.857
2022  62  28165 GPS  -2267811.113  5009356.305  3221007.843
2022  62  28166 GPS  -2267811.105  5009356.293  3221007.826
2022  62  28167 GPS  -2267811.097  5009356.280  3221007.809
2022  62  28168 GPS  -2267811.088  5009356.265  3221007.790
2022  62  28169 GPS  -2267811.082  5009356.260  3221007.782
2022  62  28170 GPS  -2267811.077  5009356.251  3221007.769
2022  62  28171 GPS  -2267811.074  5009356.251  3221007.761
2022  62  28172 GPS  -2267811.070  5009356.251  3221007.753
2022  62  28173 GPS  -2267811.071  5009356.251  3221007.744
2022  62  28174 GPS  -2267811.066  5009356.252  3221007.734
2022  62  28175 GPS  -2267811.062  5009356.247  3221007.724
2022  62  28176 GPS  -2267811.056  5009356.241  3221007.710
2022  62  28177 GPS  -2267811.055  5009356.247  3221007.704
2022  62  28178 GPS  -2267811.052  5009356.245  3221007.698
2022  62  28179 GPS  -2267811.052  5009356.252  3221007.693
2022  62  28180 GPS  -2267811.048  5009356.257  3221007.686
2022  62  28181 GPS  -2267811.046  5009356.257  3221007.679
2022  62  28182 GPS  -2267811.045  5009356.256  3221007.671
2022  62  28183 GPS  -2267811.043  5009356.252  3221007.662
2022  62  28184 GPS  -2267811.042  5009356.242  3221007.650
2022  62  28185 GPS  -2267811.044  5009356.238  3221007.643
2022  62  28186 GPS  -2267811.042  5009356.227  3221007.629
2022  62  28187 GPS  -2267811.045  5009356.222  3221007.632
2022  62  28188 GPS  -2267811.046  5009356.213  3221007.629
2022  62  28189 GPS  -2267811.047  5009356.202  3221007.621
2022  62  28190 GPS  -2267811.043  5009356.195  3221007.613
2022  62  28191 GPS  -2267811.042  5009356.185  3221007.601
2022  62  28192 GPS  -2267811.044  5009356.174  3221007.595
2022  62  28193 GPS  -2267811.037  5009356.161  3221007.588
2022  62  28194 GPS  -2267811.028  5009356.142  3221007.578
2022  62  28195 GPS  -2267811.022  5009356.128  3221007.566
2022  62  28196 GPS  -2267811.020  5009356.128  3221007.558
2022  62  28197 GPS  -2267811.018  5009356.121  3221007.548
2022  62  28198 GPS  -2267811.016  5009356.121  3221007.548
2022  62  28199 GPS  -2267811.015  5009356.121  3221007.549
2022  62  28200 GPS  -2267811.015  5009356.117  3221007.546
2022  62  28201 GPS  -2267811.014  5009356.108  3221007.540
2022  62  28202 GPS  -2267811.018  5009356.098  3221007.533
2022  62  28203 GPS  -2267811.015  5009356.085  3221007.521
2022  62  28204 GPS  -2267811.014  5009356.078  3221007.514
2022  62  28205 GPS  -2267811.011  5009356.076  3221007.514
2022  62  28206 GPS  -2267811.011  5009356.071  3221007.513
2022  62  28207 GPS  -2267811.005  5009356.063  3221007.506
2022  62  28208 GPS  -2267811.000  5009356.052  3221007.496
2022  62  28209 GPS  -2267810.994  5009356.039  3221007.484
2022  62  28210 GPS  -2267810.992  5009356.028  3221007.474
2022  62  28211 GPS  -2267810.994  5009356.023  3221007.479
2022  62  28212 GPS  -2267810.991  5009356.016  3221007.474
2022  62  28213 GPS  -2267810.985  5009356.009  3221007.470
2022  62  28214 GPS  -2267810.977  5009355.993  3221007.463
2022  62  28215 GPS  -2267810.971  5009355.980  3221007.452
2022  62  28216 GPS  -2267810.964  5009355.973  3221007.446
2022  62  28217 GPS  -2267810.959  5009355.972  3221007.446
2022  62  28218 GPS  -2267810.958  5009355.976  3221007.449
2022  62  28219 GPS  -2267810.955  5009355.979  3221007.448
2022  62  28220 GPS  -2267810.945  5009355.977  3221007.441
2022  62  28221 GPS  -2267810.945  5009355.979  3221007.440
2022  62  28222 GPS  -2267810.939  5009355.976  3221007.436
2022  62  28223 GPS  -2267810.931  5009355.971  3221007.433
2022  62  28224 GPS  -2267810.923  5009355.970  3221007.433
2022  62  28225 GPS  -2267810.911  5009355.963  3221007.428
2022  62  28226 GPS  -2267810.905  5009355.968  3221007.427
2022  62  28227 GPS  -2267810.904  5009355.960  3221007.430
2022  62  28228 GPS  -2267810.896  5009355.955  3221007.430
2022  62  28229 GPS  -2267810.890  5009355.954  3221007.429
2022  62  28230 GPS  -2267810.886  5009355.956  3221007.434
2022  62  28231 GPS  -2267810.885  5009355.955  3221007.434
2022  62  28232 GPS  -2267810.880  5009355.954  3221007.434
2022  62  28233 GPS  -2267810.871  5009355.949  3221007.429
2022  62  28234 GPS  -2267810.868  5009355.947  3221007.421
2022  62  28235 GPS  -2267810.868  5009355.951  3221007.417
2022  62  28236 GPS  -2267810.859  5009355.948  3221007.413
2022  62  28237 GPS  -2267810.851  5009355.940  3221007.406
2022  62  28238 GPS  -2267810.851  5009355.937  3221007.399
2022  62  28239 GPS  -2267810.849  5009355.926  3221007.384
2022  62  28240 GPS  -2267810.845  5009355.925  3221007.381
2022  62  28241 GPS  -2267810.843  5009355.918  3221007.373
2022  62  28242 GPS  -2267810.841  5009355.911  3221007.369
2022  62  28243 GPS  -2267810.842  5009355.908  3221007.371
2022  62  28244 GPS  -2267810.841  5009355.904  3221007.374
2022  62  28245 GPS  -2267810.838  5009355.891  3221007.370
2022  62  28246 GPS  -2267810.832  5009355.884  3221007.366
2022  62  28247 GPS  -2267810.826  5009355.879  3221007.368
2022  62  28248 GPS  -2267810.822  5009355.871  3221007.367
2022  62  28249 GPS  -2267810.820  5009355.862  3221007.363
2022  62  28250 GPS  -2267810.817  5009355.857  3221007.367
2022  62  28251 GPS  -2267810.812  5009355.854  3221007.373
2022  62  28252 GPS  -2267810.809  5009355.843  3221007.373
2022  62  28253 GPS  -2267810.804  5009355.831  3221007.375
2022  62  28254 GPS  -2267810.795  5009355.823  3221007.375
2022  62  28255 GPS  -2267810.786  5009355.821  3221007.375
2022  62  28256 GPS  -2267810.777  5009355.820  3221007.376
2022  62  28257 GPS  -2267810.773  5009355.821  3221007.381
2022  62  28258 GPS  -2267810.771  5009355.828  3221007.385
2022  62  28259 GPS  -2267810.767  5009355.825  3221007.381
2022  62  28260 GPS  -2267810.763  5009355.822  3221007.382
2022  62  28261 GPS  -2267810.755  5009355.822  3221007.383
2022  62  28262 GPS  -2267810.749  5009355.822  3221007.385
2022  62  28263 GPS  -2267810.748  5009355.834  3221007.387
2022  62  28264 GPS  -2267810.747  5009355.836  3221007.388
2022  62  28265 GPS  -2267810.744  5009355.835  3221007.385
2022  62  28266 GPS  -2267810.740  5009355.834  3221007.384
2022  62  28267 GPS  -2267810.735  5009355.837  3221007.381
2022  62  28268 GPS  -2267810.731  5009355.852  3221007.385
2022  62  28269 GPS  -2267810.727  5009355.852  3221007.387
2022  62  28270 GPS  -2267810.725  5009355.867  3221007.392
2022  62  28271 GPS  -2267810.719  5009355.862  3221007.387
2022  62  28272 GPS  -2267810.710  5009355.860  3221007.385
2022  62  28273 GPS  -2267810.705  5009355.854  3221007.383
2022  62  28274 GPS  -2267810.699  5009355.847  3221007.380
2022  62  28275 GPS  -2267810.697  5009355.843  3221007.377
2022  62  28276 GPS  -2267810.694  5009355.827  3221007.373
2022  62  28277 GPS  -2267810.695  5009355.830  3221007.377
2022  62  28278 GPS  -2267810.698  5009355.834  3221007.384
2022  62  28279 GPS  -2267810.699  5009355.835  3221007.381
2022  62  28280 GPS  -2267810.696  5009355.841  3221007.384
2022  62  28281 GPS  -2267810.697  5009355.841  3221007.385
2022  62  28282 GPS  -2267810.696  5009355.834  3221007.384
2022  62  28283 GPS  -2267810.693  5009355.829  3221007.385
2022  62  28284 GPS  -2267810.688  5009355.830  3221007.385
2022  62  28285 GPS  -2267810.685  5009355.827  3221007.381
2022  62  28286 GPS  -2267810.684  5009355.821  3221007.377
2022  62  28287 GPS  -2267810.677  5009355.816  3221007.376
2022  62  28288 GPS  -2267810.677  5009355.814  3221007.373
2022  62  28289 GPS  -2267810.683  5009355.820  3221007.372
2022  62  28290 GPS  -2267810.685  5009355.825  3221007.370
2022  62  28291 GPS  -2267810.690  5009355.831  3221007.367
2022  62  28292 GPS  -2267810.694  5009355.828  3221007.361
2022  62  28293 GPS  -2267810.697  5009355.834  3221007.359
2022  62  28294 GPS  -2267810.699  5009355.836  3221007.359
2022  62  28295 GPS  -2267810.697  5009355.833  3221007.355
2022  62  28296 GPS  -2267810.698  5009355.835  3221007.354
2022  62  28297 GPS  -2267810.702  5009355.838  3221007.354
2022  62  28298 GPS  -2267810.697  5009355.825  3221007.347
2022  62  28299 GPS  -2267810.697  5009355.820  3221007.344
2022  62  28300 GPS  -2267810.696  5009355.809  3221007.335
2022  62  28301 GPS  -2267810.694  5009355.805  3221007.328
2022  62  28302 GPS  -2267810.683  5009355.793  3221007.317
2022  62  28303 GPS  -2267810.670  5009355.770  3221007.306
2022  62  28304 GPS  -2267810.660  5009355.750  3221007.294
2022  62  28305 GPS  -2267810.649  5009355.738  3221007.280
2022  62  28306 GPS  -2267810.645  5009355.727  3221007.268
2022  62  28307 GPS  -2267810.641  5009355.716  3221007.264
2022  62  28308 GPS  -2267810.633  5009355.702  3221007.255
2022  62  28309 GPS  -2267810.629  5009355.697  3221007.251
2022  62  28310 GPS  -2267810.626  5009355.690  3221007.244
2022  62  28311 GPS  -2267810.618  5009355.684  3221007.243
2022  62  28312 GPS  -2267810.615  5009355.683  3221007.236
2022  62  28313 GPS  -2267810.610  5009355.682  3221007.228
2022  62  28314 GPS  -2267810.612  5009355.685  3221007.227
2022  62  28315 GPS  -2267810.610  5009355.685  3221007.225
2022  62  28316 GPS  -2267810.610  5009355.694  3221007.228
2022  62  28317 GPS  -2267810.614  5009355.705  3221007.230
2022  62  28318 GPS  -2267810.614  5009355.717  3221007.237
2022  62  28319 GPS  -2267810.614  5009355.716  3221007.229
2022  62  28320 GPS  -2267810.614  5009355.725  3221007.227
2022  62  28321 GPS  -2267810.609  5009355.734  3221007.227
2022  62  28322 GPS  -2267810.605  5009355.737  3221007.230
2022  62  28323 GPS  -2267810.603  5009355.745  3221007.234
2022  62  28324 GPS  -2267810.601  5009355.754  3221007.243
2022  62  28325 GPS  -2267810.598  5009355.760  3221007.245
2022  62  28326 GPS  -2267810.595  5009355.762  3221007.240
2022  62  28327 GPS  -2267810.598  5009355.779  3221007.244
2022  62  28328 GPS  -2267810.597  5009355.794  3221007.248
2022  62  28329 GPS  -2267810.600  5009355.794  3221007.244
2022  62  28330 GPS  -2267810.603  5009355.799  3221007.244
2022  62  28331 GPS  -2267810.603  5009355.803  3221007.245
2022  62  28332 GPS  -2267810.607  5009355.808  3221007.244
2022  62  28333 GPS  -2267810.606  5009355.809  3221007.237
2022  62  28334 GPS  -2267810.609  5009355.819  3221007.232
2022  62  28335 GPS  -2267810.607  5009355.817  3221007.231
2022  62  28336 GPS  -2267810.607  5009355.814  3221007.228
2022  62  28337 GPS  -2267810.602  5009355.815  3221007.220
2022  62  28338 GPS  -2267810.597  5009355.811  3221007.212
2022  62  28339 GPS  -2267810.601  5009355.811  3221007.208
2022  62  28340 GPS  -2267810.598  5009355.809  3221007.198
2022  62  28341 GPS  -2267810.589  5009355.796  3221007.186
2022  62  28342 GPS  -2267810.578  5009355.789  3221007.178
2022  62  28343 GPS  -2267810.571  5009355.782  3221007.168
2022  62  28344 GPS  -2267810.566  5009355.777  3221007.156
2022  62  28345 GPS  -2267810.562  5009355.770  3221007.143
2022  62  28346 GPS  -2267810.563  5009355.771  3221007.140
2022  62  28347 GPS  -2267810.555  5009355.760  3221007.133
2022  62  28348 GPS  -2267810.545  5009355.749  3221007.132
2022  62  28349 GPS  -2267810.544  5009355.744  3221007.128
2022  62  28350 GPS  -2267810.545  5009355.748  3221007.127
2022  62  28351 GPS  -2267810.542  5009355.749  3221007.126
2022  62  28352 GPS  -2267810.540  5009355.748  3221007.127
2022  62  28353 GPS  -2267810.533  5009355.737  3221007.123
2022  62  28354 GPS  -2267810.527  5009355.730  3221007.122
2022  62  28355 GPS  -2267810.520  5009355.725  3221007.121
2022  62  28356 GPS  -2267810.516  5009355.722  3221007.121
2022  62  28357 GPS  -2267810.510  5009355.718  3221007.116
2022  62  28358 GPS  -2267810.503  5009355.717  3221007.116
2022  62  28359 GPS  -2267810.502  5009355.722  3221007.122
2022  62  28360 GPS  -2267810.496  5009355.725  3221007.124
2022  62  28361 GPS  -2267810.495  5009355.724  3221007.126
2022  62  28362 GPS  -2267810.499  5009355.726  3221007.124
2022  62  28363 GPS  -2267810.497  5009355.726  3221007.120
2022  62  28364 GPS  -2267810.488  5009355.717  3221007.113
2022  62  28365 GPS  -2267810.487  5009355.718  3221007.114
2022  62  28366 GPS  -2267810.485  5009355.712  3221007.105
2022  62  28367 GPS  -2267810.483  5009355.708  3221007.102
2022  62  28368 GPS  -2267810.478  5009355.699  3221007.099
2022  62  28369 GPS  -2267810.476  5009355.694  3221007.100
2022  62  28370 GPS  -2267810.467  5009355.684  3221007.095
2022  62  28371 GPS  -2267810.457  5009355.663  3221007.089
2022  62  28372 GPS  -2267810.453  5009355.651  3221007.090
2022  62  28373 GPS  -2267810.448  5009355.635  3221007.087
2022  62  28374 GPS  -2267810.444  5009355.625  3221007.084
2022  62  28375 GPS  -2267810.439  5009355.618  3221007.084
2022  62  28376 GPS  -2267810.438  5009355.614  3221007.085
2022  62  28377 GPS  -2267810.435  5009355.597  3221007.076
2022  62  28378 GPS  -2267810.430  5009355.590  3221007.078
2022  62  28379 GPS  -2267810.427  5009355.587  3221007.075
2022  62  28380 GPS  -2267810.421  5009355.577  3221007.076
2022  62  28381 GPS  -2267810.417  5009355.568  3221007.073
2022  62  28382 GPS  -2267810.418  5009355.564  3221007.076
2022  62  28383 GPS  -2267810.419  5009355.552  3221007.074
2022  62  28384 GPS  -2267810.421  5009355.547  3221007.076
2022  62  28385 GPS  -2267810.414  5009355.529  3221007.066
2022  62  28386 GPS  -2267810.401  5009355.506  3221007.056
2022  62  28387 GPS  -2267810.385  5009355.486  3221007.047
2022  62  28388 GPS  -2267810.380  5009355.484  3221007.047
2022  62  28389 GPS  -2267810.379  5009355.485  3221007.051
2022  62  28390 GPS  -2267810.375  5009355.472  3221007.050
2022  62  28391 GPS  -2267810.365  5009355.462  3221007.047
2022  62  28392 GPS  -2267810.358  5009355.451  3221007.041
2022  62  28393 GPS  -2267810.359  5009355.445  3221007.042
2022  62  28394 GPS  -2267810.354  5009355.433  3221007.037
2022  62  28395 GPS  -2267810.350  5009355.426  3221007.029
2022  62  28396 GPS  -2267810.355  5009355.424  3221007.029
2022  62  28397 GPS  -2267810.359  5009355.424  3221007.028
2022  62  28398 GPS  -2267810.365  5009355.422  3221007.022
2022  62  28399 GPS  -2267810.369  5009355.416  3221007.015
2022  62  28400 GPS  -2267810.376  5009355.416  3221007.013
2022  62  28401 GPS  -2267810.381  5009355.409  3221007.014
2022  62  28402 GPS  -2267810.388  5009355.404  3221007.011
2022  62  28403 GPS  -2267810.390  5009355.394  3221007.002
2022  62  28404 GPS  -2267810.390  5009355.386  3221007.000
2022  62  28405 GPS  -2267810.387  5009355.375  3221006.993
2022  62  28406 GPS  -2267810.382  5009355.368  3221006.994
2022  62  28407 GPS  -2267810.379  5009355.363  3221006.994
2022  62  28408 GPS  -2267810.381  5009355.358  3221006.993
2022  62  28409 GPS  -2267810.381  5009355.355  3221006.990
2022  62  28410 GPS  -2267810.382  5009355.347  3221006.980
2022  62  28411 GPS  -2267810.381  5009355.340  3221006.980
2022  62  28412 GPS  -2267810.376  5009355.331  3221006.975
2022  62  28413 GPS  -2267810.375  5009355.323  3221006.969
2022  62  28414 GPS  -2267810.375  5009355.323  3221006.968
2022  62  28415 GPS  -2267810.375  5009355.320  3221006.968
2022  62  28416 GPS  -2267810.374  5009355.313  3221006.968
2022  62  28417 GPS  -2267810.373  5009355.312  3221006.970
2022  62  28418 GPS  -2267810.369  5009355.308  3221006.972
2022  62  28419 GPS  -2267810.371  5009355.319  3221006.976
2022  62  28420 GPS  -2267810.371  5009355.314  3221006.969
2022  62  28421 GPS  -2267810.375  5009355.324  3221006.973
2022  62  28422 GPS  -2267810.377  5009355.333  3221006.976
2022  62  28423 GPS  -2267810.382  5009355.339  3221006.978
2022  62  28424 GPS  -2267810.383  5009355.344  3221006.978
2022  62  28425 GPS  -2267810.388  5009355.359  3221006.982
2022  62  28426 GPS  -2267810.392  5009355.369  3221006.983
2022  62  28427 GPS  -2267810.394  5009355.382  3221006.985
2022  62  28428 GPS  -2267810.405  5009355.401  3221006.994
2022  62  28429 GPS  -2267810.408  5009355.409  3221006.991
2022  62  28430 GPS  -2267810.405  5009355.423  3221006.991
2022  62  28431 GPS  -2267810.407  5009355.447  3221006.996
2022  62  28432 GPS  -2267810.407  5009355.463  3221006.997
2022  62  28433 GPS  -2267810.406  5009355.463  3221006.992
2022  62  28434 GPS  -2267810.409  5009355.474  3221006.993
2022  62  28435 GPS  -2267810.411  5009355.478  3221006.992
2022  62  28436 GPS  -2267810.411  5009355.485  3221006.992
2022  62  28437 GPS  -2267810.412  5009355.501  3221006.996
2022  62  28438 GPS  -2267810.412  5009355.501  3221006.987
2022  62  28439 GPS  -2267810.413  5009355.501  3221006.974
2022  62  28440 GPS  -2267810.411  5009355.498  3221006.961
2022  62  28441 GPS  -2267810.404  5009355.489  3221006.947
2022  62  28442 GPS  -2267810.398  5009355.488  3221006.940
2022  62  28443 GPS  -2267810.395  5009355.491  3221006.932
2022  62  28444 GPS  -2267810.392  5009355.494  3221006.927
2022  62  28445 GPS  -2267810.386  5009355.492  3221006.923
2022  62  28446 GPS  -2267810.383  5009355.486  3221006.915
2022  62  28447 GPS  -2267810.379  5009355.472  3221006.902
2022  62  28448 GPS  -2267810.376  5009355.454  3221006.885
2022  62  28449 GPS  -2267810.373  5009355.442  3221006.869
2022  62  28450 GPS  -2267810.364  5009355.428  3221006.857
2022  62  28451 GPS  -2267810.358  5009355.419  3221006.853
2022  62  28452 GPS  -2267810.357  5009355.421  3221006.850
2022  62  28453 GPS  -2267810.347  5009355.415  3221006.841
2022  62  28454 GPS  -2267810.337  5009355.406  3221006.832
2022  62  28455 GPS  -2267810.330  5009355.402  3221006.825
2022  62  28456 GPS  -2267810.328  5009355.398  3221006.818
2022  62  28457 GPS  -2267810.326  5009355.402  3221006.809
2022  62  28458 GPS  -2267810.322  5009355.399  3221006.801
2022  62  28459 GPS  -2267810.319  5009355.402  3221006.800
2022  62  28460 GPS  -2267810.306  5009355.386  3221006.793
2022  62  28461 GPS  -2267810.306  5009355.384  3221006.789
2022  62  28462 GPS  -2267810.303  5009355.381  3221006.783
2022  62  28463 GPS  -2267810.298  5009355.373  3221006.775
2022  62  28464 GPS  -2267810.299  5009355.377  3221006.769
2022  62  28465 GPS  -2267810.302  5009355.384  3221006.765
2022  62  28466 GPS  -2267810.300  5009355.378  3221006.761
2022  62  28467 GPS  -2267810.303  5009355.370  3221006.761
2022  62  28468 GPS  -2267810.303  5009355.369  3221006.759
2022  62  28469 GPS  -2267810.301  5009355.367  3221006.759
2022  62  28470 GPS  -2267810.303  5009355.358  3221006.751
2022  62  28471 GPS  -2267810.309  5009355.352  3221006.749
2022  62  28472 GPS  -2267810.310  5009355.346  3221006.744
2022  62  28473 GPS  -2267810.319  5009355.354  3221006.748
2022  62  28474 GPS  -2267810.323  5009355.356  3221006.748
2022  62  28475 GPS  -2267810.330  5009355.350  3221006.739
2022  62  28476 GPS  -2267810.329  5009355.339  3221006.732
2022  62  28477 GPS  -2267810.330  5009355.328  3221006.724
2022  62  28478 GPS  -2267810.328  5009355.319  3221006.715
2022  62  28479 GPS  -2267810.324  5009355.317  3221006.709
2022  62  28480 GPS  -2267810.320  5009355.313  3221006.701
2022  62  28481 GPS  -2267810.315  5009355.302  3221006.695
2022  62  28482 GPS  -2267810.314  5009355.293  3221006.690
2022  62  28483 GPS  -2267810.313  5009355.281  3221006.684
2022  62  28484 GPS  -2267810.312  5009355.268  3221006.679
2022  62  28485 GPS  -2267810.306  5009355.259  3221006.670
2022  62  28486 GPS  -2267810.293  5009355.242  3221006.661
2022  62  28487 GPS  -2267810.282  5009355.232  3221006.660
2022  62  28488 GPS  -2267810.270  5009355.216  3221006.652
2022  62  28489 GPS  -2267810.256  5009355.201  3221006.647
2022  62  28490 GPS  -2267810.244  5009355.192  3221006.642
2022  62  28491 GPS  -2267810.235  5009355.189  3221006.639
2022  62  28492 GPS  -2267810.229  5009355.179  3221006.632
2022  62  28493 GPS  -2267810.219  5009355.173  3221006.623
2022  62  28494 GPS  -2267810.211  5009355.169  3221006.620
2022  62  28495 GPS  -2267810.200  5009355.162  3221006.616
2022  62  28496 GPS  -2267810.196  5009355.151  3221006.607
2022  62  28497 GPS  -2267810.185  5009355.140  3221006.602
2022  62  28498 GPS  -2267810.174  5009355.128  3221006.590
2022  62  28499 GPS  -2267810.166  5009355.121  3221006.581
2022  62  28500 GPS  -2267810.157  5009355.116  3221006.575
2022  62  28501 GPS  -2267810.154  5009355.114  3221006.575
2022  62  28502 GPS  -2267810.148  5009355.110  3221006.570
2022  62  28503 GPS  -2267810.137  5009355.094  3221006.557
2022  62  28504 GPS  -2267810.134  5009355.089  3221006.555
2022  62  28505 GPS  -2267810.135  5009355.081  3221006.553
2022  62  28506 GPS  -2267810.131  5009355.071  3221006.548
2022  62  28507 GPS  -2267810.128  5009355.066  3221006.543
2022  62  28508 GPS  -2267810.123  5009355.063  3221006.534
2022  62  28509 GPS  -2267810.120  5009355.063  3221006.529
2022  62  28510 GPS  -2267810.121  5009355.051  3221006.517
2022  62  28511 GPS  -2267809.673  5009354.669  3221006.080
2022  62  28512 GPS  -2267809.675  5009354.656  3221006.074
2022  62  28513 GPS  -2267809.678  5009354.650  3221006.071
2022  62  28514 GPS  -2267809.676  5009354.651  3221006.072
2022  62  28515 GPS  -2267809.669  5009354.644  3221006.070
2022  62  28516 GPS  -2267809.665  5009354.640  3221006.063
2022  62  28517 GPS  -2267809.666  5009354.639  3221006.063
2022  62  28518 GPS  -2267809.659  5009354.635  3221006.056
2022  62  28519 GPS  -2267809.652  5009354.625  3221006.050
2022  62  28520 GPS  -2267809.644  5009354.620  3221006.042
2022  62  28521 GPS  -2267809.636  5009354.601  3221006.025
2022  62  28522 GPS  -2267809.626  5009354.581  3221006.010
2022  62  28523 GPS  -2267809.615  5009354.565  3221005.997
2022  62  28524 GPS  -2267809.612  5009354.557  3221005.991
2022  62  28525 GPS  -2267809.609  5009354.551  3221005.988
2022  62  28526 GPS  -2267809.600  5009354.544  3221005.982
2022  62  28527 GPS  -2267809.594  5009354.533  3221005.973
2022  62  28528 GPS  -2267809.596  5009354.527  3221005.966
2022  62  28529 GPS  -2267809.592  5009354.529  3221005.967
2022  62  28530 GPS  -2267809.586  5009354.524  3221005.967
2022  62  28531 GPS  -2267809.580  5009354.519  3221005.966
2022  62  28532 GPS  -2267809.574  5009354.510  3221005.963
2022  62  28533 GPS  -2267809.571  5009354.517  3221005.966
2022  62  28534 GPS  -2267809.563  5009354.498  3221005.956
2022  62  28535 GPS  -2267809.556  5009354.489  3221005.949
2022  62  28536 GPS  -2267809.557  5009354.476  3221005.942
2022  62  28537 GPS  -2267809.555  5009354.465  3221005.939
2022  62  28538 GPS  -2267809.553  5009354.457  3221005.936
2022  62  28539 GPS  -2267809.556  5009354.462  3221005.938
2022  62  28540 GPS  -2267809.551  5009354.448  3221005.930
2022  62  28541 GPS  -2267809.548  5009354.442  3221005.927
2022  62  28542 GPS  -2267809.539  5009354.431  3221005.913
2022  62  28543 GPS  -2267809.536  5009354.428  3221005.909
2022  62  28544 GPS  -2267809.526  5009354.421  3221005.903
2022  62  28545 GPS  -2267809.516  5009354.412  3221005.891
2022  62  28546 GPS  -2267809.506  5009354.392  3221005.870
2022  62  28547 GPS  -2267809.498  5009354.377  3221005.856
2022  62  28548 GPS  -2267809.489  5009354.364  3221005.841
2022  62  28549 GPS  -2267809.482  5009354.354  3221005.830
2022  62  28550 GPS  -2267809.610  5009354.515  3221005.875
2022  62  28551 GPS  -2267809.601  5009354.510  3221005.859
2022  62  28552 GPS  -2267809.589  5009354.509  3221005.846
2022  62  28553 GPS  -2267809.578  5009354.508  3221005.840
2022  62  28554 GPS  -2267809.562  5009354.501  3221005.830
2022  62  28555 GPS  -2267809.542  5009354.485  3221005.813
2022  62  28556 GPS  -2267809.525  5009354.467  3221005.797
2022  62  28557 GPS  -2267809.511  5009354.453  3221005.783
2022  62  28558 GPS  -2267809.500  5009354.441  3221005.774
2022  62  28559 GPS  -2267809.493  5009354.434  3221005.769
2022  62  28560 GPS  -2267809.485  5009354.424  3221005.765
2022  62  28561 GPS  -2267809.476  5009354.415  3221005.763
2022  62  28562 GPS  -2267809.466  5009354.413  3221005.760
2022  62  28563 GPS  -2267809.460  5009354.405  3221005.761
2022  62  28564 GPS  -2267809.451  5009354.400  3221005.758
2022  62  28565 GPS  -2267809.444  5009354.404  3221005.758
2022  62  28566 GPS  -2267809.439  5009354.402  3221005.758
2022  62  28567 GPS  -2267809.427  5009354.397  3221005.759
2022  62  28568 GPS  -2267809.423  5009354.392  3221005.758
2022  62  28569 GPS  -2267809.422  5009354.386  3221005.759
2022  62  28570 GPS  -2267809.422  5009354.372  3221005.756
2022  62  28571 GPS  -2267809.416  5009354.360  3221005.753
2022  62  28572 GPS  -2267809.414  5009354.349  3221005.755
2022  62  28573 GPS  -2267809.411  5009354.344  3221005.759
2022  62  28574 GPS  -2267809.408  5009354.336  3221005.761
2022  62  28575 GPS  -2267809.405  5009354.331  3221005.764
2022  62  28576 GPS  -2267809.400  5009354.321  3221005.762
2022  62  28577 GPS  -2267809.391  5009354.317  3221005.761
2022  62  28578 GPS  -2267809.388  5009354.311  3221005.763
2022  62  28579 GPS  -2267809.379  5009354.299  3221005.761
2022  62  28580 GPS  -2267809.374  5009354.292  3221005.758
2022  62  28581 GPS  -2267809.368  5009354.283  3221005.757
2022  62  28582 GPS  -2267809.363  5009354.283  3221005.759
2022  62  28583 GPS  -2267809.359  5009354.274  3221005.756
2022  62  28584 GPS  -2267809.353  5009354.262  3221005.749
2022  62  28585 GPS  -2267809.350  5009354.255  3221005.746
2022  62  28586 GPS  -2267809.341  5009354.242  3221005.737
2022  62  28587 GPS  -2267809.337  5009354.235  3221005.728
2022  62  28588 GPS  -2267809.331  5009354.231  3221005.724
2022  62  28589 GPS  -2267809.323  5009354.222  3221005.714
2022  62  28590 GPS  -2267809.317  5009354.211  3221005.704
2022  62  28591 GPS  -2267809.311  5009354.207  3221005.696
2022  62  28592 GPS  -2267809.305  5009354.211  3221005.694
2022  62  28593 GPS  -2267809.304  5009354.212  3221005.691
2022  62  28594 GPS  -2267809.300  5009354.216  3221005.690
2022  62  28595 GPS  -2267809.295  5009354.217  3221005.685
2022  62  28596 GPS  -2267809.297  5009354.219  3221005.680
2022  62  28597 GPS  -2267809.292  5009354.216  3221005.670
2022  62  28598 GPS  -2267809.293  5009354.226  3221005.670
2022  62  28599 GPS  -2267809.297  5009354.234  3221005.669
2022  62  28600 GPS  -2267809.300  5009354.234  3221005.669
2022  62  28601 GPS  -2267809.299  5009354.236  3221005.666
2022  62  28602 GPS  -2267809.297  5009354.235  3221005.664
2022  62  28603 GPS  -2267809.302  5009354.238  3221005.668
2022  62  28604 GPS  -2267809.301  5009354.236  3221005.669
2022  62  28605 GPS  -2267809.297  5009354.245  3221005.673
2022  62  28606 GPS  -2267809.293  5009354.253  3221005.675
2022  62  28607 GPS  -2267809.292  5009354.255  3221005.676
2022  62  28608 GPS  -2267809.288  5009354.259  3221005.676
2022  62  28609 GPS  -2267809.287  5009354.258  3221005.677
2022  62  28610 GPS  -2267809.285  5009354.254  3221005.677
2022  62  28611 GPS  -2267809.284  5009354.247  3221005.679
2022  62  28612 GPS  -2267809.285  5009354.254  3221005.686
2022  62  28613 GPS  -2267809.285  5009354.250  3221005.684
2022  62  28614 GPS  -2267809.287  5009354.242  3221005.683
2022  62  28615 GPS  -2267809.286  5009354.230  3221005.682
2022  62  28616 GPS  -2267809.280  5009354.214  3221005.672
2022  62  28617 GPS  -2267809.276  5009354.210  3221005.669
2022  62  28618 GPS  -2267809.276  5009354.211  3221005.672
2022  62  28619 GPS  -2267809.277  5009354.216  3221005.669
2022  62  28620 GPS  -2267809.274  5009354.210  3221005.665
2022  62  28621 GPS  -2267809.271  5009354.203  3221005.664
2022  62  28622 GPS  -2267809.266  5009354.199  3221005.661
2022  62  28623 GPS  -2267809.264  5009354.188  3221005.655
2022  62  28624 GPS  -2267809.261  5009354.181  3221005.648
2022  62  28625 GPS  -2267809.259  5009354.181  3221005.644
2022  62  28626 GPS  -2267809.253  5009354.174  3221005.635
2022  62  28627 GPS  -2267809.250  5009354.170  3221005.630
2022  62  28628 GPS  -2267809.256  5009354.175  3221005.625
2022  62  28629 GPS  -2267809.253  5009354.173  3221005.618
2022  62  28630 GPS  -2267809.247  5009354.163  3221005.606
2022  62  28631 GPS  -2267809.246  5009354.160  3221005.603
2022  62  28632 GPS  -2267809.251  5009354.159  3221005.602
2022  62  28633 GPS  -2267809.252  5009354.164  3221005.600
2022  62  28634 GPS  -2267809.246  5009354.163  3221005.597
2022  62  28635 GPS  -2267809.242  5009354.164  3221005.588
2022  62  28636 GPS  -2267809.238  5009354.167  3221005.582
2022  62  28637 GPS  -2267809.237  5009354.173  3221005.575
2022  62  28638 GPS  -2267809.237  5009354.175  3221005.567
2022  62  28639 GPS  -2267809.236  5009354.174  3221005.564
2022  62  28640 GPS  -2267809.235  5009354.177  3221005.561
2022  62  28641 GPS  -2267809.231  5009354.175  3221005.552
2022  62  28642 GPS  -2267809.224  5009354.177  3221005.545
2022  62  28643 GPS  -2267809.221  5009354.180  3221005.539
2022  62  28644 GPS  -2267809.222  5009354.185  3221005.537
2022  62  28645 GPS  -2267809.220  5009354.186  3221005.530
2022  62  28646 GPS  -2267809.219  5009354.188  3221005.526
2022  62  28647 GPS  -2267809.222  5009354.191  3221005.527
2022  62  28648 GPS  -2267809.227  5009354.191  3221005.520
2022  62  28649 GPS  -2267809.233  5009354.203  3221005.521
2022  62  28650 GPS  -2267809.240  5009354.214  3221005.519
2022  62  28651 GPS  -2267809.247  5009354.220  3221005.517
2022  62  28652 GPS  -2267809.250  5009354.225  3221005.514
2022  62  28653 GPS  -2267809.251  5009354.229  3221005.511
2022  62  28654 GPS  -2267809.256  5009354.235  3221005.507
2022  62  28655 GPS  -2267809.261  5009354.243  3221005.507
2022  62  28656 GPS  -2267809.259  5009354.246  3221005.502
2022  62  28657 GPS  -2267809.260  5009354.255  3221005.502
2022  62  28658 GPS  -2267809.262  5009354.254  3221005.498
2022  62  28659 GPS  -2267809.257  5009354.248  3221005.488
2022  62  28660 GPS  -2267809.252  5009354.247  3221005.487
2022  62  28661 GPS  -2267809.254  5009354.237  3221005.476
2022  62  28662 GPS  -2267809.257  5009354.235  3221005.473
2022  62  28663 GPS  -2267809.258  5009354.237  3221005.469
2022  62  28664 GPS  -2267809.258  5009354.236  3221005.467
2022  62  28665 GPS  -2267809.258  5009354.226  3221005.461
2022  62  28666 GPS  -2267809.256  5009354.230  3221005.464
2022  62  28667 GPS  -2267809.245  5009354.214  3221005.455
2022  62  28668 GPS  -2267809.241  5009354.204  3221005.450
2022  62  28669 GPS  -2267809.236  5009354.198  3221005.444
2022  62  28670 GPS  -2267809.230  5009354.203  3221005.437
2022  62  28671 GPS  -2267809.225  5009354.203  3221005.432
2022  62  28672 GPS  -2267809.224  5009354.201  3221005.422
2022  62  28673 GPS  -2267809.224  5009354.195  3221005.412
2022  62  28674 GPS  -2267809.227  5009354.187  3221005.402
2022  62  28675 GPS  -2267809.226  5009354.175  3221005.392
2022  62  28676 GPS  -2267809.225  5009354.165  3221005.386
2022  62  28677 GPS  -2267809.221  5009354.155  3221005.376
2022  62  28678 GPS  -2267809.215  5009354.144  3221005.373
2022  62  28679 GPS  -2267809.216  5009354.132  3221005.361
2022  62  28680 GPS  -2267809.212  5009354.122  3221005.347
2022  62  28681 GPS  -2267809.206  5009354.109  3221005.333
2022  62  28682 GPS  -2267809.205  5009354.105  3221005.324
2022  62  28683 GPS  -2267809.198  5009354.099  3221005.321
2022  62  28684 GPS  -2267809.197  5009354.104  3221005.321
2022  62  28685 GPS  -2267809.194  5009354.088  3221005.304
2022  62  28686 GPS  -2267809.191  5009354.074  3221005.290
2022  62  28687 GPS  -2267809.188  5009354.061  3221005.276
2022  62  28688 GPS  -2267809.185  5009354.055  3221005.268
2022  62  28689 GPS  -2267809.185  5009354.047  3221005.257
2022  62  28690 GPS  -2267809.181  5009354.034  3221005.251
2022  62  28691 GPS  -2267809.182  5009354.027  3221005.246
2022  62  28692 GPS  -2267809.182  5009354.031  3221005.241
2022  62  28693 GPS  -2267809.174  5009354.023  3221005.226
2022  62  28694 GPS  -2267809.172  5009354.025  3221005.221
2022  62  28695 GPS  -2267809.169  5009354.028  3221005.216
2022  62  28696 GPS  -2267809.168  5009354.024  3221005.204
2022  62  28697 GPS  -2267809.163  5009354.016  3221005.196
2022  62  28698 GPS  -2267809.156  5009354.006  3221005.184
2022  62  28699 GPS  -2267809.149  5009353.996  3221005.165
2022  62  28700 GPS  -2267809.141  5009353.985  3221005.155
2022  62  28701 GPS  -2267809.136  5009353.985  3221005.148
2022  62  28702 GPS  -2267809.131  5009353.972  3221005.136
2022  62  28703 GPS  -2267809.125  5009353.970  3221005.127
2022  62  28704 GPS  -2267809.122  5009353.962  3221005.119
2022  62  28705 GPS  -2267809.117  5009353.957  3221005.111
2022  62  28706 GPS  -2267809.110  5009353.956  3221005.103
2022  62  28707 GPS  -2267809.105  5009353.954  3221005.098
2022  62  28708 GPS  -2267809.099  5009353.943  3221005.088
2022  62  28709 GPS  -2267809.096  5009353.937  3221005.076
2022  62  28710 GPS  -2267809.094  5009353.930  3221005.066
2022  62  28711 GPS  -2267809.091  5009353.923  3221005.058
2022  62  28712 GPS  -2267809.083  5009353.909  3221005.047
2022  62  28713 GPS  -2267809.080  5009353.898  3221005.038
2022  62  28714 GPS  -2267809.082  5009353.889  3221005.031
2022  62  28715 GPS  -2267809.081  5009353.888  3221005.030
2022  62  28716 GPS  -2267809.076  5009353.880  3221005.021
2022  62  28717 GPS  -2267809.076  5009353.879  3221005.021
2022  62  28718 GPS  -2267809.077  5009353.882  3221005.020
2022  62  28719 GPS  -2267809.071  5009353.872  3221005.018
2022  62  28720 GPS  -2267809.062  5009353.866  3221005.014
2022  62  28721 GPS  -2267809.054  5009353.855  3221005.009
2022  62  28722 GPS  -2267809.049  5009353.850  3221005.010
2022  62  28723 GPS  -2267809.047  5009353.845  3221005.011
2022  62  28724 GPS  -2267809.046  5009353.843  3221005.015
2022  62  28725 GPS  -2267809.043  5009353.837  3221005.012
2022  62  28726 GPS  -2267809.043  5009353.823  3221005.005
2022  62  28727 GPS  -2267809.046  5009353.815  3221005.004
2022  62  28728 GPS  -2267809.046  5009353.804  3221005.001
2022  62  28729 GPS  -2267809.046  5009353.797  3221004.993
2022  62  28730 GPS  -2267809.040  5009353.783  3221004.986
2022  62  28731 GPS  -2267809.035  5009353.769  3221004.981
2022  62  28732 GPS  -2267809.033  5009353.761  3221004.980
2022  62  28733 GPS  -2267809.030  5009353.753  3221004.978
2022  62  28734 GPS  -2267809.032  5009353.750  3221004.978
2022  62  28735 GPS  -2267809.033  5009353.745  3221004.978
2022  62  28736 GPS  -2267809.032  5009353.742  3221004.981
2022  62  28737 GPS  -2267809.032  5009353.740  3221004.983
2022  62  28738 GPS  -2267809.029  5009353.738  3221004.984
2022  62  28739 GPS  -2267809.028  5009353.737  3221004.986
2022  62  28740 GPS  -2267809.027  5009353.746  3221004.991
2022  62  28741 GPS  -2267809.024  5009353.757  3221004.997
2022  62  28742 GPS  -2267809.021  5009353.776  3221005.009
2022  62  28743 GPS  -2267809.021  5009353.782  3221005.017
2022  62  28744 GPS  -2267809.019  5009353.784  3221005.022
2022  62  28745 GPS  -2267809.016  5009353.786  3221005.024
2022  62  28746 GPS  -2267809.011  5009353.786  3221005.020
2022  62  28747 GPS  -2267809.010  5009353.789  3221005.018
2022  62  28748 GPS  -2267809.006  5009353.790  3221005.011
2022  62  28749 GPS  -2267809.001  5009353.788  3221005.005
2022  62  28750 GPS  -2267808.994  5009353.783  3221004.996
2022  62  28751 GPS  -2267808.991  5009353.769  3221004.982
2022  62  28752 GPS  -2267808.988  5009353.764  3221004.974
2022  62  28753 GPS  -2267808.983  5009353.759  3221004.967
2022  62  28754 GPS  -2267808.978  5009353.760  3221004.961
2022  62  28755 GPS  -2267808.976  5009353.765  3221004.957
2022  62  28756 GPS  -2267808.973  5009353.761  3221004.949
2022  62  28757 GPS  -2267808.969  5009353.758  3221004.944
2022  62  28758 GPS  -2267808.963  5009353.749  3221004.935
2022  62  28759 GPS  -2267808.959  5009353.740  3221004.927
2022  62  28760 GPS  -2267808.956  5009353.730  3221004.914
2022  62  28761 GPS  -2267808.950  5009353.721  3221004.907
2022  62  28762 GPS  -2267808.946  5009353.717  3221004.904
2022  62  28763 GPS  -2267808.937  5009353.707  3221004.896
2022  62  28764 GPS  -2267808.922  5009353.694  3221004.884
2022  62  28765 GPS  -2267808.913  5009353.677  3221004.868
2022  62  28766 GPS  -2267808.901  5009353.659  3221004.858
2022  62  28767 GPS  -2267808.896  5009353.648  3221004.849
2022  62  28768 GPS  -2267808.890  5009353.643  3221004.837
2022  62  28769 GPS  -2267808.888  5009353.637  3221004.830
2022  62  28770 GPS  -2267808.879  5009353.626  3221004.820
2022  62  28771 GPS  -2267808.874  5009353.614  3221004.809
2022  62  28772 GPS  -2267808.865  5009353.597  3221004.796
2022  62  28773 GPS  -2267808.859  5009353.580  3221004.782
2022  62  28774 GPS  -2267808.858  5009353.571  3221004.776
2022  62  28775 GPS  -2267808.853  5009353.559  3221004.768
2022  62  28776 GPS  -2267808.851  5009353.559  3221004.770
2022  62  28777 GPS  -2267808.850  5009353.560  3221004.767
2022  62  28778 GPS  -2267808.858  5009353.567  3221004.770
2022  62  28779 GPS  -2267808.861  5009353.582  3221004.780
2022  62  28780 GPS  -2267808.868  5009353.588  3221004.783
2022  62  28781 GPS  -2267808.871  5009353.594  3221004.784
2022  62  28782 GPS  -2267808.879  5009353.599  3221004.787
2022  62  28783 GPS  -2267808.882  5009353.597  3221004.788
2022  62  28784 GPS  -2267808.886  5009353.587  3221004.784
2022  62  28785 GPS  -2267808.887  5009353.586  3221004.784
2022  62  28786 GPS  -2267808.890  5009353.588  3221004.780
2022  62  28787 GPS  -2267808.893  5009353.585  3221004.776
2022  62  28788 GPS  -2267808.896  5009353.582  3221004.774
2022  62  28789 GPS  -2267808.898  5009353.584  3221004.775
2022  62  28790 GPS  -2267808.900  5009353.587  3221004.777
2022  62  28791 GPS  -2267808.895  5009353.591  3221004.781
2022  62  28792 GPS  -2267808.890  5009353.598  3221004.785
2022  62  28793 GPS  -2267808.885  5009353.601  3221004.787
2022  62  28794 GPS  -2267808.881  5009353.598  3221004.790
2022  62  28795 GPS  -2267808.881  5009353.595  3221004.789
2022  62  28796 GPS  -2267808.881  5009353.604  3221004.797
2022  62  28797 GPS  -2267808.877  5009353.603  3221004.805
2022  62  28798 GPS  -2267808.877  5009353.599  3221004.806
2022  62  28799 GPS  -2267808.876  5009353.591  3221004.805
2022  62  28800 GPS  -2267808.871  5009353.578  3221004.797
2022  62  28801 GPS  -2267808.865  5009353.576  3221004.800
2022  62  28802 GPS  -2267808.861  5009353.581  3221004.805
2022  62  28803 GPS  -2267808.855  5009353.574  3221004.810
2022  62  28804 GPS  -2267808.853  5009353.575  3221004.815
2022  62  28805 GPS  -2267808.850  5009353.582  3221004.816
2022  62  28806 GPS  -2267808.848  5009353.582  3221004.821
2022  62  28807 GPS  -2267808.845  5009353.574  3221004.818
2022  62  28808 GPS  -2267808.847  5009353.562  3221004.810
2022  62  28809 GPS  -2267808.842  5009353.549  3221004.808
2022  62  28810 GPS  -2267808.837  5009353.544  3221004.810
2022  62  28811 GPS  -2267808.827  5009353.529  3221004.809
2022  62  28812 GPS  -2267808.820  5009353.523  3221004.813
2022  62  28813 GPS  -2267808.817  5009353.513  3221004.811
2022  62  28814 GPS  -2267808.816  5009353.511  3221004.814
2022  62  28815 GPS  -2267808.814  5009353.512  3221004.821
2022  62  28816 GPS  -2267808.703  5009353.580  3221004.945
2022  62  28817 GPS  -2267808.703  5009353.590  3221004.950
2022  62  28818 GPS  -2267808.702  5009353.598  3221004.955
2022  62  28819 GPS  -2267808.697  5009353.605  3221004.957
2022  62  28820 GPS  -2267808.699  5009353.608  3221004.958
2022  62  28821 GPS  -2267808.698  5009353.620  3221004.962
2022  62  28822 GPS  -2267808.701  5009353.631  3221004.966
2022  62  28823 GPS  -2267808.705  5009353.653  3221004.980
2022  62  28824 GPS  -2267808.707  5009353.664  3221004.990
2022  62  28825 GPS  -2267808.707  5009353.663  3221004.988
2022  62  28826 GPS  -2267808.706  5009353.666  3221004.989
2022  62  28827 GPS  -2267808.702  5009353.663  3221004.982
2022  62  28828 GPS  -2267808.695  5009353.648  3221004.973
2022  62  28829 GPS  -2267808.688  5009353.635  3221004.970
2022  62  28830 GPS  -2267808.681  5009353.626  3221004.970
2022  62  28831 GPS  -2267808.682  5009353.614  3221004.967
2022  62  28832 GPS  -2267808.677  5009353.601  3221004.961
2022  62  28833 GPS  -2267808.676  5009353.600  3221004.961
2022  62  28834 GPS  -2267808.669  5009353.595  3221004.960
2022  62  28835 GPS  -2267808.673  5009353.599  3221004.963
2022  62  28836 GPS  -2267808.668  5009353.606  3221004.966
2022  62  28837 GPS  -2267808.665  5009353.612  3221004.964
2022  62  28838 GPS  -2267808.657  5009353.612  3221004.963
2022  62  28839 GPS  -2267808.653  5009353.615  3221004.961
2022  62  28840 GPS  -2267808.649  5009353.614  3221004.959
2022  62  28841 GPS  -2267808.648  5009353.620  3221004.960
2022  62  28842 GPS  -2267808.644  5009353.617  3221004.958
2022  62  28843 GPS  -2267808.644  5009353.616  3221004.963
2022  62  28844 GPS  -2267808.643  5009353.610  3221004.959
2022  62  28845 GPS  -2267808.645  5009353.603  3221004.951
2022  62  28846 GPS  -2267808.648  5009353.602  3221004.947
2022  62  28847 GPS  -2267808.647  5009353.604  3221004.948
2022  62  28848 GPS  -2267808.639  5009353.591  3221004.938
2022  62  28849 GPS  -2267808.637  5009353.585  3221004.930
2022  62  28850 GPS  -2267808.631  5009353.582  3221004.930
2022  62  28851 GPS  -2267808.631  5009353.579  3221004.933
2022  62  28852 GPS  -2267808.629  5009353.568  3221004.925
2022  62  28853 GPS  -2267808.625  5009353.566  3221004.923
2022  62  28854 GPS  -2267808.630  5009353.570  3221004.925
2022  62  28855 GPS  -2267808.629  5009353.574  3221004.925
2022  62  28856 GPS  -2267808.627  5009353.577  3221004.925
2022  62  28857 GPS  -2267808.624  5009353.574  3221004.920
2022  62  28858 GPS  -2267808.623  5009353.577  3221004.921
2022  62  28859 GPS  -2267808.619  5009353.579  3221004.919
2022  62  28860 GPS  -2267808.616  5009353.586  3221004.920
2022  62  28861 GPS  -2267808.612  5009353.585  3221004.921
2022  62  28862 GPS  -2267808.607  5009353.574  3221004.914
2022  62  28863 GPS  -2267808.605  5009353.578  3221004.912
2022  62  28864 GPS  -2267808.604  5009353.580  3221004.912
2022  62  28865 GPS  -2267808.598  5009353.573  3221004.908
2022  62  28866 GPS  -2267808.592  5009353.565  3221004.899
2022  62  28867 GPS  -2267808.590  5009353.561  3221004.897
2022  62  28868 GPS  -2267808.587  5009353.552  3221004.895
2022  62  28869 GPS  -2267808.589  5009353.553  3221004.897
2022  62  28870 GPS  -2267808.592  5009353.551  3221004.899
2022  62  28871 GPS  -2267808.600  5009353.553  3221004.901
2022  62  28872 GPS  -2267808.604  5009353.560  3221004.905
2022  62  28873 GPS  -2267808.606  5009353.562  3221004.898
2022  62  28874 GPS  -2267808.608  5009353.561  3221004.899
2022  62  28875 GPS  -2267808.604  5009353.556  3221004.895
2022  62  28876 GPS  -2267808.599  5009353.554  3221004.895
2022  62  28877 GPS  -2267808.596  5009353.548  3221004.890
2022  62  28878 GPS  -2267808.593  5009353.547  3221004.887
2022  62  28879 GPS  -2267808.591  5009353.545  3221004.886
2022  62  28880 GPS  -2267808.583  5009353.529  3221004.876
2022  62  28881 GPS  -2267808.581  5009353.528  3221004.872
2022  62  28882 GPS  -2267808.575  5009353.524  3221004.871
2022  62  28883 GPS  -2267808.566  5009353.516  3221004.865
2022  62  28884 GPS  -2267808.559  5009353.511  3221004.863
2022  62  28885 GPS  -2267808.549  5009353.499  3221004.854
2022  62  28886 GPS  -2267808.535  5009353.483  3221004.848
2022  62  28887 GPS  -2267808.527  5009353.472  3221004.845
2022  62  28888 GPS  -2267808.526  5009353.470  3221004.849
2022  62  28889 GPS  -2267808.523  5009353.469  3221004.852
2022  62  28890 GPS  -2267808.528  5009353.470  3221004.854
2022  62  28891 GPS  -2267808.529  5009353.472  3221004.857
2022  62  28892 GPS  -2267808.529  5009353.471  3221004.863
2022  62  28893 GPS  -2267808.526  5009353.471  3221004.870
2022  62  28894 GPS  -2267808.517  5009353.470  3221004.877
2022  62  28895 GPS  -2267808.507  5009353.464  3221004.877
2022  62  28896 GPS  -2267808.501  5009353.457  3221004.872
2022  62  28897 GPS  -2267808.494  5009353.447  3221004.868
2022  62  28898 GPS  -2267808.486  5009353.436  3221004.857
2022  62  28899 GPS  -2267808.478  5009353.424  3221004.851
2022  62  28900 GPS  -2267808.474  5009353.409  3221004.843
2022  62  28901 GPS  -2267808.465  5009353.404  3221004.835
2022  62  28902 GPS  -2267808.458  5009353.392  3221004.826
2022  62  28903 GPS  -2267808.451  5009353.377  3221004.813
2022  62  28904 GPS  -2267808.444  5009353.370  3221004.805
2022  62  28905 GPS  -2267808.438  5009353.368  3221004.799
2022  62  28906 GPS  -2267808.435  5009353.358  3221004.791
2022  62  28907 GPS  -2267808.432  5009353.353  3221004.786
2022  62  28908 GPS  -2267808.430  5009353.352  3221004.785
2022  62  28909 GPS  -2267808.432  5009353.349  3221004.786
2022  62  28910 GPS  -2267808.431  5009353.341  3221004.781
2022  62  28911 GPS  -2267808.427  5009353.331  3221004.777
2022  62  28912 GPS  -2267808.425  5009353.313  3221004.764
2022  62  28913 GPS  -2267808.422  5009353.297  3221004.752
2022  62  28914 GPS  -2267808.416  5009353.279  3221004.741
2022  62  28915 GPS  -2267808.406  5009353.256  3221004.726
2022  62  28916 GPS  -2267808.401  5009353.236  3221004.711
2022  62  28917 GPS  -2267808.395  5009353.224  3221004.699
2022  62  28918 GPS  -2267808.392  5009353.207  3221004.682
2022  62  28919 GPS  -2267808.387  5009353.201  3221004.675
2022  62  28920 GPS  -2267808.384  5009353.198  3221004.665
2022  62  28921 GPS  -2267808.380  5009353.189  3221004.652
2022  62  28922 GPS  -2267808.382  5009353.194  3221004.650
2022  62  28923 GPS  -2267808.381  5009353.193  3221004.639
2022  62  28924 GPS  -2267808.377  5009353.178  3221004.624
2022  62  28925 GPS  -2267808.372  5009353.171  3221004.616
2022  62  28926 GPS  -2267808.374  5009353.171  3221004.611
2022  62  28927 GPS  -2267808.378  5009353.168  3221004.604
2022  62  28928 GPS  -2267808.378  5009353.165  3221004.594
2022  62  28929 GPS  -2267808.378  5009353.158  3221004.583
2022  62  28930 GPS  -2267808.385  5009353.152  3221004.570
2022  62  28931 GPS  -2267808.391  5009353.142  3221004.557
2022  62  28932 GPS  -2267808.397  5009353.140  3221004.551
2022  62  28933 GPS  -2267808.396  5009353.137  3221004.540
2022  62  28934 GPS  -2267808.396  5009353.147  3221004.540
2022  62  28935 GPS  -2267808.398  5009353.141  3221004.533
2022  62  28936 GPS  -2267808.401  5009353.137  3221004.526
2022  62  28937 GPS  -2267808.403  5009353.134  3221004.517
2022  62  28938 GPS  -2267808.406  5009353.127  3221004.509
2022  62  28939 GPS  -2267808.405  5009353.118  3221004.498
2022  62  28940 GPS  -2267808.402  5009353.112  3221004.489
2022  62  28941 GPS  -2267808.400  5009353.104  3221004.477
2022  62  28942 GPS  -2267808.392  5009353.088  3221004.466
2022  62  28943 GPS  -2267808.388  5009353.072  3221004.455
2022  62  28944 GPS  -2267808.386  5009353.068  3221004.451
2022  62  28945 GPS  -2267808.383  5009353.060  3221004.445
2022  62  28946 GPS  -2267808.377  5009353.046  3221004.437
2022  62  28947 GPS  -2267808.369  5009353.032  3221004.432
2022  62  28948 GPS  -2267808.360  5009353.019  3221004.424
2022  62  28949 GPS  -2267808.356  5009353.007  3221004.415
2022  62  28950 GPS  -2267808.348  5009352.991  3221004.404
2022  62  28951 GPS  -2267808.339  5009352.969  3221004.389
2022  62  28952 GPS  -2267808.336  5009352.960  3221004.380
2022  62  28953 GPS  -2267808.335  5009352.945  3221004.370
2022  62  28954 GPS  -2267808.330  5009352.933  3221004.360
2022  62  28955 GPS  -2267808.322  5009352.916  3221004.351
2022  62  28956 GPS  -2267808.321  5009352.911  3221004.348
2022  62  28957 GPS  -2267808.315  5009352.907  3221004.342
2022  62  28958 GPS  -2267808.315  5009352.910  3221004.342
2022  62  28959 GPS  -2267808.309  5009352.896  3221004.335
2022  62  28960 GPS  -2267808.314  5009352.897  3221004.331
2022  62  28961 GPS  -2267808.314  5009352.896  3221004.326
2022  62  28962 GPS  -2267808.310  5009352.886  3221004.319
2022  62  28963 GPS  -2267808.309  5009352.882  3221004.314
2022  62  28964 GPS  -2267808.303  5009352.876  3221004.312
2022  62  28965 GPS  -2267808.296  5009352.877  3221004.308
2022  62  28966 GPS  -2267808.292  5009352.882  3221004.309
2022  62  28967 GPS  -2267808.292  5009352.886  3221004.309
2022  62  28968 GPS  -2267808.294  5009352.886  3221004.304
2022  62  28969 GPS  -2267808.292  5009352.876  3221004.294
2022  62  28970 GPS  -2267808.292  5009352.877  3221004.288
2022  62  28971 GPS  -2267808.293  5009352.883  3221004.287
2022  62  28972 GPS  -2267808.294  5009352.894  3221004.290
2022  62  28973 GPS  -2267808.299  5009352.902  3221004.291
2022  62  28974 GPS  -2267808.304  5009352.915  3221004.289
2022  62  28975 GPS  -2267808.311  5009352.931  3221004.294
2022  62  28976 GPS  -2267808.317  5009352.945  3221004.300
2022  62  28977 GPS  -2267808.323  5009352.955  3221004.296
2022  62  28978 GPS  -2267808.323  5009352.958  3221004.291
2022  62  28979 GPS  -2267808.323  5009352.966  3221004.293
2022  62  28980 GPS  -2267808.321  5009352.972  3221004.295
2022  62  28981 GPS  -2267808.318  5009352.970  3221004.296
2022  62  28982 GPS  -2267808.312  5009352.964  3221004.295
2022  62  28983 GPS  -2267808.314  5009352.967  3221004.294
2022  62  28984 GPS  -2267808.315  5009352.958  3221004.296
2022  62  28985 GPS  -2267808.317  5009352.959  3221004.295
2022  62  28986 GPS  -2267808.315  5009352.960  3221004.299
2022  62  28987 GPS  -2267808.308  5009352.952  3221004.293
2022  62  28988 GPS  -2267808.299  5009352.940  3221004.289
2022  62  28989 GPS  -2267808.294  5009352.945  3221004.293
2022  62  28990 GPS  -2267808.283  5009352.943  3221004.293
2022  62  28991 GPS  -2267808.273  5009352.936  3221004.293
2022  62  28992 GPS  -2267808.267  5009352.929  3221004.293
2022  62  28993 GPS  -2267808.261  5009352.920  3221004.294
2022  62  28994 GPS  -2267808.251  5009352.909  3221004.290
2022  62  28995 GPS  -2267808.239  5009352.894  3221004.284
2022  62  28996 GPS  -2267808.233  5009352.885  3221004.276
2022  62  28997 GPS  -2267808.228  5009352.872  3221004.273
2022  62  28998 GPS  -2267808.223  5009352.866  3221004.271
2022  62  28999 GPS  -2267808.219  5009352.864  3221004.270
2022  62  29000 GPS  -2267808.214  5009352.860  3221004.271
2022  62  29001 GPS  -2267808.210  5009352.856  3221004.272
2022  62  29002 GPS  -2267808.207  5009352.856  3221004.274
2022  62  29003 GPS  -2267808.208  5009352.852  3221004.268
2022  62  29004 GPS  -2267808.204  5009352.846  3221004.264
2022  62  29005 GPS  -2267808.200  5009352.835  3221004.255
2022  62  29006 GPS  -2267808.193  5009352.824  3221004.248
2022  62  29007 GPS  -2267808.191  5009352.824  3221004.242
2022  62  29008 GPS  -2267808.184  5009352.823  3221004.241
2022  62  29009 GPS  -2267808.181  5009352.826  3221004.237
2022  62  29010 GPS  -2267808.181  5009352.834  3221004.239
2022  62  29011 GPS  -2267808.178  5009352.841  3221004.237
2022  62  29012 GPS  -2267808.171  5009352.839  3221004.229
2022  62  29013 GPS  -2267808.166  5009352.837  3221004.219
2022  62  29014 GPS  -2267808.161  5009352.831  3221004.206
2022  62  29015 GPS  -2267808.153  5009352.818  3221004.191
2022  62  29016 GPS  -2267808.147  5009352.814  3221004.189
2022  62  29017 GPS  -2267808.141  5009352.805  3221004.183
2022  62  29018 GPS  -2267808.141  5009352.790  3221004.176
2022  62  29019 GPS  -2267808.146  5009352.787  3221004.173
2022  62  29020 GPS  -2267808.145  5009352.786  3221004.173
2022  62  29021 GPS  -2267808.146  5009352.777  3221004.171
2022  62  29022 GPS  -2267808.144  5009352.763  3221004.165
2022  62  29023 GPS  -2267808.148  5009352.756  3221004.163
2022  62  29024 GPS  -2267808.153  5009352.764  3221004.166
2022  62  29025 GPS  -2267808.152  5009352.761  3221004.165
2022  62  29026 GPS  -2267808.154  5009352.756  3221004.165
2022  62  29027 GPS  -2267808.149  5009352.746  3221004.161
2022  62  29028 GPS  -2267808.146  5009352.739  3221004.164
2022  62  29029 GPS  -2267808.149  5009352.740  3221004.170
2022  62  29030 GPS  -2267808.156  5009352.733  3221004.174
2022  62  29031 GPS  -2267808.157  5009352.731  3221004.178
2022  62  29032 GPS  -2267808.157  5009352.727  3221004.180
2022  62  29033 GPS  -2267808.158  5009352.724  3221004.184
2022  62  29034 GPS  -2267808.156  5009352.720  3221004.189
2022  62  29035 GPS  -2267808.154  5009352.717  3221004.190
2022  62  29036 GPS  -2267808.147  5009352.699  3221004.185
2022  62  29037 GPS  -2267808.136  5009352.692  3221004.183
2022  62  29038 GPS  -2267808.132  5009352.693  3221004.180
2022  62  29039 GPS  -2267808.128  5009352.698  3221004.175
2022  62  29040 GPS  -2267808.124  5009352.699  3221004.174
2022  62  29041 GPS  -2267808.120  5009352.693  3221004.167
2022  62  29042 GPS  -2267808.121  5009352.695  3221004.166
2022  62  29043 GPS  -2267808.123  5009352.702  3221004.161
2022  62  29044 GPS  -2267808.122  5009352.699  3221004.156
2022  62  29045 GPS  -2267808.120  5009352.695  3221004.148
2022  62  29046 GPS  -2267808.119  5009352.697  3221004.147
2022  62  29047 GPS  -2267808.116  5009352.691  3221004.140
2022  62  29048 GPS  -2267808.113  5009352.684  3221004.131
2022  62  29049 GPS  -2267808.112  5009352.689  3221004.127
2022  62  29050 GPS  -2267808.114  5009352.687  3221004.120
2022  62  29051 GPS  -2267808.116  5009352.694  3221004.118
2022  62  29052 GPS  -2267808.113  5009352.700  3221004.116
2022  62  29053 GPS  -2267808.112  5009352.705  3221004.118
2022  62  29054 GPS  -2267807.192  5009351.961  3221003.965
2022  62  29055 GPS  -2267807.193  5009351.976  3221003.973
2022  62  29056 GPS  -2267807.190  5009351.983  3221003.978
2022  62  29057 GPS  -2267807.186  5009351.991  3221003.983
2022  62  29058 GPS  -2267807.186  5009351.994  3221003.988
2022  62  29059 GPS  -2267807.177  5009351.993  3221003.986
2022  62  29060 GPS  -2267807.175  5009351.996  3221003.991
2022  62  29061 GPS  -2267807.174  5009351.995  3221003.991
2022  62  29062 GPS  -2267807.172  5009351.995  3221003.993
2022  62  29063 GPS  -2267807.168  5009351.988  3221003.994
2022  62  29064 GPS  -2267807.167  5009351.989  3221004.002
2022  62  29065 GPS  -2267807.170  5009351.984  3221004.008
2022  62  29066 GPS  -2267807.171  5009351.981  3221004.007
2022  62  29067 GPS  -2267807.170  5009351.976  3221004.010
2022  62  29068 GPS  -2267807.166  5009351.974  3221004.009
2022  62  29069 GPS  -2267807.167  5009351.975  3221004.008
2022  62  29070 GPS  -2267807.168  5009351.977  3221004.015
2022  62  29071 GPS  -2267807.169  5009351.977  3221004.023
2022  62  29072 GPS  -2267807.172  5009351.979  3221004.030
2022  62  29073 GPS  -2267807.173  5009351.982  3221004.039
2022  62  29074 GPS  -2267807.170  5009351.988  3221004.045
2022  62  29075 GPS  -2267807.169  5009351.985  3221004.049
2022  62  29076 GPS  -2267807.171  5009351.985  3221004.054
2022  62  29077 GPS  -2267807.176  5009351.987  3221004.064
2022  62  29078 GPS  -2267807.178  5009351.989  3221004.073
2022  62  29079 GPS  -2267807.184  5009351.996  3221004.080
2022  62  29080 GPS  -2267807.181  5009352.001  3221004.089
2022  62  29081 GPS  -2267807.181  5009352.004  3221004.090
2022  62  29082 GPS  -2267807.179  5009352.004  3221004.093
2022  62  29083 GPS  -2267807.182  5009352.006  3221004.098
2022  62  29084 GPS  -2267807.190  5009352.015  3221004.099
2022  62  29085 GPS  -2267807.196  5009352.012  3221004.094
2022  62  29086 GPS  -2267807.202  5009352.021  3221004.096
2022  62  29087 GPS  -2267807.199  5009352.022  3221004.096
2022  62  29088 GPS  -2267807.192  5009352.020  3221004.096
2022  62  29089 GPS  -2267807.191  5009352.018  3221004.093
2022  62  29090 GPS  -2267807.192  5009352.013  3221004.089
2022  62  29091 GPS  -2267807.191  5009352.015  3221004.083
2022  62  29092 GPS  -2267807.194  5009352.023  3221004.087
2022  62  29093 GPS  -2267807.197  5009352.034  3221004.090
2022  62  29094 GPS  -2267807.195  5009352.037  3221004.087
2022  62  29095 GPS  -2267807.198  5009352.032  3221004.078
2022  62  29096 GPS  -2267807.203  5009352.041  3221004.078
2022  62  29097 GPS  -2267807.206  5009352.041  3221004.074
2022  62  29098 GPS  -2267807.213  5009352.039  3221004.067
2022  62  29099 GPS  -2267807.215  5009352.034  3221004.058
2022  62  29100 GPS  -2267807.217  5009352.033  3221004.052
2022  62  29101 GPS  -2267807.216  5009352.030  3221004.046
2022  62  29102 GPS  -2267807.215  5009352.028  3221004.039
2022  62  29103 GPS  -2267807.212  5009352.030  3221004.034
2022  62  29104 GPS  -2267807.212  5009352.030  3221004.031
2022  62  29105 GPS  -2267807.211  5009352.034  3221004.028
2022  62  29106 GPS  -2267807.211  5009352.035  3221004.025
2022  62  29107 GPS  -2267807.205  5009352.034  3221004.023
2022  62  29108 GPS  -2267807.201  5009352.033  3221004.022
2022  62  29109 GPS  -2267807.198  5009352.034  3221004.023
2022  62  29110 GPS  -2267807.202  5009352.038  3221004.022
2022  62  29111 GPS  -2267807.202  5009352.044  3221004.026
2022  62  29112 GPS  -2267807.202  5009352.042  3221004.027
2022  62  29113 GPS  -2267807.203  5009352.045  3221004.030
2022  62  29114 GPS  -2267807.208  5009352.054  3221004.033
2022  62  29115 GPS  -2267807.205  5009352.060  3221004.033
2022  62  29116 GPS  -2267807.202  5009352.067  3221004.035
2022  62  29117 GPS  -2267807.201  5009352.077  3221004.035
2022  62  29118 GPS  -2267807.197  5009352.080  3221004.034
2022  62  29119 GPS  -2267807.190  5009352.069  3221004.028
2022  62  29120 GPS  -2267807.187  5009352.060  3221004.023
2022  62  29121 GPS  -2267807.183  5009352.049  3221004.013
2022  62  29122 GPS  -2267807.175  5009352.033  3221004.002
2022  62  29123 GPS  -2267807.173  5009352.017  3221003.983
2022  62  29124 GPS  -2267807.171  5009351.999  3221003.966
2022  62  29125 GPS  -2267807.170  5009351.982  3221003.952
2022  62  29126 GPS  -2267807.174  5009351.974  3221003.938
2022  62  29127 GPS  -2267807.171  5009351.959  3221003.916
2022  62  29128 GPS  -2267807.162  5009351.939  3221003.894
2022  62  29129 GPS  -2267807.155  5009351.914  3221003.872
2022  62  29130 GPS  -2267807.148  5009351.891  3221003.848
2022  62  29131 GPS  -2267807.146  5009351.876  3221003.830
2022  62  29132 GPS  -2267807.143  5009351.862  3221003.813
2022  62  29133 GPS  -2267807.144  5009351.851  3221003.794
2022  62  29134 GPS  -2267807.141  5009351.831  3221003.771
2022  62  29135 GPS  -2267807.137  5009351.810  3221003.749
2022  62  29136 GPS  -2267807.136  5009351.791  3221003.730
2022  62  29137 GPS  -2267807.135  5009351.769  3221003.711
2022  62  29138 GPS  -2267807.136  5009351.750  3221003.691
2022  62  29139 GPS  -2267807.135  5009351.733  3221003.671
2022  62  29140 GPS  -2267807.132  5009351.714  3221003.649
2022  62  29141 GPS  -2267807.128  5009351.704  3221003.631
2022  62  29142 GPS  -2267807.125  5009351.697  3221003.616
2022  62  29143 GPS  -2267807.122  5009351.685  3221003.594
2022  62  29144 GPS  -2267807.116  5009351.675  3221003.580
2022  62  29145 GPS  -2267807.114  5009351.660  3221003.560
2022  62  29146 GPS  -2267807.112  5009351.652  3221003.548
2022  62  29147 GPS  -2267807.108  5009351.648  3221003.534
2022  62  29148 GPS  -2267807.100  5009351.637  3221003.519
2022  62  29149 GPS  -2267807.095  5009351.633  3221003.502
2022  62  29150 GPS  -2267807.088  5009351.622  3221003.484
2022  62  29151 GPS  -2267807.086  5009351.624  3221003.474
2022  62  29152 GPS  -2267807.082  5009351.622  3221003.460
2022  62  29153 GPS  -2267807.074  5009351.626  3221003.449
2022  62  29154 GPS  -2267807.069  5009351.624  3221003.437
2022  62  29155 GPS  -2267807.064  5009351.618  3221003.424
2022  62  29156 GPS  -2267807.065  5009351.614  3221003.410
2022  62  29157 GPS  -2267807.063  5009351.616  3221003.396
2022  62  29158 GPS  -2267807.057  5009351.620  3221003.385
2022  62  29159 GPS  -2267807.048  5009351.615  3221003.372
2022  62  29160 GPS  -2267807.044  5009351.616  3221003.363
2022  62  29161 GPS  -2267807.035  5009351.609  3221003.351
2022  62  29162 GPS  -2267807.030  5009351.610  3221003.336
2022  62  29163 GPS  -2267807.033  5009351.616  3221003.325
2022  62  29164 GPS  -2267807.035  5009351.629  3221003.319
2022  62  29165 GPS  -2267807.032  5009351.642  3221003.317
2022  62  29166 GPS  -2267807.029  5009351.652  3221003.312
2022  62  29167 GPS  -2267807.028  5009351.667  3221003.313
2022  62  29168 GPS  -2267807.025  5009351.671  3221003.305
2022  62  29169 GPS  -2267807.022  5009351.678  3221003.301
2022  62  29170 GPS  -2267807.021  5009351.682  3221003.295
2022  62  29171 GPS  -2267807.015  5009351.680  3221003.285
2022  62  29172 GPS  -2267807.014  5009351.685  3221003.280
2022  62  29173 GPS  -2267807.010  5009351.689  3221003.275
2022  62  29174 GPS  -2267807.007  5009351.694  3221003.273
2022  62  29175 GPS  -2267807.008  5009351.701  3221003.271
2022  62  29176 GPS  -2267807.007  5009351.705  3221003.270
2022  62  29177 GPS  -2267807.010  5009351.703  3221003.261
2022  62  29178 GPS  -2267807.012  5009351.715  3221003.263
2022  62  29179 GPS  -2267807.013  5009351.727  3221003.264
2022  62  29180 GPS  -2267807.016  5009351.731  3221003.262
2022  62  29181 GPS  -2267807.017  5009351.736  3221003.259
2022  62  29182 GPS  -2267807.018  5009351.739  3221003.255
2022  62  29183 GPS  -2267807.020  5009351.737  3221003.254
2022  62  29184 GPS  -2267807.023  5009351.734  3221003.252
2022  62  29185 GPS  -2267807.021  5009351.725  3221003.244
2022  62  29186 GPS  -2267807.014  5009351.720  3221003.240
2022  62  29187 GPS  -2267807.011  5009351.707  3221003.231
2022  62  29188 GPS  -2267807.011  5009351.711  3221003.232
2022  62  29189 GPS  -2267807.003  5009351.704  3221003.228
2022  62  29190 GPS  -2267806.990  5009351.691  3221003.223
2022  62  29191 GPS  -2267806.983  5009351.692  3221003.220
2022  62  29192 GPS  -2267806.983  5009351.703  3221003.222
2022  62  29193 GPS  -2267806.978  5009351.705  3221003.222
2022  62  29194 GPS  -2267806.971  5009351.687  3221003.215
2022  62  29195 GPS  -2267806.968  5009351.679  3221003.212
2022  62  29196 GPS  -2267806.972  5009351.672  3221003.209
2022  62  29197 GPS  -2267806.967  5009351.661  3221003.206
2022  62  29198 GPS  -2267806.961  5009351.650  3221003.201
2022  62  29199 GPS  -2267806.957  5009351.643  3221003.201
2022  62  29200 GPS  -2267806.949  5009351.631  3221003.200
2022  62  29201 GPS  -2267806.937  5009351.626  3221003.204
2022  62  29202 GPS  -2267806.922  5009351.617  3221003.204
2022  62  29203 GPS  -2267806.915  5009351.608  3221003.203
2022  62  29204 GPS  -2267806.908  5009351.606  3221003.203
2022  62  29205 GPS  -2267807.033  5009353.124  3221003.534
2022  62  29206 GPS  -2267807.026  5009353.113  3221003.535
2022  62  29207 GPS  -2267807.015  5009353.107  3221003.539
2022  62  29208 GPS  -2267807.007  5009353.094  3221003.536
2022  62  29209 GPS  -2267806.997  5009353.082  3221003.529
2022  62  29210 GPS  -2267806.992  5009353.077  3221003.526
2022  62  29211 GPS  -2267806.991  5009353.079  3221003.530
2022  62  29212 GPS  -2267806.981  5009353.067  3221003.527
2022  62  29213 GPS  -2267806.968  5009353.057  3221003.525
2022  62  29214 GPS  -2267806.962  5009353.053  3221003.527
2022  62  29215 GPS  -2267806.956  5009353.044  3221003.530
2022  62  29216 GPS  -2267806.956  5009353.048  3221003.539
2022  62  29217 GPS  -2267806.956  5009353.051  3221003.546
2022  62  29218 GPS  -2267806.955  5009353.056  3221003.553
2022  62  29219 GPS  -2267806.954  5009353.054  3221003.561
2022  62  29220 GPS  -2267806.947  5009353.049  3221003.557
2022  62  29221 GPS  -2267806.950  5009353.056  3221003.563
2022  62  29222 GPS  -2267806.949  5009353.054  3221003.559
2022  62  29223 GPS  -2267806.945  5009353.040  3221003.552
2022  62  29224 GPS  -2267806.942  5009353.035  3221003.544
2022  62  29225 GPS  -2267806.941  5009353.027  3221003.535
2022  62  29226 GPS  -2267806.935  5009353.018  3221003.531
2022  62  29227 GPS  -2267806.934  5009353.019  3221003.527
2022  62  29228 GPS  -2267806.929  5009353.010  3221003.517
2022  62  29229 GPS  -2267806.921  5009353.005  3221003.505
2022  62  29230 GPS  -2267806.914  5009353.010  3221003.501
2022  62  29231 GPS  -2267806.905  5009353.000  3221003.495
2022  62  29232 GPS  -2267806.900  5009352.995  3221003.489
2022  62  29233 GPS  -2267806.901  5009352.991  3221003.484
2022  62  29234 GPS  -2267806.894  5009352.983  3221003.478
2022  62  29235 GPS  -2267806.891  5009352.968  3221003.465
2022  62  29236 GPS  -2267806.890  5009352.974  3221003.465
2022  62  29237 GPS  -2267806.885  5009352.964  3221003.459
2022  62  29238 GPS  -2267806.883  5009352.961  3221003.457
2022  62  29239 GPS  -2267806.881  5009352.965  3221003.456
2022  62  29240 GPS  -2267806.877  5009352.964  3221003.458
2022  62  29241 GPS  -2267806.876  5009352.962  3221003.461
2022  62  29242 GPS  -2267806.872  5009352.956  3221003.460
2022  62  29243 GPS  -2267806.868  5009352.955  3221003.468
2022  62  29244 GPS  -2267806.862  5009352.948  3221003.469
2022  62  29245 GPS  -2267806.858  5009352.946  3221003.469
2022  62  29246 GPS  -2267806.855  5009352.952  3221003.476
2022  62  29247 GPS  -2267806.855  5009352.952  3221003.478
2022  62  29248 GPS  -2267806.854  5009352.953  3221003.481
2022  62  29249 GPS  -2267806.852  5009352.952  3221003.477
2022  62  29250 GPS  -2267806.849  5009352.943  3221003.473
2022  62  29251 GPS  -2267806.854  5009352.941  3221003.477
2022  62  29252 GPS  -2267806.856  5009352.946  3221003.482
2022  62  29253 GPS  -2267806.858  5009352.955  3221003.490
2022  62  29254 GPS  -2267806.864  5009352.966  3221003.492
2022  62  29255 GPS  -2267806.867  5009352.975  3221003.494
2022  62  29256 GPS  -2267806.874  5009352.987  3221003.496
2022  62  29257 GPS  -2267806.877  5009352.995  3221003.500
2022  62  29258 GPS  -2267806.882  5009353.001  3221003.499
2022  62  29259 GPS  -2267806.888  5009353.019  3221003.500
2022  62  29260 GPS  -2267806.894  5009353.026  3221003.497
2022  62  29261 GPS  -2267806.902  5009353.035  3221003.496
2022  62  29262 GPS  -2267806.902  5009353.027  3221003.488
2022  62  29263 GPS  -2267806.909  5009353.030  3221003.486
2022  62  29264 GPS  -2267806.910  5009353.028  3221003.481
2022  62  29265 GPS  -2267806.913  5009353.029  3221003.474
2022  62  29266 GPS  -2267806.912  5009353.016  3221003.457
2022  62  29267 GPS  -2267806.912  5009353.011  3221003.446
2022  62  29268 GPS  -2267806.915  5009353.013  3221003.436
2022  62  29269 GPS  -2267806.922  5009353.013  3221003.424
2022  62  29270 GPS  -2267806.921  5009353.012  3221003.412
2022  62  29271 GPS  -2267806.921  5009353.010  3221003.403
2022  62  29272 GPS  -2267806.918  5009353.011  3221003.398
2022  62  29273 GPS  -2267806.913  5009352.994  3221003.385
2022  62  29274 GPS  -2267806.912  5009352.972  3221003.372
2022  62  29275 GPS  -2267806.916  5009352.965  3221003.365
2022  62  29276 GPS  -2267806.919  5009352.963  3221003.364
2022  62  29277 GPS  -2267806.921  5009352.956  3221003.361
2022  62  29278 GPS  -2267806.922  5009352.952  3221003.352
2022  62  29279 GPS  -2267806.920  5009352.944  3221003.347
2022  62  29280 GPS  -2267806.911  5009352.934  3221003.341
2022  62  29281 GPS  -2267806.906  5009352.934  3221003.338
2022  62  29282 GPS  -2267806.902  5009352.934  3221003.335
2022  62  29283 GPS  -2267806.904  5009352.940  3221003.339
2022  62  29284 GPS  -2267806.900  5009352.930  3221003.336
2022  62  29285 GPS  -2267806.889  5009352.911  3221003.329
2022  62  29286 GPS  -2267806.877  5009352.894  3221003.323
2022  62  29287 GPS  -2267806.876  5009352.889  3221003.320
2022  62  29288 GPS  -2267806.878  5009352.884  3221003.314
2022  62  29289 GPS  -2267806.872  5009352.888  3221003.315
2022  62  29290 GPS  -2267806.862  5009352.879  3221003.312
2022  62  29291 GPS  -2267806.856  5009352.870  3221003.306
2022  62  29292 GPS  -2267806.846  5009352.856  3221003.299
2022  62  29293 GPS  -2267806.833  5009352.839  3221003.292
2022  62  29294 GPS  -2267806.820  5009352.827  3221003.282
2022  62  29295 GPS  -2267806.811  5009352.820  3221003.276
2022  62  29296 GPS  -2267806.806  5009352.816  3221003.267
2022  62  29297 GPS  -2267806.802  5009352.809  3221003.254
2022  62  29298 GPS  -2267806.799  5009352.813  3221003.251
2022  62  29299 GPS  -2267806.785  5009352.810  3221003.250
2022  62  29300 GPS  -2267806.778  5009352.814  3221003.248
2022  62  29301 GPS  -2267806.777  5009352.809  3221003.247
2022  62  29302 GPS  -2267806.777  5009352.808  3221003.240
2022  62  29303 GPS  -2267806.778  5009352.816  3221003.242
2022  62  29304 GPS  -2267806.787  5009352.826  3221003.248
2022  62  29305 GPS  -2267806.786  5009352.820  3221003.245
2022  62  29306 GPS  -2267806.787  5009352.817  3221003.244
2022  62  29307 GPS  -2267806.790  5009352.818  3221003.247
2022  62  29308 GPS  -2267806.788  5009352.822  3221003.249
2022  62  29309 GPS  -2267806.788  5009352.823  3221003.253
2022  62  29310 GPS  -2267806.786  5009352.820  3221003.251
2022  62  29311 GPS  -2267806.781  5009352.815  3221003.251
2022  62  29312 GPS  -2267806.774  5009352.811  3221003.254
2022  62  29313 GPS  -2267806.769  5009352.796  3221003.252
2022  62  29314 GPS  -2267806.768  5009352.794  3221003.255
2022  62  29315 GPS  -2267806.766  5009352.794  3221003.260
2022  62  29316 GPS  -2267806.759  5009352.791  3221003.262
2022  62  29317 GPS  -2267806.754  5009352.782  3221003.265
2022  62  29318 GPS  -2267806.747  5009352.773  3221003.262
2022  62  29319 GPS  -2267806.742  5009352.758  3221003.257
2022  62  29320 GPS  -2267806.739  5009352.736  3221003.252
2022  62  29321 GPS  -2267806.738  5009352.741  3221003.259
2022  62  29322 GPS  -2267806.738  5009352.741  3221003.259
2022  62  29323 GPS  -2267806.738  5009352.736  3221003.254
2022  62  29324 GPS  -2267806.733  5009352.728  3221003.256
2022  62  29325 GPS  -2267806.729  5009352.721  3221003.258
2022  62  29326 GPS  -2267806.726  5009352.724  3221003.262
2022  62  29327 GPS  -2267806.722  5009352.731  3221003.267
2022  62  29328 GPS  -2267806.718  5009352.741  3221003.271
2022  62  29329 GPS  -2267806.722  5009352.757  3221003.283
2022  62  29330 GPS  -2267806.729  5009352.771  3221003.291
2022  62  29331 GPS  -2267806.735  5009352.778  3221003.299
2022  62  29332 GPS  -2267806.731  5009352.763  3221003.297
2022  62  29333 GPS  -2267806.727  5009352.746  3221003.290
2022  62  29334 GPS  -2267806.724  5009352.747  3221003.293
2022  62  29335 GPS  -2267806.726  5009352.743  3221003.295
2022  62  29336 GPS  -2267806.724  5009352.739  3221003.293
2022  62  29337 GPS  -2267806.721  5009352.748  3221003.296
2022  62  29338 GPS  -2267806.719  5009352.758  3221003.297
2022  62  29339 GPS  -2267806.716  5009352.756  3221003.291
2022  62  29340 GPS  -2267806.710  5009352.759  3221003.289
2022  62  29341 GPS  -2267806.711  5009352.761  3221003.288
2022  62  29342 GPS  -2267806.710  5009352.763  3221003.288
2022  62  29343 GPS  -2267806.705  5009352.762  3221003.285
2022  62  29344 GPS  -2267806.701  5009352.765  3221003.286
2022  62  29345 GPS  -2267806.699  5009352.760  3221003.279
2022  62  29346 GPS  -2267806.700  5009352.754  3221003.276
2022  62  29347 GPS  -2267806.706  5009352.751  3221003.277
2022  62  29348 GPS  -2267806.709  5009352.744  3221003.273
2022  62  29349 GPS  -2267806.713  5009352.738  3221003.269
2022  62  29350 GPS  -2267806.727  5009352.748  3221003.271
2022  62  29351 GPS  -2267806.731  5009352.739  3221003.269
2022  62  29352 GPS  -2267806.728  5009352.729  3221003.268
2022  62  29353 GPS  -2267806.725  5009352.714  3221003.268
2022  62  29354 GPS  -2267806.721  5009352.703  3221003.260
2022  62  29355 GPS  -2267806.723  5009352.699  3221003.257
2022  62  29356 GPS  -2267806.722  5009352.700  3221003.259
2022  62  29357 GPS  -2267806.720  5009352.698  3221003.254
2022  62  29358 GPS  -2267806.719  5009352.701  3221003.258
2022  62  29359 GPS  -2267806.712  5009352.701  3221003.259
2022  62  29360 GPS  -2267806.706  5009352.703  3221003.260
2022  62  29361 GPS  -2267806.702  5009352.706  3221003.262
2022  62  29362 GPS  -2267806.698  5009352.703  3221003.261
2022  62  29363 GPS  -2267806.696  5009352.702  3221003.258
2022  62  29364 GPS  -2267806.695  5009352.705  3221003.257
2022  62  29365 GPS  -2267806.699  5009352.712  3221003.263
2022  62  29366 GPS  -2267806.703  5009352.721  3221003.267
2022  62  29367 GPS  -2267806.702  5009352.723  3221003.273
2022  62  29368 GPS  -2267806.697  5009352.726  3221003.276
2022  62  29369 GPS  -2267806.695  5009352.727  3221003.273
2022  62  29370 GPS  -2267806.699  5009352.731  3221003.271
2022  62  29371 GPS  -2267806.696  5009352.732  3221003.271
2022  62  29372 GPS  -2267806.696  5009352.743  3221003.277
2022  62  29373 GPS  -2267806.694  5009352.739  3221003.271
2022  62  29374 GPS  -2267806.687  5009352.736  3221003.267
2022  62  29375 GPS  -2267806.683  5009352.727  3221003.262
2022  62  29376 GPS  -2267806.683  5009352.721  3221003.258
2022  62  29377 GPS  -2267806.676  5009352.709  3221003.249
2022  62  29378 GPS  -2267806.670  5009352.704  3221003.242
2022  62  29379 GPS  -2267806.661  5009352.701  3221003.235
2022  62  29380 GPS  -2267806.650  5009352.691  3221003.226
2022  62  29381 GPS  -2267806.641  5009352.680  3221003.213
2022  62  29382 GPS  -2267806.638  5009352.677  3221003.210
2022  62  29383 GPS  -2267806.636  5009352.665  3221003.202
2022  62  29384 GPS  -2267806.634  5009352.654  3221003.199
2022  62  29385 GPS  -2267806.625  5009352.642  3221003.199
2022  62  29386 GPS  -2267806.615  5009352.639  3221003.199
2022  62  29387 GPS  -2267806.611  5009352.642  3221003.200
2022  62  29388 GPS  -2267806.613  5009352.639  3221003.200
2022  62  29389 GPS  -2267806.615  5009352.638  3221003.200
2022  62  29390 GPS  -2267806.618  5009352.641  3221003.201
2022  62  29391 GPS  -2267806.621  5009352.638  3221003.199
2022  62  29392 GPS  -2267806.623  5009352.644  3221003.201
2022  62  29393 GPS  -2267806.628  5009352.640  3221003.200
2022  62  29394 GPS  -2267806.632  5009352.638  3221003.199
2022  62  29395 GPS  -2267806.632  5009352.636  3221003.199
2022  62  29396 GPS  -2267806.635  5009352.642  3221003.198
2022  62  29397 GPS  -2267806.641  5009352.656  3221003.203
2022  62  29398 GPS  -2267806.650  5009352.662  3221003.202
2022  62  29399 GPS  -2267806.659  5009352.673  3221003.210
2022  62  29400 GPS  -2267806.661  5009352.677  3221003.210
2022  62  29401 GPS  -2267806.665  5009352.680  3221003.209
2022  62  29402 GPS  -2267806.667  5009352.683  3221003.212
2022  62  29403 GPS  -2267806.668  5009352.682  3221003.210
2022  62  29404 GPS  -2267806.669  5009352.681  3221003.207
2022  62  29405 GPS  -2267806.670  5009352.683  3221003.207
2022  62  29406 GPS  -2267806.675  5009352.686  3221003.209
2022  62  29407 GPS  -2267806.677  5009352.681  3221003.206
2022  62  29408 GPS  -2267806.678  5009352.683  3221003.203
2022  62  29409 GPS  -2267806.681  5009352.684  3221003.201
2022  62  29410 GPS  -2267806.678  5009352.691  3221003.200
2022  62  29411 GPS  -2267806.677  5009352.693  3221003.196
2022  62  29412 GPS  -2267806.676  5009352.693  3221003.192
2022  62  29413 GPS  -2267806.676  5009352.688  3221003.187
2022  62  29414 GPS  -2267806.671  5009352.674  3221003.181
2022  62  29415 GPS  -2267806.669  5009352.678  3221003.182
2022  62  29416 GPS  -2267806.668  5009352.676  3221003.180
2022  62  29417 GPS  -2267806.667  5009352.670  3221003.177
2022  62  29418 GPS  -2267806.668  5009352.668  3221003.177
2022  62  29419 GPS  -2267806.669  5009352.669  3221003.179
2022  62  29420 GPS  -2267806.664  5009352.666  3221003.174
2022  62  29421 GPS  -2267806.657  5009352.648  3221003.162
2022  62  29422 GPS  -2267806.647  5009352.627  3221003.154
2022  62  29423 GPS  -2267806.641  5009352.621  3221003.150
2022  62  29424 GPS  -2267806.634  5009352.619  3221003.149
2022  62  29425 GPS  -2267806.632  5009352.618  3221003.147
2022  62  29426 GPS  -2267806.633  5009352.623  3221003.150
2022  62  29427 GPS  -2267806.631  5009352.621  3221003.150
2022  62  29428 GPS  -2267806.627  5009352.610  3221003.141
2022  62  29429 GPS  -2267806.625  5009352.595  3221003.133
2022  62  29430 GPS  -2267806.622  5009352.590  3221003.133
2022  62  29431 GPS  -2267806.629  5009352.597  3221003.138
2022  62  29432 GPS  -2267806.631  5009352.590  3221003.134
2022  62  29433 GPS  -2267806.630  5009352.580  3221003.127
2022  62  29434 GPS  -2267806.628  5009352.580  3221003.129
2022  62  29435 GPS  -2267806.624  5009352.575  3221003.130
2022  62  29436 GPS  -2267806.626  5009352.569  3221003.129
2022  62  29437 GPS  -2267806.622  5009352.560  3221003.126
2022  62  29438 GPS  -2267806.625  5009352.558  3221003.120
2022  62  29439 GPS  -2267806.628  5009352.556  3221003.115
2022  62  29440 GPS  -2267806.630  5009352.556  3221003.111
2022  62  29441 GPS  -2267806.631  5009352.554  3221003.107
2022  62  29442 GPS  -2267806.633  5009352.551  3221003.101
2022  62  29443 GPS  -2267806.641  5009352.556  3221003.100
2022  62  29444 GPS  -2267806.640  5009352.548  3221003.096
2022  62  29445 GPS  -2267806.637  5009352.546  3221003.095
2022  62  29446 GPS  -2267806.635  5009352.544  3221003.094
2022  62  29447 GPS  -2267806.634  5009352.557  3221003.103
2022  62  29448 GPS  -2267806.631  5009352.565  3221003.103
2022  62  29449 GPS  -2267806.630  5009352.571  3221003.099
2022  62  29450 GPS  -2267806.632  5009352.577  3221003.098
2022  62  29451 GPS  -2267806.625  5009352.568  3221003.089
2022  62  29452 GPS  -2267806.619  5009352.559  3221003.086
2022  62  29453 GPS  -2267806.616  5009352.554  3221003.080
2022  62  29454 GPS  -2267806.617  5009352.555  3221003.076
2022  62  29455 GPS  -2267806.615  5009352.550  3221003.071
2022  62  29456 GPS  -2267806.613  5009352.543  3221003.064
2022  62  29457 GPS  -2267806.610  5009352.544  3221003.063
2022  62  29458 GPS  -2267806.606  5009352.552  3221003.066
2022  62  29459 GPS  -2267806.610  5009352.551  3221003.064
2022  62  29460 GPS  -2267806.613  5009352.547  3221003.061
2022  62  29461 GPS  -2267806.612  5009352.546  3221003.056
2022  62  29462 GPS  -2267806.612  5009352.546  3221003.048
2022  62  29463 GPS  -2267806.613  5009352.543  3221003.041
2022  62  29464 GPS  -2267806.618  5009352.549  3221003.039
2022  62  29465 GPS  -2267806.620  5009352.551  3221003.040
2022  62  29466 GPS  -2267806.621  5009352.558  3221003.043
2022  62  29467 GPS  -2267806.619  5009352.563  3221003.041
2022  62  29468 GPS  -2267806.612  5009352.566  3221003.037
2022  62  29469 GPS  -2267806.607  5009352.557  3221003.033
2022  62  29470 GPS  -2267806.605  5009352.565  3221003.031
2022  62  29471 GPS  -2267806.602  5009352.558  3221003.019
2022  62  29472 GPS  -2267806.597  5009352.545  3221003.006
2022  62  29473 GPS  -2267806.597  5009352.541  3221002.999
2022  62  29474 GPS  -2267806.597  5009352.542  3221002.993
2022  62  29475 GPS  -2267806.603  5009352.546  3221002.989
2022  62  29476 GPS  -2267806.607  5009352.552  3221002.981
2022  62  29477 GPS  -2267806.606  5009352.538  3221002.966
2022  62  29478 GPS  -2267806.600  5009352.523  3221002.951
2022  62  29479 GPS  -2267806.603  5009352.525  3221002.945
2022  62  29480 GPS  -2267806.606  5009352.519  3221002.935
2022  62  29481 GPS  -2267806.607  5009352.505  3221002.925
2022  62  29482 GPS  -2267806.609  5009352.492  3221002.919
2022  62  29483 GPS  -2267806.606  5009352.481  3221002.915
2022  62  29484 GPS  -2267806.604  5009352.464  3221002.908
2022  62  29485 GPS  -2267806.601  5009352.449  3221002.901
2022  62  29486 GPS  -2267806.600  5009352.436  3221002.892
2022  62  29487 GPS  -2267806.600  5009352.431  3221002.884
2022  62  29488 GPS  -2267806.598  5009352.421  3221002.877
2022  62  29489 GPS  -2267806.597  5009352.411  3221002.873
2022  62  29490 GPS  -2267806.597  5009352.398  3221002.867
2022  62  29491 GPS  -2267806.599  5009352.386  3221002.861
2022  62  29492 GPS  -2267806.599  5009352.375  3221002.863
2022  62  29493 GPS  -2267806.600  5009352.364  3221002.866
2022  62  29494 GPS  -2267806.600  5009352.358  3221002.868
2022  62  29495 GPS  -2267806.602  5009352.344  3221002.868
2022  62  29496 GPS  -2267806.602  5009352.336  3221002.872
2022  62  29497 GPS  -2267806.607  5009352.340  3221002.879
2022  62  29498 GPS  -2267806.611  5009352.343  3221002.886
2022  62  29499 GPS  -2267806.613  5009352.342  3221002.889
2022  62  29500 GPS  -2267806.616  5009352.341  3221002.893
2022  62  29501 GPS  -2267806.615  5009352.334  3221002.895
2022  62  29502 GPS  -2267806.617  5009352.333  3221002.900
2022  62  29503 GPS  -2267806.619  5009352.341  3221002.907
2022  62  29504 GPS  -2267806.614  5009352.343  3221002.915
2022  62  29505 GPS  -2267806.606  5009352.339  3221002.918
2022  62  29506 GPS  -2267806.603  5009352.347  3221002.930
2022  62  29507 GPS  -2267806.597  5009352.352  3221002.931
2022  62  29508 GPS  -2267806.591  5009352.353  3221002.936
2022  62  29509 GPS  -2267806.592  5009352.372  3221002.948
2022  62  29510 GPS  -2267806.595  5009352.392  3221002.956
2022  62  29511 GPS  -2267806.593  5009352.402  3221002.960
2022  62  29512 GPS  -2267806.593  5009352.402  3221002.962
2022  62  29513 GPS  -2267806.593  5009352.407  3221002.968
2022  62  29514 GPS  -2267806.595  5009352.408  3221002.970
2022  62  29515 GPS  -2267806.593  5009352.402  3221002.969
2022  62  29516 GPS  -2267806.592  5009352.392  3221002.964
2022  62  29517 GPS  -2267806.588  5009352.386  3221002.961
2022  62  29518 GPS  -2267806.587  5009352.393  3221002.963
2022  62  29519 GPS  -2267806.584  5009352.379  3221002.952
2022  62  29520 GPS  -2267806.580  5009352.371  3221002.942
2022  62  29521 GPS  -2267806.578  5009352.365  3221002.938
2022  62  29522 GPS  -2267806.570  5009352.362  3221002.933
2022  62  29523 GPS  -2267806.567  5009352.350  3221002.924
2022  62  29524 GPS  -2267806.566  5009352.344  3221002.919
2022  62  29525 GPS  -2267806.557  5009352.334  3221002.910
2022  62  29526 GPS  -2267806.553  5009352.325  3221002.901
2022  62  29527 GPS  -2267806.550  5009352.312  3221002.890
2022  62  29528 GPS  -2267806.553  5009352.308  3221002.881
2022  62  29529 GPS  -2267806.551  5009352.299  3221002.875
2022  62  29530 GPS  -2267806.548  5009352.297  3221002.873
2022  62  29531 GPS  -2267806.549  5009352.298  3221002.867
2022  62  29532 GPS  -2267806.555  5009352.301  3221002.865
2022  62  29533 GPS  -2267806.563  5009352.305  3221002.864
2022  62  29534 GPS  -2267806.563  5009352.297  3221002.854
2022  62  29535 GPS  -2267806.566  5009352.292  3221002.849
2022  62  29536 GPS  -2267806.566  5009352.290  3221002.846
2022  62  29537 GPS  -2267806.567  5009352.288  3221002.844
2022  62  29538 GPS  -2267806.566  5009352.292  3221002.841
2022  62  29539 GPS  -2267806.569  5009352.303  3221002.849
2022  62  29540 GPS  -2267806.565  5009352.314  3221002.857
2022  62  29541 GPS  -2267806.562  5009352.334  3221002.868
2022  62  29542 GPS  -2267806.558  5009352.341  3221002.870
2022  62  29543 GPS  -2267806.555  5009352.350  3221002.875
2022  62  29544 GPS  -2267806.554  5009352.362  3221002.878
2022  62  29545 GPS  -2267806.551  5009352.365  3221002.877
2022  62  29546 GPS  -2267806.549  5009352.377  3221002.888
2022  62  29547 GPS  -2267806.544  5009352.375  3221002.890
2022  62  29548 GPS  -2267806.535  5009352.378  3221002.895
2022  62  29549 GPS  -2267806.534  5009352.377  3221002.896
2022  62  29550 GPS  -2267806.533  5009352.382  3221002.902
2022  62  29551 GPS  -2267806.526  5009352.386  3221002.912
2022  62  29552 GPS  -2267806.523  5009352.387  3221002.912
2022  62  29553 GPS  -2267806.520  5009352.398  3221002.916
2022  62  29554 GPS  -2267806.517  5009352.399  3221002.917
2022  62  29555 GPS  -2267806.517  5009352.401  3221002.924
2022  62  29556 GPS  -2267806.518  5009352.409  3221002.930
2022  62  29557 GPS  -2267806.510  5009352.406  3221002.928
2022  62  29558 GPS  -2267806.507  5009352.408  3221002.933
2022  62  29559 GPS  -2267806.505  5009352.408  3221002.931
2022  62  29560 GPS  -2267806.508  5009352.420  3221002.939
2022  62  29561 GPS  -2267806.510  5009352.419  3221002.940
2022  62  29562 GPS  -2267806.505  5009352.406  3221002.938
2022  62  29563 GPS  -2267806.506  5009352.395  3221002.939
2022  62  29564 GPS  -2267806.508  5009352.391  3221002.940
2022  62  29565 GPS  -2267806.508  5009352.385  3221002.942
2022  62  29566 GPS  -2267806.508  5009352.385  3221002.944
2022  62  29567 GPS  -2267806.503  5009352.392  3221002.947
2022  62  29568 GPS  -2267806.495  5009352.391  3221002.951
2022  62  29569 GPS  -2267806.602  5009353.080  3221003.711
2022  62  29570 GPS  -2267806.602  5009353.089  3221003.713
2022  62  29571 GPS  -2267806.601  5009353.092  3221003.716
2022  62  29572 GPS  -2267806.604  5009353.097  3221003.717
2022  62  29573 GPS  -2267806.601  5009353.088  3221003.711
2022  62  29574 GPS  -2267806.598  5009353.081  3221003.710
2022  62  29575 GPS  -2267806.592  5009353.080  3221003.703
2022  62  29576 GPS  -2267806.590  5009353.088  3221003.705
2022  62  29577 GPS  -2267806.589  5009353.082  3221003.700
2022  62  29578 GPS  -2267806.583  5009353.075  3221003.696
2022  62  29579 GPS  -2267806.579  5009353.072  3221003.695
2022  62  29580 GPS  -2267806.575  5009353.063  3221003.690
2022  62  29581 GPS  -2267806.575  5009353.061  3221003.691
2022  62  29582 GPS  -2267806.580  5009353.067  3221003.696
2022  62  29583 GPS  -2267806.576  5009353.065  3221003.696
2022  62  29584 GPS  -2267806.573  5009353.059  3221003.695
2022  62  29585 GPS  -2267806.571  5009353.057  3221003.693
2022  62  29586 GPS  -2267806.569  5009353.058  3221003.698
2022  62  29587 GPS  -2267806.568  5009353.051  3221003.697
2022  62  29588 GPS  -2267806.570  5009353.038  3221003.693
2022  62  29589 GPS  -2267806.568  5009353.032  3221003.687
2022  62  29590 GPS  -2267806.567  5009353.027  3221003.687
2022  62  29591 GPS  -2267806.567  5009353.025  3221003.689
2022  62  29592 GPS  -2267806.574  5009353.025  3221003.690
2022  62  29593 GPS  -2267806.576  5009353.019  3221003.683
2022  62  29594 GPS  -2267806.576  5009353.013  3221003.674
2022  62  29595 GPS  -2267806.580  5009353.013  3221003.674
2022  62  29596 GPS  -2267806.590  5009353.004  3221003.667
2022  62  29597 GPS  -2267806.597  5009353.007  3221003.667
2022  62  29598 GPS  -2267806.597  5009353.005  3221003.662
2022  62  29599 GPS  -2267806.597  5009353.007  3221003.661
2022  62  29600 GPS  -2267806.592  5009353.010  3221003.663
2022  62  29601 GPS  -2267806.591  5009353.011  3221003.663
2022  62  29602 GPS  -2267806.590  5009353.014  3221003.665
2022  62  29603 GPS  -2267806.588  5009353.014  3221003.660
2022  62  29604 GPS  -2267806.587  5009353.009  3221003.654
2022  62  29605 GPS  -2267806.587  5009353.012  3221003.656
2022  62  29606 GPS  -2267806.584  5009353.010  3221003.649
2022  62  29607 GPS  -2267806.581  5009353.010  3221003.647
2022  62  29608 GPS  -2267806.583  5009353.013  3221003.649
2022  62  29609 GPS  -2267806.583  5009353.011  3221003.645
2022  62  29610 GPS  -2267806.579  5009353.016  3221003.644
2022  62  29611 GPS  -2267806.575  5009353.016  3221003.644
2022  62  29612 GPS  -2267806.578  5009353.010  3221003.644
2022  62  29613 GPS  -2267806.579  5009353.014  3221003.647
2022  62  29614 GPS  -2267806.580  5009353.010  3221003.645
2022  62  29615 GPS  -2267806.580  5009352.999  3221003.636
2022  62  29616 GPS  -2267806.588  5009352.996  3221003.628
2022  62  29617 GPS  -2267806.589  5009352.990  3221003.622
2022  62  29618 GPS  -2267806.586  5009352.983  3221003.613
2022  62  29619 GPS  -2267806.587  5009352.988  3221003.610
2022  62  29620 GPS  -2267806.583  5009352.989  3221003.606
2022  62  29621 GPS  -2267806.582  5009352.989  3221003.600
2022  62  29622 GPS  -2267806.580  5009352.991  3221003.592
2022  62  29623 GPS  -2267806.577  5009352.996  3221003.589
2022  62  29624 GPS  -2267806.578  5009353.008  3221003.591
2022  62  29625 GPS  -2267806.579  5009353.015  3221003.588
2022  62  29626 GPS  -2267806.589  5009353.013  3221003.582
2022  62  29627 GPS  -2267806.592  5009353.017  3221003.580
2022  62  29628 GPS  -2267806.591  5009353.018  3221003.576
2022  62  29629 GPS  -2267806.591  5009353.014  3221003.572
2022  62  29630 GPS  -2267806.587  5009353.007  3221003.567
2022  62  29631 GPS  -2267806.590  5009353.009  3221003.569
2022  62  29632 GPS  -2267806.596  5009353.017  3221003.569
2022  62  29633 GPS  -2267806.608  5009353.016  3221003.565
2022  62  29634 GPS  -2267806.613  5009353.017  3221003.560
2022  62  29635 GPS  -2267806.608  5009353.009  3221003.552
2022  62  29636 GPS  -2267806.602  5009352.991  3221003.543
2022  62  29637 GPS  -2267806.601  5009352.982  3221003.541
2022  62  29638 GPS  -2267806.600  5009352.988  3221003.544
2022  62  29639 GPS  -2267806.595  5009352.978  3221003.543
2022  62  29640 GPS  -2267806.591  5009352.973  3221003.541
2022  62  29641 GPS  -2267806.587  5009352.971  3221003.543
2022  62  29642 GPS  -2267806.586  5009352.976  3221003.550
2022  62  29643 GPS  -2267806.583  5009352.968  3221003.552
2022  62  29644 GPS  -2267806.577  5009352.969  3221003.555
2022  62  29645 GPS  -2267806.573  5009352.967  3221003.559
2022  62  29646 GPS  -2267806.569  5009352.964  3221003.561
2022  62  29647 GPS  -2267806.570  5009352.966  3221003.565
2022  62  29648 GPS  -2267806.570  5009352.971  3221003.570
2022  62  29649 GPS  -2267806.568  5009352.976  3221003.573
2022  62  29650 GPS  -2267806.568  5009352.978  3221003.578
2022  62  29651 GPS  -2267806.569  5009352.983  3221003.583
2022  62  29652 GPS  -2267806.565  5009352.983  3221003.586
2022  62  29653 GPS  -2267806.562  5009352.983  3221003.589
2022  62  29654 GPS  -2267806.560  5009352.992  3221003.597
2022  62  29655 GPS  -2267806.553  5009352.982  3221003.593
2022  62  29656 GPS  -2267806.550  5009352.969  3221003.590
2022  62  29657 GPS  -2267806.551  5009352.970  3221003.591
2022  62  29658 GPS  -2267806.549  5009352.968  3221003.590
2022  62  29659 GPS  -2267806.544  5009352.957  3221003.588
2022  62  29660 GPS  -2267806.540  5009352.948  3221003.586
2022  62  29661 GPS  -2267806.540  5009352.942  3221003.585
2022  62  29662 GPS  -2267806.537  5009352.949  3221003.587
2022  62  29663 GPS  -2267806.535  5009352.942  3221003.579
2022  62  29664 GPS  -2267806.537  5009352.947  3221003.579
2022  62  29665 GPS  -2267806.540  5009352.950  3221003.584
2022  62  29666 GPS  -2267806.534  5009352.940  3221003.582
2022  62  29667 GPS  -2267806.532  5009352.938  3221003.586
2022  62  29668 GPS  -2267806.530  5009352.935  3221003.588
2022  62  29669 GPS  -2267806.526  5009352.925  3221003.587
2022  62  29670 GPS  -2267806.524  5009352.920  3221003.590
2022  62  29671 GPS  -2267806.520  5009352.919  3221003.596
2022  62  29672 GPS  -2267806.516  5009352.919  3221003.596
2022  62  29673 GPS  -2267806.512  5009352.916  3221003.598
2022  62  29674 GPS  -2267806.512  5009352.919  3221003.601
2022  62  29675 GPS  -2267806.507  5009352.915  3221003.599
2022  62  29676 GPS  -2267806.503  5009352.909  3221003.594
2022  62  29677 GPS  -2267806.494  5009352.898  3221003.588
2022  62  29678 GPS  -2267806.490  5009352.892  3221003.584
2022  62  29679 GPS  -2267806.487  5009352.886  3221003.573
2022  62  29680 GPS  -2267806.487  5009352.888  3221003.569
2022  62  29681 GPS  -2267806.482  5009352.886  3221003.563
2022  62  29682 GPS  -2267806.474  5009352.881  3221003.562
2022  62  29683 GPS  -2267806.468  5009352.872  3221003.562
2022  62  29684 GPS  -2267806.465  5009352.866  3221003.560
2022  62  29685 GPS  -2267806.463  5009352.869  3221003.560
2022  62  29686 GPS  -2267806.461  5009352.864  3221003.562
2022  62  29687 GPS  -2267806.464  5009352.866  3221003.566
2022  62  29688 GPS  -2267806.466  5009352.868  3221003.571
2022  62  29689 GPS  -2267806.463  5009352.867  3221003.573
2022  62  29690 GPS  -2267806.456  5009352.861  3221003.575
2022  62  29691 GPS  -2267806.451  5009352.865  3221003.582
2022  62  29692 GPS  -2267806.447  5009352.863  3221003.584
2022  62  29693 GPS  -2267806.442  5009352.862  3221003.582
2022  62  29694 GPS  -2267806.439  5009352.862  3221003.583
2022  62  29695 GPS  -2267806.431  5009352.858  3221003.584
2022  62  29696 GPS  -2267806.433  5009352.863  3221003.588
2022  62  29697 GPS  -2267806.433  5009352.867  3221003.593
2022  62  29698 GPS  -2267806.428  5009352.863  3221003.596
2022  62  29699 GPS  -2267806.415  5009352.848  3221003.594
2022  62  29700 GPS  -2267806.411  5009352.842  3221003.596
2022  62  29701 GPS  -2267806.402  5009352.829  3221003.592
2022  62  29702 GPS  -2267806.395  5009352.814  3221003.592
2022  62  29703 GPS  -2267806.391  5009352.805  3221003.590
2022  62  29704 GPS  -2267806.392  5009352.808  3221003.592
2022  62  29705 GPS  -2267806.393  5009352.822  3221003.594
2022  62  29706 GPS  -2267806.394  5009352.835  3221003.602
2022  62  29707 GPS  -2267806.395  5009352.845  3221003.606
2022  62  29708 GPS  -2267806.393  5009352.859  3221003.611
2022  62  29709 GPS  -2267806.393  5009352.862  3221003.609
2022  62  29710 GPS  -2267806.395  5009352.870  3221003.618
2022  62  29711 GPS  -2267806.395  5009352.870  3221003.617
2022  62  29712 GPS  -2267806.390  5009352.870  3221003.615
2022  62  29713 GPS  -2267806.388  5009352.872  3221003.615
2022  62  29714 GPS  -2267806.390  5009352.874  3221003.613
2022  62  29715 GPS  -2267806.389  5009352.873  3221003.613
2022  62  29716 GPS  -2267806.388  5009352.864  3221003.606
2022  62  29717 GPS  -2267806.391  5009352.872  3221003.607
2022  62  29718 GPS  -2267806.386  5009350.727  3221002.826
2022  62  29719 GPS  -2267806.392  5009350.726  3221002.823
2022  62  29720 GPS  -2267806.397  5009350.725  3221002.820
2022  62  29721 GPS  -2267806.397  5009350.724  3221002.818
2022  62  29722 GPS  -2267806.394  5009350.721  3221002.816
2022  62  29723 GPS  -2267806.393  5009350.717  3221002.814
2022  62  29724 GPS  -2267806.387  5009350.706  3221002.806
2022  62  29725 GPS  -2267806.382  5009350.691  3221002.795
2022  62  29726 GPS  -2267806.381  5009350.680  3221002.787
2022  62  29727 GPS  -2267806.382  5009350.666  3221002.780
2022  62  29728 GPS  -2267806.384  5009350.652  3221002.770
2022  62  29729 GPS  -2267806.387  5009350.645  3221002.765
2022  62  29730 GPS  -2267806.389  5009350.637  3221002.759
2022  62  29731 GPS  -2267806.390  5009350.625  3221002.752
2022  62  29732 GPS  -2267806.390  5009350.618  3221002.742
2022  62  29733 GPS  -2267806.387  5009350.618  3221002.733
2022  62  29734 GPS  -2267806.380  5009350.612  3221002.721
2022  62  29735 GPS  -2267806.371  5009350.599  3221002.709
2022  62  29736 GPS  -2267806.369  5009350.592  3221002.696
2022  62  29737 GPS  -2267806.369  5009350.584  3221002.683
2022  62  29738 GPS  -2267806.366  5009350.579  3221002.672
2022  62  29739 GPS  -2267806.365  5009350.568  3221002.661
2022  62  29740 GPS  -2267806.364  5009350.562  3221002.649
2022  62  29741 GPS  -2267806.363  5009350.564  3221002.640
2022  62  29742 GPS  -2267806.360  5009350.566  3221002.636
2022  62  29743 GPS  -2267806.353  5009350.561  3221002.628
2022  62  29744 GPS  -2267806.346  5009350.554  3221002.614
2022  62  29745 GPS  -2267806.343  5009350.541  3221002.600
2022  62  29746 GPS  -2267806.341  5009350.545  3221002.594
2022  62  29747 GPS  -2267806.338  5009350.539  3221002.582
2022  62  29748 GPS  -2267806.334  5009350.531  3221002.570
2022  62  29749 GPS  -2267806.332  5009350.526  3221002.562
2022  62  29750 GPS  -2267806.332  5009350.525  3221002.557
2022  62  29751 GPS  -2267806.328  5009350.520  3221002.553
2022  62  29752 GPS  -2267806.323  5009350.520  3221002.552
2022  62  29753 GPS  -2267806.325  5009350.523  3221002.547
2022  62  29754 GPS  -2267806.327  5009350.517  3221002.543
2022  62  29755 GPS  -2267806.323  5009350.503  3221002.535
2022  62  29756 GPS  -2267806.325  5009350.500  3221002.533
2022  62  29757 GPS  -2267806.322  5009350.486  3221002.523
2022  62  29758 GPS  -2267806.318  5009350.474  3221002.514
2022  62  29759 GPS  -2267806.311  5009350.463  3221002.509
2022  62  29760 GPS  -2267806.308  5009350.447  3221002.508
2022  62  29761 GPS  -2267806.306  5009350.442  3221002.509
2022  62  29762 GPS  -2267806.303  5009350.435  3221002.506
2022  62  29763 GPS  -2267806.302  5009350.431  3221002.508
2022  62  29764 GPS  -2267806.302  5009350.421  3221002.505
2022  62  29765 GPS  -2267806.302  5009350.416  3221002.502
2022  62  29766 GPS  -2267806.306  5009350.425  3221002.507
2022  62  29767 GPS  -2267806.301  5009350.428  3221002.507
2022  62  29768 GPS  -2267806.297  5009350.426  3221002.510
2022  62  29769 GPS  -2267806.294  5009350.417  3221002.503
2022  62  29770 GPS  -2267806.293  5009350.409  3221002.495
2022  62  29771 GPS  -2267806.288  5009350.396  3221002.486
2022  62  29772 GPS  -2267806.281  5009350.387  3221002.480
2022  62  29773 GPS  -2267806.275  5009350.378  3221002.469
2022  62  29774 GPS  -2267806.274  5009350.370  3221002.465
2022  62  29775 GPS  -2267806.277  5009350.364  3221002.458
2022  62  29776 GPS  -2267806.282  5009350.358  3221002.449
2022  62  29777 GPS  -2267806.281  5009350.353  3221002.445
2022  62  29778 GPS  -2267806.280  5009350.351  3221002.443
2022  62  29779 GPS  -2267806.280  5009350.348  3221002.439
2022  62  29780 GPS  -2267806.277  5009350.347  3221002.438
2022  62  29781 GPS  -2267806.279  5009350.349  3221002.439
2022  62  29782 GPS  -2267806.284  5009350.353  3221002.439
2022  62  29783 GPS  -2267806.290  5009350.349  3221002.439
2022  62  29784 GPS  -2267806.289  5009350.346  3221002.434
2022  62  29785 GPS  -2267806.291  5009350.351  3221002.428
2022  62  29786 GPS  -2267806.287  5009350.339  3221002.419
2022  62  29787 GPS  -2267806.282  5009350.330  3221002.409
2022  62  29788 GPS  -2267806.280  5009350.324  3221002.403
2022  62  29789 GPS  -2267806.279  5009350.318  3221002.396
2022  62  29790 GPS  -2267806.273  5009350.307  3221002.389
2022  62  29791 GPS  -2267806.274  5009350.295  3221002.385
2022  62  29792 GPS  -2267806.270  5009350.281  3221002.377
2022  62  29793 GPS  -2267806.266  5009350.270  3221002.372
2022  62  29794 GPS  -2267806.263  5009350.265  3221002.366
2022  62  29795 GPS  -2267806.265  5009350.260  3221002.368
2022  62  29796 GPS  -2267806.266  5009350.257  3221002.364
2022  62  29797 GPS  -2267806.264  5009350.248  3221002.358
2022  62  29798 GPS  -2267806.262  5009350.229  3221002.354
2022  62  29799 GPS  -2267806.256  5009350.218  3221002.354
2022  62  29800 GPS  -2267806.250  5009350.195  3221002.344
2022  62  29801 GPS  -2267806.245  5009350.196  3221002.350
2022  62  29802 GPS  -2267806.244  5009350.202  3221002.353
2022  62  29803 GPS  -2267806.248  5009350.204  3221002.356
2022  62  29804 GPS  -2267806.248  5009350.205  3221002.365
2022  62  29805 GPS  -2267806.246  5009350.200  3221002.369
2022  62  29806 GPS  -2267806.245  5009350.195  3221002.375
2022  62  29807 GPS  -2267806.248  5009350.192  3221002.376
2022  62  29808 GPS  -2267806.245  5009350.186  3221002.375
2022  62  29809 GPS  -2267806.245  5009350.184  3221002.382
2022  62  29810 GPS  -2267806.248  5009350.186  3221002.390
2022  62  29811 GPS  -2267806.248  5009350.180  3221002.392
2022  62  29812 GPS  -2267806.245  5009350.174  3221002.395
2022  62  29813 GPS  -2267806.245  5009350.174  3221002.396
2022  62  29814 GPS  -2267806.242  5009350.167  3221002.396
2022  62  29815 GPS  -2267806.241  5009350.154  3221002.391
2022  62  29816 GPS  -2267806.235  5009350.149  3221002.388
2022  62  29817 GPS  -2267806.231  5009350.150  3221002.389
2022  62  29818 GPS  -2267806.235  5009350.154  3221002.387
2022  62  29819 GPS  -2267806.236  5009350.165  3221002.391
2022  62  29820 GPS  -2267806.231  5009350.163  3221002.389
2022  62  29821 GPS  -2267806.236  5009350.167  3221002.385
2022  62  29822 GPS  -2267806.238  5009350.170  3221002.380
2022  62  29823 GPS  -2267806.238  5009350.165  3221002.371
2022  62  29824 GPS  -2267806.241  5009350.162  3221002.365
2022  62  29825 GPS  -2267806.244  5009350.174  3221002.368
2022  62  29826 GPS  -2267806.252  5009350.189  3221002.371
2022  62  29827 GPS  -2267806.253  5009350.198  3221002.375
2022  62  29828 GPS  -2267806.262  5009350.219  3221002.382
2022  62  29829 GPS  -2267806.267  5009350.229  3221002.386
2022  62  29830 GPS  -2267806.270  5009350.235  3221002.386
2022  62  29831 GPS  -2267806.276  5009350.242  3221002.388
2022  62  29832 GPS  -2267806.272  5009350.236  3221002.381
2022  62  29833 GPS  -2267806.271  5009350.237  3221002.375
2022  62  29834 GPS  -2267806.267  5009350.229  3221002.368
2022  62  29835 GPS  -2267806.261  5009350.220  3221002.365
2022  62  29836 GPS  -2267806.264  5009350.218  3221002.362
2022  62  29837 GPS  -2267806.271  5009350.214  3221002.359
2022  62  29838 GPS  -2267806.274  5009350.215  3221002.357
2022  62  29839 GPS  -2267806.274  5009350.212  3221002.349
2022  62  29840 GPS  -2267806.274  5009350.215  3221002.346
2022  62  29841 GPS  -2267806.274  5009350.226  3221002.348
2022  62  29842 GPS  -2267806.272  5009350.232  3221002.351
2022  62  29843 GPS  -2267806.275  5009350.239  3221002.350
2022  62  29844 GPS  -2267806.278  5009350.243  3221002.354
2022  62  29845 GPS  -2267806.275  5009350.239  3221002.355
2022  62  29846 GPS  -2267806.274  5009350.236  3221002.355
2022  62  29847 GPS  -2267806.275  5009350.233  3221002.354
2022  62  29848 GPS  -2267806.271  5009350.231  3221002.356
2022  62  29849 GPS  -2267806.266  5009350.225  3221002.358
2022  62  29850 GPS  -2267806.262  5009350.224  3221002.362
2022  62  29851 GPS  -2267806.260  5009350.229  3221002.368
2022  62  29852 GPS  -2267806.250  5009350.230  3221002.374
2022  62  29853 GPS  -2267806.244  5009350.239  3221002.378
2022  62  29854 GPS  -2267806.240  5009350.238  3221002.381
2022  62  29855 GPS  -2267806.234  5009350.239  3221002.385
2022  62  29856 GPS  -2267806.231  5009350.249  3221002.393
2022  62  29857 GPS  -2267806.222  5009350.256  3221002.400
2022  62  29858 GPS  -2267806.219  5009350.262  3221002.401
2022  62  29859 GPS  -2267806.211  5009350.270  3221002.409
2022  62  29860 GPS  -2267806.209  5009350.273  3221002.409
2022  62  29861 GPS  -2267806.210  5009350.285  3221002.418
2022  62  29862 GPS  -2267806.208  5009350.293  3221002.421
2022  62  29863 GPS  -2267806.212  5009350.307  3221002.426
2022  62  29864 GPS  -2267806.215  5009350.318  3221002.429
2022  62  29865 GPS  -2267806.221  5009350.332  3221002.435
2022  62  29866 GPS  -2267806.224  5009350.334  3221002.437
2022  62  29867 GPS  -2267806.230  5009350.341  3221002.442
2022  62  29868 GPS  -2267806.229  5009350.343  3221002.441
2022  62  29869 GPS  -2267806.220  5009350.336  3221002.441
2022  62  29870 GPS  -2267806.216  5009350.338  3221002.440
2022  62  29871 GPS  -2267806.213  5009350.333  3221002.439
2022  62  29872 GPS  -2267806.208  5009350.327  3221002.429
2022  62  29873 GPS  -2267806.203  5009350.320  3221002.422
2022  62  29874 GPS  -2267806.202  5009350.319  3221002.417
2022  62  29875 GPS  -2267806.204  5009350.326  3221002.416
2022  62  29876 GPS  -2267806.207  5009350.332  3221002.414
2022  62  29877 GPS  -2267806.212  5009350.341  3221002.413
2022  62  29878 GPS  -2267806.216  5009350.345  3221002.408
2022  62  29879 GPS  -2267806.223  5009350.358  3221002.408
2022  62  29880 GPS  -2267806.227  5009350.366  3221002.407
2022  62  29881 GPS  -2267806.232  5009350.374  3221002.410
2022  62  29882 GPS  -2267806.237  5009350.386  3221002.409
2022  62  29883 GPS  -2267806.239  5009350.393  3221002.409
2022  62  29884 GPS  -2267806.240  5009350.403  3221002.411
2022  62  29885 GPS  -2267806.242  5009350.409  3221002.413
2022  62  29886 GPS  -2267806.241  5009350.414  3221002.415
2022  62  29887 GPS  -2267806.237  5009350.415  3221002.413
2022  62  29888 GPS  -2267806.239  5009350.417  3221002.412
2022  62  29889 GPS  -2267806.238  5009350.415  3221002.407
2022  62  29890 GPS  -2267806.234  5009350.414  3221002.401
2022  62  29891 GPS  -2267806.232  5009350.418  3221002.402
2022  62  29892 GPS  -2267806.232  5009350.417  3221002.398
2022  62  29893 GPS  -2267806.234  5009350.423  3221002.396
2022  62  29894 GPS  -2267806.229  5009350.419  3221002.393
2022  62  29895 GPS  -2267806.227  5009350.415  3221002.388
2022  62  29896 GPS  -2267806.227  5009350.422  3221002.390
2022  62  29897 GPS  -2267806.227  5009350.430  3221002.395
2022  62  29898 GPS  -2267806.232  5009350.437  3221002.406
2022  62  29899 GPS  -2267806.231  5009350.442  3221002.414
2022  62  29900 GPS  -2267806.228  5009350.439  3221002.413
2022  62  29901 GPS  -2267806.225  5009350.443  3221002.413
2022  62  29902 GPS  -2267806.220  5009350.438  3221002.409
2022  62  29903 GPS  -2267806.220  5009350.441  3221002.410
2022  62  29904 GPS  -2267806.208  5009350.433  3221002.406
2022  62  29905 GPS  -2267806.199  5009350.432  3221002.404
2022  62  29906 GPS  -2267806.197  5009350.436  3221002.405
2022  62  29907 GPS  -2267806.198  5009350.439  3221002.406
2022  62  29908 GPS  -2267806.196  5009350.443  3221002.406
2022  62  29909 GPS  -2267806.196  5009350.442  3221002.409
2022  62  29910 GPS  -2267806.194  5009350.439  3221002.405
2022  62  29911 GPS  -2267806.202  5009350.442  3221002.403
2022  62  29912 GPS  -2267806.203  5009350.444  3221002.406
2022  62  29913 GPS  -2267806.202  5009350.449  3221002.411
2022  62  29914 GPS  -2267806.204  5009350.440  3221002.406
2022  62  29915 GPS  -2267806.208  5009350.434  3221002.399
2022  62  29916 GPS  -2267806.210  5009350.432  3221002.396
2022  62  29917 GPS  -2267806.206  5009350.422  3221002.388
2022  62  29918 GPS  -2267806.196  5009350.405  3221002.383
2022  62  29919 GPS  -2267806.186  5009350.382  3221002.373
2022  62  29920 GPS  -2267806.183  5009350.371  3221002.372
2022  62  29921 GPS  -2267806.182  5009350.370  3221002.372
2022  62  29922 GPS  -2267806.177  5009350.354  3221002.365
2022  62  29923 GPS  -2267806.175  5009350.344  3221002.362
2022  62  29924 GPS  -2267806.177  5009350.340  3221002.359
2022  62  29925 GPS  -2267806.176  5009350.330  3221002.355
2022  62  29926 GPS  -2267806.176  5009350.329  3221002.352
2022  62  29927 GPS  -2267806.174  5009350.324  3221002.348
2022  62  29928 GPS  -2267806.172  5009350.319  3221002.346
2022  62  29929 GPS  -2267806.163  5009350.306  3221002.337
2022  62  29930 GPS  -2267806.154  5009350.289  3221002.327
2022  62  29931 GPS  -2267806.148  5009350.272  3221002.324
2022  62  29932 GPS  -2267806.141  5009350.256  3221002.321
2022  62  29933 GPS  -2267806.136  5009350.243  3221002.317
2022  62  29934 GPS  -2267806.133  5009350.234  3221002.316
2022  62  29935 GPS  -2267806.132  5009350.232  3221002.315
2022  62  29936 GPS  -2267806.132  5009350.223  3221002.317
2022  62  29937 GPS  -2267806.135  5009350.216  3221002.320
2022  62  29938 GPS  -2267806.135  5009350.207  3221002.318
2022  62  29939 GPS  -2267806.138  5009350.208  3221002.324
2022  62  29940 GPS  -2267806.141  5009350.209  3221002.327
2022  62  29941 GPS  -2267806.146  5009350.206  3221002.330
2022  62  29942 GPS  -2267806.151  5009350.206  3221002.330
2022  62  29943 GPS  -2267806.153  5009350.206  3221002.333
2022  62  29944 GPS  -2267806.161  5009350.207  3221002.335
2022  62  29945 GPS  -2267806.165  5009350.208  3221002.337
2022  62  29946 GPS  -2267806.170  5009350.209  3221002.342
2022  62  29947 GPS  -2267806.174  5009350.210  3221002.343
2022  62  29948 GPS  -2267806.176  5009350.214  3221002.351
2022  62  29949 GPS  -2267806.177  5009350.217  3221002.355
2022  62  29950 GPS  -2267806.183  5009350.229  3221002.364
2022  62  29951 GPS  -2267806.187  5009350.232  3221002.365
2022  62  29952 GPS  -2267806.193  5009350.233  3221002.365
2022  62  29953 GPS  -2267806.190  5009350.222  3221002.362
2022  62  29954 GPS  -2267806.186  5009350.213  3221002.357
2022  62  29955 GPS  -2267806.183  5009350.206  3221002.352
2022  62  29956 GPS  -2267806.183  5009350.201  3221002.348
2022  62  29957 GPS  -2267806.183  5009350.199  3221002.346
2022  62  29958 GPS  -2267806.181  5009350.196  3221002.342
2022  62  29959 GPS  -2267806.179  5009350.191  3221002.340
2022  62  29960 GPS  -2267806.186  5009350.200  3221002.341
2022  62  29961 GPS  -2267806.187  5009350.198  3221002.337
2022  62  29962 GPS  -2267806.193  5009350.203  3221002.341
2022  62  29963 GPS  -2267806.195  5009350.211  3221002.348
2022  62  29964 GPS  -2267806.194  5009350.214  3221002.353
2022  62  29965 GPS  -2267806.194  5009350.221  3221002.356
2022  62  29966 GPS  -2267806.182  5009350.214  3221002.349
2022  62  29967 GPS  -2267806.177  5009350.222  3221002.350
2022  62  29968 GPS  -2267806.167  5009350.227  3221002.352
2022  62  29969 GPS  -2267806.162  5009350.230  3221002.356
2022  62  29970 GPS  -2267806.157  5009350.233  3221002.351
2022  62  29971 GPS  -2267806.151  5009350.238  3221002.346
2022  62  29972 GPS  -2267806.145  5009350.240  3221002.344
2022  62  29973 GPS  -2267806.145  5009350.246  3221002.346
2022  62  29974 GPS  -2267806.144  5009350.252  3221002.346
2022  62  29975 GPS  -2267806.141  5009350.253  3221002.335
2022  62  29976 GPS  -2267806.138  5009350.260  3221002.333
2022  62  29977 GPS  -2267806.132  5009350.265  3221002.326
2022  62  29978 GPS  -2267806.128  5009350.259  3221002.322
2022  62  29979 GPS  -2267806.128  5009350.259  3221002.321
2022  62  29980 GPS  -2267806.126  5009350.263  3221002.324
2022  62  29981 GPS  -2267806.126  5009350.265  3221002.325
2022  62  29982 GPS  -2267806.125  5009350.270  3221002.328
2022  62  29983 GPS  -2267806.123  5009350.274  3221002.336
2022  62  29984 GPS  -2267806.120  5009350.268  3221002.336
2022  62  29985 GPS  -2267806.114  5009350.251  3221002.331
2022  62  29986 GPS  -2267806.111  5009350.245  3221002.325
2022  62  29987 GPS  -2267806.111  5009350.241  3221002.320
2022  62  29988 GPS  -2267806.109  5009350.235  3221002.318
2022  62  29989 GPS  -2267806.111  5009350.233  3221002.317
2022  62  29990 GPS  -2267806.107  5009350.220  3221002.312
2022  62  29991 GPS  -2267806.108  5009350.210  3221002.308
2022  62  29992 GPS  -2267806.107  5009350.206  3221002.307
2022  62  29993 GPS  -2267806.110  5009350.201  3221002.308
2022  62  29994 GPS  -2267806.106  5009350.197  3221002.303
2022  62  29995 GPS  -2267806.108  5009350.199  3221002.305
2022  62  29996 GPS  -2267806.103  5009350.199  3221002.305
2022  62  29997 GPS  -2267806.098  5009350.190  3221002.299
2022  62  29998 GPS  -2267806.096  5009350.189  3221002.299
2022  62  29999 GPS  -2267806.094  5009350.184  3221002.294
2022  62  30000 GPS  -2267806.095  5009350.179  3221002.289
2022  62  30001 GPS  -2267806.095  5009350.175  3221002.289
2022  62  30002 GPS  -2267806.096  5009350.179  3221002.288
2022  62  30003 GPS  -2267806.094  5009350.172  3221002.283
2022  62  30004 GPS  -2267806.091  5009350.171  3221002.279
2022  62  30005 GPS  -2267806.091  5009350.171  3221002.278
2022  62  30006 GPS  -2267806.089  5009350.170  3221002.277
2022  62  30007 GPS  -2267806.088  5009350.174  3221002.282
2022  62  30008 GPS  -2267806.090  5009350.180  3221002.290
2022  62  30009 GPS  -2267806.093  5009350.186  3221002.292
2022  62  30010 GPS  -2267806.095  5009350.192  3221002.287
2022  62  30011 GPS  -2267806.092  5009350.199  3221002.288
2022  62  30012 GPS  -2267806.092  5009350.203  3221002.288
2022  62  30013 GPS  -2267806.093  5009350.209  3221002.296
2022  62  30014 GPS  -2267806.094  5009350.210  3221002.296
2022  62  30015 GPS  -2267806.090  5009350.217  3221002.294
2022  62  30016 GPS  -2267806.084  5009350.209  3221002.289
2022  62  30017 GPS  -2267806.083  5009350.214  3221002.289
2022  62  30018 GPS  -2267806.087  5009350.220  3221002.289
2022  62  30019 GPS  -2267806.084  5009350.215  3221002.283
2022  62  30020 GPS  -2267806.080  5009350.211  3221002.281
2022  62  30021 GPS  -2267806.078  5009350.211  3221002.281
2022  62  30022 GPS  -2267806.080  5009350.204  3221002.278
2022  62  30023 GPS  -2267806.081  5009350.200  3221002.271
2022  62  30024 GPS  -2267806.086  5009350.205  3221002.264
2022  62  30025 GPS  -2267806.083  5009350.200  3221002.259
2022  62  30026 GPS  -2267806.085  5009350.207  3221002.255
2022  62  30027 GPS  -2267806.083  5009350.200  3221002.246
2022  62  30028 GPS  -2267806.080  5009350.195  3221002.243
2022  62  30029 GPS  -2267806.073  5009350.197  3221002.242
2022  62  30030 GPS  -2267806.071  5009350.192  3221002.240
2022  62  30031 GPS  -2267806.069  5009350.194  3221002.238
2022  62  30032 GPS  -2267806.062  5009350.186  3221002.235
2022  62  30033 GPS  -2267806.057  5009350.181  3221002.234
2022  62  30034 GPS  -2267806.055  5009350.178  3221002.231
2022  62  30035 GPS  -2267806.057  5009350.168  3221002.231
2022  62  30036 GPS  -2267806.051  5009350.163  3221002.232
2022  62  30037 GPS  -2267806.049  5009350.160  3221002.230
2022  62  30038 GPS  -2267806.050  5009350.156  3221002.228
2022  62  30039 GPS  -2267806.044  5009350.144  3221002.226
2022  62  30040 GPS  -2267806.041  5009350.137  3221002.224
2022  62  30041 GPS  -2267806.039  5009350.130  3221002.218
2022  62  30042 GPS  -2267806.041  5009350.129  3221002.214
2022  62  30043 GPS  -2267806.033  5009350.119  3221002.208
2022  62  30044 GPS  -2267806.027  5009350.114  3221002.205
2022  62  30045 GPS  -2267806.025  5009350.114  3221002.203
2022  62  30046 GPS  -2267806.022  5009350.103  3221002.200
2022  62  30047 GPS  -2267806.021  5009350.101  3221002.204
2022  62  30048 GPS  -2267806.021  5009350.099  3221002.205
2022  62  30049 GPS  -2267806.025  5009350.095  3221002.205
2022  62  30050 GPS  -2267806.025  5009350.099  3221002.213
2022  62  30051 GPS  -2267806.020  5009350.088  3221002.211
2022  62  30052 GPS  -2267806.025  5009350.092  3221002.213
2022  62  30053 GPS  -2267806.032  5009350.101  3221002.216
2022  62  30054 GPS  -2267806.038  5009350.112  3221002.225
2022  62  30055 GPS  -2267806.043  5009350.125  3221002.232
2022  62  30056 GPS  -2267806.043  5009350.136  3221002.238
2022  62  30057 GPS  -2267806.040  5009350.139  3221002.239
2022  62  30058 GPS  -2267806.035  5009350.143  3221002.237
2022  62  30059 GPS  -2267806.032  5009350.147  3221002.232
2022  62  30060 GPS  -2267806.032  5009350.152  3221002.229
2022  62  30061 GPS  -2267806.030  5009350.149  3221002.223
2022  62  30062 GPS  -2267806.030  5009350.153  3221002.215
2022  62  30063 GPS  -2267806.033  5009350.159  3221002.210
2022  62  30064 GPS  -2267806.034  5009350.168  3221002.209
2022  62  30065 GPS  -2267806.033  5009350.176  3221002.204
2022  62  30066 GPS  -2267806.033  5009350.186  3221002.202
2022  62  30067 GPS  -2267806.036  5009350.198  3221002.203
2022  62  30068 GPS  -2267806.041  5009350.209  3221002.206
2022  62  30069 GPS  -2267806.044  5009350.224  3221002.209
2022  62  30070 GPS  -2267806.048  5009350.233  3221002.209
2022  62  30071 GPS  -2267806.049  5009350.239  3221002.207
2022  62  30072 GPS  -2267806.054  5009350.247  3221002.208
2022  62  30073 GPS  -2267806.063  5009350.258  3221002.211
2022  62  30074 GPS  -2267806.066  5009350.261  3221002.212
2022  62  30075 GPS  -2267806.067  5009350.261  3221002.212
2022  62  30076 GPS  -2267806.069  5009350.267  3221002.216
2022  62  30077 GPS  -2267806.070  5009350.265  3221002.214
2022  62  30078 GPS  -2267806.075  5009350.265  3221002.219
2022  62  30079 GPS  -2267806.072  5009350.255  3221002.215
2022  62  30080 GPS  -2267806.069  5009350.246  3221002.215
2022  62  30081 GPS  -2267806.068  5009350.249  3221002.220
2022  62  30082 GPS  -2267806.070  5009350.254  3221002.224
2022  62  30083 GPS  -2267806.069  5009350.251  3221002.227
2022  62  30084 GPS  -2267806.066  5009350.249  3221002.231
2022  62  30085 GPS  -2267806.063  5009350.244  3221002.230
2022  62  30086 GPS  -2267806.062  5009350.243  3221002.232
2022  62  30087 GPS  -2267806.058  5009350.234  3221002.231
2022  62  30088 GPS  -2267806.053  5009350.224  3221002.229
2022  62  30089 GPS  -2267806.046  5009350.213  3221002.227
2022  62  30090 GPS  -2267806.041  5009350.205  3221002.230
2022  62  30091 GPS  -2267806.041  5009350.198  3221002.233
2022  62  30092 GPS  -2267806.036  5009350.189  3221002.234
2022  62  30093 GPS  -2267806.033  5009350.185  3221002.240
2022  62  30094 GPS  -2267806.033  5009350.179  3221002.245
2022  62  30095 GPS  -2267806.036  5009350.171  3221002.248
2022  62  30096 GPS  -2267806.035  5009350.164  3221002.251
2022  62  30097 GPS  -2267806.030  5009350.156  3221002.251
2022  62  30098 GPS  -2267806.024  5009350.145  3221002.251
2022  62  30099 GPS  -2267806.021  5009350.140  3221002.258
2022  62  30100 GPS  -2267806.023  5009350.143  3221002.265
2022  62  30101 GPS  -2267806.023  5009350.144  3221002.270
2022  62  30102 GPS  -2267806.021  5009350.144  3221002.269
2022  62  30103 GPS  -2267806.018  5009350.140  3221002.268
2022  62  30104 GPS  -2267806.016  5009350.136  3221002.273
2022  62  30105 GPS  -2267806.016  5009350.137  3221002.280
2022  62  30106 GPS  -2267806.019  5009350.149  3221002.292
2022  62  30107 GPS  -2267806.019  5009350.154  3221002.295
2022  62  30108 GPS  -2267806.014  5009350.158  3221002.297
2022  62  30109 GPS  -2267806.015  5009350.162  3221002.308
2022  62  30110 GPS  -2267806.016  5009350.170  3221002.316
2022  62  30111 GPS  -2267806.021  5009350.173  3221002.325
2022  62  30112 GPS  -2267806.027  5009350.179  3221002.336
2022  62  30113 GPS  -2267806.028  5009350.173  3221002.335
2022  62  30114 GPS  -2267806.028  5009350.165  3221002.333
2022  62  30115 GPS  -2267806.032  5009350.159  3221002.333
2022  62  30116 GPS  -2267806.035  5009350.155  3221002.330
2022  62  30117 GPS  -2267806.035  5009350.157  3221002.328
2022  62  30118 GPS  -2267806.032  5009350.155  3221002.328
2022  62  30119 GPS  -2267806.024  5009350.153  3221002.322
2022  62  30120 GPS  -2267806.021  5009350.152  3221002.319
2022  62  30121 GPS  -2267806.016  5009350.150  3221002.310
2022  62  30122 GPS  -2267806.006  5009350.139  3221002.303
2022  62  30123 GPS  -2267806.004  5009350.140  3221002.302
2022  62  30124 GPS  -2267806.007  5009350.142  3221002.303
2022  62  30125 GPS  -2267806.005  5009350.135  3221002.298
2022  62  30126 GPS  -2267806.002  5009350.123  3221002.293
2022  62  30127 GPS  -2267806.005  5009350.114  3221002.290
2022  62  30128 GPS  -2267806.012  5009350.114  3221002.288
2022  62  30129 GPS  -2267806.012  5009350.105  3221002.287
2022  62  30130 GPS  -2267806.013  5009350.100  3221002.284
2022  62  30131 GPS  -2267806.007  5009350.092  3221002.279
2022  62  30132 GPS  -2267806.006  5009350.093  3221002.280
2022  62  30133 GPS  -2267806.005  5009350.091  3221002.279
2022  62  30134 GPS  -2267806.001  5009350.088  3221002.279
2022  62  30135 GPS  -2267805.996  5009350.066  3221002.268
2022  62  30136 GPS  -2267805.995  5009350.059  3221002.263
2022  62  30137 GPS  -2267805.989  5009350.042  3221002.249
2022  62  30138 GPS  -2267805.983  5009350.027  3221002.239
2022  62  30139 GPS  -2267805.982  5009350.018  3221002.233
2022  62  30140 GPS  -2267805.984  5009350.014  3221002.227
2022  62  30141 GPS  -2267805.983  5009349.997  3221002.217
2022  62  30142 GPS  -2267805.985  5009349.996  3221002.219
2022  62  30143 GPS  -2267805.987  5009349.994  3221002.219
2022  62  30144 GPS  -2267805.989  5009350.002  3221002.222
2022  62  30145 GPS  -2267805.985  5009350.003  3221002.225
2022  62  30146 GPS  -2267805.978  5009350.002  3221002.218
2022  62  30147 GPS  -2267805.979  5009349.995  3221002.214
2022  62  30148 GPS  -2267805.983  5009350.000  3221002.213
2022  62  30149 GPS  -2267805.987  5009349.994  3221002.206
2022  62  30150 GPS  -2267805.985  5009349.984  3221002.196
2022  62  30151 GPS  -2267805.979  5009349.978  3221002.190
2022  62  30152 GPS  -2267805.982  5009349.977  3221002.192
2022  62  30153 GPS  -2267805.989  5009349.978  3221002.194
2022  62  30154 GPS  -2267805.996  5009349.980  3221002.194
2022  62  30155 GPS  -2267806.004  5009349.985  3221002.195
2022  62  30156 GPS  -2267806.012  5009349.991  3221002.197
2022  62  30157 GPS  -2267806.015  5009349.989  3221002.195
2022  62  30158 GPS  -2267806.011  5009349.984  3221002.190
2022  62  30159 GPS  -2267806.012  5009349.978  3221002.185
2022  62  30160 GPS  -2267806.016  5009349.971  3221002.182
2022  62  30161 GPS  -2267806.018  5009349.969  3221002.182
2022  62  30162 GPS  -2267806.021  5009349.969  3221002.182
2022  62  30163 GPS  -2267806.023  5009349.970  3221002.185
2022  62  30164 GPS  -2267806.030  5009349.981  3221002.187
2022  62  30165 GPS  -2267806.036  5009349.995  3221002.192
2022  62  30166 GPS  -2267806.038  5009349.996  3221002.191
2022  62  30167 GPS  -2267806.041  5009350.006  3221002.193
2022  62  30168 GPS  -2267806.042  5009350.013  3221002.196
2022  62  30169 GPS  -2267806.042  5009350.016  3221002.201
2022  62  30170 GPS  -2267806.047  5009350.025  3221002.201
2022  62  30171 GPS  -2267806.048  5009350.025  3221002.196
2022  62  30172 GPS  -2267806.051  5009350.030  3221002.191
2022  62  30173 GPS  -2267806.049  5009350.035  3221002.192
2022  62  30174 GPS  -2267806.047  5009350.027  3221002.191
2022  62  30175 GPS  -2267806.038  5009350.013  3221002.186
2022  62  30176 GPS  -2267806.031  5009350.004  3221002.179
2022  62  30177 GPS  -2267806.027  5009349.999  3221002.178
2022  62  30178 GPS  -2267806.019  5009349.983  3221002.170
2022  62  30179 GPS  -2267806.008  5009349.975  3221002.169
2022  62  30180 GPS  -2267806.001  5009349.969  3221002.166
2022  62  30181 GPS  -2267805.998  5009349.970  3221002.166
2022  62  30182 GPS  -2267805.998  5009349.976  3221002.165
2022  62  30183 GPS  -2267805.991  5009349.972  3221002.166
2022  62  30184 GPS  -2267805.988  5009349.962  3221002.160
2022  62  30185 GPS  -2267805.984  5009349.962  3221002.159
2022  62  30186 GPS  -2267805.976  5009349.968  3221002.155
2022  62  30187 GPS  -2267805.973  5009349.965  3221002.150
2022  62  30188 GPS  -2267805.968  5009349.952  3221002.143
2022  62  30189 GPS  -2267805.964  5009349.938  3221002.136
2022  62  30190 GPS  -2267805.961  5009349.934  3221002.132
2022  62  30191 GPS  -2267805.963  5009349.933  3221002.131
2022  62  30192 GPS  -2267805.960  5009349.928  3221002.128
2022  62  30193 GPS  -2267805.956  5009349.919  3221002.125
2022  62  30194 GPS  -2267805.956  5009349.916  3221002.121
2022  62  30195 GPS  -2267805.957  5009349.915  3221002.119
2022  62  30196 GPS  -2267805.959  5009349.913  3221002.126
2022  62  30197 GPS  -2267805.960  5009349.917  3221002.129
2022  62  30198 GPS  -2267805.958  5009349.926  3221002.134
2022  62  30199 GPS  -2267805.961  5009349.935  3221002.136
2022  62  30200 GPS  -2267805.959  5009349.942  3221002.139
2022  62  30201 GPS  -2267805.966  5009349.943  3221002.139
2022  62  30202 GPS  -2267805.972  5009349.947  3221002.143
2022  62  30203 GPS  -2267805.976  5009349.948  3221002.146
2022  62  30204 GPS  -2267805.985  5009349.958  3221002.153
2022  62  30205 GPS  -2267805.987  5009349.955  3221002.154
2022  62  30206 GPS  -2267805.992  5009349.963  3221002.159
2022  62  30207 GPS  -2267805.995  5009349.965  3221002.160
2022  62  30208 GPS  -2267805.996  5009349.969  3221002.161
2022  62  30209 GPS  -2267805.999  5009349.969  3221002.157
2022  62  30210 GPS  -2267806.000  5009349.970  3221002.154
2022  62  30211 GPS  -2267806.005  5009349.972  3221002.153
2022  62  30212 GPS  -2267806.011  5009349.979  3221002.155
2022  62  30213 GPS  -2267806.012  5009349.980  3221002.153
2022  62  30214 GPS  -2267806.015  5009349.974  3221002.147
2022  62  30215 GPS  -2267806.015  5009349.978  3221002.146
2022  62  30216 GPS  -2267806.014  5009349.982  3221002.147
2022  62  30217 GPS  -2267806.010  5009349.977  3221002.145
2022  62  30218 GPS  -2267806.013  5009349.981  3221002.144
2022  62  30219 GPS  -2267806.011  5009349.980  3221002.142
2022  62  30220 GPS  -2267806.005  5009349.967  3221002.134
2022  62  30221 GPS  -2267805.999  5009349.951  3221002.127
2022  62  30222 GPS  -2267805.997  5009349.944  3221002.128
2022  62  30223 GPS  -2267806.001  5009349.939  3221002.130
2022  62  30224 GPS  -2267806.007  5009349.943  3221002.133
2022  62  30225 GPS  -2267806.012  5009349.945  3221002.139
2022  62  30226 GPS  -2267806.015  5009349.943  3221002.140
2022  62  30227 GPS  -2267806.016  5009349.939  3221002.142
2022  62  30228 GPS  -2267806.019  5009349.942  3221002.145
2022  62  30229 GPS  -2267806.018  5009349.940  3221002.149
2022  62  30230 GPS  -2267806.018  5009349.948  3221002.158
2022  62  30231 GPS  -2267806.019  5009349.959  3221002.168
2022  62  30232 GPS  -2267806.015  5009349.962  3221002.172
2022  62  30233 GPS  -2267806.018  5009349.973  3221002.177
2022  62  30234 GPS  -2267806.022  5009349.989  3221002.184
2022  62  30235 GPS  -2267806.020  5009349.998  3221002.190
2022  62  30236 GPS  -2267806.022  5009349.999  3221002.192
2022  62  30237 GPS  -2267806.026  5009350.001  3221002.197
2022  62  30238 GPS  -2267806.021  5009349.997  3221002.202
2022  62  30239 GPS  -2267806.017  5009349.999  3221002.204
2022  62  30240 GPS  -2267806.017  5009350.000  3221002.210
2022  62  30241 GPS  -2267806.020  5009350.005  3221002.217
2022  62  30242 GPS  -2267806.024  5009350.008  3221002.223
2022  62  30243 GPS  -2267806.026  5009350.004  3221002.229
2022  62  30244 GPS  -2267806.031  5009349.999  3221002.230
2022  62  30245 GPS  -2267806.036  5009349.998  3221002.229
2022  62  30246 GPS  -2267806.040  5009350.003  3221002.233
2022  62  30247 GPS  -2267806.041  5009350.002  3221002.233
2022  62  30248 GPS  -2267806.036  5009350.002  3221002.233
2022  62  30249 GPS  -2267806.030  5009350.000  3221002.239
2022  62  30250 GPS  -2267806.029  5009349.997  3221002.242
2022  62  30251 GPS  -2267806.029  5009350.000  3221002.243
2022  62  30252 GPS  -2267806.026  5009349.994  3221002.240
2022  62  30253 GPS  -2267806.029  5009349.995  3221002.238
2022  62  30254 GPS  -2267806.033  5009349.997  3221002.239
2022  62  30255 GPS  -2267806.037  5009350.002  3221002.240
2022  62  30256 GPS  -2267806.034  5009349.998  3221002.241
2022  62  30257 GPS  -2267806.033  5009349.995  3221002.236
2022  62  30258 GPS  -2267806.027  5009349.991  3221002.230
2022  62  30259 GPS  -2267806.020  5009349.979  3221002.223
2022  62  30260 GPS  -2267806.024  5009349.981  3221002.221
2022  62  30261 GPS  -2267806.026  5009349.982  3221002.217
2022  62  30262 GPS  -2267806.024  5009349.971  3221002.209
2022  62  30263 GPS  -2267806.018  5009349.959  3221002.203
2022  62  30264 GPS  -2267806.017  5009349.959  3221002.199
2022  62  30265 GPS  -2267806.021  5009349.958  3221002.192
2022  62  30266 GPS  -2267806.021  5009349.956  3221002.188
2022  62  30267 GPS  -2267806.021  5009349.951  3221002.181
2022  62  30268 GPS  -2267806.020  5009349.945  3221002.176
2022  62  30269 GPS  -2267806.020  5009349.933  3221002.173
2022  62  30270 GPS  -2267806.017  5009349.919  3221002.170
2022  62  30271 GPS  -2267806.019  5009349.910  3221002.170
2022  62  30272 GPS  -2267806.015  5009349.905  3221002.168
2022  62  30273 GPS  -2267806.010  5009349.894  3221002.166
2022  62  30274 GPS  -2267806.007  5009349.890  3221002.168
2022  62  30275 GPS  -2267806.004  5009349.877  3221002.162
2022  62  30276 GPS  -2267806.000  5009349.867  3221002.156
2022  62  30277 GPS  -2267805.999  5009349.862  3221002.155
2022  62  30278 GPS  -2267806.000  5009349.858  3221002.151
2022  62  30279 GPS  -2267805.997  5009349.858  3221002.148
2022  62  30280 GPS  -2267805.994  5009349.854  3221002.144
2022  62  30281 GPS  -2267805.992  5009349.856  3221002.146
2022  62  30282 GPS  -2267805.986  5009349.853  3221002.148
2022  62  30283 GPS  -2267805.979  5009349.843  3221002.143
2022  62  30284 GPS  -2267805.978  5009349.845  3221002.144
2022  62  30285 GPS  -2267805.976  5009349.846  3221002.144
2022  62  30286 GPS  -2267805.974  5009349.844  3221002.147
2022  62  30287 GPS  -2267805.977  5009349.854  3221002.151
2022  62  30288 GPS  -2267805.984  5009349.869  3221002.154
2022  62  30289 GPS  -2267805.982  5009349.872  3221002.156
2022  62  30290 GPS  -2267805.976  5009349.866  3221002.150
2022  62  30291 GPS  -2267805.970  5009349.860  3221002.144
2022  62  30292 GPS  -2267805.964  5009349.849  3221002.128
2022  62  30293 GPS  -2267805.955  5009349.839  3221002.117
2022  62  30294 GPS  -2267805.948  5009349.831  3221002.106
2022  62  30295 GPS  -2267805.942  5009349.818  3221002.095
2022  62  30296 GPS  -2267805.931  5009349.805  3221002.083
2022  62  30297 GPS  -2267805.923  5009349.796  3221002.076
2022  62  30298 GPS  -2267805.918  5009349.797  3221002.075
2022  62  30299 GPS  -2267805.911  5009349.793  3221002.072
2022  62  30300 GPS  -2267805.902  5009349.787  3221002.067
2022  62  30301 GPS  -2267805.889  5009349.780  3221002.065
2022  62  30302 GPS  -2267805.879  5009349.767  3221002.057
2022  62  30303 GPS  -2267805.869  5009349.757  3221002.049
2022  62  30304 GPS  -2267805.858  5009349.743  3221002.042
2022  62  30305 GPS  -2267805.851  5009349.738  3221002.037
2022  62  30306 GPS  -2267805.844  5009349.734  3221002.034
2022  62  30307 GPS  -2267805.837  5009349.723  3221002.021
2022  62  30308 GPS  -2267805.824  5009349.718  3221002.012
2022  62  30309 GPS  -2267805.810  5009349.704  3221002.000
2022  62  30310 GPS  -2267805.797  5009349.690  3221001.994
2022  62  30311 GPS  -2267805.788  5009349.686  3221001.991
2022  62  30312 GPS  -2267805.779  5009349.682  3221001.985
2022  62  30313 GPS  -2267805.770  5009349.673  3221001.979
2022  62  30314 GPS  -2267805.759  5009349.660  3221001.976
2022  62  30315 GPS  -2267805.748  5009349.652  3221001.972
2022  62  30316 GPS  -2267805.743  5009349.646  3221001.964
2022  62  30317 GPS  -2267805.738  5009349.647  3221001.959
2022  62  30318 GPS  -2267805.733  5009349.639  3221001.948
2022  62  30319 GPS  -2267805.725  5009349.628  3221001.939
2022  62  30320 GPS  -2267805.719  5009349.625  3221001.937
2022  62  30321 GPS  -2267805.713  5009349.624  3221001.937
2022  62  30322 GPS  -2267805.704  5009349.620  3221001.934
2022  62  30323 GPS  -2267805.698  5009349.618  3221001.933
2022  62  30324 GPS  -2267805.697  5009349.623  3221001.933
2022  62  30325 GPS  -2267805.694  5009349.628  3221001.936
2022  62  30326 GPS  -2267805.693  5009349.628  3221001.936
2022  62  30327 GPS  -2267805.695  5009349.634  3221001.940
2022  62  30328 GPS  -2267805.696  5009349.639  3221001.947
2022  62  30329 GPS  -2267805.696  5009349.633  3221001.943
2022  62  30330 GPS  -2267805.695  5009349.629  3221001.939
2022  62  30331 GPS  -2267805.695  5009349.623  3221001.935
2022  62  30332 GPS  -2267805.690  5009349.618  3221001.934
2022  62  30333 GPS  -2267805.687  5009349.612  3221001.933
2022  62  30334 GPS  -2267805.687  5009349.609  3221001.934
2022  62  30335 GPS  -2267805.685  5009349.603  3221001.932
2022  62  30336 GPS  -2267805.685  5009349.603  3221001.936
2022  62  30337 GPS  -2267805.686  5009349.604  3221001.942
2022  62  30338 GPS  -2267805.683  5009349.600  3221001.945
2022  62  30339 GPS  -2267805.680  5009349.601  3221001.951
2022  62  30340 GPS  -2267805.678  5009349.606  3221001.958
2022  62  30341 GPS  -2267805.678  5009349.602  3221001.961
2022  62  30342 GPS  -2267805.678  5009349.602  3221001.964
2022  62  30343 GPS  -2267805.681  5009349.607  3221001.966
2022  62  30344 GPS  -2267805.683  5009349.610  3221001.966
2022  62  30345 GPS  -2267805.679  5009349.609  3221001.969
2022  62  30346 GPS  -2267805.677  5009349.610  3221001.971
2022  62  30347 GPS  -2267805.678  5009349.605  3221001.971
2022  62  30348 GPS  -2267805.671  5009349.601  3221001.968
2022  62  30349 GPS  -2267805.667  5009349.600  3221001.972
2022  62  30350 GPS  -2267805.668  5009349.603  3221001.978
2022  62  30351 GPS  -2267805.664  5009349.601  3221001.983
2022  62  30352 GPS  -2267805.660  5009349.596  3221001.986
2022  62  30353 GPS  -2267805.659  5009349.593  3221001.989
2022  62  30354 GPS  -2267805.664  5009349.601  3221001.997
2022  62  30355 GPS  -2267805.667  5009349.603  3221002.000
2022  62  30356 GPS  -2267805.669  5009349.604  3221001.997
2022  62  30357 GPS  -2267805.667  5009349.606  3221001.992
2022  62  30358 GPS  -2267805.666  5009349.615  3221001.991
2022  62  30359 GPS  -2267805.664  5009349.606  3221001.982
2022  62  30360 GPS  -2267805.656  5009349.603  3221001.969
2022  62  30361 GPS  -2267805.651  5009349.600  3221001.959
2022  62  30362 GPS  -2267805.650  5009349.597  3221001.948
2022  62  30363 GPS  -2267805.652  5009349.593  3221001.937
2022  62  30364 GPS  -2267805.656  5009349.594  3221001.926
2022  62  30365 GPS  -2267805.656  5009349.596  3221001.917
2022  62  30366 GPS  -2267805.653  5009349.595  3221001.905
2022  62  30367 GPS  -2267805.652  5009349.595  3221001.894
2022  62  30368 GPS  -2267805.649  5009349.590  3221001.883
2022  62  30369 GPS  -2267805.647  5009349.588  3221001.869
2022  62  30370 GPS  -2267805.649  5009349.589  3221001.863
2022  62  30371 GPS  -2267805.648  5009349.588  3221001.855
2022  62  30372 GPS  -2267805.643  5009349.583  3221001.841
2022  62  30373 GPS  -2267805.642  5009349.584  3221001.831
2022  62  30374 GPS  -2267805.640  5009349.583  3221001.827
2022  62  30375 GPS  -2267805.642  5009349.579  3221001.823
2022  62  30376 GPS  -2267805.644  5009349.574  3221001.817
2022  62  30377 GPS  -2267805.643  5009349.568  3221001.819
2022  62  30378 GPS  -2267805.644  5009349.568  3221001.820
2022  62  30379 GPS  -2267805.645  5009349.568  3221001.822
2022  62  30380 GPS  -2267805.647  5009349.559  3221001.821
2022  62  30381 GPS  -2267805.651  5009349.557  3221001.817
2022  62  30382 GPS  -2267805.649  5009349.551  3221001.819
2022  62  30383 GPS  -2267805.644  5009349.534  3221001.809
2022  62  30384 GPS  -2267805.640  5009349.518  3221001.801
2022  62  30385 GPS  -2267805.633  5009349.499  3221001.793
2022  62  30386 GPS  -2267805.628  5009349.481  3221001.779
2022  62  30387 GPS  -2267805.626  5009349.466  3221001.770
2022  62  30388 GPS  -2267805.620  5009349.457  3221001.762
2022  62  30389 GPS  -2267805.613  5009349.442  3221001.753
2022  62  30390 GPS  -2267805.601  5009349.422  3221001.743
2022  62  30391 GPS  -2267805.593  5009349.403  3221001.737
2022  62  30392 GPS  -2267805.587  5009349.382  3221001.724
2022  62  30393 GPS  -2267805.588  5009349.369  3221001.713
2022  62  30394 GPS  -2267805.587  5009349.358  3221001.710
2022  62  30395 GPS  -2267805.586  5009349.348  3221001.705
2022  62  30396 GPS  -2267805.585  5009349.340  3221001.704
2022  62  30397 GPS  -2267805.583  5009349.330  3221001.700
2022  62  30398 GPS  -2267805.581  5009349.311  3221001.691
2022  62  30399 GPS  -2267805.576  5009349.293  3221001.680
2022  62  30400 GPS  -2267805.575  5009349.279  3221001.669
2022  62  30401 GPS  -2267805.570  5009349.268  3221001.665
2022  62  30402 GPS  -2267805.560  5009349.256  3221001.660
2022  62  30403 GPS  -2267805.550  5009349.251  3221001.659
2022  62  30404 GPS  -2267805.548  5009349.247  3221001.649
2022  62  30405 GPS  -2267805.545  5009349.246  3221001.642
2022  62  30406 GPS  -2267805.547  5009349.244  3221001.639
2022  62  30407 GPS  -2267805.549  5009349.233  3221001.631
2022  62  30408 GPS  -2267805.545  5009349.225  3221001.626
2022  62  30409 GPS  -2267805.548  5009349.231  3221001.625
2022  62  30410 GPS  -2267805.545  5009349.233  3221001.622
2022  62  30411 GPS  -2267805.544  5009349.245  3221001.621
2022  62  30412 GPS  -2267805.539  5009349.258  3221001.628
2022  62  30413 GPS  -2267805.535  5009349.272  3221001.635
2022  62  30414 GPS  -2267805.536  5009349.280  3221001.636
2022  62  30415 GPS  -2267805.534  5009349.283  3221001.633
2022  62  30416 GPS  -2267805.530  5009349.293  3221001.631
2022  62  30417 GPS  -2267805.528  5009349.299  3221001.627
2022  62  30418 GPS  -2267805.529  5009349.301  3221001.620
2022  62  30419 GPS  -2267805.525  5009349.298  3221001.613
2022  62  30420 GPS  -2267805.519  5009349.293  3221001.608
2022  62  30421 GPS  -2267805.520  5009349.297  3221001.608
2022  62  30422 GPS  -2267805.522  5009349.304  3221001.612
2022  62  30423 GPS  -2267805.524  5009349.302  3221001.612
2022  62  30424 GPS  -2267805.531  5009349.302  3221001.611
2022  62  30425 GPS  -2267805.536  5009349.303  3221001.606
2022  62  30426 GPS  -2267805.542  5009349.305  3221001.601
2022  62  30427 GPS  -2267805.546  5009349.304  3221001.595
2022  62  30428 GPS  -2267805.543  5009349.307  3221001.593
2022  62  30429 GPS  -2267805.540  5009349.294  3221001.588
2022  62  30430 GPS  -2267805.536  5009349.287  3221001.579
2022  62  30431 GPS  -2267805.532  5009349.277  3221001.570
2022  62  30432 GPS  -2267805.537  5009349.275  3221001.570
2022  62  30433 GPS  -2267805.536  5009349.268  3221001.564
2022  62  30434 GPS  -2267805.537  5009349.262  3221001.555
2022  62  30435 GPS  -2267805.537  5009349.264  3221001.550
2022  62  30436 GPS  -2267805.534  5009349.261  3221001.541
2022  62  30437 GPS  -2267805.531  5009349.248  3221001.535
2022  62  30438 GPS  -2267805.526  5009349.241  3221001.531
2022  62  30439 GPS  -2267805.525  5009349.241  3221001.525
2022  62  30440 GPS  -2267805.528  5009349.242  3221001.524
2022  62  30441 GPS  -2267805.524  5009349.244  3221001.523
2022  62  30442 GPS  -2267805.523  5009349.240  3221001.522
2022  62  30443 GPS  -2267805.520  5009349.230  3221001.516
2022  62  30444 GPS  -2267805.516  5009349.215  3221001.513
2022  62  30445 GPS  -2267805.517  5009349.208  3221001.511
2022  62  30446 GPS  -2267805.516  5009349.206  3221001.511
2022  62  30447 GPS  -2267805.514  5009349.198  3221001.506
2022  62  30448 GPS  -2267805.515  5009349.195  3221001.504
2022  62  30449 GPS  -2267805.512  5009349.193  3221001.506
2022  62  30450 GPS  -2267805.508  5009349.188  3221001.504
2022  62  30451 GPS  -2267805.499  5009349.173  3221001.496
2022  62  30452 GPS  -2267805.495  5009349.163  3221001.490
2022  62  30453 GPS  -2267805.492  5009349.150  3221001.485
2022  62  30454 GPS  -2267805.496  5009349.148  3221001.480
2022  62  30455 GPS  -2267805.498  5009349.146  3221001.479
2022  62  30456 GPS  -2267805.500  5009349.149  3221001.480
2022  62  30457 GPS  -2267805.501  5009349.153  3221001.477
2022  62  30458 GPS  -2267805.506  5009349.161  3221001.480
2022  62  30459 GPS  -2267805.514  5009349.175  3221001.487
2022  62  30460 GPS  -2267805.520  5009349.186  3221001.497
2022  62  30461 GPS  -2267805.519  5009349.184  3221001.496
2022  62  30462 GPS  -2267805.525  5009349.190  3221001.501
2022  62  30463 GPS  -2267805.532  5009349.199  3221001.509
2022  62  30464 GPS  -2267805.544  5009349.209  3221001.514
2022  62  30465 GPS  -2267805.548  5009349.213  3221001.517
2022  62  30466 GPS  -2267805.559  5009349.224  3221001.528
2022  62  30467 GPS  -2267805.567  5009349.233  3221001.538
2022  62  30468 GPS  -2267805.571  5009349.240  3221001.544
2022  62  30469 GPS  -2267805.576  5009349.242  3221001.546
2022  62  30470 GPS  -2267805.577  5009349.246  3221001.551
2022  62  30471 GPS  -2267805.580  5009349.255  3221001.561
2022  62  30472 GPS  -2267805.585  5009349.268  3221001.574
2022  62  30473 GPS  -2267805.586  5009349.276  3221001.583
2022  62  30474 GPS  -2267805.580  5009349.275  3221001.586
2022  62  30475 GPS  -2267805.578  5009349.270  3221001.592
2022  62  30476 GPS  -2267805.572  5009349.269  3221001.591
2022  62  30477 GPS  -2267805.570  5009349.260  3221001.589
2022  62  30478 GPS  -2267805.568  5009349.254  3221001.590
2022  62  30479 GPS  -2267805.565  5009349.247  3221001.593
2022  62  30480 GPS  -2267805.555  5009349.229  3221001.585
2022  62  30481 GPS  -2267805.552  5009349.211  3221001.580
2022  62  30482 GPS  -2267805.545  5009349.190  3221001.572
2022  62  30483 GPS  -2267805.538  5009349.169  3221001.562
2022  62  30484 GPS  -2267805.529  5009349.151  3221001.556
2022  62  30485 GPS  -2267805.521  5009349.137  3221001.550
2022  62  30486 GPS  -2267805.510  5009349.126  3221001.543
2022  62  30487 GPS  -2267805.500  5009349.115  3221001.535
2022  62  30488 GPS  -2267805.492  5009349.106  3221001.534
2022  62  30489 GPS  -2267805.486  5009349.100  3221001.535
2022  62  30490 GPS  -2267805.483  5009349.098  3221001.535
2022  62  30491 GPS  -2267805.482  5009349.091  3221001.531
2022  62  30492 GPS  -2267805.485  5009349.093  3221001.535
2022  62  30493 GPS  -2267805.480  5009349.090  3221001.537
2022  62  30494 GPS  -2267805.481  5009349.091  3221001.543
2022  62  30495 GPS  -2267805.482  5009349.094  3221001.549
2022  62  30496 GPS  -2267805.485  5009349.094  3221001.549
2022  62  30497 GPS  -2267805.489  5009349.099  3221001.554
2022  62  30498 GPS  -2267805.491  5009349.106  3221001.558
2022  62  30499 GPS  -2267805.489  5009349.100  3221001.552
2022  62  30500 GPS  -2267805.492  5009349.104  3221001.555
2022  62  30501 GPS  -2267805.490  5009349.104  3221001.555
2022  62  30502 GPS  -2267805.494  5009349.112  3221001.559
2022  62  30503 GPS  -2267805.492  5009349.120  3221001.561
2022  62  30504 GPS  -2267805.492  5009349.128  3221001.565
2022  62  30505 GPS  -2267805.493  5009349.140  3221001.572
2022  62  30506 GPS  -2267805.497  5009349.155  3221001.582
2022  62  30507 GPS  -2267805.499  5009349.167  3221001.587
2022  62  30508 GPS  -2267805.500  5009349.183  3221001.596
2022  62  30509 GPS  -2267805.503  5009349.191  3221001.600
2022  62  30510 GPS  -2267805.507  5009349.197  3221001.602
2022  62  30511 GPS  -2267805.507  5009349.197  3221001.601
2022  62  30512 GPS  -2267805.510  5009349.207  3221001.603
2022  62  30513 GPS  -2267805.506  5009349.211  3221001.599
2022  62  30514 GPS  -2267805.507  5009349.219  3221001.598
2022  62  30515 GPS  -2267805.504  5009349.219  3221001.592
2022  62  30516 GPS  -2267805.506  5009349.222  3221001.591
2022  62  30517 GPS  -2267805.507  5009349.224  3221001.594
2022  62  30518 GPS  -2267805.509  5009349.224  3221001.595
2022  62  30519 GPS  -2267805.510  5009349.229  3221001.597
2022  62  30520 GPS  -2267805.511  5009349.239  3221001.604
2022  62  30521 GPS  -2267805.510  5009349.250  3221001.611
2022  62  30522 GPS  -2267805.507  5009349.255  3221001.619
2022  62  30523 GPS  -2267805.504  5009349.258  3221001.626
2022  62  30524 GPS  -2267805.497  5009349.255  3221001.627
2022  62  30525 GPS  -2267805.495  5009349.250  3221001.629
2022  62  30526 GPS  -2267805.492  5009349.248  3221001.623
2022  62  30527 GPS  -2267805.485  5009349.240  3221001.618
2022  62  30528 GPS  -2267805.477  5009349.242  3221001.623
2022  62  30529 GPS  -2267805.474  5009349.251  3221001.629
2022  62  30530 GPS  -2267805.470  5009349.256  3221001.632
2022  62  30531 GPS  -2267805.464  5009349.248  3221001.634
2022  62  30532 GPS  -2267805.461  5009349.244  3221001.634
2022  62  30533 GPS  -2267805.459  5009349.248  3221001.637
2022  62  30534 GPS  -2267805.453  5009349.249  3221001.636
2022  62  30535 GPS  -2267805.449  5009349.250  3221001.634
2022  62  30536 GPS  -2267805.446  5009349.253  3221001.634
2022  62  30537 GPS  -2267805.447  5009349.256  3221001.635
2022  62  30538 GPS  -2267805.445  5009349.266  3221001.640
2022  62  30539 GPS  -2267805.438  5009349.263  3221001.641
2022  62  30540 GPS  -2267805.438  5009349.263  3221001.643
2022  62  30541 GPS  -2267805.436  5009349.259  3221001.647
2022  62  30542 GPS  -2267805.432  5009349.257  3221001.647
2022  62  30543 GPS  -2267805.429  5009349.253  3221001.646
2022  62  30544 GPS  -2267805.424  5009349.247  3221001.645
2022  62  30545 GPS  -2267805.425  5009349.247  3221001.648
2022  62  30546 GPS  -2267805.424  5009349.242  3221001.649
2022  62  30547 GPS  -2267805.430  5009349.246  3221001.653
2022  62  30548 GPS  -2267805.433  5009349.248  3221001.656
2022  62  30549 GPS  -2267805.431  5009349.252  3221001.660
2022  62  30550 GPS  -2267805.429  5009349.260  3221001.664
2022  62  30551 GPS  -2267805.430  5009349.264  3221001.664
2022  62  30552 GPS  -2267805.430  5009349.273  3221001.666
2022  62  30553 GPS  -2267805.427  5009349.280  3221001.664
2022  62  30554 GPS  -2267805.428  5009349.283  3221001.664
2022  62  30555 GPS  -2267805.427  5009349.278  3221001.656
2022  62  30556 GPS  -2267805.427  5009349.278  3221001.655
2022  62  30557 GPS  -2267805.419  5009349.271  3221001.650
2022  62  30558 GPS  -2267805.419  5009349.274  3221001.652
2022  62  30559 GPS  -2267805.417  5009349.270  3221001.647
2022  62  30560 GPS  -2267805.410  5009349.272  3221001.651
2022  62  30561 GPS  -2267805.410  5009349.267  3221001.656
2022  62  30562 GPS  -2267805.408  5009349.260  3221001.661
2022  62  30563 GPS  -2267805.404  5009349.252  3221001.658
2022  62  30564 GPS  -2267805.398  5009349.249  3221001.657
2022  62  30565 GPS  -2267805.395  5009349.245  3221001.659
2022  62  30566 GPS  -2267805.386  5009349.233  3221001.656
2022  62  30567 GPS  -2267805.380  5009349.229  3221001.658
2022  62  30568 GPS  -2267805.378  5009349.229  3221001.662
2022  62  30569 GPS  -2267805.372  5009349.223  3221001.665
2022  62  30570 GPS  -2267805.361  5009349.208  3221001.663
2022  62  30571 GPS  -2267805.353  5009349.197  3221001.663
2022  62  30572 GPS  -2267805.340  5009349.182  3221001.663
2022  62  30573 GPS  -2267805.329  5009349.168  3221001.660
2022  62  30574 GPS  -2267805.325  5009349.164  3221001.664
2022  62  30575 GPS  -2267805.317  5009349.161  3221001.664
2022  62  30576 GPS  -2267805.308  5009349.155  3221001.663
2022  62  30577 GPS  -2267805.299  5009349.144  3221001.660
2022  62  30578 GPS  -2267805.292  5009349.139  3221001.659
2022  62  30579 GPS  -2267805.291  5009349.140  3221001.662
2022  62  30580 GPS  -2267805.291  5009349.143  3221001.667
2022  62  30581 GPS  -2267805.289  5009349.145  3221001.671
2022  62  30582 GPS  -2267805.282  5009349.146  3221001.671
2022  62  30583 GPS  -2267805.282  5009349.148  3221001.670
2022  62  30584 GPS  -2267805.279  5009349.144  3221001.665
2022  62  30585 GPS  -2267805.279  5009349.140  3221001.662
2022  62  30586 GPS  -2267805.280  5009349.136  3221001.663
2022  62  30587 GPS  -2267805.278  5009349.120  3221001.657
2022  62  30588 GPS  -2267805.276  5009349.109  3221001.649
2022  62  30589 GPS  -2267805.277  5009349.108  3221001.646
2022  62  30590 GPS  -2267805.277  5009349.106  3221001.646
2022  62  30591 GPS  -2267805.276  5009349.104  3221001.640
2022  62  30592 GPS  -2267805.279  5009349.113  3221001.647
2022  62  30593 GPS  -2267805.278  5009349.102  3221001.636
2022  62  30594 GPS  -2267805.283  5009349.106  3221001.631
2022  62  30595 GPS  -2267805.278  5009349.103  3221001.627
2022  62  30596 GPS  -2267805.276  5009349.105  3221001.621
2022  62  30597 GPS  -2267805.278  5009349.105  3221001.618
2022  62  30598 GPS  -2267805.274  5009349.103  3221001.614
2022  62  30599 GPS  -2267805.273  5009349.097  3221001.606
2022  62  30600 GPS  -2267805.272  5009349.097  3221001.602
2022  62  30601 GPS  -2267805.269  5009349.092  3221001.592
2022  62  30602 GPS  -2267805.264  5009349.089  3221001.587
2022  62  30603 GPS  -2267805.260  5009349.080  3221001.585
2022  62  30604 GPS  -2267805.263  5009349.087  3221001.588
2022  62  30605 GPS  -2267805.266  5009349.090  3221001.590
2022  62  30606 GPS  -2267805.265  5009349.090  3221001.590
2022  62  30607 GPS  -2267805.266  5009349.085  3221001.589
2022  62  30608 GPS  -2267805.263  5009349.077  3221001.585
2022  62  30609 GPS  -2267805.269  5009349.078  3221001.586
2022  62  30610 GPS  -2267805.267  5009349.078  3221001.587
2022  62  30611 GPS  -2267805.267  5009349.072  3221001.586
2022  62  30612 GPS  -2267805.264  5009349.059  3221001.581
2022  62  30613 GPS  -2267805.261  5009349.048  3221001.576
2022  62  30614 GPS  -2267805.260  5009349.041  3221001.568
2022  62  30615 GPS  -2267805.260  5009349.043  3221001.570
2022  62  30616 GPS  -2267805.265  5009349.044  3221001.571
2022  62  30617 GPS  -2267805.272  5009349.052  3221001.576
2022  62  30618 GPS  -2267805.276  5009349.055  3221001.579
2022  62  30619 GPS  -2267805.280  5009349.061  3221001.586
2022  62  30620 GPS  -2267805.285  5009349.069  3221001.590
2022  62  30621 GPS  -2267805.290  5009349.084  3221001.596
2022  62  30622 GPS  -2267805.295  5009349.095  3221001.598
2022  62  30623 GPS  -2267805.296  5009349.094  3221001.595
2022  62  30624 GPS  -2267805.302  5009349.096  3221001.596
2022  62  30625 GPS  -2267805.306  5009349.100  3221001.600
2022  62  30626 GPS  -2267805.312  5009349.105  3221001.603
2022  62  30627 GPS  -2267805.313  5009349.100  3221001.604
2022  62  30628 GPS  -2267805.317  5009349.109  3221001.613
2022  62  30629 GPS  -2267805.321  5009349.112  3221001.616
2022  62  30630 GPS  -2267805.327  5009349.118  3221001.618
2022  62  30631 GPS  -2267805.335  5009349.124  3221001.627
2022  62  30632 GPS  -2267805.341  5009349.133  3221001.637
2022  62  30633 GPS  -2267805.338  5009349.132  3221001.641
2022  62  30634 GPS  -2267805.337  5009349.137  3221001.646
2022  62  30635 GPS  -2267805.337  5009349.136  3221001.646
2022  62  30636 GPS  -2267805.339  5009349.140  3221001.651
2022  62  30637 GPS  -2267805.341  5009349.141  3221001.652
2022  62  30638 GPS  -2267805.345  5009349.146  3221001.656
2022  62  30639 GPS  -2267805.347  5009349.149  3221001.658
2022  62  30640 GPS  -2267805.352  5009349.153  3221001.660
2022  62  30641 GPS  -2267805.356  5009349.163  3221001.665
2022  62  30642 GPS  -2267805.356  5009349.168  3221001.666
2022  62  30643 GPS  -2267805.360  5009349.172  3221001.666
2022  62  30644 GPS  -2267805.361  5009349.177  3221001.667
2022  62  30645 GPS  -2267805.364  5009349.181  3221001.668
2022  62  30646 GPS  -2267805.363  5009349.177  3221001.660
2022  62  30647 GPS  -2267805.366  5009349.179  3221001.661
2022  62  30648 GPS  -2267805.367  5009349.180  3221001.665
2022  62  30649 GPS  -2267805.369  5009349.181  3221001.670
2022  62  30650 GPS  -2267805.372  5009349.179  3221001.672
2022  62  30651 GPS  -2267805.375  5009349.182  3221001.674
2022  62  30652 GPS  -2267805.378  5009349.179  3221001.677
2022  62  30653 GPS  -2267805.388  5009349.174  3221001.678
2022  62  30654 GPS  -2267805.393  5009349.171  3221001.674
2022  62  30655 GPS  -2267805.396  5009349.168  3221001.673
2022  62  30656 GPS  -2267805.395  5009349.151  3221001.668
2022  62  30657 GPS  -2267805.397  5009349.148  3221001.672
2022  62  30658 GPS  -2267805.396  5009349.136  3221001.672
2022  62  30659 GPS  -2267805.395  5009349.122  3221001.664
2022  62  30660 GPS  -2267805.395  5009349.113  3221001.657
2022  62  30661 GPS  -2267805.387  5009349.099  3221001.653
2022  62  30662 GPS  -2267805.377  5009349.086  3221001.647
2022  62  30663 GPS  -2267805.376  5009349.081  3221001.648
2022  62  30664 GPS  -2267805.377  5009349.088  3221001.650
2022  62  30665 GPS  -2267805.379  5009349.095  3221001.656
2022  62  30666 GPS  -2267805.380  5009349.089  3221001.654
2022  62  30667 GPS  -2267805.376  5009349.078  3221001.648
2022  62  30668 GPS  -2267805.378  5009349.077  3221001.651
2022  62  30669 GPS  -2267805.378  5009349.077  3221001.654
2022  62  30670 GPS  -2267805.377  5009349.068  3221001.657
2022  62  30671 GPS  -2267805.377  5009349.064  3221001.658
2022  62  30672 GPS  -2267805.372  5009349.054  3221001.658
2022  62  30673 GPS  -2267805.374  5009349.056  3221001.664
2022  62  30674 GPS  -2267805.367  5009349.051  3221001.668
2022  62  30675 GPS  -2267805.362  5009349.050  3221001.673
2022  62  30676 GPS  -2267805.360  5009349.048  3221001.675
2022  62  30677 GPS  -2267805.362  5009349.052  3221001.674
2022  62  30678 GPS  -2267805.361  5009349.046  3221001.670
2022  62  30679 GPS  -2267805.357  5009349.038  3221001.667
2022  62  30680 GPS  -2267805.355  5009349.036  3221001.661
2022  62  30681 GPS  -2267805.350  5009349.027  3221001.657
2022  62  30682 GPS  -2267805.345  5009349.014  3221001.657
2022  62  30683 GPS  -2267805.342  5009349.005  3221001.657
2022  62  30684 GPS  -2267805.343  5009349.000  3221001.656
2022  62  30685 GPS  -2267805.339  5009348.993  3221001.657
2022  62  30686 GPS  -2267805.337  5009348.995  3221001.658
2022  62  30687 GPS  -2267805.336  5009348.998  3221001.658
2022  62  30688 GPS  -2267805.340  5009349.000  3221001.661
2022  62  30689 GPS  -2267805.342  5009349.003  3221001.662
2022  62  30690 GPS  -2267805.344  5009349.000  3221001.661
2022  62  30691 GPS  -2267805.342  5009348.995  3221001.662
2022  62  30692 GPS  -2267805.342  5009348.986  3221001.650
2022  62  30693 GPS  -2267805.341  5009348.982  3221001.646
2022  62  30694 GPS  -2267805.341  5009348.978  3221001.641
2022  62  30695 GPS  -2267805.342  5009348.971  3221001.632
2022  62  30696 GPS  -2267805.339  5009348.958  3221001.621
2022  62  30697 GPS  -2267805.335  5009348.945  3221001.616
2022  62  30698 GPS  -2267805.334  5009348.935  3221001.611
2022  62  30699 GPS  -2267805.332  5009348.932  3221001.607
2022  62  30700 GPS  -2267805.326  5009348.927  3221001.603
2022  62  30701 GPS  -2267805.321  5009348.926  3221001.596
2022  62  30702 GPS  -2267805.315  5009348.920  3221001.592
2022  62  30703 GPS  -2267805.313  5009348.917  3221001.589
2022  62  30704 GPS  -2267805.304  5009348.906  3221001.580
2022  62  30705 GPS  -2267805.302  5009348.897  3221001.571
2022  62  30706 GPS  -2267805.301  5009348.899  3221001.567
2022  62  30707 GPS  -2267805.298  5009348.896  3221001.561
2022  62  30708 GPS  -2267805.297  5009348.897  3221001.557
2022  62  30709 GPS  -2267805.288  5009348.901  3221001.552
2022  62  30710 GPS  -2267805.283  5009348.907  3221001.550
2022  62  30711 GPS  -2267805.276  5009348.901  3221001.542
2022  62  30712 GPS  -2267805.274  5009348.901  3221001.534
2022  62  30713 GPS  -2267805.272  5009348.908  3221001.530
2022  62  30714 GPS  -2267805.268  5009348.917  3221001.528
2022  62  30715 GPS  -2267805.263  5009348.921  3221001.530
2022  62  30716 GPS  -2267805.259  5009348.923  3221001.528
2022  62  30717 GPS  -2267805.258  5009348.924  3221001.524
2022  62  30718 GPS  -2267804.984  5009348.686  3221001.330
2022  62  30719 GPS  -2267804.986  5009348.688  3221001.332
2022  62  30720 GPS  -2267804.987  5009348.694  3221001.336
2022  62  30721 GPS  -2267804.991  5009348.702  3221001.338
2022  62  30722 GPS  -2267804.991  5009348.713  3221001.339
2022  62  30723 GPS  -2267804.989  5009348.721  3221001.343
2022  62  30724 GPS  -2267804.989  5009348.727  3221001.346
2022  62  30725 GPS  -2267804.994  5009348.738  3221001.351
2022  62  30726 GPS  -2267804.992  5009348.739  3221001.352
2022  62  30727 GPS  -2267804.988  5009348.732  3221001.350
2022  62  30728 GPS  -2267804.983  5009348.724  3221001.345
2022  62  30729 GPS  -2267804.984  5009348.723  3221001.341
2022  62  30730 GPS  -2267804.986  5009348.730  3221001.345
2022  62  30731 GPS  -2267804.978  5009348.720  3221001.339
2022  62  30732 GPS  -2267804.974  5009348.717  3221001.340
2022  62  30733 GPS  -2267804.972  5009348.720  3221001.344
2022  62  30734 GPS  -2267804.967  5009348.719  3221001.342
2022  62  30735 GPS  -2267804.965  5009348.713  3221001.341
2022  62  30736 GPS  -2267804.959  5009348.704  3221001.343
2022  62  30737 GPS  -2267804.954  5009348.695  3221001.339
2022  62  30738 GPS  -2267804.955  5009348.691  3221001.337
2022  62  30739 GPS  -2267804.950  5009348.679  3221001.331
2022  62  30740 GPS  -2267804.951  5009348.668  3221001.325
2022  62  30741 GPS  -2267804.947  5009348.656  3221001.320
2022  62  30742 GPS  -2267804.941  5009348.646  3221001.313
2022  62  30743 GPS  -2267804.940  5009348.632  3221001.306
2022  62  30744 GPS  -2267804.940  5009348.627  3221001.303
2022  62  30745 GPS  -2267804.937  5009348.614  3221001.295
2022  62  30746 GPS  -2267804.934  5009348.592  3221001.287
2022  62  30747 GPS  -2267804.933  5009348.582  3221001.281
2022  62  30748 GPS  -2267804.933  5009348.573  3221001.270
2022  62  30749 GPS  -2267804.931  5009348.565  3221001.264
2022  62  30750 GPS  -2267804.931  5009348.562  3221001.260
2022  62  30751 GPS  -2267804.933  5009348.554  3221001.251
2022  62  30752 GPS  -2267804.933  5009348.556  3221001.251
2022  62  30753 GPS  -2267804.935  5009348.555  3221001.248
2022  62  30754 GPS  -2267804.931  5009348.559  3221001.241
2022  62  30755 GPS  -2267804.926  5009348.555  3221001.232
2022  62  30756 GPS  -2267804.929  5009348.555  3221001.230
2022  62  30757 GPS  -2267804.929  5009348.551  3221001.221
2022  62  30758 GPS  -2267804.923  5009348.550  3221001.219
2022  62  30759 GPS  -2267804.921  5009348.551  3221001.217
2022  62  30760 GPS  -2267804.921  5009348.557  3221001.214
2022  62  30761 GPS  -2267804.928  5009348.569  3221001.220
2022  62  30762 GPS  -2267804.931  5009348.575  3221001.217
2022  62  30763 GPS  -2267804.933  5009348.587  3221001.219
2022  62  30764 GPS  -2267804.934  5009348.600  3221001.222
2022  62  30765 GPS  -2267804.935  5009348.608  3221001.223
2022  62  30766 GPS  -2267804.934  5009348.612  3221001.220
2022  62  30767 GPS  -2267804.931  5009348.615  3221001.219
2022  62  30768 GPS  -2267804.932  5009348.628  3221001.225
2022  62  30769 GPS  -2267804.927  5009348.633  3221001.225
2022  62  30770 GPS  -2267804.919  5009348.640  3221001.226
2022  62  30771 GPS  -2267804.913  5009348.644  3221001.227
2022  62  30772 GPS  -2267804.911  5009348.646  3221001.223
2022  62  30773 GPS  -2267804.907  5009348.651  3221001.228
2022  62  30774 GPS  -2267804.909  5009348.662  3221001.232
2022  62  30775 GPS  -2267804.910  5009348.670  3221001.235
2022  62  30776 GPS  -2267804.909  5009348.665  3221001.234
2022  62  30777 GPS  -2267804.911  5009348.670  3221001.234
2022  62  30778 GPS  -2267804.913  5009348.673  3221001.234
2022  62  30779 GPS  -2267804.917  5009348.683  3221001.241
2022  62  30780 GPS  -2267804.913  5009348.692  3221001.248
2022  62  30781 GPS  -2267804.907  5009348.700  3221001.254
2022  62  30782 GPS  -2267804.908  5009348.708  3221001.256
2022  62  30783 GPS  -2267804.906  5009348.712  3221001.261
2022  62  30784 GPS  -2267804.899  5009348.702  3221001.257
2022  62  30785 GPS  -2267804.895  5009348.699  3221001.256
2022  62  30786 GPS  -2267804.899  5009348.707  3221001.255
2022  62  30787 GPS  -2267804.895  5009348.698  3221001.243
2022  62  30788 GPS  -2267804.896  5009348.689  3221001.239
2022  62  30789 GPS  -2267804.898  5009348.688  3221001.238
2022  62  30790 GPS  -2267804.906  5009348.691  3221001.238
2022  62  30791 GPS  -2267804.908  5009348.678  3221001.230
2022  62  30792 GPS  -2267804.910  5009348.671  3221001.222
2022  62  30793 GPS  -2267804.903  5009348.652  3221001.206
2022  62  30794 GPS  -2267804.898  5009348.634  3221001.190
2022  62  30795 GPS  -2267804.890  5009348.619  3221001.176
2022  62  30796 GPS  -2267804.884  5009348.607  3221001.167
2022  62  30797 GPS  -2267804.879  5009348.590  3221001.150
2022  62  30798 GPS  -2267804.878  5009348.579  3221001.138
2022  62  30799 GPS  -2267804.882  5009348.582  3221001.136
2022  62  30800 GPS  -2267804.884  5009348.579  3221001.133
2022  62  30801 GPS  -2267804.886  5009348.571  3221001.129
2022  62  30802 GPS  -2267804.883  5009348.560  3221001.122
2022  62  30803 GPS  -2267804.879  5009348.552  3221001.118
2022  62  30804 GPS  -2267804.875  5009348.552  3221001.119
2022  62  30805 GPS  -2267804.870  5009348.546  3221001.114
2022  62  30806 GPS  -2267804.866  5009348.534  3221001.107
2022  62  30807 GPS  -2267804.860  5009348.528  3221001.101
2022  62  30808 GPS  -2267804.857  5009348.526  3221001.102
2022  62  30809 GPS  -2267804.858  5009348.519  3221001.100
2022  62  30810 GPS  -2267804.853  5009348.521  3221001.101
2022  62  30811 GPS  -2267804.847  5009348.517  3221001.101
2022  62  30812 GPS  -2267804.842  5009348.509  3221001.095
2022  62  30813 GPS  -2267804.838  5009348.513  3221001.100
2022  62  30814 GPS  -2267804.837  5009348.511  3221001.100
2022  62  30815 GPS  -2267804.839  5009348.515  3221001.100
2022  62  30816 GPS  -2267804.835  5009348.512  3221001.101
2022  62  30817 GPS  -2267804.826  5009348.507  3221001.101
2022  62  30818 GPS  -2267804.822  5009348.516  3221001.111
2022  62  30819 GPS  -2267804.822  5009348.518  3221001.116
2022  62  30820 GPS  -2267804.823  5009348.530  3221001.124
2022  62  30821 GPS  -2267804.823  5009348.546  3221001.132
2022  62  30822 GPS  -2267804.823  5009348.561  3221001.136
2022  62  30823 GPS  -2267804.824  5009348.565  3221001.137
2022  62  30824 GPS  -2267804.823  5009348.571  3221001.137
2022  62  30825 GPS  -2267804.825  5009348.578  3221001.138
2022  62  30826 GPS  -2267804.821  5009348.578  3221001.137
2022  62  30827 GPS  -2267804.817  5009348.585  3221001.145
2022  62  30828 GPS  -2267804.810  5009348.588  3221001.144
2022  62  30829 GPS  -2267804.807  5009348.595  3221001.141
2022  62  30830 GPS  -2267804.807  5009348.596  3221001.142
2022  62  30831 GPS  -2267804.802  5009348.587  3221001.135
2022  62  30832 GPS  -2267804.801  5009348.587  3221001.133
2022  62  30833 GPS  -2267804.796  5009348.578  3221001.129
2022  62  30834 GPS  -2267804.797  5009348.575  3221001.129
2022  62  30835 GPS  -2267804.798  5009348.566  3221001.126
2022  62  30836 GPS  -2267804.795  5009348.554  3221001.116
2022  62  30837 GPS  -2267804.796  5009348.545  3221001.114
2022  62  30838 GPS  -2267804.795  5009348.532  3221001.107
2022  62  30839 GPS  -2267804.798  5009348.527  3221001.102
2022  62  30840 GPS  -2267804.794  5009348.520  3221001.100
2022  62  30841 GPS  -2267804.793  5009348.515  3221001.096
2022  62  30842 GPS  -2267804.787  5009348.514  3221001.097
2022  62  30843 GPS  -2267804.782  5009348.509  3221001.099
2022  62  30844 GPS  -2267804.781  5009348.506  3221001.099
2022  62  30845 GPS  -2267804.775  5009348.498  3221001.097
2022  62  30846 GPS  -2267804.776  5009348.494  3221001.098
2022  62  30847 GPS  -2267804.773  5009348.491  3221001.101
2022  62  30848 GPS  -2267804.772  5009348.490  3221001.103
2022  62  30849 GPS  -2267804.771  5009348.479  3221001.099
2022  62  30850 GPS  -2267804.765  5009348.466  3221001.099
2022  62  30851 GPS  -2267804.765  5009348.460  3221001.098
2022  62  30852 GPS  -2267804.761  5009348.452  3221001.097
2022  62  30853 GPS  -2267804.763  5009348.452  3221001.100
2022  62  30854 GPS  -2267804.759  5009348.452  3221001.103
2022  62  30855 GPS  -2267804.753  5009348.456  3221001.112
2022  62  30856 GPS  -2267804.751  5009348.457  3221001.114
2022  62  30857 GPS  -2267804.752  5009348.459  3221001.113
2022  62  30858 GPS  -2267804.752  5009348.464  3221001.114
2022  62  30859 GPS  -2267804.747  5009348.465  3221001.115
2022  62  30860 GPS  -2267804.743  5009348.472  3221001.120
2022  62  30861 GPS  -2267804.738  5009348.473  3221001.119
2022  62  30862 GPS  -2267804.733  5009348.473  3221001.118
2022  62  30863 GPS  -2267804.724  5009348.462  3221001.109
2022  62  30864 GPS  -2267804.715  5009348.449  3221001.107
2022  62  30865 GPS  -2267804.717  5009348.445  3221001.106
2022  62  30866 GPS  -2267804.716  5009348.441  3221001.109
2022  62  30867 GPS  -2267804.711  5009348.433  3221001.107
2022  62  30868 GPS  -2267804.706  5009348.430  3221001.104
2022  62  30869 GPS  -2267804.702  5009348.427  3221001.104
2022  62  30870 GPS  -2267804.705  5009348.430  3221001.108
2022  62  30871 GPS  -2267804.706  5009348.426  3221001.105
2022  62  30872 GPS  -2267804.704  5009348.425  3221001.104
2022  62  30873 GPS  -2267804.702  5009348.420  3221001.103
2022  62  30874 GPS  -2267804.701  5009348.418  3221001.106
2022  62  30875 GPS  -2267804.694  5009348.417  3221001.107
2022  62  30876 GPS  -2267804.696  5009348.423  3221001.115
2022  62  30877 GPS  -2267804.692  5009348.414  3221001.110
2022  62  30878 GPS  -2267804.693  5009348.407  3221001.108
2022  62  30879 GPS  -2267804.692  5009348.400  3221001.105
2022  62  30880 GPS  -2267804.692  5009348.395  3221001.104
2022  62  30881 GPS  -2267804.689  5009348.394  3221001.104
2022  62  30882 GPS  -2267804.694  5009348.389  3221001.098
2022  62  30883 GPS  -2267804.698  5009348.391  3221001.096
2022  62  30884 GPS  -2267804.695  5009348.390  3221001.093
2022  62  30885 GPS  -2267804.695  5009348.395  3221001.094
2022  62  30886 GPS  -2267804.701  5009348.409  3221001.099
2022  62  30887 GPS  -2267804.707  5009348.419  3221001.105
2022  62  30888 GPS  -2267804.702  5009348.424  3221001.101
2022  62  30889 GPS  -2267804.698  5009348.427  3221001.102
2022  62  30890 GPS  -2267804.693  5009348.428  3221001.099
2022  62  30891 GPS  -2267804.691  5009348.423  3221001.094
2022  62  30892 GPS  -2267804.691  5009348.432  3221001.101
2022  62  30893 GPS  -2267804.691  5009348.440  3221001.107
2022  62  30894 GPS  -2267804.686  5009348.448  3221001.111
2022  62  30895 GPS  -2267804.681  5009348.458  3221001.114
2022  62  30896 GPS  -2267804.682  5009348.469  3221001.121
2022  62  30897 GPS  -2267804.686  5009348.471  3221001.124
2022  62  30898 GPS  -2267804.687  5009348.481  3221001.127
2022  62  30899 GPS  -2267804.692  5009348.490  3221001.132
2022  62  30900 GPS  -2267804.696  5009348.501  3221001.139
2022  62  30901 GPS  -2267804.700  5009348.511  3221001.145
2022  62  30902 GPS  -2267804.706  5009348.518  3221001.144
2022  62  30903 GPS  -2267804.706  5009348.518  3221001.141
2022  62  30904 GPS  -2267804.703  5009348.524  3221001.139
2022  62  30905 GPS  -2267804.705  5009348.532  3221001.138
2022  62  30906 GPS  -2267804.713  5009348.543  3221001.146
2022  62  30907 GPS  -2267804.716  5009348.552  3221001.153
2022  62  30908 GPS  -2267804.722  5009348.555  3221001.156
2022  62  30909 GPS  -2267804.727  5009348.556  3221001.155
2022  62  30910 GPS  -2267804.728  5009348.548  3221001.151
2022  62  30911 GPS  -2267804.732  5009348.535  3221001.143
2022  62  30912 GPS  -2267804.741  5009348.539  3221001.143
2022  62  30913 GPS  -2267804.745  5009348.533  3221001.140
2022  62  30914 GPS  -2267804.749  5009348.527  3221001.139
2022  62  30915 GPS  -2267804.754  5009348.523  3221001.140
2022  62  30916 GPS  -2267804.757  5009348.521  3221001.141
2022  62  30917 GPS  -2267804.760  5009348.517  3221001.144
2022  62  30918 GPS  -2267804.769  5009348.525  3221001.152
2022  62  30919 GPS  -2267804.776  5009348.532  3221001.159
2022  62  30920 GPS  -2267804.783  5009348.549  3221001.170
2022  62  30921 GPS  -2267804.790  5009348.556  3221001.171
2022  62  30922 GPS  -2267804.791  5009348.550  3221001.163
2022  62  30923 GPS  -2267804.786  5009348.544  3221001.156
2022  62  30924 GPS  -2267804.791  5009348.550  3221001.161
2022  62  30925 GPS  -2267804.792  5009348.552  3221001.159
2022  62  30926 GPS  -2267804.795  5009348.547  3221001.161
2022  62  30927 GPS  -2267804.795  5009348.546  3221001.164
2022  62  30928 GPS  -2267804.797  5009348.542  3221001.162
2022  62  30929 GPS  -2267804.802  5009348.545  3221001.163
2022  62  30930 GPS  -2267804.806  5009348.544  3221001.159
2022  62  30931 GPS  -2267804.809  5009348.539  3221001.151
2022  62  30932 GPS  -2267804.810  5009348.538  3221001.149
2022  62  30933 GPS  -2267804.816  5009348.545  3221001.150
2022  62  30934 GPS  -2267804.813  5009348.537  3221001.146
2022  62  30935 GPS  -2267804.809  5009348.529  3221001.138
2022  62  30936 GPS  -2267804.810  5009348.524  3221001.127
2022  62  30937 GPS  -2267804.807  5009348.518  3221001.118
2022  62  30938 GPS  -2267804.803  5009348.511  3221001.110
2022  62  30939 GPS  -2267804.802  5009348.511  3221001.105
2022  62  30940 GPS  -2267804.803  5009348.509  3221001.105
2022  62  30941 GPS  -2267804.802  5009348.499  3221001.098
2022  62  30942 GPS  -2267804.798  5009348.494  3221001.095
2022  62  30943 GPS  -2267804.802  5009348.496  3221001.096
2022  62  30944 GPS  -2267804.803  5009348.502  3221001.104
2022  62  30945 GPS  -2267804.804  5009348.503  3221001.107
2022  62  30946 GPS  -2267804.802  5009348.514  3221001.115
2022  62  30947 GPS  -2267804.799  5009348.511  3221001.117
2022  62  30948 GPS  -2267804.796  5009348.513  3221001.119
2022  62  30949 GPS  -2267804.789  5009348.508  3221001.120
2022  62  30950 GPS  -2267804.784  5009348.501  3221001.114
2022  62  30951 GPS  -2267804.778  5009348.490  3221001.111
2022  62  30952 GPS  -2267804.774  5009348.477  3221001.106
2022  62  30953 GPS  -2267804.773  5009348.470  3221001.106
2022  62  30954 GPS  -2267804.772  5009348.459  3221001.101
2022  62  30955 GPS  -2267804.768  5009348.449  3221001.099
2022  62  30956 GPS  -2267804.771  5009348.448  3221001.101
2022  62  30957 GPS  -2267804.775  5009348.449  3221001.105
2022  62  30958 GPS  -2267804.774  5009348.443  3221001.111
2022  62  30959 GPS  -2267804.776  5009348.441  3221001.115
2022  62  30960 GPS  -2267804.781  5009348.438  3221001.123
2022  62  30961 GPS  -2267804.788  5009348.441  3221001.129
2022  62  30962 GPS  -2267804.795  5009348.446  3221001.134
2022  62  30963 GPS  -2267804.799  5009348.448  3221001.139
2022  62  30964 GPS  -2267804.797  5009348.443  3221001.135
2022  62  30965 GPS  -2267804.800  5009348.441  3221001.131
2022  62  30966 GPS  -2267804.798  5009348.436  3221001.128
2022  62  30967 GPS  -2267804.797  5009348.433  3221001.123
2022  62  30968 GPS  -2267804.792  5009348.423  3221001.114
2022  62  30969 GPS  -2267804.788  5009348.419  3221001.114
2022  62  30970 GPS  -2267804.785  5009348.427  3221001.117
2022  62  30971 GPS  -2267804.782  5009348.428  3221001.119
2022  62  30972 GPS  -2267804.786  5009348.429  3221001.121
2022  62  30973 GPS  -2267804.783  5009348.422  3221001.120
2022  62  30974 GPS  -2267804.784  5009348.426  3221001.124
2022  62  30975 GPS  -2267804.784  5009348.430  3221001.126
2022  62  30976 GPS  -2267804.785  5009348.435  3221001.130
2022  62  30977 GPS  -2267804.789  5009348.439  3221001.128
2022  62  30978 GPS  -2267804.789  5009348.436  3221001.121
2022  62  30979 GPS  -2267804.786  5009348.425  3221001.116
2022  62  30980 GPS  -2267804.781  5009348.419  3221001.114
2022  62  30981 GPS  -2267804.777  5009348.408  3221001.108
2022  62  30982 GPS  -2267804.773  5009348.389  3221001.102
2022  62  30983 GPS  -2267804.777  5009348.386  3221001.103
2022  62  30984 GPS  -2267804.775  5009348.376  3221001.099
2022  62  30985 GPS  -2267804.776  5009348.370  3221001.093
2022  62  30986 GPS  -2267804.773  5009348.365  3221001.095
2022  62  30987 GPS  -2267804.768  5009348.360  3221001.091
2022  62  30988 GPS  -2267804.766  5009348.363  3221001.092
2022  62  30989 GPS  -2267804.762  5009348.355  3221001.090
2022  62  30990 GPS  -2267804.758  5009348.345  3221001.084
2022  62  30991 GPS  -2267804.749  5009348.333  3221001.074
2022  62  30992 GPS  -2267804.740  5009348.323  3221001.069
2022  62  30993 GPS  -2267804.728  5009348.305  3221001.061
2022  62  30994 GPS  -2267804.718  5009348.296  3221001.059
2022  62  30995 GPS  -2267804.705  5009348.283  3221001.048
2022  62  30996 GPS  -2267804.703  5009348.274  3221001.044
2022  62  30997 GPS  -2267804.688  5009348.258  3221001.039
2022  62  30998 GPS  -2267804.683  5009348.244  3221001.034
2022  62  30999 GPS  -2267804.683  5009348.245  3221001.035
2022  62  31000 GPS  -2267804.678  5009348.243  3221001.032
2022  62  31001 GPS  -2267804.666  5009348.225  3221001.022
2022  62  31002 GPS  -2267804.661  5009348.216  3221001.019
2022  62  31003 GPS  -2267804.649  5009348.201  3221001.014
2022  62  31004 GPS  -2267804.642  5009348.185  3221001.006
2022  62  31005 GPS  -2267804.633  5009348.177  3221001.002
2022  62  31006 GPS  -2267804.626  5009348.165  3221000.994
2022  62  31007 GPS  -2267804.614  5009348.151  3221000.987
2022  62  31008 GPS  -2267804.607  5009348.139  3221000.980
2022  62  31009 GPS  -2267804.599  5009348.125  3221000.972
2022  62  31010 GPS  -2267804.595  5009348.118  3221000.966
2022  62  31011 GPS  -2267804.588  5009348.110  3221000.963
2022  62  31012 GPS  -2267804.592  5009348.113  3221000.967
2022  62  31013 GPS  -2267804.596  5009348.117  3221000.971
2022  62  31014 GPS  -2267804.593  5009348.113  3221000.973
2022  62  31015 GPS  -2267804.600  5009348.119  3221000.982
2022  62  31016 GPS  -2267804.612  5009348.131  3221000.994
2022  62  31017 GPS  -2267804.614  5009348.120  3221000.990
2022  62  31018 GPS  -2267804.610  5009348.110  3221000.988
2022  62  31019 GPS  -2267804.609  5009348.108  3221000.989
2022  62  31020 GPS  -2267804.607  5009348.105  3221000.987
2022  62  31021 GPS  -2267804.604  5009348.095  3221000.982
2022  62  31022 GPS  -2267804.602  5009348.092  3221000.984
2022  62  31023 GPS  -2267804.600  5009348.093  3221000.989
2022  62  31024 GPS  -2267804.598  5009348.085  3221000.986
2022  62  31025 GPS  -2267804.596  5009348.073  3221000.985
2022  62  31026 GPS  -2267804.593  5009348.068  3221000.987
2022  62  31027 GPS  -2267804.590  5009348.062  3221000.983
2022  62  31028 GPS  -2267804.584  5009348.055  3221000.982
2022  62  31029 GPS  -2267804.585  5009348.049  3221000.982
2022  62  31030 GPS  -2267804.587  5009348.054  3221000.984
2022  62  31031 GPS  -2267804.589  5009348.046  3221000.976
2022  62  31032 GPS  -2267804.591  5009348.040  3221000.972
2022  62  31033 GPS  -2267804.590  5009348.038  3221000.968
2022  62  31034 GPS  -2267804.991  5009348.682  3221001.438
2022  62  31035 GPS  -2267804.972  5009348.660  3221001.420
2022  62  31036 GPS  -2267804.956  5009348.649  3221001.410
2022  62  31037 GPS  -2267804.918  5009348.595  3221001.366
2022  62  31038 GPS  -2267804.903  5009348.579  3221001.352
2022  62  31039 GPS  -2267804.894  5009348.564  3221001.342
2022  62  31040 GPS  -2267804.891  5009348.559  3221001.340
2022  62  31041 GPS  -2267804.948  5009348.649  3221001.407
2022  62  31042 GPS  -2267804.949  5009348.653  3221001.409
2022  62  31043 GPS  -2267804.933  5009348.622  3221001.395
2022  62  31044 GPS  -2267804.941  5009348.640  3221001.412
2022  62  31045 GPS  -2267804.949  5009348.653  3221001.426
2022  62  31046 GPS  -2267804.932  5009348.626  3221001.408
2022  62  31047 GPS  -2267804.913  5009348.601  3221001.388
2022  62  31048 GPS  -2267804.909  5009348.592  3221001.382
2022  62  31049 GPS  -2267804.902  5009348.587  3221001.378
2022  62  31050 GPS  -2267804.905  5009348.599  3221001.389
2022  62  31051 GPS  -2267804.915  5009348.614  3221001.401
2022  62  31052 GPS  -2267804.907  5009348.606  3221001.393
2022  62  31053 GPS  -2267804.914  5009348.619  3221001.404
2022  62  31054 GPS  -2267804.920  5009348.625  3221001.410
2022  62  31055 GPS  -2267804.932  5009348.645  3221001.422
2022  62  31056 GPS  -2267804.945  5009348.683  3221001.445
2022  62  31057 GPS  -2267804.956  5009348.709  3221001.463
2022  62  31058 GPS  -2267804.957  5009348.712  3221001.459
2022  62  31059 GPS  -2267804.964  5009348.730  3221001.465
2022  62  31060 GPS  -2267804.970  5009348.735  3221001.467
2022  62  31061 GPS  -2267804.974  5009348.740  3221001.468
2022  62  31062 GPS  -2267804.976  5009348.747  3221001.474
2022  62  31063 GPS  -2267804.976  5009348.758  3221001.479
2022  62  31064 GPS  -2267804.981  5009348.767  3221001.486
2022  62  31065 GPS  -2267804.983  5009348.772  3221001.495
2022  62  31066 GPS  -2267804.986  5009348.778  3221001.502
2022  62  31067 GPS  -2267804.987  5009348.784  3221001.505
2022  62  31068 GPS  -2267804.991  5009348.786  3221001.506
2022  62  31069 GPS  -2267804.993  5009348.790  3221001.513
2022  62  31070 GPS  -2267804.996  5009348.797  3221001.520
2022  62  31071 GPS  -2267804.992  5009348.801  3221001.528
2022  62  31072 GPS  -2267804.988  5009348.807  3221001.537
2022  62  31073 GPS  -2267804.984  5009348.801  3221001.540
2022  62  31074 GPS  -2267804.983  5009348.804  3221001.543
2022  62  31075 GPS  -2267804.984  5009348.808  3221001.548
2022  62  31076 GPS  -2267804.986  5009348.817  3221001.552
2022  62  31077 GPS  -2267804.988  5009348.827  3221001.557
2022  62  31078 GPS  -2267804.989  5009348.837  3221001.561
2022  62  31079 GPS  -2267804.985  5009348.840  3221001.566
2022  62  31080 GPS  -2267804.979  5009348.838  3221001.568
2022  62  31081 GPS  -2267804.976  5009348.835  3221001.568
2022  62  31082 GPS  -2267804.964  5009348.829  3221001.562
2022  62  31083 GPS  -2267804.957  5009348.823  3221001.563
2022  62  31084 GPS  -2267804.952  5009348.826  3221001.563
2022  62  31085 GPS  -2267804.945  5009348.819  3221001.563
2022  62  31086 GPS  -2267804.942  5009348.815  3221001.563
2022  62  31087 GPS  -2267804.938  5009348.810  3221001.561
2022  62  31088 GPS  -2267804.942  5009348.821  3221001.565
2022  62  31089 GPS  -2267804.946  5009348.824  3221001.572
2022  62  31090 GPS  -2267804.944  5009348.815  3221001.569
2022  62  31091 GPS  -2267804.942  5009348.811  3221001.566
2022  62  31092 GPS  -2267804.944  5009348.807  3221001.563
2022  62  31093 GPS  -2267804.945  5009348.805  3221001.562
2022  62  31094 GPS  -2267804.948  5009348.799  3221001.565
2022  62  31095 GPS  -2267804.944  5009348.791  3221001.565
2022  62  31096 GPS  -2267804.936  5009348.780  3221001.562
2022  62  31097 GPS  -2267804.934  5009348.771  3221001.556
2022  62  31098 GPS  -2267804.932  5009348.769  3221001.553
2022  62  31099 GPS  -2267804.925  5009348.761  3221001.548
2022  62  31100 GPS  -2267804.924  5009348.750  3221001.538
2022  62  31101 GPS  -2267804.923  5009348.741  3221001.533
2022  62  31102 GPS  -2267804.920  5009348.721  3221001.530
2022  62  31103 GPS  -2267804.921  5009348.708  3221001.523
2022  62  31104 GPS  -2267804.924  5009348.703  3221001.518
2022  62  31105 GPS  -2267804.925  5009348.698  3221001.522
2022  62  31106 GPS  -2267804.923  5009348.700  3221001.522
2022  62  31107 GPS  -2267804.916  5009348.697  3221001.518
2022  62  31108 GPS  -2267804.915  5009348.695  3221001.519
2022  62  31109 GPS  -2267804.909  5009348.692  3221001.524
2022  62  31110 GPS  -2267804.904  5009348.698  3221001.528
2022  62  31111 GPS  -2267804.902  5009348.706  3221001.534
2022  62  31112 GPS  -2267804.904  5009348.715  3221001.544
2022  62  31113 GPS  -2267804.906  5009348.722  3221001.554
2022  62  31114 GPS  -2267804.913  5009348.741  3221001.564
2022  62  31115 GPS  -2267804.917  5009348.749  3221001.573
2022  62  31116 GPS  -2267804.918  5009348.750  3221001.575
2022  62  31117 GPS  -2267804.920  5009348.755  3221001.577
2022  62  31118 GPS  -2267804.921  5009348.754  3221001.577
2022  62  31119 GPS  -2267804.920  5009348.753  3221001.576
2022  62  31120 GPS  -2267804.920  5009348.757  3221001.576
2022  62  31121 GPS  -2267804.919  5009348.762  3221001.575
2022  62  31122 GPS  -2267804.920  5009348.755  3221001.573
2022  62  31123 GPS  -2267804.922  5009348.750  3221001.571
2022  62  31124 GPS  -2267804.922  5009348.748  3221001.569
2022  62  31125 GPS  -2267804.919  5009348.741  3221001.567
2022  62  31126 GPS  -2267804.919  5009348.731  3221001.564
2022  62  31127 GPS  -2267804.921  5009348.732  3221001.568
2022  62  31128 GPS  -2267804.915  5009348.727  3221001.572
2022  62  31129 GPS  -2267804.915  5009348.727  3221001.578
2022  62  31130 GPS  -2267804.914  5009348.723  3221001.579
2022  62  31131 GPS  -2267804.910  5009348.721  3221001.581
2022  62  31132 GPS  -2267804.915  5009348.721  3221001.584
2022  62  31133 GPS  -2267804.917  5009348.718  3221001.586
2022  62  31134 GPS  -2267804.922  5009348.719  3221001.587
2022  62  31135 GPS  -2267804.927  5009348.718  3221001.588
2022  62  31136 GPS  -2267804.930  5009348.720  3221001.589
2022  62  31137 GPS  -2267804.927  5009348.711  3221001.586
2022  62  31138 GPS  -2267804.927  5009348.706  3221001.585
2022  62  31139 GPS  -2267804.922  5009348.696  3221001.577
2022  62  31140 GPS  -2267804.915  5009348.687  3221001.571
2022  62  31141 GPS  -2267804.913  5009348.680  3221001.574
2022  62  31142 GPS  -2267804.911  5009348.672  3221001.569
2022  62  31143 GPS  -2267804.907  5009348.669  3221001.563
2022  62  31144 GPS  -2267804.907  5009348.671  3221001.563
2022  62  31145 GPS  -2267804.902  5009348.668  3221001.560
2022  62  31146 GPS  -2267804.894  5009348.661  3221001.553
2022  62  31147 GPS  -2267804.893  5009348.655  3221001.547
2022  62  31148 GPS  -2267804.896  5009348.658  3221001.547
2022  62  31149 GPS  -2267804.896  5009348.660  3221001.547
2022  62  31150 GPS  -2267804.892  5009348.654  3221001.544
2022  62  31151 GPS  -2267804.889  5009348.651  3221001.544
2022  62  31152 GPS  -2267804.881  5009348.643  3221001.539
2022  62  31153 GPS  -2267804.870  5009348.638  3221001.534
2022  62  31154 GPS  -2267804.865  5009348.633  3221001.531
2022  62  31155 GPS  -2267804.860  5009348.626  3221001.530
2022  62  31156 GPS  -2267804.852  5009348.612  3221001.520
2022  62  31157 GPS  -2267804.844  5009348.604  3221001.513
2022  62  31158 GPS  -2267804.837  5009348.588  3221001.504
2022  62  31159 GPS  -2267804.837  5009348.585  3221001.504
2022  62  31160 GPS  -2267804.840  5009348.583  3221001.498
2022  62  31161 GPS  -2267804.843  5009348.579  3221001.493
2022  62  31162 GPS  -2267804.844  5009348.573  3221001.489
2022  62  31163 GPS  -2267804.846  5009348.565  3221001.484
2022  62  31164 GPS  -2267804.846  5009348.566  3221001.481
2022  62  31165 GPS  -2267804.845  5009348.560  3221001.473
2022  62  31166 GPS  -2267804.841  5009348.561  3221001.477
2022  62  31167 GPS  -2267804.843  5009348.570  3221001.485
2022  62  31168 GPS  -2267804.841  5009348.576  3221001.487
2022  62  31169 GPS  -2267804.840  5009348.568  3221001.485
2022  62  31170 GPS  -2267804.833  5009348.563  3221001.487
2022  62  31171 GPS  -2267804.829  5009348.560  3221001.488
2022  62  31172 GPS  -2267804.823  5009348.560  3221001.490
2022  62  31173 GPS  -2267804.819  5009348.555  3221001.490
2022  62  31174 GPS  -2267804.818  5009348.557  3221001.488
2022  62  31175 GPS  -2267804.816  5009348.555  3221001.492
2022  62  31176 GPS  -2267804.815  5009348.553  3221001.490
2022  62  31177 GPS  -2267804.811  5009348.548  3221001.490
2022  62  31178 GPS  -2267804.809  5009348.540  3221001.485
2022  62  31179 GPS  -2267804.810  5009348.528  3221001.482
2022  62  31180 GPS  -2267804.810  5009348.533  3221001.486
2022  62  31181 GPS  -2267804.808  5009348.527  3221001.480
2022  62  31182 GPS  -2267804.808  5009348.523  3221001.481
2022  62  31183 GPS  -2267804.806  5009348.515  3221001.472
2022  62  31184 GPS  -2267804.809  5009348.512  3221001.471
2022  62  31185 GPS  -2267804.814  5009348.518  3221001.468
2022  62  31186 GPS  -2267804.812  5009348.518  3221001.468
2022  62  31187 GPS  -2267804.811  5009348.514  3221001.463
2022  62  31188 GPS  -2267804.813  5009348.516  3221001.464
2022  62  31189 GPS  -2267804.815  5009348.511  3221001.460
2022  62  31190 GPS  -2267804.812  5009348.507  3221001.453
2022  62  31191 GPS  -2267804.807  5009348.496  3221001.448
2022  62  31192 GPS  -2267804.804  5009348.490  3221001.445
2022  62  31193 GPS  -2267804.795  5009348.475  3221001.435
2022  62  31194 GPS  -2267804.792  5009348.474  3221001.435
2022  62  31195 GPS  -2267804.788  5009348.471  3221001.430
2022  62  31196 GPS  -2267804.786  5009348.480  3221001.434
2022  62  31197 GPS  -2267804.784  5009348.482  3221001.437
2022  62  31198 GPS  -2267804.777  5009348.480  3221001.434
2022  62  31199 GPS  -2267804.774  5009348.479  3221001.429
2022  62  31200 GPS  -2267804.775  5009348.476  3221001.424
2022  62  31201 GPS  -2267804.777  5009348.469  3221001.417
2022  62  31202 GPS  -2267804.777  5009348.468  3221001.411
2022  62  31203 GPS  -2267804.776  5009348.466  3221001.404
2022  62  31204 GPS  -2267804.774  5009348.451  3221001.391
2022  62  31205 GPS  -2267804.775  5009348.447  3221001.386
2022  62  31206 GPS  -2267804.774  5009348.438  3221001.375
2022  62  31207 GPS  -2267804.772  5009348.434  3221001.373
2022  62  31208 GPS  -2267804.772  5009348.436  3221001.367
2022  62  31209 GPS  -2267804.772  5009348.431  3221001.357
2022  62  31210 GPS  -2267804.775  5009348.442  3221001.362
2022  62  31211 GPS  -2267804.771  5009348.439  3221001.353
2022  62  31212 GPS  -2267804.766  5009348.436  3221001.347
2022  62  31213 GPS  -2267804.761  5009348.433  3221001.341
2022  62  31214 GPS  -2267804.759  5009348.430  3221001.337
2022  62  31215 GPS  -2267804.757  5009348.422  3221001.329
2022  62  31216 GPS  -2267804.752  5009348.417  3221001.322
2022  62  31217 GPS  -2267804.743  5009348.406  3221001.314
2022  62  31218 GPS  -2267804.742  5009348.405  3221001.313
2022  62  31219 GPS  -2267804.745  5009348.416  3221001.316
2022  62  31220 GPS  -2267804.748  5009348.413  3221001.317
2022  62  31221 GPS  -2267804.751  5009348.417  3221001.319
2022  62  31222 GPS  -2267804.753  5009348.424  3221001.325
2022  62  31223 GPS  -2267804.757  5009348.425  3221001.326
2022  62  31224 GPS  -2267804.751  5009348.422  3221001.320
2022  62  31225 GPS  -2267804.747  5009348.415  3221001.313
2022  62  31226 GPS  -2267804.744  5009348.420  3221001.315
2022  62  31227 GPS  -2267804.745  5009348.428  3221001.320
2022  62  31228 GPS  -2267804.742  5009348.429  3221001.319
2022  62  31229 GPS  -2267804.739  5009348.434  3221001.318
2022  62  31230 GPS  -2267804.740  5009348.431  3221001.316
2022  62  31231 GPS  -2267804.744  5009348.429  3221001.316
2022  62  31232 GPS  -2267804.745  5009348.421  3221001.309
2022  62  31233 GPS  -2267804.743  5009348.424  3221001.306
2022  62  31234 GPS  -2267804.738  5009348.405  3221001.295
2022  62  31235 GPS  -2267804.738  5009348.398  3221001.288
2022  62  31236 GPS  -2267804.737  5009348.397  3221001.285
2022  62  31237 GPS  -2267804.738  5009348.393  3221001.279
2022  62  31238 GPS  -2267804.734  5009348.383  3221001.274
2022  62  31239 GPS  -2267804.734  5009348.382  3221001.275
2022  62  31240 GPS  -2267804.740  5009348.391  3221001.282
2022  62  31241 GPS  -2267804.742  5009348.394  3221001.286
2022  62  31242 GPS  -2267804.747  5009348.396  3221001.292
2022  62  31243 GPS  -2267804.760  5009348.407  3221001.296
2022  62  31244 GPS  -2267804.767  5009348.423  3221001.306
2022  62  31245 GPS  -2267804.776  5009348.435  3221001.313
2022  62  31246 GPS  -2267804.785  5009348.445  3221001.320
2022  62  31247 GPS  -2267804.794  5009348.439  3221001.319
2022  62  31248 GPS  -2267804.805  5009348.449  3221001.328
2022  62  31249 GPS  -2267804.814  5009348.456  3221001.333
2022  62  31250 GPS  -2267804.822  5009348.455  3221001.334
2022  62  31251 GPS  -2267804.829  5009348.458  3221001.341
2022  62  31252 GPS  -2267804.832  5009348.470  3221001.346
2022  62  31253 GPS  -2267804.835  5009348.471  3221001.346
2022  62  31254 GPS  -2267804.836  5009348.481  3221001.350
2022  62  31255 GPS  -2267804.836  5009348.491  3221001.353
2022  62  31256 GPS  -2267804.838  5009348.496  3221001.361
2022  62  31257 GPS  -2267804.835  5009348.504  3221001.362
2022  62  31258 GPS  -2267804.840  5009348.514  3221001.366
2022  62  31259 GPS  -2267804.844  5009348.521  3221001.373
2022  62  31260 GPS  -2267804.841  5009348.528  3221001.376
2022  62  31261 GPS  -2267804.840  5009348.533  3221001.382
2022  62  31262 GPS  -2267804.841  5009348.529  3221001.386
2022  62  31263 GPS  -2267804.840  5009348.528  3221001.387
2022  62  31264 GPS  -2267804.841  5009348.531  3221001.391
2022  62  31265 GPS  -2267804.839  5009348.527  3221001.393
2022  62  31266 GPS  -2267804.842  5009348.537  3221001.401
2022  62  31267 GPS  -2267804.846  5009348.551  3221001.409
2022  62  31268 GPS  -2267804.847  5009348.561  3221001.415
2022  62  31269 GPS  -2267804.850  5009348.573  3221001.422
2022  62  31270 GPS  -2267804.851  5009348.593  3221001.440
2022  62  31271 GPS  -2267804.851  5009348.600  3221001.447
2022  62  31272 GPS  -2267804.854  5009348.607  3221001.451
2022  62  31273 GPS  -2267804.852  5009348.614  3221001.455
2022  62  31274 GPS  -2267804.850  5009348.626  3221001.465
2022  62  31275 GPS  -2267804.754  5009347.343  3221000.921
2022  62  31276 GPS  -2267804.815  5009348.154  3221001.269
2022  62  31277 GPS  -2267804.799  5009347.899  3221001.161
2022  62  31278 GPS  -2267804.822  5009348.222  3221001.297
2022  62  31279 GPS  -2267804.811  5009348.076  3221001.236
2022  62  31280 GPS  -2267804.793  5009347.793  3221001.116
2022  62  31281 GPS  -2267804.806  5009347.989  3221001.197
2022  62  31282 GPS  -2267804.868  5009348.805  3221001.545
2022  62  31283 GPS  -2267804.797  5009347.850  3221001.138
2022  62  31284 GPS  -2267804.821  5009348.186  3221001.285
2022  62  31285 GPS  -2267804.855  5009348.622  3221001.470
2022  62  31286 GPS  -2267804.872  5009348.782  3221001.539
2022  62  31287 GPS  -2267804.890  5009349.052  3221001.654
2022  62  31288 GPS  -2267804.903  5009349.262  3221001.742
2022  62  31289 GPS  -2267804.848  5009348.508  3221001.418
2022  62  31290 GPS  -2267804.839  5009348.394  3221001.374
2022  62  31291 GPS  -2267804.840  5009348.389  3221001.376
2022  62  31292 GPS  -2267804.826  5009348.247  3221001.316
2022  62  31293 GPS  -2267804.803  5009348.043  3221001.227
2022  62  31294 GPS  -2267804.808  5009348.130  3221001.264
2022  62  31295 GPS  -2267804.831  5009348.482  3221001.417
2022  62  31296 GPS  -2267804.819  5009348.392  3221001.381
2022  62  31297 GPS  -2267804.799  5009348.233  3221001.313
2022  62  31298 GPS  -2267804.794  5009348.187  3221001.297
2022  62  31299 GPS  -2267804.779  5009347.994  3221001.218
2022  62  31300 GPS  -2267804.768  5009347.925  3221001.188
2022  62  31301 GPS  -2267804.773  5009348.094  3221001.263
2022  62  31302 GPS  -2267804.772  5009348.124  3221001.278
2022  62  31303 GPS  -2267804.770  5009348.113  3221001.271
2022  62  31304 GPS  -2267804.770  5009348.103  3221001.261
2022  62  31305 GPS  -2267804.772  5009348.091  3221001.253
2022  62  31306 GPS  -2267804.783  5009348.102  3221001.259
2022  62  31307 GPS  -2267804.790  5009348.125  3221001.268
2022  62  31308 GPS  -2267804.792  5009348.140  3221001.272
2022  62  31309 GPS  -2267804.799  5009348.151  3221001.280
2022  62  31310 GPS  -2267804.800  5009348.161  3221001.279
2022  62  31311 GPS  -2267804.802  5009348.169  3221001.281
2022  62  31312 GPS  -2267804.727  5009347.187  3221000.857
2022  62  31313 GPS  -2267804.841  5009348.673  3221001.491
2022  62  31314 GPS  -2267804.727  5009347.188  3221000.854
2022  62  31315 GPS  -2267804.778  5009347.805  3221001.112
2022  62  31316 GPS  -2267804.765  5009347.626  3221001.028
2022  62  31317 GPS  -2267804.841  5009348.512  3221001.406
2022  62  31318 GPS  -2267804.820  5009348.195  3221001.266
2022  62  31319 GPS  -2267804.836  5009348.338  3221001.325
2022  62  31320 GPS  -2267804.856  5009348.543  3221001.411
2022  62  31321 GPS  -2267804.855  5009348.487  3221001.393
2022  62  31322 GPS  -2267804.850  5009348.450  3221001.377
2022  62  31323 GPS  -2267804.863  5009348.609  3221001.445
2022  62  31324 GPS  -2267804.848  5009348.432  3221001.369
2022  62  31325 GPS  -2267804.774  5009347.517  3221000.973
2022  62  31326 GPS  -2267804.788  5009347.672  3221001.033
2022  62  31327 GPS  -2267804.825  5009348.122  3221001.227
2022  62  31328 GPS  -2267804.856  5009348.577  3221001.423
2022  62  31329 GPS  -2267804.745  5009347.193  3221000.829
2022  62  31330 GPS  -2267804.746  5009347.193  3221000.826
2022  62  31331 GPS  -2267804.747  5009347.194  3221000.825
2022  62  31332 GPS  -2267804.749  5009347.196  3221000.824
2022  62  31333 GPS  -2267804.745  5009347.182  3221000.816
2022  62  31334 GPS  -2267804.748  5009347.185  3221000.812
2022  62  31335 GPS  -2267804.747  5009347.186  3221000.807
2022  62  31336 GPS  -2267804.741  5009347.187  3221000.801
2022  62  31337 GPS  -2267804.737  5009347.184  3221000.793
2022  62  31338 GPS  -2267804.733  5009347.177  3221000.792
2022  62  31339 GPS  -2267804.730  5009347.174  3221000.790
2022  62  31340 GPS  -2267804.727  5009347.162  3221000.785
2022  62  31341 GPS  -2267804.722  5009347.161  3221000.779
2022  62  31342 GPS  -2267804.726  5009347.163  3221000.777
2022  62  31343 GPS  -2267804.721  5009347.154  3221000.775
2022  62  31344 GPS  -2267804.716  5009347.150  3221000.774
2022  62  31345 GPS  -2267804.712  5009347.141  3221000.770
2022  62  31346 GPS  -2267804.707  5009347.129  3221000.762
2022  62  31347 GPS  -2267804.698  5009347.125  3221000.757
2022  62  31348 GPS  -2267804.693  5009347.119  3221000.757
2022  62  31349 GPS  -2267804.689  5009347.119  3221000.758
2022  62  31350 GPS  -2267804.690  5009347.123  3221000.759
2022  62  31351 GPS  -2267804.689  5009347.132  3221000.766
2022  62  31352 GPS  -2267804.689  5009347.140  3221000.769
2022  62  31353 GPS  -2267804.685  5009347.129  3221000.764
2022  62  31354 GPS  -2267804.682  5009347.130  3221000.762
2022  62  31355 GPS  -2267804.679  5009347.127  3221000.763
2022  62  31356 GPS  -2267804.678  5009347.127  3221000.764
2022  62  31357 GPS  -2267804.678  5009347.124  3221000.765
2022  62  31358 GPS  -2267804.681  5009347.125  3221000.767
2022  62  31359 GPS  -2267804.686  5009347.132  3221000.767
2022  62  31360 GPS  -2267804.684  5009347.138  3221000.767
2022  62  31361 GPS  -2267804.681  5009347.135  3221000.762
2022  62  31362 GPS  -2267804.684  5009347.132  3221000.755
2022  62  31363 GPS  -2267804.685  5009347.120  3221000.744
2022  62  31364 GPS  -2267804.684  5009347.119  3221000.741
2022  62  31365 GPS  -2267804.682  5009347.110  3221000.732
2022  62  31366 GPS  -2267804.681  5009347.107  3221000.730
2022  62  31367 GPS  -2267804.680  5009347.104  3221000.729
2022  62  31368 GPS  -2267804.684  5009347.099  3221000.731
2022  62  31369 GPS  -2267804.679  5009347.087  3221000.725
2022  62  31370 GPS  -2267804.668  5009347.080  3221000.721
2022  62  31371 GPS  -2267804.662  5009347.079  3221000.719
2022  62  31372 GPS  -2267804.656  5009347.073  3221000.716
2022  62  31373 GPS  -2267804.648  5009347.066  3221000.712
2022  62  31374 GPS  -2267804.642  5009347.062  3221000.708
2022  62  31375 GPS  -2267804.638  5009347.052  3221000.703
2022  62  31376 GPS  -2267804.626  5009347.045  3221000.694
2022  62  31377 GPS  -2267804.621  5009347.044  3221000.688
2022  62  31378 GPS  -2267804.614  5009347.036  3221000.679
2022  62  31379 GPS  -2267804.613  5009347.034  3221000.675
2022  62  31380 GPS  -2267804.610  5009347.025  3221000.669
2022  62  31381 GPS  -2267804.611  5009347.029  3221000.668
2022  62  31382 GPS  -2267804.611  5009347.033  3221000.670
2022  62  31383 GPS  -2267804.614  5009347.036  3221000.669
2022  62  31384 GPS  -2267804.617  5009347.039  3221000.666
2022  62  31385 GPS  -2267804.618  5009347.039  3221000.667
2022  62  31386 GPS  -2267804.615  5009347.035  3221000.665
2022  62  31387 GPS  -2267804.611  5009347.033  3221000.667
2022  62  31388 GPS  -2267804.610  5009347.029  3221000.668
2022  62  31389 GPS  -2267804.611  5009347.027  3221000.671
2022  62  31390 GPS  -2267804.609  5009347.022  3221000.667
2022  62  31391 GPS  -2267804.609  5009347.011  3221000.663
2022  62  31392 GPS  -2267804.605  5009347.009  3221000.665
2022  62  31393 GPS  -2267804.603  5009347.000  3221000.660
2022  62  31394 GPS  -2267804.600  5009346.999  3221000.658
2022  62  31395 GPS  -2267804.604  5009347.001  3221000.650
2022  62  31396 GPS  -2267804.612  5009347.016  3221000.654
2022  62  31397 GPS  -2267804.616  5009347.017  3221000.653
2022  62  31398 GPS  -2267804.617  5009347.021  3221000.647
2022  62  31399 GPS  -2267804.618  5009347.022  3221000.638
2022  62  31400 GPS  -2267804.618  5009347.018  3221000.628
2022  62  31401 GPS  -2267804.620  5009347.023  3221000.623
2022  62  31402 GPS  -2267804.619  5009347.026  3221000.624
2022  62  31403 GPS  -2267804.621  5009347.034  3221000.624
2022  62  31404 GPS  -2267804.617  5009347.036  3221000.624
2022  62  31405 GPS  -2267804.614  5009347.037  3221000.621
2022  62  31406 GPS  -2267804.611  5009347.037  3221000.622
2022  62  31407 GPS  -2267804.610  5009347.039  3221000.622
2022  62  31408 GPS  -2267804.610  5009347.037  3221000.626
2022  62  31409 GPS  -2267804.610  5009347.036  3221000.625
2022  62  31410 GPS  -2267804.610  5009347.035  3221000.623
2022  62  31411 GPS  -2267804.609  5009347.036  3221000.626
2022  62  31412 GPS  -2267804.606  5009347.032  3221000.623
2022  62  31413 GPS  -2267804.601  5009347.035  3221000.621
2022  62  31414 GPS  -2267804.599  5009347.052  3221000.627
2022  62  31415 GPS  -2267804.595  5009347.058  3221000.633
2022  62  31416 GPS  -2267804.592  5009347.058  3221000.628
2022  62  31417 GPS  -2267804.592  5009347.059  3221000.626
2022  62  31418 GPS  -2267804.590  5009347.061  3221000.628
2022  62  31419 GPS  -2267804.586  5009347.055  3221000.623
2022  62  31420 GPS  -2267804.580  5009347.045  3221000.616
2022  62  31421 GPS  -2267804.729  5009348.807  3221001.379
2022  62  31422 GPS  -2267804.707  5009348.518  3221001.261
2022  62  31423 GPS  -2267804.714  5009348.566  3221001.283
2022  62  31424 GPS  -2267804.575  5009347.014  3221000.619
2022  62  31425 GPS  -2267804.711  5009348.651  3221001.325
2022  62  31426 GPS  -2267804.727  5009348.814  3221001.393
2022  62  31427 GPS  -2267804.747  5009349.118  3221001.530
2022  62  31428 GPS  -2267804.740  5009349.096  3221001.523
2022  62  31429 GPS  -2267804.695  5009348.625  3221001.324
2022  62  31430 GPS  -2267804.693  5009348.656  3221001.339
2022  62  31431 GPS  -2267804.645  5009348.116  3221001.114
2022  62  31432 GPS  -2267804.683  5009348.621  3221001.333
2022  62  31433 GPS  -2267804.633  5009348.109  3221001.117
2022  62  31434 GPS  -2267804.606  5009347.914  3221001.032
2022  62  31435 GPS  -2267804.605  5009348.038  3221001.088
2022  62  31436 GPS  -2267804.613  5009348.171  3221001.145
2022  62  31437 GPS  -2267804.614  5009348.237  3221001.172
2022  62  31438 GPS  -2267804.613  5009348.210  3221001.162
2022  62  31439 GPS  -2267804.630  5009348.474  3221001.281
2022  62  31440 GPS  -2267804.615  5009348.287  3221001.206
2022  62  31441 GPS  -2267804.603  5009348.160  3221001.153
2022  62  31442 GPS  -2267804.598  5009348.111  3221001.135
2022  62  31443 GPS  -2267804.532  5009347.319  3221000.796
2022  62  31444 GPS  -2267804.572  5009347.838  3221001.019
2022  62  31445 GPS  -2267804.593  5009348.083  3221001.122
2022  62  31446 GPS  -2267804.559  5009347.775  3221000.987
2022  62  31447 GPS  -2267804.551  5009347.741  3221000.972
2022  62  31448 GPS  -2267804.559  5009347.868  3221001.027
2022  62  31449 GPS  -2267804.561  5009347.913  3221001.046
2022  62  31450 GPS  -2267804.557  5009347.874  3221001.029
2022  62  31451 GPS  -2267804.457  5009346.763  3221000.552
2022  62  31452 GPS  -2267804.456  5009346.762  3221000.551
2022  62  31453 GPS  -2267804.453  5009346.755  3221000.549
2022  62  31454 GPS  -2267804.443  5009346.743  3221000.549
2022  62  31455 GPS  -2267804.433  5009346.717  3221000.538
2022  62  31456 GPS  -2267804.427  5009346.708  3221000.532
2022  62  31457 GPS  -2267804.422  5009346.701  3221000.532
2022  62  31458 GPS  -2267804.419  5009346.693  3221000.532
2022  62  31459 GPS  -2267804.421  5009346.694  3221000.535
2022  62  31460 GPS  -2267804.422  5009346.693  3221000.537
2022  62  31461 GPS  -2267804.423  5009346.698  3221000.541
2022  62  31462 GPS  -2267804.426  5009346.711  3221000.551
2022  62  31463 GPS  -2267804.430  5009346.723  3221000.556
2022  62  31464 GPS  -2267804.435  5009346.721  3221000.555
2022  62  31465 GPS  -2267804.436  5009346.715  3221000.551
2022  62  31466 GPS  -2267804.439  5009346.715  3221000.551
2022  62  31467 GPS  -2267804.440  5009346.714  3221000.554
2022  62  31468 GPS  -2267804.446  5009346.723  3221000.563
2022  62  31469 GPS  -2267804.448  5009346.723  3221000.568
2022  62  31470 GPS  -2267804.451  5009346.725  3221000.571
2022  62  31471 GPS  -2267804.446  5009346.718  3221000.572
2022  62  31472 GPS  -2267804.441  5009346.709  3221000.569
2022  62  31473 GPS  -2267804.447  5009346.715  3221000.572
2022  62  31474 GPS  -2267804.447  5009346.713  3221000.572
2022  62  31475 GPS  -2267804.450  5009346.719  3221000.577
2022  62  31476 GPS  -2267804.455  5009346.726  3221000.581
2022  62  31477 GPS  -2267804.460  5009346.732  3221000.582
2022  62  31478 GPS  -2267804.466  5009346.739  3221000.588
2022  62  31479 GPS  -2267804.469  5009346.744  3221000.592
2022  62  31480 GPS  -2267804.469  5009346.742  3221000.598
2022  62  31481 GPS  -2267804.465  5009346.741  3221000.603
2022  62  31482 GPS  -2267804.467  5009346.745  3221000.609
2022  62  31483 GPS  -2267804.468  5009346.750  3221000.614
2022  62  31484 GPS  -2267804.474  5009346.757  3221000.617
2022  62  31485 GPS  -2267804.644  5009348.614  3221001.421
2022  62  31486 GPS  -2267804.623  5009348.329  3221001.301
2022  62  31487 GPS  -2267804.493  5009346.785  3221000.636
2022  62  31488 GPS  -2267804.603  5009347.995  3221001.163
2022  62  31489 GPS  -2267804.600  5009347.952  3221001.148
2022  62  31490 GPS  -2267804.599  5009347.957  3221001.152
2022  62  31491 GPS  -2267804.605  5009348.031  3221001.181
2022  62  31492 GPS  -2267804.491  5009346.773  3221000.638
2022  62  31493 GPS  -2267804.485  5009346.759  3221000.632
2022  62  31494 GPS  -2267804.489  5009346.764  3221000.638
2022  62  31495 GPS  -2267804.488  5009346.753  3221000.635
2022  62  31496 GPS  -2267804.482  5009346.747  3221000.637
2022  62  31497 GPS  -2267804.475  5009346.737  3221000.638
2022  62  31498 GPS  -2267804.471  5009346.732  3221000.640
2022  62  31499 GPS  -2267804.466  5009346.724  3221000.641
2022  62  31500 GPS  -2267804.456  5009346.715  3221000.640
2022  62  31501 GPS  -2267804.452  5009346.707  3221000.638
2022  62  31502 GPS  -2267804.450  5009346.698  3221000.637
2022  62  31503 GPS  -2267804.443  5009346.693  3221000.634
2022  62  31504 GPS  -2267804.439  5009346.680  3221000.628
2022  62  31505 GPS  -2267804.433  5009346.666  3221000.623
2022  62  31506 GPS  -2267804.431  5009346.666  3221000.621
2022  62  31507 GPS  -2267804.426  5009346.656  3221000.616
2022  62  31508 GPS  -2267804.419  5009346.645  3221000.605
2022  62  31509 GPS  -2267804.418  5009346.646  3221000.607
2022  62  31510 GPS  -2267804.417  5009346.639  3221000.600
2022  62  31511 GPS  -2267804.416  5009346.635  3221000.597
2022  62  31512 GPS  -2267804.416  5009346.627  3221000.587
2022  62  31513 GPS  -2267804.418  5009346.623  3221000.584
2022  62  31514 GPS  -2267804.413  5009346.612  3221000.574
2022  62  31515 GPS  -2267804.415  5009346.608  3221000.571
2022  62  31516 GPS  -2267804.419  5009346.607  3221000.569
2022  62  31517 GPS  -2267804.424  5009346.604  3221000.569
2022  62  31518 GPS  -2267804.426  5009346.597  3221000.565
2022  62  31519 GPS  -2267804.426  5009346.588  3221000.561
2022  62  31520 GPS  -2267804.421  5009346.586  3221000.560
2022  62  31521 GPS  -2267804.425  5009346.605  3221000.570
2022  62  31522 GPS  -2267804.425  5009346.615  3221000.572
2022  62  31523 GPS  -2267804.424  5009346.627  3221000.574
2022  62  31524 GPS  -2267804.424  5009346.634  3221000.580
2022  62  31525 GPS  -2267804.424  5009346.645  3221000.581
2022  62  31526 GPS  -2267804.431  5009346.650  3221000.585
2022  62  31527 GPS  -2267804.432  5009346.652  3221000.582
2022  62  31528 GPS  -2267804.432  5009346.648  3221000.577
2022  62  31529 GPS  -2267804.430  5009346.644  3221000.569
2022  62  31530 GPS  -2267804.432  5009346.640  3221000.565
2022  62  31531 GPS  -2267804.424  5009346.628  3221000.554
2022  62  31532 GPS  -2267804.419  5009346.624  3221000.548
2022  62  31533 GPS  -2267804.417  5009346.622  3221000.546
2022  62  31534 GPS  -2267804.416  5009346.618  3221000.546
2022  62  31535 GPS  -2267804.423  5009346.627  3221000.550
2022  62  31536 GPS  -2267804.422  5009346.636  3221000.555
2022  62  31537 GPS  -2267804.424  5009346.643  3221000.563
2022  62  31538 GPS  -2267804.426  5009346.649  3221000.570
2022  62  31539 GPS  -2267804.429  5009346.653  3221000.570
2022  62  31540 GPS  -2267804.433  5009346.659  3221000.570
2022  62  31541 GPS  -2267804.443  5009346.674  3221000.575
2022  62  31542 GPS  -2267804.449  5009346.690  3221000.581
2022  62  31543 GPS  -2267804.451  5009346.699  3221000.584
2022  62  31544 GPS  -2267804.454  5009346.707  3221000.585
2022  62  31545 GPS  -2267804.457  5009346.719  3221000.588
2022  62  31546 GPS  -2267804.460  5009346.731  3221000.594
2022  62  31547 GPS  -2267804.467  5009346.746  3221000.604
2022  62  31548 GPS  -2267804.482  5009346.764  3221000.611
2022  62  31549 GPS  -2267804.492  5009346.776  3221000.616
2022  62  31550 GPS  -2267804.497  5009346.778  3221000.621
2022  62  31551 GPS  -2267804.504  5009346.786  3221000.625
2022  62  31552 GPS  -2267804.510  5009346.796  3221000.628
2022  62  31553 GPS  -2267804.518  5009346.807  3221000.637
2022  62  31554 GPS  -2267804.519  5009346.809  3221000.636
2022  62  31555 GPS  -2267804.522  5009346.812  3221000.639
2022  62  31556 GPS  -2267804.521  5009346.810  3221000.643
2022  62  31557 GPS  -2267804.523  5009346.808  3221000.641
2022  62  31558 GPS  -2267804.518  5009346.803  3221000.639
2022  62  31559 GPS  -2267804.516  5009346.804  3221000.638
2022  62  31560 GPS  -2267804.514  5009346.805  3221000.637
2022  62  31561 GPS  -2267804.512  5009346.798  3221000.636
2022  62  31562 GPS  -2267804.508  5009346.793  3221000.635
2022  62  31563 GPS  -2267804.503  5009346.782  3221000.631
2022  62  31564 GPS  -2267804.506  5009346.790  3221000.633
2022  62  31565 GPS  -2267804.514  5009346.795  3221000.636
2022  62  31566 GPS  -2267804.515  5009346.794  3221000.637
2022  62  31567 GPS  -2267804.519  5009346.796  3221000.643
2022  62  31568 GPS  -2267804.527  5009346.810  3221000.650
2022  62  31569 GPS  -2267804.533  5009346.817  3221000.652
2022  62  31570 GPS  -2267804.533  5009346.817  3221000.647
2022  62  31571 GPS  -2267804.534  5009346.818  3221000.649
2022  62  31572 GPS  -2267804.536  5009346.831  3221000.657
2022  62  31573 GPS  -2267804.539  5009346.837  3221000.658
2022  62  31574 GPS  -2267804.545  5009346.840  3221000.666
2022  62  31575 GPS  -2267804.548  5009346.848  3221000.672
2022  62  31576 GPS  -2267804.547  5009346.859  3221000.676
2022  62  31577 GPS  -2267804.537  5009346.855  3221000.675
2022  62  31578 GPS  -2267804.530  5009346.855  3221000.677
2022  62  31579 GPS  -2267804.526  5009346.858  3221000.678
2022  62  31580 GPS  -2267804.521  5009346.860  3221000.681
2022  62  31581 GPS  -2267804.517  5009346.858  3221000.682
2022  62  31582 GPS  -2267804.515  5009346.857  3221000.685
2022  62  31583 GPS  -2267804.513  5009346.852  3221000.682
2022  62  31584 GPS  -2267804.509  5009346.853  3221000.687
2022  62  31585 GPS  -2267804.500  5009346.846  3221000.688
2022  62  31586 GPS  -2267804.492  5009346.832  3221000.686
2022  62  31587 GPS  -2267804.484  5009346.821  3221000.687
2022  62  31588 GPS  -2267804.480  5009346.809  3221000.689
2022  62  31589 GPS  -2267804.479  5009346.814  3221000.697
2022  62  31590 GPS  -2267804.477  5009346.816  3221000.703
2022  62  31591 GPS  -2267804.473  5009346.814  3221000.708
2022  62  31592 GPS  -2267804.471  5009346.807  3221000.708
2022  62  31593 GPS  -2267804.470  5009346.819  3221000.717
2022  62  31594 GPS  -2267804.471  5009346.832  3221000.725
2022  62  31595 GPS  -2267804.467  5009346.842  3221000.732
2022  62  31596 GPS  -2267804.466  5009346.851  3221000.745
2022  62  31597 GPS  -2267804.462  5009346.859  3221000.753
2022  62  31598 GPS  -2267804.458  5009346.869  3221000.756
2022  62  31599 GPS  -2267804.457  5009346.880  3221000.763
2022  62  31600 GPS  -2267804.453  5009346.892  3221000.767
2022  62  31601 GPS  -2267804.448  5009346.904  3221000.773
2022  62  31602 GPS  -2267804.444  5009346.911  3221000.784
2022  62  31603 GPS  -2267804.439  5009346.915  3221000.784
2022  62  31604 GPS  -2267804.434  5009346.926  3221000.788
2022  62  31605 GPS  -2267804.434  5009346.945  3221000.798
2022  62  31606 GPS  -2267804.435  5009346.965  3221000.807
2022  62  31607 GPS  -2267804.433  5009346.980  3221000.813
2022  62  31608 GPS  -2267804.429  5009346.998  3221000.818
2022  62  31609 GPS  -2267804.425  5009347.016  3221000.823
2022  62  31610 GPS  -2267804.425  5009347.024  3221000.828
2022  62  31611 GPS  -2267804.423  5009347.036  3221000.835
2022  62  31612 GPS  -2267804.422  5009347.045  3221000.841
2022  62  31613 GPS  -2267804.421  5009347.055  3221000.841
2022  62  31614 GPS  -2267804.417  5009347.065  3221000.842
2022  62  31615 GPS  -2267804.412  5009347.066  3221000.840
2022  62  31616 GPS  -2267804.409  5009347.069  3221000.843
2022  62  31617 GPS  -2267804.404  5009347.071  3221000.844
2022  62  31618 GPS  -2267804.400  5009347.075  3221000.847
2022  62  31619 GPS  -2267804.398  5009347.081  3221000.849
2022  62  31620 GPS  -2267804.397  5009347.088  3221000.851
2022  62  31621 GPS  -2267804.394  5009347.089  3221000.851
2022  62  31622 GPS  -2267804.390  5009347.085  3221000.846
2022  62  31623 GPS  -2267804.391  5009347.084  3221000.843
2022  62  31624 GPS  -2267804.385  5009347.085  3221000.841
2022  62  31625 GPS  -2267804.380  5009347.084  3221000.841
2022  62  31626 GPS  -2267804.376  5009347.088  3221000.844
2022  62  31627 GPS  -2267804.370  5009347.084  3221000.847
2022  62  31628 GPS  -2267804.362  5009347.084  3221000.849
2022  62  31629 GPS  -2267804.363  5009347.068  3221000.846
2022  62  31630 GPS  -2267804.365  5009347.060  3221000.842
2022  62  31631 GPS  -2267804.367  5009347.064  3221000.846
2022  62  31632 GPS  -2267804.368  5009347.056  3221000.842
2022  62  31633 GPS  -2267804.371  5009347.053  3221000.839
2022  62  31634 GPS  -2267804.376  5009347.055  3221000.835
2022  62  31635 GPS  -2267804.377  5009347.057  3221000.837
2022  62  31636 GPS  -2267804.497  5009348.274  3221001.363
2022  62  31637 GPS  -2267804.374  5009347.058  3221000.834
2022  62  31638 GPS  -2267804.370  5009347.044  3221000.829
2022  62  31639 GPS  -2267804.507  5009348.469  3221001.448
2022  62  31640 GPS  -2267804.469  5009348.160  3221001.316
2022  62  31641 GPS  -2267804.354  5009347.039  3221000.832
2022  62  31642 GPS  -2267804.351  5009347.035  3221000.829
2022  62  31643 GPS  -2267804.352  5009347.033  3221000.825
2022  62  31644 GPS  -2267804.350  5009347.023  3221000.821
2022  62  31645 GPS  -2267804.353  5009347.020  3221000.822
2022  62  31646 GPS  -2267804.354  5009347.009  3221000.814
2022  62  31647 GPS  -2267804.359  5009347.014  3221000.821
2022  62  31648 GPS  -2267804.359  5009347.028  3221000.825
2022  62  31649 GPS  -2267804.357  5009347.029  3221000.823
2022  62  31650 GPS  -2267804.356  5009347.029  3221000.826
2022  62  31651 GPS  -2267804.358  5009347.035  3221000.833
2022  62  31652 GPS  -2267804.363  5009347.042  3221000.840
2022  62  31653 GPS  -2267804.369  5009347.051  3221000.847
2022  62  31654 GPS  -2267804.375  5009347.062  3221000.854
2022  62  31655 GPS  -2267804.376  5009347.065  3221000.860
2022  62  31656 GPS  -2267804.380  5009347.075  3221000.867
2022  62  31657 GPS  -2267804.380  5009347.082  3221000.871
2022  62  31658 GPS  -2267804.379  5009347.083  3221000.876
2022  62  31659 GPS  -2267804.381  5009347.084  3221000.877
2022  62  31660 GPS  -2267804.377  5009347.096  3221000.882
2022  62  31661 GPS  -2267804.372  5009347.100  3221000.886
2022  62  31662 GPS  -2267804.372  5009347.112  3221000.896
2022  62  31663 GPS  -2267804.377  5009347.129  3221000.913
2022  62  31664 GPS  -2267804.374  5009347.129  3221000.913
2022  62  31665 GPS  -2267804.374  5009347.137  3221000.916
2022  62  31666 GPS  -2267804.378  5009347.153  3221000.924
2022  62  31667 GPS  -2267804.382  5009347.172  3221000.934
2022  62  31668 GPS  -2267804.381  5009347.185  3221000.942
2022  62  31669 GPS  -2267804.375  5009347.186  3221000.941
2022  62  31670 GPS  -2267804.368  5009347.186  3221000.938
2022  62  31671 GPS  -2267804.358  5009347.181  3221000.938
2022  62  31672 GPS  -2267804.349  5009347.176  3221000.941
2022  62  31673 GPS  -2267804.344  5009347.175  3221000.941
2022  62  31674 GPS  -2267804.340  5009347.176  3221000.945
2022  62  31675 GPS  -2267804.342  5009347.182  3221000.952
2022  62  31676 GPS  -2267804.341  5009347.180  3221000.952
2022  62  31677 GPS  -2267804.339  5009347.173  3221000.946
2022  62  31678 GPS  -2267804.336  5009347.160  3221000.936
2022  62  31679 GPS  -2267804.336  5009347.157  3221000.927
2022  62  31680 GPS  -2267804.336  5009347.158  3221000.922
2022  62  31681 GPS  -2267804.332  5009347.161  3221000.919
2022  62  31682 GPS  -2267804.333  5009347.160  3221000.913
2022  62  31683 GPS  -2267804.329  5009347.157  3221000.909
2022  62  31684 GPS  -2267804.328  5009347.157  3221000.910
2022  62  31685 GPS  -2267804.325  5009347.161  3221000.907
2022  62  31686 GPS  -2267804.322  5009347.160  3221000.906
2022  62  31687 GPS  -2267804.326  5009347.160  3221000.908
2022  62  31688 GPS  -2267804.330  5009347.168  3221000.914
2022  62  31689 GPS  -2267804.331  5009347.180  3221000.920
2022  62  31690 GPS  -2267804.336  5009347.193  3221000.929
2022  62  31691 GPS  -2267804.338  5009347.202  3221000.937
2022  62  31692 GPS  -2267804.346  5009347.217  3221000.945
2022  62  31693 GPS  -2267804.355  5009347.231  3221000.956
2022  62  31694 GPS  -2267804.365  5009347.240  3221000.962
2022  62  31695 GPS  -2267804.370  5009347.238  3221000.965
2022  62  31696 GPS  -2267804.377  5009347.247  3221000.968
2022  62  31697 GPS  -2267804.385  5009347.255  3221000.973
2022  62  31698 GPS  -2267804.387  5009347.254  3221000.974
2022  62  31699 GPS  -2267804.393  5009347.264  3221000.979
2022  62  31700 GPS  -2267804.399  5009347.277  3221000.989
2022  62  31701 GPS  -2267804.401  5009347.275  3221000.991
2022  62  31702 GPS  -2267804.395  5009347.267  3221000.989
2022  62  31703 GPS  -2267804.397  5009347.271  3221000.992
2022  62  31704 GPS  -2267804.399  5009347.277  3221000.990
2022  62  31705 GPS  -2267804.399  5009347.279  3221000.994
2022  62  31706 GPS  -2267804.397  5009347.284  3221000.991
2022  62  31707 GPS  -2267804.393  5009347.289  3221000.990
2022  62  31708 GPS  -2267804.386  5009347.283  3221000.984
2022  62  31709 GPS  -2267804.386  5009347.284  3221000.984
2022  62  31710 GPS  -2267804.386  5009347.286  3221000.987
2022  62  31711 GPS  -2267804.385  5009347.292  3221000.991
2022  62  31712 GPS  -2267804.386  5009347.302  3221000.996
2022  62  31713 GPS  -2267804.385  5009347.300  3221000.995
2022  62  31714 GPS  -2267804.385  5009347.299  3221000.993
2022  62  31715 GPS  -2267804.385  5009347.301  3221000.995
2022  62  31716 GPS  -2267804.387  5009347.307  3221000.998
2022  62  31717 GPS  -2267804.389  5009347.311  3221000.999
2022  62  31718 GPS  -2267804.393  5009347.313  3221001.000
2022  62  31719 GPS  -2267804.395  5009347.321  3221001.001
2022  62  31720 GPS  -2267804.402  5009347.332  3221001.007
2022  62  31721 GPS  -2267804.407  5009347.338  3221001.009
2022  62  31722 GPS  -2267804.408  5009347.346  3221001.009
2022  62  31723 GPS  -2267804.409  5009347.350  3221001.007
2022  62  31724 GPS  -2267804.409  5009347.352  3221001.009
2022  62  31725 GPS  -2267804.412  5009347.341  3221001.009
2022  62  31726 GPS  -2267804.416  5009347.342  3221001.013
2022  62  31727 GPS  -2267804.419  5009347.343  3221001.017
2022  62  31728 GPS  -2267804.417  5009347.336  3221001.016
2022  62  31729 GPS  -2267804.412  5009347.322  3221001.016
2022  62  31730 GPS  -2267804.409  5009347.312  3221001.009
2022  62  31731 GPS  -2267804.413  5009347.304  3221001.003
2022  62  31732 GPS  -2267804.417  5009347.306  3221001.003
2022  62  31733 GPS  -2267804.421  5009347.299  3221000.997
2022  62  31734 GPS  -2267804.425  5009347.301  3221000.999
2022  62  31735 GPS  -2267804.426  5009347.304  3221001.000
2022  62  31736 GPS  -2267804.429  5009347.304  3221001.005
2022  62  31737 GPS  -2267804.426  5009347.286  3221001.001
2022  62  31738 GPS  -2267804.420  5009347.273  3221001.000
2022  62  31739 GPS  -2267804.416  5009347.271  3221001.004
2022  62  31740 GPS  -2267804.414  5009347.263  3221001.007
2022  62  31741 GPS  -2267804.411  5009347.255  3221001.011
2022  62  31742 GPS  -2267804.406  5009347.252  3221001.011
2022  62  31743 GPS  -2267804.405  5009347.246  3221001.010
2022  62  31744 GPS  -2267804.407  5009347.247  3221001.015
2022  62  31745 GPS  -2267804.412  5009347.260  3221001.026
2022  62  31746 GPS  -2267804.414  5009347.271  3221001.037
2022  62  31747 GPS  -2267804.413  5009347.273  3221001.044
2022  62  31748 GPS  -2267804.413  5009347.277  3221001.050
2022  62  31749 GPS  -2267804.412  5009347.282  3221001.052
2022  62  31750 GPS  -2267804.410  5009347.278  3221001.052
2022  62  31751 GPS  -2267804.408  5009347.268  3221001.052
2022  62  31752 GPS  -2267804.409  5009347.262  3221001.054
2022  62  31753 GPS  -2267804.411  5009347.251  3221001.047
2022  62  31754 GPS  -2267804.409  5009347.242  3221001.042
2022  62  31755 GPS  -2267804.411  5009347.241  3221001.041
2022  62  31756 GPS  -2267804.413  5009347.235  3221001.036
2022  62  31757 GPS  -2267804.408  5009347.223  3221001.033
2022  62  31758 GPS  -2267804.405  5009347.216  3221001.030
2022  62  31759 GPS  -2267804.401  5009347.212  3221001.028
2022  62  31760 GPS  -2267804.399  5009347.205  3221001.026
2022  62  31761 GPS  -2267804.400  5009347.205  3221001.026
2022  62  31762 GPS  -2267804.400  5009347.188  3221001.021
2022  62  31763 GPS  -2267804.395  5009347.170  3221001.021
2022  62  31764 GPS  -2267804.391  5009347.162  3221001.025
2022  62  31765 GPS  -2267804.393  5009347.160  3221001.025
2022  62  31766 GPS  -2267804.385  5009347.156  3221001.024
2022  62  31767 GPS  -2267804.382  5009347.160  3221001.030
2022  62  31768 GPS  -2267804.379  5009347.155  3221001.036
2022  62  31769 GPS  -2267804.376  5009347.152  3221001.039
2022  62  31770 GPS  -2267804.377  5009347.147  3221001.039
2022  62  31771 GPS  -2267804.376  5009347.136  3221001.034
2022  62  31772 GPS  -2267804.374  5009347.123  3221001.026
2022  62  31773 GPS  -2267804.373  5009347.116  3221001.021
2022  62  31774 GPS  -2267804.371  5009347.112  3221001.018
2022  62  31775 GPS  -2267804.368  5009347.107  3221001.014
2022  62  31776 GPS  -2267804.366  5009347.105  3221001.014
2022  62  31777 GPS  -2267804.368  5009347.104  3221001.011
2022  62  31778 GPS  -2267804.373  5009347.103  3221001.006
2022  62  31779 GPS  -2267804.380  5009347.105  3221001.006
2022  62  31780 GPS  -2267804.385  5009347.109  3221001.008
2022  62  31781 GPS  -2267804.389  5009347.110  3221001.009
2022  62  31782 GPS  -2267804.388  5009347.107  3221001.010
2022  62  31783 GPS  -2267804.388  5009347.109  3221001.012
2022  62  31784 GPS  -2267804.390  5009347.109  3221001.013
2022  62  31785 GPS  -2267804.391  5009347.115  3221001.017
2022  62  31786 GPS  -2267804.388  5009347.119  3221001.025
2022  62  31787 GPS  -2267804.388  5009347.123  3221001.031
2022  62  31788 GPS  -2267804.391  5009347.123  3221001.037
2022  62  31789 GPS  -2267804.391  5009347.116  3221001.040
2022  62  31790 GPS  -2267804.389  5009347.126  3221001.047
2022  62  31791 GPS  -2267804.392  5009347.127  3221001.052
2022  62  31792 GPS  -2267804.392  5009347.124  3221001.051
2022  62  31793 GPS  -2267804.396  5009347.127  3221001.054
2022  62  31794 GPS  -2267804.397  5009347.131  3221001.062
2022  62  31795 GPS  -2267804.402  5009347.137  3221001.070
2022  62  31796 GPS  -2267804.407  5009347.147  3221001.076
2022  62  31797 GPS  -2267804.410  5009347.153  3221001.080
2022  62  31798 GPS  -2267804.416  5009347.156  3221001.087
2022  62  31799 GPS  -2267804.415  5009347.160  3221001.090
2022  62  31800 GPS  -2267804.413  5009347.156  3221001.089
2022  62  31801 GPS  -2267804.411  5009347.147  3221001.084
2022  62  31802 GPS  -2267804.408  5009347.140  3221001.078
2022  62  31803 GPS  -2267804.412  5009347.137  3221001.077
2022  62  31804 GPS  -2267804.412  5009347.149  3221001.083
2022  62  31805 GPS  -2267804.409  5009347.149  3221001.080
2022  62  31806 GPS  -2267804.414  5009347.148  3221001.076
2022  62  31807 GPS  -2267804.413  5009347.136  3221001.069
2022  62  31808 GPS  -2267804.410  5009347.126  3221001.057
2022  62  31809 GPS  -2267804.412  5009347.124  3221001.053
2022  62  31810 GPS  -2267804.410  5009347.121  3221001.046
2022  62  31811 GPS  -2267804.404  5009347.116  3221001.043
2022  62  31812 GPS  -2267804.406  5009347.128  3221001.047
2022  62  31813 GPS  -2267804.410  5009347.139  3221001.047
2022  62  31814 GPS  -2267804.413  5009347.134  3221001.042
2022  62  31815 GPS  -2267804.417  5009347.142  3221001.047
2022  62  31816 GPS  -2267804.419  5009347.147  3221001.049
2022  62  31817 GPS  -2267804.426  5009347.151  3221001.052
2022  62  31818 GPS  -2267804.425  5009347.150  3221001.048
2022  62  31819 GPS  -2267804.423  5009347.139  3221001.038
2022  62  31820 GPS  -2267804.425  5009347.142  3221001.035
2022  62  31821 GPS  -2267804.428  5009347.144  3221001.036
2022  62  31822 GPS  -2267804.422  5009347.136  3221001.030
2022  62  31823 GPS  -2267804.419  5009347.142  3221001.031
2022  62  31824 GPS  -2267804.416  5009347.145  3221001.034
2022  62  31825 GPS  -2267804.415  5009347.144  3221001.036
2022  62  31826 GPS  -2267804.412  5009347.143  3221001.037
2022  62  31827 GPS  -2267804.406  5009347.136  3221001.037
2022  62  31828 GPS  -2267804.398  5009347.135  3221001.035
2022  62  31829 GPS  -2267804.390  5009347.128  3221001.033
2022  62  31830 GPS  -2267804.389  5009347.130  3221001.034
2022  62  31831 GPS  -2267804.392  5009347.133  3221001.033
2022  62  31832 GPS  -2267804.388  5009347.130  3221001.029
2022  62  31833 GPS  -2267804.391  5009347.141  3221001.035
2022  62  31834 GPS  -2267804.390  5009347.131  3221001.031
2022  62  31835 GPS  -2267804.393  5009347.130  3221001.025
2022  62  31836 GPS  -2267804.393  5009347.122  3221001.016
2022  62  31837 GPS  -2267804.395  5009347.121  3221001.011
2022  62  31838 GPS  -2267804.393  5009347.119  3221001.008
2022  62  31839 GPS  -2267804.394  5009347.121  3221001.007
2022  62  31840 GPS  -2267804.397  5009347.135  3221001.007
2022  62  31841 GPS  -2267804.399  5009347.146  3221001.010
2022  62  31842 GPS  -2267804.397  5009347.144  3221001.007
2022  62  31843 GPS  -2267804.401  5009347.144  3221001.009
2022  62  31844 GPS  -2267804.401  5009347.135  3221001.010
2022  62  31845 GPS  -2267804.400  5009347.137  3221001.010
2022  62  31846 GPS  -2267804.399  5009347.129  3221001.005
2022  62  31847 GPS  -2267804.396  5009347.114  3221001.001
2022  62  31848 GPS  -2267804.394  5009347.108  3221000.999
2022  62  31849 GPS  -2267804.389  5009347.105  3221000.996
2022  62  31850 GPS  -2267804.381  5009347.084  3221000.986
2022  62  31851 GPS  -2267804.371  5009347.068  3221000.979
2022  62  31852 GPS  -2267804.362  5009347.047  3221000.966
2022  62  31853 GPS  -2267804.355  5009347.045  3221000.966
2022  62  31854 GPS  -2267804.355  5009347.043  3221000.966
2022  62  31855 GPS  -2267804.355  5009347.039  3221000.965
2022  62  31856 GPS  -2267804.354  5009347.027  3221000.961
2022  62  31857 GPS  -2267804.351  5009347.021  3221000.956
2022  62  31858 GPS  -2267804.350  5009347.022  3221000.955
2022  62  31859 GPS  -2267804.345  5009347.020  3221000.957
2022  62  31860 GPS  -2267804.350  5009347.028  3221000.958
2022  62  31861 GPS  -2267804.351  5009347.036  3221000.959
2022  62  31862 GPS  -2267804.353  5009347.045  3221000.966
2022  62  31863 GPS  -2267804.356  5009347.051  3221000.971
2022  62  31864 GPS  -2267804.356  5009347.059  3221000.976
2022  62  31865 GPS  -2267804.353  5009347.065  3221000.977
2022  62  31866 GPS  -2267804.355  5009347.077  3221000.980
2022  62  31867 GPS  -2267804.356  5009347.080  3221000.976
2022  62  31868 GPS  -2267804.361  5009347.087  3221000.981
2022  62  31869 GPS  -2267804.360  5009347.092  3221000.982
2022  62  31870 GPS  -2267804.362  5009347.103  3221000.984
2022  62  31871 GPS  -2267804.366  5009347.108  3221000.988
2022  62  31872 GPS  -2267804.365  5009347.112  3221000.990
2022  62  31873 GPS  -2267804.363  5009347.114  3221000.995
2022  62  31874 GPS  -2267804.364  5009347.117  3221000.998
2022  62  31875 GPS  -2267804.363  5009347.129  3221001.003
2022  62  31876 GPS  -2267804.360  5009347.116  3221000.999
2022  62  31877 GPS  -2267804.359  5009347.120  3221001.001
2022  62  31878 GPS  -2267804.356  5009347.114  3221001.000
2022  62  31879 GPS  -2267804.352  5009347.107  3221001.004
2022  62  31880 GPS  -2267804.351  5009347.104  3221001.004
2022  62  31881 GPS  -2267804.344  5009347.095  3221000.998
2022  62  31882 GPS  -2267804.336  5009347.092  3221000.998
2022  62  31883 GPS  -2267804.329  5009347.091  3221001.000
2022  62  31884 GPS  -2267804.327  5009347.089  3221001.005
2022  62  31885 GPS  -2267804.320  5009347.084  3221001.006
2022  62  31886 GPS  -2267804.310  5009347.092  3221001.015
2022  62  31887 GPS  -2267804.308  5009347.085  3221001.020
2022  62  31888 GPS  -2267804.308  5009347.091  3221001.023
2022  62  31889 GPS  -2267804.306  5009347.092  3221001.021
2022  62  31890 GPS  -2267804.313  5009347.096  3221001.025
2022  62  31891 GPS  -2267804.317  5009347.096  3221001.025
2022  62  31892 GPS  -2267804.319  5009347.112  3221001.031
2022  62  31893 GPS  -2267804.327  5009347.116  3221001.036
2022  62  31894 GPS  -2267804.326  5009347.113  3221001.037
2022  62  31895 GPS  -2267804.327  5009347.117  3221001.039
2022  62  31896 GPS  -2267804.326  5009347.115  3221001.039
2022  62  31897 GPS  -2267804.324  5009347.105  3221001.037
2022  62  31898 GPS  -2267804.324  5009347.100  3221001.036
2022  62  31899 GPS  -2267804.324  5009347.094  3221001.034
2022  62  31900 GPS  -2267804.319  5009347.079  3221001.027
2022  62  31901 GPS  -2267804.314  5009347.075  3221001.029
2022  62  31902 GPS  -2267804.309  5009347.072  3221001.026
2022  62  31903 GPS  -2267804.309  5009347.074  3221001.028
2022  62  31904 GPS  -2267804.312  5009347.078  3221001.031
2022  62  31905 GPS  -2267804.309  5009347.072  3221001.031
2022  62  31906 GPS  -2267804.304  5009347.077  3221001.036
2022  62  31907 GPS  -2267804.300  5009347.075  3221001.036
2022  62  31908 GPS  -2267804.297  5009347.070  3221001.038
2022  62  31909 GPS  -2267804.293  5009347.074  3221001.039
2022  62  31910 GPS  -2267804.285  5009347.081  3221001.045
2022  62  31911 GPS  -2267804.270  5009347.087  3221001.045
2022  62  31912 GPS  -2267804.264  5009347.090  3221001.041
2022  62  31913 GPS  -2267804.255  5009347.077  3221001.033
2022  62  31914 GPS  -2267804.244  5009347.059  3221001.022
2022  62  31915 GPS  -2267804.235  5009347.045  3221001.016
2022  62  31916 GPS  -2267804.230  5009347.039  3221001.012
2022  62  31917 GPS  -2267804.220  5009347.033  3221001.010
2022  62  31918 GPS  -2267804.215  5009347.031  3221001.013
2022  62  31919 GPS  -2267804.209  5009347.020  3221001.009
2022  62  31920 GPS  -2267804.204  5009347.017  3221001.009
2022  62  31921 GPS  -2267804.199  5009347.018  3221001.008
2022  62  31922 GPS  -2267804.194  5009347.009  3221000.999
2022  62  31923 GPS  -2267804.188  5009347.013  3221000.998
2022  62  31924 GPS  -2267804.184  5009347.003  3221000.995
2022  62  31925 GPS  -2267804.182  5009347.006  3221000.996
2022  62  31926 GPS  -2267804.190  5009347.015  3221001.000
2022  62  31927 GPS  -2267804.194  5009347.019  3221001.005
2022  62  31928 GPS  -2267804.195  5009347.012  3221001.005
2022  62  31929 GPS  -2267804.199  5009347.009  3221001.005
2022  62  31930 GPS  -2267804.199  5009346.999  3221001.002
2022  62  31931 GPS  -2267804.199  5009346.995  3221001.004
2022  62  31932 GPS  -2267804.205  5009347.003  3221001.007
2022  62  31933 GPS  -2267804.214  5009347.018  3221001.010
2022  62  31934 GPS  -2267804.221  5009347.020  3221001.009
2022  62  31935 GPS  -2267804.225  5009347.022  3221001.010
2022  62  31936 GPS  -2267804.225  5009347.017  3221001.007
2022  62  31937 GPS  -2267804.223  5009347.014  3221001.004
2022  62  31938 GPS  -2267804.222  5009347.005  3221000.995
2022  62  31939 GPS  -2267804.215  5009346.995  3221000.987
2022  62  31940 GPS  -2267804.215  5009346.995  3221000.979
2022  62  31941 GPS  -2267804.216  5009346.999  3221000.975
2022  62  31942 GPS  -2267804.212  5009346.996  3221000.970
2022  62  31943 GPS  -2267804.207  5009347.000  3221000.968
2022  62  31944 GPS  -2267804.200  5009346.989  3221000.961
2022  62  31945 GPS  -2267804.192  5009346.981  3221000.953
2022  62  31946 GPS  -2267804.189  5009346.977  3221000.952
2022  62  31947 GPS  -2267804.189  5009346.976  3221000.951
2022  62  31948 GPS  -2267804.188  5009346.979  3221000.948
2022  62  31949 GPS  -2267804.186  5009346.978  3221000.945
2022  62  31950 GPS  -2267804.183  5009346.975  3221000.938
2022  62  31951 GPS  -2267804.186  5009346.977  3221000.940
2022  62  31952 GPS  -2267804.197  5009346.976  3221000.940
2022  62  31953 GPS  -2267804.200  5009346.973  3221000.939
2022  62  31954 GPS  -2267804.205  5009346.984  3221000.942
2022  62  31955 GPS  -2267804.205  5009346.993  3221000.939
2022  62  31956 GPS  -2267804.208  5009347.002  3221000.936
2022  62  31957 GPS  -2267804.205  5009347.013  3221000.937
2022  62  31958 GPS  -2267804.204  5009347.016  3221000.938
2022  62  31959 GPS  -2267804.207  5009347.010  3221000.937
2022  62  31960 GPS  -2267804.203  5009347.005  3221000.937
2022  62  31961 GPS  -2267804.194  5009346.999  3221000.934
2022  62  31962 GPS  -2267804.195  5009347.004  3221000.931
2022  62  31963 GPS  -2267804.193  5009347.002  3221000.927
2022  62  31964 GPS  -2267804.186  5009346.996  3221000.918
2022  62  31965 GPS  -2267804.180  5009346.987  3221000.909
2022  62  31966 GPS  -2267804.181  5009346.974  3221000.900
2022  62  31967 GPS  -2267804.178  5009346.967  3221000.895
2022  62  31968 GPS  -2267804.174  5009346.956  3221000.892
2022  62  31969 GPS  -2267804.159  5009346.933  3221000.885
2022  62  31970 GPS  -2267804.152  5009346.915  3221000.877
2022  62  31971 GPS  -2267804.143  5009346.906  3221000.871
2022  62  31972 GPS  -2267804.132  5009346.887  3221000.865
2022  62  31973 GPS  -2267804.120  5009346.872  3221000.862
2022  62  31974 GPS  -2267804.118  5009346.862  3221000.860
2022  62  31975 GPS  -2267804.118  5009346.854  3221000.858
2022  62  31976 GPS  -2267804.117  5009346.842  3221000.853
2022  62  31977 GPS  -2267804.117  5009346.829  3221000.852
2022  62  31978 GPS  -2267804.117  5009346.815  3221000.847
2022  62  31979 GPS  -2267804.121  5009346.811  3221000.851
2022  62  31980 GPS  -2267804.125  5009346.801  3221000.853
2022  62  31981 GPS  -2267804.129  5009346.805  3221000.858
2022  62  31982 GPS  -2267804.129  5009346.806  3221000.860
2022  62  31983 GPS  -2267804.123  5009346.797  3221000.857
2022  62  31984 GPS  -2267804.121  5009346.801  3221000.861
2022  62  31985 GPS  -2267804.120  5009346.804  3221000.865
2022  62  31986 GPS  -2267804.120  5009346.816  3221000.874
2022  62  31987 GPS  -2267804.117  5009346.824  3221000.884
2022  62  31988 GPS  -2267804.113  5009346.832  3221000.887
2022  62  31989 GPS  -2267804.116  5009346.832  3221000.889
2022  62  31990 GPS  -2267804.116  5009346.829  3221000.887
2022  62  31991 GPS  -2267804.113  5009346.815  3221000.881
2022  62  31992 GPS  -2267804.108  5009346.800  3221000.872
2022  62  31993 GPS  -2267804.103  5009346.787  3221000.861
2022  62  31994 GPS  -2267804.099  5009346.787  3221000.861
2022  62  31995 GPS  -2267804.094  5009346.776  3221000.855
2022  62  31996 GPS  -2267804.095  5009346.764  3221000.852
2022  62  31997 GPS  -2267804.098  5009346.763  3221000.852
2022  62  31998 GPS  -2267804.110  5009346.770  3221000.854
2022  62  31999 GPS  -2267804.117  5009346.772  3221000.853
2022  62  32000 GPS  -2267804.122  5009346.777  3221000.855
2022  62  32001 GPS  -2267804.128  5009346.773  3221000.855
2022  62  32002 GPS  -2267804.130  5009346.768  3221000.850
2022  62  32003 GPS  -2267804.226  5009347.498  3221001.164
2022  62  32004 GPS  -2267804.372  5009348.655  3221001.665
2022  62  32005 GPS  -2267804.307  5009348.147  3221001.443
2022  62  32006 GPS  -2267804.281  5009347.927  3221001.346
2022  62  32007 GPS  -2267804.317  5009348.193  3221001.457
2022  62  32008 GPS  -2267804.344  5009348.387  3221001.532
2022  62  32009 GPS  -2267804.347  5009348.390  3221001.525
2022  62  32010 GPS  -2267804.318  5009348.134  3221001.412
2022  62  32011 GPS  -2267804.290  5009347.865  3221001.295
2022  62  32012 GPS  -2267804.283  5009347.808  3221001.267
2022  62  32013 GPS  -2267804.287  5009347.789  3221001.256
2022  62  32014 GPS  -2267804.262  5009347.567  3221001.156
2022  62  32015 GPS  -2267804.153  5009346.718  3221000.784
2022  62  32016 GPS  -2267804.153  5009346.710  3221000.776
2022  62  32017 GPS  -2267804.142  5009346.692  3221000.765
2022  62  32018 GPS  -2267804.134  5009346.675  3221000.751
2022  62  32019 GPS  -2267804.127  5009346.663  3221000.741
2022  62  32020 GPS  -2267804.122  5009346.657  3221000.735
2022  62  32021 GPS  -2267804.115  5009346.647  3221000.727
2022  62  32022 GPS  -2267804.107  5009346.635  3221000.719
2022  62  32023 GPS  -2267804.100  5009346.628  3221000.720
2022  62  32024 GPS  -2267804.097  5009346.621  3221000.718
2022  62  32025 GPS  -2267804.093  5009346.612  3221000.719
2022  62  32026 GPS  -2267804.084  5009346.607  3221000.717
2022  62  32027 GPS  -2267804.080  5009346.602  3221000.714
2022  62  32028 GPS  -2267804.074  5009346.598  3221000.709
2022  62  32029 GPS  -2267804.066  5009346.596  3221000.704
2022  62  32030 GPS  -2267804.058  5009346.588  3221000.697
2022  62  32031 GPS  -2267804.053  5009346.586  3221000.695
2022  62  32032 GPS  -2267804.052  5009346.594  3221000.693
2022  62  32033 GPS  -2267804.054  5009346.600  3221000.696
2022  62  32034 GPS  -2267804.054  5009346.611  3221000.697
2022  62  32035 GPS  -2267804.057  5009346.618  3221000.701
2022  62  32036 GPS  -2267804.059  5009346.612  3221000.699
2022  62  32037 GPS  -2267804.059  5009346.622  3221000.701
2022  62  32038 GPS  -2267804.057  5009346.625  3221000.704
2022  62  32039 GPS  -2267804.055  5009346.630  3221000.704
2022  62  32040 GPS  -2267804.059  5009346.643  3221000.707
2022  62  32041 GPS  -2267804.054  5009346.644  3221000.705
2022  62  32042 GPS  -2267804.052  5009346.634  3221000.702
2022  62  32043 GPS  -2267804.051  5009346.631  3221000.702
2022  62  32044 GPS  -2267804.049  5009346.627  3221000.706
2022  62  32045 GPS  -2267804.046  5009346.618  3221000.707
2022  62  32046 GPS  -2267804.048  5009346.609  3221000.709
2022  62  32047 GPS  -2267804.044  5009346.596  3221000.710
2022  62  32048 GPS  -2267804.043  5009346.578  3221000.704
2022  62  32049 GPS  -2267804.044  5009346.577  3221000.709
2022  62  32050 GPS  -2267804.041  5009346.580  3221000.710
2022  62  32051 GPS  -2267804.039  5009346.580  3221000.715
2022  62  32052 GPS  -2267804.039  5009346.578  3221000.721
2022  62  32053 GPS  -2267804.043  5009346.587  3221000.730
2022  62  32054 GPS  -2267804.046  5009346.590  3221000.735
2022  62  32055 GPS  -2267804.046  5009346.578  3221000.728
2022  62  32056 GPS  -2267804.049  5009346.569  3221000.726
2022  62  32057 GPS  -2267804.051  5009346.558  3221000.726
2022  62  32058 GPS  -2267804.051  5009346.561  3221000.731
2022  62  32059 GPS  -2267804.058  5009346.568  3221000.733
2022  62  32060 GPS  -2267804.059  5009346.570  3221000.729
2022  62  32061 GPS  -2267804.065  5009346.568  3221000.732
2022  62  32062 GPS  -2267804.071  5009346.571  3221000.734
2022  62  32063 GPS  -2267804.072  5009346.568  3221000.733
2022  62  32064 GPS  -2267804.071  5009346.562  3221000.733
2022  62  32065 GPS  -2267804.071  5009346.546  3221000.727
2022  62  32066 GPS  -2267804.072  5009346.542  3221000.727
2022  62  32067 GPS  -2267804.080  5009346.554  3221000.737
2022  62  32068 GPS  -2267804.086  5009346.551  3221000.737
2022  62  32069 GPS  -2267804.091  5009346.554  3221000.740
2022  62  32070 GPS  -2267804.097  5009346.570  3221000.749
2022  62  32071 GPS  -2267804.095  5009346.574  3221000.753
2022  62  32072 GPS  -2267804.096  5009346.584  3221000.762
2022  62  32073 GPS  -2267804.095  5009346.583  3221000.763
2022  62  32074 GPS  -2267804.088  5009346.575  3221000.753
2022  62  32075 GPS  -2267804.083  5009346.564  3221000.742
2022  62  32076 GPS  -2267804.080  5009346.563  3221000.738
2022  62  32077 GPS  -2267804.081  5009346.569  3221000.740
2022  62  32078 GPS  -2267804.080  5009346.562  3221000.733
2022  62  32079 GPS  -2267804.079  5009346.546  3221000.719
2022  62  32080 GPS  -2267804.075  5009346.539  3221000.706
2022  62  32081 GPS  -2267804.074  5009346.529  3221000.697
2022  62  32082 GPS  -2267804.077  5009346.518  3221000.687
2022  62  32083 GPS  -2267804.077  5009346.500  3221000.674
2022  62  32084 GPS  -2267804.084  5009346.505  3221000.678
2022  62  32085 GPS  -2267804.087  5009346.510  3221000.683
2022  62  32086 GPS  -2267804.089  5009346.524  3221000.692
2022  62  32087 GPS  -2267804.090  5009346.534  3221000.692
2022  62  32088 GPS  -2267804.083  5009346.524  3221000.685
2022  62  32089 GPS  -2267804.078  5009346.520  3221000.682
2022  62  32090 GPS  -2267804.082  5009346.532  3221000.685
2022  62  32091 GPS  -2267804.082  5009346.530  3221000.683
2022  62  32092 GPS  -2267804.080  5009346.533  3221000.680
2022  62  32093 GPS  -2267804.079  5009346.532  3221000.680
2022  62  32094 GPS  -2267804.081  5009346.533  3221000.680
2022  62  32095 GPS  -2267804.078  5009346.519  3221000.672
2022  62  32096 GPS  -2267804.077  5009346.514  3221000.662
2022  62  32097 GPS  -2267804.075  5009346.513  3221000.656
2022  62  32098 GPS  -2267804.073  5009346.514  3221000.655
2022  62  32099 GPS  -2267805.347  5009348.281  3221001.228
2022  62  32100 GPS  -2267805.352  5009348.290  3221001.229
2022  62  32101 GPS  -2267805.353  5009348.289  3221001.225
2022  62  32102 GPS  -2267805.352  5009348.293  3221001.226
2022  62  32103 GPS  -2267805.351  5009348.291  3221001.224
2022  62  32104 GPS  -2267805.356  5009348.302  3221001.233
2022  62  32105 GPS  -2267805.356  5009348.307  3221001.241
2022  62  32106 GPS  -2267805.359  5009348.316  3221001.254
2022  62  32107 GPS  -2267805.359  5009348.316  3221001.262
2022  62  32108 GPS  -2267805.356  5009348.319  3221001.270
2022  62  32109 GPS  -2267805.354  5009348.322  3221001.279
2022  62  32110 GPS  -2267805.351  5009348.319  3221001.284
2022  62  32111 GPS  -2267805.350  5009348.314  3221001.287
2022  62  32112 GPS  -2267805.356  5009348.324  3221001.302
2022  62  32113 GPS  -2267805.357  5009348.319  3221001.308
2022  62  32114 GPS  -2267805.363  5009348.328  3221001.318
2022  62  32115 GPS  -2267805.367  5009348.337  3221001.328
2022  62  32116 GPS  -2267805.375  5009348.354  3221001.341
2022  62  32117 GPS  -2267805.370  5009348.357  3221001.346
2022  62  32118 GPS  -2267805.371  5009348.361  3221001.350
2022  62  32119 GPS  -2267805.373  5009348.360  3221001.349
2022  62  32120 GPS  -2267805.375  5009348.368  3221001.355
2022  62  32121 GPS  -2267805.376  5009348.369  3221001.363
2022  62  32122 GPS  -2267805.378  5009348.371  3221001.370
2022  62  32123 GPS  -2267805.381  5009348.368  3221001.375
2022  62  32124 GPS  -2267805.381  5009348.373  3221001.383
2022  62  32125 GPS  -2267805.379  5009348.376  3221001.389
2022  62  32126 GPS  -2267805.380  5009348.384  3221001.395
2022  62  32127 GPS  -2267805.383  5009348.400  3221001.402
2022  62  32128 GPS  -2267805.380  5009348.396  3221001.398
2022  62  32129 GPS  -2267805.375  5009348.395  3221001.396
2022  62  32130 GPS  -2267805.371  5009348.388  3221001.388
2022  62  32131 GPS  -2267805.366  5009348.383  3221001.382
2022  62  32132 GPS  -2267805.359  5009348.371  3221001.374
2022  62  32133 GPS  -2267805.354  5009348.364  3221001.370
2022  62  32134 GPS  -2267805.353  5009348.364  3221001.373
2022  62  32135 GPS  -2267805.354  5009348.362  3221001.373
2022  62  32136 GPS  -2267805.348  5009348.356  3221001.372
2022  62  32137 GPS  -2267805.344  5009348.353  3221001.373
2022  62  32138 GPS  -2267805.342  5009348.352  3221001.373
2022  62  32139 GPS  -2267805.340  5009348.346  3221001.374
2022  62  32140 GPS  -2267805.345  5009348.360  3221001.385
2022  62  32141 GPS  -2267805.344  5009348.364  3221001.386
2022  62  32142 GPS  -2267805.347  5009348.382  3221001.394
2022  62  32143 GPS  -2267805.350  5009348.396  3221001.395
2022  62  32144 GPS  -2267805.350  5009348.398  3221001.387
2022  62  32145 GPS  -2267805.348  5009348.398  3221001.382
2022  62  32146 GPS  -2267805.348  5009348.391  3221001.372
2022  62  32147 GPS  -2267805.347  5009348.391  3221001.370
2022  62  32148 GPS  -2267805.347  5009348.388  3221001.364
2022  62  32149 GPS  -2267805.347  5009348.384  3221001.360
2022  62  32150 GPS  -2267805.350  5009348.381  3221001.354
2022  62  32151 GPS  -2267805.351  5009348.384  3221001.351
2022  62  32152 GPS  -2267805.348  5009348.382  3221001.347
2022  62  32153 GPS  -2267805.348  5009348.380  3221001.347
2022  62  32154 GPS  -2267805.348  5009348.375  3221001.343
2022  62  32155 GPS  -2267805.346  5009348.372  3221001.340
2022  62  32156 GPS  -2267805.338  5009348.364  3221001.339
2022  62  32157 GPS  -2267805.334  5009348.364  3221001.347
2022  62  32158 GPS  -2267805.328  5009348.359  3221001.353
2022  62  32159 GPS  -2267805.319  5009348.355  3221001.352
2022  62  32160 GPS  -2267805.315  5009348.350  3221001.352
2022  62  32161 GPS  -2267805.311  5009348.350  3221001.352
2022  62  32162 GPS  -2267805.307  5009348.342  3221001.348
2022  62  32163 GPS  -2267805.306  5009348.333  3221001.344
2022  62  32164 GPS  -2267805.307  5009348.327  3221001.344
2022  62  32165 GPS  -2267805.305  5009348.318  3221001.335
2022  62  32166 GPS  -2267805.305  5009348.321  3221001.335
2022  62  32167 GPS  -2267805.301  5009348.317  3221001.332
2022  62  32168 GPS  -2267805.301  5009348.319  3221001.337
2022  62  32169 GPS  -2267805.307  5009348.324  3221001.342
2022  62  32170 GPS  -2267805.310  5009348.330  3221001.346
2022  62  32171 GPS  -2267805.313  5009348.342  3221001.353
2022  62  32172 GPS  -2267805.320  5009348.353  3221001.362
2022  62  32173 GPS  -2267805.326  5009348.362  3221001.371
2022  62  32174 GPS  -2267805.336  5009348.368  3221001.381
2022  62  32175 GPS  -2267805.342  5009348.365  3221001.379
2022  62  32176 GPS  -2267805.351  5009348.380  3221001.382
2022  62  32177 GPS  -2267805.356  5009348.382  3221001.385
2022  62  32178 GPS  -2267805.362  5009348.388  3221001.387
2022  62  32179 GPS  -2267805.369  5009348.395  3221001.389
2022  62  32180 GPS  -2267805.377  5009348.398  3221001.391
2022  62  32181 GPS  -2267805.375  5009348.400  3221001.394
2022  62  32182 GPS  -2267805.380  5009348.409  3221001.400
2022  62  32183 GPS  -2267805.385  5009348.409  3221001.398
2022  62  32184 GPS  -2267805.386  5009348.408  3221001.396
2022  62  32185 GPS  -2267805.393  5009348.413  3221001.394
2022  62  32186 GPS  -2267805.395  5009348.427  3221001.402
2022  62  32187 GPS  -2267805.401  5009348.440  3221001.405
2022  62  32188 GPS  -2267805.406  5009348.451  3221001.408
2022  62  32189 GPS  -2267805.405  5009348.453  3221001.407
2022  62  32190 GPS  -2267805.409  5009348.463  3221001.411
2022  62  32191 GPS  -2267805.414  5009348.481  3221001.418
2022  62  32192 GPS  -2267805.418  5009348.492  3221001.424
2022  62  32193 GPS  -2267805.423  5009348.501  3221001.427
2022  62  32194 GPS  -2267805.427  5009348.514  3221001.433
2022  62  32195 GPS  -2267805.432  5009348.536  3221001.444
2022  62  32196 GPS  -2267805.440  5009348.557  3221001.450
2022  62  32197 GPS  -2267805.443  5009348.571  3221001.456
2022  62  32198 GPS  -2267805.448  5009348.591  3221001.467
2022  62  32199 GPS  -2267805.454  5009348.612  3221001.482
2022  62  32200 GPS  -2267805.454  5009348.626  3221001.491
2022  62  32201 GPS  -2267805.453  5009348.639  3221001.495
2022  62  32202 GPS  -2267805.459  5009348.657  3221001.500
2022  62  32203 GPS  -2267805.468  5009348.677  3221001.506
2022  62  32204 GPS  -2267805.470  5009348.684  3221001.499
2022  62  32205 GPS  -2267805.471  5009348.680  3221001.497
2022  62  32206 GPS  -2267805.474  5009348.682  3221001.495
2022  62  32207 GPS  -2267805.474  5009348.672  3221001.490
2022  62  32208 GPS  -2267805.474  5009348.671  3221001.487
2022  62  32209 GPS  -2267805.477  5009348.667  3221001.484
2022  62  32210 GPS  -2267805.477  5009348.663  3221001.484
2022  62  32211 GPS  -2267805.474  5009348.657  3221001.480
2022  62  32212 GPS  -2267805.466  5009348.646  3221001.470
2022  62  32213 GPS  -2267805.460  5009348.630  3221001.458
2022  62  32214 GPS  -2267805.449  5009348.608  3221001.447
2022  62  32215 GPS  -2267805.437  5009348.588  3221001.435
2022  62  32216 GPS  -2267805.426  5009348.570  3221001.423
2022  62  32217 GPS  -2267805.419  5009348.551  3221001.417
2022  62  32218 GPS  -2267805.411  5009348.534  3221001.411
2022  62  32219 GPS  -2267805.407  5009348.522  3221001.408
2022  62  32220 GPS  -2267805.401  5009348.503  3221001.402
2022  62  32221 GPS  -2267805.393  5009348.486  3221001.394
2022  62  32222 GPS  -2267805.392  5009348.478  3221001.386
2022  62  32223 GPS  -2267805.390  5009348.473  3221001.379
2022  62  32224 GPS  -2267805.397  5009348.475  3221001.377
2022  62  32225 GPS  -2267805.395  5009348.470  3221001.370
2022  62  32226 GPS  -2267805.397  5009348.479  3221001.368
2022  62  32227 GPS  -2267805.404  5009348.489  3221001.368
2022  62  32228 GPS  -2267805.405  5009348.502  3221001.366
2022  62  32229 GPS  -2267805.412  5009348.503  3221001.365
2022  62  32230 GPS  -2267805.412  5009348.507  3221001.363
2022  62  32231 GPS  -2267805.413  5009348.515  3221001.364
2022  62  32232 GPS  -2267805.415  5009348.518  3221001.364
2022  62  32233 GPS  -2267805.415  5009348.521  3221001.361
2022  62  32234 GPS  -2267805.414  5009348.521  3221001.360
2022  62  32235 GPS  -2267805.412  5009348.530  3221001.364
2022  62  32236 GPS  -2267805.416  5009348.546  3221001.372
2022  62  32237 GPS  -2267805.415  5009348.559  3221001.378
2022  62  32238 GPS  -2267805.414  5009348.574  3221001.387
2022  62  32239 GPS  -2267805.407  5009348.579  3221001.394
2022  62  32240 GPS  -2267805.406  5009348.586  3221001.399
2022  62  32241 GPS  -2267805.406  5009348.592  3221001.404
2022  62  32242 GPS  -2267805.409  5009348.601  3221001.408
2022  62  32243 GPS  -2267805.410  5009348.613  3221001.407
2022  62  32244 GPS  -2267805.404  5009348.625  3221001.410
2022  62  32245 GPS  -2267805.406  5009348.640  3221001.416
2022  62  32246 GPS  -2267805.407  5009348.653  3221001.423
2022  62  32247 GPS  -2267805.407  5009348.651  3221001.421
2022  62  32248 GPS  -2267805.408  5009348.647  3221001.420
2022  62  32249 GPS  -2267805.414  5009348.652  3221001.419
2022  62  32250 GPS  -2267805.416  5009348.653  3221001.416
2022  62  32251 GPS  -2267805.421  5009348.646  3221001.408
2022  62  32252 GPS  -2267805.481  5009349.438  3221001.757
2022  62  32253 GPS  -2267805.420  5009348.636  3221001.397
2022  62  32254 GPS  -2267805.417  5009348.627  3221001.392
2022  62  32255 GPS  -2267805.416  5009348.631  3221001.395
2022  62  32256 GPS  -2267805.416  5009348.630  3221001.394
2022  62  32257 GPS  -2267805.417  5009348.631  3221001.394
2022  62  32258 GPS  -2267805.421  5009348.640  3221001.397
2022  62  32259 GPS  -2267805.421  5009348.646  3221001.398
2022  62  32260 GPS  -2267805.418  5009348.652  3221001.402
2022  62  32261 GPS  -2267805.418  5009348.653  3221001.403
2022  62  32262 GPS  -2267805.417  5009348.659  3221001.407
2022  62  32263 GPS  -2267805.507  5009349.838  3221001.931
2022  62  32264 GPS  -2267805.527  5009350.154  3221002.077
2022  62  32265 GPS  -2267805.511  5009350.005  3221002.016
2022  62  32266 GPS  -2267805.477  5009349.560  3221001.825
2022  62  32267 GPS  -2267805.459  5009349.339  3221001.734
2022  62  32268 GPS  -2267805.481  5009349.643  3221001.872
2022  62  32269 GPS  -2267805.459  5009349.409  3221001.771
2022  62  32270 GPS  -2267805.446  5009349.307  3221001.728
2022  62  32271 GPS  -2267805.436  5009349.295  3221001.724
2022  62  32272 GPS  -2267805.410  5009349.046  3221001.612
2022  62  32273 GPS  -2267805.425  5009349.331  3221001.737
2022  62  32274 GPS  -2267805.370  5009348.559  3221001.395
2022  62  32275 GPS  -2267805.456  5009349.634  3221001.876
2022  62  32276 GPS  -2267805.469  5009349.797  3221001.950
2022  62  32277 GPS  -2267805.477  5009349.924  3221002.010
2022  62  32278 GPS  -2267805.371  5009348.573  3221001.412
2022  62  32279 GPS  -2267805.403  5009348.991  3221001.598
2022  62  32280 GPS  -2267805.441  5009349.344  3221001.756
2022  62  32281 GPS  -2267805.461  5009349.494  3221001.824
2022  62  32282 GPS  -2267805.465  5009349.543  3221001.844
2022  62  32283 GPS  -2267805.436  5009349.120  3221001.657
2022  62  32284 GPS  -2267805.445  5009349.254  3221001.717
2022  62  32285 GPS  -2267805.446  5009349.242  3221001.718
2022  62  32286 GPS  -2267805.406  5009348.657  3221001.460
2022  62  32287 GPS  -2267805.414  5009348.674  3221001.475
2022  62  32288 GPS  -2267805.457  5009349.120  3221001.680
2022  62  32289 GPS  -2267805.430  5009348.695  3221001.499
2022  62  32290 GPS  -2267805.512  5009349.591  3221001.903
2022  62  32291 GPS  -2267805.448  5009348.708  3221001.516
2022  62  32292 GPS  -2267805.526  5009349.594  3221001.914
2022  62  32293 GPS  -2267805.529  5009349.559  3221001.905
2022  62  32294 GPS  -2267805.467  5009348.735  3221001.541
2022  62  32295 GPS  -2267805.526  5009349.459  3221001.866
2022  62  32296 GPS  -2267805.517  5009349.312  3221001.805
2022  62  32297 GPS  -2267805.473  5009348.747  3221001.556
2022  62  32298 GPS  -2267805.526  5009349.410  3221001.856
2022  62  32299 GPS  -2267805.534  5009349.467  3221001.879
2022  62  32300 GPS  -2267805.551  5009349.575  3221001.933
2022  62  32301 GPS  -2267805.538  5009349.436  3221001.871
2022  62  32302 GPS  -2267805.555  5009349.634  3221001.960
2022  62  32303 GPS  -2267805.551  5009349.589  3221001.942
2022  62  32304 GPS  -2267805.566  5009349.615  3221001.952
2022  62  32305 GPS  -2267805.578  5009349.683  3221001.984
2022  62  32306 GPS  -2267805.585  5009349.685  3221001.984
2022  62  32307 GPS  -2267805.591  5009349.680  3221001.981
2022  62  32308 GPS  -2267805.535  5009348.846  3221001.612
2022  62  32309 GPS  -2267805.621  5009349.823  3221002.051
2022  62  32310 GPS  -2267805.628  5009349.905  3221002.093
2022  62  32311 GPS  -2267805.626  5009349.858  3221002.076
2022  62  32312 GPS  -2267805.628  5009349.806  3221002.059
2022  62  32313 GPS  -2267805.640  5009349.873  3221002.095
2022  62  32314 GPS  -2267805.637  5009349.789  3221002.058
2022  62  32315 GPS  -2267805.652  5009349.919  3221002.121
2022  62  32316 GPS  -2267805.648  5009349.814  3221002.081
2022  62  32317 GPS  -2267805.654  5009349.913  3221002.129
2022  62  32318 GPS  -2267805.660  5009350.046  3221002.190
2022  62  32319 GPS  -2267805.616  5009349.569  3221001.988
2022  62  32320 GPS  -2267805.626  5009349.764  3221002.081
2022  62  32321 GPS  -2267805.614  5009349.719  3221002.063
2022  62  32322 GPS  -2267805.605  5009349.692  3221002.050
2022  62  32323 GPS  -2267805.591  5009349.623  3221002.019
2022  62  32324 GPS  -2267805.569  5009349.483  3221001.954
2022  62  32325 GPS  -2267805.511  5009348.832  3221001.664
2022  62  32326 GPS  -2267805.564  5009349.534  3221001.971
2022  62  32327 GPS  -2267805.575  5009349.791  3221002.085
2022  62  32328 GPS  -2267805.487  5009348.793  3221001.643
2022  62  32329 GPS  -2267805.480  5009348.775  3221001.636
2022  62  32330 GPS  -2267805.476  5009348.756  3221001.629
2022  62  32331 GPS  -2267805.485  5009348.901  3221001.695
2022  62  32332 GPS  -2267805.464  5009348.638  3221001.579
2022  62  32333 GPS  -2267805.484  5009348.866  3221001.682
2022  62  32334 GPS  -2267805.490  5009348.931  3221001.703
2022  62  32335 GPS  -2267805.469  5009348.734  3221001.612
2022  62  32336 GPS  -2267805.469  5009348.731  3221001.610
2022  62  32337 GPS  -2267805.466  5009348.718  3221001.603
2022  62  32338 GPS  -2267805.461  5009348.717  3221001.602
2022  62  32339 GPS  -2267805.458  5009348.717  3221001.602
2022  62  32340 GPS  -2267805.453  5009348.709  3221001.598
2022  62  32341 GPS  -2267805.446  5009348.703  3221001.596
2022  62  32342 GPS  -2267805.441  5009348.694  3221001.592
2022  62  32343 GPS  -2267805.429  5009348.683  3221001.585
2022  62  32344 GPS  -2267805.423  5009348.675  3221001.584
2022  62  32345 GPS  -2267805.414  5009348.658  3221001.577
2022  62  32346 GPS  -2267805.402  5009348.646  3221001.576
2022  62  32347 GPS  -2267805.395  5009348.646  3221001.576
2022  62  32348 GPS  -2267805.390  5009348.651  3221001.578
2022  62  32349 GPS  -2267805.388  5009348.648  3221001.578
2022  62  32350 GPS  -2267805.378  5009348.640  3221001.576
2022  62  32351 GPS  -2267805.368  5009348.637  3221001.574
2022  62  32352 GPS  -2267805.361  5009348.635  3221001.573
2022  62  32353 GPS  -2267805.357  5009348.638  3221001.574
2022  62  32354 GPS  -2267805.351  5009348.640  3221001.576
2022  62  32355 GPS  -2267805.351  5009348.641  3221001.577
2022  62  32356 GPS  -2267805.346  5009348.641  3221001.574
2022  62  32357 GPS  -2267805.337  5009348.632  3221001.572
2022  62  32358 GPS  -2267805.334  5009348.627  3221001.567
2022  62  32359 GPS  -2267805.330  5009348.625  3221001.563
2022  62  32360 GPS  -2267805.321  5009348.614  3221001.553
2022  62  32361 GPS  -2267805.314  5009348.597  3221001.544
2022  62  32362 GPS  -2267805.309  5009348.590  3221001.538
2022  62  32363 GPS  -2267805.306  5009348.583  3221001.527
2022  62  32364 GPS  -2267805.300  5009348.566  3221001.517
2022  62  32365 GPS  -2267805.294  5009348.554  3221001.510
2022  62  32366 GPS  -2267805.291  5009348.538  3221001.506
2022  62  32367 GPS  -2267805.289  5009348.529  3221001.502
2022  62  32368 GPS  -2267805.285  5009348.525  3221001.500
2022  62  32369 GPS  -2267805.280  5009348.514  3221001.498
2022  62  32370 GPS  -2267805.274  5009348.511  3221001.499
2022  62  32371 GPS  -2267805.267  5009348.502  3221001.493
2022  62  32372 GPS  -2267805.262  5009348.498  3221001.493
2022  62  32373 GPS  -2267805.254  5009348.496  3221001.493
2022  62  32374 GPS  -2267805.251  5009348.490  3221001.495
2022  62  32375 GPS  -2267805.242  5009348.477  3221001.491
2022  62  32376 GPS  -2267805.232  5009348.463  3221001.481
2022  62  32377 GPS  -2267805.222  5009348.456  3221001.479
2022  62  32378 GPS  -2267805.213  5009348.446  3221001.469
2022  62  32379 GPS  -2267805.205  5009348.437  3221001.462
2022  62  32380 GPS  -2267805.200  5009348.438  3221001.459
2022  62  32381 GPS  -2267805.194  5009348.430  3221001.458
2022  62  32382 GPS  -2267805.188  5009348.423  3221001.457
2022  62  32383 GPS  -2267805.187  5009348.416  3221001.455
2022  62  32384 GPS  -2267805.186  5009348.409  3221001.453
2022  62  32385 GPS  -2267805.185  5009348.412  3221001.453
2022  62  32386 GPS  -2267805.328  5009348.477  3221001.495
2022  62  32387 GPS  -2267805.327  5009348.478  3221001.501
2022  62  32388 GPS  -2267805.323  5009348.482  3221001.504
2022  62  32389 GPS  -2267805.326  5009348.493  3221001.510
2022  62  32390 GPS  -2267805.333  5009348.518  3221001.522
2022  62  32391 GPS  -2267805.331  5009348.509  3221001.518
2022  62  32392 GPS  -2267805.323  5009348.510  3221001.517
2022  62  32393 GPS  -2267805.319  5009348.512  3221001.518
2022  62  32394 GPS  -2267805.319  5009348.507  3221001.511
2022  62  32395 GPS  -2267805.315  5009348.509  3221001.509
2022  62  32396 GPS  -2267805.311  5009348.504  3221001.506
2022  62  32397 GPS  -2267805.307  5009348.494  3221001.501
2022  62  32398 GPS  -2267805.306  5009348.482  3221001.497
2022  62  32399 GPS  -2267805.308  5009348.467  3221001.493
2022  62  32400 GPS  -2267805.306  5009348.455  3221001.491
2022  62  32401 GPS  -2267805.308  5009348.451  3221001.494
2022  62  32402 GPS  -2267805.060  5009348.491  3221001.387
2022  62  32403 GPS  -2267805.060  5009348.494  3221001.389
2022  62  32404 GPS  -2267805.057  5009348.481  3221001.384
2022  62  32405 GPS  -2267805.054  5009348.472  3221001.377
2022  62  32406 GPS  -2267805.058  5009348.470  3221001.378
2022  62  32407 GPS  -2267805.061  5009348.469  3221001.376
2022  62  32408 GPS  -2267805.062  5009348.459  3221001.373
2022  62  32409 GPS  -2267805.117  5009349.058  3221001.636
2022  62  32410 GPS  -2267805.117  5009349.090  3221001.650
2022  62  32411 GPS  -2267805.103  5009348.979  3221001.605
2022  62  32412 GPS  -2267805.107  5009349.019  3221001.621
2022  62  32413 GPS  -2267805.110  5009349.058  3221001.637
2022  62  32414 GPS  -2267805.104  5009348.967  3221001.596
2022  62  32415 GPS  -2267805.105  5009349.004  3221001.611
2022  62  32416 GPS  -2267805.054  5009348.726  3221001.676
2022  62  32417 GPS  -2267805.053  5009348.722  3221001.670
2022  62  32418 GPS  -2267805.063  5009348.762  3221001.691
2022  62  32419 GPS  -2267805.060  5009348.672  3221001.651
2022  62  32420 GPS  -2267805.060  5009348.650  3221001.638
2022  62  32421 GPS  -2267805.069  5009348.693  3221001.653
2022  62  32422 GPS  -2267805.084  5009348.757  3221001.679
2022  62  32423 GPS  -2267805.087  5009348.715  3221001.663
2022  62  32424 GPS  -2267805.084  5009348.665  3221001.636
2022  62  32425 GPS  -2267805.081  5009348.605  3221001.601
2022  62  32426 GPS  -2267805.079  5009348.559  3221001.569
2022  62  32427 GPS  -2267805.081  5009348.605  3221001.581
2022  62  32428 GPS  -2267805.081  5009348.607  3221001.580
2022  62  32429 GPS  -2267805.094  5009348.689  3221001.614
2022  62  32430 GPS  -2267805.093  5009348.718  3221001.619
2022  62  32431 GPS  -2267805.097  5009348.709  3221001.609
2022  62  32432 GPS  -2267805.100  5009348.709  3221001.607
2022  62  32433 GPS  -2267805.100  5009348.690  3221001.599
2022  62  32434 GPS  -2267805.091  5009348.644  3221001.584
2022  62  32435 GPS  -2267805.090  5009348.637  3221001.585
2022  62  32436 GPS  -2267805.088  5009348.641  3221001.590
2022  62  32437 GPS  -2267805.089  5009348.645  3221001.599
2022  62  32438 GPS  -2267805.088  5009348.638  3221001.595
2022  62  32439 GPS  -2267805.090  5009348.623  3221001.594
2022  62  32440 GPS  -2267805.092  5009348.628  3221001.598
2022  62  32441 GPS  -2267805.100  5009348.628  3221001.599
2022  62  32442 GPS  -2267805.102  5009348.633  3221001.603
2022  62  32443 GPS  -2267805.109  5009348.639  3221001.604
2022  62  32444 GPS  -2267805.118  5009348.645  3221001.603
2022  62  32445 GPS  -2267805.127  5009348.655  3221001.608
2022  62  32446 GPS  -2267805.135  5009348.645  3221001.607
2022  62  32447 GPS  -2267805.141  5009348.640  3221001.609
2022  62  32448 GPS  -2267805.147  5009348.644  3221001.608
2022  62  32449 GPS  -2267805.158  5009348.650  3221001.610
2022  62  32450 GPS  -2267805.168  5009348.658  3221001.611
2022  62  32451 GPS  -2267805.169  5009348.657  3221001.606
2022  62  32452 GPS  -2267805.176  5009348.668  3221001.610
2022  62  32453 GPS  -2267805.172  5009348.674  3221001.616
2022  62  32454 GPS  -2267805.178  5009348.697  3221001.628
2022  62  32455 GPS  -2267805.184  5009348.709  3221001.635
2022  62  32456 GPS  -2267805.190  5009348.723  3221001.647
2022  62  32457 GPS  -2267805.193  5009348.732  3221001.653
2022  62  32458 GPS  -2267805.197  5009348.747  3221001.656
2022  62  32459 GPS  -2267805.204  5009348.763  3221001.667
2022  62  32460 GPS  -2267805.210  5009348.782  3221001.678
2022  62  32461 GPS  -2267805.215  5009348.800  3221001.689
2022  62  32462 GPS  -2267805.219  5009348.814  3221001.696
2022  62  32463 GPS  -2267805.227  5009348.846  3221001.711
2022  62  32464 GPS  -2267805.232  5009348.850  3221001.717
2022  62  32465 GPS  -2267805.242  5009348.868  3221001.727
2022  62  32466 GPS  -2267805.245  5009348.876  3221001.731
2022  62  32467 GPS  -2267805.251  5009348.884  3221001.732
2022  62  32468 GPS  -2267805.257  5009348.886  3221001.732
2022  62  32469 GPS  -2267805.263  5009348.895  3221001.737
2022  62  32470 GPS  -2267805.270  5009348.897  3221001.742
2022  62  32471 GPS  -2267805.275  5009348.896  3221001.742
2022  62  32472 GPS  -2267805.280  5009348.889  3221001.738
2022  62  32473 GPS  -2267805.284  5009348.882  3221001.735
2022  62  32474 GPS  -2267805.292  5009348.891  3221001.744
2022  62  32475 GPS  -2267805.296  5009348.889  3221001.743
2022  62  32476 GPS  -2267805.304  5009348.907  3221001.751
2022  62  32477 GPS  -2267805.303  5009348.912  3221001.755
2022  62  32478 GPS  -2267805.303  5009348.916  3221001.760
2022  62  32479 GPS  -2267805.305  5009348.917  3221001.768
2022  62  32480 GPS  -2267805.308  5009348.917  3221001.773
2022  62  32481 GPS  -2267805.311  5009348.920  3221001.782
2022  62  32482 GPS  -2267805.315  5009348.913  3221001.789
2022  62  32483 GPS  -2267805.324  5009348.925  3221001.800
2022  62  32484 GPS  -2267805.325  5009348.929  3221001.808
2022  62  32485 GPS  -2267805.326  5009348.937  3221001.818
2022  62  32486 GPS  -2267805.329  5009348.953  3221001.828
2022  62  32487 GPS  -2267805.330  5009348.957  3221001.833
2022  62  32488 GPS  -2267805.326  5009348.952  3221001.835
2022  62  32489 GPS  -2267805.322  5009348.950  3221001.832
2022  62  32490 GPS  -2267805.316  5009348.949  3221001.830
2022  62  32491 GPS  -2267805.316  5009348.950  3221001.832
2022  62  32492 GPS  -2267805.312  5009348.952  3221001.835
2022  62  32493 GPS  -2267805.308  5009348.946  3221001.838
2022  62  32494 GPS  -2267805.310  5009348.938  3221001.840
2022  62  32495 GPS  -2267805.308  5009348.937  3221001.838
2022  62  32496 GPS  -2267805.305  5009348.936  3221001.843
2022  62  32497 GPS  -2267805.306  5009348.925  3221001.840
2022  62  32498 GPS  -2267805.301  5009348.919  3221001.841
2022  62  32499 GPS  -2267805.297  5009348.916  3221001.840
2022  62  32500 GPS  -2267805.295  5009348.906  3221001.836
2022  62  32501 GPS  -2267805.296  5009348.898  3221001.833
2022  62  32502 GPS  -2267805.295  5009348.892  3221001.830
2022  62  32503 GPS  -2267805.295  5009348.887  3221001.824
2022  62  32504 GPS  -2267805.296  5009348.883  3221001.821
2022  62  32505 GPS  -2267805.294  5009348.874  3221001.815
2022  62  32506 GPS  -2267805.297  5009348.878  3221001.816
2022  62  32507 GPS  -2267805.299  5009348.885  3221001.820
2022  62  32508 GPS  -2267805.297  5009348.882  3221001.820
2022  62  32509 GPS  -2267805.292  5009348.876  3221001.816
2022  62  32510 GPS  -2267805.289  5009348.875  3221001.814
2022  62  32511 GPS  -2267805.291  5009348.880  3221001.817
2022  62  32512 GPS  -2267805.291  5009348.879  3221001.819
2022  62  32513 GPS  -2267805.294  5009348.881  3221001.822
2022  62  32514 GPS  -2267805.298  5009348.880  3221001.822
2022  62  32515 GPS  -2267805.304  5009348.886  3221001.826
2022  62  32516 GPS  -2267805.304  5009348.890  3221001.826
2022  62  32517 GPS  -2267805.308  5009348.900  3221001.828
2022  62  32518 GPS  -2267805.313  5009348.899  3221001.826
2022  62  32519 GPS  -2267805.316  5009348.910  3221001.827
2022  62  32520 GPS  -2267805.318  5009348.921  3221001.826
2022  62  32521 GPS  -2267805.322  5009348.932  3221001.828
2022  62  32522 GPS  -2267805.324  5009348.939  3221001.829
2022  62  32523 GPS  -2267805.325  5009348.946  3221001.831
2022  62  32524 GPS  -2267805.326  5009348.940  3221001.829
2022  62  32525 GPS  -2267805.327  5009348.941  3221001.831
2022  62  32526 GPS  -2267805.330  5009348.945  3221001.831
2022  62  32527 GPS  -2267805.324  5009348.943  3221001.827
2022  62  32528 GPS  -2267805.321  5009348.939  3221001.820
2022  62  32529 GPS  -2267805.318  5009348.952  3221001.824
2022  62  32530 GPS  -2267805.313  5009348.948  3221001.827
2022  62  32531 GPS  -2267805.309  5009348.949  3221001.831
2022  62  32532 GPS  -2267805.302  5009348.936  3221001.828
2022  62  32533 GPS  -2267805.297  5009348.922  3221001.828
2022  62  32534 GPS  -2267805.292  5009348.920  3221001.828
2022  62  32535 GPS  -2267805.287  5009348.923  3221001.829
2022  62  32536 GPS  -2267805.276  5009348.918  3221001.824
2022  62  32537 GPS  -2267805.273  5009348.915  3221001.817
2022  62  32538 GPS  -2267805.265  5009348.908  3221001.808
2022  62  32539 GPS  -2267805.263  5009348.909  3221001.801
2022  62  32540 GPS  -2267805.257  5009348.912  3221001.795
2022  62  32541 GPS  -2267805.257  5009348.918  3221001.799
2022  62  32542 GPS  -2267805.256  5009348.924  3221001.805
2022  62  32543 GPS  -2267805.254  5009348.919  3221001.800
2022  62  32544 GPS  -2267805.251  5009348.925  3221001.802
2022  62  32545 GPS  -2267805.254  5009348.931  3221001.804
2022  62  32546 GPS  -2267805.256  5009348.938  3221001.812
2022  62  32547 GPS  -2267805.260  5009348.949  3221001.825
2022  62  32548 GPS  -2267805.261  5009348.956  3221001.832
2022  62  32549 GPS  -2267805.264  5009348.959  3221001.834
2022  62  32550 GPS  -2267805.266  5009348.957  3221001.835
2022  62  32551 GPS  -2267805.264  5009348.955  3221001.839
2022  62  32552 GPS  -2267805.263  5009348.952  3221001.841
2022  62  32553 GPS  -2267805.266  5009348.958  3221001.841
2022  62  32554 GPS  -2267805.264  5009348.969  3221001.842
2022  62  32555 GPS  -2267805.267  5009348.974  3221001.844
2022  62  32556 GPS  -2267805.268  5009348.974  3221001.844
2022  62  32557 GPS  -2267805.269  5009348.968  3221001.841
2022  62  32558 GPS  -2267805.266  5009348.963  3221001.839
2022  62  32559 GPS  -2267805.267  5009348.967  3221001.836
2022  62  32560 GPS  -2267805.270  5009348.964  3221001.836
2022  62  32561 GPS  -2267805.274  5009348.967  3221001.838
2022  62  32562 GPS  -2267805.277  5009348.970  3221001.846
2022  62  32563 GPS  -2267805.278  5009348.967  3221001.852
2022  62  32564 GPS  -2267805.274  5009348.965  3221001.856
2022  62  32565 GPS  -2267805.277  5009348.974  3221001.864
2022  62  32566 GPS  -2267805.282  5009348.987  3221001.874
2022  62  32567 GPS  -2267805.287  5009349.003  3221001.885
2022  62  32568 GPS  -2267805.295  5009349.023  3221001.897
2022  62  32569 GPS  -2267805.301  5009349.040  3221001.909
2022  62  32570 GPS  -2267805.314  5009349.062  3221001.923
2022  62  32571 GPS  -2267805.322  5009349.082  3221001.936
2022  62  32572 GPS  -2267805.326  5009349.091  3221001.946
2022  62  32573 GPS  -2267805.333  5009349.104  3221001.954
2022  62  32574 GPS  -2267805.339  5009349.114  3221001.960
2022  62  32575 GPS  -2267805.342  5009349.121  3221001.960
2022  62  32576 GPS  -2267805.345  5009349.123  3221001.963
2022  62  32577 GPS  -2267805.347  5009349.123  3221001.964
2022  62  32578 GPS  -2267805.352  5009349.137  3221001.971
