2022  62  24517 GPS  -2267809.746  5009439.451  3221017.407
2022  62  24518 GPS  -2267809.200  5009439.269  3221017.148
2022  62  24519 GPS  -2267808.336  5009439.274  3221016.686
2022  62  24520 GPS  -2267807.632  5009440.021  3221017.274
2022  62  24521 GPS  -2267806.752  5009440.345  3221017.117
2022  62  24522 GPS  -2267805.532  5009440.727  3221017.277
2022  62  24523 GPS  -2267805.117  5009443.401  3221019.737
2022  62  24524 GPS  -2267802.812  5009438.428  3221014.161
2022  62  24525 GPS  -2267803.704  5009446.552  3221022.085
2022  62  24526 GPS  -2267805.129  5009454.525  3221030.452
2022  62  24527 GPS  -2267805.328  5009458.321  3221034.475
2022  62  24528 GPS  -2267804.652  5009458.362  3221034.686
2022  62  24529 GPS  -2267803.309  5009455.193  3221032.414
2022  62  24530 GPS  -2267805.285  5009464.893  3221043.439
2022  62  24531 GPS  -2267803.933  5009460.139  3221039.637
2022  62  24532 GPS  -2267802.823  5009456.155  3221036.242
2022  62  24533 GPS  -2267801.323  5009449.059  3221029.392
2022  62  24534 GPS  -2267799.939  5009443.107  3221023.604
2022  62  24535 GPS  -2267800.906  5009444.841  3221026.665
2022  62  24536 GPS  -2267801.663  5009445.749  3221028.431
2022  62  24537 GPS  -2267801.906  5009445.230  3221027.740
2022  62  24538 GPS  -2267802.679  5009445.782  3221028.342
2022  62  24539 GPS  -2267803.613  5009446.401  3221029.977
2022  62  24540 GPS  -2267804.583  5009448.133  3221031.517
2022  62  24541 GPS  -2267804.635  5009446.224  3221029.746
2022  62  24542 GPS  -2267804.797  5009445.279  3221028.525
2022  62  24543 GPS  -2267805.712  5009445.992  3221028.949
2022  62  24544 GPS  -2267806.040  5009444.333  3221027.364
2022  62  24545 GPS  -2267806.350  5009443.847  3221026.848
2022  62  24546 GPS  -2267807.398  5009445.504  3221029.035
2022  62  24547 GPS  -2267807.682  5009444.745  3221028.311
2022  62  24548 GPS  -2267807.905  5009443.752  3221027.513
2022  62  24549 GPS  -2267808.427  5009444.014  3221027.189
2022  62  24550 GPS  -2267808.961  5009444.072  3221027.045
2022  62  24551 GPS  -2267809.291  5009443.156  3221025.441
2022  62  24552 GPS  -2267809.221  5009442.367  3221024.575
2022  62  24553 GPS  -2267809.346  5009441.659  3221023.902
2022  62  24554 GPS  -2267810.096  5009441.843  3221024.038
2022  62  24555 GPS  -2267810.522  5009441.771  3221023.210
2022  62  24556 GPS  -2267811.587  5009441.710  3221022.969
2022  62  24557 GPS  -2267811.723  5009441.402  3221022.309
2022  62  24558 GPS  -2267812.317  5009441.716  3221022.437
2022  62  24559 GPS  -2267812.477  5009441.451  3221021.865
2022  62  24560 GPS  -2267813.049  5009441.806  3221021.699
2022  62  24561 GPS  -2267813.282  5009440.988  3221021.039
2022  62  24562 GPS  -2267813.693  5009441.018  3221020.549
2022  62  24563 GPS  -2267814.320  5009440.998  3221020.382
2022  62  24564 GPS  -2267814.409  5009440.699  3221020.242
2022  62  24565 GPS  -2267814.198  5009440.728  3221020.222
2022  62  24566 GPS  -2267814.066  5009440.266  3221019.942
2022  62  24567 GPS  -2267814.279  5009440.413  3221019.331
2022  62  24568 GPS  -2267814.482  5009441.715  3221019.795
2022  62  24569 GPS  -2267814.459  5009442.098  3221019.778
2022  62  24570 GPS  -2267813.999  5009442.611  3221019.739
2022  62  24571 GPS  -2267812.583  5009437.189  3221013.567
2022  62  24572 GPS  -2267812.876  5009437.831  3221014.164
2022  62  24573 GPS  -2267813.526  5009439.239  3221014.262
2022  62  24574 GPS  -2267813.706  5009440.815  3221014.459
2022  62  24575 GPS  -2267813.021  5009442.024  3221014.409
2022  62  24576 GPS  -2267812.993  5009443.490  3221014.818
2022  62  24577 GPS  -2267812.755  5009444.849  3221015.608
2022  62  24578 GPS  -2267813.104  5009446.491  3221016.049
2022  62  24579 GPS  -2267813.060  5009447.488  3221016.486
2022  62  24580 GPS  -2267822.594  5009483.762  3221055.442
2022  62  24581 GPS  -2267815.394  5009456.364  3221026.132
2022  62  24582 GPS  -2267811.408  5009442.642  3221011.191
2022  62  24583 GPS  -2267814.057  5009449.973  3221019.154
2022  62  24584 GPS  -2267813.830  5009447.206  3221016.216
2022  62  24585 GPS  -2267814.720  5009449.001  3221017.690
2022  62  24586 GPS  -2267815.826  5009451.639  3221020.619
2022  62  24587 GPS  -2267813.127  5009440.851  3221009.781
2022  62  24588 GPS  -2267812.085  5009434.062  3221003.162
2022  62  24589 GPS  -2267812.566  5009433.356  3221003.652
2022  62  24590 GPS  -2267814.295  5009437.666  3221009.562
2022  62  24591 GPS  -2267816.234  5009443.374  3221016.136
2022  62  24592 GPS  -2267817.261  5009445.798  3221020.185
2022  62  24593 GPS  -2267815.749  5009439.030  3221014.274
2022  62  24594 GPS  -2267814.397  5009432.088  3221008.607
2022  62  24595 GPS  -2267814.000  5009429.116  3221006.384
2022  62  24596 GPS  -2267814.700  5009429.221  3221006.850
2022  62  24597 GPS  -2267815.819  5009431.815  3221010.514
2022  62  24598 GPS  -2267815.052  5009427.556  3221006.885
2022  62  24599 GPS  -2267813.374  5009420.915  3221000.567
2022  62  24600 GPS  -2267812.444  5009416.557  3220996.024
2022  62  24601 GPS  -2267812.696  5009417.223  3220997.171
2022  62  24602 GPS  -2267812.993  5009417.455  3220997.573
2022  62  24603 GPS  -2267813.437  5009417.535  3220998.248
2022  62  24604 GPS  -2267814.758  5009419.287  3221000.827
2022  62  24605 GPS  -2267814.858  5009418.902  3221000.822
2022  62  24606 GPS  -2267815.329  5009420.675  3221002.372
2022  62  24607 GPS  -2267814.538  5009418.014  3220999.281
2022  62  24608 GPS  -2267814.957  5009417.661  3220999.760
2022  62  24609 GPS  -2267815.558  5009418.368  3220999.830
2022  62  24610 GPS  -2267816.257  5009418.339  3220999.928
2022  62  24611 GPS  -2267816.535  5009417.713  3220999.553
2022  62  24612 GPS  -2267816.580  5009417.242  3220999.255
2022  62  24613 GPS  -2267816.952  5009417.838  3220999.707
2022  62  24614 GPS  -2267817.546  5009418.102  3221000.178
2022  62  24615 GPS  -2267817.839  5009418.001  3221000.358
2022  62  24616 GPS  -2267818.307  5009417.453  3221000.561
2022  62  24617 GPS  -2267818.625  5009417.875  3221001.090
2022  62  24618 GPS  -2267819.030  5009418.556  3221001.442
2022  62  24619 GPS  -2267819.670  5009419.447  3221001.988
2022  62  24620 GPS  -2267820.196  5009420.192  3221002.067
2022  62  24621 GPS  -2267825.798  5009438.376  3221022.031
2022  62  24622 GPS  -2267826.507  5009439.837  3221023.404
2022  62  24623 GPS  -2267826.864  5009440.366  3221024.285
2022  62  24624 GPS  -2267827.345  5009440.877  3221025.522
2022  62  24625 GPS  -2267827.293  5009440.865  3221026.252
2022  62  24626 GPS  -2267827.687  5009441.558  3221027.433
2022  62  24627 GPS  -2267828.118  5009442.770  3221028.584
2022  62  24628 GPS  -2267828.310  5009443.458  3221029.117
2022  62  24629 GPS  -2267828.209  5009443.988  3221030.144
2022  62  24630 GPS  -2267827.497  5009444.711  3221030.768
2022  62  24631 GPS  -2267826.941  5009444.507  3221031.064
2022  62  24632 GPS  -2267810.505  5009387.723  3220969.035
2022  62  24633 GPS  -2267815.825  5009409.453  3220992.408
2022  62  24634 GPS  -2267823.048  5009438.584  3221024.691
2022  62  24635 GPS  -2267825.438  5009450.223  3221038.410
2022  62  24636 GPS  -2267821.823  5009439.383  3221026.911
2022  62  24637 GPS  -2267820.172  5009435.870  3221023.805
2022  62  24638 GPS  -2267820.155  5009438.637  3221026.989
2022  62  24639 GPS  -2267819.434  5009439.253  3221028.393
2022  62  24640 GPS  -2267818.198  5009439.324  3221028.992
2022  62  24641 GPS  -2267815.934  5009433.562  3221023.358
2022  62  24642 GPS  -2267815.861  5009434.605  3221024.512
2022  62  24643 GPS  -2267813.881  5009429.824  3221020.095
2022  62  24644 GPS  -2267811.826  5009425.133  3221015.147
2022  62  24645 GPS  -2267810.868  5009423.611  3221013.368
2022  62  24646 GPS  -2267810.631  5009425.837  3221015.921
2022  62  24647 GPS  -2267811.404  5009430.048  3221020.556
2022  62  24648 GPS  -2267812.931  5009436.932  3221028.358
2022  62  24649 GPS  -2267810.321  5009429.565  3221020.867
2022  62  24650 GPS  -2267809.364  5009427.082  3221018.970
2022  62  24651 GPS  -2267808.688  5009424.515  3221016.860
2022  62  24652 GPS  -2267807.647  5009422.248  3221015.188
2022  62  24653 GPS  -2267808.484  5009425.147  3221018.535
2022  62  24654 GPS  -2267808.680  5009424.712  3221018.450
2022  62  24655 GPS  -2267809.173  5009424.896  3221019.348
2022  62  24656 GPS  -2267809.592  5009425.959  3221020.430
2022  62  24657 GPS  -2267810.205  5009426.927  3221021.015
2022  62  24658 GPS  -2267810.745  5009426.031  3221020.874
2022  62  24659 GPS  -2267811.144  5009426.611  3221021.620
2022  62  24660 GPS  -2267811.915  5009428.087  3221022.934
2022  62  24661 GPS  -2267812.763  5009429.169  3221023.891
2022  62  24662 GPS  -2267812.984  5009430.201  3221024.354
2022  62  24663 GPS  -2267813.609  5009432.273  3221025.776
2022  62  24664 GPS  -2267814.821  5009434.989  3221028.401
2022  62  24665 GPS  -2267814.832  5009435.724  3221029.106
2022  62  24666 GPS  -2267815.283  5009436.917  3221029.675
2022  62  24667 GPS  -2267815.824  5009438.570  3221030.638
2022  62  24668 GPS  -2267816.685  5009440.472  3221032.110
2022  62  24669 GPS  -2267817.533  5009442.271  3221033.253
2022  62  24670 GPS  -2267817.771  5009443.402  3221033.635
2022  62  24671 GPS  -2267817.874  5009444.303  3221034.433
2022  62  24672 GPS  -2267817.948  5009444.386  3221034.890
2022  62  24673 GPS  -2267817.967  5009444.633  3221035.790
2022  62  24674 GPS  -2267818.236  5009445.578  3221036.940
2022  62  24675 GPS  -2267818.637  5009447.377  3221038.681
2022  62  24676 GPS  -2267818.775  5009448.686  3221040.382
2022  62  24677 GPS  -2267819.012  5009449.192  3221040.661
2022  62  24678 GPS  -2267819.055  5009449.886  3221041.164
2022  62  24679 GPS  -2267819.222  5009451.076  3221042.137
2022  62  24680 GPS  -2267818.626  5009451.227  3221042.474
2022  62  24681 GPS  -2267817.272  5009447.024  3221037.753
2022  62  24682 GPS  -2267817.089  5009447.522  3221038.106
2022  62  24683 GPS  -2267816.653  5009447.628  3221038.198
2022  62  24684 GPS  -2267816.395  5009447.740  3221038.315
2022  62  24685 GPS  -2267815.473  5009446.471  3221037.295
2022  62  24686 GPS  -2267814.836  5009445.384  3221036.627
2022  62  24687 GPS  -2267813.623  5009444.319  3221035.483
2022  62  24688 GPS  -2267812.571  5009442.606  3221034.054
2022  62  24689 GPS  -2267812.103  5009442.134  3221033.407
2022  62  24690 GPS  -2267811.783  5009441.377  3221033.069
2022  62  24691 GPS  -2267811.823  5009440.299  3221032.333
2022  62  24692 GPS  -2267816.220  5009457.528  3221052.276
2022  62  24693 GPS  -2267812.983  5009446.200  3221039.917
2022  62  24694 GPS  -2267812.442  5009444.780  3221039.286
2022  62  24695 GPS  -2267811.190  5009440.858  3221035.574
2022  62  24696 GPS  -2267811.947  5009446.274  3221041.221
2022  62  24697 GPS  -2267809.267  5009437.553  3221031.701
2022  62  24698 GPS  -2267806.272  5009428.285  3221021.512
2022  62  24699 GPS  -2267804.958  5009423.435  3221016.154
2022  62  24700 GPS  -2267805.657  5009426.222  3221019.083
2022  62  24701 GPS  -2267808.320  5009435.519  3221029.163
2022  62  24702 GPS  -2267809.901  5009440.770  3221034.860
2022  62  24703 GPS  -2267808.549  5009436.254  3221030.209
2022  62  24704 GPS  -2267807.561  5009433.844  3221027.801
2022  62  24705 GPS  -2267808.473  5009435.837  3221030.924
2022  62  24706 GPS  -2267809.309  5009438.726  3221034.428
2022  62  24707 GPS  -2267807.336  5009432.779  3221028.433
2022  62  24708 GPS  -2267805.454  5009427.596  3221022.588
2022  62  24709 GPS  -2267804.148  5009424.692  3221019.251
2022  62  24710 GPS  -2267803.559  5009423.782  3221017.719
2022  62  24711 GPS  -2267803.781  5009426.448  3221020.306
2022  62  24712 GPS  -2267804.038  5009429.244  3221022.839
2022  62  24713 GPS  -2267803.319  5009428.693  3221021.955
2022  62  24714 GPS  -2267803.982  5009431.858  3221025.658
2022  62  24715 GPS  -2267804.878  5009433.748  3221027.681
2022  62  24716 GPS  -2267804.940  5009432.757  3221026.778
2022  62  24717 GPS  -2267805.516  5009432.973  3221026.869
2022  62  24718 GPS  -2267805.339  5009432.836  3221026.694
2022  62  24719 GPS  -2267804.828  5009430.714  3221024.495
2022  62  24720 GPS  -2267804.574  5009428.910  3221023.689
2022  62  24721 GPS  -2267804.327  5009427.998  3221023.133
2022  62  24722 GPS  -2267804.515  5009427.809  3221023.317
2022  62  24723 GPS  -2267804.669  5009427.565  3221023.335
2022  62  24724 GPS  -2267804.936  5009428.092  3221024.176
2022  62  24725 GPS  -2267803.689  5009427.484  3221024.184
2022  62  24726 GPS  -2267803.324  5009428.386  3221025.140
2022  62  24727 GPS  -2267802.898  5009429.174  3221025.562
2022  62  24728 GPS  -2267801.487  5009427.930  3221024.442
2022  62  24729 GPS  -2267801.023  5009427.706  3221024.288
2022  62  24730 GPS  -2267800.713  5009428.153  3221024.673
2022  62  24731 GPS  -2267800.337  5009428.304  3221024.908
2022  62  24732 GPS  -2267799.936  5009428.782  3221024.979
2022  62  24733 GPS  -2267799.557  5009429.623  3221025.488
2022  62  24734 GPS  -2267799.006  5009429.744  3221025.620
2022  62  24735 GPS  -2267798.344  5009429.397  3221025.171
2022  62  24736 GPS  -2267798.089  5009430.350  3221025.669
2022  62  24737 GPS  -2267797.944  5009429.801  3221024.839
2022  62  24738 GPS  -2267798.039  5009429.475  3221024.782
2022  62  24739 GPS  -2267797.758  5009429.344  3221025.196
2022  62  24740 GPS  -2267797.328  5009428.996  3221025.112
2022  62  24741 GPS  -2267797.227  5009428.849  3221025.147
2022  62  24742 GPS  -2267797.410  5009428.431  3221024.663
2022  62  24743 GPS  -2267797.223  5009428.770  3221024.627
2022  62  24744 GPS  -2267797.666  5009429.413  3221024.954
2022  62  24745 GPS  -2267797.998  5009428.463  3221024.261
2022  62  24746 GPS  -2267797.739  5009427.956  3221023.578
2022  62  24747 GPS  -2267797.518  5009427.272  3221022.350
2022  62  24748 GPS  -2267797.455  5009426.393  3221021.329
2022  62  24749 GPS  -2267798.370  5009426.864  3221020.797
2022  62  24750 GPS  -2267798.330  5009426.074  3221020.045
2022  62  24751 GPS  -2267798.661  5009426.184  3221020.723
2022  62  24752 GPS  -2267798.896  5009426.647  3221020.671
2022  62  24753 GPS  -2267799.452  5009426.654  3221020.340
2022  62  24754 GPS  -2267799.420  5009426.492  3221019.773
2022  62  24755 GPS  -2267800.413  5009426.949  3221019.629
2022  62  24756 GPS  -2267800.919  5009427.635  3221019.488
2022  62  24757 GPS  -2267801.180  5009427.786  3221018.855
2022  62  24758 GPS  -2267801.131  5009428.106  3221018.255
2022  62  24759 GPS  -2267800.654  5009427.842  3221016.717
2022  62  24760 GPS  -2267799.997  5009427.276  3221015.755
2022  62  24761 GPS  -2267759.597  5009290.984  3220863.123
2022  62  24762 GPS  -2267793.399  5009405.198  3220988.287
2022  62  24763 GPS  -2267799.980  5009428.444  3221013.044
2022  62  24764 GPS  -2267798.605  5009424.875  3221008.661
2022  62  24765 GPS  -2267799.754  5009429.786  3221013.070
2022  62  24766 GPS  -2267800.914  5009434.791  3221017.195
2022  62  24767 GPS  -2267802.011  5009440.133  3221022.311
2022  62  24768 GPS  -2267801.113  5009438.075  3221019.504
2022  62  24769 GPS  -2267802.000  5009442.800  3221023.741
2022  62  24770 GPS  -2267803.691  5009449.067  3221030.120
2022  62  24771 GPS  -2267802.992  5009447.385  3221027.357
2022  62  24772 GPS  -2267801.978  5009445.878  3221025.158
2022  62  24773 GPS  -2267801.248  5009443.580  3221022.466
2022  62  24774 GPS  -2267800.527  5009441.319  3221019.292
2022  62  24775 GPS  -2267800.436  5009441.950  3221020.256
2022  62  24776 GPS  -2267802.838  5009449.314  3221028.879
2022  62  24777 GPS  -2267801.169  5009444.754  3221023.706
2022  62  24778 GPS  -2267800.219  5009442.788  3221021.560
2022  62  24779 GPS  -2267800.842  5009444.695  3221023.801
2022  62  24780 GPS  -2267799.946  5009441.729  3221021.668
2022  62  24781 GPS  -2267799.653  5009440.404  3221021.231
2022  62  24782 GPS  -2267797.211  5009433.879  3221015.075
2022  62  24783 GPS  -2267796.631  5009433.883  3221015.736
2022  62  24784 GPS  -2267796.302  5009434.136  3221016.419
2022  62  24785 GPS  -2267795.746  5009433.381  3221016.868
2022  62  24786 GPS  -2267794.978  5009432.200  3221015.563
2022  62  24787 GPS  -2267793.696  5009428.340  3221011.913
2022  62  24788 GPS  -2267792.543  5009425.896  3221009.674
2022  62  24789 GPS  -2267792.622  5009426.597  3221010.226
2022  62  24790 GPS  -2267792.465  5009426.567  3221009.997
2022  62  24791 GPS  -2267792.652  5009427.261  3221010.372
2022  62  24792 GPS  -2267792.648  5009427.494  3221010.833
2022  62  24793 GPS  -2267792.669  5009427.476  3221010.858
2022  62  24794 GPS  -2267792.868  5009426.582  3221010.766
2022  62  24795 GPS  -2267792.681  5009425.825  3221010.497
2022  62  24796 GPS  -2267792.557  5009425.214  3221010.369
2022  62  24797 GPS  -2267792.383  5009425.371  3221010.621
2022  62  24798 GPS  -2267792.380  5009426.131  3221011.219
2022  62  24799 GPS  -2267791.920  5009425.874  3221010.623
2022  62  24800 GPS  -2267791.645  5009425.072  3221009.931
2022  62  24801 GPS  -2267791.829  5009426.143  3221011.524
2022  62  24802 GPS  -2267791.285  5009425.763  3221010.622
2022  62  24803 GPS  -2267790.525  5009425.641  3221010.488
2022  62  24804 GPS  -2267790.613  5009425.999  3221010.144
2022  62  24805 GPS  -2267790.051  5009425.571  3221008.887
2022  62  24806 GPS  -2267789.728  5009424.618  3221007.736
2022  62  24807 GPS  -2267790.128  5009424.892  3221007.581
2022  62  24808 GPS  -2267789.474  5009424.485  3221007.003
2022  62  24809 GPS  -2267789.097  5009423.663  3221006.185
2022  62  24810 GPS  -2267799.991  5009459.932  3221046.132
2022  62  24811 GPS  -2267788.604  5009423.177  3221005.345
2022  62  24812 GPS  -2267788.430  5009423.212  3221004.998
2022  62  24813 GPS  -2267788.100  5009422.709  3221004.328
2022  62  24814 GPS  -2267787.958  5009422.885  3221003.568
2022  62  24815 GPS  -2267787.494  5009422.852  3221002.613
2022  62  24816 GPS  -2267787.178  5009422.999  3221002.318
2022  62  24817 GPS  -2267787.326  5009424.156  3221002.289
2022  62  24818 GPS  -2267786.967  5009424.525  3221001.381
2022  62  24819 GPS  -2267789.245  5009429.088  3221005.449
2022  62  24820 GPS  -2267789.002  5009428.963  3221004.557
2022  62  24821 GPS  -2267788.777  5009428.748  3221003.674
2022  62  24822 GPS  -2267797.985  5009467.994  3221047.062
2022  62  24823 GPS  -2267793.651  5009451.126  3221028.186
2022  62  24824 GPS  -2267789.188  5009433.071  3221007.703
2022  62  24825 GPS  -2267787.158  5009425.462  3220998.774
2022  62  24826 GPS  -2267786.895  5009425.729  3220998.911
2022  62  24827 GPS  -2267786.523  5009422.191  3220995.536
2022  62  24828 GPS  -2267786.917  5009423.206  3220997.289
2022  62  24829 GPS  -2267786.454  5009420.694  3220994.647
2022  62  24830 GPS  -2267786.536  5009419.543  3220993.535
2022  62  24831 GPS  -2267787.104  5009419.062  3220993.088
2022  62  24832 GPS  -2267788.901  5009424.749  3220999.947
2022  62  24833 GPS  -2267790.076  5009427.097  3221002.728
2022  62  24834 GPS  -2267789.633  5009423.762  3220999.599
2022  62  24835 GPS  -2267789.053  5009419.789  3220995.022
2022  62  24836 GPS  -2267789.171  5009418.487  3220993.270
2022  62  24837 GPS  -2267789.242  5009418.359  3220993.398
2022  62  24838 GPS  -2267789.180  5009416.553  3220990.982
2022  62  24839 GPS  -2267788.891  5009414.459  3220989.616
2022  62  24840 GPS  -2267788.769  5009415.226  3220990.619
2022  62  24841 GPS  -2267788.946  5009415.543  3220990.446
2022  62  24842 GPS  -2267788.565  5009414.693  3220989.609
2022  62  24843 GPS  -2267788.089  5009413.990  3220988.355
2022  62  24844 GPS  -2267788.366  5009415.015  3220989.069
2022  62  24845 GPS  -2267788.453  5009416.388  3220991.158
2022  62  24846 GPS  -2267788.852  5009417.091  3220991.951
2022  62  24847 GPS  -2267788.631  5009416.541  3220991.670
2022  62  24848 GPS  -2267788.785  5009416.502  3220991.738
2022  62  24849 GPS  -2267788.750  5009416.161  3220990.820
2022  62  24850 GPS  -2267788.475  5009415.983  3220990.795
2022  62  24851 GPS  -2267790.471  5009423.794  3220999.642
2022  62  24852 GPS  -2267790.438  5009423.846  3220999.318
2022  62  24853 GPS  -2267790.461  5009424.393  3220999.570
2022  62  24854 GPS  -2267790.340  5009425.075  3220999.559
2022  62  24855 GPS  -2267790.547  5009425.055  3220999.280
2022  62  24856 GPS  -2267790.556  5009424.582  3220998.557
2022  62  24857 GPS  -2267791.182  5009424.605  3220998.015
2022  62  24858 GPS  -2267785.916  5009401.097  3220971.356
2022  62  24859 GPS  -2267787.256  5009405.033  3220975.013
2022  62  24860 GPS  -2267790.020  5009413.739  3220984.833
2022  62  24861 GPS  -2267790.533  5009412.677  3220983.559
2022  62  24862 GPS  -2267792.015  5009415.291  3220986.425
2022  62  24863 GPS  -2267792.416  5009416.143  3220987.321
2022  62  24864 GPS  -2267792.590  5009414.052  3220985.082
2022  62  24865 GPS  -2267793.544  5009414.216  3220985.435
2022  62  24866 GPS  -2267793.981  5009415.303  3220986.768
2022  62  24867 GPS  -2267793.581  5009413.272  3220984.813
2022  62  24868 GPS  -2267794.698  5009413.278  3220985.595
2022  62  24869 GPS  -2267795.330  5009415.097  3220987.982
2022  62  24870 GPS  -2267796.703  5009418.602  3220992.278
2022  62  24871 GPS  -2267797.491  5009417.680  3220991.508
2022  62  24872 GPS  -2267798.725  5009418.643  3220993.447
2022  62  24873 GPS  -2267797.809  5009414.895  3220988.875
2022  62  24874 GPS  -2267798.054  5009413.113  3220987.382
2022  62  24875 GPS  -2267798.804  5009412.186  3220986.894
2022  62  24876 GPS  -2267800.717  5009415.888  3220991.645
2022  62  24877 GPS  -2267802.589  5009419.280  3220996.058
2022  62  24878 GPS  -2267803.366  5009418.565  3220995.564
2022  62  24879 GPS  -2267804.418  5009419.125  3220996.646
2022  62  24880 GPS  -2267804.382  5009417.673  3220995.771
2022  62  24881 GPS  -2267804.950  5009417.783  3220996.081
2022  62  24882 GPS  -2267805.593  5009417.015  3220995.827
2022  62  24883 GPS  -2267805.516  5009415.193  3220994.590
2022  62  24884 GPS  -2267805.411  5009413.685  3220993.375
2022  62  24885 GPS  -2267805.310  5009411.579  3220991.672
2022  62  24886 GPS  -2267805.588  5009410.908  3220991.713
2022  62  24887 GPS  -2267805.486  5009410.488  3220992.290
2022  62  24888 GPS  -2267805.280  5009409.697  3220992.528
2022  62  24889 GPS  -2267805.737  5009410.145  3220994.048
2022  62  24890 GPS  -2267805.798  5009410.095  3220994.493
2022  62  24891 GPS  -2267807.448  5009415.960  3221001.741
2022  62  24892 GPS  -2267807.822  5009416.704  3221002.657
2022  62  24893 GPS  -2267807.848  5009416.509  3221003.331
2022  62  24894 GPS  -2267808.217  5009416.875  3221004.462
2022  62  24895 GPS  -2267808.695  5009416.795  3221004.864
2022  62  24896 GPS  -2267809.001  5009416.554  3221005.506
2022  62  24897 GPS  -2267809.293  5009416.633  3221005.816
2022  62  24898 GPS  -2267809.608  5009417.319  3221006.293
2022  62  24899 GPS  -2267810.077  5009417.748  3221007.117
2022  62  24900 GPS  -2267828.827  5009496.922  3221097.073
2022  62  24901 GPS  -2267815.331  5009441.165  3221033.886
2022  62  24902 GPS  -2267813.393  5009430.848  3221022.437
2022  62  24903 GPS  -2267812.244  5009425.864  3221016.786
2022  62  24904 GPS  -2267812.025  5009425.879  3221016.953
2022  62  24905 GPS  -2267811.605  5009424.350  3221014.781
2022  62  24906 GPS  -2267811.046  5009422.900  3221012.793
2022  62  24907 GPS  -2267810.481  5009420.565  3221009.775
2022  62  24908 GPS  -2267809.659  5009417.259  3221006.911
2022  62  24909 GPS  -2267807.159  5009407.287  3220995.847
2022  62  24910 GPS  -2267807.963  5009410.676  3221000.100
2022  62  24911 GPS  -2267809.258  5009416.290  3221007.169
2022  62  24912 GPS  -2267810.193  5009419.276  3221010.052
2022  62  24913 GPS  -2267809.980  5009418.712  3221009.583
2022  62  24914 GPS  -2267811.117  5009425.233  3221017.257
2022  62  24915 GPS  -2267811.081  5009425.884  3221017.571
2022  62  24916 GPS  -2267810.697  5009424.683  3221016.484
2022  62  24917 GPS  -2267809.860  5009422.087  3221013.506
2022  62  24918 GPS  -2267809.838  5009423.708  3221015.361
2022  62  24919 GPS  -2267810.279  5009426.204  3221018.725
2022  62  24920 GPS  -2267810.835  5009428.400  3221021.596
2022  62  24921 GPS  -2267810.635  5009429.366  3221023.442
2022  62  24922 GPS  -2267810.166  5009428.595  3221023.559
2022  62  24923 GPS  -2267809.303  5009427.321  3221023.449
2022  62  24924 GPS  -2267808.594  5009426.436  3221023.537
2022  62  24925 GPS  -2267807.545  5009424.445  3221022.059
2022  62  24926 GPS  -2267806.670  5009421.874  3221020.214
2022  62  24927 GPS  -2267806.022  5009420.789  3221020.155
2022  62  24928 GPS  -2267805.644  5009420.256  3221020.381
2022  62  24929 GPS  -2267804.848  5009418.772  3221019.499
2022  62  24930 GPS  -2267804.663  5009418.374  3221019.017
2022  62  24931 GPS  -2267804.432  5009417.475  3221018.670
2022  62  24932 GPS  -2267804.058  5009416.410  3221018.330
2022  62  24933 GPS  -2267804.140  5009416.209  3221018.725
2022  62  24934 GPS  -2267804.002  5009416.518  3221019.241
2022  62  24935 GPS  -2267803.263  5009415.776  3221019.363
2022  62  24936 GPS  -2267802.819  5009415.248  3221019.246
2022  62  24937 GPS  -2267802.729  5009415.516  3221019.369
2022  62  24938 GPS  -2267802.655  5009415.892  3221019.538
2022  62  24939 GPS  -2267802.095  5009416.099  3221020.053
2022  62  24940 GPS  -2267802.284  5009416.710  3221020.519
2022  62  24941 GPS  -2267802.266  5009417.083  3221021.274
2022  62  24942 GPS  -2267802.348  5009417.434  3221021.790
2022  62  24943 GPS  -2267802.145  5009417.365  3221021.550
2022  62  24944 GPS  -2267802.462  5009417.729  3221021.866
2022  62  24945 GPS  -2267801.807  5009417.245  3221021.447
2022  62  24946 GPS  -2267802.401  5009417.954  3221021.656
2022  62  24947 GPS  -2267802.562  5009418.359  3221021.682
2022  62  24948 GPS  -2267803.023  5009418.760  3221021.766
2022  62  24949 GPS  -2267802.952  5009418.972  3221021.592
2022  62  24950 GPS  -2267802.962  5009419.494  3221021.439
2022  62  24951 GPS  -2267803.718  5009421.668  3221022.856
2022  62  24952 GPS  -2267803.996  5009421.739  3221022.418
2022  62  24953 GPS  -2267803.977  5009420.921  3221021.707
2022  62  24954 GPS  -2267804.291  5009420.501  3221021.151
2022  62  24955 GPS  -2267804.478  5009421.097  3221021.442
2022  62  24956 GPS  -2267804.342  5009420.518  3221021.217
2022  62  24957 GPS  -2267804.804  5009419.920  3221021.487
2022  62  24958 GPS  -2267805.245  5009419.767  3221021.480
2022  62  24959 GPS  -2267805.296  5009418.895  3221021.194
2022  62  24960 GPS  -2267805.406  5009418.437  3221020.727
2022  62  24961 GPS  -2267805.482  5009418.024  3221020.550
2022  62  24962 GPS  -2267805.616  5009417.320  3221020.030
2022  62  24963 GPS  -2267805.701  5009416.890  3221019.780
2022  62  24964 GPS  -2267805.418  5009415.248  3221018.674
2022  62  24965 GPS  -2267805.157  5009414.006  3221018.119
2022  62  24966 GPS  -2267805.687  5009413.742  3221018.169
2022  62  24967 GPS  -2267806.091  5009412.990  3221018.148
2022  62  24968 GPS  -2267806.031  5009412.255  3221017.491
2022  62  24969 GPS  -2267806.028  5009410.949  3221016.694
2022  62  24970 GPS  -2267806.121  5009410.705  3221016.097
2022  62  24971 GPS  -2267806.481  5009409.605  3221015.600
2022  62  24972 GPS  -2267806.947  5009408.659  3221014.759
2022  62  24973 GPS  -2267807.000  5009408.129  3221013.910
2022  62  24974 GPS  -2267806.727  5009406.656  3221012.686
2022  62  24975 GPS  -2267806.682  5009406.271  3221012.281
2022  62  24976 GPS  -2267806.565  5009404.787  3221011.367
2022  62  24977 GPS  -2267807.041  5009403.905  3221010.344
2022  62  24978 GPS  -2267807.190  5009403.514  3221009.397
2022  62  24979 GPS  -2267807.114  5009402.706  3221008.511
2022  62  24980 GPS  -2267808.983  5009409.638  3221016.599
2022  62  24981 GPS  -2267806.851  5009400.845  3221006.342
2022  62  24982 GPS  -2267807.120  5009400.962  3221005.788
2022  62  24983 GPS  -2267807.056  5009400.606  3221005.396
2022  62  24984 GPS  -2267807.362  5009401.025  3221004.712
2022  62  24985 GPS  -2267807.179  5009401.239  3221004.353
2022  62  24986 GPS  -2267807.431  5009402.016  3221004.160
2022  62  24987 GPS  -2267807.621  5009402.784  3221004.315
2022  62  24988 GPS  -2267808.034  5009403.495  3221004.222
2022  62  24989 GPS  -2267808.041  5009404.296  3221004.463
2022  62  24990 GPS  -2267808.766  5009405.778  3221005.186
2022  62  24991 GPS  -2267834.900  5009512.857  3221127.902
2022  62  24992 GPS  -2267814.312  5009426.781  3221028.329
2022  62  24993 GPS  -2267809.916  5009408.841  3221006.921
2022  62  24994 GPS  -2267811.277  5009414.423  3221013.548
2022  62  24995 GPS  -2267811.906  5009416.260  3221015.002
2022  62  24996 GPS  -2267813.338  5009422.605  3221021.817
2022  62  24997 GPS  -2267813.912  5009425.626  3221026.273
2022  62  24998 GPS  -2267813.553  5009424.565  3221024.914
2022  62  24999 GPS  -2267813.567  5009425.093  3221026.016
2022  62  25000 GPS  -2267815.138  5009430.402  3221032.013
2022  62  25001 GPS  -2267814.117  5009425.918  3221027.274
2022  62  25002 GPS  -2267812.812  5009421.094  3221022.371
2022  62  25003 GPS  -2267811.780  5009415.897  3221016.453
2022  62  25004 GPS  -2267811.763  5009414.457  3221015.130
2022  62  25005 GPS  -2267813.052  5009416.711  3221017.057
2022  62  25006 GPS  -2267812.644  5009413.766  3221014.106
2022  62  25007 GPS  -2267813.420  5009417.457  3221018.746
2022  62  25008 GPS  -2267812.928  5009413.654  3221014.582
2022  62  25009 GPS  -2267812.746  5009411.592  3221012.687
2022  62  25010 GPS  -2267813.477  5009411.286  3221013.031
2022  62  25011 GPS  -2267813.749  5009412.498  3221014.625
2022  62  25012 GPS  -2267813.861  5009411.827  3221013.969
2022  62  25013 GPS  -2267814.649  5009414.303  3221016.620
2022  62  25014 GPS  -2267814.839  5009415.147  3221017.881
2022  62  25015 GPS  -2267815.332  5009416.511  3221018.900
2022  62  25016 GPS  -2267815.589  5009416.306  3221018.246
2022  62  25017 GPS  -2267815.857  5009416.431  3221017.684
2022  62  25018 GPS  -2267816.600  5009416.419  3221016.838
2022  62  25019 GPS  -2267817.537  5009417.956  3221017.430
2022  62  25020 GPS  -2267818.314  5009419.472  3221018.084
2022  62  25021 GPS  -2267818.679  5009419.512  3221017.614
2022  62  25022 GPS  -2267819.403  5009420.337  3221017.710
2022  62  25023 GPS  -2267819.817  5009421.145  3221017.966
2022  62  25024 GPS  -2267820.417  5009421.579  3221017.500
2022  62  25025 GPS  -2267820.745  5009422.117  3221017.124
2022  62  25026 GPS  -2267821.233  5009422.219  3221017.325
2022  62  25027 GPS  -2267821.837  5009422.009  3221017.273
2022  62  25028 GPS  -2267822.262  5009422.643  3221017.346
2022  62  25029 GPS  -2267822.928  5009423.265  3221017.145
2022  62  25030 GPS  -2267823.447  5009423.387  3221016.524
2022  62  25031 GPS  -2267824.128  5009425.925  3221018.988
2022  62  25032 GPS  -2267824.516  5009425.593  3221018.048
2022  62  25033 GPS  -2267824.488  5009424.665  3221016.860
2022  62  25034 GPS  -2267824.498  5009423.879  3221016.023
2022  62  25035 GPS  -2267824.456  5009422.810  3221015.345
2022  62  25036 GPS  -2267824.751  5009421.539  3221014.738
2022  62  25037 GPS  -2267824.497  5009421.123  3221014.171
2022  62  25038 GPS  -2267823.847  5009420.231  3221013.765
2022  62  25039 GPS  -2267823.401  5009418.576  3221013.070
2022  62  25040 GPS  -2267831.997  5009455.841  3221058.049
2022  62  25041 GPS  -2267826.570  5009435.220  3221035.320
2022  62  25042 GPS  -2267821.230  5009416.487  3221015.373
2022  62  25043 GPS  -2267818.724  5009409.287  3221007.905
2022  62  25044 GPS  -2267819.568  5009414.512  3221015.141
2022  62  25045 GPS  -2267816.624  5009408.951  3221009.228
2022  62  25046 GPS  -2267816.035  5009409.335  3221010.681
2022  62  25047 GPS  -2267816.778  5009414.564  3221018.031
2022  62  25048 GPS  -2267815.421  5009412.185  3221016.386
2022  62  25049 GPS  -2267814.353  5009409.600  3221013.933
2022  62  25050 GPS  -2267813.911  5009410.046  3221015.037
2022  62  25051 GPS  -2267813.927  5009410.422  3221015.735
2022  62  25052 GPS  -2267813.466  5009411.355  3221016.457
2022  62  25053 GPS  -2267813.421  5009413.116  3221018.428
2022  62  25054 GPS  -2267813.185  5009412.402  3221017.496
2022  62  25055 GPS  -2267813.308  5009412.532  3221017.737
2022  62  25056 GPS  -2267812.107  5009409.465  3221013.489
2022  62  25057 GPS  -2267811.591  5009407.898  3221011.282
2022  62  25058 GPS  -2267812.305  5009412.623  3221015.662
2022  62  25059 GPS  -2267813.131  5009417.195  3221020.197
2022  62  25060 GPS  -2267812.975  5009417.011  3221019.191
2022  62  25061 GPS  -2267812.343  5009414.257  3221015.993
2022  62  25062 GPS  -2267812.196  5009415.444  3221016.628
2022  62  25063 GPS  -2267812.098  5009416.401  3221017.246
2022  62  25064 GPS  -2267812.170  5009417.103  3221017.935
2022  62  25065 GPS  -2267812.287  5009417.367  3221018.142
2022  62  25066 GPS  -2267812.177  5009417.667  3221018.377
2022  62  25067 GPS  -2267812.985  5009418.330  3221018.987
2022  62  25068 GPS  -2267812.816  5009418.176  3221019.154
2022  62  25069 GPS  -2267813.182  5009418.050  3221019.651
2022  62  25070 GPS  -2267812.237  5009411.744  3221013.052
2022  62  25071 GPS  -2267812.166  5009408.920  3221010.185
2022  62  25072 GPS  -2267814.265  5009413.331  3221015.736
2022  62  25073 GPS  -2267815.103  5009412.245  3221014.488
2022  62  25074 GPS  -2267815.193  5009408.715  3221011.185
2022  62  25075 GPS  -2267816.354  5009409.616  3221012.585
2022  62  25076 GPS  -2267818.600  5009415.153  3221019.640
2022  62  25077 GPS  -2267819.106  5009414.116  3221018.401
2022  62  25078 GPS  -2267819.461  5009411.131  3221015.610
2022  62  25079 GPS  -2267820.896  5009413.304  3221018.651
2022  62  25080 GPS  -2267822.166  5009416.080  3221021.654
2022  62  25081 GPS  -2267821.873  5009412.172  3221017.008
2022  62  25082 GPS  -2267821.867  5009410.902  3221015.879
2022  62  25083 GPS  -2267822.022  5009410.146  3221014.801
2022  62  25084 GPS  -2267822.104  5009409.188  3221013.996
2022  62  25085 GPS  -2267822.756  5009409.430  3221013.113
2022  62  25086 GPS  -2267823.603  5009409.351  3221012.394
2022  62  25087 GPS  -2267823.743  5009409.176  3221011.897
2022  62  25088 GPS  -2267823.527  5009409.494  3221011.713
2022  62  25089 GPS  -2267823.350  5009409.234  3221011.028
2022  62  25090 GPS  -2267848.683  5009512.559  3221131.411
2022  62  25091 GPS  -2267835.503  5009458.471  3221068.082
2022  62  25092 GPS  -2267828.240  5009430.638  3221035.560
2022  62  25093 GPS  -2267824.116  5009414.408  3221017.170
2022  62  25094 GPS  -2267822.922  5009413.186  3221016.311
2022  62  25095 GPS  -2267822.207  5009412.546  3221015.431
2022  62  25096 GPS  -2267821.944  5009414.779  3221018.099
2022  62  25097 GPS  -2267821.757  5009416.187  3221020.915
2022  62  25098 GPS  -2267820.818  5009415.630  3221020.334
2022  62  25099 GPS  -2267820.093  5009415.206  3221020.110
2022  62  25100 GPS  -2267818.730  5009413.573  3221018.098
2022  62  25101 GPS  -2267818.802  5009417.692  3221022.527
2022  62  25102 GPS  -2267816.050  5009410.535  3221014.256
2022  62  25103 GPS  -2267815.013  5009411.761  3221015.313
2022  62  25104 GPS  -2267814.195  5009412.625  3221015.571
2022  62  25105 GPS  -2267814.017  5009415.523  3221018.113
2022  62  25106 GPS  -2267813.392  5009417.472  3221019.985
2022  62  25107 GPS  -2267812.055  5009415.925  3221018.122
2022  62  25108 GPS  -2267811.779  5009417.901  3221019.709
2022  62  25109 GPS  -2267811.029  5009417.977  3221019.383
2022  62  25110 GPS  -2267809.233  5009415.178  3221016.612
2022  62  25111 GPS  -2267807.763  5009415.039  3221016.240
2022  62  25112 GPS  -2267807.044  5009415.413  3221017.244
2022  62  25113 GPS  -2267805.944  5009411.335  3221012.758
2022  62  25114 GPS  -2267805.572  5009412.890  3221014.198
2022  62  25115 GPS  -2267804.778  5009413.156  3221014.264
2022  62  25116 GPS  -2267804.481  5009413.346  3221014.907
2022  62  25117 GPS  -2267804.217  5009413.323  3221015.403
2022  62  25118 GPS  -2267804.117  5009413.472  3221016.118
2022  62  25119 GPS  -2267803.530  5009413.856  3221016.886
2022  62  25120 GPS  -2267802.839  5009413.609  3221016.905
2022  62  25121 GPS  -2267802.408  5009413.180  3221016.970
2022  62  25122 GPS  -2267802.390  5009413.282  3221017.073
2022  62  25123 GPS  -2267802.634  5009413.161  3221016.829
2022  62  25124 GPS  -2267802.672  5009412.663  3221016.888
2022  62  25125 GPS  -2267803.617  5009412.829  3221017.508
2022  62  25126 GPS  -2267804.273  5009413.085  3221017.601
2022  62  25127 GPS  -2267805.035  5009413.957  3221018.248
2022  62  25128 GPS  -2267805.480  5009414.172  3221017.633
2022  62  25129 GPS  -2267806.670  5009414.418  3221017.945
2022  62  25130 GPS  -2267808.016  5009416.013  3221018.382
2022  62  25131 GPS  -2267809.047  5009416.595  3221018.869
2022  62  25132 GPS  -2267810.722  5009417.773  3221019.491
2022  62  25133 GPS  -2267811.627  5009418.666  3221019.938
2022  62  25134 GPS  -2267812.718  5009419.836  3221020.004
2022  62  25135 GPS  -2267814.302  5009420.998  3221020.502
2022  62  25136 GPS  -2267815.499  5009421.431  3221020.872
2022  62  25137 GPS  -2267816.932  5009422.359  3221021.253
2022  62  25138 GPS  -2267817.973  5009423.249  3221021.685
2022  62  25139 GPS  -2267818.823  5009423.595  3221022.241
2022  62  25140 GPS  -2267819.892  5009424.692  3221022.839
2022  62  25141 GPS  -2267820.661  5009425.069  3221023.353
2022  62  25142 GPS  -2267820.202  5009418.591  3221015.417
2022  62  25143 GPS  -2267821.552  5009419.771  3221016.843
2022  62  25144 GPS  -2267822.122  5009419.595  3221016.241
2022  62  25145 GPS  -2267821.414  5009412.769  3221007.401
2022  62  25146 GPS  -2267822.811  5009416.735  3221011.515
2022  62  25147 GPS  -2267824.963  5009424.136  3221019.804
2022  62  25148 GPS  -2267822.755  5009413.394  3221006.653
2022  62  25149 GPS  -2267825.106  5009421.374  3221015.884
2022  62  25150 GPS  -2267826.461  5009426.273  3221022.061
2022  62  25151 GPS  -2267827.801  5009431.613  3221028.573
2022  62  25152 GPS  -2267827.669  5009431.825  3221029.288
2022  62  25153 GPS  -2267827.882  5009432.426  3221030.282
2022  62  25154 GPS  -2267827.642  5009432.731  3221030.717
2022  62  25155 GPS  -2267826.888  5009432.822  3221031.545
2022  62  25156 GPS  -2267826.698  5009433.151  3221031.929
2022  62  25157 GPS  -2267825.947  5009433.775  3221032.754
2022  62  25158 GPS  -2267825.652  5009434.804  3221033.891
2022  62  25159 GPS  -2267824.861  5009434.667  3221034.111
2022  62  25160 GPS  -2267836.230  5009482.938  3221092.003
2022  62  25161 GPS  -2267827.749  5009451.477  3221054.627
2022  62  25162 GPS  -2267827.348  5009452.318  3221055.670
2022  62  25163 GPS  -2267827.363  5009453.409  3221056.672
2022  62  25164 GPS  -2267825.889  5009450.220  3221052.698
2022  62  25165 GPS  -2267824.481  5009446.359  3221047.978
2022  62  25166 GPS  -2267824.600  5009449.947  3221052.654
2022  62  25167 GPS  -2267824.629  5009449.318  3221051.570
2022  62  25168 GPS  -2267823.451  5009445.197  3221046.951
2022  62  25169 GPS  -2267822.010  5009440.942  3221042.546
2022  62  25170 GPS  -2267821.118  5009438.513  3221039.960
2022  62  25171 GPS  -2267821.030  5009440.077  3221041.683
2022  62  25172 GPS  -2267821.356  5009442.284  3221044.014
2022  62  25173 GPS  -2267820.748  5009441.379  3221042.883
2022  62  25174 GPS  -2267819.484  5009437.397  3221038.291
2022  62  25175 GPS  -2267818.841  5009436.119  3221036.585
2022  62  25176 GPS  -2267818.401  5009436.338  3221035.772
2022  62  25177 GPS  -2267819.440  5009440.434  3221039.593
2022  62  25178 GPS  -2267820.152  5009442.900  3221041.632
2022  62  25179 GPS  -2267819.853  5009441.700  3221039.400
2022  62  25180 GPS  -2267819.181  5009439.069  3221035.252
2022  62  25181 GPS  -2267818.760  5009437.597  3221032.819
2022  62  25182 GPS  -2267819.658  5009440.777  3221036.015
2022  62  25183 GPS  -2267819.663  5009440.554  3221034.841
2022  62  25184 GPS  -2267819.903  5009440.628  3221034.110
2022  62  25185 GPS  -2267820.688  5009441.169  3221033.906
2022  62  25186 GPS  -2267821.055  5009440.534  3221033.124
2022  62  25187 GPS  -2267821.041  5009440.045  3221032.513
2022  62  25188 GPS  -2267821.935  5009441.348  3221033.658
2022  62  25189 GPS  -2267822.467  5009441.444  3221033.844
2022  62  25190 GPS  -2267822.793  5009441.884  3221034.434
2022  62  25191 GPS  -2267827.621  5009458.900  3221054.747
2022  62  25192 GPS  -2267828.651  5009459.233  3221054.981
2022  62  25193 GPS  -2267829.229  5009459.290  3221055.211
2022  62  25194 GPS  -2267830.094  5009459.073  3221055.476
2022  62  25195 GPS  -2267830.783  5009459.109  3221054.964
2022  62  25196 GPS  -2267830.998  5009458.267  3221054.621
2022  62  25197 GPS  -2267831.355  5009457.606  3221054.245
2022  62  25198 GPS  -2267831.898  5009457.231  3221053.961
2022  62  25199 GPS  -2267831.794  5009456.620  3221053.639
2022  62  25200 GPS  -2267831.872  5009456.552  3221053.698
2022  62  25201 GPS  -2267831.627  5009456.109  3221053.777
2022  62  25202 GPS  -2267831.338  5009456.052  3221054.021
2022  62  25203 GPS  -2267831.051  5009456.339  3221054.113
2022  62  25204 GPS  -2267830.748  5009456.958  3221054.392
2022  62  25205 GPS  -2267830.170  5009456.948  3221054.142
2022  62  25206 GPS  -2267829.646  5009457.929  3221054.834
2022  62  25207 GPS  -2267828.950  5009458.111  3221054.817
2022  62  25208 GPS  -2267828.248  5009458.546  3221054.893
2022  62  25209 GPS  -2267827.651  5009457.619  3221054.473
2022  62  25210 GPS  -2267826.854  5009457.681  3221054.845
2022  62  25211 GPS  -2267825.812  5009457.774  3221055.442
2022  62  25212 GPS  -2267824.746  5009457.092  3221055.348
2022  62  25213 GPS  -2267823.848  5009456.650  3221055.500
2022  62  25214 GPS  -2267822.669  5009456.371  3221055.701
2022  62  25215 GPS  -2267821.247  5009455.509  3221055.553
2022  62  25216 GPS  -2267820.645  5009454.456  3221055.833
2022  62  25217 GPS  -2267820.557  5009453.773  3221055.920
2022  62  25218 GPS  -2267820.235  5009453.623  3221056.129
2022  62  25219 GPS  -2267820.019  5009453.118  3221055.996
2022  62  25220 GPS  -2267819.617  5009454.227  3221056.946
2022  62  25221 GPS  -2267818.801  5009454.480  3221057.386
2022  62  25222 GPS  -2267816.266  5009446.527  3221047.358
2022  62  25223 GPS  -2267815.857  5009445.388  3221046.303
2022  62  25224 GPS  -2267814.986  5009444.419  3221044.757
2022  62  25225 GPS  -2267817.081  5009453.240  3221054.903
2022  62  25226 GPS  -2267818.248  5009459.028  3221062.041
2022  62  25227 GPS  -2267817.620  5009458.709  3221061.953
2022  62  25228 GPS  -2267813.793  5009447.344  3221049.273
2022  62  25229 GPS  -2267813.946  5009450.895  3221053.912
2022  62  25230 GPS  -2267812.984  5009449.817  3221052.625
2022  62  25231 GPS  -2267813.646  5009453.197  3221056.481
2022  62  25232 GPS  -2267814.331  5009456.511  3221061.755
2022  62  25233 GPS  -2267813.735  5009454.790  3221060.664
2022  62  25234 GPS  -2267810.716  5009442.824  3221046.664
2022  62  25235 GPS  -2267810.811  5009443.567  3221048.288
2022  62  25236 GPS  -2267811.960  5009445.635  3221050.978
2022  62  25237 GPS  -2267811.338  5009441.550  3221046.769
2022  62  25238 GPS  -2267810.592  5009439.626  3221044.831
2022  62  25239 GPS  -2267810.787  5009438.751  3221044.608
2022  62  25240 GPS  -2267812.129  5009442.637  3221048.867
2022  62  25241 GPS  -2267811.351  5009439.780  3221045.627
2022  62  25242 GPS  -2267810.300  5009437.178  3221042.745
2022  62  25243 GPS  -2267809.272  5009434.555  3221040.319
2022  62  25244 GPS  -2267807.995  5009431.238  3221036.938
2022  62  25245 GPS  -2267807.661  5009430.848  3221036.803
2022  62  25246 GPS  -2267806.388  5009427.152  3221033.381
2022  62  25247 GPS  -2267805.859  5009424.219  3221030.414
2022  62  25248 GPS  -2267804.891  5009422.056  3221028.031
2022  62  25249 GPS  -2267803.859  5009420.518  3221026.081
2022  62  25250 GPS  -2267802.975  5009419.321  3221024.591
2022  62  25251 GPS  -2267805.400  5009432.284  3221040.217
2022  62  25252 GPS  -2267804.502  5009430.896  3221038.703
2022  62  25253 GPS  -2267804.459  5009430.069  3221037.952
2022  62  25254 GPS  -2267804.117  5009429.865  3221036.886
2022  62  25255 GPS  -2267804.394  5009430.414  3221036.522
2022  62  25256 GPS  -2267804.324  5009429.470  3221035.548
2022  62  25257 GPS  -2267804.138  5009428.687  3221034.457
2022  62  25258 GPS  -2267804.290  5009428.650  3221033.597
2022  62  25259 GPS  -2267803.946  5009427.966  3221032.468
2022  62  25260 GPS  -2267803.988  5009428.052  3221032.392
2022  62  25261 GPS  -2267801.874  5009419.948  3221022.244
2022  62  25262 GPS  -2267800.421  5009413.829  3221015.265
2022  62  25263 GPS  -2267797.921  5009403.659  3221003.552
2022  62  25264 GPS  -2267796.929  5009399.838  3220999.689
2022  62  25265 GPS  -2267795.600  5009395.763  3220995.437
2022  62  25266 GPS  -2267794.785  5009393.549  3220993.154
2022  62  25267 GPS  -2267795.296  5009395.953  3220996.484
2022  62  25268 GPS  -2267795.532  5009398.576  3220999.391
2022  62  25269 GPS  -2267795.237  5009398.694  3220999.582
2022  62  25270 GPS  -2267796.162  5009403.114  3221004.740
2022  62  25271 GPS  -2267797.844  5009409.084  3221011.175
2022  62  25272 GPS  -2267798.288  5009409.690  3221010.643
2022  62  25273 GPS  -2267799.222  5009414.192  3221014.944
2022  62  25274 GPS  -2267800.498  5009419.648  3221021.005
2022  62  25275 GPS  -2267802.177  5009425.561  3221027.058
2022  62  25276 GPS  -2267802.765  5009428.612  3221030.420
2022  62  25277 GPS  -2267803.096  5009429.835  3221030.872
2022  62  25278 GPS  -2267802.876  5009431.022  3221031.595
2022  62  25279 GPS  -2267802.734  5009431.155  3221031.276
2022  62  25280 GPS  -2267802.999  5009433.516  3221033.450
2022  62  25281 GPS  -2267803.522  5009436.467  3221036.307
2022  62  25282 GPS  -2267803.002  5009436.626  3221036.657
2022  62  25283 GPS  -2267803.144  5009438.111  3221037.706
2022  62  25284 GPS  -2267803.187  5009439.647  3221039.009
2022  62  25285 GPS  -2267803.208  5009441.394  3221040.518
2022  62  25286 GPS  -2267803.591  5009442.901  3221041.423
2022  62  25287 GPS  -2267803.638  5009443.983  3221041.651
2022  62  25288 GPS  -2267802.437  5009444.027  3221041.283
2022  62  25289 GPS  -2267801.264  5009443.585  3221039.947
2022  62  25290 GPS  -2267800.027  5009443.438  3221039.382
2022  62  25291 GPS  -2267798.889  5009441.315  3221036.965
2022  62  25292 GPS  -2267797.546  5009440.444  3221036.795
2022  62  25293 GPS  -2267796.764  5009440.120  3221036.334
2022  62  25294 GPS  -2267796.004  5009439.252  3221035.467
2022  62  25295 GPS  -2267795.143  5009438.228  3221034.595
2022  62  25296 GPS  -2267794.215  5009436.485  3221033.653
2022  62  25297 GPS  -2267792.862  5009434.404  3221032.062
2022  62  25298 GPS  -2267792.146  5009432.981  3221031.253
2022  62  25299 GPS  -2267790.982  5009431.297  3221030.171
2022  62  25300 GPS  -2267786.579  5009415.423  3221011.267
2022  62  25301 GPS  -2267787.042  5009420.696  3221018.550
2022  62  25302 GPS  -2267787.167  5009423.252  3221022.234
2022  62  25303 GPS  -2267786.540  5009423.052  3221022.546
2022  62  25304 GPS  -2267784.840  5009416.921  3221016.273
2022  62  25305 GPS  -2267783.323  5009413.038  3221011.625
2022  62  25306 GPS  -2267782.105  5009409.129  3221007.925
2022  62  25307 GPS  -2267782.094  5009409.176  3221007.891
2022  62  25308 GPS  -2267782.379  5009411.391  3221011.297
2022  62  25309 GPS  -2267781.451  5009408.795  3221008.675
2022  62  25310 GPS  -2267780.855  5009405.421  3221005.176
2022  62  25311 GPS  -2267781.744  5009404.664  3221004.176
2022  62  25312 GPS  -2267782.713  5009403.056  3221003.301
2022  62  25313 GPS  -2267782.065  5009397.249  3220996.916
2022  62  25314 GPS  -2267782.472  5009395.358  3220994.698
2022  62  25315 GPS  -2267783.500  5009394.954  3220993.944
2022  62  25316 GPS  -2267784.586  5009395.326  3220994.374
2022  62  25317 GPS  -2267785.800  5009394.848  3220994.016
2022  62  25318 GPS  -2267788.338  5009400.578  3221000.102
2022  62  25319 GPS  -2267789.275  5009401.789  3221000.364
2022  62  25320 GPS  -2267789.828  5009401.688  3220999.709
2022  62  25321 GPS  -2267790.330  5009401.829  3220998.744
2022  62  25322 GPS  -2267790.641  5009401.426  3220998.021
2022  62  25323 GPS  -2267791.160  5009401.262  3220997.610
2022  62  25324 GPS  -2267790.841  5009400.222  3220996.617
2022  62  25325 GPS  -2267790.912  5009398.398  3220993.693
2022  62  25326 GPS  -2267791.158  5009398.045  3220992.742
2022  62  25327 GPS  -2267791.192  5009398.086  3220992.617
2022  62  25328 GPS  -2267791.315  5009398.590  3220992.421
2022  62  25329 GPS  -2267791.823  5009398.829  3220992.420
2022  62  25330 GPS  -2267792.470  5009398.638  3220991.944
2022  62  25331 GPS  -2267792.038  5009398.139  3220991.458
2022  62  25332 GPS  -2267792.234  5009398.342  3220991.650
2022  62  25333 GPS  -2267792.743  5009397.715  3220991.164
2022  62  25334 GPS  -2267792.877  5009397.627  3220991.856
2022  62  25335 GPS  -2267792.683  5009396.460  3220991.259
2022  62  25336 GPS  -2267792.446  5009395.895  3220991.708
2022  62  25337 GPS  -2267792.057  5009394.759  3220991.217
2022  62  25338 GPS  -2267791.797  5009395.351  3220991.218
2022  62  25339 GPS  -2267791.275  5009395.116  3220991.257
2022  62  25340 GPS  -2267791.246  5009395.718  3220992.197
2022  62  25341 GPS  -2267790.205  5009395.243  3220991.927
2022  62  25342 GPS  -2267789.696  5009395.546  3220992.401
2022  62  25343 GPS  -2267788.488  5009394.280  3220991.579
2022  62  25344 GPS  -2267787.233  5009393.518  3220990.880
2022  62  25345 GPS  -2267785.921  5009393.081  3220991.072
2022  62  25346 GPS  -2267785.260  5009393.034  3220991.244
2022  62  25347 GPS  -2267784.353  5009392.663  3220991.306
2022  62  25348 GPS  -2267783.384  5009392.835  3220991.263
2022  62  25349 GPS  -2267782.696  5009393.093  3220991.282
2022  62  25350 GPS  -2267782.277  5009392.910  3220990.791
2022  62  25351 GPS  -2267783.403  5009399.689  3220999.336
2022  62  25352 GPS  -2267782.945  5009398.329  3220998.500
2022  62  25353 GPS  -2267782.049  5009397.751  3220998.039
2022  62  25354 GPS  -2267781.601  5009396.937  3220997.401
2022  62  25355 GPS  -2267781.320  5009396.575  3220997.144
2022  62  25356 GPS  -2267780.811  5009395.182  3220996.252
2022  62  25357 GPS  -2267780.362  5009393.519  3220995.250
2022  62  25358 GPS  -2267779.935  5009391.728  3220994.266
2022  62  25359 GPS  -2267779.800  5009391.032  3220994.026
2022  62  25360 GPS  -2267777.327  5009382.562  3220984.063
2022  62  25361 GPS  -2267779.255  5009390.132  3220992.824
2022  62  25362 GPS  -2267779.409  5009390.831  3220993.690
2022  62  25363 GPS  -2267778.604  5009386.936  3220988.176
2022  62  25364 GPS  -2267777.284  5009381.618  3220981.405
2022  62  25365 GPS  -2267777.380  5009381.581  3220981.684
2022  62  25366 GPS  -2267775.669  5009373.692  3220971.343
2022  62  25367 GPS  -2267774.653  5009368.300  3220965.057
2022  62  25368 GPS  -2267775.557  5009370.677  3220968.030
2022  62  25369 GPS  -2267775.880  5009370.689  3220967.972
2022  62  25370 GPS  -2267775.075  5009366.028  3220962.383
2022  62  25371 GPS  -2267776.399  5009370.706  3220967.435
2022  62  25372 GPS  -2267774.813  5009364.290  3220959.793
2022  62  25373 GPS  -2267774.274  5009362.353  3220956.788
2022  62  25374 GPS  -2267774.239  5009359.539  3220953.629
2022  62  25375 GPS  -2267775.859  5009359.287  3220953.655
2022  62  25376 GPS  -2267777.040  5009360.588  3220955.090
2022  62  25377 GPS  -2267776.715  5009355.552  3220948.777
2022  62  25378 GPS  -2267778.091  5009357.509  3220951.516
2022  62  25379 GPS  -2267778.552  5009356.223  3220950.225
2022  62  25380 GPS  -2267778.451  5009353.086  3220946.696
2022  62  25381 GPS  -2267779.308  5009353.174  3220947.620
2022  62  25382 GPS  -2267780.377  5009354.062  3220949.111
2022  62  25383 GPS  -2267781.363  5009355.387  3220950.974
2022  62  25384 GPS  -2267782.320  5009355.974  3220952.360
2022  62  25385 GPS  -2267783.190  5009355.672  3220952.643
2022  62  25386 GPS  -2267783.950  5009355.987  3220953.174
2022  62  25387 GPS  -2267784.841  5009357.187  3220955.268
2022  62  25388 GPS  -2267785.522  5009358.338  3220956.817
2022  62  25389 GPS  -2267785.292  5009357.977  3220956.557
2022  62  25390 GPS  -2267784.864  5009357.971  3220956.413
2022  62  25391 GPS  -2267784.788  5009358.264  3220957.156
2022  62  25392 GPS  -2267785.070  5009358.460  3220957.735
2022  62  25393 GPS  -2267785.460  5009359.356  3220958.714
2022  62  25394 GPS  -2267786.096  5009360.646  3220959.726
2022  62  25395 GPS  -2267786.338  5009362.228  3220960.948
2022  62  25396 GPS  -2267786.403  5009362.977  3220961.145
2022  62  25397 GPS  -2267786.099  5009362.695  3220961.528
2022  62  25398 GPS  -2267786.528  5009364.440  3220962.781
2022  62  25399 GPS  -2267787.108  5009365.438  3220964.091
2022  62  25400 GPS  -2267787.379  5009366.274  3220965.215
2022  62  25401 GPS  -2267787.883  5009367.374  3220965.606
2022  62  25402 GPS  -2267787.771  5009367.842  3220966.016
2022  62  25403 GPS  -2267787.419  5009368.686  3220966.808
2022  62  25404 GPS  -2267787.381  5009369.662  3220967.565
2022  62  25405 GPS  -2267787.425  5009369.770  3220968.252
2022  62  25406 GPS  -2267787.692  5009370.255  3220969.189
2022  62  25407 GPS  -2267787.361  5009370.201  3220969.680
2022  62  25408 GPS  -2267787.483  5009370.686  3220970.000
2022  62  25409 GPS  -2267787.833  5009370.395  3220970.128
2022  62  25410 GPS  -2267788.227  5009370.190  3220970.533
2022  62  25411 GPS  -2267794.170  5009390.166  3220995.837
2022  62  25412 GPS  -2267793.840  5009389.400  3220995.674
2022  62  25413 GPS  -2267794.702  5009389.682  3220996.600
2022  62  25414 GPS  -2267794.504  5009388.705  3220996.274
2022  62  25415 GPS  -2267794.076  5009387.643  3220995.842
2022  62  25416 GPS  -2267793.986  5009386.771  3220995.732
2022  62  25417 GPS  -2267777.385  5009320.165  3220913.167
2022  62  25418 GPS  -2267789.482  5009365.708  3220969.640
2022  62  25419 GPS  -2267788.923  5009363.679  3220967.694
2022  62  25420 GPS  -2267790.764  5009371.049  3220977.650
2022  62  25421 GPS  -2267794.488  5009385.799  3220995.537
2022  62  25422 GPS  -2267794.395  5009385.213  3220994.781
2022  62  25423 GPS  -2267794.369  5009384.722  3220993.855
2022  62  25424 GPS  -2267794.519  5009384.615  3220994.041
2022  62  25425 GPS  -2267795.024  5009384.850  3220994.161
2022  62  25426 GPS  -2267795.168  5009383.625  3220993.501
2022  62  25427 GPS  -2267790.532  5009365.869  3220971.427
2022  62  25428 GPS  -2267790.963  5009365.739  3220971.467
2022  62  25429 GPS  -2267790.285  5009363.397  3220968.931
2022  62  25430 GPS  -2267790.982  5009366.087  3220972.386
2022  62  25431 GPS  -2267791.992  5009370.223  3220977.099
2022  62  25432 GPS  -2267791.560  5009370.250  3220977.371
2022  62  25433 GPS  -2267788.931  5009359.954  3220964.115
2022  62  25434 GPS  -2267790.284  5009363.552  3220968.388
2022  62  25435 GPS  -2267790.214  5009363.372  3220967.814
2022  62  25436 GPS  -2267790.215  5009362.736  3220966.480
2022  62  25437 GPS  -2267789.944  5009361.095  3220964.711
2022  62  25438 GPS  -2267790.521  5009363.336  3220967.365
2022  62  25439 GPS  -2267788.513  5009357.854  3220960.887
2022  62  25440 GPS  -2267788.313  5009357.422  3220960.312
2022  62  25441 GPS  -2267788.818  5009357.895  3220960.482
2022  62  25442 GPS  -2267788.847  5009357.721  3220960.648
2022  62  25443 GPS  -2267789.627  5009358.874  3220962.332
2022  62  25444 GPS  -2267790.082  5009359.849  3220963.823
2022  62  25445 GPS  -2267790.877  5009364.615  3220970.383
2022  62  25446 GPS  -2267790.168  5009363.321  3220969.257
2022  62  25447 GPS  -2267790.723  5009367.416  3220974.242
2022  62  25448 GPS  -2267791.549  5009372.734  3220980.425
2022  62  25449 GPS  -2267791.730  5009376.098  3220983.740
2022  62  25450 GPS  -2267791.684  5009378.715  3220985.885
2022  62  25451 GPS  -2267791.398  5009378.333  3220985.459
2022  62  25452 GPS  -2267791.091  5009377.646  3220983.896
2022  62  25453 GPS  -2267791.012  5009378.697  3220985.271
2022  62  25454 GPS  -2267791.111  5009379.412  3220986.013
2022  62  25455 GPS  -2267791.097  5009379.540  3220985.899
2022  62  25456 GPS  -2267791.289  5009379.764  3220985.909
2022  62  25457 GPS  -2267791.562  5009379.798  3220985.980
2022  62  25458 GPS  -2267792.088  5009380.382  3220986.496
2022  62  25459 GPS  -2267792.371  5009381.272  3220987.182
2022  62  25460 GPS  -2267792.650  5009381.552  3220987.333
2022  62  25461 GPS  -2267792.874  5009381.620  3220987.347
2022  62  25462 GPS  -2267792.833  5009381.973  3220987.774
2022  62  25463 GPS  -2267793.263  5009382.756  3220988.637
2022  62  25464 GPS  -2267793.059  5009383.635  3220989.179
2022  62  25465 GPS  -2267793.426  5009385.192  3220990.507
2022  62  25466 GPS  -2267793.025  5009385.749  3220990.641
2022  62  25467 GPS  -2267792.887  5009386.616  3220990.570
2022  62  25468 GPS  -2267792.722  5009387.579  3220990.791
2022  62  25469 GPS  -2267792.946  5009388.308  3220991.241
2022  62  25470 GPS  -2267793.315  5009389.222  3220991.899
2022  62  25471 GPS  -2267793.104  5009390.096  3220992.409
2022  62  25472 GPS  -2267793.068  5009391.051  3220992.643
2022  62  25473 GPS  -2267793.111  5009392.178  3220992.779
2022  62  25474 GPS  -2267793.323  5009393.021  3220993.392
2022  62  25475 GPS  -2267793.252  5009393.833  3220993.558
2022  62  25476 GPS  -2267793.739  5009395.424  3220994.156
2022  62  25477 GPS  -2267794.252  5009396.853  3220994.780
2022  62  25478 GPS  -2267793.953  5009396.372  3220994.541
2022  62  25479 GPS  -2267794.357  5009396.739  3220994.751
2022  62  25480 GPS  -2267794.100  5009395.492  3220993.993
2022  62  25481 GPS  -2267794.397  5009395.178  3220993.905
2022  62  25482 GPS  -2267794.387  5009394.289  3220993.452
2022  62  25483 GPS  -2267794.612  5009393.337  3220992.959
2022  62  25484 GPS  -2267794.481  5009393.073  3220992.738
2022  62  25485 GPS  -2267794.232  5009392.842  3220992.493
2022  62  25486 GPS  -2267794.118  5009393.003  3220992.525
2022  62  25487 GPS  -2267793.631  5009392.362  3220992.204
2022  62  25488 GPS  -2267793.048  5009392.145  3220991.779
2022  62  25489 GPS  -2267792.478  5009391.161  3220991.467
2022  62  25490 GPS  -2267792.146  5009390.153  3220991.118
2022  62  25491 GPS  -2267792.079  5009388.729  3220990.626
2022  62  25492 GPS  -2267791.718  5009387.850  3220989.937
2022  62  25493 GPS  -2267790.997  5009386.947  3220989.533
2022  62  25494 GPS  -2267790.498  5009386.052  3220988.740
2022  62  25495 GPS  -2267789.935  5009385.165  3220987.732
2022  62  25496 GPS  -2267789.379  5009384.441  3220987.159
2022  62  25497 GPS  -2267789.252  5009383.456  3220986.405
2022  62  25498 GPS  -2267788.821  5009382.344  3220985.811
2022  62  25499 GPS  -2267788.813  5009382.530  3220985.769
2022  62  25500 GPS  -2267788.852  5009382.877  3220985.542
2022  62  25501 GPS  -2267788.626  5009382.762  3220985.043
2022  62  25502 GPS  -2267788.370  5009382.650  3220984.767
2022  62  25503 GPS  -2267788.719  5009383.510  3220985.316
2022  62  25504 GPS  -2267788.615  5009384.072  3220985.570
2022  62  25505 GPS  -2267788.664  5009384.780  3220985.616
2022  62  25506 GPS  -2267789.181  5009385.799  3220985.961
2022  62  25507 GPS  -2267789.135  5009385.966  3220986.126
2022  62  25508 GPS  -2267788.893  5009386.443  3220986.245
2022  62  25509 GPS  -2267788.777  5009386.320  3220986.170
2022  62  25510 GPS  -2267788.571  5009386.426  3220986.600
2022  62  25511 GPS  -2267788.770  5009387.074  3220987.018
2022  62  25512 GPS  -2267789.286  5009387.934  3220987.596
2022  62  25513 GPS  -2267789.829  5009389.040  3220988.112
2022  62  25514 GPS  -2267790.364  5009389.717  3220988.631
2022  62  25515 GPS  -2267790.669  5009390.681  3220989.456
2022  62  25516 GPS  -2267790.980  5009390.899  3220989.662
2022  62  25517 GPS  -2267791.655  5009391.284  3220990.118
2022  62  25518 GPS  -2267792.484  5009392.377  3220990.867
2022  62  25519 GPS  -2267793.825  5009393.076  3220991.695
2022  62  25520 GPS  -2267794.732  5009393.858  3220992.568
2022  62  25521 GPS  -2267795.946  5009394.155  3220993.289
2022  62  25522 GPS  -2267796.483  5009394.183  3220993.781
2022  62  25523 GPS  -2267796.812  5009394.513  3220994.048
2022  62  25524 GPS  -2267797.507  5009395.149  3220994.310
2022  62  25525 GPS  -2267798.433  5009395.927  3220994.627
2022  62  25526 GPS  -2267799.056  5009396.027  3220995.043
2022  62  25527 GPS  -2267799.583  5009395.960  3220995.211
2022  62  25528 GPS  -2267799.788  5009395.950  3220995.591
2022  62  25529 GPS  -2267799.824  5009395.612  3220995.636
2022  62  25530 GPS  -2267799.835  5009395.259  3220995.741
2022  62  25531 GPS  -2267800.039  5009395.337  3220996.153
2022  62  25532 GPS  -2267799.687  5009395.263  3220996.031
2022  62  25533 GPS  -2267799.669  5009394.857  3220996.056
2022  62  25534 GPS  -2267799.565  5009394.904  3220996.283
2022  62  25535 GPS  -2267799.850  5009394.767  3220996.589
2022  62  25536 GPS  -2267799.665  5009394.349  3220996.690
2022  62  25537 GPS  -2267799.626  5009394.779  3220997.282
2022  62  25538 GPS  -2267799.543  5009395.313  3220997.789
2022  62  25539 GPS  -2267799.389  5009395.572  3220998.094
2022  62  25540 GPS  -2267798.816  5009395.660  3220998.368
2022  62  25541 GPS  -2267799.202  5009396.324  3220998.871
2022  62  25542 GPS  -2267799.258  5009396.428  3220998.866
2022  62  25543 GPS  -2267798.524  5009396.069  3220998.668
2022  62  25544 GPS  -2267798.073  5009396.051  3220998.627
2022  62  25545 GPS  -2267797.273  5009395.561  3220998.262
2022  62  25546 GPS  -2267797.284  5009395.850  3220998.468
2022  62  25547 GPS  -2267797.685  5009396.059  3220998.464
2022  62  25548 GPS  -2267797.737  5009396.174  3220998.145
2022  62  25549 GPS  -2267797.449  5009395.893  3220997.839
2022  62  25550 GPS  -2267797.336  5009395.576  3220997.908
2022  62  25551 GPS  -2267797.128  5009394.969  3220997.624
2022  62  25552 GPS  -2267797.181  5009394.812  3220997.330
2022  62  25553 GPS  -2267797.539  5009394.603  3220997.145
2022  62  25554 GPS  -2267797.795  5009394.285  3220996.688
2022  62  25555 GPS  -2267798.316  5009394.423  3220996.529
2022  62  25556 GPS  -2267798.645  5009394.804  3220996.168
2022  62  25557 GPS  -2267799.239  5009395.023  3220995.808
2022  62  25558 GPS  -2267799.333  5009394.895  3220995.141
2022  62  25559 GPS  -2267799.735  5009395.184  3220995.058
2022  62  25560 GPS  -2267800.148  5009394.992  3220994.475
2022  62  25561 GPS  -2267801.047  5009395.400  3220994.400
2022  62  25562 GPS  -2267801.809  5009395.955  3220994.529
2022  62  25563 GPS  -2267802.633  5009396.577  3220994.807
2022  62  25564 GPS  -2267803.860  5009396.698  3220995.445
2022  62  25565 GPS  -2267804.768  5009397.072  3220995.724
2022  62  25566 GPS  -2267805.371  5009396.801  3220995.675
2022  62  25567 GPS  -2267806.186  5009396.721  3220995.504
2022  62  25568 GPS  -2267806.614  5009396.535  3220995.331
2022  62  25569 GPS  -2267807.601  5009396.414  3220995.525
2022  62  25570 GPS  -2267808.513  5009396.590  3220995.952
2022  62  25571 GPS  -2267808.812  5009396.563  3220995.502
2022  62  25572 GPS  -2267809.284  5009396.050  3220995.420
2022  62  25573 GPS  -2267809.863  5009396.010  3220995.707
2022  62  25574 GPS  -2267810.213  5009395.676  3220995.852
2022  62  25575 GPS  -2267810.937  5009395.476  3220996.316
2022  62  25576 GPS  -2267811.796  5009395.694  3220996.564
2022  62  25577 GPS  -2267812.301  5009395.323  3220996.816
2022  62  25578 GPS  -2267812.725  5009395.438  3220997.387
2022  62  25579 GPS  -2267812.843  5009395.621  3220997.719
2022  62  25580 GPS  -2267812.662  5009395.406  3220997.995
2022  62  25581 GPS  -2267812.891  5009395.010  3220998.303
2022  62  25582 GPS  -2267813.035  5009395.017  3220998.829
2022  62  25583 GPS  -2267813.718  5009394.953  3220999.226
2022  62  25584 GPS  -2267813.653  5009395.750  3220999.500
2022  62  25585 GPS  -2267813.969  5009395.772  3220999.905
2022  62  25586 GPS  -2267813.944  5009396.199  3221000.197
2022  62  25587 GPS  -2267813.461  5009395.975  3221000.661
2022  62  25588 GPS  -2267813.470  5009396.750  3221001.568
2022  62  25589 GPS  -2267813.238  5009396.336  3221001.955
2022  62  25590 GPS  -2267813.052  5009396.885  3221002.590
2022  62  25591 GPS  -2267813.290  5009396.596  3221003.249
2022  62  25592 GPS  -2267813.451  5009397.224  3221004.176
2022  62  25593 GPS  -2267813.169  5009397.292  3221004.538
2022  62  25594 GPS  -2267813.026  5009397.538  3221004.965
2022  62  25595 GPS  -2267813.659  5009397.576  3221005.896
2022  62  25596 GPS  -2267814.050  5009397.725  3221006.761
2022  62  25597 GPS  -2267814.122  5009398.452  3221007.322
2022  62  25598 GPS  -2267814.256  5009398.241  3221007.790
2022  62  25599 GPS  -2267814.552  5009398.497  3221008.836
2022  62  25600 GPS  -2267815.313  5009398.364  3221009.637
2022  62  25601 GPS  -2267815.495  5009398.259  3221010.224
2022  62  25602 GPS  -2267815.546  5009398.060  3221010.554
2022  62  25603 GPS  -2267816.255  5009398.188  3221011.252
2022  62  25604 GPS  -2267817.115  5009398.802  3221012.315
2022  62  25605 GPS  -2267817.810  5009399.173  3221013.484
2022  62  25606 GPS  -2267818.632  5009399.464  3221013.843
2022  62  25607 GPS  -2267819.156  5009399.474  3221014.495
2022  62  25608 GPS  -2267820.104  5009400.638  3221015.672
2022  62  25609 GPS  -2267820.832  5009401.456  3221016.732
2022  62  25610 GPS  -2267821.877  5009402.703  3221017.698
2022  62  25611 GPS  -2267822.943  5009403.467  3221018.558
2022  62  25612 GPS  -2267823.708  5009403.825  3221019.011
2022  62  25613 GPS  -2267824.293  5009404.375  3221019.579
2022  62  25614 GPS  -2267825.159  5009405.025  3221020.260
2022  62  25615 GPS  -2267826.108  5009406.079  3221021.054
2022  62  25616 GPS  -2267827.261  5009407.389  3221021.832
2022  62  25617 GPS  -2267827.747  5009407.965  3221022.290
2022  62  25618 GPS  -2267828.129  5009408.652  3221022.624
2022  62  25619 GPS  -2267828.425  5009409.005  3221022.831
2022  62  25620 GPS  -2267829.044  5009410.327  3221023.421
2022  62  25621 GPS  -2267829.357  5009410.670  3221023.796
2022  62  25622 GPS  -2267829.372  5009410.305  3221023.906
2022  62  25623 GPS  -2267829.088  5009410.574  3221023.916
2022  62  25624 GPS  -2267828.747  5009411.386  3221023.913
2022  62  25625 GPS  -2267829.180  5009412.812  3221024.411
2022  62  25626 GPS  -2267829.038  5009413.910  3221024.777
2022  62  25627 GPS  -2267828.610  5009414.465  3221024.790
2022  62  25628 GPS  -2267828.360  5009415.133  3221024.566
2022  62  25629 GPS  -2267828.011  5009415.819  3221024.553
2022  62  25630 GPS  -2267827.393  5009416.019  3221024.222
2022  62  25631 GPS  -2267826.665  5009416.588  3221024.124
2022  62  25632 GPS  -2267826.266  5009416.609  3221023.734
2022  62  25633 GPS  -2267825.763  5009416.509  3221023.534
2022  62  25634 GPS  -2267825.472  5009417.337  3221023.394
2022  62  25635 GPS  -2267825.278  5009417.418  3221023.555
2022  62  25636 GPS  -2267825.010  5009417.759  3221023.657
2022  62  25637 GPS  -2267824.729  5009418.038  3221023.828
2022  62  25638 GPS  -2267824.741  5009418.701  3221024.000
2022  62  25639 GPS  -2267825.173  5009418.909  3221024.422
2022  62  25640 GPS  -2267825.778  5009418.967  3221024.674
2022  62  25641 GPS  -2267825.912  5009418.787  3221024.594
2022  62  25642 GPS  -2267825.808  5009418.826  3221024.598
2022  62  25643 GPS  -2267826.177  5009418.698  3221024.612
2022  62  25644 GPS  -2267826.776  5009419.429  3221024.897
2022  62  25645 GPS  -2267827.458  5009419.552  3221024.915
2022  62  25646 GPS  -2267828.172  5009420.442  3221025.437
2022  62  25647 GPS  -2267828.337  5009420.435  3221025.393
2022  62  25648 GPS  -2267828.954  5009421.143  3221025.562
2022  62  25649 GPS  -2267829.568  5009421.687  3221026.075
2022  62  25650 GPS  -2267830.622  5009422.908  3221026.722
2022  62  25651 GPS  -2267831.391  5009423.464  3221027.112
2022  62  25652 GPS  -2267832.254  5009424.379  3221027.582
2022  62  25653 GPS  -2267832.854  5009424.940  3221027.737
2022  62  25654 GPS  -2267833.854  5009425.945  3221028.172
2022  62  25655 GPS  -2267834.588  5009427.235  3221028.803
2022  62  25656 GPS  -2267835.289  5009428.029  3221029.483
2022  62  25657 GPS  -2267836.110  5009429.357  3221030.362
2022  62  25658 GPS  -2267836.344  5009429.982  3221030.868
2022  62  25659 GPS  -2267836.795  5009430.091  3221030.913
2022  62  25660 GPS  -2267837.042  5009430.891  3221031.642
2022  62  25661 GPS  -2267837.301  5009431.258  3221031.746
2022  62  25662 GPS  -2267837.453  5009432.481  3221032.482
2022  62  25663 GPS  -2267837.517  5009432.966  3221032.933
2022  62  25664 GPS  -2267837.225  5009432.746  3221032.987
2022  62  25665 GPS  -2267836.837  5009433.372  3221033.123
2022  62  25666 GPS  -2267836.382  5009433.430  3221033.358
2022  62  25667 GPS  -2267836.132  5009433.279  3221033.591
2022  62  25668 GPS  -2267835.553  5009432.685  3221033.522
2022  62  25669 GPS  -2267835.082  5009432.069  3221033.687
2022  62  25670 GPS  -2267834.457  5009430.780  3221033.492
2022  62  25671 GPS  -2267833.951  5009429.766  3221033.244
2022  62  25672 GPS  -2267833.313  5009429.433  3221033.400
2022  62  25673 GPS  -2267833.335  5009429.555  3221033.943
2022  62  25674 GPS  -2267832.863  5009428.628  3221033.643
2022  62  25675 GPS  -2267832.391  5009428.076  3221033.823
2022  62  25676 GPS  -2267831.808  5009427.472  3221033.833
2022  62  25677 GPS  -2267831.257  5009427.577  3221033.935
2022  62  25678 GPS  -2267830.750  5009426.572  3221033.869
2022  62  25679 GPS  -2267830.867  5009426.539  3221034.020
2022  62  25680 GPS  -2267830.542  5009425.685  3221033.596
2022  62  25681 GPS  -2267830.841  5009425.253  3221033.451
2022  62  25682 GPS  -2267830.956  5009424.791  3221033.303
2022  62  25683 GPS  -2267831.118  5009424.459  3221032.905
2022  62  25684 GPS  -2267830.882  5009424.596  3221032.768
2022  62  25685 GPS  -2267831.103  5009424.694  3221032.300
2022  62  25686 GPS  -2267831.204  5009424.849  3221032.286
2022  62  25687 GPS  -2267831.133  5009425.198  3221032.101
2022  62  25688 GPS  -2267830.961  5009424.986  3221031.645
2022  62  25689 GPS  -2267830.937  5009425.085  3221031.053
2022  62  25690 GPS  -2267830.816  5009425.538  3221030.578
2022  62  25691 GPS  -2267830.966  5009425.485  3221029.945
2022  62  25692 GPS  -2267831.360  5009426.343  3221029.814
2022  62  25693 GPS  -2267831.837  5009427.134  3221029.966
2022  62  25694 GPS  -2267832.442  5009428.253  3221030.083
2022  62  25695 GPS  -2267832.857  5009428.252  3221029.931
2022  62  25696 GPS  -2267833.042  5009427.840  3221029.408
2022  62  25697 GPS  -2267833.411  5009427.610  3221029.060
2022  62  25698 GPS  -2267833.777  5009427.288  3221028.806
2022  62  25699 GPS  -2267833.705  5009426.734  3221027.917
2022  62  25700 GPS  -2267833.921  5009426.974  3221028.096
2022  62  25701 GPS  -2267834.090  5009426.659  3221027.865
2022  62  25702 GPS  -2267834.296  5009426.589  3221027.526
2022  62  25703 GPS  -2267833.653  5009425.609  3221026.670
2022  62  25704 GPS  -2267832.871  5009424.835  3221026.080
2022  62  25705 GPS  -2267832.256  5009424.417  3221025.533
2022  62  25706 GPS  -2267831.586  5009423.458  3221024.861
2022  62  25707 GPS  -2267831.281  5009422.980  3221024.566
2022  62  25708 GPS  -2267830.464  5009421.553  3221023.985
2022  62  25709 GPS  -2267829.934  5009420.557  3221023.508
2022  62  25710 GPS  -2267829.449  5009419.711  3221022.960
2022  62  25711 GPS  -2267828.581  5009418.421  3221022.522
2022  62  25712 GPS  -2267827.582  5009417.010  3221021.753
2022  62  25713 GPS  -2267826.741  5009416.214  3221021.675
2022  62  25714 GPS  -2267826.294  5009415.829  3221021.722
2022  62  25715 GPS  -2267825.584  5009415.203  3221021.417
2022  62  25716 GPS  -2267824.580  5009414.237  3221021.234
2022  62  25717 GPS  -2267823.755  5009413.161  3221020.823
2022  62  25718 GPS  -2267823.158  5009412.679  3221020.632
2022  62  25719 GPS  -2267822.354  5009412.086  3221020.570
2022  62  25720 GPS  -2267821.927  5009411.090  3221020.126
2022  62  25721 GPS  -2267822.128  5009411.033  3221020.076
2022  62  25722 GPS  -2267822.188  5009410.744  3221020.167
2022  62  25723 GPS  -2267822.215  5009410.605  3221020.395
2022  62  25724 GPS  -2267822.224  5009411.009  3221020.711
2022  62  25725 GPS  -2267822.571  5009411.710  3221021.066
2022  62  25726 GPS  -2267822.741  5009412.068  3221021.216
2022  62  25727 GPS  -2267822.404  5009412.486  3221021.528
2022  62  25728 GPS  -2267822.643  5009412.568  3221022.046
2022  62  25729 GPS  -2267823.043  5009413.062  3221022.431
2022  62  25730 GPS  -2267823.492  5009413.577  3221022.669
2022  62  25731 GPS  -2267823.504  5009413.816  3221022.928
2022  62  25732 GPS  -2267823.780  5009414.073  3221022.869
2022  62  25733 GPS  -2267823.990  5009414.569  3221022.846
2022  62  25734 GPS  -2267824.458  5009415.322  3221022.959
2022  62  25735 GPS  -2267825.302  5009416.344  3221023.143
2022  62  25736 GPS  -2267826.149  5009418.113  3221023.408
2022  62  25737 GPS  -2267826.552  5009419.346  3221023.844
2022  62  25738 GPS  -2267827.261  5009420.565  3221023.778
2022  62  25739 GPS  -2267828.098  5009422.253  3221023.971
2022  62  25740 GPS  -2267828.787  5009422.818  3221024.263
2022  62  25741 GPS  -2267829.310  5009423.164  3221024.261
2022  62  25742 GPS  -2267829.857  5009423.422  3221024.273
2022  62  25743 GPS  -2267830.099  5009423.337  3221024.000
2022  62  25744 GPS  -2267830.557  5009423.689  3221023.844
2022  62  25745 GPS  -2267830.999  5009423.635  3221023.833
2022  62  25746 GPS  -2267831.655  5009423.478  3221023.976
2022  62  25747 GPS  -2267832.064  5009423.590  3221023.885
2022  62  25748 GPS  -2267832.570  5009423.636  3221023.997
2022  62  25749 GPS  -2267832.768  5009423.211  3221023.585
2022  62  25750 GPS  -2267833.030  5009422.980  3221023.574
2022  62  25751 GPS  -2267837.287  5009438.420  3221043.048
2022  62  25752 GPS  -2267837.311  5009438.321  3221043.122
2022  62  25753 GPS  -2267837.627  5009438.156  3221043.291
2022  62  25754 GPS  -2267837.523  5009437.779  3221043.017
2022  62  25755 GPS  -2267837.982  5009437.685  3221042.691
2022  62  25756 GPS  -2267838.232  5009437.524  3221042.471
2022  62  25757 GPS  -2267838.439  5009437.246  3221042.256
2022  62  25758 GPS  -2267838.540  5009436.743  3221042.097
2022  62  25759 GPS  -2267825.766  5009387.259  3220976.798
2022  62  25760 GPS  -2267827.297  5009390.844  3220982.002
2022  62  25761 GPS  -2267838.923  5009434.387  3221039.854
2022  62  25762 GPS  -2267838.682  5009433.235  3221039.317
2022  62  25763 GPS  -2267838.475  5009432.144  3221038.418
2022  62  25764 GPS  -2267838.229  5009431.701  3221037.587
2022  62  25765 GPS  -2267838.066  5009430.995  3221036.855
2022  62  25766 GPS  -2267837.898  5009430.117  3221036.221
2022  62  25767 GPS  -2267837.763  5009429.372  3221035.536
2022  62  25768 GPS  -2267837.248  5009429.222  3221035.744
2022  62  25769 GPS  -2267832.287  5009411.193  3221013.251
2022  62  25770 GPS  -2267831.643  5009408.887  3221010.909
2022  62  25771 GPS  -2267833.288  5009415.901  3221021.261
2022  62  25772 GPS  -2267837.506  5009431.094  3221042.183
2022  62  25773 GPS  -2267835.326  5009422.181  3221032.412
2022  62  25774 GPS  -2267833.533  5009414.171  3221023.661
2022  62  25775 GPS  -2267834.130  5009415.193  3221026.370
2022  62  25776 GPS  -2267834.469  5009416.086  3221028.824
2022  62  25777 GPS  -2267834.793  5009416.080  3221029.939
2022  62  25778 GPS  -2267834.738  5009413.265  3221027.000
2022  62  25779 GPS  -2267835.327  5009411.902  3221026.328
2022  62  25780 GPS  -2267836.302  5009414.109  3221030.555
2022  62  25781 GPS  -2267838.469  5009417.839  3221036.441
2022  62  25782 GPS  -2267838.994  5009417.538  3221037.147
2022  62  25783 GPS  -2267840.028  5009417.634  3221038.397
2022  62  25784 GPS  -2267841.506  5009418.179  3221039.383
2022  62  25785 GPS  -2267842.534  5009419.043  3221040.393
2022  62  25786 GPS  -2267843.584  5009419.685  3221041.747
2022  62  25787 GPS  -2267844.459  5009420.389  3221042.691
2022  62  25788 GPS  -2267845.446  5009421.073  3221043.816
2022  62  25789 GPS  -2267846.109  5009421.834  3221045.010
2022  62  25790 GPS  -2267839.905  5009397.744  3221012.980
2022  62  25791 GPS  -2267839.180  5009395.405  3221009.159
2022  62  25792 GPS  -2267841.520  5009405.817  3221023.102
2022  62  25793 GPS  -2267846.706  5009427.528  3221050.766
2022  62  25794 GPS  -2267847.344  5009431.099  3221054.026
2022  62  25795 GPS  -2267846.899  5009428.257  3221049.479
2022  62  25796 GPS  -2267846.045  5009425.853  3221045.204
2022  62  25797 GPS  -2267845.000  5009421.560  3221038.381
2022  62  25798 GPS  -2267845.319  5009422.624  3221039.168
2022  62  25799 GPS  -2267844.564  5009419.188  3221034.677
2022  62  25800 GPS  -2267844.743  5009421.692  3221036.933
2022  62  25801 GPS  -2267848.328  5009437.234  3221056.687
2022  62  25802 GPS  -2267848.058  5009438.298  3221057.470
2022  62  25803 GPS  -2267847.446  5009439.270  3221058.011
2022  62  25804 GPS  -2267847.220  5009440.038  3221058.512
2022  62  25805 GPS  -2267846.411  5009440.245  3221058.400
2022  62  25806 GPS  -2267845.755  5009440.150  3221058.103
2022  62  25807 GPS  -2267845.283  5009440.608  3221058.092
2022  62  25808 GPS  -2267837.319  5009413.380  3221022.003
2022  62  25809 GPS  -2267833.318  5009400.891  3221005.766
2022  62  25810 GPS  -2267833.504  5009405.654  3221011.565
2022  62  25811 GPS  -2267835.333  5009415.055  3221023.969
2022  62  25812 GPS  -2267836.468  5009420.719  3221031.044
2022  62  25813 GPS  -2267834.735  5009415.587  3221024.208
2022  62  25814 GPS  -2267832.810  5009411.219  3221018.811
2022  62  25815 GPS  -2267832.673  5009412.408  3221021.639
2022  62  25816 GPS  -2267832.758  5009415.368  3221026.975
2022  62  25817 GPS  -2267829.085  5009404.282  3221013.209
2022  62  25818 GPS  -2267830.211  5009409.585  3221020.694
2022  62  25819 GPS  -2267830.047  5009411.430  3221025.293
2022  62  25820 GPS  -2267828.786  5009409.355  3221023.583
2022  62  25821 GPS  -2267827.578  5009406.259  3221021.397
2022  62  25822 GPS  -2267826.284  5009404.158  3221020.020
2022  62  25823 GPS  -2267823.778  5009396.373  3221010.709
2022  62  25824 GPS  -2267823.243  5009396.128  3221012.180
2022  62  25825 GPS  -2267823.375  5009398.548  3221016.800
2022  62  25826 GPS  -2267823.762  5009400.361  3221021.013
2022  62  25827 GPS  -2267823.084  5009398.695  3221020.457
2022  62  25828 GPS  -2267821.498  5009394.827  3221016.913
2022  62  25829 GPS  -2267821.708  5009395.492  3221018.467
2022  62  25830 GPS  -2267820.926  5009393.869  3221016.876
2022  62  25831 GPS  -2267820.879  5009393.736  3221017.488
2022  62  25832 GPS  -2267821.053  5009394.944  3221019.537
2022  62  25833 GPS  -2267821.216  5009397.293  3221021.852
2022  62  25834 GPS  -2267821.545  5009398.426  3221023.518
2022  62  25835 GPS  -2267821.799  5009400.587  3221026.355
2022  62  25836 GPS  -2267821.877  5009401.985  3221028.432
2022  62  25837 GPS  -2267822.083  5009403.823  3221029.805
2022  62  25838 GPS  -2267821.849  5009403.788  3221029.954
2022  62  25839 GPS  -2267821.849  5009404.511  3221030.284
2022  62  25840 GPS  -2267821.529  5009404.979  3221030.574
2022  62  25841 GPS  -2267821.667  5009405.848  3221031.763
2022  62  25842 GPS  -2267821.497  5009406.208  3221032.066
2022  62  25843 GPS  -2267821.418  5009406.859  3221032.734
2022  62  25844 GPS  -2267820.888  5009407.096  3221033.683
2022  62  25845 GPS  -2267820.589  5009407.915  3221034.851
2022  62  25846 GPS  -2267819.914  5009407.561  3221035.081
2022  62  25847 GPS  -2267819.913  5009408.133  3221036.347
2022  62  25848 GPS  -2267819.574  5009408.427  3221037.238
2022  62  25849 GPS  -2267819.100  5009408.100  3221037.574
2022  62  25850 GPS  -2267818.324  5009408.378  3221038.068
2022  62  25851 GPS  -2267817.536  5009407.474  3221038.099
2022  62  25852 GPS  -2267817.283  5009407.252  3221038.397
2022  62  25853 GPS  -2267816.633  5009407.192  3221039.180
2022  62  25854 GPS  -2267816.005  5009406.545  3221039.039
2022  62  25855 GPS  -2267815.873  5009405.851  3221039.516
2022  62  25856 GPS  -2267815.512  5009405.435  3221039.864
2022  62  25857 GPS  -2267815.261  5009405.107  3221039.917
2022  62  25858 GPS  -2267814.991  5009404.580  3221040.318
2022  62  25859 GPS  -2267814.954  5009405.084  3221041.038
2022  62  25860 GPS  -2267814.818  5009405.179  3221041.567
2022  62  25861 GPS  -2267814.936  5009405.163  3221041.947
2022  62  25862 GPS  -2267814.532  5009404.535  3221042.119
2022  62  25863 GPS  -2267814.419  5009404.106  3221041.839
2022  62  25864 GPS  -2267813.889  5009403.739  3221041.800
2022  62  25865 GPS  -2267813.919  5009403.886  3221041.935
2022  62  25866 GPS  -2267813.733  5009403.656  3221041.693
2022  62  25867 GPS  -2267813.663  5009403.213  3221041.359
2022  62  25868 GPS  -2267813.646  5009402.357  3221040.827
2022  62  25869 GPS  -2267813.991  5009401.479  3221040.195
2022  62  25870 GPS  -2267814.334  5009401.015  3221040.233
2022  62  25871 GPS  -2267814.516  5009400.043  3221039.814
2022  62  25872 GPS  -2267814.867  5009399.746  3221039.086
2022  62  25873 GPS  -2267814.704  5009398.717  3221038.228
2022  62  25874 GPS  -2267814.711  5009397.368  3221037.156
2022  62  25875 GPS  -2267815.180  5009397.120  3221036.632
2022  62  25876 GPS  -2267814.908  5009396.295  3221035.712
2022  62  25877 GPS  -2267814.639  5009395.641  3221034.449
2022  62  25878 GPS  -2267814.434  5009395.309  3221034.069
2022  62  25879 GPS  -2267814.127  5009394.461  3221033.374
2022  62  25880 GPS  -2267813.768  5009393.940  3221032.442
2022  62  25881 GPS  -2267813.519  5009393.731  3221031.792
2022  62  25882 GPS  -2267813.432  5009393.779  3221031.381
2022  62  25883 GPS  -2267812.425  5009392.989  3221030.615
2022  62  25884 GPS  -2267811.040  5009392.084  3221029.662
2022  62  25885 GPS  -2267810.161  5009391.662  3221029.369
2022  62  25886 GPS  -2267809.126  5009391.123  3221028.755
2022  62  25887 GPS  -2267808.658  5009390.747  3221028.556
2022  62  25888 GPS  -2267807.688  5009390.058  3221027.798
2022  62  25889 GPS  -2267806.603  5009388.674  3221026.800
2022  62  25890 GPS  -2267805.791  5009388.337  3221026.328
2022  62  25891 GPS  -2267805.424  5009388.140  3221026.075
2022  62  25892 GPS  -2267804.569  5009387.139  3221025.697
2022  62  25893 GPS  -2267803.840  5009386.572  3221025.322
2022  62  25894 GPS  -2267803.094  5009385.280  3221024.585
2022  62  25895 GPS  -2267802.207  5009383.903  3221024.373
2022  62  25896 GPS  -2267801.886  5009383.308  3221024.228
2022  62  25897 GPS  -2267801.093  5009382.038  3221024.080
2022  62  25898 GPS  -2267800.379  5009380.664  3221023.925
2022  62  25899 GPS  -2267800.172  5009380.384  3221024.147
2022  62  25900 GPS  -2267799.664  5009379.702  3221024.397
2022  62  25901 GPS  -2267804.076  5009395.866  3221047.348
2022  62  25902 GPS  -2267803.821  5009395.543  3221047.521
2022  62  25903 GPS  -2267803.481  5009394.749  3221047.406
2022  62  25904 GPS  -2267803.183  5009393.822  3221047.420
2022  62  25905 GPS  -2267803.362  5009393.593  3221047.574
2022  62  25906 GPS  -2267803.281  5009393.509  3221047.640
2022  62  25907 GPS  -2267803.542  5009393.630  3221048.038
2022  62  25908 GPS  -2267803.907  5009394.820  3221048.995
2022  62  25909 GPS  -2267802.556  5009388.982  3221040.730
2022  62  25910 GPS  -2267801.230  5009383.985  3221033.153
2022  62  25911 GPS  -2267799.004  5009374.730  3221020.639
2022  62  25912 GPS  -2267798.689  5009373.103  3221018.084
2022  62  25913 GPS  -2267798.783  5009373.471  3221018.706
2022  62  25914 GPS  -2267798.549  5009372.166  3221016.585
2022  62  25915 GPS  -2267797.608  5009366.847  3221009.713
2022  62  25916 GPS  -2267797.368  5009365.377  3221007.812
2022  62  25917 GPS  -2267796.770  5009363.643  3221005.240
2022  62  25918 GPS  -2267796.848  5009363.738  3221006.484
2022  62  25919 GPS  -2267796.911  5009362.299  3221005.350
2022  62  25920 GPS  -2267796.707  5009359.847  3221003.270
2022  62  25921 GPS  -2267796.987  5009360.465  3221005.002
2022  62  25922 GPS  -2267798.136  5009364.061  3221010.896
2022  62  25923 GPS  -2267796.818  5009358.189  3221003.305
2022  62  25924 GPS  -2267796.551  5009357.519  3221002.913
2022  62  25925 GPS  -2267796.548  5009356.537  3221002.770
2022  62  25926 GPS  -2267797.368  5009359.369  3221006.797
2022  62  25927 GPS  -2267797.062  5009357.485  3221005.423
2022  62  25928 GPS  -2267796.110  5009354.240  3221002.011
2022  62  25929 GPS  -2267795.990  5009353.485  3221001.256
2022  62  25930 GPS  -2267795.832  5009353.296  3221000.492
2022  62  25931 GPS  -2267795.509  5009352.057  3220998.557
2022  62  25932 GPS  -2267795.270  5009351.753  3220997.317
2022  62  25933 GPS  -2267795.441  5009352.641  3220996.346
2022  62  25934 GPS  -2267795.219  5009351.906  3220994.633
2022  62  25935 GPS  -2267796.211  5009353.639  3220996.350
2022  62  25936 GPS  -2267796.242  5009353.560  3220995.184
2022  62  25937 GPS  -2267795.977  5009352.344  3220993.665
2022  62  25938 GPS  -2267796.577  5009353.019  3220993.643
2022  62  25939 GPS  -2267796.689  5009352.848  3220992.939
2022  62  25940 GPS  -2267797.332  5009353.349  3220993.048
2022  62  25941 GPS  -2267797.755  5009353.816  3220993.615
2022  62  25942 GPS  -2267797.547  5009353.357  3220993.729
2022  62  25943 GPS  -2267797.427  5009352.998  3220993.765
2022  62  25944 GPS  -2267797.492  5009352.529  3220993.270
2022  62  25945 GPS  -2267797.822  5009351.946  3220993.227
2022  62  25946 GPS  -2267798.025  5009351.944  3220993.183
2022  62  25947 GPS  -2267798.013  5009351.722  3220993.427
2022  62  25948 GPS  -2267797.816  5009351.388  3220993.679
2022  62  25949 GPS  -2267797.331  5009350.032  3220993.000
2022  62  25950 GPS  -2267796.673  5009349.458  3220992.247
2022  62  25951 GPS  -2267795.785  5009349.088  3220992.060
2022  62  25952 GPS  -2267794.959  5009349.076  3220992.222
2022  62  25953 GPS  -2267793.846  5009348.681  3220991.532
2022  62  25954 GPS  -2267793.097  5009348.808  3220991.815
2022  62  25955 GPS  -2267792.437  5009348.971  3220991.749
2022  62  25956 GPS  -2267791.661  5009348.557  3220991.787
2022  62  25957 GPS  -2267790.839  5009348.523  3220991.724
2022  62  25958 GPS  -2267790.053  5009349.335  3220991.849
2022  62  25959 GPS  -2267788.909  5009349.316  3220991.723
2022  62  25960 GPS  -2267788.303  5009350.578  3220992.369
2022  62  25961 GPS  -2267788.054  5009351.055  3220992.906
2022  62  25962 GPS  -2267787.143  5009351.977  3220993.243
2022  62  25963 GPS  -2267786.468  5009352.700  3220994.195
2022  62  25964 GPS  -2267785.950  5009353.608  3220994.903
2022  62  25965 GPS  -2267785.585  5009354.436  3220995.430
2022  62  25966 GPS  -2267785.281  5009355.315  3220996.014
2022  62  25967 GPS  -2267785.557  5009356.242  3220996.762
2022  62  25968 GPS  -2267785.912  5009357.243  3220997.408
2022  62  25969 GPS  -2267785.630  5009358.118  3220997.651
2022  62  25970 GPS  -2267786.107  5009359.514  3220998.742
2022  62  25971 GPS  -2267786.705  5009360.246  3220999.447
2022  62  25972 GPS  -2267786.970  5009361.033  3221000.114
2022  62  25973 GPS  -2267787.281  5009362.107  3221001.113
2022  62  25974 GPS  -2267787.865  5009363.010  3221002.204
2022  62  25975 GPS  -2267787.956  5009363.125  3221002.563
2022  62  25976 GPS  -2267788.728  5009364.055  3221003.413
2022  62  25977 GPS  -2267788.903  5009364.845  3221003.704
2022  62  25978 GPS  -2267789.633  5009365.872  3221004.619
2022  62  25979 GPS  -2267789.900  5009366.997  3221005.176
2022  62  25980 GPS  -2267790.537  5009368.442  3221006.055
2022  62  25981 GPS  -2267790.863  5009369.218  3221006.080
2022  62  25982 GPS  -2267791.461  5009370.889  3221006.544
2022  62  25983 GPS  -2267792.404  5009372.813  3221007.473
2022  62  25984 GPS  -2267792.804  5009374.158  3221008.006
2022  62  25985 GPS  -2267793.209  5009375.345  3221008.882
2022  62  25986 GPS  -2267793.012  5009375.962  3221009.633
2022  62  25987 GPS  -2267792.404  5009376.222  3221009.297
2022  62  25988 GPS  -2267791.758  5009376.452  3221009.318
2022  62  25989 GPS  -2267791.401  5009376.705  3221009.290
2022  62  25990 GPS  -2267790.855  5009376.820  3221009.118
2022  62  25991 GPS  -2267790.728  5009376.566  3221009.020
2022  62  25992 GPS  -2267790.520  5009376.660  3221009.134
2022  62  25993 GPS  -2267790.423  5009375.795  3221008.859
2022  62  25994 GPS  -2267790.639  5009376.213  3221008.873
2022  62  25995 GPS  -2267790.483  5009376.415  3221009.098
2022  62  25996 GPS  -2267790.601  5009375.949  3221009.150
2022  62  25997 GPS  -2267790.790  5009375.421  3221009.191
2022  62  25998 GPS  -2267790.675  5009374.028  3221008.696
2022  62  25999 GPS  -2267791.533  5009374.052  3221008.955
2022  62  26000 GPS  -2267791.579  5009373.356  3221008.591
2022  62  26001 GPS  -2267791.564  5009373.065  3221008.424
2022  62  26002 GPS  -2267791.635  5009372.448  3221008.161
2022  62  26003 GPS  -2267791.879  5009372.112  3221007.908
2022  62  26004 GPS  -2267791.908  5009371.829  3221007.663
2022  62  26005 GPS  -2267792.284  5009371.819  3221008.170
2022  62  26006 GPS  -2267792.317  5009372.005  3221008.594
2022  62  26007 GPS  -2267793.031  5009371.879  3221008.509
2022  62  26008 GPS  -2267794.092  5009372.678  3221008.765
2022  62  26009 GPS  -2267794.981  5009373.221  3221008.639
2022  62  26010 GPS  -2267795.520  5009373.145  3221008.326
2022  62  26011 GPS  -2267796.602  5009373.366  3221008.418
2022  62  26012 GPS  -2267797.464  5009373.554  3221008.440
2022  62  26013 GPS  -2267798.591  5009373.798  3221008.635
2022  62  26014 GPS  -2267799.389  5009374.303  3221008.705
2022  62  26015 GPS  -2267799.988  5009374.400  3221008.715
2022  62  26016 GPS  -2267800.537  5009374.871  3221008.902
2022  62  26017 GPS  -2267800.663  5009375.292  3221009.006
2022  62  26018 GPS  -2267801.531  5009376.361  3221009.951
2022  62  26019 GPS  -2267802.328  5009375.886  3221010.252
2022  62  26020 GPS  -2267803.351  5009376.386  3221010.814
2022  62  26021 GPS  -2267804.199  5009376.884  3221011.115
2022  62  26022 GPS  -2267804.558  5009376.894  3221011.120
2022  62  26023 GPS  -2267805.033  5009377.125  3221011.625
2022  62  26024 GPS  -2267804.797  5009376.626  3221011.654
2022  62  26025 GPS  -2267804.751  5009376.987  3221012.314
2022  62  26026 GPS  -2267804.545  5009377.314  3221012.556
2022  62  26027 GPS  -2267804.637  5009377.536  3221013.258
2022  62  26028 GPS  -2267804.627  5009378.123  3221013.936
2022  62  26029 GPS  -2267804.254  5009378.886  3221014.603
2022  62  26030 GPS  -2267804.945  5009379.673  3221015.773
2022  62  26031 GPS  -2267810.786  5009402.591  3221047.166
2022  62  26032 GPS  -2267811.151  5009403.253  3221047.199
2022  62  26033 GPS  -2267811.213  5009403.548  3221047.315
2022  62  26034 GPS  -2267811.762  5009404.059  3221047.601
2022  62  26035 GPS  -2267811.544  5009404.532  3221047.404
2022  62  26036 GPS  -2267811.524  5009404.823  3221047.314
2022  62  26037 GPS  -2267811.488  5009404.663  3221047.017
2022  62  26038 GPS  -2267810.449  5009399.636  3221040.092
2022  62  26039 GPS  -2267811.223  5009402.096  3221043.969
2022  62  26040 GPS  -2267810.714  5009398.776  3221039.220
2022  62  26041 GPS  -2267808.984  5009391.011  3221027.974
2022  62  26042 GPS  -2267807.745  5009385.200  3221020.159
2022  62  26043 GPS  -2267808.440  5009386.784  3221022.331
2022  62  26044 GPS  -2267809.277  5009388.239  3221024.947
2022  62  26045 GPS  -2267810.254  5009389.029  3221026.604
2022  62  26046 GPS  -2267810.885  5009388.823  3221027.642
2022  62  26047 GPS  -2267811.459  5009388.156  3221027.663
2022  62  26048 GPS  -2267809.883  5009381.784  3221019.000
2022  62  26049 GPS  -2267809.228  5009378.256  3221014.490
2022  62  26050 GPS  -2267809.213  5009377.132  3221014.262
2022  62  26051 GPS  -2267810.362  5009380.478  3221019.675
2022  62  26052 GPS  -2267811.249  5009382.659  3221022.767
2022  62  26053 GPS  -2267811.847  5009384.102  3221024.899
2022  62  26054 GPS  -2267811.469  5009383.850  3221024.343
2022  62  26055 GPS  -2267811.677  5009383.754  3221023.931
2022  62  26056 GPS  -2267811.125  5009382.940  3221022.942
2022  62  26057 GPS  -2267810.653  5009382.065  3221021.490
2022  62  26058 GPS  -2267811.646  5009384.687  3221024.906
2022  62  26059 GPS  -2267811.463  5009385.176  3221025.646
2022  62  26060 GPS  -2267811.777  5009386.145  3221025.561
2022  62  26061 GPS  -2267811.630  5009385.306  3221023.993
2022  62  26062 GPS  -2267811.438  5009385.792  3221023.469
2022  62  26063 GPS  -2267812.089  5009388.277  3221025.017
2022  62  26064 GPS  -2267812.328  5009389.783  3221027.033
2022  62  26065 GPS  -2267812.608  5009390.900  3221028.012
2022  62  26066 GPS  -2267812.891  5009391.140  3221028.031
2022  62  26067 GPS  -2267813.354  5009391.648  3221028.302
2022  62  26068 GPS  -2267813.246  5009391.745  3221028.078
2022  62  26069 GPS  -2267813.532  5009392.790  3221028.906
2022  62  26070 GPS  -2267813.571  5009393.634  3221029.544
2022  62  26071 GPS  -2267813.669  5009394.939  3221030.370
2022  62  26072 GPS  -2267814.201  5009396.631  3221031.512
2022  62  26073 GPS  -2267814.497  5009397.869  3221032.548
2022  62  26074 GPS  -2267815.329  5009398.799  3221033.421
2022  62  26075 GPS  -2267815.892  5009400.308  3221034.543
2022  62  26076 GPS  -2267816.958  5009401.945  3221036.284
2022  62  26077 GPS  -2267817.480  5009402.892  3221037.401
2022  62  26078 GPS  -2267817.888  5009404.035  3221038.357
2022  62  26079 GPS  -2267818.561  5009405.006  3221039.198
2022  62  26080 GPS  -2267818.863  5009406.593  3221039.986
2022  62  26081 GPS  -2267818.512  5009405.086  3221037.092
2022  62  26082 GPS  -2267818.860  5009405.760  3221037.098
2022  62  26083 GPS  -2267819.814  5009407.252  3221037.622
2022  62  26084 GPS  -2267820.544  5009408.369  3221037.787
2022  62  26085 GPS  -2267821.374  5009409.848  3221038.095
2022  62  26086 GPS  -2267822.068  5009410.996  3221038.801
2022  62  26087 GPS  -2267822.847  5009412.206  3221039.003
2022  62  26088 GPS  -2267823.727  5009413.254  3221039.263
2022  62  26089 GPS  -2267845.255  5009492.664  3221149.148
2022  62  26090 GPS  -2267838.000  5009463.634  3221108.357
2022  62  26091 GPS  -2267834.462  5009447.875  3221086.367
2022  62  26092 GPS  -2267830.013  5009430.855  3221062.256
2022  62  26093 GPS  -2267831.439  5009434.933  3221066.952
2022  62  26094 GPS  -2267831.848  5009435.247  3221066.976
2022  62  26095 GPS  -2267832.436  5009436.376  3221068.442
2022  62  26096 GPS  -2267832.978  5009439.047  3221071.960
2022  62  26097 GPS  -2267833.072  5009439.520  3221073.158
2022  62  26098 GPS  -2267833.254  5009439.432  3221072.968
2022  62  26099 GPS  -2267831.166  5009432.886  3221064.260
2022  62  26100 GPS  -2267831.181  5009434.186  3221066.132
2022  62  26101 GPS  -2267830.865  5009433.327  3221065.250
2022  62  26102 GPS  -2267830.183  5009432.101  3221063.789
2022  62  26103 GPS  -2267829.927  5009431.073  3221062.501
2022  62  26104 GPS  -2267829.751  5009430.036  3221061.902
2022  62  26105 GPS  -2267829.572  5009430.979  3221063.985
2022  62  26106 GPS  -2267829.304  5009429.977  3221063.349
2022  62  26107 GPS  -2267829.349  5009429.882  3221062.769
2022  62  26108 GPS  -2267828.470  5009426.420  3221058.388
2022  62  26109 GPS  -2267826.542  5009420.748  3221050.215
2022  62  26110 GPS  -2267825.458  5009417.950  3221045.986
2022  62  26111 GPS  -2267824.356  5009416.030  3221043.337
2022  62  26112 GPS  -2267823.958  5009415.355  3221042.843
2022  62  26113 GPS  -2267823.663  5009415.267  3221042.429
2022  62  26114 GPS  -2267822.780  5009413.442  3221040.360
2022  62  26115 GPS  -2267821.915  5009411.325  3221037.942
2022  62  26116 GPS  -2267821.795  5009410.954  3221037.747
2022  62  26117 GPS  -2267821.651  5009410.637  3221037.138
2022  62  26118 GPS  -2267822.111  5009410.898  3221037.555
2022  62  26119 GPS  -2267822.985  5009411.768  3221038.469
2022  62  26120 GPS  -2267823.912  5009412.521  3221039.057
2022  62  26121 GPS  -2267824.292  5009412.351  3221039.075
2022  62  26122 GPS  -2267825.125  5009413.029  3221039.557
2022  62  26123 GPS  -2267825.791  5009413.269  3221039.296
2022  62  26124 GPS  -2267826.695  5009413.009  3221039.180
2022  62  26125 GPS  -2267827.469  5009413.512  3221039.293
2022  62  26126 GPS  -2267827.867  5009413.299  3221039.576
2022  62  26127 GPS  -2267828.661  5009413.748  3221039.455
2022  62  26128 GPS  -2267829.402  5009413.927  3221039.764
2022  62  26129 GPS  -2267830.251  5009414.122  3221039.759
2022  62  26130 GPS  -2267830.995  5009414.443  3221040.305
2022  62  26131 GPS  -2267831.995  5009415.322  3221041.064
2022  62  26132 GPS  -2267833.021  5009416.054  3221041.616
2022  62  26133 GPS  -2267834.441  5009417.362  3221041.440
2022  62  26134 GPS  -2267835.109  5009417.435  3221041.357
2022  62  26135 GPS  -2267835.940  5009418.381  3221041.930
2022  62  26136 GPS  -2267836.660  5009418.702  3221041.966
2022  62  26137 GPS  -2267837.484  5009419.222  3221042.672
2022  62  26138 GPS  -2267837.951  5009419.285  3221043.152
2022  62  26139 GPS  -2267838.525  5009418.606  3221043.543
2022  62  26140 GPS  -2267838.238  5009417.468  3221043.436
2022  62  26141 GPS  -2267838.597  5009416.860  3221043.586
2022  62  26142 GPS  -2267838.494  5009416.232  3221043.854
2022  62  26143 GPS  -2267838.246  5009414.958  3221043.227
2022  62  26144 GPS  -2267838.132  5009414.411  3221043.102
2022  62  26145 GPS  -2267837.735  5009413.451  3221043.081
2022  62  26146 GPS  -2267837.567  5009412.859  3221043.312
2022  62  26147 GPS  -2267837.324  5009412.959  3221044.165
2022  62  26148 GPS  -2267837.127  5009413.224  3221044.808
2022  62  26149 GPS  -2267836.715  5009412.382  3221045.209
2022  62  26150 GPS  -2267835.869  5009411.721  3221044.996
2022  62  26151 GPS  -2267834.120  5009407.838  3221040.469
2022  62  26152 GPS  -2267833.484  5009408.260  3221041.332
2022  62  26153 GPS  -2267832.995  5009408.170  3221041.867
2022  62  26154 GPS  -2267832.767  5009408.183  3221042.287
2022  62  26155 GPS  -2267832.808  5009409.073  3221043.153
2022  62  26156 GPS  -2267832.535  5009409.307  3221043.155
2022  62  26157 GPS  -2267840.264  5009441.706  3221088.591
2022  62  26158 GPS  -2267835.978  5009427.163  3221067.755
2022  62  26159 GPS  -2267835.427  5009426.988  3221066.720
2022  62  26160 GPS  -2267831.188  5009411.412  3221043.876
2022  62  26161 GPS  -2267830.796  5009411.976  3221043.619
2022  62  26162 GPS  -2267830.862  5009411.462  3221042.612
2022  62  26163 GPS  -2267829.641  5009406.572  3221035.205
2022  62  26164 GPS  -2267829.450  5009406.370  3221034.998
2022  62  26165 GPS  -2267829.302  5009407.259  3221035.984
2022  62  26166 GPS  -2267829.761  5009407.486  3221036.837
2022  62  26167 GPS  -2267829.915  5009408.650  3221038.752
2022  62  26168 GPS  -2267829.929  5009408.094  3221037.334
2022  62  26169 GPS  -2267829.444  5009406.655  3221035.341
2022  62  26170 GPS  -2267830.342  5009410.243  3221041.627
2022  62  26171 GPS  -2267832.761  5009418.474  3221053.599
2022  62  26172 GPS  -2267832.783  5009418.995  3221053.926
2022  62  26173 GPS  -2267832.628  5009419.322  3221054.441
2022  62  26174 GPS  -2267832.605  5009419.616  3221054.398
2022  62  26175 GPS  -2267832.589  5009420.517  3221054.913
2022  62  26176 GPS  -2267832.079  5009420.763  3221054.836
2022  62  26177 GPS  -2267832.045  5009421.401  3221054.564
2022  62  26178 GPS  -2267831.837  5009422.129  3221054.540
2022  62  26179 GPS  -2267831.813  5009422.898  3221054.570
2022  62  26180 GPS  -2267831.923  5009422.809  3221053.962
2022  62  26181 GPS  -2267846.872  5009481.224  3221136.077
2022  62  26182 GPS  -2267836.132  5009439.490  3221076.556
2022  62  26183 GPS  -2267833.079  5009426.487  3221058.927
2022  62  26184 GPS  -2267831.822  5009421.177  3221051.711
2022  62  26185 GPS  -2267830.486  5009414.822  3221043.281
2022  62  26186 GPS  -2267831.066  5009414.504  3221043.457
2022  62  26187 GPS  -2267831.529  5009415.761  3221045.688
2022  62  26188 GPS  -2267830.379  5009412.057  3221040.963
2022  62  26189 GPS  -2267829.410  5009408.317  3221035.868
2022  62  26190 GPS  -2267829.598  5009409.360  3221037.906
2022  62  26191 GPS  -2267831.586  5009415.659  3221047.686
2022  62  26192 GPS  -2267830.618  5009412.995  3221044.180
2022  62  26193 GPS  -2267830.389  5009412.379  3221043.522
2022  62  26194 GPS  -2267831.916  5009418.392  3221052.340
2022  62  26195 GPS  -2267831.883  5009420.845  3221056.115
2022  62  26196 GPS  -2267831.984  5009422.761  3221058.773
2022  62  26197 GPS  -2267830.574  5009420.202  3221055.014
2022  62  26198 GPS  -2267830.749  5009422.147  3221057.878
2022  62  26199 GPS  -2267831.126  5009425.877  3221062.650
2022  62  26200 GPS  -2267830.626  5009426.601  3221063.665
2022  62  26201 GPS  -2267829.551  5009426.935  3221063.713
2022  62  26202 GPS  -2267829.346  5009430.329  3221067.881
2022  62  26203 GPS  -2267827.880  5009429.774  3221066.583
2022  62  26204 GPS  -2267826.537  5009427.977  3221064.543
2022  62  26205 GPS  -2267825.089  5009428.662  3221065.157
2022  62  26206 GPS  -2267823.858  5009428.632  3221064.420
2022  62  26207 GPS  -2267822.391  5009427.294  3221062.799
2022  62  26208 GPS  -2267821.388  5009426.182  3221060.439
2022  62  26209 GPS  -2267820.586  5009425.931  3221059.098
2022  62  26210 GPS  -2267819.360  5009425.571  3221057.903
2022  62  26211 GPS  -2267818.072  5009424.780  3221057.061
2022  62  26212 GPS  -2267817.024  5009424.567  3221056.279
2022  62  26213 GPS  -2267816.011  5009423.714  3221054.524
2022  62  26214 GPS  -2267815.070  5009423.512  3221053.805
2022  62  26215 GPS  -2267814.522  5009423.324  3221053.488
2022  62  26216 GPS  -2267813.966  5009422.800  3221053.017
2022  62  26217 GPS  -2267814.106  5009423.669  3221053.602
2022  62  26218 GPS  -2267813.825  5009423.751  3221053.828
2022  62  26219 GPS  -2267813.414  5009422.676  3221053.007
2022  62  26220 GPS  -2267812.728  5009421.994  3221052.070
2022  62  26221 GPS  -2267813.242  5009421.955  3221051.556
2022  62  26222 GPS  -2267813.726  5009422.232  3221052.055
2022  62  26223 GPS  -2267814.322  5009422.119  3221051.033
2022  62  26224 GPS  -2267814.668  5009421.999  3221050.620
2022  62  26225 GPS  -2267814.905  5009422.200  3221050.770
2022  62  26226 GPS  -2267814.975  5009422.684  3221051.028
2022  62  26227 GPS  -2267815.177  5009422.459  3221050.730
2022  62  26228 GPS  -2267815.116  5009422.425  3221050.426
2022  62  26229 GPS  -2267815.090  5009422.536  3221050.271
2022  62  26230 GPS  -2267814.745  5009422.270  3221049.943
2022  62  26231 GPS  -2267814.700  5009422.088  3221049.578
2022  62  26232 GPS  -2267814.025  5009421.340  3221049.045
2022  62  26233 GPS  -2267813.306  5009420.740  3221048.508
2022  62  26234 GPS  -2267812.668  5009420.216  3221048.085
2022  62  26235 GPS  -2267811.418  5009419.065  3221046.923
2022  62  26236 GPS  -2267810.209  5009417.549  3221046.397
2022  62  26237 GPS  -2267808.767  5009416.645  3221045.939
2022  62  26238 GPS  -2267807.534  5009415.324  3221045.002
2022  62  26239 GPS  -2267806.995  5009414.449  3221044.837
2022  62  26240 GPS  -2267805.562  5009412.904  3221044.251
2022  62  26241 GPS  -2267804.599  5009412.287  3221043.964
2022  62  26242 GPS  -2267803.546  5009411.300  3221043.632
2022  62  26243 GPS  -2267802.546  5009410.072  3221043.034
2022  62  26244 GPS  -2267801.893  5009409.382  3221042.508
2022  62  26245 GPS  -2267801.014  5009407.868  3221041.449
2022  62  26246 GPS  -2267800.388  5009407.445  3221040.888
2022  62  26247 GPS  -2267800.058  5009407.487  3221040.623
2022  62  26248 GPS  -2267799.820  5009407.375  3221040.354
2022  62  26249 GPS  -2267799.237  5009406.620  3221039.520
2022  62  26250 GPS  -2267799.246  5009406.598  3221039.076
2022  62  26251 GPS  -2267799.390  5009407.305  3221038.561
2022  62  26252 GPS  -2267799.730  5009407.845  3221038.334
2022  62  26253 GPS  -2267800.160  5009408.797  3221038.374
2022  62  26254 GPS  -2267800.221  5009408.992  3221038.077
2022  62  26255 GPS  -2267800.463  5009409.266  3221037.457
2022  62  26256 GPS  -2267800.796  5009409.287  3221036.942
2022  62  26257 GPS  -2267800.969  5009409.490  3221036.214
2022  62  26258 GPS  -2267801.901  5009410.016  3221035.840
2022  62  26259 GPS  -2267801.965  5009410.058  3221035.497
2022  62  26260 GPS  -2267802.802  5009410.781  3221035.448
2022  62  26261 GPS  -2267803.917  5009411.175  3221035.265
2022  62  26262 GPS  -2267804.628  5009411.730  3221035.162
2022  62  26263 GPS  -2267805.222  5009411.858  3221035.765
2022  62  26264 GPS  -2267806.080  5009412.408  3221036.079
2022  62  26265 GPS  -2267806.714  5009412.620  3221036.308
2022  62  26266 GPS  -2267807.246  5009412.428  3221035.974
2022  62  26267 GPS  -2267807.895  5009412.129  3221036.286
2022  62  26268 GPS  -2267807.970  5009411.690  3221036.226
2022  62  26269 GPS  -2267807.993  5009411.569  3221036.391
2022  62  26270 GPS  -2267807.764  5009411.094  3221036.690
2022  62  26271 GPS  -2267807.593  5009411.200  3221037.154
2022  62  26272 GPS  -2267806.872  5009410.923  3221037.279
2022  62  26273 GPS  -2267806.420  5009411.288  3221037.422
2022  62  26274 GPS  -2267805.829  5009411.181  3221037.766
2022  62  26275 GPS  -2267805.412  5009411.864  3221038.346
2022  62  26276 GPS  -2267805.245  5009412.507  3221038.629
2022  62  26277 GPS  -2267805.133  5009412.540  3221038.524
2022  62  26278 GPS  -2267804.948  5009412.823  3221038.868
2022  62  26279 GPS  -2267804.303  5009412.798  3221039.126
2022  62  26280 GPS  -2267804.516  5009413.053  3221039.616
2022  62  26281 GPS  -2267804.365  5009413.504  3221040.197
2022  62  26282 GPS  -2267804.034  5009413.914  3221040.533
2022  62  26283 GPS  -2267803.836  5009413.906  3221040.398
2022  62  26284 GPS  -2267803.987  5009413.928  3221040.153
2022  62  26285 GPS  -2267804.269  5009414.171  3221040.246
2022  62  26286 GPS  -2267804.393  5009413.890  3221040.321
2022  62  26287 GPS  -2267804.744  5009413.931  3221040.386
2022  62  26288 GPS  -2267804.675  5009413.928  3221040.318
2022  62  26289 GPS  -2267805.041  5009414.236  3221040.547
2022  62  26290 GPS  -2267804.992  5009413.950  3221040.398
2022  62  26291 GPS  -2267806.926  5009420.689  3221050.374
2022  62  26418 GPS  -2267818.688  5009391.583  3221049.973
2022  62  26419 GPS  -2267818.222  5009389.377  3221046.102
2022  62  26420 GPS  -2267817.762  5009387.387  3221043.139
2022  62  26421 GPS  -2267818.692  5009391.086  3221048.331
2022  62  26422 GPS  -2267819.375  5009393.342  3221050.920
2022  62  26423 GPS  -2267819.578  5009394.373  3221052.415
2022  62  26424 GPS  -2267818.428  5009389.817  3221046.642
2022  62  26425 GPS  -2267819.075  5009391.905  3221049.488
2022  62  26426 GPS  -2267818.234  5009387.525  3221044.010
2022  62  26427 GPS  -2267818.178  5009387.220  3221043.938
2022  62  26428 GPS  -2267817.681  5009386.796  3221043.894
2022  62  26429 GPS  -2267817.313  5009386.201  3221043.502
2022  62  26430 GPS  -2267817.615  5009386.549  3221045.601
2022  62  26431 GPS  -2267816.900  5009384.598  3221043.178
2022  62  26432 GPS  -2267816.470  5009383.106  3221041.454
2022  62  26433 GPS  -2267816.138  5009382.766  3221041.363
2022  62  26434 GPS  -2267815.842  5009381.857  3221040.685
2022  62  26435 GPS  -2267815.715  5009380.858  3221038.822
2022  62  26436 GPS  -2267815.622  5009379.948  3221037.171
2022  62  26437 GPS  -2267815.462  5009379.665  3221036.706
2022  62  26438 GPS  -2267815.306  5009379.308  3221036.888
2022  62  26439 GPS  -2267815.638  5009379.446  3221036.528
2022  62  26440 GPS  -2267815.624  5009379.129  3221036.220
2022  62  26441 GPS  -2267815.727  5009379.249  3221036.170
2022  62  26442 GPS  -2267816.660  5009379.563  3221036.383
2022  62  26443 GPS  -2267817.200  5009379.696  3221035.968
2022  62  26444 GPS  -2267817.512  5009379.592  3221035.384
2022  62  26445 GPS  -2267817.521  5009378.840  3221035.253
2022  62  26446 GPS  -2267818.298  5009378.692  3221035.002
2022  62  26447 GPS  -2267818.659  5009377.951  3221034.860
2022  62  26448 GPS  -2267819.490  5009377.204  3221034.602
2022  62  26449 GPS  -2267820.191  5009376.811  3221034.575
2022  62  26450 GPS  -2267820.515  5009376.569  3221033.672
2022  62  26451 GPS  -2267825.714  5009393.801  3221059.834
2022  62  26452 GPS  -2267825.933  5009393.321  3221059.558
2022  62  26453 GPS  -2267825.882  5009392.764  3221059.063
2022  62  26454 GPS  -2267826.246  5009392.407  3221058.842
2022  62  26455 GPS  -2267826.465  5009392.997  3221058.699
2022  62  26456 GPS  -2267823.882  5009381.620  3221042.351
2022  62  26457 GPS  -2267823.151  5009377.127  3221035.026
2022  62  26458 GPS  -2267821.262  5009367.430  3221020.261
2022  62  26459 GPS  -2267820.883  5009365.317  3221016.147
2022  62  26460 GPS  -2267821.395  5009366.800  3221017.792
2022  62  26461 GPS  -2267828.642  5009395.332  3221059.000
2022  62  26462 GPS  -2267828.630  5009395.694  3221059.191
2022  62  26463 GPS  -2267829.160  5009397.007  3221059.658
2022  62  26464 GPS  -2267829.765  5009398.130  3221060.374
2022  62  26465 GPS  -2267830.453  5009399.213  3221061.411
2022  62  26466 GPS  -2267831.259  5009400.371  3221061.902
2022  62  26467 GPS  -2267828.806  5009390.482  3221045.950
2022  62  26468 GPS  -2267828.087  5009386.906  3221040.418
2022  62  26469 GPS  -2267829.574  5009391.219  3221046.297
2022  62  26470 GPS  -2267830.954  5009395.022  3221051.187
2022  62  26471 GPS  -2267831.400  5009394.656  3221050.916
2022  62  26472 GPS  -2267830.580  5009388.924  3221042.922
2022  62  26473 GPS  -2267830.561  5009387.431  3221041.021
2022  62  26474 GPS  -2267831.376  5009388.703  3221043.558
2022  62  26475 GPS  -2267832.948  5009393.793  3221051.691
2022  62  26476 GPS  -2267834.048  5009395.711  3221054.655
2022  62  26477 GPS  -2267834.590  5009394.635  3221053.010
2022  62  26478 GPS  -2267835.644  5009396.578  3221056.454
2022  62  26479 GPS  -2267833.153  5009384.739  3221039.021
2022  62  26480 GPS  -2267833.119  5009382.943  3221035.625
2022  62  26481 GPS  -2267834.428  5009385.705  3221040.319
2022  62  26482 GPS  -2267834.396  5009383.255  3221036.462
2022  62  26483 GPS  -2267834.156  5009379.964  3221030.673
2022  62  26484 GPS  -2267836.446  5009387.895  3221042.384
2022  62  26485 GPS  -2267835.976  5009385.616  3221039.522
2022  62  26486 GPS  -2267836.993  5009388.120  3221042.878
2022  62  26487 GPS  -2267838.373  5009390.786  3221046.983
2022  62  26488 GPS  -2267839.026  5009390.961  3221047.122
2022  62  26489 GPS  -2267839.242  5009391.048  3221047.802
2022  62  26490 GPS  -2267839.814  5009393.900  3221052.727
2022  62  26491 GPS  -2267839.972  5009394.738  3221055.312
2022  62  26492 GPS  -2267839.368  5009393.972  3221054.286
2022  62  26493 GPS  -2267838.690  5009391.738  3221051.614
2022  62  26494 GPS  -2267837.774  5009390.308  3221050.658
2022  62  26495 GPS  -2267836.693  5009387.516  3221048.040
2022  62  26496 GPS  -2267836.161  5009385.670  3221046.365
2022  62  26497 GPS  -2267835.291  5009383.675  3221044.898
2022  62  26498 GPS  -2267834.676  5009382.430  3221044.462
2022  62  26499 GPS  -2267834.563  5009381.246  3221043.977
2022  62  26500 GPS  -2267834.066  5009379.647  3221043.162
2022  62  26501 GPS  -2267833.821  5009377.353  3221041.461
2022  62  26502 GPS  -2267833.933  5009376.813  3221041.587
2022  62  26503 GPS  -2267833.763  5009375.430  3221040.480
2022  62  26504 GPS  -2267833.452  5009374.833  3221040.245
2022  62  26505 GPS  -2267833.094  5009373.708  3221039.446
2022  62  26506 GPS  -2267833.019  5009372.931  3221039.288
2022  62  26507 GPS  -2267832.948  5009371.835  3221039.060
2022  62  26508 GPS  -2267833.046  5009371.798  3221039.011
2022  62  26509 GPS  -2267832.708  5009371.203  3221038.642
2022  62  26510 GPS  -2267832.128  5009369.987  3221037.928
2022  62  26511 GPS  -2267831.919  5009369.012  3221037.631
2022  62  26512 GPS  -2267832.113  5009368.758  3221036.835
2022  62  26513 GPS  -2267832.181  5009368.734  3221036.834
2022  62  26514 GPS  -2267831.778  5009368.843  3221036.910
2022  62  26515 GPS  -2267831.478  5009368.868  3221036.947
2022  62  26516 GPS  -2267831.684  5009370.070  3221037.214
2022  62  26517 GPS  -2267831.245  5009369.635  3221036.199
2022  62  26518 GPS  -2267831.117  5009369.845  3221035.516
2022  62  26519 GPS  -2267830.877  5009370.578  3221035.795
2022  62  26520 GPS  -2267830.157  5009370.131  3221034.807
2022  62  26521 GPS  -2267829.469  5009370.002  3221034.580
2022  62  26522 GPS  -2267828.874  5009369.664  3221033.534
2022  62  26523 GPS  -2267828.175  5009370.104  3221033.750
2022  62  26524 GPS  -2267827.299  5009369.870  3221033.245
2022  62  26525 GPS  -2267826.037  5009368.782  3221032.405
2022  62  26526 GPS  -2267825.375  5009368.730  3221032.172
2022  62  26527 GPS  -2267824.308  5009367.483  3221030.814
2022  62  26528 GPS  -2267823.908  5009367.306  3221030.526
2022  62  26529 GPS  -2267823.411  5009366.026  3221029.496
2022  62  26530 GPS  -2267822.989  5009365.305  3221028.906
2022  62  26531 GPS  -2267822.571  5009364.528  3221027.794
2022  62  26532 GPS  -2267822.289  5009363.646  3221027.394
2022  62  26533 GPS  -2267821.736  5009362.331  3221026.461
2022  62  26534 GPS  -2267821.993  5009361.694  3221026.440
2022  62  26535 GPS  -2267822.557  5009361.056  3221025.903
2022  62  26536 GPS  -2267822.652  5009360.360  3221025.270
2022  62  26537 GPS  -2267822.834  5009359.602  3221024.789
2022  62  26538 GPS  -2267823.108  5009359.142  3221024.137
2022  62  26539 GPS  -2267823.447  5009358.769  3221023.310
2022  62  26540 GPS  -2267823.655  5009358.731  3221022.807
2022  62  26541 GPS  -2267824.153  5009358.096  3221022.056
2022  62  26542 GPS  -2267824.151  5009357.806  3221021.493
2022  62  26543 GPS  -2267824.764  5009358.353  3221021.559
2022  62  26544 GPS  -2267825.077  5009357.804  3221020.559
2022  62  26545 GPS  -2267825.240  5009357.412  3221019.910
2022  62  26546 GPS  -2267825.566  5009357.246  3221019.233
2022  62  26547 GPS  -2267826.382  5009357.872  3221019.258
2022  62  26548 GPS  -2267827.128  5009358.055  3221019.230
2022  62  26549 GPS  -2267827.333  5009358.102  3221018.260
2022  62  26550 GPS  -2267827.168  5009357.076  3221017.729
2022  62  26551 GPS  -2267827.319  5009356.429  3221017.129
2022  62  26552 GPS  -2267827.385  5009356.021  3221016.938
2022  62  26553 GPS  -2267827.543  5009356.063  3221017.369
2022  62  26554 GPS  -2267827.778  5009356.388  3221017.469
2022  62  26555 GPS  -2267827.990  5009355.942  3221017.130
2022  62  26556 GPS  -2267828.005  5009356.170  3221017.198
2022  62  26557 GPS  -2267828.381  5009356.796  3221017.279
2022  62  26558 GPS  -2267828.357  5009356.387  3221017.252
2022  62  26559 GPS  -2267828.017  5009355.968  3221016.796
2022  62  26560 GPS  -2267828.175  5009356.513  3221017.120
2022  62  26561 GPS  -2267828.049  5009356.894  3221017.457
2022  62  26562 GPS  -2267828.335  5009358.217  3221018.652
2022  62  26563 GPS  -2267828.356  5009357.812  3221018.288
2022  62  26564 GPS  -2267827.702  5009357.497  3221017.858
2022  62  26565 GPS  -2267827.463  5009357.879  3221017.941
2022  62  26566 GPS  -2267827.643  5009358.690  3221018.619
2022  62  26567 GPS  -2267827.689  5009359.363  3221018.715
2022  62  26568 GPS  -2267827.434  5009358.774  3221018.419
2022  62  26569 GPS  -2267827.665  5009359.112  3221018.482
2022  62  26570 GPS  -2267828.093  5009360.362  3221018.780
2022  62  26571 GPS  -2267827.143  5009360.701  3221018.754
2022  62  26572 GPS  -2267827.081  5009361.552  3221018.957
2022  62  26573 GPS  -2267826.686  5009361.899  3221019.049
2022  62  26574 GPS  -2267826.683  5009361.919  3221019.165
2022  62  26575 GPS  -2267826.424  5009361.438  3221019.042
2022  62  26576 GPS  -2267825.737  5009361.185  3221019.168
2022  62  26577 GPS  -2267825.230  5009361.614  3221019.130
2022  62  26578 GPS  -2267824.592  5009361.557  3221018.933
2022  62  26579 GPS  -2267823.730  5009361.226  3221018.550
2022  62  26580 GPS  -2267823.066  5009361.566  3221018.599
2022  62  26581 GPS  -2267821.889  5009360.821  3221018.056
2022  62  26582 GPS  -2267821.309  5009361.058  3221018.294
2022  62  26583 GPS  -2267820.715  5009360.430  3221018.204
2022  62  26584 GPS  -2267820.251  5009360.197  3221018.287
2022  62  26585 GPS  -2267819.190  5009359.587  3221017.901
2022  62  26586 GPS  -2267818.393  5009359.242  3221017.335
2022  62  26587 GPS  -2267817.604  5009358.647  3221016.698
2022  62  26588 GPS  -2267816.730  5009358.258  3221016.172
2022  62  26589 GPS  -2267815.824  5009357.134  3221015.599
2022  62  26590 GPS  -2267815.771  5009356.561  3221015.433
2022  62  26591 GPS  -2267815.427  5009356.163  3221014.751
2022  62  26592 GPS  -2267815.508  5009355.827  3221014.196
2022  62  26593 GPS  -2267815.147  5009355.599  3221013.852
2022  62  26594 GPS  -2267815.109  5009355.040  3221013.759
2022  62  26595 GPS  -2267814.855  5009354.086  3221013.290
2022  62  26596 GPS  -2267815.387  5009354.548  3221013.141
2022  62  26597 GPS  -2267816.138  5009354.632  3221012.972
2022  62  26598 GPS  -2267816.715  5009354.947  3221012.934
2022  62  26599 GPS  -2267817.181  5009355.247  3221012.573
2022  62  26600 GPS  -2267817.633  5009355.551  3221012.361
2022  62  26601 GPS  -2267818.576  5009355.920  3221012.032
2022  62  26602 GPS  -2267818.913  5009356.022  3221011.811
2022  62  26603 GPS  -2267819.605  5009356.741  3221012.025
2022  62  26604 GPS  -2267819.224  5009357.224  3221011.993
2022  62  26605 GPS  -2267819.710  5009357.546  3221012.214
2022  62  26606 GPS  -2267819.719  5009358.127  3221012.080
2022  62  26607 GPS  -2267819.478  5009357.460  3221011.618
2022  62  26608 GPS  -2267820.018  5009357.740  3221011.895
2022  62  26609 GPS  -2267819.850  5009358.052  3221012.080
2022  62  26610 GPS  -2267819.571  5009358.493  3221012.384
2022  62  26611 GPS  -2267819.262  5009358.507  3221012.231
2022  62  26612 GPS  -2267818.876  5009358.267  3221011.818
2022  62  26613 GPS  -2267819.245  5009358.673  3221012.453
2022  62  26614 GPS  -2267818.716  5009357.986  3221012.159
2022  62  26615 GPS  -2267818.707  5009358.112  3221011.957
2022  62  26616 GPS  -2267818.710  5009357.814  3221011.859
2022  62  26617 GPS  -2267818.220  5009357.303  3221011.951
2022  62  26618 GPS  -2267817.954  5009356.942  3221012.130
2022  62  26619 GPS  -2267818.000  5009357.481  3221012.431
2022  62  26620 GPS  -2267817.787  5009358.194  3221012.710
2022  62  26621 GPS  -2267817.581  5009358.326  3221013.099
2022  62  26622 GPS  -2267817.436  5009358.515  3221013.217
2022  62  26623 GPS  -2267817.657  5009359.597  3221014.052
2022  62  26624 GPS  -2267817.609  5009360.162  3221014.555
2022  62  26625 GPS  -2267817.528  5009360.523  3221014.869
2022  62  26626 GPS  -2267817.037  5009360.719  3221014.854
2022  62  26627 GPS  -2267816.574  5009361.595  3221015.158
2022  62  26628 GPS  -2267815.982  5009361.986  3221015.264
2022  62  26629 GPS  -2267815.437  5009363.144  3221015.531
2022  62  26630 GPS  -2267815.133  5009364.030  3221015.662
2022  62  26631 GPS  -2267815.527  5009365.283  3221016.740
2022  62  26632 GPS  -2267814.994  5009365.245  3221016.791
2022  62  26633 GPS  -2267814.730  5009365.446  3221016.831
2022  62  26634 GPS  -2267814.360  5009365.408  3221016.913
2022  62  26635 GPS  -2267813.938  5009365.370  3221017.291
2022  62  26636 GPS  -2267813.544  5009365.682  3221017.934
2022  62  26637 GPS  -2267812.979  5009365.046  3221018.343
2022  62  26638 GPS  -2267812.573  5009365.069  3221018.891
2022  62  26639 GPS  -2267812.246  5009365.143  3221019.506
2022  62  26640 GPS  -2267811.973  5009364.204  3221019.565
2022  62  26641 GPS  -2267812.091  5009364.296  3221020.532
2022  62  26642 GPS  -2267812.113  5009364.259  3221020.771
2022  62  26643 GPS  -2267812.088  5009364.161  3221020.932
2022  62  26644 GPS  -2267811.713  5009363.578  3221020.811
2022  62  26645 GPS  -2267811.478  5009363.150  3221020.429
2022  62  26646 GPS  -2267811.333  5009363.218  3221020.443
2022  62  26647 GPS  -2267811.639  5009363.868  3221021.374
2022  62  26648 GPS  -2267811.316  5009363.964  3221021.404
2022  62  26649 GPS  -2267811.152  5009364.660  3221021.401
2022  62  26650 GPS  -2267811.123  5009364.851  3221021.030
2022  62  26651 GPS  -2267811.226  5009365.341  3221021.178
2022  62  26652 GPS  -2267811.118  5009365.720  3221021.049
2022  62  26653 GPS  -2267811.289  5009366.387  3221021.492
2022  62  26654 GPS  -2267811.447  5009367.090  3221021.575
2022  62  26655 GPS  -2267811.609  5009367.347  3221021.311
2022  62  26656 GPS  -2267811.804  5009367.676  3221021.132
2022  62  26657 GPS  -2267812.426  5009368.320  3221021.419
2022  62  26658 GPS  -2267812.967  5009369.393  3221021.935
2022  62  26659 GPS  -2267813.249  5009369.409  3221021.953
2022  62  26660 GPS  -2267814.003  5009369.771  3221022.304
2022  62  26661 GPS  -2267813.952  5009369.334  3221021.823
2022  62  26662 GPS  -2267814.359  5009369.626  3221022.494
2022  62  26663 GPS  -2267814.311  5009368.951  3221022.426
2022  62  26664 GPS  -2267814.196  5009368.287  3221021.800
2022  62  26665 GPS  -2267814.920  5009368.294  3221021.848
2022  62  26666 GPS  -2267815.450  5009368.765  3221022.168
2022  62  26667 GPS  -2267815.616  5009368.901  3221022.159
2022  62  26668 GPS  -2267815.387  5009368.081  3221021.353
2022  62  26669 GPS  -2267815.219  5009367.502  3221020.621
2022  62  26670 GPS  -2267814.883  5009367.244  3221019.589
2022  62  26671 GPS  -2267815.021  5009367.441  3221019.688
2022  62  26672 GPS  -2267815.021  5009368.151  3221019.876
2022  62  26673 GPS  -2267815.031  5009368.250  3221019.494
2022  62  26674 GPS  -2267814.863  5009368.981  3221020.043
2022  62  26675 GPS  -2267815.273  5009369.711  3221020.299
2022  62  26676 GPS  -2267815.167  5009370.203  3221020.188
2022  62  26677 GPS  -2267815.323  5009371.112  3221020.057
2022  62  26678 GPS  -2267815.614  5009372.316  3221020.134
2022  62  26679 GPS  -2267815.670  5009372.794  3221019.677
2022  62  26680 GPS  -2267816.207  5009372.865  3221019.406
2022  62  26681 GPS  -2267816.539  5009373.129  3221019.518
2022  62  26682 GPS  -2267816.533  5009372.599  3221019.376
2022  62  26683 GPS  -2267817.340  5009373.121  3221019.636
2022  62  26684 GPS  -2267818.041  5009372.695  3221019.501
2022  62  26685 GPS  -2267818.543  5009372.939  3221019.739
2022  62  26686 GPS  -2267819.278  5009373.399  3221019.960
2022  62  26687 GPS  -2267819.509  5009373.412  3221019.772
2022  62  26688 GPS  -2267820.035  5009373.718  3221019.741
2022  62  26689 GPS  -2267820.173  5009373.046  3221019.529
2022  62  26690 GPS  -2267820.904  5009373.504  3221019.427
2022  62  26691 GPS  -2267821.715  5009373.073  3221019.357
2022  62  26692 GPS  -2267821.948  5009372.159  3221019.119
2022  62  26693 GPS  -2267821.919  5009371.948  3221018.967
2022  62  26694 GPS  -2267822.169  5009371.892  3221018.961
2022  62  26695 GPS  -2267822.517  5009371.609  3221018.925
2022  62  26696 GPS  -2267822.935  5009372.389  3221019.234
2022  62  26697 GPS  -2267823.635  5009372.782  3221019.990
2022  62  26698 GPS  -2267824.069  5009373.195  3221020.588
2022  62  26699 GPS  -2267823.980  5009373.181  3221020.649
2022  62  26700 GPS  -2267824.051  5009373.326  3221021.016
2022  62  26701 GPS  -2267824.287  5009372.985  3221021.596
2022  62  26702 GPS  -2267824.042  5009372.503  3221021.992
2022  62  26703 GPS  -2267823.891  5009371.606  3221021.995
2022  62  26704 GPS  -2267824.058  5009371.159  3221022.302
2022  62  26705 GPS  -2267823.788  5009370.263  3221022.966
2022  62  26706 GPS  -2267822.968  5009368.490  3221022.496
2022  62  26707 GPS  -2267822.312  5009367.415  3221022.604
2022  62  26708 GPS  -2267821.826  5009366.572  3221022.498
2022  62  26709 GPS  -2267822.005  5009366.532  3221022.883
2022  62  26710 GPS  -2267822.236  5009366.179  3221023.435
2022  62  26711 GPS  -2267822.327  5009366.267  3221024.358
2022  62  26712 GPS  -2267822.086  5009365.493  3221024.409
2022  62  26713 GPS  -2267822.099  5009365.664  3221025.229
2022  62  26714 GPS  -2267821.937  5009365.870  3221025.520
2022  62  26715 GPS  -2267821.794  5009366.156  3221026.116
2022  62  26716 GPS  -2267822.033  5009366.246  3221026.185
2022  62  26717 GPS  -2267821.274  5009366.261  3221026.326
2022  62  26718 GPS  -2267821.397  5009367.206  3221026.856
2022  62  26719 GPS  -2267821.309  5009368.236  3221027.702
2022  62  26720 GPS  -2267821.009  5009368.648  3221028.240
2022  62  26721 GPS  -2267821.273  5009370.044  3221028.967
2022  62  26722 GPS  -2267821.491  5009371.289  3221029.754
2022  62  26723 GPS  -2267821.358  5009371.901  3221030.150
2022  62  26724 GPS  -2267820.983  5009372.796  3221030.779
2022  62  26725 GPS  -2267820.796  5009373.449  3221031.238
2022  62  26726 GPS  -2267820.564  5009374.460  3221032.268
2022  62  26727 GPS  -2267820.415  5009375.300  3221033.049
2022  62  26728 GPS  -2267820.312  5009375.910  3221033.608
2022  62  26729 GPS  -2267820.012  5009376.422  3221034.048
2022  62  26730 GPS  -2267820.102  5009376.480  3221034.731
2022  62  26731 GPS  -2267819.737  5009376.431  3221035.058
2022  62  26732 GPS  -2267819.462  5009376.389  3221035.293
2022  62  26733 GPS  -2267819.549  5009376.743  3221035.902
2022  62  26734 GPS  -2267818.753  5009376.676  3221036.282
2022  62  26735 GPS  -2267818.559  5009376.824  3221036.583
2022  62  26736 GPS  -2267818.667  5009378.400  3221037.618
2022  62  26737 GPS  -2267818.592  5009378.852  3221037.821
2022  62  26738 GPS  -2267819.274  5009380.000  3221038.297
2022  62  26739 GPS  -2267819.417  5009380.350  3221038.335
2022  62  26740 GPS  -2267819.991  5009381.205  3221039.242
2022  62  26741 GPS  -2267819.650  5009381.573  3221039.330
2022  62  26742 GPS  -2267820.116  5009382.842  3221039.640
2022  62  26743 GPS  -2267820.192  5009383.163  3221039.642
2022  62  26744 GPS  -2267820.204  5009383.998  3221039.867
2022  62  26745 GPS  -2267820.858  5009384.391  3221040.108
2022  62  26746 GPS  -2267821.357  5009384.971  3221040.492
2022  62  26747 GPS  -2267821.771  5009385.875  3221041.003
2022  62  26748 GPS  -2267821.614  5009385.458  3221040.720
2022  62  26749 GPS  -2267822.017  5009385.303  3221040.861
2022  62  26750 GPS  -2267822.290  5009385.245  3221041.247
2022  62  26751 GPS  -2267822.302  5009384.815  3221040.933
2022  62  26752 GPS  -2267822.634  5009384.590  3221041.003
2022  62  26753 GPS  -2267822.658  5009383.868  3221040.882
2022  62  26754 GPS  -2267823.108  5009383.957  3221040.787
2022  62  26755 GPS  -2267823.302  5009383.933  3221041.284
2022  62  26756 GPS  -2267823.634  5009384.302  3221041.050
2022  62  26757 GPS  -2267823.374  5009384.503  3221041.298
2022  62  26758 GPS  -2267822.835  5009383.955  3221041.118
2022  62  26759 GPS  -2267821.953  5009382.683  3221040.444
2022  62  26760 GPS  -2267821.630  5009382.460  3221040.101
2022  62  26761 GPS  -2267821.220  5009381.932  3221040.010
2022  62  26762 GPS  -2267820.381  5009382.086  3221040.347
2022  62  26763 GPS  -2267819.989  5009382.310  3221040.709
2022  62  26764 GPS  -2267819.900  5009382.511  3221041.073
2022  62  26765 GPS  -2267819.367  5009382.297  3221041.025
2022  62  26766 GPS  -2267819.222  5009382.501  3221041.027
2022  62  26767 GPS  -2267818.737  5009382.569  3221040.976
2022  62  26768 GPS  -2267818.659  5009383.018  3221041.254
2022  62  26769 GPS  -2267819.048  5009383.759  3221041.402
2022  62  26770 GPS  -2267818.960  5009384.057  3221041.356
2022  62  26771 GPS  -2267818.762  5009384.568  3221041.094
2022  62  26772 GPS  -2267818.985  5009385.201  3221041.240
2022  62  26773 GPS  -2267820.046  5009386.446  3221042.013
2022  62  26774 GPS  -2267820.269  5009386.220  3221042.019
2022  62  26775 GPS  -2267821.182  5009387.008  3221042.255
2022  62  26776 GPS  -2267821.733  5009387.287  3221042.600
2022  62  26777 GPS  -2267823.231  5009387.565  3221043.223
2022  62  26778 GPS  -2267823.594  5009387.289  3221043.028
2022  62  26779 GPS  -2267824.292  5009387.732  3221043.437
2022  62  26780 GPS  -2267824.844  5009388.060  3221043.418
2022  62  26781 GPS  -2267825.120  5009388.678  3221043.271
2022  62  26782 GPS  -2267825.946  5009390.064  3221043.999
2022  62  26783 GPS  -2267826.456  5009391.630  3221044.705
2022  62  26784 GPS  -2267826.475  5009392.445  3221044.956
2022  62  26785 GPS  -2267827.230  5009393.819  3221045.844
2022  62  26786 GPS  -2267827.335  5009395.251  3221046.549
2022  62  26787 GPS  -2267827.498  5009396.450  3221046.682
2022  62  26788 GPS  -2267827.963  5009397.692  3221047.127
2022  62  26789 GPS  -2267827.851  5009398.314  3221047.342
2022  62  26790 GPS  -2267828.003  5009398.978  3221047.925
2022  62  26791 GPS  -2267828.301  5009400.438  3221048.344
2022  62  26792 GPS  -2267828.387  5009402.202  3221048.982
2022  62  26793 GPS  -2267828.749  5009403.268  3221049.494
2022  62  26794 GPS  -2267829.176  5009404.805  3221050.775
2022  62  26795 GPS  -2267828.905  5009406.067  3221052.004
2022  62  26796 GPS  -2267828.955  5009406.371  3221052.415
2022  62  26797 GPS  -2267828.345  5009406.559  3221052.501
2022  62  26798 GPS  -2267828.329  5009407.664  3221053.534
2022  62  26799 GPS  -2267827.888  5009408.495  3221054.680
2022  62  26800 GPS  -2267827.460  5009409.398  3221055.132
2022  62  26801 GPS  -2267827.798  5009410.266  3221056.229
2022  62  26802 GPS  -2267828.098  5009410.974  3221056.817
2022  62  26803 GPS  -2267827.799  5009411.579  3221057.406
2022  62  26804 GPS  -2267827.852  5009412.203  3221058.025
2022  62  26805 GPS  -2267828.129  5009412.918  3221058.737
2022  62  26806 GPS  -2267828.682  5009414.427  3221059.358
2022  62  26807 GPS  -2267829.049  5009414.953  3221059.662
2022  62  26808 GPS  -2267830.153  5009416.004  3221060.588
2022  62  26809 GPS  -2267830.371  5009416.658  3221061.130
2022  62  26810 GPS  -2267831.218  5009417.623  3221061.791
2022  62  26811 GPS  -2267832.166  5009418.935  3221062.334
2022  62  26812 GPS  -2267832.632  5009418.936  3221062.408
2022  62  26813 GPS  -2267832.890  5009418.763  3221061.962
2022  62  26814 GPS  -2267833.497  5009418.952  3221062.197
2022  62  26815 GPS  -2267834.181  5009419.260  3221062.055
2022  62  26816 GPS  -2267834.312  5009418.904  3221061.568
2022  62  26817 GPS  -2267834.474  5009419.122  3221061.439
2022  62  26818 GPS  -2267834.677  5009419.079  3221061.281
2022  62  26819 GPS  -2267834.680  5009419.492  3221061.104
2022  62  26820 GPS  -2267834.426  5009419.150  3221060.944
2022  62  26821 GPS  -2267834.225  5009418.720  3221060.443
2022  62  26822 GPS  -2267833.966  5009418.724  3221060.449
2022  62  26823 GPS  -2267833.552  5009417.699  3221060.315
2022  62  26824 GPS  -2267833.489  5009417.223  3221060.180
2022  62  26825 GPS  -2267833.644  5009416.441  3221060.253
2022  62  26826 GPS  -2267833.888  5009416.641  3221060.428
2022  62  26827 GPS  -2267833.204  5009416.070  3221059.928
2022  62  26828 GPS  -2267833.245  5009416.061  3221060.073
2022  62  26829 GPS  -2267832.937  5009416.017  3221060.068
2022  62  26830 GPS  -2267832.584  5009416.012  3221060.089
2022  62  26831 GPS  -2267831.941  5009415.882  3221059.705
2022  62  26832 GPS  -2267831.345  5009416.205  3221059.856
2022  62  26833 GPS  -2267831.003  5009416.394  3221059.995
2022  62  26834 GPS  -2267830.374  5009415.934  3221059.478
2022  62  26835 GPS  -2267829.779  5009415.980  3221059.279
2022  62  26836 GPS  -2267829.311  5009415.691  3221058.735
2022  62  26837 GPS  -2267828.793  5009415.801  3221058.381
2022  62  26838 GPS  -2267828.407  5009416.015  3221058.091
2022  62  26839 GPS  -2267828.114  5009416.389  3221058.122
2022  62  26840 GPS  -2267827.961  5009416.505  3221057.730
2022  62  26841 GPS  -2267828.079  5009416.899  3221057.494
2022  62  26842 GPS  -2267827.839  5009417.247  3221057.375
2022  62  26843 GPS  -2267827.646  5009417.555  3221057.165
2022  62  26844 GPS  -2267827.549  5009417.553  3221056.962
2022  62  26845 GPS  -2267827.544  5009417.837  3221057.192
2022  62  26846 GPS  -2267827.480  5009417.966  3221057.011
2022  62  26847 GPS  -2267827.560  5009418.022  3221057.338
2022  62  26848 GPS  -2267827.948  5009418.554  3221057.411
2022  62  26849 GPS  -2267827.921  5009418.267  3221057.217
2022  62  26850 GPS  -2267828.441  5009418.682  3221057.188
2022  62  26851 GPS  -2267828.744  5009418.622  3221057.149
2022  62  26852 GPS  -2267829.353  5009418.865  3221056.975
2022  62  26853 GPS  -2267829.870  5009419.246  3221057.052
2022  62  26854 GPS  -2267830.192  5009419.472  3221057.100
2022  62  26855 GPS  -2267829.913  5009418.518  3221056.404
2022  62  26856 GPS  -2267830.044  5009418.760  3221055.913
2022  62  26857 GPS  -2267830.135  5009418.858  3221055.889
2022  62  26858 GPS  -2267829.721  5009418.137  3221055.154
2022  62  26859 GPS  -2267829.282  5009417.222  3221054.618
2022  62  26860 GPS  -2267828.649  5009417.035  3221054.332
2022  62  26861 GPS  -2267827.988  5009415.624  3221053.195
2022  62  26862 GPS  -2267827.531  5009414.771  3221052.881
2022  62  26863 GPS  -2267827.185  5009414.725  3221052.542
2022  62  26864 GPS  -2267827.283  5009415.008  3221052.941
2022  62  26865 GPS  -2267827.003  5009414.536  3221052.271
2022  62  26866 GPS  -2267826.748  5009414.027  3221051.730
2022  62  26867 GPS  -2267826.467  5009413.429  3221051.103
2022  62  26868 GPS  -2267826.126  5009412.868  3221050.718
2022  62  26869 GPS  -2267825.866  5009412.353  3221050.572
2022  62  26870 GPS  -2267825.430  5009411.427  3221050.197
2022  62  26871 GPS  -2267824.926  5009411.177  3221049.666
2022  62  26872 GPS  -2267824.635  5009410.922  3221049.047
2022  62  26873 GPS  -2267824.789  5009411.392  3221048.903
2022  62  26874 GPS  -2267825.134  5009411.965  3221048.742
2022  62  26875 GPS  -2267824.988  5009412.428  3221048.790
2022  62  26876 GPS  -2267824.971  5009412.553  3221048.798
2022  62  26877 GPS  -2267824.547  5009412.715  3221048.210
2022  62  26878 GPS  -2267824.229  5009413.141  3221047.931
2022  62  26879 GPS  -2267823.290  5009412.387  3221047.015
2022  62  26880 GPS  -2267822.679  5009411.856  3221046.072
2022  62  26881 GPS  -2267822.340  5009411.981  3221045.880
2022  62  26882 GPS  -2267821.861  5009412.010  3221045.566
2022  62  26883 GPS  -2267821.559  5009412.618  3221045.538
2022  62  26884 GPS  -2267821.109  5009412.713  3221045.144
2022  62  26885 GPS  -2267820.336  5009412.072  3221044.366
2022  62  26886 GPS  -2267819.451  5009411.726  3221043.973
2022  62  26887 GPS  -2267819.078  5009411.376  3221043.736
2022  62  26888 GPS  -2267818.720  5009411.505  3221044.012
2022  62  26889 GPS  -2267818.502  5009412.001  3221044.076
2022  62  26890 GPS  -2267818.334  5009412.489  3221044.630
2022  62  26891 GPS  -2267818.014  5009412.339  3221044.642
2022  62  26892 GPS  -2267817.570  5009412.188  3221044.451
2022  62  26893 GPS  -2267816.897  5009411.490  3221044.382
2022  62  26894 GPS  -2267816.716  5009411.979  3221044.500
2022  62  26895 GPS  -2267816.504  5009412.018  3221044.896
2022  62  26896 GPS  -2267816.451  5009411.669  3221044.904
2022  62  26897 GPS  -2267816.214  5009411.636  3221044.767
2022  62  26898 GPS  -2267815.907  5009411.598  3221045.074
2022  62  26899 GPS  -2267815.961  5009411.455  3221045.004
2022  62  26900 GPS  -2267815.770  5009411.151  3221045.015
2022  62  26901 GPS  -2267815.932  5009411.536  3221045.541
2022  62  26902 GPS  -2267816.099  5009412.229  3221046.051
2022  62  26903 GPS  -2267815.951  5009412.278  3221046.156
2022  62  26904 GPS  -2267816.351  5009412.960  3221046.803
2022  62  26905 GPS  -2267816.331  5009413.053  3221047.027
2022  62  26906 GPS  -2267816.804  5009413.485  3221047.370
2022  62  26907 GPS  -2267816.927  5009413.649  3221048.011
2022  62  26908 GPS  -2267817.118  5009413.992  3221048.108
2022  62  26909 GPS  -2267817.649  5009414.240  3221048.232
2022  62  26910 GPS  -2267818.034  5009414.149  3221048.561
2022  62  26911 GPS  -2267818.080  5009414.366  3221049.212
2022  62  26912 GPS  -2267818.405  5009414.107  3221049.562
2022  62  26913 GPS  -2267818.310  5009413.909  3221050.023
2022  62  26914 GPS  -2267818.312  5009413.964  3221050.183
2022  62  26915 GPS  -2267818.358  5009414.723  3221050.742
2022  62  26916 GPS  -2267818.555  5009415.068  3221050.978
2022  62  26917 GPS  -2267818.692  5009414.849  3221051.043
2022  62  26918 GPS  -2267818.503  5009414.228  3221050.617
2022  62  26919 GPS  -2267818.489  5009414.164  3221050.734
2022  62  26920 GPS  -2267818.901  5009414.638  3221051.097
2022  62  26921 GPS  -2267818.737  5009414.307  3221050.911
2022  62  26922 GPS  -2267819.092  5009414.710  3221051.177
2022  62  26923 GPS  -2267819.242  5009414.461  3221051.399
2022  62  26924 GPS  -2267819.467  5009414.324  3221051.752
2022  62  26925 GPS  -2267819.712  5009413.925  3221051.734
2022  62  26926 GPS  -2267819.918  5009413.485  3221051.841
2022  62  26927 GPS  -2267820.261  5009413.086  3221051.988
2022  62  26928 GPS  -2267820.277  5009412.568  3221052.170
2022  62  26929 GPS  -2267819.764  5009412.259  3221052.411
2022  62  26930 GPS  -2267819.902  5009411.662  3221052.314
2022  62  26931 GPS  -2267819.448  5009410.337  3221052.077
2022  62  26932 GPS  -2267819.076  5009409.638  3221052.290
2022  62  26933 GPS  -2267819.119  5009409.077  3221052.323
2022  62  26934 GPS  -2267819.010  5009408.326  3221052.229
2022  62  26935 GPS  -2267819.258  5009408.120  3221052.624
2022  62  26936 GPS  -2267819.556  5009408.023  3221053.028
2022  62  26937 GPS  -2267819.220  5009407.632  3221053.260
2022  62  26938 GPS  -2267819.318  5009406.767  3221053.243
2022  62  26939 GPS  -2267819.571  5009406.721  3221053.475
2022  62  26940 GPS  -2267819.711  5009406.928  3221053.627
2022  62  26941 GPS  -2267819.563  5009406.779  3221053.816
2022  62  26942 GPS  -2267819.728  5009407.199  3221054.017
2022  62  26943 GPS  -2267819.958  5009408.385  3221054.484
2022  62  26944 GPS  -2267819.953  5009408.967  3221054.662
2022  62  26945 GPS  -2267819.433  5009408.400  3221054.051
2022  62  26946 GPS  -2267819.879  5009409.169  3221054.784
2022  62  26947 GPS  -2267819.980  5009409.454  3221054.648
2022  62  26948 GPS  -2267820.560  5009410.290  3221055.041
2022  62  26949 GPS  -2267820.925  5009410.297  3221054.878
2022  62  26950 GPS  -2267821.544  5009410.844  3221054.967
2022  62  26951 GPS  -2267822.504  5009411.877  3221055.280
2022  62  26952 GPS  -2267822.474  5009412.318  3221055.481
2022  62  26953 GPS  -2267822.659  5009412.775  3221055.503
2022  62  26954 GPS  -2267822.859  5009413.740  3221055.919
2022  62  26955 GPS  -2267822.931  5009414.434  3221056.205
2022  62  26956 GPS  -2267823.019  5009415.099  3221056.300
2022  62  26957 GPS  -2267823.084  5009415.960  3221056.747
2022  62  26958 GPS  -2267823.194  5009416.486  3221056.838
2022  62  26959 GPS  -2267823.433  5009417.618  3221057.087
2022  62  26960 GPS  -2267823.704  5009418.448  3221057.373
2022  62  26961 GPS  -2267823.749  5009419.619  3221057.430
2022  62  26962 GPS  -2267823.552  5009420.540  3221057.515
2022  62  26963 GPS  -2267823.930  5009421.372  3221058.095
2022  62  26964 GPS  -2267823.777  5009420.958  3221057.458
2022  62  26965 GPS  -2267823.473  5009420.478  3221057.302
2022  62  26966 GPS  -2267822.990  5009420.245  3221056.836
2022  62  26967 GPS  -2267822.829  5009419.546  3221056.809
2022  62  26968 GPS  -2267823.258  5009419.293  3221056.597
2022  62  26969 GPS  -2267823.847  5009419.648  3221056.747
2022  62  26970 GPS  -2267823.599  5009419.047  3221056.220
2022  62  26971 GPS  -2267823.604  5009418.597  3221056.655
2022  62  26972 GPS  -2267823.313  5009418.118  3221056.265
2022  62  26973 GPS  -2267823.666  5009417.739  3221055.929
2022  62  26974 GPS  -2267823.685  5009416.821  3221055.775
2022  62  26975 GPS  -2267823.180  5009415.822  3221055.074
2022  62  26976 GPS  -2267822.840  5009414.983  3221054.978
2022  62  26977 GPS  -2267822.712  5009414.735  3221055.004
2022  62  26978 GPS  -2267822.701  5009414.140  3221054.771
2022  62  26979 GPS  -2267822.505  5009414.065  3221054.500
2022  62  26980 GPS  -2267822.013  5009413.398  3221054.373
2022  62  26981 GPS  -2267821.907  5009412.568  3221053.626
2022  62  26982 GPS  -2267821.824  5009412.028  3221053.490
2022  62  26983 GPS  -2267821.263  5009411.232  3221052.803
2022  62  26984 GPS  -2267821.739  5009411.273  3221052.671
2022  62  26985 GPS  -2267821.722  5009410.483  3221051.851
2022  62  26986 GPS  -2267821.972  5009410.053  3221051.709
2022  62  26987 GPS  -2267821.638  5009409.061  3221050.872
2022  62  26988 GPS  -2267821.507  5009408.223  3221050.170
2022  62  26989 GPS  -2267821.795  5009407.897  3221049.832
2022  62  26990 GPS  -2267821.952  5009406.934  3221049.537
2022  62  26991 GPS  -2267822.418  5009406.522  3221049.071
2022  62  26992 GPS  -2267822.934  5009405.613  3221048.505
2022  62  26993 GPS  -2267822.820  5009404.819  3221047.602
2022  62  26994 GPS  -2267823.084  5009404.483  3221047.396
2022  62  26995 GPS  -2267823.279  5009404.166  3221047.006
2022  62  26996 GPS  -2267823.720  5009403.855  3221046.677
2022  62  26997 GPS  -2267824.045  5009403.047  3221045.543
2022  62  26998 GPS  -2267824.324  5009402.845  3221045.038
2022  62  26999 GPS  -2267824.615  5009403.361  3221044.970
2022  62  27000 GPS  -2267824.932  5009403.329  3221044.360
2022  62  27001 GPS  -2267825.422  5009403.643  3221044.592
2022  62  27002 GPS  -2267825.536  5009404.346  3221044.404
2022  62  27003 GPS  -2267825.862  5009404.754  3221043.979
2022  62  27004 GPS  -2267826.557  5009404.635  3221043.877
2022  62  27005 GPS  -2267826.710  5009404.838  3221043.906
2022  62  27006 GPS  -2267827.177  5009404.696  3221043.527
2022  62  27007 GPS  -2267827.519  5009405.080  3221043.582
2022  62  27008 GPS  -2267827.501  5009405.043  3221043.516
2022  62  27009 GPS  -2267827.998  5009405.092  3221043.751
2022  62  27010 GPS  -2267827.716  5009404.829  3221043.808
2022  62  27011 GPS  -2267827.264  5009404.088  3221043.357
2022  62  27012 GPS  -2267827.216  5009403.194  3221043.537
2022  62  27013 GPS  -2267826.487  5009402.890  3221043.140
2022  62  27014 GPS  -2267826.131  5009401.861  3221042.960
2022  62  27015 GPS  -2267825.761  5009401.104  3221042.903
2022  62  27016 GPS  -2267825.657  5009400.673  3221043.007
2022  62  27017 GPS  -2267825.475  5009400.691  3221043.038
2022  62  27018 GPS  -2267825.313  5009400.011  3221042.496
2022  62  27019 GPS  -2267824.641  5009399.162  3221042.463
2022  62  27020 GPS  -2267824.547  5009399.192  3221042.820
2022  62  27021 GPS  -2267824.576  5009398.646  3221042.818
2022  62  27022 GPS  -2267824.871  5009398.205  3221042.851
2022  62  27023 GPS  -2267824.506  5009397.279  3221042.631
2022  62  27024 GPS  -2267823.824  5009396.406  3221041.833
2022  62  27025 GPS  -2267823.237  5009396.017  3221041.764
2022  62  27026 GPS  -2267822.066  5009395.373  3221041.134
2022  62  27027 GPS  -2267821.678  5009395.505  3221040.715
2022  62  27028 GPS  -2267821.408  5009395.024  3221040.112
2022  62  27029 GPS  -2267820.787  5009395.134  3221039.721
2022  62  27030 GPS  -2267820.130  5009395.073  3221038.979
2022  62  27031 GPS  -2267819.686  5009394.762  3221038.061
2022  62  27032 GPS  -2267818.836  5009394.180  3221037.070
2022  62  27033 GPS  -2267819.076  5009394.650  3221036.437
2022  62  27034 GPS  -2267818.424  5009394.005  3221035.684
2022  62  27035 GPS  -2267818.203  5009394.094  3221034.824
2022  62  27036 GPS  -2267818.467  5009394.078  3221034.616
2022  62  27037 GPS  -2267818.649  5009393.797  3221034.071
2022  62  27038 GPS  -2267817.926  5009392.821  3221033.190
2022  62  27039 GPS  -2267817.033  5009391.726  3221032.111
2022  62  27040 GPS  -2267816.504  5009390.728  3221031.056
2022  62  27041 GPS  -2267816.083  5009390.113  3221030.262
2022  62  27042 GPS  -2267815.178  5009389.027  3221029.548
2022  62  27043 GPS  -2267814.475  5009387.916  3221028.364
2022  62  27044 GPS  -2267813.517  5009386.675  3221027.132
2022  62  27045 GPS  -2267812.836  5009385.592  3221026.550
2022  62  27046 GPS  -2267811.914  5009384.308  3221025.895
2022  62  27047 GPS  -2267811.179  5009383.713  3221025.112
2022  62  27048 GPS  -2267810.333  5009382.713  3221024.199
2022  62  27049 GPS  -2267809.809  5009381.945  3221023.691
2022  62  27050 GPS  -2267808.504  5009380.188  3221022.458
2022  62  27051 GPS  -2267807.830  5009379.600  3221022.048
2022  62  27052 GPS  -2267806.666  5009378.581  3221021.254
2022  62  27053 GPS  -2267806.187  5009378.646  3221021.279
2022  62  27054 GPS  -2267805.912  5009378.688  3221021.241
2022  62  27055 GPS  -2267805.140  5009378.161  3221020.711
2022  62  27056 GPS  -2267804.333  5009378.391  3221020.419
2022  62  27057 GPS  -2267803.615  5009377.568  3221019.825
2022  62  27058 GPS  -2267803.093  5009377.476  3221019.728
2022  62  27059 GPS  -2267802.686  5009377.217  3221019.701
2022  62  27060 GPS  -2267802.491  5009376.801  3221019.770
2022  62  27061 GPS  -2267801.762  5009375.382  3221019.301
2022  62  27062 GPS  -2267801.663  5009374.260  3221019.078
2022  62  27063 GPS  -2267802.053  5009374.366  3221019.287
2022  62  27064 GPS  -2267802.602  5009374.274  3221019.269
2022  62  27065 GPS  -2267803.233  5009373.825  3221019.280
2022  62  27066 GPS  -2267804.049  5009373.169  3221019.264
2022  62  27067 GPS  -2267804.757  5009372.745  3221019.317
2022  62  27068 GPS  -2267805.421  5009372.019  3221019.066
2022  62  27069 GPS  -2267805.758  5009370.662  3221018.607
2022  62  27070 GPS  -2267806.108  5009369.378  3221018.405
2022  62  27071 GPS  -2267806.829  5009369.255  3221019.056
2022  62  27072 GPS  -2267807.149  5009368.821  3221018.875
2022  62  27073 GPS  -2267807.854  5009368.905  3221019.137
2022  62  27074 GPS  -2267808.244  5009368.459  3221018.387
2022  62  27075 GPS  -2267809.132  5009368.587  3221018.142
2022  62  27076 GPS  -2267809.302  5009368.753  3221017.801
2022  62  27077 GPS  -2267810.013  5009369.739  3221018.041
2022  62  27078 GPS  -2267810.947  5009370.192  3221018.022
2022  62  27079 GPS  -2267811.725  5009371.008  3221017.811
2022  62  27080 GPS  -2267811.814  5009370.811  3221017.363
2022  62  27081 GPS  -2267811.800  5009370.929  3221017.030
2022  62  27082 GPS  -2267811.796  5009371.093  3221017.090
2022  62  27083 GPS  -2267812.243  5009371.361  3221017.103
2022  62  27084 GPS  -2267812.658  5009371.424  3221016.931
2022  62  27085 GPS  -2267813.065  5009371.524  3221017.199
2022  62  27086 GPS  -2267813.557  5009372.028  3221017.103
2022  62  27087 GPS  -2267813.307  5009372.370  3221016.683
2022  62  27088 GPS  -2267813.339  5009372.196  3221016.287
2022  62  27089 GPS  -2267813.419  5009371.736  3221015.893
2022  62  27090 GPS  -2267813.494  5009371.227  3221015.420
2022  62  27091 GPS  -2267813.056  5009370.393  3221014.668
2022  62  27092 GPS  -2267812.996  5009369.888  3221013.917
2022  62  27093 GPS  -2267812.877  5009369.767  3221013.759
2022  62  27094 GPS  -2267812.231  5009369.683  3221013.156
2022  62  27095 GPS  -2267812.353  5009369.931  3221013.190
2022  62  27096 GPS  -2267812.368  5009370.228  3221013.315
2022  62  27097 GPS  -2267812.691  5009370.876  3221013.481
2022  62  27098 GPS  -2267812.722  5009370.707  3221013.272
2022  62  27099 GPS  -2267813.574  5009371.501  3221013.573
2022  62  27100 GPS  -2267814.175  5009372.238  3221014.190
2022  62  27101 GPS  -2267814.150  5009372.255  3221014.164
2022  62  27102 GPS  -2267813.946  5009371.765  3221013.902
2022  62  27103 GPS  -2267814.005  5009371.858  3221013.530
2022  62  27104 GPS  -2267814.488  5009371.840  3221013.817
2022  62  27105 GPS  -2267815.773  5009373.064  3221014.687
2022  62  27106 GPS  -2267816.279  5009373.046  3221014.761
2022  62  27107 GPS  -2267816.928  5009373.481  3221014.985
2022  62  27108 GPS  -2267817.657  5009373.868  3221015.115
2022  62  27109 GPS  -2267818.183  5009373.752  3221015.324
2022  62  27110 GPS  -2267818.576  5009373.697  3221015.370
2022  62  27111 GPS  -2267819.005  5009373.579  3221015.855
2022  62  27112 GPS  -2267819.748  5009373.876  3221016.366
2022  62  27113 GPS  -2267819.915  5009373.847  3221016.836
2022  62  27114 GPS  -2267819.648  5009373.202  3221016.658
2022  62  27115 GPS  -2267819.981  5009373.853  3221017.274
2022  62  27116 GPS  -2267820.009  5009373.518  3221017.157
2022  62  27117 GPS  -2267820.308  5009373.397  3221016.593
2022  62  27118 GPS  -2267820.519  5009373.117  3221016.337
2022  62  27119 GPS  -2267820.602  5009372.889  3221016.327
2022  62  27120 GPS  -2267820.370  5009372.160  3221015.892
2022  62  27121 GPS  -2267819.839  5009370.926  3221015.659
2022  62  27122 GPS  -2267819.781  5009369.944  3221015.365
2022  62  27123 GPS  -2267819.517  5009369.338  3221015.227
2022  62  27124 GPS  -2267818.777  5009368.214  3221014.770
2022  62  27125 GPS  -2267818.316  5009367.193  3221014.655
2022  62  27126 GPS  -2267817.764  5009366.458  3221014.114
2022  62  27127 GPS  -2267817.140  5009366.469  3221014.581
2022  62  27128 GPS  -2267815.998  5009365.310  3221014.190
2022  62  27129 GPS  -2267814.761  5009363.885  3221014.129
2022  62  27130 GPS  -2267813.433  5009362.320  3221013.473
2022  62  27131 GPS  -2267812.907  5009361.702  3221013.529
2022  62  27132 GPS  -2267811.727  5009361.944  3221013.861
2022  62  27133 GPS  -2267810.869  5009361.060  3221013.111
2022  62  27134 GPS  -2267810.076  5009360.858  3221013.206
2022  62  27135 GPS  -2267808.842  5009359.954  3221012.541
2022  62  27136 GPS  -2267808.527  5009359.894  3221012.923
2022  62  27137 GPS  -2267808.184  5009359.400  3221012.582
2022  62  27138 GPS  -2267808.325  5009360.542  3221013.049
2022  62  27139 GPS  -2267808.605  5009361.039  3221013.475
2022  62  27140 GPS  -2267808.482  5009361.489  3221013.593
2022  62  27141 GPS  -2267808.407  5009361.529  3221013.600
2022  62  27142 GPS  -2267808.984  5009362.345  3221014.279
2022  62  27143 GPS  -2267809.117  5009362.468  3221014.137
2022  62  27144 GPS  -2267809.590  5009362.651  3221014.410
2022  62  27145 GPS  -2267809.788  5009363.659  3221014.828
2022  62  27146 GPS  -2267810.096  5009363.533  3221015.064
2022  62  27147 GPS  -2267811.312  5009363.911  3221015.861
2022  62  27148 GPS  -2267812.184  5009363.552  3221015.970
2022  62  27149 GPS  -2267812.949  5009363.502  3221016.450
2022  62  27150 GPS  -2267813.374  5009363.438  3221016.606
2022  62  27151 GPS  -2267814.509  5009364.184  3221017.485
2022  62  27152 GPS  -2267815.670  5009365.005  3221018.118
2022  62  27153 GPS  -2267816.351  5009364.620  3221018.046
2022  62  27154 GPS  -2267816.880  5009364.351  3221018.159
2022  62  27155 GPS  -2267817.232  5009364.042  3221018.001
2022  62  27156 GPS  -2267817.838  5009363.403  3221018.015
2022  62  27157 GPS  -2267817.826  5009362.138  3221017.782
2022  62  27158 GPS  -2267818.394  5009362.535  3221018.382
2022  62  27159 GPS  -2267818.575  5009362.087  3221018.173
2022  62  27160 GPS  -2267818.566  5009362.365  3221018.511
2022  62  27161 GPS  -2267818.590  5009361.703  3221018.161
2022  62  27162 GPS  -2267818.895  5009361.840  3221018.068
2022  62  27163 GPS  -2267819.434  5009362.236  3221018.517
2022  62  27164 GPS  -2267820.002  5009362.631  3221019.246
2022  62  27165 GPS  -2267820.512  5009362.916  3221019.453
2022  62  27166 GPS  -2267820.557  5009362.729  3221019.296
2022  62  27167 GPS  -2267820.908  5009362.962  3221019.603
2022  62  27168 GPS  -2267821.618  5009364.054  3221020.194
2022  62  27169 GPS  -2267822.380  5009364.540  3221020.171
2022  62  27170 GPS  -2267823.128  5009364.782  3221020.142
2022  62  27171 GPS  -2267823.588  5009365.068  3221020.212
2022  62  27172 GPS  -2267824.265  5009365.613  3221020.639
2022  62  27173 GPS  -2267825.131  5009365.944  3221021.474
2022  62  27174 GPS  -2267825.669  5009366.152  3221021.705
2022  62  27175 GPS  -2267826.422  5009365.887  3221021.526
2022  62  27176 GPS  -2267826.855  5009365.583  3221021.980
2022  62  27177 GPS  -2267827.996  5009366.242  3221022.820
2022  62  27178 GPS  -2267828.697  5009366.397  3221022.901
2022  62  27179 GPS  -2267829.249  5009366.766  3221023.139
2022  62  27180 GPS  -2267829.930  5009367.118  3221023.527
2022  62  27181 GPS  -2267830.592  5009367.884  3221024.327
2022  62  27182 GPS  -2267831.767  5009368.878  3221025.011
2022  62  27183 GPS  -2267832.385  5009369.857  3221025.593
2022  62  27184 GPS  -2267832.075  5009370.146  3221025.470
2022  62  27185 GPS  -2267831.769  5009370.930  3221026.099
2022  62  27186 GPS  -2267831.742  5009371.534  3221026.699
2022  62  27187 GPS  -2267831.535  5009372.231  3221026.835
2022  62  27188 GPS  -2267831.872  5009372.585  3221026.933
2022  62  27189 GPS  -2267831.493  5009372.603  3221026.556
2022  62  27190 GPS  -2267831.867  5009373.154  3221026.908
2022  62  27191 GPS  -2267831.878  5009373.573  3221026.697
2022  62  27192 GPS  -2267831.470  5009373.869  3221026.413
2022  62  27193 GPS  -2267830.768  5009374.057  3221026.397
2022  62  27194 GPS  -2267830.745  5009374.103  3221026.652
2022  62  27195 GPS  -2267831.279  5009374.207  3221026.777
2022  62  27196 GPS  -2267831.978  5009374.561  3221027.232
2022  62  27197 GPS  -2267832.136  5009374.524  3221027.454
2022  62  27198 GPS  -2267832.399  5009374.257  3221027.669
2022  62  27199 GPS  -2267832.494  5009373.391  3221027.419
2022  62  27200 GPS  -2267833.203  5009372.954  3221027.152
2022  62  27201 GPS  -2267833.560  5009372.287  3221027.335
2022  62  27202 GPS  -2267833.816  5009371.797  3221027.431
2022  62  27203 GPS  -2267834.036  5009371.451  3221027.214
2022  62  27204 GPS  -2267834.465  5009371.241  3221027.438
2022  62  27205 GPS  -2267834.118  5009370.466  3221027.130
2022  62  27206 GPS  -2267834.120  5009369.539  3221027.077
2022  62  27207 GPS  -2267834.082  5009369.004  3221027.110
2022  62  27208 GPS  -2267833.327  5009368.241  3221027.122
2022  62  27209 GPS  -2267832.756  5009367.407  3221027.315
2022  62  27210 GPS  -2267831.965  5009366.582  3221027.506
2022  62  27211 GPS  -2267831.313  5009365.719  3221027.592
2022  62  27212 GPS  -2267831.104  5009366.015  3221028.224
2022  62  27213 GPS  -2267830.736  5009365.624  3221028.729
2022  62  27214 GPS  -2267830.062  5009364.652  3221028.904
2022  62  27215 GPS  -2267830.269  5009365.153  3221029.691
2022  62  27216 GPS  -2267830.371  5009365.749  3221030.482
2022  62  27217 GPS  -2267830.102  5009365.657  3221030.916
2022  62  27218 GPS  -2267830.260  5009366.850  3221031.863
2022  62  27219 GPS  -2267830.095  5009366.558  3221032.405
2022  62  27220 GPS  -2267829.930  5009366.624  3221032.988
2022  62  27221 GPS  -2267829.426  5009366.326  3221032.884
2022  62  27222 GPS  -2267829.201  5009366.218  3221033.647
2022  62  27223 GPS  -2267829.044  5009365.767  3221033.831
2022  62  27224 GPS  -2267828.745  5009365.510  3221034.256
2022  62  27225 GPS  -2267828.919  5009365.640  3221034.646
2022  62  27226 GPS  -2267828.754  5009365.734  3221035.230
2022  62  27227 GPS  -2267828.567  5009365.210  3221035.705
2022  62  27228 GPS  -2267829.018  5009365.499  3221036.468
2022  62  27229 GPS  -2267828.781  5009364.874  3221036.484
2022  62  27230 GPS  -2267829.798  5009366.059  3221037.934
2022  62  27231 GPS  -2267830.171  5009365.831  3221038.623
2022  62  27232 GPS  -2267830.277  5009365.722  3221039.030
2022  62  27233 GPS  -2267830.442  5009365.334  3221039.230
2022  62  27234 GPS  -2267830.457  5009365.380  3221039.643
2022  62  27235 GPS  -2267831.083  5009365.411  3221039.372
2022  62  27236 GPS  -2267831.312  5009365.650  3221039.615
2022  62  27237 GPS  -2267831.542  5009365.255  3221039.630
2022  62  27238 GPS  -2267831.265  5009365.458  3221039.724
2022  62  27239 GPS  -2267831.656  5009365.698  3221039.904
2022  62  27240 GPS  -2267831.413  5009365.993  3221040.142
2022  62  27241 GPS  -2267831.022  5009366.004  3221040.021
2022  62  27242 GPS  -2267831.096  5009367.032  3221039.642
2022  62  27243 GPS  -2267830.959  5009367.443  3221039.331
2022  62  27244 GPS  -2267830.859  5009368.445  3221039.632
2022  62  27245 GPS  -2267830.890  5009369.383  3221039.521
2022  62  27246 GPS  -2267831.045  5009370.350  3221039.758
2022  62  27247 GPS  -2267830.453  5009370.502  3221039.299
2022  62  27248 GPS  -2267830.141  5009371.015  3221038.891
2022  62  27249 GPS  -2267829.416  5009370.643  3221038.357
2022  62  27250 GPS  -2267828.789  5009369.827  3221037.385
2022  62  27251 GPS  -2267827.888  5009368.919  3221036.368
2022  62  27252 GPS  -2267827.304  5009368.907  3221035.562
2022  62  27253 GPS  -2267827.237  5009368.388  3221034.782
2022  62  27254 GPS  -2267826.580  5009368.172  3221034.147
2022  62  27255 GPS  -2267826.907  5009367.662  3221033.936
2022  62  27256 GPS  -2267826.804  5009367.360  3221033.642
2022  62  27257 GPS  -2267827.253  5009367.147  3221033.646
2022  62  27258 GPS  -2267827.457  5009366.477  3221032.840
2022  62  27259 GPS  -2267828.535  5009366.459  3221032.920
2022  62  27260 GPS  -2267828.888  5009365.597  3221032.753
2022  62  27261 GPS  -2267829.477  5009365.241  3221032.639
2022  62  27262 GPS  -2267830.256  5009364.589  3221032.479
2022  62  27263 GPS  -2267831.240  5009364.437  3221032.247
2022  62  27264 GPS  -2267832.140  5009364.404  3221031.794
2022  62  27265 GPS  -2267833.076  5009364.152  3221031.390
2022  62  27266 GPS  -2267834.117  5009364.234  3221031.638
2022  62  27267 GPS  -2267835.253  5009364.290  3221031.278
2022  62  27268 GPS  -2267836.573  5009364.636  3221031.520
2022  62  27269 GPS  -2267837.624  5009365.303  3221031.788
2022  62  27270 GPS  -2267838.500  5009365.690  3221031.823
2022  62  27271 GPS  -2267839.588  5009366.391  3221031.843
2022  62  27272 GPS  -2267840.298  5009366.201  3221031.452
2022  62  27273 GPS  -2267841.080  5009366.330  3221031.177
2022  62  27274 GPS  -2267841.978  5009366.124  3221030.597
2022  62  27275 GPS  -2267842.358  5009365.885  3221030.193
2022  62  27276 GPS  -2267842.785  5009366.057  3221030.231
2022  62  27277 GPS  -2267842.969  5009366.093  3221029.922
2022  62  27278 GPS  -2267843.293  5009365.227  3221029.484
2022  62  27279 GPS  -2267843.339  5009364.685  3221029.179
2022  62  27280 GPS  -2267843.346  5009364.333  3221028.906
2022  62  27281 GPS  -2267843.348  5009363.066  3221028.071
2022  62  27282 GPS  -2267843.378  5009362.096  3221027.556
2022  62  27283 GPS  -2267842.959  5009360.597  3221026.936
2022  62  27284 GPS  -2267842.484  5009358.854  3221026.193
2022  62  27285 GPS  -2267841.711  5009357.345  3221025.263
2022  62  27286 GPS  -2267841.120  5009355.847  3221024.297
2022  62  27287 GPS  -2267840.880  5009354.392  3221024.110
2022  62  27288 GPS  -2267839.958  5009352.791  3221023.536
2022  62  27289 GPS  -2267839.381  5009351.731  3221023.330
2022  62  27290 GPS  -2267838.806  5009350.920  3221023.051
2022  62  27291 GPS  -2267838.265  5009349.895  3221022.662
2022  62  27292 GPS  -2267837.687  5009348.947  3221022.586
2022  62  27293 GPS  -2267837.214  5009348.732  3221022.134
2022  62  27294 GPS  -2267836.598  5009348.656  3221022.042
2022  62  27295 GPS  -2267835.752  5009348.347  3221021.606
2022  62  27296 GPS  -2267835.070  5009348.466  3221021.851
2022  62  27297 GPS  -2267835.090  5009348.953  3221022.090
2022  62  27298 GPS  -2267834.422  5009349.388  3221021.940
2022  62  27299 GPS  -2267833.932  5009350.214  3221022.021
2022  62  27300 GPS  -2267833.324  5009350.799  3221021.887
2022  62  27301 GPS  -2267833.847  5009352.306  3221022.553
2022  62  27302 GPS  -2267833.812  5009354.107  3221023.185
2022  62  27303 GPS  -2267834.068  5009355.975  3221024.084
2022  62  27304 GPS  -2267834.059  5009357.207  3221025.110
2022  62  27305 GPS  -2267834.209  5009358.373  3221025.642
2022  62  27306 GPS  -2267834.019  5009359.589  3221026.085
2022  62  27307 GPS  -2267834.359  5009360.736  3221026.964
2022  62  27308 GPS  -2267834.679  5009361.914  3221028.015
2022  62  27309 GPS  -2267834.550  5009361.561  3221027.979
2022  62  27310 GPS  -2267834.746  5009361.645  3221028.624
2022  62  27311 GPS  -2267834.769  5009361.186  3221028.863
2022  62  27312 GPS  -2267834.885  5009360.747  3221029.037
2022  62  27313 GPS  -2267835.006  5009360.853  3221029.340
2022  62  27314 GPS  -2267835.732  5009360.556  3221029.791
2022  62  27315 GPS  -2267835.319  5009360.005  3221029.795
2022  62  27316 GPS  -2267835.000  5009359.706  3221029.986
2022  62  27317 GPS  -2267835.592  5009359.558  3221030.388
2022  62  27318 GPS  -2267835.744  5009359.188  3221030.684
2022  62  27319 GPS  -2267835.579  5009358.936  3221030.811
2022  62  27320 GPS  -2267835.108  5009358.414  3221030.710
2022  62  27321 GPS  -2267834.696  5009357.742  3221030.668
2022  62  27322 GPS  -2267834.470  5009357.319  3221030.730
2022  62  27323 GPS  -2267834.438  5009357.064  3221030.373
2022  62  27324 GPS  -2267834.369  5009357.290  3221030.273
2022  62  27325 GPS  -2267833.702  5009357.126  3221029.997
2022  62  27326 GPS  -2267833.012  5009356.767  3221030.295
2022  62  27327 GPS  -2267832.282  5009356.727  3221030.131
2022  62  27328 GPS  -2267831.615  5009356.545  3221030.047
2022  62  27329 GPS  -2267831.579  5009356.541  3221030.049
2022  62  27330 GPS  -2267831.749  5009357.097  3221030.600
2022  62  27331 GPS  -2267830.892  5009357.038  3221030.250
2022  62  27332 GPS  -2267830.250  5009356.547  3221030.088
2022  62  27333 GPS  -2267829.140  5009356.300  3221029.458
2022  62  27334 GPS  -2267828.474  5009356.337  3221029.224
2022  62  27335 GPS  -2267828.409  5009356.725  3221029.262
2022  62  27336 GPS  -2267828.181  5009357.542  3221028.695
2022  62  27337 GPS  -2267827.796  5009357.417  3221028.463
2022  62  27338 GPS  -2267827.348  5009357.218  3221027.773
2022  62  27339 GPS  -2267826.995  5009357.478  3221027.616
2022  62  27340 GPS  -2267826.709  5009357.364  3221027.455
2022  62  27341 GPS  -2267826.546  5009357.353  3221026.808
2022  62  27342 GPS  -2267826.257  5009357.986  3221026.731
2022  62  27343 GPS  -2267825.970  5009358.102  3221026.077
2022  62  27344 GPS  -2267825.790  5009358.538  3221025.438
2022  62  27345 GPS  -2267825.390  5009359.326  3221025.624
2022  62  27346 GPS  -2267825.684  5009359.767  3221025.574
2022  62  27347 GPS  -2267825.536  5009359.447  3221025.289
2022  62  27348 GPS  -2267825.499  5009359.798  3221025.367
2022  62  27349 GPS  -2267824.831  5009360.513  3221025.050
2022  62  27350 GPS  -2267824.304  5009360.930  3221024.990
2022  62  27351 GPS  -2267824.123  5009361.921  3221025.321
2022  62  27352 GPS  -2267824.283  5009362.814  3221025.375
2022  62  27353 GPS  -2267823.883  5009363.280  3221025.846
2022  62  27354 GPS  -2267823.249  5009363.007  3221025.219
2022  62  27355 GPS  -2267822.420  5009362.148  3221024.813
2022  62  27356 GPS  -2267821.429  5009361.503  3221024.613
2022  62  27357 GPS  -2267820.491  5009361.018  3221023.975
2022  62  27358 GPS  -2267819.938  5009360.413  3221024.005
2022  62  27359 GPS  -2267820.254  5009360.811  3221024.331
2022  62  27360 GPS  -2267819.681  5009360.739  3221024.409
2022  62  27361 GPS  -2267819.249  5009360.553  3221024.646
2022  62  27362 GPS  -2267818.289  5009359.642  3221024.664
2022  62  27363 GPS  -2267817.708  5009359.462  3221024.533
2022  62  27364 GPS  -2267817.715  5009358.630  3221024.577
2022  62  27365 GPS  -2267817.657  5009358.571  3221024.565
2022  62  27366 GPS  -2267817.873  5009359.142  3221025.401
2022  62  27367 GPS  -2267817.554  5009359.205  3221025.597
2022  62  27368 GPS  -2267817.076  5009358.195  3221025.769
2022  62  27369 GPS  -2267816.775  5009357.856  3221025.961
2022  62  27370 GPS  -2267816.922  5009358.026  3221026.596
2022  62  27371 GPS  -2267816.879  5009357.732  3221026.613
2022  62  27372 GPS  -2267816.830  5009357.946  3221026.804
2022  62  27373 GPS  -2267816.504  5009358.688  3221027.218
2022  62  27374 GPS  -2267816.131  5009358.877  3221027.447
2022  62  27375 GPS  -2267816.193  5009358.863  3221027.532
2022  62  27376 GPS  -2267815.835  5009358.716  3221027.461
2022  62  27377 GPS  -2267816.073  5009358.905  3221027.570
2022  62  27378 GPS  -2267816.260  5009359.212  3221027.940
2022  62  27379 GPS  -2267816.150  5009358.933  3221027.632
2022  62  27380 GPS  -2267815.843  5009357.989  3221027.333
2022  62  27381 GPS  -2267815.465  5009357.782  3221026.802
2022  62  27382 GPS  -2267814.877  5009356.929  3221026.518
2022  62  27383 GPS  -2267814.781  5009356.425  3221026.318
2022  62  27384 GPS  -2267814.738  5009356.415  3221026.240
2022  62  27385 GPS  -2267814.407  5009355.635  3221026.078
2022  62  27386 GPS  -2267813.948  5009354.210  3221025.228
2022  62  27387 GPS  -2267814.414  5009353.458  3221025.131
2022  62  27388 GPS  -2267814.430  5009352.717  3221024.867
2022  62  27389 GPS  -2267814.096  5009352.167  3221024.231
2022  62  27390 GPS  -2267813.633  5009352.254  3221023.929
2022  62  27391 GPS  -2267813.079  5009351.548  3221022.992
2022  62  27392 GPS  -2267812.758  5009351.307  3221021.925
2022  62  27393 GPS  -2267812.395  5009350.771  3221020.937
2022  62  27394 GPS  -2267812.018  5009350.073  3221020.141
2022  62  27395 GPS  -2267811.232  5009350.207  3221019.409
2022  62  27396 GPS  -2267810.595  5009350.240  3221018.710
2022  62  27397 GPS  -2267809.988  5009350.201  3221018.228
2022  62  27398 GPS  -2267809.221  5009349.612  3221017.460
2022  62  27399 GPS  -2267809.321  5009349.159  3221016.722
2022  62  27400 GPS  -2267808.673  5009348.661  3221015.773
2022  62  27401 GPS  -2267808.063  5009349.015  3221015.052
2022  62  27402 GPS  -2267807.350  5009349.257  3221014.562
2022  62  27403 GPS  -2267806.080  5009348.836  3221013.495
2022  62  27404 GPS  -2267805.176  5009348.331  3221012.435
2022  62  27405 GPS  -2267805.614  5009349.968  3221012.651
2022  62  27406 GPS  -2267805.027  5009350.710  3221012.239
2022  62  27407 GPS  -2267804.837  5009351.640  3221012.259
2022  62  27408 GPS  -2267804.711  5009352.690  3221012.247
2022  62  27409 GPS  -2267804.651  5009353.283  3221011.950
2022  62  27410 GPS  -2267804.574  5009354.532  3221012.061
2022  62  27411 GPS  -2267804.654  5009355.277  3221012.091
2022  62  27412 GPS  -2267804.852  5009355.865  3221012.188
2022  62  27413 GPS  -2267804.935  5009356.289  3221012.381
2022  62  27414 GPS  -2267805.194  5009356.642  3221012.262
2022  62  27415 GPS  -2267804.843  5009357.696  3221012.250
2022  62  27416 GPS  -2267805.356  5009358.202  3221012.825
2022  62  27417 GPS  -2267805.832  5009358.506  3221013.116
2022  62  27418 GPS  -2267806.596  5009359.066  3221013.927
2022  62  27419 GPS  -2267806.850  5009359.368  3221014.378
2022  62  27420 GPS  -2267807.528  5009359.891  3221014.817
2022  62  27421 GPS  -2267808.066  5009359.812  3221015.167
2022  62  27422 GPS  -2267809.136  5009359.630  3221015.830
2022  62  27423 GPS  -2267810.447  5009359.460  3221016.361
2022  62  27424 GPS  -2267811.217  5009359.388  3221016.617
2022  62  27425 GPS  -2267811.822  5009359.920  3221016.951
2022  62  27426 GPS  -2267812.310  5009359.802  3221016.960
2022  62  27427 GPS  -2267812.861  5009359.874  3221017.431
2022  62  27428 GPS  -2267813.231  5009359.884  3221017.664
2022  62  27429 GPS  -2267813.376  5009359.173  3221017.525
2022  62  27430 GPS  -2267813.372  5009359.011  3221017.477
2022  62  27431 GPS  -2267812.978  5009358.497  3221017.460
2022  62  27432 GPS  -2267813.068  5009357.663  3221017.022
2022  62  27433 GPS  -2267812.611  5009357.517  3221016.960
2022  62  27434 GPS  -2267811.736  5009356.614  3221016.672
2022  62  27435 GPS  -2267811.406  5009356.105  3221016.637
2022  62  27436 GPS  -2267811.236  5009355.955  3221016.401
2022  62  27437 GPS  -2267810.643  5009354.983  3221016.108
2022  62  27438 GPS  -2267810.287  5009354.462  3221016.422
2022  62  27439 GPS  -2267809.708  5009353.253  3221016.036
2022  62  27440 GPS  -2267808.712  5009352.262  3221015.602
2022  62  27441 GPS  -2267808.702  5009352.248  3221015.894
2022  62  27442 GPS  -2267808.310  5009351.716  3221016.366
2022  62  27443 GPS  -2267807.974  5009351.619  3221016.525
2022  62  27444 GPS  -2267807.578  5009351.483  3221016.570
2022  62  27445 GPS  -2267807.417  5009351.626  3221016.799
2022  62  27446 GPS  -2267807.790  5009351.944  3221016.747
2022  62  27447 GPS  -2267808.071  5009352.555  3221016.989
2022  62  27448 GPS  -2267808.829  5009353.235  3221017.450
2022  62  27449 GPS  -2267809.629  5009353.687  3221017.492
2022  62  27450 GPS  -2267810.121  5009354.418  3221018.040
2022  62  27451 GPS  -2267810.641  5009355.142  3221018.383
2022  62  27452 GPS  -2267811.153  5009355.292  3221018.589
2022  62  27453 GPS  -2267811.973  5009355.497  3221018.655
2022  62  27454 GPS  -2267812.351  5009355.239  3221018.522
2022  62  27455 GPS  -2267813.722  5009356.406  3221019.628
2022  62  27456 GPS  -2267814.310  5009356.621  3221019.605
2022  62  27457 GPS  -2267814.342  5009357.317  3221019.855
2022  62  27458 GPS  -2267814.752  5009357.414  3221019.826
2022  62  27459 GPS  -2267815.309  5009357.834  3221019.861
2022  62  27460 GPS  -2267815.723  5009358.327  3221019.805
2022  62  27461 GPS  -2267816.276  5009358.360  3221019.882
2022  62  27462 GPS  -2267816.945  5009358.622  3221019.749
2022  62  27463 GPS  -2267817.581  5009358.715  3221019.819
2022  62  27464 GPS  -2267818.034  5009358.673  3221019.674
2022  62  27465 GPS  -2267818.948  5009358.957  3221019.376
2022  62  27466 GPS  -2267819.766  5009359.080  3221019.224
2022  62  27467 GPS  -2267820.129  5009359.204  3221019.422
2022  62  27468 GPS  -2267820.310  5009359.023  3221019.314
2022  62  27469 GPS  -2267820.754  5009358.526  3221020.144
2022  62  27470 GPS  -2267821.108  5009358.233  3221020.161
2022  62  27471 GPS  -2267821.505  5009358.193  3221020.249
2022  62  27472 GPS  -2267820.826  5009357.281  3221020.092
2022  62  27473 GPS  -2267820.816  5009357.142  3221020.785
2022  62  27474 GPS  -2267820.036  5009356.226  3221020.492
2022  62  27475 GPS  -2267819.668  5009355.221  3221020.988
2022  62  27476 GPS  -2267819.679  5009353.943  3221021.105
2022  62  27477 GPS  -2267819.242  5009352.675  3221020.856
2022  62  27478 GPS  -2267818.572  5009351.699  3221020.839
2022  62  27479 GPS  -2267818.383  5009351.005  3221020.674
2022  62  27480 GPS  -2267817.813  5009349.319  3221020.385
2022  62  27481 GPS  -2267816.828  5009348.082  3221019.874
2022  62  27482 GPS  -2267816.489  5009347.756  3221019.790
2022  62  27483 GPS  -2267815.500  5009347.422  3221020.030
2022  62  27484 GPS  -2267814.374  5009346.639  3221019.769
2022  62  27485 GPS  -2267813.486  5009346.573  3221019.841
2022  62  27486 GPS  -2267812.531  5009345.745  3221019.497
2022  62  27487 GPS  -2267812.227  5009345.524  3221019.418
2022  62  27488 GPS  -2267811.770  5009346.109  3221020.071
2022  62  27489 GPS  -2267811.210  5009346.121  3221019.927
2022  62  27490 GPS  -2267811.729  5009347.269  3221020.924
2022  62  27491 GPS  -2267811.707  5009347.784  3221021.107
2022  62  27492 GPS  -2267811.551  5009348.607  3221021.573
2022  62  27493 GPS  -2267812.149  5009349.649  3221022.417
2022  62  27494 GPS  -2267812.680  5009350.831  3221023.295
2022  62  27495 GPS  -2267813.151  5009352.032  3221024.091
2022  62  27496 GPS  -2267813.111  5009352.321  3221024.460
2022  62  27497 GPS  -2267813.940  5009352.767  3221024.746
2022  62  27498 GPS  -2267814.046  5009353.478  3221025.342
2022  62  27499 GPS  -2267814.855  5009354.699  3221026.317
2022  62  27500 GPS  -2267816.065  5009356.209  3221027.229
2022  62  27501 GPS  -2267817.188  5009356.943  3221028.151
2022  62  27502 GPS  -2267817.369  5009357.661  3221028.675
2022  62  27503 GPS  -2267818.323  5009359.043  3221028.989
2022  62  27504 GPS  -2267819.277  5009359.914  3221029.355
2022  62  27505 GPS  -2267820.418  5009360.932  3221030.244
2022  62  27506 GPS  -2267820.705  5009361.235  3221030.433
2022  62  27507 GPS  -2267821.359  5009362.194  3221031.251
2022  62  27508 GPS  -2267821.393  5009362.114  3221031.360
2022  62  27509 GPS  -2267821.721  5009363.061  3221031.960
2022  62  27510 GPS  -2267822.205  5009363.441  3221032.349
2022  62  27511 GPS  -2267822.690  5009364.181  3221032.899
2022  62  27512 GPS  -2267822.623  5009364.179  3221032.496
2022  62  27513 GPS  -2267822.505  5009363.947  3221032.311
2022  62  27514 GPS  -2267822.760  5009364.471  3221032.625
2022  62  27515 GPS  -2267823.054  5009364.795  3221032.484
2022  62  27516 GPS  -2267823.672  5009365.965  3221032.894
2022  62  27517 GPS  -2267824.616  5009367.281  3221032.918
2022  62  27518 GPS  -2267825.120  5009367.917  3221033.156
2022  62  27519 GPS  -2267825.872  5009369.478  3221033.629
2022  62  27520 GPS  -2267825.823  5009369.630  3221033.151
2022  62  27521 GPS  -2267826.644  5009370.756  3221033.276
2022  62  27522 GPS  -2267826.923  5009372.155  3221033.684
2022  62  27523 GPS  -2267827.638  5009373.032  3221034.227
2022  62  27524 GPS  -2267828.039  5009373.742  3221034.464
2022  62  27525 GPS  -2267828.856  5009375.142  3221035.071
2022  62  27526 GPS  -2267829.549  5009376.713  3221035.227
2022  62  27527 GPS  -2267830.639  5009378.181  3221035.996
2022  62  27528 GPS  -2267831.009  5009378.958  3221036.083
2022  62  27529 GPS  -2267831.765  5009380.028  3221036.486
2022  62  27530 GPS  -2267832.430  5009380.395  3221036.069
2022  62  27531 GPS  -2267832.736  5009380.936  3221035.965
2022  62  27532 GPS  -2267833.074  5009381.245  3221035.744
2022  62  27533 GPS  -2267834.175  5009382.063  3221036.047
2022  62  27534 GPS  -2267834.506  5009382.025  3221035.717
2022  62  27535 GPS  -2267835.550  5009382.635  3221035.461
2022  62  27536 GPS  -2267836.371  5009383.527  3221035.322
2022  62  27537 GPS  -2267836.804  5009383.709  3221034.908
2022  62  27538 GPS  -2267837.004  5009383.807  3221034.991
2022  62  27539 GPS  -2267837.703  5009383.993  3221035.155
2022  62  27540 GPS  -2267838.127  5009383.443  3221034.648
2022  62  27541 GPS  -2267838.761  5009383.291  3221034.110
2022  62  27542 GPS  -2267839.300  5009383.831  3221033.670
2022  62  27543 GPS  -2267839.905  5009384.258  3221032.997
2022  62  27544 GPS  -2267840.632  5009384.611  3221032.651
2022  62  27545 GPS  -2267840.908  5009384.788  3221032.328
2022  62  27546 GPS  -2267841.096  5009384.879  3221031.543
2022  62  27547 GPS  -2267841.328  5009384.888  3221031.252
2022  62  27548 GPS  -2267841.055  5009384.585  3221030.295
2022  62  27549 GPS  -2267840.438  5009383.753  3221029.186
2022  62  27550 GPS  -2267840.177  5009383.402  3221028.227
2022  62  27551 GPS  -2267839.576  5009382.446  3221026.967
2022  62  27552 GPS  -2267839.320  5009382.282  3221026.297
2022  62  27553 GPS  -2267839.436  5009382.312  3221026.161
2022  62  27554 GPS  -2267839.026  5009382.214  3221025.921
2022  62  27555 GPS  -2267838.074  5009381.909  3221024.979
2022  62  27556 GPS  -2267838.186  5009382.475  3221024.659
2022  62  27557 GPS  -2267838.059  5009383.148  3221024.137
2022  62  27558 GPS  -2267837.530  5009383.244  3221024.140
2022  62  27559 GPS  -2267837.208  5009383.093  3221023.397
2022  62  27560 GPS  -2267837.106  5009383.591  3221023.049
2022  62  27561 GPS  -2267836.947  5009384.020  3221022.406
2022  62  27562 GPS  -2267837.016  5009384.535  3221021.856
2022  62  27563 GPS  -2267836.714  5009384.908  3221021.002
2022  62  27564 GPS  -2267837.376  5009385.762  3221021.303
2022  62  27565 GPS  -2267837.528  5009386.207  3221021.090
2022  62  27566 GPS  -2267837.856  5009386.525  3221020.594
2022  62  27567 GPS  -2267838.273  5009386.289  3221020.361
2022  62  27568 GPS  -2267838.915  5009386.690  3221020.717
2022  62  27569 GPS  -2267839.336  5009387.148  3221021.120
2022  62  27570 GPS  -2267839.840  5009387.159  3221020.569
2022  62  27571 GPS  -2267840.984  5009388.115  3221020.998
2022  62  27572 GPS  -2267841.992  5009388.853  3221021.203
2022  62  27573 GPS  -2267842.841  5009390.182  3221021.444
2022  62  27574 GPS  -2267843.724  5009390.310  3221021.453
2022  62  27575 GPS  -2267844.195  5009390.361  3221021.756
2022  62  27576 GPS  -2267844.084  5009390.020  3221021.534
2022  62  27577 GPS  -2267843.986  5009389.279  3221020.914
2022  62  27578 GPS  -2267843.385  5009388.985  3221020.567
2022  62  27579 GPS  -2267843.460  5009389.080  3221020.962
2022  62  27580 GPS  -2267843.322  5009389.183  3221020.986
2022  62  27581 GPS  -2267843.441  5009389.506  3221021.571
2022  62  27582 GPS  -2267843.577  5009390.105  3221022.225
2022  62  27583 GPS  -2267843.733  5009391.113  3221022.776
2022  62  27584 GPS  -2267843.396  5009391.592  3221023.322
2022  62  27585 GPS  -2267842.986  5009392.610  3221024.222
2022  62  27586 GPS  -2267842.704  5009393.592  3221024.831
2022  62  27587 GPS  -2267842.744  5009394.281  3221025.158
2022  62  27588 GPS  -2267842.476  5009394.424  3221025.099
2022  62  27589 GPS  -2267842.034  5009394.798  3221025.295
2022  62  27590 GPS  -2267841.758  5009395.150  3221026.208
2022  62  27591 GPS  -2267841.215  5009395.791  3221026.754
2022  62  27592 GPS  -2267841.159  5009396.968  3221027.758
2022  62  27593 GPS  -2267841.143  5009398.070  3221028.298
2022  62  27594 GPS  -2267840.972  5009399.058  3221028.669
2022  62  27595 GPS  -2267840.915  5009400.004  3221029.264
2022  62  27596 GPS  -2267840.532  5009401.204  3221030.040
2022  62  27597 GPS  -2267840.033  5009401.275  3221030.442
2022  62  27598 GPS  -2267840.234  5009402.265  3221031.067
2022  62  27599 GPS  -2267840.652  5009403.136  3221032.136
2022  62  27600 GPS  -2267840.671  5009403.915  3221032.977
2022  62  27601 GPS  -2267840.579  5009403.974  3221033.443
2022  62  27602 GPS  -2267841.035  5009404.697  3221034.491
2022  62  27603 GPS  -2267842.032  5009405.553  3221035.381
2022  62  27604 GPS  -2267842.175  5009406.188  3221036.013
2022  62  27605 GPS  -2267843.193  5009407.059  3221036.949
2022  62  27606 GPS  -2267843.353  5009407.490  3221037.875
2022  62  27607 GPS  -2267843.426  5009407.579  3221038.310
2022  62  27608 GPS  -2267843.564  5009407.974  3221039.182
2022  62  27609 GPS  -2267843.577  5009409.110  3221040.098
2022  62  27610 GPS  -2267843.805  5009409.575  3221040.846
2022  62  27611 GPS  -2267844.323  5009410.820  3221041.788
2022  62  27612 GPS  -2267844.390  5009411.150  3221042.071
2022  62  27613 GPS  -2267844.703  5009411.560  3221042.530
2022  62  27614 GPS  -2267845.280  5009412.480  3221043.123
2022  62  27615 GPS  -2267845.138  5009412.447  3221043.950
2022  62  27616 GPS  -2267845.298  5009413.213  3221044.414
2022  62  27617 GPS  -2267845.643  5009414.399  3221045.270
2022  62  27618 GPS  -2267845.410  5009413.898  3221045.493
2022  62  27619 GPS  -2267845.130  5009413.261  3221045.979
2022  62  27620 GPS  -2267845.039  5009412.740  3221045.688
2022  62  27621 GPS  -2267845.064  5009412.566  3221046.200
2022  62  27622 GPS  -2267845.105  5009412.396  3221046.597
2022  62  27623 GPS  -2267845.263  5009411.915  3221046.738
2022  62  27624 GPS  -2267845.235  5009411.363  3221046.667
2022  62  27625 GPS  -2267844.968  5009410.936  3221046.624
2022  62  27626 GPS  -2267844.518  5009409.790  3221046.416
2022  62  27627 GPS  -2267843.891  5009408.732  3221046.426
2022  62  27628 GPS  -2267844.273  5009408.892  3221047.019
2022  62  27629 GPS  -2267844.938  5009409.365  3221047.529
2022  62  27630 GPS  -2267845.012  5009408.575  3221048.194
2022  62  27631 GPS  -2267844.553  5009406.682  3221048.147
2022  62  27632 GPS  -2267844.708  5009406.066  3221048.157
2022  62  27633 GPS  -2267844.268  5009405.457  3221048.691
2022  62  27634 GPS  -2267843.739  5009404.674  3221048.743
2022  62  27635 GPS  -2267843.163  5009404.295  3221048.838
2022  62  27636 GPS  -2267842.744  5009403.966  3221049.455
2022  62  27637 GPS  -2267842.180  5009403.647  3221049.850
2022  62  27638 GPS  -2267841.456  5009403.001  3221049.839
2022  62  27639 GPS  -2267840.495  5009401.774  3221049.487
2022  62  27640 GPS  -2267840.059  5009402.581  3221050.117
2022  62  27641 GPS  -2267839.879  5009402.687  3221049.853
2022  62  27642 GPS  -2267839.729  5009403.397  3221050.402
2022  62  27643 GPS  -2267839.266  5009404.006  3221050.747
2022  62  27644 GPS  -2267837.566  5009402.784  3221050.404
2022  62  27645 GPS  -2267837.010  5009402.860  3221050.540
2022  62  27646 GPS  -2267836.098  5009402.564  3221050.238
2022  62  27647 GPS  -2267835.905  5009402.519  3221049.905
2022  62  27648 GPS  -2267835.194  5009402.578  3221049.238
2022  62  27649 GPS  -2267834.143  5009402.240  3221049.058
2022  62  27650 GPS  -2267833.035  5009401.950  3221048.745
2022  62  27651 GPS  -2267832.324  5009401.892  3221048.430
2022  62  27652 GPS  -2267831.252  5009401.425  3221048.477
2022  62  27653 GPS  -2267830.613  5009400.986  3221048.327
2022  62  27654 GPS  -2267830.034  5009400.084  3221047.921
2022  62  27655 GPS  -2267828.980  5009398.642  3221047.321
2022  62  27656 GPS  -2267828.349  5009398.518  3221047.008
2022  62  27657 GPS  -2267827.939  5009398.394  3221047.043
2022  62  27658 GPS  -2267827.513  5009398.401  3221046.956
2022  62  27659 GPS  -2267827.152  5009398.526  3221046.880
2022  62  27660 GPS  -2267827.468  5009398.961  3221047.293
2022  62  27661 GPS  -2267827.409  5009398.654  3221047.268
2022  62  27662 GPS  -2267827.306  5009398.742  3221047.166
2022  62  27663 GPS  -2267826.911  5009397.751  3221047.022
2022  62  27664 GPS  -2267826.160  5009396.738  3221046.827
2022  62  27665 GPS  -2267826.058  5009396.732  3221046.629
2022  62  27666 GPS  -2267826.205  5009397.102  3221047.489
2022  62  27667 GPS  -2267825.702  5009396.815  3221047.966
2022  62  27668 GPS  -2267825.007  5009396.526  3221047.913
2022  62  27669 GPS  -2267824.379  5009396.365  3221048.152
2022  62  27670 GPS  -2267824.057  5009396.304  3221048.280
2022  62  27671 GPS  -2267825.262  5009403.711  3221062.697
2022  62  27672 GPS  -2267825.001  5009403.393  3221062.951
2022  62  27673 GPS  -2267824.722  5009403.329  3221062.536
2022  62  27674 GPS  -2267823.909  5009402.618  3221062.388
2022  62  27675 GPS  -2267823.395  5009402.875  3221062.770
2022  62  27676 GPS  -2267822.905  5009403.226  3221062.982
2022  62  27677 GPS  -2267816.861  5009367.954  3220996.072
2022  62  27678 GPS  -2267818.037  5009376.585  3221010.884
2022  62  27679 GPS  -2267819.144  5009386.103  3221027.765
2022  62  27680 GPS  -2267818.677  5009385.200  3221025.892
2022  62  27681 GPS  -2267821.274  5009405.502  3221063.831
2022  62  27682 GPS  -2267821.321  5009406.004  3221064.742
2022  62  27683 GPS  -2267821.347  5009407.223  3221065.593
2022  62  27684 GPS  -2267821.442  5009408.303  3221066.365
2022  62  27685 GPS  -2267821.531  5009408.599  3221066.583
2022  62  27686 GPS  -2267820.787  5009407.720  3221066.956
2022  62  27687 GPS  -2267813.667  5009363.453  3220982.438
2022  62  27688 GPS  -2267813.914  5009367.841  3220991.565
2022  62  27689 GPS  -2267814.184  5009370.437  3220997.425
2022  62  27690 GPS  -2267813.654  5009368.758  3220995.413
2022  62  27691 GPS  -2267814.631  5009376.270  3221009.304
2022  62  27692 GPS  -2267815.593  5009383.460  3221024.252
2022  62  27693 GPS  -2267814.650  5009378.364  3221015.671
2022  62  27694 GPS  -2267815.306  5009378.020  3221015.753
2022  62  27695 GPS  -2267815.243  5009376.105  3221011.971
2022  62  27696 GPS  -2267815.655  5009375.400  3221009.806
2022  62  27697 GPS  -2267817.769  5009383.288  3221023.430
2022  62  27698 GPS  -2267817.971  5009381.367  3221018.772
2022  62  27699 GPS  -2267818.642  5009384.580  3221023.950
2022  62  27700 GPS  -2267819.298  5009385.185  3221024.656
2022  62  27701 GPS  -2267818.867  5009379.783  3221014.262
2022  62  27702 GPS  -2267818.536  5009374.910  3221002.881
2022  62  27703 GPS  -2267819.344  5009378.900  3221008.495
2022  62  27704 GPS  -2267820.853  5009381.266  3221010.936
2022  62  27705 GPS  -2267821.634  5009383.361  3221013.587
2022  62  27706 GPS  -2267821.773  5009384.810  3221015.850
2022  62  27707 GPS  -2267822.661  5009386.280  3221017.533
2022  62  27708 GPS  -2267823.699  5009386.684  3221016.373
2022  62  27709 GPS  -2267825.275  5009389.448  3221018.852
2022  62  27710 GPS  -2267825.501  5009389.098  3221016.630
2022  62  27711 GPS  -2267826.168  5009391.016  3221018.310
2022  62  27712 GPS  -2267827.270  5009393.821  3221021.965
2022  62  27713 GPS  -2267828.265  5009395.896  3221025.025
2022  62  27714 GPS  -2267828.819  5009396.079  3221025.246
2022  62  27715 GPS  -2267830.125  5009397.219  3221026.748
2022  62  27716 GPS  -2267831.254  5009399.580  3221028.368
2022  62  27717 GPS  -2267831.952  5009400.914  3221030.068
2022  62  27718 GPS  -2267832.756  5009401.892  3221031.554
2022  62  27719 GPS  -2267833.822  5009403.849  3221034.616
2022  62  27720 GPS  -2267834.012  5009404.304  3221035.470
2022  62  27721 GPS  -2267836.748  5009423.123  3221072.218
2022  62  27722 GPS  -2267837.330  5009423.662  3221072.977
2022  62  27723 GPS  -2267837.824  5009424.046  3221073.365
2022  62  27724 GPS  -2267838.208  5009424.170  3221073.745
2022  62  27725 GPS  -2267838.356  5009423.712  3221074.378
2022  62  27726 GPS  -2267838.995  5009423.579  3221075.062
2022  62  27727 GPS  -2267835.746  5009397.112  3221022.945
2022  62  27728 GPS  -2267837.094  5009404.637  3221038.181
2022  62  27729 GPS  -2267837.643  5009404.958  3221038.704
2022  62  27730 GPS  -2267837.738  5009402.481  3221033.371
2022  62  27731 GPS  -2267838.357  5009400.456  3221029.080
2022  62  27732 GPS  -2267838.480  5009401.212  3221029.895
2022  62  27733 GPS  -2267837.508  5009394.703  3221016.930
2022  62  27734 GPS  -2267838.775  5009402.576  3221032.309
2022  62  27735 GPS  -2267838.684  5009399.728  3221027.332
2022  62  27736 GPS  -2267838.896  5009401.752  3221031.021
2022  62  27737 GPS  -2267839.126  5009402.668  3221032.721
2022  62  27738 GPS  -2267838.893  5009403.246  3221032.870
2022  62  27739 GPS  -2267839.656  5009406.980  3221039.776
2022  62  27740 GPS  -2267838.698  5009401.623  3221029.088
2022  62  27741 GPS  -2267842.559  5009431.585  3221087.455
2022  62  27742 GPS  -2267842.556  5009432.149  3221088.278
2022  62  27743 GPS  -2267842.060  5009431.562  3221088.135
2022  62  27744 GPS  -2267841.000  5009430.330  3221087.255
2022  62  27745 GPS  -2267840.657  5009430.004  3221087.584
2022  62  27746 GPS  -2267834.095  5009385.244  3221001.726
2022  62  27747 GPS  -2267833.935  5009382.599  3220996.775
2022  62  27748 GPS  -2267835.031  5009388.037  3221006.706
2022  62  27749 GPS  -2267835.505  5009388.027  3221006.859
2022  62  27750 GPS  -2267836.973  5009396.167  3221023.644
2022  62  27751 GPS  -2267838.371  5009403.178  3221038.030
2022  62  27752 GPS  -2267839.114  5009404.546  3221041.402
2022  62  27753 GPS  -2267838.601  5009399.293  3221032.368
2022  62  27754 GPS  -2267838.533  5009395.183  3221025.428
2022  62  27755 GPS  -2267839.165  5009394.849  3221025.294
2022  62  27756 GPS  -2267839.887  5009397.859  3221032.182
2022  62  27757 GPS  -2267841.492  5009402.424  3221041.330
2022  62  27758 GPS  -2267841.745  5009400.935  3221039.442
2022  62  27759 GPS  -2267842.084  5009397.443  3221034.264
2022  62  27760 GPS  -2267841.727  5009394.533  3221030.373
2022  62  27761 GPS  -2267841.803  5009394.423  3221030.463
2022  62  27762 GPS  -2267841.465  5009394.137  3221029.965
2022  62  27763 GPS  -2267841.614  5009395.229  3221032.534
2022  62  27764 GPS  -2267840.580  5009392.235  3221028.667
2022  62  27765 GPS  -2267841.127  5009392.018  3221029.144
2022  62  27766 GPS  -2267841.133  5009393.336  3221032.237
2022  62  27767 GPS  -2267840.424  5009392.832  3221032.153
2022  62  27768 GPS  -2267839.424  5009393.390  3221034.815
2022  62  27769 GPS  -2267838.221  5009393.460  3221036.040
2022  62  27770 GPS  -2267837.591  5009392.781  3221035.646
2022  62  27771 GPS  -2267836.867  5009391.777  3221033.915
2022  62  27772 GPS  -2267836.591  5009392.049  3221034.876
2022  62  27773 GPS  -2267835.694  5009393.120  3221037.378
2022  62  27774 GPS  -2267834.691  5009392.463  3221037.265
2022  62  27775 GPS  -2267833.504  5009391.258  3221036.450
2022  62  27776 GPS  -2267832.652  5009390.379  3221036.597
2022  62  27777 GPS  -2267832.030  5009390.008  3221037.242
2022  62  27778 GPS  -2267830.795  5009388.205  3221036.121
2022  62  27779 GPS  -2267829.679  5009387.101  3221035.807
2022  62  27780 GPS  -2267829.345  5009387.425  3221037.026
2022  62  27781 GPS  -2267828.782  5009387.150  3221038.347
2022  62  27782 GPS  -2267828.484  5009386.867  3221039.697
2022  62  27783 GPS  -2267828.564  5009386.771  3221040.776
2022  62  27784 GPS  -2267828.108  5009386.182  3221041.166
2022  62  27785 GPS  -2267827.988  5009385.774  3221041.541
2022  62  27786 GPS  -2267827.855  5009385.420  3221041.872
2022  62  27787 GPS  -2267827.628  5009384.924  3221042.196
2022  62  27788 GPS  -2267827.442  5009384.728  3221042.944
2022  62  27789 GPS  -2267827.572  5009384.609  3221043.035
2022  62  27790 GPS  -2267827.263  5009384.544  3221043.585
2022  62  27791 GPS  -2267826.700  5009383.928  3221043.250
2022  62  27792 GPS  -2267826.320  5009384.449  3221043.877
2022  62  27793 GPS  -2267826.132  5009384.460  3221044.447
2022  62  27794 GPS  -2267826.526  5009385.526  3221045.209
2022  62  27795 GPS  -2267827.397  5009386.879  3221046.379
2022  62  27796 GPS  -2267827.214  5009387.105  3221046.532
2022  62  27797 GPS  -2267827.135  5009387.752  3221046.765
2022  62  27798 GPS  -2267827.060  5009388.619  3221047.668
2022  62  27799 GPS  -2267827.363  5009389.971  3221049.115
2022  62  27800 GPS  -2267826.675  5009389.821  3221049.340
2022  62  27801 GPS  -2267826.430  5009390.204  3221049.739
2022  62  27802 GPS  -2267825.927  5009390.179  3221049.674
2022  62  27803 GPS  -2267824.824  5009389.486  3221049.798
2022  62  27804 GPS  -2267824.506  5009388.666  3221048.830
2022  62  27805 GPS  -2267823.484  5009387.988  3221048.608
2022  62  27806 GPS  -2267823.372  5009388.281  3221049.054
2022  62  27807 GPS  -2267822.852  5009388.661  3221050.021
2022  62  27808 GPS  -2267822.180  5009387.876  3221049.680
2022  62  27809 GPS  -2267821.499  5009387.661  3221050.247
2022  62  27810 GPS  -2267820.953  5009387.332  3221050.154
2022  62  27811 GPS  -2267820.257  5009386.824  3221050.541
2022  62  27812 GPS  -2267819.981  5009386.164  3221051.115
2022  62  27813 GPS  -2267819.453  5009385.413  3221050.967
2022  62  27814 GPS  -2267818.773  5009384.795  3221050.527
2022  62  27815 GPS  -2267818.716  5009384.199  3221050.767
2022  62  27816 GPS  -2267818.432  5009383.077  3221050.490
2022  62  27817 GPS  -2267817.638  5009382.209  3221050.155
2022  62  27818 GPS  -2267817.141  5009381.878  3221050.193
2022  62  27819 GPS  -2267817.106  5009381.339  3221050.446
2022  62  27820 GPS  -2267816.550  5009380.629  3221050.001
2022  62  27821 GPS  -2267815.738  5009379.842  3221049.915
2022  62  27822 GPS  -2267814.988  5009379.399  3221049.545
2022  62  27823 GPS  -2267814.445  5009378.847  3221049.395
2022  62  27824 GPS  -2267813.456  5009378.689  3221048.763
2022  62  27825 GPS  -2267813.353  5009377.772  3221048.294
2022  62  27826 GPS  -2267813.606  5009378.008  3221048.589
2022  62  27827 GPS  -2267813.830  5009378.076  3221048.594
2022  62  27828 GPS  -2267813.826  5009377.417  3221048.409
2022  62  27829 GPS  -2267813.557  5009376.849  3221047.995
2022  62  27830 GPS  -2267813.928  5009376.356  3221047.868
2022  62  27831 GPS  -2267814.796  5009384.264  3221064.162
2022  62  27832 GPS  -2267815.258  5009383.806  3221063.952
2022  62  27833 GPS  -2267815.114  5009383.247  3221063.775
2022  62  27834 GPS  -2267814.947  5009382.907  3221063.491
2022  62  27835 GPS  -2267815.169  5009382.938  3221063.460
2022  62  27836 GPS  -2267814.911  5009382.503  3221063.796
2022  62  27837 GPS  -2267814.384  5009382.090  3221063.910
2022  62  27838 GPS  -2267814.933  5009382.012  3221064.170
2022  62  27839 GPS  -2267813.515  5009371.571  3221044.021
2022  62  27840 GPS  -2267813.955  5009372.154  3221044.731
2022  62  27841 GPS  -2267814.233  5009367.776  3221036.006
2022  62  27842 GPS  -2267814.380  5009369.077  3221039.196
2022  62  27843 GPS  -2267814.753  5009370.814  3221043.903
2022  62  27844 GPS  -2267814.493  5009368.268  3221039.792
2022  62  27845 GPS  -2267814.818  5009371.065  3221045.531
2022  62  27846 GPS  -2267814.757  5009369.060  3221040.809
2022  62  27847 GPS  -2267814.503  5009362.724  3221029.091
2022  62  27848 GPS  -2267815.304  5009366.070  3221035.356
2022  62  27849 GPS  -2267816.739  5009369.984  3221041.708
2022  62  27850 GPS  -2267817.373  5009369.103  3221039.732
2022  62  27851 GPS  -2267817.628  5009368.608  3221038.172
2022  62  27852 GPS  -2267818.305  5009367.647  3221036.121
2022  62  27853 GPS  -2267818.671  5009365.861  3221031.329
2022  62  27854 GPS  -2267818.584  5009366.326  3221033.200
2022  62  27855 GPS  -2267819.314  5009369.817  3221039.532
2022  62  27856 GPS  -2267820.119  5009372.027  3221042.987
2022  62  27857 GPS  -2267820.600  5009372.628  3221043.902
2022  62  27858 GPS  -2267821.199  5009372.850  3221044.025
2022  62  27859 GPS  -2267821.289  5009372.561  3221043.338
2022  62  27860 GPS  -2267821.577  5009372.102  3221042.841
2022  62  27861 GPS  -2267821.973  5009373.030  3221044.858
2022  62  27862 GPS  -2267822.273  5009373.296  3221046.038
2022  62  27863 GPS  -2267822.305  5009371.624  3221043.321
2022  62  27864 GPS  -2267821.948  5009369.471  3221040.565
2022  62  27865 GPS  -2267821.578  5009368.104  3221038.921
2022  62  27866 GPS  -2267821.450  5009367.633  3221037.594
2022  62  27867 GPS  -2267821.722  5009367.000  3221036.785
2022  62  27868 GPS  -2267821.926  5009366.582  3221035.548
2022  62  27869 GPS  -2267821.793  5009366.658  3221035.312
2022  62  27870 GPS  -2267821.742  5009367.608  3221035.941
2022  62  27871 GPS  -2267821.902  5009367.655  3221036.339
2022  62  27872 GPS  -2267821.846  5009367.120  3221035.898
2022  62  27873 GPS  -2267821.504  5009367.133  3221035.891
2022  62  27874 GPS  -2267820.663  5009366.678  3221035.148
2022  62  27875 GPS  -2267819.892  5009366.296  3221035.049
2022  62  27876 GPS  -2267819.219  5009365.782  3221034.488
2022  62  27877 GPS  -2267818.343  5009364.428  3221032.778
2022  62  27878 GPS  -2267817.258  5009363.616  3221032.285
2022  62  27879 GPS  -2267816.654  5009362.509  3221031.293
2022  62  27880 GPS  -2267816.306  5009362.455  3221031.263
2022  62  27881 GPS  -2267816.360  5009362.777  3221030.241
2022  62  27882 GPS  -2267816.337  5009362.514  3221029.891
2022  62  27883 GPS  -2267816.222  5009361.898  3221028.885
2022  62  27884 GPS  -2267815.769  5009361.959  3221028.940
2022  62  27885 GPS  -2267815.870  5009362.319  3221028.955
2022  62  27886 GPS  -2267815.579  5009362.497  3221029.021
2022  62  27887 GPS  -2267814.443  5009361.810  3221027.937
2022  62  27888 GPS  -2267814.363  5009361.261  3221026.806
2022  62  27889 GPS  -2267814.109  5009361.369  3221026.526
2022  62  27890 GPS  -2267813.657  5009361.282  3221025.990
2022  62  27891 GPS  -2267815.208  5009374.858  3221053.250
2022  62  27892 GPS  -2267814.930  5009374.901  3221053.111
2022  62  27893 GPS  -2267814.712  5009375.632  3221052.904
2022  62  27894 GPS  -2267814.495  5009376.263  3221052.925
2022  62  27895 GPS  -2267814.829  5009377.177  3221053.194
2022  62  27896 GPS  -2267811.341  5009350.024  3220997.467
2022  62  27897 GPS  -2267811.731  5009353.958  3221003.786
2022  62  27898 GPS  -2267812.708  5009359.092  3221012.293
2022  62  27899 GPS  -2267813.056  5009361.290  3221015.969
2022  62  27900 GPS  -2267812.448  5009356.552  3221005.910
2022  62  27901 GPS  -2267813.971  5009361.663  3221013.549
2022  62  27902 GPS  -2267814.149  5009361.582  3221011.070
2022  62  27903 GPS  -2267813.600  5009357.767  3221003.547
2022  62  27904 GPS  -2267814.542  5009362.739  3221013.696
2022  62  27905 GPS  -2267814.247  5009363.431  3221014.311
2022  62  27906 GPS  -2267813.459  5009362.284  3221011.825
2022  62  27907 GPS  -2267813.796  5009364.500  3221014.658
2022  62  27908 GPS  -2267814.179  5009367.608  3221019.405
2022  62  27909 GPS  -2267814.645  5009371.260  3221025.682
2022  62  27910 GPS  -2267815.488  5009374.746  3221031.430
2022  62  27911 GPS  -2267815.759  5009376.020  3221032.613
2022  62  27912 GPS  -2267816.204  5009378.046  3221034.910
2022  62  27913 GPS  -2267817.098  5009377.836  3221032.085
2022  62  27914 GPS  -2267818.162  5009376.999  3221029.074
2022  62  27915 GPS  -2267818.386  5009376.482  3221027.677
2022  62  27916 GPS  -2267819.363  5009377.547  3221028.761
2022  62  27917 GPS  -2267819.653  5009378.655  3221030.296
2022  62  27918 GPS  -2267820.592  5009380.967  3221034.147
2022  62  27919 GPS  -2267821.507  5009380.823  3221034.028
2022  62  27920 GPS  -2267822.238  5009381.791  3221035.733
2022  62  27921 GPS  -2267822.611  5009381.157  3221034.343
2022  62  27922 GPS  -2267823.353  5009380.584  3221033.507
2022  62  27923 GPS  -2267824.213  5009379.776  3221032.646
2022  62  27924 GPS  -2267824.941  5009380.403  3221033.323
2022  62  27925 GPS  -2267825.932  5009380.739  3221033.088
2022  62  27926 GPS  -2267826.667  5009381.672  3221034.387
2022  62  27927 GPS  -2267826.918  5009382.117  3221034.907
2022  62  27928 GPS  -2267827.866  5009383.555  3221035.596
2022  62  27929 GPS  -2267828.422  5009383.732  3221035.605
2022  62  27930 GPS  -2267829.095  5009384.675  3221036.170
2022  62  27931 GPS  -2267830.955  5009398.794  3221065.039
2022  62  27932 GPS  -2267831.307  5009398.839  3221065.082
2022  62  27933 GPS  -2267831.721  5009399.117  3221065.000
2022  62  27934 GPS  -2267831.570  5009398.816  3221064.522
2022  62  27935 GPS  -2267831.177  5009398.283  3221064.049
2022  62  27936 GPS  -2267831.151  5009397.329  3221063.853
2022  62  27937 GPS  -2267828.128  5009365.226  3220999.887
2022  62  27938 GPS  -2267828.895  5009369.149  3221009.847
2022  62  27939 GPS  -2267829.645  5009371.515  3221014.892
2022  62  27940 GPS  -2267829.704  5009370.400  3221013.244
2022  62  27941 GPS  -2267829.815  5009370.896  3221013.740
2022  62  27942 GPS  -2267829.299  5009363.223  3220998.342
2022  62  27943 GPS  -2267829.739  5009365.013  3221002.998
2022  62  27944 GPS  -2267830.875  5009375.124  3221024.574
2022  62  27945 GPS  -2267830.453  5009373.159  3221022.509
2022  62  27946 GPS  -2267830.503  5009370.879  3221017.375
2022  62  27947 GPS  -2267830.288  5009367.746  3221011.604
2022  62  27948 GPS  -2267830.809  5009372.017  3221018.661
2022  62  27949 GPS  -2267831.262  5009374.319  3221022.205
2022  62  27950 GPS  -2267831.858  5009375.491  3221023.488
2022  62  27951 GPS  -2267834.511  5009395.010  3221062.706
2022  62  27952 GPS  -2267834.730  5009394.624  3221062.017
2022  62  27953 GPS  -2267835.164  5009395.697  3221062.392
2022  62  27954 GPS  -2267835.719  5009395.949  3221062.373
2022  62  27955 GPS  -2267835.732  5009396.237  3221062.523
2022  62  27956 GPS  -2267842.508  5009458.050  3221187.942
2022  62  27957 GPS  -2267835.488  5009394.580  3221057.217
2022  62  27958 GPS  -2267834.414  5009377.435  3221020.901
2022  62  27959 GPS  -2267834.597  5009377.854  3221020.269
2022  62  27960 GPS  -2267835.037  5009381.488  3221026.876
2022  62  27961 GPS  -2267835.003  5009383.660  3221031.786
2022  62  27962 GPS  -2267835.062  5009385.886  3221036.949
2022  62  27963 GPS  -2267835.056  5009388.597  3221041.982
2022  62  27964 GPS  -2267834.926  5009388.380  3221041.851
2022  62  27965 GPS  -2267834.307  5009388.333  3221040.589
2022  62  27966 GPS  -2267832.942  5009385.311  3221036.857
2022  62  27967 GPS  -2267831.155  5009381.374  3221030.709
2022  62  27968 GPS  -2267830.597  5009380.956  3221031.718
2022  62  27969 GPS  -2267829.607  5009381.470  3221034.890
2022  62  27970 GPS  -2267829.362  5009379.800  3221032.793
2022  62  27971 GPS  -2267829.048  5009376.395  3221027.270
2022  62  27972 GPS  -2267828.414  5009373.772  3221023.808
2022  62  27973 GPS  -2267828.280  5009374.112  3221026.083
2022  62  27974 GPS  -2267827.396  5009371.536  3221023.640
2022  62  27975 GPS  -2267826.390  5009367.910  3221018.423
2022  62  27976 GPS  -2267825.814  5009368.489  3221022.132
2022  62  27977 GPS  -2267825.502  5009369.502  3221026.320
2022  62  27978 GPS  -2267825.485  5009369.887  3221028.206
2022  62  27979 GPS  -2267824.945  5009368.980  3221028.118
2022  62  27980 GPS  -2267824.249  5009365.902  3221024.127
2022  62  27981 GPS  -2267824.397  5009365.196  3221022.245
2022  62  27982 GPS  -2267824.685  5009365.256  3221021.958
2022  62  27983 GPS  -2267824.822  5009364.322  3221019.914
2022  62  27984 GPS  -2267825.111  5009363.499  3221017.889
2022  62  27985 GPS  -2267825.086  5009363.340  3221016.917
2022  62  27986 GPS  -2267824.811  5009362.142  3221016.090
2022  62  27987 GPS  -2267824.779  5009363.423  3221017.914
2022  62  27988 GPS  -2267825.178  5009364.138  3221018.678
2022  62  27989 GPS  -2267826.319  5009365.531  3221019.916
2022  62  27990 GPS  -2267826.180  5009366.084  3221020.858
2022  62  27991 GPS  -2267826.622  5009368.321  3221022.999
2022  62  27992 GPS  -2267827.203  5009370.156  3221024.007
2022  62  27993 GPS  -2267828.044  5009372.130  3221025.462
2022  62  27994 GPS  -2267829.019  5009373.912  3221025.978
2022  62  27995 GPS  -2267829.419  5009375.494  3221026.980
2022  62  27996 GPS  -2267830.074  5009376.396  3221027.384
2022  62  27997 GPS  -2267830.425  5009376.812  3221027.690
2022  62  27998 GPS  -2267830.509  5009377.499  3221028.793
2022  62  27999 GPS  -2267831.437  5009378.777  3221029.808
2022  62  28000 GPS  -2267832.000  5009378.768  3221029.600
2022  62  28001 GPS  -2267832.417  5009378.476  3221029.333
2022  62  28002 GPS  -2267832.603  5009377.805  3221029.120
2022  62  28003 GPS  -2267832.195  5009377.249  3221029.057
2022  62  28004 GPS  -2267831.937  5009376.909  3221028.979
2022  62  28005 GPS  -2267832.331  5009376.531  3221029.058
2022  62  28006 GPS  -2267832.996  5009376.591  3221029.060
2022  62  28007 GPS  -2267833.646  5009376.862  3221029.432
2022  62  28008 GPS  -2267833.642  5009375.744  3221029.712
2022  62  28009 GPS  -2267833.527  5009375.295  3221030.136
2022  62  28010 GPS  -2267833.444  5009374.484  3221030.246
2022  62  28011 GPS  -2267833.259  5009373.965  3221029.745
2022  62  28012 GPS  -2267833.386  5009373.515  3221030.448
2022  62  28013 GPS  -2267833.670  5009373.068  3221030.706
2022  62  28014 GPS  -2267833.778  5009372.330  3221030.736
2022  62  28015 GPS  -2267834.241  5009372.670  3221031.564
2022  62  28016 GPS  -2267835.281  5009373.097  3221031.941
2022  62  28017 GPS  -2267835.969  5009373.758  3221032.377
2022  62  28018 GPS  -2267836.625  5009374.047  3221032.612
2022  62  28019 GPS  -2267837.411  5009374.255  3221033.037
2022  62  28020 GPS  -2267837.980  5009374.394  3221033.298
2022  62  28021 GPS  -2267838.605  5009374.730  3221034.001
2022  62  28022 GPS  -2267839.371  5009374.781  3221034.791
2022  62  28023 GPS  -2267840.067  5009376.093  3221035.549
2022  62  28024 GPS  -2267840.290  5009376.183  3221035.771
2022  62  28025 GPS  -2267840.269  5009376.060  3221036.093
2022  62  28026 GPS  -2267841.085  5009376.458  3221036.594
2022  62  28027 GPS  -2267841.272  5009376.233  3221036.593
2022  62  28028 GPS  -2267841.969  5009376.812  3221037.503
2022  62  28029 GPS  -2267842.580  5009378.175  3221038.294
2022  62  28030 GPS  -2267843.336  5009379.037  3221038.751
2022  62  28031 GPS  -2267843.579  5009379.146  3221039.179
2022  62  28032 GPS  -2267843.884  5009379.969  3221040.101
2022  62  28033 GPS  -2267844.318  5009380.361  3221040.580
2022  62  28034 GPS  -2267844.734  5009381.019  3221041.144
2022  62  28035 GPS  -2267845.323  5009381.177  3221041.320
2022  62  28036 GPS  -2267845.891  5009381.457  3221042.062
2022  62  28037 GPS  -2267846.274  5009381.695  3221042.754
2022  62  28038 GPS  -2267846.904  5009381.702  3221043.107
2022  62  28039 GPS  -2267847.563  5009381.912  3221043.452
2022  62  28040 GPS  -2267847.874  5009382.061  3221043.785
2022  62  28041 GPS  -2267848.806  5009382.293  3221044.729
2022  62  28042 GPS  -2267849.248  5009382.211  3221045.161
2022  62  28043 GPS  -2267849.311  5009381.124  3221045.217
2022  62  28044 GPS  -2267849.457  5009380.765  3221045.438
2022  62  28045 GPS  -2267849.641  5009380.576  3221045.817
2022  62  28046 GPS  -2267849.986  5009379.951  3221046.235
2022  62  28047 GPS  -2267850.227  5009379.935  3221046.254
2022  62  28048 GPS  -2267850.104  5009379.897  3221046.695
2022  62  28049 GPS  -2267850.136  5009379.975  3221046.871
2022  62  28050 GPS  -2267850.644  5009380.075  3221046.971
2022  62  28051 GPS  -2267851.021  5009379.891  3221047.104
2022  62  28052 GPS  -2267852.036  5009380.390  3221047.807
2022  62  28053 GPS  -2267851.460  5009380.547  3221047.341
2022  62  28054 GPS  -2267850.389  5009379.769  3221046.806
2022  62  28055 GPS  -2267849.863  5009380.184  3221047.058
2022  62  28056 GPS  -2267848.794  5009379.387  3221046.598
2022  62  28057 GPS  -2267848.552  5009379.822  3221046.699
2022  62  28058 GPS  -2267848.717  5009380.574  3221047.259
2022  62  28059 GPS  -2267848.811  5009380.439  3221047.021
2022  62  28060 GPS  -2267848.247  5009380.311  3221046.790
2022  62  28061 GPS  -2267848.669  5009381.868  3221047.794
2022  62  28062 GPS  -2267849.129  5009382.469  3221048.479
2022  62  28063 GPS  -2267849.898  5009382.587  3221048.751
2022  62  28064 GPS  -2267850.651  5009383.428  3221049.348
2022  62  28065 GPS  -2267850.962  5009383.990  3221049.707
2022  62  28066 GPS  -2267851.812  5009384.977  3221050.339
2022  62  28067 GPS  -2267851.977  5009385.140  3221050.735
2022  62  28068 GPS  -2267852.623  5009385.991  3221051.177
2022  62  28069 GPS  -2267853.325  5009387.367  3221051.440
2022  62  28070 GPS  -2267854.765  5009389.002  3221052.066
2022  62  28071 GPS  -2267855.805  5009390.166  3221052.092
2022  62  28072 GPS  -2267856.395  5009390.990  3221052.120
2022  62  28073 GPS  -2267857.027  5009391.794  3221052.523
2022  62  28074 GPS  -2267857.586  5009391.441  3221051.846
2022  62  28075 GPS  -2267857.749  5009391.665  3221051.562
2022  62  28076 GPS  -2267858.124  5009391.263  3221051.183
2022  62  28077 GPS  -2267857.478  5009390.364  3221050.486
2022  62  28078 GPS  -2267857.639  5009390.288  3221050.406
2022  62  28079 GPS  -2267857.214  5009390.186  3221049.887
2022  62  28080 GPS  -2267857.298  5009389.688  3221049.408
2022  62  28081 GPS  -2267856.743  5009389.135  3221048.730
2022  62  28082 GPS  -2267856.154  5009388.443  3221047.716
2022  62  28083 GPS  -2267855.198  5009387.672  3221046.665
2022  62  28084 GPS  -2267854.900  5009387.125  3221046.247
2022  62  28085 GPS  -2267853.978  5009384.079  3221044.063
2022  62  28086 GPS  -2267853.346  5009384.325  3221043.964
2022  62  28087 GPS  -2267852.964  5009384.153  3221044.048
2022  62  28088 GPS  -2267851.855  5009383.295  3221043.485
2022  62  28089 GPS  -2267850.745  5009383.010  3221043.950
2022  62  28090 GPS  -2267849.902  5009381.988  3221044.197
2022  62  28091 GPS  -2267849.758  5009381.684  3221044.531
2022  62  28092 GPS  -2267849.987  5009382.390  3221044.809
2022  62  28093 GPS  -2267850.751  5009382.699  3221045.373
2022  62  28094 GPS  -2267850.884  5009383.109  3221045.947
2022  62  28095 GPS  -2267850.740  5009383.110  3221046.540
2022  62  28096 GPS  -2267850.687  5009383.371  3221047.263
2022  62  28097 GPS  -2267850.331  5009382.785  3221047.301
2022  62  28098 GPS  -2267850.422  5009382.790  3221047.997
2022  62  28099 GPS  -2267850.420  5009382.410  3221048.028
2022  62  28100 GPS  -2267850.653  5009382.158  3221048.315
2022  62  28101 GPS  -2267850.722  5009382.328  3221048.390
2022  62  28102 GPS  -2267851.723  5009383.051  3221049.044
2022  62  28103 GPS  -2267852.628  5009383.409  3221049.810
2022  62  28104 GPS  -2267853.467  5009383.692  3221050.283
2022  62  28105 GPS  -2267853.558  5009383.496  3221050.239
2022  62  28106 GPS  -2267853.916  5009383.714  3221050.359
2022  62  28107 GPS  -2267853.975  5009383.243  3221050.170
2022  62  28108 GPS  -2267854.169  5009383.469  3221050.661
2022  62  28109 GPS  -2267854.737  5009383.820  3221051.015
2022  62  28110 GPS  -2267854.769  5009383.360  3221050.841
2022  62  28111 GPS  -2267855.239  5009383.795  3221051.788
2022  62  28112 GPS  -2267855.559  5009383.436  3221052.178
2022  62  28113 GPS  -2267855.730  5009383.851  3221052.175
2022  62  28114 GPS  -2267856.031  5009384.498  3221052.428
2022  62  28115 GPS  -2267856.319  5009384.353  3221052.445
2022  62  28116 GPS  -2267856.491  5009383.872  3221052.428
2022  62  28117 GPS  -2267856.501  5009383.731  3221053.112
2022  62  28118 GPS  -2267856.799  5009384.007  3221053.456
2022  62  28119 GPS  -2267857.014  5009384.047  3221053.377
2022  62  28120 GPS  -2267856.905  5009383.664  3221053.819
2022  62  28121 GPS  -2267856.440  5009382.762  3221053.765
2022  62  28122 GPS  -2267856.372  5009382.189  3221054.069
2022  62  28123 GPS  -2267856.641  5009381.577  3221054.262
2022  62  28124 GPS  -2267856.607  5009380.577  3221054.097
2022  62  28125 GPS  -2267857.117  5009379.922  3221054.383
2022  62  28126 GPS  -2267857.243  5009379.579  3221054.199
2022  62  28127 GPS  -2267856.956  5009378.321  3221053.286
2022  62  28128 GPS  -2267856.910  5009378.151  3221053.174
2022  62  28129 GPS  -2267856.917  5009377.192  3221053.102
2022  62  28130 GPS  -2267855.896  5009376.242  3221052.724
2022  62  28131 GPS  -2267855.838  5009375.205  3221052.796
2022  62  28132 GPS  -2267855.422  5009374.680  3221052.525
2022  62  28133 GPS  -2267855.518  5009374.732  3221052.159
2022  62  28134 GPS  -2267855.063  5009374.657  3221051.960
2022  62  28135 GPS  -2267855.106  5009374.833  3221051.690
2022  62  28136 GPS  -2267855.273  5009375.738  3221051.977
2022  62  28137 GPS  -2267855.247  5009375.676  3221051.696
2022  62  28138 GPS  -2267855.369  5009376.869  3221051.983
2022  62  28139 GPS  -2267855.062  5009378.002  3221051.677
2022  62  28140 GPS  -2267855.108  5009379.293  3221051.618
2022  62  28141 GPS  -2267855.498  5009380.877  3221051.998
2022  62  28142 GPS  -2267855.998  5009382.528  3221052.076
2022  62  28143 GPS  -2267856.752  5009384.852  3221052.365
2022  62  28144 GPS  -2267856.877  5009386.705  3221052.101
2022  62  28145 GPS  -2267856.559  5009387.507  3221051.935
2022  62  28146 GPS  -2267856.453  5009387.501  3221051.275
2022  62  28147 GPS  -2267856.334  5009387.342  3221051.339
2022  62  28148 GPS  -2267856.367  5009387.591  3221051.253
2022  62  28149 GPS  -2267855.656  5009387.926  3221050.313
2022  62  28150 GPS  -2267855.948  5009388.831  3221050.448
2022  62  28151 GPS  -2267855.452  5009388.992  3221050.122
2022  62  28152 GPS  -2267855.643  5009389.377  3221050.109
2022  62  28153 GPS  -2267856.416  5009389.576  3221049.776
2022  62  28154 GPS  -2267856.958  5009390.439  3221049.572
2022  62  28155 GPS  -2267857.398  5009390.690  3221049.520
2022  62  28156 GPS  -2267857.070  5009390.307  3221048.741
2022  62  28157 GPS  -2267856.307  5009389.427  3221047.340
2022  62  28158 GPS  -2267856.343  5009389.682  3221047.018
2022  62  28159 GPS  -2267856.639  5009390.348  3221046.648
2022  62  28160 GPS  -2267856.405  5009391.216  3221046.422
2022  62  28161 GPS  -2267855.710  5009390.833  3221045.436
2022  62  28162 GPS  -2267855.213  5009390.625  3221045.005
2022  62  28163 GPS  -2267855.133  5009390.328  3221044.230
2022  62  28164 GPS  -2267854.717  5009390.823  3221044.044
2022  62  28165 GPS  -2267854.489  5009390.849  3221043.410
2022  62  28166 GPS  -2267854.924  5009391.663  3221043.296
2022  62  28167 GPS  -2267855.947  5009392.793  3221043.573
2022  62  28168 GPS  -2267856.349  5009392.956  3221042.913
2022  62  28169 GPS  -2267856.783  5009393.595  3221043.270
2022  62  28170 GPS  -2267856.422  5009392.887  3221042.626
2022  62  28171 GPS  -2267856.232  5009393.010  3221042.384
2022  62  28172 GPS  -2267856.763  5009393.856  3221042.333
2022  62  28173 GPS  -2267856.977  5009393.940  3221042.312
2022  62  28174 GPS  -2267857.295  5009394.409  3221042.083
2022  62  28175 GPS  -2267856.934  5009394.663  3221041.645
2022  62  28176 GPS  -2267856.454  5009394.621  3221041.394
2022  62  28177 GPS  -2267856.701  5009395.691  3221041.900
2022  62  28178 GPS  -2267856.852  5009395.755  3221042.028
2022  62  28179 GPS  -2267856.840  5009396.407  3221042.004
2022  62  28180 GPS  -2267857.087  5009396.421  3221041.677
2022  62  28181 GPS  -2267857.104  5009397.176  3221041.610
2022  62  28182 GPS  -2267857.226  5009397.958  3221041.738
2022  62  28183 GPS  -2267856.670  5009397.399  3221041.015
2022  62  28184 GPS  -2267857.235  5009396.854  3221040.490
2022  62  28185 GPS  -2267857.545  5009396.772  3221040.311
2022  62  28186 GPS  -2267858.170  5009396.389  3221039.948
2022  62  28187 GPS  -2267858.819  5009396.549  3221040.649
2022  62  28188 GPS  -2267859.272  5009397.025  3221040.994
2022  62  28189 GPS  -2267859.198  5009396.044  3221040.669
2022  62  28190 GPS  -2267858.710  5009395.837  3221040.632
2022  62  28191 GPS  -2267858.834  5009394.459  3221040.067
2022  62  28192 GPS  -2267858.899  5009394.017  3221040.176
2022  62  28193 GPS  -2267858.447  5009392.811  3221039.537
2022  62  28194 GPS  -2267857.342  5009390.982  3221039.041
2022  62  28195 GPS  -2267856.256  5009389.564  3221038.768
2022  62  28196 GPS  -2267855.862  5009389.324  3221038.814
2022  62  28197 GPS  -2267855.160  5009388.096  3221038.230
2022  62  28198 GPS  -2267854.661  5009387.156  3221038.438
2022  62  28199 GPS  -2267854.206  5009385.452  3221038.067
2022  62  28200 GPS  -2267853.668  5009384.521  3221037.661
2022  62  28201 GPS  -2267852.756  5009383.621  3221037.470
2022  62  28202 GPS  -2267851.747  5009382.584  3221036.974
2022  62  28203 GPS  -2267850.961  5009380.638  3221036.351
2022  62  28204 GPS  -2267850.102  5009379.289  3221036.037
2022  62  28205 GPS  -2267849.690  5009378.530  3221036.301
2022  62  28206 GPS  -2267849.298  5009377.527  3221036.373
2022  62  28207 GPS  -2267848.576  5009376.679  3221036.509
2022  62  28208 GPS  -2267848.284  5009376.431  3221036.324
2022  62  28209 GPS  -2267847.750  5009375.643  3221036.163
2022  62  28210 GPS  -2267846.962  5009374.678  3221035.849
2022  62  28211 GPS  -2267846.315  5009374.080  3221036.168
2022  62  28212 GPS  -2267845.361  5009373.070  3221036.246
2022  62  28213 GPS  -2267844.669  5009372.810  3221036.258
2022  62  28214 GPS  -2267843.523  5009371.938  3221036.003
2022  62  28215 GPS  -2267842.876  5009371.474  3221035.611
2022  62  28216 GPS  -2267841.916  5009370.745  3221035.084
2022  62  28217 GPS  -2267841.076  5009369.571  3221034.854
2022  62  28218 GPS  -2267840.843  5009369.624  3221035.042
2022  62  28219 GPS  -2267840.599  5009369.542  3221035.251
2022  62  28220 GPS  -2267839.767  5009368.525  3221034.842
2022  62  28221 GPS  -2267838.997  5009367.567  3221034.458
2022  62  28222 GPS  -2267838.551  5009366.903  3221034.422
2022  62  28223 GPS  -2267837.922  5009366.070  3221034.190
2022  62  28224 GPS  -2267837.165  5009365.569  3221034.020
2022  62  28225 GPS  -2267836.652  5009365.213  3221033.792
2022  62  28226 GPS  -2267836.663  5009365.747  3221034.165
2022  62  28227 GPS  -2267836.957  5009365.773  3221034.554
2022  62  28228 GPS  -2267837.112  5009365.682  3221034.418
2022  62  28229 GPS  -2267836.387  5009365.166  3221034.272
2022  62  28230 GPS  -2267835.544  5009364.875  3221034.256
2022  62  28231 GPS  -2267835.220  5009364.199  3221033.903
2022  62  28232 GPS  -2267834.723  5009363.063  3221033.705
2022  62  28233 GPS  -2267834.356  5009362.453  3221033.253
2022  62  28234 GPS  -2267833.655  5009361.894  3221032.723
2022  62  28235 GPS  -2267833.940  5009361.981  3221032.622
2022  62  28236 GPS  -2267833.438  5009361.890  3221032.873
2022  62  28237 GPS  -2267832.987  5009361.349  3221032.485
2022  62  28238 GPS  -2267832.561  5009361.192  3221031.983
2022  62  28239 GPS  -2267832.508  5009360.353  3221031.573
2022  62  28240 GPS  -2267832.354  5009359.820  3221031.444
2022  62  28241 GPS  -2267832.484  5009359.813  3221031.133
2022  62  28242 GPS  -2267832.246  5009359.369  3221030.840
2022  62  28243 GPS  -2267831.994  5009359.192  3221030.987
2022  62  28244 GPS  -2267831.850  5009359.040  3221031.302
2022  62  28245 GPS  -2267831.684  5009358.488  3221031.487
2022  62  28246 GPS  -2267831.536  5009357.922  3221031.518
2022  62  28247 GPS  -2267831.606  5009357.513  3221031.942
2022  62  28248 GPS  -2267831.672  5009356.791  3221031.893
2022  62  28249 GPS  -2267831.971  5009357.049  3221031.871
2022  62  28250 GPS  -2267831.847  5009356.826  3221032.561
2022  62  28251 GPS  -2267831.663  5009356.857  3221032.967
2022  62  28252 GPS  -2267831.648  5009356.083  3221033.027
2022  62  28253 GPS  -2267831.945  5009356.422  3221033.585
2022  62  28254 GPS  -2267831.680  5009356.335  3221033.866
2022  62  28255 GPS  -2267831.522  5009356.168  3221033.931
2022  62  28256 GPS  -2267831.299  5009356.535  3221034.562
2022  62  28257 GPS  -2267831.212  5009356.901  3221035.293
2022  62  28258 GPS  -2267831.254  5009357.302  3221035.799
2022  62  28259 GPS  -2267830.193  5009356.809  3221035.419
2022  62  28260 GPS  -2267829.493  5009356.896  3221035.666
2022  62  28261 GPS  -2267828.302  5009355.975  3221035.616
2022  62  28262 GPS  -2267827.751  5009355.925  3221036.098
2022  62  28263 GPS  -2267827.265  5009356.362  3221036.526
2022  62  28264 GPS  -2267826.792  5009356.639  3221037.065
2022  62  28265 GPS  -2267825.726  5009356.188  3221036.814
2022  62  28266 GPS  -2267825.514  5009356.432  3221037.063
2022  62  28267 GPS  -2267824.966  5009356.361  3221037.052
2022  62  28268 GPS  -2267825.267  5009357.688  3221037.738
2022  62  28269 GPS  -2267825.717  5009359.001  3221038.687
2022  62  28270 GPS  -2267826.113  5009360.440  3221039.601
2022  62  28271 GPS  -2267826.313  5009361.103  3221039.582
2022  62  28272 GPS  -2267826.286  5009361.943  3221040.305
2022  62  28273 GPS  -2267826.681  5009363.110  3221041.264
2022  62  28274 GPS  -2267826.842  5009364.435  3221042.147
2022  62  28275 GPS  -2267826.979  5009365.285  3221042.390
2022  62  28276 GPS  -2267826.794  5009365.722  3221042.681
2022  62  28277 GPS  -2267827.133  5009366.717  3221043.719
2022  62  28278 GPS  -2267827.383  5009367.906  3221044.152
2022  62  28279 GPS  -2267827.014  5009368.863  3221044.850
2022  62  28280 GPS  -2267826.625  5009369.707  3221045.280
2022  62  28281 GPS  -2267826.868  5009370.589  3221045.698
2022  62  28282 GPS  -2267826.096  5009370.999  3221045.589
2022  62  28283 GPS  -2267825.396  5009371.731  3221046.220
2022  62  28284 GPS  -2267825.412  5009372.676  3221046.735
2022  62  28285 GPS  -2267824.932  5009373.397  3221046.443
2022  62  28286 GPS  -2267824.598  5009374.039  3221046.565
2022  62  28287 GPS  -2267824.596  5009374.221  3221046.915
2022  62  28288 GPS  -2267824.240  5009374.084  3221046.929
2022  62  28289 GPS  -2267824.644  5009375.059  3221047.249
2022  62  28290 GPS  -2267824.947  5009375.599  3221047.577
2022  62  28291 GPS  -2267825.161  5009376.129  3221047.711
2022  62  28292 GPS  -2267824.959  5009375.778  3221047.612
2022  62  28293 GPS  -2267825.263  5009376.798  3221048.315
2022  62  28294 GPS  -2267825.332  5009376.402  3221048.669
2022  62  28295 GPS  -2267825.237  5009376.300  3221049.240
2022  62  28296 GPS  -2267825.079  5009375.811  3221049.335
2022  62  28297 GPS  -2267824.743  5009375.615  3221048.844
2022  62  28298 GPS  -2267824.191  5009374.735  3221048.328
2022  62  28299 GPS  -2267823.448  5009374.695  3221048.728
2022  62  28300 GPS  -2267822.309  5009373.573  3221047.709
2022  62  28301 GPS  -2267821.851  5009373.457  3221047.294
2022  62  28302 GPS  -2267820.901  5009372.901  3221046.865
2022  62  28303 GPS  -2267819.526  5009372.406  3221046.644
2022  62  28304 GPS  -2267818.772  5009372.485  3221046.712
2022  62  28305 GPS  -2267817.690  5009371.704  3221045.853
2022  62  28306 GPS  -2267817.162  5009371.005  3221045.374
2022  62  28307 GPS  -2267816.555  5009370.405  3221045.183
2022  62  28308 GPS  -2267816.176  5009370.055  3221045.054
2022  62  28309 GPS  -2267816.436  5009369.972  3221044.814
2022  62  28310 GPS  -2267815.998  5009369.817  3221044.362
2022  62  28311 GPS  -2267815.902  5009369.226  3221044.093
2022  62  28312 GPS  -2267815.819  5009369.570  3221044.043
2022  62  28313 GPS  -2267815.869  5009368.973  3221044.073
2022  62  28314 GPS  -2267816.749  5009369.974  3221045.015
2022  62  28315 GPS  -2267817.875  5009370.583  3221045.627
2022  62  28316 GPS  -2267819.113  5009371.944  3221046.248
2022  62  28317 GPS  -2267821.114  5009374.358  3221047.192
2022  62  28318 GPS  -2267822.623  5009376.304  3221048.308
2022  62  28319 GPS  -2267823.544  5009377.288  3221048.673
2022  62  28320 GPS  -2267824.258  5009378.468  3221049.143
2022  62  28321 GPS  -2267825.027  5009379.382  3221049.860
2022  62  28322 GPS  -2267826.208  5009379.869  3221050.808
2022  62  28323 GPS  -2267827.428  5009381.159  3221051.949
2022  62  28324 GPS  -2267828.255  5009382.760  3221053.090
2022  62  28325 GPS  -2267829.023  5009382.960  3221053.286
2022  62  28326 GPS  -2267829.869  5009383.531  3221053.613
2022  62  28327 GPS  -2267830.880  5009384.986  3221054.597
2022  62  28328 GPS  -2267831.955  5009386.685  3221055.523
2022  62  28329 GPS  -2267833.306  5009388.069  3221055.812
2022  62  28330 GPS  -2267834.646  5009389.305  3221056.357
2022  62  28331 GPS  -2267835.575  5009390.844  3221056.814
2022  62  28332 GPS  -2267836.982  5009391.908  3221057.226
2022  62  28333 GPS  -2267838.140  5009392.718  3221057.282
2022  62  28334 GPS  -2267839.718  5009394.691  3221057.509
2022  62  28335 GPS  -2267840.971  5009395.851  3221058.534
2022  62  28336 GPS  -2267842.088  5009397.166  3221059.137
2022  62  28337 GPS  -2267843.042  5009397.793  3221058.706
2022  62  28338 GPS  -2267844.493  5009399.217  3221059.215
2022  62  28339 GPS  -2267846.093  5009400.469  3221059.510
2022  62  28340 GPS  -2267846.937  5009401.547  3221059.293
2022  62  28341 GPS  -2267847.793  5009401.869  3221059.163
2022  62  28342 GPS  -2267848.228  5009402.107  3221059.180
2022  62  28343 GPS  -2267848.626  5009402.207  3221058.856
2022  62  28344 GPS  -2267848.871  5009401.563  3221058.227
2022  62  28345 GPS  -2267849.045  5009400.524  3221057.781
2022  62  28346 GPS  -2267848.986  5009399.714  3221057.400
2022  62  28347 GPS  -2267848.394  5009398.326  3221057.048
2022  62  28348 GPS  -2267847.933  5009398.253  3221057.730
2022  62  28349 GPS  -2267847.493  5009397.748  3221057.736
2022  62  28350 GPS  -2267847.120  5009397.692  3221057.994
2022  62  28351 GPS  -2267846.010  5009397.595  3221057.928
2022  62  28352 GPS  -2267845.237  5009397.382  3221057.992
2022  62  28353 GPS  -2267844.117  5009396.074  3221057.507
2022  62  28354 GPS  -2267843.355  5009395.864  3221057.426
2022  62  28355 GPS  -2267842.908  5009395.434  3221057.608
2022  62  28356 GPS  -2267842.090  5009394.756  3221057.228
2022  62  28357 GPS  -2267841.142  5009393.877  3221056.905
2022  62  28358 GPS  -2267840.410  5009393.061  3221056.748
2022  62  28359 GPS  -2267840.253  5009393.736  3221057.807
2022  62  28360 GPS  -2267839.267  5009394.108  3221057.943
2022  62  28361 GPS  -2267838.216  5009393.903  3221057.751
2022  62  28362 GPS  -2267837.576  5009394.246  3221058.059
2022  62  28363 GPS  -2267836.251  5009393.892  3221057.458
2022  62  28364 GPS  -2267835.209  5009393.473  3221057.035
2022  62  28365 GPS  -2267834.307  5009393.032  3221057.079
2022  62  28366 GPS  -2267833.354  5009392.753  3221056.352
2022  62  28367 GPS  -2267832.815  5009392.645  3221056.213
2022  62  28368 GPS  -2267831.221  5009391.945  3221055.526
2022  62  28369 GPS  -2267830.792  5009392.537  3221055.784
2022  62  28370 GPS  -2267829.451  5009391.239  3221055.145
2022  62  28371 GPS  -2267828.665  5009390.086  3221055.203
2022  62  28372 GPS  -2267828.241  5009389.522  3221055.600
2022  62  28373 GPS  -2267827.324  5009388.790  3221055.437
2022  62  28374 GPS  -2267826.879  5009388.630  3221055.600
2022  62  28375 GPS  -2267826.271  5009387.558  3221055.600
2022  62  28376 GPS  -2267825.659  5009386.576  3221055.488
2022  62  28377 GPS  -2267824.275  5009384.787  3221054.898
2022  62  28378 GPS  -2267824.004  5009383.956  3221055.295
2022  62  28379 GPS  -2267823.474  5009383.451  3221055.272
2022  62  28380 GPS  -2267823.464  5009383.260  3221055.540
2022  62  28381 GPS  -2267822.742  5009382.625  3221055.459
2022  62  28382 GPS  -2267822.056  5009382.490  3221055.716
2022  62  28383 GPS  -2267821.342  5009381.633  3221055.474
2022  62  28384 GPS  -2267821.048  5009380.764  3221056.159
2022  62  28385 GPS  -2267820.624  5009379.532  3221056.002
2022  62  28386 GPS  -2267820.121  5009378.936  3221055.850
2022  62  28387 GPS  -2267819.444  5009378.084  3221055.687
2022  62  28388 GPS  -2267819.129  5009378.089  3221056.108
2022  62  28389 GPS  -2267818.998  5009378.268  3221056.463
2022  62  28390 GPS  -2267819.061  5009378.022  3221057.098
2022  62  28391 GPS  -2267818.454  5009377.738  3221057.163
2022  62  28392 GPS  -2267818.769  5009377.442  3221057.220
2022  62  28393 GPS  -2267818.994  5009377.364  3221057.517
2022  62  28394 GPS  -2267819.229  5009377.151  3221057.484
2022  62  28395 GPS  -2267819.164  5009377.450  3221057.511
2022  62  28396 GPS  -2267819.854  5009378.504  3221058.384
2022  62  28397 GPS  -2267820.712  5009378.808  3221058.938
2022  62  28398 GPS  -2267821.402  5009379.411  3221058.961
2022  62  28399 GPS  -2267822.324  5009379.624  3221058.952
2022  62  28400 GPS  -2267822.702  5009379.572  3221058.738
2022  62  28401 GPS  -2267823.180  5009379.356  3221058.780
2022  62  28402 GPS  -2267824.361  5009379.753  3221058.854
2022  62  28403 GPS  -2267825.309  5009379.834  3221058.523
2022  62  28404 GPS  -2267826.344  5009379.770  3221058.609
2022  62  28405 GPS  -2267826.882  5009379.692  3221058.327
2022  62  28406 GPS  -2267826.756  5009378.917  3221058.255
2022  62  28407 GPS  -2267827.310  5009378.697  3221058.861
2022  62  28408 GPS  -2267828.117  5009378.576  3221059.324
2022  62  28409 GPS  -2267828.507  5009378.998  3221059.472
2022  62  28410 GPS  -2267829.145  5009378.567  3221059.536
2022  62  28411 GPS  -2267829.683  5009378.687  3221060.141
2022  62  28412 GPS  -2267829.853  5009378.414  3221059.844
2022  62  28413 GPS  -2267830.198  5009378.594  3221060.041
2022  62  28414 GPS  -2267830.794  5009379.011  3221060.599
2022  62  28415 GPS  -2267831.204  5009379.293  3221061.478
2022  62  28416 GPS  -2267831.725  5009378.973  3221061.599
2022  62  28417 GPS  -2267831.945  5009379.401  3221062.355
2022  62  28418 GPS  -2267832.289  5009379.537  3221062.650
2022  62  28419 GPS  -2267831.913  5009380.017  3221063.008
2022  62  28420 GPS  -2267831.905  5009380.033  3221062.873
2022  62  28421 GPS  -2267831.382  5009380.071  3221062.811
2022  62  28422 GPS  -2267831.552  5009380.321  3221063.138
2022  62  28423 GPS  -2267831.740  5009381.031  3221063.312
2022  62  28424 GPS  -2267831.603  5009381.951  3221063.773
2022  62  28425 GPS  -2267831.395  5009382.710  3221064.158
2022  62  28426 GPS  -2267831.324  5009383.476  3221064.218
2022  62  28427 GPS  -2267830.551  5009383.600  3221063.904
2022  62  28428 GPS  -2267830.820  5009385.395  3221064.390
2022  62  28429 GPS  -2267830.563  5009386.594  3221064.379
2022  62  28430 GPS  -2267830.490  5009388.331  3221064.438
2022  62  28431 GPS  -2267830.718  5009390.551  3221065.096
2022  62  28432 GPS  -2267831.089  5009392.433  3221065.738
2022  62  28433 GPS  -2267831.416  5009393.540  3221065.448
2022  62  28434 GPS  -2267832.226  5009395.980  3221065.904
2022  62  28435 GPS  -2267832.816  5009397.463  3221066.224
2022  62  28436 GPS  -2267833.302  5009398.462  3221066.044
2022  62  28437 GPS  -2267833.736  5009400.753  3221066.722
2022  62  28438 GPS  -2267833.835  5009401.640  3221066.116
2022  62  28439 GPS  -2267833.661  5009401.962  3221065.280
2022  62  28440 GPS  -2267833.708  5009402.161  3221064.784
2022  62  28441 GPS  -2267833.528  5009401.878  3221063.920
2022  62  28442 GPS  -2267833.075  5009401.288  3221062.981
2022  62  28443 GPS  -2267832.134  5009401.533  3221062.597
2022  62  28444 GPS  -2267831.728  5009401.571  3221062.145
2022  62  28445 GPS  -2267831.602  5009402.019  3221061.944
2022  62  28446 GPS  -2267831.544  5009402.582  3221061.616
2022  62  28447 GPS  -2267830.483  5009401.602  3221060.327
2022  62  28448 GPS  -2267830.203  5009400.695  3221059.212
2022  62  28449 GPS  -2267829.129  5009400.121  3221057.961
2022  62  28450 GPS  -2267828.011  5009399.169  3221057.114
2022  62  28451 GPS  -2267827.532  5009398.823  3221056.505
2022  62  28452 GPS  -2267827.154  5009398.343  3221055.544
2022  62  28453 GPS  -2267826.869  5009397.929  3221055.239
2022  62  28454 GPS  -2267825.866  5009397.269  3221054.730
2022  62  28455 GPS  -2267825.434  5009396.547  3221054.528
2022  62  28456 GPS  -2267825.457  5009396.695  3221054.074
2022  62  28457 GPS  -2267825.190  5009396.736  3221053.455
2022  62  28458 GPS  -2267824.696  5009397.124  3221052.991
2022  62  28459 GPS  -2267824.481  5009397.098  3221052.396
2022  62  28460 GPS  -2267823.643  5009396.210  3221052.052
2022  62  28461 GPS  -2267823.646  5009396.362  3221051.801
2022  62  28462 GPS  -2267823.521  5009396.636  3221051.510
2022  62  28463 GPS  -2267823.555  5009396.827  3221051.190
2022  62  28464 GPS  -2267823.869  5009397.758  3221050.980
2022  62  28465 GPS  -2267824.122  5009398.267  3221050.610
2022  62  28466 GPS  -2267823.785  5009398.381  3221050.300
2022  62  28467 GPS  -2267824.271  5009398.936  3221050.392
2022  62  28468 GPS  -2267824.094  5009399.466  3221050.103
2022  62  28469 GPS  -2267823.963  5009399.866  3221049.947
2022  62  28470 GPS  -2267823.503  5009399.112  3221049.276
2022  62  28471 GPS  -2267823.239  5009398.698  3221048.894
2022  62  28472 GPS  -2267822.929  5009398.035  3221048.510
2022  62  28473 GPS  -2267823.447  5009398.251  3221048.531
2022  62  28474 GPS  -2267823.723  5009398.366  3221048.366
2022  62  28475 GPS  -2267823.471  5009397.139  3221047.143
2022  62  28476 GPS  -2267823.510  5009396.788  3221046.860
2022  62  28477 GPS  -2267823.903  5009396.456  3221046.389
2022  62  28478 GPS  -2267823.906  5009395.736  3221045.860
2022  62  28479 GPS  -2267823.857  5009394.978  3221045.158
2022  62  28480 GPS  -2267824.190  5009394.519  3221044.939
2022  62  28481 GPS  -2267824.253  5009392.888  3221043.933
2022  62  28482 GPS  -2267824.249  5009392.157  3221043.550
2022  62  28483 GPS  -2267824.882  5009391.268  3221043.203
2022  62  28484 GPS  -2267825.275  5009391.283  3221043.468
2022  62  28485 GPS  -2267825.396  5009390.982  3221043.104
2022  62  28486 GPS  -2267825.479  5009390.563  3221042.396
2022  62  28487 GPS  -2267824.935  5009389.440  3221042.172
2022  62  28488 GPS  -2267824.626  5009389.376  3221041.990
2022  62  28489 GPS  -2267824.350  5009389.337  3221041.765
2022  62  28490 GPS  -2267823.803  5009388.942  3221041.609
2022  62  28491 GPS  -2267823.546  5009388.800  3221041.337
2022  62  28492 GPS  -2267822.995  5009388.455  3221041.119
2022  62  28493 GPS  -2267822.360  5009388.246  3221040.581
2022  62  28494 GPS  -2267822.441  5009388.279  3221040.651
2022  62  28495 GPS  -2267821.808  5009388.094  3221040.429
2022  62  28496 GPS  -2267821.576  5009388.424  3221040.228
2022  62  28497 GPS  -2267820.896  5009388.159  3221039.804
2022  62  28498 GPS  -2267820.080  5009387.743  3221039.332
2022  62  28499 GPS  -2267820.041  5009387.312  3221039.194
2022  62  28500 GPS  -2267819.305  5009387.180  3221038.525
2022  62  28501 GPS  -2267819.313  5009386.947  3221038.788
2022  62  28502 GPS  -2267819.810  5009387.598  3221039.312
2022  62  28503 GPS  -2267819.992  5009386.917  3221039.020
2022  62  28504 GPS  -2267820.239  5009386.542  3221039.296
2022  62  28505 GPS  -2267820.535  5009386.135  3221039.925
2022  62  28506 GPS  -2267821.143  5009386.065  3221040.326
2022  62  28507 GPS  -2267821.951  5009386.660  3221040.824
2022  62  28508 GPS  -2267822.537  5009387.012  3221041.368
2022  62  28509 GPS  -2267823.584  5009387.390  3221041.961
2022  62  28510 GPS  -2267823.855  5009387.177  3221042.289
2022  62  28511 GPS  -2267827.132  5009388.205  3221043.962
2022  62  28512 GPS  -2267827.847  5009387.921  3221044.322
2022  62  28513 GPS  -2267828.720  5009388.461  3221044.987
2022  62  28514 GPS  -2267828.647  5009388.704  3221045.328
2022  62  28515 GPS  -2267828.549  5009388.118  3221045.585
2022  62  28516 GPS  -2267829.111  5009388.057  3221045.883
2022  62  28517 GPS  -2267829.519  5009388.712  3221046.798
2022  62  28518 GPS  -2267829.234  5009388.551  3221047.061
2022  62  28519 GPS  -2267829.051  5009388.477  3221047.832
2022  62  28520 GPS  -2267828.876  5009387.825  3221047.523
2022  62  28521 GPS  -2267828.416  5009386.866  3221046.959
2022  62  28522 GPS  -2267827.489  5009386.234  3221047.009
2022  62  28523 GPS  -2267827.238  5009386.421  3221047.336
2022  62  28524 GPS  -2267827.511  5009386.094  3221047.763
2022  62  28525 GPS  -2267827.369  5009386.771  3221048.433
2022  62  28526 GPS  -2267827.272  5009386.960  3221049.030
2022  62  28527 GPS  -2267827.231  5009386.981  3221049.442
2022  62  28528 GPS  -2267827.614  5009387.750  3221049.666
2022  62  28529 GPS  -2267827.613  5009388.487  3221050.351
2022  62  28530 GPS  -2267826.877  5009388.104  3221050.957
2022  62  28531 GPS  -2267826.839  5009387.708  3221051.350
2022  62  28532 GPS  -2267826.312  5009386.742  3221051.544
2022  62  28533 GPS  -2267826.044  5009386.653  3221052.322
2022  62  28534 GPS  -2267825.459  5009386.116  3221052.138
2022  62  28535 GPS  -2267825.410  5009385.425  3221052.411
2022  62  28536 GPS  -2267825.008  5009384.332  3221052.005
2022  62  28537 GPS  -2267825.020  5009383.605  3221052.295
2022  62  28538 GPS  -2267825.294  5009382.474  3221052.220
2022  62  28539 GPS  -2267825.235  5009382.749  3221052.478
2022  62  28540 GPS  -2267825.340  5009381.721  3221052.394
2022  62  28541 GPS  -2267824.925  5009380.532  3221051.940
2022  62  28542 GPS  -2267823.779  5009378.660  3221051.210
2022  62  28543 GPS  -2267823.293  5009377.538  3221051.142
2022  62  28544 GPS  -2267822.710  5009376.559  3221051.124
2022  62  28545 GPS  -2267822.690  5009376.534  3221050.995
2022  62  28546 GPS  -2267821.589  5009374.964  3221049.958
2022  62  28547 GPS  -2267821.655  5009373.815  3221049.535
2022  62  28548 GPS  -2267821.554  5009373.048  3221049.105
2022  62  28549 GPS  -2267821.788  5009372.989  3221049.114
2022  62  28550 GPS  -2267820.808  5009371.395  3221048.071
2022  62  28551 GPS  -2267820.772  5009370.552  3221047.444
2022  62  28552 GPS  -2267821.027  5009371.200  3221047.172
2022  62  28553 GPS  -2267820.527  5009371.417  3221047.302
2022  62  28554 GPS  -2267819.710  5009371.655  3221046.980
2022  62  28555 GPS  -2267819.584  5009372.233  3221046.787
2022  62  28556 GPS  -2267819.417  5009372.887  3221046.876
2022  62  28557 GPS  -2267819.949  5009374.085  3221047.159
2022  62  28558 GPS  -2267819.962  5009374.752  3221047.566
2022  62  28559 GPS  -2267819.523  5009374.623  3221048.269
2022  62  28560 GPS  -2267819.382  5009374.859  3221049.032
2022  62  28561 GPS  -2267819.272  5009375.069  3221049.877
2022  62  28562 GPS  -2267819.692  5009375.825  3221050.971
2022  62  28563 GPS  -2267819.589  5009375.162  3221051.321
2022  62  28564 GPS  -2267819.883  5009375.710  3221052.060
2022  62  28565 GPS  -2267819.705  5009376.397  3221052.809
2022  62  28566 GPS  -2267819.646  5009376.257  3221053.622
2022  62  28567 GPS  -2267819.164  5009375.946  3221054.219
2022  62  28568 GPS  -2267819.221  5009376.355  3221054.799
2022  62  28569 GPS  -2267819.698  5009376.394  3221055.649
2022  62  28570 GPS  -2267819.932  5009376.041  3221056.220
2022  62  28571 GPS  -2267819.504  5009374.729  3221056.381
2022  62  28572 GPS  -2267819.580  5009373.490  3221057.305
2022  62  28573 GPS  -2267819.534  5009372.815  3221057.816
2022  62  28574 GPS  -2267819.679  5009372.361  3221058.311
2022  62  28575 GPS  -2267819.685  5009372.015  3221059.008
2022  62  28576 GPS  -2267818.949  5009370.800  3221059.013
2022  62  28577 GPS  -2267818.359  5009369.980  3221059.451
2022  62  28578 GPS  -2267817.741  5009368.952  3221059.537
2022  62  28579 GPS  -2267817.088  5009367.377  3221059.420
2022  62  28580 GPS  -2267816.583  5009366.168  3221059.365
2022  62  28581 GPS  -2267816.631  5009365.540  3221059.633
2022  62  28582 GPS  -2267816.096  5009364.940  3221059.975
2022  62  28583 GPS  -2267815.896  5009364.142  3221060.070
2022  62  28584 GPS  -2267816.101  5009363.236  3221060.109
2022  62  28585 GPS  -2267816.008  5009363.158  3221060.455
2022  62  28586 GPS  -2267815.928  5009362.837  3221060.594
2022  62  28587 GPS  -2267815.615  5009362.091  3221060.261
2022  62  28588 GPS  -2267814.836  5009361.032  3221059.907
2022  62  28589 GPS  -2267814.193  5009360.266  3221059.444
2022  62  28590 GPS  -2267813.768  5009359.852  3221059.210
2022  62  28591 GPS  -2267813.491  5009359.632  3221058.763
2022  62  28592 GPS  -2267813.210  5009359.688  3221058.720
2022  62  28593 GPS  -2267813.442  5009359.728  3221058.396
2022  62  28594 GPS  -2267813.293  5009359.550  3221057.812
2022  62  28595 GPS  -2267812.640  5009359.070  3221057.297
2022  62  28596 GPS  -2267812.945  5009358.944  3221056.953
2022  62  28597 GPS  -2267812.867  5009359.241  3221056.755
2022  62  28598 GPS  -2267813.061  5009359.917  3221056.516
2022  62  28599 GPS  -2267813.599  5009360.296  3221056.807
2022  62  28600 GPS  -2267813.984  5009360.297  3221056.768
2022  62  28601 GPS  -2267814.168  5009360.016  3221056.511
2022  62  28602 GPS  -2267814.380  5009359.984  3221056.669
2022  62  28603 GPS  -2267815.348  5009360.352  3221057.244
2022  62  28604 GPS  -2267815.543  5009360.037  3221057.396
2022  62  28605 GPS  -2267816.024  5009360.653  3221057.920
2022  62  28606 GPS  -2267815.571  5009360.338  3221057.878
2022  62  28607 GPS  -2267815.299  5009359.259  3221057.580
2022  62  28608 GPS  -2267815.356  5009359.129  3221057.542
2022  62  28609 GPS  -2267815.414  5009358.696  3221057.767
2022  62  28610 GPS  -2267815.600  5009358.483  3221057.899
2022  62  28611 GPS  -2267815.219  5009358.041  3221058.158
2022  62  28612 GPS  -2267815.495  5009357.847  3221058.321
2022  62  28613 GPS  -2267816.038  5009357.225  3221058.013
2022  62  28614 GPS  -2267816.394  5009357.255  3221058.127
2022  62  28615 GPS  -2267817.048  5009357.231  3221058.470
2022  62  28616 GPS  -2267817.226  5009356.670  3221057.876
2022  62  28617 GPS  -2267817.556  5009356.689  3221057.811
2022  62  28618 GPS  -2267817.987  5009357.161  3221058.145
2022  62  28619 GPS  -2267818.132  5009356.747  3221057.800
2022  62  28620 GPS  -2267818.319  5009356.828  3221057.804
2022  62  28621 GPS  -2267818.210  5009356.523  3221057.996
2022  62  28622 GPS  -2267817.878  5009356.491  3221058.013
2022  62  28623 GPS  -2267818.194  5009356.685  3221058.396
2022  62  28624 GPS  -2267818.757  5009356.894  3221058.496
2022  62  28625 GPS  -2267819.158  5009356.984  3221058.658
2022  62  28626 GPS  -2267819.886  5009356.997  3221058.479
2022  62  28627 GPS  -2267820.621  5009357.532  3221058.995
2022  62  28628 GPS  -2267821.822  5009358.219  3221059.516
2022  62  28629 GPS  -2267822.573  5009359.033  3221060.337
2022  62  28630 GPS  -2267822.883  5009359.107  3221060.071
2022  62  28631 GPS  -2267823.461  5009359.866  3221060.725
2022  62  28632 GPS  -2267824.686  5009360.174  3221061.480
2022  62  28633 GPS  -2267825.236  5009360.590  3221061.999
2022  62  28634 GPS  -2267825.422  5009360.826  3221062.212
2022  62  28635 GPS  -2267825.776  5009361.478  3221061.918
2022  62  28636 GPS  -2267825.688  5009361.531  3221061.746
2022  62  28637 GPS  -2267825.761  5009362.254  3221061.603
2022  62  28638 GPS  -2267826.223  5009362.760  3221061.485
2022  62  28639 GPS  -2267826.668  5009363.243  3221061.761
2022  62  28640 GPS  -2267827.241  5009363.567  3221061.879
2022  62  28641 GPS  -2267827.111  5009363.702  3221061.569
2022  62  28642 GPS  -2267827.106  5009364.136  3221061.156
2022  62  28643 GPS  -2267827.445  5009364.418  3221060.946
2022  62  28644 GPS  -2267828.404  5009365.344  3221060.926
2022  62  28645 GPS  -2267828.496  5009366.310  3221061.162
2022  62  28646 GPS  -2267829.029  5009367.379  3221061.112
2022  62  28647 GPS  -2267829.362  5009368.178  3221061.392
2022  62  28648 GPS  -2267830.002  5009368.929  3221061.212
2022  62  28649 GPS  -2267830.566  5009370.204  3221061.122
2022  62  28650 GPS  -2267831.792  5009372.348  3221061.212
2022  62  28651 GPS  -2267832.554  5009373.136  3221061.101
2022  62  28652 GPS  -2267833.381  5009374.579  3221060.998
2022  62  28653 GPS  -2267833.589  5009375.379  3221060.835
2022  62  28654 GPS  -2267834.171  5009376.166  3221060.522
2022  62  28655 GPS  -2267834.555  5009377.011  3221060.281
2022  62  28656 GPS  -2267834.511  5009377.950  3221060.067
2022  62  28657 GPS  -2267834.654  5009378.493  3221059.850
2022  62  28658 GPS  -2267835.110  5009378.097  3221058.786
2022  62  28659 GPS  -2267834.733  5009378.338  3221058.297
2022  62  28660 GPS  -2267834.682  5009378.099  3221058.011
2022  62  28661 GPS  -2267834.882  5009377.782  3221057.195
2022  62  28662 GPS  -2267835.436  5009377.173  3221056.557
2022  62  28663 GPS  -2267835.433  5009376.774  3221055.903
2022  62  28664 GPS  -2267836.224  5009376.704  3221055.715
2022  62  28665 GPS  -2267836.400  5009376.244  3221055.260
2022  62  28666 GPS  -2267837.178  5009376.809  3221055.601
2022  62  28667 GPS  -2267836.388  5009375.044  3221054.714
2022  62  28668 GPS  -2267836.940  5009374.421  3221054.691
2022  62  28669 GPS  -2267836.850  5009373.650  3221054.012
2022  62  28670 GPS  -2267836.882  5009373.327  3221053.415
2022  62  28671 GPS  -2267837.116  5009373.211  3221053.213
2022  62  28672 GPS  -2267837.635  5009372.774  3221052.696
2022  62  28673 GPS  -2267837.784  5009371.937  3221052.025
2022  62  28674 GPS  -2267838.222  5009370.812  3221051.669
2022  62  28675 GPS  -2267838.660  5009369.836  3221051.333
2022  62  28676 GPS  -2267839.264  5009369.417  3221051.251
2022  62  28677 GPS  -2267839.277  5009367.764  3221050.514
2022  62  28678 GPS  -2267839.554  5009366.920  3221050.205
2022  62  28679 GPS  -2267840.328  5009365.977  3221049.653
2022  62  28680 GPS  -2267840.302  5009365.367  3221048.883
2022  62  28681 GPS  -2267840.576  5009364.914  3221048.676
2022  62  28682 GPS  -2267840.484  5009364.370  3221048.537
2022  62  28683 GPS  -2267840.557  5009364.669  3221049.112
2022  62  28684 GPS  -2267841.225  5009365.983  3221050.208
2022  62  28685 GPS  -2267841.511  5009365.928  3221049.740
2022  62  28686 GPS  -2267841.571  5009365.915  3221049.464
2022  62  28687 GPS  -2267841.638  5009365.205  3221049.192
2022  62  28688 GPS  -2267841.182  5009364.821  3221048.665
2022  62  28689 GPS  -2267841.061  5009364.542  3221048.438
2022  62  28690 GPS  -2267840.630  5009364.115  3221048.252
2022  62  28691 GPS  -2267840.360  5009364.155  3221048.330
2022  62  28692 GPS  -2267840.404  5009364.915  3221048.517
2022  62  28693 GPS  -2267840.303  5009364.978  3221048.244
2022  62  28694 GPS  -2267840.041  5009365.376  3221048.229
2022  62  28695 GPS  -2267839.631  5009365.413  3221048.205
2022  62  28696 GPS  -2267839.152  5009365.184  3221047.560
2022  62  28697 GPS  -2267839.034  5009364.726  3221047.312
2022  62  28698 GPS  -2267839.121  5009364.507  3221046.913
2022  62  28699 GPS  -2267838.556  5009364.097  3221046.092
2022  62  28700 GPS  -2267837.891  5009362.924  3221045.464
2022  62  28701 GPS  -2267837.116  5009362.240  3221045.076
2022  62  28702 GPS  -2267836.666  5009361.514  3221044.664
2022  62  28703 GPS  -2267836.292  5009361.222  3221044.418
2022  62  28704 GPS  -2267835.836  5009360.502  3221044.057
2022  62  28705 GPS  -2267835.834  5009359.695  3221043.759
2022  62  28706 GPS  -2267835.547  5009359.335  3221043.486
2022  62  28707 GPS  -2267835.227  5009358.896  3221043.697
2022  62  28708 GPS  -2267835.299  5009358.113  3221043.511
2022  62  28709 GPS  -2267834.995  5009357.824  3221043.215
2022  62  28710 GPS  -2267835.258  5009356.917  3221042.924
2022  62  28711 GPS  -2267834.303  5009355.990  3221042.471
2022  62  28712 GPS  -2267833.816  5009354.979  3221041.848
2022  62  28713 GPS  -2267833.962  5009354.981  3221041.717
2022  62  28714 GPS  -2267834.538  5009354.409  3221041.560
2022  62  28715 GPS  -2267834.890  5009354.711  3221042.201
2022  62  28716 GPS  -2267834.159  5009354.287  3221041.985
2022  62  28717 GPS  -2267834.283  5009354.448  3221042.169
2022  62  28718 GPS  -2267834.031  5009354.742  3221042.402
2022  62  28719 GPS  -2267833.815  5009354.653  3221042.590
2022  62  28720 GPS  -2267833.407  5009354.795  3221043.285
2022  62  28721 GPS  -2267833.478  5009354.934  3221043.788
2022  62  28722 GPS  -2267833.489  5009354.916  3221044.461
2022  62  28723 GPS  -2267833.514  5009355.419  3221045.241
2022  62  28724 GPS  -2267833.717  5009355.696  3221045.975
2022  62  28725 GPS  -2267833.949  5009355.814  3221046.435
2022  62  28726 GPS  -2267833.943  5009355.535  3221046.686
2022  62  28727 GPS  -2267834.271  5009355.264  3221046.916
2022  62  28728 GPS  -2267833.585  5009354.864  3221047.036
2022  62  28729 GPS  -2267833.201  5009354.240  3221046.808
2022  62  28730 GPS  -2267833.391  5009353.710  3221046.842
2022  62  28731 GPS  -2267832.753  5009352.737  3221046.761
2022  62  28732 GPS  -2267832.570  5009352.056  3221046.549
2022  62  28733 GPS  -2267831.956  5009351.415  3221046.762
2022  62  28734 GPS  -2267831.863  5009350.495  3221046.478
2022  62  28735 GPS  -2267831.080  5009349.261  3221046.174
2022  62  28736 GPS  -2267830.375  5009348.685  3221046.301
2022  62  28737 GPS  -2267829.773  5009348.638  3221046.628
2022  62  28738 GPS  -2267829.759  5009348.944  3221046.695
2022  62  28739 GPS  -2267829.653  5009349.396  3221047.024
2022  62  28740 GPS  -2267829.256  5009349.749  3221047.508
2022  62  28741 GPS  -2267829.192  5009350.055  3221047.747
2022  62  28742 GPS  -2267828.747  5009350.801  3221048.079
2022  62  28743 GPS  -2267828.873  5009351.500  3221048.929
2022  62  28744 GPS  -2267828.569  5009351.784  3221048.858
2022  62  28745 GPS  -2267828.070  5009351.366  3221048.394
2022  62  28746 GPS  -2267827.346  5009351.255  3221048.236
2022  62  28747 GPS  -2267827.113  5009351.460  3221047.875
2022  62  28748 GPS  -2267826.432  5009351.441  3221047.258
2022  62  28749 GPS  -2267825.707  5009351.513  3221046.797
2022  62  28750 GPS  -2267824.903  5009351.439  3221046.225
2022  62  28751 GPS  -2267824.389  5009351.390  3221045.433
2022  62  28752 GPS  -2267823.919  5009350.979  3221044.649
2022  62  28753 GPS  -2267823.547  5009350.823  3221044.095
2022  62  28754 GPS  -2267823.047  5009351.177  3221043.638
2022  62  28755 GPS  -2267821.814  5009351.212  3221043.332
2022  62  28756 GPS  -2267821.196  5009350.871  3221042.820
2022  62  28757 GPS  -2267820.550  5009350.691  3221042.242
2022  62  28758 GPS  -2267819.667  5009350.436  3221041.410
2022  62  28759 GPS  -2267819.397  5009350.339  3221041.015
2022  62  28760 GPS  -2267818.678  5009349.586  3221040.193
2022  62  28761 GPS  -2267817.835  5009348.602  3221039.701
2022  62  28762 GPS  -2267817.230  5009348.099  3221039.592
2022  62  28763 GPS  -2267816.350  5009347.076  3221038.863
2022  62  28764 GPS  -2267815.502  5009346.349  3221038.333
2022  62  28765 GPS  -2267815.016  5009346.268  3221038.287
2022  62  28766 GPS  -2267814.099  5009344.537  3221038.025
2022  62  28767 GPS  -2267813.827  5009344.660  3221038.141
2022  62  28768 GPS  -2267813.847  5009344.405  3221037.909
2022  62  28769 GPS  -2267814.101  5009344.623  3221038.439
2022  62  28770 GPS  -2267813.605  5009344.186  3221038.177
2022  62  28771 GPS  -2267813.142  5009343.690  3221038.322
2022  62  28772 GPS  -2267813.388  5009344.088  3221038.720
2022  62  28773 GPS  -2267813.656  5009343.435  3221038.519
2022  62  28774 GPS  -2267814.085  5009343.490  3221039.151
2022  62  28775 GPS  -2267814.385  5009343.410  3221039.602
2022  62  28776 GPS  -2267814.433  5009343.811  3221040.400
2022  62  28777 GPS  -2267814.928  5009344.747  3221041.438
2022  62  28778 GPS  -2267815.760  5009345.862  3221042.525
2022  62  28779 GPS  -2267815.855  5009346.491  3221043.001
2022  62  28780 GPS  -2267816.316  5009347.548  3221043.971
2022  62  28781 GPS  -2267817.528  5009348.499  3221044.974
2022  62  28782 GPS  -2267818.021  5009349.250  3221045.541
2022  62  28783 GPS  -2267818.892  5009350.766  3221046.753
2022  62  28784 GPS  -2267819.947  5009351.981  3221047.584
2022  62  28785 GPS  -2267820.326  5009352.979  3221048.539
2022  62  28786 GPS  -2267821.357  5009354.555  3221049.613
2022  62  28787 GPS  -2267821.603  5009355.532  3221050.327
2022  62  28788 GPS  -2267821.889  5009356.003  3221050.744
2022  62  28789 GPS  -2267822.436  5009357.555  3221051.982
2022  62  28790 GPS  -2267822.994  5009359.451  3221053.209
2022  62  28791 GPS  -2267822.600  5009360.071  3221053.769
2022  62  28792 GPS  -2267822.336  5009360.701  3221054.433
2022  62  28793 GPS  -2267821.719  5009362.015  3221055.622
2022  62  28794 GPS  -2267821.540  5009363.036  3221056.279
2022  62  28795 GPS  -2267821.590  5009364.193  3221057.191
2022  62  28796 GPS  -2267821.753  5009365.563  3221058.110
2022  62  28797 GPS  -2267821.580  5009366.104  3221059.004
2022  62  28798 GPS  -2267821.153  5009366.575  3221059.326
2022  62  28799 GPS  -2267820.535  5009365.734  3221059.559
2022  62  28800 GPS  -2267819.656  5009364.786  3221059.341
2022  62  28801 GPS  -2267819.352  5009365.114  3221059.986
2022  62  28802 GPS  -2267818.761  5009365.018  3221060.587
2022  62  28803 GPS  -2267818.552  5009364.628  3221061.109
2022  62  28804 GPS  -2267818.096  5009364.362  3221061.836
2022  62  28805 GPS  -2267817.557  5009363.385  3221061.716
2022  62  28806 GPS  -2267818.119  5009363.690  3221062.517
2022  62  28807 GPS  -2267818.055  5009363.262  3221062.512
2022  62  28808 GPS  -2267818.421  5009362.869  3221062.589
2022  62  28809 GPS  -2267818.187  5009361.472  3221062.388
2022  62  28810 GPS  -2267817.944  5009360.489  3221062.533
2022  62  28811 GPS  -2267817.255  5009359.871  3221063.059
2022  62  28812 GPS  -2267816.867  5009359.132  3221063.366
2022  62  28813 GPS  -2267817.188  5009359.199  3221064.014
2022  62  28814 GPS  -2267817.105  5009359.569  3221064.505
2022  62  28815 GPS  -2267817.004  5009360.105  3221065.248
2022  62  28816 GPS  -2267817.189  5009361.570  3221066.278
2022  62  28817 GPS  -2267816.903  5009361.986  3221066.794
2022  62  28818 GPS  -2267817.164  5009363.433  3221067.589
2022  62  28819 GPS  -2267816.936  5009364.506  3221068.229
2022  62  28820 GPS  -2267816.970  5009365.682  3221068.684
2022  62  28821 GPS  -2267817.089  5009367.382  3221069.287
2022  62  28822 GPS  -2267817.450  5009369.198  3221070.087
2022  62  28823 GPS  -2267817.285  5009370.661  3221071.149
2022  62  28824 GPS  -2267817.663  5009372.286  3221072.318
2022  62  28825 GPS  -2267817.820  5009373.887  3221072.898
2022  62  28826 GPS  -2267818.023  5009375.111  3221073.351
2022  62  28827 GPS  -2267818.681  5009376.737  3221073.843
2022  62  28828 GPS  -2267819.061  5009378.108  3221074.285
2022  62  28829 GPS  -2267819.452  5009378.818  3221074.844
2022  62  28830 GPS  -2267819.802  5009379.765  3221075.883
2022  62  28831 GPS  -2267820.995  5009380.613  3221076.436
2022  62  28832 GPS  -2267821.622  5009381.341  3221076.899
2022  62  28833 GPS  -2267821.644  5009382.031  3221077.363
2022  62  28834 GPS  -2267821.883  5009382.677  3221077.594
2022  62  28835 GPS  -2267822.264  5009383.066  3221078.062
2022  62  28836 GPS  -2267822.103  5009383.615  3221078.567
2022  62  28837 GPS  -2267822.645  5009384.311  3221078.694
2022  62  28838 GPS  -2267822.209  5009384.358  3221078.583
2022  62  28839 GPS  -2267822.457  5009384.322  3221078.395
2022  62  28840 GPS  -2267822.489  5009384.353  3221078.248
2022  62  28841 GPS  -2267823.252  5009384.923  3221078.531
2022  62  28842 GPS  -2267823.508  5009384.510  3221078.288
2022  62  28843 GPS  -2267823.953  5009384.770  3221078.544
2022  62  28844 GPS  -2267824.498  5009384.619  3221078.492
2022  62  28845 GPS  -2267824.717  5009384.337  3221078.166
2022  62  28846 GPS  -2267825.204  5009383.659  3221077.686
2022  62  28847 GPS  -2267825.662  5009383.985  3221077.842
2022  62  28848 GPS  -2267825.713  5009383.869  3221077.406
2022  62  28849 GPS  -2267826.282  5009383.923  3221076.918
2022  62  28850 GPS  -2267827.117  5009384.772  3221077.486
2022  62  28851 GPS  -2267827.075  5009384.751  3221077.669
2022  62  28852 GPS  -2267827.615  5009385.165  3221077.580
2022  62  28853 GPS  -2267827.281  5009385.154  3221077.454
2022  62  28854 GPS  -2267827.691  5009385.213  3221077.523
2022  62  28855 GPS  -2267827.913  5009385.863  3221077.673
2022  62  28856 GPS  -2267827.814  5009386.238  3221077.404
2022  62  28857 GPS  -2267827.373  5009386.756  3221077.318
2022  62  28858 GPS  -2267827.499  5009387.330  3221077.414
2022  62  28859 GPS  -2267827.010  5009387.023  3221077.152
2022  62  28860 GPS  -2267826.980  5009387.565  3221077.163
2022  62  28861 GPS  -2267826.576  5009387.997  3221076.908
2022  62  28862 GPS  -2267826.342  5009388.386  3221076.749
2022  62  28863 GPS  -2267826.509  5009388.136  3221076.443
2022  62  28864 GPS  -2267826.540  5009387.498  3221076.082
2022  62  28865 GPS  -2267826.189  5009387.059  3221075.504
2022  62  28866 GPS  -2267826.231  5009387.087  3221075.119
2022  62  28867 GPS  -2267826.332  5009387.055  3221074.942
2022  62  28868 GPS  -2267826.623  5009386.735  3221074.732
2022  62  28869 GPS  -2267826.888  5009386.266  3221074.524
2022  62  28870 GPS  -2267827.274  5009386.401  3221074.813
2022  62  28871 GPS  -2267828.129  5009386.524  3221074.764
2022  62  28872 GPS  -2267828.478  5009386.524  3221074.689
2022  62  28873 GPS  -2267829.268  5009387.124  3221074.579
2022  62  28874 GPS  -2267829.525  5009386.915  3221074.401
2022  62  28875 GPS  -2267829.740  5009386.731  3221073.866
2022  62  28876 GPS  -2267830.061  5009386.906  3221074.130
2022  62  28877 GPS  -2267830.370  5009387.002  3221073.754
2022  62  28878 GPS  -2267830.889  5009387.358  3221073.891
2022  62  28879 GPS  -2267830.706  5009387.002  3221073.566
2022  62  28880 GPS  -2267830.678  5009386.481  3221073.261
2022  62  28881 GPS  -2267830.868  5009386.813  3221073.188
2022  62  28882 GPS  -2267830.729  5009386.739  3221073.270
2022  62  28883 GPS  -2267830.729  5009385.927  3221072.970
2022  62  28884 GPS  -2267830.630  5009385.376  3221072.680
2022  62  28885 GPS  -2267830.680  5009384.761  3221072.282
2022  62  28886 GPS  -2267830.215  5009384.091  3221071.660
2022  62  28887 GPS  -2267830.335  5009383.204  3221071.409
2022  62  28888 GPS  -2267830.147  5009382.530  3221071.246
2022  62  28889 GPS  -2267830.295  5009382.705  3221071.353
2022  62  28890 GPS  -2267830.468  5009382.682  3221071.461
2022  62  28891 GPS  -2267830.564  5009382.262  3221071.213
2022  62  28892 GPS  -2267830.732  5009382.069  3221071.444
2022  62  28893 GPS  -2267830.498  5009381.808  3221071.681
2022  62  28894 GPS  -2267829.867  5009381.232  3221071.644
2022  62  28895 GPS  -2267828.855  5009380.478  3221071.216
2022  62  28896 GPS  -2267828.946  5009380.317  3221071.026
2022  62  28897 GPS  -2267828.060  5009379.089  3221070.263
2022  62  28898 GPS  -2267827.170  5009378.389  3221069.447
2022  62  28899 GPS  -2267826.685  5009377.393  3221069.027
2022  62  28900 GPS  -2267826.276  5009376.589  3221068.388
2022  62  28901 GPS  -2267825.565  5009375.999  3221067.615
2022  62  28902 GPS  -2267825.133  5009375.562  3221066.937
2022  62  28903 GPS  -2267824.915  5009374.743  3221066.186
2022  62  28904 GPS  -2267823.937  5009374.067  3221065.500
2022  62  28905 GPS  -2267823.517  5009374.232  3221065.027
2022  62  28906 GPS  -2267823.203  5009374.182  3221064.529
2022  62  28907 GPS  -2267822.990  5009373.758  3221064.139
2022  62  28908 GPS  -2267822.564  5009373.302  3221063.701
2022  62  28909 GPS  -2267822.514  5009372.455  3221063.459
2022  62  28910 GPS  -2267822.152  5009371.729  3221062.925
2022  62  28911 GPS  -2267822.287  5009371.198  3221062.557
2022  62  28912 GPS  -2267822.235  5009370.833  3221061.603
2022  62  28913 GPS  -2267821.456  5009369.486  3221060.399
2022  62  28914 GPS  -2267820.417  5009367.938  3221059.052
2022  62  28915 GPS  -2267819.561  5009366.784  3221058.130
2022  62  28916 GPS  -2267819.090  5009366.057  3221057.445
2022  62  28917 GPS  -2267818.673  5009365.656  3221056.809
2022  62  28918 GPS  -2267818.671  5009365.611  3221055.764
2022  62  28919 GPS  -2267817.955  5009365.142  3221054.883
2022  62  28920 GPS  -2267818.069  5009365.610  3221054.186
2022  62  28921 GPS  -2267817.954  5009366.415  3221053.971
2022  62  28922 GPS  -2267818.406  5009367.745  3221054.259
2022  62  28923 GPS  -2267817.960  5009368.491  3221054.002
2022  62  28924 GPS  -2267817.915  5009368.809  3221053.171
2022  62  28925 GPS  -2267818.001  5009369.801  3221053.249
2022  62  28926 GPS  -2267818.317  5009370.088  3221052.935
2022  62  28927 GPS  -2267818.811  5009370.761  3221052.674
2022  62  28928 GPS  -2267818.681  5009370.773  3221052.283
2022  62  28929 GPS  -2267818.486  5009370.681  3221051.638
2022  62  28930 GPS  -2267818.747  5009371.095  3221050.942
2022  62  28931 GPS  -2267819.046  5009371.101  3221050.248
2022  62  28932 GPS  -2267819.689  5009371.665  3221050.162
2022  62  28933 GPS  -2267819.945  5009372.022  3221049.907
2022  62  28934 GPS  -2267820.418  5009372.547  3221049.809
2022  62  28935 GPS  -2267820.777  5009373.253  3221049.404
2022  62  28936 GPS  -2267821.095  5009373.457  3221049.327
2022  62  28937 GPS  -2267821.414  5009373.663  3221049.181
2022  62  28938 GPS  -2267822.002  5009374.544  3221049.293
2022  62  28939 GPS  -2267822.120  5009374.349  3221048.692
2022  62  28940 GPS  -2267822.527  5009374.688  3221048.487
2022  62  28941 GPS  -2267822.765  5009374.886  3221048.171
2022  62  28942 GPS  -2267822.397  5009374.691  3221047.535
2022  62  28943 GPS  -2267822.236  5009374.052  3221046.950
2022  62  28944 GPS  -2267822.833  5009374.084  3221046.890
2022  62  28945 GPS  -2267822.554  5009373.814  3221046.598
2022  62  28946 GPS  -2267822.454  5009373.507  3221046.558
2022  62  28947 GPS  -2267821.715  5009372.554  3221046.359
2022  62  28948 GPS  -2267820.856  5009371.626  3221045.832
2022  62  28949 GPS  -2267820.276  5009371.027  3221045.263
2022  62  28950 GPS  -2267819.509  5009370.129  3221044.663
2022  62  28951 GPS  -2267819.251  5009369.058  3221043.648
2022  62  28952 GPS  -2267818.875  5009368.237  3221043.083
2022  62  28953 GPS  -2267818.298  5009366.471  3221041.992
2022  62  28954 GPS  -2267817.615  5009364.984  3221040.958
2022  62  28955 GPS  -2267817.379  5009364.268  3221040.532
2022  62  28956 GPS  -2267817.564  5009363.850  3221040.413
2022  62  28957 GPS  -2267817.805  5009363.491  3221040.317
2022  62  28958 GPS  -2267817.602  5009362.565  3221040.001
2022  62  28959 GPS  -2267817.271  5009361.892  3221039.744
2022  62  28960 GPS  -2267817.199  5009361.022  3221039.164
2022  62  28961 GPS  -2267816.875  5009360.887  3221038.892
2022  62  28962 GPS  -2267816.637  5009359.900  3221038.401
2022  62  28963 GPS  -2267816.505  5009359.537  3221038.061
2022  62  28964 GPS  -2267816.222  5009358.913  3221037.763
2022  62  28965 GPS  -2267816.049  5009358.850  3221037.517
2022  62  28966 GPS  -2267816.074  5009358.921  3221037.561
2022  62  28967 GPS  -2267816.524  5009359.200  3221037.598
2022  62  28968 GPS  -2267816.813  5009359.001  3221037.478
2022  62  28969 GPS  -2267816.606  5009358.760  3221037.132
2022  62  28970 GPS  -2267817.099  5009360.080  3221037.499
2022  62  28971 GPS  -2267817.603  5009360.743  3221037.504
2022  62  28972 GPS  -2267818.285  5009362.114  3221037.947
2022  62  28973 GPS  -2267819.527  5009363.299  3221038.310
2022  62  28974 GPS  -2267820.622  5009364.153  3221038.444
2022  62  28975 GPS  -2267822.667  5009366.105  3221039.206
2022  62  28976 GPS  -2267823.888  5009367.393  3221039.737
2022  62  28977 GPS  -2267825.525  5009368.263  3221039.988
2022  62  28978 GPS  -2267826.919  5009369.330  3221040.150
2022  62  28979 GPS  -2267828.046  5009370.156  3221040.540
2022  62  28980 GPS  -2267829.284  5009371.017  3221040.946
2022  62  28981 GPS  -2267830.143  5009371.673  3221041.296
2022  62  28982 GPS  -2267831.141  5009372.255  3221041.697
2022  62  28983 GPS  -2267832.213  5009372.976  3221041.899
2022  62  28984 GPS  -2267833.563  5009373.447  3221042.486
2022  62  28985 GPS  -2267834.368  5009374.160  3221042.671
2022  62  28986 GPS  -2267834.872  5009374.682  3221043.181
2022  62  28987 GPS  -2267835.308  5009375.118  3221043.361
2022  62  28988 GPS  -2267835.366  5009375.095  3221043.313
2022  62  28989 GPS  -2267835.391  5009375.044  3221043.397
2022  62  28990 GPS  -2267835.957  5009374.909  3221043.260
2022  62  28991 GPS  -2267835.931  5009374.687  3221043.045
2022  62  28992 GPS  -2267836.261  5009374.603  3221043.136
2022  62  28993 GPS  -2267836.201  5009374.096  3221043.130
2022  62  28994 GPS  -2267835.877  5009373.520  3221042.652
2022  62  28995 GPS  -2267835.338  5009372.802  3221042.293
2022  62  28996 GPS  -2267834.982  5009371.794  3221041.640
2022  62  28997 GPS  -2267834.550  5009370.920  3221041.219
2022  62  28998 GPS  -2267834.591  5009370.677  3221041.285
2022  62  28999 GPS  -2267834.111  5009370.536  3221041.288
2022  62  29000 GPS  -2267833.306  5009370.056  3221041.241
2022  62  29001 GPS  -2267833.026  5009369.810  3221041.329
2022  62  29002 GPS  -2267832.535  5009369.442  3221041.284
2022  62  29003 GPS  -2267832.658  5009369.411  3221041.034
2022  62  29004 GPS  -2267832.222  5009368.590  3221040.533
2022  62  29005 GPS  -2267832.080  5009368.452  3221040.052
2022  62  29006 GPS  -2267831.595  5009368.198  3221039.789
2022  62  29007 GPS  -2267831.456  5009368.581  3221039.764
2022  62  29008 GPS  -2267831.050  5009368.933  3221039.770
2022  62  29009 GPS  -2267830.605  5009368.781  3221039.465
2022  62  29010 GPS  -2267830.196  5009368.731  3221039.371
2022  62  29011 GPS  -2267830.051  5009368.691  3221039.343
2022  62  29012 GPS  -2267829.951  5009368.610  3221039.084
2022  62  29013 GPS  -2267829.586  5009368.590  3221038.587
2022  62  29014 GPS  -2267829.198  5009368.056  3221038.209
2022  62  29015 GPS  -2267829.254  5009367.971  3221038.124
2022  62  29016 GPS  -2267829.627  5009367.784  3221038.235
2022  62  29017 GPS  -2267829.402  5009366.626  3221037.954
2022  62  29018 GPS  -2267829.219  5009365.364  3221037.373
2022  62  29019 GPS  -2267829.528  5009365.390  3221037.487
2022  62  29020 GPS  -2267829.496  5009364.984  3221037.598
2022  62  29021 GPS  -2267830.048  5009364.506  3221037.777
2022  62  29022 GPS  -2267829.643  5009363.758  3221037.708
2022  62  29023 GPS  -2267829.722  5009362.674  3221037.703
2022  62  29024 GPS  -2267830.470  5009363.106  3221038.288
2022  62  29025 GPS  -2267830.394  5009362.481  3221038.249
2022  62  29026 GPS  -2267830.796  5009362.433  3221038.492
2022  62  29027 GPS  -2267830.492  5009361.481  3221038.397
2022  62  29028 GPS  -2267830.527  5009360.495  3221038.609
2022  62  29029 GPS  -2267830.727  5009359.844  3221039.181
2022  62  29030 GPS  -2267830.872  5009359.307  3221039.910
2022  62  29031 GPS  -2267831.155  5009358.649  3221040.299
2022  62  29032 GPS  -2267831.477  5009357.886  3221040.863
2022  62  29033 GPS  -2267831.526  5009357.488  3221041.202
2022  62  29034 GPS  -2267831.000  5009356.566  3221041.688
2022  62  29035 GPS  -2267830.532  5009356.799  3221042.187
2022  62  29036 GPS  -2267830.087  5009355.924  3221042.363
2022  62  29037 GPS  -2267829.393  5009355.885  3221042.655
2022  62  29038 GPS  -2267828.585  5009355.923  3221042.659
2022  62  29039 GPS  -2267827.447  5009355.189  3221042.488
2022  62  29040 GPS  -2267826.967  5009355.284  3221042.581
2022  62  29041 GPS  -2267826.381  5009354.918  3221042.742
2022  62  29042 GPS  -2267825.944  5009354.695  3221043.034
2022  62  29043 GPS  -2267825.689  5009355.498  3221042.978
2022  62  29044 GPS  -2267825.276  5009356.120  3221043.330
2022  62  29045 GPS  -2267824.879  5009356.848  3221043.532
2022  62  29046 GPS  -2267824.792  5009357.108  3221043.850
2022  62  29047 GPS  -2267824.529  5009357.605  3221044.116
2022  62  29048 GPS  -2267824.107  5009357.840  3221044.016
2022  62  29049 GPS  -2267824.274  5009360.098  3221044.625
2022  62  29050 GPS  -2267824.405  5009360.668  3221044.954
2022  62  29051 GPS  -2267824.088  5009361.653  3221045.399
2022  62  29052 GPS  -2267823.636  5009362.690  3221046.055
2022  62  29053 GPS  -2267822.941  5009363.006  3221046.630
2022  62  29054 GPS  -2267822.965  5009364.156  3221047.761
2022  62  29055 GPS  -2267823.072  5009365.811  3221048.778
2022  62  29056 GPS  -2267822.874  5009367.105  3221049.668
2022  62  29057 GPS  -2267822.760  5009368.606  3221050.669
2022  62  29058 GPS  -2267822.782  5009369.816  3221052.051
2022  62  29059 GPS  -2267822.430  5009370.534  3221052.629
2022  62  29060 GPS  -2267822.449  5009371.279  3221054.033
2022  62  29061 GPS  -2267822.201  5009371.820  3221054.712
2022  62  29062 GPS  -2267821.903  5009371.804  3221055.337
2022  62  29063 GPS  -2267822.271  5009371.870  3221055.991
2022  62  29064 GPS  -2267822.670  5009372.234  3221057.175
2022  62  29065 GPS  -2267823.167  5009372.516  3221057.948
2022  62  29066 GPS  -2267823.194  5009372.668  3221058.764
2022  62  29067 GPS  -2267823.118  5009372.082  3221059.338
2022  62  29068 GPS  -2267822.866  5009372.249  3221059.931
2022  62  29069 GPS  -2267822.851  5009371.998  3221060.128
2022  62  29070 GPS  -2267823.221  5009372.553  3221060.937
2022  62  29071 GPS  -2267823.145  5009372.576  3221061.528
2022  62  29072 GPS  -2267822.900  5009372.994  3221062.378
2022  62  29073 GPS  -2267822.492  5009373.248  3221063.244
2022  62  29074 GPS  -2267822.638  5009373.709  3221064.102
2022  62  29075 GPS  -2267822.204  5009373.451  3221064.571
2022  62  29076 GPS  -2267821.825  5009373.442  3221064.834
2022  62  29077 GPS  -2267821.853  5009372.744  3221065.307
2022  62  29078 GPS  -2267821.758  5009372.722  3221066.001
2022  62  29079 GPS  -2267821.199  5009373.142  3221066.628
2022  62  29080 GPS  -2267820.661  5009373.787  3221067.083
2022  62  29081 GPS  -2267820.527  5009374.031  3221067.076
2022  62  29082 GPS  -2267820.233  5009373.819  3221067.153
2022  62  29083 GPS  -2267819.917  5009373.205  3221067.221
2022  62  29084 GPS  -2267820.034  5009373.226  3221067.392
2022  62  29085 GPS  -2267819.912  5009373.116  3221067.154
2022  62  29086 GPS  -2267819.641  5009372.912  3221067.286
2022  62  29087 GPS  -2267819.683  5009372.795  3221067.733
2022  62  29088 GPS  -2267819.280  5009373.156  3221067.884
2022  62  29089 GPS  -2267819.009  5009372.644  3221067.469
2022  62  29090 GPS  -2267818.672  5009371.964  3221067.420
2022  62  29091 GPS  -2267818.403  5009371.851  3221067.268
2022  62  29092 GPS  -2267818.424  5009372.083  3221067.630
2022  62  29093 GPS  -2267817.934  5009372.215  3221067.396
2022  62  29094 GPS  -2267817.513  5009372.093  3221067.061
2022  62  29095 GPS  -2267817.879  5009371.981  3221066.516
2022  62  29096 GPS  -2267818.176  5009372.341  3221066.557
2022  62  29097 GPS  -2267817.888  5009372.304  3221066.318
2022  62  29098 GPS  -2267817.448  5009372.336  3221066.009
2022  62  29099 GPS  -2267817.644  5009372.514  3221065.892
2022  62  29100 GPS  -2267818.102  5009373.084  3221065.818
2022  62  29101 GPS  -2267818.349  5009373.638  3221065.828
2022  62  29102 GPS  -2267818.451  5009374.211  3221066.046
2022  62  29103 GPS  -2267818.849  5009374.543  3221066.088
2022  62  29104 GPS  -2267819.511  5009375.258  3221066.379
2022  62  29105 GPS  -2267819.796  5009375.363  3221066.378
2022  62  29106 GPS  -2267820.562  5009376.446  3221066.878
2022  62  29107 GPS  -2267821.243  5009377.644  3221067.327
2022  62  29108 GPS  -2267822.069  5009378.804  3221067.971
2022  62  29109 GPS  -2267822.555  5009379.321  3221068.372
2022  62  29110 GPS  -2267823.274  5009379.626  3221068.616
2022  62  29111 GPS  -2267824.333  5009380.666  3221069.259
2022  62  29112 GPS  -2267824.946  5009381.392  3221069.816
2022  62  29113 GPS  -2267825.212  5009380.901  3221069.624
2022  62  29114 GPS  -2267825.439  5009380.997  3221070.008
2022  62  29115 GPS  -2267826.052  5009382.053  3221070.516
2022  62  29116 GPS  -2267826.710  5009382.612  3221070.905
2022  62  29117 GPS  -2267827.324  5009383.542  3221071.167
2022  62  29118 GPS  -2267828.091  5009384.063  3221071.464
2022  62  29119 GPS  -2267828.583  5009384.185  3221071.724
2022  62  29120 GPS  -2267829.076  5009384.037  3221071.818
2022  62  29121 GPS  -2267829.693  5009384.909  3221072.120
2022  62  29122 GPS  -2267830.135  5009384.606  3221071.925
2022  62  29123 GPS  -2267830.771  5009384.314  3221071.676
2022  62  29124 GPS  -2267831.447  5009384.015  3221071.421
2022  62  29125 GPS  -2267831.936  5009383.427  3221071.157
2022  62  29126 GPS  -2267832.022  5009383.261  3221070.730
2022  62  29127 GPS  -2267832.638  5009382.566  3221070.177
2022  62  29128 GPS  -2267832.898  5009381.899  3221069.183
2022  62  29129 GPS  -2267833.330  5009381.140  3221068.544
2022  62  29130 GPS  -2267833.255  5009380.129  3221067.588
2022  62  29131 GPS  -2267833.060  5009379.429  3221066.727
2022  62  29132 GPS  -2267833.031  5009379.316  3221066.055
2022  62  29133 GPS  -2267832.463  5009379.141  3221065.283
2022  62  29134 GPS  -2267831.831  5009377.519  3221063.740
2022  62  29135 GPS  -2267831.564  5009376.778  3221062.781
2022  62  29136 GPS  -2267831.737  5009376.049  3221061.846
2022  62  29137 GPS  -2267831.668  5009375.173  3221060.819
2022  62  29138 GPS  -2267830.997  5009373.735  3221059.517
2022  62  29139 GPS  -2267830.955  5009372.600  3221058.667
2022  62  29140 GPS  -2267830.544  5009371.421  3221057.491
2022  62  29141 GPS  -2267830.483  5009370.824  3221056.634
2022  62  29142 GPS  -2267830.348  5009370.408  3221055.484
2022  62  29143 GPS  -2267829.950  5009369.545  3221054.458
2022  62  29144 GPS  -2267829.518  5009368.946  3221054.331
2022  62  29145 GPS  -2267829.708  5009368.682  3221053.348
2022  62  29146 GPS  -2267829.339  5009367.856  3221052.570
2022  62  29147 GPS  -2267829.009  5009367.078  3221051.890
2022  62  29148 GPS  -2267829.038  5009367.306  3221051.214
2022  62  29149 GPS  -2267828.891  5009367.555  3221050.373
2022  62  29150 GPS  -2267828.920  5009366.946  3221049.383
2022  62  29151 GPS  -2267829.346  5009367.703  3221048.893
2022  62  29152 GPS  -2267829.557  5009368.645  3221048.292
2022  62  29153 GPS  -2267829.644  5009369.109  3221047.616
2022  62  29154 GPS  -2267829.842  5009369.228  3221047.057
2022  62  29155 GPS  -2267829.806  5009369.095  3221046.065
2022  62  29156 GPS  -2267829.094  5009368.550  3221045.033
2022  62  29157 GPS  -2267829.258  5009368.906  3221044.416
2022  62  29158 GPS  -2267829.320  5009369.346  3221043.877
2022  62  29159 GPS  -2267829.065  5009369.262  3221043.566
2022  62  29160 GPS  -2267829.388  5009369.994  3221043.447
2022  62  29161 GPS  -2267829.119  5009369.656  3221042.912
2022  62  29162 GPS  -2267829.664  5009370.814  3221043.069
2022  62  29163 GPS  -2267830.199  5009371.854  3221043.198
2022  62  29164 GPS  -2267831.396  5009373.149  3221043.322
2022  62  29165 GPS  -2267832.181  5009373.905  3221043.355
2022  62  29166 GPS  -2267833.166  5009375.406  3221043.684
2022  62  29167 GPS  -2267834.964  5009377.741  3221044.611
2022  62  29168 GPS  -2267836.239  5009378.546  3221044.733
2022  62  29169 GPS  -2267837.053  5009379.385  3221045.005
2022  62  29170 GPS  -2267837.413  5009379.677  3221044.771
2022  62  29171 GPS  -2267838.226  5009380.144  3221044.838
2022  62  29172 GPS  -2267839.464  5009380.945  3221045.130
2022  62  29173 GPS  -2267839.450  5009380.837  3221044.579
2022  62  29174 GPS  -2267839.796  5009381.582  3221044.711
2022  62  29175 GPS  -2267839.824  5009382.137  3221045.090
2022  62  29176 GPS  -2267840.344  5009382.368  3221045.386
2022  62  29177 GPS  -2267841.105  5009382.323  3221045.460
2022  62  29178 GPS  -2267841.986  5009383.750  3221045.888
2022  62  29179 GPS  -2267842.172  5009384.379  3221045.898
2022  62  29180 GPS  -2267842.540  5009384.626  3221046.075
2022  62  29181 GPS  -2267842.998  5009384.409  3221046.216
2022  62  29182 GPS  -2267843.132  5009384.631  3221046.328
2022  62  29183 GPS  -2267843.130  5009384.103  3221046.514
2022  62  29184 GPS  -2267843.580  5009384.252  3221046.719
2022  62  29185 GPS  -2267843.809  5009383.904  3221046.685
2022  62  29186 GPS  -2267844.146  5009384.111  3221046.782
2022  62  29187 GPS  -2267843.888  5009383.411  3221046.465
2022  62  29188 GPS  -2267843.185  5009382.930  3221046.531
2022  62  29189 GPS  -2267842.474  5009382.253  3221045.962
2022  62  29190 GPS  -2267842.089  5009381.311  3221045.951
2022  62  29191 GPS  -2267841.840  5009381.019  3221045.927
2022  62  29192 GPS  -2267841.896  5009380.880  3221045.990
2022  62  29193 GPS  -2267841.779  5009379.979  3221045.919
2022  62  29194 GPS  -2267841.714  5009378.940  3221046.047
2022  62  29195 GPS  -2267841.860  5009378.283  3221045.872
2022  62  29196 GPS  -2267841.658  5009377.451  3221046.139
2022  62  29197 GPS  -2267841.436  5009376.773  3221046.323
2022  62  29198 GPS  -2267841.060  5009375.834  3221046.181
2022  62  29199 GPS  -2267840.736  5009374.907  3221046.192
2022  62  29200 GPS  -2267840.311  5009373.783  3221046.112
2022  62  29201 GPS  -2267839.647  5009372.469  3221046.339
2022  62  29202 GPS  -2267839.119  5009371.357  3221046.237
2022  62  29203 GPS  -2267838.449  5009370.931  3221046.572
2022  62  29204 GPS  -2267838.311  5009370.593  3221046.588
2022  62  29205 GPS  -2267837.650  5009363.801  3221045.645
2022  62  29206 GPS  -2267837.549  5009363.685  3221046.248
2022  62  29207 GPS  -2267837.707  5009364.033  3221046.832
2022  62  29208 GPS  -2267837.368  5009364.033  3221046.889
2022  62  29209 GPS  -2267836.321  5009364.403  3221047.134
2022  62  29210 GPS  -2267835.571  5009365.034  3221047.350
2022  62  29211 GPS  -2267835.252  5009365.754  3221047.605
2022  62  29212 GPS  -2267834.491  5009366.052  3221047.628
2022  62  29213 GPS  -2267833.809  5009366.396  3221047.579
2022  62  29214 GPS  -2267834.234  5009367.783  3221048.422
2022  62  29215 GPS  -2267834.421  5009369.252  3221049.241
2022  62  29216 GPS  -2267834.878  5009370.899  3221050.171
2022  62  29217 GPS  -2267835.259  5009372.168  3221051.043
2022  62  29218 GPS  -2267835.138  5009373.515  3221052.003
2022  62  29219 GPS  -2267835.168  5009374.506  3221053.283
2022  62  29220 GPS  -2267834.129  5009375.084  3221053.422
2022  62  29221 GPS  -2267833.803  5009375.657  3221053.799
2022  62  29222 GPS  -2267833.059  5009375.782  3221053.586
2022  62  29223 GPS  -2267832.097  5009375.558  3221053.591
2022  62  29224 GPS  -2267831.091  5009375.240  3221053.404
2022  62  29225 GPS  -2267830.500  5009375.016  3221053.022
2022  62  29226 GPS  -2267829.554  5009374.968  3221052.986
2022  62  29227 GPS  -2267829.219  5009375.093  3221053.006
2022  62  29228 GPS  -2267828.195  5009374.442  3221052.457
2022  62  29229 GPS  -2267827.445  5009373.647  3221051.829
2022  62  29230 GPS  -2267826.984  5009373.576  3221051.610
2022  62  29231 GPS  -2267826.361  5009372.695  3221051.209
2022  62  29232 GPS  -2267826.172  5009372.068  3221051.126
2022  62  29233 GPS  -2267825.932  5009371.273  3221050.861
2022  62  29234 GPS  -2267825.798  5009370.933  3221050.986
2022  62  29235 GPS  -2267825.508  5009369.687  3221050.162
2022  62  29236 GPS  -2267825.183  5009369.023  3221049.856
2022  62  29237 GPS  -2267824.625  5009368.154  3221049.548
2022  62  29238 GPS  -2267824.429  5009367.849  3221049.608
2022  62  29239 GPS  -2267824.392  5009367.269  3221049.557
2022  62  29240 GPS  -2267823.859  5009366.644  3221049.565
2022  62  29241 GPS  -2267824.149  5009366.616  3221050.141
2022  62  29242 GPS  -2267825.032  5009366.274  3221050.323
2022  62  29243 GPS  -2267825.674  5009365.784  3221050.776
2022  62  29244 GPS  -2267826.063  5009365.091  3221050.915
2022  62  29245 GPS  -2267825.844  5009364.072  3221050.870
2022  62  29246 GPS  -2267825.899  5009363.193  3221051.343
2022  62  29247 GPS  -2267826.621  5009362.654  3221051.474
2022  62  29248 GPS  -2267827.009  5009362.268  3221051.964
2022  62  29249 GPS  -2267827.253  5009361.918  3221051.739
2022  62  29250 GPS  -2267827.088  5009361.706  3221051.792
2022  62  29251 GPS  -2267827.956  5009362.266  3221052.445
2022  62  29252 GPS  -2267828.373  5009362.854  3221052.940
2022  62  29253 GPS  -2267829.217  5009363.574  3221053.656
2022  62  29254 GPS  -2267830.416  5009363.648  3221054.243
2022  62  29255 GPS  -2267830.732  5009364.321  3221054.435
2022  62  29256 GPS  -2267831.664  5009364.993  3221054.590
2022  62  29257 GPS  -2267831.969  5009366.328  3221055.354
2022  62  29258 GPS  -2267832.445  5009366.963  3221055.719
2022  62  29259 GPS  -2267833.063  5009368.165  3221055.858
2022  62  29260 GPS  -2267833.422  5009369.074  3221056.054
2022  62  29261 GPS  -2267833.781  5009369.516  3221056.072
2022  62  29262 GPS  -2267833.426  5009369.784  3221055.761
2022  62  29263 GPS  -2267833.777  5009369.760  3221055.660
2022  62  29264 GPS  -2267833.736  5009370.352  3221055.614
2022  62  29265 GPS  -2267833.577  5009370.350  3221055.383
2022  62  29266 GPS  -2267832.925  5009369.891  3221054.594
2022  62  29267 GPS  -2267832.765  5009369.275  3221053.958
2022  62  29268 GPS  -2267832.391  5009368.536  3221053.282
2022  62  29269 GPS  -2267832.542  5009367.837  3221052.405
2022  62  29270 GPS  -2267832.098  5009367.379  3221051.411
2022  62  29271 GPS  -2267831.897  5009367.236  3221051.267
2022  62  29272 GPS  -2267831.838  5009366.726  3221050.900
2022  62  29273 GPS  -2267831.815  5009365.509  3221050.105
2022  62  29274 GPS  -2267831.557  5009364.188  3221049.222
2022  62  29275 GPS  -2267830.676  5009363.107  3221048.695
2022  62  29276 GPS  -2267830.731  5009362.199  3221048.513
2022  62  29277 GPS  -2267830.620  5009361.822  3221048.344
2022  62  29278 GPS  -2267830.150  5009361.429  3221047.929
2022  62  29279 GPS  -2267829.846  5009360.960  3221047.564
2022  62  29280 GPS  -2267829.228  5009360.755  3221047.327
2022  62  29281 GPS  -2267828.910  5009360.642  3221047.261
2022  62  29282 GPS  -2267827.722  5009360.223  3221047.102
2022  62  29283 GPS  -2267826.872  5009360.214  3221047.082
2022  62  29284 GPS  -2267826.433  5009360.298  3221047.019
2022  62  29285 GPS  -2267825.867  5009359.445  3221046.499
2022  62  29286 GPS  -2267824.981  5009358.988  3221045.989
2022  62  29287 GPS  -2267824.688  5009359.490  3221046.040
2022  62  29288 GPS  -2267824.352  5009359.512  3221045.717
2022  62  29289 GPS  -2267823.873  5009360.109  3221045.732
2022  62  29290 GPS  -2267823.268  5009360.520  3221045.904
2022  62  29291 GPS  -2267823.233  5009360.772  3221045.615
2022  62  29292 GPS  -2267822.952  5009360.640  3221045.294
2022  62  29293 GPS  -2267822.404  5009360.730  3221045.256
2022  62  29294 GPS  -2267821.945  5009360.232  3221044.642
2022  62  29295 GPS  -2267821.685  5009360.442  3221044.621
2022  62  29296 GPS  -2267821.131  5009360.652  3221043.723
2022  62  29297 GPS  -2267820.483  5009360.426  3221042.905
2022  62  29298 GPS  -2267819.817  5009360.682  3221042.620
2022  62  29299 GPS  -2267818.924  5009360.783  3221042.641
2022  62  29300 GPS  -2267817.922  5009360.450  3221042.367
2022  62  29301 GPS  -2267817.416  5009359.739  3221042.271
2022  62  29302 GPS  -2267816.578  5009359.235  3221041.766
2022  62  29303 GPS  -2267815.612  5009358.662  3221041.425
2022  62  29304 GPS  -2267815.478  5009359.163  3221041.549
2022  62  29305 GPS  -2267815.156  5009359.082  3221041.474
2022  62  29306 GPS  -2267814.889  5009359.332  3221041.989
2022  62  29307 GPS  -2267814.835  5009359.397  3221042.449
2022  62  29308 GPS  -2267814.129  5009359.200  3221042.600
2022  62  29309 GPS  -2267813.784  5009359.431  3221043.055
2022  62  29310 GPS  -2267814.244  5009359.356  3221043.282
2022  62  29311 GPS  -2267813.808  5009358.968  3221043.481
2022  62  29312 GPS  -2267813.690  5009359.180  3221044.163
2022  62  29313 GPS  -2267813.944  5009358.781  3221044.478
2022  62  29314 GPS  -2267814.063  5009358.369  3221044.719
2022  62  29315 GPS  -2267814.578  5009358.146  3221045.320
2022  62  29316 GPS  -2267814.224  5009356.990  3221045.531
2022  62  29317 GPS  -2267814.306  5009356.406  3221045.963
2022  62  29318 GPS  -2267814.308  5009355.402  3221045.879
2022  62  29319 GPS  -2267814.054  5009353.698  3221045.663
2022  62  29320 GPS  -2267814.246  5009352.917  3221045.655
2022  62  29321 GPS  -2267814.187  5009352.222  3221045.943
2022  62  29322 GPS  -2267814.228  5009351.681  3221046.114
2022  62  29323 GPS  -2267814.223  5009351.398  3221046.095
2022  62  29324 GPS  -2267814.302  5009351.312  3221046.595
2022  62  29325 GPS  -2267815.006  5009351.614  3221047.285
2022  62  29326 GPS  -2267814.774  5009351.957  3221047.683
2022  62  29327 GPS  -2267815.208  5009352.565  3221048.564
2022  62  29328 GPS  -2267815.247  5009352.624  3221048.754
2022  62  29329 GPS  -2267815.256  5009352.677  3221049.405
2022  62  29330 GPS  -2267816.047  5009353.647  3221050.228
2022  62  29331 GPS  -2267816.445  5009353.695  3221050.724
2022  62  29332 GPS  -2267816.099  5009353.598  3221050.953
2022  62  29333 GPS  -2267815.924  5009353.954  3221051.375
2022  62  29334 GPS  -2267816.045  5009354.822  3221052.026
2022  62  29335 GPS  -2267815.645  5009355.061  3221052.435
2022  62  29336 GPS  -2267815.079  5009354.775  3221052.434
2022  62  29337 GPS  -2267814.605  5009355.017  3221052.771
2022  62  29338 GPS  -2267813.909  5009355.020  3221052.808
2022  62  29339 GPS  -2267814.080  5009355.543  3221053.186
2022  62  29340 GPS  -2267813.850  5009355.385  3221053.173
2022  62  29341 GPS  -2267813.701  5009355.273  3221053.368
2022  62  29342 GPS  -2267813.799  5009355.730  3221053.703
2022  62  29343 GPS  -2267813.315  5009356.937  3221054.034
2022  62  29344 GPS  -2267813.246  5009357.634  3221054.263
2022  62  29345 GPS  -2267813.353  5009358.347  3221054.435
2022  62  29346 GPS  -2267814.038  5009359.113  3221054.675
2022  62  29347 GPS  -2267814.983  5009359.444  3221055.032
2022  62  29348 GPS  -2267815.256  5009360.133  3221055.314
2022  62  29349 GPS  -2267815.684  5009360.137  3221055.122
2022  62  29350 GPS  -2267816.106  5009361.013  3221055.298
2022  62  29351 GPS  -2267816.248  5009361.174  3221055.326
2022  62  29352 GPS  -2267815.893  5009360.991  3221054.948
2022  62  29353 GPS  -2267815.613  5009360.886  3221055.101
2022  62  29354 GPS  -2267815.492  5009361.327  3221055.025
2022  62  29355 GPS  -2267815.262  5009360.798  3221054.620
2022  62  29356 GPS  -2267815.154  5009360.945  3221054.766
2022  62  29357 GPS  -2267814.742  5009360.782  3221054.632
2022  62  29358 GPS  -2267815.117  5009361.007  3221054.681
2022  62  29359 GPS  -2267815.114  5009360.539  3221054.569
2022  62  29360 GPS  -2267815.133  5009359.947  3221054.386
2022  62  29361 GPS  -2267815.022  5009359.851  3221054.524
2022  62  29362 GPS  -2267815.085  5009359.660  3221054.697
2022  62  29363 GPS  -2267814.683  5009359.705  3221054.550
2022  62  29364 GPS  -2267814.466  5009359.591  3221054.343
2022  62  29365 GPS  -2267814.491  5009359.491  3221054.336
2022  62  29366 GPS  -2267814.463  5009359.528  3221054.449
2022  62  29367 GPS  -2267814.042  5009359.355  3221054.385
2022  62  29368 GPS  -2267813.680  5009359.123  3221054.500
2022  62  29369 GPS  -2267813.442  5009359.187  3221054.313
2022  62  29370 GPS  -2267813.155  5009358.742  3221053.771
2022  62  29371 GPS  -2267812.613  5009358.693  3221053.777
2022  62  29372 GPS  -2267812.309  5009358.999  3221053.705
2022  62  29373 GPS  -2267812.089  5009358.664  3221052.992
2022  62  29374 GPS  -2267812.227  5009359.106  3221052.737
2022  62  29375 GPS  -2267812.183  5009359.672  3221052.733
2022  62  29376 GPS  -2267812.698  5009359.736  3221052.302
2022  62  29377 GPS  -2267811.968  5009359.639  3221051.694
2022  62  29378 GPS  -2267811.926  5009359.443  3221051.264
2022  62  29379 GPS  -2267811.390  5009359.580  3221050.871
2022  62  29380 GPS  -2267811.655  5009359.897  3221050.760
2022  62  29381 GPS  -2267811.503  5009359.849  3221050.480
2022  62  29382 GPS  -2267811.700  5009359.946  3221050.390
2022  62  29383 GPS  -2267811.425  5009360.225  3221050.317
2022  62  29384 GPS  -2267811.418  5009360.269  3221050.225
2022  62  29385 GPS  -2267811.349  5009360.135  3221050.729
2022  62  29386 GPS  -2267810.871  5009359.993  3221050.814
2022  62  29387 GPS  -2267810.818  5009359.857  3221050.941
2022  62  29388 GPS  -2267811.272  5009359.531  3221051.017
2022  62  29389 GPS  -2267811.162  5009358.533  3221050.644
2022  62  29390 GPS  -2267810.805  5009358.349  3221050.903
2022  62  29391 GPS  -2267811.026  5009358.080  3221050.989
2022  62  29392 GPS  -2267811.221  5009357.661  3221051.128
2022  62  29393 GPS  -2267810.609  5009356.454  3221050.982
2022  62  29394 GPS  -2267810.371  5009355.225  3221050.914
2022  62  29395 GPS  -2267810.120  5009354.511  3221050.800
2022  62  29396 GPS  -2267810.330  5009354.258  3221050.968
2022  62  29397 GPS  -2267810.672  5009354.186  3221051.391
2022  62  29398 GPS  -2267811.028  5009353.678  3221051.175
2022  62  29399 GPS  -2267811.052  5009353.839  3221051.484
2022  62  29400 GPS  -2267811.106  5009353.766  3221051.568
2022  62  29401 GPS  -2267811.172  5009353.691  3221051.235
2022  62  29402 GPS  -2267811.383  5009354.365  3221051.625
2022  62  29403 GPS  -2267811.497  5009353.634  3221051.280
2022  62  29404 GPS  -2267811.231  5009353.034  3221050.539
2022  62  29405 GPS  -2267810.994  5009352.413  3221050.297
2022  62  29406 GPS  -2267810.480  5009351.788  3221049.675
2022  62  29407 GPS  -2267809.796  5009350.328  3221048.979
2022  62  29408 GPS  -2267809.289  5009349.870  3221048.682
2022  62  29409 GPS  -2267808.752  5009350.032  3221048.485
2022  62  29410 GPS  -2267808.396  5009350.491  3221048.483
2022  62  29411 GPS  -2267808.599  5009350.922  3221048.593
2022  62  29412 GPS  -2267808.536  5009350.500  3221048.078
2022  62  29413 GPS  -2267808.286  5009350.329  3221047.544
2022  62  29414 GPS  -2267808.305  5009350.250  3221047.464
2022  62  29415 GPS  -2267807.871  5009349.973  3221047.272
2022  62  29416 GPS  -2267807.643  5009349.769  3221047.041
2022  62  29417 GPS  -2267807.565  5009350.133  3221047.148
2022  62  29418 GPS  -2267807.439  5009349.965  3221046.918
2022  62  29419 GPS  -2267807.394  5009349.807  3221047.051
2022  62  29420 GPS  -2267807.019  5009349.117  3221046.528
2022  62  29421 GPS  -2267806.743  5009348.350  3221046.102
2022  62  29422 GPS  -2267806.213  5009347.646  3221045.753
2022  62  29423 GPS  -2267806.402  5009347.809  3221045.790
2022  62  29424 GPS  -2267807.034  5009347.649  3221045.970
2022  62  29425 GPS  -2267807.173  5009348.064  3221046.243
2022  62  29426 GPS  -2267807.757  5009347.884  3221046.491
2022  62  29427 GPS  -2267808.299  5009347.926  3221046.956
2022  62  29428 GPS  -2267809.164  5009347.846  3221046.822
2022  62  29429 GPS  -2267810.153  5009347.967  3221047.135
2022  62  29430 GPS  -2267810.646  5009347.327  3221047.092
2022  62  29431 GPS  -2267811.638  5009347.354  3221047.620
2022  62  29432 GPS  -2267812.521  5009346.915  3221047.749
2022  62  29433 GPS  -2267813.071  5009346.809  3221047.639
2022  62  29434 GPS  -2267814.023  5009347.173  3221048.070
2022  62  29435 GPS  -2267814.639  5009347.132  3221048.404
2022  62  29436 GPS  -2267815.722  5009346.895  3221048.501
2022  62  29437 GPS  -2267815.817  5009345.822  3221048.192
2022  62  29438 GPS  -2267816.582  5009345.812  3221047.980
2022  62  29439 GPS  -2267817.004  5009345.436  3221047.831
2022  62  29440 GPS  -2267817.300  5009345.140  3221047.604
2022  62  29441 GPS  -2267818.024  5009344.627  3221047.383
2022  62  29442 GPS  -2267818.009  5009344.139  3221046.914
2022  62  29443 GPS  -2267818.715  5009344.158  3221046.920
2022  62  29444 GPS  -2267819.253  5009344.143  3221047.076
2022  62  29445 GPS  -2267819.494  5009344.173  3221047.459
2022  62  29446 GPS  -2267819.904  5009344.538  3221047.650
2022  62  29447 GPS  -2267820.279  5009344.936  3221048.059
2022  62  29448 GPS  -2267820.484  5009344.640  3221048.002
2022  62  29449 GPS  -2267820.339  5009344.384  3221047.340
2022  62  29450 GPS  -2267820.207  5009344.358  3221047.064
2022  62  29451 GPS  -2267820.292  5009344.027  3221046.569
2022  62  29452 GPS  -2267820.051  5009344.602  3221046.728
2022  62  29453 GPS  -2267819.723  5009344.677  3221046.795
2022  62  29454 GPS  -2267819.653  5009344.296  3221046.394
2022  62  29455 GPS  -2267819.541  5009344.688  3221046.484
2022  62  29456 GPS  -2267819.346  5009344.483  3221046.330
2022  62  29457 GPS  -2267819.478  5009344.949  3221046.837
2022  62  29458 GPS  -2267818.691  5009345.066  3221046.936
2022  62  29459 GPS  -2267818.997  5009345.007  3221047.000
2022  62  29460 GPS  -2267818.693  5009345.193  3221047.164
2022  62  29461 GPS  -2267818.645  5009345.468  3221047.396
2022  62  29462 GPS  -2267818.744  5009345.913  3221047.023
2022  62  29463 GPS  -2267818.759  5009346.474  3221047.062
2022  62  29464 GPS  -2267819.288  5009347.104  3221047.417
2022  62  29465 GPS  -2267819.984  5009348.091  3221047.758
2022  62  29466 GPS  -2267820.745  5009349.612  3221048.222
2022  62  29467 GPS  -2267820.950  5009350.378  3221048.272
2022  62  29468 GPS  -2267821.458  5009351.369  3221048.289
2022  62  29469 GPS  -2267822.222  5009352.188  3221048.341
2022  62  29470 GPS  -2267822.934  5009352.354  3221048.080
2022  62  29471 GPS  -2267823.522  5009353.365  3221048.099
2022  62  29472 GPS  -2267823.607  5009353.514  3221047.905
2022  62  29473 GPS  -2267824.188  5009353.687  3221047.620
2022  62  29474 GPS  -2267824.658  5009354.480  3221047.645
2022  62  29475 GPS  -2267825.128  5009354.966  3221047.605
2022  62  29476 GPS  -2267825.756  5009355.093  3221047.111
2022  62  29477 GPS  -2267826.030  5009354.604  3221046.454
2022  62  29478 GPS  -2267825.769  5009354.225  3221045.818
2022  62  29479 GPS  -2267826.058  5009354.181  3221045.573
2022  62  29480 GPS  -2267826.238  5009353.711  3221045.258
2022  62  29481 GPS  -2267826.980  5009353.514  3221044.950
2022  62  29482 GPS  -2267827.271  5009353.270  3221044.745
2022  62  29483 GPS  -2267827.422  5009352.530  3221044.750
2022  62  29484 GPS  -2267827.284  5009351.266  3221044.491
2022  62  29485 GPS  -2267826.940  5009349.934  3221044.070
2022  62  29486 GPS  -2267826.920  5009348.583  3221043.343
2022  62  29487 GPS  -2267826.654  5009347.732  3221043.008
2022  62  29488 GPS  -2267826.357  5009346.448  3221042.426
2022  62  29489 GPS  -2267826.431  5009345.250  3221041.820
2022  62  29490 GPS  -2267826.514  5009344.203  3221041.368
2022  62  29491 GPS  -2267827.006  5009343.490  3221041.113
2022  62  29492 GPS  -2267827.172  5009342.170  3221041.100
2022  62  29493 GPS  -2267827.446  5009340.995  3221041.009
2022  62  29494 GPS  -2267827.628  5009340.445  3221041.198
2022  62  29495 GPS  -2267827.730  5009339.568  3221041.106
2022  62  29496 GPS  -2267827.753  5009339.075  3221041.639
2022  62  29497 GPS  -2267828.070  5009338.363  3221041.782
2022  62  29498 GPS  -2267828.023  5009337.600  3221042.077
2022  62  29499 GPS  -2267828.192  5009338.066  3221042.702
2022  62  29500 GPS  -2267828.333  5009338.760  3221043.576
2022  62  29501 GPS  -2267828.418  5009339.157  3221044.051
2022  62  29502 GPS  -2267828.160  5009339.325  3221044.540
2022  62  29503 GPS  -2267828.432  5009339.928  3221045.183
2022  62  29504 GPS  -2267827.912  5009339.512  3221045.900
2022  62  29505 GPS  -2267827.976  5009340.068  3221046.642
2022  62  29506 GPS  -2267827.928  5009340.520  3221047.531
2022  62  29507 GPS  -2267828.042  5009340.714  3221047.736
2022  62  29508 GPS  -2267827.811  5009341.336  3221048.475
2022  62  29509 GPS  -2267827.884  5009342.463  3221049.332
2022  62  29510 GPS  -2267827.788  5009343.611  3221049.994
2022  62  29511 GPS  -2267827.444  5009343.466  3221050.375
2022  62  29512 GPS  -2267827.860  5009344.621  3221051.435
2022  62  29513 GPS  -2267827.947  5009345.475  3221052.201
2022  62  29514 GPS  -2267828.144  5009346.277  3221052.909
2022  62  29515 GPS  -2267827.929  5009346.904  3221053.367
2022  62  29516 GPS  -2267828.064  5009348.196  3221053.889
2022  62  29517 GPS  -2267828.453  5009349.438  3221054.481
2022  62  29518 GPS  -2267828.984  5009350.607  3221054.969
2022  62  29519 GPS  -2267828.991  5009351.013  3221054.871
2022  62  29520 GPS  -2267828.688  5009350.831  3221054.667
2022  62  29521 GPS  -2267829.555  5009351.582  3221055.213
2022  62  29522 GPS  -2267829.512  5009352.679  3221055.417
2022  62  29523 GPS  -2267829.629  5009353.093  3221055.625
2022  62  29524 GPS  -2267829.902  5009353.558  3221055.736
2022  62  29525 GPS  -2267829.912  5009353.012  3221055.217
2022  62  29526 GPS  -2267830.281  5009353.491  3221055.127
2022  62  29527 GPS  -2267830.445  5009353.423  3221054.803
2022  62  29528 GPS  -2267830.821  5009353.563  3221054.679
2022  62  29529 GPS  -2267831.024  5009353.856  3221054.658
2022  62  29530 GPS  -2267830.978  5009354.341  3221054.590
2022  62  29531 GPS  -2267830.661  5009353.496  3221054.126
2022  62  29532 GPS  -2267831.066  5009353.316  3221054.134
2022  62  29533 GPS  -2267831.571  5009353.507  3221053.938
2022  62  29534 GPS  -2267831.763  5009352.263  3221053.156
2022  62  29535 GPS  -2267831.547  5009351.251  3221052.697
2022  62  29536 GPS  -2267831.801  5009351.144  3221052.774
2022  62  29537 GPS  -2267831.705  5009351.583  3221052.942
2022  62  29538 GPS  -2267831.556  5009351.278  3221052.522
2022  62  29539 GPS  -2267831.649  5009351.617  3221052.701
2022  62  29540 GPS  -2267831.573  5009352.190  3221053.027
2022  62  29541 GPS  -2267832.210  5009352.280  3221053.399
2022  62  29542 GPS  -2267832.432  5009352.527  3221053.379
2022  62  29543 GPS  -2267833.102  5009353.379  3221053.653
2022  62  29544 GPS  -2267833.697  5009354.072  3221053.865
2022  62  29545 GPS  -2267833.937  5009354.983  3221054.255
2022  62  29546 GPS  -2267834.712  5009355.520  3221054.783
2022  62  29547 GPS  -2267835.189  5009356.037  3221055.090
2022  62  29548 GPS  -2267835.672  5009356.838  3221055.524
2022  62  29549 GPS  -2267836.407  5009357.441  3221055.944
2022  62  29550 GPS  -2267837.442  5009358.440  3221056.728
2022  62  29551 GPS  -2267838.219  5009358.856  3221057.482
2022  62  29552 GPS  -2267838.359  5009359.044  3221057.688
2022  62  29553 GPS  -2267838.721  5009359.604  3221057.819
2022  62  29554 GPS  -2267840.016  5009360.496  3221058.405
2022  62  29555 GPS  -2267840.845  5009361.027  3221058.896
2022  62  29556 GPS  -2267842.181  5009361.951  3221059.514
2022  62  29557 GPS  -2267843.383  5009362.485  3221059.979
2022  62  29558 GPS  -2267844.613  5009363.554  3221060.760
2022  62  29559 GPS  -2267845.298  5009364.794  3221060.990
2022  62  29560 GPS  -2267846.398  5009365.664  3221061.713
2022  62  29561 GPS  -2267848.226  5009366.486  3221062.109
2022  62  29562 GPS  -2267849.019  5009366.585  3221062.326
2022  62  29563 GPS  -2267850.040  5009367.516  3221063.019
2022  62  29564 GPS  -2267851.066  5009368.330  3221063.228
2022  62  29565 GPS  -2267851.474  5009368.509  3221063.481
2022  62  29566 GPS  -2267852.266  5009369.358  3221063.817
2022  62  29567 GPS  -2267852.729  5009369.381  3221063.524
2022  62  29568 GPS  -2267852.673  5009368.893  3221063.592
2022  62  29569 GPS  -2267852.853  5009368.369  3221063.432
2022  62  29570 GPS  -2267852.870  5009367.492  3221062.753
2022  62  29571 GPS  -2267852.926  5009366.908  3221062.618
2022  62  29572 GPS  -2267853.001  5009366.840  3221062.611
2022  62  29573 GPS  -2267852.796  5009366.298  3221062.041
2022  62  29574 GPS  -2267852.404  5009365.799  3221061.754
2022  62  29575 GPS  -2267851.766  5009365.261  3221061.391
2022  62  29576 GPS  -2267851.656  5009365.277  3221061.313
2022  62  29577 GPS  -2267851.673  5009365.249  3221060.722
2022  62  29578 GPS  -2267851.440  5009365.247  3221060.520
2022  62  29579 GPS  -2267851.556  5009365.047  3221060.250
2022  62  29580 GPS  -2267850.937  5009364.978  3221060.060
2022  62  29581 GPS  -2267850.806  5009365.258  3221060.031
2022  62  29582 GPS  -2267850.887  5009365.352  3221060.134
2022  62  29583 GPS  -2267850.602  5009365.726  3221060.167
2022  62  29584 GPS  -2267850.693  5009365.783  3221059.990
2022  62  29585 GPS  -2267849.995  5009365.609  3221059.775
2022  62  29586 GPS  -2267849.622  5009365.620  3221059.877
2022  62  29587 GPS  -2267849.399  5009365.629  3221059.807
2022  62  29588 GPS  -2267848.834  5009365.492  3221059.686
2022  62  29589 GPS  -2267848.658  5009365.678  3221059.614
2022  62  29590 GPS  -2267848.676  5009365.824  3221059.892
2022  62  29591 GPS  -2267848.734  5009365.949  3221060.274
2022  62  29592 GPS  -2267849.771  5009367.112  3221060.702
2022  62  29593 GPS  -2267849.795  5009366.996  3221060.246
2022  62  29594 GPS  -2267850.005  5009367.146  3221060.123
2022  62  29595 GPS  -2267850.385  5009367.542  3221060.338
2022  62  29596 GPS  -2267851.033  5009368.395  3221060.351
2022  62  29597 GPS  -2267851.234  5009368.537  3221060.707
2022  62  29598 GPS  -2267851.103  5009368.411  3221060.678
2022  62  29599 GPS  -2267851.179  5009368.741  3221060.622
2022  62  29600 GPS  -2267851.122  5009368.126  3221060.797
2022  62  29601 GPS  -2267851.293  5009367.707  3221060.856
2022  62  29602 GPS  -2267851.573  5009367.698  3221061.035
2022  62  29603 GPS  -2267851.419  5009367.375  3221060.673
2022  62  29604 GPS  -2267851.307  5009366.516  3221060.175
2022  62  29605 GPS  -2267851.451  5009366.471  3221060.452
2022  62  29606 GPS  -2267851.258  5009365.240  3221059.640
2022  62  29607 GPS  -2267851.016  5009363.930  3221059.210
2022  62  29608 GPS  -2267851.321  5009363.745  3221059.647
2022  62  29609 GPS  -2267851.693  5009363.523  3221059.584
2022  62  29610 GPS  -2267851.271  5009362.776  3221058.987
2022  62  29611 GPS  -2267851.159  5009362.367  3221059.111
2022  62  29612 GPS  -2267851.067  5009361.936  3221059.124
2022  62  29613 GPS  -2267851.228  5009361.344  3221059.208
2022  62  29614 GPS  -2267850.766  5009361.348  3221059.414
2022  62  29615 GPS  -2267850.793  5009361.526  3221059.161
2022  62  29616 GPS  -2267850.504  5009361.330  3221058.803
2022  62  29617 GPS  -2267850.058  5009360.933  3221058.430
2022  62  29618 GPS  -2267849.733  5009360.133  3221057.913
2022  62  29619 GPS  -2267849.820  5009360.430  3221057.656
2022  62  29620 GPS  -2267850.022  5009360.739  3221057.992
2022  62  29621 GPS  -2267849.331  5009360.548  3221057.845
2022  62  29622 GPS  -2267849.337  5009359.869  3221057.440
2022  62  29623 GPS  -2267848.974  5009359.534  3221057.239
2022  62  29624 GPS  -2267848.744  5009358.806  3221057.009
2022  62  29625 GPS  -2267848.201  5009357.562  3221056.545
2022  62  29626 GPS  -2267848.962  5009357.532  3221056.793
2022  62  29627 GPS  -2267848.518  5009356.713  3221056.678
2022  62  29628 GPS  -2267848.635  5009356.337  3221056.436
2022  62  29629 GPS  -2267848.683  5009355.592  3221056.280
2022  62  29630 GPS  -2267848.564  5009355.411  3221056.462
2022  62  29631 GPS  -2267849.539  5009355.397  3221056.716
2022  62  29632 GPS  -2267850.096  5009355.314  3221056.841
2022  62  29633 GPS  -2267850.291  5009354.890  3221056.782
2022  62  29634 GPS  -2267850.171  5009354.533  3221056.681
2022  62  29635 GPS  -2267849.827  5009354.019  3221056.579
2022  62  29636 GPS  -2267849.937  5009353.572  3221056.371
2022  62  29637 GPS  -2267849.721  5009352.964  3221056.203
2022  62  29638 GPS  -2267849.898  5009352.151  3221056.209
2022  62  29639 GPS  -2267849.587  5009351.404  3221056.028
2022  62  29640 GPS  -2267849.217  5009350.870  3221055.949
2022  62  29641 GPS  -2267849.293  5009351.601  3221056.455
2022  62  29642 GPS  -2267849.184  5009351.480  3221056.984
2022  62  29643 GPS  -2267849.563  5009351.642  3221057.533
2022  62  29644 GPS  -2267849.632  5009351.736  3221057.856
2022  62  29645 GPS  -2267849.454  5009351.872  3221058.245
2022  62  29646 GPS  -2267849.592  5009352.451  3221058.760
2022  62  29647 GPS  -2267849.453  5009352.480  3221059.242
2022  62  29648 GPS  -2267849.179  5009352.559  3221059.636
2022  62  29649 GPS  -2267849.030  5009352.966  3221059.856
2022  62  29650 GPS  -2267848.190  5009353.520  3221060.861
2022  62  29651 GPS  -2267847.538  5009354.022  3221061.226
2022  62  29652 GPS  -2267847.074  5009354.611  3221061.855
2022  62  29653 GPS  -2267846.117  5009354.425  3221062.250
2022  62  29654 GPS  -2267845.227  5009354.463  3221062.880
2022  62  29655 GPS  -2267844.859  5009354.479  3221062.991
2022  62  29656 GPS  -2267844.644  5009354.984  3221063.847
2022  62  29657 GPS  -2267844.505  5009355.322  3221064.331
2022  62  29658 GPS  -2267843.943  5009355.659  3221064.888
2022  62  29659 GPS  -2267843.542  5009355.697  3221065.439
2022  62  29660 GPS  -2267843.096  5009355.222  3221065.807
2022  62  29661 GPS  -2267843.035  5009354.387  3221065.982
2022  62  29662 GPS  -2267842.618  5009354.299  3221066.522
2022  62  29663 GPS  -2267842.994  5009353.453  3221066.276
2022  62  29664 GPS  -2267842.854  5009353.422  3221066.724
2022  62  29665 GPS  -2267843.200  5009353.965  3221067.854
2022  62  29666 GPS  -2267842.981  5009353.791  3221068.325
2022  62  29667 GPS  -2267842.962  5009354.198  3221068.929
2022  62  29668 GPS  -2267843.331  5009354.423  3221069.824
2022  62  29669 GPS  -2267843.638  5009353.811  3221070.334
2022  62  29670 GPS  -2267844.324  5009353.937  3221071.154
2022  62  29671 GPS  -2267844.547  5009353.499  3221071.861
2022  62  29672 GPS  -2267844.479  5009352.409  3221071.790
2022  62  29673 GPS  -2267844.762  5009351.941  3221072.390
2022  62  29674 GPS  -2267845.949  5009352.088  3221073.050
2022  62  29675 GPS  -2267845.661  5009351.303  3221072.945
2022  62  29676 GPS  -2267846.030  5009350.598  3221073.112
2022  62  29677 GPS  -2267846.373  5009349.796  3221073.123
2022  62  29678 GPS  -2267846.001  5009348.568  3221072.849
2022  62  29679 GPS  -2267846.299  5009347.839  3221072.216
2022  62  29680 GPS  -2267846.338  5009347.023  3221071.899
2022  62  29681 GPS  -2267845.473  5009346.150  3221071.449
2022  62  29682 GPS  -2267845.074  5009345.943  3221071.531
2022  62  29683 GPS  -2267844.183  5009345.469  3221071.510
2022  62  29684 GPS  -2267843.518  5009344.807  3221071.409
2022  62  29685 GPS  -2267842.763  5009344.536  3221071.329
2022  62  29686 GPS  -2267842.162  5009344.831  3221071.937
2022  62  29687 GPS  -2267842.126  5009344.690  3221072.379
2022  62  29688 GPS  -2267841.963  5009344.394  3221072.251
2022  62  29689 GPS  -2267841.761  5009344.724  3221072.699
2022  62  29690 GPS  -2267841.568  5009344.902  3221072.790
2022  62  29691 GPS  -2267841.257  5009345.179  3221073.129
2022  62  29692 GPS  -2267840.513  5009344.776  3221073.036
2022  62  29693 GPS  -2267839.910  5009344.479  3221072.799
2022  62  29694 GPS  -2267839.365  5009344.763  3221072.697
2022  62  29695 GPS  -2267838.684  5009344.980  3221072.937
2022  62  29696 GPS  -2267838.454  5009345.514  3221073.150
2022  62  29697 GPS  -2267838.057  5009346.032  3221073.683
2022  62  29698 GPS  -2267837.731  5009346.466  3221074.140
2022  62  29699 GPS  -2267836.722  5009346.634  3221074.213
2022  62  29700 GPS  -2267836.274  5009347.030  3221074.366
2022  62  29701 GPS  -2267835.345  5009346.796  3221073.897
2022  62  29702 GPS  -2267834.587  5009346.973  3221074.109
2022  62  29703 GPS  -2267833.665  5009347.133  3221074.429
2022  62  29704 GPS  -2267833.306  5009347.697  3221074.780
2022  62  29705 GPS  -2267833.099  5009347.998  3221074.919
2022  62  29706 GPS  -2267832.973  5009348.477  3221075.041
2022  62  29707 GPS  -2267832.586  5009348.567  3221074.993
2022  62  29708 GPS  -2267832.366  5009348.594  3221074.926
2022  62  29709 GPS  -2267832.471  5009347.825  3221074.616
2022  62  29710 GPS  -2267832.333  5009347.410  3221075.179
2022  62  29711 GPS  -2267832.407  5009347.111  3221075.143
2022  62  29712 GPS  -2267832.620  5009346.662  3221075.123
2022  62  29713 GPS  -2267833.077  5009346.466  3221075.136
2022  62  29714 GPS  -2267833.021  5009345.924  3221074.957
2022  62  29715 GPS  -2267833.006  5009345.182  3221074.858
2022  62  29716 GPS  -2267833.194  5009344.157  3221074.216
2022  62  29717 GPS  -2267833.322  5009344.352  3221074.348
2022  62  29718 GPS  -2267833.684  5009343.772  3221074.034
2022  62  29719 GPS  -2267833.985  5009343.566  3221073.902
2022  62  29720 GPS  -2267834.775  5009343.242  3221073.905
2022  62  29721 GPS  -2267835.204  5009343.347  3221074.142
2022  62  29722 GPS  -2267835.259  5009343.476  3221074.466
2022  62  29723 GPS  -2267835.624  5009343.473  3221074.470
2022  62  29724 GPS  -2267835.809  5009343.510  3221074.510
2022  62  29725 GPS  -2267835.440  5009343.794  3221074.508
2022  62  29726 GPS  -2267835.683  5009343.507  3221074.177
2022  62  29727 GPS  -2267835.885  5009343.310  3221074.117
2022  62  29728 GPS  -2267835.733  5009342.683  3221073.374
2022  62  29729 GPS  -2267835.552  5009342.220  3221072.877
2022  62  29730 GPS  -2267835.672  5009342.443  3221072.698
2022  62  29731 GPS  -2267835.792  5009341.978  3221072.316
2022  62  29732 GPS  -2267835.631  5009342.537  3221071.892
2022  62  29733 GPS  -2267835.220  5009342.383  3221071.100
2022  62  29734 GPS  -2267834.214  5009341.983  3221070.127
2022  62  29735 GPS  -2267833.370  5009341.798  3221069.388
2022  62  29736 GPS  -2267832.112  5009340.919  3221068.311
2022  62  29737 GPS  -2267830.986  5009340.303  3221067.353
2022  62  29738 GPS  -2267829.973  5009339.619  3221066.485
2022  62  29739 GPS  -2267829.089  5009339.242  3221065.724
2022  62  29740 GPS  -2267827.849  5009338.836  3221064.712
2022  62  29741 GPS  -2267826.637  5009338.666  3221063.824
2022  62  29742 GPS  -2267825.462  5009338.309  3221063.191
2022  62  29743 GPS  -2267823.905  5009337.481  3221062.088
2022  62  29744 GPS  -2267822.805  5009336.431  3221060.655
2022  62  29745 GPS  -2267821.747  5009336.363  3221060.229
2022  62  29746 GPS  -2267820.807  5009336.030  3221059.717
2022  62  29747 GPS  -2267820.194  5009335.903  3221059.235
2022  62  29748 GPS  -2267818.964  5009334.917  3221058.339
2022  62  29749 GPS  -2267818.257  5009334.140  3221057.438
2022  62  29750 GPS  -2267817.532  5009333.254  3221056.829
2022  62  29751 GPS  -2267816.450  5009332.516  3221056.648
2022  62  29752 GPS  -2267815.675  5009331.791  3221056.600
2022  62  29753 GPS  -2267814.780  5009331.385  3221056.482
2022  62  29754 GPS  -2267813.918  5009330.224  3221056.103
2022  62  29755 GPS  -2267812.661  5009329.040  3221055.610
2022  62  29756 GPS  -2267811.709  5009327.845  3221055.405
2022  62  29757 GPS  -2267810.951  5009326.760  3221054.920
2022  62  29758 GPS  -2267809.902  5009325.783  3221054.590
2022  62  29759 GPS  -2267808.509  5009324.040  3221054.005
2022  62  29760 GPS  -2267807.639  5009322.567  3221053.814
2022  62  29761 GPS  -2267806.967  5009322.295  3221053.852
2022  62  29762 GPS  -2267806.527  5009321.892  3221053.921
2022  62  29763 GPS  -2267805.758  5009321.179  3221053.961
2022  62  29764 GPS  -2267805.507  5009319.881  3221053.681
2022  62  29765 GPS  -2267804.564  5009318.946  3221053.182
2022  62  29766 GPS  -2267804.461  5009318.777  3221053.506
2022  62  29767 GPS  -2267803.972  5009318.980  3221053.900
2022  62  29768 GPS  -2267803.811  5009318.723  3221054.059
2022  62  29769 GPS  -2267803.306  5009319.334  3221054.267
2022  62  29770 GPS  -2267803.120  5009320.108  3221054.531
2022  62  29771 GPS  -2267802.525  5009320.171  3221054.249
2022  62  29772 GPS  -2267802.040  5009320.376  3221054.470
2022  62  29773 GPS  -2267801.245  5009320.487  3221054.061
2022  62  29774 GPS  -2267800.858  5009320.260  3221054.134
2022  62  29775 GPS  -2267800.362  5009320.263  3221053.747
2022  62  29776 GPS  -2267800.112  5009320.473  3221053.722
2022  62  29777 GPS  -2267799.628  5009320.515  3221053.588
2022  62  29778 GPS  -2267799.423  5009320.735  3221053.725
2022  62  29779 GPS  -2267798.913  5009320.662  3221053.842
2022  62  29780 GPS  -2267799.138  5009321.505  3221054.096
2022  62  29781 GPS  -2267799.197  5009322.035  3221054.355
2022  62  29782 GPS  -2267799.169  5009322.186  3221054.131
2022  62  29783 GPS  -2267799.038  5009321.785  3221054.262
2022  62  29784 GPS  -2267798.481  5009320.837  3221053.621
2022  62  29785 GPS  -2267798.206  5009320.840  3221053.718
2022  62  29786 GPS  -2267797.584  5009319.815  3221053.052
2022  62  29787 GPS  -2267797.231  5009319.058  3221052.457
2022  62  29788 GPS  -2267796.758  5009318.289  3221051.942
2022  62  29789 GPS  -2267796.353  5009317.862  3221051.942
2022  62  29790 GPS  -2267795.367  5009316.882  3221051.292
2022  62  29791 GPS  -2267794.677  5009316.015  3221050.934
2022  62  29792 GPS  -2267793.620  5009315.581  3221050.734
2022  62  29793 GPS  -2267793.286  5009314.967  3221050.297
2022  62  29794 GPS  -2267792.814  5009314.253  3221049.825
2022  62  29795 GPS  -2267792.492  5009313.649  3221050.139
2022  62  29796 GPS  -2267791.939  5009312.844  3221049.968
2022  62  29797 GPS  -2267791.641  5009312.144  3221049.781
2022  62  29798 GPS  -2267791.338  5009310.874  3221050.013
2022  62  29799 GPS  -2267790.880  5009309.668  3221049.997
2022  62  29800 GPS  -2267790.400  5009308.829  3221049.617
2022  62  29801 GPS  -2267790.074  5009308.331  3221049.782
2022  62  29802 GPS  -2267789.731  5009307.629  3221049.913
2022  62  29803 GPS  -2267789.403  5009306.829  3221049.699
2022  62  29804 GPS  -2267789.092  5009305.851  3221050.175
2022  62  29805 GPS  -2267788.636  5009305.331  3221050.530
2022  62  29806 GPS  -2267788.022  5009304.574  3221050.827
2022  62  29807 GPS  -2267788.138  5009304.283  3221050.918
2022  62  29808 GPS  -2267788.037  5009304.269  3221051.169
2022  62  29809 GPS  -2267788.250  5009304.846  3221052.404
2022  62  29810 GPS  -2267788.040  5009305.006  3221052.770
2022  62  29811 GPS  -2267788.399  5009304.896  3221052.952
2022  62  29812 GPS  -2267788.342  5009304.908  3221053.347
2022  62  29813 GPS  -2267788.371  5009305.242  3221053.421
2022  62  29814 GPS  -2267788.044  5009305.006  3221053.408
2022  62  29815 GPS  -2267788.182  5009304.680  3221053.434
2022  62  29816 GPS  -2267788.228  5009304.740  3221053.282
2022  62  29817 GPS  -2267788.460  5009305.546  3221053.513
2022  62  29818 GPS  -2267788.998  5009306.755  3221053.535
2022  62  29819 GPS  -2267789.089  5009307.337  3221053.634
2022  62  29820 GPS  -2267789.186  5009307.610  3221053.239
2022  62  29821 GPS  -2267789.279  5009308.170  3221052.934
2022  62  29822 GPS  -2267789.526  5009308.532  3221052.459
2022  62  29823 GPS  -2267790.143  5009309.326  3221051.756
2022  62  29824 GPS  -2267790.843  5009310.054  3221051.184
2022  62  29825 GPS  -2267791.609  5009310.817  3221051.046
2022  62  29826 GPS  -2267792.068  5009311.196  3221050.711
2022  62  29827 GPS  -2267792.924  5009312.058  3221050.561
2022  62  29828 GPS  -2267793.837  5009313.186  3221050.638
2022  62  29829 GPS  -2267794.410  5009313.946  3221050.426
2022  62  29830 GPS  -2267794.733  5009314.095  3221049.530
2022  62  29831 GPS  -2267795.343  5009315.080  3221049.244
2022  62  29832 GPS  -2267795.768  5009315.486  3221048.473
2022  62  29833 GPS  -2267795.715  5009315.254  3221047.114
2022  62  29834 GPS  -2267795.702  5009314.749  3221045.814
2022  62  29835 GPS  -2267795.675  5009314.622  3221045.085
2022  62  29836 GPS  -2267796.174  5009315.369  3221044.469
2022  62  29837 GPS  -2267797.257  5009316.188  3221044.265
2022  62  29838 GPS  -2267798.101  5009316.725  3221044.102
2022  62  29839 GPS  -2267798.247  5009316.902  3221042.940
2022  62  29840 GPS  -2267798.964  5009317.809  3221042.529
2022  62  29841 GPS  -2267799.201  5009318.210  3221041.890
2022  62  29842 GPS  -2267799.520  5009318.737  3221041.478
2022  62  29843 GPS  -2267800.060  5009319.145  3221040.774
2022  62  29844 GPS  -2267800.418  5009319.166  3221040.397
2022  62  29845 GPS  -2267800.980  5009319.470  3221039.891
2022  62  29846 GPS  -2267801.825  5009319.153  3221039.317
2022  62  29847 GPS  -2267802.498  5009319.602  3221039.116
2022  62  29848 GPS  -2267802.919  5009319.628  3221038.659
2022  62  29849 GPS  -2267803.448  5009319.302  3221038.490
2022  62  29850 GPS  -2267803.831  5009319.484  3221038.646
2022  62  29851 GPS  -2267804.160  5009319.539  3221038.902
2022  62  29852 GPS  -2267804.501  5009319.565  3221038.855
2022  62  29853 GPS  -2267804.026  5009319.154  3221038.434
2022  62  29854 GPS  -2267804.453  5009319.262  3221038.435
2022  62  29855 GPS  -2267804.232  5009318.531  3221038.127
2022  62  29856 GPS  -2267804.281  5009318.443  3221038.160
2022  62  29857 GPS  -2267804.294  5009318.727  3221038.323
2022  62  29858 GPS  -2267803.702  5009318.528  3221037.930
2022  62  29859 GPS  -2267803.355  5009318.703  3221038.100
2022  62  29860 GPS  -2267803.243  5009318.323  3221037.447
2022  62  29861 GPS  -2267803.122  5009318.074  3221037.539
2022  62  29862 GPS  -2267803.042  5009317.887  3221037.336
2022  62  29863 GPS  -2267803.203  5009318.037  3221037.261
2022  62  29864 GPS  -2267803.039  5009317.838  3221036.871
2022  62  29865 GPS  -2267802.215  5009317.840  3221036.859
2022  62  29866 GPS  -2267801.960  5009317.377  3221036.691
2022  62  29867 GPS  -2267802.033  5009317.498  3221036.725
2022  62  29868 GPS  -2267801.185  5009317.527  3221036.588
2022  62  29869 GPS  -2267800.529  5009317.197  3221036.335
2022  62  29870 GPS  -2267800.000  5009317.792  3221035.829
2022  62  29871 GPS  -2267799.459  5009317.586  3221035.588
2022  62  29872 GPS  -2267799.046  5009317.026  3221034.591
2022  62  29873 GPS  -2267798.224  5009316.547  3221033.643
2022  62  29874 GPS  -2267797.800  5009316.457  3221033.060
2022  62  29875 GPS  -2267797.413  5009316.208  3221032.559
2022  62  29876 GPS  -2267797.316  5009316.403  3221031.969
2022  62  29877 GPS  -2267797.268  5009316.123  3221031.033
2022  62  29878 GPS  -2267797.103  5009316.238  3221030.424
2022  62  29879 GPS  -2267797.286  5009316.553  3221030.129
2022  62  29880 GPS  -2267797.324  5009316.584  3221029.563
2022  62  29881 GPS  -2267797.461  5009317.144  3221029.537
2022  62  29882 GPS  -2267797.491  5009317.580  3221029.386
2022  62  29883 GPS  -2267797.609  5009317.634  3221028.937
2022  62  29884 GPS  -2267797.445  5009318.176  3221028.682
2022  62  29885 GPS  -2267797.330  5009318.301  3221028.452
2022  62  29886 GPS  -2267797.688  5009318.043  3221028.277
2022  62  29887 GPS  -2267797.857  5009318.332  3221028.151
2022  62  29888 GPS  -2267798.082  5009318.098  3221028.043
2022  62  29889 GPS  -2267797.606  5009318.028  3221027.573
2022  62  29890 GPS  -2267797.834  5009318.171  3221027.026
2022  62  29891 GPS  -2267797.394  5009318.345  3221026.934
2022  62  29892 GPS  -2267797.251  5009318.356  3221026.477
2022  62  29893 GPS  -2267797.094  5009318.555  3221026.326
2022  62  29894 GPS  -2267796.896  5009318.904  3221026.154
2022  62  29895 GPS  -2267797.091  5009319.153  3221026.207
2022  62  29896 GPS  -2267797.474  5009319.090  3221026.255
2022  62  29897 GPS  -2267797.158  5009318.677  3221026.267
2022  62  29898 GPS  -2267797.600  5009318.981  3221026.778
2022  62  29899 GPS  -2267797.849  5009319.111  3221027.603
2022  62  29900 GPS  -2267797.886  5009318.862  3221027.833
2022  62  29901 GPS  -2267797.713  5009319.667  3221027.838
2022  62  29902 GPS  -2267797.945  5009320.035  3221028.003
2022  62  29903 GPS  -2267798.139  5009320.137  3221028.317
2022  62  29904 GPS  -2267797.666  5009320.054  3221028.502
2022  62  29905 GPS  -2267797.402  5009320.067  3221028.711
2022  62  29906 GPS  -2267797.249  5009320.589  3221028.817
2022  62  29907 GPS  -2267796.668  5009320.335  3221029.015
2022  62  29908 GPS  -2267796.659  5009320.337  3221029.199
2022  62  29909 GPS  -2267796.440  5009320.338  3221029.040
2022  62  29910 GPS  -2267795.926  5009320.398  3221029.112
2022  62  29911 GPS  -2267795.791  5009320.064  3221029.005
2022  62  29912 GPS  -2267795.920  5009320.692  3221029.143
2022  62  29913 GPS  -2267795.159  5009320.322  3221029.151
2022  62  29914 GPS  -2267794.798  5009320.060  3221028.752
2022  62  29915 GPS  -2267794.807  5009319.452  3221028.180
2022  62  29916 GPS  -2267794.464  5009319.420  3221028.361
2022  62  29917 GPS  -2267793.811  5009318.901  3221027.711
2022  62  29918 GPS  -2267793.123  5009318.346  3221027.391
2022  62  29919 GPS  -2267792.690  5009318.253  3221027.241
2022  62  29920 GPS  -2267792.066  5009317.735  3221027.037
2022  62  29921 GPS  -2267792.030  5009317.903  3221027.451
2022  62  29922 GPS  -2267791.688  5009317.371  3221027.094
2022  62  29923 GPS  -2267791.344  5009317.326  3221027.107
2022  62  29924 GPS  -2267790.834  5009317.038  3221027.015
2022  62  29925 GPS  -2267790.621  5009316.865  3221026.936
2022  62  29926 GPS  -2267790.502  5009316.071  3221026.546
2022  62  29927 GPS  -2267790.457  5009315.303  3221026.345
2022  62  29928 GPS  -2267790.026  5009314.726  3221026.218
2022  62  29929 GPS  -2267789.395  5009313.825  3221026.018
2022  62  29930 GPS  -2267789.416  5009312.612  3221025.845
2022  62  29931 GPS  -2267789.869  5009311.848  3221025.828
2022  62  29932 GPS  -2267789.783  5009311.416  3221026.038
2022  62  29933 GPS  -2267790.015  5009311.392  3221026.022
2022  62  29934 GPS  -2267790.119  5009311.004  3221026.387
2022  62  29935 GPS  -2267790.716  5009312.013  3221027.128
2022  62  29936 GPS  -2267791.521  5009312.013  3221027.377
2022  62  29937 GPS  -2267793.009  5009313.233  3221028.467
2022  62  29938 GPS  -2267794.095  5009314.197  3221029.200
2022  62  29939 GPS  -2267795.432  5009315.358  3221030.286
2022  62  29940 GPS  -2267797.389  5009316.675  3221031.350
2022  62  29941 GPS  -2267798.725  5009317.985  3221032.201
2022  62  29942 GPS  -2267800.170  5009319.166  3221032.993
2022  62  29943 GPS  -2267801.791  5009320.765  3221033.928
2022  62  29944 GPS  -2267803.677  5009321.861  3221034.858
2022  62  29945 GPS  -2267805.015  5009323.171  3221035.833
2022  62  29946 GPS  -2267806.531  5009324.353  3221036.748
2022  62  29947 GPS  -2267808.561  5009325.821  3221037.780
2022  62  29948 GPS  -2267809.895  5009326.513  3221038.756
2022  62  29949 GPS  -2267810.990  5009326.925  3221039.188
2022  62  29950 GPS  -2267811.969  5009327.885  3221039.838
2022  62  29951 GPS  -2267812.928  5009328.577  3221040.662
2022  62  29952 GPS  -2267813.771  5009328.756  3221040.792
2022  62  29953 GPS  -2267815.077  5009329.464  3221041.437
2022  62  29954 GPS  -2267815.678  5009329.597  3221041.385
2022  62  29955 GPS  -2267816.561  5009329.724  3221041.786
2022  62  29956 GPS  -2267817.203  5009329.732  3221041.943
2022  62  29957 GPS  -2267817.832  5009329.372  3221041.544
2022  62  29958 GPS  -2267818.252  5009329.030  3221041.723
2022  62  29959 GPS  -2267818.863  5009329.022  3221041.809
2022  62  29960 GPS  -2267819.710  5009330.029  3221042.591
2022  62  29961 GPS  -2267820.481  5009330.778  3221042.773
2022  62  29962 GPS  -2267820.894  5009331.506  3221043.194
2022  62  29963 GPS  -2267821.456  5009332.507  3221044.143
2022  62  29964 GPS  -2267821.723  5009333.175  3221044.739
2022  62  29965 GPS  -2267821.858  5009333.646  3221045.068
2022  62  29966 GPS  -2267821.850  5009334.399  3221045.220
2022  62  29967 GPS  -2267822.234  5009335.571  3221045.898
2022  62  29968 GPS  -2267822.082  5009335.977  3221046.139
2022  62  29969 GPS  -2267822.706  5009337.103  3221047.019
2022  62  29970 GPS  -2267822.444  5009337.955  3221047.095
2022  62  29971 GPS  -2267822.339  5009338.410  3221046.980
2022  62  29972 GPS  -2267822.269  5009339.170  3221047.229
2022  62  29973 GPS  -2267822.968  5009340.566  3221047.197
2022  62  29974 GPS  -2267823.105  5009341.396  3221047.502
2022  62  29975 GPS  -2267823.408  5009342.313  3221047.173
2022  62  29976 GPS  -2267823.828  5009342.905  3221046.968
2022  62  29977 GPS  -2267823.319  5009342.873  3221046.374
2022  62  29978 GPS  -2267823.359  5009343.032  3221046.180
2022  62  29979 GPS  -2267823.548  5009343.188  3221046.224
2022  62  29980 GPS  -2267823.148  5009343.827  3221046.378
2022  62  29981 GPS  -2267823.324  5009344.140  3221046.551
2022  62  29982 GPS  -2267822.993  5009344.789  3221047.116
2022  62  29983 GPS  -2267823.323  5009345.527  3221047.753
2022  62  29984 GPS  -2267823.280  5009345.593  3221047.768
2022  62  29985 GPS  -2267822.804  5009344.892  3221047.331
2022  62  29986 GPS  -2267822.750  5009344.671  3221046.995
2022  62  29987 GPS  -2267823.009  5009344.555  3221046.804
2022  62  29988 GPS  -2267823.488  5009344.424  3221046.535
2022  62  29989 GPS  -2267823.708  5009343.381  3221046.024
2022  62  29990 GPS  -2267824.115  5009342.453  3221045.656
2022  62  29991 GPS  -2267824.676  5009341.643  3221045.337
2022  62  29992 GPS  -2267824.684  5009341.408  3221045.494
2022  62  29993 GPS  -2267824.892  5009341.232  3221045.488
2022  62  29994 GPS  -2267824.826  5009340.610  3221045.168
2022  62  29995 GPS  -2267825.774  5009341.093  3221045.545
2022  62  29996 GPS  -2267826.053  5009340.768  3221045.395
2022  62  29997 GPS  -2267826.418  5009340.632  3221045.147
2022  62  29998 GPS  -2267827.466  5009340.893  3221045.465
2022  62  29999 GPS  -2267827.888  5009340.838  3221045.290
2022  62  30000 GPS  -2267828.412  5009340.431  3221044.951
2022  62  30001 GPS  -2267829.303  5009340.472  3221044.809
2022  62  30002 GPS  -2267829.753  5009340.687  3221044.732
2022  62  30003 GPS  -2267830.320  5009341.194  3221044.771
2022  62  30004 GPS  -2267830.844  5009341.552  3221044.767
2022  62  30005 GPS  -2267831.404  5009342.332  3221045.033
2022  62  30006 GPS  -2267831.319  5009342.787  3221044.877
2022  62  30007 GPS  -2267831.275  5009343.981  3221045.729
2022  62  30008 GPS  -2267831.639  5009345.145  3221046.364
2022  62  30009 GPS  -2267832.129  5009345.705  3221046.548
2022  62  30010 GPS  -2267832.560  5009346.292  3221046.433
2022  62  30011 GPS  -2267832.594  5009346.622  3221046.338
2022  62  30012 GPS  -2267832.679  5009347.025  3221046.216
2022  62  30013 GPS  -2267833.087  5009348.400  3221046.747
2022  62  30014 GPS  -2267833.386  5009348.522  3221046.727
2022  62  30015 GPS  -2267833.371  5009349.604  3221046.648
2022  62  30016 GPS  -2267833.907  5009350.083  3221046.703
2022  62  30017 GPS  -2267833.785  5009350.331  3221046.454
2022  62  30018 GPS  -2267833.657  5009350.440  3221046.294
2022  62  30019 GPS  -2267833.176  5009350.443  3221045.987
2022  62  30020 GPS  -2267832.918  5009350.299  3221045.689
2022  62  30021 GPS  -2267832.293  5009349.963  3221045.635
2022  62  30022 GPS  -2267831.614  5009350.001  3221045.294
2022  62  30023 GPS  -2267831.537  5009350.438  3221045.135
2022  62  30024 GPS  -2267831.046  5009349.922  3221044.497
2022  62  30025 GPS  -2267831.111  5009350.567  3221044.569
2022  62  30026 GPS  -2267830.788  5009350.578  3221044.173
2022  62  30027 GPS  -2267830.556  5009350.374  3221043.731
2022  62  30028 GPS  -2267829.736  5009349.656  3221043.135
2022  62  30029 GPS  -2267828.670  5009348.874  3221042.743
2022  62  30030 GPS  -2267828.059  5009348.543  3221042.889
2022  62  30031 GPS  -2267827.195  5009348.256  3221042.997
2022  62  30032 GPS  -2267826.897  5009347.915  3221042.778
2022  62  30033 GPS  -2267826.000  5009347.017  3221042.735
2022  62  30034 GPS  -2267825.802  5009346.765  3221042.650
2022  62  30035 GPS  -2267825.381  5009346.442  3221043.005
2022  62  30036 GPS  -2267824.788  5009345.855  3221043.201
2022  62  30037 GPS  -2267824.297  5009345.357  3221043.247
2022  62  30038 GPS  -2267823.848  5009345.073  3221043.335
2022  62  30039 GPS  -2267823.412  5009344.250  3221043.300
2022  62  30040 GPS  -2267823.138  5009343.177  3221043.047
2022  62  30041 GPS  -2267822.800  5009342.209  3221042.582
2022  62  30042 GPS  -2267822.712  5009341.649  3221042.564
2022  62  30043 GPS  -2267822.467  5009340.700  3221042.388
2022  62  30044 GPS  -2267822.101  5009339.722  3221042.294
2022  62  30045 GPS  -2267822.168  5009339.709  3221042.644
2022  62  30046 GPS  -2267822.141  5009339.407  3221042.961
2022  62  30047 GPS  -2267822.359  5009339.656  3221043.622
2022  62  30048 GPS  -2267822.951  5009340.295  3221044.229
2022  62  30049 GPS  -2267823.486  5009340.126  3221044.756
2022  62  30050 GPS  -2267823.741  5009340.854  3221046.001
2022  62  30051 GPS  -2267823.981  5009341.601  3221046.399
2022  62  30052 GPS  -2267824.793  5009342.091  3221047.025
2022  62  30053 GPS  -2267825.364  5009342.730  3221047.615
2022  62  30054 GPS  -2267825.722  5009343.586  3221048.255
2022  62  30055 GPS  -2267826.030  5009344.576  3221048.890
2022  62  30056 GPS  -2267826.082  5009345.630  3221049.549
2022  62  30057 GPS  -2267826.165  5009346.546  3221050.108
2022  62  30058 GPS  -2267826.002  5009347.148  3221050.415
2022  62  30059 GPS  -2267825.905  5009347.611  3221050.527
2022  62  30060 GPS  -2267826.130  5009348.474  3221050.529
2022  62  30061 GPS  -2267826.240  5009348.697  3221050.566
2022  62  30062 GPS  -2267826.902  5009349.518  3221050.512
2022  62  30063 GPS  -2267827.745  5009350.458  3221050.526
2022  62  30064 GPS  -2267828.053  5009351.275  3221050.662
2022  62  30065 GPS  -2267828.714  5009352.540  3221050.974
2022  62  30066 GPS  -2267829.050  5009353.505  3221051.188
2022  62  30067 GPS  -2267829.162  5009354.263  3221051.617
2022  62  30068 GPS  -2267829.200  5009354.781  3221052.135
2022  62  30069 GPS  -2267829.708  5009355.881  3221052.375
2022  62  30070 GPS  -2267830.288  5009356.514  3221052.577
2022  62  30071 GPS  -2267830.122  5009357.440  3221053.383
2022  62  30072 GPS  -2267830.378  5009357.938  3221053.946
2022  62  30073 GPS  -2267830.892  5009358.552  3221054.421
2022  62  30074 GPS  -2267831.516  5009359.420  3221055.154
2022  62  30075 GPS  -2267831.876  5009360.420  3221055.954
2022  62  30076 GPS  -2267832.133  5009360.512  3221056.467
2022  62  30077 GPS  -2267831.991  5009360.927  3221056.749
2022  62  30078 GPS  -2267832.545  5009360.829  3221057.081
2022  62  30079 GPS  -2267833.148  5009360.744  3221057.476
2022  62  30080 GPS  -2267833.571  5009360.622  3221057.868
2022  62  30081 GPS  -2267833.613  5009360.498  3221058.318
2022  62  30082 GPS  -2267833.984  5009359.920  3221058.343
2022  62  30083 GPS  -2267833.625  5009359.171  3221058.748
2022  62  30084 GPS  -2267833.564  5009358.651  3221059.118
2022  62  30085 GPS  -2267833.813  5009358.487  3221059.407
2022  62  30086 GPS  -2267834.568  5009358.776  3221059.951
2022  62  30087 GPS  -2267834.917  5009357.662  3221060.009
2022  62  30088 GPS  -2267835.210  5009356.847  3221060.185
2022  62  30089 GPS  -2267835.255  5009356.016  3221060.501
2022  62  30090 GPS  -2267835.600  5009355.217  3221061.027
2022  62  30091 GPS  -2267835.557  5009354.190  3221061.199
2022  62  30092 GPS  -2267835.611  5009353.477  3221061.864
2022  62  30093 GPS  -2267836.076  5009352.461  3221062.269
2022  62  30094 GPS  -2267836.069  5009350.999  3221062.403
2022  62  30095 GPS  -2267836.150  5009349.775  3221062.730
2022  62  30096 GPS  -2267835.964  5009348.847  3221062.932
2022  62  30097 GPS  -2267835.832  5009348.300  3221063.401
2022  62  30098 GPS  -2267835.910  5009347.981  3221064.093
2022  62  30099 GPS  -2267836.197  5009347.865  3221065.329
2022  62  30100 GPS  -2267836.740  5009347.863  3221065.614
2022  62  30101 GPS  -2267837.033  5009347.734  3221066.118
2022  62  30102 GPS  -2267837.346  5009347.597  3221066.477
2022  62  30103 GPS  -2267837.591  5009348.083  3221067.287
2022  62  30104 GPS  -2267837.349  5009347.788  3221068.044
2022  62  30105 GPS  -2267837.334  5009347.579  3221068.496
2022  62  30106 GPS  -2267837.763  5009348.238  3221069.612
2022  62  30107 GPS  -2267838.099  5009349.023  3221070.228
2022  62  30108 GPS  -2267838.139  5009349.923  3221070.873
2022  62  30109 GPS  -2267838.751  5009351.024  3221071.989
2022  62  30110 GPS  -2267838.979  5009351.771  3221072.859
2022  62  30111 GPS  -2267839.452  5009352.462  3221073.710
2022  62  30112 GPS  -2267840.343  5009353.741  3221074.656
2022  62  30113 GPS  -2267840.733  5009354.233  3221074.775
2022  62  30114 GPS  -2267841.187  5009354.062  3221074.695
2022  62  30115 GPS  -2267842.229  5009354.568  3221074.774
2022  62  30116 GPS  -2267842.457  5009353.898  3221074.363
2022  62  30117 GPS  -2267842.701  5009353.725  3221073.903
2022  62  30118 GPS  -2267842.843  5009354.006  3221073.886
2022  62  30119 GPS  -2267843.264  5009354.449  3221073.632
2022  62  30120 GPS  -2267843.725  5009354.562  3221073.183
2022  62  30121 GPS  -2267844.149  5009354.160  3221072.437
2022  62  30122 GPS  -2267844.570  5009353.676  3221072.127
2022  62  30123 GPS  -2267845.254  5009353.670  3221071.994
2022  62  30124 GPS  -2267845.974  5009353.290  3221071.754
2022  62  30125 GPS  -2267846.588  5009352.664  3221071.393
2022  62  30126 GPS  -2267847.213  5009351.942  3221070.610
2022  62  30127 GPS  -2267848.312  5009351.520  3221070.113
2022  62  30128 GPS  -2267848.820  5009350.975  3221069.367
2022  62  30129 GPS  -2267850.030  5009350.724  3221069.236
2022  62  30130 GPS  -2267851.198  5009351.337  3221069.203
2022  62  30131 GPS  -2267851.693  5009351.012  3221068.767
2022  62  30132 GPS  -2267852.234  5009350.428  3221068.130
2022  62  30133 GPS  -2267852.909  5009350.468  3221067.618
2022  62  30134 GPS  -2267852.629  5009348.663  3221066.963
2022  62  30135 GPS  -2267852.733  5009347.750  3221066.371
2022  62  30136 GPS  -2267852.620  5009347.160  3221065.624
2022  62  30137 GPS  -2267853.212  5009346.650  3221064.568
2022  62  30138 GPS  -2267853.154  5009346.117  3221064.070
2022  62  30139 GPS  -2267852.603  5009345.582  3221063.409
2022  62  30140 GPS  -2267852.164  5009344.775  3221062.800
2022  62  30141 GPS  -2267852.059  5009343.885  3221062.361
2022  62  30142 GPS  -2267852.022  5009343.694  3221062.546
2022  62  30143 GPS  -2267852.103  5009342.939  3221061.866
2022  62  30144 GPS  -2267851.727  5009342.845  3221061.312
2022  62  30145 GPS  -2267850.809  5009342.765  3221060.996
2022  62  30146 GPS  -2267850.354  5009343.128  3221060.456
2022  62  30147 GPS  -2267849.653  5009342.073  3221059.616
2022  62  30148 GPS  -2267849.534  5009341.455  3221059.136
2022  62  30149 GPS  -2267849.224  5009340.894  3221058.430
2022  62  30150 GPS  -2267848.494  5009340.455  3221057.534
2022  62  30151 GPS  -2267847.501  5009340.333  3221057.519
2022  62  30152 GPS  -2267847.014  5009340.624  3221058.108
2022  62  30153 GPS  -2267846.494  5009340.696  3221057.962
2022  62  30154 GPS  -2267846.643  5009340.933  3221057.743
2022  62  30155 GPS  -2267846.537  5009341.165  3221057.659
2022  62  30156 GPS  -2267846.319  5009341.840  3221057.745
2022  62  30157 GPS  -2267845.772  5009342.148  3221058.085
2022  62  30158 GPS  -2267844.739  5009342.413  3221057.983
2022  62  30159 GPS  -2267844.074  5009342.851  3221058.088
2022  62  30160 GPS  -2267843.663  5009341.913  3221057.514
2022  62  30161 GPS  -2267842.784  5009341.579  3221057.473
2022  62  30162 GPS  -2267842.074  5009341.431  3221057.566
2022  62  30163 GPS  -2267841.706  5009341.451  3221058.172
2022  62  30164 GPS  -2267841.837  5009341.518  3221058.247
2022  62  30165 GPS  -2267841.657  5009340.928  3221058.392
2022  62  30166 GPS  -2267841.670  5009340.547  3221058.123
2022  62  30167 GPS  -2267842.111  5009340.257  3221058.143
2022  62  30168 GPS  -2267841.664  5009339.659  3221058.096
2022  62  30169 GPS  -2267842.051  5009339.723  3221058.397
2022  62  30170 GPS  -2267841.960  5009339.850  3221058.399
2022  62  30171 GPS  -2267841.869  5009339.693  3221057.984
2022  62  30172 GPS  -2267842.087  5009339.835  3221057.928
2022  62  30173 GPS  -2267842.331  5009340.120  3221058.041
2022  62  30174 GPS  -2267842.632  5009340.286  3221058.098
2022  62  30175 GPS  -2267841.778  5009339.446  3221057.630
2022  62  30176 GPS  -2267841.464  5009339.354  3221057.236
2022  62  30177 GPS  -2267841.336  5009339.724  3221057.167
2022  62  30178 GPS  -2267841.227  5009340.050  3221056.839
2022  62  30179 GPS  -2267841.039  5009340.342  3221057.054
2022  62  30180 GPS  -2267840.735  5009340.373  3221056.927
2022  62  30181 GPS  -2267840.932  5009340.555  3221056.799
2022  62  30182 GPS  -2267840.538  5009340.605  3221056.653
2022  62  30183 GPS  -2267839.975  5009340.888  3221056.816
2022  62  30184 GPS  -2267839.681  5009341.013  3221056.670
2022  62  30185 GPS  -2267839.322  5009340.604  3221056.382
2022  62  30186 GPS  -2267838.799  5009341.733  3221056.729
2022  62  30187 GPS  -2267838.987  5009342.484  3221056.922
2022  62  30188 GPS  -2267839.244  5009343.127  3221057.254
2022  62  30189 GPS  -2267839.134  5009343.137  3221057.436
2022  62  30190 GPS  -2267839.019  5009343.296  3221057.528
2022  62  30191 GPS  -2267838.596  5009343.512  3221057.828
2022  62  30192 GPS  -2267838.274  5009344.337  3221058.069
2022  62  30193 GPS  -2267837.674  5009344.843  3221058.465
2022  62  30194 GPS  -2267837.740  5009346.021  3221058.689
2022  62  30195 GPS  -2267837.521  5009346.547  3221059.331
2022  62  30196 GPS  -2267837.285  5009347.792  3221060.264
2022  62  30197 GPS  -2267837.490  5009348.582  3221061.098
2022  62  30198 GPS  -2267837.656  5009349.771  3221061.900
2022  62  30199 GPS  -2267837.902  5009351.042  3221062.606
2022  62  30200 GPS  -2267837.653  5009351.318  3221063.234
2022  62  30201 GPS  -2267838.114  5009352.000  3221063.727
2022  62  30202 GPS  -2267838.675  5009352.624  3221064.406
2022  62  30203 GPS  -2267838.466  5009352.324  3221064.435
2022  62  30204 GPS  -2267838.673  5009352.714  3221064.917
2022  62  30205 GPS  -2267838.983  5009352.694  3221065.094
2022  62  30206 GPS  -2267839.457  5009353.419  3221065.713
2022  62  30207 GPS  -2267840.026  5009354.296  3221066.161
2022  62  30208 GPS  -2267840.389  5009355.302  3221066.939
2022  62  30209 GPS  -2267840.568  5009355.617  3221067.215
2022  62  30210 GPS  -2267840.234  5009355.420  3221066.759
2022  62  30211 GPS  -2267840.299  5009355.517  3221066.972
2022  62  30212 GPS  -2267840.149  5009355.328  3221067.011
2022  62  30213 GPS  -2267839.902  5009354.948  3221066.866
2022  62  30214 GPS  -2267839.832  5009353.954  3221066.361
2022  62  30215 GPS  -2267839.159  5009353.162  3221066.124
2022  62  30216 GPS  -2267838.676  5009353.560  3221066.746
2022  62  30217 GPS  -2267838.737  5009353.502  3221066.946
2022  62  30218 GPS  -2267838.618  5009352.939  3221066.972
2022  62  30219 GPS  -2267838.726  5009353.340  3221067.361
2022  62  30220 GPS  -2267838.765  5009353.640  3221067.349
2022  62  30221 GPS  -2267838.605  5009353.815  3221067.614
2022  62  30222 GPS  -2267838.819  5009354.368  3221068.075
2022  62  30223 GPS  -2267839.780  5009355.040  3221068.727
2022  62  30224 GPS  -2267840.442  5009356.310  3221069.441
2022  62  30225 GPS  -2267841.189  5009356.986  3221069.878
2022  62  30226 GPS  -2267842.155  5009358.105  3221070.560
2022  62  30227 GPS  -2267842.741  5009359.290  3221071.415
2022  62  30228 GPS  -2267843.218  5009360.272  3221072.024
2022  62  30229 GPS  -2267843.386  5009361.287  3221072.497
2022  62  30230 GPS  -2267843.633  5009363.145  3221073.201
2022  62  30231 GPS  -2267843.599  5009364.426  3221073.927
2022  62  30232 GPS  -2267843.868  5009366.384  3221074.736
2022  62  30233 GPS  -2267843.863  5009368.827  3221075.310
2022  62  30234 GPS  -2267844.026  5009370.539  3221076.275
2022  62  30235 GPS  -2267843.843  5009371.855  3221076.923
2022  62  30236 GPS  -2267844.130  5009373.016  3221077.605
2022  62  30237 GPS  -2267844.520  5009374.442  3221077.805
2022  62  30238 GPS  -2267845.012  5009376.070  3221078.794
2022  62  30239 GPS  -2267845.727  5009377.560  3221079.368
2022  62  30240 GPS  -2267846.308  5009378.453  3221080.090
2022  62  30241 GPS  -2267847.009  5009379.648  3221080.898
2022  62  30242 GPS  -2267847.471  5009379.822  3221081.381
2022  62  30243 GPS  -2267847.981  5009380.336  3221082.066
2022  62  30244 GPS  -2267848.576  5009380.486  3221082.106
2022  62  30245 GPS  -2267849.395  5009381.621  3221082.456
2022  62  30246 GPS  -2267849.829  5009382.099  3221082.684
2022  62  30247 GPS  -2267849.715  5009381.838  3221082.463
2022  62  30248 GPS  -2267849.639  5009382.082  3221082.393
2022  62  30249 GPS  -2267849.635  5009381.298  3221082.337
2022  62  30250 GPS  -2267849.490  5009381.092  3221082.417
2022  62  30251 GPS  -2267849.659  5009380.536  3221082.029
2022  62  30252 GPS  -2267849.567  5009380.160  3221081.537
2022  62  30253 GPS  -2267849.772  5009379.665  3221081.595
2022  62  30254 GPS  -2267849.669  5009379.945  3221081.814
2022  62  30255 GPS  -2267849.600  5009379.636  3221081.668
2022  62  30256 GPS  -2267849.285  5009379.507  3221081.928
2022  62  30257 GPS  -2267848.921  5009378.622  3221081.356
2022  62  30258 GPS  -2267848.466  5009377.872  3221080.640
2022  62  30259 GPS  -2267848.039  5009377.299  3221080.346
2022  62  30260 GPS  -2267847.406  5009376.338  3221079.573
2022  62  30261 GPS  -2267847.070  5009375.879  3221078.913
2022  62  30262 GPS  -2267846.298  5009374.803  3221078.108
2022  62  30263 GPS  -2267845.942  5009373.735  3221077.540
2022  62  30264 GPS  -2267845.659  5009373.563  3221077.485
2022  62  30265 GPS  -2267845.098  5009372.736  3221076.856
2022  62  30266 GPS  -2267844.465  5009372.661  3221076.887
2022  62  30267 GPS  -2267843.527  5009372.014  3221076.517
2022  62  30268 GPS  -2267842.728  5009371.287  3221075.981
2022  62  30269 GPS  -2267842.474  5009370.624  3221075.850
2022  62  30270 GPS  -2267842.244  5009370.399  3221076.005
2022  62  30271 GPS  -2267841.963  5009370.297  3221076.167
2022  62  30272 GPS  -2267841.919  5009370.383  3221075.969
2022  62  30273 GPS  -2267841.633  5009370.206  3221075.946
2022  62  30274 GPS  -2267841.177  5009370.085  3221075.847
2022  62  30275 GPS  -2267840.905  5009369.713  3221075.472
2022  62  30276 GPS  -2267840.361  5009369.742  3221075.516
2022  62  30277 GPS  -2267840.315  5009369.874  3221075.601
2022  62  30278 GPS  -2267840.035  5009370.611  3221075.628
2022  62  30279 GPS  -2267839.541  5009371.061  3221075.696
2022  62  30280 GPS  -2267839.040  5009371.777  3221075.541
2022  62  30281 GPS  -2267838.750  5009372.074  3221075.430
2022  62  30282 GPS  -2267838.631  5009372.990  3221075.953
2022  62  30283 GPS  -2267838.657  5009373.326  3221076.102
2022  62  30284 GPS  -2267838.229  5009373.345  3221076.360
2022  62  30285 GPS  -2267838.234  5009373.346  3221076.060
2022  62  30286 GPS  -2267838.582  5009373.720  3221076.343
2022  62  30287 GPS  -2267838.852  5009374.170  3221076.356
2022  62  30288 GPS  -2267838.627  5009374.867  3221076.380
2022  62  30289 GPS  -2267839.096  5009375.650  3221076.814
2022  62  30290 GPS  -2267839.141  5009375.970  3221076.722
2022  62  30291 GPS  -2267839.177  5009376.251  3221076.531
2022  62  30292 GPS  -2267839.385  5009376.330  3221076.191
2022  62  30293 GPS  -2267839.066  5009375.704  3221075.335
2022  62  30294 GPS  -2267838.709  5009375.409  3221074.496
2022  62  30295 GPS  -2267838.674  5009374.528  3221073.747
2022  62  30296 GPS  -2267838.735  5009374.691  3221073.487
2022  62  30297 GPS  -2267838.445  5009374.427  3221073.165
2022  62  30298 GPS  -2267837.980  5009374.027  3221072.599
2022  62  30299 GPS  -2267837.070  5009373.040  3221072.004
2022  62  30300 GPS  -2267836.732  5009372.311  3221071.419
2022  62  30301 GPS  -2267835.809  5009371.537  3221070.684
2022  62  30302 GPS  -2267835.469  5009370.794  3221069.853
2022  62  30303 GPS  -2267834.330  5009369.950  3221068.660
2022  62  30304 GPS  -2267833.673  5009368.585  3221067.825
2022  62  30305 GPS  -2267833.441  5009367.271  3221067.222
2022  62  30306 GPS  -2267833.036  5009365.957  3221066.614
2022  62  30307 GPS  -2267832.690  5009363.619  3221065.277
2022  62  30308 GPS  -2267831.780  5009362.044  3221064.349
2022  62  30309 GPS  -2267830.898  5009360.094  3221063.237
2022  62  30310 GPS  -2267829.669  5009358.354  3221062.388
2022  62  30311 GPS  -2267828.902  5009357.014  3221061.841
2022  62  30312 GPS  -2267827.630  5009355.558  3221061.022
2022  62  30313 GPS  -2267826.491  5009353.973  3221060.325
2022  62  30314 GPS  -2267825.495  5009353.519  3221059.740
2022  62  30315 GPS  -2267824.639  5009353.030  3221059.443
2022  62  30316 GPS  -2267823.568  5009351.885  3221058.605
2022  62  30317 GPS  -2267822.782  5009351.034  3221058.202
2022  62  30318 GPS  -2267821.679  5009350.024  3221057.358
2022  62  30319 GPS  -2267821.077  5009348.423  3221056.806
2022  62  30320 GPS  -2267820.439  5009347.387  3221056.494
2022  62  30321 GPS  -2267820.128  5009346.600  3221056.226
2022  62  30322 GPS  -2267819.630  5009345.886  3221056.321
2022  62  30323 GPS  -2267818.997  5009346.342  3221056.575
2022  62  30324 GPS  -2267818.678  5009346.231  3221056.856
2022  62  30325 GPS  -2267818.495  5009346.663  3221057.236
2022  62  30326 GPS  -2267818.510  5009346.709  3221057.316
2022  62  30327 GPS  -2267818.830  5009347.391  3221057.984
2022  62  30328 GPS  -2267819.305  5009347.995  3221058.439
2022  62  30329 GPS  -2267819.196  5009347.986  3221058.806
2022  62  30330 GPS  -2267819.320  5009347.360  3221058.988
2022  62  30331 GPS  -2267819.411  5009346.654  3221059.248
2022  62  30332 GPS  -2267819.429  5009346.034  3221059.591
2022  62  30333 GPS  -2267819.761  5009345.738  3221059.926
2022  62  30334 GPS  -2267819.777  5009345.147  3221060.319
2022  62  30335 GPS  -2267819.883  5009344.547  3221060.345
2022  62  30336 GPS  -2267820.445  5009345.121  3221061.415
2022  62  30337 GPS  -2267820.545  5009345.341  3221061.937
2022  62  30338 GPS  -2267820.956  5009345.509  3221062.371
2022  62  30339 GPS  -2267820.814  5009345.879  3221062.876
2022  62  30340 GPS  -2267820.887  5009345.962  3221063.408
2022  62  30341 GPS  -2267820.667  5009345.601  3221063.621
2022  62  30342 GPS  -2267820.892  5009345.297  3221064.245
2022  62  30343 GPS  -2267820.935  5009344.587  3221064.329
2022  62  30344 GPS  -2267820.845  5009344.097  3221064.363
2022  62  30345 GPS  -2267821.008  5009343.445  3221064.500
2022  62  30346 GPS  -2267821.281  5009343.629  3221064.917
2022  62  30347 GPS  -2267821.588  5009343.402  3221065.007
2022  62  30348 GPS  -2267821.851  5009343.599  3221065.144
2022  62  30349 GPS  -2267822.046  5009343.888  3221065.860
2022  62  30350 GPS  -2267822.159  5009344.286  3221066.305
2022  62  30351 GPS  -2267821.816  5009344.120  3221066.321
2022  62  30352 GPS  -2267822.000  5009344.196  3221066.322
2022  62  30353 GPS  -2267821.960  5009343.814  3221066.499
2022  62  30354 GPS  -2267822.544  5009343.771  3221066.634
2022  62  30355 GPS  -2267822.700  5009343.593  3221066.770
2022  62  30356 GPS  -2267822.862  5009342.786  3221066.618
2022  62  30357 GPS  -2267823.361  5009342.405  3221066.377
2022  62  30358 GPS  -2267823.944  5009342.457  3221066.548
2022  62  30359 GPS  -2267824.549  5009341.971  3221065.917
2022  62  30360 GPS  -2267824.862  5009341.443  3221065.026
2022  62  30361 GPS  -2267825.633  5009341.716  3221064.786
2022  62  30362 GPS  -2267826.340  5009341.789  3221064.402
2022  62  30363 GPS  -2267827.294  5009342.627  3221064.329
2022  62  30364 GPS  -2267827.818  5009342.877  3221063.977
2022  62  30365 GPS  -2267828.068  5009342.975  3221063.429
2022  62  30366 GPS  -2267828.096  5009342.810  3221062.583
2022  62  30367 GPS  -2267828.076  5009342.782  3221061.967
2022  62  30368 GPS  -2267827.763  5009342.835  3221061.433
2022  62  30369 GPS  -2267827.733  5009342.290  3221060.508
2022  62  30370 GPS  -2267828.460  5009342.142  3221060.186
2022  62  30371 GPS  -2267828.387  5009341.664  3221059.687
2022  62  30372 GPS  -2267827.908  5009340.703  3221058.826
2022  62  30373 GPS  -2267828.445  5009340.886  3221058.664
2022  62  30374 GPS  -2267828.511  5009341.076  3221058.838
2022  62  30375 GPS  -2267828.525  5009340.334  3221058.810
2022  62  30376 GPS  -2267828.594  5009339.615  3221058.558
2022  62  30377 GPS  -2267828.682  5009338.830  3221058.303
2022  62  30378 GPS  -2267828.283  5009337.441  3221057.547
2022  62  30379 GPS  -2267828.145  5009336.562  3221057.307
2022  62  30380 GPS  -2267827.823  5009333.767  3221056.433
2022  62  30381 GPS  -2267827.560  5009331.989  3221055.867
2022  62  30382 GPS  -2267826.855  5009329.948  3221055.233
2022  62  30383 GPS  -2267826.508  5009327.846  3221053.971
2022  62  30384 GPS  -2267826.251  5009325.767  3221053.164
2022  62  30385 GPS  -2267826.545  5009323.898  3221052.464
2022  62  30386 GPS  -2267826.167  5009322.193  3221051.408
2022  62  30387 GPS  -2267825.381  5009320.473  3221050.546
2022  62  30388 GPS  -2267825.100  5009318.945  3221049.657
2022  62  30389 GPS  -2267824.834  5009317.159  3221049.007
2022  62  30390 GPS  -2267824.726  5009315.018  3221047.871
2022  62  30391 GPS  -2267824.403  5009313.395  3221047.301
2022  62  30392 GPS  -2267824.616  5009311.526  3221046.017
2022  62  30393 GPS  -2267824.769  5009310.423  3221045.353
2022  62  30394 GPS  -2267825.024  5009308.818  3221044.902
2022  62  30395 GPS  -2267825.240  5009307.476  3221044.156
2022  62  30396 GPS  -2267825.744  5009306.397  3221043.790
2022  62  30397 GPS  -2267825.595  5009304.711  3221042.661
2022  62  30398 GPS  -2267825.764  5009303.871  3221041.626
2022  62  30399 GPS  -2267825.665  5009303.050  3221040.911
2022  62  30400 GPS  -2267825.583  5009302.748  3221039.953
2022  62  30401 GPS  -2267825.478  5009302.319  3221039.546
2022  62  30402 GPS  -2267825.349  5009301.813  3221038.705
2022  62  30403 GPS  -2267824.769  5009301.369  3221038.025
2022  62  30404 GPS  -2267825.341  5009301.321  3221037.307
2022  62  30405 GPS  -2267825.524  5009301.830  3221036.574
2022  62  30406 GPS  -2267826.054  5009302.708  3221036.424
2022  62  30407 GPS  -2267826.256  5009302.979  3221036.051
2022  62  30408 GPS  -2267826.271  5009303.368  3221036.038
2022  62  30409 GPS  -2267826.098  5009304.542  3221036.283
2022  62  30410 GPS  -2267826.063  5009305.840  3221036.358
2022  62  30411 GPS  -2267825.644  5009306.893  3221036.226
2022  62  30412 GPS  -2267825.195  5009308.091  3221036.364
2022  62  30413 GPS  -2267824.927  5009309.733  3221036.856
2022  62  30414 GPS  -2267825.065  5009311.333  3221037.208
2022  62  30415 GPS  -2267824.884  5009313.004  3221037.527
2022  62  30416 GPS  -2267824.800  5009314.341  3221037.853
2022  62  30417 GPS  -2267824.689  5009314.893  3221037.713
2022  62  30418 GPS  -2267824.934  5009315.518  3221037.799
2022  62  30419 GPS  -2267824.938  5009315.914  3221037.510
2022  62  30420 GPS  -2267824.991  5009316.364  3221037.467
2022  62  30421 GPS  -2267825.148  5009317.353  3221037.882
2022  62  30422 GPS  -2267825.242  5009317.719  3221038.104
2022  62  30423 GPS  -2267825.273  5009318.038  3221038.446
2022  62  30424 GPS  -2267825.637  5009318.391  3221038.692
2022  62  30425 GPS  -2267825.931  5009318.123  3221038.751
2022  62  30426 GPS  -2267826.307  5009317.528  3221037.891
2022  62  30427 GPS  -2267826.744  5009317.821  3221037.877
2022  62  30428 GPS  -2267827.233  5009318.160  3221038.039
2022  62  30429 GPS  -2267827.017  5009317.091  3221037.489
2022  62  30430 GPS  -2267827.129  5009316.369  3221036.900
2022  62  30431 GPS  -2267827.048  5009315.538  3221036.336
2022  62  30432 GPS  -2267827.049  5009314.239  3221035.925
2022  62  30433 GPS  -2267826.434  5009312.813  3221035.136
2022  62  30434 GPS  -2267826.182  5009311.288  3221034.113
2022  62  30435 GPS  -2267825.788  5009310.419  3221033.907
2022  62  30436 GPS  -2267825.300  5009309.188  3221033.279
2022  62  30437 GPS  -2267824.616  5009307.102  3221032.241
2022  62  30438 GPS  -2267824.272  5009306.051  3221031.705
2022  62  30439 GPS  -2267823.821  5009304.352  3221030.765
2022  62  30440 GPS  -2267823.450  5009303.335  3221030.178
2022  62  30441 GPS  -2267822.913  5009302.446  3221029.420
2022  62  30442 GPS  -2267822.110  5009301.334  3221028.879
2022  62  30443 GPS  -2267821.643  5009299.817  3221028.015
2022  62  30444 GPS  -2267820.852  5009298.190  3221027.125
2022  62  30445 GPS  -2267820.583  5009296.827  3221026.327
2022  62  30446 GPS  -2267820.031  5009295.943  3221025.878
2022  62  30447 GPS  -2267819.510  5009295.041  3221025.192
2022  62  30448 GPS  -2267819.527  5009294.934  3221024.950
2022  62  30449 GPS  -2267818.997  5009294.681  3221024.763
2022  62  30450 GPS  -2267818.971  5009294.326  3221024.051
2022  62  30451 GPS  -2267818.875  5009294.080  3221023.594
2022  62  30452 GPS  -2267818.222  5009293.724  3221022.832
2022  62  30453 GPS  -2267818.139  5009293.660  3221022.214
2022  62  30454 GPS  -2267818.313  5009293.206  3221021.491
2022  62  30455 GPS  -2267818.372  5009293.200  3221021.237
2022  62  30456 GPS  -2267818.368  5009293.529  3221021.298
2022  62  30457 GPS  -2267818.170  5009293.235  3221020.859
2022  62  30458 GPS  -2267818.371  5009294.120  3221020.915
2022  62  30459 GPS  -2267819.180  5009295.162  3221021.525
2022  62  30460 GPS  -2267819.711  5009296.159  3221022.043
2022  62  30461 GPS  -2267820.134  5009297.086  3221022.294
2022  62  30462 GPS  -2267820.954  5009297.939  3221023.059
2022  62  30463 GPS  -2267821.834  5009299.059  3221023.777
2022  62  30464 GPS  -2267822.878  5009300.710  3221024.585
2022  62  30465 GPS  -2267824.055  5009302.165  3221025.500
2022  62  30466 GPS  -2267824.622  5009303.078  3221026.311
2022  62  30467 GPS  -2267825.718  5009304.814  3221027.470
2022  62  30468 GPS  -2267826.534  5009306.184  3221028.381
2022  62  30469 GPS  -2267826.888  5009307.108  3221028.801
2022  62  30470 GPS  -2267826.984  5009307.474  3221029.438
2022  62  30471 GPS  -2267827.141  5009308.145  3221030.121
2022  62  30472 GPS  -2267827.577  5009309.135  3221031.219
2022  62  30473 GPS  -2267827.372  5009310.124  3221032.070
2022  62  30474 GPS  -2267826.791  5009310.159  3221032.534
2022  62  30475 GPS  -2267826.610  5009310.080  3221033.422
2022  62  30476 GPS  -2267826.084  5009309.570  3221033.588
2022  62  30477 GPS  -2267825.134  5009308.309  3221033.399
2022  62  30478 GPS  -2267824.604  5009307.681  3221033.375
2022  62  30479 GPS  -2267823.949  5009306.741  3221033.503
2022  62  30480 GPS  -2267823.146  5009305.650  3221033.288
2022  62  30481 GPS  -2267822.427  5009304.268  3221033.448
2022  62  30482 GPS  -2267822.128  5009303.337  3221033.305
2022  62  30483 GPS  -2267821.490  5009301.934  3221033.116
2022  62  30484 GPS  -2267820.629  5009300.499  3221032.920
2022  62  30485 GPS  -2267820.463  5009299.763  3221033.068
2022  62  30486 GPS  -2267819.909  5009298.729  3221032.947
2022  62  30487 GPS  -2267819.530  5009297.364  3221032.752
2022  62  30488 GPS  -2267819.557  5009296.956  3221033.017
2022  62  30489 GPS  -2267819.383  5009295.955  3221032.802
2022  62  30490 GPS  -2267819.624  5009295.527  3221033.156
2022  62  30491 GPS  -2267819.564  5009294.411  3221033.199
2022  62  30492 GPS  -2267819.618  5009293.187  3221033.237
2022  62  30493 GPS  -2267819.730  5009292.968  3221033.462
2022  62  30494 GPS  -2267820.440  5009293.623  3221034.429
2022  62  30495 GPS  -2267820.947  5009293.825  3221035.252
2022  62  30496 GPS  -2267821.569  5009294.190  3221035.782
2022  62  30497 GPS  -2267822.385  5009294.697  3221036.614
2022  62  30498 GPS  -2267822.735  5009295.422  3221037.367
2022  62  30499 GPS  -2267823.277  5009295.476  3221037.398
2022  62  30500 GPS  -2267824.186  5009296.438  3221038.137
2022  62  30501 GPS  -2267824.740  5009297.538  3221038.536
2022  62  30502 GPS  -2267825.761  5009299.873  3221039.511
2022  62  30503 GPS  -2267826.447  5009301.651  3221040.114
2022  62  30504 GPS  -2267827.008  5009303.639  3221041.027
2022  62  30505 GPS  -2267827.902  5009305.729  3221041.964
2022  62  30506 GPS  -2267828.408  5009307.537  3221043.187
2022  62  30507 GPS  -2267828.962  5009309.732  3221044.143
2022  62  30508 GPS  -2267829.426  5009311.424  3221045.072
2022  62  30509 GPS  -2267829.772  5009313.113  3221045.942
2022  62  30510 GPS  -2267829.822  5009314.437  3221046.246
2022  62  30511 GPS  -2267830.106  5009315.439  3221046.560
2022  62  30512 GPS  -2267830.618  5009316.667  3221046.980
2022  62  30513 GPS  -2267830.983  5009317.728  3221047.138
2022  62  30514 GPS  -2267831.332  5009319.403  3221047.484
2022  62  30515 GPS  -2267830.919  5009320.234  3221047.431
2022  62  30516 GPS  -2267831.190  5009320.914  3221047.581
2022  62  30517 GPS  -2267831.414  5009321.299  3221047.782
2022  62  30518 GPS  -2267831.348  5009322.434  3221048.090
2022  62  30519 GPS  -2267831.555  5009323.501  3221048.413
2022  62  30520 GPS  -2267831.186  5009324.171  3221048.724
2022  62  30521 GPS  -2267830.444  5009324.322  3221049.427
2022  62  30522 GPS  -2267829.788  5009324.199  3221049.539
2022  62  30523 GPS  -2267829.264  5009324.263  3221050.168
2022  62  30524 GPS  -2267828.515  5009324.272  3221050.410
2022  62  30525 GPS  -2267827.864  5009324.459  3221050.841
2022  62  30526 GPS  -2267827.188  5009324.059  3221050.641
2022  62  30527 GPS  -2267826.690  5009323.716  3221050.338
2022  62  30528 GPS  -2267826.108  5009322.973  3221050.197
2022  62  30529 GPS  -2267825.962  5009323.053  3221050.330
2022  62  30530 GPS  -2267825.473  5009322.550  3221050.217
2022  62  30531 GPS  -2267824.868  5009321.909  3221050.248
2022  62  30532 GPS  -2267824.535  5009321.657  3221050.458
2022  62  30533 GPS  -2267824.487  5009321.869  3221051.082
2022  62  30534 GPS  -2267824.783  5009322.196  3221051.461
2022  62  30535 GPS  -2267823.919  5009321.494  3221051.119
2022  62  30536 GPS  -2267823.847  5009321.625  3221051.175
2022  62  30537 GPS  -2267823.911  5009321.645  3221051.358
2022  62  30538 GPS  -2267824.238  5009321.767  3221051.951
2022  62  30539 GPS  -2267823.949  5009321.377  3221051.927
2022  62  30540 GPS  -2267825.002  5009322.426  3221052.536
2022  62  30541 GPS  -2267824.899  5009322.682  3221052.612
2022  62  30542 GPS  -2267825.185  5009323.775  3221052.979
2022  62  30543 GPS  -2267825.407  5009324.174  3221052.867
2022  62  30544 GPS  -2267825.551  5009324.636  3221052.872
2022  62  30545 GPS  -2267825.513  5009324.818  3221052.878
2022  62  30546 GPS  -2267825.581  5009325.140  3221053.121
2022  62  30547 GPS  -2267826.173  5009325.793  3221053.565
2022  62  30548 GPS  -2267825.995  5009325.938  3221053.447
2022  62  30549 GPS  -2267826.348  5009326.491  3221053.853
2022  62  30550 GPS  -2267826.113  5009326.806  3221053.771
2022  62  30551 GPS  -2267826.114  5009326.764  3221053.533
2022  62  30552 GPS  -2267825.955  5009326.957  3221053.230
2022  62  30553 GPS  -2267825.903  5009327.148  3221052.891
2022  62  30554 GPS  -2267826.022  5009327.813  3221052.437
2022  62  30555 GPS  -2267825.772  5009327.445  3221051.436
2022  62  30556 GPS  -2267826.578  5009328.561  3221051.618
2022  62  30557 GPS  -2267826.814  5009328.753  3221051.376
2022  62  30558 GPS  -2267826.687  5009328.630  3221050.795
2022  62  30559 GPS  -2267826.761  5009328.798  3221050.183
2022  62  30560 GPS  -2267826.012  5009328.125  3221049.844
2022  62  30561 GPS  -2267825.988  5009328.471  3221049.695
2022  62  30562 GPS  -2267826.097  5009328.660  3221049.867
2022  62  30563 GPS  -2267825.901  5009327.997  3221049.222
2022  62  30564 GPS  -2267825.379  5009327.585  3221048.835
2022  62  30565 GPS  -2267825.043  5009326.883  3221048.539
2022  62  30566 GPS  -2267824.651  5009326.406  3221048.057
2022  62  30567 GPS  -2267824.453  5009325.871  3221048.099
2022  62  30568 GPS  -2267824.747  5009325.445  3221048.060
2022  62  30569 GPS  -2267824.646  5009325.086  3221047.948
2022  62  30570 GPS  -2267824.388  5009324.392  3221047.561
2022  62  30571 GPS  -2267823.648  5009322.812  3221047.004
2022  62  30572 GPS  -2267823.106  5009321.864  3221046.705
2022  62  30573 GPS  -2267822.492  5009321.085  3221046.189
2022  62  30574 GPS  -2267822.156  5009320.599  3221046.551
2022  62  30575 GPS  -2267821.167  5009319.668  3221046.350
2022  62  30576 GPS  -2267820.495  5009319.155  3221046.218
2022  62  30577 GPS  -2267819.862  5009318.784  3221046.476
2022  62  30578 GPS  -2267820.179  5009318.890  3221046.659
2022  62  30579 GPS  -2267820.089  5009319.525  3221047.020
2022  62  30580 GPS  -2267820.193  5009320.451  3221047.359
2022  62  30581 GPS  -2267820.529  5009321.479  3221047.920
2022  62  30582 GPS  -2267820.861  5009321.817  3221047.854
2022  62  30583 GPS  -2267821.221  5009322.613  3221047.929
2022  62  30584 GPS  -2267821.321  5009322.914  3221047.618
2022  62  30585 GPS  -2267821.647  5009323.702  3221047.582
2022  62  30586 GPS  -2267822.169  5009325.337  3221048.153
2022  62  30587 GPS  -2267822.389  5009325.866  3221048.180
2022  62  30588 GPS  -2267822.436  5009326.359  3221048.196
2022  62  30589 GPS  -2267822.123  5009327.195  3221048.133
2022  62  30590 GPS  -2267821.797  5009328.209  3221048.286
2022  62  30591 GPS  -2267821.675  5009329.031  3221048.409
2022  62  30592 GPS  -2267822.122  5009330.676  3221049.244
2022  62  30593 GPS  -2267822.335  5009331.020  3221049.011
2022  62  30594 GPS  -2267822.293  5009331.203  3221048.586
2022  62  30595 GPS  -2267822.324  5009331.500  3221048.596
2022  62  30596 GPS  -2267822.108  5009332.330  3221048.532
2022  62  30597 GPS  -2267821.868  5009332.688  3221048.711
2022  62  30598 GPS  -2267822.047  5009333.119  3221048.744
2022  62  30599 GPS  -2267822.413  5009333.933  3221048.733
2022  62  30600 GPS  -2267822.489  5009335.108  3221048.999
2022  62  30601 GPS  -2267821.954  5009335.620  3221048.992
2022  62  30602 GPS  -2267821.461  5009335.920  3221049.070
2022  62  30603 GPS  -2267820.954  5009335.900  3221049.407
2022  62  30604 GPS  -2267820.833  5009336.642  3221049.741
2022  62  30605 GPS  -2267820.545  5009337.034  3221049.715
2022  62  30606 GPS  -2267820.404  5009337.604  3221050.019
2022  62  30607 GPS  -2267819.957  5009337.863  3221050.068
2022  62  30608 GPS  -2267819.941  5009337.929  3221049.856
2022  62  30609 GPS  -2267820.023  5009338.600  3221050.006
2022  62  30610 GPS  -2267820.218  5009339.263  3221050.222
2022  62  30611 GPS  -2267820.499  5009339.290  3221050.414
2022  62  30612 GPS  -2267820.010  5009338.633  3221049.848
2022  62  30613 GPS  -2267820.090  5009338.678  3221049.629
2022  62  30614 GPS  -2267820.280  5009338.994  3221049.680
2022  62  30615 GPS  -2267820.603  5009339.417  3221049.962
2022  62  30616 GPS  -2267820.762  5009339.755  3221050.126
2022  62  30617 GPS  -2267822.245  5009341.098  3221050.492
2022  62  30618 GPS  -2267822.789  5009341.657  3221050.917
2022  62  30619 GPS  -2267823.655  5009342.520  3221051.318
2022  62  30620 GPS  -2267824.021  5009342.902  3221051.679
2022  62  30621 GPS  -2267824.803  5009344.080  3221052.308
2022  62  30622 GPS  -2267825.159  5009344.855  3221052.238
2022  62  30623 GPS  -2267825.471  5009345.246  3221052.287
2022  62  30624 GPS  -2267826.558  5009345.477  3221052.170
2022  62  30625 GPS  -2267827.078  5009346.045  3221052.481
2022  62  30626 GPS  -2267827.682  5009346.457  3221052.520
2022  62  30627 GPS  -2267828.030  5009346.526  3221052.666
2022  62  30628 GPS  -2267828.241  5009346.631  3221052.820
2022  62  30629 GPS  -2267828.659  5009346.738  3221053.203
2022  62  30630 GPS  -2267829.186  5009347.262  3221053.363
2022  62  30631 GPS  -2267830.087  5009347.781  3221053.870
2022  62  30632 GPS  -2267830.773  5009348.266  3221054.529
2022  62  30633 GPS  -2267830.865  5009347.933  3221054.568
2022  62  30634 GPS  -2267831.602  5009348.577  3221054.932
2022  62  30635 GPS  -2267832.200  5009349.329  3221055.365
2022  62  30636 GPS  -2267832.574  5009349.329  3221055.601
2022  62  30637 GPS  -2267833.364  5009349.708  3221055.735
2022  62  30638 GPS  -2267833.661  5009349.691  3221055.947
2022  62  30639 GPS  -2267834.184  5009349.785  3221055.676
2022  62  30640 GPS  -2267834.803  5009349.931  3221055.625
2022  62  30641 GPS  -2267835.179  5009350.639  3221056.211
2022  62  30642 GPS  -2267835.151  5009350.399  3221056.173
2022  62  30643 GPS  -2267834.982  5009350.220  3221055.910
2022  62  30644 GPS  -2267834.844  5009350.295  3221055.963
2022  62  30645 GPS  -2267834.704  5009349.567  3221055.858
2022  62  30646 GPS  -2267834.541  5009349.573  3221055.480
2022  62  30647 GPS  -2267834.396  5009349.306  3221055.576
2022  62  30648 GPS  -2267834.189  5009349.397  3221055.442
2022  62  30649 GPS  -2267834.349  5009349.733  3221056.030
2022  62  30650 GPS  -2267834.072  5009349.883  3221056.503
2022  62  30651 GPS  -2267833.265  5009349.901  3221056.830
2022  62  30652 GPS  -2267832.697  5009350.395  3221057.353
2022  62  30653 GPS  -2267832.724  5009350.332  3221057.866
2022  62  30654 GPS  -2267832.357  5009350.417  3221058.035
2022  62  30655 GPS  -2267831.713  5009350.925  3221058.150
2022  62  30656 GPS  -2267831.305  5009350.598  3221058.270
2022  62  30657 GPS  -2267831.052  5009350.556  3221058.826
2022  62  30658 GPS  -2267830.381  5009350.026  3221058.822
2022  62  30659 GPS  -2267830.191  5009349.643  3221058.657
2022  62  30660 GPS  -2267829.364  5009349.333  3221058.437
2022  62  30661 GPS  -2267829.269  5009348.871  3221058.419
2022  62  30662 GPS  -2267828.820  5009348.473  3221057.905
2022  62  30663 GPS  -2267828.695  5009348.424  3221057.834
2022  62  30664 GPS  -2267828.731  5009348.881  3221057.897
2022  62  30665 GPS  -2267828.533  5009348.316  3221057.744
2022  62  30666 GPS  -2267829.018  5009348.351  3221057.802
2022  62  30667 GPS  -2267829.514  5009347.554  3221057.294
2022  62  30668 GPS  -2267829.757  5009347.221  3221057.364
2022  62  30669 GPS  -2267829.574  5009346.533  3221056.764
2022  62  30670 GPS  -2267829.713  5009346.433  3221056.802
2022  62  30671 GPS  -2267829.973  5009346.416  3221057.046
2022  62  30672 GPS  -2267829.473  5009345.144  3221056.299
2022  62  30673 GPS  -2267829.763  5009344.978  3221056.574
2022  62  30674 GPS  -2267829.787  5009344.599  3221056.651
2022  62  30675 GPS  -2267830.284  5009344.463  3221056.755
2022  62  30676 GPS  -2267830.338  5009344.684  3221057.105
2022  62  30677 GPS  -2267831.363  5009345.082  3221057.100
2022  62  30678 GPS  -2267831.451  5009344.569  3221056.603
2022  62  30679 GPS  -2267831.936  5009344.380  3221056.526
2022  62  30680 GPS  -2267832.265  5009343.696  3221055.882
2022  62  30681 GPS  -2267832.290  5009342.436  3221055.292
2022  62  30682 GPS  -2267831.840  5009341.174  3221054.920
2022  62  30683 GPS  -2267831.661  5009340.247  3221054.784
2022  62  30684 GPS  -2267831.853  5009339.101  3221054.253
2022  62  30685 GPS  -2267831.580  5009338.700  3221054.127
2022  62  30686 GPS  -2267831.637  5009337.640  3221053.617
2022  62  30687 GPS  -2267831.426  5009336.770  3221053.151
2022  62  30688 GPS  -2267831.017  5009335.790  3221052.292
2022  62  30689 GPS  -2267830.941  5009334.637  3221051.854
2022  62  30690 GPS  -2267830.809  5009333.708  3221051.407
2022  62  30691 GPS  -2267830.853  5009333.549  3221051.577
2022  62  30692 GPS  -2267831.172  5009332.850  3221050.486
2022  62  30693 GPS  -2267830.826  5009331.474  3221049.702
2022  62  30694 GPS  -2267831.007  5009330.837  3221049.517
2022  62  30695 GPS  -2267830.717  5009330.021  3221048.630
2022  62  30696 GPS  -2267830.720  5009330.339  3221048.324
2022  62  30697 GPS  -2267830.259  5009329.796  3221047.932
2022  62  30698 GPS  -2267829.823  5009328.570  3221047.153
2022  62  30699 GPS  -2267829.491  5009328.205  3221046.630
2022  62  30700 GPS  -2267828.997  5009327.855  3221046.357
2022  62  30701 GPS  -2267828.260  5009327.154  3221046.029
2022  62  30702 GPS  -2267827.295  5009326.826  3221045.539
2022  62  30703 GPS  -2267826.645  5009326.696  3221045.401
2022  62  30704 GPS  -2267825.831  5009326.337  3221044.753
2022  62  30705 GPS  -2267824.922  5009325.331  3221043.821
2022  62  30706 GPS  -2267824.276  5009325.001  3221043.097
2022  62  30707 GPS  -2267823.395  5009324.575  3221042.541
2022  62  30708 GPS  -2267823.198  5009325.028  3221042.277
2022  62  30709 GPS  -2267822.521  5009325.326  3221041.718
2022  62  30710 GPS  -2267822.576  5009325.443  3221041.661
2022  62  30711 GPS  -2267822.159  5009325.166  3221041.373
2022  62  30712 GPS  -2267822.138  5009324.763  3221040.822
2022  62  30713 GPS  -2267821.776  5009324.887  3221040.435
2022  62  30714 GPS  -2267821.274  5009325.256  3221040.335
2022  62  30715 GPS  -2267821.494  5009325.524  3221040.261
2022  62  30716 GPS  -2267821.953  5009326.410  3221040.359
2022  62  30717 GPS  -2267822.041  5009326.503  3221039.793
2022  62  30718 GPS  -2267822.642  5009327.453  3221039.744
2022  62  30719 GPS  -2267822.807  5009327.916  3221039.583
2022  62  30720 GPS  -2267823.153  5009328.242  3221039.437
2022  62  30721 GPS  -2267823.902  5009329.272  3221039.898
2022  62  30722 GPS  -2267823.915  5009330.049  3221040.018
2022  62  30723 GPS  -2267823.762  5009330.353  3221039.919
2022  62  30724 GPS  -2267823.876  5009329.981  3221039.683
2022  62  30725 GPS  -2267824.222  5009330.026  3221039.739
2022  62  30726 GPS  -2267824.259  5009330.125  3221039.752
2022  62  30727 GPS  -2267824.453  5009330.229  3221039.723
2022  62  30728 GPS  -2267825.008  5009330.519  3221039.732
2022  62  30729 GPS  -2267825.254  5009330.427  3221039.648
2022  62  30730 GPS  -2267825.396  5009329.965  3221039.742
2022  62  30731 GPS  -2267825.389  5009329.973  3221039.969
2022  62  30732 GPS  -2267825.772  5009330.348  3221040.552
2022  62  30733 GPS  -2267826.014  5009330.576  3221040.874
2022  62  30734 GPS  -2267826.214  5009330.212  3221040.797
2022  62  30735 GPS  -2267826.701  5009330.031  3221040.934
2022  62  30736 GPS  -2267826.669  5009329.469  3221040.912
2022  62  30737 GPS  -2267826.633  5009328.399  3221040.913
2022  62  30738 GPS  -2267827.010  5009327.517  3221040.624
2022  62  30739 GPS  -2267826.957  5009326.922  3221040.367
2022  62  30740 GPS  -2267827.156  5009325.510  3221039.923
2022  62  30741 GPS  -2267826.846  5009324.043  3221039.193
2022  62  30742 GPS  -2267826.905  5009322.878  3221038.723
2022  62  30743 GPS  -2267827.137  5009321.435  3221038.298
2022  62  30744 GPS  -2267827.243  5009320.729  3221037.838
2022  62  30745 GPS  -2267827.421  5009319.773  3221037.488
2022  62  30746 GPS  -2267827.842  5009318.646  3221037.004
2022  62  30747 GPS  -2267827.869  5009316.920  3221036.165
2022  62  30748 GPS  -2267827.740  5009315.731  3221035.102
2022  62  30749 GPS  -2267827.615  5009314.686  3221034.589
2022  62  30750 GPS  -2267827.575  5009313.465  3221033.847
2022  62  30751 GPS  -2267827.430  5009312.151  3221033.341
2022  62  30752 GPS  -2267827.498  5009311.254  3221032.815
2022  62  30753 GPS  -2267827.780  5009310.703  3221032.476
2022  62  30754 GPS  -2267828.318  5009310.384  3221031.962
2022  62  30755 GPS  -2267828.349  5009309.924  3221031.539
2022  62  30756 GPS  -2267828.697  5009309.342  3221031.038
2022  62  30757 GPS  -2267828.746  5009308.973  3221030.309
2022  62  30758 GPS  -2267828.754  5009308.991  3221030.001
2022  62  30759 GPS  -2267828.866  5009308.962  3221029.785
2022  62  30760 GPS  -2267828.808  5009308.741  3221028.820
2022  62  30761 GPS  -2267829.230  5009309.297  3221028.683
2022  62  30762 GPS  -2267829.119  5009309.240  3221028.181
2022  62  30763 GPS  -2267829.016  5009309.790  3221028.259
2022  62  30764 GPS  -2267829.092  5009310.057  3221028.171
2022  62  30765 GPS  -2267828.871  5009310.395  3221027.902
2022  62  30766 GPS  -2267828.999  5009311.392  3221027.977
2022  62  30767 GPS  -2267828.537  5009311.751  3221027.391
2022  62  30768 GPS  -2267828.601  5009312.880  3221027.612
2022  62  30769 GPS  -2267828.804  5009312.831  3221027.457
2022  62  30770 GPS  -2267828.331  5009312.673  3221027.098
2022  62  30771 GPS  -2267828.170  5009313.431  3221027.100
2022  62  30772 GPS  -2267828.361  5009314.978  3221027.279
2022  62  30773 GPS  -2267827.900  5009315.030  3221026.877
2022  62  30774 GPS  -2267828.315  5009316.228  3221027.167
2022  62  30775 GPS  -2267828.610  5009318.013  3221027.894
2022  62  30776 GPS  -2267828.576  5009319.299  3221028.432
2022  62  30777 GPS  -2267828.768  5009320.777  3221029.131
2022  62  30778 GPS  -2267828.949  5009321.893  3221029.546
2022  62  30779 GPS  -2267829.473  5009323.162  3221030.305
2022  62  30780 GPS  -2267829.674  5009324.112  3221030.597
2022  62  30781 GPS  -2267829.726  5009325.378  3221031.330
2022  62  30782 GPS  -2267830.383  5009326.426  3221031.743
2022  62  30783 GPS  -2267830.856  5009327.563  3221032.600
2022  62  30784 GPS  -2267831.484  5009328.430  3221033.095
2022  62  30785 GPS  -2267831.845  5009328.669  3221033.086
2022  62  30786 GPS  -2267832.465  5009329.353  3221033.477
2022  62  30787 GPS  -2267833.198  5009329.710  3221033.603
2022  62  30788 GPS  -2267833.511  5009329.437  3221033.349
2022  62  30789 GPS  -2267833.815  5009329.213  3221033.590
2022  62  30790 GPS  -2267834.009  5009328.832  3221033.558
2022  62  30791 GPS  -2267834.405  5009328.590  3221033.407
2022  62  30792 GPS  -2267834.828  5009328.127  3221032.859
2022  62  30793 GPS  -2267834.841  5009327.469  3221032.604
2022  62  30794 GPS  -2267834.574  5009326.202  3221031.785
2022  62  30795 GPS  -2267833.952  5009324.455  3221030.455
2022  62  30796 GPS  -2267833.336  5009323.583  3221030.125
2022  62  30797 GPS  -2267833.106  5009322.546  3221029.308
2022  62  30798 GPS  -2267833.188  5009321.555  3221028.702
2022  62  30799 GPS  -2267833.025  5009321.088  3221028.208
2022  62  30800 GPS  -2267832.761  5009320.556  3221027.817
2022  62  30801 GPS  -2267832.298  5009319.304  3221027.004
2022  62  30802 GPS  -2267831.704  5009318.389  3221026.474
2022  62  30803 GPS  -2267830.927  5009317.899  3221026.260
2022  62  30804 GPS  -2267829.933  5009317.926  3221026.821
2022  62  30805 GPS  -2267829.243  5009317.574  3221026.715
2022  62  30806 GPS  -2267828.286  5009317.429  3221026.598
2022  62  30807 GPS  -2267827.701  5009317.457  3221026.600
2022  62  30808 GPS  -2267827.232  5009317.207  3221026.352
2022  62  30809 GPS  -2267827.056  5009316.944  3221026.291
2022  62  30810 GPS  -2267826.269  5009315.906  3221026.075
2022  62  30811 GPS  -2267825.913  5009315.625  3221025.985
2022  62  30812 GPS  -2267825.439  5009314.650  3221025.680
2022  62  30813 GPS  -2267824.679  5009314.947  3221025.649
2022  62  30814 GPS  -2267824.215  5009315.008  3221025.523
2022  62  30815 GPS  -2267824.097  5009315.191  3221025.407
2022  62  30816 GPS  -2267823.725  5009315.573  3221025.450
2022  62  30817 GPS  -2267823.057  5009316.110  3221025.346
2022  62  30818 GPS  -2267822.885  5009317.525  3221026.332
2022  62  30819 GPS  -2267823.478  5009318.695  3221027.465
2022  62  30820 GPS  -2267823.684  5009320.366  3221028.449
2022  62  30821 GPS  -2267824.323  5009322.274  3221029.322
2022  62  30822 GPS  -2267825.067  5009324.193  3221030.063
2022  62  30823 GPS  -2267825.652  5009325.402  3221030.409
2022  62  30824 GPS  -2267826.137  5009326.258  3221030.669
2022  62  30825 GPS  -2267826.153  5009327.385  3221030.677
2022  62  30826 GPS  -2267826.680  5009328.537  3221030.905
2022  62  30827 GPS  -2267827.050  5009329.471  3221031.161
2022  62  30828 GPS  -2267826.909  5009330.323  3221031.219
2022  62  30829 GPS  -2267826.685  5009330.869  3221031.020
2022  62  30830 GPS  -2267826.091  5009331.519  3221031.117
2022  62  30831 GPS  -2267825.420  5009331.805  3221030.667
2022  62  30832 GPS  -2267825.008  5009332.258  3221030.330
2022  62  30833 GPS  -2267824.702  5009331.792  3221029.621
2022  62  30834 GPS  -2267824.545  5009331.587  3221029.158
2022  62  30835 GPS  -2267824.216  5009330.549  3221028.396
2022  62  30836 GPS  -2267824.296  5009329.872  3221027.577
2022  62  30837 GPS  -2267823.851  5009329.423  3221026.970
2022  62  30838 GPS  -2267823.849  5009329.268  3221026.417
2022  62  30839 GPS  -2267823.466  5009328.057  3221025.343
2022  62  30840 GPS  -2267823.226  5009327.646  3221024.865
2022  62  30841 GPS  -2267823.387  5009326.973  3221024.175
2022  62  30842 GPS  -2267823.106  5009326.759  3221023.875
2022  62  30843 GPS  -2267822.873  5009326.319  3221023.779
2022  62  30844 GPS  -2267822.668  5009325.846  3221023.657
2022  62  30845 GPS  -2267822.462  5009325.685  3221023.640
2022  62  30846 GPS  -2267822.192  5009324.942  3221023.315
2022  62  30847 GPS  -2267821.828  5009324.950  3221023.460
2022  62  30848 GPS  -2267821.567  5009325.127  3221023.554
2022  62  30849 GPS  -2267821.079  5009324.607  3221023.358
2022  62  30850 GPS  -2267820.518  5009324.487  3221023.518
2022  62  30851 GPS  -2267820.350  5009323.836  3221023.743
2022  62  30852 GPS  -2267819.628  5009323.203  3221023.474
2022  62  30853 GPS  -2267819.488  5009323.041  3221023.623
2022  62  30854 GPS  -2267819.127  5009323.083  3221023.890
2022  62  30855 GPS  -2267818.702  5009323.089  3221024.392
2022  62  30856 GPS  -2267818.591  5009323.121  3221024.263
2022  62  30857 GPS  -2267818.421  5009323.268  3221024.311
2022  62  30858 GPS  -2267818.139  5009323.019  3221023.955
2022  62  30859 GPS  -2267818.109  5009323.289  3221024.356
2022  62  30860 GPS  -2267817.505  5009323.353  3221024.507
2022  62  30861 GPS  -2267817.169  5009323.306  3221024.737
2022  62  30862 GPS  -2267816.775  5009323.274  3221024.816
2022  62  30863 GPS  -2267816.098  5009322.795  3221024.825
2022  62  30864 GPS  -2267815.584  5009322.034  3221024.667
2022  62  30865 GPS  -2267815.461  5009321.074  3221024.597
2022  62  30866 GPS  -2267815.780  5009320.931  3221025.053
2022  62  30867 GPS  -2267815.153  5009319.580  3221024.925
2022  62  30868 GPS  -2267814.597  5009319.071  3221024.963
2022  62  30869 GPS  -2267814.272  5009318.596  3221025.163
2022  62  30870 GPS  -2267813.880  5009318.222  3221025.409
2022  62  30871 GPS  -2267813.220  5009317.656  3221025.314
2022  62  30872 GPS  -2267812.584  5009317.177  3221025.310
2022  62  30873 GPS  -2267812.062  5009316.658  3221025.247
2022  62  30874 GPS  -2267811.398  5009316.142  3221025.332
2022  62  30875 GPS  -2267810.357  5009315.504  3221025.291
2022  62  30876 GPS  -2267809.893  5009315.721  3221025.999
2022  62  30877 GPS  -2267809.436  5009314.896  3221025.545
2022  62  30878 GPS  -2267808.884  5009315.109  3221025.898
2022  62  30879 GPS  -2267808.428  5009314.526  3221025.857
2022  62  30880 GPS  -2267807.807  5009313.303  3221025.318
2022  62  30881 GPS  -2267807.740  5009312.363  3221025.081
2022  62  30882 GPS  -2267807.566  5009311.243  3221024.444
2022  62  30883 GPS  -2267807.323  5009310.408  3221023.994
2022  62  30884 GPS  -2267807.173  5009309.491  3221023.591
2022  62  30885 GPS  -2267807.250  5009308.816  3221023.301
2022  62  30886 GPS  -2267807.953  5009308.827  3221023.720
2022  62  30887 GPS  -2267808.260  5009308.817  3221023.812
2022  62  30888 GPS  -2267808.359  5009308.914  3221024.106
2022  62  30889 GPS  -2267808.358  5009308.188  3221023.958
2022  62  30890 GPS  -2267808.380  5009308.757  3221024.360
2022  62  30891 GPS  -2267808.944  5009309.151  3221024.400
2022  62  30892 GPS  -2267809.190  5009309.720  3221024.817
2022  62  30893 GPS  -2267809.623  5009310.398  3221025.240
2022  62  30894 GPS  -2267809.923  5009310.735  3221025.657
2022  62  30895 GPS  -2267810.422  5009310.870  3221026.007
2022  62  30896 GPS  -2267811.313  5009312.583  3221026.763
2022  62  30897 GPS  -2267812.353  5009313.152  3221027.068
2022  62  30898 GPS  -2267813.597  5009314.158  3221027.760
2022  62  30899 GPS  -2267814.186  5009314.984  3221028.622
2022  62  30900 GPS  -2267814.581  5009315.970  3221029.671
2022  62  30901 GPS  -2267815.000  5009317.714  3221030.685
2022  62  30902 GPS  -2267815.515  5009318.230  3221030.867
2022  62  30903 GPS  -2267815.749  5009319.217  3221031.249
2022  62  30904 GPS  -2267815.596  5009320.465  3221031.739
2022  62  30905 GPS  -2267815.524  5009320.437  3221031.692
2022  62  30906 GPS  -2267815.647  5009320.851  3221032.019
2022  62  30907 GPS  -2267816.374  5009321.692  3221032.921
2022  62  30908 GPS  -2267816.550  5009322.066  3221033.205
2022  62  30909 GPS  -2267816.873  5009322.040  3221033.137
2022  62  30910 GPS  -2267817.019  5009321.293  3221033.132
2022  62  30911 GPS  -2267817.420  5009321.171  3221033.037
2022  62  30912 GPS  -2267817.809  5009322.058  3221033.635
2022  62  30913 GPS  -2267818.911  5009322.294  3221034.155
2022  62  30914 GPS  -2267819.832  5009323.201  3221034.955
2022  62  30915 GPS  -2267820.603  5009324.248  3221035.236
2022  62  30916 GPS  -2267821.397  5009324.996  3221036.269
2022  62  30917 GPS  -2267822.147  5009325.924  3221037.039
2022  62  30918 GPS  -2267822.728  5009326.774  3221037.620
2022  62  30919 GPS  -2267823.345  5009327.858  3221038.387
2022  62  30920 GPS  -2267823.349  5009328.744  3221039.199
2022  62  30921 GPS  -2267823.617  5009329.375  3221039.514
2022  62  30922 GPS  -2267824.231  5009330.739  3221040.271
2022  62  30923 GPS  -2267824.546  5009331.197  3221040.330
2022  62  30924 GPS  -2267825.018  5009332.709  3221041.272
2022  62  30925 GPS  -2267825.209  5009333.665  3221041.862
2022  62  30926 GPS  -2267825.694  5009334.722  3221042.462
2022  62  30927 GPS  -2267825.941  5009335.669  3221043.153
2022  62  30928 GPS  -2267826.537  5009336.432  3221043.511
2022  62  30929 GPS  -2267827.027  5009337.447  3221044.218
2022  62  30930 GPS  -2267827.387  5009337.914  3221044.243
2022  62  30931 GPS  -2267827.845  5009338.148  3221043.811
2022  62  30932 GPS  -2267828.080  5009337.764  3221043.902
2022  62  30933 GPS  -2267828.355  5009338.384  3221043.972
2022  62  30934 GPS  -2267828.657  5009339.032  3221044.518
2022  62  30935 GPS  -2267828.777  5009338.618  3221044.444
2022  62  30936 GPS  -2267828.969  5009338.796  3221044.443
2022  62  30937 GPS  -2267828.257  5009338.615  3221043.950
2022  62  30938 GPS  -2267827.833  5009338.545  3221043.751
2022  62  30939 GPS  -2267827.761  5009338.675  3221043.688
2022  62  30940 GPS  -2267827.778  5009338.455  3221043.612
2022  62  30941 GPS  -2267828.127  5009338.728  3221044.092
2022  62  30942 GPS  -2267828.274  5009339.354  3221044.525
2022  62  30943 GPS  -2267828.875  5009339.819  3221044.671
2022  62  30944 GPS  -2267829.024  5009340.003  3221045.038
2022  62  30945 GPS  -2267829.118  5009339.675  3221044.933
2022  62  30946 GPS  -2267828.692  5009339.626  3221044.934
2022  62  30947 GPS  -2267828.506  5009339.922  3221045.078
2022  62  30948 GPS  -2267828.248  5009339.648  3221045.032
2022  62  30949 GPS  -2267827.833  5009339.061  3221044.848
2022  62  30950 GPS  -2267827.660  5009339.205  3221044.780
2022  62  30951 GPS  -2267827.570  5009339.153  3221045.291
2022  62  30952 GPS  -2267828.085  5009339.874  3221045.973
2022  62  30953 GPS  -2267828.278  5009340.066  3221046.331
2022  62  30954 GPS  -2267828.787  5009340.165  3221046.371
2022  62  30955 GPS  -2267828.945  5009340.388  3221046.661
2022  62  30956 GPS  -2267829.627  5009340.950  3221047.438
2022  62  30957 GPS  -2267830.491  5009341.524  3221048.282
2022  62  30958 GPS  -2267830.911  5009342.629  3221049.302
2022  62  30959 GPS  -2267831.699  5009344.024  3221050.098
2022  62  30960 GPS  -2267832.280  5009344.742  3221050.882
2022  62  30961 GPS  -2267832.605  5009345.387  3221051.220
2022  62  30962 GPS  -2267833.048  5009346.671  3221051.633
2022  62  30963 GPS  -2267833.781  5009348.084  3221052.198
2022  62  30964 GPS  -2267834.203  5009348.658  3221052.092
2022  62  30965 GPS  -2267835.218  5009349.872  3221052.530
2022  62  30966 GPS  -2267835.765  5009350.732  3221052.415
2022  62  30967 GPS  -2267835.685  5009351.477  3221052.563
2022  62  30968 GPS  -2267835.945  5009352.209  3221052.570
2022  62  30969 GPS  -2267836.365  5009353.675  3221052.763
2022  62  30970 GPS  -2267836.900  5009354.878  3221053.199
2022  62  30971 GPS  -2267837.469  5009355.739  3221053.763
2022  62  30972 GPS  -2267837.598  5009356.459  3221053.890
2022  62  30973 GPS  -2267837.325  5009356.179  3221053.884
2022  62  30974 GPS  -2267836.887  5009356.646  3221054.130
2022  62  30975 GPS  -2267836.778  5009357.016  3221054.037
2022  62  30976 GPS  -2267836.626  5009356.512  3221053.833
2022  62  30977 GPS  -2267836.754  5009356.773  3221053.894
2022  62  30978 GPS  -2267836.422  5009356.159  3221053.356
2022  62  30979 GPS  -2267836.468  5009355.461  3221053.002
2022  62  30980 GPS  -2267836.237  5009355.286  3221052.879
2022  62  30981 GPS  -2267836.160  5009354.453  3221052.357
2022  62  30982 GPS  -2267836.221  5009353.599  3221052.201
2022  62  30983 GPS  -2267836.057  5009353.445  3221052.109
2022  62  30984 GPS  -2267836.140  5009352.951  3221051.965
2022  62  30985 GPS  -2267836.556  5009352.307  3221051.332
2022  62  30986 GPS  -2267836.338  5009352.361  3221051.675
2022  62  30987 GPS  -2267836.003  5009351.938  3221051.755
2022  62  30988 GPS  -2267836.062  5009352.334  3221052.329
2022  62  30989 GPS  -2267836.088  5009351.499  3221052.022
2022  62  30990 GPS  -2267835.795  5009350.542  3221051.642
2022  62  30991 GPS  -2267835.552  5009348.926  3221051.025
2022  62  30992 GPS  -2267835.259  5009348.303  3221050.831
2022  62  30993 GPS  -2267834.732  5009347.163  3221050.411
2022  62  30994 GPS  -2267834.143  5009346.235  3221049.772
2022  62  30995 GPS  -2267833.416  5009345.292  3221049.135
2022  62  30996 GPS  -2267833.363  5009344.835  3221049.066
2022  62  30997 GPS  -2267832.494  5009343.503  3221048.646
2022  62  30998 GPS  -2267832.052  5009342.496  3221048.186
2022  62  30999 GPS  -2267832.169  5009342.410  3221048.389
2022  62  31000 GPS  -2267831.653  5009341.934  3221048.302
2022  62  31001 GPS  -2267831.269  5009341.900  3221048.370
2022  62  31002 GPS  -2267830.837  5009340.944  3221047.988
2022  62  31003 GPS  -2267829.880  5009339.967  3221047.847
2022  62  31004 GPS  -2267829.356  5009339.174  3221047.251
2022  62  31005 GPS  -2267828.976  5009338.908  3221047.520
2022  62  31006 GPS  -2267828.963  5009338.027  3221047.204
2022  62  31007 GPS  -2267828.798  5009337.958  3221046.990
2022  62  31008 GPS  -2267828.732  5009337.622  3221046.794
2022  62  31009 GPS  -2267828.807  5009336.970  3221046.657
2022  62  31010 GPS  -2267828.669  5009336.483  3221046.308
2022  62  31011 GPS  -2267828.717  5009335.509  3221046.364
2022  62  31012 GPS  -2267828.863  5009335.729  3221046.633
2022  62  31013 GPS  -2267828.965  5009335.353  3221046.801
2022  62  31014 GPS  -2267829.134  5009335.056  3221047.247
2022  62  31015 GPS  -2267829.285  5009335.265  3221047.968
2022  62  31016 GPS  -2267829.557  5009335.453  3221048.430
2022  62  31017 GPS  -2267829.501  5009335.436  3221048.786
2022  62  31018 GPS  -2267829.284  5009335.030  3221048.977
2022  62  31019 GPS  -2267829.285  5009335.517  3221049.388
2022  62  31020 GPS  -2267828.896  5009335.060  3221049.390
2022  62  31021 GPS  -2267829.155  5009334.513  3221049.520
2022  62  31022 GPS  -2267829.096  5009334.592  3221050.317
2022  62  31023 GPS  -2267828.245  5009334.222  3221050.794
2022  62  31024 GPS  -2267827.712  5009333.643  3221050.752
2022  62  31025 GPS  -2267827.684  5009333.360  3221051.073
2022  62  31026 GPS  -2267827.147  5009333.371  3221052.037
2022  62  31027 GPS  -2267826.802  5009332.646  3221051.988
2022  62  31028 GPS  -2267826.245  5009331.884  3221051.975
2022  62  31029 GPS  -2267826.026  5009331.502  3221052.299
2022  62  31030 GPS  -2267825.527  5009331.239  3221052.361
2022  62  31031 GPS  -2267825.194  5009330.739  3221052.159
2022  62  31032 GPS  -2267825.409  5009330.498  3221051.991
2022  62  31033 GPS  -2267825.151  5009330.606  3221052.259
2022  62  31034 GPS  -2267825.066  5009330.822  3221052.463
2022  62  31035 GPS  -2267824.317  5009330.705  3221052.627
2022  62  31036 GPS  -2267823.852  5009329.821  3221052.643
2022  62  31037 GPS  -2267823.405  5009329.082  3221052.374
2022  62  31038 GPS  -2267823.101  5009329.215  3221052.683
2022  62  31039 GPS  -2267822.903  5009328.975  3221052.597
2022  62  31040 GPS  -2267822.510  5009328.449  3221052.570
2022  62  31041 GPS  -2267822.358  5009328.298  3221052.632
2022  62  31042 GPS  -2267822.053  5009327.846  3221052.698
2022  62  31043 GPS  -2267821.931  5009328.492  3221053.196
2022  62  31044 GPS  -2267822.131  5009329.172  3221053.636
2022  62  31045 GPS  -2267822.187  5009329.594  3221054.096
2022  62  31046 GPS  -2267822.664  5009329.803  3221054.546
2022  62  31047 GPS  -2267823.111  5009329.922  3221054.677
2022  62  31048 GPS  -2267823.796  5009330.197  3221054.737
2022  62  31049 GPS  -2267823.556  5009330.421  3221054.738
2022  62  31050 GPS  -2267823.581  5009330.598  3221054.986
2022  62  31051 GPS  -2267823.651  5009330.617  3221055.098
2022  62  31052 GPS  -2267823.946  5009331.514  3221055.451
2022  62  31053 GPS  -2267824.443  5009332.164  3221055.741
2022  62  31054 GPS  -2267824.912  5009333.640  3221056.530
2022  62  31055 GPS  -2267824.618  5009333.497  3221056.417
2022  62  31056 GPS  -2267824.342  5009334.453  3221057.265
2022  62  31057 GPS  -2267824.085  5009335.396  3221057.260
2022  62  31058 GPS  -2267823.771  5009336.020  3221057.458
2022  62  31059 GPS  -2267824.046  5009336.854  3221058.153
2022  62  31060 GPS  -2267824.297  5009337.107  3221058.321
2022  62  31061 GPS  -2267824.274  5009337.119  3221058.128
2022  62  31062 GPS  -2267824.397  5009337.497  3221058.177
2022  62  31063 GPS  -2267824.245  5009338.043  3221057.847
2022  62  31064 GPS  -2267824.306  5009339.045  3221058.038
2022  62  31065 GPS  -2267824.276  5009339.626  3221058.385
2022  62  31066 GPS  -2267824.470  5009340.548  3221058.941
2022  62  31067 GPS  -2267824.408  5009341.918  3221059.328
2022  62  31068 GPS  -2267824.336  5009343.823  3221059.664
2022  62  31069 GPS  -2267824.187  5009344.759  3221059.842
2022  62  31070 GPS  -2267824.206  5009346.167  3221060.235
2022  62  31071 GPS  -2267824.541  5009347.561  3221060.807
2022  62  31072 GPS  -2267824.481  5009348.583  3221061.015
2022  62  31073 GPS  -2267823.982  5009349.229  3221060.989
2022  62  31074 GPS  -2267823.627  5009349.697  3221061.000
2022  62  31075 GPS  -2267823.159  5009350.778  3221061.118
2022  62  31076 GPS  -2267823.242  5009352.136  3221061.560
2022  62  31077 GPS  -2267823.132  5009352.959  3221061.447
2022  62  31078 GPS  -2267823.284  5009353.930  3221061.358
2022  62  31079 GPS  -2267823.521  5009354.933  3221061.612
2022  62  31080 GPS  -2267823.255  5009355.089  3221061.638
2022  62  31081 GPS  -2267823.752  5009355.668  3221061.774
2022  62  31082 GPS  -2267824.116  5009355.510  3221061.913
2022  62  31083 GPS  -2267824.027  5009355.674  3221062.100
2022  62  31084 GPS  -2267824.833  5009355.644  3221062.540
2022  62  31085 GPS  -2267824.861  5009356.469  3221063.098
2022  62  31086 GPS  -2267824.909  5009356.266  3221063.376
2022  62  31087 GPS  -2267825.392  5009356.376  3221063.253
2022  62  31088 GPS  -2267825.775  5009356.962  3221063.605
2022  62  31089 GPS  -2267826.027  5009356.615  3221063.489
2022  62  31090 GPS  -2267826.554  5009356.392  3221063.535
2022  62  31091 GPS  -2267827.110  5009356.940  3221063.817
2022  62  31092 GPS  -2267827.709  5009356.553  3221063.591
2022  62  31093 GPS  -2267828.393  5009356.280  3221063.725
2022  62  31094 GPS  -2267828.748  5009356.417  3221063.710
2022  62  31095 GPS  -2267828.661  5009356.014  3221063.708
2022  62  31096 GPS  -2267828.786  5009356.237  3221063.997
2022  62  31097 GPS  -2267828.362  5009356.224  3221063.958
2022  62  31098 GPS  -2267828.367  5009356.196  3221063.868
2022  62  31099 GPS  -2267828.520  5009356.119  3221063.475
2022  62  31100 GPS  -2267828.690  5009355.812  3221062.956
2022  62  31101 GPS  -2267828.742  5009354.579  3221062.422
2022  62  31102 GPS  -2267828.765  5009354.435  3221062.198
2022  62  31103 GPS  -2267828.543  5009353.528  3221061.372
2022  62  31104 GPS  -2267828.703  5009353.326  3221061.092
2022  62  31105 GPS  -2267828.077  5009353.007  3221060.874
2022  62  31106 GPS  -2267827.957  5009353.109  3221060.426
2022  62  31107 GPS  -2267827.311  5009352.668  3221059.685
2022  62  31108 GPS  -2267826.727  5009352.221  3221059.132
2022  62  31109 GPS  -2267826.155  5009352.453  3221059.213
2022  62  31110 GPS  -2267825.600  5009352.812  3221059.093
2022  62  31111 GPS  -2267825.330  5009353.309  3221059.020
2022  62  31112 GPS  -2267825.073  5009354.235  3221059.501
2022  62  31113 GPS  -2267825.302  5009355.195  3221060.420
2022  62  31114 GPS  -2267824.869  5009355.215  3221060.410
2022  62  31115 GPS  -2267824.794  5009355.737  3221060.737
2022  62  31116 GPS  -2267824.783  5009356.455  3221061.023
2022  62  31117 GPS  -2267824.914  5009357.254  3221061.593
2022  62  31118 GPS  -2267825.070  5009357.466  3221061.514
2022  62  31119 GPS  -2267825.004  5009357.752  3221061.154
2022  62  31120 GPS  -2267824.732  5009356.871  3221060.250
2022  62  31121 GPS  -2267824.776  5009356.872  3221059.869
2022  62  31122 GPS  -2267825.233  5009356.966  3221059.675
2022  62  31123 GPS  -2267825.530  5009356.951  3221059.667
2022  62  31124 GPS  -2267826.094  5009356.851  3221059.471
2022  62  31125 GPS  -2267826.340  5009357.280  3221059.917
2022  62  31126 GPS  -2267826.714  5009356.967  3221060.037
2022  62  31127 GPS  -2267826.945  5009357.460  3221060.563
2022  62  31128 GPS  -2267827.259  5009358.332  3221061.522
2022  62  31129 GPS  -2267827.703  5009359.049  3221062.229
2022  62  31130 GPS  -2267827.851  5009359.819  3221062.966
2022  62  31131 GPS  -2267827.864  5009360.037  3221063.047
2022  62  31132 GPS  -2267828.472  5009360.636  3221063.488
2022  62  31133 GPS  -2267828.534  5009360.032  3221063.386
2022  62  31134 GPS  -2267829.343  5009360.205  3221063.872
2022  62  31135 GPS  -2267829.706  5009359.609  3221064.254
2022  62  31136 GPS  -2267829.790  5009359.548  3221064.614
2022  62  31137 GPS  -2267830.050  5009359.957  3221065.115
2022  62  31138 GPS  -2267830.072  5009359.496  3221065.274
2022  62  31139 GPS  -2267829.513  5009358.564  3221065.405
2022  62  31140 GPS  -2267829.182  5009357.377  3221065.319
2022  62  31141 GPS  -2267829.536  5009357.143  3221066.031
2022  62  31142 GPS  -2267829.713  5009356.611  3221066.334
2022  62  31143 GPS  -2267829.178  5009355.904  3221066.326
2022  62  31144 GPS  -2267828.679  5009355.510  3221066.289
2022  62  31145 GPS  -2267828.005  5009355.365  3221066.298
2022  62  31146 GPS  -2267827.295  5009354.713  3221066.040
2022  62  31147 GPS  -2267826.843  5009354.118  3221065.651
2022  62  31148 GPS  -2267826.651  5009353.641  3221065.446
2022  62  31149 GPS  -2267826.150  5009353.166  3221065.436
2022  62  31150 GPS  -2267825.397  5009351.852  3221064.815
2022  62  31151 GPS  -2267824.866  5009350.828  3221064.485
2022  62  31152 GPS  -2267824.026  5009349.492  3221063.803
2022  62  31153 GPS  -2267823.369  5009348.595  3221063.133
2022  62  31154 GPS  -2267822.740  5009347.534  3221062.607
2022  62  31155 GPS  -2267822.157  5009347.032  3221062.356
2022  62  31156 GPS  -2267821.840  5009347.198  3221062.374
2022  62  31157 GPS  -2267821.419  5009347.436  3221062.213
2022  62  31158 GPS  -2267820.980  5009347.140  3221061.982
2022  62  31159 GPS  -2267820.450  5009347.148  3221061.798
2022  62  31160 GPS  -2267820.051  5009345.902  3221060.897
2022  62  31161 GPS  -2267819.913  5009345.414  3221060.450
2022  62  31162 GPS  -2267819.825  5009345.437  3221059.985
2022  62  31163 GPS  -2267819.917  5009344.781  3221059.529
2022  62  31164 GPS  -2267819.866  5009344.070  3221058.958
2022  62  31165 GPS  -2267819.697  5009343.565  3221058.492
2022  62  31166 GPS  -2267819.585  5009343.378  3221058.946
2022  62  31167 GPS  -2267819.769  5009343.767  3221059.367
2022  62  31168 GPS  -2267819.558  5009343.581  3221059.247
2022  62  31169 GPS  -2267819.216  5009343.518  3221059.362
2022  62  31170 GPS  -2267819.193  5009343.291  3221059.302
2022  62  31171 GPS  -2267818.962  5009342.712  3221059.274
2022  62  31172 GPS  -2267818.751  5009341.831  3221059.109
2022  62  31173 GPS  -2267818.626  5009340.758  3221058.978
2022  62  31174 GPS  -2267818.942  5009339.405  3221058.382
2022  62  31175 GPS  -2267819.304  5009338.080  3221057.958
2022  62  31176 GPS  -2267819.749  5009338.013  3221058.380
2022  62  31177 GPS  -2267819.907  5009336.500  3221057.754
2022  62  31178 GPS  -2267820.556  5009335.456  3221057.542
2022  62  31179 GPS  -2267821.676  5009334.221  3221057.056
2022  62  31180 GPS  -2267822.636  5009333.882  3221057.081
2022  62  31181 GPS  -2267822.779  5009332.875  3221056.407
2022  62  31182 GPS  -2267822.754  5009332.143  3221056.197
2022  62  31183 GPS  -2267822.993  5009331.498  3221056.141
2022  62  31184 GPS  -2267823.119  5009330.925  3221055.907
2022  62  31185 GPS  -2267823.062  5009330.837  3221055.615
2022  62  31186 GPS  -2267823.221  5009331.108  3221055.667
2022  62  31187 GPS  -2267823.551  5009331.250  3221055.922
2022  62  31188 GPS  -2267823.907  5009331.197  3221056.395
2022  62  31189 GPS  -2267824.068  5009330.922  3221056.334
2022  62  31190 GPS  -2267824.168  5009331.086  3221056.242
2022  62  31191 GPS  -2267824.513  5009331.806  3221056.830
2022  62  31192 GPS  -2267824.882  5009332.204  3221056.617
2022  62  31193 GPS  -2267824.051  5009331.176  3221056.430
2022  62  31194 GPS  -2267823.882  5009330.566  3221056.697
2022  62  31195 GPS  -2267823.713  5009330.349  3221056.564
2022  62  31196 GPS  -2267823.098  5009330.012  3221056.353
2022  62  31197 GPS  -2267822.376  5009329.871  3221056.529
2022  62  31198 GPS  -2267821.920  5009329.095  3221056.345
2022  62  31199 GPS  -2267821.711  5009328.247  3221056.043
2022  62  31200 GPS  -2267821.457  5009328.147  3221055.991
2022  62  31201 GPS  -2267821.228  5009328.227  3221055.695
2022  62  31202 GPS  -2267821.051  5009328.376  3221055.430
2022  62  31203 GPS  -2267820.538  5009327.868  3221055.054
2022  62  31204 GPS  -2267820.685  5009327.432  3221054.813
2022  62  31205 GPS  -2267820.828  5009327.186  3221054.854
2022  62  31206 GPS  -2267820.529  5009326.804  3221054.418
2022  62  31207 GPS  -2267820.630  5009326.078  3221054.614
2022  62  31208 GPS  -2267820.263  5009325.990  3221054.307
2022  62  31209 GPS  -2267820.132  5009325.748  3221054.101
2022  62  31210 GPS  -2267820.192  5009326.625  3221054.577
2022  62  31211 GPS  -2267820.047  5009327.034  3221054.557
2022  62  31212 GPS  -2267819.354  5009326.664  3221054.113
2022  62  31213 GPS  -2267818.880  5009327.206  3221054.739
2022  62  31214 GPS  -2267818.864  5009328.217  3221055.321
2022  62  31215 GPS  -2267818.497  5009327.750  3221054.582
2022  62  31216 GPS  -2267817.757  5009327.676  3221054.302
2022  62  31217 GPS  -2267817.493  5009328.119  3221054.623
2022  62  31218 GPS  -2267817.194  5009328.448  3221054.584
2022  62  31219 GPS  -2267816.842  5009328.822  3221054.487
2022  62  31220 GPS  -2267816.723  5009328.399  3221054.432
2022  62  31221 GPS  -2267816.669  5009329.552  3221054.974
2022  62  31222 GPS  -2267816.613  5009329.584  3221055.492
2022  62  31223 GPS  -2267816.639  5009329.784  3221055.827
2022  62  31224 GPS  -2267816.103  5009329.244  3221055.360
2022  62  31225 GPS  -2267815.754  5009328.893  3221055.171
2022  62  31226 GPS  -2267815.696  5009328.895  3221055.190
2022  62  31227 GPS  -2267815.387  5009328.532  3221054.963
2022  62  31228 GPS  -2267815.054  5009327.865  3221054.667
2022  62  31229 GPS  -2267815.279  5009328.028  3221054.592
2022  62  31230 GPS  -2267815.240  5009327.542  3221054.126
2022  62  31231 GPS  -2267815.232  5009327.262  3221053.981
2022  62  31232 GPS  -2267815.126  5009326.454  3221053.364
2022  62  31233 GPS  -2267814.940  5009325.656  3221052.497
2022  62  31234 GPS  -2267814.864  5009324.711  3221052.029
2022  62  31235 GPS  -2267815.414  5009325.119  3221051.756
2022  62  31236 GPS  -2267815.503  5009325.298  3221051.651
2022  62  31237 GPS  -2267815.512  5009324.180  3221051.039
2022  62  31238 GPS  -2267815.695  5009323.690  3221050.980
2022  62  31239 GPS  -2267815.902  5009323.466  3221050.748
2022  62  31240 GPS  -2267816.591  5009323.792  3221051.222
2022  62  31241 GPS  -2267817.474  5009324.702  3221051.924
2022  62  31242 GPS  -2267817.668  5009324.094  3221051.879
2022  62  31243 GPS  -2267818.767  5009324.088  3221052.102
2022  62  31244 GPS  -2267819.678  5009324.747  3221052.806
2022  62  31245 GPS  -2267820.174  5009324.534  3221053.163
2022  62  31246 GPS  -2267820.903  5009324.582  3221053.391
2022  62  31247 GPS  -2267821.308  5009324.293  3221053.420
2022  62  31248 GPS  -2267821.960  5009323.896  3221053.726
2022  62  31249 GPS  -2267822.448  5009324.445  3221054.098
2022  62  31250 GPS  -2267823.040  5009324.658  3221054.534
2022  62  31251 GPS  -2267823.399  5009325.046  3221055.564
2022  62  31252 GPS  -2267823.811  5009325.372  3221056.096
2022  62  31253 GPS  -2267824.067  5009325.408  3221056.623
2022  62  31254 GPS  -2267824.080  5009325.583  3221057.270
2022  62  31255 GPS  -2267823.874  5009326.258  3221057.896
2022  62  31256 GPS  -2267824.056  5009327.145  3221058.775
2022  62  31257 GPS  -2267824.242  5009327.662  3221059.110
2022  62  31258 GPS  -2267824.066  5009328.550  3221059.721
2022  62  31259 GPS  -2267823.775  5009328.867  3221060.106
2022  62  31260 GPS  -2267823.495  5009329.470  3221060.702
2022  62  31261 GPS  -2267823.663  5009329.835  3221061.396
2022  62  31262 GPS  -2267823.580  5009330.607  3221061.960
2022  62  31263 GPS  -2267823.086  5009330.675  3221062.224
2022  62  31264 GPS  -2267822.943  5009331.279  3221062.368
2022  62  31265 GPS  -2267822.875  5009331.333  3221062.697
2022  62  31266 GPS  -2267822.779  5009331.827  3221062.783
2022  62  31267 GPS  -2267822.702  5009332.417  3221063.253
2022  62  31268 GPS  -2267822.799  5009333.190  3221063.924
2022  62  31269 GPS  -2267823.150  5009334.492  3221064.744
2022  62  31270 GPS  -2267822.946  5009335.236  3221065.530
2022  62  31271 GPS  -2267822.945  5009336.110  3221066.420
2022  62  31272 GPS  -2267822.828  5009336.663  3221067.047
2022  62  31273 GPS  -2267822.715  5009337.581  3221067.952
2022  62  31274 GPS  -2267822.420  5009337.843  3221068.196
2022  62  31275 GPS  -2267822.102  5009337.944  3221068.488
2022  62  31276 GPS  -2267822.273  5009337.184  3221068.693
2022  62  31277 GPS  -2267822.429  5009336.275  3221068.688
2022  62  31278 GPS  -2267822.492  5009336.098  3221069.200
2022  62  31279 GPS  -2267822.891  5009335.447  3221069.697
2022  62  31280 GPS  -2267823.196  5009334.619  3221069.430
2022  62  31281 GPS  -2267822.973  5009333.217  3221069.102
2022  62  31282 GPS  -2267823.172  5009332.188  3221068.769
2022  62  31283 GPS  -2267823.113  5009331.591  3221068.763
2022  62  31284 GPS  -2267822.988  5009330.712  3221068.610
2022  62  31285 GPS  -2267823.159  5009329.741  3221068.466
2022  62  31286 GPS  -2267823.443  5009329.412  3221068.345
2022  62  31287 GPS  -2267823.891  5009329.128  3221068.532
2022  62  31288 GPS  -2267823.911  5009328.832  3221068.521
2022  62  31289 GPS  -2267824.103  5009328.414  3221068.333
2022  62  31290 GPS  -2267823.824  5009327.404  3221068.174
2022  62  31291 GPS  -2267823.033  5009325.595  3221067.382
2022  62  31292 GPS  -2267822.724  5009324.757  3221067.015
2022  62  31293 GPS  -2267822.122  5009323.265  3221066.455
2022  62  31294 GPS  -2267821.615  5009321.923  3221065.818
2022  62  31295 GPS  -2267821.151  5009320.769  3221065.543
2022  62  31296 GPS  -2267820.185  5009319.682  3221065.254
2022  62  31297 GPS  -2267819.452  5009318.726  3221065.097
2022  62  31298 GPS  -2267819.549  5009318.074  3221065.236
2022  62  31299 GPS  -2267819.120  5009317.701  3221065.223
2022  62  31300 GPS  -2267818.828  5009316.886  3221065.079
2022  62  31301 GPS  -2267818.466  5009316.258  3221064.781
2022  62  31302 GPS  -2267818.521  5009316.026  3221064.679
2022  62  31303 GPS  -2267818.623  5009316.034  3221064.729
2022  62  31304 GPS  -2267818.926  5009316.108  3221064.649
2022  62  31305 GPS  -2267819.264  5009315.650  3221064.325
2022  62  31306 GPS  -2267819.676  5009315.442  3221064.285
2022  62  31307 GPS  -2267819.830  5009315.264  3221064.323
2022  62  31308 GPS  -2267819.961  5009316.014  3221064.258
2022  62  31309 GPS  -2267820.018  5009316.657  3221064.634
2022  62  31310 GPS  -2267820.801  5009317.664  3221064.891
2022  62  31311 GPS  -2267821.203  5009318.232  3221065.207
2022  62  31312 GPS  -2267821.696  5009318.450  3221065.002
2022  62  31313 GPS  -2267822.030  5009319.070  3221065.451
2022  62  31314 GPS  -2267822.035  5009319.004  3221065.386
2022  62  31315 GPS  -2267822.301  5009319.440  3221065.496
2022  62  31316 GPS  -2267822.287  5009319.063  3221065.248
2022  62  31317 GPS  -2267822.724  5009319.013  3221065.035
2022  62  31318 GPS  -2267823.391  5009318.433  3221064.721
2022  62  31319 GPS  -2267823.914  5009318.296  3221064.580
2022  62  31320 GPS  -2267824.044  5009318.350  3221064.512
2022  62  31321 GPS  -2267823.956  5009317.253  3221063.974
2022  62  31322 GPS  -2267823.964  5009316.897  3221063.938
2022  62  31323 GPS  -2267823.226  5009315.435  3221063.436
2022  62  31324 GPS  -2267822.680  5009314.623  3221063.434
2022  62  31325 GPS  -2267821.985  5009313.990  3221062.873
2022  62  31326 GPS  -2267821.696  5009313.425  3221062.341
2022  62  31327 GPS  -2267821.653  5009312.588  3221062.326
2022  62  31328 GPS  -2267821.187  5009312.019  3221061.877
2022  62  31329 GPS  -2267820.201  5009311.252  3221061.265
2022  62  31330 GPS  -2267819.938  5009310.750  3221060.935
2022  62  31331 GPS  -2267819.672  5009309.841  3221060.445
2022  62  31332 GPS  -2267819.627  5009309.347  3221060.200
2022  62  31333 GPS  -2267819.564  5009308.636  3221059.683
2022  62  31334 GPS  -2267819.752  5009308.035  3221059.174
2022  62  31335 GPS  -2267819.633  5009307.552  3221058.979
2022  62  31336 GPS  -2267819.767  5009307.427  3221058.894
2022  62  31337 GPS  -2267819.535  5009306.352  3221058.287
2022  62  31338 GPS  -2267819.582  5009305.944  3221058.123
2022  62  31339 GPS  -2267819.457  5009305.685  3221057.871
2022  62  31340 GPS  -2267819.163  5009305.302  3221057.636
2022  62  31341 GPS  -2267819.153  5009304.439  3221056.970
2022  62  31342 GPS  -2267819.156  5009303.996  3221056.753
2022  62  31343 GPS  -2267818.449  5009302.776  3221056.231
2022  62  31344 GPS  -2267818.307  5009302.519  3221056.039
2022  62  31345 GPS  -2267818.356  5009302.171  3221055.793
2022  62  31346 GPS  -2267817.692  5009301.153  3221055.221
2022  62  31347 GPS  -2267816.710  5009300.251  3221054.091
2022  62  31348 GPS  -2267816.176  5009298.943  3221053.349
2022  62  31349 GPS  -2267815.593  5009297.652  3221052.651
2022  62  31350 GPS  -2267815.051  5009296.808  3221052.272
2022  62  31351 GPS  -2267814.940  5009296.227  3221052.278
2022  62  31352 GPS  -2267814.407  5009295.456  3221051.917
2022  62  31353 GPS  -2267813.417  5009294.788  3221051.202
2022  62  31354 GPS  -2267812.620  5009293.856  3221050.569
2022  62  31355 GPS  -2267811.644  5009293.095  3221050.114
2022  62  31356 GPS  -2267811.515  5009292.712  3221049.364
2022  62  31357 GPS  -2267810.742  5009291.675  3221048.360
2022  62  31358 GPS  -2267810.425  5009291.110  3221047.996
2022  62  31359 GPS  -2267809.843  5009290.033  3221046.955
2022  62  31360 GPS  -2267809.459  5009288.721  3221046.262
2022  62  31361 GPS  -2267809.428  5009288.175  3221045.735
2022  62  31362 GPS  -2267809.575  5009287.239  3221045.092
2022  62  31363 GPS  -2267809.061  5009285.451  3221043.733
2022  62  31364 GPS  -2267808.293  5009284.089  3221043.017
2022  62  31365 GPS  -2267807.944  5009282.940  3221042.078
2022  62  31366 GPS  -2267807.871  5009281.824  3221041.544
2022  62  31367 GPS  -2267807.305  5009280.532  3221041.469
2022  62  31368 GPS  -2267807.674  5009279.895  3221041.703
2022  62  31369 GPS  -2267807.463  5009278.684  3221041.418
2022  62  31370 GPS  -2267807.337  5009277.019  3221040.675
2022  62  31371 GPS  -2267807.116  5009275.943  3221040.036
2022  62  31372 GPS  -2267806.774  5009274.800  3221039.348
2022  62  31373 GPS  -2267806.349  5009273.827  3221039.095
2022  62  31374 GPS  -2267805.758  5009272.472  3221038.405
2022  62  31375 GPS  -2267805.633  5009271.346  3221037.957
2022  62  31376 GPS  -2267805.780  5009270.689  3221037.372
2022  62  31377 GPS  -2267805.795  5009269.963  3221036.821
2022  62  31378 GPS  -2267805.922  5009268.871  3221036.327
2022  62  31379 GPS  -2267805.920  5009268.295  3221036.246
2022  62  31380 GPS  -2267805.947  5009267.626  3221035.714
2022  62  31381 GPS  -2267806.251  5009267.285  3221035.773
2022  62  31382 GPS  -2267806.483  5009267.444  3221036.019
2022  62  31383 GPS  -2267807.165  5009267.915  3221036.499
2022  62  31384 GPS  -2267807.204  5009267.929  3221036.217
2022  62  31385 GPS  -2267807.759  5009268.677  3221036.690
2022  62  31386 GPS  -2267808.258  5009269.065  3221036.742
2022  62  31387 GPS  -2267808.861  5009269.913  3221037.584
2022  62  31388 GPS  -2267809.122  5009270.386  3221037.990
2022  62  31389 GPS  -2267809.290  5009271.200  3221038.345
2022  62  31390 GPS  -2267809.705  5009271.601  3221038.533
2022  62  31391 GPS  -2267810.429  5009272.382  3221038.929
2022  62  31392 GPS  -2267811.294  5009273.463  3221039.192
2022  62  31393 GPS  -2267811.951  5009273.800  3221039.013
2022  62  31394 GPS  -2267812.242  5009274.179  3221038.857
2022  62  31395 GPS  -2267813.291  5009274.711  3221038.477
2022  62  31396 GPS  -2267814.171  5009275.412  3221038.433
2022  62  31397 GPS  -2267814.328  5009275.524  3221038.087
2022  62  31398 GPS  -2267814.785  5009276.051  3221037.279
2022  62  31399 GPS  -2267815.000  5009276.205  3221036.455
2022  62  31400 GPS  -2267815.575  5009277.099  3221036.132
2022  62  31401 GPS  -2267815.884  5009277.251  3221035.672
2022  62  31402 GPS  -2267816.179  5009277.876  3221035.266
2022  62  31403 GPS  -2267816.428  5009278.273  3221034.860
2022  62  31404 GPS  -2267817.052  5009279.695  3221034.986
2022  62  31405 GPS  -2267816.937  5009280.280  3221034.502
2022  62  31406 GPS  -2267817.254  5009280.549  3221034.286
2022  62  31407 GPS  -2267817.572  5009281.240  3221033.985
2022  62  31408 GPS  -2267818.161  5009281.484  3221033.956
2022  62  31409 GPS  -2267818.482  5009281.592  3221033.730
2022  62  31410 GPS  -2267819.026  5009281.581  3221033.528
2022  62  31411 GPS  -2267819.789  5009282.052  3221033.597
2022  62  31412 GPS  -2267820.428  5009282.391  3221033.804
2022  62  31413 GPS  -2267820.629  5009282.148  3221033.838
2022  62  31414 GPS  -2267821.102  5009282.557  3221034.268
2022  62  31415 GPS  -2267821.684  5009282.875  3221034.759
2022  62  31416 GPS  -2267821.885  5009282.638  3221034.330
2022  62  31417 GPS  -2267822.187  5009283.187  3221034.452
2022  62  31418 GPS  -2267822.905  5009283.556  3221034.584
2022  62  31419 GPS  -2267823.246  5009283.374  3221034.046
2022  62  31420 GPS  -2267823.857  5009282.848  3221033.526
2022  62  31421 GPS  -2267824.287  5009282.866  3221033.575
2022  62  31422 GPS  -2267824.492  5009283.579  3221034.091
2022  62  31423 GPS  -2267825.452  5009283.726  3221034.229
2022  62  31424 GPS  -2267826.506  5009284.494  3221034.729
2022  62  31425 GPS  -2267827.057  5009284.404  3221035.061
2022  62  31426 GPS  -2267827.507  5009284.382  3221035.153
2022  62  31427 GPS  -2267827.994  5009284.642  3221035.623
2022  62  31428 GPS  -2267828.360  5009284.930  3221035.756
2022  62  31429 GPS  -2267828.704  5009284.653  3221036.023
2022  62  31430 GPS  -2267829.195  5009284.634  3221036.004
2022  62  31431 GPS  -2267829.143  5009284.615  3221036.142
2022  62  31432 GPS  -2267829.896  5009285.710  3221036.876
2022  62  31433 GPS  -2267829.945  5009285.699  3221036.901
2022  62  31434 GPS  -2267829.454  5009285.688  3221036.716
2022  62  31435 GPS  -2267829.496  5009285.316  3221036.601
2022  62  31436 GPS  -2267829.472  5009285.739  3221036.552
2022  62  31437 GPS  -2267829.261  5009285.188  3221035.837
2022  62  31438 GPS  -2267829.734  5009285.253  3221035.785
2022  62  31439 GPS  -2267829.883  5009284.855  3221035.559
2022  62  31440 GPS  -2267830.168  5009284.248  3221035.096
2022  62  31441 GPS  -2267830.240  5009283.550  3221034.412
2022  62  31442 GPS  -2267830.020  5009282.054  3221033.714
2022  62  31443 GPS  -2267829.997  5009281.270  3221033.338
2022  62  31444 GPS  -2267829.887  5009280.995  3221033.038
2022  62  31445 GPS  -2267829.973  5009280.663  3221032.718
2022  62  31446 GPS  -2267829.505  5009280.139  3221032.320
2022  62  31447 GPS  -2267829.488  5009279.924  3221032.059
2022  62  31448 GPS  -2267828.979  5009279.493  3221031.917
2022  62  31449 GPS  -2267828.909  5009279.675  3221031.749
2022  62  31450 GPS  -2267828.640  5009279.221  3221031.212
2022  62  31451 GPS  -2267828.707  5009279.280  3221031.112
2022  62  31452 GPS  -2267829.011  5009279.514  3221031.032
2022  62  31453 GPS  -2267828.878  5009279.632  3221030.541
2022  62  31454 GPS  -2267828.681  5009280.008  3221030.526
2022  62  31455 GPS  -2267828.068  5009280.258  3221030.236
2022  62  31456 GPS  -2267828.174  5009280.829  3221030.235
2022  62  31457 GPS  -2267828.047  5009281.026  3221030.059
2022  62  31458 GPS  -2267827.758  5009281.282  3221030.206
2022  62  31459 GPS  -2267827.731  5009281.850  3221030.516
2022  62  31460 GPS  -2267827.741  5009282.601  3221030.406
2022  62  31461 GPS  -2267827.553  5009283.493  3221030.817
2022  62  31462 GPS  -2267827.448  5009283.503  3221030.802
2022  62  31463 GPS  -2267827.473  5009284.183  3221030.646
2022  62  31464 GPS  -2267827.418  5009284.344  3221030.636
2022  62  31465 GPS  -2267827.327  5009283.913  3221030.371
2022  62  31466 GPS  -2267827.041  5009284.149  3221030.305
2022  62  31467 GPS  -2267827.130  5009284.442  3221030.554
2022  62  31468 GPS  -2267827.285  5009284.738  3221030.732
2022  62  31469 GPS  -2267827.415  5009284.292  3221030.661
2022  62  31470 GPS  -2267827.791  5009284.368  3221030.932
2022  62  31471 GPS  -2267828.086  5009284.627  3221031.455
2022  62  31472 GPS  -2267828.103  5009284.254  3221031.307
2022  62  31473 GPS  -2267828.910  5009284.557  3221031.549
2022  62  31474 GPS  -2267829.307  5009285.186  3221031.936
2022  62  31475 GPS  -2267829.681  5009285.599  3221032.450
2022  62  31476 GPS  -2267830.073  5009286.484  3221032.924
2022  62  31477 GPS  -2267830.801  5009287.887  3221033.470
2022  62  31478 GPS  -2267831.775  5009289.639  3221034.218
2022  62  31479 GPS  -2267832.438  5009290.858  3221034.813
2022  62  31480 GPS  -2267832.721  5009291.336  3221035.283
2022  62  31481 GPS  -2267833.237  5009292.441  3221036.135
2022  62  31482 GPS  -2267833.935  5009293.518  3221037.283
2022  62  31483 GPS  -2267834.819  5009294.501  3221038.319
2022  62  31484 GPS  -2267835.321  5009295.314  3221038.612
2022  62  31485 GPS  -2267835.861  5009296.494  3221039.494
2022  62  31486 GPS  -2267836.556  5009297.686  3221040.224
2022  62  31487 GPS  -2267837.191  5009298.265  3221040.872
2022  62  31488 GPS  -2267837.479  5009299.267  3221041.525
2022  62  31489 GPS  -2267837.289  5009299.828  3221042.185
2022  62  31490 GPS  -2267837.177  5009300.098  3221042.376
2022  62  31491 GPS  -2267837.293  5009300.413  3221042.633
2022  62  31492 GPS  -2267837.209  5009300.789  3221043.154
2022  62  31493 GPS  -2267836.869  5009300.671  3221043.274
2022  62  31494 GPS  -2267836.748  5009301.283  3221043.623
2022  62  31495 GPS  -2267836.297  5009301.263  3221043.456
2022  62  31496 GPS  -2267835.797  5009300.908  3221043.174
2022  62  31497 GPS  -2267835.637  5009301.578  3221043.575
2022  62  31498 GPS  -2267835.263  5009302.120  3221043.559
2022  62  31499 GPS  -2267834.680  5009302.702  3221043.848
2022  62  31500 GPS  -2267833.637  5009302.662  3221043.870
2022  62  31501 GPS  -2267832.834  5009302.511  3221043.804
2022  62  31502 GPS  -2267832.233  5009301.952  3221043.578
2022  62  31503 GPS  -2267831.155  5009300.951  3221043.182
2022  62  31504 GPS  -2267829.972  5009300.059  3221043.027
2022  62  31505 GPS  -2267829.382  5009299.759  3221042.753
2022  62  31506 GPS  -2267829.119  5009299.658  3221042.448
2022  62  31507 GPS  -2267828.365  5009298.767  3221041.452
2022  62  31508 GPS  -2267827.860  5009298.403  3221040.415
2022  62  31509 GPS  -2267827.597  5009298.265  3221040.570
2022  62  31510 GPS  -2267827.155  5009297.832  3221039.696
2022  62  31511 GPS  -2267826.964  5009297.657  3221039.179
2022  62  31512 GPS  -2267826.770  5009297.599  3221038.534
2022  62  31513 GPS  -2267826.238  5009297.230  3221038.512
2022  62  31514 GPS  -2267826.204  5009297.190  3221038.113
2022  62  31515 GPS  -2267826.258  5009297.416  3221037.785
2022  62  31516 GPS  -2267826.051  5009298.117  3221037.880
2022  62  31517 GPS  -2267825.630  5009297.587  3221037.667
2022  62  31518 GPS  -2267825.461  5009297.933  3221037.525
2022  62  31519 GPS  -2267825.476  5009298.372  3221037.499
2022  62  31520 GPS  -2267825.519  5009298.840  3221037.868
2022  62  31521 GPS  -2267825.435  5009299.481  3221038.219
2022  62  31522 GPS  -2267824.856  5009299.677  3221037.986
2022  62  31523 GPS  -2267824.172  5009300.051  3221037.560
2022  62  31524 GPS  -2267823.871  5009300.487  3221037.379
2022  62  31525 GPS  -2267823.801  5009301.691  3221037.515
2022  62  31526 GPS  -2267823.660  5009301.461  3221037.344
2022  62  31527 GPS  -2267823.426  5009301.768  3221036.934
2022  62  31528 GPS  -2267823.389  5009302.065  3221036.963
2022  62  31529 GPS  -2267823.217  5009302.005  3221036.477
2022  62  31530 GPS  -2267823.011  5009302.304  3221036.217
2022  62  31531 GPS  -2267822.823  5009301.882  3221035.634
2022  62  31532 GPS  -2267822.720  5009301.408  3221035.091
2022  62  31533 GPS  -2267822.725  5009301.419  3221034.927
2022  62  31534 GPS  -2267822.967  5009302.220  3221035.743
2022  62  31535 GPS  -2267823.594  5009302.773  3221035.944
2022  62  31536 GPS  -2267824.193  5009303.225  3221036.430
2022  62  31537 GPS  -2267824.918  5009304.338  3221037.052
2022  62  31538 GPS  -2267825.649  5009305.821  3221038.147
2022  62  31539 GPS  -2267826.029  5009306.415  3221038.321
2022  62  31540 GPS  -2267826.666  5009307.904  3221038.902
2022  62  31541 GPS  -2267827.259  5009309.007  3221039.127
2022  62  31542 GPS  -2267828.636  5009310.577  3221040.203
2022  62  31543 GPS  -2267829.433  5009311.849  3221041.133
2022  62  31544 GPS  -2267830.614  5009313.496  3221042.013
2022  62  31545 GPS  -2267831.235  5009314.617  3221042.794
2022  62  31546 GPS  -2267832.181  5009315.909  3221043.759
2022  62  31547 GPS  -2267833.050  5009317.590  3221045.046
2022  62  31548 GPS  -2267833.797  5009318.680  3221045.944
2022  62  31549 GPS  -2267834.545  5009320.336  3221046.787
2022  62  31550 GPS  -2267834.860  5009321.451  3221047.552
2022  62  31551 GPS  -2267835.291  5009322.622  3221048.176
2022  62  31552 GPS  -2267835.574  5009323.356  3221048.434
2022  62  31553 GPS  -2267836.514  5009324.747  3221049.810
2022  62  31554 GPS  -2267835.945  5009324.675  3221049.746
2022  62  31555 GPS  -2267836.294  5009325.390  3221050.319
2022  62  31556 GPS  -2267835.965  5009325.259  3221050.653
2022  62  31557 GPS  -2267835.601  5009325.251  3221050.726
2022  62  31558 GPS  -2267834.934  5009324.915  3221050.789
2022  62  31559 GPS  -2267833.769  5009324.171  3221050.733
2022  62  31560 GPS  -2267833.601  5009323.954  3221050.896
2022  62  31561 GPS  -2267832.742  5009324.089  3221051.106
2022  62  31562 GPS  -2267831.906  5009324.520  3221051.231
2022  62  31563 GPS  -2267830.843  5009324.172  3221051.024
2022  62  31564 GPS  -2267829.899  5009323.690  3221050.757
2022  62  31565 GPS  -2267829.823  5009323.895  3221051.118
2022  62  31566 GPS  -2267828.797  5009323.198  3221050.843
2022  62  31567 GPS  -2267828.262  5009322.969  3221050.844
2022  62  31568 GPS  -2267827.795  5009323.252  3221051.033
2022  62  31569 GPS  -2267826.943  5009323.698  3221051.129
2022  62  31570 GPS  -2267826.401  5009323.869  3221051.126
2022  62  31571 GPS  -2267826.309  5009324.453  3221051.238
2022  62  31572 GPS  -2267826.037  5009325.838  3221051.872
2022  62  31573 GPS  -2267825.769  5009325.593  3221051.672
2022  62  31574 GPS  -2267825.494  5009325.644  3221052.019
2022  62  31575 GPS  -2267825.515  5009326.613  3221052.598
2022  62  31576 GPS  -2267825.727  5009327.526  3221053.055
2022  62  31577 GPS  -2267825.147  5009328.256  3221053.141
2022  62  31578 GPS  -2267824.980  5009329.243  3221053.829
2022  62  31579 GPS  -2267825.302  5009330.014  3221054.467
2022  62  31580 GPS  -2267825.076  5009330.474  3221054.611
2022  62  31581 GPS  -2267824.904  5009330.573  3221054.376
2022  62  31582 GPS  -2267824.500  5009330.528  3221054.229
2022  62  31583 GPS  -2267824.495  5009329.430  3221053.590
2022  62  31584 GPS  -2267824.372  5009329.308  3221053.413
2022  62  31585 GPS  -2267824.739  5009328.972  3221053.381
2022  62  31586 GPS  -2267824.627  5009327.614  3221052.976
2022  62  31587 GPS  -2267824.636  5009326.730  3221052.566
2022  62  31588 GPS  -2267824.636  5009325.907  3221052.353
2022  62  31589 GPS  -2267825.011  5009325.255  3221052.332
2022  62  31590 GPS  -2267825.356  5009325.361  3221052.533
2022  62  31591 GPS  -2267825.197  5009324.906  3221052.399
2022  62  31592 GPS  -2267825.216  5009324.964  3221052.526
2022  62  31593 GPS  -2267825.054  5009325.556  3221052.928
2022  62  31594 GPS  -2267825.441  5009326.024  3221053.246
2022  62  31595 GPS  -2267825.163  5009325.984  3221053.287
2022  62  31596 GPS  -2267825.250  5009326.411  3221053.556
2022  62  31597 GPS  -2267825.452  5009327.131  3221053.837
2022  62  31598 GPS  -2267824.718  5009326.663  3221053.126
2022  62  31599 GPS  -2267824.644  5009326.904  3221052.906
2022  62  31600 GPS  -2267824.573  5009327.585  3221052.926
2022  62  31601 GPS  -2267824.658  5009328.712  3221053.096
2022  62  31602 GPS  -2267824.288  5009328.695  3221053.063
2022  62  31603 GPS  -2267824.119  5009328.523  3221052.893
2022  62  31604 GPS  -2267823.225  5009328.565  3221052.740
2022  62  31605 GPS  -2267822.764  5009328.819  3221053.145
2022  62  31606 GPS  -2267822.471  5009329.903  3221053.803
2022  62  31607 GPS  -2267821.840  5009330.660  3221054.049
2022  62  31608 GPS  -2267820.752  5009330.182  3221053.693
2022  62  31609 GPS  -2267820.019  5009331.245  3221054.213
2022  62  31610 GPS  -2267819.378  5009330.978  3221054.136
2022  62  31611 GPS  -2267818.622  5009331.194  3221054.126
2022  62  31612 GPS  -2267818.075  5009331.594  3221054.405
2022  62  31613 GPS  -2267817.777  5009332.767  3221055.071
2022  62  31614 GPS  -2267817.211  5009333.076  3221055.288
2022  62  31615 GPS  -2267816.406  5009332.621  3221054.923
2022  62  31616 GPS  -2267816.104  5009332.915  3221055.474
2022  62  31617 GPS  -2267815.322  5009332.768  3221055.583
2022  62  31618 GPS  -2267814.708  5009333.102  3221056.123
2022  62  31619 GPS  -2267814.308  5009333.331  3221056.180
2022  62  31620 GPS  -2267814.161  5009333.734  3221056.695
2022  62  31621 GPS  -2267813.535  5009333.437  3221056.491
2022  62  31622 GPS  -2267812.979  5009333.218  3221056.158
2022  62  31623 GPS  -2267812.342  5009333.155  3221056.402
2022  62  31624 GPS  -2267812.248  5009333.413  3221056.748
2022  62  31625 GPS  -2267811.638  5009333.391  3221056.993
2022  62  31626 GPS  -2267811.407  5009334.071  3221058.126
2022  62  31627 GPS  -2267811.644  5009335.346  3221059.297
2022  62  31628 GPS  -2267811.671  5009335.574  3221059.850
2022  62  31629 GPS  -2267811.996  5009335.762  3221060.106
2022  62  31630 GPS  -2267812.315  5009336.200  3221060.045
2022  62  31631 GPS  -2267812.388  5009336.958  3221060.268
2022  62  31632 GPS  -2267812.562  5009336.534  3221060.064
2022  62  31633 GPS  -2267813.102  5009336.876  3221060.093
2022  62  31634 GPS  -2267813.741  5009336.933  3221060.298
2022  62  31635 GPS  -2267813.864  5009336.744  3221060.222
2022  62  31636 GPS  -2267813.856  5009336.210  3221059.651
2022  62  31637 GPS  -2267814.052  5009336.187  3221059.723
2022  62  31638 GPS  -2267814.171  5009335.103  3221059.348
2022  62  31639 GPS  -2267814.055  5009334.795  3221059.426
2022  62  31640 GPS  -2267813.658  5009334.113  3221059.076
2022  62  31641 GPS  -2267813.755  5009333.659  3221058.886
2022  62  31642 GPS  -2267813.848  5009333.246  3221058.462
2022  62  31643 GPS  -2267814.359  5009332.325  3221058.001
2022  62  31644 GPS  -2267814.542  5009331.404  3221057.344
2022  62  31645 GPS  -2267815.196  5009331.234  3221057.418
2022  62  31646 GPS  -2267815.771  5009330.772  3221056.722
2022  62  31647 GPS  -2267816.504  5009331.142  3221056.979
2022  62  31648 GPS  -2267816.573  5009330.217  3221056.188
2022  62  31649 GPS  -2267816.933  5009329.865  3221055.668
2022  62  31650 GPS  -2267817.496  5009329.457  3221055.592
2022  62  31651 GPS  -2267817.533  5009329.054  3221055.346
2022  62  31652 GPS  -2267817.817  5009329.168  3221055.157
2022  62  31653 GPS  -2267818.229  5009329.763  3221055.396
2022  62  31654 GPS  -2267818.607  5009329.136  3221055.168
2022  62  31655 GPS  -2267818.972  5009329.212  3221054.864
2022  62  31656 GPS  -2267818.880  5009329.116  3221054.934
2022  62  31657 GPS  -2267819.160  5009329.581  3221054.767
2022  62  31658 GPS  -2267818.715  5009329.050  3221054.385
2022  62  31659 GPS  -2267818.468  5009329.146  3221054.063
2022  62  31660 GPS  -2267817.855  5009329.193  3221053.685
2022  62  31661 GPS  -2267817.598  5009329.169  3221053.361
2022  62  31662 GPS  -2267817.906  5009329.974  3221053.885
2022  62  31663 GPS  -2267818.817  5009331.530  3221054.435
2022  62  31664 GPS  -2267819.201  5009332.212  3221054.361
2022  62  31665 GPS  -2267819.284  5009332.703  3221054.128
2022  62  31666 GPS  -2267819.363  5009334.015  3221054.866
2022  62  31667 GPS  -2267820.066  5009335.613  3221055.231
2022  62  31668 GPS  -2267820.147  5009336.022  3221055.336
2022  62  31669 GPS  -2267820.072  5009335.693  3221054.593
2022  62  31670 GPS  -2267820.165  5009335.768  3221053.982
2022  62  31671 GPS  -2267820.266  5009336.383  3221054.174
2022  62  31672 GPS  -2267820.131  5009336.574  3221054.200
2022  62  31673 GPS  -2267819.828  5009336.358  3221053.964
2022  62  31674 GPS  -2267820.185  5009336.433  3221053.977
2022  62  31675 GPS  -2267820.803  5009336.285  3221054.012
2022  62  31676 GPS  -2267820.711  5009336.044  3221053.576
2022  62  31677 GPS  -2267821.153  5009335.265  3221052.770
2022  62  31678 GPS  -2267821.576  5009335.270  3221052.414
2022  62  31679 GPS  -2267821.593  5009334.639  3221051.864
2022  62  31680 GPS  -2267822.181  5009334.389  3221051.624
2022  62  31681 GPS  -2267822.348  5009334.144  3221051.490
2022  62  31682 GPS  -2267822.130  5009333.852  3221051.251
2022  62  31683 GPS  -2267822.461  5009333.437  3221050.845
2022  62  31684 GPS  -2267822.695  5009333.280  3221051.115
2022  62  31685 GPS  -2267823.237  5009334.187  3221051.318
2022  62  31686 GPS  -2267823.587  5009334.750  3221051.475
2022  62  31687 GPS  -2267823.904  5009335.818  3221051.669
2022  62  31688 GPS  -2267824.166  5009335.931  3221051.747
2022  62  31689 GPS  -2267824.607  5009336.837  3221052.288
2022  62  31690 GPS  -2267825.367  5009337.444  3221052.854
2022  62  31691 GPS  -2267825.931  5009339.451  3221053.888
2022  62  31692 GPS  -2267826.591  5009341.184  3221054.691
2022  62  31693 GPS  -2267827.276  5009342.622  3221055.659
2022  62  31694 GPS  -2267827.775  5009343.475  3221056.097
2022  62  31695 GPS  -2267828.090  5009344.001  3221056.510
2022  62  31696 GPS  -2267828.601  5009344.402  3221056.524
2022  62  31697 GPS  -2267829.101  5009344.949  3221056.938
2022  62  31698 GPS  -2267828.915  5009345.418  3221057.074
2022  62  31699 GPS  -2267829.001  5009345.801  3221057.236
2022  62  31700 GPS  -2267829.783  5009346.554  3221057.785
2022  62  31701 GPS  -2267829.664  5009346.466  3221057.499
2022  62  31702 GPS  -2267829.291  5009346.024  3221057.310
2022  62  31703 GPS  -2267830.006  5009346.158  3221057.659
2022  62  31704 GPS  -2267830.546  5009346.715  3221057.946
2022  62  31705 GPS  -2267830.717  5009346.617  3221058.086
2022  62  31706 GPS  -2267830.725  5009346.163  3221057.468
2022  62  31707 GPS  -2267830.400  5009345.885  3221057.061
2022  62  31708 GPS  -2267830.330  5009345.581  3221057.080
2022  62  31709 GPS  -2267829.967  5009345.373  3221056.802
2022  62  31710 GPS  -2267829.923  5009344.590  3221056.556
2022  62  31711 GPS  -2267829.866  5009344.226  3221056.517
2022  62  31712 GPS  -2267829.965  5009343.644  3221056.179
2022  62  31713 GPS  -2267829.701  5009342.882  3221056.117
2022  62  31714 GPS  -2267830.114  5009342.631  3221056.301
2022  62  31715 GPS  -2267830.396  5009342.072  3221055.957
2022  62  31716 GPS  -2267830.449  5009341.395  3221055.879
2022  62  31717 GPS  -2267830.689  5009341.282  3221055.629
2022  62  31718 GPS  -2267831.214  5009340.740  3221055.075
2022  62  31719 GPS  -2267831.032  5009340.632  3221054.858
2022  62  31720 GPS  -2267830.871  5009339.855  3221054.695
2022  62  31721 GPS  -2267830.904  5009338.910  3221054.488
2022  62  31722 GPS  -2267830.801  5009338.485  3221054.248
2022  62  31723 GPS  -2267830.474  5009338.113  3221053.741
2022  62  31724 GPS  -2267830.288  5009337.571  3221053.822
2022  62  31725 GPS  -2267829.702  5009335.761  3221053.454
2022  62  31726 GPS  -2267829.676  5009335.238  3221053.294
2022  62  31727 GPS  -2267828.976  5009333.626  3221052.770
2022  62  31728 GPS  -2267829.018  5009332.177  3221052.017
2022  62  31729 GPS  -2267828.630  5009330.932  3221051.708
2022  62  31730 GPS  -2267828.192  5009329.774  3221051.230
2022  62  31731 GPS  -2267828.176  5009328.342  3221050.291
2022  62  31732 GPS  -2267827.940  5009326.611  3221049.372
2022  62  31733 GPS  -2267827.978  5009325.153  3221048.665
2022  62  31734 GPS  -2267828.369  5009323.715  3221047.945
2022  62  31735 GPS  -2267828.219  5009321.928  3221046.893
2022  62  31736 GPS  -2267828.114  5009320.029  3221046.008
2022  62  31737 GPS  -2267828.450  5009318.222  3221045.133
2022  62  31738 GPS  -2267828.605  5009316.522  3221044.185
2022  62  31739 GPS  -2267828.434  5009315.987  3221044.132
2022  62  31740 GPS  -2267828.302  5009314.618  3221043.310
2022  62  31741 GPS  -2267828.249  5009313.517  3221042.808
2022  62  31742 GPS  -2267828.089  5009312.912  3221042.385
2022  62  31743 GPS  -2267828.240  5009311.850  3221041.752
2022  62  31744 GPS  -2267828.880  5009311.417  3221041.378
2022  62  31745 GPS  -2267829.347  5009311.329  3221041.270
2022  62  31746 GPS  -2267829.659  5009310.730  3221041.067
2022  62  31747 GPS  -2267829.828  5009310.178  3221040.852
2022  62  31748 GPS  -2267830.262  5009310.136  3221040.544
2022  62  31749 GPS  -2267830.489  5009309.203  3221039.955
2022  62  31750 GPS  -2267830.836  5009308.073  3221039.349
2022  62  31751 GPS  -2267831.344  5009307.193  3221038.829
2022  62  31752 GPS  -2267831.602  5009306.037  3221037.882
2022  62  31753 GPS  -2267832.199  5009305.342  3221037.355
2022  62  31754 GPS  -2267832.684  5009304.605  3221036.370
2022  62  31755 GPS  -2267833.052  5009304.832  3221036.263
2022  62  31756 GPS  -2267833.224  5009304.123  3221035.365
2022  62  31757 GPS  -2267833.468  5009302.965  3221034.722
2022  62  31758 GPS  -2267834.239  5009301.887  3221033.704
2022  62  31759 GPS  -2267834.253  5009301.070  3221032.797
2022  62  31760 GPS  -2267834.426  5009300.468  3221032.540
2022  62  31761 GPS  -2267834.987  5009299.599  3221031.891
2022  62  31762 GPS  -2267835.125  5009298.690  3221031.292
2022  62  31763 GPS  -2267835.098  5009297.744  3221030.813
2022  62  31764 GPS  -2267835.142  5009297.311  3221030.614
2022  62  31765 GPS  -2267835.159  5009296.579  3221030.448
2022  62  31766 GPS  -2267835.045  5009295.900  3221029.923
2022  62  31767 GPS  -2267835.320  5009295.577  3221030.137
2022  62  31768 GPS  -2267835.425  5009295.439  3221030.294
2022  62  31769 GPS  -2267835.765  5009295.106  3221030.501
2022  62  31770 GPS  -2267836.004  5009294.897  3221030.792
2022  62  31771 GPS  -2267836.591  5009294.870  3221031.109
2022  62  31772 GPS  -2267837.109  5009294.111  3221030.718
2022  62  31773 GPS  -2267837.490  5009293.084  3221030.287
2022  62  31774 GPS  -2267837.859  5009292.037  3221029.813
2022  62  31775 GPS  -2267838.321  5009291.059  3221029.727
2022  62  31776 GPS  -2267838.211  5009290.255  3221029.491
2022  62  31777 GPS  -2267838.767  5009289.521  3221029.312
2022  62  31778 GPS  -2267839.308  5009289.453  3221029.328
2022  62  31779 GPS  -2267840.052  5009289.641  3221029.817
2022  62  31780 GPS  -2267840.707  5009289.994  3221030.867
2022  62  31781 GPS  -2267841.356  5009289.911  3221031.636
2022  62  31782 GPS  -2267841.795  5009289.656  3221032.009
2022  62  31783 GPS  -2267841.919  5009289.569  3221032.443
2022  62  31784 GPS  -2267842.064  5009290.278  3221033.026
2022  62  31785 GPS  -2267842.454  5009291.328  3221033.673
2022  62  31786 GPS  -2267842.619  5009292.281  3221034.079
2022  62  31787 GPS  -2267842.788  5009293.540  3221035.270
2022  62  31788 GPS  -2267843.226  5009294.937  3221036.149
2022  62  31789 GPS  -2267843.576  5009296.045  3221036.934
2022  62  31790 GPS  -2267843.975  5009296.930  3221037.500
2022  62  31791 GPS  -2267844.180  5009298.209  3221038.539
2022  62  31792 GPS  -2267844.283  5009298.739  3221038.640
2022  62  31793 GPS  -2267844.672  5009299.906  3221039.337
2022  62  31794 GPS  -2267844.661  5009300.544  3221039.826
2022  62  31795 GPS  -2267844.631  5009301.332  3221040.573
2022  62  31796 GPS  -2267844.304  5009301.582  3221040.896
2022  62  31797 GPS  -2267844.360  5009302.227  3221041.228
2022  62  31798 GPS  -2267844.070  5009302.739  3221041.627
2022  62  31799 GPS  -2267843.999  5009303.495  3221041.863
2022  62  31800 GPS  -2267844.279  5009303.786  3221041.797
2022  62  31801 GPS  -2267844.163  5009304.040  3221041.698
2022  62  31802 GPS  -2267844.092  5009304.187  3221041.413
2022  62  31803 GPS  -2267844.049  5009304.295  3221041.060
2022  62  31804 GPS  -2267844.137  5009304.975  3221041.381
2022  62  31805 GPS  -2267843.917  5009304.363  3221040.455
2022  62  31806 GPS  -2267844.239  5009304.353  3221039.973
2022  62  31807 GPS  -2267844.822  5009304.418  3221039.546
2022  62  31808 GPS  -2267844.979  5009304.410  3221038.615
2022  62  31809 GPS  -2267844.814  5009304.775  3221038.126
2022  62  31810 GPS  -2267844.272  5009304.130  3221037.396
2022  62  31811 GPS  -2267844.663  5009304.746  3221037.049
2022  62  31812 GPS  -2267844.943  5009305.765  3221036.920
2022  62  31813 GPS  -2267845.200  5009306.008  3221036.443
2022  62  31814 GPS  -2267845.234  5009306.496  3221035.979
2022  62  31815 GPS  -2267845.263  5009307.595  3221036.091
2022  62  31816 GPS  -2267844.709  5009307.963  3221035.786
2022  62  31817 GPS  -2267844.887  5009308.632  3221035.752
2022  62  31818 GPS  -2267844.912  5009308.845  3221035.522
2022  62  31819 GPS  -2267844.600  5009308.796  3221034.761
2022  62  31820 GPS  -2267844.322  5009308.205  3221034.288
2022  62  31821 GPS  -2267843.992  5009307.823  3221034.245
2022  62  31822 GPS  -2267843.120  5009306.634  3221033.432
2022  62  31823 GPS  -2267842.436  5009306.241  3221032.725
2022  62  31824 GPS  -2267841.733  5009306.428  3221032.657
2022  62  31825 GPS  -2267841.210  5009306.569  3221032.642
2022  62  31826 GPS  -2267841.053  5009306.332  3221032.211
2022  62  31827 GPS  -2267840.655  5009306.215  3221032.363
2022  62  31828 GPS  -2267839.843  5009305.757  3221031.773
2022  62  31829 GPS  -2267838.917  5009304.603  3221030.812
2022  62  31830 GPS  -2267838.574  5009304.282  3221030.297
2022  62  31831 GPS  -2267838.339  5009303.951  3221030.300
2022  62  31832 GPS  -2267837.806  5009304.166  3221029.825
2022  62  31833 GPS  -2267837.548  5009304.708  3221029.860
2022  62  31834 GPS  -2267837.364  5009304.426  3221029.837
2022  62  31835 GPS  -2267837.073  5009303.812  3221029.232
2022  62  31836 GPS  -2267836.354  5009303.276  3221028.552
2022  62  31837 GPS  -2267835.946  5009303.089  3221028.089
2022  62  31838 GPS  -2267835.537  5009302.331  3221027.461
2022  62  31839 GPS  -2267835.634  5009302.730  3221027.575
2022  62  31840 GPS  -2267835.011  5009302.602  3221027.312
2022  62  31841 GPS  -2267834.600  5009302.747  3221026.965
2022  62  31842 GPS  -2267834.292  5009302.333  3221026.962
2022  62  31843 GPS  -2267833.820  5009301.924  3221027.128
2022  62  31844 GPS  -2267833.474  5009301.813  3221026.991
2022  62  31845 GPS  -2267832.707  5009301.275  3221026.912
2022  62  31846 GPS  -2267832.435  5009300.711  3221026.625
2022  62  31847 GPS  -2267831.905  5009299.750  3221026.216
2022  62  31848 GPS  -2267831.124  5009298.716  3221025.778
2022  62  31849 GPS  -2267830.514  5009297.627  3221025.231
2022  62  31850 GPS  -2267829.627  5009296.426  3221024.505
2022  62  31851 GPS  -2267828.500  5009294.664  3221023.517
2022  62  31852 GPS  -2267827.759  5009293.535  3221022.830
2022  62  31853 GPS  -2267826.816  5009292.342  3221022.503
2022  62  31854 GPS  -2267826.375  5009291.496  3221021.995
2022  62  31855 GPS  -2267825.672  5009290.601  3221021.940
2022  62  31856 GPS  -2267824.657  5009289.578  3221021.495
2022  62  31857 GPS  -2267824.052  5009289.380  3221021.647
2022  62  31858 GPS  -2267823.854  5009290.038  3221021.662
2022  62  31859 GPS  -2267823.831  5009290.736  3221022.126
2022  62  31860 GPS  -2267823.306  5009291.048  3221022.547
2022  62  31861 GPS  -2267822.936  5009291.257  3221022.686
2022  62  31862 GPS  -2267822.674  5009292.219  3221023.106
2022  62  31863 GPS  -2267822.615  5009293.158  3221023.373
2022  62  31864 GPS  -2267822.267  5009293.788  3221023.420
2022  62  31865 GPS  -2267822.150  5009295.446  3221024.176
2022  62  31866 GPS  -2267821.970  5009296.718  3221024.469
2022  62  31867 GPS  -2267821.671  5009297.987  3221024.845
2022  62  31868 GPS  -2267821.170  5009299.229  3221025.573
2022  62  31869 GPS  -2267820.607  5009299.999  3221025.744
2022  62  31870 GPS  -2267819.387  5009300.881  3221026.151
2022  62  31871 GPS  -2267819.278  5009302.740  3221026.807
2022  62  31872 GPS  -2267818.726  5009303.664  3221027.198
2022  62  31873 GPS  -2267818.177  5009304.321  3221027.751
2022  62  31874 GPS  -2267817.942  5009305.612  3221028.206
2022  62  31875 GPS  -2267817.684  5009306.204  3221028.459
2022  62  31876 GPS  -2267817.589  5009307.637  3221028.916
2022  62  31877 GPS  -2267817.454  5009308.441  3221029.187
2022  62  31878 GPS  -2267816.844  5009308.482  3221029.096
2022  62  31879 GPS  -2267816.357  5009309.175  3221029.811
2022  62  31880 GPS  -2267815.389  5009309.129  3221029.415
2022  62  31881 GPS  -2267814.511  5009308.805  3221029.052
2022  62  31882 GPS  -2267813.891  5009309.724  3221029.297
2022  62  31883 GPS  -2267813.149  5009310.511  3221029.582
2022  62  31884 GPS  -2267812.888  5009311.475  3221029.923
2022  62  31885 GPS  -2267812.282  5009312.202  3221030.152
2022  62  31886 GPS  -2267812.263  5009312.989  3221030.956
2022  62  31887 GPS  -2267812.415  5009314.546  3221032.003
2022  62  31888 GPS  -2267812.356  5009314.985  3221032.295
2022  62  31889 GPS  -2267812.349  5009315.132  3221032.299
2022  62  31890 GPS  -2267812.826  5009315.350  3221032.236
2022  62  31891 GPS  -2267812.932  5009315.558  3221032.344
2022  62  31892 GPS  -2267813.037  5009315.795  3221032.306
2022  62  31893 GPS  -2267813.048  5009315.756  3221032.391
2022  62  31894 GPS  -2267813.510  5009315.820  3221032.369
2022  62  31895 GPS  -2267814.074  5009316.032  3221032.253
2022  62  31896 GPS  -2267814.168  5009315.555  3221031.768
2022  62  31897 GPS  -2267813.857  5009314.762  3221031.235
2022  62  31898 GPS  -2267813.876  5009314.313  3221031.249
2022  62  31899 GPS  -2267813.618  5009313.636  3221030.759
2022  62  31900 GPS  -2267813.345  5009312.884  3221030.037
2022  62  31901 GPS  -2267813.371  5009312.642  3221029.820
2022  62  31902 GPS  -2267812.637  5009312.567  3221029.491
2022  62  31903 GPS  -2267812.656  5009312.275  3221029.166
2022  62  31904 GPS  -2267812.818  5009312.196  3221029.140
2022  62  31905 GPS  -2267812.492  5009312.246  3221029.068
2022  62  31906 GPS  -2267811.660  5009312.060  3221029.113
2022  62  31907 GPS  -2267811.216  5009311.901  3221028.854
2022  62  31908 GPS  -2267810.857  5009311.753  3221029.278
2022  62  31909 GPS  -2267810.027  5009311.094  3221029.281
2022  62  31910 GPS  -2267809.137  5009310.285  3221028.903
2022  62  31911 GPS  -2267808.473  5009309.758  3221028.843
2022  62  31912 GPS  -2267807.949  5009309.838  3221028.943
2022  62  31913 GPS  -2267806.957  5009308.215  3221028.042
2022  62  31914 GPS  -2267805.910  5009307.369  3221027.543
2022  62  31915 GPS  -2267804.987  5009306.922  3221027.382
2022  62  31916 GPS  -2267804.403  5009306.513  3221027.163
2022  62  31917 GPS  -2267803.685  5009305.802  3221026.884
2022  62  31918 GPS  -2267803.288  5009305.806  3221027.063
2022  62  31919 GPS  -2267803.116  5009305.486  3221026.904
2022  62  31920 GPS  -2267802.903  5009305.657  3221027.213
2022  62  31921 GPS  -2267803.032  5009305.848  3221027.367
2022  62  31922 GPS  -2267802.838  5009306.038  3221027.646
2022  62  31923 GPS  -2267802.524  5009306.517  3221028.056
2022  62  31924 GPS  -2267802.627  5009307.212  3221028.674
2022  62  31925 GPS  -2267802.889  5009308.303  3221029.297
2022  62  31926 GPS  -2267802.959  5009309.313  3221030.063
2022  62  31927 GPS  -2267803.623  5009309.941  3221030.908
2022  62  31928 GPS  -2267803.332  5009310.184  3221030.987
2022  62  31929 GPS  -2267803.356  5009310.423  3221031.265
2022  62  31930 GPS  -2267803.226  5009310.890  3221031.552
2022  62  31931 GPS  -2267803.819  5009311.765  3221032.173
2022  62  31932 GPS  -2267804.452  5009312.352  3221032.633
2022  62  31933 GPS  -2267805.079  5009313.149  3221032.790
2022  62  31934 GPS  -2267805.637  5009313.068  3221032.678
2022  62  31935 GPS  -2267805.765  5009312.768  3221032.685
2022  62  31936 GPS  -2267805.780  5009313.204  3221032.553
2022  62  31937 GPS  -2267805.604  5009313.682  3221032.517
2022  62  31938 GPS  -2267805.070  5009313.763  3221032.142
2022  62  31939 GPS  -2267804.376  5009313.644  3221031.595
2022  62  31940 GPS  -2267803.799  5009313.650  3221031.139
2022  62  31941 GPS  -2267803.567  5009314.389  3221031.340
2022  62  31942 GPS  -2267803.140  5009314.390  3221030.955
2022  62  31943 GPS  -2267802.854  5009314.777  3221030.609
2022  62  31944 GPS  -2267802.463  5009314.788  3221030.574
2022  62  31945 GPS  -2267801.837  5009314.388  3221030.065
2022  62  31946 GPS  -2267801.534  5009314.661  3221030.200
2022  62  31947 GPS  -2267801.265  5009314.891  3221030.160
2022  62  31948 GPS  -2267801.616  5009315.664  3221030.416
2022  62  31949 GPS  -2267801.563  5009315.446  3221030.309
2022  62  31950 GPS  -2267801.274  5009316.202  3221030.285
2022  62  31951 GPS  -2267801.396  5009317.165  3221030.330
2022  62  31952 GPS  -2267801.284  5009317.184  3221030.270
2022  62  31953 GPS  -2267801.378  5009317.327  3221030.123
2022  62  31954 GPS  -2267801.317  5009317.353  3221029.840
2022  62  31955 GPS  -2267801.087  5009318.134  3221029.796
2022  62  31956 GPS  -2267801.359  5009318.698  3221030.092
2022  62  31957 GPS  -2267801.771  5009320.148  3221030.609
2022  62  31958 GPS  -2267801.480  5009320.617  3221030.704
2022  62  31959 GPS  -2267801.586  5009321.003  3221030.530
2022  62  31960 GPS  -2267801.426  5009321.823  3221030.833
2022  62  31961 GPS  -2267801.400  5009322.110  3221030.839
2022  62  31962 GPS  -2267800.869  5009322.050  3221030.788
2022  62  31963 GPS  -2267800.631  5009321.850  3221030.706
2022  62  31964 GPS  -2267799.853  5009320.524  3221029.653
2022  62  31965 GPS  -2267799.852  5009320.139  3221029.525
2022  62  31966 GPS  -2267799.584  5009319.008  3221028.752
2022  62  31967 GPS  -2267799.678  5009318.060  3221028.596
2022  62  31968 GPS  -2267799.540  5009317.064  3221027.961
2022  62  31969 GPS  -2267798.572  5009315.276  3221027.066
2022  62  31970 GPS  -2267798.031  5009314.014  3221026.354
2022  62  31971 GPS  -2267797.465  5009312.931  3221025.468
2022  62  31972 GPS  -2267797.460  5009311.832  3221024.714
2022  62  31973 GPS  -2267796.669  5009310.734  3221023.979
2022  62  31974 GPS  -2267796.527  5009309.622  3221023.044
2022  62  31975 GPS  -2267796.618  5009308.934  3221022.290
2022  62  31976 GPS  -2267796.779  5009307.823  3221021.703
2022  62  31977 GPS  -2267796.847  5009307.941  3221021.613
2022  62  31978 GPS  -2267797.124  5009308.137  3221021.361
2022  62  31979 GPS  -2267797.783  5009308.789  3221021.350
2022  62  31980 GPS  -2267798.872  5009309.078  3221021.521
2022  62  31981 GPS  -2267800.129  5009309.375  3221022.022
2022  62  31982 GPS  -2267800.581  5009309.991  3221022.400
2022  62  31983 GPS  -2267801.272  5009309.870  3221022.351
2022  62  31984 GPS  -2267802.030  5009310.430  3221022.999
2022  62  31985 GPS  -2267802.718  5009310.865  3221023.549
2022  62  31986 GPS  -2267803.068  5009311.597  3221024.234
2022  62  31987 GPS  -2267803.684  5009312.315  3221025.080
2022  62  31988 GPS  -2267803.863  5009312.530  3221025.324
2022  62  31989 GPS  -2267804.236  5009312.707  3221025.863
2022  62  31990 GPS  -2267805.337  5009312.659  3221026.385
2022  62  31991 GPS  -2267806.117  5009312.408  3221026.811
2022  62  31992 GPS  -2267806.706  5009311.336  3221026.578
2022  62  31993 GPS  -2267807.087  5009310.591  3221026.201
2022  62  31994 GPS  -2267807.571  5009309.642  3221025.944
2022  62  31995 GPS  -2267807.626  5009308.873  3221025.619
2022  62  31996 GPS  -2267808.123  5009307.497  3221025.398
2022  62  31997 GPS  -2267808.534  5009306.685  3221025.148
2022  62  31998 GPS  -2267809.488  5009306.409  3221025.133
2022  62  31999 GPS  -2267810.195  5009305.729  3221024.774
2022  62  32000 GPS  -2267810.568  5009304.993  3221024.520
2022  62  32001 GPS  -2267811.202  5009304.449  3221024.545
2022  62  32002 GPS  -2267811.220  5009302.844  3221023.961
2022  62  32003 GPS  -2267811.853  5009302.897  3221023.784
2022  62  32004 GPS  -2267811.918  5009302.427  3221023.610
2022  62  32005 GPS  -2267811.765  5009302.489  3221023.892
2022  62  32006 GPS  -2267812.332  5009302.738  3221024.245
2022  62  32007 GPS  -2267812.384  5009302.971  3221023.931
2022  62  32008 GPS  -2267812.391  5009303.059  3221023.938
2022  62  32009 GPS  -2267812.298  5009303.066  3221024.178
2022  62  32010 GPS  -2267812.247  5009303.302  3221024.273
2022  62  32011 GPS  -2267812.075  5009303.482  3221024.126
2022  62  32012 GPS  -2267812.074  5009303.702  3221024.144
2022  62  32013 GPS  -2267812.069  5009303.362  3221023.691
2022  62  32014 GPS  -2267811.968  5009302.757  3221023.375
2022  62  32015 GPS  -2267811.761  5009302.949  3221023.121
2022  62  32016 GPS  -2267812.072  5009302.890  3221023.132
2022  62  32017 GPS  -2267811.980  5009302.624  3221022.974
2022  62  32018 GPS  -2267811.589  5009301.405  3221022.335
2022  62  32019 GPS  -2267811.208  5009300.709  3221021.800
2022  62  32020 GPS  -2267810.751  5009300.102  3221021.536
2022  62  32021 GPS  -2267810.483  5009299.528  3221021.095
2022  62  32022 GPS  -2267809.889  5009298.898  3221021.085
2022  62  32023 GPS  -2267809.612  5009298.661  3221021.375
2022  62  32024 GPS  -2267809.835  5009297.919  3221021.041
2022  62  32025 GPS  -2267809.949  5009297.227  3221021.048
2022  62  32026 GPS  -2267809.965  5009296.533  3221020.649
2022  62  32027 GPS  -2267809.827  5009296.430  3221020.466
2022  62  32028 GPS  -2267810.287  5009296.691  3221020.365
2022  62  32029 GPS  -2267810.311  5009296.481  3221019.794
2022  62  32030 GPS  -2267810.537  5009296.924  3221019.381
2022  62  32031 GPS  -2267810.953  5009297.269  3221019.309
2022  62  32032 GPS  -2267811.096  5009297.497  3221018.864
2022  62  32033 GPS  -2267811.212  5009297.845  3221018.919
2022  62  32034 GPS  -2267811.813  5009299.266  3221019.042
2022  62  32035 GPS  -2267811.984  5009300.274  3221019.214
2022  62  32036 GPS  -2267812.033  5009300.582  3221018.605
2022  62  32037 GPS  -2267812.398  5009301.656  3221018.772
2022  62  32038 GPS  -2267812.384  5009302.086  3221018.343
2022  62  32039 GPS  -2267812.310  5009302.143  3221018.096
2022  62  32040 GPS  -2267812.654  5009302.638  3221017.557
2022  62  32041 GPS  -2267812.299  5009301.778  3221016.744
2022  62  32042 GPS  -2267812.070  5009301.242  3221016.182
2022  62  32043 GPS  -2267812.632  5009301.246  3221016.103
2022  62  32044 GPS  -2267812.760  5009300.705  3221015.991
2022  62  32045 GPS  -2267812.670  5009300.343  3221015.696
2022  62  32046 GPS  -2267812.775  5009299.869  3221015.616
2022  62  32047 GPS  -2267813.115  5009299.485  3221015.714
2022  62  32048 GPS  -2267812.808  5009297.473  3221014.659
2022  62  32049 GPS  -2267812.782  5009296.835  3221014.815
2022  62  32050 GPS  -2267812.715  5009296.418  3221014.487
2022  62  32051 GPS  -2267812.710  5009295.816  3221014.244
2022  62  32052 GPS  -2267813.509  5009295.859  3221014.668
2022  62  32053 GPS  -2267813.448  5009295.255  3221014.887
2022  62  32054 GPS  -2267813.656  5009295.192  3221015.050
2022  62  32055 GPS  -2267813.884  5009295.125  3221015.027
2022  62  32056 GPS  -2267814.218  5009295.713  3221015.340
2022  62  32057 GPS  -2267814.294  5009295.663  3221015.454
2022  62  32058 GPS  -2267814.475  5009296.096  3221015.580
2022  62  32059 GPS  -2267814.888  5009296.114  3221015.666
2022  62  32060 GPS  -2267815.275  5009297.067  3221015.933
2022  62  32061 GPS  -2267816.087  5009297.431  3221016.170
2022  62  32062 GPS  -2267817.368  5009299.319  3221016.567
2022  62  32063 GPS  -2267818.470  5009300.942  3221017.386
2022  62  32064 GPS  -2267819.980  5009302.582  3221018.207
2022  62  32065 GPS  -2267820.642  5009302.862  3221018.015
2022  62  32066 GPS  -2267821.382  5009304.469  3221018.493
2022  62  32067 GPS  -2267821.999  5009305.838  3221019.172
2022  62  32068 GPS  -2267822.757  5009307.037  3221019.606
2022  62  32069 GPS  -2267823.782  5009308.568  3221020.301
2022  62  32070 GPS  -2267824.548  5009311.098  3221021.907
2022  62  32071 GPS  -2267825.339  5009312.806  3221022.981
2022  62  32072 GPS  -2267825.923  5009314.932  3221024.091
2022  62  32073 GPS  -2267826.277  5009315.662  3221024.501
2022  62  32074 GPS  -2267826.165  5009316.640  3221024.866
2022  62  32075 GPS  -2267825.854  5009316.607  3221024.601
2022  62  32076 GPS  -2267825.470  5009316.566  3221024.276
2022  62  32077 GPS  -2267825.501  5009316.750  3221024.772
2022  62  32078 GPS  -2267825.565  5009316.824  3221024.965
2022  62  32079 GPS  -2267825.104  5009315.603  3221023.889
2022  62  32080 GPS  -2267824.518  5009315.038  3221023.276
2022  62  32081 GPS  -2267824.060  5009314.983  3221023.318
2022  62  32082 GPS  -2267823.464  5009314.366  3221022.975
2022  62  32083 GPS  -2267823.291  5009314.234  3221022.531
2022  62  32084 GPS  -2267822.493  5009313.809  3221022.048
2022  62  32085 GPS  -2267822.323  5009314.525  3221022.062
2022  62  32086 GPS  -2267821.626  5009315.107  3221022.394
2022  62  32087 GPS  -2267821.152  5009315.677  3221022.652
2022  62  32088 GPS  -2267820.507  5009316.110  3221023.106
2022  62  32089 GPS  -2267819.880  5009317.078  3221023.581
2022  62  32090 GPS  -2267820.111  5009319.470  3221024.634
2022  62  32091 GPS  -2267819.758  5009320.440  3221025.029
2022  62  32092 GPS  -2267819.921  5009321.780  3221025.376
2022  62  32093 GPS  -2267819.372  5009322.012  3221025.261
2022  62  32094 GPS  -2267819.088  5009322.372  3221025.178
2022  62  32095 GPS  -2267819.028  5009322.333  3221024.620
2022  62  32096 GPS  -2267819.516  5009323.153  3221024.713
2022  62  32097 GPS  -2267819.707  5009323.786  3221024.526
2022  62  32098 GPS  -2267820.538  5009324.921  3221024.943
2022  62  32099 GPS  -2267819.121  5009322.391  3221024.179
2022  62  32100 GPS  -2267820.097  5009323.494  3221024.727
2022  62  32101 GPS  -2267820.832  5009323.493  3221024.427
2022  62  32102 GPS  -2267820.913  5009323.622  3221024.839
2022  62  32103 GPS  -2267821.098  5009323.478  3221024.745
2022  62  32104 GPS  -2267821.404  5009323.394  3221025.001
2022  62  32105 GPS  -2267821.651  5009323.913  3221025.578
2022  62  32106 GPS  -2267821.971  5009324.282  3221026.638
2022  62  32107 GPS  -2267822.361  5009324.585  3221027.531
2022  62  32108 GPS  -2267822.484  5009324.526  3221028.096
2022  62  32109 GPS  -2267822.691  5009324.971  3221029.186
2022  62  32110 GPS  -2267822.955  5009325.682  3221029.989
2022  62  32111 GPS  -2267823.090  5009326.085  3221030.831
2022  62  32112 GPS  -2267823.646  5009326.996  3221031.866
2022  62  32113 GPS  -2267824.110  5009326.844  3221032.514
2022  62  32114 GPS  -2267824.685  5009328.043  3221033.440
2022  62  32115 GPS  -2267825.177  5009328.843  3221034.354
2022  62  32116 GPS  -2267825.495  5009329.301  3221034.730
2022  62  32117 GPS  -2267825.151  5009329.733  3221035.282
2022  62  32118 GPS  -2267825.477  5009330.083  3221035.765
2022  62  32119 GPS  -2267825.955  5009330.604  3221035.853
2022  62  32120 GPS  -2267826.241  5009330.856  3221035.990
2022  62  32121 GPS  -2267826.531  5009331.257  3221036.440
2022  62  32122 GPS  -2267826.819  5009330.959  3221036.698
2022  62  32123 GPS  -2267827.120  5009331.756  3221037.410
2022  62  32124 GPS  -2267827.646  5009332.567  3221038.296
2022  62  32125 GPS  -2267827.163  5009331.994  3221038.204
2022  62  32126 GPS  -2267827.346  5009332.145  3221038.590
2022  62  32127 GPS  -2267827.683  5009332.048  3221038.489
2022  62  32128 GPS  -2267827.803  5009331.058  3221038.509
2022  62  32129 GPS  -2267827.645  5009330.245  3221038.219
2022  62  32130 GPS  -2267827.971  5009329.409  3221038.146
2022  62  32131 GPS  -2267827.794  5009327.815  3221037.520
2022  62  32132 GPS  -2267827.714  5009326.820  3221037.055
2022  62  32133 GPS  -2267827.012  5009325.580  3221036.776
2022  62  32134 GPS  -2267826.743  5009324.333  3221036.391
2022  62  32135 GPS  -2267826.984  5009324.605  3221036.687
2022  62  32136 GPS  -2267826.783  5009323.382  3221036.446
2022  62  32137 GPS  -2267826.335  5009322.503  3221036.222
2022  62  32138 GPS  -2267826.355  5009322.026  3221036.276
2022  62  32139 GPS  -2267826.194  5009322.025  3221036.611
2022  62  32140 GPS  -2267826.354  5009322.043  3221036.765
2022  62  32141 GPS  -2267826.053  5009321.254  3221036.516
2022  62  32142 GPS  -2267826.128  5009321.772  3221036.854
2022  62  32143 GPS  -2267825.691  5009321.877  3221036.887
2022  62  32144 GPS  -2267825.390  5009321.081  3221036.477
2022  62  32145 GPS  -2267825.508  5009320.164  3221036.419
2022  62  32146 GPS  -2267825.535  5009319.482  3221036.070
2022  62  32147 GPS  -2267825.505  5009319.446  3221035.969
2022  62  32148 GPS  -2267825.409  5009318.900  3221035.544
2022  62  32149 GPS  -2267825.374  5009317.910  3221034.969
2022  62  32150 GPS  -2267825.164  5009316.988  3221034.499
2022  62  32151 GPS  -2267825.126  5009317.175  3221034.378
2022  62  32152 GPS  -2267824.831  5009316.704  3221034.123
2022  62  32153 GPS  -2267824.420  5009315.919  3221033.795
2022  62  32154 GPS  -2267824.786  5009315.189  3221033.753
2022  62  32155 GPS  -2267824.555  5009314.530  3221033.329
2022  62  32156 GPS  -2267823.969  5009313.104  3221032.970
2022  62  32157 GPS  -2267823.656  5009312.697  3221033.300
2022  62  32158 GPS  -2267823.144  5009311.697  3221033.446
2022  62  32159 GPS  -2267822.294  5009310.930  3221033.016
2022  62  32160 GPS  -2267821.832  5009310.680  3221033.100
2022  62  32161 GPS  -2267821.009  5009310.328  3221032.795
2022  62  32162 GPS  -2267820.805  5009309.642  3221032.658
2022  62  32163 GPS  -2267820.498  5009308.917  3221032.348
2022  62  32164 GPS  -2267820.443  5009307.893  3221031.956
2022  62  32165 GPS  -2267820.046  5009306.235  3221031.236
2022  62  32166 GPS  -2267819.970  5009305.906  3221030.905
2022  62  32167 GPS  -2267819.780  5009305.630  3221031.014
2022  62  32168 GPS  -2267819.557  5009305.812  3221031.206
2022  62  32169 GPS  -2267819.328  5009304.911  3221031.464
2022  62  32170 GPS  -2267819.270  5009304.815  3221031.786
2022  62  32171 GPS  -2267819.429  5009305.416  3221032.589
2022  62  32172 GPS  -2267819.428  5009305.521  3221033.354
2022  62  32173 GPS  -2267819.441  5009306.485  3221034.516
2022  62  32174 GPS  -2267819.391  5009306.673  3221035.172
2022  62  32175 GPS  -2267819.742  5009306.858  3221035.378
2022  62  32176 GPS  -2267819.881  5009306.896  3221035.522
2022  62  32177 GPS  -2267819.945  5009306.530  3221035.671
2022  62  32178 GPS  -2267819.713  5009306.029  3221035.792
2022  62  32179 GPS  -2267819.880  5009305.570  3221035.956
2022  62  32180 GPS  -2267820.417  5009305.195  3221035.782
2022  62  32181 GPS  -2267820.408  5009304.480  3221035.606
2022  62  32182 GPS  -2267820.685  5009304.764  3221035.736
2022  62  32183 GPS  -2267820.955  5009304.289  3221035.474
2022  62  32184 GPS  -2267821.346  5009303.609  3221035.313
2022  62  32185 GPS  -2267821.844  5009303.156  3221035.052
2022  62  32186 GPS  -2267822.319  5009303.626  3221035.619
2022  62  32187 GPS  -2267822.752  5009303.633  3221035.580
2022  62  32188 GPS  -2267823.429  5009304.627  3221036.115
2022  62  32189 GPS  -2267823.358  5009304.612  3221035.923
2022  62  32190 GPS  -2267823.567  5009304.977  3221035.696
2022  62  32191 GPS  -2267824.061  5009306.367  3221036.228
2022  62  32192 GPS  -2267824.601  5009308.332  3221037.046
2022  62  32193 GPS  -2267824.948  5009309.765  3221037.685
2022  62  32194 GPS  -2267825.548  5009311.283  3221038.447
2022  62  32195 GPS  -2267826.034  5009313.190  3221039.426
2022  62  32196 GPS  -2267826.810  5009314.295  3221040.121
2022  62  32197 GPS  -2267827.594  5009315.487  3221040.735
2022  62  32198 GPS  -2267827.399  5009316.724  3221041.164
2022  62  32199 GPS  -2267827.784  5009318.452  3221042.249
2022  62  32200 GPS  -2267828.176  5009320.022  3221043.390
2022  62  32201 GPS  -2267828.199  5009320.312  3221043.216
2022  62  32202 GPS  -2267828.440  5009321.035  3221043.237
2022  62  32203 GPS  -2267828.943  5009322.782  3221043.626
2022  62  32204 GPS  -2267829.169  5009323.088  3221043.216
2022  62  32205 GPS  -2267829.534  5009323.160  3221042.952
2022  62  32206 GPS  -2267829.719  5009323.286  3221042.735
2022  62  32207 GPS  -2267829.231  5009321.867  3221041.547
2022  62  32208 GPS  -2267829.112  5009321.303  3221041.202
2022  62  32209 GPS  -2267829.140  5009320.492  3221040.802
2022  62  32210 GPS  -2267829.028  5009320.297  3221040.846
2022  62  32211 GPS  -2267828.640  5009318.422  3221039.577
2022  62  32212 GPS  -2267828.127  5009316.506  3221038.260
2022  62  32213 GPS  -2267827.647  5009314.752  3221037.048
2022  62  32214 GPS  -2267826.847  5009312.790  3221036.227
2022  62  32215 GPS  -2267826.004  5009311.918  3221035.909
2022  62  32216 GPS  -2267825.337  5009311.340  3221035.670
2022  62  32217 GPS  -2267824.553  5009309.886  3221035.013
2022  62  32218 GPS  -2267823.338  5009307.752  3221033.817
2022  62  32219 GPS  -2267822.726  5009306.317  3221032.910
2022  62  32220 GPS  -2267821.861  5009305.258  3221032.288
2022  62  32221 GPS  -2267821.350  5009304.313  3221031.597
2022  62  32222 GPS  -2267821.015  5009302.899  3221030.816
2022  62  32223 GPS  -2267821.234  5009302.032  3221030.348
2022  62  32224 GPS  -2267821.473  5009301.929  3221029.971
2022  62  32225 GPS  -2267821.284  5009301.420  3221029.344
2022  62  32226 GPS  -2267820.976  5009300.946  3221028.942
2022  62  32227 GPS  -2267821.090  5009300.237  3221028.061
2022  62  32228 GPS  -2267820.978  5009300.835  3221028.123
2022  62  32229 GPS  -2267821.420  5009300.668  3221027.928
2022  62  32230 GPS  -2267821.609  5009300.785  3221027.702
2022  62  32231 GPS  -2267821.572  5009300.990  3221027.310
2022  62  32232 GPS  -2267821.759  5009301.031  3221027.233
2022  62  32233 GPS  -2267822.109  5009301.410  3221027.304
2022  62  32234 GPS  -2267822.163  5009301.787  3221027.219
2022  62  32235 GPS  -2267821.690  5009302.452  3221027.540
2022  62  32236 GPS  -2267821.755  5009303.414  3221027.840
2022  62  32237 GPS  -2267821.495  5009304.419  3221028.134
2022  62  32238 GPS  -2267820.922  5009305.102  3221028.474
2022  62  32239 GPS  -2267820.755  5009305.857  3221029.366
2022  62  32240 GPS  -2267820.311  5009306.037  3221029.231
2022  62  32241 GPS  -2267819.918  5009306.540  3221029.606
2022  62  32242 GPS  -2267819.689  5009306.853  3221030.104
2022  62  32243 GPS  -2267819.599  5009307.487  3221030.818
2022  62  32244 GPS  -2267819.623  5009308.635  3221031.611
2022  62  32245 GPS  -2267819.545  5009309.111  3221031.895
2022  62  32246 GPS  -2267819.581  5009309.760  3221032.534
2022  62  32247 GPS  -2267819.342  5009310.013  3221032.558
2022  62  32248 GPS  -2267819.370  5009309.945  3221033.071
2022  62  32249 GPS  -2267819.555  5009310.517  3221033.196
2022  62  32250 GPS  -2267819.882  5009310.639  3221033.381
2022  62  32251 GPS  -2267820.093  5009310.194  3221033.061
2022  62  32252 GPS  -2267820.148  5009309.761  3221033.041
2022  62  32253 GPS  -2267820.253  5009309.450  3221032.932
2022  62  32254 GPS  -2267820.453  5009308.871  3221033.160
2022  62  32255 GPS  -2267820.598  5009308.632  3221033.541
2022  62  32256 GPS  -2267820.730  5009308.464  3221033.684
2022  62  32257 GPS  -2267820.464  5009308.147  3221033.695
2022  62  32258 GPS  -2267820.465  5009307.717  3221033.852
2022  62  32259 GPS  -2267820.270  5009307.370  3221033.620
2022  62  32260 GPS  -2267820.075  5009307.700  3221033.996
2022  62  32261 GPS  -2267819.844  5009307.161  3221033.754
2022  62  32262 GPS  -2267819.785  5009307.956  3221034.589
2022  62  32263 GPS  -2267818.845  5009307.171  3221033.879
2022  62  32264 GPS  -2267818.477  5009306.991  3221033.933
2022  62  32265 GPS  -2267817.757  5009305.844  3221033.561
2022  62  32266 GPS  -2267817.026  5009305.327  3221033.473
2022  62  32267 GPS  -2267816.466  5009304.312  3221033.128
2022  62  32268 GPS  -2267815.859  5009303.207  3221032.833
2022  62  32269 GPS  -2267814.919  5009302.481  3221032.454
2022  62  32270 GPS  -2267813.719  5009301.150  3221031.496
2022  62  32271 GPS  -2267812.063  5009299.832  3221030.513
2022  62  32272 GPS  -2267811.307  5009299.382  3221030.201
2022  62  32273 GPS  -2267810.429  5009298.337  3221029.050
2022  62  32274 GPS  -2267810.208  5009298.070  3221028.559
2022  62  32275 GPS  -2267810.086  5009297.610  3221028.482
2022  62  32276 GPS  -2267809.619  5009297.489  3221028.096
2022  62  32277 GPS  -2267808.970  5009297.638  3221028.247
2022  62  32278 GPS  -2267808.811  5009297.890  3221028.186
2022  62  32279 GPS  -2267808.376  5009297.549  3221027.667
2022  62  32280 GPS  -2267808.680  5009297.672  3221027.858
2022  62  32281 GPS  -2267809.020  5009297.545  3221027.830
2022  62  32282 GPS  -2267808.630  5009297.680  3221027.839
2022  62  32283 GPS  -2267808.774  5009298.372  3221028.720
2022  62  32284 GPS  -2267808.479  5009298.300  3221029.478
2022  62  32285 GPS  -2267808.799  5009298.657  3221030.300
2022  62  32286 GPS  -2267809.153  5009299.163  3221030.942
2022  62  32287 GPS  -2267809.468  5009299.820  3221032.391
2022  62  32288 GPS  -2267809.802  5009300.358  3221033.366
2022  62  32289 GPS  -2267810.103  5009300.754  3221034.376
2022  62  32290 GPS  -2267810.160  5009300.694  3221034.792
2022  62  32291 GPS  -2267810.740  5009300.812  3221035.576
2022  62  32292 GPS  -2267811.272  5009301.146  3221036.435
2022  62  32293 GPS  -2267811.579  5009301.268  3221036.970
2022  62  32294 GPS  -2267811.776  5009301.111  3221037.208
2022  62  32295 GPS  -2267811.900  5009301.253  3221037.669
2022  62  32296 GPS  -2267811.973  5009301.864  3221038.207
2022  62  32297 GPS  -2267812.068  5009302.327  3221038.845
2022  62  32298 GPS  -2267811.880  5009302.586  3221039.238
2022  62  32299 GPS  -2267812.383  5009303.807  3221039.721
2022  62  32300 GPS  -2267813.151  5009305.794  3221040.822
2022  62  32301 GPS  -2267813.188  5009306.740  3221041.533
2022  62  32302 GPS  -2267813.664  5009308.123  3221042.571
2022  62  32303 GPS  -2267814.080  5009308.981  3221043.195
2022  62  32304 GPS  -2267815.091  5009309.866  3221043.636
2022  62  32305 GPS  -2267815.969  5009311.015  3221044.612
2022  62  32306 GPS  -2267816.372  5009311.814  3221045.134
2022  62  32307 GPS  -2267817.220  5009312.597  3221045.646
2022  62  32308 GPS  -2267818.234  5009313.637  3221046.332
2022  62  32309 GPS  -2267818.422  5009313.906  3221046.675
2022  62  32310 GPS  -2267818.705  5009313.734  3221046.962
2022  62  32311 GPS  -2267818.909  5009313.755  3221047.264
2022  62  32312 GPS  -2267819.310  5009313.883  3221047.503
2022  62  32313 GPS  -2267819.952  5009314.601  3221048.536
2022  62  32314 GPS  -2267820.560  5009314.581  3221048.643
2022  62  32315 GPS  -2267821.056  5009315.457  3221049.551
2022  62  32316 GPS  -2267821.288  5009315.783  3221050.444
2022  62  32317 GPS  -2267821.148  5009315.468  3221050.862
2022  62  32318 GPS  -2267821.574  5009315.224  3221051.259
2022  62  32319 GPS  -2267821.489  5009314.999  3221051.667
2022  62  32320 GPS  -2267821.209  5009314.645  3221051.952
2022  62  32321 GPS  -2267820.756  5009314.277  3221051.841
2022  62  32322 GPS  -2267820.683  5009314.049  3221052.024
2022  62  32323 GPS  -2267820.246  5009313.971  3221052.138
2022  62  32324 GPS  -2267819.639  5009313.004  3221051.564
2022  62  32325 GPS  -2267819.300  5009311.893  3221051.247
2022  62  32326 GPS  -2267819.374  5009311.706  3221050.970
2022  62  32327 GPS  -2267818.744  5009309.900  3221050.421
2022  62  32328 GPS  -2267818.833  5009309.889  3221050.719
2022  62  32329 GPS  -2267818.718  5009309.617  3221050.900
2022  62  32330 GPS  -2267818.547  5009308.687  3221050.451
2022  62  32331 GPS  -2267818.610  5009307.441  3221050.275
2022  62  32332 GPS  -2267818.712  5009307.382  3221050.363
2022  62  32333 GPS  -2267818.316  5009306.834  3221050.294
2022  62  32334 GPS  -2267818.436  5009307.027  3221050.006
2022  62  32335 GPS  -2267817.866  5009306.779  3221049.643
2022  62  32336 GPS  -2267817.705  5009306.535  3221049.547
2022  62  32337 GPS  -2267817.146  5009305.556  3221049.069
2022  62  32338 GPS  -2267816.472  5009305.133  3221048.882
2022  62  32339 GPS  -2267815.876  5009304.818  3221048.721
2022  62  32340 GPS  -2267815.451  5009304.692  3221048.300
2022  62  32341 GPS  -2267815.018  5009305.062  3221048.277
2022  62  32342 GPS  -2267814.363  5009304.512  3221047.767
2022  62  32343 GPS  -2267813.154  5009303.064  3221046.516
2022  62  32344 GPS  -2267812.458  5009303.443  3221046.619
2022  62  32345 GPS  -2267812.140  5009303.147  3221046.252
2022  62  32346 GPS  -2267811.139  5009302.486  3221045.925
2022  62  32347 GPS  -2267810.549  5009302.779  3221045.836
2022  62  32348 GPS  -2267810.408  5009303.264  3221046.049
2022  62  32349 GPS  -2267810.172  5009303.011  3221045.719
2022  62  32350 GPS  -2267809.662  5009303.058  3221045.573
2022  62  32351 GPS  -2267809.261  5009303.041  3221045.824
2022  62  32352 GPS  -2267809.104  5009302.791  3221045.665
2022  62  32353 GPS  -2267808.901  5009302.630  3221045.478
2022  62  32354 GPS  -2267808.489  5009303.079  3221045.927
2022  62  32355 GPS  -2267808.447  5009303.356  3221045.820
2022  62  32356 GPS  -2267808.067  5009302.949  3221045.662
2022  62  32357 GPS  -2267807.626  5009303.230  3221045.910
2022  62  32358 GPS  -2267807.691  5009303.809  3221045.825
2022  62  32359 GPS  -2267807.603  5009304.341  3221046.140
2022  62  32360 GPS  -2267807.388  5009304.090  3221045.644
2022  62  32361 GPS  -2267806.746  5009303.449  3221045.318
2022  62  32362 GPS  -2267806.639  5009303.053  3221045.205
2022  62  32363 GPS  -2267806.384  5009303.118  3221045.068
2022  62  32364 GPS  -2267806.026  5009302.783  3221044.804
2022  62  32365 GPS  -2267806.234  5009303.175  3221044.656
2022  62  32366 GPS  -2267805.981  5009303.482  3221044.864
2022  62  32367 GPS  -2267806.008  5009303.430  3221044.814
2022  62  32368 GPS  -2267805.715  5009303.324  3221044.463
2022  62  32369 GPS  -2267805.518  5009302.978  3221044.116
2022  62  32370 GPS  -2267805.293  5009303.566  3221044.320
2022  62  32371 GPS  -2267805.015  5009303.462  3221043.911
2022  62  32372 GPS  -2267804.916  5009303.458  3221044.024
2022  62  32373 GPS  -2267804.599  5009303.534  3221044.123
2022  62  32374 GPS  -2267804.575  5009303.736  3221044.383
2022  62  32375 GPS  -2267804.113  5009303.911  3221044.661
2022  62  32376 GPS  -2267803.747  5009304.001  3221044.532
2022  62  32377 GPS  -2267803.916  5009304.443  3221045.013
2022  62  32378 GPS  -2267803.824  5009304.489  3221045.034
2022  62  32379 GPS  -2267803.877  5009304.690  3221044.875
2022  62  32380 GPS  -2267803.953  5009304.684  3221044.377
2022  62  32381 GPS  -2267803.721  5009304.521  3221044.631
2022  62  32382 GPS  -2267803.552  5009304.250  3221044.694
2022  62  32383 GPS  -2267803.455  5009304.987  3221044.954
2022  62  32384 GPS  -2267803.198  5009304.781  3221044.908
2022  62  32385 GPS  -2267803.392  5009305.086  3221045.618
2022  62  32386 GPS  -2267803.581  5009305.712  3221046.022
2022  62  32387 GPS  -2267803.602  5009306.063  3221046.531
2022  62  32388 GPS  -2267803.994  5009306.719  3221047.496
2022  62  32389 GPS  -2267804.174  5009307.566  3221047.843
2022  62  32390 GPS  -2267804.975  5009309.022  3221048.662
2022  62  32391 GPS  -2267805.116  5009309.112  3221048.986
2022  62  32392 GPS  -2267805.567  5009309.961  3221049.967
2022  62  32393 GPS  -2267805.780  5009309.959  3221049.980
2022  62  32394 GPS  -2267806.863  5009310.442  3221050.530
2022  62  32395 GPS  -2267807.005  5009309.997  3221050.459
2022  62  32396 GPS  -2267807.588  5009310.304  3221051.087
2022  62  32397 GPS  -2267807.981  5009310.313  3221051.215
2022  62  32398 GPS  -2267809.133  5009310.756  3221051.706
2022  62  32399 GPS  -2267809.529  5009311.012  3221052.001
2022  62  32400 GPS  -2267809.784  5009311.158  3221052.459
2022  62  32401 GPS  -2267810.248  5009311.400  3221053.118
2022  62  32402 GPS  -2267810.622  5009311.039  3221053.071
2022  62  32403 GPS  -2267810.875  5009311.982  3221054.056
2022  62  32404 GPS  -2267810.551  5009311.008  3221053.922
2022  62  32405 GPS  -2267810.728  5009310.199  3221053.511
2022  62  32406 GPS  -2267811.535  5009310.848  3221054.098
2022  62  32407 GPS  -2267812.109  5009310.765  3221054.134
2022  62  32408 GPS  -2267812.391  5009311.083  3221054.385
2022  62  32409 GPS  -2267813.046  5009310.370  3221054.116
2022  62  32410 GPS  -2267813.873  5009310.973  3221054.599
2022  62  32411 GPS  -2267814.307  5009311.699  3221055.404
2022  62  32412 GPS  -2267814.860  5009312.081  3221055.645
2022  62  32413 GPS  -2267815.563  5009312.847  3221056.361
2022  62  32414 GPS  -2267816.381  5009313.798  3221057.192
2022  62  32415 GPS  -2267816.608  5009314.795  3221057.748
2022  62  32416 GPS  -2267817.156  5009315.299  3221058.537
2022  62  32417 GPS  -2267817.476  5009316.380  3221058.995
2022  62  32418 GPS  -2267817.920  5009317.954  3221059.805
2022  62  32419 GPS  -2267818.590  5009319.698  3221060.621
2022  62  32420 GPS  -2267819.654  5009320.941  3221061.250
2022  62  32421 GPS  -2267820.514  5009322.410  3221061.745
2022  62  32422 GPS  -2267821.030  5009323.402  3221062.010
2022  62  32423 GPS  -2267821.586  5009325.097  3221062.988
2022  62  32424 GPS  -2267821.748  5009325.730  3221062.996
2022  62  32425 GPS  -2267822.208  5009325.912  3221063.033
2022  62  32426 GPS  -2267823.060  5009327.188  3221063.264
2022  62  32427 GPS  -2267823.516  5009327.627  3221063.518
2022  62  32428 GPS  -2267823.510  5009328.480  3221063.703
2022  62  32429 GPS  -2267824.409  5009330.556  3221064.921
2022  62  32430 GPS  -2267824.316  5009330.681  3221064.512
2022  62  32431 GPS  -2267824.914  5009331.469  3221064.628
2022  62  32432 GPS  -2267825.543  5009332.934  3221065.747
2022  62  32433 GPS  -2267825.854  5009333.372  3221066.201
2022  62  32434 GPS  -2267825.773  5009334.394  3221066.781
2022  62  32435 GPS  -2267826.199  5009335.656  3221067.830
2022  62  32436 GPS  -2267825.839  5009336.316  3221068.336
2022  62  32437 GPS  -2267826.017  5009337.147  3221069.097
2022  62  32438 GPS  -2267826.069  5009337.065  3221069.153
2022  62  32439 GPS  -2267826.324  5009337.255  3221069.456
2022  62  32440 GPS  -2267826.337  5009337.161  3221069.848
2022  62  32441 GPS  -2267826.965  5009337.391  3221070.160
2022  62  32442 GPS  -2267827.231  5009337.181  3221070.144
2022  62  32443 GPS  -2267827.733  5009336.647  3221069.978
2022  62  32444 GPS  -2267828.520  5009336.241  3221069.639
2022  62  32445 GPS  -2267829.196  5009335.698  3221069.378
2022  62  32446 GPS  -2267829.676  5009335.070  3221069.075
2022  62  32447 GPS  -2267829.921  5009334.591  3221068.424
2022  62  32448 GPS  -2267830.467  5009334.428  3221068.069
2022  62  32449 GPS  -2267831.232  5009334.178  3221067.605
2022  62  32450 GPS  -2267831.778  5009333.892  3221066.885
2022  62  32451 GPS  -2267831.526  5009332.918  3221065.689
2022  62  32452 GPS  -2267832.121  5009333.561  3221065.506
2022  62  32453 GPS  -2267832.271  5009333.846  3221065.742
2022  62  32454 GPS  -2267832.873  5009335.215  3221066.230
2022  62  32455 GPS  -2267832.839  5009335.801  3221066.389
2022  62  32456 GPS  -2267833.424  5009337.015  3221067.244
2022  62  32457 GPS  -2267833.582  5009337.883  3221067.476
2022  62  32458 GPS  -2267834.065  5009339.031  3221068.104
2022  62  32459 GPS  -2267834.155  5009340.027  3221068.535
2022  62  32460 GPS  -2267834.708  5009341.541  3221069.227
2022  62  32461 GPS  -2267835.077  5009342.446  3221069.866
2022  62  32462 GPS  -2267835.396  5009342.856  3221069.979
2022  62  32463 GPS  -2267836.140  5009344.077  3221070.874
2022  62  32464 GPS  -2267836.681  5009344.558  3221071.104
2022  62  32465 GPS  -2267837.676  5009344.891  3221071.420
2022  62  32466 GPS  -2267838.372  5009345.370  3221071.258
2022  62  32467 GPS  -2267839.301  5009345.097  3221070.880
2022  62  32468 GPS  -2267839.839  5009345.231  3221070.487
2022  62  32469 GPS  -2267840.427  5009344.513  3221070.053
2022  62  32470 GPS  -2267841.040  5009344.625  3221069.815
2022  62  32471 GPS  -2267841.557  5009343.856  3221068.901
2022  62  32472 GPS  -2267841.884  5009343.050  3221068.053
2022  62  32473 GPS  -2267842.975  5009342.585  3221067.681
2022  62  32474 GPS  -2267844.013  5009343.484  3221068.383
2022  62  32475 GPS  -2267844.669  5009343.520  3221068.117
2022  62  32476 GPS  -2267845.258  5009344.374  3221068.104
2022  62  32477 GPS  -2267845.671  5009344.712  3221068.268
2022  62  32478 GPS  -2267846.100  5009344.882  3221068.535
2022  62  32479 GPS  -2267846.651  5009345.949  3221069.134
2022  62  32480 GPS  -2267846.881  5009346.112  3221069.303
2022  62  32481 GPS  -2267846.942  5009345.807  3221069.235
2022  62  32482 GPS  -2267846.842  5009345.354  3221069.196
2022  62  32483 GPS  -2267847.158  5009345.606  3221068.980
2022  62  32484 GPS  -2267847.037  5009345.840  3221068.905
2022  62  32485 GPS  -2267846.978  5009346.430  3221069.080
2022  62  32486 GPS  -2267847.170  5009346.960  3221069.432
2022  62  32487 GPS  -2267846.429  5009346.642  3221069.192
2022  62  32488 GPS  -2267845.703  5009346.708  3221068.762
2022  62  32489 GPS  -2267845.040  5009346.257  3221067.879
2022  62  32490 GPS  -2267844.525  5009345.915  3221067.626
2022  62  32491 GPS  -2267843.898  5009345.757  3221067.251
2022  62  32492 GPS  -2267843.519  5009345.801  3221067.065
2022  62  32493 GPS  -2267842.612  5009344.806  3221066.189
2022  62  32494 GPS  -2267842.342  5009344.995  3221066.010
2022  62  32495 GPS  -2267841.775  5009344.056  3221064.988
2022  62  32496 GPS  -2267841.467  5009343.791  3221064.766
2022  62  32497 GPS  -2267841.662  5009343.207  3221064.096
2022  62  32498 GPS  -2267841.083  5009342.572  3221063.667
2022  62  32499 GPS  -2267840.533  5009342.257  3221062.998
2022  62  32500 GPS  -2267840.153  5009341.508  3221062.131
2022  62  32501 GPS  -2267839.625  5009340.387  3221061.352
2022  62  32502 GPS  -2267839.281  5009339.134  3221060.414
2022  62  32503 GPS  -2267838.971  5009338.206  3221059.563
2022  62  32504 GPS  -2267838.978  5009337.201  3221059.109
2022  62  32505 GPS  -2267838.656  5009335.828  3221058.345
2022  62  32506 GPS  -2267838.698  5009335.052  3221057.672
2022  62  32507 GPS  -2267838.484  5009334.836  3221057.288
2022  62  32508 GPS  -2267838.501  5009334.017  3221056.662
2022  62  32509 GPS  -2267838.398  5009333.028  3221056.091
2022  62  32510 GPS  -2267838.345  5009332.141  3221055.499
2022  62  32511 GPS  -2267838.586  5009331.410  3221055.453
2022  62  32512 GPS  -2267838.894  5009331.547  3221055.304
2022  62  32513 GPS  -2267839.739  5009331.724  3221055.098
2022  62  32514 GPS  -2267840.049  5009331.790  3221054.930
2022  62  32515 GPS  -2267840.875  5009332.244  3221055.216
2022  62  32516 GPS  -2267841.144  5009332.331  3221054.479
2022  62  32517 GPS  -2267841.625  5009331.808  3221054.118
2022  62  32518 GPS  -2267842.273  5009331.573  3221053.817
2022  62  32519 GPS  -2267842.567  5009332.169  3221053.565
2022  62  32520 GPS  -2267842.782  5009332.357  3221053.291
2022  62  32521 GPS  -2267843.048  5009332.355  3221053.074
2022  62  32522 GPS  -2267843.541  5009332.966  3221053.379
2022  62  32523 GPS  -2267843.657  5009332.950  3221053.033
2022  62  32524 GPS  -2267843.790  5009332.842  3221052.828
2022  62  32525 GPS  -2267843.746  5009333.717  3221052.965
2022  62  32526 GPS  -2267843.753  5009333.202  3221052.263
2022  62  32527 GPS  -2267843.450  5009332.542  3221051.647
2022  62  32528 GPS  -2267843.591  5009332.413  3221051.325
2022  62  32529 GPS  -2267843.399  5009332.394  3221051.168
2022  62  32530 GPS  -2267842.620  5009331.519  3221050.729
2022  62  32531 GPS  -2267841.876  5009330.623  3221049.871
2022  62  32532 GPS  -2267841.320  5009328.685  3221048.791
2022  62  32533 GPS  -2267840.867  5009328.371  3221048.369
2022  62  32534 GPS  -2267840.366  5009327.125  3221047.692
2022  62  32535 GPS  -2267839.896  5009326.237  3221047.170
2022  62  32536 GPS  -2267839.108  5009324.529  3221046.125
2022  62  32537 GPS  -2267838.949  5009322.862  3221044.575
2022  62  32538 GPS  -2267838.881  5009321.518  3221043.538
2022  62  32539 GPS  -2267838.484  5009319.470  3221042.131
2022  62  32540 GPS  -2267838.236  5009317.630  3221040.549
2022  62  32541 GPS  -2267838.797  5009316.760  3221040.068
2022  62  32542 GPS  -2267839.033  5009316.335  3221039.970
2022  62  32543 GPS  -2267839.353  5009315.202  3221039.154
2022  62  32544 GPS  -2267839.897  5009314.431  3221038.529
2022  62  32545 GPS  -2267840.454  5009314.463  3221038.293
2022  62  32546 GPS  -2267841.183  5009315.016  3221038.576
2022  62  32547 GPS  -2267841.856  5009314.960  3221038.563
2022  62  32548 GPS  -2267842.406  5009315.133  3221038.572
2022  62  32549 GPS  -2267843.039  5009315.253  3221038.618
2022  62  32550 GPS  -2267843.478  5009314.741  3221038.602
2022  62  32551 GPS  -2267843.674  5009314.616  3221038.826
2022  62  32552 GPS  -2267844.052  5009314.376  3221038.744
2022  62  32553 GPS  -2267844.418  5009312.953  3221037.864
2022  62  32554 GPS  -2267844.604  5009312.549  3221037.485
2022  62  32555 GPS  -2267845.463  5009311.852  3221037.049
2022  62  32556 GPS  -2267846.393  5009311.397  3221036.817
2022  62  32557 GPS  -2267846.648  5009310.108  3221036.015
2022  62  32558 GPS  -2267847.145  5009309.311  3221035.358
2022  62  32559 GPS  -2267847.463  5009308.120  3221034.860
2022  62  32560 GPS  -2267848.115  5009307.638  3221034.284
2022  62  32561 GPS  -2267848.656  5009306.559  3221034.088
2022  62  32562 GPS  -2267849.245  5009305.856  3221033.922
2022  62  32563 GPS  -2267849.498  5009304.663  3221033.515
2022  62  32564 GPS  -2267849.689  5009303.752  3221033.147
2022  62  32565 GPS  -2267849.944  5009303.860  3221033.427
2022  62  32566 GPS  -2267850.661  5009304.832  3221033.822
2022  62  32567 GPS  -2267850.997  5009305.002  3221033.915
2022  62  32568 GPS  -2267851.957  5009306.214  3221034.405
2022  62  32569 GPS  -2267852.808  5009306.929  3221034.700
2022  62  32570 GPS  -2267853.798  5009308.302  3221035.455
2022  62  32571 GPS  -2267854.453  5009309.448  3221035.907
2022  62  32572 GPS  -2267855.341  5009310.606  3221036.271
2022  62  32573 GPS  -2267855.729  5009312.075  3221036.840
2022  62  32574 GPS  -2267856.458  5009313.226  3221037.275
2022  62  32575 GPS  -2267857.111  5009313.907  3221037.101
2022  62  32576 GPS  -2267857.784  5009315.342  3221037.577
2022  62  32577 GPS  -2267858.212  5009315.870  3221037.503
2022  62  32578 GPS  -2267858.663  5009317.201  3221037.717
