2022  62  24517 GPS  -2267808.885  5009350.487  3221006.381
2022  62  24518 GPS  -2267808.884  5009350.487  3221006.385
2022  62  24519 GPS  -2267808.885  5009350.491  3221006.390
2022  62  24520 GPS  -2267808.882  5009350.493  3221006.400
2022  62  24521 GPS  -2267808.880  5009350.500  3221006.409
2022  62  24522 GPS  -2267808.875  5009350.508  3221006.416
2022  62  24523 GPS  -2267809.204  5009351.676  3221007.517
2022  62  24524 GPS  -2267809.193  5009351.656  3221007.492
2022  62  24525 GPS  -2267809.203  5009351.718  3221007.543
2022  62  24526 GPS  -2267809.226  5009351.802  3221007.619
2022  62  24527 GPS  -2267809.227  5009351.813  3221007.626
2022  62  24528 GPS  -2267809.230  5009351.811  3221007.620
2022  62  24529 GPS  -2267809.234  5009351.799  3221007.600
2022  62  24530 GPS  -2267809.264  5009351.891  3221007.680
2022  62  24531 GPS  -2267809.260  5009351.873  3221007.664
2022  62  24532 GPS  -2267809.251  5009351.845  3221007.636
2022  62  24533 GPS  -2267809.230  5009351.789  3221007.583
2022  62  24534 GPS  -2267809.215  5009351.749  3221007.546
2022  62  24535 GPS  -2267809.221  5009351.760  3221007.563
2022  62  24536 GPS  -2267809.232  5009351.773  3221007.569
2022  62  24537 GPS  -2267809.237  5009351.788  3221007.575
2022  62  24538 GPS  -2267809.248  5009351.802  3221007.585
2022  62  24539 GPS  -2267809.260  5009351.818  3221007.598
2022  62  24540 GPS  -2267809.274  5009351.835  3221007.607
2022  62  24541 GPS  -2267809.270  5009351.818  3221007.583
2022  62  24542 GPS  -2267809.262  5009351.807  3221007.564
2022  62  24543 GPS  -2267809.261  5009351.808  3221007.563
2022  62  24544 GPS  -2267809.262  5009351.798  3221007.555
2022  62  24545 GPS  -2267809.258  5009351.788  3221007.553
2022  62  24546 GPS  -2267809.259  5009351.803  3221007.568
2022  62  24547 GPS  -2267809.256  5009351.788  3221007.559
2022  62  24548 GPS  -2267809.262  5009351.785  3221007.557
2022  62  24549 GPS  -2267809.260  5009351.787  3221007.555
2022  62  24550 GPS  -2267809.266  5009351.794  3221007.558
2022  62  24551 GPS  -2267809.266  5009351.802  3221007.560
2022  62  24552 GPS  -2267809.261  5009351.803  3221007.558
2022  62  24553 GPS  -2267809.261  5009351.803  3221007.558
2022  62  24554 GPS  -2267809.257  5009351.811  3221007.561
2022  62  24555 GPS  -2267809.264  5009351.830  3221007.565
2022  62  24556 GPS  -2267809.275  5009351.845  3221007.569
2022  62  24557 GPS  -2267809.282  5009351.853  3221007.568
2022  62  24558 GPS  -2267809.287  5009351.866  3221007.572
2022  62  24559 GPS  -2267809.295  5009351.877  3221007.573
2022  62  24560 GPS  -2267809.312  5009351.899  3221007.581
2022  62  24561 GPS  -2267809.329  5009351.915  3221007.584
2022  62  24562 GPS  -2267809.337  5009351.924  3221007.588
2022  62  24563 GPS  -2267809.348  5009351.927  3221007.592
2022  62  24564 GPS  -2267809.355  5009351.936  3221007.598
2022  62  24565 GPS  -2267809.361  5009351.957  3221007.607
2022  62  24566 GPS  -2267809.363  5009351.960  3221007.613
2022  62  24567 GPS  -2267809.372  5009351.968  3221007.616
2022  62  24568 GPS  -2267809.381  5009351.985  3221007.623
2022  62  24569 GPS  -2267809.383  5009351.990  3221007.626
2022  62  24570 GPS  -2267809.382  5009351.989  3221007.623
2022  62  24571 GPS  -2267809.024  5009350.773  3221006.465
2022  62  24572 GPS  -2267809.027  5009350.784  3221006.474
2022  62  24573 GPS  -2267809.029  5009350.804  3221006.484
2022  62  24574 GPS  -2267809.028  5009350.818  3221006.493
2022  62  24575 GPS  -2267809.029  5009350.834  3221006.504
2022  62  24576 GPS  -2267809.023  5009350.837  3221006.510
2022  62  24577 GPS  -2267809.023  5009350.850  3221006.520
2022  62  24578 GPS  -2267809.023  5009350.863  3221006.528
2022  62  24579 GPS  -2267809.028  5009350.879  3221006.540
2022  62  24580 GPS  -2267809.481  5009352.396  3221007.994
2022  62  24581 GPS  -2267809.419  5009352.180  3221007.800
2022  62  24582 GPS  -2267809.388  5009352.076  3221007.701
2022  62  24583 GPS  -2267809.418  5009352.150  3221007.775
2022  62  24584 GPS  -2267809.414  5009352.120  3221007.743
2022  62  24585 GPS  -2267809.408  5009352.110  3221007.733
2022  62  24586 GPS  -2267809.405  5009352.126  3221007.744
2022  62  24587 GPS  -2267809.393  5009352.080  3221007.702
2022  62  24588 GPS  -2267809.381  5009352.032  3221007.659
2022  62  24589 GPS  -2267809.378  5009352.027  3221007.655
2022  62  24590 GPS  -2267809.389  5009352.070  3221007.700
2022  62  24591 GPS  -2267809.402  5009352.119  3221007.749
2022  62  24592 GPS  -2267809.408  5009352.154  3221007.777
2022  62  24593 GPS  -2267809.395  5009352.108  3221007.738
2022  62  24594 GPS  -2267809.383  5009352.059  3221007.703
2022  62  24595 GPS  -2267809.373  5009352.031  3221007.682
2022  62  24596 GPS  -2267809.366  5009352.016  3221007.667
2022  62  24597 GPS  -2267809.372  5009352.034  3221007.690
2022  62  24598 GPS  -2267809.356  5009351.991  3221007.651
2022  62  24599 GPS  -2267809.330  5009351.917  3221007.588
2022  62  24600 GPS  -2267809.317  5009351.872  3221007.547
2022  62  24601 GPS  -2267809.315  5009351.866  3221007.549
2022  62  24602 GPS  -2267809.310  5009351.865  3221007.553
2022  62  24603 GPS  -2267809.315  5009351.862  3221007.562
2022  62  24604 GPS  -2267809.321  5009351.860  3221007.576
2022  62  24605 GPS  -2267809.322  5009351.856  3221007.583
2022  62  24606 GPS  -2267809.323  5009351.857  3221007.582
2022  62  24607 GPS  -2267809.312  5009351.824  3221007.558
2022  62  24608 GPS  -2267809.312  5009351.815  3221007.563
2022  62  24609 GPS  -2267809.314  5009351.812  3221007.564
2022  62  24610 GPS  -2267809.313  5009351.803  3221007.565
2022  62  24611 GPS  -2267809.310  5009351.796  3221007.562
2022  62  24612 GPS  -2267809.318  5009351.795  3221007.560
2022  62  24613 GPS  -2267809.328  5009351.800  3221007.566
2022  62  24614 GPS  -2267809.338  5009351.804  3221007.570
2022  62  24615 GPS  -2267809.342  5009351.801  3221007.569
2022  62  24616 GPS  -2267809.346  5009351.798  3221007.571
2022  62  24617 GPS  -2267809.339  5009351.785  3221007.565
2022  62  24618 GPS  -2267809.346  5009351.793  3221007.567
2022  62  24619 GPS  -2267809.352  5009351.800  3221007.571
2022  62  24620 GPS  -2267809.354  5009351.813  3221007.577
2022  62  24621 GPS  -2267809.043  5009350.780  3221006.576
2022  62  24622 GPS  -2267809.043  5009350.783  3221006.578
2022  62  24623 GPS  -2267809.045  5009350.788  3221006.581
2022  62  24624 GPS  -2267809.049  5009350.797  3221006.587
2022  62  24625 GPS  -2267809.048  5009350.794  3221006.589
2022  62  24626 GPS  -2267809.046  5009350.798  3221006.592
2022  62  24627 GPS  -2267809.050  5009350.809  3221006.599
2022  62  24628 GPS  -2267809.045  5009350.811  3221006.598
2022  62  24629 GPS  -2267809.048  5009350.818  3221006.598
2022  62  24630 GPS  -2267809.049  5009350.828  3221006.600
2022  62  24631 GPS  -2267809.048  5009350.828  3221006.598
2022  62  24632 GPS  -2267809.286  5009351.621  3221007.353
2022  62  24633 GPS  -2267809.351  5009351.847  3221007.562
2022  62  24634 GPS  -2267809.404  5009352.028  3221007.735
2022  62  24635 GPS  -2267809.449  5009352.185  3221007.886
2022  62  24636 GPS  -2267809.418  5009352.079  3221007.788
2022  62  24637 GPS  -2267809.423  5009352.096  3221007.802
2022  62  24638 GPS  -2267809.424  5009352.105  3221007.810
2022  62  24639 GPS  -2267809.430  5009352.123  3221007.826
2022  62  24640 GPS  -2267809.420  5009352.102  3221007.803
2022  62  24641 GPS  -2267809.419  5009352.076  3221007.770
2022  62  24642 GPS  -2267809.438  5009352.113  3221007.798
2022  62  24643 GPS  -2267809.430  5009352.087  3221007.773
2022  62  24644 GPS  -2267809.412  5009352.047  3221007.739
2022  62  24645 GPS  -2267809.403  5009352.040  3221007.737
2022  62  24646 GPS  -2267809.403  5009352.060  3221007.751
2022  62  24647 GPS  -2267809.415  5009352.094  3221007.775
2022  62  24648 GPS  -2267809.426  5009352.147  3221007.823
2022  62  24649 GPS  -2267809.407  5009352.089  3221007.765
2022  62  24650 GPS  -2267809.398  5009352.065  3221007.747
2022  62  24651 GPS  -2267809.391  5009352.053  3221007.740
2022  62  24652 GPS  -2267809.387  5009352.048  3221007.738
2022  62  24653 GPS  -2267809.389  5009352.072  3221007.760
2022  62  24654 GPS  -2267809.383  5009352.070  3221007.764
2022  62  24655 GPS  -2267809.382  5009352.080  3221007.773
2022  62  24656 GPS  -2267809.389  5009352.104  3221007.791
2022  62  24657 GPS  -2267809.395  5009352.117  3221007.802
2022  62  24658 GPS  -2267809.395  5009352.105  3221007.800
2022  62  24659 GPS  -2267809.386  5009352.091  3221007.792
2022  62  24660 GPS  -2267809.387  5009352.094  3221007.794
2022  62  24661 GPS  -2267809.393  5009352.093  3221007.792
2022  62  24662 GPS  -2267809.394  5009352.096  3221007.788
2022  62  24663 GPS  -2267809.399  5009352.103  3221007.796
2022  62  24664 GPS  -2267809.407  5009352.110  3221007.803
2022  62  24665 GPS  -2267809.410  5009352.111  3221007.805
2022  62  24666 GPS  -2267809.419  5009352.117  3221007.812
2022  62  24667 GPS  -2267809.425  5009352.130  3221007.821
2022  62  24668 GPS  -2267809.428  5009352.133  3221007.820
2022  62  24669 GPS  -2267809.432  5009352.136  3221007.824
2022  62  24670 GPS  -2267809.441  5009352.146  3221007.831
2022  62  24671 GPS  -2267809.444  5009352.145  3221007.834
2022  62  24672 GPS  -2267809.448  5009352.143  3221007.840
2022  62  24673 GPS  -2267809.451  5009352.144  3221007.850
2022  62  24674 GPS  -2267809.455  5009352.143  3221007.857
2022  62  24675 GPS  -2267809.454  5009352.141  3221007.853
2022  62  24676 GPS  -2267809.453  5009352.143  3221007.857
2022  62  24677 GPS  -2267809.464  5009352.155  3221007.860
2022  62  24678 GPS  -2267809.465  5009352.155  3221007.863
2022  62  24679 GPS  -2267809.468  5009352.164  3221007.869
2022  62  24680 GPS  -2267809.474  5009352.174  3221007.876
2022  62  24681 GPS  -2267809.122  5009351.015  3221006.746
2022  62  24682 GPS  -2267809.124  5009351.021  3221006.746
2022  62  24683 GPS  -2267809.121  5009351.025  3221006.747
2022  62  24684 GPS  -2267809.125  5009351.023  3221006.739
2022  62  24685 GPS  -2267809.123  5009351.028  3221006.733
2022  62  24686 GPS  -2267809.128  5009351.029  3221006.730
2022  62  24687 GPS  -2267809.121  5009351.028  3221006.726
2022  62  24688 GPS  -2267809.121  5009351.023  3221006.716
2022  62  24689 GPS  -2267809.124  5009351.022  3221006.714
2022  62  24690 GPS  -2267809.134  5009351.038  3221006.723
2022  62  24691 GPS  -2267809.134  5009351.037  3221006.722
2022  62  24692 GPS  -2267809.475  5009352.152  3221007.807
2022  62  24693 GPS  -2267809.489  5009352.186  3221007.844
2022  62  24694 GPS  -2267809.478  5009352.140  3221007.804
2022  62  24695 GPS  -2267809.462  5009352.091  3221007.765
2022  62  24696 GPS  -2267809.468  5009352.127  3221007.800
2022  62  24697 GPS  -2267809.457  5009352.093  3221007.768
2022  62  24698 GPS  -2267809.444  5009352.057  3221007.730
2022  62  24699 GPS  -2267809.438  5009352.034  3221007.704
2022  62  24700 GPS  -2267809.440  5009352.037  3221007.705
2022  62  24701 GPS  -2267809.460  5009352.106  3221007.774
2022  62  24702 GPS  -2267809.484  5009352.166  3221007.826
2022  62  24703 GPS  -2267809.484  5009352.155  3221007.817
2022  62  24704 GPS  -2267809.481  5009352.149  3221007.815
2022  62  24705 GPS  -2267809.490  5009352.176  3221007.851
2022  62  24706 GPS  -2267809.498  5009352.198  3221007.880
2022  62  24707 GPS  -2267809.483  5009352.163  3221007.849
2022  62  24708 GPS  -2267809.475  5009352.141  3221007.826
2022  62  24709 GPS  -2267809.474  5009352.139  3221007.820
2022  62  24710 GPS  -2267809.476  5009352.141  3221007.816
2022  62  24711 GPS  -2267809.484  5009352.166  3221007.835
2022  62  24712 GPS  -2267809.490  5009352.203  3221007.866
2022  62  24713 GPS  -2267809.486  5009352.212  3221007.866
2022  62  24714 GPS  -2267809.487  5009352.245  3221007.888
2022  62  24715 GPS  -2267809.493  5009352.266  3221007.908
2022  62  24716 GPS  -2267809.491  5009352.269  3221007.899
2022  62  24717 GPS  -2267809.491  5009352.271  3221007.901
2022  62  24718 GPS  -2267809.486  5009352.275  3221007.904
2022  62  24719 GPS  -2267809.487  5009352.277  3221007.897
2022  62  24720 GPS  -2267809.487  5009352.282  3221007.893
2022  62  24721 GPS  -2267809.490  5009352.287  3221007.893
2022  62  24722 GPS  -2267809.485  5009352.285  3221007.891
2022  62  24723 GPS  -2267809.481  5009352.283  3221007.887
2022  62  24724 GPS  -2267809.479  5009352.284  3221007.892
2022  62  24725 GPS  -2267809.478  5009352.293  3221007.897
2022  62  24726 GPS  -2267809.478  5009352.299  3221007.905
2022  62  24727 GPS  -2267809.477  5009352.305  3221007.913
2022  62  24728 GPS  -2267809.469  5009352.306  3221007.915
2022  62  24729 GPS  -2267809.468  5009352.312  3221007.920
2022  62  24730 GPS  -2267809.465  5009352.316  3221007.919
2022  62  24731 GPS  -2267809.459  5009352.318  3221007.918
2022  62  24732 GPS  -2267809.449  5009352.318  3221007.919
2022  62  24733 GPS  -2267809.445  5009352.317  3221007.923
2022  62  24734 GPS  -2267809.444  5009352.324  3221007.922
2022  62  24735 GPS  -2267809.442  5009352.337  3221007.921
2022  62  24736 GPS  -2267809.439  5009352.343  3221007.912
2022  62  24737 GPS  -2267809.436  5009352.345  3221007.907
2022  62  24738 GPS  -2267809.428  5009352.331  3221007.897
2022  62  24739 GPS  -2267809.423  5009352.337  3221007.900
2022  62  24740 GPS  -2267809.418  5009352.334  3221007.898
2022  62  24741 GPS  -2267809.411  5009352.333  3221007.889
2022  62  24742 GPS  -2267809.402  5009352.329  3221007.887
2022  62  24743 GPS  -2267809.392  5009352.322  3221007.883
2022  62  24744 GPS  -2267809.392  5009352.323  3221007.886
2022  62  24745 GPS  -2267809.397  5009352.319  3221007.890
2022  62  24746 GPS  -2267809.389  5009352.311  3221007.889
2022  62  24747 GPS  -2267809.385  5009352.305  3221007.888
2022  62  24748 GPS  -2267809.378  5009352.292  3221007.878
2022  62  24749 GPS  -2267809.370  5009352.285  3221007.873
2022  62  24750 GPS  -2267809.367  5009352.281  3221007.872
2022  62  24751 GPS  -2267808.985  5009351.057  3221006.671
2022  62  24752 GPS  -2267808.986  5009351.062  3221006.670
2022  62  24753 GPS  -2267808.994  5009351.068  3221006.673
2022  62  24754 GPS  -2267809.001  5009351.063  3221006.668
2022  62  24755 GPS  -2267809.007  5009351.071  3221006.670
2022  62  24756 GPS  -2267809.008  5009351.081  3221006.672
2022  62  24757 GPS  -2267809.010  5009351.085  3221006.675
2022  62  24758 GPS  -2267809.013  5009351.083  3221006.677
2022  62  24759 GPS  -2267809.011  5009351.084  3221006.671
2022  62  24760 GPS  -2267808.997  5009351.070  3221006.650
2022  62  24761 GPS  -2267809.039  5009351.223  3221006.798
2022  62  24762 GPS  -2267809.322  5009352.122  3221007.677
2022  62  24763 GPS  -2267809.368  5009352.276  3221007.820
2022  62  24764 GPS  -2267809.365  5009352.267  3221007.807
2022  62  24765 GPS  -2267809.391  5009352.350  3221007.887
2022  62  24766 GPS  -2267809.386  5009352.339  3221007.874
2022  62  24767 GPS  -2267809.393  5009352.356  3221007.881
2022  62  24768 GPS  -2267809.399  5009352.374  3221007.896
2022  62  24769 GPS  -2267809.402  5009352.387  3221007.907
2022  62  24770 GPS  -2267809.421  5009352.451  3221007.956
2022  62  24771 GPS  -2267809.416  5009352.445  3221007.945
2022  62  24772 GPS  -2267809.411  5009352.446  3221007.936
2022  62  24773 GPS  -2267809.412  5009352.449  3221007.931
2022  62  24774 GPS  -2267809.411  5009352.451  3221007.930
2022  62  24775 GPS  -2267809.412  5009352.457  3221007.930
2022  62  24776 GPS  -2267809.435  5009352.524  3221007.984
2022  62  24777 GPS  -2267809.427  5009352.497  3221007.950
2022  62  24778 GPS  -2267809.423  5009352.484  3221007.940
2022  62  24779 GPS  -2267809.436  5009352.493  3221007.952
2022  62  24780 GPS  -2267809.443  5009352.490  3221007.953
2022  62  24781 GPS  -2267809.451  5009352.491  3221007.956
2022  62  24782 GPS  -2267809.440  5009352.453  3221007.913
2022  62  24783 GPS  -2267809.441  5009352.463  3221007.915
2022  62  24784 GPS  -2267809.441  5009352.460  3221007.906
2022  62  24785 GPS  -2267809.439  5009352.449  3221007.898
2022  62  24786 GPS  -2267809.434  5009352.444  3221007.887
2022  62  24787 GPS  -2267809.428  5009352.419  3221007.868
2022  62  24788 GPS  -2267809.423  5009352.405  3221007.861
2022  62  24789 GPS  -2267809.419  5009352.399  3221007.854
2022  62  24790 GPS  -2267809.427  5009352.401  3221007.860
2022  62  24791 GPS  -2267809.432  5009352.414  3221007.869
2022  62  24792 GPS  -2267809.442  5009352.420  3221007.868
2022  62  24793 GPS  -2267809.446  5009352.426  3221007.871
2022  62  24794 GPS  -2267809.451  5009352.418  3221007.873
2022  62  24795 GPS  -2267809.454  5009352.416  3221007.870
2022  62  24796 GPS  -2267809.461  5009352.417  3221007.877
2022  62  24797 GPS  -2267809.467  5009352.426  3221007.884
2022  62  24798 GPS  -2267809.472  5009352.438  3221007.886
2022  62  24799 GPS  -2267809.479  5009352.441  3221007.883
2022  62  24800 GPS  -2267809.484  5009352.437  3221007.876
2022  62  24801 GPS  -2267809.101  5009351.237  3221006.692
2022  62  24802 GPS  -2267809.107  5009351.238  3221006.697
2022  62  24803 GPS  -2267809.103  5009351.238  3221006.697
2022  62  24804 GPS  -2267809.101  5009351.245  3221006.699
2022  62  24805 GPS  -2267809.100  5009351.249  3221006.698
2022  62  24806 GPS  -2267809.102  5009351.247  3221006.692
2022  62  24807 GPS  -2267809.106  5009351.249  3221006.681
2022  62  24808 GPS  -2267809.105  5009351.253  3221006.685
2022  62  24809 GPS  -2267809.099  5009351.243  3221006.684
2022  62  24810 GPS  -2267809.568  5009352.702  3221008.128
2022  62  24811 GPS  -2267809.093  5009351.243  3221006.687
2022  62  24812 GPS  -2267809.094  5009351.247  3221006.694
2022  62  24813 GPS  -2267809.089  5009351.253  3221006.692
2022  62  24814 GPS  -2267809.088  5009351.262  3221006.688
2022  62  24815 GPS  -2267809.083  5009351.266  3221006.684
2022  62  24816 GPS  -2267809.073  5009351.270  3221006.682
2022  62  24817 GPS  -2267809.067  5009351.274  3221006.682
2022  62  24818 GPS  -2267809.064  5009351.286  3221006.680
2022  62  24819 GPS  -2267809.229  5009351.515  3221006.918
2022  62  24820 GPS  -2267809.227  5009351.521  3221006.920
2022  62  24821 GPS  -2267809.226  5009351.515  3221006.912
2022  62  24822 GPS  -2267809.646  5009352.931  3221008.310
2022  62  24823 GPS  -2267809.581  5009352.731  3221008.122
2022  62  24824 GPS  -2267809.546  5009352.603  3221008.002
2022  62  24825 GPS  -2267809.523  5009352.538  3221007.943
2022  62  24826 GPS  -2267809.527  5009352.539  3221007.950
2022  62  24827 GPS  -2267809.512  5009352.483  3221007.899
2022  62  24828 GPS  -2267809.517  5009352.488  3221007.912
2022  62  24829 GPS  -2267809.505  5009352.459  3221007.887
2022  62  24830 GPS  -2267809.510  5009352.464  3221007.897
2022  62  24831 GPS  -2267809.517  5009352.474  3221007.906
2022  62  24832 GPS  -2267809.532  5009352.529  3221007.960
2022  62  24833 GPS  -2267809.541  5009352.558  3221007.986
2022  62  24834 GPS  -2267809.537  5009352.542  3221007.975
2022  62  24835 GPS  -2267809.525  5009352.509  3221007.950
2022  62  24836 GPS  -2267809.518  5009352.507  3221007.942
2022  62  24837 GPS  -2267809.522  5009352.510  3221007.944
2022  62  24838 GPS  -2267809.522  5009352.503  3221007.942
2022  62  24839 GPS  -2267809.524  5009352.501  3221007.941
2022  62  24840 GPS  -2267809.527  5009352.516  3221007.954
2022  62  24841 GPS  -2267809.532  5009352.527  3221007.961
2022  62  24842 GPS  -2267809.533  5009352.528  3221007.963
2022  62  24843 GPS  -2267809.531  5009352.522  3221007.956
2022  62  24844 GPS  -2267809.536  5009352.529  3221007.960
2022  62  24845 GPS  -2267809.541  5009352.549  3221007.978
2022  62  24846 GPS  -2267809.543  5009352.556  3221007.982
2022  62  24847 GPS  -2267809.546  5009352.558  3221007.984
2022  62  24848 GPS  -2267809.543  5009352.553  3221007.984
2022  62  24849 GPS  -2267809.543  5009352.555  3221007.980
2022  62  24850 GPS  -2267809.543  5009352.561  3221007.987
2022  62  24851 GPS  -2267809.232  5009351.530  3221006.965
2022  62  24852 GPS  -2267809.229  5009351.528  3221006.964
2022  62  24853 GPS  -2267809.226  5009351.532  3221006.966
2022  62  24854 GPS  -2267809.224  5009351.538  3221006.969
2022  62  24855 GPS  -2267809.223  5009351.545  3221006.971
2022  62  24856 GPS  -2267809.225  5009351.552  3221006.980
2022  62  24857 GPS  -2267809.230  5009351.560  3221006.988
2022  62  24858 GPS  -2267809.518  5009352.517  3221007.940
2022  62  24859 GPS  -2267809.536  5009352.569  3221007.991
2022  62  24860 GPS  -2267809.543  5009352.574  3221007.987
2022  62  24861 GPS  -2267809.544  5009352.565  3221007.968
2022  62  24862 GPS  -2267809.557  5009352.582  3221007.979
2022  62  24863 GPS  -2267809.565  5009352.586  3221007.978
2022  62  24864 GPS  -2267809.568  5009352.579  3221007.972
2022  62  24865 GPS  -2267809.580  5009352.593  3221007.984
2022  62  24866 GPS  -2267809.601  5009352.648  3221008.030
2022  62  24867 GPS  -2267809.601  5009352.638  3221008.015
2022  62  24868 GPS  -2267809.611  5009352.644  3221008.024
2022  62  24869 GPS  -2267809.622  5009352.657  3221008.039
2022  62  24870 GPS  -2267809.642  5009352.697  3221008.073
2022  62  24871 GPS  -2267809.654  5009352.704  3221008.079
2022  62  24872 GPS  -2267809.667  5009352.719  3221008.103
2022  62  24873 GPS  -2267809.661  5009352.686  3221008.067
2022  62  24874 GPS  -2267809.665  5009352.676  3221008.058
2022  62  24875 GPS  -2267809.671  5009352.675  3221008.063
2022  62  24876 GPS  -2267809.693  5009352.707  3221008.101
2022  62  24877 GPS  -2267809.711  5009352.741  3221008.140
2022  62  24878 GPS  -2267809.724  5009352.749  3221008.149
2022  62  24879 GPS  -2267809.738  5009352.763  3221008.167
2022  62  24880 GPS  -2267809.742  5009352.762  3221008.172
2022  62  24881 GPS  -2267809.744  5009352.760  3221008.173
2022  62  24882 GPS  -2267809.749  5009352.752  3221008.165
2022  62  24883 GPS  -2267809.752  5009352.741  3221008.155
2022  62  24884 GPS  -2267809.752  5009352.725  3221008.147
2022  62  24885 GPS  -2267809.744  5009352.702  3221008.133
2022  62  24886 GPS  -2267809.739  5009352.695  3221008.136
2022  62  24887 GPS  -2267809.732  5009352.687  3221008.138
2022  62  24888 GPS  -2267809.721  5009352.678  3221008.138
2022  62  24889 GPS  -2267809.715  5009352.673  3221008.139
2022  62  24890 GPS  -2267809.715  5009352.667  3221008.135
2022  62  24891 GPS  -2267809.417  5009351.698  3221007.169
2022  62  24892 GPS  -2267809.415  5009351.698  3221007.171
2022  62  24893 GPS  -2267809.410  5009351.691  3221007.164
2022  62  24894 GPS  -2267809.410  5009351.687  3221007.160
2022  62  24895 GPS  -2267809.410  5009351.687  3221007.160
2022  62  24896 GPS  -2267809.408  5009351.682  3221007.159
2022  62  24897 GPS  -2267809.411  5009351.689  3221007.165
2022  62  24898 GPS  -2267809.411  5009351.703  3221007.172
2022  62  24899 GPS  -2267809.413  5009351.708  3221007.176
2022  62  24900 GPS  -2267809.932  5009353.421  3221008.887
2022  62  24901 GPS  -2267809.781  5009352.930  3221008.391
2022  62  24902 GPS  -2267809.737  5009352.803  3221008.264
2022  62  24903 GPS  -2267809.721  5009352.774  3221008.233
2022  62  24904 GPS  -2267809.711  5009352.766  3221008.217
2022  62  24905 GPS  -2267809.702  5009352.743  3221008.189
2022  62  24906 GPS  -2267809.701  5009352.738  3221008.173
2022  62  24907 GPS  -2267809.703  5009352.735  3221008.166
2022  62  24908 GPS  -2267809.700  5009352.722  3221008.163
2022  62  24909 GPS  -2267809.669  5009352.635  3221008.077
2022  62  24910 GPS  -2267809.674  5009352.666  3221008.106
2022  62  24911 GPS  -2267809.685  5009352.706  3221008.152
2022  62  24912 GPS  -2267809.685  5009352.717  3221008.166
2022  62  24913 GPS  -2267809.677  5009352.709  3221008.157
2022  62  24914 GPS  -2267809.690  5009352.767  3221008.208
2022  62  24915 GPS  -2267809.686  5009352.770  3221008.208
2022  62  24916 GPS  -2267809.674  5009352.755  3221008.189
2022  62  24917 GPS  -2267809.664  5009352.744  3221008.178
2022  62  24918 GPS  -2267809.664  5009352.750  3221008.181
2022  62  24919 GPS  -2267809.667  5009352.768  3221008.198
2022  62  24920 GPS  -2267809.668  5009352.785  3221008.217
2022  62  24921 GPS  -2267809.665  5009352.797  3221008.228
2022  62  24922 GPS  -2267809.656  5009352.795  3221008.225
2022  62  24923 GPS  -2267809.659  5009352.805  3221008.225
2022  62  24924 GPS  -2267809.655  5009352.804  3221008.218
2022  62  24925 GPS  -2267809.652  5009352.802  3221008.208
2022  62  24926 GPS  -2267809.648  5009352.792  3221008.195
2022  62  24927 GPS  -2267809.652  5009352.796  3221008.194
2022  62  24928 GPS  -2267809.657  5009352.796  3221008.186
2022  62  24929 GPS  -2267809.657  5009352.799  3221008.183
2022  62  24930 GPS  -2267809.657  5009352.804  3221008.182
2022  62  24931 GPS  -2267809.653  5009352.799  3221008.180
2022  62  24932 GPS  -2267809.652  5009352.798  3221008.177
2022  62  24933 GPS  -2267809.653  5009352.802  3221008.175
2022  62  24934 GPS  -2267809.653  5009352.803  3221008.173
2022  62  24935 GPS  -2267809.650  5009352.797  3221008.173
2022  62  24936 GPS  -2267809.649  5009352.788  3221008.166
2022  62  24937 GPS  -2267809.639  5009352.779  3221008.162
2022  62  24938 GPS  -2267809.628  5009352.764  3221008.158
2022  62  24939 GPS  -2267809.616  5009352.748  3221008.145
2022  62  24940 GPS  -2267809.614  5009352.747  3221008.141
2022  62  24941 GPS  -2267809.608  5009352.740  3221008.135
2022  62  24942 GPS  -2267809.608  5009352.736  3221008.136
2022  62  24943 GPS  -2267809.609  5009352.729  3221008.135
2022  62  24944 GPS  -2267809.605  5009352.722  3221008.136
2022  62  24945 GPS  -2267809.605  5009352.720  3221008.137
2022  62  24946 GPS  -2267809.602  5009352.719  3221008.136
2022  62  24947 GPS  -2267809.603  5009352.716  3221008.133
2022  62  24948 GPS  -2267809.608  5009352.725  3221008.134
2022  62  24949 GPS  -2267809.604  5009352.723  3221008.128
2022  62  24950 GPS  -2267809.600  5009352.723  3221008.120
2022  62  24951 GPS  -2267809.272  5009351.655  3221007.032
2022  62  24952 GPS  -2267809.265  5009351.651  3221007.025
2022  62  24953 GPS  -2267809.259  5009351.647  3221007.021
2022  62  24954 GPS  -2267809.258  5009351.647  3221007.016
2022  62  24955 GPS  -2267809.256  5009351.649  3221007.006
2022  62  24956 GPS  -2267809.255  5009351.651  3221006.995
2022  62  24957 GPS  -2267809.247  5009351.644  3221006.989
2022  62  24958 GPS  -2267809.242  5009351.640  3221006.984
2022  62  24959 GPS  -2267809.245  5009351.644  3221006.979
2022  62  24960 GPS  -2267809.250  5009351.656  3221006.980
2022  62  24961 GPS  -2267809.255  5009351.666  3221006.979
2022  62  24962 GPS  -2267809.259  5009351.673  3221006.973
2022  62  24963 GPS  -2267809.261  5009351.678  3221006.974
2022  62  24964 GPS  -2267809.259  5009351.672  3221006.971
2022  62  24965 GPS  -2267809.261  5009351.673  3221006.969
2022  62  24966 GPS  -2267809.257  5009351.658  3221006.963
2022  62  24967 GPS  -2267809.251  5009351.639  3221006.956
2022  62  24968 GPS  -2267809.241  5009351.625  3221006.946
2022  62  24969 GPS  -2267809.233  5009351.614  3221006.934
2022  62  24970 GPS  -2267809.228  5009351.610  3221006.932
2022  62  24971 GPS  -2267809.219  5009351.595  3221006.930
2022  62  24972 GPS  -2267809.213  5009351.589  3221006.929
2022  62  24973 GPS  -2267809.207  5009351.590  3221006.934
2022  62  24974 GPS  -2267809.199  5009351.578  3221006.929
2022  62  24975 GPS  -2267809.195  5009351.570  3221006.927
2022  62  24976 GPS  -2267809.193  5009351.566  3221006.925
2022  62  24977 GPS  -2267809.190  5009351.559  3221006.924
2022  62  24978 GPS  -2267809.193  5009351.556  3221006.920
2022  62  24979 GPS  -2267809.192  5009351.558  3221006.916
2022  62  24980 GPS  -2267809.538  5009352.670  3221008.044
2022  62  24981 GPS  -2267809.189  5009351.548  3221006.900
2022  62  24982 GPS  -2267809.190  5009351.546  3221006.893
2022  62  24983 GPS  -2267809.196  5009351.552  3221006.888
2022  62  24984 GPS  -2267809.205  5009351.567  3221006.893
2022  62  24985 GPS  -2267809.215  5009351.580  3221006.905
2022  62  24986 GPS  -2267809.222  5009351.592  3221006.914
2022  62  24987 GPS  -2267809.223  5009351.601  3221006.920
2022  62  24988 GPS  -2267809.217  5009351.601  3221006.912
2022  62  24989 GPS  -2267809.211  5009351.597  3221006.911
2022  62  24990 GPS  -2267809.206  5009351.599  3221006.907
2022  62  24991 GPS  -2267809.823  5009353.591  3221008.923
2022  62  24992 GPS  -2267809.570  5009352.775  3221008.081
2022  62  24993 GPS  -2267809.537  5009352.667  3221007.959
2022  62  24994 GPS  -2267809.551  5009352.713  3221008.008
2022  62  24995 GPS  -2267809.563  5009352.740  3221008.026
2022  62  24996 GPS  -2267809.555  5009352.738  3221008.029
2022  62  24997 GPS  -2267809.562  5009352.769  3221008.069
2022  62  24998 GPS  -2267809.563  5009352.762  3221008.060
2022  62  24999 GPS  -2267809.560  5009352.750  3221008.051
2022  62  25000 GPS  -2267809.572  5009352.785  3221008.088
2022  62  25001 GPS  -2267809.566  5009352.747  3221008.051
2022  62  25002 GPS  -2267809.552  5009352.707  3221008.012
2022  62  25003 GPS  -2267809.540  5009352.662  3221007.966
2022  62  25004 GPS  -2267809.543  5009352.646  3221007.952
2022  62  25005 GPS  -2267809.546  5009352.651  3221007.951
2022  62  25006 GPS  -2267809.542  5009352.625  3221007.928
2022  62  25007 GPS  -2267809.561  5009352.658  3221007.966
2022  62  25008 GPS  -2267809.556  5009352.625  3221007.935
2022  62  25009 GPS  -2267809.547  5009352.597  3221007.907
2022  62  25010 GPS  -2267809.548  5009352.584  3221007.899
2022  62  25011 GPS  -2267809.549  5009352.589  3221007.900
2022  62  25012 GPS  -2267809.546  5009352.586  3221007.886
2022  62  25013 GPS  -2267809.556  5009352.606  3221007.896
2022  62  25014 GPS  -2267809.559  5009352.617  3221007.905
2022  62  25015 GPS  -2267809.561  5009352.622  3221007.908
2022  62  25016 GPS  -2267809.562  5009352.616  3221007.898
2022  62  25017 GPS  -2267809.569  5009352.619  3221007.894
2022  62  25018 GPS  -2267809.578  5009352.610  3221007.881
2022  62  25019 GPS  -2267809.589  5009352.615  3221007.883
2022  62  25020 GPS  -2267809.591  5009352.625  3221007.888
2022  62  25021 GPS  -2267809.594  5009352.624  3221007.890
2022  62  25022 GPS  -2267809.593  5009352.624  3221007.893
2022  62  25023 GPS  -2267809.592  5009352.629  3221007.891
2022  62  25024 GPS  -2267809.593  5009352.629  3221007.892
2022  62  25025 GPS  -2267809.591  5009352.626  3221007.888
2022  62  25026 GPS  -2267809.592  5009352.621  3221007.884
2022  62  25027 GPS  -2267809.592  5009352.617  3221007.879
2022  62  25028 GPS  -2267809.591  5009352.625  3221007.882
2022  62  25029 GPS  -2267809.598  5009352.637  3221007.882
2022  62  25030 GPS  -2267809.599  5009352.640  3221007.886
2022  62  25031 GPS  -2267809.293  5009351.678  3221006.898
2022  62  25032 GPS  -2267809.295  5009351.683  3221006.894
2022  62  25033 GPS  -2267809.295  5009351.692  3221006.892
2022  62  25034 GPS  -2267809.294  5009351.698  3221006.889
2022  62  25035 GPS  -2267809.298  5009351.708  3221006.893
2022  62  25036 GPS  -2267809.301  5009351.712  3221006.898
2022  62  25037 GPS  -2267809.303  5009351.714  3221006.896
2022  62  25038 GPS  -2267809.295  5009351.711  3221006.891
2022  62  25039 GPS  -2267809.287  5009351.705  3221006.885
2022  62  25040 GPS  -2267809.719  5009353.093  3221008.314
2022  62  25041 GPS  -2267809.644  5009352.863  3221008.088
2022  62  25042 GPS  -2267809.596  5009352.727  3221007.954
2022  62  25043 GPS  -2267809.585  5009352.697  3221007.927
2022  62  25044 GPS  -2267809.589  5009352.714  3221007.957
2022  62  25045 GPS  -2267809.574  5009352.680  3221007.923
2022  62  25046 GPS  -2267809.571  5009352.679  3221007.924
2022  62  25047 GPS  -2267809.581  5009352.725  3221007.973
2022  62  25048 GPS  -2267809.584  5009352.732  3221007.979
2022  62  25049 GPS  -2267809.578  5009352.717  3221007.965
2022  62  25050 GPS  -2267809.570  5009352.714  3221007.964
2022  62  25051 GPS  -2267809.572  5009352.724  3221007.973
2022  62  25052 GPS  -2267809.579  5009352.743  3221007.992
2022  62  25053 GPS  -2267809.587  5009352.765  3221008.013
2022  62  25054 GPS  -2267809.589  5009352.776  3221008.016
2022  62  25055 GPS  -2267809.588  5009352.782  3221008.026
2022  62  25056 GPS  -2267809.574  5009352.759  3221007.998
2022  62  25057 GPS  -2267809.569  5009352.752  3221007.985
2022  62  25058 GPS  -2267809.586  5009352.801  3221008.027
2022  62  25059 GPS  -2267809.594  5009352.842  3221008.067
2022  62  25060 GPS  -2267809.585  5009352.833  3221008.051
2022  62  25061 GPS  -2267809.240  5009351.739  3221006.921
2022  62  25062 GPS  -2267809.242  5009351.738  3221006.918
2022  62  25063 GPS  -2267809.245  5009351.739  3221006.915
2022  62  25064 GPS  -2267809.250  5009351.744  3221006.921
2022  62  25065 GPS  -2267809.252  5009351.750  3221006.925
2022  62  25066 GPS  -2267809.251  5009351.750  3221006.924
2022  62  25067 GPS  -2267809.249  5009351.755  3221006.926
2022  62  25068 GPS  -2267809.253  5009351.751  3221006.924
2022  62  25069 GPS  -2267809.251  5009351.749  3221006.926
2022  62  25070 GPS  -2267809.580  5009352.784  3221008.001
2022  62  25071 GPS  -2267809.589  5009352.807  3221008.023
2022  62  25072 GPS  -2267809.608  5009352.839  3221008.052
2022  62  25073 GPS  -2267809.609  5009352.814  3221008.024
2022  62  25074 GPS  -2267809.599  5009352.769  3221007.987
2022  62  25075 GPS  -2267809.596  5009352.747  3221007.971
2022  62  25076 GPS  -2267809.623  5009352.821  3221008.042
2022  62  25077 GPS  -2267809.625  5009352.810  3221008.029
2022  62  25078 GPS  -2267809.631  5009352.798  3221008.022
2022  62  25079 GPS  -2267809.641  5009352.817  3221008.039
2022  62  25080 GPS  -2267809.656  5009352.845  3221008.061
2022  62  25081 GPS  -2267809.316  5009351.752  3221006.922
2022  62  25082 GPS  -2267809.317  5009351.748  3221006.912
2022  62  25083 GPS  -2267809.318  5009351.748  3221006.910
2022  62  25084 GPS  -2267809.319  5009351.745  3221006.906
2022  62  25085 GPS  -2267809.322  5009351.747  3221006.906
2022  62  25086 GPS  -2267809.327  5009351.746  3221006.905
2022  62  25087 GPS  -2267809.327  5009351.742  3221006.902
2022  62  25088 GPS  -2267809.327  5009351.745  3221006.902
2022  62  25089 GPS  -2267809.325  5009351.751  3221006.904
2022  62  25090 GPS  -2267809.972  5009353.778  3221008.997
2022  62  25091 GPS  -2267809.816  5009353.296  3221008.488
2022  62  25092 GPS  -2267809.730  5009353.021  3221008.199
2022  62  25093 GPS  -2267809.699  5009352.929  3221008.100
2022  62  25094 GPS  -2267809.695  5009352.932  3221008.102
2022  62  25095 GPS  -2267809.453  5009352.622  3221007.908
2022  62  25096 GPS  -2267809.449  5009352.617  3221007.911
2022  62  25097 GPS  -2267809.451  5009352.617  3221007.915
2022  62  25098 GPS  -2267809.444  5009352.628  3221007.923
2022  62  25099 GPS  -2267809.441  5009352.631  3221007.917
2022  62  25100 GPS  -2267809.438  5009352.623  3221007.906
2022  62  25101 GPS  -2267809.444  5009352.651  3221007.934
2022  62  25102 GPS  -2267809.413  5009352.578  3221007.857
2022  62  25103 GPS  -2267809.396  5009352.577  3221007.853
2022  62  25104 GPS  -2267809.386  5009352.596  3221007.861
2022  62  25105 GPS  -2267809.378  5009352.612  3221007.871
2022  62  25106 GPS  -2267809.376  5009352.632  3221007.884
2022  62  25107 GPS  -2267809.375  5009352.631  3221007.878
2022  62  25108 GPS  -2267809.382  5009352.650  3221007.888
2022  62  25109 GPS  -2267809.382  5009352.654  3221007.887
2022  62  25110 GPS  -2267809.370  5009352.625  3221007.861
2022  62  25111 GPS  -2267809.366  5009352.618  3221007.857
2022  62  25112 GPS  -2267809.371  5009352.626  3221007.867
2022  62  25113 GPS  -2267809.367  5009352.600  3221007.833
2022  62  25114 GPS  -2267809.374  5009352.608  3221007.838
2022  62  25115 GPS  -2267809.370  5009352.608  3221007.837
2022  62  25116 GPS  -2267809.371  5009352.612  3221007.839
2022  62  25117 GPS  -2267809.374  5009352.618  3221007.842
2022  62  25118 GPS  -2267809.368  5009352.610  3221007.837
2022  62  25119 GPS  -2267809.365  5009352.605  3221007.839
2022  62  25120 GPS  -2267809.364  5009352.597  3221007.833
2022  62  25121 GPS  -2267809.361  5009352.591  3221007.831
2022  62  25122 GPS  -2267809.365  5009352.585  3221007.831
2022  62  25123 GPS  -2267809.369  5009352.580  3221007.835
2022  62  25124 GPS  -2267809.372  5009352.573  3221007.838
2022  62  25125 GPS  -2267809.375  5009352.563  3221007.840
2022  62  25126 GPS  -2267809.375  5009352.554  3221007.835
2022  62  25127 GPS  -2267809.374  5009352.554  3221007.834
2022  62  25128 GPS  -2267809.374  5009352.550  3221007.829
2022  62  25129 GPS  -2267809.381  5009352.555  3221007.825
2022  62  25130 GPS  -2267809.385  5009352.550  3221007.822
2022  62  25131 GPS  -2267809.062  5009351.495  3221006.709
2022  62  25132 GPS  -2267809.068  5009351.499  3221006.704
2022  62  25133 GPS  -2267809.071  5009351.500  3221006.701
2022  62  25134 GPS  -2267809.075  5009351.510  3221006.705
2022  62  25135 GPS  -2267809.076  5009351.515  3221006.706
2022  62  25136 GPS  -2267809.073  5009351.513  3221006.700
2022  62  25137 GPS  -2267809.076  5009351.507  3221006.696
2022  62  25138 GPS  -2267809.077  5009351.498  3221006.690
2022  62  25139 GPS  -2267809.072  5009351.485  3221006.680
2022  62  25140 GPS  -2267809.064  5009351.472  3221006.665
2022  62  25141 GPS  -2267809.066  5009351.463  3221006.654
2022  62  25142 GPS  -2267809.357  5009352.373  3221007.619
2022  62  25143 GPS  -2267809.363  5009352.373  3221007.626
2022  62  25144 GPS  -2267809.365  5009352.373  3221007.624
2022  62  25145 GPS  -2267809.366  5009352.353  3221007.602
2022  62  25146 GPS  -2267809.374  5009352.368  3221007.619
2022  62  25147 GPS  -2267809.383  5009352.396  3221007.651
2022  62  25148 GPS  -2267809.356  5009352.306  3221007.550
2022  62  25149 GPS  -2267809.376  5009352.366  3221007.612
2022  62  25150 GPS  -2267809.393  5009352.414  3221007.665
2022  62  25151 GPS  -2267809.078  5009351.414  3221006.613
2022  62  25152 GPS  -2267809.077  5009351.413  3221006.609
2022  62  25153 GPS  -2267809.070  5009351.411  3221006.605
2022  62  25154 GPS  -2267809.062  5009351.412  3221006.605
2022  62  25155 GPS  -2267809.049  5009351.407  3221006.598
2022  62  25156 GPS  -2267809.035  5009351.397  3221006.590
2022  62  25157 GPS  -2267809.030  5009351.402  3221006.595
2022  62  25158 GPS  -2267809.030  5009351.405  3221006.599
2022  62  25159 GPS  -2267809.032  5009351.408  3221006.604
2022  62  25160 GPS  -2267809.501  5009352.908  3221008.204
2022  62  25161 GPS  -2267809.411  5009352.622  3221007.903
2022  62  25162 GPS  -2267809.409  5009352.625  3221007.910
2022  62  25163 GPS  -2267809.421  5009352.668  3221007.956
2022  62  25164 GPS  -2267809.399  5009352.598  3221007.881
2022  62  25165 GPS  -2267809.394  5009352.583  3221007.862
2022  62  25166 GPS  -2267809.397  5009352.586  3221007.869
2022  62  25167 GPS  -2267809.400  5009352.588  3221007.869
2022  62  25168 GPS  -2267809.388  5009352.554  3221007.839
2022  62  25169 GPS  -2267809.378  5009352.533  3221007.813
2022  62  25170 GPS  -2267809.374  5009352.528  3221007.806
2022  62  25171 GPS  -2267809.375  5009352.539  3221007.815
2022  62  25172 GPS  -2267809.381  5009352.560  3221007.834
2022  62  25173 GPS  -2267809.376  5009352.548  3221007.822
2022  62  25174 GPS  -2267809.365  5009352.513  3221007.786
2022  62  25175 GPS  -2267809.361  5009352.505  3221007.771
2022  62  25176 GPS  -2267809.366  5009352.519  3221007.782
2022  62  25177 GPS  -2267809.377  5009352.568  3221007.827
2022  62  25178 GPS  -2267809.388  5009352.594  3221007.850
2022  62  25179 GPS  -2267809.382  5009352.581  3221007.832
2022  62  25180 GPS  -2267809.373  5009352.559  3221007.796
2022  62  25181 GPS  -2267809.373  5009352.555  3221007.780
2022  62  25182 GPS  -2267809.382  5009352.592  3221007.809
2022  62  25183 GPS  -2267809.386  5009352.598  3221007.806
2022  62  25184 GPS  -2267809.391  5009352.601  3221007.801
2022  62  25185 GPS  -2267809.394  5009352.606  3221007.789
2022  62  25186 GPS  -2267809.711  5009370.881  3221015.143
2022  62  25187 GPS  -2267809.715  5009370.868  3221015.135
2022  62  25188 GPS  -2267809.721  5009370.863  3221015.142
2022  62  25189 GPS  -2267809.731  5009370.847  3221015.139
2022  62  25190 GPS  -2267809.737  5009370.839  3221015.135
2022  62  25191 GPS  -2267809.919  5009371.401  3221015.732
2022  62  25192 GPS  -2267809.929  5009371.397  3221015.729
2022  62  25193 GPS  -2267809.941  5009371.385  3221015.728
2022  62  25194 GPS  -2267809.952  5009371.377  3221015.724
2022  62  25195 GPS  -2267809.962  5009371.365  3221015.718
2022  62  25196 GPS  -2267809.968  5009371.348  3221015.711
2022  62  25197 GPS  -2267809.976  5009371.332  3221015.708
2022  62  25198 GPS  -2267809.982  5009371.318  3221015.694
2022  62  25199 GPS  -2267809.986  5009371.295  3221015.679
2022  62  25200 GPS  -2267809.167  5009351.617  3221006.685
2022  62  25201 GPS  -2267809.172  5009351.616  3221006.687
2022  62  25202 GPS  -2267809.229  5009351.467  3221006.614
2022  62  25203 GPS  -2267809.229  5009351.463  3221006.612
2022  62  25204 GPS  -2267809.223  5009351.449  3221006.602
2022  62  25205 GPS  -2267809.222  5009351.445  3221006.590
2022  62  25206 GPS  -2267809.222  5009351.443  3221006.579
2022  62  25207 GPS  -2267809.222  5009351.442  3221006.572
2022  62  25208 GPS  -2267809.228  5009351.448  3221006.572
2022  62  25209 GPS  -2267809.229  5009351.445  3221006.574
2022  62  25210 GPS  -2267809.229  5009351.446  3221006.579
2022  62  25211 GPS  -2267809.233  5009351.444  3221006.584
2022  62  25212 GPS  -2267809.234  5009351.442  3221006.585
2022  62  25213 GPS  -2267809.232  5009351.435  3221006.582
2022  62  25214 GPS  -2267809.227  5009351.429  3221006.578
2022  62  25215 GPS  -2267809.219  5009351.410  3221006.568
2022  62  25216 GPS  -2267809.060  5009351.462  3221006.498
2022  62  25217 GPS  -2267809.060  5009351.457  3221006.489
2022  62  25218 GPS  -2267809.058  5009351.456  3221006.488
2022  62  25219 GPS  -2267809.056  5009351.459  3221006.488
2022  62  25220 GPS  -2267809.049  5009351.463  3221006.487
2022  62  25221 GPS  -2267809.037  5009351.469  3221006.485
2022  62  25222 GPS  -2267809.382  5009352.583  3221007.677
2022  62  25223 GPS  -2267809.381  5009352.592  3221007.695
2022  62  25224 GPS  -2267809.374  5009352.589  3221007.682
2022  62  25225 GPS  -2267809.393  5009352.661  3221007.748
2022  62  25226 GPS  -2267809.402  5009352.697  3221007.784
2022  62  25227 GPS  -2267809.397  5009352.685  3221007.766
2022  62  25228 GPS  -2267809.364  5009352.589  3221007.663
2022  62  25229 GPS  -2267809.367  5009352.619  3221007.692
2022  62  25230 GPS  -2267809.374  5009352.649  3221007.715
2022  62  25231 GPS  -2267809.382  5009352.681  3221007.743
2022  62  25232 GPS  -2267809.389  5009352.702  3221007.764
2022  62  25233 GPS  -2267809.382  5009352.681  3221007.749
2022  62  25234 GPS  -2267809.348  5009352.578  3221007.634
2022  62  25235 GPS  -2267809.351  5009352.593  3221007.655
2022  62  25236 GPS  -2267809.356  5009352.610  3221007.675
2022  62  25237 GPS  -2267809.345  5009352.571  3221007.645
2022  62  25238 GPS  -2267809.343  5009352.561  3221007.638
2022  62  25239 GPS  -2267809.340  5009352.562  3221007.641
2022  62  25240 GPS  -2267809.355  5009352.605  3221007.672
2022  62  25241 GPS  -2267809.343  5009352.587  3221007.642
2022  62  25242 GPS  -2267809.341  5009352.577  3221007.626
2022  62  25243 GPS  -2267809.338  5009352.570  3221007.614
2022  62  25244 GPS  -2267809.325  5009352.547  3221007.580
2022  62  25245 GPS  -2267809.322  5009352.553  3221007.580
2022  62  25246 GPS  -2267809.305  5009352.515  3221007.546
2022  62  25247 GPS  -2267809.298  5009352.492  3221007.519
2022  62  25248 GPS  -2267809.293  5009352.484  3221007.502
2022  62  25249 GPS  -2267809.287  5009352.468  3221007.483
2022  62  25250 GPS  -2267809.282  5009352.462  3221007.469
2022  62  25251 GPS  -2267808.981  5009351.520  3221006.446
2022  62  25252 GPS  -2267808.984  5009351.515  3221006.442
2022  62  25253 GPS  -2267808.990  5009351.518  3221006.443
2022  62  25254 GPS  -2267808.996  5009351.541  3221006.447
2022  62  25255 GPS  -2267809.006  5009351.560  3221006.459
2022  62  25256 GPS  -2267809.021  5009351.577  3221006.470
2022  62  25257 GPS  -2267809.032  5009351.592  3221006.477
2022  62  25258 GPS  -2267809.049  5009351.614  3221006.492
2022  62  25259 GPS  -2267809.053  5009351.622  3221006.499
2022  62  25260 GPS  -2267809.056  5009351.624  3221006.502
2022  62  25261 GPS  -2267809.336  5009352.486  3221007.430
2022  62  25262 GPS  -2267809.334  5009352.473  3221007.419
2022  62  25263 GPS  -2267809.316  5009352.403  3221007.339
2022  62  25264 GPS  -2267809.310  5009352.360  3221007.299
2022  62  25265 GPS  -2267809.305  5009352.345  3221007.287
2022  62  25266 GPS  -2267809.310  5009352.352  3221007.288
2022  62  25267 GPS  -2267809.325  5009352.399  3221007.332
2022  62  25268 GPS  -2267809.333  5009352.423  3221007.352
2022  62  25269 GPS  -2267809.336  5009352.424  3221007.352
2022  62  25270 GPS  -2267809.357  5009352.471  3221007.400
2022  62  25271 GPS  -2267809.370  5009352.512  3221007.438
2022  62  25272 GPS  -2267809.378  5009352.528  3221007.446
2022  62  25273 GPS  -2267809.392  5009352.561  3221007.473
2022  62  25274 GPS  -2267809.403  5009352.605  3221007.517
2022  62  25275 GPS  -2267809.423  5009352.658  3221007.569
2022  62  25276 GPS  -2267809.436  5009352.695  3221007.608
2022  62  25277 GPS  -2267809.447  5009352.725  3221007.634
2022  62  25278 GPS  -2267809.447  5009352.742  3221007.651
2022  62  25279 GPS  -2267809.448  5009352.745  3221007.658
2022  62  25280 GPS  -2267809.456  5009352.766  3221007.690
2022  62  25281 GPS  -2267809.462  5009352.777  3221007.705
2022  62  25282 GPS  -2267809.466  5009352.780  3221007.715
2022  62  25283 GPS  -2267809.466  5009352.782  3221007.719
2022  62  25284 GPS  -2267809.470  5009352.792  3221007.729
2022  62  25285 GPS  -2267809.471  5009352.813  3221007.746
2022  62  25286 GPS  -2267809.480  5009352.840  3221007.765
2022  62  25287 GPS  -2267809.483  5009352.858  3221007.778
2022  62  25288 GPS  -2267809.482  5009352.869  3221007.784
2022  62  25289 GPS  -2267809.485  5009352.886  3221007.791
2022  62  25290 GPS  -2267809.487  5009352.896  3221007.794
2022  62  25291 GPS  -2267809.173  5009351.890  3221006.701
2022  62  25292 GPS  -2267809.169  5009351.886  3221006.695
2022  62  25293 GPS  -2267809.167  5009351.886  3221006.693
2022  62  25294 GPS  -2267809.156  5009351.875  3221006.681
2022  62  25295 GPS  -2267809.151  5009351.859  3221006.668
2022  62  25296 GPS  -2267809.146  5009351.854  3221006.666
2022  62  25297 GPS  -2267809.144  5009351.852  3221006.665
2022  62  25298 GPS  -2267809.144  5009351.858  3221006.664
2022  62  25299 GPS  -2267809.137  5009351.857  3221006.657
2022  62  25300 GPS  -2267809.415  5009352.739  3221007.604
2022  62  25301 GPS  -2267809.422  5009352.770  3221007.632
2022  62  25302 GPS  -2267809.437  5009352.828  3221007.691
2022  62  25303 GPS  -2267809.433  5009352.828  3221007.681
2022  62  25304 GPS  -2267809.426  5009352.811  3221007.666
2022  62  25305 GPS  -2267809.412  5009352.776  3221007.636
2022  62  25306 GPS  -2267809.401  5009352.728  3221007.594
2022  62  25307 GPS  -2267809.399  5009352.736  3221007.598
2022  62  25308 GPS  -2267809.410  5009352.770  3221007.641
2022  62  25309 GPS  -2267809.397  5009352.741  3221007.611
2022  62  25310 GPS  -2267809.390  5009352.724  3221007.586
2022  62  25311 GPS  -2267809.396  5009352.732  3221007.587
2022  62  25312 GPS  -2267809.395  5009352.702  3221007.561
2022  62  25313 GPS  -2267809.390  5009352.651  3221007.508
2022  62  25314 GPS  -2267809.383  5009352.629  3221007.484
2022  62  25315 GPS  -2267809.381  5009352.616  3221007.464
2022  62  25316 GPS  -2267809.388  5009352.628  3221007.474
2022  62  25317 GPS  -2267809.394  5009352.637  3221007.484
2022  62  25318 GPS  -2267809.415  5009352.691  3221007.540
2022  62  25319 GPS  -2267809.427  5009352.699  3221007.542
2022  62  25320 GPS  -2267809.436  5009352.710  3221007.545
2022  62  25321 GPS  -2267809.446  5009352.715  3221007.547
2022  62  25322 GPS  -2267809.455  5009352.730  3221007.557
2022  62  25323 GPS  -2267809.461  5009352.736  3221007.558
2022  62  25324 GPS  -2267809.462  5009352.732  3221007.554
2022  62  25325 GPS  -2267809.467  5009352.720  3221007.536
2022  62  25326 GPS  -2267809.478  5009352.722  3221007.529
2022  62  25327 GPS  -2267809.493  5009352.740  3221007.538
2022  62  25328 GPS  -2267809.502  5009352.752  3221007.538
2022  62  25329 GPS  -2267809.512  5009352.764  3221007.534
2022  62  25330 GPS  -2267809.526  5009352.780  3221007.537
2022  62  25331 GPS  -2267809.531  5009352.788  3221007.539
2022  62  25332 GPS  -2267809.535  5009352.790  3221007.538
2022  62  25333 GPS  -2267809.543  5009352.794  3221007.540
2022  62  25334 GPS  -2267809.549  5009352.794  3221007.541
2022  62  25335 GPS  -2267809.554  5009352.787  3221007.541
2022  62  25336 GPS  -2267809.560  5009352.788  3221007.546
2022  62  25337 GPS  -2267809.570  5009352.794  3221007.556
2022  62  25338 GPS  -2267809.580  5009352.809  3221007.569
2022  62  25339 GPS  -2267809.584  5009352.813  3221007.574
2022  62  25340 GPS  -2267809.587  5009352.814  3221007.581
2022  62  25341 GPS  -2267809.588  5009352.815  3221007.589
2022  62  25342 GPS  -2267809.587  5009352.821  3221007.596
2022  62  25343 GPS  -2267809.590  5009352.820  3221007.600
2022  62  25344 GPS  -2267809.584  5009352.814  3221007.599
2022  62  25345 GPS  -2267809.575  5009352.814  3221007.599
2022  62  25346 GPS  -2267809.569  5009352.815  3221007.601
2022  62  25347 GPS  -2267809.559  5009352.816  3221007.599
2022  62  25348 GPS  -2267809.549  5009352.810  3221007.596
2022  62  25349 GPS  -2267809.542  5009352.820  3221007.603
2022  62  25350 GPS  -2267809.544  5009352.830  3221007.609
2022  62  25351 GPS  -2267809.253  5009351.947  3221006.635
2022  62  25352 GPS  -2267809.254  5009351.949  3221006.640
2022  62  25353 GPS  -2267809.250  5009351.948  3221006.634
2022  62  25354 GPS  -2267809.247  5009351.948  3221006.631
2022  62  25355 GPS  -2267809.250  5009351.950  3221006.626
2022  62  25356 GPS  -2267809.249  5009351.948  3221006.622
2022  62  25357 GPS  -2267809.260  5009351.954  3221006.627
2022  62  25358 GPS  -2267809.263  5009351.954  3221006.630
2022  62  25359 GPS  -2267809.262  5009351.953  3221006.626
2022  62  25360 GPS  -2267809.563  5009352.873  3221007.639
2022  62  25361 GPS  -2267809.577  5009352.913  3221007.679
2022  62  25362 GPS  -2267809.582  5009352.925  3221007.685
2022  62  25363 GPS  -2267809.573  5009352.903  3221007.651
2022  62  25364 GPS  -2267809.559  5009352.863  3221007.611
2022  62  25365 GPS  -2267809.547  5009352.839  3221007.586
2022  62  25366 GPS  -2267809.528  5009352.781  3221007.518
2022  62  25367 GPS  -2267809.510  5009352.725  3221007.467
2022  62  25368 GPS  -2267809.518  5009352.741  3221007.490
2022  62  25369 GPS  -2267809.515  5009352.729  3221007.476
2022  62  25370 GPS  -2267809.497  5009352.672  3221007.424
2022  62  25371 GPS  -2267809.508  5009352.713  3221007.471
2022  62  25372 GPS  -2267809.485  5009352.648  3221007.402
2022  62  25373 GPS  -2267809.475  5009352.620  3221007.369
2022  62  25374 GPS  -2267809.459  5009352.587  3221007.334
2022  62  25375 GPS  -2267809.457  5009352.571  3221007.318
2022  62  25376 GPS  -2267809.464  5009352.581  3221007.327
2022  62  25377 GPS  -2267809.447  5009352.525  3221007.258
2022  62  25378 GPS  -2267809.458  5009352.544  3221007.282
2022  62  25379 GPS  -2267809.457  5009352.533  3221007.272
2022  62  25380 GPS  -2267809.453  5009352.518  3221007.251
2022  62  25381 GPS  -2267809.454  5009352.517  3221007.249
2022  62  25382 GPS  -2267809.463  5009352.528  3221007.262
2022  62  25383 GPS  -2267809.463  5009352.534  3221007.267
2022  62  25384 GPS  -2267809.473  5009352.537  3221007.261
2022  62  25385 GPS  -2267809.480  5009352.540  3221007.260
2022  62  25386 GPS  -2267809.484  5009352.540  3221007.256
2022  62  25387 GPS  -2267809.490  5009352.542  3221007.254
2022  62  25388 GPS  -2267809.494  5009352.552  3221007.255
2022  62  25389 GPS  -2267809.494  5009352.554  3221007.256
2022  62  25390 GPS  -2267809.490  5009352.562  3221007.261
2022  62  25391 GPS  -2267809.492  5009352.568  3221007.268
2022  62  25392 GPS  -2267809.496  5009352.572  3221007.269
2022  62  25393 GPS  -2267809.495  5009352.574  3221007.267
2022  62  25394 GPS  -2267809.494  5009352.582  3221007.276
2022  62  25395 GPS  -2267809.498  5009352.598  3221007.284
2022  62  25396 GPS  -2267809.505  5009352.608  3221007.291
2022  62  25397 GPS  -2267809.514  5009352.621  3221007.297
2022  62  25398 GPS  -2267809.514  5009352.627  3221007.295
2022  62  25399 GPS  -2267809.515  5009352.629  3221007.296
2022  62  25400 GPS  -2267809.506  5009352.623  3221007.293
2022  62  25401 GPS  -2267809.500  5009352.627  3221007.293
2022  62  25402 GPS  -2267809.500  5009352.636  3221007.292
2022  62  25403 GPS  -2267809.499  5009352.642  3221007.295
2022  62  25404 GPS  -2267809.496  5009352.646  3221007.297
2022  62  25405 GPS  -2267809.496  5009352.656  3221007.304
2022  62  25406 GPS  -2267809.495  5009352.661  3221007.309
2022  62  25407 GPS  -2267809.491  5009352.662  3221007.313
2022  62  25408 GPS  -2267809.490  5009352.662  3221007.311
2022  62  25409 GPS  -2267809.488  5009352.661  3221007.308
2022  62  25410 GPS  -2267809.488  5009352.657  3221007.306
2022  62  25411 GPS  -2267809.229  5009351.846  3221006.411
2022  62  25412 GPS  -2267809.227  5009351.836  3221006.408
2022  62  25413 GPS  -2267809.226  5009351.831  3221006.413
2022  62  25414 GPS  -2267809.225  5009351.830  3221006.410
2022  62  25415 GPS  -2267809.224  5009351.823  3221006.407
2022  62  25416 GPS  -2267809.229  5009351.821  3221006.411
2022  62  25417 GPS  -2267809.356  5009352.193  3221006.833
2022  62  25418 GPS  -2267809.488  5009352.609  3221007.299
2022  62  25419 GPS  -2267809.502  5009352.662  3221007.360
2022  62  25420 GPS  -2267809.512  5009352.698  3221007.408
2022  62  25421 GPS  -2267809.225  5009351.809  3221006.425
2022  62  25422 GPS  -2267809.232  5009351.811  3221006.429
2022  62  25423 GPS  -2267809.246  5009351.814  3221006.434
2022  62  25424 GPS  -2267809.247  5009351.820  3221006.438
2022  62  25425 GPS  -2267809.253  5009351.825  3221006.446
2022  62  25426 GPS  -2267809.254  5009351.825  3221006.448
2022  62  25427 GPS  -2267809.524  5009352.640  3221007.355
2022  62  25428 GPS  -2267809.524  5009352.632  3221007.350
2022  62  25429 GPS  -2267809.517  5009352.601  3221007.321
2022  62  25430 GPS  -2267809.525  5009352.615  3221007.345
2022  62  25431 GPS  -2267809.539  5009352.658  3221007.401
2022  62  25432 GPS  -2267809.546  5009352.680  3221007.432
2022  62  25433 GPS  -2267809.520  5009352.581  3221007.323
2022  62  25434 GPS  -2267809.534  5009352.614  3221007.359
2022  62  25435 GPS  -2267809.545  5009352.635  3221007.377
2022  62  25436 GPS  -2267809.541  5009352.623  3221007.360
2022  62  25437 GPS  -2267809.544  5009352.629  3221007.354
2022  62  25438 GPS  -2267809.552  5009352.648  3221007.369
2022  62  25439 GPS  -2267809.544  5009352.617  3221007.327
2022  62  25440 GPS  -2267809.543  5009352.622  3221007.328
2022  62  25441 GPS  -2267809.543  5009352.619  3221007.322
2022  62  25442 GPS  -2267809.547  5009352.623  3221007.328
2022  62  25443 GPS  -2267809.557  5009352.646  3221007.342
2022  62  25444 GPS  -2267809.561  5009352.657  3221007.349
2022  62  25445 GPS  -2267809.570  5009352.703  3221007.408
2022  62  25446 GPS  -2267809.561  5009352.683  3221007.393
2022  62  25447 GPS  -2267809.570  5009352.725  3221007.441
2022  62  25448 GPS  -2267809.588  5009352.781  3221007.506
2022  62  25449 GPS  -2267809.600  5009352.823  3221007.547
2022  62  25450 GPS  -2267809.607  5009352.848  3221007.569
2022  62  25451 GPS  -2267809.610  5009352.854  3221007.566
2022  62  25452 GPS  -2267809.607  5009352.854  3221007.555
2022  62  25453 GPS  -2267809.610  5009352.863  3221007.563
2022  62  25454 GPS  -2267809.611  5009352.870  3221007.573
2022  62  25455 GPS  -2267809.612  5009352.873  3221007.571
2022  62  25456 GPS  -2267809.621  5009352.882  3221007.575
2022  62  25457 GPS  -2267809.627  5009352.890  3221007.578
2022  62  25458 GPS  -2267809.635  5009352.905  3221007.587
2022  62  25459 GPS  -2267809.644  5009352.917  3221007.598
2022  62  25460 GPS  -2267809.650  5009352.925  3221007.604
2022  62  25461 GPS  -2267809.657  5009352.933  3221007.610
2022  62  25462 GPS  -2267809.661  5009352.946  3221007.615
2022  62  25463 GPS  -2267809.665  5009352.955  3221007.621
2022  62  25464 GPS  -2267809.664  5009352.965  3221007.631
2022  62  25465 GPS  -2267809.664  5009352.977  3221007.639
2022  62  25466 GPS  -2267809.664  5009352.989  3221007.645
2022  62  25467 GPS  -2267809.670  5009353.008  3221007.656
2022  62  25468 GPS  -2267809.673  5009353.021  3221007.666
2022  62  25469 GPS  -2267809.677  5009353.028  3221007.672
2022  62  25470 GPS  -2267809.684  5009353.039  3221007.682
2022  62  25471 GPS  -2267809.684  5009353.046  3221007.688
2022  62  25472 GPS  -2267809.681  5009353.050  3221007.692
2022  62  25473 GPS  -2267809.680  5009353.059  3221007.693
2022  62  25474 GPS  -2267809.677  5009353.055  3221007.696
2022  62  25475 GPS  -2267809.686  5009353.054  3221007.701
2022  62  25476 GPS  -2267809.689  5009353.059  3221007.712
2022  62  25477 GPS  -2267809.694  5009353.065  3221007.719
2022  62  25478 GPS  -2267809.695  5009353.063  3221007.721
2022  62  25479 GPS  -2267809.698  5009353.059  3221007.720
2022  62  25480 GPS  -2267809.699  5009353.051  3221007.721
2022  62  25481 GPS  -2267809.701  5009353.052  3221007.724
2022  62  25482 GPS  -2267809.702  5009353.052  3221007.725
2022  62  25483 GPS  -2267809.702  5009353.053  3221007.724
2022  62  25484 GPS  -2267809.700  5009353.049  3221007.720
2022  62  25485 GPS  -2267809.696  5009353.048  3221007.717
2022  62  25486 GPS  -2267809.686  5009353.050  3221007.710
2022  62  25487 GPS  -2267809.684  5009353.048  3221007.704
2022  62  25488 GPS  -2267809.678  5009353.049  3221007.699
2022  62  25489 GPS  -2267809.671  5009353.042  3221007.692
2022  62  25490 GPS  -2267809.666  5009353.039  3221007.688
2022  62  25491 GPS  -2267809.656  5009353.030  3221007.681
2022  62  25492 GPS  -2267809.646  5009353.021  3221007.667
2022  62  25493 GPS  -2267809.636  5009353.006  3221007.656
2022  62  25494 GPS  -2267809.622  5009352.992  3221007.646
2022  62  25495 GPS  -2267809.610  5009352.984  3221007.633
2022  62  25496 GPS  -2267809.600  5009352.980  3221007.624
2022  62  25497 GPS  -2267809.603  5009352.983  3221007.625
2022  62  25498 GPS  -2267809.592  5009352.976  3221007.618
2022  62  25499 GPS  -2267809.588  5009352.972  3221007.615
2022  62  25500 GPS  -2267809.583  5009352.973  3221007.613
2022  62  25501 GPS  -2267809.582  5009352.977  3221007.612
2022  62  25502 GPS  -2267809.579  5009352.979  3221007.606
2022  62  25503 GPS  -2267809.576  5009352.987  3221007.605
2022  62  25504 GPS  -2267809.574  5009352.985  3221007.602
2022  62  25505 GPS  -2267809.566  5009352.983  3221007.597
2022  62  25506 GPS  -2267809.562  5009352.984  3221007.588
2022  62  25507 GPS  -2267809.557  5009352.980  3221007.579
2022  62  25508 GPS  -2267809.554  5009352.985  3221007.574
2022  62  25509 GPS  -2267809.557  5009352.987  3221007.568
2022  62  25510 GPS  -2267809.560  5009352.997  3221007.569
2022  62  25511 GPS  -2267809.567  5009353.003  3221007.572
2022  62  25512 GPS  -2267809.569  5009353.002  3221007.571
2022  62  25513 GPS  -2267809.572  5009353.007  3221007.567
2022  62  25514 GPS  -2267809.575  5009353.008  3221007.559
2022  62  25515 GPS  -2267809.579  5009353.011  3221007.561
2022  62  25516 GPS  -2267809.583  5009353.018  3221007.563
2022  62  25517 GPS  -2267809.586  5009353.029  3221007.568
2022  62  25518 GPS  -2267809.595  5009353.043  3221007.578
2022  62  25519 GPS  -2267809.600  5009353.055  3221007.585
2022  62  25520 GPS  -2267809.606  5009353.069  3221007.593
2022  62  25521 GPS  -2267809.613  5009353.076  3221007.603
2022  62  25522 GPS  -2267809.619  5009353.080  3221007.610
2022  62  25523 GPS  -2267809.622  5009353.086  3221007.616
2022  62  25524 GPS  -2267809.625  5009353.089  3221007.621
2022  62  25525 GPS  -2267809.632  5009353.094  3221007.629
2022  62  25526 GPS  -2267809.632  5009353.097  3221007.631
2022  62  25527 GPS  -2267809.636  5009353.111  3221007.636
2022  62  25528 GPS  -2267809.639  5009353.120  3221007.644
2022  62  25529 GPS  -2267809.644  5009353.128  3221007.653
2022  62  25530 GPS  -2267809.649  5009353.141  3221007.662
2022  62  25531 GPS  -2267809.648  5009353.148  3221007.665
2022  62  25532 GPS  -2267809.644  5009353.148  3221007.662
2022  62  25533 GPS  -2267809.640  5009353.142  3221007.658
2022  62  25534 GPS  -2267809.645  5009353.145  3221007.661
2022  62  25535 GPS  -2267809.657  5009353.152  3221007.664
2022  62  25536 GPS  -2267809.649  5009353.147  3221007.661
2022  62  25537 GPS  -2267809.642  5009353.146  3221007.656
2022  62  25538 GPS  -2267809.642  5009353.156  3221007.656
2022  62  25539 GPS  -2267809.641  5009353.161  3221007.654
2022  62  25540 GPS  -2267809.636  5009353.168  3221007.657
2022  62  25541 GPS  -2267809.637  5009353.184  3221007.666
2022  62  25542 GPS  -2267809.636  5009353.191  3221007.669
2022  62  25543 GPS  -2267809.630  5009353.201  3221007.669
2022  62  25544 GPS  -2267809.625  5009353.205  3221007.665
2022  62  25545 GPS  -2267809.622  5009353.207  3221007.665
2022  62  25546 GPS  -2267809.622  5009353.217  3221007.666
2022  62  25547 GPS  -2267809.617  5009353.218  3221007.665
2022  62  25548 GPS  -2267809.609  5009353.218  3221007.664
2022  62  25549 GPS  -2267809.603  5009353.217  3221007.667
2022  62  25550 GPS  -2267809.604  5009353.227  3221007.671
2022  62  25551 GPS  -2267809.604  5009353.234  3221007.675
2022  62  25552 GPS  -2267809.604  5009353.240  3221007.673
2022  62  25553 GPS  -2267809.611  5009353.243  3221007.674
2022  62  25554 GPS  -2267809.614  5009353.242  3221007.669
2022  62  25555 GPS  -2267809.617  5009353.251  3221007.667
2022  62  25556 GPS  -2267809.617  5009353.250  3221007.656
2022  62  25557 GPS  -2267809.620  5009353.247  3221007.646
2022  62  25558 GPS  -2267809.622  5009353.238  3221007.640
2022  62  25559 GPS  -2267809.626  5009353.235  3221007.633
2022  62  25560 GPS  -2267809.634  5009353.236  3221007.631
2022  62  25561 GPS  -2267809.638  5009353.242  3221007.628
2022  62  25562 GPS  -2267809.645  5009353.253  3221007.633
2022  62  25563 GPS  -2267809.653  5009353.260  3221007.630
2022  62  25564 GPS  -2267809.663  5009353.265  3221007.634
2022  62  25565 GPS  -2267809.669  5009353.267  3221007.636
2022  62  25566 GPS  -2267809.672  5009353.263  3221007.631
2022  62  25567 GPS  -2267809.677  5009353.264  3221007.631
2022  62  25568 GPS  -2267809.677  5009353.260  3221007.629
2022  62  25569 GPS  -2267809.679  5009353.258  3221007.628
2022  62  25570 GPS  -2267809.679  5009353.257  3221007.627
2022  62  25571 GPS  -2267809.686  5009353.257  3221007.626
2022  62  25572 GPS  -2267809.677  5009353.249  3221007.620
2022  62  25573 GPS  -2267809.677  5009353.247  3221007.620
2022  62  25574 GPS  -2267809.677  5009353.248  3221007.623
2022  62  25575 GPS  -2267809.678  5009353.248  3221007.626
2022  62  25576 GPS  -2267809.681  5009353.245  3221007.628
2022  62  25577 GPS  -2267809.685  5009353.245  3221007.627
2022  62  25578 GPS  -2267809.686  5009353.249  3221007.631
2022  62  25579 GPS  -2267809.686  5009353.254  3221007.634
2022  62  25580 GPS  -2267809.681  5009353.255  3221007.631
2022  62  25581 GPS  -2267809.685  5009353.260  3221007.634
2022  62  25582 GPS  -2267809.689  5009353.267  3221007.637
2022  62  25583 GPS  -2267809.696  5009353.274  3221007.642
2022  62  25584 GPS  -2267809.703  5009353.285  3221007.644
2022  62  25585 GPS  -2267809.703  5009353.294  3221007.646
2022  62  25586 GPS  -2267809.700  5009353.303  3221007.645
2022  62  25587 GPS  -2267809.699  5009353.307  3221007.655
2022  62  25588 GPS  -2267809.697  5009353.315  3221007.658
2022  62  25589 GPS  -2267809.695  5009353.327  3221007.663
2022  62  25590 GPS  -2267809.694  5009353.336  3221007.668
2022  62  25591 GPS  -2267809.692  5009353.337  3221007.672
2022  62  25592 GPS  -2267809.693  5009353.343  3221007.683
2022  62  25593 GPS  -2267809.688  5009353.344  3221007.681
2022  62  25594 GPS  -2267809.689  5009353.353  3221007.684
2022  62  25595 GPS  -2267809.688  5009353.355  3221007.685
2022  62  25596 GPS  -2267809.683  5009353.356  3221007.684
2022  62  25597 GPS  -2267809.677  5009353.356  3221007.682
2022  62  25598 GPS  -2267809.668  5009353.353  3221007.685
2022  62  25599 GPS  -2267809.662  5009353.353  3221007.687
2022  62  25600 GPS  -2267809.659  5009353.349  3221007.685
2022  62  25601 GPS  -2267809.655  5009353.331  3221007.674
2022  62  25602 GPS  -2267809.654  5009353.329  3221007.673
2022  62  25603 GPS  -2267809.656  5009353.331  3221007.671
2022  62  25604 GPS  -2267809.661  5009353.335  3221007.671
2022  62  25605 GPS  -2267809.665  5009353.337  3221007.675
2022  62  25606 GPS  -2267809.668  5009353.333  3221007.673
2022  62  25607 GPS  -2267809.672  5009353.338  3221007.671
2022  62  25608 GPS  -2267809.677  5009353.346  3221007.673
2022  62  25609 GPS  -2267809.680  5009353.348  3221007.676
2022  62  25610 GPS  -2267809.688  5009353.361  3221007.684
2022  62  25611 GPS  -2267809.692  5009353.367  3221007.685
2022  62  25612 GPS  -2267809.698  5009353.373  3221007.686
2022  62  25613 GPS  -2267809.698  5009353.378  3221007.685
2022  62  25614 GPS  -2267809.711  5009353.388  3221007.690
2022  62  25615 GPS  -2267809.718  5009353.394  3221007.694
2022  62  25616 GPS  -2267809.724  5009353.401  3221007.699
2022  62  25617 GPS  -2267809.727  5009353.398  3221007.695
2022  62  25618 GPS  -2267809.727  5009353.396  3221007.699
2022  62  25619 GPS  -2267809.727  5009353.397  3221007.698
2022  62  25620 GPS  -2267809.721  5009353.393  3221007.696
2022  62  25621 GPS  -2267809.716  5009353.391  3221007.695
2022  62  25622 GPS  -2267809.714  5009353.384  3221007.693
2022  62  25623 GPS  -2267809.711  5009353.383  3221007.692
2022  62  25624 GPS  -2267809.710  5009353.385  3221007.694
2022  62  25625 GPS  -2267809.706  5009353.386  3221007.696
2022  62  25626 GPS  -2267809.700  5009353.384  3221007.690
2022  62  25627 GPS  -2267809.692  5009353.381  3221007.681
2022  62  25628 GPS  -2267809.686  5009353.373  3221007.671
2022  62  25629 GPS  -2267809.681  5009353.365  3221007.656
2022  62  25630 GPS  -2267809.682  5009353.363  3221007.654
2022  62  25631 GPS  -2267809.678  5009353.364  3221007.649
2022  62  25632 GPS  -2267809.674  5009353.358  3221007.642
2022  62  25633 GPS  -2267809.673  5009353.356  3221007.634
2022  62  25634 GPS  -2267809.672  5009353.363  3221007.631
2022  62  25635 GPS  -2267809.675  5009353.361  3221007.634
2022  62  25636 GPS  -2267809.678  5009353.359  3221007.635
2022  62  25637 GPS  -2267809.684  5009353.361  3221007.638
2022  62  25638 GPS  -2267809.686  5009353.364  3221007.637
2022  62  25639 GPS  -2267809.691  5009353.366  3221007.639
2022  62  25640 GPS  -2267809.693  5009353.366  3221007.641
2022  62  25641 GPS  -2267809.692  5009353.362  3221007.633
2022  62  25642 GPS  -2267809.694  5009353.359  3221007.632
2022  62  25643 GPS  -2267809.700  5009353.358  3221007.631
2022  62  25644 GPS  -2267809.714  5009353.367  3221007.632
2022  62  25645 GPS  -2267809.724  5009353.374  3221007.637
2022  62  25646 GPS  -2267809.726  5009353.372  3221007.636
2022  62  25647 GPS  -2267809.730  5009353.370  3221007.641
2022  62  25648 GPS  -2267809.733  5009353.367  3221007.638
2022  62  25649 GPS  -2267809.728  5009353.367  3221007.635
2022  62  25650 GPS  -2267809.732  5009353.369  3221007.631
2022  62  25651 GPS  -2267809.736  5009353.373  3221007.630
2022  62  25652 GPS  -2267809.744  5009353.386  3221007.635
2022  62  25653 GPS  -2267809.752  5009353.398  3221007.638
2022  62  25654 GPS  -2267809.760  5009353.413  3221007.641
2022  62  25655 GPS  -2267809.769  5009353.421  3221007.640
2022  62  25656 GPS  -2267809.776  5009353.422  3221007.636
2022  62  25657 GPS  -2267809.780  5009353.429  3221007.631
2022  62  25658 GPS  -2267809.783  5009353.437  3221007.632
2022  62  25659 GPS  -2267809.781  5009353.437  3221007.630
2022  62  25660 GPS  -2267809.774  5009353.444  3221007.628
2022  62  25661 GPS  -2267809.773  5009353.443  3221007.624
2022  62  25662 GPS  -2267809.772  5009353.451  3221007.623
2022  62  25663 GPS  -2267809.772  5009353.456  3221007.622
2022  62  25664 GPS  -2267809.766  5009353.452  3221007.618
2022  62  25665 GPS  -2267809.760  5009353.449  3221007.608
2022  62  25666 GPS  -2267809.758  5009353.450  3221007.608
2022  62  25667 GPS  -2267809.760  5009353.448  3221007.603
2022  62  25668 GPS  -2267809.753  5009353.433  3221007.596
2022  62  25669 GPS  -2267809.753  5009353.424  3221007.597
2022  62  25670 GPS  -2267809.749  5009353.414  3221007.594
2022  62  25671 GPS  -2267809.747  5009353.409  3221007.593
2022  62  25672 GPS  -2267809.741  5009353.402  3221007.596
2022  62  25673 GPS  -2267809.744  5009353.404  3221007.602
2022  62  25674 GPS  -2267809.743  5009353.392  3221007.598
2022  62  25675 GPS  -2267809.738  5009353.385  3221007.595
2022  62  25676 GPS  -2267809.733  5009353.378  3221007.597
2022  62  25677 GPS  -2267809.728  5009353.374  3221007.593
2022  62  25678 GPS  -2267809.728  5009353.371  3221007.596
2022  62  25679 GPS  -2267809.729  5009353.375  3221007.601
2022  62  25680 GPS  -2267809.731  5009353.374  3221007.601
2022  62  25681 GPS  -2267809.736  5009353.374  3221007.605
2022  62  25682 GPS  -2267809.745  5009353.372  3221007.613
2022  62  25683 GPS  -2267809.752  5009353.371  3221007.609
2022  62  25684 GPS  -2267809.755  5009353.365  3221007.606
2022  62  25685 GPS  -2267809.764  5009353.370  3221007.606
2022  62  25686 GPS  -2267809.766  5009353.368  3221007.604
2022  62  25687 GPS  -2267809.765  5009353.360  3221007.594
2022  62  25688 GPS  -2267809.768  5009353.352  3221007.585
2022  62  25689 GPS  -2267809.773  5009353.348  3221007.581
2022  62  25690 GPS  -2267809.774  5009353.345  3221007.581
2022  62  25691 GPS  -2267809.784  5009353.344  3221007.585
2022  62  25692 GPS  -2267809.795  5009353.353  3221007.591
2022  62  25693 GPS  -2267809.804  5009353.359  3221007.590
2022  62  25694 GPS  -2267809.812  5009353.364  3221007.588
2022  62  25695 GPS  -2267809.820  5009353.371  3221007.588
2022  62  25696 GPS  -2267809.830  5009353.374  3221007.585
2022  62  25697 GPS  -2267809.838  5009353.379  3221007.580
2022  62  25698 GPS  -2267809.845  5009353.385  3221007.578
2022  62  25699 GPS  -2267809.852  5009353.383  3221007.576
2022  62  25700 GPS  -2267809.861  5009353.386  3221007.580
2022  62  25701 GPS  -2267809.868  5009353.387  3221007.579
2022  62  25702 GPS  -2267809.869  5009353.385  3221007.582
2022  62  25703 GPS  -2267809.870  5009353.387  3221007.581
2022  62  25704 GPS  -2267809.871  5009353.384  3221007.582
2022  62  25705 GPS  -2267809.867  5009353.380  3221007.580
2022  62  25706 GPS  -2267809.867  5009353.381  3221007.576
2022  62  25707 GPS  -2267809.865  5009353.381  3221007.573
2022  62  25708 GPS  -2267809.862  5009353.378  3221007.573
2022  62  25709 GPS  -2267809.860  5009353.373  3221007.573
2022  62  25710 GPS  -2267809.859  5009353.368  3221007.575
2022  62  25711 GPS  -2267809.857  5009353.366  3221007.578
2022  62  25712 GPS  -2267809.854  5009353.358  3221007.574
2022  62  25713 GPS  -2267809.849  5009353.350  3221007.571
2022  62  25714 GPS  -2267809.846  5009353.347  3221007.573
2022  62  25715 GPS  -2267809.843  5009353.339  3221007.571
2022  62  25716 GPS  -2267809.837  5009353.336  3221007.569
2022  62  25717 GPS  -2267809.829  5009353.330  3221007.567
2022  62  25718 GPS  -2267809.822  5009353.326  3221007.567
2022  62  25719 GPS  -2267809.815  5009353.329  3221007.569
2022  62  25720 GPS  -2267809.814  5009353.332  3221007.575
2022  62  25721 GPS  -2267809.817  5009353.332  3221007.572
2022  62  25722 GPS  -2267809.814  5009353.329  3221007.572
2022  62  25723 GPS  -2267809.814  5009353.324  3221007.568
2022  62  25724 GPS  -2267809.814  5009353.324  3221007.566
2022  62  25725 GPS  -2267809.816  5009353.331  3221007.566
2022  62  25726 GPS  -2267809.814  5009353.334  3221007.560
2022  62  25727 GPS  -2267809.814  5009353.339  3221007.558
2022  62  25728 GPS  -2267809.816  5009353.343  3221007.558
2022  62  25729 GPS  -2267809.817  5009353.346  3221007.562
2022  62  25730 GPS  -2267809.818  5009353.356  3221007.563
2022  62  25731 GPS  -2267809.823  5009353.361  3221007.569
2022  62  25732 GPS  -2267809.829  5009353.367  3221007.569
2022  62  25733 GPS  -2267809.833  5009353.368  3221007.568
2022  62  25734 GPS  -2267809.831  5009353.368  3221007.566
2022  62  25735 GPS  -2267809.833  5009353.375  3221007.569
2022  62  25736 GPS  -2267809.834  5009353.384  3221007.568
2022  62  25737 GPS  -2267809.844  5009353.401  3221007.577
2022  62  25738 GPS  -2267809.845  5009353.411  3221007.574
2022  62  25739 GPS  -2267809.850  5009353.424  3221007.575
2022  62  25740 GPS  -2267809.851  5009353.428  3221007.574
2022  62  25741 GPS  -2267809.853  5009353.422  3221007.572
2022  62  25742 GPS  -2267809.855  5009353.423  3221007.571
2022  62  25743 GPS  -2267809.857  5009353.423  3221007.568
2022  62  25744 GPS  -2267809.862  5009353.430  3221007.563
2022  62  25745 GPS  -2267809.867  5009353.429  3221007.560
2022  62  25746 GPS  -2267809.870  5009353.425  3221007.555
2022  62  25747 GPS  -2267809.873  5009353.428  3221007.551
2022  62  25748 GPS  -2267809.879  5009353.431  3221007.552
2022  62  25749 GPS  -2267809.886  5009353.433  3221007.548
2022  62  25750 GPS  -2267809.893  5009353.435  3221007.542
2022  62  25751 GPS  -2267809.565  5009352.488  3221006.416
2022  62  25752 GPS  -2267809.573  5009352.486  3221006.415
2022  62  25753 GPS  -2267809.577  5009352.482  3221006.409
2022  62  25754 GPS  -2267809.582  5009352.483  3221006.409
2022  62  25755 GPS  -2267809.586  5009352.479  3221006.408
2022  62  25756 GPS  -2267809.594  5009352.478  3221006.412
2022  62  25757 GPS  -2267809.597  5009352.485  3221006.411
2022  62  25758 GPS  -2267809.594  5009352.477  3221006.408
2022  62  25759 GPS  -2267809.785  5009353.029  3221007.060
2022  62  25760 GPS  -2267809.808  5009353.093  3221007.137
2022  62  25761 GPS  -2267809.590  5009352.459  3221006.385
2022  62  25762 GPS  -2267809.586  5009352.457  3221006.382
2022  62  25763 GPS  -2267809.581  5009352.457  3221006.376
2022  62  25764 GPS  -2267809.584  5009352.456  3221006.369
2022  62  25765 GPS  -2267809.585  5009352.456  3221006.364
2022  62  25766 GPS  -2267809.582  5009352.455  3221006.366
2022  62  25767 GPS  -2267809.581  5009352.454  3221006.361
2022  62  25768 GPS  -2267809.935  5009353.471  3221007.567
2022  62  25769 GPS  -2267809.887  5009353.325  3221007.400
2022  62  25770 GPS  -2267809.886  5009353.300  3221007.377
2022  62  25771 GPS  -2267809.925  5009353.405  3221007.506
2022  62  25772 GPS  -2267809.984  5009353.571  3221007.716
2022  62  25773 GPS  -2267809.957  5009353.480  3221007.621
2022  62  25774 GPS  -2267809.931  5009353.413  3221007.544
2022  62  25775 GPS  -2267809.944  5009353.443  3221007.590
2022  62  25776 GPS  -2267809.952  5009353.465  3221007.624
2022  62  25777 GPS  -2267809.960  5009353.474  3221007.643
2022  62  25778 GPS  -2267809.951  5009353.437  3221007.604
2022  62  25779 GPS  -2267809.943  5009353.405  3221007.572
2022  62  25780 GPS  -2267809.959  5009353.430  3221007.607
2022  62  25781 GPS  -2267809.604  5009352.382  3221006.363
2022  62  25782 GPS  -2267809.605  5009352.377  3221006.364
2022  62  25783 GPS  -2267809.605  5009352.367  3221006.360
2022  62  25784 GPS  -2267809.609  5009352.361  3221006.360
2022  62  25785 GPS  -2267809.613  5009352.361  3221006.360
2022  62  25786 GPS  -2267809.617  5009352.358  3221006.362
2022  62  25787 GPS  -2267809.623  5009352.354  3221006.361
2022  62  25788 GPS  -2267809.627  5009352.357  3221006.369
2022  62  25789 GPS  -2267809.630  5009352.356  3221006.373
2022  62  25790 GPS  -2267809.943  5009353.262  3221007.451
2022  62  25791 GPS  -2267809.929  5009353.221  3221007.393
2022  62  25792 GPS  -2267809.981  5009353.355  3221007.552
2022  62  25793 GPS  -2267810.031  5009353.500  3221007.717
2022  62  25794 GPS  -2267810.037  5009353.526  3221007.742
2022  62  25795 GPS  -2267810.041  5009353.529  3221007.734
2022  62  25796 GPS  -2267810.036  5009353.519  3221007.712
2022  62  25797 GPS  -2267810.022  5009353.487  3221007.659
2022  62  25798 GPS  -2267810.025  5009353.496  3221007.675
2022  62  25799 GPS  -2267810.008  5009353.447  3221007.619
2022  62  25800 GPS  -2267810.017  5009353.472  3221007.635
2022  62  25801 GPS  -2267809.674  5009352.500  3221006.463
2022  62  25802 GPS  -2267809.675  5009352.518  3221006.475
2022  62  25803 GPS  -2267809.671  5009352.534  3221006.476
2022  62  25804 GPS  -2267809.668  5009352.549  3221006.480
2022  62  25805 GPS  -2267809.661  5009352.557  3221006.473
2022  62  25806 GPS  -2267809.648  5009352.550  3221006.468
2022  62  25807 GPS  -2267809.641  5009352.558  3221006.467
2022  62  25808 GPS  -2267809.940  5009353.439  3221007.512
2022  62  25809 GPS  -2267809.900  5009353.345  3221007.398
2022  62  25810 GPS  -2267809.892  5009353.348  3221007.397
2022  62  25811 GPS  -2267809.914  5009353.432  3221007.486
2022  62  25812 GPS  -2267809.936  5009353.515  3221007.580
2022  62  25813 GPS  -2267809.918  5009353.471  3221007.535
2022  62  25814 GPS  -2267809.899  5009353.420  3221007.479
2022  62  25815 GPS  -2267809.912  5009353.442  3221007.506
2022  62  25816 GPS  -2267809.927  5009353.481  3221007.563
2022  62  25817 GPS  -2267809.897  5009353.397  3221007.461
2022  62  25818 GPS  -2267809.920  5009353.460  3221007.536
2022  62  25819 GPS  -2267809.930  5009353.488  3221007.572
2022  62  25820 GPS  -2267809.924  5009353.480  3221007.564
2022  62  25821 GPS  -2267809.910  5009353.450  3221007.539
2022  62  25822 GPS  -2267809.904  5009353.443  3221007.539
2022  62  25823 GPS  -2267809.869  5009353.358  3221007.449
2022  62  25824 GPS  -2267809.870  5009353.375  3221007.476
2022  62  25825 GPS  -2267809.876  5009353.400  3221007.514
2022  62  25826 GPS  -2267809.889  5009353.427  3221007.551
2022  62  25827 GPS  -2267809.889  5009353.410  3221007.541
2022  62  25828 GPS  -2267809.882  5009353.379  3221007.510
2022  62  25829 GPS  -2267809.887  5009353.390  3221007.529
2022  62  25830 GPS  -2267809.880  5009353.372  3221007.507
2022  62  25831 GPS  -2267809.879  5009353.373  3221007.509
2022  62  25832 GPS  -2267809.885  5009353.392  3221007.535
2022  62  25833 GPS  -2267809.889  5009353.408  3221007.551
2022  62  25834 GPS  -2267809.893  5009353.417  3221007.568
2022  62  25835 GPS  -2267809.897  5009353.432  3221007.597
2022  62  25836 GPS  -2267809.902  5009353.450  3221007.618
2022  62  25837 GPS  -2267809.902  5009353.455  3221007.623
2022  62  25838 GPS  -2267809.908  5009353.457  3221007.632
2022  62  25839 GPS  -2267809.912  5009353.463  3221007.639
2022  62  25840 GPS  -2267809.913  5009353.465  3221007.640
2022  62  25841 GPS  -2267809.911  5009353.467  3221007.644
2022  62  25842 GPS  -2267809.912  5009353.468  3221007.649
2022  62  25843 GPS  -2267809.911  5009353.471  3221007.650
2022  62  25844 GPS  -2267809.911  5009353.476  3221007.657
2022  62  25845 GPS  -2267809.911  5009353.476  3221007.660
2022  62  25846 GPS  -2267809.914  5009353.481  3221007.664
2022  62  25847 GPS  -2267809.917  5009353.485  3221007.675
2022  62  25848 GPS  -2267809.917  5009353.484  3221007.680
2022  62  25849 GPS  -2267809.917  5009353.485  3221007.684
2022  62  25850 GPS  -2267809.915  5009353.489  3221007.686
2022  62  25851 GPS  -2267809.912  5009353.482  3221007.689
2022  62  25852 GPS  -2267809.911  5009353.483  3221007.688
2022  62  25853 GPS  -2267809.916  5009353.482  3221007.691
2022  62  25854 GPS  -2267809.917  5009353.477  3221007.691
2022  62  25855 GPS  -2267809.917  5009353.473  3221007.692
2022  62  25856 GPS  -2267809.918  5009353.466  3221007.691
2022  62  25857 GPS  -2267809.923  5009353.463  3221007.689
2022  62  25858 GPS  -2267809.925  5009353.461  3221007.691
2022  62  25859 GPS  -2267809.928  5009353.463  3221007.695
2022  62  25860 GPS  -2267809.934  5009353.465  3221007.698
2022  62  25861 GPS  -2267809.939  5009353.461  3221007.697
2022  62  25862 GPS  -2267809.942  5009353.471  3221007.696
2022  62  25863 GPS  -2267809.944  5009353.480  3221007.699
2022  62  25864 GPS  -2267809.943  5009353.483  3221007.700
2022  62  25865 GPS  -2267809.945  5009353.489  3221007.701
2022  62  25866 GPS  -2267809.953  5009353.495  3221007.701
2022  62  25867 GPS  -2267809.952  5009353.495  3221007.697
2022  62  25868 GPS  -2267809.954  5009353.503  3221007.692
2022  62  25869 GPS  -2267809.959  5009353.509  3221007.686
2022  62  25870 GPS  -2267809.958  5009353.512  3221007.686
2022  62  25871 GPS  -2267809.958  5009353.508  3221007.681
2022  62  25872 GPS  -2267809.959  5009353.509  3221007.678
2022  62  25873 GPS  -2267809.962  5009353.503  3221007.672
2022  62  25874 GPS  -2267809.962  5009353.495  3221007.662
2022  62  25875 GPS  -2267809.962  5009353.489  3221007.658
2022  62  25876 GPS  -2267809.963  5009353.490  3221007.646
2022  62  25877 GPS  -2267809.965  5009353.480  3221007.632
2022  62  25878 GPS  -2267809.969  5009353.477  3221007.623
2022  62  25879 GPS  -2267809.976  5009353.476  3221007.615
2022  62  25880 GPS  -2267809.979  5009353.473  3221007.605
2022  62  25881 GPS  -2267809.979  5009353.473  3221007.592
2022  62  25882 GPS  -2267809.982  5009353.475  3221007.584
2022  62  25883 GPS  -2267809.974  5009353.471  3221007.579
2022  62  25884 GPS  -2267809.970  5009353.462  3221007.576
2022  62  25885 GPS  -2267809.964  5009353.453  3221007.573
2022  62  25886 GPS  -2267809.956  5009353.448  3221007.570
2022  62  25887 GPS  -2267809.946  5009353.446  3221007.568
2022  62  25888 GPS  -2267809.941  5009353.445  3221007.570
2022  62  25889 GPS  -2267809.932  5009353.436  3221007.565
2022  62  25890 GPS  -2267809.928  5009353.438  3221007.563
2022  62  25891 GPS  -2267809.929  5009353.441  3221007.561
2022  62  25892 GPS  -2267809.928  5009353.442  3221007.554
2022  62  25893 GPS  -2267809.924  5009353.437  3221007.551
2022  62  25894 GPS  -2267809.921  5009353.437  3221007.549
2022  62  25895 GPS  -2267809.913  5009353.428  3221007.546
2022  62  25896 GPS  -2267809.909  5009353.428  3221007.549
2022  62  25897 GPS  -2267809.909  5009353.429  3221007.555
2022  62  25898 GPS  -2267809.905  5009353.418  3221007.559
2022  62  25899 GPS  -2267809.905  5009353.412  3221007.567
2022  62  25900 GPS  -2267809.904  5009353.413  3221007.574
2022  62  25901 GPS  -2267809.583  5009352.488  3221006.455
2022  62  25902 GPS  -2267809.584  5009352.491  3221006.456
2022  62  25903 GPS  -2267809.588  5009352.490  3221006.460
2022  62  25904 GPS  -2267809.590  5009352.487  3221006.465
2022  62  25905 GPS  -2267809.592  5009352.482  3221006.465
2022  62  25906 GPS  -2267809.596  5009352.480  3221006.466
2022  62  25907 GPS  -2267809.604  5009352.486  3221006.466
2022  62  25908 GPS  -2267809.610  5009352.489  3221006.467
2022  62  25909 GPS  -2267809.993  5009353.561  3221007.776
2022  62  25910 GPS  -2267809.964  5009353.474  3221007.665
2022  62  25911 GPS  -2267809.949  5009353.411  3221007.590
2022  62  25912 GPS  -2267809.940  5009353.370  3221007.545
2022  62  25913 GPS  -2267809.943  5009353.371  3221007.552
2022  62  25914 GPS  -2267809.939  5009353.349  3221007.525
2022  62  25915 GPS  -2267809.924  5009353.297  3221007.451
2022  62  25916 GPS  -2267809.917  5009353.275  3221007.416
2022  62  25917 GPS  -2267809.910  5009353.261  3221007.387
2022  62  25918 GPS  -2267809.919  5009353.274  3221007.393
2022  62  25919 GPS  -2267809.918  5009353.258  3221007.371
2022  62  25920 GPS  -2267809.911  5009353.228  3221007.337
2022  62  25921 GPS  -2267809.921  5009353.234  3221007.355
2022  62  25922 GPS  -2267809.946  5009353.275  3221007.408
2022  62  25923 GPS  -2267809.931  5009353.212  3221007.335
2022  62  25924 GPS  -2267809.930  5009353.203  3221007.328
2022  62  25925 GPS  -2267809.927  5009353.194  3221007.324
2022  62  25926 GPS  -2267809.940  5009353.213  3221007.353
2022  62  25927 GPS  -2267809.940  5009353.194  3221007.337
2022  62  25928 GPS  -2267809.928  5009353.151  3221007.296
2022  62  25929 GPS  -2267809.924  5009353.136  3221007.281
2022  62  25930 GPS  -2267809.922  5009353.129  3221007.265
2022  62  25931 GPS  -2267809.921  5009353.125  3221007.252
2022  62  25932 GPS  -2267809.924  5009353.125  3221007.244
2022  62  25933 GPS  -2267809.930  5009353.132  3221007.238
2022  62  25934 GPS  -2267809.927  5009353.129  3221007.225
2022  62  25935 GPS  -2267809.940  5009353.150  3221007.243
2022  62  25936 GPS  -2267809.939  5009353.146  3221007.231
2022  62  25937 GPS  -2267809.932  5009353.136  3221007.217
2022  62  25938 GPS  -2267809.928  5009353.131  3221007.214
2022  62  25939 GPS  -2267809.928  5009353.137  3221007.215
2022  62  25940 GPS  -2267809.936  5009353.143  3221007.218
2022  62  25941 GPS  -2267809.936  5009353.138  3221007.216
2022  62  25942 GPS  -2267809.942  5009353.137  3221007.218
2022  62  25943 GPS  -2267809.946  5009353.133  3221007.216
2022  62  25944 GPS  -2267809.942  5009353.122  3221007.217
2022  62  25945 GPS  -2267809.943  5009353.112  3221007.217
2022  62  25946 GPS  -2267809.945  5009353.107  3221007.222
2022  62  25947 GPS  -2267809.942  5009353.105  3221007.224
2022  62  25948 GPS  -2267809.938  5009353.102  3221007.224
2022  62  25949 GPS  -2267809.936  5009353.101  3221007.220
2022  62  25950 GPS  -2267809.935  5009353.104  3221007.218
2022  62  25951 GPS  -2267809.935  5009353.106  3221007.220
2022  62  25952 GPS  -2267809.936  5009353.116  3221007.222
2022  62  25953 GPS  -2267809.934  5009353.121  3221007.225
2022  62  25954 GPS  -2267809.933  5009353.121  3221007.228
2022  62  25955 GPS  -2267809.935  5009353.131  3221007.237
2022  62  25956 GPS  -2267809.940  5009353.140  3221007.245
2022  62  25957 GPS  -2267809.943  5009353.148  3221007.252
2022  62  25958 GPS  -2267809.940  5009353.156  3221007.256
2022  62  25959 GPS  -2267809.933  5009353.159  3221007.260
2022  62  25960 GPS  -2267809.933  5009353.169  3221007.264
2022  62  25961 GPS  -2267809.937  5009353.180  3221007.278
2022  62  25962 GPS  -2267809.938  5009353.185  3221007.284
2022  62  25963 GPS  -2267809.938  5009353.192  3221007.288
2022  62  25964 GPS  -2267809.932  5009353.196  3221007.292
2022  62  25965 GPS  -2267809.933  5009353.210  3221007.301
2022  62  25966 GPS  -2267809.936  5009353.227  3221007.311
2022  62  25967 GPS  -2267809.940  5009353.239  3221007.318
2022  62  25968 GPS  -2267809.940  5009353.247  3221007.322
2022  62  25969 GPS  -2267809.943  5009353.260  3221007.323
2022  62  25970 GPS  -2267809.945  5009353.269  3221007.327
2022  62  25971 GPS  -2267809.949  5009353.276  3221007.337
2022  62  25972 GPS  -2267809.948  5009353.281  3221007.338
2022  62  25973 GPS  -2267809.948  5009353.277  3221007.339
2022  62  25974 GPS  -2267809.953  5009353.280  3221007.348
2022  62  25975 GPS  -2267809.954  5009353.279  3221007.352
2022  62  25976 GPS  -2267809.960  5009353.288  3221007.367
2022  62  25977 GPS  -2267809.961  5009353.293  3221007.375
2022  62  25978 GPS  -2267809.965  5009353.305  3221007.384
2022  62  25979 GPS  -2267809.972  5009353.312  3221007.392
2022  62  25980 GPS  -2267809.974  5009353.322  3221007.403
2022  62  25981 GPS  -2267809.980  5009353.332  3221007.407
2022  62  25982 GPS  -2267809.980  5009353.342  3221007.412
2022  62  25983 GPS  -2267809.979  5009353.341  3221007.414
2022  62  25984 GPS  -2267809.977  5009353.341  3221007.419
2022  62  25985 GPS  -2267809.977  5009353.343  3221007.427
2022  62  25986 GPS  -2267809.975  5009353.343  3221007.433
2022  62  25987 GPS  -2267809.972  5009353.343  3221007.431
2022  62  25988 GPS  -2267809.972  5009353.347  3221007.431
2022  62  25989 GPS  -2267809.968  5009353.344  3221007.429
2022  62  25990 GPS  -2267809.966  5009353.341  3221007.430
2022  62  25991 GPS  -2267809.962  5009353.332  3221007.422
2022  62  25992 GPS  -2267809.956  5009353.331  3221007.419
2022  62  25993 GPS  -2267809.953  5009353.331  3221007.416
2022  62  25994 GPS  -2267809.956  5009353.335  3221007.414
2022  62  25995 GPS  -2267809.956  5009353.337  3221007.415
2022  62  25996 GPS  -2267809.950  5009353.334  3221007.413
2022  62  25997 GPS  -2267809.943  5009353.322  3221007.408
2022  62  25998 GPS  -2267809.936  5009353.304  3221007.395
2022  62  25999 GPS  -2267809.934  5009353.301  3221007.389
2022  62  26000 GPS  -2267809.934  5009353.299  3221007.386
2022  62  26001 GPS  -2267809.929  5009353.293  3221007.378
2022  62  26002 GPS  -2267809.923  5009353.280  3221007.368
2022  62  26003 GPS  -2267809.920  5009353.271  3221007.360
2022  62  26004 GPS  -2267809.913  5009353.260  3221007.350
2022  62  26005 GPS  -2267809.913  5009353.262  3221007.346
2022  62  26006 GPS  -2267809.918  5009353.268  3221007.347
2022  62  26007 GPS  -2267809.924  5009353.272  3221007.345
2022  62  26008 GPS  -2267809.931  5009353.277  3221007.338
2022  62  26009 GPS  -2267809.933  5009353.285  3221007.333
2022  62  26010 GPS  -2267809.939  5009353.284  3221007.324
2022  62  26011 GPS  -2267809.938  5009353.278  3221007.315
2022  62  26012 GPS  -2267809.941  5009353.275  3221007.310
2022  62  26013 GPS  -2267809.941  5009353.278  3221007.307
2022  62  26014 GPS  -2267809.945  5009353.284  3221007.304
2022  62  26015 GPS  -2267809.948  5009353.289  3221007.302
2022  62  26016 GPS  -2267809.950  5009353.300  3221007.300
2022  62  26017 GPS  -2267809.953  5009353.311  3221007.296
2022  62  26018 GPS  -2267809.961  5009353.325  3221007.301
2022  62  26019 GPS  -2267809.965  5009353.332  3221007.304
2022  62  26020 GPS  -2267809.974  5009353.343  3221007.310
2022  62  26021 GPS  -2267809.983  5009353.356  3221007.316
2022  62  26022 GPS  -2267809.989  5009353.369  3221007.317
2022  62  26023 GPS  -2267809.997  5009353.393  3221007.328
2022  62  26024 GPS  -2267810.001  5009353.406  3221007.327
2022  62  26025 GPS  -2267810.005  5009353.415  3221007.331
2022  62  26026 GPS  -2267810.009  5009353.419  3221007.334
2022  62  26027 GPS  -2267810.014  5009353.434  3221007.339
2022  62  26028 GPS  -2267810.018  5009353.450  3221007.347
2022  62  26029 GPS  -2267810.023  5009353.463  3221007.356
2022  62  26030 GPS  -2267810.032  5009353.474  3221007.365
2022  62  26031 GPS  -2267809.693  5009352.526  3221006.189
2022  62  26032 GPS  -2267809.693  5009352.523  3221006.189
2022  62  26033 GPS  -2267809.691  5009352.520  3221006.186
2022  62  26034 GPS  -2267809.696  5009352.526  3221006.191
2022  62  26035 GPS  -2267809.695  5009352.523  3221006.186
2022  62  26036 GPS  -2267809.694  5009352.523  3221006.182
2022  62  26037 GPS  -2267809.698  5009352.522  3221006.175
2022  62  26038 GPS  -2267810.084  5009353.588  3221007.501
2022  62  26039 GPS  -2267810.078  5009353.575  3221007.485
2022  62  26040 GPS  -2267810.075  5009353.556  3221007.458
2022  62  26041 GPS  -2267810.064  5009353.512  3221007.398
2022  62  26042 GPS  -2267810.053  5009353.475  3221007.346
2022  62  26043 GPS  -2267810.058  5009353.469  3221007.330
2022  62  26044 GPS  -2267810.077  5009353.505  3221007.371
2022  62  26045 GPS  -2267810.080  5009353.497  3221007.366
2022  62  26046 GPS  -2267810.086  5009353.500  3221007.378
2022  62  26047 GPS  -2267810.082  5009353.491  3221007.370
2022  62  26048 GPS  -2267810.057  5009353.430  3221007.296
2022  62  26049 GPS  -2267810.041  5009353.380  3221007.245
2022  62  26050 GPS  -2267810.036  5009353.363  3221007.231
2022  62  26051 GPS  -2267810.047  5009353.389  3221007.277
2022  62  26052 GPS  -2267810.050  5009353.401  3221007.293
2022  62  26053 GPS  -2267810.054  5009353.409  3221007.303
2022  62  26054 GPS  -2267810.045  5009353.384  3221007.292
2022  62  26055 GPS  -2267810.034  5009353.351  3221007.262
2022  62  26056 GPS  -2267810.024  5009353.315  3221007.231
2022  62  26057 GPS  -2267810.014  5009353.276  3221007.184
2022  62  26058 GPS  -2267810.018  5009353.285  3221007.190
2022  62  26059 GPS  -2267810.017  5009353.286  3221007.197
2022  62  26060 GPS  -2267810.013  5009353.276  3221007.188
2022  62  26061 GPS  -2267810.014  5009353.280  3221007.184
2022  62  26062 GPS  -2267810.018  5009353.280  3221007.172
2022  62  26063 GPS  -2267810.023  5009353.294  3221007.182
2022  62  26064 GPS  -2267810.035  5009353.310  3221007.195
2022  62  26065 GPS  -2267810.044  5009353.323  3221007.205
2022  62  26066 GPS  -2267810.048  5009353.328  3221007.212
2022  62  26067 GPS  -2267810.053  5009353.333  3221007.218
2022  62  26068 GPS  -2267810.058  5009353.341  3221007.218
2022  62  26069 GPS  -2267810.058  5009353.348  3221007.218
2022  62  26070 GPS  -2267810.054  5009353.348  3221007.219
2022  62  26071 GPS  -2267810.054  5009353.349  3221007.224
2022  62  26072 GPS  -2267810.057  5009353.349  3221007.227
2022  62  26073 GPS  -2267810.064  5009353.356  3221007.232
2022  62  26074 GPS  -2267810.069  5009353.357  3221007.237
2022  62  26075 GPS  -2267810.079  5009353.368  3221007.243
2022  62  26076 GPS  -2267810.086  5009353.376  3221007.249
2022  62  26077 GPS  -2267810.081  5009353.371  3221007.241
2022  62  26078 GPS  -2267810.078  5009353.371  3221007.240
2022  62  26079 GPS  -2267810.074  5009353.372  3221007.236
2022  62  26080 GPS  -2267810.064  5009353.371  3221007.227
2022  62  26081 GPS  -2267809.743  5009352.461  3221006.076
2022  62  26082 GPS  -2267809.745  5009352.467  3221006.074
2022  62  26083 GPS  -2267809.750  5009352.474  3221006.079
2022  62  26084 GPS  -2267809.748  5009352.481  3221006.081
2022  62  26085 GPS  -2267809.748  5009352.495  3221006.082
2022  62  26086 GPS  -2267809.749  5009352.497  3221006.084
2022  62  26087 GPS  -2267809.750  5009352.504  3221006.084
2022  62  26088 GPS  -2267809.751  5009352.512  3221006.083
2022  62  26089 GPS  -2267810.363  5009354.223  3221008.236
2022  62  26090 GPS  -2267810.240  5009353.881  3221007.802
2022  62  26091 GPS  -2267810.200  5009353.781  3221007.674
2022  62  26092 GPS  -2267810.148  5009353.631  3221007.483
2022  62  26093 GPS  -2267810.151  5009353.635  3221007.480
2022  62  26094 GPS  -2267810.151  5009353.627  3221007.471
2022  62  26095 GPS  -2267810.160  5009353.646  3221007.506
2022  62  26096 GPS  -2267810.163  5009353.651  3221007.523
2022  62  26097 GPS  -2267810.167  5009353.658  3221007.532
2022  62  26098 GPS  -2267810.168  5009353.651  3221007.530
2022  62  26099 GPS  -2267810.155  5009353.598  3221007.470
2022  62  26100 GPS  -2267810.166  5009353.616  3221007.499
2022  62  26101 GPS  -2267810.161  5009353.594  3221007.476
2022  62  26102 GPS  -2267810.164  5009353.587  3221007.472
2022  62  26103 GPS  -2267810.162  5009353.587  3221007.475
2022  62  26104 GPS  -2267810.163  5009353.575  3221007.468
2022  62  26105 GPS  -2267810.176  5009353.617  3221007.518
2022  62  26106 GPS  -2267810.178  5009353.613  3221007.522
2022  62  26107 GPS  -2267810.178  5009353.614  3221007.529
2022  62  26108 GPS  -2267810.169  5009353.574  3221007.494
2022  62  26109 GPS  -2267810.156  5009353.523  3221007.432
2022  62  26110 GPS  -2267810.148  5009353.493  3221007.407
2022  62  26111 GPS  -2267810.145  5009353.477  3221007.395
2022  62  26112 GPS  -2267810.150  5009353.489  3221007.409
2022  62  26113 GPS  -2267810.151  5009353.486  3221007.421
2022  62  26114 GPS  -2267810.141  5009353.465  3221007.413
2022  62  26115 GPS  -2267810.136  5009353.448  3221007.405
2022  62  26116 GPS  -2267810.131  5009353.440  3221007.402
2022  62  26117 GPS  -2267810.128  5009353.435  3221007.400
2022  62  26118 GPS  -2267810.131  5009353.438  3221007.405
2022  62  26119 GPS  -2267810.146  5009353.441  3221007.414
2022  62  26120 GPS  -2267810.154  5009353.437  3221007.414
2022  62  26121 GPS  -2267810.161  5009353.438  3221007.421
2022  62  26122 GPS  -2267810.160  5009353.438  3221007.424
2022  62  26123 GPS  -2267810.169  5009353.437  3221007.424
2022  62  26124 GPS  -2267810.175  5009353.435  3221007.427
2022  62  26125 GPS  -2267810.183  5009353.434  3221007.433
2022  62  26126 GPS  -2267810.188  5009353.424  3221007.433
2022  62  26127 GPS  -2267810.198  5009353.429  3221007.432
2022  62  26128 GPS  -2267810.209  5009353.433  3221007.442
2022  62  26129 GPS  -2267810.214  5009353.431  3221007.450
2022  62  26130 GPS  -2267810.214  5009353.425  3221007.450
2022  62  26131 GPS  -2267810.225  5009353.433  3221007.457
2022  62  26132 GPS  -2267810.230  5009353.432  3221007.460
2022  62  26133 GPS  -2267810.240  5009353.446  3221007.469
2022  62  26134 GPS  -2267810.245  5009353.450  3221007.472
2022  62  26135 GPS  -2267810.249  5009353.452  3221007.471
2022  62  26136 GPS  -2267810.252  5009353.458  3221007.472
2022  62  26137 GPS  -2267810.259  5009353.461  3221007.477
2022  62  26138 GPS  -2267810.261  5009353.467  3221007.483
2022  62  26139 GPS  -2267810.264  5009353.471  3221007.483
2022  62  26140 GPS  -2267810.264  5009353.471  3221007.484
2022  62  26141 GPS  -2267810.265  5009353.473  3221007.485
2022  62  26142 GPS  -2267810.262  5009353.479  3221007.485
2022  62  26143 GPS  -2267810.255  5009353.478  3221007.483
2022  62  26144 GPS  -2267810.253  5009353.475  3221007.480
2022  62  26145 GPS  -2267810.248  5009353.474  3221007.479
2022  62  26146 GPS  -2267810.241  5009353.465  3221007.479
2022  62  26147 GPS  -2267810.237  5009353.470  3221007.484
2022  62  26148 GPS  -2267810.237  5009353.478  3221007.488
2022  62  26149 GPS  -2267810.235  5009353.473  3221007.492
2022  62  26150 GPS  -2267810.237  5009353.475  3221007.500
2022  62  26151 GPS  -2267809.871  5009352.480  3221006.236
2022  62  26152 GPS  -2267809.866  5009352.490  3221006.248
2022  62  26153 GPS  -2267809.866  5009352.494  3221006.258
2022  62  26154 GPS  -2267809.863  5009352.498  3221006.260
2022  62  26155 GPS  -2267809.860  5009352.491  3221006.256
2022  62  26156 GPS  -2267809.857  5009352.485  3221006.249
2022  62  26157 GPS  -2267810.294  5009353.715  3221007.820
2022  62  26158 GPS  -2267810.249  5009353.602  3221007.684
2022  62  26159 GPS  -2267810.230  5009353.561  3221007.632
2022  62  26160 GPS  -2267810.181  5009353.414  3221007.445
2022  62  26161 GPS  -2267810.179  5009353.412  3221007.431
2022  62  26162 GPS  -2267810.172  5009353.393  3221007.394
2022  62  26163 GPS  -2267810.147  5009353.335  3221007.318
2022  62  26164 GPS  -2267810.143  5009353.343  3221007.321
2022  62  26165 GPS  -2267810.140  5009353.359  3221007.332
2022  62  26166 GPS  -2267810.140  5009353.358  3221007.331
2022  62  26167 GPS  -2267810.137  5009353.352  3221007.324
2022  62  26168 GPS  -2267810.130  5009353.340  3221007.302
2022  62  26169 GPS  -2267810.125  5009353.324  3221007.273
2022  62  26170 GPS  -2267810.147  5009353.371  3221007.327
2022  62  26171 GPS  -2267809.842  5009352.509  3221006.222
2022  62  26172 GPS  -2267809.840  5009352.510  3221006.222
2022  62  26173 GPS  -2267809.836  5009352.505  3221006.216
2022  62  26174 GPS  -2267809.840  5009352.503  3221006.214
2022  62  26175 GPS  -2267809.843  5009352.503  3221006.215
2022  62  26176 GPS  -2267809.840  5009352.496  3221006.212
2022  62  26177 GPS  -2267809.843  5009352.495  3221006.208
2022  62  26178 GPS  -2267809.848  5009352.498  3221006.210
2022  62  26179 GPS  -2267809.855  5009352.500  3221006.206
2022  62  26180 GPS  -2267809.853  5009352.489  3221006.190
2022  62  26181 GPS  -2267810.442  5009354.101  3221008.259
2022  62  26182 GPS  -2267810.273  5009353.614  3221007.640
2022  62  26183 GPS  -2267810.214  5009353.434  3221007.418
2022  62  26184 GPS  -2267810.190  5009353.348  3221007.317
2022  62  26185 GPS  -2267810.185  5009353.312  3221007.290
2022  62  26186 GPS  -2267810.192  5009353.323  3221007.311
2022  62  26187 GPS  -2267810.193  5009353.323  3221007.310
2022  62  26188 GPS  -2267810.168  5009353.249  3221007.221
2022  62  26189 GPS  -2267810.153  5009353.201  3221007.166
2022  62  26190 GPS  -2267810.157  5009353.202  3221007.167
2022  62  26191 GPS  -2267810.187  5009353.274  3221007.260
2022  62  26192 GPS  -2267810.172  5009353.240  3221007.211
2022  62  26193 GPS  -2267810.165  5009353.227  3221007.183
2022  62  26194 GPS  -2267810.182  5009353.262  3221007.230
2022  62  26195 GPS  -2267810.195  5009353.291  3221007.264
2022  62  26196 GPS  -2267810.197  5009353.306  3221007.286
2022  62  26197 GPS  -2267810.189  5009353.278  3221007.252
2022  62  26198 GPS  -2267810.192  5009353.297  3221007.271
2022  62  26199 GPS  -2267810.200  5009353.332  3221007.301
2022  62  26200 GPS  -2267810.203  5009353.340  3221007.308
2022  62  26201 GPS  -2267810.200  5009353.336  3221007.302
2022  62  26202 GPS  -2267810.213  5009353.373  3221007.346
2022  62  26203 GPS  -2267810.209  5009353.360  3221007.319
2022  62  26204 GPS  -2267810.202  5009353.353  3221007.310
2022  62  26205 GPS  -2267810.204  5009353.368  3221007.322
2022  62  26206 GPS  -2267810.204  5009353.381  3221007.329
2022  62  26207 GPS  -2267810.199  5009353.380  3221007.324
2022  62  26208 GPS  -2267810.190  5009353.378  3221007.313
2022  62  26209 GPS  -2267810.184  5009353.384  3221007.310
2022  62  26210 GPS  -2267810.179  5009353.391  3221007.311
2022  62  26211 GPS  -2267810.170  5009353.385  3221007.307
2022  62  26212 GPS  -2267810.175  5009353.396  3221007.306
2022  62  26213 GPS  -2267810.170  5009353.402  3221007.303
2022  62  26214 GPS  -2267810.164  5009353.397  3221007.297
2022  62  26215 GPS  -2267810.161  5009353.397  3221007.290
2022  62  26216 GPS  -2267810.159  5009353.402  3221007.282
2022  62  26217 GPS  -2267810.158  5009353.403  3221007.280
2022  62  26218 GPS  -2267810.154  5009353.400  3221007.274
2022  62  26219 GPS  -2267810.158  5009353.404  3221007.269
2022  62  26220 GPS  -2267810.166  5009353.416  3221007.270
2022  62  26221 GPS  -2267810.175  5009353.426  3221007.271
2022  62  26222 GPS  -2267810.185  5009353.434  3221007.277
2022  62  26223 GPS  -2267810.191  5009353.442  3221007.270
2022  62  26224 GPS  -2267810.194  5009353.439  3221007.264
2022  62  26225 GPS  -2267810.193  5009353.446  3221007.265
2022  62  26226 GPS  -2267810.198  5009353.450  3221007.268
2022  62  26227 GPS  -2267810.204  5009353.455  3221007.271
2022  62  26228 GPS  -2267810.204  5009353.459  3221007.274
2022  62  26229 GPS  -2267810.207  5009353.463  3221007.275
2022  62  26230 GPS  -2267810.211  5009353.468  3221007.278
2022  62  26231 GPS  -2267810.221  5009353.477  3221007.286
2022  62  26232 GPS  -2267810.226  5009353.482  3221007.286
2022  62  26233 GPS  -2267810.233  5009353.480  3221007.285
2022  62  26234 GPS  -2267810.241  5009353.491  3221007.288
2022  62  26235 GPS  -2267810.240  5009353.492  3221007.285
2022  62  26236 GPS  -2267810.235  5009353.482  3221007.275
2022  62  26237 GPS  -2267810.236  5009353.486  3221007.274
2022  62  26238 GPS  -2267810.233  5009353.480  3221007.267
2022  62  26239 GPS  -2267810.231  5009353.476  3221007.267
2022  62  26240 GPS  -2267810.225  5009353.461  3221007.263
2022  62  26241 GPS  -2267810.222  5009353.457  3221007.264
2022  62  26242 GPS  -2267810.217  5009353.451  3221007.265
2022  62  26243 GPS  -2267810.202  5009353.435  3221007.259
2022  62  26244 GPS  -2267810.195  5009353.428  3221007.259
2022  62  26245 GPS  -2267810.193  5009353.417  3221007.259
2022  62  26246 GPS  -2267810.194  5009353.413  3221007.254
2022  62  26247 GPS  -2267810.191  5009353.407  3221007.248
2022  62  26248 GPS  -2267810.190  5009353.402  3221007.243
2022  62  26249 GPS  -2267810.182  5009353.391  3221007.234
2022  62  26250 GPS  -2267810.182  5009353.391  3221007.233
2022  62  26251 GPS  -2267810.184  5009353.398  3221007.230
2022  62  26252 GPS  -2267810.184  5009353.396  3221007.223
2022  62  26253 GPS  -2267810.182  5009353.388  3221007.214
2022  62  26254 GPS  -2267810.184  5009353.385  3221007.211
2022  62  26255 GPS  -2267810.176  5009353.373  3221007.197
2022  62  26256 GPS  -2267810.179  5009353.366  3221007.193
2022  62  26257 GPS  -2267810.178  5009353.366  3221007.187
2022  62  26258 GPS  -2267810.185  5009353.373  3221007.186
2022  62  26259 GPS  -2267810.185  5009353.372  3221007.181
2022  62  26260 GPS  -2267810.187  5009353.367  3221007.178
2022  62  26261 GPS  -2267810.190  5009353.362  3221007.172
2022  62  26262 GPS  -2267810.186  5009353.359  3221007.165
2022  62  26263 GPS  -2267810.185  5009353.355  3221007.161
2022  62  26264 GPS  -2267810.183  5009353.354  3221007.158
2022  62  26265 GPS  -2267810.187  5009353.354  3221007.159
2022  62  26266 GPS  -2267810.187  5009353.350  3221007.162
2022  62  26267 GPS  -2267810.183  5009353.345  3221007.161
2022  62  26268 GPS  -2267810.181  5009353.342  3221007.162
2022  62  26269 GPS  -2267810.173  5009353.340  3221007.162
2022  62  26270 GPS  -2267810.171  5009353.341  3221007.168
2022  62  26271 GPS  -2267810.175  5009353.350  3221007.177
2022  62  26272 GPS  -2267810.174  5009353.355  3221007.183
2022  62  26273 GPS  -2267810.169  5009353.358  3221007.182
2022  62  26274 GPS  -2267810.166  5009353.363  3221007.183
2022  62  26275 GPS  -2267810.165  5009353.368  3221007.187
2022  62  26276 GPS  -2267810.162  5009353.373  3221007.189
2022  62  26277 GPS  -2267810.160  5009353.382  3221007.194
2022  62  26278 GPS  -2267810.155  5009353.384  3221007.199
2022  62  26279 GPS  -2267810.148  5009353.384  3221007.203
2022  62  26280 GPS  -2267810.147  5009353.390  3221007.208
2022  62  26281 GPS  -2267810.151  5009353.395  3221007.215
2022  62  26282 GPS  -2267810.154  5009353.406  3221007.225
2022  62  26283 GPS  -2267810.158  5009353.415  3221007.232
2022  62  26284 GPS  -2267810.161  5009353.420  3221007.240
2022  62  26285 GPS  -2267810.164  5009353.426  3221007.248
2022  62  26286 GPS  -2267810.164  5009353.431  3221007.251
2022  62  26287 GPS  -2267810.169  5009353.442  3221007.254
2022  62  26288 GPS  -2267810.167  5009353.442  3221007.251
2022  62  26289 GPS  -2267810.167  5009353.443  3221007.246
2022  62  26290 GPS  -2267810.169  5009353.450  3221007.243
2022  62  26291 GPS  -2267809.762  5009352.333  3221005.788
2022  62  26418 GPS  -2267810.746  5009353.839  3221007.580
2022  62  26419 GPS  -2267810.740  5009353.827  3221007.558
2022  62  26420 GPS  -2267810.739  5009353.822  3221007.547
2022  62  26421 GPS  -2267810.756  5009353.869  3221007.611
2022  62  26422 GPS  -2267810.769  5009353.906  3221007.657
2022  62  26423 GPS  -2267810.773  5009353.917  3221007.660
2022  62  26424 GPS  -2267810.765  5009353.885  3221007.609
2022  62  26425 GPS  -2267810.780  5009353.920  3221007.653
2022  62  26426 GPS  -2267810.771  5009353.895  3221007.613
2022  62  26427 GPS  -2267810.767  5009353.896  3221007.611
2022  62  26428 GPS  -2267810.768  5009353.906  3221007.623
2022  62  26429 GPS  -2267810.768  5009353.905  3221007.620
2022  62  26430 GPS  -2267810.779  5009353.921  3221007.650
2022  62  26431 GPS  -2267810.779  5009353.905  3221007.635
2022  62  26432 GPS  -2267810.781  5009353.895  3221007.624
2022  62  26433 GPS  -2267810.790  5009353.902  3221007.630
2022  62  26434 GPS  -2267810.795  5009353.902  3221007.634
2022  62  26435 GPS  -2267810.801  5009353.893  3221007.626
2022  62  26436 GPS  -2267810.807  5009353.895  3221007.627
2022  62  26437 GPS  -2267810.817  5009353.912  3221007.635
2022  62  26438 GPS  -2267810.817  5009353.913  3221007.632
2022  62  26439 GPS  -2267810.818  5009353.913  3221007.632
2022  62  26440 GPS  -2267810.823  5009353.915  3221007.633
2022  62  26441 GPS  -2267810.826  5009353.921  3221007.638
2022  62  26442 GPS  -2267810.827  5009353.923  3221007.642
2022  62  26443 GPS  -2267810.826  5009353.921  3221007.642
2022  62  26444 GPS  -2267810.826  5009353.920  3221007.641
2022  62  26445 GPS  -2267810.825  5009353.922  3221007.641
2022  62  26446 GPS  -2267810.828  5009353.921  3221007.639
2022  62  26447 GPS  -2267810.831  5009353.922  3221007.638
2022  62  26448 GPS  -2267810.832  5009353.918  3221007.639
2022  62  26449 GPS  -2267810.831  5009353.922  3221007.643
2022  62  26450 GPS  -2267810.831  5009353.921  3221007.641
2022  62  26451 GPS  -2267810.560  5009353.108  3221006.532
2022  62  26452 GPS  -2267810.558  5009353.107  3221006.529
2022  62  26453 GPS  -2267810.553  5009353.095  3221006.523
2022  62  26454 GPS  -2267810.547  5009353.086  3221006.519
2022  62  26455 GPS  -2267810.550  5009353.092  3221006.522
2022  62  26456 GPS  -2267810.812  5009353.873  3221007.595
2022  62  26457 GPS  -2267810.800  5009353.831  3221007.532
2022  62  26458 GPS  -2267810.769  5009353.745  3221007.412
2022  62  26459 GPS  -2267810.746  5009353.686  3221007.324
2022  62  26460 GPS  -2267810.759  5009353.729  3221007.378
2022  62  26461 GPS  -2267810.551  5009353.096  3221006.511
2022  62  26462 GPS  -2267810.550  5009353.099  3221006.513
2022  62  26463 GPS  -2267810.550  5009353.100  3221006.515
2022  62  26464 GPS  -2267810.544  5009353.101  3221006.512
2022  62  26465 GPS  -2267810.538  5009353.102  3221006.509
2022  62  26466 GPS  -2267810.536  5009353.110  3221006.513
2022  62  26467 GPS  -2267810.791  5009353.885  3221007.562
2022  62  26468 GPS  -2267810.789  5009353.891  3221007.562
2022  62  26469 GPS  -2267810.789  5009353.885  3221007.560
2022  62  26470 GPS  -2267810.795  5009353.914  3221007.603
2022  62  26471 GPS  -2267810.801  5009353.930  3221007.633
2022  62  26472 GPS  -2267810.771  5009353.866  3221007.555
2022  62  26473 GPS  -2267810.765  5009353.855  3221007.547
2022  62  26474 GPS  -2267810.764  5009353.851  3221007.547
2022  62  26475 GPS  -2267810.785  5009353.918  3221007.643
2022  62  26476 GPS  -2267810.790  5009353.944  3221007.670
2022  62  26477 GPS  -2267810.784  5009353.931  3221007.644
2022  62  26478 GPS  -2267810.791  5009353.956  3221007.673
2022  62  26479 GPS  -2267811.067  5009354.782  3221008.797
2022  62  26480 GPS  -2267811.061  5009354.753  3221008.755
2022  62  26481 GPS  -2267811.082  5009354.803  3221008.816
2022  62  26482 GPS  -2267811.075  5009354.768  3221008.773
2022  62  26483 GPS  -2267811.056  5009354.711  3221008.689
2022  62  26484 GPS  -2267811.105  5009354.847  3221008.871
2022  62  26485 GPS  -2267811.098  5009354.821  3221008.837
2022  62  26486 GPS  -2267811.118  5009354.866  3221008.893
2022  62  26487 GPS  -2267811.131  5009354.898  3221008.935
2022  62  26488 GPS  -2267811.130  5009354.910  3221008.941
2022  62  26489 GPS  -2267811.138  5009354.940  3221008.969
2022  62  26490 GPS  -2267811.152  5009354.999  3221009.040
2022  62  26491 GPS  -2267811.165  5009355.042  3221009.094
2022  62  26492 GPS  -2267811.159  5009355.038  3221009.079
2022  62  26493 GPS  -2267811.156  5009355.023  3221009.054
2022  62  26494 GPS  -2267811.150  5009355.014  3221009.036
2022  62  26495 GPS  -2267811.142  5009354.988  3221009.015
2022  62  26496 GPS  -2267811.134  5009354.972  3221009.009
2022  62  26497 GPS  -2267811.121  5009354.957  3221008.999
2022  62  26498 GPS  -2267811.121  5009354.959  3221008.998
2022  62  26499 GPS  -2267811.119  5009354.952  3221008.995
2022  62  26500 GPS  -2267811.115  5009354.940  3221008.987
2022  62  26501 GPS  -2267811.119  5009354.938  3221008.986
2022  62  26502 GPS  -2267811.121  5009354.939  3221008.988
2022  62  26503 GPS  -2267811.121  5009354.935  3221008.986
2022  62  26504 GPS  -2267811.123  5009354.934  3221008.986
2022  62  26505 GPS  -2267811.119  5009354.933  3221008.981
2022  62  26506 GPS  -2267811.118  5009354.924  3221008.975
2022  62  26507 GPS  -2267811.116  5009354.918  3221008.975
2022  62  26508 GPS  -2267811.119  5009354.915  3221008.970
2022  62  26509 GPS  -2267811.123  5009354.909  3221008.968
2022  62  26510 GPS  -2267811.124  5009354.902  3221008.963
2022  62  26511 GPS  -2267811.130  5009354.897  3221008.965
2022  62  26512 GPS  -2267811.129  5009354.893  3221008.964
2022  62  26513 GPS  -2267811.134  5009354.896  3221008.963
2022  62  26514 GPS  -2267811.132  5009354.904  3221008.963
2022  62  26515 GPS  -2267811.135  5009354.915  3221008.966
2022  62  26516 GPS  -2267811.136  5009354.922  3221008.967
2022  62  26517 GPS  -2267811.136  5009354.930  3221008.963
2022  62  26518 GPS  -2267811.133  5009354.937  3221008.962
2022  62  26519 GPS  -2267811.130  5009354.943  3221008.961
2022  62  26520 GPS  -2267811.125  5009354.943  3221008.951
2022  62  26521 GPS  -2267811.119  5009354.940  3221008.944
2022  62  26522 GPS  -2267811.117  5009354.938  3221008.934
2022  62  26523 GPS  -2267811.111  5009354.934  3221008.927
2022  62  26524 GPS  -2267811.108  5009354.934  3221008.917
2022  62  26525 GPS  -2267811.100  5009354.926  3221008.908
2022  62  26526 GPS  -2267811.091  5009354.920  3221008.899
2022  62  26527 GPS  -2267811.082  5009354.908  3221008.888
2022  62  26528 GPS  -2267811.072  5009354.894  3221008.883
2022  62  26529 GPS  -2267811.068  5009354.880  3221008.876
2022  62  26530 GPS  -2267811.069  5009354.867  3221008.871
2022  62  26531 GPS  -2267811.064  5009354.855  3221008.858
2022  62  26532 GPS  -2267811.064  5009354.838  3221008.849
2022  62  26533 GPS  -2267811.062  5009354.828  3221008.842
2022  62  26534 GPS  -2267811.060  5009354.822  3221008.839
2022  62  26535 GPS  -2267811.062  5009354.813  3221008.827
2022  62  26536 GPS  -2267811.059  5009354.804  3221008.815
2022  62  26537 GPS  -2267811.057  5009354.790  3221008.803
2022  62  26538 GPS  -2267811.048  5009354.772  3221008.787
2022  62  26539 GPS  -2267811.043  5009354.756  3221008.773
2022  62  26540 GPS  -2267811.043  5009354.746  3221008.758
2022  62  26541 GPS  -2267811.045  5009354.736  3221008.747
2022  62  26542 GPS  -2267811.047  5009354.720  3221008.737
2022  62  26543 GPS  -2267811.053  5009354.708  3221008.727
2022  62  26544 GPS  -2267811.049  5009354.694  3221008.712
2022  62  26545 GPS  -2267811.052  5009354.696  3221008.710
2022  62  26546 GPS  -2267811.062  5009354.694  3221008.706
2022  62  26547 GPS  -2267811.070  5009354.697  3221008.701
2022  62  26548 GPS  -2267811.078  5009354.696  3221008.700
2022  62  26549 GPS  -2267811.084  5009354.690  3221008.690
2022  62  26550 GPS  -2267811.087  5009354.689  3221008.686
2022  62  26551 GPS  -2267811.091  5009354.686  3221008.685
2022  62  26552 GPS  -2267811.093  5009354.685  3221008.689
2022  62  26553 GPS  -2267811.097  5009354.688  3221008.698
2022  62  26554 GPS  -2267811.097  5009354.687  3221008.699
2022  62  26555 GPS  -2267811.096  5009354.687  3221008.698
2022  62  26556 GPS  -2267811.101  5009354.698  3221008.701
2022  62  26557 GPS  -2267811.108  5009354.708  3221008.706
2022  62  26558 GPS  -2267811.111  5009354.711  3221008.707
2022  62  26559 GPS  -2267811.110  5009354.708  3221008.708
2022  62  26560 GPS  -2267811.115  5009354.708  3221008.712
2022  62  26561 GPS  -2267811.115  5009354.707  3221008.718
2022  62  26562 GPS  -2267811.122  5009354.707  3221008.729
2022  62  26563 GPS  -2267811.131  5009354.711  3221008.732
2022  62  26564 GPS  -2267811.134  5009354.723  3221008.740
2022  62  26565 GPS  -2267811.139  5009354.734  3221008.750
2022  62  26566 GPS  -2267811.149  5009354.749  3221008.761
2022  62  26567 GPS  -2267811.164  5009354.771  3221008.775
2022  62  26568 GPS  -2267811.170  5009354.780  3221008.781
2022  62  26569 GPS  -2267811.179  5009354.799  3221008.791
2022  62  26570 GPS  -2267811.187  5009354.817  3221008.796
2022  62  26571 GPS  -2267811.186  5009354.822  3221008.798
2022  62  26572 GPS  -2267811.182  5009354.826  3221008.801
2022  62  26573 GPS  -2267811.183  5009354.833  3221008.807
2022  62  26574 GPS  -2267811.184  5009354.833  3221008.809
2022  62  26575 GPS  -2267811.187  5009354.830  3221008.811
2022  62  26576 GPS  -2267811.190  5009354.831  3221008.814
2022  62  26577 GPS  -2267811.193  5009354.832  3221008.815
2022  62  26578 GPS  -2267811.192  5009354.839  3221008.815
2022  62  26579 GPS  -2267811.193  5009354.840  3221008.813
2022  62  26580 GPS  -2267811.195  5009354.845  3221008.813
2022  62  26581 GPS  -2267811.194  5009354.848  3221008.812
2022  62  26582 GPS  -2267811.191  5009354.855  3221008.812
2022  62  26583 GPS  -2267811.186  5009354.849  3221008.810
2022  62  26584 GPS  -2267811.182  5009354.850  3221008.808
2022  62  26585 GPS  -2267811.178  5009354.846  3221008.804
2022  62  26586 GPS  -2267811.178  5009354.850  3221008.800
2022  62  26587 GPS  -2267811.176  5009354.843  3221008.793
2022  62  26588 GPS  -2267811.173  5009354.832  3221008.789
2022  62  26589 GPS  -2267811.173  5009354.827  3221008.789
2022  62  26590 GPS  -2267811.170  5009354.810  3221008.784
2022  62  26591 GPS  -2267811.165  5009354.792  3221008.773
2022  62  26592 GPS  -2267811.168  5009354.788  3221008.768
2022  62  26593 GPS  -2267811.170  5009354.786  3221008.762
2022  62  26594 GPS  -2267811.169  5009354.781  3221008.756
2022  62  26595 GPS  -2267811.175  5009354.781  3221008.756
2022  62  26596 GPS  -2267811.176  5009354.779  3221008.749
2022  62  26597 GPS  -2267811.177  5009354.777  3221008.742
2022  62  26598 GPS  -2267811.185  5009354.779  3221008.741
2022  62  26599 GPS  -2267811.186  5009354.773  3221008.736
2022  62  26600 GPS  -2267811.191  5009354.770  3221008.727
2022  62  26601 GPS  -2267811.197  5009354.763  3221008.724
2022  62  26602 GPS  -2267811.199  5009354.757  3221008.719
2022  62  26603 GPS  -2267811.204  5009354.762  3221008.722
2022  62  26604 GPS  -2267811.209  5009354.762  3221008.720
2022  62  26605 GPS  -2267811.214  5009354.755  3221008.716
2022  62  26606 GPS  -2267811.219  5009354.752  3221008.714
2022  62  26607 GPS  -2267811.220  5009354.744  3221008.707
2022  62  26608 GPS  -2267811.228  5009354.749  3221008.708
2022  62  26609 GPS  -2267811.229  5009354.746  3221008.704
2022  62  26610 GPS  -2267811.229  5009354.739  3221008.703
2022  62  26611 GPS  -2267811.229  5009354.729  3221008.695
2022  62  26612 GPS  -2267811.231  5009354.732  3221008.695
2022  62  26613 GPS  -2267811.293  5009355.267  3221008.955
2022  62  26614 GPS  -2267811.293  5009355.261  3221008.954
2022  62  26615 GPS  -2267811.295  5009355.264  3221008.954
2022  62  26616 GPS  -2267811.298  5009355.262  3221008.951
2022  62  26617 GPS  -2267811.297  5009355.260  3221008.951
2022  62  26618 GPS  -2267811.295  5009355.262  3221008.948
2022  62  26619 GPS  -2267811.295  5009355.261  3221008.949
2022  62  26620 GPS  -2267811.296  5009355.260  3221008.953
2022  62  26621 GPS  -2267811.300  5009355.262  3221008.962
2022  62  26622 GPS  -2267811.302  5009355.261  3221008.961
2022  62  26623 GPS  -2267811.306  5009355.271  3221008.969
2022  62  26624 GPS  -2267811.311  5009355.278  3221008.975
2022  62  26625 GPS  -2267811.313  5009355.282  3221008.982
2022  62  26626 GPS  -2267811.318  5009355.282  3221008.991
2022  62  26627 GPS  -2267811.318  5009355.291  3221008.999
2022  62  26628 GPS  -2267811.320  5009355.304  3221009.008
2022  62  26629 GPS  -2267811.324  5009355.313  3221009.014
2022  62  26630 GPS  -2267811.328  5009355.322  3221009.020
2022  62  26631 GPS  -2267811.332  5009355.331  3221009.028
2022  62  26632 GPS  -2267811.328  5009355.328  3221009.029
2022  62  26633 GPS  -2267811.329  5009355.332  3221009.031
2022  62  26634 GPS  -2267811.330  5009355.337  3221009.038
2022  62  26635 GPS  -2267811.335  5009355.341  3221009.046
2022  62  26636 GPS  -2267811.335  5009355.342  3221009.057
2022  62  26637 GPS  -2267811.334  5009355.339  3221009.064
2022  62  26638 GPS  -2267811.332  5009355.338  3221009.069
2022  62  26639 GPS  -2267811.332  5009355.342  3221009.076
2022  62  26640 GPS  -2267811.330  5009355.339  3221009.078
2022  62  26641 GPS  -2267811.334  5009355.351  3221009.087
2022  62  26642 GPS  -2267811.334  5009355.359  3221009.090
2022  62  26643 GPS  -2267811.334  5009355.356  3221009.091
2022  62  26644 GPS  -2267811.331  5009355.352  3221009.089
2022  62  26645 GPS  -2267811.330  5009355.342  3221009.087
2022  62  26646 GPS  -2267811.325  5009355.339  3221009.088
2022  62  26647 GPS  -2267811.327  5009355.350  3221009.100
2022  62  26648 GPS  -2267811.325  5009355.354  3221009.102
2022  62  26649 GPS  -2267811.322  5009355.349  3221009.100
2022  62  26650 GPS  -2267811.325  5009355.349  3221009.101
2022  62  26651 GPS  -2267811.324  5009355.359  3221009.103
2022  62  26652 GPS  -2267811.327  5009355.374  3221009.108
2022  62  26653 GPS  -2267811.325  5009355.379  3221009.108
2022  62  26654 GPS  -2267811.327  5009355.396  3221009.111
2022  62  26655 GPS  -2267811.332  5009355.405  3221009.112
2022  62  26656 GPS  -2267811.330  5009355.405  3221009.106
2022  62  26657 GPS  -2267811.333  5009355.406  3221009.106
2022  62  26658 GPS  -2267811.339  5009355.407  3221009.104
2022  62  26659 GPS  -2267811.340  5009355.405  3221009.102
2022  62  26660 GPS  -2267811.346  5009355.403  3221009.105
2022  62  26661 GPS  -2267811.347  5009355.398  3221009.102
2022  62  26662 GPS  -2267811.352  5009355.403  3221009.106
2022  62  26663 GPS  -2267811.359  5009355.400  3221009.109
2022  62  26664 GPS  -2267811.359  5009355.400  3221009.103
2022  62  26665 GPS  -2267811.365  5009355.408  3221009.104
2022  62  26666 GPS  -2267811.369  5009355.414  3221009.107
2022  62  26667 GPS  -2267811.377  5009355.417  3221009.105
2022  62  26668 GPS  -2267811.383  5009355.415  3221009.098
2022  62  26669 GPS  -2267811.380  5009355.403  3221009.086
2022  62  26670 GPS  -2267811.377  5009355.402  3221009.078
2022  62  26671 GPS  -2267811.385  5009355.413  3221009.079
2022  62  26672 GPS  -2267811.388  5009355.426  3221009.082
2022  62  26673 GPS  -2267811.392  5009355.438  3221009.079
2022  62  26674 GPS  -2267811.398  5009355.444  3221009.079
2022  62  26675 GPS  -2267811.404  5009355.450  3221009.078
2022  62  26676 GPS  -2267811.408  5009355.455  3221009.078
2022  62  26677 GPS  -2267811.409  5009355.459  3221009.073
2022  62  26678 GPS  -2267811.412  5009355.468  3221009.075
2022  62  26679 GPS  -2267811.407  5009355.468  3221009.069
2022  62  26680 GPS  -2267811.410  5009355.474  3221009.067
2022  62  26681 GPS  -2267811.403  5009355.480  3221009.062
2022  62  26682 GPS  -2267811.403  5009355.484  3221009.060
2022  62  26683 GPS  -2267811.405  5009355.488  3221009.058
2022  62  26684 GPS  -2267811.403  5009355.486  3221009.052
2022  62  26685 GPS  -2267811.400  5009355.482  3221009.052
2022  62  26686 GPS  -2267811.402  5009355.483  3221009.051
2022  62  26687 GPS  -2267811.405  5009355.482  3221009.049
2022  62  26688 GPS  -2267811.407  5009355.476  3221009.042
2022  62  26689 GPS  -2267811.408  5009355.468  3221009.036
2022  62  26690 GPS  -2267811.405  5009355.460  3221009.029
2022  62  26691 GPS  -2267811.406  5009355.456  3221009.021
2022  62  26692 GPS  -2267811.408  5009355.444  3221009.017
2022  62  26693 GPS  -2267811.407  5009355.437  3221009.013
2022  62  26694 GPS  -2267811.406  5009355.431  3221009.008
2022  62  26695 GPS  -2267811.403  5009355.427  3221009.002
2022  62  26696 GPS  -2267811.402  5009355.435  3221009.002
2022  62  26697 GPS  -2267811.404  5009355.445  3221009.004
2022  62  26698 GPS  -2267811.404  5009355.455  3221009.005
2022  62  26699 GPS  -2267811.400  5009355.461  3221009.005
2022  62  26700 GPS  -2267811.403  5009355.465  3221009.005
2022  62  26701 GPS  -2267811.408  5009355.464  3221009.008
2022  62  26702 GPS  -2267811.406  5009355.455  3221009.012
2022  62  26703 GPS  -2267811.407  5009355.442  3221009.012
2022  62  26704 GPS  -2267811.412  5009355.432  3221009.012
2022  62  26705 GPS  -2267811.413  5009355.419  3221009.016
2022  62  26706 GPS  -2267811.410  5009355.404  3221009.014
2022  62  26707 GPS  -2267811.409  5009355.398  3221009.016
2022  62  26708 GPS  -2267811.405  5009355.389  3221009.014
2022  62  26709 GPS  -2267811.406  5009355.386  3221009.012
2022  62  26710 GPS  -2267811.414  5009355.385  3221009.015
2022  62  26711 GPS  -2267811.419  5009355.385  3221009.014
2022  62  26712 GPS  -2267811.420  5009355.384  3221009.012
2022  62  26713 GPS  -2267811.427  5009355.392  3221009.020
2022  62  26714 GPS  -2267811.432  5009355.387  3221009.018
2022  62  26715 GPS  -2267811.432  5009355.377  3221009.018
2022  62  26716 GPS  -2267811.434  5009355.369  3221009.014
2022  62  26717 GPS  -2267811.434  5009355.360  3221009.006
2022  62  26718 GPS  -2267811.439  5009355.365  3221009.011
2022  62  26719 GPS  -2267811.445  5009355.368  3221009.015
2022  62  26720 GPS  -2267811.448  5009355.372  3221009.017
2022  62  26721 GPS  -2267811.450  5009355.377  3221009.020
2022  62  26722 GPS  -2267811.451  5009355.377  3221009.022
2022  62  26723 GPS  -2267811.449  5009355.380  3221009.021
2022  62  26724 GPS  -2267811.447  5009355.388  3221009.024
2022  62  26725 GPS  -2267811.446  5009355.394  3221009.029
2022  62  26726 GPS  -2267811.449  5009355.406  3221009.042
2022  62  26727 GPS  -2267811.453  5009355.410  3221009.048
2022  62  26728 GPS  -2267811.454  5009355.418  3221009.055
2022  62  26729 GPS  -2267811.465  5009355.428  3221009.067
2022  62  26730 GPS  -2267811.469  5009355.430  3221009.080
2022  62  26731 GPS  -2267811.467  5009355.425  3221009.087
2022  62  26732 GPS  -2267811.467  5009355.424  3221009.091
2022  62  26733 GPS  -2267811.465  5009355.421  3221009.091
2022  62  26734 GPS  -2267811.458  5009355.418  3221009.092
2022  62  26735 GPS  -2267811.457  5009355.421  3221009.096
2022  62  26736 GPS  -2267811.461  5009355.427  3221009.103
2022  62  26737 GPS  -2267811.462  5009355.427  3221009.106
2022  62  26738 GPS  -2267811.465  5009355.425  3221009.107
2022  62  26739 GPS  -2267811.468  5009355.424  3221009.107
2022  62  26740 GPS  -2267811.470  5009355.426  3221009.112
2022  62  26741 GPS  -2267811.467  5009355.417  3221009.109
2022  62  26742 GPS  -2267811.467  5009355.421  3221009.111
2022  62  26743 GPS  -2267811.469  5009355.422  3221009.113
2022  62  26744 GPS  -2267811.472  5009355.422  3221009.114
2022  62  26745 GPS  -2267811.478  5009355.427  3221009.112
2022  62  26746 GPS  -2267811.475  5009355.424  3221009.106
2022  62  26747 GPS  -2267811.478  5009355.426  3221009.103
2022  62  26748 GPS  -2267811.478  5009355.420  3221009.095
2022  62  26749 GPS  -2267811.486  5009355.417  3221009.092
2022  62  26750 GPS  -2267811.497  5009355.418  3221009.088
2022  62  26751 GPS  -2267811.504  5009355.414  3221009.083
2022  62  26752 GPS  -2267811.508  5009355.404  3221009.079
2022  62  26753 GPS  -2267811.509  5009355.402  3221009.076
2022  62  26754 GPS  -2267811.512  5009355.396  3221009.067
2022  62  26755 GPS  -2267811.514  5009355.389  3221009.065
2022  62  26756 GPS  -2267811.513  5009355.383  3221009.061
2022  62  26757 GPS  -2267811.510  5009355.379  3221009.053
2022  62  26758 GPS  -2267811.508  5009355.379  3221009.046
2022  62  26759 GPS  -2267811.503  5009355.372  3221009.036
2022  62  26760 GPS  -2267811.504  5009355.370  3221009.030
2022  62  26761 GPS  -2267811.500  5009355.361  3221009.022
2022  62  26762 GPS  -2267811.499  5009355.359  3221009.019
2022  62  26763 GPS  -2267811.495  5009355.351  3221009.016
2022  62  26764 GPS  -2267811.491  5009355.342  3221009.012
2022  62  26765 GPS  -2267811.488  5009355.336  3221009.011
2022  62  26766 GPS  -2267811.480  5009355.323  3221009.006
2022  62  26767 GPS  -2267811.478  5009355.317  3221009.004
2022  62  26768 GPS  -2267811.476  5009355.321  3221009.004
2022  62  26769 GPS  -2267811.474  5009355.321  3221009.001
2022  62  26770 GPS  -2267811.471  5009355.316  3221008.992
2022  62  26771 GPS  -2267811.471  5009355.318  3221008.987
2022  62  26772 GPS  -2267811.470  5009355.316  3221008.985
2022  62  26773 GPS  -2267811.471  5009355.325  3221008.988
2022  62  26774 GPS  -2267811.468  5009355.323  3221008.987
2022  62  26775 GPS  -2267811.469  5009355.312  3221008.982
2022  62  26776 GPS  -2267811.471  5009355.303  3221008.983
2022  62  26777 GPS  -2267811.476  5009355.308  3221008.984
2022  62  26778 GPS  -2267811.472  5009355.303  3221008.980
2022  62  26779 GPS  -2267811.478  5009355.308  3221008.984
2022  62  26780 GPS  -2267811.480  5009355.312  3221008.983
2022  62  26781 GPS  -2267811.479  5009355.315  3221008.980
2022  62  26782 GPS  -2267811.484  5009355.326  3221008.984
2022  62  26783 GPS  -2267811.485  5009355.334  3221008.986
2022  62  26784 GPS  -2267811.490  5009355.342  3221008.992
2022  62  26785 GPS  -2267811.497  5009355.352  3221009.000
2022  62  26786 GPS  -2267811.496  5009355.364  3221009.004
2022  62  26787 GPS  -2267811.495  5009355.370  3221009.006
2022  62  26788 GPS  -2267811.496  5009355.379  3221009.007
2022  62  26789 GPS  -2267811.491  5009355.381  3221009.005
2022  62  26790 GPS  -2267811.495  5009355.385  3221009.010
2022  62  26791 GPS  -2267811.492  5009355.387  3221009.014
2022  62  26792 GPS  -2267811.488  5009355.391  3221009.011
2022  62  26793 GPS  -2267811.491  5009355.396  3221009.017
2022  62  26794 GPS  -2267811.488  5009355.407  3221009.023
2022  62  26795 GPS  -2267811.490  5009355.411  3221009.032
2022  62  26796 GPS  -2267811.490  5009355.416  3221009.036
2022  62  26797 GPS  -2267811.484  5009355.410  3221009.032
2022  62  26798 GPS  -2267811.482  5009355.411  3221009.036
2022  62  26799 GPS  -2267811.484  5009355.415  3221009.042
2022  62  26800 GPS  -2267811.484  5009355.416  3221009.047
2022  62  26801 GPS  -2267811.488  5009355.415  3221009.051
2022  62  26802 GPS  -2267811.491  5009355.414  3221009.055
2022  62  26803 GPS  -2267811.492  5009355.412  3221009.058
2022  62  26804 GPS  -2267811.496  5009355.410  3221009.060
2022  62  26805 GPS  -2267811.500  5009355.413  3221009.063
2022  62  26806 GPS  -2267811.505  5009355.420  3221009.066
2022  62  26807 GPS  -2267811.508  5009355.415  3221009.065
2022  62  26808 GPS  -2267811.520  5009355.420  3221009.070
2022  62  26809 GPS  -2267811.530  5009355.420  3221009.070
2022  62  26810 GPS  -2267811.533  5009355.420  3221009.066
2022  62  26811 GPS  -2267811.536  5009355.424  3221009.067
2022  62  26812 GPS  -2267811.539  5009355.427  3221009.061
2022  62  26813 GPS  -2267811.545  5009355.427  3221009.055
2022  62  26814 GPS  -2267811.542  5009355.416  3221009.049
2022  62  26815 GPS  -2267811.544  5009355.411  3221009.045
2022  62  26816 GPS  -2267811.542  5009355.404  3221009.034
2022  62  26817 GPS  -2267811.542  5009355.401  3221009.027
2022  62  26818 GPS  -2267811.543  5009355.392  3221009.022
2022  62  26819 GPS  -2267811.538  5009355.387  3221009.019
2022  62  26820 GPS  -2267811.537  5009355.384  3221009.017
2022  62  26821 GPS  -2267811.535  5009355.377  3221009.013
2022  62  26822 GPS  -2267811.534  5009355.373  3221009.015
2022  62  26823 GPS  -2267811.531  5009355.371  3221009.011
2022  62  26824 GPS  -2267811.529  5009355.369  3221009.010
2022  62  26825 GPS  -2267811.526  5009355.370  3221009.010
2022  62  26826 GPS  -2267811.527  5009355.383  3221009.012
2022  62  26827 GPS  -2267811.527  5009355.387  3221009.012
2022  62  26828 GPS  -2267811.528  5009355.396  3221009.016
2022  62  26829 GPS  -2267811.528  5009355.401  3221009.018
2022  62  26830 GPS  -2267811.533  5009355.411  3221009.023
2022  62  26831 GPS  -2267811.531  5009355.419  3221009.022
2022  62  26832 GPS  -2267811.529  5009355.427  3221009.028
2022  62  26833 GPS  -2267811.530  5009355.434  3221009.033
2022  62  26834 GPS  -2267811.526  5009355.433  3221009.035
2022  62  26835 GPS  -2267811.524  5009355.435  3221009.039
2022  62  26836 GPS  -2267811.521  5009355.439  3221009.035
2022  62  26837 GPS  -2267811.520  5009355.444  3221009.032
2022  62  26838 GPS  -2267811.520  5009355.451  3221009.028
2022  62  26839 GPS  -2267811.518  5009355.456  3221009.026
2022  62  26840 GPS  -2267811.523  5009355.460  3221009.024
2022  62  26841 GPS  -2267811.520  5009355.456  3221009.018
2022  62  26842 GPS  -2267811.520  5009355.462  3221009.013
2022  62  26843 GPS  -2267811.528  5009355.465  3221009.011
2022  62  26844 GPS  -2267811.526  5009355.461  3221009.006
2022  62  26845 GPS  -2267811.523  5009355.454  3221009.002
2022  62  26846 GPS  -2267811.518  5009355.450  3221008.993
2022  62  26847 GPS  -2267811.519  5009355.451  3221008.992
2022  62  26848 GPS  -2267811.510  5009355.448  3221008.984
2022  62  26849 GPS  -2267811.509  5009355.437  3221008.977
2022  62  26850 GPS  -2267811.513  5009355.430  3221008.973
2022  62  26851 GPS  -2267811.512  5009355.425  3221008.973
2022  62  26852 GPS  -2267811.509  5009355.417  3221008.967
2022  62  26853 GPS  -2267811.508  5009355.415  3221008.962
2022  62  26854 GPS  -2267811.506  5009355.406  3221008.959
2022  62  26855 GPS  -2267811.499  5009355.392  3221008.950
2022  62  26856 GPS  -2267811.496  5009355.388  3221008.944
2022  62  26857 GPS  -2267811.485  5009355.376  3221008.937
2022  62  26858 GPS  -2267811.471  5009355.364  3221008.929
2022  62  26859 GPS  -2267811.462  5009355.355  3221008.922
2022  62  26860 GPS  -2267811.462  5009355.344  3221008.921
2022  62  26861 GPS  -2267811.455  5009355.334  3221008.916
2022  62  26862 GPS  -2267811.454  5009355.330  3221008.914
2022  62  26863 GPS  -2267811.451  5009355.331  3221008.914
2022  62  26864 GPS  -2267811.450  5009355.330  3221008.917
2022  62  26865 GPS  -2267811.444  5009355.326  3221008.909
2022  62  26866 GPS  -2267811.439  5009355.317  3221008.901
2022  62  26867 GPS  -2267811.436  5009355.312  3221008.895
2022  62  26868 GPS  -2267811.435  5009355.309  3221008.895
2022  62  26869 GPS  -2267811.436  5009355.307  3221008.896
2022  62  26870 GPS  -2267811.432  5009355.298  3221008.895
2022  62  26871 GPS  -2267811.427  5009355.293  3221008.888
2022  62  26872 GPS  -2267811.422  5009355.286  3221008.880
2022  62  26873 GPS  -2267811.424  5009355.282  3221008.876
2022  62  26874 GPS  -2267811.429  5009355.291  3221008.879
2022  62  26875 GPS  -2267811.436  5009355.300  3221008.884
2022  62  26876 GPS  -2267811.440  5009355.304  3221008.885
2022  62  26877 GPS  -2267811.442  5009355.301  3221008.879
2022  62  26878 GPS  -2267811.434  5009355.296  3221008.868
2022  62  26879 GPS  -2267811.427  5009355.289  3221008.858
2022  62  26880 GPS  -2267811.424  5009355.283  3221008.845
2022  62  26881 GPS  -2267811.424  5009355.282  3221008.842
2022  62  26882 GPS  -2267811.421  5009355.284  3221008.841
2022  62  26883 GPS  -2267811.417  5009355.285  3221008.837
2022  62  26884 GPS  -2267811.416  5009355.283  3221008.830
2022  62  26885 GPS  -2267811.415  5009355.274  3221008.825
2022  62  26886 GPS  -2267811.415  5009355.261  3221008.815
2022  62  26887 GPS  -2267811.415  5009355.255  3221008.815
2022  62  26888 GPS  -2267811.418  5009355.248  3221008.817
2022  62  26889 GPS  -2267811.418  5009355.250  3221008.818
2022  62  26890 GPS  -2267811.416  5009355.252  3221008.822
2022  62  26891 GPS  -2267811.415  5009355.250  3221008.823
2022  62  26892 GPS  -2267811.410  5009355.243  3221008.817
2022  62  26893 GPS  -2267811.401  5009355.239  3221008.816
2022  62  26894 GPS  -2267811.402  5009355.232  3221008.818
2022  62  26895 GPS  -2267811.403  5009355.231  3221008.823
2022  62  26896 GPS  -2267811.403  5009355.224  3221008.820
2022  62  26897 GPS  -2267811.402  5009355.214  3221008.815
2022  62  26898 GPS  -2267811.397  5009355.208  3221008.820
2022  62  26899 GPS  -2267811.399  5009355.208  3221008.819
2022  62  26900 GPS  -2267811.406  5009355.202  3221008.820
2022  62  26901 GPS  -2267811.409  5009355.202  3221008.825
2022  62  26902 GPS  -2267811.416  5009355.208  3221008.828
2022  62  26903 GPS  -2267811.413  5009355.211  3221008.829
2022  62  26904 GPS  -2267811.417  5009355.218  3221008.839
2022  62  26905 GPS  -2267811.418  5009355.219  3221008.843
2022  62  26906 GPS  -2267811.419  5009355.222  3221008.848
2022  62  26907 GPS  -2267811.418  5009355.219  3221008.853
2022  62  26908 GPS  -2267811.418  5009355.218  3221008.858
2022  62  26909 GPS  -2267811.360  5009355.145  3221008.786
2022  62  26910 GPS  -2267811.363  5009355.147  3221008.790
2022  62  26911 GPS  -2267811.365  5009355.147  3221008.799
2022  62  26912 GPS  -2267811.363  5009355.135  3221008.803
2022  62  26913 GPS  -2267811.362  5009355.134  3221008.805
2022  62  26914 GPS  -2267811.361  5009355.121  3221008.806
2022  62  26915 GPS  -2267811.359  5009355.118  3221008.808
2022  62  26916 GPS  -2267811.361  5009355.116  3221008.810
2022  62  26917 GPS  -2267811.364  5009355.116  3221008.809
2022  62  26918 GPS  -2267811.368  5009355.117  3221008.809
2022  62  26919 GPS  -2267811.372  5009355.122  3221008.811
2022  62  26920 GPS  -2267811.377  5009355.131  3221008.809
2022  62  26921 GPS  -2267811.376  5009355.122  3221008.802
2022  62  26922 GPS  -2267811.380  5009355.120  3221008.806
2022  62  26923 GPS  -2267811.377  5009355.111  3221008.803
2022  62  26924 GPS  -2267811.375  5009355.103  3221008.800
2022  62  26925 GPS  -2267811.373  5009355.097  3221008.798
2022  62  26926 GPS  -2267811.375  5009355.087  3221008.796
2022  62  26927 GPS  -2267811.379  5009355.080  3221008.793
2022  62  26928 GPS  -2267811.380  5009355.067  3221008.788
2022  62  26929 GPS  -2267811.382  5009355.057  3221008.786
2022  62  26930 GPS  -2267811.381  5009355.035  3221008.775
2022  62  26931 GPS  -2267811.380  5009355.019  3221008.765
2022  62  26932 GPS  -2267811.375  5009355.003  3221008.755
2022  62  26933 GPS  -2267811.370  5009354.988  3221008.746
2022  62  26934 GPS  -2267811.366  5009354.969  3221008.734
2022  62  26935 GPS  -2267811.370  5009354.964  3221008.732
2022  62  26936 GPS  -2267811.370  5009354.966  3221008.729
2022  62  26937 GPS  -2267811.370  5009354.961  3221008.728
2022  62  26938 GPS  -2267811.373  5009354.959  3221008.724
2022  62  26939 GPS  -2267811.375  5009354.954  3221008.717
2022  62  26940 GPS  -2267811.369  5009354.949  3221008.710
2022  62  26941 GPS  -2267811.365  5009354.949  3221008.708
2022  62  26942 GPS  -2267811.366  5009354.946  3221008.705
2022  62  26943 GPS  -2267811.367  5009354.946  3221008.696
2022  62  26944 GPS  -2267811.364  5009354.947  3221008.686
2022  62  26945 GPS  -2267811.366  5009354.939  3221008.679
2022  62  26946 GPS  -2267811.371  5009354.933  3221008.679
2022  62  26947 GPS  -2267811.373  5009354.931  3221008.674
2022  62  26948 GPS  -2267811.373  5009354.926  3221008.669
2022  62  26949 GPS  -2267811.374  5009354.918  3221008.665
2022  62  26950 GPS  -2267811.377  5009354.918  3221008.659
2022  62  26951 GPS  -2267811.376  5009354.914  3221008.651
2022  62  26952 GPS  -2267811.375  5009354.910  3221008.645
2022  62  26953 GPS  -2267811.371  5009354.902  3221008.638
2022  62  26954 GPS  -2267811.367  5009354.898  3221008.633
2022  62  26955 GPS  -2267811.367  5009354.895  3221008.636
2022  62  26956 GPS  -2267811.368  5009354.895  3221008.633
2022  62  26957 GPS  -2267811.367  5009354.901  3221008.633
2022  62  26958 GPS  -2267811.366  5009354.905  3221008.633
2022  62  26959 GPS  -2267811.362  5009354.911  3221008.630
2022  62  26960 GPS  -2267811.358  5009354.926  3221008.632
2022  62  26961 GPS  -2267811.353  5009354.935  3221008.630
2022  62  26962 GPS  -2267811.349  5009354.938  3221008.630
2022  62  26963 GPS  -2267811.347  5009354.938  3221008.630
2022  62  26964 GPS  -2267811.341  5009354.926  3221008.618
2022  62  26965 GPS  -2267811.335  5009354.921  3221008.616
2022  62  26966 GPS  -2267811.328  5009354.917  3221008.611
2022  62  26967 GPS  -2267811.327  5009354.913  3221008.609
2022  62  26968 GPS  -2267811.324  5009354.904  3221008.601
2022  62  26969 GPS  -2267811.323  5009354.896  3221008.593
2022  62  26970 GPS  -2267811.316  5009354.884  3221008.586
2022  62  26971 GPS  -2267811.313  5009354.878  3221008.586
2022  62  26972 GPS  -2267811.314  5009354.878  3221008.584
2022  62  26973 GPS  -2267811.312  5009354.870  3221008.575
2022  62  26974 GPS  -2267811.307  5009354.863  3221008.568
2022  62  26975 GPS  -2267811.303  5009354.855  3221008.558
2022  62  26976 GPS  -2267811.302  5009354.854  3221008.556
2022  62  26977 GPS  -2267811.304  5009354.848  3221008.553
2022  62  26978 GPS  -2267811.325  5009354.869  3221008.563
2022  62  26979 GPS  -2267811.321  5009354.866  3221008.558
2022  62  26980 GPS  -2267811.314  5009354.863  3221008.554
2022  62  26981 GPS  -2267811.305  5009354.852  3221008.546
2022  62  26982 GPS  -2267811.303  5009354.847  3221008.542
2022  62  26983 GPS  -2267811.300  5009354.836  3221008.533
2022  62  26984 GPS  -2267811.296  5009354.829  3221008.528
2022  62  26985 GPS  -2267811.292  5009354.817  3221008.522
2022  62  26986 GPS  -2267811.290  5009354.814  3221008.516
2022  62  26987 GPS  -2267811.289  5009354.810  3221008.509
2022  62  26988 GPS  -2267811.284  5009354.801  3221008.502
2022  62  26989 GPS  -2267811.285  5009354.801  3221008.504
2022  62  26990 GPS  -2267811.280  5009354.795  3221008.499
2022  62  26991 GPS  -2267811.272  5009354.783  3221008.495
2022  62  26992 GPS  -2267811.272  5009354.776  3221008.496
2022  62  26993 GPS  -2267811.265  5009354.755  3221008.486
2022  62  26994 GPS  -2267811.265  5009354.751  3221008.487
2022  62  26995 GPS  -2267811.265  5009354.748  3221008.489
2022  62  26996 GPS  -2267811.264  5009354.738  3221008.487
2022  62  26997 GPS  -2267811.263  5009354.719  3221008.483
2022  62  26998 GPS  -2267811.263  5009354.714  3221008.486
2022  62  26999 GPS  -2267811.262  5009354.720  3221008.491
2022  62  27000 GPS  -2267811.268  5009354.724  3221008.492
2022  62  27001 GPS  -2267811.275  5009354.726  3221008.500
2022  62  27002 GPS  -2267811.287  5009354.733  3221008.505
2022  62  27003 GPS  -2267811.290  5009354.737  3221008.506
2022  62  27004 GPS  -2267811.287  5009354.737  3221008.508
2022  62  27005 GPS  -2267811.288  5009354.736  3221008.511
2022  62  27006 GPS  -2267811.295  5009354.739  3221008.510
2022  62  27007 GPS  -2267811.299  5009354.741  3221008.513
2022  62  27008 GPS  -2267811.304  5009354.742  3221008.516
2022  62  27009 GPS  -2267811.306  5009354.745  3221008.517
2022  62  27010 GPS  -2267811.310  5009354.748  3221008.523
2022  62  27011 GPS  -2267811.313  5009354.757  3221008.524
2022  62  27012 GPS  -2267811.315  5009354.763  3221008.530
2022  62  27013 GPS  -2267811.316  5009354.765  3221008.531
2022  62  27014 GPS  -2267811.315  5009354.755  3221008.533
2022  62  27015 GPS  -2267811.316  5009354.752  3221008.533
2022  62  27016 GPS  -2267811.319  5009354.758  3221008.537
2022  62  27017 GPS  -2267811.319  5009354.762  3221008.537
2022  62  27018 GPS  -2267811.317  5009354.759  3221008.532
2022  62  27019 GPS  -2267811.320  5009354.764  3221008.539
2022  62  27020 GPS  -2267811.325  5009354.767  3221008.540
2022  62  27021 GPS  -2267811.332  5009354.764  3221008.543
2022  62  27022 GPS  -2267811.333  5009354.761  3221008.538
2022  62  27023 GPS  -2267811.325  5009354.751  3221008.534
2022  62  27024 GPS  -2267811.322  5009354.744  3221008.527
2022  62  27025 GPS  -2267811.325  5009354.741  3221008.529
2022  62  27026 GPS  -2267811.323  5009354.730  3221008.524
2022  62  27027 GPS  -2267811.323  5009354.729  3221008.524
2022  62  27028 GPS  -2267811.319  5009354.724  3221008.520
2022  62  27029 GPS  -2267811.317  5009354.725  3221008.518
2022  62  27030 GPS  -2267811.320  5009354.725  3221008.514
2022  62  27031 GPS  -2267811.318  5009354.719  3221008.507
2022  62  27032 GPS  -2267811.316  5009354.704  3221008.498
2022  62  27033 GPS  -2267811.316  5009354.702  3221008.495
2022  62  27034 GPS  -2267811.308  5009354.692  3221008.489
2022  62  27035 GPS  -2267811.302  5009354.687  3221008.481
2022  62  27036 GPS  -2267811.308  5009354.688  3221008.479
2022  62  27037 GPS  -2267811.310  5009354.687  3221008.476
2022  62  27038 GPS  -2267811.305  5009354.684  3221008.475
2022  62  27039 GPS  -2267811.300  5009354.674  3221008.471
2022  62  27040 GPS  -2267811.301  5009354.670  3221008.469
2022  62  27041 GPS  -2267811.303  5009354.669  3221008.470
2022  62  27042 GPS  -2267811.302  5009354.672  3221008.468
2022  62  27043 GPS  -2267811.300  5009354.670  3221008.463
2022  62  27044 GPS  -2267811.296  5009354.664  3221008.456
2022  62  27045 GPS  -2267811.292  5009354.654  3221008.453
2022  62  27046 GPS  -2267811.288  5009354.647  3221008.452
2022  62  27047 GPS  -2267811.281  5009354.639  3221008.445
2022  62  27048 GPS  -2267811.277  5009354.633  3221008.437
2022  62  27049 GPS  -2267811.274  5009354.627  3221008.433
2022  62  27050 GPS  -2267811.273  5009354.627  3221008.427
2022  62  27051 GPS  -2267811.268  5009354.631  3221008.425
2022  62  27052 GPS  -2267811.267  5009354.645  3221008.425
2022  62  27053 GPS  -2267811.265  5009354.652  3221008.423
2022  62  27054 GPS  -2267811.264  5009354.656  3221008.423
2022  62  27055 GPS  -2267811.264  5009354.662  3221008.422
2022  62  27056 GPS  -2267811.257  5009354.664  3221008.415
2022  62  27057 GPS  -2267811.251  5009354.654  3221008.410
2022  62  27058 GPS  -2267811.249  5009354.647  3221008.408
2022  62  27059 GPS  -2267811.251  5009354.649  3221008.406
2022  62  27060 GPS  -2267811.253  5009354.649  3221008.404
2022  62  27061 GPS  -2267811.248  5009354.643  3221008.400
2022  62  27062 GPS  -2267811.241  5009354.628  3221008.392
2022  62  27063 GPS  -2267811.236  5009354.626  3221008.393
2022  62  27064 GPS  -2267811.232  5009354.619  3221008.391
2022  62  27065 GPS  -2267811.232  5009354.604  3221008.385
2022  62  27066 GPS  -2267811.231  5009354.594  3221008.387
2022  62  27067 GPS  -2267811.227  5009354.588  3221008.383
2022  62  27068 GPS  -2267811.226  5009354.579  3221008.378
2022  62  27069 GPS  -2267811.226  5009354.569  3221008.374
2022  62  27070 GPS  -2267811.232  5009354.568  3221008.375
2022  62  27071 GPS  -2267811.243  5009354.579  3221008.387
2022  62  27072 GPS  -2267811.250  5009354.580  3221008.390
2022  62  27073 GPS  -2267811.255  5009354.579  3221008.392
2022  62  27074 GPS  -2267811.259  5009354.581  3221008.390
2022  62  27075 GPS  -2267811.264  5009354.587  3221008.390
2022  62  27076 GPS  -2267811.273  5009354.596  3221008.395
2022  62  27077 GPS  -2267811.282  5009354.598  3221008.400
2022  62  27078 GPS  -2267811.290  5009354.601  3221008.403
2022  62  27079 GPS  -2267811.292  5009354.605  3221008.404
2022  62  27080 GPS  -2267811.293  5009354.609  3221008.402
2022  62  27081 GPS  -2267811.292  5009354.615  3221008.402
2022  62  27082 GPS  -2267811.298  5009354.624  3221008.404
2022  62  27083 GPS  -2267811.301  5009354.623  3221008.404
2022  62  27084 GPS  -2267811.298  5009354.623  3221008.398
2022  62  27085 GPS  -2267811.300  5009354.623  3221008.399
2022  62  27086 GPS  -2267811.301  5009354.630  3221008.397
2022  62  27087 GPS  -2267811.291  5009354.630  3221008.391
2022  62  27088 GPS  -2267811.289  5009354.627  3221008.387
2022  62  27089 GPS  -2267811.291  5009354.629  3221008.380
2022  62  27090 GPS  -2267811.278  5009354.620  3221008.370
2022  62  27091 GPS  -2267811.266  5009354.605  3221008.354
2022  62  27092 GPS  -2267811.255  5009354.594  3221008.340
2022  62  27093 GPS  -2267811.246  5009354.588  3221008.329
2022  62  27094 GPS  -2267811.234  5009354.573  3221008.316
2022  62  27095 GPS  -2267811.225  5009354.560  3221008.304
2022  62  27096 GPS  -2267811.216  5009354.551  3221008.296
2022  62  27097 GPS  -2267811.208  5009354.550  3221008.290
2022  62  27098 GPS  -2267811.205  5009354.547  3221008.282
2022  62  27099 GPS  -2267811.205  5009354.549  3221008.274
2022  62  27100 GPS  -2267811.204  5009354.548  3221008.271
2022  62  27101 GPS  -2267811.200  5009354.540  3221008.264
2022  62  27102 GPS  -2267811.198  5009354.537  3221008.258
2022  62  27103 GPS  -2267811.193  5009354.537  3221008.249
2022  62  27104 GPS  -2267811.196  5009354.539  3221008.245
2022  62  27105 GPS  -2267811.198  5009354.548  3221008.246
2022  62  27106 GPS  -2267811.202  5009354.554  3221008.246
2022  62  27107 GPS  -2267811.208  5009354.555  3221008.244
2022  62  27108 GPS  -2267811.210  5009354.557  3221008.240
2022  62  27109 GPS  -2267811.209  5009354.559  3221008.239
2022  62  27110 GPS  -2267811.210  5009354.555  3221008.232
2022  62  27111 GPS  -2267811.212  5009354.554  3221008.233
2022  62  27112 GPS  -2267811.217  5009354.551  3221008.235
2022  62  27113 GPS  -2267811.224  5009354.554  3221008.238
2022  62  27114 GPS  -2267811.227  5009354.555  3221008.236
2022  62  27115 GPS  -2267811.227  5009354.556  3221008.236
2022  62  27116 GPS  -2267811.225  5009354.550  3221008.231
2022  62  27117 GPS  -2267811.228  5009354.543  3221008.225
2022  62  27118 GPS  -2267811.230  5009354.536  3221008.218
2022  62  27119 GPS  -2267811.227  5009354.526  3221008.210
2022  62  27120 GPS  -2267811.224  5009354.520  3221008.203
2022  62  27121 GPS  -2267811.219  5009354.512  3221008.197
2022  62  27122 GPS  -2267811.215  5009354.500  3221008.189
2022  62  27123 GPS  -2267811.207  5009354.481  3221008.181
2022  62  27124 GPS  -2267811.201  5009354.467  3221008.173
2022  62  27125 GPS  -2267811.195  5009354.450  3221008.167
2022  62  27126 GPS  -2267811.184  5009354.432  3221008.156
2022  62  27127 GPS  -2267811.176  5009354.425  3221008.154
2022  62  27128 GPS  -2267811.165  5009354.409  3221008.144
2022  62  27129 GPS  -2267811.157  5009354.406  3221008.142
2022  62  27130 GPS  -2267811.150  5009354.395  3221008.137
2022  62  27131 GPS  -2267811.144  5009354.390  3221008.140
2022  62  27132 GPS  -2267811.139  5009354.384  3221008.140
2022  62  27133 GPS  -2267811.132  5009354.377  3221008.133
2022  62  27134 GPS  -2267811.125  5009354.373  3221008.128
2022  62  27135 GPS  -2267811.116  5009354.360  3221008.118
2022  62  27136 GPS  -2267811.118  5009354.361  3221008.113
2022  62  27137 GPS  -2267811.117  5009354.362  3221008.108
2022  62  27138 GPS  -2267811.113  5009354.369  3221008.105
2022  62  27139 GPS  -2267811.110  5009354.371  3221008.104
2022  62  27140 GPS  -2267811.106  5009354.368  3221008.102
2022  62  27141 GPS  -2267811.106  5009354.365  3221008.100
2022  62  27142 GPS  -2267811.104  5009354.360  3221008.098
2022  62  27143 GPS  -2267811.101  5009354.353  3221008.094
2022  62  27144 GPS  -2267811.094  5009354.339  3221008.085
2022  62  27145 GPS  -2267811.094  5009354.337  3221008.083
2022  62  27146 GPS  -2267811.093  5009354.337  3221008.080
2022  62  27147 GPS  -2267811.102  5009354.347  3221008.084
2022  62  27148 GPS  -2267811.109  5009354.348  3221008.084
2022  62  27149 GPS  -2267811.113  5009354.349  3221008.083
2022  62  27150 GPS  -2267811.119  5009354.350  3221008.082
2022  62  27151 GPS  -2267811.123  5009354.351  3221008.085
2022  62  27152 GPS  -2267811.122  5009354.346  3221008.085
2022  62  27153 GPS  -2267811.122  5009354.332  3221008.081
2022  62  27154 GPS  -2267811.118  5009354.323  3221008.080
2022  62  27155 GPS  -2267811.114  5009354.311  3221008.074
2022  62  27156 GPS  -2267811.114  5009354.300  3221008.069
2022  62  27157 GPS  -2267811.111  5009354.287  3221008.065
2022  62  27158 GPS  -2267811.104  5009354.274  3221008.057
2022  62  27159 GPS  -2267811.102  5009354.268  3221008.052
2022  62  27160 GPS  -2267811.096  5009354.271  3221008.045
2022  62  27161 GPS  -2267811.086  5009354.266  3221008.035
2022  62  27162 GPS  -2267811.080  5009354.264  3221008.028
2022  62  27163 GPS  -2267811.082  5009354.270  3221008.031
2022  62  27164 GPS  -2267811.079  5009354.264  3221008.029
2022  62  27165 GPS  -2267811.077  5009354.267  3221008.025
2022  62  27166 GPS  -2267811.075  5009354.267  3221008.020
2022  62  27167 GPS  -2267811.072  5009354.270  3221008.017
2022  62  27168 GPS  -2267811.071  5009354.281  3221008.017
2022  62  27169 GPS  -2267811.074  5009354.292  3221008.015
2022  62  27170 GPS  -2267811.080  5009354.308  3221008.018
2022  62  27171 GPS  -2267811.083  5009354.312  3221008.016
2022  62  27172 GPS  -2267811.085  5009354.312  3221008.018
2022  62  27173 GPS  -2267811.090  5009354.314  3221008.022
2022  62  27174 GPS  -2267811.091  5009354.310  3221008.020
2022  62  27175 GPS  -2267811.086  5009354.302  3221008.013
2022  62  27176 GPS  -2267811.077  5009354.285  3221008.005
2022  62  27177 GPS  -2267811.074  5009354.277  3221007.995
2022  62  27178 GPS  -2267811.065  5009354.274  3221007.990
2022  62  27179 GPS  -2267811.067  5009354.271  3221007.986
2022  62  27180 GPS  -2267811.066  5009354.271  3221007.982
2022  62  27181 GPS  -2267811.069  5009354.277  3221007.986
2022  62  27182 GPS  -2267811.071  5009354.282  3221007.988
2022  62  27183 GPS  -2267811.071  5009354.287  3221007.987
2022  62  27184 GPS  -2267811.064  5009354.283  3221007.984
2022  62  27185 GPS  -2267811.062  5009354.289  3221007.986
2022  62  27186 GPS  -2267811.065  5009354.296  3221007.989
2022  62  27187 GPS  -2267811.063  5009354.300  3221007.986
2022  62  27188 GPS  -2267811.057  5009354.301  3221007.982
2022  62  27189 GPS  -2267811.055  5009354.300  3221007.974
2022  62  27190 GPS  -2267811.053  5009354.310  3221007.975
2022  62  27191 GPS  -2267811.054  5009354.309  3221007.973
2022  62  27192 GPS  -2267811.052  5009354.307  3221007.969
2022  62  27193 GPS  -2267811.049  5009354.306  3221007.972
2022  62  27194 GPS  -2267811.053  5009354.308  3221007.979
2022  62  27195 GPS  -2267811.056  5009354.305  3221007.978
2022  62  27196 GPS  -2267811.059  5009354.307  3221007.979
2022  62  27197 GPS  -2267811.058  5009354.302  3221007.977
2022  62  27198 GPS  -2267811.057  5009354.299  3221007.979
2022  62  27199 GPS  -2267811.057  5009354.292  3221007.976
2022  62  27200 GPS  -2267811.058  5009354.285  3221007.972
2022  62  27201 GPS  -2267811.058  5009354.268  3221007.969
2022  62  27202 GPS  -2267811.056  5009354.255  3221007.966
2022  62  27203 GPS  -2267811.051  5009354.241  3221007.959
2022  62  27204 GPS  -2267811.042  5009354.224  3221007.951
2022  62  27205 GPS  -2267811.037  5009354.210  3221007.947
2022  62  27206 GPS  -2267811.033  5009354.198  3221007.942
2022  62  27207 GPS  -2267811.023  5009354.181  3221007.938
2022  62  27208 GPS  -2267811.015  5009354.174  3221007.936
2022  62  27209 GPS  -2267811.008  5009354.168  3221007.939
2022  62  27210 GPS  -2267811.001  5009354.164  3221007.936
2022  62  27211 GPS  -2267810.994  5009354.158  3221007.936
2022  62  27212 GPS  -2267810.994  5009354.155  3221007.940
2022  62  27213 GPS  -2267810.996  5009354.153  3221007.946
2022  62  27214 GPS  -2267810.995  5009354.154  3221007.949
2022  62  27215 GPS  -2267810.995  5009354.162  3221007.955
2022  62  27216 GPS  -2267810.995  5009354.164  3221007.958
2022  62  27217 GPS  -2267810.986  5009354.156  3221007.958
2022  62  27218 GPS  -2267810.987  5009354.159  3221007.966
2022  62  27219 GPS  -2267810.992  5009354.162  3221007.970
2022  62  27220 GPS  -2267810.997  5009354.161  3221007.972
2022  62  27221 GPS  -2267811.005  5009354.160  3221007.978
2022  62  27222 GPS  -2267811.009  5009354.161  3221007.984
2022  62  27223 GPS  -2267811.009  5009354.160  3221007.985
2022  62  27224 GPS  -2267811.004  5009354.154  3221007.983
2022  62  27225 GPS  -2267811.001  5009354.158  3221007.982
2022  62  27226 GPS  -2267810.999  5009354.161  3221007.981
2022  62  27227 GPS  -2267810.995  5009354.159  3221007.980
2022  62  27228 GPS  -2267810.986  5009354.155  3221007.981
2022  62  27229 GPS  -2267810.979  5009354.151  3221007.983
2022  62  27230 GPS  -2267810.977  5009354.148  3221007.983
2022  62  27231 GPS  -2267810.978  5009354.148  3221007.988
2022  62  27232 GPS  -2267810.977  5009354.146  3221007.987
2022  62  27233 GPS  -2267810.970  5009354.138  3221007.986
2022  62  27234 GPS  -2267810.962  5009354.133  3221007.985
2022  62  27235 GPS  -2267810.952  5009354.124  3221007.976
2022  62  27236 GPS  -2267810.946  5009354.116  3221007.974
2022  62  27237 GPS  -2267810.941  5009354.105  3221007.968
2022  62  27238 GPS  -2267810.938  5009354.095  3221007.970
2022  62  27239 GPS  -2267810.932  5009354.091  3221007.967
2022  62  27240 GPS  -2267810.926  5009354.087  3221007.963
2022  62  27241 GPS  -2267810.926  5009354.089  3221007.962
2022  62  27242 GPS  -2267810.922  5009354.090  3221007.952
2022  62  27243 GPS  -2267810.919  5009354.092  3221007.945
2022  62  27244 GPS  -2267810.922  5009354.105  3221007.945
2022  62  27245 GPS  -2267810.931  5009354.116  3221007.947
2022  62  27246 GPS  -2267810.934  5009354.120  3221007.941
2022  62  27247 GPS  -2267810.930  5009354.117  3221007.932
2022  62  27248 GPS  -2267810.932  5009354.124  3221007.930
2022  62  27249 GPS  -2267810.928  5009354.119  3221007.920
2022  62  27250 GPS  -2267810.919  5009354.106  3221007.901
2022  62  27251 GPS  -2267810.913  5009354.099  3221007.887
2022  62  27252 GPS  -2267810.903  5009354.093  3221007.874
2022  62  27253 GPS  -2267810.900  5009354.091  3221007.865
2022  62  27254 GPS  -2267810.895  5009354.089  3221007.861
2022  62  27255 GPS  -2267810.898  5009354.091  3221007.861
2022  62  27256 GPS  -2267810.903  5009354.092  3221007.859
2022  62  27257 GPS  -2267810.910  5009354.084  3221007.861
2022  62  27258 GPS  -2267810.906  5009354.063  3221007.847
2022  62  27259 GPS  -2267810.902  5009354.051  3221007.839
2022  62  27260 GPS  -2267810.900  5009354.042  3221007.833
2022  62  27261 GPS  -2267810.892  5009354.034  3221007.828
2022  62  27262 GPS  -2267810.889  5009354.020  3221007.819
2022  62  27263 GPS  -2267810.885  5009354.015  3221007.807
2022  62  27264 GPS  -2267810.879  5009353.997  3221007.790
2022  62  27265 GPS  -2267810.874  5009353.981  3221007.778
2022  62  27266 GPS  -2267810.873  5009353.977  3221007.772
2022  62  27267 GPS  -2267810.875  5009353.970  3221007.768
2022  62  27268 GPS  -2267810.870  5009353.960  3221007.766
2022  62  27269 GPS  -2267810.872  5009353.952  3221007.764
2022  62  27270 GPS  -2267810.875  5009353.942  3221007.755
2022  62  27271 GPS  -2267810.877  5009353.941  3221007.748
2022  62  27272 GPS  -2267810.870  5009353.930  3221007.735
2022  62  27273 GPS  -2267810.859  5009353.921  3221007.721
2022  62  27274 GPS  -2267810.851  5009353.908  3221007.704
2022  62  27275 GPS  -2267810.844  5009353.902  3221007.696
2022  62  27276 GPS  -2267810.833  5009353.890  3221007.688
2022  62  27277 GPS  -2267810.827  5009353.884  3221007.682
2022  62  27278 GPS  -2267810.819  5009353.878  3221007.675
2022  62  27279 GPS  -2267810.816  5009353.877  3221007.670
2022  62  27280 GPS  -2267810.813  5009353.877  3221007.665
2022  62  27281 GPS  -2267810.808  5009353.867  3221007.654
2022  62  27282 GPS  -2267810.802  5009353.855  3221007.648
2022  62  27283 GPS  -2267810.789  5009353.836  3221007.635
2022  62  27284 GPS  -2267810.786  5009353.822  3221007.626
2022  62  27285 GPS  -2267810.779  5009353.803  3221007.612
2022  62  27286 GPS  -2267810.776  5009353.787  3221007.601
2022  62  27287 GPS  -2267810.772  5009353.774  3221007.593
2022  62  27288 GPS  -2267810.768  5009353.763  3221007.589
2022  62  27289 GPS  -2267810.775  5009353.764  3221007.589
2022  62  27290 GPS  -2267810.769  5009353.755  3221007.585
2022  62  27291 GPS  -2267810.766  5009353.746  3221007.576
2022  62  27292 GPS  -2267810.761  5009353.739  3221007.569
2022  62  27293 GPS  -2267810.759  5009353.730  3221007.563
2022  62  27294 GPS  -2267810.759  5009353.727  3221007.559
2022  62  27295 GPS  -2267810.748  5009353.719  3221007.551
2022  62  27296 GPS  -2267810.747  5009353.720  3221007.554
2022  62  27297 GPS  -2267810.744  5009353.721  3221007.550
2022  62  27298 GPS  -2267810.741  5009353.717  3221007.542
2022  62  27299 GPS  -2267810.733  5009353.708  3221007.532
2022  62  27300 GPS  -2267810.730  5009353.715  3221007.525
2022  62  27301 GPS  -2267810.734  5009353.731  3221007.528
2022  62  27302 GPS  -2267810.736  5009353.747  3221007.531
2022  62  27303 GPS  -2267810.738  5009353.761  3221007.537
2022  62  27304 GPS  -2267810.738  5009353.770  3221007.541
2022  62  27305 GPS  -2267810.739  5009353.781  3221007.543
2022  62  27306 GPS  -2267810.738  5009353.782  3221007.541
2022  62  27307 GPS  -2267810.740  5009353.787  3221007.545
2022  62  27308 GPS  -2267810.745  5009353.802  3221007.551
2022  62  27309 GPS  -2267810.745  5009353.800  3221007.547
2022  62  27310 GPS  -2267810.744  5009353.793  3221007.542
2022  62  27311 GPS  -2267810.739  5009353.786  3221007.538
2022  62  27312 GPS  -2267810.747  5009353.787  3221007.536
2022  62  27313 GPS  -2267810.750  5009353.782  3221007.528
2022  62  27314 GPS  -2267810.752  5009353.776  3221007.519
2022  62  27315 GPS  -2267810.755  5009353.771  3221007.514
2022  62  27316 GPS  -2267810.759  5009353.775  3221007.513
2022  62  27317 GPS  -2267810.755  5009353.767  3221007.504
2022  62  27318 GPS  -2267810.752  5009353.760  3221007.498
2022  62  27319 GPS  -2267810.753  5009353.760  3221007.502
2022  62  27320 GPS  -2267810.748  5009353.753  3221007.499
2022  62  27321 GPS  -2267810.743  5009353.742  3221007.492
2022  62  27322 GPS  -2267810.744  5009353.741  3221007.487
2022  62  27323 GPS  -2267810.742  5009353.728  3221007.478
2022  62  27324 GPS  -2267810.736  5009353.716  3221007.466
2022  62  27325 GPS  -2267810.735  5009353.713  3221007.461
2022  62  27326 GPS  -2267810.741  5009353.710  3221007.457
2022  62  27327 GPS  -2267810.739  5009353.700  3221007.450
2022  62  27328 GPS  -2267810.742  5009353.696  3221007.447
2022  62  27329 GPS  -2267810.744  5009353.695  3221007.444
2022  62  27330 GPS  -2267810.745  5009353.691  3221007.442
2022  62  27331 GPS  -2267810.744  5009353.680  3221007.439
2022  62  27332 GPS  -2267810.736  5009353.663  3221007.429
2022  62  27333 GPS  -2267810.728  5009353.644  3221007.414
2022  62  27334 GPS  -2267810.726  5009353.635  3221007.407
2022  62  27335 GPS  -2267810.722  5009353.633  3221007.399
2022  62  27336 GPS  -2267810.722  5009353.630  3221007.385
2022  62  27337 GPS  -2267810.719  5009353.629  3221007.379
2022  62  27338 GPS  -2267810.716  5009353.622  3221007.364
2022  62  27339 GPS  -2267810.712  5009353.619  3221007.358
2022  62  27340 GPS  -2267810.711  5009353.618  3221007.352
2022  62  27341 GPS  -2267810.711  5009353.619  3221007.340
2022  62  27342 GPS  -2267810.715  5009353.623  3221007.335
2022  62  27343 GPS  -2267810.715  5009353.625  3221007.326
2022  62  27344 GPS  -2267810.707  5009353.618  3221007.311
2022  62  27345 GPS  -2267810.703  5009353.622  3221007.305
2022  62  27346 GPS  -2267810.706  5009353.623  3221007.302
2022  62  27347 GPS  -2267810.703  5009353.618  3221007.295
2022  62  27348 GPS  -2267810.696  5009353.614  3221007.289
2022  62  27349 GPS  -2267810.693  5009353.619  3221007.283
2022  62  27350 GPS  -2267810.689  5009353.620  3221007.279
2022  62  27351 GPS  -2267810.691  5009353.636  3221007.281
2022  62  27352 GPS  -2267810.683  5009353.642  3221007.277
2022  62  27353 GPS  -2267810.677  5009353.645  3221007.278
2022  62  27354 GPS  -2267810.668  5009353.642  3221007.271
2022  62  27355 GPS  -2267810.661  5009353.638  3221007.270
2022  62  27356 GPS  -2267810.651  5009353.637  3221007.268
2022  62  27357 GPS  -2267810.646  5009353.647  3221007.268
2022  62  27358 GPS  -2267810.645  5009353.654  3221007.272
2022  62  27359 GPS  -2267810.645  5009353.669  3221007.277
2022  62  27360 GPS  -2267810.642  5009353.678  3221007.281
2022  62  27361 GPS  -2267810.643  5009353.683  3221007.286
2022  62  27362 GPS  -2267810.642  5009353.684  3221007.293
2022  62  27363 GPS  -2267810.648  5009353.691  3221007.302
2022  62  27364 GPS  -2267810.654  5009353.702  3221007.312
2022  62  27365 GPS  -2267810.658  5009353.700  3221007.315
2022  62  27366 GPS  -2267810.662  5009353.698  3221007.322
2022  62  27367 GPS  -2267810.668  5009353.705  3221007.331
2022  62  27368 GPS  -2267810.667  5009353.712  3221007.336
2022  62  27369 GPS  -2267810.671  5009353.720  3221007.344
2022  62  27370 GPS  -2267810.669  5009353.731  3221007.352
2022  62  27371 GPS  -2267810.678  5009353.735  3221007.360
2022  62  27372 GPS  -2267810.684  5009353.744  3221007.370
2022  62  27373 GPS  -2267810.686  5009353.759  3221007.382
2022  62  27374 GPS  -2267810.686  5009353.769  3221007.391
2022  62  27375 GPS  -2267810.684  5009353.765  3221007.394
2022  62  27376 GPS  -2267810.679  5009353.765  3221007.395
2022  62  27377 GPS  -2267810.678  5009353.763  3221007.393
2022  62  27378 GPS  -2267810.682  5009353.763  3221007.397
2022  62  27379 GPS  -2267810.679  5009353.752  3221007.392
2022  62  27380 GPS  -2267810.677  5009353.738  3221007.391
2022  62  27381 GPS  -2267810.673  5009353.734  3221007.388
2022  62  27382 GPS  -2267810.669  5009353.726  3221007.388
2022  62  27383 GPS  -2267810.666  5009353.725  3221007.388
2022  62  27384 GPS  -2267810.661  5009353.727  3221007.387
2022  62  27385 GPS  -2267810.654  5009353.719  3221007.385
2022  62  27386 GPS  -2267810.644  5009353.704  3221007.377
2022  62  27387 GPS  -2267810.641  5009353.692  3221007.374
2022  62  27388 GPS  -2267810.636  5009353.685  3221007.367
2022  62  27389 GPS  -2267810.634  5009353.676  3221007.362
2022  62  27390 GPS  -2267810.632  5009353.671  3221007.354
2022  62  27391 GPS  -2267810.628  5009353.663  3221007.344
2022  62  27392 GPS  -2267810.622  5009353.654  3221007.327
2022  62  27393 GPS  -2267810.621  5009353.654  3221007.317
2022  62  27394 GPS  -2267810.617  5009353.648  3221007.309
2022  62  27395 GPS  -2267810.609  5009353.646  3221007.302
2022  62  27396 GPS  -2267810.603  5009353.642  3221007.294
2022  62  27397 GPS  -2267810.600  5009353.644  3221007.293
2022  62  27398 GPS  -2267810.591  5009353.635  3221007.285
2022  62  27399 GPS  -2267810.588  5009353.629  3221007.276
2022  62  27400 GPS  -2267810.576  5009353.631  3221007.267
2022  62  27401 GPS  -2267810.566  5009353.629  3221007.252
2022  62  27402 GPS  -2267810.559  5009353.629  3221007.243
2022  62  27403 GPS  -2267810.557  5009353.630  3221007.233
2022  62  27404 GPS  -2267810.551  5009353.629  3221007.223
2022  62  27405 GPS  -2267810.551  5009353.639  3221007.223
2022  62  27406 GPS  -2267810.549  5009353.648  3221007.220
2022  62  27407 GPS  -2267810.544  5009353.648  3221007.216
2022  62  27408 GPS  -2267810.543  5009353.647  3221007.211
2022  62  27409 GPS  -2267810.537  5009353.640  3221007.202
2022  62  27410 GPS  -2267810.537  5009353.643  3221007.198
2022  62  27411 GPS  -2267810.535  5009353.635  3221007.185
2022  62  27412 GPS  -2267810.534  5009353.631  3221007.180
2022  62  27413 GPS  -2267810.534  5009353.625  3221007.177
2022  62  27414 GPS  -2267810.533  5009353.618  3221007.169
2022  62  27415 GPS  -2267810.533  5009353.624  3221007.166
2022  62  27416 GPS  -2267810.538  5009353.624  3221007.166
2022  62  27417 GPS  -2267810.542  5009353.621  3221007.164
2022  62  27418 GPS  -2267810.548  5009353.619  3221007.169
2022  62  27419 GPS  -2267810.550  5009353.622  3221007.170
2022  62  27420 GPS  -2267810.550  5009353.620  3221007.171
2022  62  27421 GPS  -2267810.549  5009353.615  3221007.167
2022  62  27422 GPS  -2267810.548  5009353.602  3221007.164
2022  62  27423 GPS  -2267810.550  5009353.592  3221007.161
2022  62  27424 GPS  -2267810.555  5009353.591  3221007.158
2022  62  27425 GPS  -2267810.561  5009353.596  3221007.159
2022  62  27426 GPS  -2267810.568  5009353.600  3221007.159
2022  62  27427 GPS  -2267810.579  5009353.603  3221007.160
2022  62  27428 GPS  -2267810.574  5009353.598  3221007.153
2022  62  27429 GPS  -2267810.572  5009353.592  3221007.149
2022  62  27430 GPS  -2267810.575  5009353.584  3221007.144
2022  62  27431 GPS  -2267810.573  5009353.577  3221007.142
2022  62  27432 GPS  -2267810.569  5009353.566  3221007.134
2022  62  27433 GPS  -2267810.562  5009353.553  3221007.131
2022  62  27434 GPS  -2267810.548  5009353.528  3221007.121
2022  62  27435 GPS  -2267810.537  5009353.523  3221007.115
2022  62  27436 GPS  -2267810.524  5009353.517  3221007.108
2022  62  27437 GPS  -2267810.510  5009353.511  3221007.101
2022  62  27438 GPS  -2267810.504  5009353.501  3221007.097
2022  62  27439 GPS  -2267810.499  5009353.486  3221007.088
2022  62  27440 GPS  -2267810.497  5009353.477  3221007.082
2022  62  27441 GPS  -2267810.498  5009353.475  3221007.083
2022  62  27442 GPS  -2267810.490  5009353.474  3221007.084
2022  62  27443 GPS  -2267810.478  5009353.464  3221007.080
2022  62  27444 GPS  -2267810.473  5009353.462  3221007.079
2022  62  27445 GPS  -2267810.471  5009353.458  3221007.073
2022  62  27446 GPS  -2267810.467  5009353.454  3221007.068
2022  62  27447 GPS  -2267810.467  5009353.452  3221007.065
2022  62  27448 GPS  -2267810.466  5009353.456  3221007.061
2022  62  27449 GPS  -2267810.463  5009353.450  3221007.054
2022  62  27450 GPS  -2267810.460  5009353.452  3221007.055
2022  62  27451 GPS  -2267810.460  5009353.456  3221007.056
2022  62  27452 GPS  -2267810.457  5009353.449  3221007.048
2022  62  27453 GPS  -2267810.451  5009353.442  3221007.044
2022  62  27454 GPS  -2267810.447  5009353.431  3221007.037
2022  62  27455 GPS  -2267810.453  5009353.427  3221007.035
2022  62  27456 GPS  -2267810.453  5009353.418  3221007.028
2022  62  27457 GPS  -2267810.449  5009353.411  3221007.022
2022  62  27458 GPS  -2267810.449  5009353.403  3221007.015
2022  62  27459 GPS  -2267810.444  5009353.400  3221007.008
2022  62  27460 GPS  -2267810.442  5009353.405  3221007.000
2022  62  27461 GPS  -2267810.437  5009353.406  3221006.994
2022  62  27462 GPS  -2267810.438  5009353.410  3221006.989
2022  62  27463 GPS  -2267810.437  5009353.411  3221006.984
2022  62  27464 GPS  -2267810.431  5009353.399  3221006.972
2022  62  27465 GPS  -2267810.430  5009353.388  3221006.958
2022  62  27466 GPS  -2267810.431  5009353.379  3221006.958
2022  62  27467 GPS  -2267810.437  5009353.371  3221006.960
2022  62  27468 GPS  -2267810.441  5009353.366  3221006.959
2022  62  27469 GPS  -2267810.437  5009353.358  3221006.962
2022  62  27470 GPS  -2267810.431  5009353.351  3221006.958
2022  62  27471 GPS  -2267810.431  5009353.341  3221006.953
2022  62  27472 GPS  -2267810.431  5009353.334  3221006.946
2022  62  27473 GPS  -2267810.431  5009353.334  3221006.952
2022  62  27474 GPS  -2267810.428  5009353.325  3221006.947
2022  62  27475 GPS  -2267810.423  5009353.322  3221006.950
2022  62  27476 GPS  -2267810.424  5009353.320  3221006.954
2022  62  27477 GPS  -2267810.420  5009353.309  3221006.951
2022  62  27478 GPS  -2267810.411  5009353.300  3221006.945
2022  62  27479 GPS  -2267810.405  5009353.293  3221006.939
2022  62  27480 GPS  -2267810.398  5009353.280  3221006.934
2022  62  27481 GPS  -2267810.390  5009353.268  3221006.928
2022  62  27482 GPS  -2267810.384  5009353.266  3221006.925
2022  62  27483 GPS  -2267810.378  5009353.263  3221006.925
2022  62  27484 GPS  -2267810.373  5009353.261  3221006.924
2022  62  27485 GPS  -2267810.361  5009353.255  3221006.919
2022  62  27486 GPS  -2267810.352  5009353.253  3221006.917
2022  62  27487 GPS  -2267810.341  5009353.247  3221006.911
2022  62  27488 GPS  -2267810.328  5009353.247  3221006.910
2022  62  27489 GPS  -2267810.316  5009353.241  3221006.901
2022  62  27490 GPS  -2267810.312  5009353.243  3221006.904
2022  62  27491 GPS  -2267810.308  5009353.251  3221006.905
2022  62  27492 GPS  -2267810.307  5009353.264  3221006.912
2022  62  27493 GPS  -2267810.306  5009353.270  3221006.912
2022  62  27494 GPS  -2267810.305  5009353.274  3221006.912
2022  62  27495 GPS  -2267810.305  5009353.279  3221006.913
2022  62  27496 GPS  -2267810.298  5009353.275  3221006.914
2022  62  27497 GPS  -2267810.292  5009353.259  3221006.904
2022  62  27498 GPS  -2267810.289  5009353.257  3221006.905
2022  62  27499 GPS  -2267810.282  5009353.259  3221006.902
2022  62  27500 GPS  -2267810.286  5009353.272  3221006.904
2022  62  27501 GPS  -2267810.286  5009353.274  3221006.903
2022  62  27502 GPS  -2267810.282  5009353.276  3221006.904
2022  62  27503 GPS  -2267810.282  5009353.276  3221006.900
2022  62  27504 GPS  -2267810.284  5009353.280  3221006.897
2022  62  27505 GPS  -2267810.286  5009353.283  3221006.901
2022  62  27506 GPS  -2267810.285  5009353.279  3221006.902
2022  62  27507 GPS  -2267810.285  5009353.283  3221006.902
2022  62  27508 GPS  -2267810.289  5009353.283  3221006.901
2022  62  27509 GPS  -2267810.289  5009353.285  3221006.900
2022  62  27510 GPS  -2267810.292  5009353.293  3221006.902
2022  62  27511 GPS  -2267810.286  5009353.287  3221006.897
2022  62  27512 GPS  -2267810.285  5009353.282  3221006.891
2022  62  27513 GPS  -2267810.276  5009353.269  3221006.880
2022  62  27514 GPS  -2267810.269  5009353.265  3221006.875
2022  62  27515 GPS  -2267810.269  5009353.266  3221006.869
2022  62  27516 GPS  -2267810.265  5009353.265  3221006.863
2022  62  27517 GPS  -2267810.265  5009353.269  3221006.861
2022  62  27518 GPS  -2267810.262  5009353.266  3221006.853
2022  62  27519 GPS  -2267810.254  5009353.267  3221006.844
2022  62  27520 GPS  -2267810.250  5009353.259  3221006.836
2022  62  27521 GPS  -2267810.249  5009353.253  3221006.831
2022  62  27522 GPS  -2267810.249  5009353.252  3221006.830
2022  62  27523 GPS  -2267810.244  5009353.243  3221006.824
2022  62  27524 GPS  -2267810.241  5009353.243  3221006.822
2022  62  27525 GPS  -2267810.240  5009353.243  3221006.821
2022  62  27526 GPS  -2267810.242  5009353.244  3221006.821
2022  62  27527 GPS  -2267810.243  5009353.247  3221006.817
2022  62  27528 GPS  -2267810.236  5009353.243  3221006.812
2022  62  27529 GPS  -2267810.228  5009353.236  3221006.807
2022  62  27530 GPS  -2267810.226  5009353.233  3221006.803
2022  62  27531 GPS  -2267810.224  5009353.237  3221006.800
2022  62  27532 GPS  -2267810.224  5009353.243  3221006.797
2022  62  27533 GPS  -2267810.223  5009353.249  3221006.795
2022  62  27534 GPS  -2267810.225  5009353.253  3221006.792
2022  62  27535 GPS  -2267810.229  5009353.255  3221006.789
2022  62  27536 GPS  -2267810.237  5009353.262  3221006.792
2022  62  27537 GPS  -2267810.232  5009353.255  3221006.782
2022  62  27538 GPS  -2267810.229  5009353.252  3221006.782
2022  62  27539 GPS  -2267810.233  5009353.251  3221006.780
2022  62  27540 GPS  -2267810.231  5009353.239  3221006.770
2022  62  27541 GPS  -2267810.226  5009353.230  3221006.759
2022  62  27542 GPS  -2267810.220  5009353.227  3221006.749
2022  62  27543 GPS  -2267810.216  5009353.215  3221006.736
2022  62  27544 GPS  -2267810.215  5009353.213  3221006.726
2022  62  27545 GPS  -2267810.211  5009353.211  3221006.717
2022  62  27546 GPS  -2267810.207  5009353.209  3221006.703
2022  62  27547 GPS  -2267810.203  5009353.208  3221006.696
2022  62  27548 GPS  -2267810.197  5009353.201  3221006.681
2022  62  27549 GPS  -2267810.188  5009353.195  3221006.666
2022  62  27550 GPS  -2267810.184  5009353.190  3221006.651
2022  62  27551 GPS  -2267810.182  5009353.188  3221006.639
2022  62  27552 GPS  -2267810.176  5009353.183  3221006.628
2022  62  27553 GPS  -2267810.173  5009353.182  3221006.625
2022  62  27554 GPS  -2267810.169  5009353.173  3221006.620
2022  62  27555 GPS  -2267810.163  5009353.167  3221006.605
2022  62  27556 GPS  -2267810.164  5009353.164  3221006.593
2022  62  27557 GPS  -2267810.161  5009353.163  3221006.581
2022  62  27558 GPS  -2267810.160  5009353.160  3221006.574
2022  62  27559 GPS  -2267810.155  5009353.156  3221006.561
2022  62  27560 GPS  -2267810.155  5009353.156  3221006.550
2022  62  27561 GPS  -2267810.153  5009353.154  3221006.537
2022  62  27562 GPS  -2267810.153  5009353.152  3221006.527
2022  62  27563 GPS  -2267810.149  5009353.154  3221006.516
2022  62  27564 GPS  -2267810.147  5009353.154  3221006.512
2022  62  27565 GPS  -2267810.146  5009353.150  3221006.505
2022  62  27566 GPS  -2267810.140  5009353.140  3221006.494
2022  62  27567 GPS  -2267810.137  5009353.135  3221006.488
2022  62  27568 GPS  -2267810.135  5009353.134  3221006.487
2022  62  27569 GPS  -2267810.138  5009353.127  3221006.484
2022  62  27570 GPS  -2267810.137  5009353.119  3221006.476
2022  62  27571 GPS  -2267810.139  5009353.111  3221006.470
2022  62  27572 GPS  -2267810.142  5009353.108  3221006.469
2022  62  27573 GPS  -2267810.146  5009353.112  3221006.469
2022  62  27574 GPS  -2267810.150  5009353.107  3221006.470
2022  62  27575 GPS  -2267810.153  5009353.110  3221006.474
2022  62  27576 GPS  -2267810.156  5009353.105  3221006.472
2022  62  27577 GPS  -2267810.157  5009353.102  3221006.467
2022  62  27578 GPS  -2267810.157  5009353.107  3221006.463
2022  62  27579 GPS  -2267810.163  5009353.106  3221006.464
2022  62  27580 GPS  -2267810.163  5009353.093  3221006.462
2022  62  27581 GPS  -2267810.168  5009353.086  3221006.467
2022  62  27582 GPS  -2267810.178  5009353.087  3221006.475
2022  62  27583 GPS  -2267810.184  5009353.087  3221006.480
2022  62  27584 GPS  -2267810.186  5009353.091  3221006.483
2022  62  27585 GPS  -2267810.183  5009353.087  3221006.483
2022  62  27586 GPS  -2267810.177  5009353.081  3221006.481
2022  62  27587 GPS  -2267810.178  5009353.072  3221006.479
2022  62  27588 GPS  -2267810.184  5009353.069  3221006.480
2022  62  27589 GPS  -2267810.177  5009353.063  3221006.478
2022  62  27590 GPS  -2267810.173  5009353.060  3221006.478
2022  62  27591 GPS  -2267810.171  5009353.058  3221006.480
2022  62  27592 GPS  -2267810.167  5009353.064  3221006.481
2022  62  27593 GPS  -2267810.164  5009353.065  3221006.482
2022  62  27594 GPS  -2267810.165  5009353.069  3221006.485
2022  62  27595 GPS  -2267810.164  5009353.063  3221006.483
2022  62  27596 GPS  -2267810.160  5009353.061  3221006.477
2022  62  27597 GPS  -2267810.148  5009353.047  3221006.468
2022  62  27598 GPS  -2267810.140  5009353.040  3221006.460
2022  62  27599 GPS  -2267810.135  5009353.042  3221006.459
2022  62  27600 GPS  -2267810.130  5009353.031  3221006.456
2022  62  27601 GPS  -2267810.122  5009353.016  3221006.451
2022  62  27602 GPS  -2267810.115  5009353.012  3221006.452
2022  62  27603 GPS  -2267810.111  5009353.004  3221006.452
2022  62  27604 GPS  -2267810.107  5009353.003  3221006.453
2022  62  27605 GPS  -2267810.107  5009352.995  3221006.453
2022  62  27606 GPS  -2267810.106  5009352.997  3221006.457
2022  62  27607 GPS  -2267810.098  5009352.987  3221006.455
2022  62  27608 GPS  -2267810.099  5009352.979  3221006.459
2022  62  27609 GPS  -2267810.106  5009352.984  3221006.466
2022  62  27610 GPS  -2267810.111  5009352.981  3221006.465
2022  62  27611 GPS  -2267810.113  5009352.975  3221006.466
2022  62  27612 GPS  -2267810.118  5009352.978  3221006.471
2022  62  27613 GPS  -2267810.122  5009352.978  3221006.474
2022  62  27614 GPS  -2267810.124  5009352.979  3221006.474
2022  62  27615 GPS  -2267810.122  5009352.973  3221006.475
2022  62  27616 GPS  -2267810.123  5009352.978  3221006.481
2022  62  27617 GPS  -2267810.125  5009352.986  3221006.485
2022  62  27618 GPS  -2267810.125  5009352.985  3221006.486
2022  62  27619 GPS  -2267810.128  5009352.986  3221006.493
2022  62  27620 GPS  -2267810.134  5009352.988  3221006.494
2022  62  27621 GPS  -2267810.134  5009352.989  3221006.494
2022  62  27622 GPS  -2267810.131  5009352.983  3221006.496
2022  62  27623 GPS  -2267810.130  5009352.970  3221006.496
2022  62  27624 GPS  -2267810.128  5009352.961  3221006.491
2022  62  27625 GPS  -2267810.127  5009352.954  3221006.490
2022  62  27626 GPS  -2267810.127  5009352.939  3221006.488
2022  62  27627 GPS  -2267810.122  5009352.920  3221006.485
2022  62  27628 GPS  -2267810.125  5009352.917  3221006.482
2022  62  27629 GPS  -2267810.128  5009352.918  3221006.482
2022  62  27630 GPS  -2267810.131  5009352.902  3221006.480
2022  62  27631 GPS  -2267810.128  5009352.881  3221006.479
2022  62  27632 GPS  -2267810.121  5009352.859  3221006.475
2022  62  27633 GPS  -2267810.122  5009352.848  3221006.474
2022  62  27634 GPS  -2267810.115  5009352.827  3221006.467
2022  62  27635 GPS  -2267810.109  5009352.806  3221006.461
2022  62  27636 GPS  -2267810.110  5009352.802  3221006.466
2022  62  27637 GPS  -2267810.118  5009352.802  3221006.471
2022  62  27638 GPS  -2267810.121  5009352.805  3221006.472
2022  62  27639 GPS  -2267810.121  5009352.797  3221006.472
2022  62  27640 GPS  -2267810.120  5009352.799  3221006.477
2022  62  27641 GPS  -2267810.119  5009352.803  3221006.477
2022  62  27642 GPS  -2267810.120  5009352.810  3221006.483
2022  62  27643 GPS  -2267810.123  5009352.815  3221006.488
2022  62  27644 GPS  -2267810.125  5009352.816  3221006.490
2022  62  27645 GPS  -2267810.128  5009352.817  3221006.490
2022  62  27646 GPS  -2267810.131  5009352.821  3221006.493
2022  62  27647 GPS  -2267810.134  5009352.818  3221006.494
2022  62  27648 GPS  -2267810.133  5009352.815  3221006.487
2022  62  27649 GPS  -2267810.128  5009352.815  3221006.487
2022  62  27650 GPS  -2267810.118  5009352.814  3221006.479
2022  62  27651 GPS  -2267810.110  5009352.808  3221006.473
2022  62  27652 GPS  -2267810.106  5009352.802  3221006.472
2022  62  27653 GPS  -2267810.103  5009352.805  3221006.468
2022  62  27654 GPS  -2267810.097  5009352.803  3221006.462
2022  62  27655 GPS  -2267810.091  5009352.793  3221006.454
2022  62  27656 GPS  -2267810.087  5009352.790  3221006.451
2022  62  27657 GPS  -2267810.084  5009352.791  3221006.447
2022  62  27658 GPS  -2267810.080  5009352.785  3221006.436
2022  62  27659 GPS  -2267810.076  5009352.785  3221006.429
2022  62  27660 GPS  -2267810.073  5009352.790  3221006.432
2022  62  27661 GPS  -2267810.061  5009352.783  3221006.426
2022  62  27662 GPS  -2267810.057  5009352.787  3221006.420
2022  62  27663 GPS  -2267810.054  5009352.778  3221006.411
2022  62  27664 GPS  -2267810.044  5009352.767  3221006.400
2022  62  27665 GPS  -2267810.042  5009352.755  3221006.391
2022  62  27666 GPS  -2267810.035  5009352.739  3221006.383
2022  62  27667 GPS  -2267810.030  5009352.731  3221006.381
2022  62  27668 GPS  -2267810.031  5009352.728  3221006.370
2022  62  27669 GPS  -2267810.029  5009352.727  3221006.366
2022  62  27670 GPS  -2267810.026  5009352.719  3221006.361
2022  62  27671 GPS  -2267809.400  5009350.434  3221002.657
2022  62  27672 GPS  -2267809.398  5009350.425  3221002.647
2022  62  27673 GPS  -2267809.392  5009350.408  3221002.629
2022  62  27674 GPS  -2267809.388  5009350.389  3221002.618
2022  62  27675 GPS  -2267809.381  5009350.379  3221002.608
2022  62  27676 GPS  -2267809.370  5009350.381  3221002.599
2022  62  27677 GPS  -2267809.912  5009352.391  3221005.861
2022  62  27678 GPS  -2267809.923  5009352.454  3221005.955
2022  62  27679 GPS  -2267809.949  5009352.566  3221006.128
2022  62  27680 GPS  -2267809.933  5009352.531  3221006.062
2022  62  27681 GPS  -2267809.345  5009350.385  3221002.574
2022  62  27682 GPS  -2267809.345  5009350.387  3221002.573
2022  62  27683 GPS  -2267809.343  5009350.395  3221002.576
2022  62  27684 GPS  -2267809.338  5009350.394  3221002.574
2022  62  27685 GPS  -2267809.340  5009350.401  3221002.577
2022  62  27686 GPS  -2267809.338  5009350.392  3221002.576
2022  62  27687 GPS  -2267809.762  5009351.949  3221005.110
2022  62  27688 GPS  -2267809.833  5009352.220  3221005.558
2022  62  27689 GPS  -2267809.865  5009352.372  3221005.809
2022  62  27690 GPS  -2267809.855  5009352.357  3221005.790
2022  62  27691 GPS  -2267809.870  5009352.427  3221005.902
2022  62  27692 GPS  -2267809.896  5009352.519  3221006.060
2022  62  27693 GPS  -2267809.874  5009352.447  3221005.954
2022  62  27694 GPS  -2267809.872  5009352.420  3221005.933
2022  62  27695 GPS  -2267809.874  5009352.408  3221005.924
2022  62  27696 GPS  -2267809.867  5009352.386  3221005.885
2022  62  27697 GPS  -2267809.902  5009352.507  3221006.074
2022  62  27698 GPS  -2267809.899  5009352.491  3221006.053
2022  62  27699 GPS  -2267809.910  5009352.542  3221006.135
2022  62  27700 GPS  -2267809.922  5009352.575  3221006.186
2022  62  27701 GPS  -2267809.896  5009352.472  3221006.019
2022  62  27702 GPS  -2267809.863  5009352.362  3221005.837
2022  62  27703 GPS  -2267809.877  5009352.427  3221005.940
2022  62  27704 GPS  -2267809.881  5009352.460  3221005.994
2022  62  27705 GPS  -2267809.878  5009352.475  3221006.000
2022  62  27706 GPS  -2267809.876  5009352.485  3221006.004
2022  62  27707 GPS  -2267809.875  5009352.484  3221005.990
2022  62  27708 GPS  -2267809.868  5009352.463  3221005.946
2022  62  27709 GPS  -2267809.873  5009352.483  3221005.960
2022  62  27710 GPS  -2267809.860  5009352.454  3221005.900
2022  62  27711 GPS  -2267809.857  5009352.459  3221005.900
2022  62  27712 GPS  -2267809.860  5009352.483  3221005.939
2022  62  27713 GPS  -2267809.867  5009352.500  3221005.961
2022  62  27714 GPS  -2267809.868  5009352.502  3221005.960
2022  62  27715 GPS  -2267809.868  5009352.505  3221005.973
2022  62  27716 GPS  -2267809.866  5009352.510  3221005.979
2022  62  27717 GPS  -2267809.866  5009352.515  3221005.987
2022  62  27718 GPS  -2267809.870  5009352.514  3221005.995
2022  62  27719 GPS  -2267809.873  5009352.515  3221006.001
2022  62  27720 GPS  -2267809.869  5009352.513  3221006.007
2022  62  27721 GPS  -2267809.284  5009350.333  3221002.445
2022  62  27722 GPS  -2267809.287  5009350.320  3221002.440
2022  62  27723 GPS  -2267809.281  5009350.302  3221002.435
2022  62  27724 GPS  -2267809.281  5009350.288  3221002.431
2022  62  27725 GPS  -2267809.283  5009350.282  3221002.438
2022  62  27726 GPS  -2267809.281  5009350.274  3221002.434
2022  62  27727 GPS  -2267809.840  5009352.367  3221005.861
2022  62  27728 GPS  -2267809.841  5009352.365  3221005.846
2022  62  27729 GPS  -2267809.848  5009352.386  3221005.881
2022  62  27730 GPS  -2267809.860  5009352.444  3221005.965
2022  62  27731 GPS  -2267809.868  5009352.458  3221005.989
2022  62  27732 GPS  -2267809.868  5009352.460  3221005.989
2022  62  27733 GPS  -2267809.838  5009352.358  3221005.809
2022  62  27734 GPS  -2267809.884  5009352.534  3221006.094
2022  62  27735 GPS  -2267809.868  5009352.475  3221005.995
2022  62  27736 GPS  -2267809.880  5009352.514  3221006.058
2022  62  27737 GPS  -2267809.881  5009352.529  3221006.075
2022  62  27738 GPS  -2267809.872  5009352.495  3221006.016
2022  62  27739 GPS  -2267809.891  5009352.559  3221006.119
2022  62  27740 GPS  -2267809.857  5009352.442  3221005.921
2022  62  27741 GPS  -2267809.290  5009350.337  3221002.460
2022  62  27742 GPS  -2267809.293  5009350.340  3221002.458
2022  62  27743 GPS  -2267809.291  5009350.340  3221002.452
2022  62  27744 GPS  -2267809.289  5009350.338  3221002.439
2022  62  27745 GPS  -2267809.284  5009350.333  3221002.428
2022  62  27746 GPS  -2267809.791  5009352.238  3221005.562
2022  62  27747 GPS  -2267809.791  5009352.244  3221005.576
2022  62  27748 GPS  -2267809.823  5009352.365  3221005.773
2022  62  27749 GPS  -2267809.832  5009352.387  3221005.815
2022  62  27750 GPS  -2267809.867  5009352.516  3221006.035
2022  62  27751 GPS  -2267809.870  5009352.534  3221006.070
2022  62  27752 GPS  -2267809.864  5009352.519  3221006.063
2022  62  27753 GPS  -2267809.849  5009352.468  3221005.987
2022  62  27754 GPS  -2267809.830  5009352.397  3221005.884
2022  62  27755 GPS  -2267809.826  5009352.383  3221005.878
2022  62  27756 GPS  -2267809.837  5009352.437  3221005.987
2022  62  27757 GPS  -2267809.853  5009352.506  3221006.101
2022  62  27758 GPS  -2267809.844  5009352.493  3221006.083
2022  62  27759 GPS  -2267809.823  5009352.424  3221005.985
2022  62  27760 GPS  -2267809.812  5009352.390  3221005.939
2022  62  27761 GPS  -2267809.803  5009352.370  3221005.905
2022  62  27762 GPS  -2267809.788  5009352.335  3221005.853
2022  62  27763 GPS  -2267809.787  5009352.358  3221005.898
2022  62  27764 GPS  -2267809.769  5009352.308  3221005.834
2022  62  27765 GPS  -2267809.767  5009352.312  3221005.839
2022  62  27766 GPS  -2267809.773  5009352.343  3221005.880
2022  62  27767 GPS  -2267809.772  5009352.347  3221005.873
2022  62  27768 GPS  -2267809.782  5009352.385  3221005.935
2022  62  27769 GPS  -2267809.785  5009352.391  3221005.941
2022  62  27770 GPS  -2267809.774  5009352.370  3221005.912
2022  62  27771 GPS  -2267809.762  5009352.342  3221005.876
2022  62  27772 GPS  -2267809.756  5009352.349  3221005.879
2022  62  27773 GPS  -2267809.753  5009352.360  3221005.899
2022  62  27774 GPS  -2267809.751  5009352.359  3221005.906
2022  62  27775 GPS  -2267809.742  5009352.351  3221005.898
2022  62  27776 GPS  -2267809.736  5009352.345  3221005.897
2022  62  27777 GPS  -2267809.733  5009352.344  3221005.895
2022  62  27778 GPS  -2267809.726  5009352.337  3221005.893
2022  62  27779 GPS  -2267809.722  5009352.331  3221005.890
2022  62  27780 GPS  -2267809.719  5009352.327  3221005.892
2022  62  27781 GPS  -2267809.717  5009352.323  3221005.893
2022  62  27782 GPS  -2267809.713  5009352.322  3221005.896
2022  62  27783 GPS  -2267809.711  5009352.315  3221005.896
2022  62  27784 GPS  -2267809.714  5009352.318  3221005.900
2022  62  27785 GPS  -2267809.709  5009352.311  3221005.897
2022  62  27786 GPS  -2267809.704  5009352.306  3221005.896
2022  62  27787 GPS  -2267809.701  5009352.300  3221005.900
2022  62  27788 GPS  -2267809.691  5009352.293  3221005.901
2022  62  27789 GPS  -2267809.688  5009352.292  3221005.899
2022  62  27790 GPS  -2267809.690  5009352.297  3221005.900
2022  62  27791 GPS  -2267809.688  5009352.301  3221005.897
2022  62  27792 GPS  -2267809.691  5009352.309  3221005.901
2022  62  27793 GPS  -2267809.684  5009352.302  3221005.898
2022  62  27794 GPS  -2267809.683  5009352.305  3221005.899
2022  62  27795 GPS  -2267809.684  5009352.313  3221005.899
2022  62  27796 GPS  -2267809.682  5009352.319  3221005.900
2022  62  27797 GPS  -2267809.675  5009352.319  3221005.897
2022  62  27798 GPS  -2267809.676  5009352.328  3221005.902
2022  62  27799 GPS  -2267809.673  5009352.336  3221005.903
2022  62  27800 GPS  -2267809.668  5009352.338  3221005.905
2022  62  27801 GPS  -2267809.660  5009352.332  3221005.904
2022  62  27802 GPS  -2267809.654  5009352.326  3221005.902
2022  62  27803 GPS  -2267809.647  5009352.319  3221005.898
2022  62  27804 GPS  -2267809.643  5009352.311  3221005.892
2022  62  27805 GPS  -2267809.635  5009352.299  3221005.885
2022  62  27806 GPS  -2267809.627  5009352.290  3221005.882
2022  62  27807 GPS  -2267809.618  5009352.276  3221005.874
2022  62  27808 GPS  -2267809.607  5009352.270  3221005.872
2022  62  27809 GPS  -2267809.595  5009352.258  3221005.868
2022  62  27810 GPS  -2267809.587  5009352.251  3221005.864
2022  62  27811 GPS  -2267809.582  5009352.252  3221005.869
2022  62  27812 GPS  -2267809.580  5009352.247  3221005.869
2022  62  27813 GPS  -2267809.580  5009352.238  3221005.865
2022  62  27814 GPS  -2267809.577  5009352.236  3221005.866
2022  62  27815 GPS  -2267809.575  5009352.227  3221005.864
2022  62  27816 GPS  -2267809.568  5009352.216  3221005.863
2022  62  27817 GPS  -2267809.555  5009352.205  3221005.859
2022  62  27818 GPS  -2267809.547  5009352.201  3221005.858
2022  62  27819 GPS  -2267809.543  5009352.191  3221005.856
2022  62  27820 GPS  -2267809.541  5009352.185  3221005.853
2022  62  27821 GPS  -2267809.620  5009352.516  3221006.009
2022  62  27822 GPS  -2267809.613  5009352.506  3221006.002
2022  62  27823 GPS  -2267809.604  5009352.499  3221005.996
2022  62  27824 GPS  -2267809.597  5009352.497  3221005.986
2022  62  27825 GPS  -2267809.589  5009352.490  3221005.979
2022  62  27826 GPS  -2267809.586  5009352.491  3221005.975
2022  62  27827 GPS  -2267809.584  5009352.490  3221005.970
2022  62  27828 GPS  -2267809.578  5009352.472  3221005.959
2022  62  27829 GPS  -2267809.578  5009352.460  3221005.949
2022  62  27830 GPS  -2267809.573  5009352.451  3221005.940
2022  62  27831 GPS  -2267808.948  5009350.027  3221002.011
2022  62  27832 GPS  -2267808.944  5009350.013  3221001.998
2022  62  27833 GPS  -2267808.941  5009349.995  3221001.984
2022  62  27834 GPS  -2267808.938  5009349.981  3221001.972
2022  62  27835 GPS  -2267808.933  5009349.964  3221001.954
2022  62  27836 GPS  -2267808.934  5009349.961  3221001.954
2022  62  27837 GPS  -2267808.934  5009349.959  3221001.945
2022  62  27838 GPS  -2267808.937  5009349.955  3221001.940
2022  62  27839 GPS  -2267809.568  5009352.428  3221005.950
2022  62  27840 GPS  -2267809.554  5009352.373  3221005.865
2022  62  27841 GPS  -2267809.538  5009352.315  3221005.782
2022  62  27842 GPS  -2267809.525  5009352.279  3221005.728
2022  62  27843 GPS  -2267809.527  5009352.303  3221005.801
2022  62  27844 GPS  -2267809.507  5009352.215  3221005.682
2022  62  27845 GPS  -2267809.515  5009352.282  3221005.807
2022  62  27846 GPS  -2267809.507  5009352.253  3221005.766
2022  62  27847 GPS  -2267809.476  5009352.135  3221005.595
2022  62  27848 GPS  -2267809.484  5009352.172  3221005.668
2022  62  27849 GPS  -2267809.499  5009352.232  3221005.765
2022  62  27850 GPS  -2267809.499  5009352.205  3221005.728
2022  62  27851 GPS  -2267809.490  5009352.160  3221005.669
2022  62  27852 GPS  -2267809.481  5009352.131  3221005.632
2022  62  27853 GPS  -2267809.464  5009352.084  3221005.558
2022  62  27854 GPS  -2267809.461  5009352.098  3221005.584
2022  62  27855 GPS  -2267809.476  5009352.167  3221005.692
2022  62  27856 GPS  -2267809.487  5009352.216  3221005.766
2022  62  27857 GPS  -2267809.483  5009352.207  3221005.750
2022  62  27858 GPS  -2267809.487  5009352.210  3221005.755
2022  62  27859 GPS  -2267809.485  5009352.188  3221005.725
2022  62  27860 GPS  -2267809.486  5009352.184  3221005.727
2022  62  27861 GPS  -2267809.498  5009352.209  3221005.755
2022  62  27862 GPS  -2267809.501  5009352.219  3221005.777
2022  62  27863 GPS  -2267809.499  5009352.196  3221005.748
2022  62  27864 GPS  -2267809.496  5009352.168  3221005.716
2022  62  27865 GPS  -2267809.489  5009352.150  3221005.695
2022  62  27866 GPS  -2267809.485  5009352.135  3221005.676
2022  62  27867 GPS  -2267809.482  5009352.132  3221005.664
2022  62  27868 GPS  -2267809.482  5009352.125  3221005.658
2022  62  27869 GPS  -2267809.484  5009352.135  3221005.665
2022  62  27870 GPS  -2267809.488  5009352.141  3221005.670
2022  62  27871 GPS  -2267809.483  5009352.136  3221005.666
2022  62  27872 GPS  -2267809.478  5009352.131  3221005.662
2022  62  27873 GPS  -2267809.473  5009352.121  3221005.659
2022  62  27874 GPS  -2267809.464  5009352.113  3221005.652
2022  62  27875 GPS  -2267809.455  5009352.099  3221005.641
2022  62  27876 GPS  -2267809.452  5009352.098  3221005.636
2022  62  27877 GPS  -2267809.445  5009352.089  3221005.632
2022  62  27878 GPS  -2267809.435  5009352.081  3221005.627
2022  62  27879 GPS  -2267809.434  5009352.073  3221005.622
2022  62  27880 GPS  -2267809.435  5009352.072  3221005.619
2022  62  27881 GPS  -2267809.435  5009352.069  3221005.615
2022  62  27882 GPS  -2267809.431  5009352.064  3221005.610
2022  62  27883 GPS  -2267809.429  5009352.061  3221005.608
2022  62  27884 GPS  -2267809.433  5009352.067  3221005.609
2022  62  27885 GPS  -2267809.430  5009352.061  3221005.605
2022  62  27886 GPS  -2267809.426  5009352.048  3221005.601
2022  62  27887 GPS  -2267809.426  5009352.042  3221005.601
2022  62  27888 GPS  -2267809.425  5009352.041  3221005.604
2022  62  27889 GPS  -2267809.417  5009352.038  3221005.600
2022  62  27890 GPS  -2267809.417  5009352.040  3221005.596
2022  62  27891 GPS  -2267808.817  5009349.642  3221001.663
2022  62  27892 GPS  -2267808.814  5009349.643  3221001.654
2022  62  27893 GPS  -2267808.810  5009349.644  3221001.649
2022  62  27894 GPS  -2267808.806  5009349.646  3221001.643
2022  62  27895 GPS  -2267808.801  5009349.644  3221001.638
2022  62  27896 GPS  -2267809.336  5009351.784  3221005.160
2022  62  27897 GPS  -2267809.375  5009351.953  3221005.438
2022  62  27898 GPS  -2267809.393  5009352.039  3221005.585
2022  62  27899 GPS  -2267809.400  5009352.062  3221005.626
2022  62  27900 GPS  -2267809.402  5009352.051  3221005.610
2022  62  27901 GPS  -2267809.416  5009352.098  3221005.695
2022  62  27902 GPS  -2267809.406  5009352.040  3221005.598
2022  62  27903 GPS  -2267809.404  5009352.007  3221005.546
2022  62  27904 GPS  -2267809.429  5009352.085  3221005.665
2022  62  27905 GPS  -2267809.428  5009352.073  3221005.637
2022  62  27906 GPS  -2267809.408  5009352.017  3221005.549
2022  62  27907 GPS  -2267809.398  5009351.989  3221005.507
2022  62  27908 GPS  -2267809.405  5009352.007  3221005.542
2022  62  27909 GPS  -2267809.418  5009352.053  3221005.614
2022  62  27910 GPS  -2267809.432  5009352.095  3221005.674
2022  62  27911 GPS  -2267809.431  5009352.109  3221005.685
2022  62  27912 GPS  -2267809.436  5009352.121  3221005.698
2022  62  27913 GPS  -2267809.427  5009352.077  3221005.627
2022  62  27914 GPS  -2267809.415  5009352.010  3221005.528
2022  62  27915 GPS  -2267809.405  5009351.978  3221005.480
2022  62  27916 GPS  -2267809.399  5009351.959  3221005.459
2022  62  27917 GPS  -2267809.400  5009351.958  3221005.469
2022  62  27918 GPS  -2267809.405  5009351.973  3221005.503
2022  62  27919 GPS  -2267809.397  5009351.938  3221005.464
2022  62  27920 GPS  -2267809.398  5009351.931  3221005.457
2022  62  27921 GPS  -2267809.388  5009351.905  3221005.423
2022  62  27922 GPS  -2267809.381  5009351.870  3221005.376
2022  62  27923 GPS  -2267809.374  5009351.845  3221005.350
2022  62  27924 GPS  -2267809.373  5009351.837  3221005.344
2022  62  27925 GPS  -2267809.371  5009351.836  3221005.340
2022  62  27926 GPS  -2267809.368  5009351.833  3221005.333
2022  62  27927 GPS  -2267809.366  5009351.827  3221005.328
2022  62  27928 GPS  -2267809.363  5009351.821  3221005.326
2022  62  27929 GPS  -2267809.365  5009351.821  3221005.327
2022  62  27930 GPS  -2267809.372  5009351.828  3221005.327
2022  62  27931 GPS  -2267808.806  5009349.511  3221001.486
2022  62  27932 GPS  -2267808.809  5009349.512  3221001.483
2022  62  27933 GPS  -2267808.809  5009349.511  3221001.489
2022  62  27934 GPS  -2267808.811  5009349.516  3221001.489
2022  62  27935 GPS  -2267808.811  5009349.517  3221001.488
2022  62  27936 GPS  -2267808.812  5009349.505  3221001.480
2022  62  27937 GPS  -2267809.348  5009351.681  3221005.100
2022  62  27938 GPS  -2267809.325  5009351.597  3221004.989
2022  62  27939 GPS  -2267809.339  5009351.649  3221005.105
2022  62  27940 GPS  -2267809.329  5009351.633  3221005.094
2022  62  27941 GPS  -2267809.327  5009351.641  3221005.121
2022  62  27942 GPS  -2267809.289  5009351.493  3221004.890
2022  62  27943 GPS  -2267809.288  5009351.498  3221004.910
2022  62  27944 GPS  -2267809.328  5009351.671  3221005.206
2022  62  27945 GPS  -2267809.327  5009351.661  3221005.192
2022  62  27946 GPS  -2267809.313  5009351.596  3221005.080
2022  62  27947 GPS  -2267809.304  5009351.544  3221004.981
2022  62  27948 GPS  -2267809.325  5009351.614  3221005.081
2022  62  27949 GPS  -2267809.337  5009351.662  3221005.146
2022  62  27950 GPS  -2267809.338  5009351.653  3221005.124
2022  62  27951 GPS  -2267808.795  5009349.417  3221001.406
2022  62  27952 GPS  -2267808.797  5009349.417  3221001.402
2022  62  27953 GPS  -2267808.799  5009349.422  3221001.405
2022  62  27954 GPS  -2267808.802  5009349.422  3221001.403
2022  62  27955 GPS  -2267808.801  5009349.419  3221001.399
2022  62  27956 GPS  -2267809.745  5009353.331  3221007.908
2022  62  27957 GPS  -2267809.418  5009351.994  3221005.697
2022  62  27958 GPS  -2267809.345  5009351.683  3221005.190
2022  62  27959 GPS  -2267809.330  5009351.656  3221005.128
2022  62  27960 GPS  -2267809.335  5009351.705  3221005.203
2022  62  27961 GPS  -2267809.332  5009351.723  3221005.233
2022  62  27962 GPS  -2267809.340  5009351.801  3221005.368
2022  62  27963 GPS  -2267809.352  5009351.869  3221005.489
2022  62  27964 GPS  -2267809.343  5009351.874  3221005.492
2022  62  27965 GPS  -2267809.335  5009351.872  3221005.490
2022  62  27966 GPS  -2267809.311  5009351.812  3221005.410
2022  62  27967 GPS  -2267809.288  5009351.750  3221005.322
2022  62  27968 GPS  -2267809.280  5009351.764  3221005.361
2022  62  27969 GPS  -2267809.280  5009351.784  3221005.416
2022  62  27970 GPS  -2267809.279  5009351.776  3221005.408
2022  62  27971 GPS  -2267809.264  5009351.708  3221005.307
2022  62  27972 GPS  -2267809.254  5009351.664  3221005.252
2022  62  27973 GPS  -2267809.262  5009351.704  3221005.332
2022  62  27974 GPS  -2267809.250  5009351.672  3221005.290
2022  62  27975 GPS  -2267809.233  5009351.623  3221005.216
2022  62  27976 GPS  -2267809.240  5009351.669  3221005.286
2022  62  27977 GPS  -2267809.248  5009351.712  3221005.368
2022  62  27978 GPS  -2267809.247  5009351.729  3221005.400
2022  62  27979 GPS  -2267809.234  5009351.715  3221005.386
2022  62  27980 GPS  -2267809.216  5009351.676  3221005.337
2022  62  27981 GPS  -2267809.200  5009351.641  3221005.287
2022  62  27982 GPS  -2267809.193  5009351.639  3221005.286
2022  62  27983 GPS  -2267809.182  5009351.607  3221005.236
2022  62  27984 GPS  -2267809.169  5009351.583  3221005.208
2022  62  27985 GPS  -2267809.162  5009351.583  3221005.201
2022  62  27986 GPS  -2267809.154  5009351.582  3221005.198
2022  62  27987 GPS  -2267809.145  5009351.583  3221005.199
2022  62  27988 GPS  -2267809.140  5009351.574  3221005.195
2022  62  27989 GPS  -2267809.136  5009351.578  3221005.197
2022  62  27990 GPS  -2267809.135  5009351.578  3221005.197
2022  62  27991 GPS  -2267809.134  5009351.587  3221005.201
2022  62  27992 GPS  -2267809.139  5009351.609  3221005.212
2022  62  27993 GPS  -2267809.141  5009351.618  3221005.224
2022  62  27994 GPS  -2267809.147  5009351.625  3221005.234
2022  62  27995 GPS  -2267809.152  5009351.623  3221005.236
2022  62  27996 GPS  -2267809.158  5009351.624  3221005.239
2022  62  27997 GPS  -2267809.160  5009351.631  3221005.242
2022  62  27998 GPS  -2267809.157  5009351.631  3221005.243
2022  62  27999 GPS  -2267809.157  5009351.637  3221005.246
2022  62  28000 GPS  -2267809.157  5009351.647  3221005.252
2022  62  28001 GPS  -2267809.151  5009351.641  3221005.249
2022  62  28002 GPS  -2267809.148  5009351.631  3221005.246
2022  62  28003 GPS  -2267809.152  5009351.631  3221005.243
2022  62  28004 GPS  -2267809.156  5009351.631  3221005.242
2022  62  28005 GPS  -2267809.154  5009351.624  3221005.241
2022  62  28006 GPS  -2267809.158  5009351.620  3221005.239
2022  62  28007 GPS  -2267809.158  5009351.619  3221005.242
2022  62  28008 GPS  -2267809.159  5009351.613  3221005.243
2022  62  28009 GPS  -2267809.158  5009351.609  3221005.245
2022  62  28010 GPS  -2267809.157  5009351.606  3221005.245
2022  62  28011 GPS  -2267809.151  5009351.601  3221005.241
2022  62  28012 GPS  -2267809.147  5009351.593  3221005.243
2022  62  28013 GPS  -2267809.155  5009351.588  3221005.248
2022  62  28014 GPS  -2267809.158  5009351.583  3221005.248
2022  62  28015 GPS  -2267809.163  5009351.582  3221005.252
2022  62  28016 GPS  -2267809.163  5009351.569  3221005.247
2022  62  28017 GPS  -2267809.166  5009351.564  3221005.248
2022  62  28018 GPS  -2267809.166  5009351.568  3221005.251
2022  62  28019 GPS  -2267809.162  5009351.563  3221005.247
2022  62  28020 GPS  -2267809.161  5009351.565  3221005.245
2022  62  28021 GPS  -2267809.158  5009351.567  3221005.244
2022  62  28022 GPS  -2267809.154  5009351.572  3221005.245
2022  62  28023 GPS  -2267809.155  5009351.579  3221005.250
2022  62  28024 GPS  -2267809.151  5009351.564  3221005.246
2022  62  28025 GPS  -2267809.145  5009351.568  3221005.251
2022  62  28026 GPS  -2267809.143  5009351.566  3221005.251
2022  62  28027 GPS  -2267809.134  5009351.549  3221005.239
2022  62  28028 GPS  -2267809.126  5009351.538  3221005.238
2022  62  28029 GPS  -2267809.121  5009351.534  3221005.240
2022  62  28030 GPS  -2267809.124  5009351.529  3221005.238
2022  62  28031 GPS  -2267809.124  5009351.523  3221005.237
2022  62  28032 GPS  -2267809.122  5009351.516  3221005.238
2022  62  28033 GPS  -2267809.119  5009351.507  3221005.236
2022  62  28034 GPS  -2267809.116  5009351.509  3221005.237
2022  62  28035 GPS  -2267809.113  5009351.502  3221005.236
2022  62  28036 GPS  -2267809.110  5009351.495  3221005.238
2022  62  28037 GPS  -2267809.110  5009351.480  3221005.239
2022  62  28038 GPS  -2267809.112  5009351.473  3221005.240
2022  62  28039 GPS  -2267809.106  5009351.467  3221005.238
2022  62  28040 GPS  -2267809.104  5009351.466  3221005.239
2022  62  28041 GPS  -2267809.102  5009351.456  3221005.239
2022  62  28042 GPS  -2267809.097  5009351.456  3221005.242
2022  62  28043 GPS  -2267809.094  5009351.446  3221005.241
2022  62  28044 GPS  -2267809.089  5009351.440  3221005.240
2022  62  28045 GPS  -2267809.078  5009351.435  3221005.238
2022  62  28046 GPS  -2267809.077  5009351.436  3221005.243
2022  62  28047 GPS  -2267809.078  5009351.439  3221005.245
2022  62  28048 GPS  -2267809.081  5009351.446  3221005.251
2022  62  28049 GPS  -2267809.079  5009351.447  3221005.250
2022  62  28050 GPS  -2267809.079  5009351.442  3221005.246
2022  62  28051 GPS  -2267809.079  5009351.439  3221005.243
2022  62  28052 GPS  -2267809.080  5009351.445  3221005.243
2022  62  28053 GPS  -2267809.077  5009351.439  3221005.234
2022  62  28054 GPS  -2267809.071  5009351.440  3221005.228
2022  62  28055 GPS  -2267809.070  5009351.450  3221005.230
2022  62  28056 GPS  -2267809.070  5009351.453  3221005.227
2022  62  28057 GPS  -2267809.066  5009351.454  3221005.219
2022  62  28058 GPS  -2267809.066  5009351.463  3221005.217
2022  62  28059 GPS  -2267809.067  5009351.459  3221005.210
2022  62  28060 GPS  -2267809.069  5009351.456  3221005.202
2022  62  28061 GPS  -2267809.066  5009351.454  3221005.200
2022  62  28062 GPS  -2267809.067  5009351.453  3221005.196
2022  62  28063 GPS  -2267809.064  5009351.446  3221005.190
2022  62  28064 GPS  -2267809.065  5009351.445  3221005.186
2022  62  28065 GPS  -2267809.058  5009351.438  3221005.177
2022  62  28066 GPS  -2267809.054  5009351.434  3221005.169
2022  62  28067 GPS  -2267809.053  5009351.426  3221005.164
2022  62  28068 GPS  -2267809.058  5009351.424  3221005.160
2022  62  28069 GPS  -2267809.053  5009351.419  3221005.152
2022  62  28070 GPS  -2267809.056  5009351.426  3221005.149
2022  62  28071 GPS  -2267809.058  5009351.428  3221005.139
2022  62  28072 GPS  -2267809.059  5009351.432  3221005.130
2022  62  28073 GPS  -2267809.055  5009351.433  3221005.123
2022  62  28074 GPS  -2267809.053  5009351.428  3221005.109
2022  62  28075 GPS  -2267809.048  5009351.417  3221005.096
2022  62  28076 GPS  -2267809.049  5009351.410  3221005.084
2022  62  28077 GPS  -2267809.043  5009351.396  3221005.070
2022  62  28078 GPS  -2267809.036  5009351.388  3221005.060
2022  62  28079 GPS  -2267809.029  5009351.373  3221005.044
2022  62  28080 GPS  -2267809.020  5009351.359  3221005.029
2022  62  28081 GPS  -2267809.012  5009351.341  3221005.017
2022  62  28082 GPS  -2267808.999  5009351.320  3221005.000
2022  62  28083 GPS  -2267808.991  5009351.311  3221004.989
2022  62  28084 GPS  -2267808.986  5009351.304  3221004.982
2022  62  28085 GPS  -2267809.008  5009351.385  3221005.059
2022  62  28086 GPS  -2267809.000  5009351.379  3221005.052
2022  62  28087 GPS  -2267808.994  5009351.380  3221005.053
2022  62  28088 GPS  -2267808.985  5009351.375  3221005.050
2022  62  28089 GPS  -2267808.981  5009351.370  3221005.049
2022  62  28090 GPS  -2267808.981  5009351.369  3221005.054
2022  62  28091 GPS  -2267808.982  5009351.378  3221005.059
2022  62  28092 GPS  -2267808.978  5009351.384  3221005.061
2022  62  28093 GPS  -2267808.976  5009351.388  3221005.061
2022  62  28094 GPS  -2267808.975  5009351.391  3221005.068
2022  62  28095 GPS  -2267808.969  5009351.381  3221005.068
2022  62  28096 GPS  -2267808.966  5009351.376  3221005.071
2022  62  28097 GPS  -2267808.963  5009351.356  3221005.064
2022  62  28098 GPS  -2267808.960  5009351.347  3221005.063
2022  62  28099 GPS  -2267808.953  5009351.339  3221005.062
2022  62  28100 GPS  -2267808.954  5009351.334  3221005.057
2022  62  28101 GPS  -2267808.950  5009351.325  3221005.052
2022  62  28102 GPS  -2267808.952  5009351.326  3221005.055
2022  62  28103 GPS  -2267808.949  5009351.317  3221005.054
2022  62  28104 GPS  -2267808.945  5009351.313  3221005.054
2022  62  28105 GPS  -2267808.941  5009351.307  3221005.048
2022  62  28106 GPS  -2267808.936  5009351.303  3221005.043
2022  62  28107 GPS  -2267808.932  5009351.293  3221005.034
2022  62  28108 GPS  -2267808.931  5009351.283  3221005.035
2022  62  28109 GPS  -2267808.931  5009351.274  3221005.030
2022  62  28110 GPS  -2267808.926  5009351.274  3221005.029
2022  62  28111 GPS  -2267808.922  5009351.275  3221005.031
2022  62  28112 GPS  -2267808.919  5009351.268  3221005.030
2022  62  28113 GPS  -2267808.917  5009351.263  3221005.021
2022  62  28114 GPS  -2267808.913  5009351.258  3221005.013
2022  62  28115 GPS  -2267808.908  5009351.244  3221005.001
2022  62  28116 GPS  -2267808.907  5009351.235  3221004.995
2022  62  28117 GPS  -2267808.900  5009351.225  3221004.991
2022  62  28118 GPS  -2267808.901  5009351.223  3221004.990
2022  62  28119 GPS  -2267808.903  5009351.227  3221004.984
2022  62  28120 GPS  -2267808.900  5009351.226  3221004.988
2022  62  28121 GPS  -2267808.893  5009351.216  3221004.984
2022  62  28122 GPS  -2267808.886  5009351.206  3221004.984
2022  62  28123 GPS  -2267808.883  5009351.189  3221004.975
2022  62  28124 GPS  -2267808.877  5009351.171  3221004.964
2022  62  28125 GPS  -2267808.872  5009351.155  3221004.956
2022  62  28126 GPS  -2267808.869  5009351.139  3221004.950
2022  62  28127 GPS  -2267808.868  5009351.127  3221004.940
2022  62  28128 GPS  -2267808.866  5009351.120  3221004.933
2022  62  28129 GPS  -2267808.862  5009351.108  3221004.925
2022  62  28130 GPS  -2267808.859  5009351.094  3221004.917
2022  62  28131 GPS  -2267808.857  5009351.079  3221004.910
2022  62  28132 GPS  -2267808.855  5009351.073  3221004.907
2022  62  28133 GPS  -2267808.848  5009351.050  3221004.894
2022  62  28134 GPS  -2267808.846  5009351.044  3221004.891
2022  62  28135 GPS  -2267808.843  5009351.036  3221004.884
2022  62  28136 GPS  -2267808.845  5009351.033  3221004.877
2022  62  28137 GPS  -2267808.845  5009351.036  3221004.872
2022  62  28138 GPS  -2267808.842  5009351.041  3221004.867
2022  62  28139 GPS  -2267808.839  5009351.038  3221004.856
2022  62  28140 GPS  -2267808.841  5009351.043  3221004.853
2022  62  28141 GPS  -2267808.839  5009351.042  3221004.848
2022  62  28142 GPS  -2267808.839  5009351.043  3221004.843
2022  62  28143 GPS  -2267808.838  5009351.053  3221004.839
2022  62  28144 GPS  -2267808.834  5009351.057  3221004.834
2022  62  28145 GPS  -2267808.834  5009351.058  3221004.825
2022  62  28146 GPS  -2267808.833  5009351.056  3221004.814
2022  62  28147 GPS  -2267808.827  5009351.047  3221004.805
2022  62  28148 GPS  -2267808.822  5009351.045  3221004.800
2022  62  28149 GPS  -2267808.816  5009351.043  3221004.787
2022  62  28150 GPS  -2267808.815  5009351.050  3221004.786
2022  62  28151 GPS  -2267808.818  5009351.055  3221004.784
2022  62  28152 GPS  -2267808.818  5009351.058  3221004.780
2022  62  28153 GPS  -2267808.817  5009351.049  3221004.767
2022  62  28154 GPS  -2267808.816  5009351.044  3221004.758
2022  62  28155 GPS  -2267808.814  5009351.037  3221004.751
2022  62  28156 GPS  -2267808.814  5009351.029  3221004.737
2022  62  28157 GPS  -2267808.805  5009351.007  3221004.717
2022  62  28158 GPS  -2267808.797  5009350.992  3221004.703
2022  62  28159 GPS  -2267808.790  5009350.985  3221004.691
2022  62  28160 GPS  -2267808.781  5009350.977  3221004.676
2022  62  28161 GPS  -2267808.774  5009350.971  3221004.662
2022  62  28162 GPS  -2267808.765  5009350.957  3221004.649
2022  62  28163 GPS  -2267808.756  5009350.941  3221004.635
2022  62  28164 GPS  -2267808.753  5009350.933  3221004.626
2022  62  28165 GPS  -2267808.744  5009350.917  3221004.613
2022  62  28166 GPS  -2267808.736  5009350.907  3221004.596
2022  62  28167 GPS  -2267808.729  5009350.896  3221004.581
2022  62  28168 GPS  -2267808.721  5009350.882  3221004.563
2022  62  28169 GPS  -2267808.716  5009350.878  3221004.555
2022  62  28170 GPS  -2267808.712  5009350.870  3221004.543
2022  62  28171 GPS  -2267808.709  5009350.871  3221004.537
2022  62  28172 GPS  -2267808.707  5009350.872  3221004.530
2022  62  28173 GPS  -2267808.708  5009350.873  3221004.522
2022  62  28174 GPS  -2267808.704  5009350.876  3221004.513
2022  62  28175 GPS  -2267808.701  5009350.871  3221004.504
2022  62  28176 GPS  -2267808.696  5009350.867  3221004.491
2022  62  28177 GPS  -2267808.696  5009350.874  3221004.486
2022  62  28178 GPS  -2267808.694  5009350.873  3221004.480
2022  62  28179 GPS  -2267808.694  5009350.882  3221004.476
2022  62  28180 GPS  -2267808.691  5009350.888  3221004.471
2022  62  28181 GPS  -2267808.691  5009350.889  3221004.465
2022  62  28182 GPS  -2267808.690  5009350.890  3221004.458
2022  62  28183 GPS  -2267808.689  5009350.886  3221004.449
2022  62  28184 GPS  -2267808.689  5009350.878  3221004.439
2022  62  28185 GPS  -2267808.692  5009350.875  3221004.433
2022  62  28186 GPS  -2267808.691  5009350.865  3221004.420
2022  62  28187 GPS  -2267808.695  5009350.862  3221004.424
2022  62  28188 GPS  -2267808.696  5009350.853  3221004.422
2022  62  28189 GPS  -2267808.698  5009350.843  3221004.415
2022  62  28190 GPS  -2267808.696  5009350.838  3221004.407
2022  62  28191 GPS  -2267808.696  5009350.829  3221004.396
2022  62  28192 GPS  -2267808.698  5009350.819  3221004.392
2022  62  28193 GPS  -2267808.692  5009350.808  3221004.385
2022  62  28194 GPS  -2267808.684  5009350.790  3221004.377
2022  62  28195 GPS  -2267808.679  5009350.777  3221004.365
2022  62  28196 GPS  -2267808.678  5009350.778  3221004.358
2022  62  28197 GPS  -2267808.676  5009350.772  3221004.349
2022  62  28198 GPS  -2267808.675  5009350.774  3221004.350
2022  62  28199 GPS  -2267808.676  5009350.775  3221004.353
2022  62  28200 GPS  -2267808.676  5009350.772  3221004.350
2022  62  28201 GPS  -2267808.676  5009350.764  3221004.346
2022  62  28202 GPS  -2267808.680  5009350.755  3221004.339
2022  62  28203 GPS  -2267808.678  5009350.744  3221004.328
2022  62  28204 GPS  -2267808.678  5009350.738  3221004.323
2022  62  28205 GPS  -2267808.676  5009350.737  3221004.324
2022  62  28206 GPS  -2267808.677  5009350.733  3221004.323
2022  62  28207 GPS  -2267808.672  5009350.726  3221004.318
2022  62  28208 GPS  -2267808.668  5009350.716  3221004.308
2022  62  28209 GPS  -2267808.663  5009350.705  3221004.298
2022  62  28210 GPS  -2267808.661  5009350.695  3221004.288
2022  62  28211 GPS  -2267808.664  5009350.691  3221004.294
2022  62  28212 GPS  -2267808.662  5009350.686  3221004.291
2022  62  28213 GPS  -2267808.657  5009350.680  3221004.288
2022  62  28214 GPS  -2267808.650  5009350.665  3221004.281
2022  62  28215 GPS  -2267808.645  5009350.653  3221004.272
2022  62  28216 GPS  -2267808.638  5009350.647  3221004.266
2022  62  28217 GPS  -2267808.635  5009350.647  3221004.267
2022  62  28218 GPS  -2267808.634  5009350.653  3221004.272
2022  62  28219 GPS  -2267808.632  5009350.657  3221004.271
2022  62  28220 GPS  -2267808.624  5009350.656  3221004.265
2022  62  28221 GPS  -2267808.624  5009350.659  3221004.266
2022  62  28222 GPS  -2267808.619  5009350.657  3221004.262
2022  62  28223 GPS  -2267808.612  5009350.654  3221004.261
2022  62  28224 GPS  -2267808.604  5009350.654  3221004.261
2022  62  28225 GPS  -2267808.594  5009350.648  3221004.258
2022  62  28226 GPS  -2267808.588  5009350.654  3221004.258
2022  62  28227 GPS  -2267808.588  5009350.648  3221004.261
2022  62  28228 GPS  -2267808.582  5009350.644  3221004.262
2022  62  28229 GPS  -2267808.577  5009350.644  3221004.262
2022  62  28230 GPS  -2267808.573  5009350.647  3221004.268
2022  62  28231 GPS  -2267808.573  5009350.647  3221004.269
2022  62  28232 GPS  -2267808.568  5009350.648  3221004.270
2022  62  28233 GPS  -2267808.560  5009350.644  3221004.266
2022  62  28234 GPS  -2267808.558  5009350.643  3221004.260
2022  62  28235 GPS  -2267808.559  5009350.648  3221004.256
2022  62  28236 GPS  -2267808.551  5009350.647  3221004.253
2022  62  28237 GPS  -2267808.544  5009350.639  3221004.247
2022  62  28238 GPS  -2267808.545  5009350.637  3221004.241
2022  62  28239 GPS  -2267808.544  5009350.627  3221004.227
2022  62  28240 GPS  -2267808.541  5009350.628  3221004.225
2022  62  28241 GPS  -2267808.540  5009350.622  3221004.218
2022  62  28242 GPS  -2267808.538  5009350.617  3221004.215
2022  62  28243 GPS  -2267808.540  5009350.615  3221004.218
2022  62  28244 GPS  -2267808.540  5009350.612  3221004.222
2022  62  28245 GPS  -2267808.538  5009350.600  3221004.219
2022  62  28246 GPS  -2267808.533  5009350.594  3221004.216
2022  62  28247 GPS  -2267808.528  5009350.591  3221004.219
2022  62  28248 GPS  -2267808.525  5009350.584  3221004.219
2022  62  28249 GPS  -2267808.523  5009350.575  3221004.216
2022  62  28250 GPS  -2267808.521  5009350.572  3221004.221
2022  62  28251 GPS  -2267808.518  5009350.570  3221004.228
2022  62  28252 GPS  -2267808.515  5009350.561  3221004.228
2022  62  28253 GPS  -2267808.511  5009350.550  3221004.232
2022  62  28254 GPS  -2267808.503  5009350.542  3221004.233
2022  62  28255 GPS  -2267808.494  5009350.542  3221004.234
2022  62  28256 GPS  -2267808.487  5009350.542  3221004.236
2022  62  28257 GPS  -2267808.483  5009350.544  3221004.242
2022  62  28258 GPS  -2267808.482  5009350.552  3221004.246
2022  62  28259 GPS  -2267808.479  5009350.551  3221004.244
2022  62  28260 GPS  -2267808.476  5009350.549  3221004.246
2022  62  28261 GPS  -2267808.469  5009350.550  3221004.248
2022  62  28262 GPS  -2267808.464  5009350.551  3221004.250
2022  62  28263 GPS  -2267808.463  5009350.564  3221004.254
2022  62  28264 GPS  -2267808.463  5009350.567  3221004.256
2022  62  28265 GPS  -2267808.461  5009350.568  3221004.253
2022  62  28266 GPS  -2267808.458  5009350.568  3221004.253
2022  62  28267 GPS  -2267808.454  5009350.572  3221004.251
2022  62  28268 GPS  -2267808.451  5009350.588  3221004.257
2022  62  28269 GPS  -2267808.448  5009350.589  3221004.259
2022  62  28270 GPS  -2267808.446  5009350.606  3221004.265
2022  62  28271 GPS  -2267808.442  5009350.602  3221004.261
2022  62  28272 GPS  -2267808.433  5009350.600  3221004.261
2022  62  28273 GPS  -2267808.429  5009350.596  3221004.260
2022  62  28274 GPS  -2267808.424  5009350.590  3221004.258
2022  62  28275 GPS  -2267808.422  5009350.587  3221004.256
2022  62  28276 GPS  -2267808.421  5009350.572  3221004.253
2022  62  28277 GPS  -2267808.423  5009350.576  3221004.258
2022  62  28278 GPS  -2267808.427  5009350.582  3221004.265
2022  62  28279 GPS  -2267808.428  5009350.584  3221004.264
2022  62  28280 GPS  -2267808.426  5009350.591  3221004.268
2022  62  28281 GPS  -2267808.428  5009350.593  3221004.270
2022  62  28282 GPS  -2267808.428  5009350.587  3221004.269
2022  62  28283 GPS  -2267808.426  5009350.582  3221004.271
2022  62  28284 GPS  -2267808.422  5009350.584  3221004.273
2022  62  28285 GPS  -2267808.419  5009350.583  3221004.269
2022  62  28286 GPS  -2267808.419  5009350.578  3221004.267
2022  62  28287 GPS  -2267808.413  5009350.575  3221004.267
2022  62  28288 GPS  -2267808.415  5009350.573  3221004.264
2022  62  28289 GPS  -2267808.421  5009350.580  3221004.264
2022  62  28290 GPS  -2267808.424  5009350.587  3221004.263
2022  62  28291 GPS  -2267808.430  5009350.593  3221004.261
2022  62  28292 GPS  -2267808.434  5009350.593  3221004.256
2022  62  28293 GPS  -2267808.438  5009350.599  3221004.255
2022  62  28294 GPS  -2267808.442  5009350.602  3221004.256
2022  62  28295 GPS  -2267808.440  5009350.601  3221004.253
2022  62  28296 GPS  -2267808.442  5009350.604  3221004.253
2022  62  28297 GPS  -2267808.447  5009350.608  3221004.254
2022  62  28298 GPS  -2267808.443  5009350.596  3221004.248
2022  62  28299 GPS  -2267808.443  5009350.592  3221004.247
2022  62  28300 GPS  -2267808.443  5009350.582  3221004.239
2022  62  28301 GPS  -2267808.442  5009350.580  3221004.232
2022  62  28302 GPS  -2267808.432  5009350.569  3221004.223
2022  62  28303 GPS  -2267808.420  5009350.547  3221004.212
2022  62  28304 GPS  -2267808.411  5009350.528  3221004.201
2022  62  28305 GPS  -2267808.400  5009350.518  3221004.188
2022  62  28306 GPS  -2267808.397  5009350.507  3221004.177
2022  62  28307 GPS  -2267808.395  5009350.498  3221004.174
2022  62  28308 GPS  -2267808.387  5009350.484  3221004.166
2022  62  28309 GPS  -2267808.384  5009350.481  3221004.163
2022  62  28310 GPS  -2267808.382  5009350.475  3221004.157
2022  62  28311 GPS  -2267808.375  5009350.471  3221004.157
2022  62  28312 GPS  -2267808.373  5009350.471  3221004.151
2022  62  28313 GPS  -2267808.369  5009350.471  3221004.144
2022  62  28314 GPS  -2267808.372  5009350.474  3221004.144
2022  62  28315 GPS  -2267808.370  5009350.476  3221004.143
2022  62  28316 GPS  -2267808.371  5009350.486  3221004.147
2022  62  28317 GPS  -2267808.376  5009350.498  3221004.150
2022  62  28318 GPS  -2267808.377  5009350.511  3221004.158
2022  62  28319 GPS  -2267808.378  5009350.511  3221004.151
2022  62  28320 GPS  -2267808.378  5009350.521  3221004.150
2022  62  28321 GPS  -2267808.374  5009350.532  3221004.150
2022  62  28322 GPS  -2267808.371  5009350.536  3221004.154
2022  62  28323 GPS  -2267808.371  5009350.545  3221004.159
2022  62  28324 GPS  -2267808.369  5009350.556  3221004.170
2022  62  28325 GPS  -2267808.367  5009350.563  3221004.173
2022  62  28326 GPS  -2267808.365  5009350.565  3221004.169
2022  62  28327 GPS  -2267808.369  5009350.584  3221004.173
2022  62  28328 GPS  -2267808.369  5009350.600  3221004.178
2022  62  28329 GPS  -2267808.372  5009350.601  3221004.176
2022  62  28330 GPS  -2267808.376  5009350.607  3221004.176
2022  62  28331 GPS  -2267808.377  5009350.612  3221004.179
2022  62  28332 GPS  -2267808.383  5009350.619  3221004.178
2022  62  28333 GPS  -2267808.382  5009350.621  3221004.172
2022  62  28334 GPS  -2267808.386  5009350.631  3221004.168
2022  62  28335 GPS  -2267808.384  5009350.630  3221004.168
2022  62  28336 GPS  -2267808.386  5009350.629  3221004.167
2022  62  28337 GPS  -2267808.382  5009350.631  3221004.159
2022  62  28338 GPS  -2267808.378  5009350.628  3221004.153
2022  62  28339 GPS  -2267808.383  5009350.629  3221004.149
2022  62  28340 GPS  -2267808.380  5009350.628  3221004.140
2022  62  28341 GPS  -2267808.372  5009350.616  3221004.129
2022  62  28342 GPS  -2267808.362  5009350.611  3221004.123
2022  62  28343 GPS  -2267808.356  5009350.605  3221004.113
2022  62  28344 GPS  -2267808.352  5009350.601  3221004.102
2022  62  28345 GPS  -2267808.348  5009350.595  3221004.090
2022  62  28346 GPS  -2267808.350  5009350.598  3221004.088
2022  62  28347 GPS  -2267808.343  5009350.587  3221004.082
2022  62  28348 GPS  -2267808.334  5009350.578  3221004.082
2022  62  28349 GPS  -2267808.333  5009350.574  3221004.079
2022  62  28350 GPS  -2267808.336  5009350.579  3221004.079
2022  62  28351 GPS  -2267808.333  5009350.581  3221004.079
2022  62  28352 GPS  -2267808.332  5009350.581  3221004.081
2022  62  28353 GPS  -2267808.327  5009350.571  3221004.078
2022  62  28354 GPS  -2267808.321  5009350.566  3221004.078
2022  62  28355 GPS  -2267808.315  5009350.561  3221004.077
2022  62  28356 GPS  -2267808.312  5009350.560  3221004.079
2022  62  28357 GPS  -2267808.306  5009350.557  3221004.075
2022  62  28358 GPS  -2267808.301  5009350.557  3221004.076
2022  62  28359 GPS  -2267808.300  5009350.563  3221004.083
2022  62  28360 GPS  -2267808.296  5009350.567  3221004.086
2022  62  28361 GPS  -2267808.296  5009350.568  3221004.089
2022  62  28362 GPS  -2267808.300  5009350.571  3221004.088
2022  62  28363 GPS  -2267808.299  5009350.571  3221004.085
2022  62  28364 GPS  -2267808.291  5009350.564  3221004.079
2022  62  28365 GPS  -2267808.291  5009350.566  3221004.081
2022  62  28366 GPS  -2267808.290  5009350.561  3221004.073
2022  62  28367 GPS  -2267808.288  5009350.558  3221004.070
2022  62  28368 GPS  -2267808.284  5009350.551  3221004.069
2022  62  28369 GPS  -2267808.283  5009350.546  3221004.070
2022  62  28370 GPS  -2267808.275  5009350.538  3221004.067
2022  62  28371 GPS  -2267808.266  5009350.518  3221004.062
2022  62  28372 GPS  -2267808.263  5009350.507  3221004.064
2022  62  28373 GPS  -2267808.258  5009350.492  3221004.062
2022  62  28374 GPS  -2267808.255  5009350.483  3221004.060
2022  62  28375 GPS  -2267808.251  5009350.477  3221004.060
2022  62  28376 GPS  -2267808.251  5009350.475  3221004.062
2022  62  28377 GPS  -2267808.249  5009350.459  3221004.054
2022  62  28378 GPS  -2267808.244  5009350.452  3221004.057
2022  62  28379 GPS  -2267808.242  5009350.450  3221004.056
2022  62  28380 GPS  -2267808.238  5009350.442  3221004.057
2022  62  28381 GPS  -2267808.235  5009350.434  3221004.056
2022  62  28382 GPS  -2267808.236  5009350.431  3221004.059
2022  62  28383 GPS  -2267808.238  5009350.420  3221004.058
2022  62  28384 GPS  -2267808.240  5009350.416  3221004.061
2022  62  28385 GPS  -2267808.235  5009350.399  3221004.052
2022  62  28386 GPS  -2267808.222  5009350.377  3221004.043
2022  62  28387 GPS  -2267808.207  5009350.359  3221004.035
2022  62  28388 GPS  -2267808.204  5009350.358  3221004.036
2022  62  28389 GPS  -2267808.203  5009350.360  3221004.041
2022  62  28390 GPS  -2267808.200  5009350.348  3221004.041
2022  62  28391 GPS  -2267808.191  5009350.340  3221004.039
2022  62  28392 GPS  -2267808.185  5009350.330  3221004.034
2022  62  28393 GPS  -2267808.186  5009350.325  3221004.036
2022  62  28394 GPS  -2267808.182  5009350.314  3221004.032
2022  62  28395 GPS  -2267808.180  5009350.307  3221004.025
2022  62  28396 GPS  -2267808.185  5009350.307  3221004.026
2022  62  28397 GPS  -2267808.190  5009350.307  3221004.025
2022  62  28398 GPS  -2267808.197  5009350.307  3221004.020
2022  62  28399 GPS  -2267808.202  5009350.302  3221004.015
2022  62  28400 GPS  -2267808.210  5009350.303  3221004.014
2022  62  28401 GPS  -2267808.215  5009350.297  3221004.015
2022  62  28402 GPS  -2267808.223  5009350.294  3221004.013
2022  62  28403 GPS  -2267808.226  5009350.285  3221004.006
2022  62  28404 GPS  -2267808.227  5009350.277  3221004.005
2022  62  28405 GPS  -2267808.224  5009350.268  3221003.999
2022  62  28406 GPS  -2267808.221  5009350.262  3221004.000
2022  62  28407 GPS  -2267808.219  5009350.258  3221004.002
2022  62  28408 GPS  -2267808.222  5009350.254  3221004.001
2022  62  28409 GPS  -2267808.223  5009350.252  3221003.999
2022  62  28410 GPS  -2267808.224  5009350.245  3221003.990
2022  62  28411 GPS  -2267808.224  5009350.240  3221003.991
2022  62  28412 GPS  -2267808.220  5009350.232  3221003.987
2022  62  28413 GPS  -2267808.220  5009350.225  3221003.982
2022  62  28414 GPS  -2267808.221  5009350.225  3221003.982
2022  62  28415 GPS  -2267808.221  5009350.224  3221003.983
2022  62  28416 GPS  -2267808.221  5009350.218  3221003.984
2022  62  28417 GPS  -2267808.221  5009350.218  3221003.987
2022  62  28418 GPS  -2267808.218  5009350.215  3221003.990
2022  62  28419 GPS  -2267808.221  5009350.227  3221003.995
2022  62  28420 GPS  -2267808.222  5009350.223  3221003.989
2022  62  28421 GPS  -2267808.226  5009350.235  3221003.994
2022  62  28422 GPS  -2267808.230  5009350.245  3221003.998
2022  62  28423 GPS  -2267808.235  5009350.252  3221004.000
2022  62  28424 GPS  -2267808.237  5009350.258  3221004.001
2022  62  28425 GPS  -2267808.243  5009350.274  3221004.007
2022  62  28426 GPS  -2267808.247  5009350.285  3221004.009
2022  62  28427 GPS  -2267808.251  5009350.299  3221004.012
2022  62  28428 GPS  -2267808.263  5009350.319  3221004.021
2022  62  28429 GPS  -2267808.266  5009350.329  3221004.020
2022  62  28430 GPS  -2267808.264  5009350.343  3221004.021
2022  62  28431 GPS  -2267808.267  5009350.369  3221004.026
2022  62  28432 GPS  -2267808.268  5009350.385  3221004.028
2022  62  28433 GPS  -2267808.268  5009350.386  3221004.024
2022  62  28434 GPS  -2267808.272  5009350.399  3221004.026
2022  62  28435 GPS  -2267808.274  5009350.404  3221004.026
2022  62  28436 GPS  -2267808.276  5009350.412  3221004.027
2022  62  28437 GPS  -2267808.277  5009350.429  3221004.032
2022  62  28438 GPS  -2267808.278  5009350.430  3221004.024
2022  62  28439 GPS  -2267808.280  5009350.431  3221004.012
2022  62  28440 GPS  -2267808.279  5009350.429  3221004.000
2022  62  28441 GPS  -2267808.273  5009350.422  3221003.987
2022  62  28442 GPS  -2267808.267  5009350.422  3221003.981
2022  62  28443 GPS  -2267808.265  5009350.426  3221003.974
2022  62  28444 GPS  -2267808.263  5009350.429  3221003.970
2022  62  28445 GPS  -2267808.258  5009350.429  3221003.967
2022  62  28446 GPS  -2267808.256  5009350.424  3221003.960
2022  62  28447 GPS  -2267808.252  5009350.411  3221003.948
2022  62  28448 GPS  -2267808.251  5009350.394  3221003.932
2022  62  28449 GPS  -2267808.248  5009350.383  3221003.916
2022  62  28450 GPS  -2267808.241  5009350.370  3221003.905
2022  62  28451 GPS  -2267808.236  5009350.363  3221003.903
2022  62  28452 GPS  -2267808.235  5009350.366  3221003.901
2022  62  28453 GPS  -2267808.226  5009350.360  3221003.892
2022  62  28454 GPS  -2267808.217  5009350.353  3221003.884
2022  62  28455 GPS  -2267808.211  5009350.350  3221003.879
2022  62  28456 GPS  -2267808.210  5009350.347  3221003.872
2022  62  28457 GPS  -2267808.209  5009350.352  3221003.864
2022  62  28458 GPS  -2267808.205  5009350.350  3221003.857
2022  62  28459 GPS  -2267808.203  5009350.354  3221003.857
2022  62  28460 GPS  -2267808.191  5009350.339  3221003.852
2022  62  28461 GPS  -2267808.192  5009350.338  3221003.848
2022  62  28462 GPS  -2267808.190  5009350.336  3221003.843
2022  62  28463 GPS  -2267808.185  5009350.330  3221003.836
2022  62  28464 GPS  -2267808.187  5009350.335  3221003.831
2022  62  28465 GPS  -2267808.191  5009350.343  3221003.828
2022  62  28466 GPS  -2267808.190  5009350.338  3221003.825
2022  62  28467 GPS  -2267808.194  5009350.331  3221003.826
2022  62  28468 GPS  -2267808.195  5009350.331  3221003.825
2022  62  28469 GPS  -2267808.194  5009350.330  3221003.826
2022  62  28470 GPS  -2267808.197  5009350.322  3221003.819
2022  62  28471 GPS  -2267808.203  5009350.317  3221003.817
2022  62  28472 GPS  -2267808.205  5009350.312  3221003.814
2022  62  28473 GPS  -2267808.215  5009350.321  3221003.819
2022  62  28474 GPS  -2267808.219  5009350.324  3221003.820
2022  62  28475 GPS  -2267808.227  5009350.320  3221003.812
2022  62  28476 GPS  -2267808.227  5009350.309  3221003.806
2022  62  28477 GPS  -2267808.229  5009350.300  3221003.798
2022  62  28478 GPS  -2267808.228  5009350.292  3221003.791
2022  62  28479 GPS  -2267808.225  5009350.291  3221003.785
2022  62  28480 GPS  -2267808.222  5009350.287  3221003.779
2022  62  28481 GPS  -2267808.218  5009350.278  3221003.773
2022  62  28482 GPS  -2267808.218  5009350.270  3221003.769
2022  62  28483 GPS  -2267808.217  5009350.259  3221003.764
2022  62  28484 GPS  -2267808.217  5009350.247  3221003.760
2022  62  28485 GPS  -2267808.212  5009350.239  3221003.753
2022  62  28486 GPS  -2267808.200  5009350.223  3221003.744
2022  62  28487 GPS  -2267808.190  5009350.214  3221003.744
2022  62  28488 GPS  -2267808.179  5009350.199  3221003.737
2022  62  28489 GPS  -2267808.165  5009350.186  3221003.733
2022  62  28490 GPS  -2267808.155  5009350.177  3221003.729
2022  62  28491 GPS  -2267808.147  5009350.175  3221003.727
2022  62  28492 GPS  -2267808.141  5009350.166  3221003.720
2022  62  28493 GPS  -2267808.132  5009350.162  3221003.713
2022  62  28494 GPS  -2267808.125  5009350.159  3221003.711
2022  62  28495 GPS  -2267808.115  5009350.152  3221003.707
2022  62  28496 GPS  -2267808.111  5009350.143  3221003.700
2022  62  28497 GPS  -2267808.101  5009350.133  3221003.695
2022  62  28498 GPS  -2267808.092  5009350.122  3221003.685
2022  62  28499 GPS  -2267808.084  5009350.116  3221003.677
2022  62  28500 GPS  -2267808.076  5009350.112  3221003.671
2022  62  28501 GPS  -2267808.074  5009350.111  3221003.672
2022  62  28502 GPS  -2267808.068  5009350.108  3221003.668
2022  62  28503 GPS  -2267808.059  5009350.093  3221003.656
2022  62  28504 GPS  -2267808.056  5009350.090  3221003.655
2022  62  28505 GPS  -2267808.058  5009350.083  3221003.654
2022  62  28506 GPS  -2267808.055  5009350.073  3221003.650
2022  62  28507 GPS  -2267808.053  5009350.070  3221003.646
2022  62  28508 GPS  -2267808.049  5009350.067  3221003.638
2022  62  28509 GPS  -2267808.047  5009350.068  3221003.634
2022  62  28510 GPS  -2267808.048  5009350.058  3221003.623
2022  62  28511 GPS  -2267807.560  5009349.643  3221003.148
2022  62  28512 GPS  -2267807.562  5009349.630  3221003.142
2022  62  28513 GPS  -2267807.566  5009349.625  3221003.140
2022  62  28514 GPS  -2267807.564  5009349.628  3221003.142
2022  62  28515 GPS  -2267807.559  5009349.621  3221003.141
2022  62  28516 GPS  -2267807.555  5009349.618  3221003.135
2022  62  28517 GPS  -2267807.557  5009349.618  3221003.135
2022  62  28518 GPS  -2267807.550  5009349.615  3221003.129
2022  62  28519 GPS  -2267807.543  5009349.606  3221003.124
2022  62  28520 GPS  -2267807.536  5009349.602  3221003.117
2022  62  28521 GPS  -2267807.530  5009349.584  3221003.100
2022  62  28522 GPS  -2267807.520  5009349.565  3221003.086
2022  62  28523 GPS  -2267807.509  5009349.549  3221003.073
2022  62  28524 GPS  -2267807.507  5009349.542  3221003.069
2022  62  28525 GPS  -2267807.505  5009349.538  3221003.066
2022  62  28526 GPS  -2267807.496  5009349.531  3221003.061
2022  62  28527 GPS  -2267807.491  5009349.521  3221003.053
2022  62  28528 GPS  -2267807.493  5009349.516  3221003.046
2022  62  28529 GPS  -2267807.490  5009349.519  3221003.049
2022  62  28530 GPS  -2267807.485  5009349.514  3221003.049
2022  62  28531 GPS  -2267807.480  5009349.510  3221003.049
2022  62  28532 GPS  -2267807.474  5009349.503  3221003.047
2022  62  28533 GPS  -2267807.472  5009349.510  3221003.050
2022  62  28534 GPS  -2267807.465  5009349.492  3221003.041
2022  62  28535 GPS  -2267807.459  5009349.484  3221003.035
2022  62  28536 GPS  -2267807.460  5009349.472  3221003.028
2022  62  28537 GPS  -2267807.459  5009349.462  3221003.026
2022  62  28538 GPS  -2267807.458  5009349.455  3221003.025
2022  62  28539 GPS  -2267807.461  5009349.461  3221003.026
2022  62  28540 GPS  -2267807.457  5009349.448  3221003.020
2022  62  28541 GPS  -2267807.454  5009349.443  3221003.017
2022  62  28542 GPS  -2267807.446  5009349.433  3221003.004
2022  62  28543 GPS  -2267807.443  5009349.431  3221003.001
2022  62  28544 GPS  -2267807.435  5009349.424  3221002.995
2022  62  28545 GPS  -2267807.425  5009349.416  3221002.985
2022  62  28546 GPS  -2267807.415  5009349.398  3221002.965
2022  62  28547 GPS  -2267807.408  5009349.383  3221002.951
2022  62  28548 GPS  -2267807.400  5009349.371  3221002.937
2022  62  28549 GPS  -2267807.393  5009349.362  3221002.926
2022  62  28550 GPS  -2267807.316  5009349.265  3221002.878
2022  62  28551 GPS  -2267807.308  5009349.261  3221002.863
2022  62  28552 GPS  -2267807.297  5009349.261  3221002.851
2022  62  28553 GPS  -2267807.286  5009349.261  3221002.846
2022  62  28554 GPS  -2267807.271  5009349.255  3221002.836
2022  62  28555 GPS  -2267807.252  5009349.240  3221002.820
2022  62  28556 GPS  -2267807.235  5009349.223  3221002.804
2022  62  28557 GPS  -2267807.222  5009349.210  3221002.791
2022  62  28558 GPS  -2267807.212  5009349.199  3221002.783
2022  62  28559 GPS  -2267807.206  5009349.193  3221002.779
2022  62  28560 GPS  -2267807.198  5009349.183  3221002.776
2022  62  28561 GPS  -2267807.190  5009349.175  3221002.775
2022  62  28562 GPS  -2267807.180  5009349.174  3221002.773
2022  62  28563 GPS  -2267807.175  5009349.167  3221002.774
2022  62  28564 GPS  -2267807.166  5009349.163  3221002.773
2022  62  28565 GPS  -2267807.160  5009349.168  3221002.773
2022  62  28566 GPS  -2267807.155  5009349.166  3221002.774
2022  62  28567 GPS  -2267807.145  5009349.163  3221002.775
2022  62  28568 GPS  -2267807.141  5009349.159  3221002.776
2022  62  28569 GPS  -2267807.140  5009349.153  3221002.777
2022  62  28570 GPS  -2267807.141  5009349.140  3221002.775
2022  62  28571 GPS  -2267807.136  5009349.130  3221002.773
2022  62  28572 GPS  -2267807.134  5009349.119  3221002.776
2022  62  28573 GPS  -2267807.132  5009349.115  3221002.780
2022  62  28574 GPS  -2267807.130  5009349.108  3221002.783
2022  62  28575 GPS  -2267807.127  5009349.104  3221002.786
2022  62  28576 GPS  -2267807.123  5009349.095  3221002.786
2022  62  28577 GPS  -2267807.114  5009349.092  3221002.786
2022  62  28578 GPS  -2267807.112  5009349.087  3221002.788
2022  62  28579 GPS  -2267807.103  5009349.076  3221002.786
2022  62  28580 GPS  -2267807.100  5009349.069  3221002.785
2022  62  28581 GPS  -2267807.094  5009349.061  3221002.785
2022  62  28582 GPS  -2267807.090  5009349.062  3221002.788
2022  62  28583 GPS  -2267807.087  5009349.055  3221002.785
2022  62  28584 GPS  -2267807.081  5009349.043  3221002.779
2022  62  28585 GPS  -2267807.078  5009349.037  3221002.777
2022  62  28586 GPS  -2267807.070  5009349.025  3221002.768
2022  62  28587 GPS  -2267807.066  5009349.019  3221002.760
2022  62  28588 GPS  -2267807.061  5009349.016  3221002.756
2022  62  28589 GPS  -2267807.054  5009349.008  3221002.748
2022  62  28590 GPS  -2267807.048  5009348.997  3221002.739
2022  62  28591 GPS  -2267807.043  5009348.995  3221002.731
2022  62  28592 GPS  -2267807.038  5009348.999  3221002.729
2022  62  28593 GPS  -2267807.037  5009349.001  3221002.727
2022  62  28594 GPS  -2267807.034  5009349.006  3221002.727
2022  62  28595 GPS  -2267807.030  5009349.008  3221002.723
2022  62  28596 GPS  -2267807.033  5009349.011  3221002.719
2022  62  28597 GPS  -2267807.028  5009349.009  3221002.710
2022  62  28598 GPS  -2267807.029  5009349.020  3221002.711
2022  62  28599 GPS  -2267807.034  5009349.029  3221002.711
2022  62  28600 GPS  -2267807.038  5009349.029  3221002.711
2022  62  28601 GPS  -2267807.037  5009349.032  3221002.709
2022  62  28602 GPS  -2267807.036  5009349.032  3221002.708
2022  62  28603 GPS  -2267807.041  5009349.036  3221002.712
2022  62  28604 GPS  -2267807.042  5009349.035  3221002.714
2022  62  28605 GPS  -2267807.038  5009349.045  3221002.719
2022  62  28606 GPS  -2267807.035  5009349.054  3221002.721
2022  62  28607 GPS  -2267807.034  5009349.057  3221002.723
2022  62  28608 GPS  -2267807.031  5009349.061  3221002.724
2022  62  28609 GPS  -2267807.031  5009349.062  3221002.726
2022  62  28610 GPS  -2267807.029  5009349.058  3221002.726
2022  62  28611 GPS  -2267807.028  5009349.052  3221002.730
2022  62  28612 GPS  -2267807.030  5009349.060  3221002.738
2022  62  28613 GPS  -2267807.031  5009349.057  3221002.736
2022  62  28614 GPS  -2267807.034  5009349.050  3221002.735
2022  62  28615 GPS  -2267807.034  5009349.039  3221002.735
2022  62  28616 GPS  -2267807.028  5009349.024  3221002.726
2022  62  28617 GPS  -2267807.024  5009349.020  3221002.724
2022  62  28618 GPS  -2267807.025  5009349.023  3221002.727
2022  62  28619 GPS  -2267807.027  5009349.028  3221002.726
2022  62  28620 GPS  -2267807.025  5009349.024  3221002.723
2022  62  28621 GPS  -2267807.022  5009349.017  3221002.722
2022  62  28622 GPS  -2267807.018  5009349.014  3221002.720
2022  62  28623 GPS  -2267807.016  5009349.004  3221002.715
2022  62  28624 GPS  -2267807.014  5009348.997  3221002.708
2022  62  28625 GPS  -2267807.012  5009348.999  3221002.706
2022  62  28626 GPS  -2267807.007  5009348.993  3221002.697
2022  62  28627 GPS  -2267807.005  5009348.990  3221002.693
2022  62  28628 GPS  -2267807.011  5009348.995  3221002.688
2022  62  28629 GPS  -2267807.009  5009348.994  3221002.682
2022  62  28630 GPS  -2267807.003  5009348.985  3221002.671
2022  62  28631 GPS  -2267807.003  5009348.983  3221002.669
2022  62  28632 GPS  -2267807.009  5009348.983  3221002.669
2022  62  28633 GPS  -2267807.010  5009348.989  3221002.668
2022  62  28634 GPS  -2267807.006  5009348.989  3221002.665
2022  62  28635 GPS  -2267807.002  5009348.991  3221002.657
2022  62  28636 GPS  -2267806.999  5009348.995  3221002.651
2022  62  28637 GPS  -2267806.998  5009349.002  3221002.645
2022  62  28638 GPS  -2267806.998  5009349.004  3221002.638
2022  62  28639 GPS  -2267806.998  5009349.004  3221002.636
2022  62  28640 GPS  -2267806.998  5009349.008  3221002.634
2022  62  28641 GPS  -2267806.994  5009349.007  3221002.626
2022  62  28642 GPS  -2267806.988  5009349.009  3221002.619
2022  62  28643 GPS  -2267806.986  5009349.013  3221002.614
2022  62  28644 GPS  -2267806.988  5009349.019  3221002.613
2022  62  28645 GPS  -2267806.986  5009349.021  3221002.606
2022  62  28646 GPS  -2267806.986  5009349.024  3221002.604
2022  62  28647 GPS  -2267806.989  5009349.028  3221002.605
2022  62  28648 GPS  -2267806.995  5009349.029  3221002.599
2022  62  28649 GPS  -2267807.002  5009349.041  3221002.601
2022  62  28650 GPS  -2267807.009  5009349.053  3221002.600
2022  62  28651 GPS  -2267807.017  5009349.060  3221002.598
2022  62  28652 GPS  -2267807.020  5009349.066  3221002.596
2022  62  28653 GPS  -2267807.022  5009349.072  3221002.593
2022  62  28654 GPS  -2267807.028  5009349.078  3221002.591
2022  62  28655 GPS  -2267807.033  5009349.087  3221002.591
2022  62  28656 GPS  -2267807.032  5009349.091  3221002.587
2022  62  28657 GPS  -2267807.034  5009349.101  3221002.587
2022  62  28658 GPS  -2267807.036  5009349.101  3221002.584
2022  62  28659 GPS  -2267807.032  5009349.096  3221002.576
2022  62  28660 GPS  -2267807.028  5009349.096  3221002.575
2022  62  28661 GPS  -2267807.030  5009349.086  3221002.565
2022  62  28662 GPS  -2267807.034  5009349.086  3221002.562
2022  62  28663 GPS  -2267807.035  5009349.088  3221002.559
2022  62  28664 GPS  -2267807.036  5009349.088  3221002.558
2022  62  28665 GPS  -2267807.036  5009349.079  3221002.552
2022  62  28666 GPS  -2267807.035  5009349.083  3221002.556
2022  62  28667 GPS  -2267807.025  5009349.068  3221002.548
2022  62  28668 GPS  -2267807.022  5009349.059  3221002.544
2022  62  28669 GPS  -2267807.017  5009349.054  3221002.539
2022  62  28670 GPS  -2267807.012  5009349.060  3221002.533
2022  62  28671 GPS  -2267807.007  5009349.061  3221002.528
2022  62  28672 GPS  -2267807.007  5009349.060  3221002.520
2022  62  28673 GPS  -2267807.007  5009349.055  3221002.510
2022  62  28674 GPS  -2267807.011  5009349.048  3221002.500
2022  62  28675 GPS  -2267807.011  5009349.036  3221002.491
2022  62  28676 GPS  -2267807.011  5009349.027  3221002.486
2022  62  28677 GPS  -2267807.007  5009349.018  3221002.477
2022  62  28678 GPS  -2267807.002  5009349.008  3221002.475
2022  62  28679 GPS  -2267807.003  5009348.997  3221002.464
2022  62  28680 GPS  -2267807.000  5009348.988  3221002.450
2022  62  28681 GPS  -2267806.995  5009348.976  3221002.437
2022  62  28682 GPS  -2267806.994  5009348.972  3221002.429
2022  62  28683 GPS  -2267806.988  5009348.967  3221002.426
2022  62  28684 GPS  -2267806.987  5009348.973  3221002.427
2022  62  28685 GPS  -2267806.985  5009348.958  3221002.411
2022  62  28686 GPS  -2267806.983  5009348.945  3221002.397
2022  62  28687 GPS  -2267806.980  5009348.933  3221002.385
2022  62  28688 GPS  -2267806.978  5009348.927  3221002.377
2022  62  28689 GPS  -2267806.978  5009348.920  3221002.367
2022  62  28690 GPS  -2267806.975  5009348.908  3221002.362
2022  62  28691 GPS  -2267806.977  5009348.902  3221002.358
2022  62  28692 GPS  -2267806.978  5009348.907  3221002.353
2022  62  28693 GPS  -2267806.970  5009348.900  3221002.340
2022  62  28694 GPS  -2267806.968  5009348.903  3221002.335
2022  62  28695 GPS  -2267806.966  5009348.906  3221002.331
2022  62  28696 GPS  -2267806.966  5009348.904  3221002.319
2022  62  28697 GPS  -2267806.961  5009348.897  3221002.312
2022  62  28698 GPS  -2267806.956  5009348.888  3221002.301
2022  62  28699 GPS  -2267806.949  5009348.878  3221002.283
2022  62  28700 GPS  -2267806.941  5009348.868  3221002.274
2022  62  28701 GPS  -2267806.937  5009348.868  3221002.267
2022  62  28702 GPS  -2267806.933  5009348.857  3221002.256
2022  62  28703 GPS  -2267806.927  5009348.855  3221002.247
2022  62  28704 GPS  -2267806.925  5009348.849  3221002.240
2022  62  28705 GPS  -2267806.920  5009348.844  3221002.234
2022  62  28706 GPS  -2267806.914  5009348.844  3221002.226
2022  62  28707 GPS  -2267806.910  5009348.843  3221002.222
2022  62  28708 GPS  -2267806.905  5009348.833  3221002.213
2022  62  28709 GPS  -2267806.902  5009348.827  3221002.201
2022  62  28710 GPS  -2267806.900  5009348.821  3221002.192
2022  62  28711 GPS  -2267806.898  5009348.815  3221002.185
2022  62  28712 GPS  -2267806.891  5009348.802  3221002.175
2022  62  28713 GPS  -2267806.889  5009348.792  3221002.167
2022  62  28714 GPS  -2267806.891  5009348.784  3221002.160
2022  62  28715 GPS  -2267806.891  5009348.784  3221002.160
2022  62  28716 GPS  -2267806.886  5009348.776  3221002.152
2022  62  28717 GPS  -2267806.887  5009348.777  3221002.152
2022  62  28718 GPS  -2267806.889  5009348.781  3221002.153
2022  62  28719 GPS  -2267806.883  5009348.771  3221002.151
2022  62  28720 GPS  -2267806.875  5009348.767  3221002.148
2022  62  28721 GPS  -2267806.868  5009348.756  3221002.143
2022  62  28722 GPS  -2267806.864  5009348.752  3221002.145
2022  62  28723 GPS  -2267806.862  5009348.748  3221002.147
2022  62  28724 GPS  -2267806.861  5009348.746  3221002.151
2022  62  28725 GPS  -2267806.859  5009348.742  3221002.150
2022  62  28726 GPS  -2267806.860  5009348.728  3221002.144
2022  62  28727 GPS  -2267806.863  5009348.721  3221002.143
2022  62  28728 GPS  -2267806.864  5009348.711  3221002.140
2022  62  28729 GPS  -2267806.865  5009348.705  3221002.134
2022  62  28730 GPS  -2267806.859  5009348.692  3221002.127
2022  62  28731 GPS  -2267806.855  5009348.678  3221002.123
2022  62  28732 GPS  -2267806.854  5009348.672  3221002.123
2022  62  28733 GPS  -2267806.851  5009348.664  3221002.122
2022  62  28734 GPS  -2267806.854  5009348.662  3221002.123
2022  62  28735 GPS  -2267806.856  5009348.658  3221002.123
2022  62  28736 GPS  -2267806.855  5009348.656  3221002.127
2022  62  28737 GPS  -2267806.856  5009348.654  3221002.130
2022  62  28738 GPS  -2267806.853  5009348.653  3221002.131
2022  62  28739 GPS  -2267806.853  5009348.653  3221002.134
2022  62  28740 GPS  -2267806.852  5009348.663  3221002.140
2022  62  28741 GPS  -2267806.850  5009348.675  3221002.147
2022  62  28742 GPS  -2267806.848  5009348.695  3221002.159
2022  62  28743 GPS  -2267806.849  5009348.702  3221002.168
2022  62  28744 GPS  -2267806.848  5009348.705  3221002.174
2022  62  28745 GPS  -2267806.845  5009348.708  3221002.176
2022  62  28746 GPS  -2267806.840  5009348.708  3221002.173
2022  62  28747 GPS  -2267806.840  5009348.712  3221002.172
2022  62  28748 GPS  -2267806.837  5009348.714  3221002.166
2022  62  28749 GPS  -2267806.832  5009348.713  3221002.161
2022  62  28750 GPS  -2267806.825  5009348.709  3221002.152
2022  62  28751 GPS  -2267806.824  5009348.695  3221002.139
2022  62  28752 GPS  -2267806.821  5009348.691  3221002.132
2022  62  28753 GPS  -2267806.817  5009348.687  3221002.125
2022  62  28754 GPS  -2267806.812  5009348.689  3221002.120
2022  62  28755 GPS  -2267806.811  5009348.695  3221002.117
2022  62  28756 GPS  -2267806.809  5009348.692  3221002.110
2022  62  28757 GPS  -2267806.806  5009348.689  3221002.105
2022  62  28758 GPS  -2267806.800  5009348.681  3221002.097
2022  62  28759 GPS  -2267806.796  5009348.673  3221002.091
2022  62  28760 GPS  -2267806.794  5009348.664  3221002.078
2022  62  28761 GPS  -2267806.789  5009348.655  3221002.072
2022  62  28762 GPS  -2267806.785  5009348.653  3221002.069
2022  62  28763 GPS  -2267806.777  5009348.643  3221002.062
2022  62  28764 GPS  -2267806.762  5009348.631  3221002.051
2022  62  28765 GPS  -2267806.754  5009348.614  3221002.035
2022  62  28766 GPS  -2267806.743  5009348.598  3221002.026
2022  62  28767 GPS  -2267806.738  5009348.588  3221002.018
2022  62  28768 GPS  -2267806.733  5009348.583  3221002.007
2022  62  28769 GPS  -2267806.731  5009348.578  3221002.000
2022  62  28770 GPS  -2267806.724  5009348.568  3221001.991
2022  62  28771 GPS  -2267806.719  5009348.556  3221001.982
2022  62  28772 GPS  -2267806.711  5009348.541  3221001.969
2022  62  28773 GPS  -2267806.705  5009348.524  3221001.955
2022  62  28774 GPS  -2267806.705  5009348.516  3221001.950
2022  62  28775 GPS  -2267806.701  5009348.505  3221001.943
2022  62  28776 GPS  -2267806.699  5009348.506  3221001.946
2022  62  28777 GPS  -2267806.698  5009348.508  3221001.944
2022  62  28778 GPS  -2267806.707  5009348.516  3221001.948
2022  62  28779 GPS  -2267806.711  5009348.531  3221001.958
2022  62  28780 GPS  -2267806.718  5009348.538  3221001.962
2022  62  28781 GPS  -2267806.723  5009348.545  3221001.963
2022  62  28782 GPS  -2267806.731  5009348.551  3221001.967
2022  62  28783 GPS  -2267806.734  5009348.550  3221001.970
2022  62  28784 GPS  -2267806.740  5009348.540  3221001.966
2022  62  28785 GPS  -2267806.741  5009348.541  3221001.966
2022  62  28786 GPS  -2267806.744  5009348.544  3221001.963
2022  62  28787 GPS  -2267806.748  5009348.541  3221001.960
2022  62  28788 GPS  -2267806.752  5009348.539  3221001.959
2022  62  28789 GPS  -2267806.755  5009348.542  3221001.961
2022  62  28790 GPS  -2267806.757  5009348.545  3221001.963
2022  62  28791 GPS  -2267806.753  5009348.551  3221001.968
2022  62  28792 GPS  -2267806.749  5009348.558  3221001.973
2022  62  28793 GPS  -2267806.744  5009348.562  3221001.976
2022  62  28794 GPS  -2267806.741  5009348.559  3221001.979
2022  62  28795 GPS  -2267806.741  5009348.558  3221001.979
2022  62  28796 GPS  -2267806.741  5009348.568  3221001.988
2022  62  28797 GPS  -2267806.738  5009348.567  3221001.996
2022  62  28798 GPS  -2267806.739  5009348.564  3221001.999
2022  62  28799 GPS  -2267806.739  5009348.557  3221001.998
2022  62  28800 GPS  -2267806.734  5009348.545  3221001.991
2022  62  28801 GPS  -2267806.729  5009348.543  3221001.995
2022  62  28802 GPS  -2267806.726  5009348.550  3221002.000
2022  62  28803 GPS  -2267806.720  5009348.543  3221002.006
2022  62  28804 GPS  -2267806.719  5009348.545  3221002.012
2022  62  28805 GPS  -2267806.716  5009348.552  3221002.014
2022  62  28806 GPS  -2267806.715  5009348.553  3221002.019
2022  62  28807 GPS  -2267806.713  5009348.546  3221002.017
2022  62  28808 GPS  -2267806.715  5009348.535  3221002.009
2022  62  28809 GPS  -2267806.711  5009348.523  3221002.008
2022  62  28810 GPS  -2267806.706  5009348.518  3221002.012
2022  62  28811 GPS  -2267806.697  5009348.504  3221002.011
2022  62  28812 GPS  -2267806.691  5009348.500  3221002.015
2022  62  28813 GPS  -2267806.688  5009348.490  3221002.015
2022  62  28814 GPS  -2267806.688  5009348.489  3221002.018
2022  62  28815 GPS  -2267806.687  5009348.491  3221002.026
2022  62  28816 GPS  -2267806.576  5009348.560  3221002.151
2022  62  28817 GPS  -2267806.577  5009348.570  3221002.156
2022  62  28818 GPS  -2267806.577  5009348.580  3221002.162
2022  62  28819 GPS  -2267806.572  5009348.587  3221002.165
2022  62  28820 GPS  -2267806.575  5009348.591  3221002.167
2022  62  28821 GPS  -2267806.574  5009348.603  3221002.171
2022  62  28822 GPS  -2267806.578  5009348.615  3221002.176
2022  62  28823 GPS  -2267806.582  5009348.638  3221002.191
2022  62  28824 GPS  -2267806.585  5009348.650  3221002.202
2022  62  28825 GPS  -2267806.586  5009348.650  3221002.201
2022  62  28826 GPS  -2267806.585  5009348.654  3221002.202
2022  62  28827 GPS  -2267806.582  5009348.651  3221002.196
2022  62  28828 GPS  -2267806.575  5009348.638  3221002.188
2022  62  28829 GPS  -2267806.569  5009348.626  3221002.185
2022  62  28830 GPS  -2267806.563  5009348.617  3221002.186
2022  62  28831 GPS  -2267806.564  5009348.606  3221002.183
2022  62  28832 GPS  -2267806.560  5009348.593  3221002.179
2022  62  28833 GPS  -2267806.560  5009348.593  3221002.179
2022  62  28834 GPS  -2267806.553  5009348.589  3221002.179
2022  62  28835 GPS  -2267806.558  5009348.594  3221002.183
2022  62  28836 GPS  -2267806.554  5009348.602  3221002.186
2022  62  28837 GPS  -2267806.551  5009348.608  3221002.185
2022  62  28838 GPS  -2267806.544  5009348.609  3221002.185
2022  62  28839 GPS  -2267806.540  5009348.613  3221002.184
2022  62  28840 GPS  -2267806.537  5009348.613  3221002.182
2022  62  28841 GPS  -2267806.537  5009348.620  3221002.184
2022  62  28842 GPS  -2267806.534  5009348.617  3221002.183
2022  62  28843 GPS  -2267806.534  5009348.617  3221002.189
2022  62  28844 GPS  -2267806.534  5009348.612  3221002.186
2022  62  28845 GPS  -2267806.536  5009348.606  3221002.178
2022  62  28846 GPS  -2267806.540  5009348.605  3221002.175
2022  62  28847 GPS  -2267806.539  5009348.609  3221002.176
2022  62  28848 GPS  -2267806.532  5009348.596  3221002.167
2022  62  28849 GPS  -2267806.531  5009348.591  3221002.160
2022  62  28850 GPS  -2267806.525  5009348.589  3221002.161
2022  62  28851 GPS  -2267806.526  5009348.587  3221002.164
2022  62  28852 GPS  -2267806.525  5009348.576  3221002.158
2022  62  28853 GPS  -2267806.521  5009348.575  3221002.156
2022  62  28854 GPS  -2267806.527  5009348.580  3221002.159
2022  62  28855 GPS  -2267806.526  5009348.585  3221002.160
2022  62  28856 GPS  -2267806.525  5009348.589  3221002.161
2022  62  28857 GPS  -2267806.522  5009348.586  3221002.156
2022  62  28858 GPS  -2267806.523  5009348.590  3221002.158
2022  62  28859 GPS  -2267806.519  5009348.593  3221002.157
2022  62  28860 GPS  -2267806.517  5009348.601  3221002.158
2022  62  28861 GPS  -2267806.514  5009348.600  3221002.160
2022  62  28862 GPS  -2267806.509  5009348.590  3221002.153
2022  62  28863 GPS  -2267806.507  5009348.595  3221002.153
2022  62  28864 GPS  -2267806.507  5009348.598  3221002.154
2022  62  28865 GPS  -2267806.502  5009348.591  3221002.150
2022  62  28866 GPS  -2267806.496  5009348.585  3221002.141
2022  62  28867 GPS  -2267806.495  5009348.581  3221002.140
2022  62  28868 GPS  -2267806.493  5009348.573  3221002.139
2022  62  28869 GPS  -2267806.495  5009348.575  3221002.142
2022  62  28870 GPS  -2267806.499  5009348.574  3221002.145
2022  62  28871 GPS  -2267806.507  5009348.577  3221002.148
2022  62  28872 GPS  -2267806.512  5009348.585  3221002.152
2022  62  28873 GPS  -2267806.515  5009348.587  3221002.146
2022  62  28874 GPS  -2267806.517  5009348.586  3221002.148
2022  62  28875 GPS  -2267806.514  5009348.583  3221002.144
2022  62  28876 GPS  -2267806.509  5009348.581  3221002.145
2022  62  28877 GPS  -2267806.507  5009348.576  3221002.141
2022  62  28878 GPS  -2267806.505  5009348.576  3221002.139
2022  62  28879 GPS  -2267806.503  5009348.575  3221002.138
2022  62  28880 GPS  -2267806.496  5009348.559  3221002.129
2022  62  28881 GPS  -2267806.495  5009348.560  3221002.126
2022  62  28882 GPS  -2267806.490  5009348.556  3221002.126
2022  62  28883 GPS  -2267806.481  5009348.549  3221002.120
2022  62  28884 GPS  -2267806.474  5009348.545  3221002.119
2022  62  28885 GPS  -2267806.465  5009348.533  3221002.111
2022  62  28886 GPS  -2267806.452  5009348.518  3221002.105
2022  62  28887 GPS  -2267806.444  5009348.508  3221002.103
2022  62  28888 GPS  -2267806.444  5009348.507  3221002.108
2022  62  28889 GPS  -2267806.442  5009348.507  3221002.111
2022  62  28890 GPS  -2267806.448  5009348.509  3221002.115
2022  62  28891 GPS  -2267806.449  5009348.511  3221002.118
2022  62  28892 GPS  -2267806.450  5009348.511  3221002.124
2022  62  28893 GPS  -2267806.447  5009348.511  3221002.132
2022  62  28894 GPS  -2267806.439  5009348.511  3221002.140
2022  62  28895 GPS  -2267806.429  5009348.506  3221002.141
2022  62  28896 GPS  -2267806.424  5009348.500  3221002.137
2022  62  28897 GPS  -2267806.418  5009348.490  3221002.133
2022  62  28898 GPS  -2267806.410  5009348.481  3221002.123
2022  62  28899 GPS  -2267806.403  5009348.469  3221002.118
2022  62  28900 GPS  -2267806.399  5009348.455  3221002.110
2022  62  28901 GPS  -2267806.391  5009348.451  3221002.103
2022  62  28902 GPS  -2267806.385  5009348.439  3221002.095
2022  62  28903 GPS  -2267806.379  5009348.425  3221002.083
2022  62  28904 GPS  -2267806.372  5009348.419  3221002.076
2022  62  28905 GPS  -2267806.367  5009348.417  3221002.070
2022  62  28906 GPS  -2267806.364  5009348.409  3221002.063
2022  62  28907 GPS  -2267806.362  5009348.404  3221002.059
2022  62  28908 GPS  -2267806.361  5009348.404  3221002.059
2022  62  28909 GPS  -2267806.363  5009348.402  3221002.060
2022  62  28910 GPS  -2267806.363  5009348.395  3221002.055
2022  62  28911 GPS  -2267806.360  5009348.385  3221002.053
2022  62  28912 GPS  -2267806.358  5009348.369  3221002.040
2022  62  28913 GPS  -2267806.356  5009348.353  3221002.029
2022  62  28914 GPS  -2267806.350  5009348.336  3221002.019
2022  62  28915 GPS  -2267806.341  5009348.314  3221002.005
2022  62  28916 GPS  -2267806.336  5009348.294  3221001.990
2022  62  28917 GPS  -2267806.332  5009348.283  3221001.979
2022  62  28918 GPS  -2267806.329  5009348.267  3221001.963
2022  62  28919 GPS  -2267806.324  5009348.261  3221001.957
2022  62  28920 GPS  -2267806.322  5009348.259  3221001.947
2022  62  28921 GPS  -2267806.318  5009348.251  3221001.935
2022  62  28922 GPS  -2267806.322  5009348.257  3221001.934
2022  62  28923 GPS  -2267806.321  5009348.256  3221001.924
2022  62  28924 GPS  -2267806.317  5009348.242  3221001.909
2022  62  28925 GPS  -2267806.314  5009348.236  3221001.902
2022  62  28926 GPS  -2267806.316  5009348.237  3221001.898
2022  62  28927 GPS  -2267806.321  5009348.235  3221001.891
2022  62  28928 GPS  -2267806.321  5009348.232  3221001.882
2022  62  28929 GPS  -2267806.321  5009348.226  3221001.871
2022  62  28930 GPS  -2267806.330  5009348.221  3221001.859
2022  62  28931 GPS  -2267806.336  5009348.212  3221001.847
2022  62  28932 GPS  -2267806.343  5009348.211  3221001.842
2022  62  28933 GPS  -2267806.342  5009348.209  3221001.832
2022  62  28934 GPS  -2267806.343  5009348.219  3221001.832
2022  62  28935 GPS  -2267806.346  5009348.213  3221001.826
2022  62  28936 GPS  -2267806.349  5009348.210  3221001.820
2022  62  28937 GPS  -2267806.351  5009348.208  3221001.811
2022  62  28938 GPS  -2267806.356  5009348.202  3221001.804
2022  62  28939 GPS  -2267806.355  5009348.194  3221001.794
2022  62  28940 GPS  -2267806.353  5009348.188  3221001.785
2022  62  28941 GPS  -2267806.351  5009348.181  3221001.775
2022  62  28942 GPS  -2267806.343  5009348.166  3221001.764
2022  62  28943 GPS  -2267806.340  5009348.151  3221001.753
2022  62  28944 GPS  -2267806.339  5009348.148  3221001.750
2022  62  28945 GPS  -2267806.336  5009348.141  3221001.745
2022  62  28946 GPS  -2267806.331  5009348.127  3221001.738
2022  62  28947 GPS  -2267806.324  5009348.114  3221001.733
2022  62  28948 GPS  -2267806.315  5009348.101  3221001.726
2022  62  28949 GPS  -2267806.312  5009348.091  3221001.718
2022  62  28950 GPS  -2267806.304  5009348.075  3221001.708
2022  62  28951 GPS  -2267806.297  5009348.054  3221001.693
2022  62  28952 GPS  -2267806.294  5009348.046  3221001.686
2022  62  28953 GPS  -2267806.293  5009348.032  3221001.676
2022  62  28954 GPS  -2267806.289  5009348.020  3221001.666
2022  62  28955 GPS  -2267806.282  5009348.004  3221001.658
2022  62  28956 GPS  -2267806.282  5009348.000  3221001.657
2022  62  28957 GPS  -2267806.276  5009347.997  3221001.651
2022  62  28958 GPS  -2267806.277  5009348.000  3221001.651
2022  62  28959 GPS  -2267806.271  5009347.987  3221001.646
2022  62  28960 GPS  -2267806.277  5009347.988  3221001.642
2022  62  28961 GPS  -2267806.277  5009347.988  3221001.637
2022  62  28962 GPS  -2267806.274  5009347.979  3221001.632
2022  62  28963 GPS  -2267806.274  5009347.975  3221001.627
2022  62  28964 GPS  -2267806.268  5009347.970  3221001.626
2022  62  28965 GPS  -2267806.262  5009347.972  3221001.622
2022  62  28966 GPS  -2267806.259  5009347.978  3221001.624
2022  62  28967 GPS  -2267806.259  5009347.983  3221001.625
2022  62  28968 GPS  -2267806.262  5009347.983  3221001.620
2022  62  28969 GPS  -2267806.260  5009347.974  3221001.612
2022  62  28970 GPS  -2267806.261  5009347.976  3221001.606
2022  62  28971 GPS  -2267806.263  5009347.983  3221001.606
2022  62  28972 GPS  -2267806.264  5009347.994  3221001.610
2022  62  28973 GPS  -2267806.270  5009348.004  3221001.611
2022  62  28974 GPS  -2267806.276  5009348.017  3221001.610
2022  62  28975 GPS  -2267806.284  5009348.033  3221001.615
2022  62  28976 GPS  -2267806.290  5009348.048  3221001.622
2022  62  28977 GPS  -2267806.296  5009348.059  3221001.619
2022  62  28978 GPS  -2267806.297  5009348.062  3221001.614
2022  62  28979 GPS  -2267806.298  5009348.072  3221001.618
2022  62  28980 GPS  -2267806.297  5009348.078  3221001.620
2022  62  28981 GPS  -2267806.294  5009348.077  3221001.622
2022  62  28982 GPS  -2267806.289  5009348.072  3221001.621
2022  62  28983 GPS  -2267806.291  5009348.076  3221001.621
2022  62  28984 GPS  -2267806.293  5009348.068  3221001.624
2022  62  28985 GPS  -2267806.295  5009348.069  3221001.624
2022  62  28986 GPS  -2267806.294  5009348.071  3221001.628
2022  62  28987 GPS  -2267806.288  5009348.063  3221001.623
2022  62  28988 GPS  -2267806.279  5009348.052  3221001.620
2022  62  28989 GPS  -2267806.275  5009348.057  3221001.624
2022  62  28990 GPS  -2267806.265  5009348.057  3221001.625
2022  62  28991 GPS  -2267806.255  5009348.051  3221001.626
2022  62  28992 GPS  -2267806.250  5009348.044  3221001.627
2022  62  28993 GPS  -2267806.244  5009348.036  3221001.628
2022  62  28994 GPS  -2267806.236  5009348.025  3221001.625
2022  62  28995 GPS  -2267806.224  5009348.012  3221001.620
2022  62  28996 GPS  -2267806.218  5009348.003  3221001.613
2022  62  28997 GPS  -2267806.214  5009347.990  3221001.610
2022  62  28998 GPS  -2267806.210  5009347.985  3221001.609
2022  62  28999 GPS  -2267806.206  5009347.984  3221001.609
2022  62  29000 GPS  -2267806.201  5009347.981  3221001.610
2022  62  29001 GPS  -2267806.198  5009347.978  3221001.613
2022  62  29002 GPS  -2267806.196  5009347.979  3221001.615
2022  62  29003 GPS  -2267806.198  5009347.975  3221001.610
2022  62  29004 GPS  -2267806.195  5009347.970  3221001.606
2022  62  29005 GPS  -2267806.191  5009347.959  3221001.598
2022  62  29006 GPS  -2267806.185  5009347.949  3221001.591
2022  62  29007 GPS  -2267806.183  5009347.950  3221001.586
2022  62  29008 GPS  -2267806.177  5009347.950  3221001.586
2022  62  29009 GPS  -2267806.174  5009347.953  3221001.583
2022  62  29010 GPS  -2267806.175  5009347.962  3221001.585
2022  62  29011 GPS  -2267806.173  5009347.970  3221001.584
2022  62  29012 GPS  -2267806.166  5009347.968  3221001.577
2022  62  29013 GPS  -2267806.162  5009347.967  3221001.567
2022  62  29014 GPS  -2267806.157  5009347.962  3221001.555
2022  62  29015 GPS  -2267806.150  5009347.950  3221001.541
2022  62  29016 GPS  -2267806.145  5009347.947  3221001.540
2022  62  29017 GPS  -2267806.139  5009347.938  3221001.534
2022  62  29018 GPS  -2267806.140  5009347.924  3221001.528
2022  62  29019 GPS  -2267806.146  5009347.921  3221001.525
2022  62  29020 GPS  -2267806.145  5009347.921  3221001.526
2022  62  29021 GPS  -2267806.147  5009347.913  3221001.525
2022  62  29022 GPS  -2267806.145  5009347.900  3221001.520
2022  62  29023 GPS  -2267806.150  5009347.894  3221001.519
2022  62  29024 GPS  -2267806.156  5009347.902  3221001.523
2022  62  29025 GPS  -2267806.156  5009347.899  3221001.522
2022  62  29026 GPS  -2267806.158  5009347.896  3221001.523
2022  62  29027 GPS  -2267806.154  5009347.886  3221001.519
2022  62  29028 GPS  -2267806.151  5009347.880  3221001.523
2022  62  29029 GPS  -2267806.155  5009347.881  3221001.530
2022  62  29030 GPS  -2267806.162  5009347.876  3221001.534
2022  62  29031 GPS  -2267806.164  5009347.874  3221001.539
2022  62  29032 GPS  -2267806.164  5009347.871  3221001.542
2022  62  29033 GPS  -2267806.166  5009347.868  3221001.547
2022  62  29034 GPS  -2267806.165  5009347.866  3221001.552
2022  62  29035 GPS  -2267806.163  5009347.863  3221001.554
2022  62  29036 GPS  -2267806.157  5009347.846  3221001.550
2022  62  29037 GPS  -2267806.147  5009347.839  3221001.548
2022  62  29038 GPS  -2267806.143  5009347.841  3221001.546
2022  62  29039 GPS  -2267806.140  5009347.846  3221001.542
2022  62  29040 GPS  -2267806.136  5009347.848  3221001.541
2022  62  29041 GPS  -2267806.133  5009347.843  3221001.535
2022  62  29042 GPS  -2267806.134  5009347.846  3221001.535
2022  62  29043 GPS  -2267806.138  5009347.853  3221001.531
2022  62  29044 GPS  -2267806.137  5009347.851  3221001.527
2022  62  29045 GPS  -2267806.136  5009347.848  3221001.519
2022  62  29046 GPS  -2267806.135  5009347.850  3221001.519
2022  62  29047 GPS  -2267806.133  5009347.846  3221001.512
2022  62  29048 GPS  -2267806.130  5009347.839  3221001.504
2022  62  29049 GPS  -2267806.130  5009347.844  3221001.500
2022  62  29050 GPS  -2267806.132  5009347.843  3221001.494
2022  62  29051 GPS  -2267806.136  5009347.851  3221001.493
2022  62  29052 GPS  -2267806.133  5009347.858  3221001.492
2022  62  29053 GPS  -2267806.132  5009347.863  3221001.495
2022  62  29054 GPS  -2267805.781  5009347.585  3221001.441
2022  62  29055 GPS  -2267805.783  5009347.600  3221001.449
2022  62  29056 GPS  -2267805.781  5009347.608  3221001.454
2022  62  29057 GPS  -2267805.777  5009347.617  3221001.459
2022  62  29058 GPS  -2267805.777  5009347.620  3221001.465
2022  62  29059 GPS  -2267805.769  5009347.619  3221001.464
2022  62  29060 GPS  -2267805.768  5009347.622  3221001.470
2022  62  29061 GPS  -2267805.767  5009347.622  3221001.470
2022  62  29062 GPS  -2267805.765  5009347.622  3221001.473
2022  62  29063 GPS  -2267805.762  5009347.616  3221001.474
2022  62  29064 GPS  -2267805.761  5009347.617  3221001.483
2022  62  29065 GPS  -2267805.765  5009347.613  3221001.489
2022  62  29066 GPS  -2267805.767  5009347.610  3221001.489
2022  62  29067 GPS  -2267805.766  5009347.606  3221001.492
2022  62  29068 GPS  -2267805.763  5009347.604  3221001.492
2022  62  29069 GPS  -2267805.764  5009347.606  3221001.492
2022  62  29070 GPS  -2267805.765  5009347.608  3221001.499
2022  62  29071 GPS  -2267805.767  5009347.608  3221001.507
2022  62  29072 GPS  -2267805.770  5009347.611  3221001.515
2022  62  29073 GPS  -2267805.771  5009347.615  3221001.524
2022  62  29074 GPS  -2267805.769  5009347.621  3221001.531
2022  62  29075 GPS  -2267805.769  5009347.618  3221001.536
2022  62  29076 GPS  -2267805.771  5009347.618  3221001.541
2022  62  29077 GPS  -2267805.777  5009347.621  3221001.552
2022  62  29078 GPS  -2267805.779  5009347.624  3221001.561
2022  62  29079 GPS  -2267805.785  5009347.631  3221001.568
2022  62  29080 GPS  -2267805.783  5009347.637  3221001.578
2022  62  29081 GPS  -2267805.784  5009347.640  3221001.579
2022  62  29082 GPS  -2267805.782  5009347.641  3221001.583
2022  62  29083 GPS  -2267805.785  5009347.643  3221001.589
2022  62  29084 GPS  -2267805.794  5009347.652  3221001.591
2022  62  29085 GPS  -2267805.800  5009347.650  3221001.586
2022  62  29086 GPS  -2267805.806  5009347.659  3221001.589
2022  62  29087 GPS  -2267805.804  5009347.660  3221001.589
2022  62  29088 GPS  -2267805.798  5009347.659  3221001.590
2022  62  29089 GPS  -2267805.797  5009347.657  3221001.587
2022  62  29090 GPS  -2267805.798  5009347.653  3221001.584
2022  62  29091 GPS  -2267805.798  5009347.655  3221001.578
2022  62  29092 GPS  -2267805.802  5009347.663  3221001.583
2022  62  29093 GPS  -2267805.805  5009347.676  3221001.587
2022  62  29094 GPS  -2267805.803  5009347.678  3221001.584
2022  62  29095 GPS  -2267805.807  5009347.674  3221001.576
2022  62  29096 GPS  -2267805.813  5009347.683  3221001.576
2022  62  29097 GPS  -2267805.816  5009347.683  3221001.572
2022  62  29098 GPS  -2267805.823  5009347.682  3221001.566
2022  62  29099 GPS  -2267805.826  5009347.678  3221001.558
2022  62  29100 GPS  -2267805.828  5009347.678  3221001.552
2022  62  29101 GPS  -2267805.829  5009347.675  3221001.546
2022  62  29102 GPS  -2267805.828  5009347.673  3221001.540
2022  62  29103 GPS  -2267805.825  5009347.675  3221001.536
2022  62  29104 GPS  -2267805.825  5009347.676  3221001.533
2022  62  29105 GPS  -2267805.826  5009347.680  3221001.531
2022  62  29106 GPS  -2267805.825  5009347.682  3221001.528
2022  62  29107 GPS  -2267805.820  5009347.681  3221001.527
2022  62  29108 GPS  -2267805.817  5009347.681  3221001.527
2022  62  29109 GPS  -2267805.814  5009347.682  3221001.528
2022  62  29110 GPS  -2267805.818  5009347.687  3221001.527
2022  62  29111 GPS  -2267805.819  5009347.693  3221001.532
2022  62  29112 GPS  -2267805.820  5009347.692  3221001.534
2022  62  29113 GPS  -2267805.821  5009347.695  3221001.537
2022  62  29114 GPS  -2267805.826  5009347.705  3221001.540
2022  62  29115 GPS  -2267805.824  5009347.711  3221001.541
2022  62  29116 GPS  -2267805.822  5009347.718  3221001.543
2022  62  29117 GPS  -2267805.821  5009347.729  3221001.544
2022  62  29118 GPS  -2267805.818  5009347.732  3221001.544
2022  62  29119 GPS  -2267805.811  5009347.721  3221001.538
2022  62  29120 GPS  -2267805.809  5009347.713  3221001.534
2022  62  29121 GPS  -2267805.805  5009347.702  3221001.524
2022  62  29122 GPS  -2267805.797  5009347.686  3221001.513
2022  62  29123 GPS  -2267805.796  5009347.671  3221001.495
2022  62  29124 GPS  -2267805.794  5009347.654  3221001.478
2022  62  29125 GPS  -2267805.794  5009347.637  3221001.465
2022  62  29126 GPS  -2267805.798  5009347.629  3221001.452
2022  62  29127 GPS  -2267805.796  5009347.615  3221001.430
2022  62  29128 GPS  -2267805.787  5009347.595  3221001.409
2022  62  29129 GPS  -2267805.781  5009347.571  3221001.387
2022  62  29130 GPS  -2267805.774  5009347.548  3221001.364
2022  62  29131 GPS  -2267805.773  5009347.533  3221001.347
2022  62  29132 GPS  -2267805.770  5009347.520  3221001.330
2022  62  29133 GPS  -2267805.772  5009347.509  3221001.312
2022  62  29134 GPS  -2267805.769  5009347.490  3221001.289
2022  62  29135 GPS  -2267805.766  5009347.469  3221001.268
2022  62  29136 GPS  -2267805.765  5009347.450  3221001.249
2022  62  29137 GPS  -2267805.765  5009347.429  3221001.230
2022  62  29138 GPS  -2267805.766  5009347.411  3221001.211
2022  62  29139 GPS  -2267805.765  5009347.394  3221001.192
2022  62  29140 GPS  -2267805.763  5009347.376  3221001.170
2022  62  29141 GPS  -2267805.759  5009347.365  3221001.152
2022  62  29142 GPS  -2267805.757  5009347.359  3221001.138
2022  62  29143 GPS  -2267805.754  5009347.347  3221001.117
2022  62  29144 GPS  -2267805.749  5009347.338  3221001.103
2022  62  29145 GPS  -2267805.747  5009347.324  3221001.084
2022  62  29146 GPS  -2267805.746  5009347.316  3221001.073
2022  62  29147 GPS  -2267805.742  5009347.312  3221001.059
2022  62  29148 GPS  -2267805.735  5009347.301  3221001.044
2022  62  29149 GPS  -2267805.730  5009347.298  3221001.028
2022  62  29150 GPS  -2267805.724  5009347.287  3221001.010
2022  62  29151 GPS  -2267805.723  5009347.290  3221001.001
2022  62  29152 GPS  -2267805.719  5009347.288  3221000.988
2022  62  29153 GPS  -2267805.711  5009347.292  3221000.977
2022  62  29154 GPS  -2267805.706  5009347.291  3221000.965
2022  62  29155 GPS  -2267805.702  5009347.285  3221000.953
2022  62  29156 GPS  -2267805.704  5009347.282  3221000.939
2022  62  29157 GPS  -2267805.702  5009347.284  3221000.926
2022  62  29158 GPS  -2267805.697  5009347.289  3221000.915
2022  62  29159 GPS  -2267805.688  5009347.284  3221000.903
2022  62  29160 GPS  -2267805.684  5009347.285  3221000.895
2022  62  29161 GPS  -2267805.676  5009347.279  3221000.883
2022  62  29162 GPS  -2267805.672  5009347.281  3221000.868
2022  62  29163 GPS  -2267805.675  5009347.287  3221000.859
2022  62  29164 GPS  -2267805.678  5009347.300  3221000.853
2022  62  29165 GPS  -2267805.675  5009347.313  3221000.851
2022  62  29166 GPS  -2267805.672  5009347.324  3221000.847
2022  62  29167 GPS  -2267805.672  5009347.340  3221000.848
2022  62  29168 GPS  -2267805.669  5009347.344  3221000.840
2022  62  29169 GPS  -2267805.667  5009347.351  3221000.837
2022  62  29170 GPS  -2267805.666  5009347.355  3221000.832
2022  62  29171 GPS  -2267805.660  5009347.354  3221000.822
2022  62  29172 GPS  -2267805.660  5009347.359  3221000.818
2022  62  29173 GPS  -2267805.656  5009347.364  3221000.814
2022  62  29174 GPS  -2267805.655  5009347.369  3221000.812
2022  62  29175 GPS  -2267805.655  5009347.376  3221000.810
2022  62  29176 GPS  -2267805.655  5009347.381  3221000.809
2022  62  29177 GPS  -2267805.659  5009347.380  3221000.802
2022  62  29178 GPS  -2267805.662  5009347.392  3221000.804
2022  62  29179 GPS  -2267805.662  5009347.404  3221000.805
2022  62  29180 GPS  -2267805.666  5009347.409  3221000.804
2022  62  29181 GPS  -2267805.667  5009347.413  3221000.801
2022  62  29182 GPS  -2267805.669  5009347.417  3221000.798
2022  62  29183 GPS  -2267805.672  5009347.416  3221000.798
2022  62  29184 GPS  -2267805.676  5009347.412  3221000.796
2022  62  29185 GPS  -2267805.674  5009347.405  3221000.789
2022  62  29186 GPS  -2267805.667  5009347.399  3221000.785
2022  62  29187 GPS  -2267805.664  5009347.387  3221000.777
2022  62  29188 GPS  -2267805.665  5009347.391  3221000.778
2022  62  29189 GPS  -2267805.657  5009347.384  3221000.774
2022  62  29190 GPS  -2267805.645  5009347.372  3221000.770
2022  62  29191 GPS  -2267805.639  5009347.374  3221000.768
2022  62  29192 GPS  -2267805.639  5009347.385  3221000.770
2022  62  29193 GPS  -2267805.634  5009347.387  3221000.771
2022  62  29194 GPS  -2267805.628  5009347.370  3221000.764
2022  62  29195 GPS  -2267805.625  5009347.362  3221000.762
2022  62  29196 GPS  -2267805.629  5009347.355  3221000.759
2022  62  29197 GPS  -2267805.626  5009347.345  3221000.757
2022  62  29198 GPS  -2267805.620  5009347.335  3221000.752
2022  62  29199 GPS  -2267805.616  5009347.328  3221000.753
2022  62  29200 GPS  -2267805.609  5009347.316  3221000.752
2022  62  29201 GPS  -2267805.597  5009347.312  3221000.757
2022  62  29202 GPS  -2267805.583  5009347.302  3221000.757
2022  62  29203 GPS  -2267805.576  5009347.294  3221000.757
2022  62  29204 GPS  -2267805.569  5009347.293  3221000.757
2022  62  29205 GPS  -2267805.676  5009348.592  3221001.041
2022  62  29206 GPS  -2267805.669  5009348.582  3221001.043
2022  62  29207 GPS  -2267805.659  5009348.576  3221001.047
2022  62  29208 GPS  -2267805.651  5009348.563  3221001.045
2022  62  29209 GPS  -2267805.642  5009348.552  3221001.038
2022  62  29210 GPS  -2267805.637  5009348.548  3221001.035
2022  62  29211 GPS  -2267805.637  5009348.550  3221001.040
2022  62  29212 GPS  -2267805.627  5009348.538  3221001.037
2022  62  29213 GPS  -2267805.615  5009348.529  3221001.036
2022  62  29214 GPS  -2267805.609  5009348.525  3221001.039
2022  62  29215 GPS  -2267805.604  5009348.517  3221001.042
2022  62  29216 GPS  -2267805.604  5009348.522  3221001.052
2022  62  29217 GPS  -2267805.605  5009348.525  3221001.059
2022  62  29218 GPS  -2267805.604  5009348.531  3221001.066
2022  62  29219 GPS  -2267805.604  5009348.529  3221001.075
2022  62  29220 GPS  -2267805.597  5009348.525  3221001.071
2022  62  29221 GPS  -2267805.601  5009348.532  3221001.078
2022  62  29222 GPS  -2267805.600  5009348.530  3221001.075
2022  62  29223 GPS  -2267805.597  5009348.517  3221001.068
2022  62  29224 GPS  -2267805.594  5009348.513  3221001.061
2022  62  29225 GPS  -2267805.593  5009348.505  3221001.052
2022  62  29226 GPS  -2267805.587  5009348.497  3221001.049
2022  62  29227 GPS  -2267805.587  5009348.498  3221001.046
2022  62  29228 GPS  -2267805.583  5009348.490  3221001.035
2022  62  29229 GPS  -2267805.575  5009348.485  3221001.024
2022  62  29230 GPS  -2267805.569  5009348.490  3221001.021
2022  62  29231 GPS  -2267805.561  5009348.482  3221001.015
2022  62  29232 GPS  -2267805.556  5009348.477  3221001.010
2022  62  29233 GPS  -2267805.557  5009348.473  3221001.005
2022  62  29234 GPS  -2267805.551  5009348.466  3221001.000
2022  62  29235 GPS  -2267805.548  5009348.451  3221000.987
2022  62  29236 GPS  -2267805.548  5009348.458  3221000.987
2022  62  29237 GPS  -2267805.544  5009348.448  3221000.982
2022  62  29238 GPS  -2267805.541  5009348.446  3221000.981
2022  62  29239 GPS  -2267805.540  5009348.450  3221000.980
2022  62  29240 GPS  -2267805.536  5009348.450  3221000.983
2022  62  29241 GPS  -2267805.535  5009348.448  3221000.986
2022  62  29242 GPS  -2267805.533  5009348.443  3221000.986
2022  62  29243 GPS  -2267805.529  5009348.442  3221000.994
2022  62  29244 GPS  -2267805.524  5009348.436  3221000.995
2022  62  29245 GPS  -2267805.520  5009348.434  3221000.996
2022  62  29246 GPS  -2267805.518  5009348.440  3221001.003
2022  62  29247 GPS  -2267805.518  5009348.441  3221001.006
2022  62  29248 GPS  -2267805.517  5009348.443  3221001.009
2022  62  29249 GPS  -2267805.516  5009348.442  3221001.006
2022  62  29250 GPS  -2267805.513  5009348.433  3221001.002
2022  62  29251 GPS  -2267805.518  5009348.432  3221001.007
2022  62  29252 GPS  -2267805.521  5009348.438  3221001.012
2022  62  29253 GPS  -2267805.524  5009348.447  3221001.021
2022  62  29254 GPS  -2267805.529  5009348.458  3221001.024
2022  62  29255 GPS  -2267805.533  5009348.468  3221001.026
2022  62  29256 GPS  -2267805.541  5009348.481  3221001.028
2022  62  29257 GPS  -2267805.545  5009348.490  3221001.033
2022  62  29258 GPS  -2267805.550  5009348.496  3221001.033
2022  62  29259 GPS  -2267805.557  5009348.514  3221001.034
2022  62  29260 GPS  -2267805.563  5009348.522  3221001.031
2022  62  29261 GPS  -2267805.571  5009348.531  3221001.031
2022  62  29262 GPS  -2267805.572  5009348.524  3221001.023
2022  62  29263 GPS  -2267805.579  5009348.527  3221001.021
2022  62  29264 GPS  -2267805.581  5009348.526  3221001.017
2022  62  29265 GPS  -2267805.584  5009348.527  3221001.011
2022  62  29266 GPS  -2267805.584  5009348.514  3221000.994
2022  62  29267 GPS  -2267805.584  5009348.510  3221000.984
2022  62  29268 GPS  -2267805.587  5009348.513  3221000.975
2022  62  29269 GPS  -2267805.595  5009348.513  3221000.963
2022  62  29270 GPS  -2267805.594  5009348.513  3221000.952
2022  62  29271 GPS  -2267805.595  5009348.511  3221000.943
2022  62  29272 GPS  -2267805.592  5009348.513  3221000.939
2022  62  29273 GPS  -2267805.587  5009348.497  3221000.926
2022  62  29274 GPS  -2267805.587  5009348.475  3221000.913
2022  62  29275 GPS  -2267805.591  5009348.468  3221000.906
2022  62  29276 GPS  -2267805.595  5009348.466  3221000.907
2022  62  29277 GPS  -2267805.597  5009348.460  3221000.904
2022  62  29278 GPS  -2267805.599  5009348.456  3221000.895
2022  62  29279 GPS  -2267805.597  5009348.449  3221000.891
2022  62  29280 GPS  -2267805.589  5009348.439  3221000.885
2022  62  29281 GPS  -2267805.584  5009348.440  3221000.883
2022  62  29282 GPS  -2267805.581  5009348.441  3221000.880
2022  62  29283 GPS  -2267805.583  5009348.447  3221000.885
2022  62  29284 GPS  -2267805.580  5009348.438  3221000.882
2022  62  29285 GPS  -2267805.570  5009348.419  3221000.876
2022  62  29286 GPS  -2267805.558  5009348.403  3221000.871
2022  62  29287 GPS  -2267805.557  5009348.398  3221000.868
2022  62  29288 GPS  -2267805.559  5009348.394  3221000.862
2022  62  29289 GPS  -2267805.554  5009348.398  3221000.864
2022  62  29290 GPS  -2267805.545  5009348.390  3221000.861
2022  62  29291 GPS  -2267805.539  5009348.381  3221000.856
2022  62  29292 GPS  -2267805.530  5009348.367  3221000.849
2022  62  29293 GPS  -2267805.517  5009348.351  3221000.843
2022  62  29294 GPS  -2267805.505  5009348.339  3221000.833
2022  62  29295 GPS  -2267805.496  5009348.333  3221000.827
2022  62  29296 GPS  -2267805.491  5009348.330  3221000.819
2022  62  29297 GPS  -2267805.488  5009348.323  3221000.806
2022  62  29298 GPS  -2267805.485  5009348.327  3221000.804
2022  62  29299 GPS  -2267805.471  5009348.325  3221000.803
2022  62  29300 GPS  -2267805.465  5009348.330  3221000.802
2022  62  29301 GPS  -2267805.464  5009348.325  3221000.801
2022  62  29302 GPS  -2267805.465  5009348.324  3221000.795
2022  62  29303 GPS  -2267805.467  5009348.332  3221000.797
2022  62  29304 GPS  -2267805.476  5009348.343  3221000.804
2022  62  29305 GPS  -2267805.476  5009348.338  3221000.801
2022  62  29306 GPS  -2267805.477  5009348.335  3221000.800
2022  62  29307 GPS  -2267805.480  5009348.337  3221000.804
2022  62  29308 GPS  -2267805.479  5009348.341  3221000.807
2022  62  29309 GPS  -2267805.480  5009348.342  3221000.811
2022  62  29310 GPS  -2267805.478  5009348.340  3221000.810
2022  62  29311 GPS  -2267805.473  5009348.335  3221000.810
2022  62  29312 GPS  -2267805.467  5009348.332  3221000.813
2022  62  29313 GPS  -2267805.462  5009348.317  3221000.812
2022  62  29314 GPS  -2267805.462  5009348.316  3221000.816
2022  62  29315 GPS  -2267805.460  5009348.317  3221000.821
2022  62  29316 GPS  -2267805.454  5009348.314  3221000.823
2022  62  29317 GPS  -2267805.449  5009348.306  3221000.827
2022  62  29318 GPS  -2267805.442  5009348.297  3221000.824
2022  62  29319 GPS  -2267805.438  5009348.283  3221000.820
2022  62  29320 GPS  -2267805.435  5009348.261  3221000.815
2022  62  29321 GPS  -2267805.435  5009348.266  3221000.823
2022  62  29322 GPS  -2267805.435  5009348.267  3221000.823
2022  62  29323 GPS  -2267805.435  5009348.262  3221000.819
2022  62  29324 GPS  -2267805.431  5009348.255  3221000.821
2022  62  29325 GPS  -2267805.428  5009348.248  3221000.824
2022  62  29326 GPS  -2267805.425  5009348.251  3221000.828
2022  62  29327 GPS  -2267805.421  5009348.260  3221000.833
2022  62  29328 GPS  -2267805.418  5009348.270  3221000.839
2022  62  29329 GPS  -2267805.423  5009348.286  3221000.851
2022  62  29330 GPS  -2267805.430  5009348.300  3221000.859
2022  62  29331 GPS  -2267805.436  5009348.308  3221000.868
2022  62  29332 GPS  -2267805.433  5009348.293  3221000.866
2022  62  29333 GPS  -2267805.430  5009348.277  3221000.860
2022  62  29334 GPS  -2267805.427  5009348.278  3221000.863
2022  62  29335 GPS  -2267805.429  5009348.275  3221000.865
2022  62  29336 GPS  -2267805.428  5009348.271  3221000.864
2022  62  29337 GPS  -2267805.425  5009348.281  3221000.868
2022  62  29338 GPS  -2267805.424  5009348.292  3221000.869
2022  62  29339 GPS  -2267805.421  5009348.290  3221000.863
2022  62  29340 GPS  -2267805.416  5009348.293  3221000.862
2022  62  29341 GPS  -2267805.416  5009348.296  3221000.861
2022  62  29342 GPS  -2267805.417  5009348.299  3221000.862
2022  62  29343 GPS  -2267805.412  5009348.298  3221000.859
2022  62  29344 GPS  -2267805.408  5009348.301  3221000.861
2022  62  29345 GPS  -2267805.407  5009348.297  3221000.854
2022  62  29346 GPS  -2267805.408  5009348.291  3221000.852
2022  62  29347 GPS  -2267805.415  5009348.289  3221000.853
2022  62  29348 GPS  -2267805.418  5009348.282  3221000.850
2022  62  29349 GPS  -2267805.422  5009348.276  3221000.846
2022  62  29350 GPS  -2267805.437  5009348.287  3221000.849
2022  62  29351 GPS  -2267805.442  5009348.279  3221000.847
2022  62  29352 GPS  -2267805.439  5009348.269  3221000.847
2022  62  29353 GPS  -2267805.436  5009348.255  3221000.847
2022  62  29354 GPS  -2267805.433  5009348.244  3221000.840
2022  62  29355 GPS  -2267805.435  5009348.240  3221000.837
2022  62  29356 GPS  -2267805.435  5009348.242  3221000.840
2022  62  29357 GPS  -2267805.434  5009348.240  3221000.835
2022  62  29358 GPS  -2267805.432  5009348.244  3221000.839
2022  62  29359 GPS  -2267805.426  5009348.244  3221000.841
2022  62  29360 GPS  -2267805.420  5009348.247  3221000.843
2022  62  29361 GPS  -2267805.417  5009348.251  3221000.845
2022  62  29362 GPS  -2267805.414  5009348.248  3221000.844
2022  62  29363 GPS  -2267805.412  5009348.247  3221000.842
2022  62  29364 GPS  -2267805.411  5009348.250  3221000.841
2022  62  29365 GPS  -2267805.416  5009348.258  3221000.847
2022  62  29366 GPS  -2267805.420  5009348.268  3221000.852
2022  62  29367 GPS  -2267805.420  5009348.270  3221000.858
2022  62  29368 GPS  -2267805.415  5009348.274  3221000.862
2022  62  29369 GPS  -2267805.414  5009348.275  3221000.859
2022  62  29370 GPS  -2267805.418  5009348.279  3221000.858
2022  62  29371 GPS  -2267805.416  5009348.281  3221000.859
2022  62  29372 GPS  -2267805.417  5009348.292  3221000.865
2022  62  29373 GPS  -2267805.414  5009348.289  3221000.860
2022  62  29374 GPS  -2267805.409  5009348.286  3221000.856
2022  62  29375 GPS  -2267805.404  5009348.277  3221000.851
2022  62  29376 GPS  -2267805.405  5009348.272  3221000.848
2022  62  29377 GPS  -2267805.398  5009348.261  3221000.839
2022  62  29378 GPS  -2267805.393  5009348.256  3221000.832
2022  62  29379 GPS  -2267805.384  5009348.253  3221000.826
2022  62  29380 GPS  -2267805.374  5009348.244  3221000.818
2022  62  29381 GPS  -2267805.365  5009348.234  3221000.806
2022  62  29382 GPS  -2267805.363  5009348.231  3221000.803
2022  62  29383 GPS  -2267805.361  5009348.219  3221000.796
2022  62  29384 GPS  -2267805.359  5009348.209  3221000.792
2022  62  29385 GPS  -2267805.351  5009348.197  3221000.793
2022  62  29386 GPS  -2267805.341  5009348.194  3221000.794
2022  62  29387 GPS  -2267805.338  5009348.198  3221000.795
2022  62  29388 GPS  -2267805.341  5009348.196  3221000.795
2022  62  29389 GPS  -2267805.343  5009348.195  3221000.796
2022  62  29390 GPS  -2267805.347  5009348.198  3221000.797
2022  62  29391 GPS  -2267805.350  5009348.196  3221000.796
2022  62  29392 GPS  -2267805.352  5009348.202  3221000.798
2022  62  29393 GPS  -2267805.358  5009348.199  3221000.798
2022  62  29394 GPS  -2267805.362  5009348.197  3221000.798
2022  62  29395 GPS  -2267805.362  5009348.196  3221000.798
2022  62  29396 GPS  -2267805.366  5009348.202  3221000.797
2022  62  29397 GPS  -2267805.373  5009348.216  3221000.802
2022  62  29398 GPS  -2267805.382  5009348.223  3221000.802
2022  62  29399 GPS  -2267805.391  5009348.235  3221000.810
2022  62  29400 GPS  -2267805.394  5009348.239  3221000.811
2022  62  29401 GPS  -2267805.398  5009348.243  3221000.810
2022  62  29402 GPS  -2267805.401  5009348.246  3221000.813
2022  62  29403 GPS  -2267805.402  5009348.246  3221000.813
2022  62  29404 GPS  -2267805.403  5009348.245  3221000.810
2022  62  29405 GPS  -2267805.405  5009348.247  3221000.810
2022  62  29406 GPS  -2267805.411  5009348.251  3221000.812
2022  62  29407 GPS  -2267805.413  5009348.246  3221000.810
2022  62  29408 GPS  -2267805.415  5009348.248  3221000.807
2022  62  29409 GPS  -2267805.418  5009348.250  3221000.806
2022  62  29410 GPS  -2267805.416  5009348.257  3221000.806
2022  62  29411 GPS  -2267805.415  5009348.260  3221000.802
2022  62  29412 GPS  -2267805.414  5009348.260  3221000.798
2022  62  29413 GPS  -2267805.414  5009348.256  3221000.794
2022  62  29414 GPS  -2267805.411  5009348.242  3221000.788
2022  62  29415 GPS  -2267805.409  5009348.247  3221000.790
2022  62  29416 GPS  -2267805.408  5009348.245  3221000.789
2022  62  29417 GPS  -2267805.408  5009348.240  3221000.786
2022  62  29418 GPS  -2267805.409  5009348.238  3221000.786
2022  62  29419 GPS  -2267805.411  5009348.239  3221000.789
2022  62  29420 GPS  -2267805.406  5009348.237  3221000.784
2022  62  29421 GPS  -2267805.400  5009348.220  3221000.773
2022  62  29422 GPS  -2267805.390  5009348.199  3221000.765
2022  62  29423 GPS  -2267805.384  5009348.193  3221000.761
2022  62  29424 GPS  -2267805.378  5009348.191  3221000.761
2022  62  29425 GPS  -2267805.376  5009348.191  3221000.759
2022  62  29426 GPS  -2267805.378  5009348.197  3221000.763
2022  62  29427 GPS  -2267805.376  5009348.195  3221000.763
2022  62  29428 GPS  -2267805.373  5009348.185  3221000.755
2022  62  29429 GPS  -2267805.371  5009348.170  3221000.747
2022  62  29430 GPS  -2267805.368  5009348.166  3221000.747
2022  62  29431 GPS  -2267805.376  5009348.173  3221000.753
2022  62  29432 GPS  -2267805.379  5009348.167  3221000.749
2022  62  29433 GPS  -2267805.378  5009348.157  3221000.743
2022  62  29434 GPS  -2267805.376  5009348.157  3221000.746
2022  62  29435 GPS  -2267805.373  5009348.153  3221000.746
2022  62  29436 GPS  -2267805.375  5009348.147  3221000.746
2022  62  29437 GPS  -2267805.372  5009348.139  3221000.743
2022  62  29438 GPS  -2267805.376  5009348.137  3221000.738
2022  62  29439 GPS  -2267805.379  5009348.135  3221000.734
2022  62  29440 GPS  -2267805.381  5009348.136  3221000.730
2022  62  29441 GPS  -2267805.383  5009348.134  3221000.726
2022  62  29442 GPS  -2267805.385  5009348.132  3221000.721
2022  62  29443 GPS  -2267805.394  5009348.137  3221000.721
2022  62  29444 GPS  -2267805.393  5009348.130  3221000.717
2022  62  29445 GPS  -2267805.390  5009348.128  3221000.717
2022  62  29446 GPS  -2267805.388  5009348.127  3221000.716
2022  62  29447 GPS  -2267805.388  5009348.140  3221000.725
2022  62  29448 GPS  -2267805.386  5009348.148  3221000.725
2022  62  29449 GPS  -2267805.385  5009348.155  3221000.722
2022  62  29450 GPS  -2267805.387  5009348.161  3221000.722
2022  62  29451 GPS  -2267805.381  5009348.152  3221000.713
2022  62  29452 GPS  -2267805.375  5009348.144  3221000.710
2022  62  29453 GPS  -2267805.373  5009348.139  3221000.705
2022  62  29454 GPS  -2267805.374  5009348.140  3221000.701
2022  62  29455 GPS  -2267805.373  5009348.137  3221000.697
2022  62  29456 GPS  -2267805.372  5009348.129  3221000.690
2022  62  29457 GPS  -2267805.369  5009348.131  3221000.689
2022  62  29458 GPS  -2267805.365  5009348.140  3221000.693
2022  62  29459 GPS  -2267805.369  5009348.139  3221000.692
2022  62  29460 GPS  -2267805.373  5009348.136  3221000.689
2022  62  29461 GPS  -2267805.373  5009348.135  3221000.685
2022  62  29462 GPS  -2267805.373  5009348.135  3221000.677
2022  62  29463 GPS  -2267805.375  5009348.132  3221000.670
2022  62  29464 GPS  -2267805.380  5009348.139  3221000.669
2022  62  29465 GPS  -2267805.382  5009348.142  3221000.670
2022  62  29466 GPS  -2267805.384  5009348.149  3221000.674
2022  62  29467 GPS  -2267805.382  5009348.154  3221000.672
2022  62  29468 GPS  -2267805.376  5009348.157  3221000.668
2022  62  29469 GPS  -2267805.371  5009348.149  3221000.664
2022  62  29470 GPS  -2267805.370  5009348.157  3221000.663
2022  62  29471 GPS  -2267805.367  5009348.151  3221000.652
2022  62  29472 GPS  -2267805.362  5009348.138  3221000.640
2022  62  29473 GPS  -2267805.363  5009348.135  3221000.632
2022  62  29474 GPS  -2267805.364  5009348.136  3221000.627
2022  62  29475 GPS  -2267805.370  5009348.141  3221000.623
2022  62  29476 GPS  -2267805.375  5009348.147  3221000.615
2022  62  29477 GPS  -2267805.374  5009348.133  3221000.601
2022  62  29478 GPS  -2267805.369  5009348.119  3221000.587
2022  62  29479 GPS  -2267805.372  5009348.121  3221000.581
2022  62  29480 GPS  -2267805.375  5009348.116  3221000.572
2022  62  29481 GPS  -2267805.376  5009348.102  3221000.562
2022  62  29482 GPS  -2267805.379  5009348.090  3221000.557
2022  62  29483 GPS  -2267805.377  5009348.079  3221000.552
2022  62  29484 GPS  -2267805.375  5009348.063  3221000.546
2022  62  29485 GPS  -2267805.372  5009348.048  3221000.539
2022  62  29486 GPS  -2267805.372  5009348.036  3221000.531
2022  62  29487 GPS  -2267805.372  5009348.031  3221000.524
2022  62  29488 GPS  -2267805.371  5009348.022  3221000.517
2022  62  29489 GPS  -2267805.370  5009348.011  3221000.514
2022  62  29490 GPS  -2267805.371  5009347.999  3221000.508
2022  62  29491 GPS  -2267805.373  5009347.987  3221000.502
2022  62  29492 GPS  -2267805.374  5009347.977  3221000.504
2022  62  29493 GPS  -2267805.375  5009347.966  3221000.508
2022  62  29494 GPS  -2267805.376  5009347.960  3221000.510
2022  62  29495 GPS  -2267805.378  5009347.947  3221000.511
2022  62  29496 GPS  -2267805.378  5009347.939  3221000.515
2022  62  29497 GPS  -2267805.384  5009347.944  3221000.523
2022  62  29498 GPS  -2267805.388  5009347.948  3221000.530
2022  62  29499 GPS  -2267805.391  5009347.947  3221000.534
2022  62  29500 GPS  -2267805.394  5009347.947  3221000.538
2022  62  29501 GPS  -2267805.394  5009347.939  3221000.540
2022  62  29502 GPS  -2267805.396  5009347.939  3221000.546
2022  62  29503 GPS  -2267805.399  5009347.947  3221000.553
2022  62  29504 GPS  -2267805.394  5009347.950  3221000.562
2022  62  29505 GPS  -2267805.386  5009347.946  3221000.565
2022  62  29506 GPS  -2267805.383  5009347.955  3221000.578
2022  62  29507 GPS  -2267805.378  5009347.960  3221000.579
2022  62  29508 GPS  -2267805.373  5009347.962  3221000.584
2022  62  29509 GPS  -2267805.374  5009347.981  3221000.597
2022  62  29510 GPS  -2267805.378  5009348.001  3221000.606
2022  62  29511 GPS  -2267805.376  5009348.012  3221000.610
2022  62  29512 GPS  -2267805.377  5009348.012  3221000.612
2022  62  29513 GPS  -2267805.378  5009348.017  3221000.619
2022  62  29514 GPS  -2267805.379  5009348.019  3221000.621
2022  62  29515 GPS  -2267805.378  5009348.013  3221000.620
2022  62  29516 GPS  -2267805.378  5009348.004  3221000.616
2022  62  29517 GPS  -2267805.374  5009347.998  3221000.614
2022  62  29518 GPS  -2267805.374  5009348.006  3221000.616
2022  62  29519 GPS  -2267805.371  5009347.992  3221000.605
2022  62  29520 GPS  -2267805.367  5009347.985  3221000.596
2022  62  29521 GPS  -2267805.365  5009347.979  3221000.592
2022  62  29522 GPS  -2267805.358  5009347.976  3221000.587
2022  62  29523 GPS  -2267805.355  5009347.964  3221000.579
2022  62  29524 GPS  -2267805.355  5009347.959  3221000.574
2022  62  29525 GPS  -2267805.346  5009347.949  3221000.566
2022  62  29526 GPS  -2267805.343  5009347.941  3221000.558
2022  62  29527 GPS  -2267805.340  5009347.929  3221000.546
2022  62  29528 GPS  -2267805.343  5009347.925  3221000.538
2022  62  29529 GPS  -2267805.342  5009347.916  3221000.532
2022  62  29530 GPS  -2267805.340  5009347.915  3221000.531
2022  62  29531 GPS  -2267805.341  5009347.916  3221000.525
2022  62  29532 GPS  -2267805.348  5009347.920  3221000.523
2022  62  29533 GPS  -2267805.356  5009347.924  3221000.523
2022  62  29534 GPS  -2267805.357  5009347.916  3221000.513
2022  62  29535 GPS  -2267805.360  5009347.911  3221000.508
2022  62  29536 GPS  -2267805.360  5009347.910  3221000.506
2022  62  29537 GPS  -2267805.362  5009347.908  3221000.504
2022  62  29538 GPS  -2267805.361  5009347.912  3221000.502
2022  62  29539 GPS  -2267805.364  5009347.924  3221000.511
2022  62  29540 GPS  -2267805.361  5009347.935  3221000.519
2022  62  29541 GPS  -2267805.359  5009347.956  3221000.530
2022  62  29542 GPS  -2267805.355  5009347.964  3221000.533
2022  62  29543 GPS  -2267805.353  5009347.972  3221000.539
2022  62  29544 GPS  -2267805.352  5009347.985  3221000.542
2022  62  29545 GPS  -2267805.350  5009347.989  3221000.541
2022  62  29546 GPS  -2267805.348  5009348.001  3221000.552
2022  62  29547 GPS  -2267805.343  5009347.999  3221000.555
2022  62  29548 GPS  -2267805.335  5009348.003  3221000.560
2022  62  29549 GPS  -2267805.335  5009348.002  3221000.562
2022  62  29550 GPS  -2267805.334  5009348.007  3221000.568
2022  62  29551 GPS  -2267805.327  5009348.012  3221000.578
2022  62  29552 GPS  -2267805.324  5009348.013  3221000.579
2022  62  29553 GPS  -2267805.322  5009348.024  3221000.583
2022  62  29554 GPS  -2267805.319  5009348.026  3221000.585
2022  62  29555 GPS  -2267805.320  5009348.029  3221000.592
2022  62  29556 GPS  -2267805.321  5009348.037  3221000.599
2022  62  29557 GPS  -2267805.314  5009348.034  3221000.597
2022  62  29558 GPS  -2267805.312  5009348.036  3221000.602
2022  62  29559 GPS  -2267805.310  5009348.037  3221000.601
2022  62  29560 GPS  -2267805.314  5009348.049  3221000.609
2022  62  29561 GPS  -2267805.316  5009348.049  3221000.611
2022  62  29562 GPS  -2267805.311  5009348.036  3221000.609
2022  62  29563 GPS  -2267805.313  5009348.026  3221000.610
2022  62  29564 GPS  -2267805.315  5009348.022  3221000.611
2022  62  29565 GPS  -2267805.316  5009348.017  3221000.614
2022  62  29566 GPS  -2267805.316  5009348.017  3221000.616
2022  62  29567 GPS  -2267805.311  5009348.024  3221000.620
2022  62  29568 GPS  -2267805.304  5009348.024  3221000.624
2022  62  29569 GPS  -2267805.358  5009348.363  3221000.996
2022  62  29570 GPS  -2267805.358  5009348.372  3221000.999
2022  62  29571 GPS  -2267805.357  5009348.375  3221001.002
2022  62  29572 GPS  -2267805.361  5009348.381  3221001.003
2022  62  29573 GPS  -2267805.358  5009348.372  3221000.998
2022  62  29574 GPS  -2267805.356  5009348.366  3221000.996
2022  62  29575 GPS  -2267805.350  5009348.365  3221000.990
2022  62  29576 GPS  -2267805.348  5009348.374  3221000.992
2022  62  29577 GPS  -2267805.348  5009348.368  3221000.988
2022  62  29578 GPS  -2267805.342  5009348.361  3221000.984
2022  62  29579 GPS  -2267805.339  5009348.358  3221000.983
2022  62  29580 GPS  -2267805.335  5009348.349  3221000.979
2022  62  29581 GPS  -2267805.335  5009348.348  3221000.980
2022  62  29582 GPS  -2267805.341  5009348.354  3221000.986
2022  62  29583 GPS  -2267805.337  5009348.353  3221000.986
2022  62  29584 GPS  -2267805.335  5009348.347  3221000.985
2022  62  29585 GPS  -2267805.333  5009348.346  3221000.984
2022  62  29586 GPS  -2267805.331  5009348.347  3221000.988
2022  62  29587 GPS  -2267805.331  5009348.340  3221000.988
2022  62  29588 GPS  -2267805.333  5009348.327  3221000.985
2022  62  29589 GPS  -2267805.332  5009348.322  3221000.979
2022  62  29590 GPS  -2267805.331  5009348.317  3221000.980
2022  62  29591 GPS  -2267805.332  5009348.316  3221000.982
2022  62  29592 GPS  -2267805.339  5009348.316  3221000.982
2022  62  29593 GPS  -2267805.341  5009348.310  3221000.976
2022  62  29594 GPS  -2267805.342  5009348.304  3221000.968
2022  62  29595 GPS  -2267805.347  5009348.305  3221000.967
2022  62  29596 GPS  -2267805.357  5009348.297  3221000.961
2022  62  29597 GPS  -2267805.365  5009348.300  3221000.962
2022  62  29598 GPS  -2267805.365  5009348.298  3221000.957
2022  62  29599 GPS  -2267805.365  5009348.300  3221000.956
2022  62  29600 GPS  -2267805.360  5009348.303  3221000.958
2022  62  29601 GPS  -2267805.360  5009348.305  3221000.959
2022  62  29602 GPS  -2267805.360  5009348.308  3221000.961
2022  62  29603 GPS  -2267805.357  5009348.308  3221000.957
2022  62  29604 GPS  -2267805.358  5009348.304  3221000.951
2022  62  29605 GPS  -2267805.358  5009348.307  3221000.953
2022  62  29606 GPS  -2267805.355  5009348.306  3221000.947
2022  62  29607 GPS  -2267805.353  5009348.306  3221000.945
2022  62  29608 GPS  -2267805.355  5009348.309  3221000.948
2022  62  29609 GPS  -2267805.356  5009348.308  3221000.944
2022  62  29610 GPS  -2267805.352  5009348.314  3221000.943
2022  62  29611 GPS  -2267805.349  5009348.313  3221000.943
2022  62  29612 GPS  -2267805.352  5009348.307  3221000.943
2022  62  29613 GPS  -2267805.353  5009348.312  3221000.947
2022  62  29614 GPS  -2267805.355  5009348.308  3221000.945
2022  62  29615 GPS  -2267805.355  5009348.298  3221000.936
2022  62  29616 GPS  -2267805.363  5009348.295  3221000.929
2022  62  29617 GPS  -2267805.365  5009348.289  3221000.923
2022  62  29618 GPS  -2267805.362  5009348.283  3221000.914
2022  62  29619 GPS  -2267805.364  5009348.288  3221000.912
2022  62  29620 GPS  -2267805.360  5009348.290  3221000.908
2022  62  29621 GPS  -2267805.359  5009348.290  3221000.902
2022  62  29622 GPS  -2267805.358  5009348.292  3221000.895
2022  62  29623 GPS  -2267805.356  5009348.297  3221000.892
2022  62  29624 GPS  -2267805.357  5009348.310  3221000.895
2022  62  29625 GPS  -2267805.359  5009348.318  3221000.892
2022  62  29626 GPS  -2267805.369  5009348.315  3221000.886
2022  62  29627 GPS  -2267805.373  5009348.320  3221000.885
2022  62  29628 GPS  -2267805.371  5009348.321  3221000.881
2022  62  29629 GPS  -2267805.372  5009348.317  3221000.877
2022  62  29630 GPS  -2267805.369  5009348.311  3221000.873
2022  62  29631 GPS  -2267805.372  5009348.313  3221000.875
2022  62  29632 GPS  -2267805.378  5009348.321  3221000.875
2022  62  29633 GPS  -2267805.391  5009348.321  3221000.872
2022  62  29634 GPS  -2267805.396  5009348.322  3221000.867
2022  62  29635 GPS  -2267805.392  5009348.314  3221000.860
2022  62  29636 GPS  -2267805.386  5009348.297  3221000.851
2022  62  29637 GPS  -2267805.386  5009348.288  3221000.849
2022  62  29638 GPS  -2267805.385  5009348.295  3221000.852
2022  62  29639 GPS  -2267805.381  5009348.285  3221000.851
2022  62  29640 GPS  -2267805.377  5009348.280  3221000.850
2022  62  29641 GPS  -2267805.373  5009348.279  3221000.852
2022  62  29642 GPS  -2267805.373  5009348.284  3221000.860
2022  62  29643 GPS  -2267805.370  5009348.276  3221000.861
2022  62  29644 GPS  -2267805.365  5009348.277  3221000.865
2022  62  29645 GPS  -2267805.361  5009348.276  3221000.869
2022  62  29646 GPS  -2267805.357  5009348.274  3221000.872
2022  62  29647 GPS  -2267805.359  5009348.275  3221000.876
2022  62  29648 GPS  -2267805.359  5009348.281  3221000.881
2022  62  29649 GPS  -2267805.358  5009348.286  3221000.885
2022  62  29650 GPS  -2267805.358  5009348.289  3221000.890
2022  62  29651 GPS  -2267805.359  5009348.294  3221000.896
2022  62  29652 GPS  -2267805.356  5009348.294  3221000.899
2022  62  29653 GPS  -2267805.353  5009348.295  3221000.903
2022  62  29654 GPS  -2267805.352  5009348.304  3221000.910
2022  62  29655 GPS  -2267805.345  5009348.295  3221000.907
2022  62  29656 GPS  -2267805.343  5009348.282  3221000.905
2022  62  29657 GPS  -2267805.344  5009348.283  3221000.906
2022  62  29658 GPS  -2267805.343  5009348.281  3221000.905
2022  62  29659 GPS  -2267805.338  5009348.270  3221000.904
2022  62  29660 GPS  -2267805.334  5009348.262  3221000.902
2022  62  29661 GPS  -2267805.335  5009348.257  3221000.901
2022  62  29662 GPS  -2267805.332  5009348.264  3221000.904
2022  62  29663 GPS  -2267805.331  5009348.257  3221000.895
2022  62  29664 GPS  -2267805.333  5009348.262  3221000.896
2022  62  29665 GPS  -2267805.336  5009348.266  3221000.901
2022  62  29666 GPS  -2267805.331  5009348.256  3221000.899
2022  62  29667 GPS  -2267805.330  5009348.255  3221000.904
2022  62  29668 GPS  -2267805.328  5009348.252  3221000.906
2022  62  29669 GPS  -2267805.324  5009348.242  3221000.905
2022  62  29670 GPS  -2267805.322  5009348.237  3221000.909
2022  62  29671 GPS  -2267805.319  5009348.237  3221000.915
2022  62  29672 GPS  -2267805.315  5009348.237  3221000.915
2022  62  29673 GPS  -2267805.312  5009348.235  3221000.917
2022  62  29674 GPS  -2267805.312  5009348.238  3221000.921
2022  62  29675 GPS  -2267805.308  5009348.234  3221000.919
2022  62  29676 GPS  -2267805.305  5009348.229  3221000.915
2022  62  29677 GPS  -2267805.296  5009348.217  3221000.909
2022  62  29678 GPS  -2267805.292  5009348.212  3221000.905
2022  62  29679 GPS  -2267805.290  5009348.207  3221000.895
2022  62  29680 GPS  -2267805.290  5009348.209  3221000.891
2022  62  29681 GPS  -2267805.285  5009348.207  3221000.886
2022  62  29682 GPS  -2267805.278  5009348.203  3221000.885
2022  62  29683 GPS  -2267805.272  5009348.194  3221000.885
2022  62  29684 GPS  -2267805.270  5009348.188  3221000.883
2022  62  29685 GPS  -2267805.268  5009348.191  3221000.884
2022  62  29686 GPS  -2267805.266  5009348.187  3221000.886
2022  62  29687 GPS  -2267805.269  5009348.189  3221000.890
2022  62  29688 GPS  -2267805.273  5009348.191  3221000.895
2022  62  29689 GPS  -2267805.270  5009348.190  3221000.898
2022  62  29690 GPS  -2267805.263  5009348.185  3221000.900
2022  62  29691 GPS  -2267805.259  5009348.189  3221000.907
2022  62  29692 GPS  -2267805.255  5009348.187  3221000.910
2022  62  29693 GPS  -2267805.251  5009348.187  3221000.908
2022  62  29694 GPS  -2267805.248  5009348.187  3221000.910
2022  62  29695 GPS  -2267805.240  5009348.183  3221000.911
2022  62  29696 GPS  -2267805.243  5009348.189  3221000.916
2022  62  29697 GPS  -2267805.243  5009348.194  3221000.921
2022  62  29698 GPS  -2267805.239  5009348.190  3221000.924
2022  62  29699 GPS  -2267805.226  5009348.175  3221000.922
2022  62  29700 GPS  -2267805.222  5009348.169  3221000.924
2022  62  29701 GPS  -2267805.214  5009348.156  3221000.921
2022  62  29702 GPS  -2267805.207  5009348.142  3221000.921
2022  62  29703 GPS  -2267805.204  5009348.133  3221000.919
2022  62  29704 GPS  -2267805.205  5009348.136  3221000.922
2022  62  29705 GPS  -2267805.207  5009348.150  3221000.924
2022  62  29706 GPS  -2267805.208  5009348.164  3221000.932
2022  62  29707 GPS  -2267805.209  5009348.174  3221000.936
2022  62  29708 GPS  -2267805.208  5009348.188  3221000.942
2022  62  29709 GPS  -2267805.209  5009348.192  3221000.940
2022  62  29710 GPS  -2267805.211  5009348.200  3221000.949
2022  62  29711 GPS  -2267805.211  5009348.201  3221000.949
2022  62  29712 GPS  -2267805.207  5009348.201  3221000.948
2022  62  29713 GPS  -2267805.205  5009348.203  3221000.948
2022  62  29714 GPS  -2267805.208  5009348.205  3221000.946
2022  62  29715 GPS  -2267805.207  5009348.205  3221000.946
2022  62  29716 GPS  -2267805.207  5009348.197  3221000.940
2022  62  29717 GPS  -2267805.210  5009348.205  3221000.940
2022  62  29718 GPS  -2267805.208  5009347.630  3221000.730
2022  62  29719 GPS  -2267805.215  5009347.630  3221000.728
2022  62  29720 GPS  -2267805.221  5009347.630  3221000.725
2022  62  29721 GPS  -2267805.221  5009347.630  3221000.724
2022  62  29722 GPS  -2267805.219  5009347.628  3221000.722
2022  62  29723 GPS  -2267805.218  5009347.625  3221000.721
2022  62  29724 GPS  -2267805.213  5009347.614  3221000.714
2022  62  29725 GPS  -2267805.208  5009347.601  3221000.703
2022  62  29726 GPS  -2267805.208  5009347.591  3221000.696
2022  62  29727 GPS  -2267805.210  5009347.577  3221000.690
2022  62  29728 GPS  -2267805.212  5009347.564  3221000.681
2022  62  29729 GPS  -2267805.216  5009347.559  3221000.676
2022  62  29730 GPS  -2267805.219  5009347.552  3221000.671
2022  62  29731 GPS  -2267805.220  5009347.541  3221000.665
2022  62  29732 GPS  -2267805.221  5009347.535  3221000.655
2022  62  29733 GPS  -2267805.218  5009347.535  3221000.647
2022  62  29734 GPS  -2267805.211  5009347.530  3221000.636
2022  62  29735 GPS  -2267805.203  5009347.519  3221000.625
2022  62  29736 GPS  -2267805.202  5009347.513  3221000.612
2022  62  29737 GPS  -2267805.202  5009347.505  3221000.600
2022  62  29738 GPS  -2267805.200  5009347.501  3221000.590
2022  62  29739 GPS  -2267805.199  5009347.492  3221000.579
2022  62  29740 GPS  -2267805.199  5009347.487  3221000.568
2022  62  29741 GPS  -2267805.198  5009347.489  3221000.560
2022  62  29742 GPS  -2267805.196  5009347.492  3221000.556
2022  62  29743 GPS  -2267805.189  5009347.489  3221000.550
2022  62  29744 GPS  -2267805.183  5009347.482  3221000.536
2022  62  29745 GPS  -2267805.180  5009347.471  3221000.522
2022  62  29746 GPS  -2267805.178  5009347.475  3221000.517
2022  62  29747 GPS  -2267805.177  5009347.470  3221000.506
2022  62  29748 GPS  -2267805.173  5009347.464  3221000.494
2022  62  29749 GPS  -2267805.172  5009347.460  3221000.488
2022  62  29750 GPS  -2267805.172  5009347.459  3221000.483
2022  62  29751 GPS  -2267805.169  5009347.455  3221000.480
2022  62  29752 GPS  -2267805.165  5009347.456  3221000.480
2022  62  29753 GPS  -2267805.166  5009347.460  3221000.475
2022  62  29754 GPS  -2267805.170  5009347.456  3221000.472
2022  62  29755 GPS  -2267805.166  5009347.442  3221000.465
2022  62  29756 GPS  -2267805.169  5009347.440  3221000.463
2022  62  29757 GPS  -2267805.166  5009347.427  3221000.454
2022  62  29758 GPS  -2267805.162  5009347.416  3221000.446
2022  62  29759 GPS  -2267805.156  5009347.406  3221000.441
2022  62  29760 GPS  -2267805.154  5009347.391  3221000.441
2022  62  29761 GPS  -2267805.152  5009347.387  3221000.443
2022  62  29762 GPS  -2267805.150  5009347.381  3221000.441
2022  62  29763 GPS  -2267805.149  5009347.378  3221000.443
2022  62  29764 GPS  -2267805.150  5009347.369  3221000.441
2022  62  29765 GPS  -2267805.150  5009347.365  3221000.438
2022  62  29766 GPS  -2267805.155  5009347.375  3221000.444
2022  62  29767 GPS  -2267805.151  5009347.379  3221000.445
2022  62  29768 GPS  -2267805.147  5009347.378  3221000.448
2022  62  29769 GPS  -2267805.145  5009347.370  3221000.442
2022  62  29770 GPS  -2267805.144  5009347.363  3221000.435
2022  62  29771 GPS  -2267805.140  5009347.350  3221000.427
2022  62  29772 GPS  -2267805.134  5009347.343  3221000.422
2022  62  29773 GPS  -2267805.128  5009347.335  3221000.411
2022  62  29774 GPS  -2267805.128  5009347.328  3221000.408
2022  62  29775 GPS  -2267805.131  5009347.323  3221000.401
2022  62  29776 GPS  -2267805.136  5009347.317  3221000.393
2022  62  29777 GPS  -2267805.136  5009347.314  3221000.390
2022  62  29778 GPS  -2267805.136  5009347.313  3221000.388
2022  62  29779 GPS  -2267805.136  5009347.311  3221000.385
2022  62  29780 GPS  -2267805.134  5009347.311  3221000.385
2022  62  29781 GPS  -2267805.137  5009347.313  3221000.387
2022  62  29782 GPS  -2267805.142  5009347.318  3221000.387
2022  62  29783 GPS  -2267805.148  5009347.315  3221000.388
2022  62  29784 GPS  -2267805.148  5009347.313  3221000.384
2022  62  29785 GPS  -2267805.150  5009347.319  3221000.379
2022  62  29786 GPS  -2267805.147  5009347.308  3221000.371
2022  62  29787 GPS  -2267805.143  5009347.300  3221000.360
2022  62  29788 GPS  -2267805.141  5009347.296  3221000.355
2022  62  29789 GPS  -2267805.141  5009347.290  3221000.349
2022  62  29790 GPS  -2267805.136  5009347.281  3221000.343
2022  62  29791 GPS  -2267805.137  5009347.270  3221000.340
2022  62  29792 GPS  -2267805.133  5009347.257  3221000.333
2022  62  29793 GPS  -2267805.131  5009347.247  3221000.328
2022  62  29794 GPS  -2267805.128  5009347.242  3221000.322
2022  62  29795 GPS  -2267805.131  5009347.238  3221000.325
2022  62  29796 GPS  -2267805.132  5009347.237  3221000.322
2022  62  29797 GPS  -2267805.130  5009347.228  3221000.317
2022  62  29798 GPS  -2267805.129  5009347.210  3221000.313
2022  62  29799 GPS  -2267805.123  5009347.200  3221000.314
2022  62  29800 GPS  -2267805.118  5009347.178  3221000.305
2022  62  29801 GPS  -2267805.114  5009347.181  3221000.311
2022  62  29802 GPS  -2267805.114  5009347.187  3221000.315
2022  62  29803 GPS  -2267805.118  5009347.190  3221000.319
2022  62  29804 GPS  -2267805.118  5009347.192  3221000.329
2022  62  29805 GPS  -2267805.117  5009347.188  3221000.333
2022  62  29806 GPS  -2267805.117  5009347.184  3221000.340
2022  62  29807 GPS  -2267805.120  5009347.182  3221000.342
2022  62  29808 GPS  -2267805.118  5009347.177  3221000.342
2022  62  29809 GPS  -2267805.118  5009347.176  3221000.349
2022  62  29810 GPS  -2267805.121  5009347.179  3221000.358
2022  62  29811 GPS  -2267805.123  5009347.174  3221000.360
2022  62  29812 GPS  -2267805.120  5009347.169  3221000.364
2022  62  29813 GPS  -2267805.120  5009347.170  3221000.366
2022  62  29814 GPS  -2267805.118  5009347.164  3221000.366
2022  62  29815 GPS  -2267805.118  5009347.152  3221000.362
2022  62  29816 GPS  -2267805.112  5009347.148  3221000.360
2022  62  29817 GPS  -2267805.109  5009347.150  3221000.361
2022  62  29818 GPS  -2267805.113  5009347.155  3221000.361
2022  62  29819 GPS  -2267805.115  5009347.167  3221000.365
2022  62  29820 GPS  -2267805.111  5009347.165  3221000.363
2022  62  29821 GPS  -2267805.116  5009347.171  3221000.360
2022  62  29822 GPS  -2267805.119  5009347.175  3221000.356
2022  62  29823 GPS  -2267805.119  5009347.171  3221000.347
2022  62  29824 GPS  -2267805.123  5009347.168  3221000.342
2022  62  29825 GPS  -2267805.126  5009347.182  3221000.346
2022  62  29826 GPS  -2267805.135  5009347.198  3221000.350
2022  62  29827 GPS  -2267805.136  5009347.207  3221000.355
2022  62  29828 GPS  -2267805.146  5009347.230  3221000.363
2022  62  29829 GPS  -2267805.151  5009347.241  3221000.367
2022  62  29830 GPS  -2267805.155  5009347.248  3221000.368
2022  62  29831 GPS  -2267805.162  5009347.256  3221000.370
2022  62  29832 GPS  -2267805.158  5009347.251  3221000.364
2022  62  29833 GPS  -2267805.157  5009347.253  3221000.359
2022  62  29834 GPS  -2267805.154  5009347.245  3221000.353
2022  62  29835 GPS  -2267805.149  5009347.238  3221000.350
2022  62  29836 GPS  -2267805.152  5009347.236  3221000.348
2022  62  29837 GPS  -2267805.160  5009347.234  3221000.345
2022  62  29838 GPS  -2267805.164  5009347.235  3221000.345
2022  62  29839 GPS  -2267805.164  5009347.233  3221000.337
2022  62  29840 GPS  -2267805.164  5009347.238  3221000.335
2022  62  29841 GPS  -2267805.166  5009347.249  3221000.338
2022  62  29842 GPS  -2267805.164  5009347.256  3221000.341
2022  62  29843 GPS  -2267805.167  5009347.264  3221000.341
2022  62  29844 GPS  -2267805.171  5009347.269  3221000.345
2022  62  29845 GPS  -2267805.168  5009347.266  3221000.347
2022  62  29846 GPS  -2267805.168  5009347.264  3221000.347
2022  62  29847 GPS  -2267805.169  5009347.263  3221000.348
2022  62  29848 GPS  -2267805.167  5009347.262  3221000.350
2022  62  29849 GPS  -2267805.161  5009347.256  3221000.352
2022  62  29850 GPS  -2267805.158  5009347.256  3221000.358
2022  62  29851 GPS  -2267805.156  5009347.262  3221000.364
2022  62  29852 GPS  -2267805.148  5009347.264  3221000.371
2022  62  29853 GPS  -2267805.142  5009347.274  3221000.376
2022  62  29854 GPS  -2267805.138  5009347.275  3221000.380
2022  62  29855 GPS  -2267805.133  5009347.276  3221000.384
2022  62  29856 GPS  -2267805.130  5009347.288  3221000.393
2022  62  29857 GPS  -2267805.123  5009347.295  3221000.400
2022  62  29858 GPS  -2267805.120  5009347.302  3221000.402
2022  62  29859 GPS  -2267805.112  5009347.311  3221000.410
2022  62  29860 GPS  -2267805.111  5009347.315  3221000.412
2022  62  29861 GPS  -2267805.112  5009347.328  3221000.421
2022  62  29862 GPS  -2267805.111  5009347.337  3221000.424
2022  62  29863 GPS  -2267805.115  5009347.353  3221000.431
2022  62  29864 GPS  -2267805.119  5009347.364  3221000.434
2022  62  29865 GPS  -2267805.126  5009347.379  3221000.441
2022  62  29866 GPS  -2267805.130  5009347.382  3221000.444
2022  62  29867 GPS  -2267805.135  5009347.390  3221000.449
2022  62  29868 GPS  -2267805.135  5009347.393  3221000.449
2022  62  29869 GPS  -2267805.127  5009347.387  3221000.450
2022  62  29870 GPS  -2267805.123  5009347.389  3221000.449
2022  62  29871 GPS  -2267805.121  5009347.386  3221000.450
2022  62  29872 GPS  -2267805.116  5009347.381  3221000.440
2022  62  29873 GPS  -2267805.112  5009347.375  3221000.434
2022  62  29874 GPS  -2267805.112  5009347.375  3221000.429
2022  62  29875 GPS  -2267805.115  5009347.383  3221000.429
2022  62  29876 GPS  -2267805.118  5009347.390  3221000.428
2022  62  29877 GPS  -2267805.124  5009347.400  3221000.427
2022  62  29878 GPS  -2267805.128  5009347.405  3221000.423
2022  62  29879 GPS  -2267805.136  5009347.418  3221000.423
2022  62  29880 GPS  -2267805.140  5009347.428  3221000.424
2022  62  29881 GPS  -2267805.146  5009347.437  3221000.427
2022  62  29882 GPS  -2267805.151  5009347.450  3221000.427
2022  62  29883 GPS  -2267805.154  5009347.457  3221000.427
2022  62  29884 GPS  -2267805.155  5009347.469  3221000.430
2022  62  29885 GPS  -2267805.158  5009347.475  3221000.433
2022  62  29886 GPS  -2267805.158  5009347.482  3221000.435
2022  62  29887 GPS  -2267805.154  5009347.483  3221000.434
2022  62  29888 GPS  -2267805.157  5009347.486  3221000.434
2022  62  29889 GPS  -2267805.156  5009347.486  3221000.430
2022  62  29890 GPS  -2267805.153  5009347.485  3221000.424
2022  62  29891 GPS  -2267805.151  5009347.491  3221000.426
2022  62  29892 GPS  -2267805.152  5009347.491  3221000.423
2022  62  29893 GPS  -2267805.154  5009347.498  3221000.421
2022  62  29894 GPS  -2267805.150  5009347.495  3221000.419
2022  62  29895 GPS  -2267805.149  5009347.491  3221000.415
2022  62  29896 GPS  -2267805.149  5009347.500  3221000.417
2022  62  29897 GPS  -2267805.150  5009347.508  3221000.423
2022  62  29898 GPS  -2267805.155  5009347.517  3221000.435
2022  62  29899 GPS  -2267805.155  5009347.523  3221000.443
2022  62  29900 GPS  -2267805.153  5009347.520  3221000.443
2022  62  29901 GPS  -2267805.150  5009347.526  3221000.444
2022  62  29902 GPS  -2267805.146  5009347.521  3221000.440
2022  62  29903 GPS  -2267805.146  5009347.525  3221000.442
2022  62  29904 GPS  -2267805.135  5009347.518  3221000.438
2022  62  29905 GPS  -2267805.126  5009347.518  3221000.438
2022  62  29906 GPS  -2267805.125  5009347.523  3221000.439
2022  62  29907 GPS  -2267805.126  5009347.527  3221000.441
2022  62  29908 GPS  -2267805.125  5009347.532  3221000.442
2022  62  29909 GPS  -2267805.126  5009347.532  3221000.445
2022  62  29910 GPS  -2267805.124  5009347.530  3221000.442
2022  62  29911 GPS  -2267805.132  5009347.534  3221000.441
2022  62  29912 GPS  -2267805.134  5009347.537  3221000.444
2022  62  29913 GPS  -2267805.134  5009347.543  3221000.450
2022  62  29914 GPS  -2267805.136  5009347.535  3221000.446
2022  62  29915 GPS  -2267805.141  5009347.530  3221000.439
2022  62  29916 GPS  -2267805.144  5009347.529  3221000.437
2022  62  29917 GPS  -2267805.140  5009347.520  3221000.430
2022  62  29918 GPS  -2267805.131  5009347.504  3221000.425
2022  62  29919 GPS  -2267805.121  5009347.482  3221000.417
2022  62  29920 GPS  -2267805.119  5009347.472  3221000.415
2022  62  29921 GPS  -2267805.118  5009347.472  3221000.416
2022  62  29922 GPS  -2267805.114  5009347.457  3221000.411
2022  62  29923 GPS  -2267805.112  5009347.447  3221000.408
2022  62  29924 GPS  -2267805.115  5009347.445  3221000.406
2022  62  29925 GPS  -2267805.114  5009347.436  3221000.402
2022  62  29926 GPS  -2267805.115  5009347.436  3221000.400
2022  62  29927 GPS  -2267805.114  5009347.432  3221000.397
2022  62  29928 GPS  -2267805.112  5009347.428  3221000.395
2022  62  29929 GPS  -2267805.104  5009347.416  3221000.387
2022  62  29930 GPS  -2267805.096  5009347.400  3221000.378
2022  62  29931 GPS  -2267805.090  5009347.384  3221000.376
2022  62  29932 GPS  -2267805.084  5009347.368  3221000.373
2022  62  29933 GPS  -2267805.079  5009347.357  3221000.369
2022  62  29934 GPS  -2267805.077  5009347.349  3221000.370
2022  62  29935 GPS  -2267805.076  5009347.348  3221000.369
2022  62  29936 GPS  -2267805.077  5009347.339  3221000.372
2022  62  29937 GPS  -2267805.080  5009347.334  3221000.375
2022  62  29938 GPS  -2267805.081  5009347.325  3221000.375
2022  62  29939 GPS  -2267805.084  5009347.328  3221000.381
2022  62  29940 GPS  -2267805.088  5009347.329  3221000.385
2022  62  29941 GPS  -2267805.093  5009347.328  3221000.388
2022  62  29942 GPS  -2267805.099  5009347.329  3221000.389
2022  62  29943 GPS  -2267805.102  5009347.330  3221000.392
2022  62  29944 GPS  -2267805.110  5009347.331  3221000.396
2022  62  29945 GPS  -2267805.115  5009347.333  3221000.399
2022  62  29946 GPS  -2267805.120  5009347.335  3221000.403
2022  62  29947 GPS  -2267805.126  5009347.337  3221000.405
2022  62  29948 GPS  -2267805.128  5009347.342  3221000.414
2022  62  29949 GPS  -2267805.130  5009347.346  3221000.419
2022  62  29950 GPS  -2267805.136  5009347.359  3221000.428
2022  62  29951 GPS  -2267805.141  5009347.363  3221000.430
2022  62  29952 GPS  -2267805.147  5009347.365  3221000.431
2022  62  29953 GPS  -2267805.145  5009347.356  3221000.428
2022  62  29954 GPS  -2267805.142  5009347.347  3221000.424
2022  62  29955 GPS  -2267805.139  5009347.341  3221000.420
2022  62  29956 GPS  -2267805.140  5009347.337  3221000.417
2022  62  29957 GPS  -2267805.140  5009347.336  3221000.415
2022  62  29958 GPS  -2267805.138  5009347.334  3221000.412
2022  62  29959 GPS  -2267805.137  5009347.330  3221000.410
2022  62  29960 GPS  -2267805.145  5009347.340  3221000.412
2022  62  29961 GPS  -2267805.147  5009347.340  3221000.409
2022  62  29962 GPS  -2267805.153  5009347.345  3221000.414
2022  62  29963 GPS  -2267805.155  5009347.354  3221000.422
2022  62  29964 GPS  -2267805.155  5009347.358  3221000.427
2022  62  29965 GPS  -2267805.156  5009347.366  3221000.430
2022  62  29966 GPS  -2267805.144  5009347.360  3221000.425
2022  62  29967 GPS  -2267805.139  5009347.369  3221000.426
2022  62  29968 GPS  -2267805.130  5009347.376  3221000.429
2022  62  29969 GPS  -2267805.126  5009347.380  3221000.433
2022  62  29970 GPS  -2267805.121  5009347.383  3221000.429
2022  62  29971 GPS  -2267805.116  5009347.389  3221000.425
2022  62  29972 GPS  -2267805.111  5009347.392  3221000.424
2022  62  29973 GPS  -2267805.111  5009347.399  3221000.426
2022  62  29974 GPS  -2267805.111  5009347.406  3221000.426
2022  62  29975 GPS  -2267805.108  5009347.408  3221000.417
2022  62  29976 GPS  -2267805.106  5009347.416  3221000.415
2022  62  29977 GPS  -2267805.100  5009347.422  3221000.409
2022  62  29978 GPS  -2267805.097  5009347.417  3221000.405
2022  62  29979 GPS  -2267805.097  5009347.418  3221000.405
2022  62  29980 GPS  -2267805.096  5009347.423  3221000.409
2022  62  29981 GPS  -2267805.097  5009347.426  3221000.411
2022  62  29982 GPS  -2267805.096  5009347.432  3221000.415
2022  62  29983 GPS  -2267805.095  5009347.437  3221000.423
2022  62  29984 GPS  -2267805.092  5009347.432  3221000.424
2022  62  29985 GPS  -2267805.087  5009347.416  3221000.419
2022  62  29986 GPS  -2267805.085  5009347.411  3221000.414
2022  62  29987 GPS  -2267805.085  5009347.408  3221000.409
2022  62  29988 GPS  -2267805.084  5009347.403  3221000.409
2022  62  29989 GPS  -2267805.087  5009347.402  3221000.408
2022  62  29990 GPS  -2267805.083  5009347.390  3221000.403
2022  62  29991 GPS  -2267805.085  5009347.381  3221000.401
2022  62  29992 GPS  -2267805.084  5009347.378  3221000.400
2022  62  29993 GPS  -2267805.088  5009347.374  3221000.402
2022  62  29994 GPS  -2267805.084  5009347.371  3221000.397
2022  62  29995 GPS  -2267805.086  5009347.374  3221000.400
2022  62  29996 GPS  -2267805.082  5009347.374  3221000.401
2022  62  29997 GPS  -2267805.078  5009347.367  3221000.396
2022  62  29998 GPS  -2267805.076  5009347.366  3221000.396
2022  62  29999 GPS  -2267805.076  5009347.362  3221000.392
2022  62  30000 GPS  -2267805.077  5009347.358  3221000.387
2022  62  30001 GPS  -2267805.077  5009347.356  3221000.388
2022  62  30002 GPS  -2267805.079  5009347.361  3221000.388
2022  62  30003 GPS  -2267805.078  5009347.355  3221000.384
2022  62  30004 GPS  -2267805.075  5009347.355  3221000.380
2022  62  30005 GPS  -2267805.076  5009347.355  3221000.380
2022  62  30006 GPS  -2267805.074  5009347.355  3221000.379
2022  62  30007 GPS  -2267805.074  5009347.360  3221000.385
2022  62  30008 GPS  -2267805.077  5009347.368  3221000.394
2022  62  30009 GPS  -2267805.080  5009347.375  3221000.397
2022  62  30010 GPS  -2267805.083  5009347.381  3221000.393
2022  62  30011 GPS  -2267805.080  5009347.390  3221000.394
2022  62  30012 GPS  -2267805.080  5009347.394  3221000.395
2022  62  30013 GPS  -2267805.082  5009347.402  3221000.403
2022  62  30014 GPS  -2267805.083  5009347.403  3221000.404
2022  62  30015 GPS  -2267805.081  5009347.411  3221000.403
2022  62  30016 GPS  -2267805.075  5009347.404  3221000.398
2022  62  30017 GPS  -2267805.074  5009347.410  3221000.400
2022  62  30018 GPS  -2267805.079  5009347.417  3221000.400
2022  62  30019 GPS  -2267805.077  5009347.413  3221000.395
2022  62  30020 GPS  -2267805.073  5009347.410  3221000.393
2022  62  30021 GPS  -2267805.072  5009347.411  3221000.394
2022  62  30022 GPS  -2267805.074  5009347.405  3221000.392
2022  62  30023 GPS  -2267805.076  5009347.403  3221000.386
2022  62  30024 GPS  -2267805.081  5009347.408  3221000.379
2022  62  30025 GPS  -2267805.079  5009347.404  3221000.374
2022  62  30026 GPS  -2267805.081  5009347.412  3221000.371
2022  62  30027 GPS  -2267805.080  5009347.406  3221000.363
2022  62  30028 GPS  -2267805.078  5009347.402  3221000.361
2022  62  30029 GPS  -2267805.072  5009347.405  3221000.360
2022  62  30030 GPS  -2267805.070  5009347.401  3221000.358
2022  62  30031 GPS  -2267805.068  5009347.404  3221000.357
2022  62  30032 GPS  -2267805.062  5009347.397  3221000.355
2022  62  30033 GPS  -2267805.057  5009347.393  3221000.355
2022  62  30034 GPS  -2267805.057  5009347.391  3221000.353
2022  62  30035 GPS  -2267805.059  5009347.382  3221000.353
2022  62  30036 GPS  -2267805.054  5009347.378  3221000.355
2022  62  30037 GPS  -2267805.052  5009347.376  3221000.354
2022  62  30038 GPS  -2267805.054  5009347.373  3221000.353
2022  62  30039 GPS  -2267805.048  5009347.362  3221000.351
2022  62  30040 GPS  -2267805.046  5009347.356  3221000.349
2022  62  30041 GPS  -2267805.044  5009347.349  3221000.345
2022  62  30042 GPS  -2267805.047  5009347.350  3221000.341
2022  62  30043 GPS  -2267805.039  5009347.341  3221000.336
2022  62  30044 GPS  -2267805.034  5009347.337  3221000.333
2022  62  30045 GPS  -2267805.033  5009347.337  3221000.332
2022  62  30046 GPS  -2267805.030  5009347.328  3221000.330
2022  62  30047 GPS  -2267805.030  5009347.327  3221000.334
2022  62  30048 GPS  -2267805.030  5009347.326  3221000.336
2022  62  30049 GPS  -2267805.035  5009347.323  3221000.337
2022  62  30050 GPS  -2267805.035  5009347.327  3221000.345
2022  62  30051 GPS  -2267805.031  5009347.318  3221000.344
2022  62  30052 GPS  -2267805.037  5009347.323  3221000.347
2022  62  30053 GPS  -2267805.044  5009347.332  3221000.350
2022  62  30054 GPS  -2267805.051  5009347.344  3221000.360
2022  62  30055 GPS  -2267805.057  5009347.358  3221000.368
2022  62  30056 GPS  -2267805.057  5009347.371  3221000.375
2022  62  30057 GPS  -2267805.055  5009347.374  3221000.377
2022  62  30058 GPS  -2267805.051  5009347.380  3221000.374
2022  62  30059 GPS  -2267805.048  5009347.384  3221000.371
2022  62  30060 GPS  -2267805.048  5009347.391  3221000.368
2022  62  30061 GPS  -2267805.048  5009347.389  3221000.363
2022  62  30062 GPS  -2267805.048  5009347.393  3221000.355
2022  62  30063 GPS  -2267805.051  5009347.401  3221000.352
2022  62  30064 GPS  -2267805.053  5009347.410  3221000.350
2022  62  30065 GPS  -2267805.052  5009347.419  3221000.347
2022  62  30066 GPS  -2267805.053  5009347.430  3221000.346
2022  62  30067 GPS  -2267805.057  5009347.444  3221000.347
2022  62  30068 GPS  -2267805.062  5009347.455  3221000.350
2022  62  30069 GPS  -2267805.066  5009347.471  3221000.355
2022  62  30070 GPS  -2267805.070  5009347.481  3221000.354
2022  62  30071 GPS  -2267805.072  5009347.488  3221000.354
2022  62  30072 GPS  -2267805.078  5009347.497  3221000.356
2022  62  30073 GPS  -2267805.087  5009347.509  3221000.359
2022  62  30074 GPS  -2267805.091  5009347.513  3221000.361
2022  62  30075 GPS  -2267805.092  5009347.515  3221000.362
2022  62  30076 GPS  -2267805.095  5009347.521  3221000.367
2022  62  30077 GPS  -2267805.097  5009347.520  3221000.365
2022  62  30078 GPS  -2267805.102  5009347.521  3221000.370
2022  62  30079 GPS  -2267805.099  5009347.512  3221000.367
2022  62  30080 GPS  -2267805.097  5009347.504  3221000.368
2022  62  30081 GPS  -2267805.097  5009347.508  3221000.373
2022  62  30082 GPS  -2267805.099  5009347.514  3221000.378
2022  62  30083 GPS  -2267805.099  5009347.512  3221000.382
2022  62  30084 GPS  -2267805.096  5009347.511  3221000.387
2022  62  30085 GPS  -2267805.094  5009347.507  3221000.386
2022  62  30086 GPS  -2267805.094  5009347.507  3221000.389
2022  62  30087 GPS  -2267805.090  5009347.499  3221000.389
2022  62  30088 GPS  -2267805.085  5009347.490  3221000.387
2022  62  30089 GPS  -2267805.080  5009347.480  3221000.386
2022  62  30090 GPS  -2267805.075  5009347.473  3221000.390
2022  62  30091 GPS  -2267805.075  5009347.467  3221000.393
2022  62  30092 GPS  -2267805.071  5009347.458  3221000.395
2022  62  30093 GPS  -2267805.068  5009347.456  3221000.401
2022  62  30094 GPS  -2267805.069  5009347.451  3221000.407
2022  62  30095 GPS  -2267805.073  5009347.444  3221000.410
2022  62  30096 GPS  -2267805.073  5009347.438  3221000.414
2022  62  30097 GPS  -2267805.068  5009347.431  3221000.415
2022  62  30098 GPS  -2267805.063  5009347.421  3221000.416
2022  62  30099 GPS  -2267805.061  5009347.417  3221000.423
2022  62  30100 GPS  -2267805.063  5009347.420  3221000.431
2022  62  30101 GPS  -2267805.064  5009347.422  3221000.437
2022  62  30102 GPS  -2267805.062  5009347.424  3221000.437
2022  62  30103 GPS  -2267805.060  5009347.420  3221000.436
2022  62  30104 GPS  -2267805.058  5009347.418  3221000.442
2022  62  30105 GPS  -2267805.059  5009347.419  3221000.449
2022  62  30106 GPS  -2267805.063  5009347.433  3221000.462
2022  62  30107 GPS  -2267805.063  5009347.439  3221000.465
2022  62  30108 GPS  -2267805.059  5009347.443  3221000.468
2022  62  30109 GPS  -2267805.060  5009347.448  3221000.480
2022  62  30110 GPS  -2267805.062  5009347.458  3221000.488
2022  62  30111 GPS  -2267805.067  5009347.461  3221000.499
2022  62  30112 GPS  -2267805.074  5009347.468  3221000.510
2022  62  30113 GPS  -2267805.076  5009347.463  3221000.510
2022  62  30114 GPS  -2267805.076  5009347.456  3221000.509
2022  62  30115 GPS  -2267805.081  5009347.451  3221000.509
2022  62  30116 GPS  -2267805.085  5009347.449  3221000.507
2022  62  30117 GPS  -2267805.085  5009347.451  3221000.506
2022  62  30118 GPS  -2267805.082  5009347.450  3221000.506
2022  62  30119 GPS  -2267805.075  5009347.449  3221000.501
2022  62  30120 GPS  -2267805.073  5009347.449  3221000.498
2022  62  30121 GPS  -2267805.068  5009347.449  3221000.490
2022  62  30122 GPS  -2267805.059  5009347.438  3221000.484
2022  62  30123 GPS  -2267805.057  5009347.440  3221000.483
2022  62  30124 GPS  -2267805.061  5009347.443  3221000.485
2022  62  30125 GPS  -2267805.059  5009347.437  3221000.481
2022  62  30126 GPS  -2267805.057  5009347.426  3221000.476
2022  62  30127 GPS  -2267805.061  5009347.418  3221000.474
2022  62  30128 GPS  -2267805.069  5009347.419  3221000.473
2022  62  30129 GPS  -2267805.069  5009347.411  3221000.472
2022  62  30130 GPS  -2267805.071  5009347.407  3221000.470
2022  62  30131 GPS  -2267805.066  5009347.400  3221000.466
2022  62  30132 GPS  -2267805.065  5009347.402  3221000.468
2022  62  30133 GPS  -2267805.064  5009347.401  3221000.467
2022  62  30134 GPS  -2267805.061  5009347.399  3221000.468
2022  62  30135 GPS  -2267805.056  5009347.378  3221000.458
2022  62  30136 GPS  -2267805.056  5009347.371  3221000.453
2022  62  30137 GPS  -2267805.051  5009347.356  3221000.439
2022  62  30138 GPS  -2267805.045  5009347.342  3221000.431
2022  62  30139 GPS  -2267805.045  5009347.334  3221000.425
2022  62  30140 GPS  -2267805.048  5009347.331  3221000.420
2022  62  30141 GPS  -2267805.047  5009347.314  3221000.411
2022  62  30142 GPS  -2267805.050  5009347.315  3221000.413
2022  62  30143 GPS  -2267805.052  5009347.314  3221000.414
2022  62  30144 GPS  -2267805.054  5009347.322  3221000.418
2022  62  30145 GPS  -2267805.052  5009347.324  3221000.421
2022  62  30146 GPS  -2267805.045  5009347.325  3221000.415
2022  62  30147 GPS  -2267805.047  5009347.318  3221000.411
2022  62  30148 GPS  -2267805.051  5009347.324  3221000.411
2022  62  30149 GPS  -2267805.056  5009347.319  3221000.405
2022  62  30150 GPS  -2267805.054  5009347.311  3221000.396
2022  62  30151 GPS  -2267805.049  5009347.305  3221000.390
2022  62  30152 GPS  -2267805.052  5009347.306  3221000.393
2022  62  30153 GPS  -2267805.060  5009347.308  3221000.395
2022  62  30154 GPS  -2267805.068  5009347.311  3221000.396
2022  62  30155 GPS  -2267805.076  5009347.317  3221000.398
2022  62  30156 GPS  -2267805.085  5009347.323  3221000.400
2022  62  30157 GPS  -2267805.088  5009347.322  3221000.399
2022  62  30158 GPS  -2267805.085  5009347.318  3221000.395
2022  62  30159 GPS  -2267805.087  5009347.313  3221000.391
2022  62  30160 GPS  -2267805.091  5009347.308  3221000.388
2022  62  30161 GPS  -2267805.094  5009347.306  3221000.388
2022  62  30162 GPS  -2267805.098  5009347.307  3221000.389
2022  62  30163 GPS  -2267805.100  5009347.309  3221000.393
2022  62  30164 GPS  -2267805.108  5009347.322  3221000.396
2022  62  30165 GPS  -2267805.114  5009347.336  3221000.401
2022  62  30166 GPS  -2267805.117  5009347.339  3221000.401
2022  62  30167 GPS  -2267805.120  5009347.349  3221000.403
2022  62  30168 GPS  -2267805.122  5009347.357  3221000.407
2022  62  30169 GPS  -2267805.123  5009347.361  3221000.413
2022  62  30170 GPS  -2267805.128  5009347.372  3221000.413
2022  62  30171 GPS  -2267805.130  5009347.372  3221000.409
2022  62  30172 GPS  -2267805.133  5009347.378  3221000.405
2022  62  30173 GPS  -2267805.132  5009347.384  3221000.407
2022  62  30174 GPS  -2267805.131  5009347.377  3221000.406
2022  62  30175 GPS  -2267805.122  5009347.364  3221000.402
2022  62  30176 GPS  -2267805.116  5009347.356  3221000.395
2022  62  30177 GPS  -2267805.112  5009347.352  3221000.395
2022  62  30178 GPS  -2267805.104  5009347.337  3221000.388
2022  62  30179 GPS  -2267805.094  5009347.330  3221000.388
2022  62  30180 GPS  -2267805.088  5009347.325  3221000.386
2022  62  30181 GPS  -2267805.086  5009347.327  3221000.385
2022  62  30182 GPS  -2267805.086  5009347.334  3221000.386
2022  62  30183 GPS  -2267805.080  5009347.330  3221000.387
2022  62  30184 GPS  -2267805.077  5009347.322  3221000.382
2022  62  30185 GPS  -2267805.074  5009347.322  3221000.381
2022  62  30186 GPS  -2267805.067  5009347.330  3221000.378
2022  62  30187 GPS  -2267805.064  5009347.328  3221000.374
2022  62  30188 GPS  -2267805.060  5009347.315  3221000.368
2022  62  30189 GPS  -2267805.056  5009347.303  3221000.362
2022  62  30190 GPS  -2267805.054  5009347.299  3221000.358
2022  62  30191 GPS  -2267805.057  5009347.300  3221000.358
2022  62  30192 GPS  -2267805.054  5009347.295  3221000.355
2022  62  30193 GPS  -2267805.050  5009347.288  3221000.352
2022  62  30194 GPS  -2267805.052  5009347.286  3221000.349
2022  62  30195 GPS  -2267805.053  5009347.285  3221000.348
2022  62  30196 GPS  -2267805.056  5009347.285  3221000.355
2022  62  30197 GPS  -2267805.057  5009347.289  3221000.360
2022  62  30198 GPS  -2267805.055  5009347.299  3221000.365
2022  62  30199 GPS  -2267805.059  5009347.310  3221000.368
2022  62  30200 GPS  -2267805.058  5009347.317  3221000.371
2022  62  30201 GPS  -2267805.066  5009347.319  3221000.373
2022  62  30202 GPS  -2267805.072  5009347.324  3221000.377
2022  62  30203 GPS  -2267805.077  5009347.326  3221000.380
2022  62  30204 GPS  -2267805.087  5009347.337  3221000.388
2022  62  30205 GPS  -2267805.089  5009347.335  3221000.390
2022  62  30206 GPS  -2267805.095  5009347.344  3221000.395
2022  62  30207 GPS  -2267805.098  5009347.348  3221000.397
2022  62  30208 GPS  -2267805.100  5009347.352  3221000.398
2022  62  30209 GPS  -2267805.103  5009347.353  3221000.395
2022  62  30210 GPS  -2267805.105  5009347.356  3221000.393
2022  62  30211 GPS  -2267805.110  5009347.359  3221000.393
2022  62  30212 GPS  -2267805.117  5009347.367  3221000.396
2022  62  30213 GPS  -2267805.119  5009347.369  3221000.393
2022  62  30214 GPS  -2267805.122  5009347.363  3221000.389
2022  62  30215 GPS  -2267805.123  5009347.368  3221000.388
2022  62  30216 GPS  -2267805.122  5009347.373  3221000.390
2022  62  30217 GPS  -2267805.120  5009347.368  3221000.389
2022  62  30218 GPS  -2267805.122  5009347.374  3221000.388
2022  62  30219 GPS  -2267805.121  5009347.374  3221000.387
2022  62  30220 GPS  -2267805.116  5009347.362  3221000.380
2022  62  30221 GPS  -2267805.110  5009347.347  3221000.373
2022  62  30222 GPS  -2267805.109  5009347.341  3221000.375
2022  62  30223 GPS  -2267805.113  5009347.337  3221000.377
2022  62  30224 GPS  -2267805.120  5009347.342  3221000.381
2022  62  30225 GPS  -2267805.126  5009347.345  3221000.387
2022  62  30226 GPS  -2267805.129  5009347.344  3221000.389
2022  62  30227 GPS  -2267805.131  5009347.341  3221000.392
2022  62  30228 GPS  -2267805.134  5009347.344  3221000.396
2022  62  30229 GPS  -2267805.134  5009347.344  3221000.401
2022  62  30230 GPS  -2267805.135  5009347.352  3221000.410
2022  62  30231 GPS  -2267805.136  5009347.365  3221000.421
2022  62  30232 GPS  -2267805.133  5009347.369  3221000.425
2022  62  30233 GPS  -2267805.136  5009347.381  3221000.431
2022  62  30234 GPS  -2267805.141  5009347.397  3221000.439
2022  62  30235 GPS  -2267805.140  5009347.407  3221000.446
2022  62  30236 GPS  -2267805.143  5009347.410  3221000.448
2022  62  30237 GPS  -2267805.147  5009347.412  3221000.454
2022  62  30238 GPS  -2267805.143  5009347.409  3221000.460
2022  62  30239 GPS  -2267805.139  5009347.413  3221000.462
2022  62  30240 GPS  -2267805.139  5009347.414  3221000.468
2022  62  30241 GPS  -2267805.143  5009347.420  3221000.476
2022  62  30242 GPS  -2267805.148  5009347.424  3221000.483
2022  62  30243 GPS  -2267805.151  5009347.421  3221000.489
2022  62  30244 GPS  -2267805.156  5009347.417  3221000.492
2022  62  30245 GPS  -2267805.162  5009347.417  3221000.491
2022  62  30246 GPS  -2267805.166  5009347.423  3221000.496
2022  62  30247 GPS  -2267805.168  5009347.423  3221000.496
2022  62  30248 GPS  -2267805.163  5009347.424  3221000.497
2022  62  30249 GPS  -2267805.158  5009347.423  3221000.503
2022  62  30250 GPS  -2267805.158  5009347.422  3221000.507
2022  62  30251 GPS  -2267805.159  5009347.425  3221000.509
2022  62  30252 GPS  -2267805.156  5009347.420  3221000.506
2022  62  30253 GPS  -2267805.159  5009347.422  3221000.505
2022  62  30254 GPS  -2267805.164  5009347.425  3221000.506
2022  62  30255 GPS  -2267805.168  5009347.431  3221000.508
2022  62  30256 GPS  -2267805.167  5009347.428  3221000.510
2022  62  30257 GPS  -2267805.166  5009347.426  3221000.506
2022  62  30258 GPS  -2267805.160  5009347.422  3221000.500
2022  62  30259 GPS  -2267805.155  5009347.412  3221000.494
2022  62  30260 GPS  -2267805.158  5009347.415  3221000.493
2022  62  30261 GPS  -2267805.162  5009347.417  3221000.489
2022  62  30262 GPS  -2267805.160  5009347.407  3221000.482
2022  62  30263 GPS  -2267805.155  5009347.395  3221000.476
2022  62  30264 GPS  -2267805.154  5009347.396  3221000.473
2022  62  30265 GPS  -2267805.158  5009347.397  3221000.467
2022  62  30266 GPS  -2267805.159  5009347.395  3221000.464
2022  62  30267 GPS  -2267805.160  5009347.391  3221000.457
2022  62  30268 GPS  -2267805.160  5009347.386  3221000.453
2022  62  30269 GPS  -2267805.161  5009347.376  3221000.451
2022  62  30270 GPS  -2267805.158  5009347.362  3221000.448
2022  62  30271 GPS  -2267805.161  5009347.355  3221000.449
2022  62  30272 GPS  -2267805.157  5009347.350  3221000.447
2022  62  30273 GPS  -2267805.153  5009347.341  3221000.446
2022  62  30274 GPS  -2267805.150  5009347.338  3221000.449
2022  62  30275 GPS  -2267805.147  5009347.326  3221000.443
2022  62  30276 GPS  -2267805.144  5009347.316  3221000.438
2022  62  30277 GPS  -2267805.144  5009347.313  3221000.438
2022  62  30278 GPS  -2267805.145  5009347.309  3221000.434
2022  62  30279 GPS  -2267805.143  5009347.310  3221000.432
2022  62  30280 GPS  -2267805.141  5009347.308  3221000.429
2022  62  30281 GPS  -2267805.139  5009347.310  3221000.431
2022  62  30282 GPS  -2267805.134  5009347.308  3221000.434
2022  62  30283 GPS  -2267805.128  5009347.299  3221000.429
2022  62  30284 GPS  -2267805.127  5009347.302  3221000.431
2022  62  30285 GPS  -2267805.126  5009347.304  3221000.431
2022  62  30286 GPS  -2267805.124  5009347.303  3221000.435
2022  62  30287 GPS  -2267805.128  5009347.314  3221000.440
2022  62  30288 GPS  -2267805.135  5009347.330  3221000.444
2022  62  30289 GPS  -2267805.134  5009347.334  3221000.446
2022  62  30290 GPS  -2267805.128  5009347.329  3221000.441
2022  62  30291 GPS  -2267805.124  5009347.324  3221000.436
2022  62  30292 GPS  -2267805.118  5009347.314  3221000.420
2022  62  30293 GPS  -2267805.110  5009347.305  3221000.410
2022  62  30294 GPS  -2267805.104  5009347.298  3221000.400
2022  62  30295 GPS  -2267805.098  5009347.286  3221000.390
2022  62  30296 GPS  -2267805.087  5009347.274  3221000.378
2022  62  30297 GPS  -2267805.080  5009347.266  3221000.372
2022  62  30298 GPS  -2267805.075  5009347.268  3221000.371
2022  62  30299 GPS  -2267805.069  5009347.265  3221000.369
2022  62  30300 GPS  -2267805.060  5009347.260  3221000.365
2022  62  30301 GPS  -2267805.049  5009347.254  3221000.363
2022  62  30302 GPS  -2267805.039  5009347.241  3221000.356
2022  62  30303 GPS  -2267805.030  5009347.232  3221000.348
2022  62  30304 GPS  -2267805.019  5009347.220  3221000.342
2022  62  30305 GPS  -2267805.013  5009347.215  3221000.337
2022  62  30306 GPS  -2267805.006  5009347.213  3221000.335
2022  62  30307 GPS  -2267805.000  5009347.202  3221000.322
2022  62  30308 GPS  -2267804.988  5009347.199  3221000.314
2022  62  30309 GPS  -2267804.974  5009347.185  3221000.303
2022  62  30310 GPS  -2267804.962  5009347.173  3221000.298
2022  62  30311 GPS  -2267804.954  5009347.169  3221000.295
2022  62  30312 GPS  -2267804.946  5009347.166  3221000.290
2022  62  30313 GPS  -2267804.936  5009347.158  3221000.285
2022  62  30314 GPS  -2267804.926  5009347.147  3221000.282
2022  62  30315 GPS  -2267804.916  5009347.140  3221000.279
2022  62  30316 GPS  -2267804.911  5009347.134  3221000.271
2022  62  30317 GPS  -2267804.907  5009347.136  3221000.267
2022  62  30318 GPS  -2267804.902  5009347.129  3221000.257
2022  62  30319 GPS  -2267804.895  5009347.119  3221000.248
2022  62  30320 GPS  -2267804.890  5009347.118  3221000.247
2022  62  30321 GPS  -2267804.885  5009347.117  3221000.247
2022  62  30322 GPS  -2267804.876  5009347.114  3221000.246
2022  62  30323 GPS  -2267804.871  5009347.113  3221000.245
2022  62  30324 GPS  -2267804.870  5009347.119  3221000.246
2022  62  30325 GPS  -2267804.868  5009347.125  3221000.250
2022  62  30326 GPS  -2267804.868  5009347.126  3221000.250
2022  62  30327 GPS  -2267804.870  5009347.133  3221000.255
2022  62  30328 GPS  -2267804.871  5009347.139  3221000.262
2022  62  30329 GPS  -2267804.873  5009347.133  3221000.259
2022  62  30330 GPS  -2267804.872  5009347.130  3221000.255
2022  62  30331 GPS  -2267804.873  5009347.126  3221000.252
2022  62  30332 GPS  -2267804.868  5009347.122  3221000.251
2022  62  30333 GPS  -2267804.866  5009347.116  3221000.251
2022  62  30334 GPS  -2267804.866  5009347.114  3221000.253
2022  62  30335 GPS  -2267804.865  5009347.110  3221000.252
2022  62  30336 GPS  -2267804.865  5009347.111  3221000.257
2022  62  30337 GPS  -2267804.867  5009347.113  3221000.263
2022  62  30338 GPS  -2267804.865  5009347.110  3221000.267
2022  62  30339 GPS  -2267804.863  5009347.112  3221000.273
2022  62  30340 GPS  -2267804.861  5009347.117  3221000.280
2022  62  30341 GPS  -2267804.861  5009347.114  3221000.284
2022  62  30342 GPS  -2267804.862  5009347.116  3221000.288
2022  62  30343 GPS  -2267804.866  5009347.121  3221000.291
2022  62  30344 GPS  -2267804.868  5009347.126  3221000.291
2022  62  30345 GPS  -2267804.865  5009347.125  3221000.295
2022  62  30346 GPS  -2267804.863  5009347.127  3221000.298
2022  62  30347 GPS  -2267804.865  5009347.123  3221000.299
2022  62  30348 GPS  -2267804.859  5009347.120  3221000.296
2022  62  30349 GPS  -2267804.856  5009347.120  3221000.301
2022  62  30350 GPS  -2267804.857  5009347.124  3221000.307
2022  62  30351 GPS  -2267804.853  5009347.123  3221000.313
2022  62  30352 GPS  -2267804.851  5009347.119  3221000.317
2022  62  30353 GPS  -2267804.850  5009347.117  3221000.320
2022  62  30354 GPS  -2267804.855  5009347.126  3221000.329
2022  62  30355 GPS  -2267804.859  5009347.129  3221000.332
2022  62  30356 GPS  -2267804.861  5009347.131  3221000.330
2022  62  30357 GPS  -2267804.860  5009347.134  3221000.325
2022  62  30358 GPS  -2267804.860  5009347.144  3221000.325
2022  62  30359 GPS  -2267804.859  5009347.136  3221000.317
2022  62  30360 GPS  -2267804.851  5009347.133  3221000.305
2022  62  30361 GPS  -2267804.846  5009347.132  3221000.295
2022  62  30362 GPS  -2267804.846  5009347.129  3221000.285
2022  62  30363 GPS  -2267804.849  5009347.127  3221000.274
2022  62  30364 GPS  -2267804.853  5009347.129  3221000.264
2022  62  30365 GPS  -2267804.854  5009347.132  3221000.255
2022  62  30366 GPS  -2267804.852  5009347.132  3221000.244
2022  62  30367 GPS  -2267804.851  5009347.132  3221000.234
2022  62  30368 GPS  -2267804.849  5009347.129  3221000.223
2022  62  30369 GPS  -2267804.847  5009347.127  3221000.210
2022  62  30370 GPS  -2267804.850  5009347.129  3221000.205
2022  62  30371 GPS  -2267804.850  5009347.129  3221000.197
2022  62  30372 GPS  -2267804.845  5009347.126  3221000.184
2022  62  30373 GPS  -2267804.845  5009347.127  3221000.175
2022  62  30374 GPS  -2267804.844  5009347.128  3221000.171
2022  62  30375 GPS  -2267804.847  5009347.124  3221000.168
2022  62  30376 GPS  -2267804.848  5009347.120  3221000.162
2022  62  30377 GPS  -2267804.849  5009347.115  3221000.165
2022  62  30378 GPS  -2267804.850  5009347.116  3221000.167
2022  62  30379 GPS  -2267804.852  5009347.117  3221000.169
2022  62  30380 GPS  -2267804.855  5009347.110  3221000.169
2022  62  30381 GPS  -2267804.858  5009347.108  3221000.166
2022  62  30382 GPS  -2267804.858  5009347.103  3221000.168
2022  62  30383 GPS  -2267804.853  5009347.087  3221000.159
2022  62  30384 GPS  -2267804.850  5009347.072  3221000.151
2022  62  30385 GPS  -2267804.843  5009347.054  3221000.144
2022  62  30386 GPS  -2267804.839  5009347.037  3221000.131
2022  62  30387 GPS  -2267804.837  5009347.023  3221000.123
2022  62  30388 GPS  -2267804.832  5009347.015  3221000.115
2022  62  30389 GPS  -2267804.826  5009347.000  3221000.107
2022  62  30390 GPS  -2267804.814  5009346.982  3221000.097
2022  62  30391 GPS  -2267804.807  5009346.963  3221000.092
2022  62  30392 GPS  -2267804.802  5009346.944  3221000.080
2022  62  30393 GPS  -2267804.803  5009346.932  3221000.069
2022  62  30394 GPS  -2267804.803  5009346.922  3221000.067
2022  62  30395 GPS  -2267804.803  5009346.913  3221000.063
2022  62  30396 GPS  -2267804.802  5009346.905  3221000.062
2022  62  30397 GPS  -2267804.801  5009346.896  3221000.059
2022  62  30398 GPS  -2267804.799  5009346.879  3221000.050
2022  62  30399 GPS  -2267804.795  5009346.862  3221000.040
2022  62  30400 GPS  -2267804.794  5009346.849  3221000.029
2022  62  30401 GPS  -2267804.790  5009346.838  3221000.026
2022  62  30402 GPS  -2267804.781  5009346.827  3221000.021
2022  62  30403 GPS  -2267804.772  5009346.824  3221000.022
2022  62  30404 GPS  -2267804.769  5009346.820  3221000.012
2022  62  30405 GPS  -2267804.768  5009346.820  3221000.006
2022  62  30406 GPS  -2267804.770  5009346.819  3221000.003
2022  62  30407 GPS  -2267804.772  5009346.809  3220999.996
2022  62  30408 GPS  -2267804.769  5009346.802  3220999.991
2022  62  30409 GPS  -2267804.773  5009346.809  3220999.991
2022  62  30410 GPS  -2267804.771  5009346.812  3220999.989
2022  62  30411 GPS  -2267804.770  5009346.825  3220999.989
2022  62  30412 GPS  -2267804.765  5009346.839  3220999.996
2022  62  30413 GPS  -2267804.762  5009346.854  3221000.003
2022  62  30414 GPS  -2267804.764  5009346.863  3221000.005
2022  62  30415 GPS  -2267804.762  5009346.867  3221000.003
2022  62  30416 GPS  -2267804.759  5009346.877  3221000.002
2022  62  30417 GPS  -2267804.758  5009346.885  3220999.998
2022  62  30418 GPS  -2267804.760  5009346.888  3220999.992
2022  62  30419 GPS  -2267804.756  5009346.886  3220999.985
2022  62  30420 GPS  -2267804.751  5009346.882  3220999.981
2022  62  30421 GPS  -2267804.753  5009346.886  3220999.982
2022  62  30422 GPS  -2267804.755  5009346.894  3220999.986
2022  62  30423 GPS  -2267804.757  5009346.893  3220999.986
2022  62  30424 GPS  -2267804.765  5009346.894  3220999.986
2022  62  30425 GPS  -2267804.771  5009346.897  3220999.982
2022  62  30426 GPS  -2267804.777  5009346.899  3220999.977
2022  62  30427 GPS  -2267804.782  5009346.899  3220999.972
2022  62  30428 GPS  -2267804.779  5009346.903  3220999.971
2022  62  30429 GPS  -2267804.777  5009346.892  3220999.966
2022  62  30430 GPS  -2267804.774  5009346.885  3220999.959
2022  62  30431 GPS  -2267804.771  5009346.876  3220999.949
2022  62  30432 GPS  -2267804.776  5009346.875  3220999.950
2022  62  30433 GPS  -2267804.775  5009346.869  3220999.945
2022  62  30434 GPS  -2267804.778  5009346.864  3220999.936
2022  62  30435 GPS  -2267804.777  5009346.867  3220999.932
2022  62  30436 GPS  -2267804.776  5009346.865  3220999.924
2022  62  30437 GPS  -2267804.773  5009346.852  3220999.918
2022  62  30438 GPS  -2267804.768  5009346.847  3220999.915
2022  62  30439 GPS  -2267804.768  5009346.848  3220999.910
2022  62  30440 GPS  -2267804.772  5009346.850  3220999.910
2022  62  30441 GPS  -2267804.768  5009346.853  3220999.909
2022  62  30442 GPS  -2267804.768  5009346.850  3220999.909
2022  62  30443 GPS  -2267804.766  5009346.841  3220999.903
2022  62  30444 GPS  -2267804.762  5009346.827  3220999.901
2022  62  30445 GPS  -2267804.764  5009346.821  3220999.899
2022  62  30446 GPS  -2267804.763  5009346.819  3220999.900
2022  62  30447 GPS  -2267804.762  5009346.813  3220999.896
2022  62  30448 GPS  -2267804.764  5009346.810  3220999.894
2022  62  30449 GPS  -2267804.761  5009346.810  3220999.897
2022  62  30450 GPS  -2267804.758  5009346.805  3220999.896
2022  62  30451 GPS  -2267804.750  5009346.791  3220999.888
2022  62  30452 GPS  -2267804.746  5009346.782  3220999.883
2022  62  30453 GPS  -2267804.744  5009346.770  3220999.878
2022  62  30454 GPS  -2267804.748  5009346.769  3220999.874
2022  62  30455 GPS  -2267804.752  5009346.768  3220999.874
2022  62  30456 GPS  -2267804.754  5009346.772  3220999.875
2022  62  30457 GPS  -2267804.756  5009346.777  3220999.873
2022  62  30458 GPS  -2267804.761  5009346.786  3220999.876
2022  62  30459 GPS  -2267804.769  5009346.801  3220999.884
2022  62  30460 GPS  -2267804.776  5009346.813  3220999.895
2022  62  30461 GPS  -2267804.776  5009346.812  3220999.894
2022  62  30462 GPS  -2267804.782  5009346.819  3220999.900
2022  62  30463 GPS  -2267804.790  5009346.828  3220999.908
2022  62  30464 GPS  -2267804.803  5009346.840  3220999.914
2022  62  30465 GPS  -2267804.808  5009346.845  3220999.917
2022  62  30466 GPS  -2267804.819  5009346.856  3220999.929
2022  62  30467 GPS  -2267804.827  5009346.867  3220999.940
2022  62  30468 GPS  -2267804.832  5009346.875  3220999.946
2022  62  30469 GPS  -2267804.837  5009346.878  3220999.949
2022  62  30470 GPS  -2267804.840  5009346.883  3220999.955
2022  62  30471 GPS  -2267804.843  5009346.892  3220999.965
2022  62  30472 GPS  -2267804.848  5009346.907  3220999.979
2022  62  30473 GPS  -2267804.851  5009346.915  3220999.988
2022  62  30474 GPS  -2267804.845  5009346.915  3220999.992
2022  62  30475 GPS  -2267804.843  5009346.911  3220999.998
2022  62  30476 GPS  -2267804.838  5009346.911  3220999.998
2022  62  30477 GPS  -2267804.837  5009346.904  3220999.997
2022  62  30478 GPS  -2267804.835  5009346.898  3220999.998
2022  62  30479 GPS  -2267804.833  5009346.893  3221000.002
2022  62  30480 GPS  -2267804.824  5009346.875  3220999.995
2022  62  30481 GPS  -2267804.821  5009346.858  3220999.990
2022  62  30482 GPS  -2267804.815  5009346.838  3220999.983
2022  62  30483 GPS  -2267804.808  5009346.818  3220999.974
2022  62  30484 GPS  -2267804.800  5009346.801  3220999.968
2022  62  30485 GPS  -2267804.793  5009346.788  3220999.963
2022  62  30486 GPS  -2267804.783  5009346.778  3220999.957
2022  62  30487 GPS  -2267804.773  5009346.767  3220999.949
2022  62  30488 GPS  -2267804.765  5009346.760  3220999.949
2022  62  30489 GPS  -2267804.760  5009346.755  3220999.950
2022  62  30490 GPS  -2267804.758  5009346.754  3220999.951
2022  62  30491 GPS  -2267804.757  5009346.747  3220999.947
2022  62  30492 GPS  -2267804.761  5009346.751  3220999.952
2022  62  30493 GPS  -2267804.757  5009346.748  3220999.954
2022  62  30494 GPS  -2267804.758  5009346.751  3220999.961
2022  62  30495 GPS  -2267804.760  5009346.755  3220999.967
2022  62  30496 GPS  -2267804.763  5009346.755  3220999.969
2022  62  30497 GPS  -2267804.768  5009346.762  3220999.974
2022  62  30498 GPS  -2267804.771  5009346.769  3220999.978
2022  62  30499 GPS  -2267804.770  5009346.765  3220999.973
2022  62  30500 GPS  -2267804.773  5009346.770  3220999.977
2022  62  30501 GPS  -2267804.772  5009346.770  3220999.977
2022  62  30502 GPS  -2267804.776  5009346.779  3220999.982
2022  62  30503 GPS  -2267804.775  5009346.788  3220999.984
2022  62  30504 GPS  -2267804.775  5009346.797  3220999.989
2022  62  30505 GPS  -2267804.777  5009346.810  3220999.996
2022  62  30506 GPS  -2267804.782  5009346.826  3221000.007
2022  62  30507 GPS  -2267804.784  5009346.839  3221000.012
2022  62  30508 GPS  -2267804.786  5009346.855  3221000.022
2022  62  30509 GPS  -2267804.790  5009346.865  3221000.027
2022  62  30510 GPS  -2267804.794  5009346.872  3221000.030
2022  62  30511 GPS  -2267804.795  5009346.873  3221000.029
2022  62  30512 GPS  -2267804.798  5009346.884  3221000.031
2022  62  30513 GPS  -2267804.795  5009346.889  3221000.028
2022  62  30514 GPS  -2267804.797  5009346.898  3221000.028
2022  62  30515 GPS  -2267804.794  5009346.898  3221000.023
2022  62  30516 GPS  -2267804.797  5009346.903  3221000.023
2022  62  30517 GPS  -2267804.799  5009346.906  3221000.026
2022  62  30518 GPS  -2267804.801  5009346.906  3221000.028
2022  62  30519 GPS  -2267804.803  5009346.912  3221000.030
2022  62  30520 GPS  -2267804.804  5009346.923  3221000.038
2022  62  30521 GPS  -2267804.804  5009346.935  3221000.046
2022  62  30522 GPS  -2267804.801  5009346.941  3221000.054
2022  62  30523 GPS  -2267804.799  5009346.945  3221000.061
2022  62  30524 GPS  -2267804.793  5009346.943  3221000.063
2022  62  30525 GPS  -2267804.792  5009346.939  3221000.066
2022  62  30526 GPS  -2267804.788  5009346.937  3221000.060
2022  62  30527 GPS  -2267804.783  5009346.931  3221000.056
2022  62  30528 GPS  -2267804.775  5009346.934  3221000.061
2022  62  30529 GPS  -2267804.772  5009346.943  3221000.068
2022  62  30530 GPS  -2267804.770  5009346.950  3221000.071
2022  62  30531 GPS  -2267804.764  5009346.943  3221000.074
2022  62  30532 GPS  -2267804.762  5009346.939  3221000.075
2022  62  30533 GPS  -2267804.761  5009346.945  3221000.078
2022  62  30534 GPS  -2267804.755  5009346.946  3221000.078
2022  62  30535 GPS  -2267804.752  5009346.948  3221000.076
2022  62  30536 GPS  -2267804.749  5009346.952  3221000.077
2022  62  30537 GPS  -2267804.751  5009346.957  3221000.078
2022  62  30538 GPS  -2267804.750  5009346.967  3221000.085
2022  62  30539 GPS  -2267804.743  5009346.966  3221000.086
2022  62  30540 GPS  -2267804.744  5009346.966  3221000.089
2022  62  30541 GPS  -2267804.742  5009346.963  3221000.093
2022  62  30542 GPS  -2267804.739  5009346.962  3221000.094
2022  62  30543 GPS  -2267804.736  5009346.959  3221000.093
2022  62  30544 GPS  -2267804.732  5009346.954  3221000.093
2022  62  30545 GPS  -2267804.734  5009346.955  3221000.097
2022  62  30546 GPS  -2267804.734  5009346.951  3221000.098
2022  62  30547 GPS  -2267804.740  5009346.956  3221000.103
2022  62  30548 GPS  -2267804.744  5009346.959  3221000.106
2022  62  30549 GPS  -2267804.743  5009346.964  3221000.111
2022  62  30550 GPS  -2267804.740  5009346.973  3221000.115
2022  62  30551 GPS  -2267804.742  5009346.978  3221000.116
2022  62  30552 GPS  -2267804.743  5009346.988  3221000.119
2022  62  30553 GPS  -2267804.740  5009346.996  3221000.117
2022  62  30554 GPS  -2267804.742  5009347.000  3221000.118
2022  62  30555 GPS  -2267804.742  5009346.995  3221000.110
2022  62  30556 GPS  -2267804.742  5009346.996  3221000.110
2022  62  30557 GPS  -2267804.736  5009346.990  3221000.105
2022  62  30558 GPS  -2267804.735  5009346.994  3221000.109
2022  62  30559 GPS  -2267804.734  5009346.991  3221000.104
2022  62  30560 GPS  -2267804.728  5009346.994  3221000.109
2022  62  30561 GPS  -2267804.729  5009346.990  3221000.115
2022  62  30562 GPS  -2267804.727  5009346.984  3221000.119
2022  62  30563 GPS  -2267804.724  5009346.977  3221000.117
2022  62  30564 GPS  -2267804.718  5009346.975  3221000.117
2022  62  30565 GPS  -2267804.716  5009346.971  3221000.119
2022  62  30566 GPS  -2267804.707  5009346.961  3221000.117
2022  62  30567 GPS  -2267804.702  5009346.958  3221000.120
2022  62  30568 GPS  -2267804.701  5009346.959  3221000.124
2022  62  30569 GPS  -2267804.696  5009346.954  3221000.128
2022  62  30570 GPS  -2267804.685  5009346.939  3221000.126
2022  62  30571 GPS  -2267804.678  5009346.930  3221000.127
2022  62  30572 GPS  -2267804.665  5009346.916  3221000.127
2022  62  30573 GPS  -2267804.655  5009346.902  3221000.125
2022  62  30574 GPS  -2267804.652  5009346.900  3221000.130
2022  62  30575 GPS  -2267804.645  5009346.898  3221000.130
2022  62  30576 GPS  -2267804.636  5009346.892  3221000.130
2022  62  30577 GPS  -2267804.628  5009346.883  3221000.127
2022  62  30578 GPS  -2267804.621  5009346.878  3221000.127
2022  62  30579 GPS  -2267804.621  5009346.880  3221000.131
2022  62  30580 GPS  -2267804.622  5009346.884  3221000.136
2022  62  30581 GPS  -2267804.620  5009346.887  3221000.141
2022  62  30582 GPS  -2267804.614  5009346.889  3221000.142
2022  62  30583 GPS  -2267804.614  5009346.892  3221000.141
2022  62  30584 GPS  -2267804.612  5009346.889  3221000.136
2022  62  30585 GPS  -2267804.612  5009346.886  3221000.135
2022  62  30586 GPS  -2267804.614  5009346.882  3221000.135
2022  62  30587 GPS  -2267804.613  5009346.868  3221000.130
2022  62  30588 GPS  -2267804.611  5009346.858  3221000.123
2022  62  30589 GPS  -2267804.614  5009346.857  3221000.121
2022  62  30590 GPS  -2267804.613  5009346.857  3221000.121
2022  62  30591 GPS  -2267804.613  5009346.855  3221000.116
2022  62  30592 GPS  -2267804.617  5009346.865  3221000.123
2022  62  30593 GPS  -2267804.617  5009346.856  3221000.113
2022  62  30594 GPS  -2267804.622  5009346.860  3221000.109
2022  62  30595 GPS  -2267804.618  5009346.858  3221000.105
2022  62  30596 GPS  -2267804.617  5009346.861  3221000.100
2022  62  30597 GPS  -2267804.619  5009346.862  3221000.097
2022  62  30598 GPS  -2267804.616  5009346.861  3221000.093
2022  62  30599 GPS  -2267804.615  5009346.856  3221000.086
2022  62  30600 GPS  -2267804.615  5009346.857  3221000.082
2022  62  30601 GPS  -2267804.612  5009346.853  3221000.074
2022  62  30602 GPS  -2267804.608  5009346.851  3221000.069
2022  62  30603 GPS  -2267804.605  5009346.842  3221000.068
2022  62  30604 GPS  -2267804.609  5009346.851  3221000.071
2022  62  30605 GPS  -2267804.612  5009346.855  3221000.074
2022  62  30606 GPS  -2267804.612  5009346.856  3221000.074
2022  62  30607 GPS  -2267804.614  5009346.851  3221000.074
2022  62  30608 GPS  -2267804.611  5009346.844  3221000.071
2022  62  30609 GPS  -2267804.617  5009346.847  3221000.072
2022  62  30610 GPS  -2267804.616  5009346.847  3221000.074
2022  62  30611 GPS  -2267804.617  5009346.842  3221000.074
2022  62  30612 GPS  -2267804.614  5009346.830  3221000.069
2022  62  30613 GPS  -2267804.612  5009346.820  3221000.064
2022  62  30614 GPS  -2267804.611  5009346.814  3221000.057
2022  62  30615 GPS  -2267804.613  5009346.817  3221000.060
2022  62  30616 GPS  -2267804.618  5009346.819  3221000.061
2022  62  30617 GPS  -2267804.625  5009346.828  3221000.067
2022  62  30618 GPS  -2267804.631  5009346.832  3221000.071
2022  62  30619 GPS  -2267804.635  5009346.839  3221000.078
2022  62  30620 GPS  -2267804.640  5009346.848  3221000.082
2022  62  30621 GPS  -2267804.646  5009346.864  3221000.089
2022  62  30622 GPS  -2267804.652  5009346.875  3221000.092
2022  62  30623 GPS  -2267804.654  5009346.875  3221000.089
2022  62  30624 GPS  -2267804.660  5009346.878  3221000.091
2022  62  30625 GPS  -2267804.665  5009346.883  3221000.095
2022  62  30626 GPS  -2267804.671  5009346.889  3221000.099
2022  62  30627 GPS  -2267804.673  5009346.885  3221000.101
2022  62  30628 GPS  -2267804.678  5009346.895  3221000.110
2022  62  30629 GPS  -2267804.682  5009346.899  3221000.114
2022  62  30630 GPS  -2267804.689  5009346.906  3221000.116
2022  62  30631 GPS  -2267804.698  5009346.913  3221000.126
2022  62  30632 GPS  -2267804.704  5009346.922  3221000.136
2022  62  30633 GPS  -2267804.702  5009346.923  3221000.140
2022  62  30634 GPS  -2267804.702  5009346.929  3221000.146
2022  62  30635 GPS  -2267804.702  5009346.929  3221000.147
2022  62  30636 GPS  -2267804.705  5009346.934  3221000.152
2022  62  30637 GPS  -2267804.708  5009346.935  3221000.154
2022  62  30638 GPS  -2267804.712  5009346.942  3221000.158
2022  62  30639 GPS  -2267804.715  5009346.946  3221000.162
2022  62  30640 GPS  -2267804.720  5009346.950  3221000.164
2022  62  30641 GPS  -2267804.724  5009346.961  3221000.170
2022  62  30642 GPS  -2267804.726  5009346.967  3221000.171
2022  62  30643 GPS  -2267804.730  5009346.972  3221000.171
2022  62  30644 GPS  -2267804.731  5009346.979  3221000.173
2022  62  30645 GPS  -2267804.735  5009346.983  3221000.175
2022  62  30646 GPS  -2267804.735  5009346.980  3221000.167
2022  62  30647 GPS  -2267804.739  5009346.983  3221000.169
2022  62  30648 GPS  -2267804.740  5009346.985  3221000.173
2022  62  30649 GPS  -2267804.743  5009346.986  3221000.179
2022  62  30650 GPS  -2267804.746  5009346.986  3221000.182
2022  62  30651 GPS  -2267804.750  5009346.990  3221000.185
2022  62  30652 GPS  -2267804.754  5009346.987  3221000.187
2022  62  30653 GPS  -2267804.764  5009346.984  3221000.189
2022  62  30654 GPS  -2267804.770  5009346.982  3221000.186
2022  62  30655 GPS  -2267804.773  5009346.980  3221000.185
2022  62  30656 GPS  -2267804.773  5009346.964  3221000.181
2022  62  30657 GPS  -2267804.775  5009346.962  3221000.186
2022  62  30658 GPS  -2267804.775  5009346.950  3221000.186
2022  62  30659 GPS  -2267804.775  5009346.937  3221000.178
2022  62  30660 GPS  -2267804.775  5009346.929  3221000.172
2022  62  30661 GPS  -2267804.768  5009346.916  3221000.169
2022  62  30662 GPS  -2267804.759  5009346.904  3221000.164
2022  62  30663 GPS  -2267804.758  5009346.900  3221000.165
2022  62  30664 GPS  -2267804.760  5009346.908  3221000.168
2022  62  30665 GPS  -2267804.763  5009346.916  3221000.174
2022  62  30666 GPS  -2267804.764  5009346.911  3221000.172
2022  62  30667 GPS  -2267804.761  5009346.900  3221000.167
2022  62  30668 GPS  -2267804.764  5009346.901  3221000.171
2022  62  30669 GPS  -2267804.765  5009346.901  3221000.174
2022  62  30670 GPS  -2267804.763  5009346.894  3221000.178
2022  62  30671 GPS  -2267804.764  5009346.890  3221000.179
2022  62  30672 GPS  -2267804.760  5009346.881  3221000.180
2022  62  30673 GPS  -2267804.763  5009346.884  3221000.187
2022  62  30674 GPS  -2267804.756  5009346.880  3221000.191
2022  62  30675 GPS  -2267804.752  5009346.880  3221000.197
2022  62  30676 GPS  -2267804.750  5009346.879  3221000.200
2022  62  30677 GPS  -2267804.754  5009346.883  3221000.199
2022  62  30678 GPS  -2267804.753  5009346.879  3221000.196
2022  62  30679 GPS  -2267804.749  5009346.872  3221000.193
2022  62  30680 GPS  -2267804.748  5009346.871  3221000.187
2022  62  30681 GPS  -2267804.744  5009346.862  3221000.184
2022  62  30682 GPS  -2267804.740  5009346.851  3221000.185
2022  62  30683 GPS  -2267804.737  5009346.842  3221000.185
2022  62  30684 GPS  -2267804.739  5009346.838  3221000.185
2022  62  30685 GPS  -2267804.735  5009346.832  3221000.186
2022  62  30686 GPS  -2267804.733  5009346.835  3221000.188
2022  62  30687 GPS  -2267804.734  5009346.839  3221000.189
2022  62  30688 GPS  -2267804.738  5009346.842  3221000.192
2022  62  30689 GPS  -2267804.741  5009346.846  3221000.193
2022  62  30690 GPS  -2267804.744  5009346.844  3221000.194
2022  62  30691 GPS  -2267804.742  5009346.840  3221000.195
2022  62  30692 GPS  -2267804.743  5009346.832  3221000.183
2022  62  30693 GPS  -2267804.742  5009346.829  3221000.180
2022  62  30694 GPS  -2267804.743  5009346.826  3221000.176
2022  62  30695 GPS  -2267804.745  5009346.819  3221000.167
2022  62  30696 GPS  -2267804.742  5009346.808  3221000.156
2022  62  30697 GPS  -2267804.739  5009346.795  3221000.152
2022  62  30698 GPS  -2267804.739  5009346.786  3221000.148
2022  62  30699 GPS  -2267804.737  5009346.784  3221000.144
2022  62  30700 GPS  -2267804.732  5009346.780  3221000.141
2022  62  30701 GPS  -2267804.728  5009346.780  3221000.135
2022  62  30702 GPS  -2267804.722  5009346.775  3221000.131
2022  62  30703 GPS  -2267804.721  5009346.773  3221000.128
2022  62  30704 GPS  -2267804.712  5009346.762  3221000.120
2022  62  30705 GPS  -2267804.710  5009346.754  3221000.111
2022  62  30706 GPS  -2267804.711  5009346.758  3221000.108
2022  62  30707 GPS  -2267804.708  5009346.756  3221000.103
2022  62  30708 GPS  -2267804.708  5009346.758  3221000.099
2022  62  30709 GPS  -2267804.699  5009346.762  3221000.095
2022  62  30710 GPS  -2267804.695  5009346.769  3221000.093
2022  62  30711 GPS  -2267804.688  5009346.764  3221000.086
2022  62  30712 GPS  -2267804.687  5009346.765  3221000.078
2022  62  30713 GPS  -2267804.685  5009346.773  3221000.075
2022  62  30714 GPS  -2267804.683  5009346.783  3221000.074
2022  62  30715 GPS  -2267804.678  5009346.788  3221000.076
2022  62  30716 GPS  -2267804.675  5009346.790  3221000.074
2022  62  30717 GPS  -2267804.674  5009346.793  3221000.071
2022  62  30718 GPS  -2267804.754  5009346.874  3221000.125
2022  62  30719 GPS  -2267804.756  5009346.878  3221000.128
2022  62  30720 GPS  -2267804.758  5009346.884  3221000.132
2022  62  30721 GPS  -2267804.763  5009346.893  3221000.135
2022  62  30722 GPS  -2267804.763  5009346.905  3221000.136
2022  62  30723 GPS  -2267804.762  5009346.914  3221000.141
2022  62  30724 GPS  -2267804.763  5009346.921  3221000.144
2022  62  30725 GPS  -2267804.768  5009346.933  3221000.150
2022  62  30726 GPS  -2267804.767  5009346.934  3221000.151
2022  62  30727 GPS  -2267804.763  5009346.929  3221000.150
2022  62  30728 GPS  -2267804.759  5009346.921  3221000.144
2022  62  30729 GPS  -2267804.761  5009346.921  3221000.142
2022  62  30730 GPS  -2267804.763  5009346.929  3221000.146
2022  62  30731 GPS  -2267804.756  5009346.919  3221000.140
2022  62  30732 GPS  -2267804.753  5009346.918  3221000.142
2022  62  30733 GPS  -2267804.751  5009346.921  3221000.147
2022  62  30734 GPS  -2267804.747  5009346.921  3221000.144
2022  62  30735 GPS  -2267804.745  5009346.916  3221000.144
2022  62  30736 GPS  -2267804.740  5009346.908  3221000.147
2022  62  30737 GPS  -2267804.735  5009346.900  3221000.143
2022  62  30738 GPS  -2267804.737  5009346.897  3221000.142
2022  62  30739 GPS  -2267804.733  5009346.886  3221000.136
2022  62  30740 GPS  -2267804.734  5009346.875  3221000.130
2022  62  30741 GPS  -2267804.731  5009346.864  3221000.125
2022  62  30742 GPS  -2267804.726  5009346.855  3221000.119
2022  62  30743 GPS  -2267804.725  5009346.842  3221000.112
2022  62  30744 GPS  -2267804.726  5009346.839  3221000.110
2022  62  30745 GPS  -2267804.723  5009346.826  3221000.103
2022  62  30746 GPS  -2267804.721  5009346.805  3221000.095
2022  62  30747 GPS  -2267804.721  5009346.796  3221000.089
2022  62  30748 GPS  -2267804.722  5009346.788  3221000.079
2022  62  30749 GPS  -2267804.721  5009346.780  3221000.073
2022  62  30750 GPS  -2267804.721  5009346.778  3221000.070
2022  62  30751 GPS  -2267804.723  5009346.771  3221000.062
2022  62  30752 GPS  -2267804.724  5009346.774  3221000.061
2022  62  30753 GPS  -2267804.727  5009346.774  3221000.060
2022  62  30754 GPS  -2267804.723  5009346.779  3221000.053
2022  62  30755 GPS  -2267804.719  5009346.776  3221000.044
2022  62  30756 GPS  -2267804.723  5009346.777  3221000.043
2022  62  30757 GPS  -2267804.723  5009346.773  3221000.034
2022  62  30758 GPS  -2267804.718  5009346.773  3221000.033
2022  62  30759 GPS  -2267804.716  5009346.775  3221000.031
2022  62  30760 GPS  -2267804.717  5009346.782  3221000.029
2022  62  30761 GPS  -2267804.724  5009346.795  3221000.034
2022  62  30762 GPS  -2267804.728  5009346.802  3221000.032
2022  62  30763 GPS  -2267804.731  5009346.815  3221000.035
2022  62  30764 GPS  -2267804.732  5009346.828  3221000.038
2022  62  30765 GPS  -2267804.734  5009346.838  3221000.040
2022  62  30766 GPS  -2267804.734  5009346.843  3221000.037
2022  62  30767 GPS  -2267804.732  5009346.846  3221000.037
2022  62  30768 GPS  -2267804.733  5009346.860  3221000.042
2022  62  30769 GPS  -2267804.729  5009346.866  3221000.043
2022  62  30770 GPS  -2267804.722  5009346.874  3221000.045
2022  62  30771 GPS  -2267804.716  5009346.879  3221000.046
2022  62  30772 GPS  -2267804.714  5009346.882  3221000.043
2022  62  30773 GPS  -2267804.711  5009346.888  3221000.048
2022  62  30774 GPS  -2267804.714  5009346.899  3221000.052
2022  62  30775 GPS  -2267804.715  5009346.908  3221000.056
2022  62  30776 GPS  -2267804.715  5009346.904  3221000.056
2022  62  30777 GPS  -2267804.718  5009346.910  3221000.056
2022  62  30778 GPS  -2267804.720  5009346.914  3221000.056
2022  62  30779 GPS  -2267804.725  5009346.924  3221000.064
2022  62  30780 GPS  -2267804.722  5009346.934  3221000.071
2022  62  30781 GPS  -2267804.716  5009346.943  3221000.078
2022  62  30782 GPS  -2267804.718  5009346.952  3221000.080
2022  62  30783 GPS  -2267804.716  5009346.957  3221000.086
2022  62  30784 GPS  -2267804.710  5009346.948  3221000.082
2022  62  30785 GPS  -2267804.707  5009346.946  3221000.082
2022  62  30786 GPS  -2267804.711  5009346.955  3221000.081
2022  62  30787 GPS  -2267804.708  5009346.946  3221000.069
2022  62  30788 GPS  -2267804.710  5009346.939  3221000.066
2022  62  30789 GPS  -2267804.712  5009346.938  3221000.065
2022  62  30790 GPS  -2267804.721  5009346.942  3221000.065
2022  62  30791 GPS  -2267804.723  5009346.930  3221000.057
2022  62  30792 GPS  -2267804.726  5009346.923  3221000.050
2022  62  30793 GPS  -2267804.720  5009346.906  3221000.035
2022  62  30794 GPS  -2267804.715  5009346.888  3221000.020
2022  62  30795 GPS  -2267804.708  5009346.874  3221000.005
2022  62  30796 GPS  -2267804.703  5009346.863  3220999.997
2022  62  30797 GPS  -2267804.699  5009346.847  3220999.981
2022  62  30798 GPS  -2267804.698  5009346.837  3220999.969
2022  62  30799 GPS  -2267804.703  5009346.841  3220999.967
2022  62  30800 GPS  -2267804.705  5009346.838  3220999.964
2022  62  30801 GPS  -2267804.708  5009346.831  3220999.961
2022  62  30802 GPS  -2267804.705  5009346.822  3220999.955
2022  62  30803 GPS  -2267804.702  5009346.814  3220999.951
2022  62  30804 GPS  -2267804.699  5009346.815  3220999.953
2022  62  30805 GPS  -2267804.695  5009346.810  3220999.948
2022  62  30806 GPS  -2267804.691  5009346.799  3220999.941
2022  62  30807 GPS  -2267804.685  5009346.794  3220999.936
2022  62  30808 GPS  -2267804.683  5009346.792  3220999.937
2022  62  30809 GPS  -2267804.685  5009346.786  3220999.936
2022  62  30810 GPS  -2267804.681  5009346.789  3220999.938
2022  62  30811 GPS  -2267804.675  5009346.786  3220999.938
2022  62  30812 GPS  -2267804.670  5009346.779  3220999.932
2022  62  30813 GPS  -2267804.668  5009346.784  3220999.938
2022  62  30814 GPS  -2267804.667  5009346.783  3220999.938
2022  62  30815 GPS  -2267804.670  5009346.788  3220999.938
2022  62  30816 GPS  -2267804.666  5009346.785  3220999.940
2022  62  30817 GPS  -2267804.658  5009346.781  3220999.941
2022  62  30818 GPS  -2267804.654  5009346.791  3220999.951
2022  62  30819 GPS  -2267804.655  5009346.794  3220999.956
2022  62  30820 GPS  -2267804.657  5009346.807  3220999.965
2022  62  30821 GPS  -2267804.657  5009346.823  3220999.973
2022  62  30822 GPS  -2267804.658  5009346.840  3220999.978
2022  62  30823 GPS  -2267804.660  5009346.845  3220999.979
2022  62  30824 GPS  -2267804.659  5009346.851  3220999.979
2022  62  30825 GPS  -2267804.662  5009346.859  3220999.981
2022  62  30826 GPS  -2267804.659  5009346.860  3220999.980
2022  62  30827 GPS  -2267804.656  5009346.868  3220999.989
2022  62  30828 GPS  -2267804.649  5009346.872  3220999.988
2022  62  30829 GPS  -2267804.647  5009346.879  3220999.986
2022  62  30830 GPS  -2267804.647  5009346.881  3220999.987
2022  62  30831 GPS  -2267804.642  5009346.874  3220999.980
2022  62  30832 GPS  -2267804.642  5009346.875  3220999.979
2022  62  30833 GPS  -2267804.638  5009346.866  3220999.975
2022  62  30834 GPS  -2267804.639  5009346.864  3220999.976
2022  62  30835 GPS  -2267804.642  5009346.856  3220999.973
2022  62  30836 GPS  -2267804.639  5009346.845  3220999.964
2022  62  30837 GPS  -2267804.640  5009346.837  3220999.961
2022  62  30838 GPS  -2267804.640  5009346.824  3220999.955
2022  62  30839 GPS  -2267804.644  5009346.820  3220999.951
2022  62  30840 GPS  -2267804.640  5009346.814  3220999.949
2022  62  30841 GPS  -2267804.639  5009346.810  3220999.945
2022  62  30842 GPS  -2267804.634  5009346.810  3220999.947
2022  62  30843 GPS  -2267804.630  5009346.806  3220999.949
2022  62  30844 GPS  -2267804.630  5009346.803  3220999.950
2022  62  30845 GPS  -2267804.624  5009346.796  3220999.948
2022  62  30846 GPS  -2267804.626  5009346.793  3220999.950
2022  62  30847 GPS  -2267804.624  5009346.791  3220999.953
2022  62  30848 GPS  -2267804.624  5009346.791  3220999.955
2022  62  30849 GPS  -2267804.623  5009346.781  3220999.952
2022  62  30850 GPS  -2267804.617  5009346.768  3220999.952
2022  62  30851 GPS  -2267804.618  5009346.763  3220999.952
2022  62  30852 GPS  -2267804.615  5009346.757  3220999.951
2022  62  30853 GPS  -2267804.618  5009346.757  3220999.954
2022  62  30854 GPS  -2267804.614  5009346.758  3220999.958
2022  62  30855 GPS  -2267804.609  5009346.763  3220999.967
2022  62  30856 GPS  -2267804.607  5009346.765  3220999.970
2022  62  30857 GPS  -2267804.609  5009346.767  3220999.970
2022  62  30858 GPS  -2267804.610  5009346.773  3220999.970
2022  62  30859 GPS  -2267804.605  5009346.775  3220999.972
2022  62  30860 GPS  -2267804.602  5009346.783  3220999.977
2022  62  30861 GPS  -2267804.598  5009346.785  3220999.977
2022  62  30862 GPS  -2267804.593  5009346.786  3220999.976
2022  62  30863 GPS  -2267804.585  5009346.775  3220999.968
2022  62  30864 GPS  -2267804.576  5009346.764  3220999.966
2022  62  30865 GPS  -2267804.579  5009346.760  3220999.966
2022  62  30866 GPS  -2267804.578  5009346.757  3220999.969
2022  62  30867 GPS  -2267804.574  5009346.750  3220999.968
2022  62  30868 GPS  -2267804.570  5009346.748  3220999.965
2022  62  30869 GPS  -2267804.566  5009346.745  3220999.965
2022  62  30870 GPS  -2267804.570  5009346.749  3220999.969
2022  62  30871 GPS  -2267804.572  5009346.746  3220999.967
2022  62  30872 GPS  -2267804.570  5009346.746  3220999.967
2022  62  30873 GPS  -2267804.569  5009346.742  3220999.966
2022  62  30874 GPS  -2267804.568  5009346.741  3220999.969
2022  62  30875 GPS  -2267804.563  5009346.741  3220999.971
2022  62  30876 GPS  -2267804.565  5009346.748  3220999.979
2022  62  30877 GPS  -2267804.561  5009346.740  3220999.974
2022  62  30878 GPS  -2267804.563  5009346.733  3220999.973
2022  62  30879 GPS  -2267804.562  5009346.727  3220999.971
2022  62  30880 GPS  -2267804.563  5009346.723  3220999.970
2022  62  30881 GPS  -2267804.562  5009346.723  3220999.970
2022  62  30882 GPS  -2267804.566  5009346.719  3220999.965
2022  62  30883 GPS  -2267804.571  5009346.721  3220999.963
2022  62  30884 GPS  -2267804.569  5009346.721  3220999.961
2022  62  30885 GPS  -2267804.570  5009346.727  3220999.962
2022  62  30886 GPS  -2267804.576  5009346.742  3220999.968
2022  62  30887 GPS  -2267804.583  5009346.753  3220999.973
2022  62  30888 GPS  -2267804.579  5009346.758  3220999.970
2022  62  30889 GPS  -2267804.575  5009346.762  3220999.972
2022  62  30890 GPS  -2267804.571  5009346.764  3220999.969
2022  62  30891 GPS  -2267804.570  5009346.760  3220999.964
2022  62  30892 GPS  -2267804.570  5009346.770  3220999.972
2022  62  30893 GPS  -2267804.571  5009346.779  3220999.978
2022  62  30894 GPS  -2267804.567  5009346.788  3220999.983
2022  62  30895 GPS  -2267804.562  5009346.798  3220999.986
2022  62  30896 GPS  -2267804.564  5009346.810  3220999.993
2022  62  30897 GPS  -2267804.568  5009346.813  3220999.996
2022  62  30898 GPS  -2267804.570  5009346.824  3221000.000
2022  62  30899 GPS  -2267804.576  5009346.834  3221000.006
2022  62  30900 GPS  -2267804.580  5009346.846  3221000.013
2022  62  30901 GPS  -2267804.585  5009346.856  3221000.019
2022  62  30902 GPS  -2267804.592  5009346.865  3221000.019
2022  62  30903 GPS  -2267804.592  5009346.865  3221000.016
2022  62  30904 GPS  -2267804.590  5009346.872  3221000.015
2022  62  30905 GPS  -2267804.592  5009346.881  3221000.014
2022  62  30906 GPS  -2267804.601  5009346.893  3221000.022
2022  62  30907 GPS  -2267804.604  5009346.903  3221000.030
2022  62  30908 GPS  -2267804.611  5009346.907  3221000.033
2022  62  30909 GPS  -2267804.616  5009346.908  3221000.033
2022  62  30910 GPS  -2267804.619  5009346.902  3221000.029
2022  62  30911 GPS  -2267804.623  5009346.889  3221000.021
2022  62  30912 GPS  -2267804.633  5009346.894  3221000.022
2022  62  30913 GPS  -2267804.637  5009346.888  3221000.020
2022  62  30914 GPS  -2267804.641  5009346.884  3221000.018
2022  62  30915 GPS  -2267804.648  5009346.881  3221000.020
2022  62  30916 GPS  -2267804.651  5009346.879  3221000.021
2022  62  30917 GPS  -2267804.655  5009346.876  3221000.025
2022  62  30918 GPS  -2267804.665  5009346.885  3221000.034
2022  62  30919 GPS  -2267804.672  5009346.893  3221000.041
2022  62  30920 GPS  -2267804.680  5009346.910  3221000.052
2022  62  30921 GPS  -2267804.688  5009346.918  3221000.053
2022  62  30922 GPS  -2267804.689  5009346.913  3221000.046
2022  62  30923 GPS  -2267804.684  5009346.908  3221000.039
2022  62  30924 GPS  -2267804.690  5009346.915  3221000.044
2022  62  30925 GPS  -2267804.692  5009346.917  3221000.044
2022  62  30926 GPS  -2267804.695  5009346.914  3221000.045
2022  62  30927 GPS  -2267804.696  5009346.913  3221000.048
2022  62  30928 GPS  -2267804.699  5009346.910  3221000.047
2022  62  30929 GPS  -2267804.705  5009346.914  3221000.049
2022  62  30930 GPS  -2267804.709  5009346.914  3221000.045
2022  62  30931 GPS  -2267804.713  5009346.910  3221000.037
2022  62  30932 GPS  -2267804.714  5009346.909  3221000.036
2022  62  30933 GPS  -2267804.721  5009346.917  3221000.038
2022  62  30934 GPS  -2267804.719  5009346.910  3221000.033
2022  62  30935 GPS  -2267804.715  5009346.903  3221000.026
2022  62  30936 GPS  -2267804.716  5009346.899  3221000.015
2022  62  30937 GPS  -2267804.715  5009346.894  3221000.007
2022  62  30938 GPS  -2267804.711  5009346.887  3221000.000
2022  62  30939 GPS  -2267804.710  5009346.888  3220999.994
2022  62  30940 GPS  -2267804.712  5009346.887  3220999.995
2022  62  30941 GPS  -2267804.712  5009346.878  3220999.988
2022  62  30942 GPS  -2267804.709  5009346.873  3220999.986
2022  62  30943 GPS  -2267804.713  5009346.876  3220999.987
2022  62  30944 GPS  -2267804.715  5009346.883  3220999.995
2022  62  30945 GPS  -2267804.716  5009346.885  3220999.999
2022  62  30946 GPS  -2267804.715  5009346.897  3221000.007
2022  62  30947 GPS  -2267804.712  5009346.895  3221000.010
2022  62  30948 GPS  -2267804.710  5009346.897  3221000.012
2022  62  30949 GPS  -2267804.704  5009346.894  3221000.013
2022  62  30950 GPS  -2267804.699  5009346.888  3221000.008
2022  62  30951 GPS  -2267804.695  5009346.878  3221000.006
2022  62  30952 GPS  -2267804.691  5009346.866  3221000.001
2022  62  30953 GPS  -2267804.691  5009346.859  3221000.002
2022  62  30954 GPS  -2267804.690  5009346.849  3220999.997
2022  62  30955 GPS  -2267804.686  5009346.840  3220999.995
2022  62  30956 GPS  -2267804.690  5009346.839  3220999.997
2022  62  30957 GPS  -2267804.695  5009346.841  3221000.002
2022  62  30958 GPS  -2267804.695  5009346.836  3221000.008
2022  62  30959 GPS  -2267804.697  5009346.835  3221000.013
2022  62  30960 GPS  -2267804.703  5009346.833  3221000.021
2022  62  30961 GPS  -2267804.710  5009346.836  3221000.028
2022  62  30962 GPS  -2267804.718  5009346.842  3221000.033
2022  62  30963 GPS  -2267804.722  5009346.846  3221000.038
2022  62  30964 GPS  -2267804.722  5009346.841  3221000.035
2022  62  30965 GPS  -2267804.725  5009346.840  3221000.030
2022  62  30966 GPS  -2267804.724  5009346.836  3221000.028
2022  62  30967 GPS  -2267804.723  5009346.834  3221000.023
2022  62  30968 GPS  -2267804.719  5009346.824  3221000.015
2022  62  30969 GPS  -2267804.715  5009346.822  3221000.015
2022  62  30970 GPS  -2267804.713  5009346.830  3221000.019
2022  62  30971 GPS  -2267804.711  5009346.832  3221000.021
2022  62  30972 GPS  -2267804.716  5009346.834  3221000.023
2022  62  30973 GPS  -2267804.713  5009346.827  3221000.023
2022  62  30974 GPS  -2267804.714  5009346.832  3221000.027
2022  62  30975 GPS  -2267804.715  5009346.837  3221000.030
2022  62  30976 GPS  -2267804.717  5009346.843  3221000.034
2022  62  30977 GPS  -2267804.722  5009346.848  3221000.033
2022  62  30978 GPS  -2267804.722  5009346.846  3221000.026
2022  62  30979 GPS  -2267804.719  5009346.835  3221000.021
2022  62  30980 GPS  -2267804.715  5009346.831  3221000.020
2022  62  30981 GPS  -2267804.712  5009346.820  3221000.014
2022  62  30982 GPS  -2267804.709  5009346.802  3221000.009
2022  62  30983 GPS  -2267804.713  5009346.800  3221000.010
2022  62  30984 GPS  -2267804.712  5009346.790  3221000.006
2022  62  30985 GPS  -2267804.714  5009346.785  3221000.001
2022  62  30986 GPS  -2267804.712  5009346.781  3221000.003
2022  62  30987 GPS  -2267804.707  5009346.777  3220999.999
2022  62  30988 GPS  -2267804.706  5009346.781  3221000.001
2022  62  30989 GPS  -2267804.702  5009346.774  3220999.999
2022  62  30990 GPS  -2267804.699  5009346.764  3220999.993
2022  62  30991 GPS  -2267804.691  5009346.753  3220999.984
2022  62  30992 GPS  -2267804.682  5009346.744  3220999.979
2022  62  30993 GPS  -2267804.671  5009346.727  3220999.972
2022  62  30994 GPS  -2267804.661  5009346.719  3220999.970
2022  62  30995 GPS  -2267804.649  5009346.707  3220999.960
2022  62  30996 GPS  -2267804.647  5009346.698  3220999.956
2022  62  30997 GPS  -2267804.633  5009346.683  3220999.951
2022  62  30998 GPS  -2267804.629  5009346.670  3220999.946
2022  62  30999 GPS  -2267804.629  5009346.672  3220999.948
2022  62  31000 GPS  -2267804.625  5009346.671  3220999.946
2022  62  31001 GPS  -2267804.613  5009346.654  3220999.936
2022  62  31002 GPS  -2267804.609  5009346.645  3220999.933
2022  62  31003 GPS  -2267804.598  5009346.631  3220999.928
2022  62  31004 GPS  -2267804.591  5009346.616  3220999.921
2022  62  31005 GPS  -2267804.583  5009346.608  3220999.917
2022  62  31006 GPS  -2267804.577  5009346.597  3220999.910
2022  62  31007 GPS  -2267804.565  5009346.584  3220999.902
2022  62  31008 GPS  -2267804.559  5009346.573  3220999.897
2022  62  31009 GPS  -2267804.552  5009346.560  3220999.888
2022  62  31010 GPS  -2267804.549  5009346.554  3220999.883
2022  62  31011 GPS  -2267804.542  5009346.547  3220999.880
2022  62  31012 GPS  -2267804.547  5009346.550  3220999.885
2022  62  31013 GPS  -2267804.551  5009346.555  3220999.889
2022  62  31014 GPS  -2267804.549  5009346.552  3220999.892
2022  62  31015 GPS  -2267804.556  5009346.559  3220999.901
2022  62  31016 GPS  -2267804.570  5009346.572  3220999.913
2022  62  31017 GPS  -2267804.572  5009346.562  3220999.910
2022  62  31018 GPS  -2267804.569  5009346.552  3220999.908
2022  62  31019 GPS  -2267804.568  5009346.551  3220999.909
2022  62  31020 GPS  -2267804.567  5009346.549  3220999.908
2022  62  31021 GPS  -2267804.564  5009346.539  3220999.903
2022  62  31022 GPS  -2267804.563  5009346.537  3220999.905
2022  62  31023 GPS  -2267804.561  5009346.539  3220999.911
2022  62  31024 GPS  -2267804.560  5009346.532  3220999.909
2022  62  31025 GPS  -2267804.559  5009346.521  3220999.907
2022  62  31026 GPS  -2267804.557  5009346.517  3220999.910
2022  62  31027 GPS  -2267804.555  5009346.512  3220999.906
2022  62  31028 GPS  -2267804.549  5009346.505  3220999.906
2022  62  31029 GPS  -2267804.550  5009346.500  3220999.907
2022  62  31030 GPS  -2267804.554  5009346.506  3220999.908
2022  62  31031 GPS  -2267804.556  5009346.499  3220999.901
2022  62  31032 GPS  -2267804.558  5009346.493  3220999.898
2022  62  31033 GPS  -2267804.558  5009346.492  3220999.893
2022  62  31034 GPS  -2267804.816  5009346.911  3221000.198
2022  62  31035 GPS  -2267804.798  5009346.890  3221000.179
2022  62  31036 GPS  -2267804.783  5009346.879  3221000.171
2022  62  31037 GPS  -2267804.745  5009346.827  3221000.127
2022  62  31038 GPS  -2267804.731  5009346.811  3221000.113
2022  62  31039 GPS  -2267804.723  5009346.797  3221000.103
2022  62  31040 GPS  -2267804.720  5009346.793  3221000.101
2022  62  31041 GPS  -2267804.777  5009346.884  3221000.169
2022  62  31042 GPS  -2267804.780  5009346.888  3221000.172
2022  62  31043 GPS  -2267804.764  5009346.858  3221000.157
2022  62  31044 GPS  -2267804.773  5009346.877  3221000.175
2022  62  31045 GPS  -2267804.781  5009346.891  3221000.190
2022  62  31046 GPS  -2267804.765  5009346.864  3221000.172
2022  62  31047 GPS  -2267804.747  5009346.841  3221000.153
2022  62  31048 GPS  -2267804.743  5009346.832  3221000.147
2022  62  31049 GPS  -2267804.736  5009346.828  3221000.143
2022  62  31050 GPS  -2267804.740  5009346.841  3221000.154
2022  62  31051 GPS  -2267804.751  5009346.857  3221000.166
2022  62  31052 GPS  -2267804.743  5009346.849  3221000.159
2022  62  31053 GPS  -2267804.751  5009346.863  3221000.170
2022  62  31054 GPS  -2267804.758  5009346.870  3221000.177
2022  62  31055 GPS  -2267804.771  5009346.891  3221000.189
2022  62  31056 GPS  -2267804.784  5009346.929  3221000.213
2022  62  31057 GPS  -2267804.795  5009346.956  3221000.231
2022  62  31058 GPS  -2267804.797  5009346.961  3221000.227
2022  62  31059 GPS  -2267804.805  5009346.979  3221000.234
2022  62  31060 GPS  -2267804.811  5009346.985  3221000.237
2022  62  31061 GPS  -2267804.816  5009346.991  3221000.238
2022  62  31062 GPS  -2267804.818  5009346.998  3221000.244
2022  62  31063 GPS  -2267804.819  5009347.010  3221000.250
2022  62  31064 GPS  -2267804.825  5009347.020  3221000.257
2022  62  31065 GPS  -2267804.827  5009347.026  3221000.266
2022  62  31066 GPS  -2267804.831  5009347.033  3221000.273
2022  62  31067 GPS  -2267804.832  5009347.039  3221000.277
2022  62  31068 GPS  -2267804.837  5009347.042  3221000.278
2022  62  31069 GPS  -2267804.840  5009347.047  3221000.286
2022  62  31070 GPS  -2267804.843  5009347.055  3221000.293
2022  62  31071 GPS  -2267804.840  5009347.060  3221000.301
2022  62  31072 GPS  -2267804.836  5009347.067  3221000.311
2022  62  31073 GPS  -2267804.833  5009347.061  3221000.315
2022  62  31074 GPS  -2267804.833  5009347.065  3221000.318
2022  62  31075 GPS  -2267804.834  5009347.070  3221000.323
2022  62  31076 GPS  -2267804.837  5009347.080  3221000.327
2022  62  31077 GPS  -2267804.840  5009347.090  3221000.333
2022  62  31078 GPS  -2267804.841  5009347.102  3221000.337
2022  62  31079 GPS  -2267804.838  5009347.105  3221000.342
2022  62  31080 GPS  -2267804.832  5009347.104  3221000.344
2022  62  31081 GPS  -2267804.830  5009347.102  3221000.345
2022  62  31082 GPS  -2267804.818  5009347.096  3221000.340
2022  62  31083 GPS  -2267804.812  5009347.091  3221000.341
2022  62  31084 GPS  -2267804.808  5009347.095  3221000.342
2022  62  31085 GPS  -2267804.802  5009347.088  3221000.342
2022  62  31086 GPS  -2267804.799  5009347.086  3221000.342
2022  62  31087 GPS  -2267804.796  5009347.082  3221000.340
2022  62  31088 GPS  -2267804.800  5009347.093  3221000.345
2022  62  31089 GPS  -2267804.805  5009347.097  3221000.352
2022  62  31090 GPS  -2267804.803  5009347.088  3221000.349
2022  62  31091 GPS  -2267804.802  5009347.085  3221000.347
2022  62  31092 GPS  -2267804.805  5009347.082  3221000.345
2022  62  31093 GPS  -2267804.806  5009347.081  3221000.344
2022  62  31094 GPS  -2267804.810  5009347.075  3221000.347
2022  62  31095 GPS  -2267804.806  5009347.069  3221000.347
2022  62  31096 GPS  -2267804.799  5009347.059  3221000.345
2022  62  31097 GPS  -2267804.797  5009347.050  3221000.340
2022  62  31098 GPS  -2267804.796  5009347.049  3221000.336
2022  62  31099 GPS  -2267804.790  5009347.042  3221000.332
2022  62  31100 GPS  -2267804.790  5009347.032  3221000.322
2022  62  31101 GPS  -2267804.789  5009347.023  3221000.318
2022  62  31102 GPS  -2267804.787  5009347.005  3221000.315
2022  62  31103 GPS  -2267804.789  5009346.992  3221000.308
2022  62  31104 GPS  -2267804.792  5009346.988  3221000.304
2022  62  31105 GPS  -2267804.793  5009346.984  3221000.308
2022  62  31106 GPS  -2267804.792  5009346.986  3221000.308
2022  62  31107 GPS  -2267804.786  5009346.984  3221000.305
2022  62  31108 GPS  -2267804.785  5009346.982  3221000.306
2022  62  31109 GPS  -2267804.780  5009346.980  3221000.311
2022  62  31110 GPS  -2267804.776  5009346.988  3221000.316
2022  62  31111 GPS  -2267804.774  5009346.997  3221000.323
2022  62  31112 GPS  -2267804.777  5009347.006  3221000.333
2022  62  31113 GPS  -2267804.780  5009347.014  3221000.343
2022  62  31114 GPS  -2267804.787  5009347.034  3221000.354
2022  62  31115 GPS  -2267804.792  5009347.043  3221000.362
2022  62  31116 GPS  -2267804.793  5009347.044  3221000.365
2022  62  31117 GPS  -2267804.796  5009347.050  3221000.367
2022  62  31118 GPS  -2267804.797  5009347.050  3221000.368
2022  62  31119 GPS  -2267804.797  5009347.050  3221000.367
2022  62  31120 GPS  -2267804.798  5009347.054  3221000.368
2022  62  31121 GPS  -2267804.798  5009347.060  3221000.367
2022  62  31122 GPS  -2267804.799  5009347.054  3221000.365
2022  62  31123 GPS  -2267804.801  5009347.050  3221000.364
2022  62  31124 GPS  -2267804.802  5009347.048  3221000.362
2022  62  31125 GPS  -2267804.799  5009347.042  3221000.360
2022  62  31126 GPS  -2267804.801  5009347.033  3221000.358
2022  62  31127 GPS  -2267804.803  5009347.035  3221000.363
2022  62  31128 GPS  -2267804.797  5009347.031  3221000.366
2022  62  31129 GPS  -2267804.798  5009347.031  3221000.372
2022  62  31130 GPS  -2267804.798  5009347.028  3221000.374
2022  62  31131 GPS  -2267804.795  5009347.026  3221000.376
2022  62  31132 GPS  -2267804.800  5009347.028  3221000.380
2022  62  31133 GPS  -2267804.802  5009347.026  3221000.382
2022  62  31134 GPS  -2267804.808  5009347.027  3221000.384
2022  62  31135 GPS  -2267804.813  5009347.027  3221000.385
2022  62  31136 GPS  -2267804.817  5009347.029  3221000.386
2022  62  31137 GPS  -2267804.815  5009347.022  3221000.384
2022  62  31138 GPS  -2267804.815  5009347.017  3221000.383
2022  62  31139 GPS  -2267804.811  5009347.008  3221000.376
2022  62  31140 GPS  -2267804.805  5009347.000  3221000.370
2022  62  31141 GPS  -2267804.803  5009346.994  3221000.373
2022  62  31142 GPS  -2267804.802  5009346.986  3221000.368
2022  62  31143 GPS  -2267804.798  5009346.984  3221000.363
2022  62  31144 GPS  -2267804.799  5009346.987  3221000.363
2022  62  31145 GPS  -2267804.795  5009346.984  3221000.361
2022  62  31146 GPS  -2267804.788  5009346.979  3221000.354
2022  62  31147 GPS  -2267804.787  5009346.973  3221000.349
2022  62  31148 GPS  -2267804.790  5009346.977  3221000.349
2022  62  31149 GPS  -2267804.791  5009346.980  3221000.349
2022  62  31150 GPS  -2267804.788  5009346.975  3221000.346
2022  62  31151 GPS  -2267804.786  5009346.972  3221000.346
2022  62  31152 GPS  -2267804.778  5009346.965  3221000.342
2022  62  31153 GPS  -2267804.768  5009346.961  3221000.337
2022  62  31154 GPS  -2267804.763  5009346.957  3221000.335
2022  62  31155 GPS  -2267804.759  5009346.950  3221000.334
2022  62  31156 GPS  -2267804.752  5009346.937  3221000.324
2022  62  31157 GPS  -2267804.745  5009346.930  3221000.318
2022  62  31158 GPS  -2267804.737  5009346.915  3221000.310
2022  62  31159 GPS  -2267804.739  5009346.913  3221000.309
2022  62  31160 GPS  -2267804.742  5009346.912  3221000.304
2022  62  31161 GPS  -2267804.745  5009346.908  3221000.299
2022  62  31162 GPS  -2267804.748  5009346.903  3221000.296
2022  62  31163 GPS  -2267804.750  5009346.896  3221000.291
2022  62  31164 GPS  -2267804.750  5009346.898  3221000.289
2022  62  31165 GPS  -2267804.750  5009346.892  3221000.281
2022  62  31166 GPS  -2267804.747  5009346.894  3221000.285
2022  62  31167 GPS  -2267804.749  5009346.904  3221000.293
2022  62  31168 GPS  -2267804.748  5009346.910  3221000.296
2022  62  31169 GPS  -2267804.747  5009346.904  3221000.294
2022  62  31170 GPS  -2267804.741  5009346.899  3221000.296
2022  62  31171 GPS  -2267804.737  5009346.897  3221000.298
2022  62  31172 GPS  -2267804.732  5009346.898  3221000.301
2022  62  31173 GPS  -2267804.729  5009346.894  3221000.301
2022  62  31174 GPS  -2267804.728  5009346.896  3221000.299
2022  62  31175 GPS  -2267804.727  5009346.896  3221000.303
2022  62  31176 GPS  -2267804.727  5009346.893  3221000.302
2022  62  31177 GPS  -2267804.723  5009346.889  3221000.302
2022  62  31178 GPS  -2267804.722  5009346.882  3221000.297
2022  62  31179 GPS  -2267804.723  5009346.871  3221000.294
2022  62  31180 GPS  -2267804.724  5009346.877  3221000.299
2022  62  31181 GPS  -2267804.723  5009346.872  3221000.293
2022  62  31182 GPS  -2267804.723  5009346.868  3221000.294
2022  62  31183 GPS  -2267804.722  5009346.861  3221000.286
2022  62  31184 GPS  -2267804.726  5009346.859  3221000.285
2022  62  31185 GPS  -2267804.731  5009346.865  3221000.283
2022  62  31186 GPS  -2267804.730  5009346.866  3221000.283
2022  62  31187 GPS  -2267804.729  5009346.864  3221000.279
2022  62  31188 GPS  -2267804.732  5009346.866  3221000.279
2022  62  31189 GPS  -2267804.734  5009346.862  3221000.276
2022  62  31190 GPS  -2267804.732  5009346.859  3221000.270
2022  62  31191 GPS  -2267804.728  5009346.849  3221000.265
2022  62  31192 GPS  -2267804.725  5009346.843  3221000.262
2022  62  31193 GPS  -2267804.717  5009346.829  3221000.252
2022  62  31194 GPS  -2267804.715  5009346.828  3221000.253
2022  62  31195 GPS  -2267804.711  5009346.826  3221000.248
2022  62  31196 GPS  -2267804.710  5009346.836  3221000.253
2022  62  31197 GPS  -2267804.708  5009346.839  3221000.256
2022  62  31198 GPS  -2267804.702  5009346.837  3221000.253
2022  62  31199 GPS  -2267804.700  5009346.838  3221000.249
2022  62  31200 GPS  -2267804.702  5009346.835  3221000.244
2022  62  31201 GPS  -2267804.704  5009346.829  3221000.237
2022  62  31202 GPS  -2267804.705  5009346.829  3221000.231
2022  62  31203 GPS  -2267804.704  5009346.828  3221000.225
2022  62  31204 GPS  -2267804.703  5009346.813  3221000.212
2022  62  31205 GPS  -2267804.704  5009346.810  3221000.208
2022  62  31206 GPS  -2267804.704  5009346.802  3221000.197
2022  62  31207 GPS  -2267804.703  5009346.799  3221000.195
2022  62  31208 GPS  -2267804.704  5009346.801  3221000.189
2022  62  31209 GPS  -2267804.704  5009346.797  3221000.180
2022  62  31210 GPS  -2267804.707  5009346.809  3221000.185
2022  62  31211 GPS  -2267804.704  5009346.807  3221000.177
2022  62  31212 GPS  -2267804.700  5009346.804  3221000.170
2022  62  31213 GPS  -2267804.695  5009346.802  3221000.166
2022  62  31214 GPS  -2267804.694  5009346.800  3221000.161
2022  62  31215 GPS  -2267804.692  5009346.793  3221000.153
2022  62  31216 GPS  -2267804.688  5009346.788  3221000.147
2022  62  31217 GPS  -2267804.680  5009346.778  3221000.140
2022  62  31218 GPS  -2267804.679  5009346.778  3221000.139
2022  62  31219 GPS  -2267804.683  5009346.789  3221000.142
2022  62  31220 GPS  -2267804.687  5009346.787  3221000.143
2022  62  31221 GPS  -2267804.690  5009346.792  3221000.146
2022  62  31222 GPS  -2267804.693  5009346.800  3221000.152
2022  62  31223 GPS  -2267804.697  5009346.802  3221000.153
2022  62  31224 GPS  -2267804.692  5009346.799  3221000.148
2022  62  31225 GPS  -2267804.689  5009346.793  3221000.141
2022  62  31226 GPS  -2267804.687  5009346.799  3221000.144
2022  62  31227 GPS  -2267804.688  5009346.808  3221000.149
2022  62  31228 GPS  -2267804.685  5009346.809  3221000.148
2022  62  31229 GPS  -2267804.683  5009346.815  3221000.148
2022  62  31230 GPS  -2267804.684  5009346.813  3221000.145
2022  62  31231 GPS  -2267804.689  5009346.812  3221000.146
2022  62  31232 GPS  -2267804.691  5009346.804  3221000.139
2022  62  31233 GPS  -2267804.689  5009346.808  3221000.137
2022  62  31234 GPS  -2267804.685  5009346.790  3221000.126
2022  62  31235 GPS  -2267804.685  5009346.783  3221000.119
2022  62  31236 GPS  -2267804.685  5009346.784  3221000.117
2022  62  31237 GPS  -2267804.687  5009346.780  3221000.112
2022  62  31238 GPS  -2267804.683  5009346.771  3221000.107
2022  62  31239 GPS  -2267804.684  5009346.771  3221000.108
2022  62  31240 GPS  -2267804.690  5009346.780  3221000.115
2022  62  31241 GPS  -2267804.693  5009346.784  3221000.120
2022  62  31242 GPS  -2267804.699  5009346.787  3221000.126
2022  62  31243 GPS  -2267804.713  5009346.799  3221000.131
2022  62  31244 GPS  -2267804.720  5009346.815  3221000.140
2022  62  31245 GPS  -2267804.730  5009346.828  3221000.147
2022  62  31246 GPS  -2267804.740  5009346.839  3221000.155
2022  62  31247 GPS  -2267804.749  5009346.834  3221000.155
2022  62  31248 GPS  -2267804.761  5009346.845  3221000.164
2022  62  31249 GPS  -2267804.770  5009346.852  3221000.169
2022  62  31250 GPS  -2267804.779  5009346.852  3221000.170
2022  62  31251 GPS  -2267804.787  5009346.856  3221000.177
2022  62  31252 GPS  -2267804.790  5009346.869  3221000.183
2022  62  31253 GPS  -2267804.794  5009346.870  3221000.184
2022  62  31254 GPS  -2267804.796  5009346.881  3221000.188
2022  62  31255 GPS  -2267804.796  5009346.891  3221000.192
2022  62  31256 GPS  -2267804.799  5009346.898  3221000.200
2022  62  31257 GPS  -2267804.796  5009346.906  3221000.201
2022  62  31258 GPS  -2267804.802  5009346.917  3221000.205
2022  62  31259 GPS  -2267804.806  5009346.924  3221000.213
2022  62  31260 GPS  -2267804.804  5009346.933  3221000.215
2022  62  31261 GPS  -2267804.803  5009346.938  3221000.222
2022  62  31262 GPS  -2267804.805  5009346.935  3221000.226
2022  62  31263 GPS  -2267804.805  5009346.935  3221000.228
2022  62  31264 GPS  -2267804.807  5009346.938  3221000.232
2022  62  31265 GPS  -2267804.805  5009346.935  3221000.235
2022  62  31266 GPS  -2267804.808  5009346.946  3221000.243
2022  62  31267 GPS  -2267804.813  5009346.960  3221000.250
2022  62  31268 GPS  -2267804.815  5009346.971  3221000.257
2022  62  31269 GPS  -2267804.819  5009346.984  3221000.264
2022  62  31270 GPS  -2267804.820  5009347.005  3221000.283
2022  62  31271 GPS  -2267804.821  5009347.013  3221000.290
2022  62  31272 GPS  -2267804.825  5009347.020  3221000.295
2022  62  31273 GPS  -2267804.823  5009347.028  3221000.299
2022  62  31274 GPS  -2267804.821  5009347.041  3221000.309
2022  62  31275 GPS  -2267804.814  5009346.934  3221000.267
2022  62  31276 GPS  -2267804.787  5009346.570  3221000.113
2022  62  31277 GPS  -2267804.772  5009346.316  3221000.006
2022  62  31278 GPS  -2267804.796  5009346.640  3221000.143
2022  62  31279 GPS  -2267804.786  5009346.495  3221000.082
2022  62  31280 GPS  -2267804.768  5009346.213  3220999.962
2022  62  31281 GPS  -2267804.781  5009346.409  3221000.043
2022  62  31282 GPS  -2267804.844  5009347.226  3221000.392
2022  62  31283 GPS  -2267804.774  5009346.272  3220999.985
2022  62  31284 GPS  -2267804.799  5009346.608  3221000.132
2022  62  31285 GPS  -2267804.833  5009347.045  3221000.318
2022  62  31286 GPS  -2267804.851  5009347.206  3221000.387
2022  62  31287 GPS  -2267804.869  5009347.476  3221000.502
2022  62  31288 GPS  -2267804.883  5009347.688  3221000.590
2022  62  31289 GPS  -2267804.829  5009346.934  3221000.267
2022  62  31290 GPS  -2267804.820  5009346.821  3221000.223
2022  62  31291 GPS  -2267804.822  5009346.817  3221000.225
2022  62  31292 GPS  -2267804.808  5009346.675  3221000.166
2022  62  31293 GPS  -2267804.786  5009346.471  3221000.077
2022  62  31294 GPS  -2267804.792  5009346.559  3221000.115
2022  62  31295 GPS  -2267804.815  5009346.913  3221000.268
2022  62  31296 GPS  -2267804.804  5009346.823  3221000.232
2022  62  31297 GPS  -2267804.784  5009346.665  3221000.165
2022  62  31298 GPS  -2267804.780  5009346.619  3221000.149
2022  62  31299 GPS  -2267804.765  5009346.427  3221000.070
2022  62  31300 GPS  -2267804.755  5009346.359  3221000.041
2022  62  31301 GPS  -2267804.761  5009346.529  3221000.115
2022  62  31302 GPS  -2267804.760  5009346.559  3221000.130
2022  62  31303 GPS  -2267804.760  5009346.549  3221000.124
2022  62  31304 GPS  -2267804.760  5009346.539  3221000.115
2022  62  31305 GPS  -2267804.763  5009346.528  3221000.107
2022  62  31306 GPS  -2267804.774  5009346.541  3221000.113
2022  62  31307 GPS  -2267804.782  5009346.564  3221000.122
2022  62  31308 GPS  -2267804.784  5009346.580  3221000.127
2022  62  31309 GPS  -2267804.792  5009346.591  3221000.135
2022  62  31310 GPS  -2267804.793  5009346.602  3221000.134
2022  62  31311 GPS  -2267804.797  5009346.611  3221000.137
2022  62  31312 GPS  -2267804.812  5009346.801  3221000.214
2022  62  31313 GPS  -2267804.836  5009347.117  3221000.347
2022  62  31314 GPS  -2267804.814  5009346.803  3221000.211
2022  62  31315 GPS  -2267804.775  5009346.250  3220999.969
2022  62  31316 GPS  -2267804.762  5009346.071  3220999.885
2022  62  31317 GPS  -2267804.839  5009346.959  3221000.264
2022  62  31318 GPS  -2267804.818  5009346.642  3221000.124
2022  62  31319 GPS  -2267804.835  5009346.786  3221000.183
2022  62  31320 GPS  -2267804.856  5009346.991  3221000.270
2022  62  31321 GPS  -2267804.855  5009346.937  3221000.251
2022  62  31322 GPS  -2267804.851  5009346.900  3221000.236
2022  62  31323 GPS  -2267804.864  5009347.060  3221000.304
2022  62  31324 GPS  -2267804.850  5009346.884  3221000.229
2022  62  31325 GPS  -2267804.776  5009345.969  3220999.833
2022  62  31326 GPS  -2267804.791  5009346.125  3220999.893
2022  62  31327 GPS  -2267804.829  5009346.576  3221000.087
2022  62  31328 GPS  -2267804.861  5009347.032  3221000.283
2022  62  31329 GPS  -2267804.842  5009346.817  3221000.191
2022  62  31330 GPS  -2267804.844  5009346.818  3221000.188
2022  62  31331 GPS  -2267804.845  5009346.819  3221000.187
2022  62  31332 GPS  -2267804.847  5009346.822  3221000.187
2022  62  31333 GPS  -2267804.844  5009346.808  3221000.179
2022  62  31334 GPS  -2267804.848  5009346.812  3221000.175
2022  62  31335 GPS  -2267804.847  5009346.813  3221000.170
2022  62  31336 GPS  -2267804.843  5009346.815  3221000.164
2022  62  31337 GPS  -2267804.839  5009346.813  3221000.157
2022  62  31338 GPS  -2267804.836  5009346.807  3221000.156
2022  62  31339 GPS  -2267804.834  5009346.804  3221000.155
2022  62  31340 GPS  -2267804.831  5009346.793  3221000.150
2022  62  31341 GPS  -2267804.827  5009346.792  3221000.144
2022  62  31342 GPS  -2267804.831  5009346.795  3221000.143
2022  62  31343 GPS  -2267804.827  5009346.787  3221000.141
2022  62  31344 GPS  -2267804.823  5009346.783  3221000.140
2022  62  31345 GPS  -2267804.820  5009346.775  3221000.136
2022  62  31346 GPS  -2267804.815  5009346.764  3221000.129
2022  62  31347 GPS  -2267804.807  5009346.760  3221000.124
2022  62  31348 GPS  -2267804.803  5009346.755  3221000.124
2022  62  31349 GPS  -2267804.799  5009346.755  3221000.125
2022  62  31350 GPS  -2267804.801  5009346.760  3221000.127
2022  62  31351 GPS  -2267804.801  5009346.769  3221000.133
2022  62  31352 GPS  -2267804.801  5009346.777  3221000.137
2022  62  31353 GPS  -2267804.798  5009346.768  3221000.132
2022  62  31354 GPS  -2267804.796  5009346.769  3221000.130
2022  62  31355 GPS  -2267804.794  5009346.767  3221000.132
2022  62  31356 GPS  -2267804.794  5009346.767  3221000.133
2022  62  31357 GPS  -2267804.794  5009346.764  3221000.134
2022  62  31358 GPS  -2267804.798  5009346.766  3221000.136
2022  62  31359 GPS  -2267804.803  5009346.774  3221000.137
2022  62  31360 GPS  -2267804.802  5009346.780  3221000.137
2022  62  31361 GPS  -2267804.799  5009346.778  3221000.132
2022  62  31362 GPS  -2267804.803  5009346.775  3221000.125
2022  62  31363 GPS  -2267804.805  5009346.764  3221000.115
2022  62  31364 GPS  -2267804.805  5009346.764  3221000.112
2022  62  31365 GPS  -2267804.803  5009346.755  3221000.103
2022  62  31366 GPS  -2267804.803  5009346.753  3221000.102
2022  62  31367 GPS  -2267804.803  5009346.750  3221000.101
2022  62  31368 GPS  -2267804.807  5009346.746  3221000.103
2022  62  31369 GPS  -2267804.803  5009346.734  3221000.098
2022  62  31370 GPS  -2267804.793  5009346.729  3221000.093
2022  62  31371 GPS  -2267804.788  5009346.728  3221000.092
2022  62  31372 GPS  -2267804.782  5009346.723  3221000.089
2022  62  31373 GPS  -2267804.775  5009346.716  3221000.085
2022  62  31374 GPS  -2267804.769  5009346.712  3221000.082
2022  62  31375 GPS  -2267804.766  5009346.703  3221000.077
2022  62  31376 GPS  -2267804.755  5009346.697  3221000.068
2022  62  31377 GPS  -2267804.750  5009346.696  3221000.062
2022  62  31378 GPS  -2267804.744  5009346.689  3221000.053
2022  62  31379 GPS  -2267804.743  5009346.688  3221000.050
2022  62  31380 GPS  -2267804.742  5009346.679  3221000.044
2022  62  31381 GPS  -2267804.744  5009346.683  3221000.043
2022  62  31382 GPS  -2267804.744  5009346.688  3221000.046
2022  62  31383 GPS  -2267804.747  5009346.692  3221000.044
2022  62  31384 GPS  -2267804.751  5009346.695  3221000.042
2022  62  31385 GPS  -2267804.753  5009346.696  3221000.043
2022  62  31386 GPS  -2267804.751  5009346.693  3221000.041
2022  62  31387 GPS  -2267804.747  5009346.691  3221000.044
2022  62  31388 GPS  -2267804.747  5009346.688  3221000.045
2022  62  31389 GPS  -2267804.748  5009346.686  3221000.048
2022  62  31390 GPS  -2267804.747  5009346.682  3221000.045
2022  62  31391 GPS  -2267804.748  5009346.671  3221000.041
2022  62  31392 GPS  -2267804.744  5009346.670  3221000.043
2022  62  31393 GPS  -2267804.744  5009346.661  3221000.039
2022  62  31394 GPS  -2267804.741  5009346.661  3221000.036
2022  62  31395 GPS  -2267804.745  5009346.664  3221000.029
2022  62  31396 GPS  -2267804.755  5009346.679  3221000.033
2022  62  31397 GPS  -2267804.759  5009346.681  3221000.032
2022  62  31398 GPS  -2267804.760  5009346.685  3221000.026
2022  62  31399 GPS  -2267804.763  5009346.687  3221000.018
2022  62  31400 GPS  -2267804.763  5009346.683  3221000.008
2022  62  31401 GPS  -2267804.766  5009346.689  3221000.003
2022  62  31402 GPS  -2267804.766  5009346.692  3221000.005
2022  62  31403 GPS  -2267804.768  5009346.702  3221000.005
2022  62  31404 GPS  -2267804.765  5009346.703  3221000.005
2022  62  31405 GPS  -2267804.763  5009346.705  3221000.002
2022  62  31406 GPS  -2267804.761  5009346.705  3221000.003
2022  62  31407 GPS  -2267804.760  5009346.708  3221000.004
2022  62  31408 GPS  -2267804.761  5009346.707  3221000.008
2022  62  31409 GPS  -2267804.761  5009346.706  3221000.007
2022  62  31410 GPS  -2267804.762  5009346.706  3221000.005
2022  62  31411 GPS  -2267804.762  5009346.708  3221000.008
2022  62  31412 GPS  -2267804.759  5009346.704  3221000.005
2022  62  31413 GPS  -2267804.755  5009346.708  3221000.004
2022  62  31414 GPS  -2267804.754  5009346.725  3221000.010
2022  62  31415 GPS  -2267804.751  5009346.731  3221000.016
2022  62  31416 GPS  -2267804.749  5009346.732  3221000.012
2022  62  31417 GPS  -2267804.748  5009346.733  3221000.010
2022  62  31418 GPS  -2267804.748  5009346.736  3221000.013
2022  62  31419 GPS  -2267804.745  5009346.731  3221000.008
2022  62  31420 GPS  -2267804.739  5009346.721  3221000.001
2022  62  31421 GPS  -2267804.790  5009347.327  3221000.266
2022  62  31422 GPS  -2267804.769  5009347.039  3221000.148
2022  62  31423 GPS  -2267804.776  5009347.087  3221000.171
2022  62  31424 GPS  -2267804.736  5009346.693  3221000.004
2022  62  31425 GPS  -2267804.775  5009347.174  3221000.213
2022  62  31426 GPS  -2267804.792  5009347.337  3221000.282
2022  62  31427 GPS  -2267804.812  5009347.642  3221000.419
2022  62  31428 GPS  -2267804.806  5009347.620  3221000.412
2022  62  31429 GPS  -2267804.761  5009347.150  3221000.213
2022  62  31430 GPS  -2267804.760  5009347.182  3221000.229
2022  62  31431 GPS  -2267804.712  5009346.643  3221000.003
2022  62  31432 GPS  -2267804.751  5009347.149  3221000.223
2022  62  31433 GPS  -2267804.701  5009346.637  3221000.007
2022  62  31434 GPS  -2267804.675  5009346.442  3220999.923
2022  62  31435 GPS  -2267804.675  5009346.568  3220999.979
2022  62  31436 GPS  -2267804.684  5009346.702  3221000.036
2022  62  31437 GPS  -2267804.685  5009346.768  3221000.063
2022  62  31438 GPS  -2267804.684  5009346.742  3221000.054
2022  62  31439 GPS  -2267804.702  5009347.006  3221000.173
2022  62  31440 GPS  -2267804.687  5009346.820  3221000.098
2022  62  31441 GPS  -2267804.676  5009346.694  3221000.046
2022  62  31442 GPS  -2267804.672  5009346.645  3221000.027
2022  62  31443 GPS  -2267804.606  5009345.854  3220999.689
2022  62  31444 GPS  -2267804.647  5009346.373  3220999.912
2022  62  31445 GPS  -2267804.668  5009346.619  3221000.015
2022  62  31446 GPS  -2267804.635  5009346.312  3220999.881
2022  62  31447 GPS  -2267804.628  5009346.278  3220999.866
2022  62  31448 GPS  -2267804.636  5009346.407  3220999.921
2022  62  31449 GPS  -2267804.639  5009346.452  3220999.941
2022  62  31450 GPS  -2267804.636  5009346.413  3220999.924
2022  62  31451 GPS  -2267804.636  5009346.456  3220999.943
2022  62  31452 GPS  -2267804.637  5009346.456  3220999.943
2022  62  31453 GPS  -2267804.634  5009346.449  3220999.941
2022  62  31454 GPS  -2267804.625  5009346.438  3220999.941
2022  62  31455 GPS  -2267804.616  5009346.413  3220999.930
2022  62  31456 GPS  -2267804.611  5009346.403  3220999.925
2022  62  31457 GPS  -2267804.606  5009346.397  3220999.925
2022  62  31458 GPS  -2267804.604  5009346.390  3220999.925
2022  62  31459 GPS  -2267804.606  5009346.391  3220999.928
2022  62  31460 GPS  -2267804.608  5009346.391  3220999.930
2022  62  31461 GPS  -2267804.610  5009346.397  3220999.935
2022  62  31462 GPS  -2267804.614  5009346.410  3220999.944
2022  62  31463 GPS  -2267804.618  5009346.423  3220999.950
2022  62  31464 GPS  -2267804.623  5009346.421  3220999.949
2022  62  31465 GPS  -2267804.625  5009346.415  3220999.946
2022  62  31466 GPS  -2267804.629  5009346.416  3220999.945
2022  62  31467 GPS  -2267804.631  5009346.416  3220999.949
2022  62  31468 GPS  -2267804.637  5009346.425  3220999.958
2022  62  31469 GPS  -2267804.640  5009346.426  3220999.963
2022  62  31470 GPS  -2267804.643  5009346.428  3220999.967
2022  62  31471 GPS  -2267804.640  5009346.422  3220999.968
2022  62  31472 GPS  -2267804.635  5009346.413  3220999.965
2022  62  31473 GPS  -2267804.641  5009346.420  3220999.968
2022  62  31474 GPS  -2267804.643  5009346.418  3220999.968
2022  62  31475 GPS  -2267804.646  5009346.425  3220999.973
2022  62  31476 GPS  -2267804.651  5009346.432  3220999.978
2022  62  31477 GPS  -2267804.658  5009346.439  3220999.979
2022  62  31478 GPS  -2267804.665  5009346.446  3220999.985
2022  62  31479 GPS  -2267804.668  5009346.452  3220999.989
2022  62  31480 GPS  -2267804.668  5009346.450  3220999.995
2022  62  31481 GPS  -2267804.665  5009346.450  3221000.001
2022  62  31482 GPS  -2267804.668  5009346.455  3221000.007
2022  62  31483 GPS  -2267804.669  5009346.460  3221000.012
2022  62  31484 GPS  -2267804.677  5009346.468  3221000.015
2022  62  31485 GPS  -2267804.744  5009347.177  3221000.325
2022  62  31486 GPS  -2267804.723  5009346.893  3221000.205
2022  62  31487 GPS  -2267804.697  5009346.497  3221000.035
2022  62  31488 GPS  -2267804.705  5009346.560  3221000.067
2022  62  31489 GPS  -2267804.703  5009346.518  3221000.053
2022  62  31490 GPS  -2267804.702  5009346.524  3221000.056
2022  62  31491 GPS  -2267804.708  5009346.598  3221000.086
2022  62  31492 GPS  -2267804.699  5009346.488  3221000.038
2022  62  31493 GPS  -2267804.694  5009346.474  3221000.032
2022  62  31494 GPS  -2267804.698  5009346.480  3221000.039
2022  62  31495 GPS  -2267804.697  5009346.469  3221000.035
2022  62  31496 GPS  -2267804.692  5009346.463  3221000.037
2022  62  31497 GPS  -2267804.686  5009346.454  3221000.038
2022  62  31498 GPS  -2267804.683  5009346.449  3221000.041
2022  62  31499 GPS  -2267804.678  5009346.442  3221000.042
2022  62  31500 GPS  -2267804.668  5009346.433  3221000.041
2022  62  31501 GPS  -2267804.666  5009346.426  3221000.039
2022  62  31502 GPS  -2267804.664  5009346.418  3221000.039
2022  62  31503 GPS  -2267804.658  5009346.413  3221000.036
2022  62  31504 GPS  -2267804.654  5009346.400  3221000.030
2022  62  31505 GPS  -2267804.649  5009346.387  3221000.025
2022  62  31506 GPS  -2267804.648  5009346.387  3221000.023
2022  62  31507 GPS  -2267804.644  5009346.378  3221000.018
2022  62  31508 GPS  -2267804.637  5009346.367  3221000.007
2022  62  31509 GPS  -2267804.637  5009346.369  3221000.010
2022  62  31510 GPS  -2267804.636  5009346.362  3221000.003
2022  62  31511 GPS  -2267804.636  5009346.359  3221000.000
2022  62  31512 GPS  -2267804.637  5009346.351  3220999.990
2022  62  31513 GPS  -2267804.640  5009346.348  3220999.988
2022  62  31514 GPS  -2267804.636  5009346.337  3220999.978
2022  62  31515 GPS  -2267804.638  5009346.334  3220999.975
2022  62  31516 GPS  -2267804.643  5009346.333  3220999.973
2022  62  31517 GPS  -2267804.648  5009346.330  3220999.974
2022  62  31518 GPS  -2267804.651  5009346.324  3220999.970
2022  62  31519 GPS  -2267804.651  5009346.316  3220999.965
2022  62  31520 GPS  -2267804.647  5009346.314  3220999.965
2022  62  31521 GPS  -2267804.652  5009346.334  3220999.975
2022  62  31522 GPS  -2267804.653  5009346.344  3220999.978
2022  62  31523 GPS  -2267804.653  5009346.357  3220999.980
2022  62  31524 GPS  -2267804.653  5009346.364  3220999.985
2022  62  31525 GPS  -2267804.654  5009346.376  3220999.987
2022  62  31526 GPS  -2267804.661  5009346.381  3220999.991
2022  62  31527 GPS  -2267804.663  5009346.384  3220999.988
2022  62  31528 GPS  -2267804.664  5009346.380  3220999.983
2022  62  31529 GPS  -2267804.663  5009346.377  3220999.975
2022  62  31530 GPS  -2267804.665  5009346.373  3220999.972
2022  62  31531 GPS  -2267804.658  5009346.362  3220999.961
2022  62  31532 GPS  -2267804.654  5009346.358  3220999.955
2022  62  31533 GPS  -2267804.652  5009346.357  3220999.953
2022  62  31534 GPS  -2267804.652  5009346.353  3220999.953
2022  62  31535 GPS  -2267804.660  5009346.363  3220999.957
2022  62  31536 GPS  -2267804.659  5009346.372  3220999.963
2022  62  31537 GPS  -2267804.662  5009346.379  3220999.971
2022  62  31538 GPS  -2267804.664  5009346.386  3220999.978
2022  62  31539 GPS  -2267804.668  5009346.390  3220999.978
2022  62  31540 GPS  -2267804.673  5009346.397  3220999.978
2022  62  31541 GPS  -2267804.684  5009346.413  3220999.984
2022  62  31542 GPS  -2267804.691  5009346.429  3220999.990
2022  62  31543 GPS  -2267804.693  5009346.439  3220999.993
2022  62  31544 GPS  -2267804.697  5009346.447  3220999.994
2022  62  31545 GPS  -2267804.700  5009346.459  3220999.997
2022  62  31546 GPS  -2267804.704  5009346.472  3221000.003
2022  62  31547 GPS  -2267804.712  5009346.487  3221000.013
2022  62  31548 GPS  -2267804.727  5009346.506  3221000.021
2022  62  31549 GPS  -2267804.737  5009346.518  3221000.026
2022  62  31550 GPS  -2267804.744  5009346.520  3221000.031
2022  62  31551 GPS  -2267804.751  5009346.529  3221000.036
2022  62  31552 GPS  -2267804.758  5009346.539  3221000.038
2022  62  31553 GPS  -2267804.767  5009346.551  3221000.047
2022  62  31554 GPS  -2267804.768  5009346.554  3221000.047
2022  62  31555 GPS  -2267804.772  5009346.557  3221000.050
2022  62  31556 GPS  -2267804.772  5009346.555  3221000.054
2022  62  31557 GPS  -2267804.774  5009346.554  3221000.052
2022  62  31558 GPS  -2267804.770  5009346.550  3221000.050
2022  62  31559 GPS  -2267804.768  5009346.551  3221000.049
2022  62  31560 GPS  -2267804.767  5009346.552  3221000.048
2022  62  31561 GPS  -2267804.765  5009346.546  3221000.047
2022  62  31562 GPS  -2267804.762  5009346.541  3221000.047
2022  62  31563 GPS  -2267804.758  5009346.531  3221000.043
2022  62  31564 GPS  -2267804.762  5009346.539  3221000.045
2022  62  31565 GPS  -2267804.770  5009346.545  3221000.048
2022  62  31566 GPS  -2267804.773  5009346.544  3221000.049
2022  62  31567 GPS  -2267804.777  5009346.546  3221000.055
2022  62  31568 GPS  -2267804.786  5009346.561  3221000.063
2022  62  31569 GPS  -2267804.792  5009346.568  3221000.065
2022  62  31570 GPS  -2267804.793  5009346.569  3221000.060
2022  62  31571 GPS  -2267804.795  5009346.570  3221000.063
2022  62  31572 GPS  -2267804.797  5009346.584  3221000.070
2022  62  31573 GPS  -2267804.801  5009346.590  3221000.072
2022  62  31574 GPS  -2267804.807  5009346.593  3221000.080
2022  62  31575 GPS  -2267804.811  5009346.602  3221000.086
2022  62  31576 GPS  -2267804.811  5009346.614  3221000.090
2022  62  31577 GPS  -2267804.801  5009346.610  3221000.089
2022  62  31578 GPS  -2267804.795  5009346.610  3221000.091
2022  62  31579 GPS  -2267804.792  5009346.614  3221000.092
2022  62  31580 GPS  -2267804.788  5009346.616  3221000.096
2022  62  31581 GPS  -2267804.784  5009346.614  3221000.097
2022  62  31582 GPS  -2267804.782  5009346.614  3221000.100
2022  62  31583 GPS  -2267804.781  5009346.610  3221000.097
2022  62  31584 GPS  -2267804.778  5009346.611  3221000.103
2022  62  31585 GPS  -2267804.770  5009346.605  3221000.104
2022  62  31586 GPS  -2267804.763  5009346.591  3221000.102
2022  62  31587 GPS  -2267804.755  5009346.581  3221000.103
2022  62  31588 GPS  -2267804.752  5009346.569  3221000.104
2022  62  31589 GPS  -2267804.751  5009346.575  3221000.113
2022  62  31590 GPS  -2267804.750  5009346.577  3221000.119
2022  62  31591 GPS  -2267804.747  5009346.575  3221000.124
2022  62  31592 GPS  -2267804.745  5009346.569  3221000.124
2022  62  31593 GPS  -2267804.744  5009346.581  3221000.133
2022  62  31594 GPS  -2267804.747  5009346.595  3221000.142
2022  62  31595 GPS  -2267804.743  5009346.605  3221000.148
2022  62  31596 GPS  -2267804.743  5009346.615  3221000.162
2022  62  31597 GPS  -2267804.740  5009346.623  3221000.171
2022  62  31598 GPS  -2267804.736  5009346.634  3221000.173
2022  62  31599 GPS  -2267804.735  5009346.645  3221000.181
2022  62  31600 GPS  -2267804.732  5009346.657  3221000.185
2022  62  31601 GPS  -2267804.729  5009346.670  3221000.191
2022  62  31602 GPS  -2267804.725  5009346.677  3221000.202
2022  62  31603 GPS  -2267804.720  5009346.682  3221000.202
2022  62  31604 GPS  -2267804.717  5009346.693  3221000.206
2022  62  31605 GPS  -2267804.717  5009346.713  3221000.216
2022  62  31606 GPS  -2267804.718  5009346.733  3221000.226
2022  62  31607 GPS  -2267804.718  5009346.749  3221000.232
2022  62  31608 GPS  -2267804.714  5009346.766  3221000.236
2022  62  31609 GPS  -2267804.711  5009346.785  3221000.242
2022  62  31610 GPS  -2267804.711  5009346.794  3221000.246
2022  62  31611 GPS  -2267804.710  5009346.806  3221000.253
2022  62  31612 GPS  -2267804.709  5009346.816  3221000.260
2022  62  31613 GPS  -2267804.709  5009346.826  3221000.260
2022  62  31614 GPS  -2267804.706  5009346.836  3221000.261
2022  62  31615 GPS  -2267804.701  5009346.837  3221000.260
2022  62  31616 GPS  -2267804.699  5009346.841  3221000.262
2022  62  31617 GPS  -2267804.694  5009346.843  3221000.264
2022  62  31618 GPS  -2267804.691  5009346.848  3221000.266
2022  62  31619 GPS  -2267804.690  5009346.855  3221000.269
2022  62  31620 GPS  -2267804.689  5009346.862  3221000.271
2022  62  31621 GPS  -2267804.688  5009346.863  3221000.272
2022  62  31622 GPS  -2267804.684  5009346.859  3221000.266
2022  62  31623 GPS  -2267804.685  5009346.859  3221000.263
2022  62  31624 GPS  -2267804.681  5009346.861  3221000.262
2022  62  31625 GPS  -2267804.676  5009346.860  3221000.262
2022  62  31626 GPS  -2267804.673  5009346.864  3221000.265
2022  62  31627 GPS  -2267804.668  5009346.861  3221000.268
2022  62  31628 GPS  -2267804.660  5009346.861  3221000.270
2022  62  31629 GPS  -2267804.662  5009346.846  3221000.267
2022  62  31630 GPS  -2267804.665  5009346.838  3221000.263
2022  62  31631 GPS  -2267804.667  5009346.842  3221000.268
2022  62  31632 GPS  -2267804.669  5009346.835  3221000.264
2022  62  31633 GPS  -2267804.672  5009346.832  3221000.261
2022  62  31634 GPS  -2267804.677  5009346.835  3221000.257
2022  62  31635 GPS  -2267804.680  5009346.837  3221000.259
2022  62  31636 GPS  -2267804.687  5009346.932  3221000.299
2022  62  31637 GPS  -2267804.678  5009346.839  3221000.256
2022  62  31638 GPS  -2267804.675  5009346.825  3221000.252
2022  62  31639 GPS  -2267804.700  5009347.129  3221000.385
2022  62  31640 GPS  -2267804.662  5009346.821  3221000.253
2022  62  31641 GPS  -2267804.660  5009346.821  3221000.255
2022  62  31642 GPS  -2267804.658  5009346.818  3221000.252
2022  62  31643 GPS  -2267804.659  5009346.817  3221000.248
2022  62  31644 GPS  -2267804.658  5009346.806  3221000.244
2022  62  31645 GPS  -2267804.662  5009346.804  3221000.245
2022  62  31646 GPS  -2267804.663  5009346.794  3221000.238
2022  62  31647 GPS  -2267804.669  5009346.799  3221000.244
2022  62  31648 GPS  -2267804.670  5009346.814  3221000.249
2022  62  31649 GPS  -2267804.669  5009346.815  3221000.247
2022  62  31650 GPS  -2267804.668  5009346.815  3221000.249
2022  62  31651 GPS  -2267804.671  5009346.821  3221000.257
2022  62  31652 GPS  -2267804.677  5009346.828  3221000.264
2022  62  31653 GPS  -2267804.683  5009346.839  3221000.271
2022  62  31654 GPS  -2267804.690  5009346.849  3221000.278
2022  62  31655 GPS  -2267804.691  5009346.853  3221000.285
2022  62  31656 GPS  -2267804.696  5009346.864  3221000.291
2022  62  31657 GPS  -2267804.697  5009346.871  3221000.295
2022  62  31658 GPS  -2267804.697  5009346.873  3221000.300
2022  62  31659 GPS  -2267804.699  5009346.874  3221000.301
2022  62  31660 GPS  -2267804.696  5009346.886  3221000.306
2022  62  31661 GPS  -2267804.691  5009346.891  3221000.311
2022  62  31662 GPS  -2267804.692  5009346.903  3221000.321
2022  62  31663 GPS  -2267804.698  5009346.920  3221000.338
2022  62  31664 GPS  -2267804.695  5009346.921  3221000.338
2022  62  31665 GPS  -2267804.696  5009346.929  3221000.341
2022  62  31666 GPS  -2267804.701  5009346.946  3221000.349
2022  62  31667 GPS  -2267804.705  5009346.964  3221000.359
2022  62  31668 GPS  -2267804.705  5009346.978  3221000.368
2022  62  31669 GPS  -2267804.699  5009346.979  3221000.367
2022  62  31670 GPS  -2267804.694  5009346.980  3221000.364
2022  62  31671 GPS  -2267804.684  5009346.975  3221000.364
2022  62  31672 GPS  -2267804.675  5009346.970  3221000.367
2022  62  31673 GPS  -2267804.671  5009346.970  3221000.367
2022  62  31674 GPS  -2267804.668  5009346.971  3221000.371
2022  62  31675 GPS  -2267804.670  5009346.978  3221000.378
2022  62  31676 GPS  -2267804.671  5009346.976  3221000.378
2022  62  31677 GPS  -2267804.669  5009346.970  3221000.372
2022  62  31678 GPS  -2267804.667  5009346.957  3221000.363
2022  62  31679 GPS  -2267804.667  5009346.954  3221000.354
2022  62  31680 GPS  -2267804.668  5009346.956  3221000.349
2022  62  31681 GPS  -2267804.665  5009346.959  3221000.345
2022  62  31682 GPS  -2267804.666  5009346.959  3221000.340
2022  62  31683 GPS  -2267804.663  5009346.956  3221000.336
2022  62  31684 GPS  -2267804.662  5009346.956  3221000.336
2022  62  31685 GPS  -2267804.660  5009346.961  3221000.334
2022  62  31686 GPS  -2267804.658  5009346.960  3221000.333
2022  62  31687 GPS  -2267804.663  5009346.960  3221000.335
2022  62  31688 GPS  -2267804.667  5009346.969  3221000.342
2022  62  31689 GPS  -2267804.668  5009346.981  3221000.347
2022  62  31690 GPS  -2267804.674  5009346.994  3221000.356
2022  62  31691 GPS  -2267804.677  5009347.004  3221000.365
2022  62  31692 GPS  -2267804.686  5009347.019  3221000.372
2022  62  31693 GPS  -2267804.696  5009347.033  3221000.384
2022  62  31694 GPS  -2267804.706  5009347.044  3221000.390
2022  62  31695 GPS  -2267804.711  5009347.041  3221000.393
2022  62  31696 GPS  -2267804.719  5009347.051  3221000.396
2022  62  31697 GPS  -2267804.728  5009347.059  3221000.401
2022  62  31698 GPS  -2267804.730  5009347.058  3221000.402
2022  62  31699 GPS  -2267804.737  5009347.069  3221000.407
2022  62  31700 GPS  -2267804.744  5009347.082  3221000.417
2022  62  31701 GPS  -2267804.746  5009347.080  3221000.419
2022  62  31702 GPS  -2267804.741  5009347.073  3221000.417
2022  62  31703 GPS  -2267804.744  5009347.078  3221000.421
2022  62  31704 GPS  -2267804.746  5009347.084  3221000.419
2022  62  31705 GPS  -2267804.746  5009347.086  3221000.423
2022  62  31706 GPS  -2267804.746  5009347.092  3221000.420
2022  62  31707 GPS  -2267804.743  5009347.097  3221000.419
2022  62  31708 GPS  -2267804.736  5009347.091  3221000.413
2022  62  31709 GPS  -2267804.736  5009347.092  3221000.413
2022  62  31710 GPS  -2267804.737  5009347.095  3221000.416
2022  62  31711 GPS  -2267804.737  5009347.101  3221000.420
2022  62  31712 GPS  -2267804.739  5009347.111  3221000.426
2022  62  31713 GPS  -2267804.738  5009347.110  3221000.424
2022  62  31714 GPS  -2267804.739  5009347.109  3221000.422
2022  62  31715 GPS  -2267804.739  5009347.111  3221000.425
2022  62  31716 GPS  -2267804.742  5009347.118  3221000.428
2022  62  31717 GPS  -2267804.744  5009347.122  3221000.428
2022  62  31718 GPS  -2267804.749  5009347.125  3221000.430
2022  62  31719 GPS  -2267804.752  5009347.133  3221000.430
2022  62  31720 GPS  -2267804.759  5009347.145  3221000.437
2022  62  31721 GPS  -2267804.766  5009347.150  3221000.439
2022  62  31722 GPS  -2267804.767  5009347.159  3221000.439
2022  62  31723 GPS  -2267804.769  5009347.164  3221000.437
2022  62  31724 GPS  -2267804.769  5009347.166  3221000.439
2022  62  31725 GPS  -2267804.773  5009347.155  3221000.439
2022  62  31726 GPS  -2267804.777  5009347.156  3221000.443
2022  62  31727 GPS  -2267804.781  5009347.158  3221000.447
2022  62  31728 GPS  -2267804.780  5009347.151  3221000.446
2022  62  31729 GPS  -2267804.775  5009347.138  3221000.446
2022  62  31730 GPS  -2267804.773  5009347.128  3221000.439
2022  62  31731 GPS  -2267804.778  5009347.120  3221000.434
2022  62  31732 GPS  -2267804.782  5009347.123  3221000.433
2022  62  31733 GPS  -2267804.787  5009347.116  3221000.428
2022  62  31734 GPS  -2267804.792  5009347.118  3221000.429
2022  62  31735 GPS  -2267804.793  5009347.122  3221000.431
2022  62  31736 GPS  -2267804.797  5009347.122  3221000.436
2022  62  31737 GPS  -2267804.794  5009347.104  3221000.432
2022  62  31738 GPS  -2267804.789  5009347.092  3221000.431
2022  62  31739 GPS  -2267804.785  5009347.090  3221000.435
2022  62  31740 GPS  -2267804.784  5009347.082  3221000.438
2022  62  31741 GPS  -2267804.782  5009347.075  3221000.442
2022  62  31742 GPS  -2267804.778  5009347.072  3221000.442
2022  62  31743 GPS  -2267804.777  5009347.066  3221000.441
2022  62  31744 GPS  -2267804.780  5009347.068  3221000.447
2022  62  31745 GPS  -2267804.785  5009347.081  3221000.457
2022  62  31746 GPS  -2267804.789  5009347.092  3221000.469
2022  62  31747 GPS  -2267804.788  5009347.095  3221000.476
2022  62  31748 GPS  -2267804.788  5009347.099  3221000.481
2022  62  31749 GPS  -2267804.788  5009347.104  3221000.484
2022  62  31750 GPS  -2267804.787  5009347.101  3221000.484
2022  62  31751 GPS  -2267804.785  5009347.091  3221000.483
2022  62  31752 GPS  -2267804.786  5009347.085  3221000.485
2022  62  31753 GPS  -2267804.789  5009347.075  3221000.479
2022  62  31754 GPS  -2267804.788  5009347.066  3221000.473
2022  62  31755 GPS  -2267804.790  5009347.065  3221000.473
2022  62  31756 GPS  -2267804.793  5009347.060  3221000.468
2022  62  31757 GPS  -2267804.789  5009347.048  3221000.465
2022  62  31758 GPS  -2267804.787  5009347.041  3221000.462
2022  62  31759 GPS  -2267804.783  5009347.037  3221000.460
2022  62  31760 GPS  -2267804.782  5009347.031  3221000.459
2022  62  31761 GPS  -2267804.783  5009347.031  3221000.458
2022  62  31762 GPS  -2267804.784  5009347.014  3221000.453
2022  62  31763 GPS  -2267804.780  5009346.997  3221000.454
2022  62  31764 GPS  -2267804.776  5009346.989  3221000.458
2022  62  31765 GPS  -2267804.779  5009346.987  3221000.457
2022  62  31766 GPS  -2267804.772  5009346.983  3221000.457
2022  62  31767 GPS  -2267804.769  5009346.988  3221000.463
2022  62  31768 GPS  -2267804.767  5009346.983  3221000.469
2022  62  31769 GPS  -2267804.764  5009346.981  3221000.472
2022  62  31770 GPS  -2267804.766  5009346.976  3221000.472
2022  62  31771 GPS  -2267804.765  5009346.965  3221000.467
2022  62  31772 GPS  -2267804.764  5009346.952  3221000.459
2022  62  31773 GPS  -2267804.764  5009346.945  3221000.453
2022  62  31774 GPS  -2267804.763  5009346.942  3221000.451
2022  62  31775 GPS  -2267804.760  5009346.937  3221000.447
2022  62  31776 GPS  -2267804.759  5009346.935  3221000.446
2022  62  31777 GPS  -2267804.761  5009346.935  3221000.444
2022  62  31778 GPS  -2267804.767  5009346.935  3221000.439
2022  62  31779 GPS  -2267804.775  5009346.937  3221000.439
2022  62  31780 GPS  -2267804.780  5009346.941  3221000.441
2022  62  31781 GPS  -2267804.785  5009346.943  3221000.442
2022  62  31782 GPS  -2267804.785  5009346.940  3221000.443
2022  62  31783 GPS  -2267804.785  5009346.942  3221000.445
2022  62  31784 GPS  -2267804.788  5009346.943  3221000.446
2022  62  31785 GPS  -2267804.790  5009346.949  3221000.450
2022  62  31786 GPS  -2267804.787  5009346.953  3221000.458
2022  62  31787 GPS  -2267804.788  5009346.957  3221000.465
2022  62  31788 GPS  -2267804.792  5009346.957  3221000.470
2022  62  31789 GPS  -2267804.792  5009346.951  3221000.474
2022  62  31790 GPS  -2267804.791  5009346.961  3221000.481
2022  62  31791 GPS  -2267804.794  5009346.963  3221000.485
2022  62  31792 GPS  -2267804.795  5009346.960  3221000.485
2022  62  31793 GPS  -2267804.799  5009346.962  3221000.488
2022  62  31794 GPS  -2267804.801  5009346.967  3221000.495
2022  62  31795 GPS  -2267804.806  5009346.973  3221000.503
2022  62  31796 GPS  -2267804.813  5009346.984  3221000.510
2022  62  31797 GPS  -2267804.816  5009346.990  3221000.513
2022  62  31798 GPS  -2267804.823  5009346.993  3221000.521
2022  62  31799 GPS  -2267804.823  5009346.998  3221000.524
2022  62  31800 GPS  -2267804.821  5009346.994  3221000.522
2022  62  31801 GPS  -2267804.820  5009346.985  3221000.518
2022  62  31802 GPS  -2267804.817  5009346.979  3221000.512
2022  62  31803 GPS  -2267804.822  5009346.976  3221000.510
2022  62  31804 GPS  -2267804.823  5009346.988  3221000.516
2022  62  31805 GPS  -2267804.820  5009346.988  3221000.514
2022  62  31806 GPS  -2267804.826  5009346.988  3221000.510
2022  62  31807 GPS  -2267804.825  5009346.976  3221000.503
2022  62  31808 GPS  -2267804.823  5009346.966  3221000.491
2022  62  31809 GPS  -2267804.826  5009346.964  3221000.487
2022  62  31810 GPS  -2267804.824  5009346.962  3221000.480
2022  62  31811 GPS  -2267804.819  5009346.957  3221000.477
2022  62  31812 GPS  -2267804.822  5009346.969  3221000.481
2022  62  31813 GPS  -2267804.827  5009346.981  3221000.481
2022  62  31814 GPS  -2267804.829  5009346.976  3221000.476
2022  62  31815 GPS  -2267804.834  5009346.984  3221000.481
2022  62  31816 GPS  -2267804.837  5009346.989  3221000.483
2022  62  31817 GPS  -2267804.845  5009346.994  3221000.486
2022  62  31818 GPS  -2267804.844  5009346.993  3221000.482
2022  62  31819 GPS  -2267804.843  5009346.983  3221000.472
2022  62  31820 GPS  -2267804.845  5009346.986  3221000.469
2022  62  31821 GPS  -2267804.849  5009346.988  3221000.470
2022  62  31822 GPS  -2267804.843  5009346.980  3221000.464
2022  62  31823 GPS  -2267804.841  5009346.986  3221000.465
2022  62  31824 GPS  -2267804.839  5009346.990  3221000.468
2022  62  31825 GPS  -2267804.838  5009346.989  3221000.470
2022  62  31826 GPS  -2267804.836  5009346.988  3221000.471
2022  62  31827 GPS  -2267804.830  5009346.981  3221000.471
2022  62  31828 GPS  -2267804.824  5009346.981  3221000.469
2022  62  31829 GPS  -2267804.816  5009346.974  3221000.467
2022  62  31830 GPS  -2267804.816  5009346.977  3221000.468
2022  62  31831 GPS  -2267804.819  5009346.979  3221000.467
2022  62  31832 GPS  -2267804.816  5009346.977  3221000.463
2022  62  31833 GPS  -2267804.819  5009346.987  3221000.469
2022  62  31834 GPS  -2267804.819  5009346.978  3221000.465
2022  62  31835 GPS  -2267804.823  5009346.978  3221000.459
2022  62  31836 GPS  -2267804.823  5009346.970  3221000.450
2022  62  31837 GPS  -2267804.826  5009346.969  3221000.445
2022  62  31838 GPS  -2267804.825  5009346.967  3221000.442
2022  62  31839 GPS  -2267804.826  5009346.969  3221000.441
2022  62  31840 GPS  -2267804.830  5009346.984  3221000.441
2022  62  31841 GPS  -2267804.833  5009346.995  3221000.444
2022  62  31842 GPS  -2267804.831  5009346.993  3221000.441
2022  62  31843 GPS  -2267804.836  5009346.994  3221000.443
2022  62  31844 GPS  -2267804.837  5009346.985  3221000.444
2022  62  31845 GPS  -2267804.835  5009346.987  3221000.444
2022  62  31846 GPS  -2267804.835  5009346.979  3221000.439
2022  62  31847 GPS  -2267804.833  5009346.964  3221000.435
2022  62  31848 GPS  -2267804.832  5009346.958  3221000.433
2022  62  31849 GPS  -2267804.828  5009346.956  3221000.430
2022  62  31850 GPS  -2267804.819  5009346.935  3221000.420
2022  62  31851 GPS  -2267804.811  5009346.919  3221000.413
2022  62  31852 GPS  -2267804.802  5009346.898  3221000.400
2022  62  31853 GPS  -2267804.796  5009346.897  3221000.400
2022  62  31854 GPS  -2267804.796  5009346.895  3221000.400
2022  62  31855 GPS  -2267804.796  5009346.891  3221000.399
2022  62  31856 GPS  -2267804.796  5009346.880  3221000.395
2022  62  31857 GPS  -2267804.794  5009346.874  3221000.390
2022  62  31858 GPS  -2267804.794  5009346.875  3221000.389
2022  62  31859 GPS  -2267804.790  5009346.874  3221000.391
2022  62  31860 GPS  -2267804.795  5009346.881  3221000.392
2022  62  31861 GPS  -2267804.796  5009346.890  3221000.393
2022  62  31862 GPS  -2267804.799  5009346.900  3221000.400
2022  62  31863 GPS  -2267804.803  5009346.905  3221000.405
2022  62  31864 GPS  -2267804.803  5009346.914  3221000.410
2022  62  31865 GPS  -2267804.801  5009346.920  3221000.411
2022  62  31866 GPS  -2267804.804  5009346.932  3221000.414
2022  62  31867 GPS  -2267804.805  5009346.935  3221000.410
2022  62  31868 GPS  -2267804.811  5009346.943  3221000.415
2022  62  31869 GPS  -2267804.810  5009346.948  3221000.416
2022  62  31870 GPS  -2267804.813  5009346.959  3221000.418
2022  62  31871 GPS  -2267804.818  5009346.964  3221000.422
2022  62  31872 GPS  -2267804.817  5009346.968  3221000.424
2022  62  31873 GPS  -2267804.816  5009346.970  3221000.428
2022  62  31874 GPS  -2267804.817  5009346.974  3221000.432
2022  62  31875 GPS  -2267804.817  5009346.986  3221000.437
2022  62  31876 GPS  -2267804.815  5009346.973  3221000.432
2022  62  31877 GPS  -2267804.815  5009346.978  3221000.434
2022  62  31878 GPS  -2267804.812  5009346.972  3221000.434
2022  62  31879 GPS  -2267804.808  5009346.965  3221000.438
2022  62  31880 GPS  -2267804.808  5009346.963  3221000.438
2022  62  31881 GPS  -2267804.802  5009346.953  3221000.431
2022  62  31882 GPS  -2267804.794  5009346.951  3221000.432
2022  62  31883 GPS  -2267804.788  5009346.950  3221000.434
2022  62  31884 GPS  -2267804.786  5009346.948  3221000.438
2022  62  31885 GPS  -2267804.780  5009346.943  3221000.440
2022  62  31886 GPS  -2267804.771  5009346.952  3221000.448
2022  62  31887 GPS  -2267804.770  5009346.945  3221000.453
2022  62  31888 GPS  -2267804.769  5009346.951  3221000.456
2022  62  31889 GPS  -2267804.769  5009346.953  3221000.454
2022  62  31890 GPS  -2267804.776  5009346.957  3221000.458
2022  62  31891 GPS  -2267804.780  5009346.956  3221000.458
2022  62  31892 GPS  -2267804.784  5009346.973  3221000.464
2022  62  31893 GPS  -2267804.792  5009346.977  3221000.470
2022  62  31894 GPS  -2267804.792  5009346.974  3221000.470
2022  62  31895 GPS  -2267804.793  5009346.978  3221000.472
2022  62  31896 GPS  -2267804.793  5009346.976  3221000.472
2022  62  31897 GPS  -2267804.791  5009346.967  3221000.470
2022  62  31898 GPS  -2267804.792  5009346.963  3221000.469
2022  62  31899 GPS  -2267804.793  5009346.957  3221000.467
2022  62  31900 GPS  -2267804.788  5009346.941  3221000.460
2022  62  31901 GPS  -2267804.784  5009346.938  3221000.462
2022  62  31902 GPS  -2267804.779  5009346.935  3221000.459
2022  62  31903 GPS  -2267804.780  5009346.937  3221000.461
2022  62  31904 GPS  -2267804.784  5009346.942  3221000.464
2022  62  31905 GPS  -2267804.781  5009346.935  3221000.464
2022  62  31906 GPS  -2267804.777  5009346.941  3221000.469
2022  62  31907 GPS  -2267804.774  5009346.939  3221000.469
2022  62  31908 GPS  -2267804.771  5009346.934  3221000.471
2022  62  31909 GPS  -2267804.767  5009346.938  3221000.472
2022  62  31910 GPS  -2267804.760  5009346.945  3221000.477
2022  62  31911 GPS  -2267804.746  5009346.952  3221000.477
2022  62  31912 GPS  -2267804.741  5009346.955  3221000.474
2022  62  31913 GPS  -2267804.732  5009346.942  3221000.465
2022  62  31914 GPS  -2267804.721  5009346.924  3221000.454
2022  62  31915 GPS  -2267804.713  5009346.911  3221000.448
2022  62  31916 GPS  -2267804.708  5009346.905  3221000.444
2022  62  31917 GPS  -2267804.700  5009346.899  3221000.443
2022  62  31918 GPS  -2267804.695  5009346.897  3221000.445
2022  62  31919 GPS  -2267804.690  5009346.886  3221000.442
2022  62  31920 GPS  -2267804.685  5009346.883  3221000.441
2022  62  31921 GPS  -2267804.681  5009346.885  3221000.440
2022  62  31922 GPS  -2267804.676  5009346.876  3221000.431
2022  62  31923 GPS  -2267804.671  5009346.880  3221000.430
2022  62  31924 GPS  -2267804.668  5009346.871  3221000.427
2022  62  31925 GPS  -2267804.666  5009346.873  3221000.427
2022  62  31926 GPS  -2267804.675  5009346.883  3221000.432
2022  62  31927 GPS  -2267804.679  5009346.886  3221000.437
2022  62  31928 GPS  -2267804.681  5009346.880  3221000.436
2022  62  31929 GPS  -2267804.686  5009346.877  3221000.437
2022  62  31930 GPS  -2267804.687  5009346.867  3221000.434
2022  62  31931 GPS  -2267804.687  5009346.863  3221000.435
2022  62  31932 GPS  -2267804.693  5009346.872  3221000.439
2022  62  31933 GPS  -2267804.703  5009346.887  3221000.442
2022  62  31934 GPS  -2267804.711  5009346.889  3221000.441
2022  62  31935 GPS  -2267804.715  5009346.891  3221000.441
2022  62  31936 GPS  -2267804.715  5009346.887  3221000.438
2022  62  31937 GPS  -2267804.714  5009346.883  3221000.435
2022  62  31938 GPS  -2267804.714  5009346.875  3221000.426
2022  62  31939 GPS  -2267804.708  5009346.864  3221000.418
2022  62  31940 GPS  -2267804.708  5009346.865  3221000.410
2022  62  31941 GPS  -2267804.710  5009346.870  3221000.406
2022  62  31942 GPS  -2267804.706  5009346.867  3221000.401
2022  62  31943 GPS  -2267804.701  5009346.870  3221000.399
2022  62  31944 GPS  -2267804.696  5009346.859  3221000.392
2022  62  31945 GPS  -2267804.688  5009346.852  3221000.383
2022  62  31946 GPS  -2267804.685  5009346.848  3221000.383
2022  62  31947 GPS  -2267804.686  5009346.847  3221000.382
2022  62  31948 GPS  -2267804.685  5009346.850  3221000.379
2022  62  31949 GPS  -2267804.684  5009346.850  3221000.375
2022  62  31950 GPS  -2267804.682  5009346.846  3221000.368
2022  62  31951 GPS  -2267804.685  5009346.849  3221000.370
2022  62  31952 GPS  -2267804.697  5009346.848  3221000.370
2022  62  31953 GPS  -2267804.700  5009346.846  3221000.369
2022  62  31954 GPS  -2267804.707  5009346.857  3221000.372
2022  62  31955 GPS  -2267804.707  5009346.866  3221000.369
2022  62  31956 GPS  -2267804.710  5009346.875  3221000.366
2022  62  31957 GPS  -2267804.708  5009346.886  3221000.367
2022  62  31958 GPS  -2267804.708  5009346.889  3221000.368
2022  62  31959 GPS  -2267804.711  5009346.883  3221000.367
2022  62  31960 GPS  -2267804.707  5009346.879  3221000.367
2022  62  31961 GPS  -2267804.699  5009346.873  3221000.363
2022  62  31962 GPS  -2267804.701  5009346.878  3221000.361
2022  62  31963 GPS  -2267804.699  5009346.876  3221000.356
2022  62  31964 GPS  -2267804.693  5009346.870  3221000.347
2022  62  31965 GPS  -2267804.687  5009346.861  3221000.338
2022  62  31966 GPS  -2267804.689  5009346.848  3221000.330
2022  62  31967 GPS  -2267804.687  5009346.841  3221000.324
2022  62  31968 GPS  -2267804.683  5009346.830  3221000.321
2022  62  31969 GPS  -2267804.669  5009346.808  3221000.314
2022  62  31970 GPS  -2267804.663  5009346.789  3221000.306
2022  62  31971 GPS  -2267804.654  5009346.780  3221000.300
2022  62  31972 GPS  -2267804.643  5009346.762  3221000.293
2022  62  31973 GPS  -2267804.632  5009346.748  3221000.291
2022  62  31974 GPS  -2267804.630  5009346.737  3221000.288
2022  62  31975 GPS  -2267804.631  5009346.730  3221000.287
2022  62  31976 GPS  -2267804.631  5009346.718  3221000.282
2022  62  31977 GPS  -2267804.632  5009346.705  3221000.281
2022  62  31978 GPS  -2267804.632  5009346.691  3221000.276
2022  62  31979 GPS  -2267804.637  5009346.687  3221000.279
2022  62  31980 GPS  -2267804.642  5009346.677  3221000.281
2022  62  31981 GPS  -2267804.646  5009346.681  3221000.286
2022  62  31982 GPS  -2267804.646  5009346.682  3221000.288
2022  62  31983 GPS  -2267804.641  5009346.674  3221000.284
2022  62  31984 GPS  -2267804.639  5009346.677  3221000.289
2022  62  31985 GPS  -2267804.640  5009346.680  3221000.292
2022  62  31986 GPS  -2267804.640  5009346.693  3221000.302
2022  62  31987 GPS  -2267804.638  5009346.702  3221000.311
2022  62  31988 GPS  -2267804.634  5009346.709  3221000.314
2022  62  31989 GPS  -2267804.637  5009346.709  3221000.317
2022  62  31990 GPS  -2267804.638  5009346.706  3221000.314
2022  62  31991 GPS  -2267804.636  5009346.693  3221000.309
2022  62  31992 GPS  -2267804.631  5009346.677  3221000.299
2022  62  31993 GPS  -2267804.627  5009346.665  3221000.288
2022  62  31994 GPS  -2267804.623  5009346.665  3221000.288
2022  62  31995 GPS  -2267804.619  5009346.654  3221000.281
2022  62  31996 GPS  -2267804.621  5009346.643  3221000.279
2022  62  31997 GPS  -2267804.624  5009346.642  3221000.278
2022  62  31998 GPS  -2267804.636  5009346.648  3221000.280
2022  62  31999 GPS  -2267804.644  5009346.650  3221000.279
2022  62  32000 GPS  -2267804.649  5009346.656  3221000.281
2022  62  32001 GPS  -2267804.656  5009346.652  3221000.281
2022  62  32002 GPS  -2267804.659  5009346.647  3221000.276
2022  62  32003 GPS  -2267804.626  5009346.335  3221000.136
2022  62  32004 GPS  -2267804.772  5009347.493  3221000.637
2022  62  32005 GPS  -2267804.708  5009346.985  3221000.416
2022  62  32006 GPS  -2267804.683  5009346.765  3221000.319
2022  62  32007 GPS  -2267804.720  5009347.031  3221000.430
2022  62  32008 GPS  -2267804.746  5009347.225  3221000.505
2022  62  32009 GPS  -2267804.750  5009347.229  3221000.497
2022  62  32010 GPS  -2267804.722  5009346.974  3221000.385
2022  62  32011 GPS  -2267804.694  5009346.705  3221000.267
2022  62  32012 GPS  -2267804.688  5009346.648  3221000.240
2022  62  32013 GPS  -2267804.693  5009346.629  3221000.228
2022  62  32014 GPS  -2267804.668  5009346.408  3221000.129
2022  62  32015 GPS  -2267804.689  5009346.598  3221000.209
2022  62  32016 GPS  -2267804.690  5009346.590  3221000.200
2022  62  32017 GPS  -2267804.679  5009346.573  3221000.190
2022  62  32018 GPS  -2267804.672  5009346.555  3221000.175
2022  62  32019 GPS  -2267804.665  5009346.543  3221000.165
2022  62  32020 GPS  -2267804.661  5009346.538  3221000.159
2022  62  32021 GPS  -2267804.655  5009346.528  3221000.151
2022  62  32022 GPS  -2267804.647  5009346.516  3221000.143
2022  62  32023 GPS  -2267804.641  5009346.509  3221000.144
2022  62  32024 GPS  -2267804.638  5009346.502  3221000.142
2022  62  32025 GPS  -2267804.635  5009346.493  3221000.143
2022  62  32026 GPS  -2267804.627  5009346.488  3221000.141
2022  62  32027 GPS  -2267804.623  5009346.483  3221000.137
2022  62  32028 GPS  -2267804.617  5009346.480  3221000.133
2022  62  32029 GPS  -2267804.610  5009346.478  3221000.127
2022  62  32030 GPS  -2267804.603  5009346.470  3221000.120
2022  62  32031 GPS  -2267804.598  5009346.468  3221000.118
2022  62  32032 GPS  -2267804.597  5009346.476  3221000.116
2022  62  32033 GPS  -2267804.601  5009346.482  3221000.119
2022  62  32034 GPS  -2267804.601  5009346.493  3221000.119
2022  62  32035 GPS  -2267804.604  5009346.501  3221000.123
2022  62  32036 GPS  -2267804.607  5009346.495  3221000.121
2022  62  32037 GPS  -2267804.608  5009346.504  3221000.123
2022  62  32038 GPS  -2267804.607  5009346.507  3221000.126
2022  62  32039 GPS  -2267804.605  5009346.512  3221000.126
2022  62  32040 GPS  -2267804.609  5009346.526  3221000.129
2022  62  32041 GPS  -2267804.605  5009346.527  3221000.127
2022  62  32042 GPS  -2267804.604  5009346.517  3221000.124
2022  62  32043 GPS  -2267804.603  5009346.514  3221000.123
2022  62  32044 GPS  -2267804.601  5009346.510  3221000.128
2022  62  32045 GPS  -2267804.599  5009346.501  3221000.128
2022  62  32046 GPS  -2267804.601  5009346.493  3221000.130
2022  62  32047 GPS  -2267804.599  5009346.479  3221000.131
2022  62  32048 GPS  -2267804.598  5009346.462  3221000.124
2022  62  32049 GPS  -2267804.600  5009346.461  3221000.129
2022  62  32050 GPS  -2267804.597  5009346.464  3221000.131
2022  62  32051 GPS  -2267804.596  5009346.464  3221000.135
2022  62  32052 GPS  -2267804.596  5009346.461  3221000.141
2022  62  32053 GPS  -2267804.601  5009346.471  3221000.150
2022  62  32054 GPS  -2267804.604  5009346.474  3221000.155
2022  62  32055 GPS  -2267804.605  5009346.462  3221000.148
2022  62  32056 GPS  -2267804.608  5009346.452  3221000.146
2022  62  32057 GPS  -2267804.611  5009346.442  3221000.146
2022  62  32058 GPS  -2267804.612  5009346.445  3221000.150
2022  62  32059 GPS  -2267804.619  5009346.452  3221000.152
2022  62  32060 GPS  -2267804.621  5009346.454  3221000.149
2022  62  32061 GPS  -2267804.627  5009346.452  3221000.151
2022  62  32062 GPS  -2267804.633  5009346.455  3221000.153
2022  62  32063 GPS  -2267804.635  5009346.452  3221000.152
2022  62  32064 GPS  -2267804.635  5009346.446  3221000.152
2022  62  32065 GPS  -2267804.635  5009346.431  3221000.145
2022  62  32066 GPS  -2267804.637  5009346.426  3221000.145
2022  62  32067 GPS  -2267804.645  5009346.438  3221000.155
2022  62  32068 GPS  -2267804.652  5009346.436  3221000.155
2022  62  32069 GPS  -2267804.658  5009346.439  3221000.157
2022  62  32070 GPS  -2267804.664  5009346.455  3221000.167
2022  62  32071 GPS  -2267804.662  5009346.458  3221000.170
2022  62  32072 GPS  -2267804.664  5009346.468  3221000.179
2022  62  32073 GPS  -2267804.663  5009346.468  3221000.181
2022  62  32074 GPS  -2267804.657  5009346.460  3221000.170
2022  62  32075 GPS  -2267804.653  5009346.449  3221000.159
2022  62  32076 GPS  -2267804.650  5009346.448  3221000.154
2022  62  32077 GPS  -2267804.651  5009346.454  3221000.156
2022  62  32078 GPS  -2267804.652  5009346.447  3221000.149
2022  62  32079 GPS  -2267804.651  5009346.431  3221000.136
2022  62  32080 GPS  -2267804.648  5009346.424  3221000.123
2022  62  32081 GPS  -2267804.647  5009346.414  3221000.113
2022  62  32082 GPS  -2267804.650  5009346.403  3221000.103
2022  62  32083 GPS  -2267804.651  5009346.385  3221000.090
2022  62  32084 GPS  -2267804.658  5009346.390  3221000.094
2022  62  32085 GPS  -2267804.662  5009346.395  3221000.099
2022  62  32086 GPS  -2267804.665  5009346.409  3221000.107
2022  62  32087 GPS  -2267804.667  5009346.420  3221000.107
2022  62  32088 GPS  -2267804.660  5009346.410  3221000.100
2022  62  32089 GPS  -2267804.656  5009346.405  3221000.096
2022  62  32090 GPS  -2267804.660  5009346.417  3221000.100
2022  62  32091 GPS  -2267804.660  5009346.416  3221000.098
2022  62  32092 GPS  -2267804.659  5009346.419  3221000.094
2022  62  32093 GPS  -2267804.659  5009346.418  3221000.095
2022  62  32094 GPS  -2267804.661  5009346.419  3221000.094
2022  62  32095 GPS  -2267804.658  5009346.405  3221000.086
2022  62  32096 GPS  -2267804.658  5009346.399  3221000.076
2022  62  32097 GPS  -2267804.656  5009346.399  3221000.069
2022  62  32098 GPS  -2267804.656  5009346.400  3221000.068
2022  62  32099 GPS  -2267805.158  5009347.096  3221000.294
2022  62  32100 GPS  -2267805.163  5009347.105  3221000.294
2022  62  32101 GPS  -2267805.165  5009347.104  3221000.290
2022  62  32102 GPS  -2267805.165  5009347.109  3221000.291
2022  62  32103 GPS  -2267805.164  5009347.107  3221000.289
2022  62  32104 GPS  -2267805.170  5009347.118  3221000.298
2022  62  32105 GPS  -2267805.170  5009347.124  3221000.306
2022  62  32106 GPS  -2267805.174  5009347.134  3221000.318
2022  62  32107 GPS  -2267805.174  5009347.134  3221000.327
2022  62  32108 GPS  -2267805.172  5009347.137  3221000.334
2022  62  32109 GPS  -2267805.171  5009347.141  3221000.344
2022  62  32110 GPS  -2267805.169  5009347.138  3221000.349
2022  62  32111 GPS  -2267805.168  5009347.133  3221000.351
2022  62  32112 GPS  -2267805.174  5009347.143  3221000.366
2022  62  32113 GPS  -2267805.177  5009347.139  3221000.372
2022  62  32114 GPS  -2267805.183  5009347.148  3221000.382
2022  62  32115 GPS  -2267805.188  5009347.158  3221000.393
2022  62  32116 GPS  -2267805.196  5009347.175  3221000.405
2022  62  32117 GPS  -2267805.192  5009347.178  3221000.410
2022  62  32118 GPS  -2267805.194  5009347.183  3221000.414
2022  62  32119 GPS  -2267805.196  5009347.182  3221000.413
2022  62  32120 GPS  -2267805.199  5009347.190  3221000.419
2022  62  32121 GPS  -2267805.200  5009347.192  3221000.427
2022  62  32122 GPS  -2267805.203  5009347.194  3221000.434
2022  62  32123 GPS  -2267805.207  5009347.191  3221000.439
2022  62  32124 GPS  -2267805.207  5009347.197  3221000.447
2022  62  32125 GPS  -2267805.206  5009347.200  3221000.453
2022  62  32126 GPS  -2267805.208  5009347.209  3221000.459
2022  62  32127 GPS  -2267805.211  5009347.224  3221000.466
2022  62  32128 GPS  -2267805.209  5009347.221  3221000.461
2022  62  32129 GPS  -2267805.205  5009347.220  3221000.460
2022  62  32130 GPS  -2267805.201  5009347.214  3221000.451
2022  62  32131 GPS  -2267805.196  5009347.209  3221000.445
2022  62  32132 GPS  -2267805.191  5009347.197  3221000.437
2022  62  32133 GPS  -2267805.186  5009347.191  3221000.433
2022  62  32134 GPS  -2267805.186  5009347.191  3221000.436
2022  62  32135 GPS  -2267805.188  5009347.190  3221000.436
2022  62  32136 GPS  -2267805.182  5009347.183  3221000.435
2022  62  32137 GPS  -2267805.178  5009347.181  3221000.436
2022  62  32138 GPS  -2267805.177  5009347.180  3221000.436
2022  62  32139 GPS  -2267805.176  5009347.175  3221000.437
2022  62  32140 GPS  -2267805.181  5009347.189  3221000.448
2022  62  32141 GPS  -2267805.181  5009347.193  3221000.449
2022  62  32142 GPS  -2267805.184  5009347.211  3221000.457
2022  62  32143 GPS  -2267805.188  5009347.226  3221000.457
2022  62  32144 GPS  -2267805.189  5009347.228  3221000.449
2022  62  32145 GPS  -2267805.188  5009347.228  3221000.444
2022  62  32146 GPS  -2267805.188  5009347.222  3221000.434
2022  62  32147 GPS  -2267805.188  5009347.222  3221000.432
2022  62  32148 GPS  -2267805.188  5009347.220  3221000.425
2022  62  32149 GPS  -2267805.189  5009347.216  3221000.421
2022  62  32150 GPS  -2267805.193  5009347.213  3221000.416
2022  62  32151 GPS  -2267805.194  5009347.217  3221000.413
2022  62  32152 GPS  -2267805.192  5009347.214  3221000.409
2022  62  32153 GPS  -2267805.192  5009347.213  3221000.408
2022  62  32154 GPS  -2267805.193  5009347.208  3221000.405
2022  62  32155 GPS  -2267805.191  5009347.205  3221000.402
2022  62  32156 GPS  -2267805.184  5009347.198  3221000.400
2022  62  32157 GPS  -2267805.181  5009347.198  3221000.408
2022  62  32158 GPS  -2267805.175  5009347.194  3221000.414
2022  62  32159 GPS  -2267805.168  5009347.190  3221000.413
2022  62  32160 GPS  -2267805.164  5009347.185  3221000.413
2022  62  32161 GPS  -2267805.160  5009347.185  3221000.413
2022  62  32162 GPS  -2267805.157  5009347.178  3221000.409
2022  62  32163 GPS  -2267805.157  5009347.169  3221000.405
2022  62  32164 GPS  -2267805.158  5009347.163  3221000.405
2022  62  32165 GPS  -2267805.156  5009347.155  3221000.395
2022  62  32166 GPS  -2267805.157  5009347.158  3221000.395
2022  62  32167 GPS  -2267805.154  5009347.154  3221000.392
2022  62  32168 GPS  -2267805.155  5009347.156  3221000.397
2022  62  32169 GPS  -2267805.161  5009347.162  3221000.402
2022  62  32170 GPS  -2267805.165  5009347.168  3221000.406
2022  62  32171 GPS  -2267805.169  5009347.180  3221000.413
2022  62  32172 GPS  -2267805.176  5009347.192  3221000.421
2022  62  32173 GPS  -2267805.183  5009347.201  3221000.431
2022  62  32174 GPS  -2267805.193  5009347.208  3221000.440
2022  62  32175 GPS  -2267805.200  5009347.205  3221000.439
2022  62  32176 GPS  -2267805.210  5009347.220  3221000.442
2022  62  32177 GPS  -2267805.215  5009347.222  3221000.445
2022  62  32178 GPS  -2267805.222  5009347.228  3221000.447
2022  62  32179 GPS  -2267805.229  5009347.235  3221000.448
2022  62  32180 GPS  -2267805.238  5009347.239  3221000.451
2022  62  32181 GPS  -2267805.237  5009347.241  3221000.453
2022  62  32182 GPS  -2267805.242  5009347.251  3221000.458
2022  62  32183 GPS  -2267805.248  5009347.251  3221000.457
2022  62  32184 GPS  -2267805.249  5009347.250  3221000.454
2022  62  32185 GPS  -2267805.257  5009347.256  3221000.453
2022  62  32186 GPS  -2267805.259  5009347.269  3221000.461
2022  62  32187 GPS  -2267805.266  5009347.283  3221000.464
2022  62  32188 GPS  -2267805.272  5009347.294  3221000.466
2022  62  32189 GPS  -2267805.272  5009347.296  3221000.465
2022  62  32190 GPS  -2267805.276  5009347.307  3221000.469
2022  62  32191 GPS  -2267805.282  5009347.325  3221000.476
2022  62  32192 GPS  -2267805.286  5009347.337  3221000.482
2022  62  32193 GPS  -2267805.292  5009347.346  3221000.485
2022  62  32194 GPS  -2267805.296  5009347.359  3221000.490
2022  62  32195 GPS  -2267805.302  5009347.381  3221000.501
2022  62  32196 GPS  -2267805.310  5009347.402  3221000.508
2022  62  32197 GPS  -2267805.314  5009347.416  3221000.513
2022  62  32198 GPS  -2267805.320  5009347.437  3221000.525
2022  62  32199 GPS  -2267805.326  5009347.459  3221000.539
2022  62  32200 GPS  -2267805.327  5009347.473  3221000.548
2022  62  32201 GPS  -2267805.327  5009347.486  3221000.551
2022  62  32202 GPS  -2267805.334  5009347.504  3221000.557
2022  62  32203 GPS  -2267805.343  5009347.524  3221000.563
2022  62  32204 GPS  -2267805.346  5009347.531  3221000.556
2022  62  32205 GPS  -2267805.347  5009347.528  3221000.553
2022  62  32206 GPS  -2267805.351  5009347.530  3221000.551
2022  62  32207 GPS  -2267805.351  5009347.521  3221000.546
2022  62  32208 GPS  -2267805.352  5009347.520  3221000.543
2022  62  32209 GPS  -2267805.356  5009347.515  3221000.540
2022  62  32210 GPS  -2267805.356  5009347.513  3221000.540
2022  62  32211 GPS  -2267805.354  5009347.507  3221000.535
2022  62  32212 GPS  -2267805.346  5009347.496  3221000.526
2022  62  32213 GPS  -2267805.341  5009347.480  3221000.513
2022  62  32214 GPS  -2267805.331  5009347.458  3221000.502
2022  62  32215 GPS  -2267805.319  5009347.438  3221000.491
2022  62  32216 GPS  -2267805.309  5009347.420  3221000.478
2022  62  32217 GPS  -2267805.302  5009347.402  3221000.472
2022  62  32218 GPS  -2267805.295  5009347.385  3221000.466
2022  62  32219 GPS  -2267805.292  5009347.374  3221000.463
2022  62  32220 GPS  -2267805.286  5009347.355  3221000.456
2022  62  32221 GPS  -2267805.279  5009347.338  3221000.448
2022  62  32222 GPS  -2267805.278  5009347.330  3221000.440
2022  62  32223 GPS  -2267805.277  5009347.325  3221000.433
2022  62  32224 GPS  -2267805.285  5009347.328  3221000.431
2022  62  32225 GPS  -2267805.283  5009347.323  3221000.424
2022  62  32226 GPS  -2267805.286  5009347.332  3221000.422
2022  62  32227 GPS  -2267805.293  5009347.343  3221000.422
2022  62  32228 GPS  -2267805.295  5009347.355  3221000.419
2022  62  32229 GPS  -2267805.302  5009347.357  3221000.419
2022  62  32230 GPS  -2267805.303  5009347.361  3221000.416
2022  62  32231 GPS  -2267805.305  5009347.369  3221000.417
2022  62  32232 GPS  -2267805.307  5009347.373  3221000.417
2022  62  32233 GPS  -2267805.308  5009347.375  3221000.414
2022  62  32234 GPS  -2267805.307  5009347.376  3221000.412
2022  62  32235 GPS  -2267805.306  5009347.385  3221000.416
2022  62  32236 GPS  -2267805.311  5009347.402  3221000.425
2022  62  32237 GPS  -2267805.310  5009347.415  3221000.430
2022  62  32238 GPS  -2267805.310  5009347.429  3221000.439
2022  62  32239 GPS  -2267805.303  5009347.435  3221000.446
2022  62  32240 GPS  -2267805.303  5009347.443  3221000.451
2022  62  32241 GPS  -2267805.304  5009347.449  3221000.456
2022  62  32242 GPS  -2267805.308  5009347.458  3221000.460
2022  62  32243 GPS  -2267805.308  5009347.470  3221000.458
2022  62  32244 GPS  -2267805.303  5009347.482  3221000.461
2022  62  32245 GPS  -2267805.306  5009347.497  3221000.467
2022  62  32246 GPS  -2267805.308  5009347.511  3221000.474
2022  62  32247 GPS  -2267805.309  5009347.509  3221000.472
2022  62  32248 GPS  -2267805.310  5009347.505  3221000.471
2022  62  32249 GPS  -2267805.316  5009347.511  3221000.470
2022  62  32250 GPS  -2267805.319  5009347.511  3221000.466
2022  62  32251 GPS  -2267805.325  5009347.505  3221000.458
2022  62  32252 GPS  -2267805.320  5009347.453  3221000.431
2022  62  32253 GPS  -2267805.325  5009347.496  3221000.447
2022  62  32254 GPS  -2267805.323  5009347.487  3221000.442
2022  62  32255 GPS  -2267805.322  5009347.491  3221000.445
2022  62  32256 GPS  -2267805.322  5009347.490  3221000.443
2022  62  32257 GPS  -2267805.324  5009347.491  3221000.443
2022  62  32258 GPS  -2267805.329  5009347.500  3221000.446
2022  62  32259 GPS  -2267805.330  5009347.507  3221000.447
2022  62  32260 GPS  -2267805.327  5009347.512  3221000.451
2022  62  32261 GPS  -2267805.327  5009347.514  3221000.452
2022  62  32262 GPS  -2267805.327  5009347.521  3221000.456
2022  62  32263 GPS  -2267805.352  5009347.857  3221000.605
2022  62  32264 GPS  -2267805.372  5009348.174  3221000.751
2022  62  32265 GPS  -2267805.357  5009348.025  3221000.689
2022  62  32266 GPS  -2267805.324  5009347.581  3221000.498
2022  62  32267 GPS  -2267805.306  5009347.360  3221000.407
2022  62  32268 GPS  -2267805.329  5009347.664  3221000.546
2022  62  32269 GPS  -2267805.307  5009347.431  3221000.444
2022  62  32270 GPS  -2267805.295  5009347.329  3221000.401
2022  62  32271 GPS  -2267805.285  5009347.317  3221000.397
2022  62  32272 GPS  -2267805.260  5009347.069  3221000.286
2022  62  32273 GPS  -2267805.275  5009347.355  3221000.410
2022  62  32274 GPS  -2267805.287  5009347.423  3221000.442
2022  62  32275 GPS  -2267805.308  5009347.659  3221000.549
2022  62  32276 GPS  -2267805.321  5009347.822  3221000.623
2022  62  32277 GPS  -2267805.329  5009347.949  3221000.682
2022  62  32278 GPS  -2267805.290  5009347.437  3221000.458
2022  62  32279 GPS  -2267805.257  5009347.016  3221000.270
2022  62  32280 GPS  -2267805.295  5009347.370  3221000.429
2022  62  32281 GPS  -2267805.316  5009347.520  3221000.496
2022  62  32282 GPS  -2267805.320  5009347.570  3221000.517
2022  62  32283 GPS  -2267805.292  5009347.147  3221000.330
2022  62  32284 GPS  -2267805.301  5009347.282  3221000.389
2022  62  32285 GPS  -2267805.303  5009347.270  3221000.390
2022  62  32286 GPS  -2267805.330  5009347.523  3221000.505
2022  62  32287 GPS  -2267805.339  5009347.540  3221000.520
2022  62  32288 GPS  -2267805.316  5009347.149  3221000.352
2022  62  32289 GPS  -2267805.356  5009347.562  3221000.544
2022  62  32290 GPS  -2267805.372  5009347.621  3221000.575
2022  62  32291 GPS  -2267805.375  5009347.575  3221000.560
2022  62  32292 GPS  -2267805.387  5009347.624  3221000.585
2022  62  32293 GPS  -2267805.390  5009347.590  3221000.576
2022  62  32294 GPS  -2267805.395  5009347.603  3221000.585
2022  62  32295 GPS  -2267805.388  5009347.490  3221000.538
2022  62  32296 GPS  -2267805.380  5009347.344  3221000.476
2022  62  32297 GPS  -2267805.403  5009347.615  3221000.599
2022  62  32298 GPS  -2267805.390  5009347.443  3221000.527
2022  62  32299 GPS  -2267805.398  5009347.500  3221000.551
2022  62  32300 GPS  -2267805.416  5009347.608  3221000.604
2022  62  32301 GPS  -2267805.404  5009347.470  3221000.542
2022  62  32302 GPS  -2267805.421  5009347.668  3221000.631
2022  62  32303 GPS  -2267805.418  5009347.623  3221000.613
2022  62  32304 GPS  -2267805.433  5009347.650  3221000.623
2022  62  32305 GPS  -2267805.446  5009347.718  3221000.655
2022  62  32306 GPS  -2267805.453  5009347.721  3221000.655
2022  62  32307 GPS  -2267805.460  5009347.716  3221000.652
2022  62  32308 GPS  -2267805.472  5009347.716  3221000.653
2022  62  32309 GPS  -2267805.491  5009347.859  3221000.722
2022  62  32310 GPS  -2267805.498  5009347.943  3221000.763
2022  62  32311 GPS  -2267805.497  5009347.895  3221000.746
2022  62  32312 GPS  -2267805.499  5009347.844  3221000.729
2022  62  32313 GPS  -2267805.511  5009347.911  3221000.765
2022  62  32314 GPS  -2267805.509  5009347.827  3221000.728
2022  62  32315 GPS  -2267805.525  5009347.958  3221000.791
2022  62  32316 GPS  -2267805.521  5009347.854  3221000.751
2022  62  32317 GPS  -2267805.528  5009347.952  3221000.799
2022  62  32318 GPS  -2267805.534  5009348.086  3221000.860
2022  62  32319 GPS  -2267805.491  5009347.610  3221000.657
2022  62  32320 GPS  -2267805.501  5009347.805  3221000.750
2022  62  32321 GPS  -2267805.490  5009347.760  3221000.732
2022  62  32322 GPS  -2267805.481  5009347.733  3221000.719
2022  62  32323 GPS  -2267805.469  5009347.665  3221000.689
2022  62  32324 GPS  -2267805.447  5009347.526  3221000.623
2022  62  32325 GPS  -2267805.458  5009347.705  3221000.702
2022  62  32326 GPS  -2267805.442  5009347.577  3221000.640
2022  62  32327 GPS  -2267805.454  5009347.835  3221000.754
2022  62  32328 GPS  -2267805.435  5009347.666  3221000.680
2022  62  32329 GPS  -2267805.429  5009347.648  3221000.674
2022  62  32330 GPS  -2267805.426  5009347.630  3221000.666
2022  62  32331 GPS  -2267805.366  5009346.946  3221000.364
2022  62  32332 GPS  -2267805.346  5009346.683  3221000.247
2022  62  32333 GPS  -2267805.366  5009346.911  3221000.351
2022  62  32334 GPS  -2267805.373  5009346.977  3221000.371
2022  62  32335 GPS  -2267805.421  5009347.608  3221000.648
2022  62  32336 GPS  -2267805.422  5009347.605  3221000.646
2022  62  32337 GPS  -2267805.419  5009347.593  3221000.638
2022  62  32338 GPS  -2267805.415  5009347.591  3221000.637
2022  62  32339 GPS  -2267805.413  5009347.591  3221000.638
2022  62  32340 GPS  -2267805.408  5009347.584  3221000.633
2022  62  32341 GPS  -2267805.401  5009347.577  3221000.631
2022  62  32342 GPS  -2267805.397  5009347.569  3221000.626
2022  62  32343 GPS  -2267805.385  5009347.558  3221000.620
2022  62  32344 GPS  -2267805.380  5009347.550  3221000.619
2022  62  32345 GPS  -2267805.372  5009347.533  3221000.611
2022  62  32346 GPS  -2267805.360  5009347.521  3221000.610
2022  62  32347 GPS  -2267805.354  5009347.521  3221000.610
2022  62  32348 GPS  -2267805.350  5009347.527  3221000.612
2022  62  32349 GPS  -2267805.348  5009347.523  3221000.611
2022  62  32350 GPS  -2267805.338  5009347.516  3221000.609
2022  62  32351 GPS  -2267805.329  5009347.513  3221000.607
2022  62  32352 GPS  -2267805.323  5009347.511  3221000.606
2022  62  32353 GPS  -2267805.319  5009347.514  3221000.606
2022  62  32354 GPS  -2267805.314  5009347.516  3221000.608
2022  62  32355 GPS  -2267805.315  5009347.517  3221000.609
2022  62  32356 GPS  -2267805.310  5009347.518  3221000.605
2022  62  32357 GPS  -2267805.302  5009347.509  3221000.604
2022  62  32358 GPS  -2267805.299  5009347.504  3221000.598
2022  62  32359 GPS  -2267805.296  5009347.502  3221000.594
2022  62  32360 GPS  -2267805.287  5009347.491  3221000.584
2022  62  32361 GPS  -2267805.281  5009347.474  3221000.574
2022  62  32362 GPS  -2267805.276  5009347.468  3221000.568
2022  62  32363 GPS  -2267805.274  5009347.460  3221000.558
2022  62  32364 GPS  -2267805.268  5009347.443  3221000.547
2022  62  32365 GPS  -2267805.263  5009347.432  3221000.540
2022  62  32366 GPS  -2267805.260  5009347.415  3221000.536
2022  62  32367 GPS  -2267805.259  5009347.406  3221000.532
2022  62  32368 GPS  -2267805.256  5009347.403  3221000.529
2022  62  32369 GPS  -2267805.251  5009347.392  3221000.527
2022  62  32370 GPS  -2267805.246  5009347.389  3221000.527
2022  62  32371 GPS  -2267805.240  5009347.380  3221000.521
2022  62  32372 GPS  -2267805.235  5009347.376  3221000.521
2022  62  32373 GPS  -2267805.227  5009347.375  3221000.521
2022  62  32374 GPS  -2267805.225  5009347.369  3221000.523
2022  62  32375 GPS  -2267805.217  5009347.356  3221000.519
2022  62  32376 GPS  -2267805.207  5009347.341  3221000.509
2022  62  32377 GPS  -2267805.198  5009347.335  3221000.507
2022  62  32378 GPS  -2267805.189  5009347.325  3221000.496
2022  62  32379 GPS  -2267805.181  5009347.316  3221000.489
2022  62  32380 GPS  -2267805.177  5009347.317  3221000.485
2022  62  32381 GPS  -2267805.172  5009347.310  3221000.485
2022  62  32382 GPS  -2267805.166  5009347.303  3221000.483
2022  62  32383 GPS  -2267805.166  5009347.295  3221000.481
2022  62  32384 GPS  -2267805.166  5009347.289  3221000.479
2022  62  32385 GPS  -2267805.165  5009347.292  3221000.479
2022  62  32386 GPS  -2267805.308  5009347.357  3221000.520
2022  62  32387 GPS  -2267805.309  5009347.357  3221000.526
2022  62  32388 GPS  -2267805.305  5009347.362  3221000.529
2022  62  32389 GPS  -2267805.309  5009347.373  3221000.534
2022  62  32390 GPS  -2267805.316  5009347.398  3221000.546
2022  62  32391 GPS  -2267805.315  5009347.389  3221000.542
2022  62  32392 GPS  -2267805.307  5009347.390  3221000.541
2022  62  32393 GPS  -2267805.303  5009347.393  3221000.541
2022  62  32394 GPS  -2267805.304  5009347.388  3221000.534
2022  62  32395 GPS  -2267805.301  5009347.390  3221000.532
2022  62  32396 GPS  -2267805.297  5009347.385  3221000.529
2022  62  32397 GPS  -2267805.294  5009347.375  3221000.524
2022  62  32398 GPS  -2267805.294  5009347.363  3221000.520
2022  62  32399 GPS  -2267805.296  5009347.348  3221000.516
2022  62  32400 GPS  -2267805.294  5009347.336  3221000.513
2022  62  32401 GPS  -2267805.297  5009347.332  3221000.516
2022  62  32402 GPS  -2267805.050  5009347.372  3221000.408
2022  62  32403 GPS  -2267805.050  5009347.375  3221000.410
2022  62  32404 GPS  -2267805.047  5009347.363  3221000.405
2022  62  32405 GPS  -2267805.045  5009347.353  3221000.398
2022  62  32406 GPS  -2267805.050  5009347.351  3221000.398
2022  62  32407 GPS  -2267805.053  5009347.350  3221000.396
2022  62  32408 GPS  -2267805.055  5009347.341  3221000.393
2022  62  32409 GPS  -2267805.038  5009347.126  3221000.296
2022  62  32410 GPS  -2267805.038  5009347.159  3221000.310
2022  62  32411 GPS  -2267805.025  5009347.048  3221000.264
2022  62  32412 GPS  -2267805.030  5009347.089  3221000.280
2022  62  32413 GPS  -2267805.033  5009347.128  3221000.296
2022  62  32414 GPS  -2267805.028  5009347.037  3221000.255
2022  62  32415 GPS  -2267805.030  5009347.074  3221000.269
2022  62  32416 GPS  -2267804.979  5009346.797  3221000.334
2022  62  32417 GPS  -2267804.978  5009346.793  3221000.329
2022  62  32418 GPS  -2267804.989  5009346.834  3221000.349
2022  62  32419 GPS  -2267804.987  5009346.744  3221000.309
2022  62  32420 GPS  -2267804.987  5009346.722  3221000.296
2022  62  32421 GPS  -2267804.997  5009346.765  3221000.311
2022  62  32422 GPS  -2267805.012  5009346.830  3221000.336
2022  62  32423 GPS  -2267805.016  5009346.788  3221000.321
2022  62  32424 GPS  -2267805.013  5009346.738  3221000.294
2022  62  32425 GPS  -2267805.010  5009346.678  3221000.259
2022  62  32426 GPS  -2267805.008  5009346.633  3221000.226
2022  62  32427 GPS  -2267805.011  5009346.679  3221000.238
2022  62  32428 GPS  -2267805.012  5009346.681  3221000.237
2022  62  32429 GPS  -2267805.025  5009346.763  3221000.271
2022  62  32430 GPS  -2267805.025  5009346.793  3221000.276
2022  62  32431 GPS  -2267805.029  5009346.784  3221000.265
2022  62  32432 GPS  -2267805.032  5009346.784  3221000.263
2022  62  32433 GPS  -2267805.034  5009346.765  3221000.255
2022  62  32434 GPS  -2267805.025  5009346.720  3221000.240
2022  62  32435 GPS  -2267805.024  5009346.713  3221000.241
2022  62  32436 GPS  -2267805.023  5009346.717  3221000.246
2022  62  32437 GPS  -2267805.024  5009346.721  3221000.254
2022  62  32438 GPS  -2267805.023  5009346.715  3221000.251
2022  62  32439 GPS  -2267805.026  5009346.700  3221000.249
2022  62  32440 GPS  -2267805.029  5009346.705  3221000.253
2022  62  32441 GPS  -2267805.037  5009346.706  3221000.253
2022  62  32442 GPS  -2267805.040  5009346.710  3221000.258
2022  62  32443 GPS  -2267805.047  5009346.716  3221000.259
2022  62  32444 GPS  -2267805.056  5009346.723  3221000.257
2022  62  32445 GPS  -2267805.066  5009346.733  3221000.262
2022  62  32446 GPS  -2267805.074  5009346.724  3221000.261
2022  62  32447 GPS  -2267805.081  5009346.719  3221000.263
2022  62  32448 GPS  -2267805.087  5009346.723  3221000.262
2022  62  32449 GPS  -2267805.099  5009346.730  3221000.263
2022  62  32450 GPS  -2267805.110  5009346.738  3221000.264
2022  62  32451 GPS  -2267805.111  5009346.737  3221000.259
2022  62  32452 GPS  -2267805.119  5009346.748  3221000.263
2022  62  32453 GPS  -2267805.116  5009346.754  3221000.269
2022  62  32454 GPS  -2267805.122  5009346.777  3221000.281
2022  62  32455 GPS  -2267805.129  5009346.790  3221000.287
2022  62  32456 GPS  -2267805.134  5009346.804  3221000.300
2022  62  32457 GPS  -2267805.138  5009346.813  3221000.305
2022  62  32458 GPS  -2267805.142  5009346.828  3221000.309
2022  62  32459 GPS  -2267805.150  5009346.845  3221000.319
2022  62  32460 GPS  -2267805.156  5009346.864  3221000.330
2022  62  32461 GPS  -2267805.162  5009346.882  3221000.341
2022  62  32462 GPS  -2267805.167  5009346.897  3221000.347
2022  62  32463 GPS  -2267805.175  5009346.929  3221000.363
2022  62  32464 GPS  -2267805.180  5009346.933  3221000.368
2022  62  32465 GPS  -2267805.191  5009346.951  3221000.378
2022  62  32466 GPS  -2267805.194  5009346.960  3221000.382
2022  62  32467 GPS  -2267805.201  5009346.967  3221000.383
2022  62  32468 GPS  -2267805.208  5009346.970  3221000.383
2022  62  32469 GPS  -2267805.214  5009346.979  3221000.387
2022  62  32470 GPS  -2267805.221  5009346.982  3221000.392
2022  62  32471 GPS  -2267805.227  5009346.981  3221000.392
2022  62  32472 GPS  -2267805.232  5009346.974  3221000.387
2022  62  32473 GPS  -2267805.236  5009346.967  3221000.385
2022  62  32474 GPS  -2267805.246  5009346.976  3221000.393
2022  62  32475 GPS  -2267805.250  5009346.974  3221000.392
2022  62  32476 GPS  -2267805.258  5009346.992  3221000.400
2022  62  32477 GPS  -2267805.258  5009346.997  3221000.404
2022  62  32478 GPS  -2267805.258  5009347.002  3221000.409
2022  62  32479 GPS  -2267805.261  5009347.003  3221000.417
2022  62  32480 GPS  -2267805.264  5009347.004  3221000.421
2022  62  32481 GPS  -2267805.268  5009347.007  3221000.430
2022  62  32482 GPS  -2267805.272  5009347.000  3221000.437
2022  62  32483 GPS  -2267805.281  5009347.012  3221000.448
2022  62  32484 GPS  -2267805.283  5009347.017  3221000.456
2022  62  32485 GPS  -2267805.285  5009347.025  3221000.465
2022  62  32486 GPS  -2267805.289  5009347.041  3221000.475
2022  62  32487 GPS  -2267805.290  5009347.045  3221000.480
2022  62  32488 GPS  -2267805.286  5009347.041  3221000.482
2022  62  32489 GPS  -2267805.283  5009347.038  3221000.479
2022  62  32490 GPS  -2267805.277  5009347.038  3221000.477
2022  62  32491 GPS  -2267805.277  5009347.039  3221000.478
2022  62  32492 GPS  -2267805.274  5009347.042  3221000.482
2022  62  32493 GPS  -2267805.271  5009347.036  3221000.484
2022  62  32494 GPS  -2267805.273  5009347.028  3221000.486
2022  62  32495 GPS  -2267805.272  5009347.026  3221000.484
2022  62  32496 GPS  -2267805.269  5009347.026  3221000.489
2022  62  32497 GPS  -2267805.270  5009347.015  3221000.486
2022  62  32498 GPS  -2267805.266  5009347.009  3221000.486
2022  62  32499 GPS  -2267805.262  5009347.007  3221000.485
2022  62  32500 GPS  -2267805.261  5009346.997  3221000.480
2022  62  32501 GPS  -2267805.262  5009346.989  3221000.478
2022  62  32502 GPS  -2267805.262  5009346.983  3221000.474
2022  62  32503 GPS  -2267805.262  5009346.978  3221000.468
2022  62  32504 GPS  -2267805.264  5009346.974  3221000.465
2022  62  32505 GPS  -2267805.262  5009346.966  3221000.459
2022  62  32506 GPS  -2267805.266  5009346.970  3221000.460
2022  62  32507 GPS  -2267805.268  5009346.978  3221000.464
2022  62  32508 GPS  -2267805.267  5009346.974  3221000.464
2022  62  32509 GPS  -2267805.262  5009346.968  3221000.459
2022  62  32510 GPS  -2267805.260  5009346.968  3221000.457
2022  62  32511 GPS  -2267805.262  5009346.973  3221000.460
2022  62  32512 GPS  -2267805.262  5009346.972  3221000.461
2022  62  32513 GPS  -2267805.266  5009346.974  3221000.464
2022  62  32514 GPS  -2267805.270  5009346.973  3221000.464
2022  62  32515 GPS  -2267805.277  5009346.980  3221000.468
2022  62  32516 GPS  -2267805.278  5009346.983  3221000.468
2022  62  32517 GPS  -2267805.282  5009346.994  3221000.470
2022  62  32518 GPS  -2267805.287  5009346.993  3221000.468
2022  62  32519 GPS  -2267805.291  5009347.004  3221000.468
2022  62  32520 GPS  -2267805.294  5009347.016  3221000.467
2022  62  32521 GPS  -2267805.298  5009347.026  3221000.468
2022  62  32522 GPS  -2267805.300  5009347.034  3221000.470
2022  62  32523 GPS  -2267805.302  5009347.041  3221000.471
2022  62  32524 GPS  -2267805.303  5009347.035  3221000.469
2022  62  32525 GPS  -2267805.305  5009347.037  3221000.471
2022  62  32526 GPS  -2267805.308  5009347.040  3221000.470
2022  62  32527 GPS  -2267805.302  5009347.039  3221000.466
2022  62  32528 GPS  -2267805.300  5009347.035  3221000.459
2022  62  32529 GPS  -2267805.298  5009347.048  3221000.463
2022  62  32530 GPS  -2267805.293  5009347.044  3221000.466
2022  62  32531 GPS  -2267805.290  5009347.046  3221000.470
2022  62  32532 GPS  -2267805.283  5009347.033  3221000.467
2022  62  32533 GPS  -2267805.279  5009347.019  3221000.467
2022  62  32534 GPS  -2267805.273  5009347.017  3221000.466
2022  62  32535 GPS  -2267805.269  5009347.021  3221000.467
2022  62  32536 GPS  -2267805.258  5009347.015  3221000.462
2022  62  32537 GPS  -2267805.256  5009347.012  3221000.455
2022  62  32538 GPS  -2267805.249  5009347.005  3221000.445
2022  62  32539 GPS  -2267805.247  5009347.007  3221000.438
2022  62  32540 GPS  -2267805.242  5009347.010  3221000.432
2022  62  32541 GPS  -2267805.243  5009347.016  3221000.436
2022  62  32542 GPS  -2267805.241  5009347.022  3221000.441
2022  62  32543 GPS  -2267805.240  5009347.018  3221000.436
2022  62  32544 GPS  -2267805.238  5009347.023  3221000.438
2022  62  32545 GPS  -2267805.241  5009347.029  3221000.440
2022  62  32546 GPS  -2267805.243  5009347.037  3221000.448
2022  62  32547 GPS  -2267805.248  5009347.049  3221000.460
2022  62  32548 GPS  -2267805.250  5009347.055  3221000.467
2022  62  32549 GPS  -2267805.253  5009347.058  3221000.469
2022  62  32550 GPS  -2267805.255  5009347.057  3221000.469
2022  62  32551 GPS  -2267805.254  5009347.054  3221000.474
2022  62  32552 GPS  -2267805.253  5009347.052  3221000.475
2022  62  32553 GPS  -2267805.256  5009347.058  3221000.475
2022  62  32554 GPS  -2267805.255  5009347.069  3221000.476
2022  62  32555 GPS  -2267805.259  5009347.075  3221000.477
2022  62  32556 GPS  -2267805.260  5009347.075  3221000.478
2022  62  32557 GPS  -2267805.261  5009347.069  3221000.474
2022  62  32558 GPS  -2267805.259  5009347.064  3221000.472
2022  62  32559 GPS  -2267805.260  5009347.068  3221000.469
2022  62  32560 GPS  -2267805.264  5009347.065  3221000.468
2022  62  32561 GPS  -2267805.268  5009347.068  3221000.470
2022  62  32562 GPS  -2267805.272  5009347.071  3221000.478
2022  62  32563 GPS  -2267805.273  5009347.068  3221000.484
2022  62  32564 GPS  -2267805.269  5009347.067  3221000.487
2022  62  32565 GPS  -2267805.273  5009347.076  3221000.496
2022  62  32566 GPS  -2267805.279  5009347.089  3221000.505
2022  62  32567 GPS  -2267805.284  5009347.105  3221000.516
2022  62  32568 GPS  -2267805.293  5009347.126  3221000.527
2022  62  32569 GPS  -2267805.299  5009347.143  3221000.539
2022  62  32570 GPS  -2267805.312  5009347.165  3221000.553
2022  62  32571 GPS  -2267805.321  5009347.185  3221000.566
2022  62  32572 GPS  -2267805.325  5009347.194  3221000.576
2022  62  32573 GPS  -2267805.332  5009347.207  3221000.583
2022  62  32574 GPS  -2267805.339  5009347.217  3221000.589
2022  62  32575 GPS  -2267805.343  5009347.224  3221000.589
2022  62  32576 GPS  -2267805.346  5009347.227  3221000.592
2022  62  32577 GPS  -2267805.349  5009347.226  3221000.593
2022  62  32578 GPS  -2267805.354  5009347.240  3221000.600
