2022  62  24517 GPS  -2267804.238  5009388.060  3221000.359
2022  62  24518 GPS  -2267803.913  5009395.405  3221003.014
2022  62  24519 GPS  -2267803.600  5009395.595  3221002.903
2022  62  24520 GPS  -2267803.316  5009395.944  3221003.061
2022  62  24521 GPS  -2267802.984  5009396.249  3221003.051
2022  62  24522 GPS  -2267802.510  5009396.522  3221003.069
2022  62  24523 GPS  -2267803.072  5009400.724  3221006.406
2022  62  24524 GPS  -2267802.310  5009391.808  3221001.986
2022  62  24525 GPS  -2267802.573  5009402.624  3221007.407
2022  62  24526 GPS  -2267803.333  5009406.761  3221010.828
2022  62  24527 GPS  -2267803.511  5009408.785  3221012.459
2022  62  24528 GPS  -2267803.270  5009408.886  3221012.514
2022  62  24529 GPS  -2267802.746  5009407.298  3221011.518
2022  62  24530 GPS  -2267804.207  5009401.443  3221012.360
2022  62  24531 GPS  -2267803.227  5009409.836  3221014.353
2022  62  24532 GPS  -2267802.729  5009407.793  3221012.903
2022  62  24533 GPS  -2267801.990  5009404.111  3221010.061
2022  62  24534 GPS  -2267801.323  5009401.068  3221007.675
2022  62  24535 GPS  -2267801.791  5009401.824  3221008.866
2022  62  24536 GPS  -2267802.158  5009402.217  3221009.573
2022  62  24537 GPS  -2267802.249  5009401.936  3221009.327
2022  62  24538 GPS  -2267802.850  5009393.931  3221006.835
2022  62  24539 GPS  -2267802.979  5009402.339  3221010.197
2022  62  24540 GPS  -2267803.410  5009403.173  3221010.837
2022  62  24541 GPS  -2267803.649  5009394.689  3221007.598
2022  62  24542 GPS  -2267803.396  5009401.595  3221009.556
2022  62  24543 GPS  -2267803.716  5009401.868  3221009.743
2022  62  24544 GPS  -2267803.813  5009400.960  3221009.114
2022  62  24545 GPS  -2267803.915  5009400.659  3221008.906
2022  62  24546 GPS  -2267804.638  5009393.743  3221007.222
2022  62  24547 GPS  -2267804.473  5009400.934  3221009.491
2022  62  24548 GPS  -2267804.577  5009400.383  3221009.177
2022  62  24549 GPS  -2267804.753  5009400.497  3221009.091
2022  62  24550 GPS  -2267804.961  5009400.476  3221009.033
2022  62  24551 GPS  -2267805.304  5009392.225  3221005.825
2022  62  24552 GPS  -2267804.985  5009399.588  3221008.081
2022  62  24553 GPS  -2267805.013  5009399.197  3221007.789
2022  62  24554 GPS  -2267805.585  5009390.383  3221004.890
2022  62  24555 GPS  -2267805.434  5009399.196  3221007.592
2022  62  24556 GPS  -2267805.844  5009399.099  3221007.515
2022  62  24557 GPS  -2267805.905  5009398.974  3221007.279
2022  62  24558 GPS  -2267806.126  5009399.112  3221007.347
2022  62  24559 GPS  -2267806.194  5009398.994  3221007.144
2022  62  24560 GPS  -2267806.438  5009399.181  3221007.133
2022  62  24561 GPS  -2267806.549  5009398.733  3221006.868
2022  62  24562 GPS  -2267806.704  5009398.724  3221006.688
2022  62  24563 GPS  -2267806.943  5009398.645  3221006.622
2022  62  24564 GPS  -2267806.985  5009398.478  3221006.574
2022  62  24565 GPS  -2267807.165  5009390.772  3221003.961
2022  62  24566 GPS  -2267807.130  5009390.491  3221003.823
2022  62  24567 GPS  -2267806.944  5009398.434  3221006.267
2022  62  24568 GPS  -2267807.044  5009399.183  3221006.506
2022  62  24569 GPS  -2267807.023  5009399.380  3221006.493
2022  62  24570 GPS  -2267806.842  5009399.725  3221006.508
2022  62  24571 GPS  -2267805.782  5009387.024  3220999.342
2022  62  24572 GPS  -2267805.820  5009395.481  3221002.631
2022  62  24573 GPS  -2267806.068  5009396.307  3221002.796
2022  62  24574 GPS  -2267806.208  5009388.074  3220999.492
2022  62  24575 GPS  -2267805.879  5009398.069  3221003.048
2022  62  24576 GPS  -2267805.920  5009389.584  3220999.707
2022  62  24577 GPS  -2267805.817  5009390.040  3220999.892
2022  62  24578 GPS  -2267805.936  5009391.164  3221000.228
2022  62  24579 GPS  -2267805.938  5009391.744  3221000.429
2022  62  24580 GPS  -2267811.309  5009410.074  3221017.843
2022  62  24581 GPS  -2267807.798  5009397.983  3221006.433
2022  62  24582 GPS  -2267805.890  5009392.053  3221000.660
2022  62  24583 GPS  -2267807.098  5009395.249  3221003.767
2022  62  24584 GPS  -2267806.920  5009393.811  3221002.574
2022  62  24585 GPS  -2267807.271  5009394.771  3221003.228
2022  62  24586 GPS  -2267807.749  5009395.895  3221004.368
2022  62  24587 GPS  -2267806.439  5009391.128  3221000.147
2022  62  24588 GPS  -2267805.874  5009388.002  3220997.544
2022  62  24589 GPS  -2267806.055  5009387.774  3220997.766
2022  62  24590 GPS  -2267806.843  5009389.534  3221000.027
2022  62  24591 GPS  -2267807.727  5009391.960  3221002.552
2022  62  24592 GPS  -2267808.197  5009392.974  3221004.092
2022  62  24593 GPS  -2267807.455  5009389.809  3221001.705
2022  62  24594 GPS  -2267806.810  5009386.612  3220999.467
2022  62  24595 GPS  -2267806.599  5009385.319  3220998.587
2022  62  24596 GPS  -2267806.860  5009385.361  3220998.754
2022  62  24597 GPS  -2267807.361  5009386.376  3221000.151
2022  62  24598 GPS  -2267806.957  5009384.436  3220998.699
2022  62  24599 GPS  -2267806.143  5009381.450  3220996.213
2022  62  24600 GPS  -2267805.669  5009379.574  3220994.440
2022  62  24601 GPS  -2267805.768  5009379.850  3220994.876
2022  62  24602 GPS  -2267805.876  5009379.931  3220995.033
2022  62  24603 GPS  -2267806.044  5009379.906  3220995.295
2022  62  24604 GPS  -2267806.627  5009380.638  3220996.320
2022  62  24605 GPS  -2267806.641  5009380.490  3220996.323
2022  62  24606 GPS  -2267806.868  5009381.225  3220996.905
2022  62  24607 GPS  -2267806.484  5009380.001  3220995.680
2022  62  24608 GPS  -2267806.632  5009379.758  3220995.846
2022  62  24609 GPS  -2267806.861  5009380.061  3220995.915
2022  62  24610 GPS  -2267807.086  5009379.990  3220995.956
2022  62  24611 GPS  -2267807.163  5009379.684  3220995.818
2022  62  24612 GPS  -2267807.190  5009379.497  3220995.707
2022  62  24613 GPS  -2267807.348  5009379.757  3220995.894
2022  62  24614 GPS  -2267807.589  5009379.816  3220996.083
2022  62  24615 GPS  -2267807.685  5009379.774  3220996.153
2022  62  24616 GPS  -2267807.860  5009379.420  3220996.217
2022  62  24617 GPS  -2267807.934  5009379.513  3220996.386
2022  62  24618 GPS  -2267808.093  5009379.810  3220996.530
2022  62  24619 GPS  -2267808.353  5009380.281  3220996.788
2022  62  24620 GPS  -2267808.527  5009380.625  3220996.855
2022  62  24621 GPS  -2267810.373  5009386.004  3221002.064
2022  62  24622 GPS  -2267810.611  5009386.493  3221002.469
2022  62  24623 GPS  -2267810.741  5009386.582  3221002.715
2022  62  24624 GPS  -2267810.937  5009386.642  3221003.064
2022  62  24625 GPS  -2267810.905  5009386.483  3221003.226
2022  62  24626 GPS  -2267811.051  5009386.674  3221003.553
2022  62  24627 GPS  -2267811.191  5009387.039  3221003.862
2022  62  24628 GPS  -2267811.246  5009387.262  3221004.004
2022  62  24629 GPS  -2267811.181  5009387.349  3221004.246
2022  62  24630 GPS  -2267810.897  5009387.621  3221004.361
2022  62  24631 GPS  -2267810.688  5009387.412  3221004.352
2022  62  24632 GPS  -2267803.960  5009366.171  3220983.817
2022  62  24633 GPS  -2267806.619  5009375.885  3220992.944
2022  62  24634 GPS  -2267810.236  5009388.769  3221005.526
2022  62  24635 GPS  -2267811.544  5009393.912  3221010.847
2022  62  24636 GPS  -2267809.876  5009389.148  3221006.338
2022  62  24637 GPS  -2267809.228  5009387.629  3221005.104
2022  62  24638 GPS  -2267809.328  5009388.877  3221006.329
2022  62  24639 GPS  -2267809.113  5009389.133  3221006.834
2022  62  24640 GPS  -2267808.682  5009389.200  3221007.019
2022  62  24641 GPS  -2267807.747  5009386.747  3221004.819
2022  62  24642 GPS  -2267807.795  5009387.265  3221005.298
2022  62  24643 GPS  -2267806.967  5009385.174  3221003.555
2022  62  24644 GPS  -2267806.075  5009383.118  3221001.609
2022  62  24645 GPS  -2267805.647  5009382.442  3221000.903
2022  62  24646 GPS  -2267805.630  5009383.479  3221001.873
2022  62  24647 GPS  -2267806.062  5009385.395  3221003.681
2022  62  24648 GPS  -2267806.860  5009388.470  3221006.714
2022  62  24649 GPS  -2267805.710  5009385.200  3221003.763
2022  62  24650 GPS  -2267805.283  5009384.111  3221003.000
2022  62  24651 GPS  -2267804.966  5009382.934  3221002.170
2022  62  24652 GPS  -2267804.558  5009381.949  3221001.497
2022  62  24653 GPS  -2267804.969  5009383.288  3221002.847
2022  62  24654 GPS  -2267805.034  5009383.090  3221002.830
2022  62  24655 GPS  -2267805.229  5009383.106  3221003.173
2022  62  24656 GPS  -2267805.430  5009383.669  3221003.645
2022  62  24657 GPS  -2267805.663  5009384.091  3221003.908
2022  62  24658 GPS  -2267805.872  5009383.629  3221003.853
2022  62  24659 GPS  -2267806.018  5009383.822  3221004.139
2022  62  24660 GPS  -2267806.339  5009384.449  3221004.671
2022  62  24661 GPS  -2267806.685  5009384.899  3221005.052
2022  62  24662 GPS  -2267806.786  5009385.372  3221005.235
2022  62  24663 GPS  -2267807.074  5009386.346  3221005.836
2022  62  24664 GPS  -2267807.607  5009387.511  3221006.882
2022  62  24665 GPS  -2267807.628  5009387.850  3221007.161
2022  62  24666 GPS  -2267807.850  5009388.444  3221007.449
2022  62  24667 GPS  -2267808.095  5009389.194  3221007.857
2022  62  24668 GPS  -2267808.454  5009390.031  3221008.461
2022  62  24669 GPS  -2267808.783  5009390.803  3221008.935
2022  62  24670 GPS  -2267808.866  5009391.314  3221009.106
2022  62  24671 GPS  -2267808.930  5009391.727  3221009.436
2022  62  24672 GPS  -2267809.000  5009391.784  3221009.625
2022  62  24673 GPS  -2267809.043  5009391.822  3221009.950
2022  62  24674 GPS  -2267809.187  5009392.192  3221010.407
2022  62  24675 GPS  -2267809.383  5009393.005  3221011.085
2022  62  24676 GPS  -2267809.493  5009393.597  3221011.764
2022  62  24677 GPS  -2267809.619  5009393.817  3221011.882
2022  62  24678 GPS  -2267809.655  5009394.163  3221012.102
2022  62  24679 GPS  -2267809.742  5009394.743  3221012.500
2022  62  24680 GPS  -2267809.546  5009394.887  3221012.641
2022  62  24681 GPS  -2267807.299  5009387.711  3221005.616
2022  62  24682 GPS  -2267807.231  5009387.894  3221005.694
2022  62  24683 GPS  -2267807.085  5009387.985  3221005.721
2022  62  24684 GPS  -2267807.003  5009387.991  3221005.709
2022  62  24685 GPS  -2267806.673  5009387.583  3221005.384
2022  62  24686 GPS  -2267806.475  5009387.194  3221005.170
2022  62  24687 GPS  -2267806.031  5009386.902  3221004.825
2022  62  24688 GPS  -2267805.637  5009386.240  3221004.345
2022  62  24689 GPS  -2267805.464  5009386.087  3221004.123
2022  62  24690 GPS  -2267805.377  5009385.779  3221004.003
2022  62  24691 GPS  -2267805.383  5009385.369  3221003.796
2022  62  24692 GPS  -2267809.125  5009397.971  3221016.397
2022  62  24693 GPS  -2267807.590  5009392.922  3221011.533
2022  62  24694 GPS  -2267807.410  5009392.296  3221011.271
2022  62  24695 GPS  -2267806.854  5009390.578  3221009.833
2022  62  24696 GPS  -2267807.303  5009393.093  3221012.076
2022  62  24697 GPS  -2267806.041  5009389.222  3221008.321
2022  62  24698 GPS  -2267804.635  5009385.161  3221004.294
2022  62  24699 GPS  -2267803.985  5009382.975  3221002.174
2022  62  24700 GPS  -2267804.317  5009384.233  3221003.336
2022  62  24701 GPS  -2267805.593  5009388.393  3221007.322
2022  62  24702 GPS  -2267806.377  5009390.770  3221009.590
2022  62  24703 GPS  -2267805.749  5009388.723  3221007.730
2022  62  24704 GPS  -2267805.320  5009387.620  3221006.754
2022  62  24705 GPS  -2267805.781  5009388.482  3221007.983
2022  62  24706 GPS  -2267806.166  5009389.710  3221009.342
2022  62  24707 GPS  -2267805.283  5009387.077  3221006.973
2022  62  24708 GPS  -2267804.404  5009384.745  3221004.647
2022  62  24709 GPS  -2267803.845  5009383.500  3221003.328
2022  62  24710 GPS  -2267803.578  5009383.114  3221002.725
2022  62  24711 GPS  -2267803.754  5009384.366  3221003.752
2022  62  24712 GPS  -2267803.932  5009385.700  3221004.784
2022  62  24713 GPS  -2267803.648  5009385.494  3221004.421
2022  62  24714 GPS  -2267804.018  5009386.956  3221005.870
2022  62  24715 GPS  -2267804.415  5009387.802  3221006.683
2022  62  24716 GPS  -2267804.430  5009387.334  3221006.315
2022  62  24717 GPS  -2267804.647  5009387.431  3221006.376
2022  62  24718 GPS  -2267804.560  5009387.379  3221006.306
2022  62  24719 GPS  -2267804.312  5009386.437  3221005.439
2022  62  24720 GPS  -2267804.190  5009385.582  3221005.090
2022  62  24721 GPS  -2267804.081  5009385.172  3221004.853
2022  62  24722 GPS  -2267804.170  5009385.037  3221004.904
2022  62  24723 GPS  -2267804.211  5009384.876  3221004.881
2022  62  24724 GPS  -2267804.329  5009385.082  3221005.198
2022  62  24725 GPS  -2267803.898  5009384.876  3221005.176
2022  62  24726 GPS  -2267803.800  5009385.308  3221005.556
2022  62  24727 GPS  -2267803.661  5009385.733  3221005.745
2022  62  24728 GPS  -2267803.123  5009385.248  3221005.313
2022  62  24729 GPS  -2267802.979  5009385.205  3221005.273
2022  62  24730 GPS  -2267802.869  5009385.434  3221005.412
2022  62  24731 GPS  -2267802.736  5009385.542  3221005.497
2022  62  24732 GPS  -2267802.570  5009385.763  3221005.516
2022  62  24733 GPS  -2267802.444  5009386.195  3221005.713
2022  62  24734 GPS  -2267802.255  5009386.270  3221005.733
2022  62  24735 GPS  -2267802.018  5009386.178  3221005.553
2022  62  24736 GPS  -2267801.922  5009386.662  3221005.735
2022  62  24737 GPS  -2267801.856  5009386.428  3221005.396
2022  62  24738 GPS  -2267801.859  5009386.248  3221005.353
2022  62  24739 GPS  -2267801.773  5009386.199  3221005.499
2022  62  24740 GPS  -2267801.601  5009386.028  3221005.456
2022  62  24741 GPS  -2267801.525  5009385.923  3221005.438
2022  62  24742 GPS  -2267801.548  5009385.710  3221005.252
2022  62  24743 GPS  -2267801.459  5009385.901  3221005.249
2022  62  24744 GPS  -2267801.614  5009386.166  3221005.380
2022  62  24745 GPS  -2267801.718  5009385.688  3221005.113
2022  62  24746 GPS  -2267801.595  5009385.471  3221004.847
2022  62  24747 GPS  -2267801.488  5009385.185  3221004.388
2022  62  24748 GPS  -2267801.410  5009384.749  3221003.959
2022  62  24749 GPS  -2267801.699  5009384.931  3221003.787
2022  62  24750 GPS  -2267801.668  5009384.546  3221003.489
2022  62  24751 GPS  -2267800.551  5009380.575  3220999.836
2022  62  24752 GPS  -2267800.630  5009380.830  3220999.848
2022  62  24753 GPS  -2267800.830  5009380.906  3220999.803
2022  62  24754 GPS  -2267800.860  5009380.964  3220999.669
2022  62  24755 GPS  -2267801.245  5009381.221  3220999.722
2022  62  24756 GPS  -2267801.448  5009381.616  3220999.767
2022  62  24757 GPS  -2267801.565  5009381.806  3220999.652
2022  62  24758 GPS  -2267801.562  5009382.053  3220999.534
2022  62  24759 GPS  -2267801.442  5009382.239  3220999.190
2022  62  24760 GPS  -2267801.186  5009382.102  3220998.895
2022  62  24761 GPS  -2267782.552  5009323.810  3220941.148
2022  62  24762 GPS  -2267798.846  5009375.382  3220991.131
2022  62  24763 GPS  -2267802.052  5009385.928  3221001.038
2022  62  24764 GPS  -2267801.411  5009384.342  3220999.288
2022  62  24765 GPS  -2267801.979  5009386.607  3221001.097
2022  62  24766 GPS  -2267802.522  5009388.902  3221002.774
2022  62  24767 GPS  -2267803.112  5009391.367  3221004.851
2022  62  24768 GPS  -2267802.686  5009390.454  3221003.747
2022  62  24769 GPS  -2267803.145  5009392.640  3221005.465
2022  62  24770 GPS  -2267803.957  5009395.507  3221008.014
2022  62  24771 GPS  -2267803.597  5009394.770  3221006.931
2022  62  24772 GPS  -2267803.177  5009394.152  3221006.068
2022  62  24773 GPS  -2267802.828  5009393.133  3221004.998
2022  62  24774 GPS  -2267802.451  5009392.115  3221003.743
2022  62  24775 GPS  -2267802.453  5009392.409  3221004.125
2022  62  24776 GPS  -2267803.623  5009395.750  3221007.571
2022  62  24777 GPS  -2267802.863  5009393.743  3221005.521
2022  62  24778 GPS  -2267802.446  5009392.878  3221004.670
2022  62  24779 GPS  -2267802.776  5009393.728  3221005.569
2022  62  24780 GPS  -2267802.434  5009392.393  3221004.709
2022  62  24781 GPS  -2267802.320  5009391.767  3221004.528
2022  62  24782 GPS  -2267801.246  5009388.832  3221002.029
2022  62  24783 GPS  -2267801.097  5009388.907  3221002.290
2022  62  24784 GPS  -2267801.036  5009389.049  3221002.555
2022  62  24785 GPS  -2267800.854  5009388.673  3221002.688
2022  62  24786 GPS  -2267800.556  5009388.170  3221002.155
2022  62  24787 GPS  -2267799.966  5009386.402  3221000.667
2022  62  24788 GPS  -2267799.488  5009385.302  3220999.766
2022  62  24789 GPS  -2267799.531  5009385.654  3220999.988
2022  62  24790 GPS  -2267799.503  5009385.670  3220999.913
2022  62  24791 GPS  -2267799.588  5009386.008  3221000.096
2022  62  24792 GPS  -2267799.607  5009386.125  3221000.280
2022  62  24793 GPS  -2267799.623  5009386.132  3221000.292
2022  62  24794 GPS  -2267799.709  5009385.688  3221000.235
2022  62  24795 GPS  -2267799.648  5009385.343  3221000.108
2022  62  24796 GPS  -2267799.622  5009385.046  3221000.075
2022  62  24797 GPS  -2267799.598  5009385.137  3221000.192
2022  62  24798 GPS  -2267799.617  5009385.518  3221000.440
2022  62  24799 GPS  -2267799.444  5009385.416  3221000.187
2022  62  24800 GPS  -2267799.319  5009385.063  3220999.899
2022  62  24801 GPS  -2267798.513  5009382.621  3220997.644
2022  62  24802 GPS  -2267798.348  5009382.641  3220997.426
2022  62  24803 GPS  -2267798.070  5009382.605  3220997.361
2022  62  24804 GPS  -2267798.101  5009382.864  3220997.312
2022  62  24805 GPS  -2267797.915  5009382.890  3220997.000
2022  62  24806 GPS  -2267797.817  5009382.630  3220996.691
2022  62  24807 GPS  -2267797.969  5009382.789  3220996.673
2022  62  24808 GPS  -2267797.727  5009382.688  3220996.493
2022  62  24809 GPS  -2267797.593  5009382.415  3220996.269
2022  62  24810 GPS  -2267803.572  5009401.161  3221014.592
2022  62  24811 GPS  -2267797.423  5009382.365  3220996.086
2022  62  24812 GPS  -2267797.380  5009382.473  3220996.030
2022  62  24813 GPS  -2267797.251  5009382.387  3220995.843
2022  62  24814 GPS  -2267797.185  5009382.614  3220995.657
2022  62  24815 GPS  -2267797.019  5009382.817  3220995.428
2022  62  24816 GPS  -2267796.891  5009382.948  3220995.349
2022  62  24817 GPS  -2267796.930  5009383.538  3220995.403
2022  62  24818 GPS  -2267796.785  5009383.923  3220995.201
2022  62  24819 GPS  -2267797.482  5009385.411  3220996.290
2022  62  24820 GPS  -2267797.355  5009385.461  3220996.027
2022  62  24821 GPS  -2267797.228  5009385.443  3220995.762
2022  62  24822 GPS  -2267803.393  5009406.258  3221016.094
2022  62  24823 GPS  -2267800.786  5009398.043  3221007.983
2022  62  24824 GPS  -2267798.049  5009389.244  3220999.186
2022  62  24825 GPS  -2267796.836  5009385.528  3220995.342
2022  62  24826 GPS  -2267796.771  5009385.689  3220995.406
2022  62  24827 GPS  -2267796.455  5009383.947  3220993.942
2022  62  24828 GPS  -2267796.683  5009384.413  3220994.683
2022  62  24829 GPS  -2267796.343  5009383.164  3220993.525
2022  62  24830 GPS  -2267796.330  5009382.636  3220993.082
2022  62  24831 GPS  -2267796.520  5009382.358  3220992.910
2022  62  24832 GPS  -2267797.532  5009385.119  3220995.860
2022  62  24833 GPS  -2267798.116  5009386.264  3220997.080
2022  62  24834 GPS  -2267797.794  5009384.640  3220995.744
2022  62  24835 GPS  -2267797.314  5009382.686  3220993.788
2022  62  24836 GPS  -2267797.243  5009382.009  3220993.042
2022  62  24837 GPS  -2267797.268  5009381.927  3220993.077
2022  62  24838 GPS  -2267797.115  5009381.042  3220992.063
2022  62  24839 GPS  -2267796.932  5009380.012  3220991.457
2022  62  24840 GPS  -2267796.960  5009380.419  3220991.892
2022  62  24841 GPS  -2267797.020  5009380.588  3220991.850
2022  62  24842 GPS  -2267796.842  5009380.181  3220991.489
2022  62  24843 GPS  -2267796.595  5009379.840  3220990.946
2022  62  24844 GPS  -2267796.723  5009380.309  3220991.254
2022  62  24845 GPS  -2267796.876  5009381.001  3220992.142
2022  62  24846 GPS  -2267797.057  5009381.357  3220992.493
2022  62  24847 GPS  -2267796.973  5009381.120  3220992.373
2022  62  24848 GPS  -2267797.028  5009381.067  3220992.394
2022  62  24849 GPS  -2267796.961  5009380.885  3220991.998
2022  62  24850 GPS  -2267796.861  5009380.822  3220991.993
2022  62  24851 GPS  -2267797.736  5009383.500  3220994.695
2022  62  24852 GPS  -2267797.705  5009383.544  3220994.592
2022  62  24853 GPS  -2267797.706  5009383.784  3220994.681
2022  62  24854 GPS  -2267797.664  5009384.153  3220994.700
2022  62  24855 GPS  -2267797.729  5009384.170  3220994.632
2022  62  24856 GPS  -2267797.711  5009384.052  3220994.436
2022  62  24857 GPS  -2267797.936  5009384.132  3220994.350
2022  62  24858 GPS  -2267794.823  5009373.468  3220983.699
2022  62  24859 GPS  -2267795.531  5009375.408  3220985.329
2022  62  24860 GPS  -2267797.104  5009379.655  3220989.597
2022  62  24861 GPS  -2267797.243  5009379.122  3220989.073
2022  62  24862 GPS  -2267797.960  5009380.389  3220990.351
2022  62  24863 GPS  -2267798.166  5009380.837  3220990.757
2022  62  24864 GPS  -2267798.126  5009379.805  3220989.820
2022  62  24865 GPS  -2267798.507  5009379.833  3220989.987
2022  62  24866 GPS  -2267798.748  5009380.362  3220990.574
2022  62  24867 GPS  -2267798.522  5009379.413  3220989.748
2022  62  24868 GPS  -2267798.993  5009379.360  3220990.087
2022  62  24869 GPS  -2267799.357  5009380.235  3220991.114
2022  62  24870 GPS  -2267800.096  5009381.914  3220992.969
2022  62  24871 GPS  -2267800.371  5009381.443  3220992.660
2022  62  24872 GPS  -2267800.951  5009381.885  3220993.524
2022  62  24873 GPS  -2267800.352  5009380.060  3220991.550
2022  62  24874 GPS  -2267800.374  5009379.176  3220990.923
2022  62  24875 GPS  -2267800.616  5009378.672  3220990.719
2022  62  24876 GPS  -2267801.570  5009380.451  3220992.789
2022  62  24877 GPS  -2267802.501  5009382.040  3220994.707
2022  62  24878 GPS  -2267802.767  5009381.660  3220994.508
2022  62  24879 GPS  -2267803.225  5009381.883  3220995.001
2022  62  24880 GPS  -2267803.181  5009381.193  3220994.628
2022  62  24881 GPS  -2267803.391  5009381.215  3220994.763
2022  62  24882 GPS  -2267803.607  5009380.803  3220994.644
2022  62  24883 GPS  -2267803.537  5009379.921  3220994.104
2022  62  24884 GPS  -2267803.440  5009379.151  3220993.564
2022  62  24885 GPS  -2267803.295  5009378.060  3220992.812
2022  62  24886 GPS  -2267803.390  5009377.731  3220992.839
2022  62  24887 GPS  -2267803.358  5009377.507  3220993.061
2022  62  24888 GPS  -2267803.271  5009377.116  3220993.125
2022  62  24889 GPS  -2267803.513  5009377.302  3220993.746
2022  62  24890 GPS  -2267803.572  5009377.282  3220993.916
2022  62  24891 GPS  -2267804.379  5009379.571  3220996.461
2022  62  24892 GPS  -2267804.518  5009379.802  3220996.746
2022  62  24893 GPS  -2267804.533  5009379.591  3220996.894
2022  62  24894 GPS  -2267804.700  5009379.621  3220997.227
2022  62  24895 GPS  -2267804.876  5009379.534  3220997.362
2022  62  24896 GPS  -2267805.028  5009379.346  3220997.559
2022  62  24897 GPS  -2267805.161  5009379.364  3220997.680
2022  62  24898 GPS  -2267805.284  5009379.689  3220997.868
2022  62  24899 GPS  -2267805.493  5009379.793  3220998.160
2022  62  24900 GPS  -2267817.768  5009420.195  3221038.649
2022  62  24901 GPS  -2267809.334  5009392.698  3221011.105
2022  62  24902 GPS  -2267807.983  5009387.590  3221006.116
2022  62  24903 GPS  -2267807.223  5009385.091  3221003.629
2022  62  24904 GPS  -2267807.140  5009385.097  3221003.675
2022  62  24905 GPS  -2267806.871  5009384.343  3221002.737
2022  62  24906 GPS  -2267806.581  5009383.639  3221001.877
2022  62  24907 GPS  -2267806.213  5009382.476  3221000.575
2022  62  24908 GPS  -2267805.739  5009380.823  3220999.311
2022  62  24909 GPS  -2267804.185  5009375.854  3220994.456
2022  62  24910 GPS  -2267804.724  5009377.523  3220996.289
2022  62  24911 GPS  -2267805.614  5009380.302  3220999.363
2022  62  24912 GPS  -2267806.107  5009381.748  3221000.643
2022  62  24913 GPS  -2267806.000  5009381.452  3221000.413
2022  62  24914 GPS  -2267806.854  5009384.721  3221003.744
2022  62  24915 GPS  -2267806.827  5009384.996  3221003.887
2022  62  24916 GPS  -2267806.633  5009384.391  3221003.386
2022  62  24917 GPS  -2267806.153  5009383.098  3221002.075
2022  62  24918 GPS  -2267806.248  5009383.911  3221002.886
2022  62  24919 GPS  -2267806.607  5009385.169  3221004.361
2022  62  24920 GPS  -2267806.968  5009386.262  3221005.637
2022  62  24921 GPS  -2267807.015  5009386.789  3221006.434
2022  62  24922 GPS  -2267806.848  5009386.412  3221006.429
2022  62  24923 GPS  -2267806.549  5009385.834  3221006.335
2022  62  24924 GPS  -2267806.308  5009385.417  3221006.323
2022  62  24925 GPS  -2267805.849  5009384.462  3221005.636
2022  62  24926 GPS  -2267805.437  5009383.189  3221004.789
2022  62  24927 GPS  -2267805.245  5009382.707  3221004.743
2022  62  24928 GPS  -2267805.138  5009382.468  3221004.806
2022  62  24929 GPS  -2267804.829  5009381.819  3221004.397
2022  62  24930 GPS  -2267804.724  5009381.632  3221004.174
2022  62  24931 GPS  -2267804.616  5009381.166  3221003.994
2022  62  24932 GPS  -2267804.465  5009380.659  3221003.821
2022  62  24933 GPS  -2267804.521  5009380.577  3221003.969
2022  62  24934 GPS  -2267804.516  5009380.765  3221004.203
2022  62  24935 GPS  -2267804.276  5009380.441  3221004.227
2022  62  24936 GPS  -2267804.100  5009380.190  3221004.147
2022  62  24937 GPS  -2267804.061  5009380.351  3221004.207
2022  62  24938 GPS  -2267804.022  5009380.542  3221004.273
2022  62  24939 GPS  -2267803.832  5009380.671  3221004.451
2022  62  24940 GPS  -2267803.934  5009380.962  3221004.650
2022  62  24941 GPS  -2267803.991  5009381.182  3221004.978
2022  62  24942 GPS  -2267804.045  5009381.346  3221005.195
2022  62  24943 GPS  -2267803.978  5009381.321  3221005.098
2022  62  24944 GPS  -2267804.094  5009381.466  3221005.243
2022  62  24945 GPS  -2267803.848  5009381.277  3221005.073
2022  62  24946 GPS  -2267804.069  5009381.598  3221005.194
2022  62  24947 GPS  -2267804.134  5009381.784  3221005.221
2022  62  24948 GPS  -2267804.309  5009381.980  3221005.284
2022  62  24949 GPS  -2267804.265  5009382.093  3221005.196
2022  62  24950 GPS  -2267804.241  5009382.325  3221005.122
2022  62  24951 GPS  -2267803.430  5009379.603  3221001.939
2022  62  24952 GPS  -2267803.525  5009379.705  3221001.857
2022  62  24953 GPS  -2267803.495  5009379.363  3221001.629
2022  62  24954 GPS  -2267803.596  5009379.220  3221001.472
2022  62  24955 GPS  -2267803.686  5009379.489  3221001.563
2022  62  24956 GPS  -2267803.617  5009379.217  3221001.425
2022  62  24957 GPS  -2267803.771  5009378.839  3221001.490
2022  62  24958 GPS  -2267803.934  5009378.765  3221001.503
2022  62  24959 GPS  -2267803.976  5009378.358  3221001.399
2022  62  24960 GPS  -2267804.027  5009378.214  3221001.274
2022  62  24961 GPS  -2267804.075  5009378.039  3221001.224
2022  62  24962 GPS  -2267804.113  5009377.743  3221001.051
2022  62  24963 GPS  -2267804.138  5009377.567  3221000.986
2022  62  24964 GPS  -2267804.014  5009376.867  3221000.610
2022  62  24965 GPS  -2267803.916  5009376.347  3221000.414
2022  62  24966 GPS  -2267804.118  5009376.149  3221000.436
2022  62  24967 GPS  -2267804.243  5009375.729  3221000.409
2022  62  24968 GPS  -2267804.194  5009375.392  3221000.180
2022  62  24969 GPS  -2267804.187  5009374.834  3220999.900
2022  62  24970 GPS  -2267804.212  5009374.777  3220999.740
2022  62  24971 GPS  -2267804.333  5009374.253  3220999.589
2022  62  24972 GPS  -2267804.481  5009373.876  3220999.376
2022  62  24973 GPS  -2267804.463  5009373.663  3220999.124
2022  62  24974 GPS  -2267804.356  5009373.095  3220998.730
2022  62  24975 GPS  -2267804.310  5009372.942  3220998.621
2022  62  24976 GPS  -2267804.251  5009372.322  3220998.338
2022  62  24977 GPS  -2267804.425  5009372.021  3220998.094
2022  62  24978 GPS  -2267804.467  5009371.938  3220997.837
2022  62  24979 GPS  -2267804.433  5009371.648  3220997.563
2022  62  24980 GPS  -2267806.152  5009376.887  3221002.946
2022  62  24981 GPS  -2267804.318  5009370.971  3220996.885
2022  62  24982 GPS  -2267804.421  5009371.085  3220996.759
2022  62  24983 GPS  -2267804.381  5009370.945  3220996.606
2022  62  24984 GPS  -2267804.507  5009371.272  3220996.468
2022  62  24985 GPS  -2267804.440  5009371.451  3220996.399
2022  62  24986 GPS  -2267804.543  5009371.894  3220996.405
2022  62  24987 GPS  -2267804.601  5009372.294  3220996.509
2022  62  24988 GPS  -2267804.702  5009372.619  3220996.503
2022  62  24989 GPS  -2267804.684  5009372.976  3220996.613
2022  62  24990 GPS  -2267804.938  5009373.594  3220996.891
2022  62  24991 GPS  -2267822.115  5009428.715  3221052.697
2022  62  24992 GPS  -2267808.656  5009385.311  3221008.384
2022  62  24993 GPS  -2267805.775  5009376.268  3220998.867
2022  62  24994 GPS  -2267806.672  5009379.077  3221001.831
2022  62  24995 GPS  -2267806.988  5009379.965  3221002.478
2022  62  24996 GPS  -2267807.890  5009383.134  3221005.503
2022  62  24997 GPS  -2267808.370  5009384.670  3221007.476
2022  62  24998 GPS  -2267808.156  5009384.124  3221006.870
2022  62  24999 GPS  -2267808.213  5009384.381  3221007.334
2022  62  25000 GPS  -2267809.125  5009387.011  3221010.000
2022  62  25001 GPS  -2267808.484  5009384.737  3221007.873
2022  62  25002 GPS  -2267807.715  5009382.314  3221005.663
2022  62  25003 GPS  -2267806.991  5009379.694  3221003.029
2022  62  25004 GPS  -2267806.917  5009378.957  3221002.434
2022  62  25005 GPS  -2267807.489  5009380.063  3221003.316
2022  62  25006 GPS  -2267807.158  5009378.560  3221002.004
2022  62  25007 GPS  -2267807.732  5009380.423  3221004.076
2022  62  25008 GPS  -2267807.304  5009378.463  3221002.213
2022  62  25009 GPS  -2267807.140  5009377.439  3221001.374
2022  62  25010 GPS  -2267807.417  5009377.220  3221001.508
2022  62  25011 GPS  -2267807.636  5009377.857  3221002.218
2022  62  25012 GPS  -2267807.652  5009377.549  3221001.936
2022  62  25013 GPS  -2267808.097  5009378.805  3221003.125
2022  62  25014 GPS  -2267808.257  5009379.219  3221003.681
2022  62  25015 GPS  -2267808.479  5009379.884  3221004.148
2022  62  25016 GPS  -2267808.540  5009379.755  3221003.859
2022  62  25017 GPS  -2267808.609  5009379.786  3221003.626
2022  62  25018 GPS  -2267808.832  5009379.729  3221003.285
2022  62  25019 GPS  -2267809.208  5009380.471  3221003.598
2022  62  25020 GPS  -2267809.535  5009381.229  3221003.935
2022  62  25021 GPS  -2267809.626  5009381.223  3221003.742
2022  62  25022 GPS  -2267809.865  5009381.574  3221003.811
2022  62  25023 GPS  -2267810.048  5009381.990  3221003.956
2022  62  25024 GPS  -2267810.236  5009382.184  3221003.799
2022  62  25025 GPS  -2267810.336  5009382.454  3221003.672
2022  62  25026 GPS  -2267810.534  5009382.454  3221003.753
2022  62  25027 GPS  -2267810.751  5009382.321  3221003.728
2022  62  25028 GPS  -2267810.901  5009382.632  3221003.785
2022  62  25029 GPS  -2267811.118  5009382.903  3221003.718
2022  62  25030 GPS  -2267811.265  5009382.898  3221003.470
2022  62  25031 GPS  -2267810.976  5009382.002  3221002.393
2022  62  25032 GPS  -2267811.091  5009381.935  3221002.129
2022  62  25033 GPS  -2267811.044  5009381.643  3221001.779
2022  62  25034 GPS  -2267811.041  5009381.384  3221001.520
2022  62  25035 GPS  -2267811.016  5009380.956  3221001.313
2022  62  25036 GPS  -2267811.134  5009380.396  3221001.150
2022  62  25037 GPS  -2267811.035  5009380.268  3221000.946
2022  62  25038 GPS  -2267810.774  5009379.859  3221000.733
2022  62  25039 GPS  -2267810.576  5009379.072  3221000.417
2022  62  25040 GPS  -2267816.900  5009399.521  3221022.053
2022  62  25041 GPS  -2267813.528  5009389.054  3221011.781
2022  62  25042 GPS  -2267810.315  5009379.531  3221002.721
2022  62  25043 GPS  -2267808.964  5009375.939  3220999.335
2022  62  25044 GPS  -2267809.712  5009378.622  3221002.554
2022  62  25045 GPS  -2267808.290  5009375.867  3220999.851
2022  62  25046 GPS  -2267808.171  5009376.105  3221000.457
2022  62  25047 GPS  -2267808.910  5009378.833  3221003.745
2022  62  25048 GPS  -2267808.318  5009377.680  3221002.964
2022  62  25049 GPS  -2267807.779  5009376.389  3221001.827
2022  62  25050 GPS  -2267807.682  5009376.667  3221002.311
2022  62  25051 GPS  -2267807.737  5009376.861  3221002.595
2022  62  25052 GPS  -2267807.614  5009377.418  3221002.938
2022  62  25053 GPS  -2267807.720  5009378.360  3221003.827
2022  62  25054 GPS  -2267807.555  5009378.020  3221003.417
2022  62  25055 GPS  -2267807.626  5009378.086  3221003.549
2022  62  25056 GPS  -2267806.906  5009376.509  3221001.641
2022  62  25057 GPS  -2267806.548  5009375.690  3221000.640
2022  62  25058 GPS  -2267807.070  5009378.124  3221002.647
2022  62  25059 GPS  -2267807.643  5009380.491  3221004.727
2022  62  25060 GPS  -2267807.494  5009380.349  3221004.250
2022  62  25061 GPS  -2267806.288  5009376.464  3221000.277
2022  62  25062 GPS  -2267806.259  5009377.007  3221000.477
2022  62  25063 GPS  -2267806.244  5009377.412  3221000.657
2022  62  25064 GPS  -2267806.302  5009377.706  3221000.885
2022  62  25065 GPS  -2267806.334  5009377.816  3221000.957
2022  62  25066 GPS  -2267806.289  5009377.935  3221001.032
2022  62  25067 GPS  -2267806.592  5009378.220  3221001.300
2022  62  25068 GPS  -2267806.523  5009378.073  3221001.324
2022  62  25069 GPS  -2267806.660  5009377.948  3221001.484
2022  62  25070 GPS  -2267806.822  5009377.583  3221001.488
2022  62  25071 GPS  -2267806.608  5009376.110  3221000.184
2022  62  25072 GPS  -2267807.722  5009378.325  3221002.694
2022  62  25073 GPS  -2267807.947  5009377.723  3221002.139
2022  62  25074 GPS  -2267807.761  5009375.861  3221000.642
2022  62  25075 GPS  -2267808.265  5009376.269  3221001.306
2022  62  25076 GPS  -2267809.509  5009379.072  3221004.513
2022  62  25077 GPS  -2267809.604  5009378.492  3221003.977
2022  62  25078 GPS  -2267809.556  5009376.920  3221002.726
2022  62  25079 GPS  -2267810.253  5009377.990  3221004.101
2022  62  25080 GPS  -2267810.934  5009379.435  3221005.510
2022  62  25081 GPS  -2267809.880  5009375.294  3221001.223
2022  62  25082 GPS  -2267809.875  5009374.776  3221000.851
2022  62  25083 GPS  -2267809.917  5009374.518  3221000.536
2022  62  25084 GPS  -2267809.918  5009374.112  3221000.282
2022  62  25085 GPS  -2267810.139  5009374.338  3221000.095
2022  62  25086 GPS  -2267810.448  5009374.356  3220999.937
2022  62  25087 GPS  -2267810.496  5009374.310  3220999.794
2022  62  25088 GPS  -2267810.423  5009374.507  3220999.763
2022  62  25089 GPS  -2267810.337  5009374.463  3220999.567
2022  62  25090 GPS  -2267827.617  5009428.925  3221055.641
2022  62  25091 GPS  -2267818.799  5009401.075  3221026.836
2022  62  25092 GPS  -2267814.079  5009386.743  3221012.000
2022  62  25093 GPS  -2267811.444  5009378.430  3221003.627
2022  62  25094 GPS  -2267810.979  5009377.903  3221003.236
2022  62  25095 GPS  -2267810.631  5009377.554  3221002.821
2022  62  25096 GPS  -2267810.363  5009378.314  3221003.759
2022  62  25097 GPS  -2267810.839  5009379.559  3221005.305
2022  62  25098 GPS  -2267810.446  5009379.322  3221005.036
2022  62  25099 GPS  -2267810.174  5009379.188  3221004.926
2022  62  25100 GPS  -2267809.559  5009378.416  3221003.993
2022  62  25101 GPS  -2267809.879  5009380.582  3221006.013
2022  62  25102 GPS  -2267808.349  5009376.916  3221002.197
2022  62  25103 GPS  -2267807.998  5009377.575  3221002.657
2022  62  25104 GPS  -2267807.705  5009378.079  3221002.779
2022  62  25105 GPS  -2267807.783  5009379.578  3221003.927
2022  62  25106 GPS  -2267807.673  5009380.652  3221004.786
2022  62  25107 GPS  -2267807.087  5009379.930  3221003.927
2022  62  25108 GPS  -2267807.113  5009381.001  3221004.677
2022  62  25109 GPS  -2267806.829  5009381.100  3221004.529
2022  62  25110 GPS  -2267805.719  5009379.351  3221002.997
2022  62  25111 GPS  -2267805.463  5009379.731  3221003.043
2022  62  25112 GPS  -2267805.298  5009379.963  3221003.470
2022  62  25113 GPS  -2267804.629  5009377.852  3221001.390
2022  62  25114 GPS  -2267804.464  5009378.522  3221001.939
2022  62  25115 GPS  -2267804.284  5009378.826  3221002.039
2022  62  25116 GPS  -2267804.242  5009378.960  3221002.329
2022  62  25117 GPS  -2267804.203  5009378.999  3221002.537
2022  62  25118 GPS  -2267804.207  5009379.069  3221002.834
2022  62  25119 GPS  -2267804.059  5009379.302  3221003.172
2022  62  25120 GPS  -2267803.816  5009379.227  3221003.156
2022  62  25121 GPS  -2267803.672  5009379.054  3221003.179
2022  62  25122 GPS  -2267803.665  5009379.084  3221003.213
2022  62  25123 GPS  -2267803.720  5009379.005  3221003.129
2022  62  25124 GPS  -2267803.728  5009378.765  3221003.155
2022  62  25125 GPS  -2267804.111  5009378.791  3221003.441
2022  62  25126 GPS  -2267804.352  5009378.882  3221003.494
2022  62  25127 GPS  -2267804.634  5009379.259  3221003.781
2022  62  25128 GPS  -2267804.752  5009379.329  3221003.522
2022  62  25129 GPS  -2267805.331  5009384.875  3221005.853
2022  62  25130 GPS  -2267805.839  5009385.650  3221006.118
2022  62  25131 GPS  -2267805.138  5009377.353  3221000.994
2022  62  25132 GPS  -2267805.768  5009377.878  3221001.305
2022  62  25133 GPS  -2267806.115  5009378.279  3221001.518
2022  62  25134 GPS  -2267806.515  5009378.879  3221001.667
2022  62  25135 GPS  -2267807.109  5009379.414  3221001.955
2022  62  25136 GPS  -2267807.555  5009379.558  3221002.126
2022  62  25137 GPS  -2267808.092  5009379.979  3221002.348
2022  62  25138 GPS  -2267808.489  5009380.360  3221002.554
2022  62  25139 GPS  -2267808.793  5009380.461  3221002.760
2022  62  25140 GPS  -2267809.188  5009380.914  3221002.996
2022  62  25141 GPS  -2267809.483  5009381.013  3221003.176
2022  62  25142 GPS  -2267809.742  5009380.545  3221002.664
2022  62  25143 GPS  -2267810.317  5009381.089  3221003.338
2022  62  25144 GPS  -2267810.471  5009380.940  3221003.038
2022  62  25145 GPS  -2267809.604  5009377.277  3220998.984
2022  62  25146 GPS  -2267810.357  5009379.260  3221000.891
2022  62  25147 GPS  -2267811.691  5009383.082  3221004.730
2022  62  25148 GPS  -2267809.996  5009377.431  3220998.656
2022  62  25149 GPS  -2267811.454  5009381.569  3221002.906
2022  62  25150 GPS  -2267812.375  5009384.125  3221005.749
2022  62  25151 GPS  -2267812.202  5009383.560  3221005.273
2022  62  25152 GPS  -2267812.159  5009383.596  3221005.480
2022  62  25153 GPS  -2267812.258  5009383.794  3221005.792
2022  62  25154 GPS  -2267812.148  5009383.906  3221005.903
2022  62  25155 GPS  -2267812.166  5009389.677  3221008.732
2022  62  25156 GPS  -2267811.787  5009383.999  3221006.216
2022  62  25157 GPS  -2267811.516  5009384.237  3221006.448
2022  62  25158 GPS  -2267811.440  5009384.668  3221006.825
2022  62  25159 GPS  -2267811.151  5009384.567  3221006.842
2022  62  25160 GPS  -2267820.786  5009423.800  3221041.940
2022  62  25161 GPS  -2267815.149  5009405.093  3221023.747
2022  62  25162 GPS  -2267814.884  5009399.507  3221021.787
2022  62  25163 GPS  -2267815.111  5009406.282  3221024.765
2022  62  25164 GPS  -2267814.313  5009404.475  3221022.853
2022  62  25165 GPS  -2267813.489  5009402.217  3221020.564
2022  62  25166 GPS  -2267813.862  5009404.484  3221022.850
2022  62  25167 GPS  -2267813.810  5009404.094  3221022.343
2022  62  25168 GPS  -2267813.074  5009401.671  3221020.082
2022  62  25169 GPS  -2267812.236  5009399.208  3221017.922
2022  62  25170 GPS  -2267811.585  5009392.597  3221014.542
2022  62  25171 GPS  -2267811.825  5009398.861  3221017.534
2022  62  25172 GPS  -2267812.121  5009400.229  3221018.711
2022  62  25173 GPS  -2267811.835  5009399.739  3221018.175
2022  62  25174 GPS  -2267811.045  5009397.350  3221015.913
2022  62  25175 GPS  -2267810.548  5009396.401  3221014.966
2022  62  25176 GPS  -2267810.275  5009389.847  3221011.961
2022  62  25177 GPS  -2267811.100  5009399.179  3221016.707
2022  62  25178 GPS  -2267811.516  5009400.643  3221017.775
2022  62  25179 GPS  -2267811.070  5009393.688  3221014.220
2022  62  25180 GPS  -2267810.701  5009398.294  3221014.757
2022  62  25181 GPS  -2267810.378  5009397.401  3221013.609
2022  62  25182 GPS  -2267810.926  5009399.279  3221015.209
2022  62  25183 GPS  -2267810.833  5009399.095  3221014.687
2022  62  25184 GPS  -2267810.658  5009392.090  3221011.525
2022  62  25185 GPS  -2267811.120  5009399.255  3221014.262
2022  62  25186 GPS  -2267811.186  5009398.806  3221013.874
2022  62  25187 GPS  -2267811.495  5009409.907  3221018.214
2022  62  25188 GPS  -2267811.897  5009410.684  3221018.834
2022  62  25189 GPS  -2267811.756  5009399.201  3221014.241
2022  62  25190 GPS  -2267811.945  5009399.487  3221014.536
2022  62  25191 GPS  -2267813.084  5009402.671  3221017.682
2022  62  25192 GPS  -2267813.484  5009402.798  3221017.828
2022  62  25193 GPS  -2267813.717  5009402.811  3221017.929
2022  62  25194 GPS  -2267814.048  5009402.603  3221018.016
2022  62  25195 GPS  -2267814.311  5009402.651  3221017.910
2022  62  25196 GPS  -2267814.390  5009402.191  3221017.771
2022  62  25197 GPS  -2267814.525  5009401.845  3221017.650
2022  62  25198 GPS  -2267814.716  5009401.648  3221017.558
2022  62  25199 GPS  -2267814.644  5009401.272  3221017.385
2022  62  25200 GPS  -2267814.671  5009401.217  3221017.407
2022  62  25201 GPS  -2267814.594  5009400.983  3221017.403
2022  62  25202 GPS  -2267814.533  5009400.726  3221017.373
2022  62  25203 GPS  -2267814.436  5009400.884  3221017.423
2022  62  25204 GPS  -2267814.349  5009401.243  3221017.535
2022  62  25205 GPS  -2267814.142  5009401.314  3221017.423
2022  62  25206 GPS  -2267813.547  5009394.551  3221014.287
2022  62  25207 GPS  -2267813.282  5009394.484  3221014.149
2022  62  25208 GPS  -2267813.467  5009402.308  3221017.665
2022  62  25209 GPS  -2267813.224  5009401.870  3221017.479
2022  62  25210 GPS  -2267812.954  5009401.933  3221017.598
2022  62  25211 GPS  -2267812.611  5009401.976  3221017.749
2022  62  25212 GPS  -2267812.233  5009401.657  3221017.648
2022  62  25213 GPS  -2267811.900  5009401.392  3221017.612
2022  62  25214 GPS  -2267811.484  5009401.288  3221017.619
2022  62  25215 GPS  -2267810.956  5009400.858  3221017.437
2022  62  25216 GPS  -2267810.734  5009400.209  3221017.388
2022  62  25217 GPS  -2267810.704  5009399.814  3221017.359
2022  62  25218 GPS  -2267810.287  5009399.278  3221017.117
2022  62  25219 GPS  -2267810.487  5009399.420  3221017.298
2022  62  25220 GPS  -2267810.357  5009399.987  3221017.624
2022  62  25221 GPS  -2267810.060  5009400.168  3221017.744
2022  62  25222 GPS  -2267810.782  5009403.421  3221020.701
2022  62  25223 GPS  -2267810.539  5009402.721  3221020.156
2022  62  25224 GPS  -2267810.098  5009402.152  3221019.401
2022  62  25225 GPS  -2267811.580  5009407.480  3221024.439
2022  62  25226 GPS  -2267811.964  5009410.263  3221027.494
2022  62  25227 GPS  -2267812.288  5009410.880  3221027.906
2022  62  25228 GPS  -2267809.795  5009397.201  3221018.739
2022  62  25229 GPS  -2267810.438  5009406.453  3221023.914
2022  62  25230 GPS  -2267810.020  5009405.890  3221023.287
2022  62  25231 GPS  -2267810.536  5009407.975  3221025.218
2022  62  25232 GPS  -2267811.157  5009410.068  3221027.781
2022  62  25233 GPS  -2267810.883  5009409.117  3221027.233
2022  62  25234 GPS  -2267808.814  5009401.949  3221020.303
2022  62  25235 GPS  -2267808.981  5009402.449  3221021.094
2022  62  25236 GPS  -2267809.612  5009403.678  3221022.437
2022  62  25237 GPS  -2267808.480  5009400.350  3221019.821
2022  62  25238 GPS  -2267808.666  5009400.021  3221019.348
2022  62  25239 GPS  -2267808.723  5009399.483  3221019.220
2022  62  25240 GPS  -2267809.538  5009401.794  3221021.357
2022  62  25241 GPS  -2267808.732  5009392.560  3221016.621
2022  62  25242 GPS  -2267808.440  5009398.586  3221018.325
2022  62  25243 GPS  -2267807.884  5009397.070  3221017.104
2022  62  25244 GPS  -2267807.185  5009395.179  3221015.410
2022  62  25245 GPS  -2267806.859  5009389.937  3221013.253
2022  62  25246 GPS  -2267806.344  5009392.858  3221013.628
2022  62  25247 GPS  -2267805.945  5009391.072  3221012.145
2022  62  25248 GPS  -2267805.432  5009389.837  3221010.959
2022  62  25249 GPS  -2267804.920  5009388.975  3221010.013
2022  62  25250 GPS  -2267804.467  5009388.301  3221009.269
2022  62  25251 GPS  -2267804.413  5009389.610  3221010.574
2022  62  25252 GPS  -2267804.274  5009389.334  3221010.200
2022  62  25253 GPS  -2267804.266  5009388.932  3221009.936
2022  62  25254 GPS  -2267804.129  5009388.975  3221009.623
2022  62  25255 GPS  -2267803.860  5009383.147  3221006.677
2022  62  25256 GPS  -2267804.227  5009388.923  3221009.263
2022  62  25257 GPS  -2267804.139  5009388.600  3221008.890
2022  62  25258 GPS  -2267804.190  5009388.673  3221008.663
2022  62  25259 GPS  -2267804.032  5009388.409  3221008.284
2022  62  25260 GPS  -2267803.652  5009382.431  3221005.437
2022  62  25261 GPS  -2267804.068  5009388.690  3221008.368
2022  62  25262 GPS  -2267803.014  5009384.947  3221004.874
2022  62  25263 GPS  -2267801.262  5009378.778  3220999.027
2022  62  25264 GPS  -2267800.649  5009376.540  3220997.098
2022  62  25265 GPS  -2267799.874  5009374.134  3220994.974
2022  62  25266 GPS  -2267799.422  5009372.820  3220993.814
2022  62  25267 GPS  -2267799.857  5009374.320  3220995.429
2022  62  25268 GPS  -2267800.162  5009375.963  3220996.894
2022  62  25269 GPS  -2267800.064  5009376.056  3220996.996
2022  62  25270 GPS  -2267800.791  5009378.770  3220999.593
2022  62  25271 GPS  -2267801.890  5009382.358  3221002.841
2022  62  25272 GPS  -2267801.996  5009382.630  3221002.624
2022  62  25273 GPS  -2267802.632  5009385.297  3221004.807
2022  62  25274 GPS  -2267803.556  5009388.598  3221007.861
2022  62  25275 GPS  -2267804.644  5009392.138  3221010.934
2022  62  25276 GPS  -2267805.086  5009393.958  3221012.612
2022  62  25277 GPS  -2267805.273  5009394.666  3221012.901
2022  62  25278 GPS  -2267805.245  5009395.428  3221013.326
2022  62  25279 GPS  -2267805.176  5009395.472  3221013.179
2022  62  25280 GPS  -2267805.447  5009396.913  3221014.317
2022  62  25281 GPS  -2267805.853  5009398.689  3221015.787
2022  62  25282 GPS  -2267805.705  5009398.869  3221015.992
2022  62  25283 GPS  -2267805.848  5009399.761  3221016.565
2022  62  25284 GPS  -2267805.948  5009400.694  3221017.264
2022  62  25285 GPS  -2267806.060  5009401.767  3221018.052
2022  62  25286 GPS  -2267806.287  5009402.681  3221018.574
2022  62  25287 GPS  -2267806.330  5009403.333  3221018.752
2022  62  25288 GPS  -2267805.895  5009403.505  3221018.628
2022  62  25289 GPS  -2267805.408  5009403.384  3221018.035
2022  62  25290 GPS  -2267804.944  5009403.427  3221017.796
2022  62  25291 GPS  -2267802.596  5009396.292  3221010.705
2022  62  25292 GPS  -2267802.107  5009395.900  3221010.548
2022  62  25293 GPS  -2267801.789  5009395.769  3221010.357
2022  62  25294 GPS  -2267801.453  5009395.367  3221009.988
2022  62  25295 GPS  -2267801.118  5009394.923  3221009.630
2022  62  25296 GPS  -2267800.740  5009394.077  3221009.194
2022  62  25297 GPS  -2267800.196  5009393.115  3221008.531
2022  62  25298 GPS  -2267799.898  5009392.410  3221008.162
2022  62  25299 GPS  -2267798.985  5009385.380  3221004.701
2022  62  25300 GPS  -2267798.004  5009387.357  3221003.538
2022  62  25301 GPS  -2267798.731  5009390.727  3221007.179
2022  62  25302 GPS  -2267799.077  5009392.403  3221009.033
2022  62  25303 GPS  -2267798.841  5009392.345  3221009.143
2022  62  25304 GPS  -2267797.820  5009388.737  3221006.003
2022  62  25305 GPS  -2267796.907  5009386.374  3221003.671
2022  62  25306 GPS  -2267796.191  5009384.036  3221001.775
2022  62  25307 GPS  -2267796.157  5009384.037  3221001.750
2022  62  25308 GPS  -2267796.528  5009385.480  3221003.441
2022  62  25309 GPS  -2267795.986  5009383.943  3221002.105
2022  62  25310 GPS  -2267795.297  5009377.159  3220998.314
2022  62  25311 GPS  -2267795.755  5009381.320  3220999.802
2022  62  25312 GPS  -2267796.022  5009380.229  3220999.287
2022  62  25313 GPS  -2267795.320  5009376.619  3220996.036
2022  62  25314 GPS  -2267795.278  5009375.354  3220994.886
2022  62  25315 GPS  -2267795.576  5009374.960  3220994.493
2022  62  25316 GPS  -2267796.002  5009375.086  3220994.706
2022  62  25317 GPS  -2267796.423  5009374.658  3220994.503
2022  62  25318 GPS  -2267797.779  5009377.992  3220997.575
2022  62  25319 GPS  -2267798.246  5009378.729  3220997.837
2022  62  25320 GPS  -2267798.272  5009378.409  3220997.429
2022  62  25321 GPS  -2267798.181  5009374.075  3220995.163
2022  62  25322 GPS  -2267798.454  5009378.115  3220996.669
2022  62  25323 GPS  -2267798.615  5009377.958  3220996.469
2022  62  25324 GPS  -2267798.451  5009377.318  3220995.962
2022  62  25325 GPS  -2267798.264  5009376.081  3220994.501
2022  62  25326 GPS  -2267798.303  5009375.793  3220994.021
2022  62  25327 GPS  -2267798.320  5009375.808  3220993.956
2022  62  25328 GPS  -2267798.340  5009376.072  3220993.883
2022  62  25329 GPS  -2267798.532  5009376.170  3220993.873
2022  62  25330 GPS  -2267798.742  5009375.986  3220993.624
2022  62  25331 GPS  -2267798.549  5009375.716  3220993.373
2022  62  25332 GPS  -2267798.634  5009375.827  3220993.454
2022  62  25333 GPS  -2267798.783  5009375.392  3220993.175
2022  62  25334 GPS  -2267798.873  5009375.329  3220993.470
2022  62  25335 GPS  -2267798.758  5009374.630  3220993.124
2022  62  25336 GPS  -2267798.724  5009374.382  3220993.321
2022  62  25337 GPS  -2267798.553  5009373.737  3220993.040
2022  62  25338 GPS  -2267798.477  5009374.139  3220993.099
2022  62  25339 GPS  -2267798.307  5009374.069  3220993.112
2022  62  25340 GPS  -2267798.367  5009374.473  3220993.588
2022  62  25341 GPS  -2267797.985  5009374.301  3220993.467
2022  62  25342 GPS  -2267797.819  5009374.545  3220993.694
2022  62  25343 GPS  -2267797.343  5009373.915  3220993.275
2022  62  25344 GPS  -2267796.629  5009369.499  3220991.187
2022  62  25345 GPS  -2267796.354  5009373.427  3220992.989
2022  62  25346 GPS  -2267796.129  5009373.485  3220993.075
2022  62  25347 GPS  -2267795.768  5009373.361  3220993.084
2022  62  25348 GPS  -2267795.401  5009373.560  3220993.078
2022  62  25349 GPS  -2267795.146  5009373.794  3220993.117
2022  62  25350 GPS  -2267794.955  5009373.687  3220992.878
2022  62  25351 GPS  -2267795.606  5009376.550  3220995.802
2022  62  25352 GPS  -2267795.414  5009375.871  3220995.450
2022  62  25353 GPS  -2267795.049  5009375.614  3220995.231
2022  62  25354 GPS  -2267794.852  5009375.239  3220994.956
2022  62  25355 GPS  -2267794.757  5009375.093  3220994.850
2022  62  25356 GPS  -2267794.540  5009374.414  3220994.464
2022  62  25357 GPS  -2267794.347  5009373.569  3220994.035
2022  62  25358 GPS  -2267794.167  5009372.633  3220993.605
2022  62  25359 GPS  -2267794.112  5009372.266  3220993.471
2022  62  25360 GPS  -2267792.724  5009367.987  3220989.314
2022  62  25361 GPS  -2267794.117  5009372.654  3220993.808
2022  62  25362 GPS  -2267794.227  5009373.078  3220994.232
2022  62  25363 GPS  -2267793.506  5009370.593  3220991.435
2022  62  25364 GPS  -2267792.479  5009367.250  3220987.984
2022  62  25365 GPS  -2267792.520  5009367.206  3220988.096
2022  62  25366 GPS  -2267791.040  5009362.194  3220982.806
2022  62  25367 GPS  -2267790.156  5009358.756  3220979.560
2022  62  25368 GPS  -2267790.727  5009360.185  3220981.067
2022  62  25369 GPS  -2267790.823  5009360.146  3220981.027
2022  62  25370 GPS  -2267790.068  5009357.205  3220978.147
2022  62  25371 GPS  -2267790.927  5009360.012  3220980.723
2022  62  25372 GPS  -2267790.606  5009357.201  3220977.520
2022  62  25373 GPS  -2267789.318  5009354.795  3220975.293
2022  62  25374 GPS  -2267789.003  5009352.948  3220973.626
2022  62  25375 GPS  -2267789.461  5009351.229  3220972.989
2022  62  25376 GPS  -2267790.041  5009353.253  3220974.265
2022  62  25377 GPS  -2267789.413  5009349.991  3220970.993
2022  62  25378 GPS  -2267790.116  5009351.128  3220972.353
2022  62  25379 GPS  -2267790.157  5009350.235  3220971.658
2022  62  25380 GPS  -2267789.830  5009348.249  3220969.841
2022  62  25381 GPS  -2267790.220  5009348.288  3220970.274
2022  62  25382 GPS  -2267790.742  5009348.771  3220971.005
2022  62  25383 GPS  -2267791.240  5009349.515  3220971.926
2022  62  25384 GPS  -2267791.714  5009349.835  3220972.587
2022  62  25385 GPS  -2267792.060  5009349.578  3220972.674
2022  62  25386 GPS  -2267792.362  5009349.677  3220972.902
2022  62  25387 GPS  -2267792.873  5009350.381  3220973.916
2022  62  25388 GPS  -2267793.250  5009351.094  3220974.692
2022  62  25389 GPS  -2267793.160  5009350.910  3220974.561
2022  62  25390 GPS  -2267792.992  5009350.946  3220974.503
2022  62  25391 GPS  -2267793.043  5009351.174  3220974.881
2022  62  25392 GPS  -2267793.206  5009351.290  3220975.145
2022  62  25393 GPS  -2267793.428  5009351.801  3220975.630
2022  62  25394 GPS  -2267793.756  5009352.551  3220976.184
2022  62  25395 GPS  -2267793.941  5009353.513  3220976.842
2022  62  25396 GPS  -2267793.997  5009353.940  3220976.970
2022  62  25397 GPS  -2267793.946  5009353.852  3220977.135
2022  62  25398 GPS  -2267794.210  5009354.847  3220977.786
2022  62  25399 GPS  -2267794.512  5009355.398  3220978.431
2022  62  25400 GPS  -2267794.670  5009355.897  3220978.977
2022  62  25401 GPS  -2267794.881  5009356.496  3220979.202
2022  62  25402 GPS  -2267794.882  5009356.790  3220979.409
2022  62  25403 GPS  -2267794.815  5009357.350  3220979.825
2022  62  25404 GPS  -2267794.837  5009357.949  3220980.232
2022  62  25405 GPS  -2267794.933  5009358.072  3220980.576
2022  62  25406 GPS  -2267795.071  5009358.327  3220981.021
2022  62  25407 GPS  -2267795.005  5009358.355  3220981.255
2022  62  25408 GPS  -2267795.027  5009357.672  3220981.000
2022  62  25409 GPS  -2267795.221  5009358.457  3220981.459
2022  62  25410 GPS  -2267795.423  5009358.365  3220981.644
2022  62  25411 GPS  -2267799.477  5009370.310  3220994.125
2022  62  25412 GPS  -2267799.346  5009369.880  3220994.001
2022  62  25413 GPS  -2267799.694  5009369.891  3220994.345
2022  62  25414 GPS  -2267799.597  5009369.340  3220994.159
2022  62  25415 GPS  -2267799.423  5009368.800  3220993.953
2022  62  25416 GPS  -2267799.394  5009368.317  3220993.865
2022  62  25417 GPS  -2267786.817  5009327.040  3220951.808
2022  62  25418 GPS  -2267795.823  5009355.598  3220980.985
2022  62  25419 GPS  -2267795.466  5009354.398  3220979.964
2022  62  25420 GPS  -2267796.962  5009359.126  3220985.101
2022  62  25421 GPS  -2267799.623  5009367.852  3220993.846
2022  62  25422 GPS  -2267799.591  5009367.589  3220993.600
2022  62  25423 GPS  -2267799.581  5009367.397  3220993.288
2022  62  25424 GPS  -2267799.666  5009367.357  3220993.389
2022  62  25425 GPS  -2267799.875  5009367.510  3220993.500
2022  62  25426 GPS  -2267799.896  5009366.853  3220993.231
2022  62  25427 GPS  -2267796.459  5009355.881  3220981.995
2022  62  25428 GPS  -2267796.627  5009355.771  3220982.021
2022  62  25429 GPS  -2267796.190  5009354.347  3220980.724
2022  62  25430 GPS  -2267796.712  5009356.041  3220982.509
2022  62  25431 GPS  -2267797.461  5009358.620  3220984.977
2022  62  25432 GPS  -2267797.327  5009358.689  3220985.122
2022  62  25433 GPS  -2267795.303  5009352.185  3220978.289
2022  62  25434 GPS  -2267796.181  5009354.413  3220980.538
2022  62  25435 GPS  -2267796.127  5009354.314  3220980.274
2022  62  25436 GPS  -2267795.947  5009352.745  3220979.115
2022  62  25437 GPS  -2267795.763  5009352.815  3220978.659
2022  62  25438 GPS  -2267796.222  5009354.251  3220980.052
2022  62  25439 GPS  -2267794.998  5009350.930  3220976.703
2022  62  25440 GPS  -2267794.857  5009350.668  3220976.401
2022  62  25441 GPS  -2267795.043  5009350.901  3220976.501
2022  62  25442 GPS  -2267795.580  5009350.286  3220976.480
2022  62  25443 GPS  -2267795.499  5009351.525  3220977.433
2022  62  25444 GPS  -2267795.781  5009352.133  3220978.169
2022  62  25445 GPS  -2267796.601  5009355.243  3220981.551
2022  62  25446 GPS  -2267796.260  5009354.503  3220980.960
2022  62  25447 GPS  -2267796.876  5009357.118  3220983.560
2022  62  25448 GPS  -2267797.706  5009360.511  3220986.811
2022  62  25449 GPS  -2267798.065  5009362.662  3220988.583
2022  62  25450 GPS  -2267798.243  5009364.328  3220989.756
2022  62  25451 GPS  -2267798.110  5009364.121  3220989.530
2022  62  25452 GPS  -2267797.864  5009363.656  3220988.749
2022  62  25453 GPS  -2267797.973  5009364.398  3220989.489
2022  62  25454 GPS  -2267798.087  5009364.860  3220989.884
2022  62  25455 GPS  -2267798.077  5009364.931  3220989.830
2022  62  25456 GPS  -2267798.170  5009365.036  3220989.828
2022  62  25457 GPS  -2267798.298  5009365.059  3220989.855
2022  62  25458 GPS  -2267798.533  5009365.376  3220990.121
2022  62  25459 GPS  -2267798.716  5009365.922  3220990.512
2022  62  25460 GPS  -2267798.847  5009366.063  3220990.600
2022  62  25461 GPS  -2267798.945  5009366.088  3220990.615
2022  62  25462 GPS  -2267798.958  5009366.322  3220990.824
2022  62  25463 GPS  -2267799.185  5009366.779  3220991.278
2022  62  25464 GPS  -2267799.161  5009367.350  3220991.609
2022  62  25465 GPS  -2267799.395  5009368.309  3220992.329
2022  62  25466 GPS  -2267799.286  5009368.708  3220992.452
2022  62  25467 GPS  -2267799.236  5009369.222  3220992.482
2022  62  25468 GPS  -2267799.213  5009369.792  3220992.646
2022  62  25469 GPS  -2267799.334  5009370.209  3220992.891
2022  62  25470 GPS  -2267799.534  5009370.729  3220993.263
2022  62  25471 GPS  -2267799.499  5009371.266  3220993.550
2022  62  25472 GPS  -2267799.492  5009371.801  3220993.705
2022  62  25473 GPS  -2267799.500  5009372.411  3220993.797
2022  62  25474 GPS  -2267799.584  5009372.865  3220994.119
2022  62  25475 GPS  -2267799.587  5009373.325  3220994.244
2022  62  25476 GPS  -2267799.823  5009374.230  3220994.626
2022  62  25477 GPS  -2267800.040  5009375.010  3220994.993
2022  62  25478 GPS  -2267799.933  5009374.757  3220994.876
2022  62  25479 GPS  -2267800.098  5009374.933  3220994.990
2022  62  25480 GPS  -2267799.939  5009374.182  3220994.579
2022  62  25481 GPS  -2267800.045  5009373.963  3220994.537
2022  62  25482 GPS  -2267799.988  5009373.426  3220994.275
2022  62  25483 GPS  -2267800.024  5009372.833  3220993.991
2022  62  25484 GPS  -2267799.968  5009372.692  3220993.879
2022  62  25485 GPS  -2267799.858  5009372.594  3220993.760
2022  62  25486 GPS  -2267799.831  5009372.697  3220993.776
2022  62  25487 GPS  -2267799.634  5009372.341  3220993.589
2022  62  25488 GPS  -2267799.380  5009372.235  3220993.378
2022  62  25489 GPS  -2267799.147  5009371.697  3220993.188
2022  62  25490 GPS  -2267798.993  5009371.143  3220992.972
2022  62  25491 GPS  -2267798.900  5009370.287  3220992.657
2022  62  25492 GPS  -2267798.582  5009368.023  3220991.495
2022  62  25493 GPS  -2267798.389  5009369.304  3220992.045
2022  62  25494 GPS  -2267798.108  5009368.767  3220991.615
2022  62  25495 GPS  -2267797.805  5009368.252  3220991.079
2022  62  25496 GPS  -2267797.536  5009367.850  3220990.758
2022  62  25497 GPS  -2267797.436  5009367.264  3220990.357
2022  62  25498 GPS  -2267797.207  5009366.639  3220990.038
2022  62  25499 GPS  -2267797.190  5009366.718  3220990.015
2022  62  25500 GPS  -2267797.082  5009365.340  3220989.224
2022  62  25501 GPS  -2267797.077  5009366.835  3220989.696
2022  62  25502 GPS  -2267796.971  5009366.816  3220989.579
2022  62  25503 GPS  -2267797.132  5009367.317  3220989.888
2022  62  25504 GPS  -2267797.102  5009367.659  3220990.045
2022  62  25505 GPS  -2267796.980  5009366.215  3220989.266
2022  62  25506 GPS  -2267797.323  5009368.605  3220990.280
2022  62  25507 GPS  -2267797.299  5009368.693  3220990.349
2022  62  25508 GPS  -2267797.230  5009369.029  3220990.451
2022  62  25509 GPS  -2267797.031  5009366.444  3220989.269
2022  62  25510 GPS  -2267797.189  5009369.111  3220990.630
2022  62  25511 GPS  -2267797.299  5009369.511  3220990.885
2022  62  25512 GPS  -2267797.300  5009366.897  3220989.816
2022  62  25513 GPS  -2267797.770  5009370.598  3220991.501
2022  62  25514 GPS  -2267798.009  5009370.951  3220991.764
2022  62  25515 GPS  -2267797.952  5009368.338  3220990.765
2022  62  25516 GPS  -2267798.313  5009371.608  3220992.293
2022  62  25517 GPS  -2267798.603  5009371.801  3220992.539
2022  62  25518 GPS  -2267798.984  5009372.413  3220992.957
2022  62  25519 GPS  -2267799.549  5009372.751  3220993.385
2022  62  25520 GPS  -2267799.928  5009373.180  3220993.833
2022  62  25521 GPS  -2267800.408  5009373.256  3220994.188
2022  62  25522 GPS  -2267800.652  5009373.276  3220994.427
2022  62  25523 GPS  -2267800.796  5009373.447  3220994.583
2022  62  25524 GPS  -2267801.055  5009373.742  3220994.735
2022  62  25525 GPS  -2267801.131  5009370.162  3220993.130
2022  62  25526 GPS  -2267801.644  5009374.120  3220995.106
2022  62  25527 GPS  -2267801.870  5009374.079  3220995.191
2022  62  25528 GPS  -2267801.977  5009374.092  3220995.376
2022  62  25529 GPS  -2267801.980  5009373.900  3220995.399
2022  62  25530 GPS  -2267802.004  5009373.743  3220995.449
2022  62  25531 GPS  -2267802.108  5009373.799  3220995.668
2022  62  25532 GPS  -2267801.988  5009373.811  3220995.613
2022  62  25533 GPS  -2267801.754  5009370.631  3220994.259
2022  62  25534 GPS  -2267801.968  5009373.655  3220995.736
2022  62  25535 GPS  -2267802.121  5009373.545  3220995.866
2022  62  25536 GPS  -2267802.059  5009373.331  3220995.888
2022  62  25537 GPS  -2267802.074  5009373.587  3220996.178
2022  62  25538 GPS  -2267802.090  5009373.949  3220996.457
2022  62  25539 GPS  -2267802.077  5009374.193  3220996.645
2022  62  25540 GPS  -2267801.906  5009374.348  3220996.812
2022  62  25541 GPS  -2267802.094  5009374.750  3220997.087
2022  62  25542 GPS  -2267802.121  5009374.815  3220997.107
2022  62  25543 GPS  -2267801.830  5009374.698  3220997.000
2022  62  25544 GPS  -2267801.684  5009374.752  3220996.981
2022  62  25545 GPS  -2267801.400  5009374.580  3220996.826
2022  62  25546 GPS  -2267801.239  5009371.622  3220995.509
2022  62  25547 GPS  -2267801.590  5009374.839  3220996.957
2022  62  25548 GPS  -2267801.568  5009374.825  3220996.800
2022  62  25549 GPS  -2267801.431  5009374.678  3220996.664
2022  62  25550 GPS  -2267801.405  5009374.540  3220996.699
2022  62  25551 GPS  -2267801.308  5009374.196  3220996.533
2022  62  25552 GPS  -2267801.323  5009374.098  3220996.387
2022  62  25553 GPS  -2267801.225  5009370.556  3220994.753
2022  62  25554 GPS  -2267801.540  5009373.727  3220996.065
2022  62  25555 GPS  -2267801.726  5009373.759  3220995.995
2022  62  25556 GPS  -2267801.545  5009370.120  3220994.082
2022  62  25557 GPS  -2267801.996  5009373.905  3220995.610
2022  62  25558 GPS  -2267801.982  5009373.746  3220995.266
2022  62  25559 GPS  -2267802.133  5009373.862  3220995.234
2022  62  25560 GPS  -2267802.250  5009373.663  3220994.927
2022  62  25561 GPS  -2267802.558  5009373.796  3220994.893
2022  62  25562 GPS  -2267802.825  5009374.048  3220994.968
2022  62  25563 GPS  -2267803.151  5009374.369  3220995.123
2022  62  25564 GPS  -2267803.671  5009374.377  3220995.427
2022  62  25565 GPS  -2267804.020  5009374.514  3220995.567
2022  62  25566 GPS  -2267804.230  5009374.291  3220995.511
2022  62  25567 GPS  -2267804.248  5009371.097  3220994.004
2022  62  25568 GPS  -2267804.581  5009373.944  3220995.287
2022  62  25569 GPS  -2267804.969  5009373.811  3220995.372
2022  62  25570 GPS  -2267805.335  5009373.850  3220995.560
2022  62  25571 GPS  -2267805.390  5009373.753  3220995.327
2022  62  25572 GPS  -2267805.520  5009373.392  3220995.236
2022  62  25573 GPS  -2267805.747  5009373.328  3220995.363
2022  62  25574 GPS  -2267805.882  5009373.119  3220995.423
2022  62  25575 GPS  -2267806.157  5009372.954  3220995.614
2022  62  25576 GPS  -2267806.504  5009372.999  3220995.728
2022  62  25577 GPS  -2267806.698  5009372.737  3220995.808
2022  62  25578 GPS  -2267806.883  5009372.784  3220996.083
2022  62  25579 GPS  -2267806.944  5009372.881  3220996.247
2022  62  25580 GPS  -2267806.894  5009372.815  3220996.375
2022  62  25581 GPS  -2267807.010  5009372.613  3220996.520
2022  62  25582 GPS  -2267807.100  5009372.650  3220996.779
2022  62  25583 GPS  -2267807.375  5009372.579  3220996.967
2022  62  25584 GPS  -2267807.393  5009373.075  3220997.150
2022  62  25585 GPS  -2267807.557  5009373.125  3220997.360
2022  62  25586 GPS  -2267807.573  5009373.383  3220997.513
2022  62  25587 GPS  -2267807.440  5009373.344  3220997.761
2022  62  25588 GPS  -2267807.546  5009373.879  3220998.266
2022  62  25589 GPS  -2267807.302  5009370.992  3220997.192
2022  62  25590 GPS  -2267807.486  5009374.100  3220998.808
2022  62  25591 GPS  -2267807.650  5009373.968  3220999.130
2022  62  25592 GPS  -2267806.936  5009373.252  3220998.962
2022  62  25593 GPS  -2267807.719  5009374.476  3220999.843
2022  62  25594 GPS  -2267807.702  5009374.666  3221000.069
2022  62  25595 GPS  -2267807.983  5009374.694  3221000.519
2022  62  25596 GPS  -2267808.200  5009374.835  3221000.955
2022  62  25597 GPS  -2267808.253  5009375.254  3221001.262
2022  62  25598 GPS  -2267808.313  5009375.151  3221001.482
2022  62  25599 GPS  -2267808.493  5009375.351  3221002.018
2022  62  25600 GPS  -2267808.819  5009375.242  3221002.377
2022  62  25601 GPS  -2267808.918  5009375.188  3221002.654
2022  62  25602 GPS  -2267808.950  5009375.100  3221002.812
2022  62  25603 GPS  -2267809.251  5009375.159  3221003.145
2022  62  25604 GPS  -2267809.686  5009375.524  3221003.682
2022  62  25605 GPS  -2267810.061  5009375.784  3221004.294
2022  62  25606 GPS  -2267810.373  5009375.852  3221004.450
2022  62  25607 GPS  -2267810.314  5009375.482  3221004.535
2022  62  25608 GPS  -2267811.052  5009376.545  3221005.398
2022  62  25609 GPS  -2267811.233  5009376.780  3221005.811
2022  62  25610 GPS  -2267811.839  5009377.700  3221006.477
2022  62  25611 GPS  -2267812.266  5009378.068  3221006.912
2022  62  25612 GPS  -2267812.570  5009378.217  3221007.126
2022  62  25613 GPS  -2267812.825  5009378.503  3221007.429
2022  62  25614 GPS  -2267813.212  5009378.863  3221007.792
2022  62  25615 GPS  -2267813.602  5009379.395  3221008.226
2022  62  25616 GPS  -2267814.057  5009380.079  3221008.647
2022  62  25617 GPS  -2267814.252  5009380.392  3221008.898
2022  62  25618 GPS  -2267814.415  5009380.766  3221009.091
2022  62  25619 GPS  -2267814.548  5009380.959  3221009.220
2022  62  25620 GPS  -2267814.769  5009381.640  3221009.548
2022  62  25621 GPS  -2267813.655  5009380.165  3221008.737
2022  62  25622 GPS  -2267814.913  5009381.611  3221009.783
2022  62  25623 GPS  -2267814.806  5009381.788  3221009.800
2022  62  25624 GPS  -2267814.703  5009382.296  3221009.878
2022  62  25625 GPS  -2267814.887  5009383.071  3221010.181
2022  62  25626 GPS  -2267814.858  5009383.704  3221010.410
2022  62  25627 GPS  -2267814.476  5009381.184  3221009.094
2022  62  25628 GPS  -2267814.587  5009384.398  3221010.346
2022  62  25629 GPS  -2267814.466  5009384.802  3221010.348
2022  62  25630 GPS  -2267813.875  5009380.707  3221008.218
2022  62  25631 GPS  -2267813.587  5009381.050  3221008.193
2022  62  25632 GPS  -2267813.731  5009385.250  3221009.951
2022  62  25633 GPS  -2267813.535  5009385.204  3221009.839
2022  62  25634 GPS  -2267813.415  5009385.680  3221009.799
2022  62  25635 GPS  -2267813.369  5009385.749  3221009.900
2022  62  25636 GPS  -2267813.312  5009385.982  3221009.994
2022  62  25637 GPS  -2267813.270  5009386.197  3221010.120
2022  62  25638 GPS  -2267813.286  5009386.566  3221010.238
2022  62  25639 GPS  -2267813.482  5009386.682  3221010.462
2022  62  25640 GPS  -2267813.728  5009386.687  3221010.593
2022  62  25641 GPS  -2267813.759  5009386.565  3221010.523
2022  62  25642 GPS  -2267813.734  5009386.574  3221010.537
2022  62  25643 GPS  -2267813.890  5009386.483  3221010.538
2022  62  25644 GPS  -2267814.154  5009386.853  3221010.702
2022  62  25645 GPS  -2267814.432  5009386.884  3221010.718
2022  62  25646 GPS  -2267814.715  5009387.322  3221011.001
2022  62  25647 GPS  -2267814.757  5009387.270  3221010.971
2022  62  25648 GPS  -2267814.998  5009387.601  3221011.074
2022  62  25649 GPS  -2267815.253  5009387.898  3221011.361
2022  62  25650 GPS  -2267815.679  5009388.514  3221011.699
2022  62  25651 GPS  -2267815.984  5009388.767  3221011.900
2022  62  25652 GPS  -2267816.337  5009389.237  3221012.169
2022  62  25653 GPS  -2267816.555  5009389.475  3221012.259
2022  62  25654 GPS  -2267816.945  5009389.965  3221012.497
2022  62  25655 GPS  -2267817.271  5009390.666  3221012.857
2022  62  25656 GPS  -2267817.589  5009391.083  3221013.207
2022  62  25657 GPS  -2267817.947  5009391.800  3221013.685
2022  62  25658 GPS  -2267818.071  5009392.161  3221013.958
2022  62  25659 GPS  -2267816.581  5009390.018  3221012.651
2022  62  25660 GPS  -2267816.755  5009390.584  3221013.085
2022  62  25661 GPS  -2267818.427  5009392.837  3221014.418
2022  62  25662 GPS  -2267816.956  5009391.464  3221013.554
2022  62  25663 GPS  -2267818.601  5009393.852  3221015.072
2022  62  25664 GPS  -2267818.492  5009393.752  3221015.100
2022  62  25665 GPS  -2267818.359  5009394.141  3221015.185
2022  62  25666 GPS  -2267818.223  5009394.255  3221015.320
2022  62  25667 GPS  -2267818.180  5009394.221  3221015.444
2022  62  25668 GPS  -2267817.969  5009393.932  3221015.397
2022  62  25669 GPS  -2267817.793  5009393.593  3221015.460
2022  62  25670 GPS  -2267815.832  5009390.624  3221013.912
2022  62  25671 GPS  -2267817.345  5009392.362  3221015.150
2022  62  25672 GPS  -2267817.137  5009392.263  3221015.242
2022  62  25673 GPS  -2267816.842  5009388.283  3221013.591
2022  62  25674 GPS  -2267817.012  5009391.867  3221015.347
2022  62  25675 GPS  -2267816.859  5009391.626  3221015.435
2022  62  25676 GPS  -2267816.648  5009391.347  3221015.437
2022  62  25677 GPS  -2267816.180  5009388.094  3221013.907
2022  62  25678 GPS  -2267816.307  5009390.990  3221015.490
2022  62  25679 GPS  -2267816.377  5009391.010  3221015.590
2022  62  25680 GPS  -2267816.223  5009390.534  3221015.341
2022  62  25681 GPS  -2267816.320  5009390.235  3221015.246
2022  62  25682 GPS  -2267816.377  5009389.967  3221015.175
2022  62  25683 GPS  -2267816.392  5009389.704  3221014.948
2022  62  25684 GPS  -2267816.297  5009389.778  3221014.895
2022  62  25685 GPS  -2267816.362  5009389.769  3221014.648
2022  62  25686 GPS  -2267816.405  5009389.856  3221014.663
2022  62  25687 GPS  -2267816.369  5009390.025  3221014.565
2022  62  25688 GPS  -2267816.296  5009389.877  3221014.321
2022  62  25689 GPS  -2267816.252  5009389.862  3221014.022
2022  62  25690 GPS  -2267816.169  5009390.097  3221013.822
2022  62  25691 GPS  -2267815.766  5009385.260  3221011.241
2022  62  25692 GPS  -2267816.317  5009390.411  3221013.473
2022  62  25693 GPS  -2267816.516  5009390.830  3221013.573
2022  62  25694 GPS  -2267816.748  5009391.414  3221013.675
2022  62  25695 GPS  -2267816.474  5009386.765  3221011.384
2022  62  25696 GPS  -2267816.919  5009391.099  3221013.300
2022  62  25697 GPS  -2267817.031  5009390.926  3221013.109
2022  62  25698 GPS  -2267817.122  5009390.701  3221012.959
2022  62  25699 GPS  -2267817.027  5009390.318  3221012.489
2022  62  25700 GPS  -2267816.755  5009386.064  3221010.492
2022  62  25701 GPS  -2267817.220  5009390.290  3221012.492
2022  62  25702 GPS  -2267817.265  5009390.214  3221012.335
2022  62  25703 GPS  -2267816.985  5009389.689  3221011.889
2022  62  25704 GPS  -2267816.682  5009389.285  3221011.572
2022  62  25705 GPS  -2267816.426  5009389.056  3221011.287
2022  62  25706 GPS  -2267816.099  5009388.504  3221010.899
2022  62  25707 GPS  -2267815.975  5009388.253  3221010.736
2022  62  25708 GPS  -2267815.282  5009383.308  3221008.384
2022  62  25709 GPS  -2267815.452  5009386.985  3221010.147
2022  62  25710 GPS  -2267815.224  5009386.503  3221009.854
2022  62  25711 GPS  -2267814.905  5009385.892  3221009.627
2022  62  25712 GPS  -2267814.487  5009385.144  3221009.193
2022  62  25713 GPS  -2267814.219  5009384.794  3221009.142
2022  62  25714 GPS  -2267814.084  5009384.595  3221009.160
2022  62  25715 GPS  -2267813.828  5009384.281  3221008.989
2022  62  25716 GPS  -2267813.497  5009383.868  3221008.902
2022  62  25717 GPS  -2267813.186  5009383.344  3221008.679
2022  62  25718 GPS  -2267812.691  5009380.199  3221007.181
2022  62  25719 GPS  -2267812.674  5009382.872  3221008.561
2022  62  25720 GPS  -2267812.506  5009382.374  3221008.331
2022  62  25721 GPS  -2267812.581  5009382.331  3221008.299
2022  62  25722 GPS  -2267812.259  5009378.294  3221006.459
2022  62  25723 GPS  -2267812.665  5009382.114  3221008.435
2022  62  25724 GPS  -2267812.693  5009382.348  3221008.606
2022  62  25725 GPS  -2267812.856  5009382.732  3221008.810
2022  62  25726 GPS  -2267812.937  5009382.939  3221008.891
2022  62  25727 GPS  -2267812.887  5009383.263  3221009.083
2022  62  25728 GPS  -2267813.019  5009383.347  3221009.346
2022  62  25729 GPS  -2267813.199  5009383.625  3221009.573
2022  62  25730 GPS  -2267813.109  5009381.201  3221008.408
2022  62  25731 GPS  -2267813.417  5009384.073  3221009.873
2022  62  25732 GPS  -2267813.514  5009384.186  3221009.845
2022  62  25733 GPS  -2267813.611  5009384.437  3221009.859
2022  62  25734 GPS  -2267813.789  5009384.809  3221009.944
2022  62  25735 GPS  -2267813.799  5009381.990  3221008.462
2022  62  25736 GPS  -2267814.437  5009386.215  3221010.266
2022  62  25737 GPS  -2267814.653  5009386.935  3221010.566
2022  62  25738 GPS  -2267814.912  5009387.532  3221010.570
2022  62  25739 GPS  -2267815.225  5009388.393  3221010.719
2022  62  25740 GPS  -2267815.102  5009384.704  3221008.951
2022  62  25741 GPS  -2267815.655  5009388.785  3221010.883
2022  62  25742 GPS  -2267815.860  5009388.865  3221010.887
2022  62  25743 GPS  -2267815.911  5009388.781  3221010.733
2022  62  25744 GPS  -2267816.070  5009388.932  3221010.653
2022  62  25745 GPS  -2267816.231  5009388.829  3221010.633
2022  62  25746 GPS  -2267816.118  5009384.876  3221008.830
2022  62  25747 GPS  -2267816.262  5009384.785  3221008.720
2022  62  25748 GPS  -2267816.806  5009388.687  3221010.672
2022  62  25749 GPS  -2267816.817  5009388.366  3221010.415
2022  62  25750 GPS  -2267816.633  5009385.306  3221008.964
2022  62  25751 GPS  -2267818.911  5009394.032  3221016.411
2022  62  25752 GPS  -2267818.962  5009393.977  3221016.440
2022  62  25753 GPS  -2267819.095  5009393.847  3221016.485
2022  62  25754 GPS  -2267818.536  5009389.425  3221014.002
2022  62  25755 GPS  -2267819.221  5009393.585  3221016.257
2022  62  25756 GPS  -2267819.336  5009393.517  3221016.207
2022  62  25757 GPS  -2267819.411  5009393.408  3221016.152
2022  62  25758 GPS  -2267819.437  5009393.110  3221016.069
2022  62  25759 GPS  -2267809.671  5009363.898  3220984.135
2022  62  25760 GPS  -2267810.739  5009366.317  3220987.009
2022  62  25761 GPS  -2267819.465  5009391.856  3221015.103
2022  62  25762 GPS  -2267819.337  5009391.239  3221014.829
2022  62  25763 GPS  -2267819.206  5009390.693  3221014.433
2022  62  25764 GPS  -2267819.079  5009390.512  3221014.104
2022  62  25765 GPS  -2267818.544  5009386.701  3221011.878
2022  62  25766 GPS  -2267818.856  5009389.686  3221013.511
2022  62  25767 GPS  -2267818.331  5009385.796  3221011.245
2022  62  25768 GPS  -2267819.783  5009392.770  3221017.079
2022  62  25769 GPS  -2267815.707  5009380.718  3221004.421
2022  62  25770 GPS  -2267815.096  5009377.601  3221002.277
2022  62  25771 GPS  -2267816.921  5009384.182  3221008.915
2022  62  25772 GPS  -2267820.593  5009394.594  3221020.685
2022  62  25773 GPS  -2267818.808  5009388.781  3221015.149
2022  62  25774 GPS  -2267816.957  5009380.516  3221008.679
2022  62  25775 GPS  -2267817.729  5009384.347  3221011.637
2022  62  25776 GPS  -2267818.116  5009385.098  3221012.996
2022  62  25777 GPS  -2267818.340  5009385.188  3221013.568
2022  62  25778 GPS  -2267818.019  5009383.303  3221011.889
2022  62  25779 GPS  -2267817.881  5009379.881  3221010.209
2022  62  25780 GPS  -2267818.606  5009380.971  3221012.284
2022  62  25781 GPS  -2267818.996  5009382.756  3221012.913
2022  62  25782 GPS  -2267819.190  5009382.526  3221013.171
2022  62  25783 GPS  -2267819.608  5009382.441  3221013.647
2022  62  25784 GPS  -2267819.756  5009379.378  3221012.259
2022  62  25785 GPS  -2267820.219  5009379.812  3221012.732
2022  62  25786 GPS  -2267821.081  5009383.277  3221015.095
2022  62  25787 GPS  -2267821.061  5009380.460  3221013.765
2022  62  25788 GPS  -2267821.867  5009383.882  3221016.013
2022  62  25789 GPS  -2267822.160  5009384.221  3221016.514
2022  62  25790 GPS  -2267818.195  5009372.427  3221003.536
2022  62  25791 GPS  -2267817.543  5009370.767  3221001.406
2022  62  25792 GPS  -2267819.836  5009377.913  3221009.296
2022  62  25793 GPS  -2267824.210  5009389.118  3221023.241
2022  62  25794 GPS  -2267825.145  5009394.939  3221026.885
2022  62  25795 GPS  -2267824.536  5009392.905  3221024.360
2022  62  25796 GPS  -2267823.399  5009387.357  3221020.100
2022  62  25797 GPS  -2267822.709  5009388.095  3221018.157
2022  62  25798 GPS  -2267822.898  5009388.742  3221018.637
2022  62  25799 GPS  -2267822.171  5009386.413  3221016.115
2022  62  25800 GPS  -2267822.499  5009388.061  3221017.446
2022  62  25801 GPS  -2267823.225  5009388.179  3221019.571
2022  62  25802 GPS  -2267823.204  5009388.911  3221020.002
2022  62  25803 GPS  -2267823.585  5009393.814  3221022.686
2022  62  25804 GPS  -2267822.945  5009389.685  3221020.336
2022  62  25805 GPS  -2267823.248  5009394.460  3221022.859
2022  62  25806 GPS  -2267822.411  5009390.156  3221020.309
2022  62  25807 GPS  -2267822.790  5009394.719  3221022.735
2022  62  25808 GPS  -2267818.048  5009379.942  3221007.972
2022  62  25809 GPS  -2267815.183  5009374.113  3221000.084
2022  62  25810 GPS  -2267815.874  5009377.435  3221003.428
2022  62  25811 GPS  -2267817.836  5009383.959  3221010.509
2022  62  25812 GPS  -2267818.998  5009387.869  3221014.573
2022  62  25813 GPS  -2267817.644  5009384.381  3221010.705
2022  62  25814 GPS  -2267816.071  5009378.478  3221006.156
2022  62  25815 GPS  -2267816.656  5009382.548  3221009.263
2022  62  25816 GPS  -2267816.933  5009381.396  3221010.588
2022  62  25817 GPS  -2267814.572  5009377.485  3221004.494
2022  62  25818 GPS  -2267815.471  5009378.195  3221007.250
2022  62  25819 GPS  -2267815.075  5009381.302  3221010.403
2022  62  25820 GPS  -2267815.573  5009381.552  3221010.317
2022  62  25821 GPS  -2267814.922  5009379.715  3221009.048
2022  62  25822 GPS  -2267814.314  5009378.503  3221008.251
2022  62  25823 GPS  -2267812.232  5009371.415  3221001.985
2022  62  25824 GPS  -2267812.379  5009373.405  3221003.735
2022  62  25825 GPS  -2267812.906  5009375.285  3221006.337
2022  62  25826 GPS  -2267813.486  5009376.753  3221008.694
2022  62  25827 GPS  -2267813.201  5009375.837  3221008.341
2022  62  25828 GPS  -2267812.280  5009373.460  3221006.319
2022  62  25829 GPS  -2267812.482  5009373.974  3221007.169
2022  62  25830 GPS  -2267812.020  5009372.951  3221006.244
2022  62  25831 GPS  -2267812.068  5009372.930  3221006.568
2022  62  25832 GPS  -2267812.023  5009373.428  3221007.489
2022  62  25833 GPS  -2267812.650  5009375.399  3221009.110
2022  62  25834 GPS  -2267812.928  5009376.176  3221010.052
2022  62  25835 GPS  -2267813.034  5009375.062  3221010.381
2022  62  25836 GPS  -2267813.576  5009378.704  3221012.893
2022  62  25837 GPS  -2267813.800  5009379.858  3221013.714
2022  62  25838 GPS  -2267813.734  5009379.884  3221013.809
2022  62  25839 GPS  -2267813.765  5009380.302  3221014.015
2022  62  25840 GPS  -2267813.686  5009380.625  3221014.204
2022  62  25841 GPS  -2267813.498  5009377.827  3221013.186
2022  62  25842 GPS  -2267813.452  5009378.034  3221013.350
2022  62  25843 GPS  -2267813.460  5009378.378  3221013.691
2022  62  25844 GPS  -2267813.756  5009382.191  3221016.002
2022  62  25845 GPS  -2267813.805  5009382.849  3221016.708
2022  62  25846 GPS  -2267813.607  5009382.774  3221016.856
2022  62  25847 GPS  -2267813.740  5009383.245  3221017.586
2022  62  25848 GPS  -2267813.704  5009383.532  3221018.099
2022  62  25849 GPS  -2267813.226  5009380.110  3221016.613
2022  62  25850 GPS  -2267813.387  5009383.793  3221018.628
2022  62  25851 GPS  -2267812.736  5009379.816  3221016.864
2022  62  25852 GPS  -2267813.063  5009383.352  3221018.819
2022  62  25853 GPS  -2267812.536  5009379.786  3221017.415
2022  62  25854 GPS  -2267812.723  5009383.206  3221019.210
2022  62  25855 GPS  -2267812.732  5009382.913  3221019.460
2022  62  25856 GPS  -2267812.242  5009379.036  3221017.783
2022  62  25857 GPS  -2267812.175  5009378.752  3221017.727
2022  62  25858 GPS  -2267812.553  5009382.404  3221019.885
2022  62  25859 GPS  -2267812.279  5009379.660  3221018.744
2022  62  25860 GPS  -2267812.639  5009382.893  3221020.625
2022  62  25861 GPS  -2267812.723  5009382.927  3221020.843
2022  62  25862 GPS  -2267812.614  5009382.678  3221020.939
2022  62  25863 GPS  -2267812.543  5009382.447  3221020.798
2022  62  25864 GPS  -2267812.361  5009382.316  3221020.784
2022  62  25865 GPS  -2267812.017  5009378.881  3221019.094
2022  62  25866 GPS  -2267812.316  5009382.289  3221020.755
2022  62  25867 GPS  -2267812.260  5009382.022  3221020.565
2022  62  25868 GPS  -2267811.765  5009377.838  3221018.397
2022  62  25869 GPS  -2267812.219  5009380.916  3221019.853
2022  62  25870 GPS  -2267812.364  5009380.682  3221019.878
2022  62  25871 GPS  -2267812.361  5009380.088  3221019.609
2022  62  25872 GPS  -2267812.394  5009379.791  3221019.195
2022  62  25873 GPS  -2267812.219  5009379.115  3221018.677
2022  62  25874 GPS  -2267812.107  5009378.224  3221018.030
2022  62  25875 GPS  -2267811.783  5009374.199  3221015.820
2022  62  25876 GPS  -2267811.986  5009377.423  3221017.188
2022  62  25877 GPS  -2267811.764  5009376.919  3221016.463
2022  62  25878 GPS  -2267811.637  5009376.693  3221016.231
2022  62  25879 GPS  -2267811.460  5009376.185  3221015.821
2022  62  25880 GPS  -2267811.238  5009375.802  3221015.278
2022  62  25881 GPS  -2267811.076  5009375.630  3221014.908
2022  62  25882 GPS  -2267811.028  5009375.640  3221014.697
2022  62  25883 GPS  -2267810.571  5009375.214  3221014.277
2022  62  25884 GPS  -2267810.015  5009374.739  3221013.773
2022  62  25885 GPS  -2267809.372  5009371.710  3221012.189
2022  62  25886 GPS  -2267809.244  5009374.257  3221013.299
2022  62  25887 GPS  -2267809.082  5009374.091  3221013.212
2022  62  25888 GPS  -2267808.642  5009373.699  3221012.795
2022  62  25889 GPS  -2267808.152  5009372.947  3221012.226
2022  62  25890 GPS  -2267807.820  5009372.817  3221011.988
2022  62  25891 GPS  -2267807.420  5009370.443  3221010.698
2022  62  25892 GPS  -2267807.373  5009372.293  3221011.651
2022  62  25893 GPS  -2267807.102  5009372.029  3221011.446
2022  62  25894 GPS  -2267806.759  5009371.297  3221011.009
2022  62  25895 GPS  -2267806.435  5009370.623  3221010.863
2022  62  25896 GPS  -2267806.114  5009368.483  3221009.856
2022  62  25897 GPS  -2267806.060  5009369.718  3221010.704
2022  62  25898 GPS  -2267805.578  5009367.075  3221009.607
2022  62  25899 GPS  -2267805.519  5009366.964  3221009.740
2022  62  25900 GPS  -2267805.590  5009368.606  3221010.874
2022  62  25901 GPS  -2267806.951  5009372.135  3221015.307
2022  62  25902 GPS  -2267806.858  5009371.958  3221015.337
2022  62  25903 GPS  -2267806.740  5009371.545  3221015.249
2022  62  25904 GPS  -2267806.653  5009371.065  3221015.219
2022  62  25905 GPS  -2267806.297  5009368.016  3221013.565
2022  62  25906 GPS  -2267806.681  5009370.848  3221015.272
2022  62  25907 GPS  -2267806.801  5009370.898  3221015.432
2022  62  25908 GPS  -2267806.498  5009368.107  3221013.886
2022  62  25909 GPS  -2267808.460  5009375.594  3221020.295
2022  62  25910 GPS  -2267807.158  5009371.984  3221015.905
2022  62  25911 GPS  -2267804.983  5009365.478  3221008.622
2022  62  25912 GPS  -2267804.603  5009364.281  3221007.147
2022  62  25913 GPS  -2267804.720  5009364.531  3221007.505
2022  62  25914 GPS  -2267804.178  5009361.528  3221005.235
2022  62  25915 GPS  -2267803.329  5009359.855  3221002.265
2022  62  25916 GPS  -2267803.043  5009358.836  3221001.158
2022  62  25917 GPS  -2267802.571  5009357.642  3220999.678
2022  62  25918 GPS  -2267802.785  5009357.892  3221000.371
2022  62  25919 GPS  -2267802.672  5009356.940  3220999.655
2022  62  25920 GPS  -2267802.360  5009355.328  3220998.392
2022  62  25921 GPS  -2267802.659  5009355.881  3220999.384
2022  62  25922 GPS  -2267803.740  5009358.544  3221002.799
2022  62  25923 GPS  -2267802.425  5009354.458  3220998.381
2022  62  25924 GPS  -2267802.281  5009354.046  3220998.146
2022  62  25925 GPS  -2267802.154  5009352.571  3220997.566
2022  62  25926 GPS  -2267802.856  5009354.230  3220999.742
2022  62  25927 GPS  -2267802.766  5009354.300  3220999.551
2022  62  25928 GPS  -2267802.048  5009352.143  3220997.540
2022  62  25929 GPS  -2267801.930  5009351.652  3220997.086
2022  62  25930 GPS  -2267801.791  5009351.449  3220996.639
2022  62  25931 GPS  -2267801.479  5009350.558  3220995.513
2022  62  25932 GPS  -2267801.266  5009350.261  3220994.817
2022  62  25933 GPS  -2267801.153  5009349.951  3220993.968
2022  62  25934 GPS  -2267800.964  5009350.023  3220993.328
2022  62  25935 GPS  -2267801.350  5009349.737  3220993.629
2022  62  25936 GPS  -2267801.385  5009350.878  3220993.664
2022  62  25937 GPS  -2267801.098  5009350.035  3220992.761
2022  62  25938 GPS  -2267801.285  5009350.316  3220992.746
2022  62  25939 GPS  -2267801.249  5009350.128  3220992.348
2022  62  25940 GPS  -2267801.500  5009350.348  3220992.413
2022  62  25941 GPS  -2267801.684  5009350.621  3220992.726
2022  62  25942 GPS  -2267801.627  5009350.417  3220992.788
2022  62  25943 GPS  -2267801.607  5009350.246  3220992.811
2022  62  25944 GPS  -2267801.564  5009349.900  3220992.521
2022  62  25945 GPS  -2267801.679  5009349.543  3220992.484
2022  62  25946 GPS  -2267801.739  5009349.519  3220992.475
2022  62  25947 GPS  -2267801.749  5009349.444  3220992.606
2022  62  25948 GPS  -2267801.656  5009348.856  3220992.501
2022  62  25949 GPS  -2267801.459  5009348.539  3220992.313
2022  62  25950 GPS  -2267801.160  5009348.219  3220991.889
2022  62  25951 GPS  -2267800.856  5009348.110  3220991.797
2022  62  25952 GPS  -2267800.623  5009348.276  3220991.938
2022  62  25953 GPS  -2267800.166  5009348.082  3220991.559
2022  62  25954 GPS  -2267799.989  5009348.424  3220991.817
2022  62  25955 GPS  -2267799.780  5009348.485  3220991.772
2022  62  25956 GPS  -2267799.533  5009348.352  3220991.819
2022  62  25957 GPS  -2267799.268  5009348.431  3220991.818
2022  62  25958 GPS  -2267798.903  5009348.112  3220991.484
2022  62  25959 GPS  -2267798.453  5009347.999  3220991.337
2022  62  25960 GPS  -2267798.462  5009349.923  3220992.328
2022  62  25961 GPS  -2267798.331  5009349.256  3220992.136
2022  62  25962 GPS  -2267798.203  5009350.921  3220992.924
2022  62  25963 GPS  -2267798.115  5009351.533  3220993.527
2022  62  25964 GPS  -2267798.007  5009352.203  3220993.977
2022  62  25965 GPS  -2267798.859  5009353.935  3220995.038
2022  62  25966 GPS  -2267797.944  5009353.403  3220994.711
2022  62  25967 GPS  -2267797.952  5009352.534  3220994.395
2022  62  25968 GPS  -2267798.344  5009354.585  3220995.537
2022  62  25969 GPS  -2267798.291  5009355.137  3220995.714
2022  62  25970 GPS  -2267798.591  5009356.006  3220996.361
2022  62  25971 GPS  -2267798.882  5009356.447  3220996.772
2022  62  25972 GPS  -2267799.064  5009356.972  3220997.171
2022  62  25973 GPS  -2267799.262  5009357.631  3220997.755
2022  62  25974 GPS  -2267799.596  5009358.215  3220998.391
2022  62  25975 GPS  -2267799.689  5009358.337  3220998.613
2022  62  25976 GPS  -2267800.051  5009358.878  3220999.124
2022  62  25977 GPS  -2267800.155  5009359.342  3220999.322
2022  62  25978 GPS  -2267800.283  5009358.126  3220998.901
2022  62  25979 GPS  -2267800.681  5009360.644  3221000.226
2022  62  25980 GPS  -2267801.007  5009361.501  3221000.778
2022  62  25981 GPS  -2267801.144  5009361.901  3221000.824
2022  62  25982 GPS  -2267801.407  5009362.815  3221001.121
2022  62  25983 GPS  -2267801.827  5009363.871  3221001.672
2022  62  25984 GPS  -2267802.037  5009364.625  3221002.020
2022  62  25985 GPS  -2267802.268  5009365.314  3221002.560
2022  62  25986 GPS  -2267802.279  5009365.741  3221003.015
2022  62  25987 GPS  -2267801.763  5009363.783  3221001.738
2022  62  25988 GPS  -2267801.527  5009363.789  3221001.676
2022  62  25989 GPS  -2267801.697  5009366.230  3221002.872
2022  62  25990 GPS  -2267801.506  5009366.314  3221002.801
2022  62  25991 GPS  -2267801.458  5009366.174  3221002.743
2022  62  25992 GPS  -2267801.384  5009366.244  3221002.815
2022  62  25993 GPS  -2267801.307  5009365.752  3221002.631
2022  62  25994 GPS  -2267801.373  5009365.971  3221002.647
2022  62  25995 GPS  -2267801.110  5009364.246  3221001.806
2022  62  25996 GPS  -2267801.386  5009365.865  3221002.808
2022  62  25997 GPS  -2267801.439  5009365.530  3221002.793
2022  62  25998 GPS  -2267801.331  5009364.703  3221002.453
2022  62  25999 GPS  -2267801.634  5009364.632  3221002.559
2022  62  26000 GPS  -2267801.308  5009361.977  3221001.157
2022  62  26001 GPS  -2267801.523  5009363.934  3221002.181
2022  62  26002 GPS  -2267801.496  5009363.509  3221001.985
2022  62  26003 GPS  -2267801.529  5009363.256  3221001.808
2022  62  26004 GPS  -2267801.495  5009363.060  3221001.666
2022  62  26005 GPS  -2267801.673  5009363.064  3221001.930
2022  62  26006 GPS  -2267801.735  5009363.208  3221002.159
2022  62  26007 GPS  -2267801.964  5009363.036  3221002.065
2022  62  26008 GPS  -2267802.375  5009363.404  3221002.206
2022  62  26009 GPS  -2267802.665  5009363.594  3221002.113
2022  62  26010 GPS  -2267802.561  5009361.435  3221000.841
2022  62  26011 GPS  -2267803.208  5009363.459  3221001.923
2022  62  26012 GPS  -2267803.496  5009363.453  3221001.902
2022  62  26013 GPS  -2267803.895  5009363.471  3221001.978
2022  62  26014 GPS  -2267804.171  5009363.661  3221001.991
2022  62  26015 GPS  -2267804.380  5009363.646  3221001.986
2022  62  26016 GPS  -2267804.581  5009363.864  3221002.086
2022  62  26017 GPS  -2267804.311  5009363.655  3221001.878
2022  62  26018 GPS  -2267805.063  5009364.710  3221002.682
2022  62  26019 GPS  -2267805.349  5009364.415  3221002.817
2022  62  26020 GPS  -2267805.752  5009364.652  3221003.120
2022  62  26021 GPS  -2267806.075  5009364.871  3221003.290
2022  62  26022 GPS  -2267806.196  5009364.848  3221003.281
2022  62  26023 GPS  -2267806.455  5009365.064  3221003.587
2022  62  26024 GPS  -2267806.400  5009364.860  3221003.600
2022  62  26025 GPS  -2267806.489  5009365.185  3221004.002
2022  62  26026 GPS  -2267806.464  5009365.422  3221004.170
2022  62  26027 GPS  -2267806.597  5009365.656  3221004.583
2022  62  26028 GPS  -2267806.667  5009366.090  3221005.005
2022  62  26029 GPS  -2267806.663  5009366.683  3221005.454
2022  62  26030 GPS  -2267807.053  5009367.228  3221006.142
2022  62  26031 GPS  -2267810.230  5009376.428  3221016.629
2022  62  26032 GPS  -2267810.355  5009376.757  3221016.699
2022  62  26033 GPS  -2267810.382  5009376.918  3221016.772
2022  62  26034 GPS  -2267810.573  5009377.141  3221016.924
2022  62  26035 GPS  -2267810.501  5009377.424  3221016.877
2022  62  26036 GPS  -2267810.479  5009377.585  3221016.878
2022  62  26037 GPS  -2267810.452  5009377.521  3221016.750
2022  62  26038 GPS  -2267811.821  5009381.042  3221020.808
2022  62  26039 GPS  -2267812.544  5009382.870  3221023.112
2022  62  26040 GPS  -2267811.818  5009380.415  3221020.252
2022  62  26041 GPS  -2267809.531  5009372.105  3221012.124
2022  62  26042 GPS  -2267808.502  5009370.486  3221008.790
2022  62  26043 GPS  -2267809.002  5009371.600  3221010.087
2022  62  26044 GPS  -2267809.613  5009372.714  3221011.639
2022  62  26045 GPS  -2267810.142  5009373.282  3221012.602
2022  62  26046 GPS  -2267810.467  5009373.232  3221013.158
2022  62  26047 GPS  -2267810.655  5009372.836  3221013.137
2022  62  26048 GPS  -2267809.066  5009368.261  3221007.935
2022  62  26049 GPS  -2267808.281  5009365.726  3221005.213
2022  62  26050 GPS  -2267808.061  5009363.737  3221004.321
2022  62  26051 GPS  -2267809.043  5009365.910  3221007.384
2022  62  26052 GPS  -2267809.956  5009369.136  3221010.133
2022  62  26053 GPS  -2267810.390  5009370.174  3221011.402
2022  62  26054 GPS  -2267810.009  5009368.506  3221010.295
2022  62  26055 GPS  -2267810.196  5009369.798  3221010.824
2022  62  26056 GPS  -2267809.408  5009368.631  3221009.857
2022  62  26057 GPS  -2267809.527  5009368.571  3221009.353
2022  62  26058 GPS  -2267810.295  5009370.409  3221011.408
2022  62  26059 GPS  -2267810.296  5009370.768  3221011.850
2022  62  26060 GPS  -2267810.044  5009368.669  3221010.449
2022  62  26061 GPS  -2267809.824  5009368.189  3221009.607
2022  62  26062 GPS  -2267809.693  5009368.400  3221009.333
2022  62  26063 GPS  -2267810.456  5009372.253  3221011.581
2022  62  26064 GPS  -2267810.811  5009373.368  3221012.807
2022  62  26065 GPS  -2267810.663  5009371.284  3221011.898
2022  62  26066 GPS  -2267810.782  5009371.400  3221011.922
2022  62  26067 GPS  -2267810.975  5009371.603  3221012.060
2022  62  26068 GPS  -2267810.916  5009371.632  3221011.934
2022  62  26069 GPS  -2267811.096  5009372.112  3221012.349
2022  62  26070 GPS  -2267811.180  5009372.672  3221012.757
2022  62  26071 GPS  -2267810.873  5009372.880  3221012.938
2022  62  26072 GPS  -2267811.619  5009374.277  3221013.900
2022  62  26073 GPS  -2267811.851  5009374.971  3221014.490
2022  62  26074 GPS  -2267812.227  5009375.430  3221014.964
2022  62  26075 GPS  -2267812.551  5009376.279  3221015.612
2022  62  26076 GPS  -2267813.628  5009380.950  3221018.624
2022  62  26077 GPS  -2267813.945  5009381.582  3221019.293
2022  62  26078 GPS  -2267814.202  5009382.315  3221019.885
2022  62  26079 GPS  -2267814.506  5009382.891  3221020.374
2022  62  26080 GPS  -2267814.699  5009383.868  3221020.883
2022  62  26081 GPS  -2267812.430  5009377.578  3221013.263
2022  62  26082 GPS  -2267812.583  5009377.985  3221013.339
2022  62  26083 GPS  -2267812.988  5009378.791  3221013.685
2022  62  26084 GPS  -2267813.292  5009379.406  3221013.879
2022  62  26085 GPS  -2267813.624  5009380.234  3221014.135
2022  62  26086 GPS  -2267813.952  5009380.851  3221014.534
2022  62  26087 GPS  -2267814.277  5009381.513  3221014.738
2022  62  26088 GPS  -2267814.629  5009382.085  3221014.947
2022  62  26089 GPS  -2267837.424  5009444.763  3221087.401
2022  62  26090 GPS  -2267829.879  5009423.498  3221062.612
2022  62  26091 GPS  -2267825.919  5009411.958  3221049.257
2022  62  26092 GPS  -2267821.412  5009399.488  3221034.631
2022  62  26093 GPS  -2267822.501  5009402.277  3221037.509
2022  62  26094 GPS  -2267822.637  5009402.403  3221037.526
2022  62  26095 GPS  -2267823.052  5009403.195  3221038.436
2022  62  26096 GPS  -2267823.672  5009405.136  3221040.607
2022  62  26097 GPS  -2267823.827  5009405.568  3221041.318
2022  62  26098 GPS  -2267823.867  5009405.499  3221041.224
2022  62  26099 GPS  -2267821.506  5009396.597  3221033.645
2022  62  26100 GPS  -2267822.366  5009401.851  3221037.133
2022  62  26101 GPS  -2267822.171  5009401.302  3221036.606
2022  62  26102 GPS  -2267821.787  5009400.506  3221035.744
2022  62  26103 GPS  -2267820.851  5009394.856  3221032.284
2022  62  26104 GPS  -2267821.388  5009399.132  3221034.587
2022  62  26105 GPS  -2267821.609  5009400.025  3221035.884
2022  62  26106 GPS  -2267821.439  5009399.405  3221035.486
2022  62  26107 GPS  -2267821.384  5009399.274  3221035.170
2022  62  26108 GPS  -2267820.559  5009396.807  3221032.513
2022  62  26109 GPS  -2267818.891  5009392.667  3221027.555
2022  62  26110 GPS  -2267817.469  5009386.872  3221022.970
2022  62  26111 GPS  -2267816.760  5009385.387  3221021.311
2022  62  26112 GPS  -2267817.106  5009388.871  3221023.139
2022  62  26113 GPS  -2267816.950  5009388.775  3221022.911
2022  62  26114 GPS  -2267815.841  5009383.759  3221019.600
2022  62  26115 GPS  -2267815.785  5009386.122  3221020.216
2022  62  26116 GPS  -2267815.706  5009385.903  3221020.100
2022  62  26117 GPS  -2267815.567  5009385.628  3221019.741
2022  62  26118 GPS  -2267815.755  5009385.756  3221019.966
2022  62  26119 GPS  -2267816.173  5009386.272  3221020.512
2022  62  26120 GPS  -2267816.580  5009386.676  3221020.862
2022  62  26121 GPS  -2267816.694  5009386.540  3221020.866
2022  62  26122 GPS  -2267817.019  5009386.872  3221021.140
2022  62  26123 GPS  -2267816.743  5009383.519  3221019.128
2022  62  26124 GPS  -2267817.506  5009386.617  3221020.865
2022  62  26125 GPS  -2267817.795  5009386.816  3221020.931
2022  62  26126 GPS  -2267817.974  5009386.724  3221021.095
2022  62  26127 GPS  -2267818.225  5009386.859  3221021.000
2022  62  26128 GPS  -2267818.540  5009386.946  3221021.192
2022  62  26129 GPS  -2267818.836  5009386.967  3221021.187
2022  62  26130 GPS  -2267819.159  5009387.126  3221021.494
2022  62  26131 GPS  -2267819.595  5009387.619  3221021.959
2022  62  26132 GPS  -2267820.021  5009387.993  3221022.288
2022  62  26133 GPS  -2267820.481  5009388.535  3221022.189
2022  62  26134 GPS  -2267820.709  5009388.492  3221022.132
2022  62  26135 GPS  -2267821.040  5009388.983  3221022.476
2022  62  26136 GPS  -2267821.313  5009389.113  3221022.497
2022  62  26137 GPS  -2267821.682  5009389.415  3221022.922
2022  62  26138 GPS  -2267821.915  5009389.490  3221023.216
2022  62  26139 GPS  -2267822.144  5009389.132  3221023.409
2022  62  26140 GPS  -2267819.391  5009385.263  3221021.283
2022  62  26141 GPS  -2267822.137  5009388.186  3221023.390
2022  62  26142 GPS  -2267822.139  5009387.911  3221023.545
2022  62  26143 GPS  -2267821.974  5009387.181  3221023.153
2022  62  26144 GPS  -2267821.911  5009386.864  3221023.057
2022  62  26145 GPS  -2267821.777  5009386.391  3221023.037
2022  62  26146 GPS  -2267821.749  5009386.134  3221023.184
2022  62  26147 GPS  -2267821.755  5009386.356  3221023.721
2022  62  26148 GPS  -2267821.774  5009386.649  3221024.138
2022  62  26149 GPS  -2267820.487  5009384.804  3221023.444
2022  62  26150 GPS  -2267821.364  5009385.984  3221024.277
2022  62  26151 GPS  -2267818.568  5009378.916  3221016.329
2022  62  26152 GPS  -2267818.387  5009379.205  3221016.726
2022  62  26153 GPS  -2267818.264  5009379.217  3221016.964
2022  62  26154 GPS  -2267818.216  5009379.282  3221017.165
2022  62  26155 GPS  -2267818.293  5009379.771  3221017.589
2022  62  26156 GPS  -2267818.170  5009379.895  3221017.596
2022  62  26157 GPS  -2267828.446  5009408.853  3221051.431
2022  62  26158 GPS  -2267824.290  5009398.036  3221038.580
2022  62  26159 GPS  -2267821.300  5009394.466  3221035.899
2022  62  26160 GPS  -2267819.276  5009383.835  3221022.638
2022  62  26161 GPS  -2267819.146  5009384.196  3221022.544
2022  62  26162 GPS  -2267819.054  5009383.786  3221021.930
2022  62  26163 GPS  -2267818.005  5009382.307  3221018.582
2022  62  26164 GPS  -2267816.881  5009379.412  3221016.834
2022  62  26165 GPS  -2267817.975  5009382.858  3221019.063
2022  62  26166 GPS  -2267818.231  5009383.063  3221019.575
2022  62  26167 GPS  -2267818.507  5009383.968  3221020.754
2022  62  26168 GPS  -2267818.327  5009383.439  3221019.878
2022  62  26169 GPS  -2267817.901  5009382.392  3221018.641
2022  62  26170 GPS  -2267819.022  5009385.291  3221022.514
2022  62  26171 GPS  -2267819.108  5009385.166  3221022.536
2022  62  26172 GPS  -2267819.142  5009385.466  3221022.707
2022  62  26173 GPS  -2267816.233  5009379.262  3221018.753
2022  62  26174 GPS  -2267819.110  5009385.800  3221022.921
2022  62  26175 GPS  -2267819.183  5009386.340  3221023.218
2022  62  26176 GPS  -2267816.978  5009383.851  3221021.406
2022  62  26177 GPS  -2267818.387  5009383.597  3221021.061
2022  62  26178 GPS  -2267818.907  5009387.263  3221023.165
2022  62  26179 GPS  -2267818.312  5009384.311  3221021.065
2022  62  26180 GPS  -2267818.891  5009387.599  3221022.932
2022  62  26181 GPS  -2267837.005  5009437.453  3221081.422
2022  62  26182 GPS  -2267825.603  5009406.189  3221044.420
2022  62  26183 GPS  -2267822.259  5009396.545  3221033.429
2022  62  26184 GPS  -2267820.874  5009392.600  3221028.928
2022  62  26185 GPS  -2267819.329  5009387.908  3221023.667
2022  62  26186 GPS  -2267819.550  5009387.716  3221023.756
2022  62  26187 GPS  -2267819.990  5009388.717  3221025.134
2022  62  26188 GPS  -2267818.982  5009386.058  3221022.192
2022  62  26189 GPS  -2267817.969  5009383.286  3221019.009
2022  62  26190 GPS  -2267818.308  5009384.185  3221020.287
2022  62  26191 GPS  -2267820.264  5009388.995  3221026.354
2022  62  26192 GPS  -2267819.444  5009387.054  3221024.139
2022  62  26193 GPS  -2267819.267  5009386.638  3221023.711
2022  62  26194 GPS  -2267820.967  5009391.238  3221029.233
2022  62  26195 GPS  -2267820.922  5009389.668  3221029.631
2022  62  26196 GPS  -2267821.298  5009390.986  3221031.234
2022  62  26197 GPS  -2267820.888  5009392.855  3221031.017
2022  62  26198 GPS  -2267821.309  5009394.355  3221032.811
2022  62  26199 GPS  -2267822.049  5009397.127  3221035.816
2022  62  26200 GPS  -2267822.014  5009397.741  3221036.479
2022  62  26201 GPS  -2267821.673  5009398.050  3221036.579
2022  62  26202 GPS  -2267822.156  5009400.609  3221039.252
2022  62  26203 GPS  -2267821.496  5009400.263  3221038.512
2022  62  26204 GPS  -2267820.799  5009399.122  3221037.276
2022  62  26205 GPS  -2267820.426  5009399.778  3221037.752
2022  62  26206 GPS  -2267819.937  5009399.785  3221037.362
2022  62  26207 GPS  -2267819.237  5009398.981  3221036.399
2022  62  26208 GPS  -2267818.575  5009398.098  3221034.969
2022  62  26209 GPS  -2267818.130  5009397.847  3221034.189
2022  62  26210 GPS  -2267815.789  5009395.393  3221032.131
2022  62  26211 GPS  -2267816.395  5009393.100  3221030.752
2022  62  26212 GPS  -2267815.928  5009392.775  3221030.190
2022  62  26213 GPS  -2267816.036  5009396.465  3221031.557
2022  62  26214 GPS  -2267815.644  5009396.336  3221031.160
2022  62  26215 GPS  -2267815.426  5009396.255  3221030.976
2022  62  26216 GPS  -2267815.179  5009395.962  3221030.670
2022  62  26217 GPS  -2267815.324  5009396.537  3221031.052
2022  62  26218 GPS  -2267815.259  5009396.652  3221031.200
2022  62  26219 GPS  -2267815.033  5009396.015  3221030.672
2022  62  26220 GPS  -2267814.713  5009395.584  3221030.109
2022  62  26221 GPS  -2267814.862  5009395.465  3221029.785
2022  62  26222 GPS  -2267815.110  5009395.659  3221030.085
2022  62  26223 GPS  -2267815.198  5009395.370  3221029.432
2022  62  26224 GPS  -2267815.263  5009395.186  3221029.147
2022  62  26225 GPS  -2267814.794  5009391.645  3221027.172
2022  62  26226 GPS  -2267815.442  5009395.595  3221029.406
2022  62  26227 GPS  -2267815.500  5009395.438  3221029.224
2022  62  26228 GPS  -2267815.466  5009395.394  3221029.054
2022  62  26229 GPS  -2267815.449  5009395.449  3221028.970
2022  62  26230 GPS  -2267815.321  5009395.317  3221028.808
2022  62  26231 GPS  -2267815.294  5009395.191  3221028.597
2022  62  26232 GPS  -2267814.322  5009390.441  3221025.823
2022  62  26233 GPS  -2267814.721  5009394.450  3221027.958
2022  62  26234 GPS  -2267813.818  5009389.905  3221025.286
2022  62  26235 GPS  -2267813.907  5009393.521  3221027.006
2022  62  26236 GPS  -2267812.748  5009388.385  3221024.202
2022  62  26237 GPS  -2267812.891  5009392.345  3221026.422
2022  62  26238 GPS  -2267811.643  5009387.221  3221023.371
2022  62  26239 GPS  -2267812.142  5009391.151  3221025.746
2022  62  26240 GPS  -2267811.576  5009390.358  3221025.388
2022  62  26241 GPS  -2267811.209  5009390.052  3221025.231
2022  62  26242 GPS  -2267809.750  5009388.247  3221024.223
2022  62  26243 GPS  -2267810.368  5009388.888  3221024.671
2022  62  26244 GPS  -2267810.055  5009388.478  3221024.352
2022  62  26245 GPS  -2267809.618  5009387.562  3221023.693
2022  62  26246 GPS  -2267809.318  5009387.262  3221023.340
2022  62  26247 GPS  -2267808.530  5009383.236  3221020.882
2022  62  26248 GPS  -2267809.038  5009387.180  3221023.007
2022  62  26249 GPS  -2267808.724  5009386.695  3221022.498
2022  62  26250 GPS  -2267808.688  5009386.623  3221022.230
2022  62  26251 GPS  -2267808.331  5009383.545  3221020.026
2022  62  26252 GPS  -2267808.184  5009383.585  3221019.766
2022  62  26253 GPS  -2267808.892  5009387.565  3221021.793
2022  62  26254 GPS  -2267808.882  5009387.603  3221021.617
2022  62  26255 GPS  -2267808.855  5009387.580  3221021.217
2022  62  26256 GPS  -2267808.901  5009387.451  3221020.879
2022  62  26257 GPS  -2267808.868  5009387.432  3221020.435
2022  62  26258 GPS  -2267808.616  5009384.262  3221018.299
2022  62  26259 GPS  -2267809.097  5009387.499  3221019.958
2022  62  26260 GPS  -2267809.353  5009387.755  3221019.911
2022  62  26261 GPS  -2267809.713  5009387.806  3221019.745
2022  62  26262 GPS  -2267809.439  5009384.776  3221017.821
2022  62  26263 GPS  -2267810.232  5009388.119  3221020.007
2022  62  26264 GPS  -2267810.558  5009388.388  3221020.183
2022  62  26265 GPS  -2267810.812  5009388.479  3221020.317
2022  62  26266 GPS  -2267810.402  5009384.953  3221018.204
2022  62  26267 GPS  -2267810.660  5009384.768  3221018.360
2022  62  26268 GPS  -2267811.172  5009387.783  3221020.191
2022  62  26269 GPS  -2267811.191  5009387.754  3221020.296
2022  62  26270 GPS  -2267811.144  5009387.579  3221020.495
2022  62  26271 GPS  -2267810.647  5009384.639  3221019.022
2022  62  26272 GPS  -2267810.933  5009387.713  3221020.929
2022  62  26273 GPS  -2267810.299  5009384.834  3221019.238
2022  62  26274 GPS  -2267810.693  5009388.133  3221021.315
2022  62  26275 GPS  -2267810.660  5009388.671  3221021.736
2022  62  26276 GPS  -2267810.668  5009389.100  3221021.947
2022  62  26277 GPS  -2267810.622  5009389.128  3221021.903
2022  62  26278 GPS  -2267809.987  5009388.583  3221021.651
2022  62  26279 GPS  -2267810.477  5009389.517  3221022.366
2022  62  26280 GPS  -2267810.616  5009389.760  3221022.700
2022  62  26281 GPS  -2267810.660  5009390.134  3221023.099
2022  62  26282 GPS  -2267810.612  5009390.470  3221023.357
2022  62  26283 GPS  -2267810.538  5009390.491  3221023.304
2022  62  26284 GPS  -2267810.544  5009390.413  3221023.153
2022  62  26285 GPS  -2267810.657  5009390.527  3221023.219
2022  62  26286 GPS  -2267810.698  5009390.373  3221023.254
2022  62  26287 GPS  -2267810.835  5009390.400  3221023.283
2022  62  26288 GPS  -2267810.814  5009390.384  3221023.249
2022  62  26289 GPS  -2267810.981  5009390.552  3221023.387
2022  62  26290 GPS  -2267809.973  5009389.211  3221022.542
2022  62  26291 GPS  -2267810.286  5009388.365  3221020.937
2022  62  26418 GPS  -2267815.267  5009377.256  3221027.198
2022  62  26419 GPS  -2267814.665  5009375.500  3221024.780
2022  62  26420 GPS  -2267814.183  5009374.042  3221022.932
2022  62  26421 GPS  -2267815.096  5009376.751  3221026.204
2022  62  26422 GPS  -2267815.606  5009378.268  3221027.832
2022  62  26423 GPS  -2267815.878  5009379.081  3221028.796
2022  62  26424 GPS  -2267814.855  5009375.882  3221025.180
2022  62  26425 GPS  -2267815.418  5009377.390  3221026.964
2022  62  26426 GPS  -2267814.485  5009374.285  3221023.518
2022  62  26427 GPS  -2267814.456  5009374.137  3221023.481
2022  62  26428 GPS  -2267814.291  5009373.978  3221023.482
2022  62  26429 GPS  -2267814.135  5009373.664  3221023.265
2022  62  26430 GPS  -2267813.786  5009373.308  3221024.043
2022  62  26431 GPS  -2267813.995  5009372.822  3221023.061
2022  62  26432 GPS  -2267813.676  5009371.828  3221022.021
2022  62  26433 GPS  -2267813.574  5009371.699  3221021.996
2022  62  26434 GPS  -2267813.407  5009371.143  3221021.590
2022  62  26435 GPS  -2267813.170  5009370.336  3221020.435
2022  62  26436 GPS  -2267812.975  5009369.613  3221019.414
2022  62  26437 GPS  -2267812.891  5009369.437  3221019.151
2022  62  26438 GPS  -2267812.853  5009369.292  3221019.259
2022  62  26439 GPS  -2267812.735  5009367.939  3221018.248
2022  62  26440 GPS  -2267812.715  5009367.666  3221018.027
2022  62  26441 GPS  -2267812.975  5009369.145  3221018.857
2022  62  26442 GPS  -2267813.293  5009369.231  3221018.948
2022  62  26443 GPS  -2267813.407  5009369.154  3221018.658
2022  62  26444 GPS  -2267813.465  5009368.989  3221018.309
2022  62  26445 GPS  -2267813.437  5009368.589  3221018.215
2022  62  26446 GPS  -2267813.450  5009366.990  3221017.187
2022  62  26447 GPS  -2267812.489  5009366.393  3221016.953
2022  62  26448 GPS  -2267813.990  5009367.420  3221017.678
2022  62  26449 GPS  -2267814.170  5009367.101  3221017.607
2022  62  26450 GPS  -2267814.182  5009366.803  3221017.030
2022  62  26451 GPS  -2267816.251  5009371.837  3221023.623
2022  62  26452 GPS  -2267816.294  5009371.567  3221023.484
2022  62  26453 GPS  -2267816.227  5009371.226  3221023.244
2022  62  26454 GPS  -2267816.296  5009370.974  3221023.112
2022  62  26455 GPS  -2267816.394  5009371.308  3221023.110
2022  62  26456 GPS  -2267816.270  5009370.546  3221022.421
2022  62  26457 GPS  -2267815.175  5009367.058  3221017.782
2022  62  26458 GPS  -2267812.829  5009359.700  3221008.429
2022  62  26459 GPS  -2267812.255  5009357.967  3221005.831
2022  62  26460 GPS  -2267812.611  5009358.959  3221006.861
2022  62  26461 GPS  -2267817.252  5009372.546  3221023.458
2022  62  26462 GPS  -2267817.273  5009372.758  3221023.584
2022  62  26463 GPS  -2267817.498  5009373.439  3221023.878
2022  62  26464 GPS  -2267817.761  5009374.037  3221024.257
2022  62  26465 GPS  -2267818.041  5009374.576  3221024.753
2022  62  26466 GPS  -2267818.344  5009375.156  3221025.045
2022  62  26467 GPS  -2267818.304  5009375.214  3221024.618
2022  62  26468 GPS  -2267817.427  5009372.491  3221021.111
2022  62  26469 GPS  -2267818.608  5009375.564  3221024.824
2022  62  26470 GPS  -2267819.293  5009376.123  3221026.655
2022  62  26471 GPS  -2267819.740  5009377.936  3221027.713
2022  62  26472 GPS  -2267818.498  5009373.649  3221022.610
2022  62  26473 GPS  -2267818.262  5009372.545  3221021.405
2022  62  26474 GPS  -2267818.804  5009373.530  3221022.973
2022  62  26475 GPS  -2267820.243  5009377.385  3221028.109
2022  62  26476 GPS  -2267820.931  5009378.768  3221029.948
2022  62  26477 GPS  -2267820.909  5009377.895  3221028.869
2022  62  26478 GPS  -2267821.651  5009379.388  3221031.012
2022  62  26479 GPS  -2267820.508  5009375.543  3221026.311
2022  62  26480 GPS  -2267819.930  5009373.526  3221023.515
2022  62  26481 GPS  -2267821.099  5009376.207  3221027.202
2022  62  26482 GPS  -2267820.431  5009373.693  3221024.010
2022  62  26483 GPS  -2267819.409  5009370.196  3221019.269
2022  62  26484 GPS  -2267822.051  5009377.610  3221028.619
2022  62  26485 GPS  -2267821.434  5009375.591  3221026.326
2022  62  26486 GPS  -2267822.318  5009377.777  3221028.958
2022  62  26487 GPS  -2267823.409  5009380.187  3221032.152
2022  62  26488 GPS  -2267823.611  5009380.218  3221032.172
2022  62  26489 GPS  -2267823.800  5009380.472  3221032.717
2022  62  26490 GPS  -2267824.792  5009383.419  3221036.706
2022  62  26491 GPS  -2267825.261  5009384.671  3221038.830
2022  62  26492 GPS  -2267824.916  5009384.075  3221038.068
2022  62  26493 GPS  -2267824.272  5009382.203  3221035.964
2022  62  26494 GPS  -2267823.838  5009381.355  3221035.309
2022  62  26495 GPS  -2267823.064  5009379.268  3221033.301
2022  62  26496 GPS  -2267822.597  5009377.874  3221031.987
2022  62  26497 GPS  -2267822.076  5009376.551  3221030.904
2022  62  26498 GPS  -2267821.814  5009375.897  3221030.640
2022  62  26499 GPS  -2267821.686  5009375.152  3221030.257
2022  62  26500 GPS  -2267821.378  5009374.148  3221029.651
2022  62  26501 GPS  -2267821.010  5009372.478  3221028.284
2022  62  26502 GPS  -2267821.048  5009372.217  3221028.372
2022  62  26503 GPS  -2267820.802  5009371.184  3221027.485
2022  62  26504 GPS  -2267820.675  5009370.880  3221027.349
2022  62  26505 GPS  -2267820.435  5009370.142  3221026.742
2022  62  26506 GPS  -2267820.380  5009369.723  3221026.629
2022  62  26507 GPS  -2267820.297  5009369.090  3221026.451
2022  62  26508 GPS  -2267820.298  5009369.011  3221026.376
2022  62  26509 GPS  -2267820.127  5009368.611  3221026.115
2022  62  26510 GPS  -2267819.840  5009367.875  3221025.613
2022  62  26511 GPS  -2267819.561  5009365.949  3221024.769
2022  62  26512 GPS  -2267819.496  5009365.598  3221024.117
2022  62  26513 GPS  -2267819.703  5009366.898  3221024.733
2022  62  26514 GPS  -2267819.592  5009367.058  3221024.857
2022  62  26515 GPS  -2267819.499  5009367.128  3221024.935
2022  62  26516 GPS  -2267819.599  5009367.779  3221025.120
2022  62  26517 GPS  -2267819.288  5009367.309  3221024.346
2022  62  26518 GPS  -2267819.130  5009367.199  3221023.801
2022  62  26519 GPS  -2267819.086  5009367.688  3221024.063
2022  62  26520 GPS  -2267818.687  5009367.231  3221023.340
2022  62  26521 GPS  -2267818.421  5009367.192  3221023.245
2022  62  26522 GPS  -2267818.065  5009366.780  3221022.466
2022  62  26523 GPS  -2267817.858  5009367.179  3221022.735
2022  62  26524 GPS  -2267815.678  5009364.957  3221021.325
2022  62  26525 GPS  -2267816.972  5009366.436  3221021.928
2022  62  26526 GPS  -2267816.711  5009366.428  3221021.825
2022  62  26527 GPS  -2267814.736  5009363.955  3221020.000
2022  62  26528 GPS  -2267815.930  5009365.383  3221020.655
2022  62  26529 GPS  -2267815.594  5009364.478  3221019.880
2022  62  26530 GPS  -2267815.359  5009363.974  3221019.455
2022  62  26531 GPS  -2267815.049  5009363.281  3221018.596
2022  62  26532 GPS  -2267814.885  5009362.739  3221018.303
2022  62  26533 GPS  -2267814.544  5009361.860  3221017.606
2022  62  26534 GPS  -2267814.598  5009361.491  3221017.562
2022  62  26535 GPS  -2267814.666  5009360.893  3221017.034
2022  62  26536 GPS  -2267814.567  5009360.312  3221016.493
2022  62  26537 GPS  -2267813.555  5009358.614  3221015.476
2022  62  26538 GPS  -2267814.493  5009359.222  3221015.491
2022  62  26539 GPS  -2267814.429  5009358.699  3221014.747
2022  62  26540 GPS  -2267814.396  5009358.480  3221014.304
2022  62  26541 GPS  -2267813.402  5009356.687  3221012.994
2022  62  26542 GPS  -2267814.321  5009357.469  3221013.138
2022  62  26543 GPS  -2267814.511  5009357.639  3221013.094
2022  62  26544 GPS  -2267814.408  5009356.959  3221012.206
2022  62  26545 GPS  -2267814.352  5009356.524  3221011.638
2022  62  26546 GPS  -2267814.353  5009356.165  3221011.025
2022  62  26547 GPS  -2267814.592  5009356.339  3221010.909
2022  62  26548 GPS  -2267814.822  5009356.296  3221010.774
2022  62  26549 GPS  -2267814.759  5009355.983  3221009.941
2022  62  26550 GPS  -2267814.607  5009355.325  3221009.524
2022  62  26551 GPS  -2267814.546  5009354.775  3221009.000
2022  62  26552 GPS  -2267814.425  5009353.637  3221008.428
2022  62  26553 GPS  -2267813.483  5009353.297  3221008.469
2022  62  26554 GPS  -2267814.709  5009354.741  3221009.220
2022  62  26555 GPS  -2267813.860  5009353.408  3221008.394
2022  62  26556 GPS  -2267814.728  5009354.526  3221008.972
2022  62  26557 GPS  -2267814.858  5009354.815  3221008.992
2022  62  26558 GPS  -2267814.860  5009354.619  3221008.980
2022  62  26559 GPS  -2267814.661  5009354.294  3221008.640
2022  62  26560 GPS  -2267814.769  5009354.643  3221008.888
2022  62  26561 GPS  -2267813.320  5009353.286  3221008.291
2022  62  26562 GPS  -2267813.580  5009354.234  3221009.213
2022  62  26563 GPS  -2267815.086  5009355.651  3221009.847
2022  62  26564 GPS  -2267814.833  5009355.500  3221009.594
2022  62  26565 GPS  -2267814.768  5009355.755  3221009.697
2022  62  26566 GPS  -2267814.950  5009356.373  3221010.233
2022  62  26567 GPS  -2267815.014  5009356.765  3221010.319
2022  62  26568 GPS  -2267814.899  5009356.433  3221010.130
2022  62  26569 GPS  -2267814.979  5009356.591  3221010.153
2022  62  26570 GPS  -2267813.639  5009355.532  3221009.416
2022  62  26571 GPS  -2267814.878  5009357.583  3221010.454
2022  62  26572 GPS  -2267814.110  5009357.201  3221010.160
2022  62  26573 GPS  -2267814.766  5009358.345  3221010.756
2022  62  26574 GPS  -2267814.772  5009358.385  3221010.844
2022  62  26575 GPS  -2267813.977  5009357.366  3221010.355
2022  62  26576 GPS  -2267814.512  5009358.193  3221010.998
2022  62  26577 GPS  -2267813.102  5009357.034  3221010.268
2022  62  26578 GPS  -2267814.140  5009358.485  3221010.964
2022  62  26579 GPS  -2267813.785  5009358.056  3221010.627
2022  62  26580 GPS  -2267813.639  5009358.661  3221010.912
2022  62  26581 GPS  -2267813.193  5009358.323  3221010.626
2022  62  26582 GPS  -2267813.041  5009358.617  3221010.890
2022  62  26583 GPS  -2267812.861  5009358.389  3221010.913
2022  62  26584 GPS  -2267812.737  5009358.404  3221011.063
2022  62  26585 GPS  -2267812.351  5009358.160  3221010.895
2022  62  26586 GPS  -2267811.640  5009357.506  3221010.300
2022  62  26587 GPS  -2267811.699  5009357.577  3221010.125
2022  62  26588 GPS  -2267810.803  5009356.722  3221009.483
2022  62  26589 GPS  -2267810.311  5009355.983  3221009.071
2022  62  26590 GPS  -2267810.153  5009355.516  3221008.891
2022  62  26591 GPS  -2267809.986  5009355.192  3221008.402
2022  62  26592 GPS  -2267809.877  5009354.767  3221007.898
2022  62  26593 GPS  -2267809.897  5009354.812  3221007.774
2022  62  26594 GPS  -2267809.865  5009354.518  3221007.704
2022  62  26595 GPS  -2267809.691  5009353.914  3221007.350
2022  62  26596 GPS  -2267809.731  5009352.942  3221006.639
2022  62  26597 GPS  -2267810.004  5009353.851  3221006.887
2022  62  26598 GPS  -2267810.191  5009353.905  3221006.779
2022  62  26599 GPS  -2267810.143  5009352.793  3221005.904
2022  62  26600 GPS  -2267810.328  5009353.768  3221006.123
2022  62  26601 GPS  -2267810.497  5009353.183  3221005.474
2022  62  26602 GPS  -2267810.594  5009353.549  3221005.448
2022  62  26603 GPS  -2267810.815  5009353.819  3221005.508
2022  62  26604 GPS  -2267810.723  5009354.124  3221005.535
2022  62  26605 GPS  -2267810.854  5009353.629  3221005.351
2022  62  26606 GPS  -2267810.860  5009354.444  3221005.511
2022  62  26607 GPS  -2267810.811  5009354.091  3221005.215
2022  62  26608 GPS  -2267811.068  5009354.272  3221005.388
2022  62  26609 GPS  -2267811.675  5009355.212  3221005.932
2022  62  26610 GPS  -2267811.090  5009354.934  3221005.889
2022  62  26611 GPS  -2267810.952  5009354.917  3221005.787
2022  62  26612 GPS  -2267810.778  5009354.733  3221005.498
2022  62  26613 GPS  -2267810.937  5009355.020  3221005.943
2022  62  26614 GPS  -2267810.780  5009354.734  3221005.817
2022  62  26615 GPS  -2267810.758  5009354.769  3221005.661
2022  62  26616 GPS  -2267810.723  5009354.577  3221005.565
2022  62  26617 GPS  -2267810.635  5009354.479  3221005.737
2022  62  26618 GPS  -2267810.609  5009354.455  3221005.943
2022  62  26619 GPS  -2267810.623  5009354.758  3221006.154
2022  62  26620 GPS  -2267810.581  5009355.192  3221006.395
2022  62  26621 GPS  -2267810.568  5009355.391  3221006.742
2022  62  26622 GPS  -2267810.552  5009355.552  3221006.862
2022  62  26623 GPS  -2267810.760  5009356.308  3221007.519
2022  62  26624 GPS  -2267810.836  5009356.762  3221007.940
2022  62  26625 GPS  -2267810.827  5009357.025  3221008.192
2022  62  26626 GPS  -2267810.682  5009357.168  3221008.249
2022  62  26627 GPS  -2267810.622  5009357.805  3221008.578
2022  62  26628 GPS  -2267810.456  5009358.137  3221008.749
2022  62  26629 GPS  -2267810.325  5009358.872  3221009.028
2022  62  26630 GPS  -2267810.251  5009359.402  3221009.168
2022  62  26631 GPS  -2267810.507  5009360.253  3221009.974
2022  62  26632 GPS  -2267810.360  5009360.350  3221010.102
2022  62  26633 GPS  -2267810.316  5009360.556  3221010.197
2022  62  26634 GPS  -2267810.212  5009360.620  3221010.320
2022  62  26635 GPS  -2267810.179  5009360.829  3221010.725
2022  62  26636 GPS  -2267810.184  5009361.273  3221011.332
2022  62  26637 GPS  -2267810.088  5009361.216  3221011.787
2022  62  26638 GPS  -2267810.062  5009361.484  3221012.311
2022  62  26639 GPS  -2267810.068  5009361.780  3221012.880
2022  62  26640 GPS  -2267809.978  5009361.377  3221012.984
2022  62  26641 GPS  -2267810.140  5009361.710  3221013.768
2022  62  26642 GPS  -2267810.183  5009361.786  3221013.964
2022  62  26643 GPS  -2267810.209  5009361.826  3221014.119
2022  62  26644 GPS  -2267810.082  5009361.560  3221014.084
2022  62  26645 GPS  -2267809.960  5009361.277  3221013.817
2022  62  26646 GPS  -2267809.900  5009361.336  3221013.852
2022  62  26647 GPS  -2267810.097  5009361.872  3221014.574
2022  62  26648 GPS  -2267809.997  5009361.978  3221014.644
2022  62  26649 GPS  -2267809.953  5009362.353  3221014.670
2022  62  26650 GPS  -2267809.883  5009362.319  3221014.366
2022  62  26651 GPS  -2267809.919  5009362.590  3221014.461
2022  62  26652 GPS  -2267809.870  5009362.778  3221014.374
2022  62  26653 GPS  -2267809.958  5009363.203  3221014.695
2022  62  26654 GPS  -2267809.992  5009363.543  3221014.717
2022  62  26655 GPS  -2267810.028  5009363.591  3221014.487
2022  62  26656 GPS  -2267810.042  5009363.636  3221014.295
2022  62  26657 GPS  -2267810.215  5009363.874  3221014.413
2022  62  26658 GPS  -2267810.403  5009364.411  3221014.723
2022  62  26659 GPS  -2267810.475  5009364.355  3221014.693
2022  62  26660 GPS  -2267810.738  5009364.466  3221014.862
2022  62  26661 GPS  -2267810.652  5009364.103  3221014.482
2022  62  26662 GPS  -2267810.867  5009364.386  3221014.990
2022  62  26663 GPS  -2267810.861  5009364.032  3221014.964
2022  62  26664 GPS  -2267810.777  5009363.573  3221014.496
2022  62  26665 GPS  -2267810.979  5009363.430  3221014.418
2022  62  26666 GPS  -2267811.162  5009363.637  3221014.588
2022  62  26667 GPS  -2267811.214  5009363.667  3221014.548
2022  62  26668 GPS  -2267811.039  5009363.065  3221013.921
2022  62  26669 GPS  -2267810.870  5009362.564  3221013.341
2022  62  26670 GPS  -2267810.635  5009362.203  3221012.550
2022  62  26671 GPS  -2267810.679  5009362.307  3221012.602
2022  62  26672 GPS  -2267810.707  5009362.720  3221012.748
2022  62  26673 GPS  -2267810.655  5009362.651  3221012.416
2022  62  26674 GPS  -2267810.729  5009363.234  3221012.901
2022  62  26675 GPS  -2267810.862  5009363.565  3221013.025
2022  62  26676 GPS  -2267810.834  5009363.808  3221012.958
2022  62  26677 GPS  -2267810.847  5009364.165  3221012.803
2022  62  26678 GPS  -2267810.947  5009364.725  3221012.809
2022  62  26679 GPS  -2267810.877  5009364.781  3221012.400
2022  62  26680 GPS  -2267810.984  5009364.631  3221012.083
2022  62  26681 GPS  -2267811.083  5009364.750  3221012.122
2022  62  26682 GPS  -2267811.052  5009364.453  3221012.008
2022  62  26683 GPS  -2267811.298  5009364.629  3221012.083
2022  62  26684 GPS  -2267811.447  5009364.250  3221011.861
2022  62  26685 GPS  -2267811.574  5009364.300  3221011.964
2022  62  26686 GPS  -2267811.819  5009364.434  3221012.017
2022  62  26687 GPS  -2267811.854  5009364.338  3221011.822
2022  62  26688 GPS  -2267811.988  5009364.360  3221011.702
2022  62  26689 GPS  -2267812.005  5009363.949  3221011.524
2022  62  26690 GPS  -2267812.173  5009363.972  3221011.307
2022  62  26691 GPS  -2267812.379  5009363.572  3221011.115
2022  62  26692 GPS  -2267812.410  5009362.990  3221010.889
2022  62  26693 GPS  -2267812.379  5009362.821  3221010.763
2022  62  26694 GPS  -2267812.417  5009362.714  3221010.709
2022  62  26695 GPS  -2267812.518  5009362.501  3221010.628
2022  62  26696 GPS  -2267812.648  5009362.884  3221010.795
2022  62  26697 GPS  -2267812.944  5009363.185  3221011.302
2022  62  26698 GPS  -2267813.144  5009363.502  3221011.722
2022  62  26699 GPS  -2267813.122  5009363.566  3221011.792
2022  62  26700 GPS  -2267813.177  5009363.739  3221012.084
2022  62  26701 GPS  -2267813.339  5009363.724  3221012.549
2022  62  26702 GPS  -2267813.337  5009363.659  3221012.940
2022  62  26703 GPS  -2267813.293  5009363.242  3221012.976
2022  62  26704 GPS  -2267813.412  5009363.092  3221013.223
2022  62  26705 GPS  -2267813.443  5009362.912  3221013.839
2022  62  26706 GPS  -2267813.145  5009362.065  3221013.610
2022  62  26707 GPS  -2267812.987  5009361.710  3221013.831
2022  62  26708 GPS  -2267812.848  5009361.371  3221013.842
2022  62  26709 GPS  -2267812.933  5009361.416  3221014.120
2022  62  26710 GPS  -2267813.075  5009361.365  3221014.549
2022  62  26711 GPS  -2267813.257  5009361.690  3221015.311
2022  62  26712 GPS  -2267813.201  5009361.379  3221015.408
2022  62  26713 GPS  -2267813.359  5009361.756  3221016.107
2022  62  26714 GPS  -2267813.368  5009361.973  3221016.365
2022  62  26715 GPS  -2267813.395  5009362.302  3221016.867
2022  62  26716 GPS  -2267813.474  5009362.312  3221016.890
2022  62  26717 GPS  -2267813.317  5009362.530  3221017.140
2022  62  26718 GPS  -2267813.411  5009363.120  3221017.548
2022  62  26719 GPS  -2267813.523  5009363.916  3221018.267
2022  62  26720 GPS  -2267813.529  5009364.366  3221018.763
2022  62  26721 GPS  -2267813.690  5009365.204  3221019.301
2022  62  26722 GPS  -2267813.840  5009365.995  3221019.899
2022  62  26723 GPS  -2267813.841  5009366.436  3221020.235
2022  62  26724 GPS  -2267813.839  5009367.168  3221020.816
2022  62  26725 GPS  -2267813.850  5009367.670  3221021.223
2022  62  26726 GPS  -2267813.946  5009368.561  3221022.124
2022  62  26727 GPS  -2267814.007  5009369.229  3221022.789
2022  62  26728 GPS  -2267814.035  5009369.706  3221023.255
2022  62  26729 GPS  -2267814.025  5009370.167  3221023.675
2022  62  26730 GPS  -2267815.896  5009372.338  3221025.288
2022  62  26731 GPS  -2267814.092  5009370.519  3221024.574
2022  62  26732 GPS  -2267814.029  5009370.620  3221024.810
2022  62  26733 GPS  -2267814.137  5009370.964  3221025.302
2022  62  26734 GPS  -2267813.980  5009371.213  3221025.758
2022  62  26735 GPS  -2267813.967  5009371.417  3221026.035
2022  62  26736 GPS  -2267814.132  5009372.449  3221026.842
2022  62  26737 GPS  -2267814.148  5009372.745  3221027.025
2022  62  26738 GPS  -2267814.383  5009373.280  3221027.283
2022  62  26739 GPS  -2267814.430  5009373.443  3221027.288
2022  62  26740 GPS  -2267814.705  5009374.013  3221027.947
2022  62  26741 GPS  -2267814.627  5009374.260  3221028.071
2022  62  26742 GPS  -2267814.807  5009374.872  3221028.238
2022  62  26743 GPS  -2267814.846  5009375.035  3221028.237
2022  62  26744 GPS  -2267816.909  5009377.771  3221029.633
2022  62  26745 GPS  -2267817.138  5009377.930  3221029.732
2022  62  26746 GPS  -2267817.326  5009378.249  3221029.968
2022  62  26747 GPS  -2267815.463  5009376.470  3221029.074
2022  62  26748 GPS  -2267815.380  5009376.218  3221028.862
2022  62  26749 GPS  -2267815.504  5009376.106  3221028.912
2022  62  26750 GPS  -2267815.647  5009376.150  3221029.191
2022  62  26751 GPS  -2267815.614  5009375.837  3221028.933
2022  62  26752 GPS  -2267815.735  5009375.697  3221028.958
2022  62  26753 GPS  -2267815.731  5009375.327  3221028.873
2022  62  26754 GPS  -2267815.847  5009375.247  3221028.723
2022  62  26755 GPS  -2267815.967  5009375.354  3221029.111
2022  62  26756 GPS  -2267816.014  5009375.396  3221028.859
2022  62  26757 GPS  -2267815.952  5009375.614  3221029.091
2022  62  26758 GPS  -2267815.783  5009375.409  3221029.036
2022  62  26759 GPS  -2267815.445  5009374.771  3221028.633
2022  62  26760 GPS  -2267815.330  5009374.640  3221028.409
2022  62  26761 GPS  -2267815.230  5009374.449  3221028.414
2022  62  26762 GPS  -2267815.054  5009374.789  3221028.836
2022  62  26763 GPS  -2267814.994  5009375.069  3221029.204
2022  62  26764 GPS  -2267815.040  5009375.306  3221029.528
2022  62  26765 GPS  -2267814.884  5009375.278  3221029.571
2022  62  26766 GPS  -2267814.829  5009375.388  3221029.593
2022  62  26767 GPS  -2267814.694  5009375.500  3221029.627
2022  62  26768 GPS  -2267814.713  5009375.822  3221029.867
2022  62  26769 GPS  -2267814.850  5009376.155  3221029.924
2022  62  26770 GPS  -2267814.814  5009376.281  3221029.886
2022  62  26771 GPS  -2267814.715  5009376.480  3221029.682
2022  62  26772 GPS  -2267814.798  5009376.788  3221029.764
2022  62  26773 GPS  -2267815.182  5009377.409  3221030.217
2022  62  26774 GPS  -2267815.225  5009377.246  3221030.185
2022  62  26775 GPS  -2267815.484  5009377.470  3221030.209
2022  62  26776 GPS  -2267815.677  5009377.572  3221030.409
2022  62  26777 GPS  -2267816.172  5009377.608  3221030.690
2022  62  26778 GPS  -2267816.236  5009377.346  3221030.473
2022  62  26779 GPS  -2267816.478  5009377.548  3221030.699
2022  62  26780 GPS  -2267816.644  5009377.610  3221030.592
2022  62  26781 GPS  -2267816.696  5009377.800  3221030.408
2022  62  26782 GPS  -2267817.027  5009378.532  3221030.861
2022  62  26783 GPS  -2267817.260  5009379.401  3221031.342
2022  62  26784 GPS  -2267817.310  5009379.866  3221031.540
2022  62  26785 GPS  -2267817.642  5009380.645  3221032.141
2022  62  26786 GPS  -2267817.763  5009381.540  3221032.696
2022  62  26787 GPS  -2267817.822  5009382.124  3221032.758
2022  62  26788 GPS  -2267817.982  5009382.751  3221033.018
2022  62  26789 GPS  -2267817.957  5009383.127  3221033.199
2022  62  26790 GPS  -2267818.085  5009383.602  3221033.661
2022  62  26791 GPS  -2267818.207  5009384.363  3221033.936
2022  62  26792 GPS  -2267821.018  5009388.393  3221036.043
2022  62  26793 GPS  -2267818.492  5009385.976  3221034.780
2022  62  26794 GPS  -2267818.780  5009387.005  3221035.760
2022  62  26795 GPS  -2267818.876  5009388.042  3221036.811
2022  62  26796 GPS  -2267818.948  5009388.303  3221037.143
2022  62  26797 GPS  -2267818.789  5009388.539  3221037.306
2022  62  26798 GPS  -2267818.907  5009389.356  3221038.148
2022  62  26799 GPS  -2267818.932  5009390.194  3221039.172
2022  62  26800 GPS  -2267818.903  5009390.865  3221039.614
2022  62  26801 GPS  -2267819.153  5009391.544  3221040.474
2022  62  26802 GPS  -2267819.303  5009391.975  3221040.899
2022  62  26803 GPS  -2267819.323  5009392.504  3221041.437
2022  62  26804 GPS  -2267819.443  5009392.990  3221041.944
2022  62  26805 GPS  -2267819.624  5009393.495  3221042.486
2022  62  26806 GPS  -2267819.866  5009394.305  3221042.895
2022  62  26807 GPS  -2267820.011  5009394.561  3221043.082
2022  62  26808 GPS  -2267820.468  5009395.140  3221043.670
2022  62  26809 GPS  -2267820.602  5009395.573  3221044.082
2022  62  26810 GPS  -2267820.923  5009396.059  3221044.472
2022  62  26811 GPS  -2267821.235  5009396.645  3221044.732
2022  62  26812 GPS  -2267821.385  5009396.613  3221044.723
2022  62  26813 GPS  -2267821.406  5009396.338  3221044.308
2022  62  26814 GPS  -2267821.602  5009396.380  3221044.402
2022  62  26815 GPS  -2267821.755  5009396.328  3221044.156
2022  62  26816 GPS  -2267821.701  5009395.978  3221043.722
2022  62  26817 GPS  -2267821.726  5009396.015  3221043.584
2022  62  26818 GPS  -2267821.758  5009395.888  3221043.410
2022  62  26819 GPS  -2267821.719  5009396.005  3221043.246
2022  62  26820 GPS  -2267821.613  5009395.836  3221043.153
2022  62  26821 GPS  -2267821.499  5009395.512  3221042.777
2022  62  26822 GPS  -2267821.433  5009395.558  3221042.828
2022  62  26823 GPS  -2267821.294  5009395.106  3221042.803
2022  62  26824 GPS  -2267821.256  5009394.850  3221042.714
2022  62  26825 GPS  -2267821.316  5009394.488  3221042.769
2022  62  26826 GPS  -2267821.426  5009394.628  3221042.890
2022  62  26827 GPS  -2267821.177  5009394.352  3221042.597
2022  62  26828 GPS  -2267821.218  5009394.390  3221042.721
2022  62  26829 GPS  -2267821.148  5009394.447  3221042.778
2022  62  26830 GPS  -2267821.082  5009394.536  3221042.872
2022  62  26831 GPS  -2267820.855  5009394.485  3221042.655
2022  62  26832 GPS  -2267820.702  5009394.796  3221042.882
2022  62  26833 GPS  -2267820.629  5009394.990  3221043.059
2022  62  26834 GPS  -2267820.372  5009394.722  3221042.744
2022  62  26835 GPS  -2267820.175  5009394.783  3221042.685
2022  62  26836 GPS  -2267819.976  5009394.584  3221042.317
2022  62  26837 GPS  -2267819.806  5009394.640  3221042.112
2022  62  26838 GPS  -2267819.670  5009394.754  3221041.942
2022  62  26839 GPS  -2267819.591  5009395.012  3221042.011
2022  62  26840 GPS  -2267819.519  5009394.988  3221041.716
2022  62  26841 GPS  -2267819.493  5009395.052  3221041.479
2022  62  26842 GPS  -2267819.405  5009395.236  3221041.405
2022  62  26843 GPS  -2267819.350  5009395.366  3221041.262
2022  62  26844 GPS  -2267819.287  5009395.288  3221041.098
2022  62  26845 GPS  -2267819.297  5009395.452  3221041.276
2022  62  26846 GPS  -2267819.247  5009395.472  3221041.128
2022  62  26847 GPS  -2267819.298  5009395.572  3221041.387
2022  62  26848 GPS  -2267819.389  5009395.760  3221041.362
2022  62  26849 GPS  -2267819.362  5009395.560  3221041.206
2022  62  26850 GPS  -2267819.505  5009395.612  3221041.080
2022  62  26851 GPS  -2267819.563  5009395.476  3221040.992
2022  62  26852 GPS  -2267819.674  5009395.369  3221040.720
2022  62  26853 GPS  -2267819.810  5009395.448  3221040.681
2022  62  26854 GPS  -2267819.871  5009395.451  3221040.651
2022  62  26855 GPS  -2267819.683  5009394.807  3221040.119
2022  62  26856 GPS  -2267819.637  5009394.736  3221039.669
2022  62  26857 GPS  -2267819.605  5009394.721  3221039.614
2022  62  26858 GPS  -2267819.367  5009394.226  3221039.073
2022  62  26859 GPS  -2267819.160  5009393.700  3221038.706
2022  62  26860 GPS  -2267818.951  5009393.629  3221038.576
2022  62  26861 GPS  -2267818.615  5009392.744  3221037.763
2022  62  26862 GPS  -2267818.459  5009392.329  3221037.592
2022  62  26863 GPS  -2267818.340  5009392.287  3221037.363
2022  62  26864 GPS  -2267818.426  5009392.532  3221037.681
2022  62  26865 GPS  -2267818.259  5009392.170  3221037.169
2022  62  26866 GPS  -2267818.115  5009391.798  3221036.758
2022  62  26867 GPS  -2267817.946  5009391.375  3221036.289
2022  62  26868 GPS  -2267817.812  5009391.077  3221036.048
2022  62  26869 GPS  -2267817.721  5009390.847  3221035.988
2022  62  26870 GPS  -2267817.555  5009390.385  3221035.776
2022  62  26871 GPS  -2267817.329  5009390.170  3221035.407
2022  62  26872 GPS  -2267817.163  5009389.899  3221034.933
2022  62  26873 GPS  -2267817.218  5009390.074  3221034.792
2022  62  26874 GPS  -2267817.280  5009390.222  3221034.584
2022  62  26875 GPS  -2267817.269  5009390.492  3221034.645
2022  62  26876 GPS  -2267817.274  5009390.568  3221034.659
2022  62  26877 GPS  -2267817.079  5009390.549  3221034.230
2022  62  26878 GPS  -2267816.948  5009390.731  3221034.034
2022  62  26879 GPS  -2267816.556  5009390.269  3221033.426
2022  62  26880 GPS  -2267816.267  5009389.867  3221032.744
2022  62  26881 GPS  -2267816.160  5009389.936  3221032.641
2022  62  26882 GPS  -2267815.979  5009389.975  3221032.470
2022  62  26883 GPS  -2267815.894  5009390.329  3221032.484
2022  62  26884 GPS  -2267815.735  5009390.366  3221032.233
2022  62  26885 GPS  -2267815.425  5009389.985  3221031.726
2022  62  26886 GPS  -2267815.155  5009389.869  3221031.558
2022  62  26887 GPS  -2267815.011  5009389.681  3221031.423
2022  62  26888 GPS  -2267814.940  5009389.877  3221031.715
2022  62  26889 GPS  -2267814.903  5009390.181  3221031.805
2022  62  26890 GPS  -2267814.931  5009390.610  3221032.303
2022  62  26891 GPS  -2267814.832  5009390.589  3221032.373
2022  62  26892 GPS  -2267814.674  5009390.528  3221032.283
2022  62  26893 GPS  -2267814.480  5009390.304  3221032.362
2022  62  26894 GPS  -2267814.444  5009390.590  3221032.485
2022  62  26895 GPS  -2267814.461  5009390.778  3221032.871
2022  62  26896 GPS  -2267814.447  5009390.621  3221032.895
2022  62  26897 GPS  -2267814.346  5009390.588  3221032.811
2022  62  26898 GPS  -2267814.287  5009390.699  3221033.120
2022  62  26899 GPS  -2267814.291  5009390.600  3221033.063
2022  62  26900 GPS  -2267814.255  5009390.484  3221033.113
2022  62  26901 GPS  -2267814.370  5009390.783  3221033.524
2022  62  26902 GPS  -2267814.500  5009391.224  3221033.913
2022  62  26903 GPS  -2267814.456  5009391.284  3221034.022
2022  62  26904 GPS  -2267814.652  5009391.707  3221034.482
2022  62  26905 GPS  -2267814.667  5009391.829  3221034.678
2022  62  26906 GPS  -2267814.831  5009392.040  3221034.880
2022  62  26907 GPS  -2267814.931  5009392.256  3221035.397
2022  62  26908 GPS  -2267814.996  5009392.408  3221035.450
2022  62  26909 GPS  -2267816.785  5009394.376  3221037.390
2022  62  26910 GPS  -2267816.935  5009394.350  3221037.610
2022  62  26911 GPS  -2267817.044  5009394.654  3221038.173
2022  62  26912 GPS  -2267817.169  5009394.549  3221038.425
2022  62  26913 GPS  -2267817.220  5009394.623  3221038.851
2022  62  26914 GPS  -2267817.247  5009394.668  3221038.992
2022  62  26915 GPS  -2267817.338  5009395.171  3221039.445
2022  62  26916 GPS  -2267817.438  5009395.385  3221039.624
2022  62  26917 GPS  -2267817.485  5009395.269  3221039.665
2022  62  26918 GPS  -2267817.364  5009394.862  3221039.337
2022  62  26919 GPS  -2267817.364  5009394.856  3221039.441
2022  62  26920 GPS  -2267817.533  5009395.133  3221039.677
2022  62  26921 GPS  -2267817.453  5009394.928  3221039.548
2022  62  26922 GPS  -2267817.601  5009395.137  3221039.723
2022  62  26923 GPS  -2267817.668  5009395.051  3221039.904
2022  62  26924 GPS  -2267817.765  5009395.046  3221040.175
2022  62  26925 GPS  -2267817.816  5009394.806  3221040.128
2022  62  26926 GPS  -2267817.908  5009394.593  3221040.216
2022  62  26927 GPS  -2267818.028  5009394.389  3221040.306
2022  62  26928 GPS  -2267818.053  5009394.180  3221040.478
2022  62  26929 GPS  -2267817.982  5009394.227  3221040.796
2022  62  26930 GPS  -2267817.984  5009393.849  3221040.693
2022  62  26931 GPS  -2267817.826  5009393.226  3221040.597
2022  62  26932 GPS  -2267817.757  5009393.029  3221040.867
2022  62  26933 GPS  -2267817.758  5009392.737  3221040.892
2022  62  26934 GPS  -2267817.694  5009392.346  3221040.844
2022  62  26935 GPS  -2267817.825  5009392.329  3221041.163
2022  62  26936 GPS  -2267817.970  5009392.390  3221041.484
2022  62  26937 GPS  -2267817.912  5009392.348  3221041.772
2022  62  26938 GPS  -2267817.932  5009391.916  3221041.773
2022  62  26939 GPS  -2267818.031  5009391.916  3221041.945
2022  62  26940 GPS  -2267818.066  5009392.027  3221042.049
2022  62  26941 GPS  -2267818.044  5009392.048  3221042.248
2022  62  26942 GPS  -2267818.135  5009392.276  3221042.400
2022  62  26943 GPS  -2267818.262  5009392.940  3221042.733
2022  62  26944 GPS  -2267818.292  5009393.286  3221042.883
2022  62  26945 GPS  -2267818.058  5009392.926  3221042.451
2022  62  26946 GPS  -2267818.297  5009393.422  3221043.004
2022  62  26947 GPS  -2267818.292  5009393.485  3221042.859
2022  62  26948 GPS  -2267818.507  5009393.884  3221043.085
2022  62  26949 GPS  -2267818.574  5009393.744  3221042.877
2022  62  26950 GPS  -2267818.749  5009393.900  3221042.838
2022  62  26951 GPS  -2267819.036  5009394.293  3221042.923
2022  62  26952 GPS  -2267819.058  5009394.573  3221043.088
2022  62  26953 GPS  -2267819.104  5009394.753  3221043.060
2022  62  26954 GPS  -2267819.186  5009395.281  3221043.359
2022  62  26955 GPS  -2267819.238  5009395.666  3221043.582
2022  62  26956 GPS  -2267819.285  5009395.997  3221043.632
2022  62  26957 GPS  -2267819.339  5009396.509  3221043.981
2022  62  26958 GPS  -2267819.360  5009396.755  3221044.022
2022  62  26959 GPS  -2267819.441  5009397.324  3221044.160
2022  62  26960 GPS  -2267819.552  5009397.770  3221044.349
2022  62  26961 GPS  -2267819.575  5009398.354  3221044.368
2022  62  26962 GPS  -2267819.534  5009398.866  3221044.450
2022  62  26963 GPS  -2267819.721  5009399.377  3221044.872
2022  62  26964 GPS  -2267819.587  5009399.002  3221044.345
2022  62  26965 GPS  -2267819.492  5009398.790  3221044.281
2022  62  26966 GPS  -2267819.304  5009398.640  3221043.978
2022  62  26967 GPS  -2267819.260  5009398.361  3221044.008
2022  62  26968 GPS  -2267819.320  5009398.067  3221043.748
2022  62  26969 GPS  -2267819.496  5009398.151  3221043.769
2022  62  26970 GPS  -2267819.342  5009397.743  3221043.362
2022  62  26971 GPS  -2267819.402  5009397.662  3221043.760
2022  62  26972 GPS  -2267819.243  5009397.345  3221043.468
2022  62  26973 GPS  -2267819.280  5009396.993  3221043.124
2022  62  26974 GPS  -2267819.238  5009396.522  3221043.008
2022  62  26975 GPS  -2267818.981  5009395.920  3221042.495
2022  62  26976 GPS  -2267818.871  5009395.571  3221042.496
2022  62  26977 GPS  -2267818.835  5009395.480  3221042.545
2022  62  26978 GPS  -2267818.830  5009395.149  3221042.375
2022  62  26979 GPS  -2267818.737  5009395.076  3221042.172
2022  62  26980 GPS  -2267818.588  5009394.827  3221042.165
2022  62  26981 GPS  -2267818.413  5009394.183  3221041.532
2022  62  26982 GPS  -2267818.393  5009393.923  3221041.451
2022  62  26983 GPS  -2267818.122  5009393.416  3221040.950
2022  62  26984 GPS  -2267818.221  5009393.288  3221040.754
2022  62  26985 GPS  -2267818.052  5009392.626  3221040.041
2022  62  26986 GPS  -2267818.087  5009392.341  3221039.885
2022  62  26987 GPS  -2267817.876  5009391.673  3221039.229
2022  62  26988 GPS  -2267817.720  5009391.060  3221038.645
2022  62  26989 GPS  -2267817.722  5009390.725  3221038.293
2022  62  26990 GPS  -2267817.701  5009390.145  3221038.025
2022  62  26991 GPS  -2267817.716  5009389.658  3221037.530
2022  62  26992 GPS  -2267817.736  5009388.898  3221036.954
2022  62  26993 GPS  -2267817.545  5009388.208  3221036.181
2022  62  26994 GPS  -2267817.572  5009387.908  3221035.960
2022  62  26995 GPS  -2267817.526  5009387.565  3221035.582
2022  62  26996 GPS  -2267817.572  5009387.183  3221035.214
2022  62  26997 GPS  -2267817.479  5009386.319  3221034.175
2022  62  26998 GPS  -2267817.453  5009385.967  3221033.683
2022  62  26999 GPS  -2267817.500  5009386.120  3221033.551
2022  62  27000 GPS  -2267817.472  5009385.811  3221032.950
2022  62  27001 GPS  -2267817.617  5009385.909  3221033.055
2022  62  27002 GPS  -2267817.625  5009386.146  3221032.849
2022  62  27003 GPS  -2267817.644  5009386.119  3221032.402
2022  62  27004 GPS  -2267817.783  5009385.883  3221032.200
2022  62  27005 GPS  -2267817.819  5009385.935  3221032.196
2022  62  27006 GPS  -2267817.890  5009385.644  3221031.783
2022  62  27007 GPS  -2267817.985  5009385.761  3221031.757
2022  62  27008 GPS  -2267817.980  5009385.742  3221031.708
2022  62  27009 GPS  -2267818.124  5009385.739  3221031.823
2022  62  27010 GPS  -2267818.056  5009385.683  3221031.934
2022  62  27011 GPS  -2267817.870  5009385.308  3221031.647
2022  62  27012 GPS  -2267817.886  5009384.977  3221031.846
2022  62  27013 GPS  -2267817.653  5009384.851  3221031.638
2022  62  27014 GPS  -2267817.534  5009384.370  3221031.574
2022  62  27015 GPS  -2267817.433  5009384.078  3221031.608
2022  62  27016 GPS  -2267817.420  5009383.923  3221031.731
2022  62  27017 GPS  -2267817.370  5009383.979  3221031.788
2022  62  27018 GPS  -2267817.236  5009383.505  3221031.352
2022  62  27019 GPS  -2267817.057  5009383.231  3221031.471
2022  62  27020 GPS  -2267817.118  5009383.382  3221031.811
2022  62  27021 GPS  -2267817.134  5009383.099  3221031.820
2022  62  27022 GPS  -2267817.206  5009382.845  3221031.810
2022  62  27023 GPS  -2267817.067  5009382.410  3221031.703
2022  62  27024 GPS  -2267816.764  5009381.883  3221031.140
2022  62  27025 GPS  -2267816.604  5009381.782  3221031.191
2022  62  27026 GPS  -2267816.195  5009381.477  3221030.842
2022  62  27027 GPS  -2267816.030  5009381.462  3221030.535
2022  62  27028 GPS  -2267815.856  5009381.076  3221030.051
2022  62  27029 GPS  -2267815.612  5009381.106  3221029.796
2022  62  27030 GPS  -2267815.349  5009380.968  3221029.254
2022  62  27031 GPS  -2267815.085  5009380.589  3221028.517
2022  62  27032 GPS  -2267814.685  5009380.115  3221027.781
2022  62  27033 GPS  -2267814.660  5009380.083  3221027.162
2022  62  27034 GPS  -2267814.359  5009379.635  3221026.618
2022  62  27035 GPS  -2267814.165  5009379.421  3221025.886
2022  62  27036 GPS  -2267814.194  5009379.290  3221025.653
2022  62  27037 GPS  -2267814.122  5009378.908  3221025.123
2022  62  27038 GPS  -2267813.773  5009378.291  3221024.481
2022  62  27039 GPS  -2267813.352  5009377.569  3221023.703
2022  62  27040 GPS  -2267813.059  5009376.855  3221022.892
2022  62  27041 GPS  -2267812.837  5009376.395  3221022.283
2022  62  27042 GPS  -2267812.486  5009375.843  3221021.834
2022  62  27043 GPS  -2267812.119  5009375.081  3221020.933
2022  62  27044 GPS  -2267811.667  5009374.277  3221020.033
2022  62  27045 GPS  -2267811.374  5009373.680  3221019.646
2022  62  27046 GPS  -2267811.037  5009373.070  3221019.272
2022  62  27047 GPS  -2267810.706  5009372.665  3221018.713
2022  62  27048 GPS  -2267810.342  5009372.065  3221018.079
2022  62  27049 GPS  -2267810.113  5009371.619  3221017.734
2022  62  27050 GPS  -2267809.581  5009370.645  3221016.907
2022  62  27051 GPS  -2267809.343  5009370.387  3221016.686
2022  62  27052 GPS  -2267808.931  5009369.898  3221016.225
2022  62  27053 GPS  -2267808.820  5009370.049  3221016.338
2022  62  27054 GPS  -2267808.715  5009370.096  3221016.339
2022  62  27055 GPS  -2267808.447  5009369.851  3221016.029
2022  62  27056 GPS  -2267808.182  5009370.010  3221015.884
2022  62  27057 GPS  -2267807.911  5009369.553  3221015.500
2022  62  27058 GPS  -2267807.762  5009369.565  3221015.509
2022  62  27059 GPS  -2267809.172  5009371.170  3221016.484
2022  62  27060 GPS  -2267809.124  5009371.036  3221016.587
2022  62  27061 GPS  -2267808.817  5009370.333  3221016.306
2022  62  27062 GPS  -2267808.727  5009369.715  3221016.140
2022  62  27063 GPS  -2267808.892  5009369.802  3221016.281
2022  62  27064 GPS  -2267809.034  5009369.632  3221016.185
2022  62  27065 GPS  -2267809.222  5009369.298  3221016.110
2022  62  27066 GPS  -2267809.456  5009368.836  3221016.000
2022  62  27067 GPS  -2267809.652  5009368.537  3221015.953
2022  62  27068 GPS  -2267809.769  5009367.983  3221015.630
2022  62  27069 GPS  -2267809.743  5009367.071  3221015.183
2022  62  27070 GPS  -2267809.017  5009365.491  3221014.501
2022  62  27071 GPS  -2267810.138  5009366.421  3221015.466
2022  62  27072 GPS  -2267807.983  5009363.683  3221013.922
2022  62  27073 GPS  -2267810.465  5009366.116  3221015.401
2022  62  27074 GPS  -2267810.451  5009365.566  3221014.669
2022  62  27075 GPS  -2267810.677  5009365.403  3221014.308
2022  62  27076 GPS  -2267810.718  5009365.367  3221013.993
2022  62  27077 GPS  -2267809.019  5009363.646  3221012.883
2022  62  27078 GPS  -2267811.288  5009365.857  3221013.921
2022  62  27079 GPS  -2267811.518  5009366.069  3221013.602
2022  62  27080 GPS  -2267811.467  5009365.813  3221013.194
2022  62  27081 GPS  -2267811.427  5009365.788  3221012.904
2022  62  27082 GPS  -2267810.889  5009365.284  3221012.618
2022  62  27083 GPS  -2267811.594  5009365.958  3221012.891
2022  62  27084 GPS  -2267811.679  5009365.859  3221012.658
2022  62  27085 GPS  -2267811.848  5009365.956  3221012.837
2022  62  27086 GPS  -2267811.483  5009365.552  3221012.355
2022  62  27087 GPS  -2267811.811  5009366.139  3221012.298
2022  62  27088 GPS  -2267811.749  5009365.913  3221011.940
2022  62  27089 GPS  -2267811.712  5009365.562  3221011.583
2022  62  27090 GPS  -2267810.500  5009363.916  3221010.469
2022  62  27091 GPS  -2267811.339  5009364.524  3221010.548
2022  62  27092 GPS  -2267811.160  5009364.011  3221009.876
2022  62  27093 GPS  -2267811.099  5009363.934  3221009.752
2022  62  27094 GPS  -2267810.783  5009363.771  3221009.300
2022  62  27095 GPS  -2267810.822  5009363.864  3221009.299
2022  62  27096 GPS  -2267810.052  5009363.171  3221008.915
2022  62  27097 GPS  -2267810.445  5009363.771  3221009.156
2022  62  27098 GPS  -2267810.435  5009363.626  3221008.966
2022  62  27099 GPS  -2267811.296  5009364.555  3221009.413
2022  62  27100 GPS  -2267810.699  5009364.062  3221009.329
2022  62  27101 GPS  -2267810.572  5009363.929  3221009.238
2022  62  27102 GPS  -2267810.403  5009363.564  3221009.007
2022  62  27103 GPS  -2267810.178  5009363.287  3221008.550
2022  62  27104 GPS  -2267810.539  5009363.478  3221008.833
2022  62  27105 GPS  -2267810.828  5009363.927  3221009.246
2022  62  27106 GPS  -2267810.869  5009363.739  3221009.159
2022  62  27107 GPS  -2267811.153  5009363.975  3221009.271
2022  62  27108 GPS  -2267811.297  5009363.987  3221009.200
2022  62  27109 GPS  -2267811.406  5009363.843  3221009.268
2022  62  27110 GPS  -2267811.525  5009363.765  3221009.241
2022  62  27111 GPS  -2267811.665  5009363.770  3221009.584
2022  62  27112 GPS  -2267812.005  5009363.988  3221009.940
2022  62  27113 GPS  -2267812.143  5009364.125  3221010.348
2022  62  27114 GPS  -2267812.012  5009363.794  3221010.234
2022  62  27115 GPS  -2267812.130  5009364.183  3221010.668
2022  62  27116 GPS  -2267812.141  5009363.995  3221010.582
2022  62  27117 GPS  -2267812.127  5009363.677  3221010.023
2022  62  27118 GPS  -2267812.184  5009363.458  3221009.790
2022  62  27119 GPS  -2267812.191  5009363.313  3221009.765
2022  62  27120 GPS  -2267812.100  5009362.912  3221009.462
2022  62  27121 GPS  -2267812.029  5009362.477  3221009.445
2022  62  27122 GPS  -2267811.953  5009361.947  3221009.223
2022  62  27123 GPS  -2267811.867  5009361.667  3221009.173
2022  62  27124 GPS  -2267811.594  5009361.125  3221008.916
2022  62  27125 GPS  -2267811.452  5009360.690  3221008.923
2022  62  27126 GPS  -2267811.242  5009360.301  3221008.573
2022  62  27127 GPS  -2267811.242  5009360.690  3221009.174
2022  62  27128 GPS  -2267810.917  5009360.290  3221009.088
2022  62  27129 GPS  -2267810.569  5009359.857  3221009.295
2022  62  27130 GPS  -2267810.166  5009359.215  3221009.018
2022  62  27131 GPS  -2267810.066  5009359.085  3221009.207
2022  62  27132 GPS  -2267809.741  5009359.473  3221009.668
2022  62  27133 GPS  -2267809.389  5009358.965  3221009.168
2022  62  27134 GPS  -2267809.227  5009359.105  3221009.421
2022  62  27135 GPS  -2267808.759  5009358.647  3221009.042
2022  62  27136 GPS  -2267808.761  5009358.830  3221009.455
2022  62  27137 GPS  -2267808.655  5009358.605  3221009.244
2022  62  27138 GPS  -2267808.740  5009359.237  3221009.579
2022  62  27139 GPS  -2267808.879  5009359.558  3221009.898
2022  62  27140 GPS  -2267808.873  5009359.831  3221010.016
2022  62  27141 GPS  -2267808.855  5009359.873  3221010.035
2022  62  27142 GPS  -2267809.066  5009360.312  3221010.498
2022  62  27143 GPS  -2267809.095  5009360.313  3221010.355
2022  62  27144 GPS  -2267809.253  5009360.374  3221010.507
2022  62  27145 GPS  -2267809.344  5009360.911  3221010.801
2022  62  27146 GPS  -2267809.432  5009360.845  3221010.945
2022  62  27147 GPS  -2267809.873  5009361.068  3221011.438
2022  62  27148 GPS  -2267810.111  5009360.762  3221011.396
2022  62  27149 GPS  -2267810.401  5009360.759  3221011.703
2022  62  27150 GPS  -2267810.522  5009360.691  3221011.772
2022  62  27151 GPS  -2267810.963  5009361.118  3221012.352
2022  62  27152 GPS  -2267811.319  5009361.434  3221012.676
2022  62  27153 GPS  -2267811.501  5009361.090  3221012.511
2022  62  27154 GPS  -2267811.638  5009360.895  3221012.533
2022  62  27155 GPS  -2267811.680  5009360.603  3221012.333
2022  62  27156 GPS  -2267811.864  5009360.213  3221012.279
2022  62  27157 GPS  -2267811.839  5009359.555  3221012.123
2022  62  27158 GPS  -2267812.056  5009359.812  3221012.543
2022  62  27159 GPS  -2267812.041  5009359.468  3221012.323
2022  62  27160 GPS  -2267812.069  5009359.717  3221012.607
2022  62  27161 GPS  -2267812.020  5009359.289  3221012.311
2022  62  27162 GPS  -2267812.080  5009359.258  3221012.165
2022  62  27163 GPS  -2267812.276  5009359.476  3221012.455
2022  62  27164 GPS  -2267812.477  5009359.735  3221012.972
2022  62  27165 GPS  -2267812.674  5009359.867  3221013.075
2022  62  27166 GPS  -2267812.657  5009359.716  3221012.927
2022  62  27167 GPS  -2267812.765  5009359.848  3221013.121
2022  62  27168 GPS  -2267813.014  5009360.399  3221013.475
2022  62  27169 GPS  -2267813.215  5009360.475  3221013.306
2022  62  27170 GPS  -2267813.421  5009360.454  3221013.152
2022  62  27171 GPS  -2267813.508  5009360.508  3221013.110
2022  62  27172 GPS  -2267813.749  5009360.754  3221013.361
2022  62  27173 GPS  -2267814.050  5009360.963  3221013.924
2022  62  27174 GPS  -2267814.216  5009361.025  3221014.027
2022  62  27175 GPS  -2267814.349  5009360.659  3221013.720
2022  62  27176 GPS  -2267814.470  5009360.527  3221014.036
2022  62  27177 GPS  -2267814.832  5009360.826  3221014.531
2022  62  27178 GPS  -2267814.969  5009360.748  3221014.453
2022  62  27179 GPS  -2267815.167  5009360.911  3221014.562
2022  62  27180 GPS  -2267815.415  5009361.078  3221014.776
2022  62  27181 GPS  -2267815.700  5009361.558  3221015.355
2022  62  27182 GPS  -2267816.098  5009362.011  3221015.730
2022  62  27183 GPS  -2267816.377  5009362.532  3221016.122
2022  62  27184 GPS  -2267816.290  5009362.687  3221016.059
2022  62  27185 GPS  -2267816.323  5009363.327  3221016.667
2022  62  27186 GPS  -2267816.429  5009363.826  3221017.202
2022  62  27187 GPS  -2267816.404  5009364.228  3221017.330
2022  62  27188 GPS  -2267816.501  5009364.349  3221017.347
2022  62  27189 GPS  -2267816.353  5009364.310  3221017.069
2022  62  27190 GPS  -2267816.517  5009364.643  3221017.318
2022  62  27191 GPS  -2267816.493  5009364.772  3221017.111
2022  62  27192 GPS  -2267816.319  5009364.858  3221016.904
2022  62  27193 GPS  -2267816.149  5009365.094  3221017.017
2022  62  27194 GPS  -2267816.175  5009365.184  3221017.243
2022  62  27195 GPS  -2267816.318  5009365.134  3221017.241
2022  62  27196 GPS  -2267816.562  5009365.306  3221017.505
2022  62  27197 GPS  -2267816.630  5009365.323  3221017.677
2022  62  27198 GPS  -2267816.752  5009365.248  3221017.849
2022  62  27199 GPS  -2267816.751  5009364.756  3221017.646
2022  62  27200 GPS  -2267816.891  5009364.315  3221017.287
2022  62  27201 GPS  -2267817.001  5009363.974  3221017.406
2022  62  27202 GPS  -2267817.063  5009363.711  3221017.457
2022  62  27203 GPS  -2267817.093  5009363.444  3221017.233
2022  62  27204 GPS  -2267817.217  5009363.319  3221017.352
2022  62  27205 GPS  -2267817.068  5009362.902  3221017.155
2022  62  27206 GPS  -2267817.034  5009362.437  3221017.130
2022  62  27207 GPS  -2267817.018  5009362.194  3221017.191
2022  62  27208 GPS  -2267816.842  5009362.032  3221017.379
2022  62  27209 GPS  -2267816.697  5009361.801  3221017.675
2022  62  27210 GPS  -2267816.515  5009361.646  3221018.012
2022  62  27211 GPS  -2267816.356  5009361.415  3221018.246
2022  62  27212 GPS  -2267816.401  5009361.806  3221018.850
2022  62  27213 GPS  -2267816.394  5009361.885  3221019.398
2022  62  27214 GPS  -2267816.237  5009361.635  3221019.713
2022  62  27215 GPS  -2267816.406  5009362.116  3221020.377
2022  62  27216 GPS  -2267816.559  5009362.654  3221021.064
2022  62  27217 GPS  -2267816.536  5009362.786  3221021.507
2022  62  27218 GPS  -2267816.721  5009363.634  3221022.306
2022  62  27219 GPS  -2267816.753  5009363.703  3221022.835
2022  62  27220 GPS  -2267816.838  5009363.993  3221023.417
2022  62  27221 GPS  -2267816.726  5009363.955  3221023.447
2022  62  27222 GPS  -2267816.794  5009364.223  3221024.197
2022  62  27223 GPS  -2267816.783  5009364.112  3221024.414
2022  62  27224 GPS  -2267816.763  5009364.191  3221024.865
2022  62  27225 GPS  -2267816.885  5009364.388  3221025.192
2022  62  27226 GPS  -2267816.937  5009364.677  3221025.753
2022  62  27227 GPS  -2267816.949  5009364.644  3221026.236
2022  62  27228 GPS  -2267817.162  5009364.938  3221026.846
2022  62  27229 GPS  -2267817.110  5009364.707  3221026.943
2022  62  27230 GPS  -2267817.563  5009365.501  3221028.015
2022  62  27231 GPS  -2267817.751  5009365.556  3221028.575
2022  62  27232 GPS  -2267817.842  5009365.621  3221028.934
2022  62  27233 GPS  -2267817.900  5009365.483  3221029.100
2022  62  27234 GPS  -2267817.960  5009365.643  3221029.474
2022  62  27235 GPS  -2267818.044  5009365.431  3221029.104
2022  62  27236 GPS  -2267818.121  5009365.583  3221029.275
2022  62  27237 GPS  -2267818.160  5009365.341  3221029.259
2022  62  27238 GPS  -2267818.108  5009365.517  3221029.397
2022  62  27239 GPS  -2267818.196  5009365.582  3221029.462
2022  62  27240 GPS  -2267818.158  5009365.835  3221029.705
2022  62  27241 GPS  -2267818.026  5009365.890  3221029.661
2022  62  27242 GPS  -2267817.975  5009366.209  3221029.250
2022  62  27243 GPS  -2267817.883  5009366.327  3221028.967
2022  62  27244 GPS  -2267817.923  5009366.918  3221029.218
2022  62  27245 GPS  -2267817.932  5009367.317  3221029.081
2022  62  27246 GPS  -2267818.038  5009367.835  3221029.247
2022  62  27247 GPS  -2267817.808  5009367.855  3221028.924
2022  62  27248 GPS  -2267817.672  5009368.016  3221028.589
2022  62  27249 GPS  -2267817.425  5009367.828  3221028.263
2022  62  27250 GPS  -2267817.092  5009367.232  3221027.506
2022  62  27251 GPS  -2267816.687  5009366.640  3221026.766
2022  62  27252 GPS  -2267816.433  5009366.505  3221026.154
2022  62  27253 GPS  -2267816.281  5009366.016  3221025.472
2022  62  27254 GPS  -2267816.005  5009365.841  3221025.021
2022  62  27255 GPS  -2267816.066  5009365.488  3221024.797
2022  62  27256 GPS  -2267816.014  5009365.289  3221024.572
2022  62  27257 GPS  -2267816.121  5009365.077  3221024.507
2022  62  27258 GPS  -2267816.021  5009364.428  3221023.758
2022  62  27259 GPS  -2267816.281  5009364.206  3221023.633
2022  62  27260 GPS  -2267816.353  5009363.697  3221023.452
2022  62  27261 GPS  -2267816.468  5009363.374  3221023.247
2022  62  27262 GPS  -2267816.608  5009362.831  3221022.968
2022  62  27263 GPS  -2267816.792  5009362.479  3221022.579
2022  62  27264 GPS  -2267816.953  5009362.115  3221021.997
2022  62  27265 GPS  -2267817.101  5009361.647  3221021.453
2022  62  27266 GPS  -2267817.601  5009362.517  3221021.882
2022  62  27267 GPS  -2267817.589  5009361.186  3221020.927
2022  62  27268 GPS  -2267817.924  5009361.130  3221020.887
2022  62  27269 GPS  -2267818.223  5009361.292  3221020.916
2022  62  27270 GPS  -2267818.448  5009361.270  3221020.766
2022  62  27271 GPS  -2267818.705  5009361.364  3221020.540
2022  62  27272 GPS  -2267818.794  5009360.976  3221020.042
2022  62  27273 GPS  -2267818.907  5009360.759  3221019.625
2022  62  27274 GPS  -2267819.041  5009360.276  3221018.934
2022  62  27275 GPS  -2267819.060  5009359.947  3221018.497
2022  62  27276 GPS  -2267819.136  5009359.937  3221018.442
2022  62  27277 GPS  -2267819.083  5009359.786  3221018.103
2022  62  27278 GPS  -2267819.080  5009359.177  3221017.675
2022  62  27279 GPS  -2267819.026  5009358.821  3221017.401
2022  62  27280 GPS  -2267818.997  5009358.586  3221017.168
2022  62  27281 GPS  -2267818.863  5009357.740  3221016.455
2022  62  27282 GPS  -2267818.765  5009357.090  3221016.001
2022  62  27283 GPS  -2267818.537  5009356.265  3221015.563
2022  62  27284 GPS  -2267818.313  5009355.318  3221015.050
2022  62  27285 GPS  -2267817.985  5009354.465  3221014.402
2022  62  27286 GPS  -2267817.702  5009353.572  3221013.697
2022  62  27287 GPS  -2267817.590  5009352.881  3221013.623
2022  62  27288 GPS  -2267817.274  5009352.137  3221013.342
2022  62  27289 GPS  -2267817.105  5009351.719  3221013.322
2022  62  27290 GPS  -2267816.902  5009351.381  3221013.214
2022  62  27291 GPS  -2267816.689  5009350.878  3221012.991
2022  62  27292 GPS  -2267816.509  5009350.522  3221013.063
2022  62  27293 GPS  -2267816.308  5009350.356  3221012.739
2022  62  27294 GPS  -2267816.144  5009350.416  3221012.771
2022  62  27295 GPS  -2267815.860  5009350.300  3221012.552
2022  62  27296 GPS  -2267815.722  5009350.574  3221012.906
2022  62  27297 GPS  -2267815.771  5009350.889  3221013.114
2022  62  27298 GPS  -2267815.582  5009351.166  3221013.086
2022  62  27299 GPS  -2267815.457  5009351.644  3221013.216
2022  62  27300 GPS  -2267815.294  5009351.993  3221013.187
2022  62  27301 GPS  -2267815.552  5009352.827  3221013.655
2022  62  27302 GPS  -2267815.657  5009353.887  3221014.173
2022  62  27303 GPS  -2267815.855  5009355.007  3221014.891
2022  62  27304 GPS  -2267816.014  5009355.935  3221015.793
2022  62  27305 GPS  -2267816.131  5009356.633  3221016.204
2022  62  27306 GPS  -2267816.177  5009357.382  3221016.612
2022  62  27307 GPS  -2267816.393  5009358.145  3221017.313
2022  62  27308 GPS  -2267816.679  5009359.023  3221018.195
2022  62  27309 GPS  -2267816.659  5009358.887  3221018.208
2022  62  27310 GPS  -2267816.811  5009359.109  3221018.764
2022  62  27311 GPS  -2267816.833  5009358.960  3221018.990
2022  62  27312 GPS  -2267816.899  5009358.808  3221019.148
2022  62  27313 GPS  -2267816.980  5009358.933  3221019.394
2022  62  27314 GPS  -2267817.218  5009358.817  3221019.678
2022  62  27315 GPS  -2267817.135  5009358.658  3221019.784
2022  62  27316 GPS  -2267817.065  5009358.660  3221020.027
2022  62  27317 GPS  -2267817.254  5009358.605  3221020.292
2022  62  27318 GPS  -2267817.339  5009358.486  3221020.543
2022  62  27319 GPS  -2267817.310  5009358.421  3221020.695
2022  62  27320 GPS  -2267817.162  5009358.229  3221020.705
2022  62  27321 GPS  -2267817.036  5009357.962  3221020.765
2022  62  27322 GPS  -2267819.256  5009360.256  3221022.224
2022  62  27323 GPS  -2267816.910  5009357.587  3221020.574
2022  62  27324 GPS  -2267816.850  5009357.639  3221020.470
2022  62  27325 GPS  -2267816.643  5009357.605  3221020.350
2022  62  27326 GPS  -2267816.535  5009357.682  3221020.775
2022  62  27327 GPS  -2267816.338  5009357.738  3221020.772
2022  62  27328 GPS  -2267816.156  5009357.759  3221020.828
2022  62  27329 GPS  -2267816.132  5009357.728  3221020.823
2022  62  27330 GPS  -2267816.257  5009358.124  3221021.281
2022  62  27331 GPS  -2267815.983  5009358.131  3221021.121
2022  62  27332 GPS  -2267815.772  5009357.929  3221021.105
2022  62  27333 GPS  -2267815.391  5009357.803  3221020.740
2022  62  27334 GPS  -2267815.195  5009357.866  3221020.651
2022  62  27335 GPS  -2267815.195  5009358.093  3221020.693
2022  62  27336 GPS  -2267815.064  5009358.345  3221020.190
2022  62  27337 GPS  -2267814.939  5009358.303  3221020.065
2022  62  27338 GPS  -2267814.738  5009358.092  3221019.538
2022  62  27339 GPS  -2267814.613  5009358.229  3221019.453
2022  62  27340 GPS  -2267814.516  5009358.185  3221019.371
2022  62  27341 GPS  -2267814.366  5009357.981  3221018.805
2022  62  27342 GPS  -2267814.282  5009358.301  3221018.765
2022  62  27343 GPS  -2267814.118  5009358.193  3221018.217
2022  62  27344 GPS  -2267813.977  5009358.202  3221017.645
2022  62  27345 GPS  -2267813.903  5009358.714  3221017.857
2022  62  27346 GPS  -2267813.982  5009358.823  3221017.742
2022  62  27347 GPS  -2267813.893  5009358.600  3221017.522
2022  62  27348 GPS  -2267813.895  5009358.790  3221017.594
2022  62  27349 GPS  -2267813.674  5009359.143  3221017.398
2022  62  27350 GPS  -2267813.530  5009359.417  3221017.437
2022  62  27351 GPS  -2267813.549  5009360.039  3221017.740
2022  62  27352 GPS  -2267813.592  5009360.441  3221017.728
2022  62  27353 GPS  -2267813.550  5009360.881  3221018.212
2022  62  27354 GPS  -2267813.272  5009360.656  3221017.763
2022  62  27355 GPS  -2267812.996  5009360.297  3221017.585
2022  62  27356 GPS  -2267812.724  5009360.155  3221017.628
2022  62  27357 GPS  -2267812.395  5009359.926  3221017.241
2022  62  27358 GPS  -2267812.253  5009359.788  3221017.400
2022  62  27359 GPS  -2267812.391  5009360.054  3221017.631
2022  62  27360 GPS  -2267812.248  5009360.178  3221017.813
2022  62  27361 GPS  -2267812.174  5009360.257  3221018.116
2022  62  27362 GPS  -2267811.913  5009360.022  3221018.344
2022  62  27363 GPS  -2267811.758  5009360.008  3221018.346
2022  62  27364 GPS  -2267811.800  5009359.676  3221018.444
2022  62  27365 GPS  -2267811.780  5009359.649  3221018.443
2022  62  27366 GPS  -2267811.966  5009360.125  3221019.146
2022  62  27367 GPS  -2267811.910  5009360.288  3221019.384
2022  62  27368 GPS  -2267811.787  5009359.959  3221019.662
2022  62  27369 GPS  -2267811.741  5009359.947  3221019.915
2022  62  27370 GPS  -2267811.846  5009360.221  3221020.456
2022  62  27371 GPS  -2267811.849  5009360.116  3221020.491
2022  62  27372 GPS  -2267811.887  5009360.323  3221020.684
2022  62  27373 GPS  -2267811.872  5009360.885  3221021.101
2022  62  27374 GPS  -2267811.807  5009361.122  3221021.380
2022  62  27375 GPS  -2267811.828  5009361.109  3221021.442
2022  62  27376 GPS  -2267811.708  5009361.088  3221021.445
2022  62  27377 GPS  -2267811.755  5009361.151  3221021.482
2022  62  27378 GPS  -2267811.833  5009361.370  3221021.759
2022  62  27379 GPS  -2267811.751  5009361.138  3221021.505
2022  62  27380 GPS  -2267811.603  5009360.643  3221021.322
2022  62  27381 GPS  -2267811.424  5009360.423  3221020.914
2022  62  27382 GPS  -2267811.203  5009360.031  3221020.797
2022  62  27383 GPS  -2267811.154  5009359.765  3221020.661
2022  62  27384 GPS  -2267811.106  5009359.747  3221020.592
2022  62  27385 GPS  -2267810.997  5009359.400  3221020.542
2022  62  27386 GPS  -2267810.751  5009358.531  3221019.907
2022  62  27387 GPS  -2267810.843  5009358.048  3221019.763
2022  62  27388 GPS  -2267810.792  5009357.614  3221019.547
2022  62  27389 GPS  -2267810.621  5009357.212  3221019.046
2022  62  27390 GPS  -2267810.466  5009357.234  3221018.846
2022  62  27391 GPS  -2267810.196  5009356.703  3221018.122
2022  62  27392 GPS  -2267809.943  5009356.297  3221017.201
2022  62  27393 GPS  -2267809.710  5009355.807  3221016.382
2022  62  27394 GPS  -2267809.488  5009355.309  3221015.743
2022  62  27395 GPS  -2267809.159  5009355.230  3221015.207
2022  62  27396 GPS  -2267808.874  5009355.131  3221014.677
2022  62  27397 GPS  -2267808.652  5009355.086  3221014.361
2022  62  27398 GPS  -2267808.329  5009354.721  3221013.822
2022  62  27399 GPS  -2267808.240  5009354.247  3221013.138
2022  62  27400 GPS  -2267807.919  5009353.840  3221012.402
2022  62  27401 GPS  -2267807.682  5009353.880  3221011.847
2022  62  27402 GPS  -2267807.433  5009354.011  3221011.531
2022  62  27403 GPS  -2267806.959  5009353.711  3221010.803
2022  62  27404 GPS  -2267806.574  5009353.318  3221010.017
2022  62  27405 GPS  -2267806.748  5009354.065  3221010.081
2022  62  27406 GPS  -2267806.548  5009354.417  3221009.786
2022  62  27407 GPS  -2267806.514  5009354.883  3221009.804
2022  62  27408 GPS  -2267806.485  5009355.378  3221009.766
2022  62  27409 GPS  -2267806.421  5009355.520  3221009.468
2022  62  27410 GPS  -2267806.423  5009356.127  3221009.525
2022  62  27411 GPS  -2267806.459  5009356.460  3221009.497
2022  62  27412 GPS  -2267806.537  5009356.715  3221009.524
2022  62  27413 GPS  -2267806.604  5009356.975  3221009.672
2022  62  27414 GPS  -2267806.635  5009357.036  3221009.486
2022  62  27415 GPS  -2267806.575  5009357.586  3221009.508
2022  62  27416 GPS  -2267806.826  5009357.931  3221009.937
2022  62  27417 GPS  -2267807.003  5009358.067  3221010.107
2022  62  27418 GPS  -2267807.321  5009358.439  3221010.690
2022  62  27419 GPS  -2267807.473  5009358.709  3221011.053
2022  62  27420 GPS  -2267807.713  5009358.972  3221011.307
2022  62  27421 GPS  -2267807.915  5009358.950  3221011.540
2022  62  27422 GPS  -2267808.268  5009358.865  3221011.946
2022  62  27423 GPS  -2267808.649  5009358.679  3221012.180
2022  62  27424 GPS  -2267808.874  5009358.591  3221012.267
2022  62  27425 GPS  -2267809.065  5009358.807  3221012.422
2022  62  27426 GPS  -2267809.205  5009358.666  3221012.352
2022  62  27427 GPS  -2267809.454  5009358.762  3221012.699
2022  62  27428 GPS  -2267809.571  5009358.805  3221012.839
2022  62  27429 GPS  -2267809.571  5009358.400  3221012.711
2022  62  27430 GPS  -2267809.585  5009358.349  3221012.691
2022  62  27431 GPS  -2267809.478  5009358.164  3221012.774
2022  62  27432 GPS  -2267809.431  5009357.618  3221012.381
2022  62  27433 GPS  -2267809.304  5009357.619  3221012.417
2022  62  27434 GPS  -2267809.037  5009357.232  3221012.348
2022  62  27435 GPS  -2267808.936  5009357.080  3221012.398
2022  62  27436 GPS  -2267808.845  5009356.997  3221012.217
2022  62  27437 GPS  -2267808.637  5009356.633  3221012.098
2022  62  27438 GPS  -2267808.600  5009356.620  3221012.484
2022  62  27439 GPS  -2267808.393  5009356.045  3221012.288
2022  62  27440 GPS  -2267808.102  5009355.652  3221012.133
2022  62  27441 GPS  -2267808.136  5009355.715  3221012.409
2022  62  27442 GPS  -2267808.097  5009355.732  3221012.948
2022  62  27443 GPS  -2267808.022  5009355.793  3221013.162
2022  62  27444 GPS  -2267807.920  5009355.835  3221013.287
2022  62  27445 GPS  -2267807.924  5009356.043  3221013.537
2022  62  27446 GPS  -2267808.008  5009356.088  3221013.405
2022  62  27447 GPS  -2267808.097  5009356.406  3221013.545
2022  62  27448 GPS  -2267808.348  5009356.720  3221013.801
2022  62  27449 GPS  -2267808.527  5009356.749  3221013.655
2022  62  27450 GPS  -2267808.722  5009357.146  3221014.038
2022  62  27451 GPS  -2267808.910  5009357.486  3221014.236
2022  62  27452 GPS  -2267809.046  5009357.482  3221014.313
2022  62  27453 GPS  -2267809.244  5009357.402  3221014.203
2022  62  27454 GPS  -2267809.310  5009357.144  3221014.012
2022  62  27455 GPS  -2267809.810  5009357.744  3221014.714
2022  62  27456 GPS  -2267809.947  5009357.678  3221014.562
2022  62  27457 GPS  -2267809.989  5009358.057  3221014.749
2022  62  27458 GPS  -2267810.079  5009357.969  3221014.629
2022  62  27459 GPS  -2267810.215  5009358.044  3221014.530
2022  62  27460 GPS  -2267810.310  5009358.177  3221014.376
2022  62  27461 GPS  -2267810.423  5009358.092  3221014.320
2022  62  27462 GPS  -2267810.561  5009358.003  3221014.049
2022  62  27463 GPS  -2267810.739  5009357.967  3221013.993
2022  62  27464 GPS  -2267810.847  5009357.831  3221013.779
2022  62  27465 GPS  -2267811.038  5009357.686  3221013.314
2022  62  27466 GPS  -2267811.219  5009357.487  3221013.007
2022  62  27467 GPS  -2267811.338  5009357.502  3221013.114
2022  62  27468 GPS  -2267811.381  5009357.361  3221012.989
2022  62  27469 GPS  -2267811.579  5009357.309  3221013.687
2022  62  27470 GPS  -2267811.654  5009357.089  3221013.642
2022  62  27471 GPS  -2267811.757  5009357.028  3221013.640
2022  62  27472 GPS  -2267811.585  5009356.692  3221013.668
2022  62  27473 GPS  -2267811.701  5009356.867  3221014.323
2022  62  27474 GPS  -2267811.468  5009356.503  3221014.234
2022  62  27475 GPS  -2267811.455  5009356.266  3221014.815
2022  62  27476 GPS  -2267811.451  5009355.716  3221014.970
2022  62  27477 GPS  -2267811.309  5009355.150  3221014.886
2022  62  27478 GPS  -2267811.121  5009354.808  3221015.037
2022  62  27479 GPS  -2267811.039  5009354.476  3221014.949
2022  62  27480 GPS  -2267810.835  5009353.712  3221014.866
2022  62  27481 GPS  -2267810.528  5009353.187  3221014.651
2022  62  27482 GPS  -2267810.460  5009353.118  3221014.675
2022  62  27483 GPS  -2267810.270  5009353.269  3221015.121
2022  62  27484 GPS  -2267809.958  5009353.054  3221015.139
2022  62  27485 GPS  -2267809.729  5009353.202  3221015.378
2022  62  27486 GPS  -2267809.441  5009352.920  3221015.293
2022  62  27487 GPS  -2267809.343  5009352.855  3221015.288
2022  62  27488 GPS  -2267809.321  5009353.488  3221015.969
2022  62  27489 GPS  -2267809.139  5009353.536  3221015.939
2022  62  27490 GPS  -2267809.415  5009354.272  3221016.711
2022  62  27491 GPS  -2267809.440  5009354.567  3221016.870
2022  62  27492 GPS  -2267809.478  5009355.143  3221017.302
2022  62  27493 GPS  -2267809.737  5009355.776  3221017.919
2022  62  27494 GPS  -2267809.992  5009356.492  3221018.574
2022  62  27495 GPS  -2267810.238  5009357.226  3221019.169
2022  62  27496 GPS  -2267810.274  5009357.483  3221019.515
2022  62  27497 GPS  -2267810.520  5009357.630  3221019.600
2022  62  27498 GPS  -2267810.616  5009358.086  3221020.091
2022  62  27499 GPS  -2267810.939  5009358.801  3221020.774
2022  62  27500 GPS  -2267811.401  5009359.594  3221021.331
2022  62  27501 GPS  -2267811.835  5009360.004  3221021.946
2022  62  27502 GPS  -2267811.957  5009360.473  3221022.378
2022  62  27503 GPS  -2267812.246  5009361.013  3221022.423
2022  62  27504 GPS  -2267812.557  5009361.344  3221022.549
2022  62  27505 GPS  -2267812.970  5009361.870  3221023.105
2022  62  27506 GPS  -2267813.062  5009361.968  3221023.208
2022  62  27507 GPS  -2267813.338  5009362.543  3221023.790
2022  62  27508 GPS  -2267813.381  5009362.545  3221023.899
2022  62  27509 GPS  -2267813.555  5009363.099  3221024.349
2022  62  27510 GPS  -2267813.737  5009363.312  3221024.604
2022  62  27511 GPS  -2267814.173  5009364.744  3221025.431
2022  62  27512 GPS  -2267813.880  5009363.643  3221024.636
2022  62  27513 GPS  -2267813.824  5009363.481  3221024.496
2022  62  27514 GPS  -2267813.909  5009363.747  3221024.706
2022  62  27515 GPS  -2267813.977  5009363.791  3221024.505
2022  62  27516 GPS  -2267814.198  5009364.333  3221024.712
2022  62  27517 GPS  -2267814.454  5009364.724  3221024.494
2022  62  27518 GPS  -2267814.613  5009364.979  3221024.586
2022  62  27519 GPS  -2267814.888  5009365.716  3221024.815
2022  62  27520 GPS  -2267814.786  5009365.603  3221024.361
2022  62  27521 GPS  -2267815.045  5009366.001  3221024.282
2022  62  27522 GPS  -2267815.180  5009366.683  3221024.540
2022  62  27523 GPS  -2267815.411  5009367.108  3221024.850
2022  62  27524 GPS  -2267815.544  5009367.427  3221024.965
2022  62  27525 GPS  -2267815.820  5009368.049  3221025.293
2022  62  27526 GPS  -2267816.036  5009368.667  3221025.232
2022  62  27527 GPS  -2267816.407  5009369.364  3221025.660
2022  62  27528 GPS  -2267816.487  5009369.657  3221025.618
2022  62  27529 GPS  -2267816.715  5009370.106  3221025.788
2022  62  27530 GPS  -2267816.800  5009369.982  3221025.249
2022  62  27531 GPS  -2267816.864  5009370.165  3221025.069
2022  62  27532 GPS  -2267816.923  5009370.174  3221024.790
2022  62  27533 GPS  -2267817.233  5009370.421  3221024.820
2022  62  27534 GPS  -2267817.279  5009370.249  3221024.456
2022  62  27535 GPS  -2267817.503  5009370.224  3221023.983
2022  62  27536 GPS  -2267817.695  5009370.411  3221023.654
2022  62  27537 GPS  -2267817.755  5009370.265  3221023.188
2022  62  27538 GPS  -2267817.796  5009370.297  3221023.220
2022  62  27539 GPS  -2267817.959  5009370.272  3221023.215
2022  62  27540 GPS  -2267817.983  5009369.758  3221022.681
2022  62  27541 GPS  -2267818.415  5009370.726  3221022.684
2022  62  27542 GPS  -2267818.143  5009369.355  3221021.524
2022  62  27543 GPS  -2267818.198  5009369.163  3221020.758
2022  62  27544 GPS  -2267818.321  5009369.053  3221020.272
2022  62  27545 GPS  -2267818.352  5009368.929  3221019.905
2022  62  27546 GPS  -2267818.295  5009368.679  3221019.132
2022  62  27547 GPS  -2267818.319  5009368.534  3221018.813
2022  62  27548 GPS  -2267818.120  5009368.150  3221017.989
2022  62  27549 GPS  -2267817.778  5009367.557  3221017.105
2022  62  27550 GPS  -2267817.574  5009367.140  3221016.277
2022  62  27551 GPS  -2267817.251  5009366.418  3221015.263
2022  62  27552 GPS  -2267817.119  5009366.178  3221014.713
2022  62  27553 GPS  -2267817.122  5009366.123  3221014.568
2022  62  27554 GPS  -2267816.992  5009366.068  3221014.427
2022  62  27555 GPS  -2267816.631  5009365.825  3221013.749
2022  62  27556 GPS  -2267816.653  5009365.937  3221013.409
2022  62  27557 GPS  -2267816.558  5009366.095  3221012.912
2022  62  27558 GPS  -2267816.433  5009366.260  3221013.012
2022  62  27559 GPS  -2267816.269  5009366.006  3221012.389
2022  62  27560 GPS  -2267816.212  5009366.146  3221012.060
2022  62  27561 GPS  -2267816.079  5009366.168  3221011.462
2022  62  27562 GPS  -2267816.040  5009366.201  3221010.916
2022  62  27563 GPS  -2267815.851  5009366.155  3221010.162
2022  62  27564 GPS  -2267816.057  5009366.514  3221010.277
2022  62  27565 GPS  -2267816.072  5009366.636  3221010.024
2022  62  27566 GPS  -2267816.082  5009366.522  3221009.477
2022  62  27567 GPS  -2267816.145  5009366.260  3221009.188
2022  62  27568 GPS  -2267816.335  5009366.434  3221009.364
2022  62  27569 GPS  -2267816.490  5009366.671  3221009.630
2022  62  27570 GPS  -2267816.531  5009366.364  3221009.012
2022  62  27571 GPS  -2267816.865  5009366.715  3221009.140
2022  62  27572 GPS  -2267817.128  5009366.898  3221009.090
2022  62  27573 GPS  -2267817.392  5009367.430  3221009.099
2022  62  27574 GPS  -2267817.621  5009367.305  3221008.941
2022  62  27575 GPS  -2267817.793  5009367.324  3221009.137
2022  62  27576 GPS  -2267817.741  5009367.146  3221008.986
2022  62  27577 GPS  -2267817.653  5009366.688  3221008.487
2022  62  27578 GPS  -2267817.475  5009366.594  3221008.300
2022  62  27579 GPS  -2267817.578  5009366.769  3221008.667
2022  62  27580 GPS  -2267817.559  5009366.855  3221008.712
2022  62  27581 GPS  -2267817.684  5009367.158  3221009.217
2022  62  27582 GPS  -2267817.834  5009367.645  3221009.778
2022  62  27583 GPS  -2267817.974  5009368.273  3221010.222
2022  62  27584 GPS  -2267817.965  5009368.724  3221010.775
2022  62  27585 GPS  -2267818.000  5009369.588  3221011.653
2022  62  27586 GPS  -2267818.021  5009370.271  3221012.223
2022  62  27587 GPS  -2267818.081  5009370.661  3221012.475
2022  62  27588 GPS  -2267818.044  5009370.760  3221012.476
2022  62  27589 GPS  -2267817.966  5009371.079  3221012.727
2022  62  27590 GPS  -2267818.015  5009371.593  3221013.616
2022  62  27591 GPS  -2267817.967  5009372.178  3221014.212
2022  62  27592 GPS  -2267818.098  5009373.052  3221015.100
2022  62  27593 GPS  -2267818.616  5009375.452  3221016.333
2022  62  27594 GPS  -2267818.655  5009376.083  3221016.689
2022  62  27595 GPS  -2267818.749  5009376.750  3221017.235
2022  62  27596 GPS  -2267818.307  5009375.828  3221017.148
2022  62  27597 GPS  -2267818.249  5009376.097  3221017.626
2022  62  27598 GPS  -2267818.364  5009376.718  3221018.113
2022  62  27599 GPS  -2267818.617  5009377.372  3221018.992
2022  62  27600 GPS  -2267818.728  5009378.022  3221019.736
2022  62  27601 GPS  -2267818.756  5009378.189  3221020.180
2022  62  27602 GPS  -2267819.471  5009380.805  3221021.951
2022  62  27603 GPS  -2267819.816  5009381.290  3221022.543
2022  62  27604 GPS  -2267819.938  5009381.761  3221023.086
2022  62  27605 GPS  -2267820.299  5009382.273  3221023.720
2022  62  27606 GPS  -2267820.040  5009381.030  3221023.760
2022  62  27607 GPS  -2267820.524  5009382.905  3221024.929
2022  62  27608 GPS  -2267820.234  5009381.556  3221024.885
2022  62  27609 GPS  -2267820.823  5009384.212  3221026.519
2022  62  27610 GPS  -2267820.992  5009384.638  3221027.157
2022  62  27611 GPS  -2267821.261  5009385.416  3221027.890
2022  62  27612 GPS  -2267821.345  5009385.683  3221028.145
2022  62  27613 GPS  -2267821.521  5009386.015  3221028.517
2022  62  27614 GPS  -2267821.744  5009386.505  3221028.921
2022  62  27615 GPS  -2267821.821  5009386.819  3221029.738
2022  62  27616 GPS  -2267821.915  5009387.288  3221030.109
2022  62  27617 GPS  -2267822.100  5009388.072  3221030.790
2022  62  27618 GPS  -2267822.057  5009387.916  3221031.068
2022  62  27619 GPS  -2267822.032  5009387.842  3221031.603
2022  62  27620 GPS  -2267821.959  5009387.533  3221031.362
2022  62  27621 GPS  -2267821.525  5009385.578  3221030.910
2022  62  27622 GPS  -2267822.082  5009387.670  3221032.223
2022  62  27623 GPS  -2267822.117  5009387.416  3221032.332
2022  62  27624 GPS  -2267822.096  5009387.111  3221032.293
2022  62  27625 GPS  -2267822.016  5009386.930  3221032.320
2022  62  27626 GPS  -2267821.862  5009386.373  3221032.250
2022  62  27627 GPS  -2267821.677  5009385.948  3221032.419
2022  62  27628 GPS  -2267821.865  5009386.161  3221032.896
2022  62  27629 GPS  -2267822.101  5009386.407  3221033.220
2022  62  27630 GPS  -2267822.198  5009386.212  3221033.859
2022  62  27631 GPS  -2267821.599  5009383.621  3221033.174
2022  62  27632 GPS  -2267822.032  5009384.988  3221033.958
2022  62  27633 GPS  -2267821.517  5009383.198  3221033.727
2022  62  27634 GPS  -2267821.824  5009384.765  3221034.752
2022  62  27635 GPS  -2267821.221  5009382.840  3221034.097
2022  62  27636 GPS  -2267821.652  5009384.917  3221035.661
2022  62  27637 GPS  -2267821.576  5009385.039  3221036.175
2022  62  27638 GPS  -2267821.396  5009384.878  3221036.344
2022  62  27639 GPS  -2267821.105  5009384.377  3221036.263
2022  62  27640 GPS  -2267820.647  5009383.199  3221036.047
2022  62  27641 GPS  -2267821.052  5009385.128  3221036.718
2022  62  27642 GPS  -2267821.105  5009385.687  3221037.247
2022  62  27643 GPS  -2267821.023  5009386.183  3221037.645
2022  62  27644 GPS  -2267820.559  5009385.885  3221037.730
2022  62  27645 GPS  -2267819.947  5009384.017  3221037.010
2022  62  27646 GPS  -2267820.223  5009386.103  3221037.917
2022  62  27647 GPS  -2267820.128  5009385.990  3221037.646
2022  62  27648 GPS  -2267819.850  5009385.913  3221037.157
2022  62  27649 GPS  -2267819.580  5009385.952  3221037.238
2022  62  27650 GPS  -2267819.240  5009385.918  3221037.171
2022  62  27651 GPS  -2267818.530  5009384.110  3221036.168
2022  62  27652 GPS  -2267818.709  5009385.896  3221037.292
2022  62  27653 GPS  -2267818.507  5009385.753  3221037.296
2022  62  27654 GPS  -2267817.801  5009383.365  3221036.165
2022  62  27655 GPS  -2267817.899  5009384.638  3221036.768
2022  62  27656 GPS  -2267817.690  5009384.619  3221036.609
2022  62  27657 GPS  -2267817.064  5009382.587  3221035.768
2022  62  27658 GPS  -2267816.916  5009382.553  3221035.730
2022  62  27659 GPS  -2267816.809  5009382.590  3221035.703
2022  62  27660 GPS  -2267817.464  5009385.139  3221037.046
2022  62  27661 GPS  -2267817.396  5009384.973  3221037.033
2022  62  27662 GPS  -2267817.337  5009385.009  3221036.948
2022  62  27663 GPS  -2267816.788  5009382.921  3221036.166
2022  62  27664 GPS  -2267816.981  5009384.201  3221036.960
2022  62  27665 GPS  -2267816.920  5009384.087  3221036.785
2022  62  27666 GPS  -2267816.570  5009382.514  3221036.622
2022  62  27667 GPS  -2267816.987  5009384.642  3221038.117
2022  62  27668 GPS  -2267816.270  5009382.439  3221037.208
2022  62  27669 GPS  -2267816.698  5009384.753  3221038.582
2022  62  27670 GPS  -2267816.631  5009384.817  3221038.769
2022  62  27671 GPS  -2267816.887  5009385.591  3221040.080
2022  62  27672 GPS  -2267816.847  5009385.537  3221040.281
2022  62  27673 GPS  -2267816.015  5009382.693  3221038.167
2022  62  27674 GPS  -2267816.494  5009385.213  3221040.002
2022  62  27675 GPS  -2267816.386  5009385.503  3221040.354
2022  62  27676 GPS  -2267815.648  5009383.394  3221038.919
2022  62  27677 GPS  -2267807.522  5009354.450  3220991.766
2022  62  27678 GPS  -2267809.965  5009363.837  3221005.386
2022  62  27679 GPS  -2267812.193  5009372.437  3221020.026
2022  62  27680 GPS  -2267812.238  5009373.069  3221019.147
2022  62  27681 GPS  -2267815.985  5009387.566  3221041.498
2022  62  27682 GPS  -2267815.418  5009385.260  3221040.322
2022  62  27683 GPS  -2267816.209  5009388.769  3221042.794
2022  62  27684 GPS  -2267815.608  5009386.695  3221041.512
2022  62  27685 GPS  -2267815.633  5009386.829  3221041.645
2022  62  27686 GPS  -2267816.169  5009389.344  3221043.854
2022  62  27687 GPS  -2267805.016  5009348.622  3220979.861
2022  62  27688 GPS  -2267806.332  5009353.826  3220988.286
2022  62  27689 GPS  -2267807.188  5009357.022  3220993.679
2022  62  27690 GPS  -2267806.773  5009355.657  3220991.957
2022  62  27691 GPS  -2267808.512  5009362.215  3221003.863
2022  62  27692 GPS  -2267811.193  5009372.224  3221018.307
2022  62  27693 GPS  -2267809.759  5009367.028  3221010.576
2022  62  27694 GPS  -2267809.936  5009366.749  3221010.536
2022  62  27695 GPS  -2267809.393  5009364.518  3221007.038
2022  62  27696 GPS  -2267808.896  5009362.107  3221004.350
2022  62  27697 GPS  -2267811.606  5009371.380  3221017.104
2022  62  27698 GPS  -2267811.031  5009368.830  3221012.731
2022  62  27699 GPS  -2267811.905  5009372.004  3221017.381
2022  62  27700 GPS  -2267812.160  5009372.398  3221017.894
2022  62  27701 GPS  -2267810.618  5009366.322  3221008.340
2022  62  27702 GPS  -2267808.857  5009359.639  3220997.585
2022  62  27703 GPS  -2267809.935  5009363.740  3221002.780
2022  62  27704 GPS  -2267810.384  5009364.310  3221004.188
2022  62  27705 GPS  -2267810.926  5009365.999  3221006.424
2022  62  27706 GPS  -2267811.562  5009368.563  3221009.012
2022  62  27707 GPS  -2267812.015  5009369.656  3221010.363
2022  62  27708 GPS  -2267811.756  5009367.741  3221008.339
2022  62  27709 GPS  -2267812.897  5009371.024  3221010.943
2022  62  27710 GPS  -2267812.319  5009368.664  3221008.154
2022  62  27711 GPS  -2267812.660  5009369.859  3221009.446
2022  62  27712 GPS  -2267813.829  5009373.796  3221013.307
2022  62  27713 GPS  -2267814.055  5009373.837  3221015.087
2022  62  27714 GPS  -2267814.662  5009375.673  3221016.003
2022  62  27715 GPS  -2267815.189  5009376.442  3221017.108
2022  62  27716 GPS  -2267815.719  5009377.863  3221018.318
2022  62  27717 GPS  -2267816.127  5009378.918  3221019.727
2022  62  27718 GPS  -2267816.539  5009379.689  3221020.929
2022  62  27719 GPS  -2267816.783  5009379.698  3221022.701
2022  62  27720 GPS  -2267816.930  5009380.071  3221023.408
2022  62  27721 GPS  -2267820.436  5009392.969  3221044.672
2022  62  27722 GPS  -2267820.721  5009393.424  3221045.255
2022  62  27723 GPS  -2267820.870  5009393.534  3221045.456
2022  62  27724 GPS  -2267821.015  5009393.581  3221045.673
2022  62  27725 GPS  -2267821.103  5009393.394  3221046.080
2022  62  27726 GPS  -2267821.320  5009393.275  3221046.407
2022  62  27727 GPS  -2267815.840  5009372.255  3221011.630
2022  62  27728 GPS  -2267818.141  5009380.518  3221025.355
2022  62  27729 GPS  -2267818.359  5009380.756  3221025.740
2022  62  27730 GPS  -2267817.703  5009377.920  3221020.830
2022  62  27731 GPS  -2267817.320  5009375.446  3221016.763
2022  62  27732 GPS  -2267817.468  5009376.058  3221017.477
2022  62  27733 GPS  -2267815.584  5009369.038  3221005.789
2022  62  27734 GPS  -2267817.876  5009377.382  3221019.607
2022  62  27735 GPS  -2267817.215  5009374.452  3221015.076
2022  62  27736 GPS  -2267817.748  5009376.531  3221018.399
2022  62  27737 GPS  -2267818.012  5009377.434  3221019.897
2022  62  27738 GPS  -2267818.007  5009377.780  3221020.071
2022  62  27739 GPS  -2267819.080  5009381.592  3221026.229
2022  62  27740 GPS  -2267817.454  5009375.819  3221016.609
2022  62  27741 GPS  -2267823.488  5009399.034  3221054.876
2022  62  27742 GPS  -2267823.607  5009399.500  3221055.500
2022  62  27743 GPS  -2267823.432  5009399.213  3221055.418
2022  62  27744 GPS  -2267823.064  5009398.608  3221054.901
2022  62  27745 GPS  -2267822.995  5009398.582  3221055.172
2022  62  27746 GPS  -2267812.805  5009360.343  3220992.580
2022  62  27747 GPS  -2267812.122  5009357.508  3220988.062
2022  62  27748 GPS  -2267813.665  5009363.003  3220996.919
2022  62  27749 GPS  -2267813.797  5009362.961  3220996.955
2022  62  27750 GPS  -2267816.293  5009371.839  3221012.050
2022  62  27751 GPS  -2267818.455  5009379.439  3221024.960
2022  62  27752 GPS  -2267819.073  5009381.024  3221027.917
2022  62  27753 GPS  -2267817.764  5009375.748  3221019.749
2022  62  27754 GPS  -2267816.868  5009371.588  3221013.428
2022  62  27755 GPS  -2267817.001  5009371.227  3221013.177
2022  62  27756 GPS  -2267818.038  5009374.706  3221019.367
2022  62  27757 GPS  -2267819.578  5009379.446  3221027.423
2022  62  27758 GPS  -2267819.413  5009378.152  3221025.687
2022  62  27759 GPS  -2267818.821  5009374.819  3221020.911
2022  62  27760 GPS  -2267818.224  5009372.326  3221017.474
2022  62  27761 GPS  -2267818.239  5009372.275  3221017.541
2022  62  27762 GPS  -2267818.081  5009372.027  3221017.146
2022  62  27763 GPS  -2267818.420  5009373.331  3221019.474
2022  62  27764 GPS  -2267817.649  5009370.862  3221016.175
2022  62  27765 GPS  -2267817.845  5009370.807  3221016.527
2022  62  27766 GPS  -2267818.241  5009372.425  3221019.379
2022  62  27767 GPS  -2267818.051  5009372.338  3221019.469
2022  62  27768 GPS  -2267818.160  5009373.695  3221022.165
2022  62  27769 GPS  -2267818.048  5009374.421  3221023.583
2022  62  27770 GPS  -2267817.839  5009374.088  3221023.373
2022  62  27771 GPS  -2267817.420  5009373.182  3221021.933
2022  62  27772 GPS  -2267817.447  5009373.664  3221022.874
2022  62  27773 GPS  -2267817.532  5009375.139  3221025.360
2022  62  27774 GPS  -2267817.264  5009374.996  3221025.492
2022  62  27775 GPS  -2267816.848  5009374.427  3221025.028
2022  62  27776 GPS  -2267816.634  5009374.233  3221025.384
2022  62  27777 GPS  -2267816.543  5009374.414  3221026.139
2022  62  27778 GPS  -2267816.083  5009373.484  3221025.427
2022  62  27779 GPS  -2267815.789  5009373.165  3221025.444
2022  62  27780 GPS  -2267815.871  5009373.807  3221026.663
2022  62  27781 GPS  -2267815.859  5009374.195  3221028.024
2022  62  27782 GPS  -2267815.939  5009374.566  3221029.371
2022  62  27783 GPS  -2267816.091  5009374.867  3221030.382
2022  62  27784 GPS  -2267816.044  5009374.852  3221030.881
2022  62  27785 GPS  -2267816.056  5009374.816  3221031.286
2022  62  27786 GPS  -2267816.039  5009374.760  3221031.632
2022  62  27787 GPS  -2267815.987  5009374.653  3221031.998
2022  62  27788 GPS  -2267816.014  5009374.838  3221032.760
2022  62  27789 GPS  -2267816.077  5009374.801  3221032.839
2022  62  27790 GPS  -2267816.071  5009375.031  3221033.427
2022  62  27791 GPS  -2267815.895  5009374.758  3221033.259
2022  62  27792 GPS  -2267815.892  5009375.298  3221033.900
2022  62  27793 GPS  -2267815.912  5009375.534  3221034.472
2022  62  27794 GPS  -2267816.127  5009376.186  3221035.065
2022  62  27795 GPS  -2267816.514  5009377.029  3221035.933
2022  62  27796 GPS  -2267816.481  5009377.222  3221036.097
2022  62  27797 GPS  -2267816.491  5009377.602  3221036.295
2022  62  27798 GPS  -2267816.596  5009378.301  3221037.121
2022  62  27799 GPS  -2267816.850  5009379.341  3221038.362
2022  62  27800 GPS  -2267816.707  5009379.523  3221038.734
2022  62  27801 GPS  -2267816.683  5009379.879  3221039.143
2022  62  27802 GPS  -2267816.552  5009379.939  3221039.188
2022  62  27803 GPS  -2267816.256  5009379.864  3221039.554
2022  62  27804 GPS  -2267816.051  5009379.236  3221038.755
2022  62  27805 GPS  -2267815.753  5009379.054  3221038.793
2022  62  27806 GPS  -2267815.745  5009379.329  3221039.203
2022  62  27807 GPS  -2267815.737  5009379.876  3221040.196
2022  62  27808 GPS  -2267815.501  5009379.509  3221040.050
2022  62  27809 GPS  -2267815.384  5009379.729  3221040.737
2022  62  27810 GPS  -2267815.242  5009379.649  3221040.781
2022  62  27811 GPS  -2267815.117  5009379.723  3221041.336
2022  62  27812 GPS  -2267815.124  5009379.673  3221041.985
2022  62  27813 GPS  -2267815.000  5009379.405  3221042.006
2022  62  27814 GPS  -2267814.785  5009379.140  3221041.767
2022  62  27815 GPS  -2267814.777  5009378.946  3221042.031
2022  62  27816 GPS  -2267814.628  5009378.372  3221041.868
2022  62  27817 GPS  -2267814.354  5009378.044  3221041.762
2022  62  27818 GPS  -2267814.223  5009378.059  3221041.933
2022  62  27819 GPS  -2267814.230  5009377.896  3221042.204
2022  62  27820 GPS  -2267814.021  5009377.536  3221041.927
2022  62  27821 GPS  -2267814.227  5009379.015  3221042.870
2022  62  27822 GPS  -2267813.980  5009378.821  3221042.686
2022  62  27823 GPS  -2267813.818  5009378.642  3221042.684
2022  62  27824 GPS  -2267813.512  5009378.575  3221042.311
2022  62  27825 GPS  -2267813.413  5009377.985  3221041.926
2022  62  27826 GPS  -2267813.513  5009378.142  3221042.148
2022  62  27827 GPS  -2267813.552  5009378.127  3221042.099
2022  62  27828 GPS  -2267813.517  5009377.718  3221041.948
2022  62  27829 GPS  -2267813.398  5009377.372  3221041.644
2022  62  27830 GPS  -2267813.431  5009376.967  3221041.444
2022  62  27831 GPS  -2267813.551  5009377.669  3221042.794
2022  62  27832 GPS  -2267813.641  5009377.299  3221042.558
2022  62  27833 GPS  -2267813.590  5009377.005  3221042.443
2022  62  27834 GPS  -2267813.522  5009376.822  3221042.252
2022  62  27835 GPS  -2267813.577  5009376.759  3221042.192
2022  62  27836 GPS  -2267813.517  5009376.658  3221042.457
2022  62  27837 GPS  -2267813.391  5009376.560  3221042.595
2022  62  27838 GPS  -2267813.549  5009376.509  3221042.715
2022  62  27839 GPS  -2267812.784  5009373.526  3221038.082
2022  62  27840 GPS  -2267812.990  5009373.925  3221038.647
2022  62  27841 GPS  -2267811.931  5009368.778  3221030.448
2022  62  27842 GPS  -2267812.359  5009370.471  3221033.412
2022  62  27843 GPS  -2267813.027  5009372.796  3221037.751
2022  62  27844 GPS  -2267812.438  5009370.260  3221034.004
2022  62  27845 GPS  -2267813.250  5009373.452  3221039.303
2022  62  27846 GPS  -2267812.624  5009370.873  3221034.884
2022  62  27847 GPS  -2267811.039  5009363.874  3221024.014
2022  62  27848 GPS  -2267812.040  5009367.417  3221029.681
2022  62  27849 GPS  -2267813.226  5009371.106  3221035.280
2022  62  27850 GPS  -2267813.129  5009369.858  3221033.293
2022  62  27851 GPS  -2267812.989  5009369.007  3221031.765
2022  62  27852 GPS  -2267812.861  5009367.703  3221029.691
2022  62  27853 GPS  -2267812.325  5009365.117  3221025.103
2022  62  27854 GPS  -2267812.507  5009365.979  3221026.879
2022  62  27855 GPS  -2267813.491  5009369.615  3221032.619
2022  62  27856 GPS  -2267814.129  5009371.652  3221035.649
2022  62  27857 GPS  -2267814.342  5009372.123  3221036.387
2022  62  27858 GPS  -2267814.524  5009372.183  3221036.376
2022  62  27859 GPS  -2267814.469  5009371.798  3221035.719
2022  62  27860 GPS  -2267814.483  5009371.338  3221035.209
2022  62  27861 GPS  -2267814.860  5009372.399  3221037.023
2022  62  27862 GPS  -2267815.059  5009372.830  3221038.060
2022  62  27863 GPS  -2267814.716  5009371.072  3221035.524
2022  62  27864 GPS  -2267814.264  5009369.193  3221033.066
2022  62  27865 GPS  -2267813.923  5009368.036  3221031.622
2022  62  27866 GPS  -2267813.733  5009367.381  3221030.405
2022  62  27867 GPS  -2267813.688  5009366.775  3221029.605
2022  62  27868 GPS  -2267813.571  5009366.087  3221028.395
2022  62  27869 GPS  -2267813.509  5009366.063  3221028.196
2022  62  27870 GPS  -2267813.582  5009366.735  3221028.765
2022  62  27871 GPS  -2267813.659  5009366.824  3221029.100
2022  62  27872 GPS  -2267813.576  5009366.429  3221028.717
2022  62  27873 GPS  -2267813.502  5009366.497  3221028.790
2022  62  27874 GPS  -2267813.202  5009366.196  3221028.279
2022  62  27875 GPS  -2267812.999  5009366.186  3221028.368
2022  62  27876 GPS  -2267812.782  5009365.895  3221028.011
2022  62  27877 GPS  -2267812.353  5009364.856  3221026.642
2022  62  27878 GPS  -2267812.005  5009364.526  3221026.441
2022  62  27879 GPS  -2267811.729  5009363.772  3221025.667
2022  62  27880 GPS  -2267811.644  5009363.773  3221025.712
2022  62  27881 GPS  -2267811.555  5009363.579  3221024.721
2022  62  27882 GPS  -2267811.491  5009363.348  3221024.399
2022  62  27883 GPS  -2267811.348  5009362.756  3221023.506
2022  62  27884 GPS  -2267811.284  5009362.906  3221023.676
2022  62  27885 GPS  -2267811.315  5009363.051  3221023.657
2022  62  27886 GPS  -2267811.271  5009363.219  3221023.792
2022  62  27887 GPS  -2267810.887  5009362.780  3221023.042
2022  62  27888 GPS  -2267810.712  5009362.149  3221022.004
2022  62  27889 GPS  -2267810.614  5009362.156  3221021.790
2022  62  27890 GPS  -2267810.474  5009362.083  3221021.404
2022  62  27891 GPS  -2267812.508  5009370.516  3221035.256
2022  62  27892 GPS  -2267812.424  5009370.562  3221035.181
2022  62  27893 GPS  -2267812.378  5009370.943  3221035.096
2022  62  27894 GPS  -2267812.328  5009371.292  3221035.167
2022  62  27895 GPS  -2267812.466  5009371.765  3221035.357
2022  62  27896 GPS  -2267806.337  5009347.552  3220995.066
2022  62  27897 GPS  -2267807.216  5009351.425  3221000.838
2022  62  27898 GPS  -2267808.537  5009356.506  3221008.546
2022  62  27899 GPS  -2267809.088  5009358.702  3221011.887
2022  62  27900 GPS  -2267807.710  5009353.215  3221002.603
2022  62  27901 GPS  -2267809.053  5009357.878  3221009.353
2022  62  27902 GPS  -2267808.844  5009356.975  3221006.955
2022  62  27903 GPS  -2267807.758  5009352.735  3221000.033
2022  62  27904 GPS  -2267809.263  5009358.310  3221009.332
2022  62  27905 GPS  -2267809.303  5009358.971  3221009.972
2022  62  27906 GPS  -2267808.801  5009357.794  3221007.819
2022  62  27907 GPS  -2267809.200  5009359.689  3221010.334
2022  62  27908 GPS  -2267809.910  5009362.666  3221014.659
2022  62  27909 GPS  -2267810.825  5009366.411  3221020.408
2022  62  27910 GPS  -2267811.767  5009369.829  3221025.580
2022  62  27911 GPS  -2267811.987  5009370.772  3221026.600
2022  62  27912 GPS  -2267812.404  5009372.380  3221028.614
2022  62  27913 GPS  -2267812.293  5009371.097  3221025.717
2022  62  27914 GPS  -2267812.179  5009369.394  3221022.627
2022  62  27915 GPS  -2267812.023  5009368.583  3221021.239
2022  62  27916 GPS  -2267812.387  5009369.238  3221022.010
2022  62  27917 GPS  -2267812.628  5009370.196  3221023.350
2022  62  27918 GPS  -2267813.338  5009372.370  3221026.732
2022  62  27919 GPS  -2267813.532  5009372.038  3221026.425
2022  62  27920 GPS  -2267813.930  5009372.916  3221027.857
2022  62  27921 GPS  -2267813.833  5009372.030  3221026.461
2022  62  27922 GPS  -2267813.888  5009371.294  3221025.519
2022  62  27923 GPS  -2267813.951  5009370.383  3221024.526
2022  62  27924 GPS  -2267814.211  5009370.742  3221024.982
2022  62  27925 GPS  -2267814.436  5009370.646  3221024.538
2022  62  27926 GPS  -2267814.754  5009371.334  3221025.564
2022  62  27927 GPS  -2267814.875  5009371.666  3221025.986
2022  62  27928 GPS  -2267815.227  5009372.388  3221026.394
2022  62  27929 GPS  -2267815.332  5009372.351  3221026.265
2022  62  27930 GPS  -2267815.588  5009372.849  3221026.619
2022  62  27931 GPS  -2267818.015  5009382.459  3221042.651
2022  62  27932 GPS  -2267818.111  5009382.426  3221042.638
2022  62  27933 GPS  -2267818.200  5009382.471  3221042.531
2022  62  27934 GPS  -2267818.133  5009382.277  3221042.209
2022  62  27935 GPS  -2267817.982  5009382.018  3221041.907
2022  62  27936 GPS  -2267817.910  5009381.444  3221041.700
2022  62  27937 GPS  -2267810.852  5009351.683  3220992.902
2022  62  27938 GPS  -2267812.184  5009356.663  3221002.079
2022  62  27939 GPS  -2267812.973  5009359.278  3221006.639
2022  62  27940 GPS  -2267812.769  5009358.140  3221005.083
2022  62  27941 GPS  -2267812.855  5009358.517  3221005.505
2022  62  27942 GPS  -2267810.821  5009349.827  3220991.188
2022  62  27943 GPS  -2267811.458  5009352.131  3220995.462
2022  62  27944 GPS  -2267814.349  5009363.913  3221015.446
2022  62  27945 GPS  -2267813.963  5009362.375  3221013.641
2022  62  27946 GPS  -2267813.351  5009359.586  3221008.803
2022  62  27947 GPS  -2267812.589  5009356.255  3221003.454
2022  62  27948 GPS  -2267813.599  5009360.558  3221009.914
2022  62  27949 GPS  -2267814.141  5009362.702  3221013.101
2022  62  27950 GPS  -2267814.457  5009363.598  3221014.150
2022  62  27951 GPS  -2267818.396  5009379.352  3221040.197
2022  62  27952 GPS  -2267818.368  5009378.975  3221039.650
2022  62  27953 GPS  -2267818.539  5009379.537  3221039.919
2022  62  27954 GPS  -2267818.680  5009379.534  3221039.837
2022  62  27955 GPS  -2267818.700  5009379.711  3221039.962
2022  62  27956 GPS  -2267836.995  5009455.435  3221165.874
2022  62  27957 GPS  -2267819.446  5009383.081  3221044.849
2022  62  27958 GPS  -2267814.778  5009362.961  3221010.999
2022  62  27959 GPS  -2267814.718  5009362.894  3221010.315
2022  62  27960 GPS  -2267815.624  5009366.733  3221016.390
2022  62  27961 GPS  -2267816.190  5009369.404  3221021.009
2022  62  27962 GPS  -2267816.792  5009372.153  3221025.837
2022  62  27963 GPS  -2267817.410  5009375.132  3221030.556
2022  62  27964 GPS  -2267817.344  5009375.033  3221030.467
2022  62  27965 GPS  -2267817.045  5009374.732  3221029.389
2022  62  27966 GPS  -2267816.217  5009372.311  3221026.237
2022  62  27967 GPS  -2267814.992  5009368.757  3221020.899
2022  62  27968 GPS  -2267814.943  5009369.018  3221022.007
2022  62  27969 GPS  -2267815.044  5009370.535  3221025.240
2022  62  27970 GPS  -2267814.733  5009369.109  3221023.359
2022  62  27971 GPS  -2267813.980  5009365.721  3221018.281
2022  62  27972 GPS  -2267813.387  5009363.448  3221015.208
2022  62  27973 GPS  -2267813.613  5009364.429  3221017.420
2022  62  27974 GPS  -2267813.051  5009362.568  3221015.374
2022  62  27975 GPS  -2267812.160  5009359.381  3221010.764
2022  62  27976 GPS  -2267812.456  5009361.034  3221014.447
2022  62  27977 GPS  -2267812.852  5009363.002  3221018.500
2022  62  27978 GPS  -2267813.039  5009363.818  3221020.294
2022  62  27979 GPS  -2267812.845  5009363.475  3221020.364
2022  62  27980 GPS  -2267812.134  5009360.818  3221016.811
2022  62  27981 GPS  -2267811.937  5009359.785  3221014.998
2022  62  27982 GPS  -2267811.941  5009359.684  3221014.649
2022  62  27983 GPS  -2267811.722  5009358.533  3221012.702
2022  62  27984 GPS  -2267811.525  5009357.418  3221010.730
2022  62  27985 GPS  -2267811.395  5009357.010  3221009.806
2022  62  27986 GPS  -2267811.198  5009356.247  3221009.132
2022  62  27987 GPS  -2267811.422  5009357.450  3221010.833
2022  62  27988 GPS  -2267811.611  5009357.934  3221011.439
2022  62  27989 GPS  -2267812.038  5009358.797  3221012.318
2022  62  27990 GPS  -2267812.135  5009359.408  3221013.239
2022  62  27991 GPS  -2267812.522  5009361.088  3221015.099
2022  62  27992 GPS  -2267812.805  5009362.160  3221015.850
2022  62  27993 GPS  -2267813.236  5009363.399  3221016.989
2022  62  27994 GPS  -2267813.569  5009364.162  3221017.191
2022  62  27995 GPS  -2267813.862  5009365.190  3221018.023
2022  62  27996 GPS  -2267814.114  5009365.643  3221018.240
2022  62  27997 GPS  -2267814.261  5009365.862  3221018.450
2022  62  27998 GPS  -2267814.410  5009366.524  3221019.454
2022  62  27999 GPS  -2267814.766  5009367.306  3221020.170
2022  62  28000 GPS  -2267814.870  5009367.118  3221019.848
2022  62  28001 GPS  -2267814.927  5009366.805  3221019.513
2022  62  28002 GPS  -2267814.955  5009366.391  3221019.305
2022  62  28003 GPS  -2267814.844  5009366.218  3221019.367
2022  62  28004 GPS  -2267814.791  5009366.108  3221019.375
2022  62  28005 GPS  -2267814.873  5009365.853  3221019.378
2022  62  28006 GPS  -2267815.021  5009365.730  3221019.219
2022  62  28007 GPS  -2267815.217  5009365.833  3221019.410
2022  62  28008 GPS  -2267815.224  5009365.389  3221019.734
2022  62  28009 GPS  -2267815.220  5009365.334  3221020.184
2022  62  28010 GPS  -2267815.202  5009365.020  3221020.349
2022  62  28011 GPS  -2267815.078  5009364.646  3221019.930
2022  62  28012 GPS  -2267815.162  5009364.617  3221020.597
2022  62  28013 GPS  -2267815.258  5009364.403  3221020.802
2022  62  28014 GPS  -2267815.300  5009364.067  3221020.855
2022  62  28015 GPS  -2267815.536  5009364.424  3221021.547
2022  62  28016 GPS  -2267815.837  5009364.509  3221021.653
2022  62  28017 GPS  -2267816.074  5009364.816  3221021.894
2022  62  28018 GPS  -2267816.251  5009364.876  3221021.954
2022  62  28019 GPS  -2267816.481  5009364.943  3221022.181
2022  62  28020 GPS  -2267816.645  5009364.994  3221022.306
2022  62  28021 GPS  -2267816.858  5009365.253  3221022.820
2022  62  28022 GPS  -2267817.127  5009365.355  3221023.409
2022  62  28023 GPS  -2267817.408  5009366.045  3221023.915
2022  62  28024 GPS  -2267817.516  5009366.113  3221024.085
2022  62  28025 GPS  -2267817.510  5009366.183  3221024.403
2022  62  28026 GPS  -2267817.765  5009366.396  3221024.693
2022  62  28027 GPS  -2267817.812  5009366.255  3221024.667
2022  62  28028 GPS  -2267818.073  5009366.667  3221025.362
2022  62  28029 GPS  -2267818.326  5009367.457  3221025.927
2022  62  28030 GPS  -2267818.590  5009367.858  3221026.164
2022  62  28031 GPS  -2267818.705  5009367.968  3221026.519
2022  62  28032 GPS  -2267818.904  5009368.561  3221027.302
2022  62  28033 GPS  -2267819.083  5009368.768  3221027.650
2022  62  28034 GPS  -2267819.253  5009369.169  3221028.068
2022  62  28035 GPS  -2267819.403  5009369.146  3221028.087
2022  62  28036 GPS  -2267819.636  5009369.402  3221028.668
2022  62  28037 GPS  -2267819.852  5009369.657  3221029.255
2022  62  28038 GPS  -2267820.072  5009369.665  3221029.474
2022  62  28039 GPS  -2267820.247  5009369.754  3221029.642
2022  62  28040 GPS  -2267820.357  5009369.859  3221029.881
2022  62  28041 GPS  -2267820.678  5009370.050  3221030.569
2022  62  28042 GPS  -2267820.807  5009370.063  3221030.886
2022  62  28043 GPS  -2267820.789  5009369.549  3221030.976
2022  62  28044 GPS  -2267820.831  5009369.416  3221031.176
2022  62  28045 GPS  -2267820.884  5009369.404  3221031.495
2022  62  28046 GPS  -2267821.006  5009369.186  3221031.862
2022  62  28047 GPS  -2267821.089  5009369.179  3221031.851
2022  62  28048 GPS  -2267821.095  5009369.338  3221032.303
2022  62  28049 GPS  -2267821.124  5009369.432  3221032.461
2022  62  28050 GPS  -2267821.266  5009369.392  3221032.434
2022  62  28051 GPS  -2267821.354  5009369.255  3221032.480
2022  62  28052 GPS  -2267821.669  5009369.499  3221032.904
2022  62  28053 GPS  -2267821.507  5009369.548  3221032.583
2022  62  28054 GPS  -2267821.174  5009369.225  3221032.337
2022  62  28055 GPS  -2267821.098  5009369.604  3221032.677
2022  62  28056 GPS  -2267820.787  5009369.336  3221032.517
2022  62  28057 GPS  -2267820.766  5009369.630  3221032.646
2022  62  28058 GPS  -2267820.893  5009370.143  3221033.111
2022  62  28059 GPS  -2267820.883  5009369.927  3221032.854
2022  62  28060 GPS  -2267820.731  5009369.890  3221032.755
2022  62  28061 GPS  -2267820.993  5009370.852  3221033.562
2022  62  28062 GPS  -2267821.190  5009371.237  3221034.083
2022  62  28063 GPS  -2267821.421  5009371.204  3221034.168
2022  62  28064 GPS  -2267821.706  5009371.632  3221034.537
2022  62  28065 GPS  -2267821.805  5009371.903  3221034.770
2022  62  28066 GPS  -2267822.077  5009372.396  3221035.140
2022  62  28067 GPS  -2267822.150  5009372.552  3221035.474
2022  62  28068 GPS  -2267822.421  5009373.009  3221035.742
2022  62  28069 GPS  -2267822.635  5009373.576  3221035.767
2022  62  28070 GPS  -2267823.082  5009374.243  3221035.973
2022  62  28071 GPS  -2267823.364  5009374.592  3221035.714
2022  62  28072 GPS  -2267823.520  5009374.850  3221035.564
2022  62  28073 GPS  -2267823.729  5009375.241  3221035.773
2022  62  28074 GPS  -2267823.780  5009374.728  3221035.004
2022  62  28075 GPS  -2267823.778  5009374.678  3221034.670
2022  62  28076 GPS  -2267823.820  5009374.317  3221034.242
2022  62  28077 GPS  -2267823.574  5009373.798  3221033.747
2022  62  28078 GPS  -2267823.591  5009373.682  3221033.624
2022  62  28079 GPS  -2267823.396  5009373.503  3221033.187
2022  62  28080 GPS  -2267823.319  5009373.086  3221032.715
2022  62  28081 GPS  -2267823.091  5009372.694  3221032.202
2022  62  28082 GPS  -2267822.807  5009372.114  3221031.366
2022  62  28083 GPS  -2267822.451  5009371.586  3221030.596
2022  62  28084 GPS  -2267822.312  5009371.226  3221030.273
2022  62  28085 GPS  -2267821.705  5009368.992  3221028.253
2022  62  28086 GPS  -2267821.552  5009369.211  3221028.277
2022  62  28087 GPS  -2267821.476  5009369.279  3221028.464
2022  62  28088 GPS  -2267821.136  5009368.927  3221028.220
2022  62  28089 GPS  -2267820.936  5009369.194  3221028.938
2022  62  28090 GPS  -2267820.734  5009368.969  3221029.417
2022  62  28091 GPS  -2267820.752  5009369.011  3221029.805
2022  62  28092 GPS  -2267820.840  5009369.373  3221029.977
2022  62  28093 GPS  -2267821.075  5009369.549  3221030.338
2022  62  28094 GPS  -2267821.167  5009369.883  3221030.837
2022  62  28095 GPS  -2267821.204  5009370.103  3221031.446
2022  62  28096 GPS  -2267821.276  5009370.469  3221032.144
2022  62  28097 GPS  -2267821.184  5009370.300  3221032.306
2022  62  28098 GPS  -2267821.272  5009370.518  3221032.966
2022  62  28099 GPS  -2267821.254  5009370.308  3221033.005
2022  62  28100 GPS  -2267821.349  5009370.254  3221033.250
2022  62  28101 GPS  -2267821.385  5009370.315  3221033.292
2022  62  28102 GPS  -2267821.690  5009370.657  3221033.655
2022  62  28103 GPS  -2267821.948  5009370.854  3221034.153
2022  62  28104 GPS  -2267822.190  5009370.938  3221034.399
2022  62  28105 GPS  -2267822.198  5009370.786  3221034.344
2022  62  28106 GPS  -2267822.300  5009370.842  3221034.362
2022  62  28107 GPS  -2267822.270  5009370.515  3221034.185
2022  62  28108 GPS  -2267822.401  5009370.768  3221034.625
2022  62  28109 GPS  -2267822.583  5009370.880  3221034.818
2022  62  28110 GPS  -2267822.559  5009370.593  3221034.678
2022  62  28111 GPS  -2267822.780  5009371.026  3221035.473
2022  62  28112 GPS  -2267822.902  5009370.921  3221035.807
2022  62  28113 GPS  -2267822.938  5009371.061  3221035.728
2022  62  28114 GPS  -2267823.057  5009371.370  3221035.862
2022  62  28115 GPS  -2267823.139  5009371.290  3221035.835
2022  62  28116 GPS  -2267823.175  5009371.017  3221035.807
2022  62  28117 GPS  -2267823.247  5009371.169  3221036.470
2022  62  28118 GPS  -2267823.357  5009371.375  3221036.726
2022  62  28119 GPS  -2267823.414  5009371.347  3221036.603
2022  62  28120 GPS  -2267823.419  5009371.352  3221037.083
2022  62  28121 GPS  -2267823.252  5009370.985  3221037.171
2022  62  28122 GPS  -2267823.226  5009370.811  3221037.503
2022  62  28123 GPS  -2267823.300  5009370.538  3221037.670
2022  62  28124 GPS  -2267823.238  5009370.050  3221037.572
2022  62  28125 GPS  -2267823.378  5009369.737  3221037.779
2022  62  28126 GPS  -2267823.397  5009369.499  3221037.605
2022  62  28127 GPS  -2267823.217  5009368.735  3221036.879
2022  62  28128 GPS  -2267823.190  5009368.653  3221036.796
2022  62  28129 GPS  -2267823.185  5009368.221  3221036.799
2022  62  28130 GPS  -2267822.887  5009367.884  3221036.725
2022  62  28131 GPS  -2267822.874  5009367.460  3221036.879
2022  62  28132 GPS  -2267822.739  5009367.224  3221036.743
2022  62  28133 GPS  -2267822.724  5009367.078  3221036.359
2022  62  28134 GPS  -2267822.602  5009367.060  3221036.276
2022  62  28135 GPS  -2267822.611  5009367.074  3221036.009
2022  62  28136 GPS  -2267822.696  5009367.550  3221036.192
2022  62  28137 GPS  -2267822.663  5009367.445  3221035.930
2022  62  28138 GPS  -2267822.742  5009368.032  3221036.101
2022  62  28139 GPS  -2267822.682  5009368.484  3221035.806
2022  62  28140 GPS  -2267822.710  5009369.027  3221035.651
2022  62  28141 GPS  -2267822.859  5009369.737  3221035.822
2022  62  28142 GPS  -2267823.019  5009370.383  3221035.675
2022  62  28143 GPS  -2267823.287  5009371.393  3221035.647
2022  62  28144 GPS  -2267823.316  5009372.065  3221035.233
2022  62  28145 GPS  -2267823.255  5009372.432  3221035.093
2022  62  28146 GPS  -2267823.131  5009372.238  3221034.470
2022  62  28147 GPS  -2267823.098  5009372.232  3221034.574
2022  62  28148 GPS  -2267823.087  5009372.305  3221034.467
2022  62  28149 GPS  -2267822.869  5009372.350  3221033.716
2022  62  28150 GPS  -2267822.976  5009372.762  3221033.731
2022  62  28151 GPS  -2267822.838  5009372.872  3221033.527
2022  62  28152 GPS  -2267822.903  5009373.018  3221033.459
2022  62  28153 GPS  -2267823.051  5009372.838  3221032.949
2022  62  28154 GPS  -2267823.181  5009373.062  3221032.582
2022  62  28155 GPS  -2267823.266  5009373.037  3221032.409
2022  62  28156 GPS  -2267823.101  5009372.686  3221031.752
2022  62  28157 GPS  -2267822.747  5009371.969  3221030.618
2022  62  28158 GPS  -2267822.702  5009371.958  3221030.271
2022  62  28159 GPS  -2267822.737  5009372.063  3221029.795
2022  62  28160 GPS  -2267822.658  5009372.405  3221029.561
2022  62  28161 GPS  -2267822.408  5009372.108  3221028.796
2022  62  28162 GPS  -2267822.231  5009371.979  3221028.503
2022  62  28163 GPS  -2267822.135  5009371.635  3221027.798
2022  62  28164 GPS  -2267822.050  5009371.890  3221027.691
2022  62  28165 GPS  -2267821.932  5009371.722  3221027.122
2022  62  28166 GPS  -2267822.049  5009371.946  3221026.864
2022  62  28167 GPS  -2267822.320  5009372.296  3221026.815
2022  62  28168 GPS  -2267822.341  5009372.059  3221026.065
2022  62  28169 GPS  -2267822.495  5009372.358  3221026.273
2022  62  28170 GPS  -2267822.334  5009371.897  3221025.775
2022  62  28171 GPS  -2267822.280  5009371.928  3221025.583
2022  62  28172 GPS  -2267822.432  5009372.192  3221025.369
2022  62  28173 GPS  -2267822.500  5009372.247  3221025.311
2022  62  28174 GPS  -2267822.540  5009372.315  3221024.980
2022  62  28175 GPS  -2267822.407  5009372.364  3221024.616
2022  62  28176 GPS  -2267822.274  5009372.391  3221024.483
2022  62  28177 GPS  -2267822.406  5009372.983  3221024.848
2022  62  28178 GPS  -2267822.475  5009373.055  3221024.947
2022  62  28179 GPS  -2267822.493  5009373.375  3221024.889
2022  62  28180 GPS  -2267822.521  5009373.242  3221024.524
2022  62  28181 GPS  -2267822.540  5009373.549  3221024.417
2022  62  28182 GPS  -2267822.571  5009373.916  3221024.453
2022  62  28183 GPS  -2267822.380  5009373.586  3221023.928
2022  62  28184 GPS  -2267822.458  5009373.044  3221023.326
2022  62  28185 GPS  -2267822.521  5009372.862  3221023.084
2022  62  28186 GPS  -2267822.628  5009372.426  3221022.619
2022  62  28187 GPS  -2267822.856  5009372.580  3221023.143
2022  62  28188 GPS  -2267822.992  5009372.767  3221023.326
2022  62  28189 GPS  -2267822.900  5009372.235  3221023.079
2022  62  28190 GPS  -2267822.790  5009372.223  3221023.171
2022  62  28191 GPS  -2267822.744  5009371.384  3221022.686
2022  62  28192 GPS  -2267822.762  5009371.219  3221022.810
2022  62  28193 GPS  -2267822.550  5009370.538  3221022.357
2022  62  28194 GPS  -2267822.202  5009369.787  3221022.250
2022  62  28195 GPS  -2267821.896  5009369.314  3221022.327
2022  62  28196 GPS  -2267821.773  5009369.273  3221022.453
2022  62  28197 GPS  -2267821.486  5009368.683  3221022.110
2022  62  28198 GPS  -2267821.333  5009368.429  3221022.470
2022  62  28199 GPS  -2267821.138  5009367.674  3221022.326
2022  62  28200 GPS  -2267820.914  5009367.214  3221022.093
2022  62  28201 GPS  -2267820.680  5009366.961  3221022.184
2022  62  28202 GPS  -2267820.376  5009366.566  3221022.002
2022  62  28203 GPS  -2267820.081  5009365.626  3221021.695
2022  62  28204 GPS  -2267819.809  5009365.115  3221021.668
2022  62  28205 GPS  -2267819.719  5009364.976  3221022.071
2022  62  28206 GPS  -2267819.608  5009364.662  3221022.297
2022  62  28207 GPS  -2267819.408  5009364.483  3221022.640
2022  62  28208 GPS  -2267819.294  5009364.371  3221022.538
2022  62  28209 GPS  -2267819.129  5009364.082  3221022.554
2022  62  28210 GPS  -2267818.885  5009363.698  3221022.478
2022  62  28211 GPS  -2267818.740  5009363.665  3221022.967
2022  62  28212 GPS  -2267818.502  5009363.434  3221023.324
2022  62  28213 GPS  -2267818.301  5009363.409  3221023.487
2022  62  28214 GPS  -2267817.981  5009363.164  3221023.550
2022  62  28215 GPS  -2267817.761  5009362.936  3221023.340
2022  62  28216 GPS  -2267817.467  5009362.654  3221023.099
2022  62  28217 GPS  -2267817.223  5009362.266  3221023.155
2022  62  28218 GPS  -2267817.199  5009362.451  3221023.408
2022  62  28219 GPS  -2267817.170  5009362.581  3221023.692
2022  62  28220 GPS  -2267816.914  5009362.222  3221023.562
2022  62  28221 GPS  -2267816.676  5009361.834  3221023.432
2022  62  28222 GPS  -2267816.544  5009361.572  3221023.536
2022  62  28223 GPS  -2267816.346  5009361.293  3221023.520
2022  62  28224 GPS  -2267816.130  5009361.174  3221023.562
2022  62  28225 GPS  -2267815.966  5009361.073  3221023.483
2022  62  28226 GPS  -2267816.014  5009361.440  3221023.816
2022  62  28227 GPS  -2267816.118  5009361.565  3221024.150
2022  62  28228 GPS  -2267816.126  5009361.427  3221023.985
2022  62  28229 GPS  -2267815.946  5009361.348  3221024.059
2022  62  28230 GPS  -2267815.760  5009361.421  3221024.275
2022  62  28231 GPS  -2267815.671  5009361.096  3221024.077
2022  62  28232 GPS  -2267815.513  5009360.631  3221024.081
2022  62  28233 GPS  -2267815.362  5009360.287  3221023.767
2022  62  28234 GPS  -2267815.152  5009360.051  3221023.461
2022  62  28235 GPS  -2267815.231  5009360.015  3221023.306
2022  62  28236 GPS  -2267815.126  5009360.149  3221023.667
2022  62  28237 GPS  -2267814.945  5009359.841  3221023.415
2022  62  28238 GPS  -2267814.804  5009359.700  3221023.039
2022  62  28239 GPS  -2267814.755  5009359.215  3221022.722
2022  62  28240 GPS  -2267814.685  5009358.954  3221022.664
2022  62  28241 GPS  -2267814.712  5009358.828  3221022.339
2022  62  28242 GPS  -2267814.621  5009358.590  3221022.146
2022  62  28243 GPS  -2267814.569  5009358.586  3221022.359
2022  62  28244 GPS  -2267814.561  5009358.660  3221022.722
2022  62  28245 GPS  -2267814.511  5009358.499  3221022.976
2022  62  28246 GPS  -2267814.461  5009358.312  3221023.090
2022  62  28247 GPS  -2267814.492  5009358.254  3221023.517
2022  62  28248 GPS  -2267814.487  5009357.899  3221023.507
2022  62  28249 GPS  -2267814.580  5009357.957  3221023.411
2022  62  28250 GPS  -2267814.602  5009358.143  3221024.134
2022  62  28251 GPS  -2267814.579  5009358.296  3221024.566
2022  62  28252 GPS  -2267814.564  5009357.944  3221024.678
2022  62  28253 GPS  -2267814.696  5009358.187  3221025.134
2022  62  28254 GPS  -2267814.632  5009358.301  3221025.470
2022  62  28255 GPS  -2267814.564  5009358.250  3221025.566
2022  62  28256 GPS  -2267814.538  5009358.620  3221026.181
2022  62  28257 GPS  -2267814.583  5009359.034  3221026.886
2022  62  28258 GPS  -2267814.625  5009359.350  3221027.330
2022  62  28259 GPS  -2267814.324  5009359.205  3221027.228
2022  62  28260 GPS  -2267814.175  5009359.435  3221027.616
2022  62  28261 GPS  -2267813.849  5009359.245  3221027.894
2022  62  28262 GPS  -2267813.762  5009359.501  3221028.501
2022  62  28263 GPS  -2267813.693  5009359.970  3221029.001
2022  62  28264 GPS  -2267813.660  5009360.361  3221029.622
2022  62  28265 GPS  -2267813.370  5009360.286  3221029.648
2022  62  28266 GPS  -2267813.341  5009360.505  3221029.920
2022  62  28267 GPS  -2267813.200  5009360.620  3221030.045
2022  62  28268 GPS  -2267813.362  5009361.390  3221030.561
2022  62  28269 GPS  -2267813.574  5009362.151  3221031.288
2022  62  28270 GPS  -2267813.799  5009363.036  3221032.008
2022  62  28271 GPS  -2267813.867  5009363.273  3221031.901
2022  62  28272 GPS  -2267813.936  5009363.878  3221032.561
2022  62  28273 GPS  -2267814.150  5009364.637  3221033.334
2022  62  28274 GPS  -2267814.277  5009365.457  3221034.064
2022  62  28275 GPS  -2267814.362  5009365.877  3221034.218
2022  62  28276 GPS  -2267814.362  5009366.215  3221034.527
2022  62  28277 GPS  -2267814.560  5009366.939  3221035.401
2022  62  28278 GPS  -2267814.706  5009367.576  3221035.706
2022  62  28279 GPS  -2267814.733  5009368.316  3221036.421
2022  62  28280 GPS  -2267814.694  5009368.920  3221036.877
2022  62  28281 GPS  -2267814.825  5009369.415  3221037.186
2022  62  28282 GPS  -2267814.661  5009369.722  3221037.239
2022  62  28283 GPS  -2267814.576  5009370.391  3221037.972
2022  62  28284 GPS  -2267814.638  5009370.977  3221038.407
2022  62  28285 GPS  -2267814.539  5009371.288  3221038.191
2022  62  28286 GPS  -2267814.498  5009371.706  3221038.358
2022  62  28287 GPS  -2267814.543  5009371.931  3221038.705
2022  62  28288 GPS  -2267814.445  5009371.981  3221038.816
2022  62  28289 GPS  -2267814.621  5009372.490  3221038.990
2022  62  28290 GPS  -2267814.733  5009372.802  3221039.213
2022  62  28291 GPS  -2267814.842  5009373.096  3221039.283
2022  62  28292 GPS  -2267814.787  5009372.963  3221039.263
2022  62  28293 GPS  -2267814.953  5009373.638  3221039.825
2022  62  28294 GPS  -2267815.001  5009373.602  3221040.191
2022  62  28295 GPS  -2267815.023  5009373.758  3221040.778
2022  62  28296 GPS  -2267814.977  5009373.590  3221040.941
2022  62  28297 GPS  -2267814.854  5009373.393  3221040.555
2022  62  28298 GPS  -2267814.615  5009372.869  3221040.208
2022  62  28299 GPS  -2267814.482  5009373.135  3221040.776
2022  62  28300 GPS  -2267814.112  5009372.560  3221040.130
2022  62  28301 GPS  -2267813.960  5009372.458  3221039.829
2022  62  28302 GPS  -2267813.678  5009372.273  3221039.665
2022  62  28303 GPS  -2267813.309  5009372.242  3221039.790
2022  62  28304 GPS  -2267813.110  5009372.401  3221039.998
2022  62  28305 GPS  -2267812.728  5009371.964  3221039.445
2022  62  28306 GPS  -2267812.543  5009371.606  3221039.141
2022  62  28307 GPS  -2267812.390  5009371.409  3221039.144
2022  62  28308 GPS  -2267812.275  5009371.258  3221039.126
2022  62  28309 GPS  -2267812.291  5009371.061  3221038.820
2022  62  28310 GPS  -2267812.157  5009370.940  3221038.496
2022  62  28311 GPS  -2267812.070  5009370.604  3221038.293
2022  62  28312 GPS  -2267812.042  5009370.765  3221038.238
2022  62  28313 GPS  -2267812.032  5009370.504  3221038.298
2022  62  28314 GPS  -2267812.347  5009371.072  3221038.954
2022  62  28315 GPS  -2267812.670  5009371.331  3221039.253
2022  62  28316 GPS  -2267813.023  5009371.867  3221039.473
2022  62  28317 GPS  -2267813.656  5009372.824  3221039.782
2022  62  28318 GPS  -2267814.170  5009373.781  3221040.413
2022  62  28319 GPS  -2267814.437  5009374.161  3221040.503
2022  62  28320 GPS  -2267814.681  5009374.734  3221040.736
2022  62  28321 GPS  -2267814.923  5009375.201  3221041.194
2022  62  28322 GPS  -2267815.269  5009375.493  3221041.813
2022  62  28323 GPS  -2267815.671  5009376.168  3221042.555
2022  62  28324 GPS  -2267815.992  5009377.070  3221043.372
2022  62  28325 GPS  -2267816.200  5009377.079  3221043.390
2022  62  28326 GPS  -2267816.444  5009377.278  3221043.491
2022  62  28327 GPS  -2267816.807  5009378.065  3221044.138
2022  62  28328 GPS  -2267817.201  5009378.882  3221044.687
2022  62  28329 GPS  -2267817.566  5009379.275  3221044.555
2022  62  28330 GPS  -2267817.959  5009379.714  3221044.692
2022  62  28331 GPS  -2267818.268  5009380.357  3221044.832
2022  62  28332 GPS  -2267818.673  5009380.693  3221044.848
2022  62  28333 GPS  -2267818.960  5009380.846  3221044.583
2022  62  28334 GPS  -2267819.402  5009381.462  3221044.304
2022  62  28335 GPS  -2267819.764  5009382.022  3221044.914
2022  62  28336 GPS  -2267820.104  5009382.568  3221045.157
2022  62  28337 GPS  -2267820.277  5009382.521  3221044.470
2022  62  28338 GPS  -2267820.690  5009383.014  3221044.538
2022  62  28339 GPS  -2267821.145  5009383.361  3221044.389
2022  62  28340 GPS  -2267821.333  5009383.538  3221043.895
2022  62  28341 GPS  -2267821.491  5009383.403  3221043.528
2022  62  28342 GPS  -2267821.566  5009383.422  3221043.417
2022  62  28343 GPS  -2267821.628  5009383.272  3221042.997
2022  62  28344 GPS  -2267821.593  5009382.729  3221042.362
2022  62  28345 GPS  -2267821.531  5009382.059  3221041.933
2022  62  28346 GPS  -2267821.463  5009381.609  3221041.635
2022  62  28347 GPS  -2267821.243  5009381.013  3221041.523
2022  62  28348 GPS  -2267821.159  5009381.299  3221042.293
2022  62  28349 GPS  -2267821.064  5009381.190  3221042.447
2022  62  28350 GPS  -2267821.002  5009381.357  3221042.791
2022  62  28351 GPS  -2267820.780  5009381.604  3221043.020
2022  62  28352 GPS  -2267820.577  5009381.671  3221043.265
2022  62  28353 GPS  -2267820.232  5009381.139  3221043.130
2022  62  28354 GPS  -2267820.039  5009381.189  3221043.243
2022  62  28355 GPS  -2267819.900  5009381.118  3221043.537
2022  62  28356 GPS  -2267819.645  5009380.846  3221043.399
2022  62  28357 GPS  -2267819.369  5009380.575  3221043.366
2022  62  28358 GPS  -2267819.131  5009380.330  3221043.434
2022  62  28359 GPS  -2267819.210  5009381.013  3221044.472
2022  62  28360 GPS  -2267818.978  5009381.435  3221044.804
2022  62  28361 GPS  -2267818.721  5009381.516  3221044.883
2022  62  28362 GPS  -2267818.615  5009381.913  3221045.315
2022  62  28363 GPS  -2267818.251  5009381.852  3221045.065
2022  62  28364 GPS  -2267817.968  5009381.761  3221044.925
2022  62  28365 GPS  -2267817.735  5009381.767  3221045.201
2022  62  28366 GPS  -2267817.454  5009381.596  3221044.721
2022  62  28367 GPS  -2267817.336  5009381.641  3221044.727
2022  62  28368 GPS  -2267816.916  5009381.500  3221044.492
2022  62  28369 GPS  -2267816.859  5009381.949  3221044.806
2022  62  28370 GPS  -2267816.438  5009381.419  3221044.571
2022  62  28371 GPS  -2267816.200  5009381.059  3221044.873
2022  62  28372 GPS  -2267816.120  5009381.022  3221045.400
2022  62  28373 GPS  -2267815.872  5009380.794  3221045.499
2022  62  28374 GPS  -2267815.761  5009380.884  3221045.766
2022  62  28375 GPS  -2267815.575  5009380.490  3221045.969
2022  62  28376 GPS  -2267815.380  5009380.126  3221046.060
2022  62  28377 GPS  -2267814.952  5009379.423  3221045.925
2022  62  28378 GPS  -2267814.876  5009379.225  3221046.426
2022  62  28379 GPS  -2267814.733  5009379.114  3221046.558
2022  62  28380 GPS  -2267814.750  5009379.124  3221046.838
2022  62  28381 GPS  -2267814.549  5009378.931  3221046.955
2022  62  28382 GPS  -2267814.424  5009379.072  3221047.374
2022  62  28383 GPS  -2267814.233  5009378.781  3221047.371
2022  62  28384 GPS  -2267814.179  5009378.675  3221048.158
2022  62  28385 GPS  -2267814.022  5009378.152  3221048.183
2022  62  28386 GPS  -2267813.833  5009377.938  3221048.181
2022  62  28387 GPS  -2267813.630  5009377.603  3221048.229
2022  62  28388 GPS  -2267813.572  5009377.806  3221048.709
2022  62  28389 GPS  -2267813.571  5009378.034  3221049.073
2022  62  28390 GPS  -2267813.615  5009378.130  3221049.695
2022  62  28391 GPS  -2267813.432  5009378.129  3221049.909
2022  62  28392 GPS  -2267813.470  5009377.910  3221049.894
2022  62  28393 GPS  -2267813.518  5009377.887  3221050.124
2022  62  28394 GPS  -2267813.550  5009377.712  3221050.044
2022  62  28395 GPS  -2267813.525  5009377.859  3221050.060
2022  62  28396 GPS  -2267813.782  5009378.446  3221050.670
2022  62  28397 GPS  -2267814.048  5009378.588  3221050.992
2022  62  28398 GPS  -2267814.254  5009378.753  3221050.832
2022  62  28399 GPS  -2267814.477  5009378.639  3221050.589
2022  62  28400 GPS  -2267814.568  5009378.475  3221050.307
2022  62  28401 GPS  -2267814.691  5009378.286  3221050.259
2022  62  28402 GPS  -2267814.980  5009378.207  3221050.027
2022  62  28403 GPS  -2267815.186  5009377.952  3221049.491
2022  62  28404 GPS  -2267815.452  5009377.702  3221049.344
2022  62  28405 GPS  -2267815.556  5009377.447  3221048.952
2022  62  28406 GPS  -2267815.490  5009377.097  3221048.961
2022  62  28407 GPS  -2267815.651  5009377.102  3221049.443
2022  62  28408 GPS  -2267815.880  5009377.028  3221049.719
2022  62  28409 GPS  -2267816.004  5009377.178  3221049.740
2022  62  28410 GPS  -2267816.169  5009376.925  3221049.701
2022  62  28411 GPS  -2267816.350  5009377.020  3221050.160
2022  62  28412 GPS  -2267816.373  5009376.776  3221049.857
2022  62  28413 GPS  -2267816.480  5009376.859  3221049.965
2022  62  28414 GPS  -2267816.665  5009377.104  3221050.336
2022  62  28415 GPS  -2267816.865  5009377.448  3221051.105
2022  62  28416 GPS  -2267816.991  5009377.242  3221051.137
2022  62  28417 GPS  -2267817.125  5009377.624  3221051.803
2022  62  28418 GPS  -2267817.195  5009377.678  3221051.984
2022  62  28419 GPS  -2267817.157  5009378.138  3221052.403
2022  62  28420 GPS  -2267817.142  5009378.063  3221052.265
2022  62  28421 GPS  -2267817.034  5009378.193  3221052.333
2022  62  28422 GPS  -2267817.111  5009378.352  3221052.595
2022  62  28423 GPS  -2267817.204  5009378.687  3221052.676
2022  62  28424 GPS  -2267817.245  5009379.287  3221053.097
2022  62  28425 GPS  -2267817.290  5009379.864  3221053.496
2022  62  28426 GPS  -2267817.311  5009380.279  3221053.526
2022  62  28427 GPS  -2267817.089  5009380.436  3221053.394
2022  62  28428 GPS  -2267817.272  5009381.338  3221053.697
2022  62  28429 GPS  -2267817.271  5009381.978  3221053.685
2022  62  28430 GPS  -2267817.319  5009382.763  3221053.640
2022  62  28431 GPS  -2267817.508  5009383.945  3221054.096
2022  62  28432 GPS  -2267817.701  5009384.936  3221054.512
2022  62  28433 GPS  -2267817.788  5009385.252  3221054.071
2022  62  28434 GPS  -2267818.094  5009386.278  3221054.160
2022  62  28435 GPS  -2267818.302  5009386.911  3221054.239
2022  62  28436 GPS  -2267818.432  5009387.146  3221053.874
2022  62  28437 GPS  -2267818.655  5009388.331  3221054.284
2022  62  28438 GPS  -2267818.672  5009388.483  3221053.602
2022  62  28439 GPS  -2267818.600  5009388.387  3221052.807
2022  62  28440 GPS  -2267818.599  5009388.323  3221052.309
2022  62  28441 GPS  -2267818.459  5009387.945  3221051.515
2022  62  28442 GPS  -2267818.262  5009387.474  3221050.742
2022  62  28443 GPS  -2267818.035  5009387.694  3221050.579
2022  62  28444 GPS  -2267817.927  5009387.652  3221050.235
2022  62  28445 GPS  -2267817.863  5009387.798  3221050.029
2022  62  28446 GPS  -2267817.836  5009387.948  3221049.683
2022  62  28447 GPS  -2267817.495  5009387.362  3221048.756
2022  62  28448 GPS  -2267817.323  5009386.645  3221047.790
2022  62  28449 GPS  -2267816.956  5009386.192  3221046.850
2022  62  28450 GPS  -2267816.618  5009385.736  3221046.356
2022  62  28451 GPS  -2267816.447  5009385.512  3221045.908
2022  62  28452 GPS  -2267816.298  5009385.104  3221045.113
2022  62  28453 GPS  -2267816.173  5009384.870  3221044.904
2022  62  28454 GPS  -2267815.865  5009384.624  3221044.684
2022  62  28455 GPS  -2267815.708  5009384.296  3221044.623
2022  62  28456 GPS  -2267815.684  5009384.236  3221044.164
2022  62  28457 GPS  -2267815.573  5009384.124  3221043.625
2022  62  28458 GPS  -2267815.465  5009384.287  3221043.278
2022  62  28459 GPS  -2267815.368  5009384.128  3221042.757
2022  62  28460 GPS  -2267815.077  5009383.724  3221042.652
2022  62  28461 GPS  -2267815.068  5009383.703  3221042.398
2022  62  28462 GPS  -2267815.032  5009383.740  3221042.129
2022  62  28463 GPS  -2267815.011  5009383.662  3221041.785
2022  62  28464 GPS  -2267815.127  5009383.966  3221041.450
2022  62  28465 GPS  -2267815.175  5009384.038  3221040.993
2022  62  28466 GPS  -2267815.071  5009384.041  3221040.754
2022  62  28467 GPS  -2267815.228  5009384.165  3221040.689
2022  62  28468 GPS  -2267815.181  5009384.317  3221040.412
2022  62  28469 GPS  -2267815.163  5009384.473  3221040.270
2022  62  28470 GPS  -2267815.017  5009384.013  3221039.785
2022  62  28471 GPS  -2267814.908  5009383.734  3221039.492
2022  62  28472 GPS  -2267814.788  5009383.395  3221039.238
2022  62  28473 GPS  -2267814.919  5009383.411  3221039.129
2022  62  28474 GPS  -2267814.995  5009383.345  3221038.898
2022  62  28475 GPS  -2267814.823  5009382.466  3221037.847
2022  62  28476 GPS  -2267814.785  5009382.188  3221037.574
2022  62  28477 GPS  -2267814.823  5009381.798  3221037.035
2022  62  28478 GPS  -2267814.767  5009381.349  3221036.574
2022  62  28479 GPS  -2267814.676  5009380.792  3221035.950
2022  62  28480 GPS  -2267814.727  5009380.489  3221035.701
2022  62  28481 GPS  -2267814.595  5009379.423  3221034.808
2022  62  28482 GPS  -2267814.549  5009379.004  3221034.498
2022  62  28483 GPS  -2267814.639  5009378.336  3221034.058
2022  62  28484 GPS  -2267814.746  5009378.335  3221034.219
2022  62  28485 GPS  -2267814.728  5009378.031  3221033.845
2022  62  28486 GPS  -2267814.652  5009377.571  3221033.152
2022  62  28487 GPS  -2267814.446  5009377.125  3221033.135
2022  62  28488 GPS  -2267814.307  5009377.032  3221033.003
2022  62  28489 GPS  -2267814.204  5009376.991  3221032.841
2022  62  28490 GPS  -2267814.038  5009376.871  3221032.842
2022  62  28491 GPS  -2267813.956  5009376.777  3221032.647
2022  62  28492 GPS  -2267813.798  5009376.686  3221032.588
2022  62  28493 GPS  -2267813.590  5009376.535  3221032.217
2022  62  28494 GPS  -2267813.618  5009376.534  3221032.258
2022  62  28495 GPS  -2267813.460  5009376.533  3221032.209
2022  62  28496 GPS  -2267813.406  5009376.653  3221032.045
2022  62  28497 GPS  -2267813.188  5009376.497  3221031.790
2022  62  28498 GPS  -2267812.939  5009376.341  3221031.547
2022  62  28499 GPS  -2267812.898  5009376.129  3221031.451
2022  62  28500 GPS  -2267812.660  5009375.994  3221030.970
2022  62  28501 GPS  -2267812.649  5009375.993  3221031.238
2022  62  28502 GPS  -2267812.809  5009376.381  3221031.587
2022  62  28503 GPS  -2267812.812  5009375.947  3221031.305
2022  62  28504 GPS  -2267812.884  5009375.846  3221031.549
2022  62  28505 GPS  -2267812.999  5009375.799  3221032.120
2022  62  28506 GPS  -2267813.155  5009375.742  3221032.362
2022  62  28507 GPS  -2267813.383  5009376.028  3221032.614
2022  62  28508 GPS  -2267813.554  5009376.187  3221032.958
2022  62  28509 GPS  -2267813.859  5009376.341  3221033.266
2022  62  28510 GPS  -2267813.958  5009376.333  3221033.550
2022  62  28511 GPS  -2267818.959  5009379.950  3221038.200
2022  62  28512 GPS  -2267819.344  5009379.896  3221038.576
2022  62  28513 GPS  -2267819.805  5009380.321  3221039.166
2022  62  28514 GPS  -2267819.807  5009380.563  3221039.486
2022  62  28515 GPS  -2267819.800  5009380.418  3221039.826
2022  62  28516 GPS  -2267820.093  5009380.530  3221040.143
2022  62  28517 GPS  -2267820.365  5009381.094  3221040.972
2022  62  28518 GPS  -2267820.271  5009381.144  3221041.268
2022  62  28519 GPS  -2267820.263  5009381.351  3221042.053
2022  62  28520 GPS  -2267820.174  5009380.999  3221041.835
2022  62  28521 GPS  -2267819.932  5009380.424  3221041.396
2022  62  28522 GPS  -2267819.510  5009380.169  3221041.525
2022  62  28523 GPS  -2267819.413  5009380.378  3221041.836
2022  62  28524 GPS  -2267819.576  5009380.389  3221042.296
2022  62  28525 GPS  -2267819.549  5009380.859  3221042.873
2022  62  28526 GPS  -2267819.548  5009381.102  3221043.438
2022  62  28527 GPS  -2267819.557  5009381.214  3221043.840
2022  62  28528 GPS  -2267819.730  5009381.565  3221043.949
2022  62  28529 GPS  -2267819.762  5009382.098  3221044.543
2022  62  28530 GPS  -2267819.461  5009382.145  3221045.201
2022  62  28531 GPS  -2267819.473  5009382.110  3221045.641
2022  62  28532 GPS  -2267819.258  5009381.810  3221045.971
2022  62  28533 GPS  -2267819.195  5009382.036  3221046.767
2022  62  28534 GPS  -2267818.909  5009381.756  3221046.653
2022  62  28535 GPS  -2267818.917  5009381.558  3221047.015
2022  62  28536 GPS  -2267818.731  5009380.953  3221046.744
2022  62  28537 GPS  -2267818.789  5009380.768  3221047.138
2022  62  28538 GPS  -2267818.913  5009380.255  3221047.199
2022  62  28539 GPS  -2267818.918  5009380.458  3221047.431
2022  62  28540 GPS  -2267818.986  5009380.061  3221047.488
2022  62  28541 GPS  -2267818.786  5009379.445  3221047.195
2022  62  28542 GPS  -2267818.234  5009378.484  3221046.719
2022  62  28543 GPS  -2267818.021  5009377.988  3221046.794
2022  62  28544 GPS  -2267817.745  5009377.577  3221046.908
2022  62  28545 GPS  -2267817.714  5009377.553  3221046.793
2022  62  28546 GPS  -2267817.140  5009376.611  3221045.972
2022  62  28547 GPS  -2267817.157  5009375.975  3221045.689
2022  62  28548 GPS  -2267817.083  5009375.533  3221045.355
2022  62  28549 GPS  -2267817.177  5009375.450  3221045.354
2022  62  28550 GPS  -2267816.687  5009374.519  3221044.538
2022  62  28551 GPS  -2267816.636  5009373.990  3221044.027
2022  62  28552 GPS  -2267816.697  5009374.164  3221043.667
2022  62  28553 GPS  -2267816.438  5009374.311  3221043.784
2022  62  28554 GPS  -2267815.998  5009374.314  3221043.437
2022  62  28555 GPS  -2267815.900  5009374.482  3221043.169
2022  62  28556 GPS  -2267815.792  5009374.736  3221043.168
2022  62  28557 GPS  -2267816.045  5009375.304  3221043.296
2022  62  28558 GPS  -2267816.055  5009375.701  3221043.617
2022  62  28559 GPS  -2267815.892  5009375.866  3221044.336
2022  62  28560 GPS  -2267815.875  5009376.204  3221045.074
2022  62  28561 GPS  -2267815.883  5009376.550  3221045.892
2022  62  28562 GPS  -2267816.155  5009377.220  3221046.898
2022  62  28563 GPS  -2267816.140  5009377.042  3221047.326
2022  62  28564 GPS  -2267816.307  5009377.485  3221047.989
2022  62  28565 GPS  -2267816.270  5009378.053  3221048.666
2022  62  28566 GPS  -2267816.311  5009378.275  3221049.505
2022  62  28567 GPS  -2267816.109  5009378.329  3221050.143
2022  62  28568 GPS  -2267816.165  5009378.656  3221050.672
2022  62  28569 GPS  -2267816.470  5009378.925  3221051.513
2022  62  28570 GPS  -2267816.618  5009378.942  3221052.115
2022  62  28571 GPS  -2267816.430  5009378.410  3221052.433
2022  62  28572 GPS  -2267816.564  5009378.203  3221053.515
2022  62  28573 GPS  -2267816.567  5009378.073  3221054.108
2022  62  28574 GPS  -2267816.692  5009378.059  3221054.670
2022  62  28575 GPS  -2267816.745  5009378.079  3221055.398
2022  62  28576 GPS  -2267816.401  5009377.585  3221055.565
2022  62  28577 GPS  -2267816.141  5009377.345  3221056.105
2022  62  28578 GPS  -2267815.860  5009376.920  3221056.321
2022  62  28579 GPS  -2267815.542  5009376.249  3221056.414
2022  62  28580 GPS  -2267815.308  5009375.699  3221056.505
2022  62  28581 GPS  -2267815.345  5009375.538  3221056.853
2022  62  28582 GPS  -2267815.113  5009375.424  3221057.279
2022  62  28583 GPS  -2267815.016  5009375.119  3221057.466
2022  62  28584 GPS  -2267815.121  5009374.732  3221057.608
2022  62  28585 GPS  -2267815.090  5009374.787  3221057.959
2022  62  28586 GPS  -2267815.037  5009374.661  3221058.126
2022  62  28587 GPS  -2267814.872  5009374.229  3221057.884
2022  62  28588 GPS  -2267814.485  5009373.685  3221057.666
2022  62  28589 GPS  -2267814.125  5009373.214  3221057.298
2022  62  28590 GPS  -2267813.886  5009372.943  3221057.113
2022  62  28591 GPS  -2267813.715  5009372.748  3221056.713
2022  62  28592 GPS  -2267813.568  5009372.781  3221056.673
2022  62  28593 GPS  -2267813.651  5009372.695  3221056.348
2022  62  28594 GPS  -2267813.542  5009372.469  3221055.804
2022  62  28595 GPS  -2267813.180  5009372.129  3221055.367
2022  62  28596 GPS  -2267813.320  5009371.952  3221055.037
2022  62  28597 GPS  -2267813.257  5009371.977  3221054.797
2022  62  28598 GPS  -2267813.315  5009372.188  3221054.482
2022  62  28599 GPS  -2267813.612  5009372.448  3221054.728
2022  62  28600 GPS  -2267813.790  5009372.392  3221054.677
2022  62  28601 GPS  -2267813.844  5009372.179  3221054.455
2022  62  28602 GPS  -2267813.962  5009372.211  3221054.619
2022  62  28603 GPS  -2267814.460  5009372.543  3221055.146
2022  62  28604 GPS  -2267814.592  5009372.479  3221055.348
2022  62  28605 GPS  -2267814.833  5009372.849  3221055.779
2022  62  28606 GPS  -2267814.632  5009372.754  3221055.796
2022  62  28607 GPS  -2267814.487  5009372.234  3221055.646
2022  62  28608 GPS  -2267814.512  5009372.173  3221055.624
2022  62  28609 GPS  -2267814.559  5009372.053  3221055.904
2022  62  28610 GPS  -2267814.692  5009372.057  3221056.081
2022  62  28611 GPS  -2267814.520  5009371.955  3221056.396
2022  62  28612 GPS  -2267814.671  5009371.986  3221056.602
2022  62  28613 GPS  -2267814.930  5009371.671  3221056.388
2022  62  28614 GPS  -2267815.110  5009371.698  3221056.492
2022  62  28615 GPS  -2267815.448  5009371.771  3221056.834
2022  62  28616 GPS  -2267815.492  5009371.345  3221056.312
2022  62  28617 GPS  -2267815.644  5009371.335  3221056.250
2022  62  28618 GPS  -2267815.863  5009371.626  3221056.525
2022  62  28619 GPS  -2267815.915  5009371.370  3221056.246
2022  62  28620 GPS  -2267816.008  5009371.429  3221056.256
2022  62  28621 GPS  -2267815.969  5009371.369  3221056.498
2022  62  28622 GPS  -2267815.800  5009371.341  3221056.516
2022  62  28623 GPS  -2267815.985  5009371.509  3221056.865
2022  62  28624 GPS  -2267816.258  5009371.589  3221056.925
2022  62  28625 GPS  -2267816.457  5009371.663  3221057.070
2022  62  28626 GPS  -2267816.795  5009371.598  3221056.881
2022  62  28627 GPS  -2267817.177  5009371.991  3221057.323
2022  62  28628 GPS  -2267817.785  5009372.443  3221057.742
2022  62  28629 GPS  -2267818.203  5009373.041  3221058.454
2022  62  28630 GPS  -2267818.311  5009372.973  3221058.164
2022  62  28631 GPS  -2267818.618  5009373.457  3221058.701
2022  62  28632 GPS  -2267819.271  5009373.806  3221059.401
2022  62  28633 GPS  -2267819.562  5009374.152  3221059.861
2022  62  28634 GPS  -2267819.670  5009374.342  3221060.050
2022  62  28635 GPS  -2267819.797  5009374.536  3221059.671
2022  62  28636 GPS  -2267819.747  5009374.548  3221059.508
2022  62  28637 GPS  -2267819.777  5009374.863  3221059.295
2022  62  28638 GPS  -2267819.981  5009375.044  3221059.113
2022  62  28639 GPS  -2267820.197  5009375.341  3221059.324
2022  62  28640 GPS  -2267820.488  5009375.530  3221059.397
2022  62  28641 GPS  -2267820.391  5009375.497  3221059.081
2022  62  28642 GPS  -2267820.357  5009375.535  3221058.612
2022  62  28643 GPS  -2267820.489  5009375.588  3221058.358
2022  62  28644 GPS  -2267820.935  5009375.968  3221058.208
2022  62  28645 GPS  -2267820.983  5009376.447  3221058.324
2022  62  28646 GPS  -2267821.208  5009376.827  3221058.119
2022  62  28647 GPS  -2267821.367  5009377.217  3221058.287
2022  62  28648 GPS  -2267821.673  5009377.500  3221058.016
2022  62  28649 GPS  -2267821.924  5009377.986  3221057.757
2022  62  28650 GPS  -2267822.515  5009378.903  3221057.568
2022  62  28651 GPS  -2267822.867  5009379.163  3221057.343
2022  62  28652 GPS  -2267823.235  5009379.748  3221057.054
2022  62  28653 GPS  -2267823.316  5009380.049  3221056.793
2022  62  28654 GPS  -2267823.563  5009380.287  3221056.374
2022  62  28655 GPS  -2267823.721  5009380.540  3221056.017
2022  62  28656 GPS  -2267823.668  5009380.853  3221055.683
2022  62  28657 GPS  -2267823.719  5009381.008  3221055.395
2022  62  28658 GPS  -2267823.885  5009380.514  3221054.383
2022  62  28659 GPS  -2267823.650  5009380.431  3221053.863
2022  62  28660 GPS  -2267823.595  5009380.225  3221053.603
2022  62  28661 GPS  -2267823.649  5009379.802  3221052.814
2022  62  28662 GPS  -2267823.881  5009379.381  3221052.254
2022  62  28663 GPS  -2267823.855  5009379.034  3221051.661
2022  62  28664 GPS  -2267824.245  5009378.970  3221051.483
2022  62  28665 GPS  -2267824.309  5009378.638  3221051.081
2022  62  28666 GPS  -2267824.698  5009378.961  3221051.340
2022  62  28667 GPS  -2267824.269  5009377.991  3221050.702
2022  62  28668 GPS  -2267824.545  5009377.686  3221050.743
2022  62  28669 GPS  -2267824.469  5009377.196  3221050.172
2022  62  28670 GPS  -2267824.433  5009376.861  3221049.606
2022  62  28671 GPS  -2267824.522  5009376.735  3221049.407
2022  62  28672 GPS  -2267824.735  5009376.426  3221048.946
2022  62  28673 GPS  -2267824.771  5009375.884  3221048.378
2022  62  28674 GPS  -2267824.993  5009375.337  3221048.168
2022  62  28675 GPS  -2267825.174  5009374.795  3221047.934
2022  62  28676 GPS  -2267825.463  5009374.616  3221047.898
2022  62  28677 GPS  -2267825.416  5009373.653  3221047.355
2022  62  28678 GPS  -2267825.528  5009373.236  3221047.161
2022  62  28679 GPS  -2267825.885  5009372.666  3221046.718
2022  62  28680 GPS  -2267825.818  5009372.180  3221046.022
2022  62  28681 GPS  -2267825.939  5009371.946  3221045.876
2022  62  28682 GPS  -2267825.893  5009371.667  3221045.807
2022  62  28683 GPS  -2267825.955  5009371.983  3221046.353
2022  62  28684 GPS  -2267826.335  5009372.868  3221047.269
2022  62  28685 GPS  -2267826.427  5009372.686  3221046.796
2022  62  28686 GPS  -2267826.415  5009372.577  3221046.507
2022  62  28687 GPS  -2267826.411  5009372.173  3221046.305
2022  62  28688 GPS  -2267826.166  5009371.839  3221045.835
2022  62  28689 GPS  -2267826.100  5009371.641  3221045.641
2022  62  28690 GPS  -2267825.865  5009371.345  3221045.495
2022  62  28691 GPS  -2267825.737  5009371.392  3221045.575
2022  62  28692 GPS  -2267825.762  5009371.767  3221045.663
2022  62  28693 GPS  -2267825.672  5009371.678  3221045.369
2022  62  28694 GPS  -2267825.537  5009371.862  3221045.313
2022  62  28695 GPS  -2267825.350  5009371.869  3221045.289
2022  62  28696 GPS  -2267825.073  5009371.539  3221044.669
2022  62  28697 GPS  -2267824.981  5009371.252  3221044.474
2022  62  28698 GPS  -2267824.977  5009370.999  3221044.087
2022  62  28699 GPS  -2267824.624  5009370.543  3221043.317
2022  62  28700 GPS  -2267824.257  5009369.870  3221042.850
2022  62  28701 GPS  -2267823.850  5009369.471  3221042.559
2022  62  28702 GPS  -2267823.615  5009369.033  3221042.243
2022  62  28703 GPS  -2267823.413  5009368.830  3221042.040
2022  62  28704 GPS  -2267823.165  5009368.401  3221041.771
2022  62  28705 GPS  -2267823.138  5009367.953  3221041.567
2022  62  28706 GPS  -2267822.978  5009367.731  3221041.344
2022  62  28707 GPS  -2267822.823  5009367.603  3221041.607
2022  62  28708 GPS  -2267822.848  5009367.181  3221041.511
2022  62  28709 GPS  -2267822.673  5009366.945  3221041.245
2022  62  28710 GPS  -2267822.798  5009366.491  3221041.063
2022  62  28711 GPS  -2267822.293  5009365.970  3221040.736
2022  62  28712 GPS  -2267822.009  5009365.355  3221040.241
2022  62  28713 GPS  -2267822.061  5009365.289  3221040.092
2022  62  28714 GPS  -2267822.341  5009364.992  3221039.991
2022  62  28715 GPS  -2267822.553  5009365.335  3221040.594
2022  62  28716 GPS  -2267822.170  5009365.056  3221040.431
2022  62  28717 GPS  -2267822.246  5009365.168  3221040.589
2022  62  28718 GPS  -2267822.146  5009365.357  3221040.788
2022  62  28719 GPS  -2267822.060  5009365.370  3221040.992
2022  62  28720 GPS  -2267821.899  5009365.629  3221041.672
2022  62  28721 GPS  -2267821.942  5009365.835  3221042.151
2022  62  28722 GPS  -2267822.003  5009366.052  3221042.832
2022  62  28723 GPS  -2267822.065  5009366.528  3221043.555
2022  62  28724 GPS  -2267822.190  5009366.834  3221044.243
2022  62  28725 GPS  -2267822.331  5009367.022  3221044.684
2022  62  28726 GPS  -2267822.353  5009366.977  3221044.965
2022  62  28727 GPS  -2267822.528  5009366.941  3221045.225
2022  62  28728 GPS  -2267822.222  5009366.803  3221045.409
2022  62  28729 GPS  -2267822.033  5009366.465  3221045.262
2022  62  28730 GPS  -2267822.124  5009366.246  3221045.347
2022  62  28731 GPS  -2267821.808  5009365.808  3221045.397
2022  62  28732 GPS  -2267821.699  5009365.428  3221045.262
2022  62  28733 GPS  -2267821.413  5009365.248  3221045.572
2022  62  28734 GPS  -2267821.359  5009364.797  3221045.413
2022  62  28735 GPS  -2267820.970  5009364.180  3221045.274
2022  62  28736 GPS  -2267820.639  5009363.989  3221045.488
2022  62  28737 GPS  -2267820.365  5009364.050  3221045.830
2022  62  28738 GPS  -2267820.360  5009364.204  3221045.861
2022  62  28739 GPS  -2267820.321  5009364.505  3221046.139
2022  62  28740 GPS  -2267820.145  5009364.826  3221046.596
2022  62  28741 GPS  -2267820.122  5009365.037  3221046.800
2022  62  28742 GPS  -2267819.912  5009365.457  3221047.049
2022  62  28743 GPS  -2267820.003  5009365.974  3221047.799
2022  62  28744 GPS  -2267819.825  5009366.040  3221047.687
2022  62  28745 GPS  -2267819.560  5009365.717  3221047.285
2022  62  28746 GPS  -2267819.190  5009365.624  3221047.147
2022  62  28747 GPS  -2267819.067  5009365.596  3221046.765
2022  62  28748 GPS  -2267818.707  5009365.419  3221046.169
2022  62  28749 GPS  -2267818.304  5009365.274  3221045.695
2022  62  28750 GPS  -2267817.872  5009365.096  3221045.154
2022  62  28751 GPS  -2267817.563  5009364.762  3221044.358
2022  62  28752 GPS  -2267817.293  5009364.337  3221043.637
2022  62  28753 GPS  -2267817.066  5009364.110  3221043.108
2022  62  28754 GPS  -2267816.791  5009364.111  3221042.614
2022  62  28755 GPS  -2267816.166  5009364.046  3221042.327
2022  62  28756 GPS  -2267815.826  5009363.725  3221041.862
2022  62  28757 GPS  -2267815.487  5009363.494  3221041.325
2022  62  28758 GPS  -2267815.003  5009363.117  3221040.539
2022  62  28759 GPS  -2267814.841  5009362.937  3221040.164
2022  62  28760 GPS  -2267814.447  5009362.359  3221039.456
2022  62  28761 GPS  -2267814.017  5009361.782  3221039.105
2022  62  28762 GPS  -2267813.737  5009361.583  3221039.092
2022  62  28763 GPS  -2267813.263  5009360.940  3221038.511
2022  62  28764 GPS  -2267812.802  5009360.458  3221038.091
2022  62  28765 GPS  -2267812.552  5009360.376  3221038.054
2022  62  28766 GPS  -2267812.095  5009359.567  3221038.024
2022  62  28767 GPS  -2267811.973  5009359.601  3221038.118
2022  62  28768 GPS  -2267811.954  5009359.450  3221037.922
2022  62  28769 GPS  -2267812.112  5009359.705  3221038.422
2022  62  28770 GPS  -2267811.865  5009359.420  3221038.223
2022  62  28771 GPS  -2267811.635  5009359.218  3221038.428
2022  62  28772 GPS  -2267811.750  5009359.463  3221038.758
2022  62  28773 GPS  -2267811.871  5009359.100  3221038.626
2022  62  28774 GPS  -2267812.119  5009359.344  3221039.247
2022  62  28775 GPS  -2267812.284  5009359.433  3221039.697
2022  62  28776 GPS  -2267812.368  5009359.851  3221040.449
2022  62  28777 GPS  -2267812.680  5009360.559  3221041.362
2022  62  28778 GPS  -2267813.163  5009361.356  3221042.298
2022  62  28779 GPS  -2267813.250  5009361.761  3221042.706
2022  62  28780 GPS  -2267813.527  5009362.518  3221043.544
2022  62  28781 GPS  -2267814.158  5009363.204  3221044.395
2022  62  28782 GPS  -2267814.428  5009363.693  3221044.865
2022  62  28783 GPS  -2267814.926  5009364.669  3221045.870
2022  62  28784 GPS  -2267815.470  5009365.402  3221046.524
2022  62  28785 GPS  -2267815.699  5009366.069  3221047.338
2022  62  28786 GPS  -2267816.281  5009367.074  3221048.209
2022  62  28787 GPS  -2267816.445  5009367.704  3221048.798
2022  62  28788 GPS  -2267816.611  5009368.030  3221049.150
2022  62  28789 GPS  -2267816.962  5009369.041  3221050.187
2022  62  28790 GPS  -2267817.300  5009370.214  3221051.170
2022  62  28791 GPS  -2267817.124  5009370.664  3221051.666
2022  62  28792 GPS  -2267817.044  5009371.185  3221052.279
2022  62  28793 GPS  -2267816.814  5009372.136  3221053.329
2022  62  28794 GPS  -2267816.761  5009372.763  3221053.866
2022  62  28795 GPS  -2267816.844  5009373.505  3221054.629
2022  62  28796 GPS  -2267816.976  5009374.361  3221055.374
2022  62  28797 GPS  -2267816.947  5009374.885  3221056.225
2022  62  28798 GPS  -2267816.753  5009375.173  3221056.496
2022  62  28799 GPS  -2267816.497  5009374.929  3221056.865
2022  62  28800 GPS  -2267816.056  5009374.484  3221056.783
2022  62  28801 GPS  -2267815.943  5009374.827  3221057.396
2022  62  28802 GPS  -2267815.707  5009375.019  3221058.040
2022  62  28803 GPS  -2267815.650  5009375.027  3221058.619
2022  62  28804 GPS  -2267815.486  5009375.149  3221059.393
2022  62  28805 GPS  -2267815.223  5009374.749  3221059.420
2022  62  28806 GPS  -2267815.545  5009375.151  3221060.180
2022  62  28807 GPS  -2267815.525  5009374.976  3221060.228
2022  62  28808 GPS  -2267815.716  5009374.861  3221060.355
2022  62  28809 GPS  -2267815.608  5009374.247  3221060.344
2022  62  28810 GPS  -2267815.507  5009373.872  3221060.616
2022  62  28811 GPS  -2267815.192  5009373.760  3221061.226
2022  62  28812 GPS  -2267815.014  5009373.540  3221061.629
2022  62  28813 GPS  -2267815.212  5009373.761  3221062.255
2022  62  28814 GPS  -2267815.200  5009374.029  3221062.686
2022  62  28815 GPS  -2267815.188  5009374.490  3221063.368
2022  62  28816 GPS  -2267815.326  5009375.425  3221064.214
2022  62  28817 GPS  -2267815.213  5009375.795  3221064.697
2022  62  28818 GPS  -2267815.370  5009376.604  3221065.295
2022  62  28819 GPS  -2267815.294  5009377.277  3221065.814
2022  62  28820 GPS  -2267815.333  5009377.866  3221066.113
2022  62  28821 GPS  -2267815.393  5009378.733  3221066.492
2022  62  28822 GPS  -2267815.603  5009379.714  3221067.049
2022  62  28823 GPS  -2267815.601  5009380.672  3221067.940
2022  62  28824 GPS  -2267815.844  5009381.664  3221068.885
2022  62  28825 GPS  -2267815.937  5009382.480  3221069.249
2022  62  28826 GPS  -2267816.050  5009383.116  3221069.538
2022  62  28827 GPS  -2267816.381  5009383.888  3221069.792
2022  62  28828 GPS  -2267816.576  5009384.561  3221070.041
2022  62  28829 GPS  -2267816.780  5009384.950  3221070.476
2022  62  28830 GPS  -2267817.000  5009385.626  3221071.382
2022  62  28831 GPS  -2267817.609  5009386.123  3221071.793
2022  62  28832 GPS  -2267817.948  5009386.566  3221072.156
2022  62  28833 GPS  -2267817.995  5009386.997  3221072.537
2022  62  28834 GPS  -2267818.106  5009387.308  3221072.669
2022  62  28835 GPS  -2267818.308  5009387.612  3221073.076
2022  62  28836 GPS  -2267818.243  5009388.005  3221073.517
2022  62  28837 GPS  -2267818.506  5009388.337  3221073.543
2022  62  28838 GPS  -2267818.278  5009388.351  3221073.442
2022  62  28839 GPS  -2267818.383  5009388.301  3221073.256
2022  62  28840 GPS  -2267818.385  5009388.255  3221073.103
2022  62  28841 GPS  -2267818.769  5009388.572  3221073.296
2022  62  28842 GPS  -2267818.865  5009388.336  3221073.100
2022  62  28843 GPS  -2267819.102  5009388.503  3221073.313
2022  62  28844 GPS  -2267819.363  5009388.416  3221073.263
2022  62  28845 GPS  -2267819.452  5009388.211  3221072.964
2022  62  28846 GPS  -2267819.679  5009387.830  3221072.574
2022  62  28847 GPS  -2267819.916  5009388.017  3221072.683
2022  62  28848 GPS  -2267819.905  5009387.807  3221072.249
2022  62  28849 GPS  -2267820.139  5009387.655  3221071.730
2022  62  28850 GPS  -2267820.552  5009388.127  3221072.152
2022  62  28851 GPS  -2267820.540  5009388.187  3221072.337
2022  62  28852 GPS  -2267820.777  5009388.329  3221072.177
2022  62  28853 GPS  -2267820.617  5009388.317  3221072.068
2022  62  28854 GPS  -2267820.818  5009388.357  3221072.115
2022  62  28855 GPS  -2267820.916  5009388.657  3221072.165
2022  62  28856 GPS  -2267820.837  5009388.715  3221071.846
2022  62  28857 GPS  -2267820.617  5009388.902  3221071.697
2022  62  28858 GPS  -2267820.649  5009389.132  3221071.697
2022  62  28859 GPS  -2267820.372  5009388.970  3221071.498
2022  62  28860 GPS  -2267820.342  5009389.222  3221071.450
2022  62  28861 GPS  -2267820.130  5009389.321  3221071.154
2022  62  28862 GPS  -2267819.991  5009389.430  3221070.949
2022  62  28863 GPS  -2267820.014  5009389.239  3221070.663
2022  62  28864 GPS  -2267819.994  5009388.876  3221070.379
2022  62  28865 GPS  -2267819.766  5009388.512  3221069.856
2022  62  28866 GPS  -2267819.746  5009388.402  3221069.460
2022  62  28867 GPS  -2267819.767  5009388.324  3221069.281
2022  62  28868 GPS  -2267819.879  5009388.121  3221069.101
2022  62  28869 GPS  -2267819.995  5009387.885  3221068.947
2022  62  28870 GPS  -2267820.191  5009388.022  3221069.203
2022  62  28871 GPS  -2267820.601  5009388.026  3221069.097
2022  62  28872 GPS  -2267820.770  5009388.008  3221069.011
2022  62  28873 GPS  -2267821.134  5009388.230  3221068.799
2022  62  28874 GPS  -2267821.240  5009388.071  3221068.633
2022  62  28875 GPS  -2267821.289  5009387.791  3221068.098
2022  62  28876 GPS  -2267821.450  5009387.924  3221068.328
2022  62  28877 GPS  -2267821.581  5009387.844  3221067.931
2022  62  28878 GPS  -2267821.826  5009388.035  3221068.006
2022  62  28879 GPS  -2267821.714  5009387.800  3221067.734
2022  62  28880 GPS  -2267821.668  5009387.477  3221067.483
2022  62  28881 GPS  -2267821.734  5009387.553  3221067.347
2022  62  28882 GPS  -2267821.650  5009387.524  3221067.430
2022  62  28883 GPS  -2267821.623  5009387.092  3221067.227
2022  62  28884 GPS  -2267821.553  5009386.786  3221067.013
2022  62  28885 GPS  -2267821.535  5009386.393  3221066.683
2022  62  28886 GPS  -2267821.274  5009385.916  3221066.158
2022  62  28887 GPS  -2267821.318  5009385.478  3221066.021
2022  62  28888 GPS  -2267821.213  5009385.133  3221065.949
2022  62  28889 GPS  -2267821.265  5009385.224  3221066.021
2022  62  28890 GPS  -2267821.349  5009385.248  3221066.127
2022  62  28891 GPS  -2267821.389  5009384.973  3221065.922
2022  62  28892 GPS  -2267821.483  5009384.965  3221066.173
2022  62  28893 GPS  -2267821.380  5009384.942  3221066.450
2022  62  28894 GPS  -2267821.055  5009384.683  3221066.497
2022  62  28895 GPS  -2267820.544  5009384.234  3221066.188
2022  62  28896 GPS  -2267820.568  5009384.068  3221065.998
2022  62  28897 GPS  -2267820.097  5009383.345  3221065.414
2022  62  28898 GPS  -2267819.612  5009382.808  3221064.705
2022  62  28899 GPS  -2267819.348  5009382.250  3221064.412
2022  62  28900 GPS  -2267819.103  5009381.666  3221063.865
2022  62  28901 GPS  -2267818.677  5009381.188  3221063.176
2022  62  28902 GPS  -2267818.412  5009380.777  3221062.548
2022  62  28903 GPS  -2267818.255  5009380.196  3221061.899
2022  62  28904 GPS  -2267817.721  5009379.696  3221061.316
2022  62  28905 GPS  -2267817.487  5009379.647  3221060.836
2022  62  28906 GPS  -2267817.303  5009379.498  3221060.355
2022  62  28907 GPS  -2267817.165  5009379.188  3221060.016
2022  62  28908 GPS  -2267816.937  5009378.879  3221059.650
2022  62  28909 GPS  -2267816.894  5009378.448  3221059.515
2022  62  28910 GPS  -2267816.672  5009377.994  3221059.083
2022  62  28911 GPS  -2267816.703  5009377.631  3221058.774
2022  62  28912 GPS  -2267816.619  5009377.192  3221057.871
2022  62  28913 GPS  -2267816.164  5009376.222  3221056.839
2022  62  28914 GPS  -2267815.584  5009375.149  3221055.714
2022  62  28915 GPS  -2267815.109  5009374.364  3221054.954
2022  62  28916 GPS  -2267814.864  5009373.890  3221054.390
2022  62  28917 GPS  -2267814.606  5009373.477  3221053.798
2022  62  28918 GPS  -2267814.530  5009373.079  3221052.732
2022  62  28919 GPS  -2267814.127  5009372.615  3221051.935
2022  62  28920 GPS  -2267814.132  5009372.569  3221051.160
2022  62  28921 GPS  -2267814.048  5009372.798  3221050.832
2022  62  28922 GPS  -2267814.268  5009373.425  3221050.924
2022  62  28923 GPS  -2267814.047  5009373.657  3221050.581
2022  62  28924 GPS  -2267813.966  5009373.496  3221049.694
2022  62  28925 GPS  -2267814.006  5009373.914  3221049.638
2022  62  28926 GPS  -2267814.149  5009373.939  3221049.276
2022  62  28927 GPS  -2267814.372  5009374.152  3221048.914
2022  62  28928 GPS  -2267814.272  5009374.026  3221048.515
2022  62  28929 GPS  -2267814.160  5009373.790  3221047.887
2022  62  28930 GPS  -2267814.260  5009373.757  3221047.133
2022  62  28931 GPS  -2267814.388  5009373.570  3221046.439
2022  62  28932 GPS  -2267814.675  5009373.721  3221046.238
2022  62  28933 GPS  -2267814.776  5009373.809  3221045.931
2022  62  28934 GPS  -2267814.977  5009374.017  3221045.756
2022  62  28935 GPS  -2267815.128  5009374.161  3221045.246
2022  62  28936 GPS  -2267815.280  5009374.205  3221045.125
2022  62  28937 GPS  -2267815.416  5009374.233  3221044.935
2022  62  28938 GPS  -2267815.713  5009374.599  3221044.906
2022  62  28939 GPS  -2267815.743  5009374.365  3221044.332
2022  62  28940 GPS  -2267815.933  5009374.444  3221044.070
2022  62  28941 GPS  -2267816.035  5009374.437  3221043.718
2022  62  28942 GPS  -2267815.808  5009374.139  3221043.103
2022  62  28943 GPS  -2267815.681  5009373.667  3221042.591
2022  62  28944 GPS  -2267815.968  5009373.668  3221042.512
2022  62  28945 GPS  -2267815.804  5009373.470  3221042.256
2022  62  28946 GPS  -2267815.744  5009373.305  3221042.246
2022  62  28947 GPS  -2267815.366  5009372.846  3221042.184
2022  62  28948 GPS  -2267814.915  5009372.280  3221041.794
2022  62  28949 GPS  -2267814.594  5009371.807  3221041.301
2022  62  28950 GPS  -2267814.166  5009371.203  3221040.819
2022  62  28951 GPS  -2267813.967  5009370.390  3221039.925
2022  62  28952 GPS  -2267813.762  5009369.896  3221039.479
2022  62  28953 GPS  -2267813.425  5009368.813  3221038.617
2022  62  28954 GPS  -2267813.042  5009367.895  3221037.794
2022  62  28955 GPS  -2267812.903  5009367.455  3221037.460
2022  62  28956 GPS  -2267812.981  5009367.272  3221037.399
2022  62  28957 GPS  -2267813.063  5009367.085  3221037.330
2022  62  28958 GPS  -2267812.964  5009366.648  3221037.148
2022  62  28959 GPS  -2267812.792  5009366.269  3221036.980
2022  62  28960 GPS  -2267812.743  5009365.763  3221036.514
2022  62  28961 GPS  -2267812.594  5009365.679  3221036.282
2022  62  28962 GPS  -2267812.438  5009365.095  3221035.908
2022  62  28963 GPS  -2267812.368  5009364.877  3221035.622
2022  62  28964 GPS  -2267812.205  5009364.536  3221035.414
2022  62  28965 GPS  -2267812.094  5009364.472  3221035.196
2022  62  28966 GPS  -2267812.104  5009364.514  3221035.229
2022  62  28967 GPS  -2267812.323  5009364.648  3221035.216
2022  62  28968 GPS  -2267812.467  5009364.557  3221035.117
2022  62  28969 GPS  -2267812.345  5009364.332  3221034.798
2022  62  28970 GPS  -2267812.604  5009364.956  3221034.972
2022  62  28971 GPS  -2267812.853  5009365.214  3221034.878
2022  62  28972 GPS  -2267813.220  5009365.920  3221035.127
2022  62  28973 GPS  -2267813.865  5009366.540  3221035.307
2022  62  28974 GPS  -2267814.410  5009366.956  3221035.305
2022  62  28975 GPS  -2267815.468  5009368.016  3221035.767
2022  62  28976 GPS  -2267816.098  5009368.704  3221036.095
2022  62  28977 GPS  -2267816.925  5009369.127  3221036.181
2022  62  28978 GPS  -2267817.620  5009369.595  3221036.151
2022  62  28979 GPS  -2267818.178  5009370.056  3221036.398
2022  62  28980 GPS  -2267818.790  5009370.529  3221036.653
2022  62  28981 GPS  -2267819.227  5009370.863  3221036.876
2022  62  28982 GPS  -2267819.733  5009371.189  3221037.157
2022  62  28983 GPS  -2267820.277  5009371.542  3221037.230
2022  62  28984 GPS  -2267820.951  5009371.851  3221037.691
2022  62  28985 GPS  -2267821.347  5009372.175  3221037.745
2022  62  28986 GPS  -2267821.625  5009372.525  3221038.167
2022  62  28987 GPS  -2267821.854  5009372.768  3221038.276
2022  62  28988 GPS  -2267821.874  5009372.728  3221038.223
2022  62  28989 GPS  -2267821.896  5009372.767  3221038.330
2022  62  28990 GPS  -2267822.159  5009372.682  3221038.199
2022  62  28991 GPS  -2267822.127  5009372.530  3221038.021
2022  62  28992 GPS  -2267822.282  5009372.506  3221038.108
2022  62  28993 GPS  -2267822.249  5009372.279  3221038.166
2022  62  28994 GPS  -2267822.068  5009371.893  3221037.769
2022  62  28995 GPS  -2267821.771  5009371.441  3221037.501
2022  62  28996 GPS  -2267821.568  5009370.869  3221036.993
2022  62  28997 GPS  -2267821.342  5009370.367  3221036.698
2022  62  28998 GPS  -2267821.366  5009370.298  3221036.791
2022  62  28999 GPS  -2267821.126  5009370.203  3221036.818
2022  62  29000 GPS  -2267820.727  5009369.983  3221036.857
2022  62  29001 GPS  -2267820.589  5009369.872  3221036.972
2022  62  29002 GPS  -2267820.336  5009369.711  3221036.984
2022  62  29003 GPS  -2267820.387  5009369.623  3221036.736
2022  62  29004 GPS  -2267820.141  5009369.120  3221036.349
2022  62  29005 GPS  -2267820.050  5009368.921  3221035.896
2022  62  29006 GPS  -2267819.812  5009368.753  3221035.683
2022  62  29007 GPS  -2267819.744  5009368.911  3221035.615
2022  62  29008 GPS  -2267819.533  5009369.049  3221035.587
2022  62  29009 GPS  -2267819.299  5009368.948  3221035.326
2022  62  29010 GPS  -2267819.104  5009368.956  3221035.272
2022  62  29011 GPS  -2267819.042  5009368.971  3221035.269
2022  62  29012 GPS  -2267818.965  5009368.845  3221035.011
2022  62  29013 GPS  -2267818.764  5009368.705  3221034.528
2022  62  29014 GPS  -2267818.549  5009368.368  3221034.218
2022  62  29015 GPS  -2267818.554  5009368.235  3221034.107
2022  62  29016 GPS  -2267818.738  5009368.217  3221034.233
2022  62  29017 GPS  -2267818.614  5009367.674  3221034.103
2022  62  29018 GPS  -2267818.505  5009366.936  3221033.672
2022  62  29019 GPS  -2267818.668  5009366.984  3221033.769
2022  62  29020 GPS  -2267818.657  5009366.875  3221033.942
2022  62  29021 GPS  -2267818.942  5009366.724  3221034.153
2022  62  29022 GPS  -2267818.758  5009366.376  3221034.187
2022  62  29023 GPS  -2267818.807  5009365.933  3221034.321
2022  62  29024 GPS  -2267819.218  5009366.325  3221034.831
2022  62  29025 GPS  -2267819.176  5009366.033  3221034.862
2022  62  29026 GPS  -2267819.386  5009366.085  3221035.100
2022  62  29027 GPS  -2267819.231  5009365.665  3221035.140
2022  62  29028 GPS  -2267819.250  5009365.314  3221035.475
2022  62  29029 GPS  -2267819.391  5009365.232  3221036.139
2022  62  29030 GPS  -2267819.530  5009365.244  3221036.946
2022  62  29031 GPS  -2267819.687  5009365.084  3221037.414
2022  62  29032 GPS  -2267819.861  5009364.959  3221038.083
2022  62  29033 GPS  -2267819.891  5009364.877  3221038.467
2022  62  29034 GPS  -2267819.678  5009364.650  3221039.101
2022  62  29035 GPS  -2267819.471  5009364.882  3221039.586
2022  62  29036 GPS  -2267819.254  5009364.574  3221039.894
2022  62  29037 GPS  -2267818.931  5009364.601  3221040.212
2022  62  29038 GPS  -2267818.522  5009364.612  3221040.231
2022  62  29039 GPS  -2267817.953  5009364.265  3221040.191
2022  62  29040 GPS  -2267817.717  5009364.323  3221040.286
2022  62  29041 GPS  -2267817.437  5009364.194  3221040.499
2022  62  29042 GPS  -2267817.259  5009364.191  3221040.835
2022  62  29043 GPS  -2267817.132  5009364.520  3221040.690
2022  62  29044 GPS  -2267816.951  5009364.890  3221040.974
2022  62  29045 GPS  -2267816.759  5009365.198  3221041.083
2022  62  29046 GPS  -2267816.711  5009365.368  3221041.365
2022  62  29047 GPS  -2267816.579  5009365.636  3221041.574
2022  62  29048 GPS  -2267816.334  5009365.678  3221041.452
2022  62  29049 GPS  -2267816.435  5009366.743  3221041.754
2022  62  29050 GPS  -2267816.507  5009367.027  3221041.986
2022  62  29051 GPS  -2267816.366  5009367.554  3221042.307
2022  62  29052 GPS  -2267816.167  5009368.169  3221042.843
2022  62  29053 GPS  -2267815.865  5009368.472  3221043.411
2022  62  29054 GPS  -2267815.206  5009368.661  3221044.265
2022  62  29055 GPS  -2267815.317  5009369.691  3221045.084
2022  62  29056 GPS  -2267815.271  5009370.517  3221045.833
2022  62  29057 GPS  -2267815.278  5009371.472  3221046.659
2022  62  29058 GPS  -2267815.380  5009372.390  3221047.889
2022  62  29059 GPS  -2267815.244  5009372.872  3221048.386
2022  62  29060 GPS  -2267815.389  5009373.658  3221049.703
2022  62  29061 GPS  -2267815.342  5009374.166  3221050.347
2022  62  29062 GPS  -2267815.328  5009374.438  3221051.009
2022  62  29063 GPS  -2267815.497  5009374.597  3221051.621
2022  62  29064 GPS  -2267815.735  5009375.079  3221052.742
2022  62  29065 GPS  -2267815.981  5009375.374  3221053.444
2022  62  29066 GPS  -2267816.068  5009375.689  3221054.233
2022  62  29067 GPS  -2267816.113  5009375.652  3221054.883
2022  62  29068 GPS  -2267816.068  5009375.975  3221055.478
2022  62  29069 GPS  -2267816.114  5009375.971  3221055.708
2022  62  29070 GPS  -2267816.315  5009376.473  3221056.446
2022  62  29071 GPS  -2267816.353  5009376.690  3221057.040
2022  62  29072 GPS  -2267816.359  5009377.157  3221057.854
2022  62  29073 GPS  -2267816.337  5009377.637  3221058.734
2022  62  29074 GPS  -2267816.473  5009378.129  3221059.541
2022  62  29075 GPS  -2267816.390  5009378.233  3221060.084
2022  62  29076 GPS  -2267816.288  5009378.398  3221060.389
2022  62  29077 GPS  -2267816.398  5009378.301  3221060.968
2022  62  29078 GPS  -2267816.429  5009378.543  3221061.678
2022  62  29079 GPS  -2267816.288  5009379.029  3221062.304
2022  62  29080 GPS  -2267816.129  5009379.518  3221062.720
2022  62  29081 GPS  -2267816.045  5009379.624  3221062.695
2022  62  29082 GPS  -2267815.962  5009379.599  3221062.824
2022  62  29083 GPS  -2267815.897  5009379.433  3221063.003
2022  62  29084 GPS  -2267815.949  5009379.515  3221063.173
2022  62  29085 GPS  -2267815.909  5009379.435  3221062.965
2022  62  29086 GPS  -2267815.867  5009379.476  3221063.155
2022  62  29087 GPS  -2267815.920  5009379.593  3221063.620
2022  62  29088 GPS  -2267815.749  5009379.800  3221063.739
2022  62  29089 GPS  -2267815.626  5009379.454  3221063.387
2022  62  29090 GPS  -2267815.548  5009379.228  3221063.453
2022  62  29091 GPS  -2267815.475  5009379.162  3221063.330
2022  62  29092 GPS  -2267815.566  5009379.392  3221063.667
2022  62  29093 GPS  -2267815.367  5009379.440  3221063.455
2022  62  29094 GPS  -2267815.177  5009379.285  3221063.149
2022  62  29095 GPS  -2267815.266  5009379.037  3221062.594
2022  62  29096 GPS  -2267815.374  5009379.153  3221062.564
2022  62  29097 GPS  -2267815.254  5009379.106  3221062.354
2022  62  29098 GPS  -2267815.106  5009379.084  3221062.076
2022  62  29099 GPS  -2267815.161  5009379.069  3221061.905
2022  62  29100 GPS  -2267815.277  5009379.217  3221061.725
2022  62  29101 GPS  -2267815.347  5009379.399  3221061.640
2022  62  29102 GPS  -2267815.376  5009379.663  3221061.760
2022  62  29103 GPS  -2267815.512  5009379.791  3221061.738
2022  62  29104 GPS  -2267815.773  5009380.107  3221061.896
2022  62  29105 GPS  -2267815.883  5009380.145  3221061.866
2022  62  29106 GPS  -2267816.201  5009380.654  3221062.175
2022  62  29107 GPS  -2267816.445  5009381.170  3221062.417
2022  62  29108 GPS  -2267816.769  5009381.769  3221062.868
2022  62  29109 GPS  -2267816.974  5009382.045  3221063.170
2022  62  29110 GPS  -2267817.256  5009382.177  3221063.335
2022  62  29111 GPS  -2267817.663  5009382.692  3221063.783
2022  62  29112 GPS  -2267817.917  5009383.073  3221064.198
2022  62  29113 GPS  -2267818.018  5009382.801  3221064.055
2022  62  29114 GPS  -2267818.128  5009382.959  3221064.413
2022  62  29115 GPS  -2267818.357  5009383.504  3221064.762
2022  62  29116 GPS  -2267818.616  5009383.807  3221065.050
2022  62  29117 GPS  -2267818.833  5009384.225  3221065.172
2022  62  29118 GPS  -2267819.090  5009384.445  3221065.357
2022  62  29119 GPS  -2267819.276  5009384.499  3221065.557
2022  62  29120 GPS  -2267819.441  5009384.379  3221065.627
2022  62  29121 GPS  -2267819.688  5009384.779  3221065.779
2022  62  29122 GPS  -2267819.810  5009384.544  3221065.591
2022  62  29123 GPS  -2267820.042  5009384.286  3221065.335
2022  62  29124 GPS  -2267820.312  5009384.008  3221065.064
2022  62  29125 GPS  -2267820.510  5009383.618  3221064.833
2022  62  29126 GPS  -2267820.519  5009383.429  3221064.420
2022  62  29127 GPS  -2267820.712  5009382.851  3221063.887
2022  62  29128 GPS  -2267820.746  5009382.209  3221062.939
2022  62  29129 GPS  -2267820.845  5009381.620  3221062.349
2022  62  29130 GPS  -2267820.726  5009380.887  3221061.511
2022  62  29131 GPS  -2267820.603  5009380.369  3221060.754
2022  62  29132 GPS  -2267820.540  5009380.105  3221060.103
2022  62  29133 GPS  -2267820.287  5009379.861  3221059.394
2022  62  29134 GPS  -2267819.949  5009378.777  3221058.093
2022  62  29135 GPS  -2267819.795  5009378.172  3221057.231
2022  62  29136 GPS  -2267819.803  5009377.606  3221056.395
2022  62  29137 GPS  -2267819.711  5009376.888  3221055.463
2022  62  29138 GPS  -2267819.385  5009375.942  3221054.378
2022  62  29139 GPS  -2267819.302  5009375.187  3221053.665
2022  62  29140 GPS  -2267819.081  5009374.368  3221052.655
2022  62  29141 GPS  -2267818.986  5009373.842  3221051.865
2022  62  29142 GPS  -2267818.843  5009373.330  3221050.774
2022  62  29143 GPS  -2267818.639  5009372.719  3221049.882
2022  62  29144 GPS  -2267818.466  5009372.467  3221049.845
2022  62  29145 GPS  -2267818.459  5009372.010  3221048.876
2022  62  29146 GPS  -2267818.243  5009371.418  3221048.215
2022  62  29147 GPS  -2267818.064  5009370.910  3221047.651
2022  62  29148 GPS  -2267817.992  5009370.746  3221046.926
2022  62  29149 GPS  -2267817.855  5009370.580  3221046.056
2022  62  29150 GPS  -2267817.789  5009369.998  3221045.137
2022  62  29151 GPS  -2267817.850  5009370.098  3221044.521
2022  62  29152 GPS  -2267817.816  5009370.197  3221043.770
2022  62  29153 GPS  -2267817.742  5009370.134  3221043.042
2022  62  29154 GPS  -2267817.761  5009369.992  3221042.462
2022  62  29155 GPS  -2267817.669  5009369.654  3221041.509
2022  62  29156 GPS  -2267817.354  5009369.152  3221040.590
2022  62  29157 GPS  -2267817.375  5009369.066  3221039.914
2022  62  29158 GPS  -2267817.330  5009369.062  3221039.320
2022  62  29159 GPS  -2267817.185  5009368.939  3221039.038
2022  62  29160 GPS  -2267817.283  5009369.131  3221038.792
2022  62  29161 GPS  -2267817.139  5009368.847  3221038.311
2022  62  29162 GPS  -2267817.333  5009369.328  3221038.287
2022  62  29163 GPS  -2267817.496  5009369.695  3221038.240
2022  62  29164 GPS  -2267817.928  5009370.142  3221038.126
2022  62  29165 GPS  -2267818.219  5009370.418  3221038.027
2022  62  29166 GPS  -2267818.555  5009371.007  3221038.101
2022  62  29167 GPS  -2267819.219  5009372.032  3221038.610
2022  62  29168 GPS  -2267819.640  5009372.244  3221038.545
2022  62  29169 GPS  -2267819.907  5009372.568  3221038.656
2022  62  29170 GPS  -2267819.981  5009372.567  3221038.360
2022  62  29171 GPS  -2267820.290  5009372.724  3221038.326
2022  62  29172 GPS  -2267820.742  5009372.997  3221038.437
2022  62  29173 GPS  -2267820.694  5009372.782  3221037.903
2022  62  29174 GPS  -2267820.829  5009373.119  3221037.931
2022  62  29175 GPS  -2267820.850  5009373.451  3221038.234
2022  62  29176 GPS  -2267821.067  5009373.595  3221038.467
2022  62  29177 GPS  -2267821.357  5009373.522  3221038.487
2022  62  29178 GPS  -2267821.667  5009374.147  3221038.677
2022  62  29179 GPS  -2267821.706  5009374.365  3221038.579
2022  62  29180 GPS  -2267821.851  5009374.516  3221038.706
2022  62  29181 GPS  -2267822.058  5009374.476  3221038.854
2022  62  29182 GPS  -2267822.136  5009374.654  3221038.940
2022  62  29183 GPS  -2267822.232  5009374.538  3221039.197
2022  62  29184 GPS  -2267822.446  5009374.626  3221039.347
2022  62  29185 GPS  -2267822.537  5009374.464  3221039.337
2022  62  29186 GPS  -2267822.641  5009374.544  3221039.380
2022  62  29187 GPS  -2267822.555  5009374.214  3221039.178
2022  62  29188 GPS  -2267822.329  5009374.169  3221039.371
2022  62  29189 GPS  -2267822.032  5009373.785  3221038.937
2022  62  29190 GPS  -2267821.892  5009373.448  3221039.076
2022  62  29191 GPS  -2267821.829  5009373.358  3221039.094
2022  62  29192 GPS  -2267821.846  5009373.366  3221039.189
2022  62  29193 GPS  -2267821.850  5009373.049  3221039.248
2022  62  29194 GPS  -2267821.884  5009372.703  3221039.517
2022  62  29195 GPS  -2267821.937  5009372.415  3221039.426
2022  62  29196 GPS  -2267821.956  5009372.219  3221039.816
2022  62  29197 GPS  -2267821.914  5009372.002  3221040.095
2022  62  29198 GPS  -2267821.779  5009371.628  3221040.097
2022  62  29199 GPS  -2267821.709  5009371.305  3221040.247
2022  62  29200 GPS  -2267821.568  5009370.875  3221040.335
2022  62  29201 GPS  -2267821.396  5009370.521  3221040.780
2022  62  29202 GPS  -2267821.208  5009370.114  3221040.856
2022  62  29203 GPS  -2267821.012  5009370.126  3221041.287
2022  62  29204 GPS  -2267820.968  5009369.980  3221041.343
2022  62  29205 GPS  -2267821.337  5009373.125  3221042.609
2022  62  29206 GPS  -2267821.367  5009373.364  3221043.241
2022  62  29207 GPS  -2267821.480  5009373.734  3221043.789
2022  62  29208 GPS  -2267821.338  5009373.716  3221043.852
2022  62  29209 GPS  -2267820.974  5009373.893  3221044.079
2022  62  29210 GPS  -2267820.734  5009374.165  3221044.238
2022  62  29211 GPS  -2267820.601  5009374.366  3221044.373
2022  62  29212 GPS  -2267820.310  5009374.410  3221044.365
2022  62  29213 GPS  -2267819.984  5009374.382  3221044.265
2022  62  29214 GPS  -2267820.135  5009374.935  3221044.851
2022  62  29215 GPS  -2267820.243  5009375.551  3221045.424
2022  62  29216 GPS  -2267820.396  5009376.190  3221046.051
2022  62  29217 GPS  -2267820.594  5009376.761  3221046.694
2022  62  29218 GPS  -2267820.592  5009377.409  3221047.438
2022  62  29219 GPS  -2267820.680  5009378.169  3221048.574
2022  62  29220 GPS  -2267820.261  5009378.343  3221048.661
2022  62  29221 GPS  -2267820.143  5009378.576  3221048.947
2022  62  29222 GPS  -2267819.837  5009378.550  3221048.753
2022  62  29223 GPS  -2267819.483  5009378.492  3221048.829
2022  62  29224 GPS  -2267819.094  5009378.339  3221048.725
2022  62  29225 GPS  -2267818.861  5009378.120  3221048.396
2022  62  29226 GPS  -2267818.529  5009378.099  3221048.404
2022  62  29227 GPS  -2267818.410  5009378.179  3221048.435
2022  62  29228 GPS  -2267818.040  5009377.900  3221048.052
2022  62  29229 GPS  -2267817.738  5009377.522  3221047.600
2022  62  29230 GPS  -2267817.576  5009377.497  3221047.434
2022  62  29231 GPS  -2267817.330  5009377.200  3221047.213
2022  62  29232 GPS  -2267817.307  5009377.042  3221047.237
2022  62  29233 GPS  -2267817.233  5009376.804  3221047.122
2022  62  29234 GPS  -2267817.176  5009376.794  3221047.320
2022  62  29235 GPS  -2267817.017  5009376.202  3221046.705
2022  62  29236 GPS  -2267816.918  5009376.015  3221046.541
2022  62  29237 GPS  -2267816.725  5009375.764  3221046.412
2022  62  29238 GPS  -2267816.642  5009375.701  3221046.523
2022  62  29239 GPS  -2267816.656  5009375.603  3221046.578
2022  62  29240 GPS  -2267816.492  5009375.581  3221046.746
2022  62  29241 GPS  -2267816.673  5009375.849  3221047.330
2022  62  29242 GPS  -2267817.002  5009375.883  3221047.546
2022  62  29243 GPS  -2267817.346  5009376.062  3221048.083
2022  62  29244 GPS  -2267817.502  5009376.009  3221048.330
2022  62  29245 GPS  -2267817.457  5009375.857  3221048.483
2022  62  29246 GPS  -2267817.580  5009375.961  3221049.132
2022  62  29247 GPS  -2267817.911  5009375.999  3221049.350
2022  62  29248 GPS  -2267818.155  5009376.140  3221049.889
2022  62  29249 GPS  -2267818.225  5009375.991  3221049.705
2022  62  29250 GPS  -2267818.153  5009375.975  3221049.797
2022  62  29251 GPS  -2267818.532  5009376.313  3221050.315
2022  62  29252 GPS  -2267818.700  5009376.653  3221050.709
2022  62  29253 GPS  -2267819.044  5009377.086  3221051.278
2022  62  29254 GPS  -2267819.551  5009377.415  3221051.828
2022  62  29255 GPS  -2267819.631  5009377.630  3221051.897
2022  62  29256 GPS  -2267819.980  5009377.867  3221051.901
2022  62  29257 GPS  -2267820.125  5009378.441  3221052.435
2022  62  29258 GPS  -2267820.312  5009378.719  3221052.670
2022  62  29259 GPS  -2267820.551  5009379.027  3221052.574
2022  62  29260 GPS  -2267820.699  5009379.288  3221052.591
2022  62  29261 GPS  -2267820.830  5009379.357  3221052.505
2022  62  29262 GPS  -2267820.658  5009379.240  3221052.147
2022  62  29263 GPS  -2267820.783  5009379.173  3221052.026
2022  62  29264 GPS  -2267820.734  5009379.214  3221051.866
2022  62  29265 GPS  -2267820.669  5009379.105  3221051.629
2022  62  29266 GPS  -2267820.342  5009378.616  3221050.907
2022  62  29267 GPS  -2267820.246  5009378.210  3221050.361
2022  62  29268 GPS  -2267820.093  5009377.855  3221049.830
2022  62  29269 GPS  -2267820.095  5009377.319  3221049.033
2022  62  29270 GPS  -2267819.815  5009376.843  3221048.128
2022  62  29271 GPS  -2267819.783  5009376.793  3221048.017
2022  62  29272 GPS  -2267819.737  5009376.570  3221047.741
2022  62  29273 GPS  -2267819.681  5009375.982  3221047.129
2022  62  29274 GPS  -2267819.557  5009375.371  3221046.471
2022  62  29275 GPS  -2267819.249  5009374.956  3221046.161
2022  62  29276 GPS  -2267819.277  5009374.717  3221046.133
2022  62  29277 GPS  -2267819.255  5009374.567  3221046.025
2022  62  29278 GPS  -2267819.049  5009374.271  3221045.670
2022  62  29279 GPS  -2267818.909  5009373.955  3221045.363
2022  62  29280 GPS  -2267818.646  5009373.793  3221045.175
2022  62  29281 GPS  -2267818.508  5009373.743  3221045.136
2022  62  29282 GPS  -2267818.048  5009373.580  3221045.092
2022  62  29283 GPS  -2267817.729  5009373.531  3221045.090
2022  62  29284 GPS  -2267817.547  5009373.476  3221045.018
2022  62  29285 GPS  -2267817.320  5009373.111  3221044.654
2022  62  29286 GPS  -2267816.928  5009372.762  3221044.238
2022  62  29287 GPS  -2267816.814  5009372.900  3221044.218
2022  62  29288 GPS  -2267816.630  5009372.709  3221043.876
2022  62  29289 GPS  -2267816.422  5009372.795  3221043.801
2022  62  29290 GPS  -2267816.170  5009372.983  3221043.952
2022  62  29291 GPS  -2267816.100  5009372.872  3221043.606
2022  62  29292 GPS  -2267815.974  5009372.719  3221043.322
2022  62  29293 GPS  -2267815.724  5009372.687  3221043.288
2022  62  29294 GPS  -2267815.489  5009372.288  3221042.761
2022  62  29295 GPS  -2267815.355  5009372.291  3221042.705
2022  62  29296 GPS  -2267815.006  5009371.874  3221041.754
2022  62  29297 GPS  -2267814.673  5009371.464  3221040.985
2022  62  29298 GPS  -2267814.394  5009371.355  3221040.670
2022  62  29299 GPS  -2267814.044  5009371.388  3221040.719
2022  62  29300 GPS  -2267813.650  5009371.245  3221040.552
2022  62  29301 GPS  -2267813.488  5009371.085  3221040.599
2022  62  29302 GPS  -2267813.175  5009370.816  3221040.218
2022  62  29303 GPS  -2267812.813  5009370.628  3221040.029
2022  62  29304 GPS  -2267812.778  5009370.795  3221040.083
2022  62  29305 GPS  -2267812.667  5009370.750  3221040.042
2022  62  29306 GPS  -2267812.613  5009371.002  3221040.523
2022  62  29307 GPS  -2267812.646  5009371.260  3221041.002
2022  62  29308 GPS  -2267812.419  5009371.280  3221041.222
2022  62  29309 GPS  -2267812.327  5009371.513  3221041.652
2022  62  29310 GPS  -2267812.552  5009371.654  3221041.886
2022  62  29311 GPS  -2267812.394  5009371.607  3221042.156
2022  62  29312 GPS  -2267812.399  5009371.956  3221042.829
2022  62  29313 GPS  -2267812.569  5009372.029  3221043.211
2022  62  29314 GPS  -2267812.635  5009372.063  3221043.521
2022  62  29315 GPS  -2267812.885  5009372.305  3221044.153
2022  62  29316 GPS  -2267812.837  5009372.277  3221044.611
2022  62  29317 GPS  -2267812.943  5009372.396  3221045.157
2022  62  29318 GPS  -2267812.991  5009372.186  3221045.243
2022  62  29319 GPS  -2267812.929  5009371.834  3221045.351
2022  62  29320 GPS  -2267813.043  5009371.690  3221045.468
2022  62  29321 GPS  -2267813.104  5009371.750  3221045.903
2022  62  29322 GPS  -2267813.154  5009371.751  3221046.173
2022  62  29323 GPS  -2267813.154  5009371.715  3221046.203
2022  62  29324 GPS  -2267813.238  5009371.920  3221046.724
2022  62  29325 GPS  -2267813.579  5009372.305  3221047.348
2022  62  29326 GPS  -2267813.538  5009372.581  3221047.720
2022  62  29327 GPS  -2267813.758  5009373.144  3221048.509
2022  62  29328 GPS  -2267813.803  5009373.261  3221048.689
2022  62  29329 GPS  -2267813.895  5009373.570  3221049.350
2022  62  29330 GPS  -2267814.234  5009374.093  3221049.978
2022  62  29331 GPS  -2267814.433  5009374.352  3221050.474
2022  62  29332 GPS  -2267814.323  5009374.401  3221050.744
2022  62  29333 GPS  -2267814.259  5009374.622  3221051.102
2022  62  29334 GPS  -2267814.311  5009375.015  3221051.592
2022  62  29335 GPS  -2267814.206  5009375.203  3221051.969
2022  62  29336 GPS  -2267813.978  5009375.136  3221052.035
2022  62  29337 GPS  -2267813.825  5009375.340  3221052.356
2022  62  29338 GPS  -2267813.582  5009375.376  3221052.421
2022  62  29339 GPS  -2267813.656  5009375.676  3221052.710
2022  62  29340 GPS  -2267813.555  5009375.677  3221052.746
2022  62  29341 GPS  -2267813.522  5009375.773  3221052.973
2022  62  29342 GPS  -2267813.578  5009375.972  3221053.219
2022  62  29343 GPS  -2267813.372  5009376.349  3221053.378
2022  62  29344 GPS  -2267813.339  5009376.605  3221053.500
2022  62  29345 GPS  -2267813.367  5009376.786  3221053.539
2022  62  29346 GPS  -2267813.625  5009376.968  3221053.598
2022  62  29347 GPS  -2267814.010  5009377.190  3221053.855
2022  62  29348 GPS  -2267814.132  5009377.375  3221053.991
2022  62  29349 GPS  -2267814.269  5009377.307  3221053.776
2022  62  29350 GPS  -2267814.442  5009377.534  3221053.785
2022  62  29351 GPS  -2267814.491  5009377.539  3221053.759
2022  62  29352 GPS  -2267814.298  5009377.297  3221053.410
2022  62  29353 GPS  -2267814.204  5009377.288  3221053.583
2022  62  29354 GPS  -2267814.141  5009377.319  3221053.417
2022  62  29355 GPS  -2267814.049  5009377.025  3221053.092
2022  62  29356 GPS  -2267814.010  5009377.141  3221053.232
2022  62  29357 GPS  -2267813.836  5009377.059  3221053.141
2022  62  29358 GPS  -2267813.939  5009377.068  3221053.108
2022  62  29359 GPS  -2267813.941  5009376.982  3221053.084
2022  62  29360 GPS  -2267813.939  5009376.786  3221052.990
2022  62  29361 GPS  -2267813.894  5009376.823  3221053.142
2022  62  29362 GPS  -2267813.944  5009376.892  3221053.355
2022  62  29363 GPS  -2267813.753  5009376.818  3221053.197
2022  62  29364 GPS  -2267813.641  5009376.678  3221052.998
2022  62  29365 GPS  -2267813.640  5009376.629  3221052.989
2022  62  29366 GPS  -2267813.633  5009376.706  3221053.104
2022  62  29367 GPS  -2267813.474  5009376.656  3221053.089
2022  62  29368 GPS  -2267813.373  5009376.761  3221053.286
2022  62  29369 GPS  -2267813.290  5009376.730  3221053.107
2022  62  29370 GPS  -2267813.153  5009376.378  3221052.633
2022  62  29371 GPS  -2267812.968  5009376.379  3221052.668
2022  62  29372 GPS  -2267812.852  5009376.384  3221052.556
2022  62  29373 GPS  -2267812.690  5009376.003  3221051.891
2022  62  29374 GPS  -2267812.647  5009375.923  3221051.533
2022  62  29375 GPS  -2267812.587  5009375.933  3221051.415
2022  62  29376 GPS  -2267812.725  5009375.770  3221050.943
2022  62  29377 GPS  -2267812.369  5009375.382  3221050.348
2022  62  29378 GPS  -2267812.320  5009375.171  3221049.953
2022  62  29379 GPS  -2267812.056  5009374.983  3221049.543
2022  62  29380 GPS  -2267812.092  5009374.912  3221049.339
2022  62  29381 GPS  -2267811.969  5009374.764  3221049.061
2022  62  29382 GPS  -2267812.010  5009374.704  3221048.927
2022  62  29383 GPS  -2267811.888  5009374.732  3221048.820
2022  62  29384 GPS  -2267811.872  5009374.633  3221048.704
2022  62  29385 GPS  -2267811.904  5009374.820  3221049.241
2022  62  29386 GPS  -2267811.742  5009374.854  3221049.385
2022  62  29387 GPS  -2267811.735  5009374.918  3221049.545
2022  62  29388 GPS  -2267811.929  5009374.896  3221049.666
2022  62  29389 GPS  -2267811.924  5009374.597  3221049.464
2022  62  29390 GPS  -2267811.861  5009374.696  3221049.784
2022  62  29391 GPS  -2267811.992  5009374.720  3221049.914
2022  62  29392 GPS  -2267812.147  5009374.775  3221050.141
2022  62  29393 GPS  -2267811.964  5009374.548  3221050.243
2022  62  29394 GPS  -2267811.922  5009374.347  3221050.413
2022  62  29395 GPS  -2267811.848  5009374.221  3221050.449
2022  62  29396 GPS  -2267812.005  5009374.255  3221050.637
2022  62  29397 GPS  -2267812.183  5009374.479  3221051.072
2022  62  29398 GPS  -2267812.321  5009374.312  3221050.920
2022  62  29399 GPS  -2267812.373  5009374.535  3221051.232
2022  62  29400 GPS  -2267812.412  5009374.571  3221051.325
2022  62  29401 GPS  -2267812.416  5009374.381  3221050.984
2022  62  29402 GPS  -2267812.497  5009374.677  3221051.256
2022  62  29403 GPS  -2267812.530  5009374.422  3221051.046
2022  62  29404 GPS  -2267812.339  5009373.977  3221050.411
2022  62  29405 GPS  -2267812.287  5009373.789  3221050.296
2022  62  29406 GPS  -2267812.056  5009373.392  3221049.789
2022  62  29407 GPS  -2267811.814  5009372.896  3221049.383
2022  62  29408 GPS  -2267811.563  5009372.671  3221049.172
2022  62  29409 GPS  -2267811.324  5009372.598  3221048.961
2022  62  29410 GPS  -2267811.145  5009372.693  3221048.903
2022  62  29411 GPS  -2267811.201  5009372.737  3221048.897
2022  62  29412 GPS  -2267811.161  5009372.445  3221048.446
2022  62  29413 GPS  -2267810.996  5009372.205  3221047.945
2022  62  29414 GPS  -2267810.992  5009372.134  3221047.859
2022  62  29415 GPS  -2267810.809  5009372.029  3221047.742
2022  62  29416 GPS  -2267810.663  5009371.913  3221047.563
2022  62  29417 GPS  -2267810.626  5009372.006  3221047.615
2022  62  29418 GPS  -2267810.544  5009371.858  3221047.411
2022  62  29419 GPS  -2267810.559  5009371.892  3221047.568
2022  62  29420 GPS  -2267810.406  5009371.588  3221047.195
2022  62  29421 GPS  -2267810.267  5009371.255  3221046.902
2022  62  29422 GPS  -2267810.042  5009370.942  3221046.680
2022  62  29423 GPS  -2267810.106  5009371.030  3221046.694
2022  62  29424 GPS  -2267810.400  5009371.127  3221046.879
2022  62  29425 GPS  -2267810.459  5009371.308  3221047.069
2022  62  29426 GPS  -2267810.746  5009371.412  3221047.322
2022  62  29427 GPS  -2267811.012  5009371.662  3221047.778
2022  62  29428 GPS  -2267811.328  5009371.595  3221047.616
2022  62  29429 GPS  -2267811.733  5009371.757  3221047.861
2022  62  29430 GPS  -2267811.948  5009371.685  3221047.923
2022  62  29431 GPS  -2267812.424  5009371.950  3221048.405
2022  62  29432 GPS  -2267812.794  5009372.001  3221048.596
2022  62  29433 GPS  -2267812.981  5009371.896  3221048.462
2022  62  29434 GPS  -2267813.363  5009372.143  3221048.798
2022  62  29435 GPS  -2267813.623  5009372.277  3221049.122
2022  62  29436 GPS  -2267814.056  5009372.285  3221049.218
2022  62  29437 GPS  -2267814.096  5009371.926  3221049.077
2022  62  29438 GPS  -2267814.366  5009371.779  3221048.816
2022  62  29439 GPS  -2267814.554  5009371.719  3221048.736
2022  62  29440 GPS  -2267814.650  5009371.548  3221048.545
2022  62  29441 GPS  -2267814.922  5009371.430  3221048.403
2022  62  29442 GPS  -2267814.889  5009371.169  3221048.033
2022  62  29443 GPS  -2267815.186  5009371.170  3221047.992
2022  62  29444 GPS  -2267815.397  5009371.238  3221048.120
2022  62  29445 GPS  -2267815.531  5009371.425  3221048.493
2022  62  29446 GPS  -2267815.717  5009371.598  3221048.610
2022  62  29447 GPS  -2267815.902  5009371.878  3221048.948
2022  62  29448 GPS  -2267815.986  5009371.824  3221048.933
2022  62  29449 GPS  -2267815.869  5009371.511  3221048.320
2022  62  29450 GPS  -2267815.811  5009371.378  3221048.044
2022  62  29451 GPS  -2267815.782  5009371.140  3221047.599
2022  62  29452 GPS  -2267815.683  5009371.296  3221047.675
2022  62  29453 GPS  -2267815.549  5009371.262  3221047.712
2022  62  29454 GPS  -2267815.490  5009371.013  3221047.377
2022  62  29455 GPS  -2267815.428  5009371.113  3221047.399
2022  62  29456 GPS  -2267815.350  5009371.003  3221047.276
2022  62  29457 GPS  -2267815.423  5009371.277  3221047.691
2022  62  29458 GPS  -2267815.134  5009371.322  3221047.801
2022  62  29459 GPS  -2267815.260  5009371.312  3221047.846
2022  62  29460 GPS  -2267815.155  5009371.394  3221047.988
2022  62  29461 GPS  -2267815.140  5009371.557  3221048.174
2022  62  29462 GPS  -2267815.094  5009371.446  3221047.708
2022  62  29463 GPS  -2267815.081  5009371.550  3221047.644
2022  62  29464 GPS  -2267815.300  5009371.816  3221047.873
2022  62  29465 GPS  -2267815.533  5009372.091  3221048.006
2022  62  29466 GPS  -2267815.833  5009372.559  3221048.183
2022  62  29467 GPS  -2267815.857  5009372.693  3221048.095
2022  62  29468 GPS  -2267815.996  5009372.891  3221047.933
2022  62  29469 GPS  -2267816.251  5009373.005  3221047.791
2022  62  29470 GPS  -2267816.495  5009372.983  3221047.485
2022  62  29471 GPS  -2267816.651  5009373.092  3221047.268
2022  62  29472 GPS  -2267816.625  5009373.026  3221047.045
2022  62  29473 GPS  -2267816.860  5009372.957  3221046.698
2022  62  29474 GPS  -2267817.015  5009373.087  3221046.549
2022  62  29475 GPS  -2267817.170  5009373.094  3221046.377
2022  62  29476 GPS  -2267817.323  5009372.916  3221045.831
2022  62  29477 GPS  -2267817.368  5009372.525  3221045.225
2022  62  29478 GPS  -2267817.198  5009372.143  3221044.650
2022  62  29479 GPS  -2267817.304  5009372.052  3221044.408
2022  62  29480 GPS  -2267817.386  5009371.878  3221044.170
2022  62  29481 GPS  -2267817.636  5009371.723  3221043.866
2022  62  29482 GPS  -2267817.743  5009371.572  3221043.686
2022  62  29483 GPS  -2267817.827  5009371.513  3221043.834
2022  62  29484 GPS  -2267817.819  5009371.221  3221043.810
2022  62  29485 GPS  -2267817.689  5009370.804  3221043.641
2022  62  29486 GPS  -2267817.676  5009370.263  3221043.138
2022  62  29487 GPS  -2267817.572  5009369.987  3221042.962
2022  62  29488 GPS  -2267817.454  5009369.524  3221042.611
2022  62  29489 GPS  -2267817.471  5009369.081  3221042.204
2022  62  29490 GPS  -2267817.552  5009368.772  3221041.950
2022  62  29491 GPS  -2267817.761  5009368.549  3221041.791
2022  62  29492 GPS  -2267817.911  5009368.392  3221042.028
2022  62  29493 GPS  -2267818.072  5009368.199  3221042.152
2022  62  29494 GPS  -2267818.174  5009368.230  3221042.446
2022  62  29495 GPS  -2267818.266  5009368.027  3221042.494
2022  62  29496 GPS  -2267818.367  5009368.137  3221043.096
2022  62  29497 GPS  -2267818.596  5009368.140  3221043.353
2022  62  29498 GPS  -2267818.689  5009368.244  3221043.816
2022  62  29499 GPS  -2267818.807  5009368.622  3221044.370
2022  62  29500 GPS  -2267818.932  5009369.130  3221045.126
2022  62  29501 GPS  -2267818.996  5009369.421  3221045.532
2022  62  29502 GPS  -2267819.004  5009369.711  3221046.018
2022  62  29503 GPS  -2267819.182  5009370.121  3221046.557
2022  62  29504 GPS  -2267819.096  5009370.465  3221047.411
2022  62  29505 GPS  -2267819.192  5009370.885  3221048.059
2022  62  29506 GPS  -2267819.239  5009371.333  3221048.876
2022  62  29507 GPS  -2267819.284  5009371.465  3221049.032
2022  62  29508 GPS  -2267819.226  5009371.870  3221049.679
2022  62  29509 GPS  -2267819.283  5009372.486  3221050.363
2022  62  29510 GPS  -2267819.327  5009372.988  3221050.832
2022  62  29511 GPS  -2267819.254  5009373.191  3221051.278
2022  62  29512 GPS  -2267819.505  5009373.855  3221052.123
2022  62  29513 GPS  -2267819.601  5009374.309  3221052.725
2022  62  29514 GPS  -2267819.751  5009374.738  3221053.269
2022  62  29515 GPS  -2267819.729  5009375.025  3221053.611
2022  62  29516 GPS  -2267819.793  5009375.417  3221053.886
2022  62  29517 GPS  -2267819.950  5009375.824  3221054.222
2022  62  29518 GPS  -2267820.177  5009376.178  3221054.459
2022  62  29519 GPS  -2267820.145  5009376.157  3221054.267
2022  62  29520 GPS  -2267819.994  5009376.016  3221054.095
2022  62  29521 GPS  -2267820.365  5009376.313  3221054.444
2022  62  29522 GPS  -2267820.306  5009376.560  3221054.437
2022  62  29523 GPS  -2267820.360  5009376.737  3221054.563
2022  62  29524 GPS  -2267820.420  5009376.840  3221054.564
2022  62  29525 GPS  -2267820.392  5009376.513  3221054.123
2022  62  29526 GPS  -2267820.510  5009376.574  3221053.925
2022  62  29527 GPS  -2267820.555  5009376.383  3221053.574
2022  62  29528 GPS  -2267820.643  5009376.359  3221053.401
2022  62  29529 GPS  -2267820.695  5009376.348  3221053.298
2022  62  29530 GPS  -2267820.614  5009376.336  3221053.128
2022  62  29531 GPS  -2267820.485  5009376.010  3221052.823
2022  62  29532 GPS  -2267820.687  5009376.033  3221052.850
2022  62  29533 GPS  -2267820.854  5009375.973  3221052.585
2022  62  29534 GPS  -2267820.898  5009375.409  3221051.980
2022  62  29535 GPS  -2267820.837  5009375.056  3221051.698
2022  62  29536 GPS  -2267820.969  5009375.070  3221051.778
2022  62  29537 GPS  -2267820.907  5009375.188  3221051.852
2022  62  29538 GPS  -2267820.840  5009374.950  3221051.476
2022  62  29539 GPS  -2267820.878  5009375.119  3221051.600
2022  62  29540 GPS  -2267820.831  5009375.354  3221051.824
2022  62  29541 GPS  -2267821.141  5009375.617  3221052.170
2022  62  29542 GPS  -2267821.183  5009375.651  3221052.095
2022  62  29543 GPS  -2267821.440  5009375.890  3221052.167
2022  62  29544 GPS  -2267821.668  5009376.180  3221052.238
2022  62  29545 GPS  -2267821.766  5009376.454  3221052.441
2022  62  29546 GPS  -2267822.084  5009376.784  3221052.839
2022  62  29547 GPS  -2267822.252  5009377.039  3221053.031
2022  62  29548 GPS  -2267822.425  5009377.358  3221053.289
2022  62  29549 GPS  -2267822.710  5009377.655  3221053.565
2022  62  29550 GPS  -2267823.138  5009378.138  3221054.111
2022  62  29551 GPS  -2267823.501  5009378.613  3221054.777
2022  62  29552 GPS  -2267823.579  5009378.771  3221054.955
2022  62  29553 GPS  -2267823.704  5009378.915  3221054.965
2022  62  29554 GPS  -2267824.246  5009379.320  3221055.319
2022  62  29555 GPS  -2267824.611  5009379.665  3221055.678
2022  62  29556 GPS  -2267825.147  5009380.090  3221056.049
2022  62  29557 GPS  -2267825.613  5009380.357  3221056.349
2022  62  29558 GPS  -2267826.123  5009380.881  3221056.881
2022  62  29559 GPS  -2267826.351  5009381.140  3221056.843
2022  62  29560 GPS  -2267826.817  5009381.566  3221057.332
2022  62  29561 GPS  -2267827.515  5009381.872  3221057.485
2022  62  29562 GPS  -2267827.849  5009381.947  3221057.623
2022  62  29563 GPS  -2267828.293  5009382.399  3221058.096
2022  62  29564 GPS  -2267828.678  5009382.591  3221058.088
2022  62  29565 GPS  -2267828.862  5009382.709  3221058.282
2022  62  29566 GPS  -2267829.153  5009382.946  3221058.407
2022  62  29567 GPS  -2267829.310  5009382.917  3221058.108
2022  62  29568 GPS  -2267829.308  5009382.894  3221058.280
2022  62  29569 GPS  -2267828.919  5009379.704  3221054.860
2022  62  29570 GPS  -2267828.899  5009379.324  3221054.359
2022  62  29571 GPS  -2267828.916  5009379.200  3221054.335
2022  62  29572 GPS  -2267828.989  5009379.198  3221054.329
2022  62  29573 GPS  -2267828.869  5009378.842  3221053.869
2022  62  29574 GPS  -2267828.708  5009378.620  3221053.677
2022  62  29575 GPS  -2267828.454  5009378.415  3221053.451
2022  62  29576 GPS  -2267828.394  5009378.385  3221053.368
2022  62  29577 GPS  -2267828.329  5009378.082  3221052.779
2022  62  29578 GPS  -2267828.187  5009377.941  3221052.564
2022  62  29579 GPS  -2267828.210  5009377.826  3221052.336
2022  62  29580 GPS  -2267827.925  5009377.696  3221052.172
2022  62  29581 GPS  -2267827.855  5009377.697  3221052.089
2022  62  29582 GPS  -2267827.884  5009377.764  3221052.172
2022  62  29583 GPS  -2267827.767  5009377.792  3221052.126
2022  62  29584 GPS  -2267827.749  5009377.644  3221051.920
2022  62  29585 GPS  -2267827.440  5009377.471  3221051.746
2022  62  29586 GPS  -2267827.296  5009377.467  3221051.841
2022  62  29587 GPS  -2267827.198  5009377.395  3221051.758
2022  62  29588 GPS  -2267826.942  5009377.270  3221051.666
2022  62  29589 GPS  -2267826.850  5009377.213  3221051.549
2022  62  29590 GPS  -2267826.881  5009377.366  3221051.789
2022  62  29591 GPS  -2267826.942  5009377.492  3221052.104
2022  62  29592 GPS  -2267827.306  5009377.869  3221052.267
2022  62  29593 GPS  -2267827.258  5009377.664  3221051.842
2022  62  29594 GPS  -2267827.327  5009377.621  3221051.678
2022  62  29595 GPS  -2267827.457  5009377.717  3221051.777
2022  62  29596 GPS  -2267827.679  5009377.832  3221051.586
2022  62  29597 GPS  -2267827.794  5009378.015  3221051.890
2022  62  29598 GPS  -2267827.692  5009377.963  3221051.871
2022  62  29599 GPS  -2267827.692  5009377.997  3221051.741
2022  62  29600 GPS  -2267827.733  5009377.982  3221052.014
2022  62  29601 GPS  -2267827.799  5009377.945  3221052.141
2022  62  29602 GPS  -2267827.943  5009378.051  3221052.302
2022  62  29603 GPS  -2267827.859  5009377.936  3221052.026
2022  62  29604 GPS  -2267827.784  5009377.561  3221051.678
2022  62  29605 GPS  -2267827.863  5009377.622  3221051.907
2022  62  29606 GPS  -2267827.763  5009377.109  3221051.338
2022  62  29607 GPS  -2267827.691  5009376.737  3221051.158
2022  62  29608 GPS  -2267827.859  5009376.874  3221051.585
2022  62  29609 GPS  -2267828.023  5009376.843  3221051.540
2022  62  29610 GPS  -2267827.829  5009376.458  3221051.098
2022  62  29611 GPS  -2267827.771  5009376.440  3221051.282
2022  62  29612 GPS  -2267827.766  5009376.352  3221051.360
2022  62  29613 GPS  -2267827.837  5009376.339  3221051.536
2022  62  29614 GPS  -2267827.679  5009376.395  3221051.744
2022  62  29615 GPS  -2267827.650  5009376.270  3221051.453
2022  62  29616 GPS  -2267827.559  5009376.067  3221051.140
2022  62  29617 GPS  -2267827.368  5009375.804  3221050.853
2022  62  29618 GPS  -2267827.269  5009375.508  3221050.514
2022  62  29619 GPS  -2267827.265  5009375.447  3221050.200
2022  62  29620 GPS  -2267827.355  5009375.636  3221050.444
2022  62  29621 GPS  -2267827.086  5009375.511  3221050.341
2022  62  29622 GPS  -2267827.113  5009375.304  3221050.075
2022  62  29623 GPS  -2267826.995  5009375.178  3221049.946
2022  62  29624 GPS  -2267826.935  5009375.003  3221049.859
2022  62  29625 GPS  -2267826.747  5009374.619  3221049.643
2022  62  29626 GPS  -2267827.089  5009374.726  3221049.834
2022  62  29627 GPS  -2267826.938  5009374.575  3221049.883
2022  62  29628 GPS  -2267827.005  5009374.452  3221049.710
2022  62  29629 GPS  -2267827.030  5009374.269  3221049.680
2022  62  29630 GPS  -2267826.984  5009374.282  3221049.878
2022  62  29631 GPS  -2267827.401  5009374.412  3221050.084
2022  62  29632 GPS  -2267827.610  5009374.429  3221050.180
2022  62  29633 GPS  -2267827.743  5009374.390  3221050.190
2022  62  29634 GPS  -2267827.719  5009374.309  3221050.159
2022  62  29635 GPS  -2267827.567  5009374.172  3221050.163
2022  62  29636 GPS  -2267827.607  5009373.996  3221050.029
2022  62  29637 GPS  -2267827.547  5009373.801  3221049.969
2022  62  29638 GPS  -2267827.661  5009373.709  3221050.119
2022  62  29639 GPS  -2267827.555  5009373.535  3221050.092
2022  62  29640 GPS  -2267827.446  5009373.377  3221050.116
2022  62  29641 GPS  -2267827.497  5009373.647  3221050.449
2022  62  29642 GPS  -2267827.510  5009373.876  3221051.003
2022  62  29643 GPS  -2267827.688  5009374.099  3221051.472
2022  62  29644 GPS  -2267827.688  5009374.267  3221051.775
2022  62  29645 GPS  -2267827.652  5009374.452  3221052.133
2022  62  29646 GPS  -2267827.719  5009374.731  3221052.515
2022  62  29647 GPS  -2267827.688  5009374.878  3221052.955
2022  62  29648 GPS  -2267827.615  5009375.056  3221053.323
2022  62  29649 GPS  -2267827.589  5009375.211  3221053.466
2022  62  29650 GPS  -2267827.331  5009375.602  3221054.339
2022  62  29651 GPS  -2267827.071  5009375.825  3221054.629
2022  62  29652 GPS  -2267826.904  5009376.145  3221055.129
2022  62  29653 GPS  -2267826.589  5009376.290  3221055.584
2022  62  29654 GPS  -2267826.331  5009376.513  3221056.208
2022  62  29655 GPS  -2267826.194  5009376.522  3221056.303
2022  62  29656 GPS  -2267826.149  5009376.864  3221056.996
2022  62  29657 GPS  -2267826.142  5009377.159  3221057.422
2022  62  29658 GPS  -2267826.004  5009377.446  3221057.913
2022  62  29659 GPS  -2267825.869  5009377.648  3221058.436
2022  62  29660 GPS  -2267825.746  5009377.713  3221058.882
2022  62  29661 GPS  -2267825.778  5009377.637  3221059.184
2022  62  29662 GPS  -2267825.680  5009377.862  3221059.727
2022  62  29663 GPS  -2267825.840  5009377.660  3221059.623
2022  62  29664 GPS  -2267825.849  5009377.805  3221060.037
2022  62  29665 GPS  -2267826.065  5009378.322  3221060.985
2022  62  29666 GPS  -2267826.031  5009378.449  3221061.454
2022  62  29667 GPS  -2267826.054  5009378.733  3221061.950
2022  62  29668 GPS  -2267826.284  5009379.099  3221062.728
2022  62  29669 GPS  -2267826.476  5009379.168  3221063.282
2022  62  29670 GPS  -2267826.849  5009379.515  3221063.997
2022  62  29671 GPS  -2267827.031  5009379.739  3221064.729
2022  62  29672 GPS  -2267827.066  5009379.572  3221064.848
2022  62  29673 GPS  -2267827.277  5009379.803  3221065.489
2022  62  29674 GPS  -2267827.797  5009380.132  3221066.040
2022  62  29675 GPS  -2267827.681  5009380.020  3221066.090
2022  62  29676 GPS  -2267827.869  5009380.011  3221066.348
2022  62  29677 GPS  -2267828.014  5009379.917  3221066.482
2022  62  29678 GPS  -2267827.914  5009379.662  3221066.464
2022  62  29679 GPS  -2267828.015  5009379.310  3221065.964
2022  62  29680 GPS  -2267828.059  5009379.119  3221065.803
2022  62  29681 GPS  -2267827.741  5009378.799  3221065.564
2022  62  29682 GPS  -2267827.581  5009378.787  3221065.683
2022  62  29683 GPS  -2267827.267  5009378.726  3221065.788
2022  62  29684 GPS  -2267827.038  5009378.596  3221065.845
2022  62  29685 GPS  -2267826.731  5009378.496  3221065.840
2022  62  29686 GPS  -2267826.550  5009378.760  3221066.374
2022  62  29687 GPS  -2267826.594  5009378.925  3221066.811
2022  62  29688 GPS  -2267826.516  5009378.790  3221066.737
2022  62  29689 GPS  -2267826.433  5009378.969  3221067.102
2022  62  29690 GPS  -2267826.330  5009379.002  3221067.165
2022  62  29691 GPS  -2267826.205  5009379.157  3221067.441
2022  62  29692 GPS  -2267825.932  5009379.042  3221067.450
2022  62  29693 GPS  -2267825.653  5009378.890  3221067.298
2022  62  29694 GPS  -2267825.417  5009378.849  3221067.167
2022  62  29695 GPS  -2267825.159  5009378.937  3221067.370
2022  62  29696 GPS  -2267825.079  5009379.053  3221067.472
2022  62  29697 GPS  -2267824.970  5009379.349  3221067.906
2022  62  29698 GPS  -2267824.813  5009379.510  3221068.257
2022  62  29699 GPS  -2267824.421  5009379.515  3221068.320
2022  62  29700 GPS  -2267824.226  5009379.622  3221068.415
2022  62  29701 GPS  -2267823.811  5009379.327  3221068.037
2022  62  29702 GPS  -2267823.546  5009379.362  3221068.221
2022  62  29703 GPS  -2267823.214  5009379.418  3221068.515
2022  62  29704 GPS  -2267823.068  5009379.580  3221068.742
2022  62  29705 GPS  -2267822.997  5009379.703  3221068.840
2022  62  29706 GPS  -2267822.935  5009379.801  3221068.870
2022  62  29707 GPS  -2267822.758  5009379.766  3221068.817
2022  62  29708 GPS  -2267822.652  5009379.778  3221068.774
2022  62  29709 GPS  -2267822.715  5009379.577  3221068.613
2022  62  29710 GPS  -2267822.742  5009379.762  3221069.230
2022  62  29711 GPS  -2267822.798  5009379.723  3221069.244
2022  62  29712 GPS  -2267822.884  5009379.628  3221069.275
2022  62  29713 GPS  -2267823.068  5009379.641  3221069.299
2022  62  29714 GPS  -2267823.034  5009379.491  3221069.220
2022  62  29715 GPS  -2267823.074  5009379.406  3221069.269
2022  62  29716 GPS  -2267823.157  5009379.072  3221068.847
2022  62  29717 GPS  -2267823.233  5009379.202  3221068.940
2022  62  29718 GPS  -2267823.368  5009374.993  3221067.268
2022  62  29719 GPS  -2267823.497  5009374.876  3221067.142
2022  62  29720 GPS  -2267823.853  5009374.743  3221067.128
2022  62  29721 GPS  -2267824.039  5009374.803  3221067.291
2022  62  29722 GPS  -2267824.091  5009375.020  3221067.580
2022  62  29723 GPS  -2267824.220  5009375.001  3221067.553
2022  62  29724 GPS  -2267824.273  5009374.994  3221067.559
2022  62  29725 GPS  -2267824.111  5009375.072  3221067.531
2022  62  29726 GPS  -2267824.198  5009374.831  3221067.219
2022  62  29727 GPS  -2267824.297  5009374.707  3221067.164
2022  62  29728 GPS  -2267824.188  5009374.237  3221066.543
2022  62  29729 GPS  -2267824.094  5009373.911  3221066.142
2022  62  29730 GPS  -2267824.128  5009373.887  3221065.920
2022  62  29731 GPS  -2267824.164  5009373.608  3221065.610
2022  62  29732 GPS  -2267824.025  5009373.559  3221065.128
2022  62  29733 GPS  -2267823.792  5009373.213  3221064.420
2022  62  29734 GPS  -2267823.318  5009372.826  3221063.630
2022  62  29735 GPS  -2267822.907  5009372.526  3221062.999
2022  62  29736 GPS  -2267822.336  5009371.951  3221062.188
2022  62  29737 GPS  -2267821.812  5009371.466  3221061.433
2022  62  29738 GPS  -2267821.386  5009371.054  3221060.781
2022  62  29739 GPS  -2267820.978  5009370.703  3221060.172
2022  62  29740 GPS  -2267820.418  5009370.311  3221059.375
2022  62  29741 GPS  -2267819.869  5009370.020  3221058.657
2022  62  29742 GPS  -2267819.392  5009369.820  3221058.210
2022  62  29743 GPS  -2267818.708  5009369.276  3221057.403
2022  62  29744 GPS  -2267818.198  5009368.526  3221056.272
2022  62  29745 GPS  -2267817.742  5009368.413  3221055.953
2022  62  29746 GPS  -2267817.343  5009368.245  3221055.591
2022  62  29747 GPS  -2267817.068  5009368.076  3221055.200
2022  62  29748 GPS  -2267816.519  5009367.492  3221054.558
2022  62  29749 GPS  -2267816.180  5009366.979  3221053.857
2022  62  29750 GPS  -2267815.881  5009366.578  3221053.455
2022  62  29751 GPS  -2267815.458  5009366.389  3221053.470
2022  62  29752 GPS  -2267815.194  5009366.290  3221053.589
2022  62  29753 GPS  -2267814.828  5009366.244  3221053.601
2022  62  29754 GPS  -2267814.495  5009365.850  3221053.458
2022  62  29755 GPS  -2267814.010  5009365.453  3221053.237
2022  62  29756 GPS  -2267813.665  5009365.147  3221053.277
2022  62  29757 GPS  -2267813.365  5009364.666  3221053.001
2022  62  29758 GPS  -2267812.934  5009364.315  3221052.883
2022  62  29759 GPS  -2267812.412  5009363.743  3221052.680
2022  62  29760 GPS  -2267812.109  5009363.347  3221052.757
2022  62  29761 GPS  -2267811.821  5009363.303  3221052.872
2022  62  29762 GPS  -2267811.671  5009363.272  3221053.020
2022  62  29763 GPS  -2267811.401  5009363.153  3221053.219
2022  62  29764 GPS  -2267811.346  5009362.708  3221053.141
2022  62  29765 GPS  -2267810.973  5009362.349  3221052.871
2022  62  29766 GPS  -2267810.945  5009362.446  3221053.201
2022  62  29767 GPS  -2267810.747  5009362.690  3221053.574
2022  62  29768 GPS  -2267810.672  5009362.680  3221053.760
2022  62  29769 GPS  -2267810.437  5009362.939  3221053.908
2022  62  29770 GPS  -2267810.335  5009363.240  3221054.065
2022  62  29771 GPS  -2267810.056  5009363.183  3221053.827
2022  62  29772 GPS  -2267809.848  5009363.324  3221054.040
2022  62  29773 GPS  -2267809.446  5009363.195  3221053.687
2022  62  29774 GPS  -2267809.296  5009363.158  3221053.801
2022  62  29775 GPS  -2267809.033  5009363.034  3221053.467
2022  62  29776 GPS  -2267808.914  5009363.083  3221053.427
2022  62  29777 GPS  -2267808.715  5009363.124  3221053.335
2022  62  29778 GPS  -2267808.633  5009363.222  3221053.441
2022  62  29779 GPS  -2267808.453  5009363.329  3221053.601
2022  62  29780 GPS  -2267808.500  5009363.615  3221053.704
2022  62  29781 GPS  -2267808.521  5009363.870  3221053.868
2022  62  29782 GPS  -2267808.457  5009363.804  3221053.624
2022  62  29783 GPS  -2267808.450  5009363.767  3221053.809
2022  62  29784 GPS  -2267808.184  5009363.271  3221053.352
2022  62  29785 GPS  -2267808.063  5009363.326  3221053.446
2022  62  29786 GPS  -2267807.786  5009362.829  3221052.983
2022  62  29787 GPS  -2267807.602  5009362.388  3221052.539
2022  62  29788 GPS  -2267807.371  5009361.970  3221052.179
2022  62  29789 GPS  -2267807.206  5009361.874  3221052.258
2022  62  29790 GPS  -2267806.802  5009361.454  3221051.857
2022  62  29791 GPS  -2267806.521  5009361.116  3221051.682
2022  62  29792 GPS  -2267806.111  5009360.979  3221051.632
2022  62  29793 GPS  -2267805.968  5009360.655  3221051.315
2022  62  29794 GPS  -2267805.776  5009360.319  3221050.991
2022  62  29795 GPS  -2267805.688  5009360.277  3221051.373
2022  62  29796 GPS  -2267805.489  5009360.043  3221051.349
2022  62  29797 GPS  -2267805.388  5009359.768  3221051.279
2022  62  29798 GPS  -2267805.327  5009359.507  3221051.665
2022  62  29799 GPS  -2267805.180  5009359.177  3221051.830
2022  62  29800 GPS  -2267804.986  5009358.793  3221051.603
2022  62  29801 GPS  -2267804.879  5009358.767  3221051.852
2022  62  29802 GPS  -2267804.788  5009358.661  3221052.092
2022  62  29803 GPS  -2267804.639  5009358.351  3221052.004
2022  62  29804 GPS  -2267804.596  5009358.330  3221052.597
2022  62  29805 GPS  -2267804.497  5009358.410  3221053.048
2022  62  29806 GPS  -2267804.288  5009358.372  3221053.477
2022  62  29807 GPS  -2267804.337  5009358.291  3221053.586
2022  62  29808 GPS  -2267804.330  5009358.371  3221053.816
2022  62  29809 GPS  -2267804.522  5009359.032  3221054.879
2022  62  29810 GPS  -2267804.476  5009359.227  3221055.212
2022  62  29811 GPS  -2267804.652  5009359.219  3221055.359
2022  62  29812 GPS  -2267804.659  5009359.398  3221055.731
2022  62  29813 GPS  -2267804.626  5009359.491  3221055.741
2022  62  29814 GPS  -2267804.510  5009359.423  3221055.773
2022  62  29815 GPS  -2267804.561  5009359.287  3221055.809
2022  62  29816 GPS  -2267804.527  5009359.212  3221055.643
2022  62  29817 GPS  -2267804.606  5009359.499  3221055.730
2022  62  29818 GPS  -2267804.757  5009359.764  3221055.528
2022  62  29819 GPS  -2267804.784  5009359.993  3221055.541
2022  62  29820 GPS  -2267804.782  5009359.894  3221055.121
2022  62  29821 GPS  -2267804.759  5009359.911  3221054.748
2022  62  29822 GPS  -2267804.783  5009359.771  3221054.222
2022  62  29823 GPS  -2267804.935  5009359.614  3221053.407
2022  62  29824 GPS  -2267805.117  5009359.510  3221052.701
2022  62  29825 GPS  -2267805.400  5009359.626  3221052.415
2022  62  29826 GPS  -2267805.554  5009359.589  3221052.018
2022  62  29827 GPS  -2267805.795  5009359.666  3221051.690
2022  62  29828 GPS  -2267806.102  5009359.929  3221051.541
2022  62  29829 GPS  -2267806.296  5009359.985  3221051.189
2022  62  29830 GPS  -2267806.326  5009359.686  3221050.312
2022  62  29831 GPS  -2267806.506  5009359.779  3221049.858
2022  62  29832 GPS  -2267806.588  5009359.540  3221049.045
2022  62  29833 GPS  -2267806.433  5009358.889  3221047.793
2022  62  29834 GPS  -2267806.337  5009358.237  3221046.639
2022  62  29835 GPS  -2267806.227  5009357.856  3221045.963
2022  62  29836 GPS  -2267806.358  5009357.761  3221045.239
2022  62  29837 GPS  -2267806.760  5009357.785  3221044.831
2022  62  29838 GPS  -2267807.054  5009357.756  3221044.523
2022  62  29839 GPS  -2267807.023  5009357.324  3221043.379
2022  62  29840 GPS  -2267807.222  5009357.324  3221042.797
2022  62  29841 GPS  -2267807.258  5009357.186  3221042.130
2022  62  29842 GPS  -2267807.333  5009357.129  3221041.635
2022  62  29843 GPS  -2267807.486  5009356.935  3221040.881
2022  62  29844 GPS  -2267807.579  5009356.735  3221040.480
2022  62  29845 GPS  -2267807.728  5009356.533  3221039.918
2022  62  29846 GPS  -2267808.019  5009356.127  3221039.327
2022  62  29847 GPS  -2267808.239  5009356.067  3221039.009
2022  62  29848 GPS  -2267808.366  5009355.843  3221038.532
2022  62  29849 GPS  -2267808.549  5009355.611  3221038.350
2022  62  29850 GPS  -2267808.698  5009355.685  3221038.429
2022  62  29851 GPS  -2267808.857  5009355.833  3221038.634
2022  62  29852 GPS  -2267808.950  5009355.779  3221038.544
2022  62  29853 GPS  -2267808.739  5009355.540  3221038.246
2022  62  29854 GPS  -2267808.897  5009355.542  3221038.180
2022  62  29855 GPS  -2267808.800  5009355.257  3221038.001
2022  62  29856 GPS  -2267808.808  5009355.271  3221038.042
2022  62  29857 GPS  -2267808.805  5009355.429  3221038.162
2022  62  29858 GPS  -2267808.540  5009355.291  3221037.868
2022  62  29859 GPS  -2267808.399  5009355.462  3221038.038
2022  62  29860 GPS  -2267808.289  5009355.132  3221037.478
2022  62  29861 GPS  -2267808.284  5009355.170  3221037.616
2022  62  29862 GPS  -2267808.231  5009355.054  3221037.462
2022  62  29863 GPS  -2267808.269  5009355.057  3221037.360
2022  62  29864 GPS  -2267808.164  5009354.853  3221037.024
2022  62  29865 GPS  -2267807.827  5009354.942  3221037.080
2022  62  29866 GPS  -2267807.767  5009354.808  3221037.005
2022  62  29867 GPS  -2267807.818  5009354.890  3221037.017
2022  62  29868 GPS  -2267807.444  5009354.883  3221036.960
2022  62  29869 GPS  -2267807.161  5009354.721  3221036.816
2022  62  29870 GPS  -2267806.895  5009354.723  3221036.300
2022  62  29871 GPS  -2267806.662  5009354.600  3221036.137
2022  62  29872 GPS  -2267806.421  5009354.087  3221035.306
2022  62  29873 GPS  -2267806.020  5009353.622  3221034.549
2022  62  29874 GPS  -2267805.823  5009353.418  3221034.053
2022  62  29875 GPS  -2267805.626  5009353.182  3221033.644
2022  62  29876 GPS  -2267805.516  5009353.022  3221033.071
2022  62  29877 GPS  -2267805.472  5009352.630  3221032.249
2022  62  29878 GPS  -2267805.327  5009352.386  3221031.668
2022  62  29879 GPS  -2267805.388  5009352.373  3221031.339
2022  62  29880 GPS  -2267805.390  5009352.172  3221030.816
2022  62  29881 GPS  -2267805.434  5009352.325  3221030.713
2022  62  29882 GPS  -2267805.430  5009352.421  3221030.522
2022  62  29883 GPS  -2267805.424  5009352.276  3221030.085
2022  62  29884 GPS  -2267805.315  5009352.342  3221029.796
2022  62  29885 GPS  -2267805.230  5009352.306  3221029.582
2022  62  29886 GPS  -2267805.356  5009352.139  3221029.416
2022  62  29887 GPS  -2267805.414  5009352.156  3221029.251
2022  62  29888 GPS  -2267805.500  5009352.042  3221029.159
2022  62  29889 GPS  -2267805.310  5009351.925  3221028.782
2022  62  29890 GPS  -2267805.326  5009351.748  3221028.233
2022  62  29891 GPS  -2267805.122  5009351.786  3221028.156
2022  62  29892 GPS  -2267805.049  5009351.628  3221027.738
2022  62  29893 GPS  -2267804.990  5009351.662  3221027.589
2022  62  29894 GPS  -2267804.886  5009351.704  3221027.404
2022  62  29895 GPS  -2267804.943  5009351.780  3221027.401
2022  62  29896 GPS  -2267805.143  5009351.813  3221027.436
2022  62  29897 GPS  -2267805.056  5009351.771  3221027.532
2022  62  29898 GPS  -2267805.267  5009352.047  3221027.934
2022  62  29899 GPS  -2267805.444  5009352.417  3221028.654
2022  62  29900 GPS  -2267805.484  5009352.455  3221028.896
2022  62  29901 GPS  -2267805.377  5009352.656  3221028.802
2022  62  29902 GPS  -2267805.473  5009352.807  3221028.868
2022  62  29903 GPS  -2267805.562  5009352.921  3221029.117
2022  62  29904 GPS  -2267805.366  5009352.995  3221029.323
2022  62  29905 GPS  -2267805.284  5009353.144  3221029.539
2022  62  29906 GPS  -2267805.228  5009353.378  3221029.584
2022  62  29907 GPS  -2267805.051  5009353.474  3221029.858
2022  62  29908 GPS  -2267805.043  5009353.534  3221030.021
2022  62  29909 GPS  -2267804.932  5009353.452  3221029.883
2022  62  29910 GPS  -2267804.745  5009353.554  3221029.982
2022  62  29911 GPS  -2267804.701  5009353.406  3221029.935
2022  62  29912 GPS  -2267804.741  5009353.617  3221029.973
2022  62  29913 GPS  -2267804.459  5009353.579  3221030.096
2022  62  29914 GPS  -2267804.265  5009353.362  3221029.787
2022  62  29915 GPS  -2267804.286  5009353.023  3221029.337
2022  62  29916 GPS  -2267804.186  5009353.149  3221029.540
2022  62  29917 GPS  -2267803.877  5009352.771  3221029.046
2022  62  29918 GPS  -2267803.607  5009352.546  3221028.879
2022  62  29919 GPS  -2267803.391  5009352.456  3221028.774
2022  62  29920 GPS  -2267803.144  5009352.276  3221028.699
2022  62  29921 GPS  -2267803.133  5009352.454  3221029.060
2022  62  29922 GPS  -2267802.993  5009352.166  3221028.830
2022  62  29923 GPS  -2267802.884  5009352.187  3221028.882
2022  62  29924 GPS  -2267802.661  5009352.095  3221028.876
2022  62  29925 GPS  -2267802.585  5009352.017  3221028.844
2022  62  29926 GPS  -2267802.557  5009351.689  3221028.592
2022  62  29927 GPS  -2267802.530  5009351.375  3221028.499
2022  62  29928 GPS  -2267802.350  5009351.216  3221028.486
2022  62  29929 GPS  -2267802.117  5009350.915  3221028.462
2022  62  29930 GPS  -2267802.144  5009350.475  3221028.429
2022  62  29931 GPS  -2267802.330  5009350.160  3221028.453
2022  62  29932 GPS  -2267802.310  5009350.079  3221028.690
2022  62  29933 GPS  -2267802.407  5009350.053  3221028.666
2022  62  29934 GPS  -2267802.481  5009350.094  3221029.045
2022  62  29935 GPS  -2267802.774  5009350.625  3221029.557
2022  62  29936 GPS  -2267803.121  5009350.642  3221029.721
2022  62  29937 GPS  -2267803.779  5009351.296  3221030.445
2022  62  29938 GPS  -2267804.259  5009351.738  3221030.907
2022  62  29939 GPS  -2267804.841  5009352.357  3221031.649
2022  62  29940 GPS  -2267805.681  5009352.967  3221032.295
2022  62  29941 GPS  -2267806.250  5009353.528  3221032.803
2022  62  29942 GPS  -2267806.845  5009354.019  3221033.249
2022  62  29943 GPS  -2267807.505  5009354.694  3221033.774
2022  62  29944 GPS  -2267808.323  5009355.215  3221034.337
2022  62  29945 GPS  -2267808.884  5009355.833  3221034.950
2022  62  29946 GPS  -2267809.535  5009356.386  3221035.522
2022  62  29947 GPS  -2267810.391  5009357.017  3221036.121
2022  62  29948 GPS  -2267810.973  5009357.488  3221036.819
2022  62  29949 GPS  -2267811.438  5009357.689  3221037.075
2022  62  29950 GPS  -2267811.854  5009358.148  3221037.474
2022  62  29951 GPS  -2267812.275  5009358.587  3221038.066
2022  62  29952 GPS  -2267812.598  5009358.614  3221038.086
2022  62  29953 GPS  -2267813.130  5009358.924  3221038.473
2022  62  29954 GPS  -2267813.353  5009358.882  3221038.349
2022  62  29955 GPS  -2267813.723  5009358.993  3221038.606
2022  62  29956 GPS  -2267813.983  5009358.997  3221038.693
2022  62  29957 GPS  -2267814.235  5009358.681  3221038.298
2022  62  29958 GPS  -2267814.458  5009358.653  3221038.469
2022  62  29959 GPS  -2267814.689  5009358.640  3221038.488
2022  62  29960 GPS  -2267815.077  5009359.170  3221038.996
2022  62  29961 GPS  -2267815.395  5009359.351  3221038.984
2022  62  29962 GPS  -2267815.561  5009359.645  3221039.227
2022  62  29963 GPS  -2267815.842  5009360.248  3221039.917
2022  62  29964 GPS  -2267815.966  5009360.615  3221040.346
2022  62  29965 GPS  -2267816.032  5009360.856  3221040.572
2022  62  29966 GPS  -2267816.006  5009361.088  3221040.599
2022  62  29967 GPS  -2267816.180  5009361.664  3221041.039
2022  62  29968 GPS  -2267816.092  5009361.846  3221041.209
2022  62  29969 GPS  -2267816.401  5009362.479  3221041.826
2022  62  29970 GPS  -2267816.280  5009362.742  3221041.804
2022  62  29971 GPS  -2267816.221  5009362.852  3221041.648
2022  62  29972 GPS  -2267816.194  5009363.183  3221041.795
2022  62  29973 GPS  -2267816.412  5009363.490  3221041.536
2022  62  29974 GPS  -2267816.438  5009363.816  3221041.699
2022  62  29975 GPS  -2267816.482  5009363.898  3221041.246
2022  62  29976 GPS  -2267816.648  5009364.004  3221040.950
2022  62  29977 GPS  -2267816.411  5009363.822  3221040.450
2022  62  29978 GPS  -2267816.360  5009363.756  3221040.241
2022  62  29979 GPS  -2267816.408  5009363.751  3221040.225
2022  62  29980 GPS  -2267816.245  5009364.026  3221040.320
2022  62  29981 GPS  -2267816.323  5009364.173  3221040.417
2022  62  29982 GPS  -2267816.216  5009364.643  3221040.894
2022  62  29983 GPS  -2267816.380  5009365.092  3221041.361
2022  62  29984 GPS  -2267816.361  5009365.090  3221041.360
2022  62  29985 GPS  -2267816.155  5009364.759  3221041.072
2022  62  29986 GPS  -2267816.074  5009364.546  3221040.782
2022  62  29987 GPS  -2267816.158  5009364.397  3221040.593
2022  62  29988 GPS  -2267816.340  5009364.231  3221040.319
2022  62  29989 GPS  -2267816.438  5009363.732  3221039.945
2022  62  29990 GPS  -2267816.608  5009363.308  3221039.678
2022  62  29991 GPS  -2267816.865  5009362.954  3221039.438
2022  62  29992 GPS  -2267816.900  5009362.944  3221039.598
2022  62  29993 GPS  -2267816.999  5009362.891  3221039.594
2022  62  29994 GPS  -2267816.970  5009362.602  3221039.366
2022  62  29995 GPS  -2267817.410  5009362.869  3221039.578
2022  62  29996 GPS  -2267817.498  5009362.704  3221039.445
2022  62  29997 GPS  -2267817.635  5009362.528  3221039.195
2022  62  29998 GPS  -2267818.058  5009362.652  3221039.359
2022  62  29999 GPS  -2267818.231  5009362.524  3221039.157
2022  62  30000 GPS  -2267818.435  5009362.267  3221038.857
2022  62  30001 GPS  -2267818.811  5009362.191  3221038.648
2022  62  30002 GPS  -2267818.963  5009362.203  3221038.500
2022  62  30003 GPS  -2267819.213  5009362.334  3221038.434
2022  62  30004 GPS  -2267819.399  5009362.406  3221038.326
2022  62  30005 GPS  -2267819.635  5009362.667  3221038.420
2022  62  30006 GPS  -2267819.583  5009362.717  3221038.215
2022  62  30007 GPS  -2267819.612  5009363.375  3221038.851
2022  62  30008 GPS  -2267819.776  5009363.920  3221039.261
2022  62  30009 GPS  -2267820.006  5009364.174  3221039.328
2022  62  30010 GPS  -2267820.158  5009364.305  3221039.111
2022  62  30011 GPS  -2267820.140  5009364.354  3221038.979
2022  62  30012 GPS  -2267820.132  5009364.390  3221038.796
2022  62  30013 GPS  -2267820.270  5009364.931  3221039.076
2022  62  30014 GPS  -2267820.429  5009364.941  3221039.014
2022  62  30015 GPS  -2267820.393  5009365.217  3221038.804
2022  62  30016 GPS  -2267820.574  5009365.296  3221038.737
2022  62  30017 GPS  -2267820.522  5009365.321  3221038.490
2022  62  30018 GPS  -2267820.490  5009365.353  3221038.350
2022  62  30019 GPS  -2267820.251  5009365.257  3221038.094
2022  62  30020 GPS  -2267820.103  5009365.129  3221037.854
2022  62  30021 GPS  -2267819.847  5009365.024  3221037.887
2022  62  30022 GPS  -2267819.548  5009364.946  3221037.620
2022  62  30023 GPS  -2267819.486  5009364.989  3221037.421
2022  62  30024 GPS  -2267819.280  5009364.697  3221036.944
2022  62  30025 GPS  -2267819.271  5009364.864  3221036.913
2022  62  30026 GPS  -2267819.108  5009364.753  3221036.567
2022  62  30027 GPS  -2267818.980  5009364.503  3221036.194
2022  62  30028 GPS  -2267818.651  5009364.132  3221035.808
2022  62  30029 GPS  -2267818.214  5009363.851  3221035.635
2022  62  30030 GPS  -2267818.005  5009363.848  3221035.847
2022  62  30031 GPS  -2267817.685  5009363.891  3221036.047
2022  62  30032 GPS  -2267817.561  5009363.740  3221035.906
2022  62  30033 GPS  -2267817.211  5009363.529  3221036.046
2022  62  30034 GPS  -2267817.156  5009363.470  3221036.008
2022  62  30035 GPS  -2267817.023  5009363.506  3221036.402
2022  62  30036 GPS  -2267816.837  5009363.480  3221036.711
2022  62  30037 GPS  -2267816.654  5009363.421  3221036.841
2022  62  30038 GPS  -2267816.508  5009363.403  3221036.990
2022  62  30039 GPS  -2267816.348  5009363.176  3221037.088
2022  62  30040 GPS  -2267816.251  5009362.838  3221037.009
2022  62  30041 GPS  -2267816.102  5009362.396  3221036.719
2022  62  30042 GPS  -2267816.096  5009362.244  3221036.773
2022  62  30043 GPS  -2267815.994  5009361.932  3221036.737
2022  62  30044 GPS  -2267815.852  5009361.656  3221036.784
2022  62  30045 GPS  -2267815.905  5009361.805  3221037.100
2022  62  30046 GPS  -2267815.914  5009361.827  3221037.414
2022  62  30047 GPS  -2267816.044  5009362.123  3221037.956
2022  62  30048 GPS  -2267816.317  5009362.467  3221038.370
2022  62  30049 GPS  -2267816.597  5009362.572  3221038.816
2022  62  30050 GPS  -2267816.767  5009363.211  3221039.839
2022  62  30051 GPS  -2267816.864  5009363.498  3221040.071
2022  62  30052 GPS  -2267817.215  5009363.835  3221040.502
2022  62  30053 GPS  -2267817.484  5009364.221  3221040.910
2022  62  30054 GPS  -2267817.680  5009364.736  3221041.373
2022  62  30055 GPS  -2267817.857  5009365.251  3221041.800
2022  62  30056 GPS  -2267817.901  5009365.789  3221042.261
2022  62  30057 GPS  -2267817.939  5009366.270  3221042.647
2022  62  30058 GPS  -2267817.847  5009366.572  3221042.860
2022  62  30059 GPS  -2267817.785  5009366.773  3221042.911
2022  62  30060 GPS  -2267817.846  5009366.968  3221042.774
2022  62  30061 GPS  -2267817.865  5009367.022  3221042.751
2022  62  30062 GPS  -2267818.123  5009367.179  3221042.532
2022  62  30063 GPS  -2267818.467  5009367.418  3221042.356
2022  62  30064 GPS  -2267818.565  5009367.667  3221042.342
2022  62  30065 GPS  -2267818.815  5009368.097  3221042.399
2022  62  30066 GPS  -2267818.950  5009368.396  3221042.436
2022  62  30067 GPS  -2267819.019  5009368.806  3221042.722
2022  62  30068 GPS  -2267819.040  5009369.119  3221043.115
2022  62  30069 GPS  -2267819.231  5009369.535  3221043.163
2022  62  30070 GPS  -2267819.465  5009369.737  3221043.207
2022  62  30071 GPS  -2267819.433  5009370.328  3221043.840
2022  62  30072 GPS  -2267819.569  5009370.661  3221044.263
2022  62  30073 GPS  -2267819.825  5009370.972  3221044.559
2022  62  30074 GPS  -2267820.101  5009371.448  3221045.048
2022  62  30075 GPS  -2267820.296  5009372.029  3221045.619
2022  62  30076 GPS  -2267820.442  5009372.260  3221046.039
2022  62  30077 GPS  -2267820.382  5009372.486  3221046.241
2022  62  30078 GPS  -2267820.621  5009372.565  3221046.510
2022  62  30079 GPS  -2267820.886  5009372.651  3221046.819
2022  62  30080 GPS  -2267821.112  5009372.761  3221047.152
2022  62  30081 GPS  -2267821.161  5009372.902  3221047.560
2022  62  30082 GPS  -2267821.348  5009372.776  3221047.629
2022  62  30083 GPS  -2267821.235  5009372.717  3221048.104
2022  62  30084 GPS  -2267821.291  5009372.742  3221048.508
2022  62  30085 GPS  -2267821.434  5009372.775  3221048.747
2022  62  30086 GPS  -2267821.761  5009372.988  3221049.118
2022  62  30087 GPS  -2267821.957  5009372.674  3221049.257
2022  62  30088 GPS  -2267822.115  5009372.485  3221049.477
2022  62  30089 GPS  -2267822.181  5009372.378  3221049.849
2022  62  30090 GPS  -2267822.368  5009372.344  3221050.384
2022  62  30091 GPS  -2267822.399  5009372.120  3221050.656
2022  62  30092 GPS  -2267822.478  5009372.181  3221051.332
2022  62  30093 GPS  -2267822.711  5009372.034  3221051.768
2022  62  30094 GPS  -2267822.763  5009371.676  3221052.062
2022  62  30095 GPS  -2267822.847  5009371.441  3221052.481
2022  62  30096 GPS  -2267822.818  5009371.269  3221052.774
2022  62  30097 GPS  -2267822.825  5009371.307  3221053.278
2022  62  30098 GPS  -2267822.866  5009371.429  3221053.916
2022  62  30099 GPS  -2267823.072  5009371.812  3221055.013
2022  62  30100 GPS  -2267823.302  5009371.864  3221055.212
2022  62  30101 GPS  -2267823.441  5009371.973  3221055.642
2022  62  30102 GPS  -2267823.561  5009372.018  3221055.943
2022  62  30103 GPS  -2267823.695  5009372.426  3221056.577
2022  62  30104 GPS  -2267823.618  5009372.618  3221057.295
2022  62  30105 GPS  -2267823.666  5009372.762  3221057.728
2022  62  30106 GPS  -2267823.932  5009373.386  3221058.629
2022  62  30107 GPS  -2267824.106  5009373.826  3221059.056
2022  62  30108 GPS  -2267824.135  5009374.341  3221059.513
2022  62  30109 GPS  -2267824.437  5009375.044  3221060.327
2022  62  30110 GPS  -2267824.579  5009375.572  3221061.002
2022  62  30111 GPS  -2267824.821  5009376.064  3221061.643
2022  62  30112 GPS  -2267825.230  5009376.723  3221062.264
2022  62  30113 GPS  -2267825.409  5009376.876  3221062.281
2022  62  30114 GPS  -2267825.603  5009376.776  3221062.183
2022  62  30115 GPS  -2267826.010  5009376.853  3221062.093
2022  62  30116 GPS  -2267826.121  5009376.540  3221061.782
2022  62  30117 GPS  -2267826.207  5009376.313  3221061.359
2022  62  30118 GPS  -2267826.248  5009376.412  3221061.298
2022  62  30119 GPS  -2267826.338  5009376.378  3221060.950
2022  62  30120 GPS  -2267826.481  5009376.176  3221060.476
2022  62  30121 GPS  -2267826.590  5009375.786  3221059.802
2022  62  30122 GPS  -2267826.711  5009375.475  3221059.528
2022  62  30123 GPS  -2267826.950  5009375.349  3221059.331
2022  62  30124 GPS  -2267827.229  5009375.110  3221059.079
2022  62  30125 GPS  -2267827.472  5009374.773  3221058.763
2022  62  30126 GPS  -2267827.691  5009374.239  3221058.077
2022  62  30127 GPS  -2267828.129  5009373.834  3221057.576
2022  62  30128 GPS  -2267828.298  5009373.394  3221056.916
2022  62  30129 GPS  -2267828.768  5009373.155  3221056.701
2022  62  30130 GPS  -2267829.194  5009373.212  3221056.482
2022  62  30131 GPS  -2267829.354  5009372.936  3221056.063
2022  62  30132 GPS  -2267829.546  5009372.493  3221055.510
2022  62  30133 GPS  -2267829.807  5009372.294  3221054.975
2022  62  30134 GPS  -2267829.683  5009371.547  3221054.614
2022  62  30135 GPS  -2267829.694  5009371.030  3221054.173
2022  62  30136 GPS  -2267829.578  5009370.576  3221053.562
2022  62  30137 GPS  -2267829.746  5009369.995  3221052.612
2022  62  30138 GPS  -2267829.685  5009369.649  3221052.216
2022  62  30139 GPS  -2267829.409  5009369.234  3221051.718
2022  62  30140 GPS  -2267829.220  5009368.806  3221051.296
2022  62  30141 GPS  -2267829.172  5009368.401  3221050.995
2022  62  30142 GPS  -2267829.173  5009368.437  3221051.175
2022  62  30143 GPS  -2267829.182  5009367.962  3221050.650
2022  62  30144 GPS  -2267829.016  5009367.771  3221050.199
2022  62  30145 GPS  -2267828.638  5009367.715  3221050.015
2022  62  30146 GPS  -2267828.393  5009367.638  3221049.508
2022  62  30147 GPS  -2267828.077  5009367.061  3221048.933
2022  62  30148 GPS  -2267828.009  5009366.740  3221048.573
2022  62  30149 GPS  -2267827.860  5009366.365  3221048.021
2022  62  30150 GPS  -2267827.482  5009365.922  3221047.317
2022  62  30151 GPS  -2267827.068  5009365.931  3221047.391
2022  62  30152 GPS  -2267826.931  5009366.285  3221047.925
2022  62  30153 GPS  -2267826.700  5009366.263  3221047.823
2022  62  30154 GPS  -2267826.736  5009366.219  3221047.574
2022  62  30155 GPS  -2267826.696  5009366.286  3221047.475
2022  62  30156 GPS  -2267826.568  5009366.492  3221047.486
2022  62  30157 GPS  -2267826.380  5009366.732  3221047.800
2022  62  30158 GPS  -2267825.934  5009366.796  3221047.751
2022  62  30159 GPS  -2267825.659  5009366.958  3221047.836
2022  62  30160 GPS  -2267825.485  5009366.497  3221047.458
2022  62  30161 GPS  -2267825.145  5009366.442  3221047.528
2022  62  30162 GPS  -2267824.892  5009366.508  3221047.690
2022  62  30163 GPS  -2267824.807  5009366.778  3221048.255
2022  62  30164 GPS  -2267824.896  5009366.861  3221048.299
2022  62  30165 GPS  -2267824.865  5009366.813  3221048.514
2022  62  30166 GPS  -2267824.869  5009366.626  3221048.313
2022  62  30167 GPS  -2267825.059  5009366.571  3221048.326
2022  62  30168 GPS  -2267824.916  5009366.455  3221048.390
2022  62  30169 GPS  -2267825.107  5009366.586  3221048.618
2022  62  30170 GPS  -2267825.086  5009366.652  3221048.615
2022  62  30171 GPS  -2267825.040  5009366.492  3221048.258
2022  62  30172 GPS  -2267825.149  5009366.508  3221048.169
2022  62  30173 GPS  -2267825.269  5009366.663  3221048.217
2022  62  30174 GPS  -2267825.389  5009366.677  3221048.221
2022  62  30175 GPS  -2267825.003  5009366.274  3221047.962
2022  62  30176 GPS  -2267824.818  5009366.086  3221047.631
2022  62  30177 GPS  -2267824.746  5009366.164  3221047.525
2022  62  30178 GPS  -2267824.632  5009366.105  3221047.191
2022  62  30179 GPS  -2267824.568  5009366.270  3221047.358
2022  62  30180 GPS  -2267824.430  5009366.233  3221047.262
2022  62  30181 GPS  -2267824.479  5009366.222  3221047.106
2022  62  30182 GPS  -2267824.325  5009366.228  3221047.006
2022  62  30183 GPS  -2267824.086  5009366.374  3221047.156
2022  62  30184 GPS  -2267823.951  5009366.355  3221047.031
2022  62  30185 GPS  -2267823.820  5009366.177  3221046.861
2022  62  30186 GPS  -2267823.600  5009366.649  3221047.081
2022  62  30187 GPS  -2267823.677  5009366.914  3221047.134
2022  62  30188 GPS  -2267823.801  5009367.195  3221047.305
2022  62  30189 GPS  -2267823.774  5009367.264  3221047.468
2022  62  30190 GPS  -2267823.712  5009367.332  3221047.526
2022  62  30191 GPS  -2267823.552  5009367.512  3221047.793
2022  62  30192 GPS  -2267823.381  5009367.795  3221047.916
2022  62  30193 GPS  -2267823.140  5009368.086  3221048.242
2022  62  30194 GPS  -2267823.143  5009368.477  3221048.291
2022  62  30195 GPS  -2267823.085  5009368.865  3221048.812
2022  62  30196 GPS  -2267823.049  5009369.581  3221049.538
2022  62  30197 GPS  -2267823.191  5009370.115  3221050.168
2022  62  30198 GPS  -2267823.279  5009370.756  3221050.731
2022  62  30199 GPS  -2267823.386  5009371.363  3221051.186
2022  62  30200 GPS  -2267823.298  5009371.655  3221051.714
2022  62  30201 GPS  -2267823.527  5009372.005  3221052.025
2022  62  30202 GPS  -2267823.792  5009372.391  3221052.509
2022  62  30203 GPS  -2267823.738  5009372.346  3221052.582
2022  62  30204 GPS  -2267823.886  5009372.617  3221052.946
2022  62  30205 GPS  -2267824.030  5009372.680  3221053.077
2022  62  30206 GPS  -2267824.284  5009373.117  3221053.499
2022  62  30207 GPS  -2267824.519  5009373.493  3221053.734
2022  62  30208 GPS  -2267824.706  5009374.072  3221054.275
2022  62  30209 GPS  -2267824.815  5009374.255  3221054.466
2022  62  30210 GPS  -2267824.658  5009374.051  3221054.101
2022  62  30211 GPS  -2267824.689  5009374.154  3221054.272
2022  62  30212 GPS  -2267824.638  5009374.150  3221054.343
2022  62  30213 GPS  -2267824.506  5009374.032  3221054.288
2022  62  30214 GPS  -2267824.475  5009373.573  3221053.953
2022  62  30215 GPS  -2267824.191  5009373.302  3221053.885
2022  62  30216 GPS  -2267824.039  5009373.690  3221054.424
2022  62  30217 GPS  -2267824.073  5009373.746  3221054.596
2022  62  30218 GPS  -2267824.040  5009373.606  3221054.687
2022  62  30219 GPS  -2267824.136  5009373.914  3221054.984
2022  62  30220 GPS  -2267824.131  5009373.952  3221054.914
2022  62  30221 GPS  -2267824.097  5009374.111  3221055.136
2022  62  30222 GPS  -2267824.216  5009374.403  3221055.452
2022  62  30223 GPS  -2267824.642  5009374.770  3221055.853
2022  62  30224 GPS  -2267824.947  5009375.338  3221056.277
2022  62  30225 GPS  -2267825.261  5009375.621  3221056.509
2022  62  30226 GPS  -2267825.682  5009376.141  3221056.898
2022  62  30227 GPS  -2267825.954  5009376.755  3221057.466
2022  62  30228 GPS  -2267826.169  5009377.201  3221057.833
2022  62  30229 GPS  -2267826.228  5009377.615  3221058.114
2022  62  30230 GPS  -2267826.326  5009378.373  3221058.500
2022  62  30231 GPS  -2267826.307  5009379.006  3221058.996
2022  62  30232 GPS  -2267826.422  5009379.817  3221059.463
2022  62  30233 GPS  -2267826.381  5009380.719  3221059.687
2022  62  30234 GPS  -2267826.480  5009381.564  3221060.320
2022  62  30235 GPS  -2267826.394  5009382.149  3221060.746
2022  62  30236 GPS  -2267826.566  5009382.714  3221061.185
2022  62  30237 GPS  -2267826.726  5009383.147  3221061.157
2022  62  30238 GPS  -2267826.962  5009383.938  3221061.802
2022  62  30239 GPS  -2267827.275  5009384.536  3221062.077
2022  62  30240 GPS  -2267827.524  5009384.984  3221062.552
2022  62  30241 GPS  -2267827.866  5009385.533  3221063.055
2022  62  30242 GPS  -2267828.096  5009385.726  3221063.414
2022  62  30243 GPS  -2267828.344  5009386.116  3221063.908
2022  62  30244 GPS  -2267828.576  5009386.122  3221063.860
2022  62  30245 GPS  -2267828.913  5009386.501  3221063.955
2022  62  30246 GPS  -2267829.083  5009386.700  3221064.060
2022  62  30247 GPS  -2267829.016  5009386.530  3221063.901
2022  62  30248 GPS  -2267828.961  5009386.580  3221063.808
2022  62  30249 GPS  -2267828.969  5009386.335  3221063.839
2022  62  30250 GPS  -2267828.898  5009386.292  3221063.929
2022  62  30251 GPS  -2267828.930  5009385.947  3221063.617
2022  62  30252 GPS  -2267828.852  5009385.659  3221063.219
2022  62  30253 GPS  -2267828.962  5009385.558  3221063.303
2022  62  30254 GPS  -2267828.928  5009385.735  3221063.467
2022  62  30255 GPS  -2267828.905  5009385.610  3221063.367
2022  62  30256 GPS  -2267828.802  5009385.692  3221063.627
2022  62  30257 GPS  -2267828.616  5009385.254  3221063.241
2022  62  30258 GPS  -2267828.366  5009384.770  3221062.714
2022  62  30259 GPS  -2267828.158  5009384.480  3221062.541
2022  62  30260 GPS  -2267827.877  5009383.970  3221062.009
2022  62  30261 GPS  -2267827.696  5009383.577  3221061.494
2022  62  30262 GPS  -2267827.314  5009383.002  3221060.961
2022  62  30263 GPS  -2267827.131  5009382.527  3221060.603
2022  62  30264 GPS  -2267826.987  5009382.470  3221060.584
2022  62  30265 GPS  -2267826.743  5009382.033  3221060.163
2022  62  30266 GPS  -2267826.505  5009382.061  3221060.247
2022  62  30267 GPS  -2267826.097  5009381.774  3221060.063
2022  62  30268 GPS  -2267825.725  5009381.400  3221059.729
2022  62  30269 GPS  -2267825.625  5009381.161  3221059.698
2022  62  30270 GPS  -2267825.534  5009381.126  3221059.866
2022  62  30271 GPS  -2267825.436  5009381.190  3221060.029
2022  62  30272 GPS  -2267825.401  5009381.143  3221059.839
2022  62  30273 GPS  -2267825.273  5009381.091  3221059.855
2022  62  30274 GPS  -2267825.051  5009381.015  3221059.808
2022  62  30275 GPS  -2267824.925  5009380.756  3221059.531
2022  62  30276 GPS  -2267824.687  5009380.770  3221059.602
2022  62  30277 GPS  -2267824.655  5009380.795  3221059.651
2022  62  30278 GPS  -2267824.495  5009380.997  3221059.603
2022  62  30279 GPS  -2267824.287  5009381.165  3221059.645
2022  62  30280 GPS  -2267824.067  5009381.318  3221059.466
2022  62  30281 GPS  -2267823.936  5009381.356  3221059.355
2022  62  30282 GPS  -2267823.922  5009381.782  3221059.720
2022  62  30283 GPS  -2267823.920  5009381.927  3221059.793
2022  62  30284 GPS  -2267823.750  5009382.048  3221060.036
2022  62  30285 GPS  -2267823.729  5009381.939  3221059.758
2022  62  30286 GPS  -2267823.878  5009382.117  3221059.931
2022  62  30287 GPS  -2267823.998  5009382.262  3221059.860
2022  62  30288 GPS  -2267823.910  5009382.518  3221059.818
2022  62  30289 GPS  -2267824.106  5009382.878  3221060.057
2022  62  30290 GPS  -2267824.088  5009382.901  3221059.911
2022  62  30291 GPS  -2267824.092  5009382.919  3221059.695
2022  62  30292 GPS  -2267824.151  5009382.790  3221059.346
2022  62  30293 GPS  -2267823.960  5009382.325  3221058.669
2022  62  30294 GPS  -2267823.744  5009381.938  3221057.979
2022  62  30295 GPS  -2267823.658  5009381.416  3221057.402
2022  62  30296 GPS  -2267823.624  5009381.360  3221057.132
2022  62  30297 GPS  -2267823.475  5009381.161  3221056.885
2022  62  30298 GPS  -2267823.240  5009380.851  3221056.460
2022  62  30299 GPS  -2267822.835  5009380.395  3221056.123
2022  62  30300 GPS  -2267822.666  5009379.986  3221055.699
2022  62  30301 GPS  -2267822.239  5009379.549  3221055.220
2022  62  30302 GPS  -2267822.064  5009379.042  3221054.587
2022  62  30303 GPS  -2267821.513  5009378.414  3221053.713
2022  62  30304 GPS  -2267821.191  5009377.773  3221053.186
2022  62  30305 GPS  -2267821.066  5009377.148  3221052.798
2022  62  30306 GPS  -2267820.897  5009376.594  3221052.437
2022  62  30307 GPS  -2267820.725  5009375.480  3221051.537
2022  62  30308 GPS  -2267820.304  5009374.747  3221050.965
2022  62  30309 GPS  -2267819.916  5009373.871  3221050.272
2022  62  30310 GPS  -2267819.352  5009373.094  3221049.806
2022  62  30311 GPS  -2267819.040  5009372.569  3221049.535
2022  62  30312 GPS  -2267818.461  5009371.898  3221049.078
2022  62  30313 GPS  -2267817.951  5009371.230  3221048.734
2022  62  30314 GPS  -2267817.459  5009370.904  3221048.346
2022  62  30315 GPS  -2267817.085  5009370.672  3221048.205
2022  62  30316 GPS  -2267816.618  5009370.144  3221047.689
2022  62  30317 GPS  -2267816.286  5009369.802  3221047.495
2022  62  30318 GPS  -2267815.780  5009369.259  3221046.954
2022  62  30319 GPS  -2267815.517  5009368.622  3221046.681
2022  62  30320 GPS  -2267815.243  5009368.241  3221046.574
2022  62  30321 GPS  -2267815.108  5009367.916  3221046.438
2022  62  30322 GPS  -2267814.897  5009367.750  3221046.624
2022  62  30323 GPS  -2267814.638  5009368.000  3221046.834
2022  62  30324 GPS  -2267814.517  5009368.084  3221047.111
2022  62  30325 GPS  -2267814.418  5009368.338  3221047.386
2022  62  30326 GPS  -2267814.416  5009368.363  3221047.422
2022  62  30327 GPS  -2267814.583  5009368.766  3221047.890
2022  62  30328 GPS  -2267814.790  5009369.081  3221048.168
2022  62  30329 GPS  -2267814.798  5009369.236  3221048.479
2022  62  30330 GPS  -2267814.866  5009369.125  3221048.669
2022  62  30331 GPS  -2267814.919  5009368.981  3221048.937
2022  62  30332 GPS  -2267814.934  5009368.918  3221049.283
2022  62  30333 GPS  -2267815.095  5009368.929  3221049.550
2022  62  30334 GPS  -2267815.150  5009368.931  3221049.942
2022  62  30335 GPS  -2267815.190  5009368.730  3221050.012
2022  62  30336 GPS  -2267815.482  5009369.285  3221050.826
2022  62  30337 GPS  -2267815.518  5009369.498  3221051.222
2022  62  30338 GPS  -2267815.692  5009369.654  3221051.524
2022  62  30339 GPS  -2267815.628  5009369.916  3221051.912
2022  62  30340 GPS  -2267815.693  5009370.140  3221052.346
2022  62  30341 GPS  -2267815.607  5009370.092  3221052.573
2022  62  30342 GPS  -2267815.722  5009370.174  3221053.109
2022  62  30343 GPS  -2267815.761  5009370.018  3221053.244
2022  62  30344 GPS  -2267815.733  5009369.946  3221053.336
2022  62  30345 GPS  -2267815.831  5009369.791  3221053.504
2022  62  30346 GPS  -2267815.995  5009370.039  3221053.822
2022  62  30347 GPS  -2267816.155  5009369.994  3221053.884
2022  62  30348 GPS  -2267816.269  5009370.061  3221053.931
2022  62  30349 GPS  -2267816.365  5009370.372  3221054.486
2022  62  30350 GPS  -2267816.415  5009370.643  3221054.811
2022  62  30351 GPS  -2267816.269  5009370.585  3221054.854
2022  62  30352 GPS  -2267816.345  5009370.605  3221054.822
2022  62  30353 GPS  -2267816.349  5009370.550  3221055.010
2022  62  30354 GPS  -2267816.606  5009370.588  3221055.079
2022  62  30355 GPS  -2267816.696  5009370.602  3221055.195
2022  62  30356 GPS  -2267816.806  5009370.328  3221055.137
2022  62  30357 GPS  -2267817.011  5009370.123  3221054.917
2022  62  30358 GPS  -2267817.278  5009370.226  3221055.013
2022  62  30359 GPS  -2267817.491  5009369.831  3221054.457
2022  62  30360 GPS  -2267817.577  5009369.372  3221053.700
2022  62  30361 GPS  -2267817.876  5009369.327  3221053.382
2022  62  30362 GPS  -2267818.146  5009369.160  3221052.963
2022  62  30363 GPS  -2267818.535  5009369.301  3221052.702
2022  62  30364 GPS  -2267818.716  5009369.206  3221052.308
2022  62  30365 GPS  -2267818.785  5009369.020  3221051.794
2022  62  30366 GPS  -2267818.732  5009368.668  3221051.063
2022  62  30367 GPS  -2267818.642  5009368.406  3221050.516
2022  62  30368 GPS  -2267818.446  5009368.240  3221050.059
2022  62  30369 GPS  -2267818.380  5009367.765  3221049.308
2022  62  30370 GPS  -2267818.682  5009367.615  3221048.980
2022  62  30371 GPS  -2267818.595  5009367.257  3221048.571
2022  62  30372 GPS  -2267818.320  5009366.685  3221047.938
2022  62  30373 GPS  -2267818.536  5009366.689  3221047.712
2022  62  30374 GPS  -2267818.560  5009366.777  3221047.817
2022  62  30375 GPS  -2267818.571  5009366.494  3221047.843
2022  62  30376 GPS  -2267818.579  5009366.180  3221047.676
2022  62  30377 GPS  -2267818.618  5009365.850  3221047.528
2022  62  30378 GPS  -2267818.438  5009365.203  3221047.057
2022  62  30379 GPS  -2267818.367  5009364.846  3221046.942
2022  62  30380 GPS  -2267818.230  5009363.790  3221046.515
2022  62  30381 GPS  -2267818.115  5009363.132  3221046.233
2022  62  30382 GPS  -2267817.814  5009362.364  3221045.954
2022  62  30383 GPS  -2267817.626  5009361.306  3221045.102
2022  62  30384 GPS  -2267817.501  5009360.416  3221044.634
2022  62  30385 GPS  -2267817.628  5009359.643  3221044.189
2022  62  30386 GPS  -2267817.414  5009358.782  3221043.463
2022  62  30387 GPS  -2267817.058  5009358.004  3221042.955
2022  62  30388 GPS  -2267816.946  5009357.336  3221042.368
2022  62  30389 GPS  -2267816.833  5009356.625  3221042.009
2022  62  30390 GPS  -2267816.758  5009355.622  3221041.267
2022  62  30391 GPS  -2267816.656  5009355.014  3221040.984
2022  62  30392 GPS  -2267816.712  5009354.016  3221040.048
2022  62  30393 GPS  -2267816.790  5009353.482  3221039.581
2022  62  30394 GPS  -2267816.899  5009352.855  3221039.343
2022  62  30395 GPS  -2267816.975  5009352.195  3221038.812
2022  62  30396 GPS  -2267817.203  5009351.774  3221038.571
2022  62  30397 GPS  -2267817.124  5009350.924  3221037.805
2022  62  30398 GPS  -2267817.143  5009350.298  3221036.986
2022  62  30399 GPS  -2267817.088  5009349.811  3221036.455
2022  62  30400 GPS  -2267816.983  5009349.356  3221035.648
2022  62  30401 GPS  -2267816.916  5009349.061  3221035.340
2022  62  30402 GPS  -2267816.789  5009348.580  3221034.679
2022  62  30403 GPS  -2267816.485  5009348.229  3221034.191
2022  62  30404 GPS  -2267816.691  5009347.916  3221033.530
2022  62  30405 GPS  -2267816.722  5009347.803  3221032.826
2022  62  30406 GPS  -2267816.904  5009347.933  3221032.555
2022  62  30407 GPS  -2267816.953  5009347.843  3221032.181
2022  62  30408 GPS  -2267816.958  5009347.940  3221032.116
2022  62  30409 GPS  -2267816.912  5009348.396  3221032.218
2022  62  30410 GPS  -2267816.846  5009348.780  3221032.140
2022  62  30411 GPS  -2267816.628  5009349.047  3221031.947
2022  62  30412 GPS  -2267816.409  5009349.446  3221031.984
2022  62  30413 GPS  -2267816.313  5009350.117  3221032.256
2022  62  30414 GPS  -2267816.393  5009350.698  3221032.364
2022  62  30415 GPS  -2267816.303  5009351.280  3221032.467
2022  62  30416 GPS  -2267816.231  5009351.744  3221032.603
2022  62  30417 GPS  -2267816.167  5009351.857  3221032.429
2022  62  30418 GPS  -2267816.259  5009352.064  3221032.402
2022  62  30419 GPS  -2267816.214  5009352.070  3221032.096
2022  62  30420 GPS  -2267816.191  5009352.156  3221031.998
2022  62  30421 GPS  -2267816.241  5009352.569  3221032.238
2022  62  30422 GPS  -2267816.306  5009352.726  3221032.378
2022  62  30423 GPS  -2267816.343  5009352.955  3221032.622
2022  62  30424 GPS  -2267816.510  5009353.158  3221032.765
2022  62  30425 GPS  -2267816.654  5009353.091  3221032.805
2022  62  30426 GPS  -2267816.789  5009352.637  3221032.095
2022  62  30427 GPS  -2267817.012  5009352.715  3221032.008
2022  62  30428 GPS  -2267817.223  5009352.890  3221032.067
2022  62  30429 GPS  -2267817.125  5009352.421  3221031.719
2022  62  30430 GPS  -2267817.173  5009352.062  3221031.283
2022  62  30431 GPS  -2267817.111  5009351.614  3221030.887
2022  62  30432 GPS  -2267817.113  5009351.136  3221030.689
2022  62  30433 GPS  -2267816.851  5009350.511  3221030.220
2022  62  30434 GPS  -2267816.705  5009349.726  3221029.530
2022  62  30435 GPS  -2267816.543  5009349.420  3221029.471
2022  62  30436 GPS  -2267816.341  5009348.917  3221029.097
2022  62  30437 GPS  -2267816.007  5009347.976  3221028.490
2022  62  30438 GPS  -2267815.865  5009347.531  3221028.166
2022  62  30439 GPS  -2267815.669  5009346.773  3221027.575
2022  62  30440 GPS  -2267815.526  5009346.362  3221027.219
2022  62  30441 GPS  -2267815.258  5009345.888  3221026.700
2022  62  30442 GPS  -2267814.886  5009345.408  3221026.426
2022  62  30443 GPS  -2267814.678  5009344.708  3221025.886
2022  62  30444 GPS  -2267814.323  5009343.948  3221025.368
2022  62  30445 GPS  -2267814.191  5009343.283  3221024.858
2022  62  30446 GPS  -2267813.936  5009342.833  3221024.596
2022  62  30447 GPS  -2267813.705  5009342.342  3221024.142
2022  62  30448 GPS  -2267813.692  5009342.235  3221023.942
2022  62  30449 GPS  -2267813.472  5009342.122  3221023.847
2022  62  30450 GPS  -2267813.416  5009341.773  3221023.278
2022  62  30451 GPS  -2267813.318  5009341.495  3221022.899
2022  62  30452 GPS  -2267812.974  5009341.096  3221022.333
2022  62  30453 GPS  -2267812.873  5009340.800  3221021.810
2022  62  30454 GPS  -2267812.916  5009340.414  3221021.226
2022  62  30455 GPS  -2267812.937  5009340.333  3221021.008
2022  62  30456 GPS  -2267812.953  5009340.474  3221021.029
2022  62  30457 GPS  -2267812.872  5009340.274  3221020.706
2022  62  30458 GPS  -2267812.968  5009340.552  3221020.648
2022  62  30459 GPS  -2267813.334  5009341.028  3221020.993
2022  62  30460 GPS  -2267813.593  5009341.518  3221021.303
2022  62  30461 GPS  -2267813.768  5009341.830  3221021.374
2022  62  30462 GPS  -2267814.115  5009342.275  3221021.849
2022  62  30463 GPS  -2267814.549  5009342.837  3221022.277
2022  62  30464 GPS  -2267815.056  5009343.553  3221022.706
2022  62  30465 GPS  -2267815.558  5009344.227  3221023.227
2022  62  30466 GPS  -2267815.838  5009344.736  3221023.778
2022  62  30467 GPS  -2267816.383  5009345.617  3221024.502
2022  62  30468 GPS  -2267816.767  5009346.281  3221025.059
2022  62  30469 GPS  -2267816.925  5009346.687  3221025.299
2022  62  30470 GPS  -2267816.996  5009347.000  3221025.794
2022  62  30471 GPS  -2267817.114  5009347.456  3221026.303
2022  62  30472 GPS  -2267817.390  5009348.139  3221027.113
2022  62  30473 GPS  -2267817.322  5009348.699  3221027.759
2022  62  30474 GPS  -2267817.102  5009348.904  3221028.201
2022  62  30475 GPS  -2267817.099  5009349.217  3221028.990
2022  62  30476 GPS  -2267816.904  5009349.167  3221029.216
2022  62  30477 GPS  -2267816.516  5009348.756  3221029.264
2022  62  30478 GPS  -2267816.321  5009348.584  3221029.356
2022  62  30479 GPS  -2267816.075  5009348.418  3221029.619
2022  62  30480 GPS  -2267815.728  5009348.049  3221029.600
2022  62  30481 GPS  -2267815.449  5009347.753  3221029.925
2022  62  30482 GPS  -2267815.315  5009347.405  3221029.901
2022  62  30483 GPS  -2267815.056  5009346.948  3221029.930
2022  62  30484 GPS  -2267814.695  5009346.452  3221029.959
2022  62  30485 GPS  -2267814.662  5009346.304  3221030.153
2022  62  30486 GPS  -2267814.406  5009345.943  3221030.178
2022  62  30487 GPS  -2267814.273  5009345.507  3221030.178
2022  62  30488 GPS  -2267814.315  5009345.488  3221030.432
2022  62  30489 GPS  -2267814.246  5009345.124  3221030.363
2022  62  30490 GPS  -2267814.381  5009345.145  3221030.672
2022  62  30491 GPS  -2267814.384  5009344.849  3221030.810
2022  62  30492 GPS  -2267814.448  5009344.529  3221030.962
2022  62  30493 GPS  -2267814.522  5009344.555  3221031.159
2022  62  30494 GPS  -2267814.867  5009345.060  3221031.857
2022  62  30495 GPS  -2267815.174  5009345.399  3221032.470
2022  62  30496 GPS  -2267815.481  5009345.678  3221032.814
2022  62  30497 GPS  -2267815.871  5009346.096  3221033.400
2022  62  30498 GPS  -2267816.042  5009346.562  3221033.918
2022  62  30499 GPS  -2267816.268  5009346.554  3221033.878
2022  62  30500 GPS  -2267816.723  5009347.090  3221034.316
2022  62  30501 GPS  -2267816.957  5009347.493  3221034.490
2022  62  30502 GPS  -2267817.414  5009348.461  3221034.989
2022  62  30503 GPS  -2267817.715  5009349.156  3221035.262
2022  62  30504 GPS  -2267817.965  5009349.998  3221035.772
2022  62  30505 GPS  -2267818.350  5009350.912  3221036.277
2022  62  30506 GPS  -2267818.600  5009351.822  3221037.082
2022  62  30507 GPS  -2267818.850  5009352.761  3221037.608
2022  62  30508 GPS  -2267819.086  5009353.575  3221038.188
2022  62  30509 GPS  -2267819.240  5009354.331  3221038.719
2022  62  30510 GPS  -2267819.246  5009354.764  3221038.828
2022  62  30511 GPS  -2267819.358  5009355.147  3221038.962
2022  62  30512 GPS  -2267819.580  5009355.665  3221039.142
2022  62  30513 GPS  -2267819.727  5009356.007  3221039.123
2022  62  30514 GPS  -2267819.861  5009356.610  3221039.215
2022  62  30515 GPS  -2267819.646  5009356.808  3221039.095
2022  62  30516 GPS  -2267819.781  5009357.058  3221039.109
2022  62  30517 GPS  -2267819.886  5009357.218  3221039.204
2022  62  30518 GPS  -2267819.886  5009357.653  3221039.356
2022  62  30519 GPS  -2267819.971  5009358.056  3221039.492
2022  62  30520 GPS  -2267819.832  5009358.348  3221039.712
2022  62  30521 GPS  -2267819.532  5009358.635  3221040.332
2022  62  30522 GPS  -2267819.234  5009358.662  3221040.496
2022  62  30523 GPS  -2267819.035  5009358.935  3221041.053
2022  62  30524 GPS  -2267818.738  5009359.079  3221041.314
2022  62  30525 GPS  -2267818.485  5009359.280  3221041.694
2022  62  30526 GPS  -2267818.198  5009359.110  3221041.604
2022  62  30527 GPS  -2267817.978  5009358.932  3221041.409
2022  62  30528 GPS  -2267817.749  5009358.697  3221041.407
2022  62  30529 GPS  -2267817.704  5009358.818  3221041.523
2022  62  30530 GPS  -2267817.512  5009358.706  3221041.524
2022  62  30531 GPS  -2267817.272  5009358.533  3221041.639
2022  62  30532 GPS  -2267817.130  5009358.531  3221041.854
2022  62  30533 GPS  -2267817.149  5009358.833  3221042.361
2022  62  30534 GPS  -2267817.294  5009359.074  3221042.618
2022  62  30535 GPS  -2267816.917  5009358.813  3221042.461
2022  62  30536 GPS  -2267816.893  5009358.904  3221042.500
2022  62  30537 GPS  -2267816.938  5009358.978  3221042.628
2022  62  30538 GPS  -2267817.131  5009359.244  3221043.079
2022  62  30539 GPS  -2267816.994  5009359.150  3221043.117
2022  62  30540 GPS  -2267817.473  5009359.603  3221043.428
2022  62  30541 GPS  -2267817.434  5009359.678  3221043.468
2022  62  30542 GPS  -2267817.543  5009360.106  3221043.647
2022  62  30543 GPS  -2267817.632  5009360.131  3221043.478
2022  62  30544 GPS  -2267817.679  5009360.251  3221043.423
2022  62  30545 GPS  -2267817.678  5009360.282  3221043.406
2022  62  30546 GPS  -2267817.711  5009360.451  3221043.556
2022  62  30547 GPS  -2267817.965  5009360.793  3221043.815
2022  62  30548 GPS  -2267817.867  5009360.748  3221043.699
2022  62  30549 GPS  -2267818.028  5009361.022  3221043.933
2022  62  30550 GPS  -2267817.878  5009361.074  3221043.837
2022  62  30551 GPS  -2267817.838  5009360.939  3221043.630
2022  62  30552 GPS  -2267817.747  5009360.910  3221043.371
2022  62  30553 GPS  -2267817.681  5009360.842  3221043.064
2022  62  30554 GPS  -2267817.689  5009360.842  3221042.587
2022  62  30555 GPS  -2267817.536  5009360.403  3221041.790
2022  62  30556 GPS  -2267817.884  5009360.738  3221041.739
2022  62  30557 GPS  -2267817.965  5009360.700  3221041.486
2022  62  30558 GPS  -2267817.872  5009360.471  3221041.016
2022  62  30559 GPS  -2267817.874  5009360.327  3221040.479
2022  62  30560 GPS  -2267817.527  5009360.042  3221040.318
2022  62  30561 GPS  -2267817.499  5009360.077  3221040.168
2022  62  30562 GPS  -2267817.533  5009360.174  3221040.281
2022  62  30563 GPS  -2267817.414  5009359.770  3221039.814
2022  62  30564 GPS  -2267817.173  5009359.544  3221039.568
2022  62  30565 GPS  -2267816.993  5009359.197  3221039.397
2022  62  30566 GPS  -2267816.804  5009358.899  3221039.062
2022  62  30567 GPS  -2267816.724  5009358.756  3221039.160
2022  62  30568 GPS  -2267816.860  5009358.637  3221039.142
2022  62  30569 GPS  -2267816.816  5009358.479  3221039.080
2022  62  30570 GPS  -2267816.674  5009358.140  3221038.836
2022  62  30571 GPS  -2267816.345  5009357.507  3221038.577
2022  62  30572 GPS  -2267816.115  5009357.145  3221038.454
2022  62  30573 GPS  -2267815.825  5009356.741  3221038.140
2022  62  30574 GPS  -2267815.745  5009356.749  3221038.515
2022  62  30575 GPS  -2267815.309  5009356.440  3221038.507
2022  62  30576 GPS  -2267815.027  5009356.277  3221038.492
2022  62  30577 GPS  -2267814.774  5009356.268  3221038.774
2022  62  30578 GPS  -2267814.913  5009356.342  3221038.876
2022  62  30579 GPS  -2267814.882  5009356.640  3221039.116
2022  62  30580 GPS  -2267814.961  5009357.006  3221039.299
2022  62  30581 GPS  -2267815.126  5009357.496  3221039.629
2022  62  30582 GPS  -2267815.244  5009357.577  3221039.502
2022  62  30583 GPS  -2267815.383  5009357.825  3221039.457
2022  62  30584 GPS  -2267815.403  5009357.763  3221039.144
2022  62  30585 GPS  -2267815.555  5009357.965  3221039.006
2022  62  30586 GPS  -2267815.766  5009358.615  3221039.286
2022  62  30587 GPS  -2267815.830  5009358.706  3221039.212
2022  62  30588 GPS  -2267815.828  5009358.804  3221039.151
2022  62  30589 GPS  -2267815.669  5009359.024  3221039.042
2022  62  30590 GPS  -2267815.496  5009359.339  3221039.076
2022  62  30591 GPS  -2267815.418  5009359.592  3221039.093
2022  62  30592 GPS  -2267815.627  5009360.325  3221039.595
2022  62  30593 GPS  -2267815.709  5009360.353  3221039.349
2022  62  30594 GPS  -2267815.674  5009360.283  3221038.972
2022  62  30595 GPS  -2267815.661  5009360.323  3221038.941
2022  62  30596 GPS  -2267815.559  5009360.521  3221038.812
2022  62  30597 GPS  -2267815.447  5009360.723  3221038.946
2022  62  30598 GPS  -2267815.528  5009360.885  3221038.918
2022  62  30599 GPS  -2267815.672  5009361.099  3221038.793
2022  62  30600 GPS  -2267815.675  5009361.509  3221038.872
2022  62  30601 GPS  -2267815.426  5009361.618  3221038.832
2022  62  30602 GPS  -2267815.207  5009361.732  3221038.885
2022  62  30603 GPS  -2267815.000  5009361.851  3221039.191
2022  62  30604 GPS  -2267814.951  5009362.194  3221039.392
2022  62  30605 GPS  -2267814.823  5009362.287  3221039.352
2022  62  30606 GPS  -2267814.733  5009362.517  3221039.551
2022  62  30607 GPS  -2267814.541  5009362.594  3221039.596
2022  62  30608 GPS  -2267814.498  5009362.510  3221039.397
2022  62  30609 GPS  -2267814.530  5009362.718  3221039.447
2022  62  30610 GPS  -2267814.599  5009362.942  3221039.525
2022  62  30611 GPS  -2267814.720  5009363.001  3221039.651
2022  62  30612 GPS  -2267814.468  5009362.565  3221039.259
2022  62  30613 GPS  -2267814.471  5009362.455  3221039.055
2022  62  30614 GPS  -2267814.542  5009362.529  3221039.036
2022  62  30615 GPS  -2267814.673  5009362.714  3221039.188
2022  62  30616 GPS  -2267814.735  5009362.844  3221039.272
2022  62  30617 GPS  -2267815.381  5009363.321  3221039.327
2022  62  30618 GPS  -2267815.638  5009363.604  3221039.573
2022  62  30619 GPS  -2267816.017  5009363.957  3221039.759
2022  62  30620 GPS  -2267816.190  5009364.179  3221039.984
2022  62  30621 GPS  -2267816.544  5009364.732  3221040.330
2022  62  30622 GPS  -2267816.697  5009364.931  3221040.165
2022  62  30623 GPS  -2267816.820  5009365.010  3221040.127
2022  62  30624 GPS  -2267817.302  5009365.022  3221039.930
2022  62  30625 GPS  -2267817.531  5009365.262  3221040.088
2022  62  30626 GPS  -2267817.786  5009365.359  3221040.028
2022  62  30627 GPS  -2267817.952  5009365.408  3221040.116
2022  62  30628 GPS  -2267818.055  5009365.474  3221040.224
2022  62  30629 GPS  -2267818.260  5009365.673  3221040.503
2022  62  30630 GPS  -2267818.497  5009365.883  3221040.544
2022  62  30631 GPS  -2267818.927  5009366.186  3221040.842
2022  62  30632 GPS  -2267819.268  5009366.550  3221041.301
2022  62  30633 GPS  -2267819.309  5009366.485  3221041.362
2022  62  30634 GPS  -2267819.602  5009366.751  3221041.530
2022  62  30635 GPS  -2267819.866  5009367.094  3221041.751
2022  62  30636 GPS  -2267820.008  5009367.125  3221041.904
2022  62  30637 GPS  -2267820.329  5009367.284  3221041.900
2022  62  30638 GPS  -2267820.466  5009367.333  3221042.044
2022  62  30639 GPS  -2267820.699  5009367.283  3221041.784
2022  62  30640 GPS  -2267820.957  5009367.293  3221041.675
2022  62  30641 GPS  -2267821.146  5009367.712  3221042.049
2022  62  30642 GPS  -2267821.137  5009367.660  3221042.034
2022  62  30643 GPS  -2267821.053  5009367.494  3221041.838
2022  62  30644 GPS  -2267820.975  5009367.529  3221041.870
2022  62  30645 GPS  -2267820.914  5009367.283  3221041.857
2022  62  30646 GPS  -2267820.792  5009367.126  3221041.519
2022  62  30647 GPS  -2267820.725  5009367.093  3221041.626
2022  62  30648 GPS  -2267820.611  5009367.063  3221041.508
2022  62  30649 GPS  -2267820.709  5009367.357  3221041.935
2022  62  30650 GPS  -2267820.603  5009367.560  3221042.317
2022  62  30651 GPS  -2267820.237  5009367.685  3221042.630
2022  62  30652 GPS  -2267819.972  5009367.947  3221043.047
2022  62  30653 GPS  -2267820.018  5009368.102  3221043.463
2022  62  30654 GPS  -2267819.856  5009368.183  3221043.615
2022  62  30655 GPS  -2267819.573  5009368.340  3221043.704
2022  62  30656 GPS  -2267819.374  5009368.234  3221043.853
2022  62  30657 GPS  -2267819.288  5009368.391  3221044.325
2022  62  30658 GPS  -2267819.001  5009368.190  3221044.409
2022  62  30659 GPS  -2267818.907  5009367.988  3221044.300
2022  62  30660 GPS  -2267818.523  5009367.808  3221044.188
2022  62  30661 GPS  -2267818.460  5009367.645  3221044.206
2022  62  30662 GPS  -2267818.257  5009367.354  3221043.852
2022  62  30663 GPS  -2267818.206  5009367.328  3221043.801
2022  62  30664 GPS  -2267818.219  5009367.485  3221043.800
2022  62  30665 GPS  -2267818.111  5009367.293  3221043.732
2022  62  30666 GPS  -2267818.342  5009367.326  3221043.723
2022  62  30667 GPS  -2267818.531  5009366.927  3221043.337
2022  62  30668 GPS  -2267818.644  5009366.862  3221043.400
2022  62  30669 GPS  -2267818.536  5009366.445  3221042.986
2022  62  30670 GPS  -2267818.582  5009366.399  3221043.024
2022  62  30671 GPS  -2267818.725  5009366.445  3221043.202
2022  62  30672 GPS  -2267818.480  5009365.848  3221042.746
2022  62  30673 GPS  -2267818.630  5009365.901  3221042.957
2022  62  30674 GPS  -2267818.636  5009365.826  3221043.044
2022  62  30675 GPS  -2267818.889  5009365.812  3221043.092
2022  62  30676 GPS  -2267818.926  5009365.959  3221043.338
2022  62  30677 GPS  -2267819.369  5009366.061  3221043.203
2022  62  30678 GPS  -2267819.400  5009365.770  3221042.820
2022  62  30679 GPS  -2267819.600  5009365.658  3221042.724
2022  62  30680 GPS  -2267819.728  5009365.245  3221042.232
2022  62  30681 GPS  -2267819.734  5009364.669  3221041.848
2022  62  30682 GPS  -2267819.537  5009364.177  3221041.693
2022  62  30683 GPS  -2267819.437  5009363.859  3221041.683
2022  62  30684 GPS  -2267819.499  5009363.345  3221041.339
2022  62  30685 GPS  -2267819.376  5009363.188  3221041.293
2022  62  30686 GPS  -2267819.388  5009362.691  3221040.954
2022  62  30687 GPS  -2267819.270  5009362.300  3221040.663
2022  62  30688 GPS  -2267819.081  5009361.750  3221040.087
2022  62  30689 GPS  -2267819.054  5009361.307  3221039.848
2022  62  30690 GPS  -2267818.998  5009360.917  3221039.573
2022  62  30691 GPS  -2267819.030  5009360.914  3221039.709
2022  62  30692 GPS  -2267819.143  5009360.327  3221038.842
2022  62  30693 GPS  -2267818.965  5009359.681  3221038.348
2022  62  30694 GPS  -2267819.036  5009359.436  3221038.223
2022  62  30695 GPS  -2267818.868  5009358.901  3221037.581
2022  62  30696 GPS  -2267818.835  5009358.858  3221037.280
2022  62  30697 GPS  -2267818.610  5009358.528  3221037.039
2022  62  30698 GPS  -2267818.358  5009357.915  3221036.541
2022  62  30699 GPS  -2267818.202  5009357.634  3221036.170
2022  62  30700 GPS  -2267817.967  5009357.453  3221036.006
2022  62  30701 GPS  -2267817.628  5009357.172  3221035.847
2022  62  30702 GPS  -2267817.176  5009356.907  3221035.542
2022  62  30703 GPS  -2267816.882  5009356.840  3221035.479
2022  62  30704 GPS  -2267816.464  5009356.501  3221035.035
2022  62  30705 GPS  -2267816.015  5009355.876  3221034.418
2022  62  30706 GPS  -2267815.704  5009355.546  3221033.909
2022  62  30707 GPS  -2267815.262  5009355.215  3221033.551
2022  62  30708 GPS  -2267815.127  5009355.276  3221033.311
2022  62  30709 GPS  -2267814.789  5009355.188  3221032.864
2022  62  30710 GPS  -2267814.795  5009355.226  3221032.797
2022  62  30711 GPS  -2267814.571  5009355.048  3221032.613
2022  62  30712 GPS  -2267814.535  5009354.776  3221032.196
2022  62  30713 GPS  -2267814.345  5009354.699  3221031.895
2022  62  30714 GPS  -2267814.099  5009354.785  3221031.822
2022  62  30715 GPS  -2267814.179  5009354.848  3221031.737
2022  62  30716 GPS  -2267814.362  5009355.113  3221031.694
2022  62  30717 GPS  -2267814.358  5009354.963  3221031.219
2022  62  30718 GPS  -2267810.325  5009351.350  3221028.012
2022  62  30719 GPS  -2267810.412  5009351.448  3221027.829
2022  62  30720 GPS  -2267810.531  5009351.481  3221027.641
2022  62  30721 GPS  -2267810.801  5009351.877  3221027.803
2022  62  30722 GPS  -2267810.827  5009352.183  3221027.828
2022  62  30723 GPS  -2267810.769  5009352.275  3221027.749
2022  62  30724 GPS  -2267810.805  5009352.114  3221027.583
2022  62  30725 GPS  -2267810.945  5009352.153  3221027.580
2022  62  30726 GPS  -2267810.967  5009352.202  3221027.577
2022  62  30727 GPS  -2267811.023  5009352.140  3221027.498
2022  62  30728 GPS  -2267811.214  5009352.137  3221027.394
2022  62  30729 GPS  -2267811.297  5009352.065  3221027.288
2022  62  30730 GPS  -2267811.355  5009351.953  3221027.352
2022  62  30731 GPS  -2267811.328  5009352.019  3221027.507
2022  62  30732 GPS  -2267811.444  5009352.254  3221027.869
2022  62  30733 GPS  -2267811.532  5009352.399  3221028.049
2022  62  30734 GPS  -2267811.596  5009352.258  3221027.983
2022  62  30735 GPS  -2267811.755  5009352.203  3221028.026
2022  62  30736 GPS  -2267811.737  5009352.013  3221028.050
2022  62  30737 GPS  -2267811.708  5009351.702  3221028.118
2022  62  30738 GPS  -2267811.823  5009351.344  3221027.901
2022  62  30739 GPS  -2267811.803  5009351.077  3221027.740
2022  62  30740 GPS  -2267811.874  5009350.493  3221027.485
2022  62  30741 GPS  -2267811.758  5009349.852  3221027.066
2022  62  30742 GPS  -2267811.754  5009349.337  3221026.754
2022  62  30743 GPS  -2267811.805  5009348.734  3221026.485
2022  62  30744 GPS  -2267811.822  5009348.355  3221026.143
2022  62  30745 GPS  -2267811.863  5009347.939  3221025.911
2022  62  30746 GPS  -2267811.979  5009347.397  3221025.545
2022  62  30747 GPS  -2267811.979  5009346.662  3221025.016
2022  62  30748 GPS  -2267811.944  5009346.035  3221024.304
2022  62  30749 GPS  -2267811.902  5009345.576  3221023.991
2022  62  30750 GPS  -2267811.871  5009345.022  3221023.516
2022  62  30751 GPS  -2267811.832  5009344.496  3221023.244
2022  62  30752 GPS  -2267811.854  5009344.126  3221022.896
2022  62  30753 GPS  -2267811.959  5009343.894  3221022.638
2022  62  30754 GPS  -2267812.129  5009343.629  3221022.195
2022  62  30755 GPS  -2267812.135  5009343.384  3221021.884
2022  62  30756 GPS  -2267812.272  5009343.030  3221021.497
2022  62  30757 GPS  -2267812.292  5009342.694  3221020.939
2022  62  30758 GPS  -2267812.294  5009342.627  3221020.695
2022  62  30759 GPS  -2267812.351  5009342.583  3221020.528
2022  62  30760 GPS  -2267812.343  5009342.272  3221019.808
2022  62  30761 GPS  -2267812.527  5009342.388  3221019.609
2022  62  30762 GPS  -2267812.517  5009342.251  3221019.243
2022  62  30763 GPS  -2267812.494  5009342.469  3221019.272
2022  62  30764 GPS  -2267812.528  5009342.558  3221019.178
2022  62  30765 GPS  -2267812.467  5009342.640  3221018.989
2022  62  30766 GPS  -2267812.514  5009342.938  3221018.943
2022  62  30767 GPS  -2267812.355  5009342.919  3221018.532
2022  62  30768 GPS  -2267812.394  5009343.318  3221018.600
2022  62  30769 GPS  -2267812.470  5009343.265  3221018.448
2022  62  30770 GPS  -2267812.317  5009343.188  3221018.252
2022  62  30771 GPS  -2267812.245  5009343.429  3221018.219
2022  62  30772 GPS  -2267812.321  5009343.935  3221018.201
2022  62  30773 GPS  -2267812.157  5009343.897  3221017.959
2022  62  30774 GPS  -2267812.342  5009344.382  3221018.043
2022  62  30775 GPS  -2267812.470  5009345.136  3221018.424
2022  62  30776 GPS  -2267812.470  5009345.624  3221018.712
2022  62  30777 GPS  -2267812.548  5009346.253  3221019.109
2022  62  30778 GPS  -2267812.636  5009346.718  3221019.308
2022  62  30779 GPS  -2267812.835  5009347.289  3221019.725
2022  62  30780 GPS  -2267812.907  5009347.674  3221019.843
2022  62  30781 GPS  -2267812.931  5009348.274  3221020.294
2022  62  30782 GPS  -2267813.172  5009348.676  3221020.435
2022  62  30783 GPS  -2267813.351  5009349.221  3221020.943
2022  62  30784 GPS  -2267813.577  5009349.572  3221021.155
2022  62  30785 GPS  -2267813.698  5009349.601  3221021.076
2022  62  30786 GPS  -2267813.929  5009349.877  3221021.241
2022  62  30787 GPS  -2267814.188  5009349.980  3221021.197
2022  62  30788 GPS  -2267814.298  5009349.795  3221020.977
2022  62  30789 GPS  -2267814.416  5009349.799  3221021.151
2022  62  30790 GPS  -2267814.494  5009349.699  3221021.137
2022  62  30791 GPS  -2267814.630  5009349.546  3221020.967
2022  62  30792 GPS  -2267814.786  5009349.205  3221020.524
2022  62  30793 GPS  -2267814.768  5009348.906  3221020.354
2022  62  30794 GPS  -2267814.672  5009348.310  3221019.845
2022  62  30795 GPS  -2267814.419  5009347.446  3221019.029
2022  62  30796 GPS  -2267814.188  5009347.139  3221018.914
2022  62  30797 GPS  -2267814.082  5009346.621  3221018.388
2022  62  30798 GPS  -2267814.099  5009346.172  3221017.984
2022  62  30799 GPS  -2267814.055  5009345.909  3221017.660
2022  62  30800 GPS  -2267813.966  5009345.677  3221017.446
2022  62  30801 GPS  -2267813.783  5009345.131  3221016.969
2022  62  30802 GPS  -2267813.560  5009344.765  3221016.701
2022  62  30803 GPS  -2267813.260  5009344.579  3221016.673
2022  62  30804 GPS  -2267812.914  5009344.805  3221017.218
2022  62  30805 GPS  -2267812.678  5009344.735  3221017.249
2022  62  30806 GPS  -2267812.341  5009344.709  3221017.295
2022  62  30807 GPS  -2267812.145  5009344.746  3221017.364
2022  62  30808 GPS  -2267811.984  5009344.622  3221017.253
2022  62  30809 GPS  -2267811.914  5009344.525  3221017.238
2022  62  30810 GPS  -2267811.614  5009344.208  3221017.258
2022  62  30811 GPS  -2267811.477  5009344.134  3221017.265
2022  62  30812 GPS  -2267811.288  5009343.791  3221017.167
2022  62  30813 GPS  -2267811.026  5009343.909  3221017.219
2022  62  30814 GPS  -2267810.861  5009343.956  3221017.174
2022  62  30815 GPS  -2267810.839  5009344.000  3221017.085
2022  62  30816 GPS  -2267810.689  5009344.178  3221017.138
2022  62  30817 GPS  -2267810.442  5009344.331  3221017.112
2022  62  30818 GPS  -2267810.402  5009345.028  3221017.782
2022  62  30819 GPS  -2267810.617  5009345.686  3221018.473
2022  62  30820 GPS  -2267810.695  5009346.450  3221019.070
2022  62  30821 GPS  -2267810.929  5009347.231  3221019.513
2022  62  30822 GPS  -2267811.190  5009347.947  3221019.841
2022  62  30823 GPS  -2267811.397  5009348.355  3221019.922
2022  62  30824 GPS  -2267811.543  5009348.631  3221019.973
2022  62  30825 GPS  -2267811.555  5009348.970  3221019.894
2022  62  30826 GPS  -2267811.721  5009349.338  3221019.895
2022  62  30827 GPS  -2267811.837  5009349.668  3221019.972
2022  62  30828 GPS  -2267811.793  5009349.957  3221019.961
2022  62  30829 GPS  -2267811.697  5009350.083  3221019.792
2022  62  30830 GPS  -2267811.498  5009350.337  3221019.891
2022  62  30831 GPS  -2267811.231  5009350.318  3221019.596
2022  62  30832 GPS  -2267811.085  5009350.360  3221019.360
2022  62  30833 GPS  -2267810.956  5009350.052  3221018.898
2022  62  30834 GPS  -2267810.890  5009349.854  3221018.579
2022  62  30835 GPS  -2267810.745  5009349.333  3221018.114
2022  62  30836 GPS  -2267810.785  5009348.900  3221017.525
2022  62  30837 GPS  -2267810.621  5009348.616  3221017.158
2022  62  30838 GPS  -2267810.614  5009348.391  3221016.747
2022  62  30839 GPS  -2267810.463  5009347.747  3221016.069
2022  62  30840 GPS  -2267810.362  5009347.503  3221015.779
2022  62  30841 GPS  -2267810.408  5009347.110  3221015.289
2022  62  30842 GPS  -2267810.312  5009346.987  3221015.122
2022  62  30843 GPS  -2267810.222  5009346.822  3221015.108
2022  62  30844 GPS  -2267810.129  5009346.673  3221015.069
2022  62  30845 GPS  -2267810.047  5009346.637  3221015.099
2022  62  30846 GPS  -2267809.931  5009346.299  3221014.950
2022  62  30847 GPS  -2267809.800  5009346.386  3221015.116
2022  62  30848 GPS  -2267809.721  5009346.490  3221015.205
2022  62  30849 GPS  -2267809.569  5009346.315  3221015.160
2022  62  30850 GPS  -2267809.373  5009346.352  3221015.353
2022  62  30851 GPS  -2267809.319  5009346.264  3221015.587
2022  62  30852 GPS  -2267809.071  5009346.020  3221015.527
2022  62  30853 GPS  -2267809.012  5009346.024  3221015.665
2022  62  30854 GPS  -2267808.880  5009346.135  3221015.912
2022  62  30855 GPS  -2267808.742  5009346.303  3221016.369
2022  62  30856 GPS  -2267808.692  5009346.304  3221016.288
2022  62  30857 GPS  -2267808.638  5009346.398  3221016.344
2022  62  30858 GPS  -2267808.537  5009346.243  3221016.110
2022  62  30859 GPS  -2267808.518  5009346.470  3221016.414
2022  62  30860 GPS  -2267808.314  5009346.602  3221016.612
2022  62  30861 GPS  -2267808.196  5009346.700  3221016.835
2022  62  30862 GPS  -2267808.023  5009346.736  3221016.930
2022  62  30863 GPS  -2267807.764  5009346.656  3221017.057
2022  62  30864 GPS  -2267807.563  5009346.400  3221017.055
2022  62  30865 GPS  -2267807.497  5009346.076  3221017.091
2022  62  30866 GPS  -2267807.594  5009346.145  3221017.409
2022  62  30867 GPS  -2267807.365  5009345.731  3221017.486
2022  62  30868 GPS  -2267807.159  5009345.632  3221017.621
2022  62  30869 GPS  -2267807.046  5009345.553  3221017.852
2022  62  30870 GPS  -2267806.929  5009345.538  3221018.123
2022  62  30871 GPS  -2267806.708  5009345.401  3221018.190
2022  62  30872 GPS  -2267806.469  5009345.273  3221018.301
2022  62  30873 GPS  -2267806.287  5009345.137  3221018.375
2022  62  30874 GPS  -2267806.036  5009345.020  3221018.566
2022  62  30875 GPS  -2267805.686  5009344.901  3221018.729
2022  62  30876 GPS  -2267805.546  5009345.218  3221019.308
2022  62  30877 GPS  -2267805.386  5009344.856  3221019.089
2022  62  30878 GPS  -2267805.169  5009345.030  3221019.407
2022  62  30879 GPS  -2267805.017  5009344.879  3221019.491
2022  62  30880 GPS  -2267804.798  5009344.406  3221019.241
2022  62  30881 GPS  -2267804.752  5009344.053  3221019.136
2022  62  30882 GPS  -2267804.700  5009343.551  3221018.764
2022  62  30883 GPS  -2267804.617  5009343.205  3221018.533
2022  62  30884 GPS  -2267804.542  5009342.830  3221018.320
2022  62  30885 GPS  -2267804.565  5009342.528  3221018.126
2022  62  30886 GPS  -2267804.814  5009342.614  3221018.344
2022  62  30887 GPS  -2267804.933  5009342.659  3221018.385
2022  62  30888 GPS  -2267804.971  5009342.760  3221018.572
2022  62  30889 GPS  -2267804.940  5009342.512  3221018.512
2022  62  30890 GPS  -2267804.937  5009342.775  3221018.737
2022  62  30891 GPS  -2267805.128  5009342.808  3221018.639
2022  62  30892 GPS  -2267805.224  5009343.126  3221018.890
2022  62  30893 GPS  -2267805.380  5009343.472  3221019.114
2022  62  30894 GPS  -2267805.479  5009343.697  3221019.363
2022  62  30895 GPS  -2267805.654  5009343.813  3221019.563
2022  62  30896 GPS  -2267805.984  5009344.486  3221019.886
2022  62  30897 GPS  -2267806.355  5009344.668  3221019.943
2022  62  30898 GPS  -2267806.787  5009345.072  3221020.239
2022  62  30899 GPS  -2267807.020  5009345.513  3221020.751
2022  62  30900 GPS  -2267807.176  5009346.070  3221021.428
2022  62  30901 GPS  -2267807.359  5009346.874  3221022.025
2022  62  30902 GPS  -2267807.567  5009347.075  3221022.060
2022  62  30903 GPS  -2267807.661  5009347.467  3221022.225
2022  62  30904 GPS  -2267807.612  5009347.979  3221022.525
2022  62  30905 GPS  -2267807.583  5009347.982  3221022.498
2022  62  30906 GPS  -2267807.664  5009348.221  3221022.714
2022  62  30907 GPS  -2267807.916  5009348.690  3221023.250
2022  62  30908 GPS  -2267807.996  5009348.909  3221023.420
2022  62  30909 GPS  -2267808.136  5009348.875  3221023.324
2022  62  30910 GPS  -2267808.171  5009348.582  3221023.333
2022  62  30911 GPS  -2267808.298  5009348.462  3221023.173
2022  62  30912 GPS  -2267808.474  5009348.866  3221023.500
2022  62  30913 GPS  -2267808.852  5009348.947  3221023.711
2022  62  30914 GPS  -2267809.194  5009349.365  3221024.106
2022  62  30915 GPS  -2267809.469  5009349.657  3221024.129
2022  62  30916 GPS  -2267809.753  5009350.076  3221024.724
2022  62  30917 GPS  -2267810.026  5009350.532  3221025.141
2022  62  30918 GPS  -2267810.249  5009350.873  3221025.449
2022  62  30919 GPS  -2267810.493  5009351.398  3221025.881
2022  62  30920 GPS  -2267810.507  5009351.941  3221026.451
2022  62  30921 GPS  -2267810.620  5009352.210  3221026.608
2022  62  30922 GPS  -2267810.847  5009352.796  3221026.985
2022  62  30923 GPS  -2267810.960  5009352.886  3221026.921
2022  62  30924 GPS  -2267811.156  5009353.575  3221027.456
2022  62  30925 GPS  -2267811.223  5009354.014  3221027.797
2022  62  30926 GPS  -2267811.407  5009354.439  3221028.101
2022  62  30927 GPS  -2267811.512  5009354.876  3221028.508
2022  62  30928 GPS  -2267811.736  5009355.197  3221028.645
2022  62  30929 GPS  -2267811.912  5009355.638  3221029.035
2022  62  30930 GPS  -2267812.040  5009355.777  3221028.975
2022  62  30931 GPS  -2267812.199  5009355.705  3221028.563
2022  62  30932 GPS  -2267812.268  5009355.621  3221028.625
2022  62  30933 GPS  -2267812.390  5009355.824  3221028.607
2022  62  30934 GPS  -2267812.506  5009356.113  3221028.912
2022  62  30935 GPS  -2267812.534  5009355.948  3221028.854
2022  62  30936 GPS  -2267812.617  5009356.003  3221028.802
2022  62  30937 GPS  -2267812.378  5009355.844  3221028.526
2022  62  30938 GPS  -2267812.238  5009355.797  3221028.432
2022  62  30939 GPS  -2267812.223  5009355.820  3221028.368
2022  62  30940 GPS  -2267812.237  5009355.723  3221028.315
2022  62  30941 GPS  -2267812.370  5009355.878  3221028.599
2022  62  30942 GPS  -2267812.440  5009356.195  3221028.849
2022  62  30943 GPS  -2267812.683  5009356.377  3221028.870
2022  62  30944 GPS  -2267812.772  5009356.590  3221029.164
2022  62  30945 GPS  -2267812.827  5009356.443  3221029.101
2022  62  30946 GPS  -2267812.690  5009356.498  3221029.162
2022  62  30947 GPS  -2267812.660  5009356.616  3221029.277
2022  62  30948 GPS  -2267812.585  5009356.567  3221029.297
2022  62  30949 GPS  -2267812.434  5009356.399  3221029.271
2022  62  30950 GPS  -2267812.394  5009356.434  3221029.215
2022  62  30951 GPS  -2267812.412  5009356.588  3221029.619
2022  62  30952 GPS  -2267812.633  5009356.983  3221030.002
2022  62  30953 GPS  -2267812.736  5009357.103  3221030.209
2022  62  30954 GPS  -2267812.906  5009357.070  3221030.151
2022  62  30955 GPS  -2267812.958  5009357.201  3221030.307
2022  62  30956 GPS  -2267813.236  5009357.591  3221030.768
2022  62  30957 GPS  -2267813.559  5009357.968  3221031.240
2022  62  30958 GPS  -2267813.712  5009358.550  3221031.878
2022  62  30959 GPS  -2267814.023  5009359.140  3221032.286
2022  62  30960 GPS  -2267814.271  5009359.567  3221032.781
2022  62  30961 GPS  -2267814.411  5009359.858  3221032.964
2022  62  30962 GPS  -2267814.577  5009360.313  3221033.133
2022  62  30963 GPS  -2267814.865  5009360.844  3221033.356
2022  62  30964 GPS  -2267815.021  5009360.946  3221033.165
2022  62  30965 GPS  -2267815.390  5009361.397  3221033.280
2022  62  30966 GPS  -2267815.572  5009361.565  3221033.054
2022  62  30967 GPS  -2267815.552  5009361.815  3221033.119
2022  62  30968 GPS  -2267815.645  5009362.021  3221033.042
2022  62  30969 GPS  -2267815.807  5009362.482  3221033.026
2022  62  30970 GPS  -2267816.003  5009362.940  3221033.215
2022  62  30971 GPS  -2267816.218  5009363.321  3221033.507
2022  62  30972 GPS  -2267816.273  5009363.551  3221033.539
2022  62  30973 GPS  -2267816.175  5009363.482  3221033.588
2022  62  30974 GPS  -2267816.027  5009363.701  3221033.810
2022  62  30975 GPS  -2267815.999  5009363.799  3221033.733
2022  62  30976 GPS  -2267815.942  5009363.629  3221033.652
2022  62  30977 GPS  -2267815.987  5009363.712  3221033.664
2022  62  30978 GPS  -2267815.872  5009363.415  3221033.343
2022  62  30979 GPS  -2267815.882  5009363.104  3221033.105
2022  62  30980 GPS  -2267815.794  5009363.035  3221033.046
2022  62  30981 GPS  -2267815.760  5009362.613  3221032.705
2022  62  30982 GPS  -2267815.771  5009362.301  3221032.629
2022  62  30983 GPS  -2267815.727  5009362.247  3221032.588
2022  62  30984 GPS  -2267815.745  5009362.036  3221032.496
2022  62  30985 GPS  -2267815.864  5009361.607  3221032.004
2022  62  30986 GPS  -2267815.778  5009361.704  3221032.286
2022  62  30987 GPS  -2267815.669  5009361.624  3221032.412
2022  62  30988 GPS  -2267815.704  5009361.934  3221032.804
2022  62  30989 GPS  -2267815.709  5009361.618  3221032.626
2022  62  30990 GPS  -2267815.597  5009361.235  3221032.439
2022  62  30991 GPS  -2267815.466  5009360.588  3221032.115
2022  62  30992 GPS  -2267815.357  5009360.353  3221032.048
2022  62  30993 GPS  -2267815.120  5009359.898  3221031.880
2022  62  30994 GPS  -2267814.874  5009359.451  3221031.551
2022  62  30995 GPS  -2267814.604  5009359.056  3221031.222
2022  62  30996 GPS  -2267814.591  5009358.909  3221031.196
2022  62  30997 GPS  -2267814.243  5009358.399  3221031.070
2022  62  30998 GPS  -2267814.068  5009357.977  3221030.838
2022  62  30999 GPS  -2267814.118  5009358.047  3221031.006
2022  62  31000 GPS  -2267813.921  5009357.907  3221031.024
2022  62  31001 GPS  -2267813.762  5009357.860  3221031.101
2022  62  31002 GPS  -2267813.593  5009357.493  3221030.932
2022  62  31003 GPS  -2267813.245  5009357.226  3221031.008
2022  62  31004 GPS  -2267813.035  5009356.847  3221030.696
2022  62  31005 GPS  -2267812.885  5009356.870  3221030.945
2022  62  31006 GPS  -2267812.848  5009356.515  3221030.754
2022  62  31007 GPS  -2267812.761  5009356.397  3221030.601
2022  62  31008 GPS  -2267812.731  5009356.234  3221030.487
2022  62  31009 GPS  -2267812.735  5009355.973  3221030.398
2022  62  31010 GPS  -2267812.669  5009355.702  3221030.171
2022  62  31011 GPS  -2267812.666  5009355.420  3221030.266
2022  62  31012 GPS  -2267812.718  5009355.565  3221030.440
2022  62  31013 GPS  -2267812.766  5009355.504  3221030.585
2022  62  31014 GPS  -2267812.814  5009355.506  3221030.898
2022  62  31015 GPS  -2267812.891  5009355.768  3221031.416
2022  62  31016 GPS  -2267812.993  5009355.926  3221031.724
2022  62  31017 GPS  -2267812.987  5009356.029  3221031.981
2022  62  31018 GPS  -2267812.909  5009355.962  3221032.178
2022  62  31019 GPS  -2267812.913  5009356.235  3221032.448
2022  62  31020 GPS  -2267812.761  5009356.105  3221032.512
2022  62  31021 GPS  -2267812.847  5009355.903  3221032.588
2022  62  31022 GPS  -2267812.827  5009356.138  3221033.175
2022  62  31023 GPS  -2267812.520  5009356.227  3221033.665
2022  62  31024 GPS  -2267812.328  5009356.076  3221033.746
2022  62  31025 GPS  -2267812.310  5009356.064  3221033.996
2022  62  31026 GPS  -2267812.150  5009356.372  3221034.780
2022  62  31027 GPS  -2267812.022  5009356.150  3221034.834
2022  62  31028 GPS  -2267811.820  5009355.921  3221034.946
2022  62  31029 GPS  -2267811.738  5009355.875  3221035.235
2022  62  31030 GPS  -2267811.578  5009355.857  3221035.361
2022  62  31031 GPS  -2267811.454  5009355.645  3221035.271
2022  62  31032 GPS  -2267811.557  5009355.509  3221035.110
2022  62  31033 GPS  -2267811.456  5009355.602  3221035.309
2022  62  31034 GPS  -2267811.417  5009355.713  3221035.427
2022  62  31035 GPS  -2267811.163  5009355.784  3221035.656
2022  62  31036 GPS  -2267810.973  5009355.544  3221035.771
2022  62  31037 GPS  -2267810.794  5009355.260  3221035.661
2022  62  31038 GPS  -2267810.697  5009355.429  3221035.943
2022  62  31039 GPS  -2267810.614  5009355.322  3221035.927
2022  62  31040 GPS  -2267810.463  5009355.165  3221035.982
2022  62  31041 GPS  -2267810.425  5009355.136  3221036.061
2022  62  31042 GPS  -2267810.309  5009355.050  3221036.194
2022  62  31043 GPS  -2267810.287  5009355.388  3221036.544
2022  62  31044 GPS  -2267810.045  5009355.214  3221036.437
2022  62  31045 GPS  -2267810.387  5009355.949  3221037.102
2022  62  31046 GPS  -2267810.541  5009356.084  3221037.355
2022  62  31047 GPS  -2267810.695  5009356.099  3221037.371
2022  62  31048 GPS  -2267810.947  5009356.134  3221037.293
2022  62  31049 GPS  -2267810.874  5009356.238  3221037.327
2022  62  31050 GPS  -2267810.884  5009356.378  3221037.487
2022  62  31051 GPS  -2267810.894  5009356.412  3221037.555
2022  62  31052 GPS  -2267811.013  5009356.724  3221037.720
2022  62  31053 GPS  -2267811.223  5009356.950  3221037.817
2022  62  31054 GPS  -2267811.408  5009357.587  3221038.231
2022  62  31055 GPS  -2267811.312  5009357.550  3221038.172
2022  62  31056 GPS  -2267811.225  5009358.059  3221038.763
2022  62  31057 GPS  -2267811.144  5009358.313  3221038.724
2022  62  31058 GPS  -2267811.060  5009358.583  3221038.857
2022  62  31059 GPS  -2267811.178  5009359.059  3221039.282
2022  62  31060 GPS  -2267811.295  5009359.175  3221039.349
2022  62  31061 GPS  -2267810.891  5009358.517  3221038.739
2022  62  31062 GPS  -2267811.347  5009359.278  3221039.203
2022  62  31063 GPS  -2267811.294  5009359.380  3221038.941
2022  62  31064 GPS  -2267810.942  5009359.095  3221038.571
2022  62  31065 GPS  -2267811.338  5009360.006  3221039.264
2022  62  31066 GPS  -2267811.450  5009360.441  3221039.598
2022  62  31067 GPS  -2267811.431  5009360.950  3221039.782
2022  62  31068 GPS  -2267811.446  5009361.637  3221039.912
2022  62  31069 GPS  -2267811.410  5009361.938  3221039.999
2022  62  31070 GPS  -2267811.436  5009362.462  3221040.184
2022  62  31071 GPS  -2267811.576  5009363.029  3221040.469
2022  62  31072 GPS  -2267811.595  5009363.423  3221040.571
2022  62  31073 GPS  -2267810.719  5009362.514  3221039.751
2022  62  31074 GPS  -2267811.314  5009363.770  3221040.590
2022  62  31075 GPS  -2267811.177  5009364.171  3221040.668
2022  62  31076 GPS  -2267811.230  5009364.722  3221040.901
2022  62  31077 GPS  -2267811.217  5009364.984  3221040.785
2022  62  31078 GPS  -2267811.275  5009365.273  3221040.639
2022  62  31079 GPS  -2267810.764  5009364.739  3221040.061
2022  62  31080 GPS  -2267811.262  5009365.732  3221040.771
2022  62  31081 GPS  -2267811.442  5009365.918  3221040.763
2022  62  31082 GPS  -2267811.537  5009365.894  3221040.815
2022  62  31083 GPS  -2267811.490  5009366.014  3221040.940
2022  62  31084 GPS  -2267811.765  5009366.107  3221041.150
2022  62  31085 GPS  -2267811.774  5009366.508  3221041.489
2022  62  31086 GPS  -2267811.805  5009366.521  3221041.707
2022  62  31087 GPS  -2267812.000  5009366.465  3221041.535
2022  62  31088 GPS  -2267812.150  5009366.744  3221041.713
2022  62  31089 GPS  -2267811.318  5009365.182  3221040.564
2022  62  31090 GPS  -2267812.418  5009366.502  3221041.577
2022  62  31091 GPS  -2267812.608  5009366.709  3221041.665
2022  62  31092 GPS  -2267812.397  5009365.801  3221040.938
2022  62  31093 GPS  -2267813.065  5009366.401  3221041.445
2022  62  31094 GPS  -2267813.206  5009366.411  3221041.379
2022  62  31095 GPS  -2267813.163  5009366.258  3221041.405
2022  62  31096 GPS  -2267813.208  5009366.383  3221041.575
2022  62  31097 GPS  -2267813.052  5009366.386  3221041.593
2022  62  31098 GPS  -2267813.063  5009366.342  3221041.514
2022  62  31099 GPS  -2267813.126  5009366.204  3221041.197
2022  62  31100 GPS  -2267813.179  5009365.938  3221040.790
2022  62  31101 GPS  -2267813.185  5009365.408  3221040.455
2022  62  31102 GPS  -2267813.181  5009365.268  3221040.284
2022  62  31103 GPS  -2267813.082  5009364.736  3221039.750
2022  62  31104 GPS  -2267813.140  5009364.591  3221039.544
2022  62  31105 GPS  -2267812.922  5009364.418  3221039.469
2022  62  31106 GPS  -2267812.860  5009364.326  3221039.135
2022  62  31107 GPS  -2267812.602  5009364.006  3221038.669
2022  62  31108 GPS  -2267812.404  5009363.780  3221038.365
2022  62  31109 GPS  -2267811.656  5009363.036  3221037.852
2022  62  31110 GPS  -2267811.984  5009363.976  3221038.416
2022  62  31111 GPS  -2267811.223  5009363.107  3221037.615
2022  62  31112 GPS  -2267811.126  5009363.489  3221037.916
2022  62  31113 GPS  -2267811.955  5009365.120  3221039.309
2022  62  31114 GPS  -2267811.826  5009365.187  3221039.358
2022  62  31115 GPS  -2267811.008  5009364.115  3221038.631
2022  62  31116 GPS  -2267811.873  5009365.717  3221039.748
2022  62  31117 GPS  -2267811.953  5009366.166  3221040.115
2022  62  31118 GPS  -2267812.024  5009366.210  3221040.023
2022  62  31119 GPS  -2267812.028  5009366.218  3221039.761
2022  62  31120 GPS  -2267811.936  5009365.732  3221039.195
2022  62  31121 GPS  -2267811.945  5009365.641  3221038.921
2022  62  31122 GPS  -2267812.127  5009365.593  3221038.729
2022  62  31123 GPS  -2267812.234  5009365.577  3221038.671
2022  62  31124 GPS  -2267812.462  5009365.510  3221038.467
2022  62  31125 GPS  -2267812.569  5009365.745  3221038.712
2022  62  31126 GPS  -2267812.701  5009365.680  3221038.765
2022  62  31127 GPS  -2267812.801  5009365.956  3221039.095
2022  62  31128 GPS  -2267812.915  5009366.438  3221039.691
2022  62  31129 GPS  -2267813.100  5009366.804  3221040.098
2022  62  31130 GPS  -2267813.159  5009367.213  3221040.561
2022  62  31131 GPS  -2267813.155  5009367.260  3221040.593
2022  62  31132 GPS  -2267812.542  5009366.234  3221039.856
2022  62  31133 GPS  -2267812.530  5009365.986  3221039.806
2022  62  31134 GPS  -2267813.681  5009367.456  3221041.000
2022  62  31135 GPS  -2267813.820  5009367.368  3221041.268
2022  62  31136 GPS  -2267813.845  5009367.465  3221041.522
2022  62  31137 GPS  -2267813.923  5009367.674  3221041.817
2022  62  31138 GPS  -2267813.913  5009367.579  3221041.956
2022  62  31139 GPS  -2267813.685  5009367.353  3221042.164
2022  62  31140 GPS  -2267812.629  5009365.587  3221041.182
2022  62  31141 GPS  -2267812.694  5009365.625  3221041.626
2022  62  31142 GPS  -2267813.666  5009366.965  3221042.877
2022  62  31143 GPS  -2267813.467  5009366.790  3221042.971
2022  62  31144 GPS  -2267813.273  5009366.707  3221043.030
2022  62  31145 GPS  -2267813.025  5009366.712  3221043.121
2022  62  31146 GPS  -2267812.734  5009366.471  3221043.049
2022  62  31147 GPS  -2267812.549  5009366.177  3221042.834
2022  62  31148 GPS  -2267812.468  5009365.994  3221042.739
2022  62  31149 GPS  -2267812.286  5009365.883  3221042.809
2022  62  31150 GPS  -2267811.978  5009365.330  3221042.526
2022  62  31151 GPS  -2267811.173  5009364.023  3221041.737
2022  62  31152 GPS  -2267811.400  5009364.352  3221042.065
2022  62  31153 GPS  -2267810.589  5009363.083  3221041.106
2022  62  31154 GPS  -2267810.849  5009363.509  3221041.472
2022  62  31155 GPS  -2267810.626  5009363.321  3221041.383
2022  62  31156 GPS  -2267810.511  5009363.347  3221041.392
2022  62  31157 GPS  -2267810.335  5009363.354  3221041.295
2022  62  31158 GPS  -2267810.142  5009363.203  3221041.172
2022  62  31159 GPS  -2267809.169  5009362.000  3221040.244
2022  62  31160 GPS  -2267809.057  5009361.449  3221039.759
2022  62  31161 GPS  -2267809.741  5009362.305  3221040.286
2022  62  31162 GPS  -2267809.728  5009362.179  3221039.935
2022  62  31163 GPS  -2267809.758  5009361.796  3221039.601
2022  62  31164 GPS  -2267809.918  5009363.813  3221040.248
2022  62  31165 GPS  -2267809.679  5009361.185  3221038.937
2022  62  31166 GPS  -2267809.663  5009361.560  3221039.437
2022  62  31167 GPS  -2267809.758  5009361.852  3221039.703
2022  62  31168 GPS  -2267809.669  5009361.755  3221039.647
2022  62  31169 GPS  -2267809.554  5009361.818  3221039.778
2022  62  31170 GPS  -2267809.526  5009361.691  3221039.737
2022  62  31171 GPS  -2267809.589  5009363.543  3221040.638
2022  62  31172 GPS  -2267808.894  5009360.460  3221039.197
2022  62  31173 GPS  -2267809.257  5009360.764  3221039.651
2022  62  31174 GPS  -2267809.330  5009360.038  3221039.205
2022  62  31175 GPS  -2267809.428  5009359.399  3221038.889
2022  62  31176 GPS  -2267809.736  5009361.357  3221039.949
2022  62  31177 GPS  -2267809.705  5009360.150  3221039.321
2022  62  31178 GPS  -2267809.782  5009358.184  3221038.456
2022  62  31179 GPS  -2267810.126  5009357.404  3221037.959
2022  62  31180 GPS  -2267810.451  5009357.215  3221037.850
2022  62  31181 GPS  -2267810.494  5009356.661  3221037.360
2022  62  31182 GPS  -2267810.467  5009356.316  3221037.227
2022  62  31183 GPS  -2267810.526  5009355.975  3221037.135
2022  62  31184 GPS  -2267810.548  5009355.659  3221036.950
2022  62  31185 GPS  -2267809.975  5009354.639  3221036.107
2022  62  31186 GPS  -2267810.573  5009355.625  3221036.730
2022  62  31187 GPS  -2267810.703  5009355.688  3221036.849
2022  62  31188 GPS  -2267810.829  5009355.751  3221037.148
2022  62  31189 GPS  -2267810.575  5009357.856  3221037.793
2022  62  31190 GPS  -2267810.904  5009355.568  3221036.952
2022  62  31191 GPS  -2267810.563  5009355.086  3221036.715
2022  62  31192 GPS  -2267811.176  5009355.955  3221037.047
2022  62  31193 GPS  -2267810.864  5009355.625  3221037.057
2022  62  31194 GPS  -2267810.795  5009355.513  3221037.308
2022  62  31195 GPS  -2267810.740  5009355.415  3221037.231
2022  62  31196 GPS  -2267810.265  5009355.490  3221037.126
2022  62  31197 GPS  -2267810.276  5009355.355  3221037.422
2022  62  31198 GPS  -2267810.052  5009354.620  3221037.188
2022  62  31199 GPS  -2267809.966  5009354.644  3221037.193
2022  62  31200 GPS  -2267809.879  5009354.581  3221037.180
2022  62  31201 GPS  -2267809.826  5009354.546  3221036.984
2022  62  31202 GPS  -2267809.763  5009354.513  3221036.806
2022  62  31203 GPS  -2267809.553  5009354.266  3221036.625
2022  62  31204 GPS  -2267809.595  5009354.028  3221036.427
2022  62  31205 GPS  -2267809.624  5009353.941  3221036.436
2022  62  31206 GPS  -2267808.834  5009352.586  3221035.406
2022  62  31207 GPS  -2267809.663  5009355.329  3221037.109
2022  62  31208 GPS  -2267809.381  5009353.371  3221036.121
2022  62  31209 GPS  -2267808.737  5009352.188  3221035.297
2022  62  31210 GPS  -2267808.725  5009352.538  3221035.545
2022  62  31211 GPS  -2267809.309  5009353.794  3221036.287
2022  62  31212 GPS  -2267809.044  5009353.567  3221036.055
2022  62  31213 GPS  -2267808.872  5009353.995  3221036.562
2022  62  31214 GPS  -2267808.878  5009354.495  3221036.932
2022  62  31215 GPS  -2267808.716  5009354.117  3221036.443
2022  62  31216 GPS  -2267807.986  5009353.367  3221035.829
2022  62  31217 GPS  -2267808.315  5009354.329  3221036.565
2022  62  31218 GPS  -2267808.203  5009354.458  3221036.569
2022  62  31219 GPS  -2267807.599  5009353.506  3221035.863
2022  62  31220 GPS  -2267808.042  5009354.444  3221036.526
2022  62  31221 GPS  -2267808.037  5009354.997  3221036.882
2022  62  31222 GPS  -2267808.021  5009355.139  3221037.256
2022  62  31223 GPS  -2267808.040  5009355.283  3221037.476
2022  62  31224 GPS  -2267807.827  5009354.990  3221037.212
2022  62  31225 GPS  -2267807.676  5009354.846  3221037.118
2022  62  31226 GPS  -2267807.668  5009355.528  3221037.421
2022  62  31227 GPS  -2267807.471  5009354.714  3221037.035
2022  62  31228 GPS  -2267807.335  5009354.413  3221036.886
2022  62  31229 GPS  -2267807.398  5009354.425  3221036.785
2022  62  31230 GPS  -2267807.360  5009354.123  3221036.465
2022  62  31231 GPS  -2267806.776  5009352.989  3221035.706
2022  62  31232 GPS  -2267807.292  5009353.474  3221035.959
2022  62  31233 GPS  -2267807.213  5009352.977  3221035.380
2022  62  31234 GPS  -2267807.137  5009352.422  3221035.043
2022  62  31235 GPS  -2267807.325  5009352.428  3221034.733
2022  62  31236 GPS  -2267807.039  5009351.904  3221034.259
2022  62  31237 GPS  -2267807.326  5009351.832  3221034.206
2022  62  31238 GPS  -2267807.371  5009351.607  3221034.123
2022  62  31239 GPS  -2267807.254  5009351.109  3221033.711
2022  62  31240 GPS  -2267807.720  5009351.628  3221034.179
2022  62  31241 GPS  -2267808.076  5009352.081  3221034.538
2022  62  31242 GPS  -2267808.148  5009351.851  3221034.496
2022  62  31243 GPS  -2267808.576  5009351.835  3221034.502
2022  62  31244 GPS  -2267808.986  5009352.930  3221035.179
2022  62  31245 GPS  -2267809.122  5009352.260  3221035.082
2022  62  31246 GPS  -2267809.401  5009352.325  3221035.158
2022  62  31247 GPS  -2267809.557  5009352.200  3221035.137
2022  62  31248 GPS  -2267809.784  5009352.124  3221035.285
2022  62  31249 GPS  -2267808.946  5009350.695  3221034.270
2022  62  31250 GPS  -2267810.213  5009352.581  3221035.679
2022  62  31251 GPS  -2267810.349  5009352.984  3221036.367
2022  62  31252 GPS  -2267810.106  5009352.544  3221036.221
2022  62  31253 GPS  -2267810.125  5009352.544  3221036.466
2022  62  31254 GPS  -2267810.025  5009352.667  3221036.805
2022  62  31255 GPS  -2267810.535  5009354.094  3221037.915
2022  62  31256 GPS  -2267810.641  5009354.676  3221038.510
2022  62  31257 GPS  -2267810.070  5009353.853  3221037.942
2022  62  31258 GPS  -2267810.687  5009355.490  3221039.135
2022  62  31259 GPS  -2267809.912  5009354.610  3221038.675
2022  62  31260 GPS  -2267809.773  5009354.977  3221039.072
2022  62  31261 GPS  -2267809.841  5009355.336  3221039.549
2022  62  31262 GPS  -2267809.810  5009355.776  3221039.932
2022  62  31263 GPS  -2267810.355  5009357.181  3221041.035
2022  62  31264 GPS  -2267810.319  5009357.453  3221041.142
2022  62  31265 GPS  -2267809.808  5009356.761  3221040.836
2022  62  31266 GPS  -2267810.255  5009357.793  3221041.462
2022  62  31267 GPS  -2267810.249  5009358.155  3221041.785
2022  62  31268 GPS  -2267810.300  5009358.679  3221042.247
2022  62  31269 GPS  -2267810.462  5009359.396  3221042.767
2022  62  31270 GPS  -2267809.651  5009358.709  3221042.498
2022  62  31271 GPS  -2267810.447  5009360.549  3221043.982
2022  62  31272 GPS  -2267809.604  5009359.627  3221043.523
2022  62  31273 GPS  -2267809.578  5009360.210  3221044.142
2022  62  31274 GPS  -2267810.285  5009361.751  3221045.303
2022  62  31275 GPS  -2267810.184  5009361.905  3221045.565
2022  62  31276 GPS  -2267809.365  5009360.278  3221044.713
2022  62  31277 GPS  -2267810.286  5009361.365  3221045.685
2022  62  31278 GPS  -2267809.414  5009360.003  3221045.035
2022  62  31279 GPS  -2267810.412  5009361.305  3221046.337
2022  62  31280 GPS  -2267810.524  5009360.892  3221046.118
2022  62  31281 GPS  -2267809.659  5009359.045  3221045.067
2022  62  31282 GPS  -2267809.676  5009358.513  3221044.780
2022  62  31283 GPS  -2267810.459  5009359.620  3221045.704
2022  62  31284 GPS  -2267810.389  5009359.249  3221045.622
2022  62  31285 GPS  -2267810.423  5009358.830  3221045.499
2022  62  31286 GPS  -2267809.526  5009357.014  3221044.223
2022  62  31287 GPS  -2267810.700  5009358.605  3221045.432
2022  62  31288 GPS  -2267809.616  5009356.729  3221044.196
2022  62  31289 GPS  -2267809.678  5009356.479  3221044.025
2022  62  31290 GPS  -2267810.654  5009357.873  3221045.201
2022  62  31291 GPS  -2267809.261  5009355.293  3221043.594
2022  62  31292 GPS  -2267809.173  5009354.942  3221043.418
2022  62  31293 GPS  -2267808.920  5009354.334  3221043.152
2022  62  31294 GPS  -2267808.745  5009353.755  3221042.843
2022  62  31295 GPS  -2267808.586  5009353.343  3221042.785
2022  62  31296 GPS  -2267808.220  5009352.909  3221042.731
2022  62  31297 GPS  -2267807.968  5009352.624  3221042.750
2022  62  31298 GPS  -2267807.996  5009352.390  3221042.853
2022  62  31299 GPS  -2267807.825  5009352.293  3221042.888
2022  62  31300 GPS  -2267807.726  5009352.028  3221042.870
2022  62  31301 GPS  -2267807.591  5009351.777  3221042.737
2022  62  31302 GPS  -2267807.552  5009351.628  3221042.638
2022  62  31303 GPS  -2267807.595  5009351.632  3221042.657
2022  62  31304 GPS  -2267807.745  5009351.610  3221042.547
2022  62  31305 GPS  -2267807.900  5009351.378  3221042.293
2022  62  31306 GPS  -2267808.087  5009351.297  3221042.221
2022  62  31307 GPS  -2267808.160  5009351.240  3221042.221
2022  62  31308 GPS  -2267808.217  5009351.467  3221042.111
2022  62  31309 GPS  -2267808.242  5009351.786  3221042.326
2022  62  31310 GPS  -2267808.532  5009352.157  3221042.350
2022  62  31311 GPS  -2267808.693  5009352.463  3221042.505
2022  62  31312 GPS  -2267808.897  5009352.435  3221042.250
2022  62  31313 GPS  -2267809.023  5009352.736  3221042.480
2022  62  31314 GPS  -2267809.027  5009352.679  3221042.406
2022  62  31315 GPS  -2267809.140  5009352.848  3221042.421
2022  62  31316 GPS  -2267809.132  5009352.672  3221042.256
2022  62  31317 GPS  -2267809.285  5009352.573  3221042.036
2022  62  31318 GPS  -2267809.522  5009352.220  3221041.734
2022  62  31319 GPS  -2267809.749  5009352.128  3221041.588
2022  62  31320 GPS  -2267809.833  5009352.148  3221041.529
2022  62  31321 GPS  -2267810.042  5009354.818  3221042.572
2022  62  31322 GPS  -2267809.783  5009351.473  3221041.160
2022  62  31323 GPS  -2267809.502  5009350.854  3221040.947
2022  62  31324 GPS  -2267809.302  5009350.616  3221041.051
2022  62  31325 GPS  -2267809.048  5009350.318  3221040.773
2022  62  31326 GPS  -2267808.947  5009350.001  3221040.443
2022  62  31327 GPS  -2267808.905  5009349.660  3221040.431
2022  62  31328 GPS  -2267808.709  5009349.363  3221040.200
2022  62  31329 GPS  -2267808.365  5009349.020  3221039.951
2022  62  31330 GPS  -2267808.267  5009348.784  3221039.765
2022  62  31331 GPS  -2267808.159  5009348.369  3221039.490
2022  62  31332 GPS  -2267808.124  5009348.077  3221039.321
2022  62  31333 GPS  -2267808.082  5009347.670  3221038.980
2022  62  31334 GPS  -2267808.137  5009347.335  3221038.610
2022  62  31335 GPS  -2267808.093  5009347.129  3221038.506
2022  62  31336 GPS  -2267808.112  5009347.035  3221038.415
2022  62  31337 GPS  -2267808.005  5009346.477  3221038.047
2022  62  31338 GPS  -2267808.018  5009346.221  3221037.932
2022  62  31339 GPS  -2267807.979  5009346.052  3221037.779
2022  62  31340 GPS  -2267807.869  5009345.856  3221037.657
2022  62  31341 GPS  -2267807.840  5009345.373  3221037.194
2022  62  31342 GPS  -2267807.877  5009345.133  3221037.041
2022  62  31343 GPS  -2267807.610  5009344.640  3221036.812
2022  62  31344 GPS  -2267807.546  5009344.499  3221036.712
2022  62  31345 GPS  -2267807.544  5009344.268  3221036.532
2022  62  31346 GPS  -2267807.277  5009343.787  3221036.243
2022  62  31347 GPS  -2267806.894  5009343.239  3221035.605
2022  62  31348 GPS  -2267806.661  5009342.560  3221035.192
2022  62  31349 GPS  -2267806.398  5009341.904  3221034.807
2022  62  31350 GPS  -2267806.202  5009341.579  3221034.635
2022  62  31351 GPS  -2267806.168  5009341.419  3221034.685
2022  62  31352 GPS  -2267805.972  5009341.108  3221034.519
2022  62  31353 GPS  -2267805.599  5009340.782  3221034.166
2022  62  31354 GPS  -2267805.299  5009340.328  3221033.839
2022  62  31355 GPS  -2267804.936  5009340.000  3221033.688
2022  62  31356 GPS  -2267804.903  5009339.666  3221033.183
2022  62  31357 GPS  -2267804.626  5009339.069  3221032.630
2022  62  31358 GPS  -2267804.514  5009338.819  3221032.442
2022  62  31359 GPS  -2267804.294  5009338.195  3221031.816
2022  62  31360 GPS  -2267804.133  5009337.593  3221031.430
2022  62  31361 GPS  -2267804.106  5009337.292  3221031.075
2022  62  31362 GPS  -2267804.187  5009336.752  3221030.620
2022  62  31363 GPS  -2267803.982  5009335.748  3221029.784
2022  62  31364 GPS  -2267803.657  5009335.139  3221029.427
2022  62  31365 GPS  -2267803.533  5009334.521  3221028.845
2022  62  31366 GPS  -2267803.481  5009333.974  3221028.508
2022  62  31367 GPS  -2267803.250  5009333.577  3221028.583
2022  62  31368 GPS  -2267803.385  5009333.385  3221028.717
2022  62  31369 GPS  -2267803.257  5009332.814  3221028.543
2022  62  31370 GPS  -2267803.153  5009331.965  3221028.062
2022  62  31371 GPS  -2267803.018  5009331.363  3221027.659
2022  62  31372 GPS  -2267802.866  5009330.798  3221027.256
2022  62  31373 GPS  -2267802.683  5009330.415  3221027.161
2022  62  31374 GPS  -2267802.438  5009329.769  3221026.797
2022  62  31375 GPS  -2267802.377  5009329.238  3221026.513
2022  62  31376 GPS  -2267802.396  5009328.783  3221026.085
2022  62  31377 GPS  -2267802.372  5009328.375  3221025.705
2022  62  31378 GPS  -2267802.380  5009327.793  3221025.346
2022  62  31379 GPS  -2267802.360  5009327.566  3221025.287
2022  62  31380 GPS  -2267802.363  5009327.181  3221024.908
2022  62  31381 GPS  -2267802.480  5009327.052  3221024.901
2022  62  31382 GPS  -2267802.567  5009327.150  3221025.010
2022  62  31383 GPS  -2267802.827  5009327.373  3221025.227
2022  62  31384 GPS  -2267802.875  5009327.260  3221024.994
2022  62  31385 GPS  -2267803.092  5009327.628  3221025.221
2022  62  31386 GPS  -2267803.260  5009327.680  3221025.156
2022  62  31387 GPS  -2267803.481  5009328.126  3221025.609
2022  62  31388 GPS  -2267803.580  5009328.376  3221025.832
2022  62  31389 GPS  -2267803.671  5009328.743  3221026.028
2022  62  31390 GPS  -2267803.826  5009328.853  3221026.066
2022  62  31391 GPS  -2267804.116  5009329.125  3221026.199
2022  62  31392 GPS  -2267804.436  5009329.503  3221026.231
2022  62  31393 GPS  -2267804.666  5009329.486  3221025.992
2022  62  31394 GPS  -2267804.774  5009329.533  3221025.795
2022  62  31395 GPS  -2267805.181  5009329.538  3221025.346
2022  62  31396 GPS  -2267805.541  5009329.760  3221025.182
2022  62  31397 GPS  -2267805.621  5009329.732  3221024.916
2022  62  31398 GPS  -2267805.784  5009329.685  3221024.267
2022  62  31399 GPS  -2267805.877  5009329.509  3221023.650
2022  62  31400 GPS  -2267806.098  5009329.697  3221023.302
2022  62  31401 GPS  -2267806.196  5009329.609  3221022.922
2022  62  31402 GPS  -2267806.321  5009329.693  3221022.573
2022  62  31403 GPS  -2267806.422  5009329.737  3221022.256
2022  62  31404 GPS  -2267806.672  5009330.255  3221022.217
2022  62  31405 GPS  -2267806.629  5009330.308  3221021.866
2022  62  31406 GPS  -2267806.731  5009330.330  3221021.659
2022  62  31407 GPS  -2267806.842  5009330.458  3221021.379
2022  62  31408 GPS  -2267807.048  5009330.487  3221021.250
2022  62  31409 GPS  -2267807.174  5009330.415  3221021.026
2022  62  31410 GPS  -2267807.370  5009330.308  3221020.796
2022  62  31411 GPS  -2267807.666  5009330.417  3221020.712
2022  62  31412 GPS  -2267807.877  5009330.516  3221020.723
2022  62  31413 GPS  -2267807.924  5009330.404  3221020.696
2022  62  31414 GPS  -2267808.101  5009330.690  3221020.936
2022  62  31415 GPS  -2267808.301  5009330.891  3221021.189
2022  62  31416 GPS  -2267808.368  5009330.673  3221020.851
2022  62  31417 GPS  -2267808.486  5009330.894  3221020.877
2022  62  31418 GPS  -2267808.742  5009331.006  3221020.869
2022  62  31419 GPS  -2267808.878  5009330.767  3221020.439
2022  62  31420 GPS  -2267809.065  5009330.330  3221019.981
2022  62  31421 GPS  -2267809.206  5009330.310  3221019.947
2022  62  31422 GPS  -2267809.299  5009330.686  3221020.270
2022  62  31423 GPS  -2267809.636  5009330.667  3221020.208
2022  62  31424 GPS  -2267810.008  5009330.982  3221020.377
2022  62  31425 GPS  -2267810.189  5009330.999  3221020.528
2022  62  31426 GPS  -2267810.357  5009331.001  3221020.532
2022  62  31427 GPS  -2267810.496  5009331.146  3221020.767
2022  62  31428 GPS  -2267810.622  5009331.254  3221020.796
2022  62  31429 GPS  -2267810.713  5009331.212  3221020.937
2022  62  31430 GPS  -2267810.866  5009331.143  3221020.839
2022  62  31431 GPS  -2267810.855  5009331.202  3221020.959
2022  62  31432 GPS  -2267811.120  5009331.720  3221021.317
2022  62  31433 GPS  -2267811.135  5009331.688  3221021.323
2022  62  31434 GPS  -2267810.933  5009331.635  3221021.251
2022  62  31435 GPS  -2267810.928  5009331.420  3221021.160
2022  62  31436 GPS  -2267810.917  5009331.579  3221021.125
2022  62  31437 GPS  -2267810.817  5009331.174  3221020.656
2022  62  31438 GPS  -2267810.993  5009331.145  3221020.556
2022  62  31439 GPS  -2267811.048  5009330.895  3221020.375
2022  62  31440 GPS  -2267811.146  5009330.525  3221020.036
2022  62  31441 GPS  -2267811.160  5009330.081  3221019.557
2022  62  31442 GPS  -2267811.038  5009329.342  3221019.136
2022  62  31443 GPS  -2267811.006  5009328.933  3221018.896
2022  62  31444 GPS  -2267810.961  5009328.742  3221018.696
2022  62  31445 GPS  -2267810.979  5009328.574  3221018.467
2022  62  31446 GPS  -2267810.782  5009328.272  3221018.257
2022  62  31447 GPS  -2267810.786  5009328.106  3221018.064
2022  62  31448 GPS  -2267810.588  5009327.919  3221018.029
2022  62  31449 GPS  -2267810.580  5009327.948  3221017.895
2022  62  31450 GPS  -2267810.472  5009327.651  3221017.565
2022  62  31451 GPS  -2267810.482  5009327.609  3221017.475
2022  62  31452 GPS  -2267810.609  5009327.652  3221017.363
2022  62  31453 GPS  -2267810.562  5009327.561  3221017.028
2022  62  31454 GPS  -2267810.471  5009327.672  3221017.026
2022  62  31455 GPS  -2267810.245  5009327.715  3221016.884
2022  62  31456 GPS  -2267810.294  5009327.883  3221016.818
2022  62  31457 GPS  -2267810.242  5009327.916  3221016.702
2022  62  31458 GPS  -2267810.167  5009328.055  3221016.823
2022  62  31459 GPS  -2267810.168  5009328.368  3221017.015
2022  62  31460 GPS  -2267810.216  5009328.607  3221016.901
2022  62  31461 GPS  -2267810.174  5009329.030  3221017.191
2022  62  31462 GPS  -2267810.145  5009329.059  3221017.201
2022  62  31463 GPS  -2267810.198  5009329.286  3221017.073
2022  62  31464 GPS  -2267810.187  5009329.367  3221017.060
2022  62  31465 GPS  -2267810.161  5009329.121  3221016.881
2022  62  31466 GPS  -2267810.077  5009329.260  3221016.872
2022  62  31467 GPS  -2267810.112  5009329.474  3221017.040
2022  62  31468 GPS  -2267810.182  5009329.603  3221017.117
2022  62  31469 GPS  -2267810.224  5009329.406  3221017.057
2022  62  31470 GPS  -2267810.347  5009329.468  3221017.161
2022  62  31471 GPS  -2267810.445  5009329.610  3221017.456
2022  62  31472 GPS  -2267810.414  5009329.436  3221017.351
2022  62  31473 GPS  -2267811.473  5009330.743  3221018.184
2022  62  31474 GPS  -2267811.632  5009331.021  3221018.366
2022  62  31475 GPS  -2267811.017  5009330.079  3221017.843
2022  62  31476 GPS  -2267811.175  5009330.448  3221018.071
2022  62  31477 GPS  -2267811.470  5009331.032  3221018.301
2022  62  31478 GPS  -2267811.869  5009331.817  3221018.636
2022  62  31479 GPS  -2267812.128  5009332.364  3221018.915
2022  62  31480 GPS  -2267812.232  5009332.627  3221019.187
2022  62  31481 GPS  -2267812.429  5009333.208  3221019.659
2022  62  31482 GPS  -2267812.701  5009333.829  3221020.326
2022  62  31483 GPS  -2267813.021  5009334.413  3221020.894
2022  62  31484 GPS  -2267813.238  5009334.792  3221021.006
2022  62  31485 GPS  -2267813.459  5009335.465  3221021.525
2022  62  31486 GPS  -2267813.746  5009336.019  3221021.889
2022  62  31487 GPS  -2267814.011  5009336.362  3221022.244
2022  62  31488 GPS  -2267814.133  5009336.880  3221022.623
2022  62  31489 GPS  -2267814.082  5009337.298  3221023.099
2022  62  31490 GPS  -2267814.050  5009337.458  3221023.227
2022  62  31491 GPS  -2267814.092  5009337.642  3221023.364
2022  62  31492 GPS  -2267814.049  5009337.926  3221023.718
2022  62  31493 GPS  -2267813.889  5009337.913  3221023.819
2022  62  31494 GPS  -2267813.858  5009338.223  3221024.058
2022  62  31495 GPS  -2267813.702  5009338.198  3221023.997
2022  62  31496 GPS  -2267813.501  5009338.026  3221023.885
2022  62  31497 GPS  -2267813.441  5009338.401  3221024.167
2022  62  31498 GPS  -2267813.306  5009338.609  3221024.193
2022  62  31499 GPS  -2267813.102  5009338.925  3221024.458
2022  62  31500 GPS  -2267812.692  5009338.935  3221024.605
2022  62  31501 GPS  -2267812.390  5009338.924  3221024.666
2022  62  31502 GPS  -2267812.153  5009338.693  3221024.593
2022  62  31503 GPS  -2267811.722  5009338.281  3221024.465
2022  62  31504 GPS  -2267811.250  5009337.999  3221024.517
2022  62  31505 GPS  -2267811.029  5009337.879  3221024.412
2022  62  31506 GPS  -2267810.931  5009337.783  3221024.241
2022  62  31507 GPS  -2267810.631  5009337.208  3221023.672
2022  62  31508 GPS  -2267810.438  5009336.831  3221023.021
2022  62  31509 GPS  -2267810.326  5009336.842  3221023.160
2022  62  31510 GPS  -2267810.167  5009336.494  3221022.609
2022  62  31511 GPS  -2267810.089  5009336.315  3221022.296
2022  62  31512 GPS  -2267810.022  5009336.163  3221021.873
2022  62  31513 GPS  -2267809.797  5009336.059  3221021.935
2022  62  31514 GPS  -2267809.779  5009335.916  3221021.643
2022  62  31515 GPS  -2267809.810  5009335.874  3221021.381
2022  62  31516 GPS  -2267809.763  5009336.185  3221021.452
2022  62  31517 GPS  -2267809.601  5009335.910  3221021.357
2022  62  31518 GPS  -2267809.560  5009335.977  3221021.254
2022  62  31519 GPS  -2267809.573  5009336.110  3221021.213
2022  62  31520 GPS  -2267809.583  5009336.320  3221021.438
2022  62  31521 GPS  -2267809.566  5009336.693  3221021.679
2022  62  31522 GPS  -2267809.346  5009336.780  3221021.580
2022  62  31523 GPS  -2267809.130  5009336.891  3221021.377
2022  62  31524 GPS  -2267809.026  5009337.058  3221021.300
2022  62  31525 GPS  -2267809.024  5009337.546  3221021.387
2022  62  31526 GPS  -2267808.978  5009337.425  3221021.297
2022  62  31527 GPS  -2267808.906  5009337.476  3221021.049
2022  62  31528 GPS  -2267808.893  5009337.588  3221021.053
2022  62  31529 GPS  -2267808.824  5009337.427  3221020.712
2022  62  31530 GPS  -2267808.759  5009337.517  3221020.571
2022  62  31531 GPS  -2267808.659  5009337.213  3221020.203
2022  62  31532 GPS  -2267808.598  5009336.906  3221019.843
2022  62  31533 GPS  -2267808.580  5009336.855  3221019.717
2022  62  31534 GPS  -2267808.681  5009337.310  3221020.218
2022  62  31535 GPS  -2267808.922  5009337.548  3221020.274
2022  62  31536 GPS  -2267809.122  5009337.805  3221020.527
2022  62  31537 GPS  -2267809.413  5009338.355  3221020.838
2022  62  31538 GPS  -2267809.708  5009339.134  3221021.442
2022  62  31539 GPS  -2267809.848  5009339.396  3221021.500
2022  62  31540 GPS  -2267810.119  5009340.055  3221021.764
2022  62  31541 GPS  -2267810.387  5009340.518  3221021.823
2022  62  31542 GPS  -2267810.923  5009341.277  3221022.343
2022  62  31543 GPS  -2267811.234  5009341.953  3221022.845
2022  62  31544 GPS  -2267811.698  5009342.696  3221023.236
2022  62  31545 GPS  -2267811.940  5009343.276  3221023.659
2022  62  31546 GPS  -2267812.303  5009343.958  3221024.167
2022  62  31547 GPS  -2267812.656  5009344.836  3221024.897
2022  62  31548 GPS  -2267812.973  5009345.426  3221025.406
2022  62  31549 GPS  -2267813.303  5009346.198  3221025.844
2022  62  31550 GPS  -2267813.445  5009346.755  3221026.296
2022  62  31551 GPS  -2267813.645  5009347.339  3221026.650
2022  62  31552 GPS  -2267813.770  5009347.696  3221026.794
2022  62  31553 GPS  -2267814.160  5009348.529  3221027.601
2022  62  31554 GPS  -2267813.940  5009348.538  3221027.633
2022  62  31555 GPS  -2267814.082  5009348.967  3221027.976
2022  62  31556 GPS  -2267813.959  5009348.987  3221028.257
2022  62  31557 GPS  -2267813.808  5009349.006  3221028.361
2022  62  31558 GPS  -2267813.531  5009348.961  3221028.503
2022  62  31559 GPS  -2267813.076  5009348.758  3221028.644
2022  62  31560 GPS  -2267813.001  5009348.751  3221028.808
2022  62  31561 GPS  -2267812.703  5009348.905  3221029.078
2022  62  31562 GPS  -2267812.385  5009349.150  3221029.262
2022  62  31563 GPS  -2267811.972  5009349.049  3221029.273
2022  62  31564 GPS  -2267811.612  5009348.864  3221029.227
2022  62  31565 GPS  -2267811.604  5009349.035  3221029.493
2022  62  31566 GPS  -2267811.213  5009348.764  3221029.461
2022  62  31567 GPS  -2267811.013  5009348.709  3221029.540
2022  62  31568 GPS  -2267810.868  5009348.895  3221029.734
2022  62  31569 GPS  -2267810.590  5009349.158  3221029.906
2022  62  31570 GPS  -2267810.390  5009349.266  3221029.960
2022  62  31571 GPS  -2267810.375  5009349.540  3221030.043
2022  62  31572 GPS  -2267810.318  5009350.204  3221030.483
2022  62  31573 GPS  -2267810.222  5009350.060  3221030.374
2022  62  31574 GPS  -2267810.126  5009350.230  3221030.659
2022  62  31575 GPS  -2267810.152  5009350.695  3221031.014
2022  62  31576 GPS  -2267810.236  5009351.086  3221031.250
2022  62  31577 GPS  -2267810.039  5009351.350  3221031.351
2022  62  31578 GPS  -2267809.972  5009351.865  3221031.815
2022  62  31579 GPS  -2267810.079  5009352.300  3221032.200
2022  62  31580 GPS  -2267810.009  5009352.507  3221032.302
2022  62  31581 GPS  -2267809.951  5009352.516  3221032.164
2022  62  31582 GPS  -2267809.806  5009352.498  3221032.120
2022  62  31583 GPS  -2267809.779  5009351.934  3221031.690
2022  62  31584 GPS  -2267809.717  5009351.846  3221031.585
2022  62  31585 GPS  -2267809.823  5009351.677  3221031.509
2022  62  31586 GPS  -2267809.725  5009351.019  3221031.257
2022  62  31587 GPS  -2267809.700  5009350.555  3221030.989
2022  62  31588 GPS  -2267809.663  5009350.180  3221030.864
2022  62  31589 GPS  -2267809.776  5009349.904  3221030.802
2022  62  31590 GPS  -2267809.898  5009349.945  3221030.873
2022  62  31591 GPS  -2267809.815  5009349.720  3221030.816
2022  62  31592 GPS  -2267809.823  5009349.751  3221030.885
2022  62  31593 GPS  -2267809.776  5009350.127  3221031.164
2022  62  31594 GPS  -2267809.926  5009350.375  3221031.324
2022  62  31595 GPS  -2267809.832  5009350.355  3221031.378
2022  62  31596 GPS  -2267809.863  5009350.623  3221031.566
2022  62  31597 GPS  -2267809.939  5009350.953  3221031.717
2022  62  31598 GPS  -2267809.650  5009350.672  3221031.323
2022  62  31599 GPS  -2267809.628  5009350.698  3221031.174
2022  62  31600 GPS  -2267809.625  5009350.953  3221031.175
2022  62  31601 GPS  -2267809.679  5009351.401  3221031.237
2022  62  31602 GPS  -2267809.539  5009351.387  3221031.275
2022  62  31603 GPS  -2267809.457  5009351.280  3221031.178
2022  62  31604 GPS  -2267809.127  5009351.378  3221031.205
2022  62  31605 GPS  -2267808.977  5009351.638  3221031.540
2022  62  31606 GPS  -2267808.892  5009352.226  3221031.991
2022  62  31607 GPS  -2267808.683  5009352.643  3221032.229
2022  62  31608 GPS  -2267808.265  5009352.460  3221032.135
2022  62  31609 GPS  -2267808.020  5009353.072  3221032.564
2022  62  31610 GPS  -2267807.766  5009352.991  3221032.599
2022  62  31611 GPS  -2267807.489  5009353.109  3221032.679
2022  62  31612 GPS  -2267807.307  5009353.368  3221032.930
2022  62  31613 GPS  -2267807.225  5009354.017  3221033.388
2022  62  31614 GPS  -2267807.021  5009354.236  3221033.597
2022  62  31615 GPS  -2267806.711  5009353.993  3221033.451
2022  62  31616 GPS  -2267806.599  5009354.283  3221033.861
2022  62  31617 GPS  -2267806.288  5009354.278  3221034.032
2022  62  31618 GPS  -2267806.076  5009354.596  3221034.480
2022  62  31619 GPS  -2267805.949  5009354.698  3221034.567
2022  62  31620 GPS  -2267805.885  5009354.966  3221034.917
2022  62  31621 GPS  -2267805.653  5009354.826  3221034.853
2022  62  31622 GPS  -2267805.452  5009354.701  3221034.688
2022  62  31623 GPS  -2267805.213  5009354.795  3221034.939
2022  62  31624 GPS  -2267805.181  5009354.980  3221035.169
2022  62  31625 GPS  -2267804.944  5009355.058  3221035.406
2022  62  31626 GPS  -2267804.870  5009355.574  3221036.156
2022  62  31627 GPS  -2267804.970  5009356.281  3221036.868
2022  62  31628 GPS  -2267804.963  5009356.487  3221037.220
2022  62  31629 GPS  -2267805.097  5009356.570  3221037.334
2022  62  31630 GPS  -2267805.246  5009356.652  3221037.205
2022  62  31631 GPS  -2267805.298  5009357.016  3221037.327
2022  62  31632 GPS  -2267805.351  5009356.764  3221037.161
2022  62  31633 GPS  -2267805.566  5009356.798  3221037.070
2022  62  31634 GPS  -2267805.810  5009356.842  3221037.110
2022  62  31635 GPS  -2267805.864  5009356.770  3221037.044
2022  62  31636 GPS  -2267805.866  5009356.447  3221036.667
2022  62  31637 GPS  -2267805.941  5009356.477  3221036.677
2022  62  31638 GPS  -2267805.967  5009355.963  3221036.413
2022  62  31639 GPS  -2267805.903  5009355.811  3221036.467
2022  62  31640 GPS  -2267805.724  5009355.499  3221036.287
2022  62  31641 GPS  -2267805.750  5009355.273  3221036.150
2022  62  31642 GPS  -2267805.775  5009355.025  3221035.853
2022  62  31643 GPS  -2267805.940  5009354.537  3221035.472
2022  62  31644 GPS  -2267805.999  5009354.035  3221034.998
2022  62  31645 GPS  -2267806.259  5009353.999  3221034.991
2022  62  31646 GPS  -2267806.475  5009353.644  3221034.453
2022  62  31647 GPS  -2267806.768  5009353.803  3221034.524
2022  62  31648 GPS  -2267806.776  5009353.302  3221033.994
2022  62  31649 GPS  -2267806.922  5009353.010  3221033.602
2022  62  31650 GPS  -2267807.130  5009352.757  3221033.463
2022  62  31651 GPS  -2267807.135  5009352.543  3221033.298
2022  62  31652 GPS  -2267807.271  5009352.517  3221033.130
2022  62  31653 GPS  -2267807.473  5009352.793  3221033.234
2022  62  31654 GPS  -2267807.615  5009352.479  3221033.033
2022  62  31655 GPS  -2267807.760  5009352.465  3221032.796
2022  62  31656 GPS  -2267807.741  5009352.459  3221032.859
2022  62  31657 GPS  -2267807.874  5009352.578  3221032.695
2022  62  31658 GPS  -2267807.715  5009352.289  3221032.500
2022  62  31659 GPS  -2267807.641  5009352.253  3221032.318
2022  62  31660 GPS  -2267807.419  5009352.209  3221032.137
2022  62  31661 GPS  -2267807.312  5009352.100  3221031.941
2022  62  31662 GPS  -2267807.443  5009352.518  3221032.246
2022  62  31663 GPS  -2267807.845  5009353.181  3221032.474
2022  62  31664 GPS  -2267808.014  5009353.367  3221032.343
2022  62  31665 GPS  -2267808.074  5009353.507  3221032.158
2022  62  31666 GPS  -2267808.149  5009354.181  3221032.621
2022  62  31667 GPS  -2267808.485  5009354.853  3221032.762
2022  62  31668 GPS  -2267808.540  5009354.997  3221032.812
2022  62  31669 GPS  -2267808.501  5009354.689  3221032.317
2022  62  31670 GPS  -2267808.553  5009354.570  3221031.874
2022  62  31671 GPS  -2267808.586  5009354.798  3221031.964
2022  62  31672 GPS  -2267808.515  5009354.835  3221031.990
2022  62  31673 GPS  -2267808.404  5009354.722  3221031.868
2022  62  31674 GPS  -2267808.545  5009354.735  3221031.820
2022  62  31675 GPS  -2267808.788  5009354.633  3221031.769
2022  62  31676 GPS  -2267808.763  5009354.456  3221031.485
2022  62  31677 GPS  -2267808.932  5009353.961  3221030.886
2022  62  31678 GPS  -2267809.103  5009353.844  3221030.571
2022  62  31679 GPS  -2267809.119  5009353.473  3221030.184
2022  62  31680 GPS  -2267809.357  5009353.333  3221029.962
2022  62  31681 GPS  -2267809.410  5009353.209  3221029.834
2022  62  31682 GPS  -2267809.334  5009353.042  3221029.690
2022  62  31683 GPS  -2267809.452  5009352.754  3221029.361
2022  62  31684 GPS  -2267809.532  5009352.769  3221029.513
2022  62  31685 GPS  -2267809.754  5009353.125  3221029.546
2022  62  31686 GPS  -2267809.904  5009353.364  3221029.589
2022  62  31687 GPS  -2267810.069  5009353.799  3221029.667
2022  62  31688 GPS  -2267810.185  5009353.813  3221029.679
2022  62  31689 GPS  -2267810.377  5009354.275  3221029.978
2022  62  31690 GPS  -2267810.660  5009354.628  3221030.256
2022  62  31691 GPS  -2267810.938  5009355.625  3221030.856
2022  62  31692 GPS  -2267811.245  5009356.441  3221031.282
2022  62  31693 GPS  -2267811.555  5009357.163  3221031.833
2022  62  31694 GPS  -2267811.783  5009357.562  3221032.040
2022  62  31695 GPS  -2267811.903  5009357.815  3221032.259
2022  62  31696 GPS  -2267812.117  5009357.971  3221032.195
2022  62  31697 GPS  -2267812.346  5009358.265  3221032.407
2022  62  31698 GPS  -2267812.296  5009358.482  3221032.514
2022  62  31699 GPS  -2267812.352  5009358.651  3221032.594
2022  62  31700 GPS  -2267812.666  5009359.044  3221032.856
2022  62  31701 GPS  -2267812.636  5009358.930  3221032.678
2022  62  31702 GPS  -2267812.472  5009358.741  3221032.596
2022  62  31703 GPS  -2267812.737  5009358.850  3221032.738
2022  62  31704 GPS  -2267812.948  5009359.108  3221032.837
2022  62  31705 GPS  -2267812.991  5009359.071  3221032.918
2022  62  31706 GPS  -2267812.998  5009358.766  3221032.507
2022  62  31707 GPS  -2267812.859  5009358.623  3221032.268
2022  62  31708 GPS  -2267812.818  5009358.490  3221032.275
2022  62  31709 GPS  -2267812.679  5009358.367  3221032.123
2022  62  31710 GPS  -2267812.649  5009357.972  3221031.963
2022  62  31711 GPS  -2267812.610  5009357.859  3221031.947
2022  62  31712 GPS  -2267812.635  5009357.565  3221031.732
2022  62  31713 GPS  -2267812.505  5009357.315  3221031.740
2022  62  31714 GPS  -2267812.634  5009357.252  3221031.798
2022  62  31715 GPS  -2267812.700  5009356.971  3221031.545
2022  62  31716 GPS  -2267812.681  5009356.725  3221031.493
2022  62  31717 GPS  -2267812.778  5009356.631  3221031.300
2022  62  31718 GPS  -2267812.962  5009356.271  3221030.874
2022  62  31719 GPS  -2267812.885  5009356.209  3221030.753
2022  62  31720 GPS  -2267812.799  5009355.922  3221030.678
2022  62  31721 GPS  -2267812.787  5009355.502  3221030.534
2022  62  31722 GPS  -2267812.736  5009355.329  3221030.390
2022  62  31723 GPS  -2267812.613  5009355.049  3221030.073
2022  62  31724 GPS  -2267812.539  5009354.880  3221030.147
2022  62  31725 GPS  -2267812.249  5009354.110  3221030.005
2022  62  31726 GPS  -2267812.244  5009353.869  3221029.917
2022  62  31727 GPS  -2267811.937  5009353.172  3221029.673
2022  62  31728 GPS  -2267811.913  5009352.448  3221029.171
2022  62  31729 GPS  -2267811.713  5009351.959  3221029.031
2022  62  31730 GPS  -2267811.508  5009351.421  3221028.766
2022  62  31731 GPS  -2267811.476  5009350.629  3221028.156
2022  62  31732 GPS  -2267811.350  5009349.767  3221027.605
2022  62  31733 GPS  -2267811.324  5009349.080  3221027.148
2022  62  31734 GPS  -2267811.429  5009348.399  3221026.665
2022  62  31735 GPS  -2267811.344  5009347.513  3221026.024
2022  62  31736 GPS  -2267811.266  5009346.570  3221025.474
2022  62  31737 GPS  -2267811.333  5009345.632  3221024.865
2022  62  31738 GPS  -2267811.344  5009344.775  3221024.242
2022  62  31739 GPS  -2267811.262  5009344.571  3221024.247
2022  62  31740 GPS  -2267811.177  5009343.870  3221023.738
2022  62  31741 GPS  -2267811.111  5009343.302  3221023.425
2022  62  31742 GPS  -2267811.027  5009342.991  3221023.168
2022  62  31743 GPS  -2267811.059  5009342.435  3221022.740
2022  62  31744 GPS  -2267811.292  5009342.161  3221022.415
2022  62  31745 GPS  -2267811.476  5009342.161  3221022.305
2022  62  31746 GPS  -2267811.576  5009341.904  3221022.157
2022  62  31747 GPS  -2267811.613  5009341.678  3221022.004
2022  62  31748 GPS  -2267811.775  5009341.514  3221021.728
2022  62  31749 GPS  -2267811.813  5009341.039  3221021.333
2022  62  31750 GPS  -2267811.903  5009340.456  3221020.889
2022  62  31751 GPS  -2267812.067  5009339.930  3221020.480
2022  62  31752 GPS  -2267812.132  5009339.255  3221019.839
2022  62  31753 GPS  -2267812.347  5009338.853  3221019.414
2022  62  31754 GPS  -2267812.515  5009338.299  3221018.698
2022  62  31755 GPS  -2267812.664  5009338.312  3221018.573
2022  62  31756 GPS  -2267812.732  5009337.812  3221017.959
2022  62  31757 GPS  -2267812.785  5009337.212  3221017.519
2022  62  31758 GPS  -2267813.053  5009336.574  3221016.786
2022  62  31759 GPS  -2267813.036  5009336.075  3221016.203
2022  62  31760 GPS  -2267813.077  5009335.802  3221016.033
2022  62  31761 GPS  -2267813.269  5009335.305  3221015.540
2022  62  31762 GPS  -2267813.295  5009334.779  3221015.115
2022  62  31763 GPS  -2267813.246  5009334.247  3221014.821
2022  62  31764 GPS  -2267813.224  5009334.032  3221014.686
2022  62  31765 GPS  -2267813.216  5009333.706  3221014.574
2022  62  31766 GPS  -2267813.139  5009333.317  3221014.253
2022  62  31767 GPS  -2267813.196  5009333.281  3221014.376
2022  62  31768 GPS  -2267813.221  5009333.236  3221014.467
2022  62  31769 GPS  -2267813.322  5009333.105  3221014.558
2022  62  31770 GPS  -2267813.391  5009333.058  3221014.722
2022  62  31771 GPS  -2267813.609  5009333.062  3221014.845
2022  62  31772 GPS  -2267813.766  5009332.618  3221014.521
2022  62  31773 GPS  -2267813.871  5009332.062  3221014.181
2022  62  31774 GPS  -2267813.992  5009331.537  3221013.839
2022  62  31775 GPS  -2267814.135  5009331.126  3221013.726
2022  62  31776 GPS  -2267814.058  5009330.768  3221013.598
2022  62  31777 GPS  -2267814.249  5009330.483  3221013.437
2022  62  31778 GPS  -2267814.482  5009330.432  3221013.380
2022  62  31779 GPS  -2267814.765  5009330.575  3221013.595
2022  62  31780 GPS  -2267815.006  5009330.975  3221014.210
2022  62  31781 GPS  -2267815.230  5009331.098  3221014.634
2022  62  31782 GPS  -2267815.380  5009331.056  3221014.818
2022  62  31783 GPS  -2267815.418  5009331.080  3221015.068
2022  62  31784 GPS  -2267815.497  5009331.502  3221015.429
2022  62  31785 GPS  -2267815.676  5009332.056  3221015.792
2022  62  31786 GPS  -2267815.759  5009332.518  3221016.026
2022  62  31787 GPS  -2267815.839  5009333.242  3221016.772
2022  62  31788 GPS  -2267816.047  5009333.900  3221017.270
2022  62  31789 GPS  -2267816.198  5009334.468  3221017.725
2022  62  31790 GPS  -2267816.379  5009334.943  3221018.041
2022  62  31791 GPS  -2267816.497  5009335.655  3221018.670
2022  62  31792 GPS  -2267816.556  5009335.843  3221018.699
2022  62  31793 GPS  -2267816.732  5009336.414  3221019.085
2022  62  31794 GPS  -2267816.751  5009336.772  3221019.406
2022  62  31795 GPS  -2267816.761  5009337.262  3221019.903
2022  62  31796 GPS  -2267816.668  5009337.459  3221020.134
2022  62  31797 GPS  -2267816.718  5009337.774  3221020.328
2022  62  31798 GPS  -2267816.631  5009338.058  3221020.622
2022  62  31799 GPS  -2267816.628  5009338.409  3221020.783
2022  62  31800 GPS  -2267816.749  5009338.488  3221020.693
2022  62  31801 GPS  -2267816.705  5009338.531  3221020.624
2022  62  31802 GPS  -2267816.685  5009338.547  3221020.431
2022  62  31803 GPS  -2267816.689  5009338.552  3221020.202
2022  62  31804 GPS  -2267816.723  5009338.936  3221020.408
2022  62  31805 GPS  -2267816.625  5009338.536  3221019.840
2022  62  31806 GPS  -2267816.767  5009338.419  3221019.477
2022  62  31807 GPS  -2267817.002  5009338.329  3221019.120
2022  62  31808 GPS  -2267817.063  5009338.091  3221018.489
2022  62  31809 GPS  -2267817.032  5009338.142  3221018.172
2022  62  31810 GPS  -2267816.820  5009337.751  3221017.765
2022  62  31811 GPS  -2267816.997  5009337.864  3221017.482
2022  62  31812 GPS  -2267817.141  5009338.208  3221017.357
2022  62  31813 GPS  -2267817.251  5009338.196  3221017.014
2022  62  31814 GPS  -2267817.292  5009338.280  3221016.699
2022  62  31815 GPS  -2267817.371  5009338.703  3221016.765
2022  62  31816 GPS  -2267817.196  5009338.798  3221016.636
2022  62  31817 GPS  -2267817.311  5009339.058  3221016.591
2022  62  31818 GPS  -2267817.337  5009339.124  3221016.423
2022  62  31819 GPS  -2267817.242  5009338.947  3221015.957
2022  62  31820 GPS  -2267817.132  5009338.645  3221015.681
2022  62  31821 GPS  -2267817.014  5009338.556  3221015.687
2022  62  31822 GPS  -2267816.654  5009337.948  3221015.268
2022  62  31823 GPS  -2267816.382  5009337.628  3221014.889
2022  62  31824 GPS  -2267816.132  5009337.717  3221014.932
2022  62  31825 GPS  -2267815.941  5009337.799  3221014.981
2022  62  31826 GPS  -2267815.870  5009337.643  3221014.716
2022  62  31827 GPS  -2267815.699  5009337.642  3221014.852
2022  62  31828 GPS  -2267815.357  5009337.403  3221014.564
2022  62  31829 GPS  -2267814.964  5009336.774  3221014.052
2022  62  31830 GPS  -2267814.825  5009336.617  3221013.768
2022  62  31831 GPS  -2267814.733  5009336.500  3221013.800
2022  62  31832 GPS  -2267814.537  5009336.487  3221013.548
2022  62  31833 GPS  -2267814.472  5009336.727  3221013.589
2022  62  31834 GPS  -2267814.394  5009336.623  3221013.587
2022  62  31835 GPS  -2267814.289  5009336.238  3221013.202
2022  62  31836 GPS  -2267814.003  5009335.910  3221012.843
2022  62  31837 GPS  -2267813.843  5009335.760  3221012.591
2022  62  31838 GPS  -2267813.685  5009335.301  3221012.219
2022  62  31839 GPS  -2267813.744  5009335.495  3221012.271
2022  62  31840 GPS  -2267813.506  5009335.460  3221012.169
2022  62  31841 GPS  -2267813.377  5009335.480  3221011.990
2022  62  31842 GPS  -2267813.239  5009335.371  3221012.023
2022  62  31843 GPS  -2267813.063  5009335.265  3221012.185
2022  62  31844 GPS  -2267812.915  5009335.225  3221012.145
2022  62  31845 GPS  -2267812.597  5009335.015  3221012.185
2022  62  31846 GPS  -2267812.483  5009334.780  3221012.040
2022  62  31847 GPS  -2267812.238  5009334.305  3221011.844
2022  62  31848 GPS  -2267811.894  5009333.842  3221011.655
2022  62  31849 GPS  -2267811.620  5009333.321  3221011.373
2022  62  31850 GPS  -2267811.226  5009332.678  3221011.011
2022  62  31851 GPS  -2267810.719  5009331.815  3221010.508
2022  62  31852 GPS  -2267810.388  5009331.257  3221010.146
2022  62  31853 GPS  -2267809.981  5009330.768  3221010.052
2022  62  31854 GPS  -2267809.789  5009330.285  3221009.768
2022  62  31855 GPS  -2267809.496  5009329.963  3221009.821
2022  62  31856 GPS  -2267809.078  5009329.494  3221009.647
2022  62  31857 GPS  -2267808.827  5009329.442  3221009.798
2022  62  31858 GPS  -2267808.772  5009329.697  3221009.809
2022  62  31859 GPS  -2267808.770  5009330.062  3221010.114
2022  62  31860 GPS  -2267808.591  5009330.364  3221010.450
2022  62  31861 GPS  -2267808.466  5009330.494  3221010.578
2022  62  31862 GPS  -2267808.394  5009330.991  3221010.879
2022  62  31863 GPS  -2267808.425  5009331.452  3221011.066
2022  62  31864 GPS  -2267808.332  5009331.723  3221011.156
2022  62  31865 GPS  -2267808.318  5009332.568  3221011.636
2022  62  31866 GPS  -2267808.294  5009333.115  3221011.822
2022  62  31867 GPS  -2267808.211  5009333.707  3221012.077
2022  62  31868 GPS  -2267808.064  5009334.385  3221012.588
2022  62  31869 GPS  -2267807.882  5009334.727  3221012.738
2022  62  31870 GPS  -2267807.448  5009335.245  3221013.129
2022  62  31871 GPS  -2267807.475  5009336.115  3221013.534
2022  62  31872 GPS  -2267807.305  5009336.526  3221013.826
2022  62  31873 GPS  -2267807.121  5009336.908  3221014.222
2022  62  31874 GPS  -2267807.064  5009337.428  3221014.498
2022  62  31875 GPS  -2267806.955  5009337.714  3221014.682
2022  62  31876 GPS  -2267806.958  5009338.282  3221014.940
2022  62  31877 GPS  -2267806.946  5009338.622  3221015.106
2022  62  31878 GPS  -2267806.720  5009338.586  3221015.096
2022  62  31879 GPS  -2267806.543  5009339.024  3221015.609
2022  62  31880 GPS  -2267806.188  5009338.947  3221015.456
2022  62  31881 GPS  -2267805.844  5009338.737  3221015.295
2022  62  31882 GPS  -2267805.618  5009339.166  3221015.514
2022  62  31883 GPS  -2267805.350  5009339.536  3221015.764
2022  62  31884 GPS  -2267805.286  5009339.990  3221016.007
2022  62  31885 GPS  -2267805.069  5009340.278  3221016.194
2022  62  31886 GPS  -2267805.055  5009340.751  3221016.707
2022  62  31887 GPS  -2267805.169  5009341.528  3221017.336
2022  62  31888 GPS  -2267805.162  5009341.767  3221017.521
2022  62  31889 GPS  -2267805.164  5009341.837  3221017.523
2022  62  31890 GPS  -2267805.382  5009341.896  3221017.434
2022  62  31891 GPS  -2267805.427  5009341.985  3221017.490
2022  62  31892 GPS  -2267805.490  5009342.129  3221017.449
2022  62  31893 GPS  -2267805.501  5009342.100  3221017.513
2022  62  31894 GPS  -2267805.670  5009342.118  3221017.452
2022  62  31895 GPS  -2267805.895  5009342.107  3221017.295
2022  62  31896 GPS  -2267805.918  5009341.804  3221016.969
2022  62  31897 GPS  -2267805.775  5009341.325  3221016.651
2022  62  31898 GPS  -2267805.761  5009341.125  3221016.650
2022  62  31899 GPS  -2267805.647  5009340.752  3221016.354
2022  62  31900 GPS  -2267805.527  5009340.276  3221015.908
2022  62  31901 GPS  -2267805.509  5009340.106  3221015.759
2022  62  31902 GPS  -2267805.220  5009339.998  3221015.615
2022  62  31903 GPS  -2267805.229  5009339.812  3221015.421
2022  62  31904 GPS  -2267805.279  5009339.754  3221015.374
2022  62  31905 GPS  -2267805.139  5009339.763  3221015.359
2022  62  31906 GPS  -2267804.798  5009339.720  3221015.475
2022  62  31907 GPS  -2267804.634  5009339.580  3221015.344
2022  62  31908 GPS  -2267804.469  5009339.628  3221015.647
2022  62  31909 GPS  -2267804.099  5009339.401  3221015.735
2022  62  31910 GPS  -2267803.722  5009339.043  3221015.595
2022  62  31911 GPS  -2267803.393  5009338.829  3221015.621
2022  62  31912 GPS  -2267803.176  5009338.859  3221015.729
2022  62  31913 GPS  -2267802.728  5009338.071  3221015.258
2022  62  31914 GPS  -2267802.268  5009337.669  3221015.045
2022  62  31915 GPS  -2267801.901  5009337.509  3221015.042
2022  62  31916 GPS  -2267801.659  5009337.321  3221014.969
2022  62  31917 GPS  -2267801.349  5009336.943  3221014.865
2022  62  31918 GPS  -2267801.175  5009337.004  3221015.031
2022  62  31919 GPS  -2267801.075  5009336.838  3221014.956
2022  62  31920 GPS  -2267800.978  5009337.006  3221015.190
2022  62  31921 GPS  -2267801.021  5009337.154  3221015.274
2022  62  31922 GPS  -2267800.940  5009337.223  3221015.445
2022  62  31923 GPS  -2267800.831  5009337.476  3221015.738
2022  62  31924 GPS  -2267800.877  5009337.803  3221016.114
2022  62  31925 GPS  -2267800.993  5009338.326  3221016.488
2022  62  31926 GPS  -2267801.072  5009338.925  3221016.972
2022  62  31927 GPS  -2267801.344  5009339.320  3221017.439
2022  62  31928 GPS  -2267801.244  5009339.379  3221017.530
2022  62  31929 GPS  -2267801.266  5009339.547  3221017.723
2022  62  31930 GPS  -2267801.236  5009339.815  3221017.924
2022  62  31931 GPS  -2267801.485  5009340.260  3221018.261
2022  62  31932 GPS  -2267801.751  5009340.582  3221018.471
2022  62  31933 GPS  -2267802.037  5009340.961  3221018.514
2022  62  31934 GPS  -2267802.260  5009340.906  3221018.387
2022  62  31935 GPS  -2267802.299  5009340.758  3221018.375
2022  62  31936 GPS  -2267802.322  5009340.901  3221018.286
2022  62  31937 GPS  -2267802.283  5009341.056  3221018.286
2022  62  31938 GPS  -2267802.088  5009341.010  3221018.099
2022  62  31939 GPS  -2267801.837  5009340.806  3221017.805
2022  62  31940 GPS  -2267801.638  5009340.724  3221017.580
2022  62  31941 GPS  -2267801.584  5009341.120  3221017.734
2022  62  31942 GPS  -2267801.423  5009341.036  3221017.524
2022  62  31943 GPS  -2267801.339  5009341.097  3221017.327
2022  62  31944 GPS  -2267801.178  5009341.053  3221017.328
2022  62  31945 GPS  -2267800.937  5009340.768  3221017.050
2022  62  31946 GPS  -2267800.816  5009340.914  3221017.161
2022  62  31947 GPS  -2267800.724  5009340.993  3221017.152
2022  62  31948 GPS  -2267800.892  5009341.329  3221017.262
2022  62  31949 GPS  -2267800.857  5009341.260  3221017.204
2022  62  31950 GPS  -2267800.770  5009341.475  3221017.179
2022  62  31951 GPS  -2267800.858  5009341.883  3221017.196
2022  62  31952 GPS  -2267800.829  5009341.868  3221017.159
2022  62  31953 GPS  -2267800.893  5009341.865  3221017.041
2022  62  31954 GPS  -2267800.895  5009341.822  3221016.865
2022  62  31955 GPS  -2267800.843  5009342.155  3221016.848
2022  62  31956 GPS  -2267800.958  5009342.440  3221016.990
2022  62  31957 GPS  -2267801.162  5009343.134  3221017.271
2022  62  31958 GPS  -2267801.071  5009343.363  3221017.361
2022  62  31959 GPS  -2267801.135  5009343.509  3221017.242
2022  62  31960 GPS  -2267801.100  5009343.869  3221017.439
2022  62  31961 GPS  -2267801.083  5009343.982  3221017.435
2022  62  31962 GPS  -2267800.872  5009343.980  3221017.459
2022  62  31963 GPS  -2267800.771  5009343.913  3221017.429
2022  62  31964 GPS  -2267800.429  5009343.150  3221016.814
2022  62  31965 GPS  -2267800.399  5009342.967  3221016.700
2022  62  31966 GPS  -2267800.274  5009342.366  3221016.226
2022  62  31967 GPS  -2267800.276  5009341.956  3221016.117
2022  62  31968 GPS  -2267800.193  5009341.477  3221015.730
2022  62  31969 GPS  -2267799.742  5009340.569  3221015.249
2022  62  31970 GPS  -2267799.488  5009339.945  3221014.852
2022  62  31971 GPS  -2267799.240  5009339.344  3221014.358
2022  62  31972 GPS  -2267799.185  5009338.740  3221013.882
2022  62  31973 GPS  -2267798.831  5009338.190  3221013.510
2022  62  31974 GPS  -2267798.747  5009337.540  3221012.946
2022  62  31975 GPS  -2267798.787  5009337.106  3221012.467
2022  62  31976 GPS  -2267798.825  5009336.538  3221012.073
2022  62  31977 GPS  -2267798.856  5009336.509  3221012.000
2022  62  31978 GPS  -2267798.980  5009336.464  3221011.793
2022  62  31979 GPS  -2267799.273  5009336.660  3221011.714
2022  62  31980 GPS  -2267799.715  5009336.760  3221011.712
2022  62  31981 GPS  -2267800.208  5009336.983  3221011.900
2022  62  31982 GPS  -2267800.395  5009337.305  3221012.087
2022  62  31983 GPS  -2267800.652  5009337.229  3221011.967
2022  62  31984 GPS  -2267800.940  5009337.533  3221012.282
2022  62  31985 GPS  -2267801.219  5009337.785  3221012.545
2022  62  31986 GPS  -2267801.352  5009338.237  3221012.944
2022  62  31987 GPS  -2267801.603  5009338.704  3221013.416
2022  62  31988 GPS  -2267801.666  5009338.848  3221013.555
2022  62  31989 GPS  -2267801.822  5009339.049  3221013.880
2022  62  31990 GPS  -2267802.234  5009339.166  3221014.087
2022  62  31991 GPS  -2267802.518  5009339.148  3221014.267
2022  62  31992 GPS  -2267802.675  5009338.683  3221014.062
2022  62  31993 GPS  -2267802.787  5009338.296  3221013.774
2022  62  31994 GPS  -2267802.925  5009337.941  3221013.595
2022  62  31995 GPS  -2267802.912  5009337.581  3221013.385
2022  62  31996 GPS  -2267803.060  5009336.979  3221013.189
2022  62  31997 GPS  -2267803.193  5009336.596  3221012.995
2022  62  31998 GPS  -2267804.078  5009337.201  3221013.339
2022  62  31999 GPS  -2267803.851  5009336.176  3221012.612
2022  62  32000 GPS  -2267803.972  5009335.909  3221012.433
2022  62  32001 GPS  -2267804.200  5009335.702  3221012.390
2022  62  32002 GPS  -2267804.152  5009334.990  3221012.046
2022  62  32003 GPS  -2267804.398  5009334.983  3221011.860
2022  62  32004 GPS  -2267804.401  5009334.778  3221011.748
2022  62  32005 GPS  -2267804.318  5009334.812  3221011.948
2022  62  32006 GPS  -2267804.542  5009335.016  3221012.114
2022  62  32007 GPS  -2267805.125  5009335.789  3221012.379
2022  62  32008 GPS  -2267804.605  5009335.084  3221011.882
2022  62  32009 GPS  -2267804.551  5009335.151  3221012.024
2022  62  32010 GPS  -2267804.543  5009335.250  3221012.087
2022  62  32011 GPS  -2267804.496  5009335.323  3221012.009
2022  62  32012 GPS  -2267804.500  5009335.374  3221012.003
2022  62  32013 GPS  -2267804.501  5009335.093  3221011.714
2022  62  32014 GPS  -2267804.443  5009334.805  3221011.526
2022  62  32015 GPS  -2267804.370  5009334.787  3221011.377
2022  62  32016 GPS  -2267804.493  5009334.778  3221011.342
2022  62  32017 GPS  -2267804.407  5009334.607  3221011.243
2022  62  32018 GPS  -2267804.198  5009333.983  3221010.879
2022  62  32019 GPS  -2267804.012  5009333.606  3221010.582
2022  62  32020 GPS  -2267803.821  5009333.363  3221010.472
2022  62  32021 GPS  -2267803.691  5009333.044  3221010.219
2022  62  32022 GPS  -2267803.427  5009332.811  3221010.272
2022  62  32023 GPS  -2267803.296  5009332.827  3221010.480
2022  62  32024 GPS  -2267803.351  5009332.441  3221010.242
2022  62  32025 GPS  -2267803.372  5009332.161  3221010.223
2022  62  32026 GPS  -2267803.335  5009331.787  3221009.971
2022  62  32027 GPS  -2267803.284  5009331.702  3221009.865
2022  62  32028 GPS  -2267803.477  5009331.799  3221009.750
2022  62  32029 GPS  -2267803.475  5009331.590  3221009.377
2022  62  32030 GPS  -2267803.584  5009331.655  3221009.062
2022  62  32031 GPS  -2267803.754  5009331.730  3221008.976
2022  62  32032 GPS  -2267803.838  5009331.752  3221008.685
2022  62  32033 GPS  -2267803.913  5009331.884  3221008.711
2022  62  32034 GPS  -2267804.213  5009332.438  3221008.721
2022  62  32035 GPS  -2267804.325  5009332.860  3221008.809
2022  62  32036 GPS  -2267804.383  5009332.813  3221008.400
2022  62  32037 GPS  -2267804.593  5009333.251  3221008.467
2022  62  32038 GPS  -2267804.630  5009333.294  3221008.187
2022  62  32039 GPS  -2267804.618  5009333.299  3221008.033
2022  62  32040 GPS  -2267804.813  5009333.412  3221007.663
2022  62  32041 GPS  -2267804.665  5009332.918  3221007.199
2022  62  32042 GPS  -2267804.566  5009332.605  3221006.867
2022  62  32043 GPS  -2267804.795  5009332.609  3221006.771
2022  62  32044 GPS  -2267804.827  5009332.386  3221006.698
2022  62  32045 GPS  -2267804.778  5009332.186  3221006.525
2022  62  32046 GPS  -2267804.823  5009331.950  3221006.458
2022  62  32047 GPS  -2267804.925  5009331.751  3221006.473
2022  62  32048 GPS  -2267804.768  5009330.743  3221005.834
2022  62  32049 GPS  -2267804.727  5009330.535  3221005.937
2022  62  32050 GPS  -2267804.688  5009330.321  3221005.743
2022  62  32051 GPS  -2267804.648  5009330.079  3221005.617
2022  62  32052 GPS  -2267804.944  5009330.183  3221005.810
2022  62  32053 GPS  -2267804.897  5009329.997  3221005.970
2022  62  32054 GPS  -2267804.977  5009330.005  3221006.054
2022  62  32055 GPS  -2267805.096  5009329.981  3221006.010
2022  62  32056 GPS  -2267805.258  5009330.244  3221006.167
2022  62  32057 GPS  -2267805.298  5009330.180  3221006.226
2022  62  32058 GPS  -2267805.389  5009330.396  3221006.282
2022  62  32059 GPS  -2267805.562  5009330.429  3221006.283
2022  62  32060 GPS  -2267805.758  5009330.865  3221006.408
2022  62  32061 GPS  -2267806.094  5009331.039  3221006.474
2022  62  32062 GPS  -2267806.668  5009331.830  3221006.590
2022  62  32063 GPS  -2267807.155  5009332.625  3221006.991
2022  62  32064 GPS  -2267807.785  5009333.375  3221007.332
2022  62  32065 GPS  -2267808.067  5009333.416  3221007.141
2022  62  32066 GPS  -2267808.421  5009334.108  3221007.366
2022  62  32067 GPS  -2267808.721  5009334.786  3221007.735
2022  62  32068 GPS  -2267809.075  5009335.328  3221007.937
2022  62  32069 GPS  -2267809.537  5009336.007  3221008.258
2022  62  32070 GPS  -2267809.926  5009337.313  3221009.177
2022  62  32071 GPS  -2267810.258  5009338.160  3221009.755
2022  62  32072 GPS  -2267810.548  5009339.193  3221010.396
2022  62  32073 GPS  -2267810.709  5009339.570  3221010.610
2022  62  32074 GPS  -2267810.691  5009339.980  3221010.805
2022  62  32075 GPS  -2267810.566  5009339.956  3221010.660
2022  62  32076 GPS  -2267810.403  5009339.839  3221010.471
2022  62  32077 GPS  -2267810.405  5009339.996  3221010.774
2022  62  32078 GPS  -2267810.434  5009340.000  3221010.868
2022  62  32079 GPS  -2267810.237  5009339.311  3221010.239
2022  62  32080 GPS  -2267809.997  5009339.033  3221009.901
2022  62  32081 GPS  -2267809.817  5009339.004  3221009.956
2022  62  32082 GPS  -2267809.571  5009338.720  3221009.800
2022  62  32083 GPS  -2267809.510  5009338.527  3221009.524
2022  62  32084 GPS  -2267809.197  5009338.225  3221009.313
2022  62  32085 GPS  -2267809.151  5009338.452  3221009.324
2022  62  32086 GPS  -2267808.910  5009338.756  3221009.605
2022  62  32087 GPS  -2267808.740  5009338.983  3221009.782
2022  62  32088 GPS  -2267808.480  5009339.189  3221010.102
2022  62  32089 GPS  -2267808.255  5009339.687  3221010.453
2022  62  32090 GPS  -2267808.443  5009340.796  3221011.067
2022  62  32091 GPS  -2267808.340  5009341.216  3221011.330
2022  62  32092 GPS  -2267808.452  5009341.828  3221011.525
2022  62  32093 GPS  -2267808.237  5009341.898  3221011.510
2022  62  32094 GPS  -2267808.152  5009341.981  3221011.483
2022  62  32095 GPS  -2267808.147  5009341.792  3221011.120
2022  62  32096 GPS  -2267808.381  5009342.077  3221011.106
2022  62  32097 GPS  -2267808.493  5009342.316  3221010.971
2022  62  32098 GPS  -2267808.849  5009342.813  3221011.161
2022  62  32099 GPS  -2267807.013  5009340.079  3221010.318
2022  62  32100 GPS  -2267807.581  5009340.853  3221010.632
2022  62  32101 GPS  -2267807.983  5009340.944  3221010.412
2022  62  32102 GPS  -2267807.979  5009341.078  3221010.643
2022  62  32103 GPS  -2267808.086  5009341.024  3221010.587
2022  62  32104 GPS  -2267808.222  5009341.045  3221010.729
2022  62  32105 GPS  -2267808.350  5009341.422  3221011.084
2022  62  32106 GPS  -2267808.462  5009341.781  3221011.736
2022  62  32107 GPS  -2267808.610  5009342.088  3221012.266
2022  62  32108 GPS  -2267808.602  5009342.117  3221012.598
2022  62  32109 GPS  -2267808.639  5009342.439  3221013.245
2022  62  32110 GPS  -2267808.750  5009342.899  3221013.721
2022  62  32111 GPS  -2267808.772  5009343.186  3221014.211
2022  62  32112 GPS  -2267809.053  5009343.844  3221014.831
2022  62  32113 GPS  -2267809.225  5009343.953  3221015.196
2022  62  32114 GPS  -2267809.565  5009344.694  3221015.744
2022  62  32115 GPS  -2267809.822  5009345.236  3221016.276
2022  62  32116 GPS  -2267810.010  5009345.545  3221016.498
2022  62  32117 GPS  -2267809.794  5009345.737  3221016.831
2022  62  32118 GPS  -2267809.935  5009345.998  3221017.112
2022  62  32119 GPS  -2267810.222  5009346.354  3221017.164
2022  62  32120 GPS  -2267810.392  5009346.554  3221017.241
2022  62  32121 GPS  -2267810.536  5009346.841  3221017.508
2022  62  32122 GPS  -2267810.633  5009346.791  3221017.650
2022  62  32123 GPS  -2267810.788  5009347.225  3221018.062
2022  62  32124 GPS  -2267811.058  5009347.790  3221018.580
2022  62  32125 GPS  -2267810.743  5009347.430  3221018.533
2022  62  32126 GPS  -2267810.811  5009347.572  3221018.755
2022  62  32127 GPS  -2267810.981  5009347.628  3221018.688
2022  62  32128 GPS  -2267810.929  5009347.234  3221018.664
2022  62  32129 GPS  -2267810.778  5009346.830  3221018.474
2022  62  32130 GPS  -2267810.866  5009346.492  3221018.386
2022  62  32131 GPS  -2267810.665  5009345.664  3221017.984
2022  62  32132 GPS  -2267810.563  5009345.169  3221017.695
2022  62  32133 GPS  -2267810.077  5009344.431  3221017.515
2022  62  32134 GPS  -2267809.851  5009343.773  3221017.289
2022  62  32135 GPS  -2267809.974  5009344.026  3221017.487
2022  62  32136 GPS  -2267809.758  5009343.379  3221017.301
2022  62  32137 GPS  -2267809.447  5009342.880  3221017.173
2022  62  32138 GPS  -2267809.399  5009342.683  3221017.193
2022  62  32139 GPS  -2267809.265  5009342.675  3221017.380
2022  62  32140 GPS  -2267809.339  5009342.742  3221017.475
2022  62  32141 GPS  -2267809.118  5009342.291  3221017.308
2022  62  32142 GPS  -2267809.184  5009342.554  3221017.509
2022  62  32143 GPS  -2267808.961  5009342.536  3221017.533
2022  62  32144 GPS  -2267808.762  5009342.063  3221017.268
2022  62  32145 GPS  -2267808.744  5009341.665  3221017.196
2022  62  32146 GPS  -2267808.730  5009341.351  3221016.972
2022  62  32147 GPS  -2267808.720  5009341.312  3221016.901
2022  62  32148 GPS  -2267808.669  5009341.007  3221016.650
2022  62  32149 GPS  -2267808.615  5009340.497  3221016.292
2022  62  32150 GPS  -2267808.464  5009340.009  3221016.020
2022  62  32151 GPS  -2267808.482  5009340.081  3221015.945
2022  62  32152 GPS  -2267808.304  5009339.765  3221015.780
2022  62  32153 GPS  -2267808.047  5009339.319  3221015.586
2022  62  32154 GPS  -2267808.181  5009339.046  3221015.527
2022  62  32155 GPS  -2267808.033  5009338.607  3221015.275
2022  62  32156 GPS  -2267807.589  5009337.832  3221015.050
2022  62  32157 GPS  -2267807.350  5009337.634  3221015.271
2022  62  32158 GPS  -2267806.967  5009337.102  3221015.375
2022  62  32159 GPS  -2267806.474  5009336.566  3221015.135
2022  62  32160 GPS  -2267806.192  5009336.349  3221015.207
2022  62  32161 GPS  -2267805.750  5009335.981  3221015.045
2022  62  32162 GPS  -2267805.591  5009335.608  3221014.967
2022  62  32163 GPS  -2267805.388  5009335.179  3221014.781
2022  62  32164 GPS  -2267805.293  5009334.639  3221014.532
2022  62  32165 GPS  -2267804.981  5009333.751  3221014.085
2022  62  32166 GPS  -2267804.933  5009333.614  3221013.898
2022  62  32167 GPS  -2267804.787  5009333.439  3221013.951
2022  62  32168 GPS  -2267804.666  5009333.508  3221014.086
2022  62  32169 GPS  -2267804.429  5009333.091  3221014.228
2022  62  32170 GPS  -2267804.364  5009333.104  3221014.427
2022  62  32171 GPS  -2267804.426  5009333.491  3221014.903
2022  62  32172 GPS  -2267804.363  5009333.659  3221015.353
2022  62  32173 GPS  -2267804.345  5009334.231  3221016.054
2022  62  32174 GPS  -2267804.286  5009334.376  3221016.451
2022  62  32175 GPS  -2267804.494  5009334.550  3221016.567
2022  62  32176 GPS  -2267804.568  5009334.664  3221016.653
2022  62  32177 GPS  -2267804.573  5009334.573  3221016.730
2022  62  32178 GPS  -2267804.387  5009334.334  3221016.796
2022  62  32179 GPS  -2267804.443  5009334.199  3221016.879
2022  62  32180 GPS  -2267804.726  5009334.162  3221016.766
2022  62  32181 GPS  -2267804.670  5009333.869  3221016.659
2022  62  32182 GPS  -2267804.855  5009334.093  3221016.747
2022  62  32183 GPS  -2267804.993  5009333.958  3221016.585
2022  62  32184 GPS  -2267805.152  5009333.763  3221016.475
2022  62  32185 GPS  -2267805.425  5009333.667  3221016.301
2022  62  32186 GPS  -2267805.682  5009334.065  3221016.643
2022  62  32187 GPS  -2267805.933  5009334.229  3221016.616
2022  62  32188 GPS  -2267806.354  5009334.891  3221016.924
2022  62  32189 GPS  -2267806.345  5009334.880  3221016.819
2022  62  32190 GPS  -2267806.542  5009335.066  3221016.687
2022  62  32191 GPS  -2267806.902  5009335.833  3221017.004
2022  62  32192 GPS  -2267807.310  5009336.960  3221017.515
2022  62  32193 GPS  -2267807.578  5009337.764  3221017.908
2022  62  32194 GPS  -2267807.992  5009338.647  3221018.356
2022  62  32195 GPS  -2267808.338  5009339.716  3221018.954
2022  62  32196 GPS  -2267808.791  5009340.461  3221019.354
2022  62  32197 GPS  -2267809.273  5009341.229  3221019.708
2022  62  32198 GPS  -2267809.262  5009341.772  3221019.987
2022  62  32199 GPS  -2267809.537  5009342.746  3221020.645
2022  62  32200 GPS  -2267809.788  5009343.679  3221021.331
2022  62  32201 GPS  -2267809.851  5009343.831  3221021.243
2022  62  32202 GPS  -2267810.058  5009344.209  3221021.254
2022  62  32203 GPS  -2267810.482  5009345.100  3221021.483
2022  62  32204 GPS  -2267810.679  5009345.251  3221021.239
2022  62  32205 GPS  -2267810.911  5009345.325  3221021.079
2022  62  32206 GPS  -2267811.050  5009345.376  3221020.943
2022  62  32207 GPS  -2267810.770  5009344.521  3221020.233
2022  62  32208 GPS  -2267810.679  5009344.221  3221020.030
2022  62  32209 GPS  -2267810.652  5009343.826  3221019.769
2022  62  32210 GPS  -2267810.571  5009343.735  3221019.804
2022  62  32211 GPS  -2267810.308  5009342.732  3221019.053
2022  62  32212 GPS  -2267809.970  5009341.670  3221018.279
2022  62  32213 GPS  -2267809.651  5009340.662  3221017.532
2022  62  32214 GPS  -2267809.110  5009339.508  3221017.029
2022  62  32215 GPS  -2267808.591  5009338.908  3221016.829
2022  62  32216 GPS  -2267808.189  5009338.430  3221016.663
2022  62  32217 GPS  -2267807.695  5009337.519  3221016.254
2022  62  32218 GPS  -2267806.942  5009336.206  3221015.559
2022  62  32219 GPS  -2267806.566  5009335.367  3221015.041
2022  62  32220 GPS  -2267806.048  5009334.656  3221014.684
2022  62  32221 GPS  -2267805.735  5009334.010  3221014.247
2022  62  32222 GPS  -2267805.494  5009333.197  3221013.761
2022  62  32223 GPS  -2267805.570  5009332.767  3221013.443
2022  62  32224 GPS  -2267805.724  5009332.767  3221013.213
2022  62  32225 GPS  -2267805.634  5009332.472  3221012.857
2022  62  32226 GPS  -2267805.460  5009332.212  3221012.622
2022  62  32227 GPS  -2267805.552  5009331.859  3221012.100
2022  62  32228 GPS  -2267805.555  5009332.173  3221012.174
2022  62  32229 GPS  -2267805.806  5009332.198  3221012.063
2022  62  32230 GPS  -2267805.931  5009332.259  3221011.908
2022  62  32231 GPS  -2267805.966  5009332.301  3221011.694
2022  62  32232 GPS  -2267806.079  5009332.333  3221011.644
2022  62  32233 GPS  -2267806.289  5009332.599  3221011.677
2022  62  32234 GPS  -2267806.357  5009332.778  3221011.635
2022  62  32235 GPS  -2267806.120  5009332.959  3221011.825
2022  62  32236 GPS  -2267806.232  5009333.425  3221012.027
2022  62  32237 GPS  -2267806.150  5009333.828  3221012.218
2022  62  32238 GPS  -2267805.875  5009334.054  3221012.453
2022  62  32239 GPS  -2267805.760  5009334.455  3221013.008
2022  62  32240 GPS  -2267805.550  5009334.465  3221012.954
2022  62  32241 GPS  -2267805.362  5009334.642  3221013.193
2022  62  32242 GPS  -2267805.229  5009334.785  3221013.491
2022  62  32243 GPS  -2267805.171  5009335.104  3221013.901
2022  62  32244 GPS  -2267805.217  5009335.734  3221014.389
2022  62  32245 GPS  -2267805.206  5009335.939  3221014.575
2022  62  32246 GPS  -2267805.231  5009336.349  3221014.968
2022  62  32247 GPS  -2267805.131  5009336.424  3221014.978
2022  62  32248 GPS  -2267805.102  5009336.407  3221015.250
2022  62  32249 GPS  -2267805.243  5009336.685  3221015.324
2022  62  32250 GPS  -2267805.424  5009336.854  3221015.422
2022  62  32251 GPS  -2267805.548  5009336.656  3221015.212
2022  62  32252 GPS  -2267805.523  5009336.497  3221015.187
2022  62  32253 GPS  -2267805.546  5009336.399  3221015.117
2022  62  32254 GPS  -2267805.567  5009336.173  3221015.205
2022  62  32255 GPS  -2267805.557  5009336.159  3221015.414
2022  62  32256 GPS  -2267805.589  5009336.142  3221015.477
2022  62  32257 GPS  -2267805.403  5009335.996  3221015.493
2022  62  32258 GPS  -2267805.350  5009335.834  3221015.568
2022  62  32259 GPS  -2267805.223  5009335.605  3221015.416
2022  62  32260 GPS  -2267805.105  5009335.738  3221015.637
2022  62  32261 GPS  -2267804.943  5009335.426  3221015.472
2022  62  32262 GPS  -2267804.902  5009335.860  3221015.975
2022  62  32263 GPS  -2267804.382  5009335.257  3221015.578
2022  62  32264 GPS  -2267804.145  5009335.116  3221015.614
2022  62  32265 GPS  -2267803.668  5009334.373  3221015.385
2022  62  32266 GPS  -2267803.239  5009333.937  3221015.329
2022  62  32267 GPS  -2267802.880  5009333.357  3221015.139
2022  62  32268 GPS  -2267802.466  5009332.735  3221014.974
2022  62  32269 GPS  -2267801.918  5009332.181  3221014.763
2022  62  32270 GPS  -2267801.228  5009331.208  3221014.195
2022  62  32271 GPS  -2267800.283  5009330.120  3221013.620
2022  62  32272 GPS  -2267799.841  5009329.709  3221013.438
2022  62  32273 GPS  -2267799.469  5009330.254  3221013.364
2022  62  32274 GPS  -2267799.268  5009328.673  3221012.486
2022  62  32275 GPS  -2267799.164  5009328.426  3221012.426
2022  62  32276 GPS  -2267798.928  5009328.297  3221012.221
2022  62  32277 GPS  -2267798.563  5009328.188  3221012.303
2022  62  32278 GPS  -2267798.493  5009328.246  3221012.276
2022  62  32279 GPS  -2267798.275  5009327.932  3221011.989
2022  62  32280 GPS  -2267798.440  5009328.053  3221012.095
2022  62  32281 GPS  -2267798.614  5009328.072  3221012.067
2022  62  32282 GPS  -2267798.397  5009328.053  3221012.060
2022  62  32283 GPS  -2267798.454  5009328.492  3221012.564
2022  62  32284 GPS  -2267798.194  5009328.483  3221013.009
2022  62  32285 GPS  -2267798.293  5009328.800  3221013.465
2022  62  32286 GPS  -2267798.468  5009329.136  3221013.808
2022  62  32287 GPS  -2267798.546  5009329.619  3221014.630
2022  62  32288 GPS  -2267798.673  5009330.038  3221015.198
2022  62  32289 GPS  -2267798.766  5009330.353  3221015.776
2022  62  32290 GPS  -2267798.755  5009330.368  3221016.020
2022  62  32291 GPS  -2267798.998  5009330.676  3221016.466
2022  62  32292 GPS  -2267799.229  5009331.027  3221016.948
2022  62  32293 GPS  -2267799.353  5009331.201  3221017.259
2022  62  32294 GPS  -2267799.414  5009331.229  3221017.385
2022  62  32295 GPS  -2267799.438  5009331.353  3221017.640
2022  62  32296 GPS  -2267799.487  5009331.635  3221017.953
2022  62  32297 GPS  -2267799.515  5009331.950  3221018.320
2022  62  32298 GPS  -2267799.390  5009332.065  3221018.551
2022  62  32299 GPS  -2267799.726  5009332.770  3221018.841
2022  62  32300 GPS  -2267800.238  5009333.950  3221019.518
2022  62  32301 GPS  -2267800.257  5009334.430  3221019.942
2022  62  32302 GPS  -2267800.545  5009335.281  3221020.575
2022  62  32303 GPS  -2267800.785  5009335.792  3221020.935
2022  62  32304 GPS  -2267801.385  5009336.393  3221021.164
2022  62  32305 GPS  -2267801.875  5009337.195  3221021.739
2022  62  32306 GPS  -2267802.128  5009337.729  3221022.053
2022  62  32307 GPS  -2267802.623  5009338.324  3221022.344
2022  62  32308 GPS  -2267803.220  5009339.060  3221022.736
2022  62  32309 GPS  -2267803.326  5009339.246  3221022.934
2022  62  32310 GPS  -2267803.435  5009339.257  3221023.084
2022  62  32311 GPS  -2267803.509  5009339.272  3221023.222
2022  62  32312 GPS  -2267803.717  5009339.421  3221023.347
2022  62  32313 GPS  -2267804.030  5009339.972  3221023.931
2022  62  32314 GPS  -2267804.338  5009340.092  3221023.951
2022  62  32315 GPS  -2267804.598  5009340.665  3221024.472
2022  62  32316 GPS  -2267804.667  5009340.946  3221024.982
2022  62  32317 GPS  -2267804.508  5009340.803  3221025.207
2022  62  32318 GPS  -2267804.660  5009340.869  3221025.421
2022  62  32319 GPS  -2267804.538  5009340.727  3221025.635
2022  62  32320 GPS  -2267804.305  5009340.532  3221025.789
2022  62  32321 GPS  -2267804.021  5009340.239  3221025.719
2022  62  32322 GPS  -2267803.928  5009340.130  3221025.805
2022  62  32323 GPS  -2267803.661  5009339.994  3221025.851
2022  62  32324 GPS  -2267803.285  5009339.424  3221025.505
2022  62  32325 GPS  -2267803.002  5009338.835  3221025.296
2022  62  32326 GPS  -2267803.049  5009338.737  3221025.104
2022  62  32327 GPS  -2267802.572  5009337.747  3221024.735
2022  62  32328 GPS  -2267802.576  5009337.794  3221024.890
2022  62  32329 GPS  -2267802.464  5009337.597  3221024.967
2022  62  32330 GPS  -2267802.328  5009337.109  3221024.679
2022  62  32331 GPS  -2267802.251  5009336.599  3221024.538
2022  62  32332 GPS  -2267802.301  5009336.575  3221024.566
2022  62  32333 GPS  -2267802.045  5009336.250  3221024.507
2022  62  32334 GPS  -2267802.166  5009336.329  3221024.327
2022  62  32335 GPS  -2267801.857  5009336.073  3221024.093
2022  62  32336 GPS  -2267801.761  5009335.931  3221024.042
2022  62  32337 GPS  -2267801.411  5009335.327  3221023.746
2022  62  32338 GPS  -2267801.012  5009334.994  3221023.635
2022  62  32339 GPS  -2267800.666  5009334.725  3221023.556
2022  62  32340 GPS  -2267800.465  5009334.512  3221023.299
2022  62  32341 GPS  -2267800.246  5009334.632  3221023.320
2022  62  32342 GPS  -2267799.879  5009334.150  3221023.012
2022  62  32343 GPS  -2267799.197  5009333.086  3221022.270
2022  62  32344 GPS  -2267798.844  5009333.099  3221022.360
2022  62  32345 GPS  -2267798.673  5009332.857  3221022.148
2022  62  32346 GPS  -2267798.065  5009332.286  3221021.960
2022  62  32347 GPS  -2267797.772  5009332.320  3221021.938
2022  62  32348 GPS  -2267797.713  5009332.564  3221022.072
2022  62  32349 GPS  -2267797.587  5009332.391  3221021.886
2022  62  32350 GPS  -2267797.307  5009332.255  3221021.799
2022  62  32351 GPS  -2267797.044  5009332.135  3221021.942
2022  62  32352 GPS  -2267796.946  5009331.982  3221021.843
2022  62  32353 GPS  -2267796.842  5009331.888  3221021.756
2022  62  32354 GPS  -2267796.603  5009332.059  3221022.031
2022  62  32355 GPS  -2267796.629  5009332.112  3221021.967
2022  62  32356 GPS  -2267796.395  5009331.858  3221021.878
2022  62  32357 GPS  -2267796.156  5009331.895  3221022.029
2022  62  32358 GPS  -2267796.257  5009332.138  3221021.980
2022  62  32359 GPS  -2267796.221  5009332.385  3221022.166
2022  62  32360 GPS  -2267796.121  5009332.160  3221021.870
2022  62  32361 GPS  -2267795.727  5009331.685  3221021.682
2022  62  32362 GPS  -2267795.635  5009331.473  3221021.604
2022  62  32363 GPS  -2267795.511  5009331.444  3221021.514
2022  62  32364 GPS  -2267795.284  5009331.197  3221021.357
2022  62  32365 GPS  -2267795.444  5009331.441  3221021.271
2022  62  32366 GPS  -2267795.310  5009331.531  3221021.399
2022  62  32367 GPS  -2267795.314  5009331.477  3221021.349
2022  62  32368 GPS  -2267795.178  5009331.362  3221021.170
2022  62  32369 GPS  -2267795.064  5009331.101  3221020.950
2022  62  32370 GPS  -2267794.963  5009331.337  3221021.071
2022  62  32371 GPS  -2267794.834  5009331.202  3221020.838
2022  62  32372 GPS  -2267794.764  5009331.198  3221020.904
2022  62  32373 GPS  -2267794.579  5009331.167  3221020.969
2022  62  32374 GPS  -2267794.554  5009331.260  3221021.117
2022  62  32375 GPS  -2267794.279  5009331.250  3221021.282
2022  62  32376 GPS  -2267794.086  5009331.196  3221021.215
2022  62  32377 GPS  -2267794.146  5009331.493  3221021.486
2022  62  32378 GPS  -2267794.081  5009331.475  3221021.486
2022  62  32379 GPS  -2267794.128  5009331.548  3221021.388
2022  62  32380 GPS  -2267794.229  5009331.533  3221021.102
2022  62  32381 GPS  -2267794.050  5009331.428  3221021.251
2022  62  32382 GPS  -2267793.916  5009331.265  3221021.279
2022  62  32383 GPS  -2267793.912  5009331.566  3221021.444
2022  62  32384 GPS  -2267793.763  5009331.439  3221021.419
2022  62  32385 GPS  -2267793.813  5009331.740  3221021.831
2022  62  32386 GPS  -2267794.091  5009332.155  3221022.102
2022  62  32387 GPS  -2267794.077  5009332.363  3221022.403
2022  62  32388 GPS  -2267794.241  5009332.859  3221022.952
2022  62  32389 GPS  -2267794.399  5009333.301  3221023.166
2022  62  32390 GPS  -2267794.922  5009334.233  3221023.661
2022  62  32391 GPS  -2267794.974  5009334.320  3221023.829
2022  62  32392 GPS  -2267795.191  5009334.914  3221024.375
2022  62  32393 GPS  -2267795.306  5009334.993  3221024.387
2022  62  32394 GPS  -2267795.886  5009335.488  3221024.674
2022  62  32395 GPS  -2267795.910  5009335.314  3221024.610
2022  62  32396 GPS  -2267796.184  5009335.655  3221024.954
2022  62  32397 GPS  -2267796.377  5009335.721  3221024.998
2022  62  32398 GPS  -2267796.992  5009336.174  3221025.256
2022  62  32399 GPS  -2267797.211  5009336.346  3221025.413
2022  62  32400 GPS  -2267797.325  5009336.538  3221025.674
2022  62  32401 GPS  -2267797.550  5009336.784  3221026.038
2022  62  32402 GPS  -2267797.493  5009336.774  3221025.890
2022  62  32403 GPS  -2267797.624  5009337.354  3221026.469
2022  62  32404 GPS  -2267797.360  5009336.837  3221026.368
2022  62  32405 GPS  -2267797.423  5009336.445  3221026.100
2022  62  32406 GPS  -2267797.882  5009336.958  3221026.429
2022  62  32407 GPS  -2267798.189  5009337.025  3221026.430
2022  62  32408 GPS  -2267798.331  5009337.234  3221026.566
2022  62  32409 GPS  -2267798.649  5009337.004  3221026.374
2022  62  32410 GPS  -2267799.085  5009337.493  3221026.638
2022  62  32411 GPS  -2267799.291  5009337.979  3221027.099
2022  62  32412 GPS  -2267799.596  5009338.292  3221027.232
2022  62  32413 GPS  -2267799.975  5009338.858  3221027.639
2022  62  32414 GPS  -2267800.434  5009339.569  3221028.125
2022  62  32415 GPS  -2267800.596  5009340.178  3221028.474
2022  62  32416 GPS  -2267800.851  5009340.591  3221028.916
2022  62  32417 GPS  -2267801.084  5009341.223  3221029.208
2022  62  32418 GPS  -2267801.420  5009342.108  3221029.719
2022  62  32419 GPS  -2267801.891  5009343.034  3221030.196
2022  62  32420 GPS  -2267802.533  5009343.862  3221030.559
2022  62  32421 GPS  -2267803.103  5009344.756  3221030.837
2022  62  32422 GPS  -2267803.467  5009345.361  3221031.011
2022  62  32423 GPS  -2267803.841  5009346.309  3221031.604
2022  62  32424 GPS  -2267803.993  5009346.639  3221031.605
2022  62  32425 GPS  -2267804.267  5009346.843  3221031.615
2022  62  32426 GPS  -2267804.846  5009347.654  3221031.750
2022  62  32427 GPS  -2267805.096  5009348.013  3221031.884
2022  62  32428 GPS  -2267805.158  5009348.401  3221031.997
2022  62  32429 GPS  -2267805.736  5009349.637  3221032.713
2022  62  32430 GPS  -2267805.739  5009349.652  3221032.481
2022  62  32431 GPS  -2267806.136  5009350.115  3221032.531
2022  62  32432 GPS  -2267806.515  5009351.035  3221033.187
2022  62  32433 GPS  -2267806.695  5009351.322  3221033.453
2022  62  32434 GPS  -2267806.679  5009351.819  3221033.794
2022  62  32435 GPS  -2267806.920  5009352.574  3221034.413
2022  62  32436 GPS  -2267806.729  5009352.822  3221034.713
2022  62  32437 GPS  -2267806.832  5009353.284  3221035.157
2022  62  32438 GPS  -2267806.852  5009353.272  3221035.179
2022  62  32439 GPS  -2267806.988  5009353.428  3221035.341
2022  62  32440 GPS  -2267806.951  5009353.431  3221035.554
2022  62  32441 GPS  -2267807.295  5009353.679  3221035.706
2022  62  32442 GPS  -2267807.430  5009353.630  3221035.688
2022  62  32443 GPS  -2267807.685  5009353.497  3221035.570
2022  62  32444 GPS  -2267808.127  5009353.464  3221035.346
2022  62  32445 GPS  -2267808.526  5009353.730  3221035.319
2022  62  32446 GPS  -2267808.744  5009353.159  3221034.972
2022  62  32447 GPS  -2267808.904  5009352.972  3221034.599
2022  62  32448 GPS  -2267809.238  5009353.005  3221034.389
2022  62  32449 GPS  -2267809.694  5009352.977  3221034.082
2022  62  32450 GPS  -2267810.060  5009352.857  3221033.639
2022  62  32451 GPS  -2267809.962  5009352.268  3221032.939
2022  62  32452 GPS  -2267810.366  5009352.670  3221032.854
2022  62  32453 GPS  -2267810.441  5009352.866  3221032.991
2022  62  32454 GPS  -2267810.855  5009353.696  3221033.308
2022  62  32455 GPS  -2267810.866  5009353.810  3221033.339
2022  62  32456 GPS  -2267811.231  5009354.769  3221033.931
2022  62  32457 GPS  -2267811.373  5009355.267  3221034.084
2022  62  32458 GPS  -2267811.684  5009355.924  3221034.429
2022  62  32459 GPS  -2267811.795  5009356.375  3221034.676
2022  62  32460 GPS  -2267812.184  5009357.183  3221035.067
2022  62  32461 GPS  -2267812.406  5009357.756  3221035.439
2022  62  32462 GPS  -2267812.615  5009358.022  3221035.495
2022  62  32463 GPS  -2267813.053  5009358.856  3221036.018
2022  62  32464 GPS  -2267813.378  5009359.214  3221036.147
2022  62  32465 GPS  -2267813.940  5009359.586  3221036.302
2022  62  32466 GPS  -2267814.394  5009359.859  3221036.186
2022  62  32467 GPS  -2267814.933  5009359.885  3221035.937
2022  62  32468 GPS  -2267815.302  5009360.034  3221035.713
2022  62  32469 GPS  -2267815.627  5009359.834  3221035.452
2022  62  32470 GPS  -2267816.009  5009359.998  3221035.322
2022  62  32471 GPS  -2267816.331  5009359.718  3221034.799
2022  62  32472 GPS  -2267816.530  5009359.305  3221034.276
2022  62  32473 GPS  -2267817.140  5009359.304  3221034.050
2022  62  32474 GPS  -2267817.735  5009359.987  3221034.432
2022  62  32475 GPS  -2267818.151  5009360.144  3221034.282
2022  62  32476 GPS  -2267818.581  5009360.712  3221034.316
2022  62  32477 GPS  -2267818.840  5009360.995  3221034.400
2022  62  32478 GPS  -2267819.068  5009361.194  3221034.544
2022  62  32479 GPS  -2267819.418  5009361.826  3221034.902
2022  62  32480 GPS  -2267819.554  5009361.942  3221034.985
2022  62  32481 GPS  -2267819.580  5009361.796  3221034.941
2022  62  32482 GPS  -2267819.501  5009361.532  3221034.909
2022  62  32483 GPS  -2267819.741  5009361.730  3221034.795
2022  62  32484 GPS  -2267819.711  5009361.802  3221034.762
2022  62  32485 GPS  -2267819.725  5009362.104  3221034.881
2022  62  32486 GPS  -2267819.861  5009362.449  3221035.102
2022  62  32487 GPS  -2267819.451  5009362.172  3221034.970
2022  62  32488 GPS  -2267819.105  5009361.977  3221034.719
2022  62  32489 GPS  -2267818.789  5009361.529  3221034.208
2022  62  32490 GPS  -2267818.512  5009361.281  3221034.064
2022  62  32491 GPS  -2267818.205  5009361.033  3221033.847
2022  62  32492 GPS  -2267818.029  5009360.954  3221033.748
2022  62  32493 GPS  -2267817.525  5009360.292  3221033.282
2022  62  32494 GPS  -2267817.420  5009360.273  3221033.194
2022  62  32495 GPS  -2267817.130  5009359.702  3221032.612
2022  62  32496 GPS  -2267816.953  5009359.500  3221032.487
2022  62  32497 GPS  -2267817.075  5009359.206  3221032.078
2022  62  32498 GPS  -2267816.743  5009358.782  3221031.845
2022  62  32499 GPS  -2267816.487  5009358.439  3221031.474
2022  62  32500 GPS  -2267816.306  5009357.893  3221030.947
2022  62  32501 GPS  -2267816.002  5009357.211  3221030.492
2022  62  32502 GPS  -2267815.787  5009356.520  3221029.938
2022  62  32503 GPS  -2267815.616  5009355.955  3221029.430
2022  62  32504 GPS  -2267815.564  5009355.450  3221029.143
2022  62  32505 GPS  -2267815.325  5009354.736  3221028.683
2022  62  32506 GPS  -2267815.359  5009354.351  3221028.273
2022  62  32507 GPS  -2267815.263  5009354.193  3221028.054
2022  62  32508 GPS  -2267815.247  5009353.781  3221027.677
2022  62  32509 GPS  -2267815.133  5009353.272  3221027.306
2022  62  32510 GPS  -2267815.068  5009352.848  3221026.936
2022  62  32511 GPS  -2267815.136  5009352.605  3221026.874
2022  62  32512 GPS  -2267815.326  5009352.675  3221026.784
2022  62  32513 GPS  -2267815.828  5009352.918  3221026.673
2022  62  32514 GPS  -2267816.026  5009352.975  3221026.558
2022  62  32515 GPS  -2267816.620  5009354.659  3221027.289
2022  62  32516 GPS  -2267816.726  5009353.440  3221026.316
2022  62  32517 GPS  -2267817.081  5009354.349  3221026.561
2022  62  32518 GPS  -2267817.355  5009353.306  3221025.917
2022  62  32519 GPS  -2267817.600  5009353.642  3221025.775
2022  62  32520 GPS  -2267817.762  5009353.786  3221025.621
2022  62  32521 GPS  -2267817.932  5009353.835  3221025.498
2022  62  32522 GPS  -2267818.216  5009354.206  3221025.653
2022  62  32523 GPS  -2267818.308  5009354.205  3221025.448
2022  62  32524 GPS  -2267818.390  5009354.164  3221025.313
2022  62  32525 GPS  -2267818.442  5009354.557  3221025.415
2022  62  32526 GPS  -2267818.479  5009354.260  3221024.998
2022  62  32527 GPS  -2267818.297  5009353.878  3221024.638
2022  62  32528 GPS  -2267818.388  5009353.826  3221024.439
2022  62  32529 GPS  -2267818.293  5009353.791  3221024.364
2022  62  32530 GPS  -2267817.826  5009353.201  3221024.122
2022  62  32531 GPS  -2267817.546  5009353.842  3221024.211
2022  62  32532 GPS  -2267817.036  5009351.571  3221023.037
2022  62  32533 GPS  -2267816.806  5009351.297  3221022.811
2022  62  32534 GPS  -2267816.477  5009350.628  3221022.434
2022  62  32535 GPS  -2267816.314  5009351.423  3221022.719
2022  62  32536 GPS  -2267815.701  5009349.165  3221021.565
2022  62  32537 GPS  -2267815.609  5009348.273  3221020.658
2022  62  32538 GPS  -2267815.547  5009347.608  3221020.065
2022  62  32539 GPS  -2267815.278  5009346.480  3221019.230
2022  62  32540 GPS  -2267815.132  5009345.484  3221018.306
2022  62  32541 GPS  -2267815.414  5009345.188  3221018.020
2022  62  32542 GPS  -2267815.512  5009345.058  3221017.951
2022  62  32543 GPS  -2267815.809  5009345.847  3221018.035
2022  62  32544 GPS  -2267815.952  5009344.272  3221017.080
2022  62  32545 GPS  -2267816.300  5009344.414  3221016.948
2022  62  32546 GPS  -2267816.863  5009346.206  3221017.719
2022  62  32547 GPS  -2267817.248  5009346.401  3221017.752
2022  62  32548 GPS  -2267817.430  5009345.175  3221017.135
2022  62  32549 GPS  -2267817.797  5009345.409  3221017.161
2022  62  32550 GPS  -2267818.120  5009346.638  3221017.710
2022  62  32551 GPS  -2267819.385  5009346.886  3221018.330
2022  62  32552 GPS  -2267818.240  5009345.184  3221017.124
2022  62  32553 GPS  -2267818.396  5009344.571  3221016.585
2022  62  32554 GPS  -2267818.492  5009344.431  3221016.355
2022  62  32555 GPS  -2267818.939  5009344.279  3221016.087
2022  62  32556 GPS  -2267819.421  5009344.238  3221015.922
2022  62  32557 GPS  -2267820.914  5009345.367  3221016.620
2022  62  32558 GPS  -2267821.181  5009345.100  3221016.235
2022  62  32559 GPS  -2267819.895  5009342.902  3221014.741
2022  62  32560 GPS  -2267820.270  5009342.798  3221014.405
2022  62  32561 GPS  -2267820.479  5009342.471  3221014.266
2022  62  32562 GPS  -2267820.757  5009342.321  3221014.152
2022  62  32563 GPS  -2267820.824  5009341.847  3221013.913
2022  62  32564 GPS  -2267820.862  5009341.419  3221013.673
2022  62  32565 GPS  -2267820.981  5009341.565  3221013.831
2022  62  32566 GPS  -2267821.421  5009342.165  3221014.044
2022  62  32567 GPS  -2267821.607  5009342.337  3221014.095
2022  62  32568 GPS  -2267822.214  5009343.154  3221014.379
2022  62  32569 GPS  -2267822.729  5009343.653  3221014.542
2022  62  32570 GPS  -2267823.354  5009344.512  3221014.979
2022  62  32571 GPS  -2267823.773  5009345.196  3221015.238
2022  62  32572 GPS  -2267824.540  5009348.001  3221016.370
2022  62  32573 GPS  -2267824.839  5009348.746  3221016.707
2022  62  32574 GPS  -2267825.280  5009349.227  3221016.848
2022  62  32575 GPS  -2267825.714  5009349.614  3221016.729
2022  62  32576 GPS  -2267825.999  5009348.653  3221016.238
2022  62  32577 GPS  -2267826.298  5009348.989  3221016.207
2022  62  32578 GPS  -2267826.658  5009349.705  3221016.364
