#cP2011  2  3  0  0  0.00000000      96 ORBIT IGS05 HLM  IGS
## 1621 345600.00000000   900.00000000 55595 0.0000000000000
+   32   G01G02G03G04G05G06G07G08G09G10G11G12G13G14G15G16G17
+        G18G19G20G21G22G23G24G25G26G27G28G29G30G31G32  0  0
+          0  0  0  0  0  0  0  0  0  0  0  0  0  0  0  0  0
+          0  0  0  0  0  0  0  0  0  0  0  0  0  0  0  0  0
+          0  0  0  0  0  0  0  0  0  0  0  0  0  0  0  0  0
++         0  2  3  2  2  3  2  2  2  2  2  2  2  2  2  2  2
++         2  2  2  3  2  2  2  3  2  2  2  2  2  2  2  0  0
++         0  0  0  0  0  0  0  0  0  0  0  0  0  0  0  0  0
++         0  0  0  0  0  0  0  0  0  0  0  0  0  0  0  0  0
++         0  0  0  0  0  0  0  0  0  0  0  0  0  0  0  0  0
%c G  cc GPS ccc cccc cccc cccc cccc ccccc ccccc ccccc ccccc
%c cc cc ccc ccc cccc cccc cccc cccc ccccc ccccc ccccc ccccc
%f  1.2500000  1.025000000  0.00000000000  0.000000000000000
%f  0.0000000  0.000000000  0.00000000000  0.000000000000000
%i    0    0    0    0      0      0      0      0         0
%i    0    0    0    0      0      0      0      0         0
/* FINAL ORBIT COMBINATION FROM WEIGHTED AVERAGE OF:        
/* cod emr esa gfz grg jpl mit ngs sio                      
/* REFERENCED TO IGS TIME (IGST) AND TO WEIGHTED MEAN POLE: 
/* PCV:IGS05_1617 OL/AL:FES2004  NONE     Y  ORB:CMB CLK:CMB
*  2011  2  3  0  0  0.00000000
PG01   3434.789660 -22925.512845 -12950.326464 999999.999999
PG02  13203.880284  23350.584730    148.212447    318.231586 11 11 10 136       
PG03 -16276.622175 -11782.438998 -17927.186551    670.945953 13 12 14  82       
PG04   4475.867636  23813.879411  10249.049274     25.304973  7  8  5 121       
PG05   7744.990425  15115.558555 -20413.374410   -108.697293  7  8  5 138       
PG06 -11771.276275 -13838.863382 -19276.165198    -53.887335 13 11 13  88       
PG07 -11127.995721  10455.372156 -21706.136795      2.896937  7  9  8 150       
PG08  -3741.605897  19365.116237 -17488.006484      7.329995  4  7  8 120       
PG09  18136.267753   9584.845090  16335.042346     59.390762  8  9  5 136       
PG10  -5074.280241  23290.001504 -11520.571727    -65.138058  8  8 10 143       
PG11 -21514.357589  -6048.556672  14282.507198   -124.172374 10 11  6 135       
PG12  16777.681812   -427.514370  20579.016964    -30.288387  6  8  9 144       
PG13 -22636.347979   6088.920314 -12670.912324    283.783858 12  5  8 118       
PG14   6280.966596 -14045.531573  21788.744082    128.542203  8  7  6 153       
PG15  25931.574265   3604.947994  -4932.685152   -155.119998  7  6 10 127       
PG16  -4253.799660 -17527.724235 -19362.294174   -147.646527  7  8  7 116       
PG17  -7701.568614  14343.333950  21066.825461    182.613989 10  9  7 134       
PG18  16515.238874 -19994.598108  -4435.986406    119.404382  9  9  7 118       
PG19 -23980.163431  -8368.715300  -8328.932986   -107.479286  7  7  7 133       
PG20 -18525.992348   6075.997029  17860.152807     48.695658 10  9  9 129       
PG21  11418.659439 -11273.075070 -20708.371331   -121.191492  8  6  5 112       
PG22   9725.040291 -23896.648639   6263.533455    153.990252 10  9  9 140       
PG23 -26721.023631    -88.470300  -1112.406510    328.381824  8  9  9 136       
PG24 -18044.144400  -7225.627737  18275.755346    362.037945  5 11  4 119       
PG25  18360.249688 -15248.140531  11638.235857    -66.611332  7  7 10 136       
PG26  17769.027261  12404.430613 -16217.960363   -111.599425 10  9 12 153       
PG27  18936.183037  14217.076839  12984.392888    233.011877  7  8  4 110       
PG28 -12351.495351  23134.074101   3633.076908     17.913503  9  6  8 121       
PG29  24065.917579  -5403.426704  -9721.352921    182.542123 11  9 10  75       
PG30   -158.498675 -21983.205643 -15288.452501    318.741211  7  5  6 156       
PG31  -6125.576811 -24173.597031   9048.589667     36.996908  7  5 10 121       
PG32 -15484.877334  -4389.027301  21363.292182   -188.327720  6 10  9 130       
*  2011  2  3  0 15  0.00000000
PG01   4264.871093 -23986.208686 -10523.715356 999999.999999
PG02  12876.208309  23349.982882   2924.929061    318.233245 10 11 10 143       
PG03 -14259.346136 -12208.534790 -19308.788546    670.949510 13 12 13 107       
PG04   3530.152254  22800.542781  12633.608739     25.314383  6  8  5 109       
PG05   6537.253493  17042.834859 -19276.045797   -108.702744  6  8  5 140       
PG06  -9483.745917 -14098.504262 -20295.274848    -53.910534 13 11 12  36       
PG07 -12409.045736   8311.955694 -21954.329612      2.897376  7  9  7 147       
PG08  -4773.759093  17519.074028 -19152.150800      7.329760  4  7  8 126       
PG09  18978.980517  11223.307349  14272.741945     59.393518  7  9  5 134       
PG10  -5900.498595  24149.587692  -9008.962574    -65.139177  7  7 10 128       
PG11 -22385.498573  -7398.969896  12236.629503   -124.174987 10 10  6 136       
PG12  15633.020797   1677.888903  21415.415489    -30.285680  6  8  8 142       
PG13 -23906.913112   5866.672358 -10172.252037    283.782753 11  5  8 125       
PG14   8689.676818 -13890.545903  21030.715567    128.544549  8  7  6 156       
PG15  25220.674609   3884.218559  -7638.466362   -155.116853  7  6  9 136       
PG16  -3035.039950 -19291.835267 -17832.209800   -147.648908  6  7  7 127       
PG17 -10036.474502  14214.232234  20125.353464    182.614515  9  8  6 126       
PG18  16460.508626 -19207.237770  -7151.199066    119.405816  9  9  7 111       
PG19 -22878.166420  -8502.020612 -10870.723032   -107.482716  7  6  7 128       
PG20 -17683.820378   4080.125981  19224.351455     48.695655 10  9  9 125       
PG21  12720.111846  -9155.574631 -21042.590914   -121.193676  8  6  4 111       
PG22  10291.174137 -24196.277562   3536.804006    153.989548 10  9  9 130       
PG23 -26685.772895   -303.547837   1733.674844    328.379777  8  9  8 125       
PG24 -18823.730871  -9052.772014  16617.794739    362.041152  4 11  4 114       
PG25  17838.185488 -13863.351236  13950.169328    -66.612771  5  8  9 136       
PG26  15925.271743  12365.592700 -18085.220673   -111.608101 10  8 11 148       
PG27  19506.413709  15327.637476  10539.069149    233.017623  7  7  5 106       
PG28 -12657.253116  23176.517355    750.789221     17.914995  9  5  8 118       
PG29  25032.178927  -5142.005400  -7084.200024    182.544844 11  8 10  99       
PG30    718.738658 -23293.096210 -13117.955699    318.743456  6  5  6 124       
PG31  -5379.147792 -23268.449539  11612.847101     37.000961  6  5  9 129       
PG32 -14168.427814  -6412.383015  21802.575176   -188.334469  6 10  8 126       
*  2011  2  3  0 30  0.00000000
PG01   4914.251303 -24832.976495  -7915.547337 999999.999999
PG02  12372.972746  23113.827015   5652.772656    318.235209 10 10 10 140       
PG03 -12131.802505 -12757.745627 -20371.581940    670.954402 13 12 12  97       
PG04   2392.679011  21617.796105  14794.362350     25.323652  6  8  5 113       
PG05   5493.406908  18897.352813 -17806.542402   -108.708220  6  8  5 140       
PG06  -7114.062863 -14479.473451 -20961.543509 999999.999999
PG07 -13806.789326   6237.034346 -21824.464259      2.898156  8  8  7 150       
PG08  -5990.856235  15588.559839 -20480.405703      7.327660  4  7  7 118       
PG09  19763.597700  12603.188017  11956.443971     59.396838  7  9  5 134       
PG10  -6550.558214  24788.348738  -6340.245090    -65.140916  7  7 10 127       
PG11 -23131.580517  -8547.505048   9980.192009   -124.177724  9 10  7 137       
PG12  14571.367214   3906.647124  21883.627998    -30.282344  7  8  7 139       
PG13 -24896.212612   5717.952579  -7500.001714    283.781265 10  6  7 113       
PG14  10999.338659 -13868.790918  19914.850320    128.547200  8  7  6 154       
PG15  24228.204498   4225.786908 -10213.900857   -155.113768  6  7  9 141       
PG16  -2001.319018 -20950.259904 -15991.280965   -147.651473  5  6  7 114       
PG17 -12251.798761  14201.675703  18839.311328    182.614789  9  8  7 117       
PG18  16305.425927 -18147.341335  -9739.444145    119.407903  9  9  7 124       
PG19 -21508.464723  -8690.420157 -13228.706760   -107.486219  7  6  7 122       
PG20 -16881.790584   1922.471147  20253.127314     48.695504  9  8  8 120       
PG21  14123.836997  -7091.607433 -21001.260491   -121.196224  9  7  4 119       
PG22  10700.689445 -24245.765998    749.014271    153.988683 10  9 10 131       
PG23 -26344.490369   -539.552228   4550.521097    328.377651  8  9  8 118       
PG24 -19590.676751 -10663.535787  14678.043073    362.043137  4 10  5 120       
PG25  17283.684671 -12228.346861  16021.799705    -66.614263  4  8  9 139       
PG26  13893.175005  12433.760517 -19658.965981   -111.616486 10  8 11 156       
PG27  19968.170722  16183.531821   7920.215385    233.021937  7  7  4 113       
PG28 -12808.350800  22942.846290  -2144.576956     17.916879  9  4  8 119       
PG29  25704.428640  -4921.363782  -4324.537753    182.546906 10  8 10 108       
PG30   1427.136539 -24414.168906 -10726.300634    318.746314  6  5  6 120       
PG31  -4431.655282 -22173.583967  13977.167401     37.004889  6  5  9 114       
PG32 -12946.459990  -8522.420087  21875.882960   -188.341358  6  9  7 123       
*  2011  2  3  0 45  0.00000000
PG01   5404.719401 -25431.774596  -5170.587461 999999.999999
PG02  11671.143852  22669.422109   8286.107389    318.237047  9 10  9 135       
PG03  -9936.412894 -13434.948994 -21097.842361    670.959017 12 12 11           
PG04   1059.177880  20307.023769  16693.041650     25.332954  6  8  4 113       
PG05   4614.304691  20633.206391 -16029.917270   -108.713463  6  7  5 134       
PG06  -4709.121107 -14983.984922 -21262.652081    -53.956316 13 11  9  33       
PG07 -15291.867444   4271.041014 -21319.386606      2.899196  9  8  6 139       
PG08  -7384.966246  13624.036791 -21450.890699      7.326997  5  7  6 116       
PG09  20446.967921  13717.525237   9428.505417     59.400611  7  9  5 131       
PG10  -7046.612619  25174.673880  -3560.582259    -65.141734  7  6 10 114       
PG11 -23718.509714  -9498.657220   7552.786304   -124.180095  9  9  7 132       
PG12  13620.271973   6217.354732  21976.128080    -30.279636  7  8  7 137       
PG13 -25583.724602   5606.202698  -4699.584157    283.780159  9  6  7 126       
PG14  13163.763180 -13964.074269  18459.542868    128.549791  8  7  6 155       
PG15  22976.809190   4660.761109 -12614.925859   -155.110162  6  7  8 134       
PG16  -1149.224516 -22456.500368 -13871.148981   -147.654223  6  6  6  99       
PG17 -14304.530810  14286.709886  17229.964468    182.615476 10  7  7 118       
PG18  16087.125936 -16817.776264 -12154.427032    119.409939  9  9  7 127       
PG19 -19897.080288  -8964.791721 -15362.679940   -107.489243  7  6  6 135       
PG20 -16149.357584   -361.350393  20928.495312     48.695585  9  8  7 130       
PG21  15602.423131  -5121.473683 -20587.064420   -121.199049  9  7  5 124       
PG22  10982.099766 -24024.904585  -2051.719795    153.987940 10 10 10 126       
PG23 -25706.449450   -833.126125   7290.604354    328.375463  8  8  7 117       
PG24 -20306.111099 -12041.903757  12489.651458    362.045936  4 10  5 118       
PG25  16735.521908 -10362.566181  17817.426848    -66.615721  3  8  9 134       
PG26  11712.737621  12630.456406 -20913.983965   -111.625520 10  8 11 159       
PG27  20280.513830  16789.530552   5170.117848    233.026365  7  7  4  98       
PG28 -12838.843749  22415.556310  -5002.149866     17.919076  9  5  8 117       
PG29  26071.327077  -4705.051696  -1490.148371    182.549213 10  8 10 110       
PG30   1984.922278 -25309.560451  -8153.043072    318.749461  6  5  6 123       
PG31  -3273.444335 -20931.419364  16101.587932     37.008932  6  5  8 119       
PG32 -11843.739004 -10679.174841  21583.190207   -188.348422  6  9  7 123       
*  2011  2  3  1  0  0.00000000
PG01   5764.152551 -25755.038356  -2336.129651 999999.999999
PG02  10753.998812  22049.099898  10780.760194    318.239041  8  9  9 136       
PG03  -7716.510619 -14237.656969 -21475.151501    670.963484 12 12 10  30       
PG04   -466.413164  18911.533555  18296.171877     25.342122  5  8  5 120       
PG05   3892.787927  22206.400131 -13976.579249   -108.719039  5  7  5 140       
PG06  -2316.240840 -15606.458318 -21192.682106 999999.999999
PG07 -16828.931566   2448.634468 -20448.365700      2.899685  9  8  6 135       
PG08  -8939.490759  11674.589447 -22048.219108      7.327772  5  7  5 113       
PG09  20987.308179  14568.848741   6734.638482     59.402532  7  9  5 120       
PG10  -7416.532310  25283.639021   -718.425917    -65.142644  7  6 10 120       
PG11 -24115.341300 -10263.875259   4996.556385   -124.182876  9  8  7 135       
PG12  12800.089793   8564.505346  21691.835819    -30.276624  7  8  6 140       
PG13 -25957.677528   5492.263667  -1818.737329    283.779100  9  7  7 119       
PG14  15141.052783 -14152.876862  16688.995738    128.552126  7  7  6 153       
PG15  21496.202920   5215.593661 -14800.371980   -155.106966  6  7  8 120       
PG16   -467.093917 -23767.064174 -11508.501214   -147.656961  7  5  6  94       
PG17 -16156.494721  14443.770020  15324.225099    182.616126 10  6  8 115       
PG18  15842.824141 -15230.200679 -14352.880327    119.411694  9  9  7 119       
PG19 -18076.804332  -9351.006195 -17236.046190   -107.492883  7  7  6 123       
PG20 -15510.108627  -2730.567676  21238.720369     48.695348  8  8  6 128       
PG21  17122.921808  -3279.912789 -19809.443704   -121.201136  9  7  5 122       
PG22  11167.740101 -23521.049878  -4816.865436    153.987002 10 10  9 127       
PG23 -24789.172824  -1218.418219   9907.612996    328.373616  8  8  7 114       
PG24 -20930.176958 -13179.974592  10089.853868    362.048330  4 10  5 118       
PG25  16229.322741  -8293.331929  19306.107391    -66.617194  3  9  8 134       
PG26   9427.825358  12969.960696 -21829.946725   -111.633838 10  8 10 156       
PG27  20405.170962  17158.332552   2333.756228    233.030516  7  7  4  92       
PG28 -12786.171466  21585.969011  -7771.127686     17.920662  9  5  8 106       
PG29  26130.405323  -4455.654808   1369.973491    182.551338  9  8 10  94       
PG30   2416.618641 -25947.796878  -5441.129952    318.751782  6  5  6 122       
PG31  -1903.197102 -19586.846829  17950.487473     37.012995  5  5  8 110       
PG32 -10877.854553 -12839.465519  20930.405519   -188.355348  6  8  6 128       
*  2011  2  3  1 15  0.00000000
PG01   6025.245740 -25782.793677    538.820615 999999.999999
PG02   9611.938376  21288.959560  13094.705282    318.240944  7  9  9 127       
PG03  -5514.919085 -15155.993246 -21496.603635    670.968068 12 12  9  59       
PG04  -2171.901590  17474.850945  19575.703669     25.351282  5  8  5 114       
PG05   3314.127141  23576.459639 -11681.781950   -108.724315  5  7  5 135       
PG06     18.492468 -16333.648259 -20752.269239 999999.999999
PG07 -18377.929418    797.561526 -19226.895414      2.900341  9  8  6 142       
PG08 -10629.722625   9786.134361 -22263.667709      7.327310  5  6  5 123       
PG09  21345.918157  15168.768054   3922.972696     59.404772  7  9  5 123       
PG10  -7692.624761  25098.081475   2136.357898    -65.143844  7  6  9 117       
PG11 -24295.471440 -10860.861486   2355.452683   -124.185483  9  8  7 132       
PG12  12123.287040  10900.064396  21036.101442    -30.273458  7  8  5 145       
PG13 -26015.464712   5336.057092   1093.276567    283.777784  8  7  7 108       
PG14  16895.042695 -14405.309092  14632.860856    128.554605  7  7  6 150       
PG15  19822.119959   5910.876298 -16732.661093   -155.103468  6  8  8 127       
PG16     64.350960 -24843.123775  -8944.426701   -147.659693  7  5  6 117       
PG17 -17775.669371  14641.732948  13154.243997    182.616486 10  6  8 124       
PG18  15608.180384 -13404.795538 -16295.431170    119.413573  8  9  7 116       
PG19 -16086.098769  -9868.773510 -18816.436726   -107.496238  6  7  5 118       
PG20 -14980.858018  -5140.652240  21178.526712     48.695489  8  7  6 128       
PG21  18648.117334  -1594.968670 -18684.266209   -121.203768 10  7  6 125       
PG22  11292.329823 -22729.737882  -7498.331573    153.986394 10 10  9 125       
PG23 -23617.812354  -1725.601904  12357.192563    328.371317  8  8  6 123       
PG24 -21423.592453 -14078.057581   7519.355418    362.050740  4  9  6 113       
PG25  15796.122000  -6054.986826  20462.189699    -66.618694  4  9  8 135       
PG26   7084.757343  13458.716437 -22391.679179   -111.642781 10  8  9 151       
PG27  20308.102800  17310.048655   -541.807728    233.034383  6  7  3  98       
PG28 -12689.516934  20454.811364 -10401.761202     17.922411  9  6  8 114       
PG29  25888.095401  -4136.445840   4206.479494    182.553862  9  8 10 111       
PG30   2751.969649 -26304.024418  -2636.253723    318.755536  6  5  6 133       
PG31   -328.130268 -18185.509778  19493.133298     37.017153  4  6  7 122       
PG32 -10058.712972 -14958.347427  19929.215060   -188.362363  6  8  6 130       
*  2011  2  3  1 30  0.00000000
PG01   6224.046753 -25503.491628   3404.405186 999999.999999
PG02   8243.052057  20427.477774  15188.726692    318.242760  6  8  9 127       
PG03  -3372.547229 -16172.942013 -21160.948869    670.973808 12 12  8  41       
PG04  -4037.136020  16039.022979  20509.526679     25.360225  4  8  5 111       
PG05   2856.767181  24707.921445  -9185.023484   -108.729519  4  8  5 133       
PG06   2251.845417 -17145.094279 -19948.632714 999999.999999
PG07 -19895.576108   -662.204481 -17676.394320      2.901384  9  8  6 141       
PG08 -12423.723685   7999.791421 -22095.216676      7.328283  5  6  5 122       
PG09  21488.748263  15537.209292   1043.109408     59.407738  6  9  5 117       
PG10  -7910.163648  24609.383814   4953.412796    -65.144247  6  6  9 114       
PG11 -24237.662159 -11312.650262   -325.517423   -124.187701  9  7  7 109       
PG12  11594.066307  13175.136647  20020.582384    -30.270509  7  8  4 140       
PG13 -25763.722230   5098.315040   3986.497801    283.776258  8  7  7 102       
PG14  18396.539660 -14686.328056  12325.785837    128.557255  7  7  7 149       
PG15  17995.045466   6760.359954 -18378.450122   -155.099996  6  8  7 129       
PG16    471.057029 -25652.009006  -6223.679521   -147.662448  7  4  7 121       
PG17 -19137.287450  14845.204974  10756.902953    182.616962  9  7  8 119       
PG18  15415.733420 -11369.647053 -17947.389396    119.415308  8  8  7 112       
PG19 -13967.788155 -10530.720446 -20076.274266   -107.499265  6  8  5 113       
PG20 -14571.025853  -7544.864744  20749.183889     48.695496  8  6  5 131       
PG21  20137.956503    -87.155408 -17233.377871   -121.205986 10  7  7 114       
PG22  11391.438451 -21654.990989 -10049.331680    153.986019 10 10  9 124       
PG23 -22224.256763  -2379.538889  14597.663149    328.369418  7  8  5 120       
PG24 -21749.199452 -14744.467761   4821.671641    362.053573  4  9  7 120       
PG25  15461.112829  -3687.761460  21265.756983    -66.620235  4  9  8 137       
PG26   4730.814924  14095.007229 -22589.380608   -111.651336  9  8  9 152       
PG27  19960.963453  17271.407390  -3408.112403    233.036232  6  7  3  97       
PG28 -12588.070203  19032.426187 -12846.354883     17.924920  9  7  8 117       
PG29  25359.427385  -3713.006556   6970.526271    182.556413  9  8 10 115       
PG30   3024.649589 -26361.021817    213.863541    318.758982  6  5  6 131       
PG31   1436.135301 -16772.086199  20704.134793     37.021383  2  6  7 115       
PG32  -9388.319018 -16990.626503  18596.854457   -188.369401  6  7  6 127       
*  2011  2  3  1 45  0.00000000
PG01   6398.353913 -24914.528354   6210.797915 999999.999999
PG02   6653.409332  19504.036038  17027.051470    318.244669  5  8  9 124       
PG03  -1327.048514 -17264.863639 -20472.669539    670.977879 11 12  6           
PG04  -6034.630506  14643.003754  21081.854266     25.369175  4  7  6 126       
PG05   2493.346012  25571.643563  -6529.366753   -108.734907  4  8  5 131       
PG06   4344.944802 -18013.876041 -18795.477306    -54.048086 10 11  6  28       
PG07 -21336.953579  -1919.019443 -15823.811072      2.901609  9  8  7 130       
PG08 -14283.480209   6350.475694 -21547.467193      7.329444  5  6  5 123       
PG09  21387.761856  15701.344880  -1854.807783     59.409640  6  9  5 108       
PG10  -8105.787306  23817.928722   7682.844617    -65.145411  6  7  9  95       
PG11 -23926.864781 -11646.505233  -3001.030730   -124.190662  8  7  7 127       
PG12  11208.319317  15341.665641  18663.017878    -30.267485  7  8  4 142       
PG13 -25218.064209   4742.291716   6811.118798    283.774928  8  7  7 108       
PG14  19624.309204 -14957.172285   9806.869031    128.559643  6  7  7 149       
PG15  16058.772683   7770.238812 -19709.209956   -155.096996  6  8  7 126       
PG16    784.418553 -26168.469944  -3393.864561   -147.665104  7  4  6 113       
PG17 -20224.668030  15015.998153   8173.213258    182.616889  9  7  8 110       
PG18  15293.475744  -9159.804183 -19279.434603    119.417073  7  8  6 130       
PG19 -11767.587645 -11341.737650 -20993.271209   -107.502838  4  8  5 119       
PG20 -14282.325488  -9895.889793  19958.468452     48.695740  8  6  5 133       
PG21  21551.074743   1231.053373 -15484.055412   -121.208567 10  7  7 125       
PG22  11499.915721 -20309.302438 -12425.233732    153.984969  9 10  9 120       
PG23 -20645.997719  -3198.637627  16590.703989    328.367345  6  8  4 132       
PG24 -21873.443401 -15195.028398   2042.427489    362.055618  3  8  7 121       
PG25  15242.635088  -1236.417095  21702.970938    -66.621768  5  9  8 130       
PG26   2412.716101  14868.919609 -22418.798137   -111.659438  9  8  8 154       
PG27  19342.399570  17074.699880  -6216.047381    233.038433  6  7  2  91       
PG28 -12519.270681  17338.592665 -15060.259117     17.925864  9  8  8 115       
PG29  24567.407075  -3154.756576   9614.618547    182.558540  8  8 10 114       
PG30   3270.799243 -26109.949720   3060.249293    318.761654  6  5  6 126       
PG31   3366.023184 -15388.636862  21563.801089     37.025309     6  6 107       
PG32  -8860.850573 -18892.379761  16955.814184   -188.376501  6  7  6 124       
*  2011  2  3  2  0  0.00000000
PG01   6586.040498 -24022.426707   8909.097900 999999.999999
PG02   4857.062889  18557.416560  18577.945475    318.246587  5  7  8 124       
PG03    588.410978 -18402.263945 -19441.985478    670.983562 11 12  5           
PG04  -8130.489039  13321.189081  21283.472676     25.378172  4  7  6 124       
PG05   2191.947653  26145.884619  -3760.691914   -108.740412  4  8  5 132       
PG06   6264.614691 -18907.645206 -17312.767429 999999.999999
PG07 -22657.177195  -2969.800711 -13701.143649      2.902419  9  8  7 131       
PG08 -16166.285008   4865.758216 -20631.446357      7.328115  5  5  5 127       
PG09  21022.044056  15694.270967  -4720.986698     59.412448  6  9  5 108       
PG10  -8315.833694  22733.200612  10276.180192    -65.147495  6  7  8 116       
PG11 -23354.816325 -11892.679933  -5626.170872   -124.193265  8  7  7 114       
PG12  10953.907297  17354.101549  16986.906540    -30.264301  7  7  3 144       
PG13 -24402.482633   4235.390106   9518.342794    283.773886  7  8  7 106       
PG14  20565.771252 -15176.961333   7119.029040    128.562118  6  7  7 149       
PG15  14058.839878   8938.727811 -20701.729313   -155.093660  6  8  7 127       
PG16   1039.831401 -26375.657003   -504.562814   -147.667691  7  5  7 104       
PG17 -21029.746881  15114.738799   5447.628047    182.617504  9  7  8 115       
PG18  15263.631979  -6816.051600 -20268.183607    119.419099  6  7  6 120       
PG19  -9532.519239 -12298.624181 -21550.852279   -107.505991  3  8  5 121       
PG20 -14108.771129 -12147.493480  18820.503141     48.695735  8  5  5 131       
PG21  22846.353984   2355.403302 -13468.381798   -121.211513 10  7  7 128       
PG22  11650.349760 -18713.295533 -14584.379423    153.984362  9 11  8 138       
PG23 -18924.793548  -4193.950232  18301.995694    328.365112  5  7  3 116       
PG24 -21767.730415 -15452.299854   -771.374939    362.057993  2  8  7 125       
PG25  15151.442469   1251.284802  21766.310038    -66.623321  5  9  7 130       
PG26    175.101845  15762.594487 -21881.349413   -111.667743  9  8  8 158       
PG27  18439.131417  16756.491932  -8916.667978    233.042858  6  6  2 116       
PG28 -12517.106919  15401.953690 -17002.824008     17.928103  9  8  7 119       
PG29  23542.100279  -2436.329334  12093.421934    182.560883  8  9  9 116       
PG30   3527.442147 -25550.800710   5853.513111    318.765032  6  5  6 120       
PG31   5430.747532 -14073.079193  22058.401959     37.029384     6  6 109       
PG32  -8463.020473 -20622.431792  15033.482993   -188.383557  6  6  7 116       
*  2011  2  3  2 15  0.00000000
PG01   6823.373610 -22842.669689  11452.213397 999999.999999
PG02   2875.759284  17624.320155  19814.263189    318.248335  6  7  8 122       
PG03   2346.231938 -19550.795611 -18084.783314    670.987784 11 11  5 100       
PG04 -10285.589029  12102.159951  21111.852461     25.387466  4  7  6 126       
PG05   1917.539887  26417.108341   -926.894319   -108.745531  4  9  5 136       
PG06   7984.487196 -19789.893084 -15526.376362 999999.999999
PG07 -23813.066503  -3819.930341 -11344.881729      2.903101  9  8  7 120       
PG08 -18026.288488   3565.031786 -19364.310521      7.327530  5  5  5 110       
PG09  20378.622596  15553.494350  -7506.828323     59.413967  5  8  5 116       
PG10  -8574.683397  21373.525355  12687.308349    -65.149674  5  7  8 115       
PG11 -22520.391846 -12083.089435  -8157.124195   -124.195858  7  7  7 132       
PG12  10811.255873  19170.975727  15021.093498    -30.261511  7  7  3 141       
PG13 -23348.431846   3550.638919  12061.236571    283.772517  7  7  6 116       
PG14  21217.374204 -15304.400048   4308.296502    128.564883  6  7  7 149       
PG15  12040.905375  10255.952214 -21338.534207   -155.090535  5  8  7 130       
PG16   1275.083076 -26265.776971   2393.584703   -147.670477  7  5  6 106       
PG17 -21553.280147  15102.545388   2627.278807    182.617820  9  8  8 120       
PG18  15341.694351  -4383.451854 -20896.623946    119.420883  5  7  6 114       
PG19  -7309.273733 -13390.047558 -21738.492050   -107.509223  3  8  5 125       
PG20 -14037.003514 -14256.137677  17355.478243     48.695564  8  5  5 129       
PG21  23984.449982   3289.712321 -11222.565222   -121.213949 10  8  7 126       
PG22  11871.616891 -16895.068324 -16488.854915    153.983529  9 10  8 132       
PG23 -17105.177385  -5368.543821  19701.810425    328.363114  5  7  3 133       
PG24 -21409.612004 -15544.563286  -3572.110764    362.060176  2  7  7 111       
PG25  15190.276796   3726.227878  21454.698467    -66.624864  6  9  7 131       
PG26  -1940.918600  16750.764732 -20984.190190   -111.676368  9  7  8 157       
PG27  17246.763100  16356.142512 -11462.063687    233.047123  5  6  2 120       
PG28 -12610.552923  13259.066175 -18638.284300     17.929870  8  9  7 120       
PG29  22319.460935  -1538.741994  14364.531661    182.562993  8  9  9 121       
PG30   3830.840889 -24692.523721   8544.719885    318.767572  5  6  6 126       
PG31   7593.325877 -12857.840471  22180.332702     37.033417  2  6  6 108       
PG32  -8174.711028 -22143.738494  12861.733390   -188.390429  6  6  7 118       
*  2011  2  3  2 30  0.00000000
PG01   7143.396183 -21399.190053  13795.718127 999999.999999
PG02    738.362130  16737.960047  20713.942261    318.250224  6  7  7 118       
PG03   3925.268773 -20672.462169 -16422.464765    670.992328 10 11  5           
PG04 -12456.971964  11007.684071  20571.124014     25.396853  3  7  6 115       
PG05   1633.539606  26380.480805   1922.957389   -108.751171  5  9  6 131       
PG06   9485.841007 -20621.402607 -13467.616950    -54.116168  9 10  8 133       
PG07 -24764.757739  -4482.836041  -8795.382065      2.903684  8  9  8 130       
PG08 -19816.156846   2459.004852 -17768.959010      7.326700  5  5  6 119       
PG09  19452.979441  15319.294413 -10165.704726     59.415778  5  8  5  98       
PG10  -8913.182896  19765.455915  14873.379056    -65.151930  5  7  7 120       
PG11 -21429.704473 -12249.942133 -10551.842056   -124.198196  6  7  7 128       
PG12  10754.240064  20756.324211  12799.274587    -30.258479  7  7  4 142       
PG13 -22093.630494   2667.959944  14395.561718    283.771560  6  8  6 125       
PG14  21584.629419 -15299.521975   1423.038094    128.567533  6  7  7 149       
PG15  10049.121870  11704.156222 -21608.214568   -155.087039  5  7  7 123       
PG16   1528.645951 -25840.397526   5249.814033   -147.673239  7  5  6 108       
PG17 -21804.709720  14942.708746   -238.851097    182.618388  8  8  8 107       
PG18  15535.756223  -1909.720960 -21154.403997    119.422649  5  6  6 118       
PG19  -5142.579065 -14596.825960 -21551.958306   -107.512547  4  8  5 123       
PG20 -14046.918469 -16182.487357  15589.262405     48.695465  8  5  5 128       
PG21  24929.231595   4045.416740  -8786.221090   -121.216071 10  8  7 119       
PG22  12187.583471 -14889.247757 -18105.196058    153.982706  9 10  7 114       
PG23 -15232.862800  -6717.173089  20765.540143    328.360900  6  6  3 133       
PG24 -20783.753583 -15504.596271  -6312.299235    362.062065     7  7 116       
PG25  15353.765975   6139.638185  20773.523565    -66.626385  6  9  7 136       
PG26  -3899.116416  17801.568255 -19740.221051   -111.685071  9  7  8 151       
PG27  15770.275574  15914.178840 -13806.266368    233.049329  5  6  3 102       
PG28 -12822.215684  10953.110048 -19936.545817     17.931847  8  9  7 115       
PG29  20939.949866   -450.314681  16389.184815    182.565275  8  9  9 129       
PG30   4214.858821 -23552.808559  11086.287720    318.770949  5  6  5 125       
PG31   9811.819181 -11768.736391  21928.184839     37.037681  3  6  6 109       
PG32  -7969.858736 -23424.632300  10476.452607   -188.397332  6  5  7 116       
*  2011  2  3  2 45  0.00000000
PG01   7574.438722 -19723.534798  15898.661892 999999.999999
PG02  -1519.996934  15926.784270  21260.432975    318.252217  6  7  7 116       
PG03   5311.488882 -21726.987102 -14481.708964    670.998371 10 11  5   7       
PG04 -14599.381659  10052.012333  19671.922826     25.405770  4  6  6 121       
PG05   1303.443241  26040.040079   4739.487194   -108.756273  5  9  6 122       
PG06  10758.133172 -21361.824823 -11172.663422    -54.139718  9 10  8  87       
PG07 -25477.198357  -4979.268164  -6096.187300      2.904549  8  9  8 113       
PG08 -21488.774070   1549.533651 -15873.570432      7.327162  4  5  6 113       
PG09  18249.244790  15033.026232 -12653.665061     59.417165  5  7  5 124       
PG10  -9357.217409  17942.828083  16795.637290    -65.152951  5  6  7 120       
PG11 -20095.953339 -12424.380472 -12770.664125   -124.200747  6  7  7 118       
PG12  10751.324504  22080.908275  10359.425960    -30.255345  7  7  4 141       
PG13 -20680.625333   1575.173310  16480.568482    283.770418  6  7  6 128       
PG14  21681.800886 -15125.403188  -1486.875150    128.569887  6  7  7 151       
PG15   8124.571915  13258.225483 -21505.650818   -155.083577  5  7  8 133       
PG16   1837.945315 -25110.387951   8014.175366   -147.676127  7  6  7 108       
PG17 -21801.692405  14602.305986  -3100.800657    182.619006  8  8  7 108       
PG18  15846.170203    556.491471 -21037.975296    119.424706  4  6  6 126       
PG19  -3073.636973 -15892.527103 -20993.453030   -107.515666  5  8  5 120       
PG20 -14112.570818 -17892.752217  13552.912434     48.695337  7  6  5 131       
PG21  25649.081242   4640.839648  -6201.634406   -121.218315 10  8  7 101       
PG22  12616.014258 -12735.789791 -19405.012194    153.981991  8 10  7 123       
PG23 -13353.104515  -8226.270658  21474.153048    328.358667  6  6  3 129       
PG24 -19882.650312 -15368.284826  -8945.373351    362.065231     7  7 113       
PG25  15628.649457   8444.768627  19734.541566    -66.627945  7  9  7 135       
PG26  -5669.339911  18877.617822 -18168.026209   -111.693447  9  7  8 155       
PG27  14024.165747  15470.588457 -15906.179235    233.051995  5  5  2 118       
PG28 -13167.259729   8532.309892 -20873.846424     17.933804  7 10  6 114       
PG29  19446.998311    832.695548  18132.905048    182.567617  7  9  9 125       
PG30   4709.395187 -22157.529887  13432.891860    318.773333  5  6  5 122       
PG31  12040.752704 -10824.112289  21306.725196     37.041527  4  6  6 119       
PG32  -7817.559137 -24439.887398   7917.022160   -188.404517  6  5  7 112       
*  2011  2  3  3  0  0.00000000
PG01   8138.822453 -17853.736886  17724.318305 999999.999999
PG02  -3859.014166  15213.376358  21443.052477    318.254211  7  7  7 118       
PG03   6498.375388 -22673.303325 -12294.144500    671.002574 10 11  5  14       
PG04 -16666.885621   9241.493388  18431.113338     25.414959  4  6  6 121       
PG05    892.456829  25408.530963   7473.885157   -108.761847  5  9  6 124       
PG06  11799.202827 -21971.314512  -8681.876988 999999.999999
PG07 -25921.468647  -5336.302027  -3293.298985      2.905384  7  8  8 107       
PG08 -22998.925166    829.790318 -13711.073502      7.325892  4  6  6 114       
PG09  16780.076971  14735.429117 -14930.065066     59.418723  5  7  5 110       
PG10  -9926.496090  15945.525865  18420.170112    -65.152834  5  7  6 124       
PG11 -18539.027694 -12635.177899 -14776.898355   -124.203360  5  7  7 125       
PG12  10766.914919  23123.187879   7743.168198    -30.252269  6  6  5 141       
PG13 -19155.171416    268.697756  18279.736402    283.769160  5  7  6 128       
PG14  21531.258725 -14749.777662  -4370.941044    128.572470  6  7  7 145       
PG15   6303.824690  14886.506271 -21032.134517   -155.080444  5  6  8 130       
PG16   2237.674747 -24095.499518  10638.449308   -147.678830  7  6  7 110       
PG17 -21569.309045  14053.681090  -5908.536012    182.619505  8  9  6 123       
PG18  16265.541785   2967.343324 -20550.587756    119.426667  4  6  6 118       
PG19  -1138.688705 -17244.365960 -20071.644030   -107.518888  5  7  6 118       
PG20 -14203.315132 -19359.811243  11282.093605     48.695421  7  6  4 120       
PG21  26118.013793   5100.219448  -3513.017539   -121.220672 10  8  7  94       
PG22  13167.733447 -10478.572909 -20365.514478    153.981249  7 10  6 125       
PG23 -11509.074623  -9874.260452  21814.568488    328.356297  6  5  4 127       
PG24 -18707.062312 -15173.122387 -11426.441999    362.068395     7  7  92       
PG25  15994.322312  10598.506231  18355.673350    -66.629558  7  9  7 135       
PG26  -7228.515420  19937.300243 -16291.736372   -111.702206  9  7  8 158       
PG27  12032.207717  15063.097085 -17722.502988    233.053984  5  5  3 109       
PG28 -13652.661497   6048.138966 -21433.268807     17.935310  6 10  6 118       
PG29  17885.375704   2305.769438  19566.070221    182.570352  7  9  8 131       
PG30   5338.961511 -20539.864654  15542.353562    318.775945  4  6  4 127       
PG31  14232.665924 -10034.274690  20326.786520     37.045557  5  7  7 118       
PG32  -7683.355016 -25171.568687   5225.748962   -188.411737  6  5  7 118       
*  2011  2  3  3 15  0.00000000
PG01   8851.807739 -15832.938947  19240.853710 999999.999999
PG02  -6234.521446  14613.579118  21257.253470    318.255954  7  8  7 113       
PG03   7487.052105 -23471.111821  -9895.928017    671.006983 10 10  6  76       
PG04 -18614.513503   8574.515494  16871.402796     25.423687  4  6  6 116       
PG05    369.060121  24506.911030  10078.771580   -108.767262  4  9  6 124       
PG06  12615.139709 -22412.156866  -6039.050470 999999.999999
PG07 -26075.882130  -5586.104462   -434.415808      2.906057  6  8  7 118       
PG08 -24304.900917    284.753139 -11318.563742      7.325108  3  6  6  94       
PG09  15066.242379  14465.000811 -16958.118332     59.420963  4  6  5 129       
PG10 -10633.602616  13818.009467  19718.548215    -65.153814  4  7  6 124       
PG11 -16784.882975 -12907.536454 -16537.354091   -124.205777  5  7  8 137       
PG12  10762.869429  23870.012944   4995.074585    -30.249201  6  6  5 140       
PG13 -17564.491251  -1246.085306  19761.446308    283.768106  6  7  5 133       
PG14  21162.518904 -14146.487841  -7178.924913    128.575107  7  7  6 151       
PG15   4617.670203  16551.892320 -20195.378830   -155.076837  6  6  8 129       
PG16   2758.228799 -22823.604372  13077.022412   -147.681445  7  6  7 122       
PG17 -21138.983545  13275.729615  -8612.866966    182.619818  8  9  6 111       
PG18  16779.053920   5277.488810 -19702.143192    119.428690  4  6  5 122       
PG19    632.232937 -18614.371239 -18801.581835   -107.521916  6  7  6 121       
PG20 -14285.135686 -20564.078217   8816.423496     48.695177  7  6  4 118       
PG21  26316.579950   5452.542536   -765.775689   -121.223374 10  8  7  91       
PG22  13846.073946  -8163.841436 -20969.936855    153.980574  7 10  6 119       
PG23  -9740.315420 -11632.187589  21779.941006    328.354237  6  5  4 127       
PG24 -17266.150988 -14956.650788 -13713.034035    362.071366  2  7  7 107       
PG25  16423.676613  12562.840953  16660.693761    -66.631091  7  9  7 131       
PG26  -8561.412156  20936.268959 -14140.807168   -111.711147  9  7  8 157       
PG27   9826.827935  14725.506948 -19220.631454    233.056931  5  5  3 129       
PG28 -14276.829886   3553.387167 -21605.088089     17.937228  6 10  6 115       
PG29  16299.524188   3956.120466  20664.395090    182.572536  6  8  8 132       
PG30   6121.463512 -18739.111902  17376.491188    318.778529  4  6  4 124       
PG31  16339.736170  -9401.230634  19005.073106     37.049681  5  7  7 111       
PG32  -7530.665100 -25609.634395   2447.251044   -188.418856  6  5  7 121       
*  2011  2  3  3 30  0.00000000
PG01   9720.831441 -13707.824133  20421.903211 999999.999999
PG02  -8599.961564  14135.879420  20704.797399    318.257916  8  8  7 112       
PG03   8286.118651 -24082.453029  -7327.227989    671.011776 10 10  6  73       
PG04 -20399.847809   8041.770984  15020.858398     25.432775  4  6  6 104       
PG05   -293.558286  23363.547439  12509.035207   -108.772505  4  9  6 125       
PG06  13219.824801 -22650.317763  -3290.589360    -54.208942  9 10  8 144       
PG07 -25926.824640  -5764.511829   2431.851770      2.906786  4  7  7 128       
PG08 -25369.969000   -108.005325  -8736.676540      7.325359  2  6  6  92       
PG09  13135.918773  14256.491968 -18705.369850     59.421970  4  5  5 109       
PG10 -11483.351734  11607.669450  20668.346815    -65.153708  4  6  5 110       
PG11 -14864.711396 -13262.025510 -18022.825233   -124.208569  5  7  8 123       
PG12  10700.112567  24317.007674   2161.933836    -30.246361  7  7  6 142       
PG13 -15955.481211  -2954.821978  20899.569211    283.766965  6  7  4 130       
PG14  20611.004900 -13296.709652  -9861.766169    128.577610  7  6  6 151       
PG15   3090.080764  18213.139522 -19009.416364   -155.074020  7  7  8 118       
PG16   3424.317370 -21329.626246  15287.703613   -147.684387  7  7  7 125       
PG17 -20547.154503  12254.932492 -11166.355399    182.620035  7  9  5 127       
PG18  17365.103119   7445.645850 -18508.916661    119.430720  4  6  5 119       
PG19   2216.314002 -19960.778997 -17204.498577   -107.525061  7  7  5 136       
PG20 -14322.111027 -21494.077111   6198.753477     48.695185  7  7  5 117       
PG21  26232.529325   5730.228199   1994.210225   -121.225359 10  8  7  96       
PG22  14646.638289  -5838.561522 -21207.840507    153.979886  6 10  6 113       
PG23  -8081.328494 -13464.646158  21369.844851    328.352128  5  5  5 127       
PG24 -15577.308574 -14754.900949 -15765.813434    362.075401  3  7  7 113       
PG25  16884.207262  14306.140045  14678.819929    -66.632665  7  8  7 131       
PG26  -9661.135927  21829.085216 -11749.704797   -111.719932  9  7  8 155       
PG27   7448.104146  14486.172574 -20371.486080    233.061153  4  4  3 111       
PG28 -15029.610596   1100.181678 -21386.944042     17.939149  6  9  6 115       
PG29  14731.922959   5763.009348  21409.322646    182.574954  5  8  7 128       
PG30   7067.245910 -16799.258360  18901.909962    318.781745  4  6  5 125       
PG31  18315.418744  -8918.741832  17363.885075     37.053476  5  7  7 107       
PG32  -7322.305358 -25752.269486   -372.198586   -188.425939  7  5  7 121       
*  2011  2  3  3 45  0.00000000
PG01  10745.064828 -11526.917342  21247.042028 999999.999999
PG02 -10907.978785  13781.083246  19793.822878    318.259679  8  8  7 122       
PG03   8911.194017 -24473.231015  -4631.614738    671.016998 10 10  6 108       
PG04 -21984.505990   7626.825783  12912.342231     25.441358  4  6  6  83       
PG05  -1116.252611  22013.136479  14722.629364   -108.777865  4  9  6 128       
PG06  13634.164506 -22656.853812   -484.648085    -54.231721  9 10  8 138       
PG07 -25469.301545  -5909.473235   5256.779244      2.907308  3  6  7 135       
PG08 -26163.662373   -377.265593  -6008.926133      7.324471  2  7  6 100       
PG09  11023.752823  14139.568794 -20144.094008     59.422950  4  5  5 105       
PG10 -12472.478183   9363.078155  21253.534819    -65.154927  4  7  4 116       
PG11 -12813.935698 -13713.697352 -19208.520662   -124.210945  6  6  8 142       
PG12  10540.291280  24468.634302   -708.022024    -30.243158  7  7  6 147       
PG13 -14372.936394  -4834.534115  21673.958949    283.765908  6  6  4 132       
PG14  19916.578999 -12189.899385 -12372.474219    128.580071  7  6  6 147       
PG15   1737.441217  19826.359177 -17494.383934   -155.070718  7  7  8 121       
PG16   4253.817635 -19654.208829  17232.465329   -147.687066  6  7  7 112       
PG17 -19833.753200  10986.094010 -13524.195422    182.620453  7 10  5 125       
PG18  17996.214463   9435.980387 -16993.158516    119.432581  3  6  5 126       
PG19   3598.689267 -21239.601419 -15307.488012   -107.528665  7  7  5 125       
PG20 -14277.953938 -22146.708191   3474.402706     48.695289  7  7  5 106       
PG21  25861.217460   5967.716059   4721.276001   -121.228170 10  8  7 103       
PG22  15557.381276  -3548.756334 -21075.295508    153.978926  6 10  5 125       
PG23  -6560.355932 -15330.974369  20590.351416    328.350264  5  6  5 123       
PG24 -13665.683928 -14600.891823 -17549.254339    362.077994  3  7  7 114       
PG25  17339.339093  15804.179560  12444.205726    -66.634281  8  8  7 135       
PG26 -10529.323560  22570.954755  -9157.491498   -111.728646  8  7  8 156       
PG27   4942.417480  14366.689327 -21152.257242    233.064472  4  4  3 121       
PG28 -15892.672233  -1261.949074 -20783.834954     17.940919  6  9  6 120       
PG29  13221.543817   7698.365585  21788.319321    182.577208  5  8  7 136       
PG30   8178.447268 -14767.346292  20090.707131    318.786132  4  6  5 127       
PG31  20116.046148  -8572.690146  15430.765164     37.057440  5  7  7 106       
PG32  -7022.051022 -25605.934923  -3185.365695   -188.432858  7  5  7 119       
*  2011  2  3  4  0  0.00000000
PG01  11915.310128  -9338.825238  21702.142937 999999.999999
PG02 -13112.066107  13542.299974  18538.801391    318.261531  8  8  7 118       
PG03   9384.178301 -24614.629050  -1855.360729    671.020848 10  9  7  76       
PG04 -23335.459284   7306.964916  10582.879030     25.450431  4  6  6 121       
PG05  -2112.908516  20495.388874  16681.310924   -108.783141  4  9  6 129       
PG06  13885.052650 -22409.124874   2329.758899 999999.999999
PG07 -24707.173063  -6059.417395   7992.326883      2.908079  3  6  6 131       
PG08 -26662.843008   -556.885166  -3181.019049      7.324643  2  7  7  88       
PG09   8769.708880  14137.684253 -21251.620082     59.423693  4  5  5 115       
PG10 -13589.668722   7132.212912  21464.725780    -65.154785  3  7  3 111       
PG11 -10671.059872 -14271.409638 -20074.439034   -124.213438  6  6  8 126       
PG12  10247.410636  24337.934199  -3565.913455    -30.240303  7  7  7 139       
PG13 -12857.865038  -6854.314780  22070.837207    283.764941  6  6  3 131       
PG14  19121.901356 -10824.420768 -14666.994591    128.582587  7  6  6 136       
PG15    568.079223  21346.632760 -15676.196002   -155.067467  6  8  8 128       
PG16   5256.908632 -17842.178013  18878.095596   -147.689681  6  7  7 130       
PG17 -19040.550441   9472.751493 -15645.045430    182.620811  7 10  5 118       
PG18  18640.191931  11219.255915 -15182.592533    119.434561  3  5  5 118       
PG19   4772.859199 -22406.310267 -13143.068666   -107.531710  8  7  5 114       
PG20 -14117.565545 -22527.198140    690.359670     48.695133  7  7  5  96       
PG21  25205.749795   6200.006852   7370.636767   -121.230701  9  7  7 113       
PG22  16559.010769  -1337.887627 -20574.936511    153.978413  5  9  5 117       
PG23  -5198.403417 -17186.675363  19453.993418    328.347624  4  7  6 127       
PG24 -11563.418682 -14523.244873 -19032.264686    362.081671  4  7  6 106       
PG25  17749.923460  17040.893953   9995.351136    -66.635836  8  8  7 135       
PG26 -11176.018732  23119.499331  -6407.305288   -111.737071  8  7  8 155       
PG27   2360.806782  14380.863334 -21547.020812    233.067391  4  5  4 113       
PG28 -16840.252793  -3487.880979 -19807.937421     17.942949  6  8  6 118       
PG29  11802.455399   9727.692220  21795.070698    182.579875  4  7  6 133       
PG30   9448.698875 -12691.710882  20921.070675    318.789077  4  6  5 133       
PG31  21702.330593  -8341.740633  13238.072000     37.061478  6  7  7 107       
PG32  -6596.184686 -25185.126672  -5944.780860   -188.439996  7  5  7 132       
*  2011  2  3  4 15  0.00000000
PG01  13214.239608  -7190.485750  21779.613383 999999.999999
PG02 -15168.205935  13405.243067  16960.374164    318.263507  8  8  7 109       
PG03   9732.254263 -24484.356254    953.341268    671.025834 10  9  7  87       
PG04 -24426.141716   7054.275199   8072.971770     25.459418  4  6  7 103       
PG05  -3289.709213  18853.533219  18351.308302   -108.788352  4  9  6 124       
PG06  14004.105741 -21891.760820   5103.651544    -54.277745  9  9  8 135       
PG07 -23653.068847  -6251.604272  10591.928418      2.908774  3  5  6 134       
PG08 -26852.507097   -684.346176   -300.149683      7.325493  2  7  6 102       
PG09   6417.750592  14267.190315 -22010.588747     59.425694  4  5  5 121       
PG10 -14815.932568   4960.725630  21299.288548    -65.155892  3  7  3 116       
PG11  -8476.415033 -14937.378403 -20605.684863   -124.216081  6  6  8 125       
PG12   9789.387625  23945.955954  -6363.021354    -30.237289  7  8  7 132       
PG13 -11445.960535  -8976.345641  22083.061674    283.763811  5  6  3 131       
PG14  18270.682948  -9207.823491 -16705.026266    128.585050  7  6  6 133       
PG15   -417.884710  22729.685602 -13586.110850   -155.064048  6  8  8 125       
PG16   6435.521121 -15940.861699  20196.750387   -147.692456  5  7  7 121       
PG17 -18209.440671   7727.238122 -17491.793313    182.621234  7 10  5 119       
PG18  19261.451998  12773.708366 -13109.827060    119.436307  2  5  5 110       
PG19   5740.773851 -23417.568205 -10748.635192   -107.534911  8  7  5 108       
PG20 -13808.542697 -22648.739815  -2105.533723     48.694972  7  7  6 102       
PG21  24276.863820   6461.206471   9899.016412   -121.233085  9  7  6 101       
PG22  17625.689592    754.651383 -19715.892441    153.977601  5  9  5 125       
PG23  -4008.546669 -18985.011877  17979.611622    328.345831  4  8  6 118       
PG24  -9308.618710 -14544.968069 -20188.747071    362.084814  5  7  6 123       
PG25  18075.845913  18008.815630   7374.436828    -66.637380  8  8  7 136       
PG26 -11619.220665  23436.496288  -3545.731245   -111.745820  8  7  9 157       
PG27   -242.907389  14534.020266 -21547.201143    233.070525  4  5  4 128       
PG28 -17840.227575  -5538.490478 -18478.263104     17.944780  7  7  7 109       
PG29  10502.627645  11811.219644  21429.575781    182.582102  3  7  6 131       
PG30  10863.186214 -10620.162139  21377.752318    318.791443  4  6  6 122       
PG31  23040.717037  -8198.278512  10822.484088     37.065571  6  8  7 109       
PG32  -6014.974595 -24511.847725  -8603.491083   -188.447167  7  6  7 128       
*  2011  2  3  4 30  0.00000000
PG01  14616.966803  -5125.496862  21478.508747 999999.999999
PG02 -17036.438822  13348.841351  15085.066662    318.265417  8  9  7 117       
PG03   9986.662460 -24067.668829   3745.230718    671.031412 10  9  8 105       
PG04 -25237.312124   6836.918658   5425.879593     25.468572  4  6  7  96       
PG05  -4644.708247  17132.696925  19703.906380   -108.793750  4  9  6 127       
PG06  14026.225887 -21097.345419   7788.965165    -54.300941  9  9  8 148       
PG07 -22327.984434  -6520.523167  13011.258446      2.909569  4  5  5 131       
PG08 -26726.306618   -799.178690   2585.715142      7.325763  3  7  6  90       
PG09   4014.400349  14536.715707 -22409.142941     59.427705  4  5  5 114       
PG10 -16125.290632   2890.329610  20761.319842    -65.156669  3  6  3 111       
PG11  -6270.841975 -15706.978353 -20792.722400   -124.218639  6  5  8 127       
PG12   9139.464197  23320.891446  -9051.595379    -30.234399  8  8  7 133       
PG13 -10166.293012 -11157.197520  21710.270617    283.762373  5  6  4 133       
PG14  17405.903655  -7356.758910 -18450.771909    128.587577  6  7  5 133       
PG15  -1228.360452  23933.553778 -11260.195919   -155.060999  5  9  7 115       
PG16   7783.121752 -13998.335506  21166.398248   -147.694878  5  7  7 125       
PG17 -17380.734620   5770.395316 -19032.237807    182.621530  7  9  5 125       
PG18  19822.482851  14085.619309 -10811.696821    119.438059  2  6  5 103       
PG19   6512.577230 -24232.937755  -8165.806264   -107.538016  8  8  5  97       
PG20 -13322.580515 -22531.839101  -4865.401006     48.694961  7  7  7 112       
PG21  23092.558205   6783.121126  12265.241819   -121.235987  9  7  6 115       
PG22  18726.008885   2694.872115 -18513.593241    153.977145  5  9  5 103       
PG23  -2995.552289 -20678.714564  16192.082154    328.343666  4  8  6 123       
PG24  -6944.096192 -14682.458018 -20998.085708    362.088086  5  7  6 119       
PG25  18277.682247  18709.188306   4626.595518    -66.638930  8  8  7 129       
PG26 -11884.109698  23489.515387   -622.065476   -111.754035  7  7  8 156       
PG27  -2814.146112  14822.694643 -21151.856529    233.071918  4  6  4 125       
PG28 -18855.444800  -7381.975194 -16820.169201     17.946670  7  7  7 114       
PG29   9342.980374  13905.265293  20698.139212    182.584546  3  7  6 133       
PG30  12399.074640  -8598.190278  21452.399223    318.793582  4  6  6 128       
PG31  24104.538788  -8109.587214   8224.439096     37.069337  5  7  7 110       
PG32  -5254.027602 -23614.806288 -11115.828650   -188.454206  7  6  7 142       
*  2011  2  3  4 45  0.00000000
PG01  16091.925885  -3182.590599  20804.521172 999999.999999
PG02 -18682.295640  13346.141946  12944.880191    318.267161  8  9  8 104       
PG03  10181.295178 -23358.116313   6470.887211    671.037023  9  8  8 148       
PG04 -25757.642315   6620.544660   2686.871734     25.477481  4  6  7 107       
PG05  -6167.725736  15378.228647  20715.938132   -108.798867  4  8  6 128       
PG06  13988.051805 -20026.792385  10339.400033    -54.323404  9  9  8 157       
PG07 -20760.573592  -6896.397459  15208.967565      2.910032  5  5  5 131       
PG08 -26286.771242   -941.314757   5428.556342      7.325199  3  7  6  93       
PG09   1607.223638  14946.825423 -22441.056000     59.429645  4  6  5 112       
PG10 -17485.750494    957.367565  19861.484788    -65.158753  3  6  3 106       
PG11  -4094.354336 -16568.799659 -20631.563384   -124.221343  6  4  8 125       
PG12   8277.425571  22496.951616 -11585.650614    -30.231433  7  9  7 124       
PG13  -9040.273658 -13349.363242  20958.899832    283.761342  4  6  5 131       
PG14  16568.068755  -5296.533924 -19873.604102    128.590093  6  7  5 117       
PG15  -1878.790853  24920.178016  -8738.701122   -155.057834  5  9  6 119       
PG16   9284.836705 -12061.664186  21771.152300   -147.697665  4  8  7 122       
PG17 -16591.531205   3630.946117 -20239.671277    182.622273  6  9  5 121       
PG18  20285.368777  15149.573613  -8328.552940    119.439979  3  6  5 103       
PG19   7106.020028 -24816.497146  -5439.680551   -107.541348  7  8  4  88       
PG20 -12636.716960 -22203.397170  -7542.139178     48.694853  7  6  7 121       
PG21  21677.484629   7193.948448  14430.800753   -121.237650  8  7  6 128       
PG22  19824.192152   4455.303636 -16989.459533    153.976290  5  9  5  80       
PG23  -2155.831974 -22221.737575  14121.925188    328.341606  4  8  7 120       
PG24  -4515.926830 -14944.761496 -21445.548774    362.092608  5  7  6 121       
PG25  18318.338274  19151.750645   1799.132838    -66.640442  8  8  7 125       
PG26 -12001.967721  23253.380789   2312.522372   -111.762683  7  7  8 155       
PG27  -5299.648857  15234.722070 -20367.770131    233.074634  4  6  4 130       
PG28 -19845.264038  -8994.848269 -14864.743802     17.948479  7  6  7 116       
PG29   8336.710700  15963.748665  19613.262090    182.587109  3  7  6 127       
PG30  14026.283463  -6667.273432  21143.733366    318.796707  4  7  7 128       
PG31  24874.933832  -8039.226306   5487.513537     37.073238  5  7  6 121       
PG32  -4295.463463 -22528.363344 -13438.187101   -188.461472  7  6  6 132       
*  2011  2  3  5  0  0.00000000
PG01  17602.022640  -1394.311642  19769.846114 999999.999999
PG02 -20078.032087  13365.472622  10576.763595    318.268994  8  9  8 112       
PG03  10351.164582 -22357.973182   9081.674520    671.041608  9  8  8 161       
PG04 -25984.015216   6369.785397    -97.530024     25.486514  4  6  7 123       
PG05  -7840.571857  13634.028029  21370.174809   -108.804187  5  8  5 124       
PG06  13926.361946 -18689.401936  12711.223496    -54.345578  9  9  8  94       
PG07 -18986.161606  -7403.852559  17147.374409      2.910732  5  5  4 116       
PG08 -25545.224010  -1149.429953   8181.021576      7.326063  3  7  6  98       
PG09   -756.713433  15489.970296 -22105.799083     59.431308  4  6  6 124       
PG10 -18860.522670   -808.384753  18616.734785    -65.159381  3  6  3 116       
PG11  -1984.827576 -17504.962575 -20123.884271   -124.223974  6  2  8 121       
PG12   7190.576703  21513.023362 -13921.740485    -30.228266  7  9  7 119       
PG13  -8080.933804 -15502.962039  19842.070928    283.760052  3  6  5 119       
PG14  15793.575813  -3060.319503 -20948.632586    128.592586  6  8  4 130       
PG15  -2391.352989  25656.860811  -6065.351214   -155.054478  4  9  6 132       
PG16  10917.906267 -10175.207207  22001.487441   -147.700385  4  7  6 130       
PG17 -15874.235716   1344.555547 -21093.352011    182.622817  6  9  5 127       
PG18  20613.319133  15968.400590  -5703.517997    119.442081  4  7  5 120       
PG19   7545.563051 -25138.295161  -2618.015391   -107.544640  7  8  4 104       
PG20 -11734.373050 -21695.565902 -10090.203042     48.694980  7  6  8 123       
PG21  20062.124218   7717.105546  16360.362761   -121.240033  8  7  6 122       
PG22  20881.480049   6015.840347 -15170.483697    153.975640  5  8  5  98       
PG23  -1477.735681 -23570.991378  11804.798779    328.339699  5  8  7 116       
PG24  -2071.874767 -15333.128514 -21522.596184    362.096740  5  6  5 133       
PG25  18164.609363  19354.199431  -1059.288675    -66.641946  8  8  6 122       
PG26 -12008.826252  22711.388328   5205.916696   -111.771171  6  7  8 152       
PG27  -7649.504129  15749.735194 -19209.337914    233.078562  4  6  4 134       
PG28 -20767.225546 -10362.573158 -12648.090262     17.950086  7  6  7 118       
PG29   7488.923640  17939.805446  18193.433258    182.589722  3  7  6 136       
PG30  15708.575800  -4863.362140  20457.572763    318.800203  4  7  7 131       
PG31  25341.487664  -7948.560828   2657.748648     37.077219  4  7  6 119       
PG32  -3128.861411 -21291.262776 -15529.792260   -188.468684  7  6  6 147       
*  2011  2  3  5 15  0.00000000
PG01  19106.009832    214.049109  18392.931465 999999.999999
PG02 -21203.611131  13371.818980   8021.971984    318.270988  8  9  8 111       
PG03  10530.808498 -21078.328525  11530.698275    671.046803  8  8  9 106       
PG04 -25921.527523   6049.778090  -2880.309067     25.495645  4  6  7  30       
PG05  -9637.588315  11940.947804  21655.608711   -108.809676  5  8  5 125       
PG06  13876.494287 -17102.599271  14864.010604    -54.368776  9  8  8  99       
PG07 -17045.514679  -8060.798070  18793.104046      2.911100  5  5  4 126       
PG08 -24521.393646  -1459.329406  10797.137289      7.325313  4  7  5 109       
PG09  -3032.365070  16150.726952 -21408.548974     59.433034  4  7  6 129       
PG10 -20209.424837  -2384.636521  17049.914611    -65.160265  3  6  4 116       
PG11     23.240898 -18491.682935 -19277.068212   -124.226337  6  2  7 123       
PG12   5874.438309  20411.157262 -16019.693801    -30.225292  7  9  7 122       
PG13  -7292.547698 -17567.547365  18379.352829    283.758895  3  7  6 124       
PG14  15113.259398   -688.045066 -21657.160000    128.595286  5  8  4 136       
PG15  -2793.889752  26117.527970  -3286.570375   -155.051393  3 10  5 118       
PG16  12652.448992  -8379.052833  21854.343063   -147.702984  4  7  5 128       
PG17 -15255.284530  -1047.382953 -21578.857205    182.623305  6  8  5 123       
PG18  20772.143594  16552.809682  -2981.721685    119.444166  4  8  4 116       
PG19   7861.207409 -25175.583145    249.654497   -107.548207  6  8  2 103       
PG20 -10606.150716 -21044.422068 -12466.354131     48.694981  7  6  8 136       
PG21  18281.776006   8370.230601  18022.262469   -121.243168  8  8  5 131       
PG22  21857.639053   7364.293580 -13088.713023    153.974732  5  8  5 107       
PG23   -942.175120 -24687.982121   9280.884868    328.337545  4  8  7 106       
PG24    340.256087 -15840.878303 -21227.083940    362.100530  4  6  5 125       
PG25  17788.598870  19341.353877  -3899.488231    -66.643434  7  8  6 119       
PG26 -11943.889831  21856.214332   8006.056396   -111.779452  6  7  8 159       
PG27  -9819.035492  16340.041845 -17698.254592    233.080829  4  6  4 133       
PG28 -21578.775704 -11479.823745 -10210.536041     17.951817  7  6  8 120       
PG29   6796.579155  19787.440940  16462.824154    182.591807  3  8  6 136       
PG30  17404.916361  -3215.606736  19406.694306    318.802596  5  7  7 130       
PG31  25502.577180  -7798.387688   -217.070839     37.081465  4  6  6 114       
PG32  -1751.936241 -19945.186676 -17353.454403   -188.475789  7  6  5 140       
*  2011  2  3  5 30  0.00000000
PG01  20560.031208   1625.226600  16698.116350 999999.999999
PG02 -22047.388527  13328.361018   5325.323413    318.272616  8 10  7 124       
PG03  10752.702739 -19538.821609  13773.752269    671.051670  8  8  9  32       
PG04 -25583.201757   5627.657985  -5614.701826     25.504683  4  6  7  74       
PG05 -11526.486145  10335.330099  21567.624710   -108.814812  5  7  4 123       
PG06  13870.845172 -15291.369066  16761.311494    -54.391792  9  8  8 123       
PG07 -14983.409799  -8877.567741  20117.662529      2.911968  5  6  4 118       
PG08 -23242.735777  -1902.434063  13233.007933      7.325334  4  7  5 105       
PG09  -5178.157619  16906.320686 -20360.136188     59.433529  5  7  6 129       
PG10 -21490.414640  -3757.191441  15189.272551    -65.160736  3  6  4 103       
PG11   1899.856300 -19500.073212 -18104.166837   -124.229120  6  3  7 127       
PG12   4333.133973  19234.942468 -17843.303974    -30.222227  7  9  7 124       
PG13  -6670.613578 -19493.945597  16596.401412    283.757768  3  6  7 123       
PG14  14551.173419   1774.976702 -21987.016472    128.597768  5  8  4 128       
PG15  -3118.614777  26283.743443   -450.653972   -155.048294  3 10  4 119       
PG16  14452.502566  -6707.638542  21333.113841   -147.705529  4  7  5 127       
PG17 -14754.127215  -3499.184655 -21688.311076    182.623740  6  8  5 112       
PG18  20731.619705  16920.742559   -209.531030    119.445909  5  8  4 116       
PG19   8087.099854 -24913.771417   3112.938806   -107.551427  5  8  2  93       
PG20  -9250.359762 -20288.511813 -14630.363645     48.694916  6  6  9 127       
PG21  16375.389681   9164.389531  19388.944341   -121.245343  8  8  4 132       
PG22  22712.532894   8496.628818 -10780.647401    153.974241  5  7  5 108       
PG23   -523.554785 -25540.289345   6594.177718    328.335285  4  9  7 108       
PG24   2674.281493 -16453.587688 -20563.357630    362.102094  4  5  5 130       
PG25  17168.940112  19144.054265  -6672.613459    -66.644961  7  8  6 127       
PG26 -11847.796264  20690.462604  10661.985188   -111.787815  6  7  8 159       
PG27 -11770.451792  16971.842603 -15863.008249    233.083851  5  6  4 134       
PG28 -22238.974875 -12350.372129  -7595.791462     17.953436  7  6  8 116       
PG29   6248.757209  21463.161405  14450.891474    182.594108  4  8  6 127       
PG30  19071.036743  -1745.381790  18010.543475    318.805661  5  7  7 131       
PG31  25365.400097  -7550.600327  -3088.177290     37.085154  3  6  6 126       
PG32   -170.909590 -18533.187022 -18876.285957   -188.482930  7  7  5 139       
*  2011  2  3  5 45  0.00000000
PG01  21919.272175   2830.432127  14715.168797 999999.999999
PG02 -22606.468772  13198.105111   2534.368375    318.274358  8  9  7 121       
PG03  11045.750768 -17767.027334  15770.226787    671.056312  8  6  9 142       
PG04 -24989.422321   5073.968653  -8254.927058     25.514201  4  6  7 101       
PG05 -13469.446548   8847.732690  21108.058952   -108.819879  5  7  5 119       
PG06  13937.505021 -13287.411747  18371.236283    -54.414320  9  8  8 116       
PG07 -12847.057023  -9856.351715  21097.937856      2.912819  5  6  4 126       
PG08 -21743.484490  -2504.420234  15447.496074      7.324765  4  7  5 108       
PG09  -7157.326277  17727.416128 -18976.932208     59.433391  5  7  6 127       
PG10 -22661.188375  -4920.232449  13067.888470    -65.162233  3  7  5 105       
PG11   3620.494084 -20497.155334 -16623.777043   -124.231867  5  5  7 111       
PG12   2579.451042  18027.829770 -19360.958746    -30.219073  6  9  7 117       
PG13  -6202.192657 -21236.051779  14524.485028    283.756381  3  6  7 119       
PG14  14123.660572   4279.638614 -21932.766527    128.600326  5  8  4 138       
PG15  -3400.643189  26145.436243   2393.096122   -155.044846  4 10  3 122       
PG16  16277.298656  -5188.607206  20447.532979   -147.707750  4  6  4 127       
PG17 -14382.505388  -5962.475101 -21420.485845    182.624400  6  7  6 122       
PG18  20466.704781  17096.472775   2566.212633    119.447798  5  8  4 115       
PG19   8259.971798 -24347.069065   5921.532916   -107.554645  4  8  4 108       
PG20  -7673.255715 -19467.320962 -16545.660074     48.694723  6  5  9 128       
PG21  14384.279030  10103.513725  20437.367320   -121.247610  7  9  4 129       
PG22  23407.693929   9416.883235  -8286.565353    153.973295  5  7  5 105       
PG23   -190.974031 -26102.819556   3791.688257    328.333149  3 10  8 105       
PG24   4887.242565 -17149.598570 -19542.229523    362.103982  3  5  5 125       
PG25  16291.774184  18797.838267  -9330.980382    -66.646435  7  8  6 112       
PG26 -11760.787086  19226.810717  13124.923413   -111.796952  5  7  8 157       
PG27 -13474.183842  17606.726536 -13738.203265    233.085087  5  6  4 133       
PG28 -22710.118592 -12986.622448  -4850.082502     17.955311  6  5  8 123       
PG29   5827.230752  22927.522574  12191.893137    182.596773  5  9  6 127       
PG30  20661.138501   -465.647200  16294.801382    318.807546  5  7  7 133       
PG31  24945.685104  -7169.830332  -5906.611117     37.089068  4  6  6 122       
PG32   1599.447372 -17098.051984 -20070.367741   -188.490154  7  7  4 135       
*  2011  2  3  6  0  0.00000000
PG01  23139.651870   3829.468357  12478.733110 999999.999999
PG02 -22886.713158  12945.541753   -301.509460    318.276216  8  9  7 118       
PG03  11433.919816 -15797.512668  17483.952265    671.060629  8  4 10 141       
PG04 -24167.119049   4363.940108 -10756.888886     25.522981  4  6  7 124       
PG05 -15424.441518   7501.893248  20285.145185   -108.825065  5  7  5 127       
PG06  14099.081904 -11128.057232  19666.950495    -54.437020  9  8  9 111       
PG07 -10684.432077 -10990.945174  21716.618185      2.913320  5  7  4 122       
PG08 -20063.464384  -3284.061370  17402.876600      7.324030  4  7  4 115       
PG09  -8939.093358  18579.153079 -17280.673662     59.434570  5  7  6 121       
PG10 -23680.782376  -5876.278440  10723.035187    -65.163946  4  7  5  95       
PG11   5166.872935 -21447.053316 -14859.828420   -124.234498  5  6  6 116       
PG12    634.570102  16831.466335 -20546.199257    -30.216225  6 10  7 108       
PG13  -5866.590696 -22752.510554  12199.906286    283.755060  3  6  7 113       
PG14  13838.745930   6774.776616 -21495.785102    128.602899  4  8  5 103       
PG15  -3676.407973  25701.309932   5195.255301   -155.041781  4 10  3 112       
PG16  18082.721123  -3841.938450  19213.453788   -147.710526  4  6  4 131       
PG17 -14144.054687  -8387.890921 -20780.776486    182.625013  6  7  6 115       
PG18  19958.551443  17109.491697   5298.939607    119.449694  6  9  4 117       
PG19   8417.478077 -23478.780027   8626.156980   -107.557804  4  8  5 103       
PG20  -5888.980990 -18619.728595 -18179.913325     48.694540  6  5  9 139       
PG21  12350.756025  11184.088802  21149.366809   -121.249435  7  9  3 126       
PG22  23907.832668  10136.771109  -5649.793043    153.972703  5  7  5 102       
PG23     90.348562 -26358.782067    922.580721    328.331280  3  9  8 100       
PG24   6940.894006 -17900.828188 -18180.835936    362.107561  3  5  5 130       
PG25  15151.445416  18341.446880 -11828.892196    -66.647928  7  9  6 130       
PG26 -11720.870124  17487.734893  15349.328864   -111.805158  5  7  7 155       
PG27 -14909.848050  18203.369577 -11363.738747    233.089388  5  6  4 126       
PG28 -22959.210366 -13408.822908  -2021.279407     17.957006  6  5  7 106       
PG29   5507.325070  24146.537348   9724.324206    182.598909  5  9  7 127       
PG30  22129.658877    619.330991  14290.824151    318.809442  5  7  6 133       
PG31  24267.089228  -6625.004030  -8624.031780     37.093123  4  6  6 111       
PG32   3536.111412 -15680.670320 -20913.345906   -188.497418  7  7  3 135       
*  2011  2  3  6 15  0.00000000
PG01  24179.490473   4630.508295  10027.699094 999999.999999
PG02 -22902.397164  12538.257112  -3132.039866    318.278204  7  9  7 124       
PG03  11935.086946 -13670.601574  18883.952697    671.065970  8  3 10 144       
PG04 -23148.729532   3478.590623 -13078.846914     25.532242  5  5  6  89       
PG05 -17346.722783   6313.969899  19113.351152   -108.830294  4  7  5 126       
PG06  14371.755608  -8854.980244  20627.076380    -54.459591  9  7  9 109       
PG07  -8542.581153 -12266.825965  21962.518902      2.914053  5  7  5 125       
PG08 -18246.701468  -4252.315409  19065.457433      7.325697  4  8  4 122       
PG09 -10499.648211  19422.397525 -15298.220440     59.436668  5  6  6 115       
PG10 -24511.115949  -6635.822630   8195.488406    -65.166328  4  7  5  93       
PG11   6527.500972 -22312.326047 -12841.277866   -124.236840  4  7  6 116       
PG12  -1472.529772  15684.105803 -21378.197947    -30.213112  6  9  6  96       
PG13  -5636.352712 -24008.215436   9663.332777    283.753788  3  6  7 102       
PG14  13695.877665   9208.985728 -20684.202689    128.605133  3  8  5 125       
PG15  -3982.026501  24958.918280   7907.161258   -155.038570  5  9  2 124       
PG16  19822.891233  -2679.383593  17652.536614   -147.713284  4  6  4 140       
PG17 -14034.242422 -10726.811660 -19781.053070    182.625359  5  7  6 130       
PG18  19195.294276  16993.225306   7943.072134    119.451457  6  9  4 119       
PG19   8596.505799 -22321.243111  11179.471141   -107.561027  4  8  5 120       
PG20  -3919.212543 -17782.501223 -19505.548378     48.694484  5  4  9 143       
PG21  10316.728271  12395.107790  21511.970356   -121.252569  7  9  3 127       
PG22  24182.227096  10674.996821  -2915.931365    153.971938  5  8  5 113       
PG23    357.487514 -26300.344679  -1962.739698    328.329247  3  9  8 101       
PG24   8803.014852 -18673.853085 -16502.374056    362.109274  2  4  6 128       
PG25  13750.887204  17815.218332 -14123.422785    -66.649407  7  9  6 114       
PG26 -11762.060370  15504.813662  17293.911531   -111.813776  4  7  7 153       
PG27 -16066.799094  18719.350929  -8783.875212    233.093532  5  6  5 123       
PG28 -22959.233901 -13643.999247    841.959995     17.958886  5  5  7 123       
PG29   5259.031286  25092.889582   7090.280689    182.601289  5  9  7 128       
PG30  23433.022605   1513.894094  12034.973217    318.810590  5  7  6 133       
PG31  23360.300489  -5890.753619 -11193.537143     37.097115  5  6  6 129       
PG32   5608.442678 -14318.460066 -21388.941532   -188.504684  7  7  2 133       
*  2011  2  3  6 30  0.00000000
PG01  25001.087563   5249.550708   7404.506227 999999.999999
PG02 -22675.530607  11948.427785  -5907.036513    318.280135  7  9  7 126       
PG03  12560.149266 -11430.900720  19945.085737    671.070453  8  4 10 146       
PG04 -21970.978212   2405.614553 -15182.047515     25.541654  5  5  6  96       
PG05 -19190.421438   5292.085416  17613.109305   -108.835707  4  6  6 124       
PG06  14764.595099  -6512.767657  21235.997471    -54.482190  9  7  9 114       
PG07  -6465.961567 -13661.561609  21830.811120      2.914784  5  8  5 128       
PG08 -16339.878593  -5411.694092  20406.158320      7.324504  4  8  3 120       
PG09 -11822.893494  20215.170772 -13061.244197     59.438109  5  6  6 122       
PG10 -25118.418981  -7216.673787   5528.799845    -65.167097  4  7  6  76       
PG11   7697.969959 -23055.393732 -10601.709352   -124.239157  4  7  5 109       
PG12  -3705.970357  14619.155224 -21842.145679    -30.210217  6  9  6 107       
PG13  -5478.528532 -24975.567464   6959.051328    283.752597  3  6  7 106       
PG14  13686.023120  11532.441075 -19512.722863    128.608142  2  8  5 117       
PG15  -4351.683727  23934.404378  10481.782474   -155.035289  5  9  2 117       
PG16  21451.819915  -1704.220921  15791.848974   -147.715742  4  6  4 136       
PG17 -14040.639425 -12933.054302 -18439.397134    182.625779  5  7  6 132       
PG18  18172.583748  16783.630476  10454.712101    119.453195  5  9  5 114       
PG19   8831.524689 -20895.419421  13536.946163   -107.564502  4  8  6 126       
PG20  -1792.529586 -16988.882900 -20500.182490     48.694567  5  4  9 128       
PG21   8322.304558  13718.295033  21517.662089   -121.254773  7  9  3 119       
PG22  24205.939197  11056.306242   -132.056172    153.970905  6  8  5 103       
PG23    648.126143 -25928.940612  -4813.567598    328.327145  3  9  8  94       
PG24  10448.487842 -19431.225723 -14535.720311    362.112786  3  5  6 112       
PG25  12101.682954  17259.432519 -16175.151624    -66.650851  7  9  7 112       
PG26 -11912.784645  13317.632723  18922.566628   -111.822295  4  6  6 152       
PG27 -16944.256794  19112.999442  -6046.225423    233.096754  6  6  5 124       
PG28 -22690.183303 -13724.661127   3691.016785     17.960359  5  6  7 123       
PG29   5048.332058  25746.907663   4334.760329    182.603825  5  9  7 104       
PG30  24531.305777   2230.549584   9567.857719    318.814233  4  7  7 128       
PG31  22261.875292  -4948.626203 -13570.478137     37.101094  5  6  5 109       
PG32   7779.141382 -13043.927714 -21487.355412   -188.511817  7  7    128       
*  2011  2  3  6 45  0.00000000
PG01  25572.151621   5709.576888   4654.396427 999999.999999
PG02 -22234.869590  11154.133092  -8577.366588    318.282071  7  8  7 128       
PG03  13312.440078  -9125.650563  20648.550327    671.075090  8  5  9 148       
PG04 -20673.515657   1140.025837 -17031.310893     25.551159  5  5  6 111       
PG05 -20910.196747   4436.190405  15810.447763   -108.840908  4  6  6 118       
PG06  15279.161780  -4147.392508  21484.065544    -54.504517  8  7  9 106       
PG07  -4494.881444 -15145.533559  21323.145320      2.915297  5  8  5 126       
PG08 -14390.687487  -6755.942229  21401.038365      7.324132  5  8  3 126       
PG09 -12900.928190  20914.212984 -10605.843623     59.438954  5  5  6 123       
PG10 -25474.493452  -7643.031810   2768.547245    -65.167428  5  8  6 103       
PG11   8680.980750 -23640.005853  -8178.838725   -124.242009  3  8  5  82       
PG12  -6024.146732  13663.915773 -21929.539637    -30.207060  6  9  6  98       
PG13  -5356.156178 -25635.444750   4134.161833    283.751396  3  7  7 100       
PG14  13792.113427  13698.651413 -18002.318329    128.610710  1  8  6 109       
PG15  -4816.097658  22651.914344  12874.552952   -155.031948  6  9    111       
PG16  22925.065731   -911.336154  13663.387345   -147.718466  4  6  5 141       
PG17 -14143.511190 -14964.464891 -16779.730710    182.626306  5  8  6 118       
PG18  16893.852470  16517.721837  12792.290585    119.455262  5  9  5 109       
PG19   9153.047999 -19230.146139  15657.670512   -107.567844  4  8  6 131       
PG20    456.475252 -16267.332708 -21146.980966     48.694606  4  4  8 131       
PG21   6404.454421  15128.599515  21164.589666   -121.257670  6 10  4 107       
PG22  23960.813644  11310.316775   2654.093640    153.970090  6  8  5 109       
PG23    998.846871 -25255.213470  -7579.844846    328.324769  4  9  8  96       
PG24  11860.102374 -20132.972278 -12314.935323    362.115721  4  5  6 102       
PG25  10223.799372  16712.670303 -17948.837661    -66.652263  7  9  7 115       
PG26 -12194.529411  10972.335539  20205.191969   -111.830514  4  6  6 154       
PG27 -17551.015069  19345.184025  -3200.705957    233.098870  6  5  4 125       
PG28 -22139.821267 -13687.338302   6478.095180     17.961947  5  7  7 121       
PG29   4838.689314  26097.260248   1504.910698    182.606291  6  9  7 101       
PG30  25389.743833   2789.201794   6933.511558    318.814899  4  7  7 128       
PG31  21012.850821  -3788.040160 -15713.254483     37.105429  5  7  5 112       
PG32  10005.494219 -11883.420901 -21205.552101   -188.519172  6  7    123       
*  2011  2  3  7  0  0.00000000
PG01  25867.027354   6039.444622   1824.629305 999999.999999
PG02 -21614.663586  10140.427594 -11095.894889    318.283932  6  7  7 125       
PG03  14187.477850  -6802.975104  20982.247509    671.079637  7  5  9 149       
PG04 -19297.465530   -315.465096 -18595.568900     25.560454  5  5  6 105       
PG05 -22462.871217   3738.248560  13736.528929   -108.846292  4  5  6 113       
PG06  15909.410031  -1804.651549  21367.710566    -54.527226  8  6  9 112       
PG07  -2664.098680 -16682.954270  20447.665314      2.915999  5  8  6 128       
PG08 -12446.134508  -8270.045286  22031.762102      7.324875  4  8  3 127       
PG09 -13734.244596  21476.631228  -7972.083155     59.440670  5  5  6 112       
PG10 -25557.765709  -7944.337538    -38.426251    -65.168298  5  8  6  93       
PG11   9486.092951 -24032.694516  -5613.925882   -124.244795  3  8  5  93       
PG12  -8381.130371  12838.567281 -21638.364881    -30.204243  6  9  5 107       
PG13  -5229.901627 -25977.846486   1237.727585    283.750099  4  6  7 103       
PG14  13989.815556  15666.076218 -16179.814279    128.613223  1  8  6 125       
PG15  -5401.128984  21142.709981  15044.156976   -155.028482  6  8    113       
PG16  24201.338013   -287.621342  11303.529398   -147.721111  3  6  5 137       
PG17 -14316.700803 -16784.347045 -14831.348416    182.626814  6  8  6 139       
PG18  15370.307803  16232.081119  14917.174760    119.457205  5  9  6 107       
PG19   9586.267419 -17361.089523  17505.077109   -107.571333  4  8  7 123       
PG20   2788.309040 -15640.455518 -21434.927413     48.694467  5  4  8 128       
PG21   4595.767699  16594.948197  20456.706280   -121.259969  6 10  5 120       
PG22  23436.222755  11470.173995   5394.926153    153.969570  6  9  6 109       
PG23   1443.468482 -24298.602676 -10213.092882    328.322760  5  9  7 101       
PG24  13029.046918 -20738.211640  -9878.663608    362.119805  5  5  6 100       
PG25   8145.001948  16210.251252 -19414.020938    -66.653733  8  9  7 127       
PG26 -12620.799780   8519.884271  21118.359695   -111.838947  4  6  5 152       
PG27 -17904.761593  19380.969214   -298.484495    233.101119  6  5  5 124       
PG28 -21304.146721 -13571.006129   9156.955717     17.963880  5  8  6 119       
PG29   4592.637331  26141.346586  -1350.763970    182.608545  6  9  7 103       
PG30  25980.024837   3216.094673   4178.528006    318.816292  4  7  7 114       
PG31  19657.182497  -2406.946576 -17584.076207     37.109256  5  7  5 107       
PG32  12240.864860 -10856.131238 -20547.409699   -188.526523  6  7  2 127       
*  2011  2  3  7 15  0.00000000
PG01  25867.675912   6272.564664  -1036.326214 999999.999999
PG02 -20853.193014   8900.127795 -13418.378756    318.285858  6  7  7 141       
PG03  15173.058531  -4510.108319  20940.985630    671.084508  7  6  9 150       
PG04 -17883.929589  -1950.354698 -19848.348659     25.569577  5  5  5 103       
PG05 -23808.989828   3182.734696  11427.104495   -108.851796  3  5  7 120       
PG06  16641.885602    471.376729  20889.455482    -54.549831  8  6  9 121       
PG07  -1001.634190 -18233.140843  19218.909361      2.916806  5  8  6 130       
PG08 -10550.860786  -9930.572794  22285.993190      7.326338  4  7  3 131       
PG09 -14331.624680  21861.576933  -5203.452820     59.442359  5  4  6 109       
PG10 -25354.095031  -8153.943379  -2844.772186    -65.168841  6  8  6 112       
PG11  10129.202422 -24204.155033  -2951.099564   -124.247396  2  8  5  86       
PG12 -10728.250920  12155.437744 -20973.164098    -30.201190  6  8  5 108       
PG13  -5059.787879 -26002.188663  -1680.100483    283.749044  5  6  7  88       
PG14  14248.597485  17399.543995 -14077.370014    128.615668  2  8  6 121       
PG15  -6126.590475  19444.016813  16953.249152   -155.025107  6  7    119       
PG16  25243.987330    187.325728   8752.425711   -147.723850  3  6  6 128       
PG17 -14528.765277 -18362.674712 -12628.364359    182.627058  6  9  6 143       
PG18  13620.653487  15961.400294  16794.228481    119.459129  4  8  6 124       
PG19  10149.917124 -15329.442380  19047.575838   -107.574608  4  8  7 131       
PG20   5159.875833 -15124.164997 -21359.005175     48.694234  5  5  7 135       
PG21   2923.359019  18081.241385  19403.839223   -121.262128  5 10  6 110       
PG22  22629.532008  11571.088456   8043.791432    153.968990  6  9  6 119       
PG23   2011.500482 -23086.587576 -12667.308604    328.320542  6  8  7 110       
PG24  13955.069554 -21206.829733  -7269.439178    362.123344  5  5  6  86       
PG25   5899.974599  15782.810222 -20545.541951    -66.655185  9  9  7 137       
PG26 -13196.441837   6014.112197  21645.818387   -111.847309  4  6  5 154       
PG27 -18031.054146  19191.068004   2609.045779    233.105249  6  5  4 111       
PG28 -20187.564379 -13415.460333  11683.591562     17.965526  6  8  6 126       
PG29   4273.420007  25885.365218  -4183.224721    182.611129  6  9  7  96       
PG30  26281.320570   3542.517714   1351.174017    318.819853  4  7  7 118       
PG31  18240.064767   -812.163896 -19149.675026     37.113162  6  7  5 115       
PG32  14436.370138  -9973.394392 -19523.725251   -188.533778  7  7  3 129       
*  2011  2  3  7 30  0.00000000
PG01  25564.372959   6445.412467  -3879.610352 999999.999999
PG02 -19991.161761   7434.280430 -15504.292288    318.287876  6  6  7 137       
PG03  16249.684947  -2291.675580  20526.527067    671.089768  7  6  8 148       
PG04 -16472.502395  -3746.534690 -20768.197056     25.578712  5  5  5 111       
PG05 -24914.244676   2747.424513   8921.896664   -108.857423  3  6  7 121       
PG06  17456.211868   2639.798364  20057.838571    -54.572384  8  6  9 123       
PG07    472.153083 -19751.998395  17657.597212      2.917092  6  8  6 126       
PG08  -8745.539071 -11706.353330  22157.704384      7.327309  4  7  3 134       
PG09 -14709.730507  22031.893529  -2346.248417     59.444834  6  4  6 118       
PG10 -24857.313356  -8307.656081  -5603.386521    -65.170474  5  7  6  89       
PG11  10631.761658 -24130.495961   -236.603269   -124.249955  3  8  4  78       
PG12 -13015.797025  11618.588197 -19944.991950    -30.197954  6  7  5 120       
PG13  -4806.943502 -25717.243050  -4568.968381    283.747630  6  6  7  81       
PG14  14533.040835  18871.418454 -11731.871612    128.618147  3  8  6 104       
PG15  -7005.303187  17597.654274  18569.096801   -155.021792  6  6  1 115       
PG16  26022.330064    540.229804   6053.340105   -147.726272  3  7  7 131       
PG17 -14744.317766 -19677.045958 -10209.086489    182.627703  6  9  6 135       
PG18  11670.551319  15737.107925  18392.323355    119.460854  4  8  6 121       
PG19  10855.411410 -13180.421327  20259.080967   -107.577923  4  7  6 126       
PG20   7525.911595 -14727.109510 -20920.287442     48.694445  5  6  7 131       
PG21   1407.959663  19547.563335  18021.675829   -121.264723  6 10  7 117       
PG22  21546.271214  11648.809672  10555.749448    153.968074  6  9  6 124       
PG23   2726.779118 -21653.623212 -14899.803883    328.318524  6  7  7 120       
PG24  14646.299234 -21501.140184  -4532.910974    362.126509  6  5  6  77       
PG25   3529.176789  15455.067728 -21323.970285    -66.656578  9  9  7 127       
PG26 -13917.360989   3509.660277  21778.809162   -111.855661  5  6  4 155       
PG27 -17962.012987  18753.037820   5471.238181    233.108118  6  4  5 106       
PG28 -18802.758918 -13259.699344  14016.844677     17.967325  6  8  6 127       
PG29   3846.608917  25344.056851  -6943.735241    182.613504  6  9  7 114       
PG30  26281.020818   3803.334038  -1499.495155    318.821736  4  7  7 118       
PG31  16806.199742    980.633904 -20381.949414     37.117582  5  8  5 120       
PG32  16542.673204  -9238.322093 -18152.069837   -188.541032  6  7  4 122       
*  2011  2  3  7 45  0.00000000
PG01  24956.100468   6595.933383  -6656.788019 999999.999999
PG02 -19070.014787   5752.294642 -17317.561218    318.289743  6  6  6 138       
PG03  17391.310893   -188.104429  19747.479374    671.094557  7  7  8 149       
PG04 -15099.847401  -5678.761110 -21339.040965     25.587952  6  5  5 102       
PG05 -25750.711572   2404.444096   6263.916398   -108.862472  4  7  7 131       
PG06  18325.844017   4664.242806  18887.246823    -54.595173  9  6  9 119       
PG07   1745.191563 -21193.657234  15790.304031      2.917760  6  8  6 121       
PG08  -7065.409232 -13559.464376  21647.392375      7.329061  4  7  2 131       
PG09 -14892.393931  21955.672531    551.126489     59.447881  6  3  5  96       
PG10 -24069.480804  -8442.205923  -8268.140478    -65.170864  5  8  5 119       
PG11  11019.769515 -23794.303802   2482.025808   -124.252615  3  8  4  95       
PG12 -15194.771089  11223.731205 -18571.252498    -30.194851  6  5  5 104       
PG13  -4435.301068 -25140.725299  -7379.195683    283.746172  7  6  7  97       
PG14  14804.346086  20062.470192  -9184.249642    128.620701  4  8  6  82       
PG15  -8042.436131  15648.503138  19864.133770   -155.018555  6  5  2 105       
PG16  26512.760112    802.931527   3251.947803   -147.729158  4  7  7 133       
PG17 -14925.521218 -20713.345327  -7615.331570    182.627807  7  9  6 124       
PG18   9551.841678  15586.125005  19684.797295    119.462540  3  7  6 124       
PG19  11706.288093 -10961.626349  21119.425929   -107.581141  5  7  6 131       
PG20   9840.505284 -14450.382369 -20125.934307     48.694098  5  6  6 129       
PG21     63.235195  20951.572353  16331.657450   -121.267626  6 10  7 109       
PG22  20200.007509  11738.095585  12888.300069    153.967504  6  9  6 130       
PG23   3606.341156 -20039.813788 -16871.970880    328.316484  7  7  6 114       
PG24  15118.734843 -21587.462428  -1717.004481    362.130016  6  5  6  90       
PG25   1077.481311  15244.841477 -21735.935505    -66.658121  9  8  7 124       
PG26 -14770.647636   1059.896190  21516.187940   -111.863905  5  6  5 159       
PG27 -17734.797307  18052.180704   8239.090269    233.110277  5  4  4  91       
PG28 -17170.285711 -13140.369219  16118.960527     17.968843  6  8  6 124       
PG29   3281.638898  24540.129709  -9584.700578    182.615843  7  9  8 106       
PG30  25975.149775   4035.394479  -4324.502701    318.824771  4  7  7 116       
PG31  15398.082028   2947.281770 -21258.527445     37.121735  5  9  5 111       
PG32  18511.817685  -8645.786048 -16456.492277   -188.548468  6  7  5 111       
*  2011  2  3  8  0  0.00000000
PG01  24050.619773   6761.902573  -9320.649005 999999.999999
PG02 -18130.253014   3871.735669 -18827.193420    318.291515  6  5  7 139       
PG03  18566.363089   1765.768702  18619.039146    671.099620  6  7  8 149       
PG04 -13798.384628  -7715.390518 -21550.477844     25.597324  6  5  5  95       
PG05 -26297.852541   2121.537585   3498.730233   -108.868103  4  8  7 127       
PG06  19219.062184   6514.027794  17397.664364    -54.617673  9  6  9 122       
PG07   2813.996347 -22512.200848  13649.024506      2.918396  6  8  5 120       
PG08  -5539.011551 -15446.507635  20762.186557      7.329606  4  6  2 131       
PG09 -14909.622175  21607.655771   3438.932412     59.449208  6  4  5 107       
PG10 -23000.851356  -8593.697688 -10794.585065    -65.170340  6  7  6 120       
PG11  11322.567780 -23185.473338   5156.829438   -124.255648  3  8  4  97       
PG12 -17218.629874  10958.488052 -16875.420477    -30.191860  6  4  5  91       
PG13  -3913.178959 -24298.551855 -10062.628344    283.745041  8  6  7  99       
PG14  15021.968852  20962.423912  -6478.736820    128.623119  4  8  6  68       
PG15  -9235.154315  13642.871072  20816.416984   -155.015207  6  5  3 122       
PG16  26699.608387   1010.991077    395.600700   -147.731747  4  8  8 117       
PG17 -15033.674368 -21466.093936  -4891.694077    182.628111  7  9  6 117       
PG18   7301.548974  15529.792347  20649.857507    119.464675  3  6  6 115       
PG19  12697.976474  -8721.329433  21614.661055   -107.584115  5  6  6 125       
PG20  12058.651322 -14287.527828 -18989.095805     48.694214  6  7  6 126       
PG21  -1104.638530  22250.026012  14360.772571   -121.270079  7 10  7 114       
PG22  18611.927183  11871.235020  15002.065420    153.966472  6  8  6 123       
PG23   4659.580528 -18289.380462 -18549.957971    328.314204  7  6  5 114       
PG24  15395.423452 -21437.551566   1128.962201    362.133751  6  4  6  97       
PG25  -1407.355648  15162.337094 -21774.354996    -66.659571 10  8  8 129       
PG26 -15735.099682  -1285.086421  20864.354881   -111.872484  5  6  5 155       
PG27 -17389.938250  17082.124386  10866.052671    233.113043  5  4  4 109       
PG28 -15317.898201 -13090.321732  17956.081487     17.970649  6  8  6 131       
PG29   2553.200540  23503.387898 -12060.492701    182.618037  7  9  7 115       
PG30  25368.456987   4275.903163  -7075.782626    318.827382  5  7  7 103       
PG31  14054.369116   5055.832338 -21763.232323     37.125658  6  9  5 132       
PG32  20299.023334  -8182.757476 -14467.075613   -188.555690  6  7  6 122       
*  2011  2  3  8 15  0.00000000
PG01  22864.225050   6979.301850 -11825.981246 999999.999999
PG02 -17209.816193   1817.792684 -20007.793962    318.293268  6  5  6 133       
PG03  19738.992107   3541.840230  17162.601496    671.104260  6  7  8 150       
PG04 -12595.137174  -9819.360851 -21397.991145     25.606425  6  5  4  81       
PG05 -26543.247119   1863.503443    673.687808   -108.873621  5  8  8 137       
PG06  20100.166600   8165.110006  15614.340328    -54.640362  9  7  9 127       
PG07   3683.628679 -23663.417073  11270.632949      2.919060  6  8  5 123       
PG08  -4187.171699 -17320.127952  19515.841842      7.329258  4  6  2 128       
PG09 -14796.347807  20970.423364   6266.931850     59.451835  5  3  5 110       
PG10 -21669.552658  -8796.098277 -13140.622881    -65.171407  5  7  5 123       
PG11  11571.491977 -22301.763060   7740.334140   -124.258244  3  7  4 116       
PG12 -19044.942609  10802.976148 -14886.649633    -30.188956  6  3  6 106       
PG13  -3214.685624 -23223.797741 -12573.453219    283.743834  8  6  7 119       
PG14  15145.321648  21570.164462  -3662.080834    128.625841  4  7  6 104       
PG15 -10572.587576  11626.820518  21409.979286   -155.011853  6  5  4 114       
PG16  26575.719639   1202.153701  -2467.430944   -147.734505  6  9  8 120       
PG17 -15030.828703 -21938.478504  -2084.782206    182.628667  8  9  7 106       
PG18   4960.704589  15583.006370  21270.924554    119.466513  3  6  6 116       
PG19  13817.895075  -6506.760326  21737.232931   -107.587499  5  5  5 126       
PG20  14137.777166 -14224.843756 -17528.720896     48.694216  6  7  5 129       
PG21  -2097.116041  23400.389100  12141.241413   -121.272461  7 10  7  79       
PG22  16810.143695  12076.677833  16861.416153    153.965846  6  8  6 120       
PG23   5887.720255 -16448.987918 -19905.244074    328.312224  8  6  4 125       
PG24  15505.362546 -21029.820567   3955.188273    362.137359  7  4  6 104       
PG25  -3876.334293  15209.745334 -21438.555042    -66.660988 10  8  8 135       
PG26 -16782.110857  -3480.297387  19837.000389   -111.880800  5  6  6 154       
PG27 -16969.601331  15845.075747  13308.740142    233.116413  4  4  4 115       
PG28 -13279.638979 -13137.330731  19498.680001     17.972202  6  8  6 129       
PG29   1642.433896  22269.595053 -14328.248164    182.620288  7  8  7 107       
PG30  24474.188106   4560.799091  -9706.964926    318.831534  6  7  7 105       
PG31  12808.404752   7267.586082 -21886.436988     37.129927  6  9  6 129       
PG32  21864.364305  -7828.989077 -12219.355869   -188.563056  6  7  6 113       
*  2011  2  3  8 30  0.00000000
PG01  21421.188065   7280.774349 -14130.306450 999999.999999
PG02 -16342.599588   -377.552785 -20839.957730    318.295223  6  5  6 141       
PG03  20870.494436   5119.587412  15405.251678    671.108103  6  7  7 152       
PG04 -11510.779390 -11949.385930 -20883.084793     25.615688  6  5  5 102       
PG05 -26483.025606   1593.743660  -2162.877366   -108.878934  6  9  8 137       
PG06  20930.831139   9600.788890  13567.380985    -54.663370  9  7  9 127       
PG07   4367.315490 -24606.502893   8696.247750      2.919702  5  7  5 111       
PG08  -3022.283383 -19130.722262  17928.607450      7.330174  5  5  2 133       
PG09 -14590.963785  20035.311563   8985.281571     59.452680  5  4  5 110       
PG10 -20100.993024  -9079.813709 -15267.141464    -65.173296  5  7  5 122       
PG11  11798.431907 -21149.046130  10186.468931   -124.260698  4  7  4 120       
PG12 -20636.900863  10730.704633 -12639.273806    -30.186169  5  3  6 116       
PG13  -2320.893213 -21955.398392 -14868.961245    283.742413  8  5  7 123       
PG14  15135.474302  21893.598444   -782.727528    128.628208  4  7  6 123       
PG15 -12036.119822   9644.523708  21635.074387   -155.008829  6  4  5 112       
PG16  26142.725876   1414.733365  -5288.730930   -147.737050  7  9  8 106       
PG17 -14881.375019 -22142.062424    757.566226    182.628858  8  8  7 107       
PG18   2573.025605  15753.593955  21536.913748    119.468601  2  5  6 123       
PG19  15045.870982  -4362.455865  21486.046760   -107.590752  5  5  5 134       
PG20  16039.190087 -14241.971232 -15769.273283     48.694267  6  7  5 118       
PG21  -2923.124118  24362.465122   9710.086529   -121.274720  8  9  7  92       
PG22  14828.758699  12377.822869  18435.034246    153.965161  5  7  6 122       
PG23   7283.618186 -14565.998809 -20915.102432    328.310036  8  6  4 118       
PG24  15482.172789 -20350.304386   6712.305962    362.139836  6  4  6 109       
PG25  -6280.898798  15381.161270 -20734.283190    -66.662442 10  7  8 129       
PG26 -17876.876012  -5487.428802  18454.684367   -111.889187  5  5  6 151       
PG27 -16515.848166  14351.751700  15527.541191    233.119525  4  4  4 123       
PG28 -11094.727495 -13303.005783  20721.932950     17.973813  6  8  6 134       
PG29    537.875060  20879.116089 -16348.623293    182.622616  7  8  7  94       
PG30  23313.552432   4923.214644 -12174.103576    318.833685  6  7  7 108       
PG31  11686.957700   9538.405704 -21625.296257     37.134007  7  9  6 127       
PG32  23174.256042  -7558.009771  -9753.617642   -188.570276  6  7  7 110       
*  2011  2  3  8 45  0.00000000
PG01  19752.915992   7694.214479 -16194.568125 999999.999999
PG02 -15557.162640  -2676.619384 -21310.536610    318.297230  7  5  6 139       
PG03  21920.842187   6486.595051  13379.157915    671.113061  6  7  7 152       
PG04 -10558.923689 -14061.324519 -20013.331063     25.624863  7  5  4 112       
PG05 -26121.988672   1275.866238  -4962.461089   -108.884520  6  9  8 149       
PG06  21671.566358  10812.139561  11291.271258    -54.686392  9  7  9 119       
PG07   4885.742767 -25305.654248   5970.511050      2.920336  6  7  5 112       
PG08  -2047.924296 -20828.274827  16026.966064      7.330130  5  5  2 131       
PG09 -14333.695671  18803.012368  11545.463527     59.454782  5  4  5 121       
PG10 -18327.017301  -9470.404775 -17138.603033    -65.174332  5  7  4 120       
PG11  12034.363188 -19741.240362  12451.471998   -124.263474  4  6  4 119       
PG12 -21964.619735  10709.743410 -10172.209029    -30.183132  5  2  6 123       
PG13  -1220.737267 -20536.647710 -16910.247916    283.741245  9  5  6 126       
PG14  14956.787486  21949.181330   2110.010725    128.630709  4  7  6  96       
PG15 -13599.985793   7736.707740  21488.311887   -155.005720  6  4  5 119       
PG16  25411.006129   1685.973621  -8020.514075   -147.739660  8  9  8  96       
PG17 -14553.540430 -22096.193475   3587.075753    182.629211  8  8  7 102       
PG18    183.492531  16041.950014  21442.449579    119.470160  3  5  6 126       
PG19  16354.860170  -2328.735117  20866.415435   -107.593723  5  5  5 130       
PG20  17729.389463 -14312.750804 -13740.356130     48.694089  6  7  5 121       
PG21  -3598.600601  25099.987161   7108.586900   -121.277106  8  9  7 112       
PG22  12706.711311  12792.007685  19696.406010    153.964543  5  7  6 128       
PG23   8831.910857 -12686.726701 -21562.948138    328.308021  8  6  4 132       
PG24  15362.597494 -19393.326886   9352.281968    362.142804  6  3  6 111       
PG25  -8574.608762  15662.828602 -19673.611648    -66.663884 10  7  8 134       
PG26 -18979.850471  -7276.119731  16744.271171   -111.898030  5  5  6 160       
PG27 -16068.961898  12621.004130  17487.126892    233.122117  4  4  4 124       
PG28  -8806.282173 -13601.935507  21606.038632     17.975870  6  7  6 136       
PG29   -763.883527  19375.388929 -18086.492660    182.624933  8  7  7 125       
PG30  21914.914423   5392.066454 -14436.340056    318.835825  7  7  7 111       
PG31  10709.230203  11820.264599 -20983.847663     37.138455  7  9  6 125       
PG32  24202.685649  -7338.387461  -7114.085591   -188.577317  6  6  7 104       
*  2011  2  3  9  0  0.00000000
PG01  17896.854142   8241.545344 -17983.763080 999999.999999
PG02 -14875.677831  -5037.331289 -21412.781878    318.299041  7  5  6 130       
PG03  22850.254687   7638.748643  11120.885908    671.117081  7  7  7 152       
PG04  -9745.675562 -16109.677794 -18802.326428     25.633956  7  5  4 104       
PG05 -25473.409408    875.279461  -7677.202797   -108.889599  7  9  8 148       
PG06  22283.239388  11798.159887   8824.331222    -54.709019 10  8  9 115       
PG07   5266.050163 -25731.476201   3140.796843      2.920796  5  6  4 111       
PG08  -1258.828269 -22364.246914  13843.241019      7.331117  5  5  3 118       
PG09 -14064.873383  17283.817384  13901.234594     59.458136  5  4  5 112       
PG10 -16384.841008  -9987.485788 -18723.585692    -65.173461  5  6  4 121       
PG11  12307.913863 -18099.915155  14494.762299   -124.266045  4  5  4 113       
PG12 -23006.177963  10704.119287  -7528.267241    -30.180364  5  2  6 101       
PG13     88.389854 -19013.551249 -18662.841439    283.740145  9  5  6 119       
PG14  14578.417614  21761.132439   4966.787359    128.633052  5  7  6 114       
PG15 -15232.150715   5939.248272  20972.682379   -155.002128  6  4  5 116       
PG16  24399.333065   2050.445819 -10616.397890   -147.742515  8 10  8  84       
PG17 -14020.740871 -21827.133425   6355.821548    182.629768  8  8  7 118       
PG18  -2163.126925  16440.953558  20988.008385    119.472251  4  5  6 121       
PG19  17711.937015   -440.356105  19889.901030   -107.596947  6  4  4 117       
PG20  19181.195119 -14406.315068 -11476.248986     48.694271  6  6  5 119       
PG21  -4145.738468  25582.101283   4381.617060   -121.279162  8  8  6 116       
PG22  10486.457873  13329.736482  20624.239897    153.963795  4  6  5 130       
PG23  10509.485870 -10854.756510 -21838.566834    328.305811  8  6  6 132       
PG24  15184.891909 -18161.844353  11829.285314    362.144252  6  3  6 108       
PG25 -10714.731281  16033.699753 -18274.733186    -66.665416  9  7  9 131       
PG26 -20048.390993  -8824.861843  14738.246597   -111.906235  5  5  6 157       
PG27 -15665.893364  10679.165087  19156.862861    233.123916  4  5  4 124       
PG28  -6459.918492 -14041.086067  22136.477351     17.977646  6  7  6 132       
PG29  -2257.847139  17803.285127 -19511.577447    182.627079  7  7  7 123       
PG30  20312.744885   5990.826982 -16456.497534    318.839695  7  7  6 115       
PG31   9886.179695  14062.968162 -19972.975363     37.142228  8  9  6 117       
PG32  24932.132995  -7135.202426  -4348.034434   -188.584559  6  7  7  96       
*  2011  2  3  9 15  0.00000000
PG01  15895.174337   8937.728804 -19467.508197 999999.999999
PG02 -14313.156379  -7414.681114 -21146.365640    318.301006  7  5  6 131       
PG03  23620.747198   8580.096459   8670.655755    671.121212  7  7  7 148       
PG04  -9069.477764 -18049.163073 -17269.550592     25.642982  7  5  4  84       
PG05 -24558.525696    360.716956 -10260.688245   -108.895420  7  9  7 152       
PG06  22728.595928  12565.626631   6208.113597    -54.731736 10  8  9 126       
PG07   5540.566851 -25862.155589    256.362765      2.921261  5  6  4 110       
PG08   -641.221969 -23693.443847  11415.073023      7.331652  5  4  3 111       
PG09 -13823.173003  15497.482170  16009.571711     59.461263  5  3  4 112       
PG10 -14315.799133 -10643.844991 -19995.271304    -65.174655  4  6  3 123       
PG11  12644.029771 -16253.588378  16279.752242   -124.268694  5  4  4 114       
PG12 -23748.354838  10675.383248  -4753.394539    -30.177403  5  3  6  95       
PG13   1600.372139 -17433.097885 -20097.250654    283.738804  9  5  5 120       
PG14  13975.637325  21360.371268   7739.041458    128.635614  4  7  5 101       
PG15 -16895.437655   4281.963969  20097.474492   -154.999122  7  4  6 110       
PG16  23134.217846   2538.543847 -13032.158951   -147.745265  9 10  8 101       
PG17 -13262.740160 -21366.944275   9017.003267    182.630122  8  8  8 111       
PG18  -4423.758228  16936.169522  20179.984046    119.474142  4  5  6 122       
PG19  19079.511719   1274.598443  18574.055874   -107.600116  6  5  3 108       
PG20  20374.648236 -14488.378057  -9015.361666     48.694092  6  6  5 110       
PG21  -4591.957041  25784.676046   1576.877444   -121.282176  8  8  6 118       
PG22   8212.530114  13994.174121  21202.804503    153.963070  3  5  5 128       
PG23  12286.260191  -9109.397015 -21738.224883    328.303676  8  6  7 136       
PG24  14987.169421 -16667.453348  14100.503734    362.146399  6  3  7 109       
PG25 -12663.693275  16466.290267 -16561.652743    -66.666894  9  6  9 115       
PG26 -21038.500950 -10121.520559  12473.945227   -111.914693  5  5  7 153       
PG27 -15338.876635   8559.145871  20511.130621    233.127112  4  5  4 128       
PG28  -4102.267508 -14619.473083  22304.215825     17.979264  6  6  5 130       
PG29  -3930.603132  16207.423121 -20598.991306    182.629864  7  6  6 118       
PG30  18546.374254   6736.516959 -18201.602846    318.843803  7  7  6 114       
PG31   9220.184190  16215.978147 -18610.235108     37.146416  8  9  6 108       
PG32  25354.144929  -6911.664408  -1504.842575   -188.591922  6  6  7 102       
*  2011  2  3  9 30  0.00000000
PG01  13793.297086   9790.044799 -20620.535121 999999.999999
PG02 -13876.974997  -9762.290728 -20517.287736    318.302907  7  6  7 127       
PG03  24197.595809   9322.396628   6071.561444    671.125488  7  7  7 144       
PG04  -8521.254699 -19836.307123 -15440.124926     25.652044  7  5  4  82       
PG05 -23405.742297   -294.364839 -12668.728069   -108.900543  7  9  7 151       
PG06  22973.729149  13128.665417   3486.748902    -54.754581 10  8  9 115       
PG07   5745.339741 -25684.347731  -2632.537421      2.921935  5  5  4 123       
PG08   -173.518631 -24775.780432   8784.772274      7.331259  5  4  4 108       
PG09 -13643.904376  13472.703438  17831.586075     59.463675  5  4  5  93       
PG10 -12163.951879 -11444.818182 -20931.875087    -65.175189  4  6  3 118       
PG11  13062.798626 -14236.740988  17774.578846   -124.271328  5  4  4 122       
PG12 -24187.034065  10584.285507  -1895.848794    -30.174303  5  3  6 110       
PG13   3300.437677 -15841.515237 -21189.426452    283.737581  9  6  4 136       
PG14  13130.923514  20783.218299  10379.792943    128.637910  4  7  5 108       
PG15 -18548.858319   2787.655547  18878.087389   -154.995975  7  4  6 111       
PG16  21648.975287   3175.131713 -15226.463670   -147.747805  9  9  8  87       
PG17 -12266.574020 -20752.173768  11525.694340    182.630484  8  8  8 115       
PG18  -6558.453233  17506.334408  19030.671221    119.475940  5  5  6 107       
PG19  20416.726824   2795.568587  16942.071524   -107.603686  6  6  2 109       
PG20  21297.649090 -14522.673845  -6399.611434     48.694190  6  6  5 110       
PG21  -4968.635926  25691.375470  -1255.972579   -121.284612  8  7  5 123       
PG22   5930.023547  14780.924673  21422.182904    153.962599  1  4  5 128       
PG23  14126.230175  -7484.323129 -21264.663836    328.301622  7  6  7 121       
PG24  14805.772664 -14930.064853  16126.892641    362.149449  6  3  7 120       
PG25 -14390.338997  16927.794676 -14563.779628    -66.668422  9  5  9 112       
PG26 -21906.601995 -11163.465563   9992.716600   -111.922530  5  4  7 154       
PG27 -15114.253618   6299.329103  21529.565959    233.131111  4  5  4 110       
PG28  -1779.461286 -15328.117754  22105.854729     17.980871  6  6  5 127       
PG29  -5760.638470  14630.500103 -21329.692722    182.632241  7  5  6 117       
PG30  16658.595346   7638.949926 -19643.334992    318.846425  7  6  6 101       
PG31   8705.066924  18230.264865 -16919.542187     37.150508  9  9  7 127       
PG32  25469.541812  -6630.800641   1364.984355   -188.599220  6  6  7 103       
*  2011  2  3  9 45  0.00000000
PG01  11638.301421  10797.667019 -21423.106356 999999.999999
PG02 -13566.715139 -12034.008592 -19537.676559    318.304978  8  6  7 123       
PG03  24550.663719   9884.377275   3368.771636    671.129318  7  7  7 145       
PG04  -8084.857181 -21430.999630 -13344.468012     25.661388  7  5  4  82       
PG05 -22049.572764  -1110.570314 -14860.100084   -108.905913  7  8  7 158       
PG06  22989.441669  13508.049257    706.245600    -54.777031 10  8  8 126       
PG07   5918.514063 -25193.740403  -5475.562466      2.922333  6  4  5 116       
PG08    172.655042 -25577.867711   5998.556454      7.331677  6  5  4 104       
PG09 -13557.421903  11246.219454  19333.378274     59.466274  6  3  5  98       
PG10  -9974.594445 -12387.939268 -21517.011804    -65.175676  4  6  3 128       
PG11  13578.485789 -12088.590753  18952.733185   -124.273958  5  3  4 120       
PG12 -24327.258330  10392.490286    994.666936    -30.171557  6  4  5 110       
PG13   5165.556647 -14282.573770 -21921.131964    283.736507  9  6  2 125       
PG14  12034.774189  20069.911182  12844.402123    128.640202  4  6  5 104       
PG15 -20149.095844   1471.423495  17335.743734   -154.992621  7  4  6 100       
PG16  19982.541417   3978.395523 -17161.562922   -147.750537 10  9  8 103       
PG17 -11027.206239 -20022.389573  13839.557461    182.631110  8  7  8 112       
PG18  -8531.724904  18124.114187  17558.160728    119.477961  5  5  5 100       
PG19  21680.978472   4110.070878  15022.344667   -107.606885  7  6  3 112       
PG20  21946.305223 -14472.490317  -3673.731520     48.694423  5  6  6 113       
PG21  -5309.660375  25294.440346  -4066.262043   -121.286823  8  7  5 113       
PG22   3683.070315  15678.103031  21278.440123    153.961659  1  3  4 126       
PG23  15988.749388  -6006.456730 -20426.984153    328.299539  8  6  8 103       
PG24  14673.735469 -12977.260450  17873.843060    362.151996  6  3  7 118       
PG25 -15870.944964  17381.420861 -12315.426859    -66.669932  8  5  9 119       
PG26 -22611.258013 -11957.322300   7339.057285 999999.999999
PG27 -15011.538407   3942.296576  22197.222339    233.134469  5  5  4 113       
PG28    464.367165 -16150.290388  21543.717541     17.982333  6  5  5 128       
PG29  -7718.980039  13111.708079 -21690.834575    182.634668  7  4  5 125       
PG30  14694.166158   8700.250852 -20758.400003    318.848979  8  6  6 100       
PG31   8326.480045  20060.110119 -14930.728213     37.154750  9  8  7 125       
PG32  25288.253077  -6257.140203   4210.793808   -188.606586  6  6  7 111       
*  2011  2  3 10  0  0.00000000
PG01   9477.280268  11951.551370 -21861.346905 999999.999999
PG02 -13374.313772 -14185.483009 -18225.493581    318.307082  8  6  8 117       
PG03  24655.542127  10290.747523    608.728518    671.133994  7  7  6 146       
PG04  -7737.796216 -22797.946697 -11017.847969     25.670802  7  5  5  22       
PG05 -20529.360936  -2101.576297 -16797.243767   -108.911252  7  8  6 154       
PG06  22752.449844  13730.250001  -2086.246590    -54.799895 10  7  8 123       
PG07   6098.632728 -24395.271701  -8223.194533      2.923389  6  4  5 110       
PG08    431.138637 -26074.349863   3105.689668      7.331933  6  5  4 106       
PG09 -13587.733402   8861.562753  20486.805792     59.468601  6  3  4 115       
PG10  -7792.721592 -13462.882804 -21739.993070    -65.176236  4  6  3 130       
PG11  14198.824863  -9851.677949  19793.571285   -124.276707  5  2  4 129       
PG12 -24182.932735  10064.260510   3867.897668    -30.168815  6  5  5 110       
PG13   7165.153304 -12796.001824 -22280.218158    283.735265  9  6  2 128       
PG14  10686.225756  19262.992980  15091.283748    128.642743  4  6  5 122       
PG15 -21652.082922    340.287762  15497.109395   -154.989484  7  5  6 110       
PG16  18178.084794   4958.944818 -18803.939812   -147.753368 10  9  8  94       
PG17  -9547.893700 -19218.616169  15919.517631    182.631432  8  7  7 109       
PG18 -10313.733745  18757.113049  15786.142043    119.479554  5  5  5 103       
PG19  22829.504700   5213.942469  12847.969453   -107.610246  7  6  3 128       
PG20  22324.974169 -14302.239396   -884.520715     48.693877  6  6  6  99       
PG21  -5649.838353  24595.133988  -6803.313974   -121.289393  8  6  5 116       
PG22   1513.351239  16666.697896  20773.701122    153.960799  2  3  4 125       
PG23  17829.982657  -4695.124453 -19240.424825    328.297431  8  6  8 136       
PG24  14619.396607 -10843.358997  19311.757569    362.154201  6  3  7 115       
PG25 -17089.953772  17787.891411  -9855.225764    -66.671401  8  4  9 113       
PG26 -23114.784086 -12518.371622   4559.733252 999999.999999
PG27 -15042.743314   1533.437874  22504.667239    233.137033  5  4  3 118       
PG28   2588.521638 -17062.036648  20625.877760     17.984170  5  4  5 129       
PG29  -9770.134356  11685.296665 -21676.003453    182.637162  7  4  4 125       
PG30  12698.264912   9914.661463 -21528.832733    318.852118  8  5  5 122       
PG31   8062.631150  21664.785458 -12678.976539     37.158774  9  8  7 134       
PG32  24828.795582  -5758.322015   6982.745582   -188.613699  6  6  7 100       
*  2011  2  3 10 15  0.00000000
PG01   7355.701181  13234.642656 -21927.486440 999999.999999
PG02 -13284.513005 -16175.653662 -16604.152199    318.308761  8  7  8 126       
PG03  24494.468174  10571.004740  -2161.640837    671.138367  7  7  6 148       
PG04  -7452.242646 -23907.965899  -8499.833624     25.679457  7  5  4 108       
PG05 -18887.829962  -3273.410006 -18446.895948   -108.916455  7  7  6 152       
PG06  22246.384446  13826.276116  -4843.201132    -54.822870 10  7  7 120       
PG07   6322.924281 -23302.992796 -10827.633371      2.923960  6  5  5 118       
PG08    639.678806 -26248.929956    157.541676      7.331930  5  6  4  91       
PG09 -13751.375076   6367.512699  21270.135563     59.470630  6  3  4  97       
PG10  -5661.499944 -14651.704287 -21596.050058    -65.177414  4  6  4 126       
PG11  14924.594161  -7570.324672  20282.693750   -124.279164  5  2  5 124       
PG12 -23776.189741   9568.043868   6673.938228    -30.165865  7  5  4 118       
PG13   9262.104623 -11416.069113 -22260.802725    283.734154  9  6  2 120       
PG14   9093.053393  18405.632878  17082.566872    128.644968  3  5  4 117       
PG15 -23014.615554   -606.878774  13393.827300   -154.986596  7  5  6 109       
PG16  16281.460946   6119.199904 -20124.899708   -147.756007 10  8  8  55       
PG17  -7840.247314 -18381.731581  17730.384840    182.631563  8  6  7 110       
PG18 -11881.279447  19369.101710  13743.608827    119.481690  5  5  5  91       
PG19  23820.981792   6111.271147  10456.165944   -107.613466  8  6  4 106       
PG20  22445.996410 -13979.002510   1919.954394     48.693905  6  6  6  94       
PG21  -6023.258507  23603.823089  -9417.482457   -121.292074  8  5  5 120       
PG22   -541.299332  17721.214213  19916.137399    153.960223  3  3  3 120       
PG23  19604.479329  -3561.519434 -17726.046831    328.295289  8  6  9 123       
PG24  14665.219010  -8568.233443  20416.525918    362.158477  5  4  7 121       
PG25 -18040.398920  18107.053877  -7225.465506    -66.672895  8  3  9 113       
PG26 -23384.682363 -12869.637161   1702.913502   -111.946409  5  6  9 101       
PG27 -15211.980247   -880.514324  22448.018481    233.139649  5  4  4 121       
PG28   4557.071079 -18032.973831  19366.120482     17.985658  6  3  4 119       
PG29 -11873.291193  10379.339475 -21285.343444    182.639706  7  4  3 114       
PG30  10714.949721  11268.635675 -21942.226466    318.854786  8  4  5 103       
PG31   7885.321230  23010.035773 -10204.149624     37.162835  9  7  7 103       
PG32  24117.424176  -5106.559425   9632.727453   -188.621001  7  6  6 109       
*  2011  2  3 10 30  0.00000000
PG01   5315.832375  14622.393491 -21620.007738 999999.999999
PG02 -13275.585398 -17968.108734 -14702.061839    318.310653  9  7  8 118       
PG03  24056.992238  10758.088603  -4895.688601    671.143231  8  7  6 148       
PG04  -7196.257934 -24739.068533  -5833.649478     25.688791  7  5  5  92       
PG05 -17169.513282  -4624.021873 -19780.657594   -108.922019  6  7  5 151       
PG06  21462.548333  13830.338372  -7517.496786    -54.845113 10  7  6 126       
PG07   6625.649667 -21939.581480 -13243.655299      2.924812  6  5  5 130       
PG08    838.197699 -26095.036598  -2793.409583      7.332683  5  6  4 109       
PG09 -14056.609422   3816.312070  21668.557083     59.473661  6  3  4 116       
PG10  -3620.801794 -15929.374190 -21086.475630    -65.178203  4  6  5 123       
PG11  15749.496394  -5289.034825  20412.186064   -124.281739  4  3  4 126       
PG12 -23136.442187   8877.895912   9364.125240    -30.163204  7  5  3 131       
PG13  11413.988291 -10170.389659 -21863.351223    283.732856  8  6  3 126       
PG14   7271.648522  17539.941333  18784.692833    128.647596  3  5  4 115       
PG15 -24195.941825  -1379.102965  11061.973768   -154.983121  7  6  6 116       
PG16  14339.565804   7453.092030 -21101.091782   -147.758700 10  7  7  88       
PG17  -5923.986250 -17550.882054  19241.418859    182.632247  8  5  6 116       
PG18 -13218.556445  19921.424562  11464.464787    119.483483  5  5  5 101       
PG19  24617.070461   6814.017983   7887.654355   -107.616776  8  6  4 113       
PG20  22329.126271 -13473.989944   4691.191420     48.693802  6  6  7 100       
PG21  -6461.663845  22339.681610 -11861.191072   -121.294170  8  4  5 122       
PG22  -2448.145157  18810.573237  18719.860929    153.959396  4  3  3 128       
PG23  21266.805670  -2608.482096 -15910.329266    328.293323  9  6  9 119       
PG24  14826.858698  -6195.926533  21169.894814    362.162693  5  4  7 122       
PG25 -18724.004605  18299.537448  -4471.368516    -66.674371  7  3  9 110       
PG26 -23394.857390 -13040.709506  -1182.668108   -111.954888  6  7  9  77       
PG27 -15515.343259  -3252.976369  22028.926480    233.143798  5  4  3 119       
PG28   6340.023281 -19027.336296  17783.833440     17.987500  6  3  4 116       
PG29 -13983.744798   9214.752974 -20525.561372    182.642210  7  5  2 116       
PG30   8785.674031  12741.219603 -21991.891190    318.857717  8  4  4 106       
PG31   7761.248769  24069.306964  -7550.024783     37.166904  9  7  7 108       
PG32  23186.997308  -4279.902832  12115.207772   -188.628228  7  6  6 114       
*  2011  2  3 10 45  0.00000000
PG01   3395.291932  16083.578264 -20943.697957 999999.999999
PG02 -13320.302669 -19532.261374 -12552.108174    318.312434  9  8  8 123       
PG03  23340.377058  10886.935555  -7547.776274    671.146484  8  7  6 142       
PG04  -6935.210543 -25277.281434  -3065.442513     25.697975  7  6  5 102       
PG05 -15419.126438  -6143.170882 -20775.482370   -108.927539  6  6  4 152       
PG06  20400.399746  13778.391978 -10063.206344    -54.867515  9  7  6 139       
PG07   7036.575254 -20335.526826 -15429.419601      2.925501  6  5  5 132       
PG08   1066.964678 -25616.099852  -5694.606502      7.333062  5  6  4  97       
PG09 -14502.987981   1261.725594  21674.536122     59.476645  5  3  4 116       
PG10  -1705.853398 -17264.591649 -20218.679908    -65.180004  5  6  5 114       
PG11  16660.344612  -3050.903730  20180.716373   -124.284754  4  4  4 139       
PG12 -22299.163661   7974.682827  11891.901549    -30.160224  8  5  4 125       
PG13  13574.534129  -9078.986919 -21094.660411    283.731852  8  6  4 116       
PG14   5246.578755  16705.341204  20168.944669    128.649980  4  4  4 113       
PG15 -25159.266470  -1992.761634   8541.446499   -154.979890  7  6  6 126       
PG16  12398.648750   8946.092210 -21714.951438   -147.761536 10  6  7 118       
PG17  -3826.393461 -16761.972187  20426.829190    182.632597  7  4  6 116       
PG18 -14317.639122  20374.536269   8987.029169    119.485050  6  5  4 102       
PG19  25183.856240   7341.349824   5185.984700   -107.619937  8  5  4 111       
PG20  22000.680514 -12763.855030   7381.103740     48.693617  7  6  7 108       
PG21  -6992.917350  20830.024479 -14089.940600   -121.296091  8  4  5 123       
PG22  -4180.610143  19899.239012  17204.725021    153.958892  5  3  2 129       
PG23  22773.175413  -1830.603078 -13824.687553    328.291111  9  6  9 112       
PG24  15112.516915  -3773.121017  21559.728815    362.165751  5  4  6 135       
PG25 -19150.956922  18328.391580  -1640.314094    -66.675840  7  4  9 110       
PG26 -23126.575074 -13066.362593  -4048.509864   -111.963812  6  7  9  96       
PG27 -15941.070910  -5538.988199  21254.506849    233.148260  4  4  3 117       
PG28   7914.301615 -20005.240929  15903.821952     17.989674  6  2  4 121       
PG29 -16054.477534   8204.606574 -19409.812848    182.644542  8  5  3 109       
PG30   6947.906616  14304.702160 -21676.941157    318.859604  8  3  4 114       
PG31   7653.523305  24824.668048  -4763.457147     37.170736  9  6  7 113       
PG32  22075.611166  -3263.252686  14388.009280   -188.635121  6  5  5 121       
*  2011  2  3 11  0  0.00000000
PG01   1625.774177  17581.374070 -19909.600262 999999.999999
PG02 -13387.107969 -20844.306917 -10191.079912    318.314353  9  8  8 101       
PG03  22349.721064  10992.988178 -10073.963459    671.150782  8  8  7 148       
PG04  -6633.323025 -25517.169924   -243.472235     25.707228  7  6  4 128       
PG05 -13679.941043  -7812.628405 -21414.078736   -108.932671  5  6  3 154       
PG06  19067.739324  13706.609177 -12436.379932    -54.890156  9  7  6 150       
PG07   7579.633977 -18528.018841 -17347.206467      2.926127  5  6  5 136       
PG08   1364.752146 -24825.422983  -8494.444083      7.332675  5  6  4  85       
PG09 -15081.302885  -1242.972096  21287.994900     59.479229  5  3  4 109       
PG10     53.951762 -18620.853636 -19006.153512    -65.180715  5  6  5 113       
PG11  17637.543218   -896.104646  19593.492318   -124.287487  5  4  4 134       
PG12 -21304.446385   6847.015894  14213.636224    -30.157145  8  5  4 126       
PG13  15695.225996  -8153.654403 -19967.744602    283.730594  8  6  5 127       
PG14   3049.846642  15937.053888  21211.902046    128.652700  4  4  4 119       
PG15 -25873.115356  -2470.751884   5875.294046   -154.976657  7  6  6 125       
PG16  10502.648558  10575.572438 -21955.053564   -147.764117 10  5  7  93       
PG17  -1581.490804 -16046.285450  21266.203585    182.632963  7  4  5 116       
PG18 -15178.671427  20689.611036   6353.443754    119.487018  6  6  4  88       
PG19  25493.132876   7718.708636   2396.831253   -107.623301  8  5  5 112       
PG20  21492.436072 -11831.808931   9942.875805     48.693486  7  5  7 104       
PG21  -7639.632769  19109.297138 -16063.253808   -121.299011  8  4  5 122       
PG22  -5719.110903  20948.531574  15396.032600    153.957971  5  4  2 126       
PG23  24083.018835  -1214.639771 -11504.923444    328.289078  9  5  9 111       
PG24  15522.597077  -1347.524403  21580.161732    362.167824  5  5  6 130       
PG25 -19339.355608  18160.642634   1218.976557    -66.677292  6  5  9 106       
PG26 -22569.140928 -12985.021220  -6847.088961   -111.972317  6  7 10 168       
PG27 -16469.980299  -7696.626830  20137.226192    233.151515  4  4  4 124       
PG28   9264.486820 -20924.135416  13756.042075     17.991370  6  2  4 118       
PG29 -18037.843961   7353.751080 -17957.470940    182.647144  8  5  3 118       
PG30   5233.901390  15925.514243 -21002.311886    318.862118  8  3  3 110       
PG31   7523.323043  25267.391949  -1893.490365     37.174772  8  6  6 116       
PG32  20825.063283  -2049.087594  16412.992327   -188.642147  6  5  5 125       
*  2011  2  3 11 15  0.00000000
PG01     32.001295  19074.670536 -18534.864425 999999.999999
PG02 -13441.446051 -21887.930800  -7659.052052    318.316374  9  8  8  99       
PG03  21097.807724  11110.713119 -12432.650043    671.155242  8  8  7 126       
PG04  -6255.287496 -25462.034970   2582.761420     25.716390  7  6  4 120       
PG05 -11992.222301  -9606.694604 -21685.218401   -108.937821  5  5  4 149       
PG06  17480.589465  13649.840018 -14595.809997    -54.912649  9  7  6 145       
PG07   8271.828151 -16559.588806 -18964.072605      2.926858  5  6  5 128       
PG08   1767.057269 -23745.655771 -11143.278458      7.332398  5  7  3  90       
PG09 -15773.931434  -3646.986978  20516.311533     59.481960  4  4  4 108       
PG10   1636.028555 -19957.745528 -17468.333265    -65.182078  5  6  6 122       
PG11  18655.839671   1139.485559  18662.082923   -124.290265  5  4  4 131       
PG12 -20195.395428   5491.880962  16289.384698    -30.154208  8  5  4 120       
PG13  17726.996040  -7397.634516 -18501.626708    283.729372  8  6  5 117       
PG14    719.873885  15264.755213  21895.816566    128.655152  4  3  4 112       
PG15 -26312.509356  -2841.414065   3108.997183   -154.973551  7  7  6 120       
PG16   8691.615892  12311.490513 -21816.367252   -147.766718 10  4  6  85       
PG17    771.038200 -15429.285752  21744.858926    182.633485  6  4  3 109       
PG18 -15809.746320  20830.162200   3608.986248    119.488657  7  6  4  74       
PG19  25523.483385   7976.653420   -432.738931   -107.626599  8  4  5 108       
PG20  20840.318909 -10668.489008  12331.805505     48.693463  7  4  7 111       
PG21  -8418.036295  17217.765204 -17745.526911   -121.301406  8  3  5 113       
PG22  -7051.627667  21918.079782  13324.153552    153.957083  5  4  2 128       
PG23  25160.433930   -740.226989  -8990.616587    328.286974 10  5  8 121       
PG24  16049.676031   1033.769802  21231.639931    362.171202  6  5  6 134       
PG25 -19314.367826  17768.707579   4057.279795    -66.678732  6  5  9 109       
PG26 -21720.284527 -12837.139625  -9532.552350   -111.980690  5  8 10 164       
PG27 -17076.158275  -9688.317364  18694.742310    233.155380  4  5  5 118       
PG28  10383.291597 -21740.384211  11375.246525     17.993532  5  3  5 117       
PG29 -19887.289238   6658.779718 -16193.781690    182.649489  9  5  5 108       
PG30   3669.657731  17565.347118 -19978.706243    318.864782  8  4  3 110       
PG31   7331.625685  25398.174500   1009.563655     37.178891  7  5  6 116       
PG32  19479.210872   -637.885401  18156.639533   -188.649153  6  5  4 122       
*  2011  2  3 11 30  0.00000000
PG01  -1369.059490  20519.561506 -16842.496177 999999.999999
PG02 -13447.201505 -22654.746214  -4998.734798    318.318261  9  8  8 106       
PG03  19604.691490  11272.178836 -14585.168190    671.159506  8  8  8 125       
PG04  -5767.882327 -25123.770941   5363.434589     25.725548  6  6  4 129       
PG05 -10391.789403 -11493.009706 -21583.945234   -108.943295  5  5  4 148       
PG06  15662.765997  13640.120706 -16503.764368    -54.935703  9  7  7 150       
PG07   9122.417107 -14476.555729 -20252.412943      2.927724  5  7  5 128       
PG08   2304.467966 -22407.893856 -13594.385190      7.331764  5  7  3 119       
PG09 -16555.557722  -5903.883358  19374.138878     59.484333  4  5  4 105       
PG10   3025.324521 -21232.409748 -15630.366170    -65.185139  5  6  6 123       
PG11  19685.310972   3025.467222  17404.115387   -124.292719  6  4  3 136       
PG12 -19016.424112   3914.938927  18083.575339    -30.151275  8  5  5 123       
PG13  19621.949798  -6805.627076 -16721.036490    283.728305  8  6  6 117       
PG14  -1699.752925  14711.449762  22208.902931    128.657658  3  3  4 121       
PG15 -26459.904381  -3137.248974    289.713118   -154.970206  7  7  6 136       
PG16   7000.284051  14117.376967 -21300.403814   -147.769407  9  3  6 121       
PG17   3187.140971 -14929.644743  21854.108667    182.633780  6  4  2 115       
PG18 -16226.472613  20763.606465    801.298434    119.490634  7  7  4  76       
PG19  25261.120707   8149.517839  -3255.014357   -107.629914  8  3  4 108       
PG20  20082.935171  -9272.543100  14506.116502     48.693747  8  4  7 117       
PG21  -9337.113392  15199.964348 -19106.760870   -121.303399  8  3  6 113       
PG22  -8173.990401  22767.360823  11024.054105    153.956501  5  4  2 130       
PG23  25975.468366   -380.852333  -6324.467406    328.285022 10  5  8 118       
PG24  16678.786928   3325.882841  20520.860739    362.172225  6  5  5 129       
PG25 -19107.117094  17131.609221   6825.718879    -66.680191  6  5  9 127       
PG26 -20586.247181 -12663.549895 -12061.349000   -111.989133  5  8 10 160       
PG27 -17727.889303 -11482.002715  16949.698371    233.160320  4  5  5 119       
PG28  11271.743071 -22410.939899   8800.538883     17.995329  5  3  5 114       
PG29 -21559.034268   6108.322527 -14149.413053    182.652016  9  6  5 117       
PG30   2274.106512  19182.453929 -18622.468739    318.867666  8  4  3 114       
PG31   7040.939645  25226.987095   3895.054615     37.182909  6  5  6 129       
PG32  18082.290359    961.771704  19590.537558   -188.656181  5  5  4 122       
*  2011  2  3 11 45  0.00000000
PG01  -2568.681983  21870.964083 -14861.006611 999999.999999
PG02 -13368.192734 -23144.449811  -2254.796618    318.320197  9  9  7  77       
PG03  17897.038741  11505.740719 -16496.321776    671.163522  8  8  8 129       
PG04  -5141.521073 -24522.385001   8049.340136     25.734816  6  6  5 122       
PG05  -8908.753814 -13433.631109 -21111.680039   -108.948337  5  5  5 149       
PG06  13645.153906  13705.288388 -18126.673333    -54.958318  9  7  7 156       
PG07  10132.420677 -12327.341550 -21190.419285      2.928393  6  7  5 125       
PG08   3001.244110 -20850.445939 -15804.843112      7.331584  5  6  2 109       
PG09 -17394.236148  -7973.263668  17883.050359     59.487515  4  5  5 101       
PG10   4214.760816 -22401.140825 -13522.768937    -65.185451  5  6  6 113       
PG11  20692.539706   4737.860938  15842.859701   -124.295324  7  4  3 129       
PG12 -17811.518676   2130.486693  19565.610788    -30.148332  8  4  5 123       
PG13  21335.059367  -6364.127325 -14656.019409    283.727331  8  6  6 107       
PG14  -4161.730719  14292.604761  22145.541997    128.660199  3  2  3 111       
PG15 -26305.862591  -3393.478098  -2534.506244   -154.967151  7  7  7 142       
PG16   5456.845134  15951.590271 -20415.251359   -147.771877  9  3  5  92       
PG17   5619.858901 -14558.532071  21591.441449    182.634489  6  4  2 110       
PG18 -16451.239894  20462.706582  -2020.458886    119.492455  8  7  5  78       
PG19  24700.458195   8273.932752  -6022.395316   -107.633291  8  4  5 115       
PG20  19260.002847  -7650.903271  16427.723508     48.693220  8  3  7 109       
PG21 -10398.080157  13102.982776 -20123.150893   -121.306585  8  4  6 119       
PG22  -9089.867118  23457.269135   8534.742710    153.955672  5  5  2 121       
PG23  26505.187427   -105.058070  -3551.600875    328.282804 10  4  8 122       
PG24  17387.999458   5487.654617  19460.610562    362.172862  6  5  5 122       
PG25 -18753.350806  16235.945030   9476.608284    -66.681671  5  5  9 121       
PG26 -19181.579305 -12503.836318 -14392.803155   -111.997761  5  8 10 157       
PG27 -18388.793710 -13052.136379  14929.469220    233.164237  4  6  6 118       
PG28  11939.057047 -22895.041416   6074.833239     17.997643  4  4  6 117       
PG29 -23013.661274   5683.661426 -11859.906057    182.654342  9  6  6  91       
PG30   1058.550561  20733.092295 -16955.386707    318.870204  7  5  3  96       
PG31   6616.964187  24772.574114   6712.912789     37.186980  5  5  6 121       
PG32  16677.262954   2733.404446  20691.754802   -188.663056  5  5  3 124       
*  2011  2  3 12  0  0.00000000
PG01  -3566.549949  23084.304856 -12623.964452 999999.999999
PG02 -13169.668504 -23364.693200    526.830734    318.322270  8  8  7  92       
PG03  16007.249124  11834.876436 -18134.871794    671.167943  8  8  8 128       
PG04  -4351.666089 -23685.194271  10592.830247     25.744131  5  6  5 129       
PG05  -7566.484005 -15386.337023 -20276.218152   -108.953617  5  5  5 148       
PG06  11464.710599  13867.758408 -19435.756555    -54.981013  9  7  8 149       
PG07  11294.456445 -10160.722180 -21762.429409      2.929015  7  6  5 120       
PG08   3874.173854 -19117.325436 -17736.322811      7.331452  5  7  2 104       
PG09 -18252.744658  -9822.176351  16071.027132     59.490723  4  6  5  97       
PG10   5205.367258 -23421.048338 -11180.982323    -65.186159  6  6  6 104       
PG11  21641.927669   6259.780412  14006.716309   -124.298024  8  4  4 134       
PG12 -16622.540636    161.081738  20710.374612    -30.145249  8  4  5 121       
PG13  22825.762643  -6052.081458 -12341.460430    283.726131  8  6  6 116       
PG14  -6616.631335  14015.575752  21706.392355    128.662919  3  2  4 123       
PG15 -25849.429740  -3646.501528  -5315.510436   -154.963883  8  7  7 134       
PG16   4081.981881  17768.795023 -19175.491111   -147.774523  8  3  5 110       
PG17   8020.909306 -14319.196913  20960.606101    182.634961  6  4  3 102       
PG18 -16512.205733  19906.828770  -4806.508435    119.494189  9  7  5  75       
PG19  23844.389425   8387.267291  -8688.149076   -107.636330  8  3  6 108       
PG20  18410.746918  -5818.735118  18062.934080     48.693827  8  2  7 112       
PG21 -11594.201656  10974.656541 -20777.518759   -121.308989  8  4  6 122       
PG22  -9810.452261  23951.655316   5898.638642    153.954918  5  5  3 124       
PG23  26734.491062    122.175943   -718.840573    328.280730 10  5  7 113       
PG24  18149.272470   7482.996671  18069.508503    362.175999  7  5  4 123       
PG25 -18291.938424  15076.571140  11964.278143    -66.683137  5  5  9 127       
PG26 -17528.662080 -12394.787918 -16489.629818   -112.006498  5  8 10 164       
PG27 -19019.144416 -14380.466328  12665.856716    233.167188  4  7  7 117       
PG28  12402.198430 -23155.875847   3244.218869     17.999081  5  5  6 112       
PG29 -24217.537610   5359.640311  -9365.038961    182.656339 10  6  7 111       
PG30     26.380939  22173.060861 -15004.416842    318.871279  7  5  3 111       
PG31   6030.111597  24061.620845   9414.538036     37.191099  5  5  5 121       
PG32  15304.247180   4653.140890  21443.116478   -188.670030  4  6  4 121       
*  2011  2  3 12 15  0.00000000
PG01  -4370.600169  24117.209547 -10169.455840 999999.999999
PG02 -12819.754549 -23330.677107   3299.657983    318.324099  8  8  7 102       
PG03  13972.388574  12277.208792 -19473.966705    671.172863  7  8  8 129       
PG04  -3380.044147 -22645.731809  12948.737692     25.753269  5  6  5 124       
PG05  -6380.836937 -17306.108325 -19091.618361   -108.958778  6  4  6 144       
PG06   9163.231401  14143.514848 -20407.575848    -55.003596  9  7  8 143       
PG07  12592.915055  -8024.083022 -21959.162575      2.929739  8  6  5 126       
PG08   4931.751219 -17256.534683 -19355.762956      7.330378  6  6  2 102       
PG09 -19090.162067 -11426.192973  13971.806753     59.493681  3  6  5  97       
PG10   6006.100202 -24251.724229  -8644.822053    -65.186707  6  6  6 111       
PG11  22497.091082   7581.815123  11928.623378   -124.300637  8  3  3 131       
PG12 -15487.632884  -1963.153349  21498.636088    -30.142200  8  4  5 116       
PG13  24059.409469  -5841.836244  -9816.528168    283.724929  8  6  5 110       
PG14  -9014.579387  13879.346292  20898.407634    128.665199  4  2  3 116       
PG15 -25098.204606  -3932.311909  -8005.849124   -154.960608  8  7  8 141       
PG16   2888.196179  19521.607843 -17601.992913   -147.777063  7  3  5  84       
PG17  10342.329722 -14206.859090  19971.598913    182.635732  5  5  4 113       
PG18 -16442.042600  19082.956984  -7507.397399    119.495954  9  7  6  77       
PG19  22704.266648   8526.044967 -11207.155062   -107.639896  8  3  6 120       
PG20  17572.323021  -3799.062076  19383.071607     48.693296  8  2  7 112       
PG21 -12910.961721   8861.760857 -21059.579593   -121.311233  8  5  6 113       
PG22 -10353.864408  24218.775398   3160.871296    153.954162  6  5  3 121       
PG23  26656.651998    337.919550   2126.037753    328.278692 10  5  7 117       
PG24  18929.544540   9282.046511  16371.662089    362.179677  7  4  4 123       
PG25 -17763.259061  13656.974117  14245.864264    -66.684590  4  5  8 134       
PG26 -15656.975099 -12368.976543 -18318.394729   -112.014918  5  8 10 159       
PG27 -19577.324890 -15456.582521  10194.730111    233.171418  4  7  7 112       
PG28  12685.133917 -23162.137780    357.232633     18.001079  6  4  6 127       
PG29 -25144.022226   5105.832731  -6708.116974    182.658888 10  6  7 112       
PG30   -826.917774  23459.278671 -12801.335557    318.873762  7  5  3 114       
PG31   5256.831815  23127.630623  11953.641834     37.195036  5  4  5 120       
PG32  13999.093307   6690.492773  21833.380499   -188.676739  3  6  4 115       
*  2011  2  3 12 30  0.00000000
PG01  -4996.543204  24931.130973  -7539.458204 999999.999999
PG02 -12290.799863 -23064.483853   6017.348026    318.326049  7  8  7 112       
PG03  11832.970356  12843.747182 -20491.516845    671.177234  7  7  8 135       
PG04  -2215.609492 -21442.406096  15075.252379     25.762255  4  6  5 130       
PG05  -5359.686610 -19146.733011 -17577.983473   -108.964252  6  3  6 145       
PG06   6785.922275  14541.357700 -21024.500512    -55.026248  8  7  8 149       
PG07  14004.464392  -5961.746437 -21777.839941      2.930128  9  6  5 129       
PG08   6173.705469 -15318.217481 -20635.922214      7.329068  6  6  1 126       
PG09 -19863.594463 -12770.113601  11624.117899     59.495572  1  6  6 115       
PG10   6633.344245 -24856.848226  -5957.830971    -65.188638  6  6  5 103       
PG11  23222.280070   8702.115609   9645.400856   -124.303231  8  2  3 133       
PG12 -14439.790501  -4205.517686  21917.348205    -30.139428  7  3  5 126       
PG13  25008.500481  -5700.348478  -7124.045901    283.723810  8  6  5 107       
PG14 -11306.956569  13874.593016  19734.757409    128.667729  5  2  3 119       
PG15 -24068.097238  -4284.924381 -10559.561558   -154.957473  8  7  8 135       
PG16   1879.464004  21162.347561 -15721.589953   -147.779932  7  3  5 107       
PG17  12538.124696 -14208.917116  18640.550018    182.636214  5  5  4 114       
PG18 -16276.494015  17986.415171 -10074.954680    119.498002  9  7  6  91       
PG19  21299.577393   8724.392308 -13536.630960   -107.643036  8  4  6 112       
PG20  16778.333887  -1622.077764  20365.005769     48.693242  7  2  6 127       
PG21 -14326.571020   6808.278646 -20966.041708   -121.313588  8  5  6 124       
PG22 -10744.273940  24232.593094    368.520144    153.953154  7  6  3 121       
PG23  26273.556583    579.705078   4935.064056    328.276629 10  4  7 119       
PG24  19692.020009  10862.083515  14396.242425    362.181854  7  4  5 124       
PG25 -17207.541497  11989.315243  16282.049780    -66.686058  3  5  8 121       
PG26 -13602.137710 -12453.502548 -19849.921533   -112.023287  5  7  9 165       
PG27 -20021.385905 -16278.205730   7555.607005    233.176432  5  7  8 116       
PG28  12817.795883 -22889.419901  -2535.954333     18.002851  7  4  6 121       
PG29 -25774.408045   4887.919422  -3935.201478    182.661040  9  6  7  90       
PG30  -1513.468908  24551.353303 -10382.312030    318.876658  7  4  3  98       
PG31   4280.689561  22009.560607  14287.027715     37.199270  5  4  4 117       
PG32  12792.147274   8809.369903  21857.319035   -188.683614  3  6  5 120       
*  2011  2  3 12 45  0.00000000
PG01  -5467.078106  25492.851496  -4779.136859 999999.999999
PG02 -11560.575759 -22594.172063   8634.422968    318.327917  6  8  7 110       
PG03   9631.624394  13538.371973 -21170.511783    671.181280  7  7  8 124       
PG04   -855.210783 -20116.970462  16934.730724     25.771189  4  6  5 131       
PG05  -4502.768785 -20862.472387 -15761.134639   -108.969427  6  3  6 143       
PG06   4379.833415  15062.440528 -21275.073049    -55.048818  8  7  8 147       
PG07  15498.860681  -4013.434726 -21222.190578      2.930973  9  6  5 121       
PG08   7590.896294 -13352.759331 -21555.799215      7.329040  6  6  1 124       
PG09 -20529.970880 -13848.278985   9070.828467     59.497891  1  7  7 109       
PG10   7110.111886 -25205.665128  -3166.540418    -65.189485  6  7  5  97       
PG11  23783.766290   9626.186342   7197.048293   -124.305651  9  2  3 128       
PG12 -13505.650048  -6523.970692  21959.836171    -30.136329  7  3  5 115       
PG13  25653.671330  -5590.610105  -4309.797239    283.722379  8  5  6 113       
PG14 -13448.070669  13984.076031  18234.650442    128.670285  5  1  3 122       
PG15 -22782.784298  -4734.882141 -12932.944884   -154.954022  7  7  7 138       
PG16   1051.233595  22644.820752 -13566.635671   -147.782782  7  3  5  91       
PG17  14565.853939 -14305.468931  16989.506944    182.636405  6  5  4 110       
PG18 -16052.799704  16621.260580 -12463.240338    119.499693  9  7  6  99       
PG19  19657.329084   9012.576859 -15636.830511   -107.646620  8  5  6 104       
PG20  16057.499214    675.827525  20991.578803     48.693405  6  3  6 116       
PG21 -15812.784100   4853.821034 -20500.544790   -121.316134  8  5  7 124       
PG22 -11010.792307  23973.882115  -2430.192830    153.952374  7  6  4 126       
PG23  25595.640091    883.923279   7660.834289    328.274466 10  4  6 108       
PG24  20397.601661  12208.175599  12176.986496    362.185610  7  3  5 123       
PG25 -16663.221490  10094.144746  18037.745398    -66.687496  3  5  8 127       
PG26 -11404.756779 -12668.944246 -21059.648777   -112.032191  6  7  9 156       
PG27 -20310.653890 -16851.201536   4791.170396    233.180889  5  8  8 118       
PG28  12834.789679 -22321.371324  -5384.424724     18.004707  8  4  6 135       
PG29 -26098.564358   4669.219844  -1094.293822    182.663460  9  6  6 103       
PG30  -2052.417176  25413.082271  -7787.403563    318.878307  7  4  3 101       
PG31   3093.155264  20750.273827  16375.298134     37.203443  5  4  4 124       
PG32  11707.243252  10969.291999  21515.711406   -188.690551  4  6  6 118       
*  2011  2  3 13  0  0.00000000
PG01  -5810.829583  25775.799826  -1936.074925 999999.999999
PG02 -10613.285550 -21952.665043  11106.961932    318.329772  5  7  7 108       
PG03   7411.698239  14357.579000 -21499.279094    671.185259  7  7  8 129       
PG04    696.068291 -18712.867843  18494.417254     25.780050  4  5  6 127       
PG05  -3801.848811 -22409.725107 -13672.183535   -108.974834  5  3  6 139       
PG06   1992.214180  15700.121096 -21154.264689    -55.071528  8  7  7 144       
PG07  17040.032933  -2212.925944 -20302.345900      2.931401  9  7  5 115       
PG08   9165.572464 -11408.914411 -22100.917651      7.328707  6  6  2  98       
PG09 -21047.828300 -14664.487561   6358.035449     59.501251  2  7  7 120       
PG10   7464.968512 -25274.270646   -319.652194    -65.191197  6  7  4 101       
PG11  24151.145999  10366.402390   4626.012621   -124.308383  9  3  4 131       
PG12 -12704.541841  -8872.573730  21625.875736    -30.133206  6  3  5 108       
PG13  25984.383667  -5473.236426  -1421.775488    283.721372  8  5  6 112       
PG14 -15396.727954  14183.342848  16423.059926    128.673028  6  1  3 123       
PG15 -21272.880868  -5307.894643 -15085.289577   -154.951103  7  8  7 135       
PG16    390.769646  23926.070736 -11174.448844   -147.785615  7  3  5  94       
PG17  16388.101567 -14470.129278  15046.114798    182.637092  7  6  4 101       
PG18 -15808.057068  15000.325666 -14629.461955    119.501686  9  6  7  68       
PG19  17811.161639   9415.688828 -17471.703542   -107.649996  7  5  6 111       
PG20  15432.533322   3053.287977  21251.918340     48.693242  5  3  5 118       
PG21 -17335.982393   3032.264310 -19673.447408   -121.318385  9  6  7 113       
PG22 -11186.164593  23431.082498  -5186.744570    153.951555  8  6  4 121       
PG23  24641.518661   1284.260583  10257.264172    328.272230  9  4  6 111       
PG24  21006.416573  13313.535699   9751.634717    362.188157  7  3  5 120       
PG25 -16165.380556   7999.796284  19482.696301    -66.688916  2  5  8 130       
PG26  -9109.117800 -13028.541287 -21927.938803   -112.040783  6  7  8 154       
PG27 -20407.339431 -17189.310434   1946.718007    233.184312  5  8  8 130       
PG28  12773.889658 -21450.566148  -8137.462477     18.006711  9  5  6 122       
PG29 -26115.255424   4412.315992   1765.510620    182.665760  9  6  6 109       
PG30  -2469.069520  26013.832311  -5059.974152    318.881663  6  4  4 110       
PG31   1694.083387  19394.870598  18183.478447     37.207567  4  4  4 126       
PG32  10760.954941  13126.752247  20815.254362   -188.697318  4  5  6 118       
*  2011  2  3 13 15  0.00000000
PG01  -6061.047653  25761.128397    940.550692 999999.999999
PG02  -9440.348549 -21176.470967  13393.282945    318.331638  5  6  7 115       
PG03   5215.835047  15290.493835 -21471.682342    671.190447  7  6  8 129       
PG04   2424.910026 -17273.521984  19727.060655     25.789134  4  6  6 129       
PG05  -3241.206923 -23748.624636 -11347.008475   -108.980265  5  4  6 140       
PG06   -331.145807  16440.134884 -20663.612225    -55.094083  8  7  7 140       
PG07  18587.397118   -586.951581 -19034.627085      2.932150  9  7  6 108       
PG08  10871.976187  -9532.034276 -22263.477704      7.329410  6  6  2 111       
PG09 -21379.010003 -15231.533688   3534.124510     59.502493  3  8  7 117       
PG10   7730.722784 -25046.648518   2532.844025    -65.191697  6  7  4 101       
PG11  24298.511176  10941.275928   1976.440866   -124.311053  9  4  4 121       
PG12 -12047.839086 -11203.079001  20921.662523    -30.130385  5  3  5  99       
PG13  25999.294591  -5308.157927   1490.612830    283.720121  8  5  6 109       
PG14 -17117.650007  14441.722484  14330.351705    128.675694  6  1  2 116       
PG15 -19574.858606  -6023.660922 -16979.570444   -154.947841  6  7  6 134       
PG16   -122.168251  24968.018544  -8586.656028   -147.788114  7  3  5 104       
PG17  17973.769276 -14671.115980  12843.194406    182.637483  7  6  4  98       
PG18 -15577.590592  13144.902175 -16534.832684    119.503632  9  6  7  70       
PG19  15800.217756   9952.516308 -19009.508615   -107.653172  7  5  5 111       
PG20  14919.276255   5465.382445  21141.630271     48.693196  5  4  5 117       
PG21 -18858.469563   1370.654768 -18501.479470   -121.321335  9  6  8 102       
PG22 -11305.315798  22600.873777  -7853.171008    153.950667  8  6  5 126       
PG23  23437.330273   1810.234595  12680.327367    328.270299  9  4  5 104       
PG24  21479.378931  14179.577400   7161.312086    362.191794  7  4  5 113       
PG25 -15744.327164   5741.484352  20592.005138    -66.690371  2  5  8 136       
PG26  -6761.759698 -13537.635761 -22440.339729   -112.049319  7  6  8 153       
PG27 -20278.091094 -17313.593246   -930.458633    233.188598  6  9  8 125       
PG28  12674.381454 -20279.034377 -10745.539349     18.008760  9  5  6 142       
PG29 -25832.124439   4080.703501   4594.882068    182.668256  8  7  6 110       
PG30  -2793.788946  26329.743125  -2246.038849    318.885459  6  3  4 112       
PG31     91.864531  17988.965068  19681.551284     37.211537  4  4  4 111       
PG32   9962.126277  15236.683360  19768.395711   -188.704263  4  5  6 121       
*  2011  2  3 13 30  0.00000000
PG01  -6254.120008  25438.506246   3800.832800 999999.999999
PG02  -8040.929096 -20304.278714  15454.601885    318.333501  5  5  7 108       
PG03   3084.575003  16319.157686 -21087.255363    671.195533  7  4  8 131       
PG04   4310.104988 -15840.648312  20611.409994     25.798062  4  5  6 131       
PG05  -2798.422806 -24844.507695  -8825.642553   -108.985634  6  5  6 136       
PG06  -2547.522902  17261.087922 -19811.230189    -55.116952  9  7  7 140       
PG07  20097.348288    845.624769 -17441.231650      2.932906  9  8  6 120       
PG08  12677.261677  -7762.466167 -22042.378652      7.327877  6  6  3 114       
PG09 -21490.208907 -15570.399756    648.825326     59.505190  4  8  8 122       
PG10   7942.934055 -24515.410744   5340.599766    -65.192512  6  7  4  75       
PG11  24205.448034  11374.506803   -706.568868   -124.313491  9  5  4 117       
PG12 -11538.626023 -13466.605003  19859.675222    -30.127347  4  3  5 100       
PG13  25706.287884  -5056.351555   4377.378597    283.718980  8  5  6 106       
PG14 -18582.680710  14723.575198  11991.817808    128.678142  7  2  3 113       
PG15 -17729.749668  -6894.923971 -18583.081984   -154.944427  6  7  5 139       
PG16   -514.339116  25738.927820  -5848.443545   -147.790864  6  4  5  95       
PG17  19299.141705 -14872.566296  10418.221755    182.637759  8  6  5 100       
PG18 -15393.401463  11084.077873 -18145.347025    119.505580  8  6  6  91       
PG19  13667.809495  10634.657991 -20223.368464   -107.656517  6  5  5 105       
PG20  14526.113220   7865.196784  20662.868007     48.692977  6  4  5 117       
PG21 -20339.918513   -111.581912 -17007.278421   -121.323209  9  6  8 112       
PG22 -11403.808110  21488.438674 -10382.929215    153.950148  8  5  5 123       
PG23  22015.807203   2485.881696  14888.768904    328.268178  8  4  4 106       
PG24  21779.732688  14815.669634   4449.861493    362.194551  6  4  5 114       
PG25 -15424.375660   3360.138829  21346.562015    -66.691849  2  6  8 130       
PG26  -4409.976347 -14193.388350 -22587.800517   -112.058025  7  6  7 156       
PG27 -19895.437530 -17251.600221  -3791.765834    233.191861  6  9  8 119       
PG28  12575.318248 -18818.420293 -13161.316393     18.010505  9  5  6 129       
PG29 -25265.345561   3640.404551   7345.113799    182.670664  8  7  6 105       
PG30  -3060.677028  26344.706065    606.461285    318.887675  6  3  4 110       
PG31  -1696.749651  16576.972771  20844.896962     37.215628  4  4  4 111       
PG32   9311.692837  17253.975087  18393.096952   -188.711338  3  5  7 120       
*  2011  2  3 13 45  0.00000000
PG01  -6427.955671  24806.593106   6595.020858 999999.999999
PG02  -6422.189153 -19375.477791  17255.660996    318.335484  5  4  7 116       
PG03   1055.026622  17419.078776 -20351.269140    671.200509  7  3  8 131       
PG04   6323.219786 -14452.656168  21132.580848     25.807073  4  6  6 138       
PG05  -2445.429191 -25669.195779  -6151.583834   -108.990857  6  6  5 135       
PG06  -4618.747740  18135.251772 -18611.695282    -55.139766  9  7  6 137       
PG07  21524.872890   2074.319842 -15549.826593      2.933635  9  8  6 102       
PG08  14542.684895  -6134.179161 -21443.120365      7.327013  6  6  3 120       
PG09 -21354.297854 -15709.148130  -2247.714242     59.507115  4  8  8 115       
PG10   8138.297945 -23682.204607   8053.862566    -65.193596  5  7  4  72       
PG11  23857.830016  11693.857790  -3377.706509   -124.316095  9  6  4 110       
PG12 -11171.694978 -15615.335394  18458.436982    -30.124235  4  3  5  91       
PG13  25122.162867  -4681.544683   7188.801830    283.717756  8  5  6  98       
PG14 -19771.735769  14989.753046   9447.119427    128.680485  6  1  3 122       
PG15 -15781.683983  -7926.793858 -19868.007439   -154.941323  5  7  4 134       
PG16   -817.765729  26214.632343  -3007.734041   -147.793738  5  5  5  85       
PG17  20348.679923 -15036.034554   7812.714365    182.638253  8  7  5 109       
PG18 -15282.766449   8853.752939 -19432.452816    119.507686  8  6  6  89       
PG19  11459.927669  11465.909532 -21091.758358   -107.659737  5  6  5 100       
PG20  14253.705099  10205.465639  19824.277457     48.692832  6  3  5 115       
PG21 -21738.905807  -1403.105534 -15218.829888   -121.326158 10  7  8  92       
PG22 -11516.271077  20107.403171 -12731.744220    153.949373  8  5  5 126       
PG23  20415.111777   3328.645882  16844.784491    328.265994  8  4  4 105       
PG24  21874.517874  15238.600711   1663.137962    362.196378  6  4  5 113       
PG25 -15222.870505    901.021046  21733.374130    -66.693323  3  6  8 123       
PG26  -2100.289901 -14984.780074 -22366.837692   -112.066730  8  6  7 151       
PG27 -19239.060253 -17036.282498  -6588.067726    233.195882  6  9  8 122       
PG28  12513.766271 -17089.749365 -15340.632713     18.012335  9  6  6 133       
PG29 -24438.959303   3061.479057   9968.961941    182.672973  8  7  6  93       
PG30  -3306.090421  26051.074373   3448.446328    318.889855  6  4  5 113       
PG31  -3647.137608  15200.472659  21654.637691     37.219849  5  4  5 107       
PG32   8802.795906  19134.991647  16712.530019   -188.718241  3  4  7 120       
*  2011  2  3 14  0  0.00000000
PG01  -6620.304572  23873.173038   9274.414020 999999.999999
PG02  -4599.251781 -18428.654037  18765.318893    318.337361  5  4  7 121       
PG03   -840.346745  18560.034836 -19274.726919    671.205647  7  3  7 128       
PG04   8429.560101 -13143.208951  21282.285372     25.816187  5  6  6 136       
PG05  -2149.793336 -26202.038743  -3371.039485   -108.996229  6  6  4 124       
PG06  -6512.514467  19029.630262 -17085.803166    -55.162391  9  7  6 131       
PG07  22825.219677   3097.218150 -13393.056634      2.934343  9  8  7 111       
PG08  16425.012385  -4673.664957 -20477.593562      7.327084  6  5  4 113       
PG09 -20951.400998 -15681.568847  -5105.815618     59.510435  5  8  8 129       
PG10   8352.978166 -22557.764316  10624.433658    -65.193800  5  7  5  88       
PG11  23248.380835  11929.899747  -5992.169392   -124.318767  8  7  5 111       
PG12 -10933.869850 -17604.177833  16742.180586    -30.121248  4  3  5  93       
PG13  24271.989765  -4151.825067   9876.290431    283.716647  8  5  6 103       
PG14 -20673.455856  15199.217468   6739.645296    128.683048  6  1  3 112       
PG15 -13776.314111  -9116.367526 -20811.911432   -154.937736  5  7  4 138       
PG16  -1068.263010  26379.474459   -114.305051   -147.796538  4  5  5  95       
PG17  21115.508705 -15122.113851   5071.532754    182.638864  9  7  5 114       
PG18 -15267.048213   6495.378369 -20373.601401    119.509211  8  5  5  91       
PG19   9223.647140  12441.950539 -21598.917587   -107.663018  4  6  5 131       
PG20  14095.039584  12440.227992  18640.819960     48.693310  6  4  5 114       
PG21 -23014.469003  -2500.794427 -13168.833989   -121.328797 10  8  9 105       
PG22 -11674.868605  18479.451994 -14858.422667    153.948470  8  5  6 117       
PG23  18677.475759   4348.511515  18514.656132    328.263880  6  4  3 100       
PG24  21735.907169  15471.772037  -1151.727172    362.198618  5  4  6 105       
PG25 -15149.493751  -1587.825830  21745.789390    -66.694813  3  6  8 128       
PG26    123.057566 -15892.903117 -21779.650766   -112.075667  8  6  7 149       
PG27 -18296.840949 -16704.675392  -9270.508657    233.199781  6  8  8 134       
PG28  12523.118615 -15122.803042 -17243.451683     18.014267  9  7  5 138       
PG29 -23383.919094   2319.375256  12421.452974    182.675139  8  8  6 109       
PG30  -3567.045215  25450.069839   6230.536481    318.893174  6  4  5 100       
PG31  -5727.592872  13896.702622  22097.885071     37.223779  5  5  5  94       
PG32   8421.182205  20839.038461  14754.712653   -188.725094  3  4  7 121       
*  2011  2  3 14 15  0.00000000
PG01  -6867.081097  22654.939602  11792.242292 999999.999999
PG02  -2594.872141 -17500.114679  19957.093345    318.339102  5  4  7 116       
PG03  -2574.782193  19707.104169 -17874.282690    671.210368  7  3  7 124       
PG04  10589.386114 -11940.000590  21058.924632     25.825466  5  6  6 136       
PG05  -1876.175798 -26430.678591   -532.117326   -109.001604  7  7  3 134       
PG06  -8203.456796  19907.255566 -15260.201044    -55.185103  9  8  5 132       
PG07  23955.566217   3920.830641 -11007.976867      2.934935  8  8  7 124       
PG08  18278.090764  -3399.147614 -19163.770116      7.326106  5  6  4 122       
PG09 -20269.673527 -15525.645576  -7877.103230     59.512182  5  8  8 121       
PG10   8620.956412 -21161.600875  13006.604581    -65.193464  5  7  5  88       
PG11  22376.991773  12114.674651  -8506.353770   -124.321094  8  7  5 127       
PG12 -10804.641480 -19392.321535  14740.424124    -30.118029  3  3  5 103       
PG13  23188.153492  -3441.092575  12393.230928    283.715334  7  5  6  87       
PG14 -21285.535052  15310.752869   3915.793573    128.685547  6  2  4 109       
PG15 -11759.186518 -10452.662315 -21398.146959   -154.934455  4  7  4 130       
PG16  -1303.810922  26226.914899   2781.131146   -147.799170  5  6  5 106       
PG17  21601.574808 -15092.118261   2242.107675    182.639579  9  7  6 106       
PG18 -15360.769022   4054.471730 -20952.662317    119.511239  7  6  5  75       
PG19   7005.485984  13550.348682 -21735.174539   -107.666138  3  6  5 106       
PG20  14035.799106  14526.430604  17133.478222     48.692891  6  3  5 125       
PG21 -24127.625144  -3409.554623 -10894.018000   -121.331029 10  8  8 110       
PG22 -11907.866064  16633.632083 -16725.615635    153.947558  8  5  6 128       
PG23  16847.691149   5547.414758  19869.334331    328.261882  6  4  3  94       
PG24  21342.363757  15544.151231  -3947.082881    362.200865  5  5  5 120       
PG25 -15205.882675  -4057.232902  21383.610282    -66.696306  3  7  8 129       
PG26   2219.547021 -16891.536808 -20834.181882   -112.083990  8  6  7 150       
PG27 -17065.631222 -16296.394280 -11791.387844    233.202991  6  8  8 114       
PG28  12631.556065 -12955.120252 -18834.734216     18.015924  9  8  5 134       
PG29 -22136.887541   1396.067533  14660.645353    182.677362  8  8  6  99       
PG30  -3879.570074  24551.861130   8903.929638    318.895756  5  4  5 108       
PG31  -7900.370758  12697.241169  22167.891750     37.228084  6  5  5  86       
PG32   8145.873738  22329.729704  12552.086295   -188.732091  3  4  7 114       
*  2011  2  3 14 30  0.00000000
PG01  -7200.760204  21176.938947  14104.517526 999999.999999
PG02   -438.822522 -16622.496584  20809.647509    318.341307  5  4  7 122       
PG03  -4128.074947  20821.894603 -16172.077966    671.215034  7  4  6 123       
PG04  12759.327265 -10863.795951  20467.545638     25.834097  6  6  5 143       
PG05  -1587.908492 -26351.502490   2316.020323   -109.006759  7  7  3 128       
PG06  -9673.946402  20728.660868 -13166.902856    -55.207836  9  8  5 133       
PG07  24876.618795   4559.632880  -8435.419811      2.935467  7  8  7 119       
PG08  20054.514711  -2320.123519 -17525.305412      7.327085  5  6  5 108       
PG09 -19305.770260 -15281.905621 -10515.273060     59.515007  6  8  8 128       
PG10   8972.472368 -19521.340246  15158.048588    -65.194907  4  6  5  93       
PG11  21250.786186  12280.325642 -10878.511916   -124.323634  7  7  6 127       
PG12 -10757.089027 -20944.636413  12487.464790    -30.115208  3  3  6 110       
PG13  21909.120289  -2530.293692  14695.815584    283.714123  6  5  6 101       
PG14 -21614.708191  15284.710063   1024.187463    128.688181  6  1  5 123       
PG15  -9774.120714 -11916.868540 -21616.168491   -154.931036  4  6  5 129       
PG16  -1562.840094  25759.788510   5627.865850   -147.801948  6  6  5  91       
PG17  21817.466431 -14909.758080   -626.393723    182.640051  9  7  6 124       
PG18 -15570.986975   1578.975607 -21160.193661    119.513196  7  6  4  94       
PG19   4849.779521  14770.885914 -21497.176434   -107.669627  2  6  5 102       
PG20  14055.028610  16425.416184  15328.852840     48.693037  5  2  5 122       
PG21 -25042.793741  -4141.825485  -8434.414547   -121.333628 10  8  8  99       
PG22 -12238.357231  14605.369802 -18300.513691    153.947034  7  5  6 125       
PG23  14971.506139   6918.959165  20884.956989    328.259688  5  4  3  96       
PG24  20679.577572  15489.022753  -6675.526327    362.204459  4  5  5 110       
PG25 -15385.572316  -6458.604871  20653.096105    -66.697828  4  7  9 123       
PG26   4153.713060 -17947.997029 -19544.113698   -112.092634  8  6  6 149       
PG27 -15551.699537 -15851.994715 -14105.071481    233.206980  6  8  8 123       
PG28  12860.728692 -10630.663868 -20085.209727     18.017919  9  8  4 132       
PG29 -20738.830423    280.938184  16648.333032    182.679744  8  8  7 102       
PG30  -4277.073990  23375.301306  11421.301256    318.899431  4  4  5 104       
PG31 -10122.956286  11626.920176  21864.109204     37.232172  6  6  6  81       
PG32   7950.084177  23576.211460  10141.039917   -188.739022  3  4  7 119       
*  2011  2  3 14 45  0.00000000
PG01  -7648.912187  19471.691476  16170.836263 999999.999999
PG02   1832.991964 -15823.510102  21307.209736    318.343127  4  5  6 122       
PG03  -5487.204042  21863.931844 -14195.491976    671.220373  7  5  6 110       
PG04  14893.935893  -9927.770187  19519.669168     25.843653  6  6  5 142       
PG05  -1248.628927 -25969.766396   5124.024563   -109.012157  7  8  3 132       
PG06 -10914.580840  21453.468894 -10842.697155    -55.229903  9  8  6 134       
PG07  25554.086527   5035.302643  -5719.307342      2.936275  7  8  6 121       
PG08  21707.330087  -1437.240020 -15591.064959      7.327246  5  6  5 102       
PG09 -18064.996404 -14991.720002 -12976.788464     59.517093  6  8  8 125       
PG10   9432.622441 -17671.736231  17040.643673    -65.194037  4  6  5  98       
PG11  19883.932586  12457.742788 -13069.369549   -124.326298  6  7  6 122       
PG12 -10759.051166 -22232.862905  10021.799274    -30.112230  2  4  6 116       
PG13  20477.973101  -1408.387459  16743.829946    283.713126  5  4  6  97       
PG14 -21676.393763  15084.710683  -1885.163039    128.690410  7  2  5 120       
PG15  -7861.658027 -13482.914297 -21461.744098   -154.927784  4  6  6 123       
PG16  -1882.502063  24990.195732   8376.129435   -147.804690  7  6  5  94       
PG17  21781.897805 -14542.739576  -3483.947278    182.640139  8  7  6 113       
PG18 -15896.999183   -882.469461 -20993.564491    119.515041  6  6  4  91       
PG19   2797.131122  16076.199670 -20888.015632   -107.672606  2  6  6  95       
PG20  14126.074055  18104.238398  13258.659264     48.693214  4  3  6 121       
PG21 -25729.074505  -4716.812466  -5832.622468   -121.336028 10  8  8  80       
PG22 -12683.204597  12435.239961 -19555.458492    153.946554  7  5  5 116       
PG23  13093.984352   8448.450417  21543.295125    328.257554  5  4  3  91       
PG24  19741.144548  15342.581475  -9290.672078    362.207047  3  5  6 110       
PG25 -15674.265056  -8745.597678  19566.853630    -66.699366  5  7  9 122       
PG26   5896.316378 -19024.239104 -17928.798316   -112.101455  9  6  6 140       
PG27 -13770.820239 -15411.258402 -16168.922695    233.210463  6  8  8 122       
PG28  13224.722488  -8198.208466 -20972.018257     18.019661  8  9  4 129       
PG29 -19233.463375  -1028.630008  18350.680025    182.682015  7  8  6  74       
PG30  -4788.796867  21947.325871  13737.707469    318.903157  4  4  5 105       
PG31 -12349.506059  10703.004720  21192.154322     37.236254  6  6  6  85       
PG32   7802.350799  24554.199630   7561.382847   -188.746376  4  4  7 123       
*  2011  2  3 15  0  0.00000000
PG01  -8232.936828  17578.026276  17955.117360 999999.999999
PG02   4179.660383 -15124.867624  21439.916751    318.345133  4  6  6 128       
PG03  -6646.698068  22792.161550 -11976.801070    671.225019  8  6  6 116       
PG04  16947.314933  -9137.168318  18232.997631     25.852300  6  6  6 143       
PG05   -823.904994 -25299.383845   7843.233057   -109.017712  7  8  4 133       
PG06 -11924.341588  22042.030361  -8328.460695    -55.252608  9  8  6 129       
PG07  25959.975546   5375.687583  -2905.918301      2.936869  6  8  6 112       
PG08  23191.709891   -742.508797 -13394.587120      7.327100  4  6  5 100       
PG09 -16561.145531 -14695.617448 -15221.499071     59.519850  7  8  8 123       
PG10  10020.178820 -15653.399567  18621.206023    -65.195312  4  6  5  99       
PG11  18297.215658  12675.271479 -15042.699371   -124.328742  4  7  6 124       
PG12 -10774.502055 -23236.549438   7385.479891    -30.109223  3  4  6 108       
PG13  18940.771408    -73.001441  18501.385021    283.712045  5  3  5 103       
PG14 -21494.002880  14679.243834  -4761.738848    128.693126  7  2  5 119       
PG15  -6057.639707 -15118.323586 -20937.060983   -154.924672  4  6  6 132       
PG16  -2296.996534  23939.035406  10978.003276   -147.807388  7  7  5  84       
PG17  21520.877037 -13964.222617  -6280.579298    182.640669  8  8  6 103       
PG18 -16330.380762  -3282.263210 -20456.930569    119.516831  6  6  4 101       
PG19    883.000182  17432.719482 -19917.245746   -107.675769  3  6  6 111       
PG20  14217.751794  19536.753515  10959.136936     48.692828  3  4  5 116       
PG21 -26161.338266  -5159.485748  -3133.064910   -121.338708  9  9  8 100       
PG22 -13252.237821  10167.535450 -20468.457157    153.945452  6  6  5 127       
PG23  11257.888008  10113.253918  21832.115744    328.255510  4  4  3  94       
PG24  18528.962169  15142.420442 -11747.912436    362.210481  4  5  6  78       
PG25 -16050.416615 -10875.710413  18143.618137    -66.700903  5  6  9 117       
PG26   7425.314701 -20078.185688 -16013.109133   -112.110259  9  6  6 143       
PG27 -11747.982638 -15011.474820 -17944.225139    233.214052  7  7  7 120       
PG28  13729.361778  -5709.520891 -21479.201780     18.021468  8  9  3 124       
PG29 -17665.611303  -2526.972201  19738.776724    182.684379  6  8  6  79       
PG30  -5438.410442  20302.027346  15811.470130    318.905840  4  3  5 114       
PG31 -14532.411733   9934.666254  20163.687991     37.240407  6  7  6  86       
PG32   7667.844281  25246.797105   4855.769553   -188.753453  5  4  7 114       
*  2011  2  3 15 15  0.00000000
PG01  -8967.049526  15539.674580  19426.258723 999999.999999
PG02   6556.599242 -14541.440805  21204.069963    318.346999  5  6  6 123       
PG03  -7608.720930  23566.513123  -9552.744379    671.227935  7  7  6 113       
PG04  18874.753607  -8489.292258  16631.014680     25.862117  6  6  6 137       
PG05   -282.784903 -24362.387971  10426.531559   -109.022959  7  8  5 125       
PG06 -12710.417033  22457.044172  -5668.393320    -55.274976  9  9  6 133       
PG07  26073.655974   5613.543113    -43.122837      2.937533  5  7  6 112       
PG08  24466.543862   -219.838639 -10973.493191      7.325304  4  6  5 101       
PG09 -14816.040258 -14431.671850 -17213.181395     59.521751  7  8  8 134       
PG10  10746.680347 -13511.297881  19872.115608    -65.196020  4  6  5  97       
PG11  16517.381996  12957.527413 -16765.847278   -124.331216  3  7  7 103       
PG12 -10765.079753 -23943.703778   4623.416233    -30.106157  4  5  7 119       
PG13  17344.799089   1469.251787  19937.578772    283.710875  5  3  5 103       
PG14 -21097.938594  14043.089249  -7555.412623    128.695756  7  1  5 119       
PG15  -4391.969768 -16785.337211 -20050.720384   -154.921197  5  7  7 125       
PG16  -2836.025047  22635.199794  13388.288355   -147.810095  8  7  6 103       
PG17  21066.588898 -13154.074457  -8967.283152    182.641210  8  8  7 114       
PG18 -16855.352956  -5575.521940 -19561.069457    119.518830  6  6  4  98       
PG19   -863.516146  18801.867320 -18600.782442   -107.678809  5  6  6  95       
PG20  14295.700102  20704.448128   8470.383804     48.692758  2  5  5 116       
PG21 -26321.098398  -5499.389479   -381.256654   -121.340717  9  8  7 111       
PG22 -13947.744363   7848.694914 -21023.587882    153.944968  6  6  5 120       
PG23   9502.146039  11883.467034  21745.452582    328.253250  3  4  4  93       
PG24  17053.324429  14925.968329 -14005.158268    362.212879  4  6  6  89       
PG25 -16486.115539 -12811.730776  16407.928670    -66.702409  6  6 10 119       
PG26   8726.592561 -21065.242426 -13827.207086   -112.118602  9  6  6 144       
PG27  -9516.714306 -14685.793671 -19397.072100    233.214777  7  7  7 131       
PG28  14371.881324  -3217.416524 -21598.028548     18.023410  7  9  3 125       
PG29 -16079.543259  -4200.180760  20789.110266    182.686761  5  7  6  88       
PG30  -6242.833094  18479.437360  17605.020842    318.909133  3  3  5 111       
PG31 -16623.929375   9322.765186  18796.209181     37.244447  6  7  6  85       
PG32   7509.812778  25645.061091   2069.079494   -188.760468  6  4  7 131       
*  2011  2  3 15 30  0.00000000
PG01  -9857.561517  13403.678750  20558.699366 999999.999999
PG02   8917.046663 -14080.683346  20602.294957    318.348880  5  7  5 120       
PG03  -8382.866902  24149.468199  -6963.994660    671.231586  7  7  6  98       
PG04  20634.306679  -7973.808771  14742.490065     25.870978  6  6  6 137       
PG05    400.790174 -23188.087993  12829.187226   -109.028209  7  8  5 125       
PG06 -13287.699691  22665.092210  -2909.191760    -55.297309  9  9  6 129       
PG07  25882.662820   5785.088714   2820.405332      2.938507  4  6  5 118       
PG08  25495.887341    154.137967  -8368.855233      7.324407  4  7  5  99       
PG09 -12858.800076 -14234.016942 -18920.001942     59.524132  7  8  7 128       
PG10  11615.833916 -11293.091320  20771.819304    -65.196757  4  5  5 108       
PG11  14576.284017  13324.358051 -18210.208231   -124.333849     6  7 112       
PG12 -10691.709386 -24351.134965   1782.632657    -30.103135  6  5  7 123       
PG13  15736.769123   3202.813778  21027.072624    283.709886  4  2  5 104       
PG14 -20524.322977  13158.507142 -10217.355039    128.697820  7  2  5 108       
PG15  -2887.611386 -18442.255255 -18817.619660   -154.917980  5  7  7 128       
PG16  -3523.434422  21114.466918  15565.312449   -147.812997  8  7  6  83       
PG17  20456.036908 -12099.865914 -11496.925063    182.641523  8  8  7 111       
PG18 -17449.459099  -7721.624538 -18323.084996    119.520710  6  6  5 103       
PG19  -2420.657196  20141.478504 -16960.685972   -107.682317  6  6  5 100       
PG20  14323.857486  21596.973402   5835.630481     48.692554  2  6  5 116       
PG21 -26197.139201  -5769.310094   2376.909986   -121.342901  9  8  6 109       
PG22 -14764.273896   5525.652008 -21211.287989    153.944037  5  6  5 115       
PG23   7860.466432  13722.885710  21283.776215    328.251169  2  5  5  98       
PG24  15332.709770  14728.934563 -16023.549403    362.215347  4  6  6  93       
PG25 -16948.221819 -14522.979040  14389.703152    -66.703985  6  6 10 119       
PG26   9794.415640 -21939.955454 -11406.213059   -112.127266  9  7  6 139       
PG27  -7118.030995 -14461.725215 -20499.190218    233.217635  7  7  6 125       
PG28  15140.983131   -773.780506 -21327.141202     18.025287  7  9  3 122       
PG29 -14517.345743  -6026.463072  21483.942816    182.689123  4  7  6  88       
PG30  -7211.314673  16524.061536  19085.680436    318.911756  3  2  5 110       
PG31 -18577.817373   8859.948417  17112.768230     37.248542  6  7  7  81       
PG32   7291.111793  25748.298701   -752.244352   -188.767625  6  5  7 123       
*  2011  2  3 15 45  0.00000000
PG01 -10902.483958  11218.680884  21332.875321 999999.999999
PG02  11213.664247 -13742.347273  19643.595084    318.350841  6  7  5 110       
PG03  -8985.664782  24507.573580  -4254.535732    671.236419  7  8  6 114       
PG04  22188.257132  -7573.359119  12600.904347     25.880214  6  6  7 132       
PG05   1246.767662 -21811.953742  15009.637711   -109.033403  6  8  6 132       
PG06 -13677.980913  22638.025640    -99.181284    -55.320048  8  9  7 134       
PG07  25383.201641   5928.437191   5635.987479      2.939034  3  5  5 123       
PG08  26250.221176    408.978937  -5624.531025      7.325037  3  7  5 102       
PG09 -10724.868145 -14131.535102 -20314.905107     59.525325  8  8  6 129       
PG10  12623.250586  -9047.375566  21305.201148    -65.197937  4  5  5 107       
PG11  12509.851464  13789.985487 -19351.648959   -124.336144     6  7 109       
PG12 -10516.260001 -24464.473728  -1088.507601    -30.100227  7  6  7 116       
PG13  14161.056501   5103.576787  21750.570027    283.708616  5  3  4 100       
PG14 -19813.501221  12016.143521 -12700.927770    128.700417  6  2  5 120       
PG15  -1559.856992 -20044.950619 -17258.721429   -154.914621  5  8  7 125       
PG16  -4376.104540  19418.137625  17471.660001   -147.815734  8  7  7  86       
PG17  19729.499763 -10797.566558 -13825.118930    182.641964  7  8  7 121       
PG18 -18084.514174  -9685.567788 -16765.994430    119.522435  6  6  5  95       
PG19  -3774.687440  21407.389960 -15024.824934   -107.685564  7  6  5 102       
PG20  14266.008151  22212.368421   3100.468925     48.692740  3  7  4 107       
PG21 -25785.886743  -6003.854227   5095.853726   -121.345709  8  7  5  89       
PG22 -15688.764760   3244.173027 -21028.518565    153.943216  5  7  4 117       
PG23   6360.147960  15590.233349  20454.056134    328.249103  2  6  5  98       
PG24  13393.266526  14583.820567 -17768.123413    362.218792  5  6  5  95       
PG25 -17399.720195 -15986.303253  12123.720752    -66.705514  7  5 10 124       
PG26  10631.582636 -22657.756545  -8789.779200   -112.136015  8  7  6 141       
PG27  -4599.045269 -14359.863083 -21228.665702    233.220083  7  7  6 120       
PG28  16017.273206   1572.355580 -20672.526672     18.027206  6  9  3 116       
PG29 -13017.395417  -7976.803776  21811.593148    182.691549  3  6  6  98       
PG30  -8344.836859  14483.225313  20226.350738    318.914971  4  2  5 101       
PG31 -20350.925617   8531.056920  15141.603178     37.252359  6  7  7  86       
PG32   6975.767474  25564.077074  -3560.893917   -188.774633  7  5  7 119       
*  2011  2  3 16  0  0.00000000
PG01 -12091.472045   9033.159934  21735.560592 999999.999999
PG02  13400.187195 -13518.510126  18343.291387    318.352464  6  8  6 107       
PG03  -9439.802463  24612.837185  -1470.951027    671.240889  7  8  7 118       
PG04  23504.408633  -7264.439889  10243.808509     25.889388  6  6  7 102       
PG05   2268.008296 -20274.272678  16930.221097   -109.038729  5  8  6 138       
PG06 -13908.879006  22354.146505   2712.575144    -55.342351  8  9  7 106       
PG07  24580.340410   6081.955768   8355.737991      2.939420  3  5  4 125       
PG08  26707.481844    579.129364  -2786.474599      7.323874  3  7  5  99       
PG09  -8454.834740 -14146.759624 -21375.929061     59.525576  8  7  6 139       
PG10  13756.525116  -6821.907083  21463.813802    -65.197909  4  5  4 103       
PG11  10356.924982  14362.359919 -20170.874619   -124.338739  3  6  7  98       
PG12 -10203.172795 -24297.870879  -3941.100471    -30.097342  8  7  8 121       
PG13  12658.030244   7139.624945  22095.186004    283.707609  4  3  4  89       
PG14 -19008.382129  10615.610957 -14962.544087    128.702823  6  2  5 107       
PG15   -415.901873 -21548.495715 -15400.711816   -154.911569  6  8  7 134       
PG16  -5403.123944  17591.474747  19074.811378   -147.818489  7  8  7 104       
PG17  18928.865582  -9251.908221 -15911.050456    182.642248  7  8  8 102       
PG18 -18727.783073 -11439.080813 -14918.213827    119.524333  5  7  6 121       
PG19  -4920.268663  22555.134295 -12826.423699   -107.689088  7  6  5  89       
PG20  14087.333257  22556.967573    312.050742     48.692326  5  7  3 104       
PG21 -25091.516327  -6237.986948   7730.962485   -121.348032  8  7  5 110       
PG22 -16700.987014   1047.249955 -20478.802954    153.942804  4  7  4 120       
PG23   5021.140034  17440.608777  19269.708882    328.247007  3  7  6 124       
PG24  11268.011460  14518.554115 -19208.431436    362.221618  5  6  5 110       
PG25 -17801.235345 -17186.788056   9649.020485    -66.707056  7  5 10 137       
PG26  11249.256703 -23176.734305  -6021.553959   -112.144066  8  7  6 141       
PG27  -2011.285456 -14392.897035 -21570.541770    233.222702  7  7  5 126       
PG28  16974.054420   3776.595253 -19647.313121     18.028898  6  8  3 110       
PG29 -11612.987995 -10015.906089  21766.618387    182.694009  3  5  6  87       
PG30  -9635.861050  12405.299179  21006.097074    318.918330  3  3  6 132       
PG31 -21904.680458   8313.828209  12915.703160     37.256379  6  7  6 134       
PG32   6530.518483  25107.943140  -6309.425916   -188.781710  7  5  7 135       
*  2011  2  3 16 15  0.00000000
PG01 -13406.111057   6893.688128  21760.087090 999999.999999
PG02  15433.059040 -13393.918485  16722.843088    318.354285  7  8  6 107       
PG03  -9773.095254  24443.947063   1338.368667    671.245526  7  8  7 120       
PG04  24557.162443  -7018.514994   7712.133444     25.898646  6  6  8 100       
PG05   3469.593023 -18618.632840  18557.833096   -109.044069  4  8  6 134       
PG06 -14012.547566  21799.137784   5477.170589    -55.364680  8  8  7 173       
PG07  23487.880317   6282.620398  10933.350834      2.940381  3  4  4 124       
PG08  26853.829058    702.448914     97.970111      7.324743  3  7  5 114       
PG09  -6093.099516 -14295.021844 -22086.453106     59.528546  8  7  5 140       
PG10  14995.652059  -4661.884837  21245.969751    -65.199056  4  4  4 102       
PG11   8157.990477  15042.746472 -20653.736261   -124.341281  4  5  7 111       
PG12  -9720.999344 -23873.384860  -6726.509707    -30.094354  8  7  7 130       
PG13  11262.551874   9272.292858  22054.698744    283.706264  4  4  4  83       
PG14 -18152.681997   8965.717960 -16962.478064    128.705344  5  3  5 120       
PG15    545.260767 -22908.839117 -13275.552181   -154.908361  6  8  7 126       
PG16  -6605.284084  15682.008875  20347.681089   -147.820927  7  8  7 104       
PG17  18095.912988  -7476.400289 -17718.232040    182.642970  6  8  8 109       
PG18 -19343.334592 -12961.460446 -12812.958863    119.526480  5  7  6 113       
PG19  -5860.497371  23541.672270 -10403.498987   -107.692024  7  7  5 115       
PG20  13755.907347  22644.999278  -2481.729973     48.692264  5  8  3 104       
PG21 -24125.798920  -6505.580043  10239.217999   -121.350863  8  6  4 119       
PG22 -17774.283247  -1026.386694 -19572.139481    153.941980  4  8  5 131       
PG23   3855.390833  19227.100224  17750.428327    328.245027  3  8  6 118       
PG24   8995.767815  14555.300148 -20319.089712    362.224921  5  6  5  99       
PG25 -18112.649829 -18118.150536   7008.226521    -66.708559  8  5 10 139       
PG26  11666.469539 -23459.363954  -3148.538572   -112.152619  8  8  6 152       
PG27    591.205291 -14564.971175 -21517.258996    233.227281  7  6  4 133       
PG28  17978.434284   5800.739546 -18271.405763     18.030844  6  8  4 111       
PG29 -10331.173912 -12103.376741  21349.894145    182.696366  4  5  6  90       
PG30 -11068.440072  10337.879133  21410.602681    318.921553  3  3  6 118       
PG31 -23206.413279   8179.868727  10472.303137     37.260298  5  7  6 128       
PG32   5926.280478  24402.857611  -8951.016271   -188.788772  7  5  7 125       
*  2011  2  3 16 30  0.00000000
PG01 -14820.532006   4843.276105  21406.440475 999999.999999
PG02  17272.985606 -13346.640344  14809.545431    318.356035  7  9  6 119       
PG03 -10017.233300  23987.257732   4124.086311    671.249437  8  8  7 132       
PG04  25328.342991  -6803.311506   5049.463733     25.907939  5  6  8 112       
PG05   4848.439642 -16890.291908  19864.499646   -109.049476  3  8  6 135       
PG06 -14024.219419  20966.706440   8146.731876    -55.387481  8  8  8 126       
PG07  22127.909662   6564.424857  13324.863224      2.940927  3  4  4 150       
PG08  26684.126973    818.622277   2980.785742      7.323973  3  7  5 153       
PG09  -3686.417897 -14583.866459 -22435.379846     59.529977  8  7  4 139       
PG10  16313.756842  -2608.358603  20656.695032    -65.201070  4  4  4 134       
PG11   5953.856197  15825.561059 -20791.475564   -124.343800  5  5  7 111       
PG12  -9043.791540 -23220.080938  -9397.174310    -30.091337  9  8  7 146       
PG13  10002.701318  11457.501058  21629.676886    283.704962  4  5  5  98       
PG14 -17289.143609   7084.334741 -18665.604274    128.707855  5  4  4 119       
PG15   1332.618058 -24084.466234 -10919.931109   -154.905150  5  9  7 131       
PG16  -7974.909384  13737.779433  21269.047481   -147.823672  6  8  7 126       
PG17  17270.610358  -5492.995200 -19215.171661    182.643399  5  8  7 141       
PG18 -19893.512972 -14240.102283 -10487.578662    119.528505  5  7  6 122       
PG19  -6606.602896  24327.093160  -7798.194382   -107.695211  7  7  5 137       
PG20  13244.082401  22497.895046  -5233.054817     48.692220  6  8  2 143       
PG21 -22907.696339  -6838.017824  12579.785017   -121.353059  7  5  4 152       
PG22 -18876.575905  -2943.576411 -18324.791878    153.941177  3  8  5 132       
PG23   2866.513192  20902.504138  15921.896477    328.243040  4  9  6  97       
PG24   6619.879463  14709.495807 -21080.255744    362.229364  5  5  5 139       
PG25 -18294.761666 -18782.808678   4246.811952    -66.710114  8  5 10  94       
PG26  11909.303946 -23474.124531   -220.336718   -112.161484  7  8  6 149       
PG27   3153.905152 -14871.426925 -21068.915431    233.229843  7  6  4 129       
PG28  18992.692194   7614.065946 -16570.979025     18.032649  7  7  4 116       
PG29  -9191.843462 -14195.110235  20568.592614    182.698672  5  5  6 153       
PG30 -12618.692958   8326.001523  21432.480027    318.924176  3  4  6 121       
PG31 -24230.485450   8095.862114   7852.314596     37.264427  5  7  6 144       
PG32   5139.477878  23478.357722 -11440.230515   -188.795837  7  5  7 134       
*  2011  2  3 16 45  0.00000000
PG01 -16302.331054   2919.871945  20681.231701 999999.999999
PG02  18886.343816 -13349.005532  12636.104803    318.357979  7  9  6 125       
PG03 -10206.354842  23237.495478   6836.832662    671.253330  8  7  7 157       
PG04  25807.746710  -6584.246708   2301.289219     25.917236  5  6  8 107       
PG05   6393.244200 -15134.496754  20827.854979   -109.054981  3  7  6 129       
PG06 -13980.647241  19858.916202  10675.263637    -55.409220  8  8  8 172       
PG07  20530.056429   6956.904468  15489.385536      2.941418  3  4  4 128       
PG08  26202.124275    967.508076   5814.001877      7.322415  3  6  5 117       
PG09  -1282.378927 -15012.750226 -22417.254942     59.532761  8  7  3 133       
PG10  17678.107047   -696.826619  19707.552030    -65.202101  4  4  4 119       
PG11   3784.316685  16698.463434 -20580.902832   -124.346505  5  5  7 101       
PG12  -8152.290062 -22372.875129 -11907.402711    -30.088433  9  9  7 124       
PG13   8898.781962  13647.316013  20827.478875    283.703792  4  6  5  93       
PG14 -16457.803650   4997.898509 -20042.051293    128.710273  5  4  4 115       
PG15   1962.596998 -25037.978003  -8374.625787   -154.902090  5  9  7 110       
PG16  -9496.026400  11805.580859  21823.869363   -147.826481  6  8  7  91       
PG17  16489.503702  -3331.417618 -20375.941432    182.643745  4  8  7 113       
PG18 -20340.466364 -15270.715327  -7982.840166    119.530122  6  8  6 113       
PG19  -7177.316070  24876.212464  -5056.024763   -107.698433  7  7  5 103       
PG20  12529.707184  22143.338570  -7894.986618     48.692400  5  9  3 100       
PG21 -21462.721811  -7262.904793  14714.564029   -121.355475  7  5  4  96       
PG22 -19971.598993  -4677.807793 -16758.963643    153.940780  3  8  5 119       
PG23   2049.785434  22421.081780  13815.376018    328.240892  4  9  6 108       
PG24   4186.746903  14989.149810 -21478.018428    362.232481  5  5  4  80       
PG25 -18310.916859 -19191.620621   1412.313885    -66.711620  9  6 10 115       
PG26  12009.774860 -23196.931514   2711.696069   -112.169956  7  8  6 152       
PG27   5623.889947 -15298.950315 -20233.330583    233.232555  7  6  3 126       
PG28  19975.840039   9194.275444 -14577.846690     18.034654  7  7  4 125       
PG29  -8207.094766 -16244.820984  19436.059450    182.700944  5  5  6  83       
PG30 -14255.624608   6410.470777  21071.428664    318.926150  3  5  6 101       
PG31 -24959.168807   8024.971070   5099.697403     37.268483  5  7  6 115       
PG32   4153.190055  22369.473283 -13733.799802   -188.803048  7  6  6 114       
*  2011  2  3 17  0  0.00000000
PG01 -17813.754577   1155.072371  19597.546804 999999.999999
PG02  20246.384998 -13368.800182  10240.094658    318.360208  7 10  5 122       
PG03 -10375.501933  22198.144477   9428.153598    671.257298  8  8  8 152       
PG04  25993.399444  -6325.930710   -485.753245     25.926501  5  6  9  97       
PG05   8084.749114 -13394.819382  21431.517265   -109.060369  3  7  5 136       
PG06 -13918.505154  18486.200300  13019.442853    -55.431673  8  9  7  65       
PG07  18730.465980   7483.830354  17389.786657      2.942257  3  4  4 123       
PG08  25420.327845   1187.483107   8550.413445      7.323686  3  6  4 120       
PG09   1072.137121 -15573.031214 -22032.326410     59.534387  8  7  2 137       
PG10  19051.358057   1043.924491  18416.341109    -65.203315  4  4  4 116       
PG11   1686.848945  17642.707613 -20024.503830   -124.348954  5  6  7 110       
PG12  -7034.865316 -21371.165454 -14214.141571    -30.085609  9  9  7 135       
PG13   7962.645243  15791.672736  19662.123723    283.702538  3  7  5  72       
PG14 -15694.380077   2740.576817 -21067.754320    128.712995  4  4  3 118       
PG15   2458.226291 -25737.524296  -5683.784135   -154.898612  5  9  7  92       
PG16 -11144.861757   9929.281946  22003.487703   -147.829106  5  8  6  99       
PG17  15784.259428  -1028.185133 -21180.634262    182.644329  4  7  6 106       
PG18 -20647.671809 -16057.220955  -5342.179736    119.531807  6  8  6 111       
PG19  -7597.932758  25159.999716  -2225.045667   -107.701721  7  7  6 104       
PG20  11597.136560  21614.093742 -10422.249635     48.692123  5  9  4  91       
PG21 -19822.088636  -7802.915624  16608.706924   -121.357738  6  5  5 105       
PG22 -21020.303095  -6210.027433 -14902.365146    153.939932  2  7  6 126       
PG23   1392.490792  23740.283302  11467.188795    328.238865  4  9  6  89       
PG24   1744.238580  15394.436921 -21504.692365    362.234942  5  4  4 101       
PG25 -18128.553160 -19363.305692  -1446.486453    -66.713104  9  7 10 124       
PG26  12004.443655 -22612.315587   5595.391098   -112.178807  6  8  7 154       
PG27   7951.849865 -15826.121371 -19025.905995    233.234956  7  6  3 120       
PG28  20885.303615  10528.076918 -12328.734429     18.036024  7  7  5 133       
PG29  -7380.907444 -18205.666486  17971.591479    182.703607  6  7  6  98       
PG30 -15942.255505   4626.373560  20334.234596    318.929469  3  6  6 117       
PG31 -25383.248573   7928.383464   2260.778732     37.272591  5  6  6 112       
PG32   2958.063612  21115.430541 -15791.390191   -188.810122  7  6  6 117       
*  2011  2  3 17 15  0.00000000
PG01 -19313.101360   -426.904929  18174.680134 999999.999999
PG02  21334.179393 -13370.669110   7663.299708    318.361664  7 10  5 120       
PG03 -10559.022965  20881.488369  11851.467777    671.262566  8  8  8  91       
PG04  25891.518423  -5993.687975  -3264.636749     25.935835  4  6  9  71       
PG05   9896.327050 -11711.574033  21665.356199   -109.065603  4  7  4 132       
PG06 -13872.815680  16867.057277  15139.350129    -55.454081  7  8  8 164       
PG07  16770.540424   8162.124345  18993.324279      2.942818  3  4  4 125       
PG08  24359.574194   1513.838822  11144.291378      7.324663  3  6  4 121       
PG09   3332.473058 -16248.247886 -21286.544335     59.535418  8  6    134       
PG10  20392.978746   2592.696429  16806.693280    -65.204315  4  3  4 119       
PG11   -304.613966  18633.741548 -19130.470657   -124.351210  6  6  6 119       
PG12  -5688.173541 -20257.301238 -16277.707133    -30.082501  9  9  7 130       
PG13   7197.361766  17840.191115  18154.035502    283.701533  4  7  6 101       
PG14 -15028.846023    353.122128 -21724.894793    128.715276  4  4  2 122       
PG15   2848.033839 -26158.034204  -2894.141136   -154.895743  5  9  7 102       
PG16 -12890.645845   8148.281922  21805.713092   -147.831907  5  8  6  96       
PG17  15180.421134   1374.638770 -21615.700264    182.645001  4  7  6 117       
PG18 -20781.398913 -16611.348773  -2610.937318    119.533644  6  9  6 126       
PG19  -7899.110094  25156.775612    645.034778   -107.704972  6  7  6  99       
PG20  10437.994015  20946.658140 -12771.972831     48.692167  5  9  5 103       
PG21 -18021.675071  -8474.823348  18231.094918   -121.360110  6  6  5 109       
PG22 -21982.376181  -7529.149492 -12787.684430    153.939141  3  7  7 124       
PG23    874.584873  24822.368784   8918.087675    328.236880  4  9  6 108       
PG24   -659.963048  15917.607359 -21159.007616    362.238228  5  4  4  96       
PG25 -17720.594858 -19323.570439  -4280.404262    -66.714559  9  7 10 136       
PG26  11932.815370 -21714.284959   8378.775301   -112.186667  6  8  7 157       
PG27  10093.948715 -16424.341127 -17469.284721    233.237295  7  6  3 123       
PG28  21678.649972  11611.396114  -9864.480294     18.037869  7  7  5 137       
PG29  -6709.133636 -20031.901375  16200.118480    182.705857  6  8  6  66       
PG30 -17637.011751   3001.844017  19234.611638    318.931504  3  6  6 110       
PG31 -25502.324572   7766.947603   -616.474120     37.276501  4  6  6  97       
PG32   1552.949015  19758.187697 -17576.351090   -188.817384  7  6  6 115       
*  2011  2  3 17 30  0.00000000
PG01 -20756.285100  -1809.950108  16437.758420 999999.999999
PG02  22139.258548 -13317.669324   4950.959832    318.363537  7 10  5 127       
PG03 -10788.991405  19308.297319  14063.009354    671.267477  9  8  8  89       
PG04  25516.185082  -5555.042061  -5988.690157     25.945097  5  6  9  79       
PG05  11794.857148 -10120.376463  21525.648995   -109.071156  4  6  4 135       
PG06 -13875.463981  15027.445691  16999.126334    -55.476497  7  8  8 165       
PG07  14695.485092   9001.036937  20272.209984      2.943516  2  4  5 133       
PG08  23048.312190   1977.285521  13552.079584      7.325050  3  6  3 120       
PG09   5457.633597 -17014.679502 -20191.500816     59.537859  7  6  1 142       
PG10  21660.797166   3936.444470  14907.567917    -65.205434  4  3  4 122       
PG11  -2160.788010  19642.039535 -17912.651748   -124.353992  5  7  6 120       
PG12  -4117.501014 -19074.947526 -18062.467186    -30.079608  9  9  7 133       
PG13   6597.251573  19744.013037  16329.666874    283.700118  4  7  6 105       
PG14 -14484.248764  -2118.536140 -22002.217754    128.717890  5  3  2 124       
PG15   3164.724308 -26282.193282    -54.184531   -154.892354  5  9  7  78       
PG16 -14696.687989   6496.160079  21234.801754   -147.834296  5  7  5  93       
PG17  14696.429818   3830.907776 -21674.157784    182.645348  4  6  5 115       
PG18 -20712.058951 -16951.952610    164.413069    119.535510  6  9  6 113       
PG19  -8115.445324  24853.127170   3503.781592   -107.708153  6  8  7 108       
PG20   9051.660195  20179.794177 -14904.385841     48.691858  4  9  6 100       
PG21 -16100.838300  -9288.736547  19554.777793   -121.362574  5  6  5 116       
PG22 -22817.818629  -8632.249436 -10451.974359    153.938320  3  7  7 133       
PG23    469.666398  25635.858624   6212.532538    328.234551  5 10  6 112       
PG24  -2980.017516  16543.218933 -20446.187768    362.241547  5  4  4 110       
PG25 -17066.644129 -19103.974347  -7040.697740    -66.716060  9  8 10 132       
PG26  11835.582173 -20506.819591  11011.126296   -112.195487  5  8  7 158       
PG27  12013.436018 -17059.090788 -15592.821616    233.238994  7  6  3 124       
PG28  22315.287417  12449.213871  -7229.188478     18.039916  8  7  5 128       
PG29  -6179.806347 -21680.500944  14151.793476    182.708285  7  9  6  70       
PG30 -19295.313507   1557.132422  17792.890793    318.934705  4  6  6 109       
PG31 -25324.796662   7502.837433  -3483.219098     37.280378  4  6  6 113       
PG32    -54.771436  18340.854295 -19056.426999   -188.824527  7  6  6 112       
*  2011  2  3 17 45  0.00000000
PG01 -22098.494707  -2986.465676  14417.265148 999999.999999
PG02  22659.924758 -13172.909757   2150.929090    318.365480  7 10  4 122       
PG03 -11093.711494  17507.166793  16022.729052    671.271687  9  7  8  95       
PG04  24888.744607  -4981.110542  -8612.324203     25.954289  5  5  9 118       
PG05  13741.858923  -8650.900359  21015.123480   -109.076298  5  6  3 140       
PG06 -13953.856376  12999.904891  18567.545633    -55.499113  7  8  8 166       
PG07  12552.715025  10001.621490  21204.099439      2.943988  2  4  5 131       
PG08  21521.619742   2602.616822  15733.071929      7.325184  3  6  3 124       
PG09   7411.603014 -17842.171671 -18764.308800     59.539547  7  6  2 139       
PG10  22812.603331   5070.516588  12752.670528    -65.206254  4  3  4 127       
PG11  -3857.980718  20634.142412 -16390.416220   -124.356760  5  7  5 117       
PG12  -2336.780671 -17867.406077 -19537.462038    -30.076571  8 10  7 129       
PG13   6148.271073  21457.586594  14221.009786    283.698768  4  7  6  97       
PG14 -14075.821642  -4624.904745 -21895.220886    128.720315  5  3  3 118       
PG15   3443.690395 -26101.128064   2786.713573   -154.888911  5  9  7  86       
PG16 -16521.679147   4999.567095  20301.324726   -147.836981  4  7  4  88       
PG17  14342.945229   6292.011693 -21355.677227    182.645709  5  6  5 119       
PG18 -20415.392376 -17104.078905   2937.024593    119.537056  6  9  7 124       
PG19  -8283.897027  24244.501711   6300.975239   -107.711444  6  8  8  92       
PG20   7445.470688  19352.993789 -16783.458433     48.691983  3  9  6 101       
PG21 -14101.114463 -10247.570748  20557.372704   -121.364966  5  6  5 117       
PG22 -23488.509691  -9524.438382  -7935.970068    153.937666  4  6  7 132       
PG23    146.212977  26156.751829   3397.884262    328.232366  5 10  6 107       
PG24  -5173.519841  17248.686831 -19377.910991    362.245016  5  4  5 115       
PG25 -16153.922474 -18740.579840  -9679.905977    -66.717510  9  8 10 134       
PG26  11752.787771 -19003.960757  13444.044742   -112.204225  5  8  7 159       
PG27  13681.936369 -17691.459603 -13431.885171    233.240529  7  6  4 121       
PG28  22758.069965  13055.053993  -4469.360221     18.041537  7  7  4 130       
PG29  -5773.753415 -23112.693625  11861.497163    182.710734  7  9  6  72       
PG30 -20871.291134    304.014627  16035.568787    318.936070  4  6  6 100       
PG31 -24867.531074   7101.186125  -6290.533763     37.284234  4  6  6 106       
PG32  -1849.186520  16906.053590 -20204.415439   -188.831699  7  6  5 121       
*  2011  2  3 18  0  0.00000000
PG01 -23295.886792  -3957.434658  12148.476278 999999.999999
PG02  22903.211280 -12901.207042   -687.231287    318.367480  7  9  4 138       
PG03 -11496.379519  15513.531522  17695.126965    671.276298  9  6  8 103       
PG04  24036.956846  -4247.861323 -11091.730363     25.963136  5  5  9 125       
PG05  15694.839300  -7325.877625  20142.889030   -109.081705  5  6  3 147       
PG06 -14129.773089  10822.438846  19818.498282    -55.521573  7  8  8 166       
PG07  10390.180027  11156.527243  21772.498652      2.944882  2  5  6 133       
PG08  19819.985772   3407.582680  17650.062291      7.324997  3  6  3 131       
PG09   9164.498679 -18695.203415 -17027.417490     59.541244  7  5  3 147       
PG10  23807.746039   5998.565193  10379.805977    -65.207746  4  3  5 130       
PG11  -5378.834243  21573.872460 -14588.428308   -124.359260  5  8  5 117       
PG12   -368.277555 -16675.956585 -20676.953416    -30.073508  8 10  6 151       
PG13   5828.739367  22940.325977  11865.004037    283.697845  4  7  6 114       
PG14 -13810.424130  -7114.679214 -21406.212457    128.722978  5  5  4 131       
PG15   3721.418409 -25614.770103   5579.181740   -154.885892  5 10  6 126       
PG16 -18321.170658   3677.396035  19021.936263   -147.839350  5  6  4 127       
PG17  14122.492847   8708.585549 -20666.538987    182.646362  5  6  5 126       
PG18 -19873.455092 -17097.827102   5660.420542    119.539239  6 10  7 121       
PG19  -8442.115521  23335.454492   8987.548728   -107.714627  5  8  8 101       
PG20   5634.616935  18504.934240 -18377.475487     48.691637  3  8  6 137       
PG21 -12064.845070 -11346.773104  21221.419932   -121.366719  5  6  5 118       
PG22 -23959.703905 -10218.427325  -5283.351439    153.936701  4  6  8 135       
PG23   -130.968401  26369.460034    523.533458    328.230520  5 10  6 115       
PG24  -7202.968166  18005.133019 -17972.151095    362.247464  5  4  5 140       
PG25 -14977.925423 -18272.439506 -12152.663709    -66.719050 10  8  9 126       
PG26  11721.995558 -17229.477933  15632.511028   -112.212408  5  8  7 159       
PG27  15080.359335 -18279.864374 -11027.018953    233.244252  7  5  5 119       
PG28  22974.745675  13450.154583  -1633.023321     18.043380  7  7  4 131       
PG29  -5465.494043 -24295.345006   9368.263345    182.713023  7  9  6 124       
PG30 -22319.553483   -754.436926  13994.731283    318.937731  5  6  6 137       
PG31 -24155.215785   6531.626152  -8990.228171     37.288385  5  6  6 112       
PG32  -3806.199683  15494.291832 -20998.753154   -188.839060  7  6  5 152       
*  2011  2  3 18 15  0.00000000
PG01 -24307.244343  -4732.153706   9670.819588 999999.999999
PG02  22884.492753 -12470.685346  -3513.204199    318.369257  6  9  4 137       
PG03 -12013.963078  13368.394259  19049.991760    671.280753  8  6  8 115       
PG04  22993.930865  -3337.187000 -13385.545942     25.972474  5  5  9 109       
PG05  17608.800354  -6160.379433  18924.258027   -109.086751  5  5  3 145       
PG06 -14418.456581   8537.208094  20731.378826    -55.543968  7  8  8 160       
PG07   8254.670547  12450.122106  21967.078021      2.945433  3  6  6 133       
PG08  17987.896875   4402.013422  19269.960027      7.325526  3  5  3 129       
PG09  10693.521169 -19534.164794 -15008.361225     59.543893  7  5  4 135       
PG10  24608.663046   6732.142764   7830.182348    -65.209083  5  4  4 124       
PG11  -6712.837611  22423.682341 -12536.328609   -124.361866  5  8  5 116       
PG12   1758.048039 -15538.281670 -21460.890878    -30.070689  8 10  6 160       
PG13   5610.372624  24158.081165   9302.856685    283.696648  5  8  6 118       
PG14 -13686.331044  -9536.564811 -20544.238666    128.725461  5  7  4 131       
PG15   4033.853154 -24831.884956   8274.733020   -154.882713  5 10  6 124       
PG16 -20049.172015   2540.259893  17419.048606   -147.841975  5  6  4 133       
PG17  14029.447168  11032.240390 -19619.469692    182.646779  6  7  5 130       
PG18 -19075.372104 -16967.047287   8289.210578    119.541035  6 10  7 124       
PG19  -8626.753157  22139.539835  11516.497931   -107.717749  5  8  8 111       
PG20   3641.754876  17671.982195 -19659.540618     48.691790  3  8  6 143       
PG21 -10033.772874 -12574.312780  21534.691720   -121.369059  5  6  5 123       
PG22 -24201.399790 -10733.802549  -2539.965703    153.936217  5  7  8 138       
PG23   -399.136338  26267.416595  -2360.017038    328.228399  5 10  6 108       
PG24  -9037.046160  18778.504445 -16252.898173    362.249400  5  4  5 146       
PG25 -13542.764856 -17739.979608 -14416.478946    -66.720534  9  8  9 122       
PG26  11776.546885 -15216.116164  17535.890987   -112.220897  5  8  7 162       
PG27  16199.395020 -18781.875176  -8422.995965    233.245532  7  5  5 123       
PG28  22939.198101  13662.367408   1231.121364     18.045061  7  7  4 123       
PG29  -5224.384231 -25202.141101   6714.633420    182.715470  6 10  6 129       
PG30 -23596.931873  -1623.717051  11707.369804    318.940031  5  6  5 137       
PG31 -23219.424550   5769.675822 -11535.664376     37.292440  5  7  6 107       
PG32  -5894.209162  14142.400875 -21424.012566   -188.846149  7  6  4 156       
*  2011  2  3 18 30  0.00000000
PG01 -25095.537815  -5327.645382   7027.170855 999999.999999
PG02  22626.761403 -11854.250108  -6276.888513    318.371085  6  8  4 102       
PG03 -12656.351013  11116.823503  20063.023699    671.285815  8  6  8 116       
PG04  21796.881969  -2237.760594 -15455.479546     25.981700  6  5  8 152       
PG05  19437.849412  -5161.403726  17380.462351   -109.092204  5  5  3 138       
PG06 -14827.966993   6189.081002  21291.377313    -55.566400  7  8  8 170       
PG07   6190.168116  13858.943908  21783.886849      2.945822  3  7  7 153       
PG08  16072.275301   5587.230121  20564.362269      7.324541  3  5  3 155       
PG09  11983.666331 -20316.807085 -12739.438259     59.544974  6  5  5 140       
PG10  25182.288464   7290.004173   5147.679997    -65.210191  5  4  4 144       
PG11  -7856.584082  23146.090686 -10268.320328   -124.364654  4  8  5 122       
PG12   4005.478464 -14487.036622 -21875.286295    -30.067565  8  9  6 142       
PG13   5459.582672  25084.359722   6579.287094    283.695156  4  8  5 126       
PG14 -13693.377039 -11841.092522 -19324.884042    128.728027  5  7  5 146       
PG15   4414.788662 -23769.765359  10826.629797   -154.879571  5  9  6 150       
PG16 -21659.807430   1590.290784  15520.421078   -147.844587  5  6  4 121       
PG17  14050.347969  13217.247661 -18233.363508    182.647547  6  7  5 148       
PG18 -18017.835909 -16747.924125  10779.773584    119.542614  6 10  8 154       
PG19  -8871.825808  20678.851336  13843.744599   -107.720985  5  8  7 149       
PG20   1496.336291  16886.800965 -20608.002623     48.691729  3  7  6 155       
PG21  -8047.652150 -13910.942364  21490.449095   -121.372217  6  7  5 122       
PG22 -24189.529131 -11096.044394    246.974777    153.935515  6  7  8 147       
PG23   -695.922985  25853.334153  -5202.095148    328.226446  5 10  5 103       
PG24 -10651.667383  19530.917517 -14249.761275    362.252408  5  5  6 148       
PG25 -11861.185339 -17183.342819 -16432.460268    -66.721988  9  8  8 123       
PG26  11943.994432 -13004.449443  19118.855108   -112.229482  6  8  7 163       
PG27  17039.583576 -19156.059205  -5667.802065    233.248305  6  5  6 126       
PG28  22632.440950  13724.837660   4074.521338     18.047038  7  8  4 119       
PG29  -5015.967965 -25814.525688   3945.949228    182.717986  6 10  6 158       
PG30 -24664.126383  -2317.399728   9214.613797    318.943737  5  6  5 100       
PG31 -22097.420589   4797.916309 -13882.569306     37.296662  6  7  6 153       
PG32  -8075.105950  12882.120034 -21471.291172   -188.853425  7  6  4 132       
*  2011  2  3 18 45  0.00000000
PG01 -25629.329568  -5767.776169   4263.100582 999999.999999
PG02  22159.600112 -11030.870954  -8929.366712    318.373117  5  8  5 141       
PG03 -13425.813886   8806.286183  20716.322898    671.289726  8  6  8 122       
PG04  20485.755240   -945.643354 -17266.891609     25.990965  6  5  8 132       
PG05  21136.849710  -4327.782901  15538.271053   -109.097567  5  5  4 146       
PG06 -15358.825595   3824.099376  21489.672893    -55.588948  7  7  8 166       
PG07   4236.303261  15352.466315  21225.462299      2.946450  4  7  7 136       
PG08  14120.821112   6955.768057  21510.073613      7.324839  2  5  4 133       
PG09  13028.170561 -20999.820920 -10257.315784     59.547038  6  4  6 129       
PG10  25501.287591   7697.148393   2378.099308    -65.211224  5  4  4 114       
PG11  -8813.758137  23705.151547  -7822.660734   -124.367447  4  8  5 126       
PG12   6331.744660 -13548.620046 -21912.488072    -30.064436  8  9  5 148       
PG13   5338.985455  25701.253791   3741.713835    283.693864  4  8  6 123       
PG14 -13813.447597 -13982.357818 -17769.951434    128.730343  5  8  5 141       
PG15   4894.350026 -22453.601580  13190.712553   -154.876331  6  9  6 135       
PG16 -23108.969841    821.264099  13358.671998   -147.847145  4  6  5 131       
PG17  14164.532822  15222.112158 -16532.897409    182.647956  6  8  5 125       
PG18 -16705.335913 -16477.498368  13090.901687    119.544704  6 10  8 126       
PG19  -9207.193998  18983.232130  15928.933359   -107.724331  5  8  7 116       
PG20   -766.312532  16177.111712 -21206.799898     48.691525  3  7  6 150       
PG21  -6142.919339 -15330.727880  21087.640263   -121.374606  6  7  5 125       
PG22 -23906.923009 -11335.330806   3029.704918    153.934783  6  8  8 142       
PG23  -1057.626548  25139.099672  -7952.806226    328.224270  5 10  6 117       
PG24 -12030.737898  20222.176076 -11997.458585    362.256123  5  5  6 151       
PG25  -9954.253427 -16640.754555 -18165.981514    -66.723434  9  8  8 130       
PG26  12244.788808 -10641.387501  20352.177679   -112.237812  6  7  6 161       
PG27  17610.969490 -19363.757496  -2811.584928    233.250638  6  5  6 119       
PG28  22043.337531  13674.521508   6849.550241     18.048772  7  8  5 125       
PG29  -4803.482979 -26122.355354   1109.594715    182.720485  6 10  7 130       
PG30 -25487.187597  -2856.326676   6560.900506    318.945439  5  6  6 142       
PG31 -20830.741647   3606.909653 -15989.826642     37.300750  6  7  6 109       
PG32 -10305.556081  11738.879535 -21138.478216   -188.860567  6  6  4 158       
*  2011  2  3 19  0  0.00000000
PG01 -25883.969372  -6082.117441   1426.085145 999999.999999
PG02  21517.897496  -9986.617846 -11423.843728    318.374973  4  7  5 136       
PG03 -14316.799727   6484.889512  20998.729208    671.294466  8  7  8 125       
PG04  19101.763598    535.376442 -18789.324988     26.000363  6  5  8 124       
PG05  22663.048618  -3650.412987  13429.516803   -109.103150  5  5  4 144       
PG06 -16003.956254   1487.915434  21323.530592    -55.611369  6  7  8 168       
PG07   2426.980557  16894.153266  20300.828112      2.947202  5  7  7 130       
PG08  12180.316214   8491.430189  22089.562866      7.325574  2  5  4 132       
PG09  13828.667555 -21540.491723  -7602.558038     59.549473  6  4  7 127       
PG10  25545.077205   7983.640574   -431.600516    -65.211452  5  5  4 114       
PG11  -9594.846502  24067.901137  -5241.060549   -124.370002  4  8  5 117       
PG12   8690.456313 -12742.194392 -21571.348228    -30.061493  8  9  5 155       
PG13   5209.056982  26000.037611    839.400455    283.692851  5  8  6 116       
PG14 -14021.293471 -15919.613996 -15907.030703    128.732996  6  8  5 131       
PG15   5497.627520 -20915.555068  15326.176507   -154.872839  6  9  5 134       
PG16 -24355.912053    219.039284  10970.722261   -147.849947  4  7  6 135       
PG17  14345.056839  17010.974250 -14548.051022    182.648312  7  9  6 114       
PG18 -15150.114069 -16192.177857  15184.401118    119.546648  6 10  8 134       
PG19  -9657.226174  17089.189882  17736.146304   -107.727721  5  8  7 105       
PG20  -3106.131379  15564.653656 -21445.718830     48.691953  4  6  6 147       
PG21  -4351.469998 -16801.836857  20331.032941   -121.377224  6  8  5 122       
PG22 -23344.019998 -11485.174499   5760.715602    153.933836  7  8  8 145       
PG23  -1517.560617  24145.311513 -10563.961601    328.222242  6  9  6 115       
PG24 -13166.604669  20811.401955  -9535.203689    362.259879  6  5  6 148       
PG25  -7850.731462 -16146.976182 -19587.272786    -66.724860  9  8  8 137       
PG26  12691.284491  -8178.403130  21213.386610   -112.246679  6  7  6 161       
PG27  17932.371809 -19370.716888     94.396826    233.253717  6  5  7 119       
PG28  21169.027981  13550.601169   9510.233593     18.050532  8  8  6 117       
PG29  -4549.463653 -26124.246223  -1745.801996    182.722716  5  9  7 123       
PG30 -26038.776422  -3267.514422   3793.105509    318.949575  5  6  6 141       
PG31 -19463.617696   2195.816766 -17820.232286     37.304791  6  6  5 113       
PG32 -12538.519799  10730.841092 -20430.385539   -188.867907  6  6  4 158       
*  2011  2  3 19 15  0.00000000
PG01 -25842.537324  -6304.595862  -1435.303751 999999.999999
PG02  20740.361736  -8715.406135 -13716.533558    318.376949  3  6  6 125       
PG03 -15316.073247   4199.610321  20906.005739    671.298547  7  7  7 128       
PG04  17685.890975   2193.726182 -19996.980661     26.009474  6  5  8 135       
PG05  23977.621697  -3112.793395  11090.540008   -109.108297  5  5  4 136       
PG06 -16748.923998   -775.743032  20796.303236    -55.633828  6  6  8 168       
PG07    789.224952  18442.764224  19025.380207      2.947873  6  7  7 127       
PG08  10294.951261  10169.676600  22291.345889      7.324930  2  4  4 122       
PG09  14395.043115 -21898.376715  -4819.075292     59.551917  6  4  7 122       
PG10  25300.598065   8183.261804  -3234.060675    -65.212128  6  5  4 109       
PG11 -10216.578410  24205.723614  -2567.996950   -124.372670  4  8  5 114       
PG12  11032.703141 -12078.996157 -20857.277082    -30.058248  8  8  4 129       
PG13   5029.869170  25981.414784  -2077.422492    283.691510  5  8  7  98       
PG14 -14285.632629 -17618.658856 -13768.967362    128.735537  6  8  5 113       
PG15   6243.517547 -19193.573354  17196.281637   -154.869715  6  8  5 112       
PG16 -25364.717716   -237.702109   8397.179619   -147.852546  4  7  7 118       
PG17  14559.859854  18554.789882 -12313.542947    182.648551  7  9  6 107       
PG18 -13371.850568 -15926.289138  17025.646301    119.548413  5  9  8 128       
PG19 -10239.697864  15038.563289  19234.521640   -107.731078  4  8  7 106       
PG20  -5479.644876  15064.381176 -21320.562989     48.691632  4  6  6 112       
PG21  -2699.586715 -18287.565255  19231.272022   -121.379649  7  9  5 110       
PG22 -22499.292265 -11580.947888   8393.545641    153.933053  7  8  8 140       
PG23  -2104.529862  22900.478864 -12989.967842    328.219872  6  9  6 104       
PG24 -14060.170230  21258.711604  -6905.999434    362.263043  6  5  6 105       
PG25  -5586.159445 -15731.904894 -20671.927994    -66.726273  9  8  7 133       
PG26  13287.114760  -5669.563097  21687.240895   -112.255430  6  7  5 161       
PG27  18030.318367 -19148.511061   2998.793534    233.256815  6  5  7 113       
PG28  20015.058197  13392.857333  12012.917082     18.052574  8  8  6 127       
PG29  -4217.379444 -25827.597715  -4571.193497    182.725178  5  9  7 101       
PG30 -26299.156190  -3582.832222    959.655901    318.952326  5  6  7 113       
PG31 -18041.280552    572.685182 -19341.197474     37.308782  7  6  5 111       
PG32 -14724.947646   9868.241172 -19358.732996   -188.875069  6  6  5 120       
*  2011  2  3 19 30  0.00000000
PG01 -25496.500644  -6471.986841  -4272.217863 999999.999999
PG02  19867.898633  -7219.419875 -15767.472438    318.378729  3  6  6 129       
PG03 -16403.190011   1994.589881  20440.863942    671.303093  7  7  7 135       
PG04  16277.412366   4010.276591 -20869.133603     26.018516  6  5  7 144       
PG05  25047.074395  -2691.854612   8561.560616   -109.113206  6  6  5 130       
PG06 -17572.459296  -2926.524485  19917.341377    -55.656283  6  6  8 163       
PG07   -657.704400  19953.862018  17420.658220      2.948523  6  6  7 124       
PG08   8504.737869  11958.343967  22110.283125      7.326807  2  4  4 121       
PG09  14744.984086 -22036.943795  -1953.493241     59.554054  6  3  7 122       
PG10  24762.815909   8332.038433  -5982.270342    -65.212880  6  5  5  98       
PG11 -10701.111751  24095.578387    150.050843   -124.375306  4  8  5 114       
PG12  13308.766794 -11561.964627 -19782.182186    -30.055282  8  7  4 127       
PG13   4762.835586  25655.408734  -4958.441893    283.690462  6  8  7 112       
PG14 -14570.492639 -19052.962767 -11393.244109    128.738134  6  8  5 119       
PG15   7143.816108 -17329.994296  18768.983365   -154.866583  6  7  4 115       
PG16 -26105.599673   -576.450620   5681.672840   -147.855074  5  7  8 121       
PG17  14773.132485  19832.246558  -9868.196287    182.649042  8  9  6  88       
PG18 -11397.091679 -15710.718743  18584.084032    119.550459  5  9  7 131       
PG19 -10964.969640  12876.996578  20398.766006   -107.734194  4  7  6  86       
PG20  -7841.412159  14683.927284 -20833.230725     48.691679  4  5  6 111       
PG21  -1207.059978 -19747.575227  17804.853331   -121.381763  7  9  5 108       
PG22 -21379.376188 -11658.353100  10883.545125    153.932594  7  8  8 145       
PG23  -2841.495670  21439.918460 -15188.657061    328.218133  6  8  5 104       
PG24 -14720.668155  21526.869666  -4155.853711    362.265725  6  5  6 107       
PG25  -3201.679683 -15419.374288 -21401.320635    -66.727725  9  8  7 133       
PG26  14026.965491  -3169.456437  21766.020446   -112.264110  6  7  4 163       
PG27  17937.704775 -18675.698522   5851.127672    233.259540  6  5  7 120       
PG28  18595.214489  13240.056869  14316.874398     18.054352  8  8  6 125       
PG29  -3773.245324 -25248.290902  -7317.951512    182.727577  5  9  7  94       
PG30 -26256.884266  -3837.510712  -1890.353565    318.955374  6  6  7 128       
PG31 -16608.230623  -1245.611331 -20525.383327     37.312888  7  7  4 119       
PG32 -16815.583608   9153.069781 -17941.983136   -188.882219  5  6  5 117       
*  2011  2  3 19 45  0.00000000
PG01 -24846.061779  -6622.309814  -7036.346491 999999.999999
PG02  18941.924494  -5509.197764 -17541.240429    318.380823  3  6  6 122       
PG03 -17551.281075    -90.432238  19612.833932    671.307266  7  7  7 127       
PG04  14912.482343   5958.848755 -21390.483640     26.027597  5  5  7 141       
PG05  25844.448889  -2359.040434   5885.988478   -109.118892  6  6  5 134       
PG06 -18447.246803  -4928.771366  18701.814761    -55.678826  6  6  8 165       
PG07  -1902.896369  21381.466285  15514.004218      2.949269  6  6  7 120       
PG08   6844.067799  13818.676630  21547.780469      7.324962  2  4  4 120       
PG09  14903.228129 -21925.110375    945.555392     59.555556  6  3  8 120       
PG10  23934.936869   8466.705459  -8630.294237    -65.213568  6  5  4 111       
PG11 -11074.993158  23721.034772   2865.430972   -124.378069  5  8  6 109       
PG12  15469.877705 -11185.705678 -18364.290310    -30.052303  8  5  4 134       
PG13   4372.397769  25040.904230  -7754.136351    283.688856  6  8  8 104       
PG14 -14836.737541 -20204.497400  -8821.289448    128.740550  7  7  5 127       
PG15   8202.599916 -15369.995670  20017.473330   -154.863127  5  7  5 118       
PG16 -26555.979651   -829.633834   2870.144934   -147.857886  5  8  8 111       
PG17  14946.825834  20830.384364  -7254.246600    182.649411  8  9  6  89       
PG18  -9258.439582 -15571.689904  19833.684755    119.552137  5  8  7 133       
PG19 -11835.474200  10652.285266  21209.553345   -107.737548  4  6  6  96       
PG20 -10145.555416  14423.353562 -19991.699522     48.692170  4  6  6 115       
PG21    113.460310 -21139.306772  16074.004141   -121.384093  7  9  6 104       
PG22 -19998.905117 -11751.895379  13188.599456    153.931819  7  8  8 145       
PG23  -3744.486443  19804.396191 -17122.040769    328.215878  6  7  5  96       
PG24 -15165.108405  21582.850803  -1332.933769    362.268835  7  5  6 101       
PG25   -742.648671 -15226.201833 -21762.921055    -66.729190  9  8  7 134       
PG26  14896.756112   -731.118754  21449.621708   -112.272750  6  6  3 165       
PG27  17692.247106 -17938.680696   8602.680468    233.260804  6  5  7 117       
PG28  16931.077089  13128.410310  16384.853562     18.056317  8  8  7 124       
PG29  -3187.141190 -24410.071418  -9938.704682    182.729971  6  9  7 103       
PG30 -25909.183947  -4068.545477  -4708.023348    318.957483  6  6  7 116       
PG31 -15206.529402  -3233.785512 -21351.251045     37.316730  7  7  4 116       
PG32 -18762.798623   8579.102595 -16205.024767   -188.889431  4  7  5 120       
*  2011  2  3 20  0  0.00000000
PG01 -23900.186954  -6793.186851  -9680.713540 999999.999999
PG02  18002.686091  -3603.381433 -19007.576860    318.382642  4  5  6 121       
PG03 -18728.109436  -2021.480039  18437.989033    671.311882  7  7  7 133       
PG04  13622.841876   8006.985719 -21551.435917     26.036942  5  5  7 138       
PG05  26350.291122  -2081.601956   3109.683958   -109.124258  7  6  6 129       
PG06 -19340.948466  -6752.657893  17170.449426    -55.701760  6  6  9 165       
PG07  -2944.041349  22679.788720  13338.112250      2.950008  6  6  6 121       
PG08   5340.477721  15706.638116  20611.882622      7.325118  3  3  5 119       
PG09  14900.532526 -21538.619953   3828.212254     59.557662  6  3  7 117       
PG10  22828.333064   8623.159388 -11133.972930    -65.215481  6  5  4  95       
PG11 -11367.931006  23073.066005   5530.197517   -124.380411  5  8  6 115       
PG12  17469.948614 -10936.793945 -16627.853518    -30.049080  8  4  4 125       
PG13   3827.586243  24164.861373 -10416.624601    283.687699  7  8  8 115       
PG14 -15043.716986 -21064.236933  -6097.728297    128.743398  6  7  5 107       
PG15   9415.918351 -13359.951634  20920.621848   -154.859709  5  7  5 124       
PG16 -26701.311102  -1033.198288     10.114740   -147.860422  6  8  9 123       
PG17  15042.245309  21544.902827  -4516.605571    182.649805  8  9  6  97       
PG18  -6993.531152 -15529.716126  20753.337837    119.554030  5  8  7 130       
PG19 -12845.529569   8412.660325  21653.806359   -107.740603  3  6  5  66       
PG20 -12347.312196  14275.196602 -18809.916293     48.692101  4  6  6 105       
PG21   1256.850994 -22419.517713  14066.461673   -121.386540  8  9  6  99       
PG22 -18380.052782 -11893.417126  15269.804553    153.931295  7  8  8 143       
PG23  -4821.796013  18038.571512 -18756.972441    328.213820  6  7  4  94       
PG24 -15417.415794  21399.244790   1513.322441    362.272975  7  5  6 107       
PG25   1742.911226 -15161.519892 -21750.510055    -66.730630  9  8  7 125       
PG26  15874.214331   1595.950307  20745.461241   -112.281349  6  6  3 167       
PG27  17334.801016 -16932.238876  11207.288056    233.263930  5  5  7 118       
PG28  15051.313588  13090.148979  18183.562027     18.058195  8  8  7 126       
PG29  -2434.580138 -23343.639163 -12388.161137    182.732581  6  8  7 113       
PG30 -25261.990898  -4313.061110  -7445.475697    318.959769  7  6  8 119       
PG31 -13874.187024  -5358.891341 -21803.512813     37.321241  7  8  5 127       
PG32 -20522.374823   8132.287900 -14178.710286   -188.896619  4  7  6 132       
*  2011  2  3 20 15  0.00000000
PG01 -22676.316017  -7020.226751 -12160.446117 999999.999999
PG02  17087.657892  -1528.140670 -20141.879136    318.384569  5  5  6 128       
PG03 -19897.347996  -3771.444797  16938.538004    671.316615  7  7  7 142       
PG04  12434.690241  10116.964978 -21348.305381     26.046066  5  5  6 140       
PG05  26553.342301  -1824.052800    280.180978   -109.129750  7  6  6 124       
PG06 -20217.423026  -8375.108704  15349.184892    -55.724500  6  6  9 159       
PG07  -3787.344078  23804.982096  10930.474875      2.950469  6  6  6 123       
PG08   4013.672481  17574.459574  19317.249275      7.326023  3  3  5 117       
PG09  14772.392216 -20861.196481   6644.239462     59.561762  5  3  8 119       
PG10  21462.183603   8834.955205 -13451.589568    -65.216158  6  5  4 100       
PG11 -11611.429969  22150.563458   8097.019343   -124.383280  5  7  6 111       
PG12  19267.216583 -10794.403022 -14602.742910    -30.046163  7  4  5 131       
PG13   3103.396229  23061.235735 -12900.473764    283.686165  7  7  8 117       
PG14 -15150.971737 -21632.316843  -3269.589897    128.745602  7  7  5 118       
PG15  10771.806921 -11345.760517  21463.315921   -154.856690  4  7  5 124       
PG16 -26535.615988  -1225.060623  -2850.083782   -147.863106  7  9  9 128       
PG17  15021.667041  21980.146420  -1702.093565    182.650038  8  8  6  77       
PG18  -4643.839104 -15598.767669  21327.187460    119.555785  5  7  6 133       
PG19 -13981.481727   6205.078749  21724.859616   -107.744206  3  5  5 100       
PG20 -14404.555205  14224.810393 -17307.593690     48.691803  4  6  6 110       
PG21   2225.615754 -23545.898633  11815.142182   -121.389212  8 10  7 102       
PG22 -16551.805993 -12110.746730  17092.084908    153.930238  7  8  8 145       
PG23  -6073.500718  16189.309911 -20065.707059    328.211540  6  7  3  94       
PG24 -15507.298075  20955.446492   4333.118201    362.275780  6  5  6  91       
PG25   4205.961731 -15226.416032 -21364.285384    -66.732086  9  8  7 127       
PG26  16929.810971   3767.586607  19668.197738   -112.289767  6  5  3 167       
PG27  16907.619954 -15659.743441  13622.039082    233.265401  5  5  7 114       
PG28  12990.740264  13152.266092  19684.091728     18.059993  8  8  7 122       
PG29  -1497.670826 -22085.478579 -14623.901152    182.734697  6  8  7 132       
PG30 -24329.681065  -4606.699871 -10056.632476    318.961962  7  6  8 110       
PG31 -12643.711773  -7581.395871 -21873.470070     37.324835  7  8  5 128       
PG32 -22055.162023   7791.472882 -11899.256972   -188.903841  4  7  6 122       
*  2011  2  3 20 30  0.00000000
PG01 -21199.765922  -7335.495174 -14433.504044 999999.999999
PG02  16230.081542    683.696238 -20925.578453    318.386507  6  5  5 125       
PG03 -21020.020227  -5320.890330  15142.301895    671.321067  7  6  8 134       
PG04  11367.764082  12247.019678 -20783.439535     26.055178  5  5  6 141       
PG05  26450.929534  -1549.729247  -2554.114921   -109.135004  8  7  6 126       
PG06 -21038.097511  -9780.466860  13268.756288    -55.746891  6  6  9 155       
PG07  -4447.097587  24716.833423   8332.735367      2.951032  6  6  6 121       
PG08   2874.851631  19372.370081  17685.006327      7.327327  4  4  5 114       
PG09  14557.549324 -19885.421549   9343.918177     59.564235  5  3  8 125       
PG10  19862.845318   9131.899811 -15544.497409    -65.216495  6  5  4  91       
PG11 -11837.343629  20960.543224  10520.097731   -124.385971  5  7  6 108       
PG12  20825.728319 -10731.239941 -12323.936037    -30.043203  7  4  5 133       
PG13   2181.926231  21769.649183 -15163.454608    283.684835  7  7  8 116       
PG14 -15119.928713 -21917.848880   -385.488106    128.747963  7  7  5 118       
PG15  12250.620068  -9371.208606  21636.688939   -154.853541  4  7  5 133       
PG16 -26061.716188  -1443.484721  -5662.075114   -147.865708  7  9  9 132       
PG17  14849.915713  22148.773442   1141.346235    182.650551  8  8  6 110       
PG18  -2253.334500 -15785.680714  21544.905301    119.558001  5  7  6 133       
PG19 -15222.166741   4073.586538  21422.506012   -107.747573  3  5  5  96       
PG20 -16279.223812  14250.993489 -15509.913465     48.691894  4  6  6 113       
PG21   3029.685110 -24478.702737   9357.695457   -121.391460  8  9  7 108       
PG22 -14548.994697 -12426.511586  18624.747277    153.929372  7  8  7 146       
PG23  -7491.311740  14303.932958 -21026.349108    328.209550  7  7  3 115       
PG24 -15468.891671  20238.581750   7077.213035    362.280797  6  5  6 101       
PG25   6598.137795 -15413.896461 -20610.859392    -66.733534  9  7  7 134       
PG26  18028.003915   5746.500744  18239.290071   -112.297989  6  5  3 167       
PG27  16452.621763 -14133.042063  15807.870699    233.268751  5  6  6 126       
PG28  10789.184928  13335.459942  20862.285522     18.061806  8  8  7 121       
PG29   -366.026692 -20676.473674 -16607.125304    182.736887  7  8  7 134       
PG30 -23134.498551  -4982.095245 -12497.934652    318.963511  8  6  8 113       
PG31 -11540.882993  -9856.529104 -21559.227935     37.328870  8  8  6 127       
PG32 -23328.533471   7529.437447  -9407.527434   -188.911302  4  7  6 128       
*  2011  2  3 20 45  0.00000000
PG01 -19502.851160  -7766.127618 -16461.360488 999999.999999
PG02  15457.704527   2993.767092 -21346.389937    318.388157  6  5  5 129       
PG03 -22056.039516  -6658.534410  13082.094865    671.324870  8  6  8 141       
PG04  10434.659684  14352.728388 -19865.253799     26.064950  5  4  6 148       
PG05  26049.041580  -1222.395198  -5344.740680   -109.140221  8  7  6 124       
PG06 -21763.441208 -10960.888312  10964.206632    -55.769378  7  6  9 166       
PG07  -4944.933907  25380.333023   5589.956797      2.951710  6  5  5 122       
PG08   1926.373182  21050.443784  15742.466961      7.329838  5  4  5 117       
PG09  14296.347775 -18613.287492  11878.983342     59.566465  5  4  7 121       
PG10  18062.976001   9538.790572 -17377.703039    -65.217834  6  5  4 103       
PG11 -12076.406945  19518.030510  12756.069567   -124.388793  5  7  6 114       
PG12  22116.609284 -10714.747506  -9830.906588    -30.040228  6  4  6 137       
PG13   1053.237583  20333.864603 -17167.232711    283.683599  8  6  8 119       
PG14 -14915.520435 -21938.403910   2505.211127    128.750618  6  7  5 124       
PG15  13825.668775  -7476.432416  21438.240330   -154.850322  4  7  6 137       
PG16 -25291.150687  -1725.444165  -8378.218944   -147.868611  8 10  9 129       
PG17  14495.845096  22071.124342   3965.439940    182.650873  8  7  5 111       
PG18    132.945585 -16089.831844  21401.895625    119.559756  4  7  5 130       
PG19 -16539.670139   2057.815586  20752.930643   -107.750628  3  5  5 110       
PG20 -17938.614115  14326.879279 -13447.139119     48.691813  4  6  6 113       
PG21   3685.913706 -25182.325951   6735.942798   -121.393954  8  9  7 108       
PG22 -12411.115635 -12857.158277  19841.963804    153.928703  6  7  7 147       
PG23  -9058.765042  12428.476502 -21623.183763    328.207558  6  7  2 120       
PG24 -15339.242307  19244.131677   9697.820753    362.284878  6  6  6 100       
PG25   8873.411953 -15709.174063 -19503.147785    -66.735017  9  7  7 140       
PG26  19128.726675   7503.495908  16486.414454   -112.306828  6  5  3 169       
PG27  16009.727152 -12372.044973  17730.064109    233.271615  4  6  6 112       
PG28   8490.189647  13653.310668  21699.046418     18.063463  8  7  7 121       
PG29    962.615631 -19160.360776 -18303.344016    182.739296  7  8  7 113       
PG30 -21705.711912  -5467.484935 -14728.996504    318.966782  8  6  7 127       
PG31 -10583.800410 -12135.860121 -20865.777379     37.333025  8  8  6 127       
PG32 -24317.577166   7314.188991  -6748.208819   -188.918411  4  7  6 128       
*  2011  2  3 21  0  0.00000000
PG01 -17623.754250  -8333.136575 -18209.624854 999999.999999
PG02  14791.764740   5359.506051 -21398.438328    318.390084  7  5  5 124       
PG03 -22965.781404  -7781.396073  10795.029517    671.329132  8  5  8 144       
PG04   9640.426911  16388.526425 -18608.174150     26.074245  5  4  6 149       
PG05  25362.087441   -807.830450  -8043.989171   -109.145617  8  6  7 124       
PG06 -22354.489086 -11916.449292   8474.334881    -55.791772  8  6  9 155       
PG07  -5308.780756  25767.055587   2749.821495      2.952234  5  5  5 128       
PG08   1161.775631  22560.491184  13522.720698      7.330036  5  4  5 110       
PG09  14028.996636 -17056.390657  14203.574257     59.568812  4  5  7 123       
PG10  16100.440578  10074.342696 -18920.400396    -65.217943  6  5  4 100       
PG11 -12356.812840  17845.621875  14764.872032   -124.391312  5  6  6 115       
PG12  23119.065416 -10708.526764  -7166.927274    -30.037367  6  4  6 138       
PG13   -284.095743  18800.124193 -18877.986103    283.682199  8  6  8 118       
PG14 -14507.667813 -21719.186569   5353.221142    128.753108  6  7  5 120       
PG15  15464.136786  -5696.537227  20871.845431   -154.846938  4  7  6 138       
PG16 -24243.780539  -2105.030126 -10952.380335   -147.871254  9 10  9 126       
PG17  13933.667087  21774.316150   6722.369911    182.651408  8  7  6 103       
PG18   2470.377762 -16503.092514  20899.427948    119.561639  4  7  5 133       
PG19 -17900.350339    191.669201  19728.537977   -107.753931  4  5  6  97       
PG20 -19356.478749  14421.057728 -11154.141312     48.691717  5  6  5 117       
PG21   4217.285065 -25626.770282   3995.200550   -121.396482  9  9  8 115       
PG22 -10180.992711 -13412.215278  20723.179280    153.927826  6  7  6 145       
PG23 -10751.737471  10606.025570 -21846.889104    328.205313  6  7  4 116       
PG24 -15156.684385  17976.231057  12149.471385    362.289836  5  6  6 108       
PG25  10989.670895 -16090.269982 -18060.151215    -66.736498  9  6  7 138       
PG26  20189.048164   9018.322034  14442.767438   -112.315201  6  5  4 168       
PG27  15615.326026 -10404.034611  19358.643946    233.275029  4  6  6 116       
PG28   6139.595352  14111.715094  22180.590481     18.065681  8  7  7 120       
PG29   2482.095249 -17582.078734 -19682.995184    182.741655  7  7  7 123       
PG30 -20078.535587  -6085.510569 -16713.189995    318.967783  8  6  7 122       
PG31  -9782.251711 -14369.036884 -19804.939977     37.337163  8  8  6 134       
PG32 -25005.971937   7110.459211  -3968.913787   -188.925576  4  7  6 133       
*  2011  2  3 21 15  0.00000000
PG01 -15605.188139  -9050.456905 -19648.599928 999999.999999
PG02  14246.255956   7735.623562 -21082.263413    318.391817  7  5  5 141       
PG03 -23711.624311  -8694.613296   8321.767487    671.333284  9  5  8 149       
PG04   8982.454464  18309.285814 -17032.482327     26.083340  5  4  5 148       
PG05  24412.347313   -275.341488 -10605.709261   -109.150839  9  6  7 126       
PG06 -22774.359764 -12654.962813   5841.085870    -55.814339  8  6  9 153       
PG07  -5571.565816  25856.296500   -138.223573      2.953003  5  4  5 123       
PG08    566.164459  23857.916963  11064.092533      7.330204  6  4  5 118       
PG09  13793.813567 -15235.743103  16275.177107     59.571786  4  5  7 125       
PG10  14017.037473  10750.343070 -20146.450769    -65.219239  6  5  3  96       
PG11 -12702.896264  15972.740429  16510.545049   -124.393871  5  6  6 116       
PG12  23821.076924 -10673.922500  -4378.299117    -30.034233  6  4  6 122       
PG13  -1822.765761  17215.415053 -20266.941727    283.681221  8  5  7 119       
PG14 -13872.571439 -21291.936662   8110.151730    128.755695  6  7  5 110       
PG15  17128.238891  -4060.422969  19947.657684   -154.843622  5  7  7 133       
PG16 -22947.094469  -2611.963601 -13340.683216   -147.873967  9 10  9 128       
PG17  13144.081185  21291.098849   9365.545820    182.651922  8  6  6 112       
PG18   4716.229304 -17010.069552  20044.691986    119.563648  4  7  5 130       
PG19 -19266.083692  -1497.757556  18367.679698   -107.757171  6  5  6 123       
PG20 -20513.893959  14498.887895  -8669.841017     48.692310  5  6  5 114       
PG21   4651.847563 -25788.924322   1183.496125   -121.398841  8  8  8  94       
PG22  -7903.322607 -14093.824802  21253.438058    153.927235  5  7  6 147       
PG23 -12539.264702   8875.189756 -21694.630042    328.203266  7  7  5 108       
PG24 -14959.186518  16447.630479  14389.819349    362.291028  5  7  6 106       
PG25  12910.144458 -16528.905722 -16306.633103    -66.737985  9  6  7 147       
PG26  21164.926005  10280.143517  12146.283203   -112.323655  5  6  5 170       
PG27  15300.919116  -8262.734162  20668.688005    233.277482  4  6  5 110       
PG28   3784.053127  14708.596881  22298.643522     18.067094  8  7  7 117       
PG29   4177.857404 -15986.080773 -20721.977700    182.743992  6  7  6 110       
PG30 -18292.859694  -6852.243081 -18418.156670    318.969914  8  6  7 127       
PG31  -9137.426846 -16505.618985 -18395.173770     37.341323  9  8  7 129       
PG32 -25386.512839   6881.335047  -1119.228596   -188.932847  4  7  6 129       
*  2011  2  3 21 30  0.00000000
PG01 -13492.899572  -9924.264830 -20753.765970 999999.999999
PG02  13827.496687  10075.675874 -20404.711976    318.393861  8  5  6 139       
PG03 -24259.398510  -9410.948854   5705.735268    671.338455  9  5  9 144       
PG04   8450.656046  20071.906741 -15164.060040     26.092898  5  4  5 149       
PG05  23229.136792    400.863007 -12986.080023   -109.156491  9  6  7 133       
PG06 -22989.712908 -13191.510434   3108.888870    -55.836681  9  6 10 158       
PG07  -5769.721063  25635.916453  -3023.858329      2.953398  5  3  4 128       
PG08    116.953370  24903.465430   8409.478619      7.329730  6  5  5 118       
PG09  13625.524612 -13181.197470  18055.532798     59.574549  4  6  6 124       
PG10  11857.088198  11571.061077 -21034.803828    -65.220156  7  5  4 131       
PG11 -13133.984889  13934.613792  17961.949175   -124.396568  5  6  6 121       
PG12  24219.756020 -10571.707612  -1513.522197    -30.031311  6  4  6 125       
PG13  -3546.843801  15625.727470 -21310.824649    283.679899  8  5  7 123       
PG14 -12993.764574 -20693.601567  10729.300066    128.758222  6  7  5 108       
PG15  18776.575923  -2589.860030  18681.906909   -154.840423  5  7  7 132       
PG16 -21435.238545  -3270.267744 -15502.236867   -147.876590 10 10  9 132       
PG17  12115.163964  20658.517392  11850.349903    182.652322  8  6  6  94       
PG18   6831.080983 -17588.628479  18850.769403    119.565358  5  7  5 129       
PG19 -20595.681434  -2990.986416  16694.291664   -107.760368  7  5  7 125       
PG20 -21399.859364  14523.952684  -6036.576956     48.692115  6  6  5 117       
PG21   5021.419069 -25653.599041  -1649.311278   -121.401242  8  8  8 101       
PG22  -5623.157895 -14896.560937  21423.626819    153.926684  4  7  5 146       
PG23 -14384.625400   7268.775645 -21170.037093    328.201148  7  7  6 105       
PG24 -14782.731114  14679.326100  16380.382200    362.293560  5  7  7 114       
PG25  14604.632829 -16991.651421 -14272.698831    -66.739479  9  6  7 146       
PG26  22012.975887  11287.616875   9638.793509   -112.332323  5  6  6 166       
PG27  15091.973378  -5987.174680  21640.555007    233.280892  4  7  5 120       
PG28   1469.508860  15433.901783  22050.580749     18.069016  8  6  6 121       
PG29   6027.316407 -14414.674080 -21402.090077    182.746472  6  8  6 102       
PG30 -16391.836075  -7776.463754 -19816.246015    318.972682  9  6  6 124       
PG31  -8641.992516 -18496.927665 -16661.242669     37.345372  9  8  7 132       
PG32 -25461.267404   6589.950505   1750.265341   -188.939859  4  7  6 131       
*  2011  2  3 21 45  0.00000000
PG01 -11334.067950 -10952.596158 -21506.185369 999999.999999
PG02  13534.012153  12333.662740 -19378.724885    318.396044  9  5  6 143       
PG03 -24579.689579  -9950.013878   2992.323765    671.342500 10  6  9 147       
PG04   8027.956038  21636.860837 -13034.030101     26.101809  5  4  4 143       
PG05  21847.715857   1240.484677 -15144.347071   -109.161906  9  5  6 142       
PG06 -22972.092544 -13547.705363    323.952226    -55.859596 10  6 10 158       
PG07  -5941.548218  25102.859308  -5856.799683      2.953965  5  3  5 123       
PG08   -215.065825  25664.777066   5605.569621      7.329073  7  5  5 104       
PG09  13553.697610 -10930.497905  19511.481824     59.576493  4  6  6 128       
PG10   9665.937828  12532.938954 -21569.854495    -65.220929  7  5  4 111       
PG11 -13663.468215  11771.017925  19093.379160   -124.399009  5  6  6 122       
PG12  24321.354281 -10363.797898   1377.575519    -30.028331  6  4  6 112       
PG13  -5432.222545  14074.370569 -21992.215498    283.678708  9  5  7 127       
PG14 -11862.890427 -19964.831485  13166.404583    128.760633  5  7  5 107       
PG15  20365.634168  -1298.847638  17096.598848   -154.837307  6  7  7 135       
PG16 -19747.803343  -4097.151099 -17399.824848   -147.879228 10  9  9 133       
PG17  10842.986955  19916.429450  14134.847180    182.652803  8  6  5 104       
PG18   8780.144572 -18210.686775  17336.516990    119.567001  5  7  6 129       
PG19 -21846.423614  -4276.667800  14737.449085   -107.763457  8  5  7 121       
PG20 -22011.605364  14459.601012  -3299.405577     48.692269  6  6  5 121       
PG21   5360.110705 -25214.265088  -4452.487580   -121.403551  8  7  8 107       
PG22  -3384.382036 -15807.541208  21230.630082    153.925962  3  7  5 145       
PG23 -16246.646471   5812.703753 -20283.075235    328.199157  7  7  7 113       
PG24 -14659.793405  12699.874571  18087.196701    362.295381  4  7  7 114       
PG25  16050.485360 -17441.286113 -11993.283063    -66.740948  9  6  7 138       
PG26  22692.183548  12048.592266   6965.157060 999999.999999
PG27  15007.020640  -3620.403983  22260.038485    233.284887  4  7  4 121       
PG28   -760.291084  16269.880118  21439.507387     18.070771  7  6  6 123       
PG29   8000.538880 -12906.452459 -21711.365125    182.748942  6  8  6 101       
PG30 -14420.371492  -8859.221610 -20884.880223    318.975140  9  6  6 126       
PG31  -8280.524407 -20297.835998 -14633.755848     37.349330  9  7  7 133       
PG32 -25241.361831   6201.164788   4588.970326   -188.946928  5  7  6 133       
*  2011  2  3 22  0  0.00000000
PG01  -9175.657898 -12125.278742 -21892.822133 999999.999999
PG02  13356.726727  14465.592957 -18023.029302    318.397789  9  6  7 134       
PG03 -24648.950744 -10337.248099    228.088044    671.346988 10  6  9 149       
PG04   7691.061717  22969.626238 -10678.294470     26.111114  5  4  4 140       
PG05  20307.983625   2256.181775 -17043.509505   -109.167289  9  5  6 129       
PG06 -22699.106091 -13750.712546  -2466.477668    -55.882847 10  6 10 161       
PG07  -6125.512349  24263.321722  -8587.711290      2.954696  6  4  5 112       
PG08   -464.366618  26117.686139   2701.977427      7.329359  7  6  6 101       
PG09  13601.383454  -8527.988711  20615.717689     59.579189  4  7  5 127       
PG10   7488.417493  13624.575492 -21741.730152    -65.221110  7  5  4 112       
PG11 -14298.126638   9524.841144  19885.056874   -124.402050  5  6  6 129       
PG12  24140.919728 -10014.927443   4244.733624    -30.025667  7  5  6 113       
PG13  -7447.368968  12600.407068 -22299.812933    283.677625  9  5  6 118       
PG14 -10480.176840 -19148.354845  15380.352099    128.763193  5  7  5 108       
PG15  21851.371969   -193.276512  15219.122406   -154.834164  6  6  7 131       
PG16 -17928.411108  -5102.145625 -19000.545613   -147.882071 10  9  8 139       
PG17   9331.941025  19105.933478  16180.452145    182.653272  8  6  4 102       
PG18  10534.425532 -18843.254314  15526.356328    119.569142  6  7  6 131       
PG19 -22975.651996  -5351.781841  12530.849469   -107.766673  8  5  8 124       
PG20 -22354.593858  14270.518241   -505.343595     48.691900  7  7  4 103       
PG21   5702.731374 -24473.449508  -7175.435514   -121.406466  7  7  9  98       
PG22  -1228.230960 -16806.828482  20677.395933    153.925174  3  7  5 146       
PG23 -18081.176949   4525.206817 -19049.809693    328.196952  8  6  7 113       
PG24 -14617.980066  10544.423229  19481.381595    362.299069  4  7  7 127       
PG25  17233.293803 -17838.317412  -9507.553529    -66.742451  8  5  7 129       
PG26  23165.493267  12579.467901   4172.382275 999999.999999
PG27  15057.020300  -1208.082524  22518.454584    233.290156  4  7  4 137       
PG28  -2865.225382  17191.650680  20474.277195     18.072821  7  5  6 123       
PG29  10061.222216 -11494.883941 -21644.293521    182.751463  7  9  6 109       
PG30 -12423.580277 -10093.678518 -21606.846024    318.978813  9  6  5 134       
PG31  -8030.278847 -21868.424387 -12348.587380     37.353512  9  6  7 135       
PG32 -24746.413068   5683.154638   7347.226996   -188.953821  5  7  6 138       
*  2011  2  3 22 15  0.00000000
PG01  -7062.785541 -13424.182987 -21906.771266 999999.999999
PG02  13279.452707  16430.960665 -16361.746673    318.399813 10  6  7 137       
PG03 -24450.387872 -10602.703015  -2540.038609    671.350417 11  7  9 153       
PG04   7411.497215  24041.956374  -8136.971670     26.120442  5  4  3 132       
PG05  18653.007784   3452.886341 -18650.946634   -109.172683  9  5  6 124       
PG06 -22155.393976 -13832.060306  -5214.883808    -55.905750 11  7 10 153       
PG07  -6358.533696  23132.567604 -11169.094024      2.955355  6  4  5  99       
PG08   -669.100711  26247.199705   -249.714880      7.328793  7  6  5 103       
PG09  13784.031937  -6023.030648  21347.421833     59.581851  4  7  4 128       
PG10   5367.322045  14827.007510 -21546.502420    -65.221235  7  5  5 114       
PG11 -15037.749678   7240.530914  20323.491531   -124.404503  5  6  6 119       
PG12  23701.618189  -9494.216457   7038.160772    -30.022759  7  5  6 126       
PG13  -9554.359386  11237.263880 -22228.599197    283.676513  9  5  6 121       
PG14  -8854.592558 -18287.294603  17333.829625    128.765785  4  7  5 118       
PG15  23190.833568    729.093980  13081.772178   -154.830914  7  6  7 127       
PG16 -16023.153254  -6286.534935 -20276.393966   -147.884453 10  8  8 137       
PG17   7594.755703  18267.764472  17952.544041    182.653591  8  6  4 108       
PG18  12071.684996 -19449.688392  13449.966031    119.570786  6  7  7 125       
PG19 -23942.362943  -6221.525595  10112.233015   -107.770286  9  5  8 117       
PG20 -22442.209544  13924.263484   2297.435177     48.692033  7  7  5 115       
PG21   6083.143278 -23442.764801  -9768.733811   -121.408583  7  7  9 117       
PG22    808.085446 -17868.109944  19772.910135    153.924525  3  7  5 145       
PG23 -19842.672955   3416.334851 -17492.076744    328.195008  8  7  8 107       
PG24 -14678.879890   8253.496542  20539.599152    362.301759  4  8  7 110       
PG25  18147.273649 -18142.601818  -6858.241128    -66.743962  8  5  8 102       
PG26  23401.216108  12904.238422   1308.763876 999999.999999
PG27  15244.998608   1202.987810  22412.670729    233.294729  3  7  4 131       
PG28  -4810.107583  18168.032318  19169.444737     18.074624  7  5  6 123       
PG29  12167.931168 -10207.109253 -21201.931294    182.753786  7  9  7 125       
PG30 -10445.248705 -11465.244147 -21970.514449    318.982057  9  6  5 132       
PG31  -7862.270397 -23175.432372  -9846.189908     37.357630  9  6  7 140       
PG32 -24003.638179   5008.854786   9977.222539   -188.960796  6  7  6 127       
*  2011  2  3 22 30  0.00000000
PG01  -5037.158244 -14823.782871 -21547.393890 999999.999999
PG02  13279.650887  18194.080527 -14423.927460    318.401868 10  6  7 134       
PG03 -23974.590832 -10779.679086  -5265.504653    671.354628 11  7  9 150       
PG04   7156.862949  24832.928888  -5453.738918     26.129928  5  4  3 132       
PG05  16927.443890   4827.419352 -19938.974421   -109.177880  8  6  6 136       
PG06 -21333.351454 -13826.286149  -7874.262239    -55.927631 12  7 10 159       
PG07  -6674.347729  21734.395258 -13556.138795      2.956127  6  5  5 111       
PG08   -869.348487  26048.112124  -3196.956378      7.327601  7  6  5  95       
PG09  14108.737211  -3468.191147  21692.756115     59.583562  4  7  3 132       
PG10   3341.956670  16114.283700 -20986.317525    -65.221695  7  5  5 106       
PG11 -15875.058735   4962.490972  20401.699850   -124.407286  4  6  6 125       
PG12  23033.747308  -8776.568006   9709.424013    -30.019833  8  6  6 115       
PG13 -11710.158068  10011.568489 -21779.907847    283.675245  9  4  7 110       
PG14  -7003.680684 -17423.487475  18993.913318    128.768178  4  7  5 118       
PG15  24343.729660   1478.345714  10721.194681   -154.827839  7  6  7 127       
PG16 -14078.934801  -7643.098175 -21204.772586   -147.887240 11  7  8 133       
PG17   5652.212260  17440.715533  19421.023282    182.653963  7  6  4  99       
PG18  13377.160567 -19991.121399  11141.874081    119.572587  6  7  7 122       
PG19 -24708.742286  -6898.894613   7522.750155   -107.773417  9  5  8 124       
PG20 -22295.151132  13392.712609   5060.435304     48.692051  8  7  5 118       
PG21   6532.643689 -22142.560759 -12185.173371   -121.410850  6  8  9 105       
PG22   2692.611771 -18959.629975  18532.077460    153.923935  4  6  6 143       
PG23 -21485.833389   2487.780354 -15637.068494    328.192968  8  7  8  94       
PG24 -14857.169402   5871.588647  21244.410325    362.304849  3  8  6 111       
PG25  18795.319184 -18315.002736  -4090.907554    -66.745494  8  5  8 108       
PG26  23374.212089  13053.287340  -1576.950306   -112.365451  7  7  9 133       
PG27  15565.969395   3566.356141  21945.080877    233.299881  3  7  4 127       
PG28  -6565.835321  19162.621159  17545.146391     18.076367  6  4  7 115       
PG29  14275.544928  -9062.998742 -20391.888530    182.756191  7  9  8 118       
PG30  -8526.361994 -12951.994087 -21969.989391    318.984381  9  6  4 138       
PG31  -7742.608454 -24193.446921  -7170.819162     37.361619  9  5  7 140       
PG32 -23046.685418   4157.189352  12433.833528   -188.967844  6  7  6 133       
*  2011  2  3 22 45  0.00000000
PG01  -3135.645234 -16292.008787 -20820.354812 999999.999999
PG02  13329.429525  19725.236486 -12243.023423    318.403679 10  6  8 131       
PG03 -23219.895044 -10903.270791  -7902.865099    671.358759 12  7 10 104       
PG04   6892.273582  25329.728190  -2675.087489     26.139165  5  4  4 133       
PG05  15175.903869   6368.419884 -20885.322535   -109.183124  8  6  6 133       
PG06 -20233.572475 -13769.466120 -10398.910759    -55.949630 12  8 10 154       
PG07  -7102.000313  20100.279511 -15707.524518      2.956734  6  5  5 115       
PG08  -1105.283648  25525.225864  -6087.258997      7.327426  7  6  6 102       
PG09  14573.852462   -917.287914  21645.193602     59.585027  4  7  3 137       
PG10   1446.805159  17454.315382 -20069.439277    -65.223288  7  5  5 107       
PG11 -16795.935379   2733.497710  20119.283620   -124.409846  5  7  6 122       
PG12  22173.484026  -7843.837400  12212.308269    -30.017035  8  6  6 123       
PG13 -13868.092394   8942.252677 -20961.393743    283.674195  9  4  7  97       
PG14  -4953.076200 -16595.867425  20332.588004    128.771035  5  8  5 115       
PG15  25273.925747   2071.811764   8177.767583   -154.824702  7  7  7 127       
PG16 -12141.786866  -9156.183750 -21768.923079   -147.889886 11  6  8 142       
PG17   3532.559973  16660.142517  20560.802130    182.654627  7  6  4  94       
PG18  14444.012811 -20428.010644   8640.949899    119.574331  6  7  7 116       
PG19 -25241.587104  -7403.977520   4806.285800   -107.776563  9  5  9 124       
PG20 -21940.543891  12653.348394   7735.692731     48.692050  8  8  6 111       
PG21   7078.449061 -20601.208539 -14380.758192   -121.413363  6  9  9 109       
PG22   4399.680102 -20045.344540  16975.509929    153.923199  5  6  6 141       
PG23 -22967.225459   1733.025175 -13516.841058    328.190686  9  7  8 111       
PG24 -15160.005319   3445.618338  21584.520801    362.308377  4  8  6 112       
PG25  19188.730461 -18319.021667  -1253.162812    -66.746995  7  5  8 110       
PG26  23066.811950  13061.979599  -4436.349902   -112.374490  8  7  9 131       
PG27  16007.133900   5837.391462  21123.531602    233.304547  4  7  4 132       
PG28  -8110.337123  20135.083259  15626.904518     18.078266  6  4  7 119       
PG29  16336.858415  -8074.504999 -19228.198985    182.758587  8  9  8 122       
PG30  -6703.742287 -14525.355987 -21605.185498    318.987394  9  6  5 141       
PG31  -7634.034740 -24905.779382  -4369.688415     37.365479  9  5  7 136       
PG32 -21914.241695   3114.048109  14675.388179   -188.974969  7  7  6 127       
*  2011  2  3 23  0  0.00000000
PG01  -1389.032464 -17791.362651 -19737.560161 999999.999999
PG02  13396.740971  21001.606655  -9856.307875    318.405474 10  7  8 132       
PG03 -22192.466947 -11008.874032 -10408.464135    671.361711 13  8 10  62       
PG04   6581.918462  25528.124670    150.496834     26.148402  5  5  4 129       
PG05  13441.335160   8056.592670 -21473.523847   -109.188459  8  6  6 135       
PG06 -18864.995085 -13697.682328 -12745.210458    -55.971667 13  8 10 141       
PG07  -7664.538840  18268.224387 -17586.145589      2.957641  6  6  5 115       
PG08  -1415.333231  24693.167792  -8869.228173      7.326681  8  7  6 104       
PG09  15168.995146   1576.625660  21205.674438     59.587676  5  7  3 138       
PG10   -289.630153  18809.978556 -18810.198965    -65.225279  7  6  6 114       
PG11 -17779.942062    593.202588  19482.366928   -124.412689  6  7  6 125       
PG12  21161.417020  -6685.727677  14503.629250    -30.014171  8  6  5 118       
PG13 -15979.470845   8039.955456 -19786.906250    283.673026  9  4  8 104       
PG14  -2735.725358 -15838.971934  21327.191463    128.773341  5  8  6 117       
PG15  25950.783084   2533.210358   5494.921851   -154.821787  7  7  7 127       
PG16 -10255.210658 -10802.115007 -21958.266561   -147.892397 11  6  8 132       
PG17   1270.655237  15956.606220  21352.223064    182.655187  6  6  4 103       
PG18  15273.473519 -20721.752708   5989.798377    119.576121  7  7  8 116       
PG19 -25513.563888  -7762.991850   2008.749697   -107.779982  9  5  9 123       
PG20 -21410.806428  11690.344448  10276.629301     48.692080  9  8  7 107       
PG21   7742.353950 -18854.045641 -16315.639006   -121.415634  7 10  9 118       
PG22   5910.708692 -21086.256274  15129.222615    153.922513  5  6  7 138       
PG23 -24246.840719   1137.798911 -11167.755907    328.188725  9  7  8 113       
PG24 -15586.723840   1023.306938  21554.917634    362.311848  5  8  6 115       
PG25  19346.622990 -18122.338882   1606.153948    -66.748462  6  6  8  97       
PG26  22469.455825  12969.113457  -7222.101356 999999.999999
PG27  16548.350678   7974.684655  19961.201641    233.308799  4  7  5 132       
PG28  -9429.279520  21042.624366  13445.349075     18.080314  5  4  8 114       
PG29  18304.275092  -7245.336586 -17731.072763    182.760999  8  9  9 121       
PG30  -5008.842302 -16151.040678 -20881.835490    318.989836  9  6  6 137       
PG31  -7497.595357 -25304.997333  -1492.073565     37.369803  9  5  7 141       
PG32 -20648.478131   1872.974094  16664.336723   -188.981901  7  8  6 131       
*  2011  2  3 23 15  0.00000000
PG01    178.991251 -19280.255906 -18316.993889 999999.999999
PG02  13446.729619  22007.935479  -7304.253682    318.407512 10  7  8 125       
PG03 -20906.116434 -11130.709304 -12741.070595    671.366098 13  8 10  88       
PG04   6190.681389  25432.625394   2973.413146     26.157875  5  5  5 132       
PG05  11763.471783   9865.266457 -21693.209403   -109.193994  8  6  7 133       
PG06 -17244.738482 -13645.486724 -14872.387123    -55.993688 14  8 10 160       
PG07  -8377.951572  16281.373520 -19159.755317      2.958163  7  6  5 111       
PG08  -1834.414566  23575.809260 -11493.566016      7.326639  8  6  6  93       
PG09  15875.444273   3963.240972  20382.580563     59.590629  5  8  4 131       
PG10  -1845.771324  20140.431889 -17228.847064    -65.225907  7  6  6 101       
PG11 -18801.109142  -1423.218144  18503.399624   -124.415161  6  7  6 127       
PG12  20040.923858  -5300.376122  16543.984582    -30.011428  8  5  5 116       
PG13 -17995.285075   7306.746471 -18276.267416    283.671707 10  4  9 116       
PG14   -390.834943 -15181.625086  21960.778438    128.775887  5  8  6 123       
PG15  26350.302541   2891.536754   2718.417291   -154.818165  7  7  6 125       
PG16  -8458.616513 -12549.917347 -21768.644549   -147.895281 10  6  8 130       
PG17  -1093.147193  15354.702038  21781.398718    182.655392  5  6  5 102       
PG18  15874.682752 -20836.299372   3234.061247    119.578000  7  8  8 109       
PG19 -25504.258702  -8007.097961   -822.657898   -107.783188  9  5  9 102       
PG20 -20742.315048  10495.397028  12638.892051     48.692010  9  8  7 118       
PG21   8539.629118 -16942.028401 -17954.949594   -121.418627  7 10  9 113       
PG22   7214.735285 -22041.882322  13024.238823    153.921705  5  5  7 141       
PG23 -25289.525837    680.827952  -8629.864147    328.186542  9  7  8 122       
PG24 -16128.854592  -1348.458908  21156.898137    362.315992  6  8  6 124       
PG25  19295.043323 -17698.203244   4437.816127    -66.749924  6  6  8 105       
PG26  21581.037120  12815.291559  -9888.630840 999999.999999
PG27  17162.860262   9941.342587  18476.435866    233.311582  5  8  6 125       
PG28 -10516.503126  21841.590648  11035.851336     18.082008  4  5  8 105       
PG29  20131.524812  -6570.965256 -15926.536610    182.763506  9  9 10 123       
PG30  -3466.734667 -17790.187950 -19811.426471    318.992070  9  6  6 141       
PG31  -7294.376074 -25393.093047   1411.609781     37.373837  9  5  7 140       
PG32 -19293.399328    435.542227  18367.822441   -188.988778  8  8  6 128       
*  2011  2  3 23 30  0.00000000
PG01   1552.577604 -20714.522268 -16582.453098 999999.999999
PG02  13443.180895  22736.933465  -4629.878140    318.409274 10  8  8 130       
PG03 -19381.847965 -11300.411440 -14862.462824    671.370412 14  8 11  76       
PG04   5685.752094  25056.284652   5743.866537     26.166642  4  6  5 112       
PG05  10177.416155  11761.243875 -21540.303125   -109.199432  8  6  8 135       
PG06 -15397.633305 -13644.420564 -16743.238822    -56.016507 14  8 10 156       
PG07  -9250.396796  14186.434848 -20401.514035      2.959005  7  7  5 119       
PG08  -2392.326791  22205.316993 -13914.020734      7.326467  8  7  6 107       
PG09  16666.911056   6196.849826  19191.530449     59.591753  6  8  5 132       
PG10  -3207.651539  21402.606059 -15351.302743    -65.226029  7  7  7  68       
PG11 -19828.950859  -3286.213323  17200.837352   -124.417660  7  8  6 133       
PG12  18856.458340  -3694.609595  18298.429695    -30.008309  8  5  5 117       
PG13 -19867.934308   6736.179741 -16454.957800    283.670506 11  4 10 124       
PG14   2037.411322 -14645.845188  22222.399910    128.778343  4  8  7 120       
PG15  26456.029314   3179.755715   -104.417509   -154.815032  7  7  6 123       
PG16  -6785.919198 -14362.343602 -21202.452156   -147.897621 10  6  8 136       
PG17  -3514.312654  14872.120885  21840.467620    182.655884  4  7  6 116       
PG18  16264.213961 -20739.709213    421.634608    119.579611  8  8  8 117       
PG19 -25200.982333  -8171.035102  -3640.196163   -107.786160  9  5  9 135       
PG20 -19973.917937   9068.268496  14781.160173     48.691887  9  8  7 107       
PG21   9478.211177 -14910.154063 -19269.519589   -121.420727  7 11  9 113       
PG22   8308.663250 -22871.801250  10696.107794    153.921007  5  6  8 133       
PG23 -26066.237558    334.844440  -5946.243441    328.184386  9  6  8 130       
PG24 -16770.444927  -3625.218242  20397.994415    362.319029  7  8  7 129       
PG25  19065.825118 -17026.616544   7193.059232    -66.751378  5  7  8 105       
PG26  20408.949993  12641.269690 -12392.748427 999999.999999
PG27  17818.243252  11706.135876  16692.533074    233.314125  5  8  7 130       
PG28 -11374.163858  22489.147186   8438.065397     18.083717  3  6  9 116       
PG29  21775.339116  -6038.965596 -13845.968721    182.765942 10  9 10 118       
PG30  -2095.331293 -19400.690015 -18411.064279    318.994763  9  7  7 133       
PG31  -6987.227993 -25181.286195   4290.735950     37.377836  9  6  7 140       
PG32 -17893.162710  -1188.578282  19758.149491   -188.995653  8  9  6 133       
*  2011  2  3 23 45  0.00000000
PG01   2724.161943 -22049.049783 -14563.183674 999999.999999
PG02  13350.018777  23189.394099  -1878.063101    318.411069 10  8  9 120       
PG03 -17647.169781 -11545.732910 -16737.960742    671.374970 15  9 11  86       
PG04   5038.160450  24420.177439   8412.810360     26.175701  4  6  6 110       
PG05   8712.405919  13705.912300 -21017.111857   -109.204868  8  6  8 135       
PG06 -13355.458502 -13721.648204 -18324.815567    -56.039343 15  8 10 158       
PG07 -10281.751059  12031.983028 -21290.433137      2.959563  8  7  6 121       
PG08  -3112.366506  20620.878781 -16088.258519      7.326837  8  7  6 102       
PG09  17510.645288   8237.991303  17655.002381     59.595782  6  7  6 133       
PG10  -4369.314730  22552.811767 -13208.798722    -65.227349  7  7  7  95       
PG11 -20829.663936  -4972.763718  15598.711462   -124.420628  8  8  6 136       
PG12  17651.816298  -1883.859970  19737.067105    -30.005260  8  5  5 114       
PG13 -21552.909253   6313.675936 -14353.713444    283.669322 12  5 11 127       
PG14   4501.323885 -14246.016917  22107.293777    128.780814  5  8  8 122       
PG15  26259.684708   3433.344277  -2925.469594   -154.811624  7  7  6 118       
PG16  -5264.345861 -16197.162215 -20268.657073   -147.900299 10  7  9 141       
PG17  -5945.608839  14518.977430  21527.760421    182.656289  5  7  7 119       
PG18  16465.299675 -20405.568825  -2398.184838    119.581426  8  9  8 109       
PG19 -24599.301910  -8291.629506  -6396.340310   -107.789445  9  6  9 128       
PG20 -19145.358170   7417.017617  16665.902656     48.692043 10  8  8 101       
PG21  10558.220952 -12805.726188 -20236.442914   -121.423111  7 11  9 126       
PG22   9197.208965 -23537.221377   8184.339676    153.919895  6  6  8 139       
PG23 -26555.078107     67.815886  -3162.297133    328.182144 10  6  8 128       
PG24 -17488.678803  -5766.422322  19291.798358    362.321499  8  9  7 131       
PG25  18695.230406 -16095.265613   9824.423376    -66.752822  6  7  8  95       
PG26  18968.848062  12486.338868 -14694.213326 999999.999999
PG27  18477.584779  13244.465113  14637.485559    233.319769  6  8  7 132       
PG28 -12012.564566  22944.974957   5695.374942     18.085686  4  7  9 103       
PG29  23197.018081  -5629.672551 -11525.537138    182.768293 11  9 11 110       
PG30   -904.860551 -20938.649870 -16703.264515    318.996336  9  7  8 145       
PG31  -6542.412583 -24689.473987   7095.385211     37.382006  9  7  7 142       
PG32 -16490.432431  -2981.872467  20813.146714   -189.002602  8  9  7 125       
EOF
