time x y z T0 thrd C21 C24 C25 C26 C33 C34 C38 C39 C40 C42 C43 C59 C60 C23 C41 
345600.0000000000 -1132914.7636199107 6092527.5760446349 1504632.7372885572 0.9153858637 11.3140434823 0.1858476523 0.3021401034 0.9715471715 1.1107999974 -1.1083210019 -0.3095081595 -0.8449894092 -0.1144761932 -0.5266368462 0.2912810979 0.5615075905 0.0000000000 -0.5350583352 0.0000000000 0.0000000000 
345630.0000000000 -1132915.2697227730 6092528.9099527532 1504633.8502075979 0.4817523422 11.3140434823 0.2582116088 -0.0046176712 0.4447312390 0.6488592992 -0.6422228759 0.0580014857 -0.3350092083 -0.4396335264 -0.7271834573 0.4552514095 0.4964262708 -0.0000000000 -0.1944873312 0.0000000000 0.0000000000 
345660.0000000000 -1132916.0657051934 6092529.5749225477 1504632.9853132137 0.1716007995 11.3140434823 0.2543644815 0.1861970799 -0.7389829676 0.0718819889 -1.0672782974 0.4750481998 0.3272148002 0.1700459927 -1.2182829683 0.6932781644 2.0423487655 0.0000000000 -0.8678209825 0.0000000000 0.0000000000 
345690.0000000000 -1132913.6237478626 6092528.2756242482 1504633.1225159545 1.2399305686 11.1654816136 -0.5423366288 0.8881716113 -1.1200841414 1.1435818735 -0.4386785611 0.0000000000 -0.6350913396 -0.2983428998 0.6526729719 -0.5275351272 0.7752496440 -0.0000000000 0.3029930955 0.0000000000 0.0000000000 
345720.0000000000 -1132913.5023694667 6092526.8151525371 1504634.5635415958 0.7899067294 11.3140434823 -0.5209976357 0.5953747616 -0.1314716708 0.9133541319 -1.1712826199 2.8251533764 -0.9698083099 0.8427753033 -1.5200925539 0.4008819598 -0.3172487747 0.0000000000 -0.7575632301 0.0000000000 0.0000000000 
345750.0000000000 -1132914.0043446284 6092528.5661824895 1504632.8368597047 0.4225719858 11.3140434823 -0.9977439116 0.8829535941 0.6063052505 0.7969983301 0.9194015182 2.1191756486 -0.2786991797 -0.6394319315 -0.1767621294 -0.4418732571 -2.6652880908 0.0000000000 -0.3304199450 0.0000000000 0.0000000000 
345780.0000000000 -1132914.0429151999 6092528.6742427247 1504632.7919382898 0.7532227227 11.1654816136 0.0183089298 0.5675292428 0.9976929377 -0.3589676480 0.1093458349 -2.0241843923 -0.6762125821 0.1435329246 1.5991834994 0.0000000000 -0.2214997330 -0.0000000000 -0.3543765957 0.0000000000 0.0000000000 
345810.0000000000 -1132913.7682731966 6092527.9814465325 1504633.6694569443 0.3106810919 11.3140434823 -1.1593451825 0.4680839352 1.9593024389 0.9519002034 -0.2476976228 0.0294126595 -0.1207297241 0.3284103887 0.4808036340 -0.0640953321 -1.4506942850 0.0000000000 -1.4244840749 0.0000000000 0.0000000000 
345840.0000000000 -1132913.9962827114 6092529.1974880546 1504633.0533601209 0.8313806669 11.3140434823 -1.2299485293 0.9041428322 -0.5679250761 -0.0960910633 -0.1731396108 1.9222530599 -0.2707272307 1.0832137504 0.1636217946 0.1008029508 -0.7544764952 0.0000000000 -0.9231085862 0.0000000000 0.0000000000 
345870.0000000000 -1132914.2841481301 6092530.9154847711 1504632.6432781292 1.7031112023 11.3140434823 0.0547469635 0.5754267224 -0.1937583458 -0.9140830396 0.9096157881 0.5086911904 0.2329783415 0.3557313768 0.2123243471 -0.5695330686 -0.9135444828 0.0000000000 -0.3254061096 0.0000000000 0.0000000000 
345900.0000000000 -1132914.6386900118 6092528.9114933508 1504633.5701271771 0.3717008527 11.3140434823 -0.7210339044 0.5292335197 -0.3260491855 0.4514548774 -0.6695679584 0.3918268653 -0.3633677483 0.5365011475 0.2974752931 0.1361117621 0.3860925894 0.0000000000 -0.4913604444 0.0000000000 0.0000000000 
345930.0000000000 -1132914.7637006226 6092529.1479436830 1504633.4734384404 0.3650223560 11.3140434823 -0.7088413380 0.6838530330 -0.0356512669 -0.0263153533 -0.1170654614 1.5471092806 -0.1894149924 0.8113262137 -0.2097403371 -0.0703677786 -0.7834004727 -0.0000000000 -0.8381817286 0.0000000000 0.0000000000 
345960.0000000000 -1132913.8944871461 6092528.3165888181 1504633.3926205346 0.5690303850 11.3140434823 -0.0404530489 0.7450649616 0.6196019820 0.2783297269 0.0597937895 -0.9975259555 -0.6469798284 -0.6342770274 0.7965917078 0.1276600271 -0.1775959097 0.0000000000 -0.2539561081 0.0000000000 0.0000000000 
345990.0000000000 -1132913.8889673203 6092527.9827890405 1504633.1642237888 0.6238988322 11.1654816136 0.7456696055 0.2422023105 0.3820724949 0.0323414209 0.0450030894 0.0000000000 0.3700663774 -0.2478951658 -0.9972674148 -0.4003644913 0.3459568014 -0.0000000000 -0.5266091156 0.0000000000 0.0000000000 
346020.0000000000 -1132914.0903221450 6092528.7719711969 1504632.8455526824 0.8450209383 11.1654816136 -0.1565828618 0.5273793622 0.0134939954 -0.4070515850 0.7996536808 1.5187075157 -0.1077958863 -0.2558683012 -0.3609847312 0.0000000000 -1.4712399529 0.0000000000 -0.1845587516 0.0000000000 0.0000000000 
346050.0000000000 -1132914.2604561821 6092529.7609416684 1504633.1528148879 1.0862294293 11.3140434823 -0.8299897345 0.5330804756 0.3109226156 0.5384579871 0.1839967617 1.1412363880 -0.0776956680 -0.1380794924 0.0264082254 -0.1251736530 -1.1661937639 -0.0000000000 -0.4578832136 0.0000000000 0.0000000000 
346080.0000000000 -1132913.7693576594 6092527.2992770784 1504632.0172250546 1.6277073327 11.3140434823 0.2976546942 0.7440752939 0.4075875927 -0.1155187913 -0.4611744618 -0.1789033122 -0.6139025731 0.3269373019 -0.1353169482 0.1545776469 0.3446447189 0.0000000000 -0.7396852300 0.0000000000 0.0000000000 
346110.0000000000 -1132914.5822878771 6092528.1046863338 1504632.8696257717 0.5532022234 11.3140434823 -0.9842126784 0.7322501584 0.0438912259 0.1995812834 -0.1235012259 -0.6841522652 0.0767082728 -0.1900108579 1.1141691928 0.4122826121 0.3167697820 0.0000000000 -0.8594807432 0.0000000000 0.0000000000 
346140.0000000000 -1132914.1464560025 6092528.1201608563 1504632.8936626641 0.8769270188 11.3140434823 0.7394004950 0.4518726193 0.8761740144 -0.0692987719 0.3310278077 1.2757308354 -0.5175641714 -0.5912888309 -1.3359930067 0.1693738645 -1.1528629655 -0.0000000000 -0.3264945517 0.0000000000 0.0000000000 
346170.0000000000 -1132915.5982918588 6092528.1096551744 1504632.9249457149 0.2834038050 11.3140434823 -0.1857192259 0.2192175608 -0.4636177242 -0.0870678795 0.0889768894 3.1856103572 0.6155037400 0.3545474383 -2.1165630742 0.0107106446 -0.7067228360 0.0000000000 -0.7055895607 0.0000000000 0.0000000000 
346200.0000000000 -1132914.3845242590 6092529.2803848097 1504633.0406242306 0.6572460019 11.3140434823 0.7760636512 0.0624053643 -0.0085106955 -0.6490342506 0.2310582392 1.2030217709 0.2992219171 0.1947349466 -1.4847538550 -0.0174624405 -0.1239087354 0.0000000000 -0.4216703531 0.0000000000 0.0000000000 
346230.0000000000 -1132915.2598252278 6092530.3723598141 1504632.6662921205 0.3842208987 11.3140434823 0.9335321813 1.0067692562 -0.6335103357 -0.1998050533 -0.2296628337 0.5765569469 -0.3259703160 -0.6429224716 -1.3196344308 0.3566477252 1.1824938051 0.0000000000 -0.4341552991 0.0000000000 0.0000000000 
346260.0000000000 -1132915.5291178848 6092527.8950718893 1504632.3686804743 0.6180320728 11.0041300577 0.0000000000 0.6995221697 0.9042633191 0.8151085538 -1.2831210524 0.0000000000 0.0540751080 0.6399135314 -0.9370211940 -0.1386808184 1.0318714428 -0.0000000000 -1.6384500596 0.0000000000 0.0000000000 
346290.0000000000 -1132916.4302387536 6092530.2868291233 1504632.8293328939 0.1201400038 11.3140434823 -0.1928164611 1.5409427798 -1.4416738494 0.7787612641 -1.0016589108 1.6615173246 -0.3216965700 -0.2518454904 -1.3302921898 0.1741973351 1.6105026589 0.0000000000 -0.6664145522 0.0000000000 0.0000000000 
346320.0000000000 -1132914.4885826593 6092527.6364742108 1504632.6319094480 0.3935999763 11.3140434823 0.1750515842 1.5379417506 -0.4119038272 -0.0305101575 -0.0125559295 0.6153480478 -0.3129964223 -0.3229913339 -0.4402072100 -0.1777969350 0.3992776971 0.0000000000 -0.8402661092 0.0000000000 0.0000000000 
346350.0000000000 -1132914.8559611300 6092526.6878172904 1504633.2695533258 0.2811294092 11.3140434823 -0.0260151860 1.8749351584 0.6269249520 0.5985952644 -1.3204899426 0.4122434910 0.2104262358 0.4864924645 -1.3302439437 -0.0504458484 1.6040502745 0.0000000000 -2.7419122082 0.0000000000 0.0000000000 
346380.0000000000 -1132914.1157349062 6092525.5575401848 1504632.3211051323 0.5769695587 11.0041300577 0.0000000000 1.6027868699 1.5929763599 0.1827394476 0.1061328265 0.0000000000 -1.0801973777 0.1497767273 0.5442242202 -0.6624195071 -1.5428909169 0.0000000000 -1.2181193027 0.0000000000 0.0000000000 
346410.0000000000 -1132914.7431641174 6092528.5352524323 1504632.6640988903 0.3250803593 11.3140434823 0.3821256719 1.9840595984 -0.2241573049 0.4679584689 -0.4648859636 -0.1739075331 -0.1837583266 -0.6929279855 -0.6260371316 -0.2715781785 1.4250416665 -0.0000000000 -1.3483947732 0.0000000000 0.0000000000 
346440.0000000000 -1132915.1882843559 6092526.7234035563 1504631.9820693827 0.2329895155 11.3140434823 0.4318825593 2.0311228418 -0.1019967403 0.0087270593 0.4470487041 1.6095019248 -0.3867885327 -0.9555558498 -1.1793768498 -0.2912871386 -0.4441797580 -0.0000000000 -1.0588487854 0.0000000000 0.0000000000 
346470.0000000000 -1132915.0729704157 6092525.6197146103 1504632.5438356984 0.3030452189 11.1654816136 0.3839626360 1.8291085485 -0.9531202733 1.1880544612 -1.7407766712 -1.1023044782 0.0000000000 -0.9279931925 -1.0449901971 0.4683918849 3.9634503071 -0.0000000000 -1.3711637311 0.0000000000 0.0000000000 
346500.0000000000 -1132915.5489572294 6092527.8450042428 1504632.7721771644 0.0445872636 11.3140434823 1.0539444931 2.0431850091 0.1981562679 -0.2829449285 0.1017640635 0.1901055750 -1.1554754833 -1.0486175675 -0.7002242782 0.2487365862 0.3198950060 0.0000000000 -0.8928568951 0.0000000000 0.0000000000 
346530.0000000000 -1132914.9106667195 6092526.1301063253 1504632.5036072878 0.0005997686 11.3140434823 -0.2861175719 2.7477228306 0.1429155725 0.0043171479 -0.3864889596 1.0566571253 -0.2698540152 -0.5620247269 -0.8119608818 0.5490877301 0.7576774076 -0.0000000000 -2.6034964903 0.0000000000 0.0000000000 
346560.0000000000 -1132915.2659827278 6092527.7548035868 1504632.6878724324 0.8558556387 11.3140434823 0.3228882038 3.2183026360 -0.1644329335 0.0306839339 -0.6827273616 -0.3457118597 -1.0852130094 -0.2467310577 0.0519162652 -0.2388686792 1.4346597859 -0.0000000000 -1.9798481307 0.0000000000 0.0000000000 
346590.0000000000 -1132915.8158166232 6092525.8424680522 1504632.4853039272 0.0162593989 11.3140434823 -0.3888863945 3.3314027387 -0.8600165283 -0.5417287688 0.0721904974 0.5424258559 -0.9880169047 -0.0240066711 0.7779855665 -0.3611864702 0.4007900306 0.0000000000 -1.6766608973 0.0000000000 0.0000000000 
346620.0000000000 -1132915.2077838329 6092526.5847100774 1504633.2486222743 0.5983590116 11.3140434823 -1.0323230847 4.0088945896 -1.4763918543 0.2752318068 -0.9449791728 2.6256032728 -1.0753627179 0.2582359182 -0.5365165015 -0.1235844450 0.8814325843 -0.0000000000 -2.1613712922 0.0000000000 0.0000000000 
346650.0000000000 -1132915.1973599233 6092525.6356137637 1504632.3812471193 0.2641115561 11.3140434823 1.0240810442 3.4453488297 0.4570720621 0.1701107620 -0.4538792397 0.2462559516 -0.9686570339 -0.5901054402 -1.0059071404 -0.7602274900 0.8774561544 -0.0000000000 -2.2263210389 0.0000000000 0.0000000000 
346680.0000000000 -1132915.0577728848 6092527.2799700722 1504632.5407432977 0.3134801523 11.3140434823 1.4759874137 4.2790221315 -1.5426839850 -0.3483907633 -0.3829676666 0.3064876542 -0.9956262355 -1.1574838962 -1.3710256411 -0.4644858122 2.7268984868 0.0000000000 -1.8246815950 0.0000000000 0.0000000000 
346710.0000000000 -1132914.8086781730 6092527.6190487789 1504632.7886415406 0.9551100901 11.3140434823 0.2376266973 4.6122333331 -0.3274414660 0.9567131345 -1.7027778310 0.0904326663 -1.5730404694 -0.5701649017 -0.6023175593 -0.3231216010 2.4417535904 -0.0000000000 -2.6116220404 0.0000000000 0.0000000000 
346740.0000000000 -1132915.2162747297 6092525.5368376831 1504632.3584666948 0.6634168507 11.3140434823 0.1657059547 4.3151203520 0.6601413347 0.5215423026 0.2741106606 2.8445485058 -1.2450415045 -1.2935880612 -1.3633509455 -0.9293383165 -1.4863997086 0.0000000000 -2.3814217249 0.0000000000 0.0000000000 
346770.0000000000 -1132914.1725814601 6092523.6482970314 1504632.1052692696 1.4120267380 11.1654816136 0.9775027852 3.7896615662 1.0243916534 1.0810235037 -1.5694988370 0.0000000000 -1.2891749694 -0.2962297162 -1.2920560693 -0.9820535687 1.4454582767 -0.0000000000 -2.5901258405 0.0000000000 0.0000000000 
346800.0000000000 -1132913.8077305558 6092525.0386761166 1504632.2928313510 0.6597224187 11.3140434823 -0.0119882823 4.6150513438 0.1919837623 0.6694403341 0.2357577553 2.2098248964 -1.4428340745 -1.3821570891 -0.5629175775 -1.2746217702 -1.1788199806 -0.0000000000 -1.9681622516 0.0000000000 0.0000000000 
346830.0000000000 -1132914.9449183729 6092526.5092746401 1504631.6118156745 0.8647465977 11.3140434823 0.4320567052 4.4342132045 -0.3448823366 -0.5972654461 1.3622808582 0.9450656071 -1.1977876067 -1.7350590962 0.4222768217 -1.0868395375 -0.9497980934 0.0000000000 -1.6889599922 0.0000000000 0.0000000000 
346860.0000000000 -1132915.0772546122 6092525.9541788790 1504632.3407938653 0.5089315628 11.3140434823 0.4375719394 4.8576602526 -1.0261228128 0.6352757750 -0.2339074621 -0.0272716026 -0.9075001026 -1.8593321761 -0.2197432635 -1.0450822190 1.8250998475 -0.0000000000 -1.9276721713 0.0000000000 0.0000000000 
346890.0000000000 -1132915.2455890994 6092526.8996588569 1504631.8171150384 0.4747465068 11.3140434823 -0.5974331283 5.2193983158 -0.5991425838 0.7087491773 -0.3485828985 1.5507179600 -1.2180072832 -0.9838180334 0.1162995421 -1.2857351887 0.1943999885 -0.0000000000 -2.3610166311 0.0000000000 0.0000000000 
346920.0000000000 -1132915.4592779882 6092525.5133403614 1504631.9924724882 0.1398946012 11.3140434823 1.1432970272 5.6862807683 -1.7660293374 0.3248681984 -0.4471722959 1.0441892747 -1.2319857009 -1.9936975515 -1.5414116306 -0.9039475287 2.5585473315 0.0000000000 -2.0201407479 0.0000000000 0.0000000000 
346950.0000000000 -1132914.2924089644 6092525.6466113096 1504631.9669002020 0.6505032537 11.3140434823 0.5112060021 5.6502368168 -0.8546142514 0.3046732083 -0.4989768002 0.2397399171 -1.3298528368 -1.0199394135 -0.0495969597 -1.5962742578 1.5664893477 -0.0000000000 -2.4097463819 0.0000000000 0.0000000000 
346980.0000000000 -1132914.2114191772 6092524.1719958065 1504631.7007474378 0.4705018423 11.3140434823 -0.4411758592 5.8701245192 -0.5423610751 0.5042321044 -0.0182759938 2.9404567035 -1.3921403714 -1.1436293958 -0.5493706348 -1.5679737251 -0.7221022212 0.0000000000 -2.5522999930 0.0000000000 0.0000000000 
347010.0000000000 -1132914.1793308002 6092524.3813258242 1504630.7446184161 0.5153437728 11.0041300577 0.0000000000 5.6287338828 -0.4695425051 0.3754438525 0.0173653062 0.0000000000 -0.9350425212 -1.9066228740 0.3940995690 -1.0857931511 1.1919217871 -0.0000000000 -2.8132095676 0.0000000000 0.0000000000 
347040.0000000000 -1132914.4065176726 6092524.5667825537 1504632.2464757401 1.1159881641 11.3140434823 0.1819871933 6.6874833529 -0.6216816047 0.5584246793 -0.3735394830 0.8627751326 -2.0934147411 -1.8376632307 0.2327775852 -1.3823435351 0.7846350651 0.0000000000 -2.5477408997 0.0000000000 0.0000000000 
347070.0000000000 -1132914.8093647298 6092524.4954985548 1504631.7156945439 1.6024158532 11.1654816136 0.6868760114 6.4270788152 -0.3523105665 0.5396780582 -0.3718016055 3.0959387195 -1.6417355064 -1.5528077266 -1.9115719070 -1.5989881034 0.0000000000 0.0000000000 -2.7743998706 0.0000000000 0.0000000000 
347100.0000000000 -1132914.2024066001 6092523.9251179136 1504631.6551746863 0.6538442816 11.1654816136 0.2614377762 6.4773274734 -0.5847150966 -0.3957145530 0.5540544683 1.4861345484 -1.3786696987 -1.5719002874 0.0640787948 -1.5644622734 0.0000000000 -0.0000000000 -2.9974998642 0.0000000000 0.0000000000 
347130.0000000000 -1132914.6363815351 6092522.6610943396 1504632.0211421752 0.4020452533 11.1654816136 0.9353443598 6.8058334060 -0.0495643437 0.2869697235 -0.0981899303 1.8575556118 -2.0493683206 -1.8902679160 -0.9322632653 -1.7058082267 0.0000000000 -0.0000000000 -2.7969963334 0.0000000000 0.0000000000 
347160.0000000000 -1132915.8918952050 6092525.1104413057 1504631.6591104527 0.5759285741 11.1654816136 0.2928104430 6.9894111684 -0.4344948734 0.2276606891 -0.2638379250 2.6648719813 -1.9109998877 -1.6003989086 -0.9621733320 -1.4436834548 0.0000000000 -0.0000000000 -3.0279338388 0.0000000000 0.0000000000 
347190.0000000000 -1132913.9240945827 6092523.3503778465 1504632.3742968892 1.9262180537 11.1654816136 -0.4633312098 7.4727570805 -0.9999861930 0.3373413988 -0.1701605120 1.2928635780 -2.2221641335 -1.4062931772 1.2366522408 -2.2145090507 0.0000000000 -0.0000000000 -2.4772191435 0.0000000000 0.0000000000 
347220.0000000000 -1132914.1585042595 6092522.5127595440 1504631.7225620435 1.3071749282 11.1654816136 1.1114281155 7.4884328602 -0.7152196248 -0.8548873582 0.5236343142 1.5346019414 -2.1164709525 -1.3782428093 -0.0717998283 -2.2407110702 0.0000000000 -0.0000000000 -2.9183934146 0.0000000000 0.0000000000 
347250.0000000000 -1132914.3263894848 6092525.0795299504 1504632.2276234501 0.6151454993 11.1654816136 0.3263185932 8.2776749544 -0.7174244931 -0.1055070079 0.1489481566 1.7789572510 -2.1186329525 -1.7839940255 0.2644003667 -2.3888642441 0.0000000000 -0.0000000000 -3.2453528709 0.0000000000 0.0000000000 
347280.0000000000 -1132914.7825956848 6092523.3004280329 1504631.8704738561 0.7627723643 11.1654816136 0.4721302900 7.8852164407 -1.5499633872 -1.3790014893 0.5768614699 2.4735007105 -2.2727900305 -1.0139911650 0.1795784159 -1.8503251949 0.0000000000 -0.0000000000 -2.9403152500 0.0000000000 0.0000000000 
347310.0000000000 -1132913.7764858420 6092524.8324380098 1504631.8123736710 1.7845571524 11.1654816136 0.7028172382 8.0175915829 -1.2283375340 -1.0358386872 0.6403251641 1.7164476370 -2.6238407164 -1.7655589574 0.5244712055 -1.8230697300 0.0000000000 0.0000000000 -2.6805157429 0.0000000000 0.0000000000 
347340.0000000000 -1132914.4709565856 6092523.3791102674 1504631.1646300636 1.9797133059 11.1654816136 0.5549534436 8.3499911405 -0.6881349905 -0.3180830668 -0.3746179926 3.0482649346 -2.3720020084 -1.2594745685 -0.8672551716 -2.0501428920 0.0000000000 0.0000000000 -3.3815233090 0.0000000000 0.0000000000 
347370.0000000000 -1132914.8903486682 6092523.3082890715 1504631.8341064558 1.4025512748 10.8275661707 -0.2002288560 8.5220547743 -1.2742247824 0.0000000000 0.0000000000 2.6803719193 -2.4710049533 -2.2349035429 0.1730263299 -1.7255723465 0.0000000000 0.0000000000 -2.8381205509 0.0000000000 0.0000000000 
347400.0000000000 -1132913.5861589573 6092522.7198496852 1504631.3305075711 2.0924156934 11.1654816136 -0.5011044552 9.1419397127 -1.4839578358 -0.8958627013 0.3966487439 2.0458028891 -2.7528121762 -1.8414682568 1.4844211431 -1.6878817989 0.0000000000 0.0000000000 -3.3315039200 0.0000000000 0.0000000000 
347430.0000000000 -1132914.1151345449 6092523.0825927919 1504630.3120778734 0.6892231070 11.1654816136 -0.8107983188 9.3289155251 -1.9829865596 -0.1887933698 0.2134414604 2.8980602890 -1.9940871154 -1.9519413951 0.8395699534 -2.5450448719 0.0000000000 -0.0000000000 -3.0832680290 0.0000000000 0.0000000000 
347460.0000000000 -1132912.9504641769 6092523.7966352822 1504631.5083485844 0.8205135019 11.1654816136 0.3839301959 9.4069829565 -1.1859093037 -0.5197663063 -0.2127952086 2.0151150016 -3.1561247487 -1.5200655512 0.8248848109 -2.6339486485 0.0000000000 0.0000000000 -2.8703129019 0.0000000000 0.0000000000 
347490.0000000000 -1132913.9015741835 6092522.9835283654 1504632.4009414618 2.0527270523 11.1654816136 -0.7796104729 9.5724780757 -0.1377771663 0.6392458739 -1.2821161001 2.3637096049 -3.0438958025 -1.7545320132 0.7430822475 -1.8879592658 0.0000000000 -0.0000000000 -3.8363778128 0.0000000000 0.0000000000 
347520.0000000000 -1132913.5036149418 6092520.5395496869 1504631.0872995814 1.1960982381 11.1654816136 -1.4934290655 9.2132727109 -0.4637179697 1.4254718723 -1.9689839493 2.7839626601 -2.9017309501 -1.4296180074 0.8035832646 -2.1132988486 0.0000000000 0.0000000000 -3.1668208627 0.0000000000 0.0000000000 
347550.0000000000 -1132912.9475175417 6092522.8258762565 1504631.6074482470 2.6467952948 11.1654816136 -0.0432718578 10.2453206219 -1.6002743793 -0.7379235792 -0.1334337830 2.6095929442 -3.0783172770 -1.6241425925 0.9795849042 -2.7294289868 0.0000000000 -0.0000000000 -3.2119515056 0.0000000000 0.0000000000 
347580.0000000000 -1132913.0465193291 6092522.7435974674 1504631.0778314166 2.4397603708 11.1654816136 0.1362224671 10.3806964546 -0.3150612770 0.8447973431 -1.4034953396 1.9998376855 -3.3523996472 -1.9561645634 0.6074518379 -3.2519624247 0.0000000000 0.0000000000 -3.1682876069 0.0000000000 0.0000000000 
347610.0000000000 -1132912.1728956311 6092520.8372804103 1504631.2077214690 2.3293706564 11.1654816136 -0.6865661800 10.6869927486 -0.8129422338 0.6191179729 -1.2151833180 1.5959191738 -3.5860086937 -1.9727263829 1.9862938629 -3.0593746510 0.0000000000 0.0000000000 -3.0483635536 0.0000000000 0.0000000000 
347640.0000000000 -1132913.8844543560 6092523.1737963948 1504631.0803191569 1.2513885920 11.1654816136 0.0655894656 11.0804139358 -1.6074959977 -0.6716717737 0.0514139830 2.1864007808 -3.6210651332 -2.5595830014 1.4952229267 -2.7210411963 0.0000000000 0.0000000000 -3.0790048165 0.0000000000 0.0000000000 
347670.0000000000 -1132913.5161872725 6092523.7022120440 1504631.4128000103 2.6723491807 11.1654816136 0.9367380807 11.1997733883 -1.6578929329 -1.1408153636 0.2409659264 2.7320145329 -3.5433083959 -2.4093829995 0.4648893529 -2.9990292036 0.0000000000 -0.0000000000 -3.1346890837 0.0000000000 0.0000000000 
347700.0000000000 -1132913.8329258168 6092523.7384989811 1504631.2489501955 0.9663766833 11.1654816136 -0.3136756812 10.7892905822 -1.4653468623 -0.2133977107 -0.7291064723 2.8862854488 -3.4409272856 -2.0333072560 0.9564337166 -2.6970893463 0.0000000000 0.0000000000 -2.9967985909 0.0000000000 0.0000000000 
347730.0000000000 -1132911.9878193457 6092521.4011784596 1504631.3219116016 2.0092451003 11.1654816136 -0.6993515443 11.7845556738 -1.0496284849 0.2151088494 -1.7045520081 2.0213244068 -4.6287458744 -1.7004435601 2.3209175248 -3.0001589824 0.0000000000 0.0000000000 -2.9373887966 0.0000000000 0.0000000000 
347760.0000000000 -1132913.1093238699 6092522.5717317499 1504631.4712183457 3.0785910904 11.1654816136 -0.7521819177 11.9845091972 -1.3739720828 -0.6190290615 -0.8299221865 2.5313335208 -4.4213204587 -2.1946328036 2.1760112640 -2.2893077520 0.0000000000 -0.0000000000 -3.4835374010 0.0000000000 0.0000000000 
347790.0000000000 -1132912.9006053458 6092520.9488123255 1504630.9311132827 2.3619841724 11.1654816136 0.7699767636 11.9620519048 0.1384186319 -0.2193498781 -0.8039153001 0.8701406791 -3.5254971959 -2.3800831902 1.6030482069 -3.8711119760 0.0000000000 -0.0000000000 -4.2130309834 0.0000000000 0.0000000000 
347820.0000000000 -1132912.6750923435 6092520.0898773316 1504630.9439713347 2.8567421682 11.1654816136 0.8420438073 12.4629700693 -1.0128776031 -0.8600127367 -0.1603605770 2.4909413784 -3.5049005455 -2.7997716380 0.7000450704 -3.5416356287 0.0000000000 0.0000000000 -3.9619703938 0.0000000000 0.0000000000 
347850.0000000000 -1132914.3714932590 6092522.2081175176 1504631.3266316964 1.0651262641 11.1654816136 -0.9317568269 12.1946195800 -1.4292848890 -0.1447626508 -0.2841418076 3.6405846370 -3.2138990330 -3.6735376070 0.8378027303 -2.1067628419 0.0000000000 0.0000000000 -3.9731584136 0.0000000000 0.0000000000 
347880.0000000000 -1132913.1992256159 6092519.6618318548 1504630.7538372625 1.5734425943 11.1654816136 0.1074910629 12.4701307663 -0.3925055370 -0.6789296900 -0.5408928829 1.3564314235 -3.9053686732 -2.7440802463 2.1958165544 -3.1431825639 0.0000000000 0.0000000000 -4.2590702296 0.0000000000 0.0000000000 
347910.0000000000 -1132913.8900547682 6092521.3771976754 1504631.2146642646 2.2810265501 11.1654816136 -0.8071173221 13.6891433561 -0.7934485135 -0.2995943814 -0.4521152084 3.1894439373 -3.4376350711 -3.8465407764 1.3283271811 -2.6549412315 0.0000000000 -0.0000000000 -5.0738141053 0.0000000000 0.0000000000 
347940.0000000000 -1132914.3494971467 6092522.7753557479 1504630.4679275833 0.9946861198 11.1654816136 -0.0520462839 13.2432208177 -1.1747539873 -0.0631389286 -0.3955598071 3.5961531471 -3.7931909341 -4.4205756477 0.3630210388 -2.5414347867 0.0000000000 -0.0000000000 -3.8641037583 0.0000000000 0.0000000000 
347970.0000000000 -1132913.4300731332 6092522.8235365162 1504630.0134681242 2.2035375311 11.1654816136 -1.6895046041 13.8979150116 -2.2504278191 -0.4278824663 -0.0355311869 3.3144773029 -2.6088544831 -3.5014623809 2.3689111790 -3.8081468569 0.0000000000 -0.0000000000 -4.3432957982 0.0000000000 0.0000000000 
348000.0000000000 -1132915.2400965935 6092530.1078487597 1504632.4761123047 0.7015486527 11.1654816136 0.3813061524 0.2381347775 0.1225624688 0.7668602721 0.0632012921 0.3262482442 0.0964941986 -1.2999172299 -0.9579796490 0.0247137156 0.0000000000 0.0000000000 0.2806102171 0.0000000000 0.0000000000 
348030.0000000000 -1132914.1698922021 6092530.4311012290 1504632.4897209655 0.9846501095 11.1654816136 -0.8206994834 0.2346817176 0.1932259550 0.6961003385 0.3727038430 -0.9956971618 0.1180309146 -1.3654767098 1.2453876732 0.2908985474 0.0000000000 -0.0000000000 -0.1369349562 0.0000000000 0.0000000000 
348060.0000000000 -1132913.7023117023 6092528.5212246515 1504632.8941071865 1.2092364786 11.1654816136 -0.5698094527 -0.1291852470 0.4072979055 1.3385415231 -0.2494529134 -0.5403090450 -0.0933448218 -1.4757506649 0.3241193286 0.4763679669 0.0000000000 0.0000000000 0.4112316873 0.0000000000 0.0000000000 
348090.0000000000 -1132914.5249935864 6092530.5015897695 1504633.4386518821 1.1069595868 11.1654816136 -1.2897841304 0.1420828352 -0.3676759633 0.3467606559 -0.7410321777 0.4629181683 -0.2019288013 0.6290827109 0.7849800972 0.2024986785 0.0000000000 0.0000000000 0.1657738693 0.0000000000 0.0000000000 
348120.0000000000 -1132914.3191210872 6092529.5079658031 1504633.6006333213 0.3812013240 11.1654816136 -0.3283964488 0.5003564709 0.1661175508 0.7325895241 -0.6268662964 1.3304641004 -0.2175358707 -0.6709712530 -1.1464886580 0.6466149515 0.0000000000 0.0000000000 -0.1244525053 0.0000000000 0.0000000000 
348150.0000000000 -1132915.4895967687 6092529.3125326345 1504632.7850938239 0.6678786914 11.1654816136 -0.5217994755 0.5643793811 0.5487347869 -0.0914285968 -0.1223874382 -0.0171444757 -0.4194267950 -0.2570584207 0.4921800871 0.7596122496 0.0000000000 0.0000000000 -0.9230605179 0.0000000000 0.0000000000 
348180.0000000000 -1132913.5384005920 6092528.7806221144 1504632.1345869871 0.4557707634 11.1654816136 1.1818732186 -0.0289877407 0.9682313510 0.1324501581 -0.2945522499 -2.2017773869 -0.3982711437 0.2865648343 0.8344555944 -1.1141583101 0.0000000000 -0.0000000000 0.1726058192 0.0000000000 0.0000000000 
348210.0000000000 -1132915.0331523262 6092529.4845085880 1504633.2248692326 0.1152587958 11.1654816136 0.4955352511 0.4455353823 -0.0546914375 -0.7299040150 0.4984049149 -0.7842980894 -0.6826613038 -0.0312071657 0.8254698583 -0.0850367147 0.0000000000 0.0000000000 -0.0428892676 0.0000000000 0.0000000000 
348240.0000000000 -1132914.8023563193 6092528.6162360031 1504633.2354422957 1.3000241056 11.1654816136 0.1723828202 0.2699546415 -0.6905282098 -1.3993376612 0.9641609113 1.7843033251 -0.1768418566 0.0361121839 -1.0617087004 1.0972566692 0.0000000000 0.0000000000 -0.6396473668 0.0000000000 0.0000000000 
348270.0000000000 -1132915.5602116613 6092528.3958286932 1504632.7939048088 0.3028756365 11.1654816136 -0.8601491237 -0.2368317668 0.1050506593 -0.1905375003 -0.1198107888 0.7190509035 0.4556362521 0.5445398205 -0.0504944016 0.5904399666 0.0000000000 0.0000000000 -0.8078385422 0.0000000000 0.0000000000 
348300.0000000000 -1132915.0041953381 6092529.5228899550 1504633.6319964859 1.1017194291 11.0041300577 -1.0887739700 0.8608434850 -1.1130191358 -0.3521711846 0.0000000000 2.6005304367 0.2711421205 0.1733651732 -0.9434433499 0.5367463024 0.0000000000 -0.0000000000 -0.3930625255 0.0000000000 0.0000000000 
348330.0000000000 -1132914.3038505970 6092527.9436392784 1504633.3783037427 0.5484129199 11.1654816136 -1.3639300383 0.3324051044 0.5065114677 0.7676831985 -1.2383744863 0.7037962836 0.4177899904 0.6289739189 0.0845823096 0.1310497045 0.0000000000 0.0000000000 -0.8125504703 0.0000000000 0.0000000000 
348360.0000000000 -1132915.1837462417 6092530.7041019341 1504633.2229109474 0.3797776125 11.1654816136 -0.6360493531 0.6525047015 -0.1262298073 0.0121818581 0.0595293475 0.7361035909 0.5769143055 -0.1177888319 -0.1338572529 -0.0876721819 0.0000000000 -0.0000000000 -0.7764643478 0.0000000000 0.0000000000 
348390.0000000000 -1132914.5386762717 6092528.0643252693 1504632.8820347339 0.3129413406 11.1654816136 0.4465976690 -0.1794259539 0.0453234607 -0.6784865658 -0.0014964361 0.6529290566 -0.3552982260 0.6160159466 -0.7023660354 0.4771767605 0.0000000000 0.0000000000 -0.2029376169 0.0000000000 0.0000000000 
348420.0000000000 -1132915.4630860619 6092529.5848392453 1504632.1835870184 0.8047725015 11.1654816136 -0.4051197154 0.0885549027 0.0361485549 0.2988730617 -0.1763585886 1.2349407444 0.4693584560 -0.2575203733 -1.0600258948 0.4583361589 0.0000000000 -0.0000000000 -0.4427397279 0.0000000000 0.0000000000 
348450.0000000000 -1132914.7264955516 6092530.0526996125 1504633.6992988931 1.0842269189 11.1654816136 -0.7193111630 0.2684406809 -1.2638754394 -0.7747571058 0.6996676797 1.4038316650 0.0734207299 0.1538613454 -0.0114787147 0.4042250396 0.0000000000 -0.0000000000 0.0750759130 0.0000000000 0.0000000000 
348480.0000000000 -1132913.9854206624 6092530.0939174565 1504632.7294182656 1.0688748614 11.1654816136 0.7994814056 -0.0811970649 -0.1071575547 0.0802615175 0.7939931575 -0.4646229683 0.2534005129 -1.0256167650 -0.3799325267 -0.2919163034 0.0000000000 0.0000000000 0.3142845183 0.0000000000 0.0000000000 
348510.0000000000 -1132914.4433039639 6092528.0207153494 1504633.0241354778 0.3611727772 11.1654816136 0.0002716065 0.1161565554 0.4224136102 0.0755092908 -0.6372510244 -0.0206717134 -0.1551909871 0.5627011119 -0.0430772886 -0.0799497956 0.0000000000 0.0000000000 -0.2478950790 0.0000000000 0.0000000000 
348540.0000000000 -1132914.6734947315 6092528.2588016577 1504632.0131498044 0.4031472372 11.1654816136 -0.0256986321 0.2684604866 0.9098261721 0.1798334848 -0.6847403169 0.6994768079 0.2696868955 0.2790711416 -0.9929240064 0.3285910249 0.0000000000 0.0000000000 -1.1065397920 0.0000000000 0.0000000000 
348570.0000000000 -1132915.1737036433 6092527.9884887235 1504632.7056488239 0.1417695760 11.1654816136 -0.5696680943 0.5190536064 0.3357192035 0.1092121248 -0.0944330858 0.1759559013 -0.0733840256 -0.3467053142 0.2907835052 0.4171006741 0.0000000000 0.0000000000 -0.7174655316 0.0000000000 0.0000000000 
348600.0000000000 -1132914.0555252382 6092529.4994226880 1504632.7337985476 0.6531832223 11.1654816136 0.2720178874 -0.1434371476 0.9517923365 0.2337525215 0.3090090352 -1.0893478424 -0.0593572737 -0.8386919923 0.3775816539 0.3866170545 0.0000000000 -0.0000000000 -0.6340705126 0.0000000000 0.0000000000 
348630.0000000000 -1132915.3712911424 6092528.6526536811 1504633.5752361759 0.5272265316 11.1654816136 -0.5508901650 0.4505416973 -0.8965047108 -1.1739557858 0.6696630743 1.6187937760 -0.6428434945 0.2295789594 -0.1133849992 1.0676852981 0.0000000000 0.0000000000 -0.3120409394 0.0000000000 0.0000000000 
348660.0000000000 -1132914.7988615879 6092528.7725474583 1504633.2415933802 0.3310438868 11.1654816136 -0.4707724856 -0.2350746234 0.0121415149 -0.4662602422 0.7718615976 0.2983773337 0.6478529112 -0.0728385573 0.0871495070 0.4385209638 0.0000000000 0.0000000000 -0.9583325388 0.0000000000 0.0000000000 
348690.0000000000 -1132915.0129471556 6092530.7112112213 1504634.3456962260 0.9606704451 11.1654816136 -0.2854669608 0.5877036777 -0.3731254440 -0.0215116236 0.2572331663 0.8814447932 0.1175080186 -0.5389601984 -0.4196333866 0.1734536956 0.0000000000 0.0000000000 -0.1893857681 0.0000000000 0.0000000000 
348720.0000000000 -1132914.5552125778 6092529.0231872182 1504634.3026891223 2.5594077716 11.1654816136 -0.5859458870 0.6795260256 -1.0304767176 0.2062069254 -0.5104169561 1.7051773296 -0.2906606701 0.0347940823 -0.7061952335 0.0661538990 0.0000000000 -0.0000000000 0.8066584586 0.0000000000 0.0000000000 
348750.0000000000 -1132914.8157963578 6092529.0224482110 1504633.2958951290 0.6137666031 11.1654816136 -0.5413371863 0.1817622198 0.1555365685 0.3692411090 -0.4804367772 0.9333590788 0.7361397655 0.1739942416 -0.7585385825 -0.0137702573 0.0000000000 -0.0000000000 -0.5670933177 0.0000000000 0.0000000000 
348780.0000000000 -1132914.6182104696 6092529.0873830244 1504633.1242538702 0.5211481555 11.1654816136 1.1556303113 0.4075519232 0.3371380871 -0.0218243015 -0.2340772013 0.4127421417 -0.4797189952 -0.3439619116 -1.3450254251 0.0682828909 0.0000000000 0.0000000000 0.1169484289 0.0000000000 0.0000000000 
348810.0000000000 -1132914.9453927521 6092531.0100100767 1504633.5589817006 0.5879552211 11.1654816136 -0.3898744501 -0.0145194951 0.1528566264 0.6794633499 -0.7841142636 1.0851996255 0.2181333965 -0.0674169354 -1.1010192333 0.3900476863 0.0000000000 -0.0000000000 0.0570103500 0.0000000000 0.0000000000 
348840.0000000000 -1132914.9289342319 6092531.0743788155 1504633.0714380529 0.4365380593 11.1654816136 -0.7642148770 -0.0232162138 -0.1292300612 0.4311572057 -0.3819548654 1.0631321363 0.4783269871 -0.0018371325 -0.6239447851 0.3189140414 0.0000000000 0.0000000000 -0.1438517922 0.0000000000 0.0000000000 
348870.0000000000 -1132912.7787708428 6092528.1602386860 1504632.7586939568 1.5886616505 11.1654816136 0.7709862714 -0.2339221357 1.0567969016 0.4369436111 -0.4088054156 -0.8664076190 0.1434874697 -0.1639852893 -0.4182379646 -0.1593606998 0.0000000000 -0.0000000000 -0.3504024434 0.0000000000 0.0000000000 
348900.0000000000 -1132913.9859794306 6092528.4301149920 1504632.4698882846 0.6642659870 11.1654816136 -0.4205376353 0.0492847356 -0.0359151042 1.0327277391 -0.5529427877 0.9459359896 0.3112394509 -0.7782205935 -1.0801136191 0.3365488479 0.0000000000 -0.0000000000 0.3989865990 0.0000000000 0.0000000000 
348930.0000000000 -1132915.5476732764 6092531.5344371190 1504633.2203804697 0.2263651772 11.1654816136 -1.2965131463 0.4227563206 0.3410312805 0.4564364196 -0.5296296783 1.0419339529 0.1740708944 -0.2448414780 -0.1130482941 0.8158749037 0.0000000000 0.0000000000 -0.8433581395 0.0000000000 0.0000000000 
348960.0000000000 -1132914.8124859463 6092529.3060499262 1504632.6561194891 0.2839663089 11.1654816136 -1.0377979213 0.2951873493 -0.0477715120 0.3850571224 -0.4756610151 1.5179604396 0.7427280883 0.0598844584 -0.8390680408 0.3429201765 0.0000000000 0.0000000000 -0.6282008433 0.0000000000 0.0000000000 
348990.0000000000 -1132915.7429629522 6092528.8045772612 1504633.0118004575 0.0001257455 11.1654816136 -0.0917184146 0.1331806785 -0.2291767547 0.1497071835 0.2662734266 1.7426111943 -0.0901291753 -0.9290433520 -1.6440805072 1.0960322188 0.0000000000 0.0000000000 -0.0430446233 0.0000000000 0.0000000000 
349020.0000000000 -1132915.3109578623 6092530.4328378141 1504633.2983972731 0.1003338757 11.1654816136 -0.9516790292 0.1940296697 -0.3443723236 0.3225165014 -0.4004310033 2.0741441211 0.2216638721 -0.1551878646 -1.2728543059 0.8803297816 0.0000000000 0.0000000000 -0.1342112576 0.0000000000 0.0000000000 
349050.0000000000 -1132915.6799422307 6092528.3772801440 1504633.6369819804 0.2225142051 11.1654816136 0.1913287377 -0.0990831982 -0.0348608878 -0.2237603057 -0.7031740170 1.5406783611 -0.2663371477 0.7939488909 -1.5541124994 0.5767093227 0.0000000000 -0.0000000000 0.0880374986 0.0000000000 0.0000000000 
349080.0000000000 -1132915.3291389337 6092528.4819680154 1504633.6345328463 0.2799073458 11.1654816136 -1.5281926667 0.1192012979 -0.6546912872 -0.7732765098 0.2293481441 1.8606777319 0.0345749010 0.7946401450 0.1131875097 0.9332256175 0.0000000000 -0.0000000000 -0.7548249848 0.0000000000 0.0000000000 
349110.0000000000 -1132913.9437181721 6092528.0498925168 1504633.4710985383 0.3487960493 11.1654816136 -0.8127383572 -0.1709202747 0.0165207937 0.0596479976 -0.3753192041 0.0804638152 0.0545505594 0.5652162697 0.6101551654 0.1493282170 0.0000000000 -0.0000000000 -0.1600064478 0.0000000000 0.0000000000 
349140.0000000000 -1132913.6123796103 6092527.0845089685 1504633.1799032839 0.2625353970 11.1654816136 0.3331409384 0.1340070439 0.4102564073 -0.3337407447 -0.0200062859 0.3960890408 -0.2451883593 0.0898059298 -0.5823431781 0.4469378914 0.0000000000 -0.0000000000 -0.5575193450 0.0000000000 0.0000000000 
349170.0000000000 -1132913.5968499824 6092528.6595667480 1504632.4361942227 0.7231628408 11.1654816136 -0.7347235157 0.0146569935 0.1300792058 0.3732429099 -0.4369732834 0.5780769448 0.4856121644 0.1278519457 -0.2249995362 0.1641869680 0.0000000000 0.0000000000 -0.3570241432 0.0000000000 0.0000000000 
349200.0000000000 -1132914.3867996563 6092528.6037998274 1504633.0017170617 0.2549846192 11.1654816136 1.4987518844 0.0111574251 0.5643168736 -0.6995954507 -0.0563962988 -0.0298829948 -0.4044017408 0.5159706488 -1.0933391757 0.0114090235 0.0000000000 -0.0000000000 -0.3421797892 0.0000000000 0.0000000000 
349230.0000000000 -1132914.7952088942 6092530.0336940736 1504632.6571826760 0.6892401912 11.1654816136 1.6737286245 -0.0096855970 0.3686209976 -0.7896393151 -0.0482165302 -0.4350218688 -0.6902078586 0.6451824663 -0.6804679428 -0.2201353834 0.0000000000 0.0000000000 0.0828496078 0.0000000000 0.0000000000 
349260.0000000000 -1132914.5534707978 6092529.9926885339 1504632.1879501170 0.5601631957 11.1654816136 0.6948551784 0.0789698632 0.8565709898 0.9986139194 -0.5166641068 -0.3268553828 0.0816503385 -1.1055335819 -1.0694392284 0.1908440369 0.0000000000 -0.0000000000 0.0709744274 0.0000000000 0.0000000000 
349290.0000000000 -1132914.8015822321 6092530.0844972646 1504633.6463393236 0.8196957072 11.1654816136 -0.8455075979 0.2779475903 0.0990554743 -0.4281754673 -0.0388651891 1.4681979167 -0.0080275719 0.3295340689 -0.4572946587 0.8866308374 0.0000000000 0.0000000000 -0.9997654227 0.0000000000 0.0000000000 
349320.0000000000 -1132913.7069903892 6092528.1867197985 1504633.6681846767 1.9518983303 11.1654816136 0.4990042275 -0.0447346543 0.2803949223 -0.3973915847 -0.0845027042 -0.6126093769 -0.4687875479 0.4684737392 0.3917621965 -0.1034649076 0.0000000000 -0.0000000000 -0.0606770667 0.0000000000 0.0000000000 
349350.0000000000 -1132915.0037813282 6092530.1029957291 1504633.1693006139 0.3352231197 11.1654816136 -0.4861039656 -0.0339191936 0.4429336021 0.0965378243 0.0328002914 0.8016583452 0.0196483583 -0.3511279972 -0.5432534991 0.9473142877 0.0000000000 -0.0000000000 -0.7684170803 0.0000000000 0.0000000000 
349380.0000000000 -1132914.9362293854 6092531.4256261708 1504633.4346660248 0.8368384663 11.1654816136 -1.0539089517 0.5489015863 -0.9732840882 -0.8302106472 0.3716214027 1.8852667687 0.1751548265 0.6267107393 -0.1872865784 0.2211452471 0.0000000000 0.0000000000 -0.4239850674 0.0000000000 0.0000000000 
349410.0000000000 -1132915.0134901183 6092529.8259988604 1504633.5094145644 0.4158865543 11.1654816136 -0.9533497590 0.4522721962 -0.6931083748 -0.7361676719 0.0429748756 1.3787087776 -0.0850278468 0.8239258272 0.1664610084 0.1830498322 0.0000000000 0.0000000000 -0.3220772010 0.0000000000 0.0000000000 
349440.0000000000 -1132915.2297629921 6092529.6027208427 1504634.1595880562 0.1621681331 11.1654816136 -0.0233123616 0.4262402599 -0.7630678079 -1.2030065768 0.2865210334 1.2563742316 -0.6261545016 0.9202433927 -0.2174267817 0.1839907168 0.0000000000 -0.0000000000 -0.0118465251 0.0000000000 0.0000000000 
349470.0000000000 -1132914.8846032999 6092528.3334459858 1504633.3039449055 0.6536438156 11.1654816136 -1.4070514239 0.3055711606 -0.1772733545 -0.6510701481 0.7016866027 0.3304151840 -0.1707483174 0.1506601585 1.5357246379 0.4525455650 0.0000000000 0.0000000000 -1.0363917374 0.0000000000 0.0000000000 
349500.0000000000 -1132914.8175427339 6092528.3671964509 1504632.7679395832 0.2455730511 11.1654816136 -0.5350379118 0.0420150930 0.5601571079 -0.5900692928 -0.4361370493 0.5412156643 -0.8032176625 0.8490316994 0.3363568527 0.9388691582 0.0000000000 0.0000000000 -0.8198618599 0.0000000000 0.0000000000 
349530.0000000000 -1132915.3254834521 6092529.8069640184 1504633.3875854916 0.3327792651 11.1654816136 -0.5167948957 0.5220500792 -0.4657739535 -1.2590329431 0.8369679922 1.7205200623 -0.4850402119 0.3214292160 -0.2731018273 0.8188461175 0.0000000000 0.0000000000 -0.9152857379 0.0000000000 0.0000000000 
349560.0000000000 -1132915.5033552703 6092530.8404635508 1504633.5946526758 0.1677834023 11.0041300577 -2.8295081194 0.8546238533 -1.1630441393 -0.2446869369 0.2468129171 2.4023412497 -0.0222863062 0.0000000000 0.8656592918 0.8041492045 0.0000000000 -0.0000000000 -0.4612121619 0.0000000000 0.0000000000 
349590.0000000000 -1132915.2470395479 6092529.9945554845 1504632.4359332921 0.4281993800 11.1654816136 -0.6494086208 0.4463451663 -0.1678673658 0.1510375632 -0.1597280225 1.6760597899 0.2235913437 -0.3469285251 -1.1490749407 0.6402742233 0.0000000000 -0.0000000000 -0.3266803809 0.0000000000 0.0000000000 
349620.0000000000 -1132915.7623064416 6092530.3784431024 1504633.0287131276 0.2441594121 11.1654816136 -0.7231482485 0.2027184189 0.6235806687 -0.3054144179 -0.7140808591 0.2667536302 -0.4281419458 0.8483700401 0.5863451392 0.5070807036 0.0000000000 -0.0000000000 -0.8362824732 0.0000000000 0.0000000000 
349650.0000000000 -1132914.6262564133 6092528.0356509527 1504632.0072545998 0.8836329628 11.1654816136 -1.3678938802 -1.0872755770 1.0079845723 1.1185285605 0.0017209640 -1.6944160310 0.3949878452 -0.5569689324 2.0096205435 0.4812662922 0.0000000000 0.0000000000 -0.6413738519 0.0000000000 0.0000000000 
349680.0000000000 -1132913.7604229928 6092528.2075940482 1504631.7285621327 1.1386148137 11.1654816136 0.2560454044 -0.4004557427 0.7835409545 1.6542305882 -1.0176148905 -1.0872577440 0.4687538113 -0.9434875840 -0.4328587843 -0.0697450061 0.0000000000 0.0000000000 0.6387872440 0.0000000000 0.0000000000 
349710.0000000000 -1132916.1968021074 6092530.8244064571 1504633.5524842769 0.6956463482 11.1654816136 -2.0984941671 0.1122426722 -0.7246463375 -0.0218932015 0.4545819866 2.0551032702 0.1441252444 -0.2236704310 0.1013884169 1.0174262888 0.0000000000 -0.0000000000 -0.4403381322 0.0000000000 0.0000000000 
349740.0000000000 -1132916.0919922567 6092530.6435321439 1504633.0156869506 0.0859686633 11.1654816136 -2.1871430126 0.2373724079 -0.3596584028 -0.1241773305 -0.5585862134 3.0797367864 0.6231596572 0.7937301700 -1.0806613959 1.0994745797 0.0000000000 0.0000000000 -0.9595939626 0.0000000000 0.0000000000 
349770.0000000000 -1132915.3166317469 6092531.0412686737 1504632.9182793905 0.1791306820 10.8275661707 -0.9959185126 -0.1635708404 -0.1008616133 0.0000000000 0.2000361292 0.7837853697 0.0797599198 0.0000000000 0.1479613309 0.5890045498 0.0000000000 0.0000000000 -0.4063221570 0.0000000000 0.0000000000 
349800.0000000000 -1132915.0949930607 6092530.1613417985 1504632.9662177851 0.5107347566 11.0041300577 0.0000000000 -0.2799401514 0.1932425205 -0.4228403368 0.4785238575 -0.1929558147 0.0043995264 0.2498146003 0.3701982516 0.1243536733 0.0000000000 -0.0000000000 -0.5890120526 0.0000000000 0.0000000000 
349830.0000000000 -1132914.6240985182 6092528.3927990738 1504633.2653466989 0.4728035652 11.1654816136 -0.4340625671 0.3701063377 -0.1614891173 -0.7133008641 -0.3150320930 0.8992775852 -1.0675147739 0.7358224130 0.2555643010 0.5955742118 0.0000000000 -0.0000000000 -0.0234926383 0.0000000000 0.0000000000 
349860.0000000000 -1132915.7210300576 6092530.1100089373 1504633.0653658768 0.3331865076 11.1654816136 -1.6111176571 0.6174993575 0.2764721645 0.3804455490 -0.1082735710 0.6860721106 -0.2486050435 -0.7324704510 0.8133478726 0.7728595943 0.0000000000 0.0000000000 -0.7269755231 0.0000000000 0.0000000000 
349890.0000000000 -1132914.3651409016 6092528.9706827262 1504633.0686966232 0.6484373236 11.1654816136 0.1027960589 0.2909406256 -0.2042257248 -0.3686484021 0.8401766362 0.0602030398 -0.6966536956 -0.6833679647 0.3753421176 0.3291583161 0.0000000000 0.0000000000 -0.0424063758 0.0000000000 0.0000000000 
349920.0000000000 -1132913.5169497742 6092528.5913368985 1504632.4106434060 0.9696445889 11.1654816136 -0.1427852992 -0.0365197521 -0.2847648769 0.2479093846 -0.2229701290 -0.0448427484 0.1211205077 0.0460730255 0.0663898588 -0.2364290791 0.0000000000 -0.0000000000 0.4894134470 0.0000000000 0.0000000000 
349950.0000000000 -1132915.0192583993 6092531.5320800990 1504633.4762161926 1.6438243385 11.1654816136 0.3980074028 -0.5338649456 0.5100621485 0.6002928391 0.0588362162 0.6924205975 0.5057094757 -0.7422936060 -1.8865878145 0.8699998772 0.0000000000 -0.0000000000 -0.2956755155 0.0000000000 0.0000000000 
349980.0000000000 -1132914.3395976722 6092531.8308893833 1504633.1645084887 0.9901369593 10.8275661707 0.0000000000 -0.8396183014 -0.2101022931 0.0000000000 -0.0801558240 1.3351708237 0.7206532001 0.6430274868 -1.7963600465 0.4958548732 0.0000000000 0.0000000000 -0.0134782024 0.0000000000 0.0000000000 
350010.0000000000 -1132914.3961783387 6092529.5711827567 1504633.0454623145 0.8286558954 11.0041300577 -0.3143789512 0.1789793183 -0.0583040628 0.3455223115 -0.3614076580 0.7161113742 0.6380159713 -0.0882154861 -0.8215800354 0.0000000000 0.0000000000 -0.0000000000 -0.0853850557 0.0000000000 0.0000000000 
350040.0000000000 -1132912.7306164159 6092528.3119444186 1504632.3548124945 0.5932000058 11.1654816136 0.5023145132 -0.9320059917 0.7395716293 1.3454806874 -0.5830378809 -2.1045980750 0.2566827483 -0.6001050022 0.5593388381 -0.1961320860 0.0000000000 -0.0000000000 0.6958259151 0.0000000000 0.0000000000 
350070.0000000000 -1132914.1392426002 6092527.7394167343 1504632.7583971608 0.7126690169 11.1654816136 0.2233057613 0.2353983276 0.2593451604 -0.5399243302 -0.1877385857 0.3131791010 -0.5827690105 0.4361896367 -0.1266816623 0.3249333991 0.0000000000 0.0000000000 -0.3197465896 0.0000000000 0.0000000000 
350100.0000000000 -1132914.7046182465 6092529.0707878387 1504632.6869470261 0.3478103050 11.0041300577 -0.7404400758 0.1828453205 0.6120398054 0.0000000000 -0.4767162518 0.7840606432 -0.1377254556 0.1615984716 -0.1846203883 0.7689842974 0.0000000000 0.0000000000 -0.8475414427 0.0000000000 0.0000000000 
350130.0000000000 -1132914.5781336541 6092529.8329130532 1504632.1859585992 0.2215543520 11.1654816136 -0.4412018589 -0.2637692084 0.4991387192 1.1470868382 -0.6880119918 -0.1502297483 0.6358720135 -0.5938837261 -0.4453232510 0.2901637844 0.0000000000 0.0000000000 0.0387387921 0.0000000000 0.0000000000 
350160.0000000000 -1132912.7091780007 6092525.9177151425 1504630.4463634035 0.0512248390 10.8275661707 0.4872998370 0.0000000000 1.3617127054 0.8027903599 -0.7191977597 -1.7438166531 0.0455897803 -0.6059160553 0.5946037464 0.0000000000 0.0000000000 0.0000000000 -0.4907244580 0.0000000000 0.0000000000 
350190.0000000000 -1132914.7057902324 6092527.1883408539 1504632.0854715586 0.0744656384 11.1654816136 -1.8899383162 -0.0131295082 -0.4617232134 0.2479939174 0.6399962459 1.6493335934 0.3954166868 -0.5343033259 0.0566366011 0.7042413144 0.0000000000 -0.0000000000 -0.5354609805 0.0000000000 0.0000000000 
350220.0000000000 -1132914.3705070554 6092527.8454450043 1504632.8337372444 0.3997169726 11.1654816136 -1.8809461512 -0.2063020191 0.0858254427 0.0592511593 0.2184656299 0.6011339409 0.5771995013 0.3099098073 1.1190973494 0.2042554464 0.0000000000 -0.0000000000 -1.0573835584 0.0000000000 0.0000000000 
350250.0000000000 -1132914.1135449421 6092528.4570120946 1504633.2027787790 0.1384977619 11.1654816136 -0.8688293125 0.3087911441 -0.3007772380 -0.0460521644 -0.1249586755 1.3769836262 0.7216735448 0.2269017392 -0.6967599967 0.0556921490 0.0000000000 -0.0000000000 -0.4338534743 0.0000000000 0.0000000000 
350280.0000000000 -1132914.7555929865 6092529.4242016319 1504632.7159565289 0.3469250579 11.0041300577 -1.4929222921 -0.1226716203 0.0000000000 0.9682204225 -0.0538706466 0.9856230517 0.4397290797 -0.8858525302 -0.2575882229 0.7586937944 0.0000000000 -0.0000000000 -0.1420312567 0.0000000000 0.0000000000 
350310.0000000000 -1132915.3273147894 6092530.1098071290 1504633.4225715245 0.1776469490 11.1654816136 -1.5525594094 -0.1698886364 -0.3626384627 0.1555750735 0.5542208324 2.1754827735 0.4841562607 -0.3537960111 -0.9414613620 0.9750832994 0.0000000000 -0.0000000000 -0.6118280627 0.0000000000 0.0000000000 
350340.0000000000 -1132915.6546648871 6092528.7712325435 1504633.4774160683 0.0122366103 11.1654816136 -2.6977722384 -0.2053293228 -0.5767243325 -0.0472903225 0.7206743184 2.4159847319 -0.3044392705 -0.1349697277 0.4579014088 1.2735203179 0.0000000000 0.0000000000 -0.5776611235 0.0000000000 0.0000000000 
350370.0000000000 -1132915.8203118490 6092531.3430385506 1504633.5780801957 0.0474253079 11.1654816136 -1.2760587350 -0.1014232732 0.0434207377 0.5054154159 0.5082372613 2.8850705526 0.8802830194 -0.9854595153 -2.4917473715 1.5772264294 0.0000000000 -0.0000000000 -1.0218075545 0.0000000000 0.0000000000 
350400.0000000000 -1132914.1776964474 6092529.5711599616 1504633.3059728344 0.4628155542 11.1654816136 -0.2070812969 -0.0449641738 0.8484043530 0.4540160977 0.9852085649 -0.1746602185 -0.1184477513 -1.6134725424 0.1065292402 0.8837437587 0.0000000000 -0.0000000000 -1.1223816465 0.0000000000 0.0000000000 
350430.0000000000 -1132914.6406254908 6092529.3412221158 1504633.3852918881 0.0660130771 11.1654816136 0.2352602796 -0.0487140725 0.1020302887 0.1005597308 0.6607255926 0.4605403256 -0.5521050872 -0.9660275435 -0.6579159417 0.8261873795 0.0000000000 0.0000000000 -0.0446119892 0.0000000000 0.0000000000 
350460.0000000000 -1132914.7348643970 6092529.3732473357 1504633.2219085083 0.9513468680 11.1654816136 -0.6601139616 -0.1646567421 0.4262618795 1.4071460615 0.0808889626 -0.0142093793 0.3266031748 -1.7081122793 -0.3569821345 0.7673483414 0.0000000000 0.0000000000 -0.0082709221 0.0000000000 0.0000000000 
350490.0000000000 -1132915.2642887824 6092531.2233285224 1504634.1582686140 0.8622856482 11.1654816136 -0.2007110937 -0.1002881431 0.2123289163 0.5049094608 0.5919919764 -0.2883632018 0.2317804829 -1.0103469205 0.1780493622 0.1837078297 0.0000000000 0.0000000000 -0.3191486670 0.0000000000 0.0000000000 
350520.0000000000 -1132914.5462024314 6092529.2136180308 1504632.8369888030 0.2673933981 11.1654816136 -0.7762042808 -0.3523303580 0.7252798909 0.2882598078 0.2240099501 -0.7013357534 -0.3594921619 -0.3261260795 1.4517866855 0.4072268717 0.0000000000 0.0000000000 -0.7334323733 0.0000000000 0.0000000000 
350550.0000000000 -1132913.5141103605 6092527.1409067698 1504632.9845874463 0.7764770741 11.1654816136 1.7552125466 -0.0138478911 1.0508060768 -0.9212925334 0.9475453126 -1.0963426792 0.0198726707 -0.0728376834 -0.1806090293 -0.1144124930 0.0000000000 -0.0000000000 -1.5685810877 0.0000000000 0.0000000000 
350580.0000000000 -1132913.8647113149 6092529.3387094131 1504633.6585619943 0.7797967323 11.1654816136 2.2385822532 0.6390297523 0.8409431175 -0.5087480912 1.1832029244 -0.6696569289 -0.1878568698 -1.4470114580 -1.2552835044 0.2143038327 0.0000000000 -0.0000000000 -1.0754724971 0.0000000000 0.0000000000 
350610.0000000000 -1132913.9861447897 6092527.4175385814 1504633.2814482865 0.5200633331 11.1654816136 0.8038431496 -0.7396770032 0.5212589628 -0.5545407748 1.0894362560 0.6585664849 0.0206561622 -0.0549616079 -1.4410742096 0.9281171876 0.0000000000 -0.0000000000 -1.1201219579 0.0000000000 0.0000000000 
350640.0000000000 -1132913.9313577765 6092527.3648874583 1504632.2311106359 0.4367147795 11.1654816136 0.1695724319 -0.3185801099 0.5479792178 0.1072076620 0.3861809947 0.0645701543 0.5202062747 -0.2897126040 -0.6175655250 0.3536832574 0.0000000000 -0.0000000000 -0.8934229682 0.0000000000 0.0000000000 
350670.0000000000 -1132914.7172809583 6092528.3130310606 1504633.6668024794 1.7335356148 11.1654816136 -1.6428325862 0.1246586887 0.1782280299 0.1464061449 0.0210928609 1.1677674772 0.6682522230 0.0353462431 0.1743567625 0.2775763120 0.0000000000 -0.0000000000 -1.0460578174 0.0000000000 0.0000000000 
350700.0000000000 -1132914.8119806219 6092528.6437722212 1504633.7862286647 0.5801579491 11.0041300577 0.8261674709 0.1080231103 0.3556719297 -0.8815009614 1.0876600640 0.0000000000 0.5208904844 0.0392919550 -0.4176564411 -0.2652508066 0.0000000000 -0.0000000000 -1.4226324954 0.0000000000 0.0000000000 
350730.0000000000 -1132914.3671456005 6092530.7221862115 1504632.0990844918 1.0472788003 11.0041300577 0.0318711103 0.3152972919 0.2028989437 0.3248955582 0.2816291120 0.0000000000 0.1211262265 -0.9073269202 -0.2352470052 0.1705235664 0.0000000000 -0.0000000000 -0.2617686735 0.0000000000 0.0000000000 
350760.0000000000 -1132914.1504576320 6092527.7640556553 1504631.3146935748 1.0569054250 11.0041300577 -1.1562328970 -0.1844374762 0.3858483309 0.6443896584 0.2487993260 0.0000000000 0.2902330633 -0.6543272353 0.7557371768 0.2873656787 0.0000000000 -0.0000000000 -0.6311841391 0.0000000000 0.0000000000 
350790.0000000000 -1132914.0303337700 6092527.7171945302 1504632.6259024427 0.3971563610 11.0041300577 0.0202290905 -0.0706747725 -0.0271527093 0.1170096654 0.8591340294 0.0000000000 0.8271201185 -0.5689000231 -0.2436860967 -0.2576495150 0.0000000000 0.0000000000 -0.6420654369 0.0000000000 0.0000000000 
350820.0000000000 -1132913.5413961271 6092525.9603585014 1504632.9731838447 1.0893968551 11.0041300577 -0.0427470948 0.0645481130 0.2404407295 -1.2987781463 0.4262861401 0.0000000000 -0.7197227008 1.0603352001 1.2197077989 -0.2122243105 0.0000000000 -0.0000000000 -0.9152269594 0.0000000000 0.0000000000 
350850.0000000000 -1132914.4232330131 6092529.0960674929 1504632.5374274396 0.6257106228 11.0041300577 0.6884699749 0.0430865057 0.3259541601 0.2446483351 0.0109717897 0.0000000000 0.6074112788 -0.4578666503 -1.2372773711 0.2025802679 0.0000000000 0.0000000000 -0.3377776137 0.0000000000 0.0000000000 
350880.0000000000 -1132913.3379604686 6092524.1536859917 1504631.3112905561 0.6008046481 11.0041300577 -1.5462756573 -0.4104880769 0.6239546759 0.5840435139 -0.5079483963 0.0000000000 0.6041383225 0.2980247330 0.9658965142 0.1606097630 0.0000000000 -0.0000000000 -0.8386524020 0.0000000000 0.0000000000 
350910.0000000000 -1132914.3683519689 6092525.7387967985 1504632.3220138175 1.5103343586 11.1654816136 0.0585506109 0.1500311291 0.2913820868 -0.2131360009 -0.1506063126 0.0000000000 0.3761503454 0.1316078957 -0.4581439832 0.4132349127 0.0000000000 0.0000000000 -0.8733276869 0.3375706980 0.0000000000 
350940.0000000000 -1132914.0543345674 6092529.0953087024 1504632.4761852131 1.7794117286 11.1654816136 -0.2775030944 -0.4080269106 0.4993868689 0.4194877112 -0.3414618829 0.0000000000 -0.0499439812 0.0698013681 0.1314317776 0.1447636213 0.0000000000 0.0000000000 0.0471602280 -0.2773064777 0.0000000000 
350970.0000000000 -1132913.0762292370 6092527.8577090288 1504632.7999863985 0.8747860514 11.3140434823 -0.5892749697 0.5425409036 0.8484452214 0.3620325832 -0.0395603574 0.0000000000 -0.1817672678 0.1535334950 1.2000935384 -1.1125820649 0.0000000000 -0.0000000000 -0.4555757927 -0.1229657071 -0.8943482707 
351000.0000000000 -1132914.8291958906 6092528.4983591139 1504632.5253301430 0.3093897123 11.3140434823 -2.1028984272 0.4571359538 0.2005619011 2.3439019420 0.0143144786 0.0000000000 0.2623596713 -0.4328958893 -0.0466562159 0.4675728134 0.0000000000 0.0000000000 -0.8602399264 2.5577704920 -2.8153447905 
351030.0000000000 -1132913.0520549261 6092527.5009718025 1504632.3632553515 1.7666861901 11.3140434823 1.1636921836 0.4065112075 1.7423637482 1.5063229161 -0.4295803563 0.0000000000 -1.2329493609 -0.4661283580 -1.5237783303 0.1883026801 0.0000000000 -0.0000000000 0.1851153033 0.6111476199 -2.2268398221 
351060.0000000000 -1132914.3958118309 6092528.9269206570 1504632.3605691551 0.1893905350 11.3140434823 -0.5273301257 0.0246090633 -0.2145280431 -0.8950741525 -0.3174526442 0.0000000000 -0.1911621263 -0.5604142135 0.9138463051 0.9441473637 0.0000000000 -0.0000000000 -0.1839146291 -0.8470904889 1.9505756357 
351090.0000000000 -1132913.6523051783 6092528.1213626731 1504633.6668038871 0.9010919631 11.3140434823 -0.0533374650 -0.1498438674 1.1686992041 1.4691779246 -0.1661959348 0.0000000000 -0.3493553077 0.4175367939 -1.2211464109 0.5397730369 0.0000000000 0.0000000000 -0.7904272170 1.6321422271 -2.4946304392 
351120.0000000000 -1132915.4583881444 6092528.4481667634 1504633.4503925443 0.1201231348 11.3140434823 -0.8241734600 -0.0920498789 0.8745272935 0.3040282741 -0.2733523667 0.0000000000 -0.7678767719 0.9788855861 0.4641296918 0.5846452487 0.0000000000 -0.0000000000 -1.1325691250 1.2498919744 -1.4736279643 
351150.0000000000 -1132913.8342393211 6092526.8839731626 1504631.9844239973 0.3816861453 11.3140434823 -0.4369639861 -0.2765217881 0.2388417661 0.0488081943 0.2136701422 0.0000000000 0.3730659206 0.9004042396 -0.0094386600 -0.0279582687 0.0000000000 -0.0000000000 -1.0398850958 0.8633091398 -0.9113717387 
351180.0000000000 -1132914.5720955033 6092527.1880298154 1504632.6271844816 0.2694355189 11.3140434823 -0.2203570101 -0.2637245614 -0.3769304417 -0.3772331926 0.1698463020 0.0000000000 -0.0960766654 0.2638500667 0.0659613709 0.5619733799 0.0000000000 0.0000000000 -0.2574571969 0.3421153064 0.2297058460 
351210.0000000000 -1132912.5024462556 6092526.5626303833 1504632.0765422892 0.5275064336 11.3140434823 -0.5115785624 -0.5914716614 1.3429405889 1.5345336259 -0.6906845693 0.0000000000 -0.4061131106 -0.5121951547 -0.1461586000 0.6132086515 0.0000000000 -0.0000000000 0.1712400641 -0.2517196078 -0.5119350997 
351240.0000000000 -1132913.6270572913 6092529.3533730125 1504633.5715273605 0.4498650382 11.3140434823 0.2925139100 0.0545053438 -0.1101857781 0.2862334501 0.1371398337 0.0000000000 -0.8257315715 -0.8716367222 -0.4235065276 0.8661518417 0.0000000000 0.0000000000 0.5373653137 0.1002737899 0.1003418114 
351270.0000000000 -1132912.6043906435 6092527.4092877014 1504633.5014966300 0.2331261401 11.3140434823 1.2784582287 0.3717945289 1.0424821024 0.2553852328 -0.1326668157 0.0000000000 -0.6366838175 -0.1484257865 -0.7599016822 -0.4213866547 0.0000000000 0.0000000000 0.2079362684 -0.2782253128 -0.8022604448 
351300.0000000000 -1132914.0570447342 6092527.2275192644 1504633.2168567055 0.1321088268 11.3140434823 0.0489289664 0.5583748432 -0.1712630372 -0.0089649479 0.0354840622 0.0000000000 -0.9952264096 0.2167766694 -0.1972798765 0.5094726017 0.0000000000 -0.0000000000 -0.0770455796 1.1918243030 -1.0728046342 
351330.0000000000 -1132914.5696551183 6092528.4780330947 1504633.7122936684 0.1833872757 11.3140434823 -0.0442124098 0.4028102921 0.0951300625 -1.1388808741 0.3796499937 0.0000000000 -0.2557283818 0.6224645029 0.5289472733 0.1584320499 0.0000000000 0.0000000000 -1.3393614897 0.5766686736 -0.1248984107 
351360.0000000000 -1132914.8232648296 6092529.3619163698 1504632.4634983614 0.9231339041 11.3140434823 -2.1831716989 -0.1718016349 0.1794638485 1.4041880588 -0.3836394193 0.0000000000 -0.0158145967 0.4047097469 1.0242736728 0.2430337954 0.0000000000 -0.0000000000 -0.4658401497 1.3022371596 -1.3635587686 
351390.0000000000 -1132914.4103981401 6092527.8298075376 1504632.6455150296 0.6199839268 11.3140434823 -0.6639827477 0.3090150730 0.5738684966 0.2908189060 -0.6309420865 0.0000000000 -0.3391848559 -0.5581676478 0.2660187406 0.9139206689 0.0000000000 -0.0000000000 -0.4441724713 0.0845773740 0.2261054475 
351420.0000000000 -1132914.1464243461 6092527.6068147151 1504632.0971145148 0.0563446453 11.3140434823 0.3149720882 0.0082761606 0.1557696943 -0.3334700082 -0.1812520364 0.0000000000 -0.1043826601 0.5069630496 -0.0225893055 -0.2064756293 0.0000000000 0.0000000000 -0.0363595066 -0.0613603734 -0.0983709019 
351450.0000000000 -1132914.5212270187 6092527.9783808943 1504633.3266645893 0.6442502508 11.3140434823 0.0845080133 0.5894915226 0.0017873618 -0.2901439120 -0.2193145053 0.0000000000 -0.0707742865 1.2143770740 -0.1719055253 -0.4590322176 0.0000000000 0.0000000000 -0.5414945594 1.1248263710 -1.3505382688 
351480.0000000000 -1132915.6183752997 6092527.8596465914 1504632.4702272140 0.3465062877 11.3140434823 -0.0067648634 0.2918577171 0.0616538134 -0.4449595198 -0.5518872492 0.0000000000 -0.0180642347 0.5503190160 -0.3103755920 0.5311605031 0.0000000000 0.0000000000 -0.5203977203 0.4880958618 -0.0978982301 
351510.0000000000 -1132915.1598054469 6092527.7808888797 1504633.4493454229 0.3718597684 11.3140434823 0.1486063037 0.4509233111 -0.2143576301 -1.2469682499 0.2308246626 0.0000000000 -0.9216150253 0.6469567747 0.0535966144 1.0013685790 0.0000000000 -0.0000000000 -1.0814969699 1.1052453132 -0.2701493283 
351540.0000000000 -1132914.7046134528 6092528.6472206321 1504633.4063394961 0.4294144493 11.3140434823 0.1352531585 1.3565159162 -0.6902335353 -1.4045585911 -0.7222729023 0.0000000000 -0.5462837897 0.2443874247 -0.5979172552 1.5380191881 0.0000000000 0.0000000000 -0.8080840139 1.2470451741 0.2133730718 
351570.0000000000 -1132913.3959963452 6092528.6671039490 1504632.9841012845 1.2207536589 11.3140434823 -0.2675271271 0.6716595688 0.5365254581 -0.0965602298 -0.2121585816 0.0000000000 -0.8059373510 -0.3853130906 0.6504747346 0.2393814331 0.0000000000 -0.0000000000 -0.3635349800 0.1684385237 -0.2053547563 
351600.0000000000 -1132913.2015904065 6092528.6352787167 1504632.9503841533 0.7799158986 11.3140434823 1.0831037044 0.5454494076 0.5383696013 -0.1793881619 -0.0672863292 0.0000000000 -0.7645902631 0.1956138169 -0.2978410091 -0.5655126507 0.0000000000 0.0000000000 0.3226210284 -0.0227280196 -0.7794654314 
351630.0000000000 -1132912.0752674302 6092528.6612913730 1504632.9478098557 2.5239831057 11.3140434823 2.1995152916 -0.1648162255 2.2001315197 0.9175797832 -0.0994264187 0.0000000000 0.1239326885 -0.3881255137 -1.5772479578 -1.0423200967 0.0000000000 0.0000000000 0.2118537503 -1.2650715343 -0.8742075424 
351660.0000000000 -1132913.9671079374 6092528.7272672364 1504632.9628973908 0.6321444189 11.3140434823 1.3443468900 0.6740271138 0.3200134315 -0.0112656274 -0.2503290200 0.0000000000 0.0947305377 -0.2473123041 -1.3083076467 -0.2345988482 0.0000000000 0.0000000000 0.2946039845 -0.1260631796 -0.3981534972 
351690.0000000000 -1132915.4722432550 6092530.6946114870 1504634.1033247327 0.4029592640 11.3140434823 0.8865582175 0.0463958427 0.5454321079 -0.3874873399 0.0626191931 0.0000000000 -0.4724089800 0.1383899508 -0.5626710285 0.3066553353 0.0000000000 0.0000000000 -0.3260407855 0.0004928761 -0.2077377640 
351720.0000000000 -1132916.0123788037 6092529.3794496274 1504633.6781225845 0.3035890965 11.3140434823 1.3861423813 0.5049501493 0.1772607071 -0.6394648520 0.5253143110 0.0000000000 -0.8763928872 0.4203741238 -1.6958059194 1.1428815573 0.0000000000 0.0000000000 -0.9789032010 1.4290641902 -1.2501287490 
351750.0000000000 -1132914.2199838373 6092528.0283913212 1504632.5656144554 0.1123328829 11.3140434823 0.9622023990 -0.3281376040 0.4613047455 0.0027847263 -0.2931115514 0.0000000000 -0.6488261504 -0.0316231307 -1.0844035832 0.9639090976 0.0000000000 0.0000000000 0.2662723545 -0.1364263866 0.0376510598 
351780.0000000000 -1132914.0572341031 6092526.6655182093 1504632.8360620965 0.7160921663 11.3140434823 0.9444041794 1.0979666732 0.2802459064 -1.0908019751 0.0634675273 0.0000000000 -0.6542520343 -0.4912758636 -0.0574381553 0.1229384859 0.0000000000 -0.0000000000 -0.4383262466 -0.0860549147 0.2111293519 
351810.0000000000 -1132915.3722068812 6092529.4579169210 1504633.8322147813 0.6787574322 11.3140434823 -0.9465270800 0.2084579281 -0.5038911578 -0.7370193122 0.1986395594 0.0000000000 -0.9403551994 0.7447980955 0.8023684373 0.9253584619 0.0000000000 0.0000000000 -0.9280588264 1.4134041506 -0.4765265880 
351840.0000000000 -1132914.8716206730 6092529.6584822340 1504633.4024666238 1.0921193960 11.1654816136 -1.0986314729 1.0574487597 0.0186694358 0.0000000000 -0.2536403619 0.0000000000 -0.6247855102 -1.1345051941 0.6786972072 1.1158806130 0.0000000000 0.0000000000 -0.7004742857 0.6332887570 0.2100326523 
351870.0000000000 -1132915.0182699861 6092526.9258152451 1504632.9447811909 0.2670080348 11.1654816136 -2.0451297185 0.3815641147 -0.9661301081 0.0000000000 -0.9077487710 0.0000000000 -0.3382841388 -0.0250972156 1.3028521828 0.8969727303 0.0000000000 0.0000000000 0.2226287752 0.6656648228 0.5542780753 
351900.0000000000 -1132915.2250638790 6092529.1252528643 1504633.1041004357 0.5402164727 11.3140434823 -0.6763900173 0.1956533447 0.7962947911 0.0000000000 -0.5405009203 -0.1408737268 -0.9260602810 0.0872799227 1.0172077575 0.5191713793 0.0000000000 -0.0000000000 -0.5470777712 0.3026559401 -0.2415248657 
351930.0000000000 -1132915.0837425706 6092527.9095478021 1504633.4287853409 0.3486698823 11.3140434823 -0.7449066166 0.6334005027 0.1061694456 0.0000000000 0.7903832322 0.5109536917 -0.9639806884 1.0451970716 -0.1611638675 0.2891453656 0.0000000000 -0.0000000000 -1.4443487460 2.2914218942 -2.4055841370 
351960.0000000000 -1132914.8416575699 6092528.2387944981 1504632.6242860127 0.6442352825 11.3140434823 -1.5089972287 -0.0189801561 -0.4247198094 0.0000000000 0.5437598641 0.2615706621 -0.2206835358 0.4908575942 0.9028133169 0.1491764737 0.0000000000 0.0000000000 -0.8890283069 1.1346470249 -0.6395282511 
351990.0000000000 -1132914.7441422874 6092527.5430956502 1504632.2746992253 0.1219069527 11.3140434823 -2.1592649098 0.0169009067 -0.8263818479 0.0000000000 0.4471830401 1.3649328272 -0.1000571430 0.2511794256 -0.2171928529 0.9809197735 0.0000000000 0.0000000000 -0.7659764749 1.1250423979 -0.3006415234 
352020.0000000000 -1132914.0024813791 6092527.3018548628 1504633.0069061958 0.7887215301 11.3140434823 -2.4320753934 -0.3467867439 0.7710223934 0.0000000000 0.0354095215 2.2673654484 -0.5163654314 1.0485681361 0.2096623451 0.1274936317 0.0000000000 -0.0000000000 -1.0408603469 0.3604581601 -0.7895861650 
352050.0000000000 -1132913.1353298484 6092525.6190422876 1504631.7468081512 0.6804149251 11.3140434823 -0.1808552363 -0.1205391880 0.8362863417 0.0000000000 -0.2158824889 -1.1889179151 0.1068624487 -0.5171541475 1.4031005770 0.3738646106 0.0000000000 0.0000000000 -1.1240474565 -0.1456664764 0.6059575622 
352080.0000000000 -1132915.0108901071 6092528.5380110731 1504633.0241896929 0.3772580126 11.3140434823 0.2046743174 0.2832063743 0.5897342922 0.0000000000 -0.1111821190 -0.2225556440 -0.4989117602 -0.1390437324 -0.4181307783 1.0271010179 0.0000000000 -0.0000000000 -0.8505109455 0.6579874194 -0.4644966400 
352110.0000000000 -1132912.3612793190 6092527.2324221740 1504632.4678567632 0.4551903951 11.3140434823 0.5716067631 -0.8558734732 1.5174486938 0.0000000000 -0.5558910189 0.8074939311 -0.2537801965 0.4671097263 -0.7403341004 0.0652535475 0.0000000000 -0.0000000000 0.0897887162 -1.2125066939 0.2165502687 
352140.0000000000 -1132915.4827594988 6092528.1100497851 1504633.0916448117 0.0305522482 11.3140434823 0.4221706356 0.3603172714 0.8160111174 0.0000000000 0.1633997784 0.1181936319 -0.9099583701 0.6441906564 -1.0052958561 0.9679730265 0.0000000000 -0.0000000000 -1.1858081195 1.4401402691 -1.6921939476 
352170.0000000000 -1132915.2240491738 6092528.1080008438 1504632.4702693305 0.0074521584 11.3140434823 -2.7551834886 -0.4140524862 0.1955844209 0.0000000000 -1.1469176820 0.7469915864 0.7195541107 0.4756743256 1.1985203127 0.4428087900 0.0000000000 -0.0000000000 -0.7611770370 -0.2567723519 0.9688254172 
352200.0000000000 -1132915.1495427275 6092529.7584408559 1504633.2792066764 0.0660027025 11.3140434823 -0.1268544857 -0.4261800290 0.0571889193 0.0000000000 0.0660192240 -1.1846866938 -0.0117882671 1.0926199817 0.8104980002 0.2637623600 0.0000000000 -0.0000000000 -1.0746301075 1.2108692502 -0.8014718257 
352230.0000000000 -1132914.0655470623 6092528.7759055113 1504633.1710393024 0.0751099552 11.3140434823 0.4664835289 0.4410594891 0.6445143557 0.0000000000 0.2523479511 0.4344053013 0.0895144905 -0.5161047416 -1.0428364076 0.3469817122 0.0000000000 -0.0000000000 -0.6665796195 0.0176412241 -0.3053308514 
352260.0000000000 -1132914.3106548996 6092528.7578843301 1504633.1889389567 0.7147754247 11.1654816136 0.0000000000 -0.0450929389 0.9465191626 0.0000000000 0.3265363592 1.5913418834 -0.6633892503 -0.5496836825 -1.3302129826 0.6813042520 0.0000000000 0.0000000000 -0.2606272327 -0.4965858960 -0.0502394234 
352290.0000000000 -1132913.7815189750 6092527.3698974568 1504632.5379676083 0.4700392581 11.1654816136 0.0000000000 0.1737781631 0.2981474458 0.0000000000 0.0276898827 0.4005451286 -0.7465055793 0.2185131341 -0.1567020701 0.1032342244 0.0000000000 0.0000000000 0.0353373972 0.3287174146 -0.6473279060 
352320.0000000000 -1132913.7147812780 6092528.0413583377 1504632.3736064492 0.9015574554 11.1654816136 0.0000000000 0.2863811143 0.3808497382 0.0000000000 -0.3491644926 0.2859645415 0.2403854296 -0.4773017984 -0.3281855314 0.1154241386 0.0000000000 -0.0000000000 -0.0278599948 -0.4748537996 0.3590295962 
352350.0000000000 -1132913.7302599226 6092528.9919743380 1504632.7819309952 0.3638467652 11.1654816136 0.0000000000 0.0845981576 1.2071916417 0.0000000000 -0.1832492142 0.8079451159 -0.1577061728 -0.1381204496 -0.6858841958 0.3028559809 0.0000000000 0.0000000000 -0.6453693584 -0.3255216521 -0.2216969205 
352380.0000000000 -1132914.3196972858 6092528.3322250908 1504632.5957354992 0.6078599634 11.1654816136 0.0000000000 0.2195760081 0.9092093900 0.0000000000 -0.7390530534 0.6136512161 0.8891483073 -0.2390062742 -0.8268267452 -0.0645149296 0.0000000000 -0.0000000000 -0.2954971364 -0.8622492162 0.4016072013 
352410.0000000000 -1132913.9355930118 6092528.6893531745 1504632.2794825814 0.3999061036 11.1654816136 0.0000000000 -0.7639916236 1.2155769367 0.0000000000 -0.6715017663 0.2709280309 -0.4355607359 -0.2100100492 -0.0732521132 0.9528006970 0.0000000000 -0.0000000000 -0.1979395204 -0.9608794588 0.8695184687 
352440.0000000000 -1132914.9908443799 6092526.1871377416 1504632.4648683430 0.1298449703 11.1654816136 0.0000000000 0.6081949802 -0.4758428471 0.0000000000 -0.9679850488 -0.7048925461 -0.0335059612 -0.2024765379 -0.8770400445 1.8529351255 0.0000000000 0.0000000000 -0.1422629093 0.8594456935 0.0921166578 
352470.0000000000 -1132914.5276363643 6092530.1311423890 1504634.2696599804 0.4963094491 11.1654816136 0.0000000000 0.5721811248 0.3063091793 0.0000000000 0.9453879534 0.7357028810 -0.2591272903 -0.4356711284 -0.6507231258 -0.0441142546 0.0000000000 -0.0000000000 -0.7823171934 0.5281863450 -0.8263230868 
352500.0000000000 -1132915.5588583362 6092530.0471284082 1504633.5976216455 0.3666489178 11.1654816136 0.0000000000 0.3877933135 0.5347906690 0.0000000000 0.3765856574 0.7710985882 -0.7022890407 -0.3003916845 -0.9744826492 0.7965352233 0.0000000000 0.0000000000 -0.6162104541 0.5152550836 -0.6864929699 
352530.0000000000 -1132913.5474948145 6092526.9521444896 1504632.9682792875 1.9854380119 11.1654816136 0.0000000000 0.7899874853 0.4077390672 0.0000000000 -0.2310545498 0.0729267601 -0.3604500296 -0.5701090799 0.1024533525 0.0415294308 0.0000000000 0.0000000000 -0.0869187729 0.0799013958 -0.2474951250 
352560.0000000000 -1132915.0083277603 6092528.4730714019 1504633.4902670770 0.0003336737 11.1654816136 0.0000000000 0.7122960214 0.7547427988 0.0000000000 -0.1993029890 -0.6430111061 -1.1427069548 -1.2710466394 1.0051625439 0.8901987829 0.0000000000 -0.0000000000 -0.5146771878 0.1387860320 0.2225598557 
352590.0000000000 -1132913.7826960855 6092528.8178727804 1504633.3993066531 1.3390036222 11.1654816136 0.0000000000 0.2951059876 0.2173972951 0.0000000000 0.5077005558 0.2386141030 -0.5919751748 -0.8210667674 0.1039019355 0.2554314610 0.0000000000 -0.0000000000 -0.2264105151 -0.0028212109 0.0618717592 
352620.0000000000 -1132913.9954376374 6092528.0603827769 1504633.1777234883 1.7157430380 11.1654816136 0.0000000000 0.0716702839 0.3220541858 0.0000000000 -0.3503724708 -0.0321728261 -0.2626611923 -0.5805839942 0.2386397190 0.3146171371 0.0000000000 0.0000000000 0.1863002776 -0.4919877727 0.5696917563 
352650.0000000000 -1132913.4705757394 6092527.9015154764 1504632.5859579549 1.8706481671 11.1654816136 0.0000000000 0.0891205656 0.3731093009 0.0000000000 -0.4662970240 -0.7555168781 0.2689867384 -1.3837753418 1.1605654650 0.1418624825 0.0000000000 0.0000000000 0.0182302483 -1.1313500578 1.5852253047 
352680.0000000000 -1132913.6790220416 6092528.8230664013 1504633.2747680091 0.5798723108 11.1654816136 0.0000000000 0.1014093940 0.9739789042 0.0000000000 -0.7887788417 0.7658302782 -0.3913661572 -0.1392752186 -0.1506385602 -0.1945878256 0.0000000000 0.0000000000 0.5493108608 -0.8543872434 0.1432842978 
352710.0000000000 -1132913.8556102619 6092526.9367525140 1504632.6183136737 0.2888854577 11.1654816136 0.0000000000 0.9664172852 0.4715553158 0.0000000000 0.0520393281 -0.2346651532 -1.0556087053 -1.0986726120 0.7271166113 0.3215342935 0.0000000000 0.0000000000 -0.2283769031 0.2986142575 -0.2305875679 
352740.0000000000 -1132914.2090135044 6092528.7921774648 1504633.4298098276 1.0862761158 11.1654816136 0.0000000000 1.1846852814 0.6702345816 0.0000000000 0.6278205540 0.3684967756 -1.0406722450 -0.7042189212 0.4055802895 -0.4264760076 0.0000000000 -0.0000000000 -0.5370060236 0.6946889827 -1.2033841097 
352770.0000000000 -1132914.5683349061 6092527.1619219137 1504633.2833442972 0.8259479892 11.0041300577 0.0000000000 -0.1138137546 0.3921780281 0.0000000000 0.2485341006 0.4060033942 -0.5453736341 -0.2272575625 -0.2680181427 0.4457239385 0.0000000000 0.0000000000 -0.2303188986 0.0000000000 -0.0616412367 
352800.0000000000 -1132914.4083743184 6092528.9903105767 1504633.0210091176 0.7661398444 11.1654816136 0.0000000000 0.1088986507 1.2985487920 0.0000000000 0.8189026829 0.2822007288 -1.3077407496 -1.3162701409 0.9814976566 0.1906666983 0.0000000000 -0.0000000000 -0.8911212799 -0.2837552225 0.1395065025 
352830.0000000000 -1132914.3444937926 6092527.2816272872 1504633.7250772149 0.8202428430 11.1654816136 0.0000000000 1.1342834217 0.6046943505 0.0000000000 0.2922818087 0.4513691543 0.0076086694 -0.4006213873 -0.4372117287 -0.3616167641 0.0000000000 0.0000000000 -0.7168418007 0.5518273377 -1.0868525741 
352860.0000000000 -1132914.1261976105 6092528.4535227474 1504632.4977357131 0.4035436525 11.1654816136 0.0000000000 -0.5112488261 0.7717717254 0.0000000000 0.1502753286 1.1461506648 -0.2464816862 -0.3106907882 -1.0962215121 0.6348570488 0.0000000000 -0.0000000000 -0.1625602630 -0.6818876135 0.3983882066 
352890.0000000000 -1132914.3972960319 6092528.3609849354 1504633.1063915391 0.8058227767 11.1654816136 0.0000000000 -0.1833361175 0.9770893852 0.0000000000 -0.2246230342 1.2285716118 0.8227976567 -0.9667405809 -1.2616158140 0.1919929952 0.0000000000 -0.0000000000 -0.1221684957 -1.5455192893 1.1436029690 
352920.0000000000 -1132914.4961635983 6092530.0797488382 1504633.2893737867 0.3056447049 11.1654816136 0.0000000000 0.7952556401 0.4905657462 0.0000000000 0.4729589140 1.9360785190 -0.3225111073 -1.6063068908 -2.2487125677 0.9134965475 0.0000000000 0.0000000000 0.0751782505 -0.5783614014 0.2550466679 
352950.0000000000 -1132914.8805664792 6092529.3227272481 1504633.4158736181 0.8528855774 11.1654816136 0.0000000000 -0.0553173770 0.1564192596 0.0000000000 0.4416820207 0.7115403422 -0.3464879016 -1.0686410728 -0.5249555417 0.5301305650 0.0000000000 0.0000000000 0.0759398173 -0.6189503071 0.7677508676 
352980.0000000000 -1132914.9819888368 6092528.9861864671 1504633.4751556765 0.6076733108 11.1654816136 0.0000000000 0.1034740571 0.5591861287 0.0000000000 0.2066629327 -0.0935569271 -0.5412742925 -1.1745478585 0.7036043174 0.3078480020 0.0000000000 -0.0000000000 -0.3078842006 -0.4921726279 0.7149395839 
353010.0000000000 -1132914.5422127813 6092529.7868358213 1504633.6692671492 0.6036931652 11.1654816136 0.0000000000 0.3517502512 0.1837206131 0.0000000000 0.1219796071 0.1349398532 -0.8213796972 0.3687067466 -0.4185601553 0.5824174316 0.0000000000 0.0000000000 -0.3338977727 0.9868994557 -1.1125365862 
353040.0000000000 -1132915.4323750890 6092528.0516186189 1504632.9106509322 0.1631406533 11.1654816136 0.0000000000 0.6669703724 0.3551928323 0.0000000000 -0.4149956324 -0.0407190634 -0.3551759680 0.2647949710 -1.2849130335 1.5277407935 0.0000000000 0.0000000000 -0.7407113548 1.1361081931 -1.0815931560 
353070.0000000000 -1132914.7472007845 6092528.3946096571 1504632.9955492069 0.0670373097 11.1654816136 0.0000000000 0.3620278986 0.5384769025 0.0000000000 0.0676660064 1.0001940360 -0.0475940586 0.3321066549 -1.3770775169 0.1289450586 0.0000000000 -0.0000000000 -0.2613420287 0.3592660395 -1.0143590136 
353100.0000000000 -1132915.5207896298 6092528.6166892061 1504633.4435694281 0.0812802372 11.1654816136 0.0000000000 0.4739388323 -0.5233506872 0.0000000000 0.8159694558 1.2513224170 -0.8495073687 0.3334818031 -1.5104474119 0.1465563167 0.0000000000 0.0000000000 0.4109998893 0.9562982937 -1.3497241251 
353130.0000000000 -1132914.3009759136 6092528.8666561451 1504633.2870980131 0.5080861035 11.1654816136 0.0000000000 0.3999231711 0.5549302036 0.0000000000 0.2639448846 1.2648687728 -0.4381773483 0.0789690028 -1.5498607122 0.3492816298 0.0000000000 0.0000000000 -0.1656366291 0.3682548654 -1.0072550195 
353160.0000000000 -1132913.7890750556 6092527.1262719668 1504633.3912818942 0.3888098408 11.1654816136 0.0000000000 -0.4402276563 1.7501012516 0.0000000000 0.3515835602 1.9664319385 -0.0900724156 -0.6164660782 -1.2256750259 -0.1629628602 0.0000000000 0.0000000000 -0.4341714376 -1.2390820049 0.2616701333 
353190.0000000000 -1132914.7451659204 6092527.9317298951 1504632.9193473214 0.2851647210 11.1654816136 0.0000000000 -0.0809158179 0.0451467067 0.0000000000 -0.3327086685 -0.1956337199 -0.1903354149 0.4614833219 -0.1834188307 0.4826130432 0.0000000000 0.0000000000 -0.0473542231 0.3483046909 -0.3159283227 
353220.0000000000 -1132914.0050969464 6092524.8021232476 1504632.1582044158 0.0552668333 11.1654816136 0.0000000000 -0.0321223085 0.3483599983 0.0000000000 -0.8325384830 -0.4460133790 0.9020752468 0.8947063567 0.0210294281 -0.3592964038 0.0000000000 0.0000000000 -0.2080799496 0.0330368766 -0.3875309742 
353250.0000000000 -1132915.6281669834 6092528.6824753582 1504633.6954192519 0.1676091625 11.1654816136 0.0000000000 0.1867125563 0.3015982707 0.0000000000 0.1287843922 -0.1312945122 -0.8015066481 0.3948517328 0.1798301604 0.2884561574 0.0000000000 0.0000000000 -0.4046496733 0.8626658610 -0.9921977103 
353280.0000000000 -1132914.5258095439 6092527.0529479245 1504633.4358072462 0.1682468807 11.1654816136 0.0000000000 0.7078305886 0.8586354537 0.0000000000 0.1385264807 0.2306097639 -0.7524946993 -0.0402769590 -0.2816429196 0.3722489267 0.0000000000 0.0000000000 -0.7618714900 0.8775499647 -1.3114069731 
353310.0000000000 -1132914.0914176202 6092528.3162025837 1504633.2304844751 0.6111416127 11.1654816136 0.0000000000 -0.0177402055 0.8793491137 0.0000000000 0.1366579068 1.3629652573 0.1935714990 -0.4385178841 -1.5447249507 0.2975744377 0.0000000000 -0.0000000000 -0.2220652929 -0.6252629588 0.0705333255 
353340.0000000000 -1132914.3708466110 6092525.4571277536 1504632.7926957479 0.0636449864 11.1654816136 0.0000000000 -0.0818358778 0.4555661524 0.0000000000 -0.3513799614 -0.7146669294 0.4128375488 0.2368759657 0.0515881497 0.6786417526 0.0000000000 -0.0000000000 -0.9432001027 0.2787142365 -0.0826489573 
353370.0000000000 -1132914.4749005560 6092528.0187333422 1504633.9390120963 0.8543171040 11.1654816136 0.0000000000 -0.1212606750 0.7265679970 0.0000000000 -0.0340586037 1.2036795647 -1.2052049206 0.0947118500 -0.6329692674 0.1827670681 0.0000000000 0.0000000000 0.5124431402 -0.0877941450 -0.5430735183 
353400.0000000000 -1132915.1454393752 6092526.8320213901 1504633.3482207649 0.2327159307 11.1654816136 0.0000000000 0.3688203935 0.3630833809 0.0000000000 0.0499486737 -0.8627701014 -0.6823568870 -0.2530158743 0.2095321174 1.4235230675 0.0000000000 -0.0000000000 -1.1480911207 0.9918794642 -0.4942467116 
353430.0000000000 -1132914.7914411819 6092527.5827205675 1504633.4015402016 0.9387517016 11.1654816136 0.0000000000 -0.0665214909 -0.0328655169 0.0000000000 0.4503411599 -0.4328896387 -0.6254429965 -0.7559072936 0.9406455892 0.2963779915 0.0000000000 0.0000000000 -0.3444059103 0.0051805936 0.5457690366 
353460.0000000000 -1132913.9060149428 6092526.7613834860 1504634.0227657608 0.6364553303 11.1654816136 0.0000000000 0.0598453845 1.4856880441 0.0000000000 0.6560725080 1.3451950027 -1.0075198499 -0.0834446965 -0.0952096389 -0.7309597763 0.0000000000 0.0000000000 -0.4999469778 0.1059831307 -1.1318288070 
353490.0000000000 -1132914.1870374694 6092528.7380940635 1504633.5545220254 0.7184060145 11.1654816136 0.0000000000 0.0745266591 0.4405260574 0.0000000000 0.3478837122 -0.1515312274 -1.0581912749 0.0603651531 0.7441952761 0.0744934613 0.0000000000 -0.0000000000 -0.4670868379 0.6812604823 -0.7351650096 
353520.0000000000 -1132913.8149459320 6092529.2542880839 1504633.0756507237 0.7142278792 11.1654816136 0.0000000000 -0.3906561250 1.4641591026 0.0000000000 0.2566020330 1.1656161906 -0.9176375598 -0.8631424235 -0.1234025118 0.1842565912 0.0000000000 -0.0000000000 -0.2976254778 -0.8196687840 0.4114225647 
353550.0000000000 -1132914.2572190079 6092527.6308643483 1504633.2819159550 0.1820950291 11.1654816136 0.0000000000 0.3302916231 0.8826464829 0.0000000000 0.1530666663 0.5376625474 -0.4583490692 -0.0451422707 -0.5293538661 0.2293723745 0.0000000000 -0.0000000000 -0.5439767945 0.3862770465 -0.8940476836 
353580.0000000000 -1132914.4724128912 6092527.6972923707 1504633.0104050722 0.8149683764 11.1654816136 0.0000000000 0.7612324438 0.6516678777 0.0000000000 0.3489515334 0.2115531573 -2.2071703788 -0.4965388468 0.0029926345 1.2242985742 0.0000000000 0.0000000000 -0.3640742326 1.2524135334 -1.3192131283 
353610.0000000000 -1132914.9296976612 6092530.0610882249 1504633.0507543634 0.5408453398 11.3140434823 0.0000000000 0.4586545868 0.5445489764 0.0000000000 -0.1852695809 -0.9884248988 -1.0426861268 -0.5943176071 0.2218110873 0.8783698988 1.7925751623 -0.0000000000 0.0511777836 -0.8895693810 0.1328298440 
353640.0000000000 -1132915.5679973790 6092529.3462283770 1504634.3328535862 0.8358298015 11.3140434823 0.0000000000 1.1564575674 0.7544965704 0.0000000000 0.1642443570 0.2196041041 -1.2138828707 0.0868789154 -0.5167588588 0.1566612975 0.6826334369 -0.0000000000 -0.1312527132 0.8287468371 -1.9699078321 
353670.0000000000 -1132914.2096675460 6092528.4228142416 1504633.7706745607 1.9682581851 11.3140434823 0.0000000000 0.0203586567 0.4400608910 0.0000000000 0.5930604501 1.8067558502 -0.2864427916 -1.2049874251 -0.9991094867 0.4803161148 -1.4428490693 0.0000000000 -0.3143932450 0.3102696255 0.3760275245 
353700.0000000000 -1132915.6306173035 6092527.9744754434 1504633.5757746899 0.4311058379 11.3140434823 0.0000000000 -0.5581787549 1.4150652948 0.0000000000 0.3277440462 0.8605320840 -0.6776490930 -1.0268435120 0.0353194864 0.8450471098 -0.6764776015 0.0000000000 -1.0965780945 -0.2146525016 0.6533714776 
353730.0000000000 -1132915.0478482151 6092525.9490389209 1504633.3557220325 1.5061608932 11.3140434823 0.0000000000 1.6126717721 1.0963636667 0.0000000000 -0.3932286808 -0.3915263472 -0.1675793239 -1.3388602516 0.5117944525 0.4711177462 -0.6411224964 0.0000000000 -1.0348607873 0.9080573012 -0.8168263190 
353760.0000000000 -1132915.3771439812 6092529.7635881165 1504633.4633464708 0.5431348698 11.3140434823 0.0000000000 0.4257410508 -0.6179166567 0.0000000000 0.5301608240 1.6686093008 -1.2784985267 -0.7944526099 -1.6388430377 0.9263821898 -0.6266252442 0.0000000000 1.0536894081 0.4884070877 -0.1357434391 
353790.0000000000 -1132913.9739570424 6092527.5130009344 1504632.9974812549 0.7943261250 11.3140434823 0.0000000000 -0.0172264874 1.0903574153 0.0000000000 -0.1608739656 1.6106568244 -0.3248222890 0.8488110402 -1.2232629809 0.0206622577 -1.1599254102 0.0000000000 -0.3042869731 1.2036469794 -1.7404523586 
353820.0000000000 -1132914.2305762197 6092529.5972714331 1504633.4670092247 0.9108102982 11.3140434823 0.0000000000 -0.7435857427 0.6816152009 0.0000000000 0.4454989364 1.7309242473 -1.4788663986 0.0053652024 -0.2785082337 0.7258571554 -1.7439470858 -0.0000000000 -0.3934122744 1.2805364143 -0.5007369498 
353850.0000000000 -1132914.4985520970 6092529.1868426027 1504632.6386548358 0.3940787971 11.3140434823 0.0000000000 -0.5812835942 1.9461193731 0.0000000000 0.1255538417 1.6029955873 -1.2808179693 -0.4759765331 0.1404971669 0.2173583830 -1.0033437802 0.0000000000 -0.7380697534 0.2486644802 -0.3347031219 
353880.0000000000 -1132914.3864593273 6092528.5937395534 1504633.4956815992 0.7847354581 11.3140434823 0.0000000000 0.2895752814 1.1551484172 0.0000000000 0.1886604399 -0.4623550297 -0.6567056269 -0.2329647252 -0.0209811161 -0.2238170758 2.2416041835 0.0000000000 -0.1088672518 -1.3645290266 -0.3167784539 
353910.0000000000 -1132914.6357563711 6092527.2831183216 1504633.2588450278 0.3457679660 11.3140434823 0.0000000000 0.5943399737 0.6171217345 0.0000000000 -0.0783057383 0.2373648149 -1.0303551487 -1.2461140690 -0.3844152346 0.9003828987 0.5436624274 0.0000000000 0.2570044691 -0.5785358850 0.3093564758 
353940.0000000000 -1132913.7951467698 6092526.7294293689 1504633.1135385544 0.9174077960 11.3140434823 0.0000000000 1.2804367733 0.7109797193 0.0000000000 -0.6650577204 0.1821707486 0.3634213585 -1.0954463954 -0.1709894504 -0.0037916612 -0.4931827587 0.0000000000 0.0165178891 0.0682884574 -0.3147927441 
353970.0000000000 -1132914.3140664026 6092529.4496105835 1504632.7604666732 0.1484973766 11.3140434823 0.0000000000 -0.2113332974 0.7471646568 0.0000000000 0.0110510734 0.8255522240 -1.0029299256 -0.3763104178 -0.7917536306 0.5174560215 0.6456932597 0.0000000000 0.4671784566 -0.8120233475 0.1782654440 
354000.0000000000 -1132913.9262021258 6092527.9121679384 1504632.4801204288 0.7703577720 11.3140434823 0.0000000000 -0.7179493702 0.7862154680 0.0000000000 -0.2887842018 0.8077223684 -0.2288908698 0.0315080448 0.0025168712 0.3988454965 -1.0601735748 0.0000000000 -0.3813902670 0.2206573365 0.2284773563 
354030.0000000000 -1132914.9230473000 6092530.1084028194 1504633.1426737178 0.6000656259 11.3140434823 0.0000000000 -0.0102751505 0.2797693503 0.0000000000 0.0989783673 -0.6255513361 -1.0992985539 -0.1799929252 0.6767718292 0.5000073811 0.7707740788 -0.0000000000 -0.1279045300 -0.1089595230 -0.0284195092 
354060.0000000000 -1132914.9115959120 6092527.9651290616 1504633.4283224528 0.4116754532 11.3140434823 0.0000000000 -0.0330551500 0.1760134266 0.0000000000 -0.0722201188 0.5470238838 0.4231617057 0.2198188957 -1.0343250790 0.0067016746 0.0707824775 0.0000000000 0.1736396350 -0.2695366399 -0.1649444503 
354090.0000000000 -1132913.6404674975 6092527.3910792712 1504632.8732852079 0.7156349170 11.3140434823 0.0000000000 0.9510830292 0.9445709059 0.0000000000 -0.0561118078 -0.2746365688 -1.0250778651 -0.9918789255 0.5670803997 0.7064581311 -0.1724705024 -0.0000000000 -0.6684767256 0.7167443736 -0.7377503942 
354120.0000000000 -1132913.8130443138 6092528.8590407809 1504633.4427718294 0.4724452443 11.3140434823 0.0000000000 0.1186686367 0.4133458548 0.0000000000 -0.2021203746 0.9647423226 0.9868486263 -0.1981370466 -0.9730040762 -0.3175973798 -0.7186350489 -0.0000000000 -0.0312535614 -0.1644213506 0.0032190600 
354150.0000000000 -1132914.0382370907 6092527.8790626395 1504632.7098645058 0.0156673947 11.3140434823 0.0000000000 0.3944310193 0.8413249421 0.0000000000 -0.3700515428 0.7670459126 0.2564187743 -1.4963659109 0.4447668806 0.0433861037 -1.4961340081 0.0000000000 -0.4432021039 0.1041489471 0.6504972937 
354180.0000000000 -1132913.7964501814 6092528.9561883667 1504633.7393396380 1.7465223189 11.3140434823 0.0000000000 0.8916144321 0.3796030828 0.0000000000 -0.2954993750 -0.6631323759 -0.1614502508 -1.2083382428 0.5964350990 -0.0629729704 0.8139008210 0.0000000000 0.2086220196 -0.8456410259 0.4665853179 
354210.0000000000 -1132915.1541703141 6092530.3969088225 1504634.0910624878 0.4084444906 11.3140434823 0.0000000000 -0.5900029668 0.1072266059 0.0000000000 0.3663883870 0.9903409854 -1.2858945620 -1.0279007364 0.0494683031 1.0676881886 -0.9181629383 0.0000000000 -0.0687067526 0.1194989711 1.0597251137 
354240.0000000000 -1132914.1360759726 6092528.7916482333 1504632.9112625583 0.9311245023 11.3140434823 0.0000000000 0.1669920127 0.6222138537 0.0000000000 -0.6547836376 0.5411419314 1.0426118679 -0.9922282919 -1.0998792903 0.4275762317 -0.1682564560 -0.0000000000 0.1834911206 -1.2681220685 1.1494558365 
354270.0000000000 -1132915.5823145434 6092529.1712455871 1504633.8224979546 0.1307836058 11.3140434823 0.0000000000 0.6535782810 -0.2670061748 0.0000000000 0.8422829498 0.3483720264 0.0136089211 -1.0338340281 -0.8011463858 0.1591411552 0.3089687870 0.0000000000 -0.1318858451 -0.2203004679 0.2270541731 
354300.0000000000 -1132914.8378105476 6092529.2829356166 1504633.9140722952 0.1733884119 11.3140434823 0.0000000000 1.0472509686 0.7270383840 0.0000000000 -0.0135120905 0.6131611692 0.9343854094 -1.1202890281 -0.8869429449 -0.0867861626 -0.5708195173 -0.0000000000 -0.4519627360 0.0017870757 -0.2887022973 
354330.0000000000 -1132914.7188106040 6092527.6321433391 1504633.4837289425 0.3832740957 11.3140434823 0.0000000000 -0.2695949359 0.6083702464 0.0000000000 -0.2251338823 1.3884285266 -0.5682243270 -0.3837143913 -1.1817340166 0.7949795509 -0.6769353405 -0.0000000000 0.3914185139 -0.1000715864 0.1555087723 
354360.0000000000 -1132915.8453005457 6092527.9583566450 1504633.7510938486 0.0281866549 11.3140434823 0.0000000000 1.1390772648 1.8868383945 0.0000000000 -0.1802084400 -0.7061882259 -0.6401997339 -0.5646673491 -0.5720598857 0.6216256872 1.8207682427 -0.0000000000 -0.5401441497 -0.6403534752 -1.2907668518 
354390.0000000000 -1132913.7212311216 6092528.8260298437 1504633.9463948207 1.0904804735 11.3140434823 0.0000000000 -0.0850449790 0.9865680254 0.0000000000 0.4569749350 2.3433939142 -0.3927941918 -0.8856608595 -1.3757938985 -0.3489434297 -0.6118222549 -0.0000000000 0.2949101954 -0.3645437884 -0.0110034560 
354420.0000000000 -1132914.3564523051 6092527.0841939384 1504632.6832803132 0.1087564590 11.3140434823 0.0000000000 0.2472557115 0.8884439276 0.0000000000 -0.4610545023 -0.0290461835 -0.0529207155 -0.0641325106 -0.4829883272 0.6464340483 0.0378155035 0.0000000000 -0.2390395417 0.0041787738 -0.4968431515 
354450.0000000000 -1132914.4641670871 6092531.2176199956 1504633.3760046051 0.8455361033 11.3140434823 0.0000000000 0.4589098320 0.2067306408 0.0000000000 0.6620229033 0.1408446130 0.2149904233 -0.0288026227 -0.2733831240 -0.6391326666 0.3636226985 0.0000000000 -0.4201390908 0.2227672000 -0.8106802690 
354480.0000000000 -1132913.9515446178 6092527.7914311420 1504632.9852978508 1.0267507778 11.3140434823 0.0000000000 0.7455531792 1.1022939176 0.0000000000 -0.0760432513 2.1242028041 0.1245389490 -1.3050537244 -1.9574961072 0.5156500394 -1.3764103916 -0.0000000000 0.1437752561 0.2447969396 -0.4469729285 
354510.0000000000 -1132915.1057202513 6092529.9763853382 1504633.4507636055 0.5467490775 11.3140434823 0.0000000000 1.0682260934 0.6073986627 0.0000000000 -0.1696894305 0.5923346809 0.2270209608 -1.5192973133 -0.3019570857 0.4496204530 -1.1916466913 0.0000000000 -0.3444457008 0.4935576677 -0.1163797562 
354540.0000000000 -1132914.2391955033 6092529.9681661744 1504634.0046114370 1.2633262732 11.3140434823 0.0000000000 0.3005974261 0.9077636153 0.0000000000 0.3666205619 1.4857296241 -0.1073011758 -0.9693324604 -1.0152856864 -0.4036061409 -0.0724101161 0.0000000000 0.1426361534 -0.5219108457 -0.0513433797 
354570.0000000000 -1132914.9865539232 6092529.3975681635 1504634.0306020412 0.3123889782 11.3140434823 0.0000000000 0.1524398331 0.9085410790 0.0000000000 0.0764736441 0.7468123648 0.8279595928 -0.6638959144 -0.8380543112 -0.2742575431 -0.0830390618 -0.0000000000 -0.3945998800 -0.6759810433 0.2216010557 
354600.0000000000 -1132915.1751238988 6092529.7653214848 1504634.0784804979 0.9252408289 11.3140434823 0.0000000000 -0.2320760009 0.7895210041 0.0000000000 0.3883608785 0.4664233373 -0.3580870960 1.1675023119 -1.0091474561 -0.5034810018 1.0838667611 -0.0000000000 0.0539122362 -0.0417798101 -1.5554423341 
354630.0000000000 -1132915.3369171463 6092528.8843283812 1504633.7438562056 0.4031952121 11.3140434823 0.0000000000 0.3217658185 0.1716786107 0.0000000000 -0.2526881688 0.8787026928 0.8788437634 -0.2787449465 -0.6253380603 -0.0422222223 -1.4973238175 -0.0000000000 -0.1476043162 0.6843422812 -0.3330698034 
354660.0000000000 -1132914.7105844882 6092527.3811965017 1504633.2275035428 0.4126373698 11.3140434823 0.0000000000 0.2214367354 0.0020556907 0.0000000000 -0.3872609255 -0.8364377647 1.1540342117 0.0618451345 -0.2654736432 0.3988963620 0.0764779030 -0.0000000000 -0.4177463758 -0.3173368238 0.2608949398 
354690.0000000000 -1132915.4673640840 6092528.6952844430 1504633.7856318820 0.6059914551 11.3140434823 0.0000000000 -0.5056216764 0.4809945080 0.0000000000 0.4896593684 0.9313331332 -0.5604215844 -0.0724702586 -0.3016139397 0.1188620762 -0.3369474499 -0.0000000000 -0.4032819311 0.2454970836 -0.0912512569 
354720.0000000000 -1132914.1237548550 6092527.5909979194 1504633.0906823108 0.8790840035 11.3140434823 0.0000000000 -0.0664265027 0.7419103711 0.0000000000 -0.2441544160 0.2891354100 0.3979280952 0.4231243723 -1.7528335532 0.5772665474 0.6944728508 -0.0000000000 0.2187214229 -0.7537741621 -0.3976499972 
354750.0000000000 -1132913.9211319976 6092528.5799599383 1504633.6127348568 0.7514051294 11.3140434823 0.0000000000 0.5156128907 0.3845256065 0.0000000000 0.5765778454 1.7752707782 -0.0891807971 -2.1219077792 -0.6148815032 -0.5937993853 -0.4738270247 -0.0000000000 0.3335191724 -0.8130261784 1.1147626367 
354780.0000000000 -1132913.9608486013 6092530.4739663331 1504633.0487283610 1.4965462335 11.3140434823 0.0000000000 -0.1249171343 0.3363459526 0.0000000000 0.4350018215 2.2250383713 0.8053573093 -0.6672882445 -1.5397042273 -0.7861620006 -1.0056269796 0.0000000000 0.2390182064 -0.3149377303 0.3183894060 
354810.0000000000 -1132915.8114226009 6092531.2008204823 1504634.4578962193 1.4412516189 11.3140434823 0.0000000000 -0.5604921973 0.1305162816 0.0000000000 0.4825212891 0.3966256302 -1.2132083122 0.1771245850 -1.1702052801 0.7921524331 1.2881088875 0.0000000000 0.4858375139 -0.8698613417 0.3134009045 
354840.0000000000 -1132915.8301175644 6092528.1418311298 1504633.9035386872 0.0148937023 11.3140434823 0.0000000000 0.3036139976 -0.1019277910 0.0000000000 0.2089399974 -0.9409859218 0.5745842684 -0.6189913536 -0.4154684645 0.5691122182 1.0337722546 -0.0000000000 -0.3535287934 -1.1389268591 0.9981596168 
354870.0000000000 -1132915.4094004415 6092526.5119669214 1504632.9741442245 0.5271613634 11.3140434823 0.0000000000 0.6483786250 -0.2225078050 0.0000000000 -0.7978602680 -0.9874364058 0.3432229575 -0.1563527157 1.3194660873 0.1314454397 -0.8982195705 0.0000000000 -0.1382766603 0.8773473799 -0.3235511601 
354900.0000000000 -1132915.4184093392 6092528.6870628633 1504633.1915959078 0.2407432165 11.3140434823 0.0000000000 -1.6356726575 0.3787848717 0.0000000000 0.2660404468 1.3437204927 -0.4532779068 -1.0400381965 -0.8521042880 2.3067850613 -1.5143987386 0.0000000000 -1.1550548303 -0.3832215193 2.5100084906 
354930.0000000000 -1132912.9543239153 6092528.2466751020 1504633.9588998733 1.2026382771 11.3140434823 0.0000000000 -0.7761959055 1.2474336088 0.0000000000 0.5452898968 4.0186633760 -0.4263166194 -1.9894558776 -1.5289151222 -0.3696658052 -1.9027489097 -0.0000000000 0.1689831768 -0.4987144871 1.3582918855 
354960.0000000000 -1132913.7613115353 6092528.2263959972 1504633.9382913713 1.6662374106 11.3140434823 0.0000000000 -0.6421745121 0.8879810366 0.0000000000 0.1479015046 0.4754576011 0.1232175645 -0.2566521538 -1.1428972640 0.3479019073 0.9717551960 -0.0000000000 -0.1570613236 -1.5504842571 0.9531974635 
354990.0000000000 -1132915.1206240619 6092528.5587687669 1504633.3841973853 0.2655026589 11.3140434823 0.0000000000 1.7107953155 -0.4320274239 0.0000000000 0.2987872100 -1.9961457465 -0.4543338681 -1.0859876537 1.5197978181 0.3906965565 0.4799148724 0.0000000000 -0.5906288885 0.7627687197 -0.5862736740 
355020.0000000000 -1132915.6236003330 6092526.6534440881 1504634.3789005019 0.1596444600 11.1654816136 0.0000000000 0.0000000000 -0.5061556864 0.0000000000 0.6461494922 -1.3165651821 -0.8865591079 -0.3977216251 0.9122773244 0.7400641927 1.0492068242 -0.0000000000 -0.6801243874 -0.2555094044 0.8169587859 
355050.0000000000 -1132914.7840801727 6092530.5416300120 1504634.5336548460 0.4266469678 11.3140434823 0.0000000000 -0.4241525528 0.1977842788 0.0000000000 1.1254820969 2.2726317934 -1.0150355271 -0.7291262103 -0.9507126821 -0.3781545520 -0.5172841693 0.0000000000 0.0857282597 0.2196781067 0.1502164442 
355080.0000000000 -1132914.3081415270 6092530.2459123237 1504634.1806089280 0.9825239108 11.3140434823 0.0000000000 0.0459416210 0.1930518021 0.0000000000 0.7224392592 1.5598120983 0.2605106432 -0.3085310641 -1.1046383554 -0.5374631393 -0.7021713668 0.0000000000 -0.1011323806 0.3818265468 -0.4400908051 
355110.0000000000 -1132915.2028026385 6092526.8747012904 1504633.0128047124 0.2075287564 11.3140434823 0.0000000000 0.3715133027 -0.2569810705 0.0000000000 0.2934071314 -1.9118741851 -0.0876995396 0.2023972458 0.6147694090 0.9373325885 0.8242166350 0.0000000000 -0.9419063759 0.1969908814 -0.1843807218 
355140.0000000000 -1132916.0084737276 6092529.9649965893 1504633.9935081918 0.0024192599 11.3140434823 0.0000000000 -0.1961822320 -0.8697639927 0.0000000000 1.0289507657 0.0719413164 -0.7541137340 0.3552147451 -0.2861749067 -0.2048783976 0.8223669065 -0.0000000000 0.1208069545 0.0483100211 0.0194565969 
355170.0000000000 -1132914.1695973056 6092529.3483185107 1504633.6207505763 0.3395708569 11.3140434823 0.0000000000 0.5365645371 -0.3779114847 0.0000000000 0.3611181600 0.8879357787 1.0019955052 -1.4055368046 -1.3052137156 0.0205438266 -0.4489929012 0.0000000000 0.2406708792 -0.8726711285 1.3133824095 
355200.0000000000 -1132914.3607209884 6092528.5095647322 1504632.7516467827 0.8312326902 11.3140434823 0.0000000000 0.8822250391 0.0964131028 0.0000000000 -0.0925870112 -0.2587385659 -0.0883951284 -0.2768731605 -0.5639564529 0.7486597211 -0.3139646705 0.0000000000 0.1791060946 0.5943051485 -0.9499477513 
355230.0000000000 -1132915.1193436086 6092530.1695723310 1504633.9411266067 0.4680522449 11.3140434823 0.0000000000 0.6133266780 -0.0198731727 0.0000000000 1.0061461010 -0.4470428773 -0.3883670605 -0.2215892698 -1.4607333938 1.1241963316 0.9189738139 0.0000000000 -0.3526087282 -0.0858792485 -0.5438249490 
355260.0000000000 -1132915.0219141827 6092531.4180750307 1504633.9758414901 0.7647525811 11.3140434823 0.0000000000 -0.2088948656 -0.0522277970 0.0000000000 0.8969938507 1.2059420171 -1.2363555798 -0.4472920247 -0.5611948768 0.8239744371 -0.8695679478 0.0000000000 -0.3896171298 1.0691920433 -0.2845741470 
355290.0000000000 -1132915.4155202482 6092530.9845622825 1504633.8273918224 0.4910255453 11.3140434823 0.0000000000 -0.2333811581 -0.1359085472 0.0000000000 0.8995237672 0.3650944261 -1.0606739089 -0.3371100826 -0.8385486901 1.5972055983 -0.3208093779 -0.0000000000 -0.6620552636 0.5815077787 0.1302219156 
355320.0000000000 -1132914.2938610143 6092530.6401356133 1504633.6009050587 0.5721981375 11.3140434823 0.0000000000 0.3987105069 0.0080778974 0.0000000000 1.0391356084 0.4357759271 -0.5815407856 -0.8355811410 -1.0555628861 0.5021403519 0.4812916598 -0.0000000000 -0.2010028179 -0.2244116220 0.1368668346 
355350.0000000000 -1132914.9055329503 6092530.4196136231 1504633.7330149643 1.8061361442 11.3140434823 0.0000000000 0.9089202780 -0.2049232010 0.0000000000 0.8823908465 -0.4553989075 -0.3959434001 -0.3061493168 -0.6878639357 0.1209060811 0.9744296159 -0.0000000000 0.0467113054 0.0110396076 -0.7436278355 
355380.0000000000 -1132915.1162072192 6092531.2284760457 1504634.1586293336 0.6061169060 11.3140434823 0.0000000000 0.6652995978 -0.5459530204 0.0000000000 0.7162267281 -1.5431611312 0.2283064740 -0.4422396080 -0.7115243195 0.5320587375 1.9966860433 0.0000000000 -0.1152260433 -1.5148040996 0.9548179321 
355410.0000000000 -1132913.5187690768 6092527.7353749713 1504633.2788639409 0.2472830666 11.3140434823 0.0000000000 -0.8210234914 -0.0370302528 0.0000000000 -0.1410859020 0.9810890921 0.1517763070 -0.3726272371 -0.1546475344 0.1931769488 -0.7614260677 -0.0000000000 -0.1422102283 -0.3925426875 1.4028880807 
355440.0000000000 -1132915.1985445730 6092530.6182542769 1504633.5897551712 0.3118518452 11.3140434823 0.0000000000 0.7829094221 -0.7411953280 0.0000000000 1.2768433669 0.2903042802 -0.3799456313 -0.5523825638 -0.7055303655 0.1365800630 -0.0927610374 0.0000000000 -0.2010047944 0.7391982051 -0.5180301729 
355470.0000000000 -1132914.2531188279 6092529.3766940460 1504633.3490869745 0.9936012368 11.3140434823 0.0000000000 0.0487638365 -0.5576788704 0.0000000000 0.6400397005 1.2075818784 -0.5275901265 -1.2717453734 0.4107797857 -0.1335204946 -1.1424177160 0.0000000000 -0.3045003522 0.6043637804 0.9247433873 
355500.0000000000 -1132914.6740000059 6092527.2996449070 1504633.1138314244 0.4584441687 11.3140434823 0.0000000000 0.3485750199 0.1044589522 0.0000000000 -0.1305810436 0.0138777166 0.4491132356 -0.0190750928 -0.2623506149 0.6067417811 -1.0988689979 -0.0000000000 -0.2932032363 0.8817985860 -0.7401945177 
355530.0000000000 -1132914.4289609834 6092529.0015854118 1504633.4150613982 0.6791867436 11.3140434823 0.0000000000 -0.4924877592 -0.6014512457 0.0000000000 0.7225934230 1.3039942845 0.6542891517 -0.2137855527 -0.5858833398 -0.7566525051 -0.6227611298 0.0000000000 -0.2987976960 -0.0807596081 0.9314621534 
355560.0000000000 -1132915.0234832575 6092529.4895757129 1504633.6142523147 0.8769180517 11.3140434823 0.0000000000 0.8666654124 0.1819943254 0.0000000000 0.0940696241 0.5087174070 -0.1379152305 -0.9639329875 -0.8893110543 -0.1690263267 0.3357553926 0.0000000000 0.8761628321 -0.5488401794 -0.0850528228 
355590.0000000000 -1132914.8476508546 6092529.1312865317 1504633.2786217455 0.9486843664 11.3140434823 0.0000000000 0.9757185823 0.4983202571 0.0000000000 -0.0926342158 0.0788646936 -0.1664046336 -0.6095175441 -0.8632716571 0.9737083431 -0.6198999409 0.0000000000 0.3314610706 0.5859714556 -1.1516282896 
355620.0000000000 -1132915.0420374887 6092529.7689202568 1504633.5236111290 1.4157856446 11.3140434823 0.0000000000 0.7728844500 -0.3329458377 0.0000000000 0.7019929586 -0.9831934192 0.3512157901 -0.1790807836 -0.3374385965 0.7222084696 0.0561831388 0.0000000000 -0.7073180244 0.4114173405 -0.4829303801 
355650.0000000000 -1132913.0262253559 6092527.7591649527 1504633.1711571394 1.9995082267 11.3140434823 0.0000000000 0.5324551762 -0.4521686176 0.0000000000 0.5550815092 0.4678188634 0.0844513288 -0.9448671887 -0.4435621417 -0.3527074132 0.1066279318 -0.0000000000 0.2109043351 -0.3852302331 0.6568469234 
355680.0000000000 -1132915.7567511497 6092529.3466863818 1504633.4135514877 0.2561064422 11.3140434823 0.0000000000 0.8570923783 -0.2644668612 0.0000000000 0.8893501940 -1.0945142076 -0.6275681864 0.0949785907 0.8056241008 -0.8009077461 1.3131959224 0.0000000000 -0.2830496128 0.4445956068 -1.1699150655 
355710.0000000000 -1132915.4968277749 6092531.2504173983 1504633.5424615650 0.9945730475 11.3140434823 0.0000000000 0.9410777778 -0.1132522984 0.0000000000 1.1365980195 -0.5516751607 0.1554844095 -0.0771524476 -0.7420391335 -0.8213668324 1.5228744229 0.0000000000 -0.0078154094 -0.4037124782 -0.8417658035 
355740.0000000000 -1132914.8736018066 6092529.9944559336 1504632.9964448696 0.8562578669 11.3140434823 0.0000000000 0.5306374553 -0.6422977752 0.0000000000 0.1229707259 -1.6944511791 0.4782959595 0.6330005003 0.6724914054 0.2692851975 0.2202217139 -0.0000000000 -0.4968581413 0.5290064694 -0.6368490971 
355770.0000000000 -1132914.9626413404 6092528.9892672915 1504633.5000663088 0.8213003914 11.3140434823 0.0000000000 -0.2845421023 -0.2689245547 0.0000000000 0.7300271246 -0.4010408818 -0.3613477910 0.5325629585 0.2457492120 -0.0706428919 0.5476453382 0.0000000000 -0.6976841248 0.3149141893 -0.2222704031 
355800.0000000000 -1132914.7971247924 6092529.3689065231 1504633.8770022970 1.2640037584 11.3140434823 0.0000000000 0.0560965397 0.6652424411 0.0000000000 0.9802697914 -0.9663988626 -1.2345455383 -0.2383271246 0.5946288064 -0.1478733405 2.0812914884 0.0000000000 -0.9065869462 -0.5796326729 -0.0759821513 
355830.0000000000 -1132914.5686300672 6092527.5744949281 1504632.7691137351 0.2016292419 11.3140434823 0.0000000000 -1.5032904785 -0.1648320733 0.0000000000 -0.5095409399 -0.8230699982 0.2618016329 1.3405146501 0.7868136432 0.2765654120 0.4797190289 0.0000000000 -0.7467844865 -0.6016014979 1.1954807070 
355860.0000000000 -1132915.4489215270 6092528.3977623098 1504633.0982670411 0.4148359696 11.3140434823 0.0000000000 0.1556897361 0.3003501299 0.0000000000 -0.0751820975 0.7312496960 -0.4135043280 -0.8672358014 0.1334987906 1.1751509011 -1.8367127165 -0.0000000000 -0.4354482337 1.2302899658 -0.2758138738 
355890.0000000000 -1132915.0894421295 6092528.6943847705 1504633.3713875108 0.6128799010 11.3140434823 0.0000000000 0.2059230578 -0.2018910106 0.0000000000 0.2779819384 0.4708134847 -0.7649393157 -0.7247272123 0.0683559613 1.0734775019 -1.1850660154 -0.0000000000 -0.2787824877 1.0143793211 -0.0589239639 
355920.0000000000 -1132914.0899669908 6092527.7639788445 1504632.3311007684 0.2307033145 11.3140434823 0.0000000000 -0.3585843473 -0.5114896734 0.0000000000 0.2421813488 -0.5924024971 -0.8471916751 -0.2631200638 0.2359293802 1.0178883394 0.5992927876 -0.0000000000 -0.3674133625 -0.5883290886 1.4713803660 
355950.0000000000 -1132913.9197802781 6092528.2208623188 1504632.6958411110 0.4576303797 11.3140434823 0.0000000000 0.7309483316 -0.7601484972 0.0000000000 0.3013253291 -1.2663797636 -0.2690804974 -0.1517618161 0.3393260889 1.4833614876 -0.6143924900 -0.0000000000 -0.4512186357 0.9224602217 -0.3455921568 
355980.0000000000 -1132913.6747887190 6092526.3675123500 1504632.5130505750 0.2726713059 11.3140434823 0.0000000000 0.0569798488 -0.0041123213 0.0000000000 -0.0619131203 -0.0120155235 -0.2248988534 -1.2621858080 0.6590675157 0.2732500382 -0.0167127349 0.0000000000 -0.4401387873 -0.6494171671 1.6647434781 
356010.0000000000 -1132914.7026655977 6092530.9022500152 1504633.6422438547 0.0533532627 11.3140434823 0.0000000000 0.2827464878 0.0219477556 0.0000000000 1.1528398981 0.0361769458 -1.6938581154 -0.6518525499 0.6273791891 -0.8183083807 1.6442360378 0.0000000000 -0.2896347120 -0.0691030179 -0.0408463520 
356040.0000000000 -1132913.7431492349 6092528.0501604900 1504633.3600377825 1.1295122142 11.3140434823 0.0000000000 0.2725701444 -0.2163098024 0.0000000000 0.2885175464 -0.0778333628 -1.5593433412 -0.2865372808 0.8579508664 -0.8534261745 1.3790753173 -0.0000000000 0.5521477580 -0.0778348274 -0.1195918379 
356070.0000000000 -1132914.8488405896 6092529.3892957196 1504633.1868302817 0.5500690545 11.3140434823 0.0000000000 1.2771914767 -0.1908282347 0.0000000000 0.7262996186 0.0656650280 -1.0586866344 -1.1019947860 -0.1832538036 -0.2561128197 0.6330051133 -0.0000000000 0.6636824414 0.2094360176 -0.6777338734 
356100.0000000000 -1132914.3113591871 6092529.6866859011 1504634.3599706045 0.6181238191 11.3140434823 0.0000000000 1.3473576358 1.4635424317 0.0000000000 1.0401537791 -0.2273471922 -1.0473680855 -1.4125445863 -0.2006371980 -0.1861124185 1.1726154618 -0.0000000000 -0.2918119371 0.0690877132 -1.5705862222 
356130.0000000000 -1132914.2879034185 6092528.4219977269 1504632.7877622601 0.5750029319 11.1654816136 0.0000000000 -0.1880775464 0.2319765230 0.0000000000 0.6471271462 0.6262342590 -0.8932420728 -0.3596996481 0.0179154647 0.0976656964 0.0000000000 0.0000000000 -0.4705727613 0.4670912606 -0.1483859707 
356160.0000000000 -1132915.1400927415 6092530.0847530151 1504634.3733189309 0.2969790029 11.3140434823 0.0000000000 0.3811051736 -0.0220509362 0.0000000000 1.2158151688 -0.1359985424 -2.1497862650 -0.5048272823 0.9400414018 -0.9683208157 1.9288197936 -0.0000000000 -0.2376664257 0.2585198409 -0.4854585224 
356190.0000000000 -1132915.0909901047 6092529.3088947646 1504633.8544300124 0.0513728901 11.3140434823 0.0000000000 -0.4650306160 -0.0180877967 0.0000000000 0.7406605483 0.5723802493 -0.5473353863 0.2994778455 0.2046459046 -1.6810359217 1.4908926874 -0.0000000000 -0.2137907678 -0.3598196243 0.1354870729 
356220.0000000000 -1132914.7474281765 6092528.7697819667 1504633.7250841979 0.1156403634 11.3140434823 0.0000000000 0.5778254757 0.2651949794 0.0000000000 0.6002101083 -0.7794178213 -0.8349227193 -0.6840130589 0.3638128420 -0.0943313475 1.3951472035 0.0000000000 -0.3000976696 -0.5174290159 0.1361111214 
356250.0000000000 -1132913.4010799876 6092529.6594224507 1504632.3973453082 0.0946481511 11.3140434823 0.0000000000 0.7495162651 0.0160405937 0.0000000000 0.5233528994 -0.0657034464 0.1341872135 -0.3422011377 -0.2605025132 -0.1148500608 -0.1952232021 0.0000000000 -0.0227742094 0.5005394571 -0.9160554459 
356280.0000000000 -1132913.5338920925 6092529.6083084149 1504632.6487523157 0.4198175579 11.3140434823 0.0000000000 1.4753463180 0.2761202826 0.0000000000 0.7137812412 -1.3254340274 -1.4151235500 -1.0410461592 0.1226025672 0.4368521595 1.6171168778 0.0000000000 0.3330622647 -0.3183768675 -0.7156404095 
356310.0000000000 -1132914.4211944761 6092530.4543107906 1504632.7853162368 0.2654414776 11.3140434823 0.0000000000 0.4997596724 -0.1816839618 0.0000000000 0.4944936117 -0.2410575870 0.1061920875 -0.2958394874 -0.1116608533 -0.1336943519 0.1678204181 0.0000000000 -0.1730547601 0.0573127438 -0.1640687798 
356340.0000000000 -1132914.7176754384 6092527.6221058499 1504633.0356579944 0.3113739479 11.3140434823 0.0000000000 -0.7589115258 0.7331985384 0.0000000000 -0.0049840260 0.5393716779 -0.3706836633 -0.2575929129 0.3424275572 0.2878592810 -0.2219598847 0.0000000000 -0.8525692742 0.0368799010 0.5021982496 
356370.0000000000 -1132914.7704813767 6092529.0346699441 1504633.9338701677 1.1908226795 11.3140434823 0.0000000000 -0.2315506850 -0.2850557230 0.0000000000 0.6286805810 -0.0913257142 -1.0059049512 0.2271278057 -0.5106478157 0.7544056838 0.5388602375 -0.0000000000 -0.1166329908 0.0036136232 0.1415723532 
356400.0000000000 -1132914.2538787453 6092528.6651199982 1504633.2615534195 0.8716231969 11.3140434823 0.0000000000 0.4585957363 -0.2617461902 0.0000000000 0.2371814621 -0.7517824142 -0.6109296043 -0.0842660053 0.1234944220 0.2528158426 0.7408083770 0.0000000000 0.2016183611 -0.1501519058 -0.0939884753 
356430.0000000000 -1132914.2794056509 6092528.9576872829 1504633.4907326233 0.8451368697 11.3140434823 0.0000000000 -0.9751815764 0.7397544710 0.0000000000 -0.3792234537 0.1001129510 0.0242582571 0.5416166203 -0.1448522079 0.0505657062 0.5802679419 -0.0000000000 -0.3041085284 -0.7353479549 0.5214308811 
356460.0000000000 -1132914.5797282371 6092529.2361804601 1504632.9801349537 1.7110059351 11.3140434823 0.0000000000 0.3824201493 0.9215588040 0.0000000000 0.4580558764 -1.4354723409 -0.3219332903 -0.4141255060 0.1034698324 0.5651774544 1.4330510197 0.0000000000 -0.8072015248 -0.9164983737 0.1252616984 
356490.0000000000 -1132914.7255512669 6092531.4975736141 1504633.4057027297 1.4055564497 11.3140434823 0.0000000000 0.5728907818 0.0129193767 0.0000000000 0.9861833419 0.2259686713 -0.8454268976 -0.6805509619 -0.5522140437 -0.4378019998 1.1085512054 -0.0000000000 0.1112000227 -0.2852835810 -0.0971699730 
356520.0000000000 -1132914.0454496706 6092529.1760046361 1504633.3946352145 0.3332657309 11.3140434823 0.0000000000 -0.0658674571 0.9581233693 0.0000000000 0.4959021203 -0.1265530500 -0.7646257405 -0.4864333624 -0.3140676202 -0.5086307536 1.9898321058 0.0000000000 -0.2742019380 -1.2482968954 0.4957294568 
356550.0000000000 -1132914.7671881835 6092527.6374648493 1504632.7681823443 0.4079621596 11.3140434823 0.0000000000 -0.5408220371 1.4691022300 0.0000000000 0.0366782135 1.7297610597 0.7671848697 -0.6572917940 -1.2694055840 0.2134509786 -1.2075139969 0.0000000000 -0.3809307692 -0.0828625205 -0.1528059838 
356580.0000000000 -1132915.9260969965 6092529.3954354217 1504634.0795971144 0.2734295126 11.3140434823 0.0000000000 -0.8539867968 1.5254278389 0.0000000000 0.1231015927 0.4268844502 -1.1907958038 -0.8508198236 0.3547587541 0.4082182994 0.9345718935 -0.0000000000 -1.1157676835 -0.7400550919 1.0339017337 
356610.0000000000 -1132914.2380378442 6092527.1478896700 1504632.8246797759 0.3419626811 11.3140434823 0.0000000000 -0.6344481435 1.9631170539 0.0000000000 -0.0867836513 0.9229125760 -0.1058746440 -1.0181102610 -0.6320901697 1.3725525046 -0.9322137827 -0.0000000000 -0.8992441111 -0.2343108849 0.2153277798 
356640.0000000000 -1132913.6902037491 6092528.1902050460 1504632.7785150432 1.4822566613 11.3140434823 0.0000000000 -0.0785985407 2.3602974650 0.0000000000 -0.4893566539 0.0613501455 -0.3085528456 -1.0740704843 0.0460355291 0.6277392585 0.2253067652 0.0000000000 -0.3575975842 -0.6396064490 -0.3644504480 
356670.0000000000 -1132914.2701082018 6092528.1189482911 1504632.2298809583 0.4454669797 11.3140434823 0.0000000000 1.0166879731 1.4248014543 0.0000000000 -0.3912141657 -0.0397559290 0.0640863468 -2.0885657858 0.2020416502 0.6630619826 -0.5418274471 0.0000000000 0.0406019423 -0.4879887921 0.1144016251 
356700.0000000000 -1132914.8288678364 6092528.7213747818 1504632.2945141329 0.1269064406 11.3140434823 0.0000000000 -0.7172054591 2.3874735662 0.0000000000 0.3965518034 0.1096249053 -2.3168580912 -0.2126974967 0.2739870820 -0.7027336391 3.0007088689 0.0000000000 -0.4563702266 -0.7557125406 -0.8021861572 
356730.0000000000 -1132914.2796534605 6092527.3019173387 1504632.5628746499 0.9239815892 11.3140434823 0.0000000000 -1.3835978456 2.8595069637 0.0000000000 -1.1591039550 0.0272121471 -1.5395541739 0.3408872033 -0.5136326006 1.5508200641 1.1299224460 0.0000000000 0.3718438996 -1.0602132034 -0.5820841863 
356760.0000000000 -1132914.9197436878 6092528.3288270850 1504632.7760236473 0.0727054491 11.3140434823 0.0000000000 -0.4599252259 2.9592851613 0.0000000000 0.3213319374 -0.6378644577 -1.1685988065 -0.5945521395 0.0472948514 0.4855899965 1.9722974896 -0.0000000000 -1.1783190265 -0.9958200525 -0.6364048176 
356790.0000000000 -1132915.1798420751 6092528.7630109154 1504632.8758062948 0.4507850486 11.3140434823 0.0000000000 0.4094192334 2.0771037143 0.0000000000 -0.0657021304 -1.2159031869 -0.7312264105 -0.9442743545 0.3356294069 1.7873847796 0.1032926391 0.0000000000 -0.6309014235 -0.1829943068 -0.9349899777 
356820.0000000000 -1132914.2741703894 6092528.2813347559 1504632.6905595153 0.6325442680 11.3140434823 0.0000000000 -0.3391802173 3.2011331201 0.0000000000 -1.1922700216 0.9133907964 1.1320981883 -0.8568181770 -0.4026177026 -0.5484430204 -0.2116885407 -0.0000000000 0.2089731071 -0.8905872044 -1.0439086434 
356850.0000000000 -1132914.0141629304 6092528.1944711544 1504631.6073525297 0.7327823965 11.3140434823 0.0000000000 -0.4139705356 3.3568697053 0.0000000000 -0.2816132048 0.6650552291 -0.6413242186 -1.3945078617 -0.2227880991 0.6338913050 0.3099921873 0.0000000000 -0.6041459607 -0.5766251403 -0.8120624587 
356880.0000000000 -1132915.8016618227 6092530.6232271949 1504632.7987409492 0.3306330495 11.3140434823 0.0000000000 -0.4118197246 3.4929097873 0.0000000000 0.0629240797 1.0400093503 -1.2787928294 -1.3852680626 -0.0630473775 0.2433696945 0.5104038093 -0.0000000000 -0.5773793392 0.0662565920 -1.6533424689 
356910.0000000000 -1132915.4722487528 6092528.4698071172 1504632.4526090873 0.2508268845 11.3140434823 0.0000000000 -0.3841943778 4.0219520575 0.0000000000 -0.4116654915 -1.4321212537 0.0814057905 -0.9399069936 0.2092865661 1.8646474624 0.5422484078 -0.0000000000 -1.5839399892 -1.2210745003 -0.7482053267 
356940.0000000000 -1132916.2202080316 6092530.0476843324 1504633.1315780724 0.1625032936 11.3140434823 0.0000000000 -0.6698070849 4.5885370388 0.0000000000 -0.2779691170 1.1410448008 -0.1937758132 -1.4650555821 0.2570735604 -1.0279194056 1.0092975275 -0.0000000000 -1.0795949134 -0.4720801385 -1.7625221030 
356970.0000000000 -1132916.4702111245 6092528.8789972458 1504632.5585977116 0.1284550815 11.3140434823 0.0000000000 -0.8221248564 4.0094976025 0.0000000000 -0.0228776993 0.0808408703 -0.9906473324 -0.8430637541 0.3133192436 -0.2928075032 1.9564809122 -0.0000000000 -1.2542387239 -0.8159670923 -1.2298855536 
357000.0000000000 -1132916.0517238420 6092530.3104495956 1504633.1716439966 0.0103523509 11.3140434823 0.0000000000 -0.6907148258 4.8893560427 0.0000000000 -0.2089840163 -0.1442133996 -0.2749998470 -0.9568919421 -0.1963462568 -0.0092521026 1.7285893779 -0.0000000000 -1.1311715186 -1.2381400902 -1.6966405180 
357030.0000000000 -1132912.2059406529 6092514.7411312722 1504629.4755361415 2.5549768695 11.3140434823 0.0000000000 3.0442027702 2.4577497339 0.0000000000 11.9996079108 -0.2699726997 -0.9657308885 -3.2928429869 -5.5412434692 -0.9691419669 4.0436166366 -0.0000000000 -7.5853944682 0.5650432851 -3.0620129221 
357060.0000000000 -1132911.8548965042 6092513.0282141613 1504630.5425511072 3.3025287987 11.3140434823 0.0000000000 1.7334610748 2.7860686335 0.0000000000 11.2715356346 -0.5937138511 -1.8890702272 -2.1866762746 -5.7534904188 0.5859548014 4.2848319118 -0.0000000000 -7.4676041254 0.1171358784 -2.4931416147 
357090.0000000000 -1132911.4118989676 6092514.2397373263 1504629.9757982811 3.2858403116 11.3140434823 0.0000000000 2.0531726233 3.4212959551 0.0000000000 10.9433293908 -0.5937057479 -1.3911650887 -2.6101861312 -5.0104840564 0.4332005838 3.3332974516 -0.0000000000 -7.5174307779 0.8050358517 -3.5191265189 
357120.0000000000 -1132911.9203305254 6092511.0958088208 1504630.6481850839 4.3097310394 11.3140434823 0.0000000000 2.8090100257 2.8354640460 0.0000000000 11.0779179684 -0.2744535051 0.2542176899 -3.0088390932 -5.8269648404 -0.5731695068 2.8972948761 0.0000000000 -7.0508739365 0.1688398212 -2.9764284439 
357150.0000000000 -1132910.6238745677 6092513.6514628045 1504630.2095552867 6.3659303027 11.3140434823 0.0000000000 2.5057425489 2.5794787767 0.0000000000 11.4173579191 1.4167316505 -0.4092424063 -3.3755316252 -6.5810219045 0.9718099310 0.3763246972 -0.0000000000 -6.6262143001 1.7256942550 -3.7588260428 
357180.0000000000 -1132910.4037770783 6092510.7610369725 1504629.5826986057 4.5152854580 11.3140434823 0.0000000000 2.3010267911 3.0089579871 0.0000000000 11.3252942063 0.2836805471 -1.3825455703 -3.6387716688 -5.3790331243 1.7621473408 1.1389622569 0.0000000000 -7.6027104505 1.4440226546 -2.9970561941 
357210.0000000000 -1132911.6146346855 6092514.2561472161 1504630.2501742400 4.2173114582 11.3140434823 0.0000000000 2.2320870575 3.6342317022 0.0000000000 11.4177701243 0.3205411371 -2.0290862143 -3.2963543956 -4.9631386201 -0.2506626332 3.2934304053 -0.0000000000 -7.3943737608 1.3605195441 -3.9755115581 
357240.0000000000 -1132911.6231087011 6092513.6312153116 1504629.9183802702 5.8667229292 11.3140434823 0.0000000000 2.3223379669 3.3457176032 0.0000000000 11.3798206879 -0.9715305249 -1.1535462526 -2.4748254386 -5.5879600507 0.4961092437 3.3830249510 0.0000000000 -7.3089694273 0.4446344944 -3.5344606117 
357270.0000000000 -1132911.5062012183 6092513.4426686401 1504630.9444865412 3.4079059696 11.3140434823 0.0000000000 0.9207542618 4.1190501392 0.0000000000 11.2069879244 1.1468504829 -2.0112408588 -2.6522843610 -5.8630483782 -0.0517741171 3.5287118776 -0.0000000000 -7.6316123502 0.6828170187 -3.0829103512 
357300.0000000000 -1132912.2863735019 6092512.4044033745 1504630.3026237488 6.8186036856 11.3140434823 0.0000000000 1.2183392547 4.5922263762 0.0000000000 11.6406749032 -0.5396506187 -2.1073537268 -2.0216065542 -5.5737837511 -0.1846153112 4.9273724493 0.0000000000 -8.0443715323 0.3242719524 -3.8666665465 
357330.0000000000 -1132912.1185680437 6092514.3865463901 1504630.6648590178 3.9023740246 11.3140434823 0.0000000000 1.3088039693 4.4363166127 0.0000000000 11.2994885161 -1.0785934771 -3.2128445367 -2.1537847116 -5.7378786427 0.4259621182 6.0043744189 -0.0000000000 -7.4014305798 -0.5788744868 -2.9021637167 
357360.0000000000 -1132910.5358916570 6092512.1159168296 1504629.2861172722 4.2302719018 11.3140434823 0.0000000000 1.2276444684 5.3167938382 0.0000000000 11.9131434529 0.8219515087 -1.8858846697 -3.2757931238 -6.4086355669 -0.3729381181 4.4240713545 -0.0000000000 -8.1221187142 -0.0773269777 -3.2197657646 
357390.0000000000 -1132911.8090135918 6092513.2097802348 1504630.4533424890 4.7385037467 11.3140434823 0.0000000000 1.4373330573 5.1662459209 0.0000000000 11.3763171996 0.4357895179 -0.6911958318 -2.9475665791 -6.3506534504 -0.3816200535 3.5659476028 0.0000000000 -7.6797790201 -0.1751325753 -3.4597190432 
357420.0000000000 -1132909.0571228210 6092511.5598621303 1504628.5733570685 4.6727119398 11.3140434823 0.0000000000 2.7984377083 5.2556428461 0.0000000000 11.5079639912 0.0680315818 -0.8733145366 -4.4571302736 -6.2927952328 0.6068711938 2.4897842590 -0.0000000000 -6.9539311125 -0.1218158077 -3.7131356728 
357450.0000000000 -1132910.8858731703 6092512.5490617892 1504629.4605883292 4.4951513936 11.3140434823 0.0000000000 1.4910097425 6.0702477227 0.0000000000 11.7749274293 0.1355277978 -0.7492503596 -3.1831987384 -6.6537693036 -0.5175038950 4.2567855706 0.0000000000 -7.9777939309 -0.6496597205 -3.6840934035 
357480.0000000000 -1132910.7290467974 6092512.6191008091 1504628.2875456330 5.0828415666 11.3140434823 0.0000000000 2.3369932012 5.7848751570 0.0000000000 11.2489127150 -0.4078230818 1.5301353516 -4.2299517857 -6.8010103360 2.8716260065 -0.7575960506 0.0000000000 -7.7390512459 -0.4991292883 -3.1478401990 
357510.0000000000 -1132910.3019867404 6092513.0496451966 1504628.7540023103 5.4369643381 11.3140434823 0.0000000000 2.2557738168 5.6304439743 0.0000000000 11.6982607029 0.2212113377 0.9749990443 -4.0698168852 -6.5388329012 0.7389378171 0.9321136808 -0.0000000000 -7.8996854494 -0.1462864915 -3.5700484497 
357540.0000000000 -1132911.6296660798 6092513.8546840856 1504629.9852077647 6.1786188945 11.3140434823 0.0000000000 2.3712180762 6.3354060502 0.0000000000 11.1500144324 0.0985762393 -0.1356566465 -4.4447217493 -6.1105705899 -0.0613805143 2.6569000689 0.0000000000 -7.2126328615 -0.5932919371 -3.7766704989 
357570.0000000000 -1132910.8374857337 6092513.0787216974 1504628.8177214607 4.5973282826 11.3140434823 0.0000000000 1.8519999872 6.7729728901 0.0000000000 11.4459570157 -1.7144868923 -0.2634160775 -3.1648190252 -6.4166992329 1.4955473107 3.1881241028 -0.0000000000 -7.8194148734 -1.3028593861 -3.7838735963 
357600.0000000000 -1132911.0550467547 6092511.9892100720 1504628.7815335374 5.3996017959 11.3140434823 0.0000000000 1.2200668266 7.0437340667 0.0000000000 11.2307326751 0.1400772738 -1.7876594238 -3.5081774236 -6.2509516704 0.1693191732 4.1325236565 -0.0000000000 -7.3101143617 -0.4850934235 -4.3079882676 
357630.0000000000 -1132912.0849818448 6092513.7807447230 1504629.9211085711 4.3693853931 11.3140434823 0.0000000000 2.2006548817 7.3679806263 0.0000000000 11.8748574654 -1.5624001455 -1.1373746856 -3.8095516901 -6.4143595313 0.9533935914 4.0666849445 0.0000000000 -7.6117681148 -1.2352724260 -4.3659353720 
357660.0000000000 -1132912.1761639104 6092514.1322299344 1504629.6592831772 4.4522322319 11.3140434823 0.0000000000 2.0017900515 7.4918965191 0.0000000000 12.0297959162 -1.2909434746 -2.7984594376 -3.8854475593 -5.6549130676 0.3172082449 5.2935174663 0.0000000000 -7.6536935557 -0.4281540988 -5.0721168628 
357690.0000000000 -1132912.6992587969 6092516.5244063782 1504630.2259574160 5.0833691900 11.3140434823 0.0000000000 1.5224275299 7.8581534052 0.0000000000 12.3097401676 -0.6095006703 -1.8260700959 -4.0934183086 -6.0261879683 0.9281892875 3.6883252488 0.0000000000 -8.4077375773 -0.2918137856 -4.7609391584 
357720.0000000000 -1132912.5779923741 6092513.3781029619 1504629.5503195890 3.0051697859 11.3140434823 0.0000000000 0.6413560989 7.7776521697 0.0000000000 11.1625829338 -0.9078231933 -1.0066230263 -2.5496343480 -5.4014861150 0.5745922699 3.3964898475 0.0000000000 -8.0208006603 0.0176628913 -5.4633336652 
357750.0000000000 -1132911.4074303764 6092512.3090820722 1504628.4327385197 3.2687562329 11.3140434823 0.0000000000 1.7118534075 8.8745300902 0.0000000000 11.3046691404 -0.1319184462 0.7386985795 -4.5464981431 -6.2082243421 1.2833415256 0.7060222987 0.0000000000 -7.3989244241 -0.3564845598 -5.7691898196 
357780.0000000000 -1132911.7059521328 6092511.4579430781 1504627.7568873158 3.1271931757 11.3140434823 0.0000000000 0.5722352049 8.9329825500 0.0000000000 11.4655417732 0.8833802742 0.0433308441 -4.1524886793 -5.5677416519 0.3954432441 1.3020561051 -0.0000000000 -8.4913653849 0.5731824238 -5.8001358905 
357810.0000000000 -1132911.0029409430 6092512.9727282617 1504628.0415786777 4.7678343666 11.3140434823 0.0000000000 0.1429868838 8.6833785817 0.0000000000 11.8685407727 1.6396294857 -0.5439568600 -3.8861365068 -6.3015208139 0.9363525978 0.8536982673 0.0000000000 -8.2028942358 0.9521635945 -5.9948094713 
357840.0000000000 -1132911.4331453436 6092514.1023779102 1504628.7638374309 7.2814922457 11.3140434823 0.0000000000 1.5796616277 9.2362200419 0.0000000000 12.2457448259 -0.3890232872 -0.1198695903 -4.2696580295 -6.4585539989 1.1848627059 1.5192738248 0.0000000000 -7.6057867644 -0.1122614375 -6.5803085543 
357870.0000000000 -1132911.2697315407 6092513.3498609820 1504628.8009641713 6.1042466170 11.3140434823 0.0000000000 2.1567106425 10.2032281028 0.0000000000 11.2753830287 -1.7716597071 1.6167703964 -5.0401386886 -5.9730997796 2.2921956076 0.2382769629 -0.0000000000 -7.5525152510 -1.5859672041 -5.6223493596 
357900.0000000000 -1132911.0138661561 6092513.7695786646 1504628.7362765907 3.6281485064 11.3140434823 0.0000000000 1.3938203337 9.6206524983 0.0000000000 11.7246296807 -0.5761877337 -0.9654496516 -4.7091761436 -6.3276820737 1.3328285167 2.6416688741 -0.0000000000 -7.5035541039 -1.0450844794 -5.3392160027 
357930.0000000000 -1132910.0953959718 6092511.2693500342 1504628.9922888770 8.7554633915 11.3140434823 0.0000000000 -0.5012745710 10.8613463251 0.0000000000 10.6979933682 0.2854432032 -1.2729225666 -3.7562428391 -7.1716584410 2.0103882215 2.9987297674 0.0000000000 -7.2391477136 -1.7415659429 -4.9918196022 
357960.0000000000 -1132912.1978462979 6092514.2316505779 1504629.3556523726 3.4575053617 11.3140434823 0.0000000000 0.6089335182 10.1288139187 0.0000000000 11.3850125516 -0.7677856608 -0.1815997316 -4.1007839272 -5.5048607859 1.0299883453 2.2836659750 0.0000000000 -8.3215146441 -0.7292387995 -5.6505451410 
357990.0000000000 -1132911.4549897769 6092513.0510303713 1504628.5776473964 7.2434366071 11.3140434823 0.0000000000 0.3571793350 10.5113410273 0.0000000000 11.6973458957 0.0641930285 -0.7881262175 -4.6035670115 -6.5752294980 2.0362193623 1.7372798083 -0.0000000000 -7.9006532570 -1.0423883773 -5.2973951885 
358020.0000000000 -1132911.8013154175 6092513.3722354071 1504628.1608372338 5.5372742270 11.3140434823 0.0000000000 -0.6771035171 11.0943751545 0.0000000000 11.5670554648 -0.8926734169 -0.3401042612 -3.0986650169 -6.9003966771 3.1189608837 1.6009902757 0.0000000000 -8.2547131342 -1.5359519160 -5.5100050589 
358050.0000000000 -1132911.5251747156 6092512.8615675354 1504627.8234630586 4.6980398001 11.3140434823 0.0000000000 0.1574711571 11.0343477431 0.0000000000 11.6573775227 -1.3177577525 -2.2985869122 -4.3726628000 -5.5633176524 4.4213582942 1.0291895417 0.0000000000 -7.6994928024 -0.5072657729 -6.2823430756 
358080.0000000000 -1132911.4205839101 6092514.0808448065 1504628.5599883171 3.4823108124 11.3140434823 0.0000000000 0.5167737587 10.8478511790 0.0000000000 12.2186989705 -0.5264581135 -1.0689409053 -4.6328064453 -6.1419209324 2.0125732826 1.8713464675 0.0000000000 -8.1042338862 -0.7328028521 -6.0524955510 
358110.0000000000 -1132913.1000303563 6092515.9405878587 1504629.1077033575 4.4250341591 11.3140434823 0.0000000000 1.2686049882 10.8629255009 0.0000000000 12.6068717291 -0.9201480139 -0.3169401111 -4.7144053235 -7.0909221174 0.7827203875 3.0146853179 0.0000000000 -7.7153930433 -1.8014620791 -5.7551927725 
358140.0000000000 -1132912.0783933373 6092515.7005871516 1504628.3402054650 6.5943976792 11.3140434823 0.0000000000 1.5770566514 11.8751690924 0.0000000000 12.2612155266 -0.8783554511 -0.3420335449 -6.1324178482 -6.2104256351 1.2720900465 2.2106416022 0.0000000000 -7.8466621214 -1.7971573495 -5.7490080751 
358170.0000000000 -1132912.4747295417 6092516.7107456457 1504629.0546886844 6.2090354425 11.3140434823 0.0000000000 1.3726856602 11.4822935709 0.0000000000 12.1327554666 -1.6934194908 0.9791254561 -4.6098437740 -6.3420099605 0.7098593341 2.1332692745 -0.0000000000 -7.6626182302 -1.9278099309 -6.3755625888 
358200.0000000000 -1132910.6982074790 6092515.4972931445 1504632.0137519671 3.9721014527 11.3140434823 0.0000000000 4.5219617338 -1.7003986337 0.0000000000 13.5605097732 -1.6063859192 -0.6942105454 -0.8918432928 -6.4860470343 -0.9070895816 1.2747307376 -0.0000000000 -5.1298777634 1.0568565741 -2.6897073493 
358230.0000000000 -1132910.9146470134 6092517.5103526758 1504631.6654948771 4.2084600171 11.3140434823 0.0000000000 5.7455486171 -1.8933763125 0.0000000000 14.2827552978 -1.1687553172 -1.6776430699 -2.9696335776 -6.1455336182 -0.2729981611 0.4058299180 -0.0000000000 -5.0848316661 1.3613691975 -2.1807095810 
358260.0000000000 -1132911.1363486969 6092515.1046494069 1504631.1017526330 3.1240870134 11.3140434823 0.0000000000 3.9091982306 -1.5898229869 0.0000000000 13.5181836554 -0.4384009352 -1.8813889578 -1.6626660480 -5.7594042604 0.1425435213 0.0385149509 0.0000000000 -5.5122998865 2.1001871356 -2.5586532385 
358290.0000000000 -1132912.0984641348 6092516.5372993518 1504631.4318706132 4.1207386228 11.3140434823 0.0000000000 4.3664564810 -1.0602723018 0.0000000000 13.3588292296 -1.2276981960 -0.9106958755 -2.0761244564 -5.5010782365 0.6404431904 -0.7950109442 0.0000000000 -5.5800871032 1.3788665823 -2.2487309049 
358320.0000000000 -1132911.6557425305 6092515.1648775898 1504631.6990754504 3.1680067340 11.3140434823 0.0000000000 3.2056951733 -0.4212176669 0.0000000000 13.3163944880 -1.7734256156 -0.8372372494 -0.3114968439 -5.8291621743 0.4601667780 0.1929134299 0.0000000000 -5.8120134016 1.3748076698 -3.2859782679 
358350.0000000000 -1132909.8237123645 6092514.7130305106 1504632.3073131016 3.1786084915 11.3140434823 0.0000000000 2.8507742374 -1.2003716859 0.0000000000 13.3376319777 -1.3356316853 -1.7984852073 -0.4039069430 -6.0474520454 1.9843751815 -0.5876653703 0.0000000000 -5.9504868360 1.2362033615 -1.7527372381 
358380.0000000000 -1132910.4211150242 6092512.8740716903 1504631.4029840606 2.1847787284 11.3140434823 0.0000000000 2.2705456813 -1.2863312864 0.0000000000 12.9672390363 0.0700774959 -2.7127956034 -0.9947893079 -6.0397015233 2.0020410061 -0.5487697390 -0.0000000000 -6.0312174944 1.5532271281 -0.9476886097 
358410.0000000000 -1132911.5811778996 6092517.3241592571 1504632.1260757353 4.3119286179 11.3140434823 0.0000000000 3.4309394171 0.2395521267 0.0000000000 13.6869566973 -2.5643049900 -2.4963798662 -0.8309656126 -6.1097898137 1.5121341086 1.3565981588 -0.0000000000 -5.8058275445 0.4742091679 -2.5186703239 
358440.0000000000 -1132911.7474952459 6092518.3810272971 1504632.9052509381 4.0537189095 11.3140434823 0.0000000000 4.1033388515 -1.5046307501 0.0000000000 13.5293944152 -1.2261139660 -0.9075551582 -1.1001563979 -6.2556832155 0.6712971436 -0.8633719703 -0.0000000000 -5.0410117559 0.9920322866 -2.0474946980 
358470.0000000000 -1132910.8401691739 6092517.3904990368 1504631.9655164720 2.7542184456 11.3140434823 0.0000000000 4.4580638812 -1.1045346180 0.0000000000 13.7489713345 -1.3090242670 -0.1461598463 -1.4962487041 -5.6071503545 -0.5402759293 -0.7753893521 -0.0000000000 -5.5569346890 1.3727269648 -2.7415302419 
358500.0000000000 -1132912.1799230140 6092516.8680076273 1504632.6930685956 3.2026831013 11.3140434823 0.0000000000 2.2641900724 -1.0706539102 0.0000000000 13.3313315864 -0.6908170334 -0.1844368968 0.4281774159 -6.0828261621 0.3016106625 -0.9680492491 0.0000000000 -6.3308529977 1.4932053713 -2.2856081912 
358530.0000000000 -1132910.9262456591 6092517.2075597756 1504632.1686945318 4.5762930974 11.3140434823 0.0000000000 4.3296060850 -1.3677335970 0.0000000000 14.3074039652 -0.6009160761 -2.1333900549 -1.6901314464 -6.8801461764 0.1169387041 0.2109776594 -0.0000000000 -4.9923681899 1.0602241605 -2.0078977422 
358560.0000000000 -1132910.9482679067 6092515.9536369890 1504631.6523169002 5.7629250585 11.3140434823 0.0000000000 4.6143519155 -1.2086265134 0.0000000000 14.3151432747 -1.4914260972 -1.3305428778 -1.4256595660 -6.4903184850 -0.1708406712 0.1792946747 0.0000000000 -5.2817439443 0.7516461473 -2.1075545686 
358590.0000000000 -1132911.1859085415 6092515.7774829622 1504633.0759735066 6.0075963172 11.3140434823 0.0000000000 2.7901119838 -0.7481221057 0.0000000000 13.4319266047 -1.1872495689 -0.2611676607 -0.2742661475 -6.3753589861 1.9640922408 -2.2792184840 0.0000000000 -5.8053980818 0.3853980910 -1.2835144128 
358620.0000000000 -1132912.1561323826 6092518.9657696076 1504632.1776498011 2.3055425547 11.3140434823 0.0000000000 5.6571689906 -1.3095465255 0.0000000000 15.1100248875 -2.4424901835 -2.6585634258 -2.3282090689 -5.6086673870 -0.1159998649 0.9883317211 0.0000000000 -5.7628542891 1.0527747253 -2.1401578224 
358650.0000000000 -1132911.1499002504 6092517.0323416600 1504632.9664405896 3.3456592989 11.3140434823 0.0000000000 3.3405811253 -0.0330474062 0.0000000000 13.9549096375 -0.8614288635 -1.9873094765 -1.2298305239 -6.6566816235 1.0138065302 -0.3941990951 0.0000000000 -5.1220485817 0.7519931084 -2.4258118130 
358680.0000000000 -1132910.5359156225 6092517.2872521086 1504631.8360187567 2.8382479551 11.3140434823 0.0000000000 5.0084951670 -1.2431919297 0.0000000000 14.3710370574 -1.1127165094 -0.4187189757 -1.7175330817 -6.2649212297 -1.5550425405 -0.1034862698 0.0000000000 -5.2600314431 0.8928037973 -2.3162001558 
358710.0000000000 -1132910.0965950591 6092515.5783661921 1504631.4426515710 3.5009739986 11.3140434823 0.0000000000 4.1617684600 -1.5836669745 0.0000000000 14.1257625362 -0.2364725701 -2.1261688275 -1.2642690877 -7.5264100319 -0.1504192428 0.2134936746 -0.0000000000 -4.4036260655 0.5113268233 -1.3908847636 
358740.0000000000 -1132910.9088327107 6092515.3155830670 1504632.2183855290 2.4800031370 11.3140434823 0.0000000000 3.4929937759 -0.8101492544 0.0000000000 13.8173986184 -0.9983127331 -0.8154168093 -0.5910298866 -6.6116982151 -0.5406999219 0.0927410452 0.0000000000 -5.6781090552 0.4332518475 -1.5445531926 
358770.0000000000 -1132912.3277549807 6092515.8023345219 1504633.2845355012 2.8692152911 11.3140434823 0.0000000000 1.6300639208 -0.5965255480 0.0000000000 13.1729462246 0.0650262826 -1.0927532675 0.2882172179 -6.1190588947 1.0467827609 -1.7165579515 -0.0000000000 -5.7701241826 1.4294097948 -2.1091570269 
358800.0000000000 -1132914.7834178733 6092529.9113756735 1504633.7287578101 0.4282834139 11.3140434823 0.0000000000 0.1478345056 0.0359178586 0.0000000000 0.2362111770 0.4808717761 1.6162136671 0.1285214091 -1.2422519191 -1.9511537032 0.9186081346 -0.0000000000 -0.5447753983 -0.9607423795 0.9785257549 
358830.0000000000 -1132914.8879919387 6092529.3293374125 1504633.3421750108 0.1516849849 11.3140434823 0.0000000000 0.9006220589 -0.7416457121 0.0000000000 0.0467102125 -0.0186594592 2.0936169041 -0.1931134280 -0.3969382819 -1.1626201594 -0.7397950717 0.0000000000 -0.2375086489 -0.9172630437 1.3348802277 
358860.0000000000 -1132915.7273445397 6092529.6487494055 1504633.7895270332 0.0372941589 11.3140434823 0.0000000000 0.0044570304 1.8683226871 0.0000000000 -0.4789732223 0.1134162362 2.4997528837 -0.8225115395 -0.6234869180 -0.9933333453 -0.3082777420 0.0000000000 -0.4259820827 -1.7406916492 0.8189242232 
358890.0000000000 -1132914.7303639504 6092530.3120075623 1504633.8787744283 0.1317799072 11.3140434823 0.0000000000 0.6032404125 0.1516867312 0.0000000000 -0.3283961648 -0.7282603611 0.1097373121 -0.2484900101 -0.5122139433 -0.1509840574 1.0317896302 -0.0000000000 0.1746257658 -1.3604447994 1.2975912689 
358920.0000000000 -1132916.3004093245 6092529.8425027281 1504633.9796420622 0.0091340638 11.3140434823 0.0000000000 -0.9622426360 0.5200225999 0.0000000000 -0.5728310592 0.1760059330 1.3974002905 0.9321452110 -0.0972170417 -0.8435687735 0.1305877800 0.0000000000 -0.4924591400 -0.1537640531 -0.1980750394 
358950.0000000000 -1132916.4183092189 6092528.9816582948 1504633.8271491511 0.0026131219 11.3140434823 0.0000000000 -1.5094680035 0.1818736131 0.0000000000 -0.8656537576 1.1212977041 -0.3240374081 0.6550792617 -0.0867503982 -1.0687770965 1.6478274309 0.0000000000 -0.8260623648 0.5069054076 0.3234163452 
358980.0000000000 -1132914.5058637680 6092527.7451668987 1504634.4387647265 0.2870480610 11.3140434823 0.0000000000 -1.7099241763 0.7057354920 0.0000000000 -0.0755869107 -0.1568619461 -1.0502579583 1.1913635316 -1.0640457081 2.3930642156 0.1639442734 0.0000000000 -0.5354850329 -1.0266467172 1.2760003888 
359010.0000000000 -1132914.3451654851 6092531.1745282216 1504633.9789396583 0.1972361236 11.3140434823 0.0000000000 0.1260522567 0.2924536975 0.0000000000 1.1991327704 -0.0902202915 -1.4629092222 -0.4079463830 -0.7793091482 1.5616091243 -0.1861643858 -0.0000000000 0.0285428117 -0.2407604045 0.1420489618 
359040.0000000000 -1132912.2524603659 6092528.2295654416 1504631.8470558817 0.7548621756 11.3140434823 0.0000000000 0.5043937703 0.5978950061 0.0000000000 0.7770383588 0.9869600017 -1.6441135482 -1.2528629600 -1.8183477704 -0.1724004491 1.4841919770 0.0000000000 0.8986148302 -0.5485801981 0.2054544582 
359070.0000000000 -1132914.4097924137 6092531.3558498295 1504633.8789512624 0.7700722959 11.3140434823 0.0000000000 -0.1783562288 -0.2666669076 0.0000000000 0.3704258226 0.5538293708 -1.4132262888 -0.3062276313 -0.6044871535 1.6189959777 -0.5458277144 0.0000000000 0.3890699612 -0.0964497760 0.6513823275 
359100.0000000000 -1132914.7985601418 6092529.2831633324 1504633.3018601041 0.1761216290 11.3140434823 0.0000000000 1.0689520223 -1.2225482183 0.0000000000 0.7546662631 -0.7035018123 -0.8935828043 -0.0726248533 -0.1619136497 0.9675011016 -0.3807727475 0.0000000000 0.3268549248 -0.2322747519 0.7653012407 
359130.0000000000 -1132914.4600171715 6092528.1614090623 1504633.7540665607 0.5562152522 11.3140434823 0.0000000000 0.4120026463 -0.2804819634 0.0000000000 -0.2188102898 -0.4533204647 2.0534622022 0.5942862163 -0.5893815381 -1.1700979347 -0.0909783777 0.0000000000 -0.1913680409 -1.1398974093 0.9765124510 
359160.0000000000 -1132913.8274726074 6092526.5586817022 1504632.1920406912 0.2115437590 11.3140434823 0.0000000000 0.3633710923 -1.0455653586 0.0000000000 -0.3579654944 0.7952654707 0.5022668092 -0.0943747897 -0.2309859681 -2.6845848989 1.8920534286 -0.0000000000 -0.7161164889 0.3222526578 0.9325267276 
359190.0000000000 -1132914.9678185610 6092529.9142074734 1504633.6875166600 0.3211820292 11.3140434823 0.0000000000 1.0430294741 -0.5155230265 0.0000000000 -0.0386304850 -0.8599658542 0.9074681228 -0.2305941321 0.4102757237 -1.2024237303 0.6327368657 -0.0000000000 -0.6964552350 -0.5303333136 1.0229639741 
359220.0000000000 -1132915.1451798158 6092529.7244480588 1504634.1154911555 0.3416434710 11.3140434823 0.0000000000 -0.5216702531 0.7706620057 0.0000000000 -0.5584382861 -0.2940565490 1.2239501977 0.5836816160 -0.5057921918 -0.4550066700 0.4169635126 0.0000000000 -0.2856269415 -1.0127219496 0.5323089430 
359250.0000000000 -1132915.9612209471 6092529.3642581161 1504634.4510313161 0.3691738032 11.3140434823 0.0000000000 -0.3448171790 0.1087361922 0.0000000000 -0.5005897552 -0.2725988150 0.5763293984 0.3417287499 0.1912569114 -1.0133486551 1.2872789634 -0.0000000000 -1.2154659886 -0.3141907449 0.9765251836 
359280.0000000000 -1132915.2062981834 6092529.4009946799 1504633.9299232257 0.2585363461 11.3140434823 0.0000000000 0.3711035267 -0.5903770264 0.0000000000 0.6322528333 -0.2256914604 1.1045794160 0.4516332510 -0.2963076267 -1.2419821736 0.2150987473 -0.0000000000 -0.9427186890 -0.1550327947 0.5356962124 
359310.0000000000 -1132914.1941981360 6092528.7678829320 1504633.3643287227 0.8745681152 11.3140434823 0.0000000000 0.7060820845 0.1379380890 0.0000000000 -0.1973762442 -0.7413921085 -2.2297216035 -1.0341072446 0.1324282758 1.2120807777 1.4753582619 -0.0000000000 0.1516850785 -0.6170790294 1.2442979492 
359340.0000000000 -1132914.6302027348 6092527.8287369274 1504633.0991792998 0.1315468621 11.3140434823 0.0000000000 0.5494432688 -0.9307402511 0.0000000000 -0.0316236520 -0.0114815443 0.4764281629 0.3905189161 -0.4251138572 -1.3965151951 0.8400310086 0.0000000000 0.0581449177 -0.0278605578 0.3448043945 
359370.0000000000 -1132915.0295161409 6092528.3654780425 1504632.5835914575 0.2964226331 11.3140434823 0.0000000000 -0.5109948330 -0.4120689899 0.0000000000 -0.1839030822 1.0897153876 -0.4393366933 -0.2168470289 -0.0415013990 -0.7898799440 0.8891354107 0.0000000000 -0.8535060846 0.6502518486 0.6270272542 
359400.0000000000 -1132915.0689162659 6092529.4009580025 1504633.0549189309 1.4869462645 11.3140434823 0.0000000000 0.4982612365 -0.6368013257 0.0000000000 -0.5919053390 0.1322582218 -2.0727809026 -0.8667814926 0.2779400209 0.6754531418 1.1786930039 0.0000000000 0.4357487778 0.1586997960 0.9569181923 
359430.0000000000 -1132914.7771170069 6092528.2953013387 1504632.4689206404 0.2094894267 11.1654816136 0.0000000000 1.0743303980 -0.5576012827 0.0000000000 0.4873396818 -0.4705041019 -1.3086484947 -0.8608350061 0.3212385587 0.0000000000 0.9408701816 0.0000000000 -0.2864175952 0.1517872158 0.6080117834 
359460.0000000000 -1132914.8947855774 6092530.0252013095 1504632.7205987396 0.8240646630 11.1654816136 0.0000000000 1.2314222542 -0.5608046799 0.0000000000 0.6431745081 -0.7308582053 -1.4397727452 -0.5430875058 -0.1767916027 0.0000000000 1.2205598772 -0.0000000000 0.2565574495 -0.0630604737 0.2777055238 
359490.0000000000 -1132914.3202063660 6092528.2486104676 1504633.3040996478 0.2906305579 11.1654816136 0.0000000000 0.0242549027 0.3670308495 0.0000000000 0.3571323563 -1.3695538895 -0.8296936317 0.7083171889 -0.2834071292 0.0000000000 1.9302466910 0.0000000000 -0.5009667323 -0.3398491357 -0.0767731142 
359520.0000000000 -1132915.4403543621 6092531.0934887649 1504633.9225032001 0.5507198109 11.1654816136 0.0000000000 1.5642185031 0.0949353407 0.0000000000 0.0492997192 -1.9018561750 -0.4617947068 -0.6906053416 0.9812779312 0.0000000000 0.8347888796 -0.0000000000 0.0482773592 -0.4707405949 0.1229805924 
359550.0000000000 -1132914.3427819542 6092528.2685353560 1504633.4029817656 0.3419107754 11.1654816136 0.0000000000 0.1430922482 -0.6287673241 0.0000000000 0.1427872444 -0.6792855846 0.2902591157 0.8571776727 -0.4489271743 0.0000000000 0.4132059774 0.0000000000 -0.6470248064 -0.7161238425 1.2928323056 
359580.0000000000 -1132914.6702362290 6092530.8415348278 1504633.4351842289 0.9036043484 11.1654816136 0.0000000000 0.8376373864 -0.3056813059 0.0000000000 0.1113011727 -1.2586307115 0.2262006886 0.0852670172 0.5061856528 0.0000000000 0.1693688742 -0.0000000000 -0.4164508338 -0.4965835554 0.6426253016 
359610.0000000000 -1132915.2013318804 6092530.8235967187 1504635.0088779915 0.6401000596 11.1654816136 0.0000000000 -0.2426046725 0.4979846447 0.0000000000 -0.1322093859 -0.5398818110 1.3610508286 0.3969109276 0.2159283702 0.0000000000 -0.6743130691 0.0000000000 -0.7076288706 -0.7182708091 0.5369739246 
359640.0000000000 -1132915.1806406220 6092529.8901050705 1504634.2667573825 0.3656245573 11.1654816136 0.0000000000 -0.3484698357 0.1783814336 0.0000000000 -0.4053443803 -0.2636016938 -0.3674023529 0.2960955353 -0.0219052731 0.0000000000 1.0019640990 0.0000000000 -0.2636524637 -0.0711360703 0.2154726469 
359670.0000000000 -1132915.0976114208 6092530.1958964719 1504634.3691422658 0.7496219243 11.1654816136 0.0000000000 -0.7610257696 0.5451858534 0.0000000000 -0.7682131149 1.1381245236 -0.5093289939 -0.9883405958 0.6566731658 0.0000000000 0.2845239468 -0.0000000000 -0.4260402113 0.7173682662 0.0119546405 
359700.0000000000 -1132913.9335787373 6092528.9944629101 1504633.7265530548 0.3451772297 11.1654816136 0.0000000000 -1.1571324844 -0.3233270513 0.0000000000 -0.1355246546 0.4762735931 0.7488950221 1.0631560999 -0.2465000744 0.0000000000 -0.2321799444 0.0000000000 -1.2913324487 -0.0447512970 1.0130162063 
359730.0000000000 -1132914.0430850096 6092528.2530187313 1504632.8712050056 0.5942812733 11.1654816136 0.0000000000 0.9839191434 0.0977372301 0.0000000000 0.2742612146 -1.7783354054 -0.2773460959 0.4209577729 -0.5824734198 0.0000000000 1.4215859743 -0.0000000000 -0.0929041772 -1.2958961732 0.9402198993 
359760.0000000000 -1132913.8917190852 6092527.9172145603 1504633.0093272959 0.3960808475 11.1654816136 0.0000000000 -0.0442180090 0.1563278781 0.0000000000 0.7559335998 0.2468859113 -0.8959652125 -0.0308141181 -1.2609920759 0.0000000000 1.1025893661 -0.0000000000 -0.2781370767 -0.3600915551 0.5788772320 
359790.0000000000 -1132914.6752583301 6092528.4345025904 1504633.1650050830 0.0018902668 11.1654816136 0.0000000000 -0.1798243036 0.7883026511 0.0000000000 0.3795703435 -0.1801663375 0.0559712657 0.0694866371 -0.9736840379 0.0000000000 0.6536316333 0.0000000000 -0.3622418850 -0.8844956742 0.6059076227 
359820.0000000000 -1132914.5879195151 6092528.8181882594 1504633.5244699270 0.0104574528 11.3140434823 0.0000000000 0.2300486139 -0.7021130331 0.0000000000 -0.3137888916 -0.0237946142 -1.7924163028 -0.3831767869 0.4381627099 0.0000000000 1.7268561487 -0.0000000000 -0.2740945661 0.8616386449 0.2242739209 
359850.0000000000 -1132914.2238083824 6092528.1471778378 1504633.6720211583 0.3714698042 11.3140434823 0.0000000000 -0.8854053639 -0.4441578244 0.0000000000 -0.6716001196 1.2742692611 0.3794355026 0.3394487507 -0.5698267196 0.0000000000 -0.2906676542 0.0000000000 -0.2280055166 -0.0910725597 1.0814740106 
359880.0000000000 -1132913.9184063543 6092528.1306640459 1504632.4198629395 0.0058816478 11.3140434823 0.0000000000 0.6279604772 -0.9431478873 0.0000000000 0.4064733445 1.6574748975 -1.5722618555 -1.5910847313 -0.2622535681 0.0000000000 0.0499702467 0.0000000000 0.2077415889 0.7813998088 0.6889959381 
359910.0000000000 -1132915.0481809687 6092527.4591270285 1504633.3608223249 0.4482160717 11.3140434823 0.0000000000 -1.1925808029 0.1412331237 0.0000000000 -0.5104914441 0.5497026245 -0.6842008670 0.1614577554 0.2289821997 0.0000000000 1.2907510324 -0.0000000000 -1.2740900117 0.6920471154 0.4187709884 
359940.0000000000 -1132914.8669044499 6092530.6359720742 1504634.5607431929 0.3163209820 11.3140434823 0.0000000000 -0.3424011100 1.4978492956 0.0000000000 -0.9132375623 -0.6823949674 1.4959810895 -0.0131149749 0.0047976213 0.0000000000 -0.0832657388 0.0000000000 -0.3365578118 -1.5083031088 0.8682526965 
359970.0000000000 -1132914.2327267188 6092530.1989121204 1504632.9973086850 0.5985253723 11.3140434823 0.0000000000 1.2204472493 -0.2124820470 0.0000000000 -0.5783789557 0.3709863645 -1.2095431841 -1.9732774836 0.3642626413 0.0000000000 0.7956577642 -0.0000000000 0.1644165173 -0.1812558526 1.3819605797 
360000.0000000000 -1132914.9483997903 6092530.6196213011 1504633.9279868582 0.0359354687 11.3140434823 0.0000000000 0.8034069301 -0.1935087162 0.0000000000 0.5339986018 -0.1714113589 0.6111639855 -0.2467133848 -0.3004435710 0.0000000000 -0.9817499180 -0.0000000000 0.0223324531 -0.8215125580 0.8726414072 
