time x y z T0 thrd C21 C24 C25 C26 C33 C34 C38 C39 C40 C42 C43 C59 C60 C23 C41 
345600.0000000000 -1132915.5389847388 6092527.0247167125 1504632.9110144807 0.4603055215 11.3140434823 1.2373739655 0.4348383054 0.6952237794 0.0000000000 -0.8646419941 -0.1893624119 -0.3539379540 0.3593680789 0.0533730815 0.9468616269 0.2027459666 -1.8285914180 -0.6901834040 0.0000000000 0.0000000000 
345630.0000000000 -1132915.8158068168 6092528.5569477100 1504633.9446547099 0.1760308837 11.3140434823 0.9842935315 0.0902284717 0.2610389227 -0.0000000000 -0.5137915766 0.1569182991 0.0127181011 -0.1328251671 -0.3108668405 0.8915047299 0.2443366992 -1.3535034435 -0.2972818208 0.0000000000 0.0000000000 
345660.0000000000 -1132916.3589208322 6092529.4667902710 1504632.9755060966 0.0107511155 11.3140434823 0.6138855935 0.2409090070 -0.8115042170 -0.0000000000 -1.0937449509 0.5563404873 0.5222364775 0.2764841398 -0.9786075712 0.8731263364 1.9075861867 -0.8619489415 -0.9061387506 0.0000000000 0.0000000000 
345690.0000000000 -1132914.5062141132 6092527.6204180140 1504633.2555302030 0.5144201182 11.1654816136 0.6697518587 1.0316953706 -1.3916396032 0.0000000000 -0.1922194350 0.0000000000 -0.0740700186 0.2053757188 1.3854035224 0.1879275035 0.4170027383 -2.1529184785 0.1285223706 0.0000000000 0.0000000000 
345720.0000000000 -1132914.2097268982 6092526.3234939529 1504634.7078211673 0.3329754557 11.3140434823 0.4273220203 0.7163800384 -0.3843587403 0.0000000000 -0.9681715979 2.9487998233 -0.5303418820 1.2607508708 -0.9863597356 0.9847971974 -0.6428610327 -1.7192403918 -0.9012307282 0.0000000000 0.0000000000 
345750.0000000000 -1132914.5348933488 6092528.1581832729 1504632.9716647388 0.2329967640 11.3140434823 -0.2740171027 0.9716250781 0.4033508633 -0.0000000000 1.1148478324 2.2016512431 0.0441511998 -0.3003154857 0.2170305468 0.0192760035 -2.9092699490 -1.2353340617 -0.4476581999 0.0000000000 0.0000000000 
345780.0000000000 -1132914.6363120237 6092528.6254633730 1504632.7259251061 0.0000892227 11.1654816136 0.7053242192 0.7234579751 0.8804955008 -0.0000000000 -0.0483114271 -1.8471471458 -0.2467652525 0.3191958071 2.0758815486 0.0000000000 -0.5053112832 -1.8650985638 -0.3760654762 0.0000000000 0.0000000000 
345810.0000000000 -1132914.2505300823 6092527.5268653855 1504633.8463150254 0.2921160527 11.3140434823 -0.4757506889 0.5439256499 1.7476193227 -0.0000000000 0.0189106985 0.0839282092 0.1578894863 0.6893766007 0.8262802812 0.4016549143 -1.6717025845 -1.0129746186 -1.5516252078 0.0000000000 0.0000000000 
345840.0000000000 -1132914.6156570436 6092529.0582093541 1504632.9831615859 0.0119177918 11.3140434823 -0.5019240410 1.0271332181 -0.7055318872 -0.0000000000 -0.3122640809 2.1198013057 0.1467088722 1.2572209179 0.6764837306 0.4405953052 -1.0393868892 -1.9424402476 -0.9857316956 0.0000000000 0.0000000000 
345870.0000000000 -1132915.0914310880 6092531.0129732816 1504632.3730986682 0.0435972711 11.3140434823 0.9122124458 0.7529380433 -0.2922166965 0.0000000000 0.4358948305 0.8411435106 0.8160499024 0.4072671715 0.9193942864 -0.2794758041 -1.2864711404 -2.9147222930 -0.3425969271 0.0000000000 0.0000000000 
345900.0000000000 -1132915.1055490738 6092528.6234009024 1504633.6385445024 0.0995285656 11.3140434823 -0.1130452748 0.6116887503 -0.4874032518 -0.0000000000 -0.5772280917 0.4916362676 -0.0770563881 0.7855859207 0.6557486659 0.4970628992 0.1723158117 -1.2099320812 -0.5816554351 0.0000000000 0.0000000000 
345930.0000000000 -1132915.1781248180 6092529.0460063387 1504633.4370395702 0.0080473031 11.3140434823 -0.2189354994 0.7666852375 -0.1346216025 -0.0000000000 -0.1945849280 1.6759181084 0.0867820445 0.9369609051 0.1287951114 0.1674208601 -0.9742451895 -1.2811188755 -0.8824984280 0.0000000000 0.0000000000 
345960.0000000000 -1132914.4436014798 6092528.0671218187 1504633.4175507212 0.0669412435 11.3140434823 0.6445740804 0.8481351627 0.4533466987 0.0000000000 0.0769950416 -0.8555912207 -0.2995681742 -0.3963040218 1.2290174105 0.5050306951 -0.4295140259 -1.5458029853 -0.3401356967 0.0000000000 0.0000000000 
345990.0000000000 -1132914.4319318396 6092527.7753976434 1504633.0859397459 0.0210772452 11.1654816136 1.4268755578 0.3396134471 0.2832713157 0.0000000000 -0.0329684973 0.0000000000 0.7366202047 -0.0842463632 -0.4885526764 -0.0851761605 0.1494820348 -1.6580092165 -0.5887479949 0.0000000000 0.0000000000 
346020.0000000000 -1132914.7219018759 6092528.7726291297 1504632.7735136256 0.0000201570 11.1654816136 0.5592787259 0.7047013581 -0.1154886899 0.0000000000 0.6168461638 1.7069163487 0.3517256631 -0.0767364458 0.1330881375 0.0000000000 -1.7787458049 -1.9817239255 -0.1948228136 0.0000000000 0.0000000000 
346050.0000000000 -1132915.0348284706 6092529.3501078673 1504633.2269935249 0.1856525425 11.3140434823 0.1513130427 0.6762215738 0.0534092977 0.0000000000 0.2719714415 1.3300452353 0.3971286157 0.2348994536 0.6262735768 0.4398807136 -1.5205060105 -2.1095506262 -0.5957109622 0.0000000000 0.0000000000 
346080.0000000000 -1132914.6395409878 6092527.1247313758 1504631.9334802965 0.0257056625 11.3140434823 1.3130489522 0.9243397465 0.1965267465 0.0000000000 -0.6421518064 0.0974066014 -0.0345407968 0.5793453290 0.5687118622 0.6523899545 -0.0576285330 -2.7173798171 -0.8247988024 0.0000000000 0.0000000000 
346110.0000000000 -1132915.1164881680 6092527.8892364409 1504632.8827596956 0.0484646819 11.3140434823 -0.3289616063 0.8362538871 -0.1175654746 -0.0000000000 -0.1270581200 -0.5380201290 0.4130814298 0.0288355437 1.5338113529 0.7710573826 0.0714080146 -1.5378695953 -0.9387464501 0.0000000000 0.0000000000 
346140.0000000000 -1132914.7871556613 6092527.9903830728 1504632.8376571268 0.0155673813 11.3140434823 1.4869151543 0.5856817235 0.7161975304 0.0000000000 0.2053907416 1.4777868402 -0.0932958413 -0.4011053474 -0.8211923504 0.5418887557 -1.4494190405 -1.9923206592 -0.3899758501 0.0000000000 0.0000000000 
346170.0000000000 -1132915.9579130078 6092528.0586532708 1504632.8826146808 0.0023179447 11.3140434823 0.2273603781 0.2961121102 -0.5486042634 0.0000000000 -0.0004793191 3.3030801697 0.8568769283 0.4499779427 -1.8265197707 0.2114347315 -0.8737046893 -1.1410627168 -0.7358946359 0.0000000000 0.0000000000 
346200.0000000000 -1132914.8811747250 6092529.4404929839 1504632.8566874289 0.0300074853 11.3140434823 1.2802733265 0.1845113133 -0.0649155192 -0.0000000000 -0.1059272970 1.4092226588 0.6729390350 0.1995029348 -1.0651107322 0.1604219070 -0.3593649154 -1.8281161963 -0.4055197443 0.0000000000 0.0000000000 
346230.0000000000 -1132915.6692029682 6092530.3626334919 1504632.5951202339 0.0000772199 11.3140434823 1.3897546243 1.0983204464 -0.7199486112 0.0000000000 -0.3719136647 0.7183624199 -0.0437374909 -0.5584787485 -0.9877168192 0.5680011796 0.9910401960 -1.3461400121 -0.4566782648 0.0000000000 0.0000000000 
346260.0000000000 -1132916.5682809076 6092526.8065131195 1504632.4028499150 0.3905092760 11.0041300577 0.0000000000 0.7270886756 0.5528072943 -0.0000000000 -1.0066469277 0.0000000000 0.5756613690 1.1279570987 0.0769538535 0.5984492518 0.7326141282 -1.2218832595 -1.9906182569 0.0000000000 0.0000000000 
346290.0000000000 -1132916.7468934613 6092529.8596785301 1504633.0005027908 0.1860696629 11.3140434823 0.2767205178 1.5841256407 -1.6223507156 0.0000000000 -0.7262057734 1.6964871793 -0.1822858622 0.0428472729 -1.1077632785 0.5146612437 1.4721444615 -0.5969403074 -0.7916432839 0.0000000000 0.0000000000 
346320.0000000000 -1132914.9205058753 6092527.5520118931 1504632.6020441880 0.0082140269 11.3140434823 0.6766050121 1.6307797913 -0.5272024600 0.0000000000 -0.0876509829 0.7500416594 -0.0309743976 -0.1895384254 -0.0996500504 0.0821820820 0.1984149871 -1.3328824406 -0.8834833269 0.0000000000 0.0000000000 
346350.0000000000 -1132915.2820452424 6092526.3106627585 1504633.3939346815 0.1418290659 11.3140434823 0.5486597577 1.9472039180 0.4347178850 -0.0000000000 -1.1307757772 0.4966258006 0.4318377075 0.7753559318 -1.0156089338 0.3241378212 1.4135643803 -1.0170208823 -2.8608965540 0.0000000000 0.0000000000 
346380.0000000000 -1132914.9983552056 6092524.8604131173 1504632.2178281592 0.0935086171 11.0041300577 0.0000000000 1.6460743982 1.3568633570 0.0000000000 0.1303562867 0.0000000000 -0.5948379586 0.4395655110 1.4369610212 -0.1299732329 -1.7843349043 -1.3513495236 -1.4549115076 0.0000000000 0.0000000000 
346410.0000000000 -1132915.1842570729 6092528.2116914252 1504632.7583006578 0.1030801811 11.3140434823 0.9569056619 2.0643287371 -0.4075304589 0.0000000000 -0.3281258247 -0.0736488468 0.0554941015 -0.4293883278 -0.2962220744 0.0890057867 1.2263301838 -1.1245803421 -1.4552711494 0.0000000000 0.0000000000 
346440.0000000000 -1132915.5244226246 6092526.6468850588 1504631.9689390508 0.0072186435 11.3140434823 0.8239546454 2.1039731617 -0.1986278178 0.0000000000 0.4040951153 1.7117417190 -0.1719771024 -0.8427381415 -0.9183648305 -0.0801104205 -0.6006781629 -1.0202598168 -1.0960307204 0.0000000000 0.0000000000 
346470.0000000000 -1132915.6177989084 6092525.0513928980 1504632.8004439243 0.4418512872 11.1654816136 1.1555237830 1.9620768532 -1.2273366645 0.0000000000 -1.3519070818 -1.0268122745 0.0000000000 -0.4455908319 -0.6667215163 1.0342367154 3.7182411616 -0.9403704274 -1.5241397900 0.0000000000 0.0000000000 
346500.0000000000 -1132915.6688011778 6092527.9642921444 1504632.6967145447 0.0103621429 11.3140434823 1.1551272562 2.0790182186 0.2003895540 0.0000000000 -0.0370337896 0.2465720224 -1.0499016318 -1.0825428157 -0.6001848301 0.2723769686 0.2592006360 -0.4969329365 -0.8674667589 0.0000000000 0.0000000000 
346530.0000000000 -1132914.9281192177 6092526.1242987942 1504632.5039781637 0.0000385911 11.3140434823 -0.2653416374 2.7514398125 0.1372795517 -0.0000000000 -0.3869591409 1.0616954039 -0.2591799543 -0.5551209721 -0.7986209315 0.5608572667 0.7495951091 -0.0510962822 -2.6059458478 0.0000000000 0.0000000000 
346560.0000000000 -1132915.9130918307 6092527.6085679298 1504632.6703733860 0.0286042170 11.3140434823 1.0745637098 3.3612963735 -0.3577579011 -0.0000000000 -0.7555617130 -0.1500951989 -0.6767906821 -0.0242077561 0.5483283060 0.1753277473 1.1323911467 -1.9537235434 -2.0527515124 0.0000000000 0.0000000000 
346590.0000000000 -1132915.6759951320 6092526.1593522662 1504632.3540015181 0.0811782463 11.3140434823 -0.6241074404 3.3186071736 -0.7461524385 0.0000000000 -0.1483617716 0.5352300771 -1.0169998162 -0.2145990443 0.6830998582 -0.5469891414 0.4557530770 0.1744015804 -1.5844965926 0.0000000000 0.0000000000 
346620.0000000000 -1132915.7729371567 6092526.3258491149 1504633.2981100052 0.0691084528 11.3140434823 -0.3439233071 4.1266872717 -1.6812668606 0.0000000000 -0.8966091200 2.7804113912 -0.7484125565 0.5199943388 -0.1107722032 0.2846638663 0.6219418551 -1.5897925874 -2.2609809678 0.0000000000 0.0000000000 
346650.0000000000 -1132915.5718156148 6092525.4706751881 1504632.4117274338 0.0283893877 11.3140434823 1.4779037211 3.5242775554 0.3220048526 0.0000000000 -0.4262968282 0.3497953865 -0.7516051506 -0.4193757723 -0.7242030690 -0.4913654017 0.7052219673 -1.0585490888 -2.2908735311 0.0000000000 0.0000000000 
346680.0000000000 -1132915.4165008361 6092527.4075280568 1504632.4401878640 0.0060002233 11.3140434823 1.8385922516 4.3727581588 -1.6022136968 -0.0000000000 -0.5853775488 0.4369065920 -0.7281061617 -1.1328792283 -1.0921511766 -0.2966528677 2.5504104145 -1.2477666977 -1.8097093983 0.0000000000 0.0000000000 
346710.0000000000 -1132915.5797920099 6092526.9354229281 1504633.0101019621 0.3979869517 11.3140434823 1.2551766863 4.7557411930 -0.6944433326 0.0000000000 -1.3679234196 0.2685616736 -1.2034304679 -0.0493440917 -0.0355350345 0.3391648066 2.1009972574 -1.9011894879 -2.8390410983 0.0000000000 0.0000000000 
346740.0000000000 -1132915.8337187970 6092525.1259555202 1504632.4746893360 0.1528175399 11.3140434823 0.9451996892 4.4392978771 0.3985409462 0.0000000000 0.4339340186 3.0023212822 -0.9217523044 -0.9423020943 -0.9059955076 -0.4413335172 -1.7648184246 -1.6334255689 -2.5271847595 0.0000000000 0.0000000000 
346770.0000000000 -1132915.0933618096 6092522.7737793270 1504632.2979911577 0.5277754824 11.1654816136 2.2357790817 3.9448910353 0.6315208238 0.0000000000 -1.1918633948 0.0000000000 -0.8357102150 0.2956808674 -0.5226489214 -0.2130865858 1.1167578585 -2.3189917451 -2.8591611832 0.0000000000 0.0000000000 
346800.0000000000 -1132914.4373485546 6092524.5339859677 1504632.4502729529 0.2152429205 11.3140434823 0.8011560247 4.7386398237 -0.0985862360 0.0000000000 0.4664881482 2.3647005081 -1.1355524677 -0.9819772533 -0.1000408702 -0.7521353892 -1.4588092399 -1.6025725597 -2.1414955876 0.0000000000 0.0000000000 
346830.0000000000 -1132915.5433260002 6092526.7668938059 1504631.4415378151 0.0199179092 11.3140434823 1.0242833648 4.5950352465 -0.4432190749 0.0000000000 1.0135744297 1.1575837846 -0.7457431544 -1.7039369864 0.8771090083 -0.8009300887 -1.2495726512 -2.0768513141 -1.6525877686 0.0000000000 0.0000000000 
346860.0000000000 -1132915.6346930403 6092525.4755990701 1504632.4944414878 0.1862557918 11.3140434823 1.1625709616 4.9672618630 -1.2934894848 0.0000000000 -0.0052944462 0.1094024384 -0.6459516635 -1.4894056764 0.1884711020 -0.5745947504 1.5789318992 -1.3993063963 -2.0910852179 0.0000000000 0.0000000000 
346890.0000000000 -1132915.7925054131 6092526.3741473230 1504631.9919044769 0.2156018333 11.3140434823 0.1260176561 5.3248694776 -0.8761197432 -0.0000000000 -0.0820212084 1.6815771707 -0.9755933704 -0.5943428908 0.5154511350 -0.8094652924 -0.0442876285 -1.3346540148 -2.5373555501 0.0000000000 0.0000000000 
346920.0000000000 -1132915.7509080458 6092525.2642104635 1504632.0725558570 0.0495600549 11.3140434823 1.5208783229 5.7448007968 -1.9068403436 0.0000000000 -0.3286403266 1.1170256087 -1.0967452226 -1.8004374201 -1.3283178758 -0.6588187341 2.4298470990 -0.7351707970 -2.1059522990 0.0000000000 0.0000000000 
346950.0000000000 -1132914.8867777030 6092525.3621684555 1504632.0370348420 0.0805566665 11.3140434823 1.2261409897 5.7825137080 -1.0893608877 -0.0000000000 -0.4238773917 0.4052195669 -1.0058803173 -0.7294096720 0.3868263774 -1.1559118366 1.2930751786 -1.6557622743 -2.5236557416 0.0000000000 0.0000000000 
346980.0000000000 -1132914.7385131721 6092523.7690365668 1504631.8264110007 0.1320912634 11.3140434823 0.2274905092 5.9804389069 -0.7877949974 0.0000000000 0.1608464475 3.0774162578 -1.1403717542 -0.8155371085 -0.1647213474 -1.1382468902 -0.9569194758 -1.3646653093 -2.6954929834 0.0000000000 0.0000000000 
347010.0000000000 -1132915.0407436055 6092523.5546350777 1504630.7039926841 0.1556273371 11.0041300577 0.0000000000 5.6766175039 -0.7800091133 0.0000000000 0.1528680179 0.0000000000 -0.5241670562 -1.5475810325 1.2617842903 -0.5163009633 1.0020753567 -1.2244803070 -3.0925754689 0.0000000000 0.0000000000 
347040.0000000000 -1132915.2001935162 6092524.0856646178 1504632.3860075350 0.2040093637 11.3140434823 1.1555955118 6.8628866590 -0.9648722628 0.0000000000 -0.1944544565 1.0790553427 -1.6904712683 -1.3997691899 0.8108603518 -0.7671832042 0.4244756717 -2.1407865253 -2.7301633611 0.0000000000 0.0000000000 
347070.0000000000 -1132915.9364907315 6092524.2126974408 1504631.9215455514 0.2300066717 11.1654816136 1.8560087731 6.6774348001 -0.9045345064 0.0000000000 -0.3435727466 3.1849239867 -1.0906739802 -1.0643974943 -1.3063683541 -0.8180611506 0.0000000000 -2.5578836000 -3.0122281556 0.0000000000 0.0000000000 
347100.0000000000 -1132914.8602150904 6092524.2537518917 1504631.5880521671 0.0042033534 11.1654816136 0.8210319775 6.6465355322 -0.7998662650 -0.0000000000 0.2223871964 1.5512374884 -0.9505721572 -1.5076572281 0.4058933580 -1.2243246210 0.0000000000 -1.7661779985 -3.0039655173 0.0000000000 0.0000000000 
347130.0000000000 -1132915.2037129365 6092522.5084980438 1504632.1312741144 0.0617684434 11.1654816136 1.5235004942 6.9332708316 -0.3319184476 -0.0000000000 -0.0734008812 1.9020993705 -1.7774931430 -1.6380295743 -0.6294414549 -1.3090540630 0.0000000000 -1.2785011834 -2.9205169156 0.0000000000 0.0000000000 
347160.0000000000 -1132916.5621890225 6092525.0097152693 1504631.7608925630 0.0572082043 11.1654816136 0.9665768852 7.1444396645 -0.7520085380 -0.0000000000 -0.2881566374 2.7190253678 -1.5741220680 -1.3368002463 -0.6075674994 -0.9922285499 0.0000000000 -1.5509623540 -3.1530336483 0.0000000000 0.0000000000 
347190.0000000000 -1132915.1453599758 6092523.2249994157 1504632.5413933734 0.1578919790 11.1654816136 0.7470282970 7.7594459368 -1.5682451647 -0.0000000000 -0.2504396708 1.3918934970 -1.5989000678 -0.9496800911 1.8787036919 -1.4029469192 0.0000000000 -2.8506853625 -2.6905656266 0.0000000000 0.0000000000 
347220.0000000000 -1132915.0759777138 6092523.2316032592 1504631.5513249508 0.0599704314 11.1654816136 1.8207062104 7.7367715600 -0.9682230038 0.0000000000 -0.0914836754 1.6172916356 -1.4696659788 -1.3932492963 0.3848140437 -1.8056323269 0.0000000000 -2.5498313735 -2.8598003426 0.0000000000 0.0000000000 
347250.0000000000 -1132914.9956520814 6092525.2292346116 1504632.2432761742 0.0055328098 11.1654816136 0.9331938345 8.4449390260 -0.9844169017 0.0000000000 -0.0388314459 1.8339891087 -1.7319959387 -1.6276068607 0.6066063133 -1.9881797537 0.0000000000 -1.6637513998 -3.3044256029 0.0000000000 0.0000000000 
347280.0000000000 -1132915.4328391973 6092524.4080588771 1504631.5403334848 0.3102629880 11.1654816136 0.8270191409 8.0828353880 -1.6043933465 -0.0000000000 -0.2522351486 2.5289407024 -1.6830228229 -1.2833175279 0.4782784464 -1.6588049929 0.0000000000 -2.0763866345 -2.7379013428 0.0000000000 0.0000000000 
347310.0000000000 -1132914.8575316130 6092525.7460979586 1504631.6052526759 0.0958628162 11.1654816136 1.5151772258 8.3129495941 -1.5206750521 0.0000000000 -0.1016781243 1.8011768186 -1.8537699603 -1.8022293158 1.0477061142 -1.3057691320 0.0000000000 -2.9855156978 -2.5958986244 0.0000000000 0.0000000000 
347340.0000000000 -1132915.6709451636 6092523.7704447154 1504631.1628397172 0.0042690764 11.1654816136 1.6043650173 8.6575445846 -1.1483868009 -0.0000000000 -0.7736106198 3.1400572903 -1.6604119234 -1.0245323554 -0.2679883231 -1.3452629175 0.0000000000 -3.0076824798 -3.4572897584 0.0000000000 0.0000000000 
347370.0000000000 -1132917.9139956436 6092524.5402847230 1504632.1129853169 1.0317864384 10.8275661707 0.7664482337 8.7720044304 -1.7951950034 0.0000000000 0.0000000000 2.6919568744 -1.7482867360 -2.1746392791 0.7132084741 -1.1067868482 0.0000000000 -2.4978587101 -2.9367444874 0.0000000000 0.0000000000 
347400.0000000000 -1132914.7865062559 6092523.5852602851 1504631.1730329697 0.0507941203 11.1654816136 0.4281601861 9.4655265777 -1.8492487480 0.0000000000 -0.2988291965 2.1272684630 -1.9396788286 -1.8065467765 2.0577621980 -1.0651316574 0.0000000000 -3.1924439736 -3.2808896504 0.0000000000 0.0000000000 
347430.0000000000 -1132914.8290262427 6092523.3315745993 1504630.3140653083 0.0013082052 11.1654816136 -0.1959755607 9.5141524816 -2.2579543686 -0.0000000000 -0.0220160936 2.9480138888 -1.5726688455 -1.8141984959 1.1893433565 -2.1217459040 0.0000000000 -1.7748433052 -3.1258677777 0.0000000000 0.0000000000 
347460.0000000000 -1132913.7105185390 6092524.3250652300 1504631.4231531892 0.0148933253 11.1654816136 0.9730912554 9.6116415854 -1.4249080236 0.0000000000 -0.6288269362 2.0618862985 -2.6493782428 -1.4853592765 1.1835104069 -2.2288210593 0.0000000000 -1.9916728643 -2.8448854993 0.0000000000 0.0000000000 
347490.0000000000 -1132915.2041296249 6092522.6542111114 1504632.6816703114 0.3088988102 11.1654816136 0.5235140870 9.8936353883 -0.8090128342 -0.0000000000 -1.1954003070 2.4665430211 -2.4611800159 -1.1599085909 1.4098811263 -0.9677706387 0.0000000000 -2.8935527106 -4.1292495204 0.0000000000 0.0000000000 
347520.0000000000 -1132914.5594137507 6092519.5230064867 1504631.5702492897 0.8216321979 11.1654816136 -0.2600561667 9.4587835888 -1.1660334169 -0.0000000000 -1.4199977851 2.8862143779 -2.6045071282 -0.6239823487 1.3777459332 -1.2361339504 0.0000000000 -2.0446883734 -3.6088317461 0.0000000000 0.0000000000 
347550.0000000000 -1132914.3402849145 6092523.6643821988 1504631.5153199888 0.0153209933 11.1654816136 1.0560664337 10.6185107422 -2.0746911603 0.0000000000 -0.7829893357 2.6856443817 -2.1900388259 -1.4941353068 1.6292257570 -1.9464543475 0.0000000000 -3.5422499420 -3.2044081268 0.0000000000 0.0000000000 
347580.0000000000 -1132914.4823920180 6092522.2645606613 1504631.4355689764 0.4647500251 11.1654816136 1.5880987806 10.7407173267 -1.0860185581 -0.0000000000 -1.2236345234 2.1169992535 -2.7498894046 -1.2442264998 1.3406922201 -2.2155225486 0.0000000000 -3.1295425271 -3.5269093722 0.0000000000 0.0000000000 
347610.0000000000 -1132913.5658924934 6092520.5436631311 1504631.5012414276 0.3128084030 11.1654816136 0.6767591254 11.0420558817 -1.5275939865 0.0000000000 -1.1436049136 1.7039869976 -2.9663166601 -1.3529501899 2.6864195943 -2.0813553593 0.0000000000 -3.0941790221 -3.3511644974 0.0000000000 0.0000000000 
347640.0000000000 -1132914.8433643540 6092523.9229072658 1504630.9736654891 0.0301760531 11.1654816136 0.7728645951 11.3409422908 -1.9047372758 -0.0000000000 -0.4820015374 2.2242323908 -2.9773455023 -2.5364613200 1.9244682520 -2.1983497749 0.0000000000 -2.4637491283 -3.0298469040 0.0000000000 0.0000000000 
347670.0000000000 -1132914.9145224700 6092524.9528923817 1504631.2127115948 0.1146024190 11.1654816136 1.9259205119 11.5817706866 -2.0617944139 -0.0000000000 -0.6230449951 2.7760608743 -2.5715614603 -2.4395583194 1.0775784614 -2.2553915136 0.0000000000 -3.6276499783 -3.0213287776 0.0000000000 0.0000000000 
347700.0000000000 -1132914.7026183098 6092524.0889720377 1504631.2665014248 0.0016901456 11.1654816136 0.4014973907 11.0218740937 -1.8061036908 -0.0000000000 -1.0004922389 2.9296695453 -2.9380711153 -1.8686073098 1.3586590226 -2.1657456798 0.0000000000 -2.0993925054 -3.0433369363 0.0000000000 0.0000000000 
347730.0000000000 -1132913.2727524198 6092521.4546177518 1504631.5011177622 0.1093449577 11.1654816136 0.4648420129 12.1247964880 -1.6504453038 0.0000000000 -1.8189385435 2.1050532213 -3.9974958262 -1.2577800681 2.9385858087 -2.1427841057 0.0000000000 -2.9367248676 -3.1336856457 0.0000000000 0.0000000000 
347760.0000000000 -1132914.6603059326 6092523.4368056618 1504631.4381975923 0.0029163227 11.1654816136 0.4559191448 12.4032722316 -1.9384505183 0.0000000000 -1.4397291061 2.5903823803 -3.4774044818 -1.9960891500 2.8709239714 -1.3679684656 0.0000000000 -3.7877914269 -3.5043744192 0.0000000000 0.0000000000 
347790.0000000000 -1132914.2794772813 6092521.4283442246 1504630.9985718145 0.0144432850 11.1654816136 1.9092159754 12.3333681881 -0.4249212629 -0.0000000000 -1.1658961836 0.9349296627 -2.7578187551 -2.0784218312 2.2344506074 -3.0067794637 0.0000000000 -3.2620149093 -4.3116818500 0.0000000000 0.0000000000 
347820.0000000000 -1132914.1685638609 6092521.1947795292 1504630.8394236136 0.0375085954 11.1654816136 1.9303719637 12.8683245826 -1.5068960587 0.0000000000 -0.8887632616 2.5252339409 -2.5408258195 -2.7170117508 1.3440723671 -2.6825669564 0.0000000000 -3.6933714453 -3.9111529361 0.0000000000 0.0000000000 
347850.0000000000 -1132915.3037117794 6092522.5422671093 1504631.3758145547 0.0064644970 11.1654816136 -0.1699492985 12.4472179858 -1.8113693680 -0.0000000000 -0.5248861253 3.6805863373 -2.6980182679 -3.4701884033 1.2593777614 -1.5193818656 0.0000000000 -2.1898831052 -4.0390625272 0.0000000000 0.0000000000 
347880.0000000000 -1132914.3154537363 6092520.5466730651 1504630.6673601209 0.0282553097 11.1654816136 0.8992726189 12.7731148466 -0.7541203432 0.0000000000 -1.1039668833 1.3720124088 -3.1772240605 -2.7023232659 2.6667781973 -2.5008327701 0.0000000000 -2.7472682343 -4.2073637759 0.0000000000 0.0000000000 
347910.0000000000 -1132915.2601872226 6092521.9705362702 1504631.2653615419 0.0047504221 11.1654816136 0.2788779825 14.0623337962 -1.3390772685 -0.0000000000 -0.8503959162 3.2368875907 -2.6635140109 -3.5854391405 1.9344939216 -1.7985283479 0.0000000000 -3.2192528718 -5.1457444470 0.0000000000 0.0000000000 
347940.0000000000 -1132915.2625173433 6092523.0464477791 1504630.5427960015 0.0134126321 11.1654816136 0.6985431641 13.4931228380 -1.5648290425 -0.0000000000 -0.5850863576 3.6345767160 -3.3092883445 -4.1927131648 0.7728997409 -1.9530757130 0.0000000000 -2.1028445262 -3.9467807289 0.0000000000 0.0000000000 
347970.0000000000 -1132914.7819908636 6092523.5585649870 1504630.0281630573 0.0000319982 11.1654816136 -0.6632297842 14.2668639983 -2.7633873729 0.0000000000 -0.4984096715 3.3456289707 -1.8178239811 -3.3014707208 2.9501397967 -2.9748741537 0.0000000000 -3.1861628183 -4.3764798228 0.0000000000 0.0000000000 
348000.0000000000 -1132916.0386221134 6092529.5480025401 1504632.7857185274 0.2818646147 11.1654816136 1.2250378161 0.4655670738 -0.3802143291 -0.0000000000 0.3527302542 0.4165794523 0.3268621892 -0.7640313923 -0.5486136618 0.6364769119 0.0000000000 -1.6276212310 -0.0099315118 0.0000000000 0.0000000000 
348030.0000000000 -1132915.1104780852 6092529.9737202674 1504632.7954584404 0.2665550789 11.1654816136 0.1212592606 0.5031998324 -0.3597257666 0.0000000000 0.6016088159 -0.9035557673 0.4339595105 -0.8174817139 1.7123294778 0.9870024316 0.0000000000 -1.9643504600 -0.4252294524 0.0000000000 0.0000000000 
348060.0000000000 -1132914.7621293769 6092527.4496408692 1504633.4049120259 0.7641140305 11.1654816136 0.6229480863 0.1837433310 -0.3274082669 0.0000000000 0.3176375839 -0.3914622406 0.1276097551 -0.6241668144 0.8879359812 1.3223134036 0.0000000000 -2.0822125255 -0.0657775294 0.0000000000 0.0000000000 
348090.0000000000 -1132915.5154395972 6092530.4075613283 1504633.6501014438 0.1146511015 11.1654816136 -0.3983759178 0.4240191622 -0.8753301430 0.0000000000 -0.7099532738 0.5295705309 0.2159790360 1.0471363958 1.2459718594 0.8918899441 0.0000000000 -2.1487082454 -0.0345922864 0.0000000000 0.0000000000 
348120.0000000000 -1132914.9141549810 6092528.9180812966 1504633.8848441876 0.2316247300 11.1654816136 0.3347599892 0.6804229016 -0.2450328884 0.0000000000 -0.3158265927 1.4155915163 -0.0947859903 -0.1961605777 -0.8319614874 1.1175995860 0.0000000000 -1.1729680994 -0.3902682289 0.0000000000 0.0000000000 
348150.0000000000 -1132916.2553794319 6092529.6137453932 1504632.8438538129 0.0047768979 11.1654816136 0.0711688263 0.7776147009 0.2280287223 0.0000000000 -0.2958827177 0.0012599869 -0.0125257619 -0.0874188398 0.8182780062 1.2547318971 0.0000000000 -1.7289293830 -0.9781128164 0.0000000000 0.0000000000 
348180.0000000000 -1132914.1772639782 6092528.8194308756 1504632.2469770364 0.0282552270 11.1654816136 1.7260482004 0.1541641927 0.6579672067 0.0000000000 -0.3221133771 -2.1682628464 -0.1112555108 0.5177859822 1.1208428357 -0.6786767613 0.0000000000 -1.3937661538 0.0683181471 0.0000000000 0.0000000000 
348210.0000000000 -1132915.3425798602 6092530.3371904641 1504633.0412216410 0.1182322120 11.1654816136 0.5543601346 0.5140616509 -0.0417813006 -0.0000000000 0.0422048439 -0.8454720155 -0.3464339481 -0.2663609224 0.9008319080 0.0449853899 0.0000000000 -0.8318982583 0.1324787022 0.0000000000 0.0000000000 
348240.0000000000 -1132915.8658184553 6092530.4029744286 1504632.9378258900 0.3499620480 11.1654816136 0.6493860117 0.5314572564 -0.8726798511 0.0000000000 0.0160187629 1.6749570579 0.7037967007 -0.2932674098 -0.7201953947 1.6610686299 0.0000000000 -2.6197757642 -0.3485113019 0.0000000000 0.0000000000 
348270.0000000000 -1132916.0825181720 6092528.7526051281 1504632.7979676903 0.0006257674 11.1654816136 -0.5004888921 -0.0942641947 -0.0871006423 0.0000000000 -0.3071903343 0.7137495196 0.7626452912 0.6006549146 0.1555692819 0.9178050795 0.0000000000 -1.1848507902 -0.8066718153 0.0000000000 0.0000000000 
348300.0000000000 -1132916.3097067836 6092530.8970272066 1504633.4336935433 0.0249522650 11.0041300577 -0.4006820156 1.0467235846 -1.5933156847 -0.0000000000 0.0000000000 2.4944172386 1.0536252692 -0.0627984210 -0.5257966941 1.1714458230 0.0000000000 -2.2396767872 -0.3728234522 0.0000000000 0.0000000000 
348330.0000000000 -1132915.0194805341 6092527.3283171393 1504633.6979721005 0.2696130816 11.1654816136 -0.6050947533 0.5654412133 0.0266636016 -0.0000000000 -0.9165012038 0.8066862629 0.5706538428 1.1679697431 0.4500892209 0.6780433017 0.0000000000 -1.4280643888 -1.1117479930 0.0000000000 0.0000000000 
348360.0000000000 -1132915.7776664370 6092530.8756012889 1504633.2991503119 0.0085028553 11.1654816136 -0.1763330422 0.8232839821 -0.3927053679 -0.0000000000 -0.0229525845 0.7509332358 0.8645451844 0.0463970874 0.1147307028 0.3081969548 0.0000000000 -1.2896637336 -0.8406138908 0.0000000000 0.0000000000 
348390.0000000000 -1132915.0792233855 6092528.9852417139 1504632.7415138739 0.0850132342 11.1654816136 0.6740252068 -0.0531095913 -0.0500343041 0.0000000000 -0.4630482575 0.5838204475 0.0873808386 0.4478632785 -0.5383519868 0.7762642146 0.0000000000 -1.2811481544 -0.0548503251 0.0000000000 0.0000000000 
348420.0000000000 -1132916.3337741487 6092529.5331721297 1504632.3837952376 0.0817108319 11.1654816136 0.3372344164 0.3531566772 -0.4150443405 -0.0000000000 -0.1369141328 1.2880555825 0.8129670443 0.1120311076 -0.6747314409 1.0642495677 0.0000000000 -1.8321544991 -0.6207671291 0.0000000000 0.0000000000 
348450.0000000000 -1132915.7450899999 6092531.2577144755 1504633.5898792727 0.0787771963 11.1654816136 -0.1685119244 0.5247208272 -1.5493405759 -0.0000000000 0.1153443997 1.3241484811 0.7746049175 0.0608896093 0.3345987862 1.0175286442 0.0000000000 -2.3047771831 0.2080681309 0.0000000000 0.0000000000 
348480.0000000000 -1132914.9968454458 6092530.3416825710 1504632.8830446429 0.0338360909 11.1654816136 1.5778967195 0.2157702557 -0.5742313128 -0.0000000000 0.6927547496 -0.4384810362 0.7194917868 -0.7214212917 0.0388261565 0.3896175905 0.0000000000 -2.1533054817 0.1885116160 0.0000000000 0.0000000000 
348510.0000000000 -1132915.0331958814 6092528.1355381999 1504633.1234010789 0.0149427060 11.1654816136 0.4593842823 0.2914591713 0.1436759124 -0.0000000000 -0.6793094383 -0.0024798739 0.1076079018 0.7533507277 0.2024540637 0.3200961736 0.0000000000 -1.2470531885 -0.3299378533 0.0000000000 0.0000000000 
348540.0000000000 -1132915.2977884891 6092528.2684020540 1504632.1499904182 0.0336865379 11.1654816136 0.4857393485 0.4604676881 0.5928124653 -0.0000000000 -0.6721725537 0.7315551076 0.5189513303 0.5283713621 -0.7249569908 0.7599551254 0.0000000000 -1.3017800943 -1.2243138740 0.0000000000 0.0000000000 
348570.0000000000 -1132915.5451082520 6092527.9928712742 1504632.7883078030 0.0121034932 11.1654816136 -0.2664712066 0.6339852802 0.1465207504 -0.0000000000 -0.0851760909 0.1950845043 0.0733549747 -0.1972897927 0.4496516831 0.6738597645 0.0000000000 -0.7715543692 -0.7883014035 0.0000000000 0.0000000000 
348600.0000000000 -1132914.8554267657 6092529.5132406410 1504632.9125653938 0.0553505410 11.1654816136 0.9208922264 0.1052218655 0.5444174319 0.0000000000 0.3292524706 -1.0489154962 0.2550593351 -0.5175436079 0.7179572909 0.9393849473 0.0000000000 -1.6562030626 -0.7863358432 0.0000000000 0.0000000000 
348630.0000000000 -1132916.1213971635 6092530.3068082044 1504633.3099293576 0.3047951969 11.1654816136 -0.3582679291 0.5891946796 -0.9681929507 0.0000000000 -0.0927798287 1.4510497392 0.0430472973 -0.1522579609 0.0653353855 1.4866121963 0.0000000000 -1.7008754362 -0.0126805811 0.0000000000 0.0000000000 
348660.0000000000 -1132915.3872967637 6092529.5428915583 1504633.1755424514 0.0333596374 11.1654816136 -0.1897155594 -0.0964273524 -0.1448805760 -0.0000000000 0.4301550355 0.2310326092 1.0575695421 -0.1518541358 0.2706473918 0.8009332763 0.0000000000 -1.2758007167 -0.8665547666 0.0000000000 0.0000000000 
348690.0000000000 -1132916.0012375668 6092531.1086986121 1504634.4738011379 0.0131506696 11.1654816136 0.4086616455 0.8758842676 -0.8072700686 -0.0000000000 0.1122928202 0.8814120146 0.5873365502 -0.2965704467 -0.0368875863 0.8351711200 0.0000000000 -2.0548070895 -0.2782148270 0.0000000000 0.0000000000 
348720.0000000000 -1132916.1682957038 6092529.3917862382 1504634.5894450650 0.1019791523 11.1654816136 0.6114246328 1.1695829833 -1.7933754589 -0.0000000000 -0.6093223967 1.7403217022 0.4035603774 0.5495360381 -0.0603690697 1.1625230725 0.0000000000 -3.3169068348 0.5842747775 0.0000000000 0.0000000000 
348750.0000000000 -1132915.6001815177 6092528.8799756030 1504633.5208990367 0.0927869095 11.1654816136 0.1195599617 0.4430407110 -0.2764703683 -0.0000000000 -0.3768527035 0.9929052562 0.9938387527 0.5596949016 -0.4180165813 0.5361148315 0.0000000000 -1.5838378408 -0.7628111062 0.0000000000 0.0000000000 
348780.0000000000 -1132915.3560892665 6092529.4046754641 1504633.2207814017 0.0062454616 11.1654816136 1.6594883465 0.6229122414 0.0146934001 0.0000000000 -0.3421287171 0.4077587276 -0.1314015569 -0.1685905138 -1.0651832760 0.5630410214 0.0000000000 -1.5135593976 0.0535870231 0.0000000000 0.0000000000 
348810.0000000000 -1132915.7056890228 6092530.4805670613 1504633.8808451819 0.2250464268 11.1654816136 0.3450813418 0.2709975897 -0.3398901921 -0.0000000000 -0.5023978941 1.1970848292 0.3687527484 0.4722128801 -0.7391399049 0.9403425746 0.0000000000 -1.5031787497 -0.2397196261 0.0000000000 0.0000000000 
348840.0000000000 -1132915.5917597027 6092530.8109723432 1504633.3022315833 0.1040549653 11.1654816136 -0.1765532621 0.2129698751 -0.5221616221 0.0000000000 -0.2256904706 1.1338735607 0.6549846245 0.3867753076 -0.3267904530 0.7886461133 0.0000000000 -1.3182987716 -0.3498991472 0.0000000000 0.0000000000 
348870.0000000000 -1132914.0638163439 6092528.1462517362 1504633.0818022499 0.1595867101 11.1654816136 1.7779121462 0.1884439304 0.3865901419 0.0000000000 -0.3266273078 -0.7986152744 0.6009679632 0.3834925592 0.1121241787 0.7288346858 0.0000000000 -2.5716217668 -0.6176444520 0.0000000000 0.0000000000 
348900.0000000000 -1132914.7843025140 6092527.4719523750 1504632.9132738826 0.4588511422 11.1654816136 0.4467510556 0.3905301354 -0.6285507399 0.0000000000 -0.0781243163 1.1241189716 0.3645162370 -0.0394068724 -0.6678234169 0.9260263418 0.0000000000 -1.5539120308 -0.0232125822 0.0000000000 0.0000000000 
348930.0000000000 -1132916.0215611015 6092531.1607408719 1504633.4346950396 0.0982347216 11.1654816136 -0.8335870983 0.6112628155 0.0252459088 0.0000000000 -0.3345090510 1.1204299487 0.2509618590 0.1127896015 0.1137688744 1.1569931315 0.0000000000 -0.9286569657 -1.0420125093 0.0000000000 0.0000000000 
348960.0000000000 -1132915.3510579539 6092529.0497710258 1504632.8580281450 0.0784782125 11.1654816136 -0.5571879125 0.4969084158 -0.3757558794 -0.0000000000 -0.3276053125 1.5831767450 0.8687626324 0.3965625894 -0.5970437985 0.7234464847 0.0000000000 -1.0584940174 -0.8092774031 0.0000000000 0.0000000000 
348990.0000000000 -1132915.7226487822 6092528.6050857455 1504633.0565278814 0.0068530147 11.1654816136 -0.0553459865 0.1442179499 -0.2552034319 0.0000000000 0.3512792578 1.7712873276 -0.1451035948 -0.8539961331 -1.6344667666 1.0887380520 0.0000000000 0.0446766297 -0.0923554554 0.0000000000 0.0000000000 
349020.0000000000 -1132915.6272297506 6092530.1591829639 1504633.4487079741 0.0479262427 11.1654816136 -0.6395795035 0.3257875228 -0.5597254631 0.0000000000 -0.2600310161 2.1315706076 0.2639005525 0.0951965578 -1.1205874244 1.1067337914 0.0000000000 -0.6162082469 -0.2742732757 0.0000000000 0.0000000000 
349050.0000000000 -1132916.1961943377 6092528.8961594328 1504633.6432026124 0.0050138570 11.1654816136 0.4462603884 0.0265941010 -0.2101154018 -0.0000000000 -0.8856346648 1.4879212832 0.0330275849 0.7976254549 -1.3931303747 0.9166349553 0.0000000000 -1.0164085129 0.1179347185 0.0000000000 0.0000000000 
349080.0000000000 -1132915.9462280073 6092529.7628857819 1504633.4805227625 0.1405342331 11.1654816136 -1.3999684355 0.2044790767 -0.7445069820 0.0000000000 -0.2640747327 1.6945728615 0.5491849439 0.5216836583 0.2449376765 1.3223561023 0.0000000000 -1.2118701603 -0.5426765549 0.0000000000 0.0000000000 
349110.0000000000 -1132914.5744214258 6092528.2612740900 1504633.5866833297 0.0103332061 11.1654816136 -0.3960719554 0.0238482076 -0.2755550168 0.0000000000 -0.4135674993 0.0798278880 0.3143654391 0.7488231743 0.8428297005 0.5771680506 0.0000000000 -1.2246074755 -0.2382970239 0.0000000000 0.0000000000 
349140.0000000000 -1132914.1900562008 6092527.7895470541 1504633.1617042711 0.0170057058 11.1654816136 0.5771143934 0.2603105844 0.2349638995 -0.0000000000 -0.2653286934 0.3145091885 0.1137869388 0.0431213789 -0.4164634683 0.8268633977 0.0000000000 -1.1148037358 -0.4928666430 0.0000000000 0.0000000000 
349170.0000000000 -1132914.4917715238 6092528.5888178162 1504632.6950331435 0.0945235005 11.1654816136 -0.0529416749 0.3318398492 -0.3523329597 -0.0000000000 -0.3321223743 0.6355016767 0.7590031054 0.5468326124 0.1360129510 0.7791965991 0.0000000000 -1.7237955277 -0.5694537171 0.0000000000 0.0000000000 
349200.0000000000 -1132914.9928982363 6092529.8173110364 1504632.8712045997 0.1158211640 11.1654816136 1.6225331518 0.0905373507 0.4643900722 0.0000000000 -0.4990278541 -0.1942132633 0.0819833723 0.2679291160 -0.9643983766 0.4028777596 0.0000000000 -1.1469961474 -0.1490359327 0.0000000000 0.0000000000 
349230.0000000000 -1132915.7703555857 6092531.5524421809 1504632.5561230795 0.1270761488 11.1654816136 1.9829607868 0.1626586040 0.1286395286 -0.0000000000 -0.5756711285 -0.6318495785 -0.0153119001 0.4298351637 -0.4352156251 0.4203335277 0.0000000000 -1.8360540877 0.2762459476 0.0000000000 0.0000000000 
349260.0000000000 -1132915.2931170822 6092529.0192186059 1504632.6271739176 0.4222390499 11.1654816136 1.4944995964 0.4498839874 0.2935010492 0.0000000000 -0.0583266001 -0.1281377776 0.0800365270 -0.3692665638 -0.6908503329 0.7114019093 0.0000000000 -1.4289637595 -0.3517819409 0.0000000000 0.0000000000 
349290.0000000000 -1132915.8423780962 6092531.1715195337 1504633.6740382838 0.0211583093 11.1654816136 -0.3833432515 0.5190884017 -0.2547411648 0.0000000000 -0.3732677382 1.3419873155 0.5767246642 0.3270684412 -0.1501319655 1.5820325369 0.0000000000 -1.9427104677 -0.9387937010 0.0000000000 0.0000000000 
349320.0000000000 -1132915.2990069995 6092529.5152263148 1504633.7952640280 0.0058343690 11.1654816136 1.2880379743 0.3623726244 -0.3215584425 0.0000000000 -0.4548328005 -0.7518624841 0.3398140748 0.6076404258 0.8897555283 0.9659370439 0.0000000000 -2.9622110253 -0.0586856577 0.0000000000 0.0000000000 
349350.0000000000 -1132915.6425945759 6092530.2940814942 1504633.3036876591 0.0135969489 11.1654816136 -0.0800935813 0.1709247077 0.1403327566 -0.0000000000 0.0210945453 0.8030339699 0.2597152518 -0.1496090474 -0.3130872954 1.3802523606 0.0000000000 -1.1936622674 -0.8597427002 0.0000000000 0.0000000000 
349380.0000000000 -1132916.0469534658 6092533.1196206659 1504633.3466102597 0.1427872402 11.1654816136 -0.7223789015 0.7360553808 -1.2593487322 0.0000000000 -0.1723125587 1.6546795219 0.9159117865 0.3998431829 0.0868030019 0.9624155101 0.0000000000 -2.0098468576 -0.2204229180 0.0000000000 0.0000000000 
349410.0000000000 -1132915.8175368963 6092531.2445185166 1504633.4026261265 0.1251064984 11.1654816136 -0.7701462070 0.5612626224 -0.8672114568 0.0000000000 -0.4185082897 1.1769844746 0.4945652301 0.5783600772 0.3461430324 0.7198929094 0.0000000000 -1.4345693626 -0.1244291047 0.0000000000 0.0000000000 
349440.0000000000 -1132915.8136160437 6092531.5546818515 1504633.8660711418 0.4184263608 11.1654816136 -0.1455682588 0.3832199287 -0.7284258134 -0.0000000000 -0.3942523159 0.9480916397 0.0140662515 0.3496714321 -0.1721415404 0.5709173296 0.0000000000 -0.9869613693 0.3768910686 0.0000000000 0.0000000000 
349470.0000000000 -1132915.8789601563 6092529.7515259665 1504633.2576578802 0.0844457056 11.1654816136 -1.0997794088 0.4790590141 -0.4537521915 0.0000000000 0.2740623978 0.1353304533 0.4582981172 -0.0089994523 1.7860115459 1.1216444275 0.0000000000 -1.7616528230 -0.8841939854 0.0000000000 0.0000000000 
349500.0000000000 -1132915.4526004829 6092529.5189265199 1504632.6824981263 0.0831542960 11.1654816136 -0.4099843296 0.1179377813 0.4258485231 -0.0000000000 -0.7966242879 0.3719656632 -0.3446357108 0.6423966230 0.4728616693 1.3668759506 0.0000000000 -1.1020435646 -0.6578558209 0.0000000000 0.0000000000 
349530.0000000000 -1132916.1360624800 6092531.9857669733 1504633.1153042982 0.4420662326 11.1654816136 -0.5576601794 0.5177852650 -0.5150658396 0.0000000000 0.1214932099 1.3761643087 0.2675045243 -0.2448293636 -0.1647377978 1.3673543437 0.0000000000 -1.3500481849 -0.5206728528 0.0000000000 0.0000000000 
349560.0000000000 -1132916.0125570414 6092531.4842012366 1504633.5847859699 0.0094587634 11.0041300577 -2.6566196161 0.9416837711 -1.3228479245 0.0000000000 0.0569377911 2.3199638150 0.2741585259 0.0000000000 1.0025783477 1.1428634389 0.0000000000 -0.8874780988 -0.4105423216 0.0000000000 0.0000000000 
349590.0000000000 -1132915.9928933275 6092530.1919165431 1504632.6113329278 0.0225913212 11.1654816136 -0.1944168498 0.6953768860 -0.5274864356 -0.0000000000 -0.1452668461 1.6819019719 0.4771424030 -0.0943398435 -0.8858344883 1.1426172265 0.0000000000 -1.3417767478 -0.4469190822 0.0000000000 0.0000000000 
349620.0000000000 -1132916.3804072542 6092531.1469620205 1504633.0350830480 0.0164347117 11.1654816136 -0.5176574574 0.3205259762 0.4294034482 0.0000000000 -0.9177906962 0.1610869471 -0.0750957240 0.7989993897 0.7484765647 0.9264678437 0.0000000000 -1.0614655751 -0.7755856613 0.0000000000 0.0000000000 
349650.0000000000 -1132915.5933987792 6092527.0056127487 1504632.5355773950 0.5366048004 11.1654816136 -0.4261640031 -0.5687670514 0.3211546603 -0.0000000000 0.4839061727 -1.4497498210 0.4088734409 0.3244177032 2.4659925962 1.1215303122 0.0000000000 -1.8237522240 -1.1416167083 0.0000000000 0.0000000000 
349680.0000000000 -1132914.8108610432 6092526.4713420542 1504632.4456391647 1.1068484252 11.1654816136 1.4493004940 0.2625319564 -0.0670369478 -0.0000000000 -0.2779640538 -0.7048294839 0.3323789227 0.2809076111 0.1177520817 0.6168581440 0.0000000000 -2.0278502533 -0.0698176196 0.0000000000 0.0000000000 
349710.0000000000 -1132917.1952636426 6092531.4220776828 1504633.7184463656 0.0041501979 11.1654816136 -1.6010432151 0.3980300321 -1.1499951740 0.0000000000 0.3688334367 2.0012120386 0.5496800125 -0.0249889058 0.4186610368 1.6903660913 0.0000000000 -1.7325801760 -0.5170773838 0.0000000000 0.0000000000 
349740.0000000000 -1132916.4609312909 6092531.0304354904 1504633.0397730151 0.0020093479 11.1654816136 -2.0521140101 0.3166256839 -0.4888299344 0.0000000000 -0.6462540766 3.0284778297 0.8114956711 0.7959137137 -0.9789358219 1.3500680849 0.0000000000 -0.6216177887 -0.9442310376 0.0000000000 0.0000000000 
349770.0000000000 -1132916.1399048958 6092531.2182558049 1504633.1678092997 0.0340643732 10.8275661707 -0.7241513828 0.0307825725 -0.3252040661 0.0000000000 0.2325235836 0.7586846586 0.2584025006 0.0000000000 0.3068722318 0.9457792227 0.0000000000 -0.8730178074 -0.4627508655 0.0000000000 0.0000000000 
349800.0000000000 -1132916.0985215788 6092531.1103264187 1504632.9577243177 0.0178970430 11.0041300577 0.0000000000 -0.1079705445 -0.1565615439 -0.0000000000 0.2141837581 -0.2113206197 0.5303197666 0.2258914650 0.7348502939 0.7970000041 0.0000000000 -1.4902993130 -0.5629741176 0.0000000000 0.0000000000 
349830.0000000000 -1132915.5679041776 6092529.9628683031 1504633.2019392007 0.1234302946 11.1654816136 -0.2696520227 0.4722988990 -0.3964529936 -0.0000000000 -0.7188316836 0.6545109425 -0.4568834821 0.4920530331 0.4604871112 1.2474223237 0.0000000000 -1.4992546809 0.1665818722 0.0000000000 0.0000000000 
349860.0000000000 -1132916.3725271733 6092529.9532958847 1504633.3040745903 0.0725856821 11.1654816136 -1.1448708828 0.8977214365 -0.0930304922 0.0000000000 0.0298825897 0.7562025590 -0.1259368594 -0.3636550762 1.0663491631 1.2004010331 0.0000000000 -1.1553739640 -0.9258342537 0.0000000000 0.0000000000 
349890.0000000000 -1132915.4154409424 6092530.1247673742 1504633.1376006461 0.0208031901 11.1654816136 0.4444748866 0.5013747033 -0.5661080906 -0.0000000000 0.6013255705 -0.0996404769 -0.1663423459 -0.6972073244 0.6551939709 1.0449390002 0.0000000000 -1.7040307723 0.0091829357 0.0000000000 0.0000000000 
349920.0000000000 -1132914.7006192391 6092528.9490334680 1504632.7031786214 0.0509856339 11.1654816136 0.5091058003 0.3653912529 -0.8490372085 -0.0000000000 -0.1789229172 -0.0409074907 0.4894419908 0.4402015716 0.4656110317 0.5499939228 0.0000000000 -2.0116489201 0.2960632186 0.0000000000 0.0000000000 
349950.0000000000 -1132916.5243590248 6092531.5846366072 1504633.9411018288 0.2049511280 11.1654816136 1.3371921751 0.0508102543 -0.2735646653 0.0000000000 0.2484052902 0.7773645205 0.8728930783 -0.0650260786 -1.3443232030 1.8590753750 0.0000000000 -2.5909239674 -0.6498334625 0.0000000000 0.0000000000 
349980.0000000000 -1132916.6009146953 6092532.0614977870 1504633.5661245484 0.2324528591 10.8275661707 0.0000000000 -0.4774805487 -0.8390631412 0.0000000000 -0.1445642387 1.5625903280 1.2231916698 0.9781742000 -1.1642657551 1.3986447067 0.0000000000 -1.9851459677 -0.2265213868 0.0000000000 0.0000000000 
350010.0000000000 -1132916.1854850075 6092530.7394470042 1504633.5141722567 0.0511887961 11.0041300577 0.4172899744 0.8221323433 -0.7810480221 0.0000000000 -0.3158193168 0.4959662054 1.3080876100 0.4096036981 -0.3478453178 0.0000000000 0.0000000000 -1.6934772225 -0.1848480990 0.0000000000 0.0000000000 
350040.0000000000 -1132913.4825090594 6092526.8425716599 1504632.9235120402 0.7020486716 11.1654816136 1.4020679308 -0.3546938888 0.1058872462 0.0000000000 -0.0180555579 -1.7599746280 0.0761021148 0.3927971175 0.9612262531 0.2533471156 0.0000000000 -1.4623933944 0.1202800656 0.0000000000 0.0000000000 
350070.0000000000 -1132915.3098320453 6092529.2484088549 1504632.8011303318 0.0605205515 11.1654816136 0.5008422200 0.4180674610 -0.1114682169 -0.0000000000 -0.4852608296 0.0863173334 0.0366749630 0.3265307808 0.1599990610 1.1297146465 0.0000000000 -1.7924018992 -0.2112559758 0.0000000000 0.0000000000 
350100.0000000000 -1132915.1680492957 6092529.5461961161 1504632.7362307666 0.0272281755 11.0041300577 -0.4159174844 0.3971719047 0.2902464141 0.0000000000 -0.5124215155 0.7382324657 0.1423323773 0.3098453183 0.0453997614 1.2762538404 0.0000000000 -1.2199498883 -0.9107335748 0.0000000000 0.0000000000 
350130.0000000000 -1132914.9833091267 6092528.4354274524 1504632.6266408991 0.4865990154 11.1654816136 0.2216780227 0.1757608061 0.0629034577 -0.0000000000 -0.2069961083 0.1631321333 0.3907474132 0.2088456882 -0.1770331025 0.5077895138 0.0000000000 -0.8667680969 -0.4328212379 0.0000000000 0.0000000000 
350160.0000000000 -1132913.0636777519 6092525.1007265057 1504630.8644586541 0.2382495476 10.8275661707 0.9190198060 0.0000000000 1.0800949976 0.0000000000 -0.2872908008 -1.6201693073 -0.0781256775 0.0627930218 0.7510087256 0.0000000000 0.0000000000 -0.3471799744 -0.7607184710 0.0000000000 0.0000000000 
350190.0000000000 -1132914.3038585521 6092526.5723590190 1504632.0888438548 0.0151571754 11.1654816136 -1.9468869745 -0.0529425430 -0.3490112722 0.0000000000 0.7616889275 1.7483162453 0.1651497108 -0.4541410657 -0.0322884590 0.4243263739 0.0000000000 0.5835871370 -0.5967966905 0.0000000000 0.0000000000 
350220.0000000000 -1132915.1905831369 6092528.2898805048 1504633.0067997824 0.0063278127 11.1654816136 -1.5249291608 0.0398044268 -0.2729434346 0.0000000000 0.2124481523 0.5673829555 0.8512303847 0.5034351073 1.3712367578 0.7464976411 0.0000000000 -1.2962426453 -1.1480359381 0.0000000000 0.0000000000 
350250.0000000000 -1132914.6142355339 6092528.8490981767 1504633.2828581331 0.0000000508 11.1654816136 -0.6903337168 0.4340009848 -0.5008269914 0.0000000000 -0.1618457038 1.3313785724 0.9159242566 0.2922583828 -0.5536882211 0.3907370821 0.0000000000 -0.7694663109 -0.4577980801 0.0000000000 0.0000000000 
350280.0000000000 -1132915.9010301449 6092528.4676981820 1504633.2914267066 0.4015726405 11.0041300577 -0.7443300078 0.3205431697 0.0000000000 -0.0000000000 0.1586525664 1.0585945360 0.2213889133 -0.1558705444 0.0147727719 1.2266473463 0.0000000000 -1.0101101345 -0.9121679211 0.0000000000 0.0000000000 
350310.0000000000 -1132915.8609140646 6092530.2366042444 1504633.5731298488 0.0139861173 11.1654816136 -1.2789504973 0.0254839705 -0.6211780872 -0.0000000000 0.6010594320 2.1885491164 0.6185571092 -0.1552227548 -0.7644225463 1.3197540709 0.0000000000 -0.8535410356 -0.7154034389 0.0000000000 0.0000000000 
350340.0000000000 -1132915.8127532904 6092528.9441217929 1504633.4928613116 0.0003917401 11.1654816136 -2.6588114275 -0.1766808547 -0.6323404531 -0.0000000000 0.6972355850 2.3912887486 -0.2331113784 -0.1357775619 0.4985741034 1.3809607508 0.0000000000 -0.2309530638 -0.5727489794 0.0000000000 0.0000000000 
350370.0000000000 -1132916.0144725130 6092530.7438758491 1504633.7732041532 0.0928812683 11.1654816136 -0.9798724061 0.1122823764 -0.1497412372 0.0000000000 0.7034055814 3.0277309711 0.7752502188 -0.6275605957 -2.3722013001 1.6747090049 0.0000000000 -0.4076670339 -1.2303670290 0.0000000000 0.0000000000 
350400.0000000000 -1132915.0120668628 6092529.4761010585 1504633.6082934064 0.0927720575 11.1654816136 0.3004513896 0.3288864616 0.4002540259 0.0000000000 1.1431605620 -0.0891460474 0.0140710619 -1.1711555718 0.4066876195 1.4060768134 0.0000000000 -1.3610292255 -1.3643366369 0.0000000000 0.0000000000 
350430.0000000000 -1132914.9717943545 6092529.4195556575 1504633.4806510650 0.0054693034 11.1654816136 0.3994658408 0.0741364113 -0.0579483992 -0.0000000000 0.6925673369 0.4699351784 -0.4731678745 -0.8415997908 -0.5489237405 1.0380463307 0.0000000000 -0.5192842028 -0.1103208689 0.0000000000 0.0000000000 
350460.0000000000 -1132915.7872894937 6092528.0631672535 1504633.8617036873 0.7516550904 11.1654816136 0.3422513879 0.5841776263 -0.3174648925 -0.0000000000 0.5968138524 0.3539092541 0.2061120374 -0.6200082913 0.1209278840 1.3671103239 0.0000000000 -1.8956730435 -0.6297286223 0.0000000000 0.0000000000 
350490.0000000000 -1132916.4446531539 6092531.3018592093 1504634.5443337152 0.1194454159 11.1654816136 0.4371235771 0.3868278814 -0.3869522889 0.0000000000 0.7624762929 -0.2088941067 0.4580615346 -0.4759304861 0.5819905471 0.9255336733 0.0000000000 -1.8655564815 -0.6086484405 0.0000000000 0.0000000000 
350520.0000000000 -1132915.2054849924 6092529.2513826201 1504633.0547221757 0.0383020542 11.1654816136 -0.4207070433 -0.0777489739 0.3900696348 -0.0000000000 0.3216712475 -0.6548115618 -0.2366765323 -0.0243763001 1.6774829036 0.8200532772 0.0000000000 -1.0381708464 -0.8973787262 0.0000000000 0.0000000000 
350550.0000000000 -1132914.9449175834 6092529.4435408087 1504632.9844535843 0.2251773805 11.1654816136 1.8213416648 0.0559987330 0.6543736136 -0.0000000000 0.5958413460 -1.4806643957 0.8044207130 -0.4058740476 0.1224392240 0.8890270841 0.0000000000 -1.8657281395 -1.3398327648 0.0000000000 0.0000000000 
350580.0000000000 -1132915.2183979333 6092531.0010764366 1504633.7710415940 0.0573557914 11.1654816136 2.4562090319 0.8255102543 0.3886881330 -0.0000000000 0.9888690427 -0.9198857638 0.4282266169 -1.5319383191 -0.9256094875 1.1373008589 0.0000000000 -1.8393983537 -0.9966193392 0.0000000000 0.0000000000 
350610.0000000000 -1132915.1286752857 6092529.0017448161 1504633.3398197491 0.0757892138 11.1654816136 0.9235973396 -0.6285041348 0.1657723987 -0.0000000000 0.8863716538 0.4074620110 0.5792271978 -0.2072957274 -1.1780112686 1.7158706557 0.0000000000 -1.5097381836 -1.0069436747 0.0000000000 0.0000000000 
350640.0000000000 -1132914.8494565929 6092527.8525829241 1504632.4462293934 0.0094702467 11.1654816136 0.5110599518 -0.0375347612 0.1472740762 -0.0000000000 0.4202208391 0.0374170368 0.7815550263 -0.0610246206 -0.3414217599 0.9446425588 0.0000000000 -1.3424545344 -1.0104949556 0.0000000000 0.0000000000 
350670.0000000000 -1132916.5716791917 6092529.4042188190 1504634.0812945766 0.0237193414 11.1654816136 -0.9956773512 0.6662705546 -0.6151290196 -0.0000000000 0.0693143303 1.0909244471 1.2149050931 0.4507603745 0.7227145604 1.4743033338 0.0000000000 -2.6775023354 -1.2563220580 0.0000000000 0.0000000000 
350700.0000000000 -1132916.3128648538 6092531.2962473752 1504633.9467624209 0.2409759825 11.0041300577 0.5934110075 0.1827042891 -0.0881768113 0.0000000000 0.7955986716 0.0000000000 1.2315485735 -0.3113334330 -0.3086161408 0.7473792225 0.0000000000 -1.5927800377 -1.1976878664 0.0000000000 0.0000000000 
350730.0000000000 -1132915.7742512226 6092531.2479329854 1504632.4757041007 0.0523342008 11.0041300577 0.6122483741 0.8014586663 -0.4400210063 -0.0000000000 0.3949065730 0.0000000000 0.4597498696 -0.4579878185 0.2096147473 1.0590294958 0.0000000000 -2.0703733942 -0.5017842191 0.0000000000 0.0000000000 
350760.0000000000 -1132915.4403826587 6092527.6613905579 1504631.7272453413 0.1723974948 11.0041300577 -0.3874631748 0.3888350555 -0.2699106450 0.0000000000 0.4659193241 0.0000000000 0.5010947187 -0.0096984027 1.2652837407 1.0816625379 0.0000000000 -2.0654885262 -0.9861999527 0.0000000000 0.0000000000 
350790.0000000000 -1132914.9410867123 6092528.2221180424 1504632.8523060840 0.0081441857 11.0041300577 0.3203718705 0.2086540560 -0.4232621474 -0.0000000000 0.9052404236 0.0000000000 1.0680003611 -0.3429495484 0.0159057338 0.3198886002 0.0000000000 -1.2772774496 -0.7610687566 0.0000000000 0.0000000000 
350820.0000000000 -1132915.6815875785 6092529.8154206369 1504633.2068846726 0.5275524787 11.0041300577 -0.4595050878 0.1270352205 -0.3854799089 0.0000000000 0.0513014587 0.0000000000 0.2748655841 0.5294581465 1.3688452525 1.2283700063 0.0000000000 -2.1731494441 -0.5852187041 0.0000000000 0.0000000000 
350850.0000000000 -1132915.5379918483 6092529.5496378774 1504632.8345402435 0.0283250331 11.0041300577 1.1153909997 0.4219473212 -0.1762094060 0.0000000000 0.1023829389 0.0000000000 0.8690462080 -0.1152656150 -0.8906250446 0.9008169769 0.0000000000 -1.5977811788 -0.5227635890 0.0000000000 0.0000000000 
350880.0000000000 -1132914.2912883975 6092523.9143868061 1504631.6356815407 0.1330008549 11.0041300577 -0.9210400596 0.0567490458 0.1245409204 -0.0000000000 -0.3171878305 0.0000000000 0.7236856573 0.8414222293 1.3704131625 0.7351931491 0.0000000000 -1.5523703943 -1.1411158539 0.0000000000 0.0000000000 
350910.0000000000 -1132915.3442283019 6092526.1555268103 1504632.3115268578 0.0014872418 11.1654816136 0.7635605263 0.4555669637 0.0214655054 0.0000000000 -0.0879226241 0.0000000000 0.8953942978 0.3751955808 0.1952949928 1.1961174805 0.0000000000 -2.6364672980 -0.8408582746 -0.3488154429 0.0000000000 
350940.0000000000 -1132915.0900672923 6092528.6344735213 1504632.6319120079 0.1617395919 11.1654816136 0.7651081499 0.1330638661 0.0717426819 -0.0000000000 -0.1135926774 0.0000000000 0.2816689672 0.7023998754 0.8925821058 0.9012887580 0.0000000000 -2.7627191242 -0.1723892146 -0.8346902477 0.0000000000 
350970.0000000000 -1132913.8039140799 6092527.4829246923 1504632.9195194615 0.1221385413 11.3140434823 0.1549136634 0.9337746127 0.5369412201 0.0000000000 0.1260526201 0.0000000000 0.0337974263 0.6166336167 1.7344035226 -0.5895923900 0.0000000000 -1.8992576823 -0.6281017861 -0.5102247939 -0.8603070366 
351000.0000000000 -1132915.6072511873 6092526.6549090846 1504632.9480194126 1.5514794918 11.3140434823 -0.9816866368 1.1215054914 -0.4863479647 0.0000000000 0.3231558123 0.0000000000 -0.0014040549 0.5533439814 0.4775948802 0.7716151284 0.0000000000 -0.7127689868 -1.5850009736 2.2631876738 -1.7167969522 
351030.0000000000 -1132914.2454080274 6092526.2188122096 1504632.6930108899 0.9548753602 11.3140434823 2.5358245025 1.1688715039 1.0712311276 -0.0000000000 -0.1005062965 0.0000000000 -1.1087684974 0.5218261250 -0.6671255167 0.9267491325 0.0000000000 -2.5065038817 -0.3470312867 0.0298567785 -1.6821468555 
351060.0000000000 -1132914.5627361313 6092529.5613810681 1504632.2435427192 0.1255252162 11.3140434823 -0.5229313201 -0.0076859480 -0.1089266652 -0.0000000000 -0.3382718135 0.0000000000 0.1033022864 -0.6965325259 1.0600483984 1.1929594253 0.0000000000 -1.0907871686 0.0468566054 -0.9959609419 1.4344248839 
351090.0000000000 -1132914.5657905296 6092526.9135507783 1504633.9605514817 0.7829575199 11.3140434823 1.0519000814 0.4795912028 0.6031389796 0.0000000000 0.0978375353 0.0000000000 -0.3313018428 1.2503860898 -0.5703919330 1.0628371905 0.0000000000 -1.7158407728 -1.2819986114 1.2045338525 -1.9182463600 
351120.0000000000 -1132915.7544374666 6092528.1839551441 1504633.5199955299 0.0441564352 11.3140434823 -0.4954327051 0.0909875570 0.7228065104 0.0000000000 -0.1981246379 0.0000000000 -0.7188889636 1.2062403595 0.6793824750 0.7768936800 0.0000000000 -0.6717041279 -1.2440526731 1.1005710650 -1.3792745705 
351150.0000000000 -1132914.2833250193 6092526.7861994794 1504632.0308199734 0.0186119997 11.3140434823 -0.0101943266 -0.0504562209 0.0830024420 -0.0000000000 0.3065766223 0.0000000000 0.5495772213 1.1445525933 0.3268447968 0.3185315368 0.0000000000 -1.2923764954 -1.0951540487 0.6114618507 -0.9854059726 
351180.0000000000 -1132914.8834453127 6092527.4209957523 1504632.6019983876 0.0074280637 11.3140434823 0.0026796128 -0.1593367900 -0.4118365201 -0.0000000000 0.2159131882 0.0000000000 0.1272204090 0.3337132317 0.3083515391 0.8571606999 0.0000000000 -1.1656928272 -0.1828334570 0.1424751218 -0.0347396127 
351210.0000000000 -1132913.2618291762 6092525.3416555086 1504632.3540609505 0.7501335087 11.3140434823 0.4659519564 -0.0173747152 0.8268751359 -0.0000000000 -0.4709878101 0.0000000000 -0.4630504828 0.2518872612 0.3925046667 1.0054122611 0.0000000000 -1.2389855851 -0.3175860095 -0.5914404668 0.1098566467 
351240.0000000000 -1132914.1508563221 6092529.0753880721 1504633.6562748326 0.0667897908 11.3140434823 0.8291092150 0.3516042061 -0.3293281267 0.0000000000 0.2560640744 0.0000000000 -0.6760593211 -0.5306763337 -0.0348881231 1.2401054310 0.0000000000 -1.3592074159 0.4120263381 -0.1809684747 0.1310541805 
351270.0000000000 -1132912.9889367279 6092527.1733206287 1504633.5693131974 0.0436850273 11.3140434823 1.6802966606 0.5968065114 0.8745526721 0.0000000000 -0.0439436350 0.0000000000 -0.5376273835 0.1127273729 -0.4751576126 -0.1528361673 0.0000000000 -0.9693916553 0.1041119955 -0.4823147190 -0.7575183946 
351300.0000000000 -1132914.3154229978 6092527.2005354324 1504633.2383261113 0.0037967598 11.3140434823 0.2857516791 0.6863948507 -0.2522765677 0.0000000000 0.0891915391 0.0000000000 -0.8851197415 0.3494413707 -0.0020906830 0.7142531611 0.0000000000 -0.7675663972 -0.0973805248 1.0436604130 -1.1339989413 
351330.0000000000 -1132914.7017720847 6092529.2848852584 1504633.5763369070 0.2117492244 11.3140434823 -0.1327820295 0.3180150416 0.2490665040 -0.0000000000 0.3754191207 0.0000000000 0.0717463282 0.4230833809 0.6509361518 0.4158991877 0.0000000000 -1.1141938708 -1.0421410824 0.4329598605 -0.7209304360 
351360.0000000000 -1132915.7231972781 6092528.2350958949 1504632.7213460982 0.6955463104 11.3140434823 -1.0940548701 0.4692275104 -0.3453559418 -0.0000000000 -0.1582621260 0.0000000000 0.0256786537 1.2047024028 1.6780787119 0.7635090537 0.0000000000 -1.7649030747 -0.9230249726 0.8705056861 -0.8670403754 
351390.0000000000 -1132915.0172802042 6092527.5450530937 1504632.7350608537 0.0773720657 11.3140434823 -0.0523732373 0.6551862864 0.3334833722 -0.0000000000 -0.4953098035 0.0000000000 -0.1550741247 -0.1723424742 0.7199207499 1.3534784551 0.0000000000 -1.6057310315 -0.5742366617 -0.2462668963 0.2359371412 
351420.0000000000 -1132914.2663845208 6092527.8317885986 1504632.0663476612 0.0127911098 11.3140434823 0.3615091675 0.0242600603 0.1746150908 -0.0000000000 -0.1615486557 0.0000000000 0.0238164540 0.4926811797 0.0742452315 -0.0668696799 0.0000000000 -0.5611618106 0.0432651379 -0.1501747124 -0.2864306839 
351450.0000000000 -1132915.0525473561 6092528.1224740520 1504633.3376421691 0.0000797339 11.3140434823 0.5145395445 0.8211654753 -0.1148359306 0.0000000000 -0.1088592393 0.0000000000 0.2177893278 1.4268265683 0.2359216030 -0.0004983378 0.0000000000 -1.7441134140 -0.5077734787 0.8018379876 -1.6059564459 
351480.0000000000 -1132915.9742819855 6092528.1357597858 1504632.4479112437 0.0101916782 11.3140434823 0.2318208496 0.4134517287 0.0257798746 0.0000000000 -0.4796995520 0.0000000000 0.2328294864 0.6357769912 -0.0328440453 0.8721184969 0.0000000000 -1.3207934769 -0.4305714503 0.2565365562 -0.3876517050 
351510.0000000000 -1132915.4145621886 6092528.6408935841 1504633.3246362195 0.2180905709 11.3140434823 0.1370953597 0.4110930820 -0.0858549404 -0.0000000000 0.2760232458 0.0000000000 -0.5290734342 0.4974502337 0.2673710629 1.3702715390 0.0000000000 -1.5088052270 -0.7696270677 0.8840172596 -0.9151860543 
351540.0000000000 -1132914.9709013614 6092529.6162767559 1504633.2667936941 0.2802218122 11.3140434823 0.1004904495 1.3005837696 -0.5401956096 -0.0000000000 -0.6710972892 0.0000000000 -0.1151188348 0.0671931069 -0.3734200214 1.9370022478 0.0000000000 -1.6313280789 -0.4560537024 1.0096043624 -0.5026853071 
351570.0000000000 -1132914.1740270406 6092528.6479647066 1504633.0403779924 0.0231353968 11.3140434823 0.4187508592 1.0610278492 0.3153213566 0.0000000000 -0.0401360694 0.0000000000 -0.4618264275 0.0040642255 1.2437944707 0.8673126593 0.0000000000 -2.3453356251 -0.3994226549 -0.2873521686 -0.4190756866 
351600.0000000000 -1132913.8093529649 6092528.6949344575 1504632.9827501599 0.0055819419 11.3140434823 1.5970914176 0.8362269915 0.3834097756 -0.0000000000 0.0682105957 0.0000000000 -0.4727709313 0.4770420391 0.1675075656 -0.0609937822 0.0000000000 -1.8925046020 0.3225645538 -0.3854155653 -0.9938185036 
351630.0000000000 -1132913.3441634036 6092527.8756027995 1504633.1577980330 0.4868148959 11.3140434823 3.5310283726 0.6246214074 1.6695538562 -0.0000000000 0.1811332315 0.0000000000 0.4436144780 0.4876490110 -0.6232145806 -0.1611365136 0.0000000000 -3.1874027220 -0.1272147242 -1.9463699912 -0.7310771743 
351660.0000000000 -1132914.5362376636 6092528.6743342904 1504633.0105230492 0.0182616162 11.3140434823 1.8549694072 0.9701138710 0.1512659009 0.0000000000 -0.1220619766 0.0000000000 0.3322527705 0.0519702022 -0.8740846739 0.2171166733 0.0000000000 -1.6773164150 0.2542775686 -0.4572031055 -0.5265144475 
351690.0000000000 -1132915.8746729002 6092530.9241277585 1504634.0967272990 0.0039403699 11.3140434823 1.1687792975 0.2030443698 0.4871834653 -0.0000000000 0.1576083479 0.0000000000 -0.2212958514 0.2670702235 -0.2504669000 0.6764095778 0.0000000000 -1.4043231672 -0.2551348366 -0.2565065650 -0.4680461410 
351720.0000000000 -1132916.3209803787 6092529.7946798708 1504633.6379995907 0.0360514403 11.3140434823 1.5304669655 0.5770624057 0.1868285041 -0.0000000000 0.6038000421 0.0000000000 -0.6099827468 0.4451143670 -1.4521329936 1.4715060168 0.0000000000 -1.2702918722 -0.8355966248 1.2114218227 -1.5998871204 
351750.0000000000 -1132914.4613627696 6092528.0020076716 1504632.5864201230 0.0035863094 11.3140434823 1.1790099339 -0.2002461465 0.3897239785 0.0000000000 -0.2378902549 0.0000000000 -0.5500288268 0.0973727220 -0.8998462137 1.1546115694 0.0000000000 -0.7057369328 0.2478951571 -0.2769229861 -0.0133244768 
351780.0000000000 -1132914.5202642702 6092527.3767759837 1504632.7662856141 0.1131697152 11.3140434823 1.1283494379 1.1879938359 0.3141716462 -0.0000000000 0.1902724384 0.0000000000 -0.2305314386 -0.4790472825 0.3091584588 0.6322105615 0.0000000000 -1.9665725705 -0.1908173811 -0.4210209306 -0.3618993009 
351810.0000000000 -1132915.8679437973 6092529.9193322631 1504633.8018716739 0.0331500845 11.3140434823 -0.6608507737 0.3666389623 -0.5346982366 -0.0000000000 0.3290575742 0.0000000000 -0.5804852388 0.8517909509 1.1899650185 1.4138292659 0.0000000000 -1.8589033180 -0.7744623148 1.0800704201 -0.8998426500 
351840.0000000000 -1132915.6984441022 6092529.4850128377 1504633.4663580402 0.0096361746 11.1654816136 -0.4178174646 1.4650880369 -0.2029498423 0.0000000000 -0.0758658132 0.0000000000 -0.3108174176 -0.7266456690 1.2650024368 1.7213980700 0.0000000000 -2.2357410739 -0.7542592370 0.1862569616 0.0449318941 
351870.0000000000 -1132915.7243487258 6092526.3601138769 1504632.9720895954 0.2700823859 11.1654816136 -1.7089444984 0.5838583360 -1.0751694369 0.0000000000 -0.8193563422 0.0000000000 -0.1830844655 0.1768791106 1.5932114539 1.1966056561 0.0000000000 -1.1053430640 0.1963637035 0.4442587094 0.4726260035 
351900.0000000000 -1132915.5515664213 6092529.4841823224 1504633.1985752329 0.1022383484 11.3140434823 -0.3211424713 0.4954633275 0.6646319932 0.0000000000 -0.3820666247 0.1153701619 -0.7348826253 0.3795644801 1.3551124725 0.9261732955 0.0000000000 -1.5905998421 -0.5654382104 -0.0715781516 -0.3788720302 
351930.0000000000 -1132915.5045839071 6092527.9624090455 1504633.5141728160 0.0000003092 11.3140434823 -0.4609914538 0.8748239608 0.0013725704 0.0000000000 0.9184409637 0.7176567335 -0.8106690133 1.2801920855 0.1105833121 0.6160045839 0.0000000000 -1.2778559576 -1.4585260233 1.9905029551 -2.5158537920 
351960.0000000000 -1132915.5804631254 6092528.0621080436 1504632.7484117313 0.0738713299 11.3140434823 -1.1250932710 0.3099375346 -0.5658448698 0.0000000000 0.7188794273 0.5436876791 -0.0126638910 0.8105246319 1.2725872139 0.5933101774 0.0000000000 -1.7369762838 -0.9075243321 0.7252442864 -0.7893246121 
351990.0000000000 -1132915.2520134079 6092527.1857981132 1504632.3360920679 0.1813192933 11.3140434823 -1.9931412118 0.1603016270 -0.8871970664 0.0000000000 0.5238154678 1.4881593926 -0.0097306458 0.3903368800 -0.0561652490 1.1740452180 0.0000000000 -0.7555829056 -0.7736869334 0.9467972291 -0.3657623537 
352020.0000000000 -1132914.4574062976 6092527.6574631026 1504633.1292905270 0.0877825898 11.3140434823 -2.0117475274 0.0187688723 0.6177859758 0.0000000000 0.2314845192 2.5820976534 -0.2870238969 1.4027819375 0.6197087239 0.6185356957 0.0000000000 -1.9218738715 -1.0596262254 -0.0933181894 -0.9551283384 
352050.0000000000 -1132913.5241459762 6092526.0033039330 1504631.8605748937 0.1110225549 11.3140434823 0.2074913640 0.2197253836 0.6952993227 0.0000000000 -0.0327001491 -0.8953777138 0.3194939501 -0.1879247507 1.7843929341 0.8297679740 0.0000000000 -1.7850240671 -1.1406993855 -0.5675017038 0.4522910454 
352080.0000000000 -1132915.3106434720 6092528.8108451068 1504633.1101194283 0.0541039291 11.3140434823 0.4923115530 0.5371090190 0.4857477635 0.0000000000 0.0260103657 -0.0030714900 -0.3408663994 0.1062749867 -0.1338808707 1.3664369755 0.0000000000 -1.3291378004 -0.8623330113 0.3436126821 -0.5788552282 
352110.0000000000 -1132912.4445141514 6092527.9093085490 1504632.5590096854 0.4515244419 11.3140434823 0.8858880446 -0.5763974151 1.4043115164 0.0000000000 -0.4043281141 1.0495986477 -0.0804863876 0.7367612508 -0.4277227858 0.4378407780 0.0000000000 -1.4599565673 0.0774307217 -1.5581181319 0.0910067471 
352140.0000000000 -1132915.3857421321 6092528.4674173882 1504633.1146308174 0.1415903579 11.3140434823 0.5031593777 0.4328694896 0.7869807486 0.0000000000 0.2028894138 0.1811805274 -0.8651425894 0.7140968344 -0.9242064225 1.0644598385 0.0000000000 -0.3782311600 -1.1888477270 1.3505269755 -1.7247006355 
352170.0000000000 -1132915.2349375740 6092528.1951292995 1504632.4825961979 0.0075104529 11.3140434823 -2.7153976032 -0.3781491051 0.1813844071 0.0000000000 -1.1273048831 0.7782315735 0.7416481563 0.5102220584 1.2386195709 0.4904409723 0.0000000000 -0.1867964402 -0.7625991833 -0.3010667013 0.9527801770 
352200.0000000000 -1132915.3289034416 6092529.7934059026 1504633.3166007053 0.0000536190 11.3140434823 -0.0090813103 -0.3191215460 0.0153362235 0.0000000000 0.1247127787 -1.0913184332 0.0538470596 1.1955014451 0.9299900261 0.4054547312 0.0000000000 -0.5559021710 -1.0786289729 1.0789417625 -0.8491951821 
352230.0000000000 -1132914.0956305212 6092529.0622450244 1504633.2123543541 0.0820228452 11.3140434823 0.5914491753 0.5554834860 0.6002996017 0.0000000000 0.3153048547 0.5344351796 0.1594068709 -0.4062857994 -0.9151973246 0.4980648190 0.0000000000 -0.5930018117 -0.6705984074 -0.1232040928 -0.3562098545 
352260.0000000000 -1132914.7310424515 6092529.0580992624 1504633.2755425111 0.1322674349 11.1654816136 0.0000000000 0.3181996614 0.7511076616 0.0000000000 0.4705616515 2.0682221283 -0.4269088103 -0.1916430981 -0.8345893942 1.1733654736 0.0000000000 -1.7980768563 -0.3308690855 -0.8785108364 -0.1604897896 
352290.0000000000 -1132914.2618212076 6092527.3569657179 1504632.5888400956 0.0046806916 11.1654816136 0.0000000000 0.4689466563 0.1414085770 0.0000000000 0.1453189397 0.7867793726 -0.5552662955 0.5086762436 0.2441782254 0.5016082814 0.0000000000 -1.4586094660 -0.0205045751 0.0186680284 -0.7370295984 
352320.0000000000 -1132914.3878035110 6092528.0108281411 1504632.4435696150 0.0064528341 11.1654816136 0.0000000000 0.6959345459 0.1661635695 0.0000000000 -0.1850872049 0.8201955981 0.5045103104 -0.0756989759 0.2255879748 0.6662468552 0.0000000000 -2.0207655587 -0.1036474187 -0.9047258327 0.2343789971 
352350.0000000000 -1132913.8748749231 6092529.5052708238 1504632.8737682765 0.2683226775 11.1654816136 0.0000000000 0.3452529936 1.0723212580 0.0000000000 -0.0782627486 1.1468857408 0.0096234368 0.1168461485 -0.3349816050 0.6522106440 0.0000000000 -1.2841752084 -0.6925302912 -0.5989202118 -0.3011579362 
352380.0000000000 -1132914.6969154677 6092528.6416656366 1504632.6848117441 0.1264976318 11.1654816136 0.0000000000 0.5570813882 0.7368396725 0.0000000000 -0.6023718510 1.0511617215 1.1048327916 0.0903358137 -0.3744200050 0.3863044348 0.0000000000 -1.6603940586 -0.3551809345 -1.2160355571 0.2985410112 
352410.0000000000 -1132914.1044099750 6092529.2034264142 1504632.3782852327 0.2700125775 11.1654816136 0.0000000000 -0.4897646273 1.0773506264 0.0000000000 -0.5598333429 0.6253152647 -0.2610985571 0.0569483650 0.2927757599 1.3178690358 0.0000000000 -1.3471979109 -0.2453163336 -1.2481748555 0.7856240784 
352440.0000000000 -1132915.4204535310 6092525.8464178396 1504632.4593386345 0.0712138406 11.1654816136 0.0000000000 0.7647175689 -0.5537050723 0.0000000000 -0.9038898247 -0.5032378895 0.0656315614 -0.0504585755 -0.6689934013 2.0606189948 0.0000000000 -0.7679036427 -0.1686700425 0.6955421931 0.0441391691 
352470.0000000000 -1132915.0144379043 6092530.1404299624 1504634.3265866756 0.0056325747 11.1654816136 0.0000000000 0.8786977759 0.1558420691 0.0000000000 1.0716179443 1.1293971082 -0.0658390731 -0.1386588079 -0.2449852315 0.3612652524 0.0000000000 -1.5017946591 -0.8327937338 0.2073490045 -0.9204654298 
352500.0000000000 -1132915.9003962914 6092530.2048759423 1504633.6629672928 0.0383554107 11.1654816136 0.0000000000 0.6516677290 0.4069723524 0.0000000000 0.4858799598 1.1089959504 -0.5366138596 -0.0452753304 -0.6266068076 1.1443974265 0.0000000000 -1.2912138780 -0.6586061848 0.2391465882 -0.7677089337 
352530.0000000000 -1132914.5739245636 6092526.8758512512 1504633.0732040883 0.0029950735 11.1654816136 0.0000000000 1.4049842554 0.1138124507 0.0000000000 0.0251582060 0.8580752502 0.0240202539 0.0231611813 0.9099916733 0.8497040099 0.0000000000 -3.0056524916 -0.1832691221 -0.5634290541 -0.4371932012 
352560.0000000000 -1132914.7859962280 6092528.8812403027 1504633.5356989636 0.1328399965 11.1654816136 0.0000000000 0.7043110972 0.7585079225 0.0000000000 -0.2026492325 -0.6531746638 -1.1476775117 -1.2787327386 0.9947189670 0.8797384609 0.0000000000 0.0389777545 -0.5134579404 0.1471371106 0.2250284248 
352590.0000000000 -1132914.6536805537 6092528.7057786612 1504633.4801990893 0.0000764732 11.1654816136 0.0000000000 0.8016581254 -0.0182326569 0.0000000000 0.7212541226 0.8814626757 -0.2779805484 -0.3345067444 0.7638682579 0.9169746233 0.0000000000 -2.4698597157 -0.3017499421 -0.5325307722 -0.0950977223 
352620.0000000000 -1132914.9583460058 6092527.9817313859 1504633.2752737715 0.0007897756 11.1654816136 0.0000000000 0.6458838796 0.0585748083 0.0000000000 -0.1068252043 0.6943936940 0.0917869657 -0.0301823227 0.9839167021 1.0622489365 0.0000000000 -2.7966675722 0.1031620204 -1.0924123102 0.3913242509 
352650.0000000000 -1132914.4637890419 6092527.8469533306 1504632.6915273443 0.0023625636 11.1654816136 0.0000000000 0.6895164202 0.1013777280 0.0000000000 -0.2100813823 0.0019591262 0.6380628294 -0.8094515756 1.9369164221 0.9212457365 0.0000000000 -2.9210747127 -0.0663413474 -1.7591491512 1.3982629084 
352680.0000000000 -1132914.0272458883 6092529.2021924304 1504633.3871345527 0.1560786115 11.1654816136 0.0000000000 0.4361300132 0.8245704965 0.0000000000 -0.6450497119 1.1868947734 -0.1864512327 0.1802705601 0.2805880511 0.2386367554 0.0000000000 -1.6268343385 0.5034714974 -1.2044107900 0.0387859376 
352710.0000000000 -1132914.1586511622 6092527.0927802501 1504632.6838632664 0.0309461117 11.1654816136 0.0000000000 1.2029725175 0.3674257680 0.0000000000 0.1542555102 0.0620562256 -0.9113783433 -0.8732830441 1.0307784675 0.6268152812 0.0000000000 -1.1486015263 -0.2598506938 0.0512124249 -0.3046310605 
352740.0000000000 -1132914.8602298265 6092528.9715346871 1504633.5413915522 0.0507543491 11.1654816136 0.0000000000 1.6439626689 0.4708785626 0.0000000000 0.8275392496 0.9429434185 -0.7617748152 -0.2674558725 0.9930633526 0.1645364620 0.0000000000 -2.2279437611 -0.5963317580 0.2142534757 -1.3475258729 
352770.0000000000 -1132915.6324618408 6092527.4816931728 1504633.5980813922 0.0004681297 11.0041300577 0.0000000000 0.4124910823 0.0428060592 0.0000000000 0.5073663132 0.7148620359 -0.4011193720 0.2620468057 0.2065459258 1.0661095168 0.0000000000 -1.8725303464 -0.4000104115 0.0000000000 -0.4784280708 
352800.0000000000 -1132914.7655810872 6092529.5336522870 1504633.1738242374 0.2942833265 11.1654816136 0.0000000000 0.4955031405 1.1354268520 0.0000000000 0.9892064500 0.7630310868 -1.0748373988 -0.9499719757 1.4726344572 0.6853778224 0.0000000000 -1.8721448574 -0.9380744286 -0.6884152336 0.0175046506 
352830.0000000000 -1132914.9030560791 6092527.4633368971 1504633.8284585613 0.0437574816 11.1654816136 0.0000000000 1.5347430311 0.4381291466 0.0000000000 0.4698533874 0.9480438868 0.2479099324 -0.0218700384 0.0698316114 0.1494186048 0.0000000000 -1.9376716240 -0.7639397630 0.1324914916 -1.2135856413 
352860.0000000000 -1132914.4301410266 6092528.7642735215 1504632.5991616538 0.0981112090 11.1654816136 0.0000000000 -0.2300676103 0.6564933351 0.0000000000 0.2757869788 1.4939335554 -0.0784111145 -0.0452124201 -0.7413601531 0.9927101969 0.0000000000 -1.3594905791 -0.1945541285 -0.9764594584 0.3091487976 
352890.0000000000 -1132914.8558301916 6092528.7453911295 1504633.2429627592 0.1515152550 11.1654816136 0.0000000000 0.2143993199 0.8163802479 0.0000000000 -0.0458863027 1.7191727826 1.0596166552 -0.5918503068 -0.7612598683 0.6968342974 0.0000000000 -1.9216378338 -0.1659059925 -1.9624232113 1.0170035969 
352920.0000000000 -1132914.8063517369 6092530.2618344128 1504633.3656325035 0.0350531271 11.1654816136 0.0000000000 1.0404425762 0.3929352499 0.0000000000 0.5838928854 2.2376988283 -0.1770823367 -1.3755821282 -1.9412248649 1.2238933682 0.0000000000 -1.1838026547 0.0491477644 -0.8355215234 0.1767729322 
352950.0000000000 -1132915.5612977340 6092529.2918009199 1504633.4887871190 0.0000041885 11.1654816136 0.0000000000 0.3546287246 -0.0044237705 0.0000000000 0.6284382220 1.2144985344 -0.1042593769 -0.6834903594 -0.0124074136 1.0477649991 0.0000000000 -1.9780359697 0.0339727002 -1.0492037582 0.6364887157 
352980.0000000000 -1132915.4517375005 6092529.1829599636 1504633.5746540809 0.0409592461 11.1654816136 0.0000000000 0.4498042695 0.4253090590 0.0000000000 0.3655357618 0.3302308976 -0.3374090419 -0.8496689154 1.1353283386 0.7440412443 0.0000000000 -1.6700910243 -0.3420301280 -0.8559305203 0.6037106543 
353010.0000000000 -1132915.1001539915 6092529.7970380345 1504633.7367728031 0.0006150971 11.1654816136 0.0000000000 0.6972244045 0.0521637726 0.0000000000 0.2815742320 0.5565783057 -0.6187811995 0.6922962222 0.0108492730 1.0164402222 0.0000000000 -1.6650539006 -0.3666559557 0.6237477225 -1.2238290127 
353040.0000000000 -1132915.6600159064 6092528.1909996299 1504632.9697362834 0.0187036740 11.1654816136 0.0000000000 0.8467006127 0.2877784075 0.0000000000 -0.3313790410 0.1780722543 -0.2501680913 0.4328951186 -1.0621455211 1.7529795198 0.0000000000 -0.8657945463 -0.7570781637 0.9470164407 -1.1396703820 
353070.0000000000 -1132914.8197768561 6092528.6421704879 1504633.0627380384 0.0554662921 11.1654816136 0.0000000000 0.4773227768 0.4958865257 0.0000000000 0.1216899100 1.1401885665 0.0195176569 0.4397893270 -1.2345678133 0.2730805232 0.0000000000 -0.5551420750 -0.2714083919 0.2378514426 -1.0517305014 
353100.0000000000 -1132915.8627402177 6092528.3285210840 1504633.4136844508 0.0730802367 11.1654816136 0.0000000000 0.6009775714 -0.5695629319 0.0000000000 0.8759266828 1.4051902814 -0.7758317120 0.4519717489 -1.3538409225 0.3049918351 0.0000000000 -0.6114330898 0.4003832647 0.8223814343 -1.3910311582 
353130.0000000000 -1132914.7199158997 6092529.0873258971 1504633.3894046193 0.0437768013 11.1654816136 0.0000000000 0.7177448013 0.4410992208 0.0000000000 0.4150396795 1.6488575587 -0.2545321399 0.3750150732 -1.1590844572 0.7447118031 0.0000000000 -1.5290945498 -0.1910103952 0.0328656301 -1.1109207336 
353160.0000000000 -1132913.8651567569 6092527.9541615527 1504633.6056934462 0.6132899260 11.1654816136 0.0000000000 -0.1620425889 1.6520156043 0.0000000000 0.4848092199 2.3017131742 0.0700855935 -0.3576678195 -0.8844945659 0.1823438762 0.0000000000 -1.3379565456 -0.4553445189 -1.5329776549 0.1706465186 
353190.0000000000 -1132915.1434610633 6092527.9182634661 1504632.9614460741 0.0003168705 11.1654816136 0.0000000000 0.1574495926 -0.0375799063 0.0000000000 -0.2177037553 0.0909629106 -0.0535993600 0.6829680321 0.1082105954 0.7778109643 0.0000000000 -1.1461138662 -0.0646103104 0.0961725991 -0.3941709135 
353220.0000000000 -1132914.1060931252 6092524.9605815746 1504632.2102163278 0.0218919862 11.1654816136 0.0000000000 0.0728650205 0.3125005559 0.0000000000 -0.7815049413 -0.3200817429 0.9620834971 0.9921451240 0.1491732887 -0.2295724882 0.0000000000 -0.5046810663 -0.2152907860 -0.0781553189 -0.4221025386 
353250.0000000000 -1132915.8728481031 6092528.8093921049 1504633.7559908291 0.0129097836 11.1654816136 0.0000000000 0.3696244832 0.2401220293 0.0000000000 0.2183688274 0.0875963197 -0.6973327292 0.5644232381 0.4025766386 0.5139592875 0.0000000000 -0.8790975843 -0.4165352591 0.6686851009 -1.0526214427 
353280.0000000000 -1132914.6479512290 6092527.4561422868 1504633.5556451865 0.1424179284 11.1654816136 0.0000000000 0.8911613017 0.7980133335 0.0000000000 0.2290004262 0.4494992764 -0.6484545403 0.1295019388 -0.0588781947 0.5977695445 0.0000000000 -0.8809749766 -0.7731069267 0.6828524885 -1.3721627617 
353310.0000000000 -1132914.4924094491 6092528.7157569891 1504633.3818204536 0.1309494157 11.1654816136 0.0000000000 0.3317861758 0.7656566987 0.0000000000 0.3104759553 1.7793443417 0.3912231544 -0.1151565454 -1.1209184586 0.7266012153 0.0000000000 -1.6794293482 -0.2421959505 -0.9970053506 -0.0456705704 
353340.0000000000 -1132914.4632355100 6092525.6711654924 1504632.8608399327 0.0392586545 11.1654816136 0.0000000000 0.0309924193 0.4194706209 0.0000000000 -0.2948361349 -0.5805559722 0.4764144168 0.3411575926 0.1881149773 0.8168357180 0.0000000000 -0.5420908290 -0.9492827236 0.1585300354 -0.1202805490 
353370.0000000000 -1132915.0181846551 6092528.3475201577 1504634.0888090332 0.0792949726 11.1654816136 0.0000000000 0.2922166282 0.5964925075 0.0000000000 0.1747725032 1.6940831718 -0.9730385803 0.4765200935 -0.1336253623 0.6881283023 0.0000000000 -1.9865382450 0.4916731908 -0.5289316294 -0.6814220721 
353400.0000000000 -1132915.4325992251 6092526.9983992698 1504633.4257096697 0.0195464769 11.1654816136 0.0000000000 0.5846644022 0.2963245572 0.0000000000 0.1598207243 -0.6073150298 -0.5615870881 -0.0538752118 0.4697105872 1.6867808503 0.0000000000 -1.0370430390 -1.1581402044 0.7612133061 -0.5666987269 
353430.0000000000 -1132915.5291228341 6092527.5541397566 1504633.4729521165 0.0060304480 11.1654816136 0.0000000000 0.3670562075 -0.1646855351 0.0000000000 0.6727958993 0.0791838375 -0.3836969920 -0.3562058167 1.4623415898 0.8241068580 0.0000000000 -2.0833090574 -0.3630012554 -0.4589721604 0.3997656244 
353460.0000000000 -1132914.1967040205 6092527.4710968221 1504634.2564027125 0.4223891241 11.1654816136 0.0000000000 0.4168869781 1.3790051078 0.0000000000 0.8407203673 1.7660142302 -0.8091433548 0.2454516941 0.3336606563 -0.2972717952 0.0000000000 -1.7157556283 -0.5139514099 -0.2769208316 -1.2524424910 
353490.0000000000 -1132914.7332962782 6092528.9497156367 1504633.6733741756 0.0240377408 11.1654816136 0.0000000000 0.4538782688 0.3291508521 0.0000000000 0.5456460702 0.2946874213 -0.8481548441 0.4095671507 1.1991219698 0.5343536782 0.0000000000 -1.8232591766 -0.4805768277 0.2736760370 -0.8637219154 
353520.0000000000 -1132914.1498240007 6092529.9595862860 1504633.3172313790 0.4069667707 11.1654816136 0.0000000000 -0.0124078605 1.3550638059 0.0000000000 0.4553842188 1.6096657890 -0.7089422812 -0.5151825137 0.3295010694 0.6418681394 0.0000000000 -1.8183274663 -0.3096926561 -1.2268484195 0.2828338286 
353550.0000000000 -1132914.3982949741 6092528.0567462128 1504633.4228304757 0.1519882504 11.1654816136 0.0000000000 0.5212715931 0.8285453374 0.0000000000 0.2542499283 0.7614383201 -0.3533441155 0.1304399983 -0.3010127048 0.4599700363 0.0000000000 -0.9183147712 -0.5493716477 0.1802819445 -0.9591774512 
353580.0000000000 -1132915.0175825157 6092528.0252204407 1504633.1644206019 0.0643220870 11.1654816136 0.0000000000 1.1652210828 0.5392892857 0.0000000000 0.5647416283 0.6840351355 -1.9858214737 -0.1253234807 0.4853515085 1.7111462688 0.0000000000 -1.9431236639 -0.3740116304 0.8157709313 -1.4574167569 
353610.0000000000 -1132915.3598848709 6092530.3075958472 1504633.1619955534 0.0454105509 11.3140434823 0.0000000000 0.7843342920 0.4535969549 0.0000000000 -0.0155367434 -0.5907714117 -0.8575491942 -0.2959550112 0.6195275245 1.2750316681 1.7538875872 -1.5836428450 0.0433854285 -1.2295946972 0.0252312560 
353640.0000000000 -1132916.0870930790 6092529.6915702373 1504634.4815495082 0.0912780138 11.3140434823 0.0000000000 1.5612582729 0.6434506905 0.0000000000 0.3769001648 0.7131376042 -0.9844340208 0.4575087402 -0.0230071441 0.6488386212 0.6343527612 -1.9690896740 -0.1394846371 0.4053171638 -2.1040753671 
353670.0000000000 -1132915.1523895457 6092528.6389039969 1504633.9194336117 0.0163813059 11.3140434823 0.0000000000 0.6414149202 0.2727427946 0.0000000000 0.9219458076 2.5628803820 0.0645720009 -0.6366614569 -0.2424134660 1.2341465894 -1.5172365004 -3.0222612536 -0.3247958124 -0.3406295504 0.1695296525 
353700.0000000000 -1132915.8281165329 6092528.6147174723 1504633.7858934391 0.3939395825 11.3140434823 0.0000000000 -0.2675974725 1.3381998037 0.0000000000 0.4828680168 1.2138295974 -0.5138850455 -0.7610624215 0.3890064322 1.1971614785 -0.7114379882 -1.4147054163 -1.1004033700 -0.5198049294 0.5564504130 
353730.0000000000 -1132915.7293727817 6092526.4650725313 1504633.5720398903 0.2005686781 11.3140434823 0.0000000000 2.1556426283 0.9553705858 0.0000000000 -0.1010140470 0.2677776330 0.1375543854 -0.8424449047 1.1720736179 1.1279842822 -0.7067537985 -2.6447912736 -1.0400638620 0.3366888405 -0.9984956691 
353760.0000000000 -1132916.0396461426 6092529.5186564997 1504633.4443899354 0.1078621546 11.3140434823 0.0000000000 0.7516820180 -0.7009811417 0.0000000000 0.7070067763 2.0638941195 -1.0958478479 -0.4965719453 -1.2428128728 1.3200540763 -0.6662142130 -1.5885093815 1.0517327855 0.1446973964 -0.2451348775 
353790.0000000000 -1132914.4120459205 6092528.0227260068 1504633.1930904805 0.2157150483 11.3140434823 0.0000000000 0.3767839633 0.9918351609 0.0000000000 0.0546575586 2.0879299031 -0.1046491977 1.2087827905 -0.7448818072 0.4957875829 -1.2080221931 -1.9213839160 -0.3052425023 0.7872606995 -1.8730928302 
353820.0000000000 -1132914.7954786322 6092529.9364580074 1504633.6203921637 0.0732259000 11.3140434823 0.0000000000 -0.3218655197 0.5781745029 0.0000000000 0.6780893530 2.2411897806 -1.2438713326 0.3905465919 0.2331807015 1.2335948375 -1.7956955394 -2.0578149264 -0.3929264903 0.8338799574 -0.6431348494 
353850.0000000000 -1132914.5806517217 6092530.0545721585 1504632.9221566019 0.7729537522 11.3140434823 0.0000000000 -0.3040263254 1.8794267580 0.0000000000 0.2797342842 1.9381112358 -1.1267543553 -0.2227980705 0.4767137794 0.5506481943 -1.0375476939 -1.3538166579 -0.7367590031 -0.0456521849 -0.4286010782 
353880.0000000000 -1132914.8111596943 6092529.1390376631 1504633.7051308611 0.2469847498 11.3140434823 0.0000000000 0.6806081627 1.0629296311 0.0000000000 0.4079173767 0.0098078838 -0.4400264014 0.1240474408 0.4529806987 0.2455208948 2.1930993746 -1.9107534723 -0.1056206894 -1.7805838474 -0.4495985261 
353910.0000000000 -1132914.9469024285 6092527.5835111011 1504633.3808567813 0.0677921662 11.3140434823 0.0000000000 0.8537478675 0.5571595794 0.0000000000 0.0683613674 0.5502996756 -0.8870124612 -1.0093029887 -0.0701144797 1.2112659144 0.5113021940 -1.2685532143 0.2600855612 -0.8551982829 0.2209884803 
353940.0000000000 -1132914.3583883592 6092527.0986435488 1504633.2777349742 0.0826071010 11.3140434823 0.0000000000 1.7027068030 0.6153379675 0.0000000000 -0.4243097742 0.6911279013 0.5961096079 -0.7099845415 0.3404855154 0.5015139683 -0.5461636043 -2.0666618998 0.0230427674 -0.3831608805 -0.4590525015 
353970.0000000000 -1132914.4544827414 6092529.7921573855 1504632.8851681233 0.1097155649 11.3140434823 0.0000000000 -0.0415608691 0.7094976455 0.0000000000 0.1086564209 1.0300112076 -0.9096381240 -0.2213383033 -0.5861587998 0.7203122875 0.6242669580 -0.8316063567 0.4704080529 -0.9939772870 0.1201022242 
354000.0000000000 -1132914.4181387466 6092528.3141446263 1504632.6509038119 0.1073861098 11.3140434823 0.0000000000 -0.3315553553 0.7022655016 0.0000000000 -0.0647638971 1.2727123914 -0.0171518352 0.3842328855 0.4703873776 0.8598625466 -1.1092330940 -1.8944097093 -0.3726583325 -0.1945103260 0.0957318781 
354030.0000000000 -1132915.4341279007 6092530.2960140435 1504633.2420386143 0.0093474683 11.3140434823 0.0000000000 0.3304784198 0.2072939761 0.0000000000 0.2982097577 -0.2157655999 -0.9130877532 0.1310988219 1.0893681729 0.9059821605 0.7272448660 -1.6722247320 -0.1189866361 -0.4760349062 -0.1458062944 
354060.0000000000 -1132915.3450847364 6092528.1013525464 1504633.5043713991 0.0029910739 11.3140434823 0.0000000000 0.2489478625 0.1173173742 0.0000000000 0.0940618865 0.8859464149 0.5768399140 0.4773134657 -0.6928434766 0.3422002621 0.0345346244 -1.3852853839 0.1820285155 -0.5741239394 -0.2623534092 
354090.0000000000 -1132914.0826559444 6092527.8644716376 1504633.0673330824 0.1639404567 11.3140434823 0.0000000000 1.3225644536 0.8689309623 0.0000000000 0.1647973578 0.1715767551 -0.8232002873 -0.6526120850 1.0169835406 1.1477834577 -0.2205213651 -1.8267216628 -0.6560980224 0.3144319258 -0.8664072953 
354120.0000000000 -1132914.2368248152 6092529.1034553731 1504633.5555824195 0.0270773645 11.3140434823 0.0000000000 0.4202202346 0.3533016455 0.0000000000 -0.0212642455 1.3267813208 1.1502684686 0.0773363267 -0.6077025687 0.0401477284 -0.7578877838 -1.4844509922 -0.0201264092 -0.4918947186 -0.1014895656 
354150.0000000000 -1132913.9787087638 6092528.2303249044 1504632.8318725943 0.1495398094 11.3140434823 0.0000000000 0.4492910980 0.8306469842 0.0000000000 -0.3368670338 0.8328823056 0.2860662589 -1.4462343233 0.5112471686 0.1083786565 -1.5033212382 -0.2703642451 -0.4409814239 0.0444064011 0.6313994412 
354180.0000000000 -1132914.6858658600 6092529.2742829490 1504633.9054990162 0.0157327266 11.3140434823 0.0000000000 1.4702439218 0.2695505399 0.0000000000 0.0575169689 0.0310213162 0.1503801126 -0.6793837018 1.2979297850 0.6215825865 0.7376019815 -2.8549602853 0.2341148481 -1.4775626123 0.2646492969 
354210.0000000000 -1132915.5977023006 6092530.5243598176 1504634.1620577853 0.0006607636 11.3140434823 0.0000000000 -0.3104830256 0.0553007721 0.0000000000 0.5383900350 1.3255707400 -1.1356794727 -0.7722679468 0.3885174612 1.3979249759 -0.9552614663 -1.3808260393 -0.0553904249 -0.1866489127 0.9619372429 
354240.0000000000 -1132914.7253962015 6092529.1699309908 1504633.0820086102 0.0643830833 11.3140434823 0.0000000000 0.5885553290 0.5457557069 0.0000000000 -0.3931359737 1.0466140050 1.2685252386 -0.6065040452 -0.5882222909 0.9249519169 -0.2245761905 -2.0851354945 0.2050847848 -1.7312083764 1.0016211976 
354270.0000000000 -1132915.8898637793 6092529.1206364669 1504633.8188918666 0.0187867916 11.3140434823 0.0000000000 0.8113855630 -0.2949360813 0.0000000000 0.9410756928 0.5375605800 0.0979384136 -0.8893646669 -0.6094790053 0.3450759938 0.2877464514 -0.7815628678 -0.1232363329 -0.3941717032 0.1715845993 
354300.0000000000 -1132915.0139422023 6092529.6267078361 1504634.0522983787 0.1044471109 11.3140434823 0.0000000000 1.2287326043 0.6957085770 0.0000000000 0.1010866823 0.8307143609 1.0310913852 -0.9540471269 -0.6663462494 0.1267550393 -0.5953870682 -0.9000206018 -0.4413645581 -0.1987785294 -0.3526390500 
354330.0000000000 -1132915.0623952588 6092527.9635597980 1504633.6255989620 0.0683473554 11.3140434823 0.0000000000 -0.0001134198 0.5630159048 0.0000000000 -0.0534874521 1.7114679821 -0.4250351368 -0.1367008296 -0.8538805822 1.1116413978 -0.7136593360 -1.3382930790 0.4081233890 -0.3988161726 0.0603573267 
354360.0000000000 -1132915.4055713161 6092528.6461723186 1504633.9986924711 0.7767718610 11.3140434823 0.0000000000 1.0660936097 1.8988073660 0.0000000000 -0.2271001571 -0.7936819851 -0.6788687339 -0.6316137864 -0.6609392719 0.5359785988 1.8307802076 0.3629690918 -0.5449307226 -0.5591895903 -1.2649412688 
354390.0000000000 -1132914.3096935269 6092529.3779103085 1504634.1846441634 0.1799010038 11.3140434823 0.0000000000 0.3682975396 0.9141667670 0.0000000000 0.7507852949 2.8869365151 -0.1532928234 -0.4695012132 -0.8231258190 0.1823495594 -0.6744273433 -2.2579240425 0.3262720841 -0.8703152846 -0.1717598867 
354420.0000000000 -1132914.4467958300 6092527.4752201466 1504632.8409583459 0.1613984624 11.3140434823 0.0000000000 0.3902226096 0.8662215537 0.0000000000 -0.3675885189 0.1424005419 0.0223897150 0.0672164636 -0.3084960753 0.8137608972 0.0179409430 -0.7131449790 -0.2286342975 -0.1558412317 -0.5476434235 
354450.0000000000 -1132915.0934487334 6092531.4652625369 1504633.4952332827 0.0046158864 11.3140434823 0.0000000000 0.8569673490 0.1465462405 0.0000000000 0.9245318565 0.6183279612 0.4240618491 0.3372303401 0.2130566354 -0.1738689442 0.3079213531 -1.9886810400 -0.3897342638 -0.2242418485 -0.9524024261 
354480.0000000000 -1132914.5021498813 6092528.3918520194 1504633.2438016266 0.2313678990 11.3140434823 0.0000000000 1.1835419450 1.0379219797 0.0000000000 0.2153287974 2.6497656910 0.3539057692 -0.9019235127 -1.4215417560 1.0269074196 -1.4381040666 -2.1916893957 0.1788102368 -0.2487030258 -0.6032119380 
354510.0000000000 -1132915.5404412644 6092530.3451795429 1504633.6125729487 0.0677432748 11.3140434823 0.0000000000 1.3873476004 0.5618378236 0.0000000000 0.0444671703 0.9754225113 0.3936422252 -1.2252810128 0.0891011261 0.8216309737 -1.2368930779 -1.5995082423 -0.3177669083 0.1327665053 -0.2304284550 
354540.0000000000 -1132914.9036081294 6092530.5278016198 1504634.2505713319 0.1515497078 11.3140434823 0.0000000000 0.7849162041 0.8406425391 0.0000000000 0.6944896106 2.0674131460 0.1448157848 -0.5226438402 -0.4208883987 0.1602294957 -0.1415266701 -2.4316156408 0.1848759569 -1.0713595188 -0.2247415417 
354570.0000000000 -1132915.2444886449 6092529.8423056267 1504634.2211476879 0.1645304936 11.3140434823 0.0000000000 0.3928831407 0.8762190709 0.0000000000 0.2406760586 1.0357556926 0.9527457352 -0.4418874589 -0.5424865032 0.0052891658 -0.1175755077 -1.2092840861 -0.3727596009 -0.9497136481 0.1353673052 
354600.0000000000 -1132915.7436363695 6092530.2568031419 1504634.2946979480 0.1159090212 11.3140434823 0.0000000000 0.1810332889 0.7356982868 0.0000000000 0.6729577550 0.9631785880 -0.1443456252 1.5493854723 -0.5004642448 -0.0238303554 1.0241486681 -2.0813737242 0.0929321735 -0.5137517477 -1.7038477255 
354630.0000000000 -1132915.7678192989 6092529.0879583685 1504633.8358481973 0.0040354937 11.3140434823 0.0000000000 0.5940029277 0.1373320635 0.0000000000 -0.0634910293 1.2062953045 1.0192631395 -0.0267761156 -0.2895181061 0.2734405558 -1.5369285363 -1.3741090179 -0.1209029530 0.3721967776 -0.4310238964 
354660.0000000000 -1132915.1735198542 6092527.5307553960 1504633.2957914609 0.0002119576 11.3140434823 0.0000000000 0.4963570550 -0.0315016970 0.0000000000 -0.1945186651 -0.5053556101 1.2953944835 0.3166253935 0.0742936812 0.7172397873 0.0362308684 -1.3902328954 -0.3897838478 -0.6337072458 0.1618247105 
354690.0000000000 -1132915.9543787541 6092529.0477876980 1504633.9415110627 0.0417060753 11.3140434823 0.0000000000 -0.1730624700 0.4417593248 0.0000000000 0.7248621692 1.3321753224 -0.3899642905 0.2361417265 0.1101973447 0.5034252762 -0.3859345788 -1.6849023233 -0.3682481357 -0.1386138807 -0.2112660018 
354720.0000000000 -1132914.6861611449 6092528.0759621356 1504633.3048289383 0.1035676474 11.3140434823 0.0000000000 0.3333756106 0.6963663427 0.0000000000 0.0410933810 0.7714805355 0.6021961240 0.7946589706 -1.2567358000 1.0389553450 0.6352194666 -2.0295214931 0.2622935531 -1.2172770680 -0.5421307599 
354750.0000000000 -1132914.4879523404 6092528.9289985755 1504633.7663847131 0.0252551126 11.3140434823 0.0000000000 0.8845405932 0.3439915854 0.0000000000 0.8421135011 2.2208193322 0.0987023388 -1.7785622283 -0.1561120991 -0.1683516695 -0.5288351574 -1.8765116461 0.3750709318 -1.2423526142 0.9812654856 
354780.0000000000 -1132914.7928118808 6092530.9029976716 1504633.2358530257 0.0168836882 11.3140434823 0.0000000000 0.3947258178 0.2813453996 0.0000000000 0.8123034903 2.8532906804 1.0691272606 -0.1829412351 -0.8920732148 -0.1877426505 -1.0835656826 -2.6484627322 0.2994401432 -0.9219663157 0.1301248788 
354810.0000000000 -1132916.6584207760 6092531.5616278416 1504634.6124262700 0.0013193425 11.3140434823 0.0000000000 -0.0515527289 0.0786891854 0.0000000000 0.8553004425 1.0126578065 -0.9557302420 0.6522462349 -0.5344410126 1.3774228407 1.2113301731 -2.5992738912 0.5468738268 -1.4666883081 0.1288013133 
354840.0000000000 -1132915.9334117172 6092528.1409214092 1504633.9014623116 0.0024378604 11.3140434823 0.0000000000 0.3552454639 -0.1069791607 0.0000000000 0.2470903927 -0.8784118800 0.6006170163 -0.5707119024 -0.3508155280 0.6284031823 1.0259385690 -0.2642498362 -0.3471479397 -1.1997115047 0.9794120269 
354870.0000000000 -1132915.9666936412 6092526.6395872319 1504633.0222756469 0.0134441968 11.3140434823 0.0000000000 0.9549157383 -0.2512811629 0.0000000000 -0.5693710752 -0.6154401300 0.4972527749 0.1307732682 1.7042715382 0.4829523862 -0.9449875648 -1.5722342606 -0.0992703895 0.5150395374 -0.4349669109 
354900.0000000000 -1132915.7174110152 6092528.9499658411 1504633.3080702673 0.0276077507 11.3140434823 0.0000000000 -1.4289601013 0.3602000543 0.0000000000 0.4214740996 1.5949273037 -0.3497687877 -0.8460745912 -0.5919415772 2.5434787433 -1.5461096895 -1.0625557929 -1.1279929228 -0.6285212049 2.4348065805 
354930.0000000000 -1132913.5655739096 6092528.9687688053 1504634.2850382745 0.3102627840 11.3140434823 0.0000000000 -0.3151773751 1.2078007098 0.0000000000 0.8949830492 4.5797464493 -0.1962790489 -1.5560828655 -0.9471407844 0.1574419440 -1.9738484377 -2.3750400175 0.2310298274 -1.0480050946 1.1904326811 
354960.0000000000 -1132914.5666031737 6092528.8938714843 1504634.2325155467 0.1512643825 11.3140434823 0.0000000000 -0.1007214260 0.8435587697 0.0000000000 0.5622035220 1.1354630251 0.3924243552 0.2532887940 -0.4577378605 0.9660524006 0.8878179755 -2.7957571056 -0.0821982411 -2.1982464317 0.7559034541 
354990.0000000000 -1132915.5553140438 6092528.5770385796 1504633.3762531169 0.0428082625 11.3140434823 0.0000000000 1.9264458984 -0.4488771826 0.0000000000 0.4652387973 -1.7328458587 -0.3475032194 -0.8824945010 1.7934587246 0.6365223861 0.4463166776 -1.1160707483 -0.5600188271 0.5037123820 -0.6649048553 
355020.0000000000 -1132916.0109669762 6092526.5333594829 1504634.3868838737 0.0537789963 11.1654816136 0.0000000000 0.0000000000 -0.5010870624 0.0000000000 0.7709511923 -1.0659708755 -0.8330969055 -0.1403372265 1.1338394511 0.9326485788 1.0137724885 -0.8450186276 -0.6931969396 -0.4703271276 0.8204112985 
355050.0000000000 -1132915.2292462003 6092530.8092849674 1504634.6453803913 0.0067722113 11.3140434823 0.0000000000 -0.1520445541 0.1786368163 0.0000000000 1.3391934847 2.6060349025 -0.8812381421 -0.4713161961 -0.6033557512 -0.0689297149 -0.5600861373 -1.4149479752 0.1263589518 -0.1099449549 0.0508912639 
355080.0000000000 -1132914.9994168156 6092530.6242931746 1504634.3341688816 0.0058210508 11.3140434823 0.0000000000 0.4578937814 0.1656541193 0.0000000000 1.0488000544 2.0655108022 0.4622981169 0.0826009448 -0.5771387180 -0.0700597034 -0.7672630741 -2.1473393912 -0.0380982643 -0.1193192548 -0.5905241456 
355110.0000000000 -1132915.5688428083 6092526.9451242378 1504633.0271652061 0.0153225019 11.3140434823 0.0000000000 0.5603838491 -0.2688156015 0.0000000000 0.4443369008 -1.6795686248 0.0044559393 0.3821120573 0.8573832229 1.1512811602 0.7942428265 -0.9869389670 -0.9123078924 -0.0337589978 -0.2533735688 
355140.0000000000 -1132916.1641382598 6092529.7170096980 1504633.8557757200 0.1607784408 11.3140434823 0.0000000000 -0.1758391689 -0.8709603457 0.0000000000 1.0453481343 0.0970139447 -0.7442271558 0.3746143331 -0.2599584149 -0.1818718502 0.8191250472 -0.1065684422 0.1240702135 0.0233486678 0.0120237935 
355170.0000000000 -1132914.6444234613 6092529.4327698704 1504633.6317815429 0.0324100403 11.3140434823 0.0000000000 0.7769650845 -0.3911369510 0.0000000000 0.5565703185 1.1848545537 1.1183613593 -1.1757532756 -0.9943672624 0.2919649583 -0.4874550804 -1.2625717287 0.2801266998 -1.1689358993 1.2255321298 
355200.0000000000 -1132915.0100284419 6092528.8541884478 1504632.8845817738 0.0012610319 11.3140434823 0.0000000000 1.2573955868 0.0771990051 0.0000000000 0.2150703734 0.2056552449 0.0924628224 0.0825717384 -0.0771898612 1.1715207857 -0.3742141679 -1.9754717923 0.2420735036 0.1299177785 -1.0870547663 
355230.0000000000 -1132915.6194472143 6092530.4049764499 1504634.0262945227 0.0002322380 11.3140434823 0.0000000000 0.8941237969 -0.0331903805 0.0000000000 1.2383968189 -0.0986727104 -0.2535676277 0.0480861216 -1.0951376597 1.4401393947 0.8737202034 -1.4824302485 -0.3044368046 -0.4349934086 -0.6464389805 
355260.0000000000 -1132915.6652110221 6092531.7166125122 1504634.0812508210 0.0009725947 11.3140434823 0.0000000000 0.1490915879 -0.0678554359 0.0000000000 1.1956334014 1.6511272455 -1.0652298892 -0.1026358268 -0.0934314880 1.2260570345 -0.9274530898 -1.8949773163 -0.3268708153 0.6221169823 -0.4153792166 
355290.0000000000 -1132915.9438472409 6092531.2009743033 1504633.8967017857 0.0045887149 11.3140434823 0.0000000000 0.0527084478 -0.1473219466 0.0000000000 1.1402304256 0.7217398338 -0.9245082323 -0.0609778884 -0.4633633055 1.9179559196 -0.3672118766 -1.5184864755 -0.6108451180 0.2226113650 0.0257113581 
355320.0000000000 -1132914.8440671414 6092530.9232178181 1504633.7030291583 0.0000007742 11.3140434823 0.0000000000 0.7067097730 -0.0030558676 0.0000000000 1.3004902280 0.8207043637 -0.4355930463 -0.5375336946 -0.6501369344 0.8468195644 0.4311939630 -1.6392551165 -0.1447223086 -0.6125477260 0.0243893528 
355350.0000000000 -1132915.9126029229 6092530.8684508372 1504633.8784545839 0.0104736252 11.3140434823 0.0000000000 1.4546291603 -0.2226138531 0.0000000000 1.3493997820 0.2283899851 -0.1385167353 0.2233227079 0.0332012349 0.7304569840 0.8854366199 -2.9124748225 0.1484652522 -0.6798015345 -0.9428303187 
355380.0000000000 -1132915.7555275264 6092531.3734595580 1504634.1698825725 0.0650800423 11.3140434823 0.0000000000 0.9805506525 -0.5550000230 0.0000000000 0.9883039008 -1.1470809847 0.3763380468 -0.1355431576 -0.2933534276 0.8835150786 1.9451553716 -1.6872428881 -0.0552659828 -1.9157354385 0.8398006388 
355410.0000000000 -1132913.8868865615 6092527.9187442996 1504633.3405485344 0.0003724425 11.3140434823 0.0000000000 -0.6202295781 -0.0420480936 0.0000000000 0.0336756528 1.2340638190 0.2456217431 -0.1767437785 0.1127540708 0.4165922869 -0.7943162409 -1.0777252945 -0.1032687512 -0.6490943480 1.3296752530 
355440.0000000000 -1132915.7019244395 6092530.6349473605 1504633.5374355551 0.1175001623 11.3140434823 0.0000000000 1.0077562947 -0.7459839841 0.0000000000 1.4741891157 0.5743898293 -0.2753590970 -0.3324172760 -0.4048889085 0.3862568297 -0.1296566421 -1.2103079045 -0.1565571426 0.4505731867 -0.5999538533 
355470.0000000000 -1132915.0537264119 6092529.6248847991 1504633.3901978852 0.0673161252 11.3140434823 0.0000000000 0.4489488859 -0.5647287496 0.0000000000 0.9942284813 1.7146809480 -0.3423504771 -0.8791243675 0.9480626706 0.3099459704 -1.2081838297 -2.1604164914 -0.2238925568 0.0882519624 0.7790552868 
355500.0000000000 -1132915.1569061894 6092527.6037543053 1504633.2276047829 0.0021381312 11.3140434823 0.0000000000 0.6196098301 0.1006785772 0.0000000000 0.1113078748 0.3583561754 0.5739486850 0.2476143587 0.1030571777 0.9064602873 -1.1434637931 -1.4675182439 -0.2375942436 0.5305973984 -0.8387733126 
355530.0000000000 -1132915.1088314608 6092529.1817732854 1504633.4253894051 0.0771752676 11.3140434823 0.0000000000 -0.1635707240 -0.6048365350 0.0000000000 1.0185863863 1.7233307418 0.8050174276 0.1108234935 -0.1405540904 -0.3937062003 -0.6769288515 -1.7862524003 -0.2300791774 -0.5089914634 0.8119541554 
355560.0000000000 -1132915.6883062767 6092529.9304057676 1504633.7809287442 0.0067959265 11.3140434823 0.0000000000 1.2392846431 0.1795175759 0.0000000000 0.4321719398 0.9852748045 0.0319577061 -0.5950771836 -0.3826332360 0.2412408404 0.2743558763 -2.0297135608 0.9554102765 -1.0362891862 -0.2202843898 
355590.0000000000 -1132915.5018233936 6092529.6757793240 1504633.5087866003 0.0521138632 11.3140434823 0.0000000000 1.3621075827 0.4971557716 0.0000000000 0.2608581894 0.5746377751 0.0088166928 -0.2258482366 -0.3355641497 1.3981807972 -0.6835839093 -2.1111669903 0.4150879436 0.0780783425 -1.2916820777 
355620.0000000000 -1132915.9582742525 6092530.1959063616 1504633.6371559147 0.0233274387 11.3140434823 0.0000000000 1.2434567208 -0.3326607214 0.0000000000 1.1360396453 -0.3773964630 0.5634634588 0.2896495322 0.3081052614 1.2379722045 -0.0213675611 -2.5790869694 -0.6037044292 -0.2101217680 -0.6532668038 
355650.0000000000 -1132914.1227380508 6092528.2615208188 1504633.2972879393 0.0426427817 11.3140434823 0.0000000000 1.0899441671 -0.4498186459 0.0000000000 1.0735055118 1.1879542084 0.3345201020 -0.3877828473 0.3246763039 0.2568818009 0.0147965585 -3.0650210305 0.3357507615 -1.1251476358 0.4553444254 
355680.0000000000 -1132916.1618815153 6092529.5039234236 1504633.4405094758 0.0145660428 11.3140434823 0.0000000000 1.0559849521 -0.2629121300 0.0000000000 1.0758108122 -0.8367002177 -0.5388539604 0.2943729136 1.0809615158 -0.5839523464 1.2804609542 -1.0969492334 -0.2377615126 0.1793309179 -1.2416900408 
355710.0000000000 -1132916.2465014651 6092531.6695041526 1504633.6709543536 0.0024944905 11.3140434823 0.0000000000 1.3317767661 -0.1087967775 0.0000000000 1.5058430481 -0.0434284600 0.3287538229 0.3158287528 -0.1986563338 -0.3962382492 1.4586495961 -2.1617102572 0.0826169438 -0.9273457285 -0.9825202606 
355740.0000000000 -1132915.6340445618 6092530.2560600406 1504633.0180279813 0.0854373399 11.3140434823 0.0000000000 0.8919887396 -0.6368842539 0.0000000000 0.4672294283 -1.2226715240 0.6376109057 0.9976835266 1.1774267887 0.6614843606 0.1609174850 -2.0057833237 -0.4118605314 0.0423223345 -0.7667951870 
355770.0000000000 -1132915.6649235485 6092529.3404687196 1504633.5882607002 0.0144985574 11.3140434823 0.0000000000 0.0682068901 -0.2623822911 0.0000000000 1.0687821517 0.0612197516 -0.2067560333 0.8897789947 0.7410197456 0.3112275522 0.4898705212 -1.9644206804 -0.6133838900 -0.1625339093 -0.3488800899 
355800.0000000000 -1132915.5513414759 6092530.0533722453 1504634.1727924282 0.0959045581 11.3140434823 0.0000000000 0.4922738353 0.6748829987 0.0000000000 1.4024773675 -0.3926418584 -1.0445598466 0.2049031933 1.2099972808 0.3230581361 2.0100301167 -2.4370171585 -0.8007096539 -1.1729290083 -0.2322164006 
355830.0000000000 -1132914.9208532681 6092527.7467934843 1504632.8078054488 0.0054157447 11.3140434823 0.0000000000 -1.3296599067 -0.1603786055 0.0000000000 -0.3401414166 -0.5937887188 0.3369570802 1.5175721138 1.0329749158 0.4635208404 0.4514343854 -0.9733345081 -0.7039853762 -0.8389535930 1.1334219764 
355860.0000000000 -1132915.8921063296 6092528.7759396899 1504633.2548543611 0.0199143421 11.3140434823 0.0000000000 0.4039074653 0.3075938587 0.0000000000 0.1688911609 1.0603167953 -0.3067493928 -0.6132168024 0.4871481636 1.4416718682 -1.8770101064 -1.3961188655 -0.3733313125 0.8892832079 -0.3643295905 
355890.0000000000 -1132915.6945800509 6092529.0250531901 1504633.4563430471 0.0077615315 11.3140434823 0.0000000000 0.5066095897 -0.1920563398 0.0000000000 0.5759587096 0.8710413384 -0.6364615233 -0.4159010350 0.4989080294 1.3954136448 -1.2336928952 -1.6969586496 -0.2024059133 0.5992190024 -0.1658940283 
355920.0000000000 -1132914.5060503825 6092527.8804508317 1504632.3104532789 0.0536343683 11.3140434823 0.0000000000 -0.1747307340 -0.5048298439 0.0000000000 0.4257918394 -0.3466830394 -0.7691580875 -0.0735986949 0.5005223941 1.2141587455 0.5696906796 -1.0411392251 -0.3200235133 -0.8434526759 1.4061386339 
355950.0000000000 -1132914.5103998904 6092528.3815306602 1504632.6594095617 0.1183373450 11.3140434823 0.0000000000 0.9890016746 -0.7498969416 0.0000000000 0.5610232610 -0.9200565013 -0.1603000709 0.1152335722 0.7126050360 1.7580154852 -0.6557373885 -1.4663510918 -0.3837359263 0.5625698633 -0.4369228897 
355980.0000000000 -1132914.0647536232 6092526.6271795714 1504632.5961643197 0.0000026743 11.3140434823 0.0000000000 0.2554811824 0.0044674245 0.0000000000 0.1393822834 0.2555144008 -0.1418046766 -1.0560348124 0.9476888492 0.4838715320 -0.0483428843 -1.1318712002 -0.3874856026 -0.9276525633 1.5946833969 
356010.0000000000 -1132914.8727051972 6092531.0236639492 1504633.6838392832 0.0001425786 11.3140434823 0.0000000000 0.3702456226 0.0260350690 0.0000000000 1.2422446817 0.1546123571 -1.6574911135 -0.5606365920 0.7552676323 -0.7257587748 1.6303777021 -0.5006730565 -0.2660978715 -0.1923696590 -0.0716394983 
356040.0000000000 -1132914.5620394510 6092528.5444435561 1504633.4917100181 0.0080971176 11.3140434823 0.0000000000 0.6737495691 -0.1961786178 0.0000000000 0.7015233344 0.4675639153 -1.3938129428 0.1332962908 1.4474056551 -0.4304639230 1.3159578749 -2.3036518394 0.6615625542 -0.6458700278 -0.2603534352 
356070.0000000000 -1132915.4253238542 6092529.7299462687 1504633.2717625536 0.0065058878 11.3140434823 0.0000000000 1.5561612682 -0.1758623038 0.0000000000 1.0156414509 0.4466077815 -0.9444368566 -0.8089174244 0.2288189622 0.0370310547 0.5894331552 -1.6075920166 0.7408081749 -0.1875670872 -0.7753087947 
356100.0000000000 -1132914.7392053744 6092530.4093085146 1504634.7741177245 0.4610421747 11.3140434823 0.0000000000 1.6420236497 1.4803684659 0.0000000000 1.3480427608 0.1768477136 -0.9276068301 -1.1017589467 0.2369574290 0.1224754251 1.1269561829 -1.7041212007 -0.2092485112 -0.3523856752 -1.6733153983 
356130.0000000000 -1132914.8519081157 6092528.9262421122 1504632.9919063288 0.0136996081 11.1654816136 0.0000000000 0.0951009351 0.2538526660 0.0000000000 0.9556494483 1.0025641331 -0.7939965389 -0.0534575954 0.4385193787 0.3805314034 0.0000000000 -1.6429555431 -0.3884786317 0.0409603814 -0.2473943917 
356160.0000000000 -1132915.5520657939 6092530.3694214905 1504634.4604162583 0.0000172856 11.3140434823 0.0000000000 0.5838779569 -0.0090760280 0.0000000000 1.4308023480 0.1447217651 -2.0686627682 -0.2892484774 1.2444510190 -0.7574587586 1.8979602488 -1.1811790650 -0.1793432220 -0.0344761550 -0.5556630008 
356190.0000000000 -1132915.2635177814 6092529.4266582513 1504633.8891574165 0.0000336061 11.3140434823 0.0000000000 -0.3810022333 -0.0124225513 0.0000000000 0.8303944781 0.6892591165 -0.5139913417 0.3891750139 0.3314855742 -1.5939735499 1.4782333901 -0.4912648526 -0.1893104838 -0.4818554592 0.1065010148 
356220.0000000000 -1132914.9751127108 6092529.0077004163 1504633.8352815853 0.0158047409 11.3140434823 0.0000000000 0.7034316889 0.2740924396 0.0000000000 0.7353058851 -0.6038711062 -0.7854930901 -0.5493827371 0.5544637673 0.0353234805 1.3764295566 -0.7370472205 -0.2630395679 -0.7007792053 0.0929462064 
356250.0000000000 -1132913.6314774307 6092529.8306514928 1504632.4531883001 0.0001257303 11.3140434823 0.0000000000 0.8627312754 0.0244463952 0.0000000000 0.6459849308 0.0932921883 0.1783625236 -0.2203502741 -0.0877016797 0.0015669090 -0.2118966795 -0.6667937833 0.0110457428 0.3344345667 -0.9548095563 
356280.0000000000 -1132913.9940004183 6092530.0200155582 1504632.8153742570 0.0182546149 11.3140434823 0.0000000000 1.7128977035 0.2945641155 0.0000000000 0.9728994102 -0.9901872901 -1.3232366362 -0.7843057557 0.4872140966 0.6801635959 1.5825722606 -1.4042961123 0.4048988482 -0.6686802843 -0.7966271068 
356310.0000000000 -1132914.8301177619 6092530.7052955339 1504632.8383165856 0.0058281886 11.3140434823 0.0000000000 0.6879437167 -0.1664348745 0.0000000000 0.7011896865 0.0258387812 0.1783377311 -0.0915979110 0.1788087529 0.0582789609 0.1408248233 -1.1166224541 -0.1154565260 -0.2216052029 -0.2279564293 
356340.0000000000 -1132915.0632603397 6092528.0762880957 1504633.2802692652 0.1184650313 11.3140434823 0.0000000000 -0.5558634046 0.7503385736 0.0000000000 0.2195741590 0.8287978014 -0.2935450855 -0.0362824788 0.6576214863 0.4941445132 -0.2506661912 -1.2093595903 -0.7896781395 -0.2656024241 0.4335615385 
356370.0000000000 -1132915.6278412628 6092529.5978624010 1504634.0679858001 0.0131857637 11.3140434823 0.0000000000 0.1640292379 -0.2503305371 0.0000000000 1.0691453105 0.4754042854 -0.8570152007 0.6601336834 0.1069229242 1.1545993168 0.4838031433 -2.3649995849 0.0073350433 -0.5886819800 0.0084486483 
356400.0000000000 -1132914.9900113617 6092529.1487257816 1504633.3734790264 0.0112310654 11.3140434823 0.0000000000 0.7957426532 -0.2310166108 0.0000000000 0.6151107571 -0.2662821531 -0.4852354689 0.2863703670 0.6528624507 0.5924249344 0.6946652193 -2.0233197843 0.3085000057 -0.6575204098 -0.2069267533 
356430.0000000000 -1132914.9020164809 6092529.6230362533 1504633.8044944545 0.1251144464 11.3140434823 0.0000000000 -0.6444670083 0.7710065444 0.0000000000 -0.0060358070 0.5788268804 0.1463597504 0.9067619604 0.3774124762 0.3822256714 0.5358108330 -1.9923063748 -0.1980681269 -1.2355616541 0.4111706457 
356460.0000000000 -1132915.4809741904 6092530.1623531468 1504633.4020655679 0.1970016434 11.3140434823 0.0000000000 0.8511721544 0.9674220299 0.0000000000 0.9904898347 -0.7533826166 -0.1505812249 0.1056940157 0.8480139763 1.0331461843 1.3712391383 -2.8347227849 -0.6552093273 -1.6290861857 -0.0302603709 
356490.0000000000 -1132915.6280003462 6092532.1928534759 1504633.6215083147 0.0006533851 11.3140434823 0.0000000000 0.9961058648 0.0557385473 0.0000000000 1.4700202695 0.8450646972 -0.6922872804 -0.2091614396 0.1239143141 -0.0172467873 1.0538819369 -2.5692192850 0.2499481245 -0.9318974928 -0.2368813045 
356520.0000000000 -1132914.3888380104 6092529.6853157440 1504633.6961536875 0.2020334220 11.3140434823 0.0000000000 0.1394119534 0.9795757221 0.0000000000 0.7320927949 0.1753465592 -0.6911155662 -0.2567739930 0.0158023152 -0.3056063750 1.9638931984 -1.2510188501 -0.2061684322 -1.5635159851 0.4283117491 
356550.0000000000 -1132915.1070525681 6092528.2722239997 1504633.1877779718 0.4696942400 11.3140434823 0.0000000000 -0.3145841444 1.4934947409 0.0000000000 0.2986343995 2.0642829743 0.8473429270 -0.4030555092 -0.9037243786 0.4361208596 -1.2354339338 -1.3841097960 -0.3051451525 -0.4320112329 -0.2267147158 
356580.0000000000 -1132916.1731236661 6092529.9695699308 1504634.4915246335 0.5033298140 11.3140434823 0.0000000000 -0.6694950435 1.5459290808 0.0000000000 0.3380575920 0.7011677678 -1.1261361824 -0.6425662627 0.6547178629 0.5889017972 0.9123730304 -1.1331157976 -1.0533125463 -1.0262050308 0.9739573535 
356610.0000000000 -1132914.4901222757 6092527.8314526509 1504633.3408406517 0.8313406938 11.3140434823 0.0000000000 -0.4289360355 1.9866315312 0.0000000000 0.1541418544 1.2301272077 -0.0346446583 -0.7850827327 -0.2959834964 1.5728029457 -0.9562797143 -1.2671657685 -0.8289482729 -0.5546551957 0.1489250728 
356640.0000000000 -1132914.3898853252 6092529.3210176872 1504633.4967217988 1.2241093753 11.3140434823 0.0000000000 0.3475883086 2.4104601026 0.0000000000 0.0133099455 0.7019771163 -0.1625081047 -0.5886316226 0.7471688742 1.0408618466 0.1768314023 -2.6381459069 -0.2103256937 -1.3072352665 -0.5013710295 
356670.0000000000 -1132914.6420913308 6092528.7597554708 1504632.6527365816 0.4448399017 11.3140434823 0.0000000000 1.2494049141 1.4529554290 0.0000000000 -0.1150884486 0.3120099651 0.1429106749 -1.8222880917 0.5871614641 0.8874508526 -0.5674821440 -1.4462268627 0.1218305453 -0.8543510678 0.0400740960 
356700.0000000000 -1132914.8683271306 6092529.3247775976 1504632.8637818955 1.2168479023 11.3140434823 0.0000000000 -0.5934857070 2.4028455659 0.0000000000 0.5442167969 0.2976878068 -2.2754485893 -0.0704890483 0.4799449542 -0.5840871161 2.9875211158 -0.7718998459 -0.4127579661 -0.9514439569 -0.8414643053 
356730.0000000000 -1132914.7404526800 6092528.3500351626 1504633.3476261261 1.7751641226 11.3140434823 0.0000000000 -1.0510882651 2.9019017206 0.0000000000 -0.7599278670 0.5355144299 -1.4296054782 0.7248440684 0.0431945216 1.8679279593 1.0957399153 -2.0827884338 0.4902022951 -1.5888458207 -0.6870031628 
356760.0000000000 -1132914.8399726725 6092528.9578841785 1504633.4547590576 1.8616497387 11.3140434823 0.0000000000 -0.3670241741 2.9714320911 0.0000000000 0.4334986314 -0.4950370495 -1.1382602202 -0.4867835395 0.2037956274 0.5736872545 1.9631131847 -0.5842311001 -1.1449327801 -1.1442395392 -0.6655344902 
356790.0000000000 -1132915.4972700081 6092529.5024549002 1504633.4453092047 0.9371161168 11.3140434823 0.0000000000 0.6398246837 2.1079731863 0.0000000000 0.2140530499 -0.8596417876 -0.6569323288 -0.6757581772 0.7260845399 2.0046114514 0.0814574051 -1.4547324278 -0.5473164631 -0.5528819150 -1.0067735725 
356820.0000000000 -1132914.5808786398 6092529.2656286955 1504633.5261459160 2.2122526087 11.3140434823 0.0000000000 -0.0673373289 3.2384306160 0.0000000000 -0.8603725899 1.3361508182 1.2186212846 -0.5385416041 0.0608067606 -0.2936643382 -0.2362966224 -1.7232049540 0.3085069281 -1.3291074919 -1.1280476710 
356850.0000000000 -1132914.3552224978 6092529.2352714054 1504632.4911526958 2.4359253451 11.3140434823 0.0000000000 -0.1225506972 3.3977891762 0.0000000000 0.0761266392 1.1208932515 -0.5497947475 -1.0517236149 0.2769768802 0.9053697357 0.2848940750 -1.8546909632 -0.4964682908 -1.0489883831 -0.9016586237 
356880.0000000000 -1132915.9144344854 6092531.4989299932 1504633.6612761666 2.6163213828 11.3140434823 0.0000000000 -0.2168517025 3.5209105345 0.0000000000 0.3035429180 1.3467576080 -1.2183844262 -1.1548678091 0.2733042016 0.4238762591 0.4945011880 -1.2458035212 -0.5046931238 -0.2512777380 -1.7128754170 
356910.0000000000 -1132915.4795024425 6092529.3667193875 1504633.4184105827 3.4571263353 11.3140434823 0.0000000000 -0.2150594819 4.0467825242 0.0000000000 -0.2018309852 -1.1644561937 0.1330865619 -0.7391015328 0.5028127844 2.0202509416 0.5292506938 -1.0850670743 -1.5203277152 -1.4978439190 -0.7994904628 
356940.0000000000 -1132916.1004540750 6092530.9526222032 1504634.2049340326 4.4854240507 11.3140434823 0.0000000000 -0.5342159103 4.6088741654 0.0000000000 -0.1088822255 1.3568893621 -0.1529296125 -1.3033222865 0.4937892543 -0.9039780559 0.9995390351 -0.8733608524 -1.0281560823 -0.6950058896 -1.8033440780 
356970.0000000000 -1132916.3724945546 6092529.6648716712 1504633.5011090070 3.4268139800 11.3140434823 0.0000000000 -0.7020562927 4.0278868281 0.0000000000 0.1276094836 0.2731060547 -0.9549992280 -0.6991753567 0.5241842254 -0.1837754782 1.9484449945 -0.7764822899 -1.2083003716 -1.0142965977 -1.2657725404 
357000.0000000000 -1132915.5157870604 6092530.9058163725 1504634.2200754241 5.0399090470 11.3140434823 0.0000000000 -0.7246613808 4.8840510572 0.0000000000 -0.2517410170 -0.1988931407 -0.2849311235 -0.9977649413 -0.2563177068 -0.0398704465 1.7306846286 0.2204116879 -1.1442684064 -1.1818078002 -1.6865682368 
357030.0000000000 -1132913.2228934893 6092516.1180173187 1504630.3272644996 1.3661425303 11.3140434823 0.0000000000 3.5754026603 2.5424479974 0.0000000000 12.6719325318 0.5907788341 -0.8126852352 -2.6502745969 -4.5972239690 -0.4932816517 4.0136854213 -3.4629118558 -7.3787699249 -0.3205329100 -3.2184305378 
357060.0000000000 -1132913.0146129047 6092514.5917411372 1504631.5125526688 1.7582247271 11.3140434823 0.0000000000 2.3349696847 2.8838603472 0.0000000000 12.0364662543 0.3867881827 -1.7184401878 -1.4556452527 -4.6781855272 1.1210382195 4.2542724273 -3.9370085094 -7.2317428820 -0.8902386733 -2.6689086168 
357090.0000000000 -1132912.5122270682 6092515.8805256318 1504631.0885731864 2.6207553972 11.3140434823 0.0000000000 2.6507539675 3.5203124190 0.0000000000 11.7067970871 0.3862290407 -1.2243215091 -1.8805220404 -3.9358829093 0.9610053851 3.3063518266 -3.9270093990 -7.2812541033 -0.2002959911 -3.6923874527 
357120.0000000000 -1132913.2831445595 6092512.8362175319 1504631.6870697285 1.8416372555 11.3140434823 0.0000000000 3.4906502177 2.9505239146 0.0000000000 11.9527351520 0.8500363374 0.4414635657 -2.1726346433 -4.5939731883 0.0245078291 2.8705708938 -4.4973815447 -6.7793825555 -0.9830589657 -3.1724994371 
357150.0000000000 -1132912.3627830227 6092515.6597076515 1504631.2837531320 1.5671346933 11.3140434823 0.0000000000 3.3308661757 2.7213093370 0.0000000000 12.4810195714 2.7861114250 -0.1863173452 -2.3585660895 -5.0797107204 1.6899379016 0.3489733891 -5.4659034794 -6.2950704303 0.3251201711 -3.9942615967 
357180.0000000000 -1132911.7948345817 6092512.5543495361 1504630.6770361906 2.0739817755 11.3140434823 0.0000000000 2.9931632121 3.1300591879 0.0000000000 12.2213829575 1.4392742012 -1.1987018839 -2.7817221706 -4.1123112299 2.3599833007 1.1203327485 -4.6033101055 -7.3228642734 0.2640070594 -3.1929335955 
357210.0000000000 -1132912.8960726229 6092516.0740243485 1504631.4738608794 2.9824521007 11.3140434823 0.0000000000 2.8983260545 3.7528429405 0.0000000000 12.2839695810 1.4396069864 -1.8551691568 -2.4675187347 -3.7366913319 0.3203751913 3.2797692711 -4.4487984138 -7.1230261214 0.2197049207 -4.1624961920 
357240.0000000000 -1132913.2228074523 6092515.6633656723 1504631.1550040198 2.5764598521 11.3140434823 0.0000000000 3.1050044253 3.4874430962 0.0000000000 12.4015717970 0.3510320198 -0.9528359204 -1.4966076895 -4.1388064956 1.1616736999 3.3721313746 -5.2471160430 -6.9879172923 -0.9013211405 -3.7522727492 
357270.0000000000 -1132912.5870503583 6092515.1679640021 1504632.2436863473 3.7890430729 11.3140434823 0.0000000000 1.5149001461 4.2284414251 0.0000000000 11.9857308694 2.1569123240 -1.8616210230 -1.9062347707 -4.7565804094 0.4494358296 3.5244610329 -3.9991224160 -7.3861809719 -0.3432977041 -3.2468465816 
357300.0000000000 -1132913.9296380621 6092514.7015291471 1504631.8670142016 4.7809430786 11.3140434823 0.0000000000 2.0554286064 4.7488749420 0.0000000000 12.7421053348 0.8920176113 -1.9004364802 -0.9656229813 -4.0058992842 0.5157847341 4.9271978479 -5.6567579064 -7.6962070734 -1.1275095998 -4.0956359604 
357330.0000000000 -1132913.2788517619 6092516.2254378917 1504632.0703749994 4.4026444696 11.3140434823 0.0000000000 1.9395669262 4.5562497019 0.0000000000 12.1325725690 0.0067145759 -3.0598650696 -1.3543978854 -4.5496665887 0.9493486842 6.0087364801 -4.2794058318 -7.1373159446 -1.6773811564 -3.0731836197 
357360.0000000000 -1132911.6852662484 6092514.0986240348 1504630.9129108128 6.2858727153 11.3140434823 0.0000000000 1.8817839270 5.4431270465 0.0000000000 12.7802635169 1.9542754608 -1.7302925553 -2.4429572720 -5.1693572568 0.1652572579 4.4333732343 -4.4555678024 -7.8464143720 -1.2212324403 -3.3955476966 
357390.0000000000 -1132913.0696773520 6092515.2526980238 1504632.0750608509 5.9653476782 11.3140434823 0.0000000000 2.1269328653 5.3014776605 0.0000000000 12.2936828536 1.6366948528 -0.5303992011 -2.0655499069 -5.0367836593 0.1808686041 3.5809189543 -4.7156339340 -7.3872597502 -1.3859436587 -3.6433624603 
357420.0000000000 -1132910.3012640248 6092513.5943567697 1504630.2173467649 6.1719886502 11.3140434823 0.0000000000 3.4805487577 5.3914231095 0.0000000000 12.4184841531 1.2630535195 -0.7174679618 -3.5806976110 -4.9858598456 1.1583784804 2.5098245398 -4.6827957166 -6.6627680480 -1.3242822452 -3.8931318074 
357450.0000000000 -1132912.0292060724 6092514.6275837310 1504631.2883426698 8.1782913614 11.3140434823 0.0000000000 2.1574260127 6.2048631715 0.0000000000 12.6674439873 1.3100729867 -0.6001284426 -2.3230309340 -5.3697520441 0.0165076588 4.2815969693 -4.5929797476 -7.6915851538 -1.8291013313 -3.8583288058 
357480.0000000000 -1132912.0068966595 6092514.7548907902 1504630.0822569910 7.4717292993 11.3140434823 0.0000000000 3.0428816192 5.9295277225 0.0000000000 12.1973157470 0.8437571934 1.6847610992 -3.3147045186 -5.4333707394 3.4321347267 -0.7256417709 -4.8840268733 -7.4340734350 -1.7532954945 -3.3306773557 
357510.0000000000 -1132911.6576888231 6092515.2167052906 1504630.5339153863 7.1065786567 11.3140434823 0.0000000000 2.9830118110 5.7815846617 0.0000000000 12.6783605982 1.5183686255 1.1308675103 -3.1226328558 -5.1220383642 1.3110690872 0.9710120827 -5.0513329775 -7.5836452476 -1.4433483117 -3.7566450485 
357540.0000000000 -1132913.0495330230 6092516.1866315696 1504631.9653726548 8.9811731542 11.3140434823 0.0000000000 3.1434856359 6.4981355971 0.0000000000 12.1938852212 1.4842785318 0.0262131049 -3.4343759609 -4.5977946924 0.5404716673 2.7046968935 -5.3848930652 -6.8751095535 -1.9758740533 -3.9729397202 
357570.0000000000 -1132911.9525221093 6092515.1984580494 1504630.8353376351 10.1740841160 11.3140434823 0.0000000000 2.5156020265 6.9147088321 0.0000000000 12.3454946970 -0.5166774626 -0.1274615689 -2.2927670772 -5.1097104623 2.0077744204 3.2348941070 -4.6450296029 -7.5277738293 -2.4953193638 -3.9509103226 
357600.0000000000 -1132912.2925856297 6092514.2483898140 1504630.9049879201 11.0322012969 11.3140434823 0.0000000000 1.9365000731 7.1987970588 0.0000000000 12.2045342813 1.4409223397 -1.6442698136 -2.5625242238 -4.8322876257 0.7169566913 4.1892995106 -5.0340971985 -6.9935495452 -1.7772048413 -4.4865810503 
357630.0000000000 -1132913.1130592308 6092515.8894161880 1504632.0784828200 12.0081557225 11.3140434823 0.0000000000 2.8426849490 7.5087583803 0.0000000000 12.7498003671 -0.3897600081 -1.0119114912 -2.9583757379 -5.1362211544 1.4393140884 4.1233135514 -4.5285223209 -7.3265852385 -2.3973620909 -4.5244219082 
357660.0000000000 -1132913.2127108171 6092516.2520221760 1504631.8558546279 12.4219767376 11.3140434823 0.0000000000 2.6474370939 7.6352837825 0.0000000000 12.9118510114 -0.1047578528 -2.6753394658 -3.0257354218 -4.3627576729 0.8009636185 5.3563644406 -4.5713192987 -7.3654361491 -1.6009195486 -5.2299314470 
357690.0000000000 -1132913.8229144341 6092518.7633789349 1504632.5447691975 13.6868271972 11.3140434823 0.0000000000 2.2097352994 8.0127125829 0.0000000000 13.2509316365 0.6606251112 -1.6982483930 -3.1742602352 -4.6434220876 1.4379102925 3.7616317454 -4.8846741155 -8.0993516851 -1.5445909738 -4.9272775672 
357720.0000000000 -1132913.2976308274 6092515.2230643146 1504631.7488787838 13.3023928865 11.3140434823 0.0000000000 1.1678466544 7.8975074974 0.0000000000 11.8851690690 0.0707902194 -0.9111890639 -1.8425112133 -4.3367478247 0.9610049980 3.4576460861 -3.7557961333 -7.7834296983 -0.9452581769 -5.5894851117 
357750.0000000000 -1132912.0968034046 6092514.2749774624 1504630.9131640831 17.2861662647 11.3140434823 0.0000000000 2.2589192123 9.0005754141 0.0000000000 12.0570837366 0.8908356834 0.8352910754 -3.8086042032 -5.0961767633 1.6806317779 0.7748648505 -3.9171252054 -7.1511209854 -1.3603784979 -5.8989602780 
357780.0000000000 -1132912.3622610690 6092513.3822256280 1504630.2498778505 17.5131459565 11.3140434823 0.0000000000 1.1053584415 9.0572717913 0.0000000000 12.2002469240 1.8858185101 0.1349624594 -3.4303559135 -4.4785066836 0.7784731929 1.3744005993 -3.8314465056 -8.2487788426 -0.4083342442 -5.9253290123 
357810.0000000000 -1132912.0140588724 6092515.1615594411 1504630.5675026076 16.6838875445 11.3140434823 0.0000000000 0.7988696298 8.8380644956 0.0000000000 12.7741162093 2.8799634632 -0.4342898243 -2.9939959793 -4.9547145757 1.4024713309 0.9492862780 -4.7310337383 -7.9031350470 -0.2592357620 -6.1472765470 
357840.0000000000 -1132912.8116304567 6092516.6850282801 1504631.5352799171 18.9984256288 11.3140434823 0.0000000000 2.3872703655 9.4288609865 0.0000000000 13.3627671031 1.1469423642 0.0114079558 -3.1665708377 -4.7919112767 1.7524936949 1.6452257459 -5.8467770371 -7.2351087182 -1.6085862256 -6.7661460143 
357870.0000000000 -1132912.3897095041 6092515.8141871067 1504631.7647609201 23.0404737254 11.3140434823 0.0000000000 2.8935053344 10.3809422804 0.0000000000 12.2961210837 -0.3624443189 1.7331216206 -4.0296344162 -4.4450980049 2.8042718077 0.3608435686 -5.3534507399 -7.2129469000 -2.9552828896 -5.7901702998 
357900.0000000000 -1132911.7344987402 6092515.7661475167 1504631.4501525478 20.3713579345 11.3140434823 0.0000000000 1.9598312848 9.7586703664 0.0000000000 12.5099498553 0.5124641104 -0.8786801856 -3.9297386205 -5.1481414927 1.7217521549 2.7418070643 -4.1273614612 -7.2416579334 -2.1001634797 -5.4668256356 
357930.0000000000 -1132911.5577011805 6092514.0901118796 1504632.2313415969 26.2620746025 11.3140434823 0.0000000000 0.3748926673 11.0772892910 0.0000000000 11.9153289517 1.9800412542 -1.1426270843 -2.5448364318 -5.3369786115 2.6055125265 3.1631527000 -6.4118404803 -6.8321844697 -3.3795902770 -5.1873439653 
357960.0000000000 -1132912.8466779296 6092516.1870689476 1504632.1975499047 22.5654986583 11.3140434823 0.0000000000 1.1575993008 10.2654650858 0.0000000000 12.1482830759 0.2992622131 -0.1025114177 -3.3391660772 -4.3505065226 1.3983199501 2.3926179966 -4.0293795895 -8.0657280567 -1.7579257502 -5.7717364987 
357990.0000000000 -1132912.7398259665 6092515.6151400739 1504631.6919431947 24.5772600134 11.3140434823 0.0000000000 1.1485733176 10.7104830011 0.0000000000 12.7995360636 1.6117427786 -0.6776404537 -3.5006861370 -4.9023902472 2.5612218273 1.9032014048 -5.8323516102 -7.5303970320 -2.5303071341 -5.4704200405 
358020.0000000000 -1132912.7715709659 6092515.7007709211 1504631.3550532090 27.2248999363 11.3140434823 0.0000000000 0.0124621777 11.2696509549 0.0000000000 12.5284032249 0.4630909866 -0.2469405334 -2.1339527054 -5.4360601777 3.5709359348 1.7533223825 -5.0995822462 -7.9309957419 -2.8359516973 -5.6592331308 
358050.0000000000 -1132912.3553346598 6092515.0290368460 1504630.9725231293 26.8886405869 11.3140434823 0.0000000000 0.7904781686 11.1968457769 0.0000000000 12.5406613601 -0.0664856794 -2.2158961123 -3.4836748011 -4.2129608561 4.8312277818 1.1762537928 -4.6974379468 -7.4013541183 -1.7038005237 -6.4179393789 
358080.0000000000 -1132912.0282141701 6092515.9959055372 1504631.6088386318 25.9119233492 11.3140434823 0.0000000000 1.0599269757 10.9886411577 0.0000000000 12.9771835807 0.5529303339 -1.0003981945 -3.8671164423 -4.9780422033 2.3599398201 2.0038250840 -4.0443915397 -7.8476139966 -1.7621360043 -6.1676649340 
358110.0000000000 -1132913.8993039501 6092518.0086458428 1504632.2168813243 26.0865570555 11.3140434823 0.0000000000 1.8788438743 11.0226141740 0.0000000000 13.4595892504 0.2989706546 -0.2426164321 -3.8509245682 -5.7775040412 1.1681327827 3.1706915523 -4.5592701502 -7.4262135274 -2.9608281723 -5.8832817256 
358140.0000000000 -1132913.1700063366 6092518.1345954090 1504631.8026597863 31.3034946817 11.3140434823 0.0000000000 2.3195599888 12.0712874526 0.0000000000 13.2992954182 0.6127597643 -0.2548391047 -5.0779076359 -4.6053739573 1.7351255706 2.4092955429 -5.5659965024 -7.4937998876 -3.2112367264 -5.9032935433 
358170.0000000000 -1132913.5403523340 6092519.0477753328 1504632.4122681345 29.2916630461 11.3140434823 0.0000000000 2.0908261865 11.6737167883 0.0000000000 13.1371730515 -0.2437660765 1.0603579341 -3.5862265566 -4.7829731459 1.1519873800 2.3340630114 -5.4011534109 -7.3204073126 -3.2987108471 -6.5232944807 
358200.0000000000 -1132912.4298213196 6092516.8927492984 1504632.0010696580 0.5143013832 11.3140434823 0.0000000000 5.0945058482 -1.5464129006 0.0000000000 14.3615154014 -0.4447168655 -0.6318949124 -0.0728304202 -5.2378483870 -0.5591506241 1.4418054632 -4.3202064631 -4.8563421439 -0.0386054864 -2.8063197296 
358230.0000000000 -1132912.7084367350 6092518.9459532797 1504631.6149658961 0.6469967501 11.3140434823 0.0000000000 6.3330095627 -1.7339868581 0.0000000000 15.1047589331 0.0292128882 -1.6161880646 -2.1263174315 -4.8595065367 0.0793412475 0.5845178414 -4.4470964317 -4.8034832857 0.2348823000 -2.2991822408 
358260.0000000000 -1132912.6783906487 6092516.3474637438 1504631.0668910479 0.4537698236 11.3140434823 0.0000000000 4.4137585124 -1.4517442707 0.0000000000 14.2242171974 0.5956634852 -1.8307148632 -0.9358393534 -4.6503544664 0.4411635848 0.1982981779 -3.8317553924 -5.2700949274 1.1305968018 -2.6594147171 
358290.0000000000 -1132913.8081099736 6092517.9965816215 1504631.5817738168 0.1748237906 11.3140434823 0.0000000000 4.9441420111 -0.9008446398 0.0000000000 14.1671203254 -0.0379176585 -0.8550631928 -1.2411158330 -4.2262139415 0.9777725264 -0.6047623927 -4.4009433072 -5.3021759252 0.2664648505 -2.3629810511 
358320.0000000000 -1132913.1142017799 6092516.4640004160 1504631.9570446888 0.0169829497 11.3140434823 0.0000000000 3.7106683520 -0.2807018378 0.0000000000 14.0228013439 -0.7283287892 -0.7906652182 0.4208613629 -4.7103888866 0.7510534690 0.3656759223 -3.8589931630 -5.5685874015 0.4004924254 -3.3848932717 
358350.0000000000 -1132911.3465083938 6092515.9913825113 1504632.3685036399 0.2418332373 11.3140434823 0.0000000000 3.3550650060 -1.0589067469 0.0000000000 14.0428582767 -0.2869201462 -1.7540043159 0.3298771585 -4.9258824967 2.2709026555 -0.4086153218 -3.8656527255 -5.7069253565 0.2613401576 -1.8505870600 
358380.0000000000 -1132911.7065407950 6092513.9278130420 1504631.3788014471 0.2946358175 11.3140434823 0.0000000000 2.6873908201 -1.1684669389 0.0000000000 13.5499151841 0.9410525720 -2.6776810854 -0.3862811879 -5.1091179150 2.2356155962 -0.3953219174 -3.2050304879 -5.8295351876 0.7459312841 -1.0278177554 
358410.0000000000 -1132913.2248431237 6092518.8643161738 1504632.6088797951 0.0355796391 11.3140434823 0.0000000000 4.0148277040 0.4059336870 0.0000000000 14.5026766988 -1.3385852848 -2.4494733221 0.0241062970 -4.8014589745 1.8347515653 1.5792439664 -4.5028675990 -5.5228587625 -0.6585953779 -2.6298817718 
358440.0000000000 -1132913.4782437920 6092519.8304287707 1504632.9309836046 0.3894216667 11.3140434823 0.0000000000 4.6678416237 -1.3425471394 0.0000000000 14.3174932562 -0.0356233021 -0.8643766602 -0.2708945199 -4.9862074088 0.9788143020 -0.6405968996 -4.3662209315 -4.7670270297 -0.1050087262 -2.1540447376 
358470.0000000000 -1132912.2558321697 6092518.5909781111 1504632.0196565986 0.2035379104 11.3140434823 0.0000000000 4.9220453325 -0.9703190861 0.0000000000 14.3962183511 -0.3260758358 -0.1124250363 -0.8125674706 -4.5600262224 -0.2911084269 -0.5860436823 -3.5991856248 -5.3314283861 0.4695797200 -2.8283318625 
358500.0000000000 -1132913.6967476383 6092518.1675035646 1504632.7805011403 0.1851888108 11.3140434823 0.0000000000 2.7631180663 -0.9252749679 0.0000000000 14.0266985998 0.3709013221 -0.1500159388 1.1655603287 -4.9529178876 0.5657047471 -0.7576716963 -3.8814042712 -6.0880574214 0.5205326288 -2.3781380996 
358530.0000000000 -1132912.7459196635 6092518.7617051369 1504632.2486274284 0.3081436012 11.3140434823 0.0000000000 4.9243636856 -1.1931920721 0.0000000000 15.1354768090 0.6702994389 -2.0945294863 -0.8085384186 -5.5286472707 0.4272039681 0.4699014705 -4.6399811125 -4.7026167153 -0.1009667622 -2.1172624446 
358560.0000000000 -1132912.9643281659 6092517.7060620943 1504631.8235050559 0.2217618059 11.3140434823 0.0000000000 5.2799689522 -1.0119229706 0.0000000000 15.2408166874 -0.0625927009 -1.2894365779 -0.4361970513 -4.9727844601 0.1713253922 0.4782516816 -5.2072581721 -4.9571502114 -0.5496986131 -2.2289327997 
358590.0000000000 -1132913.2060041323 6092517.5761298053 1504633.3737966386 0.0647074972 11.3140434823 0.0000000000 3.4678954747 -0.5464523451 0.0000000000 14.3733445420 0.2739059109 -0.2216900698 0.7361181265 -4.8250737857 2.3073901410 -1.9653689933 -5.3170010713 -5.4745840094 -0.9414892350 -1.4061120438 
358620.0000000000 -1132913.4730815471 6092520.0694276309 1504632.1420787163 0.3040159969 11.3140434823 0.0000000000 6.0759507957 -1.1841059470 0.0000000000 15.6909022839 -1.5359088252 -2.6356134781 -1.7022086559 -4.6477692192 0.0929684320 1.1881167487 -3.2940648398 -5.5583053483 0.2319118264 -2.2153100342 
358650.0000000000 -1132912.6160446981 6092518.3817931302 1504633.3219190009 0.0030538739 11.3140434823 0.0000000000 3.8437589777 0.1186601695 0.0000000000 14.6518199226 0.2323331529 -1.9614286511 -0.4756546935 -5.4985783939 1.2611380254 -0.1470503580 -3.9684088300 -4.8761275569 -0.2354536590 -2.5154184413 
358680.0000000000 -1132911.9798881239 6092518.5183765506 1504631.8468966547 0.2640783563 11.3140434823 0.0000000000 5.4707727821 -1.1029232606 0.0000000000 15.0102889439 -0.1037983053 -0.3964641592 -1.0228416753 -5.1977525611 -1.3312328730 0.1301430664 -3.6553694564 -5.0339886914 -0.0153848386 -2.3979137988 
358710.0000000000 -1132911.7154249263 6092516.9461237276 1504631.3995571965 0.4425215741 11.3140434823 0.0000000000 4.6739148245 -1.4272935021 0.0000000000 14.8327700002 0.8857063514 -2.1031596886 -0.4926731586 -6.3406704087 0.0937787767 0.4796504085 -4.0600517082 -4.1531105239 -0.4958627181 -1.4807640862 
358740.0000000000 -1132912.2305463033 6092516.4714862937 1504632.3167941193 0.0999313791 11.3140434823 0.0000000000 3.9229910430 -0.6780550512 0.0000000000 14.4099313372 -0.0524735023 -0.7974473032 0.0584139118 -5.6133226945 -0.3387967305 0.3223942836 -3.4173937027 -5.4677269592 -0.4131927887 -1.6194947314 
358770.0000000000 -1132913.7278004859 6092517.0474589821 1504633.4606483430 0.0448150993 11.3140434823 0.0000000000 2.0914652732 -0.4539363428 0.0000000000 13.8075451999 1.0838112343 -1.0748823595 0.9867849684 -5.0448015149 1.2601088882 -1.4634523444 -3.6760609481 -5.5443488908 0.5203353568 -2.1890382386 
358800.0000000000 -1132915.3037305013 6092530.3929758184 1504633.8662175597 0.0018101095 11.3140434823 0.0000000000 0.3256813654 0.0911999358 0.0000000000 0.4803230056 0.8750243748 1.6225726550 0.3984180550 -0.8270712644 -1.8701953775 1.0187561972 -1.4203633800 -0.4577518761 -1.3114283109 0.9479317337 
358830.0000000000 -1132915.2559151535 6092529.6157867974 1504633.2224586962 0.1093507645 11.3140434823 0.0000000000 1.0062187291 -0.7086346303 0.0000000000 0.1913464884 0.2162246717 2.0970867693 -0.0324937703 -0.1497805504 -1.1152963710 -0.6787865110 -0.8453542632 -0.1858443277 -1.1256404118 1.3168252921 
358860.0000000000 -1132915.7390332606 6092529.7869089525 1504634.3211339917 0.7740186773 11.3140434823 0.0000000000 0.0566992302 1.8847455098 0.0000000000 -0.4075756129 0.2300362297 2.5013223883 -0.7428706833 -0.5009012030 -0.9702856171 -0.2773266135 -0.4191997273 -0.4004284170 -1.8438527362 0.8100436165 
358890.0000000000 -1132915.0086965174 6092530.5778554007 1504633.9891666735 0.0072743397 11.3140434823 0.0000000000 0.7012274228 0.1826571214 0.0000000000 -0.1947912598 -0.5087612025 0.1124144325 -0.0987899774 -0.2817263891 -0.1084319343 1.0912895886 -0.7880594601 0.2225377575 -1.5540545080 1.2810255201 
358920.0000000000 -1132916.3371974856 6092529.9096509395 1504634.1363308774 0.0608676328 11.3140434823 0.0000000000 -0.9365005268 0.5282021761 0.0000000000 -0.5378165920 0.2338673373 1.3980353695 0.9715551048 -0.0365226240 -0.8325655788 0.1466010305 -0.2074943865 -0.4798783515 -0.2046547316 -0.2024043349 
358950.0000000000 -1132916.4453139105 6092529.0177480886 1504633.8854451922 0.0075736361 11.3140434823 0.0000000000 -1.4957291403 0.1862618704 0.0000000000 -0.8470130924 1.1522819830 -0.3237336896 0.6761554041 -0.0542830637 -1.0629971711 1.6565786078 -0.1109848578 -0.8193518980 0.4797315634 0.3211170788 
358980.0000000000 -1132914.8798612270 6092528.1306446511 1504634.7296827356 0.1234835406 11.3140434823 0.0000000000 -1.5662176113 0.7518657020 0.0000000000 0.1188807198 0.1682777480 -1.0474321014 1.4122517827 -0.7236939701 2.4525628540 0.2576251844 -1.1633671211 -0.4653434252 -1.3109947631 1.2520570646 
359010.0000000000 -1132914.6772177576 6092531.4958618553 1504634.1416821424 0.0239187898 11.3140434823 0.0000000000 0.2449352610 0.3308033929 0.0000000000 1.3595727035 0.1796069935 -1.4608539325 -0.2248671730 -0.4971508787 1.6100487226 -0.1068830037 -0.9644247731 0.0865203239 -0.4760706479 0.1223246673 
359040.0000000000 -1132912.8999350448 6092528.8560880432 1504632.1719935751 0.0990996426 11.3140434823 0.0000000000 0.7365127713 0.6731318282 0.0000000000 1.0894178917 1.5154203294 -1.6406306225 -0.8947470224 -1.2663094320 -0.0793271064 1.6424794091 -1.8868840701 1.0117089513 -1.0081472526 0.1670912459 
359070.0000000000 -1132915.1289645166 6092531.9993884536 1504633.9720647542 0.0079393076 11.3140434823 0.0000000000 0.0556410636 -0.1904664758 0.0000000000 0.6844229075 1.0881660440 -1.4102288124 0.0554243770 -0.0468860846 1.7113264492 -0.3827302055 -1.9059604370 0.5029600564 -0.5598341558 0.6128447611 
359100.0000000000 -1132915.2244089707 6092529.6084732534 1504633.0498589387 0.3080300796 11.3140434823 0.0000000000 1.1806492284 -1.1860086808 0.0000000000 0.9041036192 -0.4476947642 -0.8923870825 0.1003008473 0.1047560414 1.0108709232 -0.3012303995 -0.9115726090 0.3811563760 -0.4535009952 0.7469639376 
359130.0000000000 -1132915.0746464012 6092528.7085989406 1504633.8168421953 0.0101646271 11.3140434823 0.0000000000 0.6101423878 -0.2153771167 0.0000000000 0.0454606460 0.0017406665 2.0551853838 0.9015394629 -0.1154832268 -1.0943933692 0.0531230565 -1.6201064390 -0.0951656945 -1.5323610804 0.9440757388 
359160.0000000000 -1132914.2714380424 6092526.9130402822 1504631.9929761097 0.2215980386 11.3140434823 0.0000000000 0.4853491752 -1.0053125673 0.0000000000 -0.1957892842 1.0761805857 0.5030933932 0.0950724155 0.0612591158 -2.6387250322 1.9826162062 -0.9992158835 -0.6569741809 0.0806394684 0.9126075624 
359190.0000000000 -1132915.4568898028 6092530.3359531173 1504633.6513526472 0.0476034965 11.3140434823 0.0000000000 1.1930711347 -0.4658013161 0.0000000000 0.1602103863 -0.5134981020 0.9082112345 0.0027895062 0.7703512241 -1.1469144290 0.7464162258 -1.2313247089 -0.6238142113 -0.8275226641 0.9985137757 
359220.0000000000 -1132915.5525132129 6092530.1298099300 1504634.4331534896 0.1483629487 11.3140434823 0.0000000000 -0.3671804033 0.8220669083 0.0000000000 -0.3543847969 0.0636041974 1.2244481797 0.8243289841 -0.1344600999 -0.3987643620 0.5363641424 -1.2700515438 -0.2109520151 -1.3186899205 0.5071782188 
359250.0000000000 -1132916.4358606960 6092529.8006216902 1504634.5914531855 0.0057864077 11.3140434823 0.0000000000 -0.1844833572 0.1622974043 0.0000000000 -0.2895391964 0.0995205794 0.5765843258 0.5918219586 0.5772120950 -0.9559093850 1.4136393537 -1.3203477875 -1.1380977733 -0.6316821838 0.9504803634 
359280.0000000000 -1132915.6536972478 6092529.7832382265 1504633.8597146661 0.0653989853 11.3140434823 0.0000000000 0.5050692073 -0.5454516926 0.0000000000 0.8079766604 0.0859792007 1.1045863903 0.6608680457 0.0266274058 -1.1947527707 0.3227198102 -1.1050248263 -0.8781920865 -0.4202488781 0.5139575307 
359310.0000000000 -1132914.9261882827 6092529.4375487631 1504633.5705967050 0.0107184094 11.3140434823 0.0000000000 0.9520998971 0.2207489970 0.0000000000 0.1241779499 -0.1676937487 -2.2300639839 -0.6493845757 0.7262722191 1.2974371783 1.6767495831 -2.0325734632 0.2699584283 -1.1039968190 1.2044034481 
359340.0000000000 -1132914.9864062374 6092528.1167947054 1504632.9068652585 0.1777026497 11.3140434823 0.0000000000 0.6447171751 -0.8985538506 0.0000000000 0.0924478296 0.2111902109 0.4761671030 0.5396827768 -0.1948506729 -1.3639825292 0.9194757704 -0.7883669565 0.1038552746 -0.2163620710 0.3293598434 
359370.0000000000 -1132915.4913885379 6092528.7689356320 1504632.5661733346 0.0291240049 11.3140434823 0.0000000000 -0.3681804805 -0.3636519432 0.0000000000 0.0013864031 1.4242202942 -0.4399063253 0.0069962571 0.3040691454 -0.7418820203 1.0104005632 -1.1835381321 -0.7851316154 0.3678010635 0.6038752476 
359400.0000000000 -1132916.0817097456 6092530.2951375656 1504633.0933132898 0.0614681280 11.3140434823 0.0000000000 0.8176870857 -0.5281393006 0.0000000000 -0.1790523635 0.8819831620 -2.0744226371 -0.3655995236 1.0517135360 0.7811249950 1.4547903022 -2.6510201271 0.5883388697 -0.4727585188 0.9051151269 
359430.0000000000 -1132915.1612865075 6092528.5580344526 1504632.3449796191 0.0611042876 11.1654816136 0.0000000000 1.2030089351 -0.5217144674 0.0000000000 0.6408579288 -0.1822878990 -1.2917182157 -0.6768845536 0.6088383425 0.0000000000 1.0604944642 -0.9944026712 -0.2324502374 -0.0792164035 0.5835500166 
359460.0000000000 -1132915.6295674001 6092530.5852028253 1504632.6590849615 0.0537749520 11.1654816136 0.0000000000 1.4861621666 -0.4892760795 0.0000000000 0.9462161425 -0.1592593871 -1.4069327789 -0.1782811747 0.3933447466 0.0000000000 1.4604619011 -1.9724834146 0.3632469268 -0.5205776268 0.2293623014 
359490.0000000000 -1132914.7225254662 6092528.6294001294 1504633.5061409385 0.0377310486 11.1654816136 0.0000000000 0.1752618746 0.4097149758 0.0000000000 0.5362445075 -1.0301252925 -0.8106137438 0.9249423372 0.0550108863 0.0000000000 2.0742936448 -1.1715316979 -0.4378154095 -0.6111707539 -0.1053894372 
359520.0000000000 -1132916.0137704713 6092531.5890961709 1504634.0601326802 0.0053317205 11.1654816136 0.0000000000 1.7717199096 0.1539702712 0.0000000000 0.2946819328 -1.4346553473 -0.4360893131 -0.3924414429 1.4468930999 0.0000000000 1.0352563067 -1.6128688325 0.1349195766 -0.8437019337 0.0837035253 
359550.0000000000 -1132914.8278925281 6092528.6119866529 1504633.2696240940 0.0762352616 11.1654816136 0.0000000000 0.3063058640 -0.5820370684 0.0000000000 0.3352070200 -0.3112013598 0.3100902102 1.0920819016 -0.0822439610 0.0000000000 0.5728836216 -1.2709835185 -0.5789858226 -1.0095760941 1.2619652882 
359580.0000000000 -1132915.4244129236 6092531.4473541779 1504633.4635221194 0.0118464362 11.1654816136 0.0000000000 1.1025195297 -0.2293714259 0.0000000000 0.4226089237 -0.6603217629 0.2577807128 0.4670908708 1.1019722394 0.0000000000 0.4317609646 -2.0664363274 -0.3062185224 -0.9729611545 0.5925600999 
359610.0000000000 -1132915.8003498372 6092531.3817947945 1504635.2925063295 0.0712846081 11.1654816136 0.0000000000 -0.0200327938 0.5624935417 0.0000000000 0.1285406653 -0.0363829061 1.3870996700 0.7182265762 0.7170996314 0.0000000000 -0.4510980843 -1.7394248515 -0.6151713356 -1.1186450485 0.4949185975 
359640.0000000000 -1132915.6425143748 6092530.2987600351 1504634.4125764426 0.0116513481 11.1654816136 0.0000000000 -0.1805263468 0.2273444626 0.0000000000 -0.2092287271 0.1168700738 -0.3480975910 0.5388979307 0.3566545371 0.0000000000 1.1724623605 -1.3147642802 -0.1940187411 -0.3732971511 0.1837403344 
359670.0000000000 -1132915.7453533832 6092530.7981314035 1504634.6779274531 0.0854737450 11.1654816136 0.0000000000 -0.5209290632 0.6155874959 0.0000000000 -0.4887634158 1.6828134285 -0.4822079951 -0.6407414581 1.1984074321 0.0000000000 0.5312361668 -1.8827785347 -0.3266855735 0.2853326562 -0.0334220376 
359700.0000000000 -1132914.4049157251 6092529.3603807092 1504633.6952577427 0.0171117749 11.1654816136 0.0000000000 -0.9944554342 -0.2753592768 0.0000000000 0.0531814790 0.8458154504 0.7669632782 1.2989841225 0.1208906971 0.0000000000 -0.0630101898 -1.2777519458 -1.2241535014 -0.3375011278 0.9822550948 
359730.0000000000 -1132914.6373236987 6092528.7641356532 1504633.0108710791 0.0058477303 11.1654816136 0.0000000000 1.1970555763 0.1609265916 0.0000000000 0.5206606476 -1.2935549622 -0.2540552023 0.7303296475 -0.1007040634 0.0000000000 1.6458675058 -1.6767501078 -0.0050750759 -1.6794699912 0.8998848169 
359760.0000000000 -1132914.3731919879 6092528.3384167412 1504633.1496115394 0.0097851798 11.1654816136 0.0000000000 0.1295347540 0.2081144426 0.0000000000 0.9561089122 0.6425620217 -0.8772713261 0.2216977713 -0.8679268723 0.0000000000 1.2875804656 -1.3690221983 -0.2066963951 -0.6727871706 0.5459599851 
359790.0000000000 -1132914.6059348749 6092528.4508135533 1504633.4344620917 0.1391934757 11.1654816136 0.0000000000 -0.1918108866 0.7847116929 0.0000000000 0.3658095347 -0.2074933630 0.0547005574 0.0520466147 -1.0008203688 0.0000000000 0.6407213111 0.0945843646 -0.3671589320 -0.8629251359 0.6081815762 
359820.0000000000 -1132914.6987555996 6092528.8460567035 1504633.2925355653 0.1088149858 11.3140434823 0.0000000000 0.2582047495 -0.6936354336 0.0000000000 -0.2815804175 0.0404642813 -1.7894735408 -0.3421662131 0.5019483901 0.0000000000 1.7575313551 -0.2224953598 -0.2625725491 0.8109751221 0.2189240889 
359850.0000000000 -1132914.7161901952 6092528.5209342968 1504633.5979061625 0.0350291405 11.3140434823 0.0000000000 -0.7178095633 -0.3934502341 0.0000000000 -0.4805759106 1.6571442247 0.3967210096 0.5838118056 -0.1899138200 0.0000000000 -0.1059994553 -1.3262219933 -0.1595926215 -0.3925980551 1.0495700134 
359880.0000000000 -1132914.0197211823 6092528.1308090836 1504632.0987998729 0.1986610279 11.3140434823 0.0000000000 0.6490229000 -0.9367450368 0.0000000000 0.4303921555 1.7056371252 -1.5701164818 -1.5603448561 -0.2144818235 0.0000000000 0.0734393712 -0.1668951869 0.2163170687 0.7435130752 0.6849779761 
359910.0000000000 -1132915.5605820219 6092527.9023485593 1504633.4990007193 0.0088188627 11.3140434823 0.0000000000 -1.0089323940 0.1973169591 0.0000000000 -0.3027106507 0.9700039074 -0.6657094125 0.4297319108 0.6457242345 0.0000000000 1.4976597338 -1.4570879619 -1.1995169732 0.3617787795 0.3836533621 
359940.0000000000 -1132915.2365749939 6092531.0768647660 1504635.1624587816 0.5410320284 11.3140434823 0.0000000000 -0.1882962907 1.5451203931 0.0000000000 -0.7395403535 -0.3294313285 1.5113336018 0.2121913149 0.3546446594 0.0000000000 0.0922635164 -1.2241904003 -0.2741553875 -1.7853604425 0.8387069799 
359970.0000000000 -1132914.8408386689 6092530.6910184296 1504633.0231425334 0.0049159376 11.3140434823 0.0000000000 1.4321954720 -0.1472486512 0.0000000000 -0.3406185544 0.8563263331 -1.1886515589 -1.6634510842 0.8451456702 0.0000000000 1.0394619403 -1.6841025657 0.2499161265 -0.5618227796 1.3412468654 
360000.0000000000 -1132915.1034933128 6092530.7334084110 1504633.8841019380 0.0071446920 11.3140434823 0.0000000000 0.8552380474 -0.1774743307 0.0000000000 0.5919723537 -0.0525345464 0.6162333591 -0.1708203393 -0.1826999738 0.0000000000 -0.9214326626 -0.4126964344 0.0431989214 -0.9146315651 0.8626446969 
