time x y z T0 thrd C21 C24 C25 C26 C33 C34 C38 C39 C40 C42 C43 C59 C60 C23 C41 
345600.0000000000 -1132915.4975555253 6092526.9487521276 1504632.6028785270 0.0867324205 11.3140434823 1.0075716386 0.1351419090 0.6805809376 1.5083627780 -1.2895183997 -0.1016519310 -0.5890346507 -0.0881027640 0.0970616959 0.5140812875 0.1852626701 -2.0611548445 0.0000000000 0.0000000000 0.0000000000 
345630.0000000000 -1132915.7655980603 6092528.6369146211 1504633.7536539142 0.0134641567 11.3140434823 0.8171513358 -0.0291159122 0.2947145699 0.9214248688 -0.7907661358 0.2141991022 -0.0910985011 -0.3892745781 -0.3029411240 0.6367507348 0.2535660237 -1.5013257808 0.0000000000 0.0000000000 0.0000000000 
345660.0000000000 -1132916.5016949961 6092528.7250826685 1504632.9275129046 0.1991413738 11.3140434823 0.7274958132 -0.1953514310 -1.0736524640 0.3006755399 -1.0929346999 0.5502157298 0.2464082181 0.0831825374 -0.8640805263 0.7282370682 1.7824096333 -0.8749076698 -0.0000000000 0.0000000000 0.0000000000 
345690.0000000000 -1132914.2954681201 6092528.3361039665 1504632.8957093977 0.0158186536 11.1654816136 0.2777353263 1.1402298660 -1.0910544098 1.5116968408 -0.7293503141 0.0000000000 -0.0462605595 -0.1478657911 1.3521334439 -0.1935894756 0.5671458983 -2.4138730749 -0.0000000000 0.0000000000 0.0000000000 
345720.0000000000 -1132914.2308075146 6092526.0159189487 1504634.4424377589 0.1617380984 11.3140434823 0.2855437113 0.3220131866 -0.4952272812 1.3101774046 -1.3213079092 3.0149126329 -0.8107094558 0.8312480335 -0.9149031681 0.5867191177 -0.7048882758 -1.9098506218 -0.0000000000 0.0000000000 0.0000000000 
345750.0000000000 -1132914.4954547468 6092528.1898910599 1504632.7489617090 0.0329732362 11.3140434823 -0.4499804804 0.7932554934 0.4124572352 1.0669666897 0.7909247161 2.2632747025 -0.0945838822 -0.6128733398 0.2345272861 -0.2825288637 -2.9147385335 -1.4033595147 -0.0000000000 0.0000000000 0.0000000000 
345780.0000000000 -1132914.7005726004 6092528.2861571582 1504632.7139957654 0.0355861023 11.1654816136 0.7639734067 0.5345425134 0.7597371059 0.0475515912 -0.0333418310 -1.8491166849 -0.3673835760 0.2471699818 2.1266447730 0.0000000000 -0.5577920360 -1.8645889300 0.0000000000 0.0000000000 0.0000000000 
345810.0000000000 -1132914.3984109033 6092526.6285338691 1504633.5964524203 0.5285687021 11.3140434823 -0.4834046774 -0.1554484817 1.4096431981 1.2986077065 -0.2700750946 0.1318860867 -0.3100127536 0.1814741957 0.9785337492 -0.0435681143 -1.8347601763 -1.1748361469 -0.0000000000 0.0000000000 0.0000000000 
345840.0000000000 -1132914.7683257100 6092528.2693813303 1504632.9335537748 0.2337178862 11.3140434823 -0.3819969975 0.5643218884 -0.9996260469 0.3317353416 -0.3203723229 2.1174970679 -0.1522072543 1.0549951130 0.7928711475 0.2805668733 -1.1721074350 -1.9585308073 0.0000000000 0.0000000000 0.0000000000 
345870.0000000000 -1132915.2068054678 6092530.4977690950 1504632.4716302138 0.0369519796 11.3140434823 1.0864671764 0.5692593933 -0.4792510161 -0.4040066071 0.6222963408 0.8062883424 0.7067030946 0.4640816466 0.9825118500 -0.2062046179 -1.3633285863 -2.8285733026 -0.0000000000 0.0000000000 0.0000000000 
345900.0000000000 -1132915.1313430888 6092528.4131909739 1504633.4912307572 0.0673036621 11.3140434823 -0.1788105200 0.3659281689 -0.5754177235 0.7262683636 -0.7790597667 0.5255339215 -0.2456948890 0.5379818278 0.6987042643 0.2709561882 0.1259782415 -1.3135908376 -0.0000000000 0.0000000000 0.0000000000 
345930.0000000000 -1132915.3153101336 6092528.3414072255 1504633.3968035781 0.1871414774 11.3140434823 -0.1097110109 0.3570971528 -0.4039246764 0.2854753117 -0.2008967859 1.6747505086 -0.1804480744 0.7627499307 0.2299486348 0.0264533548 -1.0924466706 -1.2939975952 0.0000000000 0.0000000000 0.0000000000 
345960.0000000000 -1132914.4394888871 6092528.0287602926 1504633.2957281980 0.0204073590 11.3140434823 0.5650617004 0.7148304320 0.4286845748 0.5805450171 -0.1025579634 -0.8260972532 -0.3925596871 -0.5795957185 1.2452232774 0.3346454900 -0.4473854229 -1.6343986752 0.0000000000 0.0000000000 0.0000000000 
345990.0000000000 -1132914.5005758815 6092527.3961140243 1504633.0154601003 0.0777373609 11.1654816136 1.4539431296 0.0774627353 0.1357961724 0.3712248128 -0.1072866614 0.0000000000 0.5633520448 -0.2450896434 -0.4271147862 -0.2250403016 0.0855945805 -1.6980295896 -0.0000000000 0.0000000000 0.0000000000 
346020.0000000000 -1132914.7567393437 6092528.5898168869 1504632.7732054382 0.0096727732 11.1654816136 0.5940056100 0.6089286518 -0.1842193015 0.0091003938 0.6309282515 1.7057635327 0.2884319801 -0.1062169266 0.1580608597 0.0000000000 -1.8059807968 -1.9784098899 0.0000000000 0.0000000000 0.0000000000 
346050.0000000000 -1132915.0323612567 6092529.2860040357 1504633.0224073757 0.0620887725 11.3140434823 0.0215947465 0.4480115745 0.0050890858 0.9692296590 -0.0348304630 1.3773837719 0.2419247123 -0.0751564684 0.6523147018 0.1544558643 -1.5546989858 -2.2572305360 -0.0000000000 0.0000000000 0.0000000000 
346080.0000000000 -1132914.7461231886 6092526.5657678712 1504631.8596170268 0.1551632486 11.3140434823 1.3697159828 0.5595108880 -0.0314350240 0.4340795535 -0.7182192988 0.1085832595 -0.2775809675 0.3801993834 0.6491803534 0.4790224481 -0.1567179456 -2.7600716739 0.0000000000 0.0000000000 0.0000000000 
346110.0000000000 -1132915.2277815333 6092527.3003835967 1504632.7804346157 0.1965226975 11.3140434823 -0.2859096167 0.4279834655 -0.3634582366 0.5736953632 -0.2467156208 -0.5203759950 0.1404655129 -0.2171083422 1.6198180907 0.5543578985 -0.0365660903 -1.6009327153 0.0000000000 0.0000000000 0.0000000000 
346140.0000000000 -1132914.8247759456 6092527.7861401988 1504632.7789263704 0.0323540761 11.3140434823 1.4862337741 0.4212983396 0.6265631962 0.3078712485 0.1272737597 1.4891572817 -0.2030762996 -0.5207815938 -0.7897759489 0.4350527425 -1.4902767771 -2.0310806150 -0.0000000000 0.0000000000 0.0000000000 
346170.0000000000 -1132916.0758427605 6092527.4618512634 1504632.8628890612 0.1308827479 11.3140434823 0.3276192673 -0.0361887392 -0.7900097039 0.1944280940 0.0044414224 3.3029520996 0.6331602961 0.3247270285 -1.7476525865 0.1031690085 -0.9721091280 -1.1450584334 -0.0000000000 0.0000000000 0.0000000000 
346200.0000000000 -1132914.9963342778 6092528.8779465547 1504632.9436428063 0.0503006939 11.3140434823 1.4444219461 -0.0241626980 -0.2763344261 -0.3041927312 0.0620615283 1.3869028817 0.5289827606 0.2383215105 -0.9995813320 0.1994524012 -0.4360084666 -1.7564622455 0.0000000000 0.0000000000 0.0000000000 
346230.0000000000 -1132915.7472335319 6092529.9699527351 1504632.5934222732 0.0514999648 11.3140434823 1.4627341551 0.8911829036 -0.8791469832 0.0790273218 -0.3529034901 0.7165723457 -0.1848269458 -0.6238754019 -0.9376092889 0.5105365574 0.9280914686 -1.3412758955 -0.0000000000 0.0000000000 0.0000000000 
346260.0000000000 -1132916.7492539100 6092525.8179116445 1504632.0822006520 0.8040190250 11.0041300577 0.0000000000 -0.0922712851 0.1129351649 1.5899294143 -1.4364217907 0.0000000000 0.0329184149 0.5100891290 0.2413496406 0.0435784343 0.5477495913 -1.4234527923 -0.0000000000 0.0000000000 0.0000000000 
346290.0000000000 -1132916.7767318059 6092529.6942520617 1504632.7920197255 0.1141950027 11.3140434823 0.1735011581 1.2867423098 -1.7324561868 0.9937030061 -1.0481701366 1.7381309375 -0.3746314085 -0.2957162584 -1.0720986857 0.2112274615 1.4093348956 -0.7433328927 0.0000000000 0.0000000000 0.0000000000 
346320.0000000000 -1132915.0516025850 6092526.8905519815 1504632.5628666203 0.1836833406 11.3140434823 0.7750892916 1.2459710546 -0.8085953799 0.3093698142 -0.1179943571 0.7560877154 -0.2946104082 -0.3534890815 -0.0149958015 -0.0668909313 0.0860549102 -1.3521111660 -0.0000000000 0.0000000000 0.0000000000 
346350.0000000000 -1132915.6843733997 6092524.2850080933 1504633.2259222209 1.8914643661 11.3140434823 0.8193363280 0.7197172340 -0.4447299315 1.1765372432 -1.3061956103 0.5258375164 -0.4088019223 0.2011744699 -0.7556611417 -0.2001660502 1.0597266725 -1.1114132613 0.0000000000 0.0000000000 0.0000000000 
346380.0000000000 -1132915.1990768323 6092523.9437558157 1504632.0516817037 0.4599502742 11.0041300577 0.0000000000 1.0298894949 0.9567023029 0.8717143479 -0.0722990452 0.0000000000 -0.9941266713 0.0772819327 1.5987508935 -0.4504061148 -1.9446135086 -1.4131640924 0.0000000000 0.0000000000 0.0000000000 
346410.0000000000 -1132915.3552592110 6092527.3625190668 1504632.6079214055 0.4621917320 11.3140434823 1.0206459899 1.4662569435 -0.8023709424 0.8663151888 -0.5360111957 -0.0456242208 -0.3497777633 -0.7912135485 -0.1843547251 -0.2403479606 1.0606791751 -1.2217410911 -0.0000000000 0.0000000000 0.0000000000 
346440.0000000000 -1132915.6918857165 6092525.8074175166 1504631.9346238493 0.2850960747 11.3140434823 0.9574527676 1.6324029021 -0.5631828400 0.3356867154 0.3811855472 1.7188030394 -0.5014452097 -1.0270308096 -0.8162018653 -0.2546363961 -0.7411360055 -1.0361377934 0.0000000000 0.0000000000 0.0000000000 
346470.0000000000 -1132915.6556287534 6092524.2698914660 1504632.5037471070 0.4691088087 11.1654816136 0.9997924133 1.2261990031 -1.5837871084 1.6075113811 -1.7646897098 -0.9790355052 0.0000000000 -1.0442519787 -0.6223739205 0.4563296340 3.6180312576 -1.2506168021 -0.0000000000 0.0000000000 0.0000000000 
346500.0000000000 -1132915.8425369847 6092527.0775699820 1504632.7556395892 0.2000168332 11.3140434823 1.3527134546 1.6831920118 -0.1633305081 -0.0724174966 0.0900957534 0.2387947478 -1.3404511026 -1.1314185093 -0.5000952262 0.2113525004 0.1321615380 -0.4481957523 0.0000000000 0.0000000000 0.0000000000 
346530.0000000000 -1132915.3713251324 6092523.8882236304 1504632.5232497682 1.6811039691 11.3140434823 0.1537462733 1.6167943365 -0.8226621063 0.4176691745 -0.2839015138 1.0663722646 -1.0765115320 -0.8752353182 -0.5412979101 0.2309133978 0.3998066055 -0.0207005794 0.0000000000 0.0000000000 0.0000000000 
346560.0000000000 -1132916.2206439867 6092526.0797052961 1504632.6020705469 0.9914875386 11.3140434823 1.3121298095 2.4982844281 -1.0433277163 0.6633069614 -0.8238081930 -0.1322291386 -1.2889858725 -0.3678438518 0.7268823856 -0.1611360731 0.8733534188 -1.9910679170 -0.0000000000 0.0000000000 0.0000000000 
346590.0000000000 -1132916.0151719437 6092524.4017705498 1504632.5147601317 0.6937918157 11.3140434823 -0.2119321437 2.5886365523 -1.4632836024 -0.3180590819 0.1667068617 0.5186623004 -1.5730998466 -0.2402439272 0.8735536306 -0.6201375412 0.2179148363 0.2970613210 0.0000000000 0.0000000000 0.0000000000 
346620.0000000000 -1132916.0909823475 6092524.7676929627 1504633.1839217409 1.1729452512 11.3140434823 -0.1284790417 3.1990807915 -2.4052084855 0.8913591388 -1.0497278369 2.8073918452 -1.4045989401 0.1011044754 0.0693564014 -0.1227396122 0.3450279612 -1.6610510935 -0.0000000000 0.0000000000 0.0000000000 
346650.0000000000 -1132915.9172067356 6092523.7610719688 1504632.3467397206 1.2367872852 11.3140434823 1.7485679163 2.5736087556 -0.4577742297 0.7113201524 -0.4982490867 0.3710777318 -1.4361594759 -0.7854411370 -0.5318274653 -0.8617099735 0.4165120629 -1.0959872569 0.0000000000 0.0000000000 0.0000000000 
346680.0000000000 -1132915.7401285914 6092525.7569682626 1504632.4983254902 0.8322709468 11.3140434823 2.1678158927 3.5907607564 -2.3171370319 0.1459493644 -0.4552671307 0.4407670166 -1.3156972347 -1.2978369712 -0.9141297050 -0.4977620971 2.3046379104 -1.2013079090 -0.0000000000 0.0000000000 0.0000000000 
346710.0000000000 -1132915.9026858679 6092525.4592869384 1504632.7104744732 1.7069906210 11.3140434823 1.3515477516 3.6617263566 -1.4678243610 1.7287333090 -1.8522638915 0.3230911720 -1.9508255353 -0.7456145129 0.1372933581 -0.3066232944 1.7806168390 -2.1039972876 0.0000000000 0.0000000000 0.0000000000 
346740.0000000000 -1132916.1619524055 6092523.5733380755 1504632.2967484747 1.4159511734 11.3140434823 1.1236676049 3.4428269486 -0.3706297793 1.2032090015 0.1520320500 3.0405769735 -1.6242140276 -1.4607051882 -0.7325282975 -0.9424587084 -2.0641795702 -1.7527715660 0.0000000000 0.0000000000 0.0000000000 
346770.0000000000 -1132915.3916044957 6092521.4386482239 1504631.9316573220 1.6810021084 11.1654816136 2.2876480383 2.8665663301 -0.0918567901 1.9253131743 -1.7779144199 0.0000000000 -1.5554319264 -0.4636500138 -0.3480381600 -0.9071177165 0.8235702004 -2.5533669942 0.0000000000 0.0000000000 0.0000000000 
346800.0000000000 -1132914.6821605100 6092523.4424694581 1504632.2295223936 0.9668090703 11.3140434823 0.8750100966 3.9273570801 -0.6879645941 1.2861092914 0.0955044950 2.4041728726 -1.6920710149 -1.4980437936 0.0221104730 -1.2335613603 -1.7017382749 -1.7535448847 0.0000000000 0.0000000000 0.0000000000 
346830.0000000000 -1132915.8519926113 6092525.1650218014 1504631.5344532270 0.7137776903 11.3140434823 1.3578611991 3.8868349779 -1.1406450656 0.0129365096 1.1842520836 1.1638489963 -1.3045944987 -1.8026575835 1.0392500587 -0.9637117433 -1.4752263277 -2.0130446913 -0.0000000000 0.0000000000 0.0000000000 
346860.0000000000 -1132915.8779485992 6092524.4021653514 1504632.2896097582 0.9238613531 11.3140434823 1.2431584223 4.1816262479 -1.8796060022 1.2172906028 -0.3582785654 0.1461720190 -1.1885255079 -1.9791789143 0.3044604789 -1.0352596880 1.3397535338 -1.5404073731 0.0000000000 0.0000000000 0.0000000000 
346890.0000000000 -1132916.1013137451 6092524.9933477407 1504631.7745534985 1.3814268281 11.3140434823 0.2548152706 4.3673961839 -1.6168062532 1.3631985717 -0.4614166235 1.7232867657 -1.6466663152 -1.1519170867 0.6608897232 -1.3438787771 -0.3390212873 -1.4852906319 -0.0000000000 0.0000000000 0.0000000000 
346920.0000000000 -1132916.0454804774 6092523.8707228145 1504631.9787528357 1.0076445678 11.3140434823 1.7168739975 4.9267281325 -2.6031721921 0.8159980279 -0.4965692388 1.1453133415 -1.6976461994 -2.1632671111 -1.1872770016 -1.0365316107 2.1737701815 -0.8022258105 -0.0000000000 0.0000000000 0.0000000000 
346950.0000000000 -1132915.2350265828 6092523.7306772703 1504631.9155982800 1.4370529208 11.3140434823 1.4495409785 4.8111245129 -1.9163769457 1.0143192503 -0.6465162124 0.4400207994 -1.7189341109 -1.1730852191 0.5498675310 -1.6161272234 0.9875861498 -1.7432291688 0.0000000000 0.0000000000 0.0000000000 
346980.0000000000 -1132915.0955353556 6092522.1365731666 1504631.6644018607 1.6080042635 11.3140434823 0.4303613090 4.9598659742 -1.6415784529 1.2037345290 -0.1394866696 3.1166353232 -1.8813952772 -1.3250051606 -0.0031043245 -1.6542877152 -1.2791391072 -1.4807668480 0.0000000000 0.0000000000 0.0000000000 
347010.0000000000 -1132915.5435646737 6092521.5310097542 1504630.4671245893 2.1233039426 11.0041300577 0.0000000000 4.4717532354 -1.7916115148 1.4311927168 -0.2092465083 0.0000000000 -1.3454566757 -2.1311742133 1.5842925728 -1.0823805138 0.6492027054 -1.2529467726 0.0000000000 0.0000000000 0.0000000000 
347040.0000000000 -1132915.5410343213 6092522.5974599048 1504632.1766602593 1.6026231358 11.3140434823 1.3101897314 5.8568069183 -1.7879664501 1.3864987931 -0.5898709274 1.1205722923 -2.4086880851 -1.9652292858 0.9546101360 -1.3227044142 0.1030296183 -2.2902174481 0.0000000000 0.0000000000 0.0000000000 
347070.0000000000 -1132916.4683239588 6092522.7010153802 1504631.7596227298 1.9800776002 11.1654816136 2.0605915645 5.5862463963 -1.9676016015 1.5040425955 -0.8740848451 3.0851176904 -1.8529350470 -1.6782290234 -1.2176121641 -1.3753565150 0.0000000000 -2.6681370658 0.0000000000 0.0000000000 0.0000000000 
347100.0000000000 -1132915.5292873653 6092521.8556846902 1504631.7271163091 2.2747083007 11.1654816136 1.3282836516 5.4714515641 -2.1583990944 0.4604668638 0.1948297011 1.4302889866 -1.8854389632 -1.7762964724 0.5649282805 -1.5716770091 0.0000000000 -1.6790649829 -0.0000000000 0.0000000000 0.0000000000 
347130.0000000000 -1132915.7742561856 6092520.7106176363 1504632.0947073770 1.9717728263 11.1654816136 1.8385425800 5.8522680123 -1.4829062682 1.0487413851 -0.3971422368 1.7962083513 -2.5818570116 -2.0936563229 -0.5218837565 -1.7662072216 0.0000000000 -1.3082523034 0.0000000000 0.0000000000 0.0000000000 
347160.0000000000 -1132917.1851154231 6092523.0329544609 1504631.7381602768 2.3125138420 11.1654816136 1.3203135806 5.9801793954 -2.0119844444 1.0802175196 -0.6162187486 2.6038051286 -2.4502628994 -1.8080827769 -0.4917254795 -1.4752675153 0.0000000000 -1.5735234060 0.0000000000 0.0000000000 0.0000000000 
347190.0000000000 -1132915.6285450177 6092521.8827916905 1504632.4148705858 1.5817767906 11.1654816136 0.9376523153 6.8061197971 -2.5365404690 1.2926979686 -0.7180732330 1.2980454601 -2.2766210946 -1.4740214448 1.9465433734 -1.8862154266 0.0000000000 -2.9405712818 -0.0000000000 0.0000000000 0.0000000000 
347220.0000000000 -1132915.7541889017 6092520.6592427138 1504631.7895830956 2.1655600627 11.1654816136 2.3966535420 6.6152734894 -2.3726432183 0.1097574479 0.0381466114 1.5042828911 -2.4268480554 -1.5188816958 0.5478438265 -2.0780642850 0.0000000000 -2.4058164935 -0.0000000000 0.0000000000 0.0000000000 
347250.0000000000 -1132915.6905888335 6092522.8902388159 1504632.3199539313 2.6461397845 11.1654816136 1.3945389131 7.2191067265 -2.4082636321 0.8096588771 -0.2335454895 1.7106669749 -2.7083362065 -2.0005731144 0.7397573295 -2.4330590539 0.0000000000 -1.6271637639 -0.0000000000 0.0000000000 0.0000000000 
347280.0000000000 -1132916.1576563660 6092521.3809697153 1504631.9514436820 2.1781913933 11.1654816136 1.5553559815 6.9679311176 -3.1369790407 -0.4933139786 0.1719004359 2.4221633426 -2.7237765588 -1.1860504402 0.6744334711 -1.8126698909 0.0000000000 -1.8257178695 0.0000000000 0.0000000000 0.0000000000 
347310.0000000000 -1132915.4906188594 6092523.2665160457 1504631.8736309838 1.8333023336 11.1654816136 2.0804438691 7.3001671559 -2.8521445482 -0.0498481945 0.0885246922 1.7040920882 -2.7604867776 -1.8491213665 1.1990956624 -1.5310160646 0.0000000000 -2.8273223211 0.0000000000 0.0000000000 0.0000000000 
347340.0000000000 -1132916.3992822387 6092521.3361622030 1504631.2527480407 2.8975541728 11.1654816136 2.0852183960 7.3990110706 -2.6506602505 0.8375997536 -0.9832882364 3.0129749551 -2.6836799364 -1.3979177466 -0.1403510395 -1.8104427508 0.0000000000 -2.9684770882 0.0000000000 0.0000000000 0.0000000000 
347370.0000000000 -1132916.6788206128 6092520.7164089056 1504632.1897268768 2.2425311401 10.8275661707 1.3949631382 7.6500603836 -3.2418877999 0.0000000000 0.0000000000 2.6480341031 -2.9106517984 -2.0197267304 0.8675006669 -1.3385342515 0.0000000000 -2.3637354828 0.0000000000 0.0000000000 0.0000000000 
347400.0000000000 -1132915.5434036613 6092520.7674907027 1504631.4225406572 2.8087256361 11.1654816136 1.0408383129 8.2395174307 -3.4448851694 0.2668145937 -0.2320616450 2.0111783150 -3.0257454650 -1.9633506462 2.2130392256 -1.4155865749 0.0000000000 -3.0559196347 -0.0000000000 0.0000000000 0.0000000000 
347430.0000000000 -1132915.4916622550 6092521.1200121539 1504630.4107591363 2.3776482334 11.1654816136 0.2438534605 8.3961368165 -3.6342384126 0.7268108780 -0.2057423782 2.8349210433 -2.5044353172 -2.1287873289 1.2960673929 -2.5384145002 0.0000000000 -1.7343092466 0.0000000000 0.0000000000 0.0000000000 
347460.0000000000 -1132914.3483678801 6092522.0306606935 1504631.5998696245 2.0643711111 11.1654816136 1.4583258404 8.5756952872 -2.7696813284 0.3773912132 -0.6508374843 1.9628807545 -3.5620866906 -1.6644776366 1.3002609529 -2.5606676609 0.0000000000 -1.9013603379 0.0000000000 0.0000000000 0.0000000000 
347490.0000000000 -1132915.9650741871 6092520.7232252285 1504632.5226881132 3.6969374800 11.1654816136 0.8116029250 8.5210918994 -2.3320515861 1.9115217945 -1.9456763512 2.3042534790 -3.4710635731 -1.9146221292 1.4636658378 -1.6769146232 0.0000000000 -3.0198793521 -0.0000000000 0.0000000000 0.0000000000 
347520.0000000000 -1132915.1325164309 6092518.6596344393 1504631.1921019962 2.5119642104 11.1654816136 -0.2482057183 8.3361635148 -2.2487595564 2.4498143690 -2.4921843981 2.7285458182 -3.2983242621 -1.5706256713 1.3559835804 -1.9805759414 0.0000000000 -2.3018896747 -0.0000000000 0.0000000000 0.0000000000 
347550.0000000000 -1132915.0536633159 6092521.1297595734 1504631.7096739877 2.6059595446 11.1654816136 1.5871638252 9.4790341097 -3.5873222671 0.4649435888 -0.8368209788 2.5775308863 -3.2131210069 -1.6955191788 1.7468439550 -2.3309730238 0.0000000000 -3.4487368875 -0.0000000000 0.0000000000 0.0000000000 
347580.0000000000 -1132915.0909198509 6092521.0758147119 1504631.1829090163 2.5304367633 11.1654816136 1.7089851539 9.6261842728 -2.2647235322 2.0191869160 -2.0874997857 1.9634501588 -3.5053251282 -2.0292964008 1.3404849731 -2.8758786951 0.0000000000 -3.3101291800 0.0000000000 0.0000000000 0.0000000000 
347610.0000000000 -1132914.1646026385 6092519.2621063245 1504631.3121448818 2.3406709889 11.1654816136 0.8387895646 9.9765316980 -2.7005076654 1.7573940853 -1.8847567141 1.5593774664 -3.7191287983 -2.0371641612 2.6951784616 -2.6810343626 0.0000000000 -3.2353993807 -0.0000000000 0.0000000000 0.0000000000 
347640.0000000000 -1132915.5283158435 6092521.4373582648 1504631.1928271952 2.3667328838 11.1654816136 1.2998365108 10.2786168733 -3.3743691373 0.3491510345 -0.4925715701 2.1281980980 -3.9716784610 -2.6782687503 2.0333053789 -2.5522172128 0.0000000000 -2.3589341842 -0.0000000000 0.0000000000 0.0000000000 
347670.0000000000 -1132915.6311201344 6092522.1511645708 1504631.5272502534 2.4720272807 11.1654816136 2.5422638830 10.5051184980 -3.6290672290 0.0515761077 -0.4764438556 2.6914771757 -3.6422964400 -2.4612242847 1.2081267004 -2.5663376419 0.0000000000 -3.4677955768 0.0000000000 0.0000000000 0.0000000000 
347700.0000000000 -1132915.3457302677 6092522.0402895929 1504631.3645898772 2.2330027211 11.1654816136 0.8046152385 10.0037979920 -3.1550416648 0.7512489426 -1.2330374319 2.8215291909 -3.8335287936 -2.1577671585 1.4270136518 -2.5818351890 0.0000000000 -2.0693596461 0.0000000000 0.0000000000 0.0000000000 
347730.0000000000 -1132913.8774229812 6092519.9413385969 1504631.4367643192 2.1610168925 11.1654816136 0.7149372116 11.1274809916 -2.8649663922 1.2992195720 -2.3474968311 1.9731604684 -4.7766949155 -1.7591056347 2.9599257992 -2.6451141338 0.0000000000 -3.0039828669 -0.0000000000 0.0000000000 0.0000000000 
347760.0000000000 -1132915.4213765103 6092520.8949353006 1504631.6115199211 3.0393008039 11.1654816136 0.9719244072 11.2338064144 -3.5565720092 0.6895706413 -1.6201499904 2.4735104430 -4.5562491564 -2.2512960960 2.9568153499 -1.8237199042 0.0000000000 -3.7206247837 0.0000000000 0.0000000000 0.0000000000 
347790.0000000000 -1132915.1797471188 6092518.6989196297 1504631.1052327082 4.4086201165 11.1654816136 2.4355994939 10.9326595108 -2.3031948327 1.1896412334 -1.5792681461 0.7762969757 -3.9899271896 -2.5236559327 2.3054371467 -3.6140417828 0.0000000000 -3.2429688165 -0.0000000000 0.0000000000 0.0000000000 
347820.0000000000 -1132915.0436395360 6092518.1043296410 1504631.1123903997 3.9073437399 11.1654816136 2.5757460576 11.5644846624 -3.3986328916 0.5391821074 -0.9722356877 2.4073996127 -3.8118069161 -2.8985344757 1.4514645512 -3.1633242544 0.0000000000 -3.5757885108 0.0000000000 0.0000000000 0.0000000000 
347850.0000000000 -1132916.1545860278 6092519.9484305549 1504631.4965060784 3.8924195286 11.1654816136 0.3353095238 11.1506642292 -3.5936260361 1.0643348581 -0.8947529104 3.5338084065 -3.8646879079 -3.8587125607 1.3209575615 -2.0816753966 0.0000000000 -2.1626941673 -0.0000000000 0.0000000000 0.0000000000 
347880.0000000000 -1132915.2489863259 6092517.3283815505 1504630.9403542317 4.4765843872 11.1654816136 1.5647068596 11.3986607533 -2.7684476237 0.6628443290 -1.2480954459 1.2435654188 -4.5234388993 -2.9192393655 2.7658011107 -3.0320030920 0.0000000000 -2.6363977032 -0.0000000000 0.0000000000 0.0000000000 
347910.0000000000 -1132916.3523113863 6092518.6324066445 1504631.4413931700 6.3483916188 11.1654816136 0.9339809977 12.4317605814 -3.6341898799 1.3058698258 -1.3067719709 3.0520240238 -4.1627351993 -4.0490769065 2.0056542568 -2.5089346656 0.0000000000 -3.1752178079 -0.0000000000 0.0000000000 0.0000000000 
347940.0000000000 -1132916.0898174746 6092520.6351762377 1504630.6423018998 3.6717196577 11.1654816136 1.1625833121 12.2606167327 -3.2872730992 1.1170993597 -1.0043039631 3.4853470594 -4.4232361356 -4.5925560851 0.8126094554 -2.5113340186 0.0000000000 -2.0902814907 0.0000000000 0.0000000000 0.0000000000 
347970.0000000000 -1132915.7239369296 6092520.6122383894 1504630.2177013988 4.6536261323 11.1654816136 -0.0760675076 12.8938245996 -4.7587237616 1.0050603526 -0.8386589451 3.1947302874 -3.1241666510 -3.6421487617 3.0102960621 -3.5675380391 0.0000000000 -3.1291053334 -0.0000000000 0.0000000000 0.0000000000 
348000.0000000000 -1132915.9501124381 6092530.6964809056 1504632.4766872621 0.0164589975 11.1654816136 0.9260228008 0.5285743895 -0.0510722895 0.9401330362 -0.1726144239 0.3514484215 0.6195584080 -1.1641004561 -0.6337034089 0.5345009491 0.0000000000 -1.7995723409 -0.0000000000 0.0000000000 0.0000000000 
348030.0000000000 -1132915.1157342975 6092530.8229664154 1504632.5125746899 0.0062399975 11.1654816136 -0.1148122843 0.4346061368 -0.2281649217 1.0089020077 0.0564816119 -0.9843235147 0.5988264694 -1.2409199176 1.6340541748 0.8351112555 0.0000000000 -2.1255951592 -0.0000000000 0.0000000000 0.0000000000 
348060.0000000000 -1132914.6331916896 6092529.3356659142 1504632.8972691167 0.0359691247 11.1654816136 0.1365476935 0.2666175026 0.1950518985 1.5510691016 -0.5512127192 -0.5105005854 0.6072503372 -1.2941614184 0.7478246472 1.1606480581 0.0000000000 -2.3618297555 0.0000000000 0.0000000000 0.0000000000 
348090.0000000000 -1132915.4686753803 6092531.1375268940 1504633.4536938092 0.0048309404 11.1654816136 -0.5857301905 0.4522393438 -0.6765556214 0.6013581107 -1.0472026944 0.4811800785 0.4014526521 0.7854755271 1.1916751511 0.8305591258 0.0000000000 -2.2563417548 -0.0000000000 0.0000000000 0.0000000000 
348120.0000000000 -1132914.9231861043 6092529.7403967539 1504633.6204846385 0.0046519102 11.1654816136 0.1125843287 0.6163011447 -0.1176074130 0.9331448250 -0.8249726575 1.3320237347 0.0712976641 -0.5958447626 -0.9067022391 0.9874853609 0.0000000000 -1.3210620455 0.0000000000 0.0000000000 0.0000000000 
348150.0000000000 -1132916.4565990961 6092529.1337760910 1504632.8467687448 0.2143284590 11.1654816136 0.1584138309 0.4931962235 -0.1752212379 0.3525554450 -0.4516789422 -0.0437049344 -0.2605641566 -0.2140384489 0.8133534814 1.1105768443 0.0000000000 -1.7391619576 0.0000000000 0.0000000000 0.0000000000 
348180.0000000000 -1132914.1373589165 6092529.2450577999 1504632.1454425754 0.0059727369 11.1654816136 1.6218101870 0.1917312452 0.7965244059 0.2758217916 -0.4814782265 -2.1921883737 0.0095400552 0.3920890904 1.0933076785 -0.6936129509 0.0000000000 -1.4473389305 -0.0000000000 0.0000000000 0.0000000000 
348210.0000000000 -1132915.3638576365 6092529.6368258959 1504633.2368585502 0.0006168547 11.1654816136 0.7328172403 0.5187537703 -0.2010754281 -0.6275505321 0.3929882404 -0.7848477466 -0.5156227566 0.0123489374 0.9559221625 0.1101370926 0.0000000000 -0.7261035769 0.0000000000 0.0000000000 0.0000000000 
348240.0000000000 -1132916.0255401174 6092528.8195852116 1504633.3006475272 0.1067355486 11.1654816136 1.0302165546 0.3736991908 -1.4116150546 -0.9388941325 0.5645897063 1.7620923182 0.2390868759 0.1466202442 -0.6234685569 1.6896929940 0.0000000000 -2.4321151128 0.0000000000 0.0000000000 0.0000000000 
348270.0000000000 -1132916.2617897235 6092528.1815831400 1504632.8494209349 0.1621150209 11.1654816136 -0.3840996982 -0.3290970387 -0.4731054020 0.1509068836 -0.3605955420 0.6890291133 0.5102612804 0.5621169889 0.1609948246 0.8103528165 0.0000000000 -1.1678314449 -0.0000000000 0.0000000000 0.0000000000 
348300.0000000000 -1132916.3249797649 6092530.1132200612 1504633.5995903255 0.0499148600 11.0041300577 -0.2678577855 0.9528135823 -1.8297095787 -0.1579164488 0.0000000000 2.5349612701 0.7943869774 0.1297530228 -0.5079603953 1.1370098028 0.0000000000 -2.2041817549 -0.0000000000 0.0000000000 0.0000000000 
348330.0000000000 -1132915.1950211532 6092527.8464010525 1504633.4442741866 0.1654211218 11.1654816136 -0.7619162145 0.2934815909 -0.1491735452 1.1593775088 -1.5362978419 0.6695595737 0.5734119363 0.6738096217 0.3654393224 0.4708296954 0.0000000000 -1.5736967541 -0.0000000000 0.0000000000 0.0000000000 
348360.0000000000 -1132915.9503019655 6092530.5673081204 1504633.2840687959 0.1501751478 11.1654816136 -0.1241706259 0.5944757999 -0.7194678215 0.3617314684 -0.1987667419 0.7023556376 0.6777191934 -0.0869986062 0.0983592738 0.1839762730 0.0000000000 -1.3080296306 0.0000000000 0.0000000000 0.0000000000 
348390.0000000000 -1132915.1270243418 6092528.2589092990 1504632.9155205586 0.0111466645 11.1654816136 0.8474781052 -0.0899169264 -0.2638017205 -0.4839823634 -0.1842143587 0.6394104796 -0.1167237439 0.6796228551 -0.4914172451 0.7949608494 0.0000000000 -1.1926942861 0.0000000000 0.0000000000 0.0000000000 
348420.0000000000 -1132916.4365546084 6092529.8320132131 1504632.2449642660 0.0514151252 11.1654816136 0.2502757723 0.2017433914 -0.5155916621 0.6378411806 -0.4807417112 1.2067494238 0.8183275556 -0.1632352702 -0.7233459710 0.9557597771 0.0000000000 -1.9106664484 0.0000000000 0.0000000000 0.0000000000 
348450.0000000000 -1132915.7313581754 6092530.7112027267 1504633.7451085933 0.0006488195 11.1654816136 -0.0332645062 0.5634614326 -1.6355201605 -0.5272113034 0.4104218790 1.3907111248 0.6504962890 0.3043989445 0.3808972250 1.0668058834 0.0000000000 -2.2236572260 -0.0000000000 0.0000000000 0.0000000000 
348480.0000000000 -1132914.9347718037 6092530.9016019534 1504632.7657938446 0.0203631130 11.1654816136 1.4493615087 0.2778408714 -0.3679625048 0.2650954998 0.5349009251 -0.4709154748 0.8963918769 -0.8595400099 0.0104092587 0.4032829271 0.0000000000 -2.2098111310 0.0000000000 0.0000000000 0.0000000000 
348510.0000000000 -1132915.0933456311 6092528.2322126292 1504633.0673661779 0.0163708582 11.1654816136 0.4292721688 0.2096154381 0.0709913347 0.2875494483 -0.8340570972 -0.0420892279 0.0938850913 0.6301473799 0.1803835946 0.2678482841 0.0000000000 -1.2791817804 -0.0000000000 0.0000000000 0.0000000000 
348540.0000000000 -1132915.5512518864 6092527.9774049763 1504632.1013917292 0.3010162836 11.1654816136 0.5282066780 0.1440161451 0.1473480105 0.6110093184 -0.9867913704 0.6427858286 0.2887359416 0.2939003613 -0.7647745802 0.5833274218 0.0000000000 -1.3413144595 0.0000000000 0.0000000000 0.0000000000 
348570.0000000000 -1132915.7100691001 6092527.7898997935 1504632.7620897819 0.1262129008 11.1654816136 -0.2350103611 0.4311954123 -0.1457816622 0.3796673591 -0.2809439944 0.1388742309 -0.0793384827 -0.3415403368 0.4244910218 0.5615086514 0.0000000000 -0.7943799808 0.0000000000 0.0000000000 0.0000000000 
348600.0000000000 -1132915.0090649282 6092529.6255663335 1504632.8128220197 0.1018590574 11.1654816136 0.8793013793 -0.0907147058 0.3344399745 0.5890781198 0.0124656088 -1.1358217320 0.1902090920 -0.7666443640 0.6720077502 0.8240418632 0.0000000000 -1.7148260423 -0.0000000000 0.0000000000 0.0000000000 
348630.0000000000 -1132916.1740983669 6092528.9262530850 1504633.6354098374 0.0258240015 11.1654816136 -0.0378513239 0.5668404198 -1.3339335899 -0.9198441500 0.4339682639 1.5853651128 -0.3439391297 0.3117275756 0.1530558304 1.4991111986 0.0000000000 -1.5429953523 0.0000000000 0.0000000000 0.0000000000 
348660.0000000000 -1132915.5979690796 6092528.5749233197 1504633.3262624596 0.2256593219 11.1654816136 0.0186032763 -0.3237981525 -0.6648028620 -0.0890276731 0.5011268940 0.2420976198 0.6805991218 -0.0537461391 0.2884887940 0.6860753226 0.0000000000 -1.2138761594 -0.0000000000 0.0000000000 0.0000000000 
348690.0000000000 -1132916.0546176934 6092531.2338462211 1504634.4203424656 0.0107426555 11.1654816136 0.3749946645 0.8080010368 -0.8612174960 0.2601673057 -0.0303397870 0.8408726258 0.5884608310 -0.4120534677 -0.0589079525 0.7962112071 0.0000000000 -2.0838381976 0.0000000000 0.0000000000 0.0000000000 
348720.0000000000 -1132916.0112044620 6092530.5393495923 1504634.3720686277 0.1413544671 11.1654816136 0.3575445105 1.3223153086 -1.3144007578 0.3841604375 -0.8402858313 1.6805941437 0.7981694346 0.3141595657 -0.1019523765 1.2414894808 0.0000000000 -3.4131275427 0.0000000000 0.0000000000 0.0000000000 
348750.0000000000 -1132915.7510151113 6092529.2119861841 1504633.3807631657 0.0818343447 11.1654816136 0.0314086773 0.2569740277 -0.4311458270 0.6953927755 -0.7591175334 0.8801618602 0.9942162268 0.2496337653 -0.4781301705 0.4346355525 0.0000000000 -1.6592698129 0.0000000000 0.0000000000 0.0000000000 
348780.0000000000 -1132915.3384039197 6092529.6372993039 1504633.1715930437 0.0023743653 11.1654816136 1.6072321932 0.6366839525 0.0911174435 0.1171454105 -0.4097004393 0.3884150135 -0.0589896018 -0.2333729658 -1.0766328665 0.5714795929 0.0000000000 -1.5359785931 0.0000000000 0.0000000000 0.0000000000 
348810.0000000000 -1132915.7296485782 6092531.5608445005 1504633.6146334540 0.0003541837 11.1654816136 0.0958748842 0.2130626070 -0.1415251581 0.8423389269 -0.9773282394 1.0548621962 0.6459277136 0.0460396789 -0.8174310753 0.9188480531 0.0000000000 -1.6299652850 -0.0000000000 0.0000000000 0.0000000000 
348840.0000000000 -1132915.6524469627 6092531.4440044835 1504633.1311201435 0.0060978030 11.1654816136 -0.3250021455 0.1268790098 -0.4741381360 0.6186885619 -0.5718015688 1.0273493889 0.7921257680 0.0841266041 -0.3835679613 0.7514652457 0.0000000000 -1.4015049946 -0.0000000000 0.0000000000 0.0000000000 
348870.0000000000 -1132914.1834927986 6092528.8326988677 1504632.8798804493 0.0346733054 11.1654816136 1.6144116497 0.0363460731 0.3602238884 0.8113891176 -0.7784871895 -0.9408708847 0.7208199813 -0.0041062012 0.0379175621 0.6613201667 0.0000000000 -2.6714543750 0.0000000000 0.0000000000 0.0000000000 
348900.0000000000 -1132914.7543550560 6092529.2227630913 1504632.5173341492 0.0341120274 11.1654816136 0.0516439971 0.3738698887 -0.1977302452 1.1154014253 -0.7076351040 0.9229187642 0.8619975302 -0.6360728645 -0.7724289536 0.9551110316 0.0000000000 -1.7345560120 -0.0000000000 0.0000000000 0.0000000000 
348930.0000000000 -1132916.2483206824 6092531.3997923816 1504633.3066233913 0.1741080073 11.1654816136 -0.9001576314 0.3595574388 -0.2552017543 0.7756908528 -0.7626988640 0.9804998207 0.1910725988 -0.2273031336 0.0426169035 1.0345986893 0.0000000000 -0.9983313286 -0.0000000000 0.0000000000 0.0000000000 
348960.0000000000 -1132915.5273567459 6092529.3378162971 1504632.7374924012 0.0979987586 11.1654816136 -0.6313297284 0.3007633052 -0.5700013723 0.6618043139 -0.6940354002 1.4615076119 0.8515916892 0.0992705592 -0.6585024419 0.6329663045 0.0000000000 -1.1215860481 -0.0000000000 0.0000000000 0.0000000000 
348990.0000000000 -1132915.7410069078 6092528.7728240704 1504633.0130997139 0.0004346995 11.1654816136 -0.0939341578 0.1200750462 -0.2443587157 0.1581649052 0.2631384589 1.7413172800 -0.1082789523 -0.9332572646 -1.6492279598 1.0823617256 0.0000000000 0.0243179813 -0.0000000000 0.0000000000 0.0000000000 
349020.0000000000 -1132915.6840147560 6092530.5898320638 1504633.3357073036 0.0048350324 11.1654816136 -0.7387273135 0.2542860034 -0.5452448933 0.4252775998 -0.4966660009 2.0496332404 0.3540312796 -0.1169491865 -1.1604295823 1.0877338689 0.0000000000 -0.6691206332 0.0000000000 0.0000000000 0.0000000000 
349050.0000000000 -1132916.1705450870 6092528.7715935046 1504633.6780706537 0.0013440089 11.1654816136 0.4752432081 0.0565561167 -0.2010978464 -0.1447839187 -0.8051924788 1.5161875507 0.0116967047 0.8682052232 -1.3794548562 0.9260574562 0.0000000000 -0.9998666767 0.0000000000 0.0000000000 0.0000000000 
349080.0000000000 -1132916.0844003656 6092528.4673881158 1504633.7292822225 0.1405087719 11.1654816136 -1.1170212136 0.1036361341 -1.2408245524 -0.4686232323 -0.0047783118 1.7927377489 0.1070770444 0.8279741461 0.2857644117 1.2142835436 0.0000000000 -1.1090588842 -0.0000000000 0.0000000000 0.0000000000 
349110.0000000000 -1132914.6288774414 6092528.4066917403 1504633.5407403533 0.0074001327 11.1654816136 -0.4306129282 -0.0349425749 -0.3209734820 0.2249085536 -0.5384699041 0.0347588593 0.3268064539 0.6428430251 0.8211212482 0.5562978409 0.0000000000 -1.2468558924 0.0000000000 0.0000000000 0.0000000000 
349140.0000000000 -1132914.3099533028 6092527.1755484063 1504633.2653389659 0.0776353366 11.1654816136 0.7088690547 0.1613330485 -0.0796336564 -0.0845894418 -0.2211821627 0.3355303738 -0.1259215481 0.1331881792 -0.4117753059 0.7472318706 0.0000000000 -1.0751495239 0.0000000000 0.0000000000 0.0000000000 
349170.0000000000 -1132914.6244150754 6092529.1205751868 1504632.5485384385 0.0345619642 11.1654816136 -0.1755999143 0.1859663756 -0.4200081096 0.6402265466 -0.6866877080 0.5023746957 0.8422725214 0.2332982646 0.0741965346 0.7414885736 0.0000000000 -1.7915680104 0.0000000000 0.0000000000 0.0000000000 
349200.0000000000 -1132915.0316133813 6092528.8137063971 1504633.0773639516 0.0302314379 11.1654816136 1.8432940604 0.0860411350 0.1752721757 -0.5087592169 -0.2229276266 -0.0822813144 -0.2288455056 0.5714688272 -0.9199959982 0.3395561940 0.0000000000 -1.0612831569 -0.0000000000 0.0000000000 0.0000000000 
349230.0000000000 -1132915.7048868381 6092530.7233290421 1504632.7469811768 0.0007860779 11.1654816136 2.1683078231 0.2522883254 0.0285452599 -0.6424865577 -0.2239798273 -0.4917531339 -0.2222381401 0.7736595118 -0.3754167077 0.4076434773 0.0000000000 -1.7535948135 -0.0000000000 0.0000000000 0.0000000000 
349260.0000000000 -1132915.3790134829 6092530.6177090639 1504632.2712029489 0.0005399723 11.1654816136 1.1390559096 0.3149936486 0.5460911129 1.1307111587 -0.6734913928 -0.3796888105 0.5022486359 -0.9895811724 -0.7945425663 0.7596953876 0.0000000000 -1.5800214747 -0.0000000000 0.0000000000 0.0000000000 
349290.0000000000 -1132916.0709288220 6092530.2889825003 1504633.8130726938 0.2502497629 11.1654816136 -0.1954849590 0.3391607290 -0.7880084174 0.0079276988 -0.3916571780 1.3484173484 0.1999683881 0.4094696891 -0.1615006677 1.4381462078 0.0000000000 -1.8931631828 -0.0000000000 0.0000000000 0.0000000000 
349320.0000000000 -1132915.3126866131 6092529.2744285287 1504633.8428391912 0.0026509665 11.1654816136 1.3406943329 0.3585865212 -0.3979396000 -0.1069026102 -0.3987248297 -0.7265000871 0.2618950150 0.6755023250 0.8983484674 0.9460886430 0.0000000000 -2.9432106514 0.0000000000 0.0000000000 0.0000000000 
349350.0000000000 -1132915.8562166158 6092530.1815072577 1504633.2875224149 0.1466291093 11.1654816136 -0.0609860585 -0.0169060154 -0.1887762025 0.4064936819 -0.2114575390 0.7154571765 0.1172578833 -0.3060529518 -0.3598535058 1.2893015505 0.0000000000 -1.2068104050 0.0000000000 0.0000000000 0.0000000000 
349380.0000000000 -1132916.0946478450 6092531.9582482297 1504633.5773745372 0.0488961675 11.1654816136 -0.4681344578 0.7379571850 -1.6034389727 -0.5449503892 0.1107211693 1.7872366246 0.5470911061 0.7421980596 0.1303503548 0.8675081271 0.0000000000 -1.9185380487 -0.0000000000 0.0000000000 0.0000000000 
349410.0000000000 -1132915.8404727860 6092530.1957129063 1504633.6134492492 0.0280080597 11.1654816136 -0.5401139899 0.5822689443 -1.1503015530 -0.5303341531 -0.1431436079 1.3069666864 0.1706469033 0.9045414028 0.3893054779 0.6388440198 0.0000000000 -1.3512349180 0.0000000000 0.0000000000 0.0000000000 
349440.0000000000 -1132915.7016944212 6092529.9311155919 1504634.2143184445 0.0001602903 11.1654816136 0.2138445139 0.5454200990 -0.9608419711 -1.1238975373 0.2014970105 1.2206337046 -0.4146760581 0.9811243986 -0.0711452954 0.4946070100 0.0000000000 -0.8465360929 -0.0000000000 0.0000000000 0.0000000000 
349470.0000000000 -1132916.0922105270 6092528.5003360398 1504633.4783517579 0.2680193588 11.1654816136 -0.8295185769 0.3491575992 -1.0534425245 -0.2333311930 0.3700145770 0.2033031924 -0.0239427227 0.2189323384 1.7898144847 0.9516683184 0.0000000000 -1.6804409291 0.0000000000 0.0000000000 0.0000000000 
349500.0000000000 -1132915.6085640730 6092528.3852070831 1504632.8880531320 0.1657672949 11.1654816136 -0.1641371342 0.0351719174 -0.0655974648 -0.2873801360 -0.6688452689 0.4520977050 -0.7637051841 0.8815380018 0.4842533228 1.2241327878 0.0000000000 -1.0257878260 0.0000000000 0.0000000000 0.0000000000 
349530.0000000000 -1132916.2415254533 6092529.8545594672 1504633.5271841632 0.2071295919 11.1654816136 -0.0914016020 0.5241438376 -1.1779178365 -0.9177431974 0.5729688556 1.6172886304 -0.4282864045 0.3620272681 -0.1000178016 1.1589751276 0.0000000000 -1.1937505392 -0.0000000000 0.0000000000 0.0000000000 
349560.0000000000 -1132916.1087234672 6092530.9666866632 1504633.6933551203 0.0531112881 11.0041300577 -2.5481106322 0.9034968040 -1.5788808779 -0.0374210040 0.1036337715 2.3344572525 0.0693073422 0.0000000000 0.9936487530 1.0769148434 0.0000000000 -0.8499914134 0.0000000000 0.0000000000 0.0000000000 
349590.0000000000 -1132916.1151148623 6092530.4055934297 1504632.5542255242 0.0292934465 11.1654816136 -0.2437033005 0.5864733142 -0.6446870097 0.3524760433 -0.3391218725 1.5948333721 0.4816312858 -0.2620909297 -0.9238287488 1.1216734931 0.0000000000 -1.3655028197 0.0000000000 0.0000000000 0.0000000000 
349620.0000000000 -1132916.5738722021 6092530.4137007399 1504633.1573488656 0.1727794638 11.1654816136 -0.3598147463 0.2014194457 -0.0166731527 -0.0021908586 -0.9474715282 0.1713961053 -0.3937122103 0.8821710117 0.7308181309 0.8000141221 0.0000000000 -1.0186193015 -0.0000000000 0.0000000000 0.0000000000 
349650.0000000000 -1132915.9323769242 6092528.5622183299 1504632.1945341015 0.1090067661 11.1654816136 -0.7748858999 -0.9133280229 0.2352535403 1.4487821893 -0.2803042362 -1.8246613032 0.7179944294 -0.4424463679 2.3254619695 1.1606430781 0.0000000000 -1.9552494298 -0.0000000000 0.0000000000 0.0000000000 
349680.0000000000 -1132914.8946821094 6092529.4541795822 1504631.8560665599 0.0830207422 11.1654816136 0.7905231504 0.0444707608 0.5492899571 1.6744308018 -1.1016024204 -1.1592466724 1.2050128976 -0.7423679734 -0.0130304137 0.8741425379 0.0000000000 -2.2462586672 0.0000000000 0.0000000000 0.0000000000 
349710.0000000000 -1132917.3353500033 6092531.3675202234 1504633.7160128383 0.0534421838 11.1654816136 -1.5913463756 0.2933965194 -1.3552063804 0.2348296108 0.2305768683 1.9435069106 0.4646264240 -0.1139784223 0.3872971315 1.6440871610 0.0000000000 -1.7348810291 -0.0000000000 0.0000000000 0.0000000000 
349740.0000000000 -1132916.7071111470 6092530.4669447793 1504633.1273223872 0.2226703413 11.1654816136 -1.9317067221 0.1608329203 -0.9637081272 0.1733377573 -0.7761616758 2.9930320717 0.5183427217 0.7917776174 -1.0175836535 1.2235834413 0.0000000000 -0.5918937233 -0.0000000000 0.0000000000 0.0000000000 
349770.0000000000 -1132915.9357406918 6092530.7592529682 1504633.1578023497 0.0563628315 10.8275661707 -0.6220140634 -0.0123223113 -0.5953535952 0.0000000000 0.2413011340 0.7655692305 0.0540325758 0.0000000000 0.2910857819 0.8721424598 0.0000000000 -0.8395207550 -0.0000000000 0.0000000000 0.0000000000 
349800.0000000000 -1132916.2669958652 6092530.3995641721 1504633.0465865338 0.1027116897 11.0041300577 0.0000000000 -0.1835309126 -0.5266532364 -0.0383591505 0.2028311114 -0.1263411967 0.2719254198 0.3315817521 0.7734605709 0.7015693130 0.0000000000 -1.4146672088 -0.0000000000 0.0000000000 0.0000000000 
349830.0000000000 -1132915.4936899412 6092529.0182879949 1504633.3866731352 0.0007397852 11.1654816136 -0.0590862255 0.5824189144 -0.5298247440 -0.5944436994 -0.4318894648 0.8224677944 -0.7140595989 0.8455857855 0.5081423169 1.1658579168 0.0000000000 -1.4337408535 0.0000000000 0.0000000000 0.0000000000 
349860.0000000000 -1132916.6464437179 6092530.3240017481 1504633.2173626611 0.1340490044 11.1654816136 -1.2314356693 0.6783852255 -0.3709246980 0.6619511776 -0.3306031331 0.5778880314 -0.1423636629 -0.6747808694 0.9906885761 1.1702277391 0.0000000000 -1.1859491094 0.0000000000 0.0000000000 0.0000000000 
349890.0000000000 -1132915.3996290965 6092529.7084765360 1504633.2170141342 0.0015947821 11.1654816136 0.5373058120 0.5387715676 -0.6481945759 -0.2285675667 0.7063056974 -0.0330536680 -0.2884334432 -0.5542990626 0.6713459441 1.0023649474 0.0000000000 -1.6764271676 0.0000000000 0.0000000000 0.0000000000 
349920.0000000000 -1132914.6414680101 6092529.7383980723 1504632.5576540558 0.0453979894 11.1654816136 0.3341472777 0.3556356487 -0.5733437555 0.2774678562 -0.2852506098 -0.1269036262 0.7641267423 0.2310578593 0.4565624815 0.6546179169 0.0000000000 -2.0620538519 -0.0000000000 0.0000000000 0.0000000000 
349950.0000000000 -1132916.7486771718 6092532.6264677243 1504633.7367445489 0.0308415365 11.1654816136 1.1011444605 -0.1732351577 -0.3144778163 0.8776652854 -0.1867188759 0.5261035599 1.0917145776 -0.5457335646 -1.4253994495 1.9265112843 0.0000000000 -2.6596934625 -0.0000000000 0.0000000000 0.0000000000 
349980.0000000000 -1132915.7855996350 6092531.9384041475 1504633.3463495965 0.0138141214 10.8275661707 0.0000000000 -0.5049592125 -0.9799301530 0.0000000000 -0.1601429857 1.5902343292 1.1275917252 1.0113923922 -1.1540267810 1.3613132898 0.0000000000 -1.9590974792 0.0000000000 0.0000000000 0.0000000000 
350010.0000000000 -1132916.2971594543 6092531.3851178829 1504633.4125417108 0.0002535174 11.0041300577 0.2880364870 0.7454407745 -0.7412566436 0.3975170386 -0.5046483737 0.3618587757 1.4788336910 0.1799183299 -0.3761052371 0.0000000000 0.0000000000 -1.7059818745 0.0000000000 0.0000000000 0.0000000000 
350040.0000000000 -1132913.5435543791 6092529.3590585357 1504632.4565141203 0.1001892732 11.1654816136 0.8357607125 -0.5770299380 0.6532908437 1.2820419358 -0.5604671143 -2.1519360662 0.8386507755 -0.4385080154 0.8847288186 0.5488478577 0.0000000000 -1.6177746360 0.0000000000 0.0000000000 0.0000000000 
350070.0000000000 -1132915.3405437407 6092528.4342904640 1504632.9505945407 0.0317587785 11.1654816136 0.6836631514 0.4584652397 -0.3555834343 -0.3309377488 -0.3610514538 0.1909339669 -0.2343587446 0.5628392978 0.1723746747 1.0213675456 0.0000000000 -1.7424419121 0.0000000000 0.0000000000 0.0000000000 
350100.0000000000 -1132915.7044006439 6092528.7243963452 1504632.9756264961 0.2152519531 11.0041300577 -0.2337694055 0.3054527929 -0.2326621813 0.0000000000 -0.5848292874 0.7518162970 -0.2312276068 0.4180121620 0.0095868168 1.1208083229 0.0000000000 -1.1675635584 0.0000000000 0.0000000000 0.0000000000 
350130.0000000000 -1132915.1940651259 6092530.3183102999 1504632.2805047273 0.0000272836 11.1654816136 -0.2079658947 -0.1055322277 0.2567386116 1.2058205026 -0.7404190601 -0.2054147957 0.8865147023 -0.5122289551 -0.2658753990 0.7070721588 0.0000000000 -0.9761859117 -0.0000000000 0.0000000000 0.0000000000 
350160.0000000000 -1132913.3451743226 6092526.2100823186 1504630.5939598931 0.0503891472 10.8275661707 0.6718890825 0.0000000000 0.9639565709 0.9448739192 -0.8201668823 -1.8742497037 0.1376139844 -0.5413050902 0.6820557019 0.0000000000 0.0000000000 -0.4326971012 0.0000000000 0.0000000000 0.0000000000 
350190.0000000000 -1132914.4925903743 6092526.6939356066 1504632.0672782962 0.0631278584 11.1654816136 -1.9778793908 -0.1796130301 -0.5655006467 0.3476428187 0.5701647488 1.6477091547 0.1149739776 -0.6056337746 -0.0771344074 0.4034262631 0.0000000000 0.5806187313 0.0000000000 0.0000000000 0.0000000000 
350220.0000000000 -1132915.5350981823 6092528.0616099490 1504633.0508624527 0.2827683078 11.1654816136 -1.4790870843 -0.1509122666 -0.7796036121 0.4220120721 -0.0574760327 0.4507680644 0.6170470720 0.3708646625 1.2983893256 0.6497848328 0.0000000000 -1.2742516620 -0.0000000000 0.0000000000 0.0000000000 
350250.0000000000 -1132914.7480705297 6092528.6646286789 1504633.3178871672 0.0492360205 11.1654816136 -0.6506128037 0.3695279406 -0.7211539150 0.1180610816 -0.2501198445 1.3005703837 0.7945474326 0.2718603366 -0.5802402488 0.3405519392 0.0000000000 -0.7550218499 -0.0000000000 0.0000000000 0.0000000000 
350280.0000000000 -1132916.4100870811 6092530.0106650656 1504633.0577729475 0.0548212468 11.0041300577 -1.0864695109 -0.0522486218 0.0000000000 1.2791371521 -0.4651377359 0.6200638683 0.5024240491 -0.8601818955 -0.1061003063 1.3927002358 0.0000000000 -1.0408989886 0.0000000000 0.0000000000 0.0000000000 
350310.0000000000 -1132916.0903238631 6092530.3066517645 1504633.5658052941 0.0962450269 11.1654816136 -1.2996059387 -0.1149806848 -0.9003348648 0.3712394264 0.3913631584 2.0795031599 0.5336068617 -0.3070778705 -0.8162290001 1.2888309552 0.0000000000 -0.8491890422 -0.0000000000 0.0000000000 0.0000000000 
350340.0000000000 -1132915.9804328487 6092528.6610426251 1504633.5480973755 0.0804089464 11.1654816136 -2.5968384005 -0.2469526148 -0.9195085928 0.1171067283 0.5963849932 2.3618286390 -0.4017438302 -0.1409724450 0.4658914656 1.3117335717 0.0000000000 -0.2086355838 -0.0000000000 0.0000000000 0.0000000000 
350370.0000000000 -1132916.4309863660 6092531.1761542428 1504633.7096419074 0.2524836381 11.1654816136 -1.0887968508 -0.1656185822 -0.5770319996 0.7988462433 0.2860963984 2.7857935474 0.7189656556 -0.9916150787 -2.4694091637 1.6664491369 0.0000000000 -0.4135487274 -0.0000000000 0.0000000000 0.0000000000 
350400.0000000000 -1132915.4724659538 6092529.8611030420 1504633.5569198767 0.3220593894 11.1654816136 0.2009436195 0.0333862184 -0.0936156030 0.8337634437 0.7011415538 -0.3418119487 -0.0774594251 -1.5408329135 0.3013708452 1.3861781696 0.0000000000 -1.3607011988 -0.0000000000 0.0000000000 0.0000000000 
350430.0000000000 -1132915.0173729388 6092529.5985452933 1504633.4508381505 0.0009469250 11.1654816136 0.3566798614 0.0310896069 -0.0714098842 0.1453669290 0.6296373185 0.4237976635 -0.4371162831 -0.9217897017 -0.5609465865 1.0570349574 0.0000000000 -0.5266665623 0.0000000000 0.0000000000 0.0000000000 
350460.0000000000 -1132916.1243606987 6092530.4183533946 1504633.4612342631 0.0015600405 11.1654816136 -0.2170586009 0.1600942748 -0.1578675560 1.5339905005 -0.0009432455 -0.1428406048 0.8036227070 -1.5321374659 0.0223341014 1.6643328480 0.0000000000 -2.0035093202 -0.0000000000 0.0000000000 0.0000000000 
350490.0000000000 -1132916.6907767474 6092532.1080798600 1504634.4147621787 0.0357604967 11.1654816136 0.2417531970 0.1705429094 -0.4981657591 0.7048343692 0.4554660857 -0.4334526427 0.6020588089 -0.8550113774 0.5210489971 1.0090128816 0.0000000000 -1.8944034521 0.0000000000 0.0000000000 0.0000000000 
350520.0000000000 -1132915.5173947876 6092529.5038867909 1504633.0274672066 0.1405718576 11.1654816136 -0.4879929762 -0.2696841373 0.0579200106 0.5427395203 0.0378439906 -0.8222871734 -0.3006214386 -0.2624313530 1.6085192259 0.8118520826 0.0000000000 -1.0329949583 0.0000000000 0.0000000000 0.0000000000 
350550.0000000000 -1132915.2784499647 6092527.5281184996 1504633.3395945288 0.6304901099 11.1654816136 2.2663619071 0.0911170145 -0.2452206563 -0.4063668356 0.5683463738 -1.3262611211 0.0345327011 0.0237982416 0.0669887499 0.5468298727 0.0000000000 -1.7456757002 0.0000000000 0.0000000000 0.0000000000 
350580.0000000000 -1132915.4877981709 6092529.9191742400 1504633.9770282484 0.3090314699 11.1654816136 2.7062598475 0.8077002338 -0.2205408783 -0.1226400481 0.9067553212 -0.8649034561 -0.0444323084 -1.3279812822 -0.9748977060 0.9315612289 0.0000000000 -1.7662378761 0.0000000000 0.0000000000 0.0000000000 
350610.0000000000 -1132915.3959760983 6092527.8116673939 1504633.5651016543 0.3268852494 11.1654816136 1.2002992610 -0.6283550078 -0.4665066592 -0.1775972401 0.8166000625 0.4809873239 0.0726049118 0.0334454213 -1.2269162403 1.4928588326 0.0000000000 -1.4308816498 0.0000000000 0.0000000000 0.0000000000 
350640.0000000000 -1132915.1888094179 6092527.7815290038 1504632.4828070393 0.2116162130 11.1654816136 0.5184806190 -0.1985602976 -0.2953771529 0.4172173027 0.1655139011 -0.0888810877 0.6012916830 -0.2021104406 -0.4121257653 0.8875646461 0.0000000000 -1.3147512353 -0.0000000000 0.0000000000 0.0000000000 
350670.0000000000 -1132917.0028663075 6092529.4188649487 1504634.1112673217 0.3158175119 11.1654816136 -1.0118178309 0.4526011219 -1.1498560317 0.5719365921 -0.2628617416 0.9153969404 1.0196761058 0.2418394472 0.6328152685 1.4197542791 0.0000000000 -2.6463411360 -0.0000000000 0.0000000000 0.0000000000 
350700.0000000000 -1132916.5081781468 6092529.1811638530 1504634.2170841570 0.5286100025 11.0041300577 1.1482329311 0.2457584104 -0.8759667905 -0.4678929945 0.7715408036 0.0000000000 0.4877906096 0.1470159320 -0.2868209870 0.3601602911 0.0000000000 -1.4848995180 0.0000000000 0.0000000000 0.0000000000 
350730.0000000000 -1132916.0648111191 6092531.9288824620 1504632.4803166911 0.0310721312 11.0041300577 0.3934997999 0.6656971544 -0.6144500768 0.4769585519 0.1945525705 0.0000000000 0.5194017166 -0.7066005365 0.0992150381 1.1520496310 0.0000000000 -2.0702215866 0.0000000000 0.0000000000 0.0000000000 
350760.0000000000 -1132915.9987901901 6092528.8793408861 1504631.7470465936 0.1273637183 11.0041300577 -0.7853089215 0.1334833135 -0.6270453712 0.8852211146 0.0912751365 0.0000000000 0.5877538853 -0.4631913241 1.0585325630 1.2463468098 0.0000000000 -2.0599665501 -0.0000000000 0.0000000000 0.0000000000 
350790.0000000000 -1132915.2626787922 6092528.3345322199 1504632.9252345592 0.1178626971 11.0041300577 0.2528302910 0.1013307489 -0.7808784653 0.3257853929 0.7133702667 0.0000000000 0.9385111558 -0.4589360522 -0.0813608173 0.3114577202 0.0000000000 -1.2488462323 -0.0000000000 0.0000000000 0.0000000000 
350820.0000000000 -1132915.5393130486 6092527.0334106339 1504633.4547798007 0.2475319530 11.0041300577 0.3302089783 0.3657283707 -0.9361182606 -0.9906683973 0.2195107377 0.0000000000 -0.4983849172 1.2488864819 1.5047934133 0.7459842759 0.0000000000 -2.0731095472 0.0000000000 0.0000000000 0.0000000000 
350850.0000000000 -1132915.8143062843 6092530.0135757681 1504632.8606935176 0.0419488872 11.0041300577 0.9538036506 0.3053739231 -0.3864436594 0.3903859111 -0.0694227626 0.0000000000 0.8691727849 -0.3025761272 -0.9852351318 0.9600364685 0.0000000000 -1.5873080574 -0.0000000000 0.0000000000 0.0000000000 
350880.0000000000 -1132914.8969174947 6092524.9207499754 1504631.6954798461 0.2008457272 11.0041300577 -1.2744358988 -0.1975151270 -0.3371755902 0.8492858294 -0.6875049574 0.0000000000 0.7203365377 0.4357016567 1.1653637731 0.8645695466 0.0000000000 -1.5276151274 0.0000000000 0.0000000000 0.0000000000 
350910.0000000000 -1132915.4637010409 6092525.8394570313 1504632.3051673127 0.1491195362 11.1654816136 0.8235722290 0.3335929228 -0.2647679369 0.3036938108 -0.2598106867 0.0000000000 0.7090807058 0.3030387984 0.1578180567 1.0687061801 0.0000000000 -2.6662865733 -0.0000000000 -0.5127365115 0.0000000000 
350940.0000000000 -1132915.0999743289 6092529.7113663331 1504632.4440971334 0.0028639416 11.1654816136 0.4406017023 -0.0862908922 0.2647068253 0.6938016696 -0.2663250169 0.0000000000 0.5687130571 0.2971098964 0.8405075980 1.0252339750 0.0000000000 -2.8703494314 0.0000000000 -1.0238770438 0.0000000000 
350970.0000000000 -1132913.7518738385 6092527.8249239363 1504632.8047871510 0.0394026604 11.3140434823 -0.0267670404 0.7384201583 0.5508848564 0.8301382967 -0.0296457130 0.0000000000 0.0601054199 0.3575314418 1.6492654716 -0.6558765769 0.0000000000 -2.0479157305 -0.0000000000 -0.5692974132 -1.2125942330 
351000.0000000000 -1132915.3210268843 6092528.1932292860 1504632.5352628937 0.1577948637 11.3140434823 -1.7043664421 0.5034210413 -0.1941632535 2.7855446857 -0.0950534338 0.0000000000 0.2573710329 -0.3377814892 0.1979638131 0.6440276987 0.0000000000 -1.2295095157 0.0000000000 2.1787339293 -2.9862208892 
351030.0000000000 -1132913.8842094771 6092527.8620295944 1504632.3621274454 0.0128747661 11.3140434823 1.8672120504 0.7894962663 1.6315288909 1.9425084976 -0.2443877997 0.0000000000 -0.6800142547 -0.1348972246 -0.8524527872 0.9742316724 0.0000000000 -2.8936022323 0.0000000000 0.1363227698 -2.6994300036 
351060.0000000000 -1132914.7054148465 6092528.9270100100 1504632.3631981625 0.0061774149 11.3140434823 -0.2706598743 0.1216171351 -0.3406609194 -0.6842258762 -0.3043791353 0.0000000000 -0.0718393290 -0.4624814416 1.1242773142 1.1621205628 0.0000000000 -0.9522751497 -0.0000000000 -1.0498029219 1.8035872308 
351090.0000000000 -1132914.3861575215 6092527.9342378043 1504633.6772786367 0.1263977148 11.3140434823 0.5483206406 0.0182723003 0.7516728936 2.0381411387 -0.2134621520 0.0000000000 -0.1871021688 0.6150427652 -0.7773127295 0.9527097932 0.0000000000 -2.0850919612 0.0000000000 1.1145698502 -2.8031381328 
351120.0000000000 -1132915.8529332555 6092527.9718819037 1504633.4632956544 0.2802596948 11.3140434823 -0.5109570137 -0.1265785505 0.4132119193 0.7479227091 -0.4595253580 0.0000000000 -0.9203990212 1.0141836902 0.5923310362 0.5985454756 0.0000000000 -0.7789303918 0.0000000000 0.8981083025 -1.5631105667 
351150.0000000000 -1132914.3898277231 6092526.5099629546 1504631.9972713429 0.2301338016 11.3140434823 0.0116902978 -0.2234259713 -0.2226609220 0.5675187042 0.0792311710 0.0000000000 0.3469285315 1.0077457837 0.2582750167 0.1562656332 0.0000000000 -1.3681881158 0.0000000000 0.4245327167 -1.0970078903 
351180.0000000000 -1132914.9466883927 6092527.1725126449 1504632.6319029771 0.0123414635 11.3140434823 0.0869748545 -0.1483910943 -0.5384526699 -0.1137468108 0.1823103022 0.0000000000 0.0362379952 0.3817587453 0.3160806723 0.8173006537 0.0000000000 -1.1364369389 0.0000000000 0.0919620249 0.0581816041 
351210.0000000000 -1132912.9478025234 6092526.7985133389 1504632.0782802133 0.0092804729 11.3140434823 -0.1423953290 -0.3702298447 1.3113748414 1.7539186710 -0.5636376993 0.0000000000 -0.0883456371 -0.3233493242 0.2261225482 1.0574656926 0.0000000000 -1.5785057058 -0.0000000000 -0.4996423700 -0.7642979952 
351240.0000000000 -1132913.9827386187 6092529.7549034059 1504633.5699240849 0.0721286889 11.3140434823 0.5894709804 0.3004583428 -0.0012488289 0.3816911803 0.3336894442 0.0000000000 -0.4379753715 -0.6803541832 -0.0633401794 1.3386578610 0.0000000000 -1.4491673299 0.0000000000 -0.0558826733 -0.1407764500 
351270.0000000000 -1132912.8871027657 6092527.6125378273 1504633.5024458545 0.0118346615 11.3140434823 1.5115752350 0.5297173171 1.0561754375 0.3746543698 -0.0263240463 0.0000000000 -0.4024300938 -0.0178760648 -0.5077475215 -0.1099625945 0.0000000000 -1.0469611122 0.0000000000 -0.4254455133 -0.9706224264 
351300.0000000000 -1132914.3042148948 6092527.2683762144 1504633.2200294221 0.0008126117 11.3140434823 0.2503498836 0.6528820594 -0.2451387554 0.1472443589 0.0685090844 0.0000000000 -0.8771859949 0.3056478355 -0.0171760895 0.7061708137 0.0000000000 -0.7932491224 0.0000000000 1.0356631837 -1.1935403010 
351330.0000000000 -1132915.0424915189 6092527.9255062966 1504633.7277603541 0.3892453665 11.3140434823 0.3351229723 0.3855057484 -0.4411136172 -0.5982913539 0.1616508919 0.0000000000 -0.4270211245 0.6760458539 0.6873032077 0.1871676594 0.0000000000 -0.9629061379 0.0000000000 0.1511529848 -0.2387372120 
351360.0000000000 -1132915.5151229016 6092529.3461645972 1504632.4754530971 0.0395179308 11.3140434823 -1.6234873335 0.0542471865 -0.1080532773 1.8932123548 -0.3462926537 0.0000000000 0.2305826397 0.6313245137 1.4899619664 0.7217851954 0.0000000000 -2.1024533777 0.0000000000 0.8373948555 -1.6745079947 
351390.0000000000 -1132914.9865059068 6092527.7879087599 1504632.6563208490 0.0369366159 11.3140434823 -0.1991617675 0.4895594708 0.3168572736 0.7101578019 -0.6117065291 0.0000000000 -0.1528928563 -0.3738891498 0.6452632292 1.2967064726 0.0000000000 -1.7242926557 -0.0000000000 -0.3090441179 -0.0265328580 
351420.0000000000 -1132914.3061460943 6092527.6413921667 1504632.0996590217 0.0001386039 11.3140434823 0.4435156317 0.0728380200 0.1134483318 -0.2349484350 -0.1546003532 0.0000000000 -0.0241243251 0.5667635489 0.0962047115 -0.0749995587 0.0000000000 -0.5174793215 0.0000000000 -0.1613438734 -0.1762714895 
351450.0000000000 -1132915.1214553232 6092527.8951080693 1504633.3393496296 0.0563507353 11.3140434823 0.5666472193 0.7683019177 -0.2897846838 0.1644933253 -0.2151470572 0.0000000000 0.0968873501 1.4010114644 0.2114223531 -0.0820401327 0.0000000000 -1.7594980586 -0.0000000000 0.7050848194 -1.6046509453 
351480.0000000000 -1132916.0762043707 6092527.7400924470 1504632.4808901094 0.0539018164 11.3140434823 0.3605413097 0.4125635986 -0.1952208287 -0.0751080784 -0.5736940311 0.0000000000 0.0743600464 0.6832445828 -0.0346120080 0.7880020053 0.0000000000 -1.2932100841 -0.0000000000 0.1558773491 -0.2813422135 
351510.0000000000 -1132915.7109520170 6092527.3972614333 1504633.4651862176 0.2465447217 11.3140434823 0.5921239510 0.5266236512 -0.6718935167 -0.7049968110 0.0945978512 0.0000000000 -0.9596909263 0.7646485579 0.3145186595 1.1794966220 0.0000000000 -1.3526632878 -0.0000000000 0.6554295862 -0.4496532251 
351540.0000000000 -1132915.2466822681 6092528.4058921859 1504633.4207479346 0.1340449837 11.3140434823 0.5698153524 1.4732220291 -1.0551668965 -0.9241452665 -0.7929045776 0.0000000000 -0.4998860015 0.3857183165 -0.3010719182 1.7876653205 0.0000000000 -1.4449701489 0.0000000000 0.8316493183 0.0143123889 
351570.0000000000 -1132914.1696375958 6092528.7412203299 1504633.0009337584 0.0211102720 11.3140434823 0.3460429856 0.9625755279 0.2756331420 0.4223191774 -0.1169425196 0.0000000000 -0.4819721235 -0.1073466444 1.1981745613 0.8240113642 0.0000000000 -2.4116922618 0.0000000000 -0.3392622188 -0.5575955061 
351600.0000000000 -1132913.7346713040 6092528.9899461810 1504632.9595387431 0.0301205118 11.3140434823 1.4994249288 0.8341345731 0.5464912932 0.0554805985 0.1417917089 0.0000000000 -0.3552195641 0.4418382523 0.1696174728 0.0024340020 0.0000000000 -1.9122364830 0.0000000000 -0.3103363943 -1.0702505161 
351630.0000000000 -1132913.0871105667 6092529.1240774309 1504632.9681836478 0.0191848962 11.3140434823 2.9899574583 0.3232635278 2.0858468705 1.4492460576 0.2017780332 0.0000000000 0.7691467353 0.0428919396 -0.7523158913 -0.0794608809 0.0000000000 -3.4484639526 0.0000000000 -1.8553857039 -1.3889472391 
351660.0000000000 -1132914.4480039873 6092529.0502677318 1504632.9721558022 0.0251085911 11.3140434823 1.7160576488 0.9352580311 0.3292671871 0.1991326759 -0.0570144766 0.0000000000 0.4635294879 -0.0238617250 -0.8856006585 0.2786187425 0.0000000000 -1.7207376537 -0.0000000000 -0.3855556493 -0.6575754967 
351690.0000000000 -1132915.9344050502 6092530.6835944951 1504634.1153373870 0.0191135192 11.3140434823 1.2502337436 0.2081104835 0.3568823539 -0.0520974254 0.0972064971 0.0000000000 -0.3157224043 0.2973700250 -0.2518642013 0.6254110474 0.0000000000 -1.3877036083 0.0000000000 -0.3163575635 -0.4055109309 
351720.0000000000 -1132916.5096530870 6092529.0360860424 1504633.6939871928 0.2009273128 11.3140434823 1.7859761923 0.5890266291 -0.2284346970 -0.1393366920 0.4052318953 0.0000000000 -0.9107776810 0.5346485663 -1.4598842533 1.3065653099 0.0000000000 -1.2219893786 0.0000000000 1.0181291693 -1.4112373975 
351750.0000000000 -1132914.4042641940 6092528.2338680634 1504632.5691223172 0.0179481820 11.3140434823 1.0998897859 -0.2059217895 0.5148808929 0.0489155795 -0.1780278301 0.0000000000 -0.4591314079 0.0685359074 -0.8980484024 1.2041647775 0.0000000000 -0.7212596973 0.0000000000 -0.2190583771 -0.0721495022 
351780.0000000000 -1132914.6753819813 6092526.6512972414 1504632.8534493053 0.0344357606 11.3140434823 1.4272731847 1.3184895714 0.0300770307 -0.6392904677 0.1134445095 0.0000000000 -0.4469497328 -0.2756945595 0.3585715943 0.5492076865 0.0000000000 -1.8491110614 -0.0000000000 -0.5117134411 -0.0499074794 
351810.0000000000 -1132916.0428331434 6092529.2035924476 1504633.8531115479 0.1738765876 11.3140434823 -0.4149734012 0.3859970615 -0.9202244403 -0.1442408064 0.1386315867 0.0000000000 -0.8610177800 0.9390492144 1.1827022621 1.2593291082 0.0000000000 -1.8128953915 -0.0000000000 0.9004569853 -0.7234636190 
351840.0000000000 -1132915.7801470275 6092529.0151914917 1504633.4991712978 0.1376229933 11.1654816136 -0.2328582691 1.4561014809 -0.5339567762 0.0000000000 -0.2552301405 0.0000000000 -0.5496814316 -0.6834581559 1.2457488064 1.5813269691 0.0000000000 -2.2156509284 -0.0000000000 0.0220611009 0.1539442394 
351870.0000000000 -1132915.3592469404 6092527.0387387099 1504632.9681246812 0.0093248340 11.1654816136 -1.7573700482 0.5857852924 -0.9892412186 0.0000000000 -0.7722917967 0.0000000000 -0.1210007618 0.1655838958 1.5983200249 1.2330959050 0.0000000000 -1.1105063981 -0.0000000000 0.4869779977 0.4445211682 
351900.0000000000 -1132915.8540815350 6092528.7854970563 1504633.2458742647 0.0768113661 11.3140434823 -0.2047010167 0.4939557624 0.4235528985 0.0000000000 -0.5112218012 0.1656820539 -0.9175273194 0.4135876704 1.3262915269 0.8188396059 0.0000000000 -1.5832560811 0.0000000000 -0.2059982156 -0.3036635568 
351930.0000000000 -1132915.7737802423 6092526.9226635406 1504633.6051950122 0.5108699758 11.3140434823 -0.1594076675 0.8738597126 -0.6183334470 0.0000000000 0.5828145894 0.8484581727 -1.2811612012 1.3682545685 0.0352640818 0.3387867821 0.0000000000 -1.2596565461 0.0000000000 1.6439901649 -2.3239004864 
351960.0000000000 -1132915.5807288948 6092527.6654261556 1504632.7966581529 0.1977095199 11.3140434823 -0.9366603519 0.3111532030 -0.9501035182 0.0000000000 0.5085046323 0.6257083468 -0.3050158672 0.8655043997 1.2251139525 0.4206098998 0.0000000000 -1.7261120591 -0.0000000000 0.5097787903 -0.6711623688 
351990.0000000000 -1132915.1344184100 6092527.0247919094 1504632.3727858290 0.1436392150 11.3140434823 -1.8318102337 0.1628819970 -1.2136497951 0.0000000000 0.3431495246 1.5586268414 -0.2586246457 0.4373650373 -0.0971534961 1.0266435414 0.0000000000 -0.7467104569 -0.0000000000 0.7632406051 -0.2661107632 
352020.0000000000 -1132914.8286240806 6092526.6326581938 1504633.2002016604 0.2693283590 11.3140434823 -1.7898247737 0.0244135426 0.1722366653 0.0000000000 -0.0177571423 2.6793519690 -0.6274296628 1.4674038289 0.5628666454 0.4164365968 0.0000000000 -1.9102513327 -0.0000000000 -0.3445228689 -0.8201342321 
352050.0000000000 -1132913.9301074413 6092524.8882303014 1504631.9353781370 0.3120012395 11.3140434823 0.4474661749 0.2280692278 0.2173274705 0.0000000000 -0.3029591108 -0.7898787064 -0.0464404958 -0.1181310429 1.7224461496 0.6119828773 0.0000000000 -1.7730753478 -0.0000000000 -0.8377116040 0.5960111229 
352080.0000000000 -1132915.6043192637 6092527.9862177847 1504633.1650032459 0.1782393939 11.3140434823 0.6745556363 0.5451271565 0.1256755123 0.0000000000 -0.1797707158 0.0772894288 -0.6171071714 0.1592073253 -0.1812817019 1.2016390689 0.0000000000 -1.3205287472 -0.0000000000 0.1395151436 -0.4714181835 
352110.0000000000 -1132912.8292971086 6092527.3572241785 1504632.5612934064 0.0014365737 11.3140434823 0.8694469547 -0.5772707042 1.4365303894 0.0000000000 -0.3857179256 1.0423278399 -0.0557179211 0.7319933078 -0.4234155905 0.4526516384 0.0000000000 -1.4606919131 -0.0000000000 -1.5398082413 0.0814685604 
352140.0000000000 -1132915.8189084006 6092527.2825409649 1504633.1869868245 0.3385268485 11.3140434823 0.7567992623 0.4486226363 0.2940317537 0.0000000000 -0.0848860710 0.2936563247 -1.2448724881 0.7875325149 -0.9911182718 0.8368672212 0.0000000000 -0.3675159640 -0.0000000000 1.0696686987 -1.5799242223 
352170.0000000000 -1132915.4205568763 6092527.5746795880 1504632.5272808205 0.1392454090 11.3140434823 -2.5518973744 -0.3665417185 -0.1337181102 0.0000000000 -1.3132141069 0.8509262093 0.4984271554 0.5574739280 1.1952006968 0.3443365944 0.0000000000 -0.1802874134 0.0000000000 -0.4810478351 1.0445763407 
352200.0000000000 -1132915.5228669241 6092529.0192978391 1504633.3788940248 0.2784732349 11.3140434823 0.2233381071 -0.3005840796 -0.4287892995 0.0000000000 -0.1401004399 -0.9877219490 -0.2896509376 1.2625379987 0.8678773018 0.1986570769 0.0000000000 -0.5472068272 -0.0000000000 0.8246396475 -0.7208755543 
352230.0000000000 -1132914.3788075517 6092528.3296457650 1504633.2493069521 0.1076015484 11.3140434823 0.7366910407 0.5683232961 0.3251473534 0.0000000000 0.1495065483 0.5993288651 -0.0538254825 -0.3644837042 -0.9542467781 0.3694133527 0.0000000000 -0.5879107058 0.0000000000 -0.2811335478 -0.2773754163 
352260.0000000000 -1132915.0212805879 6092528.3575973976 1504633.2493072355 0.0270679552 11.1654816136 0.0000000000 0.3260878102 0.6001959261 0.0000000000 0.3749788792 2.1324145031 -0.5321485668 -0.1677461300 -0.8366865977 1.1111727366 0.0000000000 -1.7836213691 0.0000000000 -0.9474268072 -0.1113475050 
352290.0000000000 -1132914.3078347477 6092527.2612516750 1504632.5828729772 0.0001039887 11.1654816136 0.0000000000 0.4694792833 0.1320875955 0.0000000000 0.1393516512 0.7907723349 -0.5617775982 0.5101592332 0.2440271048 0.4977494920 0.0000000000 -1.4577311727 -0.0000000000 0.0144081509 -0.7340136323 
352320.0000000000 -1132914.4568875020 6092527.8301511575 1504632.4375162071 0.0026546354 11.1654816136 0.0000000000 0.6988489379 0.1192063571 0.0000000000 -0.2154724884 0.8404542071 0.4716507345 -0.0681937205 0.2247161834 0.6467200693 0.0000000000 -2.0164148550 0.0000000000 -0.9262022544 0.2494737739 
352350.0000000000 -1132914.3216325820 6092528.3204447096 1504632.8325309008 0.1184745056 11.1654816136 0.0000000000 0.3662048414 0.7596337613 0.0000000000 -0.2827663693 1.2827343720 -0.2095627854 0.1670525603 -0.3415309758 0.5216095409 0.0000000000 -1.2556994989 0.0000000000 -0.7420346309 -0.2013113379 
352380.0000000000 -1132914.9782847730 6092527.9326011539 1504632.6529417101 0.0311543173 11.1654816136 0.0000000000 0.5685839846 0.5770153365 0.0000000000 -0.7080168619 1.1210819393 0.9926101932 0.1161145942 -0.3781521023 0.3192610400 0.0000000000 -1.6460941569 0.0000000000 -1.2892354498 0.3492289398 
352410.0000000000 -1132914.4603514830 6092528.4047050811 1504632.3254289411 0.0148574400 11.1654816136 0.0000000000 -0.4812980136 0.9673400817 0.0000000000 -0.6333257181 0.6737758977 -0.3384732718 0.0747723065 0.2899391494 1.2715251487 0.0000000000 -1.3375316599 -0.0000000000 -1.2985920606 0.8202715276 
352440.0000000000 -1132915.2946097828 6092526.0015010843 1504632.4915363370 0.0070217252 11.1654816136 0.0000000000 0.7708972950 -0.6290846627 0.0000000000 -0.9547817052 -0.4698047986 0.0125260984 -0.0381911059 -0.6711228532 2.0287311989 0.0000000000 -0.7614022116 -0.0000000000 0.6609749716 0.0677110829 
352470.0000000000 -1132915.2141739540 6092529.3364590146 1504634.3282299831 0.1711250106 11.1654816136 0.0000000000 0.9109769068 -0.2150550248 0.0000000000 0.8185590862 1.2950216972 -0.3275685267 -0.0780330165 -0.2563883653 0.2037205261 0.0000000000 -1.4704095237 -0.0000000000 0.0371667658 -0.8053256027 
352500.0000000000 -1132916.1364891189 6092529.4157777438 1504633.6471133446 0.1069956464 11.1654816136 0.0000000000 0.6785904267 0.1146674471 0.0000000000 0.2843390751 1.2404072225 -0.7432184905 0.0027118238 -0.6363311920 1.0197359903 0.0000000000 -1.2669583715 -0.0000000000 0.1049524019 -0.6776422791 
352530.0000000000 -1132914.6392348798 6092526.6560454657 1504633.0684064778 0.0082827932 11.1654816136 0.0000000000 1.4128634199 0.0327564351 0.0000000000 -0.0313171057 0.8947599680 -0.0333632400 0.0365253156 0.9070880634 0.8149985538 0.0000000000 -2.9990604691 0.0000000000 -0.6006596114 -0.4124074505 
352560.0000000000 -1132915.0883845815 6092528.0300534759 1504633.4941934785 0.0649947019 11.1654816136 0.0000000000 0.7274700979 0.5322101532 0.0000000000 -0.3619745600 -0.5500743996 -1.3081392649 -1.2412638980 0.9860272503 0.7824702612 0.0000000000 0.0570053824 0.0000000000 0.0431438378 0.2936864567 
352590.0000000000 -1132914.7033569936 6092528.4539519204 1504633.4841842602 0.0224410342 11.1654816136 0.0000000000 0.8159040753 -0.1507563350 0.0000000000 0.6269747376 0.9422384661 -0.3720972621 -0.3124724180 0.7584313353 0.8597961539 0.0000000000 -2.4595247680 -0.0000000000 -0.5934577012 -0.0552111877 
352620.0000000000 -1132914.9556489261 6092528.0400474006 1504633.2705620993 0.0026222820 11.1654816136 0.0000000000 0.6407961960 0.1037218106 0.0000000000 -0.0743720039 0.6735533001 0.1238997651 -0.0377196188 0.9858886281 1.0818004287 0.0000000000 -2.8001120731 0.0000000000 -1.0716476780 0.3778472908 
352650.0000000000 -1132914.5027721683 6092527.7355762264 1504632.6852403879 0.0010841677 11.1654816136 0.0000000000 0.6929271895 0.0724474779 0.0000000000 -0.2310935885 0.0154003090 0.6174536741 -0.8046017787 1.9355754531 0.9086714681 0.0000000000 -2.9189165800 0.0000000000 -1.7724600836 1.4068266341 
352680.0000000000 -1132914.1573230403 6092529.2038020305 1504633.3267200799 0.0624216310 11.1654816136 0.0000000000 0.4091882485 1.0433417652 0.0000000000 -0.4845079080 1.0845958605 -0.0303673204 0.1434502586 0.2913231186 0.3340618427 0.0000000000 -1.6427787351 -0.0000000000 -1.1037174103 -0.0254155713 
352710.0000000000 -1132914.3009072931 6092526.6732280795 1504632.6594760562 0.0166233493 11.1654816136 0.0000000000 1.2174209003 0.2549185776 0.0000000000 0.0708405893 0.1150020807 -0.9917668253 -0.8542724518 1.0249490337 0.5775702364 0.0000000000 -1.1405960764 0.0000000000 -0.0005868123 -0.2719049661 
352740.0000000000 -1132915.0866894699 6092528.2052663732 1504633.5104590796 0.0875235720 11.1654816136 0.0000000000 1.6783657944 0.2136148600 0.0000000000 0.6348341380 1.0647804335 -0.9458644714 -0.2238165520 0.9790186584 0.0515487854 0.0000000000 -2.2100852826 -0.0000000000 0.0957728127 -1.2733709179 
352770.0000000000 -1132915.8037133925 6092527.1688046362 1504633.6514252406 0.0415944808 11.0041300577 0.0000000000 0.4589322774 -0.1717705979 0.0000000000 0.3846434728 0.7610501294 -0.5519399397 0.3111098928 0.1853834687 1.0026770524 0.0000000000 -1.8325266390 -0.0000000000 0.0000000000 -0.4814899223 
352800.0000000000 -1132915.2167996545 6092528.1237781327 1504633.0908897608 0.2164652782 11.1654816136 0.0000000000 0.5535277158 0.7336632850 0.0000000000 0.6820569727 0.9556969111 -1.3631534678 -0.8813028354 1.4484271941 0.5077706813 0.0000000000 -1.8456691214 0.0000000000 -0.8735314551 0.1311426636 
352830.0000000000 -1132915.1436532652 6092526.5690451199 1504633.7966281420 0.1435211100 11.1654816136 0.0000000000 1.5835821999 0.1121407136 0.0000000000 0.2180898265 1.1053394488 0.0136435374 0.0340540518 0.0492502074 0.0048562761 0.0000000000 -1.9167691621 0.0000000000 -0.0177410060 -1.1222837692 
352860.0000000000 -1132914.6280764746 6092528.2544758208 1504632.5471674807 0.0093061334 11.1654816136 0.0000000000 -0.2172268881 0.5737780157 0.0000000000 0.2112547975 1.5340908976 -0.1379349492 -0.0309707149 -0.7468233392 0.9559172130 0.0000000000 -1.3543349701 -0.0000000000 -1.0145848073 0.3320827388 
352890.0000000000 -1132915.0871233928 6092528.1792082787 1504633.1765265425 0.0067655327 11.1654816136 0.0000000000 0.2256920900 0.7461052838 0.0000000000 -0.1012693328 1.7534982657 1.0089764535 -0.5797073099 -0.7661089601 0.6654819929 0.0000000000 -1.9173845776 -0.0000000000 -1.9948190035 1.0362869600 
352920.0000000000 -1132914.8954180167 6092530.1028492199 1504633.3327915880 0.0005940036 11.1654816136 0.0000000000 1.0369955560 0.4136759849 0.0000000000 0.6004039382 2.2275066245 -0.1621164002 -1.3791782303 -1.9397316026 1.2331731163 0.0000000000 -1.1850201529 -0.0000000000 -0.8259591533 0.1711423431 
352950.0000000000 -1132915.5546662591 6092529.3238147339 1504633.4891664085 0.0002837484 11.1654816136 0.0000000000 0.3521760234 0.0098594544 0.0000000000 0.6399234224 1.2074374294 -0.0939394161 -0.6859752715 -0.0113358307 1.0541733983 0.0000000000 -1.9788481829 -0.0000000000 -1.0426181021 0.6326534899 
352980.0000000000 -1132915.6103405252 6092528.6660778234 1504633.5373235024 0.0287311386 11.1654816136 0.0000000000 0.4751970541 0.2820456934 0.0000000000 0.2491793808 0.4014739444 -0.4410507677 -0.8246584441 1.1241433795 0.6795893515 0.0000000000 -1.6622078713 0.0000000000 -0.9219888945 0.6417471415 
353010.0000000000 -1132915.1714750377 6092529.4488256834 1504633.7315224421 0.0330086304 11.1654816136 0.0000000000 0.7251964155 -0.1008355340 0.0000000000 0.1560642728 0.6331113458 -0.7296058496 0.7190942640 -0.0015698981 0.9474283093 0.0000000000 -1.6569199243 -0.0000000000 0.5531984689 -1.1836770428 
353040.0000000000 -1132915.8488411531 6092527.3803596804 1504632.9417730093 0.1406941836 11.1654816136 0.0000000000 0.9060052027 -0.0269414429 0.0000000000 -0.5921344907 0.3364222174 -0.4784157053 0.4881960099 -1.0886779366 1.6106647602 0.0000000000 -0.8496526664 0.0000000000 0.8018972004 -1.0580603947 
353070.0000000000 -1132914.9795937780 6092528.1532481480 1504633.0160200901 0.0180772166 11.1654816136 0.0000000000 0.4991361710 0.3834907710 0.0000000000 0.0276384192 1.1970671793 -0.0620948593 0.4596012053 -1.2444001242 0.2221322119 0.0000000000 -0.5495898020 0.0000000000 0.1860263362 -1.0229422267 
353100.0000000000 -1132915.6670713895 6092528.9672666509 1504633.4689670431 0.0393297229 11.1654816136 0.0000000000 0.5679832845 -0.4043905923 0.0000000000 1.0155144845 1.3211229129 -0.6557549618 0.4227680852 -1.3388610430 0.3800375332 0.0000000000 -0.6192780051 0.0000000000 0.8985377752 -1.4328031520 
353130.0000000000 -1132914.8516547792 6092528.6980389906 1504633.3461439088 0.0089492032 11.1654816136 0.0000000000 0.7338723552 0.3626034665 0.0000000000 0.3480457391 1.6890363400 -0.3116625060 0.3889357298 -1.1664583997 0.7089675097 0.0000000000 -1.5255168439 -0.0000000000 -0.0033237179 -1.0913272199 
353160.0000000000 -1132914.3141722276 6092526.7278290363 1504633.4416685472 0.0508420769 11.1654816136 0.0000000000 -0.1226749009 1.4656153975 0.0000000000 0.3241508343 2.3976624648 -0.0657326492 -0.3245148647 -0.9026186164 0.0972822379 0.0000000000 -1.3298212275 -0.0000000000 -1.6189061052 0.2165506458 
353190.0000000000 -1132915.1446878291 6092527.8799645146 1504632.9647609321 0.0010234139 11.1654816136 0.0000000000 0.1631656914 -0.0639261740 0.0000000000 -0.2406349654 0.1046001216 -0.0728171856 0.6876675450 0.1055612789 0.7657635047 0.0000000000 -1.1450152462 0.0000000000 0.0840287549 -0.3877723818 
353220.0000000000 -1132914.2087869232 6092524.6155781290 1504632.1770009736 0.0113594977 11.1654816136 0.0000000000 0.0923459432 0.2250544210 0.0000000000 -0.8583631594 -0.2745672473 0.8982282633 1.0077858822 0.1400846348 -0.2696366820 0.0000000000 -0.5012065675 0.0000000000 -0.1184564462 -0.4011680887 
353250.0000000000 -1132915.9882526684 6092528.3227014551 1504633.7278607332 0.0425114075 11.1654816136 0.0000000000 0.4081517678 0.0715995449 0.0000000000 0.0688021611 0.1757914557 -0.8205207723 0.5946463486 0.3844862369 0.4366073182 0.0000000000 -0.8727351870 -0.0000000000 0.5910316475 -1.0128710328 
353280.0000000000 -1132914.9379716266 6092526.3796529397 1504633.4651287524 0.1464090104 11.1654816136 0.0000000000 0.9642173707 0.4864630155 0.0000000000 -0.0502013281 0.6134332644 -0.8764259395 0.1855216080 -0.0933980229 0.4545196918 0.0000000000 -0.8698335955 -0.0000000000 0.5393200433 -1.2997925906 
353310.0000000000 -1132914.6953305095 6092528.1259816214 1504633.2979347552 0.0143654696 11.1654816136 0.0000000000 0.3551560483 0.6684426359 0.0000000000 0.2225093927 1.8307720752 0.3200183337 -0.0976320545 -1.1320295404 0.6818293184 0.0000000000 -1.6761481231 -0.0000000000 -1.0417829341 -0.0234431395 
353340.0000000000 -1132914.6908276707 6092524.6251624599 1504632.8053614839 0.2206235881 11.1654816136 0.0000000000 0.1244808038 0.0399621778 0.0000000000 -0.6415695060 -0.3787204576 0.1981743685 0.4097374128 0.1433956155 0.6417866773 0.0000000000 -0.5300499044 0.0000000000 -0.0162361625 -0.0349166480 
353370.0000000000 -1132915.0763428048 6092528.4933141712 1504634.0288724396 0.0591701443 11.1654816136 0.0000000000 0.2428187338 0.7922673449 0.0000000000 0.3553664618 1.5894138637 -0.8293706492 0.4410588908 -0.1098549065 0.7785578542 0.0000000000 -1.9923502783 -0.0000000000 -0.4387977749 -0.7247192267 
353400.0000000000 -1132915.6588477124 6092525.8267481830 1504633.3784009113 0.3282131104 11.1654816136 0.0000000000 0.7033115089 -0.1629659256 0.0000000000 -0.2679300119 -0.3604794346 -0.8989366518 0.0295087824 0.4122802417 1.4743520007 0.0000000000 -1.0243519925 0.0000000000 0.5498134556 -0.4668859498 
353430.0000000000 -1132915.5450233978 6092527.3111642729 1504633.4868649761 0.0322357476 11.1654816136 0.0000000000 0.4049600528 -0.3080598448 0.0000000000 0.5379873934 0.1566347384 -0.4890970133 -0.3301186473 1.4438879482 0.7577140623 0.0000000000 -2.0796442304 -0.0000000000 -0.5249457024 0.4303635702 
353460.0000000000 -1132914.5554011113 6092526.3506970331 1504634.0905273869 0.0646027500 11.1654816136 0.0000000000 0.4715635551 1.1768372951 0.0000000000 0.6488148069 1.8757836819 -0.9578896146 0.2823143016 0.3068888940 -0.3909926433 0.0000000000 -1.7110100149 -0.0000000000 -0.3699210304 -1.2101002974 
353490.0000000000 -1132914.8668951362 6092528.3642760888 1504633.6278337329 0.0564698419 11.1654816136 0.0000000000 0.5059461458 0.1408857618 0.0000000000 0.3652361668 0.3974246086 -0.9867842011 0.4439645988 1.1734834152 0.4469919713 0.0000000000 -1.8192360852 0.0000000000 0.1870975928 -0.8250522540 
353520.0000000000 -1132914.4689366245 6092529.0368369911 1504633.1518052006 0.0234447208 11.1654816136 0.0000000000 0.0217505759 1.2342417773 0.0000000000 0.3385051180 1.6759282764 -0.7979789076 -0.4930642330 0.3125874674 0.5857536208 0.0000000000 -1.8160016587 0.0000000000 -1.2823939579 0.3071540990 
353550.0000000000 -1132914.6395235164 6092527.1729698982 1504633.3142027531 0.0737552761 11.1654816136 0.0000000000 0.5829362887 0.6151036765 0.0000000000 0.0458216493 0.8790751811 -0.5107519937 0.1695861460 -0.3317140475 0.3607648485 0.0000000000 -0.9146620377 -0.0000000000 0.0821885225 -0.9171058862 
353580.0000000000 -1132915.1751575132 6092527.4360398501 1504633.0922189946 0.0341761062 11.1654816136 0.0000000000 1.2079281883 0.3945829455 0.0000000000 0.4221033289 0.7641786935 -2.0926147859 -0.0987364188 0.4639732191 1.6438457590 0.0000000000 -1.9409584766 -0.0000000000 0.7492893139 -1.4295088409 
353610.0000000000 -1132915.4474514532 6092530.1408196753 1504633.1115180023 0.0004596382 11.3140434823 0.0000000000 0.7791790305 0.4702590448 0.0000000000 0.0008097405 -0.5995692947 -0.8450119838 -0.2991670009 0.6222597303 1.2828390985 1.7524716094 -1.5838843191 0.0000000000 -1.2213270986 0.0222760685 
353640.0000000000 -1132916.2376933687 6092529.2810448399 1504634.4075651830 0.0047473443 11.3140434823 0.0000000000 1.5781057814 0.5901183164 0.0000000000 0.3241057584 0.7413925481 -1.0246222443 0.4678237453 -0.0319832653 0.6238211616 0.6390157593 -1.9684295706 -0.0000000000 0.3787972740 -2.0948646532 
353670.0000000000 -1132915.2515286766 6092528.2333359458 1504633.8853960338 0.0257308887 11.3140434823 0.0000000000 0.6812817488 0.1491100325 0.0000000000 0.7984565604 2.6286000443 -0.0287289490 -0.6126762805 -0.2637643467 1.1760962622 -1.5061273866 -3.0209957348 0.0000000000 -0.4022398523 0.1902966443 
353700.0000000000 -1132916.2444931858 6092527.0598521261 1504633.6211280918 0.2952505036 11.3140434823 0.0000000000 -0.1303842791 0.9212145900 0.0000000000 0.0626218001 1.4362228618 -0.8290299652 -0.6799238003 0.3151446249 1.0011991934 -0.6729662325 -1.4113371914 -0.0000000000 -0.7280507153 0.6244916171 
353730.0000000000 -1132916.0577843031 6092525.1351358676 1504633.4504295592 0.2636751395 11.3140434823 0.0000000000 2.2873483927 0.5630303946 0.0000000000 -0.4999670472 0.4777125954 -0.1593941877 -0.7658785773 1.1008190515 0.9434593857 -0.6696190075 -2.6424748598 -0.0000000000 0.1403290487 -0.9363861890 
353760.0000000000 -1132915.7629268325 6092530.7449328015 1504633.5377728075 0.2695382326 11.3140434823 0.0000000000 0.6164696817 -0.3060429994 0.0000000000 1.1121919944 1.8518835245 -0.7965046082 -0.5738631628 -1.1692980385 1.5059281445 -0.7045314081 -1.5899758392 -0.0000000000 0.3427817969 -0.3057047883 
353790.0000000000 -1132914.6465962084 6092527.3250646144 1504633.0718516072 0.0226968428 11.3140434823 0.0000000000 0.4166114028 0.8777370131 0.0000000000 -0.0634441809 2.1493759074 -0.1912515696 1.2311742774 -0.7666418974 0.4420563243 -1.1966833506 -1.9212119236 0.0000000000 0.7299116990 -1.8561656856 
353820.0000000000 -1132914.9587157562 6092529.3433519797 1504633.5465436161 0.0375972130 11.3140434823 0.0000000000 -0.2698476058 0.4319767078 0.0000000000 0.5254166000 2.3201715276 -1.3549929055 0.4193140077 0.2046229402 1.1647132645 -1.7808256656 -2.0579198028 -0.0000000000 0.7602394919 -0.6221887447 
353850.0000000000 -1132915.0379463413 6092528.6047939518 1504632.6857259073 0.1321411998 11.3140434823 0.0000000000 -0.2050919762 1.6065680282 0.0000000000 -0.0077344610 2.0859805409 -1.3344341567 -0.1689692004 0.4221400716 0.4220394769 -1.0091638653 -1.3546241371 0.0000000000 -0.1833860390 -0.3909150512 
353880.0000000000 -1132915.0284120347 6092528.5942521188 1504633.5738428265 0.0027150242 11.3140434823 0.0000000000 0.6949901501 1.0239951509 0.0000000000 0.3665359651 0.0309722531 -0.4697004129 0.1317478653 0.4450100423 0.2271640204 2.1972389563 -1.9109565177 -0.0000000000 -1.8002789797 -0.4444246716 
353910.0000000000 -1132915.0204820635 6092527.5754948761 1504633.3154341818 0.0164568044 11.3140434823 0.0000000000 0.8178440434 0.6525830938 0.0000000000 0.1706764539 0.4982695610 -0.8141863436 -1.0282196759 -0.0501236408 1.2562639773 0.5009402548 -1.2678378458 0.0000000000 -0.8068244915 0.2088145556 
353940.0000000000 -1132914.4717230659 6092526.8604442375 1504633.2014208748 0.0001296802 11.3140434823 0.0000000000 1.6994825496 0.6237520189 0.0000000000 -0.4152085389 0.6865260119 0.6025399717 -0.7116560068 0.3422889854 0.5054818116 -0.5470960752 -2.0665793855 0.0000000000 -0.3788862197 -0.4600806171 
353970.0000000000 -1132914.5298219314 6092529.9077979540 1504632.8025463875 0.0537971587 11.3140434823 0.0000000000 -0.1082474531 0.8804571889 0.0000000000 0.2951917680 0.9362379664 -0.7788215801 -0.2553838442 -0.5486888106 0.8009350907 0.6049360471 -0.8295378427 -0.0000000000 -0.9069421279 0.1001449940 
354000.0000000000 -1132914.5937583684 6092527.6973712454 1504632.5565610684 0.0337508628 11.3140434823 0.0000000000 -0.2780404407 0.5674776585 0.0000000000 -0.2131152197 1.3468599731 -0.1204220035 0.4111332932 0.4401830398 0.7963056259 -1.0936948670 -1.8963542928 -0.0000000000 -0.2632765721 0.1107202513 
354030.0000000000 -1132915.4866005308 6092530.1066930732 1504633.2137730874 0.0034397969 11.3140434823 0.0000000000 0.3477828412 0.1644639576 0.0000000000 0.2506598750 -0.1921369555 -0.9459438928 0.1396644932 1.0795580274 0.8857911269 0.7322758961 -1.6729429634 0.0000000000 -0.4979324506 -0.1412841628 
354060.0000000000 -1132915.3449373781 6092528.2126437631 1504633.4920422086 0.0080472796 11.3140434823 0.0000000000 0.2221431005 0.1825220933 0.0000000000 0.1670811827 0.8498708254 0.6269236128 0.4642487457 -0.6775806276 0.3729277267 0.0267346820 -1.3840372932 0.0000000000 -0.5407156349 -0.2688666129 
354090.0000000000 -1132914.3173194369 6092526.9384050649 1504632.9439552152 0.1045084970 11.3140434823 0.0000000000 1.4203627626 0.6350506850 0.0000000000 -0.0993757444 0.3013348225 -1.0030612186 -0.6056613264 0.9610539428 1.0376185900 -0.1920442123 -1.8317545866 -0.0000000000 0.1943459356 -0.8443963984 
354120.0000000000 -1132914.3027385478 6092528.9436331056 1504633.5089377041 0.0000985740 11.3140434823 0.0000000000 0.4232560328 0.3461619577 0.0000000000 -0.0293978172 1.3307529560 1.1447716754 0.0787726187 -0.6094462126 0.0367863785 -0.7570032424 -1.4846216007 -0.0000000000 -0.4955682229 -0.1008594440 
354150.0000000000 -1132914.1776974900 6092527.5127957752 1504632.7146415988 0.0471793452 11.3140434823 0.0000000000 0.5166022966 0.6749887964 0.0000000000 -0.5157257693 0.9197150395 0.1660749771 -1.4148786405 0.4724215557 0.0351526435 -1.4837152692 -0.2744639395 -0.0000000000 -0.0358581604 0.6442125218 
354180.0000000000 -1132914.7069634041 6092529.3720013918 1504633.8736530317 0.0132930684 11.3140434823 0.0000000000 1.4340932617 0.3517791830 0.0000000000 0.1528114429 -0.0149726672 0.2138413521 -0.6959730978 1.3188698539 0.6602329026 0.7270756827 -2.8525940609 0.0000000000 -1.4350706263 0.2583759038 
354210.0000000000 -1132915.6136507909 6092530.4541530572 1504634.1536375475 0.0007444337 11.3140434823 0.0000000000 -0.3018329665 0.0359423046 0.0000000000 0.5157645986 1.3364266943 -1.1506360672 -0.7683559947 0.3834859349 1.3888339887 -0.9527437626 -1.3814303935 -0.0000000000 -0.1966736207 0.9632959557 
354240.0000000000 -1132914.7976732815 6092529.1357986443 1504633.0118970296 0.0101936896 11.3140434823 0.0000000000 0.5561679462 0.6170703621 0.0000000000 -0.3090749959 1.0065162962 1.3236877406 -0.6209326727 -0.5693050599 0.9584049048 -0.2339930651 -2.0827319198 -0.0000000000 -1.6941976647 0.9970575280 
354270.0000000000 -1132915.8524432129 6092529.1273875982 1504633.8568018477 0.0036796743 11.3140434823 0.0000000000 0.8310604654 -0.3375740581 0.0000000000 0.8903914418 0.5615946324 0.0649222586 -0.8807260710 -0.6210184244 0.3250982107 0.2934611732 -0.7831058890 -0.0000000000 -0.4163471456 0.1740455341 
354300.0000000000 -1132915.1813616133 6092528.9731698865 1504633.9480704605 0.0471763363 11.3140434823 0.0000000000 1.2999588044 0.5437772094 0.0000000000 -0.0810431591 0.9165700372 0.9133179596 -0.9232303553 -0.7082914405 0.0556635345 -0.5747285558 -0.9059005216 -0.0000000000 -0.2779674512 -0.3448369622 
354330.0000000000 -1132915.1142162706 6092528.1048165495 1504633.5557193498 0.0403229905 11.3140434823 0.0000000000 -0.0666740689 0.7027882776 0.0000000000 0.1154784720 1.6322883612 -0.3165723157 -0.1650808551 -0.8145239201 1.1769477309 -0.7329318879 -1.3325300201 -0.0000000000 -0.3258060487 0.0540815097 
354360.0000000000 -1132915.7841896808 6092527.4500439903 1504633.7224907358 0.0718600945 11.3140434823 0.0000000000 1.1558903413 1.7131370211 0.0000000000 -0.4534330006 -0.6882489170 -0.8230949437 -0.5938761816 -0.7142490612 0.4493638106 1.8567320205 0.3548410944 -0.0000000000 -0.6563848478 -1.2578187406 
354390.0000000000 -1132914.4284060569 6092529.3186276443 1504634.0628970196 0.0257520427 11.3140434823 0.0000000000 0.3139821088 1.0247619633 0.0000000000 0.8867293388 2.8239852840 -0.0672969439 -0.4919984451 -0.7907515678 0.2338523625 -0.6900903146 -2.2527986463 -0.0000000000 -0.8122935250 -0.1752691732 
354420.0000000000 -1132914.6145437278 6092526.9521141918 1504632.7133285645 0.0126407098 11.3140434823 0.0000000000 0.4286656081 0.7891230719 0.0000000000 -0.4631470429 0.1863863825 -0.0376178873 0.0829128965 -0.3315006995 0.7779231212 0.0290006875 -0.7169169641 0.0000000000 -0.1963777968 -0.5457150307 
354450.0000000000 -1132915.1577607086 6092531.0708837733 1504633.4657715573 0.0367153717 11.3140434823 0.0000000000 0.9231451170 0.0158073982 0.0000000000 0.7611440063 0.6930869006 0.3222069297 0.3638647120 0.1732994718 -0.2345184356 0.3269093469 -1.9954176371 0.0000000000 -0.2931331179 -0.9500227884 
354480.0000000000 -1132914.6536709964 6092528.1661623362 1504633.0986070414 0.0077267362 11.3140434823 0.0000000000 1.1528846232 1.0975902496 0.0000000000 0.2905155136 2.6155692285 0.4004358783 -0.9140850839 -1.4030519502 1.0545274283 -1.4468744025 -2.1884581075 0.0000000000 -0.2171914393 -0.6038861462 
354510.0000000000 -1132915.6635968923 6092529.8631226663 1504633.5239441153 0.0243898950 11.3140434823 0.0000000000 1.4423472369 0.4563571547 0.0000000000 -0.0895405861 1.0360054908 0.3113139934 -1.2037705726 0.0558013857 0.7729154995 -1.2212068845 -1.6054983370 0.0000000000 0.0769377754 -0.2299743915 
354540.0000000000 -1132915.0205214941 6092530.3847200964 1504634.1323315846 0.0082528826 11.3140434823 0.0000000000 0.7526174299 0.9016853919 0.0000000000 0.7726791194 2.0322770199 0.1925031669 -0.5350953470 -0.4012575919 0.1883521387 -0.1507069057 -2.4279864536 -0.0000000000 -1.0389779411 -0.2245716198 
354570.0000000000 -1132915.4211018539 6092529.2029339913 1504634.0835823591 0.0335350011 11.3140434823 0.0000000000 0.4586038363 0.7537938446 0.0000000000 0.0825814391 1.1063693049 0.8570252443 -0.4169074872 -0.5825839258 -0.0509676820 -0.0989620361 -1.2168898561 -0.0000000000 -1.0148024072 0.1341470463 
354600.0000000000 -1132915.8511715778 6092530.0757691776 1504634.1882011108 0.0020834493 11.3140434823 0.0000000000 0.1644999162 0.7660561711 0.0000000000 0.7124808777 0.9456317476 -0.1205891209 1.5431912835 -0.4903385966 -0.0099192615 1.0194843935 -2.0794055812 -0.0000000000 -0.4975746679 -1.7033242425 
354630.0000000000 -1132915.8010264314 6092528.9341739016 1504633.8123931801 0.0035254344 11.3140434823 0.0000000000 0.6157025192 0.0980483782 0.0000000000 -0.1150482816 1.2290454190 0.9884984183 -0.0187591664 -0.3028580495 0.2554906183 -1.5308306423 -1.3767619753 0.0000000000 0.3512163963 -0.4319910640 
354660.0000000000 -1132915.2056204709 6092527.2025419576 1504633.2906103912 0.0366237573 11.3140434823 0.0000000000 0.5669267116 -0.1574644118 0.0000000000 -0.3611745046 -0.4322634138 1.1966688311 0.3423272687 0.0307476225 0.6598612568 0.0559761679 -1.3990845093 0.0000000000 -0.7011359736 0.1577824699 
354690.0000000000 -1132916.0573025011 6092528.5739720818 1504633.8653319334 0.0326756936 11.3140434823 0.0000000000 -0.1058200593 0.3234025653 0.0000000000 0.5670084707 1.4009852396 -0.4827990556 0.2602862083 0.0685494654 0.4496858006 -0.3672050016 -1.6935452968 -0.0000000000 -0.2021176643 -0.2159599789 
354720.0000000000 -1132914.7687770417 6092528.0641408535 1504633.2059951711 0.0165709234 11.3140434823 0.0000000000 0.2850762046 0.7802076847 0.0000000000 0.1538115710 0.7226451194 0.6680076972 0.7775626779 -1.2267096780 1.0768927199 0.6218305653 -2.0231662041 -0.0000000000 -1.1721868282 -0.5381628503 
354750.0000000000 -1132914.5060083389 6092529.1374587789 1504633.7238770251 0.0338704603 11.3140434823 0.0000000000 0.8149023000 0.4632240426 0.0000000000 1.0036924251 2.1512437861 0.1923603743 -1.8028641824 -0.1126605138 -0.1145928615 -0.5480436138 -1.8671409609 -0.0000000000 -1.1780782207 0.9878344357 
354780.0000000000 -1132914.8082502568 6092531.0678085415 1504633.2007554232 0.0215791245 11.3140434823 0.0000000000 0.3386770223 0.3760102701 0.0000000000 0.9416101734 2.7979530637 1.1435380552 -0.2022243523 -0.8569727981 -0.1452211026 -1.0989457025 -2.6407568642 -0.0000000000 -0.8708146497 0.1360849857 
354810.0000000000 -1132916.6213412790 6092532.0099802883 1504634.6154593085 0.0719443669 11.3140434823 0.0000000000 -0.1547342521 0.2506197248 0.0000000000 1.0920073188 0.9119813448 -0.8204970564 0.6172483803 -0.4695882389 1.4543473199 1.1831697680 -2.5847923784 -0.0000000000 -1.3735647165 0.1409960910 
354840.0000000000 -1132915.9481318116 6092527.8752918541 1504633.9083016566 0.0289780245 11.3140434823 0.0000000000 0.4212578116 -0.2155112262 0.0000000000 0.0964905158 -0.8147542246 0.5151979288 -0.5486365005 -0.3924567066 0.5800432565 1.0438539649 -0.2736999454 -0.0000000000 -1.2586372542 0.9708380600 
354870.0000000000 -1132915.9382274470 6092526.6363992430 1504633.0588162844 0.0023686623 11.3140434823 0.0000000000 0.9739381377 -0.2821436385 0.0000000000 -0.6125318477 -0.5973094052 0.4729487192 0.1370452089 1.6922288033 0.4692594409 -0.9398549486 -1.5750097669 -0.0000000000 0.4982427888 -0.4376573098 
354900.0000000000 -1132915.8673436255 6092527.8545136340 1504633.2182276910 0.3056894191 11.3140434823 0.0000000000 -1.2111665280 0.0114931486 0.0000000000 -0.0700111348 1.8001104538 -0.6245409084 -0.7752940465 -0.7303169260 2.3894665928 -1.4877075110 -1.0949245390 0.0000000000 -0.8187736423 2.4015237222 
354930.0000000000 -1132913.7216162924 6092528.7772970190 1504634.1001673490 0.0128194508 11.3140434823 0.0000000000 -0.3601179826 1.2788167777 0.0000000000 0.9958570615 4.5378953509 -0.1402884630 -1.5704792836 -0.9184860752 0.1886594200 -1.9858225355 -2.3682415187 0.0000000000 -1.0091623060 1.1978060588 
354960.0000000000 -1132914.6952730580 6092528.5516645433 1504634.0952970863 0.0016225660 11.3140434823 0.0000000000 -0.0846152678 0.8184346284 0.0000000000 0.5262407071 1.1502899836 0.3726067251 0.2583762101 -0.4680437441 0.9550615124 0.8920818442 -2.7982353356 -0.0000000000 -2.2120220235 0.7530816689 
354990.0000000000 -1132915.5374377626 6092528.2355290297 1504633.4312001299 0.0752497710 11.3140434823 0.0000000000 2.0369702751 -0.6190686608 0.0000000000 0.2197406442 -1.6322606352 -0.4818196269 -0.8480876546 1.7224882957 0.5624530132 0.4753750719 -1.1333602300 0.0000000000 0.4101570879 -0.6854814796 
355020.0000000000 -1132916.0287725988 6092525.9352261480 1504634.5010201179 0.1205673965 11.1654816136 0.0000000000 0.0000000000 -0.7052415863 0.0000000000 0.4454740153 -0.9011946689 -1.0321639021 -0.0152855701 1.0444017024 0.8361777747 1.0440795227 -0.8329834598 -0.0000000000 -0.5984214702 0.8475119972 
355050.0000000000 -1132915.2442357044 6092530.8625624487 1504634.6203231290 0.0038283223 11.3140434823 0.0000000000 -0.1773342225 0.2165969523 0.0000000000 1.3947940903 2.5835387100 -0.8512513272 -0.4789637095 -0.5870029984 -0.0525882965 -0.5666397700 -1.4108660092 -0.0000000000 -0.0889697911 0.0561450478 
355080.0000000000 -1132915.0256491697 6092530.5400747359 1504634.3058499370 0.0003482593 11.3140434823 0.0000000000 0.4655704562 0.1542742594 0.0000000000 1.0320062427 2.0722623608 0.4533059845 0.0848903163 -0.5821197822 -0.0749312452 -0.7652880972 -2.1485967992 0.0000000000 -0.1256230993 -0.5922006658 
355110.0000000000 -1132915.6033231029 6092526.2407535370 1504633.0417216334 0.1993444286 11.3140434823 0.0000000000 0.7454536365 -0.5397220397 0.0000000000 0.0414957760 -1.5186295275 -0.2097124868 0.4364832173 0.7368854615 1.0360168041 0.8414758544 -1.0176957638 0.0000000000 -0.1842361123 -0.2957266089 
355140.0000000000 -1132916.0343529843 6092530.0887058200 1504634.0039730661 0.0036848644 11.3140434823 0.0000000000 -0.2011744032 -0.8343339596 0.0000000000 1.1002238519 0.0752288453 -0.7152602040 0.3672802274 -0.2434062927 -0.1663855814 0.8127113824 -0.1022987636 0.0000000000 0.0437482391 0.0180842041 
355170.0000000000 -1132914.5693789555 6092529.7917561559 1504633.7062266271 0.0187780583 11.3140434823 0.0000000000 0.7193928014 -0.3089258732 0.0000000000 0.6806664576 1.1359027801 1.1834007148 -1.1921783775 -0.9566257241 0.3265020363 -0.5019094398 -1.2527378073 0.0000000000 -1.1230234103 1.2398951405 
355200.0000000000 -1132915.0021861296 6092529.0394121939 1504632.8798566808 0.0140163633 11.3140434823 0.0000000000 1.2073271975 0.1478237400 0.0000000000 0.3224733379 0.1635577032 0.1483530683 0.0684961867 -0.0442563888 1.2009918294 -0.3866774045 -1.9668072211 -0.0000000000 0.1694681341 -1.0740555692 
355230.0000000000 -1132915.6377151513 6092530.1530630896 1504634.0214332216 0.0221578367 11.3140434823 0.0000000000 0.9574838835 -0.1214854976 0.0000000000 1.1031262838 -0.0459912733 -0.3234588617 0.0656395772 -1.1369544400 1.4035488508 0.8893544842 -1.4935343466 0.0000000000 -0.4845757508 -0.6635263611 
355260.0000000000 -1132915.6802254317 6092531.4557135059 1504634.0813737044 0.0255320848 11.3140434823 0.0000000000 0.2175386231 -0.1620936376 0.0000000000 1.0501905425 1.7074081032 -1.1398442575 -0.0839524243 -0.1387570159 1.1872845703 -0.9107167501 -1.9071211677 -0.0000000000 0.5690477774 -0.4345191612 
355290.0000000000 -1132915.9687119389 6092530.7194995852 1504633.9002779964 0.0891208242 11.3140434823 0.0000000000 0.1813921396 -0.3223794229 0.0000000000 0.8680666224 0.8263821299 -1.0631442533 -0.0263728160 -0.5488613921 1.8464696467 -0.3360408156 -1.5415912487 0.0000000000 0.1237471641 -0.0115390495 
355320.0000000000 -1132914.8540509643 6092530.8000129918 1504633.6983954583 0.0050009209 11.3140434823 0.0000000000 0.7373781490 -0.0442826512 0.0000000000 1.2359263241 0.8453682086 -0.4682480476 -0.5294082388 -0.6705806659 0.8301138387 0.4385517078 -1.6448254405 -0.0000000000 -0.6358977238 0.0152125533 
355350.0000000000 -1132915.8729253444 6092531.0587947881 1504633.9220905548 0.0052598746 11.3140434823 0.0000000000 1.4229839020 -0.1805767968 0.0000000000 1.4157142011 0.2032197942 -0.1052121680 0.2150659953 0.0543657353 0.7473532823 0.8779205653 -2.9066617919 0.0000000000 -0.6559213667 -0.9330564821 
355380.0000000000 -1132915.6872267143 6092531.4821956372 1504634.2638368104 0.0007286526 11.3140434823 0.0000000000 0.9923974428 -0.5705546309 0.0000000000 0.9635901105 -1.1377618316 0.3640143952 -0.1324970578 -0.3013025428 0.8773140323 1.9479410900 -1.6894426527 -0.0000000000 -1.9245971108 0.8360279315 
355410.0000000000 -1132913.8885765448 6092527.8421672257 1504633.3440468670 0.0025428098 11.3140434823 0.0000000000 -0.5979684491 -0.0709360669 0.0000000000 -0.0125543684 1.2513838330 0.2227307271 -0.1711073092 0.0977682846 0.4051751823 -0.7891369107 -1.0819030746 0.0000000000 -0.6656025180 1.3223755695 
355440.0000000000 -1132915.6169749037 6092530.7067638412 1504633.6619595843 0.0058402424 11.3140434823 0.0000000000 1.0416906042 -0.7895113496 0.0000000000 1.4040317629 0.6005037560 -0.3098540438 -0.3239562865 -0.4278068959 0.3692072444 -0.1218468261 -1.2167424047 0.0000000000 0.4256225634 -0.6113994420 
355470.0000000000 -1132914.9968994497 6092529.5878927447 1504633.4809592841 0.0119388093 11.3140434823 0.0000000000 0.4977409487 -0.6265960103 0.0000000000 0.8937998396 1.7518192736 -0.3913830857 -0.8671452286 0.9150040709 0.2859359680 -1.1970793607 -2.1697614832 0.0000000000 0.0526779306 0.7621451037 
355500.0000000000 -1132915.1853530323 6092527.3741767928 1504633.2007720901 0.0134373851 11.3140434823 0.0000000000 0.6716627559 0.0354286184 0.0000000000 0.0046376167 0.3975452933 0.5222332817 0.2601975371 0.0676762816 0.8813787566 -1.1317525298 -1.4775852292 -0.0000000000 0.4929595616 -0.8572930498 
355530.0000000000 -1132915.0479935636 6092529.1474641422 1504633.5238753285 0.0125942646 11.3140434823 0.0000000000 -0.1129016293 -0.6676328707 0.0000000000 0.9152040422 1.7610633955 0.7552462953 0.1228826460 -0.1751041063 -0.4176067275 -0.6656629102 -1.7961449515 0.0000000000 -0.5453303039 0.7934642035 
355560.0000000000 -1132915.6490905066 6092530.6949155256 1504633.7860561300 0.2170583534 11.3140434823 0.0000000000 1.0278026754 0.4386620621 0.0000000000 0.8618005471 0.8294943012 0.2373531315 -0.6446196092 -0.2379718831 0.3388628617 0.2279047704 -1.9880410725 -0.0000000000 -0.8858358525 -0.1412001888 
355590.0000000000 -1132915.5369133528 6092529.8981644465 1504633.4359550157 0.0409509977 11.3140434823 0.0000000000 1.2697660436 0.6090432455 0.0000000000 0.4476463429 0.5073546604 0.0974944902 -0.2471404879 -0.2722002246 1.4398847044 -0.7036139792 -2.0928071926 -0.0000000000 0.1432530584 -1.2563226788 
355620.0000000000 -1132915.9552758501 6092529.7700847946 1504633.6731466260 0.0865771168 11.3140434823 0.0000000000 1.3784189047 -0.4943762814 0.0000000000 0.8642007322 -0.2801234528 0.4353058844 0.3202806622 0.2152058702 1.1783522112 0.0075345247 -2.6061551281 0.0000000000 -0.3046363962 -0.7061479222 
355650.0000000000 -1132914.0471083291 6092528.6607973697 1504633.3921752614 0.0267654118 11.3140434823 0.0000000000 1.0145221039 -0.3604451738 0.0000000000 1.2247760589 1.1341815270 0.4053427954 -0.4046265968 0.3767537339 0.2894582127 -0.0011417352 -3.0497650403 0.0000000000 -1.0727336798 0.4855608663 
355680.0000000000 -1132916.1445452548 6092529.3693467667 1504633.4787367068 0.0134142535 11.3140434823 0.0000000000 1.1096475679 -0.3258050353 0.0000000000 0.9686341455 -0.7988549097 -0.5886844064 0.3061671632 1.0437940789 -0.6066101612 1.2916483580 -1.1078934807 -0.0000000000 0.1423200364 -1.2636590074 
355710.0000000000 -1132916.2284380754 6092531.7664575893 1504633.6942121175 0.0016185897 11.3140434823 0.0000000000 1.3130432731 -0.0870818948 0.0000000000 1.5431013838 -0.0564981200 0.3459579232 0.3117794964 -0.1856412627 -0.3885107234 1.4547990536 -2.1578584768 0.0000000000 -0.9145210429 -0.9746891252 
355740.0000000000 -1132915.5824202893 6092530.0662280219 1504633.1180954655 0.0402108513 11.3140434823 0.0000000000 0.9858025103 -0.7444554472 0.0000000000 0.2814196246 -1.1579291480 0.5524072555 1.0176384991 1.1120510425 0.6236777067 0.1799265905 -2.0252226294 0.0000000000 -0.0214318481 -0.8068220611 
355770.0000000000 -1132915.6697215182 6092528.8880624613 1504633.6112432410 0.0891424622 11.3140434823 0.0000000000 0.2085475301 -0.4215687560 0.0000000000 0.7919678212 0.1570278995 -0.3328187079 0.9191402711 0.6429238549 0.2560039625 0.5178877932 -1.9937236174 0.0000000000 -0.2572228614 -0.4099559464 
355800.0000000000 -1132915.6771352640 6092529.2168693012 1504634.0140994252 0.1518244324 11.3140434823 0.0000000000 0.6762761469 0.4684083782 0.0000000000 1.0410335163 -0.2683789777 -1.2080359886 0.2427621207 1.0809945113 0.2523878448 2.0462065292 -2.4757229696 -0.0000000000 -1.2962010512 -0.3138512361 
355830.0000000000 -1132914.9422120543 6092527.1939681042 1504632.8079909091 0.1172960232 11.3140434823 0.0000000000 -1.1671908983 -0.3407485537 0.0000000000 -0.6579829487 -0.4852486144 0.1941837030 1.5504430944 0.9187274960 0.4026395884 0.4828782311 -1.0077585745 -0.0000000000 -0.9470455517 1.0599755146 
355860.0000000000 -1132915.9488619710 6092528.3902510414 1504633.1813811117 0.0329709107 11.3140434823 0.0000000000 0.4904287389 0.2125563176 0.0000000000 0.0003155718 1.1174968732 -0.3819568011 -0.5960055993 0.4261255955 1.4100522373 -1.8605339899 -1.4145805166 0.0000000000 0.8321118317 -0.4041641887 
355890.0000000000 -1132915.6836258855 6092528.9004145032 1504633.4837913066 0.0096869211 11.3140434823 0.0000000000 0.5537111491 -0.2432499520 0.0000000000 0.4845582889 0.9018348608 -0.6769611323 -0.4066898772 0.4655894118 1.3786331587 -1.2248717762 -1.7070781432 0.0000000000 0.5683032974 -0.1879696202 
355920.0000000000 -1132914.4656476316 6092527.7293807315 1504632.3920294484 0.0242008202 11.3140434823 0.0000000000 -0.0999580834 -0.5852472884 0.0000000000 0.2812799817 -0.2983241343 -0.8327582413 -0.0592272880 0.4474742687 1.1882037976 0.5834548522 -1.0573114646 0.0000000000 -0.8922090598 1.3704805713 
355950.0000000000 -1132914.4456531545 6092528.2321775174 1504632.7850715825 0.0347763223 11.3140434823 0.0000000000 1.0790148295 -0.8456977359 0.0000000000 0.3877535809 -0.8624662166 -0.2360419953 0.1322349680 0.6485578872 1.7275866156 -0.6394590568 -1.4859466590 0.0000000000 0.5042530480 -0.4805823359 
355980.0000000000 -1132914.0859125373 6092526.3033144698 1504632.5783326521 0.0354405827 11.3140434823 0.0000000000 0.3467254174 -0.0916387041 0.0000000000 -0.0355563836 0.3132651289 -0.2177616836 -1.0391016197 0.8825772508 0.4538474189 -0.0321409195 -1.1518610861 0.0000000000 -0.9863943157 1.5496888203 
356010.0000000000 -1132914.8896293463 6092530.7965173209 1504633.6671090645 0.0167041750 11.3140434823 0.0000000000 0.4331428615 -0.0395323580 0.0000000000 1.1221335262 0.1939938423 -1.7092924415 -0.5491693702 0.7102549699 -0.7458938690 1.6413377504 -0.5145378952 -0.0000000000 -0.2326118225 -0.1031608077 
356040.0000000000 -1132914.5057511851 6092529.1368423468 1504633.5588320466 0.1031895157 11.3140434823 0.0000000000 0.5167967310 -0.0342403445 0.0000000000 1.0000595433 0.3703453466 -1.2659183438 0.1051945538 1.5600512536 -0.3816144417 1.2891365357 -2.2688446079 0.0000000000 -0.5460570130 -0.1804466108 
356070.0000000000 -1132915.3678157616 6092530.3821383184 1504633.3388598470 0.1293191215 11.3140434823 0.0000000000 1.3797706639 0.0042795969 0.0000000000 1.3498266750 0.3385226856 -0.8022232147 -0.8399318118 0.3557750948 0.0903783928 0.5598891832 -1.5682445298 0.0000000000 -0.0760571791 -0.6841098963 
356100.0000000000 -1132914.9131771778 6092529.9190481808 1504634.4773392337 0.0103127025 11.3140434823 0.0000000000 1.6920234569 1.4298206633 0.0000000000 1.2536864877 0.2071557808 -0.9674930729 -1.0931256522 0.2008688848 0.1077888593 1.1351594320 -1.7153380639 0.0000000000 -0.3838108578 -1.6995603995 
356130.0000000000 -1132914.8872878044 6092528.5185620412 1504632.9061137021 0.0355750458 11.1654816136 0.0000000000 0.1884243727 0.1588678157 0.0000000000 0.7767348269 1.0633363656 -0.8624704340 -0.0398046969 0.3718148084 0.3583372772 0.0000000000 -1.6644352339 -0.0000000000 -0.0108428621 -0.2968879585 
356160.0000000000 -1132915.5599156576 6092530.2234312808 1504634.4540231670 0.0075664664 11.3140434823 0.0000000000 0.6270263554 -0.0518264270 0.0000000000 1.3500113562 0.1703177888 -2.1023657231 -0.2820703724 1.2131334880 -0.7693874605 1.9047378623 -1.1909653325 -0.0000000000 -0.0612921781 -0.5789827904 
356190.0000000000 -1132915.2713859347 6092529.2734077107 1504633.8829267875 0.0084253000 11.3140434823 0.0000000000 -0.3353048589 -0.0572477935 0.0000000000 0.7451639752 0.7160760307 -0.5493133832 0.3966345206 0.2982263698 -1.6062163645 1.4852489919 -0.5016838097 -0.0000000000 -0.5101021112 0.0814519742 
356220.0000000000 -1132915.0172660949 6092528.7358969394 1504633.7690351258 0.0162579533 11.3140434823 0.0000000000 0.7671321362 0.2122266080 0.0000000000 0.6169591307 -0.5668907609 -0.8342198996 -0.5391821569 0.5079745187 0.0187982603 1.3859801342 -0.7516453786 0.0000000000 -0.7399462519 0.0575422307 
356250.0000000000 -1132913.6335628908 6092529.8347754553 1504632.4488461686 0.0000285725 11.3140434823 0.0000000000 0.8600477863 0.0270259082 0.0000000000 0.6509511397 0.0917503321 0.1803949358 -0.2207704064 -0.0857377873 0.0022393028 -0.2122889391 -0.6661754860 0.0000000000 0.3360763934 -0.9532984077 
356280.0000000000 -1132914.0063200528 6092530.2929374520 1504632.7755431379 0.0384776858 11.3140434823 0.0000000000 1.6142286713 0.3885162977 0.0000000000 1.1547971039 -1.0462452901 -1.2493088699 -0.7994988738 0.5596147983 0.7041014267 1.5684995449 -1.3814608856 0.0000000000 -0.6086266848 -0.7402969662 
356310.0000000000 -1132914.8178711121 6092530.6435007155 1504632.8661983912 0.0031267436 11.3140434823 0.0000000000 0.7161639398 -0.1930455333 0.0000000000 0.6493659518 0.0416985226 0.1574119138 -0.0873362056 0.1580462216 0.0516653635 0.1447455930 -1.1231839513 -0.0000000000 -0.2386966821 -0.2442794803 
356340.0000000000 -1132915.1782969455 6092527.2883333284 1504633.0924786215 0.1461850185 11.3140434823 0.0000000000 -0.3622795720 0.5695700105 0.0000000000 -0.1345563406 0.9364259813 -0.4356296087 -0.0076370120 0.5148162360 0.4503786041 -0.2244968777 -1.2545776591 0.0000000000 -0.3822904941 0.3201531640 
356370.0000000000 -1132915.6013511056 6092529.6513399500 1504634.1188056632 0.0000132634 11.3140434823 0.0000000000 0.1622259406 -0.2486638196 0.0000000000 1.0724315244 0.4744116860 -0.8557040758 0.6598735375 0.1082568470 1.1549911497 0.4835665055 -2.3645762212 0.0000000000 -0.5875996005 0.0095177481 
356400.0000000000 -1132914.9521965331 6092529.4422634672 1504633.4348728370 0.0222843908 11.3140434823 0.0000000000 0.7196862957 -0.1613554250 0.0000000000 0.7531777987 -0.3076638207 -0.4305394670 0.2755690560 0.7092636877 0.6083783036 0.6849616689 -2.0053977422 0.0000000000 -0.6120916595 -0.1612509709 
356430.0000000000 -1132914.9903957325 6092529.3203402162 1504633.6383185070 0.0091807558 11.3140434823 0.0000000000 -0.5955027202 0.7265855008 0.0000000000 -0.0945815801 0.6051798871 0.1115042561 0.9135743136 0.3410080467 0.3723481125 0.5418697765 -2.0038923758 -0.0000000000 -1.2646800891 0.3814068737 
356460.0000000000 -1132915.6089885766 6092529.4570266148 1504633.1732799839 0.1003995521 11.3140434823 0.0000000000 1.0135772198 0.8214861530 0.0000000000 0.6979232095 -0.6669140412 -0.2650303643 0.1278135901 0.7269568328 1.0016869447 1.3907034654 -2.8733084741 0.0000000000 -1.7252592198 -0.1301560310 
356490.0000000000 -1132915.6228545206 6092532.3843020638 1504633.6220720925 0.0146025420 11.3140434823 0.0000000000 0.9339913346 0.1110261010 0.0000000000 1.5814903442 0.8123482994 -0.6489508736 -0.2174401794 0.1703329081 -0.0057098625 1.0466814717 -2.5544027860 0.0000000000 -0.8952644188 -0.1982283177 
356520.0000000000 -1132914.4971068904 6092529.3464606265 1504633.4846759615 0.0099295392 11.3140434823 0.0000000000 0.1907764244 0.9342844328 0.0000000000 0.6402665835 0.2021077201 -0.7265925381 -0.2500726858 -0.0226792857 -0.3147433310 1.9696446888 -1.2633174985 -0.0000000000 -1.5936881201 0.3959799409 
356550.0000000000 -1132915.2707520972 6092527.7674945574 1504632.8645324986 0.0217382024 11.3140434823 0.0000000000 -0.2383740570 1.4269235983 0.0000000000 0.1629094791 2.1035614311 0.7952269622 -0.3933300939 -0.9609631543 0.4231616872 -1.2272047069 -1.4024254820 -0.0000000000 -0.4766069260 -0.2752271307 
356580.0000000000 -1132916.3725587716 6092528.8614713475 1504634.1198820192 0.2588437356 11.3140434823 0.0000000000 -0.4058011690 1.3177298395 0.0000000000 -0.1297762721 0.8356124345 -1.3046842904 -0.6096627660 0.4561745669 0.5461148382 0.9397845202 -1.1967186039 -0.0000000000 -1.1799417747 0.8042395190 
356610.0000000000 -1132914.7229400163 6092526.8342098203 1504632.8869561453 0.1602197961 11.3140434823 0.0000000000 -0.2209284880 1.8082874777 0.0000000000 -0.2134924122 1.3350366890 -0.1741026121 -0.7597097008 -0.4529840117 1.5406568424 -0.9355012733 -1.3175121041 0.0000000000 -0.6754939566 0.0135885553 
356640.0000000000 -1132914.6378902106 6092528.7529616281 1504632.9827113880 0.0103099622 11.3140434823 0.0000000000 0.4004847237 2.3655238264 0.0000000000 -0.0798240200 0.7283673166 -0.1976243923 -0.5823250899 0.7071465117 1.0330915738 0.1818990254 -2.6509919478 -0.0000000000 -1.3378588552 -0.5361563687 
356670.0000000000 -1132914.7806036288 6092528.6189324530 1504632.3538749351 0.0034583145 11.3140434823 0.0000000000 1.2186978143 1.4788013368 0.0000000000 -0.0612278263 0.2968537301 0.1630997909 -1.8258623173 0.6104514033 0.8917264254 -0.5702968992 -1.4387447273 0.0000000000 -0.8366313031 0.0604791742 
356700.0000000000 -1132915.1210737363 6092528.6108578332 1504632.3375310882 0.0396517666 11.3140434823 0.0000000000 -0.4892283901 2.3158886319 0.0000000000 0.3620437503 0.3485873537 -2.3433253383 -0.0586326977 0.4006824421 -0.5978213274 2.9966452980 -0.7973821751 0.0000000000 -1.0114136463 -0.9114645067 
356730.0000000000 -1132915.0043410421 6092528.2780914372 1504632.7582755368 0.0558924719 11.3140434823 0.0000000000 -1.1751626383 3.0044474648 0.0000000000 -0.5439496197 0.4755909747 -1.3496021755 0.7110737774 0.1377470492 1.8833410239 1.0854017632 -2.0523692177 -0.0000000000 -1.5176919545 -0.6028499141 
356760.0000000000 -1132915.1743966015 6092527.5920815459 1504632.7678870559 0.3047054614 11.3140434823 0.0000000000 -0.0766496542 2.7336033221 0.0000000000 -0.0700420212 -0.3563121631 -1.3236947686 -0.4553333184 -0.0180060951 0.5397711384 1.9860827385 -0.6556304876 -0.0000000000 -1.3102785991 -0.8644568707 
356790.0000000000 -1132915.7227411713 6092528.7490083138 1504632.9693465028 0.0695881335 11.3140434823 0.0000000000 0.7789033531 1.9950836938 0.0000000000 -0.0262095045 -0.7939146041 -0.7449012340 -0.6610653897 0.6196031238 1.9893925524 0.0918676923 -1.4890271316 0.0000000000 -0.6321885836 -1.1029902996 
356820.0000000000 -1132914.8803675035 6092529.0198615100 1504632.8490959625 0.0220968224 11.3140434823 0.0000000000 -0.1458796739 3.3016120755 0.0000000000 -0.7252027826 1.2994309730 1.2678313646 -0.5466289918 0.1210787414 -0.2856464995 -0.2418390815 -1.7037841921 -0.0000000000 -1.2844373995 -1.0731847122 
356850.0000000000 -1132914.6998130633 6092528.3437494952 1504631.7375293032 0.0571886374 11.3140434823 0.0000000000 0.0040753043 3.2968308611 0.0000000000 -0.1409669137 1.1794521305 -0.6283797588 -1.0390142693 0.1795858464 0.8933606986 0.2932839194 -1.8860829073 -0.0000000000 -1.1208241313 -0.9909556731 
356880.0000000000 -1132916.2693176614 6092530.5928116385 1504632.8780155582 0.0590619986 11.3140434823 0.0000000000 -0.0879005442 3.4190080439 0.0000000000 0.0833021418 1.4057493027 -1.2976622116 -1.1422610810 0.1739019232 0.4125766187 0.5024853381 -1.2778527262 -0.0000000000 -0.3242592190 -1.8046672034 
356910.0000000000 -1132915.9214606176 6092527.6052047051 1504632.4682824167 0.5355960393 11.3140434823 0.0000000000 0.1740523688 3.7419990656 0.0000000000 -0.8638893556 -0.9883631064 -0.1039095183 -0.7020692850 0.2021967918 1.9889397934 0.5516422349 -1.1820121137 -0.0000000000 -1.7175751968 -1.0790369005 
356940.0000000000 -1132916.5744171059 6092529.5076537309 1504633.1540715443 0.2447992526 11.3140434823 0.0000000000 -0.2706363255 4.4042263813 0.0000000000 -0.5556497028 1.4748880824 -0.3119808546 -1.2789123604 0.2897074990 -0.9233173147 1.0135474859 -0.9391834228 0.0000000000 -0.8435353904 -1.9944321398 
356970.0000000000 -1132916.7964445760 6092528.1745572938 1504632.5641226319 0.3378833681 11.3140434823 0.0000000000 -0.3918023893 3.7891006487 0.0000000000 -0.3962745270 0.4105057045 -1.1404926968 -0.6712323751 0.2834406863 -0.2043542503 1.9635611516 -0.8541341566 0.0000000000 -1.1887822636 -1.4927184421 
357000.0000000000 -1132916.0152577101 6092529.3618555004 1504633.0960274145 0.3028298224 11.3140434823 0.0000000000 -0.4303981778 4.6595378149 0.0000000000 -0.7467359691 -0.0699764789 -0.4592556078 -0.9720042164 -0.4851447512 -0.0573328801 1.7437116178 0.1466043443 0.0000000000 -1.3469944537 -1.9037212547 
357030.0000000000 -1132913.7365927140 6092510.1040343167 1504629.4024268857 12.5844075510 11.3140434823 0.0000000000 5.4757451801 1.1050734665 0.0000000000 9.4874124826 1.4143803792 -1.9282529348 -2.4886755226 -6.0781314439 -0.5928792277 4.0893031064 -3.9405359279 -0.0000000000 -1.3854763023 -4.6330210386 
357060.0000000000 -1132913.5520782364 6092508.6691316366 1504630.5178120574 12.0802410276 11.3140434823 0.0000000000 4.2000941533 1.4852527342 0.0000000000 8.9228466287 1.1864492949 -2.8034583631 -1.3016682920 -6.1347073698 1.0361073818 4.3200891523 -4.4066968376 -0.0000000000 -1.9337835537 -4.0692069502 
357090.0000000000 -1132913.1078516452 6092509.8624452502 1504629.9485320887 12.2384516843 11.3140434823 0.0000000000 4.5312172196 2.1222725901 0.0000000000 8.5795158828 1.1838204685 -2.3084644625 -1.7299042010 -5.4074369024 0.8881972920 3.3641946115 -4.4014409618 0.0000000000 -1.2508810955 -5.1161479482 
357120.0000000000 -1132913.8054345045 6092507.2977806320 1504630.6955706428 10.6027453812 11.3140434823 0.0000000000 5.2437972314 1.6582393148 0.0000000000 9.0482826190 1.5856622625 -0.5602907489 -2.0364918612 -5.9687164123 -0.0315161132 2.9165161201 -4.9404740615 0.0000000000 -1.9612062056 -4.5109383006 
357150.0000000000 -1132912.8442072179 6092510.5406751800 1504630.3651317027 9.1361474717 11.3140434823 0.0000000000 4.9608216616 1.5300210355 0.0000000000 9.7909460197 3.4627285713 -1.1094592506 -2.2359324755 -6.3604478228 1.6487807889 0.3842311623 -5.8785513633 0.0000000000 -0.5831910046 -5.2488806453 
357180.0000000000 -1132912.3496045645 6092506.6288743429 1504629.6140646418 12.3551332183 11.3140434823 0.0000000000 4.8915336163 1.7543090353 0.0000000000 9.1002654026 2.2188959439 -2.2644443235 -2.6434453008 -5.6069443352 2.3246733921 1.1526667444 -5.0846717161 0.0000000000 -0.7927294156 -4.6659999049 
357210.0000000000 -1132913.4979611689 6092510.2511394722 1504630.2791847100 11.6825528028 11.3140434823 0.0000000000 4.7470238201 2.4243490171 0.0000000000 9.2561126144 2.1907304714 -2.8840052797 -2.3372568049 -5.1950998457 0.2981792697 3.3027153525 -4.9182674475 0.0000000000 -0.8083874812 -5.6084824559 
357240.0000000000 -1132913.7938533416 6092509.9991194382 1504630.0240509184 11.2364029886 11.3140434823 0.0000000000 4.9206411339 2.1936242413 0.0000000000 9.4392180125 1.0808673374 -1.9545603046 -1.3729550485 -5.5739337382 1.1517452843 3.3862393100 -5.7088381740 0.0000000000 -1.9101754573 -5.1835890220 
357270.0000000000 -1132913.2374730369 6092509.1464457382 1504630.9235505238 12.5456993097 11.3140434823 0.0000000000 3.4360436641 2.8708452110 0.0000000000 8.8632163116 2.9209499468 -2.9124913198 -1.7798843666 -6.2780315426 0.4513826091 3.5304307313 -4.4883184986 0.0000000000 -1.4100042230 -4.7731021564 
357300.0000000000 -1132914.6360388997 6092508.4187973337 1504630.4109405677 13.6122935693 11.3140434823 0.0000000000 4.0592210651 3.3446169116 0.0000000000 9.4977127826 1.6804714566 -2.9872212921 -0.8384796505 -5.5958276708 0.5306916033 4.9240433755 -6.1676293281 0.0000000000 -2.2394347095 -5.6997523452 
357330.0000000000 -1132913.9457023742 6092510.4106796738 1504630.6825755457 11.6995873954 11.3140434823 0.0000000000 3.7996175705 3.2634844824 0.0000000000 9.1324378780 0.7308621784 -4.0602108537 -1.2406494225 -6.0283189494 0.9750338831 5.9970641665 -4.7541760975 0.0000000000 -2.7090454326 -4.5734902063 
357360.0000000000 -1132912.4549612559 6092507.6917491211 1504629.2851017399 14.1307823999 11.3140434823 0.0000000000 3.9284933704 4.0323297482 0.0000000000 9.4917132970 2.7426785780 -2.8218524183 -2.3224506823 -6.7994085052 0.2064423404 4.4108707840 -4.9785346507 -0.0000000000 -2.3560061318 -5.0587192757 
357390.0000000000 -1132913.8081659754 6092509.2331875078 1504630.4987903372 12.5173816990 11.3140434823 0.0000000000 4.0555327039 3.9829768158 0.0000000000 9.2067888076 2.3717770392 -1.5504757871 -1.9563484194 -6.5755779034 0.2317458068 3.5505811213 -5.2089032780 -0.0000000000 -2.4549617712 -5.2220863665 
357420.0000000000 -1132911.0194025098 6092508.1318219826 1504628.6528235879 10.1760510884 11.3140434823 0.0000000000 5.2214161734 4.2109647261 0.0000000000 9.6427618316 1.9196119264 -1.6307200504 -3.4860208493 -6.3773739213 1.2150983406 2.4741649074 -5.1284496319 0.0000000000 -2.2891101164 -5.3285291796 
357450.0000000000 -1132912.8547232517 6092508.3577289274 1504629.4826538083 13.5526730821 11.3140434823 0.0000000000 4.1686550308 4.8521516244 0.0000000000 9.4729706090 2.0606536768 -1.6466633211 -2.2181049360 -6.9802261704 0.0943964921 4.2308084500 -5.1082594460 0.0000000000 -2.9437385120 -5.5285207938 
357480.0000000000 -1132912.7972525945 6092508.7346035177 1504628.3488666220 12.6523293261 11.3140434823 0.0000000000 4.9881817941 4.6317366070 0.0000000000 9.1194413845 1.5621548851 0.6806519910 -3.2174897700 -6.9937815797 3.5193166659 -0.7840696110 -5.3827781350 0.0000000000 -2.8314841733 -4.9575370442 
357510.0000000000 -1132912.4392496273 6092509.1340743704 1504628.8238059084 13.1582037510 11.3140434823 0.0000000000 4.9687932065 4.4674483112 0.0000000000 9.5485252643 2.2440863264 0.1140000744 -3.0277191670 -6.7176739908 1.4120463188 0.9018418464 -5.5607941020 -0.0000000000 -2.5441907726 -5.4289490213 
357540.0000000000 -1132913.8656869666 6092510.5874974970 1504630.1200615065 10.8074705374 11.3140434823 0.0000000000 4.9448783128 5.3155796658 0.0000000000 9.3656066984 2.1357852220 -0.8889853548 -3.3521609975 -6.0477315355 0.6428405374 2.6332841728 -5.8473106898 -0.0000000000 -2.9748003245 -5.5004096147 
357570.0000000000 -1132912.8273551555 6092509.1218314795 1504628.8571413811 12.9485896736 11.3140434823 0.0000000000 4.4891734050 5.6294707169 0.0000000000 9.2588394306 0.1897306092 -1.1223395630 -2.2069100625 -6.7008928625 2.1316149797 3.1471381483 -5.1518899152 0.0000000000 -3.5901703261 -5.6357499184 
357600.0000000000 -1132913.1706566792 6092508.5690799309 1504628.8822155872 11.1688819084 11.3140434823 0.0000000000 3.7710174344 6.0136134121 0.0000000000 9.3464305586 2.0908046283 -2.5619403665 -2.4866023794 -6.3138008922 0.8428319810 4.0988581749 -5.5054381122 -0.0000000000 -2.7954385056 -6.0632217985 
357630.0000000000 -1132914.0287430196 6092509.9791792231 1504629.9624989431 12.2501942486 11.3140434823 0.0000000000 4.7655395291 6.2763461804 0.0000000000 9.7656462345 0.2844413806 -1.9664552414 -2.8828320556 -6.6915951712 1.5824234516 4.0192034639 -5.0227212395 -0.0000000000 -3.4652823429 -6.1879295032 
357660.0000000000 -1132914.1394047139 6092510.3402220812 1504629.7037310291 12.3726547726 11.3140434823 0.0000000000 4.5813964979 6.4055392903 0.0000000000 9.9220754550 0.5664259113 -3.6281765281 -2.9537729283 -5.9296120219 0.9560288096 5.2422670326 -5.0684944750 0.0000000000 -2.6757729074 -6.9139853038 
357690.0000000000 -1132914.8081460334 6092512.3338733511 1504630.2636916065 14.9517837785 11.3140434823 0.0000000000 4.3373077456 6.6704881114 0.0000000000 9.9745727390 1.3915134699 -2.7386887143 -3.0994757236 -6.3698504650 1.6206242292 3.6257669249 -5.4317176738 -0.0000000000 -2.7280152886 -6.7918933240 
357720.0000000000 -1132914.2602267039 6092509.0674529718 1504629.5056228435 13.7994479275 11.3140434823 0.0000000000 3.2132277212 6.6172412299 0.0000000000 8.7475877401 0.7663533391 -1.9040910753 -1.7747870871 -5.9990480742 1.1482039731 3.3170700426 -4.2817555643 0.0000000000 -2.0840006933 -7.3934988334 
357750.0000000000 -1132913.1276586847 6092508.5241283299 1504628.4337150808 11.6411539703 11.3140434823 0.0000000000 4.1388017220 7.8330840142 0.0000000000 9.1845641899 1.5237032045 -0.0706515472 -3.7501559938 -6.6262959762 1.8631898349 0.6364976264 -4.4005345516 -0.0000000000 -2.4080304603 -7.5674430245 
357780.0000000000 -1132913.4386492856 6092506.8908710862 1504627.6992041136 15.4794618325 11.3140434823 0.0000000000 3.2744704670 7.7206258885 0.0000000000 8.8986411203 2.6087697083 -0.9028792858 -3.3672574468 -6.2466841371 1.0011201013 1.2041545147 -4.3891994797 -0.0000000000 -1.6185028315 -7.8624925390 
357810.0000000000 -1132913.0580646968 6092508.9718483826 1504628.0804523535 14.2005431038 11.3140434823 0.0000000000 2.8776682179 7.5669943674 0.0000000000 9.6222745642 3.5659435857 -1.4218853487 -2.9376449885 -6.6517605127 1.6272376823 0.7759722801 -5.2654917100 -0.0000000000 -1.4203947914 -8.0151868557 
357840.0000000000 -1132913.8785915060 6092510.9650197141 1504628.9332195723 11.8939625464 11.3140434823 0.0000000000 4.2908089054 8.2739313950 0.0000000000 10.4878721464 1.7688979950 -0.8866163919 -3.1187107739 -6.3481296428 1.9686332620 1.4772137880 -6.3360767297 -0.0000000000 -2.6732111455 -8.4869584430 
357870.0000000000 -1132913.5343004197 6092510.0876520965 1504628.9293374324 11.8138966618 11.3140434823 0.0000000000 4.7916038009 9.2381695268 0.0000000000 9.4406018620 0.2516638005 0.8438299156 -3.9856028618 -5.9990699740 3.0299849702 0.1840254002 -5.8412149467 -0.0000000000 -4.0183128996 -7.5163493067 
357900.0000000000 -1132912.8276644375 6092510.1021308741 1504628.7572791001 11.9008007891 11.3140434823 0.0000000000 3.8658157402 8.6199460686 0.0000000000 9.6537416952 1.1231305319 -1.7656011506 -3.8891941216 -6.7107415244 1.9585323578 2.5549254690 -4.6169775254 0.0000000000 -3.1691548125 -7.2104368440 
357930.0000000000 -1132912.7432528897 6092508.6704708291 1504629.2329847824 10.5865088664 11.3140434823 0.0000000000 2.1733512044 10.0110097571 0.0000000000 9.2307604737 2.5506981856 -1.9739079677 -2.5100117687 -6.8134424927 2.8383957492 2.9780103149 -6.8736386733 0.0000000000 -4.3898203096 -6.8422157676 
357960.0000000000 -1132914.0132948263 6092510.0066239750 1504629.3321873427 14.7453457152 11.3140434823 0.0000000000 3.2809927174 9.0161197523 0.0000000000 8.9910536345 0.9665732386 -1.0775030339 -3.3020614869 -6.0960681339 1.6843350967 2.1636319454 -4.5743404979 -0.0000000000 -2.9525989959 -7.7368912451 
357990.0000000000 -1132913.9214485940 6092509.8224063842 1504628.7373115693 12.8451528029 11.3140434823 0.0000000000 3.1311861928 9.5528219915 0.0000000000 9.8631492657 2.2288964251 -1.5820649257 -3.4697493938 -6.5343641990 2.8384911227 1.6796961470 -6.3408894073 -0.0000000000 -3.6476551025 -7.3157583967 
358020.0000000000 -1132914.0148430613 6092509.6469947249 1504628.2393796835 14.2395279105 11.3140434823 0.0000000000 2.1006334778 10.0595720965 0.0000000000 9.4477651621 1.1069850342 -1.1934119372 -2.1052396340 -7.1571440687 3.8736170321 1.5077038211 -5.6348524471 0.0000000000 -4.0148681660 -7.6137884242 
358050.0000000000 -1132913.5709599389 6092509.3870761832 1504627.8925308352 12.3936907847 11.3140434823 0.0000000000 2.7392267426 10.0760752556 0.0000000000 9.6769603765 0.5288114668 -3.0935944420 -3.4604544410 -5.8211635970 5.1235350978 0.9375108885 -5.1966129371 0.0000000000 -2.8060235052 -8.2521597862 
358080.0000000000 -1132913.2449299179 6092510.1057676096 1504628.5532375609 13.9249258543 11.3140434823 0.0000000000 3.1261477123 9.8092451547 0.0000000000 9.9527509620 1.1782796075 -1.9252162592 -3.8462481763 -6.6853001274 2.6801864710 1.7406016166 -4.5732410622 0.0000000000 -2.9330282595 -8.1231602409 
358110.0000000000 -1132915.1015153499 6092512.4476260282 1504629.1658982181 12.4621533311 11.3140434823 0.0000000000 3.8340252769 9.9149588561 0.0000000000 10.6089032569 0.8852988494 -1.1123770702 -3.8346974059 -7.3949771617 1.4808323627 2.9120777040 -5.0592731182 0.0000000000 -4.0709888908 -7.7437625005 
358140.0000000000 -1132914.4601042529 6092512.5238404125 1504628.4834163508 12.6824902549 11.3140434823 0.0000000000 4.2923973586 10.9619807487 0.0000000000 10.4341488820 1.1990240964 -1.1271658881 -5.0650482647 -6.2393939691 2.0602958205 2.1387366065 -6.0700491665 0.0000000000 -4.3337108463 -7.7906710436 
358170.0000000000 -1132914.7910631783 6092513.6175126564 1504629.1923882719 12.0952365254 11.3140434823 0.0000000000 4.0178336206 10.5982555935 0.0000000000 10.3495743809 0.3237485318 0.2133500714 -3.5770634821 -6.3808889534 1.4789288490 2.0604197090 -5.8930069986 0.0000000000 -4.3974156045 -8.3766215317 
358200.0000000000 -1132912.5111432069 6092513.7089887336 1504632.1690834719 5.3199452356 11.3140434823 0.0000000000 6.3727195536 -2.2544856093 0.0000000000 12.5197191699 -0.0716116204 -1.1904521982 -0.0689861934 -6.2989789450 -0.3361661778 1.2540878202 -4.6461156212 -0.0000000000 -0.7689762549 -4.0421205375 
358230.0000000000 -1132912.7746878054 6092515.8149261503 1504631.8344763373 5.2017317265 11.3140434823 0.0000000000 7.5971252800 -2.4290614378 0.0000000000 13.2904370263 0.3949717387 -2.1654161478 -2.1247021226 -5.9101020523 0.3058546104 0.3927466619 -4.7690476350 -0.0000000000 -0.4890419630 -3.5276972979 
358260.0000000000 -1132912.7897447003 6092512.9058291428 1504631.1978929727 6.2577814847 11.3140434823 0.0000000000 5.8004288926 -2.2085754206 0.0000000000 12.2418225747 0.9934104707 -2.4297947079 -0.9364450831 -5.8040624940 0.6961356949 -0.0187693847 -4.1844999311 0.0000000000 0.3346704748 -4.0139521811 
358290.0000000000 -1132913.9673955743 6092514.5256471764 1504631.5757867701 6.3305524299 11.3140434823 0.0000000000 6.3389809980 -1.6565249111 0.0000000000 12.1808949555 0.3587543578 -1.4543328796 -1.2440920654 -5.3879549039 1.2407144196 -0.8298352794 -4.7553196935 0.0000000000 -0.5360249751 -3.7324094821 
358320.0000000000 -1132913.3371035617 6092512.8097715536 1504631.7857203051 6.9787094645 11.3140434823 0.0000000000 5.1752774249 -1.0683470210 0.0000000000 11.9454411973 -0.3153259830 -1.4164815458 0.4152766391 -5.9315076416 1.0338683658 0.1223025713 -4.2306016248 -0.0000000000 -0.4441522562 -4.8300269206 
358350.0000000000 -1132911.5162038126 6092512.2856337912 1504632.3891706804 7.3255930527 11.3140434823 0.0000000000 4.8556978366 -1.8600107496 0.0000000000 11.9227878371 0.1327223349 -2.3917835822 0.3216565544 -6.1783092609 2.5674856350 -0.6651715279 -4.2458733412 0.0000000000 -0.6061975321 -3.3386066752 
358380.0000000000 -1132911.8758357074 6092510.1587526472 1504631.4243095093 7.6394450011 11.3140434823 0.0000000000 4.2198779307 -1.9805841618 0.0000000000 11.3933890689 1.3660917334 -3.3255714931 -0.3971964250 -6.3893918707 2.5453778174 -0.6646474973 -3.5927532268 0.0000000000 -0.1422221265 -2.5548579613 
358410.0000000000 -1132913.5076290935 6092515.2652597036 1504632.2707678259 6.8529680605 11.3140434823 0.0000000000 5.4662850098 -0.3576346120 0.0000000000 12.4682299135 -0.9392709579 -3.0599413364 0.0113964375 -6.0152159418 2.1345853989 1.3172425944 -4.8695343245 0.0000000000 -1.5019267571 -4.0831892525 
358440.0000000000 -1132913.5909531715 6092516.7803028282 1504633.0707702104 5.1027610146 11.3140434823 0.0000000000 5.9202944443 -1.9966232042 0.0000000000 12.5689202882 0.3062044586 -1.3884728741 -0.2838829142 -6.0345336498 1.2430469345 -0.8726197864 -4.6821114582 -0.0000000000 -0.8345878725 -3.4140911535 
358470.0000000000 -1132912.4265227832 6092515.1789767472 1504632.0431933431 6.3790814516 11.3140434823 0.0000000000 6.3223457914 -1.6962927077 0.0000000000 12.4489577695 0.0531151923 -0.6954718405 -0.8293303679 -5.7331800183 0.0104100444 -0.8520764418 -3.9517835805 -0.0000000000 -0.3482615790 -4.2437874328 
358500.0000000000 -1132913.9091854899 6092514.2818212314 1504632.7632526315 8.3136429034 11.3140434823 0.0000000000 4.3616120560 -1.7479963647 0.0000000000 11.8126121122 0.8004324205 -0.8123359528 1.1438872979 -6.2933185318 0.9167818905 -1.0688868874 -4.2832217929 0.0000000000 -0.4155514377 -4.0014958684 
358530.0000000000 -1132912.8750200786 6092515.7808030816 1504632.3599469454 4.9576794821 11.3140434823 0.0000000000 6.1586726040 -1.8238700377 0.0000000000 13.4325960754 0.9994648171 -2.6034983847 -0.8272082684 -6.5645616383 0.7035546306 0.2238042972 -4.9496997838 0.0000000000 -0.8257265391 -3.3765593403 
358560.0000000000 -1132913.1223588248 6092514.5705815135 1504631.8800280860 5.5059298379 11.3140434823 0.0000000000 6.5806174755 -1.6716961217 0.0000000000 13.4535171904 0.2816906270 -1.8232364756 -0.4578927571 -6.0652999916 0.4680137135 0.2128571904 -5.5330238485 0.0000000000 -1.3154955559 -3.5619757573 
358590.0000000000 -1132913.4280471723 6092514.1173557397 1504633.2913950472 6.7117841902 11.3140434823 0.0000000000 4.9037634411 -1.2695705621 0.0000000000 12.4080436296 0.6512151000 -0.8082649943 0.7099514455 -6.0321675901 2.6409171461 -2.2650244145 -5.6759538118 0.0000000000 -1.7892398411 -2.8843966076 
358620.0000000000 -1132913.6526062964 6092516.5800021598 1504632.2232871132 6.9150036155 11.3140434823 0.0000000000 7.5332203575 -1.9127129561 0.0000000000 13.7042232877 -1.1557079215 -3.2282313594 -1.7309851124 -5.8738299136 0.4374865131 0.8772617875 -3.6576507814 -0.0000000000 -0.6308703632 -3.7223207040 
358650.0000000000 -1132912.8660656665 6092515.3187296567 1504633.0952031796 5.3190206329 11.3140434823 0.0000000000 5.1216666734 -0.5156765581 0.0000000000 12.9165757207 0.5634074373 -2.4787951956 -0.5028206739 -6.5745690128 1.5684784095 -0.4255190762 -4.2865995697 0.0000000000 -0.9941752459 -3.8427777036 
358680.0000000000 -1132912.1458798132 6092515.3813430760 1504631.9330398964 5.6660705110 11.3140434823 0.0000000000 6.7895046969 -1.7528320409 0.0000000000 13.2267146073 0.2355140878 -0.9280301210 -1.0528539500 -6.3089570618 -1.0087343577 -0.1632503305 -3.9830434009 0.0000000000 -0.8005752727 -3.7736601377 
358710.0000000000 -1132911.8148635956 6092514.3712193426 1504631.6075211237 3.8546365019 11.3140434823 0.0000000000 5.7614369340 -1.9594097733 0.0000000000 13.3677555069 1.1636557156 -2.5396471915 -0.5190341581 -7.2577152671 0.3640945541 0.2327570453 -4.3296938875 0.0000000000 -1.1452375598 -2.6201911812 
358740.0000000000 -1132912.4573048716 6092513.0859359298 1504632.2795133754 6.6777631164 11.3140434823 0.0000000000 5.3541421458 -1.3732945541 0.0000000000 12.4896778676 0.3109092859 -1.3694373004 0.0216188627 -6.8209825924 0.0226147915 -0.0089725862 -3.7714533502 -0.0000000000 -1.2702177955 -3.1253428930 
358770.0000000000 -1132913.9789090620 6092513.6270650132 1504633.3637964672 6.8628061321 11.3140434823 0.0000000000 3.5420308655 -1.1535755517 0.0000000000 11.8689820223 1.4497706532 -1.6522424286 0.9473735136 -6.2696863637 1.6321254207 -1.8058258941 -4.0341142376 -0.0000000000 -0.3508429875 -3.7217521067 
358800.0000000000 -1132915.3345912716 6092530.1114956262 1504633.8245462659 0.0467570441 11.3140434823 0.0000000000 0.4453906128 0.0338741408 0.0000000000 0.3209795547 0.9050370872 1.5751195897 0.3949934394 -0.9282221084 -1.8390281135 0.9899680197 -1.4498429319 0.0000000000 -1.3835321292 0.8209170484 
358830.0000000000 -1132915.2115136266 6092529.5019637886 1504633.4022360570 0.0077027861 11.3140434823 0.0000000000 1.0547977316 -0.7317324566 0.0000000000 0.1269412195 0.2283298076 2.0779067867 -0.0339529903 -0.1908547014 -1.1024611093 -0.6906843102 -0.8572888343 0.0000000000 -1.1549867997 1.2650690894 
358860.0000000000 -1132915.9042013674 6092529.5466583520 1504633.8074442365 0.0357449870 11.3140434823 0.0000000000 0.1613223504 1.8353554741 0.0000000000 -0.5457297024 0.2559534346 2.4601757334 -0.7461621435 -0.5894159602 -0.9422426060 -0.3034098690 -0.4448401603 0.0000000000 -1.9072411248 0.6981248721 
358890.0000000000 -1132915.0106114291 6092530.7135631982 1504633.9491125855 0.0110350307 11.3140434823 0.0000000000 0.6431102511 0.2098972802 0.0000000000 -0.1183540366 -0.5230761910 0.1351842057 -0.0968790947 -0.2325276012 -0.1242301064 1.1060315298 -0.7738517799 0.0000000000 -1.5187385339 1.3434453821 
358920.0000000000 -1132916.4034657453 6092529.6227221051 1504633.9779210186 0.0512880689 11.3140434823 0.0000000000 -0.8112345113 0.4699056032 0.0000000000 -0.7019099914 0.2645482019 1.3491445200 0.9672629650 -0.1426257187 -0.7980441330 0.1142832250 -0.2380387631 0.0000000000 -0.2809997727 -0.3374788992 
358950.0000000000 -1132916.5045559437 6092528.5262597818 1504633.8053974444 0.1494505904 11.3140434823 0.0000000000 -1.2819462242 0.0874790464 0.0000000000 -1.1259381309 1.2043603464 -0.4068623158 0.6685345318 -0.2354610797 -1.0032850536 1.6005073824 -0.1629761736 -0.0000000000 0.3490531767 0.0896904929 
358980.0000000000 -1132914.9626326202 6092527.8588440539 1504634.5115214472 0.0481845625 11.3140434823 0.0000000000 -1.4448582422 0.6961872508 0.0000000000 -0.0388237103 0.1976861860 -1.0944498424 1.4077591516 -0.8265987271 2.4869079745 0.2252781421 -1.1928024355 0.0000000000 -1.3853980551 1.1201719648 
359010.0000000000 -1132914.6973105532 6092531.5510960529 1504634.0561338679 0.0016653011 11.3140434823 0.0000000000 0.2223818439 0.3410769721 0.0000000000 1.3887631047 0.1741688329 -1.4521469119 -0.2240011407 -0.4780171321 1.6035832552 -0.1007768160 -0.9589693325 -0.0000000000 -0.4622022980 0.1469281262 
359040.0000000000 -1132912.8930560832 6092529.4655118138 1504632.0275748605 0.2275525749 11.3140434823 0.0000000000 0.4729079677 0.7923587322 0.0000000000 1.4292212640 1.4521750171 -1.5392300320 -0.8842731026 -1.0425687249 -0.1558532297 1.7149525598 -1.8233006806 0.0000000000 -0.8455752594 0.4557447724 
359070.0000000000 -1132915.0857281841 6092532.2940711807 1504634.0414441635 0.0562146198 11.3140434823 0.0000000000 -0.0753463163 -0.1316418676 0.0000000000 0.8525947198 1.0568871372 -1.3600176277 0.0608048021 0.0643442575 1.6728272776 -0.3461754037 -1.8744551782 0.0000000000 -0.4788110466 0.7568158910 
359100.0000000000 -1132915.1133459054 6092529.8137210356 1504633.3840439101 0.0322699760 11.3140434823 0.0000000000 1.0814289186 -1.1417664244 0.0000000000 1.0309768086 -0.4712803051 -0.8544840193 0.1045083523 0.1890479220 0.9813531325 -0.2731341029 -0.8877774402 -0.0000000000 -0.3919460070 0.8564220277 
359130.0000000000 -1132915.0641287582 6092528.6489348533 1504633.8718751366 0.0020104931 11.3140434823 0.0000000000 0.6349042994 -0.2263402782 0.0000000000 0.0139257093 0.0076005654 2.0457588831 0.9004571696 -0.1365280320 -1.0869388031 0.0460104186 -1.6260270641 -0.0000000000 -1.5477682358 0.9166592196 
359160.0000000000 -1132914.2354302921 6092526.5097025214 1504632.2432965962 0.0957910929 11.3140434823 0.0000000000 0.6562149382 -1.0804247709 0.0000000000 -0.4125124308 1.1164486690 0.4382630409 0.0873782949 -0.0840167280 -2.5866814080 1.9328515952 -1.0399476814 0.0000000000 -0.0259887405 0.7227420519 
359190.0000000000 -1132915.4596479437 6092529.9632894853 1504633.7567061821 0.0863295571 11.3140434823 0.0000000000 1.3552409307 -0.5365849841 0.0000000000 -0.0446492941 -0.4754329293 0.8468847022 -0.0047239176 0.6324169955 -1.0969500760 0.6985398434 -1.2698643873 0.0000000000 -0.9290208656 0.8176700027 
359220.0000000000 -1132915.6263835724 6092530.0264776191 1504634.2012220998 0.0098682652 11.3140434823 0.0000000000 -0.3123638101 0.7983104718 0.0000000000 -0.4233498994 0.0764213810 1.2037871463 0.8217187798 -0.1811009191 -0.3816841095 0.5199655120 -1.2830376639 0.0000000000 -1.3530982042 0.4458349225 
359250.0000000000 -1132916.5176549405 6092529.1482526334 1504634.5082090332 0.2871193731 11.3140434823 0.0000000000 0.1111280875 0.0350945137 0.0000000000 -0.6599374899 0.1683888038 0.4655267337 0.5773647284 0.3256047458 -0.8627727161 1.3240588764 -1.3901554593 0.0000000000 -0.8177762575 0.6185240429 
359280.0000000000 -1132915.6677529481 6092529.2645882983 1504633.9799498457 0.1708888012 11.3140434823 0.0000000000 0.7330799751 -0.6428673574 0.0000000000 0.5234489082 0.1389139975 1.0192041114 0.6494274143 -0.1675015305 -1.1221266989 0.2527506172 -1.1586926242 -0.0000000000 -0.5641988775 0.2570392065 
359310.0000000000 -1132914.9255807998 6092529.5980859762 1504633.5188085150 0.0161426523 11.3140434823 0.0000000000 0.8820378403 0.2504699087 0.0000000000 0.2112493444 -0.1839059670 -2.2039118329 -0.6457798899 0.7859412372 1.2748800559 1.6985148552 -2.0161370294 0.0000000000 -1.0596372383 1.2836152688 
359340.0000000000 -1132914.9136856901 6092528.1495929984 1504633.1585923170 0.0023881147 11.3140434823 0.0000000000 0.6177741264 -0.8872058713 0.0000000000 0.1257946105 0.2049749112 0.4861920872 0.5411029639 -0.1718981280 -1.3727493887 0.9279464500 -0.7820674742 0.0000000000 -0.1992547917 0.3599228427 
359370.0000000000 -1132915.5148370112 6092528.3122510919 1504632.6410660851 0.1364376423 11.3140434823 0.0000000000 -0.1645711363 -0.4488000927 0.0000000000 -0.2495787597 1.4710484593 -0.5154204482 -0.0039889770 0.1305739475 -0.6749366625 0.9456340879 -1.2309793668 -0.0000000000 0.2381567419 0.3721505646 
359400.0000000000 -1132916.0050361995 6092530.6104577044 1504633.2592587303 0.0765860838 11.3140434823 0.0000000000 0.6651674998 -0.4648112427 0.0000000000 0.0081649081 0.8470015046 -2.0180366412 -0.3571807306 1.1817051675 0.7304587469 1.5038602990 -2.6156069214 0.0000000000 -0.3753735017 1.0792576940 
359430.0000000000 -1132915.1473217844 6092528.4479947099 1504632.5065677294 0.0120353082 11.1654816136 0.0000000000 1.2682908145 -0.5493374637 0.0000000000 0.5663070368 -0.1650664136 -1.3048538009 -0.6825212117 0.5555773858 0.0000000000 1.0481807007 -1.0076659838 -0.0000000000 -0.1150546554 0.5114484303 
359460.0000000000 -1132915.5875433593 6092530.8485084586 1504632.8503876540 0.0293828485 11.1654816136 0.0000000000 1.3840431513 -0.4463710557 0.0000000000 1.0621569061 -0.1860978092 -1.3866980496 -0.1693102101 0.4766692751 0.0000000000 1.4800121445 -1.9518265415 0.0000000000 -0.4644521840 0.3423929979 
359490.0000000000 -1132914.7644730185 6092528.3256617337 1504633.3365143887 0.0426746278 11.1654816136 0.0000000000 0.2984709041 0.3583150903 0.0000000000 0.3971762342 -0.9978640362 -0.8346538445 0.9139366525 -0.0455316011 0.0000000000 2.0503576894 -1.1963443185 -0.0000000000 -0.6789660656 -0.2420515534 
359520.0000000000 -1132916.0142449860 6092531.6634413647 1504634.0165558932 0.0040516890 11.1654816136 0.0000000000 1.7337118965 0.1697135309 0.0000000000 0.3373307129 -1.4445718827 -0.4287863218 -0.3889906445 1.4779115742 0.0000000000 1.0427471296 -1.6052486589 0.0000000000 -0.8227634958 0.1259485034 
359550.0000000000 -1132914.8300819017 6092528.2877802653 1504633.4301250051 0.0745980533 11.1654816136 0.0000000000 0.4695795885 -0.6491860839 0.0000000000 0.1530761747 -0.2687538879 0.2791984042 1.0770230302 -0.2155018754 0.0000000000 0.5402433953 -1.3035705342 0.0000000000 -1.0996311976 1.0801236538 
359580.0000000000 -1132915.4295169185 6092531.2708407296 1504633.5216456340 0.0208621763 11.1654816136 0.0000000000 1.1889627126 -0.2646688305 0.0000000000 0.3267520958 -0.6379260425 0.2416751885 0.4589950079 1.0314161272 0.0000000000 0.4142364592 -2.0836107108 0.0000000000 -1.0206978745 0.4960963603 
359610.0000000000 -1132915.8590138499 6092530.9619301837 1504635.0566858633 0.0841780610 11.1654816136 0.0000000000 0.1538071568 0.4920182966 0.0000000000 -0.0630859721 0.0085044812 1.3552049429 0.7017010829 0.5752020298 0.0000000000 -0.4868292058 -1.7738046304 0.0000000000 -1.2147636296 0.3005533106 
359640.0000000000 -1132915.6633775202 6092530.1636746693 1504634.3207918243 0.0083716422 11.1654816136 0.0000000000 -0.1256417864 0.2052538111 0.0000000000 -0.2693685171 0.1309952039 -0.3580138119 0.5336043081 0.3118529178 0.0000000000 1.1610269438 -1.3255684897 0.0000000000 -0.4036818334 0.1222596977 
359670.0000000000 -1132915.7912922623 6092530.5572193982 1504634.4424330073 0.0237299405 11.1654816136 0.0000000000 -0.4284182880 0.5786211454 0.0000000000 -0.5895259156 1.7065461199 -0.4986680353 -0.6497910326 1.1228896733 0.0000000000 0.5117015736 -1.9009047237 0.0000000000 0.2340525288 -0.1372416917 
359700.0000000000 -1132914.4582722178 6092528.6183668114 1504633.7075086979 0.3331350766 11.1654816136 0.0000000000 -0.6474334572 -0.4130211892 0.0000000000 -0.3225241791 0.9345642677 0.7061570890 1.2645687099 -0.1623926001 0.0000000000 -0.1372597581 -1.3454259971 -0.0000000000 -0.5301081684 0.5921120264 
359730.0000000000 -1132914.6449515028 6092528.7514562048 1504632.9545384950 0.0000057286 11.1654816136 0.0000000000 1.1984958065 0.1603593142 0.0000000000 0.5191108196 -1.2931879496 -0.2543035461 0.7301850167 -0.1018796739 0.0000000000 1.6455551872 -1.6770295965 -0.0000000000 -1.6802703812 0.8982627831 
359760.0000000000 -1132914.3939930720 6092528.1988048004 1504633.0629788497 0.0094942894 11.1654816136 0.0000000000 0.1882529860 0.1851587242 0.0000000000 0.8933023635 0.6574892754 -0.8872504834 0.2157188241 -0.9158603251 0.0000000000 1.2746883185 -1.3803642836 0.0000000000 -0.7054632164 0.4797157292 
359790.0000000000 -1132914.6617075405 6092528.1802276094 1504633.1353475228 0.0299516711 11.1654816136 0.0000000000 -0.0873969875 0.7441904730 0.0000000000 0.2548038546 -0.1810248198 0.0372233963 0.0412792790 -1.0860550795 0.0000000000 0.6175050914 0.0745130592 0.0000000000 -0.9211076204 0.4901878224 
359820.0000000000 -1132914.6823068482 6092528.7232473772 1504633.5173857938 0.0153158596 11.3140434823 0.0000000000 0.3329566763 -0.7224318080 0.0000000000 -0.3605669056 0.0593613931 -1.8017969318 -0.3499701466 0.4409292626 0.0000000000 1.7407024553 -0.2367946694 0.0000000000 0.7692655455 0.1343126335 
359850.0000000000 -1132914.7076355522 6092528.4444328109 1504633.7249755433 0.0056571530 11.3140434823 0.0000000000 -0.6723262207 -0.4108423441 0.0000000000 -0.5283419965 1.6686115399 0.3893354709 0.5790060779 -0.2270399021 0.0000000000 -0.1163655890 -1.3348798173 0.0000000000 -0.4180110793 0.9980054805 
359880.0000000000 -1132913.9658018996 6092528.3126174286 1504632.4425600453 0.0103917146 11.3140434823 0.0000000000 0.5873067021 -0.9133208900 0.0000000000 0.4948081973 1.6901168325 -1.5602448332 -1.5537469999 -0.1641079438 0.0000000000 0.0876759744 -0.1552055037 0.0000000000 0.7780432142 0.7550544403 
359910.0000000000 -1132915.6382801351 6092527.1602103254 1504633.3478354872 0.3194804450 11.3140434823 0.0000000000 -0.6663353108 0.0682515793 0.0000000000 -0.6580948195 1.0559440276 -0.7196897949 0.3926856814 0.3661067385 0.0000000000 1.4176809603 -1.5216560381 -0.0000000000 0.1698297447 -0.0059442700 
359940.0000000000 -1132915.3204093424 6092530.8324358081 1504634.5992334646 0.0166863035 11.3140434823 0.0000000000 -0.1099078379 1.5158107209 0.0000000000 -0.8203516872 -0.3098146973 1.4991665991 0.2036206714 0.2906715956 0.0000000000 0.0737477197 -1.2388893431 0.0000000000 -1.8293402024 0.7494336095 
359970.0000000000 -1132914.8197533998 6092530.8500353573 1504633.0921432686 0.0138643557 11.3140434823 0.0000000000 1.3606594575 -0.1207022351 0.0000000000 -0.2673284704 0.8384653731 -1.1777124387 -1.6555443247 0.9035216577 0.0000000000 1.0565557798 -1.6707565625 -0.0000000000 -0.5216312987 1.4228335180 
360000.0000000000 -1132915.0932087377 6092530.7680036006 1504633.9497881273 0.0004141276 11.3140434823 0.0000000000 0.8428591076 -0.1729153836 0.0000000000 0.6045759376 -0.0556186119 0.6180984449 -0.1694375345 -0.1725992410 0.0000000000 -0.9184408204 -0.4103987861 0.0000000000 -0.9076668843 0.8767825833 
