time x y z T0 thrd C21 C24 C25 C26 C33 C34 C38 C39 C40 C42 C43 C59 C60 C23 C41 
345600.0000000000 -1132915.3872827955 6092527.4887114828 1504632.6048485141 0.0000048380 11.3140434823 0.8975512019 0.4246353216 0.8691143360 1.4609223971 -1.3389078267 -0.0867139897 -0.4126854224 -0.0000000000 0.0155481061 0.5719043033 0.2760152715 -2.0781968337 -0.5859998531 0.0000000000 0.0000000000 
345630.0000000000 -1132915.7367949565 6092528.8248833986 1504633.6749418029 0.0254625941 11.3140434823 0.7582200484 0.0267106767 0.3721820327 0.8203620537 -0.9096159197 0.2610416134 -0.0508682833 -0.0000000000 -0.2916250372 0.5775177092 0.2852348145 -1.5275957780 -0.2762021341 0.0000000000 0.0000000000 
345660.0000000000 -1132916.3268129278 6092529.5551380720 1504632.9778546481 0.0100637512 11.3140434823 0.5716384773 0.2758627051 -0.7860887852 0.2738672052 -1.1051185642 0.5459919519 0.5324798536 0.0000000000 -1.0114632446 0.8671416847 1.9208968499 -0.8877999294 -0.8612014316 0.0000000000 0.0000000000 
345690.0000000000 -1132914.3490644230 6092528.0897253016 1504632.8489988218 0.0071652043 11.1654816136 0.3181971595 0.9862831065 -1.1674778924 1.4897153613 -0.7618503656 0.0000000000 -0.1367411168 -0.0000000000 1.4147203698 -0.2634380704 0.5323493198 -2.4158573725 0.2273521965 0.0000000000 0.0000000000 
345720.0000000000 -1132914.0432252581 6092526.8071240112 1504634.6562752577 0.1862188257 11.3140434823 0.1788520721 0.8673638711 -0.2374659261 1.4576966566 -1.1153158699 2.9217115735 -0.4919888101 -0.0000000000 -1.1358115679 0.8868000911 -0.5739157901 -1.8784646894 -0.6827849979 0.0000000000 0.0000000000 
345750.0000000000 -1132914.4513980302 6092528.4872844908 1504632.6238061974 0.0636243845 11.3140434823 -0.5404377731 0.8777919538 0.5352868296 0.9023198546 0.6025849069 2.3357335069 -0.0287286489 -0.0000000000 0.2531056912 -0.3738684564 -2.8654465506 -1.4441618128 -0.4311552704 0.0000000000 0.0000000000 
345780.0000000000 -1132914.6257227610 6092528.6558968620 1504632.8075604013 0.0210843529 11.1654816136 0.7232966851 0.7873344578 0.8779570783 0.1142401063 0.0512469131 -1.8907919736 -0.2132184824 -0.0000000000 2.0330769157 0.0000000000 -0.5064818592 -1.8410684343 -0.3281448595 0.0000000000 0.0000000000 
345810.0000000000 -1132914.1159118437 6092527.9681865014 1504633.6843611991 0.0325076070 11.3140434823 -0.7306921941 0.6076426065 1.8923548170 1.2467650595 -0.2680175911 0.1130808682 0.1620124911 0.0000000000 0.7438182074 0.1971821804 -1.6146163472 -1.1895081828 -1.4019237196 0.0000000000 0.0000000000 
345840.0000000000 -1132914.5427868466 6092529.2061427608 1504633.2011788341 0.2937582789 11.3140434823 -0.5068386671 1.2222821883 -0.6805979049 0.5148835695 -0.0478064425 1.9955520884 0.2325663100 -0.0000000000 0.5289574540 0.6540009760 -1.0185736359 -1.9153537866 -0.8198111141 0.0000000000 0.0000000000 
345870.0000000000 -1132915.1155164703 6092530.8706550272 1504632.5878731376 0.0554551697 11.3140434823 1.0387685790 0.8374637946 -0.3516381804 -0.3213327630 0.7445146653 0.7522985621 0.8627308396 -0.0000000000 0.8732112081 -0.0476074964 -1.3023471542 -2.8086682319 -0.3212155402 0.0000000000 0.0000000000 
345900.0000000000 -1132915.0120472079 6092528.9097693907 1504633.6280199699 0.0770589998 11.3140434823 -0.2466908185 0.7125802032 -0.4016608281 0.8160281200 -0.6385458013 0.4625163943 -0.0420777513 -0.0000000000 0.5625643001 0.4649136085 0.2069984141 -1.2913853827 -0.4448828612 0.0000000000 0.0000000000 
345930.0000000000 -1132915.1223662514 6092529.1596311554 1504633.5942851736 0.1613512224 11.3140434823 -0.2281077779 0.9117078732 -0.1118295995 0.4016435819 -0.0038591441 1.5845914069 0.1487243335 0.0000000000 0.0202124594 0.3194934855 -0.9592694922 -1.2640342026 -0.7590020606 0.0000000000 0.0000000000 
345960.0000000000 -1132914.4100271789 6092528.2632155875 1504633.1737759719 0.0593947347 11.3140434823 0.4926962400 0.7620336079 0.5275605313 0.4198750175 -0.2807891878 -0.7595392474 -0.3433716013 0.0000000000 1.2716540480 0.2440810992 -0.4096041401 -1.6712920616 -0.3485456307 0.0000000000 0.0000000000 
345990.0000000000 -1132914.4059115406 6092527.8813052932 1504632.9684308157 0.0057500341 11.1654816136 1.3526291639 0.3104395581 0.3345147273 0.2655053878 -0.1954725229 0.0000000000 0.7235524157 -0.0000000000 -0.4655753609 -0.2046696270 0.1745657631 -1.7173762640 -0.5765078510 0.0000000000 0.0000000000 
346020.0000000000 -1132914.7248236458 6092528.7644224204 1504632.7558161900 0.0011673297 11.1654816136 0.5567084647 0.6896971803 -0.1160540106 -0.0316814550 0.5952892800 1.7167346491 0.3444841721 -0.0000000000 0.1427848627 0.0000000000 -1.7783349561 -1.9864592083 -0.2060716036 0.0000000000 0.0000000000 
346050.0000000000 -1132914.9434366168 6092529.7314167414 1504633.0192883909 0.0000060411 11.3140434823 -0.0659562491 0.6799955524 0.1780523602 0.9083378623 -0.0696314472 1.3836263261 0.3952598945 0.0000000000 0.5933788255 0.2084135055 -1.4831030788 -2.2680177369 -0.4987759964 0.0000000000 0.0000000000 
346080.0000000000 -1132914.5854664389 6092527.2844302068 1504631.9666979522 0.0490867739 11.3140434823 1.2511174365 1.0060686189 0.2431443957 0.4565030426 -0.6238962442 0.0600216624 -0.0013099822 0.0000000000 0.5012542530 0.6760150117 -0.0411192374 -2.7484038706 -0.7320710944 0.0000000000 0.0000000000 
346110.0000000000 -1132915.0739856202 6092528.0874063438 1504632.7550340609 0.0018546081 11.3140434823 -0.4435158192 0.8237325706 -0.0528719415 0.4403591689 -0.3316076264 -0.5009659761 0.4085871723 0.0000000000 1.5266403628 0.6331161554 0.0892554962 -1.6240203657 -0.8974685316 0.0000000000 0.0000000000 
346140.0000000000 -1132914.7803904554 6092528.0933073591 1504632.6707731776 0.0456028660 11.3140434823 1.4062654887 0.5106192789 0.7528656512 0.1472903003 -0.0364444121 1.5468299587 -0.1222128156 -0.0000000000 -0.7792500525 0.3715270402 -1.4416851026 -2.0649263088 -0.4126644121 0.0000000000 0.0000000000 
346170.0000000000 -1132915.9304325494 6092528.1142683150 1504632.9546148616 0.0366100355 11.3140434823 0.2188478187 0.3658221734 -0.5337658083 0.2044725771 0.0875193207 3.2596835236 0.8848505074 0.0000000000 -1.8770287948 0.2793189171 -0.8677843714 -1.1345974534 -0.6771434866 0.0000000000 0.0000000000 
346200.0000000000 -1132914.9048922015 6092529.2817920009 1504633.0086427478 0.0182672901 11.3140434823 1.3785800997 0.2302295749 -0.1166059935 -0.2898156368 0.1255043395 1.3555079559 0.6872470183 0.0000000000 -1.0830614142 0.3169289621 -0.3715037524 -1.7476311043 -0.4161206916 0.0000000000 0.0000000000 
346230.0000000000 -1132915.6906638970 6092530.3600450130 1504632.4634673665 0.0651207466 11.3140434823 1.3648062291 1.0064784855 -0.7184041576 -0.1205625119 -0.5496243319 0.7843482270 -0.0782849811 0.0000000000 -0.9271690744 0.4399032017 0.9892721652 -1.3815763154 -0.5159917104 0.0000000000 0.0000000000 
346260.0000000000 -1132916.2960401759 6092527.5872959690 1504632.3061986561 0.1145067443 11.0041300577 0.0000000000 0.8876204225 0.7685674577 1.4596052341 -1.2952710291 0.0000000000 0.5972615684 -0.0000000000 -0.2091508057 0.3896959254 0.7874431772 -1.5368391652 -1.6922237009 0.0000000000 0.0000000000 
346290.0000000000 -1132916.6670616204 6092530.2861049930 1504632.7408267602 0.0088206356 11.3140434823 0.0519260984 1.5590529327 -1.4899809705 0.8487296084 -1.1482647605 1.7649890997 -0.1758858491 0.0000000000 -1.1238419167 0.2461365799 1.5025359905 -0.7665251728 -0.6993723193 0.0000000000 0.0000000000 
346320.0000000000 -1132914.9120707344 6092527.6404881170 1504632.5023124849 0.0120548727 11.3140434823 0.6224019439 1.5930757366 -0.4998450319 0.1284364341 -0.2375606195 0.7870639224 -0.0406914834 0.0000000000 -0.0819054967 -0.0171269716 0.2039414278 -1.3799100731 -0.8848173291 0.0000000000 0.0000000000 
346350.0000000000 -1132915.1826430263 6092526.7017207919 1504633.3325190516 0.0631543402 11.3140434823 0.3781332539 2.0463731885 0.5546877419 0.9223759270 -1.2780402903 0.4698607020 0.4846402500 -0.0000000000 -1.1091482779 0.2508611728 1.4410313195 -1.1226317625 -2.6985405116 0.0000000000 0.0000000000 
346380.0000000000 -1132914.8699004734 6092525.2526267599 1504632.1404569915 0.0127817954 11.0041300577 0.0000000000 1.7060432387 1.4685142639 0.6812533352 -0.0508035174 0.0000000000 -0.5851363914 0.0000000000 1.3107199533 -0.2565062112 -1.7582354429 -1.5118512465 -1.3161257717 0.0000000000 0.0000000000 
346410.0000000000 -1132915.1456292782 6092528.5458991434 1504632.4572265092 0.0787986571 11.3140434823 0.7741219962 1.9704251219 -0.3082891328 0.5097551086 -0.7926865512 0.0271350960 0.0428573403 0.0000000000 -0.2613054365 -0.2070772058 1.2452429690 -1.2773351058 -1.4282335154 0.0000000000 0.0000000000 
346440.0000000000 -1132915.5446972991 6092526.7346740626 1504631.7235929805 0.1639078404 11.3140434823 0.7512495330 1.9594838508 -0.1758762766 -0.0501725835 0.0551518301 1.8216418331 -0.2142555437 0.0000000000 -0.8329987426 -0.3141225081 -0.5975594818 -1.1027556273 -1.1636226683 0.0000000000 0.0000000000 
346470.0000000000 -1132915.5226619446 6092525.7738270778 1504632.2734711529 0.1455718587 11.1654816136 0.7936875631 1.8427444279 -1.0163040122 1.1608984135 -2.1886103849 -0.8722402341 0.0000000000 -0.0000000000 -0.6426293479 0.5215483464 3.7550381139 -1.2294439338 -1.4121981845 0.0000000000 0.0000000000 
346500.0000000000 -1132915.7315378562 6092527.8546626940 1504632.5161318774 0.2143685033 11.3140434823 1.1731011307 1.9085006583 0.1613128938 -0.4707049887 -0.2662596534 0.3545647259 -1.1119307807 -0.0000000000 -0.4844861156 0.1064291904 0.2514309957 -0.5189786928 -1.0016868161 0.0000000000 0.0000000000 
346530.0000000000 -1132914.9502980472 6092526.1333415415 1504632.3738069939 0.0642005630 11.3140434823 -0.2864355730 2.6596280312 0.1358060451 -0.1303959621 -0.5665359235 1.1258930758 -0.2871853291 -0.0000000000 -0.7417050686 0.4395916457 0.7490273950 -0.0857025991 -2.6603643642 0.0000000000 0.0000000000 
346560.0000000000 -1132915.8855077582 6092527.7989883758 1504632.5554343755 0.0033155125 11.3140434823 0.9853633169 3.3448657728 -0.3027685004 0.3153793826 -0.9434536765 -0.1223614364 -0.6665901678 -0.0000000000 0.5443259217 0.0650011224 1.1411641929 -2.0224961801 -2.0131600064 0.0000000000 0.0000000000 
346590.0000000000 -1132915.7327708593 6092525.8362593688 1504632.4902377096 0.0003375961 11.3140434823 -0.4819199601 3.3042562521 -0.8412021575 -0.5958186294 0.0899242059 0.5182999177 -1.0486250797 0.0000000000 0.7162130831 -0.4155461343 0.4413000761 0.2754105171 -1.6779514937 0.0000000000 0.0000000000 
346620.0000000000 -1132915.7073869533 6092526.6240879614 1504633.2450926469 0.0264424793 11.3140434823 -0.4651926020 4.1930480441 -1.5904980799 0.6321274183 -1.0167469254 2.7588296012 -0.7022653817 0.0000000000 -0.1741378031 0.2312703861 0.6349291210 -1.6642409723 -2.1419616496 0.0000000000 0.0000000000 
346650.0000000000 -1132915.5617412245 6092525.6735216072 1504632.2058664598 0.0563785194 11.3140434823 1.3771728154 3.4423279604 0.3747233305 0.2088116295 -0.7410952129 0.4207825191 -0.7565438794 0.0000000000 -0.6890205552 -0.6820411469 0.7125938965 -1.1499993328 -2.2874053672 0.0000000000 0.0000000000 
346680.0000000000 -1132915.4769464678 6092527.3329898035 1504632.2328012157 0.2422197416 11.3140434823 1.8450313648 4.1909751151 -1.6375796917 -0.4417723159 -0.8586097362 0.5543693353 -0.7872960131 -0.0000000000 -0.9753252119 -0.4841995395 2.5466048707 -1.2829105678 -1.9400267926 0.0000000000 0.0000000000 
346710.0000000000 -1132915.4799625897 6092527.6947673392 1504632.5826388816 0.0404381194 11.3140434823 0.9247003176 4.6996496925 -0.4823305201 1.1712653984 -2.0751273536 0.3585534811 -1.1421033085 -0.0000000000 -0.0584868552 -0.0542608419 2.1266751910 -2.1549714145 -2.6714958166 0.0000000000 0.0000000000 
346740.0000000000 -1132915.8111020329 6092525.6206992511 1504632.0006868306 0.2905111330 11.3140434823 0.7140004232 4.2528110283 0.5224629305 0.4836577425 -0.2958384866 3.1596259657 -0.9209470518 -0.0000000000 -0.8303100619 -0.8712716504 -1.7497883383 -1.8438210946 -2.5081493104 0.0000000000 0.0000000000 
346770.0000000000 -1132914.9625618958 6092523.6413764423 1504631.8648645636 0.0058125054 11.1654816136 1.8762457671 3.9303421485 0.8948654648 1.4321558895 -1.9045054467 0.0000000000 -0.7392118737 0.0000000000 -0.5623387262 -0.5959111945 1.1656911482 -2.5855730531 -2.6265742872 0.0000000000 0.0000000000 
346800.0000000000 -1132914.4064070727 6092525.1371966256 1504631.9162103026 0.3357278152 11.3140434823 0.5318865390 4.5386429929 0.0509108556 0.6031196535 -0.3630956302 2.5328832795 -1.1203359032 -0.0000000000 -0.0257681182 -1.2295872122 -1.4427980592 -1.8442739632 -2.0998885203 0.0000000000 0.0000000000 
346830.0000000000 -1132915.6377906082 6092526.6335691661 1504631.1464102089 0.5369015086 11.3140434823 1.0503662466 4.3218223797 -0.5096507272 -0.7163662266 0.6272406509 1.3311251746 -0.8328430938 -0.0000000000 1.0501401957 -1.0627336359 -1.2527124574 -2.1205382799 -1.8520043726 0.0000000000 0.0000000000 
346860.0000000000 -1132915.6321081514 6092526.0706458734 1504631.8633880150 0.6433003591 11.3140434823 0.8974206845 4.6834934644 -1.1595538444 0.4004428278 -0.9674719203 0.3271883383 -0.6468092027 0.0000000000 0.3115930354 -1.1304617809 1.5925988249 -1.6578243635 -2.0998154448 0.0000000000 0.0000000000 
346890.0000000000 -1132915.7475504812 6092526.9939724626 1504631.5423720486 0.1648178477 11.3140434823 -0.1312745606 5.1874056143 -0.7204158458 0.6976585149 -0.7974636277 1.8016988446 -0.9329317042 -0.0000000000 0.5493460167 -1.2017331989 -0.0315952171 -1.5536739763 -2.4512781208 0.0000000000 0.0000000000 
346920.0000000000 -1132915.7947231117 6092525.6154653588 1504631.5092027194 0.7804120983 11.3140434823 1.3576272767 5.4241723292 -1.8494197335 -0.0760345225 -1.1602146548 1.3424712155 -1.1311870642 0.0000000000 -1.1669483946 -1.1491190008 2.4374929265 -0.9290952825 -2.2006077341 0.0000000000 0.0000000000 
346950.0000000000 -1132914.8760954686 6092525.7642997624 1504631.6767702748 0.1726286197 11.3140434823 1.0598583621 5.6359458789 -0.9976994281 0.3234506954 -0.9826513834 0.5173479486 -0.9885149620 0.0000000000 0.4415873703 -1.4658803158 1.3000785615 -1.8110617050 -2.5006546426 0.0000000000 0.0000000000 
346980.0000000000 -1132914.7204803396 6092524.2871994572 1504631.3912063539 0.2293323878 11.3140434823 0.0181313519 5.8118797295 -0.6685841416 0.4434694401 -0.5189372367 3.2064950064 -1.1105097030 0.0000000000 -0.1066605582 -1.5094382661 -0.9489405751 -1.5565249033 -2.6530690890 0.0000000000 0.0000000000 
347010.0000000000 -1132914.9624653745 6092524.1717143962 1504630.0455176525 0.6900464207 11.0041300577 0.0000000000 5.3679312261 -0.5952144508 0.2609672963 -0.8047001433 0.0000000000 -0.5390036956 0.0000000000 1.3661514527 -1.1043490713 1.0914103029 -1.5420784013 -3.0708961528 0.0000000000 0.0000000000 
347040.0000000000 -1132915.1963467035 6092524.7639784776 1504631.7538457585 0.5966029378 11.3140434823 0.8870994364 6.5858943001 -0.8208296551 0.4380530639 -1.1702789437 1.2786485999 -1.6579679001 0.0000000000 0.9175185154 -1.2989163804 0.4331984359 -2.4018512296 -2.7055304433 0.0000000000 0.0000000000 
347070.0000000000 -1132915.9122589706 6092524.9216361195 1504631.3446622377 0.3960254082 11.1654816136 1.5815548314 6.4529151052 -0.7428521723 0.5770856124 -1.2439680772 3.3514010225 -1.0386246813 -0.0000000000 -1.2322944488 -1.2979617197 0.0000000000 -2.8111302168 -2.9454052188 0.0000000000 0.0000000000 
347100.0000000000 -1132914.9332274862 6092524.2299016407 1504631.2856798598 0.4431602114 11.1654816136 0.8185177161 6.3959665386 -0.8433780870 -0.5344250141 -0.1911439523 1.7120449457 -1.0102967032 0.0000000000 0.5505668068 -1.4816089647 0.0000000000 -1.8300321486 -3.1553109890 0.0000000000 0.0000000000 
347130.0000000000 -1132915.2387249586 6092522.9368305132 1504631.5805843428 0.6742359804 11.1654816136 1.3565001408 6.6302966103 -0.2626489696 -0.0067129710 -0.8963525596 2.1061495551 -1.7790330787 0.0000000000 -0.4910436756 -1.7650997911 0.0000000000 -1.4740803868 -2.9754786612 0.0000000000 0.0000000000 
347160.0000000000 -1132916.5865084566 6092525.4174695611 1504631.2854360321 0.4648449859 11.1654816136 0.8121989966 6.8927467761 -0.6823676072 0.0572692655 -1.0043028412 2.8875650761 -1.5652412707 0.0000000000 -0.4975940620 -1.3822911610 0.0000000000 -1.7248765592 -3.1835106600 0.0000000000 0.0000000000 
347190.0000000000 -1132915.1331930573 6092523.8495536875 1504632.0438582175 0.3083752937 11.1654816136 0.5204782021 7.5575681816 -1.4350079554 0.4464793850 -1.0292640646 1.5295072129 -1.5427929651 -0.0000000000 1.9426179156 -1.8029611085 0.0000000000 -3.0637250935 -2.6313872629 0.0000000000 0.0000000000 
347220.0000000000 -1132915.1665553041 6092522.9446374290 1504631.4012804104 0.3107458418 11.1654816136 1.9160835600 7.5217552962 -1.0789830151 -0.8296232429 -0.2554449589 1.7514840574 -1.5611272517 0.0000000000 0.5277427145 -1.9387275597 0.0000000000 -2.5367710266 -3.0621364220 0.0000000000 0.0000000000 
347250.0000000000 -1132915.0553600681 6092525.4277289277 1504631.8144359947 0.5836760696 11.1654816136 0.8595184293 8.1567443157 -0.9809776490 -0.3271235125 -0.6592643299 2.0182790893 -1.7586167000 0.0000000000 0.7508009265 -2.3374937890 0.0000000000 -1.7901994941 -3.4119215372 0.0000000000 0.0000000000 
347280.0000000000 -1132915.5552356080 6092523.6428722860 1504631.6366358788 0.1666134498 11.1654816136 1.0863396689 7.9190854177 -1.8307797697 -1.3534550045 -0.0051056620 2.6313592905 -1.8445826090 0.0000000000 0.6305628597 -1.6043705352 0.0000000000 -1.9351813824 -3.0444488486 0.0000000000 0.0000000000 
347310.0000000000 -1132914.9707397693 6092525.3797813030 1504631.4070125399 0.5213536316 11.1654816136 1.6367857523 8.0334921833 -1.6638999547 -1.0614814789 -0.3196741775 1.9786413061 -1.9719312000 -0.0000000000 1.2311408186 -1.4811566084 0.0000000000 -2.9725810845 -2.8553585364 0.0000000000 0.0000000000 
347340.0000000000 -1132915.7069274243 6092523.9319680035 1504630.8789181961 0.2374813205 11.1654816136 1.5499065067 8.4723093412 -1.1403041901 -0.1776039477 -1.1885024237 3.2558736986 -1.6686161848 -0.0000000000 -0.1798820261 -1.5710978727 0.0000000000 -3.0946199099 -3.5154106983 0.0000000000 0.0000000000 
347370.0000000000 -1132919.4128115193 6092533.2480354458 1504627.4802910518 2.8208389021 10.8275661707 0.1455702926 7.4836406620 -2.5483438028 0.0000000000 0.0000000000 2.3726493779 0.4760228571 -0.0000000000 1.2811086829 -3.2622822336 0.0000000000 -2.6370901058 -2.6736023117 0.0000000000 0.0000000000 
347400.0000000000 -1132914.8876295558 6092523.3456187658 1504630.9144625943 0.5624268867 11.1654816136 0.5084421065 9.1751874956 -1.9635644773 -0.9160661053 -0.6182355736 2.3127755333 -2.0375155802 -0.0000000000 2.2348028957 -1.2839761466 0.0000000000 -3.2136595721 -3.5090701893 0.0000000000 0.0000000000 
347430.0000000000 -1132914.9023716166 6092523.5071344404 1504629.8665812619 0.7025265696 11.1654816136 -0.2491135901 9.1916783622 -2.2751883387 -0.4618679070 -0.6631798495 3.1467235189 -1.6006977493 -0.0000000000 1.3483443214 -2.4740318826 0.0000000000 -1.8981234721 -3.2542149281 0.0000000000 0.0000000000 
347460.0000000000 -1132913.7859916040 6092524.2285710797 1504631.1653006701 0.4055739086 11.1654816136 1.0078636672 9.3647590972 -1.4964456872 -0.6443323773 -0.9683381941 2.2181268631 -2.7122992479 0.0000000000 1.3238694954 -2.4395180871 0.0000000000 -2.0341166747 -3.0076058184 0.0000000000 0.0000000000 
347490.0000000000 -1132915.1994952119 6092523.6354091419 1504632.0117253892 0.5059484362 11.1654816136 0.2181961505 9.6212457153 -0.6207301996 0.6269161335 -2.2623594699 2.6112065625 -2.3265890496 0.0000000000 1.4720754264 -1.4546334648 0.0000000000 -3.1777897412 -4.0012018537 0.0000000000 0.0000000000 
347520.0000000000 -1132914.5013219244 6092521.0527984360 1504630.7709050011 0.3412337544 11.1654816136 -0.7342808636 9.2354084958 -0.8363432760 1.3864293717 -2.7464082501 2.9802152111 -2.3539532115 -0.0000000000 1.3659929812 -1.7936130213 0.0000000000 -2.4308960312 -3.2981786225 0.0000000000 0.0000000000 
347550.0000000000 -1132914.4149880731 6092523.5671695080 1504631.2565383099 0.4095266676 11.1654816136 1.0933860039 10.3687866597 -2.1488627545 -0.6530849789 -1.1229497147 2.8436897850 -2.2520583835 0.0000000000 1.7692295166 -2.1554104327 0.0000000000 -3.5852476947 -3.3671657903 0.0000000000 0.0000000000 
347580.0000000000 -1132914.4769157835 6092523.4972764710 1504630.6509494178 0.6325748972 11.1654816136 1.2193143014 10.4299360792 -0.8524757344 0.8048887802 -2.4835652643 2.2638309624 -2.5631997105 -0.0000000000 1.3975088324 -2.7646345750 0.0000000000 -3.4657408958 -3.3455033085 0.0000000000 0.0000000000 
347610.0000000000 -1132913.5777368699 6092521.5913877795 1504630.7787910381 0.6482681353 11.1654816136 0.3694028414 10.7252987746 -1.3425820289 0.5573920334 -2.2897537824 1.8569678478 -2.8132128525 0.0000000000 2.7608780449 -2.5865938350 0.0000000000 -3.3896856463 -3.2242781806 0.0000000000 0.0000000000 
347640.0000000000 -1132914.9649983165 6092523.8221629737 1504630.5075444786 1.2058769805 11.1654816136 0.8207755382 10.9093801419 -2.0199959125 -1.0518743261 -1.1040706412 2.4944524661 -3.0685370393 -0.0000000000 2.1572307929 -2.5659289917 0.0000000000 -2.5518240848 -3.2890349398 0.0000000000 0.0000000000 
347670.0000000000 -1132915.0435573147 6092524.5614713989 1504630.8894664072 0.9954175405 11.1654816136 2.0602968858 11.1897366487 -2.2383951969 -1.3054909832 -1.0057161302 3.0357302581 -2.7138986486 0.0000000000 1.3142963612 -2.5283836402 0.0000000000 -3.6476676037 -3.3410086838 0.0000000000 0.0000000000 
347700.0000000000 -1132914.7794150542 6092524.3110333635 1504630.7990785190 0.7511254201 11.1654816136 0.3523275310 10.6781605294 -1.8286145869 -0.4910373258 -1.6717631426 3.1289284212 -2.9475597628 0.0000000000 1.5155642372 -2.5110753282 0.0000000000 -2.2288209697 -3.1622031532 0.0000000000 0.0000000000 
347730.0000000000 -1132913.3046013033 6092522.1395615228 1504630.9638593753 0.4731099547 11.1654816136 0.2782391234 11.8479731258 -1.5515256257 0.1801124177 -2.6543076724 2.2365192977 -3.8998260796 -0.0000000000 3.0192014613 -2.5096183736 0.0000000000 -3.1382485475 -3.0846938863 0.0000000000 0.0000000000 
347760.0000000000 -1132914.7487799381 6092523.5080835549 1504631.0099932346 0.7964278697 11.1654816136 0.4549091040 12.0479127031 -2.0010764493 -0.6947375945 -2.0337102740 2.8031194943 -3.5171907390 -0.0000000000 3.0451012766 -1.6888209042 0.0000000000 -3.8894469701 -3.6704838737 0.0000000000 0.0000000000 
347790.0000000000 -1132914.3612126112 6092521.8211707454 1504630.4223880509 0.9815203828 11.1654816136 1.8194625239 11.9349385525 -0.4242473879 -0.4293694051 -2.0088386290 1.1530714630 -2.7354753125 -0.0000000000 2.4005382734 -3.4158857376 0.0000000000 -3.4342635122 -4.4077235427 0.0000000000 0.0000000000 
347820.0000000000 -1132914.2948231085 6092521.0803192761 1504630.3445646006 1.3755851598 11.1654816136 1.9923223364 12.4004616474 -1.6397646463 -1.1523280580 -1.5443812639 2.8172207623 -2.6344825057 0.0000000000 1.5895528963 -3.0629054420 0.0000000000 -3.7874159853 -4.1869345998 0.0000000000 0.0000000000 
347850.0000000000 -1132915.4478031902 6092522.9960385505 1504630.5008834102 2.6023658069 11.1654816136 -0.2556870191 11.7951208155 -1.8585255776 -0.9279846875 -1.7808596853 4.0445427178 -2.6959008692 0.0000000000 1.5442114157 -2.1416155030 0.0000000000 -2.4327613377 -4.2467193070 0.0000000000 0.0000000000 
347880.0000000000 -1132914.4382877392 6092520.4798059585 1504630.1565670678 1.3804117183 11.1654816136 0.9506964737 12.3014151575 -0.8791598658 -1.1095063168 -1.7869176378 1.6624746412 -3.2591551958 -0.0000000000 2.9074133091 -2.8861036808 0.0000000000 -2.8508282522 -4.4692649291 0.0000000000 0.0000000000 
347910.0000000000 -1132915.4103387382 6092522.4267169703 1504630.3702798991 2.7645063512 11.1654816136 0.2005890155 13.3851892429 -1.3961032483 -0.9917232729 -2.1311894464 3.6109681338 -2.6592852412 0.0000000000 2.2275604968 -2.4268650507 0.0000000000 -3.4653700440 -5.3620864622 0.0000000000 0.0000000000 
347940.0000000000 -1132915.4371503333 6092523.6536236554 1504629.4689535908 3.8315447169 11.1654816136 0.5909516452 12.6917519239 -1.6199622076 -1.1070285999 -2.1287394593 4.0690160035 -3.2864651711 -0.0000000000 1.1111407459 -2.6969737173 0.0000000000 -2.4039184392 -4.1814173599 0.0000000000 0.0000000000 
347970.0000000000 -1132914.9229508981 6092523.8597163968 1504629.2540324449 2.2710029468 11.1654816136 -0.6974982173 13.6502526682 -2.8447135618 -1.0351968335 -1.5895984381 3.6914462490 -1.8346490427 0.0000000000 3.2239121316 -3.5181899338 0.0000000000 -3.3878167494 -4.6029572738 0.0000000000 0.0000000000 
348000.0000000000 -1132916.0566762269 6092530.6362235360 1504632.2084074540 0.2931955521 11.1654816136 0.9478038250 0.2250774592 -0.1986650372 0.6312867112 -0.5877745122 0.4661058046 0.5378353943 0.0000000000 -0.5328102276 0.3046664519 0.0000000000 -1.8695109639 0.1807966653 0.0000000000 0.0000000000 
348030.0000000000 -1132915.1335186632 6092531.0489788130 1504632.2155752052 0.3155305978 11.1654816136 -0.1487564353 0.2524294010 -0.1855300525 0.5866788336 -0.3390945014 -0.8507153344 0.6431357155 0.0000000000 1.7332064617 0.6566010630 0.0000000000 -2.2035934182 -0.2425364005 0.0000000000 0.0000000000 
348060.0000000000 -1132914.7727055675 6092529.2118188813 1504632.6011939889 0.3664966574 11.1654816136 0.1739844599 -0.1019646280 -0.0142313719 1.2254342839 -1.0242539144 -0.3862923326 0.4904185946 -0.0000000000 0.8600277450 0.8936990224 0.0000000000 -2.4391692040 0.2976551109 0.0000000000 0.0000000000 
348090.0000000000 -1132915.4662037501 6092530.9672018588 1504633.6431039360 0.1255818222 11.1654816136 -0.5598787170 0.5566837760 -0.7211585565 0.8790805905 -0.8015270338 0.3958378297 0.3604151697 0.0000000000 1.1297137077 0.9359590078 0.0000000000 -2.2065524018 0.1922668476 0.0000000000 0.0000000000 
348120.0000000000 -1132914.9181081005 6092529.8903969517 1504633.4758117509 0.0717266822 11.1654816136 0.0892215325 0.5462525880 -0.0695322767 0.7149657095 -1.0076079018 1.3975182469 0.1121901975 -0.0000000000 -0.8601693180 0.9128524708 0.0000000000 -1.3591087323 -0.1769159984 0.0000000000 0.0000000000 
348150.0000000000 -1132916.2587894246 6092529.7606600886 1504632.7709818038 0.0043178904 11.1654816136 0.0354035007 0.7466318146 0.2516048701 0.0834034236 -0.4150757264 0.0043847063 0.0177265317 -0.0000000000 0.8189738287 1.2164579272 0.0000000000 -1.7592574303 -0.9510692265 0.0000000000 0.0000000000 
348180.0000000000 -1132914.1552996216 6092529.1037937328 1504632.2426629006 0.0303170139 11.1654816136 1.6451891833 0.2184697277 0.7348343884 0.4346427087 -0.3692632765 -2.2369953937 -0.0373841414 -0.0000000000 1.0634191246 -0.6551344161 0.0000000000 -1.4217680997 0.1817353983 0.0000000000 0.0000000000 
348210.0000000000 -1132915.3521967097 6092529.6676488658 1504633.2383971924 0.0000539685 11.1654816136 0.7264756871 0.5366897417 -0.1774822387 -0.6344878217 0.4030419077 -0.7846984046 -0.5007670437 0.0000000000 0.9544252611 0.1195710164 0.0000000000 -0.7256901597 -0.0495304428 0.0000000000 0.0000000000 
348240.0000000000 -1132915.8725289614 6092529.2242605938 1504633.3168726014 0.0079812948 11.1654816136 0.9469934827 0.6050524695 -1.1013021289 -1.0356916467 0.6926260184 1.7658992455 0.4341645646 -0.0000000000 -0.6410195102 1.8111144790 0.0000000000 -2.4276190336 -0.6528904213 0.0000000000 0.0000000000 
348270.0000000000 -1132916.0567100858 6092528.6362125324 1504632.9597463084 0.0809875923 11.1654816136 -0.4835756654 0.0285709321 -0.0793724191 0.1540569017 -0.0746740962 0.6549120132 0.7487560574 0.0000000000 0.1099457859 1.0186433164 0.0000000000 -1.1383430071 -0.7810479996 0.0000000000 0.0000000000 
348300.0000000000 -1132916.1480335111 6092530.2879506378 1504633.6594665053 0.0082412110 11.0041300577 -0.3393898419 1.1444326960 -1.5759186823 -0.1357017258 0.0000000000 2.5445730372 0.8992815237 -0.0000000000 -0.5353613887 1.2271046199 0.0000000000 -2.2165468511 -0.4309423806 0.0000000000 0.0000000000 
348330.0000000000 -1132914.9826742935 6092528.2870516544 1504633.5804360998 0.1126994934 11.1654816136 -0.8612494007 0.6725479874 0.2529731601 1.1967754873 -1.2097377475 0.6250319511 0.8121878443 -0.0000000000 0.3077768152 0.6959959821 0.0000000000 -1.5370944952 -0.7835678980 0.0000000000 0.0000000000 
348360.0000000000 -1132915.7783918020 6092531.0650823526 1504633.2398461564 0.0002052112 11.1654816136 -0.2228663871 0.8101526705 -0.3572964890 0.1597518180 -0.1286305975 0.7345804758 0.9088716794 0.0000000000 0.1022108343 0.2875325756 0.0000000000 -1.3190076313 -0.7920557854 0.0000000000 0.0000000000 
348390.0000000000 -1132915.0504410937 6092528.3145554597 1504633.0711250363 0.1013728545 11.1654816136 0.8245305239 0.1079720202 -0.1438119317 -0.3091393832 0.0687908775 0.5767589048 -0.0586754033 -0.0000000000 -0.5455783980 0.9287322498 0.0000000000 -1.1513022820 -0.1728715293 0.0000000000 0.0000000000 
348420.0000000000 -1132916.3401998242 6092530.1330837570 1504632.1918282707 0.0036137101 11.1654816136 0.1925299491 0.3031816521 -0.3067337112 0.4818712938 -0.4755090000 1.2373044320 0.9541228421 0.0000000000 -0.7111800735 0.9996067880 0.0000000000 -1.9242170241 -0.4705732059 0.0000000000 0.0000000000 
348450.0000000000 -1132915.7302021114 6092530.6446456667 1504633.8194552411 0.0190241628 11.1654816136 -0.0254936406 0.6095377794 -1.6500955331 -0.4153906605 0.5046491110 1.3582963599 0.6328438560 0.0000000000 0.3570567946 1.1041834165 0.0000000000 -2.2040105484 0.0701126527 0.0000000000 0.0000000000 
348480.0000000000 -1132915.0360910557 6092530.8255933123 1504632.5694170506 0.1626551484 11.1654816136 1.4812390179 0.0218784128 -0.5299734181 0.0458719628 0.2115976176 -0.3930642205 0.8198406492 0.0000000000 0.0772835513 0.2342561244 0.0000000000 -2.2623132024 0.2386919580 0.0000000000 0.0000000000 
348510.0000000000 -1132915.0082910326 6092528.3151278002 1504633.2098450575 0.0883037248 11.1654816136 0.3999946235 0.4107790967 0.2122359396 0.4381611441 -0.5904847034 -0.0974650865 0.1632297186 -0.0000000000 0.1318576515 0.3980405424 0.0000000000 -1.2409618936 -0.2227892593 0.0000000000 0.0000000000 
348540.0000000000 -1132915.2865840795 6092528.6110203071 1504632.1354574168 0.0286902128 11.1654816136 0.3939719821 0.5171158275 0.6764287071 0.4575262288 -0.7386508799 0.6487679052 0.6091955470 0.0000000000 -0.7839275105 0.7900329195 0.0000000000 -1.3305990129 -1.0989527874 0.0000000000 0.0000000000 
348570.0000000000 -1132915.5603857066 6092528.2609601505 1504632.6563145285 0.0180952475 11.1654816136 -0.3232162725 0.5626483691 0.1796625991 0.1023458048 -0.2951814740 0.1965348798 0.1337368748 -0.0000000000 0.4541472490 0.6186203566 0.0000000000 -0.8214262328 -0.7431059723 0.0000000000 0.0000000000 
348600.0000000000 -1132914.8932265933 6092530.1021538628 1504632.6070595030 0.1102653989 11.1654816136 0.7993253298 -0.0687913047 0.6115356467 0.1850560584 -0.1512979080 -1.0376726215 0.3870965189 -0.0000000000 0.7348229189 0.8099892110 0.0000000000 -1.7686375079 -0.6944436381 0.0000000000 0.0000000000 
348630.0000000000 -1132916.0866062606 6092529.0808539949 1504633.6991911344 0.0234083669 11.1654816136 -0.0762179696 0.7205009063 -1.1707300707 -0.8893694171 0.5826901058 1.5649828174 -0.2535895641 -0.0000000000 0.1312750861 1.5910842495 0.0000000000 -1.5254330125 -0.3092875806 0.0000000000 0.0000000000 
348660.0000000000 -1132915.3790298617 6092529.1469456377 1504633.2800437289 0.0000189690 11.1654816136 -0.0964590223 -0.0728994944 -0.2151210350 -0.3275264137 0.6200118234 0.2799281920 0.9597255776 -0.0000000000 0.3002524305 0.8197994309 0.0000000000 -1.2245978740 -0.9709696337 0.0000000000 0.0000000000 
348690.0000000000 -1132916.0231764454 6092531.4072707947 1504634.3137981230 0.0334669676 11.1654816136 0.3494165923 0.7789494271 -0.7770221187 0.0725050763 -0.1361441601 0.8891720737 0.6549437434 -0.0000000000 -0.0254706715 0.7695621188 0.0000000000 -2.1119852300 -0.2347527519 0.0000000000 0.0000000000 
348720.0000000000 -1132916.1744906697 6092530.0581032280 1504634.4748398713 0.0147963919 11.1654816136 0.4480433469 1.1842523576 -1.6612953678 0.6662468811 -0.8472421466 1.6229053322 0.5738689226 0.0000000000 -0.1337058768 1.1735377168 0.0000000000 -3.3869179546 0.7843576880 0.0000000000 0.0000000000 
348750.0000000000 -1132915.6063053715 6092529.5152552426 1504633.4200732305 0.0173737609 11.1654816136 -0.0366880685 0.4630312036 -0.1494842414 0.6465658110 -0.5919213181 0.8756888060 1.1571781204 0.0000000000 -0.4905531094 0.5534783958 0.0000000000 -1.6477090791 -0.5693983262 0.0000000000 0.0000000000 
348780.0000000000 -1132915.3709046983 6092529.6100711925 1504633.1188647333 0.0121294053 11.1654816136 1.6187281153 0.5615036736 0.0361171135 0.0602636636 -0.5011112906 0.4080746083 -0.0835766925 0.0000000000 -1.0601533566 0.5253253071 0.0000000000 -1.5503176151 0.0863570373 0.0000000000 0.0000000000 
348810.0000000000 -1132915.7366907871 6092531.5332764843 1504633.6271685180 0.0004018339 11.1654816136 0.1003237008 0.2129018159 -0.1577914594 0.8669706348 -0.9679030289 1.0489216886 0.6342117952 -0.0000000000 -0.8214335117 0.9195292169 0.0000000000 -1.6266591924 0.0409604396 0.0000000000 0.0000000000 
348840.0000000000 -1132915.6119404396 6092531.5229202630 1504633.1455312145 0.0018704735 11.1654816136 -0.3434151830 0.1856150106 -0.3963435651 0.6107916428 -0.5202494628 1.0248130027 0.8359678841 0.0000000000 -0.3875962089 0.7856812390 0.0000000000 -1.3973491203 -0.1547770635 0.0000000000 0.0000000000 
348870.0000000000 -1132914.0948490400 6092529.0456835721 1504632.8645439821 0.0000798602 11.1654816136 1.5707931722 0.1318906074 0.5382140949 0.7219504443 -0.7221995639 -0.9264630023 0.8287782960 -0.0000000000 0.0441774498 0.7153362544 0.0000000000 -2.6749522897 -0.3804913138 0.0000000000 0.0000000000 
348900.0000000000 -1132914.8682804734 6092529.0955777308 1504632.3775897303 0.0919307945 11.1654816136 0.0954404131 0.1422497907 -0.3990909128 0.9828339630 -0.9737787343 0.9716126387 0.7671527592 0.0000000000 -0.7309787827 0.8171764718 0.0000000000 -1.7729479649 0.3426350242 0.0000000000 0.0000000000 
348930.0000000000 -1132916.0568537822 6092531.8994943695 1504633.2184895582 0.0064964852 11.1654816136 -0.9966476541 0.5225115789 0.1358507591 0.4986426101 -0.7053811692 1.0351622758 0.4364446718 -0.0000000000 0.0748099141 1.1264694365 0.0000000000 -1.0208220960 -0.8649473723 0.0000000000 0.0000000000 
348960.0000000000 -1132915.3723703036 6092529.6753233094 1504632.7365292455 0.0040349244 11.1654816136 -0.7038224951 0.4799787132 -0.2657629598 0.5473678781 -0.5618169539 1.4762817026 1.0300570276 0.0000000000 -0.6538577597 0.7368707914 0.0000000000 -1.1208547867 -0.6345375054 0.0000000000 0.0000000000 
348990.0000000000 -1132915.7677827720 6092528.9187658094 1504632.7845207604 0.1834223898 11.1654816136 -0.0966289092 -0.0733044346 -0.2617461884 -0.1776474414 -0.0348723259 1.8346914086 -0.0769258186 0.0000000000 -1.5788378977 0.9681139502 0.0000000000 -0.0377045133 -0.0925056062 0.0000000000 0.0000000000 
349020.0000000000 -1132915.6547887565 6092530.6821595281 1504633.3015307116 0.0024914344 11.1654816136 -0.7543298862 0.2629856806 -0.4831669738 0.3510856956 -0.5122238784 2.0667172196 0.3964789013 0.0000000000 -1.1487593230 1.0928775164 0.0000000000 -0.6782180993 -0.1484254983 0.0000000000 0.0000000000 
349050.0000000000 -1132916.1545289895 6092528.6159320800 1504633.8926473735 0.1581153584 11.1654816136 0.4810138169 0.2300648916 -0.2006587462 0.1777442457 -0.5344377331 1.4280892420 -0.0284127753 0.0000000000 -1.4454805109 1.0256293666 0.0000000000 -0.9414791108 0.1208354135 0.0000000000 0.0000000000 
349080.0000000000 -1132915.8683617306 6092528.7657335587 1504633.8996350581 0.1616461322 11.1654816136 -1.2047110946 0.4688528549 -0.8454482583 -0.3567733435 0.3884976074 1.7427495120 0.3030091197 -0.0000000000 0.2421540440 1.4261504045 0.0000000000 -1.0615822752 -0.7236276431 0.0000000000 0.0000000000 
349110.0000000000 -1132914.5616799376 6092528.4136368362 1504633.6903632004 0.0904828911 11.1654816136 -0.4523779881 0.1495319472 -0.2109621841 0.4106986404 -0.3009474960 -0.0208693788 0.3610730640 -0.0000000000 0.7779095149 0.6611773534 0.0000000000 -1.2057187992 -0.1425641320 0.0000000000 0.0000000000 
349140.0000000000 -1132914.1669700241 6092527.4575792635 1504633.2738151380 0.0058699820 11.1654816136 0.6458096622 0.3236401696 0.1947957966 -0.1715623702 -0.0841930880 0.3462640918 0.0299157090 -0.0000000000 -0.4073134566 0.8432318197 0.0000000000 -1.0722292099 -0.5635885520 0.0000000000 0.0000000000 
349170.0000000000 -1132914.5231223132 6092529.2877990333 1504632.5893632630 0.0138316828 11.1654816136 -0.2181350876 0.3259904468 -0.2304486132 0.6334635618 -0.5479956997 0.4956749140 0.9424989284 0.0000000000 0.0669618357 0.8230110212 0.0000000000 -1.7800007350 -0.3687266737 0.0000000000 0.0000000000 
349200.0000000000 -1132914.9231787070 6092528.9206605591 1504633.2019728194 0.0743937778 11.1654816136 1.8019533283 0.2963065056 0.3682916085 -0.3890909901 0.0214662435 -0.1227447002 -0.1442202049 -0.0000000000 -0.9522587558 0.4584527675 0.0000000000 -1.0267023106 -0.3269223402 0.0000000000 0.0000000000 
349230.0000000000 -1132915.6898933467 6092530.5880591692 1504632.9392707793 0.1260900763 11.1654816136 2.1705673416 0.4151158562 0.0357210704 -0.3524032672 0.0162451304 -0.5695575481 -0.2579140076 -0.0000000000 -0.4335853883 0.4932358470 0.0000000000 -1.7006060389 0.0968184288 0.0000000000 0.0000000000 
349260.0000000000 -1132915.4276060131 6092530.7291004788 1504632.0302831151 0.2092664917 11.1654816136 1.1495497975 0.0784188265 0.4792141179 0.7872831223 -1.0007550075 -0.2855375534 0.5149181380 0.0000000000 -0.7237359897 0.6345280936 0.0000000000 -1.6466256034 -0.0024501710 0.0000000000 0.0000000000 
349290.0000000000 -1132915.8024869196 6092530.7532293256 1504633.8677631132 0.0463753337 11.1654816136 -0.3073377349 0.6595451050 -0.2847563712 -0.0876989766 -0.0842268648 1.3542570722 0.4721427751 -0.0000000000 -0.1606487172 1.6269738073 0.0000000000 -1.8776164871 -1.0049588429 0.0000000000 0.0000000000 
349320.0000000000 -1132915.2617229421 6092529.2343035620 1504634.0043446871 0.0987605574 11.1654816136 1.3253428955 0.5374517069 -0.3169778236 0.1115356338 -0.1632988780 -0.7873139300 0.2725835641 -0.0000000000 0.8525494397 1.0401253931 0.0000000000 -2.8983584806 -0.0718088868 0.0000000000 0.0000000000 
349350.0000000000 -1132915.6715646351 6092530.6169530647 1504633.1760110769 0.0146714807 11.1654816136 -0.1419543818 0.0820039076 0.1686552388 0.1095190947 -0.1731928793 0.7810071151 0.3417517106 -0.0000000000 -0.3127209057 1.3599014490 0.0000000000 -1.2377765063 -0.8005984945 0.0000000000 0.0000000000 
349380.0000000000 -1132915.9542981030 6092532.0803510956 1504633.7394630935 0.1252876584 11.1654816136 -0.5208451323 1.0079530803 -1.3537153806 -0.3837417542 0.4280764259 1.7362974338 0.6505746400 0.0000000000 0.0915240031 1.0148094366 0.0000000000 -1.8733900040 -0.4169738375 0.0000000000 0.0000000000 
349410.0000000000 -1132915.7217768109 6092530.2388304472 1504633.8208220464 0.1815604392 11.1654816136 -0.5824632828 0.8667909391 -0.9445332240 -0.2833053280 0.2069208487 1.2354694826 0.2386037288 -0.0000000000 0.3355931437 0.7890466419 0.0000000000 -1.2933750053 -0.2989864642 0.0000000000 0.0000000000 
349440.0000000000 -1132915.6604565955 6092529.8064976986 1504634.4558437008 0.2056902073 11.1654816136 0.2037919174 0.7817465630 -0.9012967820 -0.7726113088 0.5195853447 1.1269333236 -0.4364464758 -0.0000000000 -0.1408797147 0.6100633135 0.0000000000 -0.7788837357 0.0219192796 0.0000000000 0.0000000000 
349470.0000000000 -1132915.8144905656 6092528.9860485978 1504633.4814180075 0.0162617567 11.1654816136 -0.9410412194 0.6213203621 -0.5384817789 -0.4065430115 0.6300598155 0.2332117268 0.2596272532 -0.0000000000 1.8117400371 1.1178115250 0.0000000000 -1.6802905967 -1.0521425586 0.0000000000 0.0000000000 
349500.0000000000 -1132915.3645682652 6092528.6643452877 1504633.0660226198 0.1829693972 11.1654816136 -0.2572306163 0.4162379678 0.3747730428 -0.1638237748 -0.2374620705 0.4075995646 -0.5627805108 0.0000000000 0.4514209668 1.4337638090 0.0000000000 -0.9764112764 -0.7934400696 0.0000000000 0.0000000000 
349530.0000000000 -1132915.9892417430 6092530.2509372095 1504633.5710471286 0.0361651667 11.1654816136 -0.1899697407 0.8003552268 -0.7157504508 -1.0078477360 0.8576748177 1.6283803088 -0.1852663671 -0.0000000000 -0.0911497098 1.3223965256 0.0000000000 -1.1823840787 -0.9172912274 0.0000000000 0.0000000000 
349560.0000000000 -1132916.0403551334 6092531.3321760446 1504633.6543745662 0.0087439839 11.0041300577 -2.5962585644 0.9986737337 -1.3534888965 -0.1506277396 0.1902351902 2.3580985912 0.1980165871 0.0000000000 1.0116901444 1.1390306011 0.0000000000 -0.8572997433 -0.4739767790 0.0000000000 0.0000000000 
349590.0000000000 -1132916.0326978224 6092530.6085835993 1504632.4711933413 0.0126740548 11.1654816136 -0.2768127858 0.5930676407 -0.4906960338 0.1716743172 -0.3574719390 1.6378676146 0.5853554913 -0.0000000000 -0.8914721842 1.1388118407 0.0000000000 -1.3896018884 -0.3640549265 0.0000000000 0.0000000000 
349620.0000000000 -1132916.3221129186 6092530.6880847458 1504633.3338233051 0.1834419192 11.1654816136 -0.4539647702 0.5832258305 0.4354930713 0.1199922520 -0.5103783788 0.1299874783 -0.1913010878 0.0000000000 0.7020726721 1.0066240159 0.0000000000 -0.9699204476 -0.8125477634 0.0000000000 0.0000000000 
349650.0000000000 -1132915.7689901183 6092528.9403757527 1504632.0489609549 0.0354524952 11.1654816136 -0.8382685581 -0.8893253192 0.5356255217 1.1221853981 -0.2935287078 -1.7469390887 0.9159598865 0.0000000000 2.3844050021 1.2005145742 0.0000000000 -1.9981446234 -0.6992864786 0.0000000000 0.0000000000 
349680.0000000000 -1132915.0745734295 6092529.2871211721 1504631.7012694664 0.1276951038 11.1654816136 0.8568435300 -0.2512710206 0.2277662170 1.5401468597 -1.4465677943 -1.1187217371 1.0701955555 -0.0000000000 0.0149881183 0.7188271383 0.0000000000 -2.2892055620 0.5576885408 0.0000000000 0.0000000000 
349710.0000000000 -1132917.2130863501 6092531.6011782857 1504633.6623411437 0.0017203349 11.1654816136 -1.6370292800 0.3556671746 -1.1344083877 0.0784061122 0.2844046617 1.9796341681 0.5965009506 0.0000000000 0.4154300057 1.6926550560 0.0000000000 -1.7514763873 -0.4805550650 0.0000000000 0.0000000000 
349740.0000000000 -1132916.4239993913 6092530.7939255387 1504633.2741508004 0.1513588203 11.1654816136 -2.0354039518 0.5392031017 -0.4576847680 0.2366409829 -0.3434095530 2.9687609963 0.7518340337 0.0000000000 -1.0316365407 1.4299128388 0.0000000000 -0.5523462069 -0.9338379468 0.0000000000 0.0000000000 
349770.0000000000 -1132915.9191120558 6092531.6198726976 1504632.9868375671 0.0173434227 10.8275661707 -0.7241513828 0.0307825725 -0.3252040661 0.0000000000 0.2325235836 0.7586846586 0.2584025006 0.0000000000 0.3068722318 0.9457792227 0.0000000000 -0.8730178074 -0.4627508655 0.0000000000 0.0000000000 
349800.0000000000 -1132916.0665814744 6092530.6701813685 1504633.1069579371 0.0286110711 11.0041300577 0.0000000000 0.0252590297 -0.1858005723 -0.0870159994 0.4400056529 -0.1490258538 0.4302003098 -0.0000000000 0.7559779391 0.8129691616 0.0000000000 -1.4194919373 -0.6409376696 0.0000000000 0.0000000000 
349830.0000000000 -1132915.4533652768 6092528.9215309350 1504633.5967602546 0.1542086335 11.1654816136 -0.0744552432 0.8050978025 -0.4561800396 -0.2894063231 -0.1571238533 0.7442444449 -0.7295833282 0.0000000000 0.4514213444 1.2595245040 0.0000000000 -1.3729516303 -0.0176981345 0.0000000000 0.0000000000 
349860.0000000000 -1132916.4610960102 6092530.7523781322 1504633.0048328973 0.0871221286 11.1654816136 -1.2952693424 0.6432371734 -0.0477141608 0.2261221109 -0.3944658231 0.6849104534 0.0836173177 0.0000000000 1.0726630536 1.1949845870 0.0000000000 -1.2507854617 -0.7836344022 0.0000000000 0.0000000000 
349890.0000000000 -1132915.3930622956 6092529.8241917221 1504633.0721673202 0.0649323624 11.1654816136 0.5364084223 0.4126348170 -0.6401280717 -0.4581173392 0.5499971055 0.0248781620 -0.2459747864 -0.0000000000 0.7138915214 0.9565927758 0.0000000000 -1.7190854392 -0.1069516882 0.0000000000 0.0000000000 
349920.0000000000 -1132914.7557044660 6092529.5153104225 1504632.6412794695 0.0094308412 11.1654816136 0.3725759271 0.3376433788 -0.7706233422 0.4706270898 -0.2996876264 -0.1741661674 0.6386000208 -0.0000000000 0.4195671309 0.6240407893 0.0000000000 -2.0355679670 0.4487579100 0.0000000000 0.0000000000 
349950.0000000000 -1132916.6636597959 6092532.8604224930 1504633.5773378895 0.0598864343 11.1654816136 1.0744138066 -0.2505036493 -0.1723111408 0.5831143722 -0.2843643061 0.5994162249 1.2086501059 -0.0000000000 -1.3699700721 1.9163597404 0.0000000000 -2.7083017153 -0.3855672060 0.0000000000 0.0000000000 
349980.0000000000 -1132915.6238351667 6092531.1353073474 1504633.7639067727 0.2705778617 10.8275661707 0.0000000000 -0.0421317805 -0.8647843679 0.0000000000 0.4849198523 1.6615335852 0.9779676636 -0.0000000000 -1.1550339491 1.4624443215 0.0000000000 -1.7992763480 -0.3771936303 0.0000000000 0.0000000000 
350010.0000000000 -1132916.2978860056 6092531.3933525411 1504633.4613573460 0.0071908248 11.0041300577 0.2844694869 0.8042769235 -0.7183248786 0.4568357374 -0.4418735845 0.3403703273 1.4883264296 0.0000000000 -0.3854064188 0.0000000000 0.0000000000 -1.6831663781 -0.0223814775 0.0000000000 0.0000000000 
350040.0000000000 -1132913.7386184367 6092529.1494250782 1504632.3836495692 0.0473717718 11.1654816136 0.9018025445 -0.8002957053 0.3133528746 1.2711491980 -0.8262258710 -2.1485686054 0.6831563303 -0.0000000000 0.8821045058 0.4286478803 0.0000000000 -1.6356270734 0.6326816739 0.0000000000 0.0000000000 
350070.0000000000 -1132915.2222377758 6092528.5053547136 1504633.0722233597 0.0723753501 11.1654816136 0.6420779741 0.6664579872 -0.1449285637 -0.2033194444 -0.1141080674 0.1588981125 -0.1596418976 0.0000000000 0.1523557854 1.1188817074 0.0000000000 -1.7084601400 -0.3426935542 0.0000000000 0.0000000000 
350100.0000000000 -1132915.4275696320 6092529.2507785959 1504632.9747536534 0.0268015005 11.0041300577 -0.3672318360 0.5385961187 0.2901200810 0.0000000000 -0.3197886356 0.7465498288 0.0630901847 0.0000000000 0.0293342034 1.2897640303 0.0000000000 -1.1749698528 -0.9503251482 0.0000000000 0.0000000000 
350130.0000000000 -1132915.2095072209 6092530.3880700395 1504632.1497913792 0.0565839164 11.1654816136 -0.1992788070 -0.2427010821 0.2202284304 1.0108234253 -0.8993911011 -0.1568630618 0.9045892269 -0.0000000000 -0.2312697110 0.6574602252 0.0000000000 -1.0153221588 -0.0110389093 0.0000000000 0.0000000000 
350160.0000000000 -1132913.2013697042 6092526.4457225027 1504630.3972369784 0.0569499463 10.8275661707 0.6421079498 0.0000000000 1.1554348500 0.6034036292 -0.9143349076 -1.7714670860 0.2729509026 0.0000000000 0.7496699947 0.0000000000 0.0000000000 -0.5068480701 -0.5083861489 0.0000000000 0.0000000000 
350190.0000000000 -1132914.3561286654 6092526.9897161378 1504631.8786237896 0.0729456838 11.1654816136 -2.0142103889 -0.2599012876 -0.3528315794 -0.0120663101 0.4918693281 1.7381351936 0.2767333043 0.0000000000 -0.0078644770 0.4068880207 0.0000000000 0.5197228575 -0.5429839062 0.0000000000 0.0000000000 
350220.0000000000 -1132915.2068415319 6092528.4446480470 1504633.0764835966 0.0381631408 11.1654816136 -1.5813599767 0.1189421949 -0.2258347344 0.3014379541 0.2814108164 0.4839679655 0.8899205516 -0.0000000000 1.3327408181 0.8094115564 0.0000000000 -1.2751518719 -1.0799083881 0.0000000000 0.0000000000 
350250.0000000000 -1132914.6078590918 6092528.8059986476 1504633.3585993333 0.0184552595 11.1654816136 -0.6949528680 0.5130525848 -0.4823386762 0.1134362847 -0.0728293091 1.3034181267 0.9032336894 0.0000000000 -0.5735726955 0.4173736591 0.0000000000 -0.7464212000 -0.4458355690 0.0000000000 0.0000000000 
350280.0000000000 -1132916.0150410368 6092530.2994623855 1504632.7424169024 0.1415761727 11.0041300577 -1.1460609029 -0.1701592658 0.0000000000 0.7792919879 -0.5089097624 0.8307627460 0.7306399081 0.0000000000 0.0029494900 1.3310522999 0.0000000000 -1.2049299078 -0.4678217599 0.0000000000 0.0000000000 
350310.0000000000 -1132915.9062985403 6092530.5995993195 1504633.4438881022 0.0167515164 11.1654816136 -1.3492820430 -0.1030469447 -0.6097667183 0.0965041674 0.4321416624 2.1501915651 0.7149429165 -0.0000000000 -0.7594399836 1.3328947506 0.0000000000 -0.8923371318 -0.6517434225 0.0000000000 0.0000000000 
350340.0000000000 -1132915.8082341158 6092528.9066742323 1504633.4724154535 0.0028616012 11.1654816136 -2.6441776884 -0.1992840261 -0.6446904991 -0.0795510704 0.6764996340 2.4133169593 -0.2421395865 0.0000000000 0.5086494623 1.3641918359 0.0000000000 -0.2374279354 -0.5899851717 0.0000000000 0.0000000000 
350370.0000000000 -1132916.1375856355 6092531.7153512724 1504633.3813509436 0.1934203977 11.1654816136 -1.1587622410 -0.2877489291 -0.1384716938 0.1584771762 0.2057247402 2.9488566074 1.0348054895 0.0000000000 -2.3430197522 1.6931765478 0.0000000000 -0.5250940588 -1.0753796347 0.0000000000 0.0000000000 
350400.0000000000 -1132915.1456150671 6092530.5270914445 1504633.0747677579 0.4798490210 11.1654816136 0.1306938880 -0.2248416372 0.3736983494 -0.0564336332 0.4855670506 -0.1165989622 0.2985610240 -0.0000000000 0.4729461264 1.3793214440 0.0000000000 -1.5221035319 -1.2311464568 0.0000000000 0.0000000000 
350430.0000000000 -1132915.0138752488 6092529.7555986410 1504633.2052528351 0.1826936810 11.1654816136 0.3683277528 -0.2163264220 -0.1021891602 -0.2339675508 0.3666701736 0.5166225170 -0.3785182393 -0.0000000000 -0.4953044256 0.9837861401 0.0000000000 -0.6037560548 -0.1001085085 0.0000000000 0.0000000000 
350460.0000000000 -1132916.1245439735 6092530.6700006304 1504633.0537618401 0.5056925811 11.1654816136 -0.1951377240 -0.2568799421 -0.2215838397 0.9078780570 -0.4421204454 0.0099023917 0.8954508696 -0.0000000000 0.1298417376 1.5409945553 0.0000000000 -2.1316837913 -0.1419564871 0.0000000000 0.0000000000 
350490.0000000000 -1132916.5837921477 6092532.3754591197 1504634.1625754293 0.1521987613 11.1654816136 0.2261812991 -0.0158969955 -0.3660269577 0.2711438732 0.2835156285 -0.3249953659 0.7438128627 -0.0000000000 0.6014562697 0.9776512078 0.0000000000 -1.9779365554 -0.4232361729 0.0000000000 0.0000000000 
350520.0000000000 -1132915.2811482218 6092529.8246981744 1504632.9032934082 0.0114371378 11.1654816136 -0.5454710797 -0.2385334017 0.4177028264 0.2509175457 0.1256021906 -0.7446566351 -0.0861575851 -0.0000000000 1.6724816929 0.8717729306 0.0000000000 -1.0812367524 -0.7828361440 0.0000000000 0.0000000000 
350550.0000000000 -1132914.7663180702 6092528.1187828556 1504633.2280529884 0.0018508755 11.1654816136 2.1345990555 0.3177482421 0.5573750102 -0.7941219426 0.9281848088 -1.2168573913 0.4613290042 -0.0000000000 0.1646105992 0.7215443116 0.0000000000 -1.8009936825 -1.6353447270 0.0000000000 0.0000000000 
350580.0000000000 -1132915.1448149488 6092530.5228441712 1504633.5422497957 0.3555030922 11.1654816136 2.6417725429 0.5805525323 0.2480067931 -0.9314261774 0.7603995369 -0.6585075921 0.3187411466 0.0000000000 -0.8167078963 0.9407213309 0.0000000000 -1.9187182505 -1.1965023634 0.0000000000 0.0000000000 
350610.0000000000 -1132915.0223727091 6092528.2272864655 1504633.4873194983 0.0014604203 11.1654816136 1.1068193998 -0.4648568785 0.1137474254 -0.4505444192 1.0822599209 0.5591985437 0.3789289435 -0.0000000000 -1.1565532201 1.6180609697 0.0000000000 -1.4711061182 -1.1768961331 0.0000000000 0.0000000000 
350640.0000000000 -1132914.8889864339 6092528.1459565265 1504632.3586135642 0.0057921387 11.1654816136 0.4487069460 -0.1347607568 0.1557150530 0.1055698215 0.3122250531 -0.0035416007 0.8588993336 0.0000000000 -0.3399325437 0.9687112861 0.0000000000 -1.3673063625 -0.9555679166 0.0000000000 0.0000000000 
350670.0000000000 -1132916.6287999810 6092529.7902390268 1504634.0887377881 0.0181183344 11.1654816136 -1.1063813488 0.6696369857 -0.5633363436 0.3874604560 0.0615187969 0.9731057072 1.3102979768 0.0000000000 0.6892885815 1.5578995481 0.0000000000 -2.6697564402 -1.1489530098 0.0000000000 0.0000000000 
350700.0000000000 -1132915.9792085842 6092529.6024512611 1504634.0963540303 0.0084767186 11.0041300577 1.0756102563 0.4560729993 -0.1034297060 -0.7569149727 1.1336201176 0.0000000000 0.8806474757 -0.0000000000 -0.1651649775 0.5051388013 0.0000000000 -1.5366661803 -1.4904683493 0.0000000000 0.0000000000 
350730.0000000000 -1132915.9092555384 6092532.0742461002 1504632.2160751054 0.1059550582 11.0041300577 0.4280360831 0.4829863235 -0.4633262425 0.1204927482 0.0561193575 0.0000000000 0.6583355119 -0.0000000000 0.2060304176 1.1125620703 0.0000000000 -2.1520973977 -0.3839399638 0.0000000000 0.0000000000 
350760.0000000000 -1132915.7164832228 6092529.1135466425 1504631.5169116722 0.0424161224 11.0041300577 -0.7817453494 0.0653304674 -0.2737362013 0.5364003199 0.1065938574 0.0000000000 0.8126229292 0.0000000000 1.1743373276 1.2631879627 0.0000000000 -2.1365973833 -0.7476782512 0.0000000000 0.0000000000 
350790.0000000000 -1132914.9887091378 6092528.5584993893 1504632.6986707184 0.0418478311 11.0041300577 0.2582571117 0.0296065036 -0.4417379619 -0.0153673897 0.7245524116 0.0000000000 1.1561016850 0.0000000000 0.0315041824 0.3262507157 0.0000000000 -1.3246528348 -0.7194468621 0.0000000000 0.0000000000 
350820.0000000000 -1132915.2126098247 6092527.2398089422 1504633.7337120085 0.3609791725 11.0041300577 0.2028580731 0.8680582393 -0.3462434851 -0.7420694774 0.8179033531 0.0000000000 -0.2990090001 -0.0000000000 1.4718399791 0.9538771707 0.0000000000 -2.0029125813 -0.9860491965 0.0000000000 0.0000000000 
350850.0000000000 -1132915.6474586274 6092530.1464375965 1504632.7152268221 0.0184330643 11.0041300577 0.9603760465 0.2510617599 -0.1857194932 0.1751160753 -0.0708861726 0.0000000000 1.0013510037 -0.0000000000 -0.9148876503 0.9660007780 0.0000000000 -1.6362860829 -0.4297937220 0.0000000000 0.0000000000 
350880.0000000000 -1132914.5730147196 6092525.1424818831 1504631.7263995348 0.0474210562 11.0041300577 -1.3383211153 0.0335016757 0.1601905664 0.8061011580 -0.3574265424 0.0000000000 0.9417633707 0.0000000000 1.2074582206 0.9826333036 0.0000000000 -1.5307002952 -0.9086299484 0.0000000000 0.0000000000 
350910.0000000000 -1132915.3433476470 6092526.2127836784 1504632.3921243891 0.0247864505 11.1654816136 0.7156969434 0.5383209279 0.0636990921 0.2050238828 -0.0031550541 0.0000000000 0.8989874373 0.0000000000 0.1601000228 1.2303623947 0.0000000000 -2.6206492307 -0.8002877955 -0.3830889140 0.0000000000 
350940.0000000000 -1132915.1133264599 6092529.6186755886 1504632.5316673531 0.0188194145 11.1654816136 0.4372320965 -0.0081752633 0.2474758655 0.8446947653 -0.1993276266 0.0000000000 0.5208923692 -0.0000000000 0.8102198906 1.0270706599 0.0000000000 -2.8499030142 0.1242268916 -1.0561360337 0.0000000000 
350970.0000000000 -1132913.7149865518 6092528.0386545295 1504632.9006460956 0.0298257358 11.3140434823 -0.0953652003 0.8947657817 0.7247512637 0.8257998995 0.1484359353 0.0000000000 0.1576526070 0.0000000000 1.6394363523 -0.5446825933 0.0000000000 -1.9985859922 -0.4023635437 -0.5448238817 -1.1429893749 
351000.0000000000 -1132915.1705377258 6092528.5923327608 1504632.4454923891 0.0188398954 11.3140434823 -1.7784188016 0.5211092504 0.1020616322 2.4656132363 -0.0053205621 0.0000000000 0.4755073347 0.0000000000 0.2503819163 0.7455989102 0.0000000000 -1.2459111714 -0.8506800438 2.3846317505 -3.0766112441 
351030.0000000000 -1132913.9098083680 6092527.7419113135 1504632.3258101183 0.0044639618 11.3140434823 1.9025154871 0.7200865629 1.5357657744 1.9658451991 -0.3287784272 0.0000000000 -0.7370020897 0.0000000000 -0.8520167469 0.9188305979 0.0000000000 -2.9144883057 0.2332116303 0.1119427735 -2.7243041424 
351060.0000000000 -1132914.6458885607 6092528.9952361779 1504632.2395269438 0.0435111369 11.3140434823 -0.2610987023 0.0134105393 -0.3022168444 -0.8646876304 -0.3862230839 0.0000000000 -0.0194635925 0.0000000000 1.1608541299 1.1376445844 0.0000000000 -0.9994037080 -0.1850283994 -0.9500333703 1.6995234199 
351090.0000000000 -1132914.3223788631 6092528.3151776595 1504633.8429263548 0.0884054183 11.3140434823 0.4249455651 0.2880377570 1.0606097665 2.0206751258 0.1001876033 0.0000000000 -0.0140643982 -0.0000000000 -0.7898677632 1.1473516005 0.0000000000 -1.9973152982 -0.7233752796 1.1624442309 -2.6823232461 
351120.0000000000 -1132915.7670613392 6092528.5413104706 1504633.7365876120 0.2378444122 11.3140434823 -0.7015640947 0.3016813769 0.8778203441 0.7501804319 0.0326853402 0.0000000000 -0.6659846358 0.0000000000 0.5685225508 0.8987192092 0.0000000000 -0.6364011636 -1.0736775797 0.9548450240 -1.3610770112 
351150.0000000000 -1132914.3203553844 6092527.0279174987 1504632.2689760344 0.2327984475 11.3140434823 -0.1673354451 0.1887386059 0.2026013808 0.5951133951 0.5478891419 0.0000000000 0.5744335223 0.0000000000 0.2322218585 0.4374571459 0.0000000000 -1.2282712759 -0.9698689665 0.4628189147 -0.8939419465 
351180.0000000000 -1132914.9426269329 6092527.2962997658 1504632.7347068994 0.0323136789 11.3140434823 0.0359946590 -0.0110870233 -0.4322594008 -0.0635411383 0.3281188009 0.0000000000 0.0849280749 0.0000000000 0.3009696625 0.8985749112 0.0000000000 -1.0870568186 -0.2186894000 0.0787020541 0.1377534197 
351210.0000000000 -1132912.9515373397 6092526.6914730789 1504631.9911215915 0.0232054065 11.3140434823 -0.0984624847 -0.4870117058 1.2196754703 1.7127617108 -0.6881570519 0.0000000000 -0.1305192447 -0.0000000000 0.2384006243 0.9880717500 0.0000000000 -1.6206841945 0.1901190382 -0.4893112292 -0.8317557144 
351240.0000000000 -1132914.0098138656 6092529.4625785938 1504633.3861297143 0.1044630901 11.3140434823 0.6984534426 0.0381730874 -0.2450759480 0.3328860923 0.0417678589 0.0000000000 -0.5607615373 -0.0000000000 -0.0436943290 1.1698555451 0.0000000000 -1.5421331823 0.5393474546 -0.0601606981 -0.2809270714 
351270.0000000000 -1132912.9186026531 6092527.5009539407 1504633.4972220096 0.0001601906 11.3140434823 1.5394125653 0.4972872865 0.9714281317 0.4316634484 -0.0803330956 0.0000000000 -0.4589687002 -0.0000000000 -0.5158169798 -0.1503656775 0.0000000000 -1.0552421494 0.2288614996 -0.4657155866 -0.9712215943 
351300.0000000000 -1132914.3206518409 6092527.3053974872 1504633.3023943470 0.0199961695 11.3140434823 0.2236274360 0.7475066234 -0.2064684550 0.2218694684 0.1576546412 0.0000000000 -0.8707840864 0.0000000000 -0.0331559482 0.7489515509 0.0000000000 -0.7563468326 -0.0481443701 1.0012384087 -1.1275326650 
351330.0000000000 -1132914.9111080614 6092528.5795712527 1504633.9124223355 0.1124362967 11.3140434823 0.1370098752 0.7320239275 0.0745518905 -0.7569260406 0.6158148292 0.0000000000 -0.1200097371 0.0000000000 0.7009610298 0.4796450362 0.0000000000 -0.8482123152 -1.2908880431 0.2968149197 -0.1082848736 
351360.0000000000 -1132915.5084166767 6092529.5650392808 1504632.6464751977 0.0886151679 11.3140434823 -1.7140141181 0.2839195659 0.0793473834 1.9665179923 -0.0981365408 0.0000000000 0.3160455988 0.0000000000 1.4702309825 0.8586617266 0.0000000000 -2.0172569918 -0.3954432760 0.8216690534 -1.5416049855 
351390.0000000000 -1132914.8977998882 6092527.9744683960 1504632.5562977227 0.0269231852 11.3140434823 -0.2225633863 0.4271405611 0.4422548826 0.4864462468 -0.6156355871 0.0000000000 -0.0415003468 -0.0000000000 0.6840035024 1.3255445863 0.0000000000 -1.7566748513 -0.4202453632 -0.1769444906 -0.1133984404 
351420.0000000000 -1132914.3508788820 6092527.6675410336 1504632.2527567437 0.0679588162 11.3140434823 0.4031925676 0.2397294172 0.1548832626 -0.0720130594 -0.0089438943 0.0000000000 -0.0352015757 0.0000000000 0.0647458094 -0.0119612042 0.0000000000 -0.4501340576 -0.0034405920 -0.2414911378 -0.0522564484 
351450.0000000000 -1132915.1717301211 6092528.1716340296 1504633.7191197760 0.4257901570 11.3140434823 0.4140427375 1.2297770693 -0.0284417071 0.4456630523 0.2411565956 0.0000000000 0.1770112047 0.0000000000 0.1535951864 0.1463262778 0.0000000000 -1.5797156977 -0.4492225317 0.5896282745 -1.3026459803 
351480.0000000000 -1132916.0672073832 6092527.9933389742 1504632.6668321220 0.1041097138 11.3140434823 0.2563319956 0.6641155677 0.0205982374 -0.0065191311 -0.2970022957 0.0000000000 0.1734486376 0.0000000000 -0.0515065916 0.9399718301 0.0000000000 -1.1980634192 -0.4654406275 0.1458640987 -0.1363698419 
351510.0000000000 -1132915.6325389976 6092527.9215836944 1504633.6746278377 0.1368709997 11.3140434823 0.4148395439 0.8605876851 -0.2515029877 -0.7685998627 0.5150492509 0.0000000000 -0.7265012641 -0.0000000000 0.3184440070 1.4326014199 0.0000000000 -1.2312457850 -1.0217460272 0.7385018448 -0.2919426894 
351540.0000000000 -1132915.1740260394 6092528.7880599424 1504633.5270721561 0.0364220327 11.3140434823 0.4504523009 1.6664587201 -0.7561302017 -1.0254239287 -0.5263195843 0.0000000000 -0.3226488341 0.0000000000 -0.2876665717 1.9558738419 0.0000000000 -1.3763305088 -0.7602277013 0.9197209770 0.0919219460 
351570.0000000000 -1132914.1178966190 6092528.8867502306 1504632.9724908366 0.0019356452 11.3140434823 0.3160758150 0.9623577652 0.3784293669 0.3030612944 -0.0748791035 0.0000000000 -0.4030463937 -0.0000000000 1.2177765038 0.8646112870 0.0000000000 -2.4156803395 -0.3111297956 -0.2652286078 -0.5840261408 
351600.0000000000 -1132913.8245727206 6092528.8232426206 1504633.0787793165 0.0387308123 11.3140434823 1.5140540420 0.9275515176 0.4431956421 0.2935637073 0.1680433576 0.0000000000 -0.4602773689 0.0000000000 0.1294471679 -0.0150728127 0.0000000000 -1.8694980256 0.3827340019 -0.4458618296 -0.9695723006 
351630.0000000000 -1132913.1308970531 6092528.9839014113 1504632.9791885489 0.0002178758 11.3140434823 3.0228842263 0.3070951041 1.9847957166 1.5457766145 0.1466371934 0.0000000000 0.6959982840 0.0000000000 -0.7680436514 -0.1241401809 0.0000000000 -3.4518620953 0.2945490032 -1.9171801903 -1.3771245914 
351660.0000000000 -1132914.4912888831 6092528.8882452752 1504632.9648955066 0.0002746591 11.3140434823 1.7589405988 0.8957672360 0.2094306633 0.2878415796 -0.1381629803 0.0000000000 0.3825066076 -0.0000000000 -0.8999587114 0.2203793231 0.0000000000 -1.7335563551 0.3344951250 -0.4453834763 -0.6603477532 
351690.0000000000 -1132915.9223351541 6092530.8309595101 1504634.1971114441 0.0200498440 11.3140434823 1.1935169708 0.3243138874 0.4785770436 -0.0454573942 0.2356097945 0.0000000000 -0.2552221298 -0.0000000000 -0.2532794650 0.7029063139 0.0000000000 -1.3425067419 -0.2825063431 -0.3055856776 -0.3416043960 
351720.0000000000 -1132916.4317731687 6092529.5044806441 1504633.8421428495 0.0683192100 11.3140434823 1.6309187845 0.8368974723 0.1387393678 -0.2498532506 0.7497717553 0.0000000000 -0.6995469497 -0.0000000000 -1.4417137006 1.5158117492 0.0000000000 -1.1277589496 -0.9309594647 1.1176681998 -1.2986655475 
351750.0000000000 -1132914.4487234724 6092528.0986175388 1504632.5872375702 0.0007290042 11.3140434823 1.1305710127 -0.2113256049 0.4198809333 0.1522891801 -0.2256845537 0.0000000000 -0.5307583568 0.0000000000 -0.9150593352 1.1634617649 0.0000000000 -0.7212370605 0.2859059621 -0.2831344529 -0.0551697888 
351780.0000000000 -1132914.5967768952 6092526.8351404639 1504632.7788011821 0.0145696540 11.3140434823 1.3971689629 1.2709156570 0.1496215376 -0.8387546535 0.1359507771 0.0000000000 -0.3407451048 0.0000000000 0.3911034278 0.5886232565 0.0000000000 -1.8716858856 -0.4019201000 -0.3957300221 -0.1135907532 
351810.0000000000 -1132916.0150794804 6092529.6477391981 1504634.1125858149 0.1989487678 11.3140434823 -0.5926845788 0.7463583066 -0.5510148295 -0.1134394397 0.5673939244 0.0000000000 -0.6837242442 -0.0000000000 1.1806741224 1.4936854527 0.0000000000 -1.6687495418 -0.8529780475 0.9272263572 -0.5183004203 
351840.0000000000 -1132915.5272511002 6092529.7429489335 1504633.2217447092 0.1226626383 11.1654816136 -0.4430354008 1.1720569703 -0.2083416060 0.0000000000 -0.2697762377 0.0000000000 -0.2402796370 -0.0000000000 1.2805879030 1.6542284599 0.0000000000 -2.3766867914 -0.7143037150 0.3100283232 -0.2308065144 
351870.0000000000 -1132915.4231548004 6092526.8518532543 1504633.0360120274 0.0072683165 11.1654816136 -1.7028039976 0.6553777035 -1.0736551478 0.0000000000 -0.7724324088 0.0000000000 -0.2003419686 0.0000000000 1.5895414973 1.2127507221 0.0000000000 -1.0709849862 0.1865897065 0.4141824960 0.5396141770 
351900.0000000000 -1132915.8069565292 6092529.0998066543 1504633.3344368876 0.0334319281 11.3140434823 -0.3014800780 0.6483678371 0.6671507295 0.0000000000 -0.2839457921 0.1011186512 -0.7705613818 0.0000000000 1.3514560067 0.9611497539 0.0000000000 -1.5147988125 -0.5874984805 -0.1324563121 -0.2343141169 
351930.0000000000 -1132915.6998825315 6092527.6629718877 1504633.9327633856 0.3803522888 11.3140434823 -0.3951185599 1.3920996244 0.0113808057 0.0000000000 1.2475488470 0.6709329180 -0.9317607985 0.0000000000 0.0987602892 0.7324960515 0.0000000000 -1.0219754776 -1.5332233858 1.7851530573 -2.0293397406 
351960.0000000000 -1132915.5380878826 6092528.1227555145 1504633.0054549819 0.1524807482 11.3140434823 -1.0836690218 0.6384280589 -0.5585444940 0.0000000000 0.9260880542 0.5149552818 -0.0898093106 0.0000000000 1.2654210799 0.6661304108 0.0000000000 -1.5748340649 -0.9550011997 0.5952245653 -0.4819606798 
351990.0000000000 -1132915.0530626432 6092527.4847367369 1504632.4528755283 0.0353679354 11.3140434823 -1.9733263156 0.3189749661 -0.8832135792 0.0000000000 0.6230470803 1.4747324694 -0.0471139711 0.0000000000 -0.0594637240 1.2086646475 0.0000000000 -0.6774325977 -0.7966389525 0.8841839156 -0.2180545085 
352020.0000000000 -1132914.8517218677 6092527.0602643173 1504633.5941497020 0.4568376085 11.3140434823 -1.9410190309 0.5907222784 0.6337931633 0.0000000000 0.5861017565 2.5353181955 -0.4222046858 0.0000000000 0.6083981084 0.7413347817 0.0000000000 -1.6407884070 -1.1424245469 -0.3183152405 -0.4254170829 
352050.0000000000 -1132913.6952545282 6092525.7439563172 1504631.8050963585 0.0081997824 11.3140434823 0.1980804905 0.1428730307 0.6929270539 0.0000000000 -0.0799392098 -0.8893083416 0.3377152854 -0.0000000000 1.7858358306 0.8135330875 0.0000000000 -1.8227106891 -1.1295655227 -0.5373639404 0.3814767757 
352080.0000000000 -1132915.4658625857 6092528.5752345966 1504633.1481084847 0.0026226035 11.3140434823 0.4975973944 0.5807011936 0.4872192402 0.0000000000 0.0525741802 -0.0063920193 -0.3512344726 0.0000000000 -0.1346565172 1.3754959037 0.0000000000 -1.3078083399 -0.8686529565 0.3265731539 -0.5388916655 
352110.0000000000 -1132912.9571684287 6092527.1308000525 1504632.8066181808 0.1260655636 11.3140434823 0.9222824980 -0.2732860530 1.4154183670 0.0000000000 -0.2212179152 1.0273537454 -0.1528039052 -0.0000000000 -0.4328214064 0.4997965562 0.0000000000 -1.3119710172 0.0334565006 -1.6762133955 0.3674858572 
352140.0000000000 -1132915.7184436913 6092527.9625799404 1504633.3503682197 0.1184439968 11.3140434823 0.5381923071 0.7275343352 0.7986301986 0.0000000000 0.3793548070 0.1603712984 -0.9356626705 0.0000000000 -0.9288809614 1.1236901915 0.0000000000 -0.2346867754 -1.2316233722 1.2361048321 -1.4572776126 
352170.0000000000 -1132915.3651178586 6092527.9988317052 1504632.6495204838 0.0604751035 11.3140434823 -2.6905386107 -0.1669831184 0.1903435292 0.0000000000 -1.0019425892 0.7639005401 0.6909557569 0.0000000000 1.2354690385 0.5321761480 0.0000000000 -0.0841553604 -0.7932718185 -0.3827878308 1.1434630159 
352200.0000000000 -1132915.5196466863 6092529.5093343463 1504633.7071631479 0.3320600017 11.3140434823 0.0487632743 0.1771313949 0.0378270139 0.0000000000 0.4167576492 -1.1236387091 -0.0656459119 -0.0000000000 0.9230490192 0.5018762998 0.0000000000 -0.3152220883 -1.1507507239 0.8875503664 -0.4033202377 
352230.0000000000 -1132914.1979574440 6092528.9011371266 1504633.0782033373 0.0383564692 11.3140434823 0.5719273283 0.3863345503 0.5921434934 0.0000000000 0.2166291353 0.5449911920 0.2002593653 0.0000000000 -0.9129871230 0.4657609609 0.0000000000 -0.6748566504 -0.6460033153 -0.0581953166 -0.5074300633 
352260.0000000000 -1132914.9251953857 6092528.6916300319 1504633.1823815869 0.0085490645 11.1654816136 0.0000000000 0.2379655245 0.7483721887 0.0000000000 0.4254955479 2.0692134088 -0.4079040789 0.0000000000 -0.8358334422 1.1578970308 0.0000000000 -1.8382561893 -0.3178382241 -0.8492343051 -0.2329479699 
352290.0000000000 -1132914.3856805931 6092527.1475338256 1504632.7445957733 0.0602372384 11.1654816136 0.0000000000 0.6825402523 0.1493709465 0.0000000000 0.2642204072 0.7845573030 -0.6060265970 0.0000000000 0.2475509617 0.5420567562 0.0000000000 -1.3519814953 -0.0551520868 -0.0590031779 -0.5451327503 
352320.0000000000 -1132914.4245421272 6092527.9389077378 1504632.4117076409 0.0013341394 11.1654816136 0.0000000000 0.6640550695 0.1648736222 0.0000000000 -0.2026750267 0.8204657362 0.5121111952 -0.0000000000 0.2250756599 0.6603179753 0.0000000000 -2.0366305629 -0.0984828076 -0.8931731071 0.2058849885 
352350.0000000000 -1132914.2068906929 6092528.8870063648 1504632.8590429001 0.0031790112 11.1654816136 0.0000000000 0.3946052671 1.0744756018 0.0000000000 -0.0512786005 1.1465619517 -0.0021815735 0.0000000000 -0.3341753276 0.6612230218 0.0000000000 -1.2596914731 -0.7005151104 -0.6167423120 -0.2572744012 
352380.0000000000 -1132914.9248852495 6092528.2156010568 1504632.6765081992 0.0019003815 11.1654816136 0.0000000000 0.5953478364 0.7386321740 0.0000000000 -0.5816363483 1.0509830358 1.0956501406 0.0000000000 -0.3737848314 0.3931646535 0.0000000000 -1.6414690331 -0.3613636765 -1.2298056768 0.3323922645 
352410.0000000000 -1132914.4229631508 6092528.6017451687 1504632.3401612912 0.0007553766 11.1654816136 0.0000000000 -0.4655710930 1.0785611823 0.0000000000 -0.5468410311 0.6252476162 -0.2669226186 -0.0000000000 0.2931834762 1.3221262018 0.0000000000 -1.3352699354 -0.2492197639 -1.2568497954 0.8069162882 
352440.0000000000 -1132915.2546432016 6092526.1600725697 1504632.4732104009 0.0005930087 11.1654816136 0.0000000000 0.7432193287 -0.5548493559 0.0000000000 -0.9153310832 -0.5032174245 0.0708229833 0.0000000000 -0.6693611168 2.0569066755 0.0000000000 -0.7784702373 -0.1652067046 0.7032233837 0.0253154380 
352470.0000000000 -1132915.0359372701 6092530.0915556103 1504634.2736134790 0.0044785959 11.1654816136 0.0000000000 0.8194511070 0.1524991006 0.0000000000 1.0403701909 1.1293449245 -0.0514875961 0.0000000000 -0.2460127488 0.3512274748 0.0000000000 -1.5308249332 -0.8232636782 0.2284407459 -0.9720753002 
352500.0000000000 -1132916.0069372717 6092529.9968820997 1504633.6249647089 0.0004773576 11.1654816136 0.0000000000 0.6322670234 0.4058156684 0.0000000000 0.4757396724 1.1089437930 -0.5318999303 0.0000000000 -0.6269478470 1.1411731447 0.0000000000 -1.3006908930 -0.6554904742 0.2460282127 -0.7845226694 
352530.0000000000 -1132914.6092680884 6092526.8087475244 1504633.0738010928 0.0001248363 11.1654816136 0.0000000000 1.4149373887 0.1144378423 0.0000000000 0.0303137702 0.8581199634 0.0215944691 0.0000000000 0.9101687862 0.8513262699 0.0000000000 -3.0008056572 -0.1848650287 -0.5669462371 -0.4286117987 
352560.0000000000 -1132914.7864534978 6092528.8003671300 1504633.0805320668 0.3810487472 11.1654816136 0.0000000000 0.1532487697 0.7221215570 0.0000000000 -0.4855182064 -0.6566218024 -1.0129692869 0.0000000000 0.9847869211 0.7916699494 0.0000000000 -0.2285594265 -0.4252523336 0.3411610666 -0.2476771222 
352590.0000000000 -1132914.5941839309 6092528.8005392160 1504633.3744685980 0.0260783050 11.1654816136 0.0000000000 0.6570985412 -0.0282414352 0.0000000000 0.6477179292 0.8803050069 -0.2425373616 -0.0000000000 0.7612316222 0.8943270590 0.0000000000 -2.5398285485 -0.2786516912 -0.4818227291 -0.2184699353 
352620.0000000000 -1132914.9692540325 6092527.9582122322 1504633.2618010913 0.0002123028 11.1654816136 0.0000000000 0.6328039535 0.0576272856 0.0000000000 -0.1134188120 0.6942663616 0.0950033417 -0.0000000000 0.9836753200 1.0602405948 0.0000000000 -2.8029793619 0.1052481282 -1.0878412327 0.3802179763 
352650.0000000000 -1132914.3586948386 6092527.9981663367 1504632.4258705880 0.1527415120 11.1654816136 0.0000000000 0.3377507406 0.0747641201 0.0000000000 -0.3858094000 -0.0020700032 0.7248159749 0.0000000000 1.9303549828 0.8683233552 0.0000000000 -3.0903032000 -0.0103416494 -1.6366861987 1.1011073063 
352680.0000000000 -1132914.2757571794 6092528.7207450159 1504633.3879377851 0.0075766026 11.1654816136 0.0000000000 0.5146874119 0.8307664315 0.0000000000 -0.6061596182 1.1879276645 -0.2058812666 0.0000000000 0.2820689303 0.2502144694 0.0000000000 -1.5891557893 0.4909894841 -1.2316555438 0.1048089747 
352710.0000000000 -1132914.1123600483 6092527.1195132453 1504632.3783504362 0.1778228217 11.1654816136 0.0000000000 0.8213738997 0.3361010510 0.0000000000 -0.0329503524 0.0564003136 -0.8167259019 0.0000000000 1.0235099849 0.5717368372 0.0000000000 -1.3310795826 -0.1993398170 0.1830499953 -0.6237128253 
352740.0000000000 -1132914.9392557992 6092528.7916622106 1504633.4215541140 0.0166810400 11.1654816136 0.0000000000 1.5267740195 0.4608817388 0.0000000000 0.7705676340 0.9410128538 -0.7326248458 -0.0000000000 0.9908087980 0.1479752356 0.0000000000 -2.2838154985 -0.5777870782 0.2545857862 -1.4450165880 
352770.0000000000 -1132915.7371546805 6092527.4332324397 1504633.7118164415 0.0165556193 11.0041300577 0.0000000000 0.5418317906 0.0372903041 0.0000000000 0.5718923596 0.6973269731 -0.4408726910 0.0000000000 0.2036237603 1.0906731778 0.0000000000 -1.8024455869 -0.4298201845 0.0000000000 -0.4067099320 
352800.0000000000 -1132914.9005171494 6092529.1798454914 1504632.7827663638 0.2105002604 11.1654816136 0.0000000000 0.0770143116 1.0970294720 0.0000000000 0.7894158047 0.7547758312 -0.9701592607 -0.0000000000 1.4644288424 0.6287282895 0.0000000000 -2.0704841586 -0.8721341236 -0.5455005528 -0.3271060331 
352830.0000000000 -1132915.0107728473 6092527.2411926249 1504633.7872374677 0.0001111943 11.1654816136 0.0000000000 1.5250831364 0.4372117465 0.0000000000 0.4652834246 0.9478380137 0.2503328119 0.0000000000 0.0696403786 0.1481393891 0.0000000000 -1.9422365709 -0.7624211623 0.1357777175 -1.2215002120 
352860.0000000000 -1132914.5879937327 6092528.4356941320 1504632.5322114166 0.0004768210 11.1654816136 0.0000000000 -0.2500907280 0.6545269748 0.0000000000 0.2663997850 1.4934751313 -0.0733752608 -0.0000000000 -0.7417599920 0.9901168769 0.0000000000 -1.3689249406 -0.1914135587 -0.9696746189 0.2928274182 
352890.0000000000 -1132914.9619269040 6092528.4715950871 1504632.9863002775 0.0817348977 11.1654816136 0.0000000000 -0.0484020501 0.7897213767 0.0000000000 -0.1679801301 1.7127446648 1.1258905532 -0.0000000000 -0.7665519091 0.6635559281 0.0000000000 -2.0450995557 -0.1247830238 -1.8737264309 0.8038824583 
352920.0000000000 -1132914.6763769647 6092530.4014773313 1504632.8910549590 0.4415767022 11.1654816136 0.0000000000 0.4280488782 0.3288327284 0.0000000000 0.3019528894 2.2217767591 -0.0222345476 0.0000000000 -1.9536612679 1.1480981796 0.0000000000 -1.4706671547 0.1447412721 -0.6296497922 -0.3173241454 
352950.0000000000 -1132915.4472249781 6092529.4633880509 1504633.2695389462 0.1090303268 11.1654816136 0.0000000000 0.0495613160 -0.0373447797 0.0000000000 0.4892566973 1.2061023024 -0.0269167823 0.0000000000 -0.0186541959 1.0108728407 0.0000000000 -2.1205277844 0.0814737043 -0.9470549165 0.3916027185 
352980.0000000000 -1132915.4143843085 6092529.1758323070 1504633.2644459009 0.1685122254 11.1654816136 0.0000000000 0.0695951071 0.3830474891 0.0000000000 0.1936378060 0.3191953199 -0.2407628085 -0.0000000000 1.1274795427 0.6991308936 0.0000000000 -1.8471727637 -0.2829812297 -0.7291260960 0.3000603398 
353010.0000000000 -1132915.2274119610 6092529.5999049935 1504633.9548443325 0.1118827111 11.1654816136 0.0000000000 1.0077977106 0.0876926652 0.0000000000 0.4207222071 0.5660543587 -0.6979321279 -0.0000000000 0.0173116561 1.0522596204 0.0000000000 -1.5208163132 -0.4147626959 0.5205815293 -0.9770557025 
353040.0000000000 -1132915.8004276163 6092527.9387860866 1504633.0829943672 0.0437511769 11.1654816136 0.0000000000 1.0413906760 0.3106825006 0.0000000000 -0.2449373890 0.1842982848 -0.2999138616 0.0000000000 -1.0580625522 1.7748958926 0.0000000000 -0.7756310155 -0.7871533525 0.8826029907 -0.9857623989 
353070.0000000000 -1132915.0099372428 6092528.2840221347 1504633.1585584127 0.0451607576 11.1654816136 0.0000000000 0.6756047206 0.5198573433 0.0000000000 0.2089332235 1.1468167862 -0.0312756617 0.0000000000 -1.2303771699 0.2948583658 0.0000000000 -0.4635721817 -0.3019532611 0.1725123151 -0.8957811652 
353100.0000000000 -1132915.8046055618 6092528.5046132803 1504633.6129843807 0.0477024350 11.1654816136 0.0000000000 0.8052538532 -0.5442032341 0.0000000000 0.9649982731 1.4123113319 -0.8282937308 0.0000000000 -1.3494904886 0.3268734283 0.0000000000 -0.5173572365 0.3690045934 0.7553374940 -1.2311851622 
353130.0000000000 -1132914.8846020689 6092528.7748707123 1504633.4680154175 0.0328441987 11.1654816136 0.0000000000 0.8876519279 0.4627451791 0.0000000000 0.4884588850 1.6550207637 -0.2982776797 0.0000000000 -1.1554384980 0.7624546792 0.0000000000 -1.4510626834 -0.2170334403 -0.0226738615 -0.9786457805 
353160.0000000000 -1132914.1849764255 6092527.2159903683 1504633.3288610596 0.0298791864 11.1654816136 0.0000000000 -0.3244802941 1.6307923665 0.0000000000 0.4152485685 2.2955942919 0.1120127389 0.0000000000 -0.8880068334 0.1658144959 0.0000000000 -1.4123543643 -0.4305402235 -1.4800934623 0.0448293743 
353190.0000000000 -1132915.2488598190 6092527.7716266196 1504633.1857103747 0.1089576206 11.1654816136 0.0000000000 0.4683652735 0.0040567281 0.0000000000 -0.0857547399 0.1031042487 -0.1340506614 0.0000000000 0.1149831782 0.8086270380 0.0000000000 -1.0040992866 -0.1119422539 -0.0046412680 -0.1545777836 
353220.0000000000 -1132914.3422536610 6092524.5662676264 1504632.4991569933 0.2299593344 11.1654816136 0.0000000000 0.5255956165 0.3746058882 0.0000000000 -0.5910932684 -0.3017854299 0.8446466781 -0.0000000000 0.1591086231 -0.1858879064 0.0000000000 -0.2984472979 -0.2839955529 -0.2243582637 -0.0750029207 
353250.0000000000 -1132916.0208489450 6092528.5550637329 1504633.9137599324 0.0744304994 11.1654816136 0.0000000000 0.6277796500 0.2763790198 0.0000000000 0.3259734304 0.0983770110 -0.7644621712 -0.0000000000 0.4082840714 0.5381977765 0.0000000000 -0.7618133441 -0.4555862208 0.5856559307 -0.8557073913 
353280.0000000000 -1132914.8461127949 6092527.0324222120 1504633.5139810713 0.0039180715 11.1654816136 0.0000000000 0.9505293206 0.8065455595 0.0000000000 0.2535253636 0.4520576213 -0.6639301582 -0.0000000000 -0.0575559938 0.6031907424 0.0000000000 -0.8540745840 -0.7820581361 0.6638358295 -1.3271097583 
353310.0000000000 -1132914.6408185812 6092528.3678929778 1504633.2630250794 0.0030984964 11.1654816136 0.0000000000 0.2788749221 0.7578796096 0.0000000000 0.2888135931 1.7769951065 0.4050491355 0.0000000000 -1.1221059993 0.7219050559 0.0000000000 -1.7033419515 -0.2342453949 -0.9801251004 -0.0856203603 
353340.0000000000 -1132914.6114980476 6092525.3851312492 1504632.9259965145 0.0272003291 11.1654816136 0.0000000000 0.1880983846 0.4430779310 0.0000000000 -0.2310874475 -0.5733757701 0.4352618460 -0.0000000000 0.1916666263 0.8303817074 0.0000000000 -0.4712742494 -0.9728095156 0.1086137106 -0.0022674395 
353370.0000000000 -1132915.2264267819 6092527.9443494165 1504634.1777529034 0.0530717395 11.1654816136 0.0000000000 0.5121449760 0.6302606994 0.0000000000 0.2632196665 1.7044165007 -1.0307860493 -0.0000000000 -0.1286160087 0.7065380211 0.0000000000 -1.8876583477 0.4588543696 -0.5985242717 -0.5170606291 
353400.0000000000 -1132915.4865951771 6092526.8674761523 1504633.3751410337 0.0006779928 11.1654816136 0.0000000000 0.5597451807 0.2924168612 0.0000000000 0.1498881991 -0.6085171918 -0.5550282982 0.0000000000 0.4691384712 1.6847571979 0.0000000000 -1.0482186706 -1.1544352070 0.7690668810 -0.5852278000 
353430.0000000000 -1132915.4344150505 6092527.7174149910 1504633.3759469364 0.0296605206 11.1654816136 0.0000000000 0.2019411401 -0.1911213972 0.0000000000 0.6075637577 0.0710104056 -0.3401336028 -0.0000000000 1.4585229053 0.8111057486 0.0000000000 -2.1571709608 -0.3385406483 -0.4071474931 0.2776221055 
353460.0000000000 -1132914.5259063069 6092526.7502330290 1504634.1774567463 0.0140839172 11.1654816136 0.0000000000 0.5309061910 1.3976355113 0.0000000000 0.8853688951 1.7717998765 -0.8392979277 0.0000000000 0.3363176072 -0.2885735402 0.0000000000 -1.6648781532 -0.5307797403 -0.3125617861 -1.1685282194 
353490.0000000000 -1132914.8704812515 6092528.6964872386 1504633.7681355369 0.0392188044 11.1654816136 0.0000000000 0.6445333028 0.3609306768 0.0000000000 0.6196470791 0.3045947671 -0.8986975641 0.0000000000 1.2035995317 0.5484340460 0.0000000000 -1.7383941443 -0.5086083546 0.2143218462 -0.7241209881 
353520.0000000000 -1132914.3400385820 6092529.4322824720 1504632.9889365900 0.0620586727 11.1654816136 0.0000000000 -0.2527230446 1.3142151633 0.0000000000 0.3629272007 1.5968880438 -0.6450829761 -0.0000000000 0.3238121345 0.6247010452 0.0000000000 -1.9250386936 -0.2744979856 -1.1523371689 0.1077661008 
353550.0000000000 -1132914.5882747495 6092527.6325896960 1504633.3657112701 0.0039780379 11.1654816136 0.0000000000 0.5822419527 0.8391104378 0.0000000000 0.2775021865 0.7647533853 -0.3695845600 0.0000000000 -0.2995581059 0.4641795244 0.0000000000 -0.8913065306 -0.5582656939 0.1614550727 -0.9149883494 
353580.0000000000 -1132915.1045460834 6092527.7985806372 1504633.0578061168 0.0036718507 11.1654816136 0.0000000000 1.1065250677 0.5289250908 0.0000000000 0.5425525616 0.6807749038 -1.9701498317 0.0000000000 0.4839393275 1.7072338109 0.0000000000 -1.9690636789 -0.3654845735 0.8338226738 -1.4997423879 
353610.0000000000 -1132915.4119727409 6092530.1909541562 1504633.0279161669 0.0202246893 11.3140434823 0.0000000000 0.6504801070 0.4300323420 0.0000000000 -0.0595471321 -0.6120321837 -0.8263171543 -0.0000000000 0.6108241260 1.2652548225 1.7922536984 -1.6433458287 0.0641175695 -1.2037533561 -0.0783964278 
353640.0000000000 -1132916.2827813465 6092529.2671094779 1504634.5374231162 0.0483313711 11.3140434823 0.0000000000 1.7686156982 0.6805783220 0.0000000000 0.4442823703 0.7463439386 -1.0328491187 0.0000000000 -0.0095228046 0.6635934757 0.5750552718 -1.8768481143 -0.1715037699 0.3655904897 -1.9444046964 
353670.0000000000 -1132915.1185639899 6092528.7061787732 1504633.7091619850 0.0935951742 11.3140434823 0.0000000000 0.3522628112 0.2201025053 0.0000000000 0.8290837756 2.5162015018 0.1321273451 -0.0000000000 -0.2612227286 1.2141105082 -1.4347344632 -3.1505527544 -0.2802868849 -0.2856575640 -0.0519342989 
353700.0000000000 -1132915.9908944995 6092528.2475190470 1504633.4172841317 0.1337447268 11.3140434823 0.0000000000 -0.6139532476 1.2741043765 0.0000000000 0.3729369316 1.1574733374 -0.4329156960 0.0000000000 0.3664692329 1.1737972697 -0.6128297504 -1.5679785103 -1.0472608088 -0.4544661259 0.2925974598 
353730.0000000000 -1132915.8021350536 6092526.2937375996 1504633.2236805221 0.1638756210 11.3140434823 0.0000000000 1.7714800393 0.8831228062 0.0000000000 -0.2215156190 0.2047829838 0.2274144728 -0.0000000000 1.1470671699 1.1027651286 -0.5976146962 -2.8143585421 -0.9813149120 0.4085954150 -1.2895780730 
353760.0000000000 -1132915.8311907584 6092529.9714837149 1504633.3873040881 0.0569360330 11.3140434823 0.0000000000 0.5247931861 -0.7443343000 0.0000000000 0.6366724462 2.0264051127 -1.0427461270 -0.0000000000 -1.2575882627 1.3055645614 -0.6018881269 -1.6884029098 1.0863127436 0.1868338696 -0.4161256678 
353790.0000000000 -1132914.7763845737 6092527.2362737926 1504633.4150526028 0.3373778548 11.3140434823 0.0000000000 0.9301644074 1.0992433983 0.0000000000 0.2241910064 2.1800510503 -0.2342350282 -0.0000000000 -0.7088288273 0.5301547375 -1.3646019367 -1.6783577507 -0.3892913065 0.6852986631 -1.4582965561 
353820.0000000000 -1132914.9629470110 6092529.5723553617 1504633.6607979299 0.0352164160 11.3140434823 0.0000000000 -0.1427312642 0.6134845442 0.0000000000 0.7323248141 2.2712300600 -1.2858414490 0.0000000000 0.2448575561 1.2444091951 -1.8462843934 -1.9793407668 -0.4200374490 0.8011354012 -0.5095859471 
353850.0000000000 -1132914.9129137590 6092529.3146003680 1504632.6317849730 0.0114600421 11.3140434823 0.0000000000 -0.4064101694 1.8589368596 0.0000000000 0.2491007242 1.9208177256 -1.1027547341 -0.0000000000 0.4700350458 0.5446432032 -1.0086872166 -1.3985593049 -0.7213205783 -0.0270861057 -0.5045204966 
353880.0000000000 -1132915.0324931638 6092528.6503801700 1504633.6100187050 0.0035520201 11.3140434823 0.0000000000 0.7377182136 1.0745325112 0.0000000000 0.4248045764 0.0195233775 -0.4534202818 0.0000000000 0.4567081121 0.2487748207 2.1770300543 -1.8858572161 -0.1142007955 -1.7908567205 -0.4074806423 
353910.0000000000 -1132914.9113925530 6092527.6424713973 1504633.0283531211 0.2351889450 11.3140434823 0.0000000000 0.3882364600 0.4611787475 0.0000000000 -0.0676683244 0.4705553068 -0.7777885831 0.0000000000 -0.1005251423 1.1855215938 0.6420618111 -1.4710060078 0.3297538819 -0.7721365429 -0.1204728530 
353940.0000000000 -1132914.3749769167 6092527.0469526881 1504633.0015249664 0.1163734271 11.3140434823 0.0000000000 1.3746645009 0.5467071019 0.0000000000 -0.5190419420 0.6345449116 0.6731130834 0.0000000000 0.3190361856 0.4839107173 -0.4541718831 -2.2089922597 0.0719464681 -0.3251039920 -0.6983765885 
353970.0000000000 -1132914.5563202433 6092529.5605853470 1504632.7338163615 0.0113091773 11.3140434823 0.0000000000 -0.1440069110 0.6877542702 0.0000000000 0.0794196729 1.0122212975 -0.8855799259 0.0000000000 -0.5928640765 0.7149810568 0.6529506514 -0.8759524794 0.4856194574 -0.9759938408 0.0457667528 
354000.0000000000 -1132914.6025510950 6092527.9120797357 1504632.6699135303 0.0340801915 11.3140434823 0.0000000000 -0.1534084641 0.7406184226 0.0000000000 -0.0145196445 1.3038554107 -0.0590057270 0.0000000000 0.4820586455 0.8688501896 -1.1590353693 -1.8174735742 -0.3990035801 -0.2255245350 0.2242933187 
354030.0000000000 -1132915.4907414960 6092530.1729144827 1504633.2523905537 0.0039667702 11.3140434823 0.0000000000 0.3913636750 0.2205872998 0.0000000000 0.3151803099 -0.2050516791 -0.9273982050 -0.0000000000 1.0933614118 0.9089583844 0.7102487104 -1.6459901700 -0.1279535706 -0.4865470134 -0.1021068804 
354060.0000000000 -1132915.4335571800 6092527.9159780573 1504633.6234111250 0.0525870655 11.3140434823 0.0000000000 0.4709867914 0.1664698801 0.0000000000 0.1552240315 0.9252698775 0.5246317677 0.0000000000 -0.6782611111 0.3527076472 -0.0273637021 -1.2898235761 0.1494672240 -0.6121425119 -0.1038512175 
354090.0000000000 -1132914.1486203596 6092527.6996225351 1504632.7709292180 0.0983004325 11.3140434823 0.0000000000 1.0184912515 0.8006943586 0.0000000000 0.0820211441 0.1173825695 -0.7516762240 -0.0000000000 0.9969848761 1.1338614041 -0.1358638823 -1.9571674658 -0.6117005650 0.3660627835 -1.0822925863 
354120.0000000000 -1132914.3112668800 6092528.9391002916 1504633.5310044507 0.0013798540 11.3140434823 0.0000000000 0.4563108166 0.3615114782 0.0000000000 -0.0115542724 1.3332545384 1.1417756701 -0.0000000000 -0.6053259261 0.0417463007 -0.7679230814 -1.4690025158 -0.0253732114 -0.4979711030 -0.0760064283 
354150.0000000000 -1132913.9237557924 6092528.3112499863 1504632.3155813736 0.4826937170 11.3140434823 0.0000000000 -0.2266570254 0.6748348318 0.0000000000 -0.5165931428 0.7109015509 0.4451828269 0.0000000000 0.4666530170 0.0794597791 -1.3155806912 -0.5591007980 -0.3431650737 0.1572556094 0.1566970602 
354180.0000000000 -1132914.6380989840 6092529.3606893402 1504633.6786198376 0.1065104179 11.3140434823 0.0000000000 1.1522319423 0.1952752253 0.0000000000 -0.0260501751 -0.0267164704 0.2252669924 0.0000000000 1.2769132111 0.6084457474 0.8258328115 -2.9905184383 0.2799225474 -1.4249201812 0.0425324255 
354210.0000000000 -1132915.4988220031 6092530.7216492854 1504633.9375557764 0.1376148935 11.3140434823 0.0000000000 -0.6725042555 -0.0303601640 0.0000000000 0.4443683334 1.2594469177 -1.0503979503 0.0000000000 0.3645481703 1.3834960751 -0.8549221882 -1.5348272631 -0.0034879382 -0.1272321506 0.7104591673 
354240.0000000000 -1132914.7351974086 6092529.1280500023 1504632.8376407218 0.0848714864 11.3140434823 0.0000000000 0.3038329500 0.4775141594 0.0000000000 -0.4662201793 0.9942996218 1.3356214501 0.0000000000 -0.6071112753 0.9140123172 -0.1457361549 -2.2060105730 0.2457098388 -1.6848790485 0.8049160500 
354270.0000000000 -1132915.7137182900 6092529.4856637940 1504633.6091331097 0.1824816109 11.3140434823 0.0000000000 0.3932909121 -0.3964251351 0.0000000000 0.8350047489 0.4602901844 0.1965002320 0.0000000000 -0.6372742630 0.3296038239 0.4034170974 -0.9587079446 -0.0638720395 -0.3267264542 -0.1156882593 
354300.0000000000 -1132914.9989669658 6092529.6266248617 1504633.6884485863 0.2099716455 11.3140434823 0.0000000000 0.7796195386 0.5853133117 0.0000000000 -0.0115304907 0.7472296808 1.1370033406 0.0000000000 -0.6962710486 0.1107626381 -0.4712345853 -1.0899392570 -0.3779126596 -0.1269570895 -0.6595420569 
354330.0000000000 -1132915.1389485747 6092527.7866033036 1504633.5091613745 0.0043093513 11.3140434823 0.0000000000 -0.0645499162 0.5469800314 0.0000000000 -0.0694576697 1.6994219081 -0.4098342696 0.0000000000 -0.8581847608 1.1094366089 -0.6958592130 -1.3654905216 0.4171806178 -0.3886010837 0.0165637798 
354360.0000000000 -1132915.6371246101 6092528.1019351752 1504633.5560504817 0.0920105735 11.3140434823 0.0000000000 0.7679863894 1.8237002107 0.0000000000 -0.3001316591 -0.8497287541 -0.6085169009 -0.0000000000 -0.6809003982 0.5261819149 1.9130755403 0.2373804665 -0.5032429094 -0.5123447531 -1.4664379319 
354390.0000000000 -1132914.3966146752 6092529.1641453234 1504633.9240701555 0.0508343358 11.3140434823 0.0000000000 0.1464259664 0.8575851043 0.0000000000 0.6970570584 2.8449896640 -0.1009130199 0.0000000000 -0.8380221558 0.1753574098 -0.6132125923 -2.3512256606 0.3571358537 -0.8357560595 -0.3209091027 
354420.0000000000 -1132914.6001998114 6092527.1330928868 1504632.7371256135 0.0010408998 11.3140434823 0.0000000000 0.4220258087 0.8744310963 0.0000000000 -0.3599751763 0.1484470885 0.0148782120 -0.0000000000 -0.3063554750 0.8147218739 0.0091710326 -0.6997957711 -0.2330353087 -0.1607511291 -0.5263820088 
354450.0000000000 -1132915.1651892539 6092531.3180842483 1504633.5691409367 0.0262206075 11.3140434823 0.0000000000 1.0167141297 0.1882704666 0.0000000000 0.9623332193 0.6488641721 0.3863195721 -0.0000000000 0.2238433914 -0.1692558460 0.2638892459 -1.9217418245 -0.4117177123 -0.2486853787 -0.8461857449 
354480.0000000000 -1132914.5445614785 6092528.2575651333 1504632.8409671425 0.1875387933 11.3140434823 0.0000000000 0.7558106894 0.9248878971 0.0000000000 0.1152720040 2.5675621118 0.4550001013 -0.0000000000 -1.4505166670 1.0151157513 -1.3202477302 -2.3706213220 0.2373433701 -0.1838373353 -0.8860647982 
354510.0000000000 -1132915.4585245592 6092530.4748244137 1504633.1866360640 0.3460794067 11.3140434823 0.0000000000 0.8056236595 0.4063128222 0.0000000000 -0.0900626348 0.8630244689 0.5311877837 -0.0000000000 0.0495652464 0.8063423651 -1.0766509341 -1.8424561826 -0.2386102003 0.2201964507 -0.6130148648 
354540.0000000000 -1132914.9650605093 6092530.3656822126 1504633.9810008616 0.0629584879 11.3140434823 0.0000000000 0.5365165931 0.7734656097 0.0000000000 0.6376970156 2.0191636522 0.2035721372 -0.0000000000 -0.4378291360 0.1540179575 -0.0731171815 -2.5351888050 0.2184816431 -1.0343622185 -0.3872175070 
354570.0000000000 -1132915.3219358055 6092529.6473621512 1504633.9681981376 0.0450001723 11.3140434823 0.0000000000 0.1826485580 0.8187134098 0.0000000000 0.1931530924 0.9947041972 1.0024952018 -0.0000000000 -0.5568764166 0.0002969153 -0.0596854322 -1.2968062121 -0.3444838069 -0.9186839082 -0.0013954596 
354600.0000000000 -1132916.0794710745 6092529.5774310976 1504634.6218111780 0.5531731211 11.3140434823 0.0000000000 0.9189097596 0.9398203655 0.0000000000 0.8378756147 1.1080159941 -0.3190334651 -0.0000000000 -0.4497704991 -0.0072233242 0.8209833080 -1.7746637057 -0.0057215829 -0.6216708956 -1.2264620170 
354630.0000000000 -1132915.7856194498 6092529.0466420846 1504633.8078702907 0.0001645063 11.3140434823 0.0000000000 0.5812389284 0.1337628670 0.0000000000 -0.0663113965 1.2037775731 1.0222856480 0.0000000000 -0.2903991421 0.2731702269 -1.5334139890 -1.3794075062 -0.1192074756 0.3740465599 -0.4392376651 
354660.0000000000 -1132915.2134757724 6092527.4573120186 1504633.3896071976 0.0230947699 11.3140434823 0.0000000000 0.6474293243 0.0112281749 0.0000000000 -0.1615046792 -0.4753944996 1.2595956149 0.0000000000 0.0847559772 0.7202696093 -0.0053680257 -1.3276216430 -0.4097365204 -0.6554009264 0.2585014314 
354690.0000000000 -1132916.0562383314 6092528.8316456908 1504633.9413235055 0.0128429167 11.3140434823 0.0000000000 -0.0602924923 0.4740062497 0.0000000000 0.7492320619 1.3546547175 -0.4166998564 0.0000000000 0.1180405139 0.5055507625 -0.4169906759 -1.6382307403 -0.3830488178 -0.1546583967 -0.1394933680 
354720.0000000000 -1132914.9058774819 6092527.6261857087 1504633.4227561275 0.1454321757 11.3140434823 0.0000000000 0.7131875788 0.8061521480 0.0000000000 0.1222627129 0.8475738887 0.5121063096 0.0000000000 -1.2302002929 1.0456551481 0.5305998443 -1.8725410643 0.2127640989 -1.2708163426 -0.3017123487 
354750.0000000000 -1132914.2877557005 6092529.2788681341 1504633.2130938026 0.7284128325 11.3140434823 0.0000000000 0.0337806786 0.0954341527 0.0000000000 0.6623011571 2.0495168062 0.3006021591 -0.0000000000 -0.2158287112 -0.1823423357 -0.2944287975 -2.2276833025 0.4852923768 -1.1235406461 0.4456656743 
354780.0000000000 -1132914.8093453252 6092530.8555384446 1504633.1410550158 0.0077040732 11.3140434823 0.0000000000 0.3071500179 0.2554878822 0.0000000000 0.7939969644 2.8355694355 1.0899211656 -0.0000000000 -0.8982505806 -0.1890782232 -1.0594279701 -2.6845669049 0.3107106220 -0.9098500552 0.0752900534 
354810.0000000000 -1132916.7630237141 6092531.3656679476 1504634.7839263752 0.0979312712 11.3140434823 0.0000000000 0.2609111436 0.1719285005 0.0000000000 0.9199079132 1.0762045363 -1.0299670045 -0.0000000000 -0.5122934488 1.3818282516 1.1251738258 -2.4706169983 0.5069281369 -1.5095140451 0.3233830943 
354840.0000000000 -1132915.8362191420 6092528.3240622738 1504633.7573734859 0.0749673928 11.3140434823 0.0000000000 0.0816514902 -0.1894708180 0.0000000000 0.1911329632 -0.9343277740 0.6656561112 -0.0000000000 -0.3703096936 0.6248666129 1.1014134301 -0.3767720452 -0.3124115488 -1.1625656904 0.8099585434 
354870.0000000000 -1132915.9482154658 6092526.6889019497 1504633.0985165904 0.0039357330 11.3140434823 0.0000000000 1.0176481142 -0.2321685635 0.0000000000 -0.5566781072 -0.6025548380 0.4823296368 0.0000000000 1.7087644521 0.4836925664 -0.9623024528 -1.5464639924 -0.1071808923 0.5066026014 -0.3963240079 
354900.0000000000 -1132915.6495047626 6092529.0483367741 1504633.0128200562 0.1647054043 11.3140434823 0.0000000000 -1.8350766642 0.2352107665 0.0000000000 0.3401836210 1.5111071638 -0.2531029501 -0.0000000000 -0.6211942039 2.5391637621 -1.4339478744 -1.2292143071 -1.0771494785 -0.5744207958 2.1859896999 
354930.0000000000 -1132913.5190423410 6092528.9724296648 1504633.6547119555 0.5570398314 11.3140434823 0.0000000000 -1.0625297353 0.9754481555 0.0000000000 0.7469768554 4.4247406905 -0.0182692349 0.0000000000 -1.0012805880 0.1503523968 -1.7673057023 -2.6814166974 0.3239237920 -0.9493947935 0.7350239858 
354960.0000000000 -1132914.7245858184 6092528.5589047195 1504634.1691860626 0.0147542276 11.3140434823 0.0000000000 0.0209929122 0.8817837771 0.0000000000 0.5860545031 1.1608314679 0.3634118190 -0.0000000000 -0.4488693448 0.9670706553 0.8541553481 -2.7459101044 -0.0972175970 -2.2141530291 0.8296710154 
354990.0000000000 -1132915.3647166910 6092528.9413498165 1504633.1995283274 0.1791005522 11.3140434823 0.0000000000 1.5021608885 -0.5834494316 0.0000000000 0.3829693109 -1.8217048484 -0.2462974871 0.0000000000 1.7623522725 0.6334584562 0.5637541335 -1.2896749111 -0.5080542215 0.5586277317 -0.9206682710 
355020.0000000000 -1132915.9032972220 6092526.7765313527 1504634.3993214341 0.0062001231 11.1654816136 0.0000000000 0.0000000000 -0.5402961526 0.0000000000 0.7576751767 -1.1079234617 -0.7943308676 0.0000000000 1.1248113525 0.9331196934 1.0440746455 -0.9052166933 -0.6614305144 -0.4537799918 0.7294001894 
355050.0000000000 -1132915.1868497597 6092530.8701496040 1504634.4833573832 0.0510652851 11.3140434823 0.0000000000 -0.3788461815 0.1052758218 0.0000000000 1.2961221961 2.5580738625 -0.8270529816 0.0000000000 -0.6201964152 -0.0700580041 -0.4971982872 -1.5075895604 0.1537160461 -0.0811542725 -0.0843615622 
355080.0000000000 -1132915.0344771848 6092530.5526703419 1504634.3303813203 0.0015667553 11.3140434823 0.0000000000 0.4976568170 0.1786434492 0.0000000000 1.0562746776 2.0739613271 0.4527890839 -0.0000000000 -0.5741673340 -0.0699042379 -0.7782993831 -2.1311109692 -0.0428582625 -0.1243181583 -0.5669389153 
355110.0000000000 -1132915.5864253475 6092526.9342858177 1504633.1792506000 0.0335529839 11.3140434823 0.0000000000 0.7443944860 -0.2081320424 0.0000000000 0.4785745517 -1.6402773599 -0.0395843790 -0.0000000000 0.8712299562 1.1517897405 0.7431170815 -0.9118914608 -0.9341582689 -0.0566655846 -0.1448116432 
355140.0000000000 -1132916.0979319692 6092529.8909326112 1504634.1056614986 0.0322434966 11.3140434823 0.0000000000 0.0046168855 -0.8108792466 0.0000000000 1.0785865233 0.1357327719 -0.7874565902 -0.0000000000 -0.2462838630 -0.1815729922 0.7689326614 -0.0330209099 0.1028140225 0.0011050397 0.1179202049 
355170.0000000000 -1132914.4213955777 6092529.8337745350 1504633.3647685738 0.3175552551 11.3140434823 0.0000000000 0.2104334619 -0.5815404110 0.0000000000 0.4532623679 1.0627162695 1.2542042659 0.0000000000 -1.0376093926 0.2916608093 -0.3296983425 -1.4933269767 0.3463104311 -1.0997923618 0.8948471401 
355200.0000000000 -1132915.0324395660 6092528.8114263294 1504632.8949893131 0.0015647007 11.3140434823 0.0000000000 1.2971911395 0.0907020650 0.0000000000 0.2222560129 0.2142773681 0.0829097127 0.0000000000 -0.0741306666 1.1715000421 -0.3853091980 -1.9592727667 0.2374620262 0.1251083131 -1.0639496325 
355230.0000000000 -1132915.6219229212 6092530.4033784410 1504634.0454672009 0.0005291899 11.3140434823 0.0000000000 0.9173031842 -0.0252509061 0.0000000000 1.2425414525 -0.0936258877 -0.2591383323 -0.0000000000 -1.0933425923 1.4401024868 0.8672495750 -1.4730002390 -0.3071005251 -0.4377671393 -0.6330524579 
355260.0000000000 -1132915.6412726296 6092531.7606514515 1504634.0637110854 0.0024160613 11.3140434823 0.0000000000 0.0996067943 -0.0849548458 0.0000000000 1.1868726523 1.6403043372 -1.0533280727 0.0000000000 -0.0972953834 1.2261960571 -0.9136218371 -1.9151015142 -0.3212357288 0.6279778014 -0.4438062728 
355290.0000000000 -1132915.9154310732 6092531.2579174349 1504633.9045183591 0.0008510352 11.3140434823 0.0000000000 0.0233045659 -0.1575747931 0.0000000000 1.1350750012 0.7152781408 -0.9174286316 0.0000000000 -0.4656776566 1.9180717254 -0.3589823126 -1.5304393889 -0.6075262700 0.2260587401 0.0089092555 
355320.0000000000 -1132914.7656340874 6092531.0487621576 1504633.5514628454 0.0663054279 11.3140434823 0.0000000000 0.4474936154 -0.0942855254 0.0000000000 1.2554689762 0.7634539904 -0.3730972435 0.0000000000 -0.6706997979 0.8481123162 0.5038467103 -1.7445835319 -0.1157160718 -0.5824588282 -0.1229548161 
355350.0000000000 -1132915.9159186708 6092530.8803092130 1504633.9799491970 0.0114413598 11.3140434823 0.0000000000 1.5623262454 -0.1843639778 0.0000000000 1.3679297073 0.2522934423 -0.1645160916 0.0000000000 0.0418142661 0.7298034240 0.8552072450 -2.8687290378 0.1365209108 -0.6921770661 -0.8819339247 
355380.0000000000 -1132915.6636327526 6092531.5604349766 1504634.2274727337 0.0042139343 11.3140434823 0.0000000000 0.9151831569 -0.5784204866 0.0000000000 0.9771623559 -1.1616580963 0.3921366399 -0.0000000000 -0.2986263126 0.8839871666 1.9635305283 -1.7137883802 -0.0480841512 -1.9083012174 0.8030330831 
355410.0000000000 -1132913.8556828941 6092527.9704465512 1504633.2977901250 0.0071629845 11.3140434823 0.0000000000 -0.7054641128 -0.0728595713 0.0000000000 0.0192814321 1.2149629780 0.2662500222 0.0000000000 0.1058196717 0.4173019845 -0.7703192563 -1.1123306689 -0.0939907390 -0.6394994397 1.2819831133 
355440.0000000000 -1132915.5577659844 6092530.9150242917 1504633.5735986002 0.0253361713 11.3140434823 0.0000000000 0.8474601859 -0.8044442952 0.0000000000 1.4473645158 0.5382902579 -0.2365094733 0.0000000000 -0.4180440621 0.3877682363 -0.0844552015 -1.2753765915 -0.1392722158 0.4684330641 -0.6891797625 
355470.0000000000 -1132914.8532270875 6092529.9743586434 1504633.2401747392 0.1771665602 11.3140434823 0.0000000000 0.0250691580 -0.7206798362 0.0000000000 0.9239319821 1.6187483249 -0.2394674199 0.0000000000 0.9129656149 0.3144130595 -1.0884601929 -2.3324592228 -0.1786213592 0.1349940409 0.5443329403 
355500.0000000000 -1132915.2059253217 6092527.5220253235 1504633.2800495317 0.0140512865 11.3140434823 0.0000000000 0.7389816644 0.1449831654 0.0000000000 0.1309290772 0.3855080371 0.5449297270 0.0000000000 0.1130304659 0.9050709741 -1.1772363862 -1.4190721194 -0.2502206541 0.5175695885 -0.7730123156 
355530.0000000000 -1132915.0492453263 6092529.3190561337 1504633.5641764514 0.0028137301 11.3140434823 0.0000000000 -0.1101544051 -0.5848381664 0.0000000000 1.0272895820 1.7355417707 0.7920110011 -0.0000000000 -0.1360501649 -0.3943869690 -0.6920672901 -1.7645744639 -0.2356739239 -0.5147608405 0.8412296425 
355560.0000000000 -1132915.6231201899 6092530.0117761819 1504633.5799804300 0.0811213834 11.3140434823 0.0000000000 0.9525151392 0.0712505187 0.0000000000 0.3858563401 0.9194008570 0.1018861119 0.0000000000 -0.4070446159 0.2452323819 0.3557674152 -2.1461003528 0.9851373017 -1.0056449177 -0.3766418581 
355590.0000000000 -1132915.5300202826 6092529.5942818159 1504633.3555114970 0.0116807953 11.3140434823 0.0000000000 1.2532975775 0.4557270946 0.0000000000 0.2434353230 0.5495185751 0.0353931691 0.0000000000 -0.3449158138 1.3998203316 -0.6526388927 -2.1553321186 0.4262514464 0.0895829334 -1.3507056967 
355620.0000000000 -1132915.9601970082 6092530.2204191564 1504633.7793880126 0.0192099379 11.3140434823 0.0000000000 1.3829618253 -0.2790888723 0.0000000000 1.1581895393 -0.3450255374 0.5293270664 -0.0000000000 0.3202106618 1.2357149108 -0.0611149141 -2.5224560908 -0.6178710267 -0.2247177525 -0.5779762992 
355650.0000000000 -1132914.0105124889 6092528.4580907635 1504633.2684979022 0.0344241213 11.3140434823 0.0000000000 0.9032332218 -0.5221141152 0.0000000000 1.0441091734 1.1444133036 0.3802851307 -0.0000000000 0.3083129931 0.2601222737 0.0680904689 -3.1408301121 0.3545084677 -1.1058227635 0.3550898615 
355680.0000000000 -1132916.1736824212 6092529.5091507193 1504633.5720671345 0.0198340231 11.3140434823 0.0000000000 1.1976667595 -0.2075890746 0.0000000000 1.0979343728 -0.8034890173 -0.5736491401 0.0000000000 1.0935023095 -0.5865722140 1.2399435296 -1.0394098366 -0.2518448369 0.1648219527 -1.1659965410 
355710.0000000000 -1132916.2803313949 6092531.6316487854 1504633.7807130697 0.0228244103 11.3140434823 0.0000000000 1.4837239690 -0.0489735225 0.0000000000 1.5293765201 -0.0076283912 0.2913665478 -0.0000000000 -0.1850697202 -0.3992254232 1.4151142161 -2.0999837474 0.0676779405 -0.9427380755 -0.9017504857 
355740.0000000000 -1132915.7064674876 6092530.2101294026 1504633.4190810437 0.2277078712 11.3140434823 0.0000000000 1.3717737135 -0.4464384337 0.0000000000 0.5409412599 -1.1090508186 0.5193281954 0.0000000000 1.2207718952 0.6514831210 0.0231862716 -1.8108089199 -0.4585068059 -0.0057522183 -0.5130370301 
355770.0000000000 -1132915.7665082696 6092529.2250998151 1504633.8901505345 0.1810716361 11.3140434823 0.0000000000 0.4958962739 -0.0912260692 0.0000000000 1.1339704292 0.1630292171 -0.3124104191 -0.0000000000 0.7800632293 0.3018051575 0.3668544396 -1.7905475825 -0.6544971791 -0.2049215459 -0.1238021820 
355800.0000000000 -1132915.6614964339 6092529.8493315801 1504634.1060024158 0.0095983097 11.3140434823 0.0000000000 0.5907128788 0.7145996411 0.0000000000 1.4173645184 -0.3690851181 -1.0689301892 -0.0000000000 1.2190787848 0.3207732089 1.9816601071 -2.3969798997 -0.8100650724 -1.1825787243 -0.1806673791 
355830.0000000000 -1132915.1293964558 6092527.4855034547 1504633.2704453301 0.5264758659 11.3140434823 0.0000000000 -0.6009809610 0.1359705218 0.0000000000 -0.2307928594 -0.4185072015 0.1561804820 0.0000000000 1.1009241322 0.4457152393 0.2410134569 -0.6768152009 -0.7724251705 -0.9095889791 1.5131144833 
355860.0000000000 -1132915.8358187708 6092528.8230251390 1504633.0222915579 0.0859401901 11.3140434823 0.0000000000 0.1096341361 0.1869594273 0.0000000000 0.1250672955 0.9891574619 -0.2335835699 0.0000000000 0.4594082942 1.4492235399 -1.7918625314 -1.5159331026 -0.3460204783 0.9174899488 -0.5169116999 
355890.0000000000 -1132915.6098302468 6092529.1501749624 1504633.3737311210 0.0395217902 11.3140434823 0.0000000000 0.3071484884 -0.2744740543 0.0000000000 0.5464769195 0.8225522773 -0.5867556866 -0.0000000000 0.4798988318 1.4007782032 -1.1758619136 -1.7782188314 -0.1841172707 0.6181232104 -0.2688098083 
355920.0000000000 -1132914.4370351473 6092528.0109487763 1504632.3848239433 0.0012359555 11.3140434823 0.0000000000 -0.2100060979 -0.5195184196 0.0000000000 0.4206166733 -0.3553031873 -0.7603482596 -0.0000000000 0.4971228799 1.2151528014 0.5799388243 -1.0555198934 -0.3168295170 -0.8401479839 1.3880272796 
355950.0000000000 -1132914.4423441831 6092528.5307175843 1504632.8346989704 0.0030328374 11.3140434823 0.0000000000 1.0441897339 -0.7267276722 0.0000000000 0.5690615797 -0.9064928619 -0.1741214493 0.0000000000 0.7179824375 1.7563957646 -0.6718045018 -1.4438371562 -0.3886737190 0.5574560114 -0.4087211775 
355980.0000000000 -1132913.9052907566 6092526.8229146320 1504632.2932885904 0.2546288956 11.3140434823 0.0000000000 -0.2499274669 -0.2093414735 0.0000000000 0.0662985688 0.1306399047 -0.0149328305 -0.0000000000 0.8978803352 0.4993643162 0.0990991008 -1.3382095803 -0.3428485431 -0.8813678632 1.3376700887 
356010.0000000000 -1132914.7905098600 6092531.1210498912 1504633.5184107486 0.0717474761 11.3140434823 0.0000000000 0.1021342021 -0.0882671463 0.0000000000 1.2037491174 0.0880052342 -1.5900155664 0.0000000000 0.7285418968 -0.7171954477 1.7087559058 -0.6102206890 -0.2427234059 -0.1681007901 -0.2073285228 
356040.0000000000 -1132914.5604001100 6092528.5633242475 1504633.5676207917 0.0040544341 11.3140434823 0.0000000000 0.7374423539 -0.1688112031 0.0000000000 0.7106047766 0.4834771393 -1.4098871783 -0.0000000000 1.4538278031 -0.4325785667 1.2972991158 -2.2776053685 0.6560807654 -0.6515693567 -0.2282703713 
356070.0000000000 -1132915.2823751741 6092529.9132429529 1504633.0739691777 0.1492936599 11.3140434823 0.0000000000 1.1699467375 -0.3430611592 0.0000000000 0.9609542586 0.3495891392 -0.8467173528 0.0000000000 0.1894205477 0.0503728859 0.7028085979 -1.7656735673 0.7735984196 -0.1534222294 -0.9689209883 
356100.0000000000 -1132914.7340897992 6092530.2873533405 1504634.1708675737 0.2768824389 11.3140434823 0.0000000000 1.1164511310 1.2511020803 0.0000000000 1.2741275608 0.0440778487 -0.7942573627 -0.0000000000 0.1827115129 0.1413279175 1.2815635456 -1.9194490962 -0.1652291012 -0.3064722208 -1.9355516877 
356130.0000000000 -1132914.8617199701 6092528.8553182520 1504632.9113828482 0.0006648067 11.1654816136 0.0000000000 0.0691146003 0.2415925800 0.0000000000 0.9501942678 0.9984313222 -0.7847384695 -0.0000000000 0.4362209417 0.3837494368 0.0000000000 -1.6538429609 -0.3866246582 0.0465284868 -0.2602060387 
356160.0000000000 -1132915.5066187454 6092530.4212017898 1504634.3791498258 0.0190739473 11.3140434823 0.0000000000 0.4461501368 -0.0700655964 0.0000000000 1.4116893212 0.1095329148 -2.0335178870 -0.0000000000 1.2298947737 -0.7521450302 1.9386450691 -1.2377225507 -0.1681262901 -0.0227336223 -0.6237433964 
356190.0000000000 -1132915.3221465652 6092529.3630394423 1504634.0033949087 0.0345211687 11.3140434823 0.0000000000 -0.1958785875 0.0701773312 0.0000000000 0.8559178391 0.7368346359 -0.5613763822 0.0000000000 0.3512864612 -1.6013667391 1.4234327372 -0.4151791255 -0.2041755890 -0.4974482758 0.1975918876 
356220.0000000000 -1132914.9197457519 6092529.0441131452 1504633.6232169296 0.0687760382 11.3140434823 0.0000000000 0.4423585253 0.1567447228 0.0000000000 0.6995428388 -0.6713506072 -0.7184681196 0.0000000000 0.5262000850 0.0461175490 1.4538731165 -0.8444713064 -0.2423820690 -0.6790640548 -0.0349235029 
356250.0000000000 -1132913.5999640941 6092529.8621873260 1504632.3849480513 0.0110621795 11.3140434823 0.0000000000 0.7581259197 -0.0229182715 0.0000000000 0.6317465040 0.0660975467 0.2053005958 0.0000000000 -0.0991646324 0.0060403992 -0.1808027211 -0.7098873724 0.0192000254 0.3430257580 -1.0058095510 
356280.0000000000 -1132913.9035262042 6092530.0895139715 1504632.5309323450 0.1401014560 11.3140434823 0.0000000000 1.3409750665 0.1249107862 0.0000000000 0.9225918976 -1.0874537688 -1.2271467626 -0.0000000000 0.4459570660 0.6965968797 1.6933561877 -1.5577060744 0.4334594313 -0.6385179838 -0.9771419127 
356310.0000000000 -1132914.7982619440 6092530.7525088480 1504632.8452111953 0.0019108523 11.3140434823 0.0000000000 0.6445538157 -0.1863693544 0.0000000000 0.6953569858 0.0144253433 0.1895828155 0.0000000000 0.1739359443 0.0602602465 0.1537755277 -1.1345427928 -0.1121764090 -0.2181324266 -0.2489198340 
356340.0000000000 -1132915.1364505670 6092527.9375349833 1504633.1191207371 0.0002974366 11.3140434823 0.0000000000 -0.5730321631 0.7423953656 0.0000000000 0.2172804619 0.8242556861 -0.2890818706 -0.0000000000 0.6556694412 0.4949545511 -0.2455315223 -1.2164597024 -0.7884009986 -0.2642467487 0.4253047772 
356370.0000000000 -1132915.7050347191 6092529.5426141815 1504634.3088863643 0.0991745126 11.3140434823 0.0000000000 0.4759935886 -0.1048886642 0.0000000000 1.1105727518 0.5584736541 -0.9384290522 0.0000000000 0.1428357305 1.1394442042 0.3903075632 -2.2358027400 -0.0155233520 -0.6130118845 0.1578509320 
356400.0000000000 -1132915.0109727292 6092529.1480900906 1504633.5029159340 0.0186589828 11.3140434823 0.0000000000 0.9309103862 -0.1675439021 0.0000000000 0.6329528168 -0.2300688195 -0.5206343979 0.0000000000 0.6686181682 0.5856556124 0.6540740384 -1.9672611682 0.2987548548 -0.6679222279 -0.1424770401 
356430.0000000000 -1132915.1243598331 6092529.3439361844 1504633.9096935531 0.1870270279 11.3140434823 0.0000000000 -0.2169999583 0.9731697665 0.0000000000 0.0500555282 0.6940526514 0.0340171546 0.0000000000 0.4278688476 0.3601617172 0.4071864277 -1.8147600574 -0.2283786634 -1.2680111164 0.6140998207 
356460.0000000000 -1132915.5969813210 6092529.9706774326 1504633.2351500914 0.0025390603 11.3140434823 0.0000000000 0.9009333345 0.9911263032 0.0000000000 0.9969810259 -0.7398842511 -0.1637080956 -0.0000000000 0.8539620385 1.0305017865 1.3562362816 -2.8140229637 -0.6586796695 -1.6328127799 -0.0067379776 
356490.0000000000 -1132915.6005873643 6092532.2134022554 1504633.5495696464 0.0099459336 11.3140434823 0.0000000000 0.8977545794 0.0085654777 0.0000000000 1.4572651352 0.8182242189 -0.6662524122 -0.0000000000 0.1120086650 -0.0118621535 1.0835912914 -2.6101947354 0.2566871816 -0.9246374399 -0.2831670486 
356520.0000000000 -1132914.4475205722 6092529.5491497992 1504633.4202629558 0.0149845528 11.3140434823 0.0000000000 0.0188341396 0.9213335363 0.0000000000 0.7165455055 0.1422321394 -0.6590763447 -0.0000000000 0.0010197732 -0.2988132782 2.0003866232 -1.3013352260 -0.1980495204 -1.5547405769 0.3718072927 
356550.0000000000 -1132915.1936589426 6092528.0692182193 1504632.7624989806 0.0369136666 11.3140434823 0.0000000000 -0.5035928118 1.4015564926 0.0000000000 0.2744031533 2.0120438325 0.8977589439 0.0000000000 -0.9271933623 0.4470734450 -1.1781210366 -1.4631124903 -0.2926433569 -0.4184521964 -0.3149134694 
356580.0000000000 -1132916.2257509627 6092529.7937058434 1504633.9846312457 0.0937976615 11.3140434823 0.0000000000 -0.9703956584 1.3985410598 0.0000000000 0.2997012646 0.6174683339 -1.0455599722 -0.0000000000 0.6168750103 0.6068293695 1.0037845786 -1.2591010191 -1.0337683625 -1.0049333469 0.8341334427 
356610.0000000000 -1132914.5627935270 6092527.6030825712 1504632.6994612149 0.1399856752 11.3140434823 0.0000000000 -0.7960463608 1.8055637603 0.0000000000 0.1076104727 1.1273497066 0.0640522849 0.0000000000 -0.3427483389 1.5952836275 -0.8445499330 -1.4211395156 -0.8055422765 -0.5290876830 -0.0209560203 
356640.0000000000 -1132914.5347408580 6092528.9992231103 1504632.8220413770 0.0786729382 11.3140434823 0.0000000000 0.0727426102 2.2739644223 0.0000000000 -0.0213306226 0.6245290805 -0.0883182362 -0.0000000000 0.7117049213 1.0581547303 0.2606307376 -2.7536267152 -0.1931313259 -1.2883825983 -0.6280308040 
356670.0000000000 -1132914.4922327846 6092528.7612112826 1504631.8183678642 0.7538348769 11.3140434823 0.0000000000 0.3998160836 1.0281220553 0.0000000000 -0.2215669054 0.0710296480 0.3731882240 0.0000000000 0.4761169959 0.9423513474 -0.3079891887 -1.8038452609 0.1739646134 -0.7969686909 -0.3498511862 
356700.0000000000 -1132915.0929925041 6092528.9471476702 1504632.3372634058 0.0011245527 11.3140434823 0.0000000000 -0.6263010160 2.3863272577 0.0000000000 0.5401270146 0.2883200455 -2.2665187492 0.0000000000 0.4756004168 -0.5819090615 2.9975608991 -0.7857379313 -0.4107844571 -0.9492632484 -0.8564620556 
356730.0000000000 -1132915.1413817215 6092527.7990381969 1504632.9451466352 0.1192053903 11.3140434823 0.0000000000 -0.7141968541 3.0726715795 0.0000000000 -0.7181763255 0.6323488619 -1.5216903920 0.0000000000 0.0883790963 1.8449875900 0.9924913961 -1.9404464618 0.4703366241 -1.6108865987 -0.5336297137 
356760.0000000000 -1132915.0497832524 6092528.5552873863 1504632.6824798412 0.0537476301 11.3140434823 0.0000000000 -0.5929141817 2.8561592170 0.0000000000 0.4056596705 -0.5603993568 -1.0762532346 -0.0000000000 0.1731047510 0.5894714313 2.0324556245 -0.6798570057 -1.1318852829 -1.1297033137 -0.7679592277 
356790.0000000000 -1132915.5910852565 6092529.2614893531 1504632.7993798130 0.1035568048 11.3140434823 0.0000000000 0.3267516113 1.9471335366 0.0000000000 0.1756846029 -0.9508452982 -0.5706175101 0.0000000000 0.6829937195 2.0270505296 0.1777163000 -1.5875275015 -0.5296093801 -0.5330704211 -1.1481680837 
356820.0000000000 -1132914.8045125376 6092528.8418349270 1504632.6767586337 0.0657532039 11.3140434823 0.0000000000 -0.3164285032 3.1096048752 0.0000000000 -0.8907290199 1.2630914725 1.2876001963 -0.0000000000 0.0260751841 -0.2753566883 -0.1595914523 -1.8290733186 0.3222957771 -1.3136132114 -1.2401034408 
356850.0000000000 -1132914.5082279553 6092528.8545178138 1504631.4550872203 0.2507149168 11.3140434823 0.0000000000 -0.6081826597 3.1449515006 0.0000000000 0.0172746050 0.9774748751 -0.4147065090 -0.0000000000 0.2083791208 0.9419595017 0.4346644099 -2.0615170650 -0.4701689024 -1.0193051524 -1.1192754103 
356880.0000000000 -1132916.0600989240 6092531.1180664906 1504632.5656506941 0.3022269426 11.3140434823 0.0000000000 -0.7491992202 3.2419127026 0.0000000000 0.2393925496 1.1884543400 -1.0696267555 0.0000000000 0.1971253846 0.4649826889 0.6589164265 -1.4729978430 -0.4765039398 -0.2193184137 -1.9505047914 
356910.0000000000 -1132915.7413020458 6092528.8704911126 1504632.3276526988 0.1237542631 11.3140434823 0.0000000000 -0.5551631456 3.8673623003 0.0000000000 -0.2425836157 -1.2662968000 0.2285621418 -0.0000000000 0.4535081574 2.0471584580 0.6344379590 -1.2305232833 -1.5027277410 -1.4777985739 -0.9507240522 
356940.0000000000 -1132916.3198160562 6092530.4473176450 1504632.8238259121 0.3847275844 11.3140434823 0.0000000000 -1.1328887758 4.2909702155 0.0000000000 -0.1802098422 1.1763633204 0.0159198327 0.0000000000 0.4058658429 -0.8554625719 1.1849454958 -1.1299542714 -0.9978949128 -0.6603796173 -2.0685463417 
356970.0000000000 -1132916.6347144316 6092529.1838497948 1504632.4194875401 0.1106886348 11.3140434823 0.0000000000 -1.0226411246 3.8565401038 0.0000000000 0.0896324367 0.1757531616 -0.8641544443 0.0000000000 0.4764867955 -0.1571710404 2.0478561066 -0.9141864814 -1.1924816907 -0.9961103884 -1.4072510714 
357000.0000000000 -1132915.8062222393 6092530.3483492276 1504632.8606018769 0.2253637839 11.3140434823 0.0000000000 -1.1813184370 4.6383871935 0.0000000000 -0.3055252158 -0.3385547051 -0.1549066672 0.0000000000 -0.3251477750 -0.0010725650 1.8724646808 0.0238230684 -1.1222841428 -1.1564119254 -1.8873461149 
357030.0000000000 -1132913.0175291793 6092516.0490343552 1504628.9926267217 1.5896697665 11.3140434823 0.0000000000 2.3646810842 1.8869046883 0.0000000000 12.5301660014 0.2178441146 -0.4662821599 -0.0000000000 -4.7820941222 -0.3879980873 4.3900217546 -3.9852974458 -7.3219380818 -0.2545620322 -3.7487810654 
357060.0000000000 -1132913.0381639074 6092514.3598818230 1504630.4508081540 0.4794309377 11.3140434823 0.0000000000 1.6712418978 2.5221712551 0.0000000000 11.9592056659 0.1808697462 -1.5276087539 0.0000000000 -4.7808546700 1.1800999354 4.4608109580 -4.2240387515 -7.2013846865 -0.8548251366 -2.9585840731 
357090.0000000000 -1132912.5212387277 6092515.6119082076 1504629.7589621968 0.7999497513 11.3140434823 0.0000000000 1.7949354201 3.0509541563 0.0000000000 11.6077695027 0.1187899846 -0.9770409521 -0.0000000000 -4.0699905446 1.0389156465 3.5729424699 -4.2979667273 -7.2431366415 -0.1556103497 -4.0645406458 
357120.0000000000 -1132913.1884013091 6092512.6706295945 1504630.3947442779 1.0675062186 11.3140434823 0.0000000000 2.5038118587 2.4058545588 0.0000000000 11.8392350913 0.5394044844 0.7280294546 0.0000000000 -4.7506246440 0.1163949485 3.1782742006 -4.9261336296 -6.7366131448 -0.9326681917 -3.6000796906 
357150.0000000000 -1132912.2134900102 6092515.5413016258 1504629.9849744057 1.2577181852 11.3140434823 0.0000000000 2.2616845063 2.1274420053 0.0000000000 12.3588006704 2.4470901500 0.1257308805 0.0000000000 -5.2516391484 1.7917398204 0.6826531743 -5.9315345748 -6.2500130750 0.3784736842 -4.4558636776 
357180.0000000000 -1132911.6088797685 6092512.4254028685 1504629.1599157464 1.7490619356 11.3140434823 0.0000000000 1.7346712722 2.4266203313 0.0000000000 12.0784172916 1.0372798410 -0.8295253945 -0.0000000000 -4.3173071230 2.4824881755 1.5134210940 -5.1527034870 -7.2713342861 0.3253328969 -3.7343406866 
357210.0000000000 -1132912.8171607943 6092515.8453175556 1504629.9068494968 1.3759074714 11.3140434823 0.0000000000 1.7842434158 3.1262015168 0.0000000000 12.1582060286 1.0811001600 -1.5266681922 -0.0000000000 -3.9205151605 0.4312237033 3.6280180584 -4.9363327354 -7.0787410553 0.2726772291 -4.6400929462 
357240.0000000000 -1132913.2824561934 6092515.3867294695 1504629.9303887498 0.5060296501 11.3140434823 0.0000000000 2.4306716441 3.1057731291 0.0000000000 12.3259374393 0.1324159023 -0.7529658185 0.0000000000 -4.2515098837 1.2302382573 3.5830645676 -5.5429364533 -6.9619174517 -0.8700628489 -4.0403441362 
357270.0000000000 -1132912.6412348733 6092514.8459980870 1504630.7282343642 0.8207336870 11.3140434823 0.0000000000 0.6577815154 3.7402887811 0.0000000000 11.8902232712 1.8769530250 -1.6062386945 0.0000000000 -4.9016810267 0.5384765053 3.7927345250 -4.3760624669 -7.3541543431 -0.3045988572 -3.6117367150 
357300.0000000000 -1132914.1886888847 6092514.2530334424 1504630.5078467971 0.2105506642 11.3140434823 0.0000000000 1.6221588166 4.5005845832 0.0000000000 12.6941474145 0.7494328435 -1.7706583638 0.0000000000 -4.0801911112 0.5617614353 5.0628813758 -5.8477776037 -7.6805336659 -1.1084747817 -4.2794528013 
357330.0000000000 -1132913.4518436047 6092515.8369190032 1504630.6362921719 0.4141171970 11.3140434823 0.0000000000 1.3331528748 4.2065873386 0.0000000000 12.0659043280 -0.1943629368 -2.8772537136 -0.0000000000 -4.6549828206 1.0150680896 6.1987294105 -4.5474397069 -7.1160997842 -1.6514843348 -3.3295830403 
357360.0000000000 -1132911.7472571647 6092513.7053125454 1504628.9514198566 1.3469536512 11.3140434823 0.0000000000 0.7903383166 4.8099182721 0.0000000000 12.6611040308 1.5896122348 -1.3998522435 -0.0000000000 -5.3613362830 0.2860329990 4.7754564510 -4.9392191087 -7.8095219455 -1.1759781950 -3.8554668403 
357390.0000000000 -1132913.1811427143 6092514.8540677996 1504630.2529405111 0.9626829461 11.3140434823 0.0000000000 1.2061150175 4.7639871017 0.0000000000 12.1938628693 1.3266868065 -0.2501048222 0.0000000000 -5.2008189329 0.2848897097 3.8696078601 -5.1247288654 -7.3572247035 -1.3489194190 -4.0300809933 
357420.0000000000 -1132910.1556783072 6092513.3002422787 1504627.9218018646 2.8922592520 11.3140434823 0.0000000000 1.8878109322 4.4560528269 0.0000000000 12.2470728371 0.7227122690 -0.2299913216 -0.0000000000 -5.2732060625 1.3420241731 3.0092753165 -5.3922515415 -6.6126986509 -1.2622602748 -4.5598159782 
357450.0000000000 -1132912.1694017330 6092514.1729479143 1504629.1733986260 1.2170334681 11.3140434823 0.0000000000 1.1264170736 5.5957054995 0.0000000000 12.5573086159 0.9576009798 -0.2828398608 0.0000000000 -5.5581173017 0.1378180828 4.6049386352 -5.0534291585 -7.6603887673 -1.7902761079 -4.2884601540 
357480.0000000000 -1132911.9473774214 6092514.4005893590 1504627.7318749456 2.4772659907 11.3140434823 0.0000000000 1.5750690776 5.0570475384 0.0000000000 12.0417087433 0.3380650017 2.1389760458 0.0000000000 -5.7049339624 3.6083412970 -0.2652977065 -5.5412889805 -7.3913860060 -1.6999253428 -3.9410341464 
357510.0000000000 -1132911.6152650679 6092514.8705301462 1504628.2696592566 2.1979329584 11.3140434823 0.0000000000 1.6034141607 4.9566038063 0.0000000000 12.5332400100 1.0393703848 1.5601649896 -0.0000000000 -5.3805011559 1.4800128086 1.4036653227 -5.6707428149 -7.5451429423 -1.3949947772 -4.3284534613 
357540.0000000000 -1132913.0112222142 6092515.8001881568 1504629.4373052861 2.6580190467 11.3140434823 0.0000000000 1.6296620274 5.5874641746 0.0000000000 12.0359128694 0.9545719951 0.4999216784 -0.0000000000 -4.8849695077 0.7295416618 3.1793742810 -6.0663944492 -6.8346333931 -1.9248241951 -4.5983541577 
357570.0000000000 -1132912.1465915127 6092514.7159817945 1504628.5436390361 1.1843304012 11.3140434823 0.0000000000 1.5073388745 6.3045499071 0.0000000000 12.2411390911 -0.8722474923 0.1898257070 -0.0000000000 -5.3033750619 2.1361834152 3.5509693571 -5.1001632310 -7.5019920232 -2.4626718303 -4.3661216980 
357600.0000000000 -1132912.4603652759 6092513.7672667364 1504628.4611859587 1.4790332790 11.3140434823 0.0000000000 0.8122692121 6.5144169418 0.0000000000 12.0891511175 1.0413369600 -1.2884810491 -0.0000000000 -5.0509220643 0.8629310361 4.5416105795 -5.5429621822 -6.9661119746 -1.7423290363 -4.9480730099 
357630.0000000000 -1132913.2341543676 6092515.4142619325 1504629.4385334738 1.9707805609 11.3140434823 0.0000000000 1.5478784695 6.7158773631 0.0000000000 12.6180553692 -0.8536058159 -0.5998031845 -0.0000000000 -5.3911585589 1.6106877642 4.5289025358 -5.1162028582 -7.2964882759 -2.3589748514 -5.0542499463 
357660.0000000000 -1132913.3290261591 6092515.7806753013 1504629.1600175104 2.0610235620 11.3140434823 0.0000000000 1.3263330377 6.8215357930 0.0000000000 12.7786213736 -0.5817720054 -2.2524513344 -0.0000000000 -4.6260929971 0.9791671946 5.7699692280 -5.1725895187 -7.3362568789 -1.5635910335 -5.7688164583 
357690.0000000000 -1132913.9413028378 6092518.2800529823 1504629.7094999899 2.2677479479 11.3140434823 0.0000000000 0.8271534483 7.1561018975 0.0000000000 13.1127705928 0.1574485982 -1.2531312261 -0.0000000000 -4.9224106067 1.6279472022 4.1942105408 -5.5156710826 -8.0704114248 -1.5074722629 -5.4894738203 
357720.0000000000 -1132913.6390273005 6092514.6978819305 1504629.3308933030 0.7638699474 11.3140434823 0.0000000000 0.3672904461 7.3986089277 0.0000000000 11.8059188525 -0.2228843160 -0.6519621649 0.0000000000 -4.5002740083 1.0731106868 3.7079374761 -4.1221813957 -7.7675939537 -0.9249070940 -5.9139989408 
357750.0000000000 -1132912.1780152421 6092513.7683157874 1504627.6414765618 3.2630154161 11.3140434823 0.0000000000 0.6082090766 7.9658880671 0.0000000000 11.8952506455 0.2804550088 1.3729095552 0.0000000000 -5.4374822414 1.9160923514 1.2905192410 -4.6747135543 -7.1203612895 -1.3207999725 -6.5660194096 
357780.0000000000 -1132912.5115040485 6092512.8676089365 1504627.0701677892 2.6463903578 11.3140434823 0.0000000000 -0.3776918845 8.1222933689 0.0000000000 12.0562932710 1.3330429367 0.6207943870 -0.0000000000 -4.7888794452 0.9939229331 1.8372446210 -4.5140068787 -8.2228402098 -0.3749433023 -6.5227884632 
357810.0000000000 -1132912.2189705290 6092514.6580281779 1504627.5630759872 2.0154217480 11.3140434823 0.0000000000 -0.4922613456 8.0193880432 0.0000000000 12.6500729690 2.3948591793 -0.0088532221 -0.0000000000 -5.2281968313 1.5934676293 1.3518096138 -5.3269479045 -7.8820250165 -0.2320780722 -6.6658228418 
357840.0000000000 -1132913.0311877432 6092516.1611694386 1504628.3308239991 2.2538741837 11.3140434823 0.0000000000 1.0252017371 8.5602446261 0.0000000000 13.2332856656 0.6310695730 0.4628576095 0.0000000000 -5.0839004787 1.9576344675 2.0693744830 -6.4772215095 -7.2143878602 -1.5819779616 -7.3115121315 
357870.0000000000 -1132912.5294039242 6092515.2726123324 1504628.0664536457 3.6489605840 11.3140434823 0.0000000000 1.1646576746 9.2721203832 0.0000000000 12.1335572783 -1.0225100155 2.3095158571 -0.0000000000 -4.8201647731 3.0693241198 0.8985240684 -6.1559489841 -7.1886045403 -2.9241347874 -6.4802867834 
357900.0000000000 -1132911.8360633983 6092515.2755240183 1504627.9235514158 3.4693865940 11.3140434823 0.0000000000 0.2782121923 8.6739989926 0.0000000000 12.3535985946 -0.1347546816 -0.3147169794 0.0000000000 -5.5173210307 1.9841454253 3.2640766903 -4.9101760422 -7.2198779565 -2.0724532916 -6.1360541033 
357930.0000000000 -1132912.0143811686 6092513.4884861652 1504628.7917827668 1.4545589320 11.3140434823 0.0000000000 -0.7112448406 10.3727404645 0.0000000000 11.8155091114 1.5586288462 -0.7762094596 0.0000000000 -5.5782634784 2.7779739865 3.4999773190 -6.9189076395 -6.8193393818 -3.3633842373 -5.6182849765 
357960.0000000000 -1132913.0886242359 6092515.6759499572 1504628.7091379422 2.5036516588 11.3140434823 0.0000000000 -0.2637961756 9.3382356467 0.0000000000 12.0192090492 -0.2566960260 0.3798604479 -0.0000000000 -4.6700055446 1.6279531837 2.8327026679 -4.6948815288 -8.0505112487 -1.7389601184 -6.3339982636 
357990.0000000000 -1132912.9850701520 6092515.0987049481 1504628.0390273081 2.7509942523 11.3140434823 0.0000000000 -0.3376117162 9.7355371122 0.0000000000 12.6662405299 1.0257257610 -0.1702758757 0.0000000000 -5.2403852897 2.8054705269 2.3625515351 -6.5302059480 -7.5161456012 -2.5128534394 -6.0565446259 
358020.0000000000 -1132913.3072012898 6092515.1358764796 1504627.9661333396 1.0219711807 11.3140434823 0.0000000000 -0.8910554166 10.6736179080 0.0000000000 12.4483959010 0.1039308987 0.0633525131 0.0000000000 -5.6439500145 3.7219690969 2.0320686030 -5.5250736311 -7.9233374839 -2.8268031002 -6.0144970666 
358050.0000000000 -1132912.6353091870 6092514.5191069786 1504627.1891650173 2.7228815266 11.3140434823 0.0000000000 -0.6805195947 10.2210426424 0.0000000000 12.4121133348 -0.6559838960 -1.7076903596 0.0000000000 -4.5553669547 5.0812927601 1.6291849555 -5.3921938122 -7.3905165412 -1.6913187021 -6.9946086245 
358080.0000000000 -1132912.2170789621 6092515.5217230190 1504627.7533059688 3.3543834921 11.3140434823 0.0000000000 -0.5685287992 9.9023843231 0.0000000000 12.8368074922 -0.1049826237 -0.4344183952 0.0000000000 -5.3614939573 2.6414249364 2.5041956487 -4.8157657743 -7.8374136808 -1.7510236759 -6.8041564404 
358110.0000000000 -1132914.0897818787 6092517.5484790336 1504628.3494297029 3.3254623603 11.3140434823 0.0000000000 0.2616706560 9.9379117811 0.0000000000 13.3221392151 -0.3597093173 0.3228200365 0.0000000000 -6.1626923777 1.4523235576 3.6665020311 -5.3275494852 -7.4178642118 -2.9525136484 -6.5134811410 
358140.0000000000 -1132913.2162504874 6092517.6625725338 1504627.3003608896 5.7806245599 11.3140434823 0.0000000000 0.1930352914 10.6370791990 0.0000000000 13.1211747228 -0.2604458107 0.4931642694 -0.0000000000 -5.1176939969 2.1149916868 3.0597521255 -6.5792293216 -7.4851513094 -3.2039280350 -6.7295169854 
358170.0000000000 -1132913.8240646406 6092518.5870662685 1504628.4460256617 2.8824620670 11.3140434823 0.0000000000 0.5931814117 10.6581026603 0.0000000000 13.0136108137 -0.8637559489 1.5903284328 -0.0000000000 -5.1479005702 1.4238886795 2.7910367052 -6.1168455916 -7.3159507625 -3.2961492946 -7.1034468434 
358200.0000000000 -1132912.2918141587 6092516.9583794428 1504632.3634816620 0.0011922514 11.3140434823 0.0000000000 5.0641764890 -1.5670924406 0.0000000000 14.3590512269 -0.4573746413 -0.6210973603 0.0000000000 -5.2453225854 -0.5535548743 1.4510359626 -4.3347428720 -4.8562851875 -0.0386064802 -2.8180334533 
358230.0000000000 -1132912.1765683193 6092519.0376375746 1504631.4098380336 1.0127686931 11.3140434823 0.0000000000 5.4500528480 -2.3393128990 0.0000000000 15.0341929695 -0.3423050233 -1.2999511137 -0.0000000000 -5.0795536206 0.2448566982 0.8525129713 -4.8715442909 -4.8027736163 0.2332856883 -2.6391892922 
358260.0000000000 -1132912.3889599699 6092516.4102623258 1504631.1491941297 0.1961297935 11.3140434823 0.0000000000 4.0262626192 -1.7188412573 0.0000000000 14.1937627888 0.4312867398 -1.6910902973 -0.0000000000 -4.7480094321 0.5149583356 0.3155786244 -4.0185825678 -5.2702022944 1.1292016821 -2.8081875977 
358290.0000000000 -1132913.5061039713 6092518.0370444804 1504631.4354629670 0.3448598313 11.3140434823 0.0000000000 4.4317242977 -1.2559597976 0.0000000000 14.1275418674 -0.2570629022 -0.6693082908 0.0000000000 -4.3567935470 1.0768956117 -0.4501322511 -4.6487355333 -5.3028690655 0.2636895507 -2.5591308192 
358320.0000000000 -1132913.1699763283 6092516.4713078011 1504632.1538112385 0.0396461481 11.3140434823 0.0000000000 3.8839238165 -0.1599847978 0.0000000000 14.0359435078 -0.6536269537 -0.8538518525 -0.0000000000 -4.6657478355 0.7170152353 0.3135550544 -3.7749612941 -5.5681677667 0.4017495852 -3.3187694868 
358350.0000000000 -1132911.3237020434 6092516.0235633384 1504632.7343985201 0.0243514032 11.3140434823 0.0000000000 3.4904672759 -0.9640574025 0.0000000000 14.0529390007 -0.2280623001 -1.8036853110 -0.0000000000 -4.8906091958 2.2438892270 -0.4492173657 -3.7997840777 -5.7064527793 0.2625746891 -1.7990639741 
358380.0000000000 -1132911.5419133652 6092513.9624435902 1504631.5583558618 0.0333805902 11.3140434823 0.0000000000 2.5293021423 -1.2797992417 0.0000000000 13.5383706212 0.8717726221 -2.6193239602 -0.0000000000 -5.1507532599 2.2676390269 -0.3480768217 -3.2821646390 -5.8302551416 0.7441922441 -1.0877931546 
358410.0000000000 -1132913.2614440871 6092518.8532868000 1504632.5131808976 0.0001328636 11.3140434823 0.0000000000 4.0246637180 0.4128980354 0.0000000000 14.5033800762 -1.3342393481 -2.4531260456 -0.0000000000 -4.7988402095 1.8327289448 1.5763146483 -4.4980538911 -5.5228037219 -0.6584681867 -2.6261611377 
358440.0000000000 -1132913.3216826865 6092519.8635209538 1504633.1910962276 0.0164091012 11.3140434823 0.0000000000 4.5576358294 -1.4209867724 0.0000000000 14.3097687470 -0.0847108624 -0.8231992694 -0.0000000000 -5.0158679433 1.0018197260 -0.6078960550 -4.4203150768 -4.7677621373 -0.1066440084 -2.1956045638 
358470.0000000000 -1132912.0272655061 6092518.6098519647 1504632.0232737781 0.1475741478 11.3140434823 0.0000000000 4.5924718410 -1.2061379171 0.0000000000 14.3736156658 -0.4740712684 0.0114651069 0.0000000000 -4.6496852914 -0.2212820649 -0.4886197474 -3.7614419972 -5.3339730700 0.4640448013 -2.9522447062 
358500.0000000000 -1132913.8428326603 6092518.1942998739 1504633.3669044795 0.3035496251 11.3140434823 0.0000000000 3.2344260873 -0.5862600534 0.0000000000 14.0582989022 0.5842684727 -0.3282626033 0.0000000000 -4.8233218887 0.4643694061 -0.8964485897 -3.6486697390 -6.0839240578 0.5293802739 -2.2014687972 
358530.0000000000 -1132912.5005367529 6092518.7780485274 1504632.3119929102 0.1460307151 11.3140434823 0.0000000000 4.5984186656 -1.4288783836 0.0000000000 15.1141305566 0.5215387641 -1.9705087816 -0.0000000000 -5.6192300171 0.4983142076 0.5654864279 -4.8014187917 -4.7058154514 -0.1077378930 -2.2390727486 
358560.0000000000 -1132912.8031806287 6092517.7191347079 1504631.9528544645 0.0424916184 11.3140434823 0.0000000000 5.1046667383 -1.1393459620 0.0000000000 15.2296136512 -0.1432511514 -1.2223288516 0.0000000000 -5.0220202002 0.2101276831 0.5294441256 -5.2943456680 -4.9590531352 -0.5536952435 -2.2942471135 
358590.0000000000 -1132913.3022093375 6092517.5929116970 1504633.7356613269 0.1209712160 11.3140434823 0.0000000000 3.7628129618 -0.3309622829 0.0000000000 14.3917159443 0.4107042115 -0.3352746058 -0.0000000000 -4.7413665609 2.2411686130 -2.0511184758 -5.1700473022 -5.4710765903 -0.9341608840 -1.2965648932 
358620.0000000000 -1132913.0596295753 6092520.0624520620 1504631.9374771242 0.6466686818 11.3140434823 0.0000000000 5.3961041762 -1.6834409216 0.0000000000 15.6496650469 -1.8538175059 -2.3721841953 0.0000000000 -4.8427596305 0.2478082525 1.3848983213 -3.6338472045 -5.5670930231 0.2136092273 -2.4670663082 
358650.0000000000 -1132912.5353013026 6092518.3733216608 1504633.1483901157 0.0504813002 11.3140434823 0.0000000000 3.6543839584 -0.0211544242 0.0000000000 14.6406477612 0.1430598136 -1.8876021471 -0.0000000000 -5.5534620794 1.3048822883 -0.0924900698 -4.0633435782 -4.8787706906 -0.2409488943 -2.5853313385 
358680.0000000000 -1132911.7008653155 6092518.5115644662 1504631.8268142298 0.2333557616 11.3140434823 0.0000000000 5.0648351123 -1.4041777881 0.0000000000 14.9870263007 -0.2967120827 -0.2372485318 0.0000000000 -5.3166239087 -1.2361424396 0.2465372437 -3.8594859694 -5.0400722097 -0.0280251607 -2.5473157823 
358710.0000000000 -1132911.5118299872 6092516.9476203127 1504631.6239953018 0.0541259948 11.3140434823 0.0000000000 4.4790086038 -1.5726836058 0.0000000000 14.8219353292 0.7923318568 -2.0262486956 0.0000000000 -6.3983353326 0.1400732754 0.5352595206 -4.1583530356 -4.1562309086 -0.5023497951 -1.5522753200 
358740.0000000000 -1132912.1894223925 6092516.4763817629 1504632.5116716318 0.0007626601 11.3140434823 0.0000000000 3.9460257475 -0.6607836135 0.0000000000 14.4111711904 -0.0413488705 -0.8065919968 0.0000000000 -5.6064375459 -0.3443436486 0.3158555876 -3.4057406990 -5.4673347684 -0.4123759607 -1.6110695080 
358770.0000000000 -1132913.8805533806 6092517.0705262171 1504633.8757709221 0.2169967061 11.3140434823 0.0000000000 2.4793324189 -0.1616232189 0.0000000000 13.8277440798 1.2726413039 -1.2298071803 -0.0000000000 -4.9276779799 1.1654186992 -1.5729755168 -3.4792466779 -5.5373472290 0.5349364738 -2.0476146763 
358800.0000000000 -1132915.3865756472 6092530.4021236952 1504633.9617522717 0.0353633145 11.3140434823 0.0000000000 0.4817749485 0.2094410529 0.0000000000 0.4881712746 0.9516295213 1.5598446412 0.0000000000 -0.7794558460 -1.9088228652 0.9749175339 -1.3409158873 -0.4547756399 -1.3052062875 1.0046673956 
358830.0000000000 -1132915.1955224359 6092529.6148793837 1504633.3996107846 0.0002351460 11.3140434823 0.0000000000 0.9935298662 -0.7182952700 0.0000000000 0.1907312788 0.2099475253 2.1022171467 -0.0000000000 -0.1536903501 -1.1121137582 -0.6752428637 -0.8518320629 -0.1860991860 -1.1261746145 1.3122278798 
358860.0000000000 -1132915.7410750987 6092529.7708982620 1504633.5998713491 0.1228662998 11.3140434823 0.0000000000 -0.2324317128 1.6634887413 0.0000000000 -0.4210534710 0.0858515183 2.6189351524 0.0000000000 -0.5908919898 -0.8967903908 -0.1970379679 -0.5672599790 -0.4065277226 -1.8566797887 0.7056172658 
358890.0000000000 -1132915.0037263080 6092530.5757683506 1504633.9111011298 0.0021722871 11.3140434823 0.0000000000 0.6629054638 0.1531824619 0.0000000000 -0.1965060998 -0.5280248117 0.1280983495 -0.0000000000 -0.2937736453 -0.0985605407 1.1018685371 -0.8077436137 0.2216905772 -1.5558422280 1.2672289203 
358920.0000000000 -1132916.5631893224 6092529.9415306402 1504634.2871329589 0.2100255874 11.3140434823 0.0000000000 -0.5608853362 0.8185679981 0.0000000000 -0.5217247903 0.4241936773 1.2433706518 -0.0000000000 0.0827405086 -0.9306042394 0.0435352405 -0.0139649925 -0.4711960076 -0.1862637925 -0.0676096368 
358950.0000000000 -1132916.5889304418 6092529.0403040275 1504634.0384448152 0.1016938693 11.3140434823 0.0000000000 -1.2352003036 0.3886804906 0.0000000000 -0.8363538336 1.2853479873 -0.4316660177 0.0000000000 0.0292610616 -1.1318935581 1.5855348327 0.0236605351 -0.8130676515 0.4930958532 0.4143091127 
358980.0000000000 -1132915.2074952642 6092528.1839790493 1504634.9518452440 0.4434958452 11.3140434823 0.0000000000 -1.0239137542 1.1753379016 0.0000000000 0.1400105673 0.4474705955 -1.2734728868 0.0000000000 -0.5480705309 2.3072748742 0.1106868102 -0.8822329717 -0.4517167930 -1.2818974636 1.4454100404 
359010.0000000000 -1132914.6590216281 6092531.4917624621 1504633.9856082876 0.0112405519 11.3140434823 0.0000000000 0.1588817378 0.2632677382 0.0000000000 1.3563897484 0.1349517357 -1.4247655922 -0.0000000000 -0.5252936558 1.6334031508 -0.0837192106 -1.0091729552 0.0842715992 -0.4808927262 0.0917436181 
359040.0000000000 -1132912.7787114608 6092528.8325335262 1504631.7229982023 0.1779062149 11.3140434823 0.0000000000 0.3952852119 0.4039850689 0.0000000000 1.0774814862 1.3369417579 -1.4966525258 -0.0000000000 -1.3789990871 0.0144769930 1.7337149980 -2.0648725187 1.0024499544 -1.0280889853 0.0462277724 
359070.0000000000 -1132915.1253142380 6092531.9987048563 1504634.0400133671 0.0006825533 11.3140434823 0.0000000000 0.0767045049 -0.1737687619 0.0000000000 0.6851167593 1.0992707632 -1.4191708212 0.0000000000 -0.0398618083 1.7054616669 -0.3883234494 -1.8949392608 0.5035527492 -0.5585519909 0.6202808322 
359100.0000000000 -1132915.1548128694 6092529.5931667984 1504633.4005246635 0.0022343748 11.3140434823 0.0000000000 1.2186343425 -1.1557457249 0.0000000000 0.9052769458 -0.4275104253 -0.9086120576 -0.0000000000 0.1175466096 1.0001594456 -0.3112457959 -0.8916357977 0.3822632851 -0.4510957273 0.7603291057 
359130.0000000000 -1132915.2322505654 6092528.7411547536 1504634.1450442560 0.1804429256 11.3140434823 0.0000000000 0.9503654692 0.0570364039 0.0000000000 0.0552627931 0.1839543931 1.9089667614 0.0000000000 0.0001886398 -1.1915519228 -0.0359322088 -1.4409828780 -0.0849106499 -1.5099761161 1.0633816326 
359160.0000000000 -1132914.2147493840 6092526.8973288443 1504632.2946958216 0.0020061521 11.3140434823 0.0000000000 0.5211000379 -0.9765438036 0.0000000000 -0.1948347731 1.0954788648 0.4876339367 -0.0000000000 0.0735315401 -2.6490635203 1.9733274532 -0.9803345357 -0.6558606999 0.0830809885 0.9251019951 
359190.0000000000 -1132915.4227440835 6092530.3261725241 1504633.7791514527 0.0000018140 11.3140434823 0.0000000000 1.1941162399 -0.4649559464 0.0000000000 0.1602358712 -0.5129294233 0.9077565997 0.0000000000 0.7707135200 -1.1472204626 0.7461465947 -1.2307708841 -0.6237806089 -0.8274486403 0.9988778266 
359220.0000000000 -1132915.7728425781 6092530.1855391776 1504634.4549421773 0.1507110634 11.3140434823 0.0000000000 -0.0594204247 1.0722004031 0.0000000000 -0.3474881554 0.2323556177 1.0897129914 0.0000000000 -0.0267741818 -0.4900091874 0.4576276753 -1.1064924795 -0.2007494548 -1.2961141832 0.6140028201 
359250.0000000000 -1132916.5623214555 6092529.8319451679 1504634.7238674622 0.0776573340 11.3140434823 0.0000000000 0.0356679117 0.3421195772 0.0000000000 -0.2850866976 0.2211813101 0.4796045404 0.0000000000 0.6549806010 -1.0219935994 1.3577645948 -1.2029793339 -1.1305780181 -0.6149683972 1.0266327673 
359280.0000000000 -1132915.7412397843 6092529.8004402481 1504634.2070738715 0.0968025080 11.3140434823 0.0000000000 0.7500079336 -0.3443860411 0.0000000000 0.8123880527 0.2223975493 0.9960156544 -0.0000000000 0.1139759832 -1.2691890049 0.2610608060 -0.9740292918 -0.8695800165 -0.4010193773 0.5983896571 
359310.0000000000 -1132914.8167186994 6092529.4118297668 1504633.3158046773 0.0934364833 11.3140434823 0.0000000000 0.7123062777 0.0229255047 0.0000000000 0.1203947892 -0.3022905292 -2.1231091391 0.0000000000 0.6399449334 1.3712110942 1.7366098394 -2.1612247483 0.2612850424 -1.1234479187 1.1220327825 
359340.0000000000 -1132915.0248462462 6092528.1176578272 1504633.3162798788 0.0645124965 11.3140434823 0.0000000000 0.8432625232 -0.7339431983 0.0000000000 0.0951301746 0.3235036755 0.3870557036 -0.0000000000 -0.1226958533 -1.4258176647 0.8703354803 -0.6815064892 0.1112368020 -0.1997341295 0.3973216044 
359370.0000000000 -1132915.4660346445 6092528.7580619613 1504632.6690148339 0.0000109068 11.3140434823 0.0000000000 -0.3656163549 -0.3615153499 0.0000000000 0.0014150243 1.4256821410 -0.4410643103 0.0000000000 0.3050098902 -0.7426903861 1.0097713540 -1.1821535482 -0.7850336731 0.3680226377 0.6047498659 
359400.0000000000 -1132915.9720504631 6092530.2585394084 1504633.1309616286 0.0295860905 11.3140434823 0.0000000000 0.6841951987 -0.6399208360 0.0000000000 -0.1802414536 0.8052894911 -2.0137506183 0.0000000000 1.0022794899 0.8237255100 1.4872487189 -2.7233291266 0.5831052908 -0.4846495470 0.8597443259 
359430.0000000000 -1132914.9880050397 6092528.4972169437 1504632.2856203073 0.1026926460 11.1654816136 0.0000000000 0.9718898645 -0.7419355352 0.0000000000 0.6376579584 -0.3134487868 -1.1411639676 0.0000000000 0.5094914417 0.0000000000 1.1499502837 -1.1268750284 -0.2489674565 -0.0902199966 0.4887361473 
359460.0000000000 -1132915.5667996290 6092530.5931601785 1504632.7634085941 0.0071228614 11.1654816136 0.0000000000 1.4256080703 -0.5473642072 0.0000000000 0.9455646690 -0.1939747323 -1.3670966420 -0.0000000000 0.3669762850 0.0000000000 1.4838203232 -2.0073691721 0.3588162153 -0.5236151075 0.2045276832 
359490.0000000000 -1132914.9449978003 6092528.7391454112 1504633.6901394916 0.1916794377 11.1654816136 0.0000000000 0.4877645505 0.7115112364 0.0000000000 0.5386202052 -0.8491393648 -1.0182208000 -0.0000000000 0.1928576500 0.0000000000 1.9541813519 -0.9905716532 -0.4144158411 -0.5946819192 0.0227337818 
359520.0000000000 -1132915.9349644696 6092531.5193132339 1504633.8698437409 0.0344994706 11.1654816136 0.0000000000 1.6398336836 0.0257455434 0.0000000000 0.2941035910 -1.5118184363 -0.3476125545 0.0000000000 1.3879651001 0.0000000000 1.0857529160 -1.6896331677 0.1248184510 -0.8510103320 0.0296507194 
359550.0000000000 -1132915.0404971051 6092528.8183264006 1504633.8525179811 0.2671067178 11.1654816136 0.0000000000 0.6713491632 -0.2247415139 0.0000000000 0.3356099447 -0.0954376753 0.0628036797 0.0000000000 0.0829642810 0.0000000000 0.4336825329 -1.0574097689 -0.5503988537 -0.9883620383 1.4115182440 
359580.0000000000 -1132915.5165425669 6092531.5350715928 1504633.7064130250 0.0488526560 11.1654816136 0.0000000000 1.2578081335 -0.0763582019 0.0000000000 0.4222607677 -0.5675958550 0.1515615004 0.0000000000 1.1731541199 0.0000000000 0.3727998451 -1.9751104983 -0.2937896784 -0.9635095414 0.6561522162 
359610.0000000000 -1132915.9853203201 6092531.4591636313 1504635.3507910010 0.1154825372 11.1654816136 0.0000000000 0.2174506349 0.7980656990 0.0000000000 0.1271982765 0.1068772940 1.2230841494 -0.0000000000 0.8273508082 0.0000000000 -0.5408569355 -1.5990319973 -0.5957529832 -1.1035250660 0.5921239273 
359640.0000000000 -1132915.7723082842 6092530.3707083082 1504634.5233969039 0.0649999623 11.1654816136 0.0000000000 -0.0033149278 0.4043071592 0.0000000000 -0.2108459616 0.2248687811 -0.4716686619 -0.0000000000 0.4399739085 0.0000000000 1.1058048926 -1.2094536842 -0.1792204672 -0.3615090683 0.2562383265 
359670.0000000000 -1132915.6318597540 6092530.6562357079 1504634.2393394387 0.0918690724 11.1654816136 0.0000000000 -0.7304686157 0.4049428507 0.0000000000 -0.4861097892 1.5538015195 -0.3346899381 0.0000000000 1.0986370215 0.0000000000 0.6096549922 -2.0079547276 -0.3445487539 0.2707854468 -0.1190974257 
359700.0000000000 -1132914.6805498879 6092529.5903631169 1504634.2478900680 0.3774960929 11.1654816136 0.0000000000 -0.5720106377 0.1521478378 0.0000000000 0.0463081928 1.1085827725 0.4667151717 0.0000000000 0.3245784685 0.0000000000 -0.2202659970 -1.0240588087 -1.1874015708 -0.3069233192 1.1548753147 
359730.0000000000 -1132914.8070160325 6092528.8760171933 1504633.2119559261 0.1193002296 11.1654816136 0.0000000000 1.4332379868 0.4015330808 0.0000000000 0.5159516312 -1.1451360462 -0.4235170943 -0.0000000000 0.0146107609 0.0000000000 1.5584397719 -1.5341632664 0.0158875590 -1.6616633480 0.9963304847 
359760.0000000000 -1132914.4319961232 6092528.3636401771 1504633.1551276864 0.0109907795 11.1654816136 0.0000000000 0.2008263018 0.2812247688 0.0000000000 0.9544211924 0.6878225856 -0.9289076120 -0.0000000000 -0.8326820479 0.0000000000 1.2613453262 -1.3257538871 -0.2002431880 -0.6671938116 0.5750511156 
359790.0000000000 -1132914.6529622737 6092528.4151249276 1504633.1787002196 0.0006056455 11.1654816136 0.0000000000 -0.1751690021 0.8018914862 0.0000000000 0.3653522482 -0.1968194581 0.0425335019 0.0000000000 -0.9924901241 0.0000000000 0.6346348122 0.1047384972 -0.3656230925 -0.8615675405 0.6149671296 
359820.0000000000 -1132914.5912317091 6092528.8256374542 1504633.4147187988 0.0261674299 11.3140434823 0.0000000000 0.1494204540 -0.8066801031 0.0000000000 -0.2781714129 -0.0300259955 -1.7091949911 0.0000000000 0.4468178820 0.0000000000 1.7970590773 -0.2892246774 -0.2728043761 0.8017557917 0.1746058743 
359850.0000000000 -1132914.8291348100 6092528.6438601688 1504633.9416031933 0.0761585284 11.3140434823 0.0000000000 -0.5332651537 -0.2004091408 0.0000000000 -0.4870842654 1.7779543959 0.2592666168 -0.0000000000 -0.0952285470 0.0000000000 -0.1726015431 -1.2124136294 -0.1419062673 -0.3763623989 1.1246849091 
359880.0000000000 -1132913.6288771026 6092527.9058541078 1504631.8778172259 0.5438758775 11.3140434823 0.0000000000 0.1586419348 -1.4530917147 0.0000000000 0.4496451727 1.3813163281 -1.2014832461 0.0000000000 -0.4691924066 0.0000000000 0.2491635359 -0.4709384693 0.1684444825 0.6987614131 0.4855719985 
359910.0000000000 -1132915.6656003220 6092527.9685580684 1504633.5810672154 0.0412417322 11.3140434823 0.0000000000 -0.8746634938 0.3396279818 0.0000000000 -0.3085270910 1.0597166472 -0.7675727473 -0.0000000000 0.7163240897 0.0000000000 1.4499016114 -1.3733898163 -1.1861680230 0.3744801373 0.4381957686 
359940.0000000000 -1132915.3521017770 6092531.0374561464 1504634.6927189985 0.0100525171 11.3140434823 0.0000000000 -0.1223845386 1.6154390670 0.0000000000 -0.7426675873 -0.2849401014 1.4608726755 -0.0000000000 0.3897259225 0.0000000000 0.0690011630 -1.1828814882 -0.2674841190 -1.7789016417 0.8654515724 
359970.0000000000 -1132914.4607890160 6092530.3966714554 1504632.4886806996 0.6176162656 11.3140434823 0.0000000000 0.9185267255 -0.6988582686 0.0000000000 -0.3140966190 0.5060372531 -0.7918198475 0.0000000000 0.5684126815 0.0000000000 1.2192836166 -2.0077805443 0.1969983050 -0.6139301286 1.1330645626 
360000.0000000000 -1132915.0573585301 6092530.7105590031 1504633.8866285463 0.0065110440 11.3140434823 0.0000000000 0.8028011479 -0.2341529206 0.0000000000 0.5949027515 -0.0886595862 0.6571089440 0.0000000000 -0.2112927012 0.0000000000 -0.9032312226 -0.4459181084 0.0377020545 -0.9201347343 0.8414195983 
