time x y z T0 thrd C21 C24 C25 C26 C33 C34 C38 C39 C40 C42 C43 C59 C60 C23 C41 
345600.0000000000 -1132915.7181231207 6092527.1301118033 1504632.5391693255 0.1899675248 11.3140434823 0.0000000000 0.3588991757 0.7741889209 1.6881043982 -1.3584277412 0.0627084554 -0.2773808662 0.0512713736 0.3574596143 0.7073830355 0.1605614496 -1.7364633664 -0.7444721615 0.0000000000 0.0000000000 
345630.0000000000 -1132916.0073301096 6092528.5421463363 1504633.6975310985 0.1412289017 11.3140434823 -0.0000000000 0.0288457144 0.2871341101 1.0983772565 -0.8274046820 0.3497846365 0.0953355500 -0.3132666528 -0.0402358846 0.7767918097 0.1903390741 -1.2134326057 -0.3667023452 0.0000000000 0.0000000000 
345660.0000000000 -1132916.5426442511 6092529.3188322978 1504632.8867618919 0.0744043977 11.3140434823 0.0000000000 0.1997794428 -0.8445659723 0.3651974027 -1.1808875028 0.6669288811 0.5991454420 0.2504007534 -0.7709825518 0.9009011479 1.8473471800 -0.6865323919 -0.9872399335 0.0000000000 0.0000000000 
345690.0000000000 -1132914.4616021761 6092527.9615232022 1504632.8569199513 0.0252318011 11.1654816136 0.0000000000 0.9916784406 -1.1949948107 1.6152915019 -0.7166172112 0.0000000000 -0.0705855102 -0.1754270626 1.5314483499 -0.1731470822 0.5041702766 -2.2763209711 0.1941576156 0.0000000000 0.0000000000 
345720.0000000000 -1132914.1328067826 6092526.6949266465 1504634.4320765522 0.0044552800 11.3140434823 0.0000000000 0.7021944782 -0.2464656158 1.2705746794 -1.3903740515 3.0563983555 -0.5473976954 0.9611346933 -0.9693745169 0.6879214202 -0.6005283920 -1.8795195418 -0.8255668957 0.0000000000 0.0000000000 
345750.0000000000 -1132914.2389065928 6092528.7200491177 1504632.7882551034 0.0627827370 11.3140434823 0.0000000000 1.0043152684 0.5881860945 0.9018385744 0.7764371619 2.1807595071 -0.0626097078 -0.5832538198 -0.0095213189 -0.3234105403 -2.7961940327 -1.6086032199 -0.2732996680 0.0000000000 0.0000000000 
345780.0000000000 -1132914.9031935856 6092528.3649588479 1504632.6840929133 0.1173935363 11.1654816136 0.0000000000 0.6895125340 0.8003456605 0.2245216501 -0.0589972565 -1.7298094193 -0.1276694478 0.3713886977 2.3416074285 0.0000000000 -0.5994024750 -1.5856536707 -0.4881733991 0.0000000000 0.0000000000 
345810.0000000000 -1132913.8581361773 6092528.2323278813 1504633.6532307151 0.1313512338 11.3140434823 -0.0000000000 0.5932176053 1.9760268242 0.9646692285 -0.3593208019 0.0264570580 0.0190197906 0.3624569695 0.5068104064 -0.0055616455 -1.5270956131 -1.4941514790 -1.3231751054 0.0000000000 0.0000000000 
345840.0000000000 -1132914.3878096547 6092529.3559208391 1504632.9761010476 0.0728545533 11.3140434823 0.0000000000 1.0643504843 -0.6144471882 0.0924093866 -0.3757242505 2.0348539988 0.0582748689 1.1715592817 0.4576983595 0.2980394622 -0.9614616781 -2.1926220084 -0.8703475515 0.0000000000 0.0000000000 
345870.0000000000 -1132915.5092862432 6092530.4613239542 1504632.3898826395 0.2430268954 11.3140434823 0.0000000000 0.6852530999 -0.4621340681 -0.1885794377 0.5585125651 0.9971493979 0.9767453401 0.5688251800 1.3199257988 -0.0145829959 -1.4284149617 -2.4547627082 -0.5554106476 0.0000000000 0.0000000000 
345900.0000000000 -1132914.9377452042 6092528.9831350194 1504633.5120258501 0.0173414504 11.3140434823 -0.0000000000 0.6304731964 -0.3695955417 0.6022894495 -0.8074475366 0.4841103742 -0.1279817489 0.6008547470 0.5304024833 0.2855499912 0.2345027814 -1.4281704265 -0.4723186750 0.0000000000 0.0000000000 
345930.0000000000 -1132915.0622132395 6092529.2189141307 1504633.4161690176 0.0163627681 11.3140434823 0.0000000000 0.7842629454 -0.0800722561 0.1242134909 -0.2534597635 1.6389960771 0.0447860731 0.8755725202 0.0221597987 0.0797810957 -0.9347865767 -1.4132966669 -0.8197930506 0.0000000000 0.0000000000 
345960.0000000000 -1132914.5758009390 6092528.0952403089 1504633.2526613560 0.0620267464 11.3140434823 -0.0000000000 0.8166759731 0.4688632786 0.6771725446 -0.1427892132 -0.7263455812 -0.2277951683 -0.5149871508 1.4050889165 0.4414282438 -0.4657870903 -1.4479456229 -0.3709613460 0.0000000000 0.0000000000 
345990.0000000000 -1132914.8969779308 6092527.2966739051 1504632.8243442008 0.4436187130 11.1654816136 -0.0000000000 0.2308668685 0.2384231973 0.6424056971 -0.2006560938 0.0000000000 0.9507325379 -0.1307077483 0.1377274516 0.0172558638 0.0978495695 -1.1623150252 -0.7856594394 0.0000000000 0.0000000000 
346020.0000000000 -1132914.9388403581 6092528.5673818998 1504632.7421362454 0.0753409153 11.1654816136 0.0000000000 0.6822774286 -0.1852343405 0.1524752966 0.6099216067 1.8064893983 0.4487338427 -0.0296684858 0.3469233540 0.0000000000 -1.8524251021 -1.7539997558 -0.2826738987 0.0000000000 0.0000000000 
346050.0000000000 -1132914.9192578963 6092529.7554658521 1504633.0260796407 0.0010121808 11.3140434823 0.0000000000 0.6849880894 0.1854920345 0.8932800589 -0.0651731579 1.3704378501 0.3857865073 -0.0083685834 0.5678594895 0.1999755100 -1.4756063343 -2.2922683698 -0.4873655614 0.0000000000 0.0000000000 
346080.0000000000 -1132915.0541994041 6092526.8244491182 1504631.7510746913 0.3553474896 11.3140434823 0.0000000000 0.8501077972 0.1032177821 0.6443167440 -0.8246019847 0.3540714448 0.1502677401 0.5436846539 1.0226854903 0.7476023259 -0.1825391542 -2.3165264207 -0.9889232576 0.0000000000 0.0000000000 
346110.0000000000 -1132914.9100686214 6092528.2478151787 1504632.8144306710 0.0452593535 11.3140434823 -0.0000000000 0.8661716860 -0.0026682461 0.3543246651 -0.2829286500 -0.5974022736 0.3490627904 -0.1142653600 1.3495305311 0.5898899158 0.1387704089 -1.7824699422 -0.8152541382 0.0000000000 0.0000000000 
346140.0000000000 -1132915.2784703311 6092527.5990460590 1504632.6532472251 0.4740647576 11.3140434823 0.0000000000 0.5012110404 0.5900992865 0.6149827826 0.0372760267 1.7710186158 0.1213984323 -0.4105003444 -0.2925575118 0.6838619978 -1.5962722691 -1.5083576712 -0.5901978685 0.0000000000 0.0000000000 
346170.0000000000 -1132916.0215931511 6092528.0320935845 1504632.8413655218 0.0096382983 11.3140434823 -0.0000000000 0.2846960928 -0.5575672495 0.1512685972 -0.0494425145 3.3486207382 0.8881905905 0.4312309519 -1.7537154194 0.2156855103 -0.8920349671 -1.0832643521 -0.7567392487 0.0000000000 0.0000000000 
346200.0000000000 -1132915.4132892538 6092528.7946925601 1504632.8200039358 0.4367661739 11.3140434823 -0.0000000000 0.1002352759 -0.2747935088 -0.0257024731 -0.0331953644 1.6619804569 0.8728207705 0.3558913060 -0.5333345647 0.4502926761 -0.5206915839 -1.2574543237 -0.6680454037 0.0000000000 0.0000000000 
346230.0000000000 -1132916.1694410266 6092529.8875418818 1504632.4669475274 0.4479502596 11.3140434823 -0.0000000000 1.0169447907 -0.8776209728 0.3594785587 -0.4505469082 0.9969898112 0.1634507871 -0.5060627815 -0.4649097759 0.7646845000 0.8435230176 -0.8362874766 -0.6752698365 0.0000000000 0.0000000000 
346260.0000000000 -1132916.3180000826 6092527.5506158499 1504632.1146823862 0.0000000000 18.4753069066 0.0000000000 0.7582740772 0.7881766447 1.2668071366 -1.5222217847 0.0000000000 0.5515131123 0.7425509575 -0.1009418248 0.2160349656 0.8157566579 -1.5772311416 -1.7711926812 0.0000000000 0.0000000000 
346290.0000000000 -1132916.6799298292 6092530.2687515998 1504632.7823470214 0.0008203998 11.3140434823 -0.0000000000 1.5895212894 -1.4962993122 0.9147697055 -1.0883399362 1.7531777449 -0.1546633512 -0.2049498461 -1.1237556341 0.2998720587 1.4971035588 -0.7327357571 -0.6864460452 0.0000000000 0.0000000000 
346320.0000000000 -1132915.1300128791 6092527.4275712799 1504632.4992913422 0.0927677705 11.3140434823 0.0000000000 1.5966518533 -0.5728034646 0.3432799799 -0.1985510108 0.8885454440 0.0676402440 -0.2171705169 0.1302855493 0.1267078202 0.1394351828 -1.1333682955 -0.9580967262 0.0000000000 0.0000000000 
346350.0000000000 -1132915.3352044201 6092526.5740922978 1504633.1736646795 0.0299959255 11.3140434823 0.0000000000 1.9352683999 0.5105375931 0.8712227224 -1.4683682122 0.6077251991 0.5062503017 0.5688435783 -0.9147538896 0.1827455750 1.4025022989 -1.0224067082 -2.8133198948 0.0000000000 0.0000000000 
346380.0000000000 -1132914.8774447052 6092525.2423562566 1504632.0763804254 0.0000000000 18.4753069066 0.0000000000 1.6625649152 1.4743750752 0.6161964941 -0.1275363004 0.0000000000 -0.5992836767 0.2480081035 1.3463952689 -0.3136440448 -1.7484465393 -1.5252344367 -1.3417943629 0.0000000000 0.0000000000 
346410.0000000000 -1132915.4062952134 6092528.2824146636 1504632.5229220616 0.1471016711 11.3140434823 0.0000000000 2.0278125360 -0.3992840581 0.8593291677 -0.6489290513 0.1227610444 0.1956724363 -0.5889136333 -0.0268367952 0.0404329756 1.1672986359 -0.9498043672 -1.4868754850 0.0000000000 0.0000000000 
346440.0000000000 -1132915.7885872079 6092526.4769763257 1504631.8522312725 0.1419020801 11.3140434823 0.0000000000 2.0630782920 -0.2638686863 0.3655124179 0.2839695472 1.8842538358 -0.0493466235 -0.8636957125 -0.6322442807 -0.0106759310 -0.6726937659 -0.7649503460 -1.1917656688 0.0000000000 0.0000000000 
346470.0000000000 -1132915.8246252346 6092525.6030860497 1504632.3725914436 0.1627258000 11.1654816136 -0.0000000000 1.9863293189 -1.0936107271 1.5736929920 -2.0206885032 -0.7843710441 0.0000000000 -0.8016618932 -0.3959055882 0.8508044339 3.6505824251 -0.8337437095 -1.4079808762 0.0000000000 0.0000000000 
346500.0000000000 -1132916.1220624342 6092527.4560712222 1504632.6319621659 0.3381012131 11.3140434823 -0.0000000000 2.0112685413 0.0236464807 0.0813042166 -0.0247512034 0.4961751268 -0.8790062545 -0.9768646631 -0.1362522706 0.4963993256 0.1368793562 -0.0191810624 -1.0820374962 0.0000000000 0.0000000000 
346530.0000000000 -1132914.8306182604 6092526.2188935634 1504632.5269006318 0.0167331311 11.3140434823 0.0000000000 2.7659625231 0.1713577803 -0.0519675596 -0.3751258563 1.0043512154 -0.2985690907 -0.5686133463 -0.9001957844 0.5193002466 0.7755303057 -0.1512606845 -2.5633011144 0.0000000000 0.0000000000 
346560.0000000000 -1132916.2346642637 6092527.4768922664 1504632.4875523159 0.2271609503 11.3140434823 0.0000000000 3.3133453406 -0.4203817115 0.5859605818 -0.9683868159 0.0778300610 -0.5130218827 -0.0915453579 0.9032162195 0.2334414799 1.0482118259 -1.6548280974 -2.1499765708 0.0000000000 0.0000000000 
346590.0000000000 -1132915.5590612022 6092525.9909825986 1504632.5468242853 0.0535818734 11.3140434823 -0.0000000000 3.3361869220 -0.7832097632 -0.7006729241 0.1345675524 0.4087237082 -1.1181304480 -0.0574932118 0.5315216281 -0.4758060297 0.4859985919 0.1030051473 -1.6016584108 0.0000000000 0.0000000000 
346620.0000000000 -1132915.5522274114 6092526.7806176860 1504633.2107308249 0.0525793005 11.3140434823 0.0000000000 4.1586243990 -1.5358582781 0.4252117566 -1.0971858856 2.6947925224 -0.7902660640 0.3419529707 -0.3166452373 0.0882693620 0.6782680437 -1.8579525132 -2.1059341834 0.0000000000 0.0000000000 
346650.0000000000 -1132916.0370515853 6092525.2230310813 1504632.1858200857 0.4496298754 11.3140434823 0.0000000000 3.4570229354 0.2107305473 0.6776599077 -0.6719567139 0.6697770666 -0.5249416268 -0.4756949122 -0.2189896720 -0.3741611904 0.5869636776 -0.6146829973 -2.4438274583 0.0000000000 0.0000000000 
346680.0000000000 -1132916.1006748318 6092526.7222902430 1504632.2910049423 0.8162887836 11.3140434823 0.0000000000 4.2746139650 -1.8557342907 0.2888860786 -0.6471679519 0.8499036002 -0.4586168885 -1.0214319027 -0.3798635097 0.0085447461 2.3796285133 -0.5404167621 -2.1133711698 0.0000000000 0.0000000000 
346710.0000000000 -1132915.7952144332 6092527.3921674900 1504632.5886036761 0.2035320571 11.3140434823 0.0000000000 4.7256107164 -0.5922180734 1.5103586349 -2.0013363392 0.5187407168 -0.9829748683 -0.4120213962 0.2488463348 0.1709083343 2.0443154815 -1.7903910546 -2.7672920065 0.0000000000 0.0000000000 
346740.0000000000 -1132916.0270595050 6092525.3633374916 1504632.1953210335 0.1296138217 11.3140434823 0.0000000000 4.4124613570 0.4422992408 0.9739133088 0.0271001279 3.1947134098 -0.7578944547 -1.1631970776 -0.6676138056 -0.5205122969 -1.8146982732 -1.5045749599 -2.5050370089 0.0000000000 0.0000000000 
346770.0000000000 -1132915.6262019228 6092522.8741630204 1504631.5885223234 0.8492694030 11.1654816136 -0.0000000000 3.8156824677 0.7467619570 1.9305049130 -1.9915647657 0.0000000000 -0.4331160584 -0.1478734590 0.3121021402 -0.3201510009 1.1597437117 -1.8341848798 -2.8984739731 0.0000000000 0.0000000000 
346800.0000000000 -1132914.5536203848 6092524.9310982935 1504632.1491012236 0.0745193796 11.3140434823 -0.0000000000 4.7232677307 -0.0057589329 1.0759875915 0.0016749139 2.5193823346 -0.9829817236 -1.2584132870 0.0615513875 -0.8887080428 -1.4911741418 -1.5655380398 -2.0630014690 0.0000000000 0.0000000000 
346830.0000000000 -1132915.9570708380 6092526.2552861432 1504631.4012682717 0.2769794769 11.3140434823 -0.0000000000 4.5375315024 -0.6270331456 -0.0284257179 1.0605887296 1.4020631338 -0.6049795884 -1.5797903250 1.3022250163 -0.5796394696 -1.3445072386 -1.6331397318 -1.8606438521 0.0000000000 0.0000000000 
346860.0000000000 -1132915.8913265227 6092525.7321013659 1504632.1682811482 0.2064102410 11.3140434823 0.0000000000 4.9328679070 -1.2565883883 1.0952134477 -0.4739315373 0.3484305980 -0.4368437112 -1.7373638986 0.4936048135 -0.6393822396 1.5139209171 -1.2156246811 -2.0733715964 0.0000000000 0.0000000000 
346890.0000000000 -1132915.6714305715 6092526.9988439362 1504631.7583880872 0.0026519106 11.3140434823 0.0000000000 5.3423232840 -0.6972217138 0.9128537805 -0.5024438227 1.6770981346 -0.9144427826 -0.8971407782 0.4230398903 -1.0372291857 -0.0240402599 -1.5395950314 -2.3543175497 0.0000000000 0.0000000000 
346920.0000000000 -1132916.2085391236 6092525.1276767300 1504631.8048931183 0.4577051401 11.3140434823 0.0000000000 5.6831694747 -2.0005733158 0.7778416827 -0.6448404602 1.4556636294 -0.8497243993 -1.9032112186 -0.8278207435 -0.5599754242 2.3238281562 -0.3120150746 -2.2254011032 0.0000000000 0.0000000000 
346950.0000000000 -1132915.2186143843 6092525.4084114917 1504631.7704105903 0.2705451007 11.3140434823 0.0000000000 5.7382944049 -1.1205939238 0.8236244884 -0.7735323737 0.6707538868 -0.7948262827 -0.8831026616 0.7583684480 -1.1300385152 1.2147282583 -1.3712421040 -2.5722709463 0.0000000000 0.0000000000 
346980.0000000000 -1132914.6909791923 6092524.2345201569 1504631.6281256243 0.0004678713 11.3140434823 0.0000000000 5.9873528863 -0.6610783115 0.7407608876 -0.1823778688 3.1004133472 -1.0665951676 -1.0526750373 -0.1899841743 -1.2940954055 -0.9542606169 -1.4785159643 -2.5655690514 0.0000000000 0.0000000000 
347010.0000000000 -1132914.8986061171 6092524.1729333913 1504630.5198007554 0.0000000000 18.4753069066 0.0000000000 5.7006196695 -0.6122275696 0.7674128264 -0.2117865778 0.0000000000 -0.4784572214 -1.8181958080 1.1217666784 -0.7228738281 1.0087528063 -1.4477953554 -2.9082043797 0.0000000000 0.0000000000 
347040.0000000000 -1132915.4487598550 6092524.4209824707 1504632.0427936150 0.1985038691 11.3140434823 -0.0000000000 6.8303299862 -0.9138109246 1.1189492010 -0.6955224180 1.3136034416 -1.4641015501 -1.6738796273 1.1035045814 -0.8336912190 0.3613356950 -1.9725208295 -2.6865744949 0.0000000000 0.0000000000 
347070.0000000000 -1132916.4690455673 6092524.4462906951 1504631.5042663554 0.6022176829 11.1654816136 -0.0000000000 6.6224536878 -0.9696994723 1.3325293488 -0.9634803790 3.5411477065 -0.7399816856 -1.3403824585 -0.7821580520 -0.7802096367 0.0000000000 -2.1395555240 -3.0623382950 0.0000000000 0.0000000000 
347100.0000000000 -1132915.1954658553 6092523.9458481595 1504631.5382549942 0.1680297205 11.1654816136 -0.0000000000 6.6107800573 -0.9531227911 0.0676710219 0.1948255186 1.7327909370 -0.8303551253 -1.4413804697 0.7201410141 -1.0661214268 0.0000000000 -1.4323515470 -3.1539568191 0.0000000000 0.0000000000 
347130.0000000000 -1132915.6920741959 6092522.4959046077 1504631.8568667204 0.4510057935 11.1654816136 0.0000000000 6.8823919981 -0.4492177490 0.8167775975 -0.4559409854 2.2088072590 -1.5050520183 -1.7690738155 -0.1568480990 -1.2018008340 0.0000000000 -0.8586695870 -3.0244360844 0.0000000000 0.0000000000 
347160.0000000000 -1132916.8427306954 6092525.1298718769 1504631.5458804013 0.1651130062 11.1654816136 0.0000000000 7.1154752255 -0.7890345192 0.6696348557 -0.6053051510 2.9065792513 -1.3887385853 -1.4773356752 -0.3325371153 -0.9641793914 0.0000000000 -1.3288678802 -3.1789090628 0.0000000000 0.0000000000 
347190.0000000000 -1132915.2877759370 6092523.6495912354 1504632.2700039619 0.0691226972 11.1654816136 0.0000000000 7.7452400055 -1.4999857833 0.9137197138 -0.6890805490 1.5153708884 -1.4225195734 -1.2069867621 2.0267228112 -1.4852789025 0.0000000000 -2.7928852607 -2.6076575700 0.0000000000 0.0000000000 
347220.0000000000 -1132915.8438564718 6092522.3914815448 1504631.4851090282 0.8682927469 11.1654816136 0.0000000000 7.6560286956 -1.3521056381 -0.0421833058 -0.0602398168 2.0472245149 -1.2250926447 -1.1773873142 1.1126951711 -1.4095569708 0.0000000000 -1.7631331843 -3.2372791767 0.0000000000 0.0000000000 
347250.0000000000 -1132915.3193306765 6092525.1123690968 1504632.1101147302 0.1844555051 11.1654816136 -0.0000000000 8.4111494374 -1.0898684439 0.3505697658 -0.2052491089 2.0339831374 -1.5748938119 -1.6573200492 0.9188349525 -1.8825397488 0.0000000000 -1.3676805065 -3.4005538684 0.0000000000 0.0000000000 
347280.0000000000 -1132915.9293701847 6092523.3167858301 1504631.7290229534 0.2805490242 11.1654816136 -0.0000000000 8.0311164258 -1.9818132225 -0.8488089088 0.1714652604 2.7819521627 -1.6503661230 -0.8707799988 0.9455820053 -1.2673460733 0.0000000000 -1.4850468348 -3.1269241772 0.0000000000 0.0000000000 
347310.0000000000 -1132915.5240134574 6092524.8730002409 1504631.5990491125 0.6396889676 11.1654816136 -0.0000000000 8.2438022562 -1.8873424883 -0.2328856229 0.0231043017 2.1840995447 -1.6747064810 -1.5476704818 1.6865017558 -0.9301961291 0.0000000000 -2.2801867207 -2.9607796309 0.0000000000 0.0000000000 
347340.0000000000 -1132916.2436641569 6092523.4789530719 1504630.9606563884 0.5662981807 11.1654816136 -0.0000000000 8.5977845655 -1.3561943981 0.4821015871 -1.0041408476 3.4986107006 -1.4008169762 -1.0349029433 0.2873847793 -1.1333742486 0.0000000000 -2.4696145768 -3.6483596106 0.0000000000 0.0000000000 
347370.0000000000 -1132916.4696447088 6092523.6136175152 1504631.7170317925 0.1427117202 10.8275661707 0.0000000000 8.7400158082 -1.9494532042 0.0000000000 0.0000000000 2.8831794077 -1.6515995666 -2.0855145772 1.0167340340 -0.9471687389 0.0000000000 -2.1772991933 -3.0900019985 0.0000000000 0.0000000000 
347400.0000000000 -1132915.0165224194 6092523.1085075904 1504631.2386853546 0.0668856269 11.1654816136 0.0000000000 9.4424843547 -2.0158925952 -0.3205226765 -0.1344642388 2.2592213253 -1.9186990698 -1.6349916386 2.2814242728 -0.8977698623 0.0000000000 -2.9227492234 -3.4533927605 0.0000000000 0.0000000000 
347430.0000000000 -1132914.7457057154 6092523.4397320505 1504630.3173637353 0.0104733250 11.1654816136 -0.0000000000 9.5226424779 -2.2125142440 0.0229852231 -0.0349515361 2.8966694718 -1.5952694264 -1.8445020401 1.1077753641 -2.1675299037 0.0000000000 -1.8630369899 -3.0806802348 0.0000000000 0.0000000000 
347460.0000000000 -1132914.1041886904 6092523.8826836459 1504631.3774800072 0.2442889736 11.1654816136 -0.0000000000 9.5714002138 -1.6237381367 -0.0083304271 -0.6180729192 2.3107471443 -2.5265110217 -1.3765809240 1.5706633693 -2.0283323528 0.0000000000 -1.5848628017 -3.0397629651 0.0000000000 0.0000000000 
347490.0000000000 -1132915.2228315158 6092523.4682203336 1504632.3478993068 0.0138851244 11.1654816136 -0.0000000000 9.8874516482 -0.6291329672 1.1370259041 -1.7740063886 2.5009826759 -2.2595138820 -1.5559960971 1.4227004321 -1.1334885987 0.0000000000 -2.9967198626 -3.9142534935 0.0000000000 0.0000000000 
347520.0000000000 -1132914.1888074216 6092521.1351784887 1504631.1483438697 0.1155125792 11.1654816136 -0.0000000000 9.4893605359 -0.7095185026 1.6047551000 -2.2475420415 2.6711164412 -2.4392451692 -1.2955518853 0.9982798106 -1.6681222097 0.0000000000 -2.6031586189 -3.1043446147 0.0000000000 0.0000000000 
347550.0000000000 -1132914.7589178984 6092523.1954769939 1504631.4589333080 0.2848130751 11.1654816136 0.0000000000 10.5759758514 -2.2853125754 0.0060239494 -0.7785605996 2.9625501760 -2.0585441461 -1.3825910497 2.0469803709 -1.7356698231 0.0000000000 -3.1090166030 -3.4103808422 0.0000000000 0.0000000000 
347580.0000000000 -1132914.8519140973 6092523.0671021929 1504630.9173668518 0.3552426365 11.1654816136 -0.0000000000 10.6937926755 -1.0004608098 1.5942992702 -2.0402351986 2.3803663268 -2.3461078736 -1.7213129642 1.6930228548 -2.2661296178 0.0000000000 -2.9241213009 -3.3805832700 0.0000000000 0.0000000000 
347610.0000000000 -1132913.6453049786 6092521.3620836828 1504631.1458499292 0.0361328501 11.1654816136 0.0000000000 11.0261260048 -1.3661877425 1.1681764049 -1.7481941806 1.7652311775 -2.7263272250 -1.7584183388 2.7504190923 -2.2130998787 0.0000000000 -3.1438435739 -3.1452999455 0.0000000000 0.0000000000 
347640.0000000000 -1132915.1691149259 6092523.4298394509 1504630.9719549697 0.1679444726 11.1654816136 -0.0000000000 11.3091859439 -2.0964776550 -0.1475008159 -0.3987492653 2.4490567846 -2.9048955400 -2.3925585965 2.2570411747 -2.0123118137 0.0000000000 -2.1072926964 -3.2240090481 0.0000000000 0.0000000000 
347670.0000000000 -1132915.6948256909 6092523.8869450130 1504631.1598584901 0.9968505894 11.1654816136 0.0000000000 11.5048011141 -2.4950639592 -0.1958859581 -0.5047653441 3.3238174250 -2.3702021768 -2.1514292986 1.8764158837 -1.8331037900 0.0000000000 -2.7899270123 -3.4547446962 0.0000000000 0.0000000000 
347700.0000000000 -1132914.8333242445 6092524.0669139773 1504631.1994427405 0.0329721795 11.1654816136 0.0000000000 11.0071918251 -1.8444065965 0.1616891949 -1.0827641328 3.0219693930 -2.8669604220 -1.8931511062 1.4892432867 -2.1226307857 0.0000000000 -1.9816150676 -3.0734992254 0.0000000000 0.0000000000 
347730.0000000000 -1132913.3462106232 6092521.9440075103 1504631.2818003320 0.0204708502 11.1654816136 -0.0000000000 12.1101127283 -1.5630362490 0.6992251992 -2.1864220746 2.1520518256 -3.8376600867 -1.5023846739 2.9981142860 -2.2033621231 0.0000000000 -2.9429689260 -3.0147106193 0.0000000000 0.0000000000 
347760.0000000000 -1132914.8348329898 6092523.2292063218 1504631.4115008973 0.0528409221 11.1654816136 -0.0000000000 12.3857389757 -2.0282621568 0.0008536646 -1.4363222558 2.7184562440 -3.4246009435 -1.9476543827 3.0517576932 -1.2800027438 0.0000000000 -3.6044486485 -3.5925445206 0.0000000000 0.0000000000 
347790.0000000000 -1132914.9148973324 6092521.1954725310 1504630.7122735712 0.7748731485 11.1654816136 -0.0000000000 12.2617524510 -0.6390890554 0.6277291964 -1.4853573082 1.3978709138 -2.4397425814 -2.1422862261 2.8791211620 -2.7714020659 0.0000000000 -2.6693166051 -4.4903611770 0.0000000000 0.0000000000 
347820.0000000000 -1132914.8902615958 6092520.3749056188 1504630.7056478825 0.9297692092 11.1654816136 -0.0000000000 12.7950756516 -1.8690287571 0.0658144214 -0.9069251571 3.0697278051 -2.3117353168 -2.5390748360 2.0986611827 -2.3273823965 0.0000000000 -2.9394547748 -4.2639684216 0.0000000000 0.0000000000 
347850.0000000000 -1132915.2244205589 6092522.7335798927 1504631.3561089209 0.0099670880 11.1654816136 -0.0000000000 12.4535634354 -1.7501058550 0.1080512617 -0.5847273530 3.6170019683 -2.6989914584 -3.5351115679 1.1721767957 -1.5735865915 0.0000000000 -2.2873599267 -3.9729075767 0.0000000000 0.0000000000 
347880.0000000000 -1132914.6673252804 6092520.0149240727 1504630.6423599168 0.2183261763 11.1654816136 -0.0000000000 12.7396216435 -0.9581258601 -0.1093754836 -1.0363146501 1.6495473731 -3.0963889735 -2.5587121695 3.0440254044 -2.3093320501 0.0000000000 -2.3600199060 -4.4145295248 0.0000000000 0.0000000000 
347910.0000000000 -1132915.3390011820 6092522.0357927624 1504631.1969286825 0.0135067951 11.1654816136 0.0000000000 14.0512879049 -1.3458783586 0.1827535457 -0.9470041841 3.2931424826 -2.6009973707 -3.6359400580 2.0116259035 -1.7821271469 0.0000000000 -3.1589315156 -5.1420096035 0.0000000000 0.0000000000 
347940.0000000000 -1132915.4732314446 6092523.1033511013 1504630.3991396239 0.0926738514 11.1654816136 0.0000000000 13.4654304352 -1.6079188667 0.3553313361 -0.7719039310 3.7904511128 -3.1700554304 -4.2753674291 0.9846949641 -1.8915187377 0.0000000000 -1.9244311407 -3.9684738010 0.0000000000 0.0000000000 
347970.0000000000 -1132914.5580225512 6092523.7052235613 1504630.1130312965 0.0983353369 11.1654816136 -0.0000000000 14.2922931850 -2.6742761163 -0.1505170842 -0.4228000230 3.1691917413 -1.9163479108 -3.3050968042 2.7145613747 -3.0690539171 0.0000000000 -3.4058031421 -4.2974125161 0.0000000000 0.0000000000 
348000.0000000000 -1132916.3308219879 6092530.2946310425 1504632.3681026511 0.2078518731 11.1654816136 0.0000000000 0.4106939685 -0.3020211856 1.2039567523 -0.2951532778 0.6019697380 0.6816795909 -1.1732586996 -0.2866462133 0.6378308849 0.0000000000 -1.4753731017 0.1420810653 0.0000000000 0.0000000000 
348030.0000000000 -1132915.0354396759 6092530.9617705205 1504632.5227247328 0.0041626754 11.1654816136 0.0000000000 0.4893444832 -0.1363604307 0.9426887587 0.0840719502 -1.0157533343 0.6267927698 -1.2300163488 1.5835905974 0.8373618990 0.0000000000 -2.1728570046 -0.1437933306 0.0000000000 0.0000000000 
348060.0000000000 -1132914.7789162500 6092529.0367145063 1504632.8903472573 0.0078778519 11.1654816136 -0.0000000000 0.1414725409 -0.0063416981 1.6809317799 -0.6034132075 -0.4726456534 0.5199404664 -1.3217377506 0.8186404563 1.1350131562 0.0000000000 -2.2950263045 0.3625795034 0.0000000000 0.0000000000 
348090.0000000000 -1132915.3104786337 6092531.1796177709 1504633.5321164583 0.0723032530 11.1654816136 0.0000000000 0.4313774552 -0.6639318019 0.5154867798 -0.9997506099 0.3196231398 0.2779970321 0.7689135592 0.9899146569 0.7301216684 0.0000000000 -2.4422067634 0.2101163411 0.0000000000 0.0000000000 
348120.0000000000 -1132914.9244840802 6092529.8085141005 1504633.6022477727 0.0020073529 11.1654816136 -0.0000000000 0.6543462261 -0.0670368244 0.9201685164 -0.8227067044 1.3631913452 0.1258799944 -0.5844581433 -0.8739166558 1.0199042184 0.0000000000 -1.2915642799 -0.1501024729 0.0000000000 0.0000000000 
348150.0000000000 -1132916.2647420040 6092529.7371637709 1504632.8002683336 0.0003012799 11.1654816136 0.0000000000 0.7727342526 0.2504797935 0.1367166119 -0.3711225893 -0.0001915469 0.0228769394 -0.1432628949 0.8204561130 1.2444648341 0.0000000000 -1.7382836619 -0.9461611749 0.0000000000 0.0000000000 
348180.0000000000 -1132914.7086424890 6092528.7515080674 1504631.9388737965 0.6042990796 11.1654816136 0.0000000000 0.0806270749 0.5042246987 0.6560713737 -0.6673202460 -1.7347104505 0.1967953626 0.3949790401 1.6815560588 -0.4825614182 0.0000000000 -0.9083963860 -0.0387394267 0.0000000000 0.0000000000 
348210.0000000000 -1132915.5891221720 6092529.4957135199 1504633.1394362538 0.1181437586 11.1654816136 0.0000000000 0.5048703371 -0.2749404353 -0.4882897546 0.3220220222 -0.5767681641 -0.3977643257 0.0221727432 1.2155397933 0.2195509842 0.0000000000 -0.4899901907 -0.1367921001 0.0000000000 0.0000000000 
348240.0000000000 -1132916.1865198461 6092529.0186364995 1504633.1457946294 0.2000367435 11.1654816136 -0.0000000000 0.5295757109 -1.2324484623 -0.9017508768 0.5294491163 2.0563520144 0.5682812012 0.2026456741 -0.2871838132 1.9136948400 0.0000000000 -2.1328504320 -0.7769133114 0.0000000000 0.0000000000 
348270.0000000000 -1132915.9262218443 6092528.8203517878 1504632.8768611632 0.0532274449 11.1654816136 -0.0000000000 -0.0731660907 -0.0324288622 -0.1476618181 -0.2307327593 0.5780697254 0.6824736704 0.6177495685 -0.0149112591 0.8543543173 0.0000000000 -1.3351005585 -0.7628318584 0.0000000000 0.0000000000 
348300.0000000000 -1132916.0711853912 6092530.4210059596 1504633.6439224978 0.0248750746 11.0041300577 0.0000000000 1.1099488412 -1.5496741262 -0.2947730686 0.0000000000 2.4643887524 0.8621210320 0.1960353565 -0.6352396131 1.1490508382 0.0000000000 -2.3317993891 -0.4093572493 0.0000000000 0.0000000000 
348330.0000000000 -1132914.7388418049 6092528.5766411079 1504633.5226087859 0.1672949126 11.1654816136 -0.0000000000 0.5633239798 0.3449695624 0.7796081405 -1.3639669624 0.4469869397 0.6952802953 0.7270260305 0.0563674976 0.4641761456 0.0000000000 -1.8610261716 -0.7283974800 0.0000000000 0.0000000000 
348360.0000000000 -1132915.7068464421 6092531.1154145105 1504633.2775117811 0.0110570925 11.1654816136 0.0000000000 0.8253934282 -0.3273376630 0.1239458111 -0.0953373972 0.6659155462 0.8777264858 -0.0326530807 0.0201271121 0.2614627602 0.0000000000 -1.3882166236 -0.7643932859 0.0000000000 0.0000000000 
348390.0000000000 -1132915.3368548977 6092528.1939016106 1504632.7932964179 0.1500821101 11.1654816136 -0.0000000000 -0.0635834957 -0.2712289911 -0.3670936545 -0.2460691084 0.8903884753 0.0597375831 0.6993978365 -0.1974108426 0.9374812681 0.0000000000 -0.9338470345 -0.3096827749 0.0000000000 0.0000000000 
348420.0000000000 -1132916.3948027615 6092530.0711754467 1504632.1965574061 0.0083074780 11.1654816136 0.0000000000 0.3213848242 -0.3276391495 0.5647164053 -0.4517370874 1.2815896236 0.9797501087 -0.1301140388 -0.6524428694 1.0456254430 0.0000000000 -1.8546734695 -0.4847031868 0.0000000000 0.0000000000 
348450.0000000000 -1132915.7345260545 6092530.6857919618 1504633.7513026223 0.0001607100 11.1654816136 0.0000000000 0.5503663925 -1.6560077055 -0.5200180258 0.4075929880 1.3806893727 0.6316838744 0.3006897900 0.3710236232 1.0560176307 0.0000000000 -2.2315542436 0.0550426566 0.0000000000 0.0000000000 
348480.0000000000 -1132915.4550007815 6092530.3600151027 1504632.5725700536 0.4899753988 11.1654816136 -0.0000000000 0.1369262584 -0.6917279284 0.6416726994 0.3522450518 -0.0331902115 1.0147533824 -0.8728161368 0.5391446113 0.5649879520 0.0000000000 -1.7395961299 0.1233449224 0.0000000000 0.0000000000 
348510.0000000000 -1132915.1565298974 6092528.2933848789 1504632.9989310780 0.0350824462 11.1654816136 0.0000000000 0.2630362946 0.1409998078 0.3048557579 -0.8454424213 0.0888366540 0.2237344474 0.6494440051 0.3243186761 0.3573047245 0.0000000000 -1.1577025122 -0.3060088729 0.0000000000 0.0000000000 
348540.0000000000 -1132915.4207986295 6092528.5578281833 1504631.9914512655 0.0342080445 11.1654816136 -0.0000000000 0.4254675074 0.6148418760 0.4151546130 -0.9005843996 0.8062372209 0.6663228367 0.3706178458 -0.6149976475 0.7893874970 0.0000000000 -1.2317046452 -1.1646844783 0.0000000000 0.0000000000 
348570.0000000000 -1132915.4513888201 6092528.3057980761 1504632.7725284051 0.0230251843 11.1654816136 0.0000000000 0.6362408040 0.2297984993 0.1342285480 -0.1657123034 0.0676671008 0.0869365056 -0.2941786927 0.3163486105 0.6176343778 0.0000000000 -0.9027485812 -0.6900499303 0.0000000000 0.0000000000 
348600.0000000000 -1132915.1019605985 6092529.8158807475 1504632.6657782744 0.1421492979 11.1654816136 0.0000000000 0.0451688162 0.5358090370 0.5914291625 0.0075529259 -0.8614946014 0.4859501937 -0.7212752994 0.9650517365 1.0196370598 0.0000000000 -1.4747715141 -0.7410299865 0.0000000000 0.0000000000 
348630.0000000000 -1132916.0776492315 6092529.1404995890 1504633.6302401230 0.0013106615 11.1654816136 0.0000000000 0.6551536460 -1.1725159989 -1.0171518961 0.4802526993 1.5743021956 -0.2596203049 0.3331069409 0.1294501897 1.5337572720 0.0000000000 -1.5704788773 -0.3200803577 0.0000000000 0.0000000000 
348660.0000000000 -1132915.3511188999 6092529.1723114122 1504633.2917883128 0.0020573927 11.1654816136 0.0000000000 -0.0706619070 -0.2035553112 -0.3504485173 0.6264866935 0.2505238719 0.9470199111 0.0093300939 0.2665520236 0.8057828270 0.0000000000 -1.2547494797 -0.9609508293 0.0000000000 0.0000000000 
348690.0000000000 -1132916.1086273994 6092531.2699403791 1504634.3584127536 0.0270528849 11.1654816136 0.0000000000 0.8464303284 -0.8059708369 0.2787763570 -0.0394963283 0.9602792035 0.6956417512 -0.3978086184 0.0689326092 0.8707944709 0.0000000000 -1.9796596040 -0.2501526870 0.0000000000 0.0000000000 
348720.0000000000 -1132916.3145807993 6092529.9775341759 1504634.3450000989 0.0442324743 11.1654816136 -0.0000000000 1.1090625586 -1.7252110952 0.6677214656 -0.9788687649 1.7920470128 0.6368029769 0.2653365703 0.0462230215 1.1950528087 0.0000000000 -3.2681957858 0.7208515805 0.0000000000 0.0000000000 
348750.0000000000 -1132915.6074812296 6092529.5605256762 1504633.3563663177 0.0003000408 11.1654816136 0.0000000000 0.4044230947 -0.1553442236 0.5413228660 -0.6827654007 0.8923829267 1.1567975230 0.2868728056 -0.4818787954 0.5093484449 0.0000000000 -1.6774090016 -0.5815710999 0.0000000000 0.0000000000 
348780.0000000000 -1132915.8203912415 6092529.1654119994 1504632.9346092902 0.5771347735 11.1654816136 -0.0000000000 0.5392146131 -0.1497097050 0.4722956808 -0.5814307476 0.9072493796 0.1237820807 -0.2390957315 -0.5011741713 0.7654498464 0.0000000000 -1.0484630142 -0.0736895349 0.0000000000 0.0000000000 
348810.0000000000 -1132915.7666726459 6092531.5129757235 1504633.6015190636 0.0022146588 11.1654816136 -0.0000000000 0.1990987535 -0.1713838123 0.8724738537 -0.9920721907 1.0858698310 0.6479754238 0.0436197887 -0.7823720430 0.9264073404 0.0000000000 -1.5995046951 0.0278470257 0.0000000000 0.0000000000 
348840.0000000000 -1132915.5200568442 6092531.6238277871 1504633.1748522464 0.0259201401 11.1654816136 -0.0000000000 0.1812761285 -0.3591506122 0.5084380219 -0.5176142544 0.9217372980 0.7932535790 0.0942266756 -0.5028510441 0.7296525296 0.0000000000 -1.5056128941 -0.1235804568 0.0000000000 0.0000000000 
348870.0000000000 -1132914.5293315563 6092528.6391085144 1504632.6199425228 0.5419300696 11.1654816136 -0.0000000000 0.0552742496 0.3524754550 1.0354693913 -0.8814189731 -0.4070654035 1.0310594603 0.0181927971 0.6052001746 0.9099419512 0.0000000000 -2.2113829688 -0.5471029117 0.0000000000 0.0000000000 
348900.0000000000 -1132914.8677445520 6092528.9855451519 1504632.5228116778 0.0019671580 11.1654816136 -0.0000000000 0.2797021258 -0.3847681225 1.2302498569 -0.7669429189 0.9379390405 0.7668407119 -0.6593995197 -0.7467651881 0.9159923138 0.0000000000 -1.7018879096 0.3686337086 0.0000000000 0.0000000000 
348930.0000000000 -1132915.7798339427 6092532.1394970482 1504633.4153848456 0.2178771178 11.1654816136 0.0000000000 0.6071433440 0.2584402188 0.3561681571 -0.5517204416 0.6852167451 0.3061878121 -0.1736605904 -0.2931995110 1.0261132328 0.0000000000 -1.3012656147 -0.7515604346 0.0000000000 0.0000000000 
348960.0000000000 -1132915.1891596606 6092529.8800130282 1504632.8127148813 0.1084178407 11.1654816136 -0.0000000000 0.4832430292 -0.1901299983 0.3557937760 -0.5392192724 1.2535801371 0.9437811097 0.1394382027 -0.8939089378 0.6325848789 0.0000000000 -1.3348932566 -0.5690480310 0.0000000000 0.0000000000 
348990.0000000000 -1132915.7048037276 6092528.8227054505 1504633.0262874779 0.0021326971 11.1654816136 -0.0000000000 0.1346189579 -0.2131557224 0.1271843536 0.2784763755 1.7098598442 -0.1086613001 -0.9304633355 -1.6833052987 1.0760533437 0.0000000000 -0.0048486102 -0.0325768308 0.0000000000 0.0000000000 
349020.0000000000 -1132915.4522502909 6092530.8706316696 1504633.4472584473 0.1244903672 11.1654816136 0.0000000000 0.3230622028 -0.3930889294 0.2350078880 -0.4047203465 1.7993907822 0.2996507896 -0.1064194144 -1.4251462076 1.0156180930 0.0000000000 -0.8884671503 -0.0653336554 0.0000000000 0.0000000000 
349050.0000000000 -1132916.3139983979 6092528.5998914083 1504633.6051968453 0.0510753453 11.1654816136 -0.0000000000 0.0161488820 -0.2906562498 -0.0268798453 -0.8618237139 1.6782867666 0.0508144779 0.8622756317 -1.2095534954 0.9739646588 0.0000000000 -0.8602808982 0.0259584910 0.0000000000 0.0000000000 
349080.0000000000 -1132915.5932139405 6092529.2098444700 1504633.8793988451 0.3151673566 11.1654816136 -0.0000000000 0.3341104886 -0.7474926569 -0.9100747446 0.2185725354 1.4142413472 0.1738212224 0.8772824909 -0.1202354046 1.1736006928 0.0000000000 -1.4621425145 -0.6476842215 0.0000000000 0.0000000000 
349110.0000000000 -1132914.4724562934 6092528.6247866796 1504633.6035515002 0.0441403017 11.1654816136 0.0000000000 0.0262559506 -0.1886234616 0.0878572740 -0.4705430025 -0.1129825295 0.3207676874 0.6548477927 0.6663139944 0.5266983874 0.0000000000 -1.3768142099 -0.1312979394 0.0000000000 0.0000000000 
349140.0000000000 -1132914.3359021917 6092527.3013316393 1504633.1280192961 0.0910255677 11.1654816136 -0.0000000000 0.2542674368 0.1166058921 -0.0981170657 -0.1991041582 0.5880043164 0.1131052642 0.1636497527 -0.1656007218 0.8980058681 0.0000000000 -0.9013144437 -0.6369544311 0.0000000000 0.0000000000 
349170.0000000000 -1132914.4789137240 6092529.3827953804 1504632.5624356982 0.0102473943 11.1654816136 -0.0000000000 0.2794540500 -0.2178247917 0.4982609366 -0.6102939837 0.4444103204 0.9222706146 0.2562388337 0.0087201596 0.7665909379 0.0000000000 -1.8579098808 -0.3602686549 0.0000000000 0.0000000000 
349200.0000000000 -1132915.3887722169 6092528.4949629083 1504632.7593021768 0.7080477414 11.1654816136 -0.0000000000 0.0712453057 0.1472743186 -0.2296597274 -0.3390300426 0.5722852640 0.0893090983 0.5831142889 -0.2689468796 0.5927713355 0.0000000000 -0.5644216703 -0.5358735237 0.0000000000 0.0000000000 
349230.0000000000 -1132916.2463214369 6092530.0787355267 1504632.3891302433 1.0268865415 11.1654816136 -0.0000000000 0.1292009964 -0.2314451499 -0.1809430130 -0.4356041073 0.2780999669 0.0238616836 0.7590749172 0.3933604151 0.6463929917 0.0000000000 -1.1513560601 -0.1563653007 0.0000000000 0.0000000000 
349260.0000000000 -1132915.6647078947 6092530.2671233611 1504632.0825927488 0.2840248788 11.1654816136 0.0000000000 0.2461489784 0.4022074133 1.3783506652 -0.7871830879 0.0270095348 0.6261450014 -0.9986251530 -0.3908659581 0.8817454662 0.0000000000 -1.2648321257 -0.0641657803 0.0000000000 0.0000000000 
349290.0000000000 -1132915.7477104163 6092530.9049717253 1504633.8042469495 0.0201155631 11.1654816136 -0.0000000000 0.5681704752 -0.2738982043 -0.3183288531 -0.2063716837 1.2900564312 0.4482952007 0.4688177497 -0.2344941264 1.5376463587 0.0000000000 -1.9926133043 -0.9988248524 0.0000000000 0.0000000000 
349320.0000000000 -1132915.5970031288 6092528.9437751947 1504633.6110552291 0.3827694912 11.1654816136 0.0000000000 0.3107751855 -0.4869064080 0.1403386815 -0.5053611866 -0.2400407570 0.4486999884 0.6730896344 1.3723666554 1.1056650718 0.0000000000 -2.5841681606 -0.2343625932 0.0000000000 0.0000000000 
349350.0000000000 -1132915.6289421993 6092530.6224396834 1504633.2652757042 0.0044644977 11.1654816136 -0.0000000000 0.1504422896 0.1956977007 0.1747185781 -0.0756467772 0.7032396855 0.3175267645 -0.2616283944 -0.3825335551 1.3750264059 0.0000000000 -1.2584961512 -0.7737504706 0.0000000000 0.0000000000 
349380.0000000000 -1132915.8648481637 6092532.3386979196 1504633.6388487492 0.0574582110 11.1654816136 -0.0000000000 0.8566509591 -1.3370598979 -0.7685310668 0.2295787444 1.6217916806 0.6119128287 0.7707097051 -0.0351756651 0.8704706116 0.0000000000 -2.0642497135 -0.4056478401 0.0000000000 0.0000000000 
349410.0000000000 -1132915.6258124921 6092530.5384272719 1504633.6924461522 0.0715972800 11.1654816136 -0.0000000000 0.6814817029 -0.9301495154 -0.7382906013 -0.0357645660 1.1127025210 0.1982024833 0.9274752193 0.1989000319 0.6217193190 0.0000000000 -1.5103004255 -0.2896964890 0.0000000000 0.0000000000 
349440.0000000000 -1132915.7417577067 6092529.8808998009 1504634.1758841756 0.0096171221 11.1654816136 0.0000000000 0.5391200838 -0.9697577512 -1.0866953278 0.1863575024 1.3002649954 -0.3830746846 0.9809317674 0.0043470515 0.5200460119 0.0000000000 -0.7912172737 -0.0459589751 0.0000000000 0.0000000000 
349470.0000000000 -1132915.6201152145 6092529.3079166487 1504633.5779945513 0.1899438558 11.1654816136 -0.0000000000 0.6071603969 -0.4587775310 -0.7030548537 0.6275753812 -0.0901194568 0.1598021718 0.2836415156 1.5006076552 0.9893639938 0.0000000000 -1.9457755511 -0.9775894002 0.0000000000 0.0000000000 
349500.0000000000 -1132915.3431966885 6092528.8706600517 1504632.8804116296 0.0134179533 11.1654816136 0.0000000000 0.2097669552 0.3536741664 -0.5552419557 -0.5097139769 0.4034770535 -0.5631098214 0.9283504574 0.4298801468 1.3042479187 0.0000000000 -1.1061330932 -0.8148957402 0.0000000000 0.0000000000 
349530.0000000000 -1132915.9640571873 6092530.3662410891 1504633.5020038527 0.0074774337 11.1654816136 0.0000000000 0.7123151777 -0.7181428372 -1.1980812737 0.7437103360 1.5978028512 -0.1937139074 0.4133308290 -0.1273246849 1.2577376512 0.0000000000 -1.2594684639 -0.9197962352 0.0000000000 0.0000000000 
349560.0000000000 -1132915.4476368774 6092531.9920816207 1504634.1416233783 1.4481957250 11.0041300577 -0.0000000000 1.1491957244 -1.1029388723 -0.6868604845 0.4326391812 1.3707867906 -0.0964864203 0.0000000000 0.0969935234 0.8831356417 0.0000000000 -1.5220860008 -0.2342982805 0.0000000000 0.0000000000 
349590.0000000000 -1132915.9676904415 6092530.6611441057 1504632.5823445630 0.0167114717 11.1654816136 0.0000000000 0.6675725811 -0.4517927896 0.2029216106 -0.2550830579 1.5078856968 0.5461552675 -0.2410646044 -1.0068685385 1.1381013409 0.0000000000 -1.4434668373 -0.3270311070 0.0000000000 0.0000000000 
349620.0000000000 -1132916.2635441150 6092530.9599789474 1504633.1837114270 0.0424851690 11.1654816136 -0.0000000000 0.3836948477 0.4295907763 -0.3168631799 -0.7632872297 0.0484940909 -0.2108931557 0.9309477219 0.6116959864 0.8628656903 0.0000000000 -1.1482357020 -0.8158667941 0.0000000000 0.0000000000 
349650.0000000000 -1132915.5899867571 6092529.1500522532 1504632.3052051771 0.1519413503 11.1654816136 0.0000000000 -0.7418667681 0.6349578710 1.0951951892 -0.0891704875 -2.1112740921 0.8088427526 -0.3989997767 2.0601387027 1.1640405114 0.0000000000 -2.1804107458 -0.6043413694 0.0000000000 0.0000000000 
349680.0000000000 -1132915.2137546039 6092528.9045991544 1504631.7377930742 0.1542120949 11.1654816136 0.0000000000 -0.1108231645 0.1905874021 2.0076886465 -1.2793198637 -0.8636411057 1.1380714121 -0.7814794771 0.2576985978 0.8811988521 0.0000000000 -2.0225810121 0.5177553006 0.0000000000 0.0000000000 
349710.0000000000 -1132916.8996790946 6092532.1184220035 1504633.9895596257 0.5734201277 11.1654816136 -0.0000000000 0.4728719311 -0.9813451921 -0.2365532674 0.4595020600 1.3316810604 0.4134587184 -0.0725061660 -0.1641374582 1.5505536439 0.0000000000 -2.1494485055 -0.3308979097 0.0000000000 0.0000000000 
349740.0000000000 -1132916.0734574350 6092531.5761134643 1504633.4428109610 0.8766302777 11.1654816136 0.0000000000 0.4495972779 -0.3217142793 -0.5101254930 -0.4259838356 2.2543992662 0.5595646019 0.8629357319 -1.6807201285 1.1569140474 0.0000000000 -1.1093080215 -0.7938236743 0.0000000000 0.0000000000 
349770.0000000000 -1132915.7112741251 6092531.8400011752 1504633.1165156255 0.1226234933 10.8275661707 0.0000000000 0.0087007295 -0.2233101718 0.0000000000 0.1618841040 0.3976430031 0.2602981937 0.0000000000 0.0197846202 0.8869521049 0.0000000000 -1.0972972569 -0.3207502182 0.0000000000 0.0000000000 
349800.0000000000 -1132916.0783955399 6092530.7212649630 1504633.0141516959 0.0000000000 18.4753069066 0.0000000000 -0.0663910908 -0.2062128167 -0.2234499941 0.3253113688 -0.1121990544 0.4436588830 0.3654816571 0.7831110497 0.7755537195 0.0000000000 -1.4451122814 -0.6579368163 0.0000000000 0.0000000000 
349830.0000000000 -1132915.4673605403 6092529.0651281541 1504633.3952130908 0.0008836001 11.1654816136 0.0000000000 0.5957412823 -0.4976521105 -0.6228186375 -0.4161981518 0.8001220315 -0.7059021126 0.8491270448 0.4884289366 1.1669652740 0.0000000000 -1.4504308804 -0.0505151968 0.0000000000 0.0000000000 
349860.0000000000 -1132916.2196243310 6092531.1023355592 1504633.4170842785 0.3609496224 11.1654816136 0.0000000000 0.8828349660 0.0983744485 0.1850950876 -0.0796562628 0.1009056641 -0.0787715535 -0.6218448627 0.5746797810 1.1488713157 0.0000000000 -1.5123027253 -0.6433021335 0.0000000000 0.0000000000 
349890.0000000000 -1132915.4657628476 6092529.5636808993 1504633.1084926375 0.0595514838 11.1654816136 -0.0000000000 0.5201757532 -0.6532464102 -0.1349482133 0.6739197159 0.1855530164 -0.2101534760 -0.5567977808 0.8595108486 1.0563523044 0.0000000000 -1.5542075529 -0.1273926649 0.0000000000 0.0000000000 
349920.0000000000 -1132914.8228878067 6092529.4158951994 1504632.5147541284 0.0298717284 11.1654816136 0.0000000000 0.2611893697 -0.8134900291 0.4728122014 -0.3981797981 -0.0018643856 0.6860664288 0.2049148441 0.5644083879 0.6338638457 0.0000000000 -1.9639006589 0.4077648306 0.0000000000 0.0000000000 
349950.0000000000 -1132916.8191618402 6092532.4118388444 1504633.5010564812 0.2414616633 11.1654816136 0.0000000000 -0.1807942421 -0.2284160089 1.0173639048 -0.2157996085 0.9837529838 1.3005911085 -0.5420320326 -1.0367176210 2.0546718282 0.0000000000 -2.4230284558 -0.4516542140 0.0000000000 0.0000000000 
349980.0000000000 -1132915.7185631832 6092532.1886289986 1504633.3152953577 0.0000000000 16.8118938298 0.0000000000 -0.4774805487 -0.8390631412 0.0000000000 -0.1445642387 1.5625903280 1.2231916698 0.9781742000 -1.1642657551 1.3986447067 0.0000000000 -1.9851459677 -0.2265213868 0.0000000000 0.0000000000 
350010.0000000000 -1132916.3491828414 6092531.3218052210 1504633.3579129127 0.0173381347 11.0041300577 0.0000000000 0.7398325681 -0.7524676313 0.4493805222 -0.5242446100 0.4752503632 1.5268492424 0.1805705745 -0.2730196269 0.0000000000 0.0000000000 -1.6301545601 -0.0535822534 0.0000000000 0.0000000000 
350040.0000000000 -1132913.8583479060 6092528.7601454752 1504632.3231887848 0.1692295079 11.1654816136 -0.0000000000 -0.7343472350 0.2719827168 1.6490149213 -0.7613984415 -1.8230995348 0.7570182277 -0.4818600825 1.1585643893 0.5418393746 0.0000000000 -1.3997376874 0.5798185864 0.0000000000 0.0000000000 
350070.0000000000 -1132915.3301350276 6092528.3535042172 1504632.7920776207 0.0892415255 11.1654816136 0.0000000000 0.4734319135 -0.2292233396 -0.2815666347 -0.3503545815 0.4852607210 -0.0697463989 0.5709542496 0.4164488049 1.1113896403 0.0000000000 -1.6085069842 -0.4204731182 0.0000000000 0.0000000000 
350100.0000000000 -1132915.4191345824 6092529.8703496456 1504632.8906902045 0.0395618346 11.0041300577 0.0000000000 0.4027469964 0.3399543221 0.0000000000 -0.5172769458 0.5188866212 0.1372656056 0.2563151451 -0.1174434566 1.2596692689 0.0000000000 -1.3282209876 -0.8374275627 0.0000000000 0.0000000000 
350130.0000000000 -1132915.1691968623 6092530.3903508680 1504632.3238803432 0.0090177585 11.1654816136 0.0000000000 -0.0938565845 0.2667904676 1.1622275911 -0.7239813603 -0.2931160866 0.8626350395 -0.5096799889 -0.3375601044 0.6912076431 0.0000000000 -1.0208116728 0.0273042679 0.0000000000 0.0000000000 
350160.0000000000 -1132913.3770827739 6092526.2910578717 1504630.4635189227 0.0842045362 10.8275661707 0.0000000000 0.0000000000 1.1294920936 0.9599971613 -0.7724181266 -1.6153556042 0.3723020089 -0.5020757533 0.9325028457 0.0000000000 0.0000000000 -0.2508111871 -0.5030443336 0.0000000000 0.0000000000 
350190.0000000000 -1132914.0867854548 6092527.6681211721 1504632.4506614332 0.8594941576 11.1654816136 0.0000000000 0.0269919936 -0.1731197087 -0.2440090578 0.8502818914 0.8235258820 0.0491726138 -0.5508854993 -0.7400415301 0.3244682725 0.0000000000 0.1349781028 -0.3598427588 0.0000000000 0.0000000000 
350220.0000000000 -1132915.0236421402 6092529.1049507391 1504633.2988922421 0.5198915012 11.1654816136 0.0000000000 0.1089354942 -0.1427208980 -0.2196712000 0.2944984179 -0.1470889582 0.7503411629 0.4453630448 0.8236107422 0.6671346692 0.0000000000 -1.6390491438 -0.9750727877 0.0000000000 0.0000000000 
350250.0000000000 -1132914.5327405923 6092529.1136562545 1504633.4290892240 0.0997555102 11.1654816136 -0.0000000000 0.4795193965 -0.4537967426 -0.1579712274 -0.0996932638 1.0358050884 0.8471101392 0.3035178870 -0.7889476401 0.3464514370 0.0000000000 -0.9128938363 -0.4047987709 0.0000000000 0.0000000000 
350280.0000000000 -1132915.7277972784 6092530.6024412112 1504633.1686033015 0.2857809268 11.0041300577 0.0000000000 0.1399652456 0.0000000000 0.8093254924 -0.1063842224 0.3007556260 0.6017357004 -0.7812352549 -0.4401168593 1.3022388062 0.0000000000 -1.4279596777 -0.2599151540 0.0000000000 0.0000000000 
350310.0000000000 -1132915.7528499735 6092531.0901142806 1504633.8069393972 0.3829962159 11.1654816136 -0.0000000000 0.0630212520 -0.5030378050 -0.1065126405 0.6384230324 1.5377805034 0.5694854219 -0.2562560073 -1.2381163341 1.2758689152 0.0000000000 -1.1452541745 -0.5379236591 0.0000000000 0.0000000000 
350340.0000000000 -1132915.5288136033 6092529.9377187947 1504634.0746598756 1.4609029424 11.1654816136 0.0000000000 0.0094232840 -0.4674045243 -0.6471762894 0.9503327188 1.2524563852 -0.5064644658 -0.0707284572 -0.3958456152 1.2186829964 0.0000000000 -0.7594748069 -0.3870323297 0.0000000000 0.0000000000 
350370.0000000000 -1132916.0020480927 6092532.0485225655 1504633.8839396187 0.2879180240 11.1654816136 0.0000000000 0.0519257304 -0.0024593784 0.2567402452 0.5971224900 2.3448157937 0.8779876550 -0.9260699946 -2.8043673061 1.7096624071 0.0000000000 -0.6821322442 -0.9499384781 0.0000000000 0.0000000000 
350400.0000000000 -1132915.1288319596 6092530.2697247956 1504633.4410057794 0.0022442027 11.1654816136 0.0000000000 0.1804563093 0.4661634053 0.5547568853 0.9238412226 -0.2142750706 0.2414886929 -1.4916383998 0.4076617738 1.5156789074 0.0000000000 -1.3811707559 -1.1790368954 0.0000000000 0.0000000000 
350430.0000000000 -1132915.0301281230 6092529.4794279393 1504633.3680873618 0.0256697429 11.1654816136 -0.0000000000 0.0154002582 -0.0617611611 0.2115661219 0.6102544261 0.5830590087 -0.3864204022 -0.9252426795 -0.4387350127 1.0825326722 0.0000000000 -0.4609240021 -0.0890890693 0.0000000000 0.0000000000 
350460.0000000000 -1132916.0800623919 6092530.5413176268 1504633.5044209952 0.0103850487 11.1654816136 -0.0000000000 0.1858239933 -0.1052838367 1.4599960890 0.0358207005 -0.2360093841 0.8035785196 -1.5246337264 -0.0477517227 1.6612307659 0.0000000000 -2.0491953020 -0.0654139898 0.0000000000 0.0000000000 
350490.0000000000 -1132916.5879013820 6092532.1669678120 1504634.3358121142 0.0091597319 11.1654816136 -0.0000000000 0.2052473437 -0.3209465021 0.6537038502 0.5146254473 -0.3122108858 0.7249620281 -0.8422331194 0.6158257593 1.0598817275 0.0000000000 -1.8692055495 -0.4053218126 0.0000000000 0.0000000000 
350520.0000000000 -1132915.2352289190 6092530.0225560684 1504633.0879356524 0.0625819704 11.1654816136 0.0000000000 -0.1356149852 0.4641133466 0.2108760734 0.2447316310 -1.0120819202 -0.1494033718 -0.2196030628 1.4733683451 0.8647355719 0.0000000000 -1.1644800747 -0.7350885274 0.0000000000 0.0000000000 
350550.0000000000 -1132914.9226826031 6092527.2257530680 1504632.7180492058 0.9432009382 11.1654816136 -0.0000000000 0.1430815014 0.4350663849 -0.3176371531 0.7031547847 -0.2508835021 0.6686596689 0.0523196491 0.8829273017 0.8129956543 0.0000000000 -1.4166774572 -1.7880429151 0.0000000000 0.0000000000 
350580.0000000000 -1132915.3053110880 6092529.2175114444 1504633.2821881038 1.4122919123 11.1654816136 0.0000000000 0.7632550208 0.1993341220 0.2121694612 0.8975244097 0.3952203712 0.5048923435 -1.3301735875 -0.0319180004 1.1643474414 0.0000000000 -1.3378160542 -1.3280164563 0.0000000000 0.0000000000 
350610.0000000000 -1132915.0932806749 6092527.7594857328 1504633.2100300461 0.2531734376 11.1654816136 0.0000000000 -0.5661306268 0.0510705743 -0.2140578317 0.9545778376 1.0677446316 0.4873916657 0.0606169223 -0.7835806934 1.6587471215 0.0000000000 -1.2802905103 -1.2557144066 0.0000000000 0.0000000000 
350640.0000000000 -1132914.9130220658 6092527.9278737903 1504632.2986600564 0.0407996484 11.1654816136 0.0000000000 -0.1190491974 0.1451192556 0.2799599269 0.3187866145 0.1826894458 0.8927314241 -0.1720703064 -0.2034783784 1.0003824814 0.0000000000 -1.2751231008 -0.9794676557 0.0000000000 0.0000000000 
350670.0000000000 -1132916.5731743756 6092530.3172372160 1504634.2689804290 0.2486836791 11.1654816136 0.0000000000 0.6638103017 -0.5308096259 0.0008215279 0.0799036359 0.4999919895 1.2215985341 0.3106884146 0.3455636538 1.4912646435 0.0000000000 -2.8850592461 -1.0863279577 0.0000000000 0.0000000000 
350700.0000000000 -1132915.7435109809 6092528.4253400192 1504633.4010387338 0.3135194719 11.0041300577 0.0000000000 0.1717841417 -0.0153072173 -0.3395172277 0.8865968523 0.0000000000 1.0738434272 0.1058370223 0.5677714573 0.4085217757 0.0000000000 -1.3519302557 -1.5446201967 0.0000000000 0.0000000000 
350730.0000000000 -1132915.8515326162 6092531.6149890721 1504632.2133535808 0.0381148830 11.0041300577 -0.0000000000 0.6232371797 -0.3947274008 0.5620256504 0.2018822045 0.0000000000 0.6813796808 -0.7266197815 0.3820491505 1.1547690443 0.0000000000 -2.0178757862 -0.3791001594 0.0000000000 0.0000000000 
350760.0000000000 -1132915.9153685523 6092529.9887006013 1504632.1355910327 0.1748308305 11.0041300577 -0.0000000000 0.3711945153 -0.3269869380 0.3315705181 0.3840838353 0.0000000000 0.6484851848 -0.3705773139 0.5975964677 1.3667347621 0.0000000000 -2.2420313947 -0.7005488377 0.0000000000 0.0000000000 
350790.0000000000 -1132914.9521781038 6092528.2780930456 1504632.7020511082 0.0136930721 11.0041300577 0.0000000000 0.1209340523 -0.3983006316 0.2596025657 0.8165210467 0.0000000000 1.1687600111 -0.4557813670 0.1350476795 0.3520511501 0.0000000000 -1.2432551183 -0.7156740637 0.0000000000 0.0000000000 
350820.0000000000 -1132915.0930428563 6092526.9850418642 1504633.1500712719 0.0229819439 11.0041300577 -0.0000000000 0.3994142878 -0.3841363742 -1.1015376731 0.3751137723 0.0000000000 -0.1700338694 1.2558481444 1.7957192093 0.8063617401 0.0000000000 -2.0729398455 -1.0352753159 0.0000000000 0.0000000000 
350850.0000000000 -1132915.4262856266 6092529.0616495730 1504632.2410978479 0.2342357150 11.0041300577 -0.0000000000 0.1487041521 -0.0797821574 0.7333605001 -0.1564965618 0.0000000000 1.1473434797 -0.3710307707 -0.3313021737 0.9203063756 0.0000000000 -1.4477814024 -0.4571275483 0.0000000000 0.0000000000 
350880.0000000000 -1132914.8871282609 6092526.6642081309 1504632.3701546174 0.4519601486 11.0041300577 0.0000000000 0.1556935392 0.0076724047 0.0005316641 -0.2537554246 0.0000000000 0.7411377926 0.5783008949 0.4039054954 1.0424182194 0.0000000000 -1.7946612322 -0.8739228909 0.0000000000 0.0000000000 
350910.0000000000 -1132915.4529159341 6092525.8493410340 1504632.0458269634 0.1230450145 11.1654816136 -0.0000000000 0.3526632846 -0.0541559679 0.3027459858 -0.2327877394 0.0000000000 1.0325772263 0.2947784472 0.5327869413 1.2741134184 0.0000000000 -2.4486235255 -0.8956458994 -0.1427102346 0.0000000000 
350940.0000000000 -1132915.1807956048 6092529.4037738051 1504632.2923858047 0.0468149255 11.1654816136 0.0000000000 -0.1497218533 0.1670863696 0.8711055172 -0.3671950181 0.0000000000 0.6089059330 0.2671287141 1.0471268561 1.0481437033 0.0000000000 -2.7511564863 0.0620029463 -0.9040061273 0.0000000000 
350970.0000000000 -1132913.6760556463 6092528.0667532161 1504632.8246554791 0.0012005554 11.3140434823 0.0000000000 0.7979858362 0.7160865484 0.6927303170 0.0660170560 0.0000000000 0.1542197155 0.3815551196 1.6312398477 -0.5954526146 0.0000000000 -2.0596903440 -0.4105279482 -0.5096054812 -1.2284688270 
351000.0000000000 -1132914.9149494513 6092529.5478947377 1504633.1397410054 0.7316546373 11.3140434823 0.0000000000 0.8088435477 0.3524656868 2.0076489893 0.3998490953 0.0000000000 0.1803001315 -0.1820505759 -0.6058028557 0.5973033755 0.0000000000 -1.7021321745 -0.6385193426 1.8237586605 -3.0883058585 
351030.0000000000 -1132914.2097884179 6092526.7437262060 1504631.7161841043 0.8109778674 11.3140434823 0.0000000000 0.5461423353 1.2929906280 2.5874650478 -0.6406185518 0.0000000000 -0.4362514387 -0.2700188158 0.0165999718 1.1277005589 0.0000000000 -2.3855334743 0.0290275550 0.6347761826 -2.6108334119 
351060.0000000000 -1132914.6366932194 6092529.1609027712 1504632.4605657100 0.0188460355 11.3140434823 0.0000000000 0.1738865069 -0.2410973271 -0.8190619610 -0.2178495820 0.0000000000 -0.0765134009 -0.4359799550 0.9971686405 1.1597084402 0.0000000000 -1.0267657056 -0.1337236493 -1.1010222719 1.7863676545 
351090.0000000000 -1132914.3420550872 6092528.0500809290 1504633.5092833221 0.0486607995 11.3140434823 -0.0000000000 0.0529608186 0.9657136584 1.9724913871 -0.1497144016 0.0000000000 0.0761013133 0.6177784884 -0.5332291887 1.1217335756 0.0000000000 -1.9450518566 -0.8022469707 1.3930380373 -2.8036909457 
351120.0000000000 -1132915.5917436294 6092528.8525730185 1504633.6704234993 0.0906450499 11.3140434823 -0.0000000000 0.0732800793 0.9086430755 0.2385417071 -0.1162908473 0.0000000000 -0.7419842090 1.1057862987 0.3453988377 0.7157311249 0.0000000000 -0.9249081875 -1.0469358030 0.9304252488 -1.6210435734 
351150.0000000000 -1132914.2236672924 6092527.0543545568 1504632.0218399132 0.0023080291 11.3140434823 0.0000000000 -0.0974195635 0.1617729314 0.2519719818 0.3026482893 0.0000000000 0.5844434590 1.0589204611 0.2529504504 0.3106499224 0.0000000000 -1.3736480698 -1.0018008937 0.5905583602 -1.1281167688 
351180.0000000000 -1132914.9204352947 6092527.2532593254 1504632.6085531635 0.0008214586 11.3140434823 0.0000000000 -0.1290341841 -0.4610406592 -0.1607035859 0.2184093341 0.0000000000 0.1046792652 0.3879024928 0.3533749197 0.8615982453 0.0000000000 -1.1154247743 -0.2414481521 0.1547109642 0.0548448438 
351210.0000000000 -1132912.9611208409 6092526.7647521403 1504632.1216818460 0.0031783872 11.3140434823 0.0000000000 -0.3792218456 1.2535861023 1.7736895524 -0.5824133444 0.0000000000 -0.1583646019 -0.3241060862 0.1633901236 1.0122703425 0.0000000000 -1.6142220196 0.2169093135 -0.5733887414 -0.7645174130 
351240.0000000000 -1132914.1570833209 6092529.1270603556 1504633.3487353188 0.0948090769 11.3140434823 -0.0000000000 0.1659650821 -0.2968457540 0.7488488200 0.0936042199 0.0000000000 -0.4747534624 -0.7484604509 0.2086526315 1.3123568946 0.0000000000 -1.2914688357 0.4944059936 0.0233000537 -0.0978702537 
351270.0000000000 -1132913.1310465864 6092526.6660710918 1504632.9704585792 0.5231460215 11.3140434823 -0.0000000000 0.3339325857 0.7611557531 0.9285568589 -0.3669497287 0.0000000000 -0.2131988220 -0.1311526404 0.1757217375 0.0078965595 0.0000000000 -0.6541190320 0.0576136014 -0.0256760658 -0.8963028082 
351300.0000000000 -1132914.3281983230 6092527.1646622932 1504633.1347521257 0.0130767874 11.3140434823 0.0000000000 0.6321896159 -0.2570737977 0.2078699931 0.0342359674 0.0000000000 -0.8231669254 0.2917267220 0.0947452334 0.7405559766 0.0000000000 -0.7292592700 -0.0875902353 1.1176666873 -1.1839560498 
351330.0000000000 -1132914.8751348793 6092528.4599477081 1504633.6514138225 0.0074735324 11.3140434823 -0.0000000000 0.5017483051 0.0083798556 -0.9156282125 0.3986752790 0.0000000000 -0.0696554483 0.7181621366 0.8269019810 0.4206356758 0.0000000000 -0.8857604775 -1.3400747275 0.4593585474 -0.2598106116 
351360.0000000000 -1132915.2361373196 6092530.4657688718 1504633.0548110022 0.6122646754 11.3140434823 -0.0000000000 0.2813975299 0.2764835308 1.2335712187 0.0639758575 0.0000000000 0.0672411087 0.7618957063 0.7638969445 0.6218447490 0.0000000000 -2.5174417735 -0.2324987910 0.4352751805 -1.7597357324 
351390.0000000000 -1132914.8963414794 6092528.1188874021 1504632.7386383202 0.0132114959 11.3140434823 -0.0000000000 0.5573799046 0.4970351308 0.5136127767 -0.4793380086 0.0000000000 -0.0914977174 -0.3407083542 0.5541636462 1.3381867795 0.0000000000 -1.7769377888 -0.3788983103 -0.3015670465 -0.0463397464 
351420.0000000000 -1132914.3582119895 6092527.4100889470 1504631.9453864342 0.0422303816 11.3140434823 -0.0000000000 0.0271155119 0.0602542934 -0.0985813710 -0.2352280593 0.0000000000 0.0525177803 0.5377828685 0.2918316480 -0.0266180562 0.0000000000 -0.4064111273 -0.0745602173 -0.0290639450 -0.1564898362 
351450.0000000000 -1132915.1128023162 6092527.8550895015 1504633.1571781381 0.0559762321 11.3140434823 -0.0000000000 0.7617778128 -0.1826576142 0.1855846533 -0.2091479174 0.0000000000 0.3023225087 1.3862848872 0.4574490779 0.0509213226 0.0000000000 -1.6210050146 -0.5597183320 0.9493695390 -1.5910356151 
351480.0000000000 -1132916.0433050003 6092527.8078143010 1504632.3705670268 0.0198371274 11.3140434823 -0.0000000000 0.4266667842 -0.0635916962 -0.1180082273 -0.5297106668 0.0000000000 0.2441211385 0.6818092445 0.1203952488 0.8985475673 0.0000000000 -1.2064650835 -0.5256699781 0.3387606872 -0.2766200128 
351510.0000000000 -1132915.6182825346 6092527.6410261849 1504633.2921538320 0.0472445524 11.3140434823 -0.0000000000 0.5748148764 -0.3660077899 -0.8562160062 0.2244628329 0.0000000000 -0.6256350167 0.7733167776 0.5669972664 1.3978889716 0.0000000000 -1.2121369291 -1.1042035593 0.9947459970 -0.4471450217 
351540.0000000000 -1132915.1936742067 6092528.5108819045 1504633.2466088401 0.0489966991 11.3140434823 0.0000000000 1.4934678327 -0.8494702474 -0.9918487175 -0.7229795005 0.0000000000 -0.2326413489 0.3826669920 -0.0577849617 1.9619994843 0.0000000000 -1.3093983619 -0.8293779677 1.1203352991 0.0229802321 
351570.0000000000 -1132914.1621959617 6092528.7154984977 1504632.8898045500 0.0204261442 11.3140434823 -0.0000000000 0.9574560044 0.3396942292 0.4353762308 -0.1128140205 0.0000000000 -0.3569485252 -0.1168884661 1.3460413909 0.9051741613 0.0000000000 -2.3291608082 -0.3427613642 -0.1900500174 -0.5482475076 
351600.0000000000 -1132913.9610357487 6092527.9462236259 1504632.4204783586 0.5052331971 11.3140434823 0.0000000000 0.6377202338 0.1944150334 0.6814807343 -0.2440259532 0.0000000000 -0.1999375306 0.3226747440 0.8137736133 0.0968746298 0.0000000000 -1.5502382691 0.1927148805 0.0644301352 -0.9905762336 
351630.0000000000 -1132913.4643217230 6092527.2785743997 1504631.9077316839 1.9323271741 11.3140434823 -0.0000000000 -0.0212656517 1.5447692434 2.5557491346 -0.4653915674 0.0000000000 1.1780658290 -0.1746080557 0.5235783635 0.1749995832 0.0000000000 -2.7337402978 -0.0497150545 -1.0382455254 -1.2392405303 
351660.0000000000 -1132914.6860262332 6092527.8966387156 1504632.3575304386 0.6482955026 11.3140434823 -0.0000000000 0.7225008703 -0.0435347538 0.8937419410 -0.4812869713 0.0000000000 0.6601339668 -0.1560086985 -0.1569581070 0.3992286391 0.0000000000 -1.3130778153 0.1363232210 0.0564808895 -0.5677012818 
351690.0000000000 -1132916.0236472180 6092530.1361566158 1504633.6862567936 0.3085351297 11.3140434823 0.0000000000 0.1064131147 0.2821751912 0.2739805980 -0.0835544953 0.0000000000 -0.0513209034 0.2249382605 0.2746656370 0.7942958392 0.0000000000 -1.0947582445 -0.4309978189 0.0911997762 -0.3509956389 
351720.0000000000 -1132916.5535540632 6092528.5438801600 1504633.1000393552 0.5802826310 11.3140434823 0.0000000000 0.4949255535 -0.1415024485 0.1473940614 0.2748633669 0.0000000000 -0.4138417927 0.4542544323 -0.7128988455 1.6277600537 0.0000000000 -0.8083071196 -1.1399409943 1.6846302053 -1.3434511187 
351750.0000000000 -1132914.5593712940 6092527.4514310854 1504632.1725601028 0.2663340947 11.3140434823 0.0000000000 -0.3451759717 0.2497281453 0.5240750500 -0.4692957006 0.0000000000 -0.3490983638 -0.0185842228 -0.4393104224 1.2707734545 0.0000000000 -0.4659855322 0.1548389433 0.0526132875 -0.0125896849 
351780.0000000000 -1132914.7597210712 6092526.0535723586 1504632.3663880343 0.3910805880 11.3140434823 0.0000000000 1.2094534008 -0.0362025308 -0.2822075896 -0.0799267021 0.0000000000 -0.1332284846 -0.3559642825 0.9493287295 0.7503030340 0.0000000000 -1.5225810553 -0.5504080389 -0.0382131976 0.0128751887 
351810.0000000000 -1132915.8711030663 6092529.9288291736 1504634.0309952477 0.0562779293 11.3140434823 -0.0000000000 0.5074401586 -0.5368550476 -0.5942242778 0.4394690192 0.0000000000 -0.7280901181 1.0043973265 1.0114941227 1.3512839258 0.0000000000 -1.9094570524 -0.8242709470 0.9219014437 -0.7607164827 
351840.0000000000 -1132915.5695068405 6092529.9713018043 1504633.6147859469 0.0401067771 11.1654816136 0.0000000000 1.4772419811 -0.1017667775 0.0000000000 0.0192850659 0.0000000000 -0.3594310061 -0.7409856362 1.0570971992 1.6788624198 0.0000000000 -2.3695269165 -0.6569539854 0.0534701032 -0.0437792453 
351870.0000000000 -1132915.1285735329 6092528.4724797104 1504633.5829768574 0.6672026132 11.1654816136 0.0000000000 0.6312907153 -0.6611457958 0.0000000000 -0.4270767841 0.0000000000 -0.3819229905 0.1185378858 0.7476606970 1.0231573848 0.0000000000 -1.6486947763 0.5944915645 -0.0988836529 0.1107208316 
351900.0000000000 -1132915.7139820745 6092529.3661302617 1504633.2681062024 0.0187809269 11.3140434823 -0.0000000000 0.4944172984 0.7156506245 0.0000000000 -0.3407540461 -0.0242803914 -0.7501543809 0.3665094796 1.2671234575 0.9080514999 0.0000000000 -1.6517704328 -0.5153095056 -0.1193675542 -0.4209713932 
351930.0000000000 -1132915.4554787327 6092528.2169983080 1504633.5973027016 0.0384286361 11.3140434823 -0.0000000000 0.8731106149 0.0742841712 0.0000000000 0.9782520575 0.5177545669 -0.8324821248 1.2617097974 -0.0146137647 0.5903970000 0.0000000000 -1.3645955310 -1.3867509779 1.9215892398 -2.5761884971 
351960.0000000000 -1132915.2965458501 6092528.9350117268 1504632.9436614045 0.2272594314 11.3140434823 -0.0000000000 0.3052345648 -0.3887064818 0.0000000000 0.8660778307 0.0572460869 -0.0656424002 0.7660473127 0.9697681465 0.5317901300 0.0000000000 -1.9460527937 -0.7328130409 0.5563065096 -0.9363146758 
351990.0000000000 -1132914.7900293462 6092528.6801453521 1504632.6857323020 0.7078932890 11.3140434823 0.0000000000 0.1510360931 -0.5748857410 0.0000000000 0.7866909718 0.6291727238 -0.1031268450 0.3126674216 -0.5876608914 1.0667798569 0.0000000000 -1.1212742924 -0.4650556878 0.6462675100 -0.6256234742 
352020.0000000000 -1132914.4366473113 6092528.5020286785 1504633.4999487009 0.7156155356 11.3140434823 -0.0000000000 0.0084664574 0.9314534783 0.0000000000 0.4988947843 1.7180454559 -0.3808388854 1.3255265316 0.0883376947 0.5119868437 0.0000000000 -2.2862044134 -0.7490423854 -0.3978662375 -1.2168176446 
352050.0000000000 -1132913.7442178968 6092525.5852060532 1504631.8289012280 0.0075515168 11.3140434823 0.0000000000 0.2208865817 0.6631156525 0.0000000000 -0.0604885127 -0.8065873755 0.3291234780 -0.1800751204 1.8386620096 0.8405814417 0.0000000000 -1.7479454777 -1.1726304499 -0.5359733046 0.4792121288 
352080.0000000000 -1132915.4956424760 6092528.3271364663 1504633.0240768588 0.0421626613 11.3140434823 0.0000000000 0.5401004691 0.4097936829 0.0000000000 -0.0404051402 0.2067891418 -0.3181264130 0.1246185194 -0.0064046941 1.3916823830 0.0000000000 -1.2423489203 -0.9378443600 0.4186872272 -0.5151564972 
352110.0000000000 -1132912.9238200178 6092526.8113599755 1504632.4050966231 0.1353533620 11.3140434823 0.0000000000 -0.5705872037 1.2684003152 0.0000000000 -0.5246754991 1.4256714512 -0.0397600822 0.7692592048 -0.2007022387 0.4825345332 0.0000000000 -1.3059442047 -0.0579666409 -1.4225803381 0.2052755833 
352140.0000000000 -1132915.6520821485 6092527.8499346776 1504633.0256956238 0.0432803576 11.3140434823 0.0000000000 0.4364139331 0.7102314007 0.0000000000 0.1340733210 0.3938546966 -0.8421187014 0.7322647793 -0.7966254339 1.0894337011 0.0000000000 -0.2919882423 -1.2654665524 1.4277471782 -1.6600139608 
352170.0000000000 -1132915.0532337734 6092529.6197318370 1504632.9759302915 1.2489703487 11.3140434823 0.0000000000 -0.3986011519 0.5930769466 0.0000000000 -0.7535409431 -0.3641936311 0.6179742186 0.4137536710 0.5576012003 0.3578629388 0.0000000000 -0.6455005068 -0.3507366713 -0.7189730550 0.6049561283 
352200.0000000000 -1132915.3324165696 6092529.7918741368 1504633.3182411136 0.0000138242 11.3140434823 -0.0000000000 -0.3191944263 0.0167044146 0.0000000000 0.1259704212 -1.0951204372 0.0534353824 1.1951841590 0.9277379730 0.4050185823 0.0000000000 -0.5574135700 -1.0772572392 1.0775405741 -0.8503538307 
352230.0000000000 -1132914.3089007535 6092528.4803423192 1504633.1035877508 0.0581183296 11.3140434823 0.0000000000 0.5605177598 0.5117711140 0.0000000000 0.2329212267 0.7807708884 0.1860954887 -0.3859664578 -0.7702117457 0.5260020429 0.0000000000 -0.4960525401 -0.7595454507 -0.0317405808 -0.2810700164 
352260.0000000000 -1132914.9559945723 6092528.6420697253 1504633.2434305167 0.0000000000 20.0902350297 0.0000000000 0.3181996614 0.7511076616 0.0000000000 0.4705616515 2.0682221283 -0.4269088103 -0.1916430981 -0.8345893942 1.1733654736 0.0000000000 -1.7980768563 -0.3308690855 -0.8785108364 -0.1604897896 
352290.0000000000 -1132914.3038191427 6092527.2788935555 1504632.5825242787 0.0000000000 20.0902350297 0.0000000000 0.4689466563 0.1414085770 0.0000000000 0.1453189397 0.7867793726 -0.5552662955 0.5086762436 0.2441782254 0.5016082814 0.0000000000 -1.4586094660 -0.0205045751 0.0186680284 -0.7370295984 
352320.0000000000 -1132914.4367407004 6092527.9193865033 1504632.4358316145 0.0000000000 20.0902350297 0.0000000000 0.6959345459 0.1661635695 0.0000000000 -0.1850872049 0.8201955981 0.5045103104 -0.0756989759 0.2255879748 0.6662468552 0.0000000000 -2.0207655587 -0.1036474187 -0.9047258327 0.2343789971 
352350.0000000000 -1132914.1880362360 6092528.9170926232 1504632.8217980417 0.0000000000 20.0902350297 0.0000000000 0.3452529936 1.0723212580 0.0000000000 -0.0782627486 1.1468857408 0.0096234368 0.1168461485 -0.3349816050 0.6522106440 0.0000000000 -1.2841752084 -0.6925302912 -0.5989202118 -0.3011579362 
352380.0000000000 -1132914.9102893709 6092528.2388264025 1504632.6477065166 0.0000000000 20.0902350297 0.0000000000 0.5570813882 0.7368396725 0.0000000000 -0.6023718510 1.0511617215 1.1048327916 0.0903358137 -0.3744200050 0.3863044348 0.0000000000 -1.6603940586 -0.3551809345 -1.2160355571 0.2985410112 
352410.0000000000 -1132914.4137498946 6092528.6163640721 1504632.3219998237 0.0000000000 20.0902350297 0.0000000000 -0.4897646273 1.0773506264 0.0000000000 -0.5598333429 0.6253152647 -0.2610985571 0.0569483650 0.2927757599 1.3178690358 0.0000000000 -1.3471979109 -0.2453163336 -1.2481748555 0.7856240784 
352440.0000000000 -1132915.2628169362 6092526.1471383125 1504632.4893071093 0.0000000000 20.0902350297 0.0000000000 0.7647175689 -0.5537050723 0.0000000000 -0.9038898247 -0.5032378895 0.0656315614 -0.0504585755 -0.6689934013 2.0606189948 0.0000000000 -0.7679036427 -0.1686700425 0.6955421931 0.0441391691 
352470.0000000000 -1132915.0584270838 6092530.0560707441 1504634.3178596583 0.0000000000 20.0902350297 0.0000000000 0.8786977759 0.1558420691 0.0000000000 1.0716179443 1.1293971082 -0.0658390731 -0.1386588079 -0.2449852315 0.3612652524 0.0000000000 -1.5017946591 -0.8327937338 0.2073490045 -0.9204654298 
352500.0000000000 -1132916.0142899472 6092529.9853137927 1504633.6394168381 0.0000000000 20.0902350297 0.0000000000 0.6516677290 0.4069723524 0.0000000000 0.4858799598 1.1089959504 -0.5366138596 -0.0452753304 -0.6266068076 1.1443974265 0.0000000000 -1.2912138780 -0.6586061848 0.2391465882 -0.7677089337 
352530.0000000000 -1132914.6055020187 6092526.8146541659 1504633.0664057781 0.0000000000 20.0902350297 0.0000000000 1.4049842554 0.1138124507 0.0000000000 0.0251582060 0.8580752502 0.0240202539 0.0231611813 0.9099916733 0.8497040099 0.0000000000 -3.0056524916 -0.1832691221 -0.5634290541 -0.4371932012 
352560.0000000000 -1132914.9946344271 6092528.4747707434 1504633.4889834675 0.0000000000 20.0902350297 0.0000000000 0.7043110972 0.7585079225 0.0000000000 -0.2026492325 -0.6531746638 -1.1476775117 -1.2787327386 0.9947189670 0.8797384609 0.0000000000 0.0389777545 -0.5134579404 0.1471371106 0.2250284248 
352590.0000000000 -1132914.6487086746 6092528.7155146161 1504633.4813556552 0.0000000000 20.0902350297 0.0000000000 0.8016581254 -0.0182326569 0.0000000000 0.7212541226 0.8814626757 -0.2779805484 -0.3345067444 0.7638682579 0.9169746233 0.0000000000 -2.4698597157 -0.3017499421 -0.5325307722 -0.0950977223 
352620.0000000000 -1132914.9741796781 6092527.9505534256 1504633.2714493710 0.0000000000 20.0902350297 0.0000000000 0.6458838796 0.0585748083 0.0000000000 -0.1068252043 0.6943936940 0.0917869657 -0.0301823227 0.9839167021 1.0622489365 0.0000000000 -2.7966675722 0.1031620204 -1.0924123102 0.3913242509 
352650.0000000000 -1132914.4909542510 6092527.7931773616 1504632.6847215991 0.0000000000 20.0902350297 0.0000000000 0.6895164202 0.1013777280 0.0000000000 -0.2100813823 0.0019591262 0.6380628294 -0.8094515756 1.9369164221 0.9212457365 0.0000000000 -2.9210747127 -0.0663413474 -1.7591491512 1.3982629084 
352680.0000000000 -1132914.2462667527 6092528.7663084716 1504633.3302662370 0.0000000000 20.0902350297 0.0000000000 0.4361300132 0.8245704965 0.0000000000 -0.6450497119 1.1868947734 -0.1864512327 0.1802705601 0.2805880511 0.2386367554 0.0000000000 -1.6268343385 0.5034714974 -1.2044107900 0.0387859376 
352710.0000000000 -1132914.2553883267 6092526.8992185146 1504632.6578493358 0.0000000000 20.0902350297 0.0000000000 1.2029725175 0.3674257680 0.0000000000 0.1542555102 0.0620562256 -0.9113783433 -0.8732830441 1.0307784675 0.6268152812 0.0000000000 -1.1486015263 -0.2598506938 0.0512124249 -0.3046310605 
352740.0000000000 -1132914.9831122314 6092528.7243304420 1504633.5071931365 0.0000000000 20.0902350297 0.0000000000 1.6439626689 0.4708785626 0.0000000000 0.8275392496 0.9429434185 -0.7617748152 -0.2674558725 0.9930633526 0.1645364620 0.0000000000 -2.2279437611 -0.5963317580 0.2142534757 -1.3475258729 
352770.0000000000 -1132915.6562827486 6092527.4673316190 1504633.6018187986 0.0000000000 18.4753069066 0.0000000000 0.4124910823 0.0428060592 0.0000000000 0.5073663132 0.7148620359 -0.4011193720 0.2620468057 0.2065459258 1.0661095168 0.0000000000 -1.8725303464 -0.4000104115 0.0000000000 -0.4784280708 
352800.0000000000 -1132915.0566541466 6092528.9417085573 1504633.0872294870 0.0000000000 20.0902350297 0.0000000000 0.4955031405 1.1354268520 0.0000000000 0.9892064500 0.7630310868 -1.0748373988 -0.9499719757 1.4726344572 0.6853778224 0.0000000000 -1.8721448574 -0.9380744286 -0.6884152336 0.0175046506 
352830.0000000000 -1132915.0143714733 6092527.2357209669 1504633.7942505057 0.0000000000 20.0902350297 0.0000000000 1.5347430311 0.4381291466 0.0000000000 0.4698533874 0.9480438868 0.2479099324 -0.0218700384 0.0698316114 0.1494186048 0.0000000000 -1.9376716240 -0.7639397630 0.1324914916 -1.2135856413 
352860.0000000000 -1132914.5954420038 6092528.4244099800 1504632.5467166041 0.0000000000 20.0902350297 0.0000000000 -0.2300676103 0.6564933351 0.0000000000 0.2757869788 1.4939335554 -0.0784111145 -0.0452124201 -0.7413601531 0.9927101969 0.0000000000 -1.3594905791 -0.1945541285 -0.9764594584 0.3091487976 
352890.0000000000 -1132915.0595415276 6092528.3242471665 1504633.1762738470 0.0000000000 20.0902350297 0.0000000000 0.2143993199 0.8163802479 0.0000000000 -0.0458863027 1.7191727826 1.0596166552 -0.5918503068 -0.7612598683 0.6968342974 0.0000000000 -1.9216378338 -0.1659059925 -1.9624232113 1.0170035969 
352920.0000000000 -1132914.9035162262 6092530.0598475030 1504633.3328274880 0.0000000000 20.0902350297 0.0000000000 1.0404425762 0.3929352499 0.0000000000 0.5838928854 2.2376988283 -0.1770823367 -1.3755821282 -1.9412248649 1.2238933682 0.0000000000 -1.1838026547 0.0491477644 -0.8355215234 0.1767729322 
352950.0000000000 -1132915.5602135083 6092529.2940644594 1504633.4891641121 0.0000000000 20.0902350297 0.0000000000 0.3546287246 -0.0044237705 0.0000000000 0.6284382220 1.2144985344 -0.1042593769 -0.6834903594 -0.0124074136 1.0477649991 0.0000000000 -1.9780359697 0.0339727002 -1.0492037582 0.6364887157 
352980.0000000000 -1132915.5550063399 6092528.9658857379 1504633.5376225514 0.0000000000 20.0902350297 0.0000000000 0.4498042695 0.4253090590 0.0000000000 0.3655357618 0.3302308976 -0.3374090419 -0.8496689154 1.1353283386 0.7440412443 0.0000000000 -1.6700910243 -0.3420301280 -0.8559305203 0.6037106543 
353010.0000000000 -1132915.1127038372 6092529.7705072174 1504633.7321375636 0.0000000000 20.0902350297 0.0000000000 0.6972244045 0.0521637726 0.0000000000 0.2815742320 0.5565783057 -0.6187811995 0.6922962222 0.0108492730 1.0164402222 0.0000000000 -1.6650539006 -0.3666559557 0.6237477225 -1.2238290127 
353040.0000000000 -1132915.7286176938 6092528.0451707104 1504632.9436533332 0.0000000000 20.0902350297 0.0000000000 0.8467006127 0.2877784075 0.0000000000 -0.3313790410 0.1780722543 -0.2501680913 0.4328951186 -1.0621455211 1.7529795198 0.0000000000 -0.8657945463 -0.7570781637 0.9470164407 -1.1396703820 
353070.0000000000 -1132914.9368996539 6092528.3917946825 1504633.0169132762 0.0000000000 20.0902350297 0.0000000000 0.4773227768 0.4958865257 0.0000000000 0.1216899100 1.1401885665 0.0195176569 0.4397893270 -1.2345678133 0.2730805232 0.0000000000 -0.5551420750 -0.2714083919 0.2378514426 -1.0517305014 
353100.0000000000 -1132915.7294581728 6092528.6150486097 1504633.4673257936 0.0000000000 20.0902350297 0.0000000000 0.6009775714 -0.5695629319 0.0000000000 0.8759266828 1.4051902814 -0.7758317120 0.4519717489 -1.3538409225 0.3049918351 0.0000000000 -0.6114330898 0.4003832647 0.8223814343 -1.3910311582 
353130.0000000000 -1132914.8221778024 6092528.8662263192 1504633.3470821364 0.0000000000 20.0902350297 0.0000000000 0.7177448013 0.4410992208 0.0000000000 0.4150396795 1.6488575587 -0.2545321399 0.3750150732 -1.1590844572 0.7447118031 0.0000000000 -1.5290945498 -0.1910103952 0.0328656301 -1.1109207336 
353160.0000000000 -1132914.2445816768 6092527.1291256184 1504633.4442751901 0.0000000000 20.0902350297 0.0000000000 -0.1620425889 1.6520156043 0.0000000000 0.4848092199 2.3017131742 0.0700855935 -0.3576678195 -0.8844945659 0.1823438762 0.0000000000 -1.3379565456 -0.4553445189 -1.5329776549 0.1706465186 
353190.0000000000 -1132915.1349102876 6092527.9369591353 1504632.9651836022 0.0000000000 20.0902350297 0.0000000000 0.1574495926 -0.0375799063 0.0000000000 -0.2177037553 0.0909629106 -0.0535993600 0.6829680321 0.1082105954 0.7778109643 0.0000000000 -1.1461138662 -0.0646103104 0.0961725991 -0.3941709135 
353220.0000000000 -1132914.1765266384 6092524.8056580853 1504632.1785844918 0.0000000000 20.0902350297 0.0000000000 0.0728650205 0.3125005559 0.0000000000 -0.7815049413 -0.3200817429 0.9620834971 0.9921451240 0.1491732887 -0.2295724882 0.0000000000 -0.5046810663 -0.2152907860 -0.0781553189 -0.4221025386 
353250.0000000000 -1132915.9264577776 6092528.6907895496 1504633.7312650003 0.0000000000 20.0902350297 0.0000000000 0.3696244832 0.2401220293 0.0000000000 0.2183688274 0.0875963197 -0.6973327292 0.5644232381 0.4025766386 0.5139592875 0.0000000000 -0.8790975843 -0.4165352591 0.6686851009 -1.0526214427 
353280.0000000000 -1132914.8244297570 6092527.0634524757 1504633.4720806002 0.0000000000 20.0902350297 0.0000000000 0.8911613017 0.7980133335 0.0000000000 0.2290004262 0.4494992764 -0.6484545403 0.1295019388 -0.0588781947 0.5977695445 0.0000000000 -0.8809749766 -0.7731069267 0.6828524885 -1.3721627617 
353310.0000000000 -1132914.6601221152 6092528.3403934576 1504633.3003115221 0.0000000000 20.0902350297 0.0000000000 0.3317861758 0.7656566987 0.0000000000 0.3104759553 1.7793443417 0.3912231544 -0.1151565454 -1.1209184586 0.7266012153 0.0000000000 -1.6794293482 -0.2421959505 -0.9970053506 -0.0456705704 
353340.0000000000 -1132914.5542410815 6092525.4662878346 1504632.8154561773 0.0000000000 20.0902350297 0.0000000000 0.0309924193 0.4194706209 0.0000000000 -0.2948361349 -0.5805559722 0.4764144168 0.3411575926 0.1881149773 0.8168357180 0.0000000000 -0.5420908290 -0.9492827236 0.1585300354 -0.1202805490 
353370.0000000000 -1132915.1463556448 6092528.0572772101 1504634.0232397250 0.0000000000 20.0902350297 0.0000000000 0.2922166282 0.5964925075 0.0000000000 0.1747725032 1.6940831718 -0.9730385803 0.4765200935 -0.1336253623 0.6881283023 0.0000000000 -1.9865382450 0.4916731908 -0.5289316294 -0.6814220721 
353400.0000000000 -1132915.4956586268 6092526.8547546705 1504633.3926240185 0.0000000000 20.0902350297 0.0000000000 0.5846644022 0.2963245572 0.0000000000 0.1598207243 -0.6073150298 -0.5615870881 -0.0538752118 0.4697105872 1.6867808503 0.0000000000 -1.0370430390 -1.1581402044 0.7612133061 -0.5666987269 
353430.0000000000 -1132915.4944146222 6092527.6336622555 1504633.4916225637 0.0000000000 20.0902350297 0.0000000000 0.3670562075 -0.1646855351 0.0000000000 0.6727958993 0.0791838375 -0.3836969920 -0.3562058167 1.4623415898 0.8241068580 0.0000000000 -2.0833090574 -0.3630012554 -0.4589721604 0.3997656244 
353460.0000000000 -1132914.4845108930 6092526.8077001004 1504634.0976876647 0.0000000000 20.0902350297 0.0000000000 0.4168869781 1.3790051078 0.0000000000 0.8407203673 1.7660142302 -0.8091433548 0.2454516941 0.3336606563 -0.2972717952 0.0000000000 -1.7157556283 -0.5139514099 -0.2769208316 -1.2524424910 
353490.0000000000 -1132914.8013222546 6092528.7919727638 1504633.6349261014 0.0000000000 20.0902350297 0.0000000000 0.4538782688 0.3291508521 0.0000000000 0.5456460702 0.2946874213 -0.8481548441 0.4095671507 1.1991219698 0.5343536782 0.0000000000 -1.8232591766 -0.4805768277 0.2736760370 -0.8637219154 
353520.0000000000 -1132914.4271399938 6092529.3126907870 1504633.1566317708 0.0000000000 20.0902350297 0.0000000000 -0.0124078605 1.3550638059 0.0000000000 0.4553842188 1.6096657890 -0.7089422812 -0.5151825137 0.3295010694 0.6418681394 0.0000000000 -1.8183274663 -0.3096926561 -1.2268484195 0.2828338286 
353550.0000000000 -1132914.5661930663 6092527.6627282053 1504633.3232189249 0.0000000000 20.0902350297 0.0000000000 0.5212715931 0.8285453374 0.0000000000 0.2542499283 0.7614383201 -0.3533441155 0.1304399983 -0.3010127048 0.4599700363 0.0000000000 -0.9183147712 -0.5493716477 0.1802819445 -0.9591774512 
353580.0000000000 -1132915.1257879927 6092527.7697496573 1504633.0986668323 0.0000000000 20.0902350297 0.0000000000 1.1652210828 0.5392892857 0.0000000000 0.5647416283 0.6840351355 -1.9858214737 -0.1253234807 0.4853515085 1.7111462688 0.0000000000 -1.9431236639 -0.3740116304 0.8157709313 -1.4574167569 
353610.0000000000 -1132915.4534115370 6092530.1028908519 1504633.1111810536 0.0000000000 21.6659943335 0.0000000000 0.7843342920 0.4535969549 0.0000000000 -0.0155367434 -0.5907714117 -0.8575491942 -0.2959550112 0.6195275245 1.2750316681 1.7538875872 -1.5836428450 0.0433854285 -1.2295946972 0.0252312560 
353640.0000000000 -1132916.2187104947 6092529.4030111060 1504634.4087196353 0.0000000000 21.6659943335 0.0000000000 1.5612582729 0.6434506905 0.0000000000 0.3769001648 0.7131376042 -0.9844340208 0.4575087402 -0.0230071441 0.6488386212 0.6343527612 -1.9690896740 -0.1394846371 0.4053171638 -2.1040753671 
353670.0000000000 -1132915.2077349555 6092528.5173635222 1504633.8882474664 0.0000000000 21.6659943335 0.0000000000 0.6414149202 0.2727427946 0.0000000000 0.9219458076 2.5628803820 0.0645720009 -0.6366614569 -0.2424134660 1.2341465894 -1.5172365004 -3.0222612536 -0.3247958124 -0.3406295504 0.1695296525 
353700.0000000000 -1132916.0975053150 6092528.0222080862 1504633.6313427563 0.0000000000 21.6659943335 0.0000000000 -0.2675974725 1.3381998037 0.0000000000 0.4828680168 1.2138295974 -0.5138850455 -0.7610624215 0.3890064322 1.1971614785 -0.7114379882 -1.4147054163 -1.1004033700 -0.5198049294 0.5564504130 
353730.0000000000 -1132915.9201638082 6092526.0447896346 1504633.4606086167 0.0000000000 21.6659943335 0.0000000000 2.1556426283 0.9553705858 0.0000000000 -0.1010140470 0.2677776330 0.1375543854 -0.8424449047 1.1720736179 1.1279842822 -0.7067537985 -2.6447912736 -1.0400638620 0.3366888405 -0.9984956691 
353760.0000000000 -1132915.9007725923 6092529.8250214700 1504633.5269486688 0.0000000000 21.6659943335 0.0000000000 0.7516820180 -0.7009811417 0.0000000000 0.7070067763 2.0638941195 -1.0958478479 -0.4965719453 -1.2428128728 1.3200540763 -0.6662142130 -1.5885093815 1.0517327855 0.1446973964 -0.2451348775 
353790.0000000000 -1132914.6069730239 6092527.5920668831 1504633.0751479494 0.0000000000 21.6659943335 0.0000000000 0.3767839633 0.9918351609 0.0000000000 0.0546575586 2.0879299031 -0.1046491977 1.2087827905 -0.7448818072 0.4957875829 -1.2080221931 -1.9213839160 -0.3052425023 0.7872606995 -1.8730928302 
353820.0000000000 -1132914.9082016291 6092529.6870657923 1504633.5509855605 0.0000000000 21.6659943335 0.0000000000 -0.3218655197 0.5781745029 0.0000000000 0.6780893530 2.2411897806 -1.2438713326 0.3905465919 0.2331807015 1.2335948375 -1.7956955394 -2.0578149264 -0.3929264903 0.8338799574 -0.6431348494 
353850.0000000000 -1132914.9441486474 6092529.2492904430 1504632.6944275640 0.0000000000 21.6659943335 0.0000000000 -0.3040263254 1.8794267580 0.0000000000 0.2797342842 1.9381112358 -1.1267543553 -0.2227980705 0.4767137794 0.5506481943 -1.0375476939 -1.3538166579 -0.7367590031 -0.0456521849 -0.4286010782 
353880.0000000000 -1132915.0150976290 6092528.6866503861 1504633.5751440718 0.0000000000 21.6659943335 0.0000000000 0.6806081627 1.0629296311 0.0000000000 0.4079173767 0.0098078838 -0.4400264014 0.1240474408 0.4529806987 0.2455208948 2.1930993746 -1.9107534723 -0.1056206894 -1.7805838474 -0.4495985261 
353910.0000000000 -1132915.0529475322 6092527.3479808541 1504633.3120991578 0.0000000000 21.6659943335 0.0000000000 0.8537478675 0.5571595794 0.0000000000 0.0683613674 0.5502996756 -0.8870124612 -1.0093029887 -0.0701144797 1.2112659144 0.5113021940 -1.2685532143 0.2600855612 -0.8551982829 0.2209884803 
353940.0000000000 -1132914.4745715840 6092526.8402908100 1504633.2011140203 0.0000000000 21.6659943335 0.0000000000 1.7027068030 0.6153379675 0.0000000000 -0.4243097742 0.6911279013 0.5961096079 -0.7099845415 0.3404855154 0.5015139683 -0.5461636043 -2.0666618998 0.0230427674 -0.3831608805 -0.4590525015 
353970.0000000000 -1132914.5873750702 6092529.4963138858 1504632.7960367887 0.0000000000 21.6659943335 0.0000000000 -0.0415608691 0.7094976455 0.0000000000 0.1086564209 1.0300112076 -0.9096381240 -0.2213383033 -0.5861587998 0.7203122875 0.6242669580 -0.8316063567 0.4704080529 -0.9939772870 0.1201022242 
354000.0000000000 -1132914.5486262548 6092528.0233426187 1504632.5619074455 0.0000000000 21.6659943335 0.0000000000 -0.3315553553 0.7022655016 0.0000000000 -0.0647638971 1.2727123914 -0.0171518352 0.3842328855 0.4703873776 0.8598625466 -1.1092330940 -1.8944097093 -0.3726583325 -0.1945103260 0.0957318781 
354030.0000000000 -1132915.4723372753 6092530.2107698787 1504633.2155407567 0.0000000000 21.6659943335 0.0000000000 0.3304784198 0.2072939761 0.0000000000 0.2982097577 -0.2157655999 -0.9130877532 0.1310988219 1.0893681729 0.9059821605 0.7272448660 -1.6722247320 -0.1189866361 -0.4760349062 -0.1458062944 
354060.0000000000 -1132915.3665362007 6092528.0534453169 1504633.4892464331 0.0000000000 21.6659943335 0.0000000000 0.2489478625 0.1173173742 0.0000000000 0.0940618865 0.8859464149 0.5768399140 0.4773134657 -0.6928434766 0.3422002621 0.0345346244 -1.3852853839 0.1820285155 -0.5741239394 -0.2623534092 
354090.0000000000 -1132914.2402767488 6092527.5121843582 1504632.9543666372 0.0000000000 21.6659943335 0.0000000000 1.3225644536 0.8689309623 0.0000000000 0.1647973578 0.1715767551 -0.8232002873 -0.6526120850 1.0169835406 1.1477834577 -0.2205213651 -1.8267216628 -0.6560980224 0.3144319258 -0.8664072953 
354120.0000000000 -1132914.3004007048 6092528.9612364825 1504633.5092676568 0.0000000000 21.6659943335 0.0000000000 0.4202202346 0.3533016455 0.0000000000 -0.0212642455 1.3267813208 1.1502684686 0.0773363267 -0.6077025687 0.0401477284 -0.7578877838 -1.4844509922 -0.0201264092 -0.4918947186 -0.1014895656 
354150.0000000000 -1132914.1269910049 6092527.8983668191 1504632.7220867234 0.0000000000 21.6659943335 0.0000000000 0.4492910980 0.8306469842 0.0000000000 -0.3368670338 0.8328823056 0.2860662589 -1.4462343233 0.5112471686 0.1083786565 -1.5033212382 -0.2703642451 -0.4409814239 0.0444064011 0.6313994412 
354180.0000000000 -1132914.7336006463 6092529.1673367266 1504633.8695823387 0.0000000000 21.6659943335 0.0000000000 1.4702439218 0.2695505399 0.0000000000 0.0575169689 0.0310213162 0.1503801126 -0.6793837018 1.2979297850 0.6215825865 0.7376019815 -2.8549602853 0.2341148481 -1.4775626123 0.2646492969 
354210.0000000000 -1132915.6074168568 6092530.5025740834 1504634.1546292291 0.0000000000 21.6659943335 0.0000000000 -0.3104830256 0.0553007721 0.0000000000 0.5383900350 1.3255707400 -1.1356794727 -0.7722679468 0.3885174612 1.3979249759 -0.9552614663 -1.3808260393 -0.0553904249 -0.1866489127 0.9619372429 
354240.0000000000 -1132914.8205122186 6092528.9565687208 1504633.0081235729 0.0000000000 21.6659943335 0.0000000000 0.5885553290 0.5457557069 0.0000000000 -0.3931359737 1.0466140050 1.2685252386 -0.6065040452 -0.5882222909 0.9249519169 -0.2245761905 -2.0851354945 0.2050847848 -1.7312083764 1.0016211976 
354270.0000000000 -1132915.8388690848 6092529.2350754645 1504633.8591323118 0.0000000000 21.6659943335 0.0000000000 0.8113855630 -0.2949360813 0.0000000000 0.9410756928 0.5375605800 0.0979384136 -0.8893646669 -0.6094790053 0.3450759938 0.2877464514 -0.7815628678 -0.1232363329 -0.3941717032 0.1715845993 
354300.0000000000 -1132915.1332723598 6092529.3587609222 1504633.9566387143 0.0000000000 21.6659943335 0.0000000000 1.2287326043 0.6957085770 0.0000000000 0.1010866823 0.8307143609 1.0310913852 -0.9540471269 -0.6663462494 0.1267550393 -0.5953870682 -0.9000206018 -0.4413645581 -0.1987785294 -0.3526390500 
354330.0000000000 -1132915.1581989340 6092527.7483518748 1504633.5475914958 0.0000000000 21.6659943335 0.0000000000 -0.0001134198 0.5630159048 0.0000000000 -0.0534874521 1.7114679821 -0.4250351368 -0.1367008296 -0.8538805822 1.1116413978 -0.7136593360 -1.3382930790 0.4081233890 -0.3988161726 0.0603573267 
354360.0000000000 -1132915.7261142035 6092527.9259003764 1504633.7336186508 0.0000000000 21.6659943335 0.0000000000 1.0660936097 1.8988073660 0.0000000000 -0.2271001571 -0.7936819851 -0.6788687339 -0.6316137864 -0.6609392719 0.5359785988 1.8307802076 0.3629690918 -0.5449307226 -0.5591895903 -1.2649412688 
354390.0000000000 -1132914.4627938801 6092529.0337922322 1504634.0560709769 0.0000000000 21.6659943335 0.0000000000 0.3682975396 0.9141667670 0.0000000000 0.7507852949 2.8869365151 -0.1532928234 -0.4695012132 -0.8231258190 0.1823495594 -0.6744273433 -2.2579240425 0.3262720841 -0.8703152846 -0.1717598867 
354420.0000000000 -1132914.5907183099 6092527.1516668033 1504632.7182274442 0.0000000000 21.6659943335 0.0000000000 0.3902226096 0.8662215537 0.0000000000 -0.3675885189 0.1424005419 0.0223897150 0.0672164636 -0.3084960753 0.8137608972 0.0179409430 -0.7131449790 -0.2286342975 -0.1558412317 -0.5476434235 
354450.0000000000 -1132915.1176041670 6092531.4109438732 1504633.4743171115 0.0000000000 21.6659943335 0.0000000000 0.8569673490 0.1465462405 0.0000000000 0.9245318565 0.6183279612 0.4240618491 0.3372303401 0.2130566354 -0.1738689442 0.3079213531 -1.9886810400 -0.3897342638 -0.2242418485 -0.9524024261 
354480.0000000000 -1132914.6718875417 6092528.0101980912 1504633.0945977033 0.0000000000 21.6659943335 0.0000000000 1.1835419450 1.0379219797 0.0000000000 0.2153287974 2.6497656910 0.3539057692 -0.9019235127 -1.4215417560 1.0269074196 -1.4381040666 -2.1916893957 0.1788102368 -0.2487030258 -0.6032119380 
354510.0000000000 -1132915.6315973946 6092530.1402150188 1504633.5312292203 0.0000000000 21.6659943335 0.0000000000 1.3873476004 0.5618378236 0.0000000000 0.0444671703 0.9754225113 0.3936422252 -1.2252810128 0.0891011261 0.8216309737 -1.2368930779 -1.5995082423 -0.3177669083 0.1327665053 -0.2304284550 
354540.0000000000 -1132915.0389265488 6092530.2235726109 1504634.1280019793 0.0000000000 21.6659943335 0.0000000000 0.7849162041 0.8406425391 0.0000000000 0.6944896106 2.0674131460 0.1448157848 -0.5226438402 -0.4208883987 0.1602294957 -0.1415266701 -2.4316156408 0.1848759569 -1.0713595188 -0.2247415417 
354570.0000000000 -1132915.3844260846 6092529.5277488222 1504634.0924984328 0.0000000000 21.6659943335 0.0000000000 0.3928831407 0.8762190709 0.0000000000 0.2406760586 1.0357556926 0.9527457352 -0.4418874589 -0.5424865032 0.0052891658 -0.1175755077 -1.2092840861 -0.3727596009 -0.9497136481 0.1353673052 
354600.0000000000 -1132915.8602102124 6092529.9948279234 1504634.1859329366 0.0000000000 21.6659943335 0.0000000000 0.1810332889 0.7356982868 0.0000000000 0.6729577550 0.9631785880 -0.1443456252 1.5493854723 -0.5004642448 -0.0238303554 1.0241486681 -2.0813737242 0.0929321735 -0.5137517477 -1.7038477255 
354630.0000000000 -1132915.7894085727 6092529.0394473840 1504633.8154050154 0.0000000000 21.6659943335 0.0000000000 0.5940029277 0.1373320635 0.0000000000 -0.0634910293 1.2062953045 1.0192631395 -0.0267761156 -0.2895181061 0.2734405558 -1.5369285363 -1.3741090179 -0.1209029530 0.3721967776 -0.4310238964 
354660.0000000000 -1132915.1686048275 6092527.5417806823 1504633.3005107488 0.0000000000 21.6659943335 0.0000000000 0.4963570550 -0.0315016970 0.0000000000 -0.1945186651 -0.5053556101 1.2953944835 0.3166253935 0.0742936812 0.7172397873 0.0362308684 -1.3902328954 -0.3897838478 -0.6337072458 0.1618247105 
354690.0000000000 -1132916.0227481059 6092528.8943254994 1504633.8748657734 0.0000000000 21.6659943335 0.0000000000 -0.1730624700 0.4417593248 0.0000000000 0.7248621692 1.3321753224 -0.3899642905 0.2361417265 0.1101973447 0.5034252762 -0.3859345788 -1.6849023233 -0.3682481357 -0.1386138807 -0.2112660018 
354720.0000000000 -1132914.7930971009 6092527.8360779788 1504633.1990774171 0.0000000000 21.6659943335 0.0000000000 0.3333756106 0.6963663427 0.0000000000 0.0410933810 0.7714805355 0.6021961240 0.7946589706 -1.2567358000 1.0389553450 0.6352194666 -2.0295214931 0.2622935531 -1.2172770680 -0.5421307599 
354750.0000000000 -1132914.5403656266 6092528.8114934983 1504633.7138023016 0.0000000000 21.6659943335 0.0000000000 0.8845405932 0.3439915854 0.0000000000 0.8421135011 2.2208193322 0.0987023388 -1.7785622283 -0.1561120991 -0.1683516695 -0.5288351574 -1.8765116461 0.3750709318 -1.2423526142 0.9812654856 
354780.0000000000 -1132914.8353473695 6092530.8077057600 1504633.1925671762 0.0000000000 21.6659943335 0.0000000000 0.3947258178 0.2813453996 0.0000000000 0.8123034903 2.8532906804 1.0691272606 -0.1829412351 -0.8920732148 -0.1877426505 -1.0835656826 -2.6484627322 0.2994401432 -0.9219663157 0.1301248788 
354810.0000000000 -1132916.6702245069 6092531.5351966396 1504634.6002407535 0.0000000000 21.6659943335 0.0000000000 -0.0515527289 0.0786891854 0.0000000000 0.8553004425 1.0126578065 -0.9557302420 0.6522462349 -0.5344410126 1.3774228407 1.2113301731 -2.5992738912 0.5468738268 -1.4666883081 0.1288013133 
354840.0000000000 -1132915.9174848176 6092528.1765216421 1504633.9181300430 0.0000000000 21.6659943335 0.0000000000 0.3552454639 -0.1069791607 0.0000000000 0.2470903927 -0.8784118800 0.6006170163 -0.5707119024 -0.3508155280 0.6284031823 1.0259385690 -0.2642498362 -0.3471479397 -1.1997115047 0.9794120269 
354870.0000000000 -1132915.9295729836 6092526.7224938972 1504633.0616747574 0.0000000000 21.6659943335 0.0000000000 0.9549157383 -0.2512811629 0.0000000000 -0.5693710752 -0.6154401300 0.4972527749 0.1307732682 1.7042715382 0.4829523862 -0.9449875648 -1.5722342606 -0.0992703895 0.5150395374 -0.4349669109 
354900.0000000000 -1132915.7702096778 6092528.8321394622 1504633.2512371270 0.0000000000 21.6659943335 0.0000000000 -1.4289601013 0.3602000543 0.0000000000 0.4214740996 1.5949273037 -0.3497687877 -0.8460745912 -0.5919415772 2.5434787433 -1.5461096895 -1.0625557929 -1.1279929228 -0.6285212049 2.4348065805 
354930.0000000000 -1132913.7412644492 6092528.5771976709 1504634.0932981598 0.0000000000 21.6659943335 0.0000000000 -0.3151773751 1.2078007098 0.0000000000 0.8949830492 4.5797464493 -0.1962790489 -1.5560828655 -0.9471407844 0.1574419440 -1.9738484377 -2.3750400175 0.2310298274 -1.0480050946 1.1904326811 
354960.0000000000 -1132914.6883725403 6092528.6228214195 1504634.0977807555 0.0000000000 21.6659943335 0.0000000000 -0.1007214260 0.8435587697 0.0000000000 0.5622035220 1.1354630251 0.3924243552 0.2532887940 -0.4577378605 0.9660524006 0.8878179755 -2.7957571056 -0.0821982411 -2.1982464317 0.7559034541 
354990.0000000000 -1132915.4910082517 6092528.7199580558 1504633.4483791937 0.0000000000 21.6659943335 0.0000000000 1.9264458984 -0.4488771826 0.0000000000 0.4652387973 -1.7328458587 -0.3475032194 -0.8824945010 1.7934587246 0.6365223861 0.4463166776 -1.1160707483 -0.5600188271 0.5037123820 -0.6649048553 
355020.0000000000 -1132915.9458987711 6092526.6635491531 1504634.4809054628 0.0000000000 20.0902350297 0.0000000000 0.0000000000 -0.5010870624 0.0000000000 0.7709511923 -1.0659708755 -0.8330969055 -0.1403372265 1.1338394511 0.9326485788 1.0137724885 -0.8450186276 -0.6931969396 -0.4703271276 0.8204112985 
355050.0000000000 -1132915.2544489659 6092530.7534222072 1504634.6163308108 0.0000000000 21.6659943335 0.0000000000 -0.1520445541 0.1786368163 0.0000000000 1.3391934847 2.6060349025 -0.8812381421 -0.4713161961 -0.6033557512 -0.0689297149 -0.5600861373 -1.4149479752 0.1263589518 -0.1099449549 0.0508912639 
355080.0000000000 -1132915.0226115980 6092530.5729663512 1504634.3070721501 0.0000000000 21.6659943335 0.0000000000 0.4578937814 0.1656541193 0.0000000000 1.0488000544 2.0655108022 0.4622981169 0.0826009448 -0.5771387180 -0.0700597034 -0.7672630741 -2.1473393912 -0.0380982643 -0.1193192548 -0.5905241456 
355110.0000000000 -1132915.5314817044 6092527.0276109977 1504633.0713867482 0.0000000000 21.6659943335 0.0000000000 0.5603838491 -0.2688156015 0.0000000000 0.4443369008 -1.6795686248 0.0044559393 0.3821120573 0.8573832229 1.1512811602 0.7942428265 -0.9869389670 -0.9123078924 -0.0337589978 -0.2533735688 
355140.0000000000 -1132916.0439987204 6092529.9817896504 1504633.9998835316 0.0000000000 21.6659943335 0.0000000000 -0.1758391689 -0.8709603457 0.0000000000 1.0453481343 0.0970139447 -0.7442271558 0.3746143331 -0.2599584149 -0.1818718502 0.8191250472 -0.1065684422 0.1240702135 0.0233486678 0.0120237935 
355170.0000000000 -1132914.5908718130 6092529.5505490964 1504633.6968665738 0.0000000000 21.6659943335 0.0000000000 0.7769650845 -0.3911369510 0.0000000000 0.5565703185 1.1848545537 1.1183613593 -1.1757532756 -0.9943672624 0.2919649583 -0.4874550804 -1.2625717287 0.2801266998 -1.1689358993 1.2255321298 
355200.0000000000 -1132915.0205170664 6092528.8311485117 1504632.8716603580 0.0000000000 21.6659943335 0.0000000000 1.2573955868 0.0771990051 0.0000000000 0.2150703734 0.2056552449 0.0924628224 0.0825717384 -0.0771898612 1.1715207857 -0.3742141679 -1.9754717923 0.2420735036 0.1299177785 -1.0870547663 
355230.0000000000 -1132915.6149684514 6092530.4147688076 1504634.0318775442 0.0000000000 21.6659943335 0.0000000000 0.8941237969 -0.0331903805 0.0000000000 1.2383968189 -0.0986727104 -0.2535676277 0.0480861216 -1.0951376597 1.4401393947 0.8737202034 -1.4824302485 -0.3044368046 -0.4349934086 -0.6464389805 
355260.0000000000 -1132915.6561239623 6092531.7364512095 1504634.0927307403 0.0000000000 21.6659943335 0.0000000000 0.1490915879 -0.0678554359 0.0000000000 1.1956334014 1.6511272455 -1.0652298892 -0.1026358268 -0.0934314880 1.2260570345 -0.9274530898 -1.8949773163 -0.3268708153 0.6221169823 -0.4153792166 
355290.0000000000 -1132915.9242655628 6092531.2436404824 1504633.9217660418 0.0000000000 21.6659943335 0.0000000000 0.0527084478 -0.1473219466 0.0000000000 1.1402304256 0.7217398338 -0.9245082323 -0.0609778884 -0.4633633055 1.9179559196 -0.3672118766 -1.5184864755 -0.6108451180 0.2226113650 0.0257113581 
355320.0000000000 -1132914.8436618843 6092530.9240810247 1504633.7035493697 0.0000000000 21.6659943335 0.0000000000 0.7067097730 -0.0030558676 0.0000000000 1.3004902280 0.8207043637 -0.4355930463 -0.5375336946 -0.6501369344 0.8468195644 0.4311939630 -1.6392551165 -0.1447223086 -0.6125477260 0.0243893528 
355350.0000000000 -1132915.8834453882 6092530.9316591276 1504633.9167419560 0.0000000000 21.6659943335 0.0000000000 1.4546291603 -0.2226138531 0.0000000000 1.3493997820 0.2283899851 -0.1385167353 0.2233227079 0.0332012349 0.7304569840 0.8854366199 -2.9124748225 0.1484652522 -0.6798015345 -0.9428303187 
355380.0000000000 -1132915.6833657266 6092531.5294851614 1504634.2658524264 0.0000000000 21.6659943335 0.0000000000 0.9805506525 -0.5550000230 0.0000000000 0.9883039008 -1.1470809847 0.3763380468 -0.1355431576 -0.2933534276 0.8835150786 1.9451553716 -1.6872428881 -0.0552659828 -1.9157354385 0.8398006388 
355410.0000000000 -1132913.8814568578 6092527.9304328328 1504633.3478555011 0.0000000000 21.6659943335 0.0000000000 -0.6202295781 -0.0420480936 0.0000000000 0.0336756528 1.2340638190 0.2456217431 -0.1767437785 0.1127540708 0.4165922869 -0.7943162409 -1.0777252945 -0.1032687512 -0.6490943480 1.3296752530 
355440.0000000000 -1132915.6063251270 6092530.8404291999 1504633.6677976854 0.0000000000 21.6659943335 0.0000000000 1.0077562947 -0.7459839841 0.0000000000 1.4741891157 0.5743898293 -0.2753590970 -0.3324172760 -0.4048889085 0.3862568297 -0.1296566421 -1.2103079045 -0.1565571426 0.4505731867 -0.5999538533 
355470.0000000000 -1132914.9818732592 6092529.7788352668 1504633.4893993803 0.0000000000 21.6659943335 0.0000000000 0.4489488859 -0.5647287496 0.0000000000 0.9942284813 1.7146809480 -0.3423504771 -0.8791243675 0.9480626706 0.3099459704 -1.2081838297 -2.1604164914 -0.2238925568 0.0882519624 0.7790552868 
355500.0000000000 -1132915.1696219931 6092527.5765765747 1504633.2098245092 0.0000000000 21.6659943335 0.0000000000 0.6196098301 0.1006785772 0.0000000000 0.1113078748 0.3583561754 0.5739486850 0.2476143587 0.1030571777 0.9064602873 -1.1434637931 -1.4675182439 -0.2375942436 0.5305973984 -0.8387733126 
355530.0000000000 -1132915.0329657926 6092529.3432364529 1504633.5327331410 0.0000000000 21.6659943335 0.0000000000 -0.1635707240 -0.6048365350 0.0000000000 1.0185863863 1.7233307418 0.8050174276 0.1108234935 -0.1405540904 -0.3937062003 -0.6769288515 -1.7862524003 -0.2300791774 -0.5089914634 0.8119541554 
355560.0000000000 -1132915.7106613917 6092529.8829708016 1504633.7489029916 0.0000000000 21.6659943335 0.0000000000 1.2392846431 0.1795175759 0.0000000000 0.4321719398 0.9852748045 0.0319577061 -0.5950771836 -0.3826332360 0.2412408404 0.2743558763 -2.0297135608 0.9554102765 -1.0362891862 -0.2202843898 
355590.0000000000 -1132915.5633027924 6092529.5458392622 1504633.4196527423 0.0000000000 21.6659943335 0.0000000000 1.3621075827 0.4971557716 0.0000000000 0.2608581894 0.5746377751 0.0088166928 -0.2258482366 -0.3355641497 1.3981807972 -0.6835839093 -2.1111669903 0.4150879436 0.0780783425 -1.2916820777 
355620.0000000000 -1132915.9174201016 6092530.2818926219 1504633.6970908898 0.0000000000 21.6659943335 0.0000000000 1.2434567208 -0.3326607214 0.0000000000 1.1360396453 -0.3773964630 0.5634634588 0.2896495322 0.3081052614 1.2379722045 -0.0213675611 -2.5790869694 -0.6037044292 -0.2101217680 -0.6532668038 
355650.0000000000 -1132914.0678803138 6092528.3765314231 1504633.3787334845 0.0000000000 21.6659943335 0.0000000000 1.0899441671 -0.4498186459 0.0000000000 1.0735055118 1.1879542084 0.3345201020 -0.3877828473 0.3246763039 0.2568818009 0.0147965585 -3.0650210305 0.3357507615 -1.1251476358 0.4553444254 
355680.0000000000 -1132916.1300388086 6092529.5704023223 1504633.4883459215 0.0000000000 21.6659943335 0.0000000000 1.0559849521 -0.2629121300 0.0000000000 1.0758108122 -0.8367002177 -0.5388539604 0.2943729136 1.0809615158 -0.5839523464 1.2804609542 -1.0969492334 -0.2377615126 0.1793309179 -1.2416900408 
355710.0000000000 -1132916.2334136562 6092531.6967006326 1504633.6908442939 0.0000000000 21.6659943335 0.0000000000 1.3317767661 -0.1087967775 0.0000000000 1.5058430481 -0.0434284600 0.3287538229 0.3158287528 -0.1986563338 -0.3962382492 1.4586495961 -2.1617102572 0.0826169438 -0.9273457285 -0.9825202606 
355740.0000000000 -1132915.5579657133 6092530.4135583220 1504633.1350400459 0.0000000000 21.6659943335 0.0000000000 0.8919887396 -0.6368842539 0.0000000000 0.4672294283 -1.2226715240 0.6376109057 0.9976835266 1.1774267887 0.6614843606 0.1609174850 -2.0057833237 -0.4118605314 0.0423223345 -0.7667951870 
355770.0000000000 -1132915.6337922092 6092529.4046138022 1504633.6366962977 0.0000000000 21.6659943335 0.0000000000 0.0682068901 -0.2623822911 0.0000000000 1.0687821517 0.0612197516 -0.2067560333 0.8897789947 0.7410197456 0.3112275522 0.4898705212 -1.9644206804 -0.6133838900 -0.1625339093 -0.3488800899 
355800.0000000000 -1132915.6308652752 6092529.8902072320 1504634.0476051988 0.0000000000 21.6659943335 0.0000000000 0.4922738353 0.6748829987 0.0000000000 1.4024773675 -0.3926418584 -1.0445598466 0.2049031933 1.2099972808 0.3230581361 2.0100301167 -2.4370171585 -0.8007096539 -1.1729290083 -0.2322164006 
355830.0000000000 -1132914.9020790181 6092527.7851033239 1504632.8376910775 0.0000000000 21.6659943335 0.0000000000 -1.3296599067 -0.1603786055 0.0000000000 -0.3401414166 -0.5937887188 0.3369570802 1.5175721138 1.0329749158 0.4635208404 0.4514343854 -0.9733345081 -0.7039853762 -0.8389535930 1.1334219764 
355860.0000000000 -1132915.9278659141 6092528.7032728009 1504633.1972578936 0.0000000000 21.6659943335 0.0000000000 0.4039074653 0.3075938587 0.0000000000 0.1688911609 1.0603167953 -0.3067493928 -0.6132168024 0.4871481636 1.4416718682 -1.8770101064 -1.3961188655 -0.3733313125 0.8892832079 -0.3643295905 
355890.0000000000 -1132915.6723961588 6092529.0698680282 1504633.4924665997 0.0000000000 21.6659943335 0.0000000000 0.5066095897 -0.1920563398 0.0000000000 0.5759587096 0.8710413384 -0.6364615233 -0.4159010350 0.4989080294 1.3954136448 -1.2336928952 -1.6969586496 -0.2024059133 0.5992190024 -0.1658940283 
355920.0000000000 -1132914.4481275948 6092527.9968794463 1504632.4058490186 0.0000000000 21.6659943335 0.0000000000 -0.1747307340 -0.5048298439 0.0000000000 0.4257918394 -0.3466830394 -0.7691580875 -0.0735986949 0.5005223941 1.2141587455 0.5696906796 -1.0411392251 -0.3200235133 -0.8434526759 1.4061386339 
355950.0000000000 -1132914.4249234130 6092528.5524184573 1504632.8017641602 0.0000000000 21.6659943335 0.0000000000 0.9890016746 -0.7498969416 0.0000000000 0.5610232610 -0.9200565013 -0.1603000709 0.1152335722 0.7126050360 1.7580154852 -0.6557373885 -1.4663510918 -0.3837359263 0.5625698633 -0.4369228897 
355980.0000000000 -1132914.0652568114 6092526.6261580996 1504632.5953088482 0.0000000000 21.6659943335 0.0000000000 0.2554811824 0.0044674245 0.0000000000 0.1393822834 0.2555144008 -0.1418046766 -1.0560348124 0.9476888492 0.4838715320 -0.0483428843 -1.1318712002 -0.3874856026 -0.9276525633 1.5946833969 
356010.0000000000 -1132914.8756316821 6092531.0178581988 1504633.6788485546 0.0000000000 21.6659943335 0.0000000000 0.3702456226 0.0260350690 0.0000000000 1.2422446817 0.1546123571 -1.6574911135 -0.5606365920 0.7552676323 -0.7257587748 1.6303777021 -0.5006730565 -0.2660978715 -0.1923696590 -0.0716394983 
356040.0000000000 -1132914.5401067722 6092528.5875211423 1504633.5294534636 0.0000000000 21.6659943335 0.0000000000 0.6737495691 -0.1961786178 0.0000000000 0.7015233344 0.4675639153 -1.3938129428 0.1332962908 1.4474056551 -0.4304639230 1.3159578749 -2.3036518394 0.6615625542 -0.6458700278 -0.2603534352 
356070.0000000000 -1132915.4057875022 6092529.7680800557 1504633.3057468468 0.0000000000 21.6659943335 0.0000000000 1.5561612682 -0.1758623038 0.0000000000 1.0156414509 0.4466077815 -0.9444368566 -0.8089174244 0.2288189622 0.0370310547 0.5894331552 -1.6075920166 0.7408081749 -0.1875670872 -0.7753087947 
356100.0000000000 -1132914.9025932536 6092530.0922019659 1504634.4867533096 0.0000000000 21.6659943335 0.0000000000 1.6420236497 1.4803684659 0.0000000000 1.3480427608 0.1768477136 -0.9276068301 -1.1017589467 0.2369574290 0.1224754251 1.1269561829 -1.7041212007 -0.2092485112 -0.3523856752 -1.6733153983 
356130.0000000000 -1132914.8724176625 6092528.8519043755 1504632.9305167336 0.0000000000 20.0902350297 0.0000000000 0.0951009351 0.2538526660 0.0000000000 0.9556494483 1.0025641331 -0.7939965389 -0.0534575954 0.4385193787 0.3805314034 0.0000000000 -1.6429555431 -0.3884786317 0.0409603814 -0.2473943917 
356160.0000000000 -1132915.5510739002 6092530.3713008799 1504634.4621897463 0.0000000000 21.6659943335 0.0000000000 0.5838779569 -0.0090760280 0.0000000000 1.4308023480 0.1447217651 -2.0686627682 -0.2892484774 1.2444510190 -0.7574587586 1.8979602488 -1.1811790650 -0.1793432220 -0.0344761550 -0.5556630008 
356190.0000000000 -1132915.2621695290 6092529.4292027839 1504633.8915966703 0.0000000000 21.6659943335 0.0000000000 -0.3810022333 -0.0124225513 0.0000000000 0.8303944781 0.6892591165 -0.5139913417 0.3891750139 0.3314855742 -1.5939735499 1.4782333901 -0.4912648526 -0.1893104838 -0.4818554592 0.1065010148 
356220.0000000000 -1132915.0046178850 6092528.9519516099 1504633.7811478665 0.0000000000 21.6659943335 0.0000000000 0.7034316889 0.2740924396 0.0000000000 0.7353058851 -0.6038711062 -0.7854930901 -0.5493827371 0.5544637673 0.0353234805 1.3764295566 -0.7370472205 -0.2630395679 -0.7007792053 0.0929462064 
356250.0000000000 -1132913.6340905859 6092529.8257315345 1504632.4483362513 0.0000000000 21.6659943335 0.0000000000 0.8627312754 0.0244463952 0.0000000000 0.6459849308 0.0932921883 0.1783625236 -0.2203502741 -0.0877016797 0.0015669090 -0.2118966795 -0.6667937833 0.0110457428 0.3344345667 -0.9548095563 
356280.0000000000 -1132914.0253260406 6092529.9616923053 1504632.7567050152 0.0000000000 21.6659943335 0.0000000000 1.7128977035 0.2945641155 0.0000000000 0.9728994102 -0.9901872901 -1.3232366362 -0.7843057557 0.4872140966 0.6801635959 1.5825722606 -1.4042961123 0.4048988482 -0.6686802843 -0.7966271068 
356310.0000000000 -1132914.8125200500 6092530.7377787679 1504632.8715985324 0.0000000000 21.6659943335 0.0000000000 0.6879437167 -0.1664348745 0.0000000000 0.7011896865 0.0258387812 0.1783377311 -0.0915979110 0.1788087529 0.0582789609 0.1408248233 -1.1166224541 -0.1154565260 -0.2216052029 -0.2279564293 
356340.0000000000 -1132915.1421105179 6092527.9317729836 1504633.1295812961 0.0000000000 21.6659943335 0.0000000000 -0.5558634046 0.7503385736 0.0000000000 0.2195741590 0.8287978014 -0.2935450855 -0.0362824788 0.6576214863 0.4941445132 -0.2506661912 -1.2093595903 -0.7896781395 -0.2656024241 0.4335615385 
356370.0000000000 -1132915.6016864753 6092529.6453870740 1504634.1184609444 0.0000000000 21.6659943335 0.0000000000 0.1640292379 -0.2503305371 0.0000000000 1.0691453105 0.4754042854 -0.8570152007 0.6601336834 0.1069229242 1.1545993168 0.4838031433 -2.3649995849 0.0073350433 -0.5886819800 0.0084486483 
356400.0000000000 -1132914.9660152965 6092529.1919665504 1504633.4202500198 0.0000000000 21.6659943335 0.0000000000 0.7957426532 -0.2310166108 0.0000000000 0.6151107571 -0.2662821531 -0.4852354689 0.2863703670 0.6528624507 0.5924249344 0.6946652193 -2.0233197843 0.3085000057 -0.6575204098 -0.2069267533 
356430.0000000000 -1132914.9816277565 6092529.4807112543 1504633.6477487213 0.0000000000 21.6659943335 0.0000000000 -0.6444670083 0.7710065444 0.0000000000 -0.0060358070 0.5788268804 0.1463597504 0.9067619604 0.3774124762 0.3822256714 0.5358108330 -1.9923063748 -0.1980681269 -1.2355616541 0.4111706457 
356460.0000000000 -1132915.5802943616 6092529.9863422811 1504633.2045965316 0.0000000000 21.6659943335 0.0000000000 0.8511721544 0.9674220299 0.0000000000 0.9904898347 -0.7533826166 -0.1505812249 0.1056940157 0.8480139763 1.0331461843 1.3712391383 -2.8347227849 -0.6552093273 -1.6290861857 -0.0302603709 
356490.0000000000 -1132915.6336878678 6092532.1828468768 1504633.6100820175 0.0000000000 21.6659943335 0.0000000000 0.9961058648 0.0557385473 0.0000000000 1.4700202695 0.8450646972 -0.6922872804 -0.2091614396 0.1239143141 -0.0172467873 1.0538819369 -2.5692192850 0.2499481245 -0.9318974928 -0.2368813045 
356520.0000000000 -1132914.4882705982 6092529.5122739188 1504633.4946045640 0.0000000000 21.6659943335 0.0000000000 0.1394119534 0.9795757221 0.0000000000 0.7320927949 0.1753465592 -0.6911155662 -0.2567739930 0.0158023152 -0.3056063750 1.9638931984 -1.2510188501 -0.2061684322 -1.5635159851 0.4283117491 
356550.0000000000 -1132915.2578059912 6092528.0123387976 1504632.8792774607 0.0000000000 21.6659943335 0.0000000000 -0.3145841444 1.4934947409 0.0000000000 0.2986343995 2.0642829743 0.8473429270 -0.4030555092 -0.9037243786 0.4361208596 -1.2354339338 -1.3841097960 -0.3051451525 -0.4320112329 -0.2267147158 
356580.0000000000 -1132916.3283079411 6092529.7046225993 1504634.1709409573 0.0000000000 21.6659943335 0.0000000000 -0.6694950435 1.5459290808 0.0000000000 0.3380575920 0.7011677678 -1.1261361824 -0.6425662627 0.6547178629 0.5889017972 0.9123730304 -1.1331157976 -1.0533125463 -1.0262050308 0.9739573535 
356610.0000000000 -1132914.6884535188 6092527.4961841563 1504632.9272627172 0.0000000000 21.6659943335 0.0000000000 -0.4289360355 1.9866315312 0.0000000000 0.1541418544 1.2301272077 -0.0346446583 -0.7850827327 -0.2959834964 1.5728029457 -0.9562797143 -1.2671657685 -0.8289482729 -0.5546551957 0.1489250728 
356640.0000000000 -1132914.6292249397 6092528.9205242163 1504632.9929688629 0.0000000000 21.6659943335 0.0000000000 0.3475883086 2.4104601026 0.0000000000 0.0133099455 0.7019771163 -0.1625081047 -0.5886316226 0.7471688742 1.0408618466 0.1768314023 -2.6381459069 -0.2103256937 -1.3072352665 -0.5013710295 
356670.0000000000 -1132914.7855826337 6092528.5221302975 1504632.3479198944 0.0000000000 21.6659943335 0.0000000000 1.2494049141 1.4529554290 0.0000000000 -0.1150884486 0.3120099651 0.1429106749 -1.8222880917 0.5871614641 0.8874508526 -0.5674821440 -1.4462268627 0.1218305453 -0.8543510678 0.0400740960 
356700.0000000000 -1132915.1043687374 6092528.9380554883 1504632.3577644280 0.0000000000 21.6659943335 0.0000000000 -0.5934857070 2.4028455659 0.0000000000 0.5442167969 0.2976878068 -2.2754485893 -0.0704890483 0.4799449542 -0.5840871161 2.9875211158 -0.7718998459 -0.4127579661 -0.9514439569 -0.8414643053 
356730.0000000000 -1132915.0240193685 6092527.8905148217 1504632.7341935767 0.0000000000 21.6659943335 0.0000000000 -1.0510882651 2.9019017206 0.0000000000 -0.7599278670 0.5355144299 -1.4296054782 0.7248440684 0.0431945216 1.8679279593 1.0957399153 -2.0827884338 0.4902022951 -1.5888458207 -0.6870031628 
356760.0000000000 -1132915.1288223823 6092528.4950316120 1504632.8242598244 0.0000000000 21.6659943335 0.0000000000 -0.3670241741 2.9714320911 0.0000000000 0.4334986314 -0.4950370495 -1.1382602202 -0.4867835395 0.2037956274 0.5736872545 1.9631131847 -0.5842311001 -1.1449327801 -1.1442395392 -0.6655344902 
356790.0000000000 -1132915.7011277364 6092529.1795285884 1504632.9963483703 0.0000000000 21.6659943335 0.0000000000 0.6398246837 2.1079731863 0.0000000000 0.2140530499 -0.8596417876 -0.6569323288 -0.6757581772 0.7260845399 2.0046114514 0.0814574051 -1.4547324278 -0.5473164631 -0.5528819150 -1.0067735725 
356820.0000000000 -1132914.8924647230 6092528.7778509855 1504632.8338513600 0.0000000000 21.6659943335 0.0000000000 -0.0673373289 3.2384306160 0.0000000000 -0.8603725899 1.3361508182 1.2186212846 -0.5385416041 0.0608067606 -0.2936643382 -0.2362966224 -1.7232049540 0.3085069281 -1.3291074919 -1.1280476710 
356850.0000000000 -1132914.6804937378 6092528.7321942030 1504631.7621054600 0.0000000000 21.6659943335 0.0000000000 -0.1225506972 3.3977891762 0.0000000000 0.0761266392 1.1208932515 -0.5497947475 -1.0517236149 0.2769768802 0.9053697357 0.2848940750 -1.8546909632 -0.4964682908 -1.0489883831 -0.9016586237 
356880.0000000000 -1132916.2498111883 6092530.9866165165 1504632.9030342000 0.0000000000 21.6659943335 0.0000000000 -0.2168517025 3.5209105345 0.0000000000 0.3035429180 1.3467576080 -1.2183844262 -1.1548678091 0.2733042016 0.4238762591 0.4945011880 -1.2458035212 -0.5046931238 -0.2512777380 -1.7128754170 
356910.0000000000 -1132915.8630686630 6092528.7881942950 1504632.5437376392 0.0000000000 21.6659943335 0.0000000000 -0.2150594819 4.0467825242 0.0000000000 -0.2018309852 -1.1644561937 0.1330865619 -0.7391015328 0.5028127844 2.0202509416 0.5292506938 -1.0850670743 -1.5203277152 -1.4978439190 -0.7994904628 
356940.0000000000 -1132916.5351670682 6092530.3054429870 1504633.2051540774 0.0000000000 21.6659943335 0.0000000000 -0.5342159103 4.6088741654 0.0000000000 -0.1088822255 1.3568893621 -0.1529296125 -1.3033222865 0.4937892543 -0.9039780559 0.9995390351 -0.8733608524 -1.0281560823 -0.6950058896 -1.8033440780 
356970.0000000000 -1132916.7505766698 6092529.1094669560 1504632.6242077656 0.0000000000 21.6659943335 0.0000000000 -0.7020562927 4.0278868281 0.0000000000 0.1276094836 0.2731060547 -0.9549992280 -0.6991753567 0.5241842254 -0.1837754782 1.9484449945 -0.7764822899 -1.2083003716 -1.0142965977 -1.2657725404 
357000.0000000000 -1132915.9720482780 6092530.2446782310 1504633.1529680663 0.0000000000 21.6659943335 0.0000000000 -0.7246613808 4.8840510572 0.0000000000 -0.2517410170 -0.1988931407 -0.2849311235 -0.9977649413 -0.2563177068 -0.0398704465 1.7306846286 0.2204116879 -1.1442684064 -1.1818078002 -1.6865682368 
357030.0000000000 -1132913.4592862171 6092515.7802427523 1504629.7697887069 0.0000000000 21.6659943335 0.0000000000 3.5754026603 2.5424479974 0.0000000000 12.6719325318 0.5907788341 -0.8126852352 -2.6502745969 -4.5972239690 -0.4932816517 4.0136854213 -3.4629118558 -7.3787699249 -0.3205329100 -3.2184305378 
357060.0000000000 -1132913.2815012434 6092514.2158388784 1504630.8779764504 0.0000000000 21.6659943335 0.0000000000 2.3349696847 2.8838603472 0.0000000000 12.0364662543 0.3867881827 -1.7184401878 -1.4556452527 -4.6781855272 1.1210382195 4.2542724273 -3.9370085094 -7.2317428820 -0.8902386733 -2.6689086168 
357090.0000000000 -1132912.8365168022 6092515.4304613862 1504630.3112209295 0.0000000000 21.6659943335 0.0000000000 2.6507539675 3.5203124190 0.0000000000 11.7067970871 0.3862290407 -1.2243215091 -1.8805220404 -3.9358829093 0.9610053851 3.3063518266 -3.9270093990 -7.2812541033 -0.2002959911 -3.6923874527 
357120.0000000000 -1132913.5537105249 6092512.4663457330 1504631.0332561838 0.0000000000 21.6659943335 0.0000000000 3.4906502177 2.9505239146 0.0000000000 11.9527351520 0.8500363374 0.4414635657 -2.1726346433 -4.5939731883 0.0245078291 2.8705708938 -4.4973815447 -6.7793825555 -0.9830589657 -3.1724994371 
357150.0000000000 -1132912.6112090903 6092515.3253252823 1504630.6786332303 0.0000000000 21.6659943335 0.0000000000 3.3308661757 2.7213093370 0.0000000000 12.4810195714 2.7861114250 -0.1863173452 -2.3585660895 -5.0797107204 1.6899379016 0.3489733891 -5.4659034794 -6.2950704303 0.3251201711 -3.9942615967 
357180.0000000000 -1132912.0793088102 6092512.1774883484 1504629.9786169806 0.0000000000 21.6659943335 0.0000000000 2.9931632121 3.1300591879 0.0000000000 12.2213829575 1.4392742012 -1.1987018839 -2.7817221706 -4.1123112299 2.3599833007 1.1203327485 -4.6033101055 -7.3228642734 0.2640070594 -3.1929335955 
357210.0000000000 -1132913.2356534994 6092515.6314320797 1504630.6335967376 0.0000000000 21.6659943335 0.0000000000 2.8983260545 3.7528429405 0.0000000000 12.2839695810 1.4396069864 -1.8551691568 -2.4675187347 -3.7366913319 0.3203751913 3.2797692711 -4.4487984138 -7.1230261214 0.2197049207 -4.1624961920 
357240.0000000000 -1132913.5370083947 6092515.2606426012 1504630.3714913002 0.0000000000 21.6659943335 0.0000000000 3.1050044253 3.4874430962 0.0000000000 12.4015717970 0.3510320198 -0.9528359204 -1.4966076895 -4.1388064956 1.1616736999 3.3721313746 -5.2471160430 -6.9879172923 -0.9013211405 -3.7522727492 
357270.0000000000 -1132912.9663851988 6092514.6900290260 1504631.2904638567 0.0000000000 21.6659943335 0.0000000000 1.5149001461 4.2284414251 0.0000000000 11.9857308694 2.1569123240 -1.8616210230 -1.9062347707 -4.7565804094 0.4494358296 3.5244610329 -3.9991224160 -7.3861809719 -0.3432977041 -3.2468465816 
357300.0000000000 -1132914.3538643420 6092514.1763571622 1504630.7928485824 0.0000000000 21.6659943335 0.0000000000 2.0554286064 4.7488749420 0.0000000000 12.7421053348 0.8920176113 -1.9004364802 -0.9656229813 -4.0058992842 0.5157847341 4.9271978479 -5.6567579064 -7.6962070734 -1.1275095998 -4.0956359604 
357330.0000000000 -1132913.6841764103 6092515.7326425416 1504631.0363131089 0.0000000000 21.6659943335 0.0000000000 1.9395669262 4.5562497019 0.0000000000 12.1325725690 0.0067145759 -3.0598650696 -1.3543978854 -4.5496665887 0.9493486842 6.0087364801 -4.2794058318 -7.1373159446 -1.6773811564 -3.0731836197 
357360.0000000000 -1132912.1674998503 6092513.5230973884 1504629.6734345434 0.0000000000 21.6659943335 0.0000000000 1.8817839270 5.4431270465 0.0000000000 12.7802635169 1.9542754608 -1.7302925553 -2.4429572720 -5.1693572568 0.1652572579 4.4333732343 -4.4555678024 -7.8464143720 -1.2212324403 -3.3955476966 
357390.0000000000 -1132913.5374562792 6092514.7049420103 1504630.8638214911 0.0000000000 21.6659943335 0.0000000000 2.1269328653 5.3014776605 0.0000000000 12.2936828536 1.6366948528 -0.5303992011 -2.0655499069 -5.0367836593 0.1808686041 3.5809189543 -4.7156339340 -7.3872597502 -1.3859436587 -3.6433624603 
357420.0000000000 -1132910.7750755975 6092513.0502679795 1504628.9814796390 0.0000000000 21.6659943335 0.0000000000 3.4805487577 5.3914231095 0.0000000000 12.4184841531 1.2630535195 -0.7174679618 -3.5806976110 -4.9858598456 1.1583784804 2.5098245398 -4.6827957166 -6.6627680480 -1.3242822452 -3.8931318074 
357450.0000000000 -1132912.5723538182 6092514.0162757728 1504629.8613281730 0.0000000000 21.6659943335 0.0000000000 2.1574260127 6.2048631715 0.0000000000 12.6674439873 1.3100729867 -0.6001284426 -2.3230309340 -5.3697520441 0.0165076588 4.2815969693 -4.5929797476 -7.6915851538 -1.8291013313 -3.8583288058 
357480.0000000000 -1132912.5239204112 6092514.1848603450 1504628.7140987588 0.0000000000 21.6659943335 0.0000000000 3.0428816192 5.9295277225 0.0000000000 12.1973157470 0.8437571934 1.6847610992 -3.3147045186 -5.4333707394 3.4321347267 -0.7256417709 -4.8840268733 -7.4340734350 -1.7532954945 -3.3306773557 
357510.0000000000 -1132912.1598760695 6092514.6746391058 1504629.1955462270 0.0000000000 21.6659943335 0.0000000000 2.9830118110 5.7815846617 0.0000000000 12.6783605982 1.5183686255 1.1308675103 -3.1226328558 -5.1220383642 1.3110690872 0.9710120827 -5.0513329775 -7.5836452476 -1.4433483117 -3.7566450485 
357540.0000000000 -1132913.6118196631 6092515.5927690705 1504630.4562535521 0.0000000000 21.6659943335 0.0000000000 3.1434856359 6.4981355971 0.0000000000 12.1938852212 1.4842785318 0.0262131049 -3.4343759609 -4.5977946924 0.5404716673 2.7046968935 -5.3848930652 -6.8751095535 -1.9758740533 -3.9729397202 
357570.0000000000 -1132912.5486196831 6092514.5828365963 1504629.2242940678 0.0000000000 21.6659943335 0.0000000000 2.5156020265 6.9147088321 0.0000000000 12.3454946970 -0.5166774626 -0.1274615689 -2.2927670772 -5.1097104623 2.0077744204 3.2348941070 -4.6450296029 -7.5277738293 -2.4953193638 -3.9509103226 
357600.0000000000 -1132912.9108855517 6092513.6243840251 1504629.2223724790 0.0000000000 21.6659943335 0.0000000000 1.9365000731 7.1987970588 0.0000000000 12.2045342813 1.4409223397 -1.6442698136 -2.5625242238 -4.8322876257 0.7169566913 4.1892995106 -5.0340971985 -6.9935495452 -1.7772048413 -4.4865810503 
357630.0000000000 -1132913.7556364764 6092515.2561087906 1504630.3178133317 0.0000000000 21.6659943335 0.0000000000 2.8426849490 7.5087583803 0.0000000000 12.7498003671 -0.3897600081 -1.0119114912 -2.9583757379 -5.1362211544 1.4393140884 4.1233135514 -4.5285223209 -7.3265852385 -2.3973620909 -4.5244219082 
357660.0000000000 -1132913.8637709264 6092515.6258337665 1504630.0598267014 0.0000000000 21.6659943335 0.0000000000 2.6474370939 7.6352837825 0.0000000000 12.9118510114 -0.1047578528 -2.6753394658 -3.0257354218 -4.3627576729 0.8009636185 5.3563644406 -4.5713192987 -7.3654361491 -1.6009195486 -5.2299314470 
357690.0000000000 -1132914.5037420115 6092518.1248242892 1504630.6539978513 0.0000000000 21.6659943335 0.0000000000 2.2097352994 8.0127125829 0.0000000000 13.2509316365 0.6606251112 -1.6982483930 -3.1742602352 -4.6434220876 1.4379102925 3.7616317454 -4.8846741155 -8.0993516851 -1.5445909738 -4.9272775672 
357720.0000000000 -1132913.9663298002 6092514.6119355699 1504629.8794258519 0.0000000000 21.6659943335 0.0000000000 1.1678466544 7.8975074974 0.0000000000 11.8851690690 0.0707902194 -0.9111890639 -1.8425112133 -4.3367478247 0.9610049980 3.4576460861 -3.7557961333 -7.7834296983 -0.9452581769 -5.5894851117 
357750.0000000000 -1132912.8562801098 6092513.5991994264 1504628.7759244945 0.0000000000 21.6659943335 0.0000000000 2.2589192123 9.0005754141 0.0000000000 12.0570837366 0.8908356834 0.8352910754 -3.8086042032 -5.0961767633 1.6806317779 0.7748648505 -3.9171252054 -7.1511209854 -1.3603784979 -5.8989602780 
357780.0000000000 -1132913.1239312361 6092512.7229321850 1504628.0924676927 0.0000000000 21.6659943335 0.0000000000 1.1053584415 9.0572717913 0.0000000000 12.2002469240 1.8858185101 0.1349624594 -3.4303559135 -4.4785066836 0.7784731929 1.3744005993 -3.8314465056 -8.2487788426 -0.4083342442 -5.9253290123 
357810.0000000000 -1132912.7548108133 6092514.5383769339 1504628.4557724721 0.0000000000 21.6659943335 0.0000000000 0.7988696298 8.8380644956 0.0000000000 12.7741162093 2.8799634632 -0.4342898243 -2.9939959793 -4.9547145757 1.4024713309 0.9492862780 -4.7310337383 -7.9031350470 -0.2592357620 -6.1472765470 
357840.0000000000 -1132913.5992936085 6092516.0415832391 1504629.2754251445 0.0000000000 21.6659943335 0.0000000000 2.3872703655 9.4288609865 0.0000000000 13.3627671031 1.1469423642 0.0114079558 -3.1665708377 -4.7919112767 1.7524936949 1.6452257459 -5.8467770371 -7.2351087182 -1.6085862256 -6.7661460143 
357870.0000000000 -1132913.2540872009 6092515.1292227991 1504629.2690616166 0.0000000000 21.6659943335 0.0000000000 2.8935053344 10.3809422804 0.0000000000 12.2961210837 -0.3624443189 1.7331216206 -4.0296344162 -4.4450980049 2.8042718077 0.3608435686 -5.3534507399 -7.2129469000 -2.9552828896 -5.7901702998 
357900.0000000000 -1132912.5444592321 6092515.1441942519 1504629.0968688121 0.0000000000 21.6659943335 0.0000000000 1.9598312848 9.7586703664 0.0000000000 12.5099498553 0.5124641104 -0.8786801856 -3.9297386205 -5.1481414927 1.7217521549 2.7418070643 -4.1273614612 -7.2416579334 -2.1001634797 -5.4668256356 
357930.0000000000 -1132912.4742006520 6092513.4089084063 1504629.5519286140 0.0000000000 21.6659943335 0.0000000000 0.3748926673 11.0772892910 0.0000000000 11.9153289517 1.9800412542 -1.1426270843 -2.5448364318 -5.3369786115 2.6055125265 3.1631527000 -6.4118404803 -6.8321844697 -3.3795902770 -5.1873439653 
357960.0000000000 -1132913.6933618682 6092515.5786542771 1504629.7069605144 0.0000000000 21.6659943335 0.0000000000 1.1575993008 10.2654650858 0.0000000000 12.1482830759 0.2992622131 -0.1025114177 -3.3391660772 -4.3505065226 1.3983199501 2.3926179966 -4.0293795895 -8.0657280567 -1.7579257502 -5.7717364987 
357990.0000000000 -1132913.6205017162 6092515.0041039661 1504629.0855265607 0.0000000000 21.6659943335 0.0000000000 1.1485733176 10.7104830011 0.0000000000 12.7995360636 1.6117427786 -0.6776404537 -3.5006861370 -4.9023902472 2.5612218273 1.9032014048 -5.8323516102 -7.5303970320 -2.5303071341 -5.4704200405 
358020.0000000000 -1132913.6954171895 6092515.0826881267 1504628.6043000238 0.0000000000 21.6659943335 0.0000000000 0.0124621777 11.2696509549 0.0000000000 12.5284032249 0.4630909866 -0.2469405334 -2.1339527054 -5.4360601777 3.5709359348 1.7533223825 -5.0995822462 -7.9309957419 -2.8359516973 -5.6592331308 
358050.0000000000 -1132913.2704694548 6092514.4395263884 1504628.2313422705 0.0000000000 21.6659943335 0.0000000000 0.7904781686 11.1968457769 0.0000000000 12.5406613601 -0.0664856794 -2.2158961123 -3.4836748011 -4.2129608561 4.8312277818 1.1762537928 -4.6974379468 -7.4013541183 -1.7038005237 -6.4179393789 
358080.0000000000 -1132912.9236828757 6092515.4413591186 1504628.9105885979 0.0000000000 21.6659943335 0.0000000000 1.0599269757 10.9886411577 0.0000000000 12.9771835807 0.5529303339 -1.0003981945 -3.8671164423 -4.9780422033 2.3599398201 2.0038250840 -4.0443915397 -7.8476139966 -1.7621360043 -6.1676649340 
358110.0000000000 -1132914.7949310243 6092517.4763321551 1504629.5022359774 0.0000000000 21.6659943335 0.0000000000 1.8788438743 11.0226141740 0.0000000000 13.4595892504 0.2989706546 -0.2426164321 -3.8509245682 -5.7775040412 1.1681327827 3.1706915523 -4.5592701502 -7.4262135274 -2.9608281723 -5.8832817256 
358140.0000000000 -1132914.1480289474 6092517.5777342850 1504628.8209343364 0.0000000000 21.6659943335 0.0000000000 2.3195599888 12.0712874526 0.0000000000 13.2992954182 0.6127597643 -0.2548391047 -5.0779076359 -4.6053739573 1.7351255706 2.4092955429 -5.5659965024 -7.4937998876 -3.2112367264 -5.9032935433 
358170.0000000000 -1132914.4834850018 6092518.5343549578 1504629.5202238765 0.0000000000 21.6659943335 0.0000000000 2.0908261865 11.6737167883 0.0000000000 13.1371730515 -0.2437660765 1.0603579341 -3.5862265566 -4.7829731459 1.1519873800 2.3340630114 -5.4011534109 -7.3204073126 -3.2987108471 -6.5232944807 
358200.0000000000 -1132912.3052336203 6092516.9574537361 1504632.3853038775 0.0000000000 21.6659943335 0.0000000000 5.0945058482 -1.5464129006 0.0000000000 14.3615154014 -0.4447168655 -0.6318949124 -0.0728304202 -5.2378483870 -0.5591506241 1.4418054632 -4.3202064631 -4.8563421439 -0.0386054864 -2.8063197296 
358230.0000000000 -1132912.5691219738 6092519.0148183135 1504632.0470699104 0.0000000000 21.6659943335 0.0000000000 6.3330095627 -1.7339868581 0.0000000000 15.1047589331 0.0292128882 -1.6161880646 -2.1263174315 -4.8595065367 0.0793412475 0.5845178414 -4.4470964317 -4.8034832857 0.2348823000 -2.2991822408 
358260.0000000000 -1132912.5620698286 6092516.4020509059 1504631.4297181938 0.0000000000 21.6659943335 0.0000000000 4.4137585124 -1.4517442707 0.0000000000 14.2242171974 0.5956634852 -1.8307148632 -0.9358393534 -4.6503544664 0.4411635848 0.1982981779 -3.8317553924 -5.2700949274 1.1305968018 -2.6594147171 
358290.0000000000 -1132913.7361239179 6092518.0285597323 1504631.8075724123 0.0000000000 21.6659943335 0.0000000000 4.9441420111 -0.9008446398 0.0000000000 14.1671203254 -0.0379176585 -0.8550631928 -1.2411158330 -4.2262139415 0.9777725264 -0.6047623927 -4.4009433072 -5.3021759252 0.2664648505 -2.3629810511 
358320.0000000000 -1132913.0918307051 6092516.4733772865 1504632.0276069345 0.0000000000 21.6659943335 0.0000000000 3.7106683520 -0.2807018378 0.0000000000 14.0228013439 -0.7283287892 -0.7906652182 0.4208613629 -4.7103888866 0.7510534690 0.3656759223 -3.8589931630 -5.5685874015 0.4004924254 -3.3848932717 
358350.0000000000 -1132911.2623375559 6092516.0245579677 1504632.6354614350 0.0000000000 21.6659943335 0.0000000000 3.3550650060 -1.0589067469 0.0000000000 14.0428582767 -0.2869201462 -1.7540043159 0.3298771585 -4.9258824967 2.2709026555 -0.4086153218 -3.8656527255 -5.7069253565 0.2613401576 -1.8505870600 
358380.0000000000 -1132911.6139017625 6092513.9620053740 1504631.6742299073 0.0000000000 21.6659943335 0.0000000000 2.6873908201 -1.1684669389 0.0000000000 13.5499151841 0.9410525720 -2.6776810854 -0.3862811879 -5.1091179150 2.2356155962 -0.3953219174 -3.2050304879 -5.8295351876 0.7459312841 -1.0278177554 
358410.0000000000 -1132913.2569443376 6092518.8532693805 1504632.5059498502 0.0000000000 21.6659943335 0.0000000000 4.0148277040 0.4059336870 0.0000000000 14.5026766988 -1.3385852848 -2.4494733221 0.0241062970 -4.8014589745 1.8347515653 1.5792439664 -4.5028675990 -5.5228587625 -0.6585953779 -2.6298817718 
358440.0000000000 -1132913.3723445199 6092519.8642194811 1504633.2723772114 0.0000000000 21.6659943335 0.0000000000 4.6678416237 -1.3425471394 0.0000000000 14.3174932562 -0.0356233021 -0.8643766602 -0.2708945199 -4.9862074088 0.9788143020 -0.6405968996 -4.3662209315 -4.7670270297 -0.1050087262 -2.1540447376 
358470.0000000000 -1132912.1794856049 6092518.6134325778 1504632.2671020220 0.0000000000 21.6659943335 0.0000000000 4.9220453325 -0.9703190861 0.0000000000 14.3962183511 -0.3260758358 -0.1124250363 -0.8125674706 -4.5600262224 -0.2911084269 -0.5860436823 -3.5991856248 -5.3314283861 0.4695797200 -2.8283318625 
358500.0000000000 -1132913.6241254944 6092518.1870522862 1504633.0171313714 0.0000000000 21.6659943335 0.0000000000 2.7631180663 -0.9252749679 0.0000000000 14.0266985998 0.3709013221 -0.1500159388 1.1655603287 -4.9529178876 0.5657047471 -0.7576716963 -3.8814042712 -6.0880574214 0.5205326288 -2.3781380996 
358530.0000000000 -1132912.6524991242 6092518.7845245590 1504632.5546422978 0.0000000000 21.6659943335 0.0000000000 4.9243636856 -1.1931920721 0.0000000000 15.1354768090 0.6702994389 -2.0945294863 -0.8085384186 -5.5286472707 0.4272039681 0.4699014705 -4.6399811125 -4.7026167153 -0.1009667622 -2.1172624446 
358560.0000000000 -1132912.8852926029 6092517.7234029053 1504632.0837657223 0.0000000000 21.6659943335 0.0000000000 5.2799689522 -1.0119229706 0.0000000000 15.2408166874 -0.0625927009 -1.2894365779 -0.4361970513 -4.9727844601 0.1713253922 0.4782516816 -5.2072581721 -4.9571502114 -0.5496986131 -2.2289327997 
358590.0000000000 -1132913.1634264744 6092517.5844154367 1504633.5147377599 0.0000000000 21.6659943335 0.0000000000 3.4678954747 -0.5464523451 0.0000000000 14.3733445420 0.2739059109 -0.2216900698 0.7361181265 -4.8250737857 2.3073901410 -1.9653689933 -5.3170010713 -5.4745840094 -0.9414892350 -1.4061120438 
358620.0000000000 -1132913.3810395708 6092520.0850573210 1504632.4483449215 0.0000000000 21.6659943335 0.0000000000 6.0759507957 -1.1841059470 0.0000000000 15.6909022839 -1.5359088252 -2.6356134781 -1.7022086559 -4.6477692192 0.0929684320 1.1881167487 -3.2940648398 -5.5583053483 0.2319118264 -2.2153100342 
358650.0000000000 -1132912.6252467232 6092518.3804576369 1504633.2911409636 0.0000000000 21.6659943335 0.0000000000 3.8437589777 0.1186601695 0.0000000000 14.6518199226 0.2323331529 -1.9614286511 -0.4756546935 -5.4985783939 1.2611380254 -0.1470503580 -3.9684088300 -4.8761275569 -0.2354536590 -2.5154184413 
358680.0000000000 -1132911.8945591471 6092518.5286543611 1504632.1337687781 0.0000000000 21.6659943335 0.0000000000 5.4707727821 -1.1029232606 0.0000000000 15.0102889439 -0.1037983053 -0.3964641592 -1.0228416753 -5.1977525611 -1.3312328730 0.1301430664 -3.6553694564 -5.0339886914 -0.0153848386 -2.3979137988 
358710.0000000000 -1132911.6052576855 6092516.9566827873 1504631.7718381435 0.0000000000 21.6659943335 0.0000000000 4.6739148245 -1.4272935021 0.0000000000 14.8327700002 0.8857063514 -2.1031596886 -0.4926731586 -6.3406704087 0.0937787767 0.4796504085 -4.0600517082 -4.1531105239 -0.4958627181 -1.4807640862 
358740.0000000000 -1132912.1783307274 6092516.4752104515 1504632.4941448993 0.0000000000 21.6659943335 0.0000000000 3.9229910430 -0.6780550512 0.0000000000 14.4099313372 -0.0524735023 -0.7974473032 0.0584139118 -5.6133226945 -0.3387967305 0.3223942836 -3.4173937027 -5.4677269592 -0.4131927887 -1.6194947314 
358770.0000000000 -1132913.6929239817 6092517.0490941303 1504633.5797094144 0.0000000000 21.6659943335 0.0000000000 2.0914652732 -0.4539363428 0.0000000000 13.8075451999 1.0838112343 -1.0748823595 0.9867849684 -5.0448015149 1.2601088882 -1.4634523444 -3.6760609481 -5.5443488908 0.5203353568 -2.1890382386 
358800.0000000000 -1132915.3107217813 6092530.3928185543 1504633.8422301214 0.0000000000 21.6659943335 0.0000000000 0.3256813654 0.0911999358 0.0000000000 0.4803230056 0.8750243748 1.6225726550 0.3984180550 -0.8270712644 -1.8701953775 1.0187561972 -1.4203633800 -0.4577518761 -1.3114283109 0.9479317337 
358830.0000000000 -1132915.2017169807 6092529.6156913275 1504633.4093578744 0.0000000000 21.6659943335 0.0000000000 1.0062187291 -0.7086346303 0.0000000000 0.1913464884 0.2162246717 2.0970867693 -0.0324937703 -0.1497805504 -1.1152963710 -0.6787865110 -0.8453542632 -0.1858443277 -1.1256404118 1.3168252921 
358860.0000000000 -1132915.8828596566 6092529.7906475272 1504633.8226636022 0.0000000000 21.6659943335 0.0000000000 0.0566992302 1.8847455098 0.0000000000 -0.4075756129 0.2300362297 2.5013223883 -0.7428706833 -0.5009012030 -0.9702856171 -0.2773266135 -0.4191997273 -0.4004284170 -1.8438527362 0.8100436165 
358890.0000000000 -1132915.0226041062 6092530.5785522107 1504633.9407243731 0.0000000000 21.6659943335 0.0000000000 0.7012274228 0.1826571214 0.0000000000 -0.1947912598 -0.5087612025 0.1124144325 -0.0987899774 -0.2817263891 -0.1084319343 1.0912895886 -0.7880594601 0.2225377575 -1.5540545080 1.2810255201 
358920.0000000000 -1132916.3773246487 6092529.9126254190 1504633.9958610374 0.0000000000 21.6659943335 0.0000000000 -0.9365005268 0.5282021761 0.0000000000 -0.5378165920 0.2338673373 1.3980353695 0.9715551048 -0.0365226240 -0.8325655788 0.1466010305 -0.2074943865 -0.4798783515 -0.2046547316 -0.2024043349 
358950.0000000000 -1132916.4594325766 6092529.0191324521 1504633.8357739702 0.0000000000 21.6659943335 0.0000000000 -1.4957291403 0.1862618704 0.0000000000 -0.8470130924 1.1522819830 -0.3237336896 0.6761554041 -0.0542830637 -1.0629971711 1.6565786078 -0.1109848578 -0.8193518980 0.4797315634 0.3211170788 
358980.0000000000 -1132914.9367254074 6092528.1375748664 1504634.5286294327 0.0000000000 21.6659943335 0.0000000000 -1.5662176113 0.7518657020 0.0000000000 0.1188807198 0.1682777480 -1.0474321014 1.4122517827 -0.7236939701 2.4525628540 0.2576251844 -1.1633671211 -0.4653434252 -1.3109947631 1.2520570646 
359010.0000000000 -1132914.7021811747 6092531.4994962579 1504634.0529801028 0.0000000000 21.6659943335 0.0000000000 0.2449352610 0.3308033929 0.0000000000 1.3595727035 0.1796069935 -1.4608539325 -0.2248671730 -0.4971508787 1.6100487226 -0.1068830037 -0.9644247731 0.0865203239 -0.4760706479 0.1223246673 
359040.0000000000 -1132912.9506185045 6092528.8646634948 1504631.9910036654 0.0000000000 21.6659943335 0.0000000000 0.7365127713 0.6731318282 0.0000000000 1.0894178917 1.5154203294 -1.6406306225 -0.8947470224 -1.2663094320 -0.0793271064 1.6424794091 -1.8868840701 1.0117089513 -1.0081472526 0.1670912459 
359070.0000000000 -1132915.1146554146 6092531.9966314910 1504634.0234168316 0.0000000000 21.6659943335 0.0000000000 0.0556410636 -0.1904664758 0.0000000000 0.6844229075 1.0881660440 -1.4102288124 0.0554243770 -0.0468860846 1.7113264492 -0.3827302055 -1.9059604370 0.5029600564 -0.5598341558 0.6128447611 
359100.0000000000 -1132915.1355048076 6092529.5892646434 1504633.3704980346 0.0000000000 21.6659943335 0.0000000000 1.1806492284 -1.1860086808 0.0000000000 0.9041036192 -0.4476947642 -0.8923870825 0.1003008473 0.1047560414 1.0108709232 -0.3012303995 -0.9115726090 0.3811563760 -0.4535009952 0.7469639376 
359130.0000000000 -1132915.0585376797 6092528.7047438901 1504633.8752288665 0.0000000000 21.6659943335 0.0000000000 0.6101423878 -0.2153771167 0.0000000000 0.0454606460 0.0017406665 2.0551853838 0.9015394629 -0.1154832268 -1.0943933692 0.0531230565 -1.6201064390 -0.0951656945 -1.5323610804 0.9440757388 
359160.0000000000 -1132914.1964141061 6092526.8933497807 1504632.2662513212 0.0000000000 21.6659943335 0.0000000000 0.4853491752 -1.0053125673 0.0000000000 -0.1957892842 1.0761805857 0.5030933932 0.0950724155 0.0612591158 -2.6387250322 1.9826162062 -0.9992158835 -0.6569741809 0.0806394684 0.9126075624 
359190.0000000000 -1132915.4222059266 6092530.3260520510 1504633.7783174494 0.0000000000 21.6659943335 0.0000000000 1.1930711347 -0.4658013161 0.0000000000 0.1602103863 -0.5134981020 0.9082112345 0.0027895062 0.7703512241 -1.1469144290 0.7464162258 -1.2313247089 -0.6238142113 -0.8275226641 0.9985137757 
359220.0000000000 -1132915.6135881103 6092530.1486430615 1504634.2084685266 0.0000000000 21.6659943335 0.0000000000 -0.3671804033 0.8220669083 0.0000000000 -0.3543847969 0.0636041974 1.2244481797 0.8243289841 -0.1344600999 -0.3987643620 0.5363641424 -1.2700515438 -0.2109520151 -1.3186899205 0.5071782188 
359250.0000000000 -1132916.4478914337 6092529.8046050211 1504634.5469734843 0.0000000000 21.6659943335 0.0000000000 -0.1844833572 0.1622974043 0.0000000000 -0.2895391964 0.0995205794 0.5765843258 0.5918219586 0.5772120950 -0.9559093850 1.4136393537 -1.3203477875 -1.1380977733 -0.6316821838 0.9504803634 
359280.0000000000 -1132915.6133566755 6092529.7689694855 1504634.0096101002 0.0000000000 21.6659943335 0.0000000000 0.5050692073 -0.5454516926 0.0000000000 0.8079766604 0.0859792007 1.1045863903 0.6608680457 0.0266274058 -1.1947527707 0.3227198102 -1.1050248263 -0.8781920865 -0.4202488781 0.5139575307 
359310.0000000000 -1132914.9424776000 6092529.4436762538 1504633.5097674599 0.0000000000 21.6659943335 0.0000000000 0.9520998971 0.2207489970 0.0000000000 0.1241779499 -0.1676937487 -2.2300639839 -0.6493845757 0.7262722191 1.2974371783 1.6767495831 -2.0325734632 0.2699584283 -1.1039968190 1.2044034481 
359340.0000000000 -1132914.9202537090 6092528.0904329540 1504633.1551432200 0.0000000000 21.6659943335 0.0000000000 0.6447171751 -0.8985538506 0.0000000000 0.0924478296 0.2111902109 0.4761671030 0.5396827768 -0.1948506729 -1.3639825292 0.9194757704 -0.7883669565 0.1038552746 -0.2163620710 0.3293598434 
359370.0000000000 -1132915.4646780209 6092528.7576995706 1504632.6669269865 0.0000000000 21.6659943335 0.0000000000 -0.3681804805 -0.3636519432 0.0000000000 0.0013864031 1.4242202942 -0.4399063253 0.0069962571 0.3040691454 -0.7418820203 1.0104005632 -1.1835381321 -0.7851316154 0.3678010635 0.6038752476 
359400.0000000000 -1132916.0430078523 6092530.2780048344 1504633.2400387942 0.0000000000 21.6659943335 0.0000000000 0.8176870857 -0.5281393006 0.0000000000 -0.1790523635 0.8819831620 -2.0744226371 -0.3655995236 1.0517135360 0.7811249950 1.4547903022 -2.6510201271 0.5883388697 -0.4727585188 0.9051151269 
359430.0000000000 -1132915.1357440853 6092528.5949863438 1504632.5222859627 0.0000000000 20.0902350297 0.0000000000 1.2030089351 -0.5217144674 0.0000000000 0.6408579288 -0.1822878990 -1.2917182157 -0.6768845536 0.6088383425 0.0000000000 1.0604944642 -0.9944026712 -0.2324502374 -0.0792164035 0.5835500166 
359460.0000000000 -1132915.6057933134 6092530.6193265878 1504632.8257985956 0.0000000000 20.0902350297 0.0000000000 1.4861621666 -0.4892760795 0.0000000000 0.9462161425 -0.1592593871 -1.4069327789 -0.1782811747 0.3933447466 0.0000000000 1.4604619011 -1.9724834146 0.3632469268 -0.5205776268 0.2293623014 
359490.0000000000 -1132914.7422864004 6092528.6012753174 1504633.3661814588 0.0000000000 20.0902350297 0.0000000000 0.1752618746 0.4097149758 0.0000000000 0.5362445075 -1.0301252925 -0.8106137438 0.9249423372 0.0550108863 0.0000000000 2.0742936448 -1.1715316979 -0.4378154095 -0.6111707539 -0.1053894372 
359520.0000000000 -1132916.0211426525 6092531.5786985345 1504634.0074052259 0.0000000000 20.0902350297 0.0000000000 1.7717199096 0.1539702712 0.0000000000 0.2946819328 -1.4346553473 -0.4360893131 -0.3924414429 1.4468930999 0.0000000000 1.0352563067 -1.6128688325 0.1349195766 -0.8437019337 0.0837035253 
359550.0000000000 -1132914.8002231782 6092528.6506339470 1504633.4694274531 0.0000000000 20.0902350297 0.0000000000 0.3063058640 -0.5820370684 0.0000000000 0.3352070200 -0.3112013598 0.3100902102 1.0920819016 -0.0822439610 0.0000000000 0.5728836216 -1.2709835185 -0.5789858226 -1.0095760941 1.2619652882 
359580.0000000000 -1132915.4135850831 6092531.4623215953 1504633.5424481488 0.0000000000 20.0902350297 0.0000000000 1.1025195297 -0.2293714259 0.0000000000 0.4226089237 -0.6603217629 0.2577807128 0.4670908708 1.1019722394 0.0000000000 0.4317609646 -2.0664363274 -0.3062185224 -0.9729611545 0.5925600999 
359610.0000000000 -1132915.8267217348 6092531.3457432985 1504635.0985050781 0.0000000000 20.0902350297 0.0000000000 -0.0200327938 0.5624935417 0.0000000000 0.1285406653 -0.0363829061 1.3870996700 0.7182265762 0.7170996314 0.0000000000 -0.4510980843 -1.7394248515 -0.6151713356 -1.1186450485 0.4949185975 
359640.0000000000 -1132915.6531017923 6092530.2844562838 1504634.3339891899 0.0000000000 20.0902350297 0.0000000000 -0.1805263468 0.2273444626 0.0000000000 -0.2092287271 0.1168700738 -0.3480975910 0.5388979307 0.3566545371 0.0000000000 1.1724623605 -1.3147642802 -0.1940187411 -0.3732971511 0.1837403344 
359670.0000000000 -1132915.7738337715 6092530.7601361070 1504634.4646660357 0.0000000000 20.0902350297 0.0000000000 -0.5209290632 0.6155874959 0.0000000000 -0.4887634158 1.6828134285 -0.4822079951 -0.6407414581 1.1984074321 0.0000000000 0.5312361668 -1.8827785347 -0.3266855735 0.2853326562 -0.0334220376 
359700.0000000000 -1132914.3922573079 6092529.3770422759 1504633.7908563735 0.0000000000 20.0902350297 0.0000000000 -0.9944554342 -0.2753592768 0.0000000000 0.0531814790 0.8458154504 0.7669632782 1.2989841225 0.1208906971 0.0000000000 -0.0630101898 -1.2777519458 -1.2241535014 -0.3375011278 0.9822550948 
359730.0000000000 -1132914.6446756914 6092528.7545955973 1504632.9548842532 0.0000000000 20.0902350297 0.0000000000 1.1970555763 0.1609265916 0.0000000000 0.5206606476 -1.2935549622 -0.2540552023 0.7303296475 -0.1007040634 0.0000000000 1.6458675058 -1.6767501078 -0.0050750759 -1.6794699912 0.8998848169 
359760.0000000000 -1132914.3826422961 6092528.3263386237 1504633.0770610927 0.0000000000 20.0902350297 0.0000000000 0.1295347540 0.2081144426 0.0000000000 0.9561089122 0.6425620217 -0.8772713261 0.2216977713 -0.8679268723 0.0000000000 1.2875804656 -1.3690221983 -0.2066963951 -0.6727871706 0.5459599851 
359790.0000000000 -1132914.6413592410 6092528.4062661324 1504633.1603669850 0.0000000000 20.0902350297 0.0000000000 -0.1918108866 0.7847116929 0.0000000000 0.3658095347 -0.2074933630 0.0547005574 0.0520466147 -1.0008203688 0.0000000000 0.6407213111 0.0945843646 -0.3671589320 -0.8629251359 0.6081815762 
359820.0000000000 -1132914.6676206207 6092528.8845417267 1504633.5352806482 0.0000000000 20.0902350297 0.0000000000 0.2582047495 -0.6936354336 0.0000000000 -0.2815804175 0.0404642813 -1.7894735408 -0.3421662131 0.5019483901 0.0000000000 1.7575313551 -0.2224953598 -0.2625725491 0.8109751221 0.2189240889 
359850.0000000000 -1132914.6986266128 6092528.5422517899 1504633.7358525814 0.0000000000 20.0902350297 0.0000000000 -0.7178095633 -0.3934502341 0.0000000000 -0.4805759106 1.6571442247 0.3967210096 0.5838118056 -0.1899138200 0.0000000000 -0.1059994553 -1.3262219933 -0.1595926215 -0.3925980551 1.0495700134 
359880.0000000000 -1132913.9781272062 6092528.1803250732 1504632.4278176541 0.0000000000 20.0902350297 0.0000000000 0.6490229000 -0.9367450368 0.0000000000 0.4303921555 1.7056371252 -1.5701164818 -1.5603448561 -0.2144818235 0.0000000000 0.0734393712 -0.1668951869 0.2163170687 0.7435130752 0.6849779761 
359910.0000000000 -1132915.5692985931 6092527.8921824098 1504633.4295761045 0.0000000000 20.0902350297 0.0000000000 -1.0089323940 0.1973169591 0.0000000000 -0.3027106507 0.9700039074 -0.6657094125 0.4297319108 0.6457242345 0.0000000000 1.4976597338 -1.4570879619 -1.1995169732 0.3617787795 0.3836533621 
359940.0000000000 -1132915.3044959300 6092530.9993651677 1504634.6179121302 0.0000000000 20.0902350297 0.0000000000 -0.1882962907 1.5451203931 0.0000000000 -0.7395403535 -0.3294313285 1.5113336018 0.2121913149 0.3546446594 0.0000000000 0.0922635164 -1.2241904003 -0.2741553875 -1.7853604425 0.8387069799 
359970.0000000000 -1132914.8343964643 6092530.6982007679 1504633.0751207089 0.0000000000 20.0902350297 0.0000000000 1.4321954720 -0.1472486512 0.0000000000 -0.3406185544 0.8563263331 -1.1886515589 -1.6634510842 0.8451456702 0.0000000000 1.0394619403 -1.6841025657 0.2499161265 -0.5618227796 1.3412468654 
360000.0000000000 -1132915.0957638447 6092530.7418164527 1504633.9468467354 0.0000000000 20.0902350297 0.0000000000 0.8552380474 -0.1774743307 0.0000000000 0.5919723537 -0.0525345464 0.6162333591 -0.1708203393 -0.1826999738 0.0000000000 -0.9214326626 -0.4126964344 0.0431989214 -0.9146315651 0.8626446969 
