time x y z T0 thrd C21 C24 C25 C26 C33 C34 C38 C39 C40 C42 C43 C59 C60 C23 C41 
345600.0000000000 -1132915.4975555253 6092526.9487521276 1504632.6028785270 0.0867324205 11.3140434823 0.8973334770 0.4238416806 0.8691545605 1.4598055425 -1.3402671001 -0.0861497787 -0.4130933692 0.0048600661 0.0161424517 0.5707753937 0.2759597164 -2.0784660130 -0.5866244538 0.0000000000 0.0000000000 
345630.0000000000 -1132915.7655980603 6092528.6369146211 1504633.7536539142 0.0134641567 11.3140434823 0.7739011086 0.0843162601 0.3694586339 0.9017050885 -0.8104856441 0.2200536259 -0.0216066008 -0.3529310841 -0.3345549205 0.6593087813 0.2891296869 -1.5080151981 -0.2311800403 0.0000000000 0.0000000000 
345660.0000000000 -1132916.5016949961 6092528.7250826685 1504632.9275129046 0.1991413738 11.3140434823 0.5618653674 0.2396631914 -0.7844951650 0.2225782888 -1.1676984270 0.5717678628 0.5143147737 0.2218683531 -0.9846252876 0.8158430169 1.9185330443 -0.9001300799 -0.8892934267 0.0000000000 0.0000000000 
345690.0000000000 -1132914.2954681201 6092528.3361039665 1504632.8957093977 0.0158186536 11.1654816136 0.3234343894 1.0182962745 -1.1745979947 1.5346907712 -0.7086128244 0.0000000000 -0.1221240717 -0.1860349857 1.3835676622 -0.2179981144 0.5270300878 -2.4074586947 0.2506461381 0.0000000000 0.0000000000 
345720.0000000000 -1132914.2308075146 6092526.0159189487 1504634.4424377589 0.1617380984 11.3140434823 0.1375505217 0.7117699020 -0.2316146450 1.2357468659 -1.3867069959 3.0326292335 -0.5681323742 0.9542799005 -1.0216560398 0.6672100104 -0.5833678343 -1.9316753673 -0.8018063504 0.0000000000 0.0000000000 
345750.0000000000 -1132914.4954547468 6092528.1898910599 1504632.7489617090 0.0329732362 11.3140434823 -0.5165137242 0.9687088249 0.5321551678 1.0324506329 0.7618518387 2.2708956406 0.0151935459 -0.5577614463 0.1867543430 -0.2458368669 -2.8601267757 -1.4130099118 -0.3621140982 0.0000000000 0.0000000000 
345780.0000000000 -1132914.7005726004 6092528.2861571582 1504632.7139957654 0.0355861023 11.1654816136 0.6997519027 0.7226398937 0.8833820058 0.0195772696 -0.0564300382 -1.8452559488 -0.2479412454 0.3127896244 2.0754980904 0.0000000000 -0.5039379663 -1.8693842898 -0.3747218206 0.0000000000 0.0000000000 
345810.0000000000 -1132914.3984109033 6092526.6285338691 1504633.5964524203 0.5285687021 11.3140434823 -0.7474794112 0.5426929167 1.8941879769 1.1531676504 -0.3827535493 0.1594222370 0.1314569828 0.3986309988 0.7907128168 0.1061400114 -1.6181320071 -1.2118444330 -1.4505208313 0.0000000000 0.0000000000 
345840.0000000000 -1132914.7683257100 6092528.2693813303 1504632.9335537748 0.2337178862 11.3140434823 -0.5568276586 1.0270818797 -0.6756867268 0.2326282251 -0.3940360663 2.1348372500 0.1419794988 1.1982375995 0.6691324788 0.3810506290 -1.0287190488 -1.9826003664 -0.9647727088 0.0000000000 0.0000000000 
345870.0000000000 -1132915.2068054678 6092530.4977690950 1504632.4716302138 0.0369519796 11.3140434823 1.0172562696 0.7526680319 -0.3497621486 -0.4443625238 0.5935137477 0.8128019180 0.8239232780 0.5205792396 0.9337710877 -0.1658778012 -1.3065744237 -2.8379297401 -0.3837118151 0.0000000000 0.0000000000 
345900.0000000000 -1132915.1313430888 6092528.4131909739 1504633.4912307572 0.0673036621 11.3140434823 -0.2718039400 0.6126376253 -0.3997499360 0.6705294095 -0.8172100573 0.5338165439 -0.0871732469 0.6136129648 0.6335490971 0.3258830518 0.2022256379 -1.3259297110 -0.5179810429 0.0000000000 0.0000000000 
345930.0000000000 -1132915.3153101336 6092528.3414072255 1504633.3968035781 0.1871414774 11.3140434823 -0.2640898075 0.7671044038 -0.1094952268 0.1904132825 -0.2633401267 1.6877256027 0.0844136213 0.8878395780 0.1223478150 0.1188824315 -0.9658758471 -1.3140931279 -0.8639513451 0.0000000000 0.0000000000 
345960.0000000000 -1132914.4394888871 6092528.0287602926 1504633.2957281980 0.0204073590 11.3140434823 0.5143096824 0.8497617737 0.5264028464 0.5484574470 -0.1227869024 -0.8220851458 -0.3049260669 -0.5386257663 1.2100371724 0.3654450489 -0.4057757383 -1.6408767134 -0.2853695443 0.0000000000 0.0000000000 
345990.0000000000 -1132914.5005758815 6092527.3961140243 1504633.0154601003 0.0777373609 11.1654816136 1.3564125052 0.3393686744 0.3293132202 0.3068752786 -0.1459518126 0.0000000000 0.7349112616 -0.1665471820 -0.4922987176 -0.1650362273 0.1689685636 -1.7096800634 -0.5570756950 0.0000000000 0.0000000000 
346020.0000000000 -1132914.7567393437 6092528.5898168869 1504632.7732054382 0.0096727732 11.1654816136 0.5619071110 0.7050492375 -0.1169210284 -0.0091874055 0.6208381783 1.7061045905 0.3520878981 -0.0736433295 0.1333413140 0.0000000000 -1.7793728783 -1.9796923481 -0.1956290709 0.0000000000 0.0000000000 
346050.0000000000 -1132915.0323612567 6092529.2860040357 1504633.0224073757 0.0620887725 11.3140434823 -0.0657443275 0.6808825853 0.1780484135 0.9096511856 -0.0680168920 1.3829950183 0.3956312416 -0.0054446761 0.5927662809 0.2096295761 -1.4830697141 -2.2677088976 -0.4981521956 0.0000000000 0.0000000000 
346080.0000000000 -1132914.7461231886 6092526.5657678712 1504631.8596170268 0.1551632486 11.3140434823 1.2322703178 0.9262990559 0.2432789981 0.3380122455 -0.7695511680 0.1167426331 -0.0341690702 0.4894879423 0.5560116071 0.5670078429 -0.0439703617 -2.7762065604 -0.7877097984 0.0000000000 0.0000000000 
346110.0000000000 -1132915.2277815333 6092527.3003835967 1504632.7804346157 0.1965226975 11.3140434823 -0.4398915910 0.8392408466 -0.0528544389 0.4634716256 -0.3031998967 -0.5119828625 0.4148725700 -0.0951384200 1.5160568074 0.6542382636 0.0897801410 -1.6186088413 -0.8867395910 0.0000000000 0.0000000000 
346140.0000000000 -1132914.8247759456 6092527.7861401988 1504632.7789263704 0.0323540761 11.3140434823 1.4240401230 0.5875357640 0.7531663894 0.2622974756 0.1048830359 1.4922477381 -0.0915519433 -0.4717068153 -0.8314323157 0.4759276660 -1.4392276264 -2.0380580590 -0.3598894421 0.0000000000 0.0000000000 
346170.0000000000 -1132916.0758427605 6092527.4618512634 1504632.8628890612 0.1308827479 11.3140434823 0.2030983314 0.2968869348 -0.5342256326 0.1010627058 -0.0395205338 3.3085439483 0.8578320841 0.4226033107 -1.8305389764 0.1860816539 -0.8698593840 -1.1587019561 -0.7240499901 0.0000000000 0.0000000000 
346200.0000000000 -1132914.9963342778 6092528.8779465547 1504632.9436428063 0.0503006939 11.3140434823 1.3675800985 0.1815196248 -0.1170643085 -0.3631222430 0.0354794066 1.3899879341 0.6684821826 0.2984870153 -1.0504082141 0.2512867263 -0.3728811599 -1.7646794431 -0.4489877649 0.0000000000 0.0000000000 
346230.0000000000 -1132915.7472335319 6092529.9699527351 1504632.5934222732 0.0514999648 11.3140434823 1.3853377934 1.0984816440 -0.7172891225 0.0183439205 -0.3791142732 0.7193138272 -0.0434602951 -0.5635115440 -0.9884731651 0.5634235576 0.9917075100 -1.3493477689 -0.4544363779 0.0000000000 0.0000000000 
346260.0000000000 -1132916.7492539100 6092525.8179116445 1504632.0822006520 0.8040190250 11.0041300577 0.0000000000 0.7582740772 0.7881766447 1.2668071366 -1.5222217847 0.0000000000 0.5515131123 0.7425509575 -0.1009418248 0.2160349656 0.8157566579 -1.5772311416 -1.7711926812 0.0000000000 0.0000000000 
346290.0000000000 -1132916.7767318059 6092529.6942520617 1504632.7920197255 0.1141950027 11.3140434823 0.0593067751 1.5929444129 -1.4893886119 0.9002242470 -1.0851250346 1.7411081172 -0.1635146142 -0.2073493486 -1.1461498863 0.2912829618 1.5033138471 -0.7546352677 -0.6770831919 0.0000000000 0.0000000000 
346320.0000000000 -1132915.0516025850 6092526.8905519815 1504632.5628666203 0.1836833406 11.3140434823 0.6309269035 1.6327174874 -0.4990474544 0.1888562724 -0.1635276847 0.7591801850 -0.0264894880 -0.2423723231 -0.1078372360 0.0354639106 0.2047828546 -1.3659940243 -0.8589724560 0.0000000000 0.0000000000 
346350.0000000000 -1132915.6843733997 6092524.2850080933 1504633.2259222209 1.8914643661 11.3140434823 0.3588582693 1.9555848304 0.5526231995 0.7835734069 -1.4479873289 0.5336005776 0.4527302532 0.5546926028 -1.0501290218 0.1309212386 1.4392581045 -1.1545200951 -2.7572132260 0.0000000000 0.0000000000 
346380.0000000000 -1132915.1990768323 6092523.9437558157 1504632.0516817037 0.4599502742 11.0041300577 0.0000000000 1.6625649152 1.4743750752 0.6161964941 -0.1275363004 0.0000000000 -0.5992836767 0.2480081035 1.3463952689 -0.3136440448 -1.7484465393 -1.5252344367 -1.3417943629 0.0000000000 0.0000000000 
346410.0000000000 -1132915.3552592110 6092527.3625190668 1504632.6079214055 0.4621917320 11.3140434823 0.7951195067 2.0719738282 -0.3054534638 0.6659553283 -0.6017692926 -0.0438674367 0.0771699582 -0.6194519523 -0.3264903304 -0.0740895858 1.2468899712 -1.2416356220 -1.3637636694 0.0000000000 0.0000000000 
346440.0000000000 -1132915.6918857165 6092525.8074175166 1504631.9346238493 0.2850960747 11.3140434823 0.7811466384 2.1060542273 -0.1714085062 0.1759523604 0.3312646777 1.7193875727 -0.1657276097 -0.8932952270 -0.9264838602 -0.1230453657 -0.5954201793 -1.0512122274 -1.0714045782 0.0000000000 0.0000000000 
346470.0000000000 -1132915.6556287534 6092524.2698914660 1504632.5037471070 0.4691088087 11.1654816136 0.8278790021 1.9946583070 -1.0068668034 1.3735014333 -1.9381125041 -0.9674243422 0.0000000000 -0.8404634164 -0.7261423977 0.7085874306 3.7506349560 -1.1708683927 -1.3133756078 0.0000000000 0.0000000000 
346500.0000000000 -1132915.8425369847 6092527.0775699820 1504632.7556395892 0.2000168332 11.3140434823 1.2064044133 2.0764061880 0.1672810569 -0.2101456607 0.0512081266 0.2379869294 -1.0586252245 -1.0213329159 -0.5902015552 0.3232623483 0.2533502831 -0.4599078769 -0.8979543909 0.0000000000 0.0000000000 
346530.0000000000 -1132915.3713251324 6092523.8882236304 1504632.5232497682 1.6811039691 11.3140434823 -0.2684543765 2.7516014624 0.1393053106 0.0127394437 -0.3923465674 1.0621990291 -0.2586126701 -0.5588575602 -0.7992351884 0.5577854616 0.7499363435 -0.0533426920 -2.6040650033 0.0000000000 0.0000000000 
346560.0000000000 -1132916.2206439867 6092526.0797052961 1504632.6020705469 0.9914875386 11.3140434823 0.9893941310 3.3657884322 -0.3019204485 0.3480327147 -0.9037661510 -0.1368121294 -0.6602326733 -0.1269893610 0.5313246329 0.0917539016 1.1413390952 -2.0151346006 -2.0004712085 0.0000000000 0.0000000000 
346590.0000000000 -1132916.0151719437 6092524.4017705498 1504632.5147601317 0.6937918157 11.3140434823 -0.4806512610 3.3109409122 -0.8409147173 -0.5853570001 0.1026226310 0.5136958336 -1.0466393144 -0.0405244830 0.7120867210 -0.4070426119 0.4413458884 0.2777624182 -1.6739352603 0.0000000000 0.0000000000 
346620.0000000000 -1132916.0909823475 6092524.7676929627 1504633.1839217409 1.1729452512 11.3140434823 -0.4762601911 4.1338337296 -1.5931892856 0.5392042273 -1.1293783707 2.7994936945 -0.7194518648 0.3585190127 -0.1378300144 0.1563395255 0.6346100304 -1.6850704344 -2.1772027832 0.0000000000 0.0000000000 
346650.0000000000 -1132915.9172067356 6092523.7610719688 1504632.3467397206 1.2367872852 11.3140434823 1.3931023174 3.5288929489 0.3788681563 0.3450205241 -0.5762395797 0.3615152693 -0.7320070262 -0.5234279372 -0.7417422790 -0.5730884569 0.7129343503 -1.1195556364 -2.2363745223 0.0000000000 0.0000000000 
346680.0000000000 -1132915.7401285914 6092525.7569682626 1504632.4983254902 0.8322709468 11.3140434823 1.8775693004 4.3706258746 -1.6285434591 -0.1583487917 -0.5161046660 0.4317564972 -0.7375933198 -1.0847859402 -1.0839994916 -0.2593285914 2.5470549124 -1.2197494868 -1.8351320515 0.0000000000 0.0000000000 
346710.0000000000 -1132915.9026858679 6092525.4592869384 1504632.7104744732 1.7069906210 11.3140434823 0.9377984386 4.7731498220 -0.4784571376 1.2875217900 -1.9348612315 0.3085518520 -1.1222665112 -0.4431756624 -0.1026457785 0.0372235689 2.1267556040 -2.1291405391 -2.6289930258 0.0000000000 0.0000000000 
346740.0000000000 -1132916.1619524055 6092523.5733380755 1504632.2967484747 1.4159511734 11.3140434823 0.7485796841 4.4500827947 0.5333298829 0.7964769191 0.0809567332 3.0258750333 -0.8690399948 -1.1876746602 -0.9480173430 -0.6271393284 -1.7498455471 -1.7745243380 -2.3951781061 0.0000000000 0.0000000000 
346770.0000000000 -1132915.3916044957 6092521.4386482239 1504631.9316573220 1.6810021084 11.1654816136 1.8777204953 3.9604644903 0.8925146804 1.4772247289 -1.8508828786 0.0000000000 -0.7323875644 -0.1670413644 -0.5860773564 -0.5596739315 1.1584489357 -2.5773673467 -2.6105452733 0.0000000000 0.0000000000 
346800.0000000000 -1132914.6821605100 6092523.4424694581 1504632.2295223936 0.9668090703 11.3140434823 0.5679212906 4.7513317323 0.0636326104 0.9420451653 0.0437096700 2.3896948299 -1.0672391893 -1.2763898426 -0.1509214160 -0.9694843026 -1.4434364103 -1.7696493010 -1.9804603732 0.0000000000 0.0000000000 
346830.0000000000 -1132915.8519926113 6092525.1650218014 1504631.5344532270 0.7137776903 11.3140434823 1.0952147745 4.5912064626 -0.4929059038 -0.2860744367 1.1427545085 1.1504383554 -0.7674011024 -1.6138844307 0.8927357136 -0.7353087136 -1.2538763853 -2.0260877677 -1.7022357899 0.0000000000 0.0000000000 
346860.0000000000 -1132915.8779485992 6092524.4021653514 1504632.2896097582 0.9238613531 11.3140434823 0.9457219153 4.9788405991 -1.1405068548 0.8733011961 -0.4020448204 0.1298406094 -0.5770364455 -1.7663096297 0.1402342598 -0.7737173495 1.5909378905 -1.5543516142 -1.9372458032 0.0000000000 0.0000000000 
346890.0000000000 -1132916.1013137451 6092524.9933477407 1504631.7745534985 1.3814268281 11.3140434823 -0.1072269638 5.3371522614 -0.7104118516 0.9379498016 -0.5106986734 1.7020305996 -0.8985543966 -0.8939154125 0.4630794749 -1.0220070208 -0.0326300309 -1.5012565863 -2.3696774042 0.0000000000 0.0000000000 
346920.0000000000 -1132916.0454804774 6092523.8707228145 1504631.9787528357 1.0076445678 11.3140434823 1.4090818124 5.7505891319 -1.8268607240 0.4489070898 -0.5350193961 1.1260881438 -1.0584209443 -1.9448638277 -1.3536501086 -0.7598928875 2.4348241928 -0.8149436001 -2.0245270114 0.0000000000 0.0000000000 
346950.0000000000 -1132915.2350265828 6092523.7306772703 1504631.9155982800 1.4370529208 11.3140434823 1.0836479509 5.7897434270 -0.9867173368 0.5713193974 -0.6880613945 0.4158160790 -0.9552476505 -0.9145690502 0.3542512701 -1.2837007321 1.2986300404 -1.7573311855 -2.4185315320 0.0000000000 0.0000000000 
346980.0000000000 -1132915.0955353556 6092522.1365731666 1504631.6644018607 1.6080042635 11.3140434823 0.0450768174 5.9894768111 -0.6554975548 0.7302932463 -0.1787811783 3.0897473831 -1.0732649647 -1.0539607104 -0.2067835385 -1.3004837787 -0.9508316966 -1.4945476723 -2.5592045824 0.0000000000 0.0000000000 
347010.0000000000 -1132915.5435646737 6092521.5310097542 1504630.4671245893 2.1233039426 11.0041300577 0.0000000000 5.7006196695 -0.6122275696 0.7674128264 -0.2117865778 0.0000000000 -0.4784572214 -1.8181958080 1.1217666784 -0.7228738281 1.0087528063 -1.4477953554 -2.9082043797 0.0000000000 0.0000000000 
347040.0000000000 -1132915.5410343213 6092522.5974599048 1504632.1766602593 1.6026231358 11.3140434823 0.9290291520 6.8734668792 -0.7983371456 0.9043516472 -0.6197406503 1.0912609674 -1.6014241081 -1.6993994777 0.7577478204 -0.9652362828 0.4294438849 -2.3017370608 -2.5566508151 0.0000000000 0.0000000000 
347070.0000000000 -1132916.4683239588 6092522.7010153802 1504631.7596227298 1.9800776002 11.1654816136 1.6152851067 6.6879592560 -0.7251786083 0.9585165200 -0.7956591852 3.1977646543 -0.9935856642 -1.3843413701 -1.3624329320 -1.0269843139 0.0000000000 -2.7290512371 -2.8254367125 0.0000000000 0.0000000000 
347100.0000000000 -1132915.5292873653 6092521.8556846902 1504631.7271163091 2.2747083007 11.1654816136 0.8535513631 6.6451575475 -0.8241897120 -0.1293345226 0.2837711685 1.5498078026 -0.9641249579 -1.4641670277 0.4135657549 -1.1963776774 0.0000000000 -1.7431019398 -3.0294906383 0.0000000000 0.0000000000 
347130.0000000000 -1132915.7742561856 6092520.7106176363 1504632.0947073770 1.9717728263 11.1654816136 1.3989132991 6.9383660137 -0.2383694165 0.4949288742 -0.3097554541 1.9063963095 -1.7238915630 -1.8056946517 -0.6592168699 -1.4150408347 0.0000000000 -1.3667283057 -2.8216118818 0.0000000000 0.0000000000 
347160.0000000000 -1132917.1851154231 6092523.0329544609 1504631.7381602768 2.3125138420 11.1654816136 0.8467511613 7.1491448799 -0.6616981081 0.4754439285 -0.5165884380 2.7220083381 -1.5209528313 -1.4990636612 -0.6365652772 -1.0931017375 0.0000000000 -1.6356346097 -3.0568432844 0.0000000000 0.0000000000 
347190.0000000000 -1132915.6285450177 6092521.8827916905 1504632.4148705858 1.5817767906 11.1654816136 0.5480786062 7.7669047210 -1.4177550646 0.7884254928 -0.6315161092 1.3949148310 -1.5079352900 -1.2207671595 1.8299654573 -1.5686275989 0.0000000000 -2.9909540266 -2.5290987058 0.0000000000 0.0000000000 
347220.0000000000 -1132915.7541889017 6092520.6592427138 1504631.7895830956 2.1655600627 11.1654816136 1.9432459873 7.7324133566 -1.0612416068 -0.4850094478 0.1443209299 1.6166338767 -1.5273504705 -1.2252421930 0.4151941018 -1.7047163648 0.0000000000 -2.4636364979 -2.9603310365 0.0000000000 0.0000000000 
347250.0000000000 -1132915.6905888335 6092522.8902388159 1504632.3199539313 2.6461397845 11.1654816136 0.8959976337 8.4461851024 -0.9560834374 0.1470371913 -0.1107331356 1.8338199185 -1.7139827719 -1.6789221906 0.5972750216 -2.0184615060 0.0000000000 -1.6898531995 -3.2735842987 0.0000000000 0.0000000000 
347280.0000000000 -1132916.1576563660 6092521.3809697153 1504631.9514436820 2.1781913933 11.1654816136 1.1054312736 8.0741283496 -1.8171663641 -1.0991214500 0.2882971187 2.5330012496 -1.8216175786 -0.8968619444 0.5489214696 -1.4348231021 0.0000000000 -1.8815071973 -2.9711662886 0.0000000000 0.0000000000 
347310.0000000000 -1132915.4906188594 6092523.2665160457 1504631.8736309838 1.8333023336 11.1654816136 1.6698513081 8.3084792020 -1.6392628396 -0.6098140562 0.1998970993 1.8050003731 -1.9328612104 -1.5862093321 1.0873942051 -1.1828498125 0.0000000000 -2.8775284779 -2.7268273379 0.0000000000 0.0000000000 
347340.0000000000 -1132916.3992822387 6092521.3361622030 1504631.2527480407 2.8975541728 11.1654816136 1.5717462455 8.6584052970 -1.1232992973 0.1284301064 -0.8374731015 3.1389172601 -1.6432907280 -1.0703693700 -0.2764510174 -1.3708592762 0.0000000000 -3.0303954412 -3.4293981498 0.0000000000 0.0000000000 
347370.0000000000 -1132916.6788206128 6092520.7164089056 1504632.1897268768 2.2425311401 10.8275661707 0.7664482337 8.7720044304 -1.7951950034 0.0000000000 0.0000000000 2.6919568744 -1.7482867360 -2.1746392791 0.7132084741 -1.1067868482 0.0000000000 -2.4978587101 -2.9367444874 0.0000000000 0.0000000000 
347400.0000000000 -1132915.5434036613 6092520.7674907027 1504631.4225406572 2.8087256361 11.1654816136 0.5405865718 9.4631795256 -1.9362209657 -0.4414081680 -0.0769883076 2.1335337580 -2.0017311302 -1.6466362020 2.0875497721 -0.9792170627 0.0000000000 -3.1146023755 -3.3789307699 0.0000000000 0.0000000000 
347430.0000000000 -1132915.4916622550 6092521.1200121539 1504630.4107591363 2.3776482334 11.1654816136 -0.2140065691 9.5144753286 -2.2439661396 0.0706931898 -0.0577292132 2.9468194433 -1.5624729286 -1.8400019201 1.1845163038 -2.1353348465 0.0000000000 -1.7872912983 -3.1099921787 0.0000000000 0.0000000000 
347460.0000000000 -1132914.3483678801 6092522.0306606935 1504631.5998696245 2.0643711111 11.1654816136 1.0339171012 9.6107438969 -1.4722156730 -0.2381132600 -0.5079256613 2.0665627579 -2.6845931011 -1.3977970089 1.1999533995 -2.1836327408 0.0000000000 -1.9498120992 -2.8989450228 0.0000000000 0.0000000000 
347490.0000000000 -1132915.9650741871 6092520.7232252285 1504632.5226881132 3.6969374800 11.1654816136 0.2466016697 9.8968122356 -0.5930978659 1.0823866781 -1.7477147383 2.4422870941 -2.2971295081 -1.5609311521 1.3342914503 -1.1704700564 0.0000000000 -3.0835250366 -3.8808549435 0.0000000000 0.0000000000 
347520.0000000000 -1132915.1325164309 6092518.6596344393 1504631.1921019962 2.5119642104 11.1654816136 -0.7115227519 9.4624077223 -0.8131798901 1.7619296258 -2.3234461301 2.8417905231 -2.3309731047 -1.2816747206 1.2533400977 -1.5615957247 0.0000000000 -2.3533960755 -3.2001705348 0.0000000000 0.0000000000 
347550.0000000000 -1132915.0536633159 6092521.1297595734 1504631.7096739877 2.6059595446 11.1654816136 1.1176958561 10.6182381441 -2.1229659357 -0.2401349063 -0.6592712795 2.6923797608 -2.2282057592 -1.4038263039 1.6463640016 -1.9027210078 0.0000000000 -3.5002518380 -3.2606925809 0.0000000000 0.0000000000 
347580.0000000000 -1132915.0909198509 6092521.0758147119 1504631.1829090163 2.5304367633 11.1654816136 1.2487539425 10.7409451495 -0.8196403630 1.3200919613 -1.9069187593 2.0761906646 -2.5351882765 -1.7444082783 1.2454742297 -2.4524370578 0.0000000000 -3.3599877266 -3.2142746267 0.0000000000 0.0000000000 
347610.0000000000 -1132914.1646026385 6092519.2621063245 1504631.3121448818 2.3406709889 11.1654816136 0.3984250220 11.0411538931 -1.3086766463 1.0809453468 -1.7056516334 1.6674403157 -2.7865003847 -1.7655872720 2.6076403488 -2.2724338421 0.0000000000 -3.2825096080 -3.0925328366 0.0000000000 0.0000000000 
347640.0000000000 -1132915.5283158435 6092521.4373582648 1504631.1928271952 2.3667328838 11.1654816136 0.8592953458 11.3415742207 -1.9728406387 -0.3350879055 -0.3069965164 2.2365428481 -3.0343334476 -2.4075899696 1.9491374560 -2.1400364498 0.0000000000 -2.4054860782 -3.1108360515 0.0000000000 0.0000000000 
347670.0000000000 -1132915.6311201344 6092522.1511645708 1504631.5272502534 2.4720272807 11.1654816136 2.0943295903 11.5837130918 -2.1947178886 -0.6517734840 -0.2811716396 2.8019333985 -2.6848353348 -2.1870197371 1.1260412843 -2.1437903866 0.0000000000 -3.5145621008 -3.1804389219 0.0000000000 0.0000000000 
347700.0000000000 -1132915.3457302677 6092522.0402895929 1504631.3645898772 2.2330027211 11.1654816136 0.3810546569 11.0215490008 -1.7899423973 0.0789776076 -1.0420933843 2.9262987322 -2.9240506396 -1.8994374844 1.3527286403 -2.1790436479 0.0000000000 -2.1130660178 -3.0238662335 0.0000000000 0.0000000000 
347730.0000000000 -1132913.8774229812 6092519.9413385969 1504631.4367643192 2.1610168925 11.1654816136 0.3003756401 12.1214339954 -1.5202500469 0.6342079383 -2.1543757424 2.0760695765 -3.8825379761 -1.5071913668 2.8905121388 -2.2477371505 0.0000000000 -3.0462760416 -2.9758018262 0.0000000000 0.0000000000 
347760.0000000000 -1132915.4213765103 6092520.8949353006 1504631.6115199211 3.0393008039 11.1654816136 0.4827732910 12.4039474120 -1.9597340673 -0.1033560460 -1.3848453392 2.5954209575 -3.4965257697 -1.9551418209 2.8788311169 -1.3511681191 0.0000000000 -3.7699801961 -3.5303530420 0.0000000000 0.0000000000 
347790.0000000000 -1132915.1797471188 6092518.6989196297 1504631.1052327082 4.4086201165 11.1654816136 1.8494473354 12.3315765226 -0.3774958032 0.2296007981 -1.2882926139 0.9230313271 -2.7144812420 -2.1700621482 2.2167230563 -3.0434127229 0.0000000000 -3.3014858765 -4.2534220113 0.0000000000 0.0000000000 
347820.0000000000 -1132915.0436395360 6092518.1043296410 1504631.1123903997 3.9073437399 11.1654816136 2.0266996298 12.8716942305 -1.5833992811 -0.3693055103 -0.6911523193 2.5455185029 -2.6119175479 -2.5685230332 1.3728396939 -2.6247652077 0.0000000000 -3.6300444164 -4.0057434335 0.0000000000 0.0000000000 
347850.0000000000 -1132916.1545860278 6092519.9484305549 1504631.4965060784 3.8924195286 11.1654816136 -0.2099383211 12.4456134052 -1.7795839936 0.1530048338 -0.6070566850 3.6717035396 -2.6679902385 -3.5321633398 1.2473546778 -1.5428563291 0.0000000000 -2.2160513902 -3.9995096463 0.0000000000 0.0000000000 
347880.0000000000 -1132915.2489863259 6092517.3283815505 1504630.9403542317 4.4765843872 11.1654816136 0.9828995770 12.7769146747 -0.8206289217 -0.3193000168 -0.9318829551 1.3915587525 -3.2410874901 -2.5720404771 2.6920807744 -2.4528450218 0.0000000000 -2.6928066696 -4.2906617692 0.0000000000 0.0000000000 
347910.0000000000 -1132916.3523113863 6092518.6324066445 1504631.4413931700 6.3483916188 11.1654816136 0.2445886948 14.0605889778 -1.3117931995 0.1306471447 -0.9210480737 3.2284739564 -2.6368922009 -3.6391391580 1.9240542426 -1.8177467533 0.0000000000 -3.2414745882 -5.1113537032 0.0000000000 0.0000000000 
347940.0000000000 -1132916.0898174746 6092520.6351762377 1504630.6423018998 3.6717196577 11.1654816136 0.6409039558 13.4898665740 -1.5189532671 0.2191344931 -0.7039817155 3.6197604913 -3.2638122010 -4.2834427037 0.7552477269 -1.9846026648 0.0000000000 -2.1400091848 -3.8885825699 0.0000000000 0.0000000000 
347970.0000000000 -1132915.7239369296 6092520.6122383894 1504630.2177013988 4.6536261323 11.1654816136 -0.6604598781 14.2670366049 -2.7655910918 -0.0105047826 -0.4926923320 3.3463734564 -1.8200434164 -3.2970905931 2.9509921588 -2.9733969264 0.0000000000 -3.1843867061 -4.3792943943 0.0000000000 0.0000000000 
348000.0000000000 -1132915.9501124381 6092530.6964809056 1504632.4766872621 0.0164589975 11.1654816136 0.9606053681 0.4475439696 -0.1697423625 1.0007992994 -0.1936571262 0.3424074910 0.5420729669 -1.1844489789 -0.6304895792 0.4991032147 0.0000000000 -1.7963240730 0.2605282981 0.0000000000 0.0000000000 
348030.0000000000 -1132915.1157342975 6092530.8229664154 1504632.5125746899 0.0062399975 11.1654816136 -0.1360002768 0.4841088311 -0.1550110928 0.9713845946 0.0697268249 -0.9787401538 0.6464915340 -1.2284962474 1.6322664847 0.8569444224 0.0000000000 -2.1275728619 -0.1604720592 0.0000000000 0.0000000000 
348060.0000000000 -1132914.6331916896 6092529.3356659142 1504632.8972691167 0.0359691247 11.1654816136 0.1871689811 0.1487046086 0.0192186522 1.6415281179 -0.5837057381 -0.5239510461 0.4929232981 -1.3237422273 0.7516558001 1.1081466482 0.0000000000 -2.3571323095 0.3854093374 0.0000000000 0.0000000000 
348090.0000000000 -1132915.4686753803 6092531.1375268940 1504633.4536938092 0.0048309404 11.1654816136 -0.5672686903 0.4093687808 -0.7410689461 0.6346482320 -1.0593650106 0.4762319300 0.3595950408 0.7747240484 1.1929111842 0.8112896950 0.0000000000 -2.2546373333 0.1412974842 0.0000000000 0.0000000000 
348120.0000000000 -1132914.9231861043 6092529.7403967539 1504633.6204846385 0.0046519102 11.1654816136 0.0945588891 0.6580304105 -0.0542345275 0.9003474555 -0.8127891686 1.3368996122 0.1123266607 -0.5853829719 -0.9077517445 1.0064191276 0.0000000000 -1.3227193565 -0.1386927823 0.0000000000 0.0000000000 
348150.0000000000 -1132916.4565990961 6092529.1337760910 1504632.8467687448 0.2143284590 11.1654816136 0.0366525977 0.7741686263 0.2554202894 0.1290494272 -0.3672863741 -0.0104550183 0.0176424632 -0.1436045659 0.8073422332 1.2392557511 0.0000000000 -1.7503163399 -0.9417624110 0.0000000000 0.0000000000 
348180.0000000000 -1132914.1373589165 6092529.2450577999 1504632.1454425754 0.0059727369 11.1654816136 1.6420377611 0.1452085259 0.7245586032 0.3132759150 -0.4958484417 -2.1977665652 -0.0368512009 0.3804267842 1.0941260296 -0.7151174816 0.0000000000 -1.4454912242 0.1572649420 0.0000000000 0.0000000000 
348210.0000000000 -1132915.3638576365 6092529.6368258959 1504633.2368585502 0.0006168547 11.1654816136 0.7263490558 0.5335821724 -0.1779234931 -0.6396318472 0.3976970820 -0.7830454267 -0.5007313229 0.0160657528 0.9557177836 0.1170550242 0.0000000000 -0.7266934325 -0.0505559460 0.0000000000 0.0000000000 
348240.0000000000 -1132916.0255401174 6092528.8195852116 1504633.3006475272 0.1067355486 11.1654816136 0.9455387671 0.5671504121 -1.1067464067 -1.0983964890 0.6277231737 1.7859367750 0.4347513200 0.1951232893 -0.6253769689 1.7807716584 0.0000000000 -2.4398264934 -0.6652568245 0.0000000000 0.0000000000 
348270.0000000000 -1132916.2617897235 6092528.1815831400 1504632.8494209349 0.1621150209 11.1654816136 -0.4879528197 -0.0926633882 -0.0969906434 -0.0463634625 -0.2813211260 0.7185942604 0.7511169236 0.6214129026 0.1595940959 0.9226847912 0.0000000000 -1.1772860988 -0.8201438563 0.0000000000 0.0000000000 
348300.0000000000 -1132916.3249797649 6092530.1132200612 1504633.5995903255 0.0499148600 11.0041300577 -0.3314456354 1.0908779482 -1.6050956547 -0.2439682256 0.0000000000 2.5573622080 0.9176656034 0.1828095182 -0.5120949805 1.1975793578 0.0000000000 -2.2174035200 -0.4526328506 0.0000000000 0.0000000000 
348330.0000000000 -1132915.1950211532 6092527.8464010525 1504633.4442741866 0.1654211218 11.1654816136 -0.8658111960 0.5283228048 0.2315319542 0.9587481321 -1.4532590101 0.6998217593 0.8161182571 0.7327566676 0.3659355914 0.5844323005 0.0000000000 -1.5831741137 -0.8290028289 0.0000000000 0.0000000000 
348360.0000000000 -1132915.9503019655 6092530.5673081204 1504633.2840687959 0.1501751478 11.1654816136 -0.2226846346 0.8163359009 -0.3563670575 0.1699480451 -0.1182399115 0.7313942985 0.9086800462 -0.0312770594 0.0997366802 0.2922603904 0.0000000000 -1.3170370876 -0.7901300513 0.0000000000 0.0000000000 
348390.0000000000 -1132915.1270243418 6092528.2589092990 1504632.9155205586 0.0111466645 11.1654816136 0.8207685929 -0.0299895563 -0.1647804700 -0.5363973006 -0.1618928689 0.6473804945 -0.0538815003 0.6946841491 -0.4907968613 0.8244700849 0.0000000000 -1.1951444704 -0.2153311581 0.0000000000 0.0000000000 
348420.0000000000 -1132916.4365546084 6092529.8320132131 1504632.2449642660 0.0514151252 11.1654816136 0.1931870705 0.3293430613 -0.3027143608 0.5249225963 -0.4319814402 1.2239986848 0.9531187445 -0.1311398808 -0.7214884449 1.0191467963 0.0000000000 -1.9159251683 -0.4626143375 0.0000000000 0.0000000000 
348450.0000000000 -1132915.7313581754 6092530.7112027267 1504633.7451085933 0.0006488195 11.1654816136 -0.0268816340 0.5492513123 -1.6594574261 -0.5144883087 0.4048524233 1.3887579580 0.6353739816 0.3008208940 0.3806294808 1.0596850335 0.0000000000 -2.2230664297 0.0519855415 0.0000000000 0.0000000000 
348480.0000000000 -1132914.9347718037 6092530.9016019534 1504632.7657938446 0.0203631130 11.1654816136 1.4849448809 0.1989290302 -0.5021903137 0.3365771177 0.5031859628 -0.4819482886 0.8117907820 -0.8794279543 0.0085837632 0.3633941436 0.0000000000 -2.2064968815 0.2913152544 0.0000000000 0.0000000000 
348510.0000000000 -1132915.0933456311 6092528.2322126292 1504633.0673661779 0.0163708582 11.1654816136 0.3975207020 0.2797498502 0.1914602976 0.2232757424 -0.8051603162 -0.0321124358 0.1696378315 0.6478423366 0.1823114975 0.3036072928 0.0000000000 -1.2821600337 -0.2612846596 0.0000000000 0.0000000000 
348540.0000000000 -1132915.5512518864 6092527.9774049763 1504632.1013917292 0.3010162836 11.1654816136 0.3927075087 0.4420964537 0.6644119723 0.3346480280 -0.8609156271 0.6859422523 0.6131171540 0.3692007237 -0.7552610127 0.7366132465 0.0000000000 -1.3541245015 -1.1207392134 0.0000000000 0.0000000000 
348570.0000000000 -1132915.7100691001 6092527.7898997935 1504632.7620897819 0.1262129008 11.1654816136 -0.3223278864 0.6224920114 0.1893449556 0.2002426320 -0.1981668360 0.1670715767 0.1304115855 -0.2931503212 0.4314538004 0.6607210437 0.0000000000 -0.8027082060 -0.7259254679 0.0000000000 0.0000000000 
348600.0000000000 -1132915.0090649282 6092529.6255663335 1504632.8128220197 0.1018590574 11.1654816136 0.8012360559 0.0795972355 0.6357827957 0.4274772061 0.0879652052 -1.1102564956 0.3783710081 -0.7234999332 0.6789797629 0.9131193508 0.0000000000 -1.7223448412 -0.6523317966 0.0000000000 0.0000000000 
348630.0000000000 -1132916.1740983669 6092528.9262530850 1504633.6354098374 0.0258240015 11.1654816136 -0.0769693386 0.6518212228 -1.1820628096 -1.0014148926 0.4725538190 1.5983591364 -0.2493333359 0.3332889542 0.1569251512 1.5439323156 0.0000000000 -1.5468034957 -0.3285549595 0.0000000000 0.0000000000 
348660.0000000000 -1132915.5979690796 6092528.5749233197 1504633.3262624596 0.2256593219 11.1654816136 -0.0964770804 -0.0748707301 -0.2154495409 -0.3307367844 0.6168688225 0.2808795372 0.9598540738 0.0095188948 0.3009831246 0.8184626819 0.0000000000 -1.2252093894 -0.9715158956 0.0000000000 0.0000000000 
348690.0000000000 -1132916.0546176934 6092531.2338462211 1504634.4203424656 0.0107426555 11.1654816136 0.3500069890 0.8618166773 -0.7630854715 0.2073069564 -0.0047213107 0.8494176091 0.6493005350 -0.3983521104 -0.0559530602 0.8250695106 0.0000000000 -2.0863299860 -0.2120315203 0.0000000000 0.0000000000 
348720.0000000000 -1132916.0112044620 6092530.5393495923 1504634.3720686277 0.1413544671 11.1654816136 0.4477513372 1.1288992230 -1.6706923008 0.5763408052 -0.9345346163 1.6492881584 0.5778031630 0.2648207456 -0.1134982127 1.1369177244 0.0000000000 -3.4040117924 0.7693537265 0.0000000000 0.0000000000 
348750.0000000000 -1132915.7510151113 6092529.2119861841 1504633.3807631657 0.0818343447 11.1654816136 -0.0368952099 0.4027752393 -0.1598077744 0.5488495313 -0.6864057395 0.9042243871 1.1616357785 0.2869005311 -0.4687209694 0.5141086764 0.0000000000 -1.6662711045 -0.5855459898 0.0000000000 0.0000000000 
348780.0000000000 -1132915.3384039197 6092529.6372993039 1504633.1715930437 0.0023743653 11.1654816136 1.6188100066 0.6120827535 0.0448613607 0.1421573625 -0.4222542101 0.3842743655 -0.0874618343 -0.2396748109 -1.0783415961 0.5579613180 0.0000000000 -1.5347739703 0.0997587842 0.0000000000 0.0000000000 
348810.0000000000 -1132915.7296485782 6092531.5608445005 1504633.6146334540 0.0003541837 11.1654816136 0.1003248115 0.2036509181 -0.1594051929 0.8520181838 -0.9822416002 1.0532463853 0.6349483517 0.0436231682 -0.8181317704 0.9136347487 0.0000000000 -1.6294949663 0.0385374910 0.0000000000 0.0000000000 
348840.0000000000 -1132915.6524469627 6092531.4440044835 1504633.1311201435 0.0060978030 11.1654816136 -0.3433772268 0.1655674790 -0.3998714677 0.5784419367 -0.5511416830 1.0341258164 0.8376182834 0.0940813171 -0.3804945992 0.7730675597 0.0000000000 -1.4034802773 -0.1599691473 0.0000000000 0.0000000000 
348870.0000000000 -1132914.1834927986 6092528.8326988677 1504632.8798804493 0.0346733054 11.1654816136 1.5708080087 0.1277226428 0.5374742028 0.7152372821 -0.7285837492 -0.9245394792 0.8291326473 0.0194635359 0.0456429252 0.7127468882 0.0000000000 -2.6762237889 -0.3815582754 0.0000000000 0.0000000000 
348900.0000000000 -1132914.7543550560 6092529.2227630913 1504632.5173341492 0.0341120274 11.1654816136 0.0946828086 0.2841049524 -0.3736953558 1.2109457115 -0.7577629263 0.9065452711 0.7547313623 -0.6592867440 -0.7804826355 0.9041931539 0.0000000000 -1.7297622901 0.3785568706 0.0000000000 0.0000000000 
348930.0000000000 -1132916.2483206824 6092531.3997923816 1504633.3066233913 0.1741080073 11.1654816136 -0.9969136998 0.5603985218 0.1426906921 0.5594575868 -0.6480327475 1.0178933248 0.4330311757 -0.1752269647 0.0616866226 1.1494153346 0.0000000000 -1.0093137582 -0.8554603556 0.0000000000 0.0000000000 
348960.0000000000 -1132915.5273567459 6092529.3378162971 1504632.7374924012 0.0979987586 11.1654816136 -0.7035629860 0.4499787805 -0.2712242214 0.4993037866 -0.6069513236 1.4898688747 1.0328346103 0.1380680925 -0.6435433813 0.7189329045 0.0000000000 -1.1299468046 -0.6419648792 0.0000000000 0.0000000000 
348990.0000000000 -1132915.7410069078 6092528.7728240704 1504633.0130997139 0.0004346995 11.1654816136 -0.0987191620 0.1299122769 -0.2244495674 0.1473284896 0.2690062938 1.7432262894 -0.0962314491 -0.9306924780 -1.6481892101 1.0880730359 0.0000000000 0.0237527386 -0.0427506111 0.0000000000 0.0000000000 
349020.0000000000 -1132915.6840147560 6092530.5898320638 1504633.3357073036 0.0048350324 11.1654816136 -0.7546130496 0.2867823892 -0.4787643894 0.3890680665 -0.4768575708 2.0560729322 0.3941621381 -0.1084504437 -1.1568204597 1.1067449754 0.0000000000 -0.6710364892 -0.1426635723 0.0000000000 0.0000000000 
349050.0000000000 -1132916.1705450870 6092528.7715935046 1504633.6780706537 0.0013440089 11.1654816136 0.4835771796 0.0395935578 -0.2361777449 -0.1256652402 -0.8157570239 1.5127546925 -0.0094276222 0.8637547505 -1.3814327839 0.9160586056 0.0000000000 -0.9988399560 0.0752324377 0.0000000000 0.0000000000 
349080.0000000000 -1132916.0844003656 6092528.4673881158 1504633.7292822225 0.1405087719 11.1654816136 -1.2018064090 0.2753505259 -0.8818144351 -0.6643949093 0.1044819782 1.8282319963 0.3227323142 0.8731672628 0.3067437138 1.3162690687 0.0000000000 -1.1197377516 -0.7694432993 0.0000000000 0.0000000000 
349110.0000000000 -1132914.6288774414 6092528.4066917403 1504633.5407403533 0.0074001327 11.1654816136 -0.4499724885 0.0040691894 -0.2385105942 0.1799181234 -0.5131136160 0.0429959018 0.3762197354 0.6531441574 0.8261082126 0.5796418249 0.0000000000 -1.2493499372 -0.1766246906 0.0000000000 0.0000000000 
349140.0000000000 -1132914.3099533028 6092527.1755484063 1504633.2653389659 0.0776353366 11.1654816136 0.6464809275 0.2864119741 0.1876917745 -0.2305032603 -0.1381495637 0.3625087055 0.0338722549 0.1663289050 -0.3950682074 0.8226345869 0.0000000000 -1.0833740332 -0.5722091863 0.0000000000 0.0000000000 
349170.0000000000 -1132914.6244150754 6092529.1205751868 1504632.5485384385 0.0345619642 11.1654816136 -0.2170146921 0.2685720122 -0.2414871674 0.5427466951 -0.6306866942 0.5205774162 0.9487215465 0.2552621141 0.0857103823 0.7916551554 0.0000000000 -1.7971577810 -0.3818763847 0.0000000000 0.0000000000 
349200.0000000000 -1132915.0316133813 6092528.8137063971 1504633.0773639516 0.0302314379 11.1654816136 1.8047593536 0.1625061352 0.3423794076 -0.6000371054 -0.1699957263 -0.0650660285 -0.1294465741 0.5918735548 -0.9088877769 0.3863349039 0.0000000000 -1.0666104574 -0.3572287732 0.0000000000 0.0000000000 
349230.0000000000 -1132915.7048868381 6092530.7233290421 1504632.7469811768 0.0007860779 11.1654816136 2.1744890726 0.2400872636 0.0015791790 -0.6277530040 -0.2326029730 -0.4945599085 -0.2382390162 0.7703911522 -0.3772623095 0.4001248867 0.0000000000 -1.7527192446 0.0576083486 0.0000000000 0.0000000000 
349260.0000000000 -1132915.3790134829 6092530.6177090639 1504632.2712029489 0.0005399723 11.1654816136 1.1441518716 0.3049874744 0.5237242129 1.1429345350 -0.6807108517 -0.3820409838 0.4890092607 -0.9922718809 -0.7961167350 0.7534846491 0.0000000000 -1.5792814968 0.0477513584 0.0000000000 0.0000000000 
349290.0000000000 -1132916.0709288220 6092530.2889825003 1504633.8130726938 0.2502497629 11.1654816136 -0.3046359690 0.5523723309 -0.3059583746 -0.2555564457 -0.2346314611 1.3996336295 0.4846022050 0.4670208618 -0.1266582045 1.5714400873 0.0000000000 -1.9094191569 -1.0284450089 0.0000000000 0.0000000000 
349320.0000000000 -1132915.3126866131 6092529.2744285287 1504633.8428391912 0.0026509665 11.1654816136 1.3295196665 0.3802997969 -0.3482821169 -0.1340482161 -0.3824033179 -0.7211699031 0.2911443759 0.6813865928 0.9020313512 0.9597604119 0.0000000000 -2.9449180388 -0.1058719337 0.0000000000 0.0000000000 
349350.0000000000 -1132915.8562166158 6092530.1815072577 1504633.2875224149 0.1466291093 11.1654816136 -0.1436546220 0.1428670939 0.1808614399 0.2044157086 -0.0888926107 0.7555400597 0.3344536640 -0.2625739617 -0.3317467555 1.3906178659 0.0000000000 -1.2197718024 -0.7875493805 0.0000000000 0.0000000000 
349380.0000000000 -1132916.0946478450 6092531.9582482297 1504633.5773745372 0.0488961675 11.1654816136 -0.5156171395 0.8292356077 -1.3897973506 -0.6617490901 0.1821733114 1.8106395783 0.6723202688 0.7671421701 0.1469894947 0.9257994498 0.0000000000 -1.9261802085 -0.4548718916 0.0000000000 0.0000000000 
349410.0000000000 -1132915.8404727860 6092530.1957129063 1504633.6134492492 0.0280080597 11.1654816136 -0.5758565383 0.6506092387 -0.9884662002 -0.6188074584 -0.0885592887 1.3248744706 0.2652793584 0.9232976391 0.4022047224 0.6827935194 0.0000000000 -1.3571417423 -0.3443304856 0.0000000000 0.0000000000 
349440.0000000000 -1132915.7016944212 6092529.9311155919 1504634.2143184445 0.0001602903 11.1654816136 0.2111558242 0.5505336896 -0.9485893276 -1.1305954045 0.2056640508 1.2220032220 -0.4075288186 0.9825337682 -0.0701468347 0.4979185654 0.0000000000 -0.8469925332 -0.0260510514 0.0000000000 0.0000000000 
349470.0000000000 -1132916.0922105270 6092528.5003360398 1504633.4783517579 0.2680193588 11.1654816136 -0.9388780426 0.5559934320 -0.5519289235 -0.5074466170 0.5419576315 0.2599186545 0.2679046714 0.2762071793 1.8315821137 1.0865438373 0.0000000000 -1.6995093139 -1.0655485343 0.0000000000 0.0000000000 
349500.0000000000 -1132915.6085640730 6092528.3852070831 1504632.8880531320 0.1657672949 11.1654816136 -0.2496638518 0.1960496338 0.3291641362 -0.5031108045 -0.5324239207 0.4971049608 -0.5345301577 0.9262914639 0.5178222299 1.3297644302 0.0000000000 -1.0411109754 -0.8381365587 0.0000000000 0.0000000000 
349530.0000000000 -1132916.2415254533 6092529.8545594672 1504633.5271841632 0.2071295919 11.1654816136 -0.1864682975 0.7019866669 -0.7362517376 -1.1590548850 0.7267895817 1.6681404595 -0.1724924058 0.4117320504 -0.0616963604 1.2765486032 0.0000000000 -1.2112551491 -0.9370424077 0.0000000000 0.0000000000 
349560.0000000000 -1132916.1087234672 6092530.9666866632 1504633.6933551203 0.0531112881 11.0041300577 -2.5962585644 0.9986737337 -1.3534888965 -0.1506277396 0.1902351902 2.3580985912 0.1980165871 0.0000000000 1.0116901444 1.1390306011 0.0000000000 -0.8572997433 -0.4739767790 0.0000000000 0.0000000000 
349590.0000000000 -1132916.1151148623 6092530.4055934297 1504632.5542255242 0.0292934465 11.1654816136 -0.2790479438 0.6518667579 -0.4782934432 0.2616148789 -0.2802920617 1.6143660604 0.5775438636 -0.2436375326 -0.9088281687 1.1654975629 0.0000000000 -1.3723803032 -0.3525026657 0.0000000000 0.0000000000 
349620.0000000000 -1132916.5738722021 6092530.4137007399 1504633.1573488656 0.1727794638 11.1654816136 -0.4451569237 0.3584408870 0.3878002001 -0.2229834022 -0.8034204821 0.2193317702 -0.1611120413 0.9267008898 0.7679522635 0.9059565956 0.0000000000 -1.0356940059 -0.8562303294 0.0000000000 0.0000000000 
349650.0000000000 -1132915.9323769242 6092528.5622183299 1504632.1945341015 0.1090067661 11.1654816136 -0.8422752648 -0.7900270641 0.5568153319 1.2733154233 -0.1649618418 -1.7861899375 0.9024839366 -0.4073032023 2.3555091764 1.2443957117 0.0000000000 -1.9691146060 -0.6801986282 0.0000000000 0.0000000000 
349680.0000000000 -1132914.8946821094 6092529.4541795822 1504631.8560665599 0.0830207422 11.1654816136 0.8489858343 -0.0618999285 0.2684070044 1.8276362127 -1.2030592966 -1.1931663957 1.0442346799 -0.7728416339 -0.0397283842 0.8014043365 0.0000000000 -2.2338877648 0.5936955208 0.0000000000 0.0000000000 
349710.0000000000 -1132917.3353500033 6092531.3675202234 1504633.7160128383 0.0534421838 11.1654816136 -1.6379709044 0.3777542395 -1.1296417554 0.1118526821 0.3126111568 1.9709984473 0.5934434405 -0.0896856354 0.4090934941 1.7021588444 0.0000000000 -1.7450290837 -0.4764006796 0.0000000000 0.0000000000 
349740.0000000000 -1132916.7071111470 6092530.4669447793 1504633.1273223872 0.2226703413 11.1654816136 -2.0262990166 0.3310203113 -0.5028593366 -0.0777906999 -0.6074344002 3.0497151049 0.7809274291 0.8410470774 -0.9723329342 1.3415218486 0.0000000000 -0.6130725520 -0.9725655116 0.0000000000 0.0000000000 
349770.0000000000 -1132915.9357406918 6092530.7592529682 1504633.1578023497 0.0563628315 10.8275661707 -0.7241513828 0.0307825725 -0.3252040661 0.0000000000 0.2325235836 0.7586846586 0.2584025006 0.0000000000 0.3068722318 0.9457792227 0.0000000000 -0.8730178074 -0.4627508655 0.0000000000 0.0000000000 
349800.0000000000 -1132916.2669958652 6092530.3995641721 1504633.0465865338 0.1027116897 11.0041300577 0.0000000000 -0.0663910908 -0.2062128167 -0.2234499941 0.3253113688 -0.1121990544 0.4436588830 0.3654816571 0.7831110497 0.7755537195 0.0000000000 -1.4451122814 -0.6579368163 0.0000000000 0.0000000000 
349830.0000000000 -1132915.4936899412 6092529.0182879949 1504633.3866731352 0.0007397852 11.1654816136 -0.0644370791 0.5918846545 -0.5031879608 -0.6089346114 -0.4219482389 0.8258323668 -0.6989842408 0.8483710037 0.5108780521 1.1725491472 0.0000000000 -1.4350455906 -0.0560781283 0.0000000000 0.0000000000 
349860.0000000000 -1132916.6464437179 6092530.3240017481 1504633.2173626611 0.1340490044 11.1654816136 -1.3030066168 0.8042748503 -0.0120270232 0.4668262852 -0.1958381274 0.6236127121 0.0603133813 -0.6375285121 1.0280736493 1.2598059311 0.0000000000 -1.2039047713 -0.7549627911 0.0000000000 0.0000000000 
349890.0000000000 -1132915.3996290965 6092529.7084765360 1504633.2170141342 0.0015947821 11.1654816136 0.5295503372 0.5523361576 -0.6090131012 -0.2498559292 0.7211063609 -0.0280193028 -0.2663550708 -0.5502625021 0.6754832576 1.0120807551 0.0000000000 -1.6784293355 -0.0823517461 0.0000000000 0.0000000000 
349920.0000000000 -1132914.6414680101 6092529.7383980723 1504632.5576540558 0.0453979894 11.1654816136 0.3752568950 0.2841435294 -0.7825981831 0.3910842174 -0.3647571899 -0.1540149591 0.6464665044 0.2096596708 0.4341718343 0.6030728773 0.0000000000 -2.0511333802 0.4394413478 0.0000000000 0.0000000000 
349950.0000000000 -1132916.7486771718 6092532.6264677243 1504633.7367445489 0.0308415365 11.1654816136 1.0674864692 -0.1150334967 -0.1418405885 0.7839964044 -0.1207501028 0.5486544259 1.1885791657 -0.5282120628 -1.4066893970 1.9687509510 0.0000000000 -2.6688943264 -0.3622348712 0.0000000000 0.0000000000 
349980.0000000000 -1132915.7855996350 6092531.9384041475 1504633.3463495965 0.0138141214 10.8275661707 0.0000000000 -0.4774805487 -0.8390631412 0.0000000000 -0.1445642387 1.5625903280 1.2231916698 0.9781742000 -1.1642657551 1.3986447067 0.0000000000 -1.9851459677 -0.2265213868 0.0000000000 0.0000000000 
350010.0000000000 -1132916.2971594543 6092531.3851178829 1504633.4125417108 0.0002535174 11.0041300577 0.2853546625 0.7516734811 -0.7261060760 0.3885339153 -0.4985612113 0.3629203285 1.4890319704 0.1819314116 -0.3740566374 0.0000000000 0.0000000000 -1.7051376972 -0.0326183627 0.0000000000 0.0000000000 
350040.0000000000 -1132913.5435543791 6092529.3590585357 1504632.4565141203 0.1001892732 11.1654816136 0.8951867904 -0.6780455545 0.3412404655 1.4509714339 -0.6816673434 -2.1936735988 0.6646478366 -0.4694662579 0.8496683467 0.4740735243 0.0000000000 -1.6000702301 0.6530433921 0.0000000000 0.0000000000 
350070.0000000000 -1132915.3405437407 6092528.4342904640 1504632.9505945407 0.0317587785 11.1654816136 0.6504415322 0.5146158292 -0.1797244759 -0.4260641249 -0.2923934607 0.2146342772 -0.1364950696 0.5801524443 0.1923568433 1.0632071868 0.0000000000 -1.7526276273 -0.3677001906 0.0000000000 0.0000000000 
350100.0000000000 -1132915.7044006439 6092528.7243963452 1504632.9756264961 0.2152519531 11.0041300577 -0.4159174844 0.3971719047 0.2902464141 0.0000000000 -0.5124215155 0.7382324657 0.1423323773 0.3098453183 0.0453997614 1.2762538404 0.0000000000 -1.2199498883 -0.9107335748 0.0000000000 0.0000000000 
350130.0000000000 -1132915.1940651259 6092530.3183102999 1504632.2805047273 0.0000272836 11.1654816136 -0.2070052927 -0.1071370633 0.2515700744 1.2086116326 -0.7424570464 -0.2061215999 0.8836496372 -0.5127300472 -0.2664755357 0.7058603806 0.0000000000 -0.9758740488 0.0107871301 0.0000000000 0.0000000000 
350160.0000000000 -1132913.3451743226 6092526.2100823186 1504630.5939598931 0.0503891472 10.8275661707 0.6304061780 0.0000000000 1.1838288265 0.8262958720 -0.7084479103 -1.8799440350 0.2975976999 -0.4886637841 0.7092392395 0.0000000000 0.0000000000 -0.4001168163 -0.4532073754 0.0000000000 0.0000000000 
350190.0000000000 -1132914.4925903743 6092526.6939356066 1504632.0672782962 0.0631278584 11.1654816136 -2.0233587730 -0.1044832724 -0.3165917957 0.2134531048 0.6692510286 1.6822300733 0.2524225609 -0.5818841176 -0.0476511526 0.4609193605 0.0000000000 0.5649780977 -0.5185282802 0.0000000000 0.0000000000 
350220.0000000000 -1132915.5350981823 6092528.0616099490 1504633.0508624527 0.2827683078 11.1654816136 -1.5746072384 0.0059820868 -0.2522841624 0.1379775592 0.1534007192 0.5243963281 0.9076980249 0.4207791761 1.3614508888 0.7706597473 0.0000000000 -1.3080579197 -1.0974785166 0.0000000000 0.0000000000 
350250.0000000000 -1132914.7480705297 6092528.6646286789 1504633.3178871672 0.0492360205 11.1654816136 -0.6901625583 0.4341186251 -0.5008967350 -0.0004728856 -0.1616457713 1.3315267564 0.9157305887 0.2925418728 -0.5536552194 0.3906525543 0.0000000000 -0.7694265371 -0.4579712314 0.0000000000 0.0000000000 
350280.0000000000 -1132916.4100870811 6092530.0106650656 1504633.0577729475 0.0548212468 11.0041300577 -1.1649101858 0.0550346611 0.0000000000 1.0891736679 -0.2424579407 0.7738175122 0.7044070047 -0.8076134273 -0.0477788303 1.3929717305 0.0000000000 -1.1591052259 -0.4004985908 0.0000000000 0.0000000000 
350310.0000000000 -1132916.0903238631 6092530.3066517645 1504633.5658052941 0.0962450269 11.1654816136 -1.3540270152 -0.0271149358 -0.5917717383 0.2054816080 0.5163723115 2.1234207044 0.7027812072 -0.2785747993 -0.7783241975 1.3579254085 0.0000000000 -0.8701802886 -0.6403396304 0.0000000000 0.0000000000 
350340.0000000000 -1132915.9804328487 6092528.6610426251 1504633.5480973755 0.0804089464 11.1654816136 -2.6461763468 -0.1677487122 -0.6371879428 -0.0344156712 0.7112330663 2.4022540681 -0.2472190047 -0.1151092762 0.5008635964 1.3744501100 0.0000000000 -0.2282195800 -0.5853047616 0.0000000000 0.0000000000 
350370.0000000000 -1132916.4309863660 6092531.1761542428 1504633.7096419074 0.2524836381 11.1654816136 -1.1755001909 -0.0272259246 -0.0762550827 0.5303232446 0.4906278154 2.8579201621 0.9926081580 -0.9461235860 -2.4068729394 1.7768035260 0.0000000000 -0.4489649357 -1.0371757042 0.0000000000 0.0000000000 
350400.0000000000 -1132915.4724659538 6092529.8611030420 1504633.5569198767 0.3220593894 11.1654816136 0.1038444242 0.1874874834 0.4725379387 0.5304644943 0.9332760304 -0.2598065679 0.2314098423 -1.4898372926 0.3726242766 1.5099302011 0.0000000000 -1.4015166308 -1.1714054146 0.0000000000 0.0000000000 
350430.0000000000 -1132915.0173729388 6092529.5985452933 1504633.4508381505 0.0009469250 11.1654816136 0.3514601486 0.0393263798 -0.0406810615 0.1289200089 0.6422845591 0.4282731029 -0.4203782296 -0.9190456038 -0.5570500500 1.0636970122 0.0000000000 -0.5289244703 -0.0635154431 0.0000000000 0.0000000000 
350460.0000000000 -1132916.1243606987 6092530.4183533946 1504633.4612342631 0.0015600405 11.1654816136 -0.2237003110 0.1705149387 -0.1183841090 1.5128772576 0.0153670592 -0.1370597724 0.8250967926 -1.5286421539 0.0273771986 1.6728224661 0.0000000000 -2.0064657875 -0.0815277130 0.0000000000 0.0000000000 
350490.0000000000 -1132916.6907767474 6092532.1080798600 1504634.4147621787 0.0357604967 11.1654816136 0.2102358546 0.2197097562 -0.3089345990 0.6037390391 0.5339160144 -0.4056058862 0.7048256587 -0.8384064503 0.5453888117 1.0493630209 0.0000000000 -1.9088403373 -0.3903335614 0.0000000000 0.0000000000 
350520.0000000000 -1132915.5173947876 6092529.5038867909 1504633.0274672066 0.1405718576 11.1654816136 -0.5499178099 -0.1736348901 0.4334840616 0.3422805548 0.1940846460 -0.7667498707 -0.0969524618 -0.2297692422 1.6571525174 0.8912650430 0.0000000000 -1.0621840384 -0.7738854225 0.0000000000 0.0000000000 
350550.0000000000 -1132915.2784499647 6092527.5281184996 1504633.3395945288 0.6304901099 11.1654816136 2.1364181575 0.2915115604 0.5509732376 -0.8309551805 0.9006965486 -1.2079710426 0.4657156434 0.0924159098 0.1707614670 0.7137685951 0.0000000000 -1.8087045113 -1.6389174593 0.0000000000 0.0000000000 
350580.0000000000 -1132915.4877981709 6092529.9191742400 1504633.9770282484 0.3090314699 11.1654816136 2.6161365960 0.9458900235 0.3374502111 -0.4199318574 1.1404398529 -0.7816289815 0.2573487577 -1.2803326219 -0.9017153468 1.0475639832 0.0000000000 -1.8112220068 -1.1473800330 0.0000000000 0.0000000000 
350610.0000000000 -1132915.3959760983 6092527.8116673939 1504633.5651016543 0.3268852494 11.1654816136 1.1084895767 -0.4883882570 0.1079672878 -0.4833988452 1.0579560198 0.5670883645 0.3829032452 0.0820456974 -1.1511191977 1.6112705252 0.0000000000 -1.4780382122 -1.1800193116 0.0000000000 0.0000000000 
350640.0000000000 -1132915.1888094179 6092527.7815290038 1504632.4828070393 0.2116162130 11.1654816136 0.4453261980 -0.0876752685 0.1673185730 0.1711330329 0.3605101370 -0.0192494315 0.8509071674 -0.1633366800 -0.3507235471 0.9821186970 0.0000000000 -1.3534177208 -0.9493989424 0.0000000000 0.0000000000 
350670.0000000000 -1132917.0028663075 6092529.4188649487 1504634.1112673217 0.3158175119 11.1654816136 -1.1003063976 0.5859562773 -0.5840242817 0.2712607128 -0.0236821380 1.0008785772 1.3245724554 0.2888020282 0.7083202718 1.5343884834 0.0000000000 -2.6944715298 -1.1597722946 0.0000000000 0.0000000000 
350700.0000000000 -1132916.5081781468 6092529.1811638530 1504634.2170841570 0.5286100025 11.0041300577 1.0892026639 0.3946246581 -0.1129005238 -0.8325928829 1.0735914171 0.0000000000 0.8920667556 0.1965586471 -0.1446542042 0.4852755741 0.0000000000 -1.5548429826 -1.4965170709 0.0000000000 0.0000000000 
350730.0000000000 -1132916.0648111191 6092531.9288824620 1504632.4803166911 0.0310721312 11.0041300577 0.3795943082 0.7011400971 -0.4292863445 0.3885756765 0.2680099505 0.0000000000 0.6174825115 -0.6947279495 0.1338150873 1.1821467551 0.0000000000 -2.0874685140 -0.3627980289 0.0000000000 0.0000000000 
350760.0000000000 -1132915.9987901901 6092528.8793408861 1504631.7470465936 0.1273637183 11.0041300577 -0.8126393337 0.2039342918 -0.2518452331 0.7063538172 0.2404447060 0.0000000000 0.7864693473 -0.4394362463 1.1288365724 1.3068092948 0.0000000000 -2.0954729535 -0.7344558141 0.0000000000 0.0000000000 
350790.0000000000 -1132915.2626787922 6092528.3345322199 1504632.9252345592 0.1178626971 11.0041300577 0.2273296948 0.1678533219 -0.4196412543 0.1537809643 0.8572904620 0.0000000000 1.1298185764 -0.4363571859 -0.0134996752 0.3691753239 0.0000000000 -1.2835712683 -0.7064676254 0.0000000000 0.0000000000 
350820.0000000000 -1132915.5393130486 6092527.0334106339 1504633.4547798007 0.2475319530 11.0041300577 0.2943989689 0.4603324837 -0.4121829603 -1.2398539043 0.4286793850 0.0000000000 -0.2209148110 1.2812109974 1.6034516622 0.8289933256 0.0000000000 -2.1242603880 -1.0237143798 0.0000000000 0.0000000000 
350850.0000000000 -1132915.8143062843 6092530.0135757681 1504632.8606935176 0.0419488872 11.0041300577 0.9395320153 0.3435819693 -0.1705824315 0.2878324446 0.0169264083 0.0000000000 0.9834985425 -0.2894342319 -0.9444996692 0.9939524450 0.0000000000 -1.6087071308 -0.4213862644 0.0000000000 0.0000000000 
350880.0000000000 -1132914.8969174947 6092524.9207499754 1504631.6954798461 0.2008457272 11.0041300577 -1.3046359889 -0.1155149562 0.1355305125 0.6249400030 -0.4980441839 0.0000000000 0.9707284417 0.4640953233 1.2547457554 0.9382323862 0.0000000000 -1.5751896843 -0.9219475526 0.0000000000 0.0000000000 
350910.0000000000 -1132915.7900340022 6092526.7819739608 1504632.5185992660 0.0457807836 11.1654816136 0.7337861974 0.4334486849 0.0360649394 0.0694842829 -0.1050085685 0.0000000000 0.9201604940 0.3358828827 0.1898250982 1.2060729019 0.0000000000 -2.6470693228 -0.8135102422 -0.3689548680 0.0000000000 
350940.0000000000 -1132916.3821607251 6092531.1584385671 1504633.0867364083 0.3707967908 11.1654816136 0.4530800826 -0.0999533826 0.2231168512 0.7263228484 -0.2878916703 0.0000000000 0.5395099977 0.2925872681 0.8360220733 1.0061925867 0.0000000000 -2.8730398103 0.1127724670 -1.0438473594 0.0000000000 
350970.0000000000 -1132914.1461311670 6092528.8292662399 1504632.7230743764 0.2976587526 11.3140434823 -0.1184160413 0.6655218501 0.5256871643 0.1958093788 -0.1412609019 0.0000000000 0.3871077931 0.1240249380 1.7527438785 -0.3195898209 0.0000000000 -1.8523042029 -0.3856425133 -1.0987786866 -0.0000000000 
351000.0000000000 -1132916.3253274867 6092530.5737875495 1504632.3327170357 1.8163837072 11.3140434823 -1.9107927104 0.2909390078 -0.3321474469 1.2686534547 -0.4039134331 0.0000000000 1.0133903514 -0.9268315777 0.4510911003 1.4429941596 0.0000000000 -0.7498545890 -0.7579343169 0.8381146113 0.0000000000 
351030.0000000000 -1132914.9381168645 6092529.5150303924 1504632.1886463501 1.4668244198 11.3140434823 1.7897833258 0.4725896131 1.1378689549 0.8509080352 -0.7139870686 0.0000000000 -0.2526966921 -0.7120628318 -0.6591530262 1.5312172924 0.0000000000 -2.4822271267 0.3099157144 -1.2549781092 0.0000000000 
351060.0000000000 -1132913.9974924847 6092527.8224519631 1504632.4815504425 0.6611899242 11.3140434823 -0.2184890911 0.3389495559 -0.0062835208 0.0490619981 0.0091760821 0.0000000000 -0.3563187370 -0.0731185791 0.9920756156 0.7891174916 0.0000000000 -1.2282664232 -0.2123228241 -0.1177031709 -0.0000000000 
351090.0000000000 -1132915.3491657360 6092530.1622073064 1504633.4766948351 1.6446773863 11.3140434823 0.3524485754 -0.2130322628 0.5949932495 0.5968271875 -0.5011274328 0.0000000000 0.5140243333 0.0435877457 -0.5245447501 1.7050983963 0.0000000000 -1.6291591841 -0.6786327940 -0.1558451202 0.0000000000 
351120.0000000000 -1132916.2947093286 6092529.5669821864 1504633.3407408902 0.5283197175 11.3140434823 -0.7000037358 -0.1826712599 0.5769264184 -0.2644289368 -0.4805310635 0.0000000000 -0.3505634201 0.7192979915 0.7659251385 1.1373498527 0.0000000000 -0.5060243079 -1.0778703398 0.3141753281 0.0000000000 
351150.0000000000 -1132914.6699529148 6092527.7446462894 1504631.9071884525 0.2650566559 11.3140434823 -0.1477929426 -0.2419949316 -0.0272720099 -0.2133357948 0.1114750388 0.0000000000 0.8049343745 0.8072542203 0.3922007912 0.5738142525 0.0000000000 -1.1700572986 -0.9854550767 0.0555293319 0.0000000000 
351180.0000000000 -1132914.8916627506 6092527.2512649335 1504632.6332909178 0.0005762115 11.3140434823 0.0628415077 -0.1158927651 -0.4445978332 -0.1564769444 0.2377789933 0.0000000000 0.0854626499 0.4034195210 0.3213142899 0.8436750143 0.0000000000 -1.1396390991 -0.2359345191 0.1634387792 -0.0000000000 
351210.0000000000 -1132913.2715986918 6092527.2050514519 1504632.0245060590 0.1230237752 11.3140434823 -0.1517607808 -0.4868714403 1.1167090947 1.4712519625 -0.7198250628 0.0000000000 -0.0011910717 -0.5003271645 0.2830549720 1.1964178627 0.0000000000 -1.4626849802 0.2215932638 -0.9208374929 0.0000000000 
351240.0000000000 -1132914.1156740040 6092529.5656341240 1504633.5659468581 0.0034692784 11.3140434823 0.6480912325 0.2228396773 -0.2276199264 0.4849324871 0.1987528318 0.0000000000 -0.5564940069 -0.7329152784 -0.0759944357 1.2751721243 0.0000000000 -1.4414652861 0.5705439519 -0.2293363946 0.0000000000 
351270.0000000000 -1132913.2965229633 6092528.1450722804 1504633.4312008936 0.2019156350 11.3140434823 1.4952864292 0.3798861216 0.8169559094 0.0024182764 -0.2173828676 0.0000000000 -0.2843799336 -0.2448049836 -0.4310508183 0.0726900539 0.0000000000 -0.8982536551 0.2520301442 -0.9559782566 0.0000000000 
351300.0000000000 -1132914.7618568030 6092528.0947601963 1504633.1270155136 0.3117304745 11.3140434823 0.1902146232 0.5007670263 -0.4181150012 -0.4145241066 -0.0959860714 0.0000000000 -0.6452501186 0.0372221389 0.0944504371 0.9891931221 0.0000000000 -0.6009267212 -0.0335012268 0.4452063857 0.0000000000 
351330.0000000000 -1132914.9556490171 6092528.7398782400 1504633.6945593108 0.0158095067 11.3140434823 0.1722366539 0.4858384095 -0.0100520541 -1.0976961732 0.3947632820 0.0000000000 -0.0505487349 0.6693896603 0.7693650553 0.4635079600 0.0000000000 -0.8899293405 -1.3134848902 0.2709066665 0.0000000000 
351360.0000000000 -1132916.1149453756 6092530.6737407809 1504632.3371314562 0.6274323987 11.3140434823 -1.7491825257 -0.1355333558 -0.2360200427 0.9971876602 -0.5045913522 0.0000000000 0.6400330227 0.2612252456 1.6675832453 1.1770849337 0.0000000000 -1.8223865176 -0.3843722393 0.0699394086 0.0000000000 
351390.0000000000 -1132914.9417223292 6092528.0069421344 1504632.6498763883 0.0002741038 11.3140434823 -0.2476410442 0.5254235191 0.4566580728 0.5771177306 -0.5321455946 0.0000000000 -0.0457786565 -0.3655450127 0.6666176209 1.3710283527 0.0000000000 -1.7092032387 -0.4058539487 -0.2481011352 -0.0000000000 
351420.0000000000 -1132914.3722665762 6092527.7716425695 1504632.0848746677 0.0070066184 11.3140434823 0.4322428024 0.0498891889 0.0925739859 -0.3243967761 -0.1747624493 0.0000000000 0.0139969233 0.5265283376 0.1146047588 -0.0301611605 0.0000000000 -0.4883855529 -0.0212951905 -0.2456444607 -0.0000000000 
351450.0000000000 -1132915.6875872414 6092529.2171638114 1504633.2000106922 0.5880410430 11.3140434823 0.4304309276 0.5805876144 -0.3848741615 -0.7358280531 -0.3395465431 0.0000000000 0.5124978032 1.0417965108 0.3945308392 0.3729413143 0.0000000000 -1.4867475546 -0.4701802603 -0.0115417520 -0.0000000000 
351480.0000000000 -1132916.1214090511 6092528.1708503226 1504632.4520906955 0.0191799145 11.3140434823 0.2889319874 0.4161292407 -0.0702698992 -0.3543455542 -0.5112352532 0.0000000000 0.2480846338 0.6337722916 0.0171339563 0.9353973615 0.0000000000 -1.2344170366 -0.4857898104 0.1045254388 0.0000000000 
351510.0000000000 -1132915.7481313115 6092528.2162957918 1504633.4161275078 0.0502145614 11.3140434823 0.4454908349 0.5540735924 -0.3800389348 -1.2326170228 0.2511866599 0.0000000000 -0.6160881167 0.6937408184 0.4109809141 1.4595824904 0.0000000000 -1.2513005600 -1.0423427060 0.6227704424 0.0000000000 
351540.0000000000 -1132915.1371822499 6092528.7779240711 1504633.4144935743 0.0000000364 11.3140434823 0.4784595603 1.5448593467 -0.7808631220 -1.1505929379 -0.6283266470 0.0000000000 -0.3090169713 0.4154551530 -0.2650647139 1.9139440962 0.0000000000 -1.4261908260 -0.7752635531 0.9821715705 -0.0000000000 
351570.0000000000 -1132914.3504008492 6092529.2658240683 1504632.9486635174 0.0730827941 11.3140434823 0.2807303173 0.9018657260 0.2855891052 0.0640182599 -0.1287652294 0.0000000000 -0.3054460734 -0.2312892282 1.2719643708 1.0049389690 0.0000000000 -2.3127263788 -0.2976404926 -0.5629520112 -0.0000000000 
351600.0000000000 -1132914.2100826828 6092529.5256452346 1504632.8669997440 0.2624732381 11.3140434823 1.4877916115 0.6309967672 0.2292610582 -0.3449593610 -0.0817495384 0.0000000000 -0.2553933364 0.1703575539 0.2659018282 0.1899121745 0.0000000000 -1.7483526517 0.3860819967 -0.9170709351 -0.0000000000 
351630.0000000000 -1132913.6802511793 6092529.9093753211 1504632.8446855054 0.4463042678 11.3140434823 2.9518992521 0.0722237973 1.7366308072 0.8715620507 -0.0479916139 0.0000000000 0.9438873303 -0.3051958369 -0.6164681149 0.1947708630 0.0000000000 -3.2306191780 0.3167234641 -2.6083815582 0.0000000000 
351660.0000000000 -1132914.7551761684 6092529.3253912097 1504632.9146737680 0.0995976845 11.3140434823 1.7214424213 0.7984772627 0.0947790020 -0.0155844857 -0.2165638831 0.0000000000 0.4972174866 -0.1959229381 -0.8302655656 0.3757660960 0.0000000000 -1.6229891835 0.3463696541 -0.7785918977 -0.0000000000 
351690.0000000000 -1132916.0578173299 6092531.0983397402 1504634.0749385143 0.0394953124 11.3140434823 1.1924348266 0.1638298730 0.3852678182 -0.3377415325 0.1063225472 0.0000000000 -0.1712849253 0.2068237923 -0.1920561168 0.7686255812 0.0000000000 -1.3135896727 -0.2865010108 -0.4652043274 0.0000000000 
351720.0000000000 -1132916.9491800366 6092530.4445918808 1504633.5525246817 0.4793665062 11.3140434823 1.5914738183 0.4239772739 -0.1563377710 -1.1156943322 0.4247510615 0.0000000000 -0.4263911978 0.2150027082 -1.2529684440 1.7933405901 0.0000000000 -0.9658867400 -0.9282836120 0.4880742612 -0.0000000000 
351750.0000000000 -1132914.4705427866 6092528.1429700414 1504632.5646744559 0.0011036688 11.3140434823 1.1308261288 -0.2407217485 0.4036319492 0.1010299617 -0.2487915108 0.0000000000 -0.5164973689 0.0416723805 -0.9043896509 1.1737875073 0.0000000000 -0.7174052912 0.2849709419 -0.3085265228 -0.0000000000 
351780.0000000000 -1132914.6437263282 6092526.8772000037 1504632.8452990418 0.0007232625 11.3140434823 1.3756647058 1.3399376519 0.1563986441 -0.7850333086 0.1924575314 0.0000000000 -0.3412240085 -0.2760498820 0.3846186412 0.6261439153 0.0000000000 -1.8300347457 -0.3925994340 -0.4627078204 0.0000000000 
351810.0000000000 -1132916.2171903008 6092530.1187547585 1504633.7750296646 0.1289966396 11.3140434823 -0.5671436610 0.3232010991 -0.7506542946 -0.7730231213 0.2394350173 0.0000000000 -0.5166673446 0.7837883970 1.3128125567 1.5744937058 0.0000000000 -1.6705226029 -0.8740201894 0.7051578704 0.0000000000 
351840.0000000000 -1132915.6173837157 6092529.5287735211 1504633.4751911974 0.0006016526 11.1654816136 -0.4054411145 1.4810754743 -0.1977578108 0.0000000000 -0.0686658229 0.0000000000 -0.3248616475 -0.7047707071 1.2609233678 1.7076835699 0.0000000000 -2.2402674011 -0.7622603240 0.2136909469 -0.0000000000 
351870.0000000000 -1132915.1986309288 6092526.2976225400 1504633.0654096161 0.0666958650 11.1654816136 -1.5781329151 0.7534173800 -1.0195211120 0.0000000000 -0.7453720612 0.0000000000 -0.3299471881 0.4069296842 1.5496189241 1.0525131158 0.0000000000 -1.1530433588 0.1128455324 0.7322050563 0.0000000000 
351900.0000000000 -1132915.9077169334 6092529.6339099240 1504633.1274285677 0.0424140932 11.3140434823 -0.4017313035 0.3571967468 0.6155318847 0.0000000000 -0.4460226682 0.0637856345 -0.6138448955 0.1958326562 1.4044529014 1.0430719573 0.0000000000 -1.5453277861 -0.5034593380 -0.2865603694 -0.0000000000 
351930.0000000000 -1132916.5571089115 6092530.9116919432 1504632.9647798203 1.8732768921 11.3140434823 -0.9999094229 -0.0497977701 -0.3304352850 0.0000000000 0.5030278996 0.3783004800 -0.0117331315 0.0609185644 0.4408355506 1.3915081897 0.0000000000 -0.9769437722 -1.0504738484 0.5647872040 -0.0000000000 
351960.0000000000 -1132915.7445433605 6092529.2346946541 1504632.5684470427 0.1846650818 11.3140434823 -1.2953418669 0.0178695303 -0.6717576291 0.0000000000 0.5914501780 0.4382275798 0.2364471660 0.4282870333 1.3769985486 0.8363326668 0.0000000000 -1.6424877154 -0.7806312493 0.2785382757 -0.0000000000 
351990.0000000000 -1132915.1463407557 6092528.0020946981 1504632.2457340660 0.0397039742 11.3140434823 -2.0725641821 0.0240735660 -0.9371114425 0.0000000000 0.4661084368 1.4397645552 0.1049659803 0.2133796447 -0.0074248661 1.2864994426 0.0000000000 -0.7117694494 -0.7154215424 0.7400969105 -0.0000000000 
352020.0000000000 -1132915.0360258692 6092528.4969497584 1504632.9284124128 0.2710488850 11.3140434823 -2.2205163167 -0.3392123666 0.4852620194 0.0000000000 0.0842854134 2.4569700678 0.0105072794 0.9411947833 0.7478889844 0.9117112572 0.0000000000 -1.8074028703 -0.9089062136 -0.6322754460 0.0000000000 
352050.0000000000 -1132913.5349221979 6092525.1763339993 1504631.9644238844 0.0608402368 11.3140434823 0.3069934602 0.3902750001 0.7590867227 0.0000000000 0.0353573639 -0.8367176648 0.1795600852 0.0303860460 1.7232810695 0.6911923825 0.0000000000 -1.8392519885 -1.2113808593 -0.3126741317 0.0000000000 
352080.0000000000 -1132915.6916524910 6092529.2681376385 1504632.9883915167 0.0997332758 11.3140434823 0.3641630634 0.3175643947 0.4027961778 0.0000000000 -0.0589906705 -0.0773772644 -0.1630359135 -0.1727340082 -0.0551587275 1.5434211013 0.0000000000 -1.2597200681 -0.7727768578 0.0180059969 -0.0000000000 
352110.0000000000 -1132912.8050617210 6092527.1974429926 1504632.5854856123 0.0024667650 11.3140434823 0.9061603542 -0.5416872871 1.4175592020 0.0000000000 -0.3912928313 1.0611597427 -0.1082424710 0.7805594173 -0.4401766018 0.4100791563 0.0000000000 -1.4708711418 0.0634951081 -1.5070121637 -0.0000000000 
352140.0000000000 -1132916.3288462565 6092530.1050591124 1504632.7467331474 0.8864238682 11.3140434823 0.1166521894 -0.2284678928 0.5320310005 0.0000000000 -0.0379526666 -0.0355960740 -0.3430416207 -0.1145518038 -0.6867804002 1.5892638249 0.0000000000 -0.1714008291 -0.9275363336 0.3836790052 0.0000000000 
352170.0000000000 -1132914.8874784189 6092527.0295818644 1504632.6867825992 0.2706199717 11.3140434823 -2.5006105713 -0.0109230244 0.3243675876 0.0000000000 -0.9976583198 0.8967033596 0.4554285373 0.9671651804 1.1067120656 0.2013084970 0.0000000000 -0.3010312170 -0.9053921182 0.2321021625 -0.0000000000 
352200.0000000000 -1132915.6879452993 6092530.7525762990 1504633.1353853778 0.2150303153 11.3140434823 -0.2016321430 -0.6480430143 -0.1140021121 0.0000000000 0.0121730535 -1.1957628670 0.3069506634 0.7890218198 1.0481956944 0.6624039170 0.0000000000 -0.4541229862 -0.9527732439 0.6046019325 -0.0000000000 
352230.0000000000 -1132914.4102146230 6092529.2103355834 1504633.1351766933 0.0378393608 11.3140434823 0.5102196358 0.4168585335 0.5452538995 0.0000000000 0.2693531942 0.4911070090 0.2647222901 -0.5764393693 -0.8653576602 0.6055105476 0.0000000000 -0.5503304903 -0.6184070177 -0.3218016590 0.0000000000 
352260.0000000000 -1132915.0220205258 6092528.8493995471 1504633.2152746909 0.0079102879 11.1654816136 0.0000000000 0.2532449964 0.7308349998 0.0000000000 0.4551265680 2.0326419025 -0.3801470754 -0.2717019291 -0.8205314254 1.2212944712 0.0000000000 -1.7844067789 -0.3012610163 -0.9763580575 0.0000000000 
352290.0000000000 -1132914.6071880592 6092528.2277689259 1504632.4539433236 0.1668081958 11.1654816136 0.0000000000 0.1692700000 0.0465957790 0.0000000000 0.0773295349 0.6244321087 -0.3424003535 0.1419206642 0.3095195559 0.7210051913 0.0000000000 -1.3956098649 0.1141706093 -0.4300560851 -0.0000000000 
352320.0000000000 -1132914.3402285415 6092527.6187167764 1504632.4764883798 0.0168641638 11.1654816136 0.0000000000 0.7916537582 0.1968582975 0.0000000000 -0.1643777587 0.8714785244 0.4374257965 0.0406275877 0.2045633868 0.5967184317 0.0000000000 -2.0408687343 -0.1460543444 -0.7622395308 -0.0000000000 
352350.0000000000 -1132914.3120903869 6092529.3020053590 1504632.7698595324 0.0278323769 11.1654816136 0.0000000000 0.2217429114 1.0321823910 0.0000000000 -0.1037137831 1.0814455168 0.0950301686 -0.0322175259 -0.3076542109 0.7412233038 0.0000000000 -1.2582562788 -0.6385911125 -0.7817257841 0.0000000000 
352380.0000000000 -1132914.7872823307 6092527.8587214844 1504632.6988906674 0.0273367805 11.1654816136 0.0000000000 0.6800094701 0.7773208826 0.0000000000 -0.5782781448 1.1155706717 1.0209638677 0.2376815599 -0.4018160500 0.2984063463 0.0000000000 -1.6861731934 -0.4080961612 -1.0351072519 0.0000000000 
352410.0000000000 -1132914.0899981239 6092527.6200708486 1504632.4558877577 0.1891868304 11.1654816136 0.0000000000 -0.1650421218 1.1856918747 0.0000000000 -0.4993857582 0.7935597481 -0.4796815956 0.4435356978 0.2198866292 1.0875052435 0.0000000000 -1.4152564273 -0.3830784735 -0.7728469984 0.0000000000 
352440.0000000000 -1132915.2446260327 6092526.0913933842 1504632.4967836794 0.0005967321 11.1654816136 0.0000000000 0.7830275439 -0.5475162956 0.0000000000 -0.9006576798 -0.4938572631 0.0534714445 -0.0288066356 -0.6731327475 2.0477318268 0.0000000000 -0.7717396215 -0.1763250895 0.7222017326 0.0000000000 
352470.0000000000 -1132915.4377845798 6092531.2136621019 1504634.1629035939 0.2592805799 11.1654816136 0.0000000000 0.4955600688 0.0246695146 0.0000000000 1.0075943209 0.9353135430 0.1852011360 -0.5887246825 -0.1577555376 0.6288053337 0.0000000000 -1.4215519626 -0.6749555370 -0.3476119884 0.0000000000 
352500.0000000000 -1132916.3306711537 6092530.9465918671 1504633.5109832759 0.1801872006 11.1654816136 0.0000000000 0.3310804749 0.2958089820 0.0000000000 0.4352614791 0.9484304887 -0.3293794488 -0.4193893424 -0.5531052165 1.3664913661 0.0000000000 -1.2240839040 -0.5284839853 -0.2228658463 -0.0000000000 
352530.0000000000 -1132914.7856421599 6092527.3596113781 1504632.9937271560 0.0583703611 11.1654816136 0.0000000000 1.2218637087 0.0495111627 0.0000000000 -0.0021068037 0.7674027728 0.1408006476 -0.1891434875 0.9522695062 0.9755594552 0.0000000000 -2.9673113703 -0.1100473284 -0.8260258963 0.0000000000 
352560.0000000000 -1132914.9019339683 6092528.1955674551 1504633.5261533638 0.0154457065 11.1654816136 0.0000000000 0.7988361871 0.7921172652 0.0000000000 -0.1894073060 -0.6069044705 -1.2071455344 -1.1698493663 0.9727443247 0.8152886499 0.0000000000 0.0191855173 -0.5506877873 0.2820357553 -0.0000000000 
352590.0000000000 -1132914.6878719435 6092528.8329465464 1504633.4657486149 0.0027547919 11.1654816136 0.0000000000 0.7616047726 -0.0326512018 0.0000000000 0.7159876554 0.8620822319 -0.2531224512 -0.3803501855 0.7732438106 0.9440667106 0.0000000000 -2.4614720596 -0.2862129207 -0.5894230738 -0.0000000000 
352620.0000000000 -1132914.8130885819 6092527.4696871443 1504633.3352537786 0.0465829534 11.1654816136 0.0000000000 0.8111138003 0.1187893787 0.0000000000 -0.0864885072 0.7734174064 -0.0093696122 0.1577377511 0.9449756267 0.9513800778 0.0000000000 -2.8312770551 0.0400457270 -0.8587922668 -0.0000000000 
352650.0000000000 -1132913.9156163295 6092526.0835509114 1504632.9112118098 0.5938598398 11.1654816136 0.0000000000 1.2812850833 0.3196727019 0.0000000000 -0.1421065115 0.2816806226 0.2806921894 -0.1406259779 1.7965023578 0.5273513948 0.0000000000 -3.0450684701 -0.2889107738 -0.9261768873 0.0000000000 
352680.0000000000 -1132914.2303163991 6092528.7191293137 1504633.3365072724 0.0004561541 11.1654816136 0.0000000000 0.4525803674 0.8307124852 0.0000000000 -0.6432920489 1.1945793136 -0.1962503234 0.1987476898 0.2766583725 0.2277750674 0.0000000000 -1.6302827167 0.4973805952 -1.1813560148 0.0000000000 
352710.0000000000 -1132914.3805887352 6092527.2678307677 1504632.6091563441 0.0280952141 11.1654816136 0.0000000000 1.0735129412 0.3185098168 0.0000000000 0.1414378787 0.0022986454 -0.8353152200 -1.0178034867 1.0619113343 0.7116046477 0.0000000000 -1.1214502676 -0.2126701783 -0.1294530217 -0.0000000000 
352740.0000000000 -1132915.5365600064 6092530.3461378077 1504633.2932415940 0.5487809730 11.1654816136 0.0000000000 1.0702548099 0.2515172242 0.0000000000 0.7751274835 0.6812847123 -0.4293154719 -0.9040205738 1.1319490020 0.5372463235 0.0000000000 -2.1075467561 -0.3905695913 -0.5830820116 0.0000000000 
352770.0000000000 -1132916.3882493926 6092528.7860220112 1504633.7410512480 0.1127375057 11.0041300577 0.0000000000 0.1960766649 -0.2674789776 0.0000000000 0.5606733340 0.3422340344 -0.3244931190 -0.0054466087 0.2285740134 1.3723112010 0.0000000000 -1.6498702694 -0.4069493496 0.0000000000 -0.0000000000 
352800.0000000000 -1132915.0494765353 6092528.9208751302 1504633.0899714916 0.0000921036 11.1654816136 0.0000000000 0.5029792905 1.1383531926 0.0000000000 0.9897791834 0.7663587223 -1.0790512581 -0.9417757923 1.4708006136 0.6805997622 0.0000000000 -1.8737160806 -0.9406698706 -0.6781073349 0.0000000000 
352830.0000000000 -1132915.5115628229 6092528.6718683457 1504633.6054348410 0.4425358563 11.1654816136 0.0000000000 1.0157370440 0.2326150330 0.0000000000 0.4337875391 0.7198750121 0.5363950051 -0.5875274855 0.1979725032 0.4784105817 0.0000000000 -1.8285010477 -0.5867244789 -0.5803935356 -0.0000000000 
352860.0000000000 -1132914.4689126548 6092528.0607087007 1504632.5944895258 0.0286572411 11.1654816136 0.0000000000 -0.0976998034 0.7095127284 0.0000000000 0.2840674247 1.5514032773 -0.1509642372 0.0982125012 -0.7742535773 0.9094940154 0.0000000000 -1.3873588620 -0.2389991343 -0.7953187497 0.0000000000 
352890.0000000000 -1132914.6437359126 6092527.1349306423 1504633.3323650009 0.3094601755 11.1654816136 0.0000000000 0.6502943898 0.9929777917 0.0000000000 -0.0215646685 1.9060469821 0.8240274726 -0.1222670698 -0.8702805633 0.4250604190 0.0000000000 -2.0135019166 -0.3097974468 -1.3680626340 -0.0000000000 
352920.0000000000 -1132914.8313220444 6092529.8543809243 1504633.3597742836 0.0093286673 11.1654816136 0.0000000000 1.1162756241 0.4240078078 0.0000000000 0.5876244362 2.2697973079 -0.2174937930 -1.2943548179 -1.9603129910 1.1770046224 0.0000000000 -1.1998015335 0.0245427213 -0.7324810437 -0.0000000000 
352950.0000000000 -1132915.3005828196 6092528.5588591909 1504633.5855296506 0.1206625372 11.1654816136 0.0000000000 0.6278699273 0.1088001229 0.0000000000 0.6401302562 1.3286693400 -0.2478217212 -0.3924657096 -0.0816248756 0.8802233634 0.0000000000 -2.0357477769 -0.0531480009 -0.6791936658 0.0000000000 
352980.0000000000 -1132915.3090525530 6092528.2729475945 1504633.6284036473 0.1082987247 11.1654816136 0.0000000000 0.7091250040 0.5339705487 0.0000000000 0.3750110091 0.4371786724 -0.4717321222 -0.5750149155 1.0692205759 0.5863649704 0.0000000000 -1.7249291165 -0.4232585145 -0.5059265302 -0.0000000000 
353010.0000000000 -1132915.6106337616 6092531.1661649151 1504633.5493546184 0.4439678788 11.1654816136 0.0000000000 0.1713064845 -0.1706610524 0.0000000000 0.2655563675 0.3425375490 -0.3502319082 0.1383629405 0.1457661449 1.3335285125 0.0000000000 -1.5536993116 -0.2048591097 -0.0838020766 -0.0000000000 
353040.0000000000 -1132916.1916612005 6092529.3363317717 1504632.7745928303 0.3840486149 11.1654816136 0.0000000000 0.3568055504 0.0779208146 0.0000000000 -0.3433999910 -0.0186528335 -0.0035809021 -0.0802716157 -0.9356826084 2.0458538150 0.0000000000 -0.7619305566 -0.6090941008 0.2899791293 0.0000000000 
353070.0000000000 -1132915.3635914337 6092529.5753775910 1504632.8619480827 0.3262367817 11.1654816136 0.0000000000 0.0251578406 0.3000638178 0.0000000000 0.1131957862 0.9610682255 0.2438525065 -0.0312894987 -1.1171163290 0.5411040974 0.0000000000 -0.4591454151 -0.1373361869 -0.3667504566 -0.0000000000 
353100.0000000000 -1132916.2929440963 6092530.1698368713 1504633.2637463182 0.5691984196 11.1654816136 0.0000000000 0.0029333880 -0.8313899758 0.0000000000 0.8680369089 1.1715222091 -0.4833947739 -0.1677498485 -1.1975349203 0.6564629243 0.0000000000 -0.4842836743 0.5743918168 0.0250569628 -0.0000000000 
353130.0000000000 -1132915.2714797975 6092530.0993558886 1504633.1855836487 0.3620783112 11.1654816136 0.0000000000 0.2401858600 0.2297538982 0.0000000000 0.4113327375 1.4648562938 -0.0243915047 -0.1172311358 -1.0334997504 1.0229678502 0.0000000000 -1.4274108229 -0.0547034746 -0.6020197129 0.0000000000 
353160.0000000000 -1132914.1756800795 6092526.9410376651 1504633.4689178842 0.0085202060 11.1654816136 0.0000000000 -0.0887044260 1.6848213569 0.0000000000 0.4849920285 2.3295719178 0.0352574746 -0.2824706094 -0.9038985309 0.1399807104 0.0000000000 -1.3535957895 -0.4758715850 -1.4357474317 0.0000000000 
353190.0000000000 -1132915.2937904208 6092528.3683179589 1504632.9086380971 0.0453345481 11.1654816136 0.0000000000 -0.0118853365 -0.1141386630 0.0000000000 -0.2172601353 0.0275581936 0.0256407998 0.5102402340 0.1532863827 0.8747791678 0.0000000000 -1.1099463086 -0.0181492257 -0.1277318378 0.0000000000 
353220.0000000000 -1132914.3463603628 6092525.2642318355 1504632.1184288603 0.0518412405 11.1654816136 0.0000000000 -0.1083742449 0.2296871140 0.0000000000 -0.7801322965 -0.3869580795 1.0456465015 0.8082221199 0.1977098388 -0.1266907481 0.0000000000 -0.4659082145 -0.1665629215 -0.3171831925 0.0000000000 
353250.0000000000 -1132916.3491929327 6092529.8259268794 1504633.5822260275 0.3214707670 11.1654816136 0.0000000000 -0.0820464383 0.0315561394 0.0000000000 0.2239563250 -0.0766080024 -0.4921645544 0.1083872577 0.5242629421 0.7681095700 0.0000000000 -0.7823108932 -0.2975873420 0.0744833543 0.0000000000 
353280.0000000000 -1132915.3744386164 6092528.5321106073 1504633.2790491302 0.5446934932 11.1654816136 0.0000000000 0.3028348790 0.5234840417 0.0000000000 0.2390100524 0.2388209655 -0.3851894333 -0.4615345626 0.1005715958 0.9259028979 0.0000000000 -0.7546903539 -0.6214095938 -0.0892680538 0.0000000000 
353310.0000000000 -1132914.6783922361 6092528.3889045184 1504633.2939276043 0.0006015768 11.1654816136 0.0000000000 0.3122222652 0.7564320668 0.0000000000 0.3108966231 1.7724454682 0.3998465760 -0.1347133698 -1.1155847031 0.7374163494 0.0000000000 -1.6752226504 -0.2372591498 -1.0226214300 -0.0000000000 
353340.0000000000 -1132914.6022594213 6092525.5930619733 1504632.7987492832 0.0041606375 11.1654816136 0.0000000000 -0.0204788082 0.3949483142 0.0000000000 -0.2935063474 -0.5984248469 0.4987602288 0.2899568940 0.2022305126 0.8450366686 0.0000000000 -0.5310035935 -0.9365775512 0.0912868948 -0.0000000000 
353370.0000000000 -1132915.4178178057 6092528.7698589955 1504633.9291798261 0.1331346543 11.1654816136 0.0000000000 0.0009542791 0.4562886813 0.0000000000 0.1835150920 1.5945647392 -0.8485061116 0.1881893452 -0.0532810266 0.8462842950 0.0000000000 -1.9236850557 0.5619661638 -0.9086206763 -0.0000000000 
353400.0000000000 -1132915.7209258715 6092527.4426524993 1504633.3148798558 0.0917988197 11.1654816136 0.0000000000 0.3427479103 0.1786731313 0.0000000000 0.1680564490 -0.6886426856 -0.4597305115 -0.2922135145 0.5368318507 1.8169621156 0.0000000000 -0.9847425680 -1.1010875412 0.4465089772 -0.0000000000 
353430.0000000000 -1132915.3358592072 6092527.2222867897 1504633.5461337308 0.0455414931 11.1654816136 0.0000000000 0.5374737328 -0.0809551560 0.0000000000 0.6663335752 0.1355360061 -0.4543480622 -0.1891005599 1.4147844855 0.7332287749 0.0000000000 -2.1202210416 -0.4022535577 -0.2377230780 -0.0000000000 
353460.0000000000 -1132914.9801113559 6092528.0859597623 1504633.9279249865 0.4456112539 11.1654816136 0.0000000000 -0.1162110472 1.1144042324 0.0000000000 0.8629220598 1.5926794801 -0.5915487107 -0.2748520399 0.4832834266 -0.0155681331 0.0000000000 -1.6000692079 -0.3940999117 -0.9676959494 -0.0000000000 
353490.0000000000 -1132915.1422948097 6092529.6661762279 1504633.5185373132 0.2112628799 11.1654816136 0.0000000000 0.0868370532 0.1451181877 0.0000000000 0.5622438916 0.1773801895 -0.7006697228 0.0529807268 1.3027267626 0.7265388949 0.0000000000 -1.7434555064 -0.4000824147 -0.2010448087 0.0000000000 
353520.0000000000 -1132914.3157558998 6092529.0288359663 1504633.1945250959 0.0225819439 11.1654816136 0.0000000000 0.1075733328 1.4158314255 0.0000000000 0.4495476386 1.6473452604 -0.7563982851 -0.3991473296 0.2954418273 0.5796211296 0.0000000000 -1.8444651590 -0.3353427794 -1.0719433283 0.0000000000 
353550.0000000000 -1132914.9429886192 6092528.6171364281 1504633.1954361149 0.2588820749 11.1654816136 0.0000000000 0.1151381692 0.6207729289 0.0000000000 0.2753370299 0.6361588788 -0.1952397346 -0.2605795508 -0.1850735803 0.6687326092 0.0000000000 -0.8296653610 -0.4647920902 -0.3431754859 -0.0000000000 
353580.0000000000 -1132915.6968496882 6092529.2073570350 1504632.9055820035 0.5957597909 11.1654816136 0.0000000000 0.5493432069 0.2210465169 0.0000000000 0.5986452764 0.4975001048 -1.7498730607 -0.7156663877 0.6621495605 2.0247906992 0.0000000000 -1.8084240497 -0.2491627898 0.0232666129 -0.0000000000 
353610.0000000000 -1132915.4449827969 6092530.0819109334 1504633.1161042855 0.0001728400 11.3140434823 0.0000000000 0.7951227940 0.4591424427 0.0000000000 -0.0151008413 -0.5895930169 -0.8622103706 -0.2855707326 0.6157913276 1.2696854888 1.7592712897 -1.5858003392 0.0414741820 -1.2185913252 0.0000000000 
353640.0000000000 -1132916.9203046560 6092531.1363803037 1504634.0001600271 1.1982089743 11.3140434823 0.0000000000 0.6637907036 0.1768820468 0.0000000000 0.3430655174 0.6188337116 -0.6014525849 -0.4032042197 0.2885974250 1.0905609055 0.1907550345 -1.7890923176 0.0146402552 -0.5103494474 0.0000000000 
353670.0000000000 -1132915.1513114471 6092528.3790051853 1504633.9210065701 0.0077569157 11.3140434823 0.0000000000 0.7135404094 0.3106628951 0.0000000000 0.9244788877 2.5701582220 0.0341737405 -0.5677349351 -0.2675198180 1.1988876449 -1.4819285526 -3.0367689132 -0.3367899436 -0.2670083321 -0.0000000000 
353700.0000000000 -1132915.9126589368 6092527.5723585906 1504633.7383504289 0.0833325567 11.3140434823 0.0000000000 -0.0314896034 1.4637292033 0.0000000000 0.4905791132 1.2366674147 -0.6121601136 -0.5362140166 0.3066106308 1.0825225662 -0.5969717401 -1.4623361025 -1.1383802887 -0.2786680939 -0.0000000000 
353730.0000000000 -1132916.2512032453 6092526.8442886183 1504633.2695151444 0.2675573656 11.3140434823 0.0000000000 1.7331467186 0.7282360215 0.0000000000 -0.1138235810 0.2286823467 0.3112147584 -1.2434129403 1.3198851089 1.3317255156 -0.9095859988 -2.5593097536 -0.9744161329 -0.0950852494 0.0000000000 
353760.0000000000 -1132915.9818819424 6092530.0194063652 1504633.4802584334 0.0160804841 11.3140434823 0.0000000000 0.6482561081 -0.7572006789 0.0000000000 0.7041010020 2.0547580645 -1.0538697143 -0.5943970330 -1.2065389315 1.3695892772 -0.7153796509 -1.5675220750 1.0672364633 0.0389212125 -0.0000000000 
353790.0000000000 -1132915.2254751762 6092529.0628838735 1504632.7200817196 0.9361823297 11.3140434823 0.0000000000 -0.4111407358 0.5588115595 0.0000000000 0.0341807013 2.0216456412 0.2111152856 0.4659912384 -0.4678577394 0.8705817737 -1.5788734592 -1.7610252877 -0.1914618007 -0.0192527407 0.0000000000 
353820.0000000000 -1132915.1201256036 6092530.1870907526 1504633.4296477225 0.1100519975 11.3140434823 0.0000000000 -0.5915674034 0.4283250034 0.0000000000 0.6716160998 2.2196401714 -1.1371583545 0.1371196139 0.3282357711 1.3610064638 -1.9213684023 -2.0027623610 -0.3554673394 0.5575550712 0.0000000000 
353850.0000000000 -1132915.0850797307 6092529.5791906882 1504632.6139440993 0.0487358357 11.3140434823 0.0000000000 -0.4831884955 1.7787946337 0.0000000000 0.2757686518 1.9245553400 -1.0567695473 -0.3906121700 0.5400111587 0.6347068785 -1.1201896954 -1.3171368373 -0.7128664599 -0.2294036097 0.0000000000 
353880.0000000000 -1132915.1626127036 6092529.0292180562 1504633.4911112855 0.0534730308 11.3140434823 0.0000000000 0.4932882436 0.9565719480 0.0000000000 0.4040992207 -0.0035693143 -0.3677939672 -0.0508591392 0.5193181564 0.3328032337 2.1075734596 -1.8722894404 -0.0816805830 -1.9729193266 0.0000000000 
353910.0000000000 -1132914.9805994732 6092527.1813174766 1504633.3532123226 0.0128817896 11.3140434823 0.0000000000 0.9455075224 0.6098229388 0.0000000000 0.0700819107 0.5564610840 -0.9219391802 -0.9238861930 -0.1026869977 1.1688040782 0.5527670953 -1.2874511992 0.2488701508 -0.7608660130 0.0000000000 
353940.0000000000 -1132914.6245181332 6092527.1829150869 1504633.1161021627 0.0554233813 11.3140434823 0.0000000000 1.5127638697 0.5051507434 0.0000000000 -0.4275840020 0.6791867358 0.6674694425 -0.8862659299 0.4080683260 0.5888039991 -0.6311036681 -2.0274261584 0.0451951469 -0.5786853802 0.0000000000 
353970.0000000000 -1132914.5482332853 6092529.4076059600 1504632.8181769194 0.0037829316 11.3140434823 0.0000000000 0.0079551923 0.7385300609 0.0000000000 0.1094405723 1.0329117612 -0.9279976495 -0.1755183661 -0.6038174101 0.6977134633 0.6461783791 -0.8418653100 0.4649117177 -0.9429333613 -0.0000000000 
354000.0000000000 -1132914.5174995183 6092527.9533809610 1504632.5794754117 0.0023965170 11.3140434823 0.0000000000 -0.2922328024 0.7255672543 0.0000000000 -0.0641914635 1.2748463211 -0.0315401280 0.4205156149 0.4563320764 0.8420398765 -1.0920169953 -1.9025811158 -0.3768009545 -0.1539133761 -0.0000000000 
354030.0000000000 -1132915.5196322673 6092530.3161856458 1504633.1889029848 0.0055429313 11.3140434823 0.0000000000 0.2708143308 0.1715621951 0.0000000000 0.2974105644 -0.2187458262 -0.8915453556 0.0762028523 1.1107422017 0.9328370477 0.7014029099 -1.6597889156 -0.1130397265 -0.5377310895 0.0000000000 
354060.0000000000 -1132915.4514309610 6092528.2410782408 1504633.4415289310 0.0178934175 11.3140434823 0.0000000000 0.1420106375 0.0525968013 0.0000000000 0.0927414858 0.8810686117 0.6149363262 0.3791925007 -0.6544497325 0.3899998868 -0.0112809041 -1.3629296328 0.1920770814 -0.6848909819 -0.0000000000 
354090.0000000000 -1132914.5199540234 6092528.1250785040 1504632.7974744001 0.1945812283 11.3140434823 0.0000000000 0.9708200778 0.6538026025 0.0000000000 0.1607811114 0.1570639636 -0.6995723644 -0.9744918530 1.1435460057 1.3039211277 -0.3695704290 -1.7529664891 -0.6250641884 -0.0505638300 -0.0000000000 
354120.0000000000 -1132914.3330796123 6092529.0322363107 1504633.4909691466 0.0026623171 11.3140434823 0.0000000000 0.3791857393 0.3279409840 0.0000000000 -0.0216995758 1.3252675640 1.1644961806 0.0398845852 -0.5929060752 0.0582363474 -0.7750826435 -1.4758208795 -0.0167426468 -0.5345548008 0.0000000000 
354150.0000000000 -1132913.9241932763 6092527.4615642419 1504632.8354374815 0.1027410799 11.3140434823 0.0000000000 0.7035102821 0.9894075760 0.0000000000 -0.3343467907 0.8411441624 0.1991210068 -1.2148005666 0.4193856346 -0.0029104673 -1.3979892428 -0.3239904052 -0.4604691579 0.3092204214 0.0000000000 
354180.0000000000 -1132914.6488152514 6092528.9863136476 1504633.9168907274 0.0179980064 11.3140434823 0.0000000000 1.5763429147 0.3365014443 0.0000000000 0.0585074083 0.0340023172 0.1145905792 -0.5830342588 1.2595115945 0.5754573632 0.7810637159 -2.8774086551 0.2266009497 -1.3668124742 0.0000000000 
354210.0000000000 -1132915.3000444169 6092529.8521010419 1504634.3258628896 0.2370913960 11.3140434823 0.0000000000 0.0734752104 0.3001089888 0.0000000000 0.5417983643 1.3346609178 -1.2634100596 -0.4244371639 0.2492035395 1.2321608852 -0.7997909044 -1.4623074264 -0.0803277448 0.2150049315 -0.0000000000 
354240.0000000000 -1132914.5013019186 6092528.2870655432 1504633.1856818604 0.2563159811 11.3140434823 0.0000000000 0.9865653185 0.8021578393 0.0000000000 -0.3897381851 1.0542686448 1.1379606596 -0.2467917646 -0.7329244579 0.7543103417 -0.0652955867 -2.1698530521 0.1815877800 -1.3139167790 -0.0000000000 
354270.0000000000 -1132915.7843318032 6092529.1217192486 1504633.8894245485 0.0075004707 11.3140434823 0.0000000000 0.8792558015 -0.2507609409 0.0000000000 0.9416399757 0.5385630594 0.0759859143 -0.8281647445 -0.6342026266 0.3161785460 0.3145865916 -0.7960525040 -0.1268392748 -0.3228466081 -0.0000000000 
354300.0000000000 -1132915.2450510638 6092529.5889776573 1504633.8946332170 0.0315890623 11.3140434823 0.0000000000 1.0898955910 0.6044091504 0.0000000000 0.0999464937 0.8292852365 1.0753643016 -1.0789602669 -0.6156734535 0.1854590137 -0.6496330075 -0.8702911973 -0.4348258014 -0.3450371394 0.0000000000 
354330.0000000000 -1132915.1391185061 6092527.7094143433 1504633.5581617430 0.0009231316 11.3140434823 0.0000000000 0.0235365043 0.5787281857 0.0000000000 -0.0532929509 1.7116048247 -0.4324693529 -0.1154676928 -0.8625285745 1.1017101723 -0.7045309435 -1.3433724099 0.4071523668 -0.3738386077 -0.0000000000 
354360.0000000000 -1132916.1248613675 6092528.7320449315 1504633.5129576097 0.4041396107 11.3140434823 0.0000000000 0.5728475305 1.5677371981 0.0000000000 -0.2312250230 -0.7943099869 -0.5260414037 -1.0735238207 -0.4802420509 0.7416714096 1.6427515695 0.4692220160 -0.5276742546 -1.0814801301 0.0000000000 
354390.0000000000 -1132914.5167847059 6092529.1419189824 1504634.0262244183 0.0074307432 11.3140434823 0.0000000000 0.3016529016 0.8689751268 0.0000000000 0.7502109946 2.8871540092 -0.1329421881 -0.5290895002 -0.7986670017 0.2099502659 -0.6995147911 -2.2435247020 0.3281956502 -0.9410755468 -0.0000000000 
354420.0000000000 -1132914.7623739450 6092527.4921788136 1504632.6234269598 0.0753225734 11.3140434823 0.0000000000 0.1788022510 0.7213896775 0.0000000000 -0.3694896536 0.1440556848 0.0860081750 -0.1214552269 -0.2307676987 0.9007204539 -0.0606335792 -0.6673291147 -0.2238367835 -0.3809467934 0.0000000000 
354450.0000000000 -1132915.4152670756 6092531.9957484379 1504633.3100677636 0.2271677814 11.3140434823 0.0000000000 0.4911734383 -0.1066009886 0.0000000000 0.9210606847 0.6228695059 0.5325153234 0.0114010476 0.3477708514 -0.0244422960 0.1737301680 -1.9091755353 -0.3837090931 -0.6148394886 0.0000000000 
354480.0000000000 -1132914.8598629085 6092528.3759195339 1504632.9909524599 0.0908723721 11.3140434823 0.0000000000 0.9530731658 0.8767971852 0.0000000000 0.2129994150 2.6536888751 0.4212241706 -1.1068464368 -1.3365233397 1.1204119113 -1.5215419232 -2.1414478624 0.1811612218 -0.4955335683 0.0000000000 
354510.0000000000 -1132915.7031914927 6092530.2781388462 1504633.4917799928 0.0132242220 11.3140434823 0.0000000000 1.2997756845 0.4999899796 0.0000000000 0.0435173982 0.9773183633 0.4188388978 -1.3030127708 0.1214581895 0.8569185601 -1.2681746916 -1.5803610174 -0.3174273007 0.0386889595 0.0000000000 
354540.0000000000 -1132915.1085445471 6092530.3563575884 1504634.0896633368 0.0125446997 11.3140434823 0.0000000000 0.6999674570 0.7800358614 0.0000000000 0.6934950974 2.0696475064 0.1688890275 -0.5979241624 -0.3894512011 0.1942284900 -0.1714598655 -2.4129868939 0.1846635895 -1.1629081513 -0.0000000000 
354570.0000000000 -1132915.3426185462 6092529.4488066370 1504634.1155097093 0.0045388363 11.3140434823 0.0000000000 0.4437679916 0.9128921742 0.0000000000 0.2413218294 1.0341787700 0.9385453063 -0.3968628880 -0.5613462260 -0.0149400683 -0.0998922926 -1.2204757428 -0.3723047209 -0.8946959481 -0.0000000000 
354600.0000000000 -1132916.3848073678 6092530.9752962217 1504633.8972837033 0.7170460897 11.3140434823 0.0000000000 -0.4558676802 0.2720043258 0.0000000000 0.6641681346 0.9859071448 0.0306656059 0.9866771153 -0.2640580879 0.2276665763 0.8059246998 -1.9408785394 0.0831049609 -1.2046849797 0.0000000000 
354630.0000000000 -1132915.9217043940 6092529.2841621554 1504633.7426307353 0.0457622521 11.3140434823 0.0000000000 0.4338016163 0.0195115017 0.0000000000 -0.0658993502 1.2127691558 1.0626017543 -0.1681171953 -0.2299698626 0.3362783197 -1.5910351382 -1.3386657456 -0.1244245222 0.1978059025 0.0000000000 
354660.0000000000 -1132915.1190890288 6092527.4511402743 1504633.3277429286 0.0064330887 11.3140434823 0.0000000000 0.5561554102 0.0129240028 0.0000000000 -0.1935385490 -0.5080567645 1.2794707995 0.3693154904 0.0520358092 0.6939389633 0.0561338309 -1.4035015820 -0.3880734824 -0.5683813140 -0.0000000000 
354690.0000000000 -1132916.0871843200 6092529.0110302689 1504633.8394274893 0.0109353417 11.3140434823 0.0000000000 -0.2506728138 0.3835137598 0.0000000000 0.7234746791 1.3360513933 -0.3696235574 0.1678434041 0.1391231781 0.5334666498 -0.4113825049 -1.6676305945 -0.3709860635 -0.2237049673 -0.0000000000 
354720.0000000000 -1132914.9579206835 6092528.1314158551 1504633.1084265304 0.0718141688 11.3140434823 0.0000000000 0.1354079413 0.5462839366 0.0000000000 0.0372352558 0.7823196091 0.6532531916 0.6206438244 -1.1828594917 1.1150851534 0.5712869181 -1.9853360786 0.2539736570 -1.4351362246 0.0000000000 
354750.0000000000 -1132914.2429920756 6092528.2844045479 1504633.8773757629 0.2346528664 11.3140434823 0.0000000000 1.2406942056 0.6167420793 0.0000000000 0.8496741287 2.1995962243 0.0083279386 -1.4658325473 -0.2891782989 -0.3044276554 -0.4155887085 -1.9562349988 0.3924667584 -0.8489157039 -0.0000000000 
354780.0000000000 -1132914.7960403743 6092530.7387963179 1504633.2141929036 0.0041161910 11.3140434823 0.0000000000 0.4416641884 0.3176572405 0.0000000000 0.8133875808 2.8502650764 1.0574105074 -0.1417655627 -0.9096302395 -0.2055618196 -1.0688749382 -2.6590001500 0.3020561807 -0.8699109743 -0.0000000000 
354810.0000000000 -1132916.6314456046 6092531.4679676369 1504634.6215835884 0.0040222362 11.3140434823 0.0000000000 -0.0053820357 0.1147707388 0.0000000000 0.8564591272 1.0094557675 -0.9670659614 0.6927121387 -0.5517295082 1.3600064841 1.2255489049 -2.6096690624 0.5497684526 -1.4152791316 0.0000000000 
354840.0000000000 -1132915.6236011053 6092527.6727764448 1504634.0799585574 0.2319443181 11.3140434823 0.0000000000 0.7041054952 0.1684282081 0.0000000000 0.2565887277 -0.9043204828 0.5163867946 -0.2652109874 -0.4815782502 0.4976388852 1.1316131515 -0.3430225956 -0.3228233106 -0.8096800046 -0.0000000000 
354870.0000000000 -1132916.0596477936 6092526.9429088421 1504632.9900052061 0.0456300213 11.3140434823 0.0000000000 0.8009800328 -0.3740452026 0.0000000000 -0.5739106650 -0.6032460441 0.5337965186 -0.0039312224 1.7620260150 0.5402928914 -0.9908361873 -1.5373750675 -0.1110983768 0.3422155604 -0.0000000000 
354900.0000000000 -1132915.0445543337 6092527.6166999443 1504633.6513269604 1.4261455476 11.3140434823 0.0000000000 -0.5729055587 1.0498710956 0.0000000000 0.4487691597 1.5228470958 -0.5495453767 -0.0974345635 -0.9134043769 2.2265569049 -1.2954962878 -1.2569690718 -1.0560567204 0.3367040878 -0.0000000000 
354930.0000000000 -1132913.3876891676 6092527.9919189606 1504634.2883942935 0.3400589260 11.3140434823 0.0000000000 0.1005951976 1.5461871128 0.0000000000 0.9092917500 4.5426527012 -0.2916444542 -1.1926761848 -1.1033982392 0.0044503508 -1.8542567154 -2.4697350772 0.2689939539 -0.5771505205 -0.0000000000 
354960.0000000000 -1132914.4646356869 6092528.2568695433 1504634.2213448952 0.1367708415 11.3140434823 0.0000000000 0.1615121558 1.0591678829 0.0000000000 0.5719272811 1.1107439101 0.3333182470 0.4823919936 -0.5563651431 0.8701349169 0.9618970243 -2.8556533477 -0.0563231973 -1.8999393937 0.0000000000 
354990.0000000000 -1132915.6871193831 6092529.0368483458 1504633.3399603670 0.1055613286 11.3140434823 0.0000000000 1.6973529101 -0.6391700941 0.0000000000 0.4561014755 -1.7100874227 -0.2967708563 -1.0825710081 1.8796802219 0.7198239342 0.3827851867 -1.0635943614 -0.5843302842 0.2419109846 0.0000000000 
355020.0000000000 -1132915.7209171986 6092525.9927601479 1504634.7303807256 0.1846464401 11.1654816136 0.0000000000 0.0000000000 -0.1961793094 0.0000000000 0.7691963310 -1.0210373984 -0.9618462587 0.3232448769 1.0198054427 0.8121563565 1.0853277974 -0.8409053925 -0.7282654591 -0.1155555212 -0.0000000000 
355050.0000000000 -1132915.2395426591 6092530.7299230471 1504634.6245892665 0.0006162070 11.3140434823 0.0000000000 -0.1347535897 0.1932955954 0.0000000000 1.3399871691 2.6041392234 -0.8849316831 -0.4562204026 -0.6098706568 -0.0751458268 -0.5554710978 -1.4189310825 0.1284565218 -0.0899970637 -0.0000000000 
355080.0000000000 -1132915.1949318796 6092530.8411559472 1504634.2114557181 0.0826626055 11.3140434823 0.0000000000 0.2586777429 -0.0049840189 0.0000000000 1.0390122417 2.0883791172 0.5040850736 -0.0912982060 -0.5020428222 0.0011513799 -0.8193832558 -2.1013166274 -0.0638026969 -0.3502610111 0.0000000000 
355110.0000000000 -1132915.6051497173 6092527.1407924583 1504633.0304506377 0.0151817787 11.3140434823 0.0000000000 0.4755228332 -0.3422548674 0.0000000000 0.4398819976 -1.6693846340 0.0219297539 0.3080334347 0.8893841201 1.1814494909 0.7724896652 -0.9672788913 -0.9239217060 -0.1326247279 0.0000000000 
355140.0000000000 -1132916.0405132833 6092529.9765011119 1504634.0018216502 0.0000338203 11.3140434823 0.0000000000 -0.1718419061 -0.8674658140 0.0000000000 1.0455719805 0.0965126441 -0.7450346391 0.3781054734 -0.2614660892 -0.1832860685 0.8201286223 -0.1074969287 0.1246492817 0.0280299591 -0.0000000000 
355170.0000000000 -1132914.2371452197 6092529.0212497963 1504633.8940484934 0.3535328060 11.3140434823 0.0000000000 1.1814081350 -0.0338300000 0.0000000000 0.5807010837 1.1320448279 1.0381643402 -0.8225572758 -1.1469573412 0.1496887077 -0.3880978902 -1.3567980967 0.3419394365 -0.6928880620 0.0000000000 
355200.0000000000 -1132915.3331060251 6092529.2925949404 1504632.6970994675 0.2775167690 11.3140434823 0.0000000000 0.9013434987 -0.2406359407 0.0000000000 0.1924719873 0.2540454085 0.1617223949 -0.2284703522 0.0571593610 1.2961391579 -0.4597650834 -1.8922865137 0.1847558201 -0.2913894645 0.0000000000 
355230.0000000000 -1132915.8001588420 6092530.6844088854 1504633.9282657267 0.0979177630 11.3140434823 0.0000000000 0.6840007216 -0.2227206744 0.0000000000 1.2242293261 -0.0689856639 -0.2134809866 -0.1355571910 -1.0158492957 1.5133211963 0.8243720618 -1.4332012972 -0.3399983113 -0.6849686579 -0.0000000000 
355260.0000000000 -1132915.7746710859 6092531.9066556487 1504634.0262727323 0.0403397220 11.3140434823 0.0000000000 0.0151145180 -0.1899700261 0.0000000000 1.1860496890 1.6707820357 -1.0401682740 -0.2197944677 -0.0428791000 1.2724965903 -0.9581868199 -1.8635005137 -0.3506675704 0.4618522717 -0.0000000000 
355290.0000000000 -1132915.9169528827 6092531.2332857354 1504633.9258721475 0.0001550847 11.3140434823 0.0000000000 0.0609363050 -0.1397444333 0.0000000000 1.1408539297 0.7204872586 -0.9260165298 -0.0537766707 -0.4664672339 1.9151162505 -0.3653693800 -1.5204247249 -0.6093135347 0.2325095934 -0.0000000000 
355320.0000000000 -1132914.8367515777 6092530.9144365694 1504633.7074379495 0.0001393852 11.3140434823 0.0000000000 0.7144527871 0.0041503883 0.0000000000 1.3011111912 0.8194829176 -0.4369840379 -0.5307514123 -0.6530572304 0.8441589777 0.4328850611 -1.6410842214 -0.1432142105 -0.6031794310 -0.0000000000 
355350.0000000000 -1132916.1494449943 6092531.2973119812 1504633.7666366044 0.2064748035 11.3140434823 0.0000000000 1.1576921610 -0.5019245799 0.0000000000 1.3242242002 0.2768561483 -0.0862397798 -0.0369532137 0.1451574907 0.8320245125 0.8222467124 -2.8421286059 0.0880444415 -1.0411327951 -0.0000000000 
355380.0000000000 -1132915.4473503949 6092531.2098836135 1504634.3993551189 0.1634679648 11.3140434823 0.0000000000 1.2428893263 -0.3056091320 0.0000000000 1.0117879678 -1.1913688313 0.3311019480 0.0946420591 -0.3922199348 0.7941444320 1.9995127464 -1.7495645071 0.0004441064 -1.5946069296 -0.0000000000 
355410.0000000000 -1132913.5092345353 6092527.4340493614 1504633.5589356048 0.4089441220 11.3140434823 0.0000000000 -0.2082825209 0.3537523087 0.0000000000 0.0725696129 1.1621956250 0.1760672805 0.1851219685 -0.0424083235 0.2767968282 -0.7112844208 -1.1758591627 -0.0120756521 -0.1417771955 -0.0000000000 
355440.0000000000 -1132915.7736059513 6092531.0600477615 1504633.5726836270 0.0830837771 11.3140434823 0.0000000000 0.8234343159 -0.9249831167 0.0000000000 1.4558530983 0.6075946391 -0.2448939576 -0.4945318341 -0.3355088146 0.4485774901 -0.1657602459 -1.1662770194 -0.1990470636 0.2221795235 0.0000000000 
355470.0000000000 -1132914.7655125519 6092529.4992557149 1504633.6127512963 0.1398094703 11.3140434823 0.0000000000 0.6862721269 -0.3317765113 0.0000000000 1.0190778451 1.6705647278 -0.3807348920 -0.6701039380 0.8588024047 0.2299792750 -1.1630572561 -2.2172642926 -0.1669783817 0.3841689425 -0.0000000000 
355500.0000000000 -1132915.4016288861 6092527.8715381157 1504633.0771726076 0.1617408025 11.3140434823 0.0000000000 0.3662815841 -0.1506787450 0.0000000000 0.0834145917 0.4069132020 0.6140328470 0.0241658041 0.1982524375 0.9915441178 -1.1901720904 -1.4066686497 -0.3007382226 0.2127034118 -0.0000000000 
355530.0000000000 -1132914.8092759885 6092529.0635108324 1504633.6610009302 0.1512652963 11.3140434823 0.0000000000 0.0795302847 -0.3610032608 0.0000000000 1.0467079346 1.6753124483 0.7674002983 0.3256025498 -0.2318135719 -0.4751135174 -0.6335178798 -1.8448063913 -0.1671509950 -0.2019399618 0.0000000000 
355560.0000000000 -1132915.7710983902 6092529.9572752481 1504633.7141388874 0.0111131546 11.3140434823 0.0000000000 1.1739100766 0.1132278594 0.0000000000 0.4242336110 0.9985724330 0.0418481249 -0.6529350492 -0.3581194861 0.2630719807 0.2630648781 -2.0139236145 0.9378505041 -1.1194083970 -0.0000000000 
355590.0000000000 -1132915.9162541204 6092529.9723735880 1504633.2160033302 0.3813460004 11.3140434823 0.0000000000 0.9821844007 0.1076828190 0.0000000000 0.2124737493 0.6541809318 0.0649875060 -0.5627291249 -0.1932832547 1.5247416645 -0.7469613107 -2.0191516005 0.3092709126 -0.4082385579 0.0000000000 
355620.0000000000 -1132916.0951894408 6092530.4929666389 1504633.5941861777 0.0973587011 11.3140434823 0.0000000000 1.0530436778 -0.5300183051 0.0000000000 1.1106270346 -0.3363867880 0.5909668400 0.1204685691 0.3793156929 1.3012623153 -0.0520000320 -2.5328422494 -0.6586586152 -0.4555369422 0.0000000000 
355650.0000000000 -1132913.9444777344 6092528.2326178700 1504633.4504022039 0.0472148616 11.3140434823 0.0000000000 1.2214541246 -0.3119986925 0.0000000000 1.0918843232 1.1588315122 0.3159702346 -0.2706827275 0.2755696724 0.2132532275 0.0351653118 -3.0970482496 0.3750546916 -0.9544599061 -0.0000000000 
355680.0000000000 -1132916.4651350421 6092529.9540464068 1504633.2930526298 0.3504541172 11.3140434823 0.0000000000 0.7006842378 -0.6394262214 0.0000000000 1.0238542209 -0.7558459082 -0.4899277354 -0.0227168880 1.2134121681 -0.4662785285 1.2275765139 -1.0101812280 -0.3476551476 -0.2851059829 0.0000000000 
355710.0000000000 -1132916.4974548158 6092531.9933518348 1504633.5364157248 0.2190355526 11.3140434823 0.0000000000 1.0532719367 -0.4072491926 0.0000000000 1.4632581660 0.0216730942 0.3661785000 0.0666710950 -0.0950220584 -0.3041234547 1.4188917254 -2.0935080600 -0.0064815862 -1.2940441353 0.0000000000 
355740.0000000000 -1132915.7631642269 6092530.6396964304 1504633.0145896107 0.1331770133 11.3140434823 0.0000000000 0.6766972670 -0.8702062854 0.0000000000 0.4328320312 -1.1710008178 0.6658305734 0.8045822569 1.2573817022 0.7326170875 0.1315047199 -1.9529147377 -0.4830631978 -0.2432434856 0.0000000000 
355770.0000000000 -1132915.7267569685 6092529.5050595468 1504633.5819217740 0.0275218652 11.3140434823 0.0000000000 -0.0288048402 -0.3687166127 0.0000000000 1.0525969758 0.0851154209 -0.1943574273 0.8025301716 0.7769719487 0.3432569450 0.4772171174 -1.9405310791 -0.6465360909 -0.2921816851 -0.0000000000 
355800.0000000000 -1132915.6924779045 6092529.9554434270 1504634.0111633572 0.0121733350 11.3140434823 0.0000000000 0.4283317500 0.6039927074 0.0000000000 1.3913446258 -0.3764838416 -1.0365950645 0.1472313536 1.2336400751 0.3441607715 2.0020892125 -2.4212271368 -0.8232775352 -1.2590373640 -0.0000000000 
355830.0000000000 -1132914.6026230240 6092527.4745101128 1504633.0154880781 0.2895071394 11.3140434823 0.0000000000 -1.0206500657 0.1861565480 0.0000000000 -0.2840315705 -0.6738735939 0.2994646074 1.7971303517 0.9189971151 0.3615391450 0.4878664473 -1.0498553733 -0.5913912146 -0.4195641942 0.0000000000 
355860.0000000000 -1132916.0237042136 6092528.8005781090 1504633.1401241282 0.0298659482 11.3140434823 0.0000000000 0.3055723992 0.1960347805 0.0000000000 0.1502795816 1.0864427270 -0.2951313553 -0.7024603356 0.5233243890 1.4741342038 -1.8879793910 -1.3716990466 -0.4103057836 0.7547618971 0.0000000000 
355890.0000000000 -1132915.7158442587 6092529.1130265985 1504633.4664577497 0.0061829967 11.3140434823 0.0000000000 0.4622876184 -0.2429275734 0.0000000000 0.5672197762 0.8831090570 -0.6313649524 -0.4562585494 0.5151681425 1.4100546774 -1.2383532645 -1.6859207534 -0.2195968401 0.5380962808 -0.0000000000 
355920.0000000000 -1132914.0814272657 6092527.6406389810 1504632.6262579639 0.4434697727 11.3140434823 0.0000000000 0.1970857920 -0.0730531202 0.0000000000 0.5021212876 -0.4504081177 -0.8107412038 0.2661550360 0.3645241613 1.0911989604 0.6063848213 -1.1339969807 -0.1713091052 -0.3264592595 -0.0000000000 
355950.0000000000 -1132914.5383635352 6092528.6601099037 1504632.7332857845 0.0427518325 11.3140434823 0.0000000000 0.8746713843 -0.8842421265 0.0000000000 0.5365983827 -0.8873905806 -0.1478683827 0.0103822701 0.7542911476 1.7958781179 -0.6662755200 -1.4377161009 -0.4308741941 0.4022651134 -0.0000000000 
355980.0000000000 -1132913.6530267575 6092526.2439395757 1504632.8452235998 0.5686526698 11.3140434823 0.0000000000 0.6683604196 0.4954250720 0.0000000000 0.2311279685 0.1347222331 -0.1854237606 -0.6759341628 0.7976560189 0.3468834346 -0.0130018639 -1.2355769907 -0.2120586123 -0.3437936037 -0.0000000000 
356010.0000000000 -1132914.8940652141 6092531.0345333535 1504633.6676211536 0.0011465151 11.3140434823 0.0000000000 0.3518956366 0.0039506589 0.0000000000 1.2380053332 0.1601071198 -1.6556079188 -0.5775958136 0.7619120886 -0.7196574581 1.6289287528 -0.4960503189 -0.2741299087 -0.2185437810 -0.0000000000 
356040.0000000000 -1132914.6068103460 6092528.6463831225 1504633.4886491492 0.0151140683 11.3140434823 0.0000000000 0.6077848058 -0.2765297986 0.0000000000 0.6856868641 0.4877807403 -1.3872443736 0.0720740019 1.4712002399 -0.4084702265 1.3111911335 -2.2869860361 0.6318235339 -0.7407969920 0.0000000000 
356070.0000000000 -1132915.6035465568 6092529.9381562723 1504633.1842223716 0.1338411119 11.3140434823 0.0000000000 1.3618824104 -0.4154096630 0.0000000000 0.9671937076 0.5075307427 -0.9256748235 -0.9900131872 0.2986170500 0.1020097833 0.5767078748 -1.5583637665 0.6506202818 -0.4696699630 0.0000000000 
356100.0000000000 -1132915.3275038728 6092530.4480453925 1504634.2244287261 0.6225905697 11.3140434823 0.0000000000 1.2273893093 0.9628034066 0.0000000000 1.2406841643 0.3098544863 -0.8887968325 -1.4900042969 0.3852900702 0.2616494713 1.1026276989 -1.5987440469 -0.4073984857 -0.9599919126 0.0000000000 
356130.0000000000 -1132914.9359190278 6092528.9053712944 1504632.8931408189 0.0135941463 11.1654816136 0.0000000000 0.0344721726 0.1775789453 0.0000000000 0.9401046928 1.0214385730 -0.7895818209 -0.1100333191 0.4599381575 0.4000386113 0.0000000000 -1.6274111029 -0.4181750663 -0.0500654817 0.0000000000 
356160.0000000000 -1132915.6909064723 6092530.4820459019 1504634.3750351609 0.0684747735 11.3140434823 0.0000000000 0.4493006396 -0.1812950708 0.0000000000 1.3932808662 0.1898666138 -2.0568538938 -0.4164700781 1.2921521412 -0.7119024931 1.8919281570 -1.1467696245 -0.2474566234 -0.2354287396 -0.0000000000 
356190.0000000000 -1132915.2354855447 6092529.4086737633 1504633.9083064629 0.0025122529 11.3140434823 0.0000000000 -0.3555078983 0.0206152891 0.0000000000 0.8377662888 0.6805150029 -0.5161541479 0.4133995291 0.3224945271 -1.6026473186 1.4791967360 -0.4978031769 -0.1760347262 -0.4434165158 0.0000000000 
356220.0000000000 -1132914.9814352526 6092528.9346482083 1504633.7957364467 0.0019117038 11.3140434823 0.0000000000 0.7254195409 0.3029510468 0.0000000000 0.7418974296 -0.6115797735 -0.7872955150 -0.5283799285 0.5467503127 0.0278018239 1.3771042764 -0.7427038081 -0.2512616458 -0.6672992362 -0.0000000000 
356250.0000000000 -1132913.8711159353 6092529.9971201802 1504632.2984067947 0.2014327718 11.3140434823 0.0000000000 0.6395491189 -0.2722758916 0.0000000000 0.5766416889 0.1732511589 0.1960327898 -0.4346858140 -0.0098418191 0.0783621339 -0.2171455914 -0.6091943387 -0.1119067519 -0.0088093857 0.0000000000 
356280.0000000000 -1132914.2221807777 6092530.0994718717 1504632.6315550236 0.1400557333 11.3140434823 0.0000000000 1.5289423214 0.0468010065 0.0000000000 0.9136814776 -0.9228416870 -1.3091872669 -0.9619697664 0.5510126431 0.7438705797 1.5795792091 -1.3566682401 0.3006832137 -0.9544978731 -0.0000000000 
356310.0000000000 -1132914.8685902827 6092530.7757143015 1504632.8357680389 0.0114551814 11.3140434823 0.0000000000 0.6359501950 -0.2373872132 0.0000000000 0.6838533966 0.0452864065 0.1821649105 -0.1421071552 0.1967295289 0.0764107131 0.1403595837 -1.1031168890 -0.1457433999 -0.3032330530 0.0000000000 
356340.0000000000 -1132915.0359468998 6092527.8624129556 1504633.1977673504 0.0413925865 11.3140434823 0.0000000000 -0.4582052264 0.8853781908 0.0000000000 0.2532914864 0.7914793265 -0.3004639469 0.0591674058 0.6241812599 0.4598306615 -0.2505158127 -1.2348100061 -0.7311912969 -0.1106480247 0.0000000000 
356370.0000000000 -1132915.5996239299 6092529.6440833909 1504634.1197905263 0.0000161338 11.3140434823 0.0000000000 0.1659081564 -0.2476985785 0.0000000000 1.0698167638 0.4746702937 -0.8571426974 0.6619826279 0.1062841719 1.1539333684 0.4837917750 -2.3654906841 0.0084920587 -0.5856676785 -0.0000000000 
356400.0000000000 -1132915.0162141067 6092529.2223948305 1504633.3876662618 0.0094088426 11.3140434823 0.0000000000 0.7503107768 -0.2955515906 0.0000000000 0.5983055780 -0.2481701058 -0.4822614776 0.2413970420 0.6682011482 0.6086546014 0.6952788332 -2.0113991968 0.2797486862 -0.7311938376 0.0000000000 
356430.0000000000 -1132914.8823313026 6092529.4228589665 1504633.7125381508 0.0371110881 11.3140434823 0.0000000000 -0.5553657542 0.8993093203 0.0000000000 0.0280653676 0.5425477926 0.1407657306 0.9955604825 0.3475597251 0.3501031321 0.5339248918 -2.0157660571 -0.1401103083 -1.0894429008 -0.0000000000 
356460.0000000000 -1132915.5875648644 6092529.9904008098 1504633.1998250736 0.0002017750 11.3140434823 0.0000000000 0.8447010877 0.9579732334 0.0000000000 0.9879277877 -0.7506925447 -0.1501914696 0.0992010058 0.8501648945 1.0355013866 1.3714259733 -2.8330127668 -0.6595352502 -1.6398192665 -0.0000000000 
356490.0000000000 -1132915.6903610846 6092532.2131599663 1504633.5727014386 0.0122942229 11.3140434823 0.0000000000 0.9461282597 -0.0182548853 0.0000000000 1.4495565357 0.8662835523 -0.6894105384 -0.2596752126 0.1403848484 0.0011329652 1.0557177404 -2.5559655699 0.2156100774 -1.0157668445 0.0000000000 
356520.0000000000 -1132914.3862637109 6092529.4601449631 1504633.5622470966 0.0401555911 11.3140434823 0.0000000000 0.2285502988 1.1134205971 0.0000000000 0.7698321340 0.1367027500 -0.6960154387 -0.1660078111 -0.0133121845 -0.3387452710 1.9599118564 -1.2747448239 -0.1432283321 -1.4121433748 -0.0000000000 
356550.0000000000 -1132915.3115455238 6092528.0385028375 1504632.8434441662 0.0112415332 11.3140434823 0.0000000000 -0.3611162184 1.4226181709 0.0000000000 0.2782672019 2.0848792499 0.8497827316 -0.4507996925 -0.8886679844 0.4536179090 -1.2329827242 -1.3716770603 -0.3389098493 -0.5119911440 0.0000000000 
356580.0000000000 -1132916.0984990192 6092529.5982641485 1504634.3250103602 0.2072704491 11.3140434823 0.0000000000 -0.4723947000 1.8505119395 0.0000000000 0.4272300768 0.6120932163 -1.1359712179 -0.4387259886 0.5915722677 0.5138928389 0.9003884444 -1.1859821143 -0.9063374848 -0.6832217503 -0.0000000000 
356610.0000000000 -1132914.6534746834 6092527.4808402173 1504632.9508417901 0.0048433722 11.3140434823 0.0000000000 -0.3992265807 2.0332175694 0.0000000000 0.1680328104 1.2164191521 -0.0360526741 -0.7541056323 -0.3054024127 1.5613533841 -0.9583307451 -1.2751659552 -0.8061818947 -0.5023023339 0.0000000000 
356640.0000000000 -1132914.7464262119 6092528.9690698823 1504632.9135185240 0.0548373479 11.3140434823 0.0000000000 0.2490129140 2.2535777439 0.0000000000 -0.0343160229 0.7484108915 -0.1580782779 -0.6922768637 0.7780790261 1.0793539889 0.1844564807 -2.6114922889 -0.2879523613 -1.4831788951 0.0000000000 
356670.0000000000 -1132914.7762552579 6092528.5184910418 1504632.3542765982 0.0003511105 11.3140434823 0.0000000000 1.2571683532 1.4654964479 0.0000000000 -0.1112132859 0.3082761047 0.1425811118 -1.8140536993 0.5847554677 0.8843770910 -0.5681484859 -1.4483346248 0.1281134243 -0.8403115506 -0.0000000000 
356700.0000000000 -1132915.2992538065 6092529.0092493249 1504632.2241743794 0.1542289164 11.3140434823 0.0000000000 -0.7540703063 2.1394445349 0.0000000000 0.4614084181 0.3765313747 -2.2690131770 -0.2423298667 0.5291095570 -0.5195904778 3.0026713098 -0.7281103787 -0.5463159989 -1.2457322983 -0.0000000000 
356730.0000000000 -1132915.1823939271 6092527.9444775032 1504632.6250221417 0.1027317284 11.3140434823 0.0000000000 -1.1802095812 2.6868236463 0.0000000000 -0.8287048776 0.6002386628 -1.4247399188 0.5853939147 0.0822171194 1.9205713079 1.1090411151 -2.0474227283 0.3798319443 -1.8287137875 0.0000000000 
356760.0000000000 -1132915.2815388227 6092528.5433004862 1504632.7183978299 0.0963456526 11.3140434823 0.0000000000 -0.4901848997 2.7630574559 0.0000000000 0.3657422475 -0.4320051619 -1.1339110015 -0.6210646302 0.2405103975 0.6246905184 1.9768830221 -0.5503441532 -1.2531357558 -1.3762309061 -0.0000000000 
356790.0000000000 -1132915.9310819192 6092529.2465224750 1504632.8360506741 0.2203260537 11.3140434823 0.0000000000 0.4564315358 1.7927463932 0.0000000000 0.1098551344 -0.7638101599 -0.6508862389 -0.8776757085 0.7799683759 2.0818011715 0.1035970387 -1.4040358049 -0.7129288561 -0.9032558524 -0.0000000000 
356820.0000000000 -1132915.1489322218 6092528.8462062152 1504632.6540662094 0.2764299501 11.3140434823 0.0000000000 -0.2695527238 2.8852333332 0.0000000000 -0.9790195551 1.4440445638 1.2248186581 -0.7634375144 0.1193163611 -0.2071057346 -0.2100547553 -1.6670347768 0.1207918816 -1.7210627575 -0.0000000000 
356850.0000000000 -1132914.8845484036 6092528.7815017467 1504631.6182580537 0.1765046447 11.3140434823 0.0000000000 -0.2815678080 3.1154883591 0.0000000000 -0.0202189011 1.2075320788 -0.5452868570 -1.2304218450 0.3222459466 0.9746379178 0.3069906255 -1.8102990678 -0.6482244901 -1.3617921367 -0.0000000000 
356880.0000000000 -1132916.6356782885 6092531.0702310624 1504632.6294918533 0.6366091998 11.3140434823 0.0000000000 -0.5139645663 2.9846742575 0.0000000000 0.1176621053 1.5120707254 -1.2106381117 -1.4923437734 0.3564412320 0.5556649776 0.5385589338 -1.1624321185 -0.7962242919 -0.8445966218 -0.0000000000 
356910.0000000000 -1132916.0423493003 6092528.8225572044 1504632.4159317722 0.1386166395 11.3140434823 0.0000000000 -0.3514161865 3.7965253566 0.0000000000 -0.2899165601 -1.0869713712 0.1363341837 -0.8956978681 0.5402759499 2.0818785435 0.5507626280 -1.0466004590 -1.6579067158 -1.7743591838 0.0000000000 
356940.0000000000 -1132916.9377171088 6092530.3725080024 1504632.9165790665 0.7048849099 11.3140434823 0.0000000000 -0.8365446323 4.0444907217 0.0000000000 -0.3105406573 1.5323654891 -0.1464049499 -1.6544880616 0.5752524189 -0.7646633318 1.0501471491 -0.7876019267 -1.3418625533 -1.3177952458 -0.0000000000 
356970.0000000000 -1132917.0318454099 6092529.1492566327 1504632.4214504107 0.3471044387 11.3140434823 0.0000000000 -0.9105817103 3.6318316945 0.0000000000 -0.0160080878 0.3967423386 -0.9509611357 -0.9442319734 0.5792209577 -0.0857419753 1.9853931244 -0.7169931239 -1.4308539692 -1.4507987842 0.0000000000 
357000.0000000000 -1132916.3451298028 6092530.2880599760 1504632.8825306874 0.6159631420 11.3140434823 0.0000000000 -0.9976042836 4.3564703232 0.0000000000 -0.4458470614 -0.0335594760 -0.2802454159 -1.3224074852 -0.1858512651 0.0911275420 1.7817664181 0.2987398191 -1.4439405097 -1.7625928614 -0.0000000000 
357030.0000000000 -1132914.1680283467 6092515.8447710639 1504629.2531974062 2.2420464132 11.3140434823 0.0000000000 3.0639178823 1.5359909877 0.0000000000 12.2963250124 0.9073615699 -0.8050206545 -3.2662290464 -4.4682469854 -0.2425066745 4.1145975101 -3.3152242993 -7.9565753889 -1.4272837814 -0.0000000000 
357060.0000000000 -1132913.8666009023 6092514.2543205395 1504630.4491577514 1.5411497335 11.3140434823 0.0000000000 1.9185841354 2.0495413115 0.0000000000 11.7207099927 0.6501671080 -1.7131027622 -1.9635166190 -4.5758018490 1.3297214917 4.3407218385 -3.8160124761 -7.7158018663 -1.8067672726 0.0000000000 
357090.0000000000 -1132913.6423887084 6092515.4630628778 1504629.7173640439 2.9486522203 11.3140434823 0.0000000000 2.0854398712 2.3665038555 0.0000000000 11.2640774484 0.7517224083 -1.2182911926 -2.5791650276 -3.8005840359 1.2508110153 3.4296704520 -3.7616474299 -7.9576988794 -1.4666031546 0.0000000000 
357120.0000000000 -1132914.2430527550 6092512.4767598929 1504630.5225094848 2.1759803024 11.3140434823 0.0000000000 3.0141694225 1.9596067270 0.0000000000 11.5673418265 1.1649723688 0.4455263777 -2.7695174267 -4.4831956631 0.2745276559 2.9796227303 -4.3570423410 -7.3663621900 -2.0696519199 -0.0000000000 
357150.0000000000 -1132913.4752941178 6092515.3164550774 1504630.0349602604 3.4480873884 11.3140434823 0.0000000000 2.7425933011 1.4743206054 0.0000000000 11.9895468609 3.1836947085 -0.1825544616 -3.1058332702 -4.9471496902 2.0060969803 0.4900483154 -5.2913949960 -7.0413312625 -1.0411890858 -0.0000000000 
357180.0000000000 -1132912.7670259052 6092512.1529660625 1504629.4635816992 2.2026676334 11.3140434823 0.0000000000 2.5322056790 2.1337657941 0.0000000000 11.8235562210 1.7578978377 -1.1967315713 -3.3757307760 -4.0118847277 2.6138908039 1.2360247417 -4.4655474450 -7.9251665290 -0.8268398227 0.0000000000 
357210.0000000000 -1132914.1283136667 6092515.5769165708 1504629.9615289201 3.7424050399 11.3140434823 0.0000000000 2.3095150911 2.4547594246 0.0000000000 11.7589413082 1.8559631239 -1.8538966323 -3.2375899906 -3.6130129160 0.6530141721 3.4342715930 -4.2714557929 -7.9156870700 -1.2006662942 0.0000000000 
357240.0000000000 -1132914.3382331645 6092515.1913452744 1504629.7650938253 3.0402981670 11.3140434823 0.0000000000 2.5851457036 2.3180090065 0.0000000000 11.9225751167 0.7271776788 -0.9528097550 -2.1869380628 -4.0338628396 1.4630841956 3.5146059008 -5.0892707600 -7.7091531760 -2.1802061049 -0.0000000000 
357270.0000000000 -1132913.6567295317 6092514.6127742017 1504630.7652695931 2.2758591616 11.3140434823 0.0000000000 1.0745153937 3.2171952202 0.0000000000 11.5663625294 2.4830519701 -1.8625279879 -2.5002821058 -4.6714496897 0.7116634625 3.6504106956 -3.8642760449 -8.0160287208 -1.4486560927 0.0000000000 
357300.0000000000 -1132915.2209948227 6092514.0572761968 1504630.1297694060 3.6204993470 11.3140434823 0.0000000000 1.5118379957 3.4741687964 0.0000000000 12.2069994769 1.3041850808 -1.9027026732 -1.7108470669 -3.9056915563 0.8484403063 5.0893095956 -5.4888390703 -8.4979368998 -2.5202825556 -0.0000000000 
357330.0000000000 -1132914.3321066068 6092515.6272015572 1504630.5383388272 2.0380569577 11.3140434823 0.0000000000 1.5406223093 3.6004839060 0.0000000000 11.7265208385 0.3165162906 -3.0623722221 -1.9105196763 -4.4798714713 1.2004319613 6.1327091699 -4.1550310413 -7.7442923822 -2.7213324507 0.0000000000 
357360.0000000000 -1132912.8804272676 6092513.3889821470 1504629.1227636326 2.4876090500 11.3140434823 0.0000000000 1.4508647654 4.3879430753 0.0000000000 12.3266686698 2.2971067264 -1.7339155389 -3.0540654436 -5.0982133293 0.4443762944 4.5728184362 -4.3199287655 -8.5229865033 -2.3734916915 -0.0000000000 
357390.0000000000 -1132914.2992740474 6092514.5423062332 1504630.2724825365 2.8635145833 11.3140434823 0.0000000000 1.6751556145 4.1702348059 0.0000000000 11.8017342773 2.0050641946 -0.5351607326 -2.7176975621 -4.9668663667 0.4822556119 3.7330763562 -4.5719942592 -8.1195323051 -2.6210523619 -0.0000000000 
357420.0000000000 -1132911.5858155927 6092512.8566515334 1504628.3491090953 3.2691456147 11.3140434823 0.0000000000 3.0091121216 4.1836976767 0.0000000000 11.8872689071 1.6571719310 -0.7234498326 -4.2737830630 -4.9180177053 1.4825311530 2.6749980772 -4.5313217959 -7.4519596994 -2.6427823778 -0.0000000000 
357450.0000000000 -1132913.3726245444 6092513.8049264140 1504629.2341423258 3.2105903175 11.3140434823 0.0000000000 1.7014054838 5.0090461263 0.0000000000 12.1355560400 1.7011026566 -0.6069040843 -3.0062194798 -5.3093304825 0.3399219044 4.4477326088 -4.4448386317 -8.4803411498 -3.1345947642 -0.0000000000 
357480.0000000000 -1132913.2120111582 6092513.9857707396 1504628.1722984470 2.3922720616 11.3140434823 0.0000000000 2.6588900892 4.8982537398 0.0000000000 11.7335472379 1.1816387079 1.6782136380 -3.9012951106 -5.3871008443 3.7132472912 -0.5802256257 -4.7578391594 -8.1206424332 -2.8792396909 -0.0000000000 
357510.0000000000 -1132912.9329340050 6092514.4314982258 1504628.5840397072 3.0430794088 11.3140434823 0.0000000000 2.5608050844 4.6196067076 0.0000000000 12.1501390768 1.8997802824 1.1227297588 -3.7807017509 -5.0764974108 1.6303766128 1.1371630401 -4.9108998788 -8.3643907405 -2.7121958575 -0.0000000000 
357540.0000000000 -1132914.4262340353 6092515.3161655962 1504629.8091243722 3.4033974977 11.3140434823 0.0000000000 2.7084819099 5.2705666768 0.0000000000 11.6298896411 1.8879317822 0.0168464573 -4.1266203111 -4.5566648578 0.8806067950 2.8825490001 -5.2383579744 -7.7075031746 -3.3166668595 0.0000000000 
357570.0000000000 -1132913.3554412567 6092514.2886103056 1504628.5803665014 3.3656366803 11.3140434823 0.0000000000 2.0944484591 5.6953050471 0.0000000000 11.7793719197 -0.1150353858 -0.1374992731 -2.9775106455 -5.0758046930 2.3485212405 3.4137571854 -4.5012595867 -8.3621703546 -3.8276252602 -0.0000000000 
357600.0000000000 -1132913.8236679072 6092513.2687357711 1504628.4907314775 4.3400613764 11.3140434823 0.0000000000 1.4712237327 5.8156707761 0.0000000000 11.5557766399 1.8972177786 -1.6564533097 -3.3359805517 -4.8017314344 1.1068134647 4.3945386827 -4.8730298407 -7.9485442597 -3.2890067497 -0.0000000000 
357630.0000000000 -1132914.6727267008 6092514.8759778365 1504629.5796202405 4.4135794003 11.3140434823 0.0000000000 2.3865587530 6.1156489720 0.0000000000 12.0897326853 0.0705259798 -1.0249536458 -3.7342281733 -5.1134202008 1.8354687687 4.3322850951 -4.3682863697 -8.2971200457 -3.9208220103 -0.0000000000 
357660.0000000000 -1132914.9200258909 6092515.1618613033 1504629.2061213953 5.8974484166 11.3140434823 0.0000000000 2.1352822247 6.0269599915 0.0000000000 12.1422140859 0.4273999909 -2.6912505961 -3.9178353089 -4.3456615956 1.2624530986 5.6000701338 -4.3886006897 -8.4959076153 -3.3607402768 0.0000000000 
357690.0000000000 -1132915.4953312830 6092517.6648111688 1504629.8493544306 5.2348108868 11.3140434823 0.0000000000 1.7414266033 6.4994319884 0.0000000000 12.5196760888 1.1620194864 -1.7139925174 -4.0103074245 -4.6360355656 1.8761228051 3.9931026130 -4.7148598955 -9.1724524126 -3.2015068126 -0.0000000000 
357720.0000000000 -1132915.0872559249 6092514.0644198330 1504628.9662972207 6.7367824179 11.3140434823 0.0000000000 0.6526975797 6.1831615322 0.0000000000 11.0487670958 0.6395395365 -0.9298675390 -2.7859340181 -4.3382543723 1.4620832217 3.7221698286 -3.5657713707 -9.0098227450 -2.8237194545 -0.0000000000 
357750.0000000000 -1132914.0352162269 6092512.9945770092 1504627.8119225034 7.5039335278 11.3140434823 0.0000000000 1.7322152113 7.1938347369 0.0000000000 11.1672475796 1.4909736201 0.8147507519 -4.7990378264 -5.1081911352 2.2137275538 1.0559017449 -3.7193014564 -8.4549275924 -3.3417193071 -0.0000000000 
357780.0000000000 -1132914.3041642774 6092512.0890064500 1504627.1238898819 7.5717963789 11.3140434823 0.0000000000 0.5933220207 7.2450733504 0.0000000000 11.2994020262 2.4884707643 0.1135316691 -4.4200043995 -4.5010342512 1.3183246255 1.6583835830 -3.6354359973 -9.5679052898 -2.3974776376 0.0000000000 
357810.0000000000 -1132913.9752317450 6092513.8534324747 1504627.4506895668 8.1504631588 11.3140434823 0.0000000000 0.2852884426 6.9607877297 0.0000000000 11.8323649763 3.5049476779 -0.4573187438 -4.0153428619 -4.9889233821 1.9671608677 1.2454696582 -4.5304414159 -9.2814546269 -2.3218721209 0.0000000000 
357840.0000000000 -1132914.9382639476 6092515.2580203349 1504628.1689709136 9.8752586589 11.3140434823 0.0000000000 1.8413689760 7.3657735739 0.0000000000 12.3184682772 1.8345067996 -0.0147820018 -4.2848644695 -4.8414759502 2.3791967826 1.9727379342 -5.6289861463 -8.7628824021 -3.8778407013 -0.0000000000 
357870.0000000000 -1132914.3963244853 6092514.4336092239 1504628.3220999727 7.2327560633 11.3140434823 0.0000000000 2.4429094003 8.6182465080 0.0000000000 11.3959602281 0.2255932627 1.7100147751 -4.9816238972 -4.4976898836 3.3450648472 0.6422297083 -5.1696007553 -8.5294374872 -4.8963985871 0.0000000000 
357900.0000000000 -1132913.6196112440 6092514.4640476219 1504628.2027399912 6.4484172869 11.3140434823 0.0000000000 1.5500099966 8.0971332617 0.0000000000 11.6540444743 1.0672782862 -0.9011311757 -4.8238756973 -5.2073862775 2.2366429941 3.0083643944 -3.9561262905 -8.4931536707 -3.9321844415 -0.0000000000 
357930.0000000000 -1132913.4913468682 6092512.7416256806 1504628.7035132595 5.8068469702 11.3140434823 0.0000000000 0.0008134886 9.5033524628 0.0000000000 11.0975884160 2.5060768069 -1.1645125502 -3.3888370598 -5.4022756115 3.0982147091 3.4167656999 -6.2515517842 -8.0277314265 -5.1173567646 -0.0000000000 
357960.0000000000 -1132914.8218138930 6092514.8121330459 1504628.7630241264 7.1901286552 11.3140434823 0.0000000000 0.7578058722 8.5172506906 0.0000000000 11.2323244631 0.8840439833 -0.1274904300 -4.2733527412 -4.4332409826 1.9511870632 2.6753885452 -3.8534328250 -9.4048356654 -3.6908728195 0.0000000000 
357990.0000000000 -1132914.6870293878 6092514.2550928453 1504628.1909809599 6.4601702353 11.3140434823 0.0000000000 0.7851927706 9.0564904573 0.0000000000 11.9257422780 2.1654573545 -0.7018963686 -4.3814866532 -4.9903365632 3.0896916635 2.1715994596 -5.6678257771 -8.8079471501 -4.3618541677 0.0000000000 
358020.0000000000 -1132914.7957396710 6092514.2848443380 1504627.6790518749 6.9151583321 11.3140434823 0.0000000000 -0.3474093951 9.5617082271 0.0000000000 11.6187276906 1.0353133516 -0.2726185078 -3.0404009559 -5.5368756149 4.1223185246 2.0312212737 -4.9316488267 -9.2612192634 -4.7302770638 -0.0000000000 
358050.0000000000 -1132914.5150005959 6092513.5090105496 1504627.1823145850 8.8954453193 11.3140434823 0.0000000000 0.4005275411 9.2635768723 0.0000000000 11.5026845974 0.5817122702 -2.2456668279 -4.5062812592 -4.3384127734 5.4618824716 1.4914873290 -4.5095200355 -8.9195722293 -3.8516707911 -0.0000000000 
358080.0000000000 -1132914.1166158479 6092514.5227607312 1504627.9027878689 8.2169859564 11.3140434823 0.0000000000 0.7026071363 9.1343563209 0.0000000000 11.9737245940 1.1750915851 -1.0296210797 -4.8447129200 -5.1092564895 2.9711923154 2.3066611707 -3.8661870270 -9.3158412876 -3.8259201761 -0.0000000000 
358110.0000000000 -1132915.9300454604 6092516.5771665983 1504628.5412715466 7.4784219693 11.3140434823 0.0000000000 1.5545875993 9.2573376284 0.0000000000 12.4968455574 0.8916778535 -0.2710689938 -4.7785701158 -5.9127975961 1.7561958968 3.4592938827 -4.3915116849 -8.8354694095 -4.9292165096 -0.0000000000 
358140.0000000000 -1132915.2842889940 6092516.6528351372 1504627.8571359052 7.5311926779 11.3140434823 0.0000000000 2.0108097414 10.3036117611 0.0000000000 12.3278384566 1.2066696981 -0.2839616806 -6.0038362863 -4.7512570157 2.3302389568 2.6984380936 -5.3998598168 -8.9165406021 -5.1861525392 -0.0000000000 
358170.0000000000 -1132915.7362014190 6092517.4876154670 1504628.4557517294 9.1985187507 11.3140434823 0.0000000000 1.7679632639 9.7244635459 0.0000000000 12.0578244428 0.4115778859 1.0275506799 -4.6040392293 -4.9553301773 1.8152266705 2.6529030893 -5.2199398248 -8.9021061947 -5.4809355264 -0.0000000000 
358200.0000000000 -1132912.8429665372 6092516.4966772832 1504631.9276381643 1.7028309918 11.3140434823 0.0000000000 4.9634720859 -2.3831887156 0.0000000000 13.8947206623 -0.1632109570 -0.6462782052 -0.5083937895 -5.3167755063 -0.2713911263 1.5786025113 -4.2432462465 -5.5408597541 -0.9773854882 -0.0000000000 
358230.0000000000 -1132913.0087515819 6092518.6288583102 1504631.6723571075 1.1433032775 11.3140434823 0.0000000000 6.2320815203 -2.4180460194 0.0000000000 14.7203567702 0.2594865634 -1.6281924368 -2.4812914565 -4.9280702788 0.3171051474 0.6962290732 -4.3848430744 -5.3676101455 -0.5342647401 0.0000000000 
358260.0000000000 -1132913.0695564111 6092515.9459871631 1504630.9966114922 1.5300606099 11.3140434823 0.0000000000 4.3044336645 -2.2412079815 0.0000000000 13.7773758502 0.8615840711 -1.8448550698 -1.3442650713 -4.7341526995 0.7185132241 0.3270177606 -3.7606511659 -5.9264087008 0.2408912800 0.0000000000 
358290.0000000000 -1132914.1861785888 6092517.6149050174 1504631.4230512388 1.2083214697 11.3140434823 0.0000000000 4.8535770444 -1.6007013670 0.0000000000 13.7681745263 0.1979650960 -0.8678559328 -1.6020974797 -4.3046452865 1.2262890754 -0.4908944057 -4.3385478696 -5.8886839702 -0.5241398547 0.0000000000 
358320.0000000000 -1132913.7353447122 6092515.8689419674 1504631.4772734505 2.4801695661 11.3140434823 0.0000000000 3.5903313224 -1.2808725552 0.0000000000 13.4486607441 -0.3910192831 -0.8093193922 -0.0934923420 -4.8284055596 1.1100411414 0.5279776769 -3.7707075732 -6.4135044073 -0.7321621659 0.0000000000 
358350.0000000000 -1132911.6135536672 6092515.6877060458 1504632.3348690507 0.7415550042 11.3140434823 0.0000000000 3.2943976622 -1.6044085650 0.0000000000 13.7275490832 -0.1028342062 -1.7643860081 0.0501647939 -4.9934874052 2.4688112399 -0.3203738999 -3.8179675963 -6.1714427371 -0.3580019421 0.0000000000 
358380.0000000000 -1132911.8086509155 6092513.7714224141 1504631.5074515489 0.2288189497 11.3140434823 0.0000000000 2.6565341157 -1.4706967991 0.0000000000 13.3740288402 1.0431077362 -2.6835502703 -0.5408054589 -5.1483694832 2.3464494260 -0.3466123235 -3.1788609562 -6.0889530237 0.4018826463 0.0000000000 
358410.0000000000 -1132913.7544895015 6092518.3568162341 1504632.0796801159 1.4985573703 11.3140434823 0.0000000000 3.9431185843 -0.3654475117 0.0000000000 14.0507395260 -1.0779435994 -2.4647578918 -0.3691598033 -4.9062294490 2.1206906689 1.7030436585 -4.4366905617 -6.1902489608 -1.5391098782 -0.0000000000 
358440.0000000000 -1132913.7792866768 6092519.4504997926 1504632.9236436421 1.0056657521 11.3140434823 0.0000000000 4.6150242467 -1.9727441293 0.0000000000 13.9458213440 0.1774534960 -0.8771197150 -0.5912758436 -5.0755545663 1.2149437601 -0.5399335269 -4.3126403447 -5.3166029814 -0.8263919157 0.0000000000 
358470.0000000000 -1132912.7131071768 6092518.0610438837 1504631.8097742959 1.7344084810 11.3140434823 0.0000000000 4.8604433666 -1.7956296514 0.0000000000 13.9062844766 -0.0468404392 -0.1294572769 -1.2309714868 -4.6819561189 0.0214708504 -0.4549059761 -3.5296258816 -6.0568699839 -0.4778915781 -0.0000000000 
358500.0000000000 -1132914.0722608322 6092517.7150165001 1504632.6331078229 1.2266308778 11.3140434823 0.0000000000 2.7178191802 -1.6173701433 0.0000000000 13.6131887837 0.6052281805 -0.1645964321 0.8156588574 -5.0592975893 0.8306610534 -0.6483371946 -3.8235631148 -6.7012237311 -0.2763793103 0.0000000000 
358530.0000000000 -1132913.0510280556 6092518.3576418962 1504632.2132246457 0.9726152405 11.3140434823 0.0000000000 4.8898026796 -1.8076919371 0.0000000000 14.7659840417 0.8785051355 -2.1077470946 -1.1183637619 -5.6267719824 0.6649935519 0.5663646958 -4.5890422840 -5.2513429091 -0.8107055218 -0.0000000000 
358560.0000000000 -1132913.3044133603 6092517.2671459094 1504631.7248722445 1.0783022120 11.3140434823 0.0000000000 5.2496411737 -1.6570406047 0.0000000000 14.8504678618 0.1561520598 -1.3036067391 -0.7605832466 -5.0796578052 0.4236553072 0.5788273509 -5.1541999136 -5.5377662018 -1.2971517409 0.0000000000 
358590.0000000000 -1132913.4275849715 6092517.2923365468 1504633.2886841379 0.4292829687 11.3140434823 0.0000000000 3.4525729537 -0.9522721047 0.0000000000 14.1262611690 0.4116192572 -0.2307952391 0.5326026577 -4.8947344403 2.4678314799 -1.9025684948 -5.2838747041 -5.8427086911 -1.4132078534 -0.0000000000 
358620.0000000000 -1132913.7968795719 6092519.6183099905 1504632.0927833295 1.0659399644 11.3140434823 0.0000000000 6.0577945237 -1.8216281706 0.0000000000 15.3003583322 -1.3193892678 -2.6502282537 -2.0210776354 -4.7610255790 0.3477238813 1.2859879880 -3.2423991181 -6.1411657411 -0.5115972090 0.0000000000 
358650.0000000000 -1132913.0970851963 6092517.8431396782 1504632.8881034795 1.3748216593 11.3140434823 0.0000000000 3.8299182520 -0.6031029717 0.0000000000 14.2069810926 0.4776766107 -1.9783383949 -0.8357159218 -5.6311339022 1.5526535938 -0.0371896892 -3.9103171374 -5.5411984733 -1.0800752997 0.0000000000 
358680.0000000000 -1132912.3440839907 6092518.0095653431 1504631.7502475821 1.2498492660 11.3140434823 0.0000000000 5.4640179937 -1.7889137899 0.0000000000 14.5849554379 0.1295992658 -0.4128941063 -1.3641726606 -5.3278621265 -1.0511956838 0.2336106562 -3.6005161849 -5.6710666192 -0.8209452009 0.0000000000 
358710.0000000000 -1132911.8827086973 6092516.6319674077 1504631.5354486485 0.4767914921 11.3140434823 0.0000000000 4.6737083185 -1.8496177772 0.0000000000 14.5693597207 1.0295347815 -2.1135026144 -0.7022730416 -6.4233137448 0.2680264840 0.5427348309 -4.0264896901 -4.5484038214 -0.9935691358 -0.0000000000 
358740.0000000000 -1132912.4816538482 6092516.1155985948 1504632.2361122284 0.5705380932 11.3140434823 0.0000000000 3.9270882679 -1.1385148213 0.0000000000 14.1210457617 0.1045028603 -0.8089815082 -0.1695333141 -5.7062042967 -0.1467853241 0.3904712901 -3.3810128066 -5.9020992739 -0.9578225442 -0.0000000000 
358770.0000000000 -1132914.1027971639 6092516.5570792425 1504633.2316398646 1.0428044550 11.3140434823 0.0000000000 2.1028284247 -1.0743667486 0.0000000000 13.4160301126 1.2955515129 -1.0907838043 0.6804168926 -5.1736969549 1.5215845256 -1.3727187134 -3.6273062245 -6.1342231301 -0.2162455207 -0.0000000000 
358800.0000000000 -1132915.1332673773 6092530.6084035132 1504633.9926398748 0.1956243978 11.3140434823 0.0000000000 0.3182455941 0.3590061253 0.0000000000 0.6502929261 0.7835234172 1.6295964812 0.5303311972 -0.7698150472 -1.9842610093 0.9800392987 -1.4413024515 -0.2011369815 -0.9922747553 -0.0000000000 
358830.0000000000 -1132914.9552281494 6092529.9186092420 1504633.6178435795 0.3776589279 11.3140434823 0.0000000000 0.9924070304 -0.3378249498 0.0000000000 0.4280334352 0.0893777255 2.1070430328 0.1497052101 -0.0682573888 -1.2749094195 -0.7317479489 -0.8742126068 0.1722582962 -0.6820145982 0.0000000000 
358860.0000000000 -1132915.7312311449 6092529.9790613269 1504633.9506225183 0.1429671355 11.3140434823 0.0000000000 0.0460675611 2.1120907036 0.0000000000 -0.2616410008 0.1521667192 2.5075735792 -0.6314370081 -0.4495402333 -1.0691805052 -0.3093846795 -0.4368181009 -0.1791505146 -1.5707834660 0.0000000000 
358890.0000000000 -1132914.7827887780 6092530.8797327196 1504634.1426081643 0.3576944445 11.3140434823 0.0000000000 0.6810475610 0.5409726732 0.0000000000 0.0365033438 -0.6316561026 0.1225058566 0.0764130992 -0.1986004028 -0.2659452327 1.0414375092 -0.8157215204 0.5740292303 -1.1219318902 0.0000000000 
358920.0000000000 -1132916.4152238744 6092529.8645411767 1504633.9640406484 0.0089334253 11.3140434823 0.0000000000 -0.9327819534 0.4717822443 0.0000000000 -0.5744383700 0.2532460461 1.3964071019 0.9440340592 -0.0499549158 -0.8075024756 0.1543407495 -0.2031536016 -0.5356587406 -0.2729769687 -0.0000000000 
358950.0000000000 -1132916.3992868564 6092529.0961977616 1504633.8861321127 0.0224946098 11.3140434823 0.0000000000 -1.5024675972 0.2754605148 0.0000000000 -0.7887957539 1.1215990087 -0.3210963047 0.7195612684 -0.0325030892 -1.1030380607 1.6445224595 -0.1178272284 -0.7304714855 0.5882013272 -0.0000000000 
358980.0000000000 -1132914.7021176643 6092528.4410179947 1504634.7244715029 0.3421258736 11.3140434823 0.0000000000 -1.5957497483 1.0984224999 0.0000000000 0.3463053780 0.0488775803 -1.0369271621 1.5804939488 -0.6369568273 2.2953648895 0.2115068082 -1.1898835643 -0.1173057416 -0.8877613687 0.0000000000 
359010.0000000000 -1132914.6792487630 6092531.5294272499 1504634.0720631261 0.0032669123 11.3140434823 0.0000000000 0.2417325381 0.3645396542 0.0000000000 1.3818319765 0.1679643984 -1.4598056515 -0.2085279594 -0.4885007979 1.5945858746 -0.1112999080 -0.9670006843 0.1206674198 -0.4346907339 0.0000000000 
359040.0000000000 -1132912.9192747909 6092528.9059281610 1504632.0169992023 0.0060981256 11.3140434823 0.0000000000 0.7317057856 0.7190456487 0.0000000000 1.1198752891 1.4995470172 -1.6391675899 -0.8725618653 -1.2542553391 -0.1005911840 1.6365696484 -1.8903839968 1.0585483172 -0.9515812704 0.0000000000 
359070.0000000000 -1132914.9996148970 6092532.1493425062 1504634.1184928762 0.0820713226 11.3140434823 0.0000000000 0.0364308556 -0.0226937117 0.0000000000 0.7963126984 1.0300550875 -1.4047448430 0.1363028659 -0.0018080864 1.6328171356 -0.4039432588 -1.9187340305 0.6754661323 -0.3522063887 -0.0000000000 
359100.0000000000 -1132914.9951766764 6092529.7770279003 1504633.4860470304 0.1219768263 11.3140434823 0.0000000000 1.1553155495 -0.9822914806 0.0000000000 1.0406883093 -0.5183943662 -0.8855558599 0.1982806329 0.1607469478 0.9145512456 -0.3265118729 -0.9270714255 0.5922766813 -0.2002356986 -0.0000000000 
359130.0000000000 -1132914.8810222633 6092528.9440767551 1504634.0208374490 0.1949304414 11.3140434823 0.0000000000 0.5757051047 0.0411105353 0.0000000000 0.2183361545 -0.0874569534 2.0640097996 1.0246170108 -0.0434040950 -1.2169208344 0.0219079294 -1.6396145071 0.1727472780 -1.2120075183 0.0000000000 
359160.0000000000 -1132914.0246474806 6092527.1266189013 1504632.4065792116 0.1822309831 11.3140434823 0.0000000000 0.4497300431 -0.7583391426 0.0000000000 -0.0284501760 0.9901053144 0.5118133071 0.2133145101 0.1321939884 -2.7579271904 1.9531668779 -1.0180036448 -0.3969533937 0.3905671977 0.0000000000 
359190.0000000000 -1132915.2340691043 6092530.5833310969 1504633.9313775024 0.2182491266 11.3140434823 0.0000000000 1.1515580044 -0.1966468900 0.0000000000 0.3435337870 -0.6075178768 0.9179645695 0.1313592100 0.8493281927 -1.2781629157 0.7150002718 -1.2518130609 -0.3381890721 -0.4881399743 0.0000000000 
359220.0000000000 -1132915.5179162973 6092530.2803452853 1504634.2859656417 0.0563321780 11.3140434823 0.0000000000 -0.3895530668 0.9582314870 0.0000000000 -0.2611582024 0.0159259716 1.2295126414 0.8892255362 -0.0936578670 -0.4658468053 0.5208219007 -1.2804281260 -0.0653045336 -1.1461614597 -0.0000000000 
359250.0000000000 -1132916.2683731953 6092530.0532971816 1504634.6917353438 0.1979305993 11.3140434823 0.0000000000 -0.2288145868 0.4164401516 0.0000000000 -0.1146338493 0.0103086438 0.5862870596 0.7126762240 0.6549543554 -1.0824027194 1.3852999875 -1.3397456366 -0.8640869132 -0.3080791268 -0.0000000000 
359280.0000000000 -1132915.5161553740 6092529.9044402549 1504634.0876280274 0.0578994109 11.3140434823 0.0000000000 0.4798017332 -0.4085946087 0.0000000000 0.9026515856 0.0378117151 1.1099498106 0.7258035710 0.0693495796 -1.2635700318 0.3078269898 -1.1154921498 -0.7294558246 -0.2451148680 -0.0000000000 
359310.0000000000 -1132914.7143724321 6092529.7634156616 1504633.6919732632 0.3180949712 11.3140434823 0.0000000000 0.8898622043 0.5401175837 0.0000000000 0.3462501129 -0.2804062251 -2.2172142724 -0.4981873151 0.8279757648 1.1351995968 1.6428731110 -2.0570615067 0.6198304956 -0.6932310725 -0.0000000000 
359340.0000000000 -1132914.8577813322 6092528.1784812463 1504633.2047973531 0.0237984496 11.3140434823 0.0000000000 0.6268722083 -0.8115886516 0.0000000000 0.1532299764 0.1804099274 0.4797593070 0.5807634252 -0.1666078845 -1.4086129005 0.9104947003 -0.7950551354 0.1998923839 -0.1039337789 -0.0000000000 
359370.0000000000 -1132915.3499539376 6092528.9202317987 1504632.7576456470 0.0800379901 11.3140434823 0.0000000000 -0.4024072158 -0.2048882715 0.0000000000 0.1129197449 1.3678587322 -0.4331736899 0.0818285185 0.3566342571 -0.8241930619 0.9944575878 -1.1957903340 -0.6083932447 0.5741195250 -0.0000000000 
359400.0000000000 -1132915.8707670700 6092530.5232279990 1504633.3755234061 0.1798894792 11.3140434823 0.0000000000 0.7641322734 -0.2912140643 0.0000000000 -0.0117571231 0.7976097897 -2.0641082451 -0.2541702756 1.1316627690 0.6570345998 1.4316863781 -2.6693761351 0.8542197059 -0.1632421410 0.0000000000 
359430.0000000000 -1132915.0373146934 6092528.8183032814 1504632.6436114891 0.0761579724 11.1654816136 0.0000000000 1.1477993746 -0.3563759585 0.0000000000 0.7523254739 -0.2510594136 -1.3218975213 -0.5953230521 0.6682941665 0.0000000000 1.0159917340 -1.0095567464 -0.0507060030 0.1120355677 -0.0000000000 
359460.0000000000 -1132915.5670835054 6092530.7076913565 1504632.8734293005 0.0117718618 11.1654816136 0.0000000000 1.4637852076 -0.4245456135 0.0000000000 0.9900044319 -0.1862304543 -1.4188510723 -0.1463770225 0.4170984935 0.0000000000 1.4432043314 -1.9784224579 0.4349656317 -0.4453377661 -0.0000000000 
359490.0000000000 -1132914.7600862135 6092528.5604096930 1504633.3443243999 0.0024867564 11.1654816136 0.0000000000 0.1858533236 0.3800914069 0.0000000000 0.5161373216 -1.0177594440 -0.8051140606 0.9103538212 0.0439211164 0.0000000000 2.0821128954 -1.1688098301 -0.4708990043 -0.6457752385 0.0000000000 
359520.0000000000 -1132916.0069932358 6092531.6113595879 1504634.0247399809 0.0015695588 11.1654816136 0.0000000000 1.7630631521 0.1774019214 0.0000000000 0.3106397178 -1.4444550440 -0.4404742258 -0.3809120076 1.4558387086 0.0000000000 1.0291362040 -1.6150257873 0.1612974513 -0.8161912617 -0.0000000000 
359550.0000000000 -1132914.5866800619 6092529.1460203910 1504633.7303638847 0.3569569291 11.1654816136 0.0000000000 0.1721241015 -0.2302451750 0.0000000000 0.5755904388 -0.4586249553 0.2437596461 1.2650371444 0.0546825165 0.0000000000 0.4820048398 -1.3034393236 -0.1797756769 -0.5943969859 -0.0000000000 
359580.0000000000 -1132915.3131983085 6092531.6962857638 1504633.6647620266 0.0787444791 11.1654816136 0.0000000000 1.0378011983 -0.0648912748 0.0000000000 0.5353741708 -0.7293939651 0.2265452007 0.5478895570 1.1672223450 0.0000000000 0.3897582547 -2.0816512296 -0.1180610376 -0.7778136983 0.0000000000 
359610.0000000000 -1132915.7427665237 6092531.5422493508 1504635.2004749740 0.0549609719 11.1654816136 0.0000000000 -0.0755094420 0.6992724951 0.0000000000 0.2226257148 -0.0939481887 1.3609487017 0.7853625073 0.7723877395 0.0000000000 -0.4856071825 -1.7521160071 -0.4574337410 -0.9554837871 -0.0000000000 
359640.0000000000 -1132915.6218877684 6092530.3578027263 1504634.3717705060 0.0075791819 11.1654816136 0.0000000000 -0.2016471823 0.2778985189 0.0000000000 -0.1743392900 0.0955450023 -0.3578247707 0.5636914870 0.3774704705 0.0000000000 1.1598679894 -1.3194712024 -0.1352434072 -0.3126584360 -0.0000000000 
359670.0000000000 -1132915.7795206893 6092530.7467260165 1504634.4578084582 0.0002508327 11.1654816136 0.0000000000 -0.5169923708 0.6064335342 0.0000000000 -0.4951018706 1.6866841561 -0.4804362379 -0.6452273318 1.1945688884 0.0000000000 0.5334867547 -1.8819229499 -0.3374153697 0.2742906380 0.0000000000 
359700.0000000000 -1132914.2248317499 6092529.7731235158 1504633.9919397195 0.2168263855 11.1654816136 0.0000000000 -1.1129263270 -0.0075724551 0.0000000000 0.2392194602 0.7323005989 0.7148434277 1.4301046902 0.2352187235 0.0000000000 -0.1279421145 -1.3028879457 -0.9076874380 -0.0126223148 -0.0000000000 
359730.0000000000 -1132914.4910003315 6092529.1191843664 1504633.1386578577 0.1820778725 11.1654816136 0.0000000000 1.0859971584 0.4051004933 0.0000000000 0.6908574901 -1.3973310190 -0.3018222596 0.8497919515 0.0054080729 0.0000000000 1.5875113824 -1.6997767778 0.2858709288 -1.3814993711 -0.0000000000 
359760.0000000000 -1132914.2892181098 6092528.5485395733 1504633.1882694836 0.0670534601 11.1654816136 0.0000000000 0.0606352186 0.3555424671 0.0000000000 1.0592133018 0.5797325076 -0.9062474736 0.2937688590 -0.8027267266 0.0000000000 1.2528745332 -1.3829959586 -0.0295682991 -0.4918012967 0.0000000000 
359790.0000000000 -1132914.5370615611 6092528.6548650060 1504633.2839118321 0.0832492133 11.1654816136 0.0000000000 -0.2702449903 0.9481365490 0.0000000000 0.4804841510 -0.2773391975 0.0224440490 0.1318731350 -0.9272854517 0.0000000000 0.6028524028 0.0790093894 -0.1691705326 -0.6610782225 0.0000000000 
359820.0000000000 -1132914.6299902664 6092528.9743994186 1504633.5796245672 0.0107921729 11.3140434823 0.0000000000 0.2293697715 -0.6351021989 0.0000000000 -0.2403694550 0.0153732851 -1.8010706209 -0.3135983647 0.5287396248 0.0000000000 1.7441899791 -0.2281066672 -0.1910638524 0.8837186853 0.0000000000 
359850.0000000000 -1132914.5177757123 6092528.9747448536 1504633.9478024070 0.2481728097 11.3140434823 0.0000000000 -0.8589116570 -0.1142582693 0.0000000000 -0.2833414006 1.5370934186 0.3412213929 0.7199636205 -0.0599514511 0.0000000000 -0.1685472360 -1.3531548439 0.1843721490 -0.0434321974 0.0000000000 
359880.0000000000 -1132913.8597932255 6092528.4636389399 1504632.5657012982 0.1057519149 11.3140434823 0.0000000000 0.5550821023 -0.7554824485 0.0000000000 0.5588825043 1.6274428829 -1.6062522965 -1.4720224718 -0.1286868282 0.0000000000 0.0335559524 -0.1844979285 0.4415312313 0.9716641297 -0.0000000000 
359910.0000000000 -1132915.5028392593 6092528.0514280898 1504633.5065460294 0.0331904497 11.3140434823 0.0000000000 -1.0625780104 0.2983047631 0.0000000000 -0.2308773622 0.9262924174 -0.6858896995 0.4788986242 0.6943175864 0.0000000000 1.4758539446 -1.4669644026 -1.0729694548 0.4897221014 0.0000000000 
359940.0000000000 -1132915.1587924073 6092531.3486631867 1504634.7855874943 0.1586917309 11.3140434823 0.0000000000 -0.3078066429 1.7647011663 0.0000000000 -0.5828061017 -0.4248089992 1.4673721110 0.3190060107 0.4620385616 0.0000000000 0.0457745830 -1.2458256069 0.0033691658 -1.5053161834 0.0000000000 
359970.0000000000 -1132914.6006916175 6092531.2585629076 1504633.3422828410 0.4060177665 11.3140434823 0.0000000000 1.2375321078 0.2019747406 0.0000000000 -0.0904674723 0.7040823449 -1.2586651798 -1.4937160733 1.0187214706 0.0000000000 0.9670318216 -1.7187814000 0.6951162544 -0.1134207260 0.0000000000 
360000.0000000000 -1132914.9449822491 6092531.1032976797 1504634.1180195948 0.1680283284 11.3140434823 0.0000000000 0.7277760396 0.0458794066 0.0000000000 0.7525339292 -0.1502760572 0.5714157530 -0.0623559317 -0.0699008067 0.0000000000 -0.9667702377 -0.4350587917 0.3304188549 -0.6258704823 0.0000000000 
