time x y z T0 thrd C21 C24 C25 C26 C33 C34 C38 C39 C40 C42 C43 C59 C60 C23 C41 
345600.0000000000 -1132915.3904272905 6092527.4807074424 1504632.5985598527 0.0000522906 11.3140434823 0.9030595339 0.4217292848 0.8717143634 1.4602266247 -1.3416976438 -0.0788361381 -0.4117753492 0.0027331984 -0.0000000000 0.5698871332 0.2789192092 -2.0740929282 -0.5885675102 0.0000000000 0.0000000000 
345630.0000000000 -1132915.6616336943 6092529.0077887606 1504633.8614815667 0.0246058327 11.3140434823 0.6552666866 0.1280639711 0.3171216941 0.8927813767 -0.7807409386 0.0684199712 -0.0490228162 -0.3091626974 0.0000000000 0.6774995102 0.2273419420 -1.5984244293 -0.1912507104 0.0000000000 0.0000000000 
345660.0000000000 -1132916.1580370576 6092530.0046916138 1504633.2438435219 0.2130612717 11.3140434823 0.2127601565 0.3683030721 -0.9366273408 0.1956221458 -1.0797741256 0.1254096735 0.4333441037 0.3498988886 -0.0000000000 0.8685811965 1.7354384689 -1.1653497314 -0.7728094282 0.0000000000 0.0000000000 
345690.0000000000 -1132914.6104293191 6092527.0916907070 1504632.1511566706 0.5102397568 11.1654816136 1.0225123220 0.7543353101 -0.7144038423 1.5367130925 -0.8551645362 0.0000000000 0.0376393632 -0.4843228715 -0.0000000000 -0.3757092424 1.0936103071 -1.8841121733 0.0669612019 0.0000000000 0.0000000000 
345720.0000000000 -1132913.8995198770 6092527.2253768053 1504634.7680882351 0.2291658408 11.3140434823 -0.2245553846 0.8449568838 -0.3855661751 1.2063658312 -1.2946872155 2.5693592003 -0.6527548499 1.0854974212 -0.0000000000 0.7202803295 -0.7759016127 -2.2050902654 -0.6830966668 0.0000000000 0.0000000000 
345750.0000000000 -1132914.4618220560 6092528.4334696624 1504632.6894904329 0.0076514719 11.3140434823 -0.4503349510 0.9443941096 0.5599482474 1.0379505365 0.7449575254 2.3555843543 0.0307190100 -0.5816016600 -0.0000000000 -0.2553840092 -2.8247041641 -1.3631968937 -0.3836152635 0.0000000000 0.0000000000 
345780.0000000000 -1132914.9947183458 6092527.6651187232 1504632.0430003193 0.9470187609 11.1654816136 1.4235153570 0.4369350965 1.1942600824 0.0579024540 -0.2637200856 -0.8918221433 -0.0869909613 0.0256355150 0.0000000000 0.0000000000 -0.0990879363 -1.3299920749 -0.6204634758 0.0000000000 0.0000000000 
345810.0000000000 -1132914.2715842279 6092527.5833811704 1504633.3450813314 0.1370667025 11.3140434823 -0.4674128008 0.4400495753 2.0089193774 1.1775087064 -0.4548942442 0.5180152995 0.1976961248 0.2989432101 -0.0000000000 0.0669920224 -1.4662332022 -1.0022960683 -1.5398695403 0.0000000000 0.0000000000 
345840.0000000000 -1132914.7091856827 6092528.8386734920 1504632.7213814177 0.0981093154 11.3140434823 -0.3198855567 0.9403657801 -0.5798189598 0.2536680914 -0.4553436691 2.4382851156 0.1982531147 1.1144009474 0.0000000000 0.3484655074 -0.8993767062 -1.8058507555 -1.0396648966 0.0000000000 0.0000000000 
345870.0000000000 -1132915.2997821253 6092530.4206807688 1504632.1776178346 0.1909643055 11.3140434823 1.3478188967 0.6318725494 -0.2176719832 -0.4143923673 0.5075951591 1.2362366036 0.9027672282 0.4043130841 0.0000000000 -0.2105914569 -1.1249762525 -2.5920777354 -0.4872192452 0.0000000000 0.0000000000 
345900.0000000000 -1132915.1471953704 6092528.5947986897 1504633.2916879437 0.0878650342 11.3140434823 -0.0475856364 0.5308361252 -0.3112636426 0.6912728760 -0.8757520482 0.8210833415 -0.0334614470 0.5352180609 0.0000000000 0.2960620676 0.3261768354 -1.1596670802 -0.5875253546 0.0000000000 0.0000000000 
345930.0000000000 -1132915.1798953663 6092529.0655482514 1504633.3564719143 0.0032747682 11.3140434823 -0.2208021389 0.7513392423 -0.0926223837 0.1944984372 -0.2746938088 1.7431927284 0.0948286299 0.8727931593 0.0000000000 0.1132251169 -0.9417988933 -1.2820923766 -0.8772488738 0.0000000000 0.0000000000 
345960.0000000000 -1132914.5959712160 6092527.7444864204 1504632.9180846794 0.3201982798 11.3140434823 0.9422866390 0.6941796561 0.6911259991 0.5896087740 -0.2355435841 -0.2735891312 -0.2014828980 -0.6864916490 0.0000000000 0.3104640842 -0.1662619539 -1.3253910257 -0.4155704151 0.0000000000 0.0000000000 
345990.0000000000 -1132914.3104850317 6092528.2465296453 1504633.2707573869 0.0641796120 11.1654816136 1.1052644163 0.4361243996 0.1812113417 0.2997673367 -0.0918052875 0.0000000000 0.6768342775 -0.0656357467 -0.0000000000 -0.1142426277 -0.0428719990 -1.8900930234 -0.4961756337 0.0000000000 0.0000000000 
346020.0000000000 -1132914.7453420346 6092528.7092654919 1504632.7337954810 0.0038892951 11.1654816136 0.6083928884 0.6870290017 -0.0989364768 -0.0057902624 0.6073823190 1.7671808904 0.3628480434 -0.0910305922 0.0000000000 0.0000000000 -1.7521168692 -1.9458999669 -0.2102179690 0.0000000000 0.0000000000 
346050.0000000000 -1132915.0436057956 6092529.4709785786 1504632.8375004898 0.0767207938 11.3140434823 0.1436912163 0.6052118605 0.2556791522 0.9309022408 -0.1239473000 1.6514940307 0.4469649447 -0.0765300823 0.0000000000 0.1841569611 -1.3637589133 -2.1146729272 -0.5599909681 0.0000000000 0.0000000000 
346080.0000000000 -1132914.6992888176 6092527.0258237831 1504631.6851958567 0.0674649810 11.3140434823 1.4286441836 0.8555068128 0.3151571038 0.3582774907 -0.8222301738 0.3685127615 0.0141954892 0.4232285138 -0.0000000000 0.5435735626 0.0685452307 -2.6331303281 -0.8451030242 0.0000000000 0.0000000000 
346110.0000000000 -1132915.3242754561 6092527.4312365549 1504632.3111019847 0.5013446020 11.3140434823 0.0953432217 0.6467423107 0.1405904360 0.5196191810 -0.4474300413 0.1742682150 0.5473422419 -0.2746684600 0.0000000000 0.5915924433 0.3981926666 -1.2297587277 -1.0415638551 0.0000000000 0.0000000000 
346140.0000000000 -1132914.6222538331 6092528.4653110811 1504633.0317080554 0.1507036032 11.3140434823 1.1306283544 0.6928049956 0.6484563868 0.2310249007 0.1843036531 1.1160372836 -0.1645327631 -0.3738703295 0.0000000000 0.5095974931 -1.6092486983 -2.2506165252 -0.2758986556 0.0000000000 0.0000000000 
346170.0000000000 -1132915.6439824395 6092528.8903421322 1504633.4179184593 0.7301568967 11.3140434823 -0.4426336110 0.5279716746 -0.7617711095 0.0311629109 0.1360508809 2.4805948955 0.6964085026 0.6366575731 0.0000000000 0.2586873497 -1.2461008714 -1.6251549176 -0.5411537068 0.0000000000 0.0000000000 
346200.0000000000 -1132914.7437108553 6092529.7237980943 1504633.2608999857 0.2402951180 11.3140434823 0.9972033484 0.3137146635 -0.2459297684 -0.4038234034 0.1366354687 0.9151095847 0.5754191893 0.4205432894 0.0000000000 0.2920733388 -0.5898545387 -2.0314674895 -0.3452009222 0.0000000000 0.0000000000 
346230.0000000000 -1132915.5049374367 6092530.7907308806 1504632.8907999655 0.2126818728 11.3140434823 1.0369511316 1.2224883591 -0.8369728950 -0.0205043089 -0.2835385182 0.2726503906 -0.1314516909 -0.4493729345 0.0000000000 0.6009789896 0.7865227466 -1.5995864647 -0.3578661865 0.0000000000 0.0000000000 
346260.0000000000 -1132916.2705192589 6092527.6723225042 1504632.1932045948 0.0035282952 11.0041300577 0.0000000000 0.7900675626 0.7566314968 1.2466297609 -1.5034443718 0.0000000000 0.5245956330 0.7670855667 -0.0000000000 0.2194746593 0.7587583353 -1.6518384627 -1.7448270834 0.0000000000 0.0000000000 
346290.0000000000 -1132916.4719936217 6092530.7698140237 1504633.1335643374 0.2856383668 11.3140434823 -0.3442732077 1.7357716685 -1.6245415864 0.8539420377 -0.9734186339 1.2237707096 -0.2665261870 -0.0766657659 0.0000000000 0.3328997856 1.2631333508 -1.0428924102 -0.5676626872 0.0000000000 0.0000000000 
346320.0000000000 -1132914.8845691618 6092527.6884764666 1504632.5896303949 0.0025264540 11.3140434823 0.5929745534 1.6461085643 -0.5115939539 0.1844460361 -0.1529764720 0.7105335460 -0.0362292574 -0.2301556916 0.0000000000 0.0392899972 0.1820791532 -1.3930287029 -0.8487978795 0.0000000000 0.0000000000 
346350.0000000000 -1132915.0364997713 6092527.1310344245 1504633.5219075414 0.2395251408 11.3140434823 -0.0105550491 2.0855211420 0.4320383690 0.7400741398 -1.3448308849 0.0601846233 0.3574163972 0.6729273848 -0.0000000000 0.1672737147 1.2171782745 -1.4169087583 -2.6593050342 0.0000000000 0.0000000000 
346380.0000000000 -1132915.5023110977 6092523.6380211888 1504631.0326276771 0.6268276787 11.0041300577 0.0000000000 1.2377253512 1.8734638837 0.8940461195 -0.3866322022 0.0000000000 -0.2367749647 -0.0742617727 0.0000000000 -0.3524514535 -0.9681059335 -0.5379845265 -1.6845344411 0.0000000000 0.0000000000 
346410.0000000000 -1132915.0677869148 6092528.6827680655 1504632.6950950392 0.0231268288 11.3140434823 0.6803847407 2.1120686839 -0.3419533742 0.6521041359 -0.5694476945 -0.1908516962 0.0472377154 -0.5831543338 0.0000000000 -0.0633435484 1.1772370017 -1.3226840889 -1.3340550090 0.0000000000 0.0000000000 
346440.0000000000 -1132915.3604529137 6092527.1138479123 1504632.2018593841 0.1861372381 11.3140434823 0.4557289677 2.2193889023 -0.2736114890 0.1361936200 0.4233368585 1.3025955965 -0.2510991655 -0.7909359242 0.0000000000 -0.0933484990 -0.7939169893 -1.2804533201 -0.9881395107 0.0000000000 0.0000000000 
346470.0000000000 -1132915.3673645449 6092526.0555398464 1504632.6836714970 0.1152830226 11.1654816136 0.5611436240 2.0635673058 -1.0939454522 1.3441773610 -1.8486900589 -1.2984916588 0.0000000000 -0.7639158429 -0.0000000000 0.7202784857 3.6024143726 -1.3664527658 -1.2672519376 0.0000000000 0.0000000000 
346500.0000000000 -1132915.5961258968 6092528.0897270758 1504632.9226998065 0.0754531377 11.3140434823 0.9993254605 2.1480201337 0.1039051260 -0.2360307461 0.1103077230 -0.0271022103 -1.1135731414 -0.9569430671 -0.0000000000 0.3411616597 0.1258576305 -0.6049965028 -0.8462382515 0.0000000000 0.0000000000 
346530.0000000000 -1132914.8019518871 6092526.4495727522 1504632.7365238494 0.1382888983 11.3140434823 -0.5487180722 2.8481708360 0.0546359794 -0.0226789545 -0.3120155154 0.7035307158 -0.3334102571 -0.4722092805 0.0000000000 0.5813289289 0.5766043546 -0.2491790084 -2.5349324474 0.0000000000 0.0000000000 
346560.0000000000 -1132915.9628481406 6092527.5879521510 1504632.4280923086 0.0610811965 11.3140434823 1.1756074192 3.3018658327 -0.2463874062 0.3718174227 -0.9573683036 0.1014143475 -0.6102462905 -0.1842343402 -0.0000000000 0.0765686448 1.2570146132 -1.8853690284 -2.0458315440 0.0000000000 0.0000000000 
346590.0000000000 -1132915.8413131803 6092525.5560246501 1504632.2906809705 0.1096558983 11.3140434823 -0.2312261049 3.2256466567 -0.7674947366 -0.5531691608 0.0305179119 0.8326789609 -0.9792899377 -0.1167652030 0.0000000000 -0.4267703824 0.5969653608 0.4511172177 -1.7339263738 0.0000000000 0.0000000000 
346620.0000000000 -1132915.7012330466 6092526.6817944180 1504633.2037478993 0.0041069420 11.3140434823 -0.5245082437 4.1502683993 -1.6072051414 0.5329161875 -1.1153713585 2.7378109364 -0.7325578250 0.3731814275 -0.0000000000 0.1600382045 0.6043758178 -1.7185181523 -2.1657468943 0.0000000000 0.0000000000 
346650.0000000000 -1132915.4259810944 6092525.9542981712 1504632.5413695292 0.1188423191 11.3140434823 1.1335981788 3.6169340844 0.3044544196 0.3108690509 -0.5005859297 0.0298939855 -0.8029170445 -0.4450048793 -0.0000000000 -0.5538454660 0.5496398074 -1.2989711748 -2.1755591802 0.0000000000 0.0000000000 
346680.0000000000 -1132915.2657976532 6092527.7337700035 1504632.7952335330 0.2536772089 11.3140434823 1.4985520072 4.4986888369 -1.7358130685 -0.2086985194 -0.4051465022 -0.0523823692 -0.8417851794 -0.9708906572 -0.0000000000 -0.2321710186 2.3075705234 -1.4811081170 -1.7474786630 0.0000000000 0.0000000000 
346710.0000000000 -1132915.4456441822 6092527.7262379518 1504632.7134967395 0.0022722738 11.3140434823 0.9019315259 4.7852183494 -0.4884741096 1.2827140760 -1.9243173096 0.2627559278 -1.1321866633 -0.4324593914 -0.0000000000 0.0397046917 2.1039990711 -2.1538112158 -2.6208089424 0.0000000000 0.0000000000 
346740.0000000000 -1132915.6175704917 6092525.9571121829 1504632.5458048314 0.1938017645 11.3140434823 0.4175135757 4.5610050156 0.4420647940 0.7517043207 0.1786822939 2.6033825241 -0.9611634912 -1.0893017301 0.0000000000 -0.6050861566 -1.9607171014 -2.0016369965 -2.3206605111 0.0000000000 0.0000000000 
346770.0000000000 -1132914.8686219689 6092524.0247259354 1504632.1947543821 0.0887767715 11.1654816136 1.5768985072 4.0756188415 0.7604277714 1.4503325822 -1.7796718924 0.0000000000 -0.8073310688 -0.0637062104 0.0000000000 -0.5165075257 0.8830031816 -2.7725741447 -2.5545470996 0.0000000000 0.0000000000 
346800.0000000000 -1132914.3295578302 6092525.1627233308 1504632.2513044090 0.0049046359 11.3140434823 0.5152837793 4.7688141584 0.0495015737 0.9348067781 0.0593745994 2.3225889643 -1.0820681983 -1.2609239812 0.0000000000 -0.9662453207 -1.4772256103 -1.8055762524 -1.9689383669 0.0000000000 0.0000000000 
346830.0000000000 -1132915.7019845347 6092526.2591512771 1504631.2596784830 0.1715611671 11.3140434823 1.4063829894 4.4883253005 -0.4104620250 -0.2429397386 1.0497769145 1.5468943656 -0.6791944610 -1.7048134370 -0.0000000000 -0.7536442940 -1.0534003298 -1.8142573920 -1.7693843105 0.0000000000 0.0000000000 
346860.0000000000 -1132915.5774994974 6092525.9683134975 1504632.2275078807 0.0042303714 11.3140434823 0.9945707907 4.9627637110 -1.1277337157 0.8801252840 -0.4166989135 0.1920401683 -0.5631028565 -1.7805064500 -0.0000000000 -0.7764681820 1.6225241091 -1.5211828919 -1.9476356304 0.0000000000 0.0000000000 
346890.0000000000 -1132915.7776277389 6092526.7968755355 1504631.6151167694 0.0461092190 11.3140434823 0.0539735775 5.2843451734 -0.6688228425 0.9606360580 -0.5592500209 1.9071656598 -0.8522822845 -0.9405042431 0.0000000000 -1.0306669745 0.0719823550 -1.3920686072 -2.4034640339 0.0000000000 0.0000000000 
346920.0000000000 -1132915.5126326114 6092526.0432298230 1504632.3393752628 0.3937642533 11.3140434823 0.9381877292 5.9041182664 -1.9467295377 0.3821614629 -0.3926326873 0.5272342833 -1.1944496898 -1.8095203697 0.0000000000 -0.7358281293 2.1281530304 -1.1331174338 -1.9272911336 0.0000000000 0.0000000000 
346950.0000000000 -1132914.8885862571 6092525.6044033272 1504631.7860868380 0.0269520899 11.3140434823 1.2068002651 5.7497845201 -0.9557836803 0.5888967799 -0.7254442293 0.5723251671 -0.9194458979 -0.9497736388 0.0000000000 -1.2896671613 1.3791067911 -1.6743271950 -2.4435793501 0.0000000000 0.0000000000 
346980.0000000000 -1132914.6450454863 6092524.3219364220 1504631.6913957666 0.0091778433 11.3140434823 -0.0267584224 6.0126713861 -0.6732982219 0.7199722114 -0.1568909223 2.9985158519 -1.0942828958 -1.0335392512 -0.0000000000 -1.2971929962 -0.9979351137 -1.5428490362 -2.5448171043 0.0000000000 0.0000000000 
347010.0000000000 -1132915.3765166956 6092522.9376152242 1504629.6744054868 0.4275799738 11.0041300577 0.0000000000 5.3548651810 -0.3692583714 1.0305867174 -0.4618315697 0.0000000000 -0.1604782472 -2.0636405092 0.0000000000 -0.7217768852 1.7339430138 -0.6685787264 -3.1496751806 0.0000000000 0.0000000000 
347040.0000000000 -1132915.2321030586 6092524.4263898609 1504631.9313467958 0.1230984010 11.3140434823 1.1919127259 6.7894331219 -0.7349227784 0.9426003620 -0.7004581380 1.4246192468 -1.5235141854 -1.7733339784 -0.0000000000 -0.9758595319 0.6029335570 -2.1258396856 -2.6076700820 0.0000000000 0.0000000000 
347070.0000000000 -1132915.7818705929 6092525.5196411954 1504632.1162850151 0.4165349159 11.1654816136 1.1394412857 6.8713130204 -0.9622746076 0.8870872713 -0.7389732584 2.4390619908 -1.1018841873 -1.2452656218 -0.0000000000 -0.9600212530 0.0000000000 -3.0149822737 -2.7622587333 0.0000000000 0.0000000000 
347100.0000000000 -1132914.8925447327 6092523.9663588135 1504631.4857301908 0.0383636216 11.1654816136 0.9980218183 6.5896647877 -0.7526550845 -0.1074284694 0.2663389871 1.7800694707 -0.9310118352 -1.5061606028 -0.0000000000 -1.2164968992 0.0000000000 -1.6566730614 -3.0481918284 0.0000000000 0.0000000000 
347130.0000000000 -1132915.1290371215 6092523.1683379309 1504632.2154931785 0.0974333904 11.1654816136 1.1686019096 7.0265503132 -0.3516830068 0.4596667344 -0.2816082526 1.5394399573 -1.7770618865 -1.7391282419 -0.0000000000 -1.3832972918 0.0000000000 -1.5039247130 -2.7925654564 0.0000000000 0.0000000000 
347160.0000000000 -1132916.4916563691 6092525.6482055914 1504631.8421155750 0.0908159994 11.1654816136 0.6243154334 7.2340339410 -0.7704455483 0.4410632585 -0.4890551211 2.3677535183 -1.5726776343 -1.4351292592 0.0000000000 -1.0627739018 0.0000000000 -1.7675651638 -3.0295292398 0.0000000000 0.0000000000 
347190.0000000000 -1132915.1695119473 6092522.9204615029 1504631.7207628961 0.7501888779 11.1654816136 1.1876319030 7.5236556990 -1.1070556462 0.8881954517 -0.7116954884 2.4129521737 -1.3581285185 -1.4035899197 -0.0000000000 -1.6548508831 0.0000000000 -2.6132821166 -2.6055117617 0.0000000000 0.0000000000 
347220.0000000000 -1132915.1341320223 6092522.6847062167 1504631.5473818029 0.0385983503 11.1654816136 2.0883755835 7.6774059921 -0.9911839548 -0.4621651723 0.1258934530 1.8475193524 -1.4931049860 -1.2665027983 0.0000000000 -1.7240572879 0.0000000000 -2.3783074932 -2.9771901923 0.0000000000 0.0000000000 
347250.0000000000 -1132915.0115772136 6092525.0561696524 1504632.0058544341 0.0798425996 11.1654816136 1.1048060358 8.3673200527 -0.8559272743 0.1801913083 -0.1375821939 2.1658234304 -1.6643442903 -1.7379605075 -0.0000000000 -2.0459652636 0.0000000000 -1.5676136106 -3.2971484933 0.0000000000 0.0000000000 
347280.0000000000 -1132915.5417909261 6092523.3357598027 1504631.6635273818 0.0674090804 11.1654816136 1.2973642535 8.0018990248 -1.7256936273 -1.0683883724 0.2633044663 2.8379769162 -1.7756477256 -0.9508324081 -0.0000000000 -1.4597989922 0.0000000000 -1.7696315950 -2.9921912535 0.0000000000 0.0000000000 
347310.0000000000 -1132914.9509834773 6092524.7813083688 1504631.4170004232 0.2643934396 11.1654816136 2.0501138542 8.1659036597 -1.4591977166 -0.5484250810 0.1497553208 2.4088186080 -1.8410935843 -1.6925519442 0.0000000000 -1.2317216779 0.0000000000 -2.6568287607 -2.7672249488 0.0000000000 0.0000000000 
347340.0000000000 -1132915.6496905524 6092523.9964167336 1504631.2178296386 0.0170793841 11.1654816136 1.4750601334 8.6945217398 -1.1687867721 0.1126973762 -0.8245639275 2.9854923137 -1.6668026589 -1.0434807305 -0.0000000000 -1.3585883914 0.0000000000 -3.0862740696 -3.4194465276 0.0000000000 0.0000000000 
347370.0000000000 -1132916.2083866617 6092523.6381605351 1504631.5151790958 0.1141565332 10.8275661707 1.0273640689 8.6775532777 -1.6906305911 0.0000000000 0.0000000000 3.0853874487 -1.6829197826 -2.2447157639 0.0000000000 -1.1329567944 0.0000000000 -2.3438766603 -2.9690856152 0.0000000000 0.0000000000 
347400.0000000000 -1132914.9024049274 6092522.2816164503 1504630.6135590347 0.9729949700 11.1654816136 1.2709201654 9.1924946423 -1.5970330770 -0.3207513548 -0.1769510561 3.2904972821 -1.8213881285 -1.8475813967 0.0000000000 -1.0694285980 0.0000000000 -2.6961583605 -3.4492953736 0.0000000000 0.0000000000 
347430.0000000000 -1132914.8710342133 6092522.8452987019 1504629.9070579298 0.3131124273 11.1654816136 0.2004594577 9.3614761534 -2.0527241321 0.1396620871 -0.1151604507 3.6028114549 -1.4593317844 -1.9534284192 0.0000000000 -2.1858141913 0.0000000000 -1.5508401198 -3.1485623451 0.0000000000 0.0000000000 
347460.0000000000 -1132913.7728342095 6092523.5885768458 1504631.0988221560 0.3211555749 11.1654816136 1.4538391041 9.4563641009 -1.2797202198 -0.1677470048 -0.5668305821 2.7305610344 -2.5792750485 -1.5121023253 -0.0000000000 -2.2340381117 0.0000000000 -1.7112688494 -2.9366454475 0.0000000000 0.0000000000 
347490.0000000000 -1132915.1832325365 6092522.9234800171 1504631.9403011836 0.3968747532 11.1654816136 0.7135966068 9.7258402897 -0.3804228030 1.1611703292 -1.8140243574 3.1799866396 -2.1790826425 -1.6873736798 0.0000000000 -1.2256921087 0.0000000000 -2.8193688371 -3.9212516345 0.0000000000 0.0000000000 
347520.0000000000 -1132914.4926509156 6092520.3972574957 1504630.6617222815 0.3499900951 11.1654816136 -0.2728010150 9.3024659210 -0.6146888971 1.8364270645 -2.3864968978 3.5341066205 -2.2191958811 -1.3998337691 -0.0000000000 -1.6126787744 0.0000000000 -2.1062858201 -3.2366868334 0.0000000000 0.0000000000 
347550.0000000000 -1132914.4139016129 6092522.7270064196 1504631.0490547509 0.6035713233 11.1654816136 1.6940581540 10.4090254768 -1.8639259729 -0.1416481251 -0.7431068258 3.6008935571 -2.0801891410 -1.5582355998 0.0000000000 -1.9687619583 0.0000000000 -3.1769839293 -3.3067851340 0.0000000000 0.0000000000 
347580.0000000000 -1132914.4458372104 6092522.8122779569 1504630.6540277135 0.3452244372 11.1654816136 1.6848312024 10.5833479462 -0.6249431223 1.3950599931 -1.9711079479 2.7627868097 -2.4223035696 -1.8606231335 -0.0000000000 -2.5015844725 0.0000000000 -3.1164339131 -3.2477279768 0.0000000000 0.0000000000 
347610.0000000000 -1132913.5905653527 6092520.2994747413 1504630.3467621002 1.5124428961 11.1654816136 1.3115291321 10.7126355611 -0.9037181313 1.2388404076 -1.8416629881 3.1033759722 -2.5482267061 -2.0076553135 0.0000000000 -2.3735923557 0.0000000000 -2.7746632179 -3.1596148053 0.0000000000 0.0000000000 
347640.0000000000 -1132914.9264342072 6092522.7747523719 1504630.4400839861 0.8445368688 11.1654816136 1.5418952666 11.0971030280 -1.6721320607 -0.2163874155 -0.4098757136 3.3086396238 -2.8547708391 -2.5876108265 0.0000000000 -2.2143264629 0.0000000000 -2.0274261130 -3.1587714791 0.0000000000 0.0000000000 
347670.0000000000 -1132914.9863185661 6092523.8938785940 1504631.0375258799 0.2816991853 11.1654816136 2.4887239648 11.4431136830 -2.0221368495 -0.5828196605 -0.3413095969 3.4205614565 -2.5802466806 -2.2904966581 -0.0000000000 -2.1859315854 0.0000000000 -3.2970356294 -3.2068597404 0.0000000000 0.0000000000 
347700.0000000000 -1132914.7404670371 6092523.5665061036 1504630.8078076204 0.4062947666 11.1654816136 0.8548951533 10.8534198676 -1.5839957341 0.1622515052 -1.1151862386 3.6685316022 -2.7973705291 -2.0231188775 -0.0000000000 -2.2287168860 0.0000000000 -1.8528018009 -3.0540807891 0.0000000000 0.0000000000 
347730.0000000000 -1132913.3276398131 6092520.7584472699 1504630.3871829358 1.8539799098 11.1654816136 1.3129812988 11.7638478107 -1.0831162163 0.8130503640 -2.3123758862 3.6600089103 -3.6096089202 -1.7701476625 0.0000000000 -2.3518141942 0.0000000000 -2.4923749351 -3.0371108345 0.0000000000 0.0000000000 
347760.0000000000 -1132914.7499116631 6092522.0989920096 1504630.5439439733 1.8378759018 11.1654816136 1.4913781211 12.0494976663 -1.5272919186 0.0756270494 -1.5440207046 4.1707898874 -3.2224460643 -2.2157280390 -0.0000000000 -1.4527247998 0.0000000000 -3.2205266386 -3.5881832351 0.0000000000 0.0000000000 
347790.0000000000 -1132914.3318947440 6092520.6824188298 1504630.2209559453 1.0890122079 11.1654816136 2.6261486653 12.0599667453 -0.0467664899 0.3680574082 -1.4122609382 2.1343338807 -2.5016818756 -2.3697189827 0.0000000000 -3.1199628947 0.0000000000 -2.8800868942 -4.2954711592 0.0000000000 0.0000000000 
347820.0000000000 -1132914.2233098557 6092520.2699165186 1504630.5083562587 0.4174181076 11.1654816136 2.5077617252 12.7043074589 -1.3799657289 -0.2831789401 -0.7687954652 3.2945770028 -2.4790301692 -2.6915635917 -0.0000000000 -2.6711356871 0.0000000000 -3.3701017874 -4.0302525989 0.0000000000 0.0000000000 
347850.0000000000 -1132915.3307097587 6092522.1531861061 1504630.9324496267 0.3443782343 11.1654816136 0.2271880044 12.2942844604 -1.5960113139 0.2315878296 -0.6783939720 4.3512415667 -2.5462402036 -3.6434084035 0.0000000000 -1.5840272282 0.0000000000 -1.9807986562 -4.0203903421 0.0000000000 0.0000000000 
347880.0000000000 -1132914.3989703183 6092519.1101347180 1504629.9030986547 1.6030489413 11.1654816136 1.9263837873 12.4519634727 -0.4271679176 -0.1490244187 -1.0875503416 2.8558103702 -2.9761254763 -2.8109558397 0.0000000000 -2.5395948105 0.0000000000 -2.1870672757 -4.3327372937 0.0000000000 0.0000000000 
347910.0000000000 -1132915.3039725360 6092521.2851347299 1504630.6144364371 0.8183074333 11.1654816136 0.9189507027 13.8295374469 -1.0325353381 0.2528033886 -1.0335258672 4.2732432579 -2.4459341997 -3.8090645680 0.0000000000 -1.8782114562 0.0000000000 -2.8814266897 -5.1392966688 0.0000000000 0.0000000000 
347940.0000000000 -1132915.2730863707 6092522.9399587801 1504630.2379843723 0.1259967186 11.1654816136 0.9056303829 13.3996441057 -1.4100992951 0.2672554154 -0.7486111944 4.0291592660 -3.1882264818 -4.3498234771 0.0000000000 -2.0077236732 0.0000000000 -1.9992272847 -3.8987183776 0.0000000000 0.0000000000 
347970.0000000000 -1132914.8529964571 6092522.3229131447 1504629.0955745385 1.9223558986 11.1654816136 0.3739698207 13.9163653500 -2.3432500493 0.1781504061 -0.6689397029 4.9432137934 -1.5222268063 -3.5552094611 0.0000000000 -3.0613115194 0.0000000000 -2.6364195671 -4.4156497403 0.0000000000 0.0000000000 
348000.0000000000 -1132915.9915372969 6092530.7829438383 1504632.6873950078 0.0876886159 11.1654816136 0.7395893361 0.5220632139 -0.2593324812 0.9603666379 -0.1556009276 0.0018654107 0.4779081681 -1.1295685701 -0.0000000000 0.5173566930 0.0000000000 -1.9129532246 0.2676039109 0.0000000000 0.0000000000 
348030.0000000000 -1132915.1179968962 6092530.2600218533 1504631.9900636170 0.5873227607 11.1654816136 0.4362179942 0.2922385286 0.0752789065 1.0763682558 -0.0298259567 -0.0987991711 0.8140036786 -1.3699101791 0.0000000000 0.8110891760 0.0000000000 -1.8267825262 -0.1770112607 0.0000000000 0.0000000000 
348060.0000000000 -1132914.7327845036 6092528.7748795431 1504632.6770489623 0.1244569393 11.1654816136 0.4506865962 0.0608353878 0.1245067095 1.6900048731 -0.6300229173 -0.1195300812 0.5707112001 -1.3885576632 -0.0000000000 1.0876840360 0.0000000000 -2.2191407446 0.3786104274 0.0000000000 0.0000000000 
348090.0000000000 -1132915.5245568976 6092530.5617044270 1504633.0845381278 0.3132538152 11.1654816136 -0.1490454871 0.2706967278 -0.5751861247 0.7117758985 -1.1336230353 1.1167712476 0.4840862218 0.6723437694 -0.0000000000 0.7798699038 0.0000000000 -2.0364565406 0.1318005491 0.0000000000 0.0000000000 
348120.0000000000 -1132914.8744705231 6092530.1962260492 1504633.8994323809 0.1812598480 11.1654816136 -0.2236963733 0.7629577900 -0.1795401600 0.8415215359 -0.7557115965 0.8504774876 0.0167965383 -0.5078429551 0.0000000000 1.0295141494 0.0000000000 -1.4881333165 -0.1324479198 0.0000000000 0.0000000000 
348150.0000000000 -1132916.2688694419 6092529.4233000036 1504632.5519956828 0.1432724514 11.1654816136 0.3197130057 0.6813841188 0.3660481816 0.1814789644 -0.4185537224 0.4212345809 0.1033199690 -0.2122530394 -0.0000000000 1.2194564158 0.0000000000 -1.6037412382 -0.9464504045 0.0000000000 0.0000000000 
348180.0000000000 -1132914.1927691246 6092528.7091352101 1504631.8102893976 0.2629420517 11.1654816136 2.0256447095 0.0201987717 0.8733648669 0.3844632693 -0.5660089750 -1.6140234935 0.0802365614 0.2878235446 0.0000000000 -0.7409297697 0.0000000000 -1.2475724230 0.1520829462 0.0000000000 0.0000000000 
348210.0000000000 -1132915.3709572356 6092529.2926182030 1504632.9363163237 0.2004752348 11.1654816136 1.0614273604 0.4250299798 -0.0489157334 -0.5773451839 0.3358199644 -0.2742974890 -0.3975967411 -0.0644532555 -0.0000000000 0.0954125457 0.0000000000 -0.5544352169 -0.0540637704 0.0000000000 0.0000000000 
348240.0000000000 -1132915.8693211235 6092529.4899134468 1504633.4653048734 0.0857754019 11.1654816136 0.7262822209 0.6377601498 -1.1905234089 -1.1392146774 0.6685995339 1.4537961757 0.3666978334 0.2475685109 0.0000000000 1.7943342500 0.0000000000 -2.5521449016 -0.6636266753 0.0000000000 0.0000000000 
348270.0000000000 -1132916.0858950533 6092528.6412571128 1504632.7624439986 0.0055824414 11.1654816136 -0.4319985542 -0.1105730638 -0.0757724761 -0.0359332911 -0.2918495897 0.8031494417 0.7686291250 0.6080866751 0.0000000000 0.9193812301 0.0000000000 -1.1487252994 -0.8203926200 0.0000000000 0.0000000000 
348300.0000000000 -1132916.1698216577 6092530.5393443070 1504633.7585789878 0.0577596812 11.0041300577 -0.5165104825 1.1538207780 -1.6620028739 -0.2590785778 0.0000000000 2.2895438745 0.8523226625 0.2410117719 -0.0000000000 1.2060888598 0.0000000000 -2.3153232305 -0.4484048869 0.0000000000 0.0000000000 
348330.0000000000 -1132915.0198325454 6092528.2277344335 1504633.2927349529 0.0293020916 11.1654816136 -0.7375233246 0.4877598383 0.2794320647 0.9827099921 -1.4778453805 0.8927511604 0.8569469360 0.7024759407 -0.0000000000 0.5775890460 0.0000000000 -1.5181387794 -0.8288045171 0.0000000000 0.0000000000 
348360.0000000000 -1132915.7787187027 6092531.0236819526 1504633.2165110703 0.0021749779 11.1654816136 -0.1877197713 0.8053498739 -0.3434130487 0.1764833761 -0.1250004237 0.7838414949 0.9199006949 -0.0394953126 -0.0000000000 0.2904982481 0.0000000000 -1.2993725147 -0.7899729475 0.0000000000 0.0000000000 
348390.0000000000 -1132915.0718524952 6092528.5781426905 1504633.0566241923 0.0526258910 11.1654816136 0.6487306394 0.0237317185 -0.2280105877 -0.5685707746 -0.1283270718 0.3899525466 -0.1095586542 0.7349345774 0.0000000000 0.8326343191 0.0000000000 -1.2817833489 -0.2166180712 0.0000000000 0.0000000000 
348420.0000000000 -1132916.3234117804 6092530.3884432837 1504632.4448861955 0.1136337462 11.1654816136 -0.0596964495 0.4078084767 -0.3949202678 0.4776145238 -0.3822119418 0.8465876285 0.8705918686 -0.0722277063 0.0000000000 1.0303833386 0.0000000000 -2.0428638068 -0.4652482653 0.0000000000 0.0000000000 
348450.0000000000 -1132915.7486468332 6092530.5377739407 1504633.6308691024 0.0316020026 11.1654816136 0.1065200920 0.5081256285 -1.6112055654 -0.4895292467 0.3783739238 1.5873131220 0.6792721419 0.2698728894 -0.0000000000 1.0541683726 0.0000000000 -2.1563193807 0.0537631036 0.0000000000 0.0000000000 
348480.0000000000 -1132914.9993657770 6092530.7203444215 1504632.7771105799 0.0000139733 11.1654816136 1.4879548723 0.1980080535 -0.5011094348 0.3371400120 0.5025846237 -0.4774851687 0.8127888076 -0.8801249668 0.0000000000 0.3632798441 0.0000000000 -2.2049971459 0.2913631991 0.0000000000 0.0000000000 
348510.0000000000 -1132915.0380491256 6092528.3243585527 1504632.9991396458 0.0072378190 11.1654816136 0.4614049309 0.2603104608 0.2141942186 0.2352245755 -0.8180530353 0.0624520203 0.1910122157 0.6331447528 0.0000000000 0.3013665853 0.0000000000 -1.2503947195 -0.2600637705 0.0000000000 0.0000000000 
348540.0000000000 -1132915.2912249507 6092528.9287974322 1504632.2769506122 0.1241145763 11.1654816136 0.1280957665 0.5220904282 0.5710274944 0.2851764775 -0.8070709840 0.2953255817 0.5238409238 0.4298194409 0.0000000000 0.7450485044 0.0000000000 -1.4853103635 -1.1265612727 0.0000000000 0.0000000000 
348570.0000000000 -1132915.5542166310 6092528.0707010143 1504632.5955753133 0.0404703966 11.1654816136 -0.1711794150 0.5771029492 0.2422455748 0.2284830023 -0.2291676499 0.3895525109 0.1818296776 -0.3276376860 -0.0000000000 0.6563956236 0.0000000000 -0.7279974211 -0.7221696796 0.0000000000 0.0000000000 
348600.0000000000 -1132914.8725009803 6092529.7727558333 1504632.5750092552 0.1001412236 11.1654816136 1.0390626206 0.0086567259 0.7183203631 0.4718758339 0.0388018282 -0.7612036575 0.4599481282 -0.7775445181 -0.0000000000 0.9070996362 0.0000000000 -1.6051278591 -0.6457466603 0.0000000000 0.0000000000 
348630.0000000000 -1132916.1025314704 6092529.0657517994 1504633.5717017767 0.0053454325 11.1654816136 -0.0220105736 0.6355390877 -1.1631506608 -0.9911655906 0.4611057861 1.6787795936 -0.2303261155 0.3208485775 -0.0000000000 1.5427262196 0.0000000000 -1.5197933490 -0.3268789696 0.0000000000 0.0000000000 
348660.0000000000 -1132915.3834243016 6092529.0425020671 1504633.1870305801 0.0196449435 11.1654816136 0.0089146201 -0.1058823886 -0.1794943880 -0.3111057231 0.5947479365 0.4346398380 0.9966056973 -0.0142416685 -0.0000000000 0.8165082677 0.0000000000 -1.1735540622 -0.9680056752 0.0000000000 0.0000000000 
348690.0000000000 -1132916.0060473578 6092531.3776657684 1504634.4265055628 0.0006780026 11.1654816136 0.3304199906 0.8675416707 -0.7697089288 0.2036633081 -0.0005782658 0.8209231768 0.6424130103 -0.3939552512 0.0000000000 0.8253657949 0.0000000000 -2.0959060087 -0.2127395489 0.0000000000 0.0000000000 
348720.0000000000 -1132916.1838954533 6092530.1301294975 1504634.4450780931 0.0027897230 11.1654816136 0.4080265702 1.1404288294 -1.6840084386 0.5689632036 -0.9260718010 1.5916814288 0.5637199288 0.2737051985 -0.0000000000 1.1373784390 0.0000000000 -3.4233814284 0.7678088300 0.0000000000 0.0000000000 
348750.0000000000 -1132915.6120453468 6092529.7113189790 1504633.4910807821 0.0475220350 11.1654816136 -0.2009219606 0.4500484770 -0.2143087910 0.5184417813 -0.6512170432 0.6671177883 1.1030101876 0.3234500481 0.0000000000 0.5154276845 0.0000000000 -1.7460427148 -0.5923729879 0.0000000000 0.0000000000 
348780.0000000000 -1132915.3474580476 6092529.9450394437 1504633.4983869032 0.2513036124 11.1654816136 1.2415310013 0.7200521571 -0.0793773410 0.0723544518 -0.3407529369 -0.1593577242 -0.2234109252 -0.1559223188 0.0000000000 0.5596351178 0.0000000000 -1.7178054874 0.0830274914 0.0000000000 0.0000000000 
348810.0000000000 -1132915.7281513026 6092531.8132866258 1504633.8600125993 0.1445291593 11.1654816136 -0.1858431099 0.2849667280 -0.2527877958 0.7991874407 -0.9199990369 0.6422286669 0.5309864048 0.1069126594 -0.0000000000 0.9138575200 0.0000000000 -1.7679968406 0.0250708796 0.0000000000 0.0000000000 
348840.0000000000 -1132915.6109738615 6092531.6613935633 1504633.2356610543 0.0312345909 11.1654816136 -0.4764336518 0.2031071676 -0.4428932872 0.5539356093 -0.5220074671 0.8436417555 0.7888857610 0.1233992641 0.0000000000 0.7726784068 0.0000000000 -1.4677308869 -0.1665891674 0.0000000000 0.0000000000 
348870.0000000000 -1132914.0962083491 6092529.0331727527 1504632.8463320297 0.0004474454 11.1654816136 1.5867661100 0.1232535373 0.5425870279 0.7181686400 -0.7320995734 -0.9017736645 0.8350241896 0.0159586505 0.0000000000 0.7128540849 0.0000000000 -2.6685361238 -0.3807226415 0.0000000000 0.0000000000 
348900.0000000000 -1132914.8320870919 6092529.2647899520 1504632.7676272832 0.1311867378 11.1654816136 -0.1780943554 0.3599597313 -0.4602606779 1.1609717570 -0.6972627050 0.5186399715 0.6531973283 -0.5996149916 -0.0000000000 0.9013312972 0.0000000000 -1.8609096595 0.3635339770 0.0000000000 0.0000000000 
348930.0000000000 -1132916.0506385206 6092531.8568085143 1504633.2428575596 0.0008190438 11.1654816136 -0.9753595079 0.5544490045 0.1494668357 0.5633945350 -0.6528419225 1.0484368282 0.4411182533 -0.1799266912 -0.0000000000 1.1497250300 0.0000000000 -0.9989731250 -0.8542174842 0.0000000000 0.0000000000 
348960.0000000000 -1132915.3697562821 6092529.8990329867 1504632.8917625656 0.0890329027 11.1654816136 -0.9283355914 0.5115746342 -0.3412004894 0.4583749968 -0.5564818593 1.1724130243 0.9478117475 0.1868919295 0.0000000000 0.7148262470 0.0000000000 -1.2375843847 -0.6555230157 0.0000000000 0.0000000000 
348990.0000000000 -1132915.7101471811 6092529.3176891971 1504633.4928117425 0.5834701979 11.1654816136 -0.6741944845 0.2864500976 -0.4018678039 0.0428897203 0.3989843148 0.9332943195 -0.3156594535 -0.8061219339 0.0000000000 1.0752771925 0.0000000000 -0.2513118284 -0.0789531271 0.0000000000 0.0000000000 
349020.0000000000 -1132915.6357673937 6092531.0299697472 1504633.6652485670 0.2871774602 11.1654816136 -1.1583818766 0.3958001832 -0.6020232175 0.3160492246 -0.3851362386 1.4898021695 0.2389734457 -0.0213471635 -0.0000000000 1.0961474351 0.0000000000 -0.8636859161 -0.1691031226 0.0000000000 0.0000000000 
349050.0000000000 -1132916.1704755959 6092529.1586891450 1504634.0838145865 0.4091537548 11.1654816136 0.0015930859 0.1687584752 -0.3818480893 -0.2125041323 -0.7056541885 0.8391996635 -0.1961566253 0.9673805280 0.0000000000 0.9014475316 0.0000000000 -1.2284213499 0.0424417928 0.0000000000 0.0000000000 
349080.0000000000 -1132915.9062839733 6092528.7883821288 1504633.5977635307 0.0201563483 11.1654816136 -1.0948231627 0.2468961041 -0.8498057053 -0.6451955328 0.0799113446 1.9771956700 0.3645079773 0.8502411619 -0.0000000000 1.3199526207 0.0000000000 -1.0688613337 -0.7618951828 0.0000000000 0.0000000000 
349110.0000000000 -1132914.5978252105 6092528.2508713799 1504633.2921850765 0.1460559464 11.1654816136 -0.1619713477 -0.0719535108 -0.1532243372 0.2313905397 -0.5796102805 0.4425537003 0.4895731909 0.5916312199 0.0000000000 0.5907592725 0.0000000000 -1.1125921545 -0.1555807518 0.0000000000 0.0000000000 
349140.0000000000 -1132914.1680437138 6092527.5984784178 1504633.3469554181 0.0333725302 11.1654816136 0.5088132002 0.3224764384 0.1473477555 -0.2550015151 -0.1061984496 0.1722151156 -0.0207410338 0.1956358474 -0.0000000000 0.8167385392 0.0000000000 -1.1486563228 -0.5826121497 0.0000000000 0.0000000000 
349170.0000000000 -1132914.5340233394 6092529.2969761472 1504632.5022862027 0.0015696114 11.1654816136 -0.1871596615 0.2608113519 -0.2328292187 0.5480352193 -0.6376489866 0.5616883814 0.9606575388 0.2489256170 -0.0000000000 0.7930616904 0.0000000000 -1.7830198201 -0.3795476779 0.0000000000 0.0000000000 
349200.0000000000 -1132914.9329009471 6092529.2676212816 1504633.3170967456 0.1763108047 11.1654816136 1.4883383176 0.2441331412 0.2516021056 -0.6558250026 -0.0958378992 -0.4991778610 -0.2569506969 0.6588079510 0.0000000000 0.3700586922 0.0000000000 -1.2162842460 -0.3826929302 0.0000000000 0.0000000000 
349230.0000000000 -1132915.7134593884 6092530.8026327621 1504632.8579285960 0.0303489667 11.1654816136 2.0432136403 0.2736915719 -0.0356752256 -0.6507842322 -0.2016929805 -0.6739815113 -0.2915506192 0.7980736834 0.0000000000 0.3927972724 0.0000000000 -1.8147477891 0.0467251765 0.0000000000 0.0000000000 
349260.0000000000 -1132915.3790377807 6092530.8209953131 1504632.5003601976 0.1350282719 11.1654816136 0.8672661388 0.3753163610 0.4460063770 1.0946060701 -0.6152242072 -0.7590279169 0.3756917009 -0.9340618767 0.0000000000 0.7368025726 0.0000000000 -1.7099806754 0.0241321450 0.0000000000 0.0000000000 
349290.0000000000 -1132915.8178693717 6092530.8533772575 1504633.7888302899 0.0034148793 11.1654816136 -0.3486626963 0.5634684338 -0.3181782204 -0.2632002465 -0.2241728179 1.3399195033 0.4664439350 0.4762478558 0.0000000000 1.5685900628 0.0000000000 -1.9301834778 -1.0323060320 0.0000000000 0.0000000000 
349320.0000000000 -1132915.3004957871 6092529.0763127282 1504633.5818061940 0.1730310754 11.1654816136 1.6428984746 0.3019410975 -0.2622796594 -0.0799439146 -0.4571508084 -0.2978034741 0.4213865901 0.6158981571 -0.0000000000 0.9814715241 0.0000000000 -2.7972390707 -0.0776559682 0.0000000000 0.0000000000 
349350.0000000000 -1132915.6568181033 6092530.6721477564 1504633.3341253554 0.0233826852 11.1654816136 -0.2588400801 0.1714429744 0.1496129724 0.1846431432 -0.0613072763 0.6005351217 0.2862134482 -0.2385750118 0.0000000000 1.3821089598 0.0000000000 -1.2740172303 -0.7981905505 0.0000000000 0.0000000000 
349380.0000000000 -1132915.9843050381 6092532.1470093215 1504633.5088989553 0.0045870609 11.1654816136 -0.4646106889 0.8166822538 -1.3761201625 -0.6530458992 0.1699121920 1.8790041598 0.6938447247 0.7565445628 -0.0000000000 0.9298046255 0.0000000000 -1.9021734830 -0.4500426988 0.0000000000 0.0000000000 
349410.0000000000 -1132915.7613964835 6092530.2594281640 1504633.4802201861 0.0343082809 11.1654816136 -0.4363769621 0.6165528667 -0.9515078202 -0.5951545251 -0.1222124916 1.5110790033 0.3245882556 0.8944023919 0.0000000000 0.6944011476 0.0000000000 -1.2915223959 -0.3308039416 0.0000000000 0.0000000000 
349440.0000000000 -1132915.6939801523 6092529.9626815030 1504634.2322768506 0.0010431054 11.1654816136 0.1868468845 0.5564223313 -0.9549526700 -1.1346915652 0.2115507673 1.1896790680 -0.4179444496 0.9875545961 0.0000000000 0.4957799957 0.0000000000 -0.8584258519 -0.0284644857 0.0000000000 0.0000000000 
349470.0000000000 -1132915.8563734647 6092528.5445638653 1504632.9045406578 0.7101662485 11.1654816136 -0.3045518131 0.4035719104 -0.3878927554 -0.4012693611 0.3878558410 1.0999331548 0.5417312871 0.1455348426 -0.0000000000 1.1453974582 0.0000000000 -1.4012468770 -1.0011643215 0.0000000000 0.0000000000 
349500.0000000000 -1132915.4060186222 6092528.6607810967 1504632.6929923543 0.0567121360 11.1654816136 -0.0704534908 0.1533334337 0.3749335152 -0.4733183794 -0.5760987182 0.7334580115 -0.4565867172 0.8894744332 -0.0000000000 1.3472631870 0.0000000000 -0.9568543851 -0.8195483302 0.0000000000 0.0000000000 
349530.0000000000 -1132916.0021801796 6092530.3247948596 1504633.4857679675 0.0008044588 11.1654816136 -0.2078041063 0.7070317012 -0.7416316563 -1.1625771072 0.7320056475 1.6401149760 -0.1818418820 0.4161026171 0.0000000000 1.2743605727 0.0000000000 -1.2212869964 -0.9393030821 0.0000000000 0.0000000000 
349560.0000000000 -1132916.0085256514 6092530.9461871134 1504633.3726558548 0.2171798897 11.0041300577 -2.2442369817 0.8990227440 -1.2696286509 -0.1194818449 0.0813129498 2.8246543052 0.3554015464 0.0000000000 0.0000000000 1.1688832365 0.0000000000 -0.6971236649 -0.4394141365 0.0000000000 0.0000000000 
349590.0000000000 -1132916.0064236321 6092530.7995307846 1504632.7805117874 0.1742209610 11.1654816136 -0.5928736444 0.7248715277 -0.5553993969 0.2105708408 -0.2031566793 1.2055719662 0.4379768354 -0.1796807001 -0.0000000000 1.1301793095 0.0000000000 -1.5199866320 -0.3871071255 0.0000000000 0.0000000000 
349620.0000000000 -1132916.3685362041 6092530.6319754003 1504632.8933504443 0.1242840948 11.1654816136 -0.1801879479 0.2973041466 0.4520389260 -0.1802187396 -0.8687085384 0.5630396670 -0.0424030217 0.8728395059 -0.0000000000 0.9371213989 0.0000000000 -0.9110212856 -0.8264487562 0.0000000000 0.0000000000 
349650.0000000000 -1132915.8058945909 6092528.3147381106 1504631.5111966801 1.1682204537 11.1654816136 -0.0302197909 -0.9758659156 0.7510315198 1.4033374461 -0.3655157686 -0.7372385839 1.2689685902 -0.5719509724 -0.0000000000 1.3440680746 0.0000000000 -1.5868398696 -0.5872107392 0.0000000000 0.0000000000 
349680.0000000000 -1132915.0488561059 6092529.1862985622 1504631.9053743437 0.0003316580 11.1654816136 0.8353019125 -0.0587936451 0.2651796370 1.8254630193 -1.1996718793 -1.2107691334 1.0380134435 -0.7700747003 0.0000000000 0.7996539383 0.0000000000 -2.2403338531 0.5920994667 0.0000000000 0.0000000000 
349710.0000000000 -1132917.2195606104 6092531.4927153923 1504633.5746038463 0.0351748496 11.1654816136 -1.4971819463 0.3460617725 -1.0968985319 0.1340223146 0.2776973856 2.1513211367 0.6579138454 -0.1180891970 -0.0000000000 1.7209068360 0.0000000000 -1.6786621696 -0.4596948415 0.0000000000 0.0000000000 
349740.0000000000 -1132916.4273762573 6092531.1381704556 1504633.3240254899 0.1985309292 11.1654816136 -2.3606234016 0.4056610435 -0.5795041334 -0.1299815171 -0.5243765882 2.6233292214 0.6267224356 0.9083290779 0.0000000000 1.2952365681 0.0000000000 -0.7708066271 -1.0129207106 0.0000000000 0.0000000000 
349770.0000000000 -1132915.8290419625 6092531.1584941680 1504632.9762334174 0.0198837296 10.8275661707 -0.6142962539 0.0055917514 -0.3039779487 0.0000000000 0.2067573491 0.8978268430 0.3039617972 0.0000000000 -0.0000000000 0.9582365015 0.0000000000 -0.8228367782 -0.4543532270 0.0000000000 0.0000000000 
349800.0000000000 -1132916.1553166513 6092530.4213438351 1504632.7193009597 0.1460317786 11.0041300577 0.0000000000 -0.1515628761 -0.1648526874 -0.1110886052 0.2219642076 0.3949766570 0.6194754959 0.3008483188 -0.0000000000 0.8480132686 0.0000000000 -1.2272466774 -0.6464094650 0.0000000000 0.0000000000 
349830.0000000000 -1132915.4919336236 6092528.9314397452 1504633.2474278547 0.0546621523 11.1654816136 0.1107138351 0.5537445927 -0.4647945205 -0.5823354046 -0.4656486720 1.0463454828 -0.6164434110 0.8133723373 0.0000000000 1.1996332745 0.0000000000 -1.3521318520 -0.0338881824 0.0000000000 0.0000000000 
349860.0000000000 -1132916.4701354362 6092530.4388700034 1504632.8943624056 0.2211679788 11.1654816136 -0.9508997130 0.7282392841 0.0639638628 0.5197829850 -0.2837841996 1.0649947076 0.2274273432 -0.7077233827 -0.0000000000 1.3161911605 0.0000000000 -1.0369929355 -0.7096671155 0.0000000000 0.0000000000 
349890.0000000000 -1132915.3960650556 6092529.6016761251 1504633.0337241460 0.0953948913 11.1654816136 0.7606557821 0.5028459430 -0.5599215799 -0.2154415347 0.6633320495 0.2604251562 -0.1558934507 -0.5962299648 -0.0000000000 1.0503724471 0.0000000000 -1.5687126551 -0.0521768760 0.0000000000 0.0000000000 
349920.0000000000 -1132914.7741261662 6092529.4550735736 1504632.4744748790 0.0393774840 11.1654816136 0.5236403729 0.2526333636 -0.7515853018 0.4129555811 -0.4018776753 0.0303774392 0.7178894485 0.1802120840 -0.0000000000 0.6284909024 0.0000000000 -1.9805736672 0.4590978310 0.0000000000 0.0000000000 
349950.0000000000 -1132916.6071491968 6092533.0721502798 1504634.0781709752 0.4129972543 11.1654816136 0.5872759125 -0.0139110345 -0.2405552475 0.7139539225 -0.0005531578 -0.0454902799 0.9558097390 -0.4331248115 -0.0000000000 1.8837689527 0.0000000000 -2.8976516499 -0.4267537115 0.0000000000 0.0000000000 
349980.0000000000 -1132915.6243221108 6092532.9283176661 1504633.7200044815 0.3304721217 10.8275661707 0.0000000000 -0.3871898562 -0.8604069675 0.0000000000 -0.0666269785 0.7210666171 1.0153877868 0.9687001284 -0.0000000000 1.2985581890 0.0000000000 -2.3448633529 -0.1788658332 0.0000000000 0.0000000000 
350010.0000000000 -1132916.2621583943 6092531.4542212943 1504633.5033333141 0.0292992091 11.0041300577 0.1551065373 0.7715479678 -0.7474499220 0.3729507205 -0.4663972087 0.2124418389 1.4174180741 0.2044228376 0.0000000000 0.0000000000 0.0000000000 -1.7772677891 -0.0532627156 0.0000000000 0.0000000000 
350040.0000000000 -1132913.7543842145 6092528.9169828072 1504632.2847123055 0.1502978223 11.1654816136 1.1842240105 -0.7373907373 0.3976492680 1.4917558948 -0.7540423110 -1.8407370921 0.8076915785 -0.5263288220 0.0000000000 0.5302270371 0.0000000000 -1.4615436378 0.6934672312 0.0000000000 0.0000000000 
350070.0000000000 -1132915.2434802027 6092528.5527562415 1504632.8746752040 0.0076967050 11.1654816136 0.7157951769 0.5013106179 -0.1671990551 -0.4169492673 -0.3087537702 0.2940849053 -0.1039290486 0.5673222021 -0.0000000000 1.0762884406 0.0000000000 -1.7212337654 -0.3584433454 0.0000000000 0.0000000000 
350100.0000000000 -1132915.4656611474 6092529.5371200396 1504632.8163864990 0.0004298937 11.0041300577 -0.3997058222 0.3945419357 0.2928181957 0.0000000000 -0.5153352782 0.7575902640 0.1492209955 0.3080864832 -0.0000000000 1.2790989239 0.0000000000 -1.2123101759 -0.9092990382 0.0000000000 0.0000000000 
350130.0000000000 -1132915.1874839785 6092530.3624850689 1504632.3489786200 0.0147466411 11.1654816136 -0.2973069256 -0.0890609650 0.2349016854 1.1963175865 -0.7198752516 -0.3149409271 0.8380342893 -0.4950761142 -0.0000000000 0.6867097886 0.0000000000 -1.0194688504 -0.0023210953 0.0000000000 0.0000000000 
350160.0000000000 -1132913.3256478922 6092526.4064499177 1504630.4145797479 0.1053283767 10.8275661707 0.8786399917 0.0000000000 1.2175552070 0.8478095948 -0.7772843382 -1.5942611103 0.4336804425 -0.5401855604 -0.0000000000 0.0000000000 0.0000000000 -0.2671423320 -0.4168972151 0.0000000000 0.0000000000 
350190.0000000000 -1132914.3410031972 6092526.9137965059 1504632.0404260424 0.0004709645 11.1654816136 -2.0394625534 -0.1013138239 -0.3194491453 0.2113156080 0.6732707081 1.6629936526 0.2441771512 -0.5787487860 0.0000000000 0.4573088584 0.0000000000 0.5571606178 -0.5209211996 0.0000000000 0.0000000000 
350220.0000000000 -1132915.2704372974 6092528.2722647749 1504632.6268823550 0.3840083523 11.1654816136 -1.1151431007 -0.0836782786 -0.1724076291 0.1981622947 0.0388650645 1.0708111366 1.1445265712 0.3314930974 0.0000000000 0.8764965860 0.0000000000 -1.0843597995 -1.0284437505 0.0000000000 0.0000000000 
350250.0000000000 -1132914.5913808448 6092528.9411730962 1504633.4210424130 0.0634561126 11.1654816136 -0.8767382357 0.4702189715 -0.5326560280 -0.0245832794 -0.1152033637 1.1106161534 0.8189166968 0.3287268200 -0.0000000000 0.3465174341 0.0000000000 -0.8605461901 -0.4863132199 0.0000000000 0.0000000000 
350280.0000000000 -1132915.9442627379 6092530.1765746316 1504632.9517820214 0.0004744488 11.0041300577 -1.1807923284 0.0578834339 0.0000000000 1.0874887678 -0.2394922290 0.7536796035 0.6955099900 -0.8047397721 -0.0000000000 1.3896541170 0.0000000000 -1.1660668798 -0.4047299265 0.0000000000 0.0000000000 
350310.0000000000 -1132915.8666654034 6092530.6839292878 1504633.7084228608 0.1252113528 11.1654816136 -1.6155301728 0.0226301940 -0.6343762517 0.1726249833 0.5812342659 1.8164982498 0.5652790572 -0.2280543220 0.0000000000 1.2927822197 0.0000000000 -0.9987349136 -0.6809103257 0.0000000000 0.0000000000 
350340.0000000000 -1132915.8285725145 6092528.8116783546 1504633.3792266129 0.0518122764 11.1654816136 -2.4781562693 -0.1994399477 -0.6104322042 -0.0136109266 0.6696460108 2.5985954845 -0.1582888930 -0.1475079910 0.0000000000 1.4173745233 0.0000000000 -0.1453326606 -0.5589711998 0.0000000000 0.0000000000 
350370.0000000000 -1132916.0081569718 6092531.9459200371 1504634.2166832571 1.1955688290 11.1654816136 -1.9816331918 0.1235374297 -0.2016405119 0.4319883007 0.6896937282 1.9200013323 0.5631340248 -0.7909745179 -0.0000000000 1.5656911077 0.0000000000 -0.8480843512 -1.1647824606 0.0000000000 0.0000000000 
350400.0000000000 -1132915.1367132748 6092530.2561789714 1504633.3730763313 0.0286340586 11.1654816136 0.2284442532 0.1643821892 0.4914541494 0.5454317220 0.9025857866 -0.1154669198 0.2982253185 -1.5137732250 0.0000000000 1.5433668521 0.0000000000 -1.3395947675 -1.1514899500 0.0000000000 0.0000000000 
350430.0000000000 -1132914.9706427420 6092529.7036278788 1504633.5806913555 0.0639464488 11.1654816136 0.1655002042 0.0735186376 -0.0682161081 0.1069311254 0.6879620195 0.2137824381 -0.5207464052 -0.8833889600 -0.0000000000 1.0125822376 0.0000000000 -0.6216998664 -0.0935216961 0.0000000000 0.0000000000 
350460.0000000000 -1132916.1008239102 6092530.4453134611 1504633.4480428412 0.0001542090 11.1654816136 -0.2145764116 0.1688516159 -0.1170673577 1.5139387860 0.0131328279 -0.1265817611 0.8300530045 -1.5303885462 0.0000000000 1.6753903973 0.0000000000 -2.0018956339 -0.0800420069 0.0000000000 0.0000000000 
350490.0000000000 -1132916.5991298766 6092532.1793586416 1504634.2521192313 0.0612091875 11.1654816136 0.3916780170 0.1869101079 -0.2834395180 0.6245021346 0.4896256183 -0.1981219607 0.8040248208 -0.8730696420 0.0000000000 1.1016314350 0.0000000000 -1.8175767579 -0.3605168281 0.0000000000 0.0000000000 
350520.0000000000 -1132915.3666954110 6092529.5697062528 1504632.5683544327 0.5647115948 11.1654816136 0.0004099067 -0.2722781361 0.5087137088 0.4041918458 0.0602137451 -0.1401215742 0.2058582936 -0.3347144119 0.0000000000 1.0534773730 0.0000000000 -0.7841859371 -0.6826473609 0.0000000000 0.0000000000 
350550.0000000000 -1132914.7770459841 6092528.1098913047 1504633.1631120436 0.0059918489 11.1654816136 2.1930230094 0.2814512474 0.5584939355 -0.8246978863 0.8869781345 -1.1437923275 0.4970609239 0.0816409207 0.0000000000 0.7308349271 0.0000000000 -1.7799838502 -1.6294519038 0.0000000000 0.0000000000 
350580.0000000000 -1132915.0766658220 6092530.4523082636 1504634.0940488568 0.1669721505 11.1654816136 2.3177844071 0.9984697314 0.2989604823 -0.4523258768 1.2124613917 -1.1184765541 0.0910834187 -1.2236421101 -0.0000000000 0.9555874895 0.0000000000 -1.9632905457 -1.1976939194 0.0000000000 0.0000000000 
350610.0000000000 -1132914.9562217644 6092528.3801885312 1504633.7360627088 0.2719287103 11.1654816136 0.7283427869 -0.4219585510 0.0604022372 -0.5239174945 1.1493372477 0.1396946446 0.1697121147 0.1541497531 -0.0000000000 1.4914742204 0.0000000000 -1.6727066522 -1.2446564658 0.0000000000 0.0000000000 
350640.0000000000 -1132914.8660663282 6092528.1641295953 1504632.4840301035 0.0252265673 11.1654816136 0.3297261281 -0.0676440897 0.1533053694 0.1590428380 0.3881746861 -0.1486760194 0.7856685924 -0.1414491556 0.0000000000 0.9448928957 0.0000000000 -1.4128994284 -0.9692133525 0.0000000000 0.0000000000 
350670.0000000000 -1132916.6755248455 6092529.7502644081 1504633.8470546324 0.1028270187 11.1654816136 -0.8673044519 0.5459212791 -0.5566953964 0.2951582298 -0.0791794669 1.2606684697 1.4568928188 0.2447631583 -0.0000000000 1.6110415529 0.0000000000 -2.5739873675 -1.1195201276 0.0000000000 0.0000000000 
350700.0000000000 -1132915.9901364350 6092529.6870009508 1504634.1024172509 0.0049985900 11.0041300577 1.0036658982 0.4158693891 -0.1348456362 -0.8521713601 1.0919171667 0.0000000000 0.8555345799 0.2129945322 0.0000000000 0.4790550948 0.0000000000 -1.5801287657 -1.5104273257 0.0000000000 0.0000000000 
350730.0000000000 -1132915.9181464463 6092531.9665217167 1504632.3732383247 0.0042664806 11.0041300577 0.4584244011 0.6817503796 -0.4094526441 0.4065211017 0.2510902053 0.0000000000 0.6514198864 -0.7098268164 -0.0000000000 1.1884122017 0.0000000000 -2.0640121694 -0.3499169424 0.0000000000 0.0000000000 
350760.0000000000 -1132915.6021934636 6092528.5385930538 1504631.1334532124 0.3028572298 11.0041300577 -0.1501510984 0.0425498325 -0.0884582626 0.8563438221 0.0980217570 0.0000000000 1.0739490132 -0.5659076300 0.0000000000 1.3639619401 0.0000000000 -1.8970107698 -0.6256868977 0.0000000000 0.0000000000 
350790.0000000000 -1132915.0065303312 6092528.5387578029 1504632.8433584878 0.0000429465 11.0041300577 0.2194374016 0.1697577852 -0.4215481777 0.1520038101 0.8589897789 0.0000000000 1.1263664981 -0.4348559924 0.0000000000 0.3684407326 0.0000000000 -1.2859521017 -0.7077699173 0.0000000000 0.0000000000 
350820.0000000000 -1132914.9907762040 6092526.5650450680 1504632.5960165325 0.6079779414 11.0041300577 1.2282682361 0.2372193580 -0.1911643882 -1.0307913760 0.2274588242 0.0000000000 0.1907143460 1.1040915215 0.0000000000 0.9223662319 0.0000000000 -1.8405369076 -0.8690067663 0.0000000000 0.0000000000 
350850.0000000000 -1132915.7569505055 6092530.5638359953 1504633.2340724734 0.2104270373 11.0041300577 0.3915593291 0.4732282493 -0.2975378333 0.1658621180 0.1350783556 0.0000000000 0.7400942064 -0.1858442575 0.0000000000 0.9353722651 0.0000000000 -1.7764105566 -0.5125525433 0.0000000000 0.0000000000 
350880.0000000000 -1132914.4289538586 6092524.6034417078 1504631.0161487698 0.3704666767 11.0041300577 -0.5794814078 -0.2854099311 0.2999162560 0.7854077663 -0.6544575822 0.0000000000 1.2953065046 0.3274552698 0.0000000000 1.0208015591 0.0000000000 -1.3515936462 -0.8008081723 0.0000000000 0.0000000000 
350910.0000000000 -1132915.3747165336 6092526.2280196920 1504632.2372138835 0.0079531378 11.1654816136 0.8194776289 0.4180314513 0.0334347636 0.0801913780 -0.1284870455 0.0000000000 0.9665554277 0.3190063685 -0.0000000000 1.2383217738 0.0000000000 -2.5994884477 -0.8061944710 -0.3313618858 0.0000000000 
350940.0000000000 -1132915.2404090434 6092529.5453854371 1504632.1984845647 0.1541569955 11.1654816136 0.8298134415 -0.1672902115 0.2104775555 0.7731576142 -0.3904062441 0.0000000000 0.7443588452 0.2186179162 0.0000000000 1.1499568937 0.0000000000 -2.6632678878 0.1453406916 -0.8814906465 0.0000000000 
350970.0000000000 -1132913.8861701549 6092527.7325633653 1504632.3205766613 0.6077040096 11.3140434823 0.6770573351 0.6707883335 0.6989422432 0.8625846702 -0.1276587008 0.0000000000 0.5488738151 0.2581737225 0.0000000000 -0.3287449158 0.0000000000 -1.6440269696 -0.3569272441 -0.1079143856 -1.3569303370 
351000.0000000000 -1132915.2202544387 6092528.5599828651 1504632.4597078173 0.0115991257 11.3140434823 -1.6931082043 0.5885838095 0.1153974343 2.5744583545 0.0459251307 0.0000000000 0.5218156648 -0.3156690756 0.0000000000 0.8160791136 0.0000000000 -1.1583056684 -0.8292658462 2.3919607194 -3.0296392364 
351030.0000000000 -1132913.8170421389 6092527.8951373007 1504632.6103648080 0.1624693308 11.3140434823 1.5069564500 0.8207077808 1.5484978495 1.9316616498 -0.2006836529 0.0000000000 -0.9390778946 -0.0858151985 -0.0000000000 0.7983669121 0.0000000000 -3.1031584060 0.2067895691 -0.1015973439 -2.6223549305 
351060.0000000000 -1132914.8168033620 6092528.8140108939 1504632.0407757272 0.2795109567 11.3140434823 0.2175157697 0.0638376365 -0.2877257575 -0.6285792585 -0.3896037604 0.0000000000 0.2310459094 -0.5327224946 -0.0000000000 1.3707039981 0.0000000000 -0.6802276176 -0.1226191292 -0.7695257862 1.7055924205 
351090.0000000000 -1132914.1822688193 6092528.4240433592 1504633.8800661627 0.1220367389 11.3140434823 0.1307127905 0.1558805726 1.0338943154 1.7614698023 0.0139620661 0.0000000000 -0.1714296097 0.6992632856 -0.0000000000 0.9532679880 0.0000000000 -2.2472422400 -0.7793712260 1.0971954113 -2.7614149220 
351120.0000000000 -1132915.7625654135 6092528.4066607477 1504633.2725996568 0.0886132559 11.3140434823 -0.3509664332 -0.0406982560 0.8176026385 0.4934090742 -0.2999921088 0.0000000000 -0.4923914293 1.0208965257 -0.0000000000 0.8845833334 0.0000000000 -0.6041795745 -1.0928692395 1.2497182166 -1.6472526245 
351150.0000000000 -1132914.2749427198 6092526.9506258192 1504631.9031452560 0.0195484493 11.3140434823 0.0319241724 -0.1284252549 0.1451238978 0.3108986139 0.2534204781 0.0000000000 0.6701859914 1.0323329365 0.0000000000 0.3704953041 0.0000000000 -1.2755962888 -1.0013065681 0.6829686660 -1.1493402652 
351180.0000000000 -1132914.9517069696 6092527.2329922859 1504632.5389648078 0.0231151395 11.3140434823 0.2056085418 -0.1431976762 -0.4562813117 -0.1498880646 0.1974197699 0.0000000000 0.1706019207 0.3706527497 0.0000000000 0.9098987432 0.0000000000 -1.0539974998 -0.2216706594 0.2049757956 0.0238920458 
351210.0000000000 -1132913.0047333802 6092526.6653421167 1504632.0200665814 0.0103158233 11.3140434823 -0.0227729810 -0.4064082819 1.2348000213 1.8312974001 -0.6264116477 0.0000000000 -0.0885595647 -0.3461679141 -0.0000000000 1.0610892950 0.0000000000 -1.5311850803 0.2123262823 -0.4942317751 -0.7783412763 
351240.0000000000 -1132914.0556279866 6092529.4948706217 1504633.5994480124 0.0016523713 11.3140434823 0.6149139704 0.2444076237 -0.2062076627 0.5341119566 0.2262753498 0.0000000000 -0.5998777100 -0.6989966613 -0.0000000000 1.2314525533 0.0000000000 -1.4823636969 0.5640291618 -0.1830519089 -0.1192529045 
351270.0000000000 -1132912.8566681675 6092527.5825002957 1504633.6465010915 0.0582190411 11.3140434823 1.3084208251 0.5369749583 0.9796527643 0.3919043674 -0.0239399717 0.0000000000 -0.5804672052 0.0049932329 0.0000000000 -0.2363855976 0.0000000000 -1.1751449908 0.2086414232 -0.5731966448 -0.9187029150 
351300.0000000000 -1132914.2935968214 6092527.2996635558 1504633.2234473552 0.0000462596 11.3140434823 0.2370369072 0.6601026705 -0.2231764859 0.1287410926 0.0822865112 0.0000000000 -0.8656008277 0.3090740901 -0.0000000000 0.7134510586 0.0000000000 -0.7953649093 -0.0608767166 1.0444276410 -1.1935986475 
351330.0000000000 -1132914.9437083718 6092528.4475568607 1504633.5134491546 0.1203099383 11.3140434823 0.5131402535 0.4778334704 0.0232250561 -0.9052396949 0.3648697448 0.0000000000 0.0750418270 0.6849716582 0.0000000000 0.5324447467 0.0000000000 -0.7557300215 -1.2880623148 0.5507371072 -0.3364671857 
351360.0000000000 -1132915.6434536958 6092529.3221066510 1504632.0638309086 0.4935761638 11.3140434823 -1.0065748965 0.0087841137 0.0200114421 1.9143745453 -0.3975435997 0.0000000000 0.6885053665 0.5572165278 0.0000000000 1.0568992829 0.0000000000 -1.7336707726 -0.3564000880 1.2078253748 -1.8234154486 
351390.0000000000 -1132915.0114298000 6092527.8852500953 1504632.4742006597 0.0953679807 11.3140434823 0.0460512540 0.4921593761 0.4519461005 0.6558590395 -0.5870772138 0.0000000000 0.1035927201 -0.3970476034 0.0000000000 1.4812448257 0.0000000000 -1.5568655066 -0.3781293765 -0.1050091721 -0.0971562889 
351420.0000000000 -1132914.3148725675 6092527.6391472947 1504632.0733641279 0.0020519319 11.3140434823 0.4834265171 0.0697845705 0.1207298966 -0.2329199556 -0.1580720554 0.0000000000 0.0049271995 0.5620238697 -0.0000000000 -0.0534282149 0.0000000000 -0.4937015581 -0.0206932736 -0.1383745614 -0.1859754362 
351450.0000000000 -1132915.0794034372 6092528.1028165435 1504633.2726041917 0.0118660042 11.3140434823 0.6110576712 0.8040717553 -0.1147845849 0.0414301863 -0.1303243621 0.0000000000 0.2762213531 1.4072953050 0.0000000000 0.0423364118 0.0000000000 -1.6917757775 -0.4921429956 0.8453912966 -1.6368986701 
351480.0000000000 -1132916.0047606796 6092527.9779563686 1504632.4800074676 0.0000322276 11.3140434823 0.2978135279 0.4601884195 -0.0202887822 -0.2189141556 -0.4691484504 0.0000000000 0.1928169527 0.7031875878 0.0000000000 0.8658708647 0.0000000000 -1.2843771953 -0.4919809318 0.2488393173 -0.2895638190 
351510.0000000000 -1132915.6084936834 6092527.8512834106 1504633.3605193004 0.0284859320 11.3140434823 0.6277599321 0.6058324090 -0.3059016087 -0.9764392729 0.2858943035 0.0000000000 -0.6146916351 0.7847784472 0.0000000000 1.4178907500 0.0000000000 -1.2406553272 -1.0350199211 0.9240545312 -0.5043400300 
351540.0000000000 -1132915.1033377440 6092528.8149173642 1504633.4842516826 0.0151809974 11.3140434823 0.3625211718 1.5588092538 -0.7758093465 -1.1763036511 -0.6061552300 0.0000000000 -0.3716730543 0.4301438366 -0.0000000000 1.8646774277 0.0000000000 -1.4894499063 -0.7871997505 0.9351909129 0.0263935763 
351570.0000000000 -1132914.2827067606 6092528.7233322244 1504632.6804551973 0.3176602573 11.3140434823 0.8393207979 0.9274675800 0.3599334056 0.4492023295 -0.1515156784 0.0000000000 -0.1187306922 -0.1624864168 0.0000000000 1.1019886976 0.0000000000 -2.1141333622 -0.2525326719 -0.0685992209 -0.6826477469 
351600.0000000000 -1132913.8057786506 6092528.7929193936 1504632.9226815421 0.0050008070 11.3140434823 1.6095969163 0.7936245336 0.4139560176 0.1785432487 0.0508154022 0.0000000000 -0.4094033906 0.4198812272 -0.0000000000 -0.0286632036 0.0000000000 -1.8848883552 0.3746018471 -0.3555742313 -1.0792638848 
351630.0000000000 -1132913.0284241582 6092529.0850523347 1504633.1697824460 0.1267439546 11.3140434823 2.6911010800 0.3360163901 1.9991454777 1.4613249221 0.2000272343 0.0000000000 0.5147755272 0.0731094338 0.0000000000 -0.2736913270 0.0000000000 -3.6393830932 0.2579014919 -2.0420039991 -1.3073370765 
351660.0000000000 -1132914.3769514319 6092529.0072961506 1504633.2083244417 0.1754240735 11.3140434823 1.3638985874 0.9508224406 0.2314534110 0.2105288212 -0.0585014301 0.0000000000 0.1662588490 0.0115242175 0.0000000000 0.0501945383 0.0000000000 -1.9454389088 0.2935434818 -0.6011997258 -0.5611948207 
351690.0000000000 -1132915.8627983560 6092530.8550352426 1504634.1744360733 0.0121689718 11.3140434823 1.1114734415 0.2442388764 0.4646114438 -0.1627994857 0.1789360814 0.0000000000 -0.3007027374 0.3201960853 0.0000000000 0.6270291564 0.0000000000 -1.4373510511 -0.3041820626 -0.2984686923 -0.3856898094 
351720.0000000000 -1132916.1930093495 6092529.6727780551 1504634.0501309480 0.4303417119 11.3140434823 1.0565214075 0.7343697909 0.1354863002 -0.5633184026 0.7188173174 0.0000000000 -1.0164052195 0.6405137662 0.0000000000 1.1847553118 0.0000000000 -1.5375220309 -1.0173126759 0.9738355721 -1.2799082834 
351750.0000000000 -1132914.3227477323 6092528.2122077355 1504632.8046924786 0.1792215469 11.3140434823 0.7388598182 -0.1864933199 0.4378312653 0.0437734523 -0.1719113473 0.0000000000 -0.7471161169 0.1046991960 0.0000000000 0.9778894558 0.0000000000 -0.9480085611 0.2401336632 -0.4200991110 0.0260181443 
351780.0000000000 -1132914.6717960336 6092526.7934485534 1504632.7541597104 0.0308108643 11.3140434823 1.5427958681 1.3324078628 0.1573328422 -0.7203567929 0.1718344105 0.0000000000 -0.2600965406 -0.2810423991 0.0000000000 0.6885460478 0.0000000000 -1.7478666572 -0.3750447048 -0.3755099284 -0.0944769638 
351810.0000000000 -1132916.0859388181 6092529.4784750659 1504633.5350377944 0.3242403557 11.3140434823 0.0070162528 0.3997130127 -0.6448961371 -0.2894143383 0.2446157194 0.0000000000 -0.3501986091 0.9087299219 0.0000000000 1.6494181812 0.0000000000 -1.4939662462 -0.8240460472 1.2633230227 -0.8632467323 
351840.0000000000 -1132915.8237415699 6092529.3409008877 1504633.1573458419 0.3474520056 11.1654816136 0.1770750884 1.4365737861 -0.2601646758 0.0000000000 -0.1651446945 0.0000000000 -0.0232429113 -0.7520048115 -0.0000000000 1.9760293398 0.0000000000 -1.9060717036 -0.7252760036 0.3794660164 -0.0387284934 
351870.0000000000 -1132915.6335470146 6092526.5850776713 1504632.5880018503 0.5509387587 11.1654816136 -0.9600169813 0.5495218757 -1.1480193581 0.0000000000 -0.9301179594 0.0000000000 0.1799371985 0.1459951494 -0.0000000000 1.5197438927 0.0000000000 -0.6896830464 0.2335638599 0.6841657237 0.3658039651 
351900.0000000000 -1132915.9233126761 6092529.1236377209 1504633.0021142517 0.3664933705 11.3140434823 0.0857697634 0.4918675545 0.6389913191 0.0000000000 -0.4161234919 0.5077867903 -0.4914736149 0.3683372601 0.0000000000 1.1586067939 0.0000000000 -1.3215218648 -0.5080583055 0.0178131279 -0.4980720333 
351930.0000000000 -1132915.5192176928 6092527.9566925503 1504633.4972600704 0.0024403276 11.3140434823 -0.4278485524 0.8745819200 -0.0007302810 0.0000000000 0.9157787048 0.7496074582 -0.7907581921 1.2793139141 0.0000000000 0.6350907516 0.0000000000 -1.2558778558 -1.4537806758 1.9976545577 -2.5256416223 
351960.0000000000 -1132915.5784400720 6092528.2551397942 1504632.5462370114 0.3231466931 11.3140434823 -0.7444115387 0.3077353323 -0.5901602858 0.0000000000 0.6895948545 0.9105578629 0.2170179068 0.8008519544 -0.0000000000 0.8143140547 0.0000000000 -1.4838147235 -0.8521902593 0.8059101668 -0.9026510035 
351990.0000000000 -1132914.9860400409 6092527.5781355426 1504632.3338350093 0.0006293748 11.3140434823 -2.0099108625 0.1603734248 -0.8861187904 0.0000000000 0.5250480458 1.4720027756 -0.0198919505 0.3907447997 -0.0000000000 1.1642312213 0.0000000000 -0.7667671732 -0.7761609636 0.9433086750 -0.3607307127 
352020.0000000000 -1132914.7166250302 6092527.3614809066 1504633.0416894194 0.0766172249 11.3140434823 -1.8270630392 0.0182527616 0.6058329710 0.0000000000 0.2185471700 2.7599871292 -0.1746368359 1.3984880213 0.0000000000 0.7274831525 0.0000000000 -1.7983437105 -1.0319771868 -0.0556096290 -1.0109720414 
352050.0000000000 -1132913.9558819039 6092525.6294722222 1504631.5966828561 0.6351904514 11.3140434823 0.7382931250 0.2190233897 0.6607214113 0.0000000000 -0.0680389088 -0.3842125553 0.6438859993 -0.1996966378 0.0000000000 1.1453795308 0.0000000000 -1.4289487921 -1.0600784853 -0.4611567190 0.2905703620 
352080.0000000000 -1132915.4320315663 6092528.6050512977 1504633.1335651672 0.0035754690 11.3140434823 0.4525596940 0.5371037813 0.4883538797 0.0000000000 0.0285176439 -0.0413462495 -0.3652641663 0.1071143104 -0.0000000000 1.3426141383 0.0000000000 -1.3558830994 -0.8684575571 0.3358002280 -0.5666528859 
352110.0000000000 -1132912.7873259026 6092527.3176965499 1504632.6301791142 0.0364924384 11.3140434823 0.7591183582 -0.5765965602 1.4126757853 0.0000000000 -0.3967789759 0.9275557296 -0.1586224571 0.7393034976 0.0000000000 0.3612746649 0.0000000000 -1.5455010560 0.0576236065 -1.5825509853 0.1302059407 
352140.0000000000 -1132915.4867496458 6092528.1607085736 1504633.2555661150 0.1703726467 11.3140434823 0.2297382630 0.4320508114 0.8051347158 0.0000000000 0.2182002850 -0.0820210707 -1.0343871133 0.7192921243 0.0000000000 0.8980337723 0.0000000000 -0.5632897869 -1.2321656632 1.2988639704 -1.6395413936 
352170.0000000000 -1132915.4481342400 6092528.0761850569 1504632.2977263662 0.3060042945 11.3140434823 -2.3496093951 -0.3765393922 0.1569439189 0.0000000000 -1.1464817455 1.1303275861 0.9690247085 0.5036553167 0.0000000000 0.7148052650 0.0000000000 0.0615232643 -0.7038523869 -0.2333268622 0.8380462332 
352200.0000000000 -1132915.4554115722 6092529.7574200099 1504633.1780040965 0.1725056093 11.3140434823 0.2650800483 -0.3175334795 -0.0030975414 0.0000000000 0.1113253174 -0.8274248711 0.2249862330 1.1908661322 0.0000000000 0.5749039346 0.0000000000 -0.3692210537 -1.0340022934 1.1286867239 -0.9357859416 
352230.0000000000 -1132914.1408840986 6092528.8344102297 1504633.3469448043 0.1670609117 11.3140434823 0.3221162066 0.5535530040 0.6185228553 0.0000000000 0.3274824310 0.2751849162 -0.0094237632 -0.4020122167 0.0000000000 0.3303375343 0.0000000000 -0.7769529266 -0.7150226711 -0.1710694075 -0.2705659589 
352260.0000000000 -1132914.8168377525 6092528.8132436648 1504633.4244872159 0.1495745087 11.1654816136 0.0000000000 0.3135724237 0.8083262348 0.0000000000 0.5185089321 1.7047644765 -0.6049312405 -0.1966408918 0.0000000000 0.9954733086 0.0000000000 -2.0215243937 -0.3354636386 -0.9653510081 -0.1093740068 
352290.0000000000 -1132914.3443607362 6092527.2294134283 1504632.5297468668 0.0127900953 11.1654816136 0.0000000000 0.4704381098 0.1247614361 0.0000000000 0.1315554819 0.8926492397 -0.5031389199 0.5101680510 -0.0000000000 0.5538131987 0.0000000000 -1.3934485464 -0.0189422302 0.0437417574 -0.7521521043 
352320.0000000000 -1132914.4740393159 6092527.8742318992 1504632.3872528041 0.0109053959 11.1654816136 0.0000000000 0.6974377201 0.1508714128 0.0000000000 -0.1975554507 0.9175714398 0.5527088666 -0.0742939851 -0.0000000000 0.7146236617 0.0000000000 -1.9607613513 -0.1020018023 -0.8818688609 0.2202533990 
352350.0000000000 -1132914.1328797261 6092528.9833087828 1504632.8936647926 0.0240217221 11.1654816136 0.0000000000 0.3428377190 1.0948966089 0.0000000000 -0.0601204755 1.0029373764 -0.0620070481 0.1147208559 -0.0000000000 0.5801576841 0.0000000000 -1.3729882153 -0.6952757024 -0.6324040349 -0.2799535722 
352380.0000000000 -1132914.8488908214 6092528.3118961696 1504632.7277318644 0.0299800855 11.1654816136 0.0000000000 0.5541799856 0.7619227909 0.0000000000 -0.5825145375 0.8909923911 1.0247027993 0.0879179403 -0.0000000000 0.3055258089 0.0000000000 -1.7593430476 -0.3585879399 -1.2529506099 0.3224972052 
352410.0000000000 -1132914.4615670738 6092528.5599708306 1504632.2596619488 0.0183121564 11.1654816136 0.0000000000 -0.4873404528 1.0578559258 0.0000000000 -0.5750276701 0.7499891793 -0.1983892447 0.0588712613 0.0000000000 1.3812235353 0.0000000000 -1.2700733016 -0.2423868250 -1.2197088131 0.7666922627 
352440.0000000000 -1132915.1539894843 6092526.2742871065 1504632.6312039329 0.0955145023 11.1654816136 0.0000000000 0.7588293261 -0.5094356581 0.0000000000 -0.8699417597 -0.7868089446 -0.0777780284 -0.0549247806 0.0000000000 1.9154210074 0.0000000000 -0.9435706233 -0.1759736280 0.6314110581 0.0878533692 
352470.0000000000 -1132915.0187307573 6092530.1020014025 1504634.3696215665 0.0127956217 11.1654816136 0.0000000000 0.8764156809 0.1719511755 0.0000000000 1.0837639812 1.0260343984 -0.1183991144 -0.1403202705 0.0000000000 0.3079352834 0.0000000000 -1.5659196377 -0.8356922796 0.1841989707 -0.9042911481 
352500.0000000000 -1132915.9131492791 6092530.1011634069 1504633.7712944075 0.0836242977 11.1654816136 0.0000000000 0.6455142734 0.4479100249 0.0000000000 0.5162068282 0.8458553453 -0.6711598977 -0.0495894081 0.0000000000 1.0075880084 0.0000000000 -1.4547109183 -0.6665947024 0.1807911261 -0.7259155905 
352530.0000000000 -1132914.7518265229 6092526.6488011377 1504632.8756409883 0.1761887326 11.1654816136 0.0000000000 1.4143725463 0.0547507256 0.0000000000 -0.0177958439 1.2384200832 0.2195760002 0.0295178946 0.0000000000 1.0489742193 0.0000000000 -2.7689589402 -0.1708293571 -0.4799298272 -0.4985036136 
352560.0000000000 -1132915.1539843320 6092528.2961044982 1504633.2812851903 0.2103129108 11.1654816136 0.0000000000 0.7150586532 0.6943788668 0.0000000000 -0.2483988689 -0.2393921773 -0.9337384790 -1.2716858688 -0.0000000000 1.0982038710 0.0000000000 0.2969017480 -0.4989400606 0.2370477920 0.1573399257 
352590.0000000000 -1132914.7706279263 6092528.5803525401 1504633.3225004524 0.1238983610 11.1654816136 0.0000000000 0.8102773722 -0.0671431957 0.0000000000 0.6870586320 1.1976906304 -0.1135579647 -0.3290214415 0.0000000000 1.0852313738 0.0000000000 -2.2724085959 -0.2898918643 -0.4645368096 -0.1475916922 
352620.0000000000 -1132915.1306541667 6092527.7791025545 1504633.0676621173 0.2053577681 11.1654816136 0.0000000000 0.6574485296 -0.0039885011 0.0000000000 -0.1496504464 1.0997476066 0.3037470330 -0.0230237424 0.0000000000 1.2796086482 0.0000000000 -2.5431201573 0.1193531812 -1.0061855607 0.3230479156 
352650.0000000000 -1132914.7978979119 6092527.4609154556 1504632.2851922864 0.7950310203 11.1654816136 0.0000000000 0.7131758172 -0.0209144798 0.0000000000 -0.2919535625 0.7960399715 1.0556600794 -0.7951791580 0.0000000000 1.3503798577 0.0000000000 -2.4234730414 -0.0326564835 -1.5920753900 1.2625600955 
352680.0000000000 -1132914.2905776207 6092528.7189450869 1504633.2726289593 0.0166674523 11.1654816136 0.0000000000 0.4396843508 0.8069822837 0.0000000000 -0.6565529741 1.3013616456 -0.1259083244 0.1823635813 0.0000000000 0.3009824743 0.0000000000 -1.5549693155 0.5086147746 -1.1805958030 0.0189403520 
352710.0000000000 -1132914.4176188114 6092526.7280672994 1504632.4469965661 0.2247157647 11.1654816136 0.0000000000 1.2164866533 0.3032850634 0.0000000000 0.1133243863 0.4804786410 -0.6887892818 -0.8655014358 0.0000000000 0.8565099137 0.0000000000 -0.8853916103 -0.2399845946 0.1372710849 -0.3782226095 
352740.0000000000 -1132915.1388890042 6092528.5622050213 1504633.3049129022 0.2083679554 11.1654816136 0.0000000000 1.6574134493 0.4095439099 0.0000000000 0.7893999463 1.3440410160 -0.5471606009 -0.2598716372 0.0000000000 0.3864611616 0.0000000000 -1.9751225651 -0.5762531434 0.2957855779 -1.4190824810 
352770.0000000000 -1132915.6738881599 6092527.4198297607 1504633.5499024892 0.0090991417 11.0041300577 0.0000000000 0.4111433904 0.0366400379 0.0000000000 0.4966582547 0.8068616146 -0.3518243511 0.2600090507 -0.0000000000 1.1095390437 0.0000000000 -1.8251324122 -0.3910445676 0.0000000000 -0.4825463731 
352800.0000000000 -1132915.2861861407 6092528.7096041022 1504632.7898384377 0.4573200423 11.1654816136 0.0000000000 0.5166875287 1.0458545327 0.0000000000 0.9365616518 1.3518104295 -0.7560890373 -0.9384723056 0.0000000000 1.0163470946 0.0000000000 -1.4994449824 -0.9054965667 -0.5716190407 -0.0905515344 
352830.0000000000 -1132915.0252224146 6092527.2249155333 1504633.7802103371 0.0010272562 11.1654816136 0.0000000000 1.5357760302 0.4339149871 0.0000000000 0.4674515101 0.9758199551 0.2630362298 -0.0213189910 -0.0000000000 0.1651572943 0.0000000000 -1.9200501127 -0.7623280954 0.1379320337 -1.2187554087 
352860.0000000000 -1132914.4805885565 6092528.5369993895 1504632.6951170678 0.1156779482 11.1654816136 0.0000000000 -0.2413277387 0.7008782946 0.0000000000 0.3002710761 1.2005759042 -0.2391190661 -0.0511253962 -0.0000000000 0.8251553234 0.0000000000 -1.5460280674 -0.2123761561 -1.0331767847 0.3645173298 
352890.0000000000 -1132914.9419470241 6092528.4376389738 1504633.3279741588 0.1218546437 11.1654816136 0.0000000000 0.2025420558 0.8615876706 0.0000000000 -0.0218016737 1.4195166372 0.8944740246 -0.5979841820 0.0000000000 0.5243039435 0.0000000000 -2.1126322704 -0.1849410710 -2.0195879320 1.0743539858 
352920.0000000000 -1132914.6044893544 6092530.3432993833 1504633.7179156931 0.7916184439 11.1654816136 0.0000000000 1.0094725144 0.5072693685 0.0000000000 0.6425850996 1.4775900049 -0.5985054389 -1.3913805718 -0.0000000000 0.7827210963 0.0000000000 -1.6694604620 -0.0012701438 -0.9785470867 0.3242730710 
352950.0000000000 -1132915.5583075760 6092529.2958404524 1504633.4916143923 0.0000321931 11.1654816136 0.0000000000 0.3544262967 -0.0036990504 0.0000000000 0.6287956801 1.2096660348 -0.1069548603 -0.6835924449 0.0000000000 1.0449376605 0.0000000000 -1.9811314074 0.0336383711 -1.0501002737 0.6374394844 
352980.0000000000 -1132915.7289617488 6092528.8068720158 1504633.3144768062 0.2702643260 11.1654816136 0.0000000000 0.4687424418 0.3595603822 0.0000000000 0.3344566236 0.7700526566 -0.0905916417 -0.8402483640 -0.0000000000 1.0034747635 0.0000000000 -1.3876397531 -0.3103328981 -0.7755147697 0.5159852644 
353010.0000000000 -1132915.1143620969 6092529.7690215912 1504633.7300154893 0.0000245722 11.1654816136 0.0000000000 0.6974092605 0.0515409380 0.0000000000 0.2812930103 0.5607584912 -0.6164210236 0.6923869789 0.0000000000 1.0189262588 0.0000000000 -1.6623622926 -0.3663424659 0.6245006330 -1.2246742206 
353040.0000000000 -1132915.5666789126 6092528.1874969089 1504633.1504460394 0.2361052750 11.1654816136 0.0000000000 0.8282528037 0.3482266569 0.0000000000 -0.3054157471 -0.2289493919 -0.4813877240 0.4239144935 0.0000000000 1.5089599379 0.0000000000 -1.1285951908 -0.7888153118 0.8748330999 -1.0562487652 
353070.0000000000 -1132914.7491101001 6092528.5534260795 1504633.2561143150 0.3186894940 11.1654816136 0.0000000000 0.4554739975 0.5655223499 0.0000000000 0.1500242485 0.6696951700 -0.2494102891 0.4292543870 -0.0000000000 -0.0113053537 0.0000000000 -0.8597807252 -0.3095160781 0.1557353057 -0.9539880575 
353100.0000000000 -1132915.5239822560 6092528.7880990244 1504633.7283568131 0.3828925359 11.1654816136 0.0000000000 0.5765860750 -0.4938876141 0.0000000000 0.9049545306 0.8920953131 -1.0709286811 0.4403137091 0.0000000000 -0.0076925394 0.0000000000 -0.9446162317 0.3572540334 0.7342952009 -1.2829976542 
353130.0000000000 -1132914.6466322425 6092529.0107539445 1504633.5694562146 0.2803997595 11.1654816136 0.0000000000 0.6965040164 0.5052945334 0.0000000000 0.4381195539 1.2120265492 -0.5073328734 0.3649438979 0.0000000000 0.4763089375 0.0000000000 -1.8135982789 -0.2290873189 -0.0408591330 -1.0177069367 
353160.0000000000 -1132914.1108916013 6092527.2366210520 1504633.6131174816 0.1631349266 11.1654816136 0.0000000000 -0.1785157150 1.7005473513 0.0000000000 0.5010530518 1.9702440862 -0.1229408157 -0.3654220242 0.0000000000 -0.0230042720 0.0000000000 -1.5544979813 -0.4852831349 -1.5879414260 0.2423244835 
353190.0000000000 -1132915.1512353010 6092527.9241546430 1504632.9446326541 0.0024394812 11.1654816136 0.0000000000 0.1594962810 -0.0434611578 0.0000000000 -0.2195216087 0.1312850214 -0.0299707486 0.6839249693 -0.0000000000 0.8029982215 0.0000000000 -1.1196897836 -0.0608392191 0.1027376285 -0.4030064972 
353220.0000000000 -1132914.1989912540 6092524.7884860830 1504632.1504000158 0.0046320056 11.1654816136 0.0000000000 0.0757279387 0.3044707369 0.0000000000 -0.7837745122 -0.2648139366 0.9946745916 0.9934760176 0.0000000000 -0.1947626697 0.0000000000 -0.4683462019 -0.2099422057 -0.0693258208 -0.4343736713 
353250.0000000000 -1132915.9869822422 6092528.6457520872 1504633.6555998141 0.0337053241 11.1654816136 0.0000000000 0.3774583461 0.2186626960 0.0000000000 0.2128894983 0.2358887116 -0.6093317135 0.5680468201 0.0000000000 0.6081369241 0.0000000000 -0.7812837297 -0.4016947213 0.6919148789 -1.0859811877 
353280.0000000000 -1132914.8155917376 6092527.0698481388 1504633.4830887367 0.0007202390 11.1654816136 0.0000000000 0.8900005313 0.8011208847 0.0000000000 0.2297062284 0.4279369025 -0.6613316023 0.1289671496 -0.0000000000 0.5839617745 0.0000000000 -0.8952456470 -0.7753370607 0.6795429942 -1.3672484764 
353310.0000000000 -1132914.4921031995 6092528.4584198426 1504633.5087499567 0.2608540223 11.1654816136 0.0000000000 0.3094087942 0.8242229837 0.0000000000 0.3220733421 1.3712494806 0.1459535431 -0.1254247569 -0.0000000000 0.4630804263 0.0000000000 -1.9504555737 -0.2857919937 -1.0583267033 0.0485522070 
353340.0000000000 -1132914.5824015366 6092525.4471099982 1504632.7806666926 0.0073403985 11.1654816136 0.0000000000 0.0347923955 0.4097421093 0.0000000000 -0.2964700478 -0.5124731970 0.5175948965 0.3428957866 -0.0000000000 0.8611679489 0.0000000000 -0.4967147882 -0.9417744304 0.1685369803 -0.1362038899 
353370.0000000000 -1132915.1263762549 6092528.0704525085 1504634.0478161324 0.0037006801 11.1654816136 0.0000000000 0.2894874053 0.6033316623 0.0000000000 0.1757085020 1.6460089844 -1.0023034220 0.4752742496 0.0000000000 0.6565623800 0.0000000000 -2.0186954579 0.4862028593 -0.5358370592 -0.6700331681 
353400.0000000000 -1132915.5658145642 6092526.8100461410 1504633.3067216000 0.0456883720 11.1654816136 0.0000000000 0.5943593649 0.2725368576 0.0000000000 0.1573289975 -0.4393428398 -0.4586761381 -0.0494578542 0.0000000000 1.7980025974 0.0000000000 -0.9242664445 -1.1384284149 0.7847690813 -0.6070031027 
353430.0000000000 -1132915.7126234886 6092527.4994864631 1504633.2257065286 0.4424701154 11.1654816136 0.0000000000 0.3975374159 -0.2379535221 0.0000000000 0.6675535602 0.5989658023 -0.0631860395 -0.3423306149 -0.0000000000 1.1711777323 0.0000000000 -1.7329965812 -0.3001237005 -0.3878824660 0.2734523324 
353460.0000000000 -1132914.5342590099 6092526.7782417722 1504634.0373647942 0.0230165639 11.1654816136 0.0000000000 0.4239063347 1.3624685561 0.0000000000 0.8401045107 1.8838896700 -0.7359873680 0.2486457911 -0.0000000000 -0.2178987772 0.0000000000 -1.6360023453 -0.4992591752 -0.2612158154 -1.2814515691 
353490.0000000000 -1132914.9799858576 6092528.6902935514 1504633.4194075405 0.2970327009 11.1654816136 0.0000000000 0.4793225699 0.2703748466 0.0000000000 0.5455435656 0.7157090299 -0.5851615600 0.4211501736 -0.0000000000 0.8202515783 0.0000000000 -1.5372626231 -0.4265279950 0.3282530554 -0.9686451134 
353520.0000000000 -1132914.4762069935 6092529.2859144546 1504633.0977636413 0.0224099225 11.1654816136 0.0000000000 -0.0053597634 1.3390933474 0.0000000000 0.4559424167 1.7246400978 -0.6366551231 -0.5119708178 0.0000000000 0.7206038200 0.0000000000 -1.7399074923 -0.2944969011 -1.2123666018 0.2538209170 
353550.0000000000 -1132914.5213874970 6092527.6861209963 1504633.3766730069 0.0186875792 11.1654816136 0.0000000000 0.5147850384 0.8429697965 0.0000000000 0.2531981381 0.6570593282 -0.4193981814 0.1274787503 0.0000000000 0.3878847672 0.0000000000 -0.9898051995 -0.5635690029 0.1675256144 -0.9325090046 
353580.0000000000 -1132915.1980118947 6092527.7337785764 1504633.0130080974 0.0485461717 11.1654816136 0.0000000000 1.1757523743 0.5162989016 0.0000000000 0.5673204047 0.8512781397 -1.8792929308 -0.1205048098 -0.0000000000 1.8276273882 0.0000000000 -1.8280885288 -0.3506097098 0.8355714567 -1.5006771448 
353610.0000000000 -1132915.5648257462 6092530.1155874422 1504633.0366068035 0.0772421103 11.3140434823 0.0000000000 0.8061166894 0.4281349879 0.0000000000 0.0080973566 -0.4187400542 -0.7389388473 -0.2800768249 -0.0000000000 1.4181327180 1.8542649637 -1.4384479950 0.0755547429 -1.2481379681 -0.0427928606 
353640.0000000000 -1132916.2145730609 6092529.4024562016 1504634.4114666802 0.0001065339 11.3140434823 0.0000000000 1.5604511919 0.6443801125 0.0000000000 0.3759792748 0.7067899684 -0.9888382846 0.4569180430 0.0000000000 0.6435181418 0.6306557408 -1.9744727400 -0.1407052472 0.4060339291 -2.1015430543 
353670.0000000000 -1132915.1641410938 6092528.5106305378 1504633.9169518466 0.0118142295 11.3140434823 0.0000000000 0.6329338349 0.2823671664 0.0000000000 0.9117850783 2.4964313869 0.0181736367 -0.6428968299 0.0000000000 1.1780224594 -1.5558628430 -3.0788877213 -0.3379309000 -0.3327803748 0.1962720584 
353700.0000000000 -1132916.1674695697 6092528.0344402464 1504633.5856644807 0.0304083392 11.3140434823 0.0000000000 -0.2540290674 1.3230257655 0.0000000000 0.4999137428 1.3197715010 -0.4394415515 -0.7510377347 0.0000000000 1.2873251956 -0.6499802027 -1.3239783544 -1.0788845140 -0.5328784244 0.5134419980 
353730.0000000000 -1132916.1310127613 6092526.0859682951 1504633.3241419157 0.2759192625 11.3140434823 0.0000000000 2.1963847986 0.9104640533 0.0000000000 -0.0474070098 0.5849088733 0.3618061532 -0.8121829312 -0.0000000000 1.3999374243 -0.5231788719 -2.3718465088 -0.9738981004 0.2958537362 -1.1283524121 
353760.0000000000 -1132915.6771277140 6092529.7767539015 1504633.6704171703 0.3100868215 11.3140434823 0.0000000000 0.7086447116 -0.6542231126 0.0000000000 0.6477642616 1.7298067323 -1.3335794765 -0.5287229206 0.0000000000 1.0313899549 -0.8591693202 -1.8775028008 0.9801617432 0.1895307318 -0.1071659567 
353790.0000000000 -1132914.4728765956 6092527.5603665141 1504633.1603944346 0.1113405452 11.3140434823 0.0000000000 0.3510973616 1.0193469462 0.0000000000 0.0177023896 1.8889956273 -0.2470978163 1.1894746714 0.0000000000 0.3226041440 -1.3226481939 -2.0943476656 -0.3489862569 0.8150520874 -1.7902447457 
353820.0000000000 -1132914.9502004678 6092529.6978616593 1504633.5245331831 0.0109062642 11.3140434823 0.0000000000 -0.3138613057 0.5697220310 0.0000000000 0.6901145244 2.3030587741 -1.1992915420 0.3966033247 0.0000000000 1.2878605245 -1.7601347682 -2.0037436139 -0.3789669550 0.8248909039 -0.6691161540 
353850.0000000000 -1132915.0300626811 6092529.2731539905 1504632.6408273617 0.0455642438 11.3140434823 0.0000000000 -0.2877437066 1.8624726410 0.0000000000 0.3052587327 2.0637698376 -1.0356448698 -0.2103894582 0.0000000000 0.6616895841 -0.9655094158 -1.2434185001 -0.7076759691 -0.0646226136 -0.4818065878 
353880.0000000000 -1132915.0967910155 6092528.7110363860 1504633.5246686672 0.0411237675 11.3140434823 0.0000000000 0.6959971059 1.0471280632 0.0000000000 0.4330702404 0.1284302114 -0.3534829952 0.1358639547 0.0000000000 0.3511257757 2.2609202326 -1.8059834645 -0.0774676481 -1.7991743945 -0.5002346743 
353910.0000000000 -1132915.0402923669 6092527.3439398743 1504633.3198411039 0.0009849246 11.3140434823 0.0000000000 0.8513795870 0.5595576980 0.0000000000 0.0643278566 0.5320589652 -0.9004028424 -1.0111360692 0.0000000000 1.1949065598 0.5009027786 -1.2847504033 0.2556476327 -0.8522329797 0.2288377290 
353940.0000000000 -1132914.5360798626 6092526.8612124929 1504633.1638648971 0.0232165610 11.3140434823 0.0000000000 1.7141361450 0.6039219431 0.0000000000 -0.4040375565 0.7791255691 0.6611079193 -0.7010618106 0.0000000000 0.5810194810 -0.4961423855 -1.9880968251 0.0449846419 -0.3979879093 -0.4972208916 
353970.0000000000 -1132914.4813816927 6092529.4580522943 1504632.8595666138 0.0687819850 11.3140434823 0.0000000000 -0.0611072203 0.7287563848 0.0000000000 0.0725705851 0.8795117075 -1.0214853376 -0.2367357315 0.0000000000 0.5833396838 0.5389785851 -0.9667110255 0.4319614357 -0.9677158642 0.1858921544 
354000.0000000000 -1132914.6337762361 6092528.0558588710 1504632.5114074880 0.0442796648 11.3140434823 0.0000000000 -0.3159799858 0.6871257513 0.0000000000 -0.0348462963 1.3926925744 0.0725605022 0.3966199727 -0.0000000000 0.9698571779 -1.0414577526 -1.7861029220 -0.3412640383 -0.2161786799 0.0428763028 
354030.0000000000 -1132915.6697679434 6092530.2902871594 1504633.0997066819 0.2374098632 11.3140434823 0.0000000000 0.3662804938 0.1729585602 0.0000000000 0.3697302101 0.0602709139 -0.7054318812 0.1598597299 0.0000000000 1.1608814103 0.8826568463 -1.4216453345 -0.0450262278 -0.5275947657 -0.2683389006 
354060.0000000000 -1132915.2408098790 6092528.0001798850 1504633.5622037223 0.0960025582 11.3140434823 0.0000000000 0.2263576162 0.1386944391 0.0000000000 0.0471446013 0.7115395326 0.4448435892 0.4589731169 0.0000000000 0.1799874185 -0.0633204666 -1.5445059097 0.1341902197 -0.5404532088 -0.1843519560 
354090.0000000000 -1132914.4250740742 6092527.5943385633 1504632.8483299254 0.2067806164 11.3140434823 0.0000000000 1.3554460436 0.8382247281 0.0000000000 0.2357764151 0.4258941936 -0.6295666946 -0.6256171826 0.0000000000 1.3860149569 -0.0783417779 -1.5932169099 -0.5847043719 0.2637143798 -0.9809907425 
354120.0000000000 -1132914.1898122060 6092528.9097603522 1504633.5719986095 0.0738142734 11.3140434823 0.0000000000 0.4007447643 0.3712501998 0.0000000000 -0.0649481782 1.1758127550 1.0346359833 0.0611595193 -0.0000000000 -0.1022780552 -0.8419746417 -1.6238676399 -0.0634907396 -0.4608118849 -0.0329738883 
354150.0000000000 -1132914.2201707619 6092527.9436860848 1504632.6698460754 0.0522279865 11.3140434823 0.0000000000 0.4655229027 0.8158817567 0.0000000000 -0.2990420013 0.9590530624 0.3832795468 -1.4325848965 -0.0000000000 0.2282509738 -1.4333171799 -0.1531661782 -0.4039076768 0.0176024402 0.5737271760 
354180.0000000000 -1132914.9705519646 6092529.2875257041 1504633.7383140370 0.3365370077 11.3140434823 0.0000000000 1.5110497354 0.2329103608 0.0000000000 0.1562889680 0.3492332242 0.3970039825 -0.6446257493 -0.0000000000 0.9260264908 0.9134535283 -2.5576349456 0.3297404884 -1.5472776488 0.1181712282 
354210.0000000000 -1132915.6784684721 6092530.5400949642 1504634.1157444105 0.0301473378 11.3140434823 0.0000000000 -0.2983939107 0.0445847155 0.0000000000 0.5687823397 1.4201968235 -1.0619120795 -0.7618306525 0.0000000000 1.4890862737 -0.9031849957 -1.2918841640 -0.0263150346 -0.2080177669 0.9180777699 
354240.0000000000 -1132914.7127393666 6092528.8974099662 1504633.0663746318 0.0690896708 11.3140434823 0.0000000000 0.5704492786 0.5616003788 0.0000000000 -0.4404090063 0.9042899677 1.1569302580 -0.6223577899 -0.0000000000 0.7868942934 -0.3025668356 -2.2197141979 0.1603804909 -1.6980941467 1.0680376120 
354270.0000000000 -1132915.7269856464 6092529.1713336809 1504633.9188422456 0.0741579098 11.3140434823 0.0000000000 0.7928375032 -0.2789097276 0.0000000000 0.8907832369 0.3910619854 -0.0175912251 -0.9058468699 -0.0000000000 0.2019981503 0.2078237743 -0.9209289474 -0.1702656738 -0.3590700877 0.2404050202 
354300.0000000000 -1132915.0107009944 6092529.2863867655 1504634.0212104281 0.0886251722 11.3140434823 0.0000000000 1.2086939569 0.7128054773 0.0000000000 0.0446603167 0.6715974355 0.9048950981 -0.9721306326 0.0000000000 -0.0296980150 -0.6817958611 -1.0523164013 -0.4935584153 -0.1595338472 -0.2774024982 
354330.0000000000 -1132915.0007978806 6092527.6521532983 1504633.6294235587 0.1455040582 11.3140434823 0.0000000000 -0.0254730769 0.5843831936 0.0000000000 -0.1276512614 1.5089057674 -0.5865960219 -0.1599578104 0.0000000000 0.9111359755 -0.8231405753 -1.5333669757 0.3402439304 -0.3474110471 0.1567493258 
354360.0000000000 -1132915.6040088190 6092527.8487513047 1504633.7962504842 0.0871636463 11.3140434823 0.0000000000 1.0467188184 1.9149297219 0.0000000000 -0.2859512746 -0.9494471793 -0.8038001217 -0.6496833592 0.0000000000 0.3807725454 1.7470038186 0.2120298843 -0.5982443203 -0.5185331708 -1.1903542112 
354390.0000000000 -1132914.3103740297 6092528.9343519080 1504634.1331849745 0.1351705720 11.3140434823 0.0000000000 0.3444957508 0.9337296424 0.0000000000 0.6756839279 2.6942157986 -0.3087199985 -0.4920924165 -0.0000000000 -0.0109386300 -0.7775566546 -2.4458430246 0.2589135568 -0.8185995184 -0.0789126486 
354420.0000000000 -1132914.5334557986 6092527.1131317876 1504632.7467946897 0.0189843337 11.3140434823 0.0000000000 0.3814285276 0.8733610208 0.0000000000 -0.3964171351 0.0706428678 -0.0357989584 0.0587156896 -0.0000000000 0.7413251502 -0.0202579644 -0.7835562334 -0.2542405210 -0.1360514249 -0.5128660490 
354450.0000000000 -1132915.1572492123 6092531.4384327475 1504633.4548194581 0.0090540202 11.3140434823 0.0000000000 0.8629507009 0.1417470258 0.0000000000 0.9449147942 0.6675629826 0.4642031914 0.3431260799 0.0000000000 -0.1238499290 0.3339897457 -1.9400623546 -0.3718000495 -0.2381916576 -0.9764032693 
354480.0000000000 -1132914.4066813649 6092527.8208985841 1504633.2231368355 0.4030177354 11.3140434823 0.0000000000 1.1442371259 1.0690660574 0.0000000000 0.0761586765 2.3233968695 0.0863959293 -0.9414281304 0.0000000000 0.6932442469 -1.6099470175 -2.5160334592 0.0574835949 -0.1537367921 -0.4432125917 
354510.0000000000 -1132915.6482640994 6092530.1524485620 1504633.5232701208 0.0015834999 11.3140434823 0.0000000000 1.3897712516 0.5599399327 0.0000000000 0.0533899160 0.9957463479 0.4103888835 -1.2227936483 0.0000000000 0.8425388985 -1.2262529991 -1.5791801931 -0.3100575510 0.1266953246 -0.2404470070 
354540.0000000000 -1132914.9599758794 6092530.1640205439 1504634.1651351582 0.0353250285 11.3140434823 0.0000000000 0.7736599806 0.8493503325 0.0000000000 0.6513926259 1.9720289142 0.0658120837 -0.5344459023 -0.0000000000 0.0615001904 -0.1911681911 -2.5276368037 0.1479648157 -1.0421166279 -0.1774703406 
354570.0000000000 -1132915.2823751231 6092529.4487189325 1504634.1397593974 0.0586818636 11.3140434823 0.0000000000 0.3786305131 0.8871150164 0.0000000000 0.1839001265 0.9136074675 0.8510547448 -0.4571713162 0.0000000000 -0.1219108538 -0.1807597658 -1.3330505616 -0.4209730534 -0.9112925207 0.1962175734 
354600.0000000000 -1132915.7657866394 6092529.9198150439 1504634.2289773780 0.0499412544 11.3140434823 0.0000000000 0.1681263554 0.7454501268 0.0000000000 0.6194422565 0.8512160800 -0.2380278455 1.5352166852 0.0000000000 -0.1411205155 0.9665950904 -2.1955636588 0.0478641686 -0.4776314859 -1.6477909520 
354630.0000000000 -1132915.7346185979 6092528.9948291732 1504633.8399834584 0.0167133065 11.3140434823 0.0000000000 0.5866796019 0.1428008683 0.0000000000 -0.0951106488 1.1419397620 0.9651471668 -0.0350137962 -0.0000000000 0.2056259839 -1.5697974222 -1.4401776275 -0.1473159810 0.3934842305 -0.3986460447 
354660.0000000000 -1132915.1827074585 6092527.5535428245 1504633.2942868026 0.0011005662 11.3140434823 0.0000000000 0.4981984428 -0.0328614924 0.0000000000 -0.1862344229 -0.4889468670 1.3092603252 0.3187506136 -0.0000000000 0.7346307061 0.0445561121 -1.3732752663 -0.3829182051 -0.6392707162 0.1535304794 
354690.0000000000 -1132916.0437335977 6092528.9122419292 1504633.8657580134 0.0024215797 11.3140434823 0.0000000000 -0.1703883024 0.4398072790 0.0000000000 0.7374036573 1.3563591914 -0.3694301115 0.2393107355 0.0000000000 0.5292024787 -0.3737481568 -1.6597429910 -0.3579345107 -0.1470164237 -0.2235456047 
354720.0000000000 -1132914.5529704925 6092527.6263538385 1504633.3015257735 0.3149378056 11.3140434823 0.0000000000 0.3035433936 0.7178909860 0.0000000000 -0.1048404918 0.4974212346 0.3684013546 0.7583236298 0.0000000000 0.7452095428 0.4980874893 -2.3165407834 0.1431891899 -1.1197287477 -0.4023714195 
354750.0000000000 -1132914.5104353747 6092528.7847692771 1504633.7263511557 0.0048605118 11.3140434823 0.0000000000 0.8809194060 0.3465745834 0.0000000000 0.8236231505 2.1869901533 0.0697098954 -1.7831010529 0.0000000000 -0.2048095837 -0.5456402759 -1.9121787578 0.3600912147 -1.2300203919 0.9985887286 
354780.0000000000 -1132914.6637283571 6092530.6511636646 1504633.2632593533 0.1587066458 11.3140434823 0.0000000000 0.3745282727 0.2955941644 0.0000000000 0.7045663185 2.6611930371 0.9037467813 -0.2090301394 0.0000000000 -0.3958788145 -1.1782877424 -2.8523663075 0.2127856308 -0.8502663852 0.2288846128 
354810.0000000000 -1132916.5670423575 6092531.4390993239 1504634.6419804124 0.0569683591 11.3140434823 0.0000000000 -0.0633506586 0.0869202522 0.0000000000 0.7895054768 0.8982906596 -1.0546281625 0.6365230252 0.0000000000 1.2528556373 1.1553656180 -2.7214932174 0.4943264082 -1.4229926373 0.1878210923 
354840.0000000000 -1132915.8495082830 6092528.1119178226 1504633.9451253458 0.0245492513 11.3140434823 0.0000000000 0.3477037021 -0.1017751374 0.0000000000 0.2030784559 -0.9530183411 0.5358219125 -0.5810960945 -0.0000000000 0.5467252700 0.9897156599 -0.3445210700 -0.3820564502 -1.1705415102 1.0180508995 
354870.0000000000 -1132916.2610244160 6092527.0437533995 1504632.9324982455 0.5794431420 11.3140434823 0.0000000000 0.9905488726 -0.2756059410 0.0000000000 -0.3515475013 -0.2552388295 0.8114123299 0.1815407226 0.0000000000 0.8792744463 -0.7715047819 -1.1820344312 0.0723370164 0.3709542948 -0.6221478225 
354900.0000000000 -1132915.6546497187 6092528.7179635549 1504633.2954170618 0.0699126417 11.3140434823 0.0000000000 -1.4409810450 0.3683175964 0.0000000000 0.3444196145 1.4705870298 -0.4586632900 -0.8638209997 0.0000000000 2.4059998887 -1.6055020911 -1.1981735727 -1.1882989254 -0.5776476985 2.4996260171 
354930.0000000000 -1132913.5556466223 6092528.3903525202 1504634.1628854328 0.1790173942 11.3140434823 0.0000000000 -0.3338319803 1.2202648640 0.0000000000 0.7694471618 4.3820080434 -0.3701506008 -1.5846670375 0.0000000000 -0.0622332932 -2.0675019104 -2.5921945210 0.1334129508 -0.9652735931 1.2938212793 
354960.0000000000 -1132914.5983118732 6092528.5305034257 1504634.1308757225 0.0418195308 11.3140434823 0.0000000000 -0.1094515832 0.8493306000 0.0000000000 0.5004461756 1.0404779699 0.3085775474 0.2393808349 0.0000000000 0.8600404499 0.8432208606 -2.9007865785 -0.1299182482 -2.1576183314 0.8057036104 
354990.0000000000 -1132915.8452884706 6092529.0895836558 1504633.3208161921 0.6421071484 11.3140434823 0.0000000000 1.9595126902 -0.4705160300 0.0000000000 0.7114839175 -1.3629251115 -0.0197200826 -0.8276194682 -0.0000000000 1.0512467454 0.6184570627 -0.7042085668 -0.3709174934 0.3419905093 -0.8593450891 
355020.0000000000 -1132916.1741830800 6092526.8881613398 1504634.4075412070 0.2568052841 11.1654816136 0.0000000000 0.0000000000 -0.5120625079 0.0000000000 0.9284326468 -0.8284885498 -0.6299087765 -0.0940664175 -0.0000000000 1.1942990912 1.1199852105 -0.5793988990 -0.5767301821 -0.5752490672 0.7056542757 
355050.0000000000 -1132915.1342721710 6092530.6237028139 1504634.6578184557 0.0727051940 11.3140434823 0.0000000000 -0.1623830076 0.1852656798 0.0000000000 1.2534637634 2.4830617810 -0.9909918337 -0.4900440814 -0.0000000000 -0.2079838215 -0.6162586257 -1.5537631277 0.0613079322 -0.0538215570 0.1158139308 
355080.0000000000 -1132914.9071683525 6092530.4463035418 1504634.3460699359 0.0665402693 11.3140434823 0.0000000000 0.4483900572 0.1716876130 0.0000000000 0.9654089784 1.9485726416 0.3575729749 0.0645529714 0.0000000000 -0.2028291814 -0.8201666890 -2.2802567225 -0.1010085939 -0.0648089382 -0.5286729588 
355110.0000000000 -1132915.7037182359 6092527.2196132792 1504633.0144763165 0.1468879695 11.3140434823 0.0000000000 0.5739194601 -0.2773273494 0.0000000000 0.5702847524 -1.5068608848 0.1596374588 0.4091295025 0.0000000000 1.3481408959 0.8716108390 -0.7892697196 -0.8178302481 -0.1159675938 -0.3448705961 
355140.0000000000 -1132915.9915455652 6092529.9223997956 1504634.0168263288 0.0135070206 11.3140434823 0.0000000000 -0.1797640891 -0.8685163670 0.0000000000 1.0065334431 0.0449510713 -0.7911541497 0.3663594432 -0.0000000000 -0.2414395197 0.7960373684 -0.1665686235 0.0951157540 0.0486489336 0.0396432752 
355170.0000000000 -1132914.3893424666 6092529.3188984152 1504633.7604764407 0.1976888181 11.3140434823 0.0000000000 0.7626493518 -0.3823034407 0.0000000000 0.4056957276 0.9868491768 0.9393464741 -1.2075821393 0.0000000000 0.0645970535 -0.5743579385 -1.4923485580 0.1681901305 -1.0707234015 1.3306936621 
355200.0000000000 -1132915.0048007544 6092528.8128127409 1504632.8765045295 0.0011919411 11.3140434823 0.0000000000 1.2563390342 0.0778444981 0.0000000000 0.2031714307 0.1903714173 0.0786054283 0.0800814331 -0.0000000000 1.1539097916 -0.3808511757 -1.9933304662 0.2332925496 0.1376537730 -1.0789306416 
355230.0000000000 -1132915.3909874125 6092530.1497086929 1504634.0992775194 0.2399424312 11.3140434823 0.0000000000 0.8799272542 -0.0245843217 0.0000000000 1.0669222360 -0.3142937887 -0.4496089290 0.0124536668 -0.0000000000 1.1908691580 0.7810941054 -1.7361293218 -0.4303213037 -0.3236481066 -0.5317519577 
355260.0000000000 -1132915.6369245993 6092531.7134076525 1504634.0983665672 0.0017476068 11.3140434823 0.0000000000 0.1479487148 -0.0671690219 0.0000000000 1.1807769442 1.6328333806 -1.0819053055 -0.1057009153 -0.0000000000 1.2048421194 -0.9352246516 -1.9166503565 -0.3377215957 0.6317529277 -0.4056457080 
355290.0000000000 -1132915.8286050484 6092531.1272584414 1504633.9491498112 0.0429861910 11.3140434823 0.0000000000 0.0473855574 -0.1441479509 0.0000000000 1.0654238619 0.6315121110 -1.0069572126 -0.0763123687 0.0000000000 1.8130126650 -0.4051102240 -1.6261216484 -0.6652096377 0.2710771487 0.0737229795 
355320.0000000000 -1132914.7088006989 6092530.7578084702 1504633.7411710643 0.0846564096 11.3140434823 0.0000000000 0.6997313114 0.0010744121 0.0000000000 1.1939460342 0.6947938002 -0.5509129867 -0.5592382899 0.0000000000 0.6999675836 0.3789188014 -1.7904940645 -0.2217729132 -0.5435916925 0.0913750558 
355350.0000000000 -1132915.8903640870 6092530.9402978634 1504633.9148612907 0.0002211572 11.3140434823 0.0000000000 1.4549599812 -0.2228090421 0.0000000000 1.3549217649 0.2347852307 -0.1326462361 0.2244417400 0.0000000000 0.7379351444 0.8880607136 -2.9047395870 0.1524396882 -0.6833716420 -0.9462313425 
355380.0000000000 -1132915.6219182855 6092531.4517561886 1504634.2821016191 0.0172500705 11.3140434823 0.0000000000 0.9778528950 -0.5534245081 0.0000000000 0.9387973794 -1.2032916459 0.3246437185 -0.1455134652 0.0000000000 0.8176274877 1.9223720298 -1.7556921740 -0.0907293910 -1.8837559576 0.8696673451 
355410.0000000000 -1132913.9051897412 6092527.9608231932 1504633.3417497424 0.0025499053 11.3140434823 0.0000000000 -0.6192813507 -0.0425999442 0.0000000000 0.0529796168 1.2555559447 0.2654237703 -0.1728751840 0.0000000000 0.4418400947 -0.7857120918 -1.0513736494 -0.0895038734 -0.6615527744 1.3182674527 
355440.0000000000 -1132915.5206667793 6092530.7293996727 1504633.6892146177 0.0328900337 11.3140434823 0.0000000000 1.0046720187 -0.7441994228 0.0000000000 1.4038803760 0.4976090391 -0.3462152445 -0.3464361490 0.0000000000 0.2958761865 -0.1600064123 -1.3050890319 -0.2064651895 0.4959127169 -0.5592570106 
355470.0000000000 -1132915.1834569264 6092530.0432035765 1504633.4404390811 0.1804138745 11.3140434823 0.0000000000 0.4554078153 -0.5684588862 0.0000000000 1.1611779294 1.8935537071 -0.1770349399 -0.8459831376 -0.0000000000 0.5208849175 -1.1383877587 -1.9381056399 -0.1059061224 -0.0193234230 0.6844040764 
355500.0000000000 -1132915.1916454635 6092527.6057894807 1504633.2046317759 0.0021330494 11.3140434823 0.0000000000 0.6202279138 0.1003210296 0.0000000000 0.1297079089 0.3777028421 0.5918527662 0.2512524909 0.0000000000 0.9293119953 -1.1360135997 -1.4433099576 -0.2246465016 0.5187499039 -0.8489905591 
355530.0000000000 -1132915.0027691897 6092529.3027249826 1504633.5396363393 0.0039694239 11.3140434823 0.0000000000 -0.1642983283 -0.6044160050 0.0000000000 0.9931476823 1.6970736519 0.7806927899 0.1058147045 0.0000000000 -0.4247642377 -0.6869039997 -1.8193274896 -0.2479039708 -0.4926222940 0.8257877144 
355560.0000000000 -1132915.6280299453 6092529.7709036134 1504633.7672108735 0.0294324371 11.3140434823 0.0000000000 1.2376229998 0.1804866726 0.0000000000 0.3619835568 0.9141406227 -0.0340037605 -0.6088500139 -0.0000000000 0.1569996736 0.2477006582 -2.1199209027 0.9064323833 -0.9911531371 -0.1829061257 
355590.0000000000 -1132915.4904534111 6092529.4459824944 1504633.4352810285 0.0226490244 11.3140434823 0.0000000000 1.3609331022 0.4978519743 0.0000000000 0.1984833101 0.5125501725 -0.0487986650 -0.2380488149 -0.0000000000 1.3245811538 -0.7065250038 -2.1904271648 0.3717382612 0.1181669331 -1.2591552422 
355620.0000000000 -1132915.9846606886 6092530.3750154870 1504633.6831340776 0.0191042747 11.3140434823 0.0000000000 1.2442723267 -0.3331616776 0.0000000000 1.1940634054 -0.3206557410 0.6161474483 0.3009680731 -0.0000000000 1.3052840882 -0.0006991394 -2.5061710376 -0.5635378359 -0.2473940324 -0.6828939309 
355650.0000000000 -1132914.1391179988 6092528.4761930974 1504633.3644426283 0.0212269450 11.3140434823 0.0000000000 1.0905240351 -0.4502007154 0.0000000000 1.1354430153 1.2474729660 0.3898030774 -0.3757317889 0.0000000000 0.3275266847 0.0361630129 -2.9880310689 0.3784607177 -1.1649153163 0.4243815955 
355680.0000000000 -1132916.3685027543 6092529.9073286485 1504633.4421589626 0.2354244909 11.3140434823 0.0000000000 1.0569750000 -0.2637019689 0.0000000000 1.2846601937 -0.6394291741 -0.3555954804 0.3349147794 0.0000000000 -0.3497346794 1.3502345389 -0.8401030616 -0.0942913813 0.0452930045 -1.3438964069 
355710.0000000000 -1132916.1893478208 6092531.6338339625 1504633.6990750849 0.0079559895 11.3140434823 0.0000000000 1.3317693763 -0.1087399576 0.0000000000 1.4669770217 -0.0795234434 0.2952252852 0.3082998349 -0.0000000000 -0.4390962173 1.4460750249 -2.2090102921 0.0560167192 -0.9024108122 -0.9639028293 
355740.0000000000 -1132915.8205626530 6092530.7917025890 1504633.0877775515 0.2796609232 11.3140434823 0.0000000000 0.8909856412 -0.6367125347 0.0000000000 0.7004524277 -1.0096611822 0.8354308645 1.0427929810 -0.0000000000 0.9143590059 0.2339943100 -1.7248431737 -0.2528168317 -0.1072533300 -0.8761382672 
355770.0000000000 -1132915.7999731735 6092529.6461163154 1504633.6079142597 0.1108412026 11.3140434823 0.0000000000 0.0669108680 -0.2619546589 0.0000000000 1.2173632475 0.1947149800 -0.0828383425 0.9184780794 0.0000000000 0.4696382465 0.5349571622 -1.7872273914 -0.5124189491 -0.2577985896 -0.4170499941 
355800.0000000000 -1132915.9037321748 6092530.2903090445 1504634.0021856520 0.2957299280 11.3140434823 0.0000000000 0.4890619503 0.6760990063 0.0000000000 1.6480280199 -0.1755558148 -0.8431864349 0.2522802105 0.0000000000 0.5804862889 2.0821907822 -2.1470449268 -0.6344277673 -1.3303303638 -0.3424509855 
355830.0000000000 -1132915.1363318281 6092528.1315884255 1504632.8002671367 0.2156733247 11.3140434823 0.0000000000 -1.3333461520 -0.1589036258 0.0000000000 -0.1280136420 -0.4092054885 0.5080260027 1.5584673656 -0.0000000000 0.6822013399 0.5118064197 -0.7252296335 -0.5608216254 -0.9749052231 1.0402551471 
355860.0000000000 -1132916.0389609132 6092528.8689935403 1504633.1802474484 0.0480004102 11.3140434823 0.0000000000 0.4017196615 0.3084931485 0.0000000000 0.2701068961 1.1470251710 -0.2264792465 -0.5937138249 -0.0000000000 1.5442745429 -1.8491122062 -1.2788459915 -0.3052464898 0.8244238929 -0.4078138488 
355890.0000000000 -1132915.7868184713 6092529.2419715794 1504633.4757017740 0.0503811024 11.3140434823 0.0000000000 0.5039045724 -0.1909284143 0.0000000000 0.6808202004 0.9595046596 -0.5546772635 -0.3957011083 0.0000000000 1.4999399483 -1.2057012318 -1.5765758713 -0.1320956524 0.5320299911 -0.2099542514 
355920.0000000000 -1132914.5635748624 6092528.1719324151 1504632.3896901445 0.0507439254 11.3140434823 0.0000000000 -0.1779143364 -0.5034927916 0.0000000000 0.5321956792 -0.2582621293 -0.6875423008 -0.0531017721 -0.0000000000 1.3184537841 0.5971993177 -0.9200817020 -0.2489031712 -0.9116263830 1.3624208387 
355950.0000000000 -1132914.5902314305 6092528.8050579457 1504632.7797010725 0.1029318755 11.3140434823 0.0000000000 0.9837945775 -0.7477035787 0.0000000000 0.7142206001 -0.7946222086 -0.0447301955 0.1447515596 -0.0000000000 1.9056714583 -0.6173777452 -1.2935852813 -0.2816526468 0.4644158061 -0.4984605435 
355980.0000000000 -1132914.2863654471 6092526.9666831149 1504632.5672242064 0.1821839357 11.3140434823 0.0000000000 0.2476517145 0.0077657758 0.0000000000 0.3453824628 0.4217464054 0.0110396959 -1.0163230817 -0.0000000000 0.6791044837 0.0016163466 -0.9015516483 -0.2506272809 -1.0596423499 1.5137999740 
356010.0000000000 -1132915.0528643616 6092531.2928606337 1504633.6574698829 0.1158008120 11.3140434823 0.0000000000 0.3632792850 0.0289641240 0.0000000000 1.4082161389 0.2866443927 -1.5363709429 -0.5286170739 -0.0000000000 -0.5710923639 1.6693657499 -0.3166644378 -0.1561541593 -0.2987201678 -0.1353246105 
356040.0000000000 -1132914.8817326408 6092529.1214888906 1504633.4904120967 0.4256262563 11.3140434823 0.0000000000 0.6589960044 -0.1899946696 0.0000000000 1.0230269874 0.7197654185 -1.1630439457 0.1953824615 -0.0000000000 -0.1358755474 1.3891145432 -1.9501311129 0.8739300289 -0.8519072357 -0.3808861867 
356070.0000000000 -1132915.4601075731 6092529.8535868675 1504633.2998797293 0.0106461828 11.3140434823 0.0000000000 1.5536052845 -0.1747961084 0.0000000000 1.0670082797 0.4863517893 -0.9081710563 -0.7989848841 0.0000000000 0.0833075248 0.6007560274 -1.5515621366 0.7746446189 -0.2204908498 -0.7941202745 
356100.0000000000 -1132914.9591744293 6092530.1818879629 1504634.4809946234 0.0114265438 11.3140434823 0.0000000000 1.6391436317 1.4815639847 0.0000000000 1.4017941130 0.2178801080 -0.8902794802 -1.0913500673 0.0000000000 0.1700861502 1.1384349685 -1.6459491507 -0.1739366309 -0.3868449283 -1.6925390308 
356130.0000000000 -1132914.9716722355 6092529.0037439037 1504632.9109686718 0.0392654542 11.1654816136 0.0000000000 0.0893736187 0.2539764126 0.0000000000 1.0514546571 1.0851990205 -0.7179858040 -0.0369162390 0.0000000000 0.4743979226 0.0000000000 -1.5353473375 -0.3232547203 -0.0146123269 -0.2822984937 
356160.0000000000 -1132915.8517372129 6092530.8542966619 1504634.4352897098 0.3156622577 11.3140434823 0.0000000000 0.5662777690 -0.0018495875 0.0000000000 1.7189098704 0.3589824353 -1.8750889812 -0.2332585449 0.0000000000 -0.5108008748 1.9557231630 -0.8740690812 0.0089517842 -0.2192774817 -0.6538505778 
356190.0000000000 -1132915.3427281003 6092529.5594461225 1504633.8848767849 0.0224162292 11.3140434823 0.0000000000 -0.3860233876 -0.0103743425 0.0000000000 0.9079068881 0.7461779515 -0.4627642070 0.4042714601 -0.0000000000 -1.5287376286 1.4932939858 -0.4092413672 -0.1387768303 -0.5315904424 0.0807245546 
356220.0000000000 -1132915.1401628689 6092529.1724724527 1504633.7706556672 0.0627714796 11.3140434823 0.0000000000 0.6944724023 0.2777238314 0.0000000000 0.8662374006 -0.5089099594 -0.7003784885 -0.5238228412 -0.0000000000 0.1436449781 1.4010868499 -0.5994800992 -0.1778849064 -0.7848209117 0.0504741056 
356250.0000000000 -1132913.6125214307 6092529.7904220847 1504632.4498765871 0.0015718016 11.3140434823 0.0000000000 0.8642375902 0.0238391340 0.0000000000 0.6250737526 0.0783081374 0.1649919747 -0.2244419498 0.0000000000 -0.0154388026 -0.2157140841 -0.6886122823 -0.0025224565 0.3478627016 -0.9481953923 
356280.0000000000 -1132914.1458461147 6092530.1601431975 1504632.7488014025 0.0485543837 11.3140434823 0.0000000000 1.7040308915 0.2981092932 0.0000000000 1.0901796350 -0.9071425773 -1.2494721061 -0.7612883151 -0.0000000000 0.7739025110 1.6033316523 -1.2827517916 0.4808251628 -0.7440234537 -0.8327909909 
356310.0000000000 -1132914.8570124032 6092530.8114643060 1504632.8689394365 0.0065457509 11.3140434823 0.0000000000 0.6845055119 -0.1650702216 0.0000000000 0.7446371491 0.0562487173 0.2052170035 -0.0830450188 -0.0000000000 0.0924076505 0.1482828436 -1.0718914709 -0.0873905105 -0.2495300301 -0.2410117128 
356340.0000000000 -1132915.3067222342 6092528.2059427612 1504633.1206946804 0.0886203727 11.3140434823 0.0000000000 -0.5691891367 0.7555920120 0.0000000000 0.3808458143 0.9404069067 -0.1954101931 -0.0044369528 -0.0000000000 0.6186389872 -0.2238141336 -1.0443885019 -0.6857219736 -0.3693106750 0.3863588628 
356370.0000000000 -1132915.6286080582 6092529.6904710075 1504634.1171604220 0.0023453331 11.3140434823 0.0000000000 0.1617513404 -0.2494395036 0.0000000000 1.0956056372 0.4935148396 -0.8411777100 0.6653769160 0.0000000000 1.1746703990 0.4880777820 -2.3381009940 0.0243565908 -0.6057069629 0.0009073439 
356400.0000000000 -1132915.1313850074 6092529.4704017080 1504633.4131991523 0.0875063227 11.3140434823 0.0000000000 0.7811510147 -0.2253465641 0.0000000000 0.7781251307 -0.1559017898 -0.3892719967 0.3187827442 -0.0000000000 0.7139221954 0.7202224445 -1.8586130959 0.4131559221 -0.7624701976 -0.2521427773 
356430.0000000000 -1132915.0777938815 6092529.6434720745 1504633.6441849633 0.0292717694 11.3140434823 0.0000000000 -0.6532989870 0.7744133119 0.0000000000 0.0890326878 0.6425269347 0.2014038404 0.9257354266 0.0000000000 0.4518382454 0.5502802725 -1.8968183108 -0.1371505439 -1.2968060062 0.3855170912 
356460.0000000000 -1132915.7976590691 6092530.3561061965 1504633.1977422577 0.1479247912 11.3140434823 0.0000000000 0.8304317036 0.9753647919 0.0000000000 1.2059549099 -0.6104808933 -0.0278857195 0.1488628748 -0.0000000000 1.1881337047 1.4030857682 -2.6195502508 -0.5173996670 -1.7679845644 -0.0867954549 
356490.0000000000 -1132915.6656367993 6092532.2374628428 1504633.6092482379 0.0031620421 11.3140434823 0.0000000000 0.9929437664 0.0569401609 0.0000000000 1.5017733180 0.8659149668 -0.6745038159 -0.2027730148 -0.0000000000 0.0051876387 1.0584414000 -2.5376861781 0.2702211424 -0.9523810610 -0.2449789961 
356520.0000000000 -1132914.4923673188 6092529.5193086844 1504633.4945190763 0.0000520573 11.3140434823 0.0000000000 0.1389919055 0.9797336720 0.0000000000 0.7361760609 0.1780015708 -0.6888660459 -0.2559483200 0.0000000000 -0.3027734574 1.9644631125 -1.2469856514 -0.2035657369 -1.5661517714 0.4272998795 
356550.0000000000 -1132915.0220068328 6092527.6053788550 1504632.8828950510 0.1685013065 11.3140434823 0.0000000000 -0.2895922559 1.4841305682 0.0000000000 0.0631864989 1.9126029379 0.7198179994 -0.4508305135 -0.0000000000 0.2756791605 -1.2673803141 -1.6154332120 -0.4549638994 -0.2798942893 -0.1700949464 
356580.0000000000 -1132916.5001450798 6092530.0025419928 1504634.1692087722 0.0885286675 11.3140434823 0.0000000000 -0.6883038766 1.5529241718 0.0000000000 0.5100134452 0.8109350238 -1.0345482672 -0.6075133216 0.0000000000 0.7039533843 0.9350692859 -0.9650342916 -0.9440668610 -1.1373908015 0.9338356949 
356610.0000000000 -1132914.6103076101 6092527.3600942045 1504632.9276425834 0.0181126625 11.3140434823 0.0000000000 -0.4201137743 1.9833734844 0.0000000000 0.0757857060 1.1805509120 -0.0756821889 -0.8011301066 -0.0000000000 1.5213334524 -0.9663452512 -1.3433769031 -0.8786535844 -0.5039476108 0.1666515869 
356640.0000000000 -1132914.8276507393 6092529.2675655847 1504632.9930220675 0.1155336728 11.3140434823 0.0000000000 0.3245097659 2.4189192445 0.0000000000 0.2126545278 0.8270199391 -0.0598494467 -0.5476034644 -0.0000000000 1.1693927825 0.2017686716 -2.4451874556 -0.0840530636 -1.4363517668 -0.5450711156 
356670.0000000000 -1132914.9424327626 6092528.7976112189 1504632.3487584118 0.0714237821 11.3140434823 0.0000000000 1.2306314243 1.4597869828 0.0000000000 0.0427679492 0.4102049129 0.2228397085 -1.7896349507 0.0000000000 0.9873424350 -0.5482404864 -1.2941371869 0.2216854739 -0.9566881031 0.0065666699 
356700.0000000000 -1132915.2333304994 6092529.1654821327 1504632.3591005774 0.0477717650 11.3140434823 0.0000000000 -0.6093535463 2.4085783287 0.0000000000 0.6742199749 0.3779053533 -2.2107310975 -0.0434578071 -0.0000000000 -0.5033612290 3.0029717520 -0.6472086743 -0.3306297574 -1.0358032753 -0.8681638538 
356730.0000000000 -1132915.0356920955 6092527.9111799290 1504632.7343717250 0.0003883689 11.3140434823 0.0000000000 -1.0525634310 2.9024304336 0.0000000000 -0.7481413580 0.5427302523 -1.4238366258 0.7273084667 -0.0000000000 1.8751082045 1.0971067363 -2.0715324490 0.4976391948 -1.5965013336 -0.6893437146 
356760.0000000000 -1132915.1842237087 6092528.5935008312 1504632.8253785511 0.0086326484 11.3140434823 0.0000000000 -0.3742074938 2.9739902874 0.0000000000 0.4895117240 -0.4610020242 -1.1113120138 -0.4750104404 -0.0000000000 0.6071608670 1.9694552881 -0.5309645005 -1.1096325764 -1.1806583202 -0.6762770019 
356790.0000000000 -1132915.8996649322 6092529.5337390732 1504633.0013167097 0.1096886359 11.3140434823 0.0000000000 0.6134351722 2.1173064106 0.0000000000 0.4150350794 -0.7384059734 -0.5618872269 -0.6332798087 0.0000000000 2.1224074230 0.1036942896 -1.2643797674 -0.4207960617 -0.6836930802 -1.0439699098 
356820.0000000000 -1132914.9091862680 6092528.8077913960 1504632.8343488784 0.0007706544 11.3140434823 0.0000000000 -0.0696141270 3.2392298296 0.0000000000 -0.8434239568 1.3463026107 1.2264997174 -0.5349383528 -0.0000000000 -0.2839242943 -0.2344626487 -1.7072152095 0.3191652716 -1.3401502556 -1.1310720248 
356850.0000000000 -1132914.7571066783 6092528.8698672988 1504631.7647467311 0.0159975299 11.3140434823 0.0000000000 -0.1332269880 3.4015124494 0.0000000000 0.1538552906 1.1671379589 -0.5142860142 -1.0351039644 0.0000000000 0.9491621357 0.2931269891 -1.7816364722 -0.4476362499 -1.0996882800 -0.9150147832 
356880.0000000000 -1132916.3258428392 6092531.1237178361 1504632.9060076084 0.0155933333 11.3140434823 0.0000000000 -0.2276879906 3.5246636291 0.0000000000 0.3807535761 1.3923962287 -1.1837214112 -1.1382601037 -0.0000000000 0.4665122311 0.5025137169 -1.1734985911 -0.4562308968 -0.3016965931 -1.7256376036 
356910.0000000000 -1132916.0037499052 6092529.0427276893 1504632.5498824965 0.0528353482 11.3140434823 0.0000000000 -0.2355513808 4.0538318179 0.0000000000 -0.0588526069 -1.0804690453 0.1961608928 -0.7081601758 -0.0000000000 2.0976170055 0.5438020620 -0.9516393549 -1.4306619539 -1.5913175053 -0.8221954947 
356940.0000000000 -1132916.6741102657 6092530.5576534262 1504633.2118488718 0.0510132875 11.3140434823 0.0000000000 -0.5548865088 4.6159368495 0.0000000000 0.0324295846 1.4394016810 -0.0916780997 -1.2725512900 0.0000000000 -0.8290693454 1.0136578514 -0.7419290313 -0.9396050290 -0.7874996196 -1.8248750164 
356970.0000000000 -1132916.8989080929 6092529.3795740753 1504632.6320137465 0.0575517264 11.3140434823 0.0000000000 -0.7245798778 4.0355311887 0.0000000000 0.2785595996 0.3607421014 -0.8907179531 -0.6660972629 -0.0000000000 -0.1054055239 1.9632668058 -0.6365358735 -1.1137777516 -1.1132191353 -1.2878080438 
357000.0000000000 -1132915.8991058813 6092530.1114401175 1504633.1488094712 0.0137772573 11.3140434823 0.0000000000 -0.7133633966 4.8802414660 0.0000000000 -0.3260055118 -0.2417730588 -0.3159975390 -1.0141428965 0.0000000000 -0.0776231263 1.7235102916 0.1517722966 -1.1907410193 -1.1330790633 -1.6761983246 
357030.0000000000 -1132912.1437127299 6092513.3700153949 1504629.6891162882 4.4367795748 11.3140434823 0.0000000000 3.7831372785 2.4728669156 0.0000000000 11.3319760274 -0.1788636076 -1.3632739797 -2.9477295517 0.0000000000 -1.1600511176 3.8861827083 -4.6977444319 -8.2167832572 0.5597980053 -3.0397482409 
357060.0000000000 -1132911.9353067609 6092511.7423339160 1504630.7897024648 4.5997108300 11.3140434823 0.0000000000 2.5515544655 2.8117855385 0.0000000000 10.6649358888 -0.3970747818 -2.2719346117 -1.7621381778 0.0000000000 0.4531827654 4.1255724947 -5.1973980814 -8.0890512848 0.0120077251 -2.4945794019 
357090.0000000000 -1132911.6976631475 6092513.3320120862 1504630.2317727688 3.2595766169 11.3140434823 0.0000000000 2.8373413335 3.4586187244 0.0000000000 10.5463020839 -0.2738901326 -1.6842297335 -2.1416097063 -0.0000000000 0.4081938212 3.1988299572 -4.9906184951 -8.0063149897 0.5641363113 -3.5520757199 
357120.0000000000 -1132912.2171327334 6092509.9968160102 1504630.9344997820 4.4458735718 11.3140434823 0.0000000000 3.7135338481 2.8772970764 0.0000000000 10.5906532472 0.0787176021 -0.0885619984 -2.4811793386 0.0000000000 -0.6100208156 2.7458087059 -5.7425798500 -7.6300536593 -0.0846224149 -3.0161975723 
357150.0000000000 -1132911.1252464915 6092512.5724718645 1504630.5627995422 5.4420618847 11.3140434823 0.0000000000 3.5829529686 2.6390074435 0.0000000000 10.9667335178 1.9322354988 -0.7648256032 -2.7039767121 -0.0000000000 1.0003036632 0.2116741901 -6.8469088972 -7.2404837492 1.3253314169 -3.8297503389 
357180.0000000000 -1132910.8698206677 6092509.9310328644 1504629.8794941248 3.5707937534 11.3140434823 0.0000000000 3.2018026437 3.0623645643 0.0000000000 10.9889884574 0.7471275364 -1.6608697194 -3.0648161882 -0.0000000000 1.8114967758 1.0095787102 -5.7246704881 -8.0920770500 1.0791717271 -3.0665285251 
357210.0000000000 -1132912.1307330369 6092513.5740494002 1504630.5386905144 2.9517253198 11.3140434823 0.0000000000 3.0920490251 3.6903725022 0.0000000000 11.1583638232 0.8098102890 -2.2694778271 -2.7279301435 0.0000000000 -0.1690008848 3.1793695306 -5.4707839304 -7.8254418071 0.9653011625 -4.0538331142 
357240.0000000000 -1132912.3066564142 6092512.9641293548 1504630.2610384689 3.6254494842 11.3140434823 0.0000000000 3.3241568129 3.4171992661 0.0000000000 11.1485733333 -0.3475743218 -1.4054309331 -1.7885891659 0.0000000000 0.6297230794 3.2610574617 -6.3824568728 -7.7697199921 -0.0701287212 -3.6388193521 
357270.0000000000 -1132911.5449051308 6092512.0305022048 1504631.1574258700 4.7941615961 11.3140434823 0.0000000000 1.7720250132 4.1465185499 0.0000000000 10.5386678833 1.3527591047 -2.3744827379 -2.2459065046 -0.0000000000 -0.1502010585 3.3968011932 -5.3078044776 -8.2889996478 0.6180561525 -3.1244366641 
357300.0000000000 -1132913.1504423828 6092511.9196524154 1504630.6756973292 3.4043597761 11.3140434823 0.0000000000 2.2763972747 4.6788852952 0.0000000000 11.5176286601 0.2136388920 -2.3261783814 -1.2551751198 -0.0000000000 0.0207473110 4.8195467301 -6.7621632488 -8.4601447381 -0.3128027820 -3.9993006910 
357330.0000000000 -1132912.3102930749 6092513.1505629094 1504630.8974879945 4.3965085630 11.3140434823 0.0000000000 2.1955452942 4.4756405213 0.0000000000 10.7354672513 -0.7651130206 -3.5363325301 -1.6872453514 -0.0000000000 0.3985435717 5.8861655135 -5.5385550129 -8.0089985694 -0.7463888369 -2.9714835677 
357360.0000000000 -1132910.5984422488 6092510.5678575542 1504629.5091805668 5.6824521163 11.3140434823 0.0000000000 2.1783175697 5.3502809910 0.0000000000 11.1857565511 1.0756890227 -2.2635791849 -2.8257067558 0.0000000000 -0.4474595688 4.2935873050 -5.8904068703 -8.8413733077 -0.1570396588 -3.2887996080 
357390.0000000000 -1132912.0008363810 6092511.8047582172 1504630.6974665886 5.4011206560 11.3140434823 0.0000000000 2.4213915682 5.2097996952 0.0000000000 10.7333234497 0.7789708423 -1.0420926975 -2.4429647560 0.0000000000 -0.4032433220 3.4440403605 -6.1177435816 -8.3610841606 -0.3428938511 -3.5479701865 
357420.0000000000 -1132909.2463035120 6092510.1590603003 1504628.8105949096 5.2987360770 11.3140434823 0.0000000000 3.7774918076 5.2994833325 0.0000000000 10.8674043160 0.4122739869 -1.2161051449 -3.9587628176 0.0000000000 0.5930493329 2.3734936760 -6.0747429854 -7.6310345677 -0.2857698903 -3.8072717447 
357450.0000000000 -1132910.9176327984 6092510.8807386011 1504629.6706394018 6.1534088884 11.3140434823 0.0000000000 2.4831014772 6.1045780267 0.0000000000 10.9901360805 0.3918474236 -1.1286219111 -2.7350464308 0.0000000000 -0.5783589147 4.1336895690 -6.0964086542 -8.7389689001 -0.7042425821 -3.7751214023 
357480.0000000000 -1132910.8413048349 6092510.9904092941 1504628.5144714143 6.3075558216 11.3140434823 0.0000000000 3.3783357468 5.8267849433 0.0000000000 10.4934564638 -0.0873879551 1.1586887321 -3.7365308223 -0.0000000000 2.8444960428 -0.8765781084 -6.4096073409 -8.4984290432 -0.6087428611 -3.2558938893 
357510.0000000000 -1132910.5659034248 6092511.6429103157 1504629.0011050028 5.6120701291 11.3140434823 0.0000000000 3.3048077696 5.6835442840 0.0000000000 11.0660278365 0.6385819167 0.6431652299 -3.5249639544 -0.0000000000 0.7706701921 0.8273486643 -6.4935705452 -8.5912612005 -0.3584629960 -3.6950477357 
357540.0000000000 -1132912.1740596644 6092512.8532822588 1504630.2761424708 4.5274242015 11.3140434823 0.0000000000 3.4373236959 6.4090766630 0.0000000000 10.7412701333 0.6926846304 -0.4041536816 -3.7997488546 0.0000000000 0.0676591065 2.5743472214 -6.6831538297 -7.7833605326 -0.9967986033 -3.9256628283 
357570.0000000000 -1132910.9431251413 6092511.5184730506 1504629.0179849626 5.5983331303 11.3140434823 0.0000000000 2.8476690734 6.8145757478 0.0000000000 10.7254440563 -1.3985357548 -0.5974633856 -2.7035371309 -0.0000000000 1.4960665198 3.0883139949 -6.0918596122 -8.5412793815 -1.4015120964 -3.9073033654 
357600.0000000000 -1132911.3853707514 6092510.7078090897 1504629.0214985674 5.0128558375 11.3140434823 0.0000000000 2.2557325807 7.1030146447 0.0000000000 10.6672357122 0.6048695819 -2.0808874876 -2.9554764851 0.0000000000 0.2461298866 4.0488915678 -6.4061536997 -7.9558829870 -0.7374617006 -4.4538139439 
357630.0000000000 -1132912.1265882212 6092512.1365540046 1504630.0982271982 5.6699567389 11.3140434823 0.0000000000 3.1874950186 7.4058085187 0.0000000000 11.1104773653 -1.2806656151 -1.4675975754 -3.3808337501 -0.0000000000 0.9528953471 3.9720017768 -5.9908690044 -8.3534875466 -1.2866609389 -4.4986204510 
357660.0000000000 -1132912.4736492438 6092512.9596437300 1504629.8681888196 4.0956813432 11.3140434823 0.0000000000 2.9449736553 7.5468749905 0.0000000000 11.5150340693 -0.8634802029 -3.0552478106 -3.3886638003 -0.0000000000 0.3997868526 5.2259311179 -5.8168193072 -8.2410826191 -0.6528373877 -5.2156994341 
357690.0000000000 -1132913.0174434313 6092515.2698513698 1504630.4446298459 4.6450518525 11.3140434823 0.0000000000 2.5313415714 7.9176015837 0.0000000000 11.7597983916 -0.1490654449 -2.0949532517 -3.5649078853 0.0000000000 1.0237745694 3.6206220548 -6.2138582071 -9.0348817709 -0.5306653026 -4.9203234649 
357720.0000000000 -1132912.5719451224 6092511.9295883607 1504629.6788860096 4.0564991981 11.3140434823 0.0000000000 1.4727942198 7.8077387267 0.0000000000 10.4885277289 -0.6874879356 -1.2745316886 -2.2114586237 0.0000000000 0.5862981628 3.3237625554 -5.0004925074 -8.6604417793 0.0061492485 -5.5906551659 
357750.0000000000 -1132911.2104411416 6092510.4286416834 1504628.5344464907 5.6081480827 11.3140434823 0.0000000000 2.6226260099 8.8939924368 0.0000000000 10.4113842879 -0.0027064178 0.4167629007 -4.2469973897 -0.0000000000 1.2545880497 0.6147964016 -5.3836305385 -8.1854960139 -0.2372415261 -5.9093547542 
357780.0000000000 -1132911.6712370494 6092509.9206086984 1504627.8751905286 4.3361339802 11.3140434823 0.0000000000 1.4296673851 8.9626533825 0.0000000000 10.7502496628 1.0983533605 -0.2253995247 -3.8198824451 -0.0000000000 0.4166909284 1.2311766472 -5.1235563065 -9.1610599741 0.5830888301 -5.9423984479 
357810.0000000000 -1132911.1407083811 6092511.4205554081 1504628.2098415256 5.3134599524 11.3140434823 0.0000000000 1.1628174972 8.7323389708 0.0000000000 11.1659770637 2.0062586258 -0.8247190081 -3.4296804334 0.0000000000 1.0162648587 0.7878403103 -6.1642077425 -8.9159881335 0.8423888730 -6.1749467152 
357840.0000000000 -1132912.0315858168 6092513.0094891209 1504629.0322613711 4.9757587200 11.3140434823 0.0000000000 2.7442166574 9.3256052542 0.0000000000 11.8038335633 0.2994787543 -0.3581941640 -3.5925377712 -0.0000000000 1.3926347780 1.4860323083 -7.2363750112 -8.2180763244 -0.5386354276 -6.8014095910 
357870.0000000000 -1132911.7937449533 6092512.3012772286 1504629.0386187294 4.2865126612 11.3140434823 0.0000000000 3.2291888989 10.2842352990 0.0000000000 10.8468237089 -1.1509008567 1.3977037670 -4.4290514731 -0.0000000000 2.4831916698 0.2101940971 -6.6457061422 -8.1278710227 -1.9586657670 -5.8307713642 
357900.0000000000 -1132910.8461642168 6092511.8515047887 1504628.8243895380 5.7562484264 11.3140434823 0.0000000000 2.3538710874 9.6456063144 0.0000000000 10.8279439796 -0.4034325688 -1.2585218016 -4.3972976910 -0.0000000000 1.3647115784 2.5637150562 -5.6277016135 -8.3048172481 -0.9412755482 -5.5229857857 
357930.0000000000 -1132910.7064552745 6092509.9775900012 1504629.2637237073 6.1933310937 11.3140434823 0.0000000000 0.7888071779 10.9589847137 0.0000000000 10.1682325004 1.0276701577 -1.5274444477 -3.0347125986 -0.0000000000 2.2508130055 2.9746066829 -7.9710074324 -7.9379375540 -2.1734938396 -5.2550352307 
357960.0000000000 -1132912.2465993243 6092512.7672343682 1504629.4674079416 4.1200741616 11.3140434823 0.0000000000 1.4993980668 10.1681428150 0.0000000000 10.7215279777 -0.4794523220 -0.4088891058 -3.7427163656 0.0000000000 1.1218225079 2.2355855050 -5.3034101750 -8.9699780929 -0.7710249197 -5.8346330325 
357990.0000000000 -1132911.9837960349 6092511.8201258574 1504628.8104397547 5.2375766454 11.3140434823 0.0000000000 1.5386471206 10.5998248560 0.0000000000 11.1890763167 0.7315342388 -1.0146341792 -3.9601963402 -0.0000000000 2.2639555489 1.7223340054 -7.2714009937 -8.5525453527 -1.4141087160 -5.5499849191 
358020.0000000000 -1132911.8735213608 6092511.5347343842 1504628.2936303101 6.4471723097 11.3140434823 0.0000000000 0.4504106681 11.1458559285 0.0000000000 10.7398468344 -0.5159760831 -0.6114646699 -2.6487823766 -0.0000000000 3.2572347822 1.5482513332 -6.6990098120 -9.0678867446 -1.5938154871 -5.7570855227 
358050.0000000000 -1132911.8531274125 6092511.6766013037 1504627.9862555105 3.8766708803 11.3140434823 0.0000000000 1.1340541895 11.1000637901 0.0000000000 11.1525423041 -0.8276437249 -2.4913025942 -3.8867820497 -0.0000000000 4.6004988482 1.0136935360 -5.9398464399 -8.2850896505 -0.7378028232 -6.5012269742 
358080.0000000000 -1132911.2426957446 6092512.1612794474 1504628.6159570415 5.4185225828 11.3140434823 0.0000000000 1.4707829933 10.8732964571 0.0000000000 11.3348424793 -0.3492900617 -1.3174256031 -4.3482952353 -0.0000000000 2.1020027245 1.8072999661 -5.5157415303 -8.8949011798 -0.6168794810 -6.2748698921 
358110.0000000000 -1132912.8368255941 6092513.6519003324 1504629.1545147789 7.3066887875 11.3140434823 0.0000000000 2.3613083246 10.8876062955 0.0000000000 11.5512513208 -0.7514618177 -0.6008126800 -4.4150368306 -0.0000000000 0.8858814053 2.9372712869 -6.2707124600 -8.6451791295 -1.6273280345 -6.0178894501 
358140.0000000000 -1132912.5815611051 6092514.5154197114 1504628.5392160418 4.6477522608 11.3140434823 0.0000000000 2.7085937090 11.9627663124 0.0000000000 11.7765219158 -0.2272248751 -0.5325962153 -5.5320878488 0.0000000000 1.5238191480 2.2188403948 -6.9332051414 -8.4681892041 -2.1449383471 -6.0186962792 
358170.0000000000 -1132912.8508631084 6092515.3398889629 1504629.2229875459 5.0185479356 11.3140434823 0.0000000000 2.4994485251 11.5600773735 0.0000000000 11.5542166582 -1.1189244621 0.7799561282 -4.0626134903 0.0000000000 0.9467835927 2.1315593764 -6.8241335941 -8.3351466996 -2.1879380937 -6.6515454447 
358200.0000000000 -1132910.5111499543 6092513.4440629920 1504632.0547708990 6.0249448709 11.3140434823 0.0000000000 5.5469691313 -1.6718774989 0.0000000000 12.6266334779 -1.4061674148 -0.9301321558 -0.5996662260 0.0000000000 -0.7682202729 1.2147377289 -5.8818005528 -5.9705617768 1.1813584724 -2.9559414194 
358230.0000000000 -1132910.8989758217 6092515.7414318100 1504631.7358106996 5.1915037710 11.3140434823 0.0000000000 6.7573729281 -1.8513289061 0.0000000000 13.4941091404 -0.8656420823 -1.8846936664 -2.6198724251 0.0000000000 -0.1000703382 0.3687881517 -5.8988890878 -5.8399243183 1.3699092308 -2.4464846125 
358260.0000000000 -1132910.9584880816 6092513.2566135423 1504631.1275140571 4.7592493787 11.3140434823 0.0000000000 4.8242040050 -1.5649326997 0.0000000000 12.6820453199 -0.2634158035 -2.0798332697 -1.4127220641 -0.0000000000 0.2834357829 -0.0131262937 -5.2238804943 -6.2644605422 2.2197092404 -2.8084767232 
358290.0000000000 -1132912.2740494099 6092515.1584713450 1504631.5290417455 3.9347989997 11.3140434823 0.0000000000 5.3210685042 -1.0045217307 0.0000000000 12.7650099831 -0.8211378018 -1.0743500204 -1.6786578373 -0.0000000000 0.8471469928 -0.8015480514 -5.6686121597 -6.2081016549 1.2588135304 -2.5057851199 
358320.0000000000 -1132911.4570561128 6092513.2618715148 1504631.7128950371 4.8930765346 11.3140434823 0.0000000000 4.1351039134 -0.3971589675 0.0000000000 12.4595888994 -1.6040616208 -1.0271586034 -0.0714364730 -0.0000000000 0.6196639532 0.1410378392 -5.2746414550 -6.5807558794 1.5092820631 -3.5522080204 
358350.0000000000 -1132909.5474364220 6092512.6532069771 1504632.3019503411 5.3565031706 11.3140434823 0.0000000000 3.8033999180 -1.1816328861 0.0000000000 12.4078399697 -1.2056301611 -1.9930487962 -0.1897834643 -0.0000000000 2.1483793709 -0.6492151734 -5.3488860515 -6.7679092549 1.4236195867 -2.0340479124 
358380.0000000000 -1132909.8297781451 6092510.4521069303 1504631.3238167481 5.7682670688 11.3140434823 0.0000000000 3.1570129244 -1.2967312143 0.0000000000 11.8539801969 -0.0148513317 -2.9170546821 -0.9302889717 -0.0000000000 2.1239906968 -0.6509051242 -4.7463045009 -6.9325318716 1.9541920525 -1.2268765131 
358410.0000000000 -1132911.5752533497 6092515.5426428802 1504632.1724766663 5.0995933639 11.3140434823 0.0000000000 4.4604572324 0.2844790358 0.0000000000 12.9089714748 -2.2397622940 -2.6663983238 -0.4918566788 0.0000000000 1.7443933197 1.3332544458 -5.9539684961 -6.5617713205 0.4793722701 -2.8251652916 
358440.0000000000 -1132911.6208534802 6092516.4139145333 1504632.9218189970 5.5050412756 11.3140434823 0.0000000000 5.1350311625 -1.4696214052 0.0000000000 12.6627730252 -0.9744126174 -1.0813196096 -0.8116001532 -0.0000000000 0.9001039406 -0.9021996389 -5.8758381506 -5.8482837400 1.0791895403 -2.3653321027 
358470.0000000000 -1132910.5731366910 6092515.4470305378 1504631.9426769323 4.6087244681 11.3140434823 0.0000000000 5.3532987359 -1.0873975434 0.0000000000 12.8833929894 -1.1873034940 -0.3032228502 -1.3115263060 -0.0000000000 -0.3492442595 -0.8310245315 -4.9821709266 -6.3223824524 1.5546888972 -3.0292893088 
358500.0000000000 -1132911.8745247882 6092514.7361470470 1504632.6606600580 5.4423900309 11.3140434823 0.0000000000 3.2358231167 -1.0533812893 0.0000000000 12.3842272833 -0.5674287610 -0.3490125939 0.6187617448 0.0000000000 0.5176135080 -1.0301148994 -5.3860932154 -7.1666323107 1.7013266685 -2.6047652221 
358530.0000000000 -1132910.6942307299 6092514.9197251890 1504632.1522397937 6.7876834699 11.3140434823 0.0000000000 5.4567673704 -1.3372376151 0.0000000000 13.3030797120 -0.3803208781 -2.3074804524 -1.4243006053 -0.0000000000 0.3903400492 0.1585621946 -6.3223486174 -5.9090059900 1.2193991597 -2.3795126497 
358560.0000000000 -1132911.1192586892 6092514.2359637497 1504631.7178443403 5.4966041730 11.3140434823 0.0000000000 5.7630720283 -1.1424298766 0.0000000000 13.5937430277 -1.0104606734 -1.4727420258 -0.9949035923 0.0000000000 0.1533034463 0.1915969984 -6.7229100109 -6.0443856292 0.6398793146 -2.4731194180 
358590.0000000000 -1132911.4454372665 6092514.1899357010 1504633.1558894275 5.1797573483 11.3140434823 0.0000000000 3.9407078775 -0.6739997443 0.0000000000 12.7764402083 -0.6485834845 -0.3915794461 0.1893031196 0.0000000000 2.3045968948 -2.2500410283 -6.7899344161 -6.5315459653 0.2145472027 -1.6510579991 
358620.0000000000 -1132911.7220310050 6092516.8053080644 1504632.0990877866 4.8105173648 11.3140434823 0.0000000000 6.5352634155 -1.3078496067 0.0000000000 14.1540545436 -2.4271525468 -2.7916019291 -2.2334513388 0.0000000000 0.1044376542 0.9075094904 -4.7150312352 -6.5783258375 1.3470863829 -2.4589298397 
358650.0000000000 -1132910.6577541914 6092514.4887736151 1504632.8737678761 6.7390627124 11.3140434823 0.0000000000 4.3916857848 -0.0287834430 0.0000000000 12.8354778909 -0.8251730463 -2.1369372770 -1.1094858182 0.0000000000 1.2914611613 -0.4867124090 -5.6519788178 -6.0850563759 1.0856469641 -2.8126615075 
358680.0000000000 -1132910.0302915527 6092514.8392284820 1504631.7353425899 6.0272684675 11.3140434823 0.0000000000 5.9929617284 -1.2432933699 0.0000000000 13.2952519198 -1.1063653157 -0.5538530601 -1.6270355977 -0.0000000000 -1.2867284909 -0.1983122424 -5.2491153376 -6.1787869195 1.2350055464 -2.6873754828 
358710.0000000000 -1132909.3258151095 6092512.4433167316 1504631.2811436984 8.9772890346 11.3140434823 0.0000000000 5.3160489143 -1.5997427611 0.0000000000 12.7432109173 -0.3408315029 -2.2847979770 -1.2358532108 -0.0000000000 0.1673925632 0.0698426561 -6.0069451652 -5.5520228426 1.0312347785 -1.8441565496 
358740.0000000000 -1132910.1558418646 6092512.4686309416 1504632.0556831157 7.0419832702 11.3140434823 0.0000000000 4.4959503772 -0.8318008536 0.0000000000 12.5625713582 -1.1413955581 -0.9491057088 -0.6049327049 0.0000000000 -0.2565217244 -0.0485969731 -5.1432787133 -6.7082225201 0.9401608692 -1.9502451189 
358770.0000000000 -1132911.8713190455 6092513.4387175404 1504633.1820733976 5.6926939523 11.3140434823 0.0000000000 2.6103815047 -0.5930842127 0.0000000000 12.1497215492 0.1024391033 -1.2029887646 0.3857640629 0.0000000000 1.3494199708 -1.8043303826 -5.2291692908 -6.6610003149 1.7377895066 -2.4943634144 
358800.0000000000 -1132915.0114472178 6092529.7993805325 1504633.7764623177 0.1531387005 11.3140434823 0.0000000000 0.4114028386 0.0682271267 0.0000000000 0.2089592381 0.7136904450 1.6029093107 0.2990894893 0.0000000000 -1.8530340354 0.9616322243 -1.6753087946 -0.6411076204 -1.1116594631 0.8965603867 
358830.0000000000 -1132915.1474074658 6092529.5079493374 1504633.3973445769 0.0050263766 11.3140434823 0.0000000000 1.0218585859 -0.7128242805 0.0000000000 0.1422862098 0.1869282088 2.0937677559 -0.0506252601 0.0000000000 -1.1117325727 -0.6893586928 -0.8915803380 -0.2190997008 -1.0894348319 1.3072855296 
358860.0000000000 -1132915.7008775298 6092529.4294579085 1504633.7821513314 0.0562633419 11.3140434823 0.0000000000 0.1093863272 1.8706369249 0.0000000000 -0.5713496025 0.1318022802 2.4910276430 -0.8039858529 0.0000000000 -0.9568427822 -0.3134497349 -0.5739721954 -0.5118060400 -1.7226906821 0.7773560652 
358890.0000000000 -1132914.9200532467 6092530.3749223528 1504633.9177519362 0.0178128397 11.3140434823 0.0000000000 0.7310742665 0.1746663632 0.0000000000 -0.2867283675 -0.5641560107 0.1070760964 -0.1334319808 -0.0000000000 -0.1000142125 1.0705359727 -0.8752078933 0.1598055195 -1.4858682917 1.2622025025 
358920.0000000000 -1132916.3640047307 6092529.8861645665 1504633.9928589787 0.0002994563 11.3140434823 0.0000000000 -0.9326037485 0.5271588717 0.0000000000 -0.5497111658 0.2266674746 1.3974019349 0.9670296972 0.0000000000 -0.8313633761 0.1438531839 -0.2188043506 -0.4880219506 -0.1958107998 -0.2049010740 
358950.0000000000 -1132916.4396001494 6092528.9797170227 1504633.8312773816 0.0006626138 11.3140434823 0.0000000000 -1.4898970696 0.1847004960 0.0000000000 -0.8646543038 1.1415542947 -0.3245888249 0.6693777704 0.0000000000 -1.0610453111 1.6524088743 -0.1278123282 -0.8314719264 0.4928814953 0.3173231412 
358980.0000000000 -1132914.6718734629 6092527.6109816842 1504634.4682291318 0.1178180306 11.3140434823 0.0000000000 -1.4879349469 0.7309067696 0.0000000000 -0.1157835251 0.0249106533 -1.0576881449 1.3212062220 0.0000000000 2.4807826811 0.2008829977 -1.3879341947 -0.6271365776 -1.1356275491 1.2003796601 
359010.0000000000 -1132914.5199325786 6092531.1369842216 1504634.0111796856 0.0556429881 11.3140434823 0.0000000000 0.2990745381 0.3163047937 0.0000000000 1.1987440437 0.0808837469 -1.4671127403 -0.2878804019 0.0000000000 1.6309433456 -0.1466626588 -1.1188417826 -0.0247649377 -0.3555727676 0.0860747220 
359040.0000000000 -1132912.4856577525 6092527.9394136332 1504631.8837621717 0.3612749308 11.3140434823 0.0000000000 0.8753260132 0.6359441811 0.0000000000 0.6807670158 1.2633735052 -1.6545759148 -1.0564397298 0.0000000000 -0.0222651839 1.5391017984 -2.2805649037 0.7279059254 -0.7011809112 0.0728647263 
359070.0000000000 -1132915.0974123047 6092531.9623035779 1504634.0194178687 0.0004959328 11.3140434823 0.0000000000 0.0608142953 -0.1918531923 0.0000000000 0.6693308138 1.0788123825 -1.4106711366 0.0493938908 0.0000000000 1.7135812467 -0.3866346762 -1.9205494409 0.4924397930 -0.5484678543 0.6092862552 
359100.0000000000 -1132915.1740858287 6092529.6661033081 1504633.3794938172 0.0024760128 11.3140434823 0.0000000000 1.1690170277 -1.1828892340 0.0000000000 0.9377337867 -0.4267507718 -0.8915619349 0.1138731059 -0.0000000000 1.0055156887 -0.2923349651 -0.8789495219 0.4046886358 -0.4788952963 0.7550680000 
359130.0000000000 -1132915.0159429656 6092528.6198749132 1504633.8652445793 0.0030110126 11.3140434823 0.0000000000 0.6230468560 -0.2188405572 0.0000000000 0.0084888530 -0.0213980691 2.0544567778 0.8864704157 0.0000000000 -1.0881403992 0.0431248737 -1.6560983746 -0.1211359785 -1.5043696281 0.9349731328 
359160.0000000000 -1132914.2190391372 6092526.9384478563 1504632.2715822724 0.0008480505 11.3140434823 0.0000000000 0.4784614565 -1.0034626561 0.0000000000 -0.1762333874 1.0884799802 0.5033849358 0.1031231297 -0.0000000000 -2.6422273406 1.9880216906 -0.9801091964 -0.6431830945 0.0657941864 0.9175243569 
359190.0000000000 -1132915.7071101011 6092530.8941910407 1504633.8457911727 0.1341783678 11.3140434823 0.0000000000 1.1059241599 -0.4423714358 0.0000000000 0.4054038710 -0.3585150346 0.9106776255 0.1047394855 0.0000000000 -1.1932850731 0.8156863172 -0.9908834983 -0.4502095366 -1.0141538914 1.0614492067 
359220.0000000000 -1132915.5637953756 6092530.0493068071 1504634.1966166832 0.0040905791 11.3140434823 0.0000000000 -0.3518773938 0.8179481367 0.0000000000 -0.3970508165 0.0364998405 1.2242262607 0.8064105418 0.0000000000 -0.3902644714 0.5240464721 -1.3120469640 -0.2412838302 -1.2861264006 0.4960022105 
359250.0000000000 -1132916.6619012954 6092530.2317328863 1504634.5981662292 0.0754325342 11.3140434823 0.0000000000 -0.2505671982 0.1801040108 0.0000000000 -0.1069613864 0.2160925971 0.5766467014 0.6692745407 -0.0000000000 -0.9941414465 1.4674938228 -1.1399557552 -1.0077619914 -0.7714092025 0.9992678829 
359280.0000000000 -1132915.6232401810 6092529.7887034602 1504634.0119859073 0.0001605675 11.3140434823 0.0000000000 0.5020027795 -0.5446245224 0.0000000000 0.8163716912 0.0913663344 1.1045484791 0.6644656159 -0.0000000000 -1.1965969280 0.3252493048 -1.0966981819 -0.8721737556 -0.4266912757 0.5162451247 
359310.0000000000 -1132915.2123743771 6092529.9828101955 1504633.5749595137 0.1195773878 11.3140434823 0.0000000000 0.8679754303 0.2434772713 0.0000000000 0.3523858136 -0.0204957120 -2.2322215724 -0.5506012063 0.0000000000 1.2449471213 1.7469889814 -1.8053392518 0.4342559837 -1.2796105926 1.2678048334 
359340.0000000000 -1132914.8477645994 6092527.9455677290 1504633.1375501077 0.0086123923 11.3140434823 0.0000000000 0.6674165556 -0.9046959186 0.0000000000 0.0314339688 0.1716323537 0.4770452705 0.5130030625 -0.0000000000 -1.3493120255 0.9002968697 -0.8493622360 0.0597372558 -0.1692785047 0.3120832495 
359370.0000000000 -1132915.5779139483 6092528.9840945983 1504632.6945395758 0.0209865280 11.3140434823 0.0000000000 -0.4038041719 -0.3539976369 0.0000000000 0.0962611644 1.4860495923 -0.4417417814 0.0489074580 0.0000000000 -0.7656934898 1.0408524082 -1.0883085681 -0.7162250055 0.2943809234 0.6312474105 
359400.0000000000 -1132916.4350548745 6092531.0621887222 1504633.3360884138 0.2512177672 11.3140434823 0.0000000000 0.6937797925 -0.4945017410 0.0000000000 0.1479010416 1.0961651190 -2.0823803094 -0.2196844754 0.0000000000 0.6955910526 1.5619319503 -2.3214982326 0.8268713765 -0.7264961063 1.0012020098 
359430.0000000000 -1132915.3737292057 6092529.0912121711 1504632.5992090802 0.0847835045 11.1654816136 0.0000000000 1.1186898949 -0.4953348582 0.0000000000 0.8316400219 -0.0658070756 -1.3206977159 -0.5856960901 0.0000000000 0.0000000000 1.1051365826 -0.8042957879 -0.0891994317 -0.2345457054 0.6469902197 
359460.0000000000 -1132915.7599920896 6092530.9414015012 1504632.8761907693 0.0354239681 11.1654816136 0.0000000000 1.4310752610 -0.4719918467 0.0000000000 1.0690145838 -0.0839853300 -1.4268431926 -0.1188418428 0.0000000000 0.0000000000 1.4896671544 -1.8495830541 0.4560164999 -0.6210410254 0.2710422996 
359490.0000000000 -1132914.7639131451 6092528.6465240708 1504633.3733255565 0.0006936790 11.1654816136 0.0000000000 0.1674718710 0.4121658374 0.0000000000 0.5533523102 -1.0195951049 -0.8135641387 0.9333288829 0.0000000000 0.0000000000 2.0784305631 -1.1543325392 -0.4248102638 -0.6252354287 -0.0994641237 
359520.0000000000 -1132916.5915901843 6092532.7742553130 1504634.1978365756 0.4802919813 11.1654816136 0.0000000000 1.5645577111 0.2193200155 0.0000000000 0.7428615208 -1.1576086016 -0.5180581241 -0.1699287400 -0.0000000000 0.0000000000 1.1454967015 -1.1602168098 0.4777859730 -1.2139807372 0.2420656645 
359550.0000000000 -1132914.7677070664 6092528.5823708903 1504633.4584604260 0.0015534016 11.1654816136 0.0000000000 0.3182106309 -0.5858019334 0.0000000000 0.3098364595 -0.3269538450 0.3149972592 1.0793241590 -0.0000000000 0.0000000000 0.5665334999 -1.2967286225 -0.5985205871 -0.9885107401 1.2528220264 
359580.0000000000 -1132915.8504520743 6092532.3809960904 1504633.6912874179 0.2791613355 11.1654816136 0.0000000000 0.9412720148 -0.1782585367 0.0000000000 0.7611007447 -0.4491999517 0.1887221573 0.6395029404 0.0000000000 0.0000000000 0.5179978658 -1.7212773633 -0.0438630375 -1.2554299204 0.7169480486 
359610.0000000000 -1132916.1117781086 6092531.9461775059 1504635.1965848173 0.1183348559 11.1654816136 0.0000000000 -0.1260982623 0.5961890114 0.0000000000 0.3478462391 0.1010411076 1.3400084360 0.8313784663 -0.0000000000 0.0000000000 -0.3942064919 -1.5146863910 -0.4440494989 -1.3025856915 0.5770756145 
359640.0000000000 -1132915.7952535572 6092530.5843750481 1504634.3833734740 0.0293014816 11.1654816136 0.0000000000 -0.2338442508 0.2443183951 0.0000000000 -0.1006486239 0.1852377192 -0.3725865803 0.5956499377 -0.0000000000 0.0000000000 1.2011536503 -1.2029266771 -0.1087140343 -0.4648359930 0.2251990697 
359670.0000000000 -1132916.2527337361 6092531.7722032135 1504634.6326155637 0.3311614561 11.1654816136 0.0000000000 -0.7019905806 0.6733429348 0.0000000000 -0.1256189845 1.9125999982 -0.5680751659 -0.4484539215 -0.0000000000 0.0000000000 0.6290101481 -1.5067866053 -0.0393944420 -0.0224071483 0.1078733731 
359700.0000000000 -1132914.4406908029 6092529.4795645606 1504633.8079995653 0.0033733246 11.1654816136 0.0000000000 -1.0129130016 -0.2694608863 0.0000000000 0.0896383483 0.8690013040 0.7579411695 1.3185419235 -0.0000000000 0.0000000000 -0.0530056757 -1.2398035149 -1.1951066923 -0.3685578866 0.9967069180 
359730.0000000000 -1132914.6042269932 6092528.6688360758 1504632.9404375458 0.0023431865 11.1654816136 0.0000000000 1.2125919877 0.1559529424 0.0000000000 0.4904413561 -1.3128743408 -0.2462400595 0.7139044943 -0.0000000000 0.0000000000 1.6374122097 -1.7083776078 -0.0293259579 -1.6535905217 0.8876823460 
359760.0000000000 -1132914.0331701173 6092527.5841920460 1504632.9511342891 0.1742223540 11.1654816136 0.0000000000 0.2648262823 0.1647348852 0.0000000000 0.6969841629 0.4760177747 -0.8073456681 0.0789878809 0.0000000000 0.0000000000 1.2136389393 -1.6417387668 -0.4161740770 -0.4496882305 0.4393964884 
359790.0000000000 -1132914.2373965362 6092527.5470259963 1504633.0135409890 0.2318900164 11.1654816136 0.0000000000 -0.0341978727 0.7341002040 0.0000000000 0.0685685676 -0.3995811041 0.1382882723 -0.1138338476 -0.0000000000 0.0000000000 0.5541937843 -0.2200352684 -0.6092485975 -0.6056262050 0.4837092449 
359820.0000000000 -1132914.8707058718 6092529.3171988335 1504633.6097222934 0.0583874864 11.3140434823 0.0000000000 0.1783488772 -0.6679579665 0.0000000000 -0.1333026704 0.1368231585 -1.8328726441 -0.2583108893 0.0000000000 0.0000000000 1.8015773007 -0.0646318344 -0.1408871666 0.6819216188 0.2821411208 
359850.0000000000 -1132914.6216084808 6092528.3779102825 1504633.7073866981 0.0083665617 11.3140434823 0.0000000000 -0.6872900945 -0.4032761724 0.0000000000 -0.5363682541 1.6206793568 0.4136980296 0.5518360402 0.0000000000 0.0000000000 -0.1229160688 -1.3859753989 -0.2057334646 -0.3437715197 1.0253562290 
359880.0000000000 -1132913.8909465291 6092527.9940052703 1504632.3953335106 0.0106818541 11.3140434823 0.0000000000 0.6838362799 -0.9479662549 0.0000000000 0.3677385637 1.6644479811 -1.5503170677 -1.5967375311 -0.0000000000 0.0000000000 0.0540439606 -0.2344057744 0.1640938624 0.7986496577 0.6573022414 
359910.0000000000 -1132915.8323530876 6092528.4552541375 1504633.5283721990 0.0969118537 11.3140434823 0.0000000000 -1.1147832839 0.2314708201 0.0000000000 -0.1151789985 1.0940274412 -0.7271937145 0.5401384895 -0.0000000000 0.0000000000 1.5569455984 -1.2537610010 -1.0419533355 0.1958178973 0.4679539332 
359940.0000000000 -1132915.4492870865 6092531.3097767979 1504634.6727150911 0.0292611976 11.3140434823 0.0000000000 -0.2470051524 1.5640805961 0.0000000000 -0.6371567838 -0.2613067137 1.4765391676 0.2732890560 0.0000000000 0.0000000000 0.1253258995 -1.1124788702 -0.1874327736 -1.8764824863 0.8855380385 
359970.0000000000 -1132915.1801832623 6092531.4406698188 1504633.2069963124 0.1663371628 11.3140434823 0.0000000000 1.2909214578 -0.1015861729 0.0000000000 -0.0981185330 1.0186891239 -1.2740022799 -1.5167579064 -0.0000000000 0.0000000000 1.1194726087 -1.4177953596 0.4570214171 -0.7788885674 1.4540990334 
360000.0000000000 -1132915.0208566370 6092530.5807278734 1504633.9180660704 0.0077806954 11.3140434823 0.0000000000 0.8860737417 -0.1874481864 0.0000000000 0.5398772524 -0.0876361628 0.6352075105 -0.2027669384 -0.0000000000 0.0000000000 -0.9389983137 -0.4702837514 -0.0016663847 -0.8677298162 0.8379820940 
