time x y z T0 thrd C21 C24 C25 C26 C33 C34 C38 C39 C40 C42 C43 C59 C60 C23 C41 
345600.0000000000 -1132915.3874816927 6092527.4883646294 1504632.6037616283 0.0867324205 21.6659943335 0.8973334770 0.4238416806 0.8691545605 1.4598055425 -1.3402671001 -0.0861497787 -0.4130933692 0.0048600661 0.0161424517 0.5707753937 0.2759597164 -2.0784660130 -0.5866244538 0.0000000000 0.0000000000 
345630.0000000000 -1132915.7223577662 6092528.8492198950 1504633.7539151472 0.0134641567 21.6659943335 0.7739011086 0.0843162601 0.3694586339 0.9017050885 -0.8104856441 0.2200536259 -0.0216066008 -0.3529310841 -0.3345549205 0.6593087813 0.2891296869 -1.5080151981 -0.2311800403 0.0000000000 0.0000000000 
345660.0000000000 -1132916.3358882687 6092529.5403966736 1504632.9281868148 0.1991413738 21.6659943335 0.5618653674 0.2396631914 -0.7844951650 0.2225782888 -1.1676984270 0.5717678628 0.5143147737 0.2218683531 -0.9846252876 0.8158430169 1.9185330443 -0.9001300799 -0.8892934267 0.0000000000 0.0000000000 
345690.0000000000 -1132914.3423279270 6092528.1083581708 1504632.8972093044 0.0158186536 20.0902350297 0.3234343894 1.0182962745 -1.1745979947 1.5346907712 -0.7086128244 0.0000000000 -0.1221240717 -0.1860349857 1.3835676622 -0.2179981144 0.5270300878 -2.4074586947 0.2506461381 0.0000000000 0.0000000000 
345720.0000000000 -1132914.0822604373 6092526.7484982461 1504634.4424554461 0.1617380984 21.6659943335 0.1375505217 0.7117699020 -0.2316146450 1.2357468659 -1.3867069959 3.0326292335 -0.5681323742 0.9542799005 -1.0216560398 0.6672100104 -0.5833678343 -1.9316753673 -0.8018063504 0.0000000000 0.0000000000 
345750.0000000000 -1132914.4285803351 6092528.5201572385 1504632.7488381930 0.0329732362 21.6659943335 -0.5165137242 0.9687088249 0.5321551678 1.0324506329 0.7618518387 2.2708956406 0.0151935459 -0.5577614463 0.1867543430 -0.2458368669 -2.8601267757 -1.4130099118 -0.3621140982 0.0000000000 0.0000000000 
345780.0000000000 -1132914.6337890157 6092528.6325691110 1504632.7204769508 0.0355861023 20.0902350297 0.6997519027 0.7226398937 0.8833820058 0.0195772696 -0.0564300382 -1.8452559488 -0.2479412454 0.3127896244 2.0754980904 0.0000000000 -0.5039379663 -1.8693842898 -0.3747218206 0.0000000000 0.0000000000 
345810.0000000000 -1132914.1322259919 6092527.9466810776 1504633.5949171614 0.5285687021 21.6659943335 -0.7474794112 0.5426929167 1.8941879769 1.1531676504 -0.3827535493 0.1594222370 0.1314569828 0.3986309988 0.7907128168 0.1061400114 -1.6181320071 -1.2118444330 -1.4505208313 0.0000000000 0.0000000000 
345840.0000000000 -1132914.5918388518 6092529.1444783742 1504632.9321908951 0.2337178862 21.6659943335 -0.5568276586 1.0270818797 -0.6756867268 0.2326282251 -0.3940360663 2.1348372500 0.1419794988 1.1982375995 0.6691324788 0.3810506290 -1.0287190488 -1.9826003664 -0.9647727088 0.0000000000 0.0000000000 
345870.0000000000 -1132915.1368345472 6092530.8451573253 1504632.4709535541 0.0369519796 21.6659943335 1.0172562696 0.7526680319 -0.3497621486 -0.4443625238 0.5935137477 0.8128019180 0.8239232780 0.5205792396 0.9337710877 -0.1658778012 -1.3065744237 -2.8379297401 -0.3837118151 0.0000000000 0.0000000000 
345900.0000000000 -1132915.0371851260 6092528.8812351543 1504633.4901372623 0.0673036621 21.6659943335 -0.2718039400 0.6126376253 -0.3997499360 0.6705294095 -0.8172100573 0.5338165439 -0.0871732469 0.6136129648 0.6335490971 0.3258830518 0.2022256379 -1.3259297110 -0.5179810429 0.0000000000 0.0000000000 
345930.0000000000 -1132915.1587550349 6092529.1205395367 1504633.3946824416 0.1871414774 21.6659943335 -0.2640898075 0.7671044038 -0.1094952268 0.1904132825 -0.2633401267 1.6877256027 0.0844136213 0.8878395780 0.1223478150 0.1188824315 -0.9658758471 -1.3140931279 -0.8639513451 0.0000000000 0.0000000000 
345960.0000000000 -1132914.3879401600 6092528.2856034124 1504633.2949303123 0.0204073590 21.6659943335 0.5143096824 0.8497617737 0.5264028464 0.5484574470 -0.1227869024 -0.8220851458 -0.3049260669 -0.5386257663 1.2100371724 0.3654450489 -0.4057757383 -1.6408767134 -0.2853695443 0.0000000000 0.0000000000 
345990.0000000000 -1132914.3999064881 6092527.8941993294 1504633.0117195421 0.0777373609 20.0902350297 1.3564125052 0.3393686744 0.3293132202 0.3068752786 -0.1459518126 0.0000000000 0.7349112616 -0.1665471820 -0.4922987176 -0.1650362273 0.1689685636 -1.7096800634 -0.5570756950 0.0000000000 0.0000000000 
346020.0000000000 -1132914.7230919253 6092528.7688399265 1504632.7761240960 0.0096727732 20.0902350297 0.5619071110 0.7050492375 -0.1169210284 -0.0091874055 0.6208381783 1.7061045905 0.3520878981 -0.0736433295 0.1333413140 0.0000000000 -1.7793728783 -1.9796923481 -0.1956290709 0.0000000000 0.0000000000 
346050.0000000000 -1132914.9432129520 6092529.7316031372 1504633.0205151692 0.0620887725 21.6659943335 -0.0657443275 0.6808825853 0.1780484135 0.9096511856 -0.0680168920 1.3829950183 0.3956312416 -0.0054446761 0.5927662809 0.2096295761 -1.4830697141 -2.2677088976 -0.4981521956 0.0000000000 0.0000000000 
346080.0000000000 -1132914.6055917726 6092527.2688855426 1504631.8563674460 0.1551632486 21.6659943335 1.2322703178 0.9262990559 0.2432789981 0.3380122455 -0.7695511680 0.1167426331 -0.0341690702 0.4894879423 0.5560116071 0.5670078429 -0.0439703617 -2.7762065604 -0.7877097984 0.0000000000 0.0000000000 
346110.0000000000 -1132915.0700708982 6092528.0901961187 1504632.7764898879 0.1965226975 21.6659943335 -0.4398915910 0.8392408466 -0.0528544389 0.4634716256 -0.3031998967 -0.5119828625 0.4148725700 -0.0951384200 1.5160568074 0.6542382636 0.0897801410 -1.6186088413 -0.8867395910 0.0000000000 0.0000000000 
346140.0000000000 -1132914.7609640970 6092528.1059935316 1504632.7772100612 0.0323540761 21.6659943335 1.4240401230 0.5875357640 0.7531663894 0.2622974756 0.1048830359 1.4922477381 -0.0915519433 -0.4717068153 -0.8314323157 0.4759276660 -1.4392276264 -2.0380580590 -0.3598894421 0.0000000000 0.0000000000 
346170.0000000000 -1132915.9478526569 6092528.1039265562 1504632.8592065391 0.1308827479 21.6659943335 0.2030983314 0.2968869348 -0.5342256326 0.1010627058 -0.0395205338 3.3085439483 0.8578320841 0.4226033107 -1.8305389764 0.1860816539 -0.8698593840 -1.1587019561 -0.7240499901 0.0000000000 0.0000000000 
346200.0000000000 -1132914.9172080550 6092529.2752082143 1504632.9412187105 0.0503006939 21.6659943335 1.3675800985 0.1815196248 -0.1170643085 -0.3631222430 0.0354794066 1.3899879341 0.6684821826 0.2984870153 -1.0504082141 0.2512867263 -0.3728811599 -1.7646794431 -0.4489877649 0.0000000000 0.0000000000 
346230.0000000000 -1132915.6673890075 6092530.3711192217 1504632.5908281582 0.0514999648 21.6659943335 1.3853377934 1.0984816440 -0.7172891225 0.0183439205 -0.3791142732 0.7193138272 -0.0434602951 -0.5635115440 -0.9884731651 0.5634235576 0.9917075100 -1.3493477689 -0.4544363779 0.0000000000 0.0000000000 
346260.0000000000 -1132916.3180000826 6092527.5506158499 1504632.1146823862 0.8040190250 18.4753069066 0.0000000000 0.7582740772 0.7881766447 1.2668071366 -1.5222217847 0.0000000000 0.5515131123 0.7425509575 -0.1009418248 0.2160349656 0.8157566579 -1.5772311416 -1.7711926812 0.0000000000 0.0000000000 
346290.0000000000 -1132916.6584782719 6092530.2891868800 1504632.7877429081 0.1141950027 21.6659943335 0.0593067751 1.5929444129 -1.4893886119 0.9002242470 -1.0851250346 1.7411081172 -0.1635146142 -0.2073493486 -1.1461498863 0.2912829618 1.5033138471 -0.7546352677 -0.6770831919 0.0000000000 0.0000000000 
346320.0000000000 -1132914.9020257234 6092527.6435135147 1504632.5571841444 0.1836833406 21.6659943335 0.6309269035 1.6327174874 -0.4990474544 0.1888562724 -0.1635276847 0.7591801850 -0.0264894880 -0.2423723231 -0.1078372360 0.0354639106 0.2047828546 -1.3659940243 -0.8589724560 0.0000000000 0.0000000000 
346350.0000000000 -1132915.2056604463 6092526.6961127389 1504633.2068693233 1.8914643661 21.6659943335 0.3588582693 1.9555848304 0.5526231995 0.7835734069 -1.4479873289 0.5336005776 0.4527302532 0.5546926028 -1.0501290218 0.1309212386 1.4392581045 -1.1545200951 -2.7572132260 0.0000000000 0.0000000000 
346380.0000000000 -1132914.8774447052 6092525.2423562566 1504632.0763804254 0.4599502742 18.4753069066 0.0000000000 1.6625649152 1.4743750752 0.6161964941 -0.1275363004 0.0000000000 -0.5992836767 0.2480081035 1.3463952689 -0.3136440448 -1.7484465393 -1.5252344367 -1.3417943629 0.0000000000 0.0000000000 
346410.0000000000 -1132915.1198563534 6092528.5492382767 1504632.5977076299 0.4621917320 21.6659943335 0.7951195067 2.0719738282 -0.3054534638 0.6659553283 -0.6017692926 -0.0438674367 0.0771699582 -0.6194519523 -0.3264903304 -0.0740895858 1.2468899712 -1.2416356220 -1.3637636694 0.0000000000 0.0000000000 
346440.0000000000 -1132915.5074790383 6092526.7373949084 1504631.9262949533 0.2850960747 21.6659943335 0.7811466384 2.1060542273 -0.1714085062 0.1759523604 0.3312646777 1.7193875727 -0.1657276097 -0.8932952270 -0.9264838602 -0.1230453657 -0.5954201793 -1.0512122274 -1.0714045782 0.0000000000 0.0000000000 
346470.0000000000 -1132915.4961965284 6092525.8030031547 1504632.4618645248 0.4691088087 20.0902350297 0.8278790021 1.9946583070 -1.0068668034 1.3735014333 -1.9381125041 -0.9674243422 0.0000000000 -0.8404634164 -0.7261423977 0.7085874306 3.7506349560 -1.1708683927 -1.3133756078 0.0000000000 0.0000000000 
346500.0000000000 -1132915.6888600511 6092527.8530131634 1504632.7481584176 0.2000168332 21.6659943335 1.2064044133 2.0764061880 0.1672810569 -0.2101456607 0.0512081266 0.2379869294 -1.0586252245 -1.0213329159 -0.5902015552 0.3232623483 0.2533502831 -0.4599078769 -0.8979543909 0.0000000000 0.0000000000 
346530.0000000000 -1132914.9269092763 6092526.1311449818 1504632.5008436935 1.6811039691 21.6659943335 -0.2684543765 2.7516014624 0.1393053106 0.0127394437 -0.3923465674 1.0621990291 -0.2586126701 -0.5588575602 -0.7992351884 0.5577854616 0.7499363435 -0.0533426920 -2.6040650033 0.0000000000 0.0000000000 
346560.0000000000 -1132915.8801846178 6092527.7981962916 1504632.5843182844 0.9914875386 21.6659943335 0.9893941310 3.3657884322 -0.3019204485 0.3480327147 -0.9037661510 -0.1368121294 -0.6602326733 -0.1269893610 0.5313246329 0.0917539016 1.1413390952 -2.0151346006 -2.0004712085 0.0000000000 0.0000000000 
346590.0000000000 -1132915.7310693355 6092525.8359134058 1504632.4994607540 0.6937918157 21.6659943335 -0.4806512610 3.3109409122 -0.8409147173 -0.5853570001 0.1026226310 0.5136958336 -1.0466393144 -0.0405244830 0.7120867210 -0.4070426119 0.4413458884 0.2777624182 -1.6739352603 0.0000000000 0.0000000000 
346620.0000000000 -1132915.7224647312 6092526.6279640794 1504633.1634507827 1.1729452512 21.6659943335 -0.4762601911 4.1338337296 -1.5931892856 0.5392042273 -1.1293783707 2.7994936945 -0.7194518648 0.3585190127 -0.1378300144 0.1563395255 0.6346100304 -1.6850704344 -2.1772027832 0.0000000000 0.0000000000 
346650.0000000000 -1132915.5396900086 6092525.6666723881 1504632.3251339043 1.2367872852 21.6659943335 1.3931023174 3.5288929489 0.3788681563 0.3450205241 -0.5762395797 0.3615152693 -0.7320070262 -0.5234279372 -0.7417422790 -0.5730884569 0.7129343503 -1.1195556364 -2.2363745223 0.0000000000 0.0000000000 
346680.0000000000 -1132915.4311655923 6092527.3163423510 1504632.4801275684 0.8322709468 21.6659943335 1.8775693004 4.3706258746 -1.6285434591 -0.1583487917 -0.5161046660 0.4317564972 -0.7375933198 -1.0847859402 -1.0839994916 -0.2593285914 2.5470549124 -1.2197494868 -1.8351320515 0.0000000000 0.0000000000 
346710.0000000000 -1132915.4612256200 6092527.6869693631 1504632.6837425136 1.7069906210 21.6659943335 0.9377984386 4.7731498220 -0.4784571376 1.2875217900 -1.9348612315 0.3085518520 -1.1222665112 -0.4431756624 -0.1026457785 0.0372235689 2.1267556040 -2.1291405391 -2.6289930258 0.0000000000 0.0000000000 
346740.0000000000 -1132915.7607962913 6092525.5971442712 1504632.2718002426 1.4159511734 21.6659943335 0.7485796841 4.4500827947 0.5333298829 0.7964769191 0.0809567332 3.0258750333 -0.8690399948 -1.1876746602 -0.9480173430 -0.6271393284 -1.7498455471 -1.7745243380 -2.3951781061 0.0000000000 0.0000000000 
346770.0000000000 -1132914.9564753545 6092523.6446336349 1504631.9085228089 1.6810021084 20.0902350297 1.8777204953 3.9604644903 0.8925146804 1.4772247289 -1.8508828786 0.0000000000 -0.7323875644 -0.1670413644 -0.5860773564 -0.5596739315 1.1584489357 -2.5773673467 -2.6105452733 0.0000000000 0.0000000000 
346800.0000000000 -1132914.3521386129 6092525.1062173117 1504632.2079311449 0.9668090703 21.6659943335 0.5679212906 4.7513317323 0.0636326104 0.9420451653 0.0437096700 2.3896948299 -1.0672391893 -1.2763898426 -0.1509214160 -0.9694843026 -1.4434364103 -1.7696493010 -1.9804603732 0.0000000000 0.0000000000 
346830.0000000000 -1132915.5690387280 6092526.5908457320 1504631.5154916923 0.7137776903 21.6659943335 1.0952147745 4.5912064626 -0.4929059038 -0.2860744367 1.1427545085 1.1504383554 -0.7674011024 -1.6138844307 0.8927357136 -0.7353087136 -1.2538763853 -2.0260877677 -1.7022357899 0.0000000000 0.0000000000 
346860.0000000000 -1132915.5567138717 6092526.0200223969 1504632.2675759566 0.9238613531 21.6659943335 0.9457219153 4.9788405991 -1.1405068548 0.8733011961 -0.4020448204 0.1298406094 -0.5770364455 -1.7663096297 0.1402342598 -0.7737173495 1.5909378905 -1.5543516142 -1.9372458032 0.0000000000 0.0000000000 
346890.0000000000 -1132915.7093170714 6092526.9664080087 1504631.7470549773 1.3814268281 21.6659943335 -0.1072269638 5.3371522614 -0.7104118516 0.9379498016 -0.5106986734 1.7020305996 -0.8985543966 -0.8939154125 0.4630794749 -1.0220070208 -0.0326300309 -1.5012565863 -2.3696774042 0.0000000000 0.0000000000 
346920.0000000000 -1132915.7113700197 6092525.5512906779 1504631.9547994540 1.0076445678 21.6659943335 1.4090818124 5.7505891319 -1.8268607240 0.4489070898 -0.5350193961 1.1260881438 -1.0584209443 -1.9448638277 -1.3536501086 -0.7598928875 2.4348241928 -0.8149436001 -2.0245270114 0.0000000000 0.0000000000 
346950.0000000000 -1132914.8368173828 6092525.7321555754 1504631.8864407730 1.4370529208 21.6659943335 1.0836479509 5.7897434270 -0.9867173368 0.5713193974 -0.6880613945 0.4158160790 -0.9552476505 -0.9145690502 0.3542512701 -1.2837007321 1.2986300404 -1.7573311855 -2.4185315320 0.0000000000 0.0000000000 
346980.0000000000 -1132914.6751207160 6092524.2479063636 1504631.6329830349 1.6080042635 21.6659943335 0.0450768174 5.9894768111 -0.6554975548 0.7302932463 -0.1787811783 3.0897473831 -1.0732649647 -1.0539607104 -0.2067835385 -1.3004837787 -0.9508316966 -1.4945476723 -2.5592045824 0.0000000000 0.0000000000 
347010.0000000000 -1132914.8986061171 6092524.1729333913 1504630.5198007554 2.1233039426 18.4753069066 0.0000000000 5.7006196695 -0.6122275696 0.7674128264 -0.2117865778 0.0000000000 -0.4784572214 -1.8181958080 1.1217666784 -0.7228738281 1.0087528063 -1.4477953554 -2.9082043797 0.0000000000 0.0000000000 
347040.0000000000 -1132915.1228960983 6092524.6934373714 1504632.1441698226 1.6026231358 21.6659943335 0.9290291520 6.8734668792 -0.7983371456 0.9043516472 -0.6197406503 1.0912609674 -1.6014241081 -1.6993994777 0.7577478204 -0.9652362828 0.4294438849 -2.3017370608 -2.5566508151 0.0000000000 0.0000000000 
347070.0000000000 -1132915.8536511003 6092524.8628837392 1504631.6633656544 1.9800776002 20.0902350297 1.6152851067 6.6879592560 -0.7251786083 0.9585165200 -0.7956591852 3.1977646543 -0.9935856642 -1.3843413701 -1.3624329320 -1.0269843139 0.0000000000 -2.7290512371 -2.8254367125 0.0000000000 0.0000000000 
347100.0000000000 -1132914.8712256509 6092524.1648705006 1504631.6230228893 2.2747083007 20.0902350297 0.8535513631 6.6451575475 -0.8241897120 -0.1293345226 0.2837711685 1.5498078026 -0.9641249579 -1.4641670277 0.4135657549 -1.1963776774 0.0000000000 -1.7431019398 -3.0294906383 0.0000000000 0.0000000000 
347130.0000000000 -1132915.1622403683 6092522.8530913703 1504631.9969377599 1.9717728263 20.0902350297 1.3989132991 6.9383660137 -0.2383694165 0.4949288742 -0.3097554541 1.9063963095 -1.7238915630 -1.8056946517 -0.6592168699 -1.4150408347 0.0000000000 -1.3667283057 -2.8216118818 0.0000000000 0.0000000000 
347160.0000000000 -1132916.5229938116 6092525.3450348414 1504631.6313564717 2.3125138420 20.0902350297 0.8467511613 7.1491448799 -0.6616981081 0.4754439285 -0.5165884380 2.7220083381 -1.5209528313 -1.4990636612 -0.6365652772 -1.0931017375 0.0000000000 -1.6356346097 -3.0568432844 0.0000000000 0.0000000000 
347190.0000000000 -1132915.0814530512 6092523.7882098677 1504632.3257791817 1.5817767906 20.0902350297 0.5480786062 7.7669047210 -1.4177550646 0.7884254928 -0.6315161092 1.3949148310 -1.5079352900 -1.2207671595 1.8299654573 -1.5686275989 0.0000000000 -2.9909540266 -2.5290987058 0.0000000000 0.0000000000 
347220.0000000000 -1132915.1146077751 6092522.8807217823 1504631.6844545859 2.1655600627 20.0902350297 1.9432459873 7.7324133566 -1.0612416068 -0.4850094478 0.1443209299 1.6166338767 -1.5273504705 -1.2252421930 0.4151941018 -1.7047163648 0.0000000000 -2.4636364979 -2.9603310365 0.0000000000 0.0000000000 
347250.0000000000 -1132914.9841539953 6092525.3369628126 1504632.2027674702 2.6461397845 20.0902350297 0.8959976337 8.4461851024 -0.9560834374 0.1470371913 -0.1107331356 1.8338199185 -1.7139827719 -1.6789221906 0.5972750216 -2.0184615060 0.0000000000 -1.6898531995 -3.2735842987 0.0000000000 0.0000000000 
347280.0000000000 -1132915.5171834773 6092523.5926951226 1504631.8442401097 2.1781913933 20.0902350297 1.1054312736 8.0741283496 -1.8171663641 -1.0991214500 0.2882971187 2.5330012496 -1.8216175786 -0.8968619444 0.5489214696 -1.4348231021 0.0000000000 -1.8815071973 -2.9711662886 0.0000000000 0.0000000000 
347310.0000000000 -1132914.9034146934 6092525.2880773135 1504631.7744725912 1.8333023336 20.0902350297 1.6698513081 8.3084792020 -1.6392628396 -0.6098140562 0.1998970993 1.8050003731 -1.9328612104 -1.5862093321 1.0873942051 -1.1828498125 0.0000000000 -2.8775284779 -2.7268273379 0.0000000000 0.0000000000 
347340.0000000000 -1132915.6614794296 6092523.8681063214 1504631.1270739352 2.8975541728 20.0902350297 1.5717462455 8.6584052970 -1.1232992973 0.1284301064 -0.8374731015 3.1389172601 -1.6432907280 -1.0703693700 -0.2764510174 -1.3708592762 0.0000000000 -3.0303954412 -3.4293981498 0.0000000000 0.0000000000 
347370.0000000000 -1132916.3864651665 6092529.3188869571 1504633.2204990652 2.2425311401 15.0862724694 0.4335107949 0.0000000000 -0.5661439419 0.0000000000 0.0000000000 1.0661456801 0.5257911127 -0.2498281660 -0.4303755114 1.1613994390 0.0000000000 -1.6351872686 -0.0893823468 0.0000000000 0.0000000000 
347400.0000000000 -1132915.3775590004 6092529.6563051883 1504632.6805746392 2.8087256361 18.4753069066 0.1921380883 0.0000000000 -0.7289262041 -0.4839011776 0.2634887723 0.2780727523 0.6302841942 0.1098706356 0.8777091621 1.4168558168 0.0000000000 -2.1184580184 -0.3122404714 0.0000000000 0.0000000000 
347430.0000000000 -1132915.3974859400 6092529.7948353169 1504631.6975643605 2.3776482334 18.4753069066 -0.5630247437 0.0000000000 -1.0385025821 0.0342051465 0.3130037206 1.0712554736 1.0674870789 -0.0716098485 -0.0261525343 0.2806740976 0.0000000000 -0.7807924071 -0.0502917378 0.0000000000 0.0000000000 
347460.0000000000 -1132914.3160931717 6092530.5646859370 1504632.9201863923 2.0643711111 18.4753069066 0.6825705000 0.0000000000 -0.2630405280 -0.2684024499 -0.1048285174 0.1621685244 -0.0446582032 0.3909927855 -0.0171185545 0.2635799308 0.0000000000 -0.9281535372 0.1678930137 0.0000000000 0.0000000000 
347490.0000000000 -1132915.7508218943 6092530.1052040970 1504633.8599399521 3.6969374800 18.4753069066 -0.1141078831 0.0000000000 0.6432930450 1.0582343495 -1.3032504081 0.4713269875 0.4041093745 0.2838098556 0.0870461663 1.3562877041 0.0000000000 -2.0263635186 -0.7472230354 0.0000000000 0.0000000000 
347520.0000000000 -1132915.0474922194 6092527.2087091934 1504632.5011477524 2.5119642104 18.4753069066 -1.0554879039 0.0000000000 0.3605150062 1.7458291234 -1.8705075674 0.9481465461 0.2350474154 0.4848043930 0.0666579503 0.8604173249 0.0000000000 -1.3377962524 -0.2274644505 0.0000000000 0.0000000000 
347550.0000000000 -1132915.0405269393 6092530.4276027009 1504633.2037211303 2.6059595446 18.4753069066 0.7326139682 0.0000000000 -0.8153571249 -0.2500619176 -0.1197045958 0.5574761829 0.6324113069 0.5815896683 0.3213513304 0.8217556010 0.0000000000 -2.3551951209 0.0489351281 0.0000000000 0.0000000000 
347580.0000000000 -1132915.1071202552 6092530.3626672858 1504632.7100654286 2.5304367633 18.4753069066 0.8599659889 0.0000000000 0.4934657759 1.3185761283 -1.3295769132 -0.0932106468 0.3392859597 0.2672960654 -0.0881512270 0.3099509008 0.0000000000 -2.1962675765 0.1071545314 0.0000000000 0.0000000000 
347610.0000000000 -1132914.2381656808 6092528.5983130373 1504632.9031410995 2.3406709889 18.4753069066 -0.0005944569 0.0000000000 0.0312568050 1.0884531940 -1.0798638352 -0.5723223679 0.1484215370 0.3059076252 1.2437164861 0.5734563705 0.0000000000 -2.0807146342 0.2945952963 0.0000000000 0.0000000000 
347640.0000000000 -1132915.6297423563 6092530.9200689774 1504632.8429519986 2.3667328838 18.4753069066 0.4499162059 0.0000000000 -0.6066189338 -0.3177569596 0.3688736369 -0.0738540604 -0.0401355782 -0.2759261781 0.5553017830 0.7894592284 0.0000000000 -1.1653240499 0.3406367697 0.0000000000 0.0000000000 
347670.0000000000 -1132915.7458943832 6092531.7764415704 1504633.2259856835 2.4720272807 18.4753069066 1.6765578196 0.0000000000 -0.8097411097 -0.6239387687 0.4427493210 0.4326082972 0.3521222950 -0.0058103094 -0.2901725796 0.8542537256 0.0000000000 -2.2421695505 0.3163736012 0.0000000000 0.0000000000 
347700.0000000000 -1132915.4665341121 6092531.1376685025 1504632.9937671337 2.2330027211 18.4753069066 -0.0162505939 0.0000000000 -0.4820880899 0.1153973891 -0.3214449604 0.6631475449 -0.0547566055 0.1798892522 0.0123201346 0.6789190276 0.0000000000 -0.8969830945 0.2763319258 0.0000000000 0.0000000000 
347730.0000000000 -1132914.0972511703 6092529.6375524756 1504633.2566476290 2.1610168925 18.4753069066 -0.1365321370 0.0000000000 -0.0927972916 0.6855083098 -1.3269270731 -0.4223139446 -0.7493510117 0.7841636498 1.4241452286 0.9010779388 0.0000000000 -1.7028878488 0.6242096314 0.0000000000 0.0000000000 
347760.0000000000 -1132915.5546142969 6092531.0881673843 1504633.4685293031 3.0393008039 18.4753069066 0.0355768839 0.0000000000 -0.5101785999 -0.0390259377 -0.5025700808 0.0295673342 -0.3134319634 0.3943960851 1.3863336351 1.8764783220 0.0000000000 -2.3892333458 0.1234219635 0.0000000000 0.0000000000 
347790.0000000000 -1132915.1648151784 6092529.2792986482 1504632.9351326756 4.4086201165 18.4753069066 1.4046094702 0.0000000000 1.0525108995 0.3056437637 -0.3759901927 -1.6366747685 0.4269136691 0.1706648108 0.7409931863 0.1704802321 0.0000000000 -1.9228170503 -0.6508557699 0.0000000000 0.0000000000 
347820.0000000000 -1132915.1332353731 6092528.7774681672 1504633.0547454413 3.9073437399 18.4753069066 1.5619458083 0.0000000000 -0.1023467898 -0.2769841761 0.2976456386 -0.1351930110 0.6427888175 -0.1199981748 -0.1590936502 0.7348670953 0.0000000000 -2.1847884909 -0.2765023700 0.0000000000 0.0000000000 
347850.0000000000 -1132916.2257437001 6092530.2859604014 1504633.3833557540 3.8924195286 18.4753069066 -0.6598700353 0.0000000000 -0.3587443422 0.2551103282 0.3841691452 1.0714947873 0.4553642194 -1.1594416073 -0.2256569705 1.7100384657 0.0000000000 -0.8126755210 -0.4237190065 0.0000000000 0.0000000000 
347880.0000000000 -1132915.2941526279 6092527.9957874604 1504632.8840506379 4.4765843872 18.4753069066 0.5202442859 0.0000000000 0.6265437009 -0.2009725945 0.1216398904 -1.2860169368 -0.0589640534 -0.1306069200 1.1882986198 0.8909109229 0.0000000000 -1.2459919879 -0.6503980294 0.0000000000 0.0000000000 
347910.0000000000 -1132916.3310344454 6092530.5565062668 1504633.5796264058 6.3483916188 18.4753069066 -0.2655293258 0.0000000000 0.2681572204 0.2760800048 0.2776391783 0.2733226940 0.8379634427 -0.9461454741 0.2785400181 1.8662729646 0.0000000000 -1.6426490293 -1.1390613946 0.0000000000 0.0000000000 
347940.0000000000 -1132916.2993992236 6092531.3141604969 1504632.7514971734 3.6717196577 18.4753069066 0.1503793785 0.0000000000 -0.0152356304 0.3735983540 0.4835694194 0.7766634873 0.0439929721 -1.6935699994 -0.8144912847 1.5536893426 0.0000000000 -0.5997366121 -0.1097619440 0.0000000000 0.0000000000 
347970.0000000000 -1132915.9007998165 6092532.0074896021 1504632.4530006039 4.6536261323 18.4753069066 -1.1806001613 0.0000000000 -1.1880337663 0.1690038988 0.8027374303 0.3314683924 1.6506920965 -0.5512878733 1.3003317104 0.7724099328 0.0000000000 -1.5487079277 -0.4167556068 0.0000000000 0.0000000000 
348000.0000000000 -1132916.0061815560 6092530.5226890882 1504632.4878535089 0.0164589975 20.0902350297 0.9606053681 0.4475439696 -0.1697423625 1.0007992994 -0.1936571262 0.3424074910 0.5420729669 -1.1844489789 -0.6304895792 0.4991032147 0.0000000000 -1.7963240730 0.2605282981 0.0000000000 0.0000000000 
348030.0000000000 -1132915.0811641277 6092530.9294731561 1504632.5056497175 0.0062399975 20.0902350297 -0.1360002768 0.4841088311 -0.1550110928 0.9713845946 0.0697268249 -0.9787401538 0.6464915340 -1.2284962474 1.6322664847 0.8569444224 0.0000000000 -2.1275728619 -0.1604720592 0.0000000000 0.0000000000 
348060.0000000000 -1132914.7163160332 6092529.0811922178 1504632.9140148968 0.0359691247 20.0902350297 0.1871689811 0.1487046086 0.0192186522 1.6415281179 -0.5837057381 -0.5239510461 0.4929232981 -1.3237422273 0.7516558001 1.1081466482 0.0000000000 -2.3571323095 0.3854093374 0.0000000000 0.0000000000 
348090.0000000000 -1132915.4991878336 6092531.0447181500 1504633.4598751229 0.0048309404 20.0902350297 -0.5672686903 0.4093687808 -0.7410689461 0.6346482320 -1.0593650106 0.4762319300 0.3595950408 0.7747240484 1.1929111842 0.8112896950 0.0000000000 -2.2546373333 0.1412974842 0.0000000000 0.0000000000 
348120.0000000000 -1132914.8931982608 6092529.8310245872 1504633.6143756774 0.0046519102 20.0902350297 0.0945588891 0.6580304105 -0.0542345275 0.9003474555 -0.8127891686 1.3368996122 0.1123266607 -0.5853829719 -0.9077517445 1.0064191276 0.0000000000 -1.3227193565 -0.1386927823 0.0000000000 0.0000000000 
348150.0000000000 -1132916.2526819452 6092529.7459003860 1504632.8050027268 0.2143284590 20.0902350297 0.0366525977 0.7741686263 0.2554202894 0.1290494272 -0.3672863741 -0.0104550183 0.0176424632 -0.1436045659 0.8073422332 1.2392557511 0.0000000000 -1.7503163399 -0.9417624110 0.0000000000 0.0000000000 
348180.0000000000 -1132914.1714631158 6092529.1433863519 1504632.1524649211 0.0059727369 20.0902350297 1.6420377611 0.1452085259 0.7245586032 0.3132759150 -0.4958484417 -2.1977665652 -0.0368512009 0.3804267842 1.0941260296 -0.7151174816 0.0000000000 -1.4454912242 0.1572649420 0.0000000000 0.0000000000 
348210.0000000000 -1132915.3528777217 6092529.6693390813 1504633.2345855664 0.0006168547 20.0902350297 0.7263490558 0.5335821724 -0.1779234931 -0.6396318472 0.3976970820 -0.7830454267 -0.5007313229 0.0160657528 0.9557177836 0.1170550242 0.0000000000 -0.7266934325 -0.0505559460 0.0000000000 0.0000000000 
348240.0000000000 -1132915.8808035627 6092529.2450685948 1504633.2705319107 0.1067355486 20.0902350297 0.9455387671 0.5671504121 -1.1067464067 -1.0983964890 0.6277231737 1.7859367750 0.4347513200 0.1951232893 -0.6253769689 1.7807716584 0.0000000000 -2.4398264934 -0.6652568245 0.0000000000 0.0000000000 
348270.0000000000 -1132916.0830370390 6092528.7032685727 1504632.8120380449 0.1621150209 20.0902350297 -0.4879528197 -0.0926633882 -0.0969906434 -0.0463634625 -0.2813211260 0.7185942604 0.7511169236 0.6214129026 0.1595940959 0.9226847912 0.0000000000 -1.1772860988 -0.8201438563 0.0000000000 0.0000000000 
348300.0000000000 -1132916.1987471560 6092530.3674771208 1504633.5900916900 0.0499148600 18.4753069066 -0.3314456354 1.0908779482 -1.6050956547 -0.2439682256 0.0000000000 2.5573622080 0.9176656034 0.1828095182 -0.5120949805 1.1975793578 0.0000000000 -2.2174035200 -0.4526328506 0.0000000000 0.0000000000 
348330.0000000000 -1132915.0136414336 6092528.3679152606 1504633.4059627808 0.1654211218 20.0902350297 -0.8658111960 0.5283228048 0.2315319542 0.9587481321 -1.4532590101 0.6998217593 0.8161182571 0.7327566676 0.3659355914 0.5844323005 0.0000000000 -1.5831741137 -0.8290028289 0.0000000000 0.0000000000 
348360.0000000000 -1132915.7770706355 6092531.0615904070 1504633.2473005762 0.1501751478 20.0902350297 -0.2226846346 0.8163359009 -0.3563670575 0.1699480451 -0.1182399115 0.7313942985 0.9086800462 -0.0312770594 0.0997366802 0.2922603904 0.0000000000 -1.3170370876 -0.7901300513 0.0000000000 0.0000000000 
348390.0000000000 -1132915.0797129115 6092528.3928575199 1504632.9054305181 0.0111466645 20.0902350297 0.8207685929 -0.0299895563 -0.1647804700 -0.5363973006 -0.1618928689 0.6473804945 -0.0538815003 0.6946841491 -0.4907968613 0.8244700849 0.0000000000 -1.1951444704 -0.2153311581 0.0000000000 0.0000000000 
348420.0000000000 -1132916.3346817100 6092530.1181479422 1504632.2231356828 0.0514151252 20.0902350297 0.1931870705 0.3293430613 -0.3027143608 0.5249225963 -0.4319814402 1.2239986848 0.9531187445 -0.1311398808 -0.7214884449 1.0191467963 0.0000000000 -1.9159251683 -0.4626143375 0.0000000000 0.0000000000 
348450.0000000000 -1132915.7428335953 6092530.6792361829 1504633.7475787003 0.0006488195 20.0902350297 -0.0268816340 0.5492513123 -1.6594574261 -0.5144883087 0.4048524233 1.3887579580 0.6353739816 0.3008208940 0.3806294808 1.0596850335 0.0000000000 -2.2230664297 0.0519855415 0.0000000000 0.0000000000 
348480.0000000000 -1132914.9992311217 6092530.7234888421 1504632.7797331754 0.0203631130 20.0902350297 1.4849448809 0.1989290302 -0.5021903137 0.3365771177 0.5031859628 -0.4819482886 0.8117907820 -0.8794279543 0.0085837632 0.3633941436 0.0000000000 -2.2064968815 0.2913152544 0.0000000000 0.0000000000 
348510.0000000000 -1132915.0353863945 6092528.3910414344 1504633.0547757901 0.0163708582 20.0902350297 0.3975207020 0.2797498502 0.1914602976 0.2232757424 -0.8051603162 -0.0321124358 0.1696378315 0.6478423366 0.1823114975 0.3036072928 0.0000000000 -1.2821600337 -0.2612846596 0.0000000000 0.0000000000 
348540.0000000000 -1132915.3019906955 6092528.6546733733 1504632.0470051365 0.3010162836 20.0902350297 0.3927075087 0.4420964537 0.6644119723 0.3346480280 -0.8609156271 0.6859422523 0.6131171540 0.3692007237 -0.7552610127 0.7366132465 0.0000000000 -1.3541245015 -1.1207392134 0.0000000000 0.0000000000 
348570.0000000000 -1132915.5481794523 6092528.2259891843 1504632.7266121819 0.1262129008 20.0902350297 -0.3223278864 0.6224920114 0.1893449556 0.2002426320 -0.1981668360 0.1670715767 0.1304115855 -0.2931503212 0.4314538004 0.6607210437 0.0000000000 -0.8027082060 -0.7259254679 0.0000000000 0.0000000000 
348600.0000000000 -1132914.8631794294 6092530.0151131796 1504632.7807137254 0.1018590574 20.0902350297 0.8012360559 0.0795972355 0.6357827957 0.4274772061 0.0879652052 -1.1102564956 0.3783710081 -0.7234999332 0.6789797629 0.9131193508 0.0000000000 -1.7223448412 -0.6523317966 0.0000000000 0.0000000000 
348630.0000000000 -1132916.1004088351 6092529.1212777356 1504633.6191223869 0.0258240015 20.0902350297 -0.0769693386 0.6518212228 -1.1820628096 -1.0014148926 0.4725538190 1.5983591364 -0.2493333359 0.3332889542 0.1569251512 1.5439323156 0.0000000000 -1.5468034957 -0.3285549595 0.0000000000 0.0000000000 
348660.0000000000 -1132915.3794216665 6092529.1481063487 1504633.2777554940 0.2256593219 20.0902350297 -0.0964770804 -0.0748707301 -0.2154495409 -0.3307367844 0.6168688225 0.2808795372 0.9598540738 0.0095188948 0.3009831246 0.8184626819 0.0000000000 -1.2252093894 -0.9715158956 0.0000000000 0.0000000000 
348690.0000000000 -1132916.0067738332 6092531.3581826128 1504634.4096794070 0.0107426555 20.0902350297 0.3500069890 0.8618166773 -0.7630854715 0.2073069564 -0.0047213107 0.8494176091 0.6493005350 -0.3983521104 -0.0559530602 0.8250695106 0.0000000000 -2.0863299860 -0.2120315203 0.0000000000 0.0000000000 
348720.0000000000 -1132916.1853579036 6092530.0909778355 1504634.4110396227 0.1413544671 20.0902350297 0.4477513372 1.1288992230 -1.6706923008 0.5763408052 -0.9345346163 1.6492881584 0.5778031630 0.2648207456 -0.1134982127 1.1369177244 0.0000000000 -3.4040117924 0.7693537265 0.0000000000 0.0000000000 
348750.0000000000 -1132915.6180385442 6092529.5511307511 1504633.3508867747 0.0818343447 20.0902350297 -0.0368952099 0.4027752393 -0.1598077744 0.5488495313 -0.6864057395 0.9042243871 1.1616357785 0.2869005311 -0.4687209694 0.5141086764 0.0000000000 -1.6662711045 -0.5855459898 0.0000000000 0.0000000000 
348780.0000000000 -1132915.3611355510 6092529.5798828248 1504633.1767203347 0.0023743653 20.0902350297 1.6188100066 0.6120827535 0.0448613607 0.1421573625 -0.4222542101 0.3842743655 -0.0874618343 -0.2396748109 -1.0783415961 0.5579613180 0.0000000000 -1.5347739703 0.0997587842 0.0000000000 0.0000000000 
348810.0000000000 -1132915.7384604774 6092531.5388049325 1504633.6166287342 0.0003541837 20.0902350297 0.1003248115 0.2036509181 -0.1594051929 0.8520181838 -0.9822416002 1.0532463853 0.6349483517 0.0436231682 -0.8181317704 0.9136347487 0.0000000000 -1.6294949663 0.0385374910 0.0000000000 0.0000000000 
348840.0000000000 -1132915.6157434664 6092531.5349262329 1504633.1227767824 0.0060978030 20.0902350297 -0.3433772268 0.1655674790 -0.3998714677 0.5784419367 -0.5511416830 1.0341258164 0.8376182834 0.0940813171 -0.3804945992 0.7730675597 0.0000000000 -1.4034802773 -0.1599691473 0.0000000000 0.0000000000 
348870.0000000000 -1132914.0956313703 6092529.0481807301 1504632.8598323849 0.0346733054 20.0902350297 1.5708080087 0.1277226428 0.5374742028 0.7152372821 -0.7285837492 -0.9245394792 0.8291326473 0.0194635359 0.0456429252 0.7127468882 0.0000000000 -2.6762237889 -0.3815582754 0.0000000000 0.0000000000 
348900.0000000000 -1132914.8418483019 6092529.0103524225 1504632.5373728722 0.0341120274 20.0902350297 0.0946828086 0.2841049524 -0.3736953558 1.2109457115 -0.7577629263 0.9065452711 0.7547313623 -0.6592867440 -0.7804826355 0.9041931539 0.0000000000 -1.7297622901 0.3785568706 0.0000000000 0.0000000000 
348930.0000000000 -1132916.0498600819 6092531.8767045587 1504633.2610013264 0.1741080073 20.0902350297 -0.9969136998 0.5603985218 0.1426906921 0.5594575868 -0.6480327475 1.0178933248 0.4330311757 -0.1752269647 0.0616866226 1.1494153346 0.0000000000 -1.0093137582 -0.8554603556 0.0000000000 0.0000000000 
348960.0000000000 -1132915.3778515435 6092529.6933787260 1504632.7029990852 0.0979987586 20.0902350297 -0.7035629860 0.4499787805 -0.2712242214 0.4993037866 -0.6069513236 1.4898688747 1.0328346103 0.1380680925 -0.6435433813 0.7189329045 0.0000000000 -1.1299468046 -0.6419648792 0.0000000000 0.0000000000 
348990.0000000000 -1132915.7310121979 6092528.7963495161 1504633.0107853697 0.0004346995 20.0902350297 -0.0987191620 0.1299122769 -0.2244495674 0.1473284896 0.2690062938 1.7432262894 -0.0962314491 -0.9306924780 -1.6481892101 1.0880730359 0.0000000000 0.0237527386 -0.0427506111 0.0000000000 0.0000000000 
349020.0000000000 -1132915.6505257098 6092530.6678149216 1504633.3279253552 0.0048350324 20.0902350297 -0.7546130496 0.2867823892 -0.4787643894 0.3890680665 -0.4768575708 2.0560729322 0.3941621381 -0.1084504437 -1.1568204597 1.1067449754 0.0000000000 -0.6710364892 -0.1426635723 0.0000000000 0.0000000000 
349050.0000000000 -1132916.1882785531 6092528.7307468178 1504633.6822057341 0.0013440089 20.0902350297 0.4835771796 0.0395935578 -0.2361777449 -0.1256652402 -0.8157570239 1.5127546925 -0.0094276222 0.8637547505 -1.3814327839 0.9160586056 0.0000000000 -0.9988399560 0.0752324377 0.0000000000 0.0000000000 
349080.0000000000 -1132915.9022782939 6092528.8823813330 1504633.6866668921 0.1405087719 20.0902350297 -1.2018064090 0.2753505259 -0.8818144351 -0.6643949093 0.1044819782 1.8282319963 0.3227323142 0.8731672628 0.3067437138 1.3162690687 0.0000000000 -1.1197377516 -0.7694432993 0.0000000000 0.0000000000 
349110.0000000000 -1132914.5868939145 6092528.5013129618 1504633.5308828487 0.0074001327 20.0902350297 -0.4499724885 0.0040691894 -0.2385105942 0.1799181234 -0.5131136160 0.0429959018 0.3762197354 0.6531441574 0.8261082126 0.5796418249 0.0000000000 -1.2493499372 -0.1766246906 0.0000000000 0.0000000000 
349140.0000000000 -1132914.1733487239 6092527.4800085705 1504633.2331570003 0.0776353366 20.0902350297 0.6464809275 0.2864119741 0.1876917745 -0.2305032603 -0.1381495637 0.3625087055 0.0338722549 0.1663289050 -0.3950682074 0.8226345869 0.0000000000 -1.0833740332 -0.5722091863 0.0000000000 0.0000000000 
349170.0000000000 -1132914.5328467002 6092529.3223771797 1504632.5268943664 0.0345619642 20.0902350297 -0.2170146921 0.2685720122 -0.2414871674 0.5427466951 -0.6306866942 0.5205774162 0.9487215465 0.2552621141 0.0857103823 0.7916551554 0.0000000000 -1.7971577810 -0.3818763847 0.0000000000 0.0000000000 
349200.0000000000 -1132914.9455707530 6092529.0011862600 1504633.0569591040 0.0302314379 20.0902350297 1.8047593536 0.1625061352 0.3423794076 -0.6000371054 -0.1699957263 -0.0650660285 -0.1294465741 0.5918735548 -0.9088877769 0.3863349039 0.0000000000 -1.0666104574 -0.3572287732 0.0000000000 0.0000000000 
349230.0000000000 -1132915.7188263745 6092530.6933069546 1504632.7502975599 0.0007860779 20.0902350297 2.1744890726 0.2400872636 0.0015791790 -0.6277530040 -0.2326029730 -0.4945599085 -0.2382390162 0.7703911522 -0.3772623095 0.4001248867 0.0000000000 -1.7527192446 0.0576083486 0.0000000000 0.0000000000 
349260.0000000000 -1132915.3906215939 6092530.5929975780 1504632.2739735343 0.0005399723 20.0902350297 1.1441518716 0.3049874744 0.5237242129 1.1429345350 -0.6807108517 -0.3820409838 0.4890092607 -0.9922718809 -0.7961167350 0.7534846491 0.0000000000 -1.5792814968 0.0477513584 0.0000000000 0.0000000000 
349290.0000000000 -1132915.8197531854 6092530.8175264783 1504633.7529308312 0.2502497629 20.0902350297 -0.3046359690 0.5523723309 -0.3059583746 -0.2555564457 -0.2346314611 1.3996336295 0.4846022050 0.4670208618 -0.1266582045 1.5714400873 0.0000000000 -1.9094191569 -1.0284450089 0.0000000000 0.0000000000 
349320.0000000000 -1132915.2867064918 6092529.3284568992 1504633.8365989088 0.0026509665 20.0902350297 1.3295196665 0.3802997969 -0.3482821169 -0.1340482161 -0.3824033179 -0.7211699031 0.2911443759 0.6813865928 0.9020313512 0.9597604119 0.0000000000 -2.9449180388 -0.1058719337 0.0000000000 0.0000000000 
349350.0000000000 -1132915.6620184369 6092530.5805407828 1504633.2407332454 0.1466291093 20.0902350297 -0.1436546220 0.1428670939 0.1808614399 0.2044157086 -0.0888926107 0.7555400597 0.3344536640 -0.2625739617 -0.3317467555 1.3906178659 0.0000000000 -1.2197718024 -0.7875493805 0.0000000000 0.0000000000 
349380.0000000000 -1132915.9819317395 6092532.1870765286 1504633.5501340546 0.0488961675 20.0902350297 -0.5156171395 0.8292356077 -1.3897973506 -0.6617490901 0.1821733114 1.8106395783 0.6723202688 0.7671421701 0.1469894947 0.9257994498 0.0000000000 -1.9261802085 -0.4548718916 0.0000000000 0.0000000000 
349410.0000000000 -1132915.7547233491 6092530.3676873045 1504633.5926631822 0.0280080597 20.0902350297 -0.5758565383 0.6506092387 -0.9884662002 -0.6188074584 -0.0885592887 1.3248744706 0.2652793584 0.9232976391 0.4022047224 0.6827935194 0.0000000000 -1.3571417423 -0.3443304856 0.0000000000 0.0000000000 
349440.0000000000 -1132915.6951744235 6092529.9440343212 1504634.2127331768 0.0001602903 20.0902350297 0.2111558242 0.5505336896 -0.9485893276 -1.1305954045 0.2056640508 1.2220032220 -0.4075288186 0.9825337682 -0.0701468347 0.4979185654 0.0000000000 -0.8469925332 -0.0260510514 0.0000000000 0.0000000000 
349470.0000000000 -1132915.8241499397 6092529.0248214137 1504633.4129859013 0.2680193588 20.0902350297 -0.9388780426 0.5559934320 -0.5519289235 -0.5074466170 0.5419576315 0.2599186545 0.2679046714 0.2762071793 1.8315821137 1.0865438373 0.0000000000 -1.6995093139 -1.0655485343 0.0000000000 0.0000000000 
349500.0000000000 -1132915.3966223930 6092528.7947354522 1504632.8362208018 0.1657672949 20.0902350297 -0.2496638518 0.1960496338 0.3291641362 -0.5031108045 -0.5324239207 0.4971049608 -0.5345301577 0.9262914639 0.5178222299 1.3297644302 0.0000000000 -1.0411109754 -0.8381365587 0.0000000000 0.0000000000 
349530.0000000000 -1132916.0033316005 6092530.3090426000 1504633.4687631072 0.2071295919 20.0902350297 -0.1864682975 0.7019866669 -0.7362517376 -1.1590548850 0.7267895817 1.6681404595 -0.1724924058 0.4117320504 -0.0616963604 1.2765486032 0.0000000000 -1.2112551491 -0.9370424077 0.0000000000 0.0000000000 
349560.0000000000 -1132915.9864491958 6092531.1919046855 1504633.6697170185 0.0531112881 18.4753069066 -2.5962585644 0.9986737337 -1.3534888965 -0.1506277396 0.1902351902 2.3580985912 0.1980165871 0.0000000000 1.0116901444 1.1390306011 0.0000000000 -0.8572997433 -0.4739767790 0.0000000000 0.0000000000 
349590.0000000000 -1132916.0245522403 6092530.5740330648 1504632.5318872922 0.0292934465 20.0902350297 -0.2790479438 0.6518667579 -0.4782934432 0.2616148789 -0.2802920617 1.6143660604 0.5775438636 -0.2436375326 -0.9088281687 1.1654975629 0.0000000000 -1.3723803032 -0.3525026657 0.0000000000 0.0000000000 
349620.0000000000 -1132916.3527036859 6092530.8197723655 1504633.1026430898 0.1727794638 20.0902350297 -0.4451569237 0.3584408870 0.3878002001 -0.2229834022 -0.8034204821 0.2193317702 -0.1611120413 0.9267008898 0.7679522635 0.9059565956 0.0000000000 -1.0356940059 -0.8562303294 0.0000000000 0.0000000000 
349650.0000000000 -1132915.7557168982 6092528.8823747253 1504632.1507165153 0.1090067661 20.0902350297 -0.8422752648 -0.7900270641 0.5568153319 1.2733154233 -0.1649618418 -1.7861899375 0.9024839366 -0.4073032023 2.3555091764 1.2443957117 0.0000000000 -1.9691146060 -0.6801986282 0.0000000000 0.0000000000 
349680.0000000000 -1132915.0497281903 6092529.1768598985 1504631.8946280153 0.0830207422 20.0902350297 0.8489858343 -0.0618999285 0.2684070044 1.8276362127 -1.2030592966 -1.1931663957 1.0442346799 -0.7728416339 -0.0397283842 0.8014043365 0.0000000000 -2.2338877648 0.5936955208 0.0000000000 0.0000000000 
349710.0000000000 -1132917.2102422549 6092531.5883575408 1504633.6848134531 0.0534421838 20.0902350297 -1.6379709044 0.3777542395 -1.1296417554 0.1118526821 0.3126111568 1.9709984473 0.5934434405 -0.0896856354 0.4090934941 1.7021588444 0.0000000000 -1.7450290837 -0.4764006796 0.0000000000 0.0000000000 
349740.0000000000 -1132916.4502665286 6092530.9143214868 1504633.0630991487 0.2226703413 20.0902350297 -2.0262990166 0.3310203113 -0.5028593366 -0.0777906999 -0.6074344002 3.0497151049 0.7809274291 0.8410470774 -0.9723329342 1.3415218486 0.0000000000 -0.6130725520 -0.9725655116 0.0000000000 0.0000000000 
349770.0000000000 -1132915.8225632240 6092531.2424528403 1504633.0593316159 0.0563628315 16.8118938298 -0.7241513828 0.0307825725 -0.3252040661 0.0000000000 0.2325235836 0.7586846586 0.2584025006 0.0000000000 0.3068722318 0.9457792227 0.0000000000 -0.8730178074 -0.4627508655 0.0000000000 0.0000000000 
349800.0000000000 -1132916.0783955399 6092530.7212649630 1504633.0141516959 0.1027116897 18.4753069066 0.0000000000 -0.0663910908 -0.2062128167 -0.2234499941 0.3253113688 -0.1121990544 0.4436588830 0.3654816571 0.7831110497 0.7755537195 0.0000000000 -1.4451122814 -0.6579368163 0.0000000000 0.0000000000 
349830.0000000000 -1132915.4786243159 6092529.0434901286 1504633.3828763827 0.0007397852 20.0902350297 -0.0644370791 0.5918846545 -0.5031879608 -0.6089346114 -0.4219482389 0.8258323668 -0.6989842408 0.8483710037 0.5108780521 1.1725491472 0.0000000000 -1.4350455906 -0.0560781283 0.0000000000 0.0000000000 
349860.0000000000 -1132916.4424375268 6092530.6606171457 1504633.1658193667 0.1340490044 20.0902350297 -1.3030066168 0.8042748503 -0.0120270232 0.4668262852 -0.1958381274 0.6236127121 0.0603133813 -0.6375285121 1.0280736493 1.2598059311 0.0000000000 -1.2039047713 -0.7549627911 0.0000000000 0.0000000000 
349890.0000000000 -1132915.3772454027 6092529.7449069498 1504633.2113444216 0.0015947821 20.0902350297 0.5295503372 0.5523361576 -0.6090131012 -0.2498559292 0.7211063609 -0.0280193028 -0.2663550708 -0.5502625021 0.6754832576 1.0120807551 0.0000000000 -1.6784293355 -0.0823517461 0.0000000000 0.0000000000 
349920.0000000000 -1132914.7616170908 6092529.5455449102 1504632.5881634746 0.0453979894 20.0902350297 0.3752568950 0.2841435294 -0.7825981831 0.3910842174 -0.3647571899 -0.1540149591 0.6464665044 0.2096596708 0.4341718343 0.6030728773 0.0000000000 -2.0511333802 0.4394413478 0.0000000000 0.0000000000 
349950.0000000000 -1132916.6490479389 6092532.7841769941 1504633.7113832238 0.0308415365 20.0902350297 1.0674864692 -0.1150334967 -0.1418405885 0.7839964044 -0.1207501028 0.5486544259 1.1885791657 -0.5282120628 -1.4066893970 1.9687509510 0.0000000000 -2.6688943264 -0.3622348712 0.0000000000 0.0000000000 
349980.0000000000 -1132915.7185631832 6092532.1886289986 1504633.3152953577 0.0138141214 16.8118938298 0.0000000000 -0.4774805487 -0.8390631412 0.0000000000 -0.1445642387 1.5625903280 1.2231916698 0.9781742000 -1.1642657551 1.3986447067 0.0000000000 -1.9851459677 -0.2265213868 0.0000000000 0.0000000000 
350010.0000000000 -1132916.2905460659 6092531.4029144989 1504633.4109433787 0.0002535174 18.4753069066 0.2853546625 0.7516734811 -0.7261060760 0.3885339153 -0.4985612113 0.3629203285 1.4890319704 0.1819314116 -0.3740566374 0.0000000000 0.0000000000 -1.7051376972 -0.0326183627 0.0000000000 0.0000000000 
350040.0000000000 -1132913.7264375114 6092529.0815287195 1504632.5034076637 0.1001892732 20.0902350297 0.8951867904 -0.6780455545 0.3412404655 1.4509714339 -0.6816673434 -2.1936735988 0.6646478366 -0.4694662579 0.8496683467 0.4740735243 0.0000000000 -1.6000702301 0.6530433921 0.0000000000 0.0000000000 
350070.0000000000 -1132915.2369417304 6092528.5892920606 1504632.9239667065 0.0317587785 20.0902350297 0.6504415322 0.5146158292 -0.1797244759 -0.4260641249 -0.2923934607 0.2146342772 -0.1364950696 0.5801524443 0.1923568433 1.0632071868 0.0000000000 -1.7526276273 -0.3677001906 0.0000000000 0.0000000000 
350100.0000000000 -1132915.4644310139 6092529.5489054127 1504632.8273972727 0.2152519531 18.4753069066 -0.4159174844 0.3971719047 0.2902464141 0.0000000000 -0.5124215155 0.7382324657 0.1423323773 0.3098453183 0.0453997614 1.2762538404 0.0000000000 -1.2199498883 -0.9107335748 0.0000000000 0.0000000000 
350130.0000000000 -1132915.1971419095 6092530.3138377834 1504632.2812992297 0.0000272836 20.0902350297 -0.2070052927 -0.1071370633 0.2515700744 1.2086116326 -0.7424570464 -0.2061215999 0.8836496372 -0.5127300472 -0.2664755357 0.7058603806 0.0000000000 -0.9758740488 0.0107871301 0.0000000000 0.0000000000 
350160.0000000000 -1132913.2717499281 6092526.5012308313 1504630.5954403011 0.0503891472 16.8118938298 0.6304061780 0.0000000000 1.1838288265 0.8262958720 -0.7084479103 -1.8799440350 0.2975976999 -0.4886637841 0.7092392395 0.0000000000 0.0000000000 -0.4001168163 -0.4532073754 0.0000000000 0.0000000000 
350190.0000000000 -1132914.3428425344 6092526.9054491762 1504632.0284326102 0.0631278584 20.0902350297 -2.0233587730 -0.1044832724 -0.3165917957 0.2134531048 0.6692510286 1.6822300733 0.2524225609 -0.5818841176 -0.0476511526 0.4609193605 0.0000000000 0.5649780977 -0.5185282802 0.0000000000 0.0000000000 
350220.0000000000 -1132915.2161691668 6092528.5055805556 1504632.9679438595 0.2827683078 20.0902350297 -1.5746072384 0.0059820868 -0.2522841624 0.1379775592 0.1534007192 0.5243963281 0.9076980249 0.4207791761 1.3614508888 0.7706597473 0.0000000000 -1.3080579197 -1.0974785166 0.0000000000 0.0000000000 
350250.0000000000 -1132914.6141468463 6092528.8483580286 1504633.2829907511 0.0492360205 20.0902350297 -0.6901625583 0.4341186251 -0.5008967350 -0.0004728856 -0.1616457713 1.3315267564 0.9157305887 0.2925418728 -0.5536552194 0.3906525543 0.0000000000 -0.7694265371 -0.4579712314 0.0000000000 0.0000000000 
350280.0000000000 -1132915.9434700971 6092530.1679879632 1504632.9391590124 0.0548212468 18.4753069066 -1.1649101858 0.0550346611 0.0000000000 1.0891736679 -0.2424579407 0.7738175122 0.7044070047 -0.8076134273 -0.0477788303 1.3929717305 0.0000000000 -1.1591052259 -0.4004985908 0.0000000000 0.0000000000 
350310.0000000000 -1132915.9006948431 6092530.5592731815 1504633.5161765716 0.0962450269 20.0902350297 -1.3540270152 -0.0271149358 -0.5917717383 0.2054816080 0.5163723115 2.1234207044 0.7027812072 -0.2785747993 -0.7783241975 1.3579254085 0.0000000000 -0.8701802886 -0.6403396304 0.0000000000 0.0000000000 
350340.0000000000 -1132915.8059999351 6092528.8900147900 1504633.5023470628 0.0804089464 20.0902350297 -2.6461763468 -0.1677487122 -0.6371879428 -0.0344156712 0.7112330663 2.4022540681 -0.2472190047 -0.1151092762 0.5008635964 1.3744501100 0.0000000000 -0.2282195800 -0.5853047616 0.0000000000 0.0000000000 
350370.0000000000 -1132916.1199154700 6092531.5784833673 1504633.6278791265 0.2524836381 20.0902350297 -1.1755001909 -0.0272259246 -0.0762550827 0.5303232446 0.4906278154 2.8579201621 0.9926081580 -0.9461235860 -2.4068729394 1.7768035260 0.0000000000 -0.4489649357 -1.0371757042 0.0000000000 0.0000000000 
350400.0000000000 -1132915.1188894778 6092530.3116622353 1504633.4637883846 0.3220593894 20.0902350297 0.1038444242 0.1874874834 0.4725379387 0.5304644943 0.9332760304 -0.2598065679 0.2314098423 -1.4898372926 0.3726242766 1.5099302011 0.0000000000 -1.4015166308 -1.1714054146 0.0000000000 0.0000000000 
350430.0000000000 -1132914.9980781800 6092529.6227688352 1504633.4457452863 0.0009469250 20.0902350297 0.3514601486 0.0393263798 -0.0406810615 0.1289200089 0.6422845591 0.4282731029 -0.4203782296 -0.9190456038 -0.5570500500 1.0636970122 0.0000000000 -0.5289244703 -0.0635154431 0.0000000000 0.0000000000 
350460.0000000000 -1132916.0994349944 6092530.4491822189 1504633.4546414674 0.0015600405 20.0902350297 -0.2237003110 0.1705149387 -0.1183841090 1.5128772576 0.0153670592 -0.1370597724 0.8250967926 -1.5286421539 0.0273771986 1.6728224661 0.0000000000 -2.0064657875 -0.0815277130 0.0000000000 0.0000000000 
350490.0000000000 -1132916.5706709705 6092532.2544204062 1504634.3829291626 0.0357604967 20.0902350297 0.2102358546 0.2197097562 -0.3089345990 0.6037390391 0.5339160144 -0.4056058862 0.7048256587 -0.8384064503 0.5453888117 1.0493630209 0.0000000000 -1.9088403373 -0.3903335614 0.0000000000 0.0000000000 
350520.0000000000 -1132915.2777326873 6092529.7915467909 1504632.9638177846 0.1405718576 20.0902350297 -0.5499178099 -0.1736348901 0.4334840616 0.3422805548 0.1940846460 -0.7667498707 -0.0969524618 -0.2297692422 1.6571525174 0.8912650430 0.0000000000 -1.0621840384 -0.7738854225 0.0000000000 0.0000000000 
350550.0000000000 -1132914.7676166177 6092528.1321054297 1504633.2036545768 0.6304901099 20.0902350297 2.1364181575 0.2915115604 0.5509732376 -0.8309551805 0.9006965486 -1.2079710426 0.4657156434 0.0924159098 0.1707614670 0.7137685951 0.0000000000 -1.8087045113 -1.6389174593 0.0000000000 0.0000000000 
350580.0000000000 -1132915.1278536490 6092530.3383843480 1504633.8810507986 0.3090314699 20.0902350297 2.6161365960 0.9458900235 0.3374502111 -0.4199318574 1.1404398529 -0.7816289815 0.2573487577 -1.2803326219 -0.9017153468 1.0475639832 0.0000000000 -1.8112220068 -1.1473800330 0.0000000000 0.0000000000 
350610.0000000000 -1132915.0233909718 6092528.2390961945 1504633.4655582767 0.3268852494 20.0902350297 1.1084895767 -0.4883882570 0.1079672878 -0.4833988452 1.0579560198 0.5670883645 0.3829032452 0.0820456974 -1.1511191977 1.6112705252 0.0000000000 -1.4780382122 -1.1800193116 0.0000000000 0.0000000000 
350640.0000000000 -1132914.8870936565 6092528.1224594321 1504632.4020397626 0.2116162130 20.0902350297 0.4453261980 -0.0876752685 0.1673185730 0.1711330329 0.3605101370 -0.0192494315 0.8509071674 -0.1633366800 -0.3507235471 0.9821186970 0.0000000000 -1.3534177208 -0.9493989424 0.0000000000 0.0000000000 
350670.0000000000 -1132916.6318987729 6092529.8317460408 1504634.0117708181 0.3158175119 20.0902350297 -1.1003063976 0.5859562773 -0.5840242817 0.2712607128 -0.0236821380 1.0008785772 1.3245724554 0.2888020282 0.7083202718 1.5343884834 0.0000000000 -2.6944715298 -1.1597722946 0.0000000000 0.0000000000 
350700.0000000000 -1132915.9723355565 6092529.6141817048 1504634.0343351965 0.5286100025 18.4753069066 1.0892026639 0.3946246581 -0.1129005238 -0.8325928829 1.0735914171 0.0000000000 0.8920667556 0.1965586471 -0.1446542042 0.4852755741 0.0000000000 -1.5548429826 -1.4965170709 0.0000000000 0.0000000000 
350730.0000000000 -1132915.9341030642 6092532.0327065764 1504632.4357021442 0.0310721312 18.4753069066 0.3795943082 0.7011400971 -0.4292863445 0.3885756765 0.2680099505 0.0000000000 0.6174825115 -0.6947279495 0.1338150873 1.1821467551 0.0000000000 -2.0874685140 -0.3627980289 0.0000000000 0.0000000000 
350760.0000000000 -1132915.7325536332 6092529.0872223023 1504631.6561027446 0.1273637183 18.4753069066 -0.8126393337 0.2039342918 -0.2518452331 0.7063538172 0.2404447060 0.0000000000 0.7864693473 -0.4394362463 1.1288365724 1.3068092948 0.0000000000 -2.0954729535 -0.7344558141 0.0000000000 0.0000000000 
350790.0000000000 -1132915.0050197395 6092528.5323065519 1504632.8371577710 0.1178626971 18.4753069066 0.2273296948 0.1678533219 -0.4196412543 0.1537809643 0.8572904620 0.0000000000 1.1298185764 -0.4363571859 -0.0134996752 0.3691753239 0.0000000000 -1.2835712683 -0.7064676254 0.0000000000 0.0000000000 
350820.0000000000 -1132915.1636766777 6092527.3168710871 1504633.3262896601 0.2475319530 18.4753069066 0.2943989689 0.4603324837 -0.4121829603 -1.2398539043 0.4286793850 0.0000000000 -0.2209148110 1.2812109974 1.6034516622 0.8289933256 0.0000000000 -2.1242603880 -1.0237143798 0.0000000000 0.0000000000 
350850.0000000000 -1132915.6587491911 6092530.1289884448 1504632.8074509304 0.0419488872 18.4753069066 0.9395320153 0.3435819693 -0.1705824315 0.2878324446 0.0169264083 0.0000000000 0.9834985425 -0.2894342319 -0.9444996692 0.9939524450 0.0000000000 -1.6087071308 -0.4213862644 0.0000000000 0.0000000000 
350880.0000000000 -1132914.5545299312 6092525.1705269394 1504631.5782247738 0.2008457272 18.4753069066 -1.3046359889 -0.1155149562 0.1355305125 0.6249400030 -0.4980441839 0.0000000000 0.9707284417 0.4640953233 1.2547457554 0.9382323862 0.0000000000 -1.5751896843 -0.9219475526 0.0000000000 0.0000000000 
350910.0000000000 -1132915.3467118843 6092526.2533254083 1504632.2935782038 0.0457807836 20.0902350297 0.7337861974 0.4334486849 0.0360649394 0.0694842829 -0.1050085685 0.0000000000 0.9201604940 0.3358828827 0.1898250982 1.2060729019 0.0000000000 -2.6470693228 -0.8135102422 -0.3689548680 0.0000000000 
350940.0000000000 -1132915.1161260440 6092529.6541053373 1504632.4456722650 0.3707967908 20.0902350297 0.4530800826 -0.0999533826 0.2231168512 0.7263228484 -0.2878916703 0.0000000000 0.5395099977 0.2925872681 0.8360220733 1.0061925867 0.0000000000 -2.8730398103 0.1127724670 -1.0438473594 0.0000000000 
350970.0000000000 -1132913.6874312579 6092528.0285432097 1504632.7998583124 0.2976587526 21.6659943335 -0.0726911873 0.7897182402 0.7066018395 0.7147272742 0.0527573497 0.0000000000 0.1658938858 0.3768239071 1.6651691604 -0.5880618576 0.0000000000 -2.0397964849 -0.4185853592 -0.4887293194 -1.2253600807 
351000.0000000000 -1132915.1926764306 6092528.6003737263 1504632.5256166353 1.8163837072 21.6659943335 -1.7965568345 0.6047871363 0.1166684917 2.5539307437 0.0705756372 0.0000000000 0.4688094494 -0.2994656288 0.2301548359 0.7798579455 0.0000000000 -1.2130001874 -0.8378803331 2.3400331110 -3.0111805095 
351030.0000000000 -1132913.9207005817 6092527.7458246266 1504632.3648238669 1.4668244198 21.6659943335 1.8936293243 0.7609113635 1.5429643388 2.0088580311 -0.2919051755 0.0000000000 -0.7403361152 -0.1457568974 -0.8617538917 0.9354000348 0.0000000000 -2.8983914261 0.2393958576 0.0902259527 -2.6924685028 
351060.0000000000 -1132914.6802559027 6092529.0074431701 1504632.3613704166 0.6611899242 21.6659943335 -0.2890189395 0.1411612607 -0.2794669988 -0.7303199426 -0.2713216981 0.0000000000 -0.0301062649 -0.4550188989 1.1307936040 1.1890404160 0.0000000000 -0.9489076009 -0.1658676257 -1.0178569707 1.7988800932 
351090.0000000000 -1132914.2728783560 6092528.2978096996 1504633.6691841988 1.6446773863 21.6659943335 0.4649945000 0.1055162777 1.0277898603 1.8290156326 -0.0632856053 0.0000000000 0.0014466662 0.6485230280 -0.7475008113 1.0745728782 0.0000000000 -2.0696363182 -0.7504733729 1.2591496869 -2.8239133512 
351120.0000000000 -1132915.6850282755 6092528.5128916986 1504633.4514929007 0.5283197175 21.6659943335 -0.6354636823 0.0015998421 0.8233451103 0.4355807613 -0.2349467720 0.0000000000 -0.6399749732 1.0636213250 0.6372263516 0.7801387032 0.0000000000 -0.7555888911 -1.1177691331 1.1135104353 -1.5932798334 
351150.0000000000 -1132914.2383708120 6092526.9998986768 1504631.9867957067 0.2650566559 21.6659943335 -0.1015367786 -0.1088478324 0.1480706805 0.2836106046 0.2836034220 0.0000000000 0.6007397569 1.0521606111 0.2994160961 0.3209341141 0.0000000000 -1.3467455846 -1.0131314811 0.6198291132 -1.1236594015 
351180.0000000000 -1132914.9117729254 6092527.2859008899 1504632.6295258219 0.0005762115 21.6659943335 0.0606589093 -0.1222226810 -0.4528116780 -0.1796982827 0.2298380341 0.0000000000 0.0949455404 0.3919538706 0.3257150730 0.8554586274 0.0000000000 -1.1314051059 -0.2346716969 0.1372142010 0.0521688055 
351210.0000000000 -1132912.9779438311 6092526.7002420295 1504632.0803002862 0.1230237752 21.6659943335 -0.1194891552 -0.3926049876 1.2372926167 1.8112913669 -0.6050253142 0.0000000000 -0.1391955136 -0.3321107193 0.2176749570 1.0243559591 0.0000000000 -1.5829256859 0.2035457861 -0.5389054125 -0.7592198762 
351240.0000000000 -1132914.0663943510 6092529.4810790224 1504633.5754455745 0.0034692784 21.6659943335 0.6535761759 0.2389664695 -0.2072738147 0.5421554940 0.2178248507 0.0000000000 -0.5795740246 -0.7045537344 -0.0871513820 1.2462997081 0.0000000000 -1.4616435138 0.5675817076 -0.1654072049 -0.1269962834 
351270.0000000000 -1132912.9208399525 6092527.5016737850 1504633.5046396796 0.2019156350 21.6659943335 1.5376449684 0.5051693957 0.9729249448 0.4398672481 -0.0734516929 0.0000000000 -0.4597214662 -0.0275852287 -0.5174985140 -0.1473935722 0.0000000000 -1.0520755190 0.2299569750 -0.4698377072 -0.9651922362 
351300.0000000000 -1132914.2954132408 6092527.2974139862 1504633.2194654010 0.3117304745 21.6659943335 0.2434910792 0.6592199147 -0.2233772099 0.1300992328 0.0809092064 0.0000000000 -0.8621906511 0.3081671925 -0.0145931142 0.7159839212 0.0000000000 -0.7918933145 -0.0602693701 1.0473028102 -1.1949237484 
351330.0000000000 -1132914.8506910265 6092528.5607929816 1504633.7156485512 0.0158095067 21.6659943335 0.1843804722 0.5221468054 0.0340165172 -0.9748102372 0.4341643103 0.0000000000 -0.0991929825 0.7306392096 0.7444463828 0.4020433091 0.0000000000 -0.9328946286 -1.3193644479 0.4060596495 -0.2681597952 
351360.0000000000 -1132915.4542705184 6092529.5485178716 1504632.4716636117 0.6274323987 21.6659943335 -1.6717242608 0.0971218167 0.0429737821 1.7728259837 -0.2591061111 0.0000000000 0.3349234139 0.6485408615 1.5083647145 0.7902800242 0.0000000000 -2.0927871339 -0.4204730087 0.9186697226 -1.6836123551 
351390.0000000000 -1132914.9279248214 6092527.9834854081 1504632.6527232870 0.0002741038 21.6659943335 -0.2460020408 0.5303680101 0.4625183319 0.5933602041 -0.5270714182 0.0000000000 -0.0521277466 -0.3574191692 0.6632435818 1.3629527165 0.0000000000 -1.7148488840 -0.4065888234 -0.2304177125 -0.0350759627 
351420.0000000000 -1132914.3025727065 6092527.6533699268 1504632.0994425314 0.0070066184 21.6659943335 0.4406333838 0.0752983798 0.1223498096 -0.2421287519 -0.1493947755 0.0000000000 -0.0179584575 0.5677615395 0.0973176871 -0.0709400775 0.0000000000 -0.5168949902 -0.0249110882 -0.1565242370 -0.1767791067 
351450.0000000000 -1132915.0497020227 6092528.1365724159 1504633.3350596742 0.5880410430 21.6659943335 0.5082612184 0.8171134088 -0.1107256039 0.0191864072 -0.1097588587 0.0000000000 0.2210806550 1.4209125909 0.2340980655 -0.0001600599 0.0000000000 -1.7476001771 -0.5023902914 0.8023313885 -1.6145706965 
351480.0000000000 -1132916.0063152977 6092527.9762196513 1504632.4767651011 0.0191799145 21.6659943335 0.3031661841 0.4595199091 -0.0205087715 -0.2177494864 -0.4702046763 0.0000000000 0.1956967397 0.7024871704 -0.0122059531 0.8681059871 0.0000000000 -1.2814645940 -0.4914413460 0.2510536314 -0.2907385464 
351510.0000000000 -1132915.5620879340 6092527.9022240462 1504633.4565099599 0.0502145614 21.6659943335 0.4688157378 0.6253686756 -0.2991165132 -1.0112146944 0.3168208012 0.0000000000 -0.7004600522 0.8053210749 0.3629261415 1.3508569921 0.0000000000 -1.3273174569 -1.0512202189 0.8591233865 -0.4691038946 
351540.0000000000 -1132915.1373578440 6092528.7782199206 1504633.4144549787 0.0000000364 21.6659943335 0.4784371598 1.5447908689 -0.7809400860 -1.1508026009 -0.6283880406 0.0000000000 -0.3089375506 0.4153493399 -0.2650187316 1.9140467685 0.0000000000 -1.4261190310 -0.7752553916 0.9819487959 0.0004423693 
351570.0000000000 -1132914.1264251042 6092528.8889829451 1504632.9984767418 0.0730827941 21.6659943335 0.3095924171 0.9904830345 0.3842059917 0.3320193446 -0.0513926202 0.0000000000 -0.4062722209 -0.0957325601 1.2126241416 0.8741746549 0.0000000000 -2.4041492931 -0.3077068829 -0.2795751931 -0.5629148906 
351600.0000000000 -1132913.7860865770 6092528.8134274203 1504632.9624280550 0.2624732381 21.6659943335 1.5431957045 0.8013922321 0.4171007187 0.1637735100 0.0631789959 0.0000000000 -0.4455524499 0.4281414975 0.1521877515 -0.0574949490 0.0000000000 -1.9213177798 0.3676118454 -0.3816831716 -1.0641150875 
351630.0000000000 -1132913.1279854286 6092528.9831787618 1504632.9704538281 0.4463042678 21.6659943335 3.0250802101 0.2976068620 1.9828195030 1.5360228171 0.1387872560 0.0000000000 0.6971250277 0.0321030563 -0.7663611128 -0.1272948449 0.0000000000 -3.4557664655 0.2934292241 -1.9123666730 -1.3842236142 
351660.0000000000 -1132914.4945867367 6092528.8890410624 1504632.9747133399 0.0995976845 21.6659943335 1.7564634254 0.9064512631 0.2116711367 0.2988167757 -0.1293653213 0.0000000000 0.3812159770 -0.0360388709 -0.9018221719 0.2238911493 0.0000000000 -1.7291520184 0.3357360327 -0.4507886500 -0.6523665950 
351690.0000000000 -1132915.8939155806 6092530.8243051600 1504634.1131394457 0.0394953124 21.6659943335 1.2147773337 0.2327667499 0.4592511142 -0.1394374076 0.1605843273 0.0000000000 -0.2439738584 0.3078475055 -0.2375778434 0.6731629591 0.0000000000 -1.3803120115 -0.2929658233 -0.2594027728 -0.4098882045 
351720.0000000000 -1132916.3788623002 6092529.4924711948 1504633.6869665349 0.4793665062 21.6659943335 1.6703384443 0.6674160685 0.1027262308 -0.4237299774 0.6115427438 0.0000000000 -0.6783703516 0.5681372178 -1.4131340196 1.4613930393 0.0000000000 -1.1978687475 -0.9499997045 1.2029227566 -1.4248899096 
351750.0000000000 -1132914.4432113494 6092528.0974069843 1504632.5711901942 0.0011036688 21.6659943335 1.1346604505 -0.2288842373 0.4161259141 0.1342853864 -0.2399359947 0.0000000000 -0.5285276047 0.0586735868 -0.9121489120 1.1578909338 0.0000000000 -0.7285129260 0.2839672715 -0.2743276047 -0.0682278376 
351780.0000000000 -1132914.6216283776 6092526.8404126316 1504632.8506259040 0.0007232625 21.6659943335 1.3788104844 1.3496470998 0.1665646533 -0.7580683622 0.1995400911 0.0000000000 -0.3509140166 -0.2622407026 0.3782785479 0.6133008340 0.0000000000 -1.8390071007 -0.3933812087 -0.4351032260 -0.0551229494 
351810.0000000000 -1132915.9224733107 6092529.6287927907 1504633.8468577969 0.1289966396 21.6659943335 -0.5245682029 0.4545470420 -0.6142013169 -0.4123540044 0.3328711368 0.0000000000 -0.6454144134 0.9688107812 1.2273776165 1.4033398377 0.0000000000 -1.7900689015 -0.8840519212 1.0727256897 -0.7347012236 
351840.0000000000 -1132915.6361949367 6092529.5852691922 1504633.4667297464 0.0006016526 20.0902350297 -0.4178174646 1.4650880369 -0.2029498423 0.0000000000 -0.0758658132 0.0000000000 -0.3108174176 -0.7266456690 1.2650024368 1.7213980700 0.0000000000 -2.2357410739 -0.7542592370 0.1862569616 0.0449318941 
351870.0000000000 -1132915.3965570210 6092526.8902688213 1504632.9764384034 0.0666958650 20.0902350297 -1.7089444984 0.5838583360 -1.0751694369 0.0000000000 -0.8193563422 0.0000000000 -0.1830844655 0.1768791106 1.5932114539 1.1966056561 0.0000000000 -1.1053430640 0.1963637035 0.4442587094 0.4726260035 
351900.0000000000 -1132915.7493408527 6092529.1884686612 1504633.2103140941 0.0424140932 21.6659943335 -0.3211424713 0.4954633275 0.6646319932 0.0000000000 -0.3820666247 0.1153701619 -0.7348826253 0.3795644801 1.3551124725 0.9261732955 0.0000000000 -1.5905998421 -0.5654382104 -0.0715781516 -0.3788720302 
351930.0000000000 -1132915.5049895695 6092527.9618001496 1504633.5141945155 1.8732768921 21.6659943335 -0.4609914538 0.8748239608 0.0013725704 0.0000000000 0.9184409637 0.7176567335 -0.8106690133 1.2801920855 0.1105833121 0.6160045839 0.0000000000 -1.2778559576 -1.4585260233 1.9905029551 -2.5158537920 
351960.0000000000 -1132915.4143397382 6092528.3118186453 1504632.7404880431 0.1846650818 21.6659943335 -1.1250932710 0.3099375346 -0.5658448698 0.0000000000 0.7188794273 0.5436876791 -0.0126638910 0.8105246319 1.2725872139 0.5933101774 0.0000000000 -1.7369762838 -0.9075243321 0.7252442864 -0.7893246121 
351990.0000000000 -1132914.9932990212 6092527.5757261068 1504632.3252890448 0.0397039742 21.6659943335 -1.9931412118 0.1603016270 -0.8871970664 0.0000000000 0.5238154678 1.4881593926 -0.0097306458 0.3903368800 -0.0561652490 1.1740452180 0.0000000000 -0.7555829056 -0.7736869334 0.9467972291 -0.3657623537 
352020.0000000000 -1132914.6363471691 6092527.3870511781 1504633.1356869126 0.2710488850 21.6659943335 -2.0117475274 0.0187688723 0.6177859758 0.0000000000 0.2314845192 2.5820976534 -0.2870238969 1.4027819375 0.6197087239 0.6185356957 0.0000000000 -1.9218738715 -1.0596262254 -0.0933181894 -0.9551283384 
352050.0000000000 -1132913.7241868621 6092525.7002052367 1504631.8665085193 0.0608402368 21.6659943335 0.2074913640 0.2197253836 0.6952993227 0.0000000000 -0.0327001491 -0.8953777138 0.3194939501 -0.1879247507 1.7843929341 0.8297679740 0.0000000000 -1.7850240671 -1.1406993855 -0.5675017038 0.4522910454 
352080.0000000000 -1132915.4494566761 6092528.5999610825 1504633.1133818268 0.0997332758 21.6659943335 0.4923115530 0.5371090190 0.4857477635 0.0000000000 0.0260103657 -0.0030714900 -0.3408663994 0.1062749867 -0.1338808707 1.3664369755 0.0000000000 -1.3291378004 -0.8623330113 0.3436126821 -0.5788552282 
352110.0000000000 -1132912.8431305205 6092527.3021208365 1504632.5658885057 0.0024667650 21.6659943335 0.8858880446 -0.5763974151 1.4043115164 0.0000000000 -0.4043281141 1.0495986477 -0.0804863876 0.7367612508 -0.4277227858 0.4378407780 0.0000000000 -1.4599565673 0.0774307217 -1.5581181319 0.0910067471 
352140.0000000000 -1132915.6076251054 6092528.1285347231 1504633.1170568094 0.8864238682 21.6659943335 0.5031593777 0.4328694896 0.7869807486 0.0000000000 0.2028894138 0.1811805274 -0.8651425894 0.7140968344 -0.9242064225 1.0644598385 0.0000000000 -0.3782311600 -1.1888477270 1.3505269755 -1.7247006355 
352170.0000000000 -1132915.2857339098 6092528.1173398290 1504632.4828260192 0.2706199717 21.6659943335 -2.7153976032 -0.3781491051 0.1813844071 0.0000000000 -1.1273048831 0.7782315735 0.7416481563 0.5102220584 1.2386195709 0.4904409723 0.0000000000 -0.1867964402 -0.7625991833 -0.3010667013 0.9527801770 
352200.0000000000 -1132915.3331693925 6092529.7868547272 1504633.3165922556 0.2150303153 21.6659943335 -0.0090813103 -0.3191215460 0.0153362235 0.0000000000 0.1247127787 -1.0913184332 0.0538470596 1.1955014451 0.9299900261 0.4054547312 0.0000000000 -0.5559021710 -1.0786289729 1.0789417625 -0.8491951821 
352230.0000000000 -1132914.2614892083 6092528.8068743944 1504633.2109353300 0.0378393608 21.6659943335 0.5914491753 0.5554834860 0.6002996017 0.0000000000 0.3153048547 0.5344351796 0.1594068709 -0.4062857994 -0.9151973246 0.4980648190 0.0000000000 -0.5930018117 -0.6705984074 -0.1232040928 -0.3562098545 
352260.0000000000 -1132914.9559945723 6092528.6420697253 1504633.2434305167 0.0079102879 20.0902350297 0.0000000000 0.3181996614 0.7511076616 0.0000000000 0.4705616515 2.0682221283 -0.4269088103 -0.1916430981 -0.8345893942 1.1733654736 0.0000000000 -1.7980768563 -0.3308690855 -0.8785108364 -0.1604897896 
352290.0000000000 -1132914.3038191427 6092527.2788935555 1504632.5825242787 0.1668081958 20.0902350297 0.0000000000 0.4689466563 0.1414085770 0.0000000000 0.1453189397 0.7867793726 -0.5552662955 0.5086762436 0.2441782254 0.5016082814 0.0000000000 -1.4586094660 -0.0205045751 0.0186680284 -0.7370295984 
352320.0000000000 -1132914.4367407004 6092527.9193865033 1504632.4358316145 0.0168641638 20.0902350297 0.0000000000 0.6959345459 0.1661635695 0.0000000000 -0.1850872049 0.8201955981 0.5045103104 -0.0756989759 0.2255879748 0.6662468552 0.0000000000 -2.0207655587 -0.1036474187 -0.9047258327 0.2343789971 
352350.0000000000 -1132914.1880362360 6092528.9170926232 1504632.8217980417 0.0278323769 20.0902350297 0.0000000000 0.3452529936 1.0723212580 0.0000000000 -0.0782627486 1.1468857408 0.0096234368 0.1168461485 -0.3349816050 0.6522106440 0.0000000000 -1.2841752084 -0.6925302912 -0.5989202118 -0.3011579362 
352380.0000000000 -1132914.9102893709 6092528.2388264025 1504632.6477065166 0.0273367805 20.0902350297 0.0000000000 0.5570813882 0.7368396725 0.0000000000 -0.6023718510 1.0511617215 1.1048327916 0.0903358137 -0.3744200050 0.3863044348 0.0000000000 -1.6603940586 -0.3551809345 -1.2160355571 0.2985410112 
352410.0000000000 -1132914.4137498946 6092528.6163640721 1504632.3219998237 0.1891868304 20.0902350297 0.0000000000 -0.4897646273 1.0773506264 0.0000000000 -0.5598333429 0.6253152647 -0.2610985571 0.0569483650 0.2927757599 1.3178690358 0.0000000000 -1.3471979109 -0.2453163336 -1.2481748555 0.7856240784 
352440.0000000000 -1132915.2628169362 6092526.1471383125 1504632.4893071093 0.0005967321 20.0902350297 0.0000000000 0.7647175689 -0.5537050723 0.0000000000 -0.9038898247 -0.5032378895 0.0656315614 -0.0504585755 -0.6689934013 2.0606189948 0.0000000000 -0.7679036427 -0.1686700425 0.6955421931 0.0441391691 
352470.0000000000 -1132915.0584270838 6092530.0560707441 1504634.3178596583 0.2592805799 20.0902350297 0.0000000000 0.8786977759 0.1558420691 0.0000000000 1.0716179443 1.1293971082 -0.0658390731 -0.1386588079 -0.2449852315 0.3612652524 0.0000000000 -1.5017946591 -0.8327937338 0.2073490045 -0.9204654298 
352500.0000000000 -1132916.0142899472 6092529.9853137927 1504633.6394168381 0.1801872006 20.0902350297 0.0000000000 0.6516677290 0.4069723524 0.0000000000 0.4858799598 1.1089959504 -0.5366138596 -0.0452753304 -0.6266068076 1.1443974265 0.0000000000 -1.2912138780 -0.6586061848 0.2391465882 -0.7677089337 
352530.0000000000 -1132914.6055020187 6092526.8146541659 1504633.0664057781 0.0583703611 20.0902350297 0.0000000000 1.4049842554 0.1138124507 0.0000000000 0.0251582060 0.8580752502 0.0240202539 0.0231611813 0.9099916733 0.8497040099 0.0000000000 -3.0056524916 -0.1832691221 -0.5634290541 -0.4371932012 
352560.0000000000 -1132914.9946344271 6092528.4747707434 1504633.4889834675 0.0154457065 20.0902350297 0.0000000000 0.7043110972 0.7585079225 0.0000000000 -0.2026492325 -0.6531746638 -1.1476775117 -1.2787327386 0.9947189670 0.8797384609 0.0000000000 0.0389777545 -0.5134579404 0.1471371106 0.2250284248 
352590.0000000000 -1132914.6487086746 6092528.7155146161 1504633.4813556552 0.0027547919 20.0902350297 0.0000000000 0.8016581254 -0.0182326569 0.0000000000 0.7212541226 0.8814626757 -0.2779805484 -0.3345067444 0.7638682579 0.9169746233 0.0000000000 -2.4698597157 -0.3017499421 -0.5325307722 -0.0950977223 
352620.0000000000 -1132914.9741796781 6092527.9505534256 1504633.2714493710 0.0465829534 20.0902350297 0.0000000000 0.6458838796 0.0585748083 0.0000000000 -0.1068252043 0.6943936940 0.0917869657 -0.0301823227 0.9839167021 1.0622489365 0.0000000000 -2.7966675722 0.1031620204 -1.0924123102 0.3913242509 
352650.0000000000 -1132914.4909542510 6092527.7931773616 1504632.6847215991 0.5938598398 20.0902350297 0.0000000000 0.6895164202 0.1013777280 0.0000000000 -0.2100813823 0.0019591262 0.6380628294 -0.8094515756 1.9369164221 0.9212457365 0.0000000000 -2.9210747127 -0.0663413474 -1.7591491512 1.3982629084 
352680.0000000000 -1132914.2462667527 6092528.7663084716 1504633.3302662370 0.0004561541 20.0902350297 0.0000000000 0.4361300132 0.8245704965 0.0000000000 -0.6450497119 1.1868947734 -0.1864512327 0.1802705601 0.2805880511 0.2386367554 0.0000000000 -1.6268343385 0.5034714974 -1.2044107900 0.0387859376 
352710.0000000000 -1132914.2553883267 6092526.8992185146 1504632.6578493358 0.0280952141 20.0902350297 0.0000000000 1.2029725175 0.3674257680 0.0000000000 0.1542555102 0.0620562256 -0.9113783433 -0.8732830441 1.0307784675 0.6268152812 0.0000000000 -1.1486015263 -0.2598506938 0.0512124249 -0.3046310605 
352740.0000000000 -1132914.9831122314 6092528.7243304420 1504633.5071931365 0.5487809730 20.0902350297 0.0000000000 1.6439626689 0.4708785626 0.0000000000 0.8275392496 0.9429434185 -0.7617748152 -0.2674558725 0.9930633526 0.1645364620 0.0000000000 -2.2279437611 -0.5963317580 0.2142534757 -1.3475258729 
352770.0000000000 -1132915.6562827486 6092527.4673316190 1504633.6018187986 0.1127375057 18.4753069066 0.0000000000 0.4124910823 0.0428060592 0.0000000000 0.5073663132 0.7148620359 -0.4011193720 0.2620468057 0.2065459258 1.0661095168 0.0000000000 -1.8725303464 -0.4000104115 0.0000000000 -0.4784280708 
352800.0000000000 -1132915.0566541466 6092528.9417085573 1504633.0872294870 0.0000921036 20.0902350297 0.0000000000 0.4955031405 1.1354268520 0.0000000000 0.9892064500 0.7630310868 -1.0748373988 -0.9499719757 1.4726344572 0.6853778224 0.0000000000 -1.8721448574 -0.9380744286 -0.6884152336 0.0175046506 
352830.0000000000 -1132915.0143714733 6092527.2357209669 1504633.7942505057 0.4425358563 20.0902350297 0.0000000000 1.5347430311 0.4381291466 0.0000000000 0.4698533874 0.9480438868 0.2479099324 -0.0218700384 0.0698316114 0.1494186048 0.0000000000 -1.9376716240 -0.7639397630 0.1324914916 -1.2135856413 
352860.0000000000 -1132914.5954420038 6092528.4244099800 1504632.5467166041 0.0286572411 20.0902350297 0.0000000000 -0.2300676103 0.6564933351 0.0000000000 0.2757869788 1.4939335554 -0.0784111145 -0.0452124201 -0.7413601531 0.9927101969 0.0000000000 -1.3594905791 -0.1945541285 -0.9764594584 0.3091487976 
352890.0000000000 -1132915.0595415276 6092528.3242471665 1504633.1762738470 0.3094601755 20.0902350297 0.0000000000 0.2143993199 0.8163802479 0.0000000000 -0.0458863027 1.7191727826 1.0596166552 -0.5918503068 -0.7612598683 0.6968342974 0.0000000000 -1.9216378338 -0.1659059925 -1.9624232113 1.0170035969 
352920.0000000000 -1132914.9035162262 6092530.0598475030 1504633.3328274880 0.0093286673 20.0902350297 0.0000000000 1.0404425762 0.3929352499 0.0000000000 0.5838928854 2.2376988283 -0.1770823367 -1.3755821282 -1.9412248649 1.2238933682 0.0000000000 -1.1838026547 0.0491477644 -0.8355215234 0.1767729322 
352950.0000000000 -1132915.5602135083 6092529.2940644594 1504633.4891641121 0.1206625372 20.0902350297 0.0000000000 0.3546287246 -0.0044237705 0.0000000000 0.6284382220 1.2144985344 -0.1042593769 -0.6834903594 -0.0124074136 1.0477649991 0.0000000000 -1.9780359697 0.0339727002 -1.0492037582 0.6364887157 
352980.0000000000 -1132915.5550063399 6092528.9658857379 1504633.5376225514 0.1082987247 20.0902350297 0.0000000000 0.4498042695 0.4253090590 0.0000000000 0.3655357618 0.3302308976 -0.3374090419 -0.8496689154 1.1353283386 0.7440412443 0.0000000000 -1.6700910243 -0.3420301280 -0.8559305203 0.6037106543 
353010.0000000000 -1132915.1127038372 6092529.7705072174 1504633.7321375636 0.4439678788 20.0902350297 0.0000000000 0.6972244045 0.0521637726 0.0000000000 0.2815742320 0.5565783057 -0.6187811995 0.6922962222 0.0108492730 1.0164402222 0.0000000000 -1.6650539006 -0.3666559557 0.6237477225 -1.2238290127 
353040.0000000000 -1132915.7286176938 6092528.0451707104 1504632.9436533332 0.3840486149 20.0902350297 0.0000000000 0.8467006127 0.2877784075 0.0000000000 -0.3313790410 0.1780722543 -0.2501680913 0.4328951186 -1.0621455211 1.7529795198 0.0000000000 -0.8657945463 -0.7570781637 0.9470164407 -1.1396703820 
353070.0000000000 -1132914.9368996539 6092528.3917946825 1504633.0169132762 0.3262367817 20.0902350297 0.0000000000 0.4773227768 0.4958865257 0.0000000000 0.1216899100 1.1401885665 0.0195176569 0.4397893270 -1.2345678133 0.2730805232 0.0000000000 -0.5551420750 -0.2714083919 0.2378514426 -1.0517305014 
353100.0000000000 -1132915.7294581728 6092528.6150486097 1504633.4673257936 0.5691984196 20.0902350297 0.0000000000 0.6009775714 -0.5695629319 0.0000000000 0.8759266828 1.4051902814 -0.7758317120 0.4519717489 -1.3538409225 0.3049918351 0.0000000000 -0.6114330898 0.4003832647 0.8223814343 -1.3910311582 
353130.0000000000 -1132914.8221778024 6092528.8662263192 1504633.3470821364 0.3620783112 20.0902350297 0.0000000000 0.7177448013 0.4410992208 0.0000000000 0.4150396795 1.6488575587 -0.2545321399 0.3750150732 -1.1590844572 0.7447118031 0.0000000000 -1.5290945498 -0.1910103952 0.0328656301 -1.1109207336 
353160.0000000000 -1132914.2445816768 6092527.1291256184 1504633.4442751901 0.0085202060 20.0902350297 0.0000000000 -0.1620425889 1.6520156043 0.0000000000 0.4848092199 2.3017131742 0.0700855935 -0.3576678195 -0.8844945659 0.1823438762 0.0000000000 -1.3379565456 -0.4553445189 -1.5329776549 0.1706465186 
353190.0000000000 -1132915.1349102876 6092527.9369591353 1504632.9651836022 0.0453345481 20.0902350297 0.0000000000 0.1574495926 -0.0375799063 0.0000000000 -0.2177037553 0.0909629106 -0.0535993600 0.6829680321 0.1082105954 0.7778109643 0.0000000000 -1.1461138662 -0.0646103104 0.0961725991 -0.3941709135 
353220.0000000000 -1132914.1765266384 6092524.8056580853 1504632.1785844918 0.0518412405 20.0902350297 0.0000000000 0.0728650205 0.3125005559 0.0000000000 -0.7815049413 -0.3200817429 0.9620834971 0.9921451240 0.1491732887 -0.2295724882 0.0000000000 -0.5046810663 -0.2152907860 -0.0781553189 -0.4221025386 
353250.0000000000 -1132915.9264577776 6092528.6907895496 1504633.7312650003 0.3214707670 20.0902350297 0.0000000000 0.3696244832 0.2401220293 0.0000000000 0.2183688274 0.0875963197 -0.6973327292 0.5644232381 0.4025766386 0.5139592875 0.0000000000 -0.8790975843 -0.4165352591 0.6686851009 -1.0526214427 
353280.0000000000 -1132914.8244297570 6092527.0634524757 1504633.4720806002 0.5446934932 20.0902350297 0.0000000000 0.8911613017 0.7980133335 0.0000000000 0.2290004262 0.4494992764 -0.6484545403 0.1295019388 -0.0588781947 0.5977695445 0.0000000000 -0.8809749766 -0.7731069267 0.6828524885 -1.3721627617 
353310.0000000000 -1132914.6601221152 6092528.3403934576 1504633.3003115221 0.0006015768 20.0902350297 0.0000000000 0.3317861758 0.7656566987 0.0000000000 0.3104759553 1.7793443417 0.3912231544 -0.1151565454 -1.1209184586 0.7266012153 0.0000000000 -1.6794293482 -0.2421959505 -0.9970053506 -0.0456705704 
353340.0000000000 -1132914.5542410815 6092525.4662878346 1504632.8154561773 0.0041606375 20.0902350297 0.0000000000 0.0309924193 0.4194706209 0.0000000000 -0.2948361349 -0.5805559722 0.4764144168 0.3411575926 0.1881149773 0.8168357180 0.0000000000 -0.5420908290 -0.9492827236 0.1585300354 -0.1202805490 
353370.0000000000 -1132915.1463556448 6092528.0572772101 1504634.0232397250 0.1331346543 20.0902350297 0.0000000000 0.2922166282 0.5964925075 0.0000000000 0.1747725032 1.6940831718 -0.9730385803 0.4765200935 -0.1336253623 0.6881283023 0.0000000000 -1.9865382450 0.4916731908 -0.5289316294 -0.6814220721 
353400.0000000000 -1132915.4956586268 6092526.8547546705 1504633.3926240185 0.0917988197 20.0902350297 0.0000000000 0.5846644022 0.2963245572 0.0000000000 0.1598207243 -0.6073150298 -0.5615870881 -0.0538752118 0.4697105872 1.6867808503 0.0000000000 -1.0370430390 -1.1581402044 0.7612133061 -0.5666987269 
353430.0000000000 -1132915.4944146222 6092527.6336622555 1504633.4916225637 0.0455414931 20.0902350297 0.0000000000 0.3670562075 -0.1646855351 0.0000000000 0.6727958993 0.0791838375 -0.3836969920 -0.3562058167 1.4623415898 0.8241068580 0.0000000000 -2.0833090574 -0.3630012554 -0.4589721604 0.3997656244 
353460.0000000000 -1132914.4845108930 6092526.8077001004 1504634.0976876647 0.4456112539 20.0902350297 0.0000000000 0.4168869781 1.3790051078 0.0000000000 0.8407203673 1.7660142302 -0.8091433548 0.2454516941 0.3336606563 -0.2972717952 0.0000000000 -1.7157556283 -0.5139514099 -0.2769208316 -1.2524424910 
353490.0000000000 -1132914.8013222546 6092528.7919727638 1504633.6349261014 0.2112628799 20.0902350297 0.0000000000 0.4538782688 0.3291508521 0.0000000000 0.5456460702 0.2946874213 -0.8481548441 0.4095671507 1.1991219698 0.5343536782 0.0000000000 -1.8232591766 -0.4805768277 0.2736760370 -0.8637219154 
353520.0000000000 -1132914.4271399938 6092529.3126907870 1504633.1566317708 0.0225819439 20.0902350297 0.0000000000 -0.0124078605 1.3550638059 0.0000000000 0.4553842188 1.6096657890 -0.7089422812 -0.5151825137 0.3295010694 0.6418681394 0.0000000000 -1.8183274663 -0.3096926561 -1.2268484195 0.2828338286 
353550.0000000000 -1132914.5661930663 6092527.6627282053 1504633.3232189249 0.2588820749 20.0902350297 0.0000000000 0.5212715931 0.8285453374 0.0000000000 0.2542499283 0.7614383201 -0.3533441155 0.1304399983 -0.3010127048 0.4599700363 0.0000000000 -0.9183147712 -0.5493716477 0.1802819445 -0.9591774512 
353580.0000000000 -1132915.1257879927 6092527.7697496573 1504633.0986668323 0.5957597909 20.0902350297 0.0000000000 1.1652210828 0.5392892857 0.0000000000 0.5647416283 0.6840351355 -1.9858214737 -0.1253234807 0.4853515085 1.7111462688 0.0000000000 -1.9431236639 -0.3740116304 0.8157709313 -1.4574167569 
353610.0000000000 -1132915.4534115370 6092530.1028908519 1504633.1111810536 0.0001728400 21.6659943335 0.0000000000 0.7843342920 0.4535969549 0.0000000000 -0.0155367434 -0.5907714117 -0.8575491942 -0.2959550112 0.6195275245 1.2750316681 1.7538875872 -1.5836428450 0.0433854285 -1.2295946972 0.0252312560 
353640.0000000000 -1132916.2187104947 6092529.4030111060 1504634.4087196353 1.1982089743 21.6659943335 0.0000000000 1.5612582729 0.6434506905 0.0000000000 0.3769001648 0.7131376042 -0.9844340208 0.4575087402 -0.0230071441 0.6488386212 0.6343527612 -1.9690896740 -0.1394846371 0.4053171638 -2.1040753671 
353670.0000000000 -1132915.2077349555 6092528.5173635222 1504633.8882474664 0.0077569157 21.6659943335 0.0000000000 0.6414149202 0.2727427946 0.0000000000 0.9219458076 2.5628803820 0.0645720009 -0.6366614569 -0.2424134660 1.2341465894 -1.5172365004 -3.0222612536 -0.3247958124 -0.3406295504 0.1695296525 
353700.0000000000 -1132916.0975053150 6092528.0222080862 1504633.6313427563 0.0833325567 21.6659943335 0.0000000000 -0.2675974725 1.3381998037 0.0000000000 0.4828680168 1.2138295974 -0.5138850455 -0.7610624215 0.3890064322 1.1971614785 -0.7114379882 -1.4147054163 -1.1004033700 -0.5198049294 0.5564504130 
353730.0000000000 -1132915.9201638082 6092526.0447896346 1504633.4606086167 0.2675573656 21.6659943335 0.0000000000 2.1556426283 0.9553705858 0.0000000000 -0.1010140470 0.2677776330 0.1375543854 -0.8424449047 1.1720736179 1.1279842822 -0.7067537985 -2.6447912736 -1.0400638620 0.3366888405 -0.9984956691 
353760.0000000000 -1132915.9007725923 6092529.8250214700 1504633.5269486688 0.0160804841 21.6659943335 0.0000000000 0.7516820180 -0.7009811417 0.0000000000 0.7070067763 2.0638941195 -1.0958478479 -0.4965719453 -1.2428128728 1.3200540763 -0.6662142130 -1.5885093815 1.0517327855 0.1446973964 -0.2451348775 
353790.0000000000 -1132914.6069730239 6092527.5920668831 1504633.0751479494 0.9361823297 21.6659943335 0.0000000000 0.3767839633 0.9918351609 0.0000000000 0.0546575586 2.0879299031 -0.1046491977 1.2087827905 -0.7448818072 0.4957875829 -1.2080221931 -1.9213839160 -0.3052425023 0.7872606995 -1.8730928302 
353820.0000000000 -1132914.9082016291 6092529.6870657923 1504633.5509855605 0.1100519975 21.6659943335 0.0000000000 -0.3218655197 0.5781745029 0.0000000000 0.6780893530 2.2411897806 -1.2438713326 0.3905465919 0.2331807015 1.2335948375 -1.7956955394 -2.0578149264 -0.3929264903 0.8338799574 -0.6431348494 
353850.0000000000 -1132914.9441486474 6092529.2492904430 1504632.6944275640 0.0487358357 21.6659943335 0.0000000000 -0.3040263254 1.8794267580 0.0000000000 0.2797342842 1.9381112358 -1.1267543553 -0.2227980705 0.4767137794 0.5506481943 -1.0375476939 -1.3538166579 -0.7367590031 -0.0456521849 -0.4286010782 
353880.0000000000 -1132915.0150976290 6092528.6866503861 1504633.5751440718 0.0534730308 21.6659943335 0.0000000000 0.6806081627 1.0629296311 0.0000000000 0.4079173767 0.0098078838 -0.4400264014 0.1240474408 0.4529806987 0.2455208948 2.1930993746 -1.9107534723 -0.1056206894 -1.7805838474 -0.4495985261 
353910.0000000000 -1132915.0529475322 6092527.3479808541 1504633.3120991578 0.0128817896 21.6659943335 0.0000000000 0.8537478675 0.5571595794 0.0000000000 0.0683613674 0.5502996756 -0.8870124612 -1.0093029887 -0.0701144797 1.2112659144 0.5113021940 -1.2685532143 0.2600855612 -0.8551982829 0.2209884803 
353940.0000000000 -1132914.4745715840 6092526.8402908100 1504633.2011140203 0.0554233813 21.6659943335 0.0000000000 1.7027068030 0.6153379675 0.0000000000 -0.4243097742 0.6911279013 0.5961096079 -0.7099845415 0.3404855154 0.5015139683 -0.5461636043 -2.0666618998 0.0230427674 -0.3831608805 -0.4590525015 
353970.0000000000 -1132914.5873750702 6092529.4963138858 1504632.7960367887 0.0037829316 21.6659943335 0.0000000000 -0.0415608691 0.7094976455 0.0000000000 0.1086564209 1.0300112076 -0.9096381240 -0.2213383033 -0.5861587998 0.7203122875 0.6242669580 -0.8316063567 0.4704080529 -0.9939772870 0.1201022242 
354000.0000000000 -1132914.5486262548 6092528.0233426187 1504632.5619074455 0.0023965170 21.6659943335 0.0000000000 -0.3315553553 0.7022655016 0.0000000000 -0.0647638971 1.2727123914 -0.0171518352 0.3842328855 0.4703873776 0.8598625466 -1.1092330940 -1.8944097093 -0.3726583325 -0.1945103260 0.0957318781 
354030.0000000000 -1132915.4723372753 6092530.2107698787 1504633.2155407567 0.0055429313 21.6659943335 0.0000000000 0.3304784198 0.2072939761 0.0000000000 0.2982097577 -0.2157655999 -0.9130877532 0.1310988219 1.0893681729 0.9059821605 0.7272448660 -1.6722247320 -0.1189866361 -0.4760349062 -0.1458062944 
354060.0000000000 -1132915.3665362007 6092528.0534453169 1504633.4892464331 0.0178934175 21.6659943335 0.0000000000 0.2489478625 0.1173173742 0.0000000000 0.0940618865 0.8859464149 0.5768399140 0.4773134657 -0.6928434766 0.3422002621 0.0345346244 -1.3852853839 0.1820285155 -0.5741239394 -0.2623534092 
354090.0000000000 -1132914.2402767488 6092527.5121843582 1504632.9543666372 0.1945812283 21.6659943335 0.0000000000 1.3225644536 0.8689309623 0.0000000000 0.1647973578 0.1715767551 -0.8232002873 -0.6526120850 1.0169835406 1.1477834577 -0.2205213651 -1.8267216628 -0.6560980224 0.3144319258 -0.8664072953 
354120.0000000000 -1132914.3004007048 6092528.9612364825 1504633.5092676568 0.0026623171 21.6659943335 0.0000000000 0.4202202346 0.3533016455 0.0000000000 -0.0212642455 1.3267813208 1.1502684686 0.0773363267 -0.6077025687 0.0401477284 -0.7578877838 -1.4844509922 -0.0201264092 -0.4918947186 -0.1014895656 
354150.0000000000 -1132914.1269910049 6092527.8983668191 1504632.7220867234 0.1027410799 21.6659943335 0.0000000000 0.4492910980 0.8306469842 0.0000000000 -0.3368670338 0.8328823056 0.2860662589 -1.4462343233 0.5112471686 0.1083786565 -1.5033212382 -0.2703642451 -0.4409814239 0.0444064011 0.6313994412 
354180.0000000000 -1132914.7336006463 6092529.1673367266 1504633.8695823387 0.0179980064 21.6659943335 0.0000000000 1.4702439218 0.2695505399 0.0000000000 0.0575169689 0.0310213162 0.1503801126 -0.6793837018 1.2979297850 0.6215825865 0.7376019815 -2.8549602853 0.2341148481 -1.4775626123 0.2646492969 
354210.0000000000 -1132915.6074168568 6092530.5025740834 1504634.1546292291 0.2370913960 21.6659943335 0.0000000000 -0.3104830256 0.0553007721 0.0000000000 0.5383900350 1.3255707400 -1.1356794727 -0.7722679468 0.3885174612 1.3979249759 -0.9552614663 -1.3808260393 -0.0553904249 -0.1866489127 0.9619372429 
354240.0000000000 -1132914.8205122186 6092528.9565687208 1504633.0081235729 0.2563159811 21.6659943335 0.0000000000 0.5885553290 0.5457557069 0.0000000000 -0.3931359737 1.0466140050 1.2685252386 -0.6065040452 -0.5882222909 0.9249519169 -0.2245761905 -2.0851354945 0.2050847848 -1.7312083764 1.0016211976 
354270.0000000000 -1132915.8388690848 6092529.2350754645 1504633.8591323118 0.0075004707 21.6659943335 0.0000000000 0.8113855630 -0.2949360813 0.0000000000 0.9410756928 0.5375605800 0.0979384136 -0.8893646669 -0.6094790053 0.3450759938 0.2877464514 -0.7815628678 -0.1232363329 -0.3941717032 0.1715845993 
354300.0000000000 -1132915.1332723598 6092529.3587609222 1504633.9566387143 0.0315890623 21.6659943335 0.0000000000 1.2287326043 0.6957085770 0.0000000000 0.1010866823 0.8307143609 1.0310913852 -0.9540471269 -0.6663462494 0.1267550393 -0.5953870682 -0.9000206018 -0.4413645581 -0.1987785294 -0.3526390500 
354330.0000000000 -1132915.1581989340 6092527.7483518748 1504633.5475914958 0.0009231316 21.6659943335 0.0000000000 -0.0001134198 0.5630159048 0.0000000000 -0.0534874521 1.7114679821 -0.4250351368 -0.1367008296 -0.8538805822 1.1116413978 -0.7136593360 -1.3382930790 0.4081233890 -0.3988161726 0.0603573267 
354360.0000000000 -1132915.7261142035 6092527.9259003764 1504633.7336186508 0.4041396107 21.6659943335 0.0000000000 1.0660936097 1.8988073660 0.0000000000 -0.2271001571 -0.7936819851 -0.6788687339 -0.6316137864 -0.6609392719 0.5359785988 1.8307802076 0.3629690918 -0.5449307226 -0.5591895903 -1.2649412688 
354390.0000000000 -1132914.4627938801 6092529.0337922322 1504634.0560709769 0.0074307432 21.6659943335 0.0000000000 0.3682975396 0.9141667670 0.0000000000 0.7507852949 2.8869365151 -0.1532928234 -0.4695012132 -0.8231258190 0.1823495594 -0.6744273433 -2.2579240425 0.3262720841 -0.8703152846 -0.1717598867 
354420.0000000000 -1132914.5907183099 6092527.1516668033 1504632.7182274442 0.0753225734 21.6659943335 0.0000000000 0.3902226096 0.8662215537 0.0000000000 -0.3675885189 0.1424005419 0.0223897150 0.0672164636 -0.3084960753 0.8137608972 0.0179409430 -0.7131449790 -0.2286342975 -0.1558412317 -0.5476434235 
354450.0000000000 -1132915.1176041670 6092531.4109438732 1504633.4743171115 0.2271677814 21.6659943335 0.0000000000 0.8569673490 0.1465462405 0.0000000000 0.9245318565 0.6183279612 0.4240618491 0.3372303401 0.2130566354 -0.1738689442 0.3079213531 -1.9886810400 -0.3897342638 -0.2242418485 -0.9524024261 
354480.0000000000 -1132914.6718875417 6092528.0101980912 1504633.0945977033 0.0908723721 21.6659943335 0.0000000000 1.1835419450 1.0379219797 0.0000000000 0.2153287974 2.6497656910 0.3539057692 -0.9019235127 -1.4215417560 1.0269074196 -1.4381040666 -2.1916893957 0.1788102368 -0.2487030258 -0.6032119380 
354510.0000000000 -1132915.6315973946 6092530.1402150188 1504633.5312292203 0.0132242220 21.6659943335 0.0000000000 1.3873476004 0.5618378236 0.0000000000 0.0444671703 0.9754225113 0.3936422252 -1.2252810128 0.0891011261 0.8216309737 -1.2368930779 -1.5995082423 -0.3177669083 0.1327665053 -0.2304284550 
354540.0000000000 -1132915.0389265488 6092530.2235726109 1504634.1280019793 0.0125446997 21.6659943335 0.0000000000 0.7849162041 0.8406425391 0.0000000000 0.6944896106 2.0674131460 0.1448157848 -0.5226438402 -0.4208883987 0.1602294957 -0.1415266701 -2.4316156408 0.1848759569 -1.0713595188 -0.2247415417 
354570.0000000000 -1132915.3844260846 6092529.5277488222 1504634.0924984328 0.0045388363 21.6659943335 0.0000000000 0.3928831407 0.8762190709 0.0000000000 0.2406760586 1.0357556926 0.9527457352 -0.4418874589 -0.5424865032 0.0052891658 -0.1175755077 -1.2092840861 -0.3727596009 -0.9497136481 0.1353673052 
354600.0000000000 -1132915.8602102124 6092529.9948279234 1504634.1859329366 0.7170460897 21.6659943335 0.0000000000 0.1810332889 0.7356982868 0.0000000000 0.6729577550 0.9631785880 -0.1443456252 1.5493854723 -0.5004642448 -0.0238303554 1.0241486681 -2.0813737242 0.0929321735 -0.5137517477 -1.7038477255 
354630.0000000000 -1132915.7894085727 6092529.0394473840 1504633.8154050154 0.0457622521 21.6659943335 0.0000000000 0.5940029277 0.1373320635 0.0000000000 -0.0634910293 1.2062953045 1.0192631395 -0.0267761156 -0.2895181061 0.2734405558 -1.5369285363 -1.3741090179 -0.1209029530 0.3721967776 -0.4310238964 
354660.0000000000 -1132915.1686048275 6092527.5417806823 1504633.3005107488 0.0064330887 21.6659943335 0.0000000000 0.4963570550 -0.0315016970 0.0000000000 -0.1945186651 -0.5053556101 1.2953944835 0.3166253935 0.0742936812 0.7172397873 0.0362308684 -1.3902328954 -0.3897838478 -0.6337072458 0.1618247105 
354690.0000000000 -1132916.0227481059 6092528.8943254994 1504633.8748657734 0.0109353417 21.6659943335 0.0000000000 -0.1730624700 0.4417593248 0.0000000000 0.7248621692 1.3321753224 -0.3899642905 0.2361417265 0.1101973447 0.5034252762 -0.3859345788 -1.6849023233 -0.3682481357 -0.1386138807 -0.2112660018 
354720.0000000000 -1132914.7930971009 6092527.8360779788 1504633.1990774171 0.0718141688 21.6659943335 0.0000000000 0.3333756106 0.6963663427 0.0000000000 0.0410933810 0.7714805355 0.6021961240 0.7946589706 -1.2567358000 1.0389553450 0.6352194666 -2.0295214931 0.2622935531 -1.2172770680 -0.5421307599 
354750.0000000000 -1132914.5403656266 6092528.8114934983 1504633.7138023016 0.2346528664 21.6659943335 0.0000000000 0.8845405932 0.3439915854 0.0000000000 0.8421135011 2.2208193322 0.0987023388 -1.7785622283 -0.1561120991 -0.1683516695 -0.5288351574 -1.8765116461 0.3750709318 -1.2423526142 0.9812654856 
354780.0000000000 -1132914.8353473695 6092530.8077057600 1504633.1925671762 0.0041161910 21.6659943335 0.0000000000 0.3947258178 0.2813453996 0.0000000000 0.8123034903 2.8532906804 1.0691272606 -0.1829412351 -0.8920732148 -0.1877426505 -1.0835656826 -2.6484627322 0.2994401432 -0.9219663157 0.1301248788 
354810.0000000000 -1132916.6702245069 6092531.5351966396 1504634.6002407535 0.0040222362 21.6659943335 0.0000000000 -0.0515527289 0.0786891854 0.0000000000 0.8553004425 1.0126578065 -0.9557302420 0.6522462349 -0.5344410126 1.3774228407 1.2113301731 -2.5992738912 0.5468738268 -1.4666883081 0.1288013133 
354840.0000000000 -1132915.9174848176 6092528.1765216421 1504633.9181300430 0.2319443181 21.6659943335 0.0000000000 0.3552454639 -0.1069791607 0.0000000000 0.2470903927 -0.8784118800 0.6006170163 -0.5707119024 -0.3508155280 0.6284031823 1.0259385690 -0.2642498362 -0.3471479397 -1.1997115047 0.9794120269 
354870.0000000000 -1132915.9295729836 6092526.7224938972 1504633.0616747574 0.0456300213 21.6659943335 0.0000000000 0.9549157383 -0.2512811629 0.0000000000 -0.5693710752 -0.6154401300 0.4972527749 0.1307732682 1.7042715382 0.4829523862 -0.9449875648 -1.5722342606 -0.0992703895 0.5150395374 -0.4349669109 
354900.0000000000 -1132915.7702096778 6092528.8321394622 1504633.2512371270 1.4261455476 21.6659943335 0.0000000000 -1.4289601013 0.3602000543 0.0000000000 0.4214740996 1.5949273037 -0.3497687877 -0.8460745912 -0.5919415772 2.5434787433 -1.5461096895 -1.0625557929 -1.1279929228 -0.6285212049 2.4348065805 
354930.0000000000 -1132913.7412644492 6092528.5771976709 1504634.0932981598 0.3400589260 21.6659943335 0.0000000000 -0.3151773751 1.2078007098 0.0000000000 0.8949830492 4.5797464493 -0.1962790489 -1.5560828655 -0.9471407844 0.1574419440 -1.9738484377 -2.3750400175 0.2310298274 -1.0480050946 1.1904326811 
354960.0000000000 -1132914.6883725403 6092528.6228214195 1504634.0977807555 0.1367708415 21.6659943335 0.0000000000 -0.1007214260 0.8435587697 0.0000000000 0.5622035220 1.1354630251 0.3924243552 0.2532887940 -0.4577378605 0.9660524006 0.8878179755 -2.7957571056 -0.0821982411 -2.1982464317 0.7559034541 
354990.0000000000 -1132915.4910082517 6092528.7199580558 1504633.4483791937 0.1055613286 21.6659943335 0.0000000000 1.9264458984 -0.4488771826 0.0000000000 0.4652387973 -1.7328458587 -0.3475032194 -0.8824945010 1.7934587246 0.6365223861 0.4463166776 -1.1160707483 -0.5600188271 0.5037123820 -0.6649048553 
355020.0000000000 -1132915.9458987711 6092526.6635491531 1504634.4809054628 0.1846464401 20.0902350297 0.0000000000 0.0000000000 -0.5010870624 0.0000000000 0.7709511923 -1.0659708755 -0.8330969055 -0.1403372265 1.1338394511 0.9326485788 1.0137724885 -0.8450186276 -0.6931969396 -0.4703271276 0.8204112985 
355050.0000000000 -1132915.2544489659 6092530.7534222072 1504634.6163308108 0.0006162070 21.6659943335 0.0000000000 -0.1520445541 0.1786368163 0.0000000000 1.3391934847 2.6060349025 -0.8812381421 -0.4713161961 -0.6033557512 -0.0689297149 -0.5600861373 -1.4149479752 0.1263589518 -0.1099449549 0.0508912639 
355080.0000000000 -1132915.0226115980 6092530.5729663512 1504634.3070721501 0.0826626055 21.6659943335 0.0000000000 0.4578937814 0.1656541193 0.0000000000 1.0488000544 2.0655108022 0.4622981169 0.0826009448 -0.5771387180 -0.0700597034 -0.7672630741 -2.1473393912 -0.0380982643 -0.1193192548 -0.5905241456 
355110.0000000000 -1132915.5314817044 6092527.0276109977 1504633.0713867482 0.0151817787 21.6659943335 0.0000000000 0.5603838491 -0.2688156015 0.0000000000 0.4443369008 -1.6795686248 0.0044559393 0.3821120573 0.8573832229 1.1512811602 0.7942428265 -0.9869389670 -0.9123078924 -0.0337589978 -0.2533735688 
355140.0000000000 -1132916.0439987204 6092529.9817896504 1504633.9998835316 0.0000338203 21.6659943335 0.0000000000 -0.1758391689 -0.8709603457 0.0000000000 1.0453481343 0.0970139447 -0.7442271558 0.3746143331 -0.2599584149 -0.1818718502 0.8191250472 -0.1065684422 0.1240702135 0.0233486678 0.0120237935 
355170.0000000000 -1132914.5908718130 6092529.5505490964 1504633.6968665738 0.3535328060 21.6659943335 0.0000000000 0.7769650845 -0.3911369510 0.0000000000 0.5565703185 1.1848545537 1.1183613593 -1.1757532756 -0.9943672624 0.2919649583 -0.4874550804 -1.2625717287 0.2801266998 -1.1689358993 1.2255321298 
355200.0000000000 -1132915.0205170664 6092528.8311485117 1504632.8716603580 0.2775167690 21.6659943335 0.0000000000 1.2573955868 0.0771990051 0.0000000000 0.2150703734 0.2056552449 0.0924628224 0.0825717384 -0.0771898612 1.1715207857 -0.3742141679 -1.9754717923 0.2420735036 0.1299177785 -1.0870547663 
355230.0000000000 -1132915.6149684514 6092530.4147688076 1504634.0318775442 0.0979177630 21.6659943335 0.0000000000 0.8941237969 -0.0331903805 0.0000000000 1.2383968189 -0.0986727104 -0.2535676277 0.0480861216 -1.0951376597 1.4401393947 0.8737202034 -1.4824302485 -0.3044368046 -0.4349934086 -0.6464389805 
355260.0000000000 -1132915.6561239623 6092531.7364512095 1504634.0927307403 0.0403397220 21.6659943335 0.0000000000 0.1490915879 -0.0678554359 0.0000000000 1.1956334014 1.6511272455 -1.0652298892 -0.1026358268 -0.0934314880 1.2260570345 -0.9274530898 -1.8949773163 -0.3268708153 0.6221169823 -0.4153792166 
355290.0000000000 -1132915.9242655628 6092531.2436404824 1504633.9217660418 0.0001550847 21.6659943335 0.0000000000 0.0527084478 -0.1473219466 0.0000000000 1.1402304256 0.7217398338 -0.9245082323 -0.0609778884 -0.4633633055 1.9179559196 -0.3672118766 -1.5184864755 -0.6108451180 0.2226113650 0.0257113581 
355320.0000000000 -1132914.8436618843 6092530.9240810247 1504633.7035493697 0.0001393852 21.6659943335 0.0000000000 0.7067097730 -0.0030558676 0.0000000000 1.3004902280 0.8207043637 -0.4355930463 -0.5375336946 -0.6501369344 0.8468195644 0.4311939630 -1.6392551165 -0.1447223086 -0.6125477260 0.0243893528 
355350.0000000000 -1132915.8834453882 6092530.9316591276 1504633.9167419560 0.2064748035 21.6659943335 0.0000000000 1.4546291603 -0.2226138531 0.0000000000 1.3493997820 0.2283899851 -0.1385167353 0.2233227079 0.0332012349 0.7304569840 0.8854366199 -2.9124748225 0.1484652522 -0.6798015345 -0.9428303187 
355380.0000000000 -1132915.6833657266 6092531.5294851614 1504634.2658524264 0.1634679648 21.6659943335 0.0000000000 0.9805506525 -0.5550000230 0.0000000000 0.9883039008 -1.1470809847 0.3763380468 -0.1355431576 -0.2933534276 0.8835150786 1.9451553716 -1.6872428881 -0.0552659828 -1.9157354385 0.8398006388 
355410.0000000000 -1132913.8814568578 6092527.9304328328 1504633.3478555011 0.4089441220 21.6659943335 0.0000000000 -0.6202295781 -0.0420480936 0.0000000000 0.0336756528 1.2340638190 0.2456217431 -0.1767437785 0.1127540708 0.4165922869 -0.7943162409 -1.0777252945 -0.1032687512 -0.6490943480 1.3296752530 
355440.0000000000 -1132915.6063251270 6092530.8404291999 1504633.6677976854 0.0830837771 21.6659943335 0.0000000000 1.0077562947 -0.7459839841 0.0000000000 1.4741891157 0.5743898293 -0.2753590970 -0.3324172760 -0.4048889085 0.3862568297 -0.1296566421 -1.2103079045 -0.1565571426 0.4505731867 -0.5999538533 
355470.0000000000 -1132914.9818732592 6092529.7788352668 1504633.4893993803 0.1398094703 21.6659943335 0.0000000000 0.4489488859 -0.5647287496 0.0000000000 0.9942284813 1.7146809480 -0.3423504771 -0.8791243675 0.9480626706 0.3099459704 -1.2081838297 -2.1604164914 -0.2238925568 0.0882519624 0.7790552868 
355500.0000000000 -1132915.1696219931 6092527.5765765747 1504633.2098245092 0.1617408025 21.6659943335 0.0000000000 0.6196098301 0.1006785772 0.0000000000 0.1113078748 0.3583561754 0.5739486850 0.2476143587 0.1030571777 0.9064602873 -1.1434637931 -1.4675182439 -0.2375942436 0.5305973984 -0.8387733126 
355530.0000000000 -1132915.0329657926 6092529.3432364529 1504633.5327331410 0.1512652963 21.6659943335 0.0000000000 -0.1635707240 -0.6048365350 0.0000000000 1.0185863863 1.7233307418 0.8050174276 0.1108234935 -0.1405540904 -0.3937062003 -0.6769288515 -1.7862524003 -0.2300791774 -0.5089914634 0.8119541554 
355560.0000000000 -1132915.7106613917 6092529.8829708016 1504633.7489029916 0.0111131546 21.6659943335 0.0000000000 1.2392846431 0.1795175759 0.0000000000 0.4321719398 0.9852748045 0.0319577061 -0.5950771836 -0.3826332360 0.2412408404 0.2743558763 -2.0297135608 0.9554102765 -1.0362891862 -0.2202843898 
355590.0000000000 -1132915.5633027924 6092529.5458392622 1504633.4196527423 0.3813460004 21.6659943335 0.0000000000 1.3621075827 0.4971557716 0.0000000000 0.2608581894 0.5746377751 0.0088166928 -0.2258482366 -0.3355641497 1.3981807972 -0.6835839093 -2.1111669903 0.4150879436 0.0780783425 -1.2916820777 
355620.0000000000 -1132915.9174201016 6092530.2818926219 1504633.6970908898 0.0973587011 21.6659943335 0.0000000000 1.2434567208 -0.3326607214 0.0000000000 1.1360396453 -0.3773964630 0.5634634588 0.2896495322 0.3081052614 1.2379722045 -0.0213675611 -2.5790869694 -0.6037044292 -0.2101217680 -0.6532668038 
355650.0000000000 -1132914.0678803138 6092528.3765314231 1504633.3787334845 0.0472148616 21.6659943335 0.0000000000 1.0899441671 -0.4498186459 0.0000000000 1.0735055118 1.1879542084 0.3345201020 -0.3877828473 0.3246763039 0.2568818009 0.0147965585 -3.0650210305 0.3357507615 -1.1251476358 0.4553444254 
355680.0000000000 -1132916.1300388086 6092529.5704023223 1504633.4883459215 0.3504541172 21.6659943335 0.0000000000 1.0559849521 -0.2629121300 0.0000000000 1.0758108122 -0.8367002177 -0.5388539604 0.2943729136 1.0809615158 -0.5839523464 1.2804609542 -1.0969492334 -0.2377615126 0.1793309179 -1.2416900408 
355710.0000000000 -1132916.2334136562 6092531.6967006326 1504633.6908442939 0.2190355526 21.6659943335 0.0000000000 1.3317767661 -0.1087967775 0.0000000000 1.5058430481 -0.0434284600 0.3287538229 0.3158287528 -0.1986563338 -0.3962382492 1.4586495961 -2.1617102572 0.0826169438 -0.9273457285 -0.9825202606 
355740.0000000000 -1132915.5579657133 6092530.4135583220 1504633.1350400459 0.1331770133 21.6659943335 0.0000000000 0.8919887396 -0.6368842539 0.0000000000 0.4672294283 -1.2226715240 0.6376109057 0.9976835266 1.1774267887 0.6614843606 0.1609174850 -2.0057833237 -0.4118605314 0.0423223345 -0.7667951870 
355770.0000000000 -1132915.6337922092 6092529.4046138022 1504633.6366962977 0.0275218652 21.6659943335 0.0000000000 0.0682068901 -0.2623822911 0.0000000000 1.0687821517 0.0612197516 -0.2067560333 0.8897789947 0.7410197456 0.3112275522 0.4898705212 -1.9644206804 -0.6133838900 -0.1625339093 -0.3488800899 
355800.0000000000 -1132915.6308652752 6092529.8902072320 1504634.0476051988 0.0121733350 21.6659943335 0.0000000000 0.4922738353 0.6748829987 0.0000000000 1.4024773675 -0.3926418584 -1.0445598466 0.2049031933 1.2099972808 0.3230581361 2.0100301167 -2.4370171585 -0.8007096539 -1.1729290083 -0.2322164006 
355830.0000000000 -1132914.9020790181 6092527.7851033239 1504632.8376910775 0.2895071394 21.6659943335 0.0000000000 -1.3296599067 -0.1603786055 0.0000000000 -0.3401414166 -0.5937887188 0.3369570802 1.5175721138 1.0329749158 0.4635208404 0.4514343854 -0.9733345081 -0.7039853762 -0.8389535930 1.1334219764 
355860.0000000000 -1132915.9278659141 6092528.7032728009 1504633.1972578936 0.0298659482 21.6659943335 0.0000000000 0.4039074653 0.3075938587 0.0000000000 0.1688911609 1.0603167953 -0.3067493928 -0.6132168024 0.4871481636 1.4416718682 -1.8770101064 -1.3961188655 -0.3733313125 0.8892832079 -0.3643295905 
355890.0000000000 -1132915.6723961588 6092529.0698680282 1504633.4924665997 0.0061829967 21.6659943335 0.0000000000 0.5066095897 -0.1920563398 0.0000000000 0.5759587096 0.8710413384 -0.6364615233 -0.4159010350 0.4989080294 1.3954136448 -1.2336928952 -1.6969586496 -0.2024059133 0.5992190024 -0.1658940283 
355920.0000000000 -1132914.4481275948 6092527.9968794463 1504632.4058490186 0.4434697727 21.6659943335 0.0000000000 -0.1747307340 -0.5048298439 0.0000000000 0.4257918394 -0.3466830394 -0.7691580875 -0.0735986949 0.5005223941 1.2141587455 0.5696906796 -1.0411392251 -0.3200235133 -0.8434526759 1.4061386339 
355950.0000000000 -1132914.4249234130 6092528.5524184573 1504632.8017641602 0.0427518325 21.6659943335 0.0000000000 0.9890016746 -0.7498969416 0.0000000000 0.5610232610 -0.9200565013 -0.1603000709 0.1152335722 0.7126050360 1.7580154852 -0.6557373885 -1.4663510918 -0.3837359263 0.5625698633 -0.4369228897 
355980.0000000000 -1132914.0652568114 6092526.6261580996 1504632.5953088482 0.5686526698 21.6659943335 0.0000000000 0.2554811824 0.0044674245 0.0000000000 0.1393822834 0.2555144008 -0.1418046766 -1.0560348124 0.9476888492 0.4838715320 -0.0483428843 -1.1318712002 -0.3874856026 -0.9276525633 1.5946833969 
356010.0000000000 -1132914.8756316821 6092531.0178581988 1504633.6788485546 0.0011465151 21.6659943335 0.0000000000 0.3702456226 0.0260350690 0.0000000000 1.2422446817 0.1546123571 -1.6574911135 -0.5606365920 0.7552676323 -0.7257587748 1.6303777021 -0.5006730565 -0.2660978715 -0.1923696590 -0.0716394983 
356040.0000000000 -1132914.5401067722 6092528.5875211423 1504633.5294534636 0.0151140683 21.6659943335 0.0000000000 0.6737495691 -0.1961786178 0.0000000000 0.7015233344 0.4675639153 -1.3938129428 0.1332962908 1.4474056551 -0.4304639230 1.3159578749 -2.3036518394 0.6615625542 -0.6458700278 -0.2603534352 
356070.0000000000 -1132915.4057875022 6092529.7680800557 1504633.3057468468 0.1338411119 21.6659943335 0.0000000000 1.5561612682 -0.1758623038 0.0000000000 1.0156414509 0.4466077815 -0.9444368566 -0.8089174244 0.2288189622 0.0370310547 0.5894331552 -1.6075920166 0.7408081749 -0.1875670872 -0.7753087947 
356100.0000000000 -1132914.9025932536 6092530.0922019659 1504634.4867533096 0.6225905697 21.6659943335 0.0000000000 1.6420236497 1.4803684659 0.0000000000 1.3480427608 0.1768477136 -0.9276068301 -1.1017589467 0.2369574290 0.1224754251 1.1269561829 -1.7041212007 -0.2092485112 -0.3523856752 -1.6733153983 
356130.0000000000 -1132914.8724176625 6092528.8519043755 1504632.9305167336 0.0135941463 20.0902350297 0.0000000000 0.0951009351 0.2538526660 0.0000000000 0.9556494483 1.0025641331 -0.7939965389 -0.0534575954 0.4385193787 0.3805314034 0.0000000000 -1.6429555431 -0.3884786317 0.0409603814 -0.2473943917 
356160.0000000000 -1132915.5510739002 6092530.3713008799 1504634.4621897463 0.0684747735 21.6659943335 0.0000000000 0.5838779569 -0.0090760280 0.0000000000 1.4308023480 0.1447217651 -2.0686627682 -0.2892484774 1.2444510190 -0.7574587586 1.8979602488 -1.1811790650 -0.1793432220 -0.0344761550 -0.5556630008 
356190.0000000000 -1132915.2621695290 6092529.4292027839 1504633.8915966703 0.0025122529 21.6659943335 0.0000000000 -0.3810022333 -0.0124225513 0.0000000000 0.8303944781 0.6892591165 -0.5139913417 0.3891750139 0.3314855742 -1.5939735499 1.4782333901 -0.4912648526 -0.1893104838 -0.4818554592 0.1065010148 
356220.0000000000 -1132915.0046178850 6092528.9519516099 1504633.7811478665 0.0019117038 21.6659943335 0.0000000000 0.7034316889 0.2740924396 0.0000000000 0.7353058851 -0.6038711062 -0.7854930901 -0.5493827371 0.5544637673 0.0353234805 1.3764295566 -0.7370472205 -0.2630395679 -0.7007792053 0.0929462064 
356250.0000000000 -1132913.6340905859 6092529.8257315345 1504632.4483362513 0.2014327718 21.6659943335 0.0000000000 0.8627312754 0.0244463952 0.0000000000 0.6459849308 0.0932921883 0.1783625236 -0.2203502741 -0.0877016797 0.0015669090 -0.2118966795 -0.6667937833 0.0110457428 0.3344345667 -0.9548095563 
356280.0000000000 -1132914.0253260406 6092529.9616923053 1504632.7567050152 0.1400557333 21.6659943335 0.0000000000 1.7128977035 0.2945641155 0.0000000000 0.9728994102 -0.9901872901 -1.3232366362 -0.7843057557 0.4872140966 0.6801635959 1.5825722606 -1.4042961123 0.4048988482 -0.6686802843 -0.7966271068 
356310.0000000000 -1132914.8125200500 6092530.7377787679 1504632.8715985324 0.0114551814 21.6659943335 0.0000000000 0.6879437167 -0.1664348745 0.0000000000 0.7011896865 0.0258387812 0.1783377311 -0.0915979110 0.1788087529 0.0582789609 0.1408248233 -1.1166224541 -0.1154565260 -0.2216052029 -0.2279564293 
356340.0000000000 -1132915.1421105179 6092527.9317729836 1504633.1295812961 0.0413925865 21.6659943335 0.0000000000 -0.5558634046 0.7503385736 0.0000000000 0.2195741590 0.8287978014 -0.2935450855 -0.0362824788 0.6576214863 0.4941445132 -0.2506661912 -1.2093595903 -0.7896781395 -0.2656024241 0.4335615385 
356370.0000000000 -1132915.6016864753 6092529.6453870740 1504634.1184609444 0.0000161338 21.6659943335 0.0000000000 0.1640292379 -0.2503305371 0.0000000000 1.0691453105 0.4754042854 -0.8570152007 0.6601336834 0.1069229242 1.1545993168 0.4838031433 -2.3649995849 0.0073350433 -0.5886819800 0.0084486483 
356400.0000000000 -1132914.9660152965 6092529.1919665504 1504633.4202500198 0.0094088426 21.6659943335 0.0000000000 0.7957426532 -0.2310166108 0.0000000000 0.6151107571 -0.2662821531 -0.4852354689 0.2863703670 0.6528624507 0.5924249344 0.6946652193 -2.0233197843 0.3085000057 -0.6575204098 -0.2069267533 
356430.0000000000 -1132914.9816277565 6092529.4807112543 1504633.6477487213 0.0371110881 21.6659943335 0.0000000000 -0.6444670083 0.7710065444 0.0000000000 -0.0060358070 0.5788268804 0.1463597504 0.9067619604 0.3774124762 0.3822256714 0.5358108330 -1.9923063748 -0.1980681269 -1.2355616541 0.4111706457 
356460.0000000000 -1132915.5802943616 6092529.9863422811 1504633.2045965316 0.0002017750 21.6659943335 0.0000000000 0.8511721544 0.9674220299 0.0000000000 0.9904898347 -0.7533826166 -0.1505812249 0.1056940157 0.8480139763 1.0331461843 1.3712391383 -2.8347227849 -0.6552093273 -1.6290861857 -0.0302603709 
356490.0000000000 -1132915.6336878678 6092532.1828468768 1504633.6100820175 0.0122942229 21.6659943335 0.0000000000 0.9961058648 0.0557385473 0.0000000000 1.4700202695 0.8450646972 -0.6922872804 -0.2091614396 0.1239143141 -0.0172467873 1.0538819369 -2.5692192850 0.2499481245 -0.9318974928 -0.2368813045 
356520.0000000000 -1132914.4882705982 6092529.5122739188 1504633.4946045640 0.0401555911 21.6659943335 0.0000000000 0.1394119534 0.9795757221 0.0000000000 0.7320927949 0.1753465592 -0.6911155662 -0.2567739930 0.0158023152 -0.3056063750 1.9638931984 -1.2510188501 -0.2061684322 -1.5635159851 0.4283117491 
356550.0000000000 -1132915.2578059912 6092528.0123387976 1504632.8792774607 0.0112415332 21.6659943335 0.0000000000 -0.3145841444 1.4934947409 0.0000000000 0.2986343995 2.0642829743 0.8473429270 -0.4030555092 -0.9037243786 0.4361208596 -1.2354339338 -1.3841097960 -0.3051451525 -0.4320112329 -0.2267147158 
356580.0000000000 -1132916.3283079411 6092529.7046225993 1504634.1709409573 0.2072704491 21.6659943335 0.0000000000 -0.6694950435 1.5459290808 0.0000000000 0.3380575920 0.7011677678 -1.1261361824 -0.6425662627 0.6547178629 0.5889017972 0.9123730304 -1.1331157976 -1.0533125463 -1.0262050308 0.9739573535 
356610.0000000000 -1132914.6884535188 6092527.4961841563 1504632.9272627172 0.0048433722 21.6659943335 0.0000000000 -0.4289360355 1.9866315312 0.0000000000 0.1541418544 1.2301272077 -0.0346446583 -0.7850827327 -0.2959834964 1.5728029457 -0.9562797143 -1.2671657685 -0.8289482729 -0.5546551957 0.1489250728 
356640.0000000000 -1132914.6292249397 6092528.9205242163 1504632.9929688629 0.0548373479 21.6659943335 0.0000000000 0.3475883086 2.4104601026 0.0000000000 0.0133099455 0.7019771163 -0.1625081047 -0.5886316226 0.7471688742 1.0408618466 0.1768314023 -2.6381459069 -0.2103256937 -1.3072352665 -0.5013710295 
356670.0000000000 -1132914.7855826337 6092528.5221302975 1504632.3479198944 0.0003511105 21.6659943335 0.0000000000 1.2494049141 1.4529554290 0.0000000000 -0.1150884486 0.3120099651 0.1429106749 -1.8222880917 0.5871614641 0.8874508526 -0.5674821440 -1.4462268627 0.1218305453 -0.8543510678 0.0400740960 
356700.0000000000 -1132915.1043687374 6092528.9380554883 1504632.3577644280 0.1542289164 21.6659943335 0.0000000000 -0.5934857070 2.4028455659 0.0000000000 0.5442167969 0.2976878068 -2.2754485893 -0.0704890483 0.4799449542 -0.5840871161 2.9875211158 -0.7718998459 -0.4127579661 -0.9514439569 -0.8414643053 
356730.0000000000 -1132915.0240193685 6092527.8905148217 1504632.7341935767 0.1027317284 21.6659943335 0.0000000000 -1.0510882651 2.9019017206 0.0000000000 -0.7599278670 0.5355144299 -1.4296054782 0.7248440684 0.0431945216 1.8679279593 1.0957399153 -2.0827884338 0.4902022951 -1.5888458207 -0.6870031628 
356760.0000000000 -1132915.1288223823 6092528.4950316120 1504632.8242598244 0.0963456526 21.6659943335 0.0000000000 -0.3670241741 2.9714320911 0.0000000000 0.4334986314 -0.4950370495 -1.1382602202 -0.4867835395 0.2037956274 0.5736872545 1.9631131847 -0.5842311001 -1.1449327801 -1.1442395392 -0.6655344902 
356790.0000000000 -1132915.7011277364 6092529.1795285884 1504632.9963483703 0.2203260537 21.6659943335 0.0000000000 0.6398246837 2.1079731863 0.0000000000 0.2140530499 -0.8596417876 -0.6569323288 -0.6757581772 0.7260845399 2.0046114514 0.0814574051 -1.4547324278 -0.5473164631 -0.5528819150 -1.0067735725 
356820.0000000000 -1132914.8924647230 6092528.7778509855 1504632.8338513600 0.2764299501 21.6659943335 0.0000000000 -0.0673373289 3.2384306160 0.0000000000 -0.8603725899 1.3361508182 1.2186212846 -0.5385416041 0.0608067606 -0.2936643382 -0.2362966224 -1.7232049540 0.3085069281 -1.3291074919 -1.1280476710 
356850.0000000000 -1132914.6804937378 6092528.7321942030 1504631.7621054600 0.1765046447 21.6659943335 0.0000000000 -0.1225506972 3.3977891762 0.0000000000 0.0761266392 1.1208932515 -0.5497947475 -1.0517236149 0.2769768802 0.9053697357 0.2848940750 -1.8546909632 -0.4964682908 -1.0489883831 -0.9016586237 
356880.0000000000 -1132916.2498111883 6092530.9866165165 1504632.9030342000 0.6366091998 21.6659943335 0.0000000000 -0.2168517025 3.5209105345 0.0000000000 0.3035429180 1.3467576080 -1.2183844262 -1.1548678091 0.2733042016 0.4238762591 0.4945011880 -1.2458035212 -0.5046931238 -0.2512777380 -1.7128754170 
356910.0000000000 -1132915.8630686630 6092528.7881942950 1504632.5437376392 0.1386166395 21.6659943335 0.0000000000 -0.2150594819 4.0467825242 0.0000000000 -0.2018309852 -1.1644561937 0.1330865619 -0.7391015328 0.5028127844 2.0202509416 0.5292506938 -1.0850670743 -1.5203277152 -1.4978439190 -0.7994904628 
356940.0000000000 -1132916.5351670682 6092530.3054429870 1504633.2051540774 0.7048849099 21.6659943335 0.0000000000 -0.5342159103 4.6088741654 0.0000000000 -0.1088822255 1.3568893621 -0.1529296125 -1.3033222865 0.4937892543 -0.9039780559 0.9995390351 -0.8733608524 -1.0281560823 -0.6950058896 -1.8033440780 
356970.0000000000 -1132916.7505766698 6092529.1094669560 1504632.6242077656 0.3471044387 21.6659943335 0.0000000000 -0.7020562927 4.0278868281 0.0000000000 0.1276094836 0.2731060547 -0.9549992280 -0.6991753567 0.5241842254 -0.1837754782 1.9484449945 -0.7764822899 -1.2083003716 -1.0142965977 -1.2657725404 
357000.0000000000 -1132915.9720482780 6092530.2446782310 1504633.1529680663 0.6159631420 21.6659943335 0.0000000000 -0.7246613808 4.8840510572 0.0000000000 -0.2517410170 -0.1988931407 -0.2849311235 -0.9977649413 -0.2563177068 -0.0398704465 1.7306846286 0.2204116879 -1.1442684064 -1.1818078002 -1.6865682368 
357030.0000000000 -1132916.4915240090 6092529.5381168369 1504631.9062987219 2.2420464132 18.4753069066 0.0000000000 0.7169317684 4.7285751057 0.0000000000 0.0000000000 0.0247997848 0.0704526874 -1.8716832309 -0.5123664597 -0.6058378376 2.0275632805 -0.6824892373 0.0000000000 -1.9692436036 -1.8009982846 
357060.0000000000 -1132916.1354515220 6092526.8385391235 1504632.8461390492 1.5411497335 18.4753069066 0.0000000000 -0.2847448469 4.8452477238 0.0000000000 0.0000000000 -0.0813939764 -0.9467346937 -0.7249453736 -0.8958023906 0.9879893546 2.4399533869 -1.3499301998 0.0000000000 -2.4763526003 -1.3829761422 
357090.0000000000 -1132915.5837043202 6092527.2260154430 1504632.1612834614 2.9486522203 18.4753069066 0.0000000000 0.2111922381 5.3068652545 0.0000000000 0.0000000000 0.0020586243 -0.5450497888 -1.1788679496 -0.3670757592 0.8080408507 1.6133073273 -1.4699797103 0.0000000000 -1.7660279331 -2.5121703414 
357120.0000000000 -1132916.4919928524 6092527.0952782268 1504633.1580290028 2.1759803024 20.0902350297 0.0000000000 0.2129321823 5.3104545687 0.0000000000 0.0000000000 0.2151167584 1.5080854957 -1.4519652236 -0.2029527073 -0.1485064020 1.0401831987 -1.6492662351 -0.9855389956 -2.3800648369 -1.4194961357 
357150.0000000000 -1132915.6713359414 6092530.5359314065 1504632.8716407702 3.4480873884 20.0902350297 0.0000000000 -0.1103012514 5.1508116739 0.0000000000 0.0000000000 2.1547324549 0.9163557046 -1.6133012563 -0.4835205861 1.4821243617 -1.5066006837 -2.4961672692 -0.2678637593 -1.1230491918 -2.1429772671 
357180.0000000000 -1132914.9449935302 6092524.6906909635 1504631.8756402684 2.2026676334 18.4753069066 0.0000000000 0.2915267473 4.9852091496 0.0000000000 0.0000000000 1.0823122832 -0.4615406402 -2.0705957601 -0.2580940463 2.1362347306 -0.5221418508 -2.0032377343 0.0000000000 -1.3162510743 -1.8416264892 
357210.0000000000 -1132916.1257697414 6092528.4966276400 1504632.5496307886 3.7424050399 18.4753069066 0.0000000000 0.0644887067 5.6607553878 0.0000000000 0.0000000000 1.0736344099 -1.0723837563 -1.7587154677 0.2438702915 0.0730095525 1.6613407273 -1.7946744396 0.0000000000 -1.3324470874 -2.7162399291 
357240.0000000000 -1132916.5494152426 6092530.1685241265 1504632.4715192867 3.0402981670 20.0902350297 0.0000000000 -0.3648353314 5.7975550354 0.0000000000 0.0000000000 -0.1835926979 0.1118033895 -0.7780582064 0.4561060013 0.8776673280 1.6962793222 -2.3116076311 -1.0699775380 -2.3064641956 -1.8532727353 
357270.0000000000 -1132915.7285028752 6092526.3702739244 1504633.0392726383 2.2758591616 18.4753069066 0.0000000000 -1.0517936275 5.8746071762 0.0000000000 0.0000000000 1.9247584085 -1.2190382982 -1.2340657351 -1.0760204976 0.1739505871 2.0778885685 -1.5191767536 0.0000000000 -1.8947812870 -1.9686345011 
357300.0000000000 -1132917.2907264659 6092526.7398673072 1504632.6462750409 3.6204993470 18.4753069066 0.0000000000 -0.7504184089 6.5124989345 0.0000000000 0.0000000000 0.6517072783 -1.1940013786 -0.2581021599 -0.0263866952 0.2015622023 3.4313954585 -2.9984412340 0.0000000000 -2.7493216139 -2.6770243738 
357330.0000000000 -1132916.4834821543 6092527.8945964249 1504632.8009716494 2.0380569577 18.4753069066 0.0000000000 -0.8245208530 6.2606933882 0.0000000000 0.0000000000 -0.2215110721 -2.3561654020 -0.6870211578 -0.6789194437 0.6287917223 4.6232145609 -1.7193843680 0.0000000000 -3.1898161045 -1.6509914012 
357360.0000000000 -1132915.0764713925 6092525.7238666052 1504631.4543014178 2.4876090500 18.4753069066 0.0000000000 -0.8760092911 7.0968296801 0.0000000000 0.0000000000 1.7906362249 -1.0713015138 -1.7517575680 -1.2467046406 -0.1834774015 3.0467137732 -1.8378447058 0.0000000000 -2.8455304481 -2.0054203321 
357390.0000000000 -1132916.3346800571 6092526.5867897645 1504632.5710010089 2.8635145833 18.4753069066 0.0000000000 -0.6022476176 6.9065441105 0.0000000000 0.0000000000 1.4845091208 0.1280676136 -1.4074501039 -1.1975168703 -0.1747533126 2.2891027868 -2.1760374126 0.0000000000 -2.9196698011 -2.2458841470 
357420.0000000000 -1132913.7163547156 6092527.5143880351 1504630.9157536605 3.2691456147 20.0902350297 0.0000000000 -0.0740151146 7.4958448197 0.0000000000 0.0000000000 0.9055267982 0.2965739649 -2.9068258155 -0.3512177189 0.7355560023 1.1738300459 -1.7851858676 -0.8915761066 -2.6541827731 -1.8842691808 
357450.0000000000 -1132915.4187405168 6092525.9257081402 1504631.5482878962 3.2105903175 18.4753069066 0.0000000000 -0.6157184193 7.7601002510 0.0000000000 0.0000000000 1.2207055893 0.0418307296 -1.6632308817 -1.4661157031 -0.3793334155 3.0594453702 -2.0169215818 0.0000000000 -3.4002911456 -2.4387420451 
357480.0000000000 -1132915.2475477960 6092525.5064607738 1504630.3050091816 2.3922720616 18.4753069066 0.0000000000 0.3876034576 7.3832700894 0.0000000000 0.0000000000 0.7879196485 2.2882878346 -2.6882311778 -1.6962384471 3.0378901700 -1.8510591390 -2.4214831564 0.0000000000 -3.2602555593 -1.9709690346 
357510.0000000000 -1132914.9853377757 6092526.5465764524 1504630.8378105250 3.0430794088 18.4753069066 0.0000000000 0.1581713098 7.2985458050 0.0000000000 0.0000000000 1.4688628550 1.7791063293 -2.4787888395 -1.1831271181 0.8823324534 -0.1520741000 -2.4759338114 0.0000000000 -2.9816614059 -2.2899829578 
357540.0000000000 -1132916.4380241958 6092529.4584874660 1504632.2385128476 3.4033974977 20.0902350297 0.0000000000 -0.3842383568 8.4282269797 0.0000000000 0.0000000000 1.2427605799 0.9957893626 -2.8038807371 -0.0409211034 0.0479667375 1.6188030308 -2.5746093632 -1.3174040453 -3.2251785906 -1.9392087552 
357570.0000000000 -1132915.2566836542 6092525.7145862589 1504630.7430992846 3.3656366803 18.4753069066 0.0000000000 -0.1605236665 8.2786816815 0.0000000000 0.0000000000 -0.4948942618 0.4585466555 -1.6850795292 -1.3606938666 1.5709875824 2.2471069029 -2.1923038825 0.0000000000 -3.9915024258 -2.5712454151 
357600.0000000000 -1132915.7051063576 6092527.3250804404 1504630.9458858205 4.3400613764 20.0902350297 0.0000000000 -1.6087591423 9.0627564711 0.0000000000 0.0000000000 1.2516863540 -0.6844039460 -1.9474887986 -0.2729577982 0.1895423816 3.2155009232 -2.2408758417 -1.4874895126 -2.9977459923 -2.4232080640 
357630.0000000000 -1132916.1361853634 6092532.3653656123 1504634.6037626723 4.4135794003 16.8118938298 0.0000000000 0.5126785357 0.0000000000 0.0000000000 0.0000000000 -1.0522986905 -0.4414894786 0.2122708064 0.4943341860 -0.2637726686 2.0318475257 -0.9422317521 0.0000000000 -1.4691792999 0.9922860740 
357660.0000000000 -1132916.2516597407 6092532.7923606113 1504634.3649285298 5.8974484166 16.8118938298 0.0000000000 0.2996827761 0.0000000000 0.0000000000 0.0000000000 -0.7303559895 -2.1140022010 0.1819395789 1.3295194789 -0.9475916084 3.3076300730 -0.9546134221 0.0000000000 -0.6361301768 0.3622614711 
357690.0000000000 -1132916.8923844870 6092534.7240558174 1504634.9560785259 5.2348108868 16.8118938298 0.0000000000 0.0886324001 0.0000000000 0.0000000000 0.0000000000 0.1340680456 -1.2541908994 0.1016032136 0.9197590502 -0.3473162783 1.7393055792 -1.3064458112 0.0000000000 -0.6113727694 0.5908907772 
357720.0000000000 -1132916.0258674838 6092528.8468211619 1504633.7957827118 6.7367824179 16.8118938298 0.0000000000 -0.4169743184 0.0000000000 0.0000000000 0.0000000000 -0.3342571313 -0.6454940669 1.2369258511 0.4815050670 -0.7020570928 1.6434084123 -0.6131242882 0.0000000000 -0.0175701246 -0.6165115459 
357750.0000000000 -1132914.9106819748 6092529.4660388967 1504633.1442705207 7.5039335278 16.8118938298 0.0000000000 0.4401130337 0.0000000000 0.0000000000 0.0000000000 0.3682639911 1.2015433718 -0.3499999541 0.2793539871 -0.2212175217 -1.1490345542 -0.4888428570 0.0000000000 0.0048791494 -0.1038958656 
357780.0000000000 -1132915.1319171595 6092526.9568749759 1504632.2450574683 7.5717963789 16.8118938298 0.0000000000 -0.2568962370 0.0000000000 0.0000000000 0.0000000000 1.5380440072 0.2958978329 -0.0499815711 0.4179357927 -1.0546348243 -0.4636763341 -0.6194084882 0.0000000000 0.7604489847 -0.6088886694 
357810.0000000000 -1132914.8979213012 6092529.9626930421 1504632.7026471265 8.1504631588 16.8118938298 0.0000000000 -0.9664117483 0.0000000000 0.0000000000 0.0000000000 2.5153890219 -0.1391009239 0.4092101709 0.3751035820 -0.5043150258 -0.8511372436 -1.3067325337 0.0000000000 0.9475492317 -0.5419363310 
357840.0000000000 -1132915.8497285082 6092533.5281551378 1504633.9133987427 9.8752586589 16.8118938298 0.0000000000 0.1497450671 0.0000000000 0.0000000000 0.0000000000 0.6846263535 0.4782710991 0.5192216697 1.2597171112 -0.3759646680 -0.2114067170 -2.0575074043 0.0000000000 -0.0781106661 -0.3697073251 
357870.0000000000 -1132915.1858646898 6092530.9607932707 1504633.8811780650 7.2327560633 16.8118938298 0.0000000000 1.2788073591 0.0000000000 0.0000000000 0.0000000000 -0.7674260771 1.9937132136 -0.2113794478 1.0830348783 0.6515428630 -1.4657207032 -1.8439963801 0.0000000000 -1.1900311256 0.5097765108 
357900.0000000000 -1132914.5277811405 6092530.7420279803 1504633.5169799456 6.4484172869 16.8118938298 0.0000000000 0.2403179878 0.0000000000 0.0000000000 0.0000000000 0.1834527693 -0.5962481939 -0.2834394958 0.3464456055 -0.3708547124 1.0437381099 -0.6500100360 0.0000000000 -0.4936516747 0.6089670459 
357930.0000000000 -1132914.2177871368 6092527.9506937210 1504634.1225288985 5.8068469702 18.4753069066 0.0000000000 -0.7771500534 0.0000000000 0.0000000000 0.0000000000 1.6917482381 -1.0571204201 1.3758864688 -0.1622309240 0.4147006598 1.4143302872 -3.0817293810 0.6753764074 -1.4797818961 1.0131378795 
357960.0000000000 -1132915.4837551326 6092529.1010712394 1504633.9426367858 7.1901286552 16.8118938298 0.0000000000 0.0959264301 0.0000000000 0.0000000000 0.0000000000 0.1474202542 -0.0739989904 0.3124701971 0.5266057207 -0.6497687480 0.7908806834 -0.8517310559 0.0000000000 -0.1759635150 -0.1175113171 
357990.0000000000 -1132915.5193186328 6092530.3048338750 1504633.6358136740 6.4601702353 16.8118938298 0.0000000000 -0.3485241655 0.0000000000 0.0000000000 0.0000000000 1.4024223122 -0.4983500814 0.3821228978 0.6225190143 0.3153652771 0.2900242825 -2.3283583285 0.0000000000 -0.6849062009 0.8597406145 
358020.0000000000 -1132915.4626692866 6092529.3517987402 1504633.1379330435 6.9151583321 16.8118938298 0.0000000000 -1.0823246363 0.0000000000 0.0000000000 0.0000000000 0.3289847263 -0.2152064332 1.8328564561 -0.2217418431 1.3160075538 0.1511851966 -1.7410169831 0.0000000000 -0.9185233912 0.5503948399 
358050.0000000000 -1132915.0328903927 6092529.1648609033 1504632.7851629911 8.8954453193 16.8118938298 0.0000000000 -0.4950354367 0.0000000000 0.0000000000 0.0000000000 -0.2042917406 -2.1102814827 0.4922973123 1.1915892154 2.5280111018 -0.3519882469 -1.2678946981 0.0000000000 0.3127940744 -0.0272607165 
358080.0000000000 -1132914.7453786167 6092529.9116231166 1504633.3656876707 8.2169859564 16.8118938298 0.0000000000 -0.2130507061 0.0000000000 0.0000000000 0.0000000000 0.4996779562 -0.9183028484 0.0428941718 0.3888874446 0.0835187249 0.5492739244 -0.6229281946 0.0000000000 0.1321927746 0.0653597850 
358110.0000000000 -1132916.6954141322 6092533.0239904141 1504634.0773536770 7.4784219693 16.8118938298 0.0000000000 0.2634505566 0.0000000000 0.0000000000 0.0000000000 0.2365307337 -0.0428610258 0.1369811710 0.0075456729 -1.2148098161 1.7779395390 -0.9387924205 0.0000000000 -0.9424591711 0.7183095616 
358140.0000000000 -1132915.9212425861 6092532.9088293407 1504633.6010595921 7.5311926779 16.8118938298 0.0000000000 0.9836258053 0.0000000000 0.0000000000 0.0000000000 0.5717846554 -0.1520979670 -0.8225930926 1.1506964286 -0.7731729957 0.9719748670 -1.9461827287 0.0000000000 -0.9108564233 0.9742210563 
358170.0000000000 -1132916.2202286120 6092533.4197459659 1504634.1297147304 9.1985187507 16.8118938298 0.0000000000 0.7559434247 0.0000000000 0.0000000000 0.0000000000 -0.2371298258 1.1680734225 0.5351450835 0.8503472202 -1.2956684909 1.0060003676 -1.8669605568 0.0000000000 -1.0673314210 0.1592483083 
358200.0000000000 -1132915.0696263714 6092530.7492019525 1504633.6533109061 1.7028309918 20.0902350297 0.0000000000 0.9130539954 -0.1170977876 0.0000000000 0.0000000000 -0.1663895310 0.4872291893 0.4453606256 -0.0605524523 -1.3942586201 1.5757112655 -1.3296442153 0.9149993509 -1.0813903495 -0.1655823358 
358230.0000000000 -1132915.4123462976 6092530.2284040628 1504633.7117260445 1.1433032775 18.4753069066 0.0000000000 0.0000000000 0.3283380086 0.0000000000 0.0000000000 1.1506631333 -0.6759856729 -0.4515729391 0.0419915704 -0.3654889833 0.8418022341 -1.0876116745 0.1858812330 -0.4346509940 0.4703336584 
358260.0000000000 -1132915.2395079669 6092529.8174395682 1504632.6074342681 1.5300606099 20.0902350297 0.0000000000 0.2847857554 -0.1072113573 0.0000000000 0.0000000000 0.9086090965 -0.7120852177 -0.4445047733 0.4447758215 -0.3882793019 0.4489798402 -0.9037301464 0.3748923190 0.1386591037 -0.0333467126 
358290.0000000000 -1132916.3722770575 6092531.2680284185 1504632.9415604190 1.2083214697 20.0902350297 0.0000000000 0.8387209661 0.4032373919 0.0000000000 0.0000000000 0.2914841482 0.2648956776 -0.7627514968 0.8314275216 0.1517482127 -0.2970751187 -1.5017626522 0.2848132162 -0.7011426766 0.2571850389 
358320.0000000000 -1132915.6706657782 6092529.4570328770 1504633.1114069133 2.4801695661 20.0902350297 0.0000000000 -0.3455574490 0.9756407971 0.0000000000 0.0000000000 -0.3853164148 0.3241225140 0.8834051370 0.2783844606 -0.0656626614 0.7271146879 -1.0063744585 -0.0733985176 -0.5371406374 -0.7872275987 
358350.0000000000 -1132913.8141305281 6092528.9055504054 1504633.6820952978 0.7415550042 20.0902350297 0.0000000000 -0.6990959293 0.1649778687 0.0000000000 0.0000000000 0.0730214044 -0.6308983078 0.7820716438 0.0521827850 1.4547243163 0.0097667701 -1.0261028331 -0.2387193564 -0.6575169632 0.7545957941 
358380.0000000000 -1132914.0462673572 6092526.2738675894 1504632.6467467719 0.2288189497 20.0902350297 0.0000000000 -1.2164679051 -0.0203662052 0.0000000000 0.0000000000 1.3036703676 -1.5870536166 0.0393466357 -0.3234428028 1.4504947459 0.0622832609 -0.4817934258 -0.5867726496 -0.1213078142 1.4892141816 
358410.0000000000 -1132915.8281854184 6092531.9055658597 1504633.5068402290 1.4985573703 20.0902350297 0.0000000000 -0.1544793738 1.5999027367 0.0000000000 0.0000000000 -0.9346398330 -1.2742433554 0.4681852115 0.3013697363 0.9978286721 2.1261452193 -1.6060314683 0.0528072698 -1.5661325331 0.0672761845 
358440.0000000000 -1132915.8788296336 6092532.6262748474 1504634.2209853381 1.0056657521 20.0902350297 0.0000000000 0.5611029919 -0.1979926320 0.0000000000 0.0000000000 0.3782169868 0.3041338916 0.1561138082 0.0319385297 0.1567263158 -0.0448753687 -1.5241061608 0.7023137374 -0.9806127012 0.5114019049 
358470.0000000000 -1132914.6674847470 6092531.3214615546 1504633.1812195808 1.7344084810 20.0902350297 0.0000000000 0.8025488747 0.1464366393 0.0000000000 0.0000000000 0.1046192247 1.0713099542 -0.3947151093 0.4656581514 -1.1127491308 0.0684669261 -0.7593339592 0.1328047896 -0.3904523908 -0.1458513514 
358500.0000000000 -1132916.0166705630 6092530.4479682315 1504633.8691135629 1.2266308778 20.0902350297 0.0000000000 -1.2406492202 0.1298571618 0.0000000000 0.0000000000 0.8042106126 1.0123631322 1.5614402012 -0.0761667267 -0.2292327992 -0.0664576956 -1.1319263955 -0.7982090920 -0.2976369642 0.2374577024 
358530.0000000000 -1132915.1999336951 6092531.8843759419 1504633.4322609976 0.9726152405 20.0902350297 0.0000000000 0.6152641319 -0.0899560590 0.0000000000 0.0000000000 1.1520132747 -0.8300380659 -0.3935702012 -0.2883061842 -0.4237065937 1.2728435035 -1.6920760802 0.9687530099 -0.9625651957 0.7068520097 
358560.0000000000 -1132915.4158480868 6092530.7834365871 1504632.9255270096 1.0783022120 20.0902350297 0.0000000000 0.9525419454 0.0637267919 0.0000000000 0.0000000000 0.4361500399 -0.0053649258 -0.0306683129 0.2815716935 -0.6777761135 1.3436145317 -2.2579163330 0.7169885032 -1.3960032272 0.6162541185 
358590.0000000000 -1132915.5171981549 6092529.7777733980 1504634.2690531088 0.4292829687 20.0902350297 0.0000000000 -0.6018328640 0.4349840920 0.0000000000 0.0000000000 0.7566211408 0.9999059258 1.1069063404 0.1086776167 1.5146692000 -1.0962885267 -2.5535475988 -0.1578380107 -1.7196539236 1.2781427082 
358620.0000000000 -1132915.9147111406 6092533.2618475212 1504633.2286851804 1.0659399644 20.0902350297 0.0000000000 1.6459501144 -0.1484466250 0.0000000000 0.0000000000 -0.9960550767 -1.2899625553 -1.3102254012 0.7143687284 -0.7628168966 2.1940076235 -0.2969880756 0.2084555045 -0.5959205266 0.7157593945 
358650.0000000000 -1132914.9575580626 6092530.5595323257 1504633.9795943887 1.3748216593 20.0902350297 0.0000000000 -0.2805614733 1.0526340201 0.0000000000 0.0000000000 0.7479361760 -0.6931692047 -0.1216065528 -0.5141631656 0.4717505929 0.8449434622 -1.1882015690 0.4740670826 -0.9883614786 0.2219442368 
358680.0000000000 -1132914.2494586182 6092530.8778314972 1504632.7979355699 1.2498492660 20.0902350297 0.0000000000 1.2585405704 -0.1797314692 0.0000000000 0.0000000000 0.4356542458 0.9152788124 -0.6724294548 -0.1149058117 -2.1292037307 1.1997424462 -0.8259888919 0.4117882181 -0.7662563994 0.4065133061 
358710.0000000000 -1132913.8981760964 6092529.0338815078 1504632.3875618526 0.4767914921 20.0902350297 0.0000000000 0.5246331084 -0.5479973505 0.0000000000 0.0000000000 1.4293267744 -0.7941766146 -0.1586152463 -1.3414721071 -0.6834150732 1.5886445356 -1.2827542994 1.1936125706 -1.2177932665 1.2902948252 
358740.0000000000 -1132914.3726776503 6092528.0861443672 1504633.0529573893 0.5705380932 20.0902350297 0.0000000000 -0.0949081018 0.1444051038 0.0000000000 0.0000000000 0.4853851065 0.4870293967 0.3710637059 -0.7797924700 -1.0821014497 1.4496859901 -0.7373430798 -0.3068656225 -1.0952030026 1.0720940702 
358770.0000000000 -1132915.7636795340 6092528.0581312962 1504634.0775157693 1.0428044550 20.0902350297 0.0000000000 -1.7456039196 0.3039543788 0.0000000000 0.0000000000 1.6080311752 0.1685762448 1.2749539088 -0.4357839114 0.5598072271 -0.3360774507 -1.1253417913 -0.6310575739 -0.1147772575 0.3893177895 
358800.0000000000 -1132915.3107217813 6092530.3928185543 1504633.8422301214 0.1956243978 21.6659943335 0.0000000000 0.3256813654 0.0911999358 0.0000000000 0.4803230056 0.8750243748 1.6225726550 0.3984180550 -0.8270712644 -1.8701953775 1.0187561972 -1.4203633800 -0.4577518761 -1.3114283109 0.9479317337 
358830.0000000000 -1132915.2017169807 6092529.6156913275 1504633.4093578744 0.3776589279 21.6659943335 0.0000000000 1.0062187291 -0.7086346303 0.0000000000 0.1913464884 0.2162246717 2.0970867693 -0.0324937703 -0.1497805504 -1.1152963710 -0.6787865110 -0.8453542632 -0.1858443277 -1.1256404118 1.3168252921 
358860.0000000000 -1132915.8828596566 6092529.7906475272 1504633.8226636022 0.1429671355 21.6659943335 0.0000000000 0.0566992302 1.8847455098 0.0000000000 -0.4075756129 0.2300362297 2.5013223883 -0.7428706833 -0.5009012030 -0.9702856171 -0.2773266135 -0.4191997273 -0.4004284170 -1.8438527362 0.8100436165 
358890.0000000000 -1132915.0226041062 6092530.5785522107 1504633.9407243731 0.3576944445 21.6659943335 0.0000000000 0.7012274228 0.1826571214 0.0000000000 -0.1947912598 -0.5087612025 0.1124144325 -0.0987899774 -0.2817263891 -0.1084319343 1.0912895886 -0.7880594601 0.2225377575 -1.5540545080 1.2810255201 
358920.0000000000 -1132916.3773246487 6092529.9126254190 1504633.9958610374 0.0089334253 21.6659943335 0.0000000000 -0.9365005268 0.5282021761 0.0000000000 -0.5378165920 0.2338673373 1.3980353695 0.9715551048 -0.0365226240 -0.8325655788 0.1466010305 -0.2074943865 -0.4798783515 -0.2046547316 -0.2024043349 
358950.0000000000 -1132916.4594325766 6092529.0191324521 1504633.8357739702 0.0224946098 21.6659943335 0.0000000000 -1.4957291403 0.1862618704 0.0000000000 -0.8470130924 1.1522819830 -0.3237336896 0.6761554041 -0.0542830637 -1.0629971711 1.6565786078 -0.1109848578 -0.8193518980 0.4797315634 0.3211170788 
358980.0000000000 -1132914.9367254074 6092528.1375748664 1504634.5286294327 0.3421258736 21.6659943335 0.0000000000 -1.5662176113 0.7518657020 0.0000000000 0.1188807198 0.1682777480 -1.0474321014 1.4122517827 -0.7236939701 2.4525628540 0.2576251844 -1.1633671211 -0.4653434252 -1.3109947631 1.2520570646 
359010.0000000000 -1132914.7021811747 6092531.4994962579 1504634.0529801028 0.0032669123 21.6659943335 0.0000000000 0.2449352610 0.3308033929 0.0000000000 1.3595727035 0.1796069935 -1.4608539325 -0.2248671730 -0.4971508787 1.6100487226 -0.1068830037 -0.9644247731 0.0865203239 -0.4760706479 0.1223246673 
359040.0000000000 -1132912.9506185045 6092528.8646634948 1504631.9910036654 0.0060981256 21.6659943335 0.0000000000 0.7365127713 0.6731318282 0.0000000000 1.0894178917 1.5154203294 -1.6406306225 -0.8947470224 -1.2663094320 -0.0793271064 1.6424794091 -1.8868840701 1.0117089513 -1.0081472526 0.1670912459 
359070.0000000000 -1132915.1146554146 6092531.9966314910 1504634.0234168316 0.0820713226 21.6659943335 0.0000000000 0.0556410636 -0.1904664758 0.0000000000 0.6844229075 1.0881660440 -1.4102288124 0.0554243770 -0.0468860846 1.7113264492 -0.3827302055 -1.9059604370 0.5029600564 -0.5598341558 0.6128447611 
359100.0000000000 -1132915.1355048076 6092529.5892646434 1504633.3704980346 0.1219768263 21.6659943335 0.0000000000 1.1806492284 -1.1860086808 0.0000000000 0.9041036192 -0.4476947642 -0.8923870825 0.1003008473 0.1047560414 1.0108709232 -0.3012303995 -0.9115726090 0.3811563760 -0.4535009952 0.7469639376 
359130.0000000000 -1132915.0585376797 6092528.7047438901 1504633.8752288665 0.1949304414 21.6659943335 0.0000000000 0.6101423878 -0.2153771167 0.0000000000 0.0454606460 0.0017406665 2.0551853838 0.9015394629 -0.1154832268 -1.0943933692 0.0531230565 -1.6201064390 -0.0951656945 -1.5323610804 0.9440757388 
359160.0000000000 -1132914.1964141061 6092526.8933497807 1504632.2662513212 0.1822309831 21.6659943335 0.0000000000 0.4853491752 -1.0053125673 0.0000000000 -0.1957892842 1.0761805857 0.5030933932 0.0950724155 0.0612591158 -2.6387250322 1.9826162062 -0.9992158835 -0.6569741809 0.0806394684 0.9126075624 
359190.0000000000 -1132915.4222059266 6092530.3260520510 1504633.7783174494 0.2182491266 21.6659943335 0.0000000000 1.1930711347 -0.4658013161 0.0000000000 0.1602103863 -0.5134981020 0.9082112345 0.0027895062 0.7703512241 -1.1469144290 0.7464162258 -1.2313247089 -0.6238142113 -0.8275226641 0.9985137757 
359220.0000000000 -1132915.6135881103 6092530.1486430615 1504634.2084685266 0.0563321780 21.6659943335 0.0000000000 -0.3671804033 0.8220669083 0.0000000000 -0.3543847969 0.0636041974 1.2244481797 0.8243289841 -0.1344600999 -0.3987643620 0.5363641424 -1.2700515438 -0.2109520151 -1.3186899205 0.5071782188 
359250.0000000000 -1132916.4478914337 6092529.8046050211 1504634.5469734843 0.1979305993 21.6659943335 0.0000000000 -0.1844833572 0.1622974043 0.0000000000 -0.2895391964 0.0995205794 0.5765843258 0.5918219586 0.5772120950 -0.9559093850 1.4136393537 -1.3203477875 -1.1380977733 -0.6316821838 0.9504803634 
359280.0000000000 -1132915.6133566755 6092529.7689694855 1504634.0096101002 0.0578994109 21.6659943335 0.0000000000 0.5050692073 -0.5454516926 0.0000000000 0.8079766604 0.0859792007 1.1045863903 0.6608680457 0.0266274058 -1.1947527707 0.3227198102 -1.1050248263 -0.8781920865 -0.4202488781 0.5139575307 
359310.0000000000 -1132914.9424776000 6092529.4436762538 1504633.5097674599 0.3180949712 21.6659943335 0.0000000000 0.9520998971 0.2207489970 0.0000000000 0.1241779499 -0.1676937487 -2.2300639839 -0.6493845757 0.7262722191 1.2974371783 1.6767495831 -2.0325734632 0.2699584283 -1.1039968190 1.2044034481 
359340.0000000000 -1132914.9202537090 6092528.0904329540 1504633.1551432200 0.0237984496 21.6659943335 0.0000000000 0.6447171751 -0.8985538506 0.0000000000 0.0924478296 0.2111902109 0.4761671030 0.5396827768 -0.1948506729 -1.3639825292 0.9194757704 -0.7883669565 0.1038552746 -0.2163620710 0.3293598434 
359370.0000000000 -1132915.4646780209 6092528.7576995706 1504632.6669269865 0.0800379901 21.6659943335 0.0000000000 -0.3681804805 -0.3636519432 0.0000000000 0.0013864031 1.4242202942 -0.4399063253 0.0069962571 0.3040691454 -0.7418820203 1.0104005632 -1.1835381321 -0.7851316154 0.3678010635 0.6038752476 
359400.0000000000 -1132916.0430078523 6092530.2780048344 1504633.2400387942 0.1798894792 21.6659943335 0.0000000000 0.8176870857 -0.5281393006 0.0000000000 -0.1790523635 0.8819831620 -2.0744226371 -0.3655995236 1.0517135360 0.7811249950 1.4547903022 -2.6510201271 0.5883388697 -0.4727585188 0.9051151269 
359430.0000000000 -1132915.1357440853 6092528.5949863438 1504632.5222859627 0.0761579724 20.0902350297 0.0000000000 1.2030089351 -0.5217144674 0.0000000000 0.6408579288 -0.1822878990 -1.2917182157 -0.6768845536 0.6088383425 0.0000000000 1.0604944642 -0.9944026712 -0.2324502374 -0.0792164035 0.5835500166 
359460.0000000000 -1132915.6057933134 6092530.6193265878 1504632.8257985956 0.0117718618 20.0902350297 0.0000000000 1.4861621666 -0.4892760795 0.0000000000 0.9462161425 -0.1592593871 -1.4069327789 -0.1782811747 0.3933447466 0.0000000000 1.4604619011 -1.9724834146 0.3632469268 -0.5205776268 0.2293623014 
359490.0000000000 -1132914.7422864004 6092528.6012753174 1504633.3661814588 0.0024867564 20.0902350297 0.0000000000 0.1752618746 0.4097149758 0.0000000000 0.5362445075 -1.0301252925 -0.8106137438 0.9249423372 0.0550108863 0.0000000000 2.0742936448 -1.1715316979 -0.4378154095 -0.6111707539 -0.1053894372 
359520.0000000000 -1132916.0211426525 6092531.5786985345 1504634.0074052259 0.0015695588 20.0902350297 0.0000000000 1.7717199096 0.1539702712 0.0000000000 0.2946819328 -1.4346553473 -0.4360893131 -0.3924414429 1.4468930999 0.0000000000 1.0352563067 -1.6128688325 0.1349195766 -0.8437019337 0.0837035253 
359550.0000000000 -1132914.8002231782 6092528.6506339470 1504633.4694274531 0.3569569291 20.0902350297 0.0000000000 0.3063058640 -0.5820370684 0.0000000000 0.3352070200 -0.3112013598 0.3100902102 1.0920819016 -0.0822439610 0.0000000000 0.5728836216 -1.2709835185 -0.5789858226 -1.0095760941 1.2619652882 
359580.0000000000 -1132915.4135850831 6092531.4623215953 1504633.5424481488 0.0787444791 20.0902350297 0.0000000000 1.1025195297 -0.2293714259 0.0000000000 0.4226089237 -0.6603217629 0.2577807128 0.4670908708 1.1019722394 0.0000000000 0.4317609646 -2.0664363274 -0.3062185224 -0.9729611545 0.5925600999 
359610.0000000000 -1132915.8267217348 6092531.3457432985 1504635.0985050781 0.0549609719 20.0902350297 0.0000000000 -0.0200327938 0.5624935417 0.0000000000 0.1285406653 -0.0363829061 1.3870996700 0.7182265762 0.7170996314 0.0000000000 -0.4510980843 -1.7394248515 -0.6151713356 -1.1186450485 0.4949185975 
359640.0000000000 -1132915.6531017923 6092530.2844562838 1504634.3339891899 0.0075791819 20.0902350297 0.0000000000 -0.1805263468 0.2273444626 0.0000000000 -0.2092287271 0.1168700738 -0.3480975910 0.5388979307 0.3566545371 0.0000000000 1.1724623605 -1.3147642802 -0.1940187411 -0.3732971511 0.1837403344 
359670.0000000000 -1132915.7738337715 6092530.7601361070 1504634.4646660357 0.0002508327 20.0902350297 0.0000000000 -0.5209290632 0.6155874959 0.0000000000 -0.4887634158 1.6828134285 -0.4822079951 -0.6407414581 1.1984074321 0.0000000000 0.5312361668 -1.8827785347 -0.3266855735 0.2853326562 -0.0334220376 
359700.0000000000 -1132914.3922573079 6092529.3770422759 1504633.7908563735 0.2168263855 20.0902350297 0.0000000000 -0.9944554342 -0.2753592768 0.0000000000 0.0531814790 0.8458154504 0.7669632782 1.2989841225 0.1208906971 0.0000000000 -0.0630101898 -1.2777519458 -1.2241535014 -0.3375011278 0.9822550948 
359730.0000000000 -1132914.6446756914 6092528.7545955973 1504632.9548842532 0.1820778725 20.0902350297 0.0000000000 1.1970555763 0.1609265916 0.0000000000 0.5206606476 -1.2935549622 -0.2540552023 0.7303296475 -0.1007040634 0.0000000000 1.6458675058 -1.6767501078 -0.0050750759 -1.6794699912 0.8998848169 
359760.0000000000 -1132914.3826422961 6092528.3263386237 1504633.0770610927 0.0670534601 20.0902350297 0.0000000000 0.1295347540 0.2081144426 0.0000000000 0.9561089122 0.6425620217 -0.8772713261 0.2216977713 -0.8679268723 0.0000000000 1.2875804656 -1.3690221983 -0.2066963951 -0.6727871706 0.5459599851 
359790.0000000000 -1132914.6413592410 6092528.4062661324 1504633.1603669850 0.0832492133 20.0902350297 0.0000000000 -0.1918108866 0.7847116929 0.0000000000 0.3658095347 -0.2074933630 0.0547005574 0.0520466147 -1.0008203688 0.0000000000 0.6407213111 0.0945843646 -0.3671589320 -0.8629251359 0.6081815762 
359820.0000000000 -1132914.6676206207 6092528.8845417267 1504633.5352806482 0.0107921729 20.0902350297 0.0000000000 0.2582047495 -0.6936354336 0.0000000000 -0.2815804175 0.0404642813 -1.7894735408 -0.3421662131 0.5019483901 0.0000000000 1.7575313551 -0.2224953598 -0.2625725491 0.8109751221 0.2189240889 
359850.0000000000 -1132914.6986266128 6092528.5422517899 1504633.7358525814 0.2481728097 20.0902350297 0.0000000000 -0.7178095633 -0.3934502341 0.0000000000 -0.4805759106 1.6571442247 0.3967210096 0.5838118056 -0.1899138200 0.0000000000 -0.1059994553 -1.3262219933 -0.1595926215 -0.3925980551 1.0495700134 
359880.0000000000 -1132913.9781272062 6092528.1803250732 1504632.4278176541 0.1057519149 20.0902350297 0.0000000000 0.6490229000 -0.9367450368 0.0000000000 0.4303921555 1.7056371252 -1.5701164818 -1.5603448561 -0.2144818235 0.0000000000 0.0734393712 -0.1668951869 0.2163170687 0.7435130752 0.6849779761 
359910.0000000000 -1132915.5692985931 6092527.8921824098 1504633.4295761045 0.0331904497 20.0902350297 0.0000000000 -1.0089323940 0.1973169591 0.0000000000 -0.3027106507 0.9700039074 -0.6657094125 0.4297319108 0.6457242345 0.0000000000 1.4976597338 -1.4570879619 -1.1995169732 0.3617787795 0.3836533621 
359940.0000000000 -1132915.3044959300 6092530.9993651677 1504634.6179121302 0.1586917309 20.0902350297 0.0000000000 -0.1882962907 1.5451203931 0.0000000000 -0.7395403535 -0.3294313285 1.5113336018 0.2121913149 0.3546446594 0.0000000000 0.0922635164 -1.2241904003 -0.2741553875 -1.7853604425 0.8387069799 
359970.0000000000 -1132914.8343964643 6092530.6982007679 1504633.0751207089 0.4060177665 20.0902350297 0.0000000000 1.4321954720 -0.1472486512 0.0000000000 -0.3406185544 0.8563263331 -1.1886515589 -1.6634510842 0.8451456702 0.0000000000 1.0394619403 -1.6841025657 0.2499161265 -0.5618227796 1.3412468654 
360000.0000000000 -1132915.0957638447 6092530.7418164527 1504633.9468467354 0.1680283284 20.0902350297 0.0000000000 0.8552380474 -0.1774743307 0.0000000000 0.5919723537 -0.0525345464 0.6162333591 -0.1708203393 -0.1826999738 0.0000000000 -0.9214326626 -0.4126964344 0.0431989214 -0.9146315651 0.8626446969 
