time x y z T0 thrd C21 C24 C25 C26 C33 C34 C38 C39 C40 C42 C43 C59 C60 C23 C41 
345600.0000000000 -1132915.3912476518 6092527.5137182735 1504632.6275098894 0.0013999289 11.3140434823 0.8859095382 0.4284698060 0.8456378312 1.4651233548 -1.3406890620 0.0000000000 -0.4155572285 0.0140873710 -0.0173243642 0.5786452787 0.2477369487 -2.0867054374 -0.5883279205 0.0000000000 0.0000000000 
345630.0000000000 -1132915.7127010114 6092528.7839616574 1504633.6932958306 0.0091221801 11.3140434823 0.8033699802 0.0721097953 0.4291633089 0.8882987481 -0.8093782936 -0.0000000000 -0.0153670187 -0.3764815571 -0.2491037037 0.6392444136 0.3614994569 -1.4869872584 -0.2270130477 0.0000000000 0.0000000000 
345660.0000000000 -1132916.3106975879 6092529.3695740746 1504632.7707900309 0.0615155983 11.3140434823 0.6391796331 0.2069586090 -0.6303111296 0.1882148700 -1.1647488587 -0.0000000000 0.5303864667 0.1607302826 -0.7626968302 0.7638070300 2.1072995110 -0.8455459951 -0.8789387706 0.0000000000 0.0000000000 
345690.0000000000 -1132914.7487625708 6092529.0247412398 1504632.5357852925 0.1842114213 11.1654816136 0.3234343894 1.0182962745 -1.1745979947 1.5346907712 -0.7086128244 0.0000000000 -0.1221240717 -0.1860349857 1.3835676622 -0.2179981144 0.5270300878 -2.4074586947 0.2506461381 0.0000000000 0.0000000000 
345720.0000000000 -1132913.9474932610 6092525.8292003954 1504633.6088117105 1.7267148580 11.3140434823 0.5554404046 0.5280016252 0.5761168566 1.0586074201 -1.3703406905 -0.0000000000 -0.4843833937 0.6306461718 0.1542848739 0.3922010637 0.4256167120 -1.6427888381 -0.7517987088 0.0000000000 0.0000000000 
345750.0000000000 -1132914.3271938984 6092527.8268511640 1504632.1250317760 0.9671601223 11.3140434823 -0.2006920622 0.8273085367 1.1332369741 0.9017718652 0.7743593295 -0.0000000000 0.0773466868 -0.7998391412 1.0668551474 -0.4514168796 -2.1016448461 -1.1969427796 -0.3264699602 0.0000000000 0.0000000000 
345780.0000000000 -1132914.7293734467 6092529.2153666643 1504633.2607778218 0.6434339072 11.1654816136 0.4597978914 0.8661051925 0.3854515175 0.1641329524 -0.0374573365 0.0000000000 -0.2781016502 0.5483453691 1.3468788658 0.0000000000 -1.1404486253 -2.0242309104 -0.3888970154 0.0000000000 0.0000000000 
345810.0000000000 -1132914.1250376538 6092527.8973277016 1504633.5511889602 0.0047560597 11.3140434823 -0.7249066824 0.5322442111 1.9358545390 1.1442768604 -0.3818430810 -0.0000000000 0.1357416587 0.3816784383 0.8524243424 0.0917554825 -1.5644729160 -1.1967159721 -1.4482665334 0.0000000000 0.0000000000 
345840.0000000000 -1132914.4950755991 6092528.4791056039 1504632.3470616573 0.8518786391 11.3140434823 -0.2518956965 0.8837316252 -0.1212753330 0.1155145120 -0.3816447016 -0.0000000000 0.1988287330 0.9715278703 1.4949778645 0.1887329656 -0.3073924946 -1.7803079959 -0.9362102470 0.0000000000 0.0000000000 
345870.0000000000 -1132915.0997938015 6092530.5901298979 1504632.2483435397 0.1233491269 11.3140434823 1.1343581928 0.6968007758 -0.1400338665 -0.4882011792 0.5983009159 -0.0000000000 0.8453680403 0.4343856897 1.2479836892 -0.2389869160 -1.0308848650 -2.7610269041 -0.3734474911 0.0000000000 0.0000000000 
345900.0000000000 -1132915.0127219660 6092528.7126393812 1504633.3440485795 0.0531447531 11.3140434823 -0.1942422408 0.5751111204 -0.2628997791 0.6422383506 -0.8140238256 -0.0000000000 -0.0732201101 0.5570895317 0.8397620651 0.2779399743 0.3839816304 -1.2755038474 -0.5116349577 0.0000000000 0.0000000000 
345930.0000000000 -1132915.0809641334 6092528.5840400811 1504632.9331568398 0.5306391904 11.3140434823 -0.0168127314 0.6458523058 0.3203640540 0.1025714458 -0.2531439601 0.0000000000 0.1281159954 0.7094120717 0.7738318151 -0.0324772511 -0.3890228556 -1.1549308224 -0.8451182138 0.0000000000 0.0000000000 
345960.0000000000 -1132914.4260547154 6092528.5485927388 1504633.5195591808 0.1257586156 11.3140434823 0.3928702783 0.9100743767 0.3183951539 0.5904517956 -0.1278052842 0.0000000000 -0.3260134712 -0.4518578827 0.8929563345 0.4390669688 -0.6878272065 -1.7182678589 -0.2939517600 0.0000000000 0.0000000000 
345990.0000000000 -1132914.4820972551 6092528.0733175091 1504632.9401102178 0.0076211549 11.1654816136 1.3564125052 0.3393686744 0.3293132202 0.3068752786 -0.1459518126 0.0000000000 0.7349112616 -0.1665471820 -0.4922987176 -0.1650362273 0.1689685636 -1.7096800634 -0.5570756950 0.0000000000 0.0000000000 
346020.0000000000 -1132914.6295036224 6092528.1974532166 1504632.2811504316 0.5450693210 11.1654816136 0.8010998761 0.5493530942 0.3195889618 -0.1281830294 0.6077782766 0.0000000000 0.3755093308 -0.2878994609 0.8020269674 0.0000000000 -1.1708577313 -1.8394305916 -0.1934259475 0.0000000000 0.0000000000 
346050.0000000000 -1132914.8778716386 6092529.2808834752 1504632.6435101237 0.3547255634 11.3140434823 0.1434902287 0.5732725763 0.5210701715 0.8431070052 -0.0593582613 0.0000000000 0.4301060602 -0.1506356821 1.1248407046 0.0862578417 -1.0031165933 -2.1382536068 -0.4866051358 0.0000000000 0.0000000000 
346080.0000000000 -1132914.6000395836 6092527.2306088973 1504631.8245689133 0.0025249332 11.3140434823 1.2500690516 0.9170475096 0.2720395417 0.3325133745 -0.7688159771 -0.0000000000 -0.0312867062 0.4772557448 0.6008844879 0.5566062708 -0.0033026131 -2.7653011517 -0.7868139721 0.0000000000 0.0000000000 
346110.0000000000 -1132915.0945809113 6092528.2590431133 1504632.9158321298 0.0485052851 11.3140434823 -0.5185468385 0.8805400668 -0.1781339453 0.4870613115 -0.3064368218 0.0000000000 0.4023522839 -0.0415988398 1.3194517260 0.6998010153 -0.0892441430 -1.6663339781 -0.8903273812 0.0000000000 0.0000000000 
346140.0000000000 -1132914.6890328112 6092527.6109927753 1504632.3714071168 0.4115964755 11.3140434823 1.6550137803 0.4650807222 1.1158277767 0.1950902716 0.1143505248 -0.0000000000 -0.0554099849 -0.6274326922 -0.2589617037 0.3432772267 -0.9154655821 -1.8992625399 -0.3504077815 0.0000000000 0.0000000000 
346170.0000000000 -1132915.7872444144 6092527.0001304215 1504631.9602023060 2.0210788730 11.3140434823 0.7189983725 0.0208342943 0.2643648464 -0.0444767994 -0.0184803392 0.0000000000 0.9371938429 0.0780661669 -0.5625584561 -0.1077128156 0.2957938496 -0.8516704027 -0.7051535817 0.0000000000 0.0000000000 
346200.0000000000 -1132914.8492517069 6092528.8088537445 1504632.5638288783 0.3563369095 11.3140434823 1.5859085325 0.0636605986 0.2161383909 -0.4227937592 0.0443246254 0.0000000000 0.7015051295 0.1540536545 -0.5182484664 0.1279820023 0.1186819175 -1.6359877075 -0.4419285114 0.0000000000 0.0000000000 
346230.0000000000 -1132915.6319679182 6092530.1284471154 1504632.3956954088 0.0953187206 11.3140434823 1.4991327070 1.0365333832 -0.5460556071 -0.0117643786 -0.3745396269 0.0000000000 -0.0265351690 -0.6380848549 -0.7133856748 0.4996781255 1.2470353182 -1.2829123915 -0.4512308950 0.0000000000 0.0000000000 
346260.0000000000 -1132917.2010969361 6092529.2687625438 1504631.3782742301 0.8091936673 11.0041300577 0.0000000000 0.7582740772 0.7881766447 1.2668071366 -1.5222217847 0.0000000000 0.5515131123 0.7425509575 -0.1009418248 0.2160349656 0.8157566579 -1.5772311416 -1.7711926812 0.0000000000 0.0000000000 
346290.0000000000 -1132916.5714585457 6092529.6953790234 1504632.3161789346 0.5572466056 11.3140434823 0.3386590230 1.4384640711 -1.0806588378 0.8311310170 -1.0741050929 -0.0000000000 -0.1233251726 -0.3870159872 -0.4817625726 0.1372619002 2.1259844132 -0.5946300661 -0.6714338014 0.0000000000 0.0000000000 
346320.0000000000 -1132914.8637928185 6092527.3832208393 1504632.3517376734 0.1058280426 11.3140434823 0.7535734929 1.5643966256 -0.3220811770 0.1595667287 -0.1587429989 0.0000000000 -0.0091329159 -0.3205210415 0.1815175635 -0.0316374468 0.4772959602 -1.2964105808 -0.8569566226 0.0000000000 0.0000000000 
346350.0000000000 -1132915.1785816827 6092526.5122065628 1504633.0625869099 0.0522239262 11.3140434823 0.4456504513 1.9068990046 0.6761273509 0.7635806007 -1.4446447791 0.0000000000 0.4648143203 0.4999015600 -0.8469942378 0.0837957430 1.6315071300 -1.1057433572 -2.7561057198 0.0000000000 0.0000000000 
346380.0000000000 -1132914.9508959381 6092525.3817862375 1504632.0156884077 0.0056053391 11.0041300577 0.0000000000 1.6625649152 1.4743750752 0.6161964941 -0.1275363004 0.0000000000 -0.5992836767 0.2480081035 1.3463952689 -0.3136440448 -1.7484465393 -1.5252344367 -1.3417943629 0.0000000000 0.0000000000 
346410.0000000000 -1132915.1221172069 6092528.5645102216 1504632.6095498439 0.0003523222 11.3140434823 0.7878881650 2.0760830682 -0.3154632867 0.6674999559 -0.6020395800 0.0000000000 0.0761950916 -0.6149704676 -0.3431488689 -0.0702210848 1.2309679977 -1.2456232243 -1.3638052604 0.0000000000 0.0000000000 
346440.0000000000 -1132915.4181425173 6092526.1357600149 1504631.4625246576 0.5404632625 11.3140434823 1.0664248973 1.9429614218 0.2180984343 0.1173688677 0.3417536238 0.0000000000 -0.1278731741 -1.0684684966 -0.2743855339 -0.2745735686 0.0309308248 -0.8953691597 -1.0707142208 0.0000000000 0.0000000000 
346470.0000000000 -1132915.5427975955 6092526.1299276948 1504632.7241598575 0.1710141392 11.1654816136 0.6632508885 2.0812705488 -1.2268575187 1.4061349561 -1.9388575408 0.0000000000 0.0000000000 -0.7433184441 -1.0947664766 0.7903681921 3.3996423807 -1.2629902093 -1.3191220184 0.0000000000 0.0000000000 
346500.0000000000 -1132915.6762927701 6092527.7689229604 1504632.6840702414 0.0103325273 11.3140434823 1.2464012094 2.0532832891 0.2204192022 -0.2177051475 0.0526233475 0.0000000000 -1.0534813155 -1.0454465384 -0.5001790414 0.3023134414 0.3406827082 -0.4384655027 -0.8981118558 0.0000000000 0.0000000000 
346530.0000000000 -1132914.8703598683 6092525.7540503461 1504632.2150342800 0.2056069554 11.3140434823 -0.0888079782 2.6472076254 0.3747511867 -0.0197599332 -0.3861280579 -0.0000000000 -0.2358609750 -0.6661798807 -0.3979889143 0.4643358422 1.1411414325 0.0420654117 -2.6053163450 0.0000000000 0.0000000000 
346560.0000000000 -1132915.8875283413 6092527.8469923977 1504632.6211014101 0.0034074560 11.3140434823 0.9661104220 3.3793851069 -0.3320254968 0.3520577798 -0.9045533195 -0.0000000000 -0.6631369603 -0.1132054623 0.4797151199 0.1037844001 1.0907679821 -2.0273845717 -2.0002408707 0.0000000000 0.0000000000 
346590.0000000000 -1132915.7032652015 6092525.6518476279 1504632.3614632001 0.0479863842 11.3140434823 -0.3926890041 3.2593359845 -0.7287108480 -0.5998624834 0.1055207530 -0.0000000000 -1.0358299900 -0.0921265517 0.9055908932 -0.4521930697 0.6319098164 0.3236104336 -1.6750546019 0.0000000000 0.0000000000 
346620.0000000000 -1132915.5696586620 6092525.6202934533 1504632.4119944738 1.4237027252 11.3140434823 0.0060431057 3.8496349522 -0.9861963347 0.4634877003 -1.1139142408 0.0000000000 -0.6610560092 0.0781333606 0.9152098756 -0.0896204677 1.6768978946 -1.4360287994 -2.1846586112 0.0000000000 0.0000000000 
346650.0000000000 -1132915.5197904247 6092525.5359653411 1504632.2281727728 0.0237170086 11.3140434823 1.4557601368 3.4918183549 0.4566716670 0.3356761948 -0.5742896363 -0.0000000000 -0.7245302950 -0.5595258296 -0.6059582432 -0.6048383672 0.8480124755 -1.0875029448 -2.2375088750 0.0000000000 0.0000000000 
346680.0000000000 -1132915.4071970161 6092527.1595527912 1504632.3644184601 0.0337937432 11.3140434823 1.9528487808 4.3259087939 -1.5363120776 -0.1689880799 -0.5138359428 -0.0000000000 -0.7287385450 -1.1277656745 -0.9220742398 -0.2972347560 2.7089567985 -1.1815989110 -1.8366871280 0.0000000000 0.0000000000 
346710.0000000000 -1132915.4439496691 6092527.5744364969 1504632.6011178468 0.0172410987 11.3140434823 0.9919135897 4.7408862022 -0.4130363492 1.2802928172 -1.9332856192 -0.0000000000 -1.1159905787 -0.4737948472 0.0128962105 0.0101425727 2.2428696144 -2.1019711480 -2.6302442497 0.0000000000 0.0000000000 
346740.0000000000 -1132915.5899278629 6092524.4888985427 1504631.4621650018 1.6564051532 11.3140434823 1.2823748859 4.1307348433 1.1700863978 0.7292759145 0.0959210677 -0.0000000000 -0.8079859814 -1.4870016315 0.1833099026 -0.8926397560 -0.6071184806 -1.5090194696 -2.4087920643 0.0000000000 0.0000000000 
346770.0000000000 -1132915.9124479801 6092525.5065969396 1504631.1167565279 1.1171024962 11.1654816136 1.8777204953 3.9604644903 0.8925146804 1.4772247289 -1.8508828786 0.0000000000 -0.7323875644 -0.1670413644 -0.5860773564 -0.5596739315 1.1584489357 -2.5773673467 -2.6105452733 0.0000000000 0.0000000000 
346800.0000000000 -1132914.2148387725 6092524.2236919403 1504631.5695167284 1.0310250343 11.3140434823 0.9943482444 4.4946152795 0.5589736942 0.8948486387 0.0547025033 0.0000000000 -1.0197678524 -1.5112608787 0.7397142512 -1.1790725388 -0.5345760950 -1.5614825018 -1.9932561373 0.0000000000 0.0000000000 
346830.0000000000 -1132915.5023680136 6092526.1642591441 1504631.2083812233 0.2387202422 11.3140434823 1.3016721558 4.4665669295 -0.2562460504 -0.3073710208 1.1478253125 -0.0000000000 -0.7447152459 -1.7265856564 1.3208125149 -0.8361906501 -0.8148006837 -1.9262400118 -1.7088722247 0.0000000000 0.0000000000 
346860.0000000000 -1132915.5491228374 6092525.9716831781 1504632.2329412058 0.0030378471 11.3140434823 0.9691536345 4.9646575777 -1.1139998519 0.8710590956 -0.4014981186 0.0000000000 -0.5744945766 -1.7789868096 0.1884686037 -0.7851016392 1.6406665431 -1.5431250070 -1.9380469850 0.0000000000 0.0000000000 
346890.0000000000 -1132915.6089463753 6092526.3303030124 1504631.2933961747 0.5214747771 11.3140434823 0.2016347391 5.1497513931 -0.3655976408 0.9106878373 -0.5038916985 0.0000000000 -0.8654659863 -1.0595354479 1.0942896993 -1.1712166996 0.6214921574 -1.3546563518 -2.3808489853 0.0000000000 0.0000000000 
346920.0000000000 -1132915.6443803518 6092525.1288122609 1504631.6548779965 0.2280457063 11.3140434823 1.6145546894 5.6256422084 -1.6004731562 0.4322835937 -0.5307638222 0.0000000000 -1.0366758555 -2.0540672652 -0.9367414729 -0.8586031483 2.8690985546 -0.7183264653 -2.0323493991 0.0000000000 0.0000000000 
346950.0000000000 -1132914.8118620396 6092525.5755569600 1504631.7757731208 0.0310650819 11.3140434823 1.1599353080 5.7432589795 -0.9037624162 0.5657048847 -0.6865853123 -0.0000000000 -0.9472698609 -0.9547549033 0.5079354596 -1.3201486756 1.4595451578 -1.7217945011 -2.4215748498 0.0000000000 0.0000000000 
346980.0000000000 -1132914.4880496094 6092523.0799525017 1504630.8112603454 1.7135737352 11.3140434823 0.6150047558 5.6415583692 -0.0438352023 0.6924836635 -0.1685521715 -0.0000000000 -1.0143525084 -1.3515280223 0.9331893292 -1.5713038482 0.2489755602 -1.2315443595 -2.5829378552 0.0000000000 0.0000000000 
347010.0000000000 -1132915.0133290261 6092524.3622884713 1504630.4285341620 0.0142749252 11.0041300577 0.0000000000 5.7006196695 -0.6122275696 0.7674128264 -0.2117865778 0.0000000000 -0.4784572214 -1.8181958080 1.1217666784 -0.7228738281 1.0087528063 -1.4477953554 -2.9082043797 0.0000000000 0.0000000000 
347040.0000000000 -1132915.0556568650 6092524.2779428819 1504631.8543792707 0.2133453177 11.3140434823 1.1324692922 6.7488827921 -0.5856471708 0.8937737695 -0.6166889350 0.0000000000 -1.5808547404 -1.8037521503 1.1589239010 -1.0608812421 0.8560758731 -2.2096051289 -2.5657926017 0.0000000000 0.0000000000 
347070.0000000000 -1132915.0129004004 6092522.6940762075 1504630.4130461207 2.1737727238 11.1654816136 2.2413818855 6.1330799061 0.5523765438 0.9221406550 -0.3503783593 -0.0000000000 -1.1009844087 -1.7494140598 0.3245046971 -1.5796557261 0.0000000000 -2.6111650446 -2.7161694093 0.0000000000 0.0000000000 
347100.0000000000 -1132914.4604858551 6092523.1070730835 1504631.0155714091 0.5107212583 11.1654816136 1.1598597335 6.3737351003 -0.2064244746 -0.1438355635 0.4989220475 0.0000000000 -1.0166920150 -1.6408048464 1.2315450976 -1.4661622455 0.0000000000 -1.6871632220 -2.9770357120 0.0000000000 0.0000000000 
347130.0000000000 -1132914.6529344388 6092521.5436995737 1504631.2478728131 0.7729974752 11.1654816136 1.7792513922 6.6014575340 0.5198256537 0.4809685611 -0.0459534152 0.0000000000 -1.7891660964 -2.0226092177 0.3474471778 -1.7492946810 0.0000000000 -1.2994066350 -2.7576768122 0.0000000000 0.0000000000 
347160.0000000000 -1132915.7899650375 6092523.4638120728 1504630.5591924568 1.5763181003 11.1654816136 1.3948900061 6.6638383985 0.4184149557 0.4610880456 -0.1412212548 -0.0000000000 -1.6149926797 -1.8082432443 0.8013797086 -1.5737877931 0.0000000000 -1.5416654472 -2.9663591853 0.0000000000 0.0000000000 
347190.0000000000 -1132914.7027884782 6092522.8181945272 1504631.7749707303 0.4140862181 11.1654816136 0.8316012625 7.5160493888 -0.8654859889 0.7839471130 -0.4398540933 0.0000000000 -1.5565392034 -1.3789333637 2.5671558736 -1.8167315703 0.0000000000 -2.9439140894 -2.4831206740 0.0000000000 0.0000000000 
347220.0000000000 -1132914.6722236436 6092521.7496183738 1504631.0444896598 0.5563716693 11.1654816136 2.2748947582 7.4392195569 -0.4226169205 -0.4868409345 0.3655985143 -0.0000000000 -1.5841380496 -1.4082283245 1.2698958230 -1.9943256638 0.0000000000 -2.4104281272 -2.9074743206 0.0000000000 0.0000000000 
347250.0000000000 -1132914.4783343733 6092524.0461777290 1504631.4750380360 0.7160882215 11.1654816136 1.2756681935 8.1108693151 -0.2333212998 0.1487953273 0.1392429889 0.0000000000 -1.7788899748 -1.8861110289 1.5670910878 -2.3493166929 0.0000000000 -1.6310015243 -3.2140913724 0.0000000000 0.0000000000 
347280.0000000000 -1132914.8128982345 6092521.7990447190 1504630.8365067239 1.3667091962 11.1654816136 1.6346996697 7.6072255550 -0.8210624471 -1.0913606123 0.6321119662 -0.0000000000 -1.9119202598 -1.1825301427 1.8889299259 -1.8950945007 0.0000000000 -1.8023166363 -2.8895907889 0.0000000000 0.0000000000 
347310.0000000000 -1132914.3975286682 6092524.0023402842 1504631.0545568641 0.6942312683 11.1654816136 2.0504677363 7.9731493284 -0.9310395482 -0.6004596778 0.4437944336 -0.0000000000 -1.9976445319 -1.7894003053 2.0425361623 -1.5131709602 0.0000000000 -2.8226099570 -2.6691005836 0.0000000000 0.0000000000 
347340.0000000000 -1132914.7747269531 6092521.6191087347 1504629.8719970463 2.1001149492 11.1654816136 2.2396777444 8.0708003369 0.1055146408 0.1513866914 -0.4153490781 -0.0000000000 -1.7566570417 -1.4230547680 1.3849029276 -1.9493526742 0.0000000000 -2.9375544626 -3.3296692754 0.0000000000 0.0000000000 
347370.0000000000 -1132914.9471946852 6092520.9171544099 1504630.9318639766 1.6198981087 10.8275661707 1.3844372111 8.2671736560 -0.5651201931 0.0000000000 0.0000000000 -0.0000000000 -2.1353188036 -2.0265098304 2.1923406359 -1.5408641948 0.0000000000 -2.4854432254 -2.9021316682 0.0000000000 0.0000000000 
347400.0000000000 -1132914.2052693621 6092521.6949530058 1504630.4393916419 0.9709519252 11.1654816136 1.0028782633 9.0578468562 -1.1047266244 -0.4166309457 0.2070252306 0.0000000000 -2.0796559649 -1.8854539113 3.2172017347 -1.3779917264 0.0000000000 -3.0551723212 -3.3119436295 0.0000000000 0.0000000000 
347430.0000000000 -1132913.9716045454 6092521.2392906463 1504629.1068915760 1.8529414962 11.1654816136 0.4302750416 8.9506480547 -1.0980959623 0.1113023938 0.3324092391 0.0000000000 -1.6706323172 -2.1692197747 2.7449711597 -2.6899752892 0.0000000000 -1.7077851513 -3.0179591986 0.0000000000 0.0000000000 
347460.0000000000 -1132913.1239133258 6092522.6201679474 1504630.6556222844 0.9116417992 11.1654816136 1.4898205556 9.2125867282 -0.6704239504 -0.2051307707 -0.2358815769 0.0000000000 -2.7607838390 -1.6282291135 2.2943943980 -2.5753125613 0.0000000000 -1.8958796558 -2.8347160298 0.0000000000 0.0000000000 
347490.0000000000 -1132914.4152539680 6092521.7279514289 1504631.3859832750 1.2737468274 11.1654816136 0.7902294763 9.4230814497 0.3523383879 1.1267144005 -1.4281255987 0.0000000000 -2.3875320466 -1.8327255776 2.6277775042 -1.6365704525 0.0000000000 -3.0219646291 -3.8052837176 0.0000000000 0.0000000000 
347520.0000000000 -1132913.6049465446 6092518.8563106097 1504629.9156937974 1.7251471129 11.1654816136 -0.0733237962 8.9075615291 0.2844112339 1.8197610279 -1.9539005542 -0.0000000000 -2.4365317178 -1.5972987036 2.7583968722 -2.1076667752 0.0000000000 -2.2843243721 -3.1125892144 0.0000000000 0.0000000000 
347550.0000000000 -1132913.5513418894 6092521.4594535604 1504630.4878530265 1.5492052149 11.1654816136 1.7277548459 10.0891653590 -1.0853796594 -0.1793897186 -0.3114117337 0.0000000000 -2.3285242209 -1.7022740510 3.0723062890 -2.4236482138 0.0000000000 -3.4372557587 -3.1780047891 0.0000000000 0.0000000000 
347580.0000000000 -1132913.7778740732 6092521.8129240312 1504630.2106551277 0.9215705680 11.1654816136 1.7233620848 10.3304147567 -0.0213394779 1.3715437587 -1.6404914660 0.0000000000 -2.6127447324 -1.9740869661 2.3449700133 -2.8568690094 0.0000000000 -3.3133133501 -3.1507080674 0.0000000000 0.0000000000 
347610.0000000000 -1132912.9968197434 6092520.2020282783 1504630.5087914790 0.5946961629 11.1654816136 0.7829883826 10.7094240012 -0.6689583405 1.1259877832 -1.4931751591 -0.0000000000 -2.8489204056 -1.9496851532 3.4906160016 -2.5994539859 0.0000000000 -3.2465638529 -3.0416120298 0.0000000000 0.0000000000 
347640.0000000000 -1132914.1788031491 6092521.9427246740 1504630.1526681345 1.0703806881 11.1654816136 1.3796760861 10.8939775386 -1.1167030863 -0.2696639583 -0.0240845782 0.0000000000 -3.1181934201 -2.6540270423 3.1333209862 -2.5816237290 0.0000000000 -2.3593569834 -3.0426812212 0.0000000000 0.0000000000 
347670.0000000000 -1132914.0872759544 6092522.2563322652 1504630.2485710406 1.6806532826 11.1654816136 2.7519999423 11.0197318873 -1.1245744730 -0.5635136171 0.0705566545 0.0000000000 -2.7900107041 -2.4951285628 2.6092983037 -2.7006959608 0.0000000000 -3.4594060179 -3.0951987910 0.0000000000 0.0000000000 
347700.0000000000 -1132913.7900718227 6092521.9193529589 1504630.0370129342 1.8339803957 11.1654816136 1.0739625604 10.4292180759 -0.6748019335 0.1777578023 -0.6776576179 -0.0000000000 -3.0339618663 -2.2205736594 2.9014973832 -2.7645261390 0.0000000000 -2.0582322748 -2.9349493636 0.0000000000 0.0000000000 
347730.0000000000 -1132912.5909234288 6092520.4194483142 1504630.4586485326 0.9234748824 11.1654816136 0.7962653987 11.6989112596 -0.7309004782 0.7089864020 -1.8979554739 -0.0000000000 -3.9605211044 -1.7345571014 3.9889915671 -2.6658332589 0.0000000000 -3.0093556473 -2.9127666782 0.0000000000 0.0000000000 
347760.0000000000 -1132913.8472820858 6092521.3386992440 1504630.3925853909 1.4439662134 11.1654816136 1.1081442969 11.8729138785 -0.9751331296 -0.0039755864 -1.0670142317 -0.0000000000 -3.5939762671 -2.2388108179 4.2517083396 -1.8772654396 0.0000000000 -3.7263175574 -3.4515696455 0.0000000000 0.0000000000 
347790.0000000000 -1132913.9754567745 6092520.9191695154 1504630.5479196964 0.1827220890 11.1654816136 2.0737993373 12.1417401839 -0.0281137743 0.2670480325 -1.1762584494 0.0000000000 -2.7491064410 -2.2707429600 2.7048173837 -3.2317265372 0.0000000000 -3.2868511017 -4.2253972523 0.0000000000 0.0000000000 
347820.0000000000 -1132913.3705379346 6092518.8706099326 1504629.8870841919 1.3903168181 11.1654816136 2.6508010754 12.3455391901 -0.6220493108 -0.2602183925 -0.3850272478 0.0000000000 -2.7072643393 -2.8456153568 2.7183870627 -3.1474180814 0.0000000000 -3.5921661664 -3.9284056028 0.0000000000 0.0000000000 
347850.0000000000 -1132914.1130152175 6092519.8043958452 1504629.7971212009 2.8941146045 11.1654816136 0.6981111710 11.6829655857 -0.3960162472 0.3187684533 -0.1696975575 -0.0000000000 -2.8052438634 -3.9310417679 3.1874132325 -2.3015341943 0.0000000000 -2.1650182519 -3.8878274340 0.0000000000 0.0000000000 
347880.0000000000 -1132913.8764035313 6092519.1520041041 1504630.1786374471 0.4159034646 11.1654816136 1.3300283124 12.4865081829 -0.2974478178 -0.2532806215 -0.7677650563 0.0000000000 -3.2929705849 -2.7229066497 3.4270130547 -2.7421845136 0.0000000000 -2.6748390096 -4.2482671584 0.0000000000 0.0000000000 
347910.0000000000 -1132914.1981705027 6092519.5381317269 1504629.8711556352 2.2397909348 11.1654816136 1.0569180092 13.3837331559 -0.1007162409 0.2912491115 -0.5441831948 0.0000000000 -2.7568839537 -3.9884518937 3.6282916628 -2.4932056395 0.0000000000 -3.2029957245 -5.0127930056 0.0000000000 0.0000000000 
347940.0000000000 -1132914.0605711897 6092520.3767489595 1504628.9540608304 2.8169844294 11.1654816136 1.5595377578 12.7276086866 -0.1641814106 0.4075499078 -0.2859316111 0.0000000000 -3.3978403953 -4.6742976335 2.6649737925 -2.7465714633 0.0000000000 -2.1004831742 -3.7778006212 0.0000000000 0.0000000000 
347970.0000000000 -1132913.6704633383 6092520.8750416739 1504628.6189295712 2.4086463384 11.1654816136 0.1960763591 13.5593370040 -1.5160205864 0.1714079850 -0.1104794071 0.0000000000 -1.9434050764 -3.6576866488 4.7153825505 -3.6820715750 0.0000000000 -3.1512092294 -4.2765793741 0.0000000000 0.0000000000 
348000.0000000000 -1132915.8915646367 6092530.2478989083 1504632.3429608855 0.0252323592 11.1654816136 1.0490031829 0.3748265404 -0.0421708119 1.0202062301 -0.1549927305 0.0000000000 0.5295127235 -1.2212727669 -0.4500629412 0.4261528807 0.0000000000 -1.7932750080 0.2710743585 0.0000000000 0.0000000000 
348030.0000000000 -1132915.4111962896 6092531.7184230955 1504632.9208840271 0.2062679432 11.1654816136 -0.3908453692 0.6928041921 -0.5188345846 0.9136418865 -0.0394885653 0.0000000000 0.6821930147 -1.1234476813 1.1168821530 1.0667025690 0.0000000000 -2.1352945985 -0.1907324644 0.0000000000 0.0000000000 
348060.0000000000 -1132914.8942815445 6092529.5053830361 1504633.1368723484 0.0591420563 11.1654816136 0.0495777019 0.2608594752 -0.1750994013 1.6094007490 -0.6414569473 -0.0000000000 0.5119155540 -1.2676190700 0.4759591785 1.2210915313 0.0000000000 -2.3607314956 0.3691412574 0.0000000000 0.0000000000 
348090.0000000000 -1132915.3362535480 6092530.6574940244 1504633.2567925709 0.0488857686 11.1654816136 -0.4411410099 0.3070441570 -0.5648528799 0.6649564761 -1.0075373638 0.0000000000 0.3424522251 0.7238133992 1.4433065705 0.7080386747 0.0000000000 -2.2518536522 0.1561533571 0.0000000000 0.0000000000 
348120.0000000000 -1132914.4325104437 6092528.7394038774 1504633.0428232467 0.3854464032 11.1654816136 0.4516368801 0.3697435642 0.4392986967 0.9885378995 -0.6692044560 -0.0000000000 0.0645700965 -0.7280176260 -0.2054229089 0.7149267009 0.0000000000 -1.3162811127 -0.0967773525 0.0000000000 0.0000000000 
348150.0000000000 -1132916.2563099896 6092529.7544715023 1504632.8094839226 0.0000236717 11.1654816136 0.0338362360 0.7764309361 0.2515694754 0.1283353922 -0.3683940441 -0.0000000000 0.0180128609 -0.1424911029 0.8018546934 1.2415480014 0.0000000000 -1.7503558492 -0.9420919284 0.0000000000 0.0000000000 
348180.0000000000 -1132914.9396755488 6092530.9528752817 1504633.0968825892 1.0428283872 11.1654816136 1.0450081049 0.6224023980 -0.0830409240 0.1580593828 -0.7254285359 0.0000000000 0.0402972147 0.6140004231 -0.0584193044 -0.2305739807 0.0000000000 -1.4515270660 0.0875720811 0.0000000000 0.0000000000 
348210.0000000000 -1132915.6285187658 6092530.3166497415 1504633.5719280443 0.1324523318 11.1654816136 0.5118337088 0.7041527523 -0.4649935702 -0.6967581811 0.3170881195 0.0000000000 -0.4735147517 0.0991255931 0.5454725880 0.2906299432 0.0000000000 -0.7280293723 -0.0755423743 0.0000000000 0.0000000000 
348240.0000000000 -1132915.2477400131 6092527.7628766317 1504632.4992096426 0.6893493150 11.1654816136 1.4389102760 0.1769203445 -0.4535607671 -0.9639482068 0.8088026917 -0.0000000000 0.3733394072 0.0060521396 0.3093181857 1.3827886599 0.0000000000 -2.4386431338 -0.6078923953 0.0000000000 0.0000000000 
348270.0000000000 -1132915.8265329541 6092528.1045347676 1504632.5008922231 0.1116706503 11.1654816136 -0.2877594808 -0.2501522818 0.1652186633 0.0094096405 -0.2095929507 0.0000000000 0.7266895795 0.5454791235 0.5352952114 0.7617057478 0.0000000000 -1.1775618802 -0.7969002744 0.0000000000 0.0000000000 
348300.0000000000 -1132915.1196488074 6092528.0015122332 1504632.5308299584 1.4331716287 11.0041300577 0.3627975113 0.5623844387 -0.5804145558 0.1009297316 0.0000000000 -0.0000000000 0.7687592546 0.0238337071 0.8186041401 0.6021928354 0.0000000000 -2.2660938945 -0.3387945779 0.0000000000 0.0000000000 
348330.0000000000 -1132914.7604017935 6092527.7803987684 1504633.1014375787 0.1060242065 11.1654816136 -0.6675698413 0.3740949522 0.4856712922 1.0163205897 -1.3856802810 0.0000000000 0.7929344080 0.6590855382 0.7309745598 0.4260627824 0.0000000000 -1.5849123560 -0.8060263407 0.0000000000 0.0000000000 
348360.0000000000 -1132915.5106069169 6092530.4452887280 1504632.9282426669 0.1158733682 11.1654816136 -0.0137654819 0.6547276074 -0.0913952839 0.2318195030 -0.0488321516 0.0000000000 0.8847932592 -0.1081309937 0.4807838881 0.1259252728 0.0000000000 -1.3196243865 -0.7659247799 0.0000000000 0.0000000000 
348390.0000000000 -1132914.8422738733 6092527.8453747351 1504632.6223280360 0.0908312834 11.1654816136 1.0072294668 -0.1733881829 0.0691862590 -0.4801294166 -0.1015583187 0.0000000000 -0.0747037743 0.6267829689 -0.1539522282 0.6765300659 0.0000000000 -1.1981175410 -0.1937286903 0.0000000000 0.0000000000 
348420.0000000000 -1132915.8827613385 6092529.0793300653 1504631.6865559537 0.3248833642 11.1654816136 0.5486639380 0.0575765206 0.1385759285 0.6341496061 -0.3200214761 0.0000000000 0.9143870147 -0.2592906332 -0.0854546274 0.7381088496 0.0000000000 -1.9228394460 -0.4214190695 0.0000000000 0.0000000000 
348450.0000000000 -1132915.2266808371 6092529.4964342201 1504633.1372666871 0.4184866752 11.1654816136 0.3798053994 0.2402015356 -1.1599746822 -0.3873357077 0.5294459527 0.0000000000 0.5921864614 0.1556738844 1.1013081154 0.7393298568 0.0000000000 -2.2323797572 0.0991426032 0.0000000000 0.0000000000 
348480.0000000000 -1132915.1795175921 6092531.1353485351 1504632.9920376278 0.0504253255 11.1654816136 1.3426476877 0.3064034085 -0.6750946017 0.2913373146 0.4608103057 -0.0000000000 0.8265019818 -0.8291470303 -0.2411490856 0.4750672374 0.0000000000 -2.2027548589 0.2748009970 0.0000000000 0.0000000000 
348510.0000000000 -1132915.0474767084 6092528.4185756948 1504633.0689562405 0.0002240112 11.1654816136 0.3879606943 0.2869253954 0.1799678081 0.2201871244 -0.8079256306 0.0000000000 0.1705988726 0.6511870030 0.1656959530 0.3110811289 0.0000000000 -1.2818766969 -0.2623953290 0.0000000000 0.0000000000 
348540.0000000000 -1132915.0420712400 6092528.0645750640 1504631.7433787289 0.1022657145 11.1654816136 0.5985950164 0.2885310517 0.9092831875 0.4022044193 -0.8031120719 0.0000000000 0.5930182761 0.2978810792 -0.4008860505 0.5762790329 0.0000000000 -1.3609021301 -1.0967838094 0.0000000000 0.0000000000 
348570.0000000000 -1132915.4844722487 6092528.0818042625 1504632.6524861378 0.0060700366 11.1654816136 -0.2717705029 0.5850236394 0.2488349442 0.2170808599 -0.1844009945 0.0000000000 0.1256251689 -0.3104915919 0.5176273154 0.6215066425 0.0000000000 -0.8045357911 -0.7200331428 0.0000000000 0.0000000000 
348600.0000000000 -1132915.2891888951 6092530.9762730058 1504633.2744679363 0.2682086149 11.1654816136 0.4625096656 0.3289993975 0.2414553699 0.3130327284 -0.0014050266 -0.0000000000 0.4094256596 -0.6084499868 0.1072685793 1.1747741609 0.0000000000 -1.7090262107 -0.6918838378 0.0000000000 0.0000000000 
348630.0000000000 -1132915.4833005448 6092527.7333019041 1504632.9066307615 0.5561981941 11.1654816136 0.4146630397 0.2922168690 -0.6158267164 -0.8329957230 0.5981356691 0.0000000000 -0.2929143245 0.1679261582 0.9785882988 1.1657512827 0.0000000000 -1.5676656246 -0.2710263439 0.0000000000 0.0000000000 
348660.0000000000 -1132915.2703135933 6092528.9034701465 1504633.1522613813 0.0171854140 11.1654816136 -0.0093796033 -0.1381532488 -0.1162039282 -0.3004996809 0.6383881529 0.0000000000 0.9524012994 -0.0194936005 0.4451183770 0.7517509421 0.0000000000 -1.2291716576 -0.9613002067 0.0000000000 0.0000000000 
348690.0000000000 -1132915.6748307899 6092530.6162399715 1504634.0293131152 0.1572476053 11.1654816136 0.6155322356 0.6701986253 -0.4637495761 0.3006778716 0.0586713562 0.0000000000 0.6274077050 -0.4859495683 0.3791237798 0.6225832981 0.0000000000 -2.0992062089 -0.1808088949 0.0000000000 0.0000000000 
348720.0000000000 -1132915.5369606600 6092528.6462339610 1504633.6707993660 0.5931941928 11.1654816136 0.9675045760 0.7563856515 -1.0910013715 0.7613827275 -0.8147536737 0.0000000000 0.5365894817 0.0949916988 0.7297175683 0.7423361552 0.0000000000 -3.4307467098 0.8306375483 0.0000000000 0.0000000000 
348750.0000000000 -1132915.2604694562 6092528.7568886988 1504632.9441564931 0.1783910395 11.1654816136 0.2503489594 0.1983322381 0.1571456840 0.6523384349 -0.6225767977 0.0000000000 1.1397766169 0.1939356259 -0.0073399428 0.2970403632 0.0000000000 -1.6818755450 -0.5515784498 0.0000000000 0.0000000000 
348780.0000000000 -1132915.2082944501 6092529.2414458105 1504633.0034899258 0.0322354542 11.1654816136 1.7418622931 0.5251169934 0.1791922812 0.1870023626 -0.3959199738 0.0000000000 -0.0964282594 -0.2791235186 -0.8826598772 0.4654075206 0.0000000000 -1.5418067287 0.1143548376 0.0000000000 0.0000000000 
348810.0000000000 -1132915.3171349105 6092530.6087659206 1504633.1407864105 0.2422977116 11.1654816136 0.4403017537 -0.0349144339 0.2077720208 0.9772951856 -0.9122573958 -0.0000000000 0.6112867180 -0.0643446527 -0.2828935216 0.6591470322 0.0000000000 -1.6498673468 0.0789945778 0.0000000000 0.0000000000 
348840.0000000000 -1132915.1997324063 6092530.6194744110 1504632.6545748792 0.2336997260 11.1654816136 -0.0069117768 -0.0688344454 -0.0403669498 0.7037517137 -0.4846097094 0.0000000000 0.8153125916 -0.0117736318 0.1439034190 0.5224424891 0.0000000000 -1.4245549326 -0.1197949791 0.0000000000 0.0000000000 
348870.0000000000 -1132914.4696338864 6092529.8686354598 1504633.2793114833 0.1868943729 11.1654816136 1.2676010175 0.3374161876 0.2169675324 0.6011507318 -0.7860935938 -0.0000000000 0.8482211595 0.1139701437 -0.4221651249 0.9374665284 0.0000000000 -2.6564278732 -0.4178880349 0.0000000000 0.0000000000 
348900.0000000000 -1132914.4731168691 6092528.2039675554 1504632.1252044945 0.1797795127 11.1654816136 0.3943406518 0.0783920591 -0.0603275486 1.3248159149 -0.7033283512 0.0000000000 0.7368764382 -0.7518255977 -0.3228171095 0.6832411573 0.0000000000 -1.7501040191 0.4145913780 0.0000000000 0.0000000000 
348930.0000000000 -1132915.6335982755 6092530.9691906590 1504632.7972513649 0.2267732961 11.1654816136 -0.6577904976 0.3293265365 0.4935344745 0.6895557596 -0.5891305437 -0.0000000000 0.4139787136 -0.2789939756 0.5743821578 0.9006722037 0.0000000000 -1.0331946805 -0.8145279342 0.0000000000 0.0000000000 
348960.0000000000 -1132914.7653210151 6092528.3620925797 1504632.0228241761 0.4860935518 11.1654816136 -0.2032788100 0.1116599355 0.2408085836 0.6929932481 -0.5240162855 -0.0000000000 1.0064450729 -0.0136193752 0.1051164266 0.3539408188 0.0000000000 -1.1664169918 -0.5813487541 0.0000000000 0.0000000000 
348990.0000000000 -1132915.0105676972 6092527.2353408057 1504632.2133550153 0.6658088433 11.1654816136 0.4912279302 -0.2660070318 0.3728794584 0.3777542736 0.3621678800 0.0000000000 -0.1253081944 -1.1079490559 -0.7743489628 0.6600161188 0.0000000000 -0.0206809387 0.0290091629 0.0000000000 0.0000000000 
349020.0000000000 -1132914.7964362628 6092528.8229147578 1504632.3855611745 0.9266554529 11.1654816136 -0.0533774666 -0.1802077538 0.2236278661 0.6652951484 -0.3715963108 -0.0000000000 0.3620480567 -0.3172539496 -0.1287562125 0.6007766995 0.0000000000 -0.7255073127 -0.0570261491 0.0000000000 0.0000000000 
349050.0000000000 -1132915.5567079077 6092527.3706780337 1504632.9875258612 0.5018660908 11.1654816136 1.0035207314 -0.3039769500 0.2790290497 0.0808272894 -0.7417395688 0.0000000000 -0.0314098856 0.7103137738 -0.6269734787 0.5430370219 0.0000000000 -1.0404242207 0.1389876697 0.0000000000 0.0000000000 
349080.0000000000 -1132915.1352290008 6092527.2356003402 1504632.8455476968 0.7333372590 11.1654816136 -0.5685841881 -0.1397933447 -0.2611079225 -0.4109319067 0.1897528023 -0.0000000000 0.2982052907 0.6879499268 1.2161239036 0.8646210110 0.0000000000 -1.1718010125 -0.6914776750 0.0000000000 0.0000000000 
349110.0000000000 -1132914.5687666289 6092528.4625136750 1504633.5110650931 0.0004057388 11.1654816136 -0.4349659709 -0.0056914551 -0.2239589831 0.1859704485 -0.5112074309 -0.0000000000 0.3756920559 0.6487933778 0.8474371221 0.5690018325 0.0000000000 -1.2506165183 -0.1747692347 0.0000000000 0.0000000000 
349140.0000000000 -1132914.0197829090 6092527.1523139169 1504633.0657619843 0.0288594323 11.1654816136 0.7739775374 0.2041479305 0.3099905068 -0.1787075888 -0.1229201908 -0.0000000000 0.0298467961 0.1296861077 -0.2157321931 0.7327848101 0.0000000000 -1.0944057443 -0.5563791678 0.0000000000 0.0000000000 
349170.0000000000 -1132914.3112897174 6092528.8510196619 1504632.2860822775 0.0595401766 11.1654816136 -0.0325275828 0.1504958027 -0.0664318505 0.6182201000 -0.6100364838 -0.0000000000 0.9435637063 0.2026990583 0.3425157633 0.6624474247 0.0000000000 -1.8135010386 -0.3588733338 0.0000000000 0.0000000000 
349200.0000000000 -1132914.9733897378 6092529.0601929696 1504633.0871105758 0.0009306188 11.1654816136 1.7815250723 0.1772555912 0.3205712673 -0.6096061292 -0.1724232560 0.0000000000 -0.1288814535 0.5984365948 -0.9408930686 0.4025045208 0.0000000000 -1.0645056216 -0.3601380888 0.0000000000 0.0000000000 
349230.0000000000 -1132915.9312234283 6092531.1424770001 1504632.9798619046 0.0537841469 11.1654816136 1.9965553046 0.3521166784 -0.1636251931 -0.7015091993 -0.2498783024 0.0000000000 -0.2345619556 0.8202237117 -0.6198096902 0.5231589431 0.0000000000 -1.7362538790 0.0352322544 0.0000000000 0.0000000000 
349260.0000000000 -1132915.5554092342 6092530.9404505230 1504632.4515966936 0.0321066568 11.1654816136 1.0056712043 0.3914554784 0.3965445923 1.0851759958 -0.6931410031 -0.0000000000 0.4913619203 -0.9538164416 -0.9829088150 0.8486093223 0.0000000000 -1.5662060851 0.0302619632 0.0000000000 0.0000000000 
349290.0000000000 -1132915.2134618787 6092529.5429400438 1504633.1011543747 0.4310924009 11.1654816136 0.2064872168 0.2358859297 0.1583549504 -0.0411025753 -0.1924642431 0.0000000000 0.4778067062 0.3262753430 0.5555453903 1.2226935777 0.0000000000 -1.9586120298 -0.9636156123 0.0000000000 0.0000000000 
349320.0000000000 -1132915.6004107520 6092529.9860119093 1504634.1729611454 0.1144964033 11.1654816136 1.0641977336 0.5432050572 -0.5866830047 -0.2460063776 -0.4023830715 -0.0000000000 0.2936873651 0.7538394204 0.5516282299 1.1395560620 0.0000000000 -2.9189139336 -0.1396687756 0.0000000000 0.0000000000 
349350.0000000000 -1132915.3320269457 6092529.8908628188 1504632.8878074032 0.1257148118 11.1654816136 0.1363659287 -0.0276060771 0.4297269109 0.3232234605 -0.0698024168 -0.0000000000 0.3328136392 -0.3384097028 0.0341679080 1.2021840970 0.0000000000 -1.2476937769 -0.7517276649 0.0000000000 0.0000000000 
349380.0000000000 -1132915.1879647989 6092530.5325024398 1504632.7030962736 0.7222659614 11.1654816136 0.1603909280 0.4212051231 -0.7955630626 -0.3734241712 0.2234877132 0.0000000000 0.6708896788 0.5855624787 1.0210162202 0.4741261914 0.0000000000 -1.9947001807 -0.3680259562 0.0000000000 0.0000000000 
349410.0000000000 -1132915.1715272313 6092529.1558406446 1504632.9719932310 0.3868334447 11.1654816136 -0.0775984355 0.3524547820 -0.5552736239 -0.4052260919 -0.0615914187 0.0000000000 0.2660959351 0.7905486318 1.0395852535 0.3522950277 0.0000000000 -1.4084347760 -0.2800496455 0.0000000000 0.0000000000 
349440.0000000000 -1132915.1552353227 6092528.8252791557 1504633.6394597604 0.3292060645 11.1654816136 0.6740704598 0.2759295336 -0.5505372006 -0.9312096403 0.2275153464 -0.0000000000 -0.4050261993 0.8601928733 0.5157298908 0.1931297247 0.0000000000 -0.8953541804 0.0339208892 0.0000000000 0.0000000000 
349470.0000000000 -1132915.7088879105 6092528.7866746755 1504633.2908904338 0.0148978789 11.1654816136 -0.8397065250 0.4976778900 -0.4675904032 -0.4645347186 0.5459596601 -0.0000000000 0.2688155370 0.2502069767 1.9557594299 1.0217393408 0.0000000000 -1.7100153254 -1.0526472673 0.0000000000 0.0000000000 
349500.0000000000 -1132915.1753977584 6092528.3389412574 1504632.6024068873 0.0545106396 11.1654816136 -0.0586312357 0.0847051698 0.4898349156 -0.4200863558 -0.5260094083 -0.0000000000 -0.5320519072 0.8766035568 0.7544697365 1.2058893534 0.0000000000 -1.0616175521 -0.8131829816 0.0000000000 0.0000000000 
349530.0000000000 -1132915.2584329513 6092528.7785876077 1504632.6831931868 0.6139946602 11.1654816136 0.4591481792 0.3290186606 -0.1992429976 -0.8772840362 0.7441398610 0.0000000000 -0.1616645198 0.2451226686 0.7295240877 0.8611703142 0.0000000000 -1.2814286560 -0.8523672015 0.0000000000 0.0000000000 
349560.0000000000 -1132914.9277204308 6092529.0398169057 1504632.4879778917 1.2392147400 11.0041300577 -1.6660946964 0.4102559264 -0.6020572382 0.1685412049 0.1336105722 -0.0000000000 0.2246105430 0.0000000000 2.1538278430 0.5204391229 0.0000000000 -0.9760977791 -0.3631041127 0.0000000000 0.0000000000 
349590.0000000000 -1132915.2989684090 6092529.0914488528 1504631.7698866932 0.5753373780 11.1654816136 0.3546108446 0.2923269726 0.0371495321 0.5403412184 -0.2716194698 -0.0000000000 0.5929997436 -0.4046404682 -0.1488405233 0.7643376453 0.0000000000 -1.4428479341 -0.2687350684 0.0000000000 0.0000000000 
349620.0000000000 -1132916.2538188391 6092530.6182689127 1504632.9990035838 0.0106224413 11.1654816136 -0.3584641118 0.3096953933 0.4575348784 -0.1847105844 -0.8027958219 -0.0000000000 -0.1586663728 0.9048418893 0.8708095292 0.8515258642 0.0000000000 -1.0454362899 -0.8447253709 0.0000000000 0.0000000000 
349650.0000000000 -1132916.5633889306 6092530.5237996439 1504632.9955860958 0.7046325314 11.1654816136 -1.5531755727 -0.3939392910 -0.0086428054 0.9583781729 -0.1655318834 0.0000000000 0.8797105366 -0.2294106820 1.5211547794 1.6869838544 0.0000000000 -1.8884370055 -0.7748993769 0.0000000000 0.0000000000 
349680.0000000000 -1132915.5907915891 6092530.2735391287 1504632.4595484161 0.3144844233 11.1654816136 0.3708306881 0.2020731374 -0.1076663111 1.6151066481 -1.2004166986 -0.0000000000 1.0270865352 -0.6540877747 -0.5948562897 1.0965405979 0.0000000000 -2.1791214128 0.5297621439 0.0000000000 0.0000000000 
349710.0000000000 -1132916.3139868136 6092529.7765084822 1504632.7507376049 0.8583516277 11.1654816136 -0.8426752632 -0.0572593665 -0.5111572693 0.4664578930 0.3032442269 0.0000000000 0.6250122749 -0.2857344920 1.3224221073 1.2155545479 0.0000000000 -1.8369075750 -0.3696757609 0.0000000000 0.0000000000 
349740.0000000000 -1132915.0599211303 6092528.1109298775 1504631.6166198107 2.0552168564 11.1654816136 -0.7874312436 -0.3403448993 0.4497343556 0.4762433798 -0.6296740948 0.0000000000 0.8348530729 0.5379024857 0.4349775516 0.5902505088 0.0000000000 -0.7573518561 -0.8057224956 0.0000000000 0.0000000000 
349770.0000000000 -1132915.4361111664 6092530.2828724850 1504632.7265413220 0.1340044318 10.8275661707 -0.3475592676 -0.1145976501 -0.1030188530 0.0000000000 0.3010344693 0.0000000000 0.2146636707 0.0000000000 0.6861686951 0.7330861134 0.0000000000 -0.8946244311 -0.4727346253 0.0000000000 0.0000000000 
349800.0000000000 -1132916.1299732302 6092530.8628830519 1504633.0883563389 0.0033259533 11.0041300577 0.0000000000 -0.0337460499 -0.2429049975 -0.2601362424 0.3319029878 -0.0000000000 0.4348699822 0.3794278999 0.7024857452 0.8035608117 0.0000000000 -1.4518860897 -0.6606217746 0.0000000000 0.0000000000 
349830.0000000000 -1132915.0994392657 6092528.2847196069 1504632.9902991776 0.1507633215 11.1654816136 0.2778192648 0.4115747629 -0.2488679869 -0.4546351028 -0.4342689551 0.0000000000 -0.6801500139 0.7664290978 0.8871240634 0.9706819009 0.0000000000 -1.4757416375 -0.0095166968 0.0000000000 0.0000000000 
349860.0000000000 -1132916.1554919768 6092530.0878381366 1504632.8691829853 0.0859771237 11.1654816136 -1.0428552264 0.6685187634 0.1790767808 0.5843925859 -0.2067267825 0.0000000000 0.0756260988 -0.6993700495 1.3109426352 1.1078298925 0.0000000000 -1.2350198168 -0.7194584269 0.0000000000 0.0000000000 
349890.0000000000 -1132915.3901629657 6092529.7706294777 1504633.2246798328 0.0001736467 11.1654816136 0.5177852351 0.5584168869 -0.6175565051 -0.2551847105 0.7216666462 -0.0000000000 -0.2670925839 -0.5474853654 0.6628307176 1.0188867892 0.0000000000 -1.6770147130 -0.0839622095 0.0000000000 0.0000000000 
349920.0000000000 -1132914.8327583263 6092529.6868681386 1504632.6615032167 0.0052446816 11.1654816136 0.3101687952 0.3174625069 -0.8293194712 0.3615399715 -0.3612864477 -0.0000000000 0.6421373215 0.2249155718 0.3649380077 0.6403540721 0.0000000000 -2.0432691982 0.4305047773 0.0000000000 0.0000000000 
349950.0000000000 -1132916.3951649072 6092532.2810220281 1504633.4499955575 0.0665619093 11.1654816136 1.3008470524 -0.2333424251 0.0237352333 0.8901355325 -0.1345044390 0.0000000000 1.2049922440 -0.5825293844 -1.1611796964 1.8364319786 0.0000000000 -2.6972120577 -0.3301022086 0.0000000000 0.0000000000 
349980.0000000000 -1132914.7404467613 6092528.5900729317 1504632.1989933704 0.7843953540 10.8275661707 0.0000000000 -0.8880030264 -0.3727398714 0.0000000000 0.0155687677 0.0000000000 1.1356239423 1.1577297747 0.3239778375 0.8471148213 0.0000000000 -1.7562623841 -0.4540693489 0.0000000000 0.0000000000 
350010.0000000000 -1132916.0471793904 6092530.9594222847 1504633.2074548188 0.0311463578 11.0041300577 0.4440160244 0.6430163646 -0.5944917524 0.4752003744 -0.5098592086 0.0000000000 1.4686451339 0.1329673357 -0.2091823747 0.0000000000 0.0000000000 -1.7675098264 -0.0208998006 0.0000000000 0.0000000000 
350040.0000000000 -1132914.7460814232 6092531.0885373456 1504633.5495515140 1.0640345956 11.1654816136 -0.0556283667 -0.2099429284 -0.3100927869 1.0161972690 -0.6100791150 0.0000000000 0.5869137225 -0.2526485282 -0.1181123863 0.9964996524 0.0000000000 -1.4835289753 0.5210866981 0.0000000000 0.0000000000 
350070.0000000000 -1132915.1370506412 6092528.3931035874 1504632.8215850431 0.0101860553 11.1654816136 0.7440503321 0.4689834854 -0.1163531933 -0.3831932106 -0.2999363499 -0.0000000000 -0.1284870886 0.5589497975 0.2865903938 1.0123293508 0.0000000000 -1.7641287924 -0.3546776841 0.0000000000 0.0000000000 
350100.0000000000 -1132915.0705910635 6092528.5856501944 1504632.4977333406 0.1283221737 11.0041300577 -0.0150790386 0.2671030170 0.4960191100 0.0000000000 -0.4711442094 -0.0000000000 0.1087228277 0.3265577204 0.4007501176 1.0654850904 0.0000000000 -1.2478907804 -0.9207236379 0.0000000000 0.0000000000 
350130.0000000000 -1132915.2932679004 6092530.5018292265 1504632.3796426777 0.0093924679 11.1654816136 -0.2980036400 -0.0636522583 0.1914151239 1.1668192349 -0.7341852692 -0.0000000000 0.8751775388 -0.4923906347 -0.3560789404 0.7542275674 0.0000000000 -0.9646559736 -0.0019276214 0.0000000000 0.0000000000 
350160.0000000000 -1132914.8257481121 6092529.2989904173 1504631.9215320845 0.9050913932 10.8275661707 -0.3232748117 0.0000000000 0.4774131674 0.3925371055 -0.4604648051 0.0000000000 0.4958227713 -0.0405358628 -0.2169037188 0.0000000000 0.0000000000 0.1117946735 -0.4285523497 0.0000000000 0.0000000000 
350190.0000000000 -1132913.5571119944 6092525.3750669947 1504631.2258314858 0.6254573191 11.1654816136 -1.2717606272 -0.4564968704 0.1684556568 0.5594771329 0.5934193470 -0.0000000000 0.3280432649 -0.7476894812 0.6762452736 0.0705608136 0.0000000000 0.4721803518 -0.4131026646 0.0000000000 0.0000000000 
350220.0000000000 -1132914.9710940535 6092528.0291816536 1504632.7177745150 0.0607694810 11.1654816136 -1.3389272756 -0.1032875101 -0.1020180531 0.2465979202 0.1284737159 0.0000000000 0.9322915503 0.3691228225 1.5859484264 0.6496987682 0.0000000000 -1.3371590357 -1.0643624485 0.0000000000 0.0000000000 
350250.0000000000 -1132913.9915753875 6092527.6404677574 1504632.6478567703 0.3917529276 11.1654816136 -0.0882134108 0.1578592046 -0.1217478370 0.2772299022 -0.2281936971 -0.0000000000 0.9807863899 0.1614517959 0.0134267525 0.0854172034 0.0000000000 -0.8437260679 -0.3732547266 0.0000000000 0.0000000000 
350280.0000000000 -1132915.2746361867 6092529.3103450583 1504632.4572021775 0.1494553828 11.0041300577 -0.7924757013 -0.1025054039 0.0000000000 1.2383539230 -0.1918605796 0.0000000000 0.7909651193 -0.8703528816 0.3438682117 1.1382732867 0.0000000000 -1.2957828404 -0.1835529368 0.0000000000 0.0000000000 
350310.0000000000 -1132914.9074118189 6092528.6392243775 1504632.5038351044 0.9958933893 11.1654816136 -0.3829795830 -0.4637270989 0.0050201587 0.6542501167 0.3999625899 -0.0000000000 0.8149183635 -0.4873705972 0.1164689424 0.8776010061 0.0000000000 -0.9897853728 -0.5032996019 0.0000000000 0.0000000000 
350340.0000000000 -1132914.6822496536 6092526.7215948896 1504632.3574659347 1.2743437997 11.1654816136 -1.5413692894 -0.6594030372 0.0334522907 0.4765607284 0.5737744392 0.0000000000 -0.1155702237 -0.3511735651 1.5077226696 0.8348830531 0.0000000000 -0.3640656333 -0.4292057017 0.0000000000 0.0000000000 
350370.0000000000 -1132914.7831775597 6092529.0034807660 1504632.2664182591 1.8031698055 11.1654816136 0.1462405431 -0.6093515550 0.7161335870 1.1420600650 0.3202913794 0.0000000000 1.1549467644 -1.2267755382 -1.2155476903 1.1396099508 0.0000000000 -0.6111332178 -0.8502359289 0.0000000000 0.0000000000 
350400.0000000000 -1132915.2403782413 6092530.5453038728 1504633.5874973305 0.0148982552 11.1654816136 -0.0169818630 0.2401504757 0.4010047566 0.4745079276 0.9493753628 -0.0000000000 0.2161291718 -1.4643406693 0.2649160997 1.5674142139 0.0000000000 -1.3867311904 -1.1885090732 0.0000000000 0.0000000000 
350430.0000000000 -1132914.7978901719 6092529.2383903917 1504633.2419315113 0.0404711568 11.1654816136 0.5517279893 -0.0470536310 0.0763976063 0.2217205676 0.6147408634 0.0000000000 -0.3943240851 -0.9610443090 -0.3804835988 0.9696905886 0.0000000000 -0.5533559224 -0.0351456055 0.0000000000 0.0000000000 
350460.0000000000 -1132916.1634661162 6092530.5719393827 1504633.5198288870 0.0041438951 11.1654816136 -0.2881423172 0.1980190462 -0.1555819421 1.4830008282 0.0245008010 -0.0000000000 0.8164805967 -1.5152107258 -0.0288146905 1.7026599838 0.0000000000 -1.9986322421 -0.0906612910 0.0000000000 0.0000000000 
350490.0000000000 -1132916.7600333975 6092532.6169206994 1504634.5757111295 0.0362784139 11.1654816136 0.0185038745 0.3006822511 -0.4182019090 0.5148080619 0.5618822105 0.0000000000 0.6785016330 -0.7986891382 0.3800341373 1.1369081019 0.0000000000 -1.8856265073 -0.4175196744 0.0000000000 0.0000000000 
350520.0000000000 -1132915.6354133736 6092530.4752942957 1504633.3279876867 0.1296014052 11.1654816136 -0.9143015890 -0.0213724413 0.2284792304 0.1731996004 0.2487061855 -0.0000000000 -0.1482816958 -0.1547470133 1.3463376761 1.0552971145 0.0000000000 -1.0182626229 -0.8255648111 0.0000000000 0.0000000000 
350550.0000000000 -1132915.3306017504 6092529.2068630885 1504633.7769470506 0.3215763302 11.1654816136 1.5593047254 0.5301074541 0.2304671578 -1.0988437503 0.9894900568 0.0000000000 0.3823720034 0.2105151996 -0.3161273495 0.9698329700 0.0000000000 -1.7394830882 -1.7207740294 0.0000000000 0.0000000000 
350580.0000000000 -1132915.4917277803 6092531.0321376882 1504634.2516775923 0.1345855455 11.1654816136 2.2407717253 1.0994233003 0.1316907827 -0.5942256309 1.1996473256 0.0000000000 0.2018162111 -1.2039825395 -1.2149387471 1.2116773645 0.0000000000 -1.7664407975 -1.2006168035 0.0000000000 0.0000000000 
350610.0000000000 -1132914.7597095510 6092527.7369806841 1504633.1968973710 0.0708197395 11.1654816136 1.3822401605 -0.5991600852 0.2560649692 -0.3562523800 1.0137378786 0.0000000000 0.4243624597 0.0267001762 -0.9251780700 1.4933666881 0.0000000000 -1.5105057454 -1.1412037240 0.0000000000 0.0000000000 
350640.0000000000 -1132914.8960303294 6092528.1394576570 1504632.4111498171 0.0000816890 11.1654816136 0.4359864711 -0.0839369351 0.1623323508 0.1667942298 0.3620532066 -0.0000000000 0.8494602159 -0.1614595560 -0.3583478635 0.9860801123 0.0000000000 -1.3523170749 -0.9507224524 0.0000000000 0.0000000000 
350670.0000000000 -1132916.1678665744 6092528.9500829559 1504633.5385487080 0.2204296896 11.1654816136 -0.6122226324 0.3926941463 -0.3269078284 0.4980573711 -0.1061034405 -0.0000000000 1.4018808543 0.1913049861 1.1024453078 1.3305629656 0.0000000000 -2.7516006186 -1.0906370622 0.0000000000 0.0000000000 
350700.0000000000 -1132915.7928851405 6092529.6532465732 1504634.2874957223 0.2487296757 11.0041300577 1.0892026639 0.3946246581 -0.1129005238 -0.8325928829 1.0735914171 0.0000000000 0.8920667556 0.1965586471 -0.1446542042 0.4852755741 0.0000000000 -1.5548429826 -1.4965170709 0.0000000000 0.0000000000 
350730.0000000000 -1132915.8907226424 6092532.0448518023 1504632.4992469051 0.0154859051 11.0041300577 0.3795943082 0.7011400971 -0.4292863445 0.3885756765 0.2680099505 0.0000000000 0.6174825115 -0.6947279495 0.1338150873 1.1821467551 0.0000000000 -2.0874685140 -0.3627980289 0.0000000000 0.0000000000 
350760.0000000000 -1132915.6949022715 6092529.1002520584 1504631.7134236200 0.0124529609 11.0041300577 -0.8126393337 0.2039342918 -0.2518452331 0.7063538172 0.2404447060 0.0000000000 0.7864693473 -0.4394362463 1.1288365724 1.3068092948 0.0000000000 -2.0954729535 -0.7344558141 0.0000000000 0.0000000000 
350790.0000000000 -1132914.8752777860 6092528.5863166871 1504633.0426457757 0.1581719473 11.0041300577 0.2273296948 0.1678533219 -0.4196412543 0.1537809643 0.8572904620 0.0000000000 1.1298185764 -0.4363571859 -0.0134996752 0.3691753239 0.0000000000 -1.2835712683 -0.7064676254 0.0000000000 0.0000000000 
350820.0000000000 -1132915.1010431724 6092527.3476313539 1504633.4296006882 0.0395177251 11.0041300577 0.2943989689 0.4603324837 -0.4121829603 -1.2398539043 0.4286793850 0.0000000000 -0.2209148110 1.2812109974 1.6034516622 0.8289933256 0.0000000000 -2.1242603880 -1.0237143798 0.0000000000 0.0000000000 
350850.0000000000 -1132915.6563642216 6092530.1303501744 1504632.8115523721 0.0000615524 11.0041300577 0.9395320153 0.3435819693 -0.1705824315 0.2878324446 0.0169264083 0.0000000000 0.9834985425 -0.2894342319 -0.9444996692 0.9939524450 0.0000000000 -1.6087071308 -0.4213862644 0.0000000000 0.0000000000 
350880.0000000000 -1132914.6221177969 6092525.1261606468 1504631.4568944378 0.0532641344 11.0041300577 -1.3046359889 -0.1155149562 0.1355305125 0.6249400030 -0.4980441839 0.0000000000 0.9707284417 0.4640953233 1.2547457554 0.9382323862 0.0000000000 -1.5751896843 -0.9219475526 0.0000000000 0.0000000000 
350910.0000000000 -1132915.3575966849 6092526.2397250542 1504632.2664518002 0.0023644294 11.1654816136 0.7337861974 0.4334486849 0.0360649394 0.0694842829 -0.1050085685 0.0000000000 0.9201604940 0.3358828827 0.1898250982 1.2060729019 0.0000000000 -2.6470693228 -0.8135102422 -0.3689548680 0.0000000000 
350940.0000000000 -1132915.1452388200 6092529.6152830943 1504632.3713022652 0.0177640034 11.1654816136 0.4530800826 -0.0999533826 0.2231168512 0.7263228484 -0.2878916703 0.0000000000 0.5395099977 0.2925872681 0.8360220733 1.0061925867 0.0000000000 -2.8730398103 0.1127724670 -1.0438473594 0.0000000000 
350970.0000000000 -1132913.6856562833 6092528.0414857343 1504632.8125769033 0.0005805761 11.3140434823 -0.0726911873 0.7897182402 0.7066018395 0.7147272742 0.0527573497 0.0000000000 0.1658938858 0.3768239071 1.6651691604 -0.5880618576 0.0000000000 -2.0397964849 -0.4185853592 -0.4887293194 -1.2253600807 
351000.0000000000 -1132915.1904247352 6092528.6179613322 1504632.5426357442 0.0010391042 11.3140434823 -1.7965568345 0.6047871363 0.1166684917 2.5539307437 0.0705756372 0.0000000000 0.4688094494 -0.2994656288 0.2301548359 0.7798579455 0.0000000000 -1.2130001874 -0.8378803331 2.3400331110 -3.0111805095 
351030.0000000000 -1132913.9295102828 6092527.6719562681 1504632.2944092613 0.0177791364 11.3140434823 1.8936293243 0.7609113635 1.5429643388 2.0088580311 -0.2919051755 0.0000000000 -0.7403361152 -0.1457568974 -0.8617538917 0.9354000348 0.0000000000 -2.8983914261 0.2393958576 0.0902259527 -2.6924685028 
351060.0000000000 -1132914.6879795243 6092528.9377413876 1504632.2958984240 0.0153631861 11.3140434823 -0.2890189395 0.1411612607 -0.2794669988 -0.7303199426 -0.2713216981 0.0000000000 -0.0301062649 -0.4550188989 1.1307936040 1.1890404160 0.0000000000 -0.9489076009 -0.1658676257 -1.0178569707 1.7988800932 
351090.0000000000 -1132914.2745723787 6092528.2813102072 1504633.6539071603 0.0008360052 11.3140434823 0.4649945000 0.1055162777 1.0277898603 1.8290156326 -0.0632856053 0.0000000000 0.0014466662 0.6485230280 -0.7475008113 1.0745728782 0.0000000000 -2.0696363182 -0.7504733729 1.2591496869 -2.8239133512 
351120.0000000000 -1132915.6909206349 6092528.4507431472 1504633.3947543011 0.0115252229 11.3140434823 -0.6354636823 0.0015998421 0.8233451103 0.4355807613 -0.2349467720 0.0000000000 -0.6399749732 1.0636213250 0.6372263516 0.7801387032 0.0000000000 -0.7555888911 -1.1177691331 1.1135104353 -1.5932798334 
351150.0000000000 -1132914.2317329517 6092527.0759924771 1504632.0553143516 0.0167975955 11.3140434823 -0.1015367786 -0.1088478324 0.1480706805 0.2836106046 0.2836034220 0.0000000000 0.6007397569 1.0521606111 0.2994160961 0.3209341141 0.0000000000 -1.3467455846 -1.0131314811 0.6198291132 -1.1236594015 
351180.0000000000 -1132914.9067766133 6092527.3484374238 1504632.6850798551 0.0110354646 11.3140434823 0.0606589093 -0.1222226810 -0.4528116780 -0.1796982827 0.2298380341 0.0000000000 0.0949455404 0.3919538706 0.3257150730 0.8554586274 0.0000000000 -1.1314051059 -0.2346716969 0.1372142010 0.0521688055 
351210.0000000000 -1132912.9900960156 6092526.5333443601 1504631.9339899505 0.0764937265 11.3140434823 -0.1194891552 -0.3926049876 1.2372926167 1.8112913669 -0.6050253142 0.0000000000 -0.1391955136 -0.3321107193 0.2176749570 1.0243559591 0.0000000000 -1.5829256859 0.2035457861 -0.5389054125 -0.7592198762 
351240.0000000000 -1132914.0623776992 6092529.5419847975 1504633.6281477790 0.0099182295 11.3140434823 0.6535761759 0.2389664695 -0.2072738147 0.5421554940 0.2178248507 0.0000000000 -0.5795740246 -0.7045537344 -0.0871513820 1.2462997081 0.0000000000 -1.4616435138 0.5675817076 -0.1654072049 -0.1269962834 
351270.0000000000 -1132912.9220742472 6092527.4808608908 1504633.4868587204 0.0011281505 11.3140434823 1.5376449684 0.5051693957 0.9729249448 0.4398672481 -0.0734516929 0.0000000000 -0.4597214662 -0.0275852287 -0.5174985140 -0.1473935722 0.0000000000 -1.0520755190 0.2299569750 -0.4698377072 -0.9651922362 
351300.0000000000 -1132914.2941853460 6092527.3206428373 1504633.2390625973 0.0013693772 11.3140434823 0.2434910792 0.6592199147 -0.2233772099 0.1300992328 0.0809092064 0.0000000000 -0.8621906511 0.3081671925 -0.0145931142 0.7159839212 0.0000000000 -0.7918933145 -0.0602693701 1.0473028102 -1.1949237484 
351330.0000000000 -1132914.8448038122 6092528.6870612390 1504633.8208692251 0.0394460125 11.3140434823 0.1843804722 0.5221468054 0.0340165172 -0.9748102372 0.4341643103 0.0000000000 -0.0991929825 0.7306392096 0.7444463828 0.4020433091 0.0000000000 -0.9328946286 -1.3193644479 0.4060596495 -0.2681597952 
351360.0000000000 -1132915.4573664037 6092529.4721951000 1504632.4088305149 0.0140548308 11.3140434823 -1.6717242608 0.0971218167 0.0429737821 1.7728259837 -0.2591061111 0.0000000000 0.3349234139 0.6485408615 1.5083647145 0.7902800242 0.0000000000 -2.0927871339 -0.4204730087 0.9186697226 -1.6836123551 
351390.0000000000 -1132914.9333778415 6092527.8262652131 1504632.5248285613 0.0581824960 11.3140434823 -0.2460020408 0.5303680101 0.4625183319 0.5933602041 -0.5270714182 0.0000000000 -0.0521277466 -0.3574191692 0.6632435818 1.3629527165 0.0000000000 -1.7148488840 -0.4065888234 -0.2304177125 -0.0350759627 
351420.0000000000 -1132914.3038800324 6092527.6082499726 1504632.0631677946 0.0046764465 11.3140434823 0.4406333838 0.0752983798 0.1223498096 -0.2421287519 -0.1493947755 0.0000000000 -0.0179584575 0.5677615395 0.0973176871 -0.0709400775 0.0000000000 -0.5168949902 -0.0249110882 -0.1565242370 -0.1767791067 
351450.0000000000 -1132915.0504880841 6092528.1030140407 1504633.3083910246 0.0025253621 11.3140434823 0.5082612184 0.8171134088 -0.1107256039 0.0191864072 -0.1097588587 0.0000000000 0.2210806550 1.4209125909 0.2340980655 -0.0001600599 0.0000000000 -1.7476001771 -0.5023902914 0.8023313885 -1.6145706965 
351480.0000000000 -1132916.0089385340 6092527.8307010159 1504632.3624365171 0.0463688122 11.3140434823 0.3031661841 0.4595199091 -0.0205087715 -0.2177494864 -0.4702046763 0.0000000000 0.1956967397 0.7024871704 -0.0122059531 0.8681059871 0.0000000000 -1.2814645940 -0.4914413460 0.2510536314 -0.2907385464 
351510.0000000000 -1132915.5608196843 6092528.0014568381 1504633.5335999392 0.0210617562 11.3140434823 0.4688157378 0.6253686756 -0.2991165132 -1.0112146944 0.3168208012 0.0000000000 -0.7004600522 0.8053210749 0.3629261415 1.3508569921 0.0000000000 -1.3273174569 -1.0512202189 0.8591233865 -0.4691038946 
351540.0000000000 -1132915.1388874575 6092528.5790508650 1504633.2614386918 0.0828984159 11.3140434823 0.4784371598 1.5447908689 -0.7809400860 -1.1508026009 -0.6283880406 0.0000000000 -0.3089375506 0.4153493399 -0.2650187316 1.9140467685 0.0000000000 -1.4261190310 -0.7752553916 0.9819487959 0.0004423693 
351570.0000000000 -1132914.1264698969 6092528.8725014320 1504632.9859526064 0.0005547705 11.3140434823 0.3095924171 0.9904830345 0.3842059917 0.3320193446 -0.0513926202 0.0000000000 -0.4062722209 -0.0957325601 1.2126241416 0.8741746549 0.0000000000 -2.4041492931 -0.3077068829 -0.2795751931 -0.5629148906 
351600.0000000000 -1132913.7861299864 6092528.8339260863 1504632.9778368399 0.0008388852 11.3140434823 1.5431957045 0.8013922321 0.4171007187 0.1637735100 0.0631789959 0.0000000000 -0.4455524499 0.4281414975 0.1521877515 -0.0574949490 0.0000000000 -1.9213177798 0.3676118454 -0.3816831716 -1.0641150875 
351630.0000000000 -1132913.1282961578 6092529.0287311850 1504633.0043307950 0.0040504402 11.3140434823 3.0250802101 0.2976068620 1.9828195030 1.5360228171 0.1387872560 0.0000000000 0.6971250277 0.0321030563 -0.7663611128 -0.1272948449 0.0000000000 -3.4557664655 0.2934292241 -1.9123666730 -1.3842236142 
351660.0000000000 -1132914.4940970421 6092528.8460928090 1504632.9431093796 0.0035212156 11.3140434823 1.7564634254 0.9064512631 0.2116711367 0.2988167757 -0.1293653213 0.0000000000 0.3812159770 -0.0360388709 -0.9018221719 0.2238911493 0.0000000000 -1.7291520184 0.3357360327 -0.4507886500 -0.6523665950 
351690.0000000000 -1132915.8947709254 6092530.8782261815 1504634.1524046499 0.0054290763 11.3140434823 1.2147773337 0.2327667499 0.4592511142 -0.1394374076 0.1605843273 0.0000000000 -0.2439738584 0.3078475055 -0.2375778434 0.6731629591 0.0000000000 -1.3803120115 -0.2929658233 -0.2594027728 -0.4098882045 
351720.0000000000 -1132916.3830591682 6092529.7001420800 1504633.8366337323 0.0787848608 11.3140434823 1.6703384443 0.6674160685 0.1027262308 -0.4237299774 0.6115427438 0.0000000000 -0.6783703516 0.5681372178 -1.4131340196 1.4613930393 0.0000000000 -1.1978687475 -0.9499997045 1.2029227566 -1.4248899096 
351750.0000000000 -1132914.4411972517 6092528.0150123294 1504632.5124144487 0.0121354488 11.3140434823 1.1346604505 -0.2288842373 0.4161259141 0.1342853864 -0.2399359947 0.0000000000 -0.5285276047 0.0586735868 -0.9121489120 1.1578909338 0.0000000000 -0.7285129260 0.2839672715 -0.2743276047 -0.0682278376 
351780.0000000000 -1132914.6236081352 6092526.9097014368 1504632.8995533332 0.0083986369 11.3140434823 1.3788104844 1.3496470998 0.1665646533 -0.7580683622 0.1995400911 0.0000000000 -0.3509140166 -0.2622407026 0.3782785479 0.6133008340 0.0000000000 -1.8390071007 -0.3933812087 -0.4351032260 -0.0551229494 
351810.0000000000 -1132915.9262827395 6092529.7456644475 1504633.9285590858 0.0233879846 11.3140434823 -0.5245682029 0.4545470420 -0.6142013169 -0.4123540044 0.3328711368 0.0000000000 -0.6454144134 0.9688107812 1.2273776165 1.4033398377 0.0000000000 -1.7900689015 -0.8840519212 1.0727256897 -0.7347012236 
351840.0000000000 -1132915.6351431017 6092529.5587044284 1504633.4480331512 0.0012157552 11.1654816136 -0.4178174646 1.4650880369 -0.2029498423 0.0000000000 -0.0758658132 0.0000000000 -0.3108174176 -0.7266456690 1.2650024368 1.7213980700 0.0000000000 -2.2357410739 -0.7542592370 0.1862569616 0.0449318941 
351870.0000000000 -1132915.3842990298 6092526.5983602507 1504632.7745906503 0.1419048401 11.1654816136 -1.7089444984 0.5838583360 -1.0751694369 0.0000000000 -0.8193563422 0.0000000000 -0.1830844655 0.1768791106 1.5932114539 1.1966056561 0.0000000000 -1.1053430640 0.1963637035 0.4442587094 0.4726260035 
351900.0000000000 -1132915.7528866006 6092529.1379114073 1504633.1824497085 0.0025399669 11.3140434823 -0.2685706470 0.4889825756 0.6552332342 0.0000000000 -0.3971448654 0.0000000000 -0.7227488793 0.3760023630 1.3870562675 0.9327272365 0.0000000000 -1.5739895770 -0.5735919808 -0.0434551103 -0.3687274745 
351930.0000000000 -1132915.5276180124 6092527.6459751707 1504633.3407501974 0.0984835102 11.3140434823 -0.1319106582 0.8354872076 -0.0581269477 0.0000000000 0.8241810363 0.0000000000 -0.7347385621 1.2586110579 0.3092702744 0.6578190356 0.0000000000 -1.1738972381 -1.5097723743 2.1643288730 -2.4533096972 
351960.0000000000 -1132915.4319127209 6092528.0715267835 1504632.6089943035 0.0566400218 11.3140434823 -0.8742102878 0.2808839864 -0.6116995560 0.0000000000 0.6471135681 0.0000000000 0.0452081639 0.7946137181 1.4231003216 0.6257854241 0.0000000000 -1.6577347854 -0.9467461651 0.8560981741 -0.7423639988 
351990.0000000000 -1132915.0425808758 6092526.9151154216 1504631.9650738235 0.4252449055 11.3140434823 -1.3020325414 0.0828450778 -1.0148403514 0.0000000000 0.3263876926 0.0000000000 0.1496471521 0.3479925596 0.3558245387 1.2651385605 0.0000000000 -0.5373362989 -0.8821472088 1.3027147776 -0.2383666572 
352020.0000000000 -1132914.7238961060 6092526.2357039303 1504632.5101177441 1.2829372392 11.3140434823 -0.8048609934 -0.1120001285 0.3926306262 0.0000000000 -0.1128163788 0.0000000000 -0.0087724784 1.3314119065 1.3346069120 0.7804421882 0.0000000000 -1.5408298880 -1.2497395170 0.5203804672 -0.7360495875 
352050.0000000000 -1132913.6931209846 6092526.1012850003 1504632.0836549988 0.1546020243 11.3140434823 -0.2137600989 0.2638024591 0.7746515405 0.0000000000 0.0873100824 0.0000000000 0.2223974697 -0.1639070115 1.5364472565 0.7722764687 0.0000000000 -1.9179918875 -1.0740996391 -0.7790015417 0.3769941080 
352080.0000000000 -1132915.4493475528 6092528.6013427433 1504633.1141274413 0.0000018918 11.3140434823 0.4908569520 0.5372557550 0.4860242673 0.0000000000 0.0264241737 0.0000000000 -0.3412015860 0.1063549292 -0.1347315666 1.3662350519 0.0000000000 -1.3295967971 -0.8621021944 0.3428916006 -0.5791111913 
352110.0000000000 -1132912.8811984581 6092526.8275306625 1504632.3107650415 0.2133756931 11.3140434823 1.3862720154 -0.6250417503 1.3083134669 0.0000000000 -0.5464883738 -0.0000000000 0.0347952959 0.7103321549 -0.1369231666 0.5084329104 0.0000000000 -1.3020966865 -0.0022385598 -1.3132050328 0.1777135761 
352140.0000000000 -1132915.6143385319 6092528.0462155109 1504633.0729617809 0.0063722942 11.3140434823 0.5901172368 0.4247376592 0.7701532390 0.0000000000 0.1782188932 -0.0000000000 -0.8451131376 0.7096844789 -0.8739910355 1.0769250926 0.0000000000 -0.3508063658 -1.2027399083 1.3925489963 -1.7098664011 
352170.0000000000 -1132915.3151812195 6092527.7620044043 1504632.2931617179 0.1178319780 11.3140434823 -2.3393320741 -0.4119271722 0.1080033265 0.0000000000 -1.2338477996 0.0000000000 0.8282495790 0.4919151421 1.4544069851 0.5451964760 0.0000000000 -0.0682331260 -0.8228789995 -0.1216404878 1.0159343581 
352200.0000000000 -1132915.2910184690 6092530.2876635203 1504633.5829576212 0.2322457582 11.3140434823 -0.5400933532 -0.2733844191 0.1197848357 0.0000000000 0.2749425716 -0.0000000000 -0.0684083220 1.2202646333 0.6272288829 0.3269524781 0.0000000000 -0.7232545567 -0.9932343542 0.8288074940 -0.9369740731 
352230.0000000000 -1132914.2825499529 6092528.5603553094 1504633.0802842143 0.0558266474 11.3140434823 0.8533144355 0.5338921271 0.5483925316 0.0000000000 0.2413239747 0.0000000000 0.2196828234 -0.4179655056 -0.7668413419 0.5373576945 0.0000000000 -0.5105055518 -0.7128450948 -0.0014212439 -0.3136031316 
352260.0000000000 -1132915.1598009570 6092526.7294614175 1504632.3741714957 1.0533317316 11.1654816136 0.0000000000 0.2286913358 0.3042377258 0.0000000000 -0.0709922733 0.0000000000 -0.0740895376 -0.2029593597 0.1982596826 1.4282531485 0.0000000000 -1.1871124552 -0.7304959346 -0.0907666742 0.2071514511 
352290.0000000000 -1132914.3810839269 6092526.5470988909 1504632.2507320475 0.1528511081 11.1654816136 0.0000000000 0.4366827536 -0.0300582357 0.0000000000 -0.0624105000 -0.0000000000 -0.4201637760 0.5050308898 0.6368413231 0.5999937057 0.0000000000 -1.2257621726 -0.1735642338 0.3178520898 -0.5976727431 
352320.0000000000 -1132914.5169930879 6092527.1521327915 1504632.0887908246 0.1665611418 11.1654816136 0.0000000000 0.6641874472 -0.0140982778 0.0000000000 -0.4034265353 0.0000000000 0.6462838472 -0.0788106799 0.6346415230 0.7703089374 0.0000000000 -1.7775968165 -0.2642792007 -0.5933443600 0.3791164887 
352350.0000000000 -1132914.2998190664 6092527.8381065419 1504632.3349041597 0.3265541216 11.1654816136 0.0000000000 0.3035314315 0.8181705503 0.0000000000 -0.3860738983 -0.0000000000 0.2091911457 0.1134571350 0.2365727507 0.7998402466 0.0000000000 -0.9435598224 -0.9186323088 -0.1642175217 -0.0995430291 
352380.0000000000 -1132915.0123226442 6092527.2442998635 1504632.1999700868 0.2750512434 11.1654816136 0.0000000000 0.5213213713 0.5020150139 0.0000000000 -0.8867856814 -0.0000000000 1.2889708781 0.0881125341 0.1489982314 0.5235739011 0.0000000000 -1.3476852707 -0.5637640930 -0.8182681928 0.4825951789 
352410.0000000000 -1132914.4741850928 6092528.0214242144 1504632.0547747358 0.0975923083 11.1654816136 0.0000000000 -0.5095440707 0.9365531314 0.0000000000 -0.7303879646 0.0000000000 -0.1508209228 0.0561514689 0.6038659909 1.4007065163 0.0000000000 -1.1608743580 -0.3701951815 -1.0119446269 0.8946628647 
352440.0000000000 -1132915.2144006996 6092526.6285976227 1504632.7050692530 0.0633732811 11.1654816136 0.0000000000 0.7794191889 -0.4395177842 0.0000000000 -0.7655336963 0.0000000000 -0.0237193327 -0.0502399027 -0.9191119445 1.9929938332 0.0000000000 -0.9180868848 -0.0675335321 0.5057442049 -0.0432397626 
352470.0000000000 -1132915.1665670476 6092528.9695887407 1504633.8320581750 0.3200195129 11.1654816136 0.0000000000 0.8484648173 -0.1023614190 0.0000000000 0.7586516370 0.0000000000 0.1360535438 -0.1382001482 0.3157658040 0.5152090376 0.0000000000 -1.1642380291 -1.0611846647 0.6325882632 -0.7252312018 
352500.0000000000 -1132916.1199442386 6092528.9126360463 1504633.1608535443 0.3093499883 11.1654816136 0.0000000000 0.6247241802 0.1515642599 0.0000000000 0.1761579927 0.0000000000 -0.3370124044 -0.0438938489 -0.0765975752 1.2977178447 0.0000000000 -0.9592793404 -0.8842446021 0.6559945598 -0.5768797710 
352530.0000000000 -1132914.6868267411 6092525.9801854314 1504632.6949359893 0.1856709613 11.1654816136 0.0000000000 1.3862849565 -0.0852331167 0.0000000000 -0.2163489897 -0.0000000000 0.1795217185 0.0249516668 1.3350561952 0.9700232389 0.0000000000 -2.7484634446 -0.3589096845 -0.2414518683 -0.2902415817 
352560.0000000000 -1132914.9330661639 6092529.1133747445 1504633.7726475757 0.1078544098 11.1654816136 0.0000000000 0.7168927166 0.9110878221 0.0000000000 -0.0173976628 -0.0000000000 -1.2668643891 -1.2806427718 0.6715615386 0.7868514306 0.0000000000 -0.1570560880 -0.3789660723 -0.0975299725 0.1137180155 
352590.0000000000 -1132914.7313265675 6092527.8491359018 1504633.0973418111 0.1969098114 11.1654816136 0.0000000000 0.7869339846 -0.2255560858 0.0000000000 0.4693505828 0.0000000000 -0.1160205935 -0.3311890561 1.1993961814 1.0440990147 0.0000000000 -2.2049716945 -0.4843081983 -0.2029320613 0.0543510151 
352620.0000000000 -1132915.0388813100 6092527.2644624328 1504632.9679898920 0.1224991629 11.1654816136 0.0000000000 0.6360800425 -0.1058424677 0.0000000000 -0.3067633202 -0.0000000000 0.2202634191 -0.0269869566 1.3265333451 1.1638049601 0.0000000000 -2.5877422936 -0.0414772406 -0.8332265930 0.5084341830 
352650.0000000000 -1132914.4911351933 6092527.7912299316 1504632.6838625879 0.0000011018 11.1654816136 0.0000000000 0.6894936358 0.1009106688 0.0000000000 -0.2106496914 0.0000000000 0.6384278923 -0.8094407096 1.9378816916 0.9215361208 0.0000000000 -2.9204845333 -0.0667515883 -1.7584192450 1.3985915763 
352680.0000000000 -1132914.3554903783 6092527.5814946601 1504632.8083913608 0.3596046436 11.1654816136 0.0000000000 0.4256067384 0.5399094819 0.0000000000 -0.9918740782 -0.0000000000 0.0362330427 0.1877158987 0.8644250445 0.4171213774 0.0000000000 -1.2689253342 0.2534809020 -0.7630204452 0.2367268863 
352710.0000000000 -1132914.2610613694 6092526.8369562961 1504632.6304811002 0.0009855997 11.1654816136 0.0000000000 1.2025875971 0.3524501085 0.0000000000 0.1359901402 -0.0000000000 -0.8996535425 -0.8728417331 1.0612539254 0.6362772104 0.0000000000 -1.1298689931 -0.2729921078 0.0742465179 -0.2943428090 
352740.0000000000 -1132915.0687373651 6092527.7735717148 1504633.0901013846 0.2280269114 11.1654816136 0.0000000000 1.6406549890 0.2419592120 0.0000000000 0.5480065673 -0.0000000000 -0.5823609511 -0.2599699653 1.4553334809 0.3103094294 0.0000000000 -1.9430298580 -0.7970762391 0.5635830221 -1.1921536041 
352770.0000000000 -1132915.4477213735 6092526.3179612067 1504633.0327118684 0.1598844931 11.0041300577 0.0000000000 0.3303755062 -0.0431036708 0.0000000000 0.1909022876 -0.0000000000 -0.1550168520 0.1999712307 0.6736144369 1.1386161461 0.0000000000 -1.7159202828 -0.4993563551 0.0000000000 -0.1247509419 
352800.0000000000 -1132915.1249658535 6092528.1648152480 1504632.7477481831 0.1499884008 11.1654816136 0.0000000000 0.4969938938 0.9480402693 0.0000000000 0.7598123125 -0.0000000000 -0.9275918634 -0.9426482820 1.8453193263 0.8066214121 0.0000000000 -1.6411842826 -1.1021971270 -0.4068581469 0.1416155676 
352830.0000000000 -1132915.0986181817 6092526.2658273550 1504633.3712465125 0.2320549424 11.1654816136 0.0000000000 1.5392191405 0.2040189388 0.0000000000 0.1828694361 0.0000000000 0.4321608277 -0.0119875938 0.5319693107 0.3021330881 0.0000000000 -1.6504800681 -0.9688777705 0.4816078813 -1.0604273450 
352860.0000000000 -1132914.7271874645 6092526.8888838012 1504631.8782875892 0.5774594181 11.1654816136 0.0000000000 -0.2188417790 0.2856101622 0.0000000000 -0.1795073493 0.0000000000 0.2139936347 -0.0284086520 -0.0146421639 1.2366519638 0.0000000000 -0.9066096962 -0.5190690980 -0.4274856921 0.5487898690 
352890.0000000000 -1132915.2099651035 6092526.5489979181 1504632.4049311988 0.7663515795 11.1654816136 0.0000000000 0.2321598043 0.3873553778 0.0000000000 -0.5733390190 -0.0000000000 1.3985117262 -0.5711004571 0.0732319822 0.9813916396 0.0000000000 -1.4001201833 -0.5411371959 -1.3320253787 1.2907671214 
352920.0000000000 -1132915.0977295442 6092527.7386592468 1504632.3261241547 1.3010299302 11.1654816136 0.0000000000 1.0699127539 -0.1682915425 0.0000000000 -0.1071611216 0.0000000000 0.2671737679 -1.3467433824 -0.8574947854 1.5993101592 0.0000000000 -0.5045857858 -0.4415297786 -0.0167941316 0.5304108681 
352950.0000000000 -1132915.6647527928 6092528.0286132721 1504632.9413281630 0.3840279190 11.1654816136 0.0000000000 0.3741006128 -0.3105104406 0.0000000000 0.2509429361 -0.0000000000 0.1385810197 -0.6668465284 0.5744034587 1.2542815264 0.0000000000 -1.6091935623 -0.2335527033 -0.6058467892 0.8269202547 
352980.0000000000 -1132915.5831892884 6092528.6202871809 1504633.3882732769 0.0284492341 11.1654816136 0.0000000000 0.4560509638 0.3416907118 0.0000000000 0.2622387180 -0.0000000000 -0.2709067479 -0.8448748574 1.2944972896 0.8009519328 0.0000000000 -1.5697525550 -0.4150944127 -0.7356564711 0.6550708583 
353010.0000000000 -1132915.1597932098 6092529.1855144389 1504633.4797764733 0.0809722447 11.1654816136 0.0000000000 0.7093708415 -0.0894097978 0.0000000000 0.1063848648 -0.0000000000 -0.5058941362 0.7008268185 0.2784391289 1.1136494072 0.0000000000 -1.4958692273 -0.4903337449 0.8259805393 -1.1379919269 
353040.0000000000 -1132915.7435487865 6092527.8572173566 1504632.8627119071 0.0083045053 11.1654816136 0.0000000000 0.8511077245 0.2422853963 0.0000000000 -0.3877725656 -0.0000000000 -0.2137929964 0.4357682005 -0.9767587483 1.7844963949 0.0000000000 -0.8116471354 -0.7968134843 1.0115605979 -1.1124465455 
353070.0000000000 -1132915.0316396893 6092527.1833567098 1504632.4973784988 0.3410890459 11.1654816136 0.0000000000 0.5089046804 0.2033655165 0.0000000000 -0.2415748504 0.0000000000 0.2540949058 0.4590986962 -0.6893228487 0.4775775689 0.0000000000 -0.2083336951 -0.5268769856 0.6500967570 -0.8789846399 
353100.0000000000 -1132915.8451298564 6092527.1197269186 1504632.8255216873 0.5189967519 11.1654816136 0.0000000000 0.6440693378 -0.9315291729 0.0000000000 0.4255938066 -0.0000000000 -0.4846698252 0.4768912787 -0.6837742217 0.5603614706 0.0000000000 -0.1839280324 0.0842915059 1.3291326829 -1.1801186751 
353130.0000000000 -1132914.9566190527 6092527.1046541277 1504632.5922357198 0.7158607086 11.1654816136 0.0000000000 0.7732335558 0.0147112698 0.0000000000 -0.1164393306 0.0000000000 0.0895605402 0.4055665442 -0.3751205991 1.0483263159 0.0000000000 -1.0273752824 -0.5633444772 0.6259220395 -0.8658187963 
353160.0000000000 -1132914.4304360899 6092524.6605678620 1504632.3881772894 1.3973569578 11.1654816136 0.0000000000 -0.0776664214 1.0545823639 0.0000000000 -0.2612987325 0.0000000000 0.5538452113 -0.3131989966 0.2065620883 0.6117499623 0.0000000000 -0.6375177065 -0.9770411801 -0.7073567831 0.5093817947 
353190.0000000000 -1132915.1421816698 6092527.8390298942 1504632.9233545654 0.0021861520 11.1654816136 0.0000000000 0.1610586544 -0.0612750566 0.0000000000 -0.2473529619 -0.0000000000 -0.0343448163 0.6847974510 0.1511945896 0.7950030407 0.0000000000 -1.1184314390 -0.0853020150 0.1287101067 -0.3809220376 
353220.0000000000 -1132914.1511934430 6092525.1515059303 1504632.3260846976 0.0271118651 11.1654816136 0.0000000000 0.0591902774 0.3961625728 0.0000000000 -0.6766109723 -0.0000000000 0.8938486757 0.9854593128 -0.0015909872 -0.2908592260 0.0000000000 -0.6020873473 -0.1422248906 -0.1923204860 -0.4682253733 
353250.0000000000 -1132915.9333182513 6092528.5957983723 1504633.6908153393 0.0020338896 11.1654816136 0.0000000000 0.3736339334 0.2171516679 0.0000000000 0.1895116397 0.0000000000 -0.6785264235 0.5663217564 0.4436986225 0.5309485567 0.0000000000 -0.8524429460 -0.4365980589 0.6998359093 -1.0401383303 
353280.0000000000 -1132914.8592700772 6092526.5743288798 1504633.2641044990 0.0536331533 11.1654816136 0.0000000000 0.9131179218 0.6797798936 0.0000000000 0.0801610502 -0.0000000000 -0.5512681980 0.1395895365 0.1514109254 0.6860766686 0.0000000000 -0.7442203051 -0.8763929858 0.8422152277 -1.3088378376 
353310.0000000000 -1132914.7965764950 6092526.3976549488 1504632.4754584280 0.8416471453 11.1654816136 0.0000000000 0.4241940808 0.2962597328 0.0000000000 -0.2816506566 0.0000000000 0.7786526763 -0.0738584598 -0.2914357519 1.0806590750 0.0000000000 -1.1382033156 -0.6523313211 -0.3681416103 0.2020421586 
353340.0000000000 -1132914.5101993273 6092526.1022276133 1504633.0850804141 0.0897245605 11.1654816136 0.0000000000 -0.0009581093 0.5730453360 0.0000000000 -0.1007017768 -0.0000000000 0.3491163714 0.3272404054 -0.0815359741 0.6998387218 0.0000000000 -0.7186285626 -0.8150653326 -0.0459917410 -0.2001167684 
353370.0000000000 -1132915.2734559979 6092526.1956878910 1504633.2350795390 0.7650282715 11.1654816136 0.0000000000 0.3907194332 0.1471923722 0.0000000000 -0.3943849247 -0.0000000000 -0.5989754596 0.5184183007 0.6502630264 1.0338643835 0.0000000000 -1.4715774463 0.0989042332 0.0658852681 -0.4513990289 
353400.0000000000 -1132915.4505990804 6092527.5241624406 1504633.6756505533 0.0984482972 11.1654816136 0.0000000000 0.5474533919 0.4577880390 0.0000000000 0.3647922967 0.0000000000 -0.6966226545 -0.0693523849 0.1897792460 1.5612693738 0.0000000000 -1.2215768936 -1.0169495318 0.5487047488 -0.6480837233 
353430.0000000000 -1132915.5002218608 6092527.5461186282 1504633.4546604098 0.0016760192 11.1654816136 0.0000000000 0.3721555387 -0.1857861021 0.0000000000 0.6459528485 0.0000000000 -0.3659679493 -0.3541278720 1.4986950553 0.8406764248 0.0000000000 -2.0592601430 -0.3814578331 -0.4313620463 0.4102337834 
353460.0000000000 -1132914.6125737238 6092524.8497947585 1504633.2720897121 0.8344966998 11.1654816136 0.0000000000 0.5361832193 0.9074221499 0.0000000000 0.2394916823 -0.0000000000 -0.4110058938 0.2930936742 1.1411161291 0.0769018959 0.0000000000 -1.1796954815 -0.9266052085 0.3366235348 -1.0222358909 
353490.0000000000 -1132914.8224434499 6092528.4643649729 1504633.4969616099 0.0232628643 11.1654816136 0.0000000000 0.4747141793 0.2503052575 0.0000000000 0.4449076465 0.0000000000 -0.7812612701 0.4177349777 1.3332935325 0.5975655160 0.0000000000 -1.7338621157 -0.5495961559 0.3756735668 -0.8258625684 
353520.0000000000 -1132914.5411650916 6092527.5185307292 1504632.4020067076 0.6948285956 11.1654816136 0.0000000000 0.1064985885 0.9236179368 0.0000000000 -0.0970613533 -0.0000000000 -0.3410476375 -0.4693925710 1.0592221983 0.9914124455 0.0000000000 -1.3303402057 -0.6875302384 -0.6718502753 0.4865462207 
353550.0000000000 -1132914.6194926556 6092526.8118879115 1504632.9657964455 0.1556395036 11.1654816136 0.0000000000 0.5799333242 0.6241222364 0.0000000000 -0.0080740005 0.0000000000 -0.1781303136 0.1526540881 0.0426458453 0.6273446259 0.0000000000 -0.6876450949 -0.7284745022 0.4417778304 -0.8643004329 
353580.0000000000 -1132915.1730964787 6092527.0035775751 1504632.7771991312 0.1257259864 11.1654816136 0.0000000000 1.2200924544 0.3553793951 0.0000000000 0.3282255499 -0.0000000000 -1.8273547066 -0.1048747550 0.7926712903 1.8633359647 0.0000000000 -1.7360676100 -0.5352186983 1.0497252622 -1.3735448446 
353610.0000000000 -1132915.3622694835 6092530.5112255765 1504633.2597457708 0.0788237281 11.3140434823 0.0000000000 0.7199821883 0.5794177441 0.0000000000 0.1048002645 -0.0000000000 -0.9348660608 -0.3374647690 0.4354293549 1.1700582610 1.4845290382 -1.7389974317 0.1542433624 -1.2851045817 0.0022709120 
353640.0000000000 -1132916.3286060342 6092528.9103430798 1504634.2298109184 0.1149053892 11.3140434823 0.0000000000 1.6405967159 0.4918608544 0.0000000000 0.2315898541 -0.0000000000 -0.8907752587 0.5081550388 0.1979973935 0.7765047856 0.9590884512 -1.7817499225 -0.2732599551 0.4710687813 -2.0773929479 
353670.0000000000 -1132915.6022499376 6092526.7479443438 1504633.2468921600 1.4845855490 11.3140434823 0.0000000000 0.9324835578 -0.2709109008 0.0000000000 0.3996439104 0.0000000000 0.4023265492 -0.4527316792 0.5473858731 1.6963677699 -0.3518432977 -2.3497183514 -0.8053462132 -0.1088784974 0.2616699655 
353700.0000000000 -1132916.2841529942 6092527.1847653417 1504633.3283551685 0.3331315155 11.3140434823 0.0000000000 -0.1269374415 1.0812783434 0.0000000000 0.2354829478 0.0000000000 -0.3533627771 -0.6730495454 0.7609608817 1.4176988976 -0.1602975666 -1.0965201842 -1.3278821158 -0.4121929905 0.5983034457 
353730.0000000000 -1132915.9612946948 6092525.8601909382 1504633.3939425414 0.0162183504 11.3140434823 0.0000000000 2.1872890815 0.8988238620 0.0000000000 -0.1555833279 -0.0000000000 0.1730885007 -0.8228315919 1.2536606068 1.1769929919 -0.5853606300 -2.5746756933 -1.0902153847 0.3599529714 -0.9896594451 
353760.0000000000 -1132916.2174562991 6092528.4035271807 1504633.0144970240 0.9636712763 11.3140434823 0.0000000000 1.0003289817 -1.1357420977 0.0000000000 0.2865091766 0.0000000000 -0.8210271806 -0.3439068937 -0.6176059340 1.7005479007 0.2678722928 -1.0487086258 0.6654689681 0.3203436283 -0.1801058923 
353790.0000000000 -1132914.9270032200 6092526.1554241432 1504632.5581427142 0.9864879954 11.3140434823 0.0000000000 0.6330893623 0.5531472524 0.0000000000 -0.3705865033 0.0000000000 0.1743270852 1.3647257827 -0.1160713938 0.8835012385 -0.2646968245 -1.3759299447 -0.6956848453 0.9612520861 -1.8104335786 
353820.0000000000 -1132915.2513689841 6092528.1466150526 1504632.9975818275 1.1368832861 11.3140434823 0.0000000000 -0.0416529672 0.1085592669 0.0000000000 0.2218552738 0.0000000000 -0.9433929658 0.5595335754 0.9041896882 1.6527644861 -0.7849751219 -1.4730090496 -0.8116483149 1.0166624301 -0.5792526023 
353850.0000000000 -1132915.2406098121 6092527.9187170798 1504632.2172383470 0.8503511397 11.3140434823 0.0000000000 -0.0573237075 1.4744716114 0.0000000000 -0.1145485266 0.0000000000 -0.8660293891 -0.0752954682 1.0535417467 0.9157208062 -0.1651956402 -0.8487007944 -1.0984907721 0.1089602977 -0.3762950205 
353880.0000000000 -1132915.0165953203 6092528.6799208652 1504633.5727358616 0.0000220031 11.3140434823 0.0000000000 0.6818782226 1.0608861041 0.0000000000 0.4059237455 0.0000000000 -0.4387024189 0.1248013665 0.4558824546 0.2473807931 2.1975051812 -1.9082003047 -0.1074489864 -1.7798189312 -0.4493487135 
353910.0000000000 -1132915.1369579947 6092526.9711635327 1504633.1774105618 0.0685762488 11.3140434823 0.0000000000 0.9262660664 0.4428730457 0.0000000000 -0.0433999992 0.0000000000 -0.8124830874 -0.9666566061 0.0917081986 1.3163923306 0.7579772394 -1.1254834273 0.1576130176 -0.8132581049 0.2341607387 
353940.0000000000 -1132914.5799835024 6092526.3677307069 1504633.0324790473 0.1081771476 11.3140434823 0.0000000000 1.7953229896 0.4722667785 0.0000000000 -0.5645212774 -0.0000000000 0.6900234085 -0.6559512865 0.5424840151 0.6344649260 -0.2370451801 -1.8872039554 -0.1054868607 -0.3317228798 -0.4435718197 
353970.0000000000 -1132914.7443257160 6092528.7931261249 1504632.5455014505 0.2402848549 11.3140434823 0.0000000000 0.0987468468 0.4969891566 0.0000000000 -0.1000537268 0.0000000000 -0.7692098642 -0.1401163656 -0.2869598941 0.9198248207 1.0839081130 -0.5644968649 0.2791237536 -0.9191496406 0.1415866406 
354000.0000000000 -1132914.7423911022 6092527.1558824545 1504632.2533330435 0.3668831517 11.3140434823 0.0000000000 -0.1553828572 0.4405943379 0.0000000000 -0.3223024268 0.0000000000 0.1569369901 0.4854468205 0.8378039665 1.1080811476 -0.5426374121 -1.5647830697 -0.6086651425 -0.1043268014 0.1203072792 
354030.0000000000 -1132915.4395148680 6092530.3575709052 1504633.2676815169 0.0105450185 11.3140434823 0.0000000000 0.3001390102 0.2514951564 0.0000000000 0.3418049718 0.0000000000 -0.9426975838 0.1137978926 1.0274676762 0.8636138591 0.6314264013 -1.7280337160 -0.0790391770 -0.4909385157 -0.1496374259 
354060.0000000000 -1132915.5011892649 6092527.4517339999 1504633.2758632444 0.1777808102 11.3140434823 0.0000000000 0.3754473980 -0.0635028217 0.0000000000 -0.0846490367 -0.0000000000 0.6988171398 0.5489360243 -0.4402666754 0.5173399144 0.4269726564 -1.1564294701 0.0182768435 -0.5145092524 -0.2480023103 
354090.0000000000 -1132914.2663326694 6092527.3958722139 1504632.9131823292 0.0066685999 11.3140434823 0.0000000000 1.3474332318 0.8340468563 0.0000000000 0.1302496267 0.0000000000 -0.7995013120 -0.6386294967 1.0655900917 1.1819284085 -0.1447206012 -1.7824590011 -0.6877546778 0.3256705606 -0.8638960530 
354120.0000000000 -1132914.5017465537 6092528.0636676615 1504633.1919136979 0.3986781275 11.3140434823 0.0000000000 0.6153771129 0.0846245537 0.0000000000 -0.2878927736 -0.0000000000 1.3341117036 0.1863072025 -0.2342284670 0.3059434526 -0.1733441292 -1.1426347236 -0.2644662939 -0.4073648433 -0.0841506270 
354150.0000000000 -1132914.2532954533 6092527.3361003222 1504632.5235751227 0.1570933752 11.3140434823 0.0000000000 0.5735753751 0.6626758640 0.0000000000 -0.5038913220 -0.0000000000 0.4018397207 -1.3772996677 0.7441956304 0.2763300761 -1.1374098576 -0.0560785030 -0.5940653418 0.0959804956 0.6409762342 
354180.0000000000 -1132914.7383003288 6092529.1464346424 1504633.8622147075 0.0002185635 11.3140434823 0.0000000000 1.4749380423 0.2633203093 0.0000000000 0.0513101352 -0.0000000000 0.1547059071 -0.6767959541 1.3065504293 0.6278779625 0.7511911925 -2.8469897871 0.2284250969 -1.4756971309 0.2649572122 
354210.0000000000 -1132915.8081730807 6092529.6117211208 1504633.8409959408 0.3978130707 11.3140434823 0.0000000000 -0.1070930129 -0.2097455378 0.0000000000 0.2738021670 0.0000000000 -0.9502671949 -0.6609051081 0.7544908277 1.6687096349 -0.3763373609 -1.0407125955 -0.2980069115 -0.1093066518 0.9730057137 
354240.0000000000 -1132914.9789290512 6092528.2548767468 1504632.7614279143 0.2479542669 11.3140434823 0.0000000000 0.7513236171 0.3374232812 0.0000000000 -0.6015042536 0.0000000000 1.4153675559 -0.5179348767 -0.3011502219 1.1401192103 0.2310966429 -1.8169671325 0.0139559054 -1.6720186992 1.0087079463 
354270.0000000000 -1132915.9201914547 6092528.8755635237 1504633.7329097693 0.0653997303 11.3140434823 0.0000000000 0.8960979888 -0.4014490419 0.0000000000 0.8343448416 0.0000000000 0.1735896252 -0.8435473430 -0.4629982066 0.4562911740 0.5210447601 -0.6440158968 -0.2211750383 -0.3647330649 0.1743751998 
354300.0000000000 -1132915.2588831431 6092528.8046401963 1504633.7623487671 0.1561431842 11.3140434823 0.0000000000 1.3613447471 0.5318883952 0.0000000000 -0.0633701668 0.0000000000 1.1483479161 -0.8827466831 -0.4414774036 0.2996980978 -0.2360497844 -0.6877609682 -0.5923439503 -0.1547760624 -0.3496406900 
354330.0000000000 -1132915.4168770015 6092526.6097971937 1504633.1489026016 0.6625994737 11.3140434823 0.0000000000 0.2765797102 0.2271411427 0.0000000000 -0.3912760516 -0.0000000000 -0.1827402488 0.0112080114 -0.3936636025 1.4701619073 0.0241691256 -0.9015969949 0.0978541276 -0.3112255001 0.0638273254 
354360.0000000000 -1132915.6061958452 6092528.4524151161 1504633.9177543651 0.1424594788 11.3140434823 0.0000000000 0.9361783213 2.0537925263 0.0000000000 -0.0709570726 0.0000000000 -0.7915598101 -0.7006693252 -0.8729409412 0.3686931215 1.4898047204 0.1607378235 -0.4014220800 -0.5983850546 -1.2652940137 
354390.0000000000 -1132914.8988342690 6092527.1241271170 1504633.3890611781 1.8842650587 11.3140434823 0.0000000000 0.8466150482 0.3532904294 0.0000000000 0.1847491462 0.0000000000 0.2577973473 -0.2166427365 -0.0571447117 0.7945319826 0.5614330754 -1.5233598239 -0.1943083599 -0.7329179095 -0.1750444293 
354420.0000000000 -1132914.6122192561 6092527.0577437989 1504632.6854642851 0.0045836999 11.3140434823 0.0000000000 0.4140975130 0.8386993001 0.0000000000 -0.3954097015 0.0000000000 0.0427252276 0.0797715921 -0.2709666147 0.8441382224 0.0786790050 -0.6769623860 -0.2542401777 -0.1493194928 -0.5480308571 
354450.0000000000 -1132915.2109526116 6092531.0044028470 1504633.3326703452 0.0863809799 11.3140434823 0.0000000000 0.9618504741 0.0276807359 0.0000000000 0.8041780480 -0.0000000000 0.5126076242 0.3920937971 0.3749148420 -0.0411775291 0.5706639927 -1.8317926566 -0.5005967990 -0.1970349872 -0.9550626198 
354480.0000000000 -1132915.0718730099 6092526.2735796832 1504632.4902420649 1.5857656621 11.3140434823 0.0000000000 1.6381561499 0.5313192552 0.0000000000 -0.2984298782 -0.0000000000 0.7344066005 -0.6653310544 -0.7326108904 1.5988935941 -0.3164664520 -1.5203070774 -0.2948575431 -0.1368671767 -0.6187979266 
354510.0000000000 -1132915.7788255806 6092529.5030229399 1504633.3097418377 0.2148054805 11.3140434823 0.0000000000 1.5565747836 0.3763882644 0.0000000000 -0.1438902925 -0.0000000000 0.5340936741 -1.1376464947 0.3409876452 1.0334147455 -0.8256146614 -1.3527073532 -0.4915942592 0.1721869025 -0.2377044945 
354540.0000000000 -1132915.3509767917 6092528.8776170211 1504633.6606838149 0.9645685581 11.3140434823 0.0000000000 1.1475315203 0.4498236241 0.0000000000 0.2969544123 -0.0000000000 0.4432992936 -0.3357704333 0.1093493682 0.6116903040 0.7266792452 -1.9092533644 -0.1823806029 -0.9915193106 -0.2434204526 
354570.0000000000 -1132915.5407710006 6092528.8557788907 1504633.8594536951 0.2419972200 11.3140434823 0.0000000000 0.5765036594 0.6815613629 0.0000000000 0.0423919889 0.0000000000 1.1026765186 -0.3477022416 -0.2786554184 0.2327533877 0.3156018044 -0.9479489514 -0.5561507321 -0.9115759797 0.1243797197 
354600.0000000000 -1132916.0056175026 6092529.3721840996 1504633.9702334586 0.2091740581 11.3140434823 0.0000000000 0.3535828921 0.5557576968 0.0000000000 0.4894135715 0.0000000000 -0.0045613980 1.6374871965 -0.2568015610 0.1888822327 1.4252802952 -1.8386903273 -0.0770339431 -0.4800158109 -1.7155769364 
354630.0000000000 -1132915.9715544363 6092528.2625053478 1504633.5465426596 0.3279448309 11.3140434823 0.0000000000 0.8123330550 -0.0866619369 0.0000000000 -0.2922727001 -0.0000000000 1.1947762717 0.0842030948 0.0135556442 0.5413249708 -1.0366932949 -1.0705895107 -0.3330365861 0.4122854404 -0.4476017484 
354660.0000000000 -1132915.0922739983 6092527.8660222348 1504633.4125991762 0.0575275852 11.3140434823 0.0000000000 0.4039679908 0.0617549656 0.0000000000 -0.0991477251 0.0000000000 1.2216841941 0.2698689752 -0.0518003048 0.6043972972 -0.1724161960 -1.5172114182 -0.3012288047 -0.6495943189 0.1695585224 
354690.0000000000 -1132916.2240277268 6092528.0428792415 1504633.5808405404 0.3995573427 11.3140434823 0.0000000000 0.0728874996 0.1974734673 0.0000000000 0.4747438116 -0.0000000000 -0.1951833168 0.3600941990 0.4403052882 0.8024934448 0.1616219028 -1.3506309952 -0.6008381873 -0.0991284632 -0.2337284752 
354720.0000000000 -1132914.9097087733 6092527.3449564138 1504633.0296549064 0.1339291229 11.3140434823 0.0000000000 0.4771845889 0.5558068906 0.0000000000 -0.1029846567 -0.0000000000 0.7152648355 0.8668386724 -1.0668848854 1.2130732610 0.9508710433 -1.8362044987 0.1281002245 -1.1957956193 -0.5563362116 
354750.0000000000 -1132914.8762262804 6092527.4035291299 1504633.2285785079 1.1092106640 11.3140434823 0.0000000000 1.3024367827 -0.0579777610 0.0000000000 0.4296416605 0.0000000000 0.4249427518 -1.5696517580 0.3866283553 0.3355158987 0.3755870007 -1.3207702798 -0.0097508254 -1.1845069397 0.9369386653 
354780.0000000000 -1132915.2671068874 6092529.0063617136 1504632.5723804955 1.8299045780 11.3140434823 0.0000000000 0.9366054578 -0.2316517520 0.0000000000 0.2853757469 0.0000000000 1.4892278348 0.0869016721 -0.1995879413 0.4629817169 0.0729155140 -1.9354122507 -0.1930397803 -0.8527698446 0.0687800340 
354810.0000000000 -1132916.8235607829 6092530.8986256756 1504634.3812874446 0.2303608729 11.3140434823 0.0000000000 0.1425088170 -0.1021412203 0.0000000000 0.6693879094 -0.0000000000 -0.8063031981 0.7485230579 -0.2903713011 1.6095521128 1.6197912621 -2.3465415863 0.3727878276 -1.4439499350 0.1054757822 
354840.0000000000 -1132915.7843721425 6092528.7262540031 1504634.1070415678 0.1732278717 11.3140434823 0.0000000000 0.1854149151 0.0487925584 0.0000000000 0.4073798123 -0.0000000000 0.4707202271 -0.6546573070 -0.5610650147 0.4260270502 0.6733697098 -0.4831893202 -0.1967570495 -1.2178583690 1.0009861026 
354870.0000000000 -1132915.8362319265 6092527.1059105508 1504633.1933122051 0.0849810355 11.3140434823 0.0000000000 0.8348939763 -0.1429119885 0.0000000000 -0.4577713067 -0.0000000000 0.4060534447 0.0716573772 1.5579840856 0.3404568405 -1.1907673630 -1.7254295797 0.0056570064 0.5034315409 -0.4189162266 
354900.0000000000 -1132916.0123178547 6092527.8430366451 1504632.9119661958 0.5703738775 11.3140434823 0.0000000000 -1.1152766078 0.0813642829 0.0000000000 0.1341255294 -0.0000000000 -0.1129381615 -0.6920932307 -0.2154504135 2.9145653085 -0.9124065255 -0.6660527399 -1.3987544797 -0.6013013408 2.3907983810 
354930.0000000000 -1132914.4371656987 6092525.7504862733 1504633.1245655932 4.6997151499 11.3140434823 0.0000000000 0.5930390228 0.4129773356 0.0000000000 0.0753764305 0.0000000000 0.4851026339 -1.1117317464 0.1264589532 1.2281318490 -0.1636705512 -1.2379541081 -0.5430528857 -0.9780754453 1.0571787422 
354960.0000000000 -1132914.8610943209 6092527.9253569953 1504633.8589639419 0.2887003167 11.3140434823 0.0000000000 0.1262879294 0.6479545777 0.0000000000 0.3603895073 0.0000000000 0.5616848570 0.3640011880 -0.1933935003 1.2327703110 1.3342511741 -2.5141891331 -0.2732644636 -2.1829467462 0.7211676404 
354990.0000000000 -1132915.2270980689 6092529.7790775886 1504633.8107277516 0.6719206679 11.3140434823 0.0000000000 1.5772442959 -0.1526150853 0.0000000000 0.7710519383 0.0000000000 -0.6062867744 -1.0522701438 1.3928226100 0.2275787232 -0.2313218688 -1.5452415364 -0.2697548769 0.4834775296 -0.6093195141 
355020.0000000000 -1132915.7377424627 6092527.5057751685 1504634.6465599642 0.2673044979 11.1654816136 0.0000000000 0.0000000000 -0.3344916649 0.0000000000 0.9784105077 0.0000000000 -0.9597151516 -0.3784374041 0.8709101608 0.6693251654 0.5892012332 -1.1776346584 -0.4556311470 -0.4698311167 0.7703464119 
355050.0000000000 -1132915.6523811906 6092529.1767510381 1504634.0778110642 1.5175537554 11.3140434823 0.0000000000 0.3812519359 -0.2600705168 0.0000000000 0.8860378488 0.0000000000 -0.4906883186 -0.2135445507 -0.0090852482 0.5516927081 0.4478277443 -0.7710672379 -0.3061011026 -0.0888727910 -0.0403763984 
355080.0000000000 -1132915.3384670981 6092529.3298918623 1504633.8828354510 0.9526213334 11.3140434823 0.0000000000 0.8837311201 -0.1793121750 0.0000000000 0.6924015693 0.0000000000 0.7723491111 0.2878653835 -0.1093539618 0.4240162406 0.0270803494 -1.6376069579 -0.3792123192 -0.1063320506 -0.6658716308 
355110.0000000000 -1132915.2742419792 6092528.0329872938 1504633.4142398750 0.6294243457 11.3140434823 0.0000000000 0.2115825905 0.0094451440 0.0000000000 0.7318560858 0.0000000000 -0.2480632302 0.2144316271 0.4795968428 0.7477643632 0.1520128538 -1.4009536985 -0.6362844216 -0.0413082338 -0.1896768666 
355140.0000000000 -1132916.0588780509 6092529.9240216948 1504633.9802018101 0.0020976681 11.3140434823 0.0000000000 -0.1555490353 -0.8869031066 0.0000000000 1.0288761727 0.0000000000 -0.7296188520 0.3843459531 -0.2382853552 -0.1584669329 0.8560051654 -0.0826811792 0.1082067733 0.0236104388 0.0082048401 
355170.0000000000 -1132914.7729502902 6092528.8491070187 1504633.4580306560 0.3127645329 11.3140434823 0.0000000000 1.0265140143 -0.5842286774 0.0000000000 0.3570695387 -0.0000000000 1.2970249195 -1.0563793121 -0.7314656231 0.5790386382 -0.0396954143 -0.9711548888 0.0873581570 -1.1678680521 1.1772083943 
355200.0000000000 -1132915.0521749659 6092528.7100802073 1504632.8304703929 0.0094161927 11.3140434823 0.0000000000 1.3010048687 0.0439645313 0.0000000000 0.1807400003 -0.0000000000 0.1235162965 0.1033857414 -0.0318660819 1.2215513336 -0.2969620322 -1.9249450575 0.2087875526 0.1297343407 -1.0957330345 
355230.0000000000 -1132915.5997444529 6092530.4724974716 1504634.0515084013 0.0021668894 11.3140434823 0.0000000000 0.8730593653 -0.0173821379 0.0000000000 1.2547237549 0.0000000000 -0.2684850802 0.0380580208 -1.1167373074 1.4160348180 0.8368814690 -1.5066469015 -0.2885494028 -0.4347278937 -0.6421377620 
355260.0000000000 -1132915.9113246615 6092530.7759101084 1504633.7663834635 0.6059209425 11.3140434823 0.0000000000 0.5038601848 -0.3301138922 0.0000000000 0.9249008434 0.0000000000 -0.8152965567 0.0659402290 0.2655889622 1.6309616326 -0.3148153521 -1.4901607069 -0.5912969984 0.6147111379 -0.4896533498 
355290.0000000000 -1132916.0360529900 6092530.8262924030 1504633.7800715195 0.1156830849 11.3140434823 0.0000000000 0.2087747383 -0.2609553666 0.0000000000 1.0229844688 -0.0000000000 -0.8151330951 0.0130324804 -0.3074729588 2.0956310890 -0.1010927385 -1.3417094037 -0.7258051027 0.2180787251 -0.0077476528 
355320.0000000000 -1132914.9710602099 6092530.4524275577 1504633.5435274690 0.1494584961 11.3140434823 0.0000000000 0.8852834677 -0.1311201043 0.0000000000 1.1684355094 -0.0000000000 -0.3110900925 -0.4530112455 -0.4740450268 1.0496216255 0.7318788855 -1.4384334800 -0.2747263336 -0.6191761050 -0.0147748151 
355350.0000000000 -1132915.9189775668 6092530.8012147937 1504633.8725172039 0.0115652836 11.3140434823 0.0000000000 1.5046262131 -0.2579314276 0.0000000000 1.3130092063 -0.0000000000 -0.1038349267 0.2469463202 0.0818827097 0.7871009494 0.9685745016 -2.8566414327 0.1124894721 -0.6820557777 -0.9540373934 
355380.0000000000 -1132915.5044535599 6092532.1803654954 1504634.4863957355 0.2914770950 11.3140434823 0.0000000000 0.7279406571 -0.3792499047 0.0000000000 1.1692508248 0.0000000000 0.2019977926 -0.2546843163 -0.5362547117 0.5979789131 1.5303246913 -1.9674070860 0.1243994205 -1.9023557484 0.8976139128 
355410.0000000000 -1132914.0744114607 6092527.2347020507 1504633.1122759208 0.3370744430 11.3140434823 0.0000000000 -0.3468801710 -0.2293735580 0.0000000000 -0.1590000312 0.0000000000 0.4333381022 -0.0480213455 0.3723798057 0.7248623014 -0.3509758401 -0.7765784426 -0.2954460790 -0.6657019078 1.2658479164 
355440.0000000000 -1132915.6963670296 6092530.5187369455 1504633.5589423247 0.0729610407 11.3140434823 0.0000000000 1.1357092687 -0.8323532253 0.0000000000 1.3854507771 0.0000000000 -0.1879235673 -0.2722513313 -0.2848265531 0.5302320531 0.0753105053 -1.0702592945 -0.2454822937 0.4418125193 -0.6304119805 
355470.0000000000 -1132915.2514048559 6092528.8249983229 1504633.1668340785 0.6496348282 11.3140434823 0.0000000000 0.8330454020 -0.8200976621 0.0000000000 0.7321702656 0.0000000000 -0.0811672762 -0.6987693166 1.3041845612 0.7411949886 -0.6004609836 -1.7426791075 -0.4877837633 0.0590242589 0.6859198394 
355500.0000000000 -1132915.2261066227 6092527.3785827756 1504633.1429123853 0.0283505298 11.3140434823 0.0000000000 0.7003186979 0.0478240156 0.0000000000 0.0571432049 0.0000000000 0.6285651424 0.2854653755 0.1770118255 0.9968806382 -1.0173272665 -1.3802823326 -0.2924137040 0.5238464350 -0.8586953589 
355530.0000000000 -1132915.3054054007 6092528.3977780100 1504633.2133980258 0.6550546351 11.3140434823 0.0000000000 0.2266219532 -0.8565159145 0.0000000000 0.7610442387 0.0000000000 1.0677898997 0.2935927268 0.2128576114 0.0425209555 -0.0745592238 -1.3670484261 -0.4921026253 -0.5445466540 0.7139812027 
355560.0000000000 -1132915.8668885815 6092529.3462462788 1504633.5677328922 0.2139313779 11.3140434823 0.0000000000 1.4635254462 0.0370557981 0.0000000000 0.2866284044 0.0000000000 0.1822503267 -0.4901519806 -0.1818365364 0.4914151884 0.6163217064 -1.7902130705 0.8065289320 -1.0583833521 -0.2775239737 
355590.0000000000 -1132915.6546988680 6092529.2350525875 1504633.3148119722 0.0727062960 11.3140434823 0.0000000000 1.4935528998 0.4149048662 0.0000000000 0.1769765583 0.0000000000 0.0964983833 -0.1644015884 -0.2191762438 1.5445274576 -0.4855604885 -1.9715779731 0.3287995084 0.0641633717 -1.3257715406 
355620.0000000000 -1132915.8571963827 6092530.4844775144 1504633.7653965366 0.0313320225 11.3140434823 0.0000000000 1.1567018280 -0.2791962665 0.0000000000 1.1904631307 0.0000000000 0.5058677206 0.2491335495 0.2321340675 1.1415732846 -0.1504818966 -2.6707032525 -0.5473925411 -0.2003071570 -0.6304227301 
355650.0000000000 -1132914.2580560900 6092527.7435154691 1504633.1654411776 0.3101638631 11.3140434823 0.0000000000 1.3643431941 -0.6163753716 0.0000000000 0.9043174879 0.0000000000 0.5158424568 -0.2597195853 0.5623717814 0.5611694331 0.4182534247 -2.7768070842 0.1596342247 -1.1581692822 0.3820137867 
355680.0000000000 -1132915.9956327814 6092530.0128448913 1504633.6373446868 0.1537221950 11.3140434823 0.0000000000 0.8618077721 -0.1468354017 0.0000000000 1.1934643958 0.0000000000 -0.6665653204 0.2038133816 0.9145470288 -0.7988615586 0.9983926247 -1.2998293783 -0.1145237009 0.2040853895 -1.1890579562 
355710.0000000000 -1132916.2264083559 6092531.7194701079 1504633.6985113793 0.0004128994 11.3140434823 0.0000000000 1.3216510663 -0.1028372735 0.0000000000 1.5118708683 0.0000000000 0.3221266468 0.3111114362 -0.2072429189 -0.4074252356 1.4441188202 -2.1722348814 0.0889720280 -0.9259827558 -0.9797388303 
355740.0000000000 -1132915.3601689290 6092531.0501245810 1504633.3491624773 0.3276680662 11.3140434823 0.0000000000 0.6056512983 -0.4708700603 0.0000000000 0.6346749707 -0.0000000000 0.4510273489 0.8642740025 0.9370858133 0.3457974933 -0.2451137408 -2.3019542308 -0.2341477891 0.0828699697 -0.6870658416 
355770.0000000000 -1132915.6437270588 6092529.3729725499 1504633.6260632819 0.0008203016 11.3140434823 0.0000000000 0.0826060294 -0.2706055671 0.0000000000 1.0605122262 0.0000000000 -0.1974147390 0.8964882863 0.7529847058 0.3270702172 0.5100465240 -1.9495976044 -0.6222215084 -0.1646731366 -0.3529420902 
355800.0000000000 -1132915.5668690072 6092530.0913557345 1504634.1151906203 0.0337308319 11.3140434823 0.0000000000 0.3995236534 0.7270297948 0.0000000000 1.4547825723 0.0000000000 -1.1044404147 0.1617161199 1.1336944725 0.2211866251 1.8816305115 -2.5320460066 -0.7444106267 -1.1585042649 -0.2057361578 
355830.0000000000 -1132914.8049273989 6092528.0868155034 1504632.9390055439 0.0770699402 11.3140434823 0.0000000000 -1.4705093297 -0.0824002688 0.0000000000 -0.2621651239 0.0000000000 0.2464406112 1.4519962329 0.9182277177 0.3091109557 0.2587670520 -1.1169928646 -0.6194320624 -0.8160795790 1.1741154059 
355860.0000000000 -1132916.1020185212 6092528.1689405413 1504633.0179444856 0.2455286695 11.3140434823 0.0000000000 0.6564398597 0.1699262769 0.0000000000 0.0316764159 -0.0000000000 -0.1452023123 -0.4956402379 0.6909219142 1.7179939861 -1.5356715096 -1.1396746405 -0.5232621133 0.8465464830 -0.4381339493 
355890.0000000000 -1132915.8160388104 6092528.6346229082 1504633.3464899606 0.1655446638 11.3140434823 0.0000000000 0.7148860230 -0.3038493992 0.0000000000 0.4649140930 0.0000000000 -0.5038374621 -0.3189223750 0.6654004733 1.6228872040 -0.9555098617 -1.4863510314 -0.3247051987 0.5625582786 -0.2274417234 
355920.0000000000 -1132914.3907126605 6092528.1685930276 1504632.4634122092 0.0262016251 11.3140434823 0.0000000000 -0.2579476747 -0.4608559963 0.0000000000 0.4693160803 0.0000000000 -0.8219015705 -0.1123496119 0.4346101625 1.1234368123 0.4598602571 -1.1249420911 -0.2716934584 -0.8282427539 1.4309924674 
355950.0000000000 -1132914.2719173389 6092529.0041888701 1504632.9531153620 0.1843601126 11.3140434823 0.0000000000 0.7673224658 -0.6345709418 0.0000000000 0.6747332250 -0.0000000000 -0.3001571429 0.0119732122 0.5385981510 1.5167952025 -0.9448569075 -1.6887091199 -0.2563980383 0.6045721207 -0.3700275763 
355980.0000000000 -1132914.1079252341 6092526.5017762650 1504632.5536684515 0.0142082545 11.3140434823 0.0000000000 0.3172707883 -0.0271794594 0.0000000000 0.1083061861 0.0000000000 -0.1029995710 -1.0272382320 0.9957648913 0.5509802912 0.0312954074 -1.0701281846 -0.4225915671 -0.9397713195 1.5758493304 
356010.0000000000 -1132914.9015615750 6092530.9432620537 1504633.6538917075 0.0051970976 11.3140434823 0.0000000000 0.4077681199 0.0071169695 0.0000000000 1.2237469567 -0.0000000000 -1.6340345295 -0.5431400768 0.7842116223 -0.6850824990 1.6781699208 -0.4633166270 -0.2871841047 -0.1999773247 -0.0831876723 
356040.0000000000 -1132914.6188838233 6092528.3640367435 1504633.4547213963 0.0474818800 11.3140434823 0.0000000000 0.7876180622 -0.2526828898 0.0000000000 0.6465163455 0.0000000000 -1.3229646578 0.1864179192 1.5345016061 -0.3072492716 1.4592822082 -2.1906912818 0.5982680037 -0.6697079344 -0.2957222970 
356070.0000000000 -1132915.4813768573 6092529.5565855354 1504633.2350672132 0.0432828834 11.3140434823 0.0000000000 1.6652962364 -0.2291627543 0.0000000000 0.9639952926 0.0000000000 -0.8768503396 -0.7579692726 0.3116079907 0.1549035519 0.7251857479 -1.4996973299 0.6808034530 -0.2111288024 -0.8095121453 
356100.0000000000 -1132914.9326605713 6092530.0092276931 1504634.4590436772 0.0067822899 11.3140434823 0.0000000000 1.6853815755 1.4595278049 0.0000000000 1.3279487996 0.0000000000 -0.9008803627 -1.0815004104 0.2695843385 0.1692153576 1.1802565841 -1.6613966111 -0.2328289370 -0.3620287789 -1.6870225583 
356130.0000000000 -1132914.9610842962 6092528.0711278440 1504632.6081180747 0.2409471515 11.1654816136 0.0000000000 0.3688293260 0.0887975901 0.0000000000 0.7530207578 -0.0000000000 -0.5123301825 0.0263894924 0.6603173789 0.7715020053 0.0000000000 -1.3845329738 -0.5479738195 0.1222521108 -0.3299563582 
356160.0000000000 -1132915.5759131466 6092530.3046929846 1504634.4399746477 0.0045328260 11.3140434823 0.0000000000 0.6195856275 -0.0256951015 0.0000000000 1.4149471069 0.0000000000 -2.0468591935 -0.2725327895 1.2709062816 -0.7191116856 1.9408336988 -1.1462103369 -0.1983448047 -0.0428795732 -0.5671381129 
356190.0000000000 -1132915.3810685833 6092529.1151714362 1504633.7869133893 0.1027185578 11.3140434823 0.0000000000 -0.2104182029 -0.0905281622 0.0000000000 0.7562921848 0.0000000000 -0.4103343865 0.4691059816 0.4569241852 -1.4111210746 1.6806505026 -0.3246985038 -0.2791060883 -0.5230970160 0.0512602632 
356220.0000000000 -1132914.8999211488 6092529.2242977358 1504633.8718824598 0.0787775357 11.3140434823 0.0000000000 0.5535342497 0.3416086689 0.0000000000 0.7989869048 0.0000000000 -0.8761381662 -0.6196985773 0.4450396093 -0.1250490042 1.2006402442 -0.8830059827 -0.1849843851 -0.6635804368 0.1418492256 
356250.0000000000 -1132913.6503397794 6092529.7840553429 1504632.4344656260 0.0018782966 11.3140434823 0.0000000000 0.8859555913 0.0141545964 0.0000000000 0.6363396229 0.0000000000 0.1923409425 -0.2094389033 -0.0708680281 0.0263627701 -0.1849776040 -0.6442392433 -0.0009168136 0.3285240812 -0.9624425593 
356280.0000000000 -1132913.8519137045 6092530.3992404751 1504632.9022751185 0.2114364030 11.3140434823 0.0000000000 1.4656997055 0.4022871296 0.0000000000 1.0732238202 -0.0000000000 -1.4712733218 -0.9005744159 0.3092761160 0.4167286723 1.2993997102 -1.6437494163 0.5308603513 -0.6042008425 -0.7148329969 
356310.0000000000 -1132914.8170626557 6092530.7264561895 1504632.8678384668 0.0001438265 11.3140434823 0.0000000000 0.6944116509 -0.1692085910 0.0000000000 0.6986256347 -0.0000000000 0.1821941017 -0.0885485465 0.1834333788 0.0651553179 0.1481485663 -1.1103718342 -0.1187163685 -0.2233326186 -0.2301122699 
356340.0000000000 -1132915.2887625431 6092527.5731255161 1504633.0104421200 0.1478733917 11.3140434823 0.0000000000 -0.3478344125 0.6626696790 0.0000000000 0.1390524577 -0.0000000000 -0.1701905214 0.0618663421 0.8053903014 0.7149423590 -0.0178812596 -1.0087977692 -0.8934105564 -0.3224794629 0.3638189708 
356370.0000000000 -1132915.6862505923 6092529.4418542013 1504634.0509023902 0.0486127662 11.3140434823 0.0000000000 0.2836658277 -0.2999019710 0.0000000000 1.0239513803 0.0000000000 -0.7864293512 0.7166737907 0.1913660222 1.2813176644 0.6161196259 -2.2499094152 -0.0516794281 -0.6221384780 -0.0319087297 
356400.0000000000 -1132914.9183861248 6092529.3046964295 1504633.4576452489 0.0152385371 11.3140434823 0.0000000000 0.7285624466 -0.2036547803 0.0000000000 0.6398667654 0.0000000000 -0.5246678204 0.2545690824 0.6057360358 0.5214123166 0.6212300154 -2.0878124589 0.3412833415 -0.6383148955 -0.1841320709 
356430.0000000000 -1132915.0857045581 6092529.2382886726 1504633.5674090087 0.0719411012 11.3140434823 0.0000000000 -0.4980770629 0.7123961108 0.0000000000 -0.0586331263 -0.0000000000 0.2318519666 0.9761957119 0.4794923546 0.5366313483 0.6939743658 -1.8520471580 -0.2687364323 -1.2783163844 0.3612118061 
356460.0000000000 -1132915.4440740785 6092530.2982999114 1504633.3079029275 0.1217733233 11.3140434823 0.0000000000 0.6601798885 1.0425690831 0.0000000000 1.0573643376 -0.0000000000 -0.2615391013 0.0149341690 0.7156003186 0.8321229905 1.1672832309 -3.0173771879 -0.5639982803 -1.5721261689 0.0352738903 
356490.0000000000 -1132915.7873206607 6092531.8368340302 1504633.4956056520 0.1530863828 11.3140434823 0.0000000000 1.2108381483 -0.0272848712 0.0000000000 1.3967873869 0.0000000000 -0.5681862296 -0.1069067109 0.2719557051 0.2082640422 1.2805312416 -2.3642183942 0.1485009539 -0.9972543615 -0.3109509474 
356520.0000000000 -1132914.5203227110 6092529.4412826309 1504633.4711417768 0.0065867120 11.3140434823 0.0000000000 0.1840685659 0.9626113274 0.0000000000 0.7172669719 -0.0000000000 -0.6654421528 -0.2354613864 0.0464232869 -0.2588146145 2.0104822890 -1.2084557003 -0.2270391189 -1.5773802389 0.4128295688 
356550.0000000000 -1132915.6373395913 6092527.1865449734 1504632.6065625369 0.9119844832 11.3140434823 0.0000000000 0.2122958997 1.2968998610 0.0000000000 0.1284505335 0.0000000000 1.1486048844 -0.1510666018 -0.5443233773 0.9869718392 -0.6921233273 -0.8826993628 -0.5487532160 -0.5988005203 -0.4102462031 
356580.0000000000 -1132916.4579549390 6092529.4274203246 1504634.0794874057 0.1051370209 11.3140434823 0.0000000000 -0.4901500280 1.4802050499 0.0000000000 0.2817320501 0.0000000000 -1.0241452985 -0.5565915107 0.7764396388 0.7759720167 1.0951708853 -0.9626839366 -1.1353454495 -1.0840653343 0.9111969137 
356610.0000000000 -1132914.9172208293 6092527.0156869479 1504632.7688956263 0.3233407858 11.3140434823 0.0000000000 -0.1136393269 1.8731731092 0.0000000000 0.0579206924 0.0000000000 0.1436720070 -0.6335739028 -0.0830270257 1.9009099814 -0.6386284184 -0.9679364185 -0.9716211046 -0.6582790145 0.0381062647 
356640.0000000000 -1132914.7605273686 6092528.6496376125 1504632.9037825377 0.1052137407 11.3140434823 0.0000000000 0.5278767938 2.3467669704 0.0000000000 -0.0401178729 0.0000000000 -0.0611131495 -0.5017814158 0.8683709704 1.2280247329 0.3563684854 -2.4672550439 -0.2910328659 -1.3675705637 -0.5650033390 
356670.0000000000 -1132914.8442817477 6092528.4031939683 1504632.3088062657 0.0207720756 11.3140434823 0.0000000000 1.3296958045 1.4251122288 0.0000000000 -0.1381777668 -0.0000000000 0.1878125017 -1.7835087868 0.6408965204 0.9705981477 -0.4884484416 -1.3702072244 0.0862730161 -0.8817011337 0.0116221547 
356700.0000000000 -1132915.1607035361 6092528.8259904701 1504632.3209527901 0.0188936837 11.3140434823 0.0000000000 -0.5167343120 2.3767262680 0.0000000000 0.5228147116 0.0000000000 -2.2327723668 -0.0333204506 0.5310902964 -0.5048038161 3.0621991821 -0.6993067139 -0.4463840959 -0.9780455911 -0.8687648991 
356730.0000000000 -1132915.1259673070 6092527.6914791940 1504632.6688880725 0.0610930007 11.3140434823 0.0000000000 -0.9127626654 2.8557173802 0.0000000000 -0.7973015721 -0.0000000000 -1.3531406009 0.7920133904 0.1349920914 2.0104551586 1.2287784698 -1.9520802847 0.4302475347 -1.6376092654 -0.7363816189 
356760.0000000000 -1132915.0340068005 6092528.6766291466 1504632.8837769011 0.0521682256 11.3140434823 0.0000000000 -0.4951246834 3.0133831166 0.0000000000 0.4670071963 0.0000000000 -1.2086516586 -0.5491593943 0.1191179896 0.4420337203 1.8413266160 -0.7051745249 -1.0900028816 -1.0983237186 -0.6196526797 
356790.0000000000 -1132915.5354924321 6092529.4908045745 1504633.0982319464 0.1571935467 11.3140434823 0.0000000000 0.4169858369 2.1795399021 0.0000000000 0.2704384611 0.0000000000 -0.7786512459 -0.7845821388 0.5793374111 1.7762013253 -0.1279630916 -1.6649609618 -0.4527848940 -0.4716996497 -0.9267016907 
356820.0000000000 -1132915.1514573568 6092528.3003308419 1504632.6777750081 0.3794834141 11.3140434823 0.0000000000 0.2796152675 3.1291823956 0.0000000000 -0.9452178261 -0.0000000000 1.4069868137 -0.3685947150 0.2884645738 0.0609920788 0.0860208041 -1.3961079773 0.1628997750 -1.4575318596 -1.2530971315 
356850.0000000000 -1132914.8990826285 6092528.3369337022 1504631.6330983976 0.2668764925 11.3140434823 0.0000000000 0.1689890893 3.3078100880 0.0000000000 0.0072897018 0.0000000000 -0.3924893810 -0.9084812277 0.4676207892 1.2025579029 0.5526281079 -1.5799972801 -0.6175121585 -1.1585982575 -1.0070362109 
356880.0000000000 -1132916.5140517547 6092530.5181211215 1504632.7503502993 0.3849972963 11.3140434823 0.0000000000 0.1339987856 3.4148044365 0.0000000000 0.2236376253 -0.0000000000 -1.0302635397 -0.9819427207 0.5019864827 0.7805124173 0.8130130305 -0.9153942872 -0.6488054957 -0.3852173138 -1.8400294235 
356910.0000000000 -1132915.6331843750 6092529.1876969254 1504632.6737408419 0.2876300307 11.3140434823 0.0000000000 -0.5188936347 4.1367931825 0.0000000000 -0.1351575897 0.0000000000 -0.0287846606 -0.8893322589 0.3053848100 1.7122952672 0.2565758737 -1.3710778967 -1.3968596764 -1.3801020539 -0.6891026860 
356940.0000000000 -1132916.8046829007 6092529.8463256322 1504633.0560007021 0.3902894200 11.3140434823 0.0000000000 -0.1796292647 4.5059992105 0.0000000000 -0.1837697973 0.0000000000 0.0347633770 -1.1274156038 0.7235224149 -0.5456482269 1.3141282172 -0.5396913702 -1.1707081635 -0.8344454329 -1.9324728781 
356970.0000000000 -1132916.8051551052 6092529.0183412340 1504632.5946565538 0.0158031023 11.3140434823 0.0000000000 -0.6305813714 4.0075846717 0.0000000000 0.1130988690 0.0000000000 -0.9174126569 -0.6635966415 0.5703642166 -0.1117659531 2.0111344898 -0.7092421204 -1.2367277613 -1.0428107647 -1.2918583006 
357000.0000000000 -1132915.9320462632 6092530.3100646995 1504633.1741397574 0.0083772113 11.3140434823 0.0000000000 -0.7767887416 4.8985398719 0.0000000000 -0.2415813586 0.0000000000 -0.3121574690 -1.0237990048 -0.2899110176 -0.0922294203 1.6854844270 0.1713818410 -1.1237562942 -1.1607159815 -1.6675072990 
357030.0000000000 -1132913.5788281739 6092515.5887504416 1504629.7079121140 0.0738457900 11.3140434823 0.0000000000 3.7304567234 2.5002799468 0.0000000000 12.6429604092 0.0000000000 -0.7322424485 -2.5725573941 -4.4975449416 -0.3380383477 4.1466067116 -3.3170904676 -7.4391307972 -0.3841432108 -3.2752352965 
357060.0000000000 -1132913.3602538733 6092514.0922927661 1504630.8381343493 0.0316364996 11.3140434823 0.0000000000 2.4366242186 2.8568232178 0.0000000000 12.0182832886 0.0000000000 -1.6660645447 -1.4045107644 -4.6129841786 1.2224879004 4.3404286560 -3.8414123023 -7.2708939175 -0.9325112032 -2.7062126272 
357090.0000000000 -1132912.9156480336 6092515.3089201571 1504630.2721058226 0.0315260731 11.3140434823 0.0000000000 2.7523973208 3.4938838577 0.0000000000 11.6894204831 0.0000000000 -1.1723187592 -1.8292072431 -3.8708270280 1.0621096764 3.3915243106 -3.8314224373 -7.3199837600 -0.2431294545 -3.7297435900 
357120.0000000000 -1132913.7289642626 6092512.2028863495 1504630.9486475333 0.1526038040 11.3140434823 0.0000000000 3.7146428764 2.8936116541 0.0000000000 11.9161994824 -0.0000000000 0.5552437646 -2.0591348102 -4.4508900724 0.2465645497 3.0561487236 -4.2867179068 -6.8638234197 -1.0786910652 -3.2549321046 
357150.0000000000 -1132913.1892467320 6092514.4749680459 1504630.4061585127 1.6384726385 11.3140434823 0.0000000000 4.0659655660 2.5388718051 0.0000000000 12.3668316801 0.0000000000 0.1843741532 -1.9846829077 -4.6109945225 2.4161772784 0.9511451593 -4.7744479629 -6.5692415833 0.0072345384 -4.2651113802 
357180.0000000000 -1132912.3797933394 6092511.7449628143 1504629.8403565611 0.4370102752 11.3140434823 0.0000000000 3.3733776685 3.0379275521 0.0000000000 12.1652499256 -0.0000000000 -1.0083832786 -2.5875987436 -3.8702846454 2.7342916087 1.4282949823 -4.2455970056 -7.4631658794 0.0975129016 -3.3331719283 
357210.0000000000 -1132913.5380996324 6092515.2055594595 1504630.4978022873 0.4369760885 11.3140434823 0.0000000000 3.2790875874 3.6628013707 0.0000000000 12.2306604325 0.0000000000 -1.6660052693 -2.2723615028 -3.4946876733 0.6938749080 3.5847221987 -4.0904761131 -7.2620373044 0.0509086186 -4.3030628216 
357240.0000000000 -1132913.6112188168 6092515.1584290937 1504630.3389865314 0.0259697166 11.3140434823 0.0000000000 3.1979587269 3.4660008594 0.0000000000 12.3892597209 -0.0000000000 -0.9070070267 -1.4487758866 -4.0798095447 1.2525188557 3.4457472187 -5.1596120734 -7.0214933221 -0.9430287633 -3.7866153353 
357270.0000000000 -1132913.4252614286 6092514.0721216919 1504631.0944952639 0.9799092818 11.3140434823 0.0000000000 2.0867155277 4.0998507064 0.0000000000 11.9142686125 0.0000000000 -1.5818971279 -1.6108250977 -4.3941099906 1.0061856622 3.9722749057 -3.4606325250 -7.5905396140 -0.6029175009 -3.4582315326 
357300.0000000000 -1132914.5448320596 6092513.9249560228 1504630.7133493137 0.1675161952 11.3140434823 0.0000000000 2.2921761215 4.6969973959 0.0000000000 12.7142701733 0.0000000000 -1.7855363738 -0.8428196865 -3.8559953478 0.7454095871 5.1105482702 -5.4337131777 -7.7799213102 -1.2362530079 -4.1831965069 
357330.0000000000 -1132913.6856201738 6092515.7307669464 1504631.0357237633 0.0000128617 11.3140434823 0.0000000000 1.9413514306 4.5558680048 0.0000000000 12.1323756777 0.0000000000 -3.0590045870 -1.3534674446 -4.5485384835 0.9510712804 6.0101028914 -4.2777242998 -7.1379398929 -1.6782099947 -3.0738444915 
357360.0000000000 -1132912.5911718397 6092512.9904278740 1504629.5060410730 0.8032834049 11.3140434823 0.0000000000 2.4015954764 5.3351712134 0.0000000000 12.7267192532 -0.0000000000 -1.4820864951 -2.1711006891 -4.8408339297 0.6654459884 4.8271091911 -3.9653519488 -8.0263578090 -1.4654308360 -3.5878973862 
357390.0000000000 -1132913.8945085672 6092514.2663697712 1504630.7264634939 0.5631651548 11.3140434823 0.0000000000 2.5627316761 5.2134471095 0.0000000000 12.2519135291 0.0000000000 -0.3240376908 -1.8366761585 -4.7615617029 0.5985024219 3.9073981741 -4.3044135886 -7.5365300770 -1.5929229991 -3.8046330991 
357420.0000000000 -1132911.0523462540 6092512.7176084593 1504628.8776625062 0.3352415524 11.3140434823 0.0000000000 3.8172079262 5.3253242061 0.0000000000 12.3886003522 -0.0000000000 -0.5593987125 -3.4031415384 -4.7733802632 1.4796593930 2.7592790096 -4.3649286521 -6.7768673471 -1.4858976883 -4.0177057891 
357450.0000000000 -1132912.8617505634 6092513.6772163296 1504629.7559099381 0.3605157374 11.3140434823 0.0000000000 2.5069757996 6.1382053632 0.0000000000 12.6388609213 0.0000000000 -0.4374199209 -2.1378877866 -5.1492494494 0.3486682996 4.5377852881 -4.2627266696 -7.8088089665 -1.9986750042 -3.9876450486 
357480.0000000000 -1132912.7114727600 6092513.9703221843 1504628.6476592552 0.1494841444 11.3140434823 0.0000000000 3.2682359790 5.8878196484 0.0000000000 12.1804454711 -0.0000000000 1.7887408101 -3.1948273858 -5.2912695854 3.6453464359 -0.5622657342 -4.6709661045 -7.5088550542 -1.8637494202 -3.4140191719 
357510.0000000000 -1132912.4994910916 6092514.2954567736 1504629.0786040928 0.4838856159 11.3140434823 0.0000000000 3.3889428084 5.7087285554 0.0000000000 12.6507423068 -0.0000000000 1.3164972212 -2.9057585606 -4.8661437970 1.6934248047 1.2621325148 -4.6672660562 -7.7169405055 -1.6443240957 -3.9066989079 
357540.0000000000 -1132913.9458768130 6092515.2287881784 1504630.3444899442 0.4622303053 11.3140434823 0.0000000000 3.5406881214 6.4290615007 0.0000000000 12.1695360855 -0.0000000000 0.2062054583 -3.2212336421 -4.3474479284 0.9129123321 2.9865058958 -5.0087980871 -7.0041772154 -2.1744781405 -4.1196806301 
357570.0000000000 -1132912.4316105151 6092514.7072072122 1504629.2623088951 0.0559915914 11.3140434823 0.0000000000 2.3772042818 6.9380061980 0.0000000000 12.3530588234 -0.0000000000 -0.1895967136 -2.3673601497 -5.1969328477 1.8786025824 3.1377488718 -4.7761774356 -7.4832704402 -2.4254477200 -3.8998181842 
357600.0000000000 -1132913.2392176718 6092513.2839239007 1504629.1188182051 0.4353180146 11.3140434823 0.0000000000 2.3228334505 7.1359006945 0.0000000000 12.1859516932 0.0000000000 -1.4724447889 -2.3533699716 -4.5888067379 1.0758341309 4.4576034071 -4.6677018609 -7.1164881613 -1.9741038664 -4.6290865240 
357630.0000000000 -1132913.6662756011 6092515.3464596374 1504630.3451550165 0.0318420576 11.3140434823 0.0000000000 2.7380874759 7.5252089201 0.0000000000 12.7541553518 -0.0000000000 -1.0579868296 -3.0152561987 -5.2021502468 1.3426157277 4.0514361999 -4.6278066661 -7.2936446774 -2.3435571255 -4.4858764540 
357660.0000000000 -1132913.8396047100 6092515.6496490547 1504630.0669953499 0.0023016183 11.3140434823 0.0000000000 2.6192983730 7.6395539934 0.0000000000 12.9128432737 0.0000000000 -2.6876135657 -3.0411060491 -4.3804978602 0.7750767300 5.3372300845 -4.5980524245 -7.3566658399 -1.5863133648 -5.2195732743 
357690.0000000000 -1132914.6570636474 6092517.9774689367 1504630.6099028522 0.0914191622 11.3140434823 0.0000000000 2.3873500956 7.9867288436 0.0000000000 13.2457822005 -0.0000000000 -1.6215319967 -3.0767958891 -4.5314166611 1.6004895324 3.8811519636 -4.7157838663 -8.1541393944 -1.6376081091 -4.9925849135 
357720.0000000000 -1132913.9828585132 6092514.5964466212 1504629.8748196524 0.0010506849 11.3140434823 0.0000000000 1.1868968831 7.8948243662 0.0000000000 11.8847344314 -0.0000000000 -0.9030428270 -1.8320096033 -4.3247307097 0.9783531693 3.4703326477 -3.7376654820 -7.7892455095 -0.9553217575 -5.5964808818 
357750.0000000000 -1132913.0655507306 6092513.4082370996 1504628.7194870792 0.1661417419 11.3140434823 0.0000000000 2.4988608087 8.9680953703 0.0000000000 12.0530691802 0.0000000000 0.9368359830 -3.6757334473 -4.9447445399 1.8980114794 0.9330225213 -3.6885465509 -7.2236265403 -1.4882076102 -5.9869472818 
357780.0000000000 -1132913.5696109673 6092512.3268019529 1504627.9761821278 0.7443446248 11.3140434823 0.0000000000 1.6137464477 8.9912180739 0.0000000000 12.1947829418 0.0000000000 0.3478765132 -3.1475365142 -4.1574845246 1.2366264679 1.7060996543 -3.3466721514 -8.4008398355 -0.6814293501 -6.1114753757 
357810.0000000000 -1132913.4395217525 6092513.9457243383 1504628.2830372117 1.7355822628 11.3140434823 0.0000000000 1.5759541192 8.7413142416 0.0000000000 12.7703361639 0.0000000000 -0.1122910382 -2.5597061596 -4.4637347150 2.0990044962 1.4511845139 -3.9893277376 -8.1332080231 -0.6800566667 -6.4313481778 
357840.0000000000 -1132913.8736059659 6092515.8104197513 1504629.2085580074 0.2752078822 11.3140434823 0.0000000000 2.6970181040 9.3919706280 0.0000000000 13.3630517540 -0.0000000000 0.1383763878 -2.9926614622 -4.5960770417 2.0286138122 1.8432839817 -5.5508419237 -7.3258903871 -1.7776560399 -6.8791844501 
357870.0000000000 -1132913.1668880610 6092515.2007385166 1504629.2895840115 0.0274771704 11.3140434823 0.0000000000 2.7955366465 10.3920812745 0.0000000000 12.2954745215 -0.0000000000 1.6934038794 -4.0848940339 -4.5070826722 2.7174249918 0.2988208017 -5.4471436977 -7.1845222761 -2.9013955249 -5.7544827591 
357900.0000000000 -1132912.6684777250 6092515.0452030757 1504629.0687038070 0.0549207964 11.3140434823 0.0000000000 2.0984742397 9.7436517719 0.0000000000 12.5116380307 -0.0000000000 -0.8230976731 -3.8511728301 -5.0603556575 1.8439570895 2.8287172647 -3.9946387626 -7.2814811035 -2.1769993586 -5.5172336928 
357930.0000000000 -1132912.9561842659 6092513.0346532045 1504629.4463989059 0.8197409495 11.3140434823 0.0000000000 0.9110467238 11.0220873588 0.0000000000 11.9247921423 0.0000000000 -0.9301170822 -2.2395978896 -4.9972130360 3.0753734076 3.4959818904 -5.8980657257 -6.9846551021 -3.6789108642 -5.3818899570 
357960.0000000000 -1132913.7666323194 6092515.5233150860 1504629.6915052426 0.0187228431 11.3140434823 0.0000000000 1.2387054114 10.2575483030 0.0000000000 12.1501499141 0.0000000000 -0.0707342319 -3.2927764476 -4.2990641161 1.4689801028 2.4424814632 -3.9515813475 -8.0885645235 -1.8035296309 -5.8011046506 
357990.0000000000 -1132914.0173946714 6092514.7126533333 1504629.0049513511 0.5429834099 11.3140434823 0.0000000000 1.5857742937 10.6701436434 0.0000000000 12.8118991212 0.0000000000 -0.5083563087 -3.2494595029 -4.6248323502 2.9398413609 2.1694297899 -5.4125590847 -7.6522860595 -2.7778470757 -5.6283824526 
358020.0000000000 -1132913.8101075152 6092515.0008154064 1504628.5819084614 0.0448197361 11.3140434823 0.0000000000 0.1381919908 11.2587195382 0.0000000000 12.5326065730 -0.0000000000 -0.1988377087 -2.0613687537 -5.3561633323 3.6791581342 1.8291627011 -4.9787378507 -7.9657055442 -2.9076224267 -5.7045567898 
358050.0000000000 -1132913.2539103313 6092514.4510098035 1504628.2344473584 0.0009242476 11.3140434823 0.0000000000 0.7724117249 11.1983202928 0.0000000000 12.5399661970 -0.0000000000 -2.2227240861 -3.4941530897 -4.2244536124 4.8157724886 1.1654571482 -4.7148203042 -7.3964149500 -1.6934343679 -6.4114419918 
358080.0000000000 -1132913.0621792583 6092515.3480110075 1504628.8856573338 0.0638824923 11.3140434823 0.0000000000 1.2103178939 10.9771622048 0.0000000000 12.9837122335 0.0000000000 -0.9442583376 -3.7794858183 -4.8822786091 2.4877839469 2.0928684678 -3.8995560744 -7.8883314500 -1.8489834234 -6.2216188493 
358110.0000000000 -1132914.8702357532 6092517.4270320479 1504629.4892396401 0.0186743983 11.3140434823 0.0000000000 1.9602341791 11.0168321797 0.0000000000 13.4635153048 -0.0000000000 -0.2126145881 -3.8032793360 -5.7256221880 1.2368802347 3.2184427547 -4.4808090590 -7.4480381681 -3.0081223598 -5.9124076998 
358140.0000000000 -1132914.3032266269 6092517.4790784465 1504628.7952864782 0.0784411409 11.3140434823 0.0000000000 2.4865262974 12.0603075410 0.0000000000 13.3081365254 0.0000000000 -0.1940770076 -4.9797136820 -4.4988249216 1.8752437951 2.5063742836 -5.4048814433 -7.5381454556 -3.3088432676 -5.9628883647 
358170.0000000000 -1132914.4214063825 6092518.5726594795 1504629.5300351528 0.0124125107 11.3140434823 0.0000000000 2.0243434843 11.6777384348 0.0000000000 13.1333468633 0.0000000000 1.0364771649 -3.6255062979 -4.8254468172 1.0965611286 2.2957501638 -5.4653686807 -7.3029165008 -3.2596189971 -6.4996282675 
358200.0000000000 -1132912.1913619342 6092517.0256423997 1504632.4024937677 0.0413114863 11.3140434823 0.0000000000 4.9731045437 -1.5397067784 0.0000000000 14.3539834530 -0.0000000000 -0.6749283933 -0.1448884767 -5.3154957481 -0.6596868689 1.3724558512 -4.4375789366 -4.8247021916 0.0331842258 -2.7632222269 
358230.0000000000 -1132912.5766433368 6092519.0104468977 1504632.0459864007 0.0001770234 11.3140434823 0.0000000000 6.3409919609 -1.7343861903 0.0000000000 15.1052892854 0.0000000000 -1.6133960955 -2.1215577591 -4.8543954020 0.0859069865 0.5890383643 -4.4393719003 -4.8055442378 0.2301355030 -2.3020079791 
358260.0000000000 -1132912.7162373322 6092516.3151797317 1504631.4085779695 0.0741113570 11.3140434823 0.0000000000 4.5766734947 -1.4590380750 0.0000000000 14.2357327893 0.0000000000 -1.7745128966 -0.8382512343 -4.5459137594 0.5742458774 0.2897773973 -3.6739536038 -5.3117718914 1.0332136791 -2.7169214097 
358290.0000000000 -1132913.7262592756 6092518.0339479279 1504631.8088579932 0.0002991529 11.3140434823 0.0000000000 4.9337617621 -0.9004342685 0.0000000000 14.1663437046 0.0000000000 -0.8585944237 -1.2473622296 -4.2328765273 0.9693521434 -0.6105424158 -4.4110070966 -5.2995445973 0.2727009793 -2.3593276185 
358320.0000000000 -1132912.9013390911 6092516.5742522599 1504632.0511739738 0.1107983996 11.3140434823 0.0000000000 3.5110845328 -0.2738480106 0.0000000000 14.0070611414 0.0000000000 -0.8576105090 0.3002167409 -4.8386384375 0.5902961633 0.2554577536 -4.0526593739 -5.5184531941 0.5209976026 -3.3148604468 
358350.0000000000 -1132911.1869065417 6092516.0632625455 1504632.6443001202 0.0171941171 11.3140434823 0.0000000000 3.2763633740 -1.0566131024 0.0000000000 14.0363430681 0.0000000000 -1.7800257926 0.2820883751 -4.9765148651 2.2079652356 -0.4517258684 -3.9420870664 -5.6873329766 0.3090849773 -1.8230553206 
358380.0000000000 -1132911.8625765573 6092513.8384013455 1504631.6466898164 0.1849781577 11.3140434823 0.0000000000 2.9457800891 -1.1746573066 0.0000000000 13.5722882533 -0.0000000000 -2.5934886193 -0.2286787393 -4.9426910015 2.4407480966 -0.2549109517 -2.9538766150 -5.8932898593 0.5884589910 -1.1179261402 
358410.0000000000 -1132912.9014307943 6092519.0243816134 1504632.5430729364 0.3742839070 11.3140434823 0.0000000000 3.6469154543 0.4128444913 0.0000000000 14.4694636376 0.0000000000 -2.5675856364 -0.2013019687 -5.0387076962 1.5448162145 1.3808788981 -4.8607703394 -5.4328762925 -0.4333896829 -2.5019840841 
358440.0000000000 -1132913.3628371076 6092519.8686490273 1504633.2733105943 0.0002638177 11.3140434823 0.0000000000 4.6580405908 -1.3424137552 0.0000000000 14.3165736701 -0.0000000000 -0.8674759355 -0.2769261255 -4.9925350936 0.9711481213 -0.6458407243 -4.3757629650 -4.7646506571 -0.0989845747 -2.1506483915 
358470.0000000000 -1132912.0920194697 6092518.6528685158 1504632.2751557208 0.0222111039 11.3140434823 0.0000000000 4.8322366829 -0.9695587379 0.0000000000 14.3874803800 0.0000000000 -0.1403924395 -0.8680785666 -4.6180728629 -0.3608255383 -0.6337314459 -3.6866857827 -5.3098401511 0.5250071503 -2.7973132099 
358500.0000000000 -1132913.7241045581 6092518.1434469307 1504633.0085267427 0.0287396900 11.3140434823 0.0000000000 2.8653808457 -0.9256152779 0.0000000000 14.0369901839 -0.0000000000 -0.1186624827 1.2290458351 -4.8867471158 0.6444838608 -0.7037720985 -3.7816976304 -6.1124312653 0.4571740951 -2.4133413787 
358530.0000000000 -1132912.8340548929 6092518.7079515513 1504632.5400914981 0.0938740610 11.3140434823 0.0000000000 5.1093747533 -1.1928582609 0.0000000000 15.1546914818 -0.0000000000 -2.0386969179 -0.6931829676 -5.4088004764 0.5686270598 0.5667085100 -4.4594693850 -4.7463448684 -0.2160135018 -2.1807382958 
358560.0000000000 -1132912.8682594942 6092517.7303477312 1504632.0850316049 0.0008172147 11.3140434823 0.0000000000 5.2626738430 -1.0120427952 0.0000000000 15.2389669876 -0.0000000000 -1.2945726837 -0.4470273214 -4.9840002508 0.1582083770 0.4692661889 -5.2241440234 -4.9530961448 -0.5389069136 -2.2230188473 
358590.0000000000 -1132913.2383213278 6092517.5549104773 1504633.5095993096 0.0156767600 11.3140434823 0.0000000000 3.5436641211 -0.5455409144 0.0000000000 14.3816754452 -0.0000000000 -0.1995539365 0.7837665148 -4.7758866704 2.3644007664 -1.9262775503 -5.2429794476 -5.4922000856 -0.9889267567 -1.4319313813 
358620.0000000000 -1132912.9591303775 6092520.2456121016 1504632.4749171995 0.4930271224 11.3140434823 0.0000000000 5.6506007117 -1.1913914540 0.0000000000 15.6429151520 0.0000000000 -2.7578353081 -1.9708311868 -4.9241802369 -0.2245158855 0.9701577222 -3.7098530536 -5.4602049463 0.4990463417 -2.0708641829 
358650.0000000000 -1132912.6893616342 6092518.3569001108 1504633.2874573809 0.0112813551 11.3140434823 0.0000000000 3.9081750845 0.1200910325 0.0000000000 14.6592648685 0.0000000000 -1.9432286237 -0.4348033968 -5.4566763652 1.3088298561 -0.1142614263 -3.9054060608 -4.8908667613 -0.2760292682 -2.5372174515 
358680.0000000000 -1132911.8657875201 6092518.5388586484 1504632.1352653247 0.0022510705 11.3140434823 0.0000000000 5.4419605579 -1.1037094549 0.0000000000 15.0068831246 0.0000000000 -0.4044667205 -1.0411899453 -5.2165129966 -1.3523902255 0.1155722922 -3.6835643667 -5.0274474238 0.0028136676 -2.3881972369 
358710.0000000000 -1132911.8518696185 6092516.8723023152 1504631.7603274810 0.1640124486 11.3140434823 0.0000000000 4.9200651259 -1.4193309710 0.0000000000 14.8624889320 -0.0000000000 -2.0359713670 -0.3352772520 -6.1802491228 0.2730393126 0.6033432625 -3.8190632233 -4.2085666147 -0.6517441101 -1.5634805100 
358740.0000000000 -1132912.1636576802 6092516.4800532395 1504632.4947527070 0.0005745460 11.3140434823 0.0000000000 3.9083903687 -0.6786011032 0.0000000000 14.4081335661 -0.0000000000 -0.8013630863 0.0490396591 -5.6228468063 -0.3493410442 0.3151026596 -3.4316945324 -5.4644623176 -0.4039247321 -1.6146054532 
358770.0000000000 -1132913.9973260602 6092516.9522652440 1504633.5686704987 0.2456594473 11.3140434823 0.0000000000 2.3934107308 -0.4411234830 0.0000000000 13.8454201916 -0.0000000000 -0.9953453000 1.1814216591 -4.8476766301 1.4763328355 -1.3135682645 -3.3802025139 -5.6113628902 0.3282294039 -2.2897858062 
358800.0000000000 -1132915.5575275959 6092530.3171664737 1504633.8345312669 0.1601534366 11.3140434823 0.0000000000 0.5697689014 0.1027845481 0.0000000000 0.5114712690 0.0000000000 1.6857093381 0.5563830476 -0.6675937724 -1.6968894259 1.1392083279 -1.1811150284 -0.5115310348 -1.4670408216 0.8667802766 
358830.0000000000 -1132915.2629602796 6092529.5976112606 1504633.4077526026 0.0097807214 11.3140434823 0.0000000000 1.0666115902 -0.7054656699 0.0000000000 0.1991782627 -0.0000000000 2.1124221853 0.0067435054 -0.1102925578 -1.0727840604 -0.6491540198 -0.7861407007 -0.1990554463 -1.1642152869 1.2968185148 
358860.0000000000 -1132915.9482829866 6092529.7720532259 1504633.8212694561 0.0110720008 11.3140434823 0.0000000000 0.1210338410 1.8884431104 0.0000000000 -0.3991072384 -0.0000000000 2.5173548033 -0.7009105833 -0.4588067702 -0.9253907526 -0.2459358312 -0.3561053488 -0.4144032485 -1.8850149977 0.7888075100 
358890.0000000000 -1132914.8773287665 6092530.6182880905 1504633.9431211075 0.0541682537 11.3140434823 0.0000000000 0.5587528000 0.1737582180 0.0000000000 -0.2138067548 0.0000000000 0.0775784101 -0.1920697641 -0.3750086340 -0.2069881219 1.0221475190 -0.9278174378 0.2532736322 -1.4627595454 1.3278870463 
358920.0000000000 -1132916.4443718705 6092529.8949874109 1504633.9950720738 0.0114484135 11.3140434823 0.0000000000 -0.8709188769 0.5326247643 0.0000000000 -0.5289502715 0.0000000000 1.4137631198 1.0146535385 0.0064402648 -0.7875988774 0.1782602687 -0.1431533265 -0.4939310006 -0.2467347040 -0.2238969328 
358950.0000000000 -1132916.7910658156 6092528.9352509538 1504633.8334119588 0.2779723093 11.3140434823 0.0000000000 -1.1721560129 0.2096874618 0.0000000000 -0.8027459968 -0.0000000000 -0.2476415475 0.8895880050 0.1578021899 -0.8431026460 1.8119862396 0.2065019585 -0.8882296027 0.2718752259 0.2154542758 
358980.0000000000 -1132914.9853434472 6092528.1257592533 1504634.5285053279 0.0059291962 11.3140434823 0.0000000000 -1.5188971505 0.7555257827 0.0000000000 0.1254259269 -0.0000000000 -1.0365239249 1.4435789464 -0.6926635560 2.4844336379 0.2802401460 -1.1169340360 -0.4753514068 -1.3414225582 1.2366602065 
359010.0000000000 -1132914.7542677717 6092531.4873378500 1504634.0530807311 0.0067559052 11.3140434823 0.0000000000 0.2955138739 0.3349650087 0.0000000000 1.3666391545 -0.0000000000 -1.4494279925 -0.1912625694 -0.4639707292 1.6438075499 -0.0828266328 -0.9147942688 0.0758906371 -0.5086194090 0.1059264960 
359040.0000000000 -1132913.3917111165 6092528.7658091225 1504631.9937991600 0.4810768506 11.3140434823 0.0000000000 1.1638881869 0.7103985392 0.0000000000 1.1496761229 0.0000000000 -1.5460434737 -0.6097910126 -0.9858531063 0.2033425277 1.8448063338 -1.4675386389 0.9224435240 -1.2833425155 0.0290230129 
359070.0000000000 -1132915.4325358663 6092531.9282766115 1504634.0268080544 0.2481028271 11.3140434823 0.0000000000 0.3629772900 -0.1621593719 0.0000000000 0.7281194645 0.0000000000 -1.3436107014 0.2610570758 0.1548509779 1.9127483481 -0.2378845632 -1.6044277706 0.4391526566 -0.7578219891 0.5139088967 
359100.0000000000 -1132915.0042586976 6092529.6163317300 1504633.3685396221 0.0420047818 11.3140434823 0.0000000000 1.0540139875 -1.1982916537 0.0000000000 0.8859628974 -0.0000000000 -0.9192629022 0.0152814176 0.0216156179 0.9286378516 -0.3606538972 -1.0357978731 0.4072937197 -0.3719007216 0.7875860160 
359130.0000000000 -1132915.0590507349 6092528.7046434432 1504633.8752386493 0.0000005440 11.3140434823 0.0000000000 0.6106356150 -0.2153268127 0.0000000000 0.0455319030 0.0000000000 2.0552876795 0.9018714950 -0.1151595497 -1.0940759521 0.0533536120 -1.6196228845 -0.0952669455 -1.5326791252 0.9439183523 
359160.0000000000 -1132914.5140878693 6092526.8331937231 1504632.2736234912 0.2428298361 11.3140434823 0.0000000000 0.7907013884 -0.9727210360 0.0000000000 -0.1514857898 -0.0000000000 0.5651581575 0.3014447429 0.2617668778 -2.4440889308 2.1247253124 -0.6998164499 -0.7192912004 -0.1161190529 0.8153425858 
359190.0000000000 -1132915.2701236277 6092530.3536281129 1504633.7741747322 0.0552980350 11.3140434823 0.0000000000 1.0471413480 -0.4820841369 0.0000000000 0.1389261002 -0.0000000000 0.8791972861 -0.0961567709 0.6745296730 -1.2390653474 0.6787663308 -1.3743641763 -0.5941932921 -0.7335166410 1.0448366584 
359220.0000000000 -1132915.6324882868 6092530.1453644698 1504634.2090582356 0.0008485231 11.3140434823 0.0000000000 -0.3490754837 0.8241745880 0.0000000000 -0.3517320355 0.0000000000 1.2279679342 0.8366435425 -0.1225734087 -0.3874385296 0.5447257211 -1.2523121586 -0.2146077473 -1.3303477061 0.5014511935 
359250.0000000000 -1132916.4775580696 6092529.7996824235 1504634.5480145037 0.0020779757 11.3140434823 0.0000000000 -0.1561084556 0.1657372053 0.0000000000 -0.2853656898 0.0000000000 0.5819769613 0.6111820556 0.5958381784 -0.9383258203 1.4266966533 -1.2925577148 -1.1437980322 -0.6499411596 0.9415350864 
359280.0000000000 -1132915.6390667295 6092529.7648911383 1504634.0106104903 0.0015513884 11.3140434823 0.0000000000 0.5296245151 -0.5423570816 0.0000000000 0.8115996833 0.0000000000 1.1091468791 0.6776729073 0.0427416384 -1.1796796959 0.3339801119 -1.0809877275 -0.8831007412 -0.4360368743 0.5062425821 
359310.0000000000 -1132914.8921827071 6092529.4513010653 1504633.5076216978 0.0059026973 11.3140434823 0.0000000000 0.9041265671 0.2144739766 0.0000000000 0.1170822033 -0.0000000000 -2.2387685934 -0.6823143798 0.6948004457 1.2682680202 1.6548241195 -2.0795091326 0.2795024734 -1.0731829459 1.2194265725 
359340.0000000000 -1132914.9837845587 6092528.0812377781 1504633.1580879421 0.0093649324 11.3140434823 0.0000000000 0.7052388674 -0.8903489205 0.0000000000 0.1014162674 -0.0000000000 0.4868910738 0.5813463896 -0.1551647626 -1.3275330018 0.9470475111 -0.7291912658 0.0918702417 -0.2551903651 0.3104702595 
359370.0000000000 -1132915.8943531981 6092528.6983418502 1504632.6883978180 0.4260104010 11.3140434823 0.0000000000 0.0406807759 -0.3062825150 0.0000000000 0.0620466812 -0.0000000000 -0.3691767775 0.2892600836 0.5720322360 -0.4979863074 1.1960913890 -0.7840383967 -0.8657367743 0.1058485231 0.4766783594 
359400.0000000000 -1132916.3098465104 6092530.2428412940 1504633.2543209039 0.1634159915 11.3140434823 0.0000000000 1.0713372276 -0.4913489099 0.0000000000 -0.1413979172 0.0000000000 -2.0315982864 -0.1900032390 1.2178502621 0.9309909150 1.5696498052 -2.4033607652 0.5385476736 -0.6350186199 0.8264580818 
359430.0000000000 -1132915.0845858126 6092528.6257960182 1504632.5316708519 0.0071812127 11.1654816136 0.0000000000 1.1418227684 -0.5257447808 0.0000000000 0.6334523552 -0.0000000000 -1.3149309022 -0.7109427364 0.5758858779 0.0000000000 1.0245804150 -1.0482991077 -0.2193464115 -0.0493851434 0.6043093918 
359460.0000000000 -1132915.5609776445 6092530.6458280170 1504632.8337256722 0.0054795699 11.1654816136 0.0000000000 1.4326519373 -0.4930686528 0.0000000000 0.9396879337 0.0000000000 -1.4269534006 -0.2081784927 0.3645859889 0.0000000000 1.4292796311 -2.0195582741 0.3746628315 -0.4944875157 0.2474432501 
359490.0000000000 -1132914.4516368327 6092528.7700327840 1504633.4156995062 0.2291818823 11.1654816136 0.0000000000 -0.1712021634 0.3834253537 0.0000000000 0.4936677219 0.0000000000 -0.9384292269 0.7306415249 -0.1308097892 0.0000000000 1.8738410152 -1.4759364461 -0.3641782044 -0.4422585442 0.0112027651 
359520.0000000000 -1132915.6152930132 6092531.8100623991 1504634.0739282137 0.4443833369 11.1654816136 0.0000000000 1.2887154461 0.1149031454 0.0000000000 0.2349326691 0.0000000000 -0.6117501457 -0.6643251844 1.1883728426 0.0000000000 0.7577884058 -2.0366894512 0.2372010047 -0.6082748156 0.2455853791 
359550.0000000000 -1132914.7119599376 6092528.7000333564 1504633.4833292176 0.0209029824 11.1654816136 0.0000000000 0.2014302112 -0.5910442417 0.0000000000 0.3221556555 -0.0000000000 0.2724967017 1.0328279267 -0.1382629592 0.0000000000 0.5130599570 -1.3628892896 -0.5568567363 -0.9584752728 1.2969733837 
359580.0000000000 -1132915.2258255754 6092531.5654897485 1504633.5708280997 0.0940819058 11.1654816136 0.0000000000 0.8797684613 -0.2496157414 0.0000000000 0.3947396435 -0.0000000000 0.1790970298 0.3407727118 0.9832315339 0.0000000000 0.3055842081 -2.2613848556 -0.2593813133 -0.8644781871 0.6666173464 
359610.0000000000 -1132915.8163505949 6092531.3513377644 1504635.1000072972 0.0002854624 11.1654816136 0.0000000000 -0.0323182447 0.5613155817 0.0000000000 0.1269963244 0.0000000000 1.3828241143 0.7112340261 0.7105638761 0.0000000000 -0.4580090943 -1.7501628094 -0.6125968507 -1.1126656961 0.4989869107 
359640.0000000000 -1132915.6864997339 6092530.2667700611 1504634.3293599728 0.0029454095 11.1654816136 0.0000000000 -0.1410236507 0.2313291860 0.0000000000 -0.2042422759 0.0000000000 -0.3345556622 0.5614639896 0.3776271807 0.0000000000 1.1945316526 -1.2802834600 -0.2022692129 -0.3925089858 0.1707112885 
359670.0000000000 -1132916.2559009937 6092530.5095272847 1504634.4008324607 0.6105032974 11.1654816136 0.0000000000 0.0484302616 0.6758617027 0.0000000000 -0.4166372997 0.0000000000 -0.2899867626 -0.3143073534 1.5000840255 0.0000000000 0.8471676154 -1.3864634597 -0.4452188532 0.0086797674 -0.2204751137 
359700.0000000000 -1132914.6351359568 6092529.2530898759 1504633.7601853195 0.1541867940 11.1654816136 0.0000000000 -0.7080006554 -0.2436055908 0.0000000000 0.0895770696 0.0000000000 0.8621861630 1.4638134440 0.2723642948 0.0000000000 0.0948718963 -1.0283846193 -1.2836033491 -0.4765443235 0.8885126382 
359730.0000000000 -1132914.2723510582 6092528.9411272835 1504632.9996376857 0.3605349707 11.1654816136 0.0000000000 0.7585344100 0.1101312806 0.0000000000 0.4648094368 0.0000000000 -0.3975563294 0.4770909627 -0.3321246387 0.0000000000 1.4057805191 -2.0579773586 0.0856577622 -1.4668656424 1.0428367426 
359760.0000000000 -1132914.5680203121 6092528.2351658009 1504633.0558952426 0.0889388819 11.1654816136 0.0000000000 0.3475807626 0.2344568976 0.0000000000 0.9839312040 0.0000000000 -0.8070446562 0.3480655977 -0.7530888243 0.0000000000 1.4061724891 -1.1797253277 -0.2516786275 -0.7783601120 0.4751524069 
359790.0000000000 -1132914.5813617439 6092528.4352348130 1504633.1668591164 0.0092716236 11.1654816136 0.0000000000 -0.2622910023 0.7758462259 0.0000000000 0.3568049144 0.0000000000 0.0323640604 0.0110551533 -1.0378651938 0.0000000000 0.6026382772 0.0334821481 -0.3526604992 -0.8288508708 0.6309823267 
359820.0000000000 -1132914.6793473919 6092528.8789829714 1504633.5340810395 0.0003525498 11.3140434823 0.0000000000 0.2719631556 -0.6918364344 0.0000000000 -0.2798213406 0.0000000000 -1.7851839536 -0.3341361921 0.5091651101 0.0000000000 1.7649174354 -0.2105845772 -0.2653949635 0.8043343070 0.2144900184 
359850.0000000000 -1132915.1799202242 6092528.3182681650 1504633.6894391403 0.5910875213 11.3140434823 0.0000000000 -0.1538035703 -0.3169023210 0.0000000000 -0.4084509773 -0.0000000000 0.5696778866 0.9141430449 0.1053281606 0.0000000000 0.1948503231 -0.8386473295 -0.2749857259 -0.6643451822 0.8684719723 
359880.0000000000 -1132914.4745665709 6092527.9534921255 1504632.3828235792 0.6260346903 11.3140434823 0.0000000000 1.2301100886 -0.8549972531 0.0000000000 0.5046762303 0.0000000000 -1.3948868184 -1.2188317254 0.0890788703 0.0000000000 0.3814413676 0.3347204720 0.0977350042 0.4640759571 0.4990799969 
359910.0000000000 -1132915.8522188109 6092527.7652578158 1504633.4055597619 0.2024271382 11.3140434823 0.0000000000 -0.6781388696 0.2454911767 0.0000000000 -0.2604587281 0.0000000000 -0.5676386436 0.6248112454 0.8181770840 0.0000000000 1.6718998405 -1.1719505294 -1.2668540921 0.2030332726 0.2782108335 
359940.0000000000 -1132915.2082139840 6092531.0417806180 1504634.6255374339 0.0233426393 11.3140434823 0.0000000000 -0.3007532906 1.5281866135 0.0000000000 -0.7538839823 0.0000000000 1.4785627841 0.1456467971 0.2961397197 0.0000000000 0.0333951676 -1.3209818669 -0.2513178197 -1.7315144919 0.8744252135 
359970.0000000000 -1132915.0851754092 6092530.5897118784 1504633.0566722739 0.1576891072 11.3140434823 0.0000000000 1.7248112222 -0.1017412364 0.0000000000 -0.3033672587 0.0000000000 -1.1048561786 -1.4897187837 0.9970576497 0.0000000000 1.1917022791 -1.4326276360 0.1906285493 -0.7015963154 1.2486350993 
360000.0000000000 -1132915.0803489697 6092530.7483658604 1504633.9478947171 0.0005932911 11.3140434823 0.0000000000 0.8372682725 -0.1803576388 0.0000000000 0.5896903363 0.0000000000 0.6111775662 -0.1815249010 -0.1920092580 0.0000000000 -0.9307253629 -0.4281161837 0.0468318434 -0.9060699672 0.8683124005 
