time x y z T0 thrd C21 C24 C25 C26 C33 C34 C38 C39 C40 C42 C43 C59 C60 C23 C41 
345600.0000000000 -1132915.1659613962 6092527.6149384724 1504632.4475630806 0.1658524711 11.3140434823 0.8117350180 0.5621192369 -0.0000000000 1.3545485588 -1.2811277658 0.1900596499 -0.3481386720 -0.0028494806 0.1535512647 0.5197224445 0.6422991463 -2.1228306222 -0.3432427414 0.0000000000 0.0000000000 
345630.0000000000 -1132915.6276503482 6092528.9042204469 1504633.6877451772 0.0300102530 11.3140434823 0.7372573785 0.1434042924 -0.0000000000 0.8565929042 -0.7853089578 0.3370478814 0.0065085294 -0.3559977637 -0.2767578514 0.6378112213 0.4452168312 -1.5271549701 -0.1269314282 0.0000000000 0.0000000000 
345660.0000000000 -1132916.5381422224 6092529.4211083027 1504633.0682076763 0.1355001835 11.3140434823 0.6402172477 0.1135525817 -0.0000000000 0.3191611031 -1.2212591943 0.3242384658 0.4535472652 0.2279360915 -1.1060612865 0.8610542799 1.5863338351 -0.8588954085 -1.1123266567 0.0000000000 0.0000000000 
345690.0000000000 -1132914.6927508598 6092528.0306126587 1504633.2362879131 0.3321827973 11.1654816136 0.3973745271 0.8348201759 -0.0000000000 1.7178099870 -0.7985105232 0.0000000000 -0.2344595525 -0.1337543783 1.0306697781 -0.1081680440 -0.1510194896 -2.3775254199 -0.1237183579 0.0000000000 0.0000000000 
345720.0000000000 -1132914.1426574760 6092526.7118231282 1504634.4835109476 0.0118437695 11.3140434823 0.1610004544 0.6741661708 -0.0000000000 1.2647359549 -1.4025970534 2.9600829860 -0.5867023526 0.9558129658 -1.0567554083 0.6802959196 -0.6818965839 -1.9191520795 -0.8686368143 0.0000000000 0.0000000000 
345750.0000000000 -1132914.2890246194 6092528.6060790885 1504632.6548340784 0.0626138287 11.3140434823 -0.5707517892 1.0555214313 -0.0000000000 0.9652953546 0.7984675986 2.4369558478 0.0585796038 -0.5609921076 0.2665398318 -0.2755948561 -2.6332338571 -1.4421837465 -0.2074449291 0.0000000000 0.0000000000 
345780.0000000000 -1132914.3966556455 6092528.7752304319 1504632.5559840158 0.1732583663 11.1654816136 0.6026766677 0.8606837178 -0.0000000000 -0.1045213908 -0.0038508899 -1.5651858447 -0.1804489587 0.2970051018 2.2091243530 0.0000000000 -0.1217887959 -1.9250272405 -0.1193649190 0.0000000000 0.0000000000 
345810.0000000000 -1132913.6298746711 6092528.2640432576 1504633.2626376622 0.7955266725 11.3140434823 -0.9430746673 0.8545630391 0.0000000000 0.9101661602 -0.2515136282 0.7460162106 0.2909933351 0.3891899762 1.0686708628 0.0024320186 -0.8068994855 -1.3185145571 -0.8920662786 0.0000000000 0.0000000000 
345840.0000000000 -1132914.7720391315 6092529.0292562293 1504633.0503061446 0.1013686930 11.3140434823 -0.4866079394 0.9153380984 0.0000000000 0.3200255256 -0.4410406770 1.9263987767 0.0841643314 1.2012425745 0.5710432101 0.4176453048 -1.3187411073 -1.9440476500 -1.1653839894 0.0000000000 0.0000000000 
345870.0000000000 -1132915.2306322444 6092530.7844816828 1504632.5318794260 0.0271995822 11.3140434823 1.0538347142 0.6945742025 0.0000000000 -0.3987501593 0.5690767465 0.7053299609 0.7935281005 0.5219483533 0.8835437261 -0.1471441708 -1.4570296390 -2.8177145945 -0.4882774823 0.0000000000 0.0000000000 
345900.0000000000 -1132915.1449825575 6092528.8107216898 1504633.5595252726 0.0355789486 11.3140434823 -0.2297373589 0.5459609442 0.0000000000 0.7230883030 -0.8452703365 0.4114722820 -0.1224451282 0.6149668322 0.5767641310 0.3470526954 0.0298933156 -1.3025305511 -0.6383110906 0.0000000000 0.0000000000 
345930.0000000000 -1132915.1884445008 6092529.1009124340 1504633.4136207704 0.0026729363 11.3140434823 -0.2524963563 0.7487661269 0.0000000000 0.2049275670 -0.2710649277 1.6543492055 0.0746069448 0.8881527531 0.1069623411 0.1246147323 -1.0131809005 -1.3076036081 -0.8971343017 0.0000000000 0.0000000000 
345960.0000000000 -1132914.2444224812 6092528.3814780805 1504633.2042047447 0.0618659381 11.3140434823 0.4582382072 0.9382761122 -0.0000000000 0.4781115443 -0.0854541570 -0.6622788984 -0.2570836712 -0.5398601339 1.2831939322 0.3382132994 -0.1778684625 -1.6724625201 -0.1247745177 0.0000000000 0.0000000000 
345990.0000000000 -1132914.2971793371 6092527.9254199574 1504632.9210932993 0.0262394477 11.1654816136 1.3342691683 0.3914619891 0.0000000000 0.2534615166 -0.1198673781 0.0000000000 0.7705098394 -0.1785523385 -0.4017820664 -0.1928899736 0.3607120664 -1.7212001813 -0.4465778483 0.0000000000 0.0000000000 
346020.0000000000 -1132914.7558840921 6092528.7473883964 1504632.7971591533 0.0030672148 11.1654816136 0.5752739980 0.6861303352 0.0000000000 0.0080555294 0.6133441116 1.6702597511 0.3418950487 -0.0722084537 0.1171746147 0.0000000000 -1.8308478613 -1.9716769797 -0.2313376303 0.0000000000 0.0000000000 
346050.0000000000 -1132914.8938709204 6092529.7655098448 1504632.9901568315 0.0071066464 11.3140434823 -0.0850470780 0.7111607411 -0.0000000000 0.8852748559 -0.0551603464 1.4363771956 0.4125136137 -0.0055887058 0.6167053572 0.2007515765 -1.4054926011 -2.2787818906 -0.4427615687 0.0000000000 0.0000000000 
346080.0000000000 -1132914.5378082888 6092527.3158663772 1504631.8150370347 0.0132858191 11.3140434823 1.2057446269 0.9678162461 0.0000000000 0.3044377310 -0.7518679040 0.1893724893 -0.0107853688 0.4894142039 0.5883605049 0.5550304787 0.0622486655 -2.7915121040 -0.7115439094 0.0000000000 0.0000000000 
346110.0000000000 -1132915.0848760852 6092528.0798536567 1504632.7854357762 0.0006278838 11.3140434823 -0.4340957237 0.8301901514 0.0000000000 0.4708244152 -0.3070685527 -0.5276938772 0.4097238287 -0.0951495208 1.5091060287 0.6568075840 0.0666564289 -1.6152459693 -0.9033913585 0.0000000000 0.0000000000 
346140.0000000000 -1132914.5488550302 6092528.2553892778 1504632.6501888514 0.1276894795 11.3140434823 1.3409947393 0.7169348496 -0.0000000000 0.1566905870 0.1604062664 1.7151625603 -0.0172152468 -0.4711800204 -0.7334932237 0.4398048620 -1.1090346624 -2.0865261396 -0.1211316193 0.0000000000 0.0000000000 
346170.0000000000 -1132916.0991082524 6092527.9965968812 1504632.9489720636 0.0643294983 11.3140434823 0.2623282274 0.2048099523 0.0000000000 0.1765632934 -0.0792020206 3.1511212790 0.8044212974 0.4219636229 -1.8992347982 0.2113625036 -1.1045462371 -1.1239399580 -0.8944424125 0.0000000000 0.0000000000 
346200.0000000000 -1132914.9505284652 6092529.2513967063 1504632.9608155827 0.0030924865 11.3140434823 1.3806298018 0.1612807689 -0.0000000000 -0.3464477773 0.0267160010 1.3556455906 0.6566293796 0.2982886371 -1.0652932275 0.2567514413 -0.4244109630 -1.7569786666 -0.4865517602 0.0000000000 0.0000000000 
346230.0000000000 -1132915.8726386176 6092530.2234187787 1504632.7104630521 0.1162842764 11.3140434823 1.4657231578 0.9741022204 -0.0000000000 0.1213117880 -0.4332434150 0.5098252608 -0.1169939041 -0.5650761839 -1.0786531147 0.5964401071 0.6753300107 -1.3016493496 -0.6859798085 0.0000000000 0.0000000000 
346260.0000000000 -1132916.0405156696 6092527.6681768745 1504631.9147540051 0.1517329026 11.0041300577 0.0000000000 0.8890018053 -0.0000000000 1.1198179096 -1.4529144223 0.0000000000 0.6365692364 0.7180708404 0.0727467277 0.1481244309 1.2817844293 -1.6342638653 -1.4848307763 0.0000000000 0.0000000000 
346290.0000000000 -1132917.0891729097 6092529.9752937052 1504633.0342994807 0.5027068712 11.3140434823 0.2279767413 1.3332294403 -0.0000000000 1.1173495953 -1.1994401547 1.3100634996 -0.3199334982 -0.2120493013 -1.3291996601 0.3578980653 0.8437631490 -0.6534753495 -1.1635238019 0.0000000000 0.0000000000 
346320.0000000000 -1132915.0470972280 6092527.5371669391 1504632.6394867674 0.0565146101 11.3140434823 0.6877340936 1.5454653449 0.0000000000 0.2621658890 -0.2021728798 0.6154137489 -0.0795199651 -0.2441887298 -0.1684781921 0.0574588239 -0.0166508818 -1.3317450586 -1.0229031715 0.0000000000 0.0000000000 
346350.0000000000 -1132915.0441748821 6092526.8151632799 1504633.1160758848 0.0693921458 11.3140434823 0.2956344238 2.0524488417 0.0000000000 0.7017769208 -1.4048039205 0.6920602939 0.5121353892 0.5569690760 -0.9837433973 0.1069296812 1.6849436160 -1.1928366243 -2.5746523181 0.0000000000 0.0000000000 
346380.0000000000 -1132914.3491289697 6092525.4767746162 1504631.7112146888 0.5321199636 11.0041300577 0.0000000000 1.9078549993 0.0000000000 0.3367170778 0.0067555790 0.0000000000 -0.4339032611 0.2069656700 1.6557753919 -0.4355222197 -0.8752439644 -1.6383897938 -0.7967501494 0.0000000000 0.0000000000 
346410.0000000000 -1132915.2100459847 6092528.4820696823 1504632.6475077316 0.0212560485 11.3140434823 0.8304147274 2.0181804035 0.0000000000 0.7118488500 -0.6260939763 -0.1306282536 0.0435895555 -0.6210037779 -0.3623508262 -0.0612302349 1.1105640994 -1.2200274242 -1.4657998831 0.0000000000 0.0000000000 
346440.0000000000 -1132915.5583523111 6092526.6993314270 1504631.9541330012 0.0067018556 11.3140434823 0.8010496421 2.0758011432 -0.0000000000 0.2018971390 0.3174800574 1.6709331625 -0.1847783506 -0.8942479105 -0.9463770332 -0.1159420263 -0.6720688573 -1.0389664736 -1.1289766215 0.0000000000 0.0000000000 
346470.0000000000 -1132915.7780625941 6092525.5015813336 1504632.6344482589 0.2344289574 11.1654816136 0.9306317814 1.7800524180 -0.0000000000 1.5330689523 -1.9933140134 -1.2571792739 0.0000000000 -0.8531500522 -0.8538514152 0.7313179693 3.3097947134 -1.1225190957 -1.6894497327 0.0000000000 0.0000000000 
346500.0000000000 -1132915.6386975273 6092527.8908758881 1504632.7212005889 0.0063996822 11.3140434823 1.1867950709 2.1060519069 -0.0000000000 -0.2358377704 0.0649349218 0.2848181305 -1.0396343790 -1.0202455525 -0.5712341964 0.3165529250 0.3284406364 -0.4720936503 -0.8411642008 0.0000000000 0.0000000000 
346530.0000000000 -1132914.8849213577 6092526.1629612995 1504632.4784823081 0.0044436476 11.3140434823 -0.2848607634 2.7763357306 0.0000000000 -0.0088104366 -0.3807959982 1.1010068759 -0.2426337374 -0.5578863276 -0.7836231097 0.5522905480 0.8125874152 -0.0635877145 -2.5565235362 0.0000000000 0.0000000000 
346560.0000000000 -1132915.9716511122 6092527.7286510328 1504632.6325889013 0.0209035852 11.3140434823 1.0251181477 3.3120869042 0.0000000000 0.3950722206 -0.9290675097 -0.2205035739 -0.6952166453 -0.1292387099 0.4978797053 0.1034654367 1.0052988284 -1.9927214121 -2.1040442253 0.0000000000 0.0000000000 
346590.0000000000 -1132915.9871210493 6092525.6405603196 1504632.6333698062 0.1623746727 11.3140434823 -0.3806987436 3.1611205196 0.0000000000 -0.4534147912 0.0313930814 0.2817641084 -1.1450513043 -0.0471842597 0.6200253486 -0.3749827549 0.0617370450 0.3407719831 -1.9638854642 0.0000000000 0.0000000000 
346620.0000000000 -1132916.2100534127 6092526.2548113754 1504633.4161400821 0.5835936209 11.3140434823 -0.2860355624 3.8495423711 -0.0000000000 0.7909319466 -1.2658176748 2.3622863322 -0.9077282526 0.3451526182 -0.3102078589 0.2160260521 -0.0859469535 -1.5645856835 -2.7293196265 0.0000000000 0.0000000000 
346650.0000000000 -1132915.4231505329 6092525.7561212238 1504632.2652846689 0.0330444526 11.3140434823 1.3476651566 3.5965975024 -0.0000000000 0.2847437208 -0.5434321471 0.4649572321 -0.6868034158 -0.5200722034 -0.7012325886 -0.5870306785 0.8846050263 -1.1484702202 -2.1044236158 0.0000000000 0.0000000000 
346680.0000000000 -1132915.9346378034 6092526.9289221428 1504632.7363375705 0.6113486382 11.3140434823 2.0737397823 4.0792102092 0.0000000000 0.1025219363 -0.6587233199 -0.0106016349 -0.9337303950 -1.0999784174 -1.2560777769 -0.2004699489 1.8077755087 -1.0943376995 -2.4051073371 0.0000000000 0.0000000000 
346710.0000000000 -1132915.6098906165 6092527.5723063275 1504632.7587082554 0.0528350035 11.3140434823 0.9956828004 4.6874271123 0.0000000000 1.3646832852 -1.9772430951 0.1792596163 -1.1804234033 -0.4478639786 -0.1526046909 0.0542016169 1.9091573718 -2.0919649587 -2.7972624355 0.0000000000 0.0000000000 
346740.0000000000 -1132915.5942482369 6092525.7258873302 1504632.1885804320 0.0657327138 11.3140434823 0.6837812280 4.5457467167 0.0000000000 0.7098905908 0.1287456224 3.1692431951 -0.8036248171 -1.1821996733 -0.8929927893 -0.6457117980 -1.5068491063 -1.8163316949 -2.2067125479 0.0000000000 0.0000000000 
346770.0000000000 -1132914.6453864232 6092523.7814252051 1504631.6940415900 0.1952262132 11.1654816136 1.8072310117 4.1032819781 -0.0000000000 1.3174334792 -1.7639722430 0.0000000000 -0.6103499903 -0.1818189008 -0.3953416318 -0.6141514824 1.6857530884 -2.6300211275 -2.2761603548 0.0000000000 0.0000000000 
346800.0000000000 -1132914.3320668293 6092525.1217917847 1504632.1980836338 0.0009372256 11.3140434823 0.5601251457 4.7627684299 -0.0000000000 0.9315780498 0.0495468802 2.4066212795 -1.0592962807 -1.2756774444 -0.1445125287 -0.9716164233 -1.4143370686 -1.7747255655 -1.9577623501 0.0000000000 0.0000000000 
346830.0000000000 -1132915.7252879334 6092526.4694661861 1504631.5914435822 0.0563591184 11.3140434823 1.1558571207 4.5025446119 0.0000000000 -0.2044740446 1.0969977399 1.0200304695 -0.8294543253 -1.6196403225 0.8436833758 -0.7191080974 -1.4796819340 -1.9864324485 -1.8788650317 0.0000000000 0.0000000000 
346860.0000000000 -1132915.9200582094 6092525.7374212425 1504632.4425755935 0.3021208592 11.3140434823 1.0866117490 4.7735395514 0.0000000000 1.0633129099 -0.5092006688 -0.1702853126 -0.7218209474 -1.7801638708 0.0281011706 -0.7369699960 1.0675080418 -1.4618097799 -2.3477946332 0.0000000000 0.0000000000 
346890.0000000000 -1132915.9367656354 6092526.7893274948 1504631.8555957808 0.1173665538 11.3140434823 -0.0191150620 5.2091910253 0.0000000000 1.0570482780 -0.5782571761 1.5160980968 -0.9894807423 -0.9028800429 0.3940767813 -0.9995752649 -0.3592547932 -1.4431263286 -2.6265484192 0.0000000000 0.0000000000 
346920.0000000000 -1132916.2991704952 6092525.0932933651 1504632.2327207075 0.7770978279 11.3140434823 1.6365668328 5.4213527757 -0.0000000000 0.7570687166 -0.7108814380 0.6505617161 -1.2941260328 -1.9687786572 -1.5289400043 -0.7033809177 1.5933842480 -0.6642048652 -2.6880000198 0.0000000000 0.0000000000 
346950.0000000000 -1132915.1558724563 6092525.4834202118 1504632.0359007444 0.2269791907 11.3140434823 1.2070005274 5.6118393469 -0.0000000000 0.7387767078 -0.7842224103 0.1603890881 -1.0835598902 -0.9279536083 0.2607280649 -1.2538059598 0.8433411479 -1.6752373922 -2.7784447495 0.0000000000 0.0000000000 
346980.0000000000 -1132914.8881261321 6092524.0817947360 1504631.7318409309 0.1002940174 11.3140434823 0.1273411167 5.8712513856 0.0000000000 0.8422066503 -0.2434589466 2.9209992454 -1.1591640796 -1.0631635837 -0.2681548741 -1.2810380842 -1.2538327309 -1.4395612002 -2.7993299235 0.0000000000 0.0000000000 
347010.0000000000 -1132915.1386308444 6092524.0501239086 1504630.6522468997 0.0928565134 11.0041300577 0.0000000000 5.5984483300 0.0000000000 0.8928966605 -0.2813915953 0.0000000000 -0.5591727303 -1.8113969949 1.0250870881 -0.6830299084 0.6444596092 -1.3869973710 -3.1532058523 0.0000000000 0.0000000000 
347040.0000000000 -1132915.3848804215 6092524.4891122589 1504632.2635117229 0.1491304105 11.3140434823 1.0299839964 6.7294226511 0.0000000000 1.0422553457 -0.7004986838 0.8880366383 -1.7076157507 -1.7113683996 0.6848304461 -0.9425539826 0.0591063662 -2.2336751210 -2.8515650146 0.0000000000 0.0000000000 
347070.0000000000 -1132916.3062428304 6092524.8338271650 1504631.8593373280 0.1483275185 11.1654816136 1.7494339690 6.5626737967 -0.0000000000 1.1113971123 -1.0037467562 2.8133592499 -1.0619212280 -1.3969777290 -1.5210573380 -0.9428620344 0.0000000000 -2.5991634582 -3.1880554538 0.0000000000 0.0000000000 
347100.0000000000 -1132915.3881481905 6092524.1322713913 1504631.8457240670 0.1918622576 11.1654816136 1.0060153952 6.5032209504 -0.0000000000 0.0449185008 0.0464014456 1.1134119135 -1.0426566504 -1.4789251988 0.2340652377 -1.1004425095 0.0000000000 -1.5944842079 -3.4431385264 0.0000000000 0.0000000000 
347130.0000000000 -1132915.3124771845 6092522.8437972730 1504632.0613370538 0.0160705905 11.1654816136 1.4430052792 6.8974507061 0.0000000000 0.5454649975 -0.3786612639 1.7803295981 -1.7468521788 -1.8100785248 -0.7109047838 -1.3871982499 0.0000000000 -1.3234566647 -2.9416814435 0.0000000000 0.0000000000 
347160.0000000000 -1132916.9421006443 6092525.3196518272 1504631.8101015282 0.1240079902 11.1654816136 0.9691321004 7.0359516326 -0.0000000000 0.6161050487 -0.7085844113 2.3724615151 -1.5853708293 -1.5115556674 -0.7794216817 -1.0155392507 0.0000000000 -1.5147079133 -3.3913502320 0.0000000000 0.0000000000 
347190.0000000000 -1132915.9838524407 6092523.7347885603 1504632.7087005298 0.5700650798 11.1654816136 0.8102411325 7.5252226134 -0.0000000000 1.0905812251 -1.0444406010 0.6468640107 -1.6474008014 -1.2482295627 1.5252250260 -1.4018453505 0.0000000000 -2.7301204357 -3.2483662618 0.0000000000 0.0000000000 
347220.0000000000 -1132915.7934048693 6092522.8415078819 1504631.9710355310 0.3198436279 11.1654816136 2.1394344895 7.5521532581 0.0000000000 -0.2582769642 -0.1659425493 1.0573704796 -1.6328144041 -1.2463250506 0.1880945338 -1.5794186285 0.0000000000 -2.2670878508 -3.5006240377 0.0000000000 0.0000000000 
347250.0000000000 -1132915.5987025292 6092525.3023975221 1504632.4609142961 0.2599491101 11.1654816136 1.0726872884 8.2843862919 -0.0000000000 0.3517876552 -0.3913269652 1.3305760746 -1.8099490001 -1.6983914685 0.3935763520 -1.9051564135 0.0000000000 -1.5115983117 -3.7620385413 0.0000000000 0.0000000000 
347280.0000000000 -1132916.6909553548 6092523.5285285376 1504632.3347922179 0.9403006982 11.1654816136 1.4411268525 7.7677681865 0.0000000000 -0.7090846670 -0.2470656518 1.5777090952 -2.0058041459 -0.9347808219 0.1634922309 -1.2186582817 0.0000000000 -1.5404521374 -3.9027356709 0.0000000000 0.0000000000 
347310.0000000000 -1132915.9674775933 6092525.2316705557 1504632.2169201963 0.7662197174 11.1654816136 1.9725447053 8.0331830859 0.0000000000 -0.2572022797 -0.2849288688 0.9443070486 -2.1006126938 -1.6212460419 0.7412487238 -0.9870953267 0.0000000000 -2.5678173237 -3.5700586151 0.0000000000 0.0000000000 
347340.0000000000 -1132916.3942120408 6092523.8305324204 1504631.4302071601 0.3602664641 11.1654816136 1.7790579056 8.4705091080 0.0000000000 0.3705536005 -1.1709981330 2.5498680733 -1.7593239149 -1.0949507047 -0.5125881285 -1.2361904987 0.0000000000 -2.8167574394 -4.0091691129 0.0000000000 0.0000000000 
347370.0000000000 -1132917.9139956436 6092524.5402847230 1504632.1129853169 1.0317864384 10.8275661707 1.2426020164 8.4074988510 0.0000000000 0.0000000000 0.0000000000 1.5170859576 -1.7427814209 -2.5083474751 0.3377377251 -0.8618394410 0.0000000000 -1.9645973331 -4.0256295688 0.0000000000 0.0000000000 
347400.0000000000 -1132916.0931043117 6092523.1806145385 1504631.8191184229 1.0732056663 11.1654816136 0.8974926500 9.1419593830 -0.0000000000 -0.0224766011 -0.6564170054 1.1208139658 -2.2054016734 -1.6910086977 1.6841927520 -0.7452153409 0.0000000000 -2.7414605513 -4.3849134173 0.0000000000 0.0000000000 
347430.0000000000 -1132916.3095848758 6092523.3194391634 1504630.8993652514 1.4433490378 11.1654816136 0.1993327342 9.1437818159 0.0000000000 0.5570538682 -0.7319159266 1.7746716805 -1.8006017047 -1.8926004811 0.7191730898 -1.8630165827 0.0000000000 -1.3519826345 -4.2796703498 0.0000000000 0.0000000000 
347460.0000000000 -1132914.7058916111 6092524.0922483187 1504631.8873516542 0.6220770721 11.1654816136 1.3048909733 9.3685942341 -0.0000000000 0.0814970629 -0.9520039559 1.2985670343 -2.8421770873 -1.4330828008 0.8960512815 -2.0042185356 0.0000000000 -1.6623299551 -3.6688207876 0.0000000000 0.0000000000 
347490.0000000000 -1132915.5295650773 6092523.5117111495 1504632.5349229521 0.1010911158 11.1654816136 0.3556740293 9.7996919991 -0.0000000000 1.2113407451 -1.9273310102 2.1333053879 -2.3611524663 -1.5754615231 1.2124231241 -1.0978804185 0.0000000000 -2.9669462015 -4.1919979800 0.0000000000 0.0000000000 
347520.0000000000 -1132914.9930512628 6092520.9409592561 1504631.2886274680 0.1902797331 11.1654816136 -0.5621132181 9.3298512987 0.0000000000 1.9389853499 -2.5707022485 2.4187205615 -2.4194827461 -1.3020324210 1.0870172070 -1.4616335799 0.0000000000 -2.1925044889 -3.6281199685 0.0000000000 0.0000000000 
347550.0000000000 -1132915.7883839509 6092523.4123487175 1504632.1558561560 1.2985446409 11.1654816136 1.5073836213 10.2737644538 -0.0000000000 0.2227051838 -1.3073721013 1.5894051142 -2.4611583284 -1.4581251670 1.2141770070 -1.6405954458 0.0000000000 -3.0774486186 -4.3814267492 0.0000000000 0.0000000000 
347580.0000000000 -1132914.9586663088 6092523.3489184612 1504631.2787404291 0.1938071084 11.1654816136 1.3990475754 10.6085751609 -0.0000000000 1.4989994202 -2.1581487081 1.6509340686 -2.6258446851 -1.7658184403 1.0793902949 -2.3507751167 0.0000000000 -3.1956773632 -3.6483107645 0.0000000000 0.0000000000 
347610.0000000000 -1132914.3946814896 6092521.4287096905 1504631.5435081460 0.4946898820 11.1654816136 0.6381274332 10.8308141490 -0.0000000000 1.3669055174 -2.1083936636 0.9894170866 -2.9323777930 -1.8004933661 2.3437182824 -2.1093715774 0.0000000000 -3.0184409614 -3.7876544011 0.0000000000 0.0000000000 
347640.0000000000 -1132916.2139549099 6092523.5950419940 1504631.6013596170 1.1256319601 11.1654816136 1.2202256695 11.0260267939 -0.0000000000 0.0964168096 -0.9165865156 1.2158690174 -3.2559289463 -2.4613071509 1.5531616863 -1.8930693243 0.0000000000 -2.0047874151 -4.1619117328 0.0000000000 0.0000000000 
347670.0000000000 -1132916.4612956694 6092524.3465480730 1504631.9917541367 1.3948019864 11.1654816136 2.4953520035 11.2344152581 -0.0000000000 -0.1713278211 -0.9620666307 1.6680833923 -2.9332032974 -2.2480066031 0.6876277597 -1.8677373712 0.0000000000 -3.0658740259 -4.3532347519 0.0000000000 0.0000000000 
347700.0000000000 -1132915.9367845044 6092524.1263789833 1504631.7253759396 0.9289060295 11.1654816136 0.7076874054 10.7381053857 0.0000000000 0.4711040590 -1.5996581261 2.0029064480 -3.1281016424 -1.9501882165 0.9968925524 -1.9528142308 0.0000000000 -1.7447318836 -3.9832005963 0.0000000000 0.0000000000 
347730.0000000000 -1132914.2972776894 6092521.9913603105 1504631.7259523722 0.6709036021 11.1654816136 0.5774090869 11.8819291588 -0.0000000000 0.9674612182 -2.6298512516 1.2929444017 -4.0570942117 -1.5511611020 2.5897481668 -2.0546465265 0.0000000000 -2.7313902315 -3.7929884384 0.0000000000 0.0000000000 
347760.0000000000 -1132916.0345977067 6092523.3162642019 1504631.9954953035 1.1162389482 11.1654816136 0.8393747312 12.0968080491 -0.0000000000 0.3264565038 -2.0002560765 1.5873965088 -3.7231347634 -2.0129494900 2.4930113752 -1.1010130857 0.0000000000 -3.3614085624 -4.5868422875 0.0000000000 0.0000000000 
347790.0000000000 -1132914.5336835412 6092521.6312565766 1504631.0330105899 0.0414687388 11.1654816136 1.9180335287 12.2727249441 0.0000000000 0.3124261217 -1.4073157616 0.7291522228 -2.7584346267 -2.1814165289 2.1427712342 -2.9949819682 0.0000000000 -3.2222698892 -4.4575150453 0.0000000000 0.0000000000 
347820.0000000000 -1132915.3024408205 6092520.8401158275 1504631.3733506294 0.7304674759 11.1654816136 2.3139263385 12.6261629496 0.0000000000 -0.0217966610 -1.1924127743 1.7335216584 -2.7975317501 -2.6170760722 1.0641862415 -2.4205750691 0.0000000000 -3.2956006397 -4.8642508815 0.0000000000 0.0000000000 
347850.0000000000 -1132916.5589097992 6092522.6678623343 1504631.8092008701 0.9238063722 11.1654816136 0.1123408169 12.1711559825 0.0000000000 0.5436339316 -1.1726973968 2.7605015065 -2.8779921162 -3.5877842784 0.9021989021 -1.3121661930 0.0000000000 -1.8377131664 -4.9671112778 0.0000000000 0.0000000000 
347880.0000000000 -1132914.9132875972 6092520.2427169420 1504630.9819453559 0.1966800640 11.1654816136 1.1312545647 12.6510490990 -0.0000000000 -0.1391593998 -1.1937715860 0.9720180099 -3.3385598206 -2.5981778931 2.5337186590 -2.3458991216 0.0000000000 -2.5172021647 -4.7381057063 0.0000000000 0.0000000000 
347910.0000000000 -1132916.1944057012 6092522.0873248465 1504631.5791814083 0.5031715844 11.1654816136 0.4813091057 13.8605106511 0.0000000000 0.4185852997 -1.3413662137 2.5588793193 -2.7937027425 -3.6817095258 1.6721995767 -1.6458693442 0.0000000000 -2.9589338263 -5.8285842869 0.0000000000 0.0000000000 
347940.0000000000 -1132916.3474650944 6092523.2509933123 1504630.8858560463 0.6754482874 11.1654816136 0.9144899768 13.2595001285 -0.0000000000 0.5524809653 -1.1926319868 2.8456394478 -3.4465287299 -4.3336565111 0.4651137364 -1.7844899150 0.0000000000 -1.8107127638 -4.7213615528 0.0000000000 0.0000000000 
347970.0000000000 -1132916.7822600603 6092523.5460082311 1504630.7738661428 2.2417869757 11.1654816136 -0.1633192100 13.8500059535 0.0000000000 0.5962381497 -1.3859554825 1.9391325276 -2.1547728263 -3.3902052100 2.4254582034 -2.6070146149 0.0000000000 -2.5809153637 -5.8996841215 0.0000000000 0.0000000000 
348000.0000000000 -1132916.1295313684 6092530.5228955243 1504632.5334169604 0.0084552871 11.1654816136 0.9910559727 0.4220957937 -0.0000000000 1.0380227621 -0.2487008287 0.2561765131 0.5214038818 -1.1902685865 -0.6625751569 0.5217172489 0.0000000000 -1.7590435130 0.1669605375 0.0000000000 0.0000000000 
348030.0000000000 -1132915.1943648688 6092530.9299981631 1504632.5472472196 0.0070593511 11.1654816136 -0.1082511935 0.4610052021 -0.0000000000 1.0053588154 0.0192603879 -1.0573591144 0.6275040100 -1.2339072474 1.6031204065 0.8777139275 0.0000000000 -2.0933056645 -0.2461477239 0.0000000000 0.0000000000 
348060.0000000000 -1132914.7022087045 6092529.0810801592 1504632.9088583672 0.0001088481 11.1654816136 0.1837357693 0.1515519314 -0.0000000000 1.6373184158 -0.5774238837 -0.5142195304 0.4952910319 -1.3230588891 0.7552505017 1.1055570296 0.0000000000 -2.3614085767 0.3960595399 0.0000000000 0.0000000000 
348090.0000000000 -1132916.0457469639 6092531.0505765667 1504633.6586354978 0.1617215413 11.1654816136 -0.4351991752 0.3002280979 -0.0000000000 0.7968334373 -1.3025438597 0.1016124670 0.2677671883 0.7479200173 1.0550577080 0.9117448001 0.0000000000 -2.0886705519 -0.2704596399 0.0000000000 0.0000000000 
348120.0000000000 -1132914.9333931999 6092529.8315759487 1504633.6289174389 0.0008673327 11.1654816136 0.1042010915 0.6500912681 0.0000000000 0.9122056792 -0.8306558396 1.3095292271 0.1055683525 -0.5873788406 -0.9177854378 1.0138149542 0.0000000000 -1.3104940324 -0.1689055629 0.0000000000 0.0000000000 
348150.0000000000 -1132916.0624294882 6092529.7426768299 1504632.7365339156 0.0192557618 11.1654816136 -0.0086493314 0.8113292108 -0.0000000000 0.0732588862 -0.2828134196 0.1182286267 0.0496465300 -0.1340382079 0.8543380183 1.2042168311 0.0000000000 -1.8082676219 -0.7991074463 0.0000000000 0.0000000000 
348180.0000000000 -1132913.6291040513 6092529.1325008469 1504631.9582946156 0.1551313292 11.1654816136 1.5138523037 0.2499736410 -0.0000000000 0.1551980644 -0.2552919306 -1.8333565011 0.0544295193 0.4080341014 1.2266960584 -0.8151189316 0.0000000000 -1.6109545693 0.5629740777 0.0000000000 0.0000000000 
348210.0000000000 -1132915.4867163613 6092529.6724458924 1504633.2822524209 0.0093650936 11.1654816136 0.7577438616 0.5080159290 0.0000000000 -0.6008644822 0.3383976222 -0.8723751808 -0.5232662793 0.0091704744 0.9233470762 0.1417634259 0.0000000000 -0.6857972387 -0.1504356330 0.0000000000 0.0000000000 
348240.0000000000 -1132916.7174713751 6092529.2672011219 1504633.5669608437 0.3627765952 11.1654816136 1.1402997795 0.4091209813 -0.0000000000 -0.8575893245 0.2574425373 1.2312410850 0.2938396087 0.1515003235 -0.8255954564 1.9354263088 0.0000000000 -2.1837792877 -1.2881097526 0.0000000000 0.0000000000 
348270.0000000000 -1132916.1567194234 6092528.7054516822 1504632.8380076396 0.0027889986 11.1654816136 -0.4709323613 -0.1064249776 -0.0000000000 -0.0252928615 -0.3138944319 0.6700703660 0.7387041020 0.6175257253 0.1421496466 0.9363236311 0.0000000000 -1.1547010323 -0.8748644238 0.0000000000 0.0000000000 
348300.0000000000 -1132917.9269738859 6092530.8892642632 1504633.9169347598 0.8578130025 11.0041300577 0.0632085973 0.7398092775 -0.0000000000 -0.1824099317 0.0000000000 1.5801823125 0.8339016151 -0.1630447315 -0.7817488304 1.4814563618 0.0000000000 -1.6881079881 -1.5411736289 0.0000000000 0.0000000000 
348330.0000000000 -1132914.8359898101 6092528.3614718346 1504633.3440006182 0.0159304351 11.1654816136 -0.9062059479 0.5607526601 0.0000000000 0.9086222271 -1.3749133330 0.8152407000 0.8460492070 0.7423490869 0.4070944260 0.5514557325 0.0000000000 -1.6377931881 -0.6977297597 0.0000000000 0.0000000000 
348360.0000000000 -1132916.0518560018 6092531.0724564642 1504633.3426428607 0.0377826453 11.1654816136 -0.1607008642 0.7667441518 0.0000000000 0.2469513850 -0.2392766757 0.5540723225 0.8623839049 -0.0462832685 0.0367655705 0.3433479586 0.0000000000 -1.2324214184 -0.9926754713 0.0000000000 0.0000000000 
348390.0000000000 -1132915.2074006244 6092528.3983312612 1504632.9495037850 0.0080870313 11.1654816136 0.8493387387 -0.0527703923 0.0000000000 -0.5008648767 -0.2180661827 0.5655404485 -0.0753923371 0.6876325361 -0.5197383178 0.8482481282 0.0000000000 -1.1557641007 -0.3092135175 0.0000000000 0.0000000000 
348420.0000000000 -1132916.5704207136 6092530.1290486688 1504632.3040796740 0.0273231388 11.1654816136 0.2455028737 0.2877684638 -0.0000000000 0.5900563612 -0.5355542345 1.0739355362 0.9134127258 -0.1443041597 -0.7743307885 1.0631184068 0.0000000000 -1.8431093414 -0.6354985272 0.0000000000 0.0000000000 
348450.0000000000 -1132917.0415629076 6092530.7436893005 1504634.1911829202 0.8220042966 11.1654816136 0.2589570220 0.3228511186 -0.0000000000 -0.1582526551 -0.1649861911 0.5677006479 0.4166828562 0.2274948893 0.0927529386 1.3023441756 0.0000000000 -1.8212968932 -0.8980163831 0.0000000000 0.0000000000 
348480.0000000000 -1132915.3942118401 6092530.7444358096 1504632.9139445887 0.0753634559 11.1654816136 1.5711472535 0.1308725744 -0.0000000000 0.4441189682 0.3301174740 -0.7299460318 0.7453019325 -0.9019701791 -0.0779901613 0.4373264571 0.0000000000 -2.0841198221 0.0031381471 0.0000000000 0.0000000000 
348510.0000000000 -1132914.8840479443 6092528.3824931663 1504633.0036212681 0.0109660871 11.1654816136 0.3647714429 0.3055223503 0.0000000000 0.1823804400 -0.7389429787 0.0622513752 0.1951028491 0.6565728895 0.2151075710 0.2752292046 0.0000000000 -1.3291199800 -0.1511581232 0.0000000000 0.0000000000 
348540.0000000000 -1132914.7742057131 6092528.6230588872 1504631.8695350371 0.1322048367 11.1654816136 0.2794748611 0.5309307970 0.0000000000 0.1931157256 -0.6303146801 1.0127602767 0.7018870616 0.3999702845 -0.6421862081 0.6374573220 0.0000000000 -1.5181476151 -0.7376775080 0.0000000000 0.0000000000 
348570.0000000000 -1132915.3970195742 6092528.2164086653 1504632.6760488774 0.0107485753 11.1654816136 -0.3544761671 0.6476362275 0.0000000000 0.1600229013 -0.1322201904 0.2600235595 0.1558223309 -0.2842453086 0.4634680819 0.6322676859 0.0000000000 -0.8497560650 -0.6165054851 0.0000000000 0.0000000000 
348600.0000000000 -1132914.3530955494 6092529.9810257275 1504632.6109769333 0.1213209429 11.1654816136 0.6937059748 0.1634521664 -0.0000000000 0.2928286023 0.3101658861 -0.7987734992 0.4640723940 -0.6931403245 0.7857636618 0.8169114971 0.0000000000 -1.8813503740 -0.2840696770 0.0000000000 0.0000000000 
348630.0000000000 -1132917.0534771534 6092529.1882676268 1504633.9346153233 0.4198247148 11.1654816136 0.1221609887 0.4969801200 0.0000000000 -0.7518500433 0.0580228715 1.0204360793 -0.4093669868 0.2759838245 -0.0402690122 1.7240596152 0.0000000000 -1.2492533004 -1.0148125493 0.0000000000 0.0000000000 
348660.0000000000 -1132915.5539959429 6092529.1609834312 1504633.3352441587 0.0139618728 11.1654816136 -0.0603308844 -0.1028993860 0.0000000000 -0.2853972327 0.5410588239 0.1757625190 0.9305594876 -0.0010834043 0.2652869844 0.8515261357 0.0000000000 -1.1706233457 -1.0968836362 0.0000000000 0.0000000000 
348690.0000000000 -1132916.6281759150 6092531.4062123280 1504634.6132478970 0.1753356495 11.1654816136 0.4774936923 0.7632297515 0.0000000000 0.3673505371 -0.2741231435 0.4778884590 0.5451010933 -0.4364675111 -0.1815109594 0.9430089553 0.0000000000 -1.8917377307 -0.6570748539 0.0000000000 0.0000000000 
348720.0000000000 -1132917.5526165974 6092530.2014516657 1504634.8566109927 0.8413567136 11.1654816136 0.7256725302 0.9145431059 -0.0000000000 0.9255092762 -1.5262987347 0.8376174222 0.3487063236 0.1801278089 -0.3864500367 1.3969762438 0.0000000000 -2.9752049978 -0.2072222855 0.0000000000 0.0000000000 
348750.0000000000 -1132915.7494712870 6092529.5622106036 1504633.3934971173 0.0077063569 11.1654816136 -0.0104295539 0.3824134584 -0.0000000000 0.5821266181 -0.7431944057 0.8267516951 1.1396299976 0.2786804492 -0.4946437469 0.5391638632 0.0000000000 -1.6249874664 -0.6791697635 0.0000000000 0.0000000000 
348780.0000000000 -1132915.3240519466 6092529.5766197713 1504633.1647609086 0.0006083623 11.1654816136 1.6114137360 0.6177585881 -0.0000000000 0.1328509849 -0.4062615013 0.4059751876 -0.0812588865 -0.2373328036 -1.0711167286 0.5508771211 0.0000000000 -1.5464384638 0.1260997757 0.0000000000 0.0000000000 
348810.0000000000 -1132915.8708711700 6092531.5509028705 1504633.6591112784 0.0076839481 11.1654816136 0.1264809188 0.1836220934 -0.0000000000 0.8849559124 -1.0392482990 0.9763095311 0.6128162641 0.0351831652 -0.8436125414 0.9389906963 0.0000000000 -1.5877786209 -0.0552684453 0.0000000000 0.0000000000 
348840.0000000000 -1132915.9495580250 6092531.5666160854 1504633.2293213704 0.0484034048 11.1654816136 -0.2780785415 0.1156760509 -0.0000000000 0.6607310407 -0.6945895463 0.8415616534 0.7818730822 0.0726040147 -0.4439364478 0.8371382006 0.0000000000 -1.2981544878 -0.3958057743 0.0000000000 0.0000000000 
348870.0000000000 -1132913.6447051498 6092529.0037641861 1504632.7166568511 0.0875406574 11.1654816136 1.4834702812 0.1943134028 -0.0000000000 0.6050964257 -0.5351821366 -0.6663030753 0.9043639636 0.0487449840 0.1302679713 0.6259975996 0.0000000000 -2.8187122109 -0.0638664504 0.0000000000 0.0000000000 
348900.0000000000 -1132915.1569252415 6092529.0424992004 1504632.6368971430 0.0423631729 11.1654816136 0.1550983383 0.2381294082 0.0000000000 1.2871912122 -0.8926378079 0.7274136303 0.7022137382 -0.6799324158 -0.8388659918 0.9649531685 0.0000000000 -1.6300502732 0.1571857856 0.0000000000 0.0000000000 
348930.0000000000 -1132915.9289493447 6092531.8639328172 1504633.2230074313 0.0061827835 11.1654816136 -1.0198634261 0.5778304087 -0.0000000000 0.5304749310 -0.5963798125 1.0861312578 0.4531643869 -0.1672322060 0.0838046939 1.1260438517 0.0000000000 -1.0476341427 -0.7707477618 0.0000000000 0.0000000000 
348960.0000000000 -1132915.6088102111 6092529.7185805058 1504632.7751986003 0.0223621946 11.1654816136 -0.6601744906 0.4170753834 -0.0000000000 0.5541376440 -0.7054195110 1.3604751246 0.9944133660 0.1226618703 -0.6852468883 0.7636863593 0.0000000000 -1.0566365836 -0.8033356903 0.0000000000 0.0000000000 
348990.0000000000 -1132915.9230902630 6092528.8179897554 1504633.0705200585 0.0153305448 11.1654816136 -0.0630101534 0.1028738846 0.0000000000 0.1924888534 0.1872857156 1.6364074142 -0.1281525208 -0.9436175975 -1.6824198298 1.1253836358 0.0000000000 0.0848125882 -0.1765816723 0.0000000000 0.0000000000 
349020.0000000000 -1132916.0622821867 6092530.7156745903 1504633.4553170938 0.0698244482 11.1654816136 -0.6788724899 0.2295124195 0.0000000000 0.4849226648 -0.6516645745 1.8287800356 0.3258043548 -0.1363982847 -1.2292345197 1.1869243556 0.0000000000 -0.5399498046 -0.4287510905 0.0000000000 0.0000000000 
349050.0000000000 -1132916.3924087740 6092528.7551954100 1504633.7450350528 0.0170094826 11.1654816136 0.5207244035 0.0115392812 0.0000000000 -0.0786196603 -0.9022294680 1.4009099727 -0.0432813971 0.8497811055 -1.4168542877 0.9559070606 0.0000000000 -0.9337562601 -0.0662004569 0.0000000000 0.0000000000 
349080.0000000000 -1132916.6682344996 6092528.9768524477 1504633.9212059143 0.2373655665 11.1654816136 -1.0639332625 0.1713379944 -0.0000000000 -0.4896601535 -0.2192569799 1.4116935095 0.1958383998 0.8202905876 0.1756193642 1.4661647109 0.0000000000 -0.8751668668 -1.2986439477 0.0000000000 0.0000000000 
349110.0000000000 -1132914.7950938696 6092528.5277258987 1504633.5943065027 0.0173827632 11.1654816136 -0.4129084536 -0.0238678972 -0.0000000000 0.2269255613 -0.6009111587 -0.0693776351 0.3417638273 0.6386517914 0.7909514940 0.6204890204 0.0000000000 -1.1827726156 -0.3200673853 0.0000000000 0.0000000000 
349140.0000000000 -1132914.0086920692 6092527.4585303403 1504633.1832570445 0.0107758540 11.1654816136 0.6174950652 0.3082432484 0.0000000000 -0.2672906265 -0.0688790533 0.4507064044 0.0610921694 0.1778854852 -0.3676476628 0.7902502402 0.0000000000 -1.1361031051 -0.4590891694 0.0000000000 0.0000000000 
349170.0000000000 -1132914.7457398949 6092529.3508885885 1504632.5910820335 0.0178561735 11.1654816136 -0.1799615270 0.2406777498 -0.0000000000 0.5898088412 -0.7200396644 0.4074032014 0.9135635056 0.2401995909 0.0507504181 0.8336344684 0.0000000000 -1.7288792782 -0.5277274147 0.0000000000 0.0000000000 
349200.0000000000 -1132914.6422309189 6092528.9594836840 1504632.9659726650 0.0359306130 11.1654816136 1.7525698413 0.2017803884 0.0000000000 -0.6663722711 -0.0429954435 0.0949559916 -0.0794061850 0.6135086002 -0.8597779289 0.3263710455 0.0000000000 -1.1640369149 -0.1500046587 0.0000000000 0.0000000000 
349230.0000000000 -1132915.7174173486 6092530.6931037484 1504632.7498774517 0.0000010058 11.1654816136 2.1742494786 0.2402667981 0.0000000000 -0.6280571759 -0.2320160510 -0.4938237274 -0.2380074128 0.7704928132 -0.3770374953 0.3998463758 0.0000000000 -1.7531714768 0.0585661793 0.0000000000 0.0000000000 
349260.0000000000 -1132914.9220121226 6092530.5252829874 1504632.1348502901 0.0842440830 11.1654816136 1.0654109302 0.3642393257 0.0000000000 1.0426933028 -0.4855017860 -0.1386147733 0.5661504161 -0.9583224312 -0.7224093967 0.6603769584 0.0000000000 -1.7302283868 0.3660716411 0.0000000000 0.0000000000 
349290.0000000000 -1132916.0948610541 6092530.8582346523 1504633.8341892629 0.0287802775 11.1654816136 -0.2589642795 0.5179937522 -0.0000000000 -0.1973651246 -0.3489386760 1.2578291737 0.4393609069 0.4469372413 -0.1692979552 1.6262415970 0.0000000000 -1.8206722108 -1.2147969824 0.0000000000 0.0000000000 
349320.0000000000 -1132915.6014144309 6092529.3761209967 1504633.9290784302 0.0373312854 11.1654816136 1.3811296558 0.3414315426 -0.0000000000 -0.0682355779 -0.5128188353 -0.8821215974 0.2394440918 0.6582370527 0.8539759697 1.0226094622 0.0000000000 -2.8432496644 -0.3184454731 0.0000000000 0.0000000000 
349350.0000000000 -1132915.4977821482 6092530.5550887538 1504633.1927178684 0.0100772373 11.1654816136 -0.1702550703 0.1629140728 0.0000000000 0.1704661924 -0.0210184593 0.8388757881 0.3614061156 -0.2504016533 -0.3070437954 1.3577366216 0.0000000000 -1.2729043608 -0.6769305433 0.0000000000 0.0000000000 
349380.0000000000 -1132917.2501538864 6092532.3879613215 1504633.9190173878 0.5956450036 11.1654816136 -0.3127879735 0.6762205491 0.0000000000 -0.4026417635 -0.3405214982 1.1721868830 0.4643974205 0.6724554418 -0.0408688696 1.1803556796 0.0000000000 -1.5152951303 -1.3066678925 0.0000000000 0.0000000000 
349410.0000000000 -1132916.6611530257 6092530.5143905394 1504633.8549715502 0.3016084456 11.1654816136 -0.4327393944 0.5425078128 0.0000000000 -0.4358052233 -0.4610975941 0.8721710971 0.1168174587 0.8551284672 0.2700014112 0.8651913678 0.0000000000 -1.0630512708 -0.9514104765 0.0000000000 0.0000000000 
349440.0000000000 -1132916.5692998378 6092530.0885090400 1504634.4644057476 0.2780416295 11.1654816136 0.3473852615 0.4474811600 0.0000000000 -0.9562279545 -0.1525750638 0.7889151472 -0.5505626482 0.9163193147 -0.1956509619 0.6742579731 0.0000000000 -0.5629782070 -0.6098436572 0.0000000000 0.0000000000 
349470.0000000000 -1132916.3352424512 6092529.1110408446 1504633.5593896094 0.0942217694 11.1654816136 -0.8602748453 0.4964282284 -0.0000000000 -0.4067324321 0.3331056925 0.0087257984 0.1843522240 0.2372172095 1.7593597529 1.1899063862 0.0000000000 -1.5332124209 -1.4059243825 0.0000000000 0.0000000000 
349500.0000000000 -1132915.0903191639 6092528.7420147080 1504632.7489254368 0.0335457001 11.1654816136 -0.2961421469 0.2313412228 0.0000000000 -0.5627271520 -0.4076281990 0.6464301769 -0.4845025163 0.9498234391 0.5604122368 1.2676653802 0.0000000000 -1.1409141996 -0.6347227935 0.0000000000 0.0000000000 
349530.0000000000 -1132916.6917832252 6092530.4298584620 1504633.6639774248 0.1679962659 11.1654816136 -0.0834242690 0.6235595517 -0.0000000000 -1.0267281806 0.4471343053 1.3352336712 -0.2848379896 0.3584764143 -0.1558686750 1.4164710889 0.0000000000 -0.9866165253 -1.3929579680 0.0000000000 0.0000000000 
349560.0000000000 -1132917.2662918391 6092531.4342809236 1504634.0051046934 0.5704098413 11.0041300577 -2.4069603307 0.8310191032 0.0000000000 0.0550199129 -0.3582488288 1.7554869262 -0.0069729601 0.0000000000 0.8470580479 1.3881208160 0.0000000000 -0.4472043243 -1.3216712019 0.0000000000 0.0000000000 
349590.0000000000 -1132916.4761524464 6092530.6563189821 1504632.6586492627 0.0710381333 11.1654816136 -0.2133248585 0.6015663054 0.0000000000 0.3462247705 -0.4626093178 1.3995550306 0.5039717528 -0.2790475111 -0.9685684599 1.2577310024 0.0000000000 -1.2246113153 -0.6498924789 0.0000000000 0.0000000000 
349620.0000000000 -1132915.9847675215 6092530.7514974196 1504632.9998873628 0.0467453884 11.1654816136 -0.4979399311 0.3989676127 0.0000000000 -0.2910244828 -0.6553505671 0.3928954858 -0.1012176944 0.9557436232 0.8157987719 0.8306308877 0.0000000000 -1.1562532341 -0.6146158618 0.0000000000 0.0000000000 
349650.0000000000 -1132915.2248688552 6092528.7821102748 1504632.0032098261 0.0964653216 11.1654816136 -0.9173218908 -0.7321995577 0.0000000000 1.1764363406 0.0479850165 -1.5378609023 0.9888338378 -0.3651264278 2.4233527234 1.1354582036 0.0000000000 -2.1432955150 -0.3325761142 0.0000000000 0.0000000000 
349680.0000000000 -1132914.7926033898 6092529.1274460955 1504631.8235408575 0.0224368806 11.1654816136 0.8131726658 -0.0341961330 0.0000000000 1.7813355480 -1.1002513760 -1.0738937025 1.0860298866 -0.7522799255 -0.0074422139 0.7485147073 0.0000000000 -2.3183711361 0.7616026781 0.0000000000 0.0000000000 
349710.0000000000 -1132918.2975841530 6092531.8008530969 1504633.9839167937 0.3978076001 11.1654816136 -1.4887959601 0.2618613981 0.0000000000 0.3050185228 -0.1207208690 1.4708689360 0.4168119412 -0.1771933858 0.2749894172 1.9263445288 0.0000000000 -1.3872648558 -1.1844951249 0.0000000000 0.0000000000 
349740.0000000000 -1132916.9366194296 6092531.0109523823 1504633.1962135669 0.0789046600 11.1654816136 -1.9605985127 0.2797401088 0.0000000000 0.0074291869 -0.8006078413 2.8279119255 0.7019716462 0.8016596425 -1.0312350760 1.4420285665 0.0000000000 -0.4528308977 -1.2884095951 0.0000000000 0.0000000000 
349770.0000000000 -1132916.1399048958 6092531.2182558049 1504633.1678092997 0.0340643732 10.8275661707 -0.6611199626 0.0099568010 0.0000000000 0.0000000000 0.1353753264 0.6269172816 0.1818483042 0.0000000000 0.2725599236 1.0073358217 0.0000000000 -0.7584890621 -0.6950826917 0.0000000000 0.0000000000 
349800.0000000000 -1132916.2867705040 6092530.7541634152 1504633.0642577114 0.0134441160 11.0041300577 0.0000000000 -0.0889919994 -0.0000000000 -0.1830345255 0.2426095025 -0.1928949375 0.4135169610 0.3484824891 0.7686509572 0.8201706142 0.0000000000 -1.3714250085 -0.7917593269 0.0000000000 0.0000000000 
349830.0000000000 -1132915.9722860733 6092529.1463252734 1504633.5159687691 0.0792347021 11.1654816136 -0.0008715999 0.5414601486 -0.0000000000 -0.5260178591 -0.6160019208 0.6064695369 -0.7790000465 0.8076491649 0.4543754593 1.2752504046 0.0000000000 -1.2717347457 -0.3740326335 0.0000000000 0.0000000000 
349860.0000000000 -1132916.4542900166 6092530.6631198954 1504633.1689990966 0.0000451691 11.1654816136 -1.3015057312 0.8030760850 0.0000000000 0.4687889373 -0.2004820875 0.6183908443 0.0583925882 -0.6385117200 1.0267432359 1.2622777190 0.0000000000 -1.1999776587 -0.7625774154 0.0000000000 0.0000000000 
349890.0000000000 -1132915.9803921496 6092529.8743539928 1504633.3723326733 0.1162868686 11.1654816136 0.6046543321 0.4919863722 0.0000000000 -0.1514609823 0.4857061785 -0.2913490415 -0.3640381088 -0.6006097977 0.6091101171 1.1380967198 0.0000000000 -1.4783669752 -0.4687089600 0.0000000000 0.0000000000 
349920.0000000000 -1132915.5403204618 6092529.7150969300 1504632.7949723199 0.1922033690 11.1654816136 0.4705646876 0.2070135070 0.0000000000 0.5162445806 -0.6675675793 -0.4909732334 0.5203916309 0.1442782177 0.3501925396 0.7661058807 0.0000000000 -1.7924981183 -0.0580219210 0.0000000000 0.0000000000 
349950.0000000000 -1132916.7908404891 6092532.8154849401 1504633.7488526353 0.0063199014 11.1654816136 1.0845388222 -0.1289388251 0.0000000000 0.8064465287 -0.1756862522 0.4878467042 1.1656280855 -0.5401857632 -1.4216694151 1.9984981396 0.0000000000 -2.6217372850 -0.4525744503 0.0000000000 0.0000000000 
349980.0000000000 -1132916.6009146953 6092532.0614977870 1504633.5661245484 0.2324528591 10.8275661707 0.0000000000 -0.5361346907 0.0000000000 0.0000000000 -0.4195860114 1.3052322852 1.0268594270 1.0039355948 -1.1850979204 1.5725930641 0.0000000000 -1.6357957142 -0.8664490349 0.0000000000 0.0000000000 
350010.0000000000 -1132917.1595404733 6092531.7272497667 1504633.6415878017 0.1721163737 11.0041300577 0.3881952794 0.7226215329 -0.0000000000 0.4873846025 -0.7914841243 -0.0005999847 1.4236780467 0.1352665166 -0.4386497827 0.0000000000 0.0000000000 -1.3794099259 -0.4945525779 0.0000000000 0.0000000000 
350040.0000000000 -1132913.3805283543 6092529.0019822447 1504632.4133588495 0.0366782493 11.1654816136 0.8558083143 -0.6451030145 0.0000000000 1.3986884940 -0.5491668846 -2.0493395770 0.7206110243 -0.4397593578 0.8839446638 0.4010816506 0.0000000000 -1.7155567494 0.8716657309 0.0000000000 0.0000000000 
350070.0000000000 -1132915.4199587572 6092528.6319199894 1504632.9713735473 0.0101835059 11.1654816136 0.6708831682 0.4973494514 0.0000000000 -0.3988367150 -0.3622292772 0.1389723535 -0.1661044883 0.5643489298 0.1746204899 1.1018987336 0.0000000000 -1.6914453340 -0.4830681461 0.0000000000 0.0000000000 
350100.0000000000 -1132915.1680492957 6092529.5461961161 1504632.7362307666 0.0272281755 11.0041300577 -0.4649424106 0.4153408189 0.0000000000 0.0000000000 -0.4167701002 0.8492864887 0.2096642172 0.3097066505 0.0708749912 1.2189678140 0.0000000000 -1.3258341763 -0.7031827586 0.0000000000 0.0000000000 
350130.0000000000 -1132914.9386102189 6092530.2520872410 1504632.2149959882 0.0199886228 11.1654816136 -0.2347669687 -0.0831953654 0.0000000000 1.1713780671 -0.6445840138 -0.1012304574 0.9254805593 -0.4901640018 -0.2425426514 0.6510116837 0.0000000000 -1.0625172563 0.1729010422 0.0000000000 0.0000000000 
350160.0000000000 -1132911.8218919174 6092525.9543243283 1504630.2301547211 0.4612126433 10.8275661707 0.4719193458 0.0000000000 0.0000000000 0.6861323774 -0.2191906232 -1.3082998031 0.4138741967 -0.3937432126 0.7977146640 0.0000000000 0.0000000000 -0.9414240766 0.3172410978 0.0000000000 0.0000000000 
350190.0000000000 -1132914.6711390389 6092526.9857561402 1504632.1117943274 0.0317129463 11.1654816136 -1.9895265825 -0.1343471993 0.0000000000 0.2591858758 0.5459604417 1.5515497714 0.1992818946 -0.6108411019 -0.0766236290 0.5308029815 0.0000000000 0.6752778954 -0.7233279532 0.0000000000 0.0000000000 
350220.0000000000 -1132915.4789529077 6092528.5706108958 1504633.0343390889 0.0201554504 11.1654816136 -1.5480961749 -0.0177151879 -0.0000000000 0.1739669845 0.0551152082 0.4208001010 0.8651492288 0.3974807345 1.3388261282 0.8266865806 0.0000000000 -1.2196601207 -1.2609898694 0.0000000000 0.0000000000 
350250.0000000000 -1132915.1382160478 6092528.9795290111 1504633.4147442279 0.0795231068 11.1654816136 -0.6384282597 0.3872612687 0.0000000000 0.0700741989 -0.3568489699 1.1269327242 0.8308451024 0.2458394659 -0.5976483121 0.5025563481 0.0000000000 -0.5929206172 -0.7832310169 0.0000000000 0.0000000000 
350280.0000000000 -1132915.9470283312 6092530.1823289702 1504632.9522198846 0.0006325269 11.0041300577 -1.1649101858 0.0550346611 0.0000000000 1.0891736679 -0.2424579407 0.7738175122 0.7044070047 -0.8076134273 -0.0477788303 1.3929717305 0.0000000000 -1.1591052259 -0.4004985908 0.0000000000 0.0000000000 
350310.0000000000 -1132916.5253263172 6092530.7190906564 1504633.6716571474 0.1111866412 11.1654816136 -1.2950858413 -0.0820443902 -0.0000000000 0.2866551798 0.2856506489 1.8843399350 0.6015131685 -0.3348002783 -0.8280832182 1.4916862389 0.0000000000 -0.6592989468 -1.0260616168 0.0000000000 0.0000000000 
350340.0000000000 -1132916.4815114809 6092529.0646998929 1504633.6696573410 0.1290168969 11.1654816136 -2.5839076181 -0.2266774133 0.0000000000 0.0518046864 0.4627729287 2.1462764626 -0.3567983704 -0.1762159531 0.4484939545 1.5193013945 0.0000000000 0.0001098924 -1.0014069294 0.0000000000 0.0000000000 
350370.0000000000 -1132916.2011061339 6092531.5996962581 1504633.6478887000 0.0018495999 11.1654816136 -1.1681937051 -0.0342536666 0.0000000000 0.5404990773 0.4608913861 2.8274624375 0.9794288076 -0.9535037979 -2.4129943960 1.7942362770 0.0000000000 -0.4214887967 -1.0870650897 0.0000000000 0.0000000000 
350400.0000000000 -1132914.6135779712 6092530.1782609774 1504633.3398734564 0.0710745381 11.1654816136 0.0594746333 0.2308886463 -0.0000000000 0.4682981735 1.1175440075 -0.0721761939 0.3134901447 -1.4436794729 0.4096490197 1.4013042201 0.0000000000 -1.5727150265 -0.8616770111 0.0000000000 0.0000000000 
350430.0000000000 -1132915.0417645175 6092529.6344143916 1504633.4564051370 0.0005274799 11.1654816136 0.3552001513 0.0356015809 0.0000000000 0.1341948747 0.6264215539 0.4122169390 -0.4274804490 -0.9230550317 -0.5601583180 1.0730996509 0.0000000000 -0.5141057763 -0.0902290175 0.0000000000 0.0000000000 
350460.0000000000 -1132916.2271097326 6092530.4835572606 1504633.4856399961 0.0044683826 11.1654816136 -0.2130496709 0.1597091533 -0.0000000000 1.5280010341 -0.0307883395 -0.1834972213 0.8043233628 -1.5404161443 0.0185632161 1.7003309460 0.0000000000 -1.9631097564 -0.1594080984 0.0000000000 0.0000000000 
350490.0000000000 -1132916.9052603722 6092532.3453776967 1504634.4637607187 0.0304532760 11.1654816136 0.2374123172 0.1915929248 -0.0000000000 0.6426112625 0.4134935041 -0.5260295205 0.6503361563 -0.8694078159 0.5229962814 1.1215259850 0.0000000000 -1.7950930587 -0.5939392953 0.0000000000 0.0000000000 
350520.0000000000 -1132914.8062811503 6092529.6621698113 1504632.8504906441 0.0600051994 11.1654816136 -0.5871748710 -0.1342903653 0.0000000000 0.2885761071 0.3630111862 -0.5988599616 -0.0200982792 -0.1858818362 1.6877118760 0.7894881964 0.0000000000 -1.2226360326 -0.4876790778 0.0000000000 0.0000000000 
350550.0000000000 -1132914.1659014395 6092527.9654613221 1504633.0597375366 0.0970167592 11.1654816136 2.0901898279 0.3413927540 -0.0000000000 -0.8981425622 1.1153376702 -0.9959770991 0.5639105019 0.1486896938 0.2084994761 0.5837551942 0.0000000000 -2.0137162004 -1.2744890297 0.0000000000 0.0000000000 
350580.0000000000 -1132914.7578069228 6092530.2349716146 1504633.7929851678 0.0364208378 11.1654816136 2.5885234761 0.9763670577 -0.0000000000 -0.4604191472 1.2718479250 -0.6526573261 0.3178063387 -1.2455658896 -0.8792813611 0.9675418514 0.0000000000 -1.9374382451 -0.9237845437 0.0000000000 0.0000000000 
350610.0000000000 -1132914.9045106182 6092528.2055788664 1504633.4374083350 0.0037313910 11.1654816136 1.0998804204 -0.4786587834 -0.0000000000 -0.4961398215 1.0999806702 0.6080702231 0.4023491964 0.0932660317 -1.1441607297 1.5855439762 0.0000000000 -1.5186293675 -1.1083539123 0.0000000000 0.0000000000 
350640.0000000000 -1132914.7021192291 6092528.0698568169 1504632.3584583220 0.0089675748 11.1654816136 0.4323396202 -0.0726281035 -0.0000000000 0.1517202637 0.4256027321 0.0438178665 0.8812039554 -0.1457992931 -0.3402816421 0.9420614771 0.0000000000 -1.4166437910 -0.8381438974 0.0000000000 0.0000000000 
350670.0000000000 -1132917.2801218552 6092530.0176345557 1504634.1637293941 0.1093357420 11.1654816136 -1.0562278597 0.5335300911 0.0000000000 0.3378559458 -0.2507564526 0.7823174089 1.2182538647 0.2270676448 0.6730773890 1.6748514412 0.0000000000 -2.4726665618 -1.5487773953 0.0000000000 0.0000000000 
350700.0000000000 -1132916.1327336794 6092529.6950576222 1504634.0886254814 0.0045166446 11.0041300577 1.0756394657 0.3923416437 -0.0000000000 -0.8291755575 1.0290521387 0.0000000000 0.8655685591 0.1877741678 -0.1700556399 0.5247341419 0.0000000000 -1.5046082242 -1.5829333084 0.0000000000 0.0000000000 
350730.0000000000 -1132916.5442955750 6092532.3399913823 1504632.6409350613 0.0652340130 11.0041300577 0.3272923427 0.6920850041 0.0000000000 0.4006875137 0.0993302360 0.0000000000 0.5161661770 -0.7286437649 0.0392963474 1.3317755825 0.0000000000 -1.8959866008 -0.6913282260 0.0000000000 0.0000000000 
350760.0000000000 -1132916.0906826556 6092529.2673330521 1504631.7757924662 0.0224298005 11.0041300577 -0.8437462294 0.1983964205 -0.0000000000 0.7129461235 0.1418809541 0.0000000000 0.7267041609 -0.4596345306 1.0745989782 1.3943424249 0.0000000000 -1.9828698523 -0.9271527836 0.0000000000 0.0000000000 
350790.0000000000 -1132915.6019795055 6092528.8321236055 1504633.0353905652 0.0622140918 11.0041300577 0.1748027549 0.1582410716 0.0000000000 0.1639174510 0.6937121114 0.0000000000 1.0296932321 -0.4705158990 -0.1018525745 0.5145989505 0.0000000000 -1.0955119204 -1.0274768158 0.0000000000 0.0000000000 
350820.0000000000 -1132915.7502089711 6092527.6110396711 1504633.5198038553 0.0599621540 11.0041300577 0.2421326141 0.4505044747 0.0000000000 -1.2307242090 0.2686495895 0.0000000000 -0.3197873802 1.2471649114 1.5186542054 0.9713948052 0.0000000000 -1.9391324677 -1.3389334720 0.0000000000 0.0000000000 
350850.0000000000 -1132915.9015462068 6092530.2505843807 1504632.8870359508 0.0102596497 11.0041300577 0.9176270841 0.3393509377 -0.0000000000 0.2912716255 -0.0490377611 0.0000000000 0.9423638267 -0.3037289276 -0.9787717465 1.0526979014 0.0000000000 -1.5319276274 -0.5518003556 0.0000000000 0.0000000000 
350880.0000000000 -1132914.3615840536 6092525.0740361232 1504631.5153952558 0.0064694294 11.0041300577 -1.2870180710 -0.1120210774 -0.0000000000 0.6224750471 -0.4458443835 0.0000000000 1.0035809335 0.4756163025 1.2813235188 0.8917121429 0.0000000000 -1.6363179905 -0.8183661845 0.0000000000 0.0000000000 
350910.0000000000 -1132915.3327010532 6092526.2607006542 1504632.2928630363 0.0003096305 11.1654816136 0.7291666918 0.4379674437 0.0000000000 0.0636279114 -0.0962506449 0.0000000000 0.9261310096 0.3390980274 0.1892860811 1.2068277863 0.0000000000 -2.6509113057 -0.7994194419 -0.3516994189 0.0000000000 
350940.0000000000 -1132915.0298612767 6092529.6998275369 1504632.4417597027 0.0118364241 11.1654816136 0.4243125800 -0.0719816527 -0.0000000000 0.6902605700 -0.2335793371 0.0000000000 0.5762629229 0.3126780586 0.8323857052 1.0109424113 0.0000000000 -2.8967037466 0.1996513893 -0.9377695383 0.0000000000 
350970.0000000000 -1132913.4680172424 6092528.2495102743 1504632.7817118443 0.1155533078 11.3140434823 -0.1666070871 0.8637567621 0.0000000000 0.5523682767 0.2015110934 0.0000000000 0.3007424955 0.4143227461 1.6617368712 -0.5464938004 0.0000000000 -2.0938846027 -0.1480637126 -0.2239806772 -1.1035659001 
351000.0000000000 -1132915.1566766854 6092528.6369025940 1504632.5228516592 0.0031458514 11.3140434823 -1.8121689071 0.6169654583 -0.0000000000 2.5271649665 0.0952224472 0.0000000000 0.4909737486 -0.2932050977 0.2294747361 0.7867674639 0.0000000000 -1.2218691056 -0.7933760954 2.3834153316 -2.9911180232 
351030.0000000000 -1132913.4475379826 6092528.2294436218 1504632.3312681597 0.5494887908 11.3140434823 1.6857634347 0.9213558573 0.0000000000 1.6554291116 0.0351928735 0.0000000000 -0.4485496814 -0.0620507249 -0.8722062893 1.0273391596 0.0000000000 -3.0148910949 0.8258602676 0.6597251295 -2.4276594564 
351060.0000000000 -1132914.7654298407 6092528.9197580917 1504632.3669069263 0.0180023183 11.3140434823 -0.2511142638 0.1122121474 0.0000000000 -0.6664043119 -0.3307732488 0.0000000000 -0.0827106092 -0.4703440847 1.1329458596 1.1722929959 0.0000000000 -0.9279486854 -0.2717101960 -1.1202501696 1.7510029373 
351090.0000000000 -1132913.9615321385 6092528.6205894751 1504633.6507893605 0.2431684247 11.3140434823 0.3246495570 0.2115734155 -0.0000000000 1.5943150095 0.1561202613 0.0000000000 0.1940011228 0.7054852440 -0.7563473047 1.1364846166 0.0000000000 -2.1462079328 -0.3625980523 1.6330107743 -2.6480977144 
351120.0000000000 -1132915.4371108750 6092528.7716886969 1504633.4383176791 0.1558480671 11.3140434823 -0.7486529261 0.0862342037 0.0000000000 0.2478535091 -0.0585735461 0.0000000000 -0.4864554938 1.1097331870 0.6294097698 0.8299713641 0.0000000000 -0.8165282032 -0.8081442192 1.4108768975 -1.4526139928 
351150.0000000000 -1132914.1940497737 6092527.0464779614 1504631.9847044672 0.0050341159 11.3140434823 -0.1220310367 -0.0936854752 -0.0000000000 0.2499009906 0.3154326631 0.0000000000 0.6282158349 1.0605397003 0.2978815699 0.3299346585 0.0000000000 -1.3576344284 -0.9576434318 0.6729331469 -1.0983874622 
351180.0000000000 -1132915.0465143551 6092527.1433551079 1504632.6350801429 0.0470194226 11.3140434823 0.1237564991 -0.1684114397 0.0000000000 -0.0767666922 0.1321654335 0.0000000000 0.0113298675 0.3660676383 0.3307918268 0.8278272298 0.0000000000 -1.0983180963 -0.4037685564 -0.0240620553 -0.0250539154 
351210.0000000000 -1132912.6119128610 6092527.0900089033 1504632.0674070602 0.3506312479 11.3140434823 -0.2930761515 -0.2668792693 0.0000000000 1.5304546991 -0.3372168908 0.0000000000 0.0881542260 -0.2606598974 0.2027697583 1.1001215148 0.0000000000 -1.6727662248 0.6639977187 -0.1012335800 -0.5483352590 
351240.0000000000 -1132914.1273595660 6092529.4157437980 1504633.5772270451 0.0098280409 11.3140434823 0.6828541713 0.2179857843 -0.0000000000 0.5891329691 0.1728068514 0.0000000000 -0.6174704569 -0.7166427568 -0.0844851715 1.2335682200 0.0000000000 -1.4466863883 0.4907105308 -0.2382339056 -0.1623108615 
351270.0000000000 -1132912.6363010046 6092527.8085286012 1504633.4980367543 0.2162813457 11.3140434823 1.3992769985 0.6032709844 -0.0000000000 0.2196751364 0.1385830955 0.0000000000 -0.2827343728 0.0297173573 -0.5307925914 -0.0874735996 0.0000000000 -1.1218566160 0.5895558536 -0.1302570348 -0.7994542794 
351300.0000000000 -1132914.3603732961 6092527.2269258853 1504633.2205807406 0.0113874436 11.3140434823 0.2754768056 0.6367831809 0.0000000000 0.1805815206 0.0320613084 0.0000000000 -0.9026186071 0.2948828406 -0.0113656184 0.7021952029 0.0000000000 -0.7759683311 -0.1425514125 0.9698469712 -1.2329776835 
351330.0000000000 -1132914.8408541954 6092528.5715325382 1504633.7155394349 0.0002637442 11.3140434823 0.1794760955 0.5255505189 0.0000000000 -0.9824869252 0.4416283258 0.0000000000 -0.0930683580 0.7326816998 0.7439285886 0.4041472003 0.0000000000 -0.9353052942 -1.3068766057 0.4177783328 -0.2623636737 
351360.0000000000 -1132915.4419120844 6092529.5620914362 1504632.4716015789 0.0004204993 11.3140434823 -1.6779627839 0.1014052201 0.0000000000 1.7631411168 -0.2496447552 0.0000000000 0.3426204668 0.6511456141 1.5076780604 0.7929420251 0.0000000000 -2.0958148535 -0.4047494750 0.9333798861 -1.6762871020 
351390.0000000000 -1132914.7956445348 6092528.1296351142 1504632.6528673763 0.0486538363 11.3140434823 -0.3136114042 0.5762926681 0.0000000000 0.4892651453 -0.4248977272 0.0000000000 0.0302765662 -0.3291213711 0.6555091626 1.3916378889 0.0000000000 -1.7472473858 -0.2379218378 -0.0730964595 0.0438068138 
351420.0000000000 -1132914.2677706971 6092527.6920461981 1504632.0996937049 0.0034008310 11.3140434823 0.4226242249 0.0874003215 0.0000000000 -0.2696288054 -0.1222760644 0.0000000000 0.0037235108 0.5753164748 0.0951821425 -0.0633455833 0.0000000000 -0.5254168872 0.0195592996 -0.1151674285 -0.1558972876 
351450.0000000000 -1132915.0810276079 6092528.1015583323 1504633.3346408992 0.0027822559 11.3140434823 0.5246730467 0.8062031445 0.0000000000 0.0440414152 -0.1343829398 0.0000000000 0.2015646570 1.4140127528 0.2361102141 -0.0070365182 0.0000000000 -1.7399311308 -0.5425037095 0.7651348120 -1.6334848505 
351480.0000000000 -1132916.0120865335 6092527.9697322147 1504632.4766523452 0.0000953316 11.3140434823 0.3062273349 0.4575068389 0.0000000000 -0.2131515918 -0.4747807380 0.0000000000 0.1921016878 0.7011975992 -0.0118187818 0.8668321427 0.0000000000 -1.2800519144 -0.4988470868 0.2442059637 -0.2942454453 
351510.0000000000 -1132915.6458149531 6092527.8075720314 1504633.4543547218 0.0202607968 11.3140434823 0.5137768223 0.5961198053 0.0000000000 -0.9442361483 0.2498588450 0.0000000000 -0.7526033961 0.7863450445 0.3687815954 1.3322810638 0.0000000000 -1.3068248234 -1.1588826405 0.7598527587 -0.5203104398 
351540.0000000000 -1132915.3548061659 6092528.5310231224 1504633.4075022100 0.1379616116 11.3140434823 0.5966542720 1.4687164766 -0.0000000000 -0.9761416873 -0.8037895524 0.0000000000 -0.4443127725 0.3653671739 -0.2491955533 1.8655727137 0.0000000000 -1.3729010421 -1.0554403777 0.7243170340 -0.1334219963 
351570.0000000000 -1132914.0200028839 6092529.0106377648 1504633.0025464622 0.0333583187 11.3140434823 0.2510164812 1.0277686441 -0.0000000000 0.2461873110 0.0351841712 0.0000000000 -0.3400474535 -0.0709271362 1.2045792388 0.8980033488 0.0000000000 -2.4301945951 -0.1703010509 -0.1535756486 -0.4969642335 
351600.0000000000 -1132913.6711481828 6092528.9455376081 1504632.9675458467 0.0392752391 11.3140434823 1.4791486474 0.8417172420 0.0000000000 0.0706948110 0.1574749120 0.0000000000 -0.3740688503 0.4553036693 0.1431762085 -0.0316562482 0.0000000000 -1.9494483723 0.5163108627 -0.2456936016 -0.9924068884 
351630.0000000000 -1132912.5843880728 6092529.6113948766 1504632.9980962190 0.8866867831 11.3140434823 2.7184131269 0.4885846020 -0.0000000000 1.0940112052 0.5885086297 0.0000000000 1.0349763714 0.1623342610 -0.8105052047 -0.0046442679 0.0000000000 -3.5888207622 0.9980974071 -1.2696396890 -1.0427711081 
351660.0000000000 -1132914.4368515208 6092528.9561261600 1504632.9780163472 0.0100948516 11.3140434823 1.7234876152 0.9267622602 0.0000000000 0.2516778513 -0.0812012167 0.0000000000 0.4170712245 -0.0220186152 -0.9066722493 0.2369610810 0.0000000000 -1.7432856579 0.4107267709 -0.3825698736 -0.6158519945 
351690.0000000000 -1132915.7692825051 6092530.9699028581 1504634.1210666967 0.0474742066 11.3140434823 1.1427065754 0.2766699753 0.0000000000 -0.2416154365 0.2654198587 0.0000000000 -0.1666418996 0.3385216767 -0.2483959486 0.7014602070 0.0000000000 -1.4108285720 -0.1307654478 -0.1122343427 -0.3305173470 
351720.0000000000 -1132916.3511234801 6092529.5250496473 1504633.6889092175 0.0023729983 11.3140434823 1.6540983970 0.6771999763 0.0000000000 -0.4465649623 0.6350678011 0.0000000000 -0.6611763497 0.5750554622 -1.4156191165 1.4677072286 0.0000000000 -1.2046624530 -0.9138296306 1.2356563255 -1.4071011194 
351750.0000000000 -1132914.3314039835 6092528.2294212142 1504632.5797432887 0.0389033831 11.3140434823 1.0683855249 -0.1893983299 0.0000000000 0.0418624750 -0.1443359892 0.0000000000 -0.4593002440 0.0869285164 -0.9224766603 1.1833983154 0.0000000000 -0.7559052228 0.4300402763 -0.1424702003 0.0039796293 
351780.0000000000 -1132914.5770945111 6092526.8932741405 1504632.8543221268 0.0062273347 11.3140434823 1.3520830286 1.3653938654 0.0000000000 -0.7950347846 0.2379281632 0.0000000000 -0.3233740291 -0.2508391333 0.3740409605 0.6234794075 0.0000000000 -1.8499221479 -0.3350878088 -0.3826156640 -0.0261578594 
351810.0000000000 -1132916.0858882461 6092529.4337936519 1504633.8322252652 0.0845993696 11.3140434823 -0.4252657260 0.3966949520 0.0000000000 -0.2761387783 0.1908678653 0.0000000000 -0.7463361882 0.9264290551 1.2433817715 1.3659338363 0.0000000000 -1.7499981744 -1.0983643755 0.8802427422 -0.8417476419 
351840.0000000000 -1132915.6984441022 6092529.4850128377 1504633.4663580402 0.0096361746 11.1654816136 -0.3677682805 1.4552085657 0.0000000000 0.0000000000 -0.1247190479 0.0000000000 -0.3527497387 -0.7281623057 1.2748930452 1.7073233624 0.0000000000 -2.2141994894 -0.8403955300 0.1194081118 0.0265238110 
351870.0000000000 -1132915.7243487258 6092526.3601138769 1504632.9720895954 0.2700823859 11.1654816136 -1.4425564398 0.5318593933 0.0000000000 0.0000000000 -1.0795870079 0.0000000000 -0.4035843288 0.1676221051 1.6461312878 1.1222469415 0.0000000000 -0.9919529375 -0.2581781102 0.0923781219 0.3735678732 
351900.0000000000 -1132915.5515664213 6092529.4841823224 1504633.1985752329 0.1022383484 11.3140434823 -0.4553396276 0.5234580241 0.0000000000 0.0000000000 -0.2302135554 0.0496995059 -0.5937829947 0.3839631987 1.3405285829 0.9753562191 0.0000000000 -1.6502332335 -0.2924448945 0.1588256580 -0.3114040029 
351930.0000000000 -1132915.5045839071 6092527.9624090455 1504633.5141728160 0.0000003092 11.3140434823 -0.4612688961 0.8748815231 -0.0000000000 0.0000000000 0.9187559588 0.7175192394 -0.8103795177 1.2802026781 0.1105530317 0.6161061891 0.0000000000 -1.2779778084 -1.4579648784 1.9909761530 -2.5157125276 
351960.0000000000 -1132915.5804631254 6092528.0621080436 1504632.7484117313 0.0738713299 11.3140434823 -1.0106057560 0.2863734666 0.0000000000 0.0000000000 0.5884911242 0.6011506631 -0.1312242196 0.8054584665 1.2850882773 0.5514894154 0.0000000000 -1.6873019316 -1.1377921012 0.5312848495 -0.8484261707 
351990.0000000000 -1132915.2520134079 6092527.1857981132 1504632.3360920679 0.1813192933 11.3140434823 -1.8134271448 0.1235429787 -0.0000000000 0.0000000000 0.3185245935 1.5794512780 -0.1943824782 0.3813519121 -0.0365000247 1.1085421157 0.0000000000 -0.6785475665 -1.1330526748 0.6443977486 -0.4597381958 
352020.0000000000 -1132914.4574062976 6092527.6574631026 1504633.1292905270 0.0877825898 11.3140434823 -2.1370426104 0.0442447333 0.0000000000 0.0000000000 0.3750232704 2.5177074466 -0.1593133294 1.4097659697 0.6059711186 0.6640867056 0.0000000000 -1.9749298509 -0.8105473130 0.1160699170 -0.8887724951 
352050.0000000000 -1132913.5241459762 6092526.0033039330 1504631.8605748937 0.1110225549 11.3140434823 0.0662891984 0.2482730996 0.0000000000 0.0000000000 0.1295029741 -0.9687597601 0.4622453032 -0.1792434432 1.7688823948 0.8809503666 0.0000000000 -1.8440835178 -0.8616657585 -0.3331640002 0.5280092662 
352080.0000000000 -1132915.3106434720 6092528.8108451068 1504633.1101194283 0.0541039291 11.3140434823 0.3935284830 0.5569746111 -0.0000000000 0.0000000000 0.1397802283 -0.0549660967 -0.2418290012 0.1129160068 -0.1447501350 1.4021251832 0.0000000000 -1.3699441894 -0.6682980855 0.5064061330 -0.5252294919 
352110.0000000000 -1132912.4445141514 6092527.9093085490 1504632.5590096854 0.4515244419 11.3140434823 0.5998769994 -0.5191681500 0.0000000000 0.0000000000 -0.0741218461 0.8977684205 0.2038237941 0.7576318784 -0.4592442963 0.5407887833 0.0000000000 -1.5766295854 0.6357968281 -1.0901240508 0.2481480415 
352140.0000000000 -1132915.3857421321 6092528.4674173882 1504633.1146308174 0.1415903579 11.3140434823 0.3426280017 0.4648410943 0.0000000000 0.0000000000 0.3886546224 0.0950991656 -0.7069470946 0.7267329479 -0.9419243308 1.1220089998 0.0000000000 -0.4428914440 -0.8773856516 1.6113166165 -1.6354529798 
352170.0000000000 -1132915.2349375740 6092528.1951292995 1504632.4825961979 0.0075104529 11.3140434823 -2.7524587564 -0.3708001831 0.0000000000 0.0000000000 -1.0843257783 0.7581640885 0.7778467337 0.5133517492 1.2345232703 0.5036681253 0.0000000000 -0.2015344964 -0.6911444707 -0.2412975061 0.9736242123 
352200.0000000000 -1132915.3289034416 6092529.7934059026 1504633.3166007053 0.0000536190 11.3140434823 -0.0122203852 -0.3185015226 -0.0000000000 0.0000000000 0.1283604186 -1.0930341461 0.0568853382 1.1957844266 0.9296425704 0.4065697494 0.0000000000 -0.5571344770 -1.0726153419 1.0839668820 -0.8474096184 
352230.0000000000 -1132914.0956305212 6092529.0622450244 1504633.2123543541 0.0820228452 11.3140434823 0.4683500407 0.5797028256 -0.0000000000 0.0000000000 0.4586123481 0.4665387120 0.2774556512 -0.3944815173 -0.9288379904 0.5415604831 0.0000000000 -0.6406991282 -0.4362917574 0.0723799387 -0.2854068305 
352260.0000000000 -1132914.7310424515 6092529.0580992624 1504633.2755425111 0.1322674349 11.1654816136 0.0000000000 0.3479786625 0.0000000000 0.0000000000 0.6784937882 1.9137093880 -0.2828395593 -0.1808448214 -0.8908110814 1.2219032571 0.0000000000 -1.8846414859 -0.0060234807 -0.6521721640 -0.0880611909 
352290.0000000000 -1132914.2618212076 6092527.3569657179 1504632.5888400956 0.0046806916 11.1654816136 0.0000000000 0.4745307103 -0.0000000000 0.0000000000 0.1846161251 0.7575645166 -0.5283593805 0.5109017578 0.2336582202 0.5107238838 0.0000000000 -1.4747093565 0.0403704958 0.0609888354 -0.7231629061 
352320.0000000000 -1132914.3878035110 6092528.0108281411 1504632.4435696150 0.0064528341 11.1654816136 0.0000000000 0.7024725462 0.0000000000 0.0000000000 -0.1387364329 0.7857235917 0.5358714917 -0.0728567015 0.2133032517 0.6769278697 0.0000000000 -2.0394528972 -0.0324465517 -0.8553367560 0.2509455956 
352350.0000000000 -1132913.8748749231 6092529.5052708238 1504632.8737682765 0.2683226775 11.1654816136 0.0000000000 0.3873093343 0.0000000000 0.0000000000 0.2219639748 0.9235342498 0.2103485922 0.1366589419 -0.4137556595 0.7209183823 0.0000000000 -1.4032871888 -0.2351712579 -0.2823727027 -0.1924801585 
352380.0000000000 -1132914.6969154677 6092528.6416656366 1504632.6848117441 0.1264976318 11.1654816136 0.0000000000 0.5858996468 0.0000000000 0.0000000000 -0.3953237548 0.8970949299 1.2416111545 0.1049633260 -0.4281995309 0.4333481507 0.0000000000 -1.7412251984 -0.0423681591 -1.0000112837 0.3744368422 
352410.0000000000 -1132914.1044099750 6092529.2034264142 1504632.3782852327 0.2700125775 11.1654816136 0.0000000000 -0.4477285682 0.0000000000 0.0000000000 -0.2560254227 0.3992128431 -0.0628016770 0.0798221682 0.2146598546 1.3863817933 0.0000000000 -1.4639034650 0.2099276131 -0.9344867005 0.8983812978 
352440.0000000000 -1132915.4204535310 6092525.8464178396 1504632.4593386345 0.0712138406 11.1654816136 0.0000000000 0.7431557315 -0.0000000000 0.0000000000 -1.0605767758 -0.3866179278 -0.0354101419 -0.0629810087 -0.6291147145 2.0255589041 0.0000000000 -0.7086800709 -0.4015533000 0.5354264718 -0.0147360296 
352470.0000000000 -1132915.0144379043 6092530.1404299624 1504634.3265866756 0.0056325747 11.1654816136 0.0000000000 0.8847572402 -0.0000000000 0.0000000000 1.1158688917 1.0964613402 -0.0376477742 -0.1349182291 -0.2561329717 0.3710869776 0.0000000000 -1.5182511535 -0.7675538274 0.2521050046 -0.9036342668 
352500.0000000000 -1132915.9003962914 6092530.2048759423 1504633.6629672928 0.0383554107 11.1654816136 0.0000000000 0.6674735368 0.0000000000 0.0000000000 0.6018259068 1.0227023450 -0.4636428944 -0.0349402217 -0.6555169893 1.1699159392 0.0000000000 -1.3336373277 -0.4890317041 0.3552227089 -0.7230716479 
352530.0000000000 -1132914.5739245636 6092526.8758512512 1504633.0732040883 0.0029950735 11.1654816136 0.0000000000 1.4094015539 -0.0000000000 0.0000000000 0.0576896612 0.8338663554 0.0442444484 0.0262103851 0.9019635716 0.8568016890 0.0000000000 -3.0173627215 -0.1360686571 -0.5311906596 -0.4245184654 
352560.0000000000 -1132914.7859962280 6092528.8812403027 1504633.5356989636 0.1328399965 11.1654816136 0.0000000000 0.7337406271 -0.0000000000 0.0000000000 0.0148540173 -0.8150047244 -1.0141148395 -1.2573480235 0.9415987457 0.9267640898 0.0000000000 -0.0380456183 -0.2003622639 0.3605169088 0.3107826772 
352590.0000000000 -1132914.6536805537 6092528.7057786612 1504633.4801990893 0.0000764732 11.1654816136 0.0000000000 0.8009507816 -0.0000000000 0.0000000000 0.7160095257 0.8853639619 -0.2811615279 -0.3350466048 0.7651357234 0.9158514627 0.0000000000 -2.4680327842 -0.3092406604 -0.5376245381 -0.0971900264 
352620.0000000000 -1132914.9583460058 6092527.9817313859 1504633.2752737715 0.0007897756 11.1654816136 0.0000000000 0.6481583219 0.0000000000 0.0000000000 -0.0899241744 0.6818256191 0.1019107672 -0.0283661805 0.9798743892 1.0658341013 0.0000000000 -2.8024590695 0.1271135894 -1.0761599689 0.3981453807 
352650.0000000000 -1132914.4637890419 6092527.8469533306 1504632.6915273443 0.0023625636 11.1654816136 0.0000000000 0.6934566045 0.0000000000 0.0000000000 -0.1807422130 -0.0198506687 0.6554184816 -0.8061648256 1.9299727747 0.9274070277 0.0000000000 -2.9309636096 -0.0250826973 -1.7312141486 1.4102413422 
352680.0000000000 -1132914.0272458883 6092529.2021924304 1504633.3871345527 0.1560786115 11.1654816136 0.0000000000 0.4682211184 -0.0000000000 0.0000000000 -0.4057151906 1.0090544103 -0.0466429735 0.2081743472 0.2245428961 0.2883768421 0.0000000000 -1.7061762080 0.8374714807 -0.9787595371 0.1376248329 
352710.0000000000 -1132914.1586511622 6092527.0927802501 1504632.6838632664 0.0309461117 11.1654816136 0.0000000000 1.2172983158 -0.0000000000 0.0000000000 0.2612082335 -0.0173797398 -0.8496881633 -0.8603265689 1.0059981031 0.6488056938 0.0000000000 -1.1834720638 -0.1117252390 0.1510691552 -0.2599596159 
352740.0000000000 -1132914.8602298265 6092528.9715346871 1504633.5413915522 0.0507543491 11.1654816136 0.0000000000 1.6623623939 -0.0000000000 0.0000000000 0.9649897196 0.8409085202 -0.6834973605 -0.2501798223 0.9615553672 0.1924854316 0.0000000000 -2.2720155910 -0.4073981988 0.3413461740 -1.2894676018 
352770.0000000000 -1132915.6324618408 6092527.4816931728 1504633.5980813922 0.0004681297 11.0041300577 0.0000000000 0.4111194124 0.0000000000 0.0000000000 0.5191124939 0.7106604792 -0.3900799271 0.2610916654 0.2050148542 1.0663787310 0.0000000000 -1.8811944060 -0.3774383487 0.0000000000 -0.4640247446 
352800.0000000000 -1132914.7655810872 6092529.5336522870 1504633.1738242374 0.2942833265 11.1654816136 0.0000000000 0.5401211623 0.0000000000 0.0000000000 1.3224316658 0.5159552142 -0.8898882493 -0.9050597759 1.3978766549 0.7515751440 0.0000000000 -1.9754570017 -0.4868145031 -0.3861627012 0.1614133027 
352830.0000000000 -1132914.9030560791 6092527.4633368971 1504633.8284585613 0.0437574816 11.1654816136 0.0000000000 1.5520187338 -0.0000000000 0.0000000000 0.5987694526 0.8525202403 0.3185385155 -0.0039094662 0.0412221650 0.1747178441 0.0000000000 -1.9769701537 -0.5906396282 0.2483205420 -1.1572976339 
352860.0000000000 -1132914.4301410266 6092528.7642735215 1504632.5991616538 0.0981112090 11.1654816136 0.0000000000 -0.2040829190 -0.0000000000 0.0000000000 0.4694443317 1.3505379744 0.0263070710 -0.0173524662 -0.7838714903 1.0302381222 0.0000000000 -1.4175300988 0.0638817934 -0.8040971504 0.3946270006 
352890.0000000000 -1132914.8558301916 6092528.7453911295 1504633.2429627592 0.1515152550 11.1654816136 0.0000000000 0.2468480895 0.0000000000 0.0000000000 0.1955283519 1.5405494343 1.1884508580 -0.5560234456 -0.8136761211 0.7430122994 0.0000000000 -1.9927654231 0.1539370205 -1.7495569746 1.1247162176 
352920.0000000000 -1132914.8063517369 6092530.2618344128 1504633.3656325035 0.0350531271 11.1654816136 0.0000000000 1.0561320310 -0.0000000000 0.0000000000 0.7003678408 2.1515865746 -0.1157434838 -1.3577681654 -1.9662370204 1.2458756216 0.0000000000 -1.2175362103 0.2023573095 -0.7337704207 0.2292992259 
352950.0000000000 -1132915.5612977340 6092529.2918009199 1504633.4887871190 0.0000041885 11.1654816136 0.0000000000 0.3544514808 0.0000000000 0.0000000000 0.6271239358 1.2154694671 -0.1049423954 -0.6836976481 -0.0121284595 1.0475206649 0.0000000000 -1.9776619316 0.0322560355 -1.0503413112 0.6358895919 
352980.0000000000 -1132915.4517375005 6092529.1829599636 1504633.5746540809 0.0409592461 11.1654816136 0.0000000000 0.4669610821 -0.0000000000 0.0000000000 0.4921865847 0.2367547197 -0.2724782414 -0.8291474813 1.1087288876 0.7672802582 0.0000000000 -1.7055256337 -0.1777828304 -0.7473054043 0.6620457625 
353010.0000000000 -1132915.1001539915 6092529.7970380345 1504633.7367728031 0.0006150971 11.1654816136 0.0000000000 0.6993408763 -0.0000000000 0.0000000000 0.2971419950 0.5450988581 -0.6109077327 0.6948892294 0.0076160046 1.0192551959 0.0000000000 -1.6693343308 -0.3466080012 0.6369789810 -1.2165833566 
353040.0000000000 -1132915.6600159064 6092528.1909996299 1504632.9697362834 0.0187036740 11.1654816136 0.0000000000 0.8584457276 0.0000000000 0.0000000000 -0.2453116556 0.1146668546 -0.2072309783 0.4476239446 -1.0798199546 1.7683054907 0.0000000000 -0.8890479841 -0.6470084248 1.0195092142 -1.0991945420 
353070.0000000000 -1132914.8197768561 6092528.6421704879 1504633.0627380384 0.0554662921 11.1654816136 0.0000000000 0.4976898772 -0.0000000000 0.0000000000 0.2703026039 1.0308145796 0.0926408700 0.4658990900 -1.2647416974 0.2991312880 0.0000000000 -0.5945923350 -0.0826551803 0.3619101809 -0.9811178059 
353100.0000000000 -1132915.8627402177 6092528.3285210840 1504633.4136844508 0.0730802367 11.1654816136 0.0000000000 0.5774285849 0.0000000000 0.0000000000 0.7048931247 1.5309373887 -0.8588229122 0.4211418345 -1.3195086810 0.2754944117 0.0000000000 -0.5668284268 0.1846312165 0.6808675148 -1.4731320579 
353130.0000000000 -1132914.7199158997 6092529.0873258971 1504633.3894046193 0.0437768013 11.1654816136 0.0000000000 0.7361108704 -0.0000000000 0.0000000000 0.5477525100 1.5513876313 -0.1910340723 0.3995430205 -1.1854207985 0.7672207306 0.0000000000 -1.5630939473 -0.0247281583 0.1417106770 -1.0465654730 
353160.0000000000 -1132913.8651567569 6092527.9541615527 1504633.6056934462 0.6132899260 11.1654816136 0.0000000000 -0.0927540419 -0.0000000000 0.0000000000 0.9827741671 1.9363835490 0.3049882098 -0.2633547017 -0.9821793624 0.2653523392 0.0000000000 -1.4632600867 0.1644067586 -1.1281203862 0.4145648519 
353190.0000000000 -1132915.1434610633 6092527.9182634661 1504632.9614460741 0.0003168705 11.1654816136 0.0000000000 0.1558617818 -0.0000000000 0.0000000000 -0.2290516768 0.0992789745 -0.0588765357 0.6807663631 0.1104107306 0.7759532455 0.0000000000 -1.1433096189 -0.0786401438 0.0870259687 -0.3997854641 
353220.0000000000 -1132914.1060931252 6092524.9605815746 1504632.2102163278 0.0218919862 11.1654816136 0.0000000000 0.0861771151 0.0000000000 0.0000000000 -0.6869762193 -0.3892743809 1.0054109250 1.0109155413 0.1310569363 -0.2143767549 0.0000000000 -0.5276209368 -0.0991911171 -0.0026137547 -0.3748663128 
353250.0000000000 -1132915.8728481031 6092528.8093921049 1504633.7559908291 0.0129097836 11.1654816136 0.0000000000 0.3799375818 0.0000000000 0.0000000000 0.2911244742 0.0344039603 -0.6644682143 0.5792048146 0.3887960796 0.5254339915 0.0000000000 -0.8964333719 -0.3277591259 0.7263344463 -1.0159045665 
353280.0000000000 -1132914.6479512290 6092527.4561422868 1504633.5556451865 0.1424179284 11.1654816136 0.0000000000 0.9257256636 -0.0000000000 0.0000000000 0.4711799346 0.2726536499 -0.5406598485 0.1798221591 -0.1042087432 0.6352175338 0.0000000000 -0.9376257284 -0.4795067523 0.8731376634 -1.2487392897 
353310.0000000000 -1132914.4924094491 6092528.7157569891 1504633.3818204536 0.1309494157 11.1654816136 0.0000000000 0.3652398277 -0.0000000000 0.0000000000 0.5431909433 1.6096212651 0.4932741574 -0.0657276000 -1.1639609829 0.7618588375 0.0000000000 -1.7328641721 0.0381264249 -0.8156767085 0.0740915922 
353340.0000000000 -1132914.4632355100 6092525.6711654924 1504632.8608399327 0.0392586545 11.1654816136 0.0000000000 0.0494859237 0.0000000000 0.0000000000 -0.1671551606 -0.6735574705 0.5315691268 0.3688684409 0.1647810357 0.8357759094 0.0000000000 -0.5708648772 -0.7964557559 0.2571987897 -0.0539316860 
353370.0000000000 -1132915.0181846551 6092528.3475201577 1504634.0888090332 0.0792949726 11.1654816136 0.0000000000 0.3187582790 0.0000000000 0.0000000000 0.3565898667 1.5618210196 -0.8956844108 0.5168247576 -0.1664535207 0.7145152194 0.0000000000 -2.0267467635 0.7079328239 -0.3895735289 -0.5860267986 
353400.0000000000 -1132915.4325992251 6092526.9983992698 1504633.4257096697 0.0195464769 11.1654816136 0.0000000000 0.5979754332 -0.0000000000 0.0000000000 0.2502635745 -0.6730199009 -0.5236957110 -0.0334051916 0.4535782001 1.6996129586 0.0000000000 -1.0566675139 -1.0512332609 0.8299755732 -0.5187888045 
353430.0000000000 -1132915.5291228341 6092527.5541397566 1504633.4729521165 0.0060304480 11.1654816136 0.0000000000 0.3595871644 0.0000000000 0.0000000000 0.6224681229 0.1156965407 -0.4044566990 -0.3678324253 1.4712086619 0.8171330509 0.0000000000 -2.0725965187 -0.4221247560 -0.4969298083 0.3728504136 
353460.0000000000 -1132914.1967040205 6092527.4710968221 1504634.2564027125 0.4223891241 11.1654816136 0.0000000000 0.4800571874 -0.0000000000 0.0000000000 1.2626473187 1.4603290768 -0.6378231820 0.3448958751 0.2602330273 -0.2402084663 0.0000000000 -1.8038466170 -0.0213089042 0.0387836749 -1.0246497491 
353490.0000000000 -1132914.7332962782 6092528.9497156367 1504633.6733741756 0.0240377408 11.1654816136 0.0000000000 0.4691099828 -0.0000000000 0.0000000000 0.6464679696 0.2217448591 -0.8078641521 0.4338033581 1.1817930869 0.5476492617 0.0000000000 -1.8439022760 -0.3635679258 0.3485251638 -0.8087743919 
353520.0000000000 -1132914.1498240007 6092529.9595862860 1504633.3172313790 0.4069667707 11.1654816136 0.0000000000 0.0509474697 0.0000000000 0.0000000000 0.8708914797 1.3094842904 -0.5455527194 -0.4133389964 0.2589774860 0.6952384425 0.0000000000 -1.9017422911 0.1696429210 -0.9207665399 0.5114162468 
353550.0000000000 -1132914.3982949741 6092528.0567462128 1504633.4228304757 0.1519882504 11.1654816136 0.0000000000 0.5604195010 0.0000000000 0.0000000000 0.5085611822 0.5779788773 -0.2549623445 0.1939767938 -0.3436341216 0.4917547674 0.0000000000 -0.9683641161 -0.2577306109 0.3661860350 -0.8179628185 
353580.0000000000 -1132915.0175825157 6092528.0252204407 1504633.1644206019 0.0643220870 11.1654816136 0.0000000000 1.1909758699 -0.0000000000 0.0000000000 0.7304224701 0.5646895752 -1.9227790914 -0.0831433508 0.4579359016 1.7312730036 0.0000000000 -1.9750826217 -0.1851238216 0.9359696272 -1.3645594864 
353610.0000000000 -1132915.3598848709 6092530.3075958472 1504633.1619955534 0.0454105509 11.3140434823 0.0000000000 0.8048014017 -0.0000000000 0.0000000000 0.1206149022 -0.6851790167 -0.8030624081 -0.2614337306 0.5990823074 1.2918759247 1.7373724946 -1.6103046423 0.2009233237 -1.1223136395 0.1063031952 
353640.0000000000 -1132916.0870930790 6092529.6915702373 1504634.4815495082 0.0912780138 11.3140434823 0.0000000000 1.5905715659 -0.0000000000 0.0000000000 0.5699581587 0.5796760007 -0.9081659091 0.5073627965 -0.0514993786 0.6721076803 0.6100358889 -2.0062009173 0.0828235966 0.5569579224 -1.9878510332 
353670.0000000000 -1132915.1523895457 6092528.6389039969 1504633.9194336117 0.0163813059 11.3140434823 0.0000000000 0.6539635135 -0.0000000000 0.0000000000 1.0037380585 2.5065089493 0.0964657021 -0.6151545840 -0.2542752380 1.2437420717 -1.5279149208 -3.0376928998 -0.2310585146 -0.2765796714 0.2193092586 
353700.0000000000 -1132915.8281165329 6092528.6147174723 1504633.7858934391 0.3939395825 11.3140434823 0.0000000000 -0.2054020169 0.0000000000 0.0000000000 0.8839486905 0.9382469716 -0.3595330411 -0.6536933928 0.3318618744 1.2429102796 -0.7656229579 -1.4889602715 -0.6429029130 -0.2066491708 0.8032066510 
353730.0000000000 -1132915.7293727817 6092526.4650725313 1504633.5720398903 0.2005686781 11.3140434823 0.0000000000 2.2005099698 -0.0000000000 0.0000000000 0.1851412279 0.0717624742 0.2462258028 -0.7644723316 1.1320258951 1.1596866152 -0.7466974067 -2.6967685151 -0.7151654955 0.5594822969 -0.8205425384 
353760.0000000000 -1132916.0396461426 6092529.5186564997 1504633.4443899354 0.1078621546 11.3140434823 0.0000000000 0.7184096408 -0.0000000000 0.0000000000 0.4971987730 2.2071704323 -1.1744641985 -0.5547533216 -1.2139764104 1.2975050179 -0.6359961016 -1.5511274440 0.8146060655 -0.0182093878 -0.3770094816 
353790.0000000000 -1132914.4120459205 6092528.0227260068 1504633.1930904805 0.2157150483 11.3140434823 0.0000000000 0.4243785439 0.0000000000 0.0000000000 0.3512832166 1.8859905846 0.0050025143 1.2924787018 -0.7849130496 0.5266786620 -1.2520491623 -1.9732153894 0.0284951701 1.0169751859 -1.6846619390 
353820.0000000000 -1132914.7954786322 6092529.9364580074 1504633.6203921637 0.0732259000 11.3140434823 0.0000000000 -0.2938104477 -0.0000000000 0.0000000000 0.8508510362 2.1239396219 -1.1808753111 0.4401383981 0.2102925737 1.2510050018 -1.8220883969 -2.0874142883 -0.1994137292 0.9673365368 -0.5322253756 
353850.0000000000 -1132914.5806517217 6092530.0545721585 1504632.9221566019 0.7729537522 11.3140434823 0.0000000000 -0.2117905027 -0.0000000000 0.0000000000 0.8407817295 1.5585206124 -0.9249813729 -0.0589787823 0.4037617612 0.6052802124 -1.1256696374 -1.4480458002 -0.1110756899 0.3867149304 -0.0646267522 
353880.0000000000 -1132914.8111596943 6092529.1390376631 1504633.7051308611 0.2469847498 11.3140434823 0.0000000000 0.7333792809 0.0000000000 0.0000000000 0.7248972248 -0.2039851877 -0.3276109024 0.2181776716 0.4125366827 0.2753002219 2.1419632386 -1.9629292965 0.2463492702 -1.5368633574 -0.2418083916 
353910.0000000000 -1132914.9469024285 6092527.5835111011 1504633.3808567813 0.0677921662 11.3140434823 0.0000000000 0.8817360309 -0.0000000000 0.0000000000 0.2343299223 0.4387090005 -0.8289778225 -0.9591854538 -0.0908889418 1.2262845488 0.4838291286 -1.2953208568 0.4435898194 -0.7278642385 0.3309184670 
353940.0000000000 -1132914.3583883592 6092527.0986435488 1504633.2777349742 0.0826071010 11.3140434823 0.0000000000 1.7339885092 0.0000000000 0.0000000000 -0.2412278629 0.5684168689 0.6592205502 -0.6537739406 0.3180091906 0.5174422902 -0.5772320703 -2.0955863976 0.2246189708 -0.2429854806 -0.3365320298 
353970.0000000000 -1132914.4544827414 6092529.7921573855 1504632.8851681233 0.1097155649 11.3140434823 0.0000000000 -0.0050533702 -0.0000000000 0.0000000000 0.3194883769 0.8891440065 -0.8380042886 -0.1555336030 -0.6115390202 0.7379121316 0.5876184549 -0.8642263447 0.7015775082 -0.8328693089 0.2626452962 
354000.0000000000 -1132914.4181387466 6092528.3141446263 1504632.6509038119 0.1073861098 11.3140434823 0.0000000000 -0.2949736968 0.0000000000 0.0000000000 0.1436397684 1.1339071202 0.0526295420 0.4503507431 0.4457938848 0.8765197016 -1.1463105349 -1.9259782368 -0.1450819654 -0.0355481825 0.2380764027 
354030.0000000000 -1132915.4341279007 6092530.2960140435 1504633.2420386143 0.0093474683 11.3140434823 0.0000000000 0.3414118161 -0.0000000000 0.0000000000 0.3596392778 -0.2565508146 -0.8928210789 0.1509057212 1.0822633648 0.9106724574 0.7160668956 -1.6813326117 -0.0521747782 -0.4292588714 -0.1034209977 
354060.0000000000 -1132915.3450847364 6092528.1013525464 1504633.5043713991 0.0029910739 11.3140434823 0.0000000000 0.2552140786 -0.0000000000 0.0000000000 0.1287759470 0.8629716387 0.5881222709 0.4886876209 -0.6967773339 0.3447256785 0.0280783600 -1.3903215291 0.2196350130 -0.5477328819 -0.2381585601 
354090.0000000000 -1132914.0826559444 6092527.8644716376 1504633.0673330824 0.1639404567 11.3140434823 0.0000000000 1.3695665561 -0.0000000000 0.0000000000 0.4215102351 0.0022162313 -0.7410218933 -0.5671416448 0.9884906159 1.1655179238 -0.2692842609 -1.8631500132 -0.3790748727 0.5093065853 -0.6856805701 
354120.0000000000 -1132914.2368248152 6092529.1034553731 1504633.5555824195 0.0270773645 11.3140434823 0.0000000000 0.4395780423 0.0000000000 0.0000000000 0.0829419585 1.2582528440 1.1831177181 0.1125849558 -0.6190281546 0.0469638851 -0.7780929981 -1.4989106710 0.0918943911 -0.4128978478 -0.0273915363 
354150.0000000000 -1132913.9787087638 6092528.2303249044 1504632.8318725943 0.1495398094 11.3140434823 0.0000000000 0.4953957970 0.0000000000 0.0000000000 -0.0922894916 0.6725565602 0.3619735543 -1.3621899052 0.4852269202 0.1234682649 -1.5516995591 -0.3035381479 -0.1790506637 0.2295856935 0.8070492454 
354180.0000000000 -1132914.6858658600 6092529.2742829490 1504633.9054990162 0.0157327266 11.3140434823 0.0000000000 1.4854020891 0.0000000000 0.0000000000 0.1367415871 -0.0207457907 0.1745827649 -0.6517310181 1.2896814067 0.6261745332 0.7216233591 -2.8654609475 0.3186470127 -1.4176458782 0.3221126581 
354210.0000000000 -1132915.5977023006 6092530.5243598176 1504634.1620577853 0.0006607636 11.3140434823 0.0000000000 -0.3073316401 0.0000000000 0.0000000000 0.5546132813 1.3150042490 -1.1308022899 -0.7665172659 0.3868649202 1.3988048252 -0.9585963240 -1.3829265693 -0.0381432784 -0.1743917379 0.9738209256 
354240.0000000000 -1132914.7253962015 6092529.1699309908 1504633.0820086102 0.0643830833 11.3140434823 0.0000000000 0.6200663767 0.0000000000 0.0000000000 -0.2333438788 0.9428730568 1.3157906185 -0.5489737562 -0.6041372292 0.9330013818 -0.2580290189 -2.1053347852 0.3743569187 -1.6105872827 1.1198245760 
354270.0000000000 -1132915.8898637793 6092529.1206364669 1504633.8188918666 0.0187867916 11.3140434823 0.0000000000 0.7941285807 0.0000000000 0.0000000000 0.8548964394 0.5933296167 0.0728639930 -0.9208733636 -0.6010889480 0.3410671246 0.3061143650 -0.7709309690 -0.2142086234 -0.4591753136 0.1072089266 
354300.0000000000 -1132915.0139422023 6092529.6267078361 1504634.0522983787 0.1044471109 11.3140434823 0.0000000000 1.2699898560 0.0000000000 0.0000000000 0.3039423371 0.6998659481 1.0891325484 -0.8787412579 -0.6856457540 0.1354090419 -0.6393882619 -0.9244363716 -0.2279632773 -0.0458649611 -0.1996228647 
354330.0000000000 -1132915.0623952588 6092527.9635597980 1504633.6255989620 0.0683473554 11.3140434823 0.0000000000 0.0337277901 -0.0000000000 0.0000000000 0.1103191789 1.6061504900 -0.3789573734 -0.0749609201 -0.8691032949 1.1179898063 -0.7498029797 -1.3575184855 0.5798642396 -0.2754013051 0.1851234758 
354360.0000000000 -1132915.4055713161 6092528.6461723186 1504633.9986924711 0.7767718610 11.3140434823 0.0000000000 1.1817787621 0.0000000000 0.0000000000 0.3240992588 -1.1469157178 -0.5264769058 -0.4206997823 -0.7109517873 0.5551664422 1.7071117176 0.2999177980 0.0310544942 -0.1440697249 -0.8410328493 
354390.0000000000 -1132914.3096935269 6092529.3779103085 1504634.1846441634 0.1799010038 11.3140434823 0.0000000000 0.4247551687 0.0000000000 0.0000000000 1.0155359591 2.7178256267 -0.0813717334 -0.3666627043 -0.8465702605 0.1905139910 -0.7348053926 -2.2874262011 0.6020303923 -0.6709787728 0.0338222975 
354420.0000000000 -1132914.4467958300 6092527.4752201466 1504632.8409583459 0.1613984624 11.3140434823 0.0000000000 0.4444536217 -0.0000000000 0.0000000000 -0.1173293861 -0.0169305871 0.0891697525 0.1658901426 -0.3301141298 0.8204754206 -0.0400508295 -0.7402965680 0.0312013579 0.0325578160 -0.3514387013 
354450.0000000000 -1132915.0934487334 6092531.4652625369 1504633.4952332827 0.0046158864 11.3140434823 0.0000000000 0.8662687503 0.0000000000 0.0000000000 0.9667647511 0.5915280310 0.4351281410 0.3541310026 0.2094992539 -0.1729056547 0.2979803003 -1.9931399579 -0.3460217720 -0.1924484223 -0.9189728004 
354480.0000000000 -1132914.5021498813 6092528.3918520194 1504633.2438016266 0.2313678990 11.3140434823 0.0000000000 1.2503251718 -0.0000000000 0.0000000000 0.5136766443 2.4610635123 0.4306492946 -0.7807450317 -1.4460303250 1.0324886912 -1.5094115368 -2.2223202217 0.4866699868 -0.0240793922 -0.3647908506 
354510.0000000000 -1132915.5404412644 6092530.3451795429 1504633.6125729487 0.0677432748 11.3140434823 0.0000000000 1.4239980296 0.0000000000 0.0000000000 0.2055381738 0.8738823732 0.4343001144 -1.1588884476 0.0762236317 0.8239819684 -1.2759727986 -1.6155800648 -0.1520560893 0.2540647477 -0.1004797224 
354540.0000000000 -1132914.9036081294 6092530.5278016198 1504634.2505713319 0.1515497078 11.3140434823 0.0000000000 0.8405128115 -0.0000000000 0.0000000000 0.9348325499 1.9164000589 0.2043292175 -0.4221104915 -0.4395937357 0.1627394134 -0.2007039008 -2.4549068777 0.4314218107 -0.8902967171 -0.0289891948 
354570.0000000000 -1132915.2444886449 6092529.8423056267 1504634.2211476879 0.1645304936 11.3140434823 0.0000000000 0.4516358475 0.0000000000 0.0000000000 0.4904870218 0.8793141194 1.0134041385 -0.3358548012 -0.5614015236 0.0068522594 -0.1799775580 -1.2327791429 -0.1172305596 -0.7614228910 0.3407664387 
354600.0000000000 -1132915.7436363695 6092530.2568031419 1504634.2946979480 0.1159090212 11.3140434823 0.0000000000 0.2310480059 0.0000000000 0.0000000000 0.8821010741 0.8326395886 -0.0945668374 1.6394585664 -0.5158614122 -0.0234049563 0.9711590679 -2.1004497193 0.3062680933 -0.3560139938 -1.5302550958 
354630.0000000000 -1132915.7678192989 6092529.0879583685 1504633.8358481973 0.0040354937 11.3140434823 0.0000000000 0.6034691357 0.0000000000 0.0000000000 -0.0245661219 1.1820809345 1.0283404408 -0.0097679036 -0.2923027829 0.2733549801 -1.5469297119 -1.3775495029 -0.0813054995 0.4015766737 -0.3984096256 
354660.0000000000 -1132915.1735198542 6092527.5307553960 1504633.2957914609 0.0002119576 11.3140434823 0.0000000000 0.4941562219 0.0000000000 0.0000000000 -0.2034202372 -0.4998364607 1.2933610190 0.3126780031 0.0749115984 0.7172992843 0.0385486842 -1.3894715525 -0.3988153559 -0.6404317774 0.1542963463 
354690.0000000000 -1132915.9543787541 6092529.0477876980 1504633.9415110627 0.0417060753 11.3140434823 0.0000000000 -0.1417629061 0.0000000000 0.0000000000 0.8493020538 1.2552805347 -0.3621406778 0.2921098536 0.1018111958 0.5020743057 -0.4187859134 -1.6952019301 -0.2423177978 -0.0445080453 -0.1050255151 
354720.0000000000 -1132914.6861611449 6092528.0759621356 1504633.3048289383 0.1035676474 11.3140434823 0.0000000000 0.3833980952 -0.0000000000 0.0000000000 0.2366260212 0.6510611329 0.6449745622 0.8838740590 -1.2695108996 1.0359762151 0.5829120658 -2.0451600502 0.4596721842 -1.0692365203 -0.3736255898 
354750.0000000000 -1132914.4879523404 6092528.9289985755 1504633.7663847131 0.0252551126 11.3140434823 0.0000000000 0.9095931209 0.0000000000 0.0000000000 0.9383858638 2.1617296012 0.1193009354 -1.7340036841 -0.1622051209 -0.1702425782 -0.5549275262 -1.8839442681 0.4720152985 -1.1693687440 1.0650093080 
354780.0000000000 -1132914.7928118808 6092530.9029976716 1504633.2358530257 0.0168836882 11.3140434823 0.0000000000 0.4154993395 -0.0000000000 0.0000000000 0.8907785612 2.8052871402 1.0855393661 -0.1460981385 -0.8968801681 -0.1896332885 -1.1051098654 -2.6543044713 0.3782757915 -0.8623894241 0.1990269273 
354810.0000000000 -1132916.6584207760 6092531.5616278416 1504634.6124262700 0.0013193425 11.3140434823 0.0000000000 -0.0456620071 -0.0000000000 0.0000000000 0.8771735043 0.9993234155 -0.9512616166 0.6626617457 -0.5357367373 1.3767986811 1.2052482008 -2.6008421756 0.5687968784 -1.4500564166 0.1481860653 
354840.0000000000 -1132915.9334117172 6092528.1409214092 1504633.9014623116 0.0024378604 11.3140434823 0.0000000000 0.3471278540 0.0000000000 0.0000000000 0.2174583117 -0.8604083809 0.5947055640 -0.5850264258 -0.3491207664 0.6293867391 1.0342797308 -0.2622073522 -0.3767816037 -1.2222811130 0.9529068193 
354870.0000000000 -1132915.9666936412 6092526.6395872319 1504633.0222756469 0.0134441968 11.3140434823 0.0000000000 0.9355855478 0.0000000000 0.0000000000 -0.6387224927 -0.5734482960 0.4837537722 0.0967952307 1.7080990908 0.4855696296 -0.9252227501 -1.5676430577 -0.1684758314 0.4621195796 -0.4975791393 
354900.0000000000 -1132915.7174110152 6092528.9499658411 1504633.3080702673 0.0276077507 11.3140434823 0.0000000000 -1.4008696141 0.0000000000 0.0000000000 0.5205201203 1.5351611717 -0.3309712325 -0.7968605559 -0.5972105886 2.5392873459 -1.5746847939 -1.0688438520 -1.0293617890 -0.5527921201 2.5250616658 
354930.0000000000 -1132913.5655739096 6092528.9687688053 1504634.2850382745 0.3102627840 11.3140434823 0.0000000000 -0.2196988945 0.0000000000 0.0000000000 1.2258475573 4.3807813587 -0.1350919523 -1.3893470450 -0.9640821396 0.1418945425 -2.0704548031 -2.3951468163 0.5598446976 -0.7944938590 1.4947348488 
354960.0000000000 -1132914.5666031737 6092528.8938714843 1504634.2325155467 0.1512643825 11.3140434823 0.0000000000 -0.0331268020 0.0000000000 0.0000000000 0.7923990403 0.9975117957 0.4338735703 0.3709360047 -0.4690678253 0.9541531460 0.8198020996 -2.8091232124 0.1461263953 -2.0214702200 0.9695857196 
354990.0000000000 -1132915.5553140438 6092528.5770385796 1504633.3762531169 0.0428082625 11.3140434823 0.0000000000 1.8899889602 -0.0000000000 0.0000000000 0.3432274953 -1.6599792869 -0.3688780349 -0.9457345720 1.7992223279 0.6434113333 0.4827914847 -1.1093159524 -0.6808120545 0.4097902706 -0.7792142070 
355020.0000000000 -1132916.0109669762 6092526.5333594829 1504634.3868838737 0.0537789963 11.1654816136 0.0000000000 0.0000000000 0.0000000000 0.0000000000 0.6361317018 -0.9946677967 -0.8488798545 -0.2355851332 1.1390399762 0.9414934189 1.0572678696 -0.8478981055 -0.8191724859 -0.5738070033 0.6750122713 
355050.0000000000 -1132915.2292462003 6092530.8092849674 1504634.6453803913 0.0067722113 11.3140434823 0.0000000000 -0.1371399546 0.0000000000 0.0000000000 1.3873569482 2.5774709004 -0.8732730100 -0.4456454230 -0.6054419768 -0.0721105368 -0.5748219341 -1.4173560694 0.1738736559 -0.0726750957 0.0968560246 
355080.0000000000 -1132914.9994168156 6092530.6242931746 1504634.3341688816 0.0058210508 11.3140434823 0.0000000000 0.4719011977 -0.0000000000 0.0000000000 1.0932766447 2.0392255369 0.4694347890 0.1066399290 -0.5789782830 -0.0732140972 -0.7810264051 -2.1494441045 0.0057067776 -0.0848048487 -0.5476845255 
355110.0000000000 -1132915.5688428083 6092526.9451242378 1504633.0271652061 0.0153225019 11.3140434823 0.0000000000 0.5373500108 0.0000000000 0.0000000000 0.3724696373 -1.6372440079 -0.0067227534 0.3427199815 0.8602147198 1.1567372082 0.8167316502 -0.9837311415 -0.9829783481 -0.0896940984 -0.3232351520 
355140.0000000000 -1132916.1641382598 6092529.7170096980 1504633.8557757200 0.1607784408 11.3140434823 0.0000000000 -0.2514659913 0.0000000000 0.0000000000 0.8135098808 0.2330686180 -0.7791406746 0.2457592588 -0.2512739538 -0.1631208118 0.8924877734 -0.0968374491 -0.1035646941 -0.1576574191 -0.2154327276 
355170.0000000000 -1132914.6444234613 6092529.4327698704 1504633.6317815429 0.0324100403 11.3140434823 0.0000000000 0.7425508551 0.0000000000 0.0000000000 0.4529156777 1.2454694704 1.1032656719 -1.2341721225 -0.9906854459 0.3008706220 -0.4542907131 -1.2584971293 0.1784966233 -1.2501279122 1.1228952240 
355200.0000000000 -1132915.0100284419 6092528.8541884478 1504632.8845817738 0.0012610319 11.3140434823 0.0000000000 1.2642784700 0.0000000000 0.0000000000 0.2354365635 0.1937881423 0.0953266080 0.0942089826 -0.0778743245 1.1696698229 -0.3808034714 -1.9762187141 0.2620148662 0.1459250358 -1.0667011038 
355230.0000000000 -1132915.6194472143 6092530.4049764499 1504634.0262945227 0.0002322380 11.3140434823 0.0000000000 0.8911263796 -0.0000000000 0.0000000000 1.2296810007 -0.0936118442 -0.2547505514 0.0430343286 -1.0948619942 1.4409788924 0.8765695027 -1.4821343078 -0.3129599262 -0.4418679340 -0.6552291290 
355260.0000000000 -1132915.6652110221 6092531.7166125122 1504634.0812508210 0.0009725947 11.3140434823 0.0000000000 0.1428827082 0.0000000000 0.0000000000 1.1778979346 1.6613882205 -1.0675473352 -0.1130577273 -0.0929042820 1.2278551958 -0.9215912091 -1.8944216870 -0.3441934300 0.6080761268 -0.4334323558 
355290.0000000000 -1132915.9438472409 6092531.2009743033 1504633.8967017857 0.0045887149 11.3140434823 0.0000000000 0.0390517560 0.0000000000 0.0000000000 1.1019081461 0.7438312520 -0.9293218015 -0.0838100837 -0.4622972693 1.9220395227 -0.3544078295 -1.5173869750 -0.6482332961 0.1921552472 -0.0136594400 
355320.0000000000 -1132914.8440671414 6092530.9232178181 1504633.7030291583 0.0000007742 11.3140434823 0.0000000000 0.7064232963 -0.0000000000 0.0000000000 1.2996992142 0.8211590309 -0.4356890934 -0.5380129405 -0.6501167297 0.8469099624 0.4314600281 -1.6392349077 -0.1454932483 -0.6131787592 0.0235698338 
355350.0000000000 -1132915.9126029229 6092530.8684508372 1504633.8784545839 0.0104736252 11.3140434823 0.0000000000 1.4334549004 -0.0000000000 0.0000000000 1.2920575579 0.2612061547 -0.1451373532 0.1881991484 0.0345772891 0.7371752876 0.9050074830 -2.9111329624 0.0926331229 -0.7257460252 -1.0028390457 
355380.0000000000 -1132915.7555275264 6092531.3734595580 1504634.1698825725 0.0650800423 11.3140434823 0.0000000000 0.9270822031 0.0000000000 0.0000000000 0.8460618717 -1.0659758271 0.3606428214 -0.2238831867 -0.2902106065 0.9009444517 1.9942184018 -1.6842899324 -0.1936392208 -2.0301949290 0.6895618928 
355410.0000000000 -1132913.8868865615 6092527.9187442996 1504633.3405485344 0.0003724425 11.3140434823 0.0000000000 -0.6243317783 0.0000000000 0.0000000000 0.0229541926 1.2401549872 0.2444930101 -0.1834965937 0.1129703123 0.4179663068 -0.7905802209 -1.0775314276 -0.1136902064 -0.6577600651 1.3182465260 
355440.0000000000 -1132915.7019244395 6092530.6349473605 1504633.5374355551 0.1175001623 11.3140434823 0.0000000000 0.9340457127 -0.0000000000 0.0000000000 1.2849664195 0.6814885151 -0.2942910033 -0.4532354637 -0.4014275450 0.4115144882 -0.0630104279 -1.2073805158 -0.3403513385 0.2969251971 -0.8035464881 
355470.0000000000 -1132915.0537264119 6092529.6248847991 1504633.3901978852 0.0673161252 11.3140434823 0.0000000000 0.3924432782 -0.0000000000 0.0000000000 0.8517398474 1.7950285501 -0.3558678853 -0.9713725867 0.9503986837 0.3297586263 -1.1574745669 -2.1585894021 -0.3622040704 -0.0279990099 0.6243191900 
355500.0000000000 -1132915.1569061894 6092527.6037543053 1504633.2276047829 0.0021381312 11.3140434823 0.0000000000 0.6298105887 -0.0000000000 0.0000000000 0.1365738412 0.3441628120 0.5762128345 0.2641982642 0.1026905339 0.9028074976 -1.1525502586 -1.4677758007 -0.2130827896 0.5513124378 -0.8110790229 
355530.0000000000 -1132915.1088314608 6092529.1817732854 1504633.4253894051 0.0771752676 11.3140434823 0.0000000000 -0.2256144135 0.0000000000 0.0000000000 0.8676289197 1.8078158552 0.7922751897 0.0103456430 -0.1386512084 -0.3710095844 -0.6220859648 -1.7851164832 -0.3764583501 -0.6333851504 0.6449498324 
355560.0000000000 -1132915.6883062767 6092529.9304057676 1504633.7809287442 0.0067959265 11.3140434823 0.0000000000 1.2579285340 0.0000000000 0.0000000000 0.4767276117 0.9604338733 0.0354824601 -0.5650084904 -0.3831108460 0.2342886366 0.2580003722 -2.0299310972 0.9985974214 -0.9993819021 -0.1705308118 
355590.0000000000 -1132915.5018233936 6092529.6757793240 1504633.5087866003 0.0521138632 11.3140434823 0.0000000000 1.4143759754 0.0000000000 0.0000000000 0.3835534836 0.5064922957 0.0178733465 -0.1418866385 -0.3366468171 1.3783199345 -0.7290841917 -2.1114392637 0.5339772750 0.1802584664 -1.1533923297 
355620.0000000000 -1132915.9582742525 6092530.1959063616 1504633.6371559147 0.0233274387 11.3140434823 0.0000000000 1.2080545356 -0.0000000000 0.0000000000 1.0544121748 -0.3322335703 0.5578726687 0.2330073192 0.3086708542 1.2516682551 0.0092118808 -2.5791236951 -0.6827816853 -0.2784769971 -0.7461301214 
355650.0000000000 -1132914.1227380508 6092528.2615208188 1504633.2972879393 0.0426427817 11.3140434823 0.0000000000 1.0414907007 0.0000000000 0.0000000000 0.9637741296 1.2484311645 0.3275944517 -0.4649920283 0.3252291737 0.2759440679 0.0563251780 -3.0653627845 0.2294628361 -1.2175610461 0.3293358482 
355680.0000000000 -1132916.1618815153 6092529.5039234236 1504633.4405094758 0.0145660428 11.3140434823 0.0000000000 1.0273220585 0.0000000000 0.0000000000 1.0120544506 -0.8016986123 -0.5425332026 0.2488835056 1.0811620271 -0.5724930041 1.3048362355 -1.0973183856 -0.2995134583 0.1253227712 -1.3155921599 
355710.0000000000 -1132916.2465014651 6092531.6695041526 1504633.6709543536 0.0024944905 11.3140434823 0.0000000000 1.3197732585 -0.0000000000 0.0000000000 1.4796186278 -0.0290878491 0.3273827423 0.2968545779 -0.1986236395 -0.3913642970 1.4687772542 -2.1619326203 0.0572162449 -0.9496939748 -1.0132039607 
355740.0000000000 -1132915.6340445618 6092530.2560600406 1504633.0180279813 0.0854373399 11.3140434823 0.0000000000 0.8208800917 -0.0000000000 0.0000000000 0.3146531218 -1.1395694786 0.6304764591 0.8857467019 1.1773292497 0.6907688606 0.2204474176 -2.0074846173 -0.5596613875 -0.0885053270 -0.9470075656 
355770.0000000000 -1132915.6649235485 6092529.3404687196 1504633.5882607002 0.0144985574 11.3140434823 0.0000000000 0.0385643175 -0.0000000000 0.0000000000 1.0063143569 0.0951077963 -0.2093321894 0.8433044112 0.7408613309 0.3236067307 0.5144907624 -1.9652856320 -0.6739089417 -0.2164365271 -0.4233610191 
355800.0000000000 -1132915.5513414759 6092530.0533722453 1504634.1727924282 0.0959045581 11.3140434823 0.0000000000 0.5694186510 0.0000000000 0.0000000000 1.5621400666 -0.4789057412 -1.0388689317 0.3253561475 1.2107044260 0.2904214887 1.9464582389 -2.4343765499 -0.6459670754 -1.0342631123 -0.0400382315 
355830.0000000000 -1132914.9208532681 6092527.7467934843 1504632.8078054488 0.0054157447 11.3140434823 0.0000000000 -1.3482067020 -0.0000000000 0.0000000000 -0.3778406248 -0.5735023480 0.3358237504 1.4887279111 1.0327361072 0.4714694583 0.4665962207 -0.9740606766 -0.7405369346 -0.8719128185 1.0876144077 
355860.0000000000 -1132915.8921063296 6092528.7759396899 1504633.2548543611 0.0199143421 11.3140434823 0.0000000000 0.4398933961 -0.0000000000 0.0000000000 0.2407256214 1.0218223581 -0.3049998695 -0.5574830915 0.4877394347 1.4260696387 -1.9061978251 -1.3945409465 -0.3036506756 0.9525142561 -0.2762092103 
355890.0000000000 -1132915.6945800509 6092529.0250531901 1504633.4563430471 0.0077615315 11.3140434823 0.0000000000 0.4838816568 0.0000000000 0.0000000000 0.5314026594 0.8948199778 -0.6372941627 -0.4509624818 0.4984561000 1.4053849474 -1.2154064588 -1.6980596788 -0.2456506900 0.5597254259 -0.2210736114 
355920.0000000000 -1132914.5060503825 6092527.8804508317 1504632.3104532789 0.0536343683 11.3140434823 0.0000000000 -0.2351577468 -0.0000000000 0.0000000000 0.3094579354 -0.2848589393 -0.7706602316 -0.1664384478 0.4991203595 1.2409575820 0.6179244609 -1.0443323795 -0.4330081690 -0.9473053605 1.2606826361 
355950.0000000000 -1132914.5103998904 6092528.3815306602 1504632.6594095617 0.1183373450 11.3140434823 0.0000000000 0.8982185439 0.0000000000 0.0000000000 0.3893899418 -0.8292301853 -0.1615184990 -0.0236837979 0.7102079301 1.7986988349 -0.5838486810 -1.4715346614 -0.5505536632 0.4082306216 -0.6535888626 
355980.0000000000 -1132914.0647536232 6092526.6271795714 1504632.5961643197 0.0000026743 11.3140434823 0.0000000000 0.2560283798 0.0000000000 0.0000000000 0.1403978746 0.2549799778 -0.1418046289 -1.0552027350 0.9477048741 0.4836260497 -0.0487737196 -1.1318381042 -0.3864977608 -0.9267324921 1.5959785976 
356010.0000000000 -1132914.8727051972 6092531.0236639492 1504633.6838392832 0.0001425786 11.3140434823 0.0000000000 0.3734691406 -0.0000000000 0.0000000000 1.2481210708 0.1515300392 -1.6575198874 -0.5557453241 0.7553721745 -0.7272295605 1.6278646313 -0.5004634004 -0.2603761789 -0.1870051032 -0.0640761024 
356040.0000000000 -1132914.5620394510 6092528.5444435561 1504633.4917100181 0.0080971176 11.3140434823 0.0000000000 0.6491916130 -0.0000000000 0.0000000000 0.6575590308 0.4905296061 -1.3933454535 0.0961649811 1.4465374833 -0.4191375961 1.3349432176 -2.3053468100 0.6187103379 -0.6863177341 -0.3174823705 
356070.0000000000 -1132915.4253238542 6092529.7299462687 1504633.2717625536 0.0065058878 11.3140434823 0.0000000000 1.5339030320 0.0000000000 0.0000000000 0.9765140997 0.4669565478 -0.9437849044 -0.8424379106 0.2279704165 0.0473865095 0.6065034846 -1.6092105698 0.7026270414 -0.2238519304 -0.8266488232 
356100.0000000000 -1132914.7392053744 6092530.4093085146 1504634.7741177245 0.4610421747 11.3140434823 0.0000000000 1.8314476187 0.0000000000 0.0000000000 1.6750016998 0.0075751340 -0.9350587638 -0.8176376661 0.2446834271 0.0336328388 0.9828303432 -1.6896754983 0.1101984586 -0.0467085299 -1.2400912820 
356130.0000000000 -1132914.8519081157 6092528.9262421122 1504632.9919063288 0.0136996081 11.1654816136 0.0000000000 0.1282269835 -0.0000000000 0.0000000000 1.0178522676 0.9654957015 -0.8042605935 -0.0002686642 0.4385940955 0.3574914753 0.0000000000 -1.6395828187 -0.3324917800 0.0831207719 -0.1724657086 
356160.0000000000 -1132915.5520657939 6092530.3694214905 1504634.4604162583 0.0000172856 11.3140434823 0.0000000000 0.5826914808 0.0000000000 0.0000000000 1.4288277533 0.1457355399 -2.0685946415 -0.2910158668 1.2443965370 -0.7568915284 1.8988477947 -1.1812779911 -0.1812779325 -0.0363533020 -0.5583303947 
356190.0000000000 -1132915.2635177814 6092529.4266582513 1504633.8891574165 0.0000336061 11.3140434823 0.0000000000 -0.3826436966 -0.0000000000 0.0000000000 0.8277123288 0.6906295144 -0.5138814667 0.3867401065 0.3314063048 -1.5931839037 1.4794519630 -0.4914068111 -0.1919424765 -0.4844272802 0.1028416210 
356220.0000000000 -1132914.9751127108 6092529.0077004163 1504633.8352815853 0.0158047409 11.3140434823 0.0000000000 0.7400403373 0.0000000000 0.0000000000 0.7940290041 -0.6337147658 -0.7883021836 -0.4953317239 0.5563136407 0.0176384566 1.3494490448 -0.7337779651 -0.2053220909 -0.6439713378 0.1738831474 
356250.0000000000 -1132913.6314774307 6092529.8306514928 1504632.4531883001 0.0001257303 11.3140434823 0.0000000000 0.8660311283 -0.0000000000 0.0000000000 0.6511815001 0.0906646098 0.1780792722 -0.2154986785 -0.0875276850 -0.0000359618 -0.2143102203 -0.6664896461 0.0161621459 0.3395069443 -0.9475748576 
356280.0000000000 -1132913.9940004183 6092530.0200155582 1504632.8153742570 0.0182546149 11.3140434823 0.0000000000 1.7530737484 0.0000000000 0.0000000000 1.0350147952 -1.0214520622 -1.3270117037 -0.7254470377 0.4894191003 0.6605030928 1.5534288573 -1.4004732527 0.4661713183 -0.6074935744 -0.7092887255 
356310.0000000000 -1132914.8301177619 6092530.7052955339 1504632.8383165856 0.0058281886 11.3140434823 0.0000000000 0.6650073123 -0.0000000000 0.0000000000 0.6663768900 0.0432763712 0.1806805054 -0.1250730864 0.1775026660 0.0695736195 0.1573300530 -1.1188690273 -0.1498647934 -0.2562183036 -0.2773989680 
356340.0000000000 -1132915.0632603397 6092528.0762880957 1504633.2802692652 0.1184650313 11.3140434823 0.0000000000 -0.4513900870 -0.0000000000 0.0000000000 0.3752368338 0.7512209251 -0.3050655047 0.1155997874 0.6637771250 0.4424132114 -0.3252595639 -1.1988501444 -0.6355055460 -0.1093580899 0.6568876852 
356370.0000000000 -1132915.6278412628 6092529.5978624010 1504634.0679858001 0.0131857637 11.3140434823 0.0000000000 0.1288173538 0.0000000000 0.0000000000 1.0176440868 0.5009417266 -0.8528580051 0.6091366247 0.1047811086 1.1721328500 0.5087457241 -2.3686327175 -0.0437850934 -0.6408774422 -0.0661921376 
356400.0000000000 -1132914.9900113617 6092529.1487257816 1504633.3734790264 0.0112310654 11.3140434823 0.0000000000 0.7629169894 -0.0000000000 0.0000000000 0.5679832495 -0.2430338557 -0.4811094285 0.2390100488 0.6508055785 0.6088556106 0.7177353808 -2.0267880656 0.2616135590 -0.7057552596 -0.2759290717 
356430.0000000000 -1132914.9020164809 6092529.6230362533 1504633.8044944545 0.1251144464 11.3140434823 0.0000000000 -0.5338070520 -0.0000000000 0.0000000000 0.1499079304 0.5023057904 0.1316214850 1.0658094876 0.3845416346 0.3265678504 0.4586416907 -1.9803519821 -0.0425481501 -1.0743475785 0.6418540883 
356460.0000000000 -1132915.4809741904 6092530.1623531468 1504633.4020655679 0.1970016434 11.3140434823 0.0000000000 0.9914129742 -0.0000000000 0.0000000000 1.1844664432 -0.8480590623 -0.1702740588 0.3064982237 0.8572869140 0.9622759734 1.2742034926 -2.8192504590 -0.4612702387 -1.4264995358 0.2596583419 
356490.0000000000 -1132915.6280003462 6092532.1928534759 1504633.6215083147 0.0006533851 11.3140434823 0.0000000000 1.0042662332 -0.0000000000 0.0000000000 1.4810984613 0.8396878366 -0.6934920324 -0.1975220734 0.1244672325 -0.0213876373 1.0482786517 -2.5683012558 0.2610532718 -0.9202070332 -0.2201507200 
356520.0000000000 -1132914.3888380104 6092529.6853157440 1504633.6961536875 0.2020334220 11.3140434823 0.0000000000 0.2842379353 0.0000000000 0.0000000000 0.9250490719 0.0821966468 -0.7134676241 -0.0509515673 0.0258423450 -0.3794385284 1.8652316720 -1.2344114100 -0.0122039282 -1.3577349694 0.7227662583 
356550.0000000000 -1132915.1070525681 6092528.2722239997 1504633.1877779718 0.4696942400 11.3140434823 0.0000000000 -0.0916199417 -0.0000000000 0.0000000000 0.5901669058 1.9243369459 0.8114414320 -0.0873591012 -0.8879306758 0.3219900152 -1.3861554118 -1.3580845543 -0.0112434762 -0.1177477926 0.2228595647 
356580.0000000000 -1132916.1731236661 6092529.9695699308 1504634.4915246335 0.5033298140 11.3140434823 0.0000000000 -0.4364659729 0.0000000000 0.0000000000 0.6370634836 0.5584575367 -1.1651750156 -0.3138353037 0.6715626057 0.4691575014 0.7560582029 -1.1054560762 -0.7509696511 -0.7003472504 1.4399486982 
356610.0000000000 -1132914.4901222757 6092527.8314526509 1504633.3408406517 0.8313406938 11.3140434823 0.0000000000 -0.1265972263 0.0000000000 0.0000000000 0.5348206019 1.0494990838 -0.0872114228 -0.3601408476 -0.2737066182 1.4168726250 -1.1575352045 -1.2307046012 -0.4428155802 -0.1351605300 0.7485338683 
356640.0000000000 -1132914.3898853252 6092529.3210176872 1504633.4967217988 1.2241093753 11.3140434823 0.0000000000 0.7179271649 0.0000000000 0.0000000000 0.4708568030 0.4861714953 -0.2291845271 -0.0700121066 0.7749521795 0.8491955742 -0.0678098205 -2.5928078946 0.2552885583 -0.7973121696 0.2270563666 
356670.0000000000 -1132914.6420913308 6092528.7597554708 1504632.6527365816 0.4448399017 11.3140434823 0.0000000000 1.4747459969 -0.0000000000 0.0000000000 0.1580765118 0.1839554690 0.1009841030 -1.5078665018 0.6043572652 0.7704434148 -0.7152098733 -1.4182439852 0.4007527787 -0.5464046106 0.4796629135 
356700.0000000000 -1132914.8683271306 6092529.3247775976 1504632.8637818955 1.2168479023 11.3140434823 0.0000000000 -0.2173284355 -0.0000000000 0.0000000000 0.9915965042 0.0892704715 -2.3476376220 0.4524776534 0.5091148831 -0.7800144896 2.7427882023 -0.7245531082 0.0456570560 -0.4411846311 -0.1136836665 
356730.0000000000 -1132914.7404526800 6092528.3500351626 1504633.3476261261 1.7751641226 11.3140434823 0.0000000000 -0.5925791078 0.0000000000 0.0000000000 -0.2249296099 0.2878652791 -1.5202145143 1.3600208909 0.0792956463 1.6284022932 0.7996732524 -2.0243314998 1.0403963258 -0.9713808647 0.1928508223 
356760.0000000000 -1132914.8399726725 6092528.9578841785 1504633.4547590576 1.8616497387 11.3140434823 0.0000000000 0.1068030096 -0.0000000000 0.0000000000 0.9758671926 -0.7444639818 -1.2345300496 0.1672769102 0.2416431554 0.3254705798 1.6594477428 -0.5230823272 -0.5850502654 -0.5106864865 0.2362862795 
356790.0000000000 -1132915.4972700081 6092529.5024549002 1504633.4453092047 0.9371161168 11.3140434823 0.0000000000 0.9790390774 -0.0000000000 0.0000000000 0.5949362950 -1.0336371297 -0.7276890999 -0.2091707797 0.7535512903 1.8264466348 -0.1343165793 -1.4104477164 -0.1525939106 -0.1024883345 -0.3664214158 
356820.0000000000 -1132914.5808786398 6092529.2656286955 1504633.5261459160 2.2122526087 11.3140434823 0.0000000000 0.4585195867 0.0000000000 0.0000000000 -0.2812147313 1.0733839632 1.1061595738 0.1822283244 0.1039388977 -0.5705404899 -0.5683102583 -1.6537967486 0.9111420987 -0.6356924495 -0.1434455653 
356850.0000000000 -1132914.3552224978 6092529.2352714054 1504632.4911526958 2.4359253451 11.3140434823 0.0000000000 0.4341458048 0.0000000000 0.0000000000 0.6774828193 0.8499613128 -0.6717121989 -0.2913480569 0.3232000989 0.6115760480 -0.0639949631 -1.7804435326 0.1318907146 -0.3198511282 0.1322167332 
356880.0000000000 -1132915.9144344854 6092531.4989299932 1504633.6612761666 2.6163213828 11.3140434823 0.0000000000 0.3651644462 0.0000000000 0.0000000000 0.9201364702 1.0709510122 -1.3487609294 -0.3626686575 0.3221926718 0.1160530534 0.1324248395 -1.1674076412 0.1423827764 0.5059792478 -0.6407494450 
356910.0000000000 -1132915.4795024425 6092529.3667193875 1504633.4184105827 3.4571263353 11.3140434823 0.0000000000 0.4598022287 0.0000000000 0.0000000000 0.4992972286 -1.4757700254 -0.0213795358 0.1763046934 0.5601268251 1.6625974929 0.1124845729 -0.9933065003 -0.7812386060 -0.6254859385 0.4335939346 
356940.0000000000 -1132916.1004540750 6092530.9526222032 1504634.2049340326 4.4854240507 11.3140434823 0.0000000000 0.2411252780 -0.0000000000 0.0000000000 0.6809952561 1.0088154071 -0.3340792950 -0.2552255357 0.5603263363 -1.3156616190 0.5242035701 -0.7669927382 -0.1916553397 0.3008527600 -0.3981259620 
356970.0000000000 -1132916.3724945546 6092529.6648716712 1504633.5011090070 3.4268139800 11.3140434823 0.0000000000 -0.0185617413 -0.0000000000 0.0000000000 0.8103446559 -0.0254214348 -1.1178555391 0.2216202467 0.5834226820 -0.5473318976 1.5324485355 -0.6819156386 -0.4818075527 -0.1418902677 -0.0370173678 
357000.0000000000 -1132915.5157870604 6092530.9058163725 1504634.2200754241 5.0399090470 11.3140434823 0.0000000000 0.1112616106 0.0000000000 0.0000000000 0.5669062447 -0.5539963345 -0.4878800029 0.1245742505 -0.1831844844 -0.4852340275 1.2255741330 0.3370046984 -0.2688524242 -0.1213820536 -0.1958996472 
357030.0000000000 -1132913.2228934893 6092516.1180173187 1504630.3272644996 1.3661425303 11.3140434823 0.0000000000 4.0142701717 0.0000000000 0.0000000000 13.0932806855 0.4095097741 -0.9211663583 -2.0630137572 -4.5584841571 -0.7274561564 3.7503937140 -3.4012288930 -6.9259088000 0.2328575786 -2.4421124944 
357060.0000000000 -1132913.0146129047 6092514.5917411372 1504631.5125526688 1.7582247271 11.3140434823 0.0000000000 2.8369884014 0.0000000000 0.0000000000 12.5089254659 0.1852456933 -1.8446834773 -0.7861193160 -4.6334939565 0.8527927053 3.9552355301 -3.8659337642 -6.7212808495 -0.2609460586 -1.7880176506 
357090.0000000000 -1132912.5122270682 6092515.8805256318 1504631.0885731864 2.6207553972 11.3140434823 0.0000000000 3.2687135869 0.0000000000 0.0000000000 12.2768301616 0.1451768903 -1.3823036861 -1.0590978124 -3.8804252405 0.6303849838 2.9408533473 -3.8389122703 -6.6620350053 0.5698579149 -2.6167562721 
357120.0000000000 -1132913.2831445595 6092512.8362175319 1504631.6870697285 1.8416372555 11.3140434823 0.0000000000 4.0129003351 -0.0000000000 0.0000000000 12.4248778917 0.6521683264 0.3058217029 -1.4807139742 -4.5467449844 -0.2552336339 2.5638499396 -4.4224383614 -6.2636380149 -0.3358665567 -2.2707423075 
357150.0000000000 -1132912.3627830227 6092515.6597076515 1504631.2837531320 1.5671346933 11.3140434823 0.0000000000 3.8165205410 -0.0000000000 0.0000000000 12.9112804533 2.6074632841 -0.3143827438 -1.7172309591 -5.0354712519 1.4295233895 0.0657372906 -5.3957751828 -5.8223731034 0.9236265089 -3.1624013848 
357180.0000000000 -1132911.7948345817 6092512.5543495361 1504630.6770361906 2.0739817755 11.3140434823 0.0000000000 3.5563354098 0.0000000000 0.0000000000 12.7102714685 1.2382213905 -1.3493884594 -2.0404305088 -4.0606548790 2.0577143617 0.7941672427 -4.5215049295 -6.7825756937 0.9542774556 -2.2360006366 
357210.0000000000 -1132912.8960726229 6092516.0740243485 1504631.4738608794 2.9824521007 11.3140434823 0.0000000000 3.5790265728 0.0000000000 0.0000000000 12.8629226002 1.2038641031 -2.0398733977 -1.5744082759 -3.6738429164 -0.0452880116 2.8882515972 -4.3493630611 -6.4793026140 1.0495931207 -3.0150841294 
357240.0000000000 -1132913.2228074523 6092515.6633656723 1504631.1550040198 2.5764598521 11.3140434823 0.0000000000 3.7426506363 0.0000000000 0.0000000000 12.9328671098 0.1369026746 -1.1282050146 -0.6626582981 -4.0795640151 0.8188801326 3.0078887166 -5.1534710830 -6.3934746321 -0.1279679674 -2.6859938788 
357270.0000000000 -1132912.5870503583 6092515.1679640021 1504632.2436863473 3.7890430729 11.3140434823 0.0000000000 2.2941909995 0.0000000000 0.0000000000 12.6217547999 1.9032814506 -2.0787437516 -0.8902656815 -4.6837466797 0.0302189139 3.0823348336 -3.8840942681 -6.6699637127 0.5970323180 -1.9540714530 
357300.0000000000 -1132913.9296380621 6092514.7015291471 1504631.8670142016 4.7809430786 11.3140434823 0.0000000000 2.9375425257 -0.0000000000 0.0000000000 13.4472295583 0.6139085196 -2.1492965238 0.1807804073 -3.9229873871 0.0409844697 4.4301152449 -5.5259249622 -6.8968977096 -0.0684109374 -2.6439049554 
357330.0000000000 -1132913.2788517619 6092516.2254378917 1504632.0703749994 4.4026444696 11.3140434823 0.0000000000 2.7925194008 0.0000000000 0.0000000000 12.8002703932 -0.2536448332 -3.3034120453 -0.2493521272 -4.4690622717 0.4900237211 5.5313092313 -4.1523205696 -6.3752546167 -0.6582826924 -1.6805715352 
357360.0000000000 -1132911.6852662484 6092514.0986240348 1504630.9129108128 6.2858727153 11.3140434823 0.0000000000 2.9086676512 0.0000000000 0.0000000000 13.5673652783 1.6509723171 -2.0269232009 -1.1166980075 -5.0718184357 -0.3879456013 3.8624214480 -4.3019062361 -6.9417520093 -0.0001706975 -1.7322373738 
357390.0000000000 -1132913.0696773520 6092515.2526980238 1504632.0750608509 5.9653476782 11.3140434823 0.0000000000 3.1347771585 0.0000000000 0.0000000000 13.0499957574 1.3488225073 -0.8248078955 -0.7678817496 -4.9405849412 -0.3622451060 3.0242566214 -4.5642038428 -6.5116939890 -0.1931053233 -2.0237992462 
357420.0000000000 -1132910.3012640248 6092513.5943567697 1504630.2173467649 6.1719886502 11.3140434823 0.0000000000 4.5132928253 0.0000000000 0.0000000000 13.1771318738 0.9779675194 -1.0224276934 -2.2550234773 -4.8868247296 0.6017193277 1.9431509358 -4.5270232708 -5.7779631171 -0.1075369991 -2.2466572577 
357450.0000000000 -1132912.0292060724 6092514.6275837310 1504631.2883426698 8.1782913614 11.3140434823 0.0000000000 3.3549573846 0.0000000000 0.0000000000 13.5284523651 0.9908102294 -0.9574541333 -0.7904836685 -5.2544062667 -0.6290643646 3.6287876521 -4.4116906671 -6.6797119695 -0.4244876164 -1.9641994883 
357480.0000000000 -1132912.0068966595 6092514.7548907902 1504630.0822569910 7.4717292993 11.3140434823 0.0000000000 4.1958273172 0.0000000000 0.0000000000 13.0085372208 0.5471111347 1.3372556793 -1.8436464201 -5.3218496638 2.8105565475 -1.3500817544 -4.7088830027 -6.4732097382 -0.4068542326 -1.5214329241 
357510.0000000000 -1132911.6576888231 6092515.2167052906 1504630.5339153863 7.1065786567 11.3140434823 0.0000000000 4.1155143292 -0.0000000000 0.0000000000 13.4580363404 1.2373666469 0.7861829169 -1.6819606287 -5.0120530195 0.7005145993 0.3615783028 -4.8787328865 -6.6526764573 -0.1263900711 -1.9934570679 
357540.0000000000 -1132913.0495330230 6092516.1866315696 1504631.9653726548 8.9811731542 11.3140434823 0.0000000000 4.4256843667 -0.0000000000 0.0000000000 13.0574681000 1.1777209139 -0.3677260554 -1.8080906460 -4.4727927816 -0.1507345254 2.0190976207 -5.1888763529 -5.8353780434 -0.4910130126 -1.9923723403 
357570.0000000000 -1132911.9525221093 6092515.1984580494 1504630.8353376351 10.1740841160 11.3140434823 0.0000000000 3.8899164771 0.0000000000 0.0000000000 13.2508834540 -0.8330149312 -0.5535662895 -0.5547544976 -4.9752380905 1.2670209798 2.5046816841 -4.4343216113 -6.4283916641 -0.9102141188 -1.8447132605 
357600.0000000000 -1132912.2925856297 6092514.2483898140 1504630.9049879201 11.0322012969 11.3140434823 0.0000000000 3.3775783749 0.0000000000 0.0000000000 13.1329946911 1.1218729404 -2.0950325095 -0.7453740084 -4.6907889688 -0.0596158201 3.4284090726 -4.8125495301 -5.8562481705 -0.1216458265 -2.2953719068 
357630.0000000000 -1132913.1130592308 6092515.8894161880 1504632.0784828200 12.0081557225 11.3140434823 0.0000000000 4.3565333683 -0.0000000000 0.0000000000 13.7034883884 -0.7118117243 -1.4894977610 -1.0549654402 -4.9870809778 0.6237559838 3.3289660310 -4.2951898048 -6.1478332844 -0.6648871040 -2.2405820644 
357660.0000000000 -1132913.2127108171 6092516.2520221760 1504631.8558546279 12.4219767376 11.3140434823 0.0000000000 4.1976723602 0.0000000000 0.0000000000 13.8665967196 -0.4213112128 -3.1684684371 -1.0821456647 -4.2095456801 -0.0339083546 4.5479361199 -4.3318019862 -6.1744253636 0.1665460084 -2.9094880792 
357690.0000000000 -1132913.8229144341 6092518.7633789349 1504632.5447691975 13.6868271972 11.3140434823 0.0000000000 3.8479860416 0.0000000000 0.0000000000 14.2371074392 0.3398944811 -2.2235716552 -1.1261399441 -4.4810174170 0.5559945247 2.9125220572 -4.6309865379 -6.8573982391 0.3164057379 -2.4942401228 
357720.0000000000 -1132913.2976308274 6092515.2230643146 1504631.7488787838 13.3023928865 11.3140434823 0.0000000000 2.7937356174 0.0000000000 0.0000000000 12.8416157093 -0.2340141288 -1.4366182780 0.1844448053 -4.1750982441 0.0861515315 2.6200477699 -3.5034905246 -6.5671067115 0.8951278969 -3.1936465063 
357750.0000000000 -1132912.0968034046 6092514.2749774624 1504630.9131640831 17.2861662647 11.3140434823 0.0000000000 4.1246245933 -0.0000000000 0.0000000000 13.1293852062 0.5563649713 0.2277975768 -1.4891542569 -4.9101659554 0.6772668354 -0.1805045982 -3.6270322924 -5.7737219231 0.7441460097 -3.1711712022 
357780.0000000000 -1132912.3622610690 6092513.3822256280 1504630.2498778505 17.5131459565 11.3140434823 0.0000000000 2.9955798567 -0.0000000000 0.0000000000 13.2614492978 1.5622349265 -0.4850369088 -1.0869131443 -4.2895466559 -0.2374893258 0.4122366899 -3.5370005954 -6.8715167913 1.7166613554 -3.1832110928 
357810.0000000000 -1132912.0140588724 6092515.1615594411 1504630.5675026076 16.6838875445 11.3140434823 0.0000000000 2.6557626698 0.0000000000 0.0000000000 13.7922039404 2.5769015942 -1.0477015562 -0.6981723072 -4.7686094647 0.4050549421 0.0096637373 -4.4412838888 -6.5677585148 1.8214488965 -3.4744613208 
357840.0000000000 -1132912.8116304567 6092516.6850282801 1504631.5352799171 18.9984256288 11.3140434823 0.0000000000 4.3814940200 -0.0000000000 0.0000000000 14.4303104373 0.8371673672 -0.6519371440 -0.7076365415 -4.5915475328 0.6820398936 0.6420055612 -5.5351028722 -5.8195365425 0.6188609600 -3.9179559259 
357870.0000000000 -1132912.3897095041 6092515.8141871067 1504631.7647609201 23.0404737254 11.3140434823 0.0000000000 5.1035897740 0.0000000000 0.0000000000 13.4509745034 -0.6885723562 0.9930228272 -1.3118589760 -4.2225176729 1.6188186933 -0.7445310128 -5.0075303634 -5.6643669173 -0.4943773256 -2.6581863799 
357900.0000000000 -1132911.7344987402 6092515.7661475167 1504631.4501525478 20.3713579345 11.3140434823 0.0000000000 4.0510172571 0.0000000000 0.0000000000 13.5763139527 0.2199286685 -1.5835463123 -1.3650232449 -4.9370541626 0.6009540883 1.7019020391 -3.7996060659 -5.7951879298 0.2213423824 -2.5263236027 
357930.0000000000 -1132911.5577011805 6092514.0901118796 1504632.2313415969 26.2620746025 11.3140434823 0.0000000000 2.7640027714 -0.0000000000 0.0000000000 13.1039179534 1.6639269683 -1.9530427026 0.3775390282 -5.0952846778 1.3260953408 1.9818439799 -6.0369224813 -5.2007365894 -0.7350915025 -1.8539437220 
357960.0000000000 -1132912.8466779296 6092516.1870689476 1504632.1975499047 22.5654986583 11.3140434823 0.0000000000 3.3858022570 0.0000000000 0.0000000000 13.2294990640 0.0211076739 -0.8630315615 -0.6207348665 -4.1246094058 0.2061109619 1.2970684026 -3.6793112969 -6.5634958601 0.7014728158 -2.6869092847 
357990.0000000000 -1132912.7398259665 6092515.6151400739 1504631.6919431947 24.5772600134 11.3140434823 0.0000000000 3.4881207648 -0.0000000000 0.0000000000 13.9064795877 1.3369795795 -1.4809779763 -0.6538064527 -4.6647156080 1.3105903195 0.7593229108 -5.4644053270 -5.9730544989 0.0448872244 -2.2565030240 
358020.0000000000 -1132912.7715709659 6092515.7007709211 1504631.3550532090 27.2248999363 11.3140434823 0.0000000000 2.4896017006 0.0000000000 0.0000000000 13.6708958879 0.1902451488 -1.1025258944 0.8726312548 -5.1839028775 2.2480140856 0.5488485643 -4.7096272526 -6.3028199367 -0.1165672205 -2.2825946250 
358050.0000000000 -1132912.3553346598 6092515.0290368460 1504630.9725231293 26.8886405869 11.3140434823 0.0000000000 3.2669100779 0.0000000000 0.0000000000 13.6536783535 -0.3213941056 -3.0761343637 -0.4855830217 -3.9603838408 3.5100040270 -0.0212961003 -4.3072589915 -5.7940423825 1.0077896450 -3.0683363382 
358080.0000000000 -1132912.0282141701 6092515.9959055372 1504631.6088386318 25.9119233492 11.3140434823 0.0000000000 3.5052634279 -0.0000000000 0.0000000000 14.0478246703 0.3186493654 -1.8545782924 -0.9141171067 -4.7281638356 1.0566581766 0.8277079514 -3.6588144086 -6.2802864596 0.9087099055 -2.8856515768 
358110.0000000000 -1132913.8993039501 6092518.0086458428 1504632.2168813243 26.0865570555 11.3140434823 0.0000000000 4.3466670426 -0.0000000000 0.0000000000 14.5118040510 0.0799111747 -1.1093470126 -0.8781880759 -5.5248602539 -0.1457268466 1.9901108304 -4.1698815140 -5.8641063481 -0.2719308672 -2.5966231596 
358140.0000000000 -1132913.1700063366 6092518.1345954090 1504631.8026597863 31.3034946817 11.3140434823 0.0000000000 5.0384505453 0.0000000000 0.0000000000 14.4278209013 0.3903407003 -1.2148215993 -1.8108109522 -4.3265222490 0.2892032242 1.1154996049 -5.1367331966 -5.7940377199 -0.2557027962 -2.3101676880 
358170.0000000000 -1132913.5403523340 6092519.0477753328 1504632.4122681345 29.2916630461 11.3140434823 0.0000000000 4.7358491447 -0.0000000000 0.0000000000 14.2055298298 -0.4419407136 0.1216067833 -0.4156486691 -4.5112157081 -0.2530489613 1.0820133708 -4.9833324149 -5.6871668024 -0.4299682518 -3.0547103505 
358200.0000000000 -1132912.4298213196 6092516.8927492984 1504632.0010696580 0.5143013832 11.3140434823 0.0000000000 4.7420544217 0.0000000000 0.0000000000 14.2230356490 -0.4207074487 -0.5061716231 -0.4942924193 -5.2741236493 -0.3721475643 1.6077770398 -4.3759066054 -5.0713092043 -0.4200356651 -3.2649553324 
358230.0000000000 -1132912.7084367350 6092518.9459532797 1504631.6149658961 0.6469967501 11.3140434823 0.0000000000 5.9355005736 -0.0000000000 0.0000000000 14.9528941047 0.0536172078 -1.4736892351 -2.6005230679 -4.9004897624 0.2899975358 0.7707470578 -4.5099411130 -5.0429779033 -0.1944066977 -2.8124718646 
358260.0000000000 -1132912.6783906487 6092516.3474637438 1504631.0668910479 0.4537698236 11.3140434823 0.0000000000 4.0790322425 0.0000000000 0.0000000000 14.0999256650 0.6139866733 -1.7101397878 -1.3342052929 -4.6849239208 0.6183319815 0.3543197281 -3.8846908157 -5.4693193868 0.7698403680 -3.0883147333 
358290.0000000000 -1132913.8081099736 6092517.9965816215 1504631.5817738168 0.1748237906 11.3140434823 0.0000000000 4.7352498452 0.0000000000 0.0000000000 14.0917641020 -0.0278577459 -0.7794591569 -1.4891419276 -4.2478242512 1.0881988778 -0.5078827641 -4.4339868531 -5.4250054496 0.0417663200 -2.6285883834 
358320.0000000000 -1132913.1142017799 6092516.4640004160 1504631.9570446888 0.0169829497 11.3140434823 0.0000000000 3.6452101094 -0.0000000000 0.0000000000 13.9998716219 -0.7256026923 -0.7668640669 0.3433200014 -4.7171720479 0.7856121772 0.3958834884 -3.8693496369 -5.6066147844 0.3302131724 -3.4674847753 
358350.0000000000 -1132911.3465083938 6092515.9913825113 1504632.3685036399 0.2418332373 11.3140434823 0.0000000000 3.1067546053 0.0000000000 0.0000000000 13.9584347895 -0.2781790601 -1.6633044054 0.0364033879 -4.9516573451 2.4018283287 -0.2945869673 -3.9049437501 -5.8494556952 -0.0047804907 -2.1614880844 
358380.0000000000 -1132911.7065407950 6092513.9278130420 1504631.3788014471 0.2946358175 11.3140434823 0.0000000000 2.4118736333 -0.0000000000 0.0000000000 13.4590462660 0.9489935360 -2.5765944289 -0.7111722546 -5.1377645248 2.3806929933 -0.2694136105 -3.2486294565 -5.9857997470 0.4511627117 -1.3701365429 
358410.0000000000 -1132913.2248431237 6092518.8643161738 1504632.6088797951 0.0355796391 11.3140434823 0.0000000000 4.1110667659 -0.0000000000 0.0000000000 14.5334513641 -1.3407516506 -2.4849385312 0.1373381881 -4.7914356050 1.7841429863 1.5354740454 -4.4876382385 -5.4689207033 -0.5558011827 -2.5112246275 
358440.0000000000 -1132913.4782437920 6092519.8304287707 1504632.9309836046 0.3894216667 11.3140434823 0.0000000000 4.3478290392 -0.0000000000 0.0000000000 14.2183376239 -0.0304200859 -0.7459426607 -0.6465779112 -5.0195927320 1.1468662247 -0.4957430799 -4.4168595022 -4.9442667423 -0.4462765667 -2.5455780891 
358470.0000000000 -1132912.2558321697 6092518.5909781111 1504632.0196565986 0.2035379104 11.3140434823 0.0000000000 4.6895228646 -0.0000000000 0.0000000000 14.3264483211 -0.3237341440 -0.0260067836 -1.0849439689 -4.5843254582 -0.1691694893 -0.4812841318 -3.6359765000 -5.4587018144 0.2219871438 -3.1106436188 
358500.0000000000 -1132913.6967476383 6092518.1675035646 1504632.7805011403 0.1851888108 11.3140434823 0.0000000000 2.5402203985 0.0000000000 0.0000000000 13.9619710462 0.3717801446 -0.0668306695 0.9050217734 -4.9762516293 0.6824337745 -0.6577118450 -3.9166674160 -6.2086401059 0.2835292908 -2.6466940489 
358530.0000000000 -1132912.7459196635 6092518.7617051369 1504632.2486274284 0.3081436012 11.3140434823 0.0000000000 4.6354240312 0.0000000000 0.0000000000 15.0543306197 0.6696837426 -1.9862572287 -1.1455499841 -5.5589469561 0.5783044623 0.5988867961 -4.6856840571 -4.8571108013 -0.4077694710 -2.4627236719 
358560.0000000000 -1132912.9643281659 6092517.7060620943 1504631.8235050559 0.2217618059 11.3140434823 0.0000000000 5.0336612365 0.0000000000 0.0000000000 15.1739655804 -0.0645992005 -1.1967681996 -0.7228783748 -4.9986592188 0.2999488340 0.5877108199 -5.2462091675 -5.0873277163 -0.8108930959 -2.5211705198 
358590.0000000000 -1132913.2060041323 6092517.5761298053 1504633.3737966386 0.0647074972 11.3140434823 0.0000000000 3.3342088008 0.0000000000 0.0000000000 14.3383047092 0.2720202968 -0.1711938050 0.5808416196 -4.8391429836 2.3771027390 -1.9062224094 -5.3381366046 -5.5444278163 -1.0830815165 -1.5635161688 
358620.0000000000 -1132913.4730815471 6092520.0694276309 1504632.1420787163 0.3040159969 11.3140434823 0.0000000000 5.7848054586 0.0000000000 0.0000000000 15.6172700618 -1.5417360139 -2.5252132082 -2.0396766060 -4.6784650667 0.2445698914 1.3163609316 -3.3400802110 -5.7086712452 -0.0760896619 -2.5554862773 
358650.0000000000 -1132912.6160446981 6092518.3817931302 1504633.3219190009 0.0030538739 11.3140434823 0.0000000000 3.8730800084 0.0000000000 0.0000000000 14.6589692617 0.2330917121 -1.9725899839 -0.4417374768 -5.4954812172 1.2458922411 -0.1599098092 -3.9637762751 -4.8611566174 -0.2044690482 -2.4814213250 
358680.0000000000 -1132911.9798881239 6092518.5183765506 1504631.8468966547 0.2640783563 11.3140434823 0.0000000000 5.1969015879 0.0000000000 0.0000000000 14.9459697902 -0.1124731986 -0.2918182733 -1.3390093917 -5.2267363617 -1.1890389163 0.2497426293 -3.6986237547 -5.1722403160 -0.3044945083 -2.7130386487 
358710.0000000000 -1132911.7154249263 6092516.9461237276 1504631.3995571965 0.4425215741 11.3140434823 0.0000000000 4.3177762490 -0.0000000000 0.0000000000 14.7522878170 0.8723746997 -1.9665689509 -0.9030006399 -6.3784337608 0.2784158260 0.6345198687 -4.1162763242 -4.3308637193 -0.8714503562 -1.8874179684 
358740.0000000000 -1132912.2305463033 6092516.4714862937 1504632.3167941193 0.0999313791 11.3140434823 0.0000000000 3.7529916762 0.0000000000 0.0000000000 14.3730026403 -0.0598078668 -0.7320051433 -0.1370704911 -5.6313846526 -0.2507905205 0.3960123343 -3.4442202859 -5.5516244008 -0.5923132827 -1.8121257001 
358770.0000000000 -1132913.7278004859 6092517.0474589821 1504633.4606483430 0.0448150993 11.3140434823 0.0000000000 1.9771181044 0.0000000000 0.0000000000 13.7836948358 1.0782303773 -1.0307022386 0.8555480527 -5.0569755720 1.3192186131 -1.4141374271 -3.6940970079 -5.6001519293 0.3999543028 -2.3176200637 
358800.0000000000 -1132915.3037305013 6092530.3929758184 1504633.8662175597 0.0018101095 11.3140434823 0.0000000000 0.3487622385 -0.0000000000 0.0000000000 0.4849399538 0.8762806178 1.6136224459 0.4248578306 -0.8246087943 -1.8821092745 1.0088423715 -1.4167246641 -0.4466131967 -1.2871485071 0.9736875602 
358830.0000000000 -1132915.2559151535 6092529.6157867974 1504633.2224586962 0.1093507645 11.3140434823 0.0000000000 0.8260522946 0.0000000000 0.0000000000 0.1568293917 0.2054144975 2.1672023542 -0.2384956648 -0.1690441428 -1.0224327079 -0.6017078324 -0.8737433521 -0.2718326896 -1.3150297322 1.1173086837 
358860.0000000000 -1132915.7390332606 6092529.7869089525 1504634.3211339917 0.7740186773 11.3140434823 0.0000000000 0.5380683556 -0.0000000000 0.0000000000 -0.3193719286 0.2615842086 2.3133203413 -0.1934879961 -0.4493187637 -1.2180367864 -0.4824540404 -0.3433907678 -0.1732097332 -1.3381760639 1.3390449399 
358890.0000000000 -1132915.0086965174 6092530.5778554007 1504633.9891666735 0.0072743397 11.3140434823 0.0000000000 0.7480879616 0.0000000000 0.0000000000 -0.1865912430 -0.5054326137 0.0940477793 -0.0454052046 -0.2766933946 -0.1325155149 1.0713980655 -0.7806837535 0.2444155147 -1.5048569698 1.3321303737 
358920.0000000000 -1132916.3371974856 6092529.9096509395 1504634.1363308774 0.0608676328 11.3140434823 0.0000000000 -0.8003903163 0.0000000000 0.0000000000 -0.5151091843 0.2442781714 1.3445005970 1.1263391476 -0.0218694055 -0.9024175632 0.0890450696 -0.1860833656 -0.4170234202 -0.0618335861 -0.0550973947 
358950.0000000000 -1132916.4453139105 6092529.0177480886 1504633.8854451922 0.0075736361 11.3140434823 0.0000000000 -1.4475222115 -0.0000000000 0.0000000000 -0.8393592727 1.1562304559 -0.3427608212 0.7308799742 -0.0490806380 -1.0877019225 1.6362702802 -0.1034061413 -0.7973310161 0.5302909893 0.3728918229 
358980.0000000000 -1132914.8798612270 6092528.1306446511 1504634.7296827356 0.1234835406 11.3140434823 0.0000000000 -1.3707870489 -0.0000000000 0.0000000000 0.1483517383 0.1853367075 -1.1248355227 1.6337221619 -0.7025504498 2.3525520174 0.1756004277 -1.1326617820 -0.3770308360 -1.1061131127 1.4603528192 
359010.0000000000 -1132914.6772177576 6092531.4958618553 1504634.1416821424 0.0239187898 11.3140434823 0.0000000000 0.3312855635 -0.0000000000 0.0000000000 1.3719140838 0.1876061058 -1.4951728295 -0.1271772440 -0.4877845400 1.5659209356 -0.1429932771 -0.9508662961 0.1251235070 -0.3855771575 0.2136581914 
359040.0000000000 -1132912.8999350448 6092528.8560880432 1504632.1719935751 0.0990996426 11.3140434823 0.0000000000 0.9129582922 -0.0000000000 0.0000000000 1.1132610833 1.5327029948 -1.7109986868 -0.6954633390 -1.2471196071 -0.1693718112 1.5689574710 -1.8591968819 1.0897499320 -0.8232924116 0.3522974921 
359070.0000000000 -1132915.1289645166 6092531.9993884536 1504633.9720647542 0.0079393076 11.3140434823 0.0000000000 0.0055088744 0.0000000000 0.0000000000 0.6780347449 1.0829909284 -1.3901669760 -0.0011040173 -0.0523533913 1.7368752576 -0.3619146755 -1.9138218841 0.4810213547 -0.6123426991 0.5606239404 
359100.0000000000 -1132915.2244089707 6092529.6084732534 1504633.0498589387 0.3080300796 11.3140434823 0.0000000000 0.8672125759 0.0000000000 0.0000000000 0.8665508663 -0.4816958596 -0.7665260886 -0.2525574163 0.0704764365 1.1703927127 -0.1715401187 -0.9606910667 0.2454347735 -0.7817326859 0.4229561788 
359130.0000000000 -1132915.0746464012 6092528.7085989406 1504633.8168421953 0.0101646271 11.3140434823 0.0000000000 0.5529946037 0.0000000000 0.0000000000 0.0390444904 -0.0047569647 2.0782117484 0.8373056628 -0.1217516112 -1.0653468886 0.0766881802 -1.6290560474 -0.1196522590 -1.5921981242 0.8854504697 
359160.0000000000 -1132914.2714380424 6092526.9130402822 1504631.9929761097 0.2215980386 11.3140434823 0.0000000000 0.2175489325 -0.0000000000 0.0000000000 -0.2238607850 1.0443421492 0.6113660890 -0.2054674245 0.0317959332 -2.5027872513 2.0926728378 -1.0411259381 -0.7705269527 -0.1997414629 0.6399757243 
359190.0000000000 -1132915.4568898028 6092530.3359531173 1504633.6513526472 0.0476034965 11.3140434823 0.0000000000 1.0685063194 0.0000000000 0.0000000000 0.1480716112 -0.5289505927 0.9587454915 -0.1367915543 0.7566039464 -1.0837649156 0.7974386528 -1.2508054012 -0.6760856577 -0.9579360745 0.8726671697 
359220.0000000000 -1132915.5525132129 6092530.1298099300 1504634.4331534896 0.1483629487 11.3140434823 0.0000000000 -0.1465012421 0.0000000000 0.0000000000 -0.3344894334 0.0921134306 1.1346152660 1.0712426885 -0.1100271021 -0.5105004347 0.4462670422 -1.2355634606 -0.1193010607 -1.0876428104 0.7284297335 
359250.0000000000 -1132916.4358606960 6092529.8006216902 1504634.5914531855 0.0057864077 11.3140434823 0.0000000000 -0.1407516953 -0.0000000000 0.0000000000 -0.2859120489 0.1053936603 0.5587211147 0.6406813146 0.5820701010 -0.9780252539 1.3958419423 -1.3135180939 -1.1201211023 -0.5858919273 0.9939917089 
359280.0000000000 -1132915.6536972478 6092529.7832382265 1504633.8597146661 0.0653989853 11.3140434823 0.0000000000 0.3575497286 0.0000000000 0.0000000000 0.7967956492 0.0654168220 1.1650512715 0.4962865490 0.0101839733 -1.1202384078 0.3825671297 -1.1280474611 -0.9382151223 -0.5747327392 0.3682991519 
359310.0000000000 -1132914.9261882827 6092529.4375487631 1504633.5705967050 0.0107184094 11.3140434823 0.0000000000 1.0120193974 -0.0000000000 0.0000000000 0.1282961832 -0.1590384128 -2.2547083728 -0.5826278107 0.7329749379 1.2672054029 1.6525157330 -2.0232286824 0.2940924212 -1.0412361299 1.2631168199 
359340.0000000000 -1132914.9864062374 6092528.1167947054 1504632.9068652585 0.1777026497 11.3140434823 0.0000000000 0.3999415169 0.0000000000 0.0000000000 0.0773379334 0.1745979154 0.5771892530 0.2673481766 -0.2223313947 -1.2406218653 1.0181727102 -0.8265146373 0.0062576263 -0.4728057236 0.0913377626 
359370.0000000000 -1132915.4913885379 6092528.7689356320 1504632.5661733346 0.0291240049 11.3140434823 0.0000000000 -0.4675915760 -0.0000000000 0.0000000000 -0.0040617070 1.4088599004 -0.3987351718 -0.1034606524 0.2928662991 -0.6918347560 1.0503655212 -1.1990203536 -0.8243733694 0.2636201707 0.5079425203 
359400.0000000000 -1132916.0817097456 6092530.2951375656 1504633.0933132898 0.0614681280 11.3140434823 0.0000000000 0.6728108317 0.0000000000 0.0000000000 -0.1859986703 0.8588731531 -2.0142120826 -0.5263648621 1.0353237036 0.8539863333 1.5128632615 -2.6735675205 0.5317177937 -0.6246388586 0.7663722976 
359430.0000000000 -1132915.1612865075 6092528.5580344526 1504632.3449796191 0.0611042876 11.1654816136 0.0000000000 1.0734777945 -0.0000000000 0.0000000000 0.6334165188 -0.1942699695 -1.1974798977 -0.8468945413 0.5866512327 0.0000000000 1.1457065546 -1.0143540984 -0.2949367519 -0.2217054724 0.4351699712 
359460.0000000000 -1132915.6295674001 6092530.5852028253 1504632.6590849615 0.0537749520 11.1654816136 0.0000000000 1.3643847454 -0.0000000000 0.0000000000 0.9402645169 -0.1713740065 -1.3180188877 -0.3380823179 0.3722507987 0.0000000000 1.5402610037 -1.9913007596 0.3049498470 -0.6547580439 0.0907474980 
359490.0000000000 -1132914.7225254662 6092528.6294001294 1504633.5061409385 0.0377310486 11.1654816136 0.0000000000 0.2774855173 0.0000000000 0.0000000000 0.5403681470 -1.0192431910 -0.8855104430 1.0590554114 0.0729136380 0.0000000000 2.0075744746 -1.1556865865 -0.3892529276 -0.4983447632 0.0102253646 
359520.0000000000 -1132916.0137704713 6092531.5890961709 1504634.0601326802 0.0053317205 11.1654816136 0.0000000000 1.8102277303 -0.0000000000 0.0000000000 0.2959082662 -1.4302878067 -0.4643984057 -0.3419324227 1.4537103438 0.0000000000 1.0102251777 -1.6068818522 0.1530734106 -0.8011262779 0.1269755604 
359550.0000000000 -1132914.8278925281 6092528.6119866529 1504633.2696240940 0.0762352616 11.1654816136 0.0000000000 0.1603955060 -0.0000000000 0.0000000000 0.3317934734 -0.3287653711 0.4177092786 0.9007429591 -0.1083514228 0.0000000000 0.6673377151 -1.2937360744 -0.6472486302 -1.1711882034 1.0990647041 
359580.0000000000 -1132915.4244129236 6092531.4473541779 1504633.4635221194 0.0118464362 11.1654816136 0.0000000000 1.0448847667 -0.0000000000 0.0000000000 0.4217451818 -0.6676601193 0.3004259566 0.3915310266 1.0915515790 0.0000000000 0.4689130691 -2.0754494116 -0.3329769023 -1.0369149523 0.5286345664 
359610.0000000000 -1132915.8003498372 6092531.3817947945 1504635.2925063295 0.0712846081 11.1654816136 0.0000000000 0.1216311905 0.0000000000 0.0000000000 0.1294789029 -0.0173617779 1.2819554789 0.9038987256 0.7429768020 0.0000000000 -0.5420229552 -1.7172094644 -0.5499018696 -0.9611549460 0.6510091769 
359640.0000000000 -1132915.6425143748 6092530.2987600351 1504634.4125764426 0.0116513481 11.1654816136 0.0000000000 -0.1231405370 0.0000000000 0.0000000000 -0.2093260372 0.1249731740 -0.3908177386 0.6140893692 0.3672431051 0.0000000000 1.1357914879 -1.3057408513 -0.1677803874 -0.3093781938 0.2465503362 
359670.0000000000 -1132915.7453533832 6092530.7981314035 1504634.6779274531 0.0854737450 11.1654816136 0.0000000000 -0.3651979415 0.0000000000 0.0000000000 -0.4903165376 1.7058821374 -0.5984760787 -0.4367521444 1.2274276945 0.0000000000 0.4321649360 -1.8582268014 -0.2560235553 0.4591316668 0.1358869918 
359700.0000000000 -1132914.4049157251 6092529.3603807092 1504633.6952577427 0.0171117749 11.1654816136 0.0000000000 -1.0642687990 -0.0000000000 0.0000000000 0.0544526160 0.8349907313 0.8192312032 1.2075665565 0.1077543313 0.0000000000 -0.0187995122 -1.2887863483 -1.2555892467 -0.4155690038 0.9068681357 
359730.0000000000 -1132914.6373236987 6092528.7641356532 1504633.0108710791 0.0058477303 11.1654816136 0.0000000000 1.2379442216 0.0000000000 0.0000000000 0.5195815739 -1.2869324540 -0.2847505645 0.7838533141 -0.0929366514 0.0000000000 1.6200941835 -1.6702715436 0.0131960716 -1.6336539807 0.9437368157 
359760.0000000000 -1132914.3731919879 6092528.3384167412 1504633.1496115394 0.0097851798 11.1654816136 0.0000000000 0.1825256394 -0.0000000000 0.0000000000 0.9542790054 0.6515105160 -0.9171554358 0.2910383751 -0.8577659511 0.0000000000 1.2543366032 -1.3606060825 -0.1831980527 -0.6132882641 0.6024001815 
359790.0000000000 -1132914.6059348749 6092528.4508135533 1504633.4344620917 0.1391934757 11.1654816136 0.0000000000 0.0084158897 0.0000000000 0.0000000000 0.3572740456 -0.1723003396 -0.0963774294 0.3139499040 -0.9620740087 0.0000000000 0.5157147506 0.1264581819 -0.2790491611 -0.6376381363 0.8199590557 
359820.0000000000 -1132914.6987555996 6092528.8460567035 1504633.2925355653 0.1088149858 11.3140434823 0.0000000000 0.0808489193 -0.0000000000 0.0000000000 -0.2725921595 0.0080691693 -1.6553334053 -0.5740582731 0.4673184556 0.0000000000 1.8677144716 -0.2507914226 -0.3400198103 0.6109993588 0.0326543916 
359850.0000000000 -1132914.7161901952 6092528.5209342968 1504633.5979061625 0.0350291405 11.3140434823 0.0000000000 -0.8186162917 0.0000000000 0.0000000000 -0.4746607194 1.6380377231 0.4731391009 0.4520638739 -0.2097712588 0.0000000000 -0.0436860441 -1.3423397609 -0.2032753921 -0.5065062324 0.9444465763 
359880.0000000000 -1132914.0197211823 6092528.1308090836 1504632.0987998729 0.1986610279 11.3140434823 0.0000000000 0.4085330495 0.0000000000 0.0000000000 0.4464160949 1.6584030377 -1.3874108703 -1.8745068339 -0.2622654942 0.0000000000 0.2213400740 -0.2054265441 0.1129057503 0.4711765281 0.4359847610 
359910.0000000000 -1132915.5605820219 6092527.9023485593 1504633.4990007193 0.0088188627 11.3140434823 0.0000000000 -0.9581749614 -0.0000000000 0.0000000000 -0.3064935818 0.9803213076 -0.7043516131 0.4960070289 0.6558951974 0.0000000000 1.4666057851 -1.4489393214 -1.1778588051 0.4193846941 0.4358261158 
359940.0000000000 -1132915.2365749939 6092531.0768647660 1504635.1624587816 0.5410320284 11.3140434823 0.0000000000 0.2099517266 -0.0000000000 0.0000000000 -0.7723498128 -0.2457500530 1.2075483677 0.7319267906 0.4351094909 0.0000000000 -0.1500994268 -1.1601319324 -0.1055365233 -1.3323755436 1.2450668801 
359970.0000000000 -1132914.8408386689 6092530.6910184296 1504633.0231425334 0.0049159376 11.3140434823 0.0000000000 1.3941692531 0.0000000000 0.0000000000 -0.3371890986 0.8480758932 -1.1595908507 -1.7130510373 0.8373999684 0.0000000000 1.0624792678 -1.6902305036 0.2339402407 -0.6051726789 1.3027322974 
360000.0000000000 -1132915.1034933128 6092530.7334084110 1504633.8841019380 0.0071446920 11.3140434823 0.0000000000 0.8093183130 -0.0000000000 0.0000000000 0.5964695373 -0.0628114676 0.6513882060 -0.2306826516 -0.1921280779 0.0000000000 -0.8937896340 -0.4201096494 0.0240564484 -0.9670986473 0.8164821502 
