time x y z T0 thrd C21 C24 C25 C26 C33 C34 C38 C39 C40 C42 C43 C59 C60 C23 C41 
345600.0000000000 -1132915.3752855901 6092527.8663586117 1504632.6294470597 0.0429772551 11.3140434823 0.8662279097 0.0000000000 0.9426318590 1.4633415780 -1.3960313503 -0.1150348858 -0.2703060923 0.0858650196 -0.0441792324 0.6399419660 0.2638885152 -2.0504460731 -0.3886278385 0.0000000000 0.0000000000 
345630.0000000000 -1132915.7199956374 6092528.9241361683 1504633.7591275533 0.0016991098 11.3140434823 0.7677770272 -0.0000000000 0.3841133021 0.9023150179 -0.8213106227 0.2141210657 0.0067635172 -0.3368447509 -0.3465362307 0.6732271740 0.2865914823 -1.5024065150 -0.1919409839 0.0000000000 0.0000000000 
345660.0000000000 -1132916.3293583316 6092529.7525420021 1504632.9432934818 0.0137072645 11.3140434823 0.5446396093 -0.0000000000 -0.7427374176 0.2240532464 -1.1977021659 0.5543823044 0.5948469306 0.2675118630 -1.0186250904 0.8558529142 1.9109305973 -0.8840899029 -0.7781897574 0.0000000000 0.0000000000 
345690.0000000000 -1132914.3186269696 6092529.0332221175 1504632.9839318898 0.2482248476 11.1654816136 0.2402611083 0.0000000000 -1.0164506011 1.5444349136 -0.8337770838 0.0000000000 0.2189343611 0.0165753022 1.2090926560 -0.0384205989 0.4676172242 -2.3458711828 0.7216090005 0.0000000000 0.0000000000 
345720.0000000000 -1132914.0639620335 6092527.3736343924 1504634.4890384423 0.1205860066 11.3140434823 0.0874593554 0.0000000000 -0.1070379561 1.2386453112 -1.4712321383 2.9779495328 -0.3296751840 1.0893630578 -1.1222488874 0.7886485828 -0.6082354230 -1.8834528402 -0.4744597580 0.0000000000 0.0000000000 
345750.0000000000 -1132914.4044232185 6092529.3675229046 1504632.8133999477 0.2230636790 11.3140434823 -0.5839676703 0.0000000000 0.7020518492 1.0354260681 0.6499534575 2.1944442575 0.3391963021 -0.3742320777 0.0501386929 -0.0788122681 -2.8955192664 -1.3469799297 0.0815794502 0.0000000000 0.0000000000 
345780.0000000000 -1132914.6251455813 6092529.2865587920 1504632.7933294894 0.1271930638 11.1654816136 0.6649957067 -0.0000000000 1.0072652363 0.0511428856 -0.1170747819 -1.9176731837 0.0152219282 0.4817173021 1.9652882341 0.0000000000 -0.5417376745 -1.8016265213 -0.0261020165 0.0000000000 0.0000000000 
345810.0000000000 -1132914.1195310873 6092528.4174415981 1504633.6323816269 0.0698198943 11.3140434823 -0.7844703563 0.0000000000 1.9897233984 1.1537935233 -0.4419031325 0.1143607807 0.3123183417 0.5010988512 0.7145350462 0.2016348075 -1.6396820597 -1.1744033446 -1.2040361769 0.0000000000 0.0000000000 
345840.0000000000 -1132914.5686082304 6092530.0315938378 1504633.0043143756 0.2497363836 11.3140434823 -0.6260879043 0.0000000000 -0.4945774333 0.2328716263 -0.5026138202 2.0474871812 0.4836035223 1.3918398208 0.5253273769 0.5635680916 -1.0711222926 -1.9113146432 -0.5002941808 0.0000000000 0.0000000000 
345870.0000000000 -1132915.1203934592 6092531.4924007254 1504632.5246970973 0.1339285419 11.3140434823 0.9670446369 -0.0000000000 -0.2168364015 -0.4448523901 0.5164214727 0.7472965176 1.0737588946 0.6622202545 0.8286711528 -0.0308324763 -1.3388275172 -2.7853771152 -0.0448232753 0.0000000000 0.0000000000 
345900.0000000000 -1132915.0242773730 6092529.4057041388 1504633.5346039182 0.0886055814 11.3140434823 -0.3122350384 0.0000000000 -0.2914013123 0.6696046372 -0.8779380525 0.4792999404 0.1157436081 0.7287139936 0.5482439810 0.4368421549 0.1750184184 -1.2828995486 -0.2433696704 0.0000000000 0.0000000000 
345930.0000000000 -1132915.1431871578 6092529.7742504552 1504633.4512611104 0.1387212605 11.3140434823 -0.3141698469 -0.0000000000 0.0263467640 0.1886194585 -0.3368408305 1.6179857063 0.3379197416 1.0317292998 0.0158501208 0.2591007738 -1.0011312963 -1.2598946060 -0.5216573104 0.0000000000 0.0000000000 
345960.0000000000 -1132914.3713528060 6092529.0063880049 1504633.3585991687 0.1699816444 11.3140434823 0.4594320376 0.0000000000 0.6770574050 0.5457913894 -0.2013868489 -0.9009516134 -0.0247657476 -0.3794843407 1.0924288437 0.5221734014 -0.4461381220 -1.5804847173 0.0920642555 0.0000000000 0.0000000000 
345990.0000000000 -1132914.3950087500 6092528.1931585046 1504633.0465623208 0.0272653680 11.1654816136 1.3297587619 -0.0000000000 0.3818379951 0.3071614683 -0.1766285260 0.0000000000 0.8464984701 -0.0992272308 -0.5519223739 -0.0985472953 0.1410654935 -1.6882878959 -0.4062877277 0.0000000000 0.0000000000 
346020.0000000000 -1132914.7214028458 6092529.3917391384 1504632.8549124198 0.1202450175 11.1654816136 0.5329414336 -0.0000000000 0.0060675784 0.0180282139 0.5795439412 1.6229895330 0.6080962705 0.0915405958 0.0280238673 0.0000000000 -1.8281957241 -1.9087032348 0.1359234856 0.0000000000 0.0000000000 
346050.0000000000 -1132914.9315021120 6092530.3008353999 1504633.0739020729 0.1086512676 11.3140434823 -0.1083040803 -0.0000000000 0.2990928909 0.9060066899 -0.1241844766 1.3160460509 0.6183964228 0.1214850314 0.4994745182 0.3384817708 -1.5185167677 -2.2184698838 -0.2000071601 0.0000000000 0.0000000000 
346080.0000000000 -1132914.5903745813 6092528.0394319417 1504631.9300648978 0.2007897025 11.3140434823 1.1749973226 -0.0000000000 0.4080622197 0.3324274316 -0.8428619792 0.0240134666 0.2680541139 0.6619144365 0.4295500690 0.7437426317 -0.0935836936 -2.7088358816 -0.3840799830 0.0000000000 0.0000000000 
346110.0000000000 -1132915.0569297939 6092528.7847825643 1504632.8442241566 0.1645715520 11.3140434823 -0.4912197162 -0.0000000000 0.0965233505 0.4578700470 -0.3668051362 -0.5974651435 0.6879094365 0.0608582650 1.4019079261 0.8156457654 0.0435806721 -1.5572223088 -0.5228536248 0.0000000000 0.0000000000 
346140.0000000000 -1132914.7522158269 6092528.5897532916 1504632.8253017210 0.0805361788 11.3140434823 1.3884952440 0.0000000000 0.8577867683 0.2580152416 0.0623279805 1.4313920534 0.0990310800 -0.3626495176 -0.9110384354 0.5898097128 -1.4724397823 -1.9948395069 -0.1064175348 0.0000000000 0.0000000000 
346170.0000000000 -1132915.9436597368 6092528.3470931705 1504632.8838459635 0.0205324980 11.3140434823 0.1853315319 -0.0000000000 -0.4813442843 0.0987259648 -0.0600254152 3.2772910133 0.9538414449 0.4776357874 -1.8706047643 0.2440663586 -0.8870774411 -1.1367404311 -0.5966193852 0.0000000000 0.0000000000 
346200.0000000000 -1132914.9147831257 6092529.4230906153 1504632.9564895043 0.0076638519 11.3140434823 1.3568346280 0.0000000000 -0.0847262072 -0.3646508837 0.0235538435 1.3705781748 0.7269982998 0.3320898306 -1.0748044389 0.2870030052 -0.3836725045 -1.7511770427 -0.3714765872 0.0000000000 0.0000000000 
346230.0000000000 -1132915.6535549024 6092531.2612235183 1504632.6844838057 0.2802139760 11.3140434823 1.3210130046 0.0000000000 -0.5215782701 0.0085254100 -0.4475817265 0.6000613167 0.3095040740 -0.3604241374 -1.1354921840 0.7811351286 0.9248151621 -1.2671863318 0.0121826868 0.0000000000 0.0000000000 
346260.0000000000 -1132916.2919471979 6092528.2250666935 1504632.2129295862 0.1354204083 11.0041300577 0.0000000000 -0.0000000000 0.9094506412 1.2487399672 -1.5650717415 0.0000000000 0.7869543230 0.8923492678 -0.2633299141 0.3696490255 0.7395512105 -1.5504540169 -1.4365705962 0.0000000000 0.0000000000 
346290.0000000000 -1132916.6408367795 6092531.5657370463 1504632.9271399693 0.5874072171 11.3140434823 -0.0319783002 -0.0000000000 -1.2056437807 0.8844908115 -1.1736652347 1.5631201655 0.3448602935 0.0864325640 -1.3574872932 0.6114244541 1.4017669660 -0.6341857187 -0.0075954970 0.0000000000 0.0000000000 
346320.0000000000 -1132914.8851782863 6092528.9445507340 1504632.7018890781 0.6161285918 11.3140434823 0.5383637692 -0.0000000000 -0.2083013083 0.1720439089 -0.2487684099 0.5742283867 0.4927331858 0.0583953627 -0.3234689799 0.3658066396 0.0983999423 -1.2418712743 -0.1764821977 0.0000000000 0.0000000000 
346350.0000000000 -1132915.1869530517 6092528.2455037376 1504633.3823691064 0.8824910367 11.3140434823 0.2491727712 0.0000000000 0.9007262931 0.7626785448 -1.5434827373 0.3091167434 1.0723651223 0.9145344999 -1.3072008224 0.5291817883 1.3091097115 -1.0050578450 -1.9442370865 0.0000000000 0.0000000000 
346380.0000000000 -1132914.8269398145 6092526.6955561731 1504632.3025831904 0.6475476068 11.0041300577 0.0000000000 0.0000000000 1.7390856641 0.5738715638 -0.1982015562 0.0000000000 -0.0900888151 0.5765865212 0.9909758411 0.0337711525 -1.9309821725 -1.4636858225 -0.6229263010 0.0000000000 0.0000000000 
346410.0000000000 -1132915.1031359427 6092530.1716994215 1504632.7882453366 0.9874863077 11.3140434823 0.6813554143 0.0000000000 0.0629506330 0.6424157107 -0.6889637243 -0.2877959585 0.7287241179 -0.2389913557 -0.5962467801 0.3532054166 1.1032919743 -1.0816026545 -0.5119714312 0.0000000000 0.0000000000 
346440.0000000000 -1132915.4920495893 6092528.3767038379 1504632.1222894597 1.0185920313 11.3140434823 0.6667266772 -0.0000000000 0.2027798507 0.1514182771 0.2497385763 1.4684454582 0.4939421740 -0.5069528352 -1.1993164039 0.3139047758 -0.7442404769 -0.8877006282 -0.2105054842 0.0000000000 0.0000000000 
346470.0000000000 -1132915.6148598520 6092527.9423561664 1504632.6229816976 1.0063283959 11.1654816136 0.8065004063 -0.0000000000 -0.5418475116 1.3224044882 -2.1812683448 -1.2146172013 0.0000000000 -0.3979670301 -0.9451213185 1.2807011815 3.4973483398 -0.8481672679 -0.2279305431 0.0000000000 0.0000000000 
346500.0000000000 -1132915.6767128182 6092529.4496295815 1504632.9459462373 0.9869050692 11.3140434823 1.0959348531 0.0000000000 0.5355404078 -0.2353248286 -0.0151796464 -0.0151535732 -0.4135278277 -0.6411133096 -0.8564433340 0.7590741198 0.1010705417 -0.2970389943 -0.0589181842 0.0000000000 0.0000000000 
346530.0000000000 -1132914.9128267616 6092528.2338161729 1504632.7659483899 1.7302682230 11.3140434823 -0.4133365728 -0.0000000000 0.6267967496 -0.0211462129 -0.4710648730 0.7230649871 0.5926506188 -0.0554129271 -1.1501932204 1.1385235421 0.5445128196 0.1635778691 -1.4986960078 0.0000000000 0.0000000000 
346560.0000000000 -1132915.8654104469 6092530.3540462367 1504632.9122527889 2.5846740564 11.3140434823 0.8139883653 -0.0000000000 0.2936905297 0.3060612079 -0.9887460573 -0.5560430355 0.3765538498 0.4883570974 0.1043366651 0.8059560043 0.8856744625 -1.7484655158 -0.6563587418 0.0000000000 0.0000000000 
346590.0000000000 -1132915.7189325753 6092528.3341186820 1504632.8256340395 2.4970267626 11.3140434823 -0.6514453475 0.0000000000 -0.2557518592 -0.6270473916 0.0301385549 0.0970669455 -0.0312411778 0.5643632210 0.2943559471 0.2992057254 0.1855778818 0.5413867909 -0.3596145932 0.0000000000 0.0000000000 
346620.0000000000 -1132915.7102898955 6092529.7269876692 1504633.5751491233 3.8860946638 11.3140434823 -0.6873549697 0.0000000000 -0.8635963796 0.4867872952 -1.2060297801 2.2741507184 0.5426069497 1.1132480979 -0.6564808221 1.0426069031 0.3099934913 -1.3543088666 -0.5461110508 0.0000000000 0.0000000000 
346650.0000000000 -1132915.5318219182 6092528.2949502282 1504632.6803769527 2.8272894252 11.3140434823 1.2146968644 -0.0000000000 1.0007740819 0.3000808431 -0.6298714242 -0.0912568751 0.3404138682 0.1204685207 -1.1819887068 0.1872199624 0.4313655126 -0.8358252106 -0.8524447053 0.0000000000 0.0000000000 
346680.0000000000 -1132915.4245289662 6092530.5500716483 1504632.9247837560 4.3297781613 11.3140434823 1.6587932653 0.0000000000 -0.8595108366 -0.2141013471 -0.5679400107 -0.1342215144 0.5844012696 -0.2877364670 -1.6261184289 0.6868417649 2.1928670580 -0.8666511559 -0.1316235137 0.0000000000 0.0000000000 
346710.0000000000 -1132915.4573515577 6092531.1949689966 1504633.1744445281 5.1555281869 11.3140434823 0.7012082496 -0.0000000000 0.3599907304 1.2266920237 -1.9755718270 -0.3151086337 0.3145772181 0.4268594660 -0.6912361719 1.0753289831 1.7340491436 -1.7416871405 -0.7801242379 0.0000000000 0.0000000000 
346740.0000000000 -1132915.7603053835 6092528.8456400884 1504632.7340168399 4.4738697777 11.3140434823 0.5301362505 -0.0000000000 1.3136425526 0.7399664212 0.0577931191 2.4393803778 0.4640201126 -0.3768727987 -1.4935098615 0.3450493088 -2.1213992183 -1.4115937100 -0.6822276786 0.0000000000 0.0000000000 
346770.0000000000 -1132914.9892478581 6092526.7535878737 1504632.4727931952 3.5885102504 11.1654816136 1.5876733731 0.0000000000 1.4841087425 1.4377292563 -1.8610291688 0.0000000000 0.4543693194 0.6172912441 -1.2748652278 0.3686246675 0.6158268647 -2.2948815048 -1.0712990782 0.0000000000 0.0000000000 
346800.0000000000 -1132914.3582187740 6092528.5272066155 1504632.7114854897 5.0833076887 11.3140434823 0.3390974365 -0.0000000000 0.8935648359 0.8826162192 0.0504392725 1.7531071128 0.3418226644 -0.4112796321 -0.7263001373 0.0774132364 -1.8515494742 -1.3785470230 -0.1746566775 0.0000000000 0.0000000000 
346830.0000000000 -1132915.5780627569 6092529.8734845798 1504632.0068988623 4.7386418382 11.3140434823 0.8761607827 -0.0000000000 0.3074062088 -0.3428339947 1.1644010567 0.5304873198 0.5871531477 -0.7781335107 0.3401974163 0.2804133917 -1.6536343256 -1.6464430334 0.0315111793 0.0000000000 0.0000000000 
346860.0000000000 -1132915.5698974286 6092529.5547266696 1504632.8056883516 5.5634221239 11.3140434823 0.7103543078 -0.0000000000 -0.2745001410 0.8126378950 -0.3622027043 -0.5475484009 0.8841748993 -0.8601607440 -0.4551920384 0.3320819347 1.1516305796 -1.1407942537 -0.0692884193 0.0000000000 0.0000000000 
346890.0000000000 -1132915.7270587597 6092530.7285062978 1504632.3294660698 6.3825023977 11.3140434823 -0.3572543173 0.0000000000 0.2158293800 0.8740495514 -0.4504936856 0.9705762689 0.6594502401 0.0773324367 -0.1711387506 0.1678571540 -0.5096875247 -1.0559593800 -0.3803545147 0.0000000000 0.0000000000 
346920.0000000000 -1132915.7343457241 6092529.5756414030 1504632.5883074410 7.3974787470 11.3140434823 1.1420833009 -0.0000000000 -0.8312065338 0.3814626421 -0.4513628003 0.3324038039 0.6111526034 -0.8984366064 -2.0325938924 0.5268162486 1.9142849953 -0.3330343148 0.1047970004 0.0000000000 0.0000000000 
346950.0000000000 -1132914.8638055478 6092529.7544399044 1504632.5302588402 7.4862818601 11.3140434823 0.8171873497 0.0000000000 0.0132792415 0.5050211859 -0.5849859341 -0.3887168101 0.7164069219 0.1389909920 -0.3248502773 0.0163150696 0.7680613138 -1.2700207742 -0.2889243327 0.0000000000 0.0000000000 
346980.0000000000 -1132914.7069973750 6092528.3783927364 1504632.3051990592 7.9986286978 11.3140434823 -0.2282067882 0.0000000000 0.3763865378 0.6635644231 -0.0527210272 2.2519780659 0.6463453431 0.0360255450 -0.9046773799 0.0489208722 -1.5063359316 -0.9882501089 -0.3708502772 0.0000000000 0.0000000000 
347010.0000000000 -1132914.8370813869 6092528.6393155660 1504631.4722017008 7.3926142394 11.0041300577 0.0000000000 -0.0000000000 0.2613565491 0.6139266669 -0.0380829045 0.0000000000 1.1027645193 -0.6814169108 -0.0545610552 0.6132288328 0.1347323221 -1.1858992731 -0.7255073496 0.0000000000 0.0000000000 
347040.0000000000 -1132915.1684372241 6092529.3631227817 1504632.9297197307 10.4996602871 11.3140434823 0.6206328774 0.0000000000 0.3795753369 0.8327081329 -0.4307299857 0.1178240005 0.3493353939 -0.4481129711 -0.0324233536 0.5931832668 -0.2229561066 -1.7157744370 -0.0791418661 0.0000000000 0.0000000000 
347070.0000000000 -1132916.1651684919 6092529.7184125083 1504632.5457564881 10.0007625503 11.1654816136 1.3525522555 0.0000000000 0.1907537065 0.8929334749 -0.7778920673 1.9771722068 0.9853946564 -0.1557471301 -2.2592243093 0.6010165694 0.0000000000 -2.0646699652 -0.4746591839 0.0000000000 0.0000000000 
347100.0000000000 -1132915.1886340487 6092528.9606766356 1504632.5085275518 9.8589107914 11.1654816136 0.5944660088 0.0000000000 0.0804079283 -0.1922550354 0.3217394945 0.3278292901 0.9920538443 -0.2426892291 -0.4739331351 0.4279848249 0.0000000000 -1.0792949656 -0.7103507946 0.0000000000 0.0000000000 
347130.0000000000 -1132915.5018256381 6092527.8304814762 1504632.9306306327 10.7326639858 11.1654816136 1.1303499839 -0.0000000000 0.7003864841 0.4317781725 -0.2489276652 0.6211161468 0.3078837854 -0.5294584929 -1.5821099605 0.2878903397 0.0000000000 -0.6698122832 -0.4174709540 0.0000000000 0.0000000000 
347160.0000000000 -1132916.8812609352 6092530.4426044552 1504632.6027856432 11.3783359947 11.1654816136 0.5719368986 -0.0000000000 0.2995937161 0.4132087788 -0.4321210337 1.3882211079 0.5613704735 -0.1830788682 -1.5835721598 0.6684838884 0.0000000000 -0.9136317402 -0.5975217567 0.0000000000 0.0000000000 
347190.0000000000 -1132915.4796977071 6092529.2924446370 1504633.3912989446 13.4105509438 11.1654816136 0.2514774857 0.0000000000 -0.3799397197 0.7241182922 -0.5161124691 -0.0641644961 0.7420376464 0.2100895047 0.8054439155 0.3524905896 0.0000000000 -2.2023333792 0.1233401385 0.0000000000 0.0000000000 
347220.0000000000 -1132915.5199942421 6092528.3267309126 1504632.7553081324 13.2728299086 11.1654816136 1.6498074015 0.0000000000 -0.0345862024 -0.5455140659 0.2827028366 0.1542876348 0.7002604573 0.2005046222 -0.6004180512 0.2149439454 0.0000000000 -1.6743287469 -0.3389741623 0.0000000000 0.0000000000 
347250.0000000000 -1132915.4366391548 6092531.2487354940 1504633.3834580122 15.8139728204 11.1654816136 0.5773526735 -0.0000000000 0.1581169741 0.0850341812 0.0660229275 0.2260468988 0.7056005449 -0.1200933990 -0.5073057803 0.0859178632 0.0000000000 -0.8231357159 -0.4313264062 0.0000000000 0.0000000000 
347280.0000000000 -1132915.9589035339 6092529.2085895129 1504632.9833682145 14.4311231423 11.1654816136 0.8025184810 0.0000000000 -0.7589735212 -1.1542524119 0.4816944026 0.9863574958 0.4781836619 0.5947992634 -0.5023492390 0.5838179057 0.0000000000 -1.0486421980 -0.2742467732 0.0000000000 0.0000000000 
347310.0000000000 -1132915.3673233576 6092531.0304148300 1504632.9573940481 15.2596505277 11.1654816136 1.3597650091 -0.0000000000 -0.5575336920 -0.6620455277 0.4239840163 0.2037155773 0.4199705878 -0.0496023343 0.0104310102 0.9013301065 0.0000000000 -2.0160641421 0.0276654304 0.0000000000 0.0000000000 
347340.0000000000 -1132916.1546204435 6092529.8141245153 1504632.3709709484 16.5490743005 11.1654816136 1.2501616253 0.0000000000 -0.0035376301 0.0789362149 -0.5778831667 1.4602747198 0.7941944811 0.5327842356 -1.3937077244 0.8081153561 0.0000000000 -2.1280621564 -0.5804539334 0.0000000000 0.0000000000 
347370.0000000000 -1132916.3864651625 6092529.3188869525 1504633.2204990687 16.9997547782 10.8275661707 0.4335107914 0.0000000000 -0.5661439412 0.0000000000 0.0000000000 1.0661456822 0.5257911178 -0.2498281640 -0.4303755117 1.1613994387 0.0000000000 -1.6351872689 -0.0893823519 0.0000000000 0.0000000000 
347400.0000000000 -1132915.3775589974 6092529.6563051855 1504632.6805746390 19.7140349642 11.1654816136 0.1921380902 -0.0000000000 -0.7289262021 -0.4839011775 0.2634887732 0.2780727518 0.6302841975 0.1098706344 0.8777091608 1.4168558177 0.0000000000 -2.1184580212 -0.3122404748 0.0000000000 0.0000000000 
347430.0000000000 -1132915.3974859428 6092529.7948353216 1504631.6975643598 19.9011799658 11.1654816136 -0.5630247402 -0.0000000000 -1.0385025814 0.0342051488 0.3130037207 1.0712554696 1.0674870766 -0.0716098529 -0.0261525327 0.2806740988 0.0000000000 -0.7807924100 -0.0502917345 0.0000000000 0.0000000000 
347460.0000000000 -1132914.3160931701 6092530.5646859389 1504632.9201863918 20.2784560028 11.1654816136 0.6825704983 -0.0000000000 -0.2630405265 -0.2684024512 -0.1048285194 0.1621685247 -0.0446582020 0.3909927903 -0.0171185526 0.2635799322 0.0000000000 -0.9281535391 0.1678930097 0.0000000000 0.0000000000 
347490.0000000000 -1132915.7508218945 6092530.1052040951 1504633.8599399484 21.4747351266 11.1654816136 -0.1141078838 0.0000000000 0.6432930456 1.0582343498 -1.3032504098 0.4713269894 0.4041093755 0.2838098585 0.0870461641 1.3562877018 0.0000000000 -2.0263635172 -0.7472230367 0.0000000000 0.0000000000 
347520.0000000000 -1132915.0474922182 6092527.2087091953 1504632.5011477519 19.6047540615 11.1654816136 -1.0554879056 0.0000000000 0.3605150038 1.7458291186 -1.8705075645 0.9481465465 0.2350474144 0.4848043938 0.0666579533 0.8604173281 0.0000000000 -1.3377962519 -0.2274644514 0.0000000000 0.0000000000 
347550.0000000000 -1132915.0405269382 6092530.4276027000 1504633.2037211314 24.6540287072 11.1654816136 0.7326139687 -0.0000000000 -0.8153571242 -0.2500619176 -0.1197045955 0.5574761808 0.6324113067 0.5815896680 0.3213513316 0.8217556004 0.0000000000 -2.3551951209 0.0489351280 0.0000000000 0.0000000000 
347580.0000000000 -1132915.1071202545 6092530.3626672896 1504632.7100654286 25.1940636658 11.1654816136 0.8599659885 -0.0000000000 0.4934657782 1.3185761276 -1.3295769129 -0.0932106477 0.3392859625 0.2672960669 -0.0881512276 0.3099508992 0.0000000000 -2.1962675756 0.1071545275 0.0000000000 0.0000000000 
347610.0000000000 -1132914.2381656799 6092528.5983130354 1504632.9031410979 26.5874482317 11.1654816136 -0.0005944583 -0.0000000000 0.0312568025 1.0884531936 -1.0798638353 -0.5723223662 0.1484215380 0.3059076267 1.2437164873 0.5734563709 0.0000000000 -2.0807146358 0.2945952969 0.0000000000 0.0000000000 
347640.0000000000 -1132915.6297423544 6092530.9200689746 1504632.8429519983 28.0178021124 11.1654816136 0.4499162013 -0.0000000000 -0.6066189360 -0.3177569585 0.3688736373 -0.0738540608 -0.0401355764 -0.2759261776 0.5553017863 0.7894592257 0.0000000000 -1.1653240477 0.3406367706 0.0000000000 0.0000000000 
347670.0000000000 -1132915.7458943855 6092531.7764415685 1504633.2259856872 29.1895907558 11.1654816136 1.6765578183 0.0000000000 -0.8097411105 -0.6239387670 0.4427493201 0.4326082990 0.3521222917 -0.0058103119 -0.2901725805 0.8542537276 0.0000000000 -2.2421695489 0.3163736042 0.0000000000 0.0000000000 
347700.0000000000 -1132915.4665341130 6092531.1376685118 1504632.9937671325 26.3917253693 11.1654816136 -0.0162505943 0.0000000000 -0.4820880889 0.1153973867 -0.3214449605 0.6631475453 -0.0547566082 0.1798892534 0.0123201350 0.6789190302 0.0000000000 -0.8969830933 0.2763319245 0.0000000000 0.0000000000 
347730.0000000000 -1132914.0972511659 6092529.6375524672 1504633.2566476276 31.8820503936 11.1654816136 -0.1365321351 -0.0000000000 -0.0927972882 0.6855083103 -1.3269270735 -0.4223139495 -0.7493510119 0.7841636504 1.4241452291 0.9010779343 0.0000000000 -1.7028878463 0.6242096307 0.0000000000 0.0000000000 
347760.0000000000 -1132915.5546143004 6092531.0881673899 1504633.4685293015 33.3441057150 11.1654816136 0.0355768846 -0.0000000000 -0.5101786013 -0.0390259384 -0.5025700814 0.0295673342 -0.3134319654 0.3943960864 1.3863336360 1.8764783221 0.0000000000 -2.3892333464 0.1234219656 0.0000000000 0.0000000000 
347790.0000000000 -1132915.1648151784 6092529.2792986492 1504632.9351326737 32.9156777793 11.1654816136 1.4046094722 0.0000000000 1.0525108988 0.3056437618 -0.3759901908 -1.6366747731 0.4269136656 0.1706648103 0.7409931894 0.1704802299 0.0000000000 -1.9228170480 -0.6508557666 0.0000000000 0.0000000000 
347820.0000000000 -1132915.1332353735 6092528.7774681738 1504633.0547454390 35.8186634531 11.1654816136 1.5619458058 -0.0000000000 -0.1023467875 -0.2769841777 0.2976456359 -0.1351930114 0.6427888135 -0.1199981710 -0.1590936478 0.7348670982 0.0000000000 -2.1847884892 -0.2765023719 0.0000000000 0.0000000000 
347850.0000000000 -1132916.2257437021 6092530.2859604005 1504633.3833557533 33.4463334871 11.1654816136 -0.6598700342 0.0000000000 -0.3587443403 0.2551103258 0.3841691446 1.0714947848 0.4553642191 -1.1594416032 -0.2256569689 1.7100384641 0.0000000000 -0.8126755208 -0.4237190087 0.0000000000 0.0000000000 
347880.0000000000 -1132915.2941526268 6092527.9957874566 1504632.8840506363 35.2088706792 11.1654816136 0.5202442848 0.0000000000 0.6265436994 -0.2009725923 0.1216398924 -1.2860169331 -0.0589640520 -0.1306069261 1.1882986155 0.8909109240 0.0000000000 -1.2459919860 -0.6503980281 0.0000000000 0.0000000000 
347910.0000000000 -1132916.3310344450 6092530.5565062677 1504633.5796264058 42.5889687898 11.1654816136 -0.2655293275 -0.0000000000 0.2681572194 0.2760800041 0.2776391778 0.2733226932 0.8379634383 -0.9461454739 0.2785400210 1.8662729660 0.0000000000 -1.6426490273 -1.1390613920 0.0000000000 0.0000000000 
347940.0000000000 -1132916.2993992250 6092531.3141604969 1504632.7514971732 39.1563185029 11.1654816136 0.1503793785 0.0000000000 -0.0152356304 0.3735983540 0.4835694194 0.7766634873 0.0439929721 -1.6935699994 -0.8144912847 1.5536893426 0.0000000000 -0.5997366121 -0.1097619440 0.0000000000 0.0000000000 
347970.0000000000 -1132915.9007998202 6092532.0074896002 1504632.4530006074 43.7478897889 11.1654816136 -1.1806001624 0.0000000000 -1.1880337664 0.1690039013 0.8027374293 0.3314683893 1.6506920948 -0.5512878753 1.3003317138 0.7724099326 0.0000000000 -1.5487079279 -0.4167556041 0.0000000000 0.0000000000 
348000.0000000000 -1132916.0416774813 6092530.7860333733 1504632.5643545813 0.0430003047 11.1654816136 0.9442420710 -0.0000000000 -0.1206552473 1.0069479215 -0.1517893922 0.2475958234 0.6500753965 -1.0980996727 -0.6819675873 0.6167082581 0.0000000000 -1.7448063552 0.3837668090 0.0000000000 0.0000000000 
348030.0000000000 -1132915.1200020069 6092531.2121654199 1504632.5889772431 0.0502573678 11.1654816136 -0.1537569772 -0.0000000000 -0.1023448611 0.9786072220 0.1163393805 -1.0815430536 0.7623710677 -1.1348527094 1.5769090253 0.9842569020 0.0000000000 -2.0716225352 -0.0283106131 0.0000000000 0.0000000000 
348060.0000000000 -1132914.7283800580 6092529.1673611533 1504632.9397872994 0.0047369109 11.1654816136 0.1816953171 -0.0000000000 0.0352638116 1.6439258383 -0.5689833413 -0.5556010293 0.5282261383 -1.2949020507 0.7347520067 1.1472800801 0.0000000000 -2.3398776616 0.4256548895 0.0000000000 0.0000000000 
348090.0000000000 -1132915.5327663715 6092531.2801054399 1504633.5313078857 0.0358585262 11.1654816136 -0.5823938995 -0.0000000000 -0.6972608566 0.6417519670 -1.0177291816 0.3889159806 0.4559725363 0.8543300702 1.1466538608 0.9190831189 0.0000000000 -2.2069503249 0.2511270320 0.0000000000 0.0000000000 
348120.0000000000 -1132914.9477574879 6092530.2064557578 1504633.7299743604 0.0925534191 11.1654816136 0.0701469077 0.0000000000 0.0156017698 0.9125902734 -0.7440949431 1.1962606113 0.2659430220 -0.4570729878 -0.9816607458 1.1797739831 0.0000000000 -1.2457674929 0.0363087913 0.0000000000 0.0000000000 
348150.0000000000 -1132916.3175500303 6092530.1841385895 1504632.9419123286 0.1279715936 11.1654816136 0.0078071886 0.0000000000 0.3369003899 0.1444407500 -0.2844012849 -0.1762305799 0.1968314778 0.0077710169 0.7209161924 1.4432863004 0.0000000000 -1.6594339296 -0.7376810854 0.0000000000 0.0000000000 
348180.0000000000 -1132914.1837558276 6092529.2249366380 1504632.1783142369 0.0044975737 11.1654816136 1.6366022924 0.0000000000 0.7397141657 0.3163514501 -0.4799167424 -2.2289157525 -0.0035311578 0.4089003714 1.0780148502 -0.6768369659 0.0000000000 -1.4283795928 0.1952062522 0.0000000000 0.0000000000 
348210.0000000000 -1132915.3985089283 6092529.9666316025 1504633.3301931671 0.0606666566 11.1654816136 0.7062788528 0.0000000000 -0.1226991323 -0.6276249968 0.4576458274 -0.8976971636 -0.3793628717 0.1209960345 0.8968802671 0.2577487825 0.0000000000 -0.6635775098 0.0876265812 0.0000000000 0.0000000000 
348240.0000000000 -1132915.9297891331 6092529.5585439252 1504633.3728134655 0.0684712017 11.1654816136 0.9240960127 -0.0000000000 -1.0485421205 -1.0848717078 0.6929278403 1.6638814472 0.5626150051 0.3069824912 -0.6875281245 1.9303328764 0.0000000000 -2.3724886412 -0.5196899456 0.0000000000 0.0000000000 
348270.0000000000 -1132916.0749550781 6092528.6524621714 1504632.7952198584 0.0018259582 11.1654816136 -0.4844308853 -0.0000000000 -0.1064202920 -0.0486999641 -0.2922155246 0.7385645153 0.7304130128 0.6030825444 0.1696848905 0.8982486209 0.0000000000 -1.1883288017 -0.8437140820 0.0000000000 0.0000000000 
348300.0000000000 -1132916.2188115187 6092530.8674713001 1504633.8274060152 0.2577831376 11.0041300577 -0.3914921099 -0.0000000000 -1.4498646262 -0.1419510299 0.0000000000 2.3345125528 1.1313872077 0.4635090569 -0.6439694702 1.4844714266 0.0000000000 -2.1079966675 -0.1567793864 0.0000000000 0.0000000000 
348330.0000000000 -1132915.0605959531 6092528.6529012164 1504633.5030686739 0.0592437700 11.1654816136 -0.8861237613 -0.0000000000 0.2843846897 0.9735494265 -1.3884261995 0.5856685099 0.9320207348 0.8379095436 0.3091296853 0.7237202437 0.0000000000 -1.5197524094 -0.6970306916 0.0000000000 0.0000000000 
348360.0000000000 -1132915.8502893599 6092531.4983254308 1504633.3982767223 0.1413104172 11.1654816136 -0.2542599597 -0.0000000000 -0.2753981909 0.1939886193 -0.0159860138 0.5548162347 1.0861041953 0.1317080567 0.0125271052 0.5074227278 0.0000000000 -1.2186880418 -0.5880679460 0.0000000000 0.0000000000 
348390.0000000000 -1132915.0769983958 6092528.3769445745 1504632.8998499135 0.0001905736 11.1654816136 0.8219357290 0.0000000000 -0.1677296327 -0.5373241243 -0.1657251351 0.6538739572 -0.0603382533 0.6886776786 -0.4876136267 0.8165684733 0.0000000000 -1.1987703885 -0.2226864005 0.0000000000 0.0000000000 
348420.0000000000 -1132916.3647511599 6092530.2914392082 1504632.2847951967 0.0229583845 11.1654816136 0.1802856134 -0.0000000000 -0.2706057721 0.5355871206 -0.3890702196 1.1526244324 1.0233522790 -0.0649632188 -0.7562171968 1.1058816780 0.0000000000 -1.8759645345 -0.3825808972 0.0000000000 0.0000000000 
348450.0000000000 -1132915.7934157953 6092530.9658199744 1504633.8510301160 0.0637969982 11.1654816136 -0.0485401431 0.0000000000 -1.6063693091 -0.4958800593 0.4777830713 1.2696331046 0.7513763364 0.4115455114 0.3230926815 1.2042553847 0.0000000000 -2.1561897519 0.1842269433 0.0000000000 0.0000000000 
348480.0000000000 -1132915.0177073006 6092530.8264113916 1504632.8174262207 0.0083614239 11.1654816136 1.4770465965 -0.0000000000 -0.4831288773 0.3436187423 0.5300912117 -0.5251237148 0.8533956147 -0.8391923174 -0.0121177514 0.4157220476 0.0000000000 -2.1821911290 0.3387665896 0.0000000000 0.0000000000 
348510.0000000000 -1132915.0615860410 6092528.5345530566 1504633.1080967474 0.0165215482 11.1654816136 0.3863358822 -0.0000000000 0.2180347678 0.2336089817 -0.7666387100 -0.0928641825 0.2275689653 0.7046148094 0.1533935445 0.3771415101 0.0000000000 -1.2478616786 -0.1951767208 0.0000000000 0.0000000000 
348540.0000000000 -1132915.3437345186 6092528.8795356685 1504632.1317647316 0.0412271526 11.1654816136 0.3749050406 0.0000000000 0.7060449988 0.3516676497 -0.7989646695 0.5898878604 0.7037537780 0.4592250650 -0.8006544900 0.8527269173 0.0000000000 -1.2997368454 -1.0172454743 0.0000000000 0.0000000000 
348570.0000000000 -1132915.6074307573 6092528.5398907410 1504632.8466528938 0.0816700188 11.1654816136 -0.3475788845 0.0000000000 0.2474576533 0.2251906230 -0.1094370802 0.0317687848 0.2567433294 -0.1659550529 0.3679683491 0.8240673645 0.0000000000 -0.7258686541 -0.5815729822 0.0000000000 0.0000000000 
348600.0000000000 -1132914.8708154927 6092530.0549042383 1504632.7961516988 0.0013343128 11.1654816136 0.7979830128 -0.0000000000 0.6431490743 0.4307946619 0.0995011674 -1.1275625249 0.3943597530 -0.7071788726 0.6709171689 0.9339854868 0.0000000000 -1.7124865102 -0.6340481903 0.0000000000 0.0000000000 
348630.0000000000 -1132916.1634270283 6092529.4442965062 1504633.7462652903 0.0894060782 11.1654816136 -0.1038108201 -0.0000000000 -1.1222634484 -0.9731919910 0.5685663987 1.4566140297 -0.1197565206 0.4674128193 0.0913529146 1.7146201959 0.0000000000 -1.4658052792 -0.1802537244 0.0000000000 0.0000000000 
348660.0000000000 -1132915.3721277404 6092529.1113272458 1504633.2630686881 0.0011787067 11.1654816136 -0.0933700585 -0.0000000000 -0.2222586622 -0.3341013569 0.6056645499 0.2971625699 0.9451262601 -0.0059420092 0.3084631967 0.7988796706 0.0000000000 -1.2345438396 -0.9883876549 0.0000000000 0.0000000000 
348690.0000000000 -1132916.0913594554 6092531.7778065922 1504634.5796853818 0.1560583738 11.1654816136 0.3139592545 -0.0000000000 -0.6853903130 0.2474653846 0.1262544506 0.6619846920 0.8170315700 -0.2197427188 -0.1414581293 1.0502014814 0.0000000000 -1.9785321519 -0.0196888903 0.0000000000 0.0000000000 
348720.0000000000 -1132916.2969697530 6092530.6357693151 1504634.6349669762 0.2675794213 11.1654816136 0.4001558364 0.0000000000 -1.5698019891 0.6308400446 -0.7603632213 1.4037951451 0.7951571409 0.4996344996 -0.2247172470 1.4314215582 0.0000000000 -3.2623489642 1.0188746625 0.0000000000 0.0000000000 
348750.0000000000 -1132915.6581483141 6092529.7437721565 1504633.4312218910 0.0340378224 11.1654816136 -0.0540149779 -0.0000000000 -0.1241249571 0.5689776320 -0.6233428600 0.8166505409 1.2383423711 0.3709875960 -0.5081243942 0.6190334884 0.0000000000 -1.6155651608 -0.4973832005 0.0000000000 0.0000000000 
348780.0000000000 -1132915.4225219430 6092529.8700054437 1504633.2994698617 0.0785521738 11.1654816136 1.5925795505 0.0000000000 0.0986158193 0.1737958004 -0.3250329660 0.2512271988 0.0278246166 -0.1114152037 -1.1377986843 0.7171698196 0.0000000000 -1.4574721041 0.2324317058 0.0000000000 0.0000000000 
348810.0000000000 -1132915.7590271137 6092531.6344613181 1504633.6576907358 0.0086900176 11.1654816136 0.0915249365 0.0000000000 -0.1416753136 0.8628982109 -0.9494371971 1.0089954705 0.6728792161 0.0864577559 -0.8377733611 0.9665211415 0.0000000000 -1.6036938602 0.0822481399 0.0000000000 0.0000000000 
348840.0000000000 -1132915.6325788156 6092531.6119875144 1504633.1563393718 0.0057400588 11.1654816136 -0.3505917247 -0.0000000000 -0.3855822262 0.5875776351 -0.5241037040 0.9981660114 0.8681084343 0.1290378029 -0.3963489912 0.8159913536 0.0000000000 -1.3824381752 -0.1247820426 0.0000000000 0.0000000000 
348870.0000000000 -1132914.1087060305 6092529.1070833812 1504632.8858611146 0.0034136911 11.1654816136 1.5651953511 0.0000000000 0.5484018226 0.7225110424 -0.7074447689 -0.9522646806 0.8523850948 0.0465329907 0.0335005817 0.7458004070 0.0000000000 -2.6599408546 -0.3546823925 0.0000000000 0.0000000000 
348900.0000000000 -1132914.8711243861 6092529.1401682058 1504632.5955766449 0.0168804566 11.1654816136 0.0820909051 -0.0000000000 -0.3495984241 1.2276337433 -0.7101221004 0.8449118193 0.8058563585 -0.5988410895 -0.8072965883 0.9775802117 0.0000000000 -1.6934306431 0.4377455033 0.0000000000 0.0000000000 
348930.0000000000 -1132916.1079833105 6092532.1303918036 1504633.3764091230 0.0656392421 11.1654816136 -1.0219657306 -0.0000000000 0.1898119544 0.5933876755 -0.5528511047 0.8964079493 0.5326958609 -0.0555331480 0.0091815252 1.2938894231 0.0000000000 -0.9374294658 -0.7398758291 0.0000000000 0.0000000000 
348960.0000000000 -1132915.4248206629 6092529.8951772042 1504632.7961473078 0.0422964893 11.1654816136 -0.7238532692 0.0000000000 -0.2337128891 0.5273696562 -0.5295624352 1.3923998610 1.1119136222 0.2345549926 -0.6853931943 0.8347036486 0.0000000000 -1.0720506550 -0.5500859131 0.0000000000 0.0000000000 
348990.0000000000 -1132915.7446580036 6092528.8540629698 1504633.0378164169 0.0035235267 11.1654816136 -0.1046283643 0.0000000000 -0.2137127294 0.1556706851 0.2916238603 1.7151111050 -0.0736745847 -0.9027256721 -1.6601825039 1.1214260514 0.0000000000 0.0405183455 -0.0164918953 0.0000000000 0.0000000000 
349020.0000000000 -1132915.6808358883 6092530.7940134266 1504633.3879015408 0.0171614009 11.1654816136 -0.7677728485 0.0000000000 -0.4552659039 0.4080167229 -0.4263288058 1.9940677519 0.4433516752 -0.0464669062 -1.1830998073 1.1802099260 0.0000000000 -0.6339150965 -0.0852845744 0.0000000000 0.0000000000 
349050.0000000000 -1132916.1924888315 6092528.7480043815 1504633.6905281420 0.0003269393 11.1654816136 0.4817442846 -0.0000000000 -0.2329611674 -0.1229748522 -0.8086989335 1.5042031253 -0.0027199964 0.8723466694 -1.3850339418 0.9261780505 0.0000000000 -0.9936996533 0.0830735752 0.0000000000 0.0000000000 
349080.0000000000 -1132915.9317337491 6092529.0012466740 1504633.7448351474 0.0158045531 11.1654816136 -1.2146671170 0.0000000000 -0.8596356003 -0.6451636293 0.1541310860 1.7688273657 0.3687985827 0.9331616680 0.2818873283 1.3864771812 0.0000000000 -1.0838839549 -0.7154707286 0.0000000000 0.0000000000 
349110.0000000000 -1132914.5873319337 6092528.5030530598 1504633.5317468548 0.0000034926 11.1654816136 -0.4501641756 -0.0000000000 -0.2381855576 0.1802101096 -0.5123716226 0.0421190518 0.3768919173 0.6540343346 0.8257435899 0.5806768258 0.0000000000 -1.2488185202 -0.1758353025 0.0000000000 0.0000000000 
349140.0000000000 -1132914.2043473297 6092527.6012668852 1504633.2942641678 0.0170837750 11.1654816136 0.6328635572 0.0000000000 0.2103735754 -0.2094004144 -0.0853512404 0.3008726299 0.0805789681 0.2292456954 -0.4205334801 0.8952981910 0.0000000000 -1.0458609604 -0.5172205059 0.0000000000 0.0000000000 
349170.0000000000 -1132914.5620808604 6092529.4349712441 1504632.5844767168 0.0150153096 11.1654816136 -0.2298985661 -0.0000000000 -0.2203966552 0.5630569522 -0.5806446415 0.4628595593 0.9919513678 0.3145042162 0.0620131185 0.8596137478 0.0000000000 -1.7618792185 -0.3308487736 0.0000000000 0.0000000000 
349200.0000000000 -1132914.9633592239 6092529.0686436128 1504633.0919703878 0.0054949502 11.1654816136 1.7968936632 -0.0000000000 0.3550343522 -0.5874294519 -0.1393980396 -0.0999388012 -0.1036328067 0.6278687634 -0.9231164573 0.4273433807 0.0000000000 -1.0452027437 -0.3266758484 0.0000000000 0.0000000000 
349230.0000000000 -1132915.7452529327 6092530.7919812659 1504632.8022735873 0.0119892729 11.1654816136 2.1627634617 0.0000000000 0.0201203739 -0.6086521724 -0.1869326798 -0.5460025778 -0.2006092239 0.8237937282 -0.3981220233 0.4605417265 0.0000000000 -1.7210007405 0.1022733091 0.0000000000 0.0000000000 
349260.0000000000 -1132915.4243756381 6092530.7170961807 1504632.3403172009 0.0193398840 11.1654816136 1.1291217863 0.0000000000 0.5470827707 1.1678057616 -0.6221110098 -0.4472857615 0.5361663611 -0.9241470823 -0.8224107344 0.8300127344 0.0000000000 -1.5388740510 0.1038910899 0.0000000000 0.0000000000 
349290.0000000000 -1132915.8812152646 6092531.0400280021 1504633.8736608690 0.0634161687 11.1654816136 -0.3321033553 0.0000000000 -0.2640000370 -0.2094027812 -0.1274541523 1.2816648778 0.5688420152 0.5909279864 -0.1739099375 1.7096321023 0.0000000000 -1.8360287412 -0.9278478454 0.0000000000 0.0000000000 
349320.0000000000 -1132915.3292464546 6092529.4800964566 1504633.9201128371 0.0300497019 11.1654816136 1.3104383571 -0.0000000000 -0.3196294731 -0.1015028784 -0.3079023599 -0.8022464945 0.3483381506 0.7670590488 0.8697537779 1.0546135256 0.0000000000 -2.8942476910 -0.0373514590 0.0000000000 0.0000000000 
349350.0000000000 -1132915.6780832252 6092530.6369279018 1504633.2722545343 0.0042394561 11.1654816136 -0.1508875850 0.0000000000 0.1915383590 0.2169331040 -0.0606409674 0.7251376067 0.3556376376 -0.2302511712 -0.3437773853 1.4261398548 0.0000000000 -1.2006832219 -0.7620845224 0.0000000000 0.0000000000 
349380.0000000000 -1132916.0756537635 6092532.5110002989 1504633.7339440361 0.1427821488 11.1654816136 -0.5579775606 -0.0000000000 -1.3283230365 -0.5873919923 0.3476654120 1.6345137934 0.7935243998 0.9555625817 0.0777129488 1.1313149600 0.0000000000 -1.8150771103 -0.3086619439 0.0000000000 0.0000000000 
349410.0000000000 -1132915.8286304881 6092530.6192116058 1504633.7375476237 0.0878691568 11.1654816136 -0.6093916785 0.0000000000 -0.9406180821 -0.5591220312 0.0424561629 1.1869607733 0.3589999859 1.0717726728 0.3482816301 0.8435075148 0.0000000000 -1.2697301477 -0.2308601471 0.0000000000 0.0000000000 
349440.0000000000 -1132915.7580261978 6092530.1546564121 1504634.3358960100 0.0628998606 11.1654816136 0.1825241569 0.0000000000 -0.9084202292 -1.0789436607 0.3175061062 1.1055432176 -0.3293871582 1.1087192275 -0.1154117054 0.6334520210 0.0000000000 -0.7728228211 0.0689181429 0.0000000000 0.0000000000 
349470.0000000000 -1132915.8879387288 6092529.2353055840 1504633.5379397462 0.0641381371 11.1654816136 -0.9680533728 0.0000000000 -0.5116787221 -0.4541158263 0.6558852608 0.1425529636 0.3456469971 0.4042037949 1.7862338687 1.2229475812 0.0000000000 -1.6243988181 -0.9706896790 0.0000000000 0.0000000000 
349500.0000000000 -1132915.4192247677 6092528.8681722768 1504632.8804812736 0.0079728628 11.1654816136 -0.2600432971 -0.0000000000 0.3432471072 -0.4838913817 -0.4919119185 0.4558115740 -0.5075312338 0.9716236072 0.5019605483 1.3776913034 0.0000000000 -1.0145539760 -0.8050573036 0.0000000000 0.0000000000 
349530.0000000000 -1132916.0846510276 6092530.5691998964 1504633.6279608370 0.1021995451 11.1654816136 -0.2239661366 0.0000000000 -0.6862123063 -1.0887428844 0.8730497823 1.5206175176 -0.0773000761 0.5747713763 -0.1180331553 1.4475356109 0.0000000000 -1.1159056705 -0.8199110698 0.0000000000 0.0000000000 
349560.0000000000 -1132916.1012321366 6092531.5448630396 1504633.9721110135 0.2190760919 11.0041300577 -2.6554543962 0.0000000000 -1.2662211722 0.0484783259 0.4907641875 2.1124739153 0.3314598314 0.0000000000 0.9098584323 1.4230179436 0.0000000000 -0.6958393146 -0.2876518589 0.0000000000 0.0000000000 
349590.0000000000 -1132916.1007785506 6092530.8104552832 1504632.6810454293 0.0880963021 11.1654816136 -0.3144901679 -0.0000000000 -0.4325243079 0.3297097345 -0.1422892584 1.4780254034 0.6631900329 -0.0908831168 -0.9602955917 1.3230861714 0.0000000000 -1.2833609596 -0.2461555987 0.0000000000 0.0000000000 
349620.0000000000 -1132916.3948116472 6092530.9483617926 1504633.1850241979 0.0266326009 11.1654816136 -0.4648174116 -0.0000000000 0.4127810559 -0.1847616142 -0.7269485830 0.1445486470 -0.1147733974 1.0110734391 0.7398837177 0.9922730934 0.0000000000 -0.9866141592 -0.7984139532 0.0000000000 0.0000000000 
349650.0000000000 -1132915.6624864934 6092528.6020590654 1504631.9683422090 0.1293621451 11.1654816136 -0.7985600133 0.0000000000 0.5021591028 1.1873448257 -0.3347899125 -1.6217824930 0.8020148751 -0.5941068461 2.4168657994 1.0549027346 0.0000000000 -2.0775780383 -0.8061818519 0.0000000000 0.0000000000 
349680.0000000000 -1132915.0423911510 6092529.1551400637 1504631.8802762781 0.0007940012 11.1654816136 0.8524411194 -0.0000000000 0.2641555604 1.8207640619 -1.2164643311 -1.1803186659 1.0364931014 -0.7875445379 -0.0349608324 0.7866174310 0.0000000000 -2.2424085818 0.5839373108 0.0000000000 0.0000000000 
349710.0000000000 -1132917.2552201925 6092531.7194412118 1504633.7727803169 0.0295706327 11.1654816136 -1.6592395409 0.0000000000 -1.1038800665 0.1546280717 0.3950123885 1.8928045373 0.6398928716 0.0004490916 0.3802395164 1.7920250051 0.0000000000 -1.6928920741 -0.4175352105 0.0000000000 0.0000000000 
349740.0000000000 -1132916.4898537130 6092531.0279036686 1504633.1405182981 0.0227051175 11.1654816136 -2.0450986362 0.0000000000 -0.4804433626 -0.0395696848 -0.5347141371 2.9813827165 0.8209342994 0.9203924412 -0.9974074703 1.4199383482 0.0000000000 -0.5672653184 -0.9215797781 0.0000000000 0.0000000000 
349770.0000000000 -1132915.8251172632 6092531.2382589821 1504633.0742938847 0.0002306180 10.8275661707 -0.7231743833 0.0000000000 -0.3237145619 0.0000000000 0.2497662230 0.7525183702 0.2584002490 0.0000000000 0.3039595183 0.9546995721 0.0000000000 -0.8659217222 -0.4600996549 0.0000000000 0.0000000000 
349800.0000000000 -1132916.0710476621 6092530.6976419827 1504632.9977049718 0.0009164336 11.0041300577 0.0000000000 -0.0000000000 -0.2109977689 -0.2306156005 0.3101302309 -0.0969982357 0.4363028390 0.3493214417 0.7894155592 0.7602482577 0.0000000000 -1.4534526222 -0.6682942843 0.0000000000 0.0000000000 
349830.0000000000 -1132915.5503209205 6092529.2397271367 1504633.5230961922 0.0725856652 11.1654816136 -0.0989240147 -0.0000000000 -0.4639173937 -0.5365841819 -0.2892476656 0.7047088677 -0.6311789285 0.9922185191 0.4671630892 1.3109238825 0.0000000000 -1.3524956933 0.0319174872 0.0000000000 0.0000000000 
349860.0000000000 -1132916.5402685292 6092530.9241873808 1504633.3571645867 0.1340264116 11.1654816136 -1.3502657613 -0.0000000000 0.0409854931 0.5669770578 -0.0143459459 0.4595247985 0.1507628414 -0.4411541710 0.9691748304 1.4469769208 0.0000000000 -1.0914417507 -0.6368119899 0.0000000000 0.0000000000 
349890.0000000000 -1132915.4447093797 6092529.9238052201 1504633.3433073352 0.0632123282 11.1654816136 0.4968213575 0.0000000000 -0.5728412925 -0.1798072153 0.8465399414 -0.1403586610 -0.2053966230 -0.4147725864 0.6353772677 1.1400234660 0.0000000000 -1.6009953733 -0.0021825445 0.0000000000 0.0000000000 
349920.0000000000 -1132914.7964653668 6092529.6364956144 1504632.6563362840 0.0167299450 11.1654816136 0.3582792222 -0.0000000000 -0.7641073118 0.4277777022 -0.2998273040 -0.2116236804 0.6772307312 0.2796876134 0.4137156009 0.6685800457 0.0000000000 -2.0111954818 0.4801865621 0.0000000000 0.0000000000 
349950.0000000000 -1132916.6348840410 6092532.7477952661 1504633.6836688870 0.0027420332 11.1654816136 1.0744169513 0.0000000000 -0.1492801479 0.7688734697 -0.1471964094 0.5719011316 1.1763652755 -0.5566958806 -1.3984790508 1.9423588464 0.0000000000 -2.6851044392 -0.3785302760 0.0000000000 0.0000000000 
349980.0000000000 -1132915.6693569741 6092532.1306249863 1504633.1760806160 0.0486628773 10.8275661707 0.0000000000 -0.0000000000 -0.8606405674 0.0000000000 -0.2888852007 1.6459370655 1.1986938438 0.8177751850 -1.1318465847 1.2962143016 0.0000000000 -2.0591427699 -0.2724429901 0.0000000000 0.0000000000 
350010.0000000000 -1132916.5140614477 6092531.8232509596 1504633.6419109784 0.1249150861 11.0041300577 0.2529700795 -0.0000000000 -0.7057383211 0.4774078788 -0.3128230227 0.1525192165 1.6363681538 0.4030988075 -0.4162235338 0.0000000000 0.0000000000 -1.5093014338 0.1006013027 0.0000000000 0.0000000000 
350040.0000000000 -1132913.6419521580 6092528.8747454509 1504632.3380033700 0.0953032884 11.1654816136 0.9370477513 -0.0000000000 0.2981619145 1.3570388584 -0.8402899668 -2.0580278143 0.5969067924 -0.6397561815 0.8968236716 0.3208293953 0.0000000000 -1.6963538871 0.5604971142 0.0000000000 0.0000000000 
350070.0000000000 -1132915.3013125141 6092528.7443071753 1504633.0500207467 0.0549061351 11.1654816136 0.6184154801 -0.0000000000 -0.1472126085 -0.3535446537 -0.1713339363 0.1120446724 -0.0861557562 0.7100134157 0.1568783830 1.1789127475 0.0000000000 -1.6793651197 -0.2983382100 0.0000000000 0.0000000000 
350100.0000000000 -1132915.5057610096 6092529.5798118496 1504632.9453153280 0.0338270488 11.0041300577 -0.4209095905 0.0000000000 0.3067419126 0.0000000000 -0.3889090387 0.6745015788 0.1576845664 0.4490827160 0.0217433949 1.3586968980 0.0000000000 -1.1559232531 -0.8776823665 0.0000000000 0.0000000000 
350130.0000000000 -1132915.1836391734 6092530.2823663959 1504632.2548409996 0.0023805882 11.1654816136 -0.2002310717 -0.0000000000 0.2448746692 1.1929983622 -0.7679317939 -0.1849170813 0.8736163542 -0.5400257498 -0.2592177442 0.6820268844 0.0000000000 -0.9912040311 -0.0032905697 0.0000000000 0.0000000000 
350160.0000000000 -1132913.3770827739 6092526.2910578717 1504630.4635189227 0.0842045362 10.8275661707 0.6304061780 0.0000000000 1.1838288265 0.8262958720 -0.7084479103 -1.8799440350 0.2975976999 -0.4886637841 0.7092392395 0.0000000000 0.0000000000 -0.4001168163 -0.4532073754 0.0000000000 0.0000000000 
350190.0000000000 -1132914.3295755766 6092526.8755319808 1504632.0024192012 0.0022651832 11.1654816136 -2.0166486503 -0.0000000000 -0.3230548702 0.1977176978 0.6441516422 1.7027553680 0.2430729060 -0.6087614365 -0.0406968417 0.4379306656 0.0000000000 0.5499520236 -0.5319068601 0.0000000000 0.0000000000 
350220.0000000000 -1132915.2169324094 6092528.5072730090 1504632.9694396101 0.0000075806 11.1654816136 -1.5749941694 0.0000000000 -0.2519157770 0.1388931813 0.1548449879 0.5232256340 0.9082208812 0.4223252951 1.3610560819 0.7719685580 0.0000000000 -1.3071954284 -1.0967226198 0.0000000000 0.0000000000 
350250.0000000000 -1132914.6696784287 6092528.9694682164 1504633.3919509961 0.0391233334 11.1654816136 -0.7184700899 -0.0000000000 -0.4742981337 0.0670460058 -0.0563362034 1.2469051128 0.9527723223 0.4053017655 -0.5820414164 0.4850875020 0.0000000000 -0.7066789785 -0.4038272404 0.0000000000 0.0000000000 
350280.0000000000 -1132915.9470283312 6092530.1823289702 1504632.9522198846 0.0006325269 11.0041300577 -1.1688891382 0.0000000000 0.0000000000 1.0974505067 -0.2276517448 0.7644425316 0.7095896362 -0.7928488036 -0.0510758213 1.4041834227 0.0000000000 -1.1522812013 -0.3914903995 0.0000000000 0.0000000000 
350310.0000000000 -1132915.8972022450 6092530.5519091366 1504633.5093164742 0.0001527439 11.1654816136 -1.3522320339 0.0000000000 -0.5934181983 0.2011291507 0.5097332767 2.1286639051 0.7005802112 -0.2856870337 -0.7765827431 1.3520960054 0.0000000000 -0.8741192214 -0.6436323023 0.0000000000 0.0000000000 
350340.0000000000 -1132915.7843115516 6092528.8450605068 1504633.4597347684 0.0058471474 11.1654816136 -2.6349903832 0.0000000000 -0.6473320117 -0.0617646577 0.6699747962 2.4345586911 -0.2604876090 -0.1593251042 0.5115417485 1.3386023739 0.0000000000 -0.2526495260 -0.6054002975 0.0000000000 0.0000000000 
350370.0000000000 -1132916.1163837693 6092531.5712877652 1504633.6209357495 0.0001539442 11.1654816136 -1.1736712389 -0.0000000000 -0.0778947688 0.5258154894 0.4839022060 2.8631413390 0.9905111087 -0.9533354556 -2.4051555029 1.7710209187 0.0000000000 -0.4529398916 -1.0403930104 0.0000000000 0.0000000000 
350400.0000000000 -1132915.1433019952 6092530.3605462303 1504633.5117964572 0.0073089196 11.1654816136 0.0911598111 0.0000000000 0.4837872694 0.5619838991 0.9797901720 -0.2956097007 0.2454624084 -1.4399293915 0.3609024618 1.5495049980 0.0000000000 -1.3740746260 -1.1495546205 0.0000000000 0.0000000000 
350430.0000000000 -1132915.0032172808 6092529.6328813881 1504633.4558555854 0.0003215758 11.1654816136 0.3487805559 0.0000000000 -0.0383299671 0.1356321332 0.6520819616 0.4207954653 -0.4175120961 -0.9085253279 -0.5594867536 1.0719458139 0.0000000000 -0.5231538941 -0.0589957040 0.0000000000 0.0000000000 
350460.0000000000 -1132916.1217907637 6092530.4924068283 1504633.4986512624 0.0060503293 11.1654816136 -0.2354015187 0.0000000000 -0.1082256197 1.5424202193 0.0580202295 -0.1693397452 0.8371709201 -1.4827994949 0.0169079041 1.7083593191 0.0000000000 -1.9813825890 -0.0622042878 0.0000000000 0.0000000000 
350490.0000000000 -1132916.5995743528 6092532.3093231339 1504634.4398607370 0.0100493638 11.1654816136 0.1950530713 -0.0000000000 -0.2958881398 0.6423753228 0.5890930650 -0.4470142138 0.7199285921 -0.7790425570 0.5320211379 1.0948551015 0.0000000000 -1.8764393923 -0.3657868130 0.0000000000 0.0000000000 
350520.0000000000 -1132915.2548152856 6092529.7487856653 1504632.9186480830 0.0062792687 11.1654816136 -0.5378358471 0.0000000000 0.4232054132 0.3112931527 0.1503102063 -0.7341731995 -0.1085290094 -0.2769196361 1.6676206063 0.8555503943 0.0000000000 -1.0878543935 -0.7930079328 0.0000000000 0.0000000000 
350550.0000000000 -1132914.8062228244 6092528.2028524876 1504633.2797890264 0.0177067286 11.1654816136 2.1159966243 -0.0000000000 0.5681807035 -0.7781646971 0.9744655980 -1.2624119258 0.4845484006 0.1719734926 0.1533467689 0.7733271682 0.0000000000 -1.7654989901 -1.6072763863 0.0000000000 0.0000000000 
350580.0000000000 -1132915.2535370095 6092530.5645512482 1504634.1290645001 0.1865181729 11.1654816136 2.5494251887 -0.0000000000 0.3931340954 -0.2461379259 1.3806821227 -0.9574570645 0.3165015138 -1.0208820548 -0.9577073024 1.2395035023 0.0000000000 -1.6706779065 -1.0462077890 0.0000000000 0.0000000000 
350610.0000000000 -1132914.9582860176 6092528.1240718681 1504633.3369992939 0.0497491678 11.1654816136 1.1431628645 0.0000000000 0.0792872158 -0.5744336616 0.9334698071 0.6574425892 0.3533703738 -0.0525943140 -1.1224742815 1.5128526054 0.0000000000 -1.5507867368 -1.2314878431 0.0000000000 0.0000000000 
350640.0000000000 -1132914.8753685483 6092528.1021247460 1504632.3788703058 0.0016040171 11.1654816136 0.4515917690 -0.0000000000 0.1621818132 0.1545555566 0.3380847857 -0.0031068141 0.8457866243 -0.1876302926 -0.3456283826 0.9645747881 0.0000000000 -1.3665102768 -0.9585009565 0.0000000000 0.0000000000 
350670.0000000000 -1132916.7105207813 6092529.9655696871 1504634.1672290063 0.0716879916 11.1654816136 -1.1424495300 0.0000000000 -0.5497635082 0.3836324284 0.1266993583 0.8935196242 1.3575840621 0.4519889856 0.6745802730 1.6508031571 0.0000000000 -2.6067507628 -1.0998586543 0.0000000000 0.0000000000 
350700.0000000000 -1132916.0618899914 6092529.7716195667 1504634.1784662891 0.0337127516 11.0041300577 1.0230649324 -0.0000000000 -0.1080254101 -0.7700405422 1.1851866440 0.0000000000 0.9083477102 0.3182839608 -0.1971694084 0.5809510143 0.0000000000 -1.4892237119 -1.4605129132 0.0000000000 0.0000000000 
350730.0000000000 -1132916.0930454184 6092532.3088297788 1504632.6920540726 0.1064423387 11.0041300577 0.2618097697 0.0000000000 -0.4202400514 0.5016544917 0.4670260435 0.0000000000 0.6446773420 -0.4775751460 0.0414963188 1.3505838369 0.0000000000 -1.9707128583 -0.2999730211 0.0000000000 0.0000000000 
350760.0000000000 -1132915.7787317042 6092529.1664901068 1504631.7307437311 0.0090068467 11.0041300577 -0.8469754617 0.0000000000 -0.2490990207 0.7398126177 0.2985399643 0.0000000000 0.7938767953 -0.3760172221 1.1022697689 1.3553463511 0.0000000000 -2.0614655005 -0.7165132941 0.0000000000 0.0000000000 
350790.0000000000 -1132915.0429815880 6092528.5966869704 1504632.8986560397 0.0061029095 11.0041300577 0.1990080261 -0.0000000000 -0.4172838256 0.1817922920 0.9052738621 0.0000000000 1.1355030092 -0.3839446081 -0.0351322410 0.4087478730 0.0000000000 -1.2555420276 -0.6919701337 0.0000000000 0.0000000000 
350820.0000000000 -1132915.2676491141 6092527.4910597093 1504633.4951165468 0.0459121417 11.0041300577 0.2165688778 -0.0000000000 -0.4054449135 -1.1617285949 0.5607138230 0.0000000000 -0.2064534645 1.4255423524 1.5447635825 0.9364779231 0.0000000000 -2.0472879818 -0.9846922750 0.0000000000 0.0000000000 
350850.0000000000 -1132915.7362459246 6092530.2572277905 1504632.9335857655 0.0255829498 11.0041300577 0.8813294706 -0.0000000000 -0.1653444986 0.3471270696 0.1157927946 0.0000000000 0.9934521389 -0.1812631150 -0.9878291338 1.0733935333 0.0000000000 -1.5511811414 -0.3928080664 0.0000000000 0.0000000000 
350880.0000000000 -1132914.5285138618 6092525.1280105021 1504631.5357760524 0.0028927083 11.0041300577 -1.2850320554 0.0000000000 0.1336977736 0.6046713389 -0.5313869782 0.0000000000 0.9676635229 0.4275762373 1.2691546293 0.9117887936 0.0000000000 -1.5945551516 -0.9313732211 0.0000000000 0.0000000000 
350910.0000000000 -1132915.3682717639 6092526.3188137254 1504632.4110365284 0.0394621651 11.1654816136 0.6899249103 -0.0000000000 0.0839806270 0.1635652224 0.0186652486 0.0000000000 0.9301915255 0.4652657738 0.1563236008 1.2692314239 0.0000000000 -2.6018460243 -0.7639144573 -0.4295949234 0.0000000000 
350940.0000000000 -1132915.1111614080 6092529.6393979937 1504632.4185097369 0.0020997581 11.1654816136 0.4631986895 -0.0000000000 0.2120402687 0.7043403514 -0.3164494448 0.0000000000 0.5373834633 0.2626119048 0.8436936100 0.9918003758 0.0000000000 -2.8834893113 0.1014707259 -1.0300108554 0.0000000000 
350970.0000000000 -1132913.7576346716 6092528.1953164991 1504633.0074980180 0.1297469012 11.3140434823 -0.1549366899 0.0000000000 0.7809850678 0.8532258212 0.2629395538 0.0000000000 0.1962216849 0.5948748811 1.6116286675 -0.4585183174 0.0000000000 -1.9451033509 -0.3290521498 -0.6375660636 -1.1413601221 
351000.0000000000 -1132915.2469434531 6092528.7265797313 1504632.6848580285 0.0761076662 11.3140434823 -1.8596105925 0.0000000000 0.1735046625 2.6609699852 0.2315239240 0.0000000000 0.4911430147 -0.1320850739 0.1896949070 0.8783154097 0.0000000000 -1.1401521659 -0.7701462021 2.2263098546 -2.9457056179 
351030.0000000000 -1132913.9896165854 6092527.9027074501 1504632.5654622945 0.1204946480 11.3140434823 1.8142163622 0.0000000000 1.6143080779 2.1447689721 -0.0894386027 0.0000000000 -0.7133626805 0.0653332376 -0.9119790094 1.0583270368 0.0000000000 -2.8063198771 0.3235643858 -0.0525434642 -2.6086608201 
351060.0000000000 -1132914.6931601181 6092529.0361941187 1504632.3986458329 0.0041477524 11.3140434823 -0.3037653160 0.0000000000 -0.2662620961 -0.7048739352 -0.2337689984 0.0000000000 -0.0253112730 -0.4157644572 1.1216019339 1.2116688149 0.0000000000 -0.9317489801 -0.1504482809 -1.0442865212 1.8146915894 
351090.0000000000 -1132914.2826137338 6092528.3190360004 1504633.6970879307 0.0023179398 11.3140434823 0.4539620072 0.0000000000 1.0376373621 1.8482122981 -0.0352230452 0.0000000000 0.0048741823 0.6779366069 -0.7542777346 1.0913548015 0.0000000000 -2.0567518757 -0.7390939827 1.2394346332 -2.8118980815 
351120.0000000000 -1132915.6851772943 6092528.5132096838 1504633.4519166423 0.0000005356 11.3140434823 -0.6356310715 -0.0000000000 0.8234940999 0.4358745254 -0.2345214230 0.0000000000 -0.6399253869 1.0640683667 0.6371250009 0.7803911347 0.0000000000 -0.7553926491 -1.1175988269 1.1132121063 -1.5930947037 
351150.0000000000 -1132914.2281422648 6092526.9785502702 1504631.9579259395 0.0024677295 11.3140434823 -0.0901383404 0.0000000000 0.1379598338 0.2634381809 0.2546759569 0.0000000000 0.5975282284 1.0216680958 0.3062143221 0.3038977569 0.0000000000 -1.3601584896 -1.0245672448 0.6400858751 -1.1364563405 
351180.0000000000 -1132914.9001821324 6092527.2622373141 1504632.5970601602 0.0031121860 11.3140434823 0.0734663739 0.0000000000 -0.4641379876 -0.2025605785 0.1973709859 0.0000000000 0.0915219274 0.3576285096 0.3332409201 0.8364844403 0.0000000000 -1.1465350907 -0.2473419172 0.1599171833 0.0375756462 
351210.0000000000 -1132912.9403738130 6092526.6252241815 1504631.9758571731 0.0321203981 11.3140434823 -0.0783258983 0.0000000000 1.2009956084 1.7371649448 -0.7092621895 0.0000000000 -0.1496049291 -0.4426514887 0.2415043231 0.9639098066 0.0000000000 -1.6317482067 0.1633959235 -0.4661154922 -0.8068149063 
351240.0000000000 -1132914.0894692952 6092529.5261334339 1504633.6391134537 0.0119030318 11.3140434823 0.6285094330 0.0000000000 -0.1852334349 0.5876982236 0.2812338433 0.0000000000 -0.5735969299 -0.6370975746 -0.1014460936 1.2827841489 0.0000000000 -1.4317907175 0.5916840425 -0.2096323073 -0.0975914476 
351270.0000000000 -1132912.9700600144 6092527.5956305359 1504633.6394391367 0.0532081983 11.3140434823 1.4846332617 0.0000000000 1.0194062359 0.5370530153 0.0605079700 0.0000000000 -0.4478469108 0.1153884489 -0.5472760634 -0.0709187659 0.0000000000 -0.9886780768 0.2801968663 -0.5631658604 -0.9021141227 
351300.0000000000 -1132914.3602182551 6092527.4183362881 1504633.3956433544 0.0906341035 11.3140434823 0.1742929816 0.0000000000 -0.1628662955 0.2581237742 0.2555969999 0.0000000000 -0.8476900185 0.4952337134 -0.0528766245 0.8149237741 0.0000000000 -0.7087838032 0.0043598732 0.9257227003 -1.1114168054 
351330.0000000000 -1132914.9024758912 6092528.6552299419 1504633.8554093367 0.0568784805 11.3140434823 0.1295599624 -0.0000000000 0.0818322492 -0.8724422346 0.5724229814 0.0000000000 -0.0884973762 0.8792043036 0.7145772907 0.4797283732 0.0000000000 -0.8667656320 -1.2689125362 0.3099236982 -0.2010729230 
351360.0000000000 -1132915.4639882573 6092529.5658331998 1504632.4977007865 0.0019685062 11.3140434823 -1.6819221543 0.0000000000 0.0518464136 1.7920491439 -0.2334105005 0.0000000000 0.3367653754 0.6762497136 1.5028930674 0.8046025608 0.0000000000 -2.0804303224 -0.4112268427 0.9008168041 -1.6709589907 
351390.0000000000 -1132914.9814575086 6092528.0766653521 1504632.7951324075 0.0587218633 11.3140434823 -0.3016905813 0.0000000000 0.5108553959 0.6993429793 -0.3868761739 0.0000000000 -0.0428760984 -0.2056898776 0.6338227389 1.4404668556 0.0000000000 -1.6470608121 -0.3568527364 -0.3277530312 0.0349763571 
351420.0000000000 -1132914.3102394210 6092527.6664029630 1504632.1196932634 0.0011840421 11.3140434823 0.4327279622 0.0000000000 0.1291961182 -0.2269366836 -0.1295095832 0.0000000000 -0.0167599587 0.5893631061 0.0932055749 -0.0600348148 0.0000000000 -0.5072266950 -0.0179576051 -0.1703218357 -0.1666982914 
351450.0000000000 -1132915.1336202761 6092528.2758611143 1504633.5551657476 0.1394817952 11.3140434823 0.4224937225 0.0000000000 -0.0366080970 0.1856426594 0.1058096509 0.0000000000 0.2328358749 1.6559857752 0.1901781484 0.1170930479 0.0000000000 -1.6422011468 -0.4281057231 0.6528331307 -1.5037136651 
351480.0000000000 -1132916.0539161984 6092528.0533417212 1504632.6007473217 0.0441290969 11.3140434823 0.2549493325 0.0000000000 0.0210738134 -0.1232274119 -0.3491057888 0.0000000000 0.2016016417 0.8350629647 -0.0365112982 0.9334313074 0.0000000000 -1.2219187798 -0.4503280267 0.1671044844 -0.2275739577 
351510.0000000000 -1132915.6274245752 6092528.0055228574 1504633.6255159935 0.0817634386 11.3140434823 0.4032273440 0.0000000000 -0.2426597571 -0.8813167653 0.4814388059 0.0000000000 -0.6933878091 0.9862687274 0.3303835144 1.4389190120 0.0000000000 -1.2459074270 -0.9961729239 0.7450416142 -0.3820231642 
351540.0000000000 -1132915.3001262378 6092529.0292697670 1504633.8326230443 0.4991176877 11.3140434823 0.3165159896 0.0000000000 -0.6418066714 -0.8267686856 -0.2222370505 0.0000000000 -0.2938552273 0.8636386262 -0.3440878218 2.1294915217 0.0000000000 -1.2240941614 -0.6415184785 0.7005471203 0.2183114050 
351570.0000000000 -1132914.2316709727 6092529.0472918283 1504633.2670421759 0.2052773879 11.3140434823 0.2058473215 0.0000000000 0.4732069929 0.5418388868 0.2086911791 0.0000000000 -0.3981378129 0.1925543878 1.1627695974 1.0109681657 0.0000000000 -2.2740191974 -0.2234009172 -0.4597502155 -0.4214527266 
351600.0000000000 -1132913.8719564935 6092528.9393454725 1504633.1800879126 0.1344399339 11.3140434823 1.4593296028 -0.0000000000 0.4889429348 0.3352305063 0.2733304117 0.0000000000 -0.4402186533 0.6620969495 0.1125311367 0.0520905174 0.0000000000 -1.8155441030 0.4346498020 -0.5272613040 -0.9482253832 
351630.0000000000 -1132913.1601406722 6092529.0291303564 1504633.0514215834 0.0185489690 11.3140434823 2.9939665125 -0.0000000000 2.0094374665 1.6003330270 0.2167203202 0.0000000000 0.6986411026 0.1192508632 -0.7808363031 -0.0870068370 0.0000000000 -3.4163047133 0.3178874276 -1.9663562243 -1.3406548757 
351660.0000000000 -1132914.5933380765 6092529.0265141698 1504633.2217463958 0.1721590128 11.3140434823 1.6618065900 -0.0000000000 0.2925578472 0.4966666299 0.1076547847 0.0000000000 0.3844134123 0.2302188302 -0.9451451431 0.3453520461 0.0000000000 -1.6084030325 0.4088931145 -0.6150126651 -0.5180446370 
351690.0000000000 -1132915.9194827843 6092530.8589625610 1504634.1766843828 0.0113578112 11.3140434823 1.1905026427 -0.0000000000 0.4799746483 -0.0881157697 0.2213551308 0.0000000000 -0.2435189833 0.3764348410 -0.2485065985 0.7040304873 0.0000000000 -1.3491612476 -0.2745251102 -0.3015184403 -0.3749785302 
351720.0000000000 -1132916.4527724178 6092529.5899865832 1504633.8694881685 0.0934258639 11.3140434823 1.6008359464 -0.0000000000 0.1620127371 -0.2750739212 0.7855129028 0.0000000000 -0.6781196916 0.7654262548 -1.4439102511 1.5489719210 0.0000000000 -1.1081350020 -0.8981182174 1.0823168690 -1.3235981734 
351750.0000000000 -1132914.4176582044 6092528.0646087965 1504632.5084860246 0.0109934137 11.3140434823 1.1584565470 0.0000000000 0.3958399502 0.0827812085 -0.2994976635 0.0000000000 -0.5282509029 -0.0092039596 -0.9017864021 1.1281764108 0.0000000000 -0.7594296346 0.2665176889 -0.2330189355 -0.1033755715 
351780.0000000000 -1132914.7735285254 6092527.0299861180 1504633.2210306770 0.3824535336 11.3140434823 1.2387469474 -0.0000000000 0.2859160041 -0.4512219102 0.5501431117 0.0000000000 -0.3546939936 0.1393258444 0.3183015908 0.7866220416 0.0000000000 -1.6558505866 -0.2925197456 -0.6783885536 0.1545563160 
351810.0000000000 -1132915.9740438026 6092529.6913403487 1504633.9718306388 0.0434050271 11.3140434823 -0.5716468627 0.0000000000 -0.5740939368 -0.3079360139 0.4507365325 0.0000000000 -0.6474132783 1.1045047762 1.2075567477 1.4610715802 0.0000000000 -1.7280950710 -0.8507702953 0.9908882985 -0.6632663500 
351840.0000000000 -1132915.8592413354 6092529.5419142796 1504633.9295268541 0.4746706114 11.1654816136 -0.4588394974 0.0000000000 -0.1355365526 0.0000000000 0.3253065425 0.0000000000 -0.3759107296 -0.1642362577 1.2313677435 1.9057096973 0.0000000000 -1.9653726173 -0.7383023437 -0.0970081968 0.4317111238 
351870.0000000000 -1132915.4860258775 6092526.8705874402 1504633.1611219710 0.0754680118 11.1654816136 -1.7246481549 0.0000000000 -1.0484127995 0.0000000000 -0.6601231674 0.0000000000 -0.2100596131 0.4018481236 1.5803768861 1.2691176593 0.0000000000 -0.9970971384 0.2016088875 0.3315355260 0.6279345538 
351900.0000000000 -1132915.8264670172 6092529.1556691369 1504633.3588990669 0.0542091923 11.3140434823 -0.3191855725 -0.0000000000 0.6845434717 0.0000000000 -0.2521978511 0.0831629084 -0.7551780031 0.5694995725 1.3536578062 0.9885162322 0.0000000000 -1.4940168446 -0.5642240708 -0.1588969069 -0.2437390737 
351930.0000000000 -1132915.6420537212 6092527.9007629557 1504633.7773029762 0.1692260277 11.3140434823 -0.4570156678 0.0000000000 0.0364259778 0.0000000000 1.1469348676 0.6622072439 -0.8481708270 1.6169805019 0.1084616439 0.7246913698 0.0000000000 -1.1066995739 -1.4579935638 1.8361149549 -2.2756421990 
351960.0000000000 -1132915.4632112777 6092528.2890826790 1504632.8339716841 0.0212694509 11.3140434823 -1.1234954743 -0.0000000000 -0.5534581769 0.0000000000 0.7995360250 0.5245492877 -0.0265416140 0.9303517173 1.2719920692 0.6313211096 0.0000000000 -1.6761182671 -0.9079072983 0.6704733176 -0.7036530535 
351990.0000000000 -1132915.0187351592 6092527.5633886894 1504632.3737777337 0.0056973574 11.3140434823 -1.9922140012 0.0000000000 -0.8808045646 0.0000000000 0.5653745196 1.4785255336 -0.0172145553 0.4525762564 -0.0563929537 1.1934468890 0.0000000000 -0.7239938044 -0.7741809234 0.9184333663 -0.3211592448 
352020.0000000000 -1132914.6393439367 6092527.3855385641 1504633.1413804796 0.0000782173 11.3140434823 -2.0116268334 0.0000000000 0.6185331062 0.0000000000 0.2363315441 2.5810009374 -0.2879360591 1.4101003204 0.6196913371 0.6207769850 0.0000000000 -1.9181621036 -1.0597187587 -0.0966432853 -0.9498717400 
352050.0000000000 -1132913.7594846995 6092525.6816974375 1504631.9333512557 0.0107336720 11.3140434823 0.2090500661 0.0000000000 0.7040330703 0.0000000000 0.0238173453 -0.9078479202 0.3083942424 -0.1018830197 1.7842965998 0.8556492537 0.0000000000 -1.7414170761 -1.1421896228 -0.6064739306 0.5142275559 
352080.0000000000 -1132915.5362619229 6092528.5527508110 1504633.2772391120 0.0642273977 11.3140434823 0.4964885205 -0.0000000000 0.5070752073 0.0000000000 0.1635969447 -0.0326438400 -0.3690300779 0.3175007255 -0.1338574188 1.4288239810 0.0000000000 -1.2221691390 -0.8669718540 0.2482404857 -0.4264813501 
352110.0000000000 -1132912.7494211346 6092527.3549071820 1504632.3895496605 0.0740715550 11.3140434823 0.8810011143 0.0000000000 1.3814382209 0.0000000000 -0.5513535766 1.0803482396 -0.0491554762 0.5091141913 -0.4280227417 0.3718380480 0.0000000000 -1.5751482411 0.0834788860 -1.4556611590 -0.0735515515 
352140.0000000000 -1132915.6784125837 6092528.0872890623 1504633.2498577398 0.0418350776 11.3140434823 0.5071418500 0.0000000000 0.8041549555 0.0000000000 0.3128228296 0.1588350821 -0.8895041149 0.8857906619 -0.9237772142 1.1133117370 0.0000000000 -0.2914255495 -1.1941944336 1.2735059491 -1.6003412171 
352170.0000000000 -1132915.2235376502 6092528.1547797853 1504632.3664884677 0.0319724744 11.3140434823 -2.7191571237 0.0000000000 0.1663783973 0.0000000000 -1.2229106433 0.7970937873 0.7636580264 0.3595888382 1.2380686791 0.4483928261 0.0000000000 -0.2628875871 -0.7572242725 -0.2337187834 0.8434651293 
352200.0000000000 -1132915.2803829664 6092529.8196449811 1504633.2181416214 0.0228030768 11.3140434823 -0.0124973110 0.0000000000 0.0026649745 0.0000000000 0.0444032418 -1.0759613136 0.0730357920 1.0678360388 0.9293782760 0.3705027709 0.0000000000 -0.6203330915 -1.0734982093 1.1358269895 -0.9420142019 
352230.0000000000 -1132914.3538873475 6092528.7477058284 1504633.3827789696 0.0691924379 11.3140434823 0.5978308261 -0.0000000000 0.6223786778 0.0000000000 0.4544326093 0.5086885792 0.1249353150 -0.1831090884 -0.9138799965 0.5579726772 0.0000000000 -0.4804731598 -0.6805660893 -0.2223026089 -0.1936587513 
352260.0000000000 -1132915.0095243801 6092528.6048102630 1504633.3414407419 0.0227407864 11.1654816136 0.0000000000 0.0000000000 0.7631931245 0.0000000000 0.5493303205 2.0556618195 -0.4470955060 -0.0631041904 -0.8327441688 1.2073320798 0.0000000000 -1.7327636120 -0.3377602315 -0.9347206127 -0.0663086599 
352290.0000000000 -1132914.3831490646 6092527.2219864735 1504632.7272975708 0.0494660540 11.1654816136 0.0000000000 0.0000000000 0.1592029949 0.0000000000 0.2607599434 0.7692614333 -0.5859056505 0.6989362252 0.2471816137 0.5508867374 0.0000000000 -1.3619913435 -0.0315923896 -0.0641671729 -0.5973592029 
352320.0000000000 -1132914.5551141482 6092527.8319494538 1504632.6511674356 0.1091080772 11.1654816136 0.0000000000 -0.0000000000 0.1925575859 0.0000000000 -0.0147472075 0.7956861103 0.4577206437 0.2078852483 0.2304627782 0.7382154468 0.0000000000 -1.8768453498 -0.1214884806 -1.0276390876 0.4429433614 
352350.0000000000 -1132914.2470776096 6092528.8722241893 1504632.9288656549 0.0268943392 11.1654816136 0.0000000000 0.0000000000 1.0854137162 0.0000000000 0.0057458717 1.1354714903 -0.0142434243 0.2581454979 -0.3323578866 0.6873353924 0.0000000000 -1.2125121699 -0.7020706056 -0.6598842192 -0.1970535753 
352380.0000000000 -1132915.0060583414 6092528.1640052302 1504632.8208477371 0.0701285512 11.1654816136 0.0000000000 0.0000000000 0.7579712857 0.0000000000 -0.4676405362 1.0339577817 1.0652666586 0.3193224922 -0.3698583697 0.4420418747 0.0000000000 -1.5443387632 -0.3716895379 -1.3143726040 0.4675396979 
352410.0000000000 -1132914.3291177091 6092528.6842913600 1504632.1694473790 0.0542888364 11.1654816136 0.0000000000 -0.0000000000 1.0587590443 0.0000000000 -0.6775464816 0.6393633208 -0.2253854934 -0.1452455493 0.2884797203 1.2696946819 0.0000000000 -1.4495995755 -0.2298201311 -1.1617567476 0.6361521919 
352440.0000000000 -1132915.3956330600 6092526.0376977930 1504632.7280187116 0.1325630708 11.1654816136 0.0000000000 0.0000000000 -0.5246431703 0.0000000000 -0.7212701904 -0.5234755120 0.0084208189 0.2666231217 -0.6618440808 2.1345412343 0.0000000000 -0.6074387790 -0.1944035892 0.5606771217 0.2789151165 
352470.0000000000 -1132915.2117994369 6092529.9264085358 1504634.5927372151 0.1753029752 11.1654816136 0.0000000000 -0.0000000000 0.1892875682 0.0000000000 1.2800737197 1.1081109252 -0.1332397554 0.2272701677 -0.2362681579 0.4447100932 0.0000000000 -1.3167563264 -0.8641336710 0.0524759705 -0.6491078502 
352500.0000000000 -1132916.1285910946 6092529.8862310424 1504633.8437049864 0.0965737104 11.1654816136 0.0000000000 0.0000000000 0.4318254586 0.0000000000 0.6394290262 1.0946818486 -0.5878326332 0.2272901540 -0.6197736879 1.2051700248 0.0000000000 -1.1535000505 -0.6831653763 0.1243682417 -0.5652898923 
352530.0000000000 -1132914.8531087316 6092526.5946807088 1504633.5077650154 0.4496255978 11.1654816136 0.0000000000 0.0000000000 0.1675254153 0.0000000000 0.3538994781 0.8304197212 -0.0890614709 0.6133664247 0.9255092275 0.9783211851 0.0000000000 -2.7077083263 -0.2390633569 -0.8106852170 0.0017385994 
352560.0000000000 -1132915.1193405020 6092528.3612949140 1504633.7106896420 0.1131734707 11.1654816136 0.0000000000 0.0000000000 0.7855096424 0.0000000000 -0.0390345643 -0.6654184460 -1.2056939033 -0.9815796870 1.0028870808 0.9430043013 0.0000000000 0.1888518243 -0.5428568197 0.0233002270 0.4463148110 
352590.0000000000 -1132914.7913005175 6092528.5826759795 1504633.7342163669 0.1468612742 11.1654816136 0.0000000000 0.0000000000 0.0126014683 0.0000000000 0.9061097930 0.8693879260 -0.3455268619 0.0051876032 0.7736032953 0.9876039053 0.0000000000 -2.2986876961 -0.3368430792 -0.6733388606 0.1581943063 
352620.0000000000 -1132915.0895784062 6092527.8405411262 1504633.4755826762 0.0954897585 11.1654816136 0.0000000000 -0.0000000000 0.0835088288 0.0000000000 0.0409811662 0.6861776812 0.0361499064 0.2446930890 0.9921085375 1.1180386554 0.0000000000 -2.6582903104 0.0735708087 -1.2057308911 0.5965352765 
352650.0000000000 -1132914.6146883338 6092527.6725222096 1504632.9030735930 0.1090087921 11.1654816136 0.0000000000 0.0000000000 0.1281052879 0.0000000000 -0.0535201517 -0.0051833553 0.5773714579 -0.5147345304 1.9460291381 0.9796112708 0.0000000000 -2.7728551034 -0.0993407610 -1.8799726265 1.6185425455 
352680.0000000000 -1132914.3248658094 6092528.6879455745 1504633.4686449824 0.0436852205 11.1654816136 0.0000000000 -0.0000000000 0.8415523582 0.0000000000 -0.5468160028 1.1834158290 -0.2256578010 0.3674914262 0.2865813895 0.2747977618 0.0000000000 -1.5327726668 0.4817053314 -1.2807303194 0.1788739420 
352710.0000000000 -1132914.4730920107 6092526.6773816021 1504633.0402637271 0.3329278520 11.1654816136 0.0000000000 -0.0000000000 0.4144982740 0.0000000000 0.4229790570 0.0553511574 -1.0217738679 -0.3546400539 1.0479343351 0.7244677404 0.0000000000 -0.8883036340 -0.3223578706 -0.1589863506 0.0838491143 
352740.0000000000 -1132915.2818388403 6092528.4133424377 1504634.0307736979 0.6228222069 11.1654816136 0.0000000000 0.0000000000 0.5355498852 0.0000000000 1.1916608143 0.9377618262 -0.9157117055 0.4443748196 1.0173497785 0.2951273847 0.0000000000 -1.8710728481 -0.6851366244 -0.0725467953 -0.8138213022 
352770.0000000000 -1132915.8020520667 6092527.4461666904 1504633.7822725466 0.0410897673 11.0041300577 0.0000000000 0.0000000000 0.0303139519 0.0000000000 0.6153515051 0.6782891542 -0.4608706907 0.4659791055 0.2034982457 1.1145554219 0.0000000000 -1.7536710030 -0.4445004301 0.0000000000 -0.3869422615 
352800.0000000000 -1132915.1474014600 6092528.8431970878 1504633.2456167503 0.0567769884 11.1654816136 0.0000000000 -0.0000000000 1.1551522652 0.0000000000 1.0970246482 0.7639002388 -1.1230807537 -0.7335669501 1.4804510214 0.7230112694 0.0000000000 -1.7638958690 -0.9668874339 -0.7745518409 0.1800472286 
352830.0000000000 -1132915.2965105011 6092526.9231181350 1504634.2856999321 0.5456419253 11.1654816136 0.0000000000 0.0000000000 0.4996254051 0.0000000000 0.8007277039 0.9545457537 0.0956361348 0.6512917800 0.0947934466 0.2633031360 0.0000000000 -1.6013394030 -0.8563641263 -0.1337805874 -0.7075672043 
352860.0000000000 -1132914.5529921702 6092528.4724008273 1504632.4729174797 0.0122831658 11.1654816136 0.0000000000 -0.0000000000 0.6472105192 0.0000000000 0.2266564717 1.4923829365 -0.0551586538 -0.1465565310 -0.7452129480 0.9760401684 0.0000000000 -1.4100644777 -0.1802212750 -0.9366275810 0.2329113128 
352890.0000000000 -1132915.0992419200 6092528.2784621753 1504633.2451644086 0.0106858999 11.1654816136 0.0000000000 0.0000000000 0.8250942680 0.0000000000 -0.0005478408 1.7211586095 1.0375523485 -0.4970034647 -0.7575677685 0.7119942848 0.0000000000 -1.8743644489 -0.1797089321 -1.9994599616 1.0884023071 
352920.0000000000 -1132915.0968462671 6092529.8324753977 1504633.6676982816 0.2521019374 11.1654816136 0.0000000000 0.0000000000 0.4355486333 0.0000000000 0.8017098264 2.2499805989 -0.2860698528 -0.9133406092 -1.9228229897 1.2956436179 0.0000000000 -0.9537020469 -0.0200065189 -1.0148312533 0.5249544207 
352950.0000000000 -1132915.6263309452 6092529.2147825565 1504633.6034888851 0.0293403937 11.1654816136 0.0000000000 0.0000000000 0.0102183416 0.0000000000 0.7019151540 1.2195934949 -0.1420569546 -0.5252661737 -0.0059728505 1.0716005738 0.0000000000 -1.8993744858 0.0096604269 -1.1101671961 0.7557382131 
352980.0000000000 -1132915.6391434663 6092528.8630489809 1504633.6828609763 0.0472876667 11.1654816136 0.0000000000 -0.0000000000 0.4440375613 0.0000000000 0.4577455024 0.3378543018 -0.3861721503 -0.6481269199 1.1436919788 0.7734878913 0.0000000000 -1.5700254315 -0.3738100536 -0.9330519830 0.7556839462 
353010.0000000000 -1132915.2435349363 6092529.6075462243 1504633.9576157343 0.1138241149 11.1654816136 0.0000000000 0.0000000000 0.0814499650 0.0000000000 0.4229479864 0.5702088543 -0.6956351973 1.0060238815 0.0241209223 1.0608665055 0.0000000000 -1.5094971371 -0.4173810391 0.5045378847 -0.9871559834 
353040.0000000000 -1132915.8879853869 6092527.8429191392 1504633.2178865089 0.1681674626 11.1654816136 0.0000000000 0.0000000000 0.3236688035 0.0000000000 -0.1616201789 0.1968440909 -0.3450327110 0.8154944653 -1.0456624449 1.8054527416 0.0000000000 -0.6763485155 -0.8204603990 0.8026733341 -0.8509295663 
353070.0000000000 -1132915.0270089118 6092528.2753037820 1504633.1717387938 0.0535431775 11.1654816136 0.0000000000 0.0000000000 0.5163116214 0.0000000000 0.2162871636 1.1520310514 -0.0348226446 0.6563872126 -1.2250733656 0.3018300221 0.0000000000 -0.4480422010 -0.3081464547 0.1567291627 -0.8882146071 
353100.0000000000 -1132915.8432361956 6092528.4652421866 1504633.6625404845 0.0850352449 11.1654816136 0.0000000000 0.0000000000 -0.5435938010 0.0000000000 0.9936176641 1.4216987896 -0.8453288810 0.7258288972 -1.3416377510 0.3401429692 0.0000000000 -0.4762133841 0.3528572250 0.7205736149 -1.1842330253 
353130.0000000000 -1132914.9584378831 6092528.6835384890 1504633.5805515712 0.1215148452 11.1654816136 0.0000000000 0.0000000000 0.4724288148 0.0000000000 0.5538821058 1.6704957712 -0.3388152471 0.7034530916 -1.1442192618 0.7854454751 0.0000000000 -1.3671600824 -0.2492910853 -0.0883114841 -0.8628551709 
353160.0000000000 -1132914.2137368778 6092527.1712277932 1504633.3914944981 0.0062053387 11.1654816136 0.0000000000 -0.0000000000 1.6448683210 0.0000000000 0.4538568010 2.2963908489 0.0894021593 -0.4321279091 -0.8879147438 0.1734285729 0.0000000000 -1.3746144894 -0.4418425980 -1.5057171546 0.1143992211 
353190.0000000000 -1132915.1649571366 6092527.8952074060 1504633.0165358381 0.0058694677 11.1654816136 0.0000000000 0.0000000000 -0.0305605568 0.0000000000 -0.1880178385 0.0965618051 -0.0726468562 0.7556192252 0.1115947933 0.7862010482 0.0000000000 -1.1104003295 -0.0780642881 0.0697827640 -0.3392850336 
353220.0000000000 -1132914.1904657541 6092524.7859434113 1504632.2023796716 0.0012593353 11.1654816136 0.0000000000 -0.0000000000 0.3157849193 0.0000000000 -0.7679497445 -0.3172914882 0.9531404800 1.0259065257 0.1507669322 -0.2258154819 0.0000000000 -0.4881102151 -0.2216722996 -0.0903207821 -0.3965959371 
353250.0000000000 -1132915.9973334237 6092528.5887828628 1504633.8521190376 0.0324701878 11.1654816136 0.0000000000 -0.0000000000 0.2569720695 0.0000000000 0.2861889057 0.1027686393 -0.7433455630 0.7363942533 0.4107961332 0.5323815449 0.0000000000 -0.7948215642 -0.4496972914 0.6072232107 -0.9227014200 
353280.0000000000 -1132914.9956933998 6092526.8126509143 1504633.7638024709 0.1891054063 11.1654816136 0.0000000000 0.0000000000 0.8391106745 0.0000000000 0.3902060190 0.4885492865 -0.7609410950 0.5458310099 -0.0387429681 0.6406570442 0.0000000000 -0.6772712362 -0.8549681134 0.5352932787 -1.0576638423 
353310.0000000000 -1132914.7240207768 6092528.2451916486 1504633.4090453435 0.0262628953 11.1654816136 0.0000000000 0.0000000000 0.7811393897 0.0000000000 0.3696211851 1.7948083746 0.3487701368 0.0404824935 -1.1133068703 0.7420014605 0.0000000000 -1.6033997823 -0.2733850746 -1.0517013735 0.0718833979 
353340.0000000000 -1132914.5602217820 6092525.4572216924 1504632.8256242888 0.0002296108 11.1654816136 0.0000000000 -0.0000000000 0.4209343523 0.0000000000 -0.2893942850 -0.5790245580 0.4723957307 0.3557555453 0.1888364778 0.8182214402 0.0000000000 -0.5349714419 -0.9522625968 0.1534441477 -0.1092569915 
353370.0000000000 -1132915.2028558149 6092527.9701768756 1504634.1192105927 0.0204510657 11.1654816136 0.0000000000 0.0000000000 0.6104652945 0.0000000000 0.2252911138 1.7093487956 -1.0114288704 0.6147188184 -0.1267281658 0.7006989302 0.0000000000 -1.9192501509 0.4629463368 -0.5766555953 -0.5770898604 
353400.0000000000 -1132915.6089083999 6092526.6771972356 1504633.5848331272 0.0820282546 11.1654816136 0.0000000000 -0.0000000000 0.3246343580 0.0000000000 0.2592889482 -0.5751096419 -0.6393882397 0.2237527783 0.4836943087 1.7109454736 0.0000000000 -0.9020950356 -1.2168782523 0.6662008991 -0.3571733073 
353430.0000000000 -1132915.5656348085 6092527.5201097736 1504633.6124075332 0.0323940196 11.1654816136 0.0000000000 0.0000000000 -0.1466842210 0.0000000000 0.7342174901 0.1004522213 -0.4331580192 -0.1812053196 1.4712322184 0.8386613521 0.0000000000 -1.9983907152 -0.4006708426 -0.5183150105 0.5317870739 
353460.0000000000 -1132914.5655286098 6092526.6763515119 1504634.2349939563 0.0418689329 11.1654816136 0.0000000000 -0.0000000000 1.3997174557 0.0000000000 0.9092990407 1.7913694662 -0.8660145440 0.4450089476 0.3438801557 -0.2814376480 0.0000000000 -1.6190888556 -0.5576379442 -0.3439595130 -1.1019621232 
353490.0000000000 -1132914.8896596204 6092528.6463593598 1504633.7845431806 0.0497266458 11.1654816136 0.0000000000 -0.0000000000 0.3520003557 0.0000000000 0.6190050335 0.3236059157 -0.9108231929 0.6277003579 1.2103758047 0.5508392492 0.0000000000 -1.7177794542 -0.5291244976 0.2010939118 -0.6993171136 
353520.0000000000 -1132914.4247213774 6092529.3167408975 1504633.1525384416 0.0000374791 11.1654816136 0.0000000000 0.0000000000 1.3544305445 0.0000000000 0.4534147006 1.6088389903 -0.7072085945 -0.5211692248 0.3291902029 0.6414377994 0.0000000000 -1.8212173263 -0.3083383428 -1.2248757285 0.2783242200 
353550.0000000000 -1132914.6679146711 6092527.4894315209 1504633.4953194000 0.0658512807 11.1654816136 0.0000000000 -0.0000000000 0.8555042792 0.0000000000 0.3354404138 0.7976937675 -0.4270208995 0.3829563402 -0.2878132753 0.4771888057 0.0000000000 -0.7966457271 -0.6073963050 0.0978970845 -0.7690851226 
353580.0000000000 -1132915.3534334193 6092527.3755264403 1504633.4836405299 0.3297003775 11.1654816136 0.0000000000 -0.0000000000 0.6003852324 0.0000000000 0.7427375176 0.7685082255 -2.1523926023 0.4413614711 0.5151427550 1.7477399360 0.0000000000 -1.6705779345 -0.5062590914 0.6327511484 -1.0311143139 
353610.0000000000 -1132915.5855875881 6092529.7845396623 1504633.3387169447 0.1481773560 11.3140434823 0.0000000000 0.0000000000 0.4922191800 0.0000000000 0.0829095775 -0.4996533732 -0.9565906367 0.0740850738 0.6525336609 1.3004778282 1.6613200620 -1.4034841595 -0.0485886300 -1.3117776578 0.3228636070 
353640.0000000000 -1132916.4822680820 6092528.7601129785 1504634.8622137713 0.5884077108 11.3140434823 0.0000000000 -0.0000000000 0.7213275730 0.0000000000 0.5681432657 0.8987142725 -1.1839885078 1.1972545340 0.0427193149 0.6973221730 0.4519367548 -1.6096778496 -0.3260626944 0.2427677675 -1.5101238942 
353670.0000000000 -1132915.3161876479 6092528.2494382812 1504634.0747857338 0.0995316390 11.3140434823 0.0000000000 -0.0000000000 0.3051607530 0.0000000000 0.9985529969 2.6408524271 -0.0183922196 -0.3314516697 -0.2154096637 1.2531820330 -1.5914092772 -2.8742818536 -0.4028867661 -0.4069688400 0.4141410946 
353700.0000000000 -1132916.0521892507 6092528.1355738603 1504633.5534256152 0.0173625577 11.3140434823 0.0000000000 -0.0000000000 1.3244917372 0.0000000000 0.4517343629 1.1805760941 -0.4788660494 -0.8889368980 0.3777446009 1.1895846188 -0.6808174676 -1.4765739687 -1.0672229751 -0.4923171372 0.4541579272 
353730.0000000000 -1132916.2857218757 6092525.1186608896 1504634.0890068724 1.1291520698 11.3140434823 0.0000000000 0.0000000000 1.0673163890 0.0000000000 0.1430472267 0.5414919782 -0.1477871397 0.1920191954 1.2627289953 1.1861051507 -0.9507719651 -2.1453641422 -1.3121919012 0.1168252444 -0.1725957491 
353760.0000000000 -1132916.0284126292 6092529.4975657091 1504633.7463240041 0.1376044138 11.3140434823 0.0000000000 -0.0000000000 -0.6613974412 0.0000000000 0.7897386215 2.1613794141 -1.1964702267 -0.1343287582 -1.2112361847 1.3393155944 -0.7503720700 -1.4140002223 0.9551505103 0.0685897494 0.0434911053 
353790.0000000000 -1132914.6710312648 6092527.4256576179 1504633.1852333290 0.0346513068 11.3140434823 0.0000000000 0.0000000000 1.0119598473 0.0000000000 0.0949253239 2.1378188549 -0.1556445875 1.3911211199 -0.7290777736 0.5049437176 -1.2497345636 -1.8337349688 -0.3545024644 0.7493991695 -1.7281131185 
353820.0000000000 -1132914.8534173965 6092529.8311598049 1504633.4568437629 0.0253430300 11.3140434823 0.0000000000 0.0000000000 0.5607331393 0.0000000000 0.6447278191 2.1976957684 -1.1998360369 0.2341353832 0.2197063161 1.2261940054 -1.7604706687 -2.1328351945 -0.3501214515 0.8659705652 -0.7672326780 
353850.0000000000 -1132914.8923479309 6092529.3872435410 1504632.6054102466 0.0226625559 11.3140434823 0.0000000000 -0.0000000000 1.8627095122 0.0000000000 0.2492116551 1.8961986539 -1.0847175957 -0.3711539425 0.4640156056 0.5440508265 -1.0046647869 -1.4248147005 -0.6956415165 -0.0155849846 -0.5460471827 
353880.0000000000 -1132915.1311655981 6092528.3736627493 1504633.7746254313 0.1138277168 11.3140434823 0.0000000000 0.0000000000 1.1009112260 0.0000000000 0.4740084367 0.1054931432 -0.5351118803 0.4575381362 0.4813305584 0.2594191502 2.1203668587 -1.7515160910 -0.1992016257 -1.8473324247 -0.1861931809 
353910.0000000000 -1132915.1986615816 6092526.9501514575 1504633.5625732853 0.1795119134 11.3140434823 0.0000000000 -0.0000000000 0.6055236374 0.0000000000 0.1484306875 0.6726603748 -1.0075044027 -0.5892567759 -0.0346642696 1.2276225104 0.4211829262 -1.0684427188 0.1407736236 -0.9382055141 0.5519799907 
353940.0000000000 -1132914.7653905193 6092526.0364113674 1504633.7011330456 0.7156411557 11.3140434823 0.0000000000 0.0000000000 0.7132713711 0.0000000000 -0.2703284438 0.9398245524 0.3533978963 0.1311748917 0.4109356339 0.5320154656 -0.7236478500 -1.6668528300 -0.2187525795 -0.5472335777 0.2021719086 
353970.0000000000 -1132914.5802711651 6092529.5161874201 1504632.7838204713 0.0004277057 11.3140434823 0.0000000000 0.0000000000 0.7070698175 0.0000000000 0.1050383488 1.0238267150 -0.9036555199 -0.2419529703 -0.5878713466 0.7196184269 0.6285439483 -0.8413820977 0.4764040113 -0.9900092316 0.1039372685 
354000.0000000000 -1132914.4919318717 6092528.1839640327 1504632.4643657350 0.0272587498 11.3140434823 0.0000000000 -0.0000000000 0.6825973363 0.0000000000 -0.0924935990 1.2224677704 0.0310313885 0.2191106258 0.4567845308 0.8547311360 -1.0755596352 -1.9725286316 -0.3240786387 -0.1631560146 -0.0334163877 
354030.0000000000 -1132915.5288689707 6092530.0486109955 1504633.3128482467 0.0271436216 11.3140434823 0.0000000000 -0.0000000000 0.2272067130 0.0000000000 0.3247100528 -0.1647777539 -0.9615654997 0.2963464265 1.1028613372 0.9107023236 0.6941290511 -1.5942311737 -0.1681540102 -0.5069808241 -0.0168991666 
354060.0000000000 -1132915.4091341656 6092527.9297409812 1504633.5626079061 0.0154379810 11.3140434823 0.0000000000 0.0000000000 0.1325563321 0.0000000000 0.1131588762 0.9250385773 0.5399856826 0.6022904728 -0.6827332418 0.3454637688 0.0099287914 -1.3264392365 0.1444291580 -0.5971992621 -0.1651228395 
354090.0000000000 -1132914.4666350705 6092526.8467485541 1504633.3444158214 0.4367170086 11.3140434823 0.0000000000 0.0000000000 0.9511911513 0.0000000000 0.2616140838 0.3828929680 -1.0207588580 0.0139732813 1.0703836727 1.1635973367 -0.3494205951 -1.5136089208 -0.8588361244 0.1931235968 -0.3492396496 
354120.0000000000 -1132914.3723280837 6092528.7471699379 1504633.6332908934 0.0441892557 11.3140434823 0.0000000000 0.0000000000 0.3798605674 0.0000000000 0.0080104839 1.3950777822 1.0869446468 0.2899652699 -0.5908416567 0.0446956458 -0.7982585899 -1.3848154398 -0.0854908688 -0.5300212825 0.0630117605 
354150.0000000000 -1132914.2038942212 6092527.6666671010 1504632.8547849746 0.0506313229 11.3140434823 0.0000000000 0.0000000000 0.8595057061 0.0000000000 -0.3071698923 0.9071382546 0.2177771171 -1.2180065080 0.5291528044 0.1127409876 -1.5458560318 -0.1636803447 -0.5118818365 0.0040969823 0.8074580511 
354180.0000000000 -1132914.9852325243 6092528.3998743761 1504634.3041150258 0.5434214918 11.3140434823 0.0000000000 0.0000000000 0.3655346407 0.0000000000 0.1494087539 0.2780553131 -0.0749744653 0.0703591063 1.3560986569 0.6342532868 0.6004853849 -2.5053583387 -0.0012151179 -1.6079511183 0.8412994554 
354210.0000000000 -1132915.5542875158 6092530.6666014306 1504634.0628062605 0.0242910986 11.3140434823 0.0000000000 -0.0000000000 0.0346964579 0.0000000000 0.5201101622 1.2725489590 -1.0876962644 -0.9312064522 0.3763290373 1.3955809251 -0.9267463724 -1.4547548934 -0.0049933312 -0.1594413057 0.8400629769 
354240.0000000000 -1132914.9211890032 6092528.6418872736 1504633.1822884823 0.0874856743 11.3140434823 0.0000000000 -0.0000000000 0.5854582123 0.0000000000 -0.3606363776 1.1487393698 1.1768343298 -0.3040638611 -0.5653081909 0.9287768141 -0.2777867431 -1.9448098915 0.1082251837 -1.7821494125 1.2328117050 
354270.0000000000 -1132915.9776039759 6092528.7960969936 1504634.0993736992 0.1666549236 11.3140434823 0.0000000000 0.0000000000 -0.2392913683 0.0000000000 0.9828914753 0.6805795943 -0.0294648220 -0.4708362674 -0.5781683844 0.3495167946 0.2155583631 -0.5878636982 -0.2585959233 -0.4635079368 0.4904997978 
354300.0000000000 -1132915.3432562652 6092528.6861565309 1504634.3206431165 0.3830723745 11.3140434823 0.0000000000 0.0000000000 0.7813812598 0.0000000000 0.1598503096 1.0506716234 0.8366697190 -0.3178571869 -0.6193746462 0.1322490399 -0.7029236935 -0.6063311575 -0.6491157371 -0.3024019390 0.1305595364 
354330.0000000000 -1132915.1581780200 6092527.7484082561 1504633.5475574348 0.0000007606 11.3140434823 0.0000000000 -0.0000000000 0.5630071811 0.0000000000 -0.0534926625 1.7114469678 -0.4250166751 -0.1367591250 -0.8538846110 1.1116403603 -0.7136493256 -1.3383201269 0.4081431561 -0.3988066513 0.0603126224 
354360.0000000000 -1132915.9080509597 6092527.3286774252 1504634.0497396437 0.2897112989 11.3140434823 0.0000000000 0.0000000000 1.9756544929 0.0000000000 -0.1841154492 -0.5969910435 -0.8500752224 -0.0755177385 -0.6210152642 0.5386847515 1.7405972022 0.6183709208 -0.7299801878 -0.6466383868 -0.8454029027 
354390.0000000000 -1132914.5255917856 6092528.8251031572 1504634.1653241760 0.0346567512 11.3140434823 0.0000000000 -0.0000000000 0.9411611476 0.0000000000 0.7642381131 2.9558947564 -0.2128625439 -0.2766839008 -0.8094869721 0.1829417902 -0.7050387671 -2.1695967261 0.2615167358 -0.9000890944 -0.0267957650 
354420.0000000000 -1132914.6571902025 6092526.9280426428 1504632.8340275302 0.0389952925 11.3140434823 0.0000000000 0.0000000000 0.8953056128 0.0000000000 -0.3548248905 0.2165315687 -0.0411677701 0.2722558750 -0.2942155000 0.8140356874 -0.0139136811 -0.6194635056 -0.2981204490 -0.1869158993 -0.3940350920 
354450.0000000000 -1132915.2634277737 6092530.9143222747 1504633.7287093601 0.1885016349 11.3140434823 0.0000000000 0.0000000000 0.2114974919 0.0000000000 0.9492674415 0.7834703853 0.2835312879 0.7891400231 0.2440285038 -0.1740164262 0.2392446439 -1.7827462413 -0.5442549243 -0.2914303425 -0.6150679403 
354480.0000000000 -1132914.8730434193 6092527.3166746246 1504633.4460358617 0.3603793339 11.3140434823 0.0000000000 0.0000000000 1.1291425753 0.0000000000 0.2449110756 2.8810713326 0.1585315443 -0.2755694558 -1.3793276274 1.0256967998 -1.5311777241 -1.9070128517 -0.0372464645 -0.3400136674 -0.1373817810 
354510.0000000000 -1132915.8670870012 6092529.3182839425 1504633.9432874108 0.4963246189 11.3140434823 0.0000000000 0.0000000000 0.6705768020 0.0000000000 0.0737416992 1.2503392129 0.1631419103 -0.4884705814 0.1379012232 0.8190690483 -1.3439051872 -1.2655175273 -0.5741318675 0.0274993795 0.3154916875 
354540.0000000000 -1132915.1719702978 6092529.7534536812 1504634.3611787611 0.1592380959 11.3140434823 0.0000000000 0.0000000000 0.9032049084 0.0000000000 0.7079768250 2.2250875390 0.0135847435 -0.1043189564 -0.3936800238 0.1581549027 -0.2008827738 -2.2424979657 0.0380796964 -1.1298985246 0.0840175403 
354570.0000000000 -1132915.4509174435 6092529.2898770468 1504634.2092316668 0.0399883514 11.3140434823 0.0000000000 0.0000000000 0.9080639795 0.0000000000 0.2458783924 1.1157448301 0.8866568575 -0.2317718020 -0.5290758169 0.0039486316 -0.1466885336 -1.1145493385 -0.4471132620 -0.9784965911 0.2898442544 
354600.0000000000 -1132915.8907969119 6092529.8840379165 1504634.2397274557 0.0085096962 11.3140434823 0.0000000000 -0.0000000000 0.7506197167 0.0000000000 0.6746371933 1.0005264238 -0.1749792471 1.6465356881 -0.4943840917 -0.0245822695 1.0110102813 -2.0376899312 0.0582685416 -0.5267715685 -1.6327078639 
354630.0000000000 -1132915.8895983824 6092528.6720719039 1504633.9919296810 0.0918289105 11.3140434823 0.0000000000 0.0000000000 0.1871222205 0.0000000000 -0.0603481376 1.3304478865 0.9181655103 0.2930722040 -0.2699065177 0.2705538358 -1.5791295231 -1.2306781244 -0.2359622218 0.3302854474 -0.1977584205 
354660.0000000000 -1132915.2521683222 6092527.2315548882 1504633.4480216869 0.0642667930 11.3140434823 0.0000000000 0.0000000000 0.0108064959 0.0000000000 -0.1938818409 -0.4002729600 1.2104414144 0.5847929933 0.0903898521 0.7144901584 0.0017297270 -1.2703052988 -0.4870301958 -0.6680414292 0.3565902351 
354690.0000000000 -1132915.9936669674 6092529.0036093099 1504633.8234335021 0.0078314454 11.3140434823 0.0000000000 0.0000000000 0.4267576502 0.0000000000 0.7253372760 1.2950699491 -0.3601819256 0.1423316462 0.1046905981 0.5044949590 -0.3741715581 -1.7267406600 -0.3339577824 -0.1268861216 -0.2791128556 
354720.0000000000 -1132914.8489926592 6092527.6233519390 1504633.2981449966 0.0291250139 11.3140434823 0.0000000000 0.0000000000 0.7257483416 0.0000000000 0.0388277505 0.8438508671 0.5445241230 0.9759645341 -1.2463356037 1.0366858347 0.6130764375 -1.9488845891 0.1955035614 -1.2393915869 -0.4115698294 
354750.0000000000 -1132914.6883479487 6092528.2412934424 1504633.9766304975 0.2055046557 11.3140434823 0.0000000000 -0.0000000000 0.4232627844 0.0000000000 0.8325029608 2.4152068170 -0.0551012357 -1.2959483731 -0.1290886062 -0.1748904478 -0.5862165383 -1.6624594605 0.1959069754 -1.2997450495 1.3272853071 
354780.0000000000 -1132914.9012290922 6092530.5506605795 1504633.3098360889 0.0410179853 11.3140434823 0.0000000000 0.0000000000 0.3173129750 0.0000000000 0.8064009878 2.9410892144 1.0001533605 0.0331160499 -0.8802758879 -0.1908799262 -1.1085584875 -2.5529021138 0.2186201455 -0.9469958835 0.2843412261 
354810.0000000000 -1132916.6616381886 6092531.5690940293 1504634.5849269948 0.0007020721 11.3140434823 0.0000000000 -0.0000000000 0.0739117902 0.0000000000 0.8562828792 1.0010530885 -0.9466782156 0.6239402782 -0.5359461531 1.3778582130 1.2145145500 -2.6117587988 0.5575428909 -1.4634962074 0.1086875277 
354840.0000000000 -1132915.9764794982 6092527.9405222693 1504634.0236232504 0.0333740313 11.3140434823 0.0000000000 0.0000000000 -0.0735182306 0.0000000000 0.2388544798 -0.7975081651 0.5379576034 -0.3750394037 -0.3406904713 0.6252206629 1.0045528431 -0.1781891969 -0.4214413691 -1.2211672457 1.1178033369 
354870.0000000000 -1132916.0877312720 6092526.0818638215 1504633.3451640480 0.2416905964 11.3140434823 0.0000000000 -0.0000000000 -0.1598382363 0.0000000000 -0.5954636051 -0.3954431370 0.3280716454 0.6583696124 1.7307984088 0.4739653380 -1.0009817047 -1.3408402346 -0.3010595944 0.4588353906 -0.0635697128 
354900.0000000000 -1132915.5341958315 6092529.8001506012 1504632.8271577090 0.5424397154 11.3140434823 0.0000000000 0.0000000000 0.2210900511 0.0000000000 0.4664588369 1.2619565381 -0.0955163907 -1.6379808633 -0.6305768928 2.5575256207 -1.4645522416 -1.4088890395 -0.8229197404 -0.5466458002 1.8800119345 
354930.0000000000 -1132913.6893583410 6092528.7927674791 1504633.9997969284 0.0264511308 11.3140434823 0.0000000000 0.0000000000 1.1766101053 0.0000000000 0.9062198988 4.5054779920 -0.1399689000 -1.7312718746 -0.9554226562 0.1606606659 -1.9563530736 -2.4514401604 0.2990022754 -1.0304447930 1.0682946369 
354960.0000000000 -1132914.6718334428 6092528.6923646154 1504634.0679128016 0.0027083503 11.3140434823 0.0000000000 -0.0000000000 0.8334261821 0.0000000000 0.5662160969 1.1114655393 0.4104910028 0.1971389212 -0.4603057251 0.9671154656 0.8932514741 -2.8201745183 -0.0602580518 -2.1927960786 0.7169497475 
354990.0000000000 -1132915.8062764362 6092527.3769411193 1504634.0193492500 0.9925248008 11.3140434823 0.0000000000 0.0000000000 -0.2519251313 0.0000000000 0.3803975463 -1.2688632521 -0.6943466538 0.1946113402 1.8410433608 0.6155574060 0.3454257665 -0.6490266045 -0.9838011655 0.4026042939 0.0785438026 
355020.0000000000 -1132915.9458987711 6092526.6635491531 1504634.4809054628 0.0000000000 20.0902350297 0.0000000000 0.0000000000 -0.5010870624 0.0000000000 0.7709511923 -1.0659708755 -0.8330969055 -0.1403372265 1.1338394511 0.9326485788 1.0137724885 -0.8450186276 -0.6931969396 -0.4703271276 0.8204112985 
355050.0000000000 -1132915.2297300065 6092530.8614020385 1504634.5713163568 0.0062114660 11.3140434823 0.0000000000 0.0000000000 0.1625802757 0.0000000000 1.3471724271 2.5686290773 -0.8536688896 -0.5568097560 -0.6068595402 -0.0671974067 -0.5525997287 -1.4518062364 0.1604584809 -0.1024686861 -0.0075123457 
355080.0000000000 -1132915.0967767574 6092530.2447204394 1504634.4425457828 0.0564475695 11.3140434823 0.0000000000 0.0000000000 0.2147866263 0.0000000000 1.0228305817 2.1793320890 0.3790015988 0.3407930372 -0.5669768205 -0.0753760970 -0.7890885949 -2.0363503211 -0.1417660543 -0.1410596531 -0.4150841398 
355110.0000000000 -1132915.6219139635 6092526.6222247584 1504633.2370697521 0.0847289610 11.3140434823 0.0000000000 -0.0000000000 -0.2077170695 0.0000000000 0.4101753229 -1.5388419515 -0.0978031166 0.6989582870 0.8693295824 1.1446812228 0.7684096187 -0.8511314420 -1.0403695394 -0.0594075750 -0.0392378843 
355140.0000000000 -1132916.0157259561 6092530.1101273056 1504633.9479317365 0.0083601544 11.3140434823 0.0000000000 0.0000000000 -0.8904411645 0.0000000000 1.0568158970 0.0524087728 -0.7120439866 0.2749278428 -0.2635494757 -0.1797801662 0.8269563299 -0.1491725001 0.1646266076 0.0310927918 -0.0549808826 
355170.0000000000 -1132914.7152873704 6092528.9783194801 1504633.9262331687 0.1635905479 11.3140434823 0.0000000000 0.0000000000 -0.3036944424 0.0000000000 0.5025855708 1.3839025283 0.9757646441 -0.7341061835 -0.9792058898 0.2826441466 -0.5208410007 -1.0743735170 0.0992908598 -1.2017918538 1.5207254033 
355200.0000000000 -1132915.2210482256 6092527.8968793536 1504633.2425416361 0.4293713471 11.3140434823 0.0000000000 -0.0000000000 0.2209555275 0.0000000000 0.1223332784 0.5309381587 -0.1389130344 0.7991605181 -0.0538231387 1.1563728960 -0.4262810095 -1.6710065110 -0.0532171504 0.0789726935 -0.6108035757 
355230.0000000000 -1132915.7569653192 6092529.7445806377 1504634.2953715879 0.2175793022 11.3140434823 0.0000000000 0.0000000000 0.0706452207 0.0000000000 1.1686267636 0.1348627272 -0.4185010538 0.5589442473 -1.0793699623 1.4293564987 0.8380894890 -1.2660133124 -0.5162811886 -0.4696179715 -0.3088726634 
355260.0000000000 -1132915.6796957573 6092531.6237162566 1504634.1366245341 0.0060642480 11.3140434823 0.0000000000 0.0000000000 -0.0502710836 0.0000000000 1.1833606794 1.6904372088 -1.0927941255 -0.0172379467 -0.0909461479 1.2242618148 -0.9331619629 -1.8589066738 -0.3625043034 0.6166139191 -0.3592812931 
355290.0000000000 -1132915.9325591733 6092531.2034327099 1504633.9372673098 0.0007611554 11.3140434823 0.0000000000 -0.0000000000 -0.1410095031 0.0000000000 1.1356655217 0.7357663061 -0.9342730804 -0.0307121327 -0.4625363476 1.9173237803 -0.3691479320 -1.5057406996 -0.6235512317 0.2207626645 0.0454735902 
355320.0000000000 -1132914.9544002814 6092530.3805828355 1504633.9111870378 0.1367941810 11.3140434823 0.0000000000 0.0000000000 0.0829122544 0.0000000000 1.2362524775 1.0105099314 -0.5667872010 -0.1307815484 -0.6397632056 0.8384408878 0.4063207326 -1.4684611772 -0.3165429475 -0.6360323538 0.2883972374 
355350.0000000000 -1132916.1103077822 6092529.8035681061 1504634.3436526712 0.5807565749 11.3140434823 0.0000000000 -0.0000000000 -0.0429382007 0.0000000000 1.2109308610 0.6226048766 -0.4090398137 1.0625116605 0.0530672054 0.7134304502 0.8364823341 -2.5611453085 -0.2081698202 -0.7254209794 -0.4014875103 
355380.0000000000 -1132915.8355475066 6092530.7627129760 1504634.5532928258 0.2644423805 11.3140434823 0.0000000000 0.0000000000 -0.4320302312 0.0000000000 0.8907504329 -0.8789795061 0.1936858109 0.4314463715 -0.2809810719 0.8722244598 1.9136628929 -1.4505751939 -0.2976631620 -1.9446352702 1.2032694163 
355410.0000000000 -1132913.7856708257 6092528.4194089798 1504633.1662595971 0.1060216618 11.3140434823 0.0000000000 -0.0000000000 -0.1210153700 0.0000000000 0.0980462770 1.0629946261 0.3613247610 -0.5361853666 0.1055846983 0.4235869667 -0.7753445708 -1.2273146437 0.0513092212 -0.6319964347 1.1007138036 
355440.0000000000 -1132915.7611505496 6092530.0394190131 1504633.9624764430 0.2804686058 11.3140434823 0.0000000000 0.0000000000 -0.6157444656 0.0000000000 1.3652686675 0.8547380464 -0.4635935187 0.2528952691 -0.3943220077 0.3751644165 -0.1589434804 -0.9674439460 -0.4097404697 0.4247339028 -0.2295230703 
355470.0000000000 -1132915.0504813439 6092529.4191064872 1504633.6205012398 0.0557775391 11.3140434823 0.0000000000 0.0000000000 -0.5058388121 0.0000000000 0.9437768744 1.8406321436 -0.4263007085 -0.6178115227 0.9522799090 0.3051457262 -1.2205491776 -2.0523136193 -0.3375798853 0.0776135682 0.9433497143 
355500.0000000000 -1132915.2638004343 6092527.0761541938 1504633.3905119237 0.1064542541 11.3140434823 0.0000000000 -0.0000000000 0.1831652625 0.0000000000 0.0390183590 0.5336353214 0.4579763142 0.6090140367 0.1081900442 0.9000591770 -1.1595936913 -1.3184565954 -0.3957268177 0.5171299745 -0.6130635623 
355530.0000000000 -1132915.0082357086 6092529.4763623085 1504633.4851002153 0.0074339303 11.3140434823 0.0000000000 -0.0000000000 -0.6269362951 0.0000000000 1.0383715869 1.6766780987 0.8356581994 0.0152256533 -0.1417243292 -0.3920845316 -0.6729156821 -1.8255649767 -0.1880108717 -0.5057591563 0.7526505338 
355560.0000000000 -1132915.8969248740 6092528.8663546722 1504634.1092353440 0.4275528617 11.3140434823 0.0000000000 -0.0000000000 0.3493975769 0.0000000000 0.2769618226 1.3415758176 -0.2003211317 0.1306671847 -0.3751807595 0.2294919641 0.2458075806 -1.7321641027 0.6342629055 -1.0583011791 0.2268162019 
355590.0000000000 -1132915.7668358565 6092528.4198707640 1504633.8150809840 0.5175117178 11.3140434823 0.0000000000 -0.0000000000 0.6865927966 0.0000000000 0.0844385872 0.9693556652 -0.2465942841 0.5733630009 -0.3289532816 1.3859348679 -0.7129385196 -1.7844786306 0.0594665943 0.0566253149 -0.8027599247 
355620.0000000000 -1132916.1021163396 6092529.2461863067 1504634.0574911975 0.4321139515 11.3140434823 0.0000000000 0.0000000000 -0.1572250966 0.0000000000 0.9696770256 -0.0142533889 0.3302397340 1.0206112414 0.3126776422 1.2274567596 -0.0463294021 -2.2811924001 -0.9307453896 -0.2271839842 -0.2092701436 
355650.0000000000 -1132914.2287864529 6092527.4618639117 1504633.6941122618 0.3326439352 11.3140434823 0.0000000000 0.0000000000 -0.2938353094 0.0000000000 0.9230351858 1.5087034575 0.1300706293 0.2541041489 0.3273842495 0.2482940635 -0.0054854145 -2.8042129011 0.0469996859 -1.1378751654 0.8424245547 
355680.0000000000 -1132916.2849579297 6092528.6776569514 1504633.7933693691 0.3128273216 11.3140434823 0.0000000000 0.0000000000 -0.1096378100 0.0000000000 0.9255380412 -0.5236064475 -0.7369166180 0.9173560111 1.0823087856 -0.5916157636 1.2623478389 -0.8445819866 -0.5195190774 0.1691748253 -0.8687618495 
355710.0000000000 -1132916.4275464059 6092530.5625435738 1504634.0748447357 0.4985041157 11.3140434823 0.0000000000 -0.0000000000 0.0872393886 0.0000000000 1.3106731009 0.3543569019 0.0790259734 1.1028589743 -0.1985883238 -0.4050155166 1.4377292770 -1.8438462236 -0.2752345657 -0.9373909744 -0.5148964992 
355740.0000000000 -1132915.6871399074 6092529.6484249681 1504633.3917575676 0.2240401202 11.3140434823 0.0000000000 0.0000000000 -0.5037460297 0.0000000000 0.3327362811 -0.9543105212 0.4704225998 1.5256851680 1.1763665865 0.6562393352 0.1481841416 -1.7931757891 -0.6532039357 0.0374580780 -0.4554498358 
355770.0000000000 -1132915.6435993516 6092529.3456724770 1504633.6562874913 0.0013120519 11.3140434823 0.0000000000 -0.0000000000 -0.2520618768 0.0000000000 1.0582102937 0.0818857285 -0.2195313957 0.9302195677 0.7408534035 0.3108763488 0.4889943209 -1.9481859935 -0.6319642287 -0.1627618732 -0.3252187865 
355800.0000000000 -1132915.7011936677 6092529.4619116299 1504634.1887356383 0.0684874682 11.3140434823 0.0000000000 -0.0000000000 0.7504065259 0.0000000000 1.3241067668 -0.2424353440 -1.1366999914 0.4972129810 1.2081693527 0.3209290703 2.0043961841 -2.3200205167 -0.9357163755 -1.1735352457 -0.0625117394 
355830.0000000000 -1132914.7134230724 6092528.9499523444 1504632.4572530969 0.5005512394 11.3140434823 0.0000000000 -0.0000000000 -0.3671655153 0.0000000000 -0.1228884475 -1.0023019876 0.5855992313 0.7268668582 1.0396214327 0.4681398860 0.4647984440 -1.2888649558 -0.3369074995 -0.8401471118 0.6780008355 
355860.0000000000 -1132915.9847596278 6092528.3469732394 1504633.3125796467 0.0462718713 11.3140434823 0.0000000000 -0.0000000000 0.3712574227 0.0000000000 0.1012115776 1.1852468162 -0.3821912570 -0.3726827762 0.4846049751 1.4406263436 -1.8805105857 -1.3004224465 -0.4855635568 0.8905123898 -0.2269091694 
355890.0000000000 -1132915.7432395923 6092528.6199435666 1504633.6368027767 0.0729198969 11.3140434823 0.0000000000 0.0000000000 -0.1111321150 0.0000000000 0.4889655431 1.0287767766 -0.7309622870 -0.1137958870 0.4950528553 1.3945769220 -1.2373908737 -1.5771265336 -0.3440780034 0.6018528505 0.0052896645 
355920.0000000000 -1132914.4238679693 6092528.1530746864 1504632.3561740781 0.0086902887 11.3140434823 0.0000000000 0.0000000000 -0.5331145456 0.0000000000 0.4565184497 -0.4014418217 -0.7366115332 -0.1779281517 0.5020842158 1.2142733826 0.5707304498 -1.0823988540 -0.2708519654 -0.8447390488 1.3475110820 
355950.0000000000 -1132914.5611672907 6092527.6623780644 1504633.0822840119 0.2788426354 11.3140434823 0.0000000000 0.0000000000 -0.5877017536 0.0000000000 0.3830359200 -0.6081426204 -0.3442012166 0.7064996549 0.7024417023 1.7583704662 -0.6602952426 -1.2332228805 -0.6637760210 0.5720102191 -0.1074873030 
355980.0000000000 -1132914.1001769505 6092526.3947311975 1504632.6676041565 0.0186401793 11.3140434823 0.0000000000 -0.0000000000 0.0469124407 0.0000000000 0.0923581799 0.3365923740 -0.1892214616 -0.9031156786 0.9447178970 0.4842358026 -0.0491820459 -1.0717578261 -0.4602666965 -0.9246538667 1.6791514817 
356010.0000000000 -1132914.9258433147 6092530.6803270830 1504633.7833717072 0.0392090194 11.3140434823 0.0000000000 0.0000000000 0.0883442448 0.0000000000 1.1725894587 0.2728335766 -1.7260687265 -0.3387769909 0.7504563947 -0.7248162322 1.6296449545 -0.4137188057 -0.3722048792 -0.1872095414 0.0498396740 
356040.0000000000 -1132914.6307514934 6092527.9694335610 1504633.7191957959 0.1300455196 11.3140434823 0.0000000000 0.0000000000 -0.0813367139 0.0000000000 0.5720424977 0.6839909646 -1.5183298690 0.5374472498 1.4377219584 -0.4279637058 1.3154930331 -2.1457229482 0.4673398268 -0.6349913723 -0.0410236848 
356070.0000000000 -1132915.6134493572 6092528.3316069348 1504633.7429039862 0.6948555879 11.3140434823 0.0000000000 0.0000000000 0.0927610640 0.0000000000 0.7103199953 0.9494397369 -1.2313445003 0.1254787616 0.2042889263 0.0446876873 0.5903386393 -1.2435463198 0.2896187160 -0.1589874033 -0.2727914682 
356100.0000000000 -1132915.1198951979 6092528.5671608765 1504634.9468533294 0.7748570745 11.3140434823 0.0000000000 0.0000000000 1.7673811541 0.0000000000 1.0193123677 0.7104926648 -1.2295618616 -0.1148823326 0.2087727638 0.1326128105 1.1299723376 -1.3207696526 -0.6880359251 -0.3185703492 -1.1474415422 
356130.0000000000 -1132914.8848014753 6092528.7627878748 1504632.9569592378 0.0026047937 11.1654816136 0.0000000000 0.0000000000 0.2706490438 0.0000000000 0.9361631027 1.0337395480 -0.8113337956 0.0037099478 0.4367688998 0.3813257390 0.0000000000 -1.6208072475 -0.4163740099 0.0432593737 -0.2171920395 
356160.0000000000 -1132915.6270280837 6092529.8224836644 1504634.6249285361 0.0982700611 11.3140434823 0.0000000000 -0.0000000000 0.0955271599 0.0000000000 1.3092935329 0.3366094255 -2.1754173775 0.0622610529 1.2327732251 -0.7523127405 1.9004662286 -1.0454420194 -0.3514769279 -0.0198357382 -0.3718608231 
356190.0000000000 -1132915.2130329027 6092529.7894001314 1504633.7856908832 0.0419047708 11.3140434823 0.0000000000 0.0000000000 -0.0815164615 0.0000000000 0.9111732836 0.5633634374 -0.4445472954 0.1596333915 0.3396523756 -1.5978630521 1.4761418826 -0.5796429617 -0.0763833260 -0.4922655131 -0.0123717512 
356220.0000000000 -1132915.0945166871 6092528.2830535714 1504633.9761267761 0.1430491455 11.3140434823 0.0000000000 0.0000000000 0.4031967811 0.0000000000 0.5834384056 -0.3702025024 -0.9132737227 -0.1252931796 0.5383706064 0.0435077028 1.3811215210 -0.5742448724 -0.4726292559 -0.6799700917 0.3104135955 
356250.0000000000 -1132913.7433503163 6092529.0007067062 1504632.6867873971 0.2154768501 11.3140434823 0.0000000000 -0.0000000000 0.1846830527 0.0000000000 0.4564076688 0.3813671017 0.0221979718 0.3000992458 -0.1086929436 0.0128793797 -0.2051418957 -0.4675847933 -0.2473337822 0.3619081514 -0.6905870133 
356280.0000000000 -1132914.2402614914 6092528.3145346213 1504633.2287569027 0.8505744997 11.3140434823 0.0000000000 0.0000000000 0.6164740173 0.0000000000 0.5899751354 -0.4153231080 -1.6321386639 0.2495859734 0.4430325017 0.7052313539 1.5979342970 -1.0097142768 -0.1106927650 -0.6102488274 -0.2770519108 
356310.0000000000 -1132914.8980332753 6092530.0726031065 1504633.0606216409 0.1373849578 11.3140434823 0.0000000000 0.0000000000 -0.0356331049 0.0000000000 0.5447988486 0.2578659428 0.0547613039 0.3238435602 0.1600525831 0.0694228416 0.1477639415 -0.9585313599 -0.3235572243 -0.1965740411 -0.0213295769 
356340.0000000000 -1132915.0736650745 6092528.4721112326 1504632.9773093711 0.0898145933 11.3140434823 0.0000000000 0.0000000000 0.6434216825 0.0000000000 0.3480187714 0.6404057186 -0.1941025285 -0.3721019621 0.6735991883 0.4842435340 -0.2568819507 -1.3367819144 -0.6207144830 -0.2870922666 0.2682816672 
356370.0000000000 -1132915.6216836791 6092529.4850777993 1504634.1632535951 0.0078316066 11.3140434823 0.0000000000 -0.0000000000 -0.2184201917 0.0000000000 1.0306349587 0.5312594777 -0.8862318146 0.7592680773 0.1019644114 1.1577903500 0.4858140925 -2.3274931314 -0.0427609340 -0.5819659321 0.0567179213 
356400.0000000000 -1132915.0620891571 6092528.4102808060 1504633.6368700890 0.1845227822 11.3140434823 0.0000000000 0.0000000000 -0.0744512801 0.0000000000 0.4253722794 0.0059429548 -0.6263378187 0.7674276154 0.6276182702 0.6092593691 0.7052571948 -1.8418382270 0.0643423499 -0.6231254734 0.0247727719 
356430.0000000000 -1132914.9045867177 6092530.1170022804 1504633.4728700079 0.1211814959 11.3140434823 0.0000000000 0.0000000000 0.6427800806 0.0000000000 0.1499690028 0.3573539338 0.2601025437 0.5170704068 0.3988249824 0.3674691966 0.5265689714 -2.1389001383 0.0005739532 -1.2648891617 0.2255422497 
356460.0000000000 -1132915.6810073799 6092529.1417334983 1504633.4348060600 0.2116329902 11.3140434823 0.0000000000 -0.0000000000 1.1386520606 0.0000000000 0.7813966791 -0.4595854322 -0.3000669970 0.6204602147 0.8184512715 1.0541482898 1.3843030518 -2.6416296561 -0.9187298921 -1.5884057713 0.2121952829 
356490.0000000000 -1132915.7503406289 6092531.1895682914 1504633.8785942253 0.2901742273 11.3140434823 0.0000000000 -0.0000000000 0.2583240292 0.0000000000 1.2217938931 1.1903701804 -0.8663350105 0.3933146428 0.0878109026 0.0091470120 1.0701502171 -2.3438644844 -0.0597851202 -0.8820130070 0.0436500873 
356520.0000000000 -1132914.5044239091 6092529.3725798167 1504633.5320559379 0.0056911442 11.3140434823 0.0000000000 0.0000000000 1.0082355286 0.0000000000 0.6968638914 0.2238765331 -0.7153446315 -0.1724502528 0.0105378720 -0.3016534449 1.9663040634 -1.2195666419 -0.2497015226 -1.5562152269 0.4671187753 
356550.0000000000 -1132915.2217303619 6092528.3290135367 1504632.7950546846 0.0290060078 11.3140434823 0.0000000000 0.0000000000 1.4281271519 0.0000000000 0.3792155791 1.9543238857 0.9017181184 -0.5933214145 -0.8913657321 0.4265984775 -1.2411678588 -1.4548799707 -0.2065041574 -0.4492029405 -0.3132478213 
356580.0000000000 -1132916.2523584920 6092530.3816951122 1504633.9923288778 0.1315076394 11.3140434823 0.0000000000 0.0000000000 1.4053415924 0.0000000000 0.5118333343 0.4662213552 -1.0110775681 -1.0474469160 0.6820415033 0.5673347466 0.8995593925 -1.2832942171 -0.8425359622 -1.0643219267 0.7920320854 
356610.0000000000 -1132914.6403216622 6092527.9319346985 1504632.8132360852 0.0540363437 11.3140434823 0.0000000000 -0.0000000000 1.8956160549 0.0000000000 0.2669201641 1.0790162491 0.0386355912 -1.0444379464 -0.2778210609 1.5581333245 -0.9648694985 -1.3631002811 -0.6933737900 -0.5800547777 0.0338143568 
356640.0000000000 -1132914.6677937380 6092528.5658350233 1504633.0850329292 0.0355187741 11.3140434823 0.0000000000 0.0000000000 2.4849756837 0.0000000000 -0.0792327399 0.8248909394 -0.2215251063 -0.3785129097 0.7319180001 1.0534519023 0.1840920721 -2.5606371509 -0.3206106836 -1.2858597827 -0.4092766961 
356670.0000000000 -1132914.9226776324 6092527.2417020649 1504632.6776291418 0.4593268812 11.3140434823 0.0000000000 -0.0000000000 1.7235398649 0.0000000000 -0.4518147966 0.7554468806 -0.0678832044 -1.0672553395 0.5304223318 0.9352867553 -0.5403393459 -1.1684678474 -0.2760743897 -0.7746747009 0.3668076793 
356700.0000000000 -1132915.0399794856 6092529.5488409968 1504632.2017318220 0.1037349783 11.3140434823 0.0000000000 0.0000000000 2.2730163513 0.0000000000 0.7060759841 0.0862964865 -2.1759735319 -0.4290024235 0.5078099553 -0.6080589082 2.9741468236 -0.9034324059 -0.2230578532 -0.9906389905 -0.9946049982 
356730.0000000000 -1132914.9112916349 6092528.9767233254 1504632.4589027322 0.3256527862 11.3140434823 0.0000000000 0.0000000000 2.6696777827 0.0000000000 -0.4699391315 0.1598340050 -1.2546230042 0.0901855132 0.0941635589 1.8232236925 1.0712286285 -2.3150094064 0.8273618551 -1.6606449597 -0.9545333789 
356760.0000000000 -1132915.0899148812 6092528.8758473210 1504632.7285022854 0.0397400636 11.3140434823 0.0000000000 -0.0000000000 2.8895449873 0.0000000000 0.5359015826 -0.6266606805 -1.0775852174 -0.7082813376 0.2221588617 0.5572774310 1.9542756916 -0.6650614664 -1.0267955768 -1.1701405303 -0.7576524362 
356790.0000000000 -1132915.7681523911 6092528.5130278785 1504633.1626252467 0.1208642695 11.3140434823 0.0000000000 -0.0000000000 2.2521106649 0.0000000000 0.0335759345 -0.6294367727 -0.7619429597 -0.2898500323 0.6930861265 2.0346338788 0.0973324719 -1.3142758724 -0.7539529053 -0.5062854530 -0.8484729189 
356820.0000000000 -1132914.8854927658 6092528.8482599063 1504632.8164203342 0.0013400826 11.3140434823 0.0000000000 -0.0000000000 3.2231153611 0.0000000000 -0.8411761976 1.3118463264 1.2295914772 -0.5791283726 0.0643834730 -0.2969760519 -0.2380148520 -1.7379384911 0.3303247549 -1.3341625834 -1.1444654101 
356850.0000000000 -1132914.6679592193 6092528.8608197477 1504631.7305101017 0.0044412866 11.3140434823 0.0000000000 -0.0000000000 3.3696527004 0.0000000000 0.1114254293 1.0765248008 -0.5299823954 -1.1255367600 0.2836751128 0.8990628588 0.2816837406 -1.8814167204 -0.4566355604 -1.0584632552 -0.9310927853 
356880.0000000000 -1132916.2279028203 6092531.2150503593 1504632.8473556726 0.0139132196 11.3140434823 0.0000000000 -0.0000000000 3.4706591979 0.0000000000 0.3666320895 1.2680157884 -1.1836029393 -1.2853750860 0.2854903576 0.4122134512 0.4886790335 -1.2929355612 -0.4339945411 -0.2685276884 -1.7641643994 
356910.0000000000 -1132915.8416088785 6092529.0155444993 1504632.4887476594 0.0136925076 11.3140434823 0.0000000000 -0.0000000000 3.9964876810 0.0000000000 -0.1386520061 -1.2427712716 0.1673015749 -0.8684181050 0.5152289317 2.0081782554 0.5233422653 -1.1316505605 -1.4500060364 -1.5154295411 -0.8495622145 
356940.0000000000 -1132916.4825256243 6092530.8721401989 1504633.0691307897 0.0845354092 11.3140434823 0.0000000000 -0.0000000000 4.4828057793 0.0000000000 0.0495441953 1.1618131932 -0.0686456910 -1.6242482979 0.5254515351 -0.9352419177 0.9845429789 -0.9886771428 -0.8529752686 -0.7398723321 -1.9257388529 
356970.0000000000 -1132916.6822667250 6092529.8567071613 1504632.4462075890 0.1460777805 11.3140434823 0.0000000000 -0.0000000000 3.8607261424 0.0000000000 0.3377250169 0.0160537846 -0.8451814572 -1.1205062557 0.5668700088 -0.2265608545 1.9283368791 -0.9275005911 -0.9774446830 -1.0748066278 -1.4239951752 
357000.0000000000 -1132915.9024352233 6092531.0184863945 1504632.9700269313 0.1557133841 11.3140434823 0.0000000000 0.0000000000 4.7099845748 0.0000000000 -0.0329271310 -0.4649072925 -0.1725724679 -1.4321931980 -0.2111496504 -0.0858100232 1.7095355922 0.0650810264 -0.9053444758 -1.2458552524 -1.8471563889 
357030.0000000000 -1132913.7983355788 6092511.9502996821 1504630.6684693368 3.7923393325 11.3140434823 0.0000000000 -0.0000000000 3.4087521420 0.0000000000 11.5829998532 1.9065350715 -1.3620556006 -0.5093052083 -4.8255307265 -0.2577450209 4.1198758644 -2.6992601031 -8.5606269575 0.0032716510 -2.4396519492 
357060.0000000000 -1132913.5000506684 6092511.7069977429 1504631.4622860474 1.6180816461 11.3140434823 0.0000000000 -0.0000000000 3.4544678682 0.0000000000 11.3193740746 1.2481221773 -2.0738969267 -0.0591562065 -4.8308344298 1.2807256548 4.3247607205 -3.4400945361 -8.0054807694 -0.6737080008 -2.1692157776 
357090.0000000000 -1132913.0813733635 6092512.5739111174 1504630.9715916873 2.0861088080 11.3140434823 0.0000000000 0.0000000000 4.1735651288 0.0000000000 10.8861360452 1.3663025353 -1.6240212588 -0.2972174949 -4.1131918102 1.1490265232 3.3875929344 -3.3649521708 -8.1617182630 0.0512340924 -3.1352781006 
357120.0000000000 -1132913.8718883540 6092508.6939372066 1504631.8989409180 3.6187209225 11.3140434823 0.0000000000 0.0000000000 3.8179278540 0.0000000000 10.8635812183 2.1435086619 -0.0797611138 -0.0904881104 -4.8327313193 0.2810767559 2.9790646736 -3.7599632270 -7.9414694254 -0.6443503649 -2.4523206331 
357150.0000000000 -1132912.9107709508 6092511.7156756260 1504631.5009172275 3.2959514707 11.3140434823 0.0000000000 -0.0000000000 3.5557990443 0.0000000000 11.4338557356 4.0229949607 -0.6787225387 -0.3745738316 -5.3125461409 1.9434141220 0.4538488962 -4.7648631444 -7.4063839725 0.6554147995 -3.3199507703 
357180.0000000000 -1132912.3448743213 6092508.9251913596 1504630.7141152266 2.6621391808 11.3140434823 0.0000000000 -0.0000000000 3.8860000082 0.0000000000 11.2735097185 2.5530134108 -1.6366593377 -1.0015619532 -4.3260177744 2.5956154287 1.2157052165 -3.9757178917 -8.3235888294 0.5671413781 -2.5986392397 
357210.0000000000 -1132913.4893136518 6092512.4741176348 1504631.3424629222 2.4966152744 11.3140434823 0.0000000000 0.0000000000 4.4906560944 0.0000000000 11.3596511543 2.5201587199 -2.2748093354 -0.7464713406 -3.9479413299 0.5562230450 3.3731342150 -3.8433990184 -8.0939759918 0.5193170231 -3.5983615051 
357240.0000000000 -1132913.8050356836 6092511.8698611688 1504631.1273162672 2.8658131909 11.3140434823 0.0000000000 -0.0000000000 4.2840578994 0.0000000000 11.4046030807 1.5107880597 -1.3975776122 0.3441332256 -4.3697177333 1.4226454717 3.4731550023 -4.6010337655 -8.0300782973 -0.5738778326 -3.1600995169 
357270.0000000000 -1132913.0953474101 6092513.0318021737 1504631.6574595959 0.6822391378 11.3140434823 0.0000000000 -0.0000000000 4.6200954078 0.0000000000 11.4961323121 2.7237462000 -2.0762220170 -1.0097005987 -4.8714694797 0.5808495500 3.5741961890 -3.6851267333 -7.8955557248 -0.1804121688 -2.9639021414 
357300.0000000000 -1132914.5264075277 6092511.9213650068 1504631.2883867417 1.2560368031 11.3140434823 0.0000000000 0.0000000000 5.2843033187 0.0000000000 12.0736203310 1.6624011627 -2.1883349414 0.2486299364 -4.1647887948 0.6996834206 4.9952294844 -5.2323882420 -8.3885129012 -0.9022942174 -3.7198638493 
357330.0000000000 -1132913.8447125999 6092513.6001423914 1504631.5016387836 1.1184576257 11.3140434823 0.0000000000 0.0000000000 5.0652677521 0.0000000000 11.4979364076 0.7348423860 -3.3284103430 -0.2107128650 -4.7024195620 1.1282051170 6.0734004204 -3.8805312190 -7.7916565525 -1.4609204044 -2.7262874973 
357360.0000000000 -1132912.3210531496 6092511.4498621384 1504630.1226686302 1.0527748310 11.3140434823 0.0000000000 0.0000000000 5.9406003441 0.0000000000 12.1609469121 2.6617807831 -1.9877681878 -1.3354906442 -5.3202750631 0.3439882532 4.4965124199 -4.0701144412 -8.4822239063 -1.0074333904 -3.0664769648 
357390.0000000000 -1132913.7085471484 6092512.3570013698 1504631.3690494637 1.3448481272 11.3140434823 0.0000000000 -0.0000000000 5.8678133508 0.0000000000 11.5897681284 2.4375209867 -0.8179113245 -0.8163112375 -5.2104090652 0.3888097688 3.6526816880 -4.2817074232 -8.1069265446 -1.1400515948 -3.2799107220 
357420.0000000000 -1132911.0510453575 6092509.2008463871 1504629.8040863904 3.6009261042 11.3140434823 0.0000000000 0.0000000000 6.3247569307 0.0000000000 11.2604044188 2.5753225051 -1.1821624072 -1.5406458838 -5.2749327683 1.5084219971 2.6278167075 -3.9755692982 -7.8420224600 -0.9150258565 -3.3122948536 
357450.0000000000 -1132912.7409501066 6092511.6259892816 1504630.3686283431 1.3833000701 11.3140434823 0.0000000000 -0.0000000000 6.7874183399 0.0000000000 11.9459267279 2.1245190716 -0.8845391796 -1.0612171036 -5.5519754041 0.2395733987 4.3550233025 -4.1563863187 -8.4234535650 -1.5712071166 -3.5069469768 
357480.0000000000 -1132912.7582672832 6092510.8078977009 1504629.4259331205 2.7512127618 11.3140434823 0.0000000000 -0.0000000000 6.7567966158 0.0000000000 11.1746832301 1.9938446744 1.2887912744 -1.5389542326 -5.6946352735 3.7553967835 -0.6217513798 -4.2707631111 -8.4675057346 -1.3836712714 -2.8473042397 
357510.0000000000 -1132912.3862662264 6092511.3588786861 1504629.8897622307 2.6433622120 11.3140434823 0.0000000000 -0.0000000000 6.5980297878 0.0000000000 11.6711551080 2.6470951976 0.7478006573 -1.3857892377 -5.3822951388 1.6364971718 1.0731037815 -4.4526065840 -8.5978239882 -1.0752878626 -3.2947816671 
357540.0000000000 -1132913.8468945429 6092512.0934517467 1504631.1839896592 2.9345420386 11.3140434823 0.0000000000 -0.0000000000 7.3641790947 0.0000000000 11.1277667610 2.6749677698 -0.3720252029 -1.6084048845 -4.8763653487 0.8924394904 2.8124587444 -4.7565700704 -7.9448854693 -1.5820659751 -3.4988932795 
357570.0000000000 -1132912.7339712265 6092511.7786035836 1504629.8035948898 1.8786659970 11.3140434823 0.0000000000 0.0000000000 7.6122541960 0.0000000000 11.4887130826 0.4371025689 -0.4417673775 -0.8350648253 -5.3360555716 2.2967053204 3.3212108137 -4.1443046783 -8.3846236152 -2.1754676083 -3.5816963327 
357600.0000000000 -1132913.0514587380 6092511.4629090894 1504629.6659414435 1.1128381033 11.3140434823 0.0000000000 0.0000000000 7.7391785654 0.0000000000 11.5423363278 2.1757956997 -1.8828183061 -1.4431885300 -5.0091313335 0.9449943276 4.2557580686 -4.6502562075 -7.6536725707 -1.5274053876 -4.2101760817 
357630.0000000000 -1132913.9589247052 6092512.0793796293 1504630.9654485330 2.3969794655 11.3140434823 0.0000000000 -0.0000000000 8.3069549774 0.0000000000 11.7740322447 0.6898814169 -1.3570527873 -1.3194633552 -5.3995992499 1.7823481078 4.2208206029 -3.9674380516 -8.2962928173 -2.0254811832 -4.1301527802 
357660.0000000000 -1132914.0502730310 6092512.6640560357 1504630.6597053399 2.0779981641 11.3140434823 0.0000000000 0.0000000000 8.3831979899 0.0000000000 11.9998456744 0.9014781131 -2.9920507661 -1.5034193607 -4.6115260062 1.1281841278 5.4470623742 -4.0509884894 -8.2690912369 -1.2498126736 -4.8734369101 
357690.0000000000 -1132914.6570796282 6092515.6502341852 1504631.1519586130 1.4469192589 11.3140434823 0.0000000000 -0.0000000000 8.6407156993 0.0000000000 12.4871367541 1.5010692022 -1.9586288637 -1.9070663431 -4.8539339849 1.7175233368 3.8371890026 -4.4522194866 -8.8540027491 -1.2476024435 -4.6386465608 
357720.0000000000 -1132914.0461525186 6092513.3029296799 1504630.1411449474 0.4039071164 11.3140434823 0.0000000000 0.0000000000 8.2313561739 0.0000000000 11.4802248276 0.5152346583 -1.0466888710 -1.1746594383 -4.4495027371 1.1122233171 3.4974740195 -3.5282223745 -8.1824375289 -0.7862511574 -5.4416589307 
357750.0000000000 -1132913.0083492778 6092511.0651798826 1504629.2793345614 1.5102129448 11.3140434823 0.0000000000 -0.0000000000 9.6500358245 0.0000000000 11.2715006136 1.7509644385 0.5773109466 -2.5204872775 -5.3171370468 1.9798052426 0.8516484571 -3.4788334872 -7.9231732527 -1.0489109860 -5.6221442074 
357780.0000000000 -1132913.1972203469 6092511.4820678039 1504628.3374181532 0.3613670610 11.3140434823 0.0000000000 0.0000000000 9.3768633530 0.0000000000 11.8147771958 2.3069041562 0.0107469498 -2.8018792495 -4.5880126341 0.9281456564 1.4118242980 -3.6179036008 -8.6266680529 -0.2540385533 -5.7943310101 
357810.0000000000 -1132912.8069772741 6092513.6410146384 1504628.6318005947 0.1886148295 11.3140434823 0.0000000000 0.0000000000 9.0703142127 0.0000000000 12.4948170040 3.1844148480 -0.5225933525 -2.5411381702 -5.0348430563 1.5130180422 0.9762083305 -4.5773709202 -8.1762932145 -0.1463804655 -6.0558190035 
357840.0000000000 -1132913.7528136673 6092513.3585181115 1504629.7984464073 1.6830745900 11.3140434823 0.0000000000 -0.0000000000 10.1266398311 0.0000000000 12.5261664891 2.0570463785 -0.2480539340 -1.8174191462 -5.0342676766 2.0899536497 1.7252513070 -5.3895837792 -8.0514699699 -1.2673863187 -6.5024463084 
357870.0000000000 -1132913.4373350895 6092511.8757466776 1504629.8993391497 2.4705613345 11.3140434823 0.0000000000 -0.0000000000 11.2311515985 0.0000000000 11.2799282926 0.7409564070 1.4240180002 -2.3994950511 -4.7423186041 3.2219293938 0.4572629738 -4.8017287075 -8.2024333260 -2.5370149204 -5.4821733285 
357900.0000000000 -1132912.6666884848 6092512.9397795917 1504629.5212862319 1.1324193028 11.3140434823 0.0000000000 0.0000000000 10.3375031741 0.0000000000 11.8203156237 1.2599752306 -1.0843823576 -2.8291425329 -5.3517708701 2.0104982087 2.8066830571 -3.7553101899 -7.9118060153 -1.8137201024 -5.2660704347 
357930.0000000000 -1132912.4972277291 6092512.9871262582 1504629.6326394842 0.0413942987 11.3140434823 0.0000000000 0.0000000000 11.1885722002 0.0000000000 11.7831771958 2.1230536604 -1.1812732836 -2.3349928060 -5.3763666412 2.6618688542 3.1754731169 -6.3409846816 -6.9603561944 -3.3242058755 -5.1504410038 
357960.0000000000 -1132913.7633767596 6092514.2760210186 1504629.9547063285 0.3943445836 11.3140434823 0.0000000000 0.0000000000 10.6107759300 0.0000000000 11.7395806098 0.7408960045 -0.2196613821 -2.6933638475 -4.4734557957 1.5758068096 2.4303611635 -3.8115559622 -8.4614044840 -1.5851123650 -5.6624092034 
357990.0000000000 -1132913.6889117295 6092513.7115244949 1504629.3298748583 0.3878265853 11.3140434823 0.0000000000 -0.0000000000 11.0547468212 0.0000000000 12.3934618868 2.0499439274 -0.7917054713 -2.8621006782 -5.0256743237 2.7407685255 1.9403307849 -5.6171847159 -7.9228610050 -2.3570907057 -5.3665180815 
358020.0000000000 -1132913.6961505590 6092515.0686739506 1504628.6069358231 0.0000412742 11.3140434823 0.0000000000 0.0000000000 11.2734045042 0.0000000000 12.5239923740 0.4678459992 -0.2481555374 -2.1270494060 -5.4374113864 3.5729215559 1.7537217987 -5.0972582323 -7.9352522651 -2.8340540464 -5.6581545082 
358050.0000000000 -1132913.3161286237 6092513.5500264773 1504628.3974858099 0.1833000754 11.3140434823 0.0000000000 -0.0000000000 11.4359774612 0.0000000000 12.2605753415 0.2350621655 -2.2913947349 -3.0472567881 -4.2995439873 4.9595417650 1.2013255512 -4.5506683399 -7.6712206993 -1.5822417638 -6.3526978122 
358080.0000000000 -1132912.9839733818 6092514.2488725493 1504629.1320026412 0.3291847630 11.3140434823 0.0000000000 -0.0000000000 11.3107127326 0.0000000000 12.6013185284 0.9572067699 -1.0996075243 -3.2840493061 -5.0952713134 2.5351726112 2.0370921065 -3.8484721320 -8.2092653925 -1.5976122574 -6.0843664856 
358110.0000000000 -1132914.9001778583 6092515.3630568879 1504629.8923002025 1.0331351229 11.3140434823 0.0000000000 -0.0000000000 11.5960037657 0.0000000000 12.7928978235 1.0154588446 -0.4148786724 -2.8211621829 -5.9872783924 1.4843930675 3.2290091718 -4.2135322952 -8.0668756665 -2.6665282174 -5.7430110661 
358140.0000000000 -1132914.2759921406 6092514.9696679246 1504629.2995026472 1.5727100646 11.3140434823 0.0000000000 -0.0000000000 12.7821677622 0.0000000000 12.4758453739 1.4970906669 -0.4630559042 -3.8113522865 -4.8667422830 2.1325274364 2.4804497662 -5.1410731073 -8.2841739637 -2.8446822054 -5.7392034140 
358170.0000000000 -1132914.5970833860 6092516.1845052112 1504629.9488945184 1.2761795370 11.3140434823 0.0000000000 0.0000000000 12.3171291649 0.0000000000 12.3947226321 0.5531162326 0.8766982600 -2.4489201096 -5.0206771382 1.5164681493 2.3974104183 -5.0198533707 -8.0322743361 -2.9654573410 -6.3835409056 
358200.0000000000 -1132912.5778454456 6092511.2347454578 1504633.4232048651 7.5666535981 11.3140434823 0.0000000000 -0.0000000000 0.0275990299 0.0000000000 12.5522781025 1.4962854869 -1.0695749693 2.6876023440 -5.8220799814 0.3442047243 1.5941571029 -3.3953057226 -6.5893766786 0.7801980615 -2.4855819459 
358230.0000000000 -1132912.9029042108 6092511.9051629659 1504633.3290660838 11.6767058679 11.3140434823 0.0000000000 0.0000000000 0.2302781674 0.0000000000 12.8558638972 2.4411106184 -2.1480315229 1.2916633434 -5.5919045963 1.2212557533 0.7713327037 -3.3025250548 -6.9557954672 1.2610131752 -1.9249570846 
358260.0000000000 -1132912.7912084176 6092511.4503586413 1504632.3174617852 5.6637281571 11.3140434823 0.0000000000 0.0000000000 -0.0775847240 0.0000000000 12.6572465479 2.2758770856 -2.1928381937 1.4367726738 -5.1649867234 1.2502106665 0.3266464811 -3.0376430881 -6.7686236540 1.8514014229 -2.4155832820 
358290.0000000000 -1132913.9889604258 6092512.4860551357 1504632.7955495652 7.0962642533 11.3140434823 0.0000000000 -0.0000000000 0.6440818589 0.0000000000 12.4125953567 1.8432678778 -1.2511162339 1.4057827318 -4.8072786933 1.8987942192 -0.4631290549 -3.5154173099 -6.9789531011 1.0800707188 -2.1087807175 
358320.0000000000 -1132913.2787631373 6092512.3171297340 1504632.7642512554 3.9910975488 11.3140434823 0.0000000000 0.0000000000 0.8829074776 0.0000000000 12.7067852385 0.6827672448 -1.0807027576 2.3991798990 -5.1498564113 1.4533528858 0.4703277871 -3.1973914184 -6.8255772621 1.0156557777 -3.2082475489 
358350.0000000000 -1132911.4288507078 6092512.2700426579 1504633.2971224010 3.2577329547 11.3140434823 0.0000000000 -0.0000000000 -0.0031843576 0.0000000000 12.8538627736 0.9882055740 -2.0097242295 2.1110979853 -5.3262141197 2.9158813851 -0.3155190304 -3.2701527875 -6.8420626841 0.8215646015 -1.7035809929 
358380.0000000000 -1132911.7453081494 6092510.9576816829 1504632.2006844766 2.0867488169 11.3140434823 0.0000000000 0.0000000000 -0.3200330338 0.0000000000 12.5984342261 1.9617674481 -2.8772768160 1.0343601683 -5.4321075849 2.7602127927 -0.3220037790 -2.7301989475 -6.7375825284 1.1978016437 -0.9201932897 
358410.0000000000 -1132913.4503767521 6092514.3697146932 1504633.2871734034 4.6497691549 11.3140434823 0.0000000000 -0.0000000000 1.6775431918 0.0000000000 13.0827594009 0.1853018606 -2.7398362016 2.1372947009 -5.2873918289 2.6303757022 1.6868709242 -3.7966927689 -6.8775926212 0.0210605348 -2.4841342375 
358440.0000000000 -1132913.5939506683 6092514.6574097807 1504634.1745057479 6.2746328004 11.3140434823 0.0000000000 -0.0000000000 0.1404759729 0.0000000000 12.6687226867 1.7348504428 -1.1928558650 2.1751789647 -5.5550277976 1.9176411109 -0.5177236802 -3.5489038308 -6.3398356195 0.6903822813 -2.0019727401 
358470.0000000000 -1132912.4097645998 6092513.1297391523 1504633.2118541496 6.9645315129 11.3140434823 0.0000000000 0.0000000000 0.5981599702 0.0000000000 12.6601353093 1.5394145295 -0.4491794909 1.7552051378 -5.1637878361 0.7133658989 -0.4589006749 -2.7412533893 -6.9873998677 1.3136294193 -2.6861909249 
358500.0000000000 -1132913.7515344187 6092515.1125790626 1504633.5438383820 2.1909405824 11.3140434823 0.0000000000 0.0000000000 -0.0422129995 0.0000000000 13.0536409906 1.4173261606 -0.3336646155 2.6005339433 -5.2940267042 1.1377275445 -0.6876779032 -3.4019534293 -7.0162317094 0.9972887669 -2.3085007015 
358530.0000000000 -1132912.8763028437 6092513.3127566678 1504633.4867796500 6.9459616270 11.3140434823 0.0000000000 0.0000000000 0.3849475999 0.0000000000 13.4043611581 2.5336550672 -2.4121904099 1.7370755021 -6.1403222556 1.4610934371 0.5921451892 -3.7893819421 -6.3540736396 0.7537636332 -2.0111416134 
358560.0000000000 -1132913.1218372853 6092511.8648718130 1504633.0761865834 7.9704361816 11.3140434823 0.0000000000 -0.0000000000 0.6847097373 0.0000000000 13.3882275736 1.9336007134 -1.6197048051 2.2805416475 -5.6325593913 1.2953328564 0.6066145418 -4.2993508859 -6.7248642879 0.3720525005 -2.1342990675 
358590.0000000000 -1132913.3165913231 6092513.7422349118 1504634.1619378340 3.4318297554 11.3140434823 0.0000000000 0.0000000000 0.5707747035 0.0000000000 13.1590576968 1.5838483414 -0.4318220978 2.5120770469 -5.2609300051 3.0557746601 -1.8828555253 -4.7233696303 -6.6335944920 -0.3326887683 -1.3564454207 
358620.0000000000 -1132913.6456168983 6092513.3639097810 1504633.5741337659 10.5139489202 11.3140434823 0.0000000000 -0.0000000000 0.7781446270 0.0000000000 13.5681416989 0.7570271138 -2.9918730273 1.3944692477 -5.4156837879 1.4218561989 1.3295019531 -2.2586870014 -7.5852479063 1.3043233643 -2.1500155572 
358650.0000000000 -1132912.7902884472 6092514.1354505941 1504633.9981764748 4.1993378936 11.3140434823 0.0000000000 0.0000000000 1.3629447249 0.0000000000 13.3121081026 1.6814923124 -2.1792729010 1.4738740583 -5.9870038044 2.1129772173 -0.0596342309 -3.3163583179 -6.1560025751 0.4465202749 -2.4877524734 
358680.0000000000 -1132912.1262074837 6092512.4969326109 1504633.1327256951 8.4895558257 11.3140434823 0.0000000000 0.0000000000 0.6720591380 0.0000000000 13.1082909234 1.9567433194 -0.6957947714 1.7383132674 -5.8965625769 -0.1029687950 0.2516603455 -2.7314793059 -6.8521105429 0.9601739156 -2.3778035849 
358710.0000000000 -1132911.8004432397 6092511.8125930298 1504632.6189670435 6.1835479315 11.3140434823 0.0000000000 0.0000000000 0.0923940297 0.0000000000 13.2121765887 2.6443006075 -2.3497190147 1.8545593851 -6.9407000783 1.1566239782 0.5809767154 -3.2742842133 -5.7033011275 0.3416568785 -1.4799159900 
358740.0000000000 -1132912.3399223434 6092512.1653965488 1504633.1998533772 4.3469794055 11.3140434823 0.0000000000 0.0000000000 0.6000840712 0.0000000000 13.0535514062 1.4220314689 -0.9966930397 2.0186257610 -6.1194026991 0.5645868431 0.4053450919 -2.7608266754 -6.7661958555 0.2930806047 -1.6323820195 
358770.0000000000 -1132913.7779092519 6092514.7556768768 1504633.9531042746 1.2328761151 11.3140434823 0.0000000000 -0.0000000000 0.2288088220 0.0000000000 13.0865628082 1.8690747588 -1.1770021805 2.0265231705 -5.3158783865 1.7477384137 -1.4203501870 -3.3275892734 -6.2351533421 0.8985857549 -2.2030991419 
358800.0000000000 -1132915.3237788815 6092530.0363845183 1504633.8999296273 0.0298289170 11.3140434823 0.0000000000 0.0000000000 0.1977112396 0.0000000000 0.3684039378 0.9971695407 1.6073103596 0.5594888482 -0.8694739504 -1.7933298361 1.0252939459 -1.3663427557 -0.5650907077 -1.2522698846 0.9446320493 
358830.0000000000 -1132915.2415184088 6092528.5166113190 1504633.5862489224 0.2841007388 11.3140434823 0.0000000000 0.0000000000 -0.3789832924 0.0000000000 -0.1533114050 0.5931810820 2.0519110760 0.4625625022 -0.2813612766 -0.8749371923 -0.6591275261 -0.6791947657 -0.5167490866 -0.9420902065 1.3032282634 
358860.0000000000 -1132915.8850739386 6092529.7288466049 1504633.8325533550 0.0008998929 11.3140434823 0.0000000000 0.0000000000 1.9033516012 0.0000000000 -0.4269301914 0.2512531321 2.4988877423 -0.7151227491 -0.5083467689 -0.9565802751 -0.2762488925 -0.4098787146 -0.4190324499 -1.8334679772 0.8090877893 
358890.0000000000 -1132915.0496170290 6092529.8157613333 1504634.0620662649 0.1373413353 11.3140434823 0.0000000000 0.0000000000 0.4131186067 0.0000000000 -0.4333092091 -0.2466726344 0.0836904500 0.2425621044 -0.3741830559 0.0630616025 1.1042403248 -0.6732911232 -0.0070165823 -1.4251158228 1.2668709812 
358920.0000000000 -1132916.3417197678 6092530.9291820433 1504633.8351056769 0.2443847964 11.3140434823 0.0000000000 -0.0000000000 0.2199760261 0.0000000000 -0.2204510437 -0.1157369961 1.4345514991 0.5181311227 0.0874363929 -1.0642509637 0.1298037695 -0.3600907020 -0.1740268841 -0.3775036396 -0.1804174556 
358950.0000000000 -1132916.4033000402 6092530.6391760353 1504633.5811103042 0.6218942962 11.3140434823 0.0000000000 0.0000000000 -0.3066756374 0.0000000000 -0.3420836596 0.5945916453 -0.2683621171 -0.0440759578 0.1444404920 -1.4372618150 1.6305390062 -0.3536256931 -0.3320361702 0.2026662127 0.3611117990 
358980.0000000000 -1132914.8786984365 6092529.8301942926 1504634.2641528265 0.6802346167 11.3140434823 0.0000000000 -0.0000000000 0.2350561198 0.0000000000 0.6455017949 -0.4149769423 -0.9925387011 0.6622320374 -0.5148526731 2.0562436260 0.2311816240 -1.4163241988 0.0436927047 -1.6021284301 1.2989969282 
359010.0000000000 -1132914.7111416678 6092531.2353985999 1504634.0939963311 0.0165948107 11.3140434823 0.0000000000 0.0000000000 0.4117178449 0.0000000000 1.2775559062 0.2707067121 -1.4689551983 -0.1082284340 -0.5299243400 1.6727172827 -0.1028744923 -0.9250396552 0.0071117992 -0.4303889581 0.1142003257 
359040.0000000000 -1132912.9772201963 6092528.0723589752 1504632.1132958573 0.1496729038 11.3140434823 0.0000000000 0.0000000000 0.9166904785 0.0000000000 0.8438480798 1.7890057913 -1.6635326091 -0.5459936866 -1.3651870730 0.1111843606 1.6541534148 -1.7689732802 0.7735351785 -0.8703430338 0.1403263365 
359070.0000000000 -1132915.1166408053 6092531.9369194228 1504634.0325767291 0.0008516715 11.3140434823 0.0000000000 -0.0000000000 -0.1720486984 0.0000000000 0.6659525278 1.1088084912 -1.4118492495 0.0816212610 -0.0543799875 1.7258750405 -0.3818763491 -1.8970916268 0.4850128558 -0.5493914799 0.6106483602 
359100.0000000000 -1132915.1770894309 6092528.3251771079 1504633.5631736859 0.3826498821 11.3140434823 0.0000000000 0.0000000000 -0.7948747599 0.0000000000 0.5139561959 -0.0102562875 -0.9244203315 0.6529891655 -0.0547486926 1.3228845281 -0.2837125860 -0.7242018924 0.0013291579 -0.2312615069 0.6966835182 
359130.0000000000 -1132915.0797624150 6092528.0530678993 1504633.9739236862 0.1019254513 11.3140434823 0.0000000000 0.0000000000 -0.0130936273 0.0000000000 -0.1552187474 0.2275063300 2.0398434274 1.1855004968 -0.1981571325 -0.9314432825 0.0618736385 -1.5236964072 -0.2909349849 -1.4171870550 0.9162143312 
359160.0000000000 -1132914.2130904146 6092526.3762322618 1504632.3440596871 0.0643248218 11.3140434823 0.0000000000 0.0000000000 -0.8442952540 0.0000000000 -0.3546568269 1.2555343285 0.4918547581 0.3196312007 -0.0046932203 -2.5077473167 1.9893394596 -0.9228557412 -0.8122860699 0.1725048592 0.8889665742 
359190.0000000000 -1132915.4626961451 6092529.0580425095 1504633.9678498737 0.3876486026 11.3140434823 0.0000000000 -0.0000000000 -0.0697701010 0.0000000000 -0.2283831693 -0.0732023346 0.8829644485 0.5515248343 0.6077848291 -0.8216191127 0.7623687825 -1.0444265619 -1.0045613236 -0.6011183461 0.9368035337 
359220.0000000000 -1132915.6012798038 6092530.5379080353 1504634.1506754302 0.0366168705 11.3140434823 0.0000000000 -0.0000000000 0.7001276845 0.0000000000 -0.2353986924 -0.0717191577 1.2314835481 0.6564601614 -0.0842971017 -0.4999013743 0.5316282290 -1.3273245992 -0.0940954896 -1.3885398761 0.5272657692 
359250.0000000000 -1132916.4417828147 6092529.9996911744 1504634.5182079072 0.0092180533 11.3140434823 0.0000000000 -0.0000000000 0.1010076978 0.0000000000 -0.2300676713 0.0316207316 0.5797490930 0.5079876359 0.6024796109 -1.0072390968 1.4113452160 -1.3490010430 -1.0795477873 -0.6668600168 0.9611178140 
359280.0000000000 -1132915.6298798986 6092529.2362592239 1504634.0876125491 0.0688994026 11.3140434823 0.0000000000 -0.0000000000 -0.3776102619 0.0000000000 0.6460313118 0.2716188249 1.0969367728 0.8889807535 -0.0427160032 -1.0528174037 0.3287733087 -1.0269146582 -1.0380355841 -0.3237262728 0.4833607411 
359310.0000000000 -1132914.9732483544 6092528.4420472486 1504633.6553897616 0.2441548412 11.3140434823 0.0000000000 0.0000000000 0.5372105645 0.0000000000 -0.1794360197 0.1817827381 -2.2425647515 -0.2220113878 0.5952461198 1.5676585703 1.6877394660 -1.8859501808 -0.0305116109 -0.9216519236 1.1439737596 
359340.0000000000 -1132914.9408379921 6092527.4139480544 1504633.2527808819 0.1116344623 11.3140434823 0.0000000000 -0.0000000000 -0.6842412634 0.0000000000 -0.1119902524 0.4475144679 0.4690066602 0.8272792814 -0.2837743699 -1.1792020529 0.9266396404 -0.6895001547 -0.0990256298 -0.0926369183 0.2865972503 
359370.0000000000 -1132915.4530662149 6092529.1430170340 1504632.6117270226 0.0363021119 11.3140434823 0.0000000000 0.0000000000 -0.4860415200 0.0000000000 0.1174658459 1.2894460351 -0.4365656309 -0.1562138791 0.3549614194 -0.8484357910 1.0064640389 -1.2397617922 -0.6696051756 0.2970081406 0.6293373118 
359400.0000000000 -1132916.0684851806 6092529.4245157083 1504633.3613811147 0.1785362201 11.3140434823 0.0000000000 -0.0000000000 -0.2563475941 0.0000000000 -0.4353373134 1.1808929205 -2.0801743885 -0.0054231964 0.9384514254 1.0200609377 1.4632015014 -2.5266752666 0.3325122378 -0.3152474755 0.8462802669 
359430.0000000000 -1132915.1066137871 6092526.9680012027 1504632.5596739654 0.4129629995 11.1654816136 0.0000000000 0.0000000000 -0.1420698086 0.0000000000 0.2318019850 0.3508692791 -1.1258819062 -0.1539417083 0.4009836985 0.0000000000 1.2119158334 -0.7847265235 -0.6652759996 0.2256880611 0.4383327765 
359460.0000000000 -1132915.5679125560 6092528.6072923513 1504632.8678375778 0.6291565513 11.1654816136 0.0000000000 0.0000000000 -0.0202115472 0.0000000000 0.4440709907 0.4991328932 -1.1960279680 0.4633743200 0.1343927069 0.0000000000 1.6473934769 -1.7143514939 -0.1712065645 -0.1424986354 0.0447898535 
359490.0000000000 -1132914.7375992837 6092528.3637645775 1504633.3706520353 0.0087343660 11.1654816136 0.0000000000 -0.0000000000 0.4650350695 0.0000000000 0.4774140500 -0.9525153243 -0.7850322960 1.0000942731 0.0242180211 0.0000000000 2.0963171130 -1.1411957642 -0.5008114543 -0.5664247946 -0.1277591713 
359520.0000000000 -1132915.9715617448 6092529.1754493648 1504634.0476958205 0.8909780592 11.1654816136 0.0000000000 0.0000000000 0.7131960596 0.0000000000 -0.2960135105 -0.6504804431 -0.1703297496 0.3620164996 1.1330492265 0.0000000000 1.2576124706 -1.3072632230 -0.5015596529 -0.3898233506 -0.1484616303 
359550.0000000000 -1132914.7912779062 6092528.2347752154 1504633.4755501752 0.0265826907 11.1654816136 0.0000000000 -0.0000000000 -0.4853597244 0.0000000000 0.2337955925 -0.1756979373 0.3572699122 1.2216080208 -0.1369437527 0.0000000000 0.6112682840 -1.2183301324 -0.6889622943 -0.9308506943 1.2207965856 
359580.0000000000 -1132915.3800616893 6092529.9642224647 1504633.5614681188 0.3437578795 11.1654816136 0.0000000000 -0.0000000000 0.1185672610 0.0000000000 0.0602153256 -0.1728656127 0.4320246373 0.9300252846 0.9035113692 0.0000000000 0.5696757974 -1.8775664724 -0.7018284357 -0.6887180573 0.4407132630 
359610.0000000000 -1132915.8273549371 6092531.3729865169 1504635.0982140487 0.0001133621 11.1654816136 0.0000000000 -0.0000000000 0.5561728003 0.0000000000 0.1350764563 -0.0452343519 1.3838533905 0.7098746721 0.7207340099 0.0000000000 -0.4535986131 -1.7428448989 -0.6079878566 -1.1238248985 0.4977434724 
359640.0000000000 -1132915.6590146669 6092530.5301274601 1504634.3318547835 0.0091811598 11.1654816136 0.0000000000 0.0000000000 0.1703972222 0.0000000000 -0.1507815692 0.0371544012 -0.3780692475 0.4641758286 0.3896606918 0.0000000000 1.1499796333 -1.3454784571 -0.1293270040 -0.4201061050 0.2097811628 
359670.0000000000 -1132915.7914902866 6092531.4695226606 1504634.4599075941 0.0763002029 11.1654816136 0.0000000000 0.0000000000 0.4513089685 0.0000000000 -0.3214370890 1.4529431075 -0.5707597929 -0.8547984372 1.2943784830 0.0000000000 0.4665291392 -1.9711053455 -0.1401428614 0.1499049856 0.0433871751 
359700.0000000000 -1132914.4270788522 6092530.7320902366 1504633.7844290165 0.2775046660 11.1654816136 0.0000000000 -0.0000000000 -0.5888528122 0.0000000000 0.3700129274 0.4073161112 0.5939938645 0.8933386731 0.3054772928 0.0000000000 -0.1861774298 -1.4457931774 -0.8683115614 -0.5966709518 1.1320195887 
359730.0000000000 -1132914.6014427694 6092527.1225557001 1504632.9594458502 0.4012848259 11.1654816136 0.0000000000 -0.0000000000 0.5381342926 0.0000000000 0.1424637711 -0.7661229047 -0.0411444597 1.2150194987 -0.3245444114 0.0000000000 1.7936571965 -1.4751585069 -0.4330809538 -1.3667735730 0.7158841227 
359760.0000000000 -1132914.3778245051 6092528.1496454468 1504633.0772135528 0.0046890325 11.1654816136 0.0000000000 -0.0000000000 0.2489132799 0.0000000000 0.9155354912 0.6995899106 -0.8537260689 0.2737561686 -0.8923254890 0.0000000000 1.3035177065 -1.3472815353 -0.2529735459 -0.6388766777 0.5256519386 
359790.0000000000 -1132914.6486970203 6092528.6680273702 1504633.1606428183 0.0102602176 11.1654816136 0.0000000000 -0.0000000000 0.7243308167 0.0000000000 0.4253582698 -0.2918655273 0.0190900274 -0.0244610004 -0.9644328195 0.0000000000 0.6172110561 0.0625001248 -0.2986924006 -0.9132393395 0.6388326679 
359820.0000000000 -1132914.6574765814 6092528.5320444359 1504633.5342397881 0.0185524927 11.3140434823 0.0000000000 -0.0000000000 -0.6124028474 0.0000000000 -0.3610122218 0.1539387078 -1.7405407378 -0.2399579997 0.4526208441 0.0000000000 1.7890514523 -0.1794512585 -0.3546548708 0.8788298413 0.1768957476 
359850.0000000000 -1132914.7275553660 6092529.5225276435 1504633.7405926574 0.1430722456 11.3140434823 0.0000000000 0.0000000000 -0.6191319236 0.0000000000 -0.2618151301 1.3419790362 0.2579325573 0.3018422895 -0.0518321455 0.0000000000 -0.1932447847 -1.4454841241 0.0961589049 -0.5815556541 1.1685125598 
359880.0000000000 -1132913.9513289293 6092527.2937527439 1504632.4218762056 0.1167065928 11.3140434823 0.0000000000 0.0000000000 -0.7328336588 0.0000000000 0.2344918275 1.9903227493 -1.4421546491 -1.3073624830 -0.3401812766 0.0000000000 0.1519588827 -0.0594224266 -0.0147016102 0.9146266773 0.5755627510 
359910.0000000000 -1132915.6119343047 6092529.2707085097 1504633.4413632727 0.2814063817 11.3140434823 0.0000000000 -0.0000000000 -0.1194365946 0.0000000000 -0.0011686439 0.5278903829 -0.8684532172 0.0395117370 0.8424395116 0.0000000000 1.3761984260 -1.6236048020 -0.8407453368 0.0954011126 0.5566076828 
359940.0000000000 -1132915.3126306261 6092531.2566730212 1504634.6205836029 0.0097789325 11.3140434823 0.0000000000 0.0000000000 1.4860539111 0.0000000000 -0.6838333979 -0.4118543211 1.4727888629 0.1399369558 0.3915979884 0.0000000000 0.0697143739 -1.2551636522 -0.2072693163 -1.8351350592 0.8715097878 
359970.0000000000 -1132914.7712097154 6092528.7409389550 1504633.0512475378 0.5644211771 11.3140434823 0.0000000000 -0.0000000000 0.3016272239 0.0000000000 -0.7599361155 1.4825594160 -0.8901398083 -1.1182263296 0.5622630780 0.0000000000 1.2100244796 -1.4492977679 -0.2582736358 -0.1828220938 1.0878223134 
360000.0000000000 -1132915.0572668933 6092529.5730149066 1504633.9304896714 0.2007905185 11.3140434823 0.0000000000 -0.0000000000 0.0903246169 0.0000000000 0.3442414981 0.3209970077 0.7976511202 0.1521633049 -0.3526915112 0.0000000000 -0.8201763472 -0.2729457481 -0.2599247179 -0.6881006202 0.7090110674 
