time x y z T0 thrd C21 C24 C25 C26 C33 C34 C38 C39 C40 C42 C43 C59 C60 C23 C41 
345600.0000000000 -1132915.2862462956 6092527.3932772651 1504632.5729394911 0.0148655629 11.3140434823 0.8679695796 0.4174286801 0.9725727824 1.4472977975 -1.2432138769 0.0074295219 -0.4441476207 0.0078704878 0.0610561482 0.5537652472 -0.0000000000 -2.1133927351 -0.5535788112 0.0000000000 0.0000000000 
345630.0000000000 -1132915.6161494066 6092528.7487466456 1504633.7213064039 0.0163013063 11.3140434823 0.7433792700 0.0772128871 0.4777984353 0.8887685992 -0.7090863976 0.3184845953 -0.0542108098 -0.3498873254 -0.2871970251 0.6409826302 0.0000000000 -1.5446005524 -0.1967511357 0.0000000000 0.0000000000 
345660.0000000000 -1132915.6301725549 6092528.8680697232 1504632.7097189701 0.7170017855 11.3140434823 0.3609652227 0.1899851530 -0.0657112980 0.1378791641 -0.4967662583 1.2274767747 0.2975198331 0.2413438760 -0.6684053848 0.6908913746 -0.0000000000 -1.1428539008 -0.6621145050 0.0000000000 0.0000000000 
345690.0000000000 -1132914.1142577720 6092527.8368218523 1504632.7727215039 0.0609839596 11.1654816136 0.2895275184 0.9900936728 -0.8971678596 1.4967082728 -0.5001753014 0.0000000000 -0.1837729203 -0.2020153609 1.5613409924 -0.2763001294 0.0000000000 -2.4632257303 0.3241971666 0.0000000000 0.0000000000 
345720.0000000000 -1132914.2974539343 6092526.9563512579 1504634.5101514407 0.0661501850 11.3140434823 0.1976354228 0.7284143109 -0.4500906219 1.2607835238 -1.5895434132 2.8316861437 -0.5019420542 0.9487873439 -1.1189858816 0.7072407002 -0.0000000000 -1.8578808909 -0.8701184927 0.0000000000 0.0000000000 
345750.0000000000 -1132915.4851597471 6092529.5475747241 1504633.0838283200 1.5883336457 11.3140434823 -0.2244191143 1.0540645359 -0.5387336109 1.1533819924 -0.2296967064 1.2818860924 0.3403627063 -0.5836604429 -0.2932573725 -0.0445810949 0.0000000000 -1.0512037584 -0.6951789392 0.0000000000 0.0000000000 
345780.0000000000 -1132914.8238495996 6092528.8183329543 1504632.7867409296 0.0495177360 11.1654816136 0.7556664522 0.7437422067 0.6919254012 0.0491585737 -0.2251602047 -2.0246225517 -0.1858133263 0.3164978983 1.9883129529 0.0000000000 0.0000000000 -1.8005061243 -0.4304442046 0.0000000000 0.0000000000 
345810.0000000000 -1132914.7318088887 6092528.5374202821 1504633.7879303349 0.5072856553 11.3140434823 -0.5850665992 0.5952055715 1.2886351133 1.2194659722 -0.9404154148 -0.4044708643 0.3161593121 0.3851155481 0.5160035723 0.2256594595 0.0000000000 -1.0070944394 -1.6368909841 0.0000000000 0.0000000000 
345840.0000000000 -1132914.9736079935 6092529.5230352860 1504633.0560016430 0.2047970816 11.3140434823 -0.4544908401 1.0617994085 -1.0605435158 0.2740824484 -0.7474926321 1.7749672683 0.2596306497 1.1899989715 0.4935134052 0.4588325115 -0.0000000000 -1.8524046602 -1.0826075923 0.0000000000 0.0000000000 
345870.0000000000 -1132915.6224985146 6092531.3297795225 1504632.6296070390 0.3300054084 11.3140434823 1.1460676837 0.7984493513 -0.8384198366 -0.3926096298 0.1459470181 0.3539680049 0.9736439852 0.5105563837 0.7094935809 -0.0647998356 0.0000000000 -2.6725163004 -0.5325628052 0.0000000000 0.0000000000 
345900.0000000000 -1132914.9618935857 6092528.8056384912 1504633.4653650264 0.0078966191 11.3140434823 -0.2915586224 0.6052919106 -0.3241420833 0.6626610812 -0.7481497177 0.6051060754 -0.1103910732 0.6150968883 0.6684484820 0.3098845634 -0.0000000000 -1.3515413279 -0.4950668116 0.0000000000 0.0000000000 
345930.0000000000 -1132915.5189645216 6092529.4844253780 1504633.5140314728 0.1799372715 11.3140434823 -0.1706120216 0.8034237212 -0.4704863273 0.2273059276 -0.5921658812 1.3459293149 0.1955170889 0.8810673779 -0.0452178701 0.1969871806 0.0000000000 -1.1917131385 -0.9728074686 0.0000000000 0.0000000000 
345960.0000000000 -1132914.5395307313 6092528.4396625841 1504633.3455047007 0.0317232493 11.3140434823 0.5532117845 0.8655366067 0.3747973741 0.5636627355 -0.2605024966 -0.9662303689 -0.2581612784 -0.5413401802 1.1392748484 0.3989703330 0.0000000000 -1.5894356801 -0.3308589929 0.0000000000 0.0000000000 
345990.0000000000 -1132914.3246182778 6092527.7983968165 1504632.9687536950 0.0062635084 11.1654816136 1.3483516849 0.3264941923 0.4185170566 0.2963581612 -0.0803617941 0.0000000000 0.7144162125 -0.1725568529 -0.4320671762 -0.1874312566 0.0000000000 -1.7276587680 -0.5349279578 0.0000000000 0.0000000000 
346020.0000000000 -1132915.4081705967 6092529.4740956407 1504633.0290749988 0.6133084508 11.1654816136 0.7497001637 0.8037200256 -0.7932058506 0.0899769316 0.0400247303 1.0496007246 0.5794762387 -0.0510752597 -0.1886126584 0.0000000000 0.0000000000 -1.7308753337 -0.3811157349 0.0000000000 0.0000000000 
346050.0000000000 -1132915.5001794565 6092530.3075633580 1504633.2100768494 0.4222969474 11.3140434823 0.0723173273 0.7441347160 -0.3753580602 0.9618817085 -0.5665234901 0.8501714584 0.5674818235 -0.0139787066 0.3302856799 0.3399630877 0.0000000000 -2.0793391325 -0.6617951874 0.0000000000 0.0000000000 
346080.0000000000 -1132914.6221356019 6092527.2860905258 1504631.8620342405 0.0003706210 11.3140434823 1.2363224992 0.9282290695 0.2268788922 0.3395268324 -0.7842828558 0.1008859840 -0.0290650633 0.4892480607 0.5481922845 0.5709493545 0.0000000000 -2.7706174380 -0.7925364099 0.0000000000 0.0000000000 
346110.0000000000 -1132915.0362286386 6092528.0548105417 1504632.7648241895 0.0015441299 11.3140434823 -0.4480805634 0.8351889005 -0.0193817629 0.4604501120 -0.2732190647 -0.4794838668 0.4044324388 -0.0946756741 1.5320965058 0.6460326254 0.0000000000 -1.6300312418 -0.8769348889 0.0000000000 0.0000000000 
346140.0000000000 -1132915.3045041023 6092528.6774124764 1504632.9657345819 0.3963258753 11.3140434823 1.5539469489 0.6542575449 0.2168469272 0.3095855259 -0.3741144791 0.9693376577 0.0760901626 -0.4787071431 -1.0897274899 0.6099992677 0.0000000000 -1.8547863056 -0.5162616297 0.0000000000 0.0000000000 
346170.0000000000 -1132916.2769888083 6092528.4517819500 1504632.9740610390 0.1445989797 11.3140434823 0.2807796888 0.3382734456 -0.8582038638 0.1289365323 -0.3280364153 2.9913392014 0.9593202435 0.4186215245 -1.9873389154 0.2686411200 0.0000000000 -1.0478270058 -0.8180800025 0.0000000000 0.0000000000 
346200.0000000000 -1132915.0585759713 6092529.4253948564 1504632.9908447827 0.0265398052 11.3140434823 1.4005214777 0.1997126282 -0.2558731093 -0.3514804050 -0.0877758172 1.2535107629 0.7120583528 0.2968849852 -1.1179149554 0.2873336298 -0.0000000000 -1.7171000856 -0.4890939762 0.0000000000 0.0000000000 
346230.0000000000 -1132915.2906626211 6092529.9688469563 1504632.4578016258 0.1875049240 11.3140434823 1.2986900038 1.0489012772 -0.3483067921 -0.0117902050 -0.0524422317 1.0836217930 -0.1595401984 -0.5595270643 -0.8081699364 0.4658079598 -0.0000000000 -1.4760311321 -0.3482997092 0.0000000000 0.0000000000 
346260.0000000000 -1132915.9334810576 6092527.0601394428 1504631.8975235831 0.1460454992 11.0041300577 0.0000000000 0.6818805610 1.2215705094 1.2185202323 -1.2100282019 0.0000000000 0.4452359230 0.7096796086 0.1908933929 0.0877316683 0.0000000000 -1.6759719482 -1.6654930264 0.0000000000 0.0000000000 
346290.0000000000 -1132916.0850955127 6092529.6708243359 1504632.5829532021 0.4298211678 11.3140434823 -0.0690965129 1.5142096485 -0.9306878563 0.8571080598 -0.5934310588 2.2973643317 -0.3400155914 -0.2021211215 -0.8706001725 0.1380198154 0.0000000000 -0.9471380040 -0.5177652591 0.0000000000 0.0000000000 
346320.0000000000 -1132914.8237593989 6092527.5587011827 1504632.5290744996 0.0079657954 11.3140434823 0.6136388050 1.6217513632 -0.4229861654 0.1831611305 -0.0967916249 0.8352254935 -0.0505675346 -0.2417143793 -0.0701546204 0.0142261525 -0.0000000000 -1.3922509247 -0.8373750086 0.0000000000 0.0000000000 
346350.0000000000 -1132914.6544189823 6092526.0959351752 1504633.0078075742 0.3930083130 11.3140434823 0.2387826195 1.8768315333 1.0868866033 0.7448115725 -0.9806551572 1.0699844860 0.2832602288 0.5589451082 -0.7842648842 -0.0208801607 -0.0000000000 -1.3393171356 -2.6061414679 0.0000000000 0.0000000000 
346380.0000000000 -1132915.7082406227 6092526.3357297806 1504632.5561201919 0.6703361353 11.0041300577 0.0000000000 1.8422429823 0.5467903239 0.7068662710 -0.7892901163 0.0000000000 -0.3708710479 0.3208278759 0.7037836655 -0.0243201820 -0.0000000000 -1.3169036591 -1.5611968659 0.0000000000 0.0000000000 
346410.0000000000 -1132914.6402423666 6092528.0222476348 1504632.4226659876 0.2942439058 11.3140434823 0.6935976428 2.0008719012 0.1568279280 0.6346104408 -0.1999056868 0.4241227791 -0.0700505212 -0.6163966250 -0.0944593467 -0.2099933801 -0.0000000000 -1.4022087873 -1.2341050013 0.0000000000 0.0000000000 
346440.0000000000 -1132915.7370054824 6092526.9907180090 1504632.0104976976 0.0670111129 11.3140434823 0.8290209826 2.1406845693 -0.3920151340 0.1903772978 0.1400952740 1.4951282587 -0.0953362418 -0.8946076952 -1.0376774074 -0.0570995871 -0.0000000000 -0.9744148801 -1.1330349900 0.0000000000 0.0000000000 
346470.0000000000 -1132913.9355060698 6092523.8827939508 1504631.9489850451 2.6998624488 11.1654816136 0.4614618792 1.6332667003 0.3560718030 1.3010159299 -0.6098235042 0.4618653179 0.0000000000 -0.8587628438 -0.0540997834 0.2053279814 -0.0000000000 -1.7627574768 -1.0461313642 0.0000000000 0.0000000000 
346500.0000000000 -1132915.5907641100 6092527.7438149890 1504632.7118080391 0.0121012860 11.3140434823 1.1865535579 2.0611023654 0.2610235008 -0.2158129593 0.1319204349 0.3340710590 -1.0886496302 -1.0208963463 -0.5425679526 0.2943107859 0.0000000000 -0.4926943903 -0.8719664942 0.0000000000 0.0000000000 
346530.0000000000 -1132914.6358766656 6092525.8058201605 1504632.3924704546 0.1059003114 11.3140434823 -0.3264388620 2.7054701175 0.4166015909 -0.0033293905 -0.1543741774 1.3475941187 -0.3475894336 -0.5577403978 -0.6577745562 0.4707653565 0.0000000000 -0.1505650876 -2.5274771770 0.0000000000 0.0000000000 
346560.0000000000 -1132915.4362460792 6092527.2999266014 1504632.4182125463 0.2449723540 11.3140434823 0.9023351755 3.2943298418 0.1198023920 0.3246649513 -0.5430459711 0.2990094726 -0.7957947695 -0.1255513207 0.7472934719 -0.0426910291 -0.0000000000 -2.1633689929 -1.8844174613 0.0000000000 0.0000000000 
346590.0000000000 -1132915.5589988595 6092525.6420153771 1504632.4347740826 0.0365854844 11.3140434823 -0.5138546352 3.2828282233 -0.6779481088 -0.5939684435 0.2415484266 0.6827997529 -1.0991165185 -0.0400684188 0.7958587759 -0.4598097055 -0.0000000000 0.2203307455 -1.6292484841 0.0000000000 0.0000000000 
346620.0000000000 -1132915.4744730324 6092526.3474251647 1504633.0697909563 0.0755404374 11.3140434823 -0.5233324272 4.0927297989 -1.3590371411 0.5274389667 -0.9304460962 3.0434548273 -0.7949805875 0.3590336515 -0.0170202518 0.0793519606 -0.0000000000 -1.7678101493 -2.1132197358 0.0000000000 0.0000000000 
346650.0000000000 -1132915.2604276987 6092525.3495560912 1504632.2191837418 0.0952143640 11.3140434823 1.3409768982 3.4819568029 0.6417296643 0.3325025376 -0.3536850413 0.6365012791 -0.8169374697 -0.5230059686 -0.6056292675 -0.6608326193 -0.0000000000 -1.2126957285 -2.1647906760 0.0000000000 0.0000000000 
346680.0000000000 -1132914.4310750924 6092526.1764660180 1504632.0990074510 1.2136952207 11.3140434823 1.6940648107 4.2002598380 -0.6901395969 -0.2005485524 0.2756360593 1.4174155808 -1.0412830960 -1.0838255426 -0.5963647637 -0.5772820798 0.0000000000 -1.5531964321 -1.5804272056 0.0000000000 0.0000000000 
346710.0000000000 -1132914.6241563503 6092526.7294360679 1504632.3633461327 0.8450563496 11.3140434823 0.7868660002 4.6286829857 0.3044948988 1.2544109269 -1.2766148562 1.1342456141 -1.3760460022 -0.4428255260 0.3056164517 -0.2319958077 -0.0000000000 -2.4081551021 -2.4171682179 0.0000000000 0.0000000000 
346740.0000000000 -1132916.4512196411 6092526.3897261312 1504632.5372022826 0.5713312177 11.3140434823 0.8708738814 4.5707516572 -0.1103857951 0.8219570539 -0.4582913053 2.3442967690 -0.6600728787 -1.1875987939 -1.2848074461 -0.4025543491 0.0000000000 -1.5444462407 -2.5687862930 0.0000000000 0.0000000000 
346770.0000000000 -1132914.3883755961 6092522.8296657559 1504631.5588419521 0.2935229440 11.1654816136 1.8784460364 3.8087262904 1.5033185328 1.4476578925 -1.4311555374 0.0000000000 -0.8842475230 -0.2197733669 -0.1253611535 -0.7831901532 0.0000000000 -2.7101052778 -2.4787753738 0.0000000000 0.0000000000 
346800.0000000000 -1132914.9244667604 6092525.7677218644 1504632.4297840237 0.3876985189 11.3140434823 0.6656403961 4.8537899014 -0.4665117483 0.9601169898 -0.3971490561 1.8238890165 -0.8946424377 -1.2757384751 -0.4300974511 -0.7791709772 0.0000000000 -1.5789981243 -2.1225788829 0.0000000000 0.0000000000 
346830.0000000000 -1132916.0674746202 6092527.1688341564 1504631.7094864759 0.2921769852 11.3140434823 1.1787213567 4.6814594445 -0.9530787083 -0.2716703343 0.7615146701 0.6573723912 -0.6173795404 -1.6130696351 0.6496512030 -0.5677865123 -0.0000000000 -1.8600733139 -1.8252423682 0.0000000000 0.0000000000 
346860.0000000000 -1132914.9227080836 6092525.2824804997 1504632.0198299300 0.4697159496 11.3140434823 0.8415384077 4.8627660768 -0.5571193912 0.8566812330 0.0794367417 0.7573825768 -0.7674764152 -1.7676562975 0.4493422769 -0.9890489585 -0.0000000000 -1.7655003704 -1.7817377883 0.0000000000 0.0000000000 
346890.0000000000 -1132915.7223553064 6092526.9816245669 1504631.7521694319 0.0001971292 11.3140434823 -0.1051262121 5.3395646770 -0.7223671785 0.9382567447 -0.5205281230 1.6891197971 -0.8946467877 -0.8938818619 0.4567254934 -1.0175332752 -0.0000000000 -1.4969151711 -2.3728558838 0.0000000000 0.0000000000 
346920.0000000000 -1132914.7360581381 6092524.4097195752 1504631.5707127338 1.0971928747 11.3140434823 1.2550990336 5.5682426221 -0.9354705029 0.4285919561 0.1949517999 2.0924287899 -1.3501147136 -1.9478609966 -0.8785801197 -1.0979560919 -0.0000000000 -1.1397262472 -1.7881734165 0.0000000000 0.0000000000 
346950.0000000000 -1132914.3152847339 6092525.1199230300 1504631.6802823751 0.3116795158 11.3140434823 1.0029913677 5.6912612021 -0.5116928408 0.5618642886 -0.3006040006 0.9327661584 -1.1108684262 -0.9164111355 0.6081230204 -1.4662695262 0.0000000000 -1.9310048886 -2.2928928173 0.0000000000 0.0000000000 
346980.0000000000 -1132915.0579690163 6092524.6986273834 1504631.7848814442 0.1668485864 11.3140434823 0.1030462929 6.0624697083 -1.0029987771 0.7361996933 -0.4610785182 2.7101254039 -0.9593003662 -1.0524361319 -0.3930078509 -1.1651584071 -0.0000000000 -1.3670536034 -2.6508939835 0.0000000000 0.0000000000 
347010.0000000000 -1132914.3927550560 6092523.4144903421 1504630.1972545998 0.2222786510 11.0041300577 0.0000000000 5.5521085563 -0.0829736164 0.7601575657 0.1414580136 0.0000000000 -0.6099590368 -1.8661867409 1.5409947249 -0.9349020711 -0.0000000000 -1.5611855118 -2.7996905494 0.0000000000 0.0000000000 
347040.0000000000 -1132914.9490630820 6092524.4876644481 1504632.0747006375 0.0339402025 11.3140434823 0.9038370534 6.8397126521 -0.6416511444 0.9026112577 -0.4935067537 1.2637307678 -1.6529091621 -1.7002451385 0.8421505037 -1.0278491295 0.0000000000 -2.3596362771 -2.5154958795 0.0000000000 0.0000000000 
347070.0000000000 -1132915.6344266504 6092524.5430691103 1504631.4951769249 0.2149431925 11.1654816136 1.6152851067 6.6879592560 -0.7251786083 0.9585165200 -0.7956591852 3.1977646543 -0.9935856642 -1.3843413701 -1.3624329320 -1.0269843139 0.0000000000 -2.7290512371 -2.8254367125 0.0000000000 0.0000000000 
347100.0000000000 -1132914.6119355576 6092523.7852381133 1504631.4273171276 0.2920477439 11.1654816136 0.8535513631 6.6451575475 -0.8241897120 -0.1293345226 0.2837711685 1.5498078026 -0.9641249579 -1.4641670277 0.4135657549 -1.1963776774 0.0000000000 -1.7431019398 -3.0294906383 0.0000000000 0.0000000000 
347130.0000000000 -1132914.8508928723 6092522.3956691595 1504631.7657092356 0.4090623337 11.1654816136 1.3989132991 6.9383660137 -0.2383694165 0.4949288742 -0.3097554541 1.9063963095 -1.7238915630 -1.8056946517 -0.6592168699 -1.4150408347 0.0000000000 -1.3667283057 -2.8216118818 0.0000000000 0.0000000000 
347160.0000000000 -1132916.2788392238 6092524.9851528844 1504631.4529094386 0.2444112064 11.1654816136 0.8467511613 7.1491448799 -0.6616981081 0.4754439285 -0.5165884380 2.7220083381 -1.5209528313 -1.4990636612 -0.6365652772 -1.0931017375 0.0000000000 -1.6356346097 -3.0568432844 0.0000000000 0.0000000000 
347190.0000000000 -1132914.7258047485 6092523.2623487124 1504632.0699319178 0.5039676842 11.1654816136 0.5480786062 7.7669047210 -1.4177550646 0.7884254928 -0.6315161092 1.3949148310 -1.5079352900 -1.2207671595 1.8299654573 -1.5686275989 0.0000000000 -2.9909540266 -2.5290987058 0.0000000000 0.0000000000 
347220.0000000000 -1132914.7223088408 6092522.2989470158 1504631.4066366912 0.5959959834 11.1654816136 1.9432459873 7.7324133566 -1.0612416068 -0.4850094478 0.1443209299 1.6166338767 -1.5273504705 -1.2252421930 0.4151941018 -1.7047163648 0.0000000000 -2.4636364979 -2.9603310365 0.0000000000 0.0000000000 
347250.0000000000 -1132914.5127174188 6092524.6358530223 1504631.8740515439 0.8367017911 11.1654816136 0.8959976337 8.4461851024 -0.9560834374 0.1470371913 -0.1107331356 1.8338199185 -1.7139827719 -1.6789221906 0.5972750216 -2.0184615060 0.0000000000 -1.6898531995 -3.2735842987 0.0000000000 0.0000000000 
347280.0000000000 -1132915.1770845342 6092523.0855557704 1504631.6107214272 0.4233801261 11.1654816136 1.1054312736 8.0741283496 -1.8171663641 -1.0991214500 0.2882971187 2.5330012496 -1.8216175786 -0.8968619444 0.5489214696 -1.4348231021 0.0000000000 -1.8815071973 -2.9711662886 0.0000000000 0.0000000000 
347310.0000000000 -1132914.6188948287 6092524.8627393357 1504631.5820674207 0.2881447043 11.1654816136 1.6698513081 8.3084792020 -1.6392628396 -0.6098140562 0.1998970993 1.8050003731 -1.9328612104 -1.5862093321 1.0873942051 -1.1828498125 0.0000000000 -2.8775284779 -2.7268273379 0.0000000000 0.0000000000 
347340.0000000000 -1132915.3268802825 6092523.3667023629 1504630.9041869615 0.3875866641 11.1654816136 1.5717462455 8.6584052970 -1.1232992973 0.1284301064 -0.8374731015 3.1389172601 -1.6432907280 -1.0703693700 -0.2764510174 -1.3708592762 0.0000000000 -3.0303954412 -3.4293981498 0.0000000000 0.0000000000 
347370.0000000000 -1132915.9671417631 6092523.9326834520 1504631.4290305388 0.2662566319 10.8275661707 0.7664482337 8.7720044304 -1.7951950034 0.0000000000 0.0000000000 2.6919568744 -1.7482867360 -2.1746392791 0.7132084741 -1.1067868482 0.0000000000 -2.4978587101 -2.9367444874 0.0000000000 0.0000000000 
347400.0000000000 -1132914.5716101399 6092522.8710307535 1504631.1377115236 0.1983559221 11.1654816136 0.5405865718 9.4631795256 -1.9362209657 -0.4414081680 -0.0769883076 2.1335337580 -2.0017311302 -1.6466362020 2.0875497721 -0.9792170627 0.0000000000 -3.1146023755 -3.3789307699 0.0000000000 0.0000000000 
347430.0000000000 -1132914.2798115625 6092522.5663767923 1504629.9472807653 0.9446950481 11.1654816136 -0.2140065691 9.5144753286 -2.2439661396 0.0706931898 -0.0577292132 2.9468194433 -1.5624729286 -1.8400019201 1.1845163038 -2.1353348465 0.0000000000 -1.7872912983 -3.1099921787 0.0000000000 0.0000000000 
347460.0000000000 -1132913.1618447725 6092523.2817998016 1504631.1356840276 0.9894738848 11.1654816136 1.0339171012 9.6107438969 -1.4722156730 -0.2381132600 -0.5079256613 2.0665627579 -2.6845931011 -1.3977970089 1.1999533995 -2.1836327408 0.0000000000 -1.9498120992 -2.8989450228 0.0000000000 0.0000000000 
347490.0000000000 -1132914.8260386058 6092523.0634598956 1504632.1849100664 0.2847503122 11.1654816136 0.2466016697 9.8968122356 -0.5930978659 1.0823866781 -1.7477147383 2.4422870941 -2.2971295081 -1.5609311521 1.3342914503 -1.1704700564 0.0000000000 -3.0835250366 -3.8808549435 0.0000000000 0.0000000000 
347520.0000000000 -1132914.0312472100 6092520.3325445019 1504630.8157742277 0.5076841593 11.1654816136 -0.7115227519 9.4624077223 -0.8131798901 1.7619296258 -2.3234461301 2.8417905231 -2.3309731047 -1.2816747206 1.2533400977 -1.5615957247 0.0000000000 -2.3533960755 -3.2001705348 0.0000000000 0.0000000000 
347550.0000000000 -1132913.8416974996 6092522.6861106604 1504631.2746536979 0.7549733793 11.1654816136 1.1176958561 10.6182381441 -2.1229659357 -0.2401349063 -0.6592712795 2.6923797608 -2.2282057592 -1.4038263039 1.6463640016 -1.9027210078 0.0000000000 -3.5002518380 -3.2606925809 0.0000000000 0.0000000000 
347580.0000000000 -1132913.7313291258 6092522.3476287806 1504630.6593626491 1.2563642207 11.1654816136 1.2487539425 10.7409451495 -0.8196403630 1.3200919613 -1.9069187593 2.0761906646 -2.5351882765 -1.7444082783 1.2454742297 -2.4524370578 0.0000000000 -3.3599877266 -3.2142746267 0.0000000000 0.0000000000 
347610.0000000000 -1132912.8716958049 6092520.4974627290 1504630.8215992071 1.0805705878 11.1654816136 0.3984250220 11.0411538931 -1.3086766463 1.0809453468 -1.7056516334 1.6674403157 -2.7865003847 -1.7655872720 2.6076403488 -2.2724338421 0.0000000000 -3.2825096080 -3.0925328366 0.0000000000 0.0000000000 
347640.0000000000 -1132914.2599609557 6092522.7178041460 1504630.7220694185 0.9600118233 11.1654816136 0.8592953458 11.3415742207 -1.9728406387 -0.3350879055 -0.3069965164 2.2365428481 -3.0343334476 -2.4075899696 1.9491374560 -2.1400364498 0.0000000000 -2.4054860782 -3.1108360515 0.0000000000 0.0000000000 
347670.0000000000 -1132914.3383714501 6092523.4549627583 1504631.0520622921 0.9651066598 11.1654816136 2.0943295903 11.5837130918 -2.1947178886 -0.6517734840 -0.2811716396 2.8019333985 -2.6848353348 -2.1870197371 1.1260412843 -2.1437903866 0.0000000000 -3.5145621008 -3.1804389219 0.0000000000 0.0000000000 
347700.0000000000 -1132914.0677168914 6092523.1945025716 1504630.8888213148 0.9989215064 11.1654816136 0.3810546569 11.0215490008 -1.7899423973 0.0789776076 -1.0420933843 2.9262987322 -2.9240506396 -1.8994374844 1.3527286403 -2.1790436479 0.0000000000 -2.1130660178 -3.0238662335 0.0000000000 0.0000000000 
347730.0000000000 -1132912.5806817547 6092521.0070467535 1504630.9506386630 1.0648584056 11.1654816136 0.3003756401 12.1214339954 -1.5202500469 0.6342079383 -2.1543757424 2.0760695765 -3.8825379761 -1.5071913668 2.8905121388 -2.2477371505 0.0000000000 -3.0462760416 -2.9758018262 0.0000000000 0.0000000000 
347760.0000000000 -1132914.2633715963 6092522.7290925337 1504631.2479748733 0.3855072502 11.1654816136 0.4827732910 12.4039474120 -1.9597340673 -0.1033560460 -1.3848453392 2.5954209575 -3.4965257697 -1.9551418209 2.8788311169 -1.3511681191 0.0000000000 -3.7699801961 -3.5303530420 0.0000000000 0.0000000000 
347790.0000000000 -1132913.3506410185 6092520.2300472315 1504630.4347723494 1.9595700217 11.1654816136 1.8494473354 12.3315765226 -0.3774958032 0.2296007981 -1.2882926139 0.9230313271 -2.7144812420 -2.1700621482 2.2167230563 -3.0434127229 0.0000000000 -3.3014858765 -4.2534220113 0.0000000000 0.0000000000 
347820.0000000000 -1132913.3826575577 6092519.6271528266 1504630.5188267424 1.4603502452 11.1654816136 2.0266996298 12.8716942305 -1.5833992811 -0.3693055103 -0.6911523193 2.5455185029 -2.6119175479 -2.5685230332 1.3728396939 -2.6247652077 0.0000000000 -3.6300444164 -4.0057434335 0.0000000000 0.0000000000 
347850.0000000000 -1132914.8188994296 6092521.9503969951 1504631.0785472041 0.5055630290 11.1654816136 -0.2099383211 12.4456134052 -1.7795839936 0.1530048338 -0.6070566850 3.6717035396 -2.6679902385 -3.5321633398 1.2473546778 -1.5428563291 0.0000000000 -2.2160513902 -3.9995096463 0.0000000000 0.0000000000 
347880.0000000000 -1132913.5579450626 6092519.0662440108 1504630.3598390492 1.2803397314 11.1654816136 0.9828995770 12.7769146747 -0.8206289217 -0.3193000168 -0.9318829551 1.3915587525 -3.2410874901 -2.5720404771 2.6920807744 -2.4528450218 0.0000000000 -2.6928066696 -4.2906617692 0.0000000000 0.0000000000 
347910.0000000000 -1132914.6762798761 6092521.2055769395 1504630.9288050211 0.7045679161 11.1654816136 0.2445886948 14.0605889778 -1.3117931995 0.1306471447 -0.9210480737 3.2284739564 -2.6368922009 -3.6391391580 1.9240542426 -1.8177467533 0.0000000000 -3.2414745882 -5.1113537032 0.0000000000 0.0000000000 
347940.0000000000 -1132914.6139774180 6092522.2722832598 1504630.1521597097 0.8415619020 11.1654816136 0.6409039558 13.4898665740 -1.5189532671 0.2191344931 -0.7039817155 3.6197604913 -3.2638122010 -4.2834427037 0.7552477269 -1.9846026648 0.0000000000 -2.1400091848 -3.8885825699 0.0000000000 0.0000000000 
347970.0000000000 -1132913.8098793905 6092522.0552386194 1504629.5425647579 1.8929498798 11.1654816136 -0.6604598781 14.2670366049 -2.7655910918 -0.0105047826 -0.4926923320 3.3463734564 -1.8200434164 -3.2970905931 2.9509921588 -2.9733969264 0.0000000000 -3.1843867061 -4.3792943943 0.0000000000 0.0000000000 
348000.0000000000 -1132916.1716015071 6092530.7767232955 1504632.5700073363 0.0534458188 11.1654816136 0.9606053681 0.4475439696 -0.1697423625 1.0007992994 -0.1936571262 0.3424074910 0.5420729669 -1.1844489789 -0.6304895792 0.4991032147 0.0000000000 -1.7963240730 0.2605282981 0.0000000000 0.0000000000 
348030.0000000000 -1132915.3689629054 6092531.3714715941 1504632.6469228994 0.1578910245 11.1654816136 -0.1360002768 0.4841088311 -0.1550110928 0.9713845946 0.0697268249 -0.9787401538 0.6464915340 -1.2284962474 1.6322664847 0.8569444224 0.0000000000 -2.1275728619 -0.1604720592 0.0000000000 0.0000000000 
348060.0000000000 -1132915.0934097681 6092529.6603251668 1504633.0969987775 0.2645888607 11.1654816136 0.1871689811 0.1487046086 0.0192186522 1.6415281179 -0.5837057381 -0.5239510461 0.4929232981 -1.3237422273 0.7516558001 1.1081466482 0.0000000000 -2.3571323095 0.3854093374 0.0000000000 0.0000000000 
348090.0000000000 -1132915.7789042634 6092531.4742668224 1504633.5940687547 0.1421236500 11.1654816136 -0.5672686903 0.4093687808 -0.7410689461 0.6346482320 -1.0593650106 0.4762319300 0.3595950408 0.7747240484 1.1929111842 0.8112896950 0.0000000000 -2.2546373333 0.1412974842 0.0000000000 0.0000000000 
348120.0000000000 -1132915.2447465539 6092530.3708017385 1504633.7811435461 0.2191871091 11.1654816136 0.0945588891 0.6580304105 -0.0542345275 0.9003474555 -0.8127891686 1.3368996122 0.1123266607 -0.5853829719 -0.9077517445 1.0064191276 0.0000000000 -1.3227193565 -0.1386927823 0.0000000000 0.0000000000 
348150.0000000000 -1132916.6912161955 6092530.4190897271 1504633.0107350182 0.3330691924 11.1654816136 0.0366525977 0.7741686263 0.2554202894 0.1290494272 -0.3672863741 -0.0104550183 0.0176424632 -0.1436045659 0.8073422332 1.2392557511 0.0000000000 -1.7503163399 -0.9417624110 0.0000000000 0.0000000000 
348180.0000000000 -1132913.9151189516 6092528.7499912065 1504632.0335175535 0.1111553465 11.1654816136 1.6420377611 0.1452085259 0.7245586032 0.3132759150 -0.4958484417 -2.1977665652 -0.0368512009 0.3804267842 1.0941260296 -0.7151174816 0.0000000000 -1.4454912242 0.1572649420 0.0000000000 0.0000000000 
348210.0000000000 -1132915.3953833478 6092529.7345485818 1504633.2540952361 0.0029849038 11.1654816136 0.7263490558 0.5335821724 -0.1779234931 -0.6396318472 0.3976970820 -0.7830454267 -0.5007313229 0.0160657528 0.9557177836 0.1170550242 0.0000000000 -0.7266934325 -0.0505559460 0.0000000000 0.0000000000 
348240.0000000000 -1132916.5357448801 6092530.2493993612 1504633.5679521139 0.6923858854 11.1654816136 0.9455387671 0.5671504121 -1.1067464067 -1.0983964890 0.6277231737 1.7859367750 0.4347513200 0.1951232893 -0.6253769689 1.7807716584 0.0000000000 -2.4398264934 -0.6652568245 0.0000000000 0.0000000000 
348270.0000000000 -1132916.4267346854 6092529.2300637327 1504632.9664732942 0.1863069946 11.1654816136 -0.4879528197 -0.0926633882 -0.0969906434 -0.0463634625 -0.2813211260 0.7185942604 0.7511169236 0.6214129026 0.1595940959 0.9226847912 0.0000000000 -1.1772860988 -0.8201438563 0.0000000000 0.0000000000 
348300.0000000000 -1132916.6772756893 6092531.0957479756 1504633.7799681509 0.3151396045 11.0041300577 -0.3314456354 1.0908779482 -1.6050956547 -0.2439682256 0.0000000000 2.5573622080 0.9176656034 0.1828095182 -0.5120949805 1.1975793578 0.0000000000 -2.2174035200 -0.4526328506 0.0000000000 0.0000000000 
348330.0000000000 -1132915.2369165309 6092528.7097458504 1504633.5042274985 0.0750927212 11.1654816136 -0.8658111960 0.5283228048 0.2315319542 0.9587481321 -1.4532590101 0.6998217593 0.8161182571 0.7327566676 0.3659355914 0.5844323005 0.0000000000 -1.5831741137 -0.8290028289 0.0000000000 0.0000000000 
348360.0000000000 -1132915.8901355544 6092531.2345775394 1504633.2965565443 0.0188226931 11.1654816136 -0.2226846346 0.8163359009 -0.3563670575 0.1699480451 -0.1182399115 0.7313942985 0.9086800462 -0.0312770594 0.0997366802 0.2922603904 0.0000000000 -1.3170370876 -0.7901300513 0.0000000000 0.0000000000 
348390.0000000000 -1132915.4026719788 6092528.8866220666 1504633.0447199179 0.1501460594 11.1654816136 0.8207685929 -0.0299895563 -0.1647804700 -0.5363973006 -0.1618928689 0.6473804945 -0.0538815003 0.6946841491 -0.4907968613 0.8244700849 0.0000000000 -1.1951444704 -0.2153311581 0.0000000000 0.0000000000 
348420.0000000000 -1132916.7388850127 6092530.7356470134 1504632.3957434346 0.2299674221 11.1654816136 0.1931870705 0.3293430613 -0.3027143608 0.5249225963 -0.4319814402 1.2239986848 0.9531187445 -0.1311398808 -0.7214884449 1.0191467963 0.0000000000 -1.9159251683 -0.4626143375 0.0000000000 0.0000000000 
348450.0000000000 -1132916.1683351400 6092531.3287336910 1504633.9275089467 0.2492201926 11.1654816136 -0.0268816340 0.5492513123 -1.6594574261 -0.5144883087 0.4048524233 1.3887579580 0.6353739816 0.3008208940 0.3806294808 1.0596850335 0.0000000000 -2.2230664297 0.0519855415 0.0000000000 0.0000000000 
348480.0000000000 -1132915.1469530445 6092530.9487791564 1504632.8415987117 0.0293778266 11.1654816136 1.4849448809 0.1989290302 -0.5021903137 0.3365771177 0.5031859628 -0.4819482886 0.8117907820 -0.8794279543 0.0085837632 0.3633941436 0.0000000000 -2.2064968815 0.2913152544 0.0000000000 0.0000000000 
348510.0000000000 -1132915.1603215029 6092528.5814021081 1504633.1066007712 0.0205562851 11.1654816136 0.3975207020 0.2797498502 0.1914602976 0.2232757424 -0.8051603162 -0.0321124358 0.1696378315 0.6478423366 0.1823114975 0.3036072928 0.0000000000 -1.2821600337 -0.2612846596 0.0000000000 0.0000000000 
348540.0000000000 -1132915.6088097161 6092529.1217050198 1504632.1730858788 0.1212974741 11.1654816136 0.3927075087 0.4420964537 0.6644119723 0.3346480280 -0.8609156271 0.6859422523 0.6131171540 0.3692007237 -0.7552610127 0.7366132465 0.0000000000 -1.3541245015 -1.1207392134 0.0000000000 0.0000000000 
348570.0000000000 -1132915.8267333058 6092528.6495601200 1504632.8400189779 0.0978295991 11.1654816136 -0.3223278864 0.6224920114 0.1893449556 0.2002426320 -0.1981668360 0.1670715767 0.1304115855 -0.2931503212 0.4314538004 0.6607210437 0.0000000000 -0.8027082060 -0.7259254679 0.0000000000 0.0000000000 
348600.0000000000 -1132915.2527927719 6092530.6069221729 1504632.9378871147 0.1873066543 11.1654816136 0.8012360559 0.0795972355 0.6357827957 0.4274772061 0.0879652052 -1.1102564956 0.3783710081 -0.7234999332 0.6789797629 0.9131193508 0.0000000000 -1.7223448412 -0.6523317966 0.0000000000 0.0000000000 
348630.0000000000 -1132916.7670894491 6092530.1327997856 1504633.8856412135 0.5368163288 11.1654816136 -0.0769693386 0.6518212228 -1.1820628096 -1.0014148926 0.4725538190 1.5983591364 -0.2493333359 0.3332889542 0.1569251512 1.5439323156 0.0000000000 -1.5468034957 -0.3285549595 0.0000000000 0.0000000000 
348660.0000000000 -1132915.7370614449 6092529.6901012585 1504633.4194564959 0.1512310679 11.1654816136 -0.0964770804 -0.0748707301 -0.2154495409 -0.3307367844 0.6168688225 0.2808795372 0.9598540738 0.0095188948 0.3009831246 0.8184626819 0.0000000000 -1.2252093894 -0.9715158956 0.0000000000 0.0000000000 
348690.0000000000 -1132916.3715811253 6092531.9103685729 1504634.5529516954 0.1540644433 11.1654816136 0.3500069890 0.8618166773 -0.7630854715 0.2073069564 -0.0047213107 0.8494176091 0.6493005350 -0.3983521104 -0.0559530602 0.8250695106 0.0000000000 -2.0863299860 -0.2120315203 0.0000000000 0.0000000000 
348720.0000000000 -1132916.6939751436 6092530.8598683113 1504634.6090579021 0.2932661117 11.1654816136 0.4477513372 1.1288992230 -1.6706923008 0.5763408052 -0.9345346163 1.6492881584 0.5778031630 0.2648207456 -0.1134982127 1.1369177244 0.0000000000 -3.4040117924 0.7693537265 0.0000000000 0.0000000000 
348750.0000000000 -1132915.8507314879 6092529.9024429852 1504633.4407055799 0.0601171860 11.1654816136 -0.0368952099 0.4027752393 -0.1598077744 0.5488495313 -0.6864057395 0.9042243871 1.1616357785 0.2869005311 -0.4687209694 0.5141086764 0.0000000000 -1.6662711045 -0.5855459898 0.0000000000 0.0000000000 
348780.0000000000 -1132915.6166181304 6092529.9650844857 1504633.2745035284 0.0709872893 11.1654816136 1.6188100066 0.6120827535 0.0448613607 0.1421573625 -0.4222542101 0.3842743655 -0.0874618343 -0.2396748109 -1.0783415961 0.5579613180 0.0000000000 -1.5347739703 0.0997587842 0.0000000000 0.0000000000 
348810.0000000000 -1132916.1616378278 6092532.1759634390 1504633.7772457399 0.1908152238 11.1654816136 0.1003248115 0.2036509181 -0.1594051929 0.8520181838 -0.9822416002 1.0532463853 0.6349483517 0.0436231682 -0.8181317704 0.9136347487 0.0000000000 -1.6294949663 0.0385374910 0.0000000000 0.0000000000 
348840.0000000000 -1132915.9779293267 6092532.0794782126 1504633.2591142219 0.1369608829 11.1654816136 -0.3433772268 0.1655674790 -0.3998714677 0.5784419367 -0.5511416830 1.0341258164 0.8376182834 0.0940813171 -0.3804945992 0.7730675597 0.0000000000 -1.4034802773 -0.1599691473 0.0000000000 0.0000000000 
348870.0000000000 -1132914.4333682358 6092529.5552324066 1504632.9859343166 0.1167142572 11.1654816136 1.5708080087 0.1277226428 0.5374742028 0.7152372821 -0.7285837492 -0.9245394792 0.8291326473 0.0194635359 0.0456429252 0.7127468882 0.0000000000 -2.6762237889 -0.3815582754 0.0000000000 0.0000000000 
348900.0000000000 -1132915.2751591641 6092529.6599181136 1504632.6978643476 0.1883101103 11.1654816136 0.0946828086 0.2841049524 -0.3736953558 1.2109457115 -0.7577629263 0.9065452711 0.7547313623 -0.6592867440 -0.7804826355 0.9041931539 0.0000000000 -1.7297622901 0.3785568706 0.0000000000 0.0000000000 
348930.0000000000 -1132916.6068851973 6092532.7104472881 1504633.4656833638 0.3050722082 11.1654816136 -0.9969136998 0.5603985218 0.1426906921 0.5594575868 -0.6480327475 1.0178933248 0.4330311757 -0.1752269647 0.0616866226 1.1494153346 0.0000000000 -1.0093137582 -0.8554603556 0.0000000000 0.0000000000 
348960.0000000000 -1132915.7301508219 6092530.2198663494 1504632.8314421533 0.1196527034 11.1654816136 -0.7035629860 0.4499787805 -0.2712242214 0.4993037866 -0.6069513236 1.4898688747 1.0328346103 0.1380680925 -0.6435433813 0.7189329045 0.0000000000 -1.1299468046 -0.6419648792 0.0000000000 0.0000000000 
348990.0000000000 -1132916.2701132607 6092529.6007094206 1504633.2058199628 0.2747626654 11.1654816136 -0.0987191620 0.1299122769 -0.2244495674 0.1473284896 0.2690062938 1.7432262894 -0.0962314491 -0.9306924780 -1.6481892101 1.0880730359 0.0000000000 0.0237527386 -0.0427506111 0.0000000000 0.0000000000 
349020.0000000000 -1132916.2049156337 6092531.4936362850 1504633.5269673814 0.2849935985 11.1654816136 -0.7546130496 0.2867823892 -0.4787643894 0.3890680665 -0.4768575708 2.0560729322 0.3941621381 -0.1084504437 -1.1568204597 1.1067449754 0.0000000000 -0.6710364892 -0.1426635723 0.0000000000 0.0000000000 
349050.0000000000 -1132916.6521629898 6092529.4206004441 1504633.8475035776 0.1957412888 11.1654816136 0.4835771796 0.0395935578 -0.2361777449 -0.1256652402 -0.8157570239 1.5127546925 -0.0094276222 0.8637547505 -1.3814327839 0.9160586056 0.0000000000 -0.9988399560 0.0752324377 0.0000000000 0.0000000000 
349080.0000000000 -1132916.5760501947 6092529.8826643154 1504633.9249778017 0.4051551292 11.1654816136 -1.2018064090 0.2753505259 -0.8818144351 -0.6643949093 0.1044819782 1.8282319963 0.3227323142 0.8731672628 0.3067437138 1.3162690687 0.0000000000 -1.1197377516 -0.7694432993 0.0000000000 0.0000000000 
349110.0000000000 -1132914.8867930172 6092528.9457762670 1504633.6361800276 0.0787675295 11.1654816136 -0.4499724885 0.0040691894 -0.2385105942 0.1799181234 -0.5131136160 0.0429959018 0.3762197354 0.6531441574 0.8261082126 0.5796418249 0.0000000000 -1.2493499372 -0.1766246906 0.0000000000 0.0000000000 
349140.0000000000 -1132914.6035044556 6092528.1163973808 1504633.3830973797 0.1590476985 11.1654816136 0.6464809275 0.2864119741 0.1876917745 -0.2305032603 -0.1381495637 0.3625087055 0.0338722549 0.1663289050 -0.3950682074 0.8226345869 0.0000000000 -1.0833740332 -0.5722091863 0.0000000000 0.0000000000 
349170.0000000000 -1132914.9511804692 6092529.9401722038 1504632.6716743126 0.1476643615 11.1654816136 -0.2170146921 0.2685720122 -0.2414871674 0.5427466951 -0.6306866942 0.5205774162 0.9487215465 0.2552621141 0.0857103823 0.7916551554 0.0000000000 -1.7971577810 -0.3818763847 0.0000000000 0.0000000000 
349200.0000000000 -1132915.1518631026 6092529.3052878669 1504633.1278509232 0.0352538178 11.1654816136 1.8047593536 0.1625061352 0.3423794076 -0.6000371054 -0.1699957263 -0.0650660285 -0.1294465741 0.5918735548 -0.9088877769 0.3863349039 0.0000000000 -1.0666104574 -0.3572287732 0.0000000000 0.0000000000 
349230.0000000000 -1132915.9347022660 6092531.0109513141 1504632.8239671099 0.0379100090 11.1654816136 2.1744890726 0.2400872636 0.0015791790 -0.6277530040 -0.2326029730 -0.4945599085 -0.2382390162 0.7703911522 -0.3772623095 0.4001248867 0.0000000000 -1.7527192446 0.0576083486 0.0000000000 0.0000000000 
349260.0000000000 -1132915.8013270365 6092531.1961915232 1504632.4131696194 0.1347697634 11.1654816136 1.1441518716 0.3049874744 0.5237242129 1.1429345350 -0.6807108517 -0.3820409838 0.4890092607 -0.9922718809 -0.7961167350 0.7534846491 0.0000000000 -1.5792814968 0.0477513584 0.0000000000 0.0000000000 
349290.0000000000 -1132916.6850412271 6092532.0859556478 1504634.0442059995 0.5876459314 11.1654816136 -0.3046359690 0.5523723309 -0.3059583746 -0.2555564457 -0.2346314611 1.3996336295 0.4846022050 0.4670208618 -0.1266582045 1.5714400873 0.0000000000 -1.9094191569 -1.0284450089 0.0000000000 0.0000000000 
349320.0000000000 -1132915.8205253577 6092530.1094889734 1504634.0150892977 0.2197421349 11.1654816136 1.3295196665 0.3802997969 -0.3482821169 -0.1340482161 -0.3824033179 -0.7211699031 0.2911443759 0.6813865928 0.9020313512 0.9597604119 0.0000000000 -2.9449180388 -0.1058719337 0.0000000000 0.0000000000 
349350.0000000000 -1132916.4432227490 6092531.7213120265 1504633.5002124894 0.4624505313 11.1654816136 -0.1436546220 0.1428670939 0.1808614399 0.2044157086 -0.0888926107 0.7555400597 0.3344536640 -0.2625739617 -0.3317467555 1.3906178659 0.0000000000 -1.2197718024 -0.7875493805 0.0000000000 0.0000000000 
349380.0000000000 -1132916.5071721037 6092532.9525704989 1504633.7234521518 0.2054666519 11.1654816136 -0.5156171395 0.8292356077 -1.3897973506 -0.6617490901 0.1821733114 1.8106395783 0.6723202688 0.7671421701 0.1469894947 0.9257994498 0.0000000000 -1.9261802085 -0.4548718916 0.0000000000 0.0000000000 
349410.0000000000 -1132916.1459009070 6092530.9366693217 1504633.7209091252 0.1120309095 11.1654816136 -0.5758565383 0.6506092387 -0.9884662002 -0.6188074584 -0.0885592887 1.3248744706 0.2652793584 0.9232976391 0.4022047224 0.6827935194 0.0000000000 -1.3571417423 -0.3443304856 0.0000000000 0.0000000000 
349440.0000000000 -1132915.9832072312 6092530.3621519767 1504634.3065598139 0.0597197606 11.1654816136 0.2111558242 0.5505336896 -0.9485893276 -1.1305954045 0.2056640508 1.2220032220 -0.4075288186 0.9825337682 -0.0701468347 0.4979185654 0.0000000000 -0.8469925332 -0.0260510514 0.0000000000 0.0000000000 
349470.0000000000 -1132916.4587235781 6092529.9441286102 1504633.6183940014 0.2850557421 11.1654816136 -0.9388780426 0.5559934320 -0.5519289235 -0.5074466170 0.5419576315 0.2599186545 0.2679046714 0.2762071793 1.8315821137 1.0865438373 0.0000000000 -1.6995093139 -1.0655485343 0.0000000000 0.0000000000 
349500.0000000000 -1132916.1806254433 6092529.9282079218 1504633.0884133975 0.4279680193 11.1654816136 -0.2496638518 0.1960496338 0.3291641362 -0.5031108045 -0.5324239207 0.4971049608 -0.5345301577 0.9262914639 0.5178222299 1.3297644302 0.0000000000 -1.0411109754 -0.8381365587 0.0000000000 0.0000000000 
349530.0000000000 -1132916.7630381987 6092531.4051331226 1504633.7116317721 0.3953258046 11.1654816136 -0.1864682975 0.7019866669 -0.7362517376 -1.1590548850 0.7267895817 1.6681404595 -0.1724924058 0.4117320504 -0.0616963604 1.2765486032 0.0000000000 -1.2112551491 -0.9370424077 0.0000000000 0.0000000000 
349560.0000000000 -1132916.6753400448 6092532.1702819923 1504633.9263174755 0.3199186304 11.0041300577 -2.5962585644 0.9986737337 -1.3534888965 -0.1506277396 0.1902351902 2.3580985912 0.1980165871 0.0000000000 1.0116901444 1.1390306011 0.0000000000 -0.8572997433 -0.4739767790 0.0000000000 0.0000000000 
349590.0000000000 -1132916.7310520012 6092531.5891226856 1504632.7550108484 0.3310650870 11.1654816136 -0.2790479438 0.6518667579 -0.4782934432 0.2616148789 -0.2802920617 1.6143660604 0.5775438636 -0.2436375326 -0.9088281687 1.1654975629 0.0000000000 -1.3723803032 -0.3525026657 0.0000000000 0.0000000000 
349620.0000000000 -1132916.9068623120 6092531.6143058110 1504633.2766081865 0.2004921137 11.1654816136 -0.4451569237 0.3584408870 0.3878002001 -0.2229834022 -0.8034204821 0.2193317702 -0.1611120413 0.9267008898 0.7679522635 0.9059565956 0.0000000000 -1.0356940059 -0.8562303294 0.0000000000 0.0000000000 
349650.0000000000 -1132916.5237205396 6092529.9811799601 1504632.3903880359 0.3791223277 11.1654816136 -0.8422752648 -0.7900270641 0.5568153319 1.2733154233 -0.1649618418 -1.7861899375 0.9024839366 -0.4073032023 2.3555091764 1.2443957117 0.0000000000 -1.9691146060 -0.6801986282 0.0000000000 0.0000000000 
349680.0000000000 -1132915.5487138394 6092529.8892514473 1504632.0494343515 0.1575915934 11.1654816136 0.8489858343 -0.0618999285 0.2684070044 1.8276362127 -1.2030592966 -1.1931663957 1.0442346799 -0.7728416339 -0.0397283842 0.8014043365 0.0000000000 -2.2338877648 0.5936955208 0.0000000000 0.0000000000 
349710.0000000000 -1132918.2793309242 6092533.1113942629 1504634.0145644685 0.7125052189 11.1654816136 -1.6379709044 0.3777542395 -1.1296417554 0.1118526821 0.3126111568 1.9709984473 0.5934434405 -0.0896856354 0.4090934941 1.7021588444 0.0000000000 -1.7450290837 -0.4764006796 0.0000000000 0.0000000000 
349740.0000000000 -1132917.3001250131 6092532.1224299269 1504633.3237277530 0.4435370373 11.1654816136 -2.0262990166 0.3310203113 -0.5028593366 -0.0777906999 -0.6074344002 3.0497151049 0.7809274291 0.8410470774 -0.9723329342 1.3415218486 0.0000000000 -0.6130725520 -0.9725655116 0.0000000000 0.0000000000 
349770.0000000000 -1132916.4403831104 6092532.1737225540 1504633.2536790322 0.2243506133 10.8275661707 -0.7241513828 0.0307825725 -0.3252040661 0.0000000000 0.2325235836 0.7586846586 0.2584025006 0.0000000000 0.3068722318 0.9457792227 0.0000000000 -0.8730178074 -0.4627508655 0.0000000000 0.0000000000 
349800.0000000000 -1132916.5969217280 6092531.4082437633 1504633.1517961649 0.1502274052 11.0041300577 0.0000000000 -0.0663910908 -0.2062128167 -0.2234499941 0.3253113688 -0.1121990544 0.4436588830 0.3654816571 0.7831110497 0.7755537195 0.0000000000 -1.4451122814 -0.6579368163 0.0000000000 0.0000000000 
349830.0000000000 -1132916.2403085181 6092530.1191873010 1504633.6125348906 0.3410009279 11.1654816136 -0.0644370791 0.5918846545 -0.5031879608 -0.6089346114 -0.4219482389 0.8258323668 -0.6989842408 0.8483710037 0.5108780521 1.1725491472 0.0000000000 -1.4350455906 -0.0560781283 0.0000000000 0.0000000000 
349860.0000000000 -1132917.2674801401 6092531.8232282558 1504633.4132033696 0.3944506439 11.1654816136 -1.3030066168 0.8042748503 -0.0120270232 0.4668262852 -0.1958381274 0.6236127121 0.0603133813 -0.6375285121 1.0280736493 1.2598059311 0.0000000000 -1.2039047713 -0.7549627911 0.0000000000 0.0000000000 
349890.0000000000 -1132916.0453845998 6092530.6843378348 1504633.4105820903 0.2550897631 11.1654816136 0.5295503372 0.5523361576 -0.6090131012 -0.2498559292 0.7211063609 -0.0280193028 -0.2663550708 -0.5502625021 0.6754832576 1.0120807551 0.0000000000 -1.6784293355 -0.0823517461 0.0000000000 0.0000000000 
349920.0000000000 -1132915.1628974520 6092530.1085112272 1504632.7071720974 0.0907545858 11.1654816136 0.3752568950 0.2841435294 -0.7825981831 0.3910842174 -0.3647571899 -0.1540149591 0.6464665044 0.2096596708 0.4341718343 0.6030728773 0.0000000000 -2.0511333802 0.4394413478 0.0000000000 0.0000000000 
349950.0000000000 -1132917.9692296537 6092534.6321655903 1504634.1007947938 0.9690696926 11.1654816136 1.0674864692 -0.1150334967 -0.1418405885 0.7839964044 -0.1207501028 0.5486544259 1.1885791657 -0.5282120628 -1.4066893970 1.9687509510 0.0000000000 -2.6688943264 -0.3622348712 0.0000000000 0.0000000000 
349980.0000000000 -1132916.7167274654 6092533.7104753079 1504633.5411822787 0.4992363237 10.8275661707 0.0000000000 -0.4774805487 -0.8390631412 0.0000000000 -0.1445642387 1.5625903280 1.2231916698 0.9781742000 -1.1642657551 1.3986447067 0.0000000000 -1.9851459677 -0.2265213868 0.0000000000 0.0000000000 
350010.0000000000 -1132916.2621583943 6092531.4542212943 1504633.5033333141 0.0292992091 11.0041300577 0.2853546625 0.7516734811 -0.7261060760 0.3885339153 -0.4985612113 0.3629203285 1.4890319704 0.1819314116 -0.3740566374 0.0000000000 0.0000000000 -1.7051376972 -0.0326183627 0.0000000000 0.0000000000 
350040.0000000000 -1132914.0515854482 6092529.5336240698 1504632.5977905672 0.0565084590 11.1654816136 0.8951867904 -0.6780455545 0.3412404655 1.4509714339 -0.6816673434 -2.1936735988 0.6646478366 -0.4694662579 0.8496683467 0.4740735243 0.0000000000 -1.6000702301 0.6530433921 0.0000000000 0.0000000000 
350070.0000000000 -1132915.9714523924 6092529.6082794098 1504633.1360563531 0.2847320709 11.1654816136 0.6504415322 0.5146158292 -0.1797244759 -0.4260641249 -0.2923934607 0.2146342772 -0.1364950696 0.5801524443 0.1923568433 1.0632071868 0.0000000000 -1.7526276273 -0.3677001906 0.0000000000 0.0000000000 
350100.0000000000 -1132916.3974275608 6092531.0468746414 1504633.0422528465 0.4191227519 11.0041300577 -0.4159174844 0.3971719047 0.2902464141 0.0000000000 -0.5124215155 0.7382324657 0.1423323773 0.3098453183 0.0453997614 1.2762538404 0.0000000000 -1.2199498883 -0.9107335748 0.0000000000 0.0000000000 
350130.0000000000 -1132915.6917186324 6092530.9968781201 1504632.4226237645 0.1259353273 11.1654816136 -0.2070052927 -0.1071370633 0.2515700744 1.2086116326 -0.7424570464 -0.2061215999 0.8836496372 -0.5127300472 -0.2664755357 0.7058603806 0.0000000000 -0.9758740488 0.0107871301 0.0000000000 0.0000000000 
350160.0000000000 -1132913.3256478922 6092526.4064499177 1504630.4145797479 0.1053283767 10.8275661707 0.6304061780 0.0000000000 1.1838288265 0.8262958720 -0.7084479103 -1.8799440350 0.2975976999 -0.4886637841 0.7092392395 0.0000000000 0.0000000000 -0.4001168163 -0.4532073754 0.0000000000 0.0000000000 
350190.0000000000 -1132914.6702174086 6092527.3555361470 1504632.1210173967 0.0538761003 11.1654816136 -2.0233587730 -0.1044832724 -0.3165917957 0.2134531048 0.6692510286 1.6822300733 0.2524225609 -0.5818841176 -0.0476511526 0.4609193605 0.0000000000 0.5649780977 -0.5185282802 0.0000000000 0.0000000000 
350220.0000000000 -1132915.7671574692 6092529.2613864401 1504633.1229713398 0.1508550729 11.1654816136 -1.5746072384 0.0059820868 -0.2522841624 0.1379775592 0.1534007192 0.5243963281 0.9076980249 0.4207791761 1.3614508888 0.7706597473 0.0000000000 -1.3080579197 -1.0974785166 0.0000000000 0.0000000000 
350250.0000000000 -1132914.8952578874 6092529.2330953386 1504633.3616809219 0.0388224912 11.1654816136 -0.6901625583 0.4341186251 -0.5008967350 -0.0004728856 -0.1616457713 1.3315267564 0.9157305887 0.2925418728 -0.5536552194 0.3906525543 0.0000000000 -0.7694265371 -0.4579712314 0.0000000000 0.0000000000 
350280.0000000000 -1132917.2701961228 6092531.6733464794 1504633.3008568021 0.5152451215 11.0041300577 -1.1649101858 0.0550346611 0.0000000000 1.0891736679 -0.2424579407 0.7738175122 0.7044070047 -0.8076134273 -0.0477788303 1.3929717305 0.0000000000 -1.1591052259 -0.4004985908 0.0000000000 0.0000000000 
350310.0000000000 -1132916.8901234604 6092531.9073224105 1504633.7903441587 0.4704632873 11.1654816136 -1.3540270152 -0.0271149358 -0.5917717383 0.2054816080 0.5163723115 2.1234207044 0.7027812072 -0.2785747993 -0.7783241975 1.3579254085 0.0000000000 -0.8701802886 -0.6403396304 0.0000000000 0.0000000000 
350340.0000000000 -1132916.8135346882 6092530.2596361050 1504633.7801229220 0.4826566637 11.1654816136 -2.6461763468 -0.1677487122 -0.6371879428 -0.0344156712 0.7112330663 2.4022540681 -0.2472190047 -0.1151092762 0.5008635964 1.3744501100 0.0000000000 -0.2282195800 -0.5853047616 0.0000000000 0.0000000000 
350370.0000000000 -1132917.4300992114 6092533.3555080174 1504633.9872788065 0.8076849454 11.1654816136 -1.1755001909 -0.0272259246 -0.0762550827 0.5303232446 0.4906278154 2.8579201621 0.9926081580 -0.9461235860 -2.4068729394 1.7768035260 0.0000000000 -0.4489649357 -1.0371757042 0.0000000000 0.0000000000 
350400.0000000000 -1132916.2387126500 6092531.8270792803 1504633.7694269819 0.5840345256 11.1654816136 0.1038444242 0.1874874834 0.4725379387 0.5304644943 0.9332760304 -0.2598065679 0.2314098423 -1.4898372926 0.3726242766 1.5099302011 0.0000000000 -1.4015166308 -1.1714054146 0.0000000000 0.0000000000 
350430.0000000000 -1132915.7914001537 6092530.6939332848 1504633.6611857382 0.2902020131 11.1654816136 0.3514601486 0.0393263798 -0.0406810615 0.1289200089 0.6422845591 0.4282731029 -0.4203782296 -0.9190456038 -0.5570500500 1.0636970122 0.0000000000 -0.5289244703 -0.0635154431 0.0000000000 0.0000000000 
350460.0000000000 -1132917.3538867326 6092532.1391786067 1504633.7936037893 0.7185926355 11.1654816136 -0.2237003110 0.1705149387 -0.1183841090 1.5128772576 0.0153670592 -0.1370597724 0.8250967926 -1.5286421539 0.0273771986 1.6728224661 0.0000000000 -2.0064657875 -0.0815277130 0.0000000000 0.0000000000 
350490.0000000000 -1132917.3617916624 6092533.3178347629 1504634.5956273961 0.2830926703 11.1654816136 0.2102358546 0.2197097562 -0.3089345990 0.6037390391 0.5339160144 -0.4056058862 0.7048256587 -0.8384064503 0.5453888117 1.0493630209 0.0000000000 -1.9088403373 -0.3903335614 0.0000000000 0.0000000000 
350520.0000000000 -1132915.9531482651 6092530.6974071302 1504633.1444998635 0.2044386815 11.1654816136 -0.5499178099 -0.1736348901 0.4334840616 0.3422805548 0.1940846460 -0.7667498707 -0.0969524618 -0.2297692422 1.6571525174 0.8912650430 0.0000000000 -1.0621840384 -0.7738854225 0.0000000000 0.0000000000 
350550.0000000000 -1132915.3112481397 6092528.8595974809 1504633.3483546416 0.1312516837 11.1654816136 2.1364181575 0.2915115604 0.5509732376 -0.8309551805 0.9006965486 -1.2079710426 0.4657156434 0.0924159098 0.1707614670 0.7137685951 0.0000000000 -1.8087045113 -1.6389174593 0.0000000000 0.0000000000 
350580.0000000000 -1132915.9296153400 6092531.4089302644 1504634.0933928918 0.2829933755 11.1654816136 2.6161365960 0.9458900235 0.3374502111 -0.4199318574 1.1404398529 -0.7816289815 0.2573487577 -1.2803326219 -0.9017153468 1.0475639832 0.0000000000 -1.8112220068 -1.1473800330 0.0000000000 0.0000000000 
350610.0000000000 -1132916.2624240534 6092529.8898493145 1504633.7920647094 0.6701237428 11.1654816136 1.1084895767 -0.4883882570 0.1079672878 -0.4833988452 1.0579560198 0.5670883645 0.3829032452 0.0820456974 -1.1511191977 1.6112705252 0.0000000000 -1.4780382122 -1.1800193116 0.0000000000 0.0000000000 
350640.0000000000 -1132915.6457911646 6092529.1310450369 1504632.6009684971 0.2491845847 11.1654816136 0.4453261980 -0.0876752685 0.1673185730 0.1711330329 0.3605101370 -0.0192494315 0.8509071674 -0.1633366800 -0.3507235471 0.9821186970 0.0000000000 -1.3534177208 -0.9493989424 0.0000000000 0.0000000000 
350670.0000000000 -1132917.8224769102 6092531.4109883690 1504634.3223682079 0.6087167887 11.1654816136 -1.1003063976 0.5859562773 -0.5840242817 0.2712607128 -0.0236821380 1.0008785772 1.3245724554 0.2888020282 0.7083202718 1.5343884834 0.0000000000 -2.6944715298 -1.1597722946 0.0000000000 0.0000000000 
350700.0000000000 -1132916.4253420040 6092530.2458764417 1504634.1944461311 0.0639854241 11.0041300577 1.0892026639 0.3946246581 -0.1129005238 -0.8325928829 1.0735914171 0.0000000000 0.8920667556 0.1965586471 -0.1446542042 0.4852755741 0.0000000000 -1.5548429826 -1.4965170709 0.0000000000 0.0000000000 
350730.0000000000 -1132917.0388365034 6092533.5690804813 1504632.8235298195 0.3795724272 11.0041300577 0.3795943082 0.7011400971 -0.4292863445 0.3885756765 0.2680099505 0.0000000000 0.6174825115 -0.6947279495 0.1338150873 1.1821467551 0.0000000000 -2.0874685140 -0.3627980289 0.0000000000 0.0000000000 
350760.0000000000 -1132916.9548875198 6092530.7826105831 1504632.0822921507 0.4636455494 11.0041300577 -0.8126393337 0.2039342918 -0.2518452331 0.7063538172 0.2404447060 0.0000000000 0.7864693473 -0.4394362463 1.1288365724 1.3068092948 0.0000000000 -2.0954729535 -0.7344558141 0.0000000000 0.0000000000 
350790.0000000000 -1132915.3505823424 6092529.0103313439 1504632.9568134912 0.0369826979 11.0041300577 0.2273296948 0.1678533219 -0.4196412543 0.1537809643 0.8572904620 0.0000000000 1.1298185764 -0.4363571859 -0.0134996752 0.3691753239 0.0000000000 -1.2835712683 -0.7064676254 0.0000000000 0.0000000000 
350820.0000000000 -1132915.9400477305 6092528.3879924985 1504633.5932452329 0.1863756440 11.0041300577 0.2943989689 0.4603324837 -0.4121829603 -1.2398539043 0.4286793850 0.0000000000 -0.2209148110 1.2812109974 1.6034516622 0.8289933256 0.0000000000 -2.1242603880 -1.0237143798 0.0000000000 0.0000000000 
350850.0000000000 -1132916.5899284363 6092531.4102989435 1504633.1253772189 0.2677528123 11.0041300577 0.9395320153 0.3435819693 -0.1705824315 0.2878324446 0.0169264083 0.0000000000 0.9834985425 -0.2894342319 -0.9444996692 0.9939524450 0.0000000000 -1.6087071308 -0.4213862644 0.0000000000 0.0000000000 
350880.0000000000 -1132915.4336484387 6092526.3770166505 1504631.8762313391 0.2384040928 11.0041300577 -1.3046359889 -0.1155149562 0.1355305125 0.6249400030 -0.4980441839 0.0000000000 0.9707284417 0.4640953233 1.2547457554 0.9382323862 0.0000000000 -1.5751896843 -0.9219475526 0.0000000000 0.0000000000 
350910.0000000000 -1132915.7674506288 6092526.9178370265 1504632.3492048006 0.3216251174 11.1654816136 0.7337861974 0.4334486849 0.0360649394 0.0694842829 -0.1050085685 0.0000000000 0.9201604940 0.3358828827 0.1898250982 1.2060729019 0.0000000000 -2.6470693228 -0.8135102422 -0.3689548680 0.0000000000 
350940.0000000000 -1132915.4667986173 6092530.2071826113 1504632.4904522311 0.2238255223 11.1654816136 0.4530800826 -0.0999533826 0.2231168512 0.7263228484 -0.2878916703 0.0000000000 0.5395099977 0.2925872681 0.8360220733 1.0061925867 0.0000000000 -2.8730398103 0.1127724670 -1.0438473594 0.0000000000 
350970.0000000000 -1132913.5441261088 6092527.8115594396 1504632.7673703972 0.0725591098 11.3140434823 -0.0726911873 0.7897182402 0.7066018395 0.7147272742 0.0527573497 0.0000000000 0.1658938858 0.3768239071 1.6651691604 -0.5880618576 0.0000000000 -2.0397964849 -0.4185853592 -0.4887293194 -1.2253600807 
351000.0000000000 -1132915.3825187259 6092528.8874563370 1504632.5676978000 0.1275923118 11.3140434823 -1.7965568345 0.6047871363 0.1166684917 2.5539307437 0.0705756372 0.0000000000 0.4688094494 -0.2994656288 0.2301548359 0.7798579455 0.0000000000 -1.2130001874 -0.8378803331 2.3400331110 -3.0111805095 
351030.0000000000 -1132914.1481879361 6092528.0893869856 1504632.4140991729 0.1835437467 11.3140434823 1.8936293243 0.7609113635 1.5429643388 2.0088580311 -0.2919051755 0.0000000000 -0.7403361152 -0.1457568974 -0.8617538917 0.9354000348 0.0000000000 -2.8983914261 0.2393958576 0.0902259527 -2.6924685028 
351060.0000000000 -1132914.9691542601 6092529.4431714956 1504632.4224782127 0.2965444570 11.3140434823 -0.2890189395 0.1411612607 -0.2794669988 -0.7303199426 -0.2713216981 0.0000000000 -0.0301062649 -0.4550188989 1.1307936040 1.1890404160 0.0000000000 -0.9489076009 -0.1658676257 -1.0178569707 1.7988800932 
351090.0000000000 -1132914.5337377612 6092528.6907138433 1504633.7230272687 0.2421712447 11.3140434823 0.4649945000 0.1055162777 1.0277898603 1.8290156326 -0.0632856053 0.0000000000 0.0014466662 0.6485230280 -0.7475008113 1.0745728782 0.0000000000 -2.0696363182 -0.7504733729 1.2591496869 -2.8239133512 
351120.0000000000 -1132915.8742536055 6092528.7975058174 1504633.4895778452 0.1276291260 11.3140434823 -0.6354636823 0.0015998421 0.8233451103 0.4355807613 -0.2349467720 0.0000000000 -0.6399749732 1.0636213250 0.6372263516 0.7801387032 0.0000000000 -0.7555888911 -1.1177691331 1.1135104353 -1.5932798334 
351150.0000000000 -1132914.3161537165 6092527.1167263724 1504632.0020483355 0.0215970858 11.3140434823 -0.1015367786 -0.1088478324 0.1480706805 0.2836106046 0.2836034220 0.0000000000 0.6007397569 1.0521606111 0.2994160961 0.3209341141 0.0000000000 -1.3467455846 -1.0131314811 0.6198291132 -1.1236594015 
351180.0000000000 -1132915.1189492501 6092527.5966229029 1504632.6690763999 0.1534331956 11.3140434823 0.0606589093 -0.1222226810 -0.4528116780 -0.1796982827 0.2298380341 0.0000000000 0.0949455404 0.3919538706 0.3257150730 0.8554586274 0.0000000000 -1.1314051059 -0.2346716969 0.1372142010 0.0521688055 
351210.0000000000 -1132913.2258457711 6092527.0714961039 1504632.1263282981 0.2199794247 11.3140434823 -0.1194891552 -0.3926049876 1.2372926167 1.8112913669 -0.6050253142 0.0000000000 -0.1391955136 -0.3321107193 0.2176749570 1.0243559591 0.0000000000 -1.5829256859 0.2035457861 -0.5389054125 -0.7592198762 
351240.0000000000 -1132914.3678018977 6092529.9317817241 1504633.6298242318 0.3256005222 11.3140434823 0.6535761759 0.2389664695 -0.2072738147 0.5421554940 0.2178248507 0.0000000000 -0.5795740246 -0.7045537344 -0.0871513820 1.2462997081 0.0000000000 -1.4616435138 0.5675817076 -0.1654072049 -0.1269962834 
351270.0000000000 -1132912.8852169770 6092527.4484880324 1504633.4984009059 0.0045536120 11.3140434823 1.5376449684 0.5051693957 0.9729249448 0.4398672481 -0.0734516929 0.0000000000 -0.4597214662 -0.0275852287 -0.5174985140 -0.1473935722 0.0000000000 -1.0520755190 0.2299569750 -0.4698377072 -0.9651922362 
351300.0000000000 -1132914.4683497946 6092527.5552067589 1504633.2488335769 0.1074408760 11.3140434823 0.2434910792 0.6592199147 -0.2233772099 0.1300992328 0.0809092064 0.0000000000 -0.8621906511 0.3081671925 -0.0145931142 0.7159839212 0.0000000000 -0.7918933145 -0.0602693701 1.0473028102 -1.1949237484 
351330.0000000000 -1132914.9477404167 6092528.7052312689 1504633.7316098351 0.0338743216 11.3140434823 0.1843804722 0.5221468054 0.0340165172 -0.9748102372 0.4341643103 0.0000000000 -0.0991929825 0.7306392096 0.7444463828 0.4020433091 0.0000000000 -0.9328946286 -1.3193644479 0.4060596495 -0.2681597952 
351360.0000000000 -1132915.6449268810 6092529.8318071542 1504632.5019954774 0.1308729452 11.3140434823 -1.6717242608 0.0971218167 0.0429737821 1.7728259837 -0.2591061111 0.0000000000 0.3349234139 0.6485408615 1.5083647145 0.7902800242 0.0000000000 -2.0927871339 -0.4204730087 0.9186697226 -1.6836123551 
351390.0000000000 -1132915.2565523146 6092528.4709699526 1504632.7032260268 0.3892353526 11.3140434823 -0.2460020408 0.5303680101 0.4625183319 0.5933602041 -0.5270714182 0.0000000000 -0.0521277466 -0.3574191692 0.6632435818 1.3629527165 0.0000000000 -1.7148488840 -0.4065888234 -0.2304177125 -0.0350759627 
351420.0000000000 -1132914.2854773814 6092527.6280539185 1504632.0969084797 0.0010543793 11.3140434823 0.4406333838 0.0752983798 0.1223498096 -0.2421287519 -0.1493947755 0.0000000000 -0.0179584575 0.5677615395 0.0973176871 -0.0709400775 0.0000000000 -0.5168949902 -0.0249110882 -0.1565242370 -0.1767791067 
351450.0000000000 -1132915.0496635314 6092528.1365155764 1504633.3350541759 -0.0000000137 11.3140434823 0.5082612184 0.8171134088 -0.1107256039 0.0191864072 -0.1097588587 0.0000000000 0.2210806550 1.4209125909 0.2340980655 -0.0001600599 0.0000000000 -1.7476001771 -0.5023902914 0.8023313885 -1.6145706965 
351480.0000000000 -1132916.2152920826 6092528.2846095264 1504632.5054453074 0.1578653280 11.3140434823 0.3031661841 0.4595199091 -0.0205087715 -0.2177494864 -0.4702046763 0.0000000000 0.1956967397 0.7024871704 -0.0122059531 0.8681059871 0.0000000000 -1.2814645940 -0.4914413460 0.2510536314 -0.2907385464 
351510.0000000000 -1132915.8871083269 6092528.3810004694 1504633.4993120630 0.3822292217 11.3140434823 0.4688157378 0.6253686756 -0.2991165132 -1.0112146944 0.3168208012 0.0000000000 -0.7004600522 0.8053210749 0.3629261415 1.3508569921 0.0000000000 -1.3273174569 -1.0512202189 0.8591233865 -0.4691038946 
351540.0000000000 -1132915.5976477314 6092529.4550187644 1504633.4724980171 0.7673158890 11.3140434823 0.4784371598 1.5447908689 -0.7809400860 -1.1508026009 -0.6283880406 0.0000000000 -0.3089375506 0.4153493399 -0.2650187316 1.9140467685 0.0000000000 -1.4261190310 -0.7752553916 0.9819487959 0.0004423693 
351570.0000000000 -1132914.3365380580 6092529.1973523060 1504633.0237892258 0.1600401805 11.3140434823 0.3095924171 0.9904830345 0.3842059917 0.3320193446 -0.0513926202 0.0000000000 -0.4062722209 -0.0957325601 1.2126241416 0.8741746549 0.0000000000 -2.4041492931 -0.3077068829 -0.2795751931 -0.5629148906 
351600.0000000000 -1132913.7722743584 6092528.7931945492 1504632.9608423326 0.0006922066 11.3140434823 1.5431957045 0.8013922321 0.4171007187 0.1637735100 0.0631789959 0.0000000000 -0.4455524499 0.4281414975 0.1521877515 -0.0574949490 0.0000000000 -1.9213177798 0.3676118454 -0.3816831716 -1.0641150875 
351630.0000000000 -1132913.0974204924 6092528.9384920103 1504632.9671192705 0.0033929179 11.3140434823 3.0250802101 0.2976068620 1.9828195030 1.5360228171 0.1387872560 0.0000000000 0.6971250277 0.0321030563 -0.7663611128 -0.1272948449 0.0000000000 -3.4557664655 0.2934292241 -1.9123666730 -1.3842236142 
351660.0000000000 -1132914.5483176722 6092528.9674429037 1504632.9802663520 0.0104953187 11.3140434823 1.7564634254 0.9064512631 0.2116711367 0.2988167757 -0.1293653213 0.0000000000 0.3812159770 -0.0360388709 -0.9018221719 0.2238911493 0.0000000000 -1.7291520184 0.3357360327 -0.4507886500 -0.6523665950 
351690.0000000000 -1132916.0553810985 6092531.0594377248 1504634.1288908368 0.0948696505 11.3140434823 1.2147773337 0.2327667499 0.4592511142 -0.1394374076 0.1605843273 0.0000000000 -0.2439738584 0.3078475055 -0.2375778434 0.6731629591 0.0000000000 -1.3803120115 -0.2929658233 -0.2594027728 -0.4098882045 
351720.0000000000 -1132916.7292078899 6092530.0016164891 1504633.7190983696 0.4470790289 11.3140434823 1.6703384443 0.6674160685 0.1027262308 -0.4237299774 0.6115427438 0.0000000000 -0.6783703516 0.5681372178 -1.4131340196 1.4613930393 0.0000000000 -1.1978687475 -0.9499997045 1.2029227566 -1.4248899096 
351750.0000000000 -1132914.7206467784 6092528.4997589150 1504632.5950034438 0.2806391998 11.3140434823 1.1346604505 -0.2288842373 0.4161259141 0.1342853864 -0.2399359947 0.0000000000 -0.5285276047 0.0586735868 -0.9121489120 1.1578909338 0.0000000000 -0.7285129260 0.2839672715 -0.2743276047 -0.0682278376 
351780.0000000000 -1132914.7684976324 6092527.0529599274 1504632.8623614716 0.0787268354 11.3140434823 1.3788104844 1.3496470998 0.1665646533 -0.7580683622 0.1995400911 0.0000000000 -0.3509140166 -0.2622407026 0.3782785479 0.6133008340 0.0000000000 -1.8390071007 -0.3933812087 -0.4351032260 -0.0551229494 
351810.0000000000 -1132916.2583455560 6092530.1138153551 1504633.8716882532 0.4121583779 11.3140434823 -0.5245682029 0.4545470420 -0.6142013169 -0.4123540044 0.3328711368 0.0000000000 -0.6454144134 0.9688107812 1.2273776165 1.4033398377 0.0000000000 -1.7900689015 -0.8840519212 1.0727256897 -0.7347012236 
351840.0000000000 -1132916.0419238198 6092530.2129484974 1504633.4895343168 0.6205535633 11.1654816136 -0.4178174646 1.4650880369 -0.2029498423 0.0000000000 -0.0758658132 0.0000000000 -0.3108174176 -0.7266456690 1.2650024368 1.7213980700 0.0000000000 -2.2357410739 -0.7542592370 0.1862569616 0.0449318941 
351870.0000000000 -1132915.6783628361 6092527.3259762721 1504632.9905153604 0.2998436934 11.1654816136 -1.7089444984 0.5838583360 -1.0751694369 0.0000000000 -0.8193563422 0.0000000000 -0.1830844655 0.1768791106 1.5932114539 1.1966056561 0.0000000000 -1.1053430640 0.1963637035 0.4442587094 0.4726260035 
351900.0000000000 -1132915.9647445614 6092529.5492206048 1504633.2336911717 0.1789853920 11.3140434823 -0.3211424713 0.4954633275 0.6646319932 0.0000000000 -0.3820666247 0.1153701619 -0.7348826253 0.3795644801 1.3551124725 0.9261732955 0.0000000000 -1.5905998421 -0.5654382104 -0.0715781516 -0.3788720302 
351930.0000000000 -1132915.6480546945 6092528.2018042905 1504633.5290446016 0.0791588471 11.3140434823 -0.4609914538 0.8748239608 0.0013725704 0.0000000000 0.9184409637 0.7176567335 -0.8106690133 1.2801920855 0.1105833121 0.6160045839 0.0000000000 -1.2778559576 -1.4585260233 1.9905029551 -2.5158537920 
351960.0000000000 -1132915.5519377762 6092528.5430252813 1504632.7541170237 0.0734161897 11.3140434823 -1.1250932710 0.3099375346 -0.5658448698 0.0000000000 0.7188794273 0.5436876791 -0.0126638910 0.8105246319 1.2725872139 0.5933101774 0.0000000000 -1.7369762838 -0.9075243321 0.7252442864 -0.7893246121 
351990.0000000000 -1132915.2651825531 6092528.0332883243 1504632.3509177424 0.2874027293 11.3140434823 -1.9931412118 0.1603016270 -0.8871970664 0.0000000000 0.5238154678 1.4881593926 -0.0097306458 0.3903368800 -0.0561652490 1.1740452180 0.0000000000 -0.7555829056 -0.7736869334 0.9467972291 -0.3657623537 
352020.0000000000 -1132914.7793761909 6092527.6281216173 1504633.1484807129 0.0797518106 11.3140434823 -2.0117475274 0.0187688723 0.6177859758 0.0000000000 0.2314845192 2.5820976534 -0.2870238969 1.4027819375 0.6197087239 0.6185356957 0.0000000000 -1.9218738715 -1.0596262254 -0.0933181894 -0.9551283384 
352050.0000000000 -1132913.9157742849 6092526.0235828208 1504631.8827180474 0.1434867717 11.3140434823 0.2074913640 0.2197253836 0.6952993227 0.0000000000 -0.0327001491 -0.8953777138 0.3194939501 -0.1879247507 1.7843929341 0.8297679740 0.0000000000 -1.7850240671 -1.1406993855 -0.5675017038 0.4522910454 
352080.0000000000 -1132915.7644783449 6092529.1324165482 1504633.1384980432 0.3890110186 11.3140434823 0.4923115530 0.5371090190 0.4857477635 0.0000000000 0.0260103657 -0.0030714900 -0.3408663994 0.1062749867 -0.1338808707 1.3664369755 0.0000000000 -1.3291378004 -0.8623330113 0.3436126821 -0.5788552282 
352110.0000000000 -1132912.9439151902 6092527.4726932915 1504632.5734288879 0.0399296195 11.3140434823 0.8858880446 -0.5763974151 1.4043115164 0.0000000000 -0.4043281141 1.0495986477 -0.0804863876 0.7367612508 -0.4277227858 0.4378407780 0.0000000000 -1.4599565673 0.0774307217 -1.5581181319 0.0910067471 
352140.0000000000 -1132915.8522605838 6092528.5430885488 1504633.1341496394 0.2359389251 11.3140434823 0.5031593777 0.4328694896 0.7869807486 0.0000000000 0.2028894138 0.1811805274 -0.8651425894 0.7140968344 -0.9242064225 1.0644598385 0.0000000000 -0.3782311600 -1.1888477270 1.3505269755 -1.7247006355 
352170.0000000000 -1132915.3982667462 6092528.3082626583 1504632.4901282059 0.0500714846 11.3140434823 -2.7153976032 -0.3781491051 0.1813844071 0.0000000000 -1.1273048831 0.7782315735 0.7416481563 0.5102220584 1.2386195709 0.4904409723 0.0000000000 -0.1867964402 -0.7625991833 -0.3010667013 0.9527801770 
352200.0000000000 -1132915.4260489636 6092529.9446116816 1504633.3221531752 0.0342115176 11.3140434823 -0.0090813103 -0.3191215460 0.0153362235 0.0000000000 0.1247127787 -1.0913184332 0.0538470596 1.1955014451 0.9299900261 0.4054547312 0.0000000000 -0.5559021710 -1.0786289729 1.0789417625 -0.8491951821 
352230.0000000000 -1132914.3753917296 6092529.0005448097 1504633.2171789180 0.0516089528 11.3140434823 0.5914491753 0.5554834860 0.6002996017 0.0000000000 0.3153048547 0.5344351796 0.1594068709 -0.4062857994 -0.9151973246 0.4980648190 0.0000000000 -0.5930018117 -0.6705984074 -0.1232040928 -0.3562098545 
352260.0000000000 -1132915.2299576709 6092529.0611391291 1504633.2442479653 0.2871259651 11.1654816136 0.0000000000 0.3181996614 0.7511076616 0.0000000000 0.4705616515 2.0682221283 -0.4269088103 -0.1916430981 -0.8345893942 1.1733654736 0.0000000000 -1.7980768563 -0.3308690855 -0.8785108364 -0.1604897896 
352290.0000000000 -1132914.4206341510 6092527.4580048909 1504632.5823145548 0.0524527980 11.1654816136 0.0000000000 0.4689466563 0.1414085770 0.0000000000 0.1453189397 0.7867793726 -0.5552662955 0.5086762436 0.2441782254 0.5016082814 0.0000000000 -1.4586094660 -0.0205045751 0.0186680284 -0.7370295984 
352320.0000000000 -1132914.5914915644 6092528.1572038345 1504632.4348055907 0.0924999235 11.1654816136 0.0000000000 0.6959345459 0.1661635695 0.0000000000 -0.1850872049 0.8201955981 0.5045103104 -0.0756989759 0.2255879748 0.6662468552 0.0000000000 -2.0207655587 -0.1036474187 -0.9047258327 0.2343789971 
352350.0000000000 -1132914.3391273941 6092529.1497897636 1504632.8200582452 0.0886084526 11.1654816136 0.0000000000 0.3452529936 1.0723212580 0.0000000000 -0.0782627486 1.1468857408 0.0096234368 0.1168461485 -0.3349816050 0.6522106440 0.0000000000 -1.2841752084 -0.6925302912 -0.5989202118 -0.3011579362 
352380.0000000000 -1132914.9995423502 6092528.3765699798 1504632.6462375366 0.0310730848 11.1654816136 0.0000000000 0.5570813882 0.7368396725 0.0000000000 -0.6023718510 1.0511617215 1.1048327916 0.0903358137 -0.3744200050 0.3863044348 0.0000000000 -1.6603940586 -0.3551809345 -1.2160355571 0.2985410112 
352410.0000000000 -1132914.7174131160 6092529.0859238105 1504632.3154819638 0.3614885178 11.1654816136 0.0000000000 -0.4897646273 1.0773506264 0.0000000000 -0.5598333429 0.6253152647 -0.2610985571 0.0569483650 0.2927757599 1.3178690358 0.0000000000 -1.3471979109 -0.2453163336 -1.2481748555 0.7856240784 
352440.0000000000 -1132915.7363317066 6092526.8807016406 1504632.4767464576 0.8834186865 11.1654816136 0.0000000000 0.7647175689 -0.5537050723 0.0000000000 -0.9038898247 -0.5032378895 0.0656315614 -0.0504585755 -0.6689934013 2.0606189948 0.0000000000 -0.7679036427 -0.1686700425 0.6955421931 0.0441391691 
352470.0000000000 -1132915.1412144857 6092530.1845480790 1504634.3152392625 0.0271417685 11.1654816136 0.0000000000 0.8786977759 0.1558420691 0.0000000000 1.0716179443 1.1293971082 -0.0658390731 -0.1386588079 -0.2449852315 0.3612652524 0.0000000000 -1.5017946591 -0.8327937338 0.2073490045 -0.9204654298 
352500.0000000000 -1132916.2758072275 6092530.3918232704 1504633.6297817470 0.2722443149 11.1654816136 0.0000000000 0.6516677290 0.4069723524 0.0000000000 0.4858799598 1.1089959504 -0.5366138596 -0.0452753304 -0.6266068076 1.1443974265 0.0000000000 -1.2912138780 -0.6586061848 0.2391465882 -0.7677089337 
352530.0000000000 -1132914.7991268411 6092527.1160906749 1504633.0582535146 0.1500214891 11.1654816136 0.0000000000 1.4049842554 0.1138124507 0.0000000000 0.0251582060 0.8580752502 0.0240202539 0.0231611813 0.9099916733 0.8497040099 0.0000000000 -3.0056524916 -0.1832691221 -0.5634290541 -0.4371932012 
352560.0000000000 -1132915.1945290312 6092528.7864067117 1504633.4795027759 0.1607445623 11.1654816136 0.0000000000 0.7043110972 0.7585079225 0.0000000000 -0.2026492325 -0.6531746638 -1.1476775117 -1.2787327386 0.9947189670 0.8797384609 0.0000000000 0.0389777545 -0.5134579404 0.1471371106 0.2250284248 
352590.0000000000 -1132914.8564580756 6092529.0398184462 1504633.4703806266 0.1745627439 11.1654816136 0.0000000000 0.8016581254 -0.0182326569 0.0000000000 0.7212541226 0.8814626757 -0.2779805484 -0.3345067444 0.7638682579 0.9169746233 0.0000000000 -2.4698597157 -0.3017499421 -0.5325307722 -0.0950977223 
352620.0000000000 -1132915.2141329627 6092528.3255727338 1504633.2574596980 0.2341507028 11.1654816136 0.0000000000 0.6458838796 0.0585748083 0.0000000000 -0.1068252043 0.6943936940 0.0917869657 -0.0301823227 0.9839167021 1.0622489365 0.0000000000 -2.7966675722 0.1031620204 -1.0924123102 0.3913242509 
352650.0000000000 -1132914.6984328632 6092528.1177881267 1504632.6714734351 0.1760341028 11.1654816136 0.0000000000 0.6895164202 0.1013777280 0.0000000000 -0.2100813823 0.0019591262 0.6380628294 -0.8094515756 1.9369164221 0.9212457365 0.0000000000 -2.9210747127 -0.0663413474 -1.7591491512 1.3982629084 
352680.0000000000 -1132914.2998485025 6092528.8502198122 1504633.3265434385 0.0118063251 11.1654816136 0.0000000000 0.4361300132 0.8245704965 0.0000000000 -0.6450497119 1.1868947734 -0.1864512327 0.1802705601 0.2805880511 0.2386367554 0.0000000000 -1.6268343385 0.5034714974 -1.2044107900 0.0387859376 
352710.0000000000 -1132914.3956926903 6092527.1191226440 1504632.6472990410 0.0814182697 11.1654816136 0.0000000000 1.2029725175 0.3674257680 0.0000000000 0.1542555102 0.0620562256 -0.9113783433 -0.8732830441 1.0307784675 0.6268152812 0.0000000000 -1.1486015263 -0.2598506938 0.0512124249 -0.3046310605 
352740.0000000000 -1132915.0198264853 6092528.7819149252 1504633.5042196724 0.0056069683 11.1654816136 0.0000000000 1.6439626689 0.4708785626 0.0000000000 0.8275392496 0.9429434185 -0.7617748152 -0.2674558725 0.9930633526 0.1645364620 0.0000000000 -2.2279437611 -0.5963317580 0.2142534757 -1.3475258729 
352770.0000000000 -1132916.0187504117 6092527.9601382203 1504633.6568899830 0.2411733490 11.0041300577 0.0000000000 0.4124910823 0.0428060592 0.0000000000 0.5073663132 0.7148620359 -0.4011193720 0.2620468057 0.2065459258 1.0661095168 0.0000000000 -1.8725303464 -0.4000104115 0.0000000000 -0.4784280708 
352800.0000000000 -1132915.2086018480 6092529.1802760018 1504633.0731201386 0.0972033292 11.1654816136 0.0000000000 0.4955031405 1.1354268520 0.0000000000 0.9892064500 0.7630310868 -1.0748373988 -0.9499719757 1.4726344572 0.6853778224 0.0000000000 -1.8721448574 -0.9380744286 -0.6884152336 0.0175046506 
352830.0000000000 -1132915.0473886579 6092527.2875776608 1504633.7909844213 0.0046171759 11.1654816136 0.0000000000 1.5347430311 0.4381291466 0.0000000000 0.4698533874 0.9480438868 0.2479099324 -0.0218700384 0.0698316114 0.1494186048 0.0000000000 -1.9376716240 -0.7639397630 0.1324914916 -1.2135856413 
352860.0000000000 -1132914.8140592817 6092528.7678309139 1504632.5237399957 0.2037237358 11.1654816136 0.0000000000 -0.2300676103 0.6564933351 0.0000000000 0.2757869788 1.4939335554 -0.0784111145 -0.0452124201 -0.7413601531 0.9927101969 0.0000000000 -1.3594905791 -0.1945541285 -0.9764594584 0.3091487976 
352890.0000000000 -1132915.2124746393 6092528.5645027542 1504633.1592419669 0.1003317567 11.1654816136 0.0000000000 0.2143993199 0.8163802479 0.0000000000 -0.0458863027 1.7191727826 1.0596166552 -0.5918503068 -0.7612598683 0.6968342974 0.0000000000 -1.9216378338 -0.1659059925 -1.9624232113 1.0170035969 
352920.0000000000 -1132915.1711842397 6092530.4803170646 1504633.3013108508 0.3093489996 11.1654816136 0.0000000000 1.0404425762 0.3929352499 0.0000000000 0.5838928854 2.2376988283 -0.1770823367 -1.3755821282 -1.9412248649 1.2238933682 0.0000000000 -1.1838026547 0.0491477644 -0.8355215234 0.1767729322 
352950.0000000000 -1132915.7885465440 6092529.6526697744 1504633.4607978126 0.2266048318 11.1654816136 0.0000000000 0.3546287246 -0.0044237705 0.0000000000 0.6284382220 1.2144985344 -0.1042593769 -0.6834903594 -0.0124074136 1.0477649991 0.0000000000 -1.9780359697 0.0339727002 -1.0492037582 0.6364887157 
352980.0000000000 -1132915.7165635461 6092529.2195279654 1504633.5164863330 0.1142121993 11.1654816136 0.0000000000 0.4498042695 0.4253090590 0.0000000000 0.3655357618 0.3302308976 -0.3374090419 -0.8496689154 1.1353283386 0.7440412443 0.0000000000 -1.6700910243 -0.3420301280 -0.8559305203 0.6037106543 
353010.0000000000 -1132915.3325915609 6092530.1155577116 1504633.7018934323 0.2130385380 11.1654816136 0.0000000000 0.6972244045 0.0521637726 0.0000000000 0.2815742320 0.5565783057 -0.6187811995 0.6922962222 0.0108492730 1.0164402222 0.0000000000 -1.6650539006 -0.3666559557 0.6237477225 -1.2238290127 
353040.0000000000 -1132916.1064118142 6092528.6376275495 1504632.8891065165 0.6333191113 11.1654816136 0.0000000000 0.8467006127 0.2877784075 0.0000000000 -0.3313790410 0.1780722543 -0.2501680913 0.4328951186 -1.0621455211 1.7529795198 0.0000000000 -0.8657945463 -0.7570781637 0.9470164407 -1.1396703820 
353070.0000000000 -1132914.9955271578 6092528.4836633569 1504633.0080407844 0.0153606864 11.1654816136 0.0000000000 0.4773227768 0.4958865257 0.0000000000 0.1216899100 1.1401885665 0.0195176569 0.4397893270 -1.2345678133 0.2730805232 0.0000000000 -0.5551420750 -0.2714083919 0.2378514426 -1.0517305014 
353100.0000000000 -1132915.7946797244 6092528.7171537587 1504633.4569927694 0.0191504731 11.1654816136 0.0000000000 0.6009775714 -0.5695629319 0.0000000000 0.8759266828 1.4051902814 -0.7758317120 0.4519717489 -1.3538409225 0.3049918351 0.0000000000 -0.6114330898 0.4003832647 0.8223814343 -1.3910311582 
353130.0000000000 -1132914.9807922295 6092529.1142656431 1504633.3208063901 0.1141181489 11.1654816136 0.0000000000 0.7177448013 0.4410992208 0.0000000000 0.4150396795 1.6488575587 -0.2545321399 0.3750150732 -1.1590844572 0.7447118031 0.0000000000 -1.5290945498 -0.1910103952 0.0328656301 -1.1109207336 
353160.0000000000 -1132914.2832608428 6092527.1895369934 1504633.4375830977 0.0068372068 11.1654816136 0.0000000000 -0.1620425889 1.6520156043 0.0000000000 0.4848092199 2.3017131742 0.0700855935 -0.3576678195 -0.8844945659 0.1823438762 0.0000000000 -1.3379565456 -0.4553445189 -1.5329776549 0.1706465186 
353190.0000000000 -1132915.2992073919 6092528.1932006357 1504632.9355224560 0.1243548934 11.1654816136 0.0000000000 0.1574495926 -0.0375799063 0.0000000000 -0.2177037553 0.0909629106 -0.0535993600 0.6829680321 0.1082105954 0.7778109643 0.0000000000 -1.1461138662 -0.0646103104 0.0961725991 -0.3941709135 
353220.0000000000 -1132914.1282427770 6092524.7304744050 1504632.1876718428 0.0108274603 11.1654816136 0.0000000000 0.0728650205 0.3125005559 0.0000000000 -0.7815049413 -0.3200817429 0.9620834971 0.9921451240 0.1491732887 -0.2295724882 0.0000000000 -0.5046810663 -0.2152907860 -0.0781553189 -0.4221025386 
353250.0000000000 -1132916.0340875715 6092528.8580939751 1504633.7101684504 0.0542375287 11.1654816136 0.0000000000 0.3696244832 0.2401220293 0.0000000000 0.2183688274 0.0875963197 -0.6973327292 0.5644232381 0.4025766386 0.5139592875 0.0000000000 -0.8790975843 -0.4165352591 0.6686851009 -1.0526214427 
353280.0000000000 -1132914.9490528416 6092527.2567987824 1504633.4466588076 0.0733282315 11.1654816136 0.0000000000 0.8911613017 0.7980133335 0.0000000000 0.2290004262 0.4494992764 -0.6484545403 0.1295019388 -0.0588781947 0.5977695445 0.0000000000 -0.8809749766 -0.7731069267 0.6828524885 -1.3721627617 
353310.0000000000 -1132914.8109141716 6092528.5738478815 1504633.2683233034 0.1082828686 11.1654816136 0.0000000000 0.3317861758 0.7656566987 0.0000000000 0.3104759553 1.7793443417 0.3912231544 -0.1151565454 -1.1209184586 0.7266012153 0.0000000000 -1.6794293482 -0.2421959505 -0.9970053506 -0.0456705704 
353340.0000000000 -1132914.7229710480 6092525.7269167630 1504632.7782589765 0.1367737305 11.1654816136 0.0000000000 0.0309924193 0.4194706209 0.0000000000 -0.2948361349 -0.5805559722 0.4764144168 0.3411575926 0.1881149773 0.8168357180 0.0000000000 -0.5420908290 -0.9492827236 0.1585300354 -0.1202805490 
353370.0000000000 -1132915.2878235455 6092528.2752556475 1504633.9908501394 0.0970132597 11.1654816136 0.0000000000 0.2922166282 0.5964925075 0.0000000000 0.1747725032 1.6940831718 -0.9730385803 0.4765200935 -0.1336253623 0.6881283023 0.0000000000 -1.9865382450 0.4916731908 -0.5289316294 -0.6814220721 
353400.0000000000 -1132915.8407436165 6092527.3850547392 1504633.3106170553 0.5826049895 11.1654816136 0.0000000000 0.5846644022 0.2963245572 0.0000000000 0.1598207243 -0.6073150298 -0.5615870881 -0.0538752118 0.4697105872 1.6867808503 0.0000000000 -1.0370430390 -1.1581402044 0.7612133061 -0.5666987269 
353430.0000000000 -1132915.6621746763 6092527.8907260820 1504633.4502662623 0.1389905396 11.1654816136 0.0000000000 0.3670562075 -0.1646855351 0.0000000000 0.6727958993 0.0791838375 -0.3836969920 -0.3562058167 1.4623415898 0.8241068580 0.0000000000 -2.0833090574 -0.3630012554 -0.4589721604 0.3997656244 
353460.0000000000 -1132914.4243071582 6092526.7157345945 1504634.1130771292 0.0180742438 11.1654816136 0.0000000000 0.4168869781 1.3790051078 0.0000000000 0.8407203673 1.7660142302 -0.8091433548 0.2454516941 0.3336606563 -0.2972717952 0.0000000000 -1.7157556283 -0.5139514099 -0.2769208316 -1.2524424910 
353490.0000000000 -1132914.9089829165 6092528.9559009699 1504633.6064076254 0.0583710919 11.1654816136 0.0000000000 0.4538782688 0.3291508521 0.0000000000 0.5456460702 0.2946874213 -0.8481548441 0.4095671507 1.1991219698 0.5343536782 0.0000000000 -1.8232591766 -0.4805768277 0.2736760370 -0.8637219154 
353520.0000000000 -1132914.5557738675 6092529.5078691160 1504633.1213344717 0.0841767941 11.1654816136 0.0000000000 -0.0124078605 1.3550638059 0.0000000000 0.4553842188 1.6096657890 -0.7089422812 -0.5151825137 0.3295010694 0.6418681394 0.0000000000 -1.8183274663 -0.3096926561 -1.2268484195 0.2828338286 
353550.0000000000 -1132914.6578723763 6092527.8013186213 1504633.2971696812 0.0432037116 11.1654816136 0.0000000000 0.5212715931 0.8285453374 0.0000000000 0.2542499283 0.7614383201 -0.3533441155 0.1304399983 -0.3010127048 0.4599700363 0.0000000000 -0.9183147712 -0.5493716477 0.1802819445 -0.9591774512 
353580.0000000000 -1132915.4649400972 6092528.2804076001 1504632.9989178188 0.5975984446 11.1654816136 0.0000000000 1.1652210828 0.5392892857 0.0000000000 0.5647416283 0.6840351355 -1.9858214737 -0.1253234807 0.4853515085 1.7111462688 0.0000000000 -1.9431236639 -0.3740116304 0.8157709313 -1.4574167569 
353610.0000000000 -1132915.0806879362 6092529.1353235906 1504632.5587646214 0.5355119727 11.3140434823 0.0000000000 0.6347295946 0.4032293272 0.0000000000 -0.3528130584 0.0256293049 -0.6076046205 -0.4673703925 0.8653433441 1.3189206402 0.0000000000 -1.6182308319 0.0025517897 -0.4908423753 0.2652705704 
353640.0000000000 -1132916.0829656150 6092529.0498800222 1504634.2075202395 0.0704235614 11.3140434823 0.0000000000 1.5075245265 0.6244209562 0.0000000000 0.2536832778 0.9368835497 -0.8928581829 0.3951940059 0.0656804843 0.6659200314 -0.0000000000 -1.9817171803 -0.1546957872 0.6734052341 -2.0175969292 
353670.0000000000 -1132915.5347023457 6092529.3696897794 1504634.3728805406 0.4050477828 11.3140434823 0.0000000000 0.7690235822 0.3202043547 0.0000000000 1.2196177745 2.0257873021 -0.1573249408 -0.4868424102 -0.4540007528 1.1903483742 -0.0000000000 -2.9917682254 -0.2873595928 -0.9840290443 -0.0364827608 
353700.0000000000 -1132916.2518989777 6092528.4254694860 1504633.8601835645 0.0895338278 11.3140434823 0.0000000000 -0.2082026448 1.3613647243 0.0000000000 0.6238295187 0.9610986117 -0.6192908339 -0.6904462371 0.2900607664 1.1752190990 0.0000000000 -1.4002674452 -1.0823585563 -0.8225094545 0.4602571393 
353730.0000000000 -1132916.0746232939 6092526.4489894118 1504633.6895385878 0.0888330748 11.3140434823 0.0000000000 2.2141973382 0.9792857194 0.0000000000 0.0403933830 0.0158378092 0.0314741162 -0.7719249764 1.0740570696 1.1047639539 -0.0000000000 -2.6303056876 -1.0216527610 0.0349666894 -1.0936390907 
353760.0000000000 -1132916.0473942924 6092530.2094146227 1504633.7442494398 0.0793539768 11.3140434823 0.0000000000 0.8064416976 -0.6775887199 0.0000000000 0.8415906281 1.8256048620 -1.1971461594 -0.4297483522 -1.3349297372 1.2968008515 -0.0000000000 -1.5747180043 1.0695416432 -0.1406564797 -0.3344097275 
353790.0000000000 -1132914.8746916251 6092528.2951765964 1504633.4718904565 0.2622832917 11.3140434823 0.0000000000 0.4752623925 1.0357869995 0.0000000000 0.3010134559 1.6544370277 -0.2907149765 1.3305863576 -0.9113820098 0.4511045141 0.0000000000 -1.8961244816 -0.2721337240 0.2681630674 -2.0341928533 
353820.0000000000 -1132915.3089462270 6092530.7413245635 1504634.1448012202 0.5826007756 11.3140434823 0.0000000000 -0.1767168761 0.6457852745 0.0000000000 1.0477358398 1.5947433007 -1.5240489852 0.5725618558 -0.0134964720 1.1633633207 0.0000000000 -2.0198824324 -0.3425067616 0.0597561014 -0.8814135626 
353850.0000000000 -1132915.1773236610 6092529.8637171825 1504633.0398975005 0.1955292054 11.3140434823 0.0000000000 -0.2208899627 1.9198067901 0.0000000000 0.4953022540 1.5634164420 -1.2907464431 -0.1170701735 0.3346757340 0.5078267469 -0.0000000000 -1.3316728021 -0.7069354163 -0.4943829296 -0.5655672186 
353880.0000000000 -1132914.5187967415 6092527.3768260414 1504632.8399297865 0.8781702697 11.3140434823 0.0000000000 0.5064682722 0.9748088611 0.0000000000 -0.0519029908 0.8042285917 -0.0888982784 -0.1006231253 0.7521187400 0.3408566372 0.0000000000 -1.9580456042 -0.1701078896 -0.8290878811 -0.1616538946 
353910.0000000000 -1132914.9364321809 6092527.0400172034 1504633.1395225525 0.0479819922 11.3140434823 0.0000000000 0.8135262376 0.5359713536 0.0000000000 -0.0398105434 0.7360655190 -0.8040885618 -1.0619644528 -0.0006369179 1.2346367748 0.0000000000 -1.2796950405 0.2447164609 -0.6326659211 0.2877446262 
353940.0000000000 -1132914.5999053521 6092527.1720426036 1504633.3867139982 0.0550356684 11.3140434823 0.0000000000 1.7452608611 0.6386592184 0.0000000000 -0.3077308508 0.4921156907 0.5063823134 -0.6534305191 0.2665609319 0.4753080724 0.0000000000 -2.0546352516 0.0398136543 -0.6216124259 -0.5299472688 
353970.0000000000 -1132914.4431351842 6092529.1139954254 1504632.5824783526 0.0722702832 11.3140434823 0.0000000000 -0.0897145364 0.6820618959 0.0000000000 -0.0257551765 1.2581133136 -0.8057599676 -0.2863264540 -0.5020149016 0.7517106417 0.0000000000 -0.8454978712 0.4508388817 -0.7206032776 0.2006409101 
354000.0000000000 -1132914.8067057934 6092528.7083029170 1504632.9439241129 0.2293600682 11.3140434823 0.0000000000 -0.2468635605 0.7524027817 0.0000000000 0.1761314477 0.8662954832 -0.2041133355 0.5003315550 0.3215126141 0.8014644812 0.0000000000 -1.8694640673 -0.3371836279 -0.6817401973 -0.0464781216 
354030.0000000000 -1132915.3019702777 6092529.7580405343 1504632.9634144120 0.0990956869 11.3140434823 0.0000000000 0.2755387743 0.1735187745 0.0000000000 0.1389317810 0.0513959282 -0.7889338498 0.0545676742 1.1865387670 0.9460102693 -0.0000000000 -1.6887543188 -0.1427011043 -0.1556398892 -0.0531776726 
354060.0000000000 -1132915.3583930542 6092528.0317819407 1504633.4771962764 0.0002242205 11.3140434823 0.0000000000 0.2463680987 0.1156714920 0.0000000000 0.0864353792 0.8986652779 0.5828107103 0.4736586538 -0.6882511334 0.3441858998 -0.0000000000 -1.3860790053 0.1808807764 -0.5588654899 -0.2579847676 
354090.0000000000 -1132914.2926481352 6092527.6516821422 1504633.0318286589 0.0092026994 11.3140434823 0.0000000000 1.3388581695 0.8797192500 0.0000000000 0.2138951556 0.0901643545 -0.8618177404 -0.6291551824 0.9877970653 1.1345671490 0.0000000000 -1.8216027027 -0.6486363842 0.2167150709 -0.8941076522 
354120.0000000000 -1132914.4816101196 6092529.4444271112 1504633.7772259668 0.1092655840 11.3140434823 0.0000000000 0.4755702987 0.3913102835 0.0000000000 0.1488357208 1.0463192920 1.0158521256 0.1583958942 -0.7075098444 -0.0071790000 0.0000000000 -1.4666700431 0.0059757275 -0.8286857969 -0.1959969103 
354150.0000000000 -1132914.4888559824 6092528.8642520951 1504633.2570331306 0.4320578014 11.3140434823 0.0000000000 0.5577720889 0.9078797806 0.0000000000 0.0031984960 0.2753188012 0.0160513511 -1.2845707820 0.3143024999 0.0106727904 0.0000000000 -0.2347189657 -0.3883135696 -0.6254972926 0.4453566243 
354180.0000000000 -1132914.5548690548 6092528.6898111850 1504633.6054366422 0.1045232205 11.3140434823 0.0000000000 1.4176745784 0.2307592404 0.0000000000 -0.1106226788 0.3051712147 0.2845392887 -0.7591358929 1.3940374862 0.6714307491 -0.0000000000 -2.8726348973 0.2078422846 -1.1479870683 0.3552131389 
354210.0000000000 -1132915.8404387601 6092531.1257244442 1504634.4989005784 0.1761757013 11.3140434823 0.0000000000 -0.2432614111 0.1067012531 0.0000000000 0.7577959079 0.9697976435 -1.3116244899 -0.6684213857 0.2647421853 1.3308614574 -0.0000000000 -1.3576957639 -0.0208158489 -0.6146169633 0.8456031172 
354240.0000000000 -1132914.8756610018 6092529.1041764319 1504633.0895736583 0.0097833938 11.3140434823 0.0000000000 0.6041535893 0.5581119623 0.0000000000 -0.3411708931 0.9628097516 1.2266391079 -0.5819575286 -0.6171543349 0.9085878430 0.0000000000 -2.0796407328 0.2133399923 -1.8320869194 0.9745011257 
354270.0000000000 -1132915.7677514043 6092529.0445799697 1504633.7541242919 0.0161407681 11.3140434823 0.0000000000 0.7916704460 -0.3111110744 0.0000000000 0.8740105387 0.6451351307 0.1522784701 -0.9209905992 -0.5726316329 0.3668243427 0.0000000000 -0.7886778922 -0.1339740184 -0.2645896988 0.2060298943 
354300.0000000000 -1132915.2813974814 6092529.7558367318 1504634.1752715232 0.0694408741 11.3140434823 0.0000000000 1.2689644346 0.7298930417 0.0000000000 0.2408417946 0.6077388355 0.9172443532 -0.8882545123 -0.7421220616 0.0801244200 0.0000000000 -0.8851474117 -0.4188225661 -0.4675761057 -0.4232694392 
354330.0000000000 -1132915.3368963539 6092528.2277156301 1504633.8112618269 0.1002447412 11.3140434823 0.0000000000 0.0474223622 0.6048385446 0.0000000000 0.1151905201 1.4437664585 -0.5631963332 -0.0574078448 -0.9441298157 1.0537618719 -0.0000000000 -1.3202813050 0.4355241799 -0.7217909252 -0.0235131537 
354360.0000000000 -1132915.2647639532 6092526.6875104215 1504633.0531028367 0.6628477826 11.3140434823 0.0000000000 0.9459412227 1.7893567299 0.0000000000 -0.6627512953 -0.1058848814 -0.3200401580 -0.8361469360 -0.4309399019 0.6896340789 0.0000000000 0.3162890059 -0.6161833154 0.2713155608 -1.0518615876 
354390.0000000000 -1132914.6338319611 6092529.4931845497 1504634.3082709219 0.0903702629 11.3140434823 0.0000000000 0.4118910651 0.9552799274 0.0000000000 0.9123295510 2.6332107228 -0.2871113443 -0.3937461771 -0.9072792312 0.1238189887 0.0000000000 -2.2405545143 0.3528644976 -1.1769608082 -0.2494704050 
354420.0000000000 -1132914.5861440429 6092527.1393776285 1504632.7114810972 0.0000630062 11.3140434823 0.0000000000 0.3890820733 0.8651084004 0.0000000000 -0.3719135401 0.1491593514 0.0259925361 0.0651884078 -0.3062738364 0.8153717985 0.0000000000 -0.7136123029 -0.2293510058 -0.1476663399 -0.5455974680 
354450.0000000000 -1132915.0385361102 6092531.1983544463 1504633.3578022420 0.0190133624 11.3140434823 0.0000000000 0.8376891780 0.1270601026 0.0000000000 0.8498346701 0.7344627595 0.4866680704 0.3022607030 0.2509353108 -0.1453444341 -0.0000000000 -1.9967712844 -0.4021805001 -0.0836183693 -0.9176625193 
354480.0000000000 -1132915.0434666909 6092529.0097385747 1504633.6419509407 0.4166195219 11.3140434823 0.0000000000 1.2720968464 1.1305944432 0.0000000000 0.5663133139 2.1067979694 0.0579467206 -0.7377232600 -1.5971410593 0.8894178118 -0.0000000000 -2.1535389034 0.2376197622 -0.9068416102 -0.7636688906 
354510.0000000000 -1132915.9531309938 6092531.0054909019 1504634.0047026742 0.3095725346 11.3140434823 0.0000000000 1.4622154593 0.6429570948 0.0000000000 0.3481194885 0.5079894050 0.1360130204 -1.0832895044 -0.0607730814 0.6996524369 0.0000000000 -1.5663793434 -0.2666156231 -0.4344188726 -0.3668587584 
354540.0000000000 -1132915.0759429478 6092530.3232274288 1504634.1824882920 0.0040686460 11.3140434823 0.0000000000 0.7933335609 0.8500864327 0.0000000000 0.7294325905 2.0138849744 0.1149815580 -0.5063106834 -0.4379031071 0.1458426018 -0.0000000000 -2.4277895367 0.1907919267 -1.1363839934 -0.2401680053 
354570.0000000000 -1132915.4153627236 6092529.6110632857 1504634.1380195662 0.0028206105 11.3140434823 0.0000000000 0.3997502103 0.8841975793 0.0000000000 0.2698666196 0.9912541435 0.9276628411 -0.4282450636 -0.5565078402 -0.0070258851 0.0000000000 -1.2060757358 -0.3677937806 -1.0038354011 0.1227073644 
354600.0000000000 -1132915.5892036003 6092529.2648233306 1504633.7872505956 0.2150604285 11.3140434823 0.0000000000 0.1223408896 0.6650733722 0.0000000000 0.4173323271 1.3510458698 0.0767334204 1.4298897015 -0.3793536911 0.0866636817 0.0000000000 -2.1095841806 0.0492424443 -0.0414915670 -1.5949584616 
354630.0000000000 -1132916.1984645468 6092530.1415865822 1504634.4169692264 0.4863946596 11.3140434823 0.0000000000 0.6803961203 0.2450227278 0.0000000000 0.3220909316 0.6239739662 0.6835700423 0.1535056178 -0.4697119931 0.1027744101 0.0000000000 -1.3313940876 -0.0547170824 -0.3377038623 -0.5923047715 
354660.0000000000 -1132915.1589127590 6092527.5156666366 1504633.2862569105 0.0002709199 11.3140434823 0.0000000000 0.4943619453 -0.0340781414 0.0000000000 -0.2036533126 -0.4916229623 1.3033998812 0.3123502429 0.0785032239 0.7213813493 -0.0000000000 -1.3912496281 -0.3913586829 -0.6169463289 0.1655759486 
354690.0000000000 -1132916.1266387329 6092529.1743456470 1504634.0275498477 0.0309277861 11.3140434823 0.0000000000 -0.1522277214 0.4696469594 0.0000000000 0.8226299748 1.1858687191 -0.4762499737 0.2818968914 0.0657497001 0.4580898835 -0.0000000000 -1.6739876303 -0.3513325961 -0.3174370774 -0.2506679395 
354720.0000000000 -1132914.6211708658 6092527.3726381641 1504632.9464659018 0.0841327532 11.3140434823 0.0000000000 0.2998053315 0.6497861350 0.0000000000 -0.1205592543 1.0123108171 0.7458610731 0.7189419097 -1.1842581993 1.1156557858 0.0000000000 -2.0476410134 0.2342222145 -0.9225289832 -0.4782056022 
354750.0000000000 -1132914.6842916233 6092529.1994953863 1504633.9252011648 0.0585481178 11.3140434823 0.0000000000 0.9118878323 0.3833395805 0.0000000000 0.9772822178 2.0203313677 -0.0222848181 -1.7151956439 -0.2158805480 -0.2339476353 0.0000000000 -1.8613026989 0.3986223393 -1.4880719482 0.9288325764 
354780.0000000000 -1132915.1318160051 6092531.6069677509 1504633.6279063669 0.2467970840 11.3140434823 0.0000000000 0.4495096424 0.3631112328 0.0000000000 1.0904099948 2.4425729717 0.8183939068 -0.0524182897 -1.0133422200 -0.3257614260 -0.0000000000 -2.6170480566 0.3480515780 -1.4260610594 0.0243318310 
354810.0000000000 -1132916.3370669237 6092530.6370337978 1504634.1111464906 0.3096517454 11.3140434823 0.0000000000 -0.1113878853 -0.0139809048 0.0000000000 0.5431699510 1.4716661123 -0.6722478522 0.5055593565 -0.4002284635 1.5358010732 0.0000000000 -2.6346718177 0.4921527897 -0.9025000849 0.2452074555 
354840.0000000000 -1132915.6338642596 6092527.4119327152 1504633.5018645257 0.2229834100 11.3140434823 0.0000000000 0.3057689417 -0.1865269613 0.0000000000 -0.0182562645 -0.4898312370 0.8434175641 -0.6955967883 -0.2383093951 0.7660274903 0.0000000000 -0.2944594273 -0.3937950952 -0.7213699272 1.0763977993 
354870.0000000000 -1132916.1921517341 6092527.4303216897 1504633.4469529251 0.1899105955 11.3140434823 0.0000000000 0.9993775976 -0.1770374003 0.0000000000 -0.3240966622 -0.9731528058 0.2711039054 0.2463964391 1.6017271425 0.3529515397 -0.0000000000 -1.5442039552 -0.0560431153 0.0740132644 -0.5227989127 
354900.0000000000 -1132916.2019399572 6092529.9958172441 1504633.8845663304 0.5102672669 11.3140434823 0.0000000000 -1.3580509090 0.4832324295 0.0000000000 0.8240970857 1.0100962804 -0.7238745631 -0.6559255627 -0.7579092628 2.3254349406 0.0000000000 -1.0163646040 -1.0568692828 -1.3507037010 2.2935964628 
354930.0000000000 -1132914.2951121775 6092530.0698198117 1504634.9055955089 0.8347469077 11.3140434823 0.0000000000 -0.2270075934 1.3668442438 0.0000000000 1.4105893134 3.8337531417 -0.6791417759 -1.3120816382 -1.1566932905 -0.1278139771 -0.0000000000 -2.3156601197 0.3223051555 -1.9706896599 1.0133823202 
354960.0000000000 -1132914.4380916327 6092527.9484371478 1504633.7307695483 0.1694874298 11.3140434823 0.0000000000 -0.1393106024 0.7711503840 0.0000000000 0.3296259255 1.4706650853 0.6119745086 0.1429778036 -0.3645481167 1.0974833322 0.0000000000 -2.8226448696 -0.1234500491 -1.7829696732 0.8340653793 
354990.0000000000 -1132915.3646098578 6092528.3794483533 1504633.2630584803 0.0429855223 11.3140434823 0.0000000000 1.9075863570 -0.4857118543 0.0000000000 0.3480087291 -1.5645259691 -0.2359398458 -0.9382310955 1.8397658857 0.7041784804 -0.0000000000 -1.1296747388 -0.5808477106 0.7125915062 -0.6263618544 
355020.0000000000 -1132915.6500842331 6092525.9144792529 1504634.0448931919 0.2230208311 11.1654816136 0.0000000000 0.0000000000 -0.5902418553 0.0000000000 0.5054850952 -0.6934944047 -0.5689061722 -0.2912113856 1.2370032546 1.0907306509 0.0000000000 -0.8862806155 -0.7315302223 0.0074408558 0.8903541772 
355050.0000000000 -1132915.4145040601 6092531.1843994781 1504634.8509095749 0.0681620290 11.3140434823 0.0000000000 -0.1297369859 0.2259372602 0.0000000000 1.4869846365 2.3953841821 -1.0242439577 -0.4006810890 -0.6600905919 -0.1578370195 0.0000000000 -1.3976731950 0.1526909893 -0.3722708029 0.0044456697 
355080.0000000000 -1132915.2428116971 6092531.1657179343 1504634.6297639180 0.1283526513 11.3140434823 0.0000000000 0.4875139582 0.2311697628 0.0000000000 1.2516593646 1.7773868783 0.2643326865 0.1798432575 -0.6539025339 -0.1946356020 -0.0000000000 -2.1235421236 -0.0019140155 -0.4787630587 -0.6528113566 
355110.0000000000 -1132915.3026144034 6092526.4117447613 1504632.7360126330 0.1379864590 11.3140434823 0.0000000000 0.5307010662 -0.3373594596 0.0000000000 0.2339900883 -1.3818323971 0.2115035365 0.2809552755 0.9358395360 1.2831349266 -0.0000000000 -1.0117051176 -0.9498630275 0.3383474163 -0.1902992889 
355140.0000000000 -1132915.8070030902 6092529.3442748040 1504633.6526253666 0.1472461105 11.3140434823 0.0000000000 -0.2054432217 -0.9423977024 0.0000000000 0.8280864240 0.4035120345 -0.5284906149 0.2697834512 -0.1800846287 -0.0428820588 0.0000000000 -0.1322376878 0.0852522177 0.4071134178 0.0756119863 
355170.0000000000 -1132914.7324745874 6092529.9313240116 1504633.9043252489 0.0523058972 11.3140434823 0.0000000000 0.7939826426 -0.3481840345 0.0000000000 0.6860212787 1.0028281753 0.9886665056 -1.1130774395 -1.0412761304 0.2074625690 0.0000000000 -1.2472266819 0.3032668522 -1.3972840870 1.1885725069 
355200.0000000000 -1132915.1296368048 6092529.1244580951 1504633.0315222256 0.0309201127 11.3140434823 0.0000000000 1.2699967398 0.1105036231 0.0000000000 0.3145455826 0.0662191475 -0.0081051239 0.1309127380 -0.1127175834 1.1052641197 0.0000000000 -1.9636410797 0.2598611591 -0.0453361565 -1.1147451604 
355230.0000000000 -1132915.3592956921 6092529.7278543552 1504633.6572874605 0.1690739955 11.3140434823 0.0000000000 0.8657898388 -0.1116970994 0.0000000000 1.0059699967 0.2261363372 -0.0164286493 -0.0653208574 -1.0133282721 1.5981039792 -0.0000000000 -1.5101675536 -0.3460054153 -0.0259680353 -0.5833925126 
355260.0000000000 -1132915.9285037466 6092532.4679313451 1504634.4917885396 0.1910722888 11.3140434823 0.0000000000 0.1780206530 0.0162776755 0.0000000000 1.4424787410 1.3071877158 -1.3194415530 0.0182938163 -0.1790609850 1.0549138328 -0.0000000000 -1.8654281553 -0.2827273533 0.1881428905 -0.4805790135 
355290.0000000000 -1132916.0324828934 6092531.5341240726 1504634.0803152043 0.0300351441 11.3140434823 0.0000000000 0.0637074256 -0.1137010068 0.0000000000 1.2379880134 0.5859181348 -1.0261411763 -0.0128822735 -0.4967840325 1.8488171643 0.0000000000 -1.5067488637 -0.5933678964 0.0508918131 0.0005852530 
355320.0000000000 -1132914.7161971738 6092530.5821232442 1504633.5167667493 0.0415318093 11.3140434823 0.0000000000 0.6943323687 -0.0428828694 0.0000000000 1.1857023410 0.9797551981 -0.3151081740 -0.5942725856 -0.6114660758 0.9296415930 -0.0000000000 -1.6530814781 -0.1652358533 -0.4110616813 0.0530815202 
355350.0000000000 -1132915.6208751132 6092530.2276106011 1504633.5319488600 0.1756155822 11.3140434823 0.0000000000 1.4303102479 -0.3051153053 0.0000000000 1.1137569883 0.5540395177 0.1112462228 0.1063012162 0.1114332533 0.9038743298 0.0000000000 -2.9409389415 0.1063822578 -0.2664222460 -0.8855985873 
355380.0000000000 -1132915.1048225220 6092529.9790428542 1504633.4178995269 0.8497560699 11.3140434823 0.0000000000 0.9295370271 -0.7377846992 0.0000000000 0.4709339054 -0.4338927941 0.9301658678 -0.3937306618 -0.1240897908 1.2718561815 0.0000000000 -1.7499094147 -0.1475818607 -1.0085432181 0.9617970808 
355410.0000000000 -1132914.1183941651 6092528.5650475025 1504633.6951713965 0.1420610310 11.3140434823 0.0000000000 -0.6003790836 0.0332148398 0.0000000000 0.2447715367 0.9437711863 0.0173655671 -0.0708651181 0.0446974143 0.2549947030 0.0000000000 -1.0520896373 -0.0656435807 -1.0191300741 1.2813913166 
355440.0000000000 -1132915.6451145175 6092530.9442681707 1504633.7246608350 0.0037932112 11.3140434823 0.0000000000 1.0108373728 -0.7335969274 0.0000000000 1.5086090634 0.5271659154 -0.3129607082 -0.3150651943 -0.4158247782 0.3593880351 0.0000000000 -1.2061185009 -0.1504304988 0.3902470705 -0.6075825146 
355470.0000000000 -1132915.3441480729 6092530.7479755022 1504634.0206784813 0.3302790896 11.3140434823 0.0000000000 0.4761604676 -0.4484304379 0.0000000000 1.3145186359 1.2761792941 -0.6958654695 -0.7167243877 0.8477960395 0.0549206057 0.0000000000 -2.1213266308 -0.1669623534 -0.4730728030 0.7103153744 
355500.0000000000 -1132915.5133153112 6092528.4954252010 1504633.7139890937 0.2965371712 11.3140434823 0.0000000000 0.6439591490 0.2115833235 0.0000000000 0.4139406694 -0.0551285990 0.2363945426 0.4019428428 0.0097022746 0.6607176983 -0.0000000000 -1.4304995486 -0.1838942417 0.0001610546 -0.9015890272 
355530.0000000000 -1132915.2368926173 6092529.8880704772 1504633.8319602190 0.1041584160 11.3140434823 0.0000000000 -0.1499839330 -0.5386967357 0.0000000000 1.1973954902 1.4794920906 0.6034355019 0.2025493139 -0.1949065317 -0.5417759997 -0.0000000000 -1.7643335644 -0.1984123320 -0.8224777376 0.7761012341 
355560.0000000000 -1132915.6278545102 6092529.6618949268 1504633.6273425766 0.0171431803 11.3140434823 0.0000000000 1.2341138741 0.1525246717 0.0000000000 0.3598633811 1.0837084155 0.1143588243 -0.6324057866 -0.3609761930 0.3023112470 -0.0000000000 -2.0385968401 0.9426312187 -0.9094699145 -0.2062938014 
355590.0000000000 -1132915.7700639805 6092530.0974935954 1504633.7232579014 0.1066664188 11.3140434823 0.0000000000 1.3741654539 0.5648895687 0.0000000000 0.4405676095 0.3304082771 -0.1982481555 -0.1324990657 -0.3886059362 1.2434143334 -0.0000000000 -2.0890535635 0.4467707002 -0.2372850862 -1.3251789980 
355620.0000000000 -1132915.9239060851 6092530.2991936598 1504633.7066090554 0.0001027421 11.3140434823 0.0000000000 1.2438088293 -0.3305258036 0.0000000000 1.1416414677 -0.3849960291 0.5569338002 0.2925739749 0.3064750213 1.2330570903 -0.0000000000 -2.5783978941 -0.6027199239 -0.2199603190 -0.6542697120 
355650.0000000000 -1132914.0634020646 6092528.3646086818 1504633.3721414716 0.0000469185 11.3140434823 0.0000000000 1.0897197802 -0.4513005730 0.0000000000 1.0696391562 1.1931959116 0.3390734758 -0.3898231746 0.3257835204 0.2603498566 -0.0000000000 -3.0654996874 0.3350722959 -1.1183534982 0.4560122069 
355680.0000000000 -1132915.7409015084 6092528.5344281616 1504632.9161255159 0.3764476282 11.3140434823 0.0000000000 1.0380098229 -0.3922702040 0.0000000000 0.7423364849 -0.3853394960 -0.1413458896 0.1175666275 1.1751461009 -0.2793323297 -0.0000000000 -1.1381709692 -0.2960535506 0.7660314345 -1.1866016870 
355710.0000000000 -1132915.7895421910 6092530.5159004722 1504633.0377851189 0.4893886874 11.3140434823 0.0000000000 1.3130257043 -0.2570585187 0.0000000000 1.1273748516 0.4682865751 0.7851929626 0.1137081256 -0.0933145091 -0.0436517080 0.0000000000 -2.2085460131 0.0166812761 -0.2607038116 -0.9226837934 
355740.0000000000 -1132915.5089542877 6092530.2832839256 1504633.0628792979 0.0059681618 11.3140434823 0.0000000000 0.8901100230 -0.6533335150 0.0000000000 0.4256469384 -1.1664983758 0.6883552808 0.9753057628 1.1888324364 0.7009981016 0.0000000000 -2.0109351698 -0.4190793536 0.1156632258 -0.7605147081 
355770.0000000000 -1132915.4844228693 6092529.0078769345 1504633.4166580257 0.0553782783 11.3140434823 0.0000000000 0.0630564671 -0.3127502635 0.0000000000 0.9427479301 0.2313457099 -0.0510842183 0.8214386905 0.7750934263 0.4333690576 -0.0000000000 -1.9800436434 -0.6351776799 0.0600949008 -0.3307455903 
355800.0000000000 -1132915.0174509084 6092528.2621923424 1504633.1433926085 0.9337916543 11.3140434823 0.0000000000 0.4734592424 0.4670623795 0.0000000000 0.8877549308 0.3017377637 -0.4009725472 -0.0764050343 1.3471597782 0.8318346430 0.0000000000 -2.5008464645 -0.8893446652 -0.2621953569 -0.1618372162 
355830.0000000000 -1132914.7642356388 6092527.4195647454 1504632.6343463759 0.0471712434 11.3140434823 0.0000000000 -1.3333683731 -0.2072984720 0.0000000000 -0.4551633111 -0.4386828979 0.4825690507 1.4541911150 1.0631872555 0.5794952957 -0.0000000000 -0.9876026229 -0.7237046151 -0.6350635923 1.1483272302 
355860.0000000000 -1132916.5013223786 6092530.2227913709 1504634.0438166624 0.8165974499 11.3140434823 0.0000000000 0.4172048058 0.5037009978 0.0000000000 0.6445877675 0.4190114545 -0.9166096478 -0.3489046868 0.3639685556 0.9524219668 0.0000000000 -1.3371183974 -0.2921669959 0.0443497275 -0.4225454300 
355890.0000000000 -1132916.0494145802 6092530.0680504572 1504634.0494896963 0.3532208426 11.3140434823 0.0000000000 0.5139676526 -0.0625246793 0.0000000000 0.8868401762 0.4519572442 -1.0401580896 -0.2416677614 0.4195422026 1.0692296986 0.0000000000 -1.6584107582 -0.1496306689 0.0458182294 -0.2016977842 
355920.0000000000 -1132914.2740284374 6092527.5363355596 1504632.1483879825 0.0754099516 11.3140434823 0.0000000000 -0.1774964838 -0.5649247615 0.0000000000 0.2830981469 -0.1542974734 -0.5814416634 -0.1542915459 0.5364401582 1.3669130850 -0.0000000000 -1.0588245712 -0.3441179960 -0.5888414338 1.4215422060 
355950.0000000000 -1132914.6253269785 6092529.0821141172 1504633.0983777675 0.1000267248 11.3140434823 0.0000000000 0.9914685762 -0.6804016640 0.0000000000 0.7242245961 -1.1401550141 -0.3778549761 0.2083601492 0.6720940401 1.5797677378 -0.0000000000 -1.4461438459 -0.3563368751 0.2706183390 -0.4533496346 
355980.0000000000 -1132914.0800380013 6092526.6652003936 1504632.6171985844 0.0005401156 11.3140434823 0.0000000000 0.2556112244 0.0096163626 0.0000000000 0.1513338024 0.2393903361 -0.1579541750 -1.0491548695 0.9447624312 0.4705560399 -0.0000000000 -1.1303941942 -0.3854917045 -0.9490922915 1.5935694690 
356010.0000000000 -1132914.3777498032 6092529.7041621748 1504632.9404244376 0.6196177233 11.3140434823 0.0000000000 0.3676144711 -0.1482355309 0.0000000000 0.8420501828 0.6949955946 -1.1093939998 -0.7933973270 0.8519069682 -0.2705856809 0.0000000000 -0.5500982762 -0.3324508562 0.5276205907 -0.0372141311 
356040.0000000000 -1132914.1384907023 6092527.5287485849 1504632.9331531820 0.4040425944 11.3140434823 0.0000000000 0.6730096923 -0.3374114600 0.0000000000 0.3809060901 0.9008937076 -0.9485771461 -0.0550358372 1.5237888942 -0.0582836135 -0.0000000000 -2.3431769028 0.6087652828 -0.0672340462 -0.2351403899 
356070.0000000000 -1132915.2260503725 6092529.2946603177 1504633.0385706518 0.0811253951 11.3140434823 0.0000000000 1.5564405457 -0.2393658214 0.0000000000 0.8731547234 0.6394060827 -0.7437632047 -0.8934718199 0.2623148891 0.2058631691 -0.0000000000 -1.6251197478 0.7175133020 0.0704470725 -0.7651611837 
356100.0000000000 -1132914.5592758048 6092529.1887071170 1504633.9758110638 0.2967821788 11.3140434823 0.0000000000 1.6437068354 1.3584994466 0.0000000000 1.0778427943 0.5429501873 -0.5415775776 -1.2637775088 0.2996486989 0.4493040782 0.0000000000 -1.7372726045 -0.2530851807 0.1386310023 -1.6560939745 
356130.0000000000 -1132914.8777417536 6092528.7556100255 1504632.8161432156 0.0307013824 11.1654816136 0.0000000000 0.0951009351 0.2538526660 0.0000000000 0.9556494483 1.0025641331 -0.7939965389 -0.0534575954 0.4385193787 0.3805314034 0.0000000000 -1.6429555431 -0.3884786317 0.0409603814 -0.2473943917 
356160.0000000000 -1132914.9743369939 6092528.8562062681 1504633.6016390990 0.8428568301 11.3140434823 0.0000000000 0.5904891995 -0.2157506253 0.0000000000 0.9836721163 0.7526277043 -1.4108301911 -0.5632314894 1.3455784011 -0.1936208735 -0.0000000000 -1.2356860975 -0.2506823232 0.7843762977 -0.5339238120 
356190.0000000000 -1132914.8136772872 6092528.2520586336 1504633.2214678510 0.5115526492 11.3140434823 0.0000000000 -0.3744203355 -0.1739104688 0.0000000000 0.4853971915 1.1592834344 0.0012741491 0.1753800834 0.4085547500 -1.1496777978 0.0000000000 -0.5331578680 -0.2438559546 0.1526150789 0.1206375157 
356220.0000000000 -1132914.5877395151 6092527.8587622726 1504633.1573494407 0.4437174800 11.3140434823 0.0000000000 0.7108690084 0.1232634944 0.0000000000 0.4171935755 -0.1694633533 -0.3030541734 -0.7488079720 0.6246751612 0.4537690198 -0.0000000000 -0.7755063685 -0.3128519506 -0.1131543098 0.1035285613 
356250.0000000000 -1132913.6981532397 6092529.9935806794 1504632.5443337390 0.0105199464 11.3140434823 0.0000000000 0.8613888907 0.0477364943 0.0000000000 0.6944609011 0.0269247793 0.1036893388 -0.1896024707 -0.0982767109 -0.0635704699 0.0000000000 -0.6609631739 0.0185589111 0.2444693940 -0.9560430448 
356280.0000000000 -1132913.5479681944 6092528.7121446216 1504632.0401849099 0.5869557474 11.3140434823 0.0000000000 1.7243713647 0.1201611268 0.0000000000 0.6146808765 -0.4983313453 -0.7626388125 -1.0143268407 0.5644730417 1.1720045460 0.0000000000 -1.4471537844 0.3499728167 -0.0006079138 -0.7903118241 
356310.0000000000 -1132914.7701481783 6092530.6269686772 1504632.8078857588 0.0046485822 11.3140434823 0.0000000000 0.6890908409 -0.1819929320 0.0000000000 0.6696634852 0.0692646402 0.2284749455 -0.1120983695 0.1855336662 0.1025176292 -0.0000000000 -1.1203721144 -0.1202357859 -0.1625059522 -0.2276493899 
356340.0000000000 -1132915.2173634141 6092528.1284097927 1504633.2429113279 0.0147288782 11.3140434823 0.0000000000 -0.5581242466 0.7781057249 0.0000000000 0.2750506597 0.7521237246 -0.3832365127 0.0002470790 0.6459110198 0.4145839002 -0.0000000000 -1.2028081410 -0.7813708251 -0.3701644229 0.4334703404 
356370.0000000000 -1132915.4568617078 6092529.2673104964 1504633.8999433923 0.0548782437 11.3140434823 0.0000000000 0.1688067116 -0.3040414716 0.0000000000 0.9633419343 0.6221900208 -0.6830813143 0.5895377918 0.1290320436 1.3097345395 0.0000000000 -2.3774037384 -0.0083065082 -0.3881305720 0.0077684424 
356400.0000000000 -1132914.7586720800 6092528.6511615841 1504633.1068184602 0.1131443775 11.3140434823 0.0000000000 0.8031822678 -0.3083070681 0.0000000000 0.4650603991 -0.0572642587 -0.2343285765 0.1848988570 0.6839188502 0.8173994739 -0.0000000000 -2.0407667332 0.2866189674 -0.3714029542 -0.2091243340 
356430.0000000000 -1132914.8221998494 6092529.0652531628 1504633.4062775876 0.0673090572 11.3140434823 0.0000000000 -0.6382924506 0.7112692531 0.0000000000 -0.1202968051 0.7386908329 0.3407612242 0.8284209468 0.4008485108 0.5574445309 -0.0000000000 -2.0054725307 -0.2144894949 -1.0163276885 0.4085472384 
356460.0000000000 -1132915.1736307067 6092528.9275387805 1504632.5874201464 0.4407876156 11.3140434823 0.0000000000 0.8680616597 0.8142475925 0.0000000000 0.7019379778 -0.3477564111 0.3491043919 -0.0949561455 0.9067009614 1.4858257820 0.0000000000 -2.8676424331 -0.6960416415 -1.0718208298 -0.0393199477 
356490.0000000000 -1132915.3222455268 6092531.3726813309 1504633.1364219394 0.2603149235 11.3140434823 0.0000000000 1.0098998951 -0.0621939892 0.0000000000 1.2512885480 1.1541079910 -0.3066313814 -0.3634802064 0.1680541443 0.3338892722 -0.0000000000 -2.5939032014 0.2195020100 -0.5065861832 -0.2456189933 
356520.0000000000 -1132913.9100660088 6092528.0094893537 1504632.6133183925 0.9037159218 11.3140434823 0.0000000000 0.1665902170 0.7594497550 0.0000000000 0.3302751383 0.7461661080 0.0304663798 -0.5445030504 0.0963110970 0.3546324116 -0.0000000000 -1.2958256078 -0.2611235080 -0.7766227350 0.4087717969 
356550.0000000000 -1132915.6201165817 6092528.9531866089 1504633.4327488174 0.3575108651 11.3140434823 0.0000000000 -0.3325813256 1.6321820559 0.0000000000 0.5476954352 1.7084053878 0.3916326143 -0.2219761164 -0.9533072377 0.0171310238 -0.0000000000 -1.3566985811 -0.2717161755 -0.9233968977 -0.2124052316 
356580.0000000000 -1132916.0618545837 6092529.0133004449 1504633.7629361737 0.1949058794 11.3140434823 0.0000000000 -0.6555591676 1.4433670396 0.0000000000 0.1569195839 0.9616084241 -0.7883218473 -0.7763401115 0.6905756833 0.9009833932 0.0000000000 -1.1527687120 -1.0771418357 -0.6660414397 0.9619278793 
356610.0000000000 -1132914.9665238252 6092528.2170333909 1504633.3540873977 0.2140175407 11.3140434823 0.0000000000 -0.4441970057 2.0942677113 0.0000000000 0.3410121617 0.9596611487 -0.3900036308 -0.6448484519 -0.3327987748 1.2429795467 0.0000000000 -1.2472076766 -0.8048885071 -0.9292417168 0.1630424607 
356640.0000000000 -1132914.5780447859 6092528.7879640125 1504632.9142067339 0.0073123257 11.3140434823 0.0000000000 0.3505272859 2.3905350004 0.0000000000 -0.0206828050 0.7515261844 -0.0965696565 -0.6145661514 0.7538395265 1.1023469149 -0.0000000000 -2.6417149566 -0.2146025822 -1.2385164657 -0.5042540851 
356670.0000000000 -1132914.9490615812 6092528.9452051939 1504632.6001454142 0.0752825751 11.3140434823 0.0000000000 1.2396102240 1.5169681496 0.0000000000 -0.0078330814 0.1544990397 -0.0694094723 -1.7390712441 0.5661761548 0.6885847035 -0.0000000000 -1.4351777522 0.1349933431 -1.0730993935 0.0501904051 
356700.0000000000 -1132914.2480314285 6092526.7237528721 1504631.0329499932 2.0852010804 11.3140434823 0.0000000000 -0.5400787830 2.0655449638 0.0000000000 -0.0106180624 1.1190163551 -1.1541113524 -0.5085087413 0.5882897159 0.4708770163 0.0000000000 -0.8278872238 -0.4790513574 0.1906275557 -0.8991587474 
356730.0000000000 -1132914.7115708119 6092527.0832543708 1504632.2494549390 0.2803073839 11.3140434823 0.0000000000 -1.0308496945 2.7780907020 0.0000000000 -0.9597690479 0.8338515914 -1.0170746155 0.5642429100 0.0821839722 2.2577362606 0.0000000000 -2.1024999189 0.4670059622 -1.1735166377 -0.7097583029 
356760.0000000000 -1132914.5720702133 6092527.0577354869 1504631.9579978287 0.8990377709 11.3140434823 0.0000000000 -0.3296442751 2.7494620593 0.0000000000 0.0821167912 0.0342467902 -0.3970270738 -0.7743791191 0.2723689040 1.2770948374 -0.0000000000 -0.6180304124 -1.1844588691 -0.4065977746 -0.7090968951 
356790.0000000000 -1132915.6781575456 6092529.1202775137 1504632.9604996070 0.0015458436 11.3140434823 0.0000000000 0.6414203207 2.0987578085 0.0000000000 0.1997527880 -0.8378955978 -0.6260910534 -0.6876852459 0.7288793893 2.0340033441 0.0000000000 -1.4560705499 -0.5488711776 -0.5225458457 -1.0086941114 
356820.0000000000 -1132914.9587158684 6092528.9486144651 1504632.9375619714 0.0130033361 11.3140434823 0.0000000000 -0.0720901562 3.2651772967 0.0000000000 -0.8197118800 1.2736978126 1.1289177310 -0.5039705429 0.0528380368 -0.3795013310 0.0000000000 -1.7195159106 0.3127655813 -1.4163107689 -1.1221541364 
356850.0000000000 -1132914.6011036385 6092528.5277234446 1504631.6374256052 0.0188844431 11.3140434823 0.0000000000 -0.1166775096 3.3655302185 0.0000000000 0.0281084266 1.1954347011 -0.4413741767 -1.0933701093 0.2864262626 1.0095404484 0.0000000000 -1.8589019474 -0.5012964803 -0.9448247345 -0.9091410435 
356880.0000000000 -1132916.1128749009 6092530.6341984393 1504632.6872678443 0.0568402679 11.3140434823 0.0000000000 -0.2064206289 3.4649021469 0.0000000000 0.2219614099 1.4748287937 -1.0297532278 -1.2270828449 0.2894474781 0.6058358953 0.0000000000 -1.2526911547 -0.5125355254 -0.0721890178 -1.7265013434 
356910.0000000000 -1132915.7174606568 6092528.4137338772 1504632.3135224450 0.0650430252 11.3140434823 0.0000000000 -0.2036543890 3.9868274842 0.0000000000 -0.2872343617 -1.0287877810 0.3354201490 -0.8163045675 0.5198316285 2.2161927175 -0.0000000000 -1.0919773544 -1.5281389803 -1.3080226152 -0.8147388950 
356940.0000000000 -1132916.2620194687 6092529.6034923373 1504632.7717652449 0.2317433754 11.3140434823 0.0000000000 -0.5122442839 4.4956345175 0.0000000000 -0.2665248906 1.6104665770 0.2299878068 -1.4489436748 0.5254753747 -0.5317312703 0.0000000000 -0.8855206996 -1.0417970511 -0.3400493073 -1.8333627705 
356970.0000000000 -1132916.2218106587 6092527.7515607867 1504631.7821818478 0.8796222684 11.3140434823 0.0000000000 -0.6584281874 3.8071452812 0.0000000000 -0.1725042824 0.7622743697 -0.2071132031 -0.9826476408 0.5851293944 0.5460150665 0.0000000000 -0.7984119220 -1.2327040643 -0.3293317927 -1.3266003017 
357000.0000000000 -1132915.5057431217 6092529.0479867598 1504632.4076110783 0.6931772675 11.3140434823 0.0000000000 -0.6852406410 4.6879995453 0.0000000000 -0.5118667397 0.2310498221 0.3805657177 -1.2491716080 -0.2028552597 0.6119319969 -0.0000000000 0.2025420405 -1.1639834513 -0.5796505083 -1.7425886563 
357030.0000000000 -1132912.3858478183 6092513.0272589037 1504628.0473064478 3.7236405628 11.3140434823 0.0000000000 3.6682837741 2.0878617090 0.0000000000 12.0837509871 1.5773508375 0.7332699992 -3.2323553599 -4.4746575817 1.0263716356 -0.0000000000 -3.5005476791 -7.4199033654 1.0613137913 -3.3528214833 
357060.0000000000 -1132912.1523861657 6092511.3219031682 1504629.0588959029 4.1781273274 11.3140434823 0.0000000000 2.4348670709 2.4021568827 0.0000000000 11.4291589046 1.4213798278 -0.0773084660 -2.0715092985 -4.5496328060 2.7400112424 0.0000000000 -3.9727867983 -7.2704379575 0.5587730446 -2.8159400958 
357090.0000000000 -1132911.9658768617 6092513.2003631098 1504628.9027659267 2.5203319697 11.3140434823 0.0000000000 2.7294434959 3.1460742655 0.0000000000 11.2474478150 1.1816921677 0.0529188017 -2.3582353232 -3.8369169172 2.2254176106 -0.0000000000 -3.9515570101 -7.3074861585 0.9135656829 -3.8101002685 
357120.0000000000 -1132912.8039249475 6092510.5469344873 1504629.8151438870 1.8971899198 11.3140434823 0.0000000000 3.5598171573 2.6257507171 0.0000000000 11.5649825156 1.5332280375 1.5517723991 -2.5865287897 -4.5087699595 1.1274466151 0.0000000000 -4.5158125645 -6.7987980216 -0.0267531757 -3.2775806910 
357150.0000000000 -1132912.5208129021 6092515.0940448735 1504630.5311317390 0.0280024092 11.3140434823 0.0000000000 3.3393701901 2.6818462213 0.0000000000 12.4352335698 2.8682682551 -0.0511824098 -2.4087720412 -5.0694279598 1.8246279178 -0.0000000000 -5.4677876502 -6.2970195055 0.4400617081 -4.0073742867 
357180.0000000000 -1132911.7915861879 6092511.4417390609 1504629.5070046668 0.2881743416 11.3140434823 0.0000000000 3.0207453542 3.0034430479 0.0000000000 12.0787658839 1.7001621041 -0.7644312388 -2.9425268222 -4.0795029805 2.7942601087 -0.0000000000 -4.6081952530 -7.3277935205 0.6287522309 -3.2360709873 
357210.0000000000 -1132912.4007475979 6092513.4975300673 1504629.2586955675 2.4660707091 11.3140434823 0.0000000000 2.9798230834 3.3824185371 0.0000000000 11.8793385719 2.1950159770 -0.5827239935 -2.9371107840 -3.6411249547 1.5969754955 0.0000000000 -4.4596339003 -7.1335453753 1.2749328720 -4.2917082163 
357240.0000000000 -1132912.6863259522 6092513.0874487078 1504628.9638801720 2.6030256185 11.3140434823 0.0000000000 3.1894956049 3.1068614556 0.0000000000 11.9988580378 1.1192010184 0.3564382760 -1.9781667684 -4.0409255251 2.4794090301 -0.0000000000 -5.2546367545 -6.9946896231 0.1706303089 -3.8880078505 
357270.0000000000 -1132912.0855014471 6092512.4406793769 1504629.8256678425 2.8391511989 11.3140434823 0.0000000000 1.6038625604 3.8309826553 0.0000000000 11.5788101400 2.9509467174 -0.4923366626 -2.4081665881 -4.6545496818 1.8318756083 -0.0000000000 -4.0031405722 -7.3890119052 0.7634103642 -3.3915943239 
357300.0000000000 -1132913.1340783061 6092511.0628861096 1504628.7541581909 5.5402009878 11.3140434823 0.0000000000 2.1806090766 4.1936986242 0.0000000000 12.1928666270 1.9898314136 0.0148085853 -1.6653072155 -3.8634671825 2.4553570591 -0.0000000000 -5.6569205787 -7.6942013606 0.4004554465 -4.3018390604 
357330.0000000000 -1132912.2111289992 6092511.9741386054 1504628.5614107137 8.2261851280 11.3140434823 0.0000000000 2.0930861797 3.8798302405 0.0000000000 11.4868214020 1.3306832335 -0.7233117625 -2.2050930102 -4.3760169589 3.3226895074 0.0000000000 -4.2728568242 -7.1275671177 0.1624130858 -3.3291104557 
357360.0000000000 -1132911.0914947391 6092510.7785835648 1504627.8558444267 4.4709399841 11.3140434823 0.0000000000 1.9955984821 4.9445337261 0.0000000000 12.3216175661 2.9202961137 -0.0058610090 -3.0686441993 -5.0411160971 1.9219958970 0.0000000000 -4.4456873324 -7.8338132654 0.1187431530 -3.5875020928 
357390.0000000000 -1132912.6772370848 6092512.5114763286 1504629.4026478142 2.9120757117 11.3140434823 0.0000000000 2.2192299020 4.8991676323 0.0000000000 11.9376533252 2.4082998084 0.8626680414 -2.5692686504 -4.9329802797 1.6041309184 0.0000000000 -4.7035175468 -7.3726994676 -0.3177990556 -3.8007994017 
357420.0000000000 -1132910.1784766063 6092511.5294016879 1504627.9622884963 1.4281402522 11.3140434823 0.0000000000 3.5454441912 5.1097549723 0.0000000000 12.1790877102 1.7978421938 0.2589453625 -3.9325387199 -4.9128659745 2.1587759514 -0.0000000000 -4.6713676931 -6.6494823018 -0.5856152976 -4.0050588367 
357450.0000000000 -1132911.5655160884 6092511.4501819033 1504628.1311662204 4.1491238211 11.3140434823 0.0000000000 2.2684002116 5.7249016443 0.0000000000 12.2763856046 2.2122289164 1.0654320532 -2.9211153908 -5.2446750428 1.7277091934 0.0000000000 -4.5684126394 -7.6636526076 -0.5860744294 -4.0518060454 
357480.0000000000 -1132912.6926800129 6092514.6148958579 1504629.0058641648 0.1189761369 11.3140434823 0.0000000000 3.0240429439 6.0107744815 0.0000000000 12.2606481716 0.6925614431 1.4025388098 -3.2137139178 -5.4546876903 3.1413891048 0.0000000000 -4.8890608063 -7.4397017677 -1.9610555865 -3.2974843993 
357510.0000000000 -1132911.9365802731 6092514.1057035364 1504628.8070934822 0.2126686019 11.3140434823 0.0000000000 3.0082443831 5.6729961493 0.0000000000 12.5975562945 1.7184343984 1.5084090616 -3.2572528582 -5.0933218774 1.7010407370 0.0000000000 -5.0434178509 -7.5749139144 -1.1692368096 -3.8015678272 
357540.0000000000 -1132912.9970053446 6092514.0264122644 1504629.3798136390 1.6470799206 11.3140434823 0.0000000000 3.2137819230 6.1960560203 0.0000000000 11.9798102274 2.0353475415 1.0773866170 -3.8078673063 -4.5171823771 1.6290831081 -0.0000000000 -5.3595253647 -6.8474446630 -1.2232599156 -4.0993715310 
357570.0000000000 -1132911.8219335733 6092512.7315222705 1504627.9435621512 2.3519327313 11.3140434823 0.0000000000 2.5996354622 6.5538873716 0.0000000000 12.1026179716 0.1350909226 1.1291118227 -2.7376437679 -5.0124413191 3.3124156675 -0.0000000000 -4.6106725828 -7.4906812421 -1.6082440438 -4.1035675792 
357600.0000000000 -1132911.9811263536 6092511.2556715040 1504627.5725770544 3.9373624716 11.3140434823 0.0000000000 2.0451926859 6.7321552951 0.0000000000 11.9070532039 2.2756115087 -0.0180032554 -3.1362150883 -4.7050776111 2.4096410937 0.0000000000 -4.9843478230 -6.9403240459 -0.6453864464 -4.6859904321 
357630.0000000000 -1132912.8517754003 6092512.9531985074 1504628.7027279898 3.8074121612 11.3140434823 0.0000000000 2.9494635339 7.0501037927 0.0000000000 12.4737846158 0.4226843182 0.5875586721 -3.5205650537 -5.0096547974 3.1081670771 0.0000000000 -4.4743277813 -7.2690894934 -1.3001061402 -4.7222302162 
357660.0000000000 -1132912.7043821600 6092512.6714793835 1504627.9731973256 6.4133286884 11.3140434823 0.0000000000 2.7857909797 7.0403217361 0.0000000000 12.5750829870 0.9389809756 -0.5993174735 -3.7527536495 -4.1964028348 2.9722069405 0.0000000000 -4.4940580771 -7.2841109429 -0.1973199219 -5.4887005636 
357690.0000000000 -1132913.6999986954 6092516.0763311358 1504629.1967122324 3.1571509341 11.3140434823 0.0000000000 2.3065833445 7.5954982650 0.0000000000 13.0297167516 1.3855360424 -0.2417031003 -3.6824540438 -4.5251143309 2.9648142854 0.0000000000 -4.8255526851 -8.0375808729 -0.5742024126 -5.1101393378 
357720.0000000000 -1132913.2372390509 6092512.7532322351 1504628.5473966186 2.6625681765 11.3140434823 0.0000000000 1.2565233412 7.5145803518 0.0000000000 11.6958654746 0.7298060525 0.4262453750 -2.3074058487 -4.2265284293 2.3662397528 -0.0000000000 -3.6969397446 -7.7223719089 -0.0673847446 -5.7584926115 
357750.0000000000 -1132912.6950771776 6092513.1881041089 1504628.4791004402 0.1334769457 11.3140434823 0.0000000000 2.2787025359 8.9148897934 0.0000000000 12.0177998602 1.0369078716 1.1346713785 -3.9122758594 -5.0711221472 1.9958876115 -0.0000000000 -3.9029147964 -7.1364797096 -1.1668055709 -5.9370161077 
357780.0000000000 -1132912.8419244550 6092512.0034878682 1504627.5690027818 0.4191346779 11.3140434823 0.0000000000 1.1402672324 8.9055255504 0.0000000000 12.1361277412 2.1420906262 0.6653149359 -3.6133131551 -4.4333962499 1.3381659847 -0.0000000000 -3.8044163361 -8.2211127996 -0.0706020942 -5.9931002492 
357810.0000000000 -1132912.5627550455 6092514.0481846994 1504628.0963101117 0.1995816232 11.3140434823 0.0000000000 0.8228421457 8.7334181022 0.0000000000 12.7336596273 3.0550534745 -0.0684683787 -3.1197085846 -4.9230646817 1.7893504013 -0.0000000000 -4.7110926925 -7.8828563895 -0.0298420468 -6.1942418839 
357840.0000000000 -1132913.2712016243 6092515.2037322726 1504628.6560855869 0.5983388800 11.3140434823 0.0000000000 2.4285510439 9.2477867949 0.0000000000 13.2992734470 1.4471272063 0.6445047018 -3.3832872345 -4.7361555945 2.4234233147 -0.0000000000 -5.8099964573 -7.1979399949 -1.2177412953 -6.8477557947 
357870.0000000000 -1132913.1831748711 6092514.9480207805 1504629.1340249109 0.0287342126 11.3140434823 0.0000000000 2.9024962640 10.3412910705 0.0000000000 12.2836426366 -0.2973106348 1.8717662849 -4.0769061334 -4.4326605929 2.9514971037 0.0000000000 -5.3448927470 -7.2043517759 -2.8710327573 -5.8081053978 
357900.0000000000 -1132912.0137024003 6092513.7870152947 1504628.0769515394 1.6555149833 11.3140434823 0.0000000000 2.0276251698 9.4578830417 0.0000000000 12.4261037120 1.0021251447 0.1730765112 -4.2869276542 -5.0519696809 2.8408218877 0.0000000000 -4.0585783810 -7.1729948526 -1.4711937960 -5.6032744799 
357930.0000000000 -1132911.8712011978 6092511.8657899098 1504628.3823660624 2.1992818850 11.3140434823 0.0000000000 0.4524630310 10.7308495942 0.0000000000 11.8312026487 2.5389961843 0.0686884009 -2.9545588713 -5.2240131315 3.8968336401 0.0000000000 -6.3281213416 -6.7491091456 -2.6668629541 -5.3448646342 
357960.0000000000 -1132913.2443407348 6092514.4285699110 1504628.8276796925 1.2559368232 11.3140434823 0.0000000000 1.2157574151 10.0038522831 0.0000000000 12.0941465724 0.7176352056 0.8120875089 -3.6472652449 -4.2634673555 2.3751549810 -0.0000000000 -3.9627291564 -7.9999788479 -1.2285655311 -5.8908879507 
357990.0000000000 -1132913.2689959812 6092514.1029140847 1504628.3903937035 0.7931866693 11.3140434823 0.0000000000 1.1944004874 10.5027320361 0.0000000000 12.7639952065 1.9410852348 0.0485087728 -3.7442939147 -4.8318362658 3.3381998733 -0.0000000000 -5.7766730536 -7.4757894157 -2.1169730173 -5.5651409945 
358020.0000000000 -1132913.3768393204 6092514.2650434226 1504627.9678671628 0.6719118654 11.3140434823 0.0000000000 0.0542594247 11.0785825023 0.0000000000 12.5025594849 0.7633812320 0.4207133672 -2.3570009320 -5.3697984338 4.2865946919 0.0000000000 -5.0458201735 -7.8785705285 -2.4622920180 -5.7463881035 
358050.0000000000 -1132913.0602786874 6092513.8994277110 1504627.8070357603 0.3018450425 11.3140434823 0.0000000000 0.8182227223 11.0688798239 0.0000000000 12.5279286641 0.1329212425 -1.7688992065 -3.6323742329 -4.1676281991 5.3111927099 0.0000000000 -4.6597047942 -7.3647682098 -1.4578938551 -6.4763024279 
358080.0000000000 -1132912.5716604574 6092514.5356529858 1504628.1922913615 0.8743414220 11.3140434823 0.0000000000 1.1066643404 10.7710136751 0.0000000000 12.9632986616 0.8892147232 -0.2405253455 -4.1188156281 -4.8992630722 3.1772316044 -0.0000000000 -3.9772565270 -7.7828866970 -1.3513318502 -6.2668478599 
358110.0000000000 -1132914.2475261679 6092516.0659604808 1504628.3728370620 2.1850397231 11.3140434823 0.0000000000 1.9519303743 10.6788439861 0.0000000000 13.4499028604 0.8257863660 0.9571071944 -4.2465930196 -5.6503117870 2.4606247031 -0.0000000000 -4.4484995470 -7.3200121268 -2.3236133619 -6.0397461577 
358140.0000000000 -1132913.7394006990 6092516.5233145123 1504627.9682022873 1.2592918666 11.3140434823 0.0000000000 2.3744120808 11.8105153337 0.0000000000 13.3012157759 1.0091288474 0.6547150319 -5.3765561443 -4.5067354511 2.7165673201 0.0000000000 -5.4783573132 -7.4102408696 -2.7367524740 -6.0217555229 
358170.0000000000 -1132914.0947373456 6092517.5295775915 1504628.6994052306 1.1796877795 11.3140434823 0.0000000000 2.1432813804 11.4215196837 0.0000000000 13.1479703106 0.1364951814 1.9394419559 -3.8735799292 -4.6854284609 2.1020145022 -0.0000000000 -5.3128728984 -7.2367009287 -2.8484291475 -6.6375763069 
358200.0000000000 -1132912.0695045462 6092516.3470889581 1504631.8815261673 0.4493219271 11.3140434823 0.0000000000 5.1264723453 -1.7019349795 0.0000000000 14.3736714085 -0.2120732407 -0.0901757285 -0.2491031593 -5.1763301941 0.0271612592 -0.0000000000 -4.2635767206 -4.8029400791 0.2337626908 -2.8765777935 
358230.0000000000 -1132912.4753469485 6092518.7715418553 1504631.8441553798 0.0737161022 11.3140434823 0.0000000000 6.3457872173 -1.7969291500 0.0000000000 15.1118963455 0.1226354390 -1.3971170912 -2.1972732480 -4.8340409787 0.3167883910 -0.0000000000 -4.4232844096 -4.7811504945 0.3429651084 -2.3275135357 
358260.0000000000 -1132912.5308642858 6092516.3209272362 1504631.3613257585 0.0084710931 11.3140434823 0.0000000000 4.4180300749 -1.4730615097 0.0000000000 14.2273828069 0.6270610110 -1.7565839153 -0.9597369814 -4.6415322617 0.5216245292 -0.0000000000 -3.8233860901 -5.2622878938 1.1664736552 -2.6689697602 
358290.0000000000 -1132913.8294167744 6092518.2716279486 1504632.0147824539 0.0786243568 11.3140434823 0.0000000000 4.9313133145 -0.8359461331 0.0000000000 14.1552094446 -0.1327972065 -1.0805455748 -1.1687668107 -4.2536917490 0.7326962282 0.0000000000 -4.4273582246 -5.3266828754 0.1594534723 -2.3340323528 
358320.0000000000 -1132913.0365439830 6092516.3289846089 1504631.9031336689 0.0286959968 11.3140434823 0.0000000000 3.7183033516 -0.3198781809 0.0000000000 14.0313561103 -0.6714783511 -0.6546879540 0.3774433040 -4.6934199289 0.8990384895 -0.0000000000 -3.8424796866 -5.5533486705 0.4637508256 -3.4022753216 
358350.0000000000 -1132911.3228467314 6092516.1829959657 1504632.7736313068 0.0357675780 11.3140434823 0.0000000000 3.3466731695 -1.0152055862 0.0000000000 14.0317971867 -0.3498837969 -1.9055283989 0.3780250123 -4.9452487159 2.1057848851 0.0000000000 -3.8847118809 -5.7244190073 0.1922662671 -1.8313131171 
358380.0000000000 -1132911.6712181845 6092514.1124979742 1504631.8070206800 0.0334204153 11.3140434823 0.0000000000 2.6794093987 -1.1262587699 0.0000000000 13.5377731480 0.8806692469 -2.8238637146 -0.3400616025 -5.1282540277 2.0761231422 0.0000000000 -3.2240588962 -5.8469076803 0.6806585081 -1.0093233137 
358410.0000000000 -1132913.0328561873 6092518.2631510440 1504631.9789841422 0.5323682009 11.3140434823 0.0000000000 4.0461546507 0.2375983842 0.0000000000 14.5568890178 -1.0994369421 -1.8671662281 -0.1590704848 -4.7233837243 2.4708206734 0.0000000000 -4.4244899102 -5.4516800929 -0.4040227676 -2.7031213829 
358440.0000000000 -1132913.4612516367 6092520.0990903880 1504633.4847093725 0.0874463881 11.3140434823 0.0000000000 4.6553640522 -1.2743787369 0.0000000000 14.2932055044 -0.1318159149 -1.0998893377 -0.1971883531 -5.0185518705 0.7212626640 0.0000000000 -4.3989749767 -4.7966150811 -0.2057747176 -2.1246132482 
358470.0000000000 -1132912.2590025286 6092518.8242085464 1504632.4600577222 0.0730624495 11.3140434823 0.0000000000 4.9108432302 -0.9080585035 0.0000000000 14.3719155020 -0.4133518865 -0.3272415322 -0.7456894790 -4.5902447876 -0.5262845404 0.0000000000 -3.6300327643 -5.3591469917 0.3796693659 -2.8016722652 
358500.0000000000 -1132913.7245773249 6092518.4542845283 1504633.2649289286 0.1219164839 11.3140434823 0.0000000000 2.7489143788 -0.8449124599 0.0000000000 13.9926083369 0.2589770277 -0.4269026416 1.2513043614 -4.9928133133 0.2622572749 0.0000000000 -3.9224292934 -6.1247282501 0.4072194496 -2.3440305814 
358530.0000000000 -1132912.5916556746 6092518.6220358796 1504632.4019873305 0.0468179638 11.3140434823 0.0000000000 4.9329980187 -1.2429521321 0.0000000000 15.1582598324 0.7391642443 -1.9233336468 -0.8612651843 -5.5033829058 0.6150092191 0.0000000000 -4.6138261329 -4.6793598962 -0.0324983554 -2.1381835928 
358560.0000000000 -1132912.8248538736 6092517.5613278700 1504631.9294404574 0.0484163454 11.3140434823 0.0000000000 5.2885770513 -1.0624856997 0.0000000000 15.2656596467 0.0069544282 -1.1157438118 -0.4893989108 -4.9465315701 0.3620540341 0.0000000000 -5.1799124074 -4.9329615908 -0.4818449232 -2.2499790118 
358590.0000000000 -1132913.4056837875 6092518.2369307764 1504634.1446707095 0.8162886392 11.3140434823 0.0000000000 3.4332646977 -0.3389986410 0.0000000000 14.2645128943 -0.0097454654 -0.9332083579 0.9528403558 -4.9352119270 1.5253574404 0.0000000000 -5.4323691625 -5.5760995317 -1.2128435555 -1.3206770967 
358620.0000000000 -1132913.2382734872 6092519.6987074148 1504632.0700909975 0.2978414096 11.3140434823 0.0000000000 6.0964329710 -1.3093204457 0.0000000000 15.7607279057 -1.3656974020 -2.2068639005 -1.8320576197 -4.5798062293 0.5646224898 -0.0000000000 -3.2225092008 -5.4956684210 0.3914487262 -2.2662997444 
358650.0000000000 -1132912.6424579448 6092518.4272685414 1504633.3376400175 0.0045574838 11.3140434823 0.0000000000 3.8412804694 0.1341329219 0.0000000000 14.6426829147 0.2114170462 -2.0143194588 -0.4597284852 -5.5071634803 1.2029044405 -0.0000000000 -3.9774898432 -4.8840353062 -0.2546441168 -2.5091922885 
358680.0000000000 -1132911.8797266004 6092518.4880959466 1504632.0928903630 0.0035641381 11.3140434823 0.0000000000 5.4729163674 -1.1165968748 0.0000000000 15.0188080064 -0.0854175043 -0.3498069636 -1.0368067480 -5.1899990881 -1.2798234939 0.0000000000 -3.6471330354 -5.0268532772 0.0011112879 -2.4033480618 
358710.0000000000 -1132911.5520820313 6092516.8104434879 1504631.6221949158 0.0483185772 11.3140434823 0.0000000000 4.6816298550 -1.4776106209 0.0000000000 14.8657488311 0.9529911053 -1.9317788048 -0.5436631241 -6.3115138778 0.2827611117 -0.0000000000 -4.0289597549 -4.1263145809 -0.4368557470 -1.5004999147 
358740.0000000000 -1132912.1435858738 6092516.3790718000 1504632.3942387945 0.0217972885 11.3140434823 0.0000000000 3.9280520270 -0.7118249288 0.0000000000 14.4331491083 -0.0075471539 -0.6826430939 0.0244660647 -5.5933302344 -0.2121112330 0.0000000000 -3.3959995373 -5.4493840777 -0.3747280827 -1.6325590319 
358770.0000000000 -1132913.8461109961 6092517.4757371955 1504634.0301612797 0.4484452820 11.3140434823 0.0000000000 2.0690596954 -0.3008730240 0.0000000000 13.6974281400 0.8811811128 -1.5942315435 1.1394038857 -5.1373681677 0.6866196222 -0.0000000000 -3.7754298260 -5.6291062305 0.3511341767 -2.1306741551 
358800.0000000000 -1132915.2072231437 6092530.1025427273 1504633.5307568787 0.2170022694 11.3140434823 0.0000000000 0.3408852350 -0.0151985655 0.0000000000 0.5602305854 1.0152055860 1.9828668360 0.2932134269 -0.7613555568 -1.4720903093 -0.0000000000 -1.3496169413 -0.3977192769 -1.1973795490 0.9079691723 
358830.0000000000 -1132915.2685845203 6092529.8046345739 1504633.6154974482 0.0961993993 11.3140434823 0.0000000000 0.9963511115 -0.6378442753 0.0000000000 0.1359613364 0.1233845824 1.8578614805 0.0369082407 -0.1944258574 -1.3797855706 -0.0000000000 -0.8935404891 -0.2265229430 -1.1991536372 1.3429966948 
358860.0000000000 -1132915.9093257689 6092529.8660300812 1504633.9063200997 0.0160354233 11.3140434823 0.0000000000 0.0527748699 1.9136267256 0.0000000000 -0.4310699526 0.1923259925 2.4039273321 -0.7148012358 -0.5194963291 -1.0780263824 0.0000000000 -0.4393157386 -0.4173231583 -1.8728814953 0.8205462370 
358890.0000000000 -1132914.9218015394 6092530.2889749995 1504633.6137263840 0.2479641431 11.3140434823 0.0000000000 0.7162516155 0.0691647339 0.0000000000 -0.0989719541 -0.3612051972 0.4943182027 -0.2081126685 -0.2071440048 0.3142536274 0.0000000000 -0.7072104531 0.2900917556 -1.4437589503 1.2404577528 
358920.0000000000 -1132916.3642312721 6092529.8746659653 1504633.9522252893 0.0044686131 11.3140434823 0.0000000000 -0.9345382569 0.5129766079 0.0000000000 -0.5244972044 0.2535818174 1.4491570157 0.9570219090 -0.0263122909 -0.7759585186 -0.0000000000 -0.1964058224 -0.4706606505 -0.1903633312 -0.2077499741 
358950.0000000000 -1132916.3165466897 6092528.6008032728 1504633.3459677256 0.5698837149 11.3140434823 0.0000000000 -1.4741838314 0.0144437145 0.0000000000 -0.6915048947 1.3738988172 0.2518719874 0.5136567184 0.0632694813 -0.4253424932 -0.0000000000 0.0168868327 -0.7136004824 0.6353280558 0.2619105603 
358980.0000000000 -1132914.9152889547 6092528.0741512980 1504634.4529610225 0.0137654700 11.3140434823 0.0000000000 -1.5629643197 0.7251803275 0.0000000000 0.1438327626 0.2025693764 -0.9582385499 1.3872514434 -0.7050712182 2.5514100380 -0.0000000000 -1.1430805320 -0.4486518379 -1.2877087062 1.2430389846 
359010.0000000000 -1132914.7107485684 6092531.5251326887 1504634.0841655042 0.0023667561 11.3140434823 0.0000000000 0.2436255606 0.3418601860 0.0000000000 1.3489054268 0.1654480595 -1.4977240291 -0.2146072677 -0.5050197101 1.5691726142 -0.0000000000 -0.9730074271 0.0794948444 -0.4853558264 0.1259861047 
359040.0000000000 -1132912.8239268849 6092528.4809243483 1504631.5149125259 0.5581314928 11.3140434823 0.0000000000 0.7560329205 0.5034320715 0.0000000000 1.2581202574 1.7319946473 -1.0760940177 -1.0506700316 -1.1431792958 0.5467407550 0.0000000000 -1.7524343184 1.1212029356 -0.8711967433 0.1120667832 
359070.0000000000 -1132915.1430188480 6092532.0836739000 1504634.1336285016 0.0302698691 11.3140434823 0.0000000000 0.0512328613 -0.1509721012 0.0000000000 0.6440111323 1.0379221541 -1.5412960289 0.0913512658 -0.0760959964 1.5659318808 0.0000000000 -1.9378861706 0.4770930787 -0.5904182026 0.6253725117 
359100.0000000000 -1132915.1569203625 6092529.6559190089 1504633.4566757029 0.0187290739 11.3140434823 0.0000000000 1.1772887092 -1.1549619322 0.0000000000 0.8714417060 -0.4870732233 -0.9951665353 0.1282563380 0.0813558069 0.8968281905 -0.0000000000 -0.9371696599 0.3605229994 -0.4765341820 0.7565897680 
359130.0000000000 -1132915.0549199313 6092528.6933110561 1504633.8601291704 0.0005815888 11.3140434823 0.0000000000 0.6107160875 -0.2208459545 0.0000000000 0.0513695034 0.0086570826 2.0732446616 0.8966665196 -0.1112836178 -1.0743513218 -0.0000000000 -1.6155092879 -0.0914789032 -1.5284810576 0.9424198818 
359160.0000000000 -1132914.0673564551 6092526.4787237113 1504631.7063627511 0.8095228854 11.3140434823 0.0000000000 0.5060614670 -1.2091772299 0.0000000000 0.0302333349 1.3333353258 1.1745928791 -0.0846734916 0.2207236273 -1.8933574874 -0.0000000000 -0.8245537645 -0.5176158503 0.2187068389 0.8523891036 
359190.0000000000 -1132915.3758469885 6092530.1744301859 1504633.5688827953 0.1146173678 11.3140434823 0.0000000000 1.2006102823 -0.5424655553 0.0000000000 0.2473443423 -0.4170342321 1.1600838339 -0.0640777641 0.8314205436 -0.8672970983 0.0000000000 -1.1644021880 -0.5706910074 -0.7780640757 0.9764426606 
359220.0000000000 -1132915.5818712409 6092530.0428779144 1504634.0589308299 0.0591233736 11.3140434823 0.0000000000 -0.3619452343 0.7670376447 0.0000000000 -0.2903236085 0.1326854088 1.4047716885 0.7768579118 -0.0898298112 -0.1985577134 -0.0000000000 -1.2211238063 -0.1723114822 -1.2849485409 0.4917533134 
359250.0000000000 -1132916.3684913106 6092529.5341808526 1504634.1553485701 0.4102828389 11.3140434823 0.0000000000 -0.1711565907 0.0174179927 0.0000000000 -0.1169328081 0.2810063699 1.0500869430 0.4682364259 0.6968160256 -0.4301623793 0.0000000000 -1.1891843490 -1.0350415290 -0.5474614808 0.9109830900 
359280.0000000000 -1132915.5961833838 6092529.7091163695 1504633.9207673611 0.0213617872 11.3140434823 0.0000000000 0.5080064443 -0.5784919265 0.0000000000 0.8482297170 0.1272857296 1.2122835594 0.6330046301 0.0543849549 -1.0751694573 0.0000000000 -1.0745767062 -0.8543911087 -0.4020891712 0.5052067396 
359310.0000000000 -1132914.8581889221 6092529.1424047761 1504633.0510544481 0.5761253090 11.3140434823 0.0000000000 0.9668247516 0.0492581211 0.0000000000 0.3376725001 0.0463153952 -1.6725756145 -0.7923312717 0.8728546116 1.9164500926 -0.0000000000 -1.8717528002 0.3950277522 -1.0151508676 1.1603313904 
359340.0000000000 -1132914.8767288965 6092527.9304931182 1504632.9051588629 0.1730883201 11.3140434823 0.0000000000 0.6525053141 -0.9925005505 0.0000000000 0.2118760483 0.3282365454 0.7807459850 0.4622974217 -0.1131693987 -1.0258043872 0.0000000000 -0.6987397467 0.1732012693 -0.1706395705 0.3059616642 
359370.0000000000 -1132915.4198003947 6092528.5876757102 1504632.3939107298 0.2088312529 11.3140434823 0.0000000000 -0.3599283577 -0.4667892907 0.0000000000 0.1351775912 1.5525266439 -0.1064428631 -0.0769385068 0.3952606041 -0.3716607371 0.0000000000 -1.0834671036 -0.7081016241 0.4147748300 0.5790139435 
359400.0000000000 -1132915.9826244242 6092530.0413719481 1504632.8493400298 0.4325588272 11.3140434823 0.0000000000 0.8291409991 -0.6764994441 0.0000000000 0.0172090256 1.0663045099 -1.5960624748 -0.4848592505 1.1850813107 1.3121576058 0.0000000000 -2.5046594645 0.7004224663 -0.4097989833 0.8705506713 
359430.0000000000 -1132915.0081150450 6092528.0701034255 1504632.0183376360 0.2647729496 11.1654816136 0.0000000000 1.3131399447 -0.7033609136 0.0000000000 0.8001765342 0.0453197673 -0.6898588694 -0.8240986632 0.6888774697 0.0000000000 -0.0000000000 -0.8526326501 -0.1730717615 0.0353745362 0.4984136340 
359460.0000000000 -1132915.4350590941 6092529.9079590207 1504632.1367438419 0.5008606899 11.1654816136 0.0000000000 1.6375938198 -0.7382752370 0.0000000000 1.1704429355 0.1515455461 -0.5820556574 -0.3787918876 0.5045607934 0.0000000000 0.0000000000 -1.7755531266 0.4461352071 -0.3690087269 0.1140481267 
359490.0000000000 -1132914.5069632567 6092527.6072778702 1504632.3946072098 1.0077599839 11.1654816136 0.0000000000 0.3899564518 0.0577331840 0.0000000000 0.8614597885 -0.5923936418 0.3551999537 0.6433551992 0.2144302504 0.0000000000 0.0000000000 -0.8894313462 -0.3185108291 -0.4047247328 -0.2663823575 
359520.0000000000 -1132915.9072862712 6092531.0907958085 1504633.5260643519 0.2503765332 11.1654816136 0.0000000000 1.8786556951 -0.0208508894 0.0000000000 0.4603088960 -1.2180108472 0.1428254025 -0.5313638617 1.5272121680 0.0000000000 0.0000000000 -1.4708787470 0.1952481910 -0.7450540967 0.0047663389 
359550.0000000000 -1132914.7392113898 6092528.3851878149 1504633.2050475029 0.0764741816 11.1654816136 0.0000000000 0.3653479372 -0.6783012508 0.0000000000 0.4286673234 -0.1923095453 0.6287959280 1.0161087627 -0.0373650577 0.0000000000 0.0000000000 -1.1917479517 -0.5451683348 -0.9574041042 1.2190764653 
359580.0000000000 -1132915.3691102087 6092531.2657030206 1504633.3446979141 0.0433264241 11.1654816136 0.0000000000 1.1469064157 -0.3015561846 0.0000000000 0.4943859353 -0.5714554404 0.4967096703 0.4105208187 1.1361324371 0.0000000000 0.0000000000 -2.0062212876 -0.2804063783 -0.9354548156 0.5608423987 
359610.0000000000 -1132915.8716081767 6092531.5475634309 1504635.3035341918 0.0471735511 11.1654816136 0.0000000000 -0.0662814755 0.6375231997 0.0000000000 0.0521717616 -0.1284712434 1.1388156681 0.7766049059 0.6810465012 0.0000000000 -0.0000000000 -1.8028568812 -0.6424778744 -1.1559456405 0.5274154972 
359640.0000000000 -1132915.5405505588 6092529.7692808378 1504633.8052130714 0.3178678636 11.1654816136 0.0000000000 -0.0606762994 0.0333555279 0.0000000000 -0.0072181368 0.3542767928 0.2936686202 0.3890713321 0.4513348353 0.0000000000 -0.0000000000 -1.1485454914 -0.1221678799 -0.2812262055 0.1009638798 
359670.0000000000 -1132915.7247066144 6092530.5309741683 1504634.2269556029 0.0650912279 11.1654816136 0.0000000000 -0.4667991011 0.5281619587 0.0000000000 -0.3956667484 1.7895155614 -0.1930629323 -0.7077556581 1.2417607106 0.0000000000 -0.0000000000 -1.8068542099 -0.2937342472 0.3248507679 -0.0701543644 
359700.0000000000 -1132914.3978615529 6092529.4037151579 1504633.8188278340 0.0009134375 11.1654816136 0.0000000000 -1.0008537547 -0.2650462421 0.0000000000 0.0419565069 0.8332601594 0.7328646944 1.3068286566 0.1156931812 0.0000000000 0.0000000000 -1.2868297766 -1.2281085621 -0.3419290332 0.9865191544 
359730.0000000000 -1132914.5040955143 6092528.0711077293 1504632.2301060583 0.6216450018 11.1654816136 0.0000000000 1.3635704699 -0.1069645232 0.0000000000 0.8185425857 -0.9682031230 0.6314055835 0.5281796090 0.0365480389 0.0000000000 -0.0000000000 -1.4377393805 0.0994554445 -1.5705525048 0.7909505627 
359760.0000000000 -1132914.2772245070 6092527.8020285228 1504632.5146566846 0.3795004046 11.1654816136 0.0000000000 0.2592922430 -0.0002771637 0.0000000000 1.1927402244 0.8950936845 -0.1887034104 0.0657216168 -0.7593580816 0.0000000000 -0.0000000000 -1.1805639476 -0.1239711506 -0.5928229518 0.4626721654 
359790.0000000000 -1132914.5911748721 6092528.1505393796 1504632.8828010538 0.0937386555 11.1654816136 0.0000000000 -0.1275090838 0.6816080824 0.0000000000 0.4853158429 -0.0828049214 0.3952564264 -0.0244815834 -0.9461845759 0.0000000000 0.0000000000 0.1890989039 -0.3255225358 -0.8257280863 0.5677066383 
359820.0000000000 -1132914.5362088522 6092528.1972951042 1504632.7802168662 0.7035757929 11.3140434823 0.0000000000 0.4338157907 -0.9748029936 0.0000000000 0.0509518312 0.3798645150 -0.8611053422 -0.5490795281 0.6535329293 0.0000000000 0.0000000000 0.0387767023 -0.1470749042 0.9059340905 0.1105832892 
359850.0000000000 -1132914.7061745545 6092528.5828403188 1504633.7810095230 0.0025530108 11.3140434823 0.0000000000 -0.7283518203 -0.3765932853 0.0000000000 -0.5009105267 1.6368299831 0.3410837428 0.5961084231 -0.1991620823 0.0000000000 0.0000000000 -1.3421009621 -0.1666357388 -0.3979010165 1.0559409869 
359880.0000000000 -1132913.9731587858 6092528.1527978033 1504632.3967964249 0.0012226805 11.3140434823 0.0000000000 0.6562914546 -0.9483537613 0.0000000000 0.4446696534 1.7196052567 -1.5318169624 -1.5687365550 -0.2079992193 0.0000000000 0.0000000000 -0.1558097988 0.2212502409 0.7468950981 0.6806777686 
359910.0000000000 -1132915.4733289410 6092527.3430022448 1504632.8023810454 0.5071583944 11.3140434823 0.0000000000 -0.8614647396 -0.0379698860 0.0000000000 -0.0077656525 1.2527411671 0.1102187380 0.2612170204 0.7794925055 0.0000000000 0.0000000000 -1.2293122230 -1.0978296124 0.4248296432 0.2982985309 
359940.0000000000 -1132915.2989129869 6092530.9662816860 1504634.5796081608 0.0019200456 11.3140434823 0.0000000000 -0.1792601302 1.5307156465 0.0000000000 -0.7211425649 -0.3121414863 1.5588163879 0.2019726422 0.3629841710 0.0000000000 0.0000000000 -1.2100529549 -0.2678242673 -1.7818384721 0.8335936364 
359970.0000000000 -1132914.7752151070 6092530.3339305250 1504632.6473517651 0.2431359425 11.3140434823 0.0000000000 1.5334286994 -0.3085124946 0.0000000000 -0.1308332076 1.0497043404 -0.6573208184 -1.7767364121 0.9402348935 0.0000000000 0.0000000000 -1.5236423261 0.3219907293 -0.5261967004 1.2852809412 
360000.0000000000 -1132915.1449295983 6092531.0572326677 1504634.3226959303 0.1906035169 11.3140434823 0.0000000000 0.7660240788 -0.0354360442 0.0000000000 0.4038322250 -0.2227257039 0.1484746016 -0.0720415274 -0.2680188706 0.0000000000 -0.0000000000 -0.5559863251 -0.0213520616 -0.9426432262 0.9107923917 
