time x y z T0 thrd C21 C24 C25 C26 C33 C34 C38 C39 C40 C42 C43 C59 C60 C23 C41 
345600.0000000000 -1132915.4975555253 6092526.9487521276 1504632.6028785270 0.0867324205 11.3140434823 0.8973334770 0.4238416806 0.8691545605 1.4598055425 -1.3402671001 -0.0861497787 -0.4130933692 0.0048600661 0.0161424517 0.5707753937 0.2759597164 -2.0784660130 -0.5866244538 0.0000000000 0.0000000000 
345630.0000000000 -1132915.7655980603 6092528.6369146211 1504633.7536539142 0.0134641567 11.3140434823 0.7739011086 0.0843162601 0.3694586339 0.9017050885 -0.8104856441 0.2200536259 -0.0216066008 -0.3529310841 -0.3345549205 0.6593087813 0.2891296869 -1.5080151981 -0.2311800403 0.0000000000 0.0000000000 
345660.0000000000 -1132916.5016949961 6092528.7250826685 1504632.9275129046 0.1991413738 11.3140434823 0.5618653674 0.2396631914 -0.7844951650 0.2225782888 -1.1676984270 0.5717678628 0.5143147737 0.2218683531 -0.9846252876 0.8158430169 1.9185330443 -0.9001300799 -0.8892934267 0.0000000000 0.0000000000 
345690.0000000000 -1132914.2954681201 6092528.3361039665 1504632.8957093977 0.0158186536 11.1654816136 0.3234343894 1.0182962745 -1.1745979947 1.5346907712 -0.7086128244 0.0000000000 -0.1221240717 -0.1860349857 1.3835676622 -0.2179981144 0.5270300878 -2.4074586947 0.2506461381 0.0000000000 0.0000000000 
345720.0000000000 -1132914.2308075146 6092526.0159189487 1504634.4424377589 0.1617380984 11.3140434823 0.1375505217 0.7117699020 -0.2316146450 1.2357468659 -1.3867069959 3.0326292335 -0.5681323742 0.9542799005 -1.0216560398 0.6672100104 -0.5833678343 -1.9316753673 -0.8018063504 0.0000000000 0.0000000000 
345750.0000000000 -1132914.4954547468 6092528.1898910599 1504632.7489617090 0.0329732362 11.3140434823 -0.5165137242 0.9687088249 0.5321551678 1.0324506329 0.7618518387 2.2708956406 0.0151935459 -0.5577614463 0.1867543430 -0.2458368669 -2.8601267757 -1.4130099118 -0.3621140982 0.0000000000 0.0000000000 
345780.0000000000 -1132914.7005726004 6092528.2861571582 1504632.7139957654 0.0355861023 11.1654816136 0.6997519027 0.7226398937 0.8833820058 0.0195772696 -0.0564300382 -1.8452559488 -0.2479412454 0.3127896244 2.0754980904 0.0000000000 -0.5039379663 -1.8693842898 -0.3747218206 0.0000000000 0.0000000000 
345810.0000000000 -1132914.3984109033 6092526.6285338691 1504633.5964524203 0.5285687021 11.3140434823 -0.7474794112 0.5426929167 1.8941879769 1.1531676504 -0.3827535493 0.1594222370 0.1314569828 0.3986309988 0.7907128168 0.1061400114 -1.6181320071 -1.2118444330 -1.4505208313 0.0000000000 0.0000000000 
345840.0000000000 -1132914.7683257100 6092528.2693813303 1504632.9335537748 0.2337178862 11.3140434823 -0.5568276586 1.0270818797 -0.6756867268 0.2326282251 -0.3940360663 2.1348372500 0.1419794988 1.1982375995 0.6691324788 0.3810506290 -1.0287190488 -1.9826003664 -0.9647727088 0.0000000000 0.0000000000 
345870.0000000000 -1132915.2068054678 6092530.4977690950 1504632.4716302138 0.0369519796 11.3140434823 1.0172562696 0.7526680319 -0.3497621486 -0.4443625238 0.5935137477 0.8128019180 0.8239232780 0.5205792396 0.9337710877 -0.1658778012 -1.3065744237 -2.8379297401 -0.3837118151 0.0000000000 0.0000000000 
345900.0000000000 -1132915.1313430888 6092528.4131909739 1504633.4912307572 0.0673036621 11.3140434823 -0.2718039400 0.6126376253 -0.3997499360 0.6705294095 -0.8172100573 0.5338165439 -0.0871732469 0.6136129648 0.6335490971 0.3258830518 0.2022256379 -1.3259297110 -0.5179810429 0.0000000000 0.0000000000 
345930.0000000000 -1132915.3153101336 6092528.3414072255 1504633.3968035781 0.1871414774 11.3140434823 -0.2640898075 0.7671044038 -0.1094952268 0.1904132825 -0.2633401267 1.6877256027 0.0844136213 0.8878395780 0.1223478150 0.1188824315 -0.9658758471 -1.3140931279 -0.8639513451 0.0000000000 0.0000000000 
345960.0000000000 -1132914.4394888871 6092528.0287602926 1504633.2957281980 0.0204073590 11.3140434823 0.5143096824 0.8497617737 0.5264028464 0.5484574470 -0.1227869024 -0.8220851458 -0.3049260669 -0.5386257663 1.2100371724 0.3654450489 -0.4057757383 -1.6408767134 -0.2853695443 0.0000000000 0.0000000000 
345990.0000000000 -1132914.5005758815 6092527.3961140243 1504633.0154601003 0.0777373609 11.1654816136 1.3564125052 0.3393686744 0.3293132202 0.3068752786 -0.1459518126 0.0000000000 0.7349112616 -0.1665471820 -0.4922987176 -0.1650362273 0.1689685636 -1.7096800634 -0.5570756950 0.0000000000 0.0000000000 
346020.0000000000 -1132914.7567393437 6092528.5898168869 1504632.7732054382 0.0096727732 11.1654816136 0.5619071110 0.7050492375 -0.1169210284 -0.0091874055 0.6208381783 1.7061045905 0.3520878981 -0.0736433295 0.1333413140 0.0000000000 -1.7793728783 -1.9796923481 -0.1956290709 0.0000000000 0.0000000000 
346050.0000000000 -1132915.0323612567 6092529.2860040357 1504633.0224073757 0.0620887725 11.3140434823 -0.0657443275 0.6808825853 0.1780484135 0.9096511856 -0.0680168920 1.3829950183 0.3956312416 -0.0054446761 0.5927662809 0.2096295761 -1.4830697141 -2.2677088976 -0.4981521956 0.0000000000 0.0000000000 
346080.0000000000 -1132914.7461231886 6092526.5657678712 1504631.8596170268 0.1551632486 11.3140434823 1.2322703178 0.9262990559 0.2432789981 0.3380122455 -0.7695511680 0.1167426331 -0.0341690702 0.4894879423 0.5560116071 0.5670078429 -0.0439703617 -2.7762065604 -0.7877097984 0.0000000000 0.0000000000 
346110.0000000000 -1132915.2277815333 6092527.3003835967 1504632.7804346157 0.1965226975 11.3140434823 -0.4398915910 0.8392408466 -0.0528544389 0.4634716256 -0.3031998967 -0.5119828625 0.4148725700 -0.0951384200 1.5160568074 0.6542382636 0.0897801410 -1.6186088413 -0.8867395910 0.0000000000 0.0000000000 
346140.0000000000 -1132914.8247759456 6092527.7861401988 1504632.7789263704 0.0323540761 11.3140434823 1.4240401230 0.5875357640 0.7531663894 0.2622974756 0.1048830359 1.4922477381 -0.0915519433 -0.4717068153 -0.8314323157 0.4759276660 -1.4392276264 -2.0380580590 -0.3598894421 0.0000000000 0.0000000000 
346170.0000000000 -1132916.0758427605 6092527.4618512634 1504632.8628890612 0.1308827479 11.3140434823 0.2030983314 0.2968869348 -0.5342256326 0.1010627058 -0.0395205338 3.3085439483 0.8578320841 0.4226033107 -1.8305389764 0.1860816539 -0.8698593840 -1.1587019561 -0.7240499901 0.0000000000 0.0000000000 
346200.0000000000 -1132914.9963342778 6092528.8779465547 1504632.9436428063 0.0503006939 11.3140434823 1.3675800985 0.1815196248 -0.1170643085 -0.3631222430 0.0354794066 1.3899879341 0.6684821826 0.2984870153 -1.0504082141 0.2512867263 -0.3728811599 -1.7646794431 -0.4489877649 0.0000000000 0.0000000000 
346230.0000000000 -1132915.7472335319 6092529.9699527351 1504632.5934222732 0.0514999648 11.3140434823 1.3853377934 1.0984816440 -0.7172891225 0.0183439205 -0.3791142732 0.7193138272 -0.0434602951 -0.5635115440 -0.9884731651 0.5634235576 0.9917075100 -1.3493477689 -0.4544363779 0.0000000000 0.0000000000 
346260.0000000000 -1132916.7492539100 6092525.8179116445 1504632.0822006520 0.8040190250 11.0041300577 0.0000000000 0.7582740772 0.7881766447 1.2668071366 -1.5222217847 0.0000000000 0.5515131123 0.7425509575 -0.1009418248 0.2160349656 0.8157566579 -1.5772311416 -1.7711926812 0.0000000000 0.0000000000 
346290.0000000000 -1132916.7767318059 6092529.6942520617 1504632.7920197255 0.1141950027 11.3140434823 0.0593067751 1.5929444129 -1.4893886119 0.9002242470 -1.0851250346 1.7411081172 -0.1635146142 -0.2073493486 -1.1461498863 0.2912829618 1.5033138471 -0.7546352677 -0.6770831919 0.0000000000 0.0000000000 
346320.0000000000 -1132915.0516025850 6092526.8905519815 1504632.5628666203 0.1836833406 11.3140434823 0.6309269035 1.6327174874 -0.4990474544 0.1888562724 -0.1635276847 0.7591801850 -0.0264894880 -0.2423723231 -0.1078372360 0.0354639106 0.2047828546 -1.3659940243 -0.8589724560 0.0000000000 0.0000000000 
346350.0000000000 -1132915.6843733997 6092524.2850080933 1504633.2259222209 1.8914643661 11.3140434823 0.3588582693 1.9555848304 0.5526231995 0.7835734069 -1.4479873289 0.5336005776 0.4527302532 0.5546926028 -1.0501290218 0.1309212386 1.4392581045 -1.1545200951 -2.7572132260 0.0000000000 0.0000000000 
346380.0000000000 -1132915.1990768323 6092523.9437558157 1504632.0516817037 0.4599502742 11.0041300577 0.0000000000 1.6625649152 1.4743750752 0.6161964941 -0.1275363004 0.0000000000 -0.5992836767 0.2480081035 1.3463952689 -0.3136440448 -1.7484465393 -1.5252344367 -1.3417943629 0.0000000000 0.0000000000 
346410.0000000000 -1132915.3552592110 6092527.3625190668 1504632.6079214055 0.4621917320 11.3140434823 0.7951195067 2.0719738282 -0.3054534638 0.6659553283 -0.6017692926 -0.0438674367 0.0771699582 -0.6194519523 -0.3264903304 -0.0740895858 1.2468899712 -1.2416356220 -1.3637636694 0.0000000000 0.0000000000 
346440.0000000000 -1132915.6918857165 6092525.8074175166 1504631.9346238493 0.2850960747 11.3140434823 0.7811466384 2.1060542273 -0.1714085062 0.1759523604 0.3312646777 1.7193875727 -0.1657276097 -0.8932952270 -0.9264838602 -0.1230453657 -0.5954201793 -1.0512122274 -1.0714045782 0.0000000000 0.0000000000 
346470.0000000000 -1132915.6556287534 6092524.2698914660 1504632.5037471070 0.4691088087 11.1654816136 0.8278790021 1.9946583070 -1.0068668034 1.3735014333 -1.9381125041 -0.9674243422 0.0000000000 -0.8404634164 -0.7261423977 0.7085874306 3.7506349560 -1.1708683927 -1.3133756078 0.0000000000 0.0000000000 
346500.0000000000 -1132915.8425369847 6092527.0775699820 1504632.7556395892 0.2000168332 11.3140434823 1.2064044133 2.0764061880 0.1672810569 -0.2101456607 0.0512081266 0.2379869294 -1.0586252245 -1.0213329159 -0.5902015552 0.3232623483 0.2533502831 -0.4599078769 -0.8979543909 0.0000000000 0.0000000000 
346530.0000000000 -1132915.3713251324 6092523.8882236304 1504632.5232497682 1.6811039691 11.3140434823 -0.2684543765 2.7516014624 0.1393053106 0.0127394437 -0.3923465674 1.0621990291 -0.2586126701 -0.5588575602 -0.7992351884 0.5577854616 0.7499363435 -0.0533426920 -2.6040650033 0.0000000000 0.0000000000 
346560.0000000000 -1132916.2206439867 6092526.0797052961 1504632.6020705469 0.9914875386 11.3140434823 0.9893941310 3.3657884322 -0.3019204485 0.3480327147 -0.9037661510 -0.1368121294 -0.6602326733 -0.1269893610 0.5313246329 0.0917539016 1.1413390952 -2.0151346006 -2.0004712085 0.0000000000 0.0000000000 
346590.0000000000 -1132916.0151719437 6092524.4017705498 1504632.5147601317 0.6937918157 11.3140434823 -0.4806512610 3.3109409122 -0.8409147173 -0.5853570001 0.1026226310 0.5136958336 -1.0466393144 -0.0405244830 0.7120867210 -0.4070426119 0.4413458884 0.2777624182 -1.6739352603 0.0000000000 0.0000000000 
346620.0000000000 -1132916.0909823475 6092524.7676929627 1504633.1839217409 1.1729452512 11.3140434823 -0.4762601911 4.1338337296 -1.5931892856 0.5392042273 -1.1293783707 2.7994936945 -0.7194518648 0.3585190127 -0.1378300144 0.1563395255 0.6346100304 -1.6850704344 -2.1772027832 0.0000000000 0.0000000000 
346650.0000000000 -1132915.9172067356 6092523.7610719688 1504632.3467397206 1.2367872852 11.3140434823 1.3931023174 3.5288929489 0.3788681563 0.3450205241 -0.5762395797 0.3615152693 -0.7320070262 -0.5234279372 -0.7417422790 -0.5730884569 0.7129343503 -1.1195556364 -2.2363745223 0.0000000000 0.0000000000 
346680.0000000000 -1132915.7401285914 6092525.7569682626 1504632.4983254902 0.8322709468 11.3140434823 1.8775693004 4.3706258746 -1.6285434591 -0.1583487917 -0.5161046660 0.4317564972 -0.7375933198 -1.0847859402 -1.0839994916 -0.2593285914 2.5470549124 -1.2197494868 -1.8351320515 0.0000000000 0.0000000000 
346710.0000000000 -1132915.9026858679 6092525.4592869384 1504632.7104744732 1.7069906210 11.3140434823 0.9377984386 4.7731498220 -0.4784571376 1.2875217900 -1.9348612315 0.3085518520 -1.1222665112 -0.4431756624 -0.1026457785 0.0372235689 2.1267556040 -2.1291405391 -2.6289930258 0.0000000000 0.0000000000 
346740.0000000000 -1132916.1619524055 6092523.5733380755 1504632.2967484747 1.4159511734 11.3140434823 0.7485796841 4.4500827947 0.5333298829 0.7964769191 0.0809567332 3.0258750333 -0.8690399948 -1.1876746602 -0.9480173430 -0.6271393284 -1.7498455471 -1.7745243380 -2.3951781061 0.0000000000 0.0000000000 
346770.0000000000 -1132915.3916044957 6092521.4386482239 1504631.9316573220 1.6810021084 11.1654816136 1.8777204953 3.9604644903 0.8925146804 1.4772247289 -1.8508828786 0.0000000000 -0.7323875644 -0.1670413644 -0.5860773564 -0.5596739315 1.1584489357 -2.5773673467 -2.6105452733 0.0000000000 0.0000000000 
346800.0000000000 -1132914.6821605100 6092523.4424694581 1504632.2295223936 0.9668090703 11.3140434823 0.5679212906 4.7513317323 0.0636326104 0.9420451653 0.0437096700 2.3896948299 -1.0672391893 -1.2763898426 -0.1509214160 -0.9694843026 -1.4434364103 -1.7696493010 -1.9804603732 0.0000000000 0.0000000000 
346830.0000000000 -1132915.8519926113 6092525.1650218014 1504631.5344532270 0.7137776903 11.3140434823 1.0952147745 4.5912064626 -0.4929059038 -0.2860744367 1.1427545085 1.1504383554 -0.7674011024 -1.6138844307 0.8927357136 -0.7353087136 -1.2538763853 -2.0260877677 -1.7022357899 0.0000000000 0.0000000000 
346860.0000000000 -1132915.8779485992 6092524.4021653514 1504632.2896097582 0.9238613531 11.3140434823 0.9457219153 4.9788405991 -1.1405068548 0.8733011961 -0.4020448204 0.1298406094 -0.5770364455 -1.7663096297 0.1402342598 -0.7737173495 1.5909378905 -1.5543516142 -1.9372458032 0.0000000000 0.0000000000 
346890.0000000000 -1132916.1013137451 6092524.9933477407 1504631.7745534985 1.3814268281 11.3140434823 -0.1072269638 5.3371522614 -0.7104118516 0.9379498016 -0.5106986734 1.7020305996 -0.8985543966 -0.8939154125 0.4630794749 -1.0220070208 -0.0326300309 -1.5012565863 -2.3696774042 0.0000000000 0.0000000000 
346920.0000000000 -1132916.0454804774 6092523.8707228145 1504631.9787528357 1.0076445678 11.3140434823 1.4090818124 5.7505891319 -1.8268607240 0.4489070898 -0.5350193961 1.1260881438 -1.0584209443 -1.9448638277 -1.3536501086 -0.7598928875 2.4348241928 -0.8149436001 -2.0245270114 0.0000000000 0.0000000000 
346950.0000000000 -1132915.2350265828 6092523.7306772703 1504631.9155982800 1.4370529208 11.3140434823 1.0836479509 5.7897434270 -0.9867173368 0.5713193974 -0.6880613945 0.4158160790 -0.9552476505 -0.9145690502 0.3542512701 -1.2837007321 1.2986300404 -1.7573311855 -2.4185315320 0.0000000000 0.0000000000 
346980.0000000000 -1132915.0955353556 6092522.1365731666 1504631.6644018607 1.6080042635 11.3140434823 0.0450768174 5.9894768111 -0.6554975548 0.7302932463 -0.1787811783 3.0897473831 -1.0732649647 -1.0539607104 -0.2067835385 -1.3004837787 -0.9508316966 -1.4945476723 -2.5592045824 0.0000000000 0.0000000000 
347010.0000000000 -1132915.5435646737 6092521.5310097542 1504630.4671245893 2.1233039426 11.0041300577 0.0000000000 5.7006196695 -0.6122275696 0.7674128264 -0.2117865778 0.0000000000 -0.4784572214 -1.8181958080 1.1217666784 -0.7228738281 1.0087528063 -1.4477953554 -2.9082043797 0.0000000000 0.0000000000 
347040.0000000000 -1132915.5410343213 6092522.5974599048 1504632.1766602593 1.6026231358 11.3140434823 0.9290291520 6.8734668792 -0.7983371456 0.9043516472 -0.6197406503 1.0912609674 -1.6014241081 -1.6993994777 0.7577478204 -0.9652362828 0.4294438849 -2.3017370608 -2.5566508151 0.0000000000 0.0000000000 
347070.0000000000 -1132916.4683239588 6092522.7010153802 1504631.7596227298 1.9800776002 11.1654816136 1.6152851067 6.6879592560 -0.7251786083 0.9585165200 -0.7956591852 3.1977646543 -0.9935856642 -1.3843413701 -1.3624329320 -1.0269843139 0.0000000000 -2.7290512371 -2.8254367125 0.0000000000 0.0000000000 
347100.0000000000 -1132915.5292873653 6092521.8556846902 1504631.7271163091 2.2747083007 11.1654816136 0.8535513631 6.6451575475 -0.8241897120 -0.1293345226 0.2837711685 1.5498078026 -0.9641249579 -1.4641670277 0.4135657549 -1.1963776774 0.0000000000 -1.7431019398 -3.0294906383 0.0000000000 0.0000000000 
347130.0000000000 -1132915.7742561856 6092520.7106176363 1504632.0947073770 1.9717728263 11.1654816136 1.3989132991 6.9383660137 -0.2383694165 0.4949288742 -0.3097554541 1.9063963095 -1.7238915630 -1.8056946517 -0.6592168699 -1.4150408347 0.0000000000 -1.3667283057 -2.8216118818 0.0000000000 0.0000000000 
347160.0000000000 -1132917.1851154231 6092523.0329544609 1504631.7381602768 2.3125138420 11.1654816136 0.8467511613 7.1491448799 -0.6616981081 0.4754439285 -0.5165884380 2.7220083381 -1.5209528313 -1.4990636612 -0.6365652772 -1.0931017375 0.0000000000 -1.6356346097 -3.0568432844 0.0000000000 0.0000000000 
347190.0000000000 -1132915.6285450177 6092521.8827916905 1504632.4148705858 1.5817767906 11.1654816136 0.5480786062 7.7669047210 -1.4177550646 0.7884254928 -0.6315161092 1.3949148310 -1.5079352900 -1.2207671595 1.8299654573 -1.5686275989 0.0000000000 -2.9909540266 -2.5290987058 0.0000000000 0.0000000000 
347220.0000000000 -1132915.7541889017 6092520.6592427138 1504631.7895830956 2.1655600627 11.1654816136 1.9432459873 7.7324133566 -1.0612416068 -0.4850094478 0.1443209299 1.6166338767 -1.5273504705 -1.2252421930 0.4151941018 -1.7047163648 0.0000000000 -2.4636364979 -2.9603310365 0.0000000000 0.0000000000 
347250.0000000000 -1132915.6905888335 6092522.8902388159 1504632.3199539313 2.6461397845 11.1654816136 0.8959976337 8.4461851024 -0.9560834374 0.1470371913 -0.1107331356 1.8338199185 -1.7139827719 -1.6789221906 0.5972750216 -2.0184615060 0.0000000000 -1.6898531995 -3.2735842987 0.0000000000 0.0000000000 
347280.0000000000 -1132916.1576563660 6092521.3809697153 1504631.9514436820 2.1781913933 11.1654816136 1.1054312736 8.0741283496 -1.8171663641 -1.0991214500 0.2882971187 2.5330012496 -1.8216175786 -0.8968619444 0.5489214696 -1.4348231021 0.0000000000 -1.8815071973 -2.9711662886 0.0000000000 0.0000000000 
347310.0000000000 -1132915.4906188594 6092523.2665160457 1504631.8736309838 1.8333023336 11.1654816136 1.6698513081 8.3084792020 -1.6392628396 -0.6098140562 0.1998970993 1.8050003731 -1.9328612104 -1.5862093321 1.0873942051 -1.1828498125 0.0000000000 -2.8775284779 -2.7268273379 0.0000000000 0.0000000000 
347340.0000000000 -1132916.3992822387 6092521.3361622030 1504631.2527480407 2.8975541728 11.1654816136 1.5717462455 8.6584052970 -1.1232992973 0.1284301064 -0.8374731015 3.1389172601 -1.6432907280 -1.0703693700 -0.2764510174 -1.3708592762 0.0000000000 -3.0303954412 -3.4293981498 0.0000000000 0.0000000000 
347370.0000000000 -1132916.6788206128 6092520.7164089056 1504632.1897268768 2.2425311401 10.8275661707 0.7664482337 8.7720044304 -1.7951950034 0.0000000000 0.0000000000 2.6919568744 -1.7482867360 -2.1746392791 0.7132084741 -1.1067868482 0.0000000000 -2.4978587101 -2.9367444874 0.0000000000 0.0000000000 
347400.0000000000 -1132915.5434036613 6092520.7674907027 1504631.4225406572 2.8087256361 11.1654816136 0.5405865718 9.4631795256 -1.9362209657 -0.4414081680 -0.0769883076 2.1335337580 -2.0017311302 -1.6466362020 2.0875497721 -0.9792170627 0.0000000000 -3.1146023755 -3.3789307699 0.0000000000 0.0000000000 
347430.0000000000 -1132915.4916622550 6092521.1200121539 1504630.4107591363 2.3776482334 11.1654816136 -0.2140065691 9.5144753286 -2.2439661396 0.0706931898 -0.0577292132 2.9468194433 -1.5624729286 -1.8400019201 1.1845163038 -2.1353348465 0.0000000000 -1.7872912983 -3.1099921787 0.0000000000 0.0000000000 
347460.0000000000 -1132914.3483678801 6092522.0306606935 1504631.5998696245 2.0643711111 11.1654816136 1.0339171012 9.6107438969 -1.4722156730 -0.2381132600 -0.5079256613 2.0665627579 -2.6845931011 -1.3977970089 1.1999533995 -2.1836327408 0.0000000000 -1.9498120992 -2.8989450228 0.0000000000 0.0000000000 
347490.0000000000 -1132915.9650741871 6092520.7232252285 1504632.5226881132 3.6969374800 11.1654816136 0.2466016697 9.8968122356 -0.5930978659 1.0823866781 -1.7477147383 2.4422870941 -2.2971295081 -1.5609311521 1.3342914503 -1.1704700564 0.0000000000 -3.0835250366 -3.8808549435 0.0000000000 0.0000000000 
347520.0000000000 -1132915.1325164309 6092518.6596344393 1504631.1921019962 2.5119642104 11.1654816136 -0.7115227519 9.4624077223 -0.8131798901 1.7619296258 -2.3234461301 2.8417905231 -2.3309731047 -1.2816747206 1.2533400977 -1.5615957247 0.0000000000 -2.3533960755 -3.2001705348 0.0000000000 0.0000000000 
347550.0000000000 -1132915.0536633159 6092521.1297595734 1504631.7096739877 2.6059595446 11.1654816136 1.1176958561 10.6182381441 -2.1229659357 -0.2401349063 -0.6592712795 2.6923797608 -2.2282057592 -1.4038263039 1.6463640016 -1.9027210078 0.0000000000 -3.5002518380 -3.2606925809 0.0000000000 0.0000000000 
347580.0000000000 -1132915.0909198509 6092521.0758147119 1504631.1829090163 2.5304367633 11.1654816136 1.2487539425 10.7409451495 -0.8196403630 1.3200919613 -1.9069187593 2.0761906646 -2.5351882765 -1.7444082783 1.2454742297 -2.4524370578 0.0000000000 -3.3599877266 -3.2142746267 0.0000000000 0.0000000000 
347610.0000000000 -1132914.1646026385 6092519.2621063245 1504631.3121448818 2.3406709889 11.1654816136 0.3984250220 11.0411538931 -1.3086766463 1.0809453468 -1.7056516334 1.6674403157 -2.7865003847 -1.7655872720 2.6076403488 -2.2724338421 0.0000000000 -3.2825096080 -3.0925328366 0.0000000000 0.0000000000 
347640.0000000000 -1132915.5283158435 6092521.4373582648 1504631.1928271952 2.3667328838 11.1654816136 0.8592953458 11.3415742207 -1.9728406387 -0.3350879055 -0.3069965164 2.2365428481 -3.0343334476 -2.4075899696 1.9491374560 -2.1400364498 0.0000000000 -2.4054860782 -3.1108360515 0.0000000000 0.0000000000 
347670.0000000000 -1132915.6311201344 6092522.1511645708 1504631.5272502534 2.4720272807 11.1654816136 2.0943295903 11.5837130918 -2.1947178886 -0.6517734840 -0.2811716396 2.8019333985 -2.6848353348 -2.1870197371 1.1260412843 -2.1437903866 0.0000000000 -3.5145621008 -3.1804389219 0.0000000000 0.0000000000 
347700.0000000000 -1132915.3457302677 6092522.0402895929 1504631.3645898772 2.2330027211 11.1654816136 0.3810546569 11.0215490008 -1.7899423973 0.0789776076 -1.0420933843 2.9262987322 -2.9240506396 -1.8994374844 1.3527286403 -2.1790436479 0.0000000000 -2.1130660178 -3.0238662335 0.0000000000 0.0000000000 
347730.0000000000 -1132913.8774229812 6092519.9413385969 1504631.4367643192 2.1610168925 11.1654816136 0.3003756401 12.1214339954 -1.5202500469 0.6342079383 -2.1543757424 2.0760695765 -3.8825379761 -1.5071913668 2.8905121388 -2.2477371505 0.0000000000 -3.0462760416 -2.9758018262 0.0000000000 0.0000000000 
347760.0000000000 -1132915.4213765103 6092520.8949353006 1504631.6115199211 3.0393008039 11.1654816136 0.4827732910 12.4039474120 -1.9597340673 -0.1033560460 -1.3848453392 2.5954209575 -3.4965257697 -1.9551418209 2.8788311169 -1.3511681191 0.0000000000 -3.7699801961 -3.5303530420 0.0000000000 0.0000000000 
347790.0000000000 -1132915.1797471188 6092518.6989196297 1504631.1052327082 4.4086201165 11.1654816136 1.8494473354 12.3315765226 -0.3774958032 0.2296007981 -1.2882926139 0.9230313271 -2.7144812420 -2.1700621482 2.2167230563 -3.0434127229 0.0000000000 -3.3014858765 -4.2534220113 0.0000000000 0.0000000000 
347820.0000000000 -1132915.0436395360 6092518.1043296410 1504631.1123903997 3.9073437399 11.1654816136 2.0266996298 12.8716942305 -1.5833992811 -0.3693055103 -0.6911523193 2.5455185029 -2.6119175479 -2.5685230332 1.3728396939 -2.6247652077 0.0000000000 -3.6300444164 -4.0057434335 0.0000000000 0.0000000000 
347850.0000000000 -1132916.1545860278 6092519.9484305549 1504631.4965060784 3.8924195286 11.1654816136 -0.2099383211 12.4456134052 -1.7795839936 0.1530048338 -0.6070566850 3.6717035396 -2.6679902385 -3.5321633398 1.2473546778 -1.5428563291 0.0000000000 -2.2160513902 -3.9995096463 0.0000000000 0.0000000000 
347880.0000000000 -1132915.2489863259 6092517.3283815505 1504630.9403542317 4.4765843872 11.1654816136 0.9828995770 12.7769146747 -0.8206289217 -0.3193000168 -0.9318829551 1.3915587525 -3.2410874901 -2.5720404771 2.6920807744 -2.4528450218 0.0000000000 -2.6928066696 -4.2906617692 0.0000000000 0.0000000000 
347910.0000000000 -1132916.3523113863 6092518.6324066445 1504631.4413931700 6.3483916188 11.1654816136 0.2445886948 14.0605889778 -1.3117931995 0.1306471447 -0.9210480737 3.2284739564 -2.6368922009 -3.6391391580 1.9240542426 -1.8177467533 0.0000000000 -3.2414745882 -5.1113537032 0.0000000000 0.0000000000 
347940.0000000000 -1132916.0898174746 6092520.6351762377 1504630.6423018998 3.6717196577 11.1654816136 0.6409039558 13.4898665740 -1.5189532671 0.2191344931 -0.7039817155 3.6197604913 -3.2638122010 -4.2834427037 0.7552477269 -1.9846026648 0.0000000000 -2.1400091848 -3.8885825699 0.0000000000 0.0000000000 
347970.0000000000 -1132915.7239369296 6092520.6122383894 1504630.2177013988 4.6536261323 11.1654816136 -0.6604598781 14.2670366049 -2.7655910918 -0.0105047826 -0.4926923320 3.3463734564 -1.8200434164 -3.2970905931 2.9509921588 -2.9733969264 0.0000000000 -3.1843867061 -4.3792943943 0.0000000000 0.0000000000 
348000.0000000000 -1132915.9501124381 6092530.6964809056 1504632.4766872621 0.0164589975 11.1654816136 0.9606053681 0.4475439696 -0.1697423625 1.0007992994 -0.1936571262 0.3424074910 0.5420729669 -1.1844489789 -0.6304895792 0.4991032147 0.0000000000 -1.7963240730 0.2605282981 0.0000000000 0.0000000000 
348030.0000000000 -1132915.1157342975 6092530.8229664154 1504632.5125746899 0.0062399975 11.1654816136 -0.1360002768 0.4841088311 -0.1550110928 0.9713845946 0.0697268249 -0.9787401538 0.6464915340 -1.2284962474 1.6322664847 0.8569444224 0.0000000000 -2.1275728619 -0.1604720592 0.0000000000 0.0000000000 
348060.0000000000 -1132914.6331916896 6092529.3356659142 1504632.8972691167 0.0359691247 11.1654816136 0.1871689811 0.1487046086 0.0192186522 1.6415281179 -0.5837057381 -0.5239510461 0.4929232981 -1.3237422273 0.7516558001 1.1081466482 0.0000000000 -2.3571323095 0.3854093374 0.0000000000 0.0000000000 
348090.0000000000 -1132915.4686753803 6092531.1375268940 1504633.4536938092 0.0048309404 11.1654816136 -0.5672686903 0.4093687808 -0.7410689461 0.6346482320 -1.0593650106 0.4762319300 0.3595950408 0.7747240484 1.1929111842 0.8112896950 0.0000000000 -2.2546373333 0.1412974842 0.0000000000 0.0000000000 
348120.0000000000 -1132914.9231861043 6092529.7403967539 1504633.6204846385 0.0046519102 11.1654816136 0.0945588891 0.6580304105 -0.0542345275 0.9003474555 -0.8127891686 1.3368996122 0.1123266607 -0.5853829719 -0.9077517445 1.0064191276 0.0000000000 -1.3227193565 -0.1386927823 0.0000000000 0.0000000000 
348150.0000000000 -1132916.4565990961 6092529.1337760910 1504632.8467687448 0.2143284590 11.1654816136 0.0366525977 0.7741686263 0.2554202894 0.1290494272 -0.3672863741 -0.0104550183 0.0176424632 -0.1436045659 0.8073422332 1.2392557511 0.0000000000 -1.7503163399 -0.9417624110 0.0000000000 0.0000000000 
348180.0000000000 -1132914.1373589165 6092529.2450577999 1504632.1454425754 0.0059727369 11.1654816136 1.6420377611 0.1452085259 0.7245586032 0.3132759150 -0.4958484417 -2.1977665652 -0.0368512009 0.3804267842 1.0941260296 -0.7151174816 0.0000000000 -1.4454912242 0.1572649420 0.0000000000 0.0000000000 
348210.0000000000 -1132915.3638576365 6092529.6368258959 1504633.2368585502 0.0006168547 11.1654816136 0.7263490558 0.5335821724 -0.1779234931 -0.6396318472 0.3976970820 -0.7830454267 -0.5007313229 0.0160657528 0.9557177836 0.1170550242 0.0000000000 -0.7266934325 -0.0505559460 0.0000000000 0.0000000000 
348240.0000000000 -1132916.0255401174 6092528.8195852116 1504633.3006475272 0.1067355486 11.1654816136 0.9455387671 0.5671504121 -1.1067464067 -1.0983964890 0.6277231737 1.7859367750 0.4347513200 0.1951232893 -0.6253769689 1.7807716584 0.0000000000 -2.4398264934 -0.6652568245 0.0000000000 0.0000000000 
348270.0000000000 -1132916.2617897235 6092528.1815831400 1504632.8494209349 0.1621150209 11.1654816136 -0.4879528197 -0.0926633882 -0.0969906434 -0.0463634625 -0.2813211260 0.7185942604 0.7511169236 0.6214129026 0.1595940959 0.9226847912 0.0000000000 -1.1772860988 -0.8201438563 0.0000000000 0.0000000000 
348300.0000000000 -1132916.3249797649 6092530.1132200612 1504633.5995903255 0.0499148600 11.0041300577 -0.3314456354 1.0908779482 -1.6050956547 -0.2439682256 0.0000000000 2.5573622080 0.9176656034 0.1828095182 -0.5120949805 1.1975793578 0.0000000000 -2.2174035200 -0.4526328506 0.0000000000 0.0000000000 
348330.0000000000 -1132915.1950211532 6092527.8464010525 1504633.4442741866 0.1654211218 11.1654816136 -0.8658111960 0.5283228048 0.2315319542 0.9587481321 -1.4532590101 0.6998217593 0.8161182571 0.7327566676 0.3659355914 0.5844323005 0.0000000000 -1.5831741137 -0.8290028289 0.0000000000 0.0000000000 
348360.0000000000 -1132915.9503019655 6092530.5673081204 1504633.2840687959 0.1501751478 11.1654816136 -0.2226846346 0.8163359009 -0.3563670575 0.1699480451 -0.1182399115 0.7313942985 0.9086800462 -0.0312770594 0.0997366802 0.2922603904 0.0000000000 -1.3170370876 -0.7901300513 0.0000000000 0.0000000000 
348390.0000000000 -1132915.1270243418 6092528.2589092990 1504632.9155205586 0.0111466645 11.1654816136 0.8207685929 -0.0299895563 -0.1647804700 -0.5363973006 -0.1618928689 0.6473804945 -0.0538815003 0.6946841491 -0.4907968613 0.8244700849 0.0000000000 -1.1951444704 -0.2153311581 0.0000000000 0.0000000000 
348420.0000000000 -1132916.4365546084 6092529.8320132131 1504632.2449642660 0.0514151252 11.1654816136 0.1931870705 0.3293430613 -0.3027143608 0.5249225963 -0.4319814402 1.2239986848 0.9531187445 -0.1311398808 -0.7214884449 1.0191467963 0.0000000000 -1.9159251683 -0.4626143375 0.0000000000 0.0000000000 
348450.0000000000 -1132915.7313581754 6092530.7112027267 1504633.7451085933 0.0006488195 11.1654816136 -0.0268816340 0.5492513123 -1.6594574261 -0.5144883087 0.4048524233 1.3887579580 0.6353739816 0.3008208940 0.3806294808 1.0596850335 0.0000000000 -2.2230664297 0.0519855415 0.0000000000 0.0000000000 
348480.0000000000 -1132914.9347718037 6092530.9016019534 1504632.7657938446 0.0203631130 11.1654816136 1.4849448809 0.1989290302 -0.5021903137 0.3365771177 0.5031859628 -0.4819482886 0.8117907820 -0.8794279543 0.0085837632 0.3633941436 0.0000000000 -2.2064968815 0.2913152544 0.0000000000 0.0000000000 
348510.0000000000 -1132915.0933456311 6092528.2322126292 1504633.0673661779 0.0163708582 11.1654816136 0.3975207020 0.2797498502 0.1914602976 0.2232757424 -0.8051603162 -0.0321124358 0.1696378315 0.6478423366 0.1823114975 0.3036072928 0.0000000000 -1.2821600337 -0.2612846596 0.0000000000 0.0000000000 
348540.0000000000 -1132915.5512518864 6092527.9774049763 1504632.1013917292 0.3010162836 11.1654816136 0.3927075087 0.4420964537 0.6644119723 0.3346480280 -0.8609156271 0.6859422523 0.6131171540 0.3692007237 -0.7552610127 0.7366132465 0.0000000000 -1.3541245015 -1.1207392134 0.0000000000 0.0000000000 
348570.0000000000 -1132915.7100691001 6092527.7898997935 1504632.7620897819 0.1262129008 11.1654816136 -0.3223278864 0.6224920114 0.1893449556 0.2002426320 -0.1981668360 0.1670715767 0.1304115855 -0.2931503212 0.4314538004 0.6607210437 0.0000000000 -0.8027082060 -0.7259254679 0.0000000000 0.0000000000 
348600.0000000000 -1132915.0090649282 6092529.6255663335 1504632.8128220197 0.1018590574 11.1654816136 0.8012360559 0.0795972355 0.6357827957 0.4274772061 0.0879652052 -1.1102564956 0.3783710081 -0.7234999332 0.6789797629 0.9131193508 0.0000000000 -1.7223448412 -0.6523317966 0.0000000000 0.0000000000 
348630.0000000000 -1132916.1740983669 6092528.9262530850 1504633.6354098374 0.0258240015 11.1654816136 -0.0769693386 0.6518212228 -1.1820628096 -1.0014148926 0.4725538190 1.5983591364 -0.2493333359 0.3332889542 0.1569251512 1.5439323156 0.0000000000 -1.5468034957 -0.3285549595 0.0000000000 0.0000000000 
348660.0000000000 -1132915.5979690796 6092528.5749233197 1504633.3262624596 0.2256593219 11.1654816136 -0.0964770804 -0.0748707301 -0.2154495409 -0.3307367844 0.6168688225 0.2808795372 0.9598540738 0.0095188948 0.3009831246 0.8184626819 0.0000000000 -1.2252093894 -0.9715158956 0.0000000000 0.0000000000 
348690.0000000000 -1132916.0546176934 6092531.2338462211 1504634.4203424656 0.0107426555 11.1654816136 0.3500069890 0.8618166773 -0.7630854715 0.2073069564 -0.0047213107 0.8494176091 0.6493005350 -0.3983521104 -0.0559530602 0.8250695106 0.0000000000 -2.0863299860 -0.2120315203 0.0000000000 0.0000000000 
348720.0000000000 -1132916.0112044620 6092530.5393495923 1504634.3720686277 0.1413544671 11.1654816136 0.4477513372 1.1288992230 -1.6706923008 0.5763408052 -0.9345346163 1.6492881584 0.5778031630 0.2648207456 -0.1134982127 1.1369177244 0.0000000000 -3.4040117924 0.7693537265 0.0000000000 0.0000000000 
348750.0000000000 -1132915.7510151113 6092529.2119861841 1504633.3807631657 0.0818343447 11.1654816136 -0.0368952099 0.4027752393 -0.1598077744 0.5488495313 -0.6864057395 0.9042243871 1.1616357785 0.2869005311 -0.4687209694 0.5141086764 0.0000000000 -1.6662711045 -0.5855459898 0.0000000000 0.0000000000 
348780.0000000000 -1132915.3384039197 6092529.6372993039 1504633.1715930437 0.0023743653 11.1654816136 1.6188100066 0.6120827535 0.0448613607 0.1421573625 -0.4222542101 0.3842743655 -0.0874618343 -0.2396748109 -1.0783415961 0.5579613180 0.0000000000 -1.5347739703 0.0997587842 0.0000000000 0.0000000000 
348810.0000000000 -1132915.7296485782 6092531.5608445005 1504633.6146334540 0.0003541837 11.1654816136 0.1003248115 0.2036509181 -0.1594051929 0.8520181838 -0.9822416002 1.0532463853 0.6349483517 0.0436231682 -0.8181317704 0.9136347487 0.0000000000 -1.6294949663 0.0385374910 0.0000000000 0.0000000000 
348840.0000000000 -1132915.6524469627 6092531.4440044835 1504633.1311201435 0.0060978030 11.1654816136 -0.3433772268 0.1655674790 -0.3998714677 0.5784419367 -0.5511416830 1.0341258164 0.8376182834 0.0940813171 -0.3804945992 0.7730675597 0.0000000000 -1.4034802773 -0.1599691473 0.0000000000 0.0000000000 
348870.0000000000 -1132914.1834927986 6092528.8326988677 1504632.8798804493 0.0346733054 11.1654816136 1.5708080087 0.1277226428 0.5374742028 0.7152372821 -0.7285837492 -0.9245394792 0.8291326473 0.0194635359 0.0456429252 0.7127468882 0.0000000000 -2.6762237889 -0.3815582754 0.0000000000 0.0000000000 
348900.0000000000 -1132914.7543550560 6092529.2227630913 1504632.5173341492 0.0341120274 11.1654816136 0.0946828086 0.2841049524 -0.3736953558 1.2109457115 -0.7577629263 0.9065452711 0.7547313623 -0.6592867440 -0.7804826355 0.9041931539 0.0000000000 -1.7297622901 0.3785568706 0.0000000000 0.0000000000 
348930.0000000000 -1132916.2483206824 6092531.3997923816 1504633.3066233913 0.1741080073 11.1654816136 -0.9969136998 0.5603985218 0.1426906921 0.5594575868 -0.6480327475 1.0178933248 0.4330311757 -0.1752269647 0.0616866226 1.1494153346 0.0000000000 -1.0093137582 -0.8554603556 0.0000000000 0.0000000000 
348960.0000000000 -1132915.5273567459 6092529.3378162971 1504632.7374924012 0.0979987586 11.1654816136 -0.7035629860 0.4499787805 -0.2712242214 0.4993037866 -0.6069513236 1.4898688747 1.0328346103 0.1380680925 -0.6435433813 0.7189329045 0.0000000000 -1.1299468046 -0.6419648792 0.0000000000 0.0000000000 
348990.0000000000 -1132915.7410069078 6092528.7728240704 1504633.0130997139 0.0004346995 11.1654816136 -0.0987191620 0.1299122769 -0.2244495674 0.1473284896 0.2690062938 1.7432262894 -0.0962314491 -0.9306924780 -1.6481892101 1.0880730359 0.0000000000 0.0237527386 -0.0427506111 0.0000000000 0.0000000000 
349020.0000000000 -1132915.6840147560 6092530.5898320638 1504633.3357073036 0.0048350324 11.1654816136 -0.7546130496 0.2867823892 -0.4787643894 0.3890680665 -0.4768575708 2.0560729322 0.3941621381 -0.1084504437 -1.1568204597 1.1067449754 0.0000000000 -0.6710364892 -0.1426635723 0.0000000000 0.0000000000 
349050.0000000000 -1132916.1705450870 6092528.7715935046 1504633.6780706537 0.0013440089 11.1654816136 0.4835771796 0.0395935578 -0.2361777449 -0.1256652402 -0.8157570239 1.5127546925 -0.0094276222 0.8637547505 -1.3814327839 0.9160586056 0.0000000000 -0.9988399560 0.0752324377 0.0000000000 0.0000000000 
349080.0000000000 -1132916.0844003656 6092528.4673881158 1504633.7292822225 0.1405087719 11.1654816136 -1.2018064090 0.2753505259 -0.8818144351 -0.6643949093 0.1044819782 1.8282319963 0.3227323142 0.8731672628 0.3067437138 1.3162690687 0.0000000000 -1.1197377516 -0.7694432993 0.0000000000 0.0000000000 
349110.0000000000 -1132914.6288774414 6092528.4066917403 1504633.5407403533 0.0074001327 11.1654816136 -0.4499724885 0.0040691894 -0.2385105942 0.1799181234 -0.5131136160 0.0429959018 0.3762197354 0.6531441574 0.8261082126 0.5796418249 0.0000000000 -1.2493499372 -0.1766246906 0.0000000000 0.0000000000 
349140.0000000000 -1132914.3099533028 6092527.1755484063 1504633.2653389659 0.0776353366 11.1654816136 0.6464809275 0.2864119741 0.1876917745 -0.2305032603 -0.1381495637 0.3625087055 0.0338722549 0.1663289050 -0.3950682074 0.8226345869 0.0000000000 -1.0833740332 -0.5722091863 0.0000000000 0.0000000000 
349170.0000000000 -1132914.6244150754 6092529.1205751868 1504632.5485384385 0.0345619642 11.1654816136 -0.2170146921 0.2685720122 -0.2414871674 0.5427466951 -0.6306866942 0.5205774162 0.9487215465 0.2552621141 0.0857103823 0.7916551554 0.0000000000 -1.7971577810 -0.3818763847 0.0000000000 0.0000000000 
349200.0000000000 -1132915.0316133813 6092528.8137063971 1504633.0773639516 0.0302314379 11.1654816136 1.8047593536 0.1625061352 0.3423794076 -0.6000371054 -0.1699957263 -0.0650660285 -0.1294465741 0.5918735548 -0.9088877769 0.3863349039 0.0000000000 -1.0666104574 -0.3572287732 0.0000000000 0.0000000000 
349230.0000000000 -1132915.7048868381 6092530.7233290421 1504632.7469811768 0.0007860779 11.1654816136 2.1744890726 0.2400872636 0.0015791790 -0.6277530040 -0.2326029730 -0.4945599085 -0.2382390162 0.7703911522 -0.3772623095 0.4001248867 0.0000000000 -1.7527192446 0.0576083486 0.0000000000 0.0000000000 
349260.0000000000 -1132915.3790134829 6092530.6177090639 1504632.2712029489 0.0005399723 11.1654816136 1.1441518716 0.3049874744 0.5237242129 1.1429345350 -0.6807108517 -0.3820409838 0.4890092607 -0.9922718809 -0.7961167350 0.7534846491 0.0000000000 -1.5792814968 0.0477513584 0.0000000000 0.0000000000 
349290.0000000000 -1132916.0709288220 6092530.2889825003 1504633.8130726938 0.2502497629 11.1654816136 -0.3046359690 0.5523723309 -0.3059583746 -0.2555564457 -0.2346314611 1.3996336295 0.4846022050 0.4670208618 -0.1266582045 1.5714400873 0.0000000000 -1.9094191569 -1.0284450089 0.0000000000 0.0000000000 
349320.0000000000 -1132915.3126866131 6092529.2744285287 1504633.8428391912 0.0026509665 11.1654816136 1.3295196665 0.3802997969 -0.3482821169 -0.1340482161 -0.3824033179 -0.7211699031 0.2911443759 0.6813865928 0.9020313512 0.9597604119 0.0000000000 -2.9449180388 -0.1058719337 0.0000000000 0.0000000000 
349350.0000000000 -1132915.8562166158 6092530.1815072577 1504633.2875224149 0.1466291093 11.1654816136 -0.1436546220 0.1428670939 0.1808614399 0.2044157086 -0.0888926107 0.7555400597 0.3344536640 -0.2625739617 -0.3317467555 1.3906178659 0.0000000000 -1.2197718024 -0.7875493805 0.0000000000 0.0000000000 
349380.0000000000 -1132916.0946478450 6092531.9582482297 1504633.5773745372 0.0488961675 11.1654816136 -0.5156171395 0.8292356077 -1.3897973506 -0.6617490901 0.1821733114 1.8106395783 0.6723202688 0.7671421701 0.1469894947 0.9257994498 0.0000000000 -1.9261802085 -0.4548718916 0.0000000000 0.0000000000 
349410.0000000000 -1132915.8404727860 6092530.1957129063 1504633.6134492492 0.0280080597 11.1654816136 -0.5758565383 0.6506092387 -0.9884662002 -0.6188074584 -0.0885592887 1.3248744706 0.2652793584 0.9232976391 0.4022047224 0.6827935194 0.0000000000 -1.3571417423 -0.3443304856 0.0000000000 0.0000000000 
349440.0000000000 -1132915.7016944212 6092529.9311155919 1504634.2143184445 0.0001602903 11.1654816136 0.2111558242 0.5505336896 -0.9485893276 -1.1305954045 0.2056640508 1.2220032220 -0.4075288186 0.9825337682 -0.0701468347 0.4979185654 0.0000000000 -0.8469925332 -0.0260510514 0.0000000000 0.0000000000 
349470.0000000000 -1132916.0922105270 6092528.5003360398 1504633.4783517579 0.2680193588 11.1654816136 -0.9388780426 0.5559934320 -0.5519289235 -0.5074466170 0.5419576315 0.2599186545 0.2679046714 0.2762071793 1.8315821137 1.0865438373 0.0000000000 -1.6995093139 -1.0655485343 0.0000000000 0.0000000000 
349500.0000000000 -1132915.6085640730 6092528.3852070831 1504632.8880531320 0.1657672949 11.1654816136 -0.2496638518 0.1960496338 0.3291641362 -0.5031108045 -0.5324239207 0.4971049608 -0.5345301577 0.9262914639 0.5178222299 1.3297644302 0.0000000000 -1.0411109754 -0.8381365587 0.0000000000 0.0000000000 
349530.0000000000 -1132916.2415254533 6092529.8545594672 1504633.5271841632 0.2071295919 11.1654816136 -0.1864682975 0.7019866669 -0.7362517376 -1.1590548850 0.7267895817 1.6681404595 -0.1724924058 0.4117320504 -0.0616963604 1.2765486032 0.0000000000 -1.2112551491 -0.9370424077 0.0000000000 0.0000000000 
349560.0000000000 -1132916.1087234672 6092530.9666866632 1504633.6933551203 0.0531112881 11.0041300577 -2.5962585644 0.9986737337 -1.3534888965 -0.1506277396 0.1902351902 2.3580985912 0.1980165871 0.0000000000 1.0116901444 1.1390306011 0.0000000000 -0.8572997433 -0.4739767790 0.0000000000 0.0000000000 
349590.0000000000 -1132916.1151148623 6092530.4055934297 1504632.5542255242 0.0292934465 11.1654816136 -0.2790479438 0.6518667579 -0.4782934432 0.2616148789 -0.2802920617 1.6143660604 0.5775438636 -0.2436375326 -0.9088281687 1.1654975629 0.0000000000 -1.3723803032 -0.3525026657 0.0000000000 0.0000000000 
349620.0000000000 -1132916.5738722021 6092530.4137007399 1504633.1573488656 0.1727794638 11.1654816136 -0.4451569237 0.3584408870 0.3878002001 -0.2229834022 -0.8034204821 0.2193317702 -0.1611120413 0.9267008898 0.7679522635 0.9059565956 0.0000000000 -1.0356940059 -0.8562303294 0.0000000000 0.0000000000 
349650.0000000000 -1132915.9323769242 6092528.5622183299 1504632.1945341015 0.1090067661 11.1654816136 -0.8422752648 -0.7900270641 0.5568153319 1.2733154233 -0.1649618418 -1.7861899375 0.9024839366 -0.4073032023 2.3555091764 1.2443957117 0.0000000000 -1.9691146060 -0.6801986282 0.0000000000 0.0000000000 
349680.0000000000 -1132914.8946821094 6092529.4541795822 1504631.8560665599 0.0830207422 11.1654816136 0.8489858343 -0.0618999285 0.2684070044 1.8276362127 -1.2030592966 -1.1931663957 1.0442346799 -0.7728416339 -0.0397283842 0.8014043365 0.0000000000 -2.2338877648 0.5936955208 0.0000000000 0.0000000000 
349710.0000000000 -1132917.3353500033 6092531.3675202234 1504633.7160128383 0.0534421838 11.1654816136 -1.6379709044 0.3777542395 -1.1296417554 0.1118526821 0.3126111568 1.9709984473 0.5934434405 -0.0896856354 0.4090934941 1.7021588444 0.0000000000 -1.7450290837 -0.4764006796 0.0000000000 0.0000000000 
349740.0000000000 -1132916.7071111470 6092530.4669447793 1504633.1273223872 0.2226703413 11.1654816136 -2.0262990166 0.3310203113 -0.5028593366 -0.0777906999 -0.6074344002 3.0497151049 0.7809274291 0.8410470774 -0.9723329342 1.3415218486 0.0000000000 -0.6130725520 -0.9725655116 0.0000000000 0.0000000000 
349770.0000000000 -1132915.9357406918 6092530.7592529682 1504633.1578023497 0.0563628315 10.8275661707 -0.7241513828 0.0307825725 -0.3252040661 0.0000000000 0.2325235836 0.7586846586 0.2584025006 0.0000000000 0.3068722318 0.9457792227 0.0000000000 -0.8730178074 -0.4627508655 0.0000000000 0.0000000000 
349800.0000000000 -1132916.2669958652 6092530.3995641721 1504633.0465865338 0.1027116897 11.0041300577 0.0000000000 -0.0663910908 -0.2062128167 -0.2234499941 0.3253113688 -0.1121990544 0.4436588830 0.3654816571 0.7831110497 0.7755537195 0.0000000000 -1.4451122814 -0.6579368163 0.0000000000 0.0000000000 
349830.0000000000 -1132915.4936899412 6092529.0182879949 1504633.3866731352 0.0007397852 11.1654816136 -0.0644370791 0.5918846545 -0.5031879608 -0.6089346114 -0.4219482389 0.8258323668 -0.6989842408 0.8483710037 0.5108780521 1.1725491472 0.0000000000 -1.4350455906 -0.0560781283 0.0000000000 0.0000000000 
349860.0000000000 -1132916.6464437179 6092530.3240017481 1504633.2173626611 0.1340490044 11.1654816136 -1.3030066168 0.8042748503 -0.0120270232 0.4668262852 -0.1958381274 0.6236127121 0.0603133813 -0.6375285121 1.0280736493 1.2598059311 0.0000000000 -1.2039047713 -0.7549627911 0.0000000000 0.0000000000 
349890.0000000000 -1132915.3996290965 6092529.7084765360 1504633.2170141342 0.0015947821 11.1654816136 0.5295503372 0.5523361576 -0.6090131012 -0.2498559292 0.7211063609 -0.0280193028 -0.2663550708 -0.5502625021 0.6754832576 1.0120807551 0.0000000000 -1.6784293355 -0.0823517461 0.0000000000 0.0000000000 
349920.0000000000 -1132914.6414680101 6092529.7383980723 1504632.5576540558 0.0453979894 11.1654816136 0.3752568950 0.2841435294 -0.7825981831 0.3910842174 -0.3647571899 -0.1540149591 0.6464665044 0.2096596708 0.4341718343 0.6030728773 0.0000000000 -2.0511333802 0.4394413478 0.0000000000 0.0000000000 
349950.0000000000 -1132916.7486771718 6092532.6264677243 1504633.7367445489 0.0308415365 11.1654816136 1.0674864692 -0.1150334967 -0.1418405885 0.7839964044 -0.1207501028 0.5486544259 1.1885791657 -0.5282120628 -1.4066893970 1.9687509510 0.0000000000 -2.6688943264 -0.3622348712 0.0000000000 0.0000000000 
349980.0000000000 -1132915.7855996350 6092531.9384041475 1504633.3463495965 0.0138141214 10.8275661707 0.0000000000 -0.4774805487 -0.8390631412 0.0000000000 -0.1445642387 1.5625903280 1.2231916698 0.9781742000 -1.1642657551 1.3986447067 0.0000000000 -1.9851459677 -0.2265213868 0.0000000000 0.0000000000 
350010.0000000000 -1132916.2971594543 6092531.3851178829 1504633.4125417108 0.0002535174 11.0041300577 0.2853546625 0.7516734811 -0.7261060760 0.3885339153 -0.4985612113 0.3629203285 1.4890319704 0.1819314116 -0.3740566374 0.0000000000 0.0000000000 -1.7051376972 -0.0326183627 0.0000000000 0.0000000000 
350040.0000000000 -1132913.5435543791 6092529.3590585357 1504632.4565141203 0.1001892732 11.1654816136 0.8951867904 -0.6780455545 0.3412404655 1.4509714339 -0.6816673434 -2.1936735988 0.6646478366 -0.4694662579 0.8496683467 0.4740735243 0.0000000000 -1.6000702301 0.6530433921 0.0000000000 0.0000000000 
350070.0000000000 -1132915.3405437407 6092528.4342904640 1504632.9505945407 0.0317587785 11.1654816136 0.6504415322 0.5146158292 -0.1797244759 -0.4260641249 -0.2923934607 0.2146342772 -0.1364950696 0.5801524443 0.1923568433 1.0632071868 0.0000000000 -1.7526276273 -0.3677001906 0.0000000000 0.0000000000 
350100.0000000000 -1132915.7044006439 6092528.7243963452 1504632.9756264961 0.2152519531 11.0041300577 -0.4159174844 0.3971719047 0.2902464141 0.0000000000 -0.5124215155 0.7382324657 0.1423323773 0.3098453183 0.0453997614 1.2762538404 0.0000000000 -1.2199498883 -0.9107335748 0.0000000000 0.0000000000 
350130.0000000000 -1132915.1940651259 6092530.3183102999 1504632.2805047273 0.0000272836 11.1654816136 -0.2070052927 -0.1071370633 0.2515700744 1.2086116326 -0.7424570464 -0.2061215999 0.8836496372 -0.5127300472 -0.2664755357 0.7058603806 0.0000000000 -0.9758740488 0.0107871301 0.0000000000 0.0000000000 
350160.0000000000 -1132913.3451743226 6092526.2100823186 1504630.5939598931 0.0503891472 10.8275661707 0.6304061780 0.0000000000 1.1838288265 0.8262958720 -0.7084479103 -1.8799440350 0.2975976999 -0.4886637841 0.7092392395 0.0000000000 0.0000000000 -0.4001168163 -0.4532073754 0.0000000000 0.0000000000 
350190.0000000000 -1132914.4925903743 6092526.6939356066 1504632.0672782962 0.0631278584 11.1654816136 -2.0233587730 -0.1044832724 -0.3165917957 0.2134531048 0.6692510286 1.6822300733 0.2524225609 -0.5818841176 -0.0476511526 0.4609193605 0.0000000000 0.5649780977 -0.5185282802 0.0000000000 0.0000000000 
350220.0000000000 -1132915.5350981823 6092528.0616099490 1504633.0508624527 0.2827683078 11.1654816136 -1.5746072384 0.0059820868 -0.2522841624 0.1379775592 0.1534007192 0.5243963281 0.9076980249 0.4207791761 1.3614508888 0.7706597473 0.0000000000 -1.3080579197 -1.0974785166 0.0000000000 0.0000000000 
350250.0000000000 -1132914.7480705297 6092528.6646286789 1504633.3178871672 0.0492360205 11.1654816136 -0.6901625583 0.4341186251 -0.5008967350 -0.0004728856 -0.1616457713 1.3315267564 0.9157305887 0.2925418728 -0.5536552194 0.3906525543 0.0000000000 -0.7694265371 -0.4579712314 0.0000000000 0.0000000000 
350280.0000000000 -1132916.4100870811 6092530.0106650656 1504633.0577729475 0.0548212468 11.0041300577 -1.1649101858 0.0550346611 0.0000000000 1.0891736679 -0.2424579407 0.7738175122 0.7044070047 -0.8076134273 -0.0477788303 1.3929717305 0.0000000000 -1.1591052259 -0.4004985908 0.0000000000 0.0000000000 
350310.0000000000 -1132916.0903238631 6092530.3066517645 1504633.5658052941 0.0962450269 11.1654816136 -1.3540270152 -0.0271149358 -0.5917717383 0.2054816080 0.5163723115 2.1234207044 0.7027812072 -0.2785747993 -0.7783241975 1.3579254085 0.0000000000 -0.8701802886 -0.6403396304 0.0000000000 0.0000000000 
350340.0000000000 -1132915.9804328487 6092528.6610426251 1504633.5480973755 0.0804089464 11.1654816136 -2.6461763468 -0.1677487122 -0.6371879428 -0.0344156712 0.7112330663 2.4022540681 -0.2472190047 -0.1151092762 0.5008635964 1.3744501100 0.0000000000 -0.2282195800 -0.5853047616 0.0000000000 0.0000000000 
350370.0000000000 -1132916.4309863660 6092531.1761542428 1504633.7096419074 0.2524836381 11.1654816136 -1.1755001909 -0.0272259246 -0.0762550827 0.5303232446 0.4906278154 2.8579201621 0.9926081580 -0.9461235860 -2.4068729394 1.7768035260 0.0000000000 -0.4489649357 -1.0371757042 0.0000000000 0.0000000000 
350400.0000000000 -1132915.4724659538 6092529.8611030420 1504633.5569198767 0.3220593894 11.1654816136 0.1038444242 0.1874874834 0.4725379387 0.5304644943 0.9332760304 -0.2598065679 0.2314098423 -1.4898372926 0.3726242766 1.5099302011 0.0000000000 -1.4015166308 -1.1714054146 0.0000000000 0.0000000000 
350430.0000000000 -1132915.0173729388 6092529.5985452933 1504633.4508381505 0.0009469250 11.1654816136 0.3514601486 0.0393263798 -0.0406810615 0.1289200089 0.6422845591 0.4282731029 -0.4203782296 -0.9190456038 -0.5570500500 1.0636970122 0.0000000000 -0.5289244703 -0.0635154431 0.0000000000 0.0000000000 
350460.0000000000 -1132916.1243606987 6092530.4183533946 1504633.4612342631 0.0015600405 11.1654816136 -0.2237003110 0.1705149387 -0.1183841090 1.5128772576 0.0153670592 -0.1370597724 0.8250967926 -1.5286421539 0.0273771986 1.6728224661 0.0000000000 -2.0064657875 -0.0815277130 0.0000000000 0.0000000000 
350490.0000000000 -1132916.6907767474 6092532.1080798600 1504634.4147621787 0.0357604967 11.1654816136 0.2102358546 0.2197097562 -0.3089345990 0.6037390391 0.5339160144 -0.4056058862 0.7048256587 -0.8384064503 0.5453888117 1.0493630209 0.0000000000 -1.9088403373 -0.3903335614 0.0000000000 0.0000000000 
350520.0000000000 -1132915.5173947876 6092529.5038867909 1504633.0274672066 0.1405718576 11.1654816136 -0.5499178099 -0.1736348901 0.4334840616 0.3422805548 0.1940846460 -0.7667498707 -0.0969524618 -0.2297692422 1.6571525174 0.8912650430 0.0000000000 -1.0621840384 -0.7738854225 0.0000000000 0.0000000000 
350550.0000000000 -1132915.2784499647 6092527.5281184996 1504633.3395945288 0.6304901099 11.1654816136 2.1364181575 0.2915115604 0.5509732376 -0.8309551805 0.9006965486 -1.2079710426 0.4657156434 0.0924159098 0.1707614670 0.7137685951 0.0000000000 -1.8087045113 -1.6389174593 0.0000000000 0.0000000000 
350580.0000000000 -1132915.4877981709 6092529.9191742400 1504633.9770282484 0.3090314699 11.1654816136 2.6161365960 0.9458900235 0.3374502111 -0.4199318574 1.1404398529 -0.7816289815 0.2573487577 -1.2803326219 -0.9017153468 1.0475639832 0.0000000000 -1.8112220068 -1.1473800330 0.0000000000 0.0000000000 
350610.0000000000 -1132915.3959760983 6092527.8116673939 1504633.5651016543 0.3268852494 11.1654816136 1.1084895767 -0.4883882570 0.1079672878 -0.4833988452 1.0579560198 0.5670883645 0.3829032452 0.0820456974 -1.1511191977 1.6112705252 0.0000000000 -1.4780382122 -1.1800193116 0.0000000000 0.0000000000 
350640.0000000000 -1132915.1888094179 6092527.7815290038 1504632.4828070393 0.2116162130 11.1654816136 0.4453261980 -0.0876752685 0.1673185730 0.1711330329 0.3605101370 -0.0192494315 0.8509071674 -0.1633366800 -0.3507235471 0.9821186970 0.0000000000 -1.3534177208 -0.9493989424 0.0000000000 0.0000000000 
350670.0000000000 -1132917.0028663075 6092529.4188649487 1504634.1112673217 0.3158175119 11.1654816136 -1.1003063976 0.5859562773 -0.5840242817 0.2712607128 -0.0236821380 1.0008785772 1.3245724554 0.2888020282 0.7083202718 1.5343884834 0.0000000000 -2.6944715298 -1.1597722946 0.0000000000 0.0000000000 
350700.0000000000 -1132916.5081781468 6092529.1811638530 1504634.2170841570 0.5286100025 11.0041300577 1.0892026639 0.3946246581 -0.1129005238 -0.8325928829 1.0735914171 0.0000000000 0.8920667556 0.1965586471 -0.1446542042 0.4852755741 0.0000000000 -1.5548429826 -1.4965170709 0.0000000000 0.0000000000 
350730.0000000000 -1132916.0648111191 6092531.9288824620 1504632.4803166911 0.0310721312 11.0041300577 0.3795943082 0.7011400971 -0.4292863445 0.3885756765 0.2680099505 0.0000000000 0.6174825115 -0.6947279495 0.1338150873 1.1821467551 0.0000000000 -2.0874685140 -0.3627980289 0.0000000000 0.0000000000 
350760.0000000000 -1132915.9987901901 6092528.8793408861 1504631.7470465936 0.1273637183 11.0041300577 -0.8126393337 0.2039342918 -0.2518452331 0.7063538172 0.2404447060 0.0000000000 0.7864693473 -0.4394362463 1.1288365724 1.3068092948 0.0000000000 -2.0954729535 -0.7344558141 0.0000000000 0.0000000000 
350790.0000000000 -1132915.2626787922 6092528.3345322199 1504632.9252345592 0.1178626971 11.0041300577 0.2273296948 0.1678533219 -0.4196412543 0.1537809643 0.8572904620 0.0000000000 1.1298185764 -0.4363571859 -0.0134996752 0.3691753239 0.0000000000 -1.2835712683 -0.7064676254 0.0000000000 0.0000000000 
350820.0000000000 -1132915.5393130486 6092527.0334106339 1504633.4547798007 0.2475319530 11.0041300577 0.2943989689 0.4603324837 -0.4121829603 -1.2398539043 0.4286793850 0.0000000000 -0.2209148110 1.2812109974 1.6034516622 0.8289933256 0.0000000000 -2.1242603880 -1.0237143798 0.0000000000 0.0000000000 
350850.0000000000 -1132915.8143062843 6092530.0135757681 1504632.8606935176 0.0419488872 11.0041300577 0.9395320153 0.3435819693 -0.1705824315 0.2878324446 0.0169264083 0.0000000000 0.9834985425 -0.2894342319 -0.9444996692 0.9939524450 0.0000000000 -1.6087071308 -0.4213862644 0.0000000000 0.0000000000 
350880.0000000000 -1132914.8969174947 6092524.9207499754 1504631.6954798461 0.2008457272 11.0041300577 -1.3046359889 -0.1155149562 0.1355305125 0.6249400030 -0.4980441839 0.0000000000 0.9707284417 0.4640953233 1.2547457554 0.9382323862 0.0000000000 -1.5751896843 -0.9219475526 0.0000000000 0.0000000000 
350910.0000000000 -1132915.7900340022 6092526.7819739608 1504632.5185992660 0.0457807836 11.1654816136 0.5663714289 0.5160957214 -0.2133097539 -0.0472676883 -0.1179044653 0.0000000000 0.9206976751 0.3596482852 0.0784900994 1.4006960350 0.0000000000 -2.4934200378 -0.9108394619 -0.0000000000 0.0000000000 
350940.0000000000 -1132916.3821607251 6092531.1584385671 1504633.0867364083 0.3707967908 11.1654816136 -0.0276755165 0.1340115953 -0.4871725861 0.3926776674 -0.3209369916 0.0000000000 0.5374682559 0.3604532163 0.5232530059 1.5592136625 0.0000000000 -2.4333976743 -0.1665603312 0.0000000000 0.0000000000 
350970.0000000000 -1132913.9950575861 6092528.3306860654 1504633.0296089838 0.0574785692 11.3140434823 -0.2213514945 0.8962607074 0.5162032883 0.7295208102 0.0898411052 0.0000000000 0.1107207176 0.4601739290 1.5424484725 -0.4710289158 0.0000000000 -1.9394913799 -0.5192458773 -0.0000000000 -1.5207171992 
351000.0000000000 -1132913.7077887689 6092527.1479521403 1504631.4182530565 1.3307352132 11.3140434823 -1.0756401499 0.0908701203 1.0316113805 2.4819940030 -0.1117088144 0.0000000000 0.7394919850 -0.7026090316 0.8161073113 0.2193897401 0.0000000000 -1.6984648378 -0.3508107991 0.0000000000 -1.5952392059 
351030.0000000000 -1132913.8629914627 6092527.6896049958 1504632.3218535390 0.0019972749 11.3140434823 1.9217757812 0.7409540857 1.5783632509 2.0060466643 -0.2991128457 0.0000000000 -0.7296498603 -0.1614534884 -0.8392315722 0.9137902887 0.0000000000 -2.9173092047 0.2583694498 0.0000000000 -2.6378096131 
351060.0000000000 -1132915.3364166431 6092529.6441257987 1504632.8491790977 0.2565700763 11.3140434823 -0.6105088292 0.3678929426 -0.6801422235 -0.6982079728 -0.1880016785 0.0000000000 -0.1534822737 -0.2762347988 0.8775520372 1.4327821777 0.0000000000 -0.7332387643 -0.3820841410 -0.0000000000 1.1815578471 
351090.0000000000 -1132913.4548604512 6092527.5071672536 1504633.0620483796 0.3962213058 11.3140434823 0.8675929726 -0.1768873169 1.5250316743 1.7888681656 -0.1688071739 0.0000000000 0.1575467168 0.4252902741 -0.4353432785 0.7731537934 0.0000000000 -2.3392149286 -0.4803486516 0.0000000000 -2.0593985767 
351120.0000000000 -1132914.9560762946 6092527.8110355446 1504632.9113767326 0.3126357122 11.3140434823 -0.2750973562 -0.2498143141 1.2644243315 0.3997437109 -0.3304076134 0.0000000000 -0.4988568666 0.8644069997 0.9122317352 0.5137205577 0.0000000000 -0.9964455931 -0.8765644567 0.0000000000 -0.9164672205 
351150.0000000000 -1132913.8295148590 6092526.6077166880 1504631.6843847665 0.0977209716 11.3140434823 0.1014810238 -0.2497145034 0.3943275470 0.2635091124 0.2292857603 0.0000000000 0.6810007935 0.9402824014 0.4518846076 0.1727284089 0.0000000000 -1.4821891104 -0.8775827729 -0.0000000000 -0.7465028402 
351180.0000000000 -1132914.8205884513 6092527.1987587642 1504632.5622012215 0.0048296995 11.3140434823 0.1061355280 -0.1536054645 -0.3981438567 -0.1841780197 0.2175554160 0.0000000000 0.1130906307 0.3669725332 0.3593233459 0.8226784910 0.0000000000 -1.1616901704 -0.2043848079 0.0000000000 0.1357431108 
351210.0000000000 -1132913.3387333674 6092527.0437892471 1504632.3461943492 0.0751257466 11.3140434823 -0.3002108496 -0.2685762567 1.0219913047 1.8289751371 -0.5557813519 0.0000000000 -0.2119435643 -0.2331641109 0.0862639384 1.1529768491 0.0000000000 -1.4627900015 0.0834984993 -0.0000000000 -1.0877996885 
351240.0000000000 -1132914.1779407014 6092529.5869166404 1504633.6574991082 0.0071352439 11.3140434823 0.5974598681 0.2772667067 -0.2735292943 0.5476044358 0.2332438109 0.0000000000 -0.6023569840 -0.6739331922 -0.1272964150 1.2857315794 0.0000000000 -1.4244065878 0.5304037284 0.0000000000 -0.2279450219 
351270.0000000000 -1132913.2399630253 6092527.8034101417 1504633.7389387104 0.0580274218 11.3140434823 1.3764098539 0.6146043630 0.7842611448 0.4553834446 -0.0288005504 0.0000000000 -0.5257230987 0.0600896531 -0.6309675527 -0.0355392131 0.0000000000 -0.9452770686 0.1234240770 -0.0000000000 -1.2521981340 
351300.0000000000 -1132913.5790033867 6092526.6223521614 1504632.6945073807 0.2905720403 11.3140434823 0.6069991785 0.4138718029 0.1981713350 0.0954709000 -0.0205023275 0.0000000000 -0.7122028421 0.1112033709 0.2370349965 0.4670248375 0.0000000000 -1.0322458942 0.1792538609 0.0000000000 -0.5545868667 
351330.0000000000 -1132914.5709559533 6092528.2980844546 1504633.5110764175 0.0440175874 11.3140434823 0.3269232394 0.4264787755 0.1978415030 -0.9882345056 0.3941215788 0.0000000000 -0.0399265057 0.6536848543 0.8414904766 0.3056709839 0.0000000000 -1.0269755744 -1.2257034252 -0.0000000000 -0.0196540860 
351360.0000000000 -1132914.8170188323 6092528.9520186447 1504632.0065747926 0.2269758016 11.3140434823 -1.3456269034 -0.1205043826 0.4144102790 1.7424952397 -0.3513114814 0.0000000000 0.4715151716 0.4731430905 1.7266900007 0.5726492130 0.0000000000 -2.3076306242 -0.2068145188 -0.0000000000 -1.1209276308 
351390.0000000000 -1132915.0888601670 6092528.1336446200 1504632.7699392706 0.0143838348 11.3140434823 -0.3287042767 0.5852470339 0.3691589833 0.6009477214 -0.5035437229 0.0000000000 -0.0870171862 -0.3131045968 0.6087987944 1.4174320367 0.0000000000 -1.6604602714 -0.4606176543 -0.0000000000 -0.1763287947 
351420.0000000000 -1132914.4126392503 6092527.7557440847 1504632.1794425319 0.0066850243 11.3140434823 0.3838333462 0.1127734215 0.0588040522 -0.2369954032 -0.1331431642 0.0000000000 -0.0420861013 0.5980788912 0.0605539868 -0.0340107421 0.0000000000 -0.4796092311 -0.0619077415 0.0000000000 -0.2728118839 
351450.0000000000 -1132914.4817235996 6092527.6099169413 1504632.9231003781 0.1768819540 11.3140434823 0.8025970544 0.6240363643 0.2156228829 -0.0069903140 -0.1944278922 0.0000000000 0.3469452018 1.2644266962 0.4213800609 -0.1890233519 0.0000000000 -1.9404592688 -0.3112528525 -0.0000000000 -1.1219236646 
351480.0000000000 -1132915.8274174475 6092527.8108360190 1504632.3472841268 0.0174367228 11.3140434823 0.3962630355 0.3988052182 0.0817890038 -0.2258857048 -0.4971198320 0.0000000000 0.2357637001 0.6531904671 0.0460200937 0.8091559018 0.0000000000 -1.3423508710 -0.4311721561 0.0000000000 -0.1364706721 
351510.0000000000 -1132914.9458784829 6092527.3342370223 1504633.0114724995 0.2055634287 11.3140434823 0.7908285439 0.4165912325 0.0515499193 -1.0388325202 0.2232868765 0.0000000000 -0.5610100612 0.6355073614 0.5608649392 1.1496536271 0.0000000000 -1.5375191325 -0.8434103510 0.0000000000 0.0592081460 
351540.0000000000 -1132914.4284826191 6092528.1266913312 1504632.9036027913 0.2703110164 11.3140434823 0.8504236480 1.3050354992 -0.3794880687 -1.1820674767 -0.7369099321 0.0000000000 -0.1468788305 0.2200014302 -0.0403175154 1.6847133399 0.0000000000 -1.6684772617 -0.5359642072 0.0000000000 0.6047374922 
351570.0000000000 -1132914.3295471482 6092529.0751512824 1504633.1445386286 0.0220537672 11.3140434823 0.2025554315 1.0590609541 0.2697304671 0.3408233651 -0.0200387102 0.0000000000 -0.4531743045 -0.0397611652 1.1490939305 0.9392781976 0.0000000000 -2.3345493739 -0.3763358778 0.0000000000 -0.7350920565 
351600.0000000000 -1132914.0651500532 6092529.0685017873 1504633.1626549598 0.0413636902 11.3140434823 1.3955263090 0.8954357543 0.2605901265 0.1756411094 0.1065981550 0.0000000000 -0.5106209484 0.5050257986 0.0660794740 0.0311114212 0.0000000000 -1.8254863959 0.2732452898 -0.0000000000 -1.2993425141 
351630.0000000000 -1132914.5349514596 6092530.2657909878 1504633.9777133667 1.0448035738 11.3140434823 2.2774422138 0.7708604003 1.1975785003 1.5946391190 0.3593840236 0.0000000000 0.3659088782 0.4196470383 -1.1946134344 0.3152093495 0.0000000000 -2.9715675606 -0.1827147278 0.0000000000 -2.5636125638 
351660.0000000000 -1132914.8282964542 6092529.1924707070 1504633.2130888856 0.0584076034 11.3140434823 1.5783890993 1.0184846613 0.0263345280 0.3124162557 -0.0766528012 0.0000000000 0.3019140454 0.0558548030 -1.0020083780 0.3278429381 0.0000000000 -1.6140641361 0.2227200696 0.0000000000 -0.9305631633 
351690.0000000000 -1132916.0871279715 6092530.9995460771 1504634.2508457606 0.0194563589 11.3140434823 1.1112407264 0.2975041705 0.3524701939 -0.1317503836 0.1913235054 0.0000000000 -0.2903135634 0.3610329718 -0.2947831732 0.7327687006 0.0000000000 -1.3135388643 -0.3584435642 -0.0000000000 -0.5700853174 
351720.0000000000 -1132915.4774548942 6092528.6768884622 1504633.0459528731 0.4208327551 11.3140434823 2.1554258807 0.3659977636 0.5984490324 -0.4586769102 0.4671313544 0.0000000000 -0.4602080489 0.3201097713 -1.1499603192 1.1860219416 0.0000000000 -1.5100270757 -0.6443364169 -0.0000000000 -0.6815296662 
351750.0000000000 -1132914.6500123502 6092528.2840770027 1504632.7179201941 0.0220116328 11.3140434823 1.0228992331 -0.1598751174 0.3029577242 0.1420830669 -0.2065817806 0.0000000000 -0.5790259687 0.1155486970 -0.9716782075 1.2204444908 0.0000000000 -0.6567531397 0.2138032858 0.0000000000 -0.2378616161 
351780.0000000000 -1132914.9515722827 6092527.1375619052 1504633.0842009699 0.0556821944 11.3140434823 1.1997364889 1.4595176315 -0.0130981821 -0.7459964707 0.2531037720 0.0000000000 -0.4321910564 -0.1715473892 0.2846455519 0.7121095907 0.0000000000 -1.7242911137 -0.5053804325 0.0000000000 -0.3243419292 
351810.0000000000 -1132915.1042425740 6092528.8935076678 1504633.2689177070 0.3403194537 11.3140434823 -0.0785700162 0.1826597615 -0.1708644350 -0.4413380733 0.1991939610 0.0000000000 -0.4421093046 0.7440312580 1.4562672391 1.1607686715 0.0000000000 -2.0751037109 -0.6061822349 -0.0000000000 -0.0705483437 
351840.0000000000 -1132915.4925963290 6092529.4605042385 1504633.3654583718 0.0103197459 11.1654816136 -0.3411730071 1.4166461685 -0.1249433028 0.0000000000 -0.0993963407 0.0000000000 -0.2742306543 -0.7672700093 1.3039769213 1.6795742799 0.0000000000 -2.2864455196 -0.7043996866 0.0000000000 0.1584338170 
351870.0000000000 -1132915.0521569860 6092526.5912586832 1504632.7341182914 0.0590206592 11.1654816136 -1.5241231364 0.4680002999 -0.8890703253 0.0000000000 -0.8761046249 0.0000000000 -0.0946812994 0.0796410568 1.6853797374 1.0973039495 0.0000000000 -1.2271103518 0.3158756504 -0.0000000000 0.7437069730 
351900.0000000000 -1132915.8011292070 6092529.2217217609 1504633.2400560877 0.0014082214 11.3140434823 -0.3372193756 0.5111646271 0.6351642909 0.0000000000 -0.3768990796 0.0902384244 -0.7454307874 0.3931624876 1.3486097623 0.9421614704 0.0000000000 -1.5689214930 -0.5849058650 -0.0000000000 -0.4166530906 
351930.0000000000 -1132914.0554829515 6092527.0304983845 1504632.6828996569 1.0954604089 11.3140434823 -0.0060264534 0.4355847731 0.8223437110 0.0000000000 0.7722231368 1.4147676348 -0.5126406443 0.8998124180 0.2889355983 0.1721254758 0.0000000000 -1.8848029663 -0.9140772586 0.0000000000 -1.4620731901 
351960.0000000000 -1132914.8828342489 6092527.9700685516 1504632.4360918177 0.1462669840 11.3140434823 -0.9564164706 0.1489727834 -0.2662087103 0.0000000000 0.6646893028 0.7970107467 0.0976334937 0.6711375872 1.3366550050 0.4318755249 0.0000000000 -1.9595951980 -0.7080576373 -0.0000000000 -0.4042413198 
351990.0000000000 -1132914.2950119269 6092527.1263234066 1504631.9259318635 0.2507165681 11.3140434823 -1.7690712025 -0.0510269808 -0.4953802486 0.0000000000 0.4518721847 1.8179861118 0.1364992588 0.2073490216 0.0262712064 0.9636984220 0.0000000000 -1.0481310176 -0.5118756153 0.0000000000 0.1384718269 
352020.0000000000 -1132914.7056038151 6092527.4316714946 1504633.1752404307 0.0024492948 11.3140434823 -2.0342186789 0.0397122334 0.5791086019 0.0000000000 0.2386936052 2.5496787582 -0.3016570205 1.4209154046 0.6117034310 0.6392248651 0.0000000000 -1.8928524380 -1.0855664888 0.0000000000 -1.0049759354 
352050.0000000000 -1132914.1479689085 6092525.9735740134 1504632.1082026165 0.0910822425 11.3140434823 0.0684528192 0.3477672178 0.4597569568 0.0000000000 0.0118609789 -1.0919705816 0.2291645638 -0.0770689677 1.7364449653 0.9553040865 0.0000000000 -1.6074090924 -1.2992553678 0.0000000000 0.1482446353 
352080.0000000000 -1132915.1912870125 6092528.4331921963 1504632.9663450534 0.0335736164 11.3140434823 0.5779629134 0.4591811924 0.6285538562 0.0000000000 -0.0014075686 0.1156192137 -0.2853616409 0.0388113078 -0.1052983167 1.2906066118 0.0000000000 -1.4373579221 -0.7658528237 -0.0000000000 -0.3942042654 
352110.0000000000 -1132914.0209354048 6092528.0641219504 1504633.2357704823 0.6940499100 11.3140434823 0.4907393450 -0.2212550038 0.7559566143 0.0000000000 -0.2780086899 0.5129615774 -0.3358633259 1.0441963438 -0.5552856528 0.7808331811 0.0000000000 -0.9661859096 -0.3621784184 -0.0000000000 -0.7488363516 
352140.0000000000 -1132914.5805757535 6092527.4629447106 1504632.5337192013 0.5241997437 11.3140434823 0.8516087744 0.1235412801 1.3495987902 0.0000000000 0.0916678709 0.6449387246 -0.6405890591 0.4463358948 -0.8154280728 0.7679496051 0.0000000000 -0.8088370420 -0.8060106479 0.0000000000 -0.9945307665 
352170.0000000000 -1132915.5160556461 6092528.2668797076 1504632.6134652591 0.0261861988 11.3140434823 -2.7944235789 -0.3088671002 0.0558328319 0.0000000000 -1.1021227489 0.6751594964 0.6908756599 0.5701911817 1.2147708928 0.5563555581 0.0000000000 -0.0902262906 -0.8483328997 0.0000000000 0.7895098207 
352200.0000000000 -1132914.5028752421 6092529.2466938850 1504632.8462800500 0.3380424456 11.3140434823 0.2790339737 -0.5685444886 0.4657045556 0.0000000000 0.0330679868 -0.7230622292 0.2383652381 0.9796130773 1.0140128913 0.1699301515 0.0000000000 -0.9040349973 -0.7700177610 -0.0000000000 -0.2622859776 
352230.0000000000 -1132914.3568570940 6092528.8690516036 1504633.2648836370 0.0044302445 11.3140434823 0.5579791881 0.5840911551 0.5488278568 0.0000000000 0.3259306114 0.4925130592 0.1380434441 -0.3815249139 -0.9246262878 0.5248764258 0.0000000000 -0.5530161811 -0.7059908497 -0.0000000000 -0.4234358703 
352260.0000000000 -1132915.6509259865 6092529.2488717418 1504633.6931305884 0.2365060321 11.1654816136 0.0000000000 0.5299384454 0.4050866526 0.0000000000 0.5864500076 1.6518204904 -0.5996364541 -0.0149653284 -0.9650354538 1.3606682107 0.0000000000 -1.5394272816 -0.5576560570 -0.0000000000 -0.6949188487 
352290.0000000000 -1132914.2889441743 6092527.2658598274 1504632.5729059048 0.0001074139 11.1654816136 0.0000000000 0.4644282413 0.1487650110 0.0000000000 0.1428113720 0.7956402581 -0.5515430984 0.5049023495 0.2469324917 0.4976392195 0.0000000000 -1.4641453946 -0.0156685094 -0.0000000000 -0.7256218105 
352320.0000000000 -1132915.1628931274 6092528.5579089485 1504632.9050060173 0.2537327575 11.1654816136 0.0000000000 0.9158062528 -0.1905095418 0.0000000000 -0.0613585985 0.3901680475 0.3214982166 0.1081327400 0.0929856808 0.8580408553 0.0000000000 -1.7505432358 -0.3388195691 0.0000000000 -0.3209947666 
352350.0000000000 -1132914.6722224553 6092529.3443794549 1504633.1343880091 0.1118224060 11.1654816136 0.0000000000 0.4913728745 0.8361287945 0.0000000000 0.0051140860 0.8618381269 -0.1132371497 0.2391475791 -0.4221603984 0.7787824069 0.0000000000 -1.1040137569 -0.8487218464 -0.0000000000 -0.6704683134 
352380.0000000000 -1132915.9004701460 6092529.1158438018 1504633.2864545400 0.4635662866 11.1654816136 0.0000000000 0.8548684306 0.2571522284 0.0000000000 -0.4300705650 0.4716652515 0.8518918717 0.3398663163 -0.5501697051 0.6424560161 0.0000000000 -1.2919986292 -0.6733136185 -0.0000000000 -0.4546896776 
352410.0000000000 -1132915.4374218639 6092529.5264187260 1504632.9818187903 0.4911101602 11.1654816136 0.0000000000 -0.1830141588 0.5848866597 0.0000000000 -0.3798517966 0.0297591644 -0.5243239585 0.3142985596 0.1137047803 1.5798927193 0.0000000000 -0.9663904251 -0.5728571472 -0.0000000000 0.0089824644 
352440.0000000000 -1132914.6882923127 6092525.6344543062 1504632.1192952909 0.1533377956 11.1654816136 0.0000000000 0.5932020099 -0.2792488609 0.0000000000 -1.0059407996 -0.1709725484 0.2143261047 -0.1945345441 -0.5699679549 1.9151320872 0.0000000000 -0.9815990699 0.0143877661 -0.0000000000 0.4788744697 
352470.0000000000 -1132914.8859316013 6092529.9015541682 1504634.2068589018 0.0137012842 11.1654816136 0.0000000000 0.8274016113 0.2376646838 0.0000000000 1.0406662099 1.2285630579 -0.0209078533 -0.1818058728 -0.2156973902 0.3180574909 0.0000000000 -1.5659453955 -0.7780672642 0.0000000000 -0.7902811906 
352500.0000000000 -1132915.8139281785 6092529.8051400743 1504633.5105915305 0.0183235005 11.1654816136 0.0000000000 0.5923245272 0.5013397722 0.0000000000 0.4495656824 1.2234949111 -0.4840929736 -0.0952609748 -0.5931035058 1.0947610051 0.0000000000 -1.3657164324 -0.5953157732 -0.0000000000 -0.6168852262 
352530.0000000000 -1132915.0809120610 6092527.2438388662 1504633.3718175746 0.1022532066 11.1654816136 0.0000000000 1.5452027023 -0.1085025840 0.0000000000 0.1121818252 0.5880249057 -0.1013778172 0.1414428560 0.8317245587 0.9661673390 0.0000000000 -2.8289045901 -0.3327749187 0.0000000000 -0.7941430722 
352560.0000000000 -1132914.8696079252 6092528.3614539746 1504633.4087324385 0.0070099744 11.1654816136 0.0000000000 0.6675944425 0.8165545599 0.0000000000 -0.2257613436 -0.5825817581 -1.1144955674 -1.3097531384 1.0149789530 0.8494565794 0.0000000000 -0.0074966286 -0.4743174344 0.0000000000 0.3186613845 
352590.0000000000 -1132915.1044085678 6092529.1301868176 1504633.7736038717 0.0923060256 11.1654816136 0.0000000000 0.9348858555 -0.2282770278 0.0000000000 0.8063167318 0.6257172520 -0.3996600215 -0.2217652451 0.6912060868 1.0260806286 0.0000000000 -2.3004986134 -0.4437544280 -0.0000000000 -0.4355075029 
352620.0000000000 -1132915.9155504848 6092528.8106345218 1504633.8746410112 0.3904396142 11.1654816136 0.0000000000 0.9198301657 -0.3721812972 0.0000000000 0.0705953257 0.1692822619 -0.1610882647 0.2020345659 0.8362588936 1.2850116239 0.0000000000 -2.4468720275 -0.1888141806 0.0000000000 -0.3101098279 
352650.0000000000 -1132916.0174972848 6092529.1935897544 1504633.6620126702 1.0176753086 11.1654816136 0.0000000000 1.1316363724 -0.5920487317 0.0000000000 0.0803871447 -0.8443969347 0.2255531465 -0.4340080082 1.7014431173 1.2782075293 0.0000000000 -2.3539511015 -0.5375642077 0.0000000000 0.2636648678 
352680.0000000000 -1132915.2987104109 6092529.7357618883 1504634.0034428348 0.4794543237 11.1654816136 0.0000000000 0.7394413111 0.3500068712 0.0000000000 -0.4428904555 0.6069555562 -0.4725210120 0.4383222023 0.1209920628 0.4817797715 0.0000000000 -1.2359207076 0.1801653285 -0.0000000000 -0.7414807091 
352710.0000000000 -1132914.2103253454 6092526.8575368561 1504632.6290513058 0.0008712495 11.1654816136 0.0000000000 1.1900513831 0.3875955901 0.0000000000 0.1455180935 0.0867355626 -0.8990582789 -0.8842976826 1.0374941717 0.6165316151 0.0000000000 -1.1653359724 -0.2460754667 0.0000000000 -0.2713053265 
352740.0000000000 -1132914.7932801198 6092528.5480095260 1504633.3859871968 0.0153248774 11.1654816136 0.0000000000 1.5898154946 0.5552163012 0.0000000000 0.7903886224 1.0462680322 -0.7095762560 -0.3137087099 1.0208568327 0.1217532588 0.0000000000 -2.2984239974 -0.5385912993 0.0000000000 -1.2074874271 
352770.0000000000 -1132915.8037133925 6092527.1688046362 1504633.6514252406 0.0415944808 11.0041300577 0.0000000000 0.4124910823 0.0428060592 0.0000000000 0.5073663132 0.7148620359 -0.4011193720 0.2620468057 0.2065459258 1.0661095168 0.0000000000 -1.8725303464 -0.4000104115 0.0000000000 -0.4784280708 
352800.0000000000 -1132915.6750681670 6092529.5209588716 1504633.4813628974 0.1597760764 11.1654816136 0.0000000000 0.6699741171 0.8647667163 0.0000000000 1.1124677751 0.4305909951 -1.2468169177 -0.8002811267 1.3853443887 0.8212284141 0.0000000000 -1.6426446611 -1.1242640649 0.0000000000 -0.4364383101 
352830.0000000000 -1132914.8945347606 6092527.1229967810 1504633.7179454386 0.0059467993 11.1654816136 0.0000000000 1.5011268953 0.4901836711 0.0000000000 0.4457511582 1.0120619772 0.2814222644 -0.0507795012 0.0864303216 0.1234369309 0.0000000000 -1.9821341296 -0.7280473677 0.0000000000 -1.1258379916 
352860.0000000000 -1132915.4847090144 6092529.2644749600 1504633.1124280663 0.3245704029 11.1654816136 0.0000000000 0.0179213177 0.2731325474 0.0000000000 0.4562503680 1.0218527886 -0.3284708794 0.1685788399 -0.8621829837 1.1829498837 0.0000000000 -1.0296290981 -0.4594940004 0.0000000000 -0.3403873256 
352890.0000000000 -1132916.8589631666 6092530.0313929524 1504634.3199115307 1.3172054003 11.1654816136 0.0000000000 0.7131713567 0.0465359336 0.0000000000 0.3225287878 0.7699521273 0.5508534215 -0.1607563938 -1.0009662072 1.0765790813 0.0000000000 -1.2543260843 -0.6991456117 0.0000000000 -0.2940747448 
352920.0000000000 -1132915.6748587845 6092530.7947879815 1504633.8226020273 0.2398980522 11.1654816136 0.0000000000 1.2529210468 0.0654469603 0.0000000000 0.7432129865 1.8333807769 -0.3963549842 -1.1914432643 -2.0419279868 1.3844335557 0.0000000000 -0.8978229495 -0.1781941906 0.0000000000 -0.3838446896 
352950.0000000000 -1132916.5354314607 6092530.2272751043 1504634.1078049091 0.3800781554 11.1654816136 0.0000000000 0.6215541334 -0.4153045734 0.0000000000 0.8316296327 0.7065716828 -0.3829802922 -0.4515212665 -0.1371267585 1.2478919491 0.0000000000 -1.6165588561 -0.2518826527 0.0000000000 -0.0705528436 
352980.0000000000 -1132916.3559690716 6092529.7356697526 1504634.0452390215 0.2541187007 11.1654816136 0.0000000000 0.6675995358 0.0904374003 0.0000000000 0.5338666084 -0.0842661086 -0.5675499317 -0.6598454898 1.0350350034 0.9060597703 0.0000000000 -1.3732796903 -0.5755050972 0.0000000000 0.0244465352 
353010.0000000000 -1132914.5250577880 6092529.2032840904 1504633.3600703545 0.1355756479 11.1654816136 0.0000000000 0.5385075291 0.2959571962 0.0000000000 0.1570144308 0.8587235057 -0.4490385433 0.5535445904 0.0828559658 0.8993025957 0.0000000000 -1.8827610287 -0.1963228590 -0.0000000000 -0.7998945609 
353040.0000000000 -1132914.8303902540 6092527.1743801674 1504632.3754896084 0.3139501015 11.1654816136 0.0000000000 0.6057727621 0.6575371563 0.0000000000 -0.5233914394 0.6369169325 0.0106511380 0.2216096722 -0.9544945078 1.5765925787 0.0000000000 -1.1984755139 -0.4982010466 -0.0000000000 -0.4932932686 
353070.0000000000 -1132914.7097831687 6092528.1706570517 1504632.8733933687 0.0198941085 11.1654816136 0.0000000000 0.4168350780 0.5886543281 0.0000000000 0.0727308957 1.2554498847 0.0858097360 0.3865695274 -1.2079609068 0.2291568164 0.0000000000 -0.6392384095 -0.2063271520 0.0000000000 -0.8887035189 
353100.0000000000 -1132914.9389238693 6092527.8419613512 1504632.9682587481 0.2388945136 11.1654816136 0.0000000000 0.3919643136 -0.2491776880 0.0000000000 0.7040903475 1.8037544704 -0.5438906419 0.2674447328 -1.2633652453 0.1544686227 0.0000000000 -0.9040718692 0.6255977238 0.0000000000 -0.8249991423 
353130.0000000000 -1132914.7903735726 6092528.8349882746 1504633.3270238109 0.0003832147 11.1654816136 0.0000000000 0.7093984816 0.4538881101 0.0000000000 0.4080693281 1.6647864696 -0.2451528110 0.3676203374 -1.1555307231 0.7387516296 0.0000000000 -1.5408646759 -0.1820028851 -0.0000000000 -1.0882058768 
353160.0000000000 -1132915.7379690844 6092528.6023427583 1504634.3851901954 0.8375024489 11.1654816136 0.0000000000 0.2268742074 1.0562159837 0.0000000000 0.8147839925 1.5587368683 -0.3725766055 -0.0118231351 -1.0473023949 0.4576957285 0.0000000000 -0.7854361421 -0.8757876899 -0.0000000000 -0.8932396961 
353190.0000000000 -1132915.0405983473 6092527.8435149053 1504632.9058215402 0.0033106727 11.1654816136 0.0000000000 0.1330803377 -0.0002488958 0.0000000000 -0.2387114646 0.1375699122 -0.0255019639 0.6612145314 0.1182351091 0.7607079625 0.0000000000 -1.1809977891 -0.0382170697 -0.0000000000 -0.3271541852 
353220.0000000000 -1132914.2536790557 6092524.8824347164 1504632.2270969024 0.0021959425 11.1654816136 0.0000000000 0.0926407034 0.2822025566 0.0000000000 -0.7641817270 -0.3579515436 0.9389823414 1.0098682477 0.1411837128 -0.2158167655 0.0000000000 -0.4761520501 -0.2367512475 0.0000000000 -0.4767855185 
353250.0000000000 -1132915.2619817813 6092528.0266657174 1504633.3138754084 0.1614438506 11.1654816136 0.0000000000 0.2007039626 0.4990038141 0.0000000000 0.0679874224 0.4115372572 -0.4973751840 0.4124093047 0.4695642336 0.3975266601 0.0000000000 -1.1247367866 -0.2328356612 0.0000000000 -0.5828740198 
353280.0000000000 -1132914.1414004839 6092526.3778097313 1504633.0434746342 0.1690778787 11.1654816136 0.0000000000 0.7189828908 1.0620163035 0.0000000000 0.0732050675 0.7802085020 -0.4418876371 -0.0261079867 0.0081013395 0.4801932875 0.0000000000 -1.1334024549 -0.5854420990 -0.0000000000 -0.8905497566 
353310.0000000000 -1132915.6639474921 6092529.3524413044 1504633.9295698311 0.3619680883 11.1654816136 0.0000000000 0.5826543286 0.3807387277 0.0000000000 0.5412226210 1.2966638609 0.0861321456 0.1125786259 -1.2165853133 0.8962860294 0.0000000000 -1.3085480560 -0.5162859764 -0.0000000000 -0.7516353480 
353340.0000000000 -1132914.3935809527 6092525.3036087099 1504632.7148493663 0.0091901068 11.1654816136 0.0000000000 -0.0088046477 0.4805864878 0.0000000000 -0.3320506956 -0.5038404376 0.5254846514 0.3048636371 0.2029814872 0.7901789314 0.0000000000 -0.6014331977 -0.9056903392 -0.0000000000 -0.0075884555 
353370.0000000000 -1132915.6858989175 6092528.6059686448 1504634.3607532203 0.1027323983 11.1654816136 0.0000000000 0.4246617405 0.3928830171 0.0000000000 0.3007002522 1.4382545440 -1.1386402416 0.5978833320 -0.1820537436 0.7759577381 0.0000000000 -1.7873057256 0.3462034195 0.0000000000 -1.0588738329 
353400.0000000000 -1132914.7141134089 6092526.0565287564 1504632.9042414485 0.2136585707 11.1654816136 0.0000000000 0.3945837744 0.5889082956 0.0000000000 -0.0239609504 -0.2393565562 -0.3205351281 -0.2289140517 0.5376832307 1.5620206769 0.0000000000 -1.3255579335 -0.9487654251 -0.0000000000 -0.0214036948 
353430.0000000000 -1132915.9687029070 6092528.1201580865 1504633.7876873382 0.0779933644 11.1654816136 0.0000000000 0.4813198825 -0.3408246758 0.0000000000 0.7851545219 -0.1425247863 -0.5306939329 -0.2504450047 1.4224166735 0.8983152046 0.0000000000 -1.9082698646 -0.4892464331 -0.0000000000 0.0697370590 
353460.0000000000 -1132914.7725247131 6092527.1043945830 1504634.2772816890 0.0285075604 11.1654816136 0.0000000000 0.4856037563 1.2728989244 0.0000000000 0.9094519467 1.6323475433 -0.8988405317 0.3093925415 0.3102231058 -0.2531264762 0.0000000000 -1.6094919060 -0.5901182460 0.0000000000 -1.4523117959 
353490.0000000000 -1132914.5148487503 6092528.4956065882 1504633.4564856025 0.0279562275 11.1654816136 0.0000000000 0.3862041348 0.4338460869 0.0000000000 0.4767857913 0.4266760241 -0.7585065382 0.3462499218 1.2216286097 0.4913626563 0.0000000000 -1.9289260609 -0.4053105903 0.0000000000 -0.6654635249 
353520.0000000000 -1132915.7196026063 6092530.6554730805 1504633.9608113228 0.5640549055 11.1654816136 0.0000000000 0.2898276992 0.8865004916 0.0000000000 0.7682825588 1.0185389972 -1.1153464171 -0.2307979580 0.2316041248 0.8316618768 0.0000000000 -1.3417296339 -0.6470387707 0.0000000000 -0.6091713578 
353550.0000000000 -1132914.3750546181 6092527.4633081863 1504633.2044219230 0.0122281649 11.1654816136 0.0000000000 0.4770370374 0.8972853471 0.0000000000 0.2076485741 0.8482136507 -0.2929542656 0.0885727734 -0.2870757341 0.4325215590 0.0000000000 -0.9887784419 -0.4998118351 0.0000000000 -0.8276269464 
353580.0000000000 -1132914.2553838447 6092526.8578047389 1504632.5582900227 0.2513626042 11.1654816136 0.0000000000 0.9659153737 0.8498076741 0.0000000000 0.3510461314 1.0762472385 -1.7095064489 -0.3151101841 0.5463485368 1.5889890512 0.0000000000 -2.2639118624 -0.1498262546 0.0000000000 -0.8600423199 
353610.0000000000 -1132916.2327640627 6092530.6559062023 1504633.4454419687 0.4135007278 11.3140434823 0.0000000000 0.9306245661 0.0932280548 0.0000000000 0.0633993436 -0.7306813927 -1.0453355668 -0.1687917277 0.6695434147 1.4259172787 0.9402228637 -1.2488242560 -0.2191905835 -0.0000000000 -0.5151196171 
353640.0000000000 -1132915.9607103507 6092529.2191476505 1504634.2984438823 0.0450384309 11.3140434823 0.0000000000 1.5133324582 0.7622323180 0.0000000000 0.3505172661 0.7584823989 -0.9220855115 0.4157229250 -0.0402164166 0.5994191145 0.9026858681 -2.0799345594 -0.0528936193 0.0000000000 -1.9254047735 
353670.0000000000 -1132915.4254745578 6092528.6732025184 1504633.9809923240 0.0318842948 11.3140434823 0.0000000000 0.6814317417 0.1729275726 0.0000000000 0.9444233256 2.5254315177 0.0118004926 -0.6016601130 -0.2273381303 1.2754062795 -1.7428262650 -2.9287084941 -0.3975926168 -0.0000000000 0.0189165464 
353700.0000000000 -1132916.4311827309 6092528.2620604131 1504633.7729784874 0.0744228144 11.3140434823 0.0000000000 -0.2069399731 1.1858940529 0.0000000000 0.5176414321 1.1576900392 -0.5949880889 -0.7078298777 0.4129518685 1.2597012202 -1.0558115810 -1.2713334690 -1.2115262155 -0.0000000000 0.3259129002 
353730.0000000000 -1132915.7031259101 6092525.8881011093 1504633.3688035156 0.0312956663 11.3140434823 0.0000000000 2.1166276653 1.0540124146 0.0000000000 -0.1238458191 0.3034827733 0.1904572904 -0.8768041153 1.1559501512 1.0877550966 -0.4836290127 -2.7380498218 -0.9680696789 -0.0000000000 -0.8487209103 
353760.0000000000 -1132915.8071052968 6092529.7571034310 1504633.4874659756 0.0057936155 11.3140434823 0.0000000000 0.7350359079 -0.6585922124 0.0000000000 0.6970601100 2.0789558638 -1.0729518008 -0.5112856404 -1.2500073594 1.3028870328 -0.5702953342 -1.6287581826 1.0826795985 -0.0000000000 -0.1805728911 
353790.0000000000 -1132914.0952143886 6092527.2193623409 1504632.8601800699 0.1718888322 11.3140434823 0.0000000000 0.2868955059 1.2224434217 0.0000000000 -0.0002006363 2.1683343507 0.0207982749 1.1290206498 -0.7854767359 0.4030623810 -0.6860097309 -2.1412914763 -0.1368429568 0.0000000000 -1.5207713809 
353820.0000000000 -1132914.3638756434 6092529.2888997728 1504633.3231355769 0.1932832006 11.3140434823 0.0000000000 -0.4163352036 0.8224165445 0.0000000000 0.6191924112 2.3247091346 -1.1100678309 0.3063789272 0.1886332327 1.1361082275 -1.2426491843 -2.2917212226 -0.2145376303 -0.0000000000 -0.2688393418 
353850.0000000000 -1132914.9740722857 6092529.2712748246 1504632.7069094465 0.0005807550 11.3140434823 0.0000000000 -0.2988963380 1.8660563649 0.0000000000 0.2830022716 1.9336294732 -1.1341304499 -0.2182078959 0.4792380504 0.5559445524 -1.0678304878 -1.3409575936 -0.7465256435 0.0000000000 -0.4491530132 
353880.0000000000 -1132916.1870853268 6092529.5515181059 1504634.0622948185 0.8852091421 11.3140434823 0.0000000000 0.8790234808 0.5414834953 0.0000000000 0.5371025913 -0.1614481067 -0.7297140708 0.3023691089 0.5547847030 0.4504861488 1.0117731401 -1.4071191111 -0.4865558463 0.0000000000 -1.2535567193 
353910.0000000000 -1132915.6181699377 6092527.7669286923 1504633.5462139323 0.2046474968 11.3140434823 0.0000000000 0.9482175794 0.3067336164 0.0000000000 0.1312404303 0.4697617229 -1.0271048456 -0.9240041081 -0.0195983598 1.3089197055 -0.0561417664 -1.0256610412 0.0771345699 0.0000000000 -0.1662704025 
353940.0000000000 -1132914.7288560208 6092527.0296008317 1504633.3060660497 0.0411699940 11.3140434823 0.0000000000 1.7446516830 0.5031456110 0.0000000000 -0.3957618701 0.6558169500 0.5329130279 -0.6719266339 0.3638500367 0.5449069207 -0.8004178600 -1.9573884416 -0.0589185755 0.0000000000 -0.6330609884 
353970.0000000000 -1132915.2497529953 6092529.9916386986 1504633.0684634442 0.2776580307 11.3140434823 0.0000000000 0.0662403398 0.4184715810 0.0000000000 0.1837057730 0.9404102959 -1.0747062494 -0.1230265582 -0.5236426519 0.8319298262 -0.0353587024 -0.5469674096 0.2578162818 -0.0000000000 -0.3326067625 
354000.0000000000 -1132914.6787776677 6092528.1210999498 1504632.6152469188 0.0106555116 11.3140434823 0.0000000000 -0.3106633696 0.6453179782 0.0000000000 -0.0498832999 1.2555743611 -0.0496736577 0.4033877295 0.4829971961 0.8815157197 -1.2383152917 -1.8384810805 -0.4142526266 0.0000000000 0.0068890597 
354030.0000000000 -1132915.7921680394 6092530.4520638948 1504633.3461513773 0.0639564941 11.3140434823 0.0000000000 0.3810989177 0.0679304624 0.0000000000 0.3351087380 -0.2567372322 -0.9932212486 0.1777695104 1.1211540384 0.9585037080 0.4113405862 -1.5347899202 -0.2207594039 0.0000000000 -0.3638517186 
354060.0000000000 -1132915.7538541446 6092528.3469552044 1504633.6468571096 0.0932271501 11.3140434823 0.0000000000 0.3093712256 -0.0507589563 0.0000000000 0.1391512677 0.8377057207 0.4795363928 0.5333479024 -0.6533849304 0.4049663741 -0.3464551644 -1.2188549593 0.0593158236 0.0000000000 -0.5260730177 
354090.0000000000 -1132914.0272881601 6092527.3500634218 1504632.8680037670 0.0280216392 11.3140434823 0.0000000000 1.2898248849 0.9609790747 0.0000000000 0.1397799911 0.1973496666 -0.7695493141 -0.6831587657 0.9947542463 1.1137305344 -0.0118807274 -1.9182399094 -0.5889123575 0.0000000000 -0.7215723924 
354120.0000000000 -1132914.6349546008 6092529.2170164008 1504633.6444386109 0.0687206810 11.3140434823 0.0000000000 0.4708731661 0.2093026035 0.0000000000 0.0183816253 1.2874803570 1.0657710924 0.1248986410 -0.5719517404 0.0929070193 -1.0842458191 -1.3407017812 -0.1251954672 0.0000000000 -0.3286963981 
354150.0000000000 -1132914.0966655181 6092527.8750781072 1504632.7098779648 0.0005613530 11.3140434823 0.0000000000 0.4447703030 0.8436466656 0.0000000000 -0.3404925375 0.8363380177 0.2937458457 -1.4505073789 0.5079312131 0.1036627612 -1.4738628921 -0.2833936318 -0.4314997346 0.0000000000 0.6519673256 
354180.0000000000 -1132915.7467283295 6092529.9488104656 1504634.2760054220 0.6226202183 11.3140434823 0.0000000000 1.6188954573 -0.1630085899 0.0000000000 0.1797101619 -0.0808912125 -0.1068690759 -0.5378913346 1.4112278778 0.7768980999 -0.2424228614 -2.4196826387 -0.0812423539 -0.0000000000 -0.4215882115 
354210.0000000000 -1132915.7359165503 6092530.6021303842 1504634.2059932912 0.0099558282 11.3140434823 0.0000000000 -0.2919332224 0.0006563839 0.0000000000 0.5540239472 1.3118242837 -1.1683943705 -0.7544827751 0.4032065066 1.4173397692 -1.0790357861 -1.3256202495 -0.0952093030 0.0000000000 0.8750150466 
354240.0000000000 -1132916.0171810486 6092529.8877982758 1504633.4847376142 0.8582115012 11.3140434823 0.0000000000 0.7584445841 0.0388943284 0.0000000000 -0.2462825464 0.9227607681 0.9630573722 -0.4423812186 -0.4484607735 1.1030937002 -1.3723140286 -1.5710522922 -0.1640611154 -0.0000000000 0.1932457197 
354270.0000000000 -1132916.1124352608 6092529.4488999750 1504633.9676979182 0.0445805158 11.3140434823 0.0000000000 0.8495649555 -0.4103506506 0.0000000000 0.9749367168 0.5101932263 0.0279211919 -0.8521880164 -0.5768512320 0.3851884451 0.0264922173 -0.6640467467 -0.2072424283 -0.0000000000 -0.0129618382 
354300.0000000000 -1132915.2717850714 6092529.4675009381 1504634.0114097167 0.0113601402 11.3140434823 0.0000000000 1.2477278057 0.6375003451 0.0000000000 0.1183775814 0.8173354792 0.9955461939 -0.9353973425 -0.6494832633 0.1467535985 -0.7270941550 -0.8405230109 -0.4837048276 0.0000000000 -0.4459493913 
354330.0000000000 -1132915.4372190982 6092527.9683618201 1504633.6575245420 0.0458191740 11.3140434823 0.0000000000 0.0374689632 0.4462180425 0.0000000000 -0.0183611754 1.6854753357 -0.4968274040 -0.0994823260 -0.8192226749 1.1512959386 -0.9778170592 -1.2184492419 0.3232245692 -0.0000000000 -0.1273425968 
354360.0000000000 -1132916.1189063047 6092528.2369766179 1504633.8878174501 0.0902568499 11.3140434823 0.0000000000 1.1180340616 1.7350196299 0.0000000000 -0.1772359593 -0.8289284084 -0.7802024762 -0.5797110343 -0.6111797214 0.5909105621 1.4605390794 0.5316682709 -0.6638968129 -0.0000000000 -1.5288004217 
354390.0000000000 -1132915.0765780350 6092529.5220118016 1504634.2961535801 0.2190603372 11.3140434823 0.0000000000 0.4479403367 0.6592116050 0.0000000000 0.8293539400 2.8339505207 -0.3120597587 -0.3891640562 -0.7438584444 0.2667850634 -1.2504266386 -1.9943315724 0.1412351082 -0.0000000000 -0.5834756630 
354420.0000000000 -1132914.7010639263 6092527.2398199234 1504632.7612325253 0.0070376663 11.3140434823 0.0000000000 0.4042654091 0.8205600885 0.0000000000 -0.3533470536 0.1332496838 -0.0062290468 0.0815216593 -0.2939736146 0.8286873294 -0.0851526083 -0.6657600807 -0.2617454023 0.0000000000 -0.6215533535 
354450.0000000000 -1132915.2770142306 6092531.5388454543 1504633.5362175871 0.0145993578 11.3140434823 0.0000000000 0.8768539212 0.0808304002 0.0000000000 0.9452733213 0.6056485957 0.3826082719 0.3576971884 0.2344287393 -0.1526732344 0.1596536146 -1.9202322523 -0.4373447531 0.0000000000 -1.0590178378 
354480.0000000000 -1132914.8493914818 6092528.1532327486 1504633.1632730090 0.0179930119 11.3140434823 0.0000000000 1.2052372648 0.9650209540 0.0000000000 0.2386113114 2.6362458986 0.3076240610 -0.8793546396 -1.3973077922 1.0500970267 -1.6024590532 -2.1154778727 0.1260443935 0.0000000000 -0.7217505655 
354510.0000000000 -1132915.5364618406 6092530.0632220330 1504633.4945558647 0.0051376430 11.3140434823 0.0000000000 1.3759614816 0.6007646169 0.0000000000 0.0318884748 0.9823492200 0.4185138385 -1.2372587001 0.0758795192 0.8094242559 -1.1492031164 -1.6403508286 -0.2896197269 -0.0000000000 -0.1669930450 
354540.0000000000 -1132915.8096694367 6092530.8500008173 1504634.4240253523 0.3351731486 11.3140434823 0.0000000000 0.8751895469 0.5264345971 0.0000000000 0.7972037311 2.0138766568 -0.0572213701 -0.4265612388 -0.3118845664 0.2573131087 -0.8487150736 -2.1007584182 -0.0420817710 -0.0000000000 -0.7378742586 
354570.0000000000 -1132916.0703567867 6092530.0876206504 1504634.3549797928 0.2638779467 11.3140434823 0.0000000000 0.4714581969 0.5976041707 0.0000000000 0.3328021506 0.9904020777 0.7724596436 -0.3572275882 -0.4437980889 0.0900720372 -0.7440561710 -0.9148624288 -0.5737862886 -0.0000000000 -0.3205876786 
354600.0000000000 -1132916.2327351805 6092530.3001826694 1504634.3279616588 0.0773646157 11.3140434823 0.0000000000 0.2227432794 0.5849304168 0.0000000000 0.7233786026 0.9397859030 -0.2425212447 1.5949036597 -0.4459571006 0.0213305276 0.6854813338 -1.9214913451 -0.0157249792 -0.0000000000 -1.9510822333 
354630.0000000000 -1132915.5184574765 6092528.8164101560 1504633.7124814962 0.0406817253 11.3140434823 0.0000000000 0.5643702539 0.2465982849 0.0000000000 -0.1004453934 1.2224128449 1.0908628830 -0.0595493348 -0.3298235411 0.2412404250 -1.2917474199 -1.4903845841 -0.0422499270 -0.0000000000 -0.2514901044 
354660.0000000000 -1132915.6317472146 6092527.9246244738 1504633.4757914688 0.1181514100 11.3140434823 0.0000000000 0.5457978866 -0.2176120287 0.0000000000 -0.1308739434 -0.5313762506 1.1726765064 0.3720764649 0.1443168743 0.7711681866 -0.3809004742 -1.1915022633 -0.5235842836 0.0000000000 -0.1445573273 
354690.0000000000 -1132916.1244515020 6092528.9787464291 1504633.9132138961 0.0056634474 11.3140434823 0.0000000000 -0.1624728362 0.4010334488 0.0000000000 0.7389423500 1.3267964401 -0.4169854184 0.2481937968 0.1258215817 0.5150221976 -0.4771019209 -1.6412670582 -0.3974892592 0.0000000000 -0.2784349748 
354720.0000000000 -1132915.6897398683 6092528.5834541610 1504633.5359125093 0.4375660551 11.3140434823 0.0000000000 0.4243692756 0.3385614093 0.0000000000 0.1661429958 0.7270002582 0.3633221424 0.8998165929 -1.1168116308 1.1390200339 -0.1647174636 -1.6448678086 0.0057343997 0.0000000000 -1.1333197112 
354750.0000000000 -1132915.4590594855 6092529.5804103548 1504634.0576380752 0.4566141126 11.3140434823 0.0000000000 0.9753352835 -0.0213582953 0.0000000000 0.9711684000 2.1782522686 -0.1467139164 -1.6719380880 -0.0105180500 -0.0680683114 -1.3445204781 -1.4824451892 0.1134654817 0.0000000000 0.3765623078 
354780.0000000000 -1132915.5197910860 6092531.3829163266 1504633.4477785225 0.2519323315 11.3140434823 0.0000000000 0.4605457230 0.0100749697 0.0000000000 0.9091414143 2.8238078422 0.8857859822 -0.1043354059 -0.7819463564 -0.1147108935 -1.6883380951 -2.3549128369 0.1054781881 -0.0000000000 -0.3196174345 
354810.0000000000 -1132917.7632977515 6092532.4575662250 1504635.0062969443 0.6387274510 11.3140434823 0.0000000000 0.0506379409 -0.3530883407 0.0000000000 1.0110438902 0.9691277037 -1.2493354880 0.7764579066 -0.3559227320 1.4913578294 0.2501868052 -2.1305270585 0.2386044068 -0.0000000000 -0.5882010276 
354840.0000000000 -1132916.8150736052 6092528.9370060507 1504634.2503214977 0.4281331446 11.3140434823 0.0000000000 0.4367484814 -0.4603656533 0.0000000000 0.3758714038 -0.9112505732 0.3588532163 -0.4697966081 -0.2020581934 0.7197320358 0.2405452844 0.1206154549 -0.5990647771 0.0000000000 0.3916743182 
354870.0000000000 -1132915.5427386174 6092526.3934294023 1504632.9190473720 0.0790474356 11.3140434823 0.0000000000 0.9208339433 -0.0994783941 0.0000000000 -0.6252516867 -0.6025376740 0.6017346331 0.0877468623 1.6392294229 0.4445582605 -0.6081754380 -1.7380776557 0.0087745381 -0.0000000000 -0.1821204945 
354900.0000000000 -1132916.2441086401 6092529.2368766284 1504633.4253093253 0.1179293800 11.3140434823 0.0000000000 -1.3884907779 0.1748304491 0.0000000000 0.4903935770 1.5806460417 -0.4781231333 -0.7939313789 -0.5111214526 2.5893231900 -1.9566790128 -0.8594146904 -1.2597159492 0.0000000000 2.1256117208 
354930.0000000000 -1132914.5344993116 6092529.2573498012 1504634.3835693609 0.3284556723 11.3140434823 0.0000000000 -0.2495934473 0.8985051786 0.0000000000 1.0111078189 4.5583893630 -0.4117252938 -1.4697491315 -0.8099561002 0.2321749618 -2.6576377479 -2.0350608376 0.0116096300 -0.0000000000 0.6738334084 
354960.0000000000 -1132916.3586552150 6092530.0606270973 1504634.7066852115 1.4476877848 11.3140434823 0.0000000000 0.0328213568 0.1943288316 0.0000000000 0.8083175825 1.0958350524 -0.0625081267 0.4330952586 -0.1648741012 1.1191693489 -0.5447500122 -2.0799819193 -0.5419916356 -0.0000000000 -0.3298650023 
354990.0000000000 -1132915.1068036011 6092528.3879390154 1504633.3088481138 0.0761467223 11.3140434823 0.0000000000 1.8967790617 -0.2999994170 0.0000000000 0.4082646807 -1.7249569973 -0.2425628429 -0.9233997728 1.7251743565 0.6022832799 0.7741655962 -1.2806916895 -0.4547652988 -0.0000000000 -0.4156198770 
355020.0000000000 -1132916.3114505075 6092526.9579386935 1504634.6195383947 0.0666968282 11.1654816136 0.0000000000 0.0000000000 -0.6378156330 0.0000000000 0.8235475338 -1.0656903118 -0.9368840011 -0.0872288488 1.1995324332 0.9636059088 0.7057968655 -0.6837733319 -0.7976359833 0.0000000000 0.5968769678 
355050.0000000000 -1132915.3389533006 6092530.8270122753 1504634.6467868327 0.0036402695 11.3140434823 0.0000000000 -0.1459839167 0.1460894440 0.0000000000 1.3518811109 2.6048368270 -0.9044505890 -0.4625179264 -0.5879342284 -0.0618344640 -0.6314547918 -1.3787517360 0.1034313968 0.0000000000 -0.0037286747 
355080.0000000000 -1132915.1146705267 6092530.6534395674 1504634.3401236192 0.0042949502 11.3140434823 0.0000000000 0.4642421608 0.1303013818 0.0000000000 1.0627052164 2.0644972788 0.4369383940 0.0920782241 -0.5601196844 -0.0625691103 -0.8446066479 -2.1079134849 -0.0629556452 0.0000000000 -0.6499116249 
355110.0000000000 -1132915.5576276632 6092527.0505528934 1504633.0807378360 0.0003444549 11.3140434823 0.0000000000 0.5621145439 -0.2788267977 0.0000000000 0.4483095252 -1.6797740306 -0.0027672276 0.3847732578 0.8622786652 1.1533402451 0.7723917363 -0.9757435816 -0.9193337228 -0.0000000000 -0.2702069626 
355140.0000000000 -1132916.0258480851 6092529.9658043878 1504633.9934169319 0.0001650869 11.3140434823 0.0000000000 -0.1769902705 -0.8640296606 0.0000000000 1.0425742108 0.0970995629 -0.7391981710 0.3727875873 -0.2634000712 -0.1832535768 0.8342146013 -0.1143395967 0.1289245144 -0.0000000000 0.0236870897 
355170.0000000000 -1132915.5030375284 6092530.3568757223 1504634.0205873956 0.4143417350 11.3140434823 0.0000000000 0.8322791033 -0.7384447537 0.0000000000 0.6967586733 1.1834211683 0.8649027593 -1.0850095642 -0.8192618616 0.3589979553 -1.2417116958 -0.8721139919 0.0373434080 -0.0000000000 0.6405877167 
355200.0000000000 -1132914.9187558992 6092528.7408659123 1504632.8356859440 0.0051267353 11.3140434823 0.0000000000 1.2515081903 0.1158384870 0.0000000000 0.1993441034 0.2054970589 0.1208212039 0.0725644892 -0.0969642708 1.1643129223 -0.2905212668 -2.0190240649 0.2690297223 -0.0000000000 -1.0219303519 
355230.0000000000 -1132915.9569705611 6092530.7192940991 1504634.1523100855 0.0575717206 11.3140434823 0.0000000000 0.9129560222 -0.1626983699 0.0000000000 1.2915352733 -0.0970727355 -0.3491531001 0.0813281284 -1.0278770583 1.4634516115 0.5939720649 -1.3360862177 -0.3946019923 -0.0000000000 -0.8648598839 
355260.0000000000 -1132915.1651774854 6092531.2977405041 1504633.9205262249 0.1179541245 11.3140434823 0.0000000000 0.1234303110 0.1175640747 0.0000000000 1.1189509919 1.6473008872 -0.9276140026 -0.1497991588 -0.1911355600 1.1939084695 -0.5280710382 -2.1050187669 -0.1980480742 0.0000000000 -0.1024823672 
355290.0000000000 -1132915.7479369617 6092531.0855151145 1504633.8601598311 0.0151279609 11.3140434823 0.0000000000 0.0439856294 -0.0808989803 0.0000000000 1.1125474923 0.7198180755 -0.8749362959 -0.0777186442 -0.4988668318 1.9068848829 -0.2245610900 -1.5939115533 -0.5647944151 0.0000000000 0.1378567638 
355320.0000000000 -1132915.3306600337 6092531.3623361085 1504633.8730258339 0.1147332723 11.3140434823 0.0000000000 0.7294358322 -0.1860396550 0.0000000000 1.3773283340 0.8275224792 -0.5729084106 -0.4918453582 -0.5509466286 0.8760780854 0.0394085774 -1.4309811913 -0.2713130762 -0.0000000000 -0.2846854293 
355350.0000000000 -1132916.4259101457 6092531.4215208413 1504634.1047731382 0.1415428778 11.3140434823 0.0000000000 1.4784206744 -0.4259313499 0.0000000000 1.4354058429 0.2376606665 -0.2919259815 0.2736099225 0.1449489832 0.7615707478 0.4514805523 -2.6805239449 0.0081130125 0.0000000000 -1.2863723960 
355380.0000000000 -1132917.2177081690 6092532.9197906042 1504634.7955797752 1.1259187794 11.3140434823 0.0000000000 1.0435323621 -1.1286755082 0.0000000000 1.2327216531 -1.1161348336 -0.0588713064 0.0049935490 0.0262741983 0.9673180055 0.7246757217 -1.0313056885 -0.4504080094 0.0000000000 -0.1298025888 
355410.0000000000 -1132914.4032319344 6092528.4048270155 1504633.5272767488 0.1294656374 11.3140434823 0.0000000000 -0.6002794566 -0.2366697464 0.0000000000 0.1171744676 1.2461917371 0.0971796546 -0.1295278670 0.2226527412 0.4436561667 -1.2069839290 -0.8547093223 -0.2370234731 0.0000000000 1.0006653676 
355440.0000000000 -1132915.2428148030 6092530.5088272002 1504633.5433011125 0.0624840486 11.3140434823 0.0000000000 0.9948808506 -0.6107079168 0.0000000000 1.4157587701 0.5648252831 -0.1716316780 -0.3649139250 -0.4822911805 0.3684061068 0.1561830128 -1.3656489308 -0.0637984090 0.0000000000 -0.3712398662 
355470.0000000000 -1132914.9104168101 6092529.7134373337 1504633.4650253910 0.0024005472 11.3140434823 0.0000000000 0.4466192649 -0.5381965028 0.0000000000 0.9826930490 1.7125824065 -0.3218987215 -0.8854349529 0.9326830399 0.3066355381 -1.1523214743 -2.1909468450 -0.2057412336 -0.0000000000 0.8239158662 
355500.0000000000 -1132914.7384455074 6092527.1806652006 1504633.0633469683 0.0869273033 11.3140434823 0.0000000000 0.6067674145 0.2604185901 0.0000000000 0.0414143994 0.3443752457 0.6977286617 0.2100060808 0.0092702585 0.8876849543 -0.8083709389 -1.6516992301 -0.1285628989 -0.0000000000 -0.5686883338 
355530.0000000000 -1132915.4480730682 6092529.7256222181 1504633.6731765196 0.0801181476 11.3140434823 0.0000000000 -0.1523768822 -0.7582898914 0.0000000000 1.0861441363 1.7380549044 0.6854890758 0.1465817264 -0.0493169889 -0.3767924901 -0.9976185676 -1.6089751727 -0.3345762344 -0.0000000000 0.5525217167 
355560.0000000000 -1132916.5588234577 6092530.6667492567 1504634.0346836131 0.3326249093 11.3140434823 0.0000000000 1.2597647676 -0.1333692677 0.0000000000 0.5707400531 1.0179374267 -0.2130102936 -0.5229229358 -0.1942856257 0.2734148403 -0.3769678186 -1.6675712803 0.7428457558 -0.0000000000 -0.7491676075 
355590.0000000000 -1132915.4991741460 6092529.4863956375 1504633.3981341789 0.0018905886 11.3140434823 0.0000000000 1.3607400101 0.5207660988 0.0000000000 0.2503420408 0.5719741746 0.0273954324 -0.2312363235 -0.3499508116 1.3959297194 -0.6346337697 -2.1385433811 0.4310894289 -0.0000000000 -1.2517834087 
355620.0000000000 -1132916.0906197825 6092530.4429432442 1504633.7549675163 0.0137175534 11.3140434823 0.0000000000 1.2466623868 -0.3962965733 0.0000000000 1.1645418238 -0.3696782690 0.5131329009 0.3040155488 0.3473492540 1.2435620285 -0.1527619255 -2.5051692913 -0.6467310320 0.0000000000 -0.7607725650 
355650.0000000000 -1132914.9985578491 6092529.2445414728 1504633.6884289931 0.3939346544 11.3140434823 0.0000000000 1.1045461984 -0.7911147294 0.0000000000 1.2271802234 1.2322369574 0.0632415230 -0.3115647158 0.5376479681 0.2842688578 -0.6869005402 -2.6679132361 0.1055462939 0.0000000000 -0.1210033575 
355680.0000000000 -1132915.9811882107 6092529.4311615648 1504633.4390214151 0.0100228476 11.3140434823 0.0000000000 1.0540689749 -0.2084256583 0.0000000000 1.0511520318 -0.8442299046 -0.4953318924 0.2823372204 1.0465651878 -0.5879062487 1.3919942291 -1.1604485889 -0.2011001690 0.0000000000 -1.1497228083 
355710.0000000000 -1132917.0058236311 6092532.4213872664 1504633.9457120688 0.2684165681 11.3140434823 0.0000000000 1.3395451047 -0.3910205858 0.0000000000 1.6341923252 -0.0020317405 0.1022172072 0.3774738829 -0.0184488103 -0.3779318829 0.8835295966 -1.8322867387 -0.1068171704 -0.0000000000 -1.4586265118 
355740.0000000000 -1132915.5225960049 6092530.3802806539 1504633.1234187658 0.0005603260 11.3140434823 0.0000000000 0.8917326712 -0.6239815007 0.0000000000 0.4613344337 -1.2246726411 0.6480169036 0.9948961557 1.1690953922 0.6607486171 0.1870883554 -2.0208659952 -0.4032218516 -0.0000000000 -0.7450429577 
355770.0000000000 -1132915.7701042390 6092529.5332447225 1504633.6812915206 0.0082701507 11.3140434823 0.0000000000 0.0688113589 -0.3120169645 0.0000000000 1.0915617680 0.0693409301 -0.2469823825 0.9003761658 0.7734256435 0.3136720149 0.3896643440 -1.9063146020 -0.6465362706 0.0000000000 -0.4325035063 
355800.0000000000 -1132916.6178828962 6092530.8242022321 1504634.3691196975 0.4313258575 11.3140434823 0.0000000000 0.4938781576 0.3160507200 0.0000000000 1.5678532122 -0.3308948912 -1.3367402669 0.2806340191 1.4468250587 0.3378933615 1.2891252505 -2.0163722738 -1.0397850947 0.0000000000 -0.8362959702 
355830.0000000000 -1132915.6104329084 6092528.4572581835 1504633.0674305949 0.2209892970 11.3140434823 0.0000000000 -1.3304951207 -0.4175034283 0.0000000000 -0.2211662459 -0.5473674885 0.1266149904 1.5712023782 1.2044927217 0.4721069958 -0.0625637717 -0.6715260691 -0.8748708777 0.0000000000 0.7009282316 
355860.0000000000 -1132915.1745159398 6092527.9864888052 1504632.9539950294 0.2486577234 11.3140434823 0.0000000000 0.4069062705 0.5806514499 0.0000000000 0.0420700025 1.0087102895 -0.0823485513 -0.6694954432 0.3030874857 1.4347394360 -1.3339591341 -1.7170210824 -0.1923118607 -0.0000000000 0.0945386698 
355890.0000000000 -1132915.1630909308 6092528.5839911979 1504633.3287327408 0.1130611599 11.3140434823 0.0000000000 0.5100615715 -0.0077156899 0.0000000000 0.4900395747 0.8346446578 -0.4842807678 -0.4534377862 0.3733657009 1.3922181221 -0.8690024529 -1.9138504037 -0.0805064884 0.0000000000 0.1435793025 
355920.0000000000 -1132915.1673831381 6092528.6848555729 1504632.6360500790 0.2243275051 11.3140434823 0.0000000000 -0.1816137543 -0.7648040511 0.0000000000 0.5473632957 -0.2931556625 -0.9847415677 -0.0213093137 0.6793706914 1.2165630260 0.0581322179 -0.7349229395 -0.4915073662 -0.0000000000 0.9701535203 
355950.0000000000 -1132913.9436356369 6092528.0908836555 1504632.6484155480 0.0999362765 11.3140434823 0.0000000000 0.9949494541 -0.5761563481 0.0000000000 0.4795289590 -0.9572921812 -0.0155912182 0.0807194384 0.5918911137 1.7578247522 -0.3157490910 -1.6712034678 -0.2694228666 -0.0000000000 -0.1458877728 
355980.0000000000 -1132914.8614498512 6092527.3916118620 1504632.8478462095 0.2721096905 11.3140434823 0.0000000000 0.2434268312 -0.2825940616 0.0000000000 0.2744120965 0.3194566819 -0.3819426874 -0.9997276916 1.1490883878 0.4818408042 -0.6069193008 -0.7930811719 -0.5758849314 0.0000000000 1.1144021146 
356010.0000000000 -1132915.0412721592 6092531.1775016841 1504633.7311472886 0.0117174328 11.3140434823 0.0000000000 0.3672780391 -0.0336142934 0.0000000000 1.2703760841 0.1684011828 -1.7076054222 -0.5490860721 0.7975189148 -0.7266704441 1.5149784146 -0.4302120135 -0.3051480023 0.0000000000 -0.1713116995 
356040.0000000000 -1132915.0979837149 6092529.1264935564 1504633.7047858518 0.1322675512 11.3140434823 0.0000000000 0.6622082628 -0.3968644945 0.0000000000 0.7963896453 0.5156374870 -1.5631265699 0.1716573786 1.5908939627 -0.4351899709 0.9300092691 -2.0664002047 0.5305140586 0.0000000000 -0.5952364864 
356070.0000000000 -1132915.5683120263 6092529.9254742842 1504633.3565891725 0.0111694764 11.3140434823 0.0000000000 1.5523497693 -0.2342656793 0.0000000000 1.0433080073 0.4610876852 -0.9939163259 -0.7979006278 0.2709626698 0.0351721242 0.4777933809 -1.5384954363 0.7027659411 0.0000000000 -0.8726284003 
356100.0000000000 -1132915.2088728382 6092530.3894995097 1504634.5821179114 0.0394771281 11.3140434823 0.0000000000 1.6339958225 1.3704095591 0.0000000000 1.4002280700 0.2050275829 -1.0211431255 -1.0812920588 0.3170214520 0.1180600371 0.9180719508 -1.5739431852 -0.2806917611 -0.0000000000 -1.8562691352 
356130.0000000000 -1132914.8145778852 6092528.7793089487 1504632.9009287546 0.0007098662 11.1654816136 0.0000000000 0.0965729406 0.2675487038 0.0000000000 0.9397453656 1.0084966985 -0.7681074346 -0.0613103176 0.4276415655 0.3909139874 0.0000000000 -1.6642944898 -0.3785671808 0.0000000000 -0.2183599980 
356160.0000000000 -1132915.5812270276 6092530.4007066665 1504634.4714894546 0.0003784221 11.3140434823 0.0000000000 0.5829221819 -0.0198803803 0.0000000000 1.4359459078 0.1476714436 -2.0779284017 -0.2872928074 1.2524573194 -0.7580723171 1.8776961090 -1.1683728014 -0.1863288203 -0.0000000000 -0.5735835517 
356190.0000000000 -1132915.6848001361 6092529.8421879709 1504634.0213162622 0.0741057554 11.3140434823 0.0000000000 -0.3955588485 -0.1637795802 0.0000000000 0.9025214460 0.7318197493 -0.6442720733 0.4162060617 0.4445936837 -1.6038527947 1.1962663332 -0.3117930149 -0.2869148826 -0.0000000000 -0.1441034293 
356220.0000000000 -1132915.6210824570 6092529.5556273377 1504633.9694415838 0.1569370008 11.3140434823 0.0000000000 0.6805165712 0.0534678172 0.0000000000 0.8405316452 -0.5400120322 -0.9761161259 -0.5105369584 0.7207110353 0.0190671233 0.9682106510 -0.4753416812 -0.4049579788 0.0000000000 -0.2717009584 
356250.0000000000 -1132913.3390400303 6092529.5362090487 1504632.3586579291 0.0357872594 11.3140434823 0.0000000000 0.8745019887 0.1299799606 0.0000000000 0.5956214206 0.0618797817 0.2698820776 -0.2386673272 -0.1678734501 0.0102339571 -0.0179853564 -0.7920155110 0.0787615665 -0.0000000000 -0.7807050835 
356280.0000000000 -1132914.6169830761 6092530.5434613023 1504632.9356435032 0.1432439902 11.3140434823 0.0000000000 1.6876907808 0.0830667609 0.0000000000 1.0738710513 -0.9254988606 -1.5073254456 -0.7481346338 0.6491717657 0.6610116179 1.1967011025 -1.1532792831 0.2695222721 -0.0000000000 -1.1448896979 
356310.0000000000 -1132915.0091613785 6092530.9315199004 1504632.9307714195 0.0157516333 11.3140434823 0.0000000000 0.6790347365 -0.2366917522 0.0000000000 0.7347348539 0.0479018785 0.1169663061 -0.0797610884 0.2330306020 0.0513244739 0.0135696137 -1.0332235625 -0.1603175057 0.0000000000 -0.3434193011 
356340.0000000000 -1132915.3784547409 6092528.1650803704 1504633.2003415581 0.0226531765 11.3140434823 0.0000000000 -0.5672079152 0.6659311662 0.0000000000 0.2598696273 0.8559896879 -0.3675353068 -0.0222749050 0.7232628550 0.4850751764 -0.4024233332 -1.1091541288 -0.8434432424 0.0000000000 0.2951233837 
356370.0000000000 -1132916.1269658140 6092530.1648843233 1504634.2749213492 0.1114181477 11.3140434823 0.0000000000 0.1374053567 -0.4378664543 0.0000000000 1.1586353238 0.5373335552 -1.0219655198 0.6907818351 0.2538552094 1.1328619616 0.1491757183 -2.1423610732 -0.1118298625 0.0000000000 -0.2984905479 
356400.0000000000 -1132915.5543210190 6092529.7748591118 1504633.5945751439 0.1391615137 11.3140434823 0.0000000000 0.7643505890 -0.4409969211 0.0000000000 0.7152425533 -0.1952517318 -0.6705424017 0.3201533745 0.8185827486 0.5663111589 0.3228761592 -1.7740504426 0.1753939368 0.0000000000 -0.5498636991 
356430.0000000000 -1132916.0900952802 6092530.5809276747 1504633.9744857370 0.4919535278 11.3140434823 0.0000000000 -0.7065692287 0.3754474818 0.0000000000 0.1824136093 0.7157973768 -0.2038545898 0.9693981762 0.6918247822 0.3296892061 -0.1590557516 -1.5227973719 -0.4482137691 -0.0000000000 -0.2334269757 
356460.0000000000 -1132917.0456749937 6092531.4433245640 1504633.6342477018 0.8561887390 11.3140434823 0.0000000000 0.7651835255 0.4445680654 0.0000000000 1.2392825903 -0.5681724682 -0.6149647317 0.1871567479 1.2665059930 0.9592898208 0.4601283847 -2.2142495952 -0.9850726288 -0.0000000000 -0.8803681108 
356490.0000000000 -1132916.4741292440 6092533.0198759222 1504633.8551785862 0.2804762411 11.3140434823 0.0000000000 0.9445666569 -0.2441123631 0.0000000000 1.6124906476 0.9536533067 -0.9594302155 -0.1632077604 0.3655490817 -0.0621303005 0.5356449541 -2.2134839363 0.0612177336 0.0000000000 -0.7232786265 
356520.0000000000 -1132915.9019562269 6092530.9225087557 1504633.9046388825 0.7903790549 11.3140434823 0.0000000000 0.0489958701 0.4752025771 0.0000000000 0.9713231587 0.3619645199 -1.1418230822 -0.1807608794 0.4249502113 -0.3853515198 1.0994519722 -0.6528556920 -0.5228911212 -0.0000000000 -0.3879038372 
356550.0000000000 -1132915.6494069989 6092528.4036042457 1504632.9922357462 0.0604047849 11.3140434823 0.0000000000 -0.3406566801 1.3537724491 0.0000000000 0.3647739900 2.1170726466 0.7221206730 -0.3823559478 -0.7896470816 0.4128569701 -1.4728656508 -1.2184759044 -0.3926835114 0.0000000000 -0.4522754243 
356580.0000000000 -1132917.2608121287 6092530.6377391983 1504634.4384261195 0.3411999411 11.3140434823 0.0000000000 -0.7340160537 1.2131623178 0.0000000000 0.4952163503 0.8294738063 -1.4252102118 -0.5941167512 0.9281207451 0.5307079547 0.3518139084 -0.7388376779 -1.2613214093 0.0000000000 0.4380923543 
356610.0000000000 -1132915.1936938921 6092528.0025050696 1504633.0713721791 0.0997756707 11.3140434823 0.0000000000 -0.4652075850 1.8062989620 0.0000000000 0.2390921902 1.3010484781 -0.1971649580 -0.7592893252 -0.1469105605 1.5397609642 -1.2573689284 -1.0536221321 -0.9414194839 0.0000000000 -0.1407338361 
356640.0000000000 -1132915.8228256421 6092530.1183746736 1504633.3314764125 0.5547908662 11.3140434823 0.0000000000 0.2588090849 1.9843126364 0.0000000000 0.2134895511 0.8728283302 -0.5475828033 -0.5287686072 1.1015520705 0.9592303392 -0.5282567377 -2.1338472118 -0.4755176250 -0.0000000000 -1.1840961155 
356670.0000000000 -1132915.5674946727 6092529.3079068102 1504632.5683891431 0.2372029208 11.3140434823 0.0000000000 1.1892324181 1.1736959255 0.0000000000 0.0156848235 0.4260899184 -0.1100828636 -1.7837764449 0.8207442544 0.8316416105 -1.0252852603 -1.1159941567 -0.0515724155 -0.0000000000 -0.4061430783 
356700.0000000000 -1132915.9771332480 6092529.8162926277 1504632.6024071318 0.2944635473 11.3140434823 0.0000000000 -0.6628879358 2.0910071791 0.0000000000 0.6897517869 0.4274236942 -2.5586558746 -0.0282863820 0.7422527596 -0.6489806589 2.4811047088 -0.4034381183 -0.6059713574 0.0000000000 -1.3383974832 
356730.0000000000 -1132916.4847421900 6092529.3622652655 1504633.1412131428 0.8219373497 11.3140434823 0.0000000000 -1.1709731663 2.3797301958 0.0000000000 -0.5171230627 0.7566514816 -1.9049662430 0.7941690060 0.4848397343 1.7549726356 0.2558496399 -1.4663434605 0.1673583302 0.0000000000 -1.5168368215 
356760.0000000000 -1132916.1831022445 6092529.5585727636 1504633.1162586075 0.4266840308 11.3140434823 0.0000000000 -0.4562287038 2.5943457563 0.0000000000 0.6081500008 -0.3325540492 -1.4823325536 -0.4376925739 0.5244310976 0.4890333951 1.3624863083 -0.1394882328 -1.3775848424 0.0000000000 -1.2631319172 
356790.0000000000 -1132916.2116384471 6092529.6951307617 1504633.1368785773 0.0997058710 11.3140434823 0.0000000000 0.5953396761 1.9252653910 0.0000000000 0.2983190348 -0.7795750499 -0.8240126882 -0.6524447409 0.8822444627 1.9621097747 -0.2066773284 -1.2394640498 -0.6598092850 -0.0000000000 -1.2955060592 
356820.0000000000 -1132916.1222812263 6092530.0213214941 1504633.1702917072 0.5767198224 11.3140434823 0.0000000000 -0.1775943572 2.7979799037 0.0000000000 -0.6581503294 1.5323604736 0.8149949546 -0.4834771649 0.4391452695 -0.3996834515 -0.9238847771 -1.2048334489 0.0378764559 -0.0000000000 -1.8220903257 
356850.0000000000 -1132915.6531042138 6092529.7166594630 1504632.0265105106 0.3595448068 11.3140434823 0.0000000000 -0.2121809385 3.0491903735 0.0000000000 0.2354103360 1.2786906170 -0.8698932638 -1.0090454560 0.5778703652 0.8186618135 -0.2537087328 -1.4449029542 -0.7102319189 0.0000000000 -1.4493644088 
356880.0000000000 -1132916.4832630968 6092531.2231598366 1504632.9660939693 0.0206457839 11.3140434823 0.0000000000 -0.2389458699 3.4371705057 0.0000000000 0.3416122507 1.3852599769 -1.2954276303 -1.1448338804 0.3459245876 0.4023802474 0.3664718178 -1.1474869970 -0.5559425733 -0.0000000000 -1.8440565601 
356910.0000000000 -1132917.2573345480 6092530.2022737805 1504632.9179187957 0.7342789997 11.3140434823 0.0000000000 -0.3504675015 3.5461903464 0.0000000000 0.0245184862 -0.9307761103 -0.3283024497 -0.6804143320 0.9389000279 1.8877849625 -0.2279339937 -0.4981198054 -1.8260954265 0.0000000000 -1.5813295838 
356940.0000000000 -1132917.1833413129 6092530.9634394003 1504633.3779641371 0.1582130541 11.3140434823 0.0000000000 -0.5987606001 4.3759327491 0.0000000000 -0.0041500283 1.4672490842 -0.3680013537 -1.2766202983 0.6976045186 -0.9674474940 0.6510187498 -0.6006168358 -1.1701692169 -0.0000000000 -2.1660557422 
356970.0000000000 -1132917.6982679849 6092530.0723588439 1504632.8751882790 0.3372336298 11.3140434823 0.0000000000 -0.7987468346 3.6869509373 0.0000000000 0.2799839672 0.4369742043 -1.2702929800 -0.6609828374 0.8237519372 -0.2793240897 1.4439820029 -0.3778784772 -1.4157639959 -0.0000000000 -1.7950116838 
357000.0000000000 -1132917.0782312327 6092531.3695326904 1504633.4439411410 0.4581626609 11.3140434823 0.0000000000 -0.8402154055 4.4856585259 0.0000000000 -0.0747991742 -0.0047024120 -0.6539254875 -0.9541766186 0.0951613101 -0.1545962650 1.1478320926 0.6854714631 -1.3862511566 0.0000000000 -2.3030780461 
357030.0000000000 -1132913.7598339871 6092516.0861041285 1504629.8483023823 0.0337231379 11.3140434823 0.0000000000 3.5432798133 2.4340809021 0.0000000000 12.7197484248 0.6443290916 -0.9132009621 -2.6387025735 -4.5012424662 -0.5253161135 3.8569562510 -3.3366145205 -7.4444743103 0.0000000000 -3.3856020378 
357060.0000000000 -1132914.1176327742 6092515.0673666988 1504631.0948796093 0.2603440494 11.3140434823 0.0000000000 2.2435897284 2.5820033850 0.0000000000 12.1687458115 0.5379499879 -1.9987980428 -1.4242013211 -4.4098223137 1.0295198998 3.8227862172 -3.5858026547 -7.4144396777 0.0000000000 -3.1330879022 
357090.0000000000 -1132913.0249514116 6092515.6224994641 1504630.3597570281 0.0131838975 11.3140434823 0.0000000000 2.6297096391 3.4521978432 0.0000000000 11.7364339175 0.4207849758 -1.2876644804 -1.8736063382 -3.8751067646 0.9398440125 3.2101382346 -3.8478982260 -7.3224096023 0.0000000000 -3.7967955083 
357120.0000000000 -1132914.4799948728 6092513.4109270144 1504631.2701260059 0.3178893648 11.3140434823 0.0000000000 3.3849976798 2.6152270658 0.0000000000 12.0975360618 1.0222965213 0.1293078281 -2.1394713463 -4.2937657489 -0.0821468097 2.4026659477 -4.1086707594 -6.9816286582 -0.0000000000 -3.6847896947 
357150.0000000000 -1132912.3044040257 6092515.0122811384 1504630.6007512314 0.0347890126 11.3140434823 0.0000000000 3.3665867411 2.8325290265 0.0000000000 12.4333609768 2.7282663431 -0.0826689635 -2.3692739215 -5.1796203993 1.7261310698 0.5022759028 -5.5945940482 -6.2280955813 -0.0000000000 -3.8248867901 
357180.0000000000 -1132911.8298077625 6092511.9227768900 1504629.9157525946 0.0229519737 11.3140434823 0.0000000000 3.0227985600 3.2206415148 0.0000000000 12.1828798463 1.3915955008 -1.1142075476 -2.7902035320 -4.1939397031 2.3901164654 1.2436322992 -4.7079140780 -7.2684046939 0.0000000000 -3.0554403824 
357210.0000000000 -1132913.0277248591 6092515.4190571420 1504630.5816028477 0.0159039406 11.3140434823 0.0000000000 2.9235092906 3.8284504328 0.0000000000 12.2520999458 1.3993443633 -1.7845846016 -2.4743976775 -3.8050307554 0.3460676989 3.3813803485 -4.5359306116 -7.0776409723 0.0000000000 -4.0481128753 
357240.0000000000 -1132914.3912086117 6092516.1335089998 1504630.5834478089 0.2678645230 11.3140434823 0.0000000000 2.9995673865 3.1763409538 0.0000000000 12.5315741963 0.5185934725 -1.2434882049 -1.4691331876 -3.8568008052 1.0537628047 2.9594215821 -4.8893502809 -7.1743805155 0.0000000000 -4.2213586609 
357270.0000000000 -1132913.2921652317 6092515.0230618045 1504631.3706694930 0.0388770486 11.3140434823 0.0000000000 1.4739364681 4.1095917898 0.0000000000 12.0349507407 2.2216353707 -1.9727285359 -1.8960556010 -4.6485527728 0.4073831448 3.3688618371 -3.8627449734 -7.4573090989 -0.0000000000 -3.4254492478 
357300.0000000000 -1132915.4251824308 6092515.2719043205 1504631.0545056080 0.4196244897 11.3140434823 0.0000000000 1.9182634596 4.3573510907 0.0000000000 12.9027442233 1.1075301928 -2.2666428558 -0.9331337636 -3.6491099279 0.3745627831 4.4214499229 -5.2085089971 -7.9301812414 -0.0000000000 -4.6820154312 
357330.0000000000 -1132915.2798861889 6092517.3649366740 1504631.4228958839 0.9291863291 11.3140434823 0.0000000000 1.7316267795 3.9720208208 0.0000000000 12.3699786465 0.3316707883 -3.6065430912 -1.3074801064 -4.0159731237 0.7346646337 5.2642989524 -3.6120897990 -7.4859564374 0.0000000000 -3.9452034032 
357360.0000000000 -1132913.3306090508 6092514.7131818673 1504629.9528954742 0.4927645165 11.3140434823 0.0000000000 1.7275833738 5.0164831447 0.0000000000 12.9519173913 2.1939976628 -2.1296385327 -2.4098396623 -4.7787257870 0.0056373815 3.8972322596 -3.9694167461 -8.1006646376 -0.0000000000 -4.0301822632 
357390.0000000000 -1132914.8588931472 6092516.0573148709 1504631.1786665770 0.6349429977 11.3140434823 0.0000000000 1.9487699064 4.8158154142 0.0000000000 12.4870853383 1.9122784301 -0.9850819800 -2.0291564734 -4.5911612882 -0.0040180440 2.9791703654 -4.1635973632 -7.6762933946 -0.0000000000 -4.3633093194 
357420.0000000000 -1132912.0390447578 6092514.3440464679 1504629.2800681256 0.5799529151 11.3140434823 0.0000000000 3.3073100996 4.9259517371 0.0000000000 12.6018935324 1.5297185381 -1.1532940726 -3.5470710176 -4.5579074645 0.9781734657 1.9413136258 -4.1550493128 -6.9394254141 -0.0000000000 -4.5807711174 
357450.0000000000 -1132914.3198795894 6092515.8052381715 1504630.2705681114 1.1068429630 11.3140434823 0.0000000000 1.9140311779 5.5599872041 0.0000000000 12.9187852791 1.6829642896 -1.2039309960 -2.2781863701 -4.7757514686 -0.2372444507 3.5053841056 -3.8637284385 -8.0743884497 -0.0000000000 -4.8077069434 
357480.0000000000 -1132914.2005988916 6092515.9014322460 1504629.1032807310 1.0173998624 11.3140434823 0.0000000000 2.8056569843 5.3094811905 0.0000000000 12.4362777149 1.2055386784 1.1042704391 -3.2732662518 -4.8612566984 3.1842889732 -1.4609688918 -4.1847240800 -7.8016861724 0.0000000000 -4.2403335696 
357510.0000000000 -1132913.5413766920 6092516.0890608579 1504629.5133310705 0.6897371836 11.3140434823 0.0000000000 2.7845247144 5.2695815423 0.0000000000 12.8734131210 1.8197345147 0.6516297323 -3.0898050425 -4.6488668761 1.1032769192 0.3729122639 -4.4754619287 -7.8868404837 -0.0000000000 -4.5051782976 
357540.0000000000 -1132915.5046077704 6092517.5306496564 1504630.8876651525 1.2930425904 11.3140434823 0.0000000000 2.8674209151 5.7950695552 0.0000000000 12.4585559498 1.9016295105 -0.6316516092 -3.3912108764 -3.9471110595 0.2509145651 1.8959119907 -4.5963381965 -7.2909675804 -0.0000000000 -4.9972133516 
357570.0000000000 -1132914.9408769507 6092517.0319633726 1504629.7644637416 2.0629499564 11.3140434823 0.0000000000 2.1615193903 6.0240737162 0.0000000000 12.6766986584 0.0163832994 -0.9604817827 -2.2405160539 -4.2843530194 1.6357222333 2.2261981883 -3.6489578768 -8.0539891610 -0.0000000000 -5.2439069516 
357600.0000000000 -1132914.6159322590 6092515.3698026361 1504629.6037152521 1.0467530374 11.3140434823 0.0000000000 1.6804734777 6.5625139336 0.0000000000 12.4381952212 1.8247952387 -2.2390770344 -2.5269352046 -4.2419475201 0.4474841659 3.4800125329 -4.3245708276 -7.3690796933 -0.0000000000 -5.4070790120 
357630.0000000000 -1132916.0572208215 6092517.6118735382 1504630.8275944332 1.9052959089 11.3140434823 0.0000000000 2.4921768120 6.6477879131 0.0000000000 13.0619167382 0.1336908264 -1.8162467602 -2.9125799824 -4.3365871981 1.0698186234 3.1789156803 -3.5713150489 -7.8341928784 -0.0000000000 -5.7655966657 
357660.0000000000 -1132915.4016990133 6092517.1996886265 1504630.3971064391 0.8498673361 11.3140434823 0.0000000000 2.4099702324 7.0585592316 0.0000000000 13.1181711210 0.2485054143 -3.2137267265 -2.9966439492 -3.8266344849 0.5502657822 4.7340444399 -3.9320870394 -7.7051154434 0.0000000000 -6.0584143310 
357690.0000000000 -1132915.9884121267 6092519.6438479554 1504630.9763269976 0.7913103262 11.3140434823 0.0000000000 1.9773705554 7.4545546703 0.0000000000 13.4479132253 1.0049931181 -2.2188620521 -3.1476426110 -4.1241571370 1.1922636384 3.1693032006 -4.2679468501 -8.4277747003 0.0000000000 -5.7262676467 
357720.0000000000 -1132914.8753956545 6092515.5417962577 1504630.0747670785 0.2964287998 11.3140434823 0.0000000000 1.0236714186 7.5548652258 0.0000000000 12.0044178657 0.2836714866 -1.2304784550 -1.8271174157 -4.0177766627 0.8083966639 3.1001391240 -3.3784012286 -7.9848519758 -0.0000000000 -6.0782425876 
357750.0000000000 -1132914.1651952439 6092514.9376585102 1504629.0542486778 0.6140902371 11.3140434823 0.0000000000 2.0486147491 8.5059242952 0.0000000000 12.2267926503 1.2002374327 0.3748425305 -3.7877508918 -4.6354626979 1.4577690457 0.2675746195 -3.3740665230 -7.4416365897 0.0000000000 -6.6020637249 
357780.0000000000 -1132913.5169852930 6092513.1247213073 1504628.1751558874 0.0553386028 11.3140434823 0.0000000000 1.0413971072 8.9083342040 0.0000000000 12.2506026926 1.9795859137 -0.0035152280 -3.4244900354 -4.3397344753 0.7106200590 1.2243107039 -3.6684722166 -8.3361751649 0.0000000000 -6.1362853693 
357810.0000000000 -1132913.0044394459 6092514.7934563095 1504628.5077173035 0.0223085710 11.3140434823 0.0000000000 0.7577374889 8.7432151296 0.0000000000 12.8057071999 2.9400538517 -0.5223653395 -2.9905240879 -4.8663165704 1.3587945041 0.8553916158 -4.6275933271 -7.9587452285 0.0000000000 -6.2811489762 
357840.0000000000 -1132915.1487798176 6092517.6242584940 1504629.5942867224 0.8590719098 11.3140434823 0.0000000000 2.1288107803 8.8384766895 0.0000000000 13.5564063371 1.5232403056 -0.5360620517 -3.1466064128 -4.2416114901 1.4778064867 1.0712769309 -5.2051124506 -7.5809698009 -0.0000000000 -7.5964974737 
357870.0000000000 -1132916.1015982383 6092518.0364113674 1504629.8484171184 2.9000218075 11.3140434823 0.0000000000 2.4127924608 9.2929075988 0.0000000000 12.6474166279 0.3350914347 0.7256699222 -3.9958805841 -3.4309335839 2.2929830337 -0.6775873530 -4.1750091347 -7.8498425736 -0.0000000000 -7.3150706057 
357900.0000000000 -1132914.5685077147 6092517.2096500276 1504629.5039343820 1.4647464109 11.3140434823 0.0000000000 1.6140835550 8.9830482424 0.0000000000 12.7563791970 1.0125015070 -1.5957171129 -3.9078482061 -4.4252677240 1.3537645776 2.0152910864 -3.2902510114 -7.6953347586 -0.0000000000 -6.5500597487 
357930.0000000000 -1132915.7319200980 6092516.7315238370 1504630.1993955625 3.7934225993 11.3140434823 0.0000000000 -0.1880618449 9.8252578671 0.0000000000 12.3066283087 2.7915646318 -2.2981317404 -2.5130119218 -4.1703811720 2.0059956337 2.0125330942 -5.0653860557 -7.5639897051 0.0000000000 -6.9298067032 
357960.0000000000 -1132915.3881383163 6092517.3062184937 1504630.0397502454 1.0264665380 11.3140434823 0.0000000000 0.8613881660 9.6121734385 0.0000000000 12.3490492261 0.7248904769 -0.7043545222 -3.3243963997 -3.7420170130 1.0827145429 1.8037696163 -3.3293707860 -8.4473056392 -0.0000000000 -6.6777492720 
357990.0000000000 -1132916.0601481132 6092517.4894624632 1504629.5587059909 2.1267792282 11.3140434823 0.0000000000 0.7173958293 9.7672152238 0.0000000000 13.0844700099 2.2293364044 -1.5449707063 -3.4820184468 -4.0242403344 2.1016312650 1.0695890695 -4.8253551100 -8.0809729862 0.0000000000 -6.7740195948 
358020.0000000000 -1132916.4299040181 6092517.8666480146 1504629.1280267143 2.6717771516 11.3140434823 0.0000000000 -0.4761405810 10.2091370842 0.0000000000 12.8431674845 1.1607385793 -1.2201265720 -2.1159562517 -4.4493581049 3.0499718782 0.8347117971 -3.9716480828 -8.5496064177 0.0000000000 -7.1197669420 
358050.0000000000 -1132914.9133281973 6092516.1109899180 1504628.5419694278 0.9644085764 11.3140434823 0.0000000000 0.4937581694 10.5577098578 0.0000000000 12.7269792158 0.3558650293 -2.8011656728 -3.4746357486 -3.6187408988 4.5147857502 0.6338283164 -4.0202451276 -7.7739370401 0.0000000000 -7.2950982845 
358080.0000000000 -1132914.6227389877 6092517.1687872205 1504629.2276457762 1.0316157152 11.3140434823 0.0000000000 0.7498004099 10.3255524305 0.0000000000 13.1669660175 0.9929994165 -1.6062606214 -3.8596165860 -4.3620728251 2.0291560422 1.4526427023 -3.3445164620 -8.2339281912 0.0000000000 -7.0745473163 
358110.0000000000 -1132917.6495570503 6092520.3764959853 1504630.0278227259 2.9125494904 11.3140434823 0.0000000000 1.3523623161 9.9049733159 0.0000000000 13.7735228276 1.0437582614 -1.2614412059 -3.8414537087 -4.7402786099 0.6065573205 2.2611092997 -3.3842105276 -8.0769738363 0.0000000000 -7.4065650650 
358140.0000000000 -1132917.2437280091 6092520.7204042096 1504629.3831330959 3.4260575870 11.3140434823 0.0000000000 1.7427703048 10.8553278270 0.0000000000 13.6343628436 1.4262294050 -1.3606133959 -5.0710583849 -3.4781155082 1.1199146372 1.4407718043 -4.2925980784 -8.2014148478 -0.0000000000 -7.5548812366 
358170.0000000000 -1132917.6630245112 6092521.7595630195 1504630.0896000983 3.6152386207 11.3140434823 0.0000000000 1.4924515548 10.4207214107 0.0000000000 13.4757561593 0.5975809196 -0.0762312810 -3.5827343179 -3.6227591674 0.5138351332 1.3576706685 -4.0941960844 -8.0491851816 -0.0000000000 -8.2193549386 
358200.0000000000 -1132912.3424351208 6092516.9951550737 1504632.3918703669 0.0004954065 11.3140434823 0.0000000000 5.0874351896 -1.5611232877 0.0000000000 14.3654116101 -0.4348056458 -0.6452025046 -0.0728308658 -5.2242453711 -0.5666899737 1.4305955414 -4.3049247971 -4.8648931793 0.0000000000 -2.8261635850 
358230.0000000000 -1132912.3428187501 6092518.7856489625 1504632.0077039371 0.0183297746 11.3140434823 0.0000000000 6.3764378338 -1.6442089999 0.0000000000 15.0814588852 -0.0314820388 -1.5351829113 -2.1260553148 -4.9424121687 0.1256327119 0.6513963591 -4.5399841288 -4.7513178339 -0.0000000000 -2.1784847189 
358260.0000000000 -1132911.4730667409 6092515.3002497824 1504631.2431083818 0.4246482049 11.3140434823 0.0000000000 4.6247396234 -1.0182466954 0.0000000000 14.1140303187 0.3016874688 -1.4406816618 -0.9333379941 -5.0500596986 0.6659714952 0.5138368494 -4.2784209511 -5.0183322963 0.0000000000 -2.0785931990 
358290.0000000000 -1132913.4795377364 6092517.7691944009 1504631.7642745327 0.0235879760 11.3140434823 0.0000000000 4.9943193851 -0.7983557427 0.0000000000 14.1416170334 -0.1076237396 -0.7631180321 -1.2402311053 -4.3205602350 1.0312134019 -0.5319003447 -4.5061065094 -5.2426801437 -0.0000000000 -2.2261239946 
358320.0000000000 -1132912.7063162532 6092516.0840578740 1504631.9635684437 0.0532797840 11.3140434823 0.0000000000 3.7867557854 -0.1261793920 0.0000000000 13.9851747076 -0.8337100467 -0.6524576404 0.4226371986 -4.8523880619 0.8320456720 0.4729216291 -4.0168812118 -5.4789255325 0.0000000000 -3.1792464023 
358350.0000000000 -1132911.0108635826 6092515.7708486421 1504632.5943558530 0.0226868573 11.3140434823 0.0000000000 3.4051483977 -0.9577577212 0.0000000000 14.0187669678 -0.3560769198 -1.6638155747 0.3313293303 -5.0186633355 2.3241812981 -0.3401118239 -3.9685667119 -5.6482581667 -0.0000000000 -1.7164218101 
358380.0000000000 -1132910.8964245312 6092513.2388808243 1504631.5588715614 0.1848035229 11.3140434823 0.0000000000 2.8315626762 -0.8788556063 0.0000000000 13.4824759659 0.7425801000 -2.4202819691 -0.3812938980 -5.3742527578 2.3888771486 -0.2040196087 -3.4984324872 -5.6616290279 0.0000000000 -0.6449511573 
358410.0000000000 -1132913.8901377250 6092519.4907836029 1504632.6060506273 0.1440494259 11.3140434823 0.0000000000 3.8864722769 0.1494284471 0.0000000000 14.5610465143 -1.1624230092 -2.6766940727 0.0189551078 -4.5671129561 1.6984090625 1.4140700363 -4.2441281221 -5.6715115152 0.0000000000 -2.9678608374 
358440.0000000000 -1132913.4732539405 6092519.9657078534 1504633.2880556548 0.0036623752 11.3140434823 0.0000000000 4.6472085836 -1.3835738119 0.0000000000 14.3266123229 -0.0073923904 -0.9005948239 -0.2718357241 -4.9488057426 0.9569160955 -0.6663380514 -4.3250176328 -4.7907935447 -0.0000000000 -2.2079246945 
358470.0000000000 -1132911.7284459872 6092518.1602761596 1504632.1982534581 0.0732173166 11.3140434823 0.0000000000 5.0150537915 -0.7862823684 0.0000000000 14.3562794018 -0.4529461839 0.0494828375 -0.8078148375 -4.7274280699 -0.1924906702 -0.4735951592 -3.7832054720 -5.2248531154 0.0000000000 -2.5874275940 
358500.0000000000 -1132913.1244055012 6092517.6855412927 1504632.9422276220 0.0899595580 11.3140434823 0.0000000000 2.8670289263 -0.7206289502 0.0000000000 13.9833595993 0.2295959391 0.0293780186 1.1714320524 -5.1386302781 0.6757708858 -0.6359693741 -4.0851257812 -5.9695899711 -0.0000000000 -2.1111277719 
358530.0000000000 -1132912.7493726895 6092518.8816321334 1504632.5688937048 0.0033856795 11.3140434823 0.0000000000 4.9040530465 -1.2330119818 0.0000000000 15.1437017478 0.6978326128 -2.1293058385 -0.8097946687 -5.4926001762 0.4057135273 0.4468662294 -4.6005185690 -4.7256591667 0.0000000000 -2.1690487482 
358560.0000000000 -1132913.4124174546 6092518.2512100190 1504632.1598442961 0.1003016375 11.3140434823 0.0000000000 5.1685542293 -1.2293954607 0.0000000000 15.2846096535 0.0879704159 -1.4786559871 -0.4436836961 -4.7764131759 0.0535766706 0.3559483736 -4.9927032753 -5.0829540839 0.0000000000 -2.5108495842 
358590.0000000000 -1132914.0657150114 6092518.4868177492 1504633.6424282610 0.2941961583 11.3140434823 0.0000000000 3.2756588691 -0.9200938305 0.0000000000 14.4466587807 0.5328702515 -0.5455378503 0.7221839854 -4.4885722304 2.1044758175 -2.1695238358 -4.9500390920 -5.6906576294 -0.0000000000 -1.8889268188 
358620.0000000000 -1132913.1589182161 6092519.8631680319 1504632.4175383376 0.0178501136 11.3140434823 0.0000000000 6.1236476212 -1.0917802955 0.0000000000 15.6732593300 -1.5999572715 -2.5559056694 -1.6985003089 -4.7306921645 0.1432481396 1.2370963372 -3.3843276356 -5.5049309497 0.0000000000 -2.0963872569 
358650.0000000000 -1132912.8506103028 6092518.6053072158 1504633.3217546297 0.0183969689 11.3140434823 0.0000000000 3.7949891836 0.0246292549 0.0000000000 14.6693095717 0.2976102460 -2.0422783315 -0.4797000264 -5.4143622176 1.2097981784 -0.1954518213 -3.8769012129 -4.9304691637 0.0000000000 -2.6361543344 
358680.0000000000 -1132911.9092724787 6092518.5433133142 1504632.1357248584 0.0000793222 11.3140434823 0.0000000000 5.4675639639 -1.1090870192 0.0000000000 15.0114040533 -0.0995179377 -0.4017407283 -1.0231240873 -5.1922485861 -1.3346059694 0.1270667857 -3.6493992098 -5.0375490704 -0.0000000000 -2.4058029961 
358710.0000000000 -1132912.0792367675 6092517.4284154251 1504631.8335003601 0.0815695870 11.3140434823 0.0000000000 4.5697795445 -1.6265676830 0.0000000000 14.8678288870 1.0241775110 -2.2730779261 -0.5023868275 -6.1632445900 -0.0155175995 0.3832907421 -3.8679133222 -4.2682024496 0.0000000000 -1.7350318147 
358740.0000000000 -1132912.5730117545 6092516.8675245214 1504632.5443461167 0.0566314703 11.3140434823 0.0000000000 3.8356335010 -0.8446284095 0.0000000000 14.4384086758 0.0633004150 -0.9388725857 0.0498185958 -5.4654682184 -0.4303377806 0.2444146943 -3.2575337931 -5.5639028406 0.0000000000 -1.8313772538 
358770.0000000000 -1132913.1962504922 6092516.5560251437 1504633.5179834734 0.0897978195 11.3140434823 0.0000000000 2.2022009077 -0.2435109968 0.0000000000 13.7726081958 0.9375476471 -0.8970037713 0.9982440022 -5.2309910705 1.3759549921 -1.3681619701 -3.8770606783 -5.4228887920 -0.0000000000 -1.9222009598 
358800.0000000000 -1132916.5615914923 6092531.6329948194 1504633.9940146846 0.5703350320 11.3140434823 0.0000000000 0.0447783353 -0.4408169380 0.0000000000 0.5660545680 1.2447772190 1.1748513036 0.3679321943 -0.3578569733 -2.1635546970 0.7859027436 -0.9145713634 -0.7647436826 0.0000000000 0.2753590758 
358830.0000000000 -1132916.2745764225 6092530.6779838810 1504633.5363757315 0.4201330732 11.3140434823 0.0000000000 0.7635785566 -1.1667179049 0.0000000000 0.2629468052 0.5345082119 1.7133330615 -0.0600447347 0.2528850753 -1.3682431288 -0.8723899587 -0.4119098450 -0.4500960815 0.0000000000 0.7394833441 
358860.0000000000 -1132917.6389224080 6092531.5271141129 1504634.0253536743 1.1271680996 11.3140434823 0.0000000000 -0.3432409646 1.1320197723 0.0000000000 -0.2935275482 0.7528157906 1.8736483471 -0.7902802391 0.1585087495 -1.3864375000 -0.5842275365 0.2896567688 -0.8345198051 0.0000000000 -0.1357748884 
358890.0000000000 -1132916.5015290349 6092532.0390190743 1504634.1070139064 0.8006059736 11.3140434823 0.0000000000 0.3620767085 -0.4537616468 0.0000000000 -0.1013823994 -0.0670209754 -0.4157846307 -0.1406759856 0.2738538557 -0.4606542356 0.8412191557 -0.1915876930 -0.1443718891 0.0000000000 0.4837560453 
358920.0000000000 -1132916.5719323026 6092530.1045428384 1504634.0171585092 0.0138826485 11.3140434823 0.0000000000 -0.9814328735 0.4441270111 0.0000000000 -0.5258709949 0.2921795425 1.3285907246 0.9657845196 0.0366117509 -0.8791374426 0.1147972405 -0.1290736117 -0.5283347124 -0.0000000000 -0.3074138411 
358950.0000000000 -1132916.0036047655 6092528.5702072000 1504633.7872623259 0.0762766865 11.3140434823 0.0000000000 -1.3897770393 0.3839635838 0.0000000000 -0.8741872126 1.0152846215 -0.1612232670 0.6902842068 -0.2256330419 -0.9534041571 1.7284926272 -0.2945056394 -0.7054398889 0.0000000000 0.5673116915 
358980.0000000000 -1132916.1814000511 6092529.3617101740 1504634.6573201593 0.5695740537 11.3140434823 0.0000000000 -1.8574462003 0.2098851498 0.0000000000 0.1908920214 0.5434392648 -1.4907405787 1.3719967500 -0.2556984145 2.1519588869 0.0682813339 -0.6626853344 -0.7775274185 0.0000000000 0.5791315317 
359010.0000000000 -1132915.1538050759 6092531.9430540130 1504634.0982996514 0.0751018249 11.3140434823 0.0000000000 0.1385728996 0.1333683122 0.0000000000 1.3849118392 0.3161042318 -1.6215372376 -0.2400848902 -0.3273124907 1.5004989075 -0.1730430662 -0.7829150683 -0.0271687259 0.0000000000 -0.1220919181 
359040.0000000000 -1132913.9062283495 6092529.8019089494 1504632.0839745344 0.3367550108 11.3140434823 0.0000000000 0.5100032196 0.2537132586 0.0000000000 1.1413735508 1.8049859454 -1.9802484104 -0.9282481307 -0.9069057159 -0.3121080278 1.5078569350 -1.5031628495 0.7702687888 0.0000000000 -0.3506167484 
359070.0000000000 -1132915.6448845589 6092532.5159443887 1504634.0733726807 0.1038361596 11.3140434823 0.0000000000 -0.0708399035 -0.4241108995 0.0000000000 0.7123354590 1.2492257203 -1.5984461805 0.0361109387 0.1525402137 1.5816384759 -0.4544553660 -1.6932389749 0.3685033628 0.0000000000 0.3252827633 
359100.0000000000 -1132915.5646745081 6092530.0090098679 1504633.4096078561 0.0681316844 11.3140434823 0.0000000000 1.0776317500 -1.3758745352 0.0000000000 0.9259603986 -0.3170344916 -1.0445414928 0.0840788187 0.2661683531 0.9054864192 -0.3568863214 -0.7395497195 0.2719275637 -0.0000000000 0.5139566989 
359130.0000000000 -1132916.5075129175 6092530.1199146751 1504634.0027816775 0.7778303207 11.3140434823 0.0000000000 0.2601747867 -0.8589600800 0.0000000000 0.1167890071 0.4438215424 1.5421490996 0.8447689075 0.4294313406 -1.4515515481 -0.1267051421 -1.0398448622 -0.4652979137 0.0000000000 0.1565206780 
359160.0000000000 -1132914.1202231431 6092526.8190391911 1504632.2597812284 0.0021541912 11.3140434823 0.0000000000 0.5038637253 -0.9713373352 0.0000000000 -0.1994113132 1.0528885894 0.5300331681 0.0981635472 0.0326111421 -2.6198761530 1.9916478295 -1.0296991146 -0.6374405116 0.0000000000 0.9540648484 
359190.0000000000 -1132916.2034263934 6092531.0868905373 1504633.8422145259 0.2268143183 11.3140434823 0.0000000000 1.0020843483 -0.8155655052 0.0000000000 0.1960401597 -0.2742353818 0.6323826166 -0.0299887060 1.0640360047 -1.3408722209 0.6581356911 -0.9190439105 -0.8248361754 0.0000000000 0.5729328399 
359220.0000000000 -1132916.8574903782 6092531.3583783535 1504634.3063076320 0.5759395169 11.3140434823 0.0000000000 -0.6730939658 0.2629319738 0.0000000000 -0.2993989589 0.4452139537 0.7859163477 0.7703991437 0.3330308495 -0.7086540340 0.4026742757 -0.7732781659 -0.5321983845 0.0000000000 -0.1712426787 
359250.0000000000 -1132917.0432700471 6092530.3828077298 1504634.5919289957 0.1321522174 11.3140434823 0.0000000000 -0.3317667967 -0.1063930763 0.0000000000 -0.2642001787 0.2824543256 0.3670137989 0.5651746592 0.8008952497 -1.1047253875 1.3529305091 -1.0827923883 -1.2924185854 0.0000000000 0.6253794591 
359280.0000000000 -1132916.0091382258 6092530.1527891411 1504634.0382447944 0.0584896919 11.3140434823 0.0000000000 0.4065914488 -0.7247774405 0.0000000000 0.8241765540 0.2077535149 0.9654985317 0.6425970560 0.1752628479 -1.2939960033 0.2845363633 -0.9472549966 -0.9811500002 -0.0000000000 0.2975872020 
359310.0000000000 -1132915.9813772365 6092530.4497481035 1504633.5816395925 0.4036420014 11.3140434823 0.0000000000 0.6921211076 -0.2518413331 0.0000000000 0.1650255639 0.1523514376 -2.5945453441 -0.6988108741 1.1162486003 1.0361304563 1.5822090017 -1.6188250212 -0.0012782246 -0.0000000000 0.6357636125 
359340.0000000000 -1132915.1236977563 6092528.2871684004 1504633.1685708947 0.0155031193 11.3140434823 0.0000000000 0.5935173755 -0.9914683278 0.0000000000 0.1001222807 0.2739313397 0.4049164090 0.5297158989 -0.1185223697 -1.4153056727 0.9020716899 -0.7074195199 0.0505483732 -0.0000000000 0.2178691925 
359370.0000000000 -1132915.1191003288 6092528.4239850389 1504632.6452191335 0.0448016143 11.3140434823 0.0000000000 -0.2807240762 -0.2051995574 0.0000000000 -0.0111042532 1.3175466967 -0.3190950507 0.0244175313 0.1744921288 -0.6544537748 1.0380843379 -1.3209075102 -0.6942575559 0.0000000000 0.7934864095 
359400.0000000000 -1132916.4868602213 6092530.7060127156 1504633.2665010712 0.0740209962 11.3140434823 0.0000000000 0.7047379295 -0.7324604805 0.0000000000 -0.1637025017 1.0190989471 -2.2293013592 -0.3886059654 1.2180337369 0.6685228012 1.4216365170 -2.4747514666 0.4712046865 -0.0000000000 0.6612811087 
359430.0000000000 -1132915.2163166909 6092528.6838276144 1504632.5344589627 0.0021544680 11.1654816136 0.0000000000 1.1788550502 -0.5547981012 0.0000000000 0.6437828244 -0.1616961429 -1.3274185643 -0.6788566373 0.6391712143 0.0000000000 1.0480130977 -0.9645840425 -0.2512732973 -0.0000000000 0.5436990862 
359460.0000000000 -1132916.1350521841 6092531.2024532678 1504632.9042224078 0.0930304974 11.1654816136 0.0000000000 1.3265637795 -0.7074494332 0.0000000000 0.9644264373 -0.0237496032 -1.6412871346 -0.1918680480 0.5926986892 0.0000000000 1.3814807209 -1.7767800186 0.2392507684 0.0000000000 -0.0326135802 
359490.0000000000 -1132915.3633545819 6092529.2849980434 1504633.4563813061 0.1282261284 11.1654816136 0.0000000000 -0.0131111757 0.1526725023 0.0000000000 0.5564434546 -0.8708369915 -1.0854151620 0.9082492458 0.2890587861 0.0000000000 1.9851409685 -0.9420697020 -0.5837421949 -0.0000000000 -0.4130730060 
359520.0000000000 -1132916.8780819385 6092532.5212845076 1504634.1293066966 0.2443576699 11.1654816136 0.0000000000 1.5103205071 -0.2021234652 0.0000000000 0.3209472083 -1.2145234834 -0.8149317993 -0.4165194894 1.7699633874 0.0000000000 0.9171209893 -1.2965178903 -0.0670182147 -0.0000000000 -0.3412187100 
359550.0000000000 -1132915.8251094546 6092529.7769469777 1504633.6121252265 0.3498838847 11.1654816136 0.0000000000 -0.0080752353 -1.0096529788 0.0000000000 0.3647119975 -0.0475409377 -0.1425636848 1.0620227845 0.3042796209 0.0000000000 0.4374349921 -0.8929333224 -0.8212186506 0.0000000000 0.7532766633 
359580.0000000000 -1132916.4007665571 6092532.5461906334 1504633.6768769615 0.3249620868 11.1654816136 0.0000000000 0.7980381641 -0.6429478467 0.0000000000 0.4492038673 -0.4060207627 -0.1777531880 0.4369084747 1.4743837901 0.0000000000 0.3069268871 -1.7025780153 -0.5402420869 -0.0000000000 0.1020899104 
359610.0000000000 -1132916.9610770782 6092532.5899990397 1504635.2494623272 0.4295569000 11.1654816136 0.0000000000 -0.3717975710 0.0852898383 0.0000000000 0.1570198348 0.2561849291 0.8872251322 0.6821169689 1.1451283773 0.0000000000 -0.5880650635 -1.3216403135 -0.8849030220 0.0000000000 -0.0692711776 
359640.0000000000 -1132916.0314212895 6092530.6990107484 1504634.3831490634 0.0478346628 11.1654816136 0.0000000000 -0.2984642186 0.0675271232 0.0000000000 -0.2004193772 0.2145508539 -0.5145957365 0.5263747084 0.4994294915 0.0000000000 1.1289448308 -1.1755325912 -0.2842545292 -0.0000000000 -0.0046321337 
359670.0000000000 -1132915.4848337357 6092530.4437838281 1504634.4280294999 0.0279471344 11.1654816136 0.0000000000 -0.4303683929 0.7381856481 0.0000000000 -0.4949714703 1.6081230049 -0.3551977033 -0.6308037623 1.0893315041 0.0000000000 0.5628254908 -1.9890598024 -0.2575393981 0.0000000000 0.1106419862 
359700.0000000000 -1132914.7338834817 6092529.7505963063 1504633.8330673391 0.0390999094 11.1654816136 0.0000000000 -1.1020521918 -0.4208978808 0.0000000000 0.0599089357 0.9341797201 0.6170519205 1.2867945045 0.2498331749 0.0000000000 -0.0983967679 -1.1522064115 -1.3061484171 -0.0000000000 0.8117513814 
359730.0000000000 -1132916.3435949481 6092530.6102200849 1504633.1592792124 0.9682013105 11.1654816136 0.0000000000 0.6593087936 -0.5659315628 0.0000000000 0.5511067690 -0.8538078296 -0.9983539865 0.6674873512 0.5405031537 0.0000000000 1.4796242504 -1.0528448479 -0.4141368286 0.0000000000 0.0509064824 
359760.0000000000 -1132915.0627785847 6092529.0683523146 1504633.1566519267 0.1553728824 11.1654816136 0.0000000000 -0.0867948056 -0.0841232769 0.0000000000 0.9671046949 0.8187075119 -1.1747210088 0.1956420530 -0.6112574575 0.0000000000 1.2249254294 -1.1194217332 -0.3709841956 0.0000000000 0.2056452114 
359790.0000000000 -1132915.5131313750 6092529.3562198514 1504633.2594842413 0.2556024040 11.1654816136 0.0000000000 -0.4704199331 0.4085114642 0.0000000000 0.3783915242 0.0183801866 -0.3258502732 0.0174871163 -0.6718900572 0.0000000000 0.5654114020 0.4142992466 -0.5784191440 -0.0000000000 0.1713974926 
359820.0000000000 -1132913.8488837548 6092527.9934701361 1504633.4449469731 0.2257540244 11.3140434823 0.0000000000 0.5210897578 -0.3387837047 0.0000000000 -0.2919934407 -0.1717302217 -1.4327797635 -0.3086071708 0.1931055625 0.0000000000 1.8235633523 -0.5225643428 -0.0635162472 -0.0000000000 0.6296989708 
359850.0000000000 -1132915.0947073260 6092528.9727793662 1504633.7782058064 0.0529077921 11.3140434823 0.0000000000 -0.8455676065 -0.5658697915 0.0000000000 -0.4762097095 1.7598141332 0.2245245606 0.5670395989 -0.0405517140 0.0000000000 -0.1356717190 -1.1811486693 -0.2562081565 0.0000000000 0.8505669272 
359880.0000000000 -1132913.2285414818 6092527.3666041484 1504632.3502409777 0.1897605659 11.3140434823 0.0000000000 0.8918881959 -0.6090039612 0.0000000000 0.4233831761 1.5113297807 -1.2449537698 -1.5275768795 -0.4970404573 0.0000000000 0.1252939066 -0.4412778288 0.3997705835 0.0000000000 1.0621389621 
359910.0000000000 -1132915.2048252323 6092527.4970537787 1504633.3931228453 0.0449285525 11.3140434823 0.0000000000 -0.8903274901 0.3573807068 0.0000000000 -0.3055166079 0.8755361531 -0.5079734128 0.4461677818 0.5083980820 0.0000000000 1.5207822035 -1.5904222545 -1.1100164948 -0.0000000000 0.5673151121 
359940.0000000000 -1132917.1018523376 6092532.9452218562 1504634.7913618328 1.0941940260 11.3140434823 0.0000000000 -0.7756878391 0.7522694447 0.0000000000 -0.7286287896 0.1363005941 0.7353839374 0.1286365336 1.0314959896 0.0000000000 -0.0114566589 -0.5670487377 -0.7170053213 0.0000000000 -0.0683845067 
359970.0000000000 -1132915.3995821606 6092531.3092209222 1504633.1276561255 0.1083565821 11.3140434823 0.0000000000 1.2467169177 -0.3976781684 0.0000000000 -0.3380943934 1.0027180519 -1.4320240750 -1.6905183298 1.0578562753 0.0000000000 1.0100864870 -1.4775778178 0.1101866136 -0.0000000000 1.0555625809 
360000.0000000000 -1132916.0151935783 6092531.7343761856 1504634.0290125569 0.2871858860 11.3140434823 0.0000000000 0.5522759570 -0.5866948516 0.0000000000 0.5946260183 0.1854798596 0.2213879510 -0.2161535157 0.1630989921 0.0000000000 -0.9639522970 -0.0769104581 -0.1848869957 -0.0000000000 0.3971602536 
