time x y z T0 thrd C21 C24 C25 C26 C33 C34 C38 C39 C40 C42 C43 C59 C60 C23 C41 
345600.0000000000 -1132915.3139584451 6092527.2557178950 1504632.6252817188 0.0366828987 11.3140434823 0.8404076388 0.2987949289 0.8389273036 1.4431461713 -1.2404674559 -0.0996168117 -0.0000000000 -0.0316091351 -0.0168254402 0.5194999712 0.3271507786 -2.1655484905 -0.6922969876 0.0000000000 0.0000000000 
345630.0000000000 -1132915.7185013006 6092528.8369894233 1504633.7550529134 0.0001005762 11.3140434823 0.7709219541 0.0777697342 0.3678494557 0.9008876295 -0.8052585460 0.2193538279 -0.0000000000 -0.3548165560 -0.3362874781 0.6566007234 0.2918180722 -1.5125758690 -0.2367271545 0.0000000000 0.0000000000 
345660.0000000000 -1132916.4279416341 6092529.8329595169 1504632.9008165877 0.0569664091 11.3140434823 0.6328195858 0.3956250241 -0.7455271211 0.2407437412 -1.2922771398 0.5883135562 -0.0000000000 0.2662253707 -0.9431794939 0.8809305162 1.8542809136 -0.7914251634 -0.7567808380 0.0000000000 0.0000000000 
345690.0000000000 -1132914.3205609475 6092528.0396593204 1504632.9048567223 0.0032177162 11.1654816136 0.3060277342 0.9814323134 -1.1850638917 1.5309134584 -0.6789913312 0.0000000000 -0.0000000000 -0.1960340986 1.3721534925 -0.2332631982 0.5410675549 -2.4337005846 0.2189745855 0.0000000000 0.0000000000 
345720.0000000000 -1132913.9799940514 6092526.4221444624 1504634.4733214090 0.0696388613 11.3140434823 0.0590732284 0.5392435063 -0.2761252496 1.2185557966 -1.2487845811 3.0145998606 0.0000000000 0.9064515389 -1.0678977686 0.5938994533 -0.5118184815 -2.0520776702 -0.9492103150 0.0000000000 0.0000000000 
345750.0000000000 -1132914.4313229762 6092528.5289262524 1504632.7480043829 0.0000499133 11.3140434823 -0.5144136657 0.9733253860 0.5333649091 1.0328715680 0.7581598667 2.2713744136 0.0000000000 -0.5564980651 0.1879974217 -0.2438571906 -2.8620478963 -1.4097855457 -0.3581585562 0.0000000000 0.0000000000 
345780.0000000000 -1132914.5857949872 6092528.4843761781 1504632.7286543604 0.0135018382 11.1654816136 0.6607120553 0.6412204614 0.8646426165 0.0055389785 -0.0009513696 -1.8499661390 -0.0000000000 0.2847385194 2.0562894344 0.0000000000 -0.4695070277 -1.9272656752 -0.4432123597 0.0000000000 0.0000000000 
345810.0000000000 -1132914.1560947089 6092528.0232768673 1504633.5875587619 0.0037385424 11.3140434823 -0.7292830228 0.5826719921 1.9049907628 1.1561350485 -0.4147502691 0.1635067318 -0.0000000000 0.4092868814 0.8015797659 0.1236071307 -1.6348869966 -1.1838697055 -1.4160672305 0.0000000000 0.0000000000 
345840.0000000000 -1132914.6176936992 6092529.2275897814 1504632.9241663779 0.0043648283 11.3140434823 -0.5371599539 1.0702748575 -0.6638393847 0.2354661123 -0.4286173833 2.1392169927 0.0000000000 1.2095971609 0.6809317017 0.4001014832 -1.0468872059 -1.9523438510 -0.9274392806 0.0000000000 0.0000000000 
345870.0000000000 -1132915.2873147558 6092531.3296783539 1504632.4239411100 0.1471214772 11.3140434823 1.1314785674 1.0033792988 -0.2799705813 -0.4300330082 0.3927191826 0.8380342939 0.0000000000 0.5856298063 1.0026116513 -0.0542352258 -1.4124228972 -2.6620988877 -0.1663620328 0.0000000000 0.0000000000 
345900.0000000000 -1132915.0212167501 6092528.8297385778 1504633.4951581857 0.0016483827 11.3140434823 -0.2838986347 0.5861080035 -0.4072436532 0.6692405481 -0.7959553610 0.5311663318 0.0000000000 0.6068229556 0.6262259610 0.3139546128 0.2134687328 -1.3445596559 -0.5410503315 0.0000000000 0.0000000000 
345930.0000000000 -1132915.1742635325 6092529.1706276629 1504633.3897754396 0.0015470415 11.3140434823 -0.2523685489 0.7927955254 -0.1021334214 0.1914402401 -0.2839294400 1.6902729238 0.0000000000 0.8943249210 0.1294784631 0.1305468681 -0.9768056067 -1.2960268080 -0.8415423710 0.0000000000 0.0000000000 
345960.0000000000 -1132914.3317520586 6092528.1038697641 1504633.3128177908 0.0202041651 11.3140434823 0.4719336272 0.7569619246 0.4994300765 0.5455487737 -0.0483930709 -0.8312189306 0.0000000000 -0.5617266034 1.1841358573 0.3228946250 -0.3661413283 -1.7062318763 -0.3665664489 0.0000000000 0.0000000000 
345990.0000000000 -1132914.5348147627 6092528.3274008688 1504632.9622177924 0.1175513076 11.1654816136 1.4619651002 0.5615314005 0.4007752669 0.3108550563 -0.3252804519 0.0000000000 0.0000000000 -0.1139216984 -0.4210461691 -0.0633521925 0.0805327670 -1.5497605306 -0.3604264119 0.0000000000 0.0000000000 
346020.0000000000 -1132914.7938394593 6092528.9891231908 1504632.7631856429 0.0274902416 11.1654816136 0.6181859218 0.8222510242 -0.0865860944 0.0037891471 0.5411974054 1.7118285181 0.0000000000 -0.0361889264 0.1621313493 0.0000000000 -1.8308819214 -1.8955710967 -0.0951084900 0.0000000000 0.0000000000 
346050.0000000000 -1132915.0167728516 6092529.9704476809 1504632.9966847738 0.0341004984 11.3140434823 -0.0106191898 0.8012073618 0.2145036360 0.9102834826 -0.1645556793 1.3945800928 0.0000000000 0.0232506436 0.6269509728 0.2664825247 -1.5350889887 -2.1825368980 -0.3918573054 0.0000000000 0.0000000000 
346080.0000000000 -1132914.5992194167 6092527.2481706673 1504631.8584432967 0.0002546618 11.3140434823 1.2275050280 0.9159113156 0.2400888926 0.3380486140 -0.7612148150 0.1157496165 -0.0000000000 0.4870467381 0.5530421091 0.5620494030 -0.0394606822 -2.7835734473 -0.7969164690 0.0000000000 0.0000000000 
346110.0000000000 -1132915.1476738949 6092528.3427378386 1504632.7510726252 0.0375619003 11.3140434823 -0.3819807377 0.9653033195 -0.0136205398 0.4619206929 -0.4043887164 -0.5000178392 0.0000000000 -0.0659478278 1.5523252400 0.7150319046 0.0348203645 -1.5290272322 -0.7746380650 0.0000000000 0.0000000000 
346140.0000000000 -1132914.7437870523 6092528.0500369901 1504632.7828657362 0.0018308553 11.3140434823 1.4112487604 0.5597334097 0.7443985620 0.2628850164 0.1272043624 1.4896275164 -0.0000000000 -0.4780485820 -0.8394832416 0.4623805875 -1.4270542271 -2.0578562484 -0.3846960879 0.0000000000 0.0000000000 
346170.0000000000 -1132916.1092867949 6092528.6303239772 1504632.8057797120 0.1608610663 11.3140434823 0.3230633477 0.5572135335 -0.4510516618 0.0932517810 -0.2485652554 3.3329059818 0.0000000000 0.4810880296 -1.7546501676 0.3142566331 -0.9843441000 -0.9729133938 -0.4909809646 0.0000000000 0.0000000000 
346200.0000000000 -1132915.0433899888 6092529.6870279917 1504632.8992489486 0.0977654862 11.3140434823 1.4611529996 0.3842257533 -0.0514585210 -0.3710098833 -0.1273229288 1.4088270973 0.0000000000 0.3433298930 -0.9909129635 0.3521439102 -0.4624206725 -1.6196800587 -0.2668787038 0.0000000000 0.0000000000 
346230.0000000000 -1132915.6591604622 6092530.3442410165 1504632.5935784695 0.0004136591 11.3140434823 1.3792484723 1.0853145727 -0.7216054964 0.0189740327 -0.3685375585 0.7180983697 0.0000000000 -0.5663791104 -0.9923646473 0.5568026094 0.9975498008 -1.3587890124 -0.4663069226 0.0000000000 0.0000000000 
346260.0000000000 -1132916.4542230482 6092527.8609110964 1504632.0621667993 0.0682698340 11.0041300577 0.0000000000 0.9214658727 0.8428684899 1.2765041822 -1.6638372539 0.0000000000 -0.0000000000 0.7792744930 -0.0056486221 0.3122764437 0.7422738728 -1.4200875382 -1.6297758812 0.0000000000 0.0000000000 
346290.0000000000 -1132916.6273310427 6092530.1872952767 1504632.7982517574 0.0058638513 11.3140434823 0.0363526269 1.5435056914 -1.5060076466 0.9034810081 -1.0454026562 1.7366049730 0.0000000000 -0.2177779024 -1.1609726609 0.2658870229 1.5254514567 -0.7902662314 -0.7219722311 0.0000000000 0.0000000000 
346320.0000000000 -1132914.8969644040 6092527.6269455804 1504632.5588994930 0.0001540544 11.3140434823 0.6272046954 1.6247177038 -0.5017701511 0.1894557883 -0.1570995010 0.7584562294 -0.0000000000 -0.2440324074 -0.1102534411 0.0313099661 0.2083817210 -1.3717751297 -0.8662624060 0.0000000000 0.0000000000 
346350.0000000000 -1132915.2924234103 6092526.9802919105 1504633.1773342821 0.0450229245 11.3140434823 0.4225344948 2.0921361746 0.5996700180 0.7720944272 -1.5577192582 0.5458793278 -0.0000000000 0.5825647224 -1.0085725304 0.2025984294 1.3775385040 -1.0555623655 -2.6323203873 0.0000000000 0.0000000000 
346380.0000000000 -1132914.7280018926 6092524.8992131464 1504632.1349783279 0.0808689088 11.0041300577 0.0000000000 1.4861480592 1.4125404453 0.6122432585 0.0261853292 0.0000000000 0.0000000000 0.2109659068 1.2413222963 -0.4219157939 -1.6680515625 -1.6967881304 -1.4972293363 0.0000000000 0.0000000000 
346410.0000000000 -1132915.1347352511 6092528.5980208125 1504632.5925997219 0.0013102122 11.3140434823 0.8059942253 2.0951841182 -0.2972611533 0.6635777621 -0.6204223341 -0.0418059339 -0.0000000000 -0.6148724008 -0.3193165025 -0.0616367576 1.2362982923 -1.2247155450 -1.3423757269 0.0000000000 0.0000000000 
346440.0000000000 -1132915.4754285007 6092526.6322686216 1504631.9373424973 0.0060472284 11.3140434823 0.7577699572 2.0562861575 -0.1891853944 0.1815109538 0.3712612508 1.7149933478 0.0000000000 -0.9029454511 -0.9419886651 -0.1500435649 -0.5725983794 -1.0876054448 -1.1174399481 0.0000000000 0.0000000000 
346470.0000000000 -1132915.5427975955 6092526.1299276948 1504632.7241598575 0.1710141392 11.1654816136 0.8278790021 1.9946583070 -1.0068668034 1.3735014333 -1.9381125041 -0.9674243422 0.0000000000 -0.8404634164 -0.7261423977 0.7085874306 3.7506349560 -1.1708683927 -1.3133756078 0.0000000000 0.0000000000 
346500.0000000000 -1132915.4828927286 6092527.1769905975 1504632.8197081711 0.2471128558 11.3140434823 1.0567973797 1.7595843192 0.0514220412 -0.1688472249 0.3058074691 0.2103301536 0.0000000000 -1.0806158460 -0.6905282241 0.1475238128 0.4000758093 -0.6930999603 -1.1932944032 0.0000000000 0.0000000000 
346530.0000000000 -1132914.8764419286 6092525.9654609459 1504632.5184409460 0.0147581362 11.3140434823 -0.3050364115 2.6743484284 0.1107246115 0.0235363649 -0.3302700513 1.0554914860 0.0000000000 -0.5730509920 -0.8239041450 0.5144502382 0.7858932509 -0.1103977634 -2.6763646819 0.0000000000 0.0000000000 
346560.0000000000 -1132915.7509564725 6092527.3738593860 1504632.6295422427 0.0962584452 11.3140434823 0.8959144283 3.1689491105 -0.3755863794 0.3774055430 -0.7456117467 -0.1538137294 -0.0000000000 -0.1624872492 0.4679321315 -0.0199159387 1.2334215770 -2.1610206570 -2.1854265260 0.0000000000 0.0000000000 
346590.0000000000 -1132915.5255986373 6092525.1611278793 1504632.5716214862 0.2420742483 11.3140434823 -0.6289762374 2.9995425999 -0.9587929567 -0.5359258433 0.3527898863 0.4869328190 -0.0000000000 -0.0956276059 0.6109302050 -0.5857173812 0.5877638360 0.0461381351 -1.9677183589 0.0000000000 0.0000000000 
346620.0000000000 -1132915.5808045659 6092526.1626999006 1504633.2133722450 0.1144627789 11.3140434823 -0.5783101416 3.9202434045 -1.6749632540 0.5751539648 -0.9578123678 2.7812250802 -0.0000000000 0.3214462883 -0.2078246670 0.0323807806 0.7355589025 -1.8445333729 -2.3795360623 0.0000000000 0.0000000000 
346650.0000000000 -1132915.3951306441 6092525.1918694749 1504632.3762477895 0.1185749320 11.3140434823 1.2891789542 3.3120673267 0.2949168486 0.3836029508 -0.4021062147 0.3430540409 -0.0000000000 -0.5603286262 -0.8134325541 -0.7003736462 0.8159458356 -1.2820513524 -2.4426242867 0.0000000000 0.0000000000 
346680.0000000000 -1132915.2850729311 6092526.8365117991 1504632.5319517448 0.1204738348 11.3140434823 1.7727610217 4.1526627356 -1.7138820141 -0.1174518807 -0.3410940025 0.4132784180 0.0000000000 -1.1211428601 -1.1567197436 -0.3887617429 2.6511509463 -1.3837370812 -2.0433336679 0.0000000000 0.0000000000 
346710.0000000000 -1132915.2382884042 6092526.9547998197 1504632.7630760791 0.2790888664 11.3140434823 0.7781925728 4.4423329408 -0.6094232195 1.3528191931 -1.6692988933 0.2806205411 0.0000000000 -0.4972379964 -0.2140341006 -0.1615088140 2.2855863292 -2.3790345838 -2.9463354037 0.0000000000 0.0000000000 
346740.0000000000 -1132915.5876585189 6092525.0285905935 1504632.3336023344 0.1674623384 11.3140434823 0.6248832030 4.1945708417 0.4310566027 0.8494177926 0.2860127673 3.0043830406 0.0000000000 -1.2285663637 -1.0348534284 -0.7824253664 -1.6265162937 -1.9683279206 -2.6413358285 0.0000000000 0.0000000000 
346770.0000000000 -1132914.8110912237 6092523.1705550198 1504631.9657543921 0.1190735111 11.1654816136 1.7701421330 3.7475195797 0.8018072829 1.5242430310 -1.6785862087 0.0000000000 0.0000000000 -0.1989250855 -0.6665118260 -0.6902072592 1.2558920756 -2.7426001702 -2.8183521484 0.0000000000 0.0000000000 
346800.0000000000 -1132914.1382780452 6092524.4042079262 1504632.2847187237 0.2528829360 11.3140434823 0.4157663418 4.4392585625 -0.0640285427 1.0128897585 0.2940008349 2.3636234958 0.0000000000 -1.3242218329 -0.2590105138 -1.1636290656 -1.2911738119 -2.0083771618 -2.2837420448 0.0000000000 0.0000000000 
346830.0000000000 -1132915.4148212259 6092526.0847482542 1504631.5710212975 0.1308314568 11.3140434823 0.9857221167 4.3674586587 -0.5854286548 -0.2330412421 1.3221404846 1.1317994738 0.0000000000 -1.6474212007 0.8144845656 -0.8761509684 -1.1441144015 -2.1980042284 -1.9206480226 0.0000000000 0.0000000000 
346860.0000000000 -1132915.4404208276 6092525.6385006336 1504632.3095643288 0.0740185319 11.3140434823 0.8633280276 4.8111008770 -1.2106160765 0.9147495546 -0.2676155390 0.1159044989 0.0000000000 -1.7908834558 0.0809932576 -0.8805581784 1.6736773063 -1.6838159668 -2.1017221129 0.0000000000 0.0000000000 
346890.0000000000 -1132915.5277145661 6092526.3708355930 1504631.8127988894 0.1795904681 11.3140434823 -0.2356236758 5.0767612153 -0.8204117277 1.0049347433 -0.3021075189 1.6804457232 0.0000000000 -0.9311802237 0.3701986098 -1.1898387539 0.0965199488 -1.7031576940 -2.6261651375 0.0000000000 0.0000000000 
346920.0000000000 -1132915.4968565295 6092524.8480652254 1504632.0326588431 0.2493255886 11.3140434823 1.2577346080 5.4448561321 -1.9573895957 0.5306806826 -0.2902208275 1.1007939579 -0.0000000000 -1.9875807705 -1.4638061468 -0.9593077704 2.5873066267 -1.0531186842 -2.3270639855 0.0000000000 0.0000000000 
346950.0000000000 -1132914.6426739083 6092525.0959899323 1504631.9570833289 0.2032038053 11.3140434823 0.9469611479 5.5147290723 -1.1053732360 0.6477076375 -0.4679697742 0.3931003553 -0.0000000000 -0.9520605777 0.2541503205 -1.4652347093 1.4365604520 -1.9726061928 -2.6919386298 0.0000000000 0.0000000000 
346980.0000000000 -1132914.4563871145 6092523.5315145301 1504631.7127668778 0.2566601193 11.3140434823 -0.1085974526 5.6815449961 -0.7897532002 0.8190175876 0.0675212747 3.0643447081 0.0000000000 -1.0948935118 -0.3200258791 -1.5061979742 -0.7955209121 -1.7367736593 -2.8667791349 0.0000000000 0.0000000000 
347010.0000000000 -1132914.7736330840 6092523.8785578078 1504630.5724982177 0.0522893092 11.0041300577 0.0000000000 5.5673636772 -0.6703877655 0.7920462260 -0.0937316603 0.0000000000 0.0000000000 -1.8356307872 1.0305964459 -0.8257691856 1.0739739076 -1.5879805487 -3.0379825402 0.0000000000 0.0000000000 
347040.0000000000 -1132914.7947402934 6092523.6198425731 1504632.2644271804 0.5720427094 11.3140434823 0.6994542755 6.4172973605 -1.0013995654 1.0453554421 -0.2553059833 1.0536781617 0.0000000000 -1.7569321121 0.5864375256 -1.2774167382 0.6621398504 -2.6642094369 -3.0166717291 0.0000000000 0.0000000000 
347070.0000000000 -1132915.5861221326 6092524.1126225861 1504631.7157152290 0.2242336547 11.1654816136 1.4617714809 6.3892855217 -0.8005774505 1.0498277307 -0.5234936604 3.2334201322 -0.0000000000 -1.4198717917 -1.4423754435 -1.2474875955 0.0000000000 -2.9781703469 -3.1021744627 0.0000000000 0.0000000000 
347100.0000000000 -1132914.6108194236 6092523.4350156430 1504631.6739941591 0.2112474283 11.1654816136 0.7046637254 6.3562607125 -0.8981059861 -0.0379509728 0.5467211312 1.5847592689 0.0000000000 -1.4975911842 0.3353543812 -1.4122408089 0.0000000000 -1.9852482779 -3.2983402986 0.0000000000 0.0000000000 
347130.0000000000 -1132914.6951907214 6092521.5448850291 1504632.0883812553 0.6757284557 11.1654816136 1.1328429969 6.4235080684 -0.3718630263 0.6632832923 0.1582949246 1.9694979695 -0.0000000000 -1.8635801534 -0.8002231309 -1.8044016194 0.0000000000 -1.8004286108 -3.3028637105 0.0000000000 0.0000000000 
347160.0000000000 -1132916.1096732498 6092524.1880897135 1504631.7122984705 0.5262644800 11.1654816136 0.6121446974 6.6964437179 -0.7806318105 0.6283408171 -0.1055594339 2.7781965588 0.0000000000 -1.5484818155 -0.7620122372 -1.4396125654 0.0000000000 -2.0189207073 -3.4818909982 0.0000000000 0.0000000000 
347190.0000000000 -1132914.6704414552 6092522.6385291945 1504632.4062850343 0.5175480110 11.1654816136 0.3156326897 7.3196586719 -1.5368001836 0.9443245315 -0.2259670947 1.4511095838 -0.0000000000 -1.2681274929 1.7045443009 -1.9151275779 0.0000000000 -3.3715897836 -2.9509285052 0.0000000000 0.0000000000 
347220.0000000000 -1132914.6970746492 6092521.7136503421 1504631.7662516332 0.5312120046 11.1654816136 1.7079751830 7.2810566552 -1.1829469128 -0.3227513666 0.5530463812 1.6740229111 -0.0000000000 -1.2715611671 0.2870810529 -2.0586638517 0.0000000000 -2.8498043873 -3.3879915137 0.0000000000 0.0000000000 
347250.0000000000 -1132914.5142374481 6092524.0244716424 1504632.2948388972 0.6692692744 11.1654816136 0.6321820907 7.9415766686 -1.0939059291 0.3339882385 0.3455767328 1.8987247592 -0.0000000000 -1.7290540787 0.4522819953 -2.4190020564 0.0000000000 -2.1239088712 -3.7539210829 0.0000000000 0.0000000000 
347280.0000000000 -1132915.0163264172 6092522.1948954891 1504631.9423855138 0.7562967775 11.1654816136 0.8252809170 7.5399075478 -1.9649482010 -0.8952775216 0.7706876791 2.6024868025 0.0000000000 -0.9481847383 0.3935010448 -1.8640592224 0.0000000000 -2.3435567885 -3.4820816370 0.0000000000 0.0000000000 
347310.0000000000 -1132914.3704737015 6092523.8019629838 1504631.8789155413 0.8518462160 11.1654816136 1.3728563737 7.7438956083 -1.7974321446 -0.3880765707 0.7089424126 1.8792332879 0.0000000000 -1.6385967768 0.9210595286 -1.6420453504 0.0000000000 -3.3685661553 -3.2693500370 0.0000000000 0.0000000000 
347340.0000000000 -1132915.2071261371 6092522.6022153888 1504631.2161226736 0.6159746942 11.1654816136 1.3194854218 8.1803760590 -1.2589125425 0.3215577744 -0.4071352664 3.2024311480 -0.0000000000 -1.1131555200 -0.4190919363 -1.7644347086 0.0000000000 -3.4485153602 -3.8909606597 0.0000000000 0.0000000000 
347370.0000000000 -1132914.7532640570 6092520.0672986777 1504632.5366079214 0.9258839915 10.8275661707 0.4914464943 8.1505556808 -1.7901223394 0.0000000000 0.0000000000 3.0325775262 0.0000000000 -1.2665216703 0.4969270494 -1.4514124644 0.0000000000 -3.1795093704 -3.7428907740 0.0000000000 0.0000000000 
347400.0000000000 -1132914.2612141403 6092521.6938080499 1504631.4058909891 0.9146806662 11.1654816136 0.2339421804 8.8858634410 -2.1041261087 -0.1950010685 0.4410386262 2.2117759328 -0.0000000000 -1.6945085386 1.9107472700 -1.4663253771 0.0000000000 -3.6254662115 -3.9418416611 0.0000000000 0.0000000000 
347430.0000000000 -1132914.3886785775 6092522.1773371715 1504630.3795379791 0.5574846048 11.1654816136 -0.4530885831 9.0658585925 -2.3760583791 0.2673499169 0.3441254045 3.0081922377 -0.0000000000 -1.8757223401 1.0452982422 -2.5185312553 0.0000000000 -2.1866394593 -3.5496000763 0.0000000000 0.0000000000 
347460.0000000000 -1132912.9764119918 6092522.0527777039 1504631.6374428293 1.6462903027 11.1654816136 0.6236277066 8.8434826849 -1.7009163174 0.1071619923 0.1781416491 2.1724769296 0.0000000000 -1.4563530594 0.9586414639 -2.8471207840 0.0000000000 -2.6369532591 -3.6546008555 0.0000000000 0.0000000000 
347490.0000000000 -1132914.4896100853 6092521.7437758548 1504632.5011923744 1.2057404243 11.1654816136 -0.1040257102 9.2433827596 -0.7902568809 1.3841135914 -1.1645035983 2.5332704665 -0.0000000000 -1.6086363611 1.1259783529 -1.7425309410 0.0000000000 -3.6723270451 -4.5276954452 0.0000000000 0.0000000000 
347520.0000000000 -1132913.7922164057 6092519.1492070416 1504631.1977924523 1.2418876633 11.1654816136 -1.0668405486 8.8025575151 -1.0147052042 2.0744426128 -1.7356190906 2.9344317069 -0.0000000000 -1.3276596537 1.0400792597 -2.1464562813 0.0000000000 -2.9517046038 -3.8567521884 0.0000000000 0.0000000000 
347550.0000000000 -1132913.7280232613 6092521.7301405370 1504631.7067828833 1.1351019167 11.1654816136 0.7785201716 9.9906080341 -2.3169800339 0.0646254925 -0.1012406501 2.7811949509 0.0000000000 -1.4454786764 1.4406867417 -2.4659481299 0.0000000000 -4.0729612859 -3.8884913956 0.0000000000 0.0000000000 
347580.0000000000 -1132913.6873511481 6092521.3910343032 1504631.1981969210 1.4697814444 11.1654816136 0.8634185857 10.0304761643 -1.0419175458 1.6736518182 -1.2765118393 2.1774881496 0.0000000000 -1.7891907110 1.0093686408 -3.0979537243 0.0000000000 -4.0124680746 -3.9287099754 0.0000000000 0.0000000000 
347610.0000000000 -1132912.7145533466 6092519.2819718504 1504631.3455805383 1.7760284602 11.1654816136 -0.0244556859 10.2643254426 -1.5546444262 1.4769921938 -1.0178008981 1.7789902779 0.0000000000 -1.8119567845 2.3458013023 -2.9870611460 0.0000000000 -4.0006034510 -3.8779009644 0.0000000000 0.0000000000 
347640.0000000000 -1132914.0024546555 6092521.2640329786 1504631.2388204380 2.1064398552 11.1654816136 0.3995470909 10.5001684599 -2.2424546268 0.1042291776 0.4364297371 2.3581835502 -0.0000000000 -2.4549957036 1.6614479108 -2.9237575282 0.0000000000 -3.1884397100 -3.9661253169 0.0000000000 0.0000000000 
347670.0000000000 -1132914.1878030375 6092522.2878170516 1504631.5505252522 1.6494530627 11.1654816136 1.6882220135 10.8432887066 -2.4348134468 -0.2559883673 0.3715776371 2.9096581357 0.0000000000 -2.2262488169 0.8691963846 -2.8420998062 0.0000000000 -4.2081906122 -3.9372320469 0.0000000000 0.0000000000 
347700.0000000000 -1132913.8662273467 6092521.8675700482 1504631.4069425354 1.9568064250 11.1654816136 -0.0604596649 10.2196626262 -2.0530716283 0.5176688193 -0.3367819190 3.0436609850 -0.0000000000 -1.9392210939 1.0704746385 -2.9448182719 0.0000000000 -2.8694052771 -3.8480584045 0.0000000000 0.0000000000 
347730.0000000000 -1132912.1331019369 6092518.9717870327 1504631.5342299391 3.4504373262 11.1654816136 -0.2847907245 11.0627837665 -1.8717690566 1.2267700629 -1.2254289960 2.2318724033 0.0000000000 -1.5561357136 2.5123507973 -3.2714332432 0.0000000000 -4.0517125991 -4.0700552288 0.0000000000 0.0000000000 
347760.0000000000 -1132913.6663018863 6092520.6008740366 1504631.6644837575 2.7988011733 11.1654816136 -0.0432105137 11.4561280885 -2.2781923274 0.4392896582 -0.5551829773 2.7356279070 0.0000000000 -1.9957481197 2.5351853170 -2.2792455482 0.0000000000 -4.6764799305 -4.5156614234 0.0000000000 0.0000000000 
347790.0000000000 -1132913.4915531925 6092519.5046496671 1504631.0841270173 1.6870167214 11.1654816136 1.4419145946 11.6001499155 -0.6261633753 0.6578049587 -0.6496602989 1.0317366228 -0.0000000000 -2.1989086602 1.9475208724 -3.7686487596 0.0000000000 -4.0060076080 -5.0181909540 0.0000000000 0.0000000000 
347820.0000000000 -1132913.4361633591 6092518.8050481314 1504631.0948232140 1.5620784550 11.1654816136 1.6353709674 12.1722044412 -1.8240261988 0.0493300809 -0.0819928372 2.6499211150 -0.0000000000 -2.5937209854 1.1114608052 -3.3271087979 0.0000000000 -4.3086655728 -4.7414183527 0.0000000000 0.0000000000 
347850.0000000000 -1132914.5306129595 6092520.5864080722 1504631.4815481619 1.6299773730 11.1654816136 -0.6088164048 11.7355677507 -2.0267325473 0.5873214760 0.0096383245 3.7780865686 0.0000000000 -3.5553069224 0.9779425168 -2.2648346578 0.0000000000 -2.9099504052 -4.7507324227 0.0000000000 0.0000000000 
347880.0000000000 -1132913.3958548189 6092517.6995146573 1504630.9448800765 2.4055530473 11.1654816136 0.4994093281 11.9198471711 -1.1224796509 0.2163678166 -0.1895527385 1.5204011368 -0.0000000000 -2.5970258270 2.3618275123 -3.3353815236 0.0000000000 -3.5365891149 -5.2029007002 0.0000000000 0.0000000000 
347910.0000000000 -1132914.4950538399 6092520.0193588659 1504631.3763531549 1.5923175282 11.1654816136 -0.1478723232 13.3678329894 -1.5586594875 0.5729527593 -0.3227417108 3.3329165826 0.0000000000 -3.6569391976 1.6529272764 -2.5401634644 0.0000000000 -3.9286104558 -5.8532089443 0.0000000000 0.0000000000 
347940.0000000000 -1132914.3122717389 6092520.6870428836 1504630.6634480804 2.4394822142 11.1654816136 0.1562820173 12.6381049447 -1.8260695239 0.7745601531 0.0294911560 3.7484856171 -0.0000000000 -4.3023706819 0.4166155060 -2.8841537431 0.0000000000 -2.9912820525 -4.8063580333 0.0000000000 0.0000000000 
347970.0000000000 -1132914.2561918115 6092522.1158789359 1504630.1349750403 0.7585851050 11.1654816136 -0.9300466477 13.7952771584 -2.9377026458 0.3036212536 -0.0876783509 3.4178071993 0.0000000000 -3.3059283392 2.7604439970 -3.4779872704 0.0000000000 -3.6595039942 -4.8908037712 0.0000000000 0.0000000000 
348000.0000000000 -1132916.1631069339 6092530.9494061302 1504632.4569026930 0.0672883105 11.1654816136 1.0406958439 0.5870787701 -0.1182333859 0.9059455107 -0.3130765826 0.3212496376 -0.0000000000 -1.1823242560 -0.5732231060 0.6502580906 0.0000000000 -1.6547009156 0.4127813962 0.0000000000 0.0000000000 
348030.0000000000 -1132915.2685599159 6092531.4384023789 1504632.4686564328 0.0957030980 11.1654816136 -0.0407300249 0.6493482331 -0.0932906221 0.8567297041 -0.0712371756 -1.0038176670 0.0000000000 -1.2265624005 1.7011827254 1.0382392379 0.0000000000 -1.9585371423 0.0209893608 0.0000000000 0.0000000000 
348060.0000000000 -1132914.8593712919 6092529.4692082088 1504632.8857474488 0.0556320493 11.1654816136 0.2596143444 0.2737868917 0.0664937950 1.5529548408 -0.6900587312 -0.5429406916 0.0000000000 -1.3227214550 0.8046768761 1.2471453465 0.0000000000 -2.2281543929 0.5236673483 0.0000000000 0.0000000000 
348090.0000000000 -1132915.6036671845 6092531.3277415903 1504633.4392082277 0.0296041670 11.1654816136 -0.5145641470 0.4999492875 -0.7064269058 0.5692004698 -1.1361196149 0.4624834173 0.0000000000 0.7751405894 1.2319404227 0.9132436836 0.0000000000 -2.1604806406 0.2420813620 0.0000000000 0.0000000000 
348120.0000000000 -1132914.9258689471 6092529.9194128914 1504633.6079057306 0.0028882183 11.1654816136 0.1109755855 0.6861136854 -0.0433663152 0.8796465611 -0.8365022326 1.3326404486 -0.0000000000 -0.5853544649 -0.8954502801 1.0384363155 0.0000000000 -1.2932885399 -0.1072367800 0.0000000000 0.0000000000 
348150.0000000000 -1132916.2578184556 6092529.7597790640 1504632.8039842832 0.0000712225 11.1654816136 0.0392236102 0.7785459357 0.2571345649 0.1257581850 -0.3709691063 -0.0111179534 0.0000000000 -0.1436159546 0.8092916979 1.2443107380 0.0000000000 -1.7456910388 -0.9368261379 0.0000000000 0.0000000000 
348180.0000000000 -1132914.1607251598 6092529.1144099133 1504632.1545970889 0.0003107574 11.1654816136 1.6366837294 0.1361362502 0.7209632235 0.3202329513 -0.4882441296 -2.1963954038 -0.0000000000 0.3804831064 1.0900172176 -0.7257300258 0.0000000000 -1.4551578929 0.1469636123 0.0000000000 0.0000000000 
348210.0000000000 -1132915.2068523893 6092529.2757942257 1504633.2636229969 0.0573686398 11.1654816136 0.6538216062 0.4112820843 -0.2269740252 -0.5439956109 0.4998141298 -0.7646110076 0.0000000000 0.0172720934 0.8993875676 -0.0278662984 0.0000000000 -0.8581103595 -0.1903929311 0.0000000000 0.0000000000 
348240.0000000000 -1132916.0076781937 6092529.5865631551 1504633.2452627572 0.0432373291 11.1654816136 1.0083110935 0.6724815488 -1.0639925563 -1.1823778118 0.5401227674 1.7701134457 0.0000000000 0.1936972090 -0.5760318304 1.9072095668 0.0000000000 -2.3256731061 -0.5439702831 0.0000000000 0.0000000000 
348270.0000000000 -1132916.3023738859 6092529.2928784415 1504632.7682783992 0.1290318376 11.1654816136 -0.3798517994 0.0878265168 -0.0228434289 -0.1930721546 -0.4308171816 0.6915913611 -0.0000000000 0.6183012072 0.2456086627 1.1421681576 0.0000000000 -0.9799820958 -0.6108228817 0.0000000000 0.0000000000 
348300.0000000000 -1132916.5907196195 6092531.2721958579 1504633.4853994360 0.2022316111 11.0041300577 -0.1683459837 1.2901905654 -1.5705549656 -0.5369216494 0.0000000000 2.4988061538 -0.0000000000 0.0929489805 -0.3844226081 1.4895959548 0.0000000000 -1.9306408402 -0.2062732717 0.0000000000 0.0000000000 
348330.0000000000 -1132915.2521929170 6092529.0075434959 1504633.3581888166 0.1522542677 11.1654816136 -0.7491409534 0.7211487924 0.3126871187 0.7959053898 -1.6116153400 0.6712731921 -0.0000000000 0.7279893007 0.4610622775 0.8250962966 0.0000000000 -1.3686488868 -0.6020884718 0.0000000000 0.0000000000 
348360.0000000000 -1132916.0427711981 6092531.7731108572 1504633.1939779127 0.1886959464 11.1654816136 -0.0932326914 1.0291788254 -0.2656892042 -0.0132375736 -0.2922569986 0.7000846855 0.0000000000 -0.0373449472 0.2065893208 0.5613979841 0.0000000000 -1.0781174427 -0.5377873856 0.0000000000 0.0000000000 
348390.0000000000 -1132915.0639539047 6092528.3507095873 1504632.9086002707 0.0006632558 11.1654816136 0.8131198459 -0.0424995643 -0.1701757607 -0.5254255346 -0.1517117353 0.6492073331 -0.0000000000 0.6950884787 -0.4971887447 0.8084429022 0.0000000000 -1.2093146212 -0.2302752946 0.0000000000 0.0000000000 
348420.0000000000 -1132916.6134940616 6092530.8629052136 1504632.1669231234 0.2074739251 11.1654816136 0.3279972491 0.5486585168 -0.2069560679 0.3289329223 -0.6096261310 1.1922345308 0.0000000000 -0.1390732392 -0.6074288277 1.3038341111 0.0000000000 -1.6652262981 -0.1986115046 0.0000000000 0.0000000000 
348450.0000000000 -1132915.9287099133 6092531.1751271030 1504633.7100084240 0.0921680347 11.1654816136 0.0626535601 0.6941246402 -1.5954140187 -0.6463930468 0.2880758895 1.3679679917 -0.0000000000 0.2950178386 0.4573303349 1.2502321876 0.0000000000 -2.0559253843 0.2277385568 0.0000000000 0.0000000000 
348480.0000000000 -1132915.2367109610 6092531.3562684888 1504632.7316043626 0.1504015417 11.1654816136 1.5989071965 0.3823179404 -0.4201047142 0.1664721516 0.3561037503 -0.5079982748 0.0000000000 -0.8874920072 0.1074350980 0.6078036983 0.0000000000 -1.9929354322 0.5155536859 0.0000000000 0.0000000000 
348510.0000000000 -1132915.0850057672 6092528.5230935216 1504633.0446911461 0.0065651426 11.1654816136 0.4212432789 0.3177121885 0.2086667927 0.1874053299 -0.8354500312 -0.0374441132 -0.0000000000 0.6460228869 0.2031475884 0.3548752661 0.0000000000 -1.2375324511 -0.2144936424 0.0000000000 0.0000000000 
348540.0000000000 -1132915.4812876671 6092529.1312591908 1504632.0104554528 0.0857258273 11.1654816136 0.4781096019 0.5779923672 0.7267891366 0.2038504403 -0.9687696805 0.6670927913 0.0000000000 0.3621450727 -0.6793027117 0.9225926304 0.0000000000 -1.1928364393 -0.9518743737 0.0000000000 0.0000000000 
348570.0000000000 -1132915.5863040187 6092528.3272060705 1504632.7188160068 0.0038768068 11.1654816136 -0.3042355719 0.6511168501 0.2026519425 0.1721807137 -0.2207606668 0.1631551756 -0.0000000000 -0.2947519424 0.4477492484 0.7004204630 0.0000000000 -0.7684054723 -0.6900622228 0.0000000000 0.0000000000 
348600.0000000000 -1132914.9737448734 6092530.3083065758 1504632.7580284425 0.0326202586 11.1654816136 0.8535136166 0.1618287053 0.6745025851 0.3453721728 0.0234248178 -1.1213392310 -0.0000000000 -0.7284360057 0.7266637055 1.0286988448 0.0000000000 -1.6228363398 -0.5484421516 0.0000000000 0.0000000000 
348630.0000000000 -1132916.0275890166 6092528.9284018744 1504633.6341157130 0.0141584248 11.1654816136 -0.1112749341 0.5981769909 -1.2076497085 -0.9468656639 0.5144127881 1.6054708704 0.0000000000 0.3367298899 0.1252352350 1.4675159119 0.0000000000 -1.6123618309 -0.3969049511 0.0000000000 0.0000000000 
348660.0000000000 -1132915.6595769986 6092529.8892934313 1504633.2198603237 0.2097285183 11.1654816136 0.0350290022 0.1295380375 -0.1166766634 -0.5424156216 0.4583215163 0.2542641573 0.0000000000 -0.0044437672 0.4240133709 1.1135859559 0.0000000000 -0.9729000741 -0.7088219611 0.0000000000 0.0000000000 
348690.0000000000 -1132916.1961464612 6092531.8586267233 1504634.3703934858 0.0959232185 11.1654816136 0.4385815206 0.9986587320 -0.6960897586 0.0629980306 -0.1102072153 0.8319466104 -0.0000000000 -0.4082758601 0.0279733789 1.0253250307 0.0000000000 -1.9157103469 -0.0346281719 0.0000000000 0.0000000000 
348720.0000000000 -1132916.3537346064 6092530.5354436086 1504634.3759675790 0.0759223331 11.1654816136 0.5262269877 1.2493916918 -1.6109164931 0.4469471883 -1.0268273692 1.6342314343 0.0000000000 0.2555691671 -0.0381868150 1.3156517349 0.0000000000 -3.2522393518 0.9269519040 0.0000000000 0.0000000000 
348750.0000000000 -1132915.9562247312 6092530.4428727152 1504633.2801455301 0.3067037753 11.1654816136 0.1201717508 0.6424282813 -0.0393224223 0.2867894580 -0.8687689664 0.8749703300 0.0000000000 0.2674662579 -0.3160499455 0.8744669678 0.0000000000 -1.3612800471 -0.2692591664 0.0000000000 0.0000000000 
348780.0000000000 -1132915.3357000963 6092529.5128850760 1504633.1820645649 0.0017377004 11.1654816136 1.6070376867 0.5942347520 0.0357668480 0.1620303490 -0.4087644483 0.3863980430 -0.0000000000 -0.2381494973 -1.0899318210 0.5307550607 0.0000000000 -1.5577256288 0.0759873413 0.0000000000 0.0000000000 
348810.0000000000 -1132915.9228975379 6092532.0241116080 1504633.5776970321 0.0915317913 11.1654816136 0.1853960257 0.3317931586 -0.0932176618 0.7067361585 -1.0784193513 1.0384191813 -0.0000000000 0.0321048344 -0.7332966489 1.1116609355 0.0000000000 -1.4629675422 0.2107982148 0.0000000000 0.0000000000 
348840.0000000000 -1132915.8587370999 6092532.1736626532 1504633.0712361902 0.1591967771 11.1654816136 -0.2316755059 0.3327176274 -0.3123450084 0.3854824046 -0.6756969874 1.0153664114 -0.0000000000 0.0783071098 -0.2676643663 1.0349540013 0.0000000000 -1.1839375854 0.0668561458 0.0000000000 0.0000000000 
348870.0000000000 -1132914.3358253536 6092529.6789331567 1504632.8086279824 0.1558939001 11.1654816136 1.6808553581 0.2912965255 0.6243210620 0.5229685952 -0.8495721633 -0.9422938584 0.0000000000 0.0032831974 0.1582392802 0.9725964297 0.0000000000 -2.4590557962 -0.1574523100 0.0000000000 0.0000000000 
348900.0000000000 -1132915.0601564662 6092529.5830821097 1504632.4905888606 0.1290916279 11.1654816136 0.1943747392 0.4312798188 -0.2944558443 1.0348035818 -0.8657910623 0.8911455265 0.0000000000 -0.6745238148 -0.6771613420 1.1412596323 0.0000000000 -1.5322309684 0.5821642810 0.0000000000 0.0000000000 
348930.0000000000 -1132916.1749105016 6092532.2044680435 1504633.2340556814 0.0424694513 11.1654816136 -0.9399928351 0.6438496928 0.1882599019 0.4577631962 -0.7088045681 1.0095060809 0.0000000000 -0.1842572406 0.1214439033 1.2857245370 0.0000000000 -0.8960718329 -0.7388654014 0.0000000000 0.0000000000 
348960.0000000000 -1132915.6755890264 6092530.4730618466 1504632.6384772980 0.2414446501 11.1654816136 -0.5684676704 0.6466477848 -0.1622885303 0.2552770239 -0.7490076803 1.4709608273 -0.0000000000 0.1158523323 -0.4998779688 1.0447047198 0.0000000000 -0.8600886966 -0.3644165228 0.0000000000 0.0000000000 
348990.0000000000 -1132915.7033233342 6092528.7239036411 1504633.0168213244 0.0020946125 11.1654816136 -0.1112435560 0.1118100077 -0.2346221229 0.1701991427 0.2819720954 1.7448833281 -0.0000000000 -0.9285602700 -1.6616808268 1.0576623967 0.0000000000 -0.0013667406 -0.0685590399 0.0000000000 0.0000000000 
349020.0000000000 -1132915.7637123903 6092530.9637131821 1504633.3030997727 0.0351172874 11.1654816136 -0.7035720662 0.3600174397 -0.4370055958 0.2948540021 -0.5288579854 2.0497245712 -0.0000000000 -0.1174356399 -1.1011246526 1.2315286786 0.0000000000 -0.5682515796 -0.0371652690 0.0000000000 0.0000000000 
349050.0000000000 -1132916.1855770431 6092528.7236900181 1504633.6828020557 0.0000200801 11.1654816136 0.4823625900 0.0378637673 -0.2371787267 -0.1233992891 -0.8145397913 1.5128957864 0.0000000000 0.8639756083 -1.3827753104 0.9130690344 0.0000000000 -1.0012957346 0.0727142586 0.0000000000 0.0000000000 
349080.0000000000 -1132915.9945497671 6092529.1232270412 1504633.6661646247 0.0235095804 11.1654816136 -1.1604423933 0.3338148614 -0.8474743149 -0.7423820147 0.0637212668 1.8237777475 0.0000000000 0.8654064429 0.3530582257 1.4187684667 0.0000000000 -1.0357659137 -0.6834162118 0.0000000000 0.0000000000 
349110.0000000000 -1132914.6942031558 6092528.7812086241 1504633.5068757844 0.0319247612 11.1654816136 -0.4020042792 0.0713457734 -0.1983935086 0.0885310508 -0.5595699301 0.0382511138 0.0000000000 0.6438664530 0.8805133995 0.6992998439 0.0000000000 -1.1515794743 -0.0765482964 0.0000000000 0.0000000000 
349140.0000000000 -1132914.1829859531 6092527.5051284116 1504633.2309856557 0.0002585993 11.1654816136 0.6507769259 0.2923899156 0.1913112967 -0.2387727849 -0.1422367390 0.3621226805 0.0000000000 0.1654731343 -0.3901325750 0.8334219381 0.0000000000 -1.0745826696 -0.5632178529 0.0000000000 0.0000000000 
349170.0000000000 -1132914.8020680307 6092530.0236671912 1504632.4657911889 0.2027088562 11.1654816136 -0.0973270999 0.4337851844 -0.1398948640 0.3099906857 -0.7424901982 0.5109418111 0.0000000000 0.2307261933 0.2249967368 1.0941582748 0.0000000000 -1.5512526440 -0.1305721907 0.0000000000 0.0000000000 
349200.0000000000 -1132914.9089383846 6092528.9058197029 1504633.0653363981 0.0037709096 11.1654816136 1.7885162410 0.1402677086 0.3284888183 -0.5681283450 -0.1551056173 -0.0639150291 0.0000000000 0.5952975193 -0.9280349630 0.3450157785 0.0000000000 -1.1001151942 -0.3914444806 0.0000000000 0.0000000000 
349230.0000000000 -1132915.6516011730 6092530.5183921922 1504632.7657915733 0.0127628907 11.1654816136 2.1447560697 0.1997188758 -0.0240388252 -0.5687568794 -0.2058694035 -0.4927485857 0.0000000000 0.7768310423 -0.4127636619 0.3240060046 0.0000000000 -1.8142915551 -0.0052286803 0.0000000000 0.0000000000 
349260.0000000000 -1132915.5281911779 6092530.9507645518 1504632.2420098560 0.0537293183 11.1654816136 1.2048496118 0.3866959478 0.5764165039 1.0213012660 -0.7342082111 -0.3851168151 -0.0000000000 -1.0057701699 -0.7227093228 0.9098588868 0.0000000000 -1.4530938602 0.1764522063 0.0000000000 0.0000000000 
349290.0000000000 -1132915.9556530453 6092531.1707931533 1504633.7210911487 0.0527226992 11.1654816136 -0.2448151568 0.6322015240 -0.2536330315 -0.3766117305 -0.2862848760 1.3972332685 -0.0000000000 0.4533703201 -0.0533806978 1.7265187916 0.0000000000 -1.7845711674 -0.9011807409 0.0000000000 0.0000000000 
349320.0000000000 -1132915.3680850561 6092529.5399137391 1504633.8173685786 0.0190146342 11.1654816136 1.3652609947 0.4275729014 -0.3167807123 -0.2070789496 -0.4126190438 -0.7222159765 -0.0000000000 0.6730232418 0.9463746764 1.0529878163 0.0000000000 -2.8700372680 -0.0295795389 0.0000000000 0.0000000000 
349350.0000000000 -1132915.7551818872 6092530.8225365737 1504633.2185225964 0.0250716122 11.1654816136 -0.1028245575 0.1963817181 0.2171233934 0.1201853212 -0.1226658034 0.7548011847 -0.0000000000 -0.2723651769 -0.2804414274 1.4977672780 0.0000000000 -1.1339034663 -0.7001001627 0.0000000000 0.0000000000 
349380.0000000000 -1132916.1685409076 6092532.6716625961 1504633.5052385048 0.1012271579 11.1654816136 -0.4339991097 0.9352201961 -1.3167529445 -0.8317246472 0.1161624171 1.8100996134 -0.0000000000 0.7470948634 0.2508570058 1.1412755758 0.0000000000 -1.7538835035 -0.2794674038 0.0000000000 0.0000000000 
349410.0000000000 -1132915.8280808174 6092530.5581379551 1504633.5748482032 0.0157463762 11.1654816136 -0.5438331475 0.6917997231 -0.9595853359 -0.6861252346 -0.1138651061 1.3250404735 -0.0000000000 0.9152455640 0.4434767677 0.7678379590 0.0000000000 -1.2892875406 -0.2752732368 0.0000000000 0.0000000000 
349440.0000000000 -1132915.5829151354 6092529.6526367264 1504634.2402593743 0.0371291712 11.1654816136 0.1622381569 0.4882212339 -0.9930488166 -1.0268089391 0.2434047387 1.2211568539 -0.0000000000 0.9951188032 -0.1339921768 0.3672501196 0.0000000000 -0.9510257445 -0.1319038356 0.0000000000 0.0000000000 
349470.0000000000 -1132915.8976521408 6092529.2155947546 1504633.3947833569 0.0160316945 11.1654816136 -0.9069024510 0.5963218154 -0.5226409836 -0.5759107870 0.5178909654 0.2608695845 0.0000000000 0.2677942811 1.8738433158 1.1724479140 0.0000000000 -1.6312592883 -0.9961160882 0.0000000000 0.0000000000 
349500.0000000000 -1132915.2505772582 6092528.4156955257 1504632.8727583301 0.0637645596 11.1654816136 -0.3130996587 0.1168526178 0.2706058079 -0.3660547786 -0.4858851650 0.4944089864 -0.0000000000 0.9433523033 0.4329251319 1.1583775216 0.0000000000 -1.1769957961 -0.9763628064 0.0000000000 0.0000000000 
349530.0000000000 -1132915.9564055610 6092530.1872499390 1504633.4806265172 0.0066342125 11.1654816136 -0.2068223161 0.6768388580 -0.7551882810 -1.1146854735 0.7413317333 1.6670090231 -0.0000000000 0.4173252759 -0.0892780908 1.2212519481 0.0000000000 -1.2550086625 -0.9815490328 0.0000000000 0.0000000000 
349560.0000000000 -1132916.0403551334 6092531.3321760446 1504633.6543745662 0.0087439839 11.0041300577 -2.5729444923 1.0255354110 -1.3320102405 -0.2041752429 0.1719975400 2.3603332100 0.0000000000 0.0000000000 1.0440645378 1.2018364935 0.0000000000 -0.8075934644 -0.4232558077 0.0000000000 0.0000000000 
349590.0000000000 -1132916.1802491623 6092530.9782331865 1504632.4916591588 0.0742385471 11.1654816136 -0.2116755564 0.7333284571 -0.4146196253 0.1121608770 -0.3258131459 1.6199407191 0.0000000000 -0.2629402439 -0.8152425769 1.3505158955 0.0000000000 -1.2265599991 -0.2041435811 0.0000000000 0.0000000000 
349620.0000000000 -1132916.3094770699 6092530.7075268403 1504633.1139386152 0.0057718318 11.1654816136 -0.4638435177 0.3360980578 0.3699993495 -0.1811737297 -0.7911613491 0.2175226888 0.0000000000 0.9321645523 0.7416743622 0.8543700910 0.0000000000 -1.0762734361 -0.8975252067 0.0000000000 0.0000000000 
349650.0000000000 -1132915.9966600854 6092529.5082222633 1504632.0870207895 0.1809409642 11.1654816136 -0.7382012353 -0.6670101748 0.6567457049 1.0384802358 -0.2311824159 -1.7746157183 0.0000000000 -0.4383446246 2.5036631256 1.5331829727 0.0000000000 -1.7423740937 -0.4493906347 0.0000000000 0.0000000000 
349680.0000000000 -1132915.3270971365 6092529.8976027081 1504631.8204266143 0.2420183929 11.1654816136 0.9687163806 0.0779664458 0.3842877364 1.5552130610 -1.2768583102 -1.1780874568 -0.0000000000 -0.8092575604 0.1327962151 1.1353065965 0.0000000000 -1.9722106708 0.8601692184 0.0000000000 0.0000000000 
349710.0000000000 -1132917.3670442705 6092531.9959988687 1504633.6423523845 0.0780911877 11.1654816136 -1.5703172095 0.4558367940 -1.0636395668 -0.0433496407 0.2722669822 1.9805374347 0.0000000000 -0.1106613239 0.5077624320 1.8917578477 0.0000000000 -1.5967121065 -0.3252937316 0.0000000000 0.0000000000 
349740.0000000000 -1132916.6554878531 6092531.4481344391 1504633.0068295547 0.1350993420 11.1654816136 -1.9377804689 0.4319249336 -0.4158094633 -0.2825066855 -0.6584343388 3.0635584016 0.0000000000 0.8130800402 -0.8416768461 1.5907833568 0.0000000000 -0.4184327200 -0.7741532067 0.0000000000 0.0000000000 
349770.0000000000 -1132915.9191120558 6092531.6198726976 1504632.9868375671 0.0173434227 10.8275661707 -0.7249018481 0.0307629264 -0.2761510990 0.0000000000 0.1374518465 0.7420642490 0.0000000000 0.0000000000 0.3540637093 1.0470745199 0.0000000000 -0.8145829515 -0.3501323830 0.0000000000 0.0000000000 
349800.0000000000 -1132916.2040648600 6092531.0084479060 1504632.9717555724 0.0440542042 11.0041300577 0.0000000000 -0.0134732261 -0.1603046233 -0.3308881489 0.2938704926 -0.0827591850 -0.0000000000 0.3484103613 0.8767321908 0.9230171516 0.0000000000 -1.3216980152 -0.5487030109 0.0000000000 0.0000000000 
349830.0000000000 -1132915.2980933350 6092528.5728705749 1504633.4343526906 0.1079238546 11.1654816136 -0.1423241211 0.5065154055 -0.5816464539 -0.4245200948 -0.3818484939 0.8099031722 0.0000000000 0.8743627795 0.3917671200 0.9502200184 0.0000000000 -1.6077520325 -0.2325268194 0.0000000000 0.0000000000 
349860.0000000000 -1132916.4579193748 6092530.7010135017 1504633.1613440805 0.0008027633 11.1654816136 -1.2963239429 0.8114990924 -0.0052409783 0.4508830489 -0.1991405991 0.6250910019 0.0000000000 -0.6397981678 1.0384129998 1.2789636799 0.0000000000 -1.1890480022 -0.7397697668 0.0000000000 0.0000000000 
349890.0000000000 -1132915.3093030676 6092529.5674480917 1504633.2312595583 0.0156409573 11.1654816136 0.5002031998 0.5210582765 -0.6390543005 -0.1793189877 0.7349985849 -0.0350105822 -0.0000000000 -0.5401204132 0.6295529055 0.9276017950 0.0000000000 -1.7438335658 -0.1493055175 0.0000000000 0.0000000000 
349920.0000000000 -1132914.9254491893 6092529.9739388386 1504632.5394511283 0.0920466041 11.1654816136 0.4460877132 0.3585400701 -0.7095065116 0.2195893115 -0.3968073831 -0.1359136052 0.0000000000 0.1847596782 0.5463000718 0.8077854914 0.0000000000 -1.8929034847 0.6016057042 0.0000000000 0.0000000000 
349950.0000000000 -1132916.9482581723 6092533.5675194338 1504633.6211139697 0.3108469009 11.1654816136 1.1969946596 0.0189653764 -0.0071205348 0.4681774420 -0.1766317216 0.5840364562 0.0000000000 -0.5745108220 -1.1993437106 2.3444952571 0.0000000000 -2.3789382008 -0.0646982283 0.0000000000 0.0000000000 
349980.0000000000 -1132916.1233315771 6092533.6302335886 1504633.1006050361 0.3685961689 10.8275661707 0.0000000000 -0.4050466003 -0.6255091777 0.0000000000 -0.3753732093 1.5100236185 -0.0000000000 0.7110318065 -0.9436546437 1.8849221106 0.0000000000 -1.6815312866 0.2458634452 0.0000000000 0.0000000000 
350010.0000000000 -1132917.0675832650 6092532.9992995309 1504633.3864150003 0.5491654280 11.0041300577 0.5149008040 1.0786558032 -0.6244226445 -0.1179879918 -0.5712427454 0.2753103453 -0.0000000000 0.1753497554 -0.0368622147 0.0000000000 0.0000000000 -1.0593018473 0.4511835376 0.0000000000 0.0000000000 
350040.0000000000 -1132913.8902390308 6092529.5122310929 1504632.4516863730 0.0969149763 11.1654816136 0.9664341737 -0.6077703867 0.4171598817 1.2736050923 -0.7078837533 -2.1703052710 0.0000000000 -0.4962125460 0.9675821752 0.6829960271 0.0000000000 -1.4396126491 0.8184208535 0.0000000000 0.0000000000 
350070.0000000000 -1132915.2035528170 6092528.5013513276 1504632.9346772379 0.0040833353 11.1654816136 0.6358875298 0.5005012429 -0.1953572528 -0.3895936985 -0.2873487137 0.2095863745 -0.0000000000 0.5857031055 0.1680090513 1.0203918918 0.0000000000 -1.7854597397 -0.4015961102 0.0000000000 0.0000000000 
350100.0000000000 -1132915.5106387266 6092529.7174690375 1504632.8024924274 0.0049778443 11.0041300577 -0.4140546788 0.4034758552 0.3153480256 0.0000000000 -0.5370696894 0.7314702298 0.0000000000 0.2778088335 0.0708423096 1.3330846938 0.0000000000 -1.1855953504 -0.8554568412 0.0000000000 0.0000000000 
350130.0000000000 -1132915.4099513874 6092530.8764442885 1504632.2107708561 0.1707969408 11.1654816136 -0.1137646306 -0.0198611143 0.3533289817 0.9719780544 -0.7707815123 -0.1701850880 0.0000000000 -0.5494049840 -0.1071543635 0.9817961592 0.0000000000 -0.7649259724 0.2293843016 0.0000000000 0.0000000000 
350160.0000000000 -1132913.4503660460 6092526.8608396780 1504630.6087120890 0.0226443239 10.8275661707 0.6729640849 0.0000000000 1.2065394757 0.7271418559 -0.7020302542 -1.9112735763 -0.0000000000 -0.4725726217 0.7789626427 0.0000000000 0.0000000000 -0.2503377269 -0.3437179549 0.0000000000 0.0000000000 
350190.0000000000 -1132914.4026416568 6092527.0642178589 1504632.0079310159 0.0139096861 11.1654816136 -1.9969925094 -0.0807181454 -0.2873584964 0.1457276545 0.6623763276 1.6934377996 -0.0000000000 -0.5925703301 -0.0016632444 0.5393581518 0.0000000000 0.6247618425 -0.4563151774 0.0000000000 0.0000000000 
350220.0000000000 -1132915.4293725151 6092529.0729708020 1504632.8935641686 0.1796863925 11.1654816136 -1.4802622356 0.0893513026 -0.1468571857 -0.1057610167 0.1308370052 0.5664076920 0.0000000000 0.3819775114 1.5276656497 1.0519910175 0.0000000000 -1.0939574410 -0.8741670479 0.0000000000 0.0000000000 
350250.0000000000 -1132914.8273556330 6092529.4171790518 1504633.2072762600 0.1827005145 11.1654816136 -0.5954428976 0.5161228966 -0.3942223715 -0.2465532937 -0.1822541058 1.3756426999 0.0000000000 0.2530202155 -0.3851254370 0.6737114829 0.0000000000 -0.5543337677 -0.2330813091 0.0000000000 0.0000000000 
350280.0000000000 -1132916.0210533033 6092530.5892521190 1504632.8571156284 0.1101927658 11.0041300577 -1.0994408614 0.1255730924 0.0000000000 0.8842340849 -0.2242237479 0.8439249211 0.0000000000 -0.8310229143 0.0923669380 1.5956401862 0.0000000000 -1.0207695184 -0.1696662091 0.0000000000 0.0000000000 
350310.0000000000 -1132916.0613585259 6092530.9902503239 1504633.4569980751 0.1073967938 11.1654816136 -1.2820124757 0.0326034188 -0.5094062955 0.0163854830 0.5038146245 2.1599586273 -0.0000000000 -0.3094817758 -0.6477077285 1.5739337260 0.0000000000 -0.7065278901 -0.4683357125 0.0000000000 0.0000000000 
350340.0000000000 -1132915.7500169137 6092528.7393959342 1504633.5233583469 0.0132766272 11.1654816136 -2.6713948203 -0.1881925453 -0.6662521188 0.0321382589 0.7150861747 2.3889262912 0.0000000000 -0.1041358580 0.4546951917 1.2986897775 0.0000000000 -0.2855315556 -0.6457112365 0.0000000000 0.0000000000 
350370.0000000000 -1132916.3425079030 6092532.1792376479 1504633.5427218638 0.2138251441 11.1654816136 -1.0746916746 0.0526002499 0.0408099351 0.2629800303 0.4773976334 2.9133465191 0.0000000000 -0.9905879571 -2.2206228437 2.0800582758 0.0000000000 -0.2198984308 -0.7950260065 0.0000000000 0.0000000000 
350400.0000000000 -1132915.1702656897 6092530.4507810837 1504633.4437465754 0.0116104501 11.1654816136 0.1272458071 0.2055727067 0.4999175053 0.4681140725 0.9307083736 -0.2464367054 -0.0000000000 -1.5002976629 0.4162481902 1.5804062026 0.0000000000 -1.3483615395 -1.1150403705 0.0000000000 0.0000000000 
350430.0000000000 -1132914.9057012070 6092529.3717528908 1504633.4825026346 0.0382774592 11.1654816136 0.3091250951 0.0074235773 -0.0905817254 0.2422219599 0.6460205717 0.4031683780 0.0000000000 -0.8998713157 -0.6366612278 0.9360852935 0.0000000000 -0.6250283369 -0.1657526577 0.0000000000 0.0000000000 
350460.0000000000 -1132916.2788444352 6092530.9384890143 1504633.3817961947 0.1473173912 11.1654816136 -0.1409404195 0.2312699535 -0.0201156577 1.2904366163 0.0098343594 -0.0861764013 -0.0000000000 -1.5666136800 0.1843414163 1.9224588697 0.0000000000 -1.8187496682 0.1188443158 0.0000000000 0.0000000000 
350490.0000000000 -1132916.7222784036 6092532.6695058439 1504634.3200935740 0.1073970207 11.1654816136 0.2806593284 0.2700226445 -0.2247063312 0.4136871471 0.5307100337 -0.3607602528 -0.0000000000 -0.8711312230 0.6800701497 1.2618822283 0.0000000000 -1.7492775768 -0.2194121470 0.0000000000 0.0000000000 
350520.0000000000 -1132915.2571080606 6092529.7348487396 1504632.9725463251 0.0020301577 11.1654816136 -0.5595690118 -0.1803382142 0.4218581406 0.3684266514 0.1943189661 -0.7731088109 0.0000000000 -0.2252278623 1.6385453538 0.8621342971 0.0000000000 -1.0840223449 -0.7973642339 0.0000000000 0.0000000000 
350550.0000000000 -1132914.8655625232 6092528.4025217649 1504633.1613091237 0.0468003338 11.1654816136 2.1826120657 0.3226682376 0.6070136588 -0.9565584713 0.9005504058 -1.1765100448 0.0000000000 0.0704101132 0.2605271029 0.8531976061 0.0000000000 -1.7043411444 -1.5262839053 0.0000000000 0.0000000000 
350580.0000000000 -1132915.1813474032 6092530.4867402241 1504633.8574164072 0.0142774301 11.1654816136 2.6415760343 0.9625322715 0.3685273785 -0.4893392355 1.1408938492 -0.7637364184 -0.0000000000 -1.2925988498 -0.8519017371 1.1243276407 0.0000000000 -1.7538536820 -1.0852189647 0.0000000000 0.0000000000 
350610.0000000000 -1132915.1020337008 6092528.4582310272 1504633.4300379036 0.0315772691 11.1654816136 1.1462177145 -0.4644789830 0.1543727772 -0.5866642203 1.0594169104 0.5944664651 -0.0000000000 0.0636362649 -1.0766942186 1.7250566110 0.0000000000 -1.3931360542 -1.0876435422 0.0000000000 0.0000000000 
350640.0000000000 -1132915.0597175183 6092528.6058609448 1504632.3222997868 0.1557970904 11.1654816136 0.5289110941 -0.0364324535 0.2708208847 -0.0583273287 0.3654785833 0.0432762475 -0.0000000000 -0.2046022520 -0.1846552705 1.2340097339 0.0000000000 -1.1657685983 -0.7443541833 0.0000000000 0.0000000000 
350670.0000000000 -1132916.8972384380 6092530.5786544532 1504633.8863697564 0.3771805854 11.1654816136 -0.9705683862 0.6627913825 -0.4223089273 -0.0858763369 -0.0133026823 1.1008350985 0.0000000000 0.2240115317 0.9678714362 1.9249608742 0.0000000000 -2.4039821529 -0.8409398127 0.0000000000 0.0000000000 
350700.0000000000 -1132916.1176445752 6092530.0554464841 1504633.9156486790 0.1719790112 11.0041300577 1.2109503104 0.4313651837 0.0148040345 -1.0587203031 1.0765184216 0.0000000000 -0.0000000000 0.1455111242 0.0591348804 0.7348807338 0.0000000000 -1.3630650198 -1.2758677743 0.0000000000 0.0000000000 
350730.0000000000 -1132916.0325602661 6092532.3346442943 1504632.3523467178 0.0823534788 11.0041300577 0.4644664482 0.7250310400 -0.3403639968 0.2323800889 0.2710339989 0.0000000000 -0.0000000000 -0.7304531285 0.2757651173 1.3540966417 0.0000000000 -1.9555188188 -0.2100641975 0.0000000000 0.0000000000 
350760.0000000000 -1132915.8552274180 6092529.4673257554 1504631.5483920341 0.1335228923 11.0041300577 -0.7037505434 0.2324092623 -0.1379173192 0.5078446140 0.2455413839 0.0000000000 -0.0000000000 -0.4854376577 1.3107540074 1.5247624481 0.0000000000 -1.9284375950 -0.5399082781 0.0000000000 0.0000000000 
350790.0000000000 -1132915.1773005968 6092529.0719408859 1504632.6801897932 0.2754084477 11.0041300577 0.3849237250 0.2059637678 -0.2550134321 -0.1307560614 0.8663631158 0.0000000000 0.0000000000 -0.5031631372 0.2494259973 0.6807630553 0.0000000000 -1.0450992931 -0.4269454391 0.0000000000 0.0000000000 
350820.0000000000 -1132915.1307681685 6092527.2126094010 1504633.3574220485 0.0105241205 11.0041300577 0.2633487848 0.4534250128 -0.4445609267 -1.1843459598 0.4265702449 0.0000000000 0.0000000000 1.2944154299 1.5517345164 0.7683654290 0.0000000000 -2.1705960569 -1.0783812237 0.0000000000 0.0000000000 
350850.0000000000 -1132915.8017674542 6092530.5875791190 1504632.6668758555 0.2084817491 11.0041300577 1.0788431366 0.3719188799 -0.0256010307 0.0412920735 0.0277741166 0.0000000000 -0.0000000000 -0.3488560811 -0.7129084088 1.2625413709 0.0000000000 -1.4037389289 -0.1779427342 0.0000000000 0.0000000000 
350880.0000000000 -1132914.6922247526 6092525.6176629104 1504631.4375110001 0.2030061567 11.0041300577 -1.1660386526 -0.0899185975 0.2794543970 0.3821853794 -0.4859294321 0.0000000000 0.0000000000 0.4048135028 1.4846450591 1.2020277703 0.0000000000 -1.3741916695 -0.6815801594 0.0000000000 0.0000000000 
350910.0000000000 -1132915.4728938621 6092526.6707252543 1504632.1577957470 0.1823232482 11.1654816136 0.8666219385 0.4552800347 0.1738521114 -0.1597843047 -0.0921903466 0.0000000000 0.0000000000 0.2790323499 0.4092383982 1.4544357214 0.0000000000 -2.4581494326 -0.5853427716 -0.3698127388 0.0000000000 
350940.0000000000 -1132915.1895706484 6092529.8974663112 1504632.3656695422 0.0626504416 11.1654816136 0.5310718874 -0.0881984286 0.3035673902 0.5918637939 -0.2796674930 0.0000000000 0.0000000000 0.2589750108 0.9650288861 1.1517073526 0.0000000000 -2.7625200972 0.2463060871 -1.0431799078 0.0000000000 
350970.0000000000 -1132913.6973320073 6092528.0798988463 1504632.7779488710 0.0057187846 11.3140434823 -0.0483239914 0.7960816190 0.7350275604 0.6880800790 0.0603779332 0.0000000000 -0.0000000000 0.3732345737 1.7013446844 -0.5517557380 0.0000000000 -2.0118508611 -0.3798444695 -0.4725573430 -1.2567528650 
351000.0000000000 -1132915.2203535745 6092528.7447561687 1504632.4634250407 0.0456624360 11.3140434823 -1.7275555299 0.6220731402 0.1967311153 2.4785395005 0.0925007234 0.0000000000 -0.0000000000 -0.3098354060 0.3325982371 0.8824704290 0.0000000000 -1.1341628195 -0.7285260478 2.3863941657 -3.0991139962 
351030.0000000000 -1132913.8774639869 6092527.5189806325 1504632.4634818651 0.1138553493 11.3140434823 1.7844337671 0.7347158426 1.4169597052 2.1280603850 -0.3271317158 0.0000000000 0.0000000000 -0.1290150189 -1.0238696773 0.7733306757 0.0000000000 -3.0226791160 0.0669003721 0.0159839038 -2.5548122972 
351060.0000000000 -1132914.6785166161 6092528.9982652301 1504632.3654008445 0.0001882472 11.3140434823 -0.2934691138 0.1401408310 -0.2845733368 -0.7254664877 -0.2727783056 0.0000000000 -0.0000000000 -0.4543229625 1.1241872257 1.1824485973 0.0000000000 -0.9539533558 -0.1728744151 -1.0209175087 1.8044297016 
351090.0000000000 -1132914.2729610081 6092528.2982484298 1504633.6689896288 0.0000004603 11.3140434823 0.4652088016 0.1055631387 1.0280343578 1.8287821132 -0.0632144911 0.0000000000 -0.0000000000 0.6484888462 -0.7471826905 1.0748896969 0.0000000000 -2.0693942545 -0.7501370405 1.2592987214 -2.8241777246 
351120.0000000000 -1132915.6488481320 6092528.3197509488 1504633.5379758580 0.0850421787 11.3140434823 -0.7304930312 -0.0181798686 0.7155707777 0.5390235806 -0.2669035834 0.0000000000 -0.0000000000 1.0790774488 0.4961987112 0.6399522165 0.0000000000 -0.8624960725 -1.2663893941 1.0467206865 -1.4772999566 
351150.0000000000 -1132914.2719680725 6092527.1802967284 1504631.9052248038 0.0749252524 11.3140434823 -0.0121206301 -0.0911803005 0.2488663952 0.1863753678 0.3140536220 0.0000000000 -0.0000000000 1.0373319377 0.4320801711 0.4525617878 0.0000000000 -1.2465533323 -0.8737714853 0.6833228332 -1.2316242012 
351180.0000000000 -1132914.9170252837 6092527.3142704982 1504632.6165710783 0.0018713490 11.3140434823 0.0748255764 -0.1195726575 -0.4369405376 -0.1950873796 0.2347209435 0.0000000000 0.0000000000 0.3895589835 0.3467270772 0.8762679540 0.0000000000 -1.1155952547 -0.2126693657 0.1473747741 0.0352464155 
351210.0000000000 -1132912.9703266858 6092526.6588556301 1504632.0993862152 0.0040217144 11.3140434823 -0.1403107175 -0.3962811041 1.2141131835 1.8338850349 -0.6122849863 0.0000000000 0.0000000000 -0.3285230253 0.1868040507 0.9938385958 0.0000000000 -1.6060674521 0.1713226211 -0.5539829892 -0.7346128905 
351240.0000000000 -1132914.0350240038 6092529.3096052567 1504633.6553113854 0.0697169774 11.3140434823 0.5666556211 0.2245320460 -0.3034139652 0.6363671523 0.1871846792 0.0000000000 0.0000000000 -0.6892911710 -0.2159668608 1.1191903073 0.0000000000 -1.5578494559 0.4335495234 -0.2289382078 -0.0253680178 
351270.0000000000 -1132912.8962293698 6092527.3663271694 1504633.5683111076 0.0438605925 11.3140434823 1.4685144840 0.4944132676 0.8969655598 0.5147082041 -0.0980765913 0.0000000000 0.0000000000 -0.0152168009 -0.6198974158 -0.2482541573 0.0000000000 -1.1282687513 0.1237481977 -0.5208234573 -0.8852257196 
351300.0000000000 -1132914.2497647847 6092527.0448177652 1504633.3394910856 0.1542621681 11.3140434823 0.1134838466 0.6403494584 -0.3652665189 0.2706736001 0.0341352070 0.0000000000 0.0000000000 0.3318625084 -0.2070559183 0.5267502253 0.0000000000 -0.9345720731 -0.2592635151 0.9505796368 -1.0461391901 
351330.0000000000 -1132914.8454971113 6092528.5318741556 1504633.7295288381 0.0020416900 11.3140434823 0.1693811813 0.5201258391 0.0177590786 -0.9586128049 0.4287163866 0.0000000000 -0.0000000000 0.7334235119 0.7222556060 0.3802633484 0.0000000000 -0.9492847260 -1.3422358671 0.3948063790 -0.2511768723 
351360.0000000000 -1132915.4716115128 6092529.6456857994 1504632.4245502017 0.0232751566 11.3140434823 -1.6209326342 0.1034373395 0.0976401344 1.7180500892 -0.2404905361 0.0000000000 -0.0000000000 0.6389396116 1.5834559568 0.8638516612 0.0000000000 -2.0375297597 -0.3433213941 0.9570891923 -1.7405078902 
351390.0000000000 -1132914.9252561193 6092527.9684355799 1504632.6600950565 0.0005637943 11.3140434823 -0.2539307849 0.5294642482 0.4540458087 0.6018989965 -0.5300025007 0.0000000000 -0.0000000000 -0.3558932505 0.6515306178 1.3514966994 0.0000000000 -1.7234363367 -0.4185854558 -0.2364625763 -0.0262890279 
351420.0000000000 -1132914.3016637210 6092527.6482102824 1504632.1019958821 0.0000669132 11.3140434823 0.4378934931 0.0750143819 0.1194434168 -0.2391823631 -0.1504159502 0.0000000000 -0.0000000000 0.5682982990 0.0932735281 -0.0748886913 0.0000000000 -0.5198490595 -0.0290402224 -0.1586291334 -0.1737750738 
351450.0000000000 -1132915.0607637740 6092528.1997815417 1504633.3034550624 0.0101404619 11.3140434823 0.5420964926 0.8202720518 -0.0751013354 -0.0171436167 -0.0970499756 0.0000000000 -0.0000000000 1.4141670679 0.2839948081 0.0484746463 0.0000000000 -1.7112872530 -0.4516039693 0.8285180622 -1.6512711207 
351480.0000000000 -1132916.0159935215 6092528.0318992352 1504632.4486346622 0.0079454151 11.3140434823 0.3332130420 0.4620163565 0.0108862471 -0.2499602655 -0.4588356226 0.0000000000 -0.0000000000 0.6963921873 0.0320603867 0.9111794278 0.0000000000 -1.2493681557 -0.4465261228 0.2744754590 -0.3229803933 
351510.0000000000 -1132915.5278519336 6092527.7038965402 1504633.5577604405 0.1017920325 11.3140434823 0.3609141000 0.6175078949 -0.4109861735 -0.8957328336 0.2757083693 0.0000000000 0.0000000000 0.8275874499 0.2041280381 1.1965978392 0.0000000000 -1.4420331049 -1.2118459600 0.7744282379 -0.3545611110 
351540.0000000000 -1132915.1224365833 6092528.6911728187 1504633.4593636950 0.0198011510 11.3140434823 0.4306863326 1.5417988979 -0.8300555301 -1.0997856907 -0.6467018752 0.0000000000 0.0000000000 0.4253711706 -0.3352140860 1.8459712763 0.0000000000 -1.4766410702 -0.8460385478 0.9442161649 0.0505875062 
351570.0000000000 -1132914.1070377892 6092528.7750681918 1504633.0578721617 0.0342443677 11.3140434823 0.2465791371 0.9871747229 0.3199147064 0.3992203077 -0.0757099870 0.0000000000 0.0000000000 -0.0822848602 1.1201041259 0.7845969014 0.0000000000 -2.4704932682 -0.4007128959 -0.3296916109 -0.4974554047 
351600.0000000000 -1132913.7650830408 6092528.6891060667 1504633.0279427276 0.0411872964 11.3140434823 1.4738454279 0.7984530923 0.3469240468 0.2375957610 0.0362594458 0.0000000000 -0.0000000000 0.4431884308 0.0504925194 -0.1557955732 0.0000000000 -1.9939714917 0.2656969556 -0.4371864873 -0.9928486535 
351630.0000000000 -1132913.1604435430 6092529.1767450143 1504632.8673482791 0.1008326942 11.3140434823 3.1339828595 0.3011251443 2.0920966343 1.4203262412 0.1812912880 0.0000000000 0.0000000000 0.0080868185 -0.6068828873 0.0266101807 0.0000000000 -3.3422525793 0.4527597675 -1.8246789776 -1.4949228195 
351660.0000000000 -1132914.5121141169 6092528.9943726128 1504632.9179979709 0.0301537439 11.3140434823 1.8162374647 0.9077828925 0.2711392128 0.2354435556 -0.1059160272 0.0000000000 -0.0000000000 -0.0494342278 -0.8144136775 0.3081098291 0.0000000000 -1.6671666055 0.4227957410 -0.4023761532 -0.7124667860 
351690.0000000000 -1132915.8828403524 6092530.7572239283 1504634.1496534646 0.0123512091 11.3140434823 1.1763771147 0.2322947963 0.4213791949 -0.0988105748 0.1454477019 0.0000000000 -0.0000000000 0.3165908318 -0.2936467098 0.6192256755 0.0000000000 -1.4199256550 -0.3486402490 -0.2906803003 -0.3716978371 
351720.0000000000 -1132916.3484648238 6092529.3068713155 1504633.7891077909 0.0954958035 11.3140434823 1.5631482979 0.6671639718 -0.0020513937 -0.3105783207 0.5691034053 0.0000000000 -0.0000000000 0.5929276531 -1.5693943232 1.3113100242 0.0000000000 -1.3078591954 -1.1046859618 1.1151367564 -1.3194522833 
351750.0000000000 -1132914.4198389249 6092527.9535167133 1504632.6512553063 0.0579719582 11.3140434823 1.0508143758 -0.2282523577 0.3349054526 0.2225922271 -0.2732699406 0.0000000000 -0.0000000000 0.0783668905 -1.0341751138 1.0408702842 0.0000000000 -0.8140867721 0.1635374624 -0.3433587411 0.0133444603 
351780.0000000000 -1132914.6063177115 6092526.7453503022 1504632.9041133837 0.0255576924 11.3140434823 1.3229134745 1.3506185959 0.1129155434 -0.6993380462 0.1772336435 0.0000000000 -0.0000000000 -0.2489101906 0.2970707935 0.5355439873 0.0000000000 -1.8957435158 -0.4732832443 -0.4813588544 -0.0013397991 
351810.0000000000 -1132915.8946965099 6092529.4548223335 1504633.9458475891 0.0864646064 11.3140434823 -0.6278066914 0.4573513038 -0.7123598666 -0.3041545543 0.2915299926 0.0000000000 -0.0000000000 0.9938031771 1.0776677552 1.2602098443 0.0000000000 -1.8942741699 -1.0309080065 0.9868737884 -0.6364654515 
351840.0000000000 -1132915.6296559477 6092529.4620627621 1504633.5217237703 0.0205945829 11.1654816136 -0.4513738045 1.4784003687 -0.2614661469 0.0000000000 -0.0961248872 0.0000000000 0.0000000000 -0.6989584283 1.1956288723 1.6491664436 0.0000000000 -2.2783287502 -0.8410008928 0.1425032526 0.1144187325 
351870.0000000000 -1132915.3927773635 6092526.8180251373 1504633.0089472453 0.0071450967 11.1654816136 -1.7288204965 0.5920028421 -1.1094262476 0.0000000000 -0.8314667389 0.0000000000 0.0000000000 0.1932691198 1.5522419829 1.1540150728 0.0000000000 -1.1304169221 0.1453421774 0.4182895733 0.5132411961 
351900.0000000000 -1132915.7372610772 6092528.8659860408 1504633.3190797777 0.1137040559 11.3140434823 -0.3615469057 0.5241640495 0.5227095178 0.0000000000 -0.4419178272 0.0300949072 0.0000000000 0.4422390358 1.2158597627 0.7619783361 0.0000000000 -1.6776938108 -0.7734676733 -0.1545336168 -0.2115855019 
351930.0000000000 -1132915.4920654455 6092527.6072485000 1504633.6345847209 0.1383386064 11.3140434823 -0.5056449981 0.9079069649 -0.1543840109 0.0000000000 0.8515687623 0.6232356210 -0.0000000000 1.3497431007 -0.0433847278 0.4348673343 0.0000000000 -1.3737390704 -1.6877477863 1.8980920325 -2.3327509420 
351960.0000000000 -1132915.4141440773 6092528.3062985335 1504632.7423751892 0.0000337639 11.3140434823 -1.1257923333 0.3104764727 -0.5682653644 0.0000000000 0.7178216665 0.5422070664 0.0000000000 0.8116176210 1.2701764814 0.5904804494 0.0000000000 -1.7384711002 -0.9111009586 0.7237866634 -0.7864866337 
351990.0000000000 -1132914.9931534892 6092527.5714990823 1504632.3267441292 0.0000199390 11.3140434823 -1.9936796536 0.1607327319 -0.8890470509 0.0000000000 0.5229927805 1.4870173629 -0.0000000000 0.3911816847 -0.0580218607 1.1718708791 0.0000000000 -0.7567291853 -0.7764318780 0.9456665358 -0.3635988696 
352020.0000000000 -1132914.6321985284 6092527.2628090642 1504633.1787593663 0.0173318014 11.3140434823 -2.0276729616 0.0319871357 0.5635132826 0.0000000000 0.2069301502 2.5482810662 0.0000000000 1.4278469896 0.5648176033 0.5543991587 0.0000000000 -1.9556187980 -1.1404971351 -0.1269837647 -0.8918184193 
352050.0000000000 -1132913.7286453366 6092525.8380114753 1504631.8183918768 0.0214709043 11.3140434823 0.2252724424 0.2044556420 0.7553790687 0.0000000000 -0.0050514312 -0.8575872667 -0.0000000000 -0.2159888222 1.8456342240 0.9011588861 0.0000000000 -1.7475366501 -1.0507898269 -0.5296792386 0.3823814417 
352080.0000000000 -1132915.4448697688 6092528.4534639334 1504633.1649033008 0.0244350354 11.3140434823 0.4732775157 0.5539923572 0.4220082637 0.0000000000 -0.0038208787 -0.0435506781 0.0000000000 0.1363916212 -0.1993689673 1.2902724708 0.0000000000 -1.3690532548 -0.9581378129 0.3028906514 -0.5048667502 
352110.0000000000 -1132912.8420876476 6092527.2676558560 1504632.5780985372 0.0013621032 11.3140434823 0.8813770560 -0.5722714771 1.3893470627 0.0000000000 -0.4114494097 1.0400018700 0.0000000000 0.7439138029 -0.4432215187 0.4198574112 0.0000000000 -1.4693627829 0.0548377214 -1.5678204799 0.1083359918 
352140.0000000000 -1132915.5968500935 6092527.7594516277 1504633.2487885028 0.1573470030 11.3140434823 0.4544778131 0.4787144385 0.6270636818 0.0000000000 0.1255231796 0.0776041052 -0.0000000000 0.7914230996 -1.0911824912 0.8711696634 0.0000000000 -0.4791368371 -1.4313850854 1.2453073001 -1.5399450736 
352170.0000000000 -1132915.2945968874 6092528.4325413564 1504632.3694734394 0.1156110334 11.3140434823 -2.6734834390 -0.4187284505 0.3176634356 0.0000000000 -1.0602905236 0.8673919111 -0.0000000000 0.4435526020 1.3820884171 0.6561273650 0.0000000000 -0.1004663718 -0.5549559182 -0.2100711258 0.7956955454 
352200.0000000000 -1132915.3337855311 6092529.8096514186 1504633.3083310474 0.0006093133 11.3140434823 -0.0060239098 -0.3221603564 0.0251711314 0.0000000000 0.1296277471 -1.0848177968 -0.0000000000 1.1906333531 0.9404303069 0.4174831796 0.0000000000 -0.5496466677 -1.0635732949 1.0856060191 -0.8605059402 
352230.0000000000 -1132914.2632322635 6092528.8740967968 1504633.1863850565 0.0053390496 11.3140434823 0.6005458577 0.5462145730 0.6292361431 0.0000000000 0.3299989378 0.5537615574 0.0000000000 -0.4207789401 -0.8842199685 0.5336694893 0.0000000000 -0.5745201207 -0.6260891106 -0.1033055828 -0.3894149592 
352260.0000000000 -1132914.9496317720 6092528.4758336563 1504633.3140598601 0.0383848250 11.1654816136 0.0000000000 0.3435966710 0.6775472551 0.0000000000 0.4341669767 2.0059335549 0.0000000000 -0.1533380789 -0.9239021678 1.0766370494 0.0000000000 -1.8515650137 -0.4465353716 -0.9361995116 -0.0751873367 
352290.0000000000 -1132914.2959030189 6092527.0636976240 1504632.6747570499 0.0649255219 11.1654816136 0.0000000000 0.5029099255 0.0463615661 0.0000000000 0.0975448157 0.7054659863 -0.0000000000 0.5587965760 0.1278160053 0.3758300352 0.0000000000 -1.5279993094 -0.1707240797 -0.0569934298 -0.6270561577 
352320.0000000000 -1132914.4436049119 6092528.1139679234 1504632.3516901496 0.0535892795 11.1654816136 0.0000000000 0.6642337781 0.2519425528 0.0000000000 -0.1412917957 0.8943516454 -0.0000000000 -0.1215084906 0.3314925411 0.7804968669 0.0000000000 -1.9578816333 0.0326334451 -0.8354107216 0.1353454574 
352350.0000000000 -1132914.1881607948 6092528.9207856786 1504632.8201864797 0.0000195362 11.1654816136 0.0000000000 0.3446322695 1.0739462639 0.0000000000 -0.0774201447 1.1483055854 0.0000000000 0.1159672231 -0.3329580687 0.6543893180 0.0000000000 -1.2829788034 -0.6899347583 -0.5975871671 -0.3030299879 
352380.0000000000 -1132914.9238697102 6092528.6607069578 1504632.4619205461 0.2569116817 11.1654816136 0.0000000000 0.4839953011 0.9221054388 0.0000000000 -0.5048193822 1.2148007242 -0.0000000000 -0.0111648824 -0.1417138832 0.6363579505 0.0000000000 -1.5233961804 -0.0576719146 -1.0617444994 0.0855584785 
352410.0000000000 -1132914.4107133471 6092528.5171761513 1504632.3660900434 0.0143458960 11.1654816136 0.0000000000 -0.4720625109 1.0338783293 0.0000000000 -0.5830747970 0.5864917684 -0.0000000000 0.0810747640 0.2376886871 1.2587929894 0.0000000000 -1.3794901161 -0.3155112739 -1.2849325041 0.8354968952 
352440.0000000000 -1132915.2635363324 6092526.1719395230 1504632.4781771374 0.0009063115 11.1654816136 0.0000000000 0.7601601190 -0.5428564760 0.0000000000 -0.8980017542 -0.4934401388 0.0000000000 -0.0565580864 -0.6551229086 2.0754642156 0.0000000000 -0.7598074323 -0.1510543612 0.7048560520 0.0317185737 
352470.0000000000 -1132915.0577495112 6092530.0313242804 1504634.3290728743 0.0009119673 11.1654816136 0.0000000000 0.8833769789 0.1450391018 0.0000000000 1.0656662714 1.1195285380 -0.0000000000 -0.1325049693 -0.2589230202 0.3463777766 0.0000000000 -1.5098953991 -0.8504353675 0.1979311540 -0.9081217479 
352500.0000000000 -1132916.0091317322 6092529.7847317886 1504633.7312073291 0.0605667542 11.1654816136 0.0000000000 0.6906770141 0.3195830758 0.0000000000 0.4370154410 1.0282323155 -0.0000000000 0.0051649843 -0.7403970115 1.0230977607 0.0000000000 -1.3570670918 -0.8021460130 0.1617787828 -0.6680522629 
352530.0000000000 -1132914.6057164618 6092526.8235820392 1504633.0622788947 0.0001213907 11.1654816136 0.0000000000 1.4031992170 0.1176943783 0.0000000000 0.0273609939 0.8617054694 0.0000000000 0.0208906757 0.9150938129 0.8551319390 0.0000000000 -3.0027123496 -0.1768551057 -0.5599386698 -0.4416116105 
352560.0000000000 -1132914.9851755800 6092528.0506386394 1504633.6870439402 0.2769598434 11.1654816136 0.0000000000 0.7914410005 0.5744676391 0.0000000000 -0.3086190705 -0.8273624712 -0.0000000000 -1.1696412877 0.7505327472 0.6204807829 0.0000000000 -0.1011348064 -0.8193698107 -0.0209387146 0.4341063077 
352590.0000000000 -1132914.6466103822 6092528.6133878799 1504633.5295443442 0.0162458683 11.1654816136 0.0000000000 0.8232062306 -0.0624573164 0.0000000000 0.6954177300 0.8390913857 0.0000000000 -0.3079371934 0.7046247556 0.8542005866 0.0000000000 -2.5037081958 -0.3757106584 -0.5735567369 -0.0449490832 
352620.0000000000 -1132914.9748080953 6092527.9840717362 1504633.2554652398 0.0017710008 11.1654816136 0.0000000000 0.6386228841 0.0730600089 0.0000000000 -0.0982401600 0.7084452835 0.0000000000 -0.0390035201 1.0035110980 1.0829693641 0.0000000000 -2.7855201997 0.1275380852 -1.0787611701 0.3749284552 
352650.0000000000 -1132914.4948721197 6092528.0247504460 1504632.5730941487 0.0855685861 11.1654816136 0.0000000000 0.6380337317 0.2012486636 0.0000000000 -0.1500379007 0.1000719537 -0.0000000000 -0.8711068814 2.0733544085 1.0652355623 0.0000000000 -2.8437857613 0.1027902229 -1.6635226295 1.2854199379 
352680.0000000000 -1132914.2452550372 6092528.6990649123 1504633.3630376060 0.0073056476 11.1654816136 0.0000000000 0.4514666477 0.7956297349 0.0000000000 -0.6626980518 1.1580963191 0.0000000000 0.1983845399 0.2406530277 0.1965754769 0.0000000000 -1.6493599354 0.4541438809 -1.2325681266 0.0714286431 
352710.0000000000 -1132914.2511000386 6092526.5726482756 1504632.8187921369 0.1745282500 11.1654816136 0.0000000000 1.2793602258 0.2271625597 0.0000000000 0.0675059108 -0.0793501424 -0.0000000000 -0.7842673569 0.8352535132 0.4212900372 0.0000000000 -1.2584179038 -0.5004926984 -0.0874679715 -0.1466950306 
352740.0000000000 -1132914.9800839655 6092528.4531686669 1504633.6423594891 0.1219171046 11.1654816136 0.0000000000 1.7089917525 0.3546513136 0.0000000000 0.7546405294 0.8242043109 -0.0000000000 -0.1926569106 0.8293659734 -0.0071914878 0.0000000000 -2.3194911344 -0.7970705439 0.0974575552 -1.2168744202 
352770.0000000000 -1132915.7124039151 6092527.3734987034 1504633.7128306187 0.0351381204 11.0041300577 0.0000000000 0.4650360640 -0.0456034615 0.0000000000 0.4786063346 0.6184709219 0.0000000000 0.3171668336 0.1085249683 0.9849237848 0.0000000000 -1.9011793240 -0.5270683914 0.0000000000 -0.4499421203 
352800.0000000000 -1132915.0539737523 6092528.5643177489 1504633.2797989713 0.2426539140 11.1654816136 0.0000000000 0.5905540200 0.9743288842 0.0000000000 0.8853153454 0.5939200351 0.0000000000 -0.8433225019 1.2409126928 0.4432442484 0.0000000000 -2.0006295514 -1.2201482606 -0.8557012406 0.1980103564 
352830.0000000000 -1132915.0148025111 6092527.3221490141 1504633.7496155398 0.0129074614 11.1654816136 0.0000000000 1.5124433700 0.4749480584 0.0000000000 0.4939272612 0.9872353045 -0.0000000000 -0.0465960955 0.1233638574 0.2052470691 0.0000000000 -1.9081161640 -0.6990168153 0.1713650252 -1.2547752937 
352860.0000000000 -1132914.5953652277 6092528.3972713500 1504632.5609045385 0.0012911348 11.1654816136 0.0000000000 -0.2228965153 0.6449558124 0.0000000000 0.2681390194 1.4814777169 0.0000000000 -0.0373515464 -0.7583188310 0.9750582579 0.0000000000 -1.3688135258 -0.2150443417 -0.9888464724 0.3220362633 
352890.0000000000 -1132915.0597595943 6092528.6882592943 1504632.9835783723 0.2357485130 11.1654816136 0.0000000000 0.1159072137 0.9708227657 0.0000000000 0.0578971360 1.8883168575 0.0000000000 -0.6986198974 -0.5317244203 0.9352947524 0.0000000000 -1.7959918047 0.1103865502 -1.7937854151 0.8447480918 
352920.0000000000 -1132914.9036180631 6092529.9994764989 1504633.3651947514 0.0065836296 11.1654816136 0.0000000000 1.0571649225 0.3673726280 0.0000000000 0.5664802500 2.2092915953 -0.0000000000 -1.3576485064 -1.9796449490 1.1840552057 0.0000000000 -1.2047434218 0.0030766937 -0.8639135048 0.2052421442 
352950.0000000000 -1132915.5603557569 6092529.2587969312 1504633.5083187588 0.0022819436 11.1654816136 0.0000000000 0.3646274557 -0.0193269681 0.0000000000 0.6181482476 1.1976898844 0.0000000000 -0.6728786860 -0.0350628654 1.0243173626 0.0000000000 -1.9903313986 0.0069092114 -1.0660434025 0.6530630712 
352980.0000000000 -1132915.5557375194 6092528.8526643496 1504633.5999344452 0.0238964971 11.1654816136 0.0000000000 0.4826548202 0.3775584671 0.0000000000 0.3321193067 0.2755589731 -0.0000000000 -0.8151560266 1.0618964594 0.6681828313 0.0000000000 -1.7097726407 -0.4294128505 -0.9108305000 0.6567420566 
353010.0000000000 -1132915.1145465628 6092529.5645671571 1504633.8470128067 0.0803627715 11.1654816136 0.0000000000 0.7583639254 -0.0345199893 0.0000000000 0.2200923457 0.4558032779 0.0000000000 0.7559026709 -0.1240241137 0.8773644189 0.0000000000 -1.7376252802 -0.5265336928 0.5223248944 -1.1276875067 
353040.0000000000 -1132915.7295681844 6092527.9626091467 1504632.9903433195 0.0131344089 11.1654816136 0.0000000000 0.8717770688 0.2530942706 0.0000000000 -0.3563103015 0.1371193312 -0.0000000000 0.4587368277 -1.1167561922 1.6967687063 0.0000000000 -0.8950528476 -0.8215614293 0.9057105571 -1.1012519463 
353070.0000000000 -1132914.9368090592 6092528.3981799213 1504633.0132510851 0.0000800243 11.1654816136 0.0000000000 0.4753385514 0.4985640500 0.0000000000 0.1236403536 1.1434001844 -0.0000000000 0.4377634985 -1.2303008063 0.2774647254 0.0000000000 -0.5528657761 -0.2663896455 0.2410976699 -1.0546925632 
353100.0000000000 -1132915.7337074860 6092528.3634448973 1504633.6136887644 0.1263025866 11.1654816136 0.0000000000 0.6809373167 -0.6748601348 0.0000000000 0.7981978431 1.2768539623 -0.0000000000 0.5328917404 -1.5237042815 0.1307638684 0.0000000000 -0.7016591922 0.2013800159 0.6923976481 -1.2746855165 
353130.0000000000 -1132914.8237896124 6092528.7844264777 1504633.3953633104 0.0135936840 11.1654816136 0.0000000000 0.7443318682 0.4069295435 0.0000000000 0.3894799154 1.6065302191 0.0000000000 0.4016903108 -1.2148936070 0.6875659686 0.0000000000 -1.5586111543 -0.2561353401 -0.0100907468 -1.0732100054 
353160.0000000000 -1132914.2440768417 6092527.1514396025 1504633.4309074015 0.0010307012 11.1654816136 0.0000000000 -0.1694600480 1.6613198799 0.0000000000 0.4918615897 2.3134303031 -0.0000000000 -0.3650476707 -0.8691053629 0.1980753459 0.0000000000 -1.3298524328 -0.4374578482 -1.5210632651 0.1603895351 
353190.0000000000 -1132915.1353432126 6092527.9200549172 1504632.9754639941 0.0006027294 11.1654816136 0.0000000000 0.1631951219 -0.0446153896 0.0000000000 -0.2231071725 0.0819535941 -0.0000000000 0.6886387723 0.0964248665 0.7657825273 0.0000000000 -1.1522935931 -0.0782540648 0.0869943734 -0.3864234149 
353220.0000000000 -1132914.1678939669 6092525.1061101165 1504631.9930151138 0.1941791693 11.1654816136 0.0000000000 -0.0315648264 0.4373316738 0.0000000000 -0.6843622246 -0.1574908461 0.0000000000 0.8898823665 0.3610169908 -0.0137090529 0.0000000000 -0.3940814649 0.0289670952 0.0877891688 -0.5594267535 
353250.0000000000 -1132915.9333452818 6092528.4751933776 1504633.8665348520 0.1020093915 11.1654816136 0.0000000000 0.4462469731 0.1507015601 0.0000000000 0.1478626255 -0.0308979202 0.0000000000 0.6388903843 0.2488188981 0.3575241820 0.0000000000 -0.9590254086 -0.5931050144 0.5475310735 -0.9543468954 
353280.0000000000 -1132914.8314299760 6092526.8650256079 1504633.5985930739 0.0882075416 11.1654816136 0.0000000000 0.9632684404 0.7158519081 0.0000000000 0.1633629411 0.3387017347 -0.0000000000 0.1990699398 -0.2020512583 0.4523200169 0.0000000000 -0.9550791617 -0.9368559374 0.5693706758 -1.2819490457 
353310.0000000000 -1132914.6555340248 6092528.4588460000 1504633.2235411713 0.0321059798 11.1654816136 0.0000000000 0.2877724724 0.8146239512 0.0000000000 0.3501109847 1.8465617899 -0.0000000000 -0.1573208035 -1.0344256669 0.8143431133 0.0000000000 -1.6348554648 -0.1436748675 -0.9280423983 -0.0993907136 
353340.0000000000 -1132914.5482035619 6092525.6089756722 1504632.7214200883 0.0476099420 11.1654816136 0.0000000000 -0.0232194136 0.4783631243 0.0000000000 -0.2465393952 -0.4982430300 0.0000000000 0.2895770371 0.2935786788 0.9236748480 0.0000000000 -0.4879755603 -0.8296427021 0.2431204345 -0.1848377355 
353370.0000000000 -1132915.1596194049 6092527.7690789253 1504634.2164386415 0.1986024308 11.1654816136 0.0000000000 0.4041778431 0.4777251794 0.0000000000 0.0760906793 1.5250170429 -0.0000000000 0.5823481929 -0.3493003035 0.4699294546 0.0000000000 -2.0967254517 0.2480100678 -0.7029560565 -0.5513266231 
353400.0000000000 -1132915.5038601703 6092526.6903147874 1504633.5047945827 0.0661544753 11.1654816136 0.0000000000 0.6499881457 0.2286585788 0.0000000000 0.1028574581 -0.7054443207 0.0000000000 0.0074790560 0.3450797629 1.5608505422 0.0000000000 -1.1004402068 -1.2983657924 0.6600464809 -0.4926280914 
353430.0000000000 -1132915.5003973634 6092527.5226244796 1504633.5687240625 0.0308820409 11.1654816136 0.0000000000 0.4121636161 -0.2103124261 0.0000000000 0.6338797269 0.0117555918 0.0000000000 -0.3140980993 1.3770857753 0.7380653935 0.0000000000 -2.1264886327 -0.4585292696 -0.5285952383 0.4496810269 
353460.0000000000 -1132914.4979388632 6092526.5763559854 1504634.2612701098 0.1373371534 11.1654816136 0.0000000000 0.5130002875 1.2840705567 0.0000000000 0.7586806058 1.6230047771 -0.0000000000 0.3346451808 0.1536589945 -0.4787263328 0.0000000000 -1.8065250376 -0.7148060142 -0.4248086912 -1.1486389593 
353490.0000000000 -1132914.8162607325 6092528.5524656661 1504633.8074484114 0.1509033983 11.1654816136 0.0000000000 0.5556491293 0.2309923476 0.0000000000 0.4596998716 0.1439187963 -0.0000000000 0.5034760581 1.0102240819 0.3441332300 0.0000000000 -1.9181002388 -0.6904838533 0.1175328265 -0.7564408732 
353520.0000000000 -1132914.4403591882 6092529.1150327725 1504633.3017309946 0.1054355500 11.1654816136 0.0000000000 0.0735023831 1.2741539796 0.0000000000 0.3836037048 1.4829130251 0.0000000000 -0.4363404975 0.1714305777 0.4828484110 0.0000000000 -1.8973449498 -0.4846128010 -1.3583111414 0.3712309343 
353550.0000000000 -1132914.5731520245 6092527.5654959790 1504633.3959902939 0.0261929233 11.1654816136 0.0000000000 0.5645045003 0.7887890989 0.0000000000 0.2185119441 0.6978952568 -0.0000000000 0.1699086419 -0.3798828237 0.3806986730 0.0000000000 -0.9575689711 -0.6362847572 0.1142835867 -0.9157539097 
353580.0000000000 -1132915.1670146822 6092527.2306213761 1504633.5102297801 0.8273542802 11.1654816136 0.0000000000 1.4104887611 0.3190776912 0.0000000000 0.3641569143 0.3248268433 0.0000000000 0.0974641406 0.0416239827 1.2655340847 0.0000000000 -2.1630048736 -0.8609438178 0.4421570182 -1.2169356203 
353610.0000000000 -1132915.4411409353 6092529.7994513372 1504633.2404830793 0.1506111295 11.3140434823 0.0000000000 0.8764077210 0.3580095157 0.0000000000 -0.1276019700 -0.6925455015 -0.0000000000 -0.2156878986 0.4524467632 1.0907439564 1.6101157284 -1.6788511154 -0.1645625255 -1.3276672601 0.1447764339 
353640.0000000000 -1132916.2051681199 6092529.0569499144 1504634.5575964346 0.1983951429 11.3140434823 0.0000000000 1.6679674292 0.5350991014 0.0000000000 0.2479261764 0.5959917574 0.0000000000 0.5498687232 -0.2148057520 0.4376662498 0.4681129870 -2.0780271332 -0.3774741333 0.2922379310 -1.9685406081 
353670.0000000000 -1132915.2085868919 6092528.5399103928 1504633.8784528845 0.0008534809 11.3140434823 0.0000000000 0.6343501187 0.2797590218 0.0000000000 0.9304258645 2.5705848165 -0.0000000000 -0.6427332868 -0.2298335617 1.2479726959 -1.5062535658 -3.0151393036 -0.3092334914 -0.3331800425 0.1607509051 
353700.0000000000 -1132916.0910134483 6092527.8439807976 1504633.7095271107 0.0540167081 11.3140434823 0.0000000000 -0.2108638394 1.2830854309 0.0000000000 0.4152288631 1.1523488955 -0.0000000000 -0.7126311570 0.2889025230 1.0873295356 -0.7994759581 -1.4711940103 -1.2238651870 -0.5793481587 0.6254294890 
353730.0000000000 -1132915.9218222725 6092526.0921645882 1504633.4396165023 0.0038689791 11.3140434823 0.0000000000 2.1403218069 0.9699287525 0.0000000000 -0.0828708296 0.2842791174 -0.0000000000 -0.8554368592 1.1988651933 1.1573294358 -0.6830175937 -2.6297217283 -1.0071208982 0.3526960454 -1.0167227255 
353760.0000000000 -1132915.8881943722 6092529.4502598187 1504633.6947032313 0.2454341130 11.3140434823 0.0000000000 0.8747887778 -0.8154090914 0.0000000000 0.5621852913 1.9320707004 0.0000000000 -0.3928465575 -1.4562124415 1.0867013675 -0.8566841552 -1.7081524328 0.7901319238 0.0166222964 -0.1018116351 
353790.0000000000 -1132914.6058332603 6092527.5565358773 1504633.0912180834 0.0022374846 11.3140434823 0.0000000000 0.3886387564 0.9810563450 0.0000000000 0.0408029965 2.0753062356 0.0000000000 1.2187090790 -0.7652560704 0.4735443529 -1.2263436237 -1.9327698433 -0.3301429060 0.7749771616 -1.8595859398 
353820.0000000000 -1132914.8954017479 6092529.2678656764 1504633.7426017821 0.3159569286 11.3140434823 0.0000000000 -0.1798045777 0.4518295826 0.0000000000 0.5131439576 2.0907272339 -0.0000000000 0.5087705534 -0.0089263335 0.9696998560 -2.0150499086 -2.1926767738 -0.6879196721 0.6872477561 -0.4847279628 
353850.0000000000 -1132914.9332358604 6092528.8724120902 1504632.8685558292 0.2591539543 11.3140434823 0.0000000000 -0.1743179133 1.7665865601 0.0000000000 0.1300973839 1.8014354529 -0.0000000000 -0.1154918946 0.2574707378 0.3120433474 -1.2376926432 -1.4755487191 -1.0030837407 -0.1790472134 -0.2870418686 
353880.0000000000 -1132915.0111059288 6092528.5405977508 1504633.6433652567 0.0395076312 11.3140434823 0.0000000000 0.7316544328 1.0194922798 0.0000000000 0.3494026991 -0.0437177653 0.0000000000 0.1660351914 0.3673909338 0.1525121809 2.1143684029 -1.9581229611 -0.2092749997 -1.8329013393 -0.3950699950 
353910.0000000000 -1132915.0454537740 6092527.0558697684 1504633.4500685281 0.1604745133 11.3140434823 0.0000000000 0.9574221502 0.4708695672 0.0000000000 -0.0497328568 0.4420982112 0.0000000000 -0.9245023056 -0.2425786221 1.0241250644 0.3514397949 -1.3636957866 0.0518537364 -0.9611116101 0.3293902249 
353940.0000000000 -1132914.4792311043 6092527.0350331254 1504633.1080880838 0.0724476908 11.3140434823 0.0000000000 1.6325234868 0.6724719212 0.0000000000 -0.3448635354 0.7640486386 -0.0000000000 -0.7670798139 0.4563368707 0.6270474316 -0.4379478717 -2.0029561037 0.1624975953 -0.3116796186 -0.5308849837 
353970.0000000000 -1132914.5808476114 6092529.2015659735 1504632.9384649433 0.1686301811 11.3140434823 0.0000000000 0.0662972058 0.6236224250 0.0000000000 -0.0126804253 0.9184182108 -0.0000000000 -0.1340533902 -0.7628571173 0.5291062287 0.4579265681 -0.9284584007 0.2583541379 -1.1035230636 0.2281637618 
354000.0000000000 -1132914.5485138616 6092528.0178293912 1504632.5646019601 0.0000600514 11.3140434823 0.0000000000 -0.3295077694 0.7006708004 0.0000000000 -0.0670535056 1.2706021570 0.0000000000 0.3858818747 0.4670575265 0.8562637513 -1.1123923439 -1.8962289858 -0.3766424239 -0.1965846474 0.0977403164 
354030.0000000000 -1132915.4669795702 6092529.9198523210 1504633.3594763486 0.1697770416 11.3140434823 0.0000000000 0.4402242652 0.1237270581 0.0000000000 0.1762538721 -0.3284210198 -0.0000000000 0.2190237516 0.9121998529 0.7147556599 0.5578300154 -1.7687112602 -0.3303236770 -0.5869357230 -0.0404398681 
354060.0000000000 -1132915.3695342091 6092528.2356357956 1504633.3980027279 0.0677322184 11.3140434823 0.0000000000 0.1791644948 0.1692762019 0.0000000000 0.1711392496 0.9573203544 0.0000000000 0.4216726770 -0.5809887510 0.4627864886 0.1423441381 -1.3245646916 0.3150535225 -0.5037630057 -0.3279403877 
354090.0000000000 -1132914.2365557940 6092527.2544771265 1504633.0850310475 0.1378885130 11.3140434823 0.0000000000 1.4227798128 0.7959720605 0.0000000000 0.0547714320 0.0694272658 0.0000000000 -0.5730745986 0.8574668914 0.9760082594 -0.3754985679 -1.9130373942 -0.8452359590 0.2135914603 -0.7742011464 
354120.0000000000 -1132914.3048082672 6092529.3180814581 1504633.3260494154 0.2691210290 11.3140434823 0.0000000000 0.2793302750 0.4535807457 0.0000000000 0.1324952156 1.4699250039 -0.0000000000 -0.0339830358 -0.3849721063 0.2797386195 -0.5397563886 -1.3643164688 0.2431726221 -0.3503881625 -0.2283905306 
354150.0000000000 -1132914.1278869521 6092527.9862933103 1504632.6763597480 0.0166388837 11.3140434823 0.0000000000 0.4140443076 0.8551708498 0.0000000000 -0.2986290543 0.8685837172 0.0000000000 -1.4739630229 0.5665955836 0.1678571446 -1.4486766878 -0.2406067971 -0.3757472429 0.0797491248 0.6003211086 
354180.0000000000 -1132914.7339646821 6092529.2131220009 1504633.8454581208 0.0045964731 11.3140434823 0.0000000000 1.4516086320 0.2822238627 0.0000000000 0.0776141805 0.0498431470 -0.0000000000 -0.6939829827 1.3270012364 0.6527940413 0.7665379803 -2.8393806180 0.2682765036 -1.4589035835 0.2485643206 
354210.0000000000 -1132915.6054789673 6092530.1601026542 1504634.3374748160 0.2620423153 11.3140434823 0.0000000000 -0.1689671455 -0.0387609439 0.0000000000 0.3866650389 1.1830170487 -0.0000000000 -0.6618411897 0.1691653833 1.1626259085 -1.1753834090 -1.4980009108 -0.3123840560 -0.3281676051 1.0815128299 
354240.0000000000 -1132914.8217508248 6092529.3353468468 1504632.8031440843 0.3268123290 11.3140434823 0.0000000000 0.4296347348 0.6489758642 0.0000000000 -0.2237449701 1.2062995642 0.0000000000 -0.7300329038 -0.3434438645 1.1873190026 0.0230889606 -1.9547984495 0.4910199511 -1.5724562543 0.8701734144 
354270.0000000000 -1132915.8388916673 6092529.2640246507 1504633.8432480390 0.0019476160 11.3140434823 0.0000000000 0.7990517978 -0.2871094968 0.0000000000 0.9541454012 0.5499246332 -0.0000000000 -0.8989157035 -0.5905993377 0.3652976249 0.3070075061 -0.7715423389 -0.1012472748 -0.3818621184 0.1615987608 
354300.0000000000 -1132915.1327424585 6092529.6604444757 1504633.7887876939 0.2157656356 11.3140434823 0.0000000000 1.0982334153 0.7766086683 0.0000000000 0.2385763536 0.9612566455 0.0000000000 -1.0547490326 -0.4677937778 0.3392899793 -0.3911291843 -0.7949766254 -0.2107897177 -0.0686250402 -0.4560626442 
354330.0000000000 -1132915.1587404204 6092527.6252872748 1504633.6170435117 0.0366511435 11.3140434823 0.0000000000 0.0539413237 0.5302855689 0.0000000000 -0.1101099869 1.6575017318 0.0000000000 -0.0951298085 -0.9356361241 1.0241757869 -0.7984727338 -1.3814062863 0.3134596277 -0.4527005226 0.1022891438 
354360.0000000000 -1132915.7275036315 6092527.7314374372 1504633.8449694999 0.0934666698 11.3140434823 0.0000000000 1.1528337295 1.8475187065 0.0000000000 -0.3174395236 -0.8801226454 0.0000000000 -0.5651235784 -0.7913664033 0.3965063907 1.6943288737 0.2944108312 -0.6955119193 -0.6456270571 -1.1990831143 
354390.0000000000 -1132914.4632273579 6092528.9903575238 1504634.0813113945 0.0047645565 11.3140434823 0.0000000000 0.3879720476 0.9028083750 0.0000000000 0.7304114260 2.8673619210 0.0000000000 -0.4544662408 -0.8525407436 0.1509061278 -0.7054635733 -2.2733358676 0.2924100375 -0.8899185571 -0.1571396323 
354420.0000000000 -1132914.5906363579 6092527.1579370331 1504632.7145264384 0.0001018237 11.3140434823 0.0000000000 0.3873362475 0.8678476047 0.0000000000 -0.3646169550 0.1452674822 -0.0000000000 0.0650179482 -0.3042051687 0.8183460047 0.0225071314 -0.7109039928 -0.2237088766 -0.1529654395 -0.5497423022 
354450.0000000000 -1132915.1157232858 6092531.5284027159 1504633.4039478265 0.0364339450 11.3140434823 0.0000000000 0.8020766696 0.1767319561 0.0000000000 0.9807277527 0.6727833854 0.0000000000 0.2955278963 0.2942137182 -0.0871566496 0.3950315576 -1.9464332365 -0.2968416528 -0.1695375273 -0.9914677813 
354480.0000000000 -1132914.6700280241 6092528.1070856322 1504633.0356377356 0.0253684048 11.3140434823 0.0000000000 1.1375491961 1.0625988286 0.0000000000 0.2621482093 2.6953395942 0.0000000000 -0.9367725759 -1.3539069648 1.0991655293 -1.3648770448 -2.1565948474 0.2560055482 -0.2028482589 -0.6352426925 
354510.0000000000 -1132915.6292019493 6092530.2467014249 1504633.4653866498 0.0313746706 11.3140434823 0.0000000000 1.3359947238 0.5887128472 0.0000000000 0.0964470194 1.0262553521 -0.0000000000 -1.2640935632 0.1642189185 0.9018848476 -1.1548522539 -1.5606573971 -0.2322725487 0.1839953513 -0.2654226567 
354540.0000000000 -1132915.0379227689 6092530.2622702019 1504634.1036814828 0.0042453860 11.3140434823 0.0000000000 0.7659547068 0.8503187641 0.0000000000 0.7135740410 2.0861656975 -0.0000000000 -0.5369405470 -0.3932960166 0.1897117418 -0.1111260199 -2.4173912025 0.2161920197 -1.0524295874 -0.2373837613 
354570.0000000000 -1132915.3770130491 6092529.7792028021 1504633.9318429453 0.1836778005 11.3140434823 0.0000000000 0.2676993332 0.9384971546 0.0000000000 0.3659638421 1.1594688903 0.0000000000 -0.5360677044 -0.3612485889 0.1989870698 0.0838767153 -1.1161563610 -0.1676329552 -0.8246212721 0.0537098551 
354600.0000000000 -1132915.8614574412 6092529.9572107540 1504634.2103731320 0.0042148800 11.3140434823 0.0000000000 0.2000623737 0.7264720229 0.0000000000 0.6540197100 0.9443838219 -0.0000000000 1.5636727648 -0.5278766454 -0.0531377805 0.9934069952 -2.0954134234 0.0619920134 -0.5327883561 -1.6917046870 
354630.0000000000 -1132915.7796975463 6092529.3015998928 1504633.6421068565 0.2100978998 11.3140434823 0.0000000000 0.4592029113 0.2009995446 0.0000000000 0.0699062965 1.3393702965 -0.0000000000 -0.1277852293 -0.0962864368 0.4801206360 -1.3182832425 -1.2754654698 0.0966007447 0.5072237310 -0.5151642866 
354660.0000000000 -1132915.1551077368 6092527.8705359809 1504633.0793393222 0.3392588816 11.3140434823 0.0000000000 0.3245191542 0.0475368261 0.0000000000 -0.0254241621 -0.3357726782 0.0000000000 0.1880920752 0.3194312251 0.9795884090 0.3161140068 -1.2655013990 -0.1146001410 -0.4613271029 0.0569170596 
354690.0000000000 -1132916.0271624811 6092528.7966946550 1504633.9417285672 0.0307370355 11.3140434823 0.0000000000 -0.1211844421 0.4185297062 0.0000000000 0.6740982436 1.2809878704 0.0000000000 0.2748835108 0.0365399317 0.4245410814 -0.4707961025 -1.7222579523 -0.4507124559 -0.1907410042 -0.1802913028 
354720.0000000000 -1132914.7857253205 6092527.9847406792 1504633.0953835342 0.0732776109 11.3140434823 0.0000000000 0.2530455342 0.7313663117 0.0000000000 0.1192563080 0.8507348689 0.0000000000 0.7347604742 -1.1432120210 1.1606331969 0.7672077891 -1.9721367184 0.3890541075 -1.1364146442 -0.5890317192 
354750.0000000000 -1132914.5390647508 6092528.8355107186 1504633.6967330715 0.0019687407 11.3140434823 0.0000000000 0.8713402369 0.3495853017 0.0000000000 0.8548854610 2.2338432266 -0.0000000000 -1.7883913517 -0.1375424625 -0.1484297759 -0.5070466163 -1.8671558313 0.3957514843 -1.2290384845 0.9737298740 
354780.0000000000 -1132914.8202580800 6092531.0641111964 1504633.0068714037 0.2308528359 11.3140434823 0.0000000000 0.2513998118 0.3403972376 0.0000000000 0.9502033813 2.9947314969 -0.0000000000 -0.2895438643 -0.6913505468 0.0278338316 -0.8458671488 -2.5476686773 0.5224007234 -0.7770903589 0.0501318124 
354810.0000000000 -1132916.6846249523 6092531.3093894292 1504634.7669697027 0.1844350146 11.3140434823 0.0000000000 0.0768600367 0.0272765647 0.0000000000 0.7324411879 0.8858951738 0.0000000000 0.7476589875 -0.7134863454 1.1848933269 0.9973267378 -2.6888845129 0.3485007856 -1.5967929469 0.1988613138 
354840.0000000000 -1132915.9078509163 6092528.3162580114 1504633.8128858753 0.0728231368 11.3140434823 0.0000000000 0.2743755619 -0.0755343052 0.0000000000 0.3240280299 -0.7985478453 0.0000000000 -0.6307450797 -0.2385473068 0.7492891431 1.1613855157 -0.2082473125 -0.2230749052 -1.1175704344 0.9362876726 
354870.0000000000 -1132915.9211084561 6092526.8363760849 1504632.9741529580 0.0499036245 11.3140434823 0.0000000000 0.8878323057 -0.2259621370 0.0000000000 -0.5059076484 -0.5491554918 -0.0000000000 0.0810111868 1.7970044146 0.5829527964 -0.8320538170 -1.5261306526 0.0029577573 0.5833597417 -0.4699268385 
354900.0000000000 -1132915.7765103914 6092528.7533084452 1504633.3130781949 0.0246866233 11.3140434823 0.0000000000 -1.3816885168 0.3428912784 0.0000000000 0.3770041891 1.5481872018 0.0000000000 -0.8110279216 -0.6570144328 2.4731899027 -1.6261109818 -1.0947993878 -1.1995526083 -0.6768019716 2.4588786666 
354930.0000000000 -1132913.7449978371 6092528.5336830607 1504634.1281594352 0.0077733612 11.3140434823 0.0000000000 -0.2886061731 1.1983682858 0.0000000000 0.8701269590 4.5534536294 0.0000000000 -1.5363914056 -0.9835677302 0.1180243884 -2.0190600580 -2.3930289677 0.1910686083 -1.0752255695 1.2036523173 
354960.0000000000 -1132914.6805031789 6092528.7083461164 1504634.0277610095 0.0310625209 11.3140434823 0.0000000000 -0.1539268495 0.8618549538 0.0000000000 0.6116934696 1.1881560616 -0.0000000000 0.2138724544 -0.3850929785 1.0448128357 0.9788488821 -2.7600031266 -0.0026951659 -2.1435671162 0.7300460610 
354990.0000000000 -1132915.4983348502 6092528.6455196096 1504633.5106709574 0.0243534708 11.3140434823 0.0000000000 1.9736246591 -0.4645843830 0.0000000000 0.4216010590 -1.7796173651 0.0000000000 -0.8475457432 1.7292981539 0.5668131652 0.3651393506 -1.1475421747 -0.6300719460 0.4550636329 -0.6425106125 
355020.0000000000 -1132915.9837421668 6092526.4021403845 1504634.6691100874 0.1434692435 11.1654816136 0.0000000000 0.0000000000 -0.5264121310 0.0000000000 0.6585736797 -1.1529275674 -0.0000000000 0.0107618614 0.9793465835 0.7601003740 0.8069602889 -0.8937514659 -0.8902985732 -0.5963648540 0.9189258674 
355050.0000000000 -1132915.2748951626 6092530.5713566020 1504634.7757851812 0.1565621406 11.3140434823 0.0000000000 -0.0321277713 0.1413111197 0.0000000000 1.2295257969 2.4868818971 0.0000000000 -0.3824668240 -0.7651722141 -0.2455658353 -0.7688396539 -1.4937816715 -0.0495132474 -0.2344931020 0.1051612614 
355080.0000000000 -1132915.0113854066 6092530.6666948721 1504634.2230249147 0.0430807590 11.3140434823 0.0000000000 0.3949264022 0.1845793573 0.0000000000 1.1060602062 2.1281570865 0.0000000000 0.0359321820 -0.4924923524 0.0225780286 -0.6569880975 -2.1062422722 0.0536967900 -0.0536681809 -0.6183422194 
355110.0000000000 -1132915.5313674002 6092527.0284925653 1504633.0705726701 0.0000039577 11.3140434823 0.0000000000 0.5597761679 -0.2686400257 0.0000000000 0.4448860564 -1.6789637154 0.0000000000 0.3816622643 0.8581969034 1.1521736045 0.7953132526 -0.9865452299 -0.9114273838 -0.0331229664 -0.2536355463 
355140.0000000000 -1132916.0637053698 6092529.8366781725 1504634.1364925704 0.1116178863 11.3140434823 0.0000000000 -0.0743266678 -0.8993262153 0.0000000000 0.9540786034 -0.0042742720 -0.0000000000 0.4499407252 -0.3954123920 -0.3309640190 0.6391277468 -0.1718810616 -0.0221924121 -0.0833628500 0.0547350967 
355170.0000000000 -1132914.5600013041 6092529.7642008346 1504633.4905819616 0.2520231491 11.3140434823 0.0000000000 0.6243431819 -0.3500862276 0.0000000000 0.6930127285 1.3373792220 0.0000000000 -1.2890955539 -0.7914526529 0.5160068971 -0.2151040744 -1.1650703842 0.4987781667 -1.0077985452 1.1628830694 
355200.0000000000 -1132915.0178585795 6092528.8484417927 1504632.8545214396 0.0017228075 11.3140434823 0.0000000000 1.2447724273 0.0804626162 0.0000000000 0.2262908699 0.2182911742 -0.0000000000 0.0731888972 -0.0604670178 1.1900454551 -0.3515418899 -1.9674643551 0.2600567298 0.1433055318 -1.0921089112 
355230.0000000000 -1132915.6225457070 6092530.3683378696 1504634.0791113202 0.0129537349 11.3140434823 0.0000000000 0.9287479616 -0.0417874989 0.0000000000 1.2077940109 -0.1333950701 -0.0000000000 0.0738548418 -1.1408462527 1.3893269563 0.8111190364 -1.5042402475 -0.3534930789 -0.4718868852 -0.6329197971 
355260.0000000000 -1132915.6891991713 6092531.5456904657 1504634.2921470157 0.2285863983 11.3140434823 0.0000000000 0.2945590662 -0.1024824112 0.0000000000 1.0677939514 1.5049783755 -0.0000000000 0.0057652350 -0.2848025396 1.0125348725 -1.1922314178 -1.9859696888 -0.5318633882 0.4663652455 -0.3600023084 
355290.0000000000 -1132915.9540606295 6092531.0818202617 1504634.0957083402 0.1721706391 11.3140434823 0.0000000000 0.1789517059 -0.1760869075 0.0000000000 1.0299187574 0.5946585146 -0.0000000000 0.0332355886 -0.6288763072 1.7325680635 -0.5985731069 -1.5969056763 -0.7878078443 0.0867662474 0.0725560015 
355320.0000000000 -1132914.8582187307 6092530.8496089121 1504633.7859188272 0.0382193164 11.3140434823 0.0000000000 0.7661788354 -0.0160041236 0.0000000000 1.2488225582 0.7607190415 0.0000000000 -0.4930800688 -0.7278419580 0.7594285118 0.3214486650 -1.6759405665 -0.2276522727 -0.6768701195 0.0458937737 
355350.0000000000 -1132915.8882407642 6092530.9085422745 1504633.9430687225 0.0038648160 11.3140434823 0.0000000000 1.4735335246 -0.2265398796 0.0000000000 1.3330691702 0.2092808448 -0.0000000000 0.2374798312 0.0085819623 0.7026500430 0.8503030381 -2.9240563170 0.1222366997 -0.7003576694 -0.9361703883 
355380.0000000000 -1132915.6698723140 6092531.5907192221 1504634.1939572978 0.0285266561 11.3140434823 0.0000000000 0.9292127283 -0.5448554207 0.0000000000 1.0323970417 -1.0950744397 -0.0000000000 -0.1740618357 -0.2267155035 0.9591172149 2.0412514228 -1.6560074425 0.0156077197 -1.8596050861 0.8221846494 
355410.0000000000 -1132913.8723460734 6092527.9693755731 1504633.3006896020 0.0121515386 11.3140434823 0.0000000000 -0.6537154040 -0.0357655280 0.0000000000 0.0622709120 1.2680627118 0.0000000000 -0.2019214051 0.1560785404 0.4659754643 -0.7311793045 -1.0574910814 -0.0572654865 -0.6122758378 1.3184867938 
355440.0000000000 -1132915.6168806020 6092530.7979130875 1504633.7209493865 0.0152718744 11.3140434823 0.0000000000 1.0452675345 -0.7526504267 0.0000000000 1.4423395967 0.5362134915 -0.0000000000 -0.3041464733 -0.4532662834 0.3308426880 -0.2009072343 -1.2328198504 -0.2078451123 0.4090895607 -0.5877531262 
355470.0000000000 -1132914.9954303161 6092529.7274174979 1504633.5558288100 0.0236073859 11.3140434823 0.0000000000 0.4955447695 -0.5725483113 0.0000000000 0.9548929364 1.6671439903 0.0000000000 -0.8439201897 0.8881593210 0.2409779161 -1.2973544569 -2.1881899425 -0.2873046565 0.0364145433 0.7938042999 
355500.0000000000 -1132915.1461561096 6092527.6603358677 1504633.0978691378 0.0663531159 11.3140434823 0.0000000000 0.5415720909 0.1130033473 0.0000000000 0.1768069980 0.4381678784 0.0000000000 0.1885013746 0.2030679383 1.0222189880 -0.9929871695 -1.4213200690 -0.1318769363 0.6179444281 -0.8628049485 
355530.0000000000 -1132914.9990106835 6092529.4572885716 1504633.3748706875 0.1305409965 11.3140434823 0.0000000000 -0.2728983959 -0.5886445037 0.0000000000 1.1098200328 1.8354316463 0.0000000000 0.0277750107 -0.0008767229 -0.2311348274 -0.4644900868 -1.7219701112 -0.0826331067 -0.3858539180 0.7792104506 
355560.0000000000 -1132915.7092705413 6092529.8873573812 1504633.7426029670 0.0002060752 11.3140434823 0.0000000000 1.2349500603 0.1801164807 0.0000000000 0.4357681371 0.9897307280 -0.0000000000 -0.5983790493 -0.3771123654 0.2477035496 0.2828441549 -2.0271822238 0.9612308058 -1.0313756125 -0.2215466654 
355590.0000000000 -1132915.5629066336 6092529.5470084511 1504633.4179055756 0.0000159006 11.3140434823 0.0000000000 1.3609133622 0.4973086678 0.0000000000 0.2618431407 0.5758685127 0.0000000000 -0.2267603420 -0.3340477337 1.3999664177 -0.6812269624 -2.1104743287 0.4166848077 0.0794410888 -1.2920201437 
355620.0000000000 -1132915.8914154703 6092530.3544343356 1504633.5848035531 0.0639692628 11.3140434823 0.0000000000 1.1672639445 -0.3236117333 0.0000000000 1.1985305343 -0.2986331576 0.0000000000 0.2312198246 0.4045668535 1.3522854062 0.1302325852 -2.5351916642 -0.5022489281 -0.1225987880 -0.6742176965 
355650.0000000000 -1132914.0519891928 6092528.4181395564 1504633.3117079441 0.0225494244 11.3140434823 0.0000000000 1.0447872047 -0.4448954939 0.0000000000 1.1103290588 1.2347670804 -0.0000000000 -0.4225337318 0.3816758943 0.3248682315 0.1053741780 -3.0391817577 0.3956378027 -1.0729188019 0.4432847282 
355680.0000000000 -1132916.1563713839 6092529.5057315165 1504633.5969057842 0.0585170895 11.3140434823 0.0000000000 1.1285903150 -0.2701230126 0.0000000000 1.0169446356 -0.9121882047 0.0000000000 0.3504552216 0.9895852383 -0.6936759026 1.1336272634 -1.1382134156 -0.3336719624 0.0947640176 -1.2228653070 
355710.0000000000 -1132916.2168929013 6092531.7347029550 1504633.6242489209 0.0217843768 11.3140434823 0.0000000000 1.2875683158 -0.1048363916 0.0000000000 1.5414801919 0.0026709324 0.0000000000 0.2815495827 -0.1431813221 -0.3291603905 1.5487974820 -2.1367553022 0.1407928116 -0.8754842172 -0.9936441370 
355740.0000000000 -1132915.5250342104 6092530.4844414275 1504633.0051631012 0.0819559557 11.3140434823 0.0000000000 0.8064294866 -0.6300497292 0.0000000000 0.5358043496 -1.1331811051 0.0000000000 0.9310709861 1.2844794803 0.7918624721 0.3368564180 -1.9578140383 -0.2996874246 0.1434300569 -0.7876794863 
355770.0000000000 -1132915.6447615633 6092529.3825452654 1504633.6790465789 0.0086189899 11.3140434823 0.0000000000 0.0958880574 -0.2643255592 0.0000000000 1.0467228081 0.0321767200 -0.0000000000 0.9114223164 0.7064844551 0.2688532836 0.4324632290 -1.9798350186 -0.6495445742 -0.1954903475 -0.3423285082 
355800.0000000000 -1132915.6877745534 6092529.7833974417 1504634.2627584932 0.2200367636 11.3140434823 0.0000000000 0.6317878041 0.6664448748 0.0000000000 1.2919324483 -0.5394797251 0.0000000000 0.3144667766 1.0364362703 0.1084579026 1.7182052929 -2.5141775272 -0.9823247173 -1.3402985205 -0.2002117348 
355830.0000000000 -1132914.8832352934 6092527.8180401297 1504632.7678969654 0.0229015058 11.3140434823 0.0000000000 -1.3745505844 -0.1580999746 0.0000000000 -0.3047746611 -0.5463898613 0.0000000000 1.4821563664 1.0886620681 0.5329247046 0.5461512734 -0.9486762761 -0.6457454087 -0.7846803083 1.1234454605 
355860.0000000000 -1132915.9454650870 6092528.6746692313 1504633.2611558842 0.0189835589 11.3140434823 0.0000000000 0.4446645694 0.3059201174 0.0000000000 0.1369630603 1.0171418701 0.0000000000 -0.5809074444 0.4367317519 1.3783200503 -1.9637626752 -1.4183538066 -0.4260351014 0.8396173990 -0.3555588431 
355890.0000000000 -1132915.7098465466 6092529.0134098288 1504633.6257978275 0.0817447157 11.3140434823 0.0000000000 0.5909370731 -0.1946986076 0.0000000000 0.5102723073 0.7814148810 0.0000000000 -0.3487195217 0.3948885220 1.2635954638 -1.4147836801 -1.7426481436 -0.3111071781 0.4956288959 -0.1483310020 
355920.0000000000 -1132914.4945252310 6092527.9321547812 1504632.5678972951 0.1194149023 11.3140434823 0.0000000000 -0.0731222438 -0.5070237027 0.0000000000 0.3470897515 -0.4550403808 0.0000000000 0.0077683515 0.3755371807 1.0543853056 0.3495274103 -1.0958137550 -0.4506019420 -0.9692969165 1.4266092460 
355950.0000000000 -1132914.4348328409 6092528.5396621544 1504632.8357312093 0.0051877036 11.3140434823 0.0000000000 1.0101125478 -0.7501469845 0.0000000000 0.5447632152 -0.9426466879 0.0000000000 0.1322296317 0.6867096980 1.7246140602 -0.7018959604 -1.4776324395 -0.4107860633 0.5362050430 -0.4328110605 
355980.0000000000 -1132914.0742369811 6092526.6155252736 1504632.6255298578 0.0040611825 11.3140434823 0.0000000000 0.2740961295 0.0044289891 0.0000000000 0.1251244718 0.2355260295 0.0000000000 -1.0409651211 0.9249186230 0.4542283681 -0.0894175943 -1.1417499202 -0.4112704251 -0.9510979341 1.5981866475 
356010.0000000000 -1132914.9831197388 6092530.9012313234 1504634.0341148430 0.5550170812 11.3140434823 0.0000000000 0.5870940419 0.0277185188 0.0000000000 1.0770717066 -0.0790579840 0.0000000000 -0.3840803401 0.4907467164 -1.0734192236 1.1474543454 -0.6149520393 -0.5424267838 -0.4678548700 -0.0322307975 
356040.0000000000 -1132914.6326363734 6092528.4959023213 1504633.8299357165 0.3926023413 11.3140434823 0.0000000000 0.8554625108 -0.1929802097 0.0000000000 0.5638728698 0.2710559611 0.0000000000 0.2821228549 1.2263573589 -0.7238449359 0.9074926680 -2.3987462805 0.4306040255 -0.8787479744 -0.2284842002 
356070.0000000000 -1132915.4699489044 6092529.7103913212 1504633.5105376823 0.1803171942 11.3140434823 0.0000000000 1.6788402518 -0.1724917776 0.0000000000 0.9232165619 0.3134603856 0.0000000000 -0.7078254707 0.0799956101 -0.1624879917 0.3110599426 -1.6713424986 0.5852660306 -0.3461934394 -0.7545587209 
356100.0000000000 -1132914.9670610598 6092530.0398693662 1504634.6890696401 0.1740102221 11.3140434823 0.0000000000 1.7620605192 1.4848559392 0.0000000000 1.2580962237 0.0460906904 0.0000000000 -1.0022192912 0.0917405299 -0.0742308480 0.8519776851 -1.7660592369 -0.3610850150 -0.5090040384 -1.6537483047 
356130.0000000000 -1132915.0156116120 6092529.0172674647 1504633.2442899307 0.1421391333 11.1654816136 0.0000000000 0.2085060274 0.2878879135 0.0000000000 0.9333481224 0.7927543563 -0.0000000000 0.0797430144 0.2865447781 0.1147058882 0.0000000000 -1.6937255469 -0.5223476870 -0.2236273127 -0.2330087620 
356160.0000000000 -1132915.7013911344 6092530.2739958493 1504634.9186898209 0.8660838846 11.3140434823 0.0000000000 0.8494395118 0.0061505873 0.0000000000 1.2339189354 -0.1467183463 -0.0000000000 -0.0661113073 0.9249507501 -1.1996515966 1.2777768870 -1.3162656617 -0.5138106813 -0.3874308804 -0.5155446587 
356190.0000000000 -1132915.3003427640 6092529.4074509749 1504634.0056925640 0.0534903785 11.3140434823 0.0000000000 -0.3152966369 -0.0079949041 0.0000000000 0.7819356077 0.6168770843 -0.0000000000 0.4447650342 0.2526523201 -1.7043051166 1.3232793464 -0.5244486801 -0.2719019542 -0.5700128765 0.1160454922 
356220.0000000000 -1132915.0642226704 6092528.9224216910 1504633.9565419033 0.1249767692 11.3140434823 0.0000000000 0.8034077814 0.2818395876 0.0000000000 0.6619511294 -0.7144280482 -0.0000000000 -0.4641970593 0.4348443259 -0.1340199058 1.1383192858 -0.7871742136 -0.3884777799 -0.8362087497 0.1068984256 
356250.0000000000 -1132913.6202678764 6092529.8315962981 1504632.4082761258 0.0064466523 11.3140434823 0.0000000000 0.8401318174 0.0224654217 0.0000000000 0.6624829126 0.1183809768 0.0000000000 -0.2397478768 -0.0607365605 0.0401932719 -0.1575339431 -0.6555453534 0.0393527749 0.3653475649 -0.9578366064 
356280.0000000000 -1132914.1300590278 6092529.9245135793 1504633.0556956988 0.3549887336 11.3140434823 0.0000000000 1.8797839309 0.3108996381 0.0000000000 0.8516791842 -1.1761784700 -0.0000000000 -0.6399933586 0.2886421860 0.3922846404 1.1770750475 -1.4867547762 0.1961977661 -0.8992173459 -0.7751893478 
356310.0000000000 -1132914.7981128509 6092530.7419460714 1504632.8310656541 0.0064508996 11.3140434823 0.0000000000 0.6655595754 -0.1688562321 0.0000000000 0.7173696492 0.0508846465 0.0000000000 -0.1111043334 0.2053687744 0.0972628546 0.1957666804 -1.1056443838 -0.0875039680 -0.1903732509 -0.2307107201 
356340.0000000000 -1132915.1663195242 6092527.9263327699 1504633.1967058808 0.0174864478 11.3140434823 0.0000000000 -0.5191995460 0.7546849913 0.0000000000 0.1932002626 0.7876120172 0.0000000000 -0.0040815621 0.6142395426 0.4296654505 -0.3415825538 -1.2272081237 -0.8354018258 -0.3172784712 0.4378795258 
356370.0000000000 -1132915.6737968475 6092529.6335984962 1504634.3156016634 0.1491298324 11.3140434823 0.0000000000 0.2705275894 -0.2365931884 0.0000000000 0.9928947788 0.3552873586 -0.0000000000 0.7544291497 -0.0187363000 0.9654029037 0.2169799248 -2.4164553916 -0.1253241274 -0.7403344070 0.0204372816 
356400.0000000000 -1132915.0076632462 6092529.1876249462 1504633.5325407509 0.0478325147 11.3140434823 0.0000000000 0.8557269181 -0.2226476303 0.0000000000 0.5723595829 -0.3342114844 -0.0000000000 0.3399226455 0.5822856204 0.4847518577 0.5428091661 -2.0520829429 0.2338584582 -0.7438286727 -0.2004797289 
356430.0000000000 -1132914.9688212476 6092529.4813277079 1504633.6136799243 0.0043537919 11.3140434823 0.0000000000 -0.6624624172 0.7683051535 0.0000000000 0.0067331071 0.5992906442 0.0000000000 0.8905576446 0.3985257389 0.4148760417 0.5818481909 -1.9837437267 -0.1756951715 -1.2093948823 0.4093270899 
356460.0000000000 -1132915.5937344595 6092529.9864523262 1504633.2398665729 0.0046107819 11.3140434823 0.0000000000 0.8695852378 0.9703838119 0.0000000000 0.9774816863 -0.7744059543 -0.0000000000 0.1224165770 0.8264724730 0.9993747132 1.3236323986 -2.8434176085 -0.6780837942 -1.6561465652 -0.0284633297 
356490.0000000000 -1132915.6966558567 6092532.1866621887 1504633.7731978339 0.0975288958 11.3140434823 0.0000000000 1.0802786343 0.0701863005 0.0000000000 1.4108020207 0.7485550600 -0.0000000000 -0.1320287902 0.0257230830 -0.1733749412 0.8339213829 -2.6086560650 0.1454433474 -1.0569415169 -0.2290727228 
356520.0000000000 -1132914.5523286059 6092529.5194271198 1504633.6584280580 0.0972583208 11.3140434823 0.0000000000 0.2229542168 0.9948265729 0.0000000000 0.6735547818 0.0791571217 -0.0000000000 -0.1795190050 -0.0813711090 -0.4623549971 1.7432193430 -1.2898529051 -0.3098426419 -1.6889854001 0.4356681569 
356550.0000000000 -1132915.1778023641 6092527.9994901083 1504632.6772174491 0.1462883133 11.3140434823 0.0000000000 -0.4163997108 1.4737875910 0.0000000000 0.3697023568 2.1820117120 0.0000000000 -0.4980927901 -0.7856414092 0.6294206738 -0.9635589520 -1.3371577052 -0.1788325673 -0.2773993932 -0.2352083739 
356580.0000000000 -1132916.4366162093 6092529.7271895604 1504634.4411172932 0.2585559486 11.3140434823 0.0000000000 -0.5350066573 1.5734581217 0.0000000000 0.2445308638 0.5449983470 0.0000000000 -0.5158348566 0.4992008066 0.3304839275 0.5493037484 -1.1946396459 -1.2201328052 -1.2327265195 0.9845693313 
356610.0000000000 -1132914.6918515875 6092527.4970604489 1504632.9356296391 0.0002420462 11.3140434823 0.0000000000 -0.4248241528 1.9875201072 0.0000000000 0.1512930177 1.2253332091 0.0000000000 -0.7811719020 -0.3007241388 1.5648063103 -0.9675035416 -1.2690321220 -0.8340484765 -0.5610412792 0.1492320727 
356640.0000000000 -1132914.6454330198 6092528.9253731705 1504633.0324350176 0.0053890613 11.3140434823 0.0000000000 0.3667506255 2.4148167085 0.0000000000 0.0000752632 0.6795341766 -0.0000000000 -0.5702176456 0.7251424283 1.0031149417 0.1239414443 -2.6467704141 -0.2340983433 -1.3373379376 -0.5000265331 
356670.0000000000 -1132914.7710857103 6092528.5172003154 1504632.3130129103 0.0041696009 11.3140434823 0.0000000000 1.2326650149 1.4489583397 0.0000000000 -0.1035614338 0.3317040297 0.0000000000 -1.8385419955 0.6063450920 0.9208573932 -0.5207578927 -1.4387561800 0.1426047971 -0.8277483956 0.0389725105 
356700.0000000000 -1132915.3393574976 6092529.0278992075 1504632.9170175046 1.0585159886 11.3140434823 0.0000000000 -0.3287389819 2.4691567603 0.0000000000 0.3624508713 -0.0151235666 -0.0000000000 0.1892124090 0.1774796281 -1.1193693737 2.2401605510 -0.8890727600 -0.7414655652 -1.3771223021 -0.8251304898 
356730.0000000000 -1132915.1742268731 6092527.9539316623 1504633.0876880772 0.4181275917 11.3140434823 0.0000000000 -0.8859017956 2.9452240229 0.0000000000 -0.8730378392 0.3394748494 -0.0000000000 0.8886031644 -0.1449413264 1.5294331154 0.6240853378 -2.1552783783 0.2849749233 -1.8576023705 -0.6774859222 
356760.0000000000 -1132915.2504745184 6092528.5510765361 1504633.1074213379 0.2652670274 11.3140434823 0.0000000000 -0.2364295876 3.0072422751 0.0000000000 0.3442910886 -0.6507149701 0.0000000000 -0.3559144335 0.0555237937 0.3023881530 1.5859170761 -0.6410496231 -1.3073161704 -1.3592705444 -0.6585321125 
356790.0000000000 -1132915.7725313988 6092529.2150849262 1504633.1607636255 0.0884224245 11.3140434823 0.0000000000 0.7146516877 2.1293974589 0.0000000000 0.1630499987 -0.9492407592 -0.0000000000 -0.5999459876 0.6413985141 1.8469799640 -0.1371847337 -1.4870056914 -0.6404499105 -0.6775861819 -1.0030537252 
356820.0000000000 -1132914.7578131794 6092528.7060117200 1504632.5270308154 0.3045113088 11.3140434823 0.0000000000 -0.2051170778 3.1972944825 0.0000000000 -0.7666347320 1.5018810480 -0.0000000000 -0.6797160638 0.2162378252 0.0007523574 0.1710218905 -1.6643048801 0.4801942211 -1.0966689465 -1.1343658032 
356850.0000000000 -1132914.7422591730 6092528.7673161356 1504631.9013776325 0.0620281728 11.3140434823 0.0000000000 -0.0608585937 3.4169774725 0.0000000000 0.0342228459 1.0463508881 -0.0000000000 -0.9877889741 0.2076078254 0.7716194766 0.1003512561 -1.8808304349 -0.5734466512 -1.1543579150 -0.8990591293 
356880.0000000000 -1132916.3889129101 6092531.0703597339 1504633.2135286934 0.3048820234 11.3140434823 0.0000000000 -0.0811924047 3.5648164236 0.0000000000 0.2115159025 1.1820874479 -0.0000000000 -1.0126278859 0.1212679533 0.1253815574 0.0838467668 -1.3027638397 -0.6742251371 -0.4858891080 -1.7076584868 
356910.0000000000 -1132915.8476391761 6092528.7784254048 1504632.5096251038 0.0036371367 11.3140434823 0.0000000000 -0.2297606024 4.0418376113 0.0000000000 -0.1918668728 -1.1465266662 -0.0000000000 -0.7547027620 0.5192331586 2.0530914796 0.5742882542 -1.0789518916 -1.5019246565 -1.4720980650 -0.8000014032 
356940.0000000000 -1132916.5531986987 6092530.3174652504 1504633.2446047971 0.0048085998 11.3140434823 0.0000000000 -0.5174581992 4.6147317761 0.0000000000 -0.1202307950 1.3363611855 -0.0000000000 -1.2853286846 0.4751350797 -0.9419846775 0.9475761021 -0.8802689186 -1.0491741772 -0.7247310045 -1.8028173405 
356970.0000000000 -1132916.8648997291 6092529.1890561990 1504632.8720088319 0.1877874300 11.3140434823 0.0000000000 -0.5982725048 4.0655288643 0.0000000000 0.0573412072 0.1453652922 -0.0000000000 -0.5863433796 0.4090556495 -0.4228693413 1.6226851564 -0.8188581127 -1.3387414909 -1.2007695408 -1.2628753248 
357000.0000000000 -1132916.0066935949 6092530.2698276341 1504633.2273510536 0.0167287585 11.3140434823 0.0000000000 -0.6939567635 4.8956011532 0.0000000000 -0.2725306327 -0.2368618400 0.0000000000 -0.9639651538 -0.2902592976 -0.1117351733 1.6331159846 0.2079934746 -1.1829486106 -1.2376983735 -1.6858131816 
357030.0000000000 -1132913.5595981523 6092515.8558699628 1504629.9832033089 0.1362217921 11.3140434823 0.0000000000 3.6622267186 2.5762919197 0.0000000000 12.6131174473 0.4829007654 -0.0000000000 -2.5534670974 -4.6928579911 -0.6998025063 3.7343480950 -3.4976852825 -7.4884191060 -0.4806631012 -3.2165843681 
357060.0000000000 -1132913.4968098889 6092514.3840519870 1504631.3319377452 0.6096575054 11.3140434823 0.0000000000 2.5169518229 2.9573239278 0.0000000000 11.9130850882 0.1595947838 0.0000000000 -1.2500873268 -4.8779054641 0.6810179816 3.6614190697 -4.0091766287 -7.4621873540 -1.2303497747 -2.6656274356 
357090.0000000000 -1132912.9922105751 6092515.5562419631 1504630.6365860251 0.3097424887 11.3140434823 0.0000000000 2.7792497313 3.5740024836 0.0000000000 11.6195698903 0.2250389594 0.0000000000 -1.7334538055 -4.0763825211 0.6450940114 2.8824299008 -3.9774591817 -7.4444427696 -0.4436849105 -3.6904749861 
357120.0000000000 -1132913.4967589849 6092512.4189013001 1504630.9152500993 0.0402994588 11.3140434823 0.0000000000 3.4447412009 2.9306829532 0.0000000000 11.9839545708 0.9079093330 0.0000000000 -2.2258933108 -4.5439640110 0.1393071166 3.0239692721 -4.4795403059 -6.7208965319 -0.8949174081 -3.1730383046 
357150.0000000000 -1132912.6356123304 6092515.3462931840 1504630.7287465334 0.0071723746 11.3140434823 0.0000000000 3.3500619641 2.7298897467 0.0000000000 12.4679403055 2.7617990671 0.0000000000 -2.3359961389 -5.1005409147 1.6411091337 0.2840039727 -5.4732880073 -6.3196073939 0.2877565479 -3.9940912752 
357180.0000000000 -1132912.2384999935 6092512.3179815505 1504630.3028875070 0.2977565792 11.3140434823 0.0000000000 3.1154858593 3.1865538593 0.0000000000 12.1378103254 1.2835706087 0.0000000000 -2.6358717213 -4.2445311917 2.0433353543 0.7009293884 -4.6498710466 -7.4797787642 0.0226088335 -3.1922218286 
357210.0000000000 -1132913.4855133477 6092515.8577591078 1504631.1384151489 0.7139125986 11.3140434823 0.0000000000 3.0858013570 3.8422847276 0.0000000000 12.1554862573 1.1997855985 0.0000000000 -2.2408076842 -3.9385315609 -0.1736087923 2.6285187314 -4.5194027188 -7.3644310225 -0.1554672742 -4.1619491673 
357240.0000000000 -1132913.6671429204 6092515.3814693950 1504630.6323047774 0.1885052112 11.3140434823 0.0000000000 3.2003411349 3.5344097872 0.0000000000 12.3359999358 0.2284681577 -0.0000000000 -1.3796560018 -4.2410327125 0.9059102497 3.0365523181 -5.2826340926 -7.1111737873 -1.0948162307 -3.7522640196 
357270.0000000000 -1132913.2241403575 6092514.9349623136 1504631.8030170617 0.7203216358 11.3140434823 0.0000000000 1.6992847617 4.3221994170 0.0000000000 11.8583886116 1.9186726375 0.0000000000 -1.6767234501 -4.9534730675 -0.0543356109 2.8667365782 -4.0670621793 -7.6255799904 -0.7228904419 -3.2473447571 
357300.0000000000 -1132914.6205829312 6092514.4354550997 1504631.3191516164 0.7514394999 11.3140434823 0.0000000000 2.2417186377 4.8466187494 0.0000000000 12.6128471090 0.6500927185 0.0000000000 -0.7302816689 -4.2039893929 -0.0027087849 4.2536800011 -5.7246360613 -7.9391710049 -1.5165822108 -4.0966471483 
357330.0000000000 -1132914.1193908949 6092516.1643354390 1504631.8886434548 1.9500464618 11.3140434823 0.0000000000 2.2363570353 4.7168795744 0.0000000000 11.9255671642 -0.3806897197 -0.0000000000 -0.9737755518 -4.8639006119 0.1076308041 4.9210416629 -4.3863222860 -7.5262389639 -2.3063142007 -3.0755903126 
357360.0000000000 -1132912.4168832744 6092513.7754274830 1504630.1582179265 0.6242008594 11.3140434823 0.0000000000 2.0478149111 5.5357943580 0.0000000000 12.6637899919 1.7364342211 -0.0000000000 -2.2267510928 -5.3443750025 -0.3146777760 3.8164926011 -4.5146905397 -8.0650771207 -1.5782780811 -3.3973291336 
357390.0000000000 -1132913.6149145844 6092514.7848233255 1504631.0132940523 0.0586988803 11.3140434823 0.0000000000 2.1772712381 5.3304450601 0.0000000000 12.2581453267 1.5703053070 0.0000000000 -1.9989756694 -5.0896093096 0.0325192267 3.3912793160 -4.7333500971 -7.4539056424 -1.4958156887 -3.6440305286 
357420.0000000000 -1132910.8812042596 6092513.1616881853 1504629.1848329648 0.1075334108 11.3140434823 0.0000000000 3.5478815497 5.4313597976 0.0000000000 12.3706155958 1.1737807137 -0.0000000000 -3.4902301195 -5.0561962887 0.9560154949 2.2525867363 -4.7062101660 -6.7524073011 -1.4734686772 -3.8941970012 
357450.0000000000 -1132912.6622622553 6092514.1122956844 1504630.0324028926 0.0753122164 11.3140434823 0.0000000000 2.2131064186 6.2388963404 0.0000000000 12.6275576956 1.2358570391 0.0000000000 -2.2470116602 -5.4276440091 -0.1541939808 4.0658475598 -4.6121072699 -7.7661424533 -1.9543550296 -3.8593482411 
357480.0000000000 -1132912.2683975936 6092513.9075837545 1504628.2311328726 0.5943270811 11.3140434823 0.0000000000 2.8883821190 5.8322417858 0.0000000000 12.3089150698 1.0508094118 0.0000000000 -3.5291144394 -5.2735038170 3.9154373903 -0.1183817690 -4.8316119562 -7.2259408183 -1.4003920941 -3.3274589489 
357510.0000000000 -1132911.9862330749 6092514.4832712226 1504628.8695213851 0.2680603844 11.3140434823 0.0000000000 2.8805340416 5.7151117939 0.0000000000 12.7530459877 1.6564535594 -0.0000000000 -3.2672209270 -5.0165190906 1.6382561528 1.3796608421 -5.0170042917 -7.4447140075 -1.2056170755 -3.7542608901 
357540.0000000000 -1132913.6077613882 6092515.5882531358 1504630.4486652452 0.0001211572 11.3140434823 0.0000000000 3.1411389956 6.4965705658 0.0000000000 12.1956141120 1.4874611845 -0.0000000000 -3.4377464059 -4.5953907545 0.5481217036 2.7141905245 -5.3841180806 -6.8719083601 -1.9703475244 -3.9728767846 
357570.0000000000 -1132912.5686896753 6092514.6056327606 1504629.2614708969 0.0033919161 11.3140434823 0.0000000000 2.5268725995 6.9224668742 0.0000000000 12.3371185884 -0.5320292790 0.0000000000 -2.2763215933 -5.1211986237 1.9702588342 3.1886092191 -4.6487092925 -7.5432641108 -2.5223058401 -3.9512230964 
357600.0000000000 -1132913.1726819081 6092513.9255085681 1504629.7045075253 0.5686434771 11.3140434823 0.0000000000 2.0800641366 7.3005252335 0.0000000000 12.0966362468 1.2442261544 0.0000000000 -2.3493376280 -4.9778523766 0.2287940282 3.5908687081 -5.0803330749 -7.1922800649 -2.1264706282 -4.4909339494 
357630.0000000000 -1132913.9186546011 6092515.4460730944 1504630.6161900957 0.2156000407 11.3140434823 0.0000000000 2.9299044716 7.5723961176 0.0000000000 12.6834788760 -0.5099420199 -0.0000000000 -2.8265598767 -5.2241812161 1.1362743339 3.7542106628 -4.5562318448 -7.4482359337 -2.6130205147 -4.5272678693 
357660.0000000000 -1132914.2997432307 6092516.1401810423 1504630.8530525272 1.5089058063 11.3140434823 0.0000000000 2.8750167436 7.8062423769 0.0000000000 12.7366325126 -0.4201719311 0.0000000000 -2.6755813890 -4.5910052646 -0.0072265316 4.3784312725 -4.6426204194 -7.6853610499 -2.1729291371 -5.2378866974 
357690.0000000000 -1132914.7836661078 6092518.4590351097 1504631.1603105138 0.6086975796 11.3140434823 0.0000000000 2.3522704089 8.1229509371 0.0000000000 13.1397364247 0.4619152890 -0.0000000000 -2.9509369044 -4.7855686987 0.9203913619 3.1395816190 -4.9287016895 -8.3013735338 -1.9088439668 -4.9325863110 
357720.0000000000 -1132914.1182269794 6092514.7953839051 1504630.1525857514 0.1754264048 11.3140434823 0.0000000000 1.2432819955 7.9575738445 0.0000000000 11.8254952114 -0.0350026761 0.0000000000 -1.7221200964 -4.4115423046 0.6808920969 3.1232273205 -3.7787630889 -7.8912649066 -1.1413032200 -5.5924660556 
357750.0000000000 -1132912.7155175526 6092513.4273704085 1504628.5241721934 0.1475856219 11.3140434823 0.0000000000 2.1907281973 8.9446812132 0.0000000000 12.1118306252 0.9870565064 0.0000000000 -3.9194995003 -5.0289676272 1.9396743086 1.0820049226 -3.8966705411 -7.0527761617 -1.1801278592 -5.8961038611 
357780.0000000000 -1132913.1009522909 6092512.6946042599 1504628.0515799809 0.0038329264 11.3140434823 0.0000000000 1.0944966567 9.0481086435 0.0000000000 12.2091054377 1.9012425305 -0.0000000000 -3.4483622372 -4.4678669694 0.8206974719 1.4241154278 -3.8282381407 -8.2329703817 -0.3791275426 -5.9248465223 
357810.0000000000 -1132912.8296300429 6092514.6316484185 1504628.5881082073 0.0399714265 11.3140434823 0.0000000000 0.8333145297 8.8679952223 0.0000000000 12.7455728410 2.8307568346 -0.0000000000 -2.9357917390 -4.9882457422 1.2653969073 0.7890266260 -4.7410573805 -7.9537582881 -0.3535040963 -6.1488730912 
357840.0000000000 -1132913.5973256209 6092516.0391290579 1504629.2719432116 0.0000013202 11.3140434823 0.0000000000 2.3863788073 9.4280667242 0.0000000000 13.3635211677 1.1482276483 -0.0000000000 -3.1681105108 -4.7910493370 1.7561258847 1.6494407079 -5.8465227337 -7.2337873668 -1.6061070753 -6.7660994976 
357870.0000000000 -1132912.9492293869 6092514.7419796186 1504628.7353350271 0.6385153874 11.3140434823 0.0000000000 2.7601244021 10.2580897294 0.0000000000 12.4106010105 -0.1694105483 -0.0000000000 -4.2641561427 -4.3169458787 3.3610363165 1.0024447339 -5.3158557486 -7.0129044104 -2.5770341748 -5.7833521076 
357900.0000000000 -1132912.7006511763 6092515.3444221979 1504629.3689199099 0.1643044604 11.3140434823 0.0000000000 2.0264104464 9.8218227207 0.0000000000 12.4517276904 0.4154713006 -0.0000000000 -3.8102734824 -5.2116758082 1.4369697565 2.4160347842 -4.1458234333 -7.3425944281 -2.2924426685 -5.4703822493 
357930.0000000000 -1132912.6793840313 6092513.6742222998 1504629.9075656529 0.2781987808 11.3140434823 0.0000000000 0.4601061086 11.1605282277 0.0000000000 11.8393366979 1.8550551314 0.0000000000 -2.3887394131 -5.4177257410 2.2318918503 2.7389255943 -6.4350761338 -6.9628201260 -3.6302649509 -5.1921015434 
357960.0000000000 -1132913.7119719440 6092515.6029393086 1504629.7390454637 0.0022158001 11.3140434823 0.0000000000 1.1651208001 10.2730355710 0.0000000000 12.1414391738 0.2881562518 -0.0000000000 -3.3250976256 -4.3575828454 1.3645014573 2.3545065073 -4.0313966119 -8.0773952056 -1.7804742562 -5.7721720835 
357990.0000000000 -1132913.7446432337 6092515.1672871755 1504629.2986571174 0.0980693030 11.3140434823 0.0000000000 1.1974761264 10.7611669483 0.0000000000 12.7540679616 1.5390028922 0.0000000000 -3.4072231716 -4.9480540924 2.3356824648 1.6509624037 -5.8452314989 -7.6071568673 -2.6796959615 -5.4733905123 
358020.0000000000 -1132913.7411104233 6092515.1432325868 1504628.6823777864 0.0130153778 11.3140434823 0.0000000000 0.0299824213 11.2883613013 0.0000000000 12.5117499563 0.4368424137 0.0000000000 -2.0997325296 -5.4522950878 3.4880142269 1.6612953371 -5.1041151894 -7.9588426296 -2.8905189790 -5.6603402270 
358050.0000000000 -1132913.6843059501 6092514.9918215945 1504628.9354750633 1.0515884094 11.3140434823 0.0000000000 0.9449886597 11.3668502561 0.0000000000 12.3903552962 -0.2997276667 0.0000000000 -3.1751063878 -4.3550016981 4.0805209457 0.3495695836 -4.7366779283 -7.6501072848 -2.1945105347 -6.4281298812 
358080.0000000000 -1132913.1123018325 6092515.6949224556 1504629.2301123240 0.2145813210 11.3140434823 0.0000000000 1.1284528475 11.0663529574 0.0000000000 12.9089100173 0.4486942101 0.0000000000 -3.7271440576 -5.0405240627 2.0180055488 1.6302305269 -4.0614702909 -7.9594255832 -1.9841499630 -6.1723674607 
358110.0000000000 -1132914.8411171620 6092517.5388708692 1504629.5801300486 0.0126088709 11.3140434823 0.0000000000 1.8951624731 11.0416948248 0.0000000000 13.4429240157 0.2739544330 0.0000000000 -3.8168185420 -5.7922582175 1.0844679432 3.0800024225 -4.5632601358 -7.4532145169 -3.0147849109 -5.8844448444 
358140.0000000000 -1132914.1969888522 6092517.6444762265 1504628.9031650785 0.0139292081 11.3140434823 0.0000000000 2.3363839014 12.0915716368 0.0000000000 13.2816664514 0.5867593033 0.0000000000 -5.0419121858 -4.6204523388 1.6464643195 2.3139567928 -5.5700292951 -7.5220406758 -3.2680234508 -5.9045413108 
358170.0000000000 -1132914.2780065646 6092518.2525134217 1504629.1764141289 0.2419995586 11.3140434823 0.0000000000 2.0221458193 11.5883258088 0.0000000000 13.2110943635 -0.1367206913 0.0000000000 -3.7367299233 -4.7219751906 1.5241703469 2.7310607695 -5.3850249466 -7.2033995733 -3.0620016750 -6.5179812696 
358200.0000000000 -1132912.4288080810 6092517.1280557578 1504632.5912292674 0.0860483141 11.3140434823 0.0000000000 5.1346404017 -1.4949243596 0.0000000000 14.3171150959 -0.5078045710 -0.0000000000 0.0172804783 -5.2731611984 -0.7829157219 1.2050587000 -4.3294388001 -4.9257877850 -0.1799265051 -2.8095449012 
358230.0000000000 -1132912.8879525431 6092519.4576546205 1504632.5763545956 0.5636944470 11.3140434823 0.0000000000 6.4336192278 -1.6007788515 0.0000000000 14.9902355189 -0.1303519257 -0.0000000000 -1.8947426593 -4.9471706836 -0.4980563922 -0.0213812112 -4.4697485231 -4.9803851742 -0.1271909136 -2.3075988483 
358260.0000000000 -1132912.9263596488 6092516.9110312499 1504632.0322076366 0.7242079342 11.3140434823 0.0000000000 4.5253972313 -1.2991379770 0.0000000000 14.0933421749 0.4169729438 -0.0000000000 -0.6722831411 -4.7466508454 -0.2186719532 -0.4883983228 -3.8563446851 -5.4696855640 0.7197929736 -2.6691339428 
358290.0000000000 -1132913.9077372428 6092518.2697234936 1504632.0903561178 0.1581789794 11.3140434823 0.0000000000 4.9951932739 -0.8287667332 0.0000000000 14.1054265604 -0.1204082607 0.0000000000 -1.1174373726 -4.2697891772 0.6668580285 -0.9256442802 -4.4119370986 -5.3950375326 0.0742936533 -2.3676063040 
358320.0000000000 -1132913.2518593762 6092516.6995175732 1504632.2903648373 0.1354263000 11.3140434823 0.0000000000 3.7568599609 -0.2133153837 0.0000000000 13.9652011476 -0.8037056061 0.0000000000 0.5357643977 -4.7493876320 0.4610131872 0.0688438388 -3.8687122879 -5.6541287530 0.2225337308 -3.3892512661 
358350.0000000000 -1132911.6202754690 6092516.5330870822 1504633.2211613422 0.6673750675 11.3140434823 0.0000000000 3.4552721046 -0.9077927518 0.0000000000 13.9137876199 -0.4521263217 0.0000000000 0.5859787152 -5.0095265362 1.6218034283 -1.0673138548 -3.8862374087 -5.8959785816 -0.1339836544 -1.8604416323 
358380.0000000000 -1132912.1648016453 6092514.7487843670 1504632.5726536431 1.5573898174 11.3140434823 0.0000000000 2.8368952837 -0.9352968085 0.0000000000 13.3508101178 0.6919376842 0.0000000000 0.0065230562 -5.2324352752 1.2359579056 -1.4011492812 -3.2349935073 -6.1170903423 0.1416428976 -1.0431472592 
358410.0000000000 -1132913.7649589668 6092519.5825081533 1504633.3317252807 1.3049403923 11.3140434823 0.0000000000 4.1483949233 0.6214922087 0.0000000000 14.3185670623 -1.5636228423 -0.0000000000 0.3851136532 -4.9102705301 0.9122427627 0.6589777571 -4.5289653880 -5.7849641838 -1.2120529297 -2.6441689307 
358440.0000000000 -1132913.5530485655 6092520.1249112599 1504633.5651684166 0.1627017358 11.3140434823 0.0000000000 4.7138419914 -1.2656827365 0.0000000000 14.2517979261 -0.1140231501 -0.0000000000 -0.1429081623 -5.0231977114 0.6504143476 -0.9653781445 -4.3749769884 -4.8591966666 -0.3005368836 -2.1591798816 
358470.0000000000 -1132912.2031855988 6092518.6478004837 1504632.3053725506 0.0027443638 11.3140434823 0.0000000000 4.9278803877 -0.9602159299 0.0000000000 14.3875766994 -0.3361380556 -0.0000000000 -0.7958453745 -4.5646551180 -0.3341984181 -0.6282881971 -3.6002675319 -5.3433771938 0.4441195319 -2.8290100639 
358500.0000000000 -1132913.6559882953 6092518.2334690904 1504633.0684335276 0.0049027530 11.3140434823 0.0000000000 2.7707050732 -0.9116575941 0.0000000000 14.0150300079 0.3576506632 -0.0000000000 1.1879777775 -4.9588507696 0.5077044973 -0.8140389817 -3.8827718483 -6.1039471073 0.4865278588 -2.3790614026 
358530.0000000000 -1132913.1005580549 6092519.4400530551 1504633.2741290233 0.9591769985 11.3140434823 0.0000000000 5.0274977003 -1.0011926496 0.0000000000 14.9705511953 0.4877355070 -0.0000000000 -0.4940712606 -5.6080804349 -0.3896464292 -0.3170173159 -4.6580265517 -4.9237109042 -0.5761257665 -2.1304361173 
358560.0000000000 -1132913.1631953812 6092518.1318051042 1504632.5287530990 0.3639895892 11.3140434823 0.0000000000 5.3417313621 -0.8925494254 0.0000000000 15.1380181905 -0.1734467523 0.0000000000 -0.2417139113 -5.0196004541 -0.3359331643 -0.0061106621 -5.2177446957 -5.0928234522 -0.8424491176 -2.2371987648 
358590.0000000000 -1132913.2115693695 6092517.6554836845 1504633.5916043136 0.0107615949 11.3140434823 0.0000000000 3.4782152809 -0.5257251564 0.0000000000 14.3554463086 0.2551144060 0.0000000000 0.7697070751 -4.8327654454 2.2194165160 -2.0486252740 -5.3187000256 -5.4978385269 -0.9918592502 -1.4075590149 
358620.0000000000 -1132913.9573957396 6092520.9393469421 1504633.3662681775 1.5248126307 11.3140434823 0.0000000000 6.1950627132 -0.9353304980 0.0000000000 15.4753196271 -1.7561886160 -0.0000000000 -1.3010340010 -4.7349639156 -0.9619838866 0.1986087632 -3.3130371263 -5.8338983005 -0.3672671521 -2.2328796517 
358650.0000000000 -1132913.0572425639 6092519.0234323740 1504633.9773799519 0.8456161193 11.3140434823 0.0000000000 3.9297255898 0.3055725062 0.0000000000 14.4892478569 0.0707592400 0.0000000000 -0.1757399941 -5.5603179781 0.4692280020 -0.8831780089 -3.9816451338 -5.0806095723 -0.6816073837 -2.5287544097 
358680.0000000000 -1132911.9825041865 6092518.6600901550 1504632.2731154573 0.0345828803 11.3140434823 0.0000000000 5.4876049421 -1.0647830036 0.0000000000 14.9769841608 -0.1359770999 -0.0000000000 -0.9619460188 -5.2095968136 -1.4926901427 -0.0185876128 -3.6578714607 -5.0752011176 -0.1056096832 -2.4006620097 
358710.0000000000 -1132912.0749693338 6092517.6614159616 1504632.5143447560 0.9748386291 11.3140434823 0.0000000000 4.7602986326 -1.2230856520 0.0000000000 14.6536511266 0.7175311096 -0.0000000000 -0.1681657655 -6.4001366769 -0.7701126966 -0.3089533306 -4.0724213421 -4.3710992663 -0.9746592135 -1.4956504088 
358740.0000000000 -1132912.3576565557 6092516.7453157473 1504632.7769524381 0.1403277776 11.3140434823 0.0000000000 3.9546357808 -0.5999077889 0.0000000000 14.3410647325 -0.1152740942 -0.0000000000 0.1820103935 -5.6345983970 -0.6691859908 0.0235428172 -3.4217524086 -5.5501514442 -0.5947934911 -1.6252542632 
358770.0000000000 -1132913.9362617533 6092517.4170083366 1504633.9626104170 0.2553079008 11.3140434823 0.0000000000 2.1326145989 -0.3476386327 0.0000000000 13.7133991744 1.0004632520 -0.0000000000 1.1541292387 -5.0717683924 0.8109417868 -1.8660318447 -3.6815006766 -5.6551453055 0.2755024911 -2.1969647839 
358800.0000000000 -1132914.9409812645 6092529.8317219652 1504633.2616619035 0.5825758436 11.3140434823 0.0000000000 0.2658525769 -0.0707094939 0.0000000000 0.6244926892 0.9988828249 -0.0000000000 0.1446690643 -0.7889411275 -1.1863285119 1.6260713450 -1.4127918783 -0.2909503879 -0.9417940174 0.9601543253 
358830.0000000000 -1132914.7207116296 6092528.8830602244 1504632.6556610179 0.9744653041 11.3140434823 0.0000000000 0.9318702293 -0.9197707811 0.0000000000 0.3803974885 0.3737615406 0.0000000000 -0.3619131395 -0.1038206763 -0.2238401542 0.1055795046 -0.8363683601 0.0291784989 -0.6478745536 1.3329590685 
358860.0000000000 -1132915.3054284512 6092528.9079750851 1504632.9196964535 1.3882270028 11.3140434823 0.0000000000 -0.0284076573 1.6306758952 0.0000000000 -0.1787522501 0.4149037983 0.0000000000 -1.1375347187 -0.4500332034 0.1021246763 0.6575166328 -0.4094069108 -0.1446059680 -1.2739997661 0.8297034827 
358890.0000000000 -1132914.9964973952 6092530.5385112315 1504633.8999695512 0.0028061154 11.3140434823 0.0000000000 0.6975643986 0.1711399002 0.0000000000 -0.1843526720 -0.5005867074 -0.0000000000 -0.1166076968 -0.2796182101 -0.0598237368 1.1332704755 -0.7876606026 0.2340047530 -1.5284474889 1.2819298772 
358920.0000000000 -1132916.0504923232 6092529.4094963102 1504633.4867027199 0.4348532037 11.3140434823 0.0000000000 -0.9800269294 0.3837016846 0.0000000000 -0.4060555121 0.3338063746 -0.0000000000 0.7490113313 -0.0124932599 -0.2228625275 0.6682311000 -0.2030056321 -0.3375915119 0.1137696273 -0.1909288941 
358950.0000000000 -1132916.5355961958 6092529.1367950663 1504633.9542044441 0.0233477185 11.3140434823 0.0000000000 -1.4861238873 0.2200140301 0.0000000000 -0.8779866661 1.1295339570 -0.0000000000 0.7279130854 -0.0593405699 -1.2053920844 1.5358986463 -0.1119176239 -0.8522248587 0.4060118753 0.3184030913 
358980.0000000000 -1132915.1846365461 6092528.5218466353 1504634.9134789796 0.2447643224 11.3140434823 0.0000000000 -1.5366823258 0.8619996208 0.0000000000 0.0171255462 0.0959387245 0.0000000000 1.5804524729 -0.7384167308 1.9879176497 -0.1324596774 -1.1660448982 -0.5714560614 -1.5494369994 1.2430746383 
359010.0000000000 -1132915.0500295525 6092532.0404865844 1504634.5920917280 0.4767720948 11.3140434823 0.0000000000 0.2839566232 0.4857108502 0.0000000000 1.2154597000 0.0804754031 0.0000000000 0.0107529274 -0.5154034348 0.9564700379 -0.6503963086 -0.9677064063 -0.0611437673 -0.8085022030 0.1095139911 
359040.0000000000 -1132913.3436057218 6092529.4778914778 1504632.5991254176 0.6021710065 11.3140434823 0.0000000000 0.7778756387 0.8485678031 0.0000000000 0.9250501707 1.4060614259 0.0000000000 -0.6289716968 -1.2842515400 -0.8196084978 1.0327084718 -1.8900809198 0.8462349149 -1.3813245723 0.1523777420 
359070.0000000000 -1132915.4544460070 6092532.5285965931 1504634.5484374156 0.4455396504 11.3140434823 0.0000000000 0.0890630345 -0.0384080447 0.0000000000 0.5409239645 0.9958570806 -0.0000000000 0.2848733536 -0.0601163159 1.0695736637 -0.9063055485 -1.9083056782 0.3610259605 -0.8804408498 0.5999082023 
359100.0000000000 -1132915.3517780486 6092529.9289628612 1504633.7041925569 0.1786583573 11.3140434823 0.0000000000 1.2004365750 -1.0889886760 0.0000000000 0.8118676002 -0.5050394511 0.0000000000 0.2461273856 0.0977684715 0.6013054304 -0.6321780479 -0.9128130186 0.2915268963 -0.6562625736 0.7385899573 
359130.0000000000 -1132914.5576129924 6092527.9154157154 1504633.1033510710 0.9489214410 11.3140434823 0.0000000000 0.5677388959 -0.4406518567 0.0000000000 0.2612506840 0.1313653728 0.0000000000 0.5642291048 -0.1025768933 -0.1431004854 0.8144371634 -1.6177893444 0.1108292907 -1.0656980274 0.9638103695 
359160.0000000000 -1132914.0730995149 6092526.6984178778 1504632.0764724470 0.0569404668 11.3140434823 0.0000000000 0.4757513191 -1.0609075428 0.0000000000 -0.1421240422 1.1073155182 0.0000000000 0.0121415476 0.0636401104 -2.4038687310 2.1687606100 -0.9987746418 -0.6066489180 0.1947935182 0.9175517567 
359190.0000000000 -1132915.1983312943 6092529.9710201137 1504633.4341996522 0.1858378338 11.3140434823 0.0000000000 1.1771717049 -0.5669807330 0.0000000000 0.2586369046 -0.4583668778 0.0000000000 -0.1475706530 0.7732477613 -0.7193135051 1.0820473430 -1.2307423191 -0.5331388228 -0.6216030813 1.0076458486 
359220.0000000000 -1132915.3100749599 6092529.6657798477 1504633.7424707317 0.3382716922 11.3140434823 0.0000000000 -0.3866716355 0.6845550656 0.0000000000 -0.2195584563 0.1364908614 0.0000000000 0.6207342042 -0.1324429137 0.1826609837 0.9883024317 -1.2695405838 -0.0889343836 -1.0412986923 0.5197765713 
359250.0000000000 -1132916.3041826438 6092529.5752525227 1504634.3265626270 0.0751159463 11.3140434823 0.0000000000 -0.1927359200 0.0970242309 0.0000000000 -0.2250278583 0.1331690126 -0.0000000000 0.4955329591 0.5772734518 -0.6797719839 1.6261883930 -1.3202296238 -1.0807473726 -0.5011754741 0.9565517988 
359280.0000000000 -1132915.3365337225 6092529.3257649327 1504633.5854675837 0.2760873400 11.3140434823 0.0000000000 0.4910536657 -0.6714987689 0.0000000000 0.9335570452 0.1491546047 -0.0000000000 0.4756030134 0.0250450982 -0.6611989341 0.7293882062 -1.1050178265 -0.7685219222 -0.1704649984 0.5258588267 
359310.0000000000 -1132915.5044117998 6092530.3462173343 1504634.3699293623 1.1269941755 11.3140434823 0.0000000000 0.9767346783 0.4772529098 0.0000000000 -0.1334578475 -0.2926539546 0.0000000000 -0.2737291912 0.7328948511 0.2109681696 0.8567921410 -2.0321725440 0.0489325516 -1.6077913015 1.1798167622 
359340.0000000000 -1132914.7996304384 6092527.8960882062 1504632.9706559218 0.0514570772 11.3140434823 0.0000000000 0.6402483783 -0.9537550643 0.0000000000 0.1483520575 0.2373267040 0.0000000000 0.4591213476 -0.1969977300 -1.1299984074 1.0943257635 -0.7885366318 0.1509653055 -0.1089036170 0.3347335184 
359370.0000000000 -1132915.5767235670 6092528.9388061939 1504632.8381474216 0.0439829020 11.3140434823 0.0000000000 -0.3647925962 -0.3122499526 0.0000000000 -0.0510981770 1.4005789318 0.0000000000 0.0817450743 0.3067279555 -0.9599210725 0.8490814465 -1.1833115728 -0.8285820168 0.2686324753 0.5987972345 
359400.0000000000 -1132916.5741555351 6092531.1392490789 1504634.0511303884 0.9795702778 11.3140434823 0.0000000000 0.8301259347 -0.2838456817 0.0000000000 -0.4305828429 0.7728416078 0.0000000000 -0.0115651116 1.0674448723 -0.2559878624 0.6950791983 -2.6496390176 0.3837931802 -0.9398692962 0.8806093928 
359430.0000000000 -1132915.7194043382 6092529.9280216079 1504633.5171456528 0.4929916661 11.1654816136 0.0000000000 1.0186277039 -0.2146188550 0.0000000000 0.4509390761 -0.4071652180 0.0000000000 -0.2981483392 0.6882607264 0.0000000000 0.1404593608 -1.0250798011 -0.3292883248 -0.5802746923 0.6718119803 
359460.0000000000 -1132916.2483618490 6092532.0897725672 1504633.9193398801 0.5876664314 11.1654816136 0.0000000000 1.2780688264 -0.1513568888 0.0000000000 0.7334886645 -0.4023006232 -0.0000000000 0.2381994527 0.4856886440 0.0000000000 0.4557943641 -2.0053219965 0.2587524459 -1.0683480923 0.3263620970 
359490.0000000000 -1132915.1164603655 6092529.4591845293 1504634.0019773110 0.1960134864 11.1654816136 0.0000000000 0.0511354580 0.6063839091 0.0000000000 0.4102153754 -1.1690390077 0.0000000000 1.1671833637 0.1115988657 0.0000000000 1.4940404311 -1.1901348907 -0.4974632425 -0.9279000008 -0.0490224844 
359520.0000000000 -1132916.2245678767 6092532.0460039452 1504634.3525434898 0.0570014689 11.1654816136 0.0000000000 1.7026425453 0.2608332213 0.0000000000 0.2249724066 -1.5087737468 0.0000000000 -0.2608944859 1.4791663754 0.0000000000 0.7223786235 -1.6227141661 0.1031261543 -1.0146800059 0.1142749027 
359550.0000000000 -1132914.6541420347 6092528.3144394439 1504633.2218777870 0.0289540747 11.1654816136 0.0000000000 0.3570724159 -0.6587600146 0.0000000000 0.3861783517 -0.2589265846 -0.0000000000 0.9976587876 -0.1065080369 0.0000000000 0.7958421540 -1.2641042897 -0.5566027424 -0.8876077005 1.2400721715 
359580.0000000000 -1132915.2909136564 6092531.1794803059 1504633.3348461499 0.0201044301 11.1654816136 0.0000000000 1.1461082570 -0.2937701419 0.0000000000 0.4661681611 -0.6172376393 -0.0000000000 0.3878679745 1.0807054340 0.0000000000 0.6174830435 -2.0608082156 -0.2877865704 -0.8712498002 0.5742318664 
359610.0000000000 -1132915.1598305169 6092529.8052631794 1504633.9715094015 0.5849445688 11.1654816136 0.0000000000 0.2220547918 0.2126212145 0.0000000000 0.3694262507 0.1933680911 0.0000000000 0.2880494743 0.5967540625 0.0000000000 0.5501290194 -1.7095789336 -0.5168843614 -0.5696850631 0.3956181786 
359640.0000000000 -1132915.8221658475 6092530.6756982356 1504634.6192979456 0.0370091970 11.1654816136 0.0000000000 -0.2431890313 0.3159827486 0.0000000000 -0.2713457422 0.0597455335 -0.0000000000 0.6478248346 0.3883455261 0.0000000000 0.9207678810 -1.3221508494 -0.2184631119 -0.5114575243 0.2088197168 
359670.0000000000 -1132916.0103002603 6092531.3083340488 1504634.8632546512 0.0713493899 11.1654816136 0.0000000000 -0.6103979097 0.7395108278 0.0000000000 -0.5771836511 1.6044134246 0.0000000000 -0.4884931330 1.2443880179 0.0000000000 0.1820226131 -1.8928642758 -0.3602271267 0.0934315928 0.0015111288 
359700.0000000000 -1132914.0126469026 6092528.4954576381 1504633.1516398764 0.1813526317 11.1654816136 0.0000000000 -0.8478862792 -0.4742396198 0.0000000000 0.1976814891 0.9693432216 0.0000000000 1.0546699413 0.0444298293 0.0000000000 0.4932120821 -1.2619415031 -1.1713250211 -0.0315190331 0.9264295655 
359730.0000000000 -1132914.7716608532 6092529.0500197113 1504633.1684339361 0.0199882618 11.1654816136 0.0000000000 1.1470737459 0.2274066327 0.0000000000 0.4715027284 -1.3340624371 -0.0000000000 0.8119602883 -0.0742765445 0.0000000000 1.4613870222 -1.6819266653 -0.0224213294 -1.7810728006 0.9184683627 
359760.0000000000 -1132914.8250989160 6092529.3574572764 1504633.8204320564 0.2394657271 11.1654816136 0.0000000000 -0.0480183707 0.4396789840 0.0000000000 0.7817647001 0.5040690127 0.0000000000 0.5060234000 -0.7728379447 0.0000000000 0.6498505672 -1.3866659243 -0.2660121146 -1.0243892860 0.6103694313 
359790.0000000000 -1132914.6135622247 6092528.3413813105 1504633.1136786710 0.0009285171 11.1654816136 0.0000000000 -0.1804310789 0.7701562012 0.0000000000 0.3769789304 -0.1989380044 0.0000000000 0.0341613821 -1.0069918404 0.0000000000 0.6805238936 0.0956660957 -0.3635038292 -0.8409623066 0.6041584695 
359820.0000000000 -1132915.5864868229 6092531.0331931571 1504635.0760775770 1.0055184044 11.3140434823 0.0000000000 -0.1244676084 -0.2131585831 0.0000000000 -0.6564561860 -0.2362012090 -0.0000000000 0.2476772964 0.7115909327 0.0000000000 0.4544362608 -0.2576844006 -0.3812983631 0.0909721204 0.3511184032 
359850.0000000000 -1132914.4931754663 6092528.0610318361 1504633.3916181042 0.0496357391 11.3140434823 0.0000000000 -0.6306802578 -0.5008491996 0.0000000000 -0.3952664742 1.7178288309 0.0000000000 0.4519541802 -0.2381389380 0.0000000000 0.1830712462 -1.3185052184 -0.1335280940 -0.2327099151 1.0202052636 
359880.0000000000 -1132914.7984587154 6092530.1049703564 1504633.8009468466 0.7810519819 11.3140434823 0.0000000000 0.2950254097 -0.5081766232 0.0000000000 0.0839667027 1.4681543321 0.0000000000 -1.0342523075 -0.0167192095 0.0000000000 -1.0711235774 -0.1971862075 0.1140867058 0.1097337689 0.8014174423 
359910.0000000000 -1132915.9200727660 6092528.7165168710 1504634.0162285485 0.1410183887 11.3140434823 0.0000000000 -1.1629262889 0.3804841825 0.0000000000 -0.4533942473 0.8704571063 -0.0000000000 0.6545795947 0.7325082194 0.0000000000 1.0122500697 -1.4698284552 -1.2424609192 0.0927001892 0.4330760658 
359940.0000000000 -1132914.5016880899 6092529.1096671708 1504633.2761919734 0.7300335231 11.3140434823 0.0000000000 0.1702106587 1.1260517576 0.0000000000 -0.3886409153 -0.1060204928 0.0000000000 -0.3023240154 0.1509378766 0.0000000000 1.1943715620 -1.1954953941 -0.1776009220 -1.1737866743 0.7264815759 
359970.0000000000 -1132915.4709913295 6092532.1990863057 1504634.1382194757 0.4535239374 11.3140434823 0.0000000000 1.1431810570 0.1848854721 0.0000000000 -0.6236055420 0.6827102087 -0.0000000000 -1.2556523270 1.0106069903 0.0000000000 0.1727444642 -1.7065374959 0.1746708839 -1.0432991736 1.4295000245 
360000.0000000000 -1132914.7631803143 6092529.9564385964 1504633.3917742264 0.1224122696 11.3140434823 0.0000000000 1.0087376772 -0.3509391223 0.0000000000 0.7423862790 0.0363958246 -0.0000000000 -0.3838563902 -0.2712086332 0.0000000000 -0.4722237487 -0.4011368420 0.0818309745 -0.6648300451 0.8169431189 
