time x y z T0 thrd C21 C24 C25 C26 C33 C34 C38 C39 C40 C42 C43 C59 C60 C23 C41 
345600.0000000000 -1132915.4237436920 6092527.5123365633 1504632.7071702839 0.0648429634 11.3140434823 0.9706412095 0.5013351520 0.8387600791 1.5953040797 -1.2314792159 -0.1411812712 -0.3474950108 0.1339589034 -0.0123515409 0.0000000000 0.2400867116 -2.0063703153 -0.5430617399 0.0000000000 0.0000000000 
345630.0000000000 -1132915.7651376801 6092528.8791509997 1504633.8726302672 0.0864719990 11.3140434823 0.8583369363 0.1749281232 0.3347472257 1.0577028430 -0.6865646057 0.1565714840 0.0547915852 -0.2042416088 -0.3669849556 0.0000000000 0.2464985431 -1.4242389509 -0.1803795913 0.0000000000 0.0000000000 
345660.0000000000 -1132916.3899377247 6092529.5802214229 1504633.0741851537 0.1323383297 11.3140434823 0.6660569897 0.3531404025 -0.8269541079 0.4149539344 -1.0165024454 0.4933135003 0.6096355210 0.4053189491 -1.0241574991 -0.0000000000 1.8642991893 -0.7958429487 -0.8258340918 0.0000000000 0.0000000000 
345690.0000000000 -1132914.3265220674 6092528.0905111348 1504632.8522858659 0.0095272770 11.1654816136 0.2983082256 0.9861007098 -1.1576254126 1.4817653924 -0.7486806697 0.0000000000 -0.1474443027 -0.2375950267 1.4022576095 0.0000000000 0.5490500740 -2.4337243628 0.2337435722 0.0000000000 0.0000000000 
345720.0000000000 -1132914.1283017115 6092526.7856624657 1504634.5603909234 0.0884246075 11.3140434823 0.2223068998 0.8067674266 -0.2655262127 1.3919507972 -1.2665490372 2.9686180353 -0.4888684175 1.1034134788 -1.0530102426 -0.0000000000 -0.6301535652 -1.8453604343 -0.7489235413 0.0000000000 0.0000000000 
345750.0000000000 -1132914.4112741048 6092528.5056113340 1504632.7056520581 0.0119989192 11.3140434823 -0.5476632585 0.9333056206 0.5444997723 0.9751120000 0.7182189192 2.2944556960 -0.0142576955 -0.6125436293 0.1981272572 0.0000000000 -2.8424384374 -1.4450045930 -0.3817816800 0.0000000000 0.0000000000 
345780.0000000000 -1132914.9947183458 6092527.6651187232 1504632.0430003193 0.9470187609 11.1654816136 0.6997519027 0.7226398937 0.8833820058 0.0195772696 -0.0564300382 -1.8452559488 -0.2479412454 0.3127896244 2.0754980904 0.0000000000 -0.5039379663 -1.8693842898 -0.3747218206 0.0000000000 0.0000000000 
345810.0000000000 -1132914.1399967170 6092527.9537036400 1504633.6133336697 0.0022347668 11.3140434823 -0.7340954418 0.5583213527 1.8889887847 1.1777303721 -0.3644642169 0.1492699049 0.1443891537 0.4221374525 0.7859575423 0.0000000000 -1.6261591593 -1.1978633372 -1.4418706206 0.0000000000 0.0000000000 
345840.0000000000 -1132914.6202779477 6092529.1710310113 1504632.9978993291 0.0287922241 11.3140434823 -0.5088884004 1.0837997283 -0.6941174847 0.3204503994 -0.3293559849 2.0984208049 0.1888032669 1.2823631777 0.6523389797 -0.0000000000 -1.0582409164 -1.9321029396 -0.9334312311 0.0000000000 0.0000000000 
345870.0000000000 -1132915.1242172357 6092530.8330122186 1504632.4425263938 0.0054541177 11.3140434823 0.9964336344 0.7277136367 -0.3418415151 -0.4824325920 0.5657820848 0.8286419398 0.8033654744 0.4840738709 0.9409602450 0.0000000000 -1.2934160110 -2.8600456706 -0.3974805634 0.0000000000 0.0000000000 
345900.0000000000 -1132915.0624434142 6092528.9062547926 1504633.5456404036 0.0210435983 11.3140434823 -0.2309826330 0.6621785037 -0.4151085067 0.7449994087 -0.7635591298 0.5027199151 -0.0464382373 0.6851017856 0.6196632651 0.0000000000 0.1757690404 -1.2822162791 -0.4906840008 0.0000000000 0.0000000000 
345930.0000000000 -1132915.1681420850 6092529.1300915591 1504633.4148048889 0.0027995548 11.3140434823 -0.2492285191 0.7853638282 -0.1150241183 0.2174596871 -0.2440699358 1.6763890184 0.0994019815 0.9138344094 0.1173691778 0.0000000000 -0.9757488694 -1.2980490853 -0.8539029417 0.0000000000 0.0000000000 
345960.0000000000 -1132914.4173303854 6092528.3162768278 1504633.3564038374 0.0264462357 11.3140434823 0.5599037241 0.9064620705 0.5096345221 0.6312199636 -0.0644733555 -0.8569131787 -0.2584531840 -0.4589785755 1.1950006089 0.0000000000 -0.4368085656 -1.5912555559 -0.2542017398 0.0000000000 0.0000000000 
345990.0000000000 -1132914.3855348257 6092527.8745242981 1504632.9795636775 0.0054383563 11.1654816136 1.3380453838 0.3120973144 0.3408327276 0.2685598372 -0.1719964582 0.0000000000 0.7139628262 -0.2043761213 -0.4794612735 -0.0000000000 0.1888766232 -1.7309304180 -0.5712452334 0.0000000000 0.0000000000 
346020.0000000000 -1132914.7453420346 6092528.7092654919 1504632.7337954810 0.0038892951 11.1654816136 0.5619071110 0.7050492375 -0.1169210284 -0.0091874055 0.6208381783 1.7061045905 0.3520878981 -0.0736433295 0.1333413140 0.0000000000 -1.7793728783 -1.9796923481 -0.1956290709 0.0000000000 0.0000000000 
346050.0000000000 -1132914.9610064193 6092529.7514759181 1504633.0551272926 0.0086952426 11.3140434823 -0.0397305692 0.7143761276 0.1688221174 0.9564470874 -0.0361401158 1.3630436024 0.4229911352 0.0397875875 0.5846023604 -0.0000000000 -1.5020556264 -2.2387163730 -0.4797905749 0.0000000000 0.0000000000 
346080.0000000000 -1132914.6545744841 6092527.3247088315 1504631.9494066304 0.0636006847 11.3140434823 1.3025179239 1.0177536462 0.2186780396 0.4639483963 -0.6847349409 0.0627945423 0.0404807833 0.6114161889 0.5343471413 0.0000000000 -0.0963991900 -2.6973026192 -0.7376072113 0.0000000000 0.0000000000 
346110.0000000000 -1132915.1275829668 6092528.1570077688 1504632.8831769559 0.0846585918 11.3140434823 -0.3589620056 0.9457509159 -0.0808300822 0.6080315353 -0.2069468737 -0.5742145569 0.5017606828 0.0450637498 1.4915425101 0.0000000000 0.0280407734 -1.5270018574 -0.8284223619 0.0000000000 0.0000000000 
346140.0000000000 -1132914.8035304989 6092528.1563505493 1504632.8543391062 0.0447924472 11.3140434823 1.4828266195 0.6657286420 0.7331131128 0.3669014400 0.1737361127 1.4469847818 -0.0277906179 -0.3700706068 -0.8489136997 0.0000000000 -1.4850501214 -1.9710040429 -0.3170970556 0.0000000000 0.0000000000 
346170.0000000000 -1132915.9647829384 6092528.1243046774 1504632.8891761734 0.0068463975 11.3140434823 0.2260514945 0.3277354429 -0.5419497337 0.1417397655 -0.0130534215 3.2908485969 0.8829808916 0.4622022858 -1.8372361412 -0.0000000000 -0.8881325425 -1.1323212568 -0.7071739986 0.0000000000 0.0000000000 
346200.0000000000 -1132914.9404616023 6092529.3036608174 1504632.9814390067 0.0124836254 11.3140434823 1.3985361366 0.2235476229 -0.1273376124 -0.3084966640 0.0706119863 1.3660931618 0.7027419741 0.3517722876 -1.0592652109 -0.0000000000 -0.3980411562 -1.7288319935 -0.4260023619 0.0000000000 0.0000000000 
346230.0000000000 -1132915.7204099996 6092530.4370171977 1504632.6804494851 0.0627521489 11.3140434823 1.4546613423 1.1935375168 -0.7399712942 0.1401262188 -0.3016989376 0.6657362624 0.0340314203 -0.4444653917 -1.0079124202 -0.0000000000 0.9342053033 -1.2684686675 -0.4024595431 0.0000000000 0.0000000000 
346260.0000000000 -1132916.3488542901 6092527.5742064565 1504632.1517527148 0.0094381935 11.0041300577 0.0000000000 0.7958525512 0.7727651151 1.3210046624 -1.4937853497 0.0000000000 0.5854798722 0.7917506478 -0.1052380272 -0.0000000000 0.7844471478 -1.5376826167 -1.7545951297 0.0000000000 0.0000000000 
346290.0000000000 -1132916.6868137221 6092530.3254436571 1504632.8335035429 0.0167698634 11.3140434823 0.0950678812 1.6429267910 -1.5007510151 0.9624444674 -1.0464932584 1.7134022810 -0.1227432786 -0.1462506650 -1.1557636931 -0.0000000000 1.4724525436 -0.7122937485 -0.6497557394 0.0000000000 0.0000000000 
346320.0000000000 -1132914.9055326970 6092527.6480623391 1504632.5627211088 0.0002485708 11.3140434823 0.6352766688 1.6388533103 -0.5004086491 0.1963854622 -0.1589081545 0.7558062065 -0.0214817760 -0.2349610025 -0.1089811497 0.0000000000 0.2009559449 -1.3608063418 -0.8556175068 0.0000000000 0.0000000000 
346350.0000000000 -1132915.2188183863 6092526.7134006824 1504633.2271831420 0.0033876199 11.3140434823 0.3749015886 1.9784209385 0.5476793730 0.8111951187 -1.4312411763 0.5211413498 0.4713801325 0.5819509420 -1.0542528703 -0.0000000000 1.4248733212 -1.1352474236 -2.7447249363 0.0000000000 0.0000000000 
346380.0000000000 -1132914.8306982422 6092525.2027397556 1504632.0239669648 0.0198866537 11.0041300577 0.0000000000 1.6060085230 1.4957868342 0.5394542997 -0.1656172257 0.0000000000 -0.6501572061 0.1777133472 1.3516806607 -0.0000000000 -1.7005979590 -1.5836939810 -1.3670911897 0.0000000000 0.0000000000 
346410.0000000000 -1132915.1121677600 6092528.5388904084 1504632.5863538547 0.0010849458 11.3140434823 0.7860546525 2.0588446263 -0.3027475310 0.6505252168 -0.6109013303 -0.0368112174 0.0664288422 -0.6347613268 -0.3242693034 0.0000000000 1.2553234268 -1.2526815620 -1.3709475050 0.0000000000 0.0000000000 
346440.0000000000 -1132915.4945059414 6092526.7197368555 1504631.9075555163 0.0029925827 11.3140434823 0.7661019803 2.0840810952 -0.1669906955 0.1504976545 0.3163819299 1.7311120069 -0.1837233233 -0.9186228844 -0.9228891190 0.0000000000 -0.5811690680 -1.0696742148 -1.0834321538 0.0000000000 0.0000000000 
346470.0000000000 -1132915.5947613085 6092525.9782165485 1504632.5645880648 0.1017219822 11.1654816136 0.9317479199 2.1574501439 -1.0208809314 1.5188215809 -1.8777506428 -1.0338381060 0.0000000000 -0.6854410693 -0.7367127333 -0.0000000000 3.6502712158 -1.0376430873 -1.2119888879 0.0000000000 0.0000000000 
346500.0000000000 -1132915.7240285077 6092527.9019013243 1504632.7967839446 0.0206593013 11.3140434823 1.2458864904 2.1350061936 0.1560732105 -0.1441916560 0.0888344872 0.2071496616 -1.0105107733 -0.9553102002 -0.5991486066 0.0000000000 0.2146141609 -0.4107799738 -0.8658460797 0.0000000000 0.0000000000 
346530.0000000000 -1132914.9885394489 6092526.2176647121 1504632.5842285731 0.0615173092 11.3140434823 -0.2003582394 2.8534565055 0.1203080399 0.1257303373 -0.3286795014 1.0089544715 -0.1748614721 -0.4453862561 -0.8142411310 0.0000000000 0.6819725880 0.0319736655 -2.5482225274 0.0000000000 0.0000000000 
346560.0000000000 -1132915.8904799265 6092527.8127863277 1504632.5979502671 0.0016648861 11.3140434823 1.0005917605 3.3826638823 -0.3049893188 0.3664838361 -0.8934983390 -0.1455769521 -0.6463348163 -0.1083982558 0.5289275650 -0.0000000000 1.1299733235 -2.0010095690 -1.9912129419 0.0000000000 0.0000000000 
346590.0000000000 -1132915.6846954180 6092525.7696018908 1504632.4393591543 0.0327708088 11.3140434823 -0.5303117608 3.2355477308 -0.8275476644 -0.6666002973 0.0579749320 0.5526087098 -1.1088346166 -0.1226671917 0.7224014599 -0.0000000000 0.4925945755 0.2146938590 -1.7153283794 0.0000000000 0.0000000000 
346620.0000000000 -1132915.7405489821 6092526.6540474771 1504633.1863929892 0.0048354693 11.3140434823 -0.4571902533 4.1629922907 -1.5982286846 0.5701710919 -1.1125740623 2.7845352834 -0.6953541075 0.3899404494 -0.1416689418 0.0000000000 0.6146062292 -1.6606890521 -2.1611810412 0.0000000000 0.0000000000 
346650.0000000000 -1132915.4723942054 6092525.5688079502 1504632.2415529056 0.0649881055 11.3140434823 1.3232090336 3.4212784413 0.3969960928 0.2323899212 -0.6365876228 0.4163966323 -0.8211143123 -0.6381357137 -0.7281238270 0.0000000000 0.7874378504 -1.2095127709 -2.2955566368 0.0000000000 0.0000000000 
346680.0000000000 -1132915.4002545716 6092527.2710344782 1504632.4425386640 0.0133106693 11.3140434823 1.8459442955 4.3216032192 -1.6204957811 -0.2089101231 -0.5428513963 0.4566142647 -0.7782675436 -1.1364772417 -1.0780434124 -0.0000000000 2.5813033588 -1.2607224189 -1.8621168339 0.0000000000 0.0000000000 
346710.0000000000 -1132915.4657292499 6092527.6936210282 1504632.6891049419 0.0002743205 11.3140434823 0.9423378990 4.7802326505 -0.4795899626 1.2947203868 -1.9311019739 0.3049802731 -1.1163773109 -0.4357871273 -0.1034710433 -0.0000000000 2.1217623911 -2.1232207975 -2.6250903928 0.0000000000 0.0000000000 
346740.0000000000 -1132915.6837954542 6092525.4825996412 1504632.1820095063 0.0778884096 11.3140434823 0.6720965215 4.3299822636 0.5520456062 0.6762028290 0.0189546650 3.0861114725 -0.9691240755 -1.3116312639 -0.9346203855 0.0000000000 -1.6644174541 -1.8749161476 -2.4614225414 0.0000000000 0.0000000000 
346770.0000000000 -1132914.8830567577 6092523.5193297621 1504631.8136930768 0.0625796214 11.1654816136 1.8185055358 3.8459083944 0.9203628980 1.3687547403 -1.9052356629 0.0000000000 -0.8221606524 -0.2834800366 -0.5542164681 -0.0000000000 1.2570864081 -2.6635728646 -2.6708769924 0.0000000000 0.0000000000 
346800.0000000000 -1132914.2295693629 6092524.9214034071 1504632.0708165253 0.1862580703 11.3140434823 0.4496499728 4.5633361307 0.0914274897 0.7592869514 -0.0480681388 2.4830234053 -1.2246529158 -1.4663733014 -0.1317863244 0.0000000000 -1.3073088615 -1.9269013234 -2.0843878114 0.0000000000 0.0000000000 
346830.0000000000 -1132915.4747202510 6092526.4477268457 1504631.4121317407 0.1071845645 11.3140434823 1.0054889275 4.4477531482 -0.4722534615 -0.4234623712 1.0746659185 1.2213063323 -0.8878231555 -1.7573515830 0.9066443241 -0.0000000000 -1.1490808621 -2.1461470237 -1.7816358493 0.0000000000 0.0000000000 
346860.0000000000 -1132915.4560283984 6092525.8663156070 1504632.1594790609 0.1187209945 11.3140434823 0.8512793511 4.8269930469 -1.1192215029 0.7300421788 -0.4721039730 0.2045030301 -0.7048407869 -1.9166084790 0.1542303132 0.0000000000 1.7028483886 -1.6815228633 -2.0213978607 0.0000000000 0.0000000000 
346890.0000000000 -1132915.5744043551 6092526.7592544295 1504631.6051371202 0.2072290882 11.3140434823 -0.2320230552 5.1354025636 -0.6828815437 0.7504634408 -0.6011670568 1.8007784706 -1.0688220294 -1.0915668532 0.4807168187 0.0000000000 0.1173685493 -1.6703578117 -2.4816316647 0.0000000000 0.0000000000 
346920.0000000000 -1132915.6096211176 6092525.3941928204 1504631.8499195604 0.1146140786 11.3140434823 1.3162520086 5.5997219568 -1.8068228149 0.3108184381 -0.6007592612 1.1996069543 -1.1861045197 -2.0911667786 -1.3411729400 0.0000000000 2.5479777339 -0.9415162318 -2.1083599361 0.0000000000 0.0000000000 
346950.0000000000 -1132914.6624819117 6092525.4615610167 1504631.7103384158 0.3272363979 11.3140434823 0.9267511996 5.5334487285 -0.9535898105 0.3402875693 -0.7965651561 0.5401812161 -1.1727880538 -1.1606062188 0.3742454558 0.0000000000 1.4925406501 -1.9725867185 -2.5611487733 0.0000000000 0.0000000000 
346980.0000000000 -1132914.4960034173 6092523.9684841912 1504631.4556558228 0.3360120999 11.3140434823 -0.1139584887 5.7284016161 -0.6226615083 0.4985400990 -0.2861453208 3.2159159208 -1.2955258256 -1.3020799664 -0.1876328249 0.0000000000 -0.7515769427 -1.7140839045 -2.7046935718 0.0000000000 0.0000000000 
347010.0000000000 -1132914.7638548212 6092524.0150066568 1504630.4144247833 0.1061744616 11.0041300577 0.0000000000 5.5492908546 -0.5736426967 0.6177977419 -0.2646825525 0.0000000000 -0.6167449646 -1.9658298880 1.1213442447 0.0000000000 1.1500840428 -1.5975492369 -2.9805275335 0.0000000000 0.0000000000 
347040.0000000000 -1132914.9861944371 6092524.4781665942 1504632.0141358390 0.1852954235 11.3140434823 0.8108430066 6.6776202201 -0.7750281533 0.7358119118 -0.6956945754 1.1851767660 -1.7691943138 -1.8818611299 0.7703021725 -0.0000000000 0.5815272796 -2.4668857813 -2.6661241104 0.0000000000 0.0000000000 
347070.0000000000 -1132915.6344266504 6092524.5430691103 1504631.4951769249 0.2149431925 11.1654816136 1.4767510302 6.4600951865 -0.6391002654 0.7762904962 -0.8272861494 3.3679257056 -1.1980797178 -1.5825917066 -1.3165933834 -0.0000000000 0.0000000000 -2.9329414371 -2.9294784026 0.0000000000 0.0000000000 
347100.0000000000 -1132914.6119355576 6092523.7852381133 1504631.4273171276 0.2920477439 11.1654816136 0.6920312106 6.3778907103 -0.7235892135 -0.3392754940 0.2496960008 1.7496543767 -1.2046201091 -1.6942121187 0.4665141278 -0.0000000000 0.0000000000 -1.9826441725 -3.1515039287 0.0000000000 0.0000000000 
347130.0000000000 -1132914.8508928723 6092522.3956691595 1504631.7657092356 0.4090623337 11.1654816136 1.2077089157 6.6201165868 -0.1189867718 0.2494245376 -0.3468224550 2.1447009844 -2.0110429866 -2.0767104817 -0.5971367492 0.0000000000 0.0000000000 -1.6524704706 -2.9668811996 0.0000000000 0.0000000000 
347160.0000000000 -1132916.2788392238 6092524.9851528844 1504631.4529094386 0.2444112064 11.1654816136 0.6989211531 6.9016648397 -0.5691597807 0.2879925399 -0.5427520237 2.9076041795 -1.7448712133 -1.7075873985 -0.5890377730 0.0000000000 0.0000000000 -1.8582567785 -3.1697972559 0.0000000000 0.0000000000 
347190.0000000000 -1132914.7258047485 6092523.2623487124 1504632.0699319178 0.5039676842 11.1654816136 0.3357550430 7.4094357621 -1.2844921197 0.5226237356 -0.6655603335 1.6634327317 -1.8322885124 -1.5188041491 1.8975407782 -0.0000000000 0.0000000000 -3.3131648581 -2.6922411168 0.0000000000 0.0000000000 
347220.0000000000 -1132914.7223088408 6092522.2989470158 1504631.4066366912 0.5959959834 11.1654816136 1.7123007034 7.3414219185 -0.9158930951 -0.7703530888 0.1110794922 1.9108392144 -1.8831465289 -1.5478272353 0.4879342344 -0.0000000000 0.0000000000 -2.8168155667 -3.1387638655 0.0000000000 0.0000000000 
347250.0000000000 -1132914.5127174188 6092524.6358530223 1504631.8740515439 0.8367017911 11.1654816136 0.6223115371 7.9802837773 -0.7833380499 -0.1866040431 -0.1457009423 2.1850392169 -2.1391917849 -2.0593248875 0.6825667281 0.0000000000 0.0000000000 -2.1116428777 -3.4861961207 0.0000000000 0.0000000000 
347280.0000000000 -1132915.1770845342 6092523.0855557704 1504631.6107214272 0.4233801261 11.1654816136 0.9107119742 7.7408655807 -1.6938997590 -1.3332534012 0.2665190801 2.7847140868 -2.1266833500 -1.1661627395 0.6089395931 -0.0000000000 0.0000000000 -2.1839313958 -3.1232485435 0.0000000000 0.0000000000 
347310.0000000000 -1132914.6188948287 6092524.8627393357 1504631.5820674207 0.2881447043 11.1654816136 1.5091886862 8.0320439146 -1.5372420172 -0.8002946096 0.1844471514 2.0142144026 -2.1866769619 -1.8073011505 1.1363594779 0.0000000000 0.0000000000 -3.1290064083 -2.8529785358 0.0000000000 0.0000000000 
347340.0000000000 -1132915.3268802825 6092523.3667023629 1504630.9041869615 0.3875866641 11.1654816136 1.3853878608 8.3360812363 -1.0045817481 -0.0893528793 -0.8525179094 3.3833794088 -1.9401537286 -1.3255379246 -0.2203082363 -0.0000000000 0.0000000000 -3.3243801493 -3.5764951834 0.0000000000 0.0000000000 
347370.0000000000 -1132915.9671417631 6092523.9326834520 1504631.4290305388 0.2662566319 10.8275661707 0.5602235935 8.4904441826 -1.6926696759 0.0000000000 0.0000000000 2.8654905980 -1.9048320244 -2.5743892860 0.7525418745 -0.0000000000 0.0000000000 -2.7629684690 -3.0097538820 0.0000000000 0.0000000000 
347400.0000000000 -1132914.5716101399 6092522.8710307535 1504631.1377115236 0.1983559221 11.1654816136 0.4072444424 9.2301945390 -1.8507028101 -0.5926470029 -0.0837386632 2.3110326271 -2.2176687083 -1.8273764209 2.1267564120 0.0000000000 0.0000000000 -3.3282814452 -3.4852693131 0.0000000000 0.0000000000 
347430.0000000000 -1132914.2798115625 6092522.5663767923 1504629.9472807653 0.9446950481 11.1654816136 -0.5050193706 9.0034643454 -2.0566618786 -0.2543067253 -0.0681914919 3.3370568822 -2.0376186439 -2.2324593973 1.2690044008 -0.0000000000 0.0000000000 -2.2573347677 -3.3432455250 0.0000000000 0.0000000000 
347460.0000000000 -1132913.1618447725 6092523.2817998016 1504631.1356840276 0.9894738848 11.1654816136 0.7360812562 9.0851883375 -1.2798139564 -0.5654988462 -0.5143409239 2.4688907981 -3.1748571071 -1.7974138358 1.2852955264 -0.0000000000 0.0000000000 -2.4347089970 -3.1388604850 0.0000000000 0.0000000000 
347490.0000000000 -1132914.8260386058 6092523.0634598956 1504632.1849100664 0.2847503122 11.1654816136 0.0868304947 9.6135193952 -0.4894902185 0.9095936091 -1.7488948034 2.6597061538 -2.5622715167 -1.7742110611 1.3794585553 -0.0000000000 0.0000000000 -3.3457272711 -4.0101916123 0.0000000000 0.0000000000 
347520.0000000000 -1132914.0312472100 6092520.3325445019 1504630.8157742277 0.5076841593 11.1654816136 -0.9248454222 9.0823566672 -0.6742950642 1.5350279696 -2.3220576127 3.1342328794 -2.6878616371 -1.5649904117 1.3128140423 -0.0000000000 0.0000000000 -2.7063021361 -3.3737019756 0.0000000000 0.0000000000 
347550.0000000000 -1132913.8416974996 6092522.6861106604 1504631.2746536979 0.7549733793 11.1654816136 0.8575796095 10.1526474651 -1.9529253386 -0.5121279010 -0.6540345499 3.0516001683 -2.6668987954 -1.7475220734 1.7178425065 0.0000000000 0.0000000000 -3.9340501633 -3.4733095850 0.0000000000 0.0000000000 
347580.0000000000 -1132913.7313291258 6092522.3476287806 1504630.6593626491 1.2563642207 11.1654816136 0.9132498689 10.1376265119 -0.5993831634 0.9753478755 -1.8956804186 2.5429596596 -3.1055926577 -2.1854534339 1.3363109615 -0.0000000000 0.0000000000 -3.9240678623 -3.4898234623 0.0000000000 0.0000000000 
347610.0000000000 -1132912.8716958049 6092520.4974627290 1504630.8215992071 1.0805705878 11.1654816136 0.0873321592 10.4791777009 -1.1035533568 0.7669655292 -1.6911588023 2.1034454047 -3.3196521318 -2.1724492139 2.6905754072 0.0000000000 0.0000000000 -3.8098264443 -3.3492379453 0.0000000000 0.0000000000 
347640.0000000000 -1132914.2599609557 6092522.7178041460 1504630.7220694185 0.9600118233 11.1654816136 0.5661365983 10.8096035962 -1.7786668047 -0.6255772142 -0.2895802295 2.6504576927 -3.5407773729 -2.7890378605 2.0260534120 0.0000000000 0.0000000000 -2.9064957739 -3.3538721986 0.0000000000 0.0000000000 
347670.0000000000 -1132914.3383714501 6092523.4549627583 1504631.0520622921 0.9651066598 11.1654816136 1.8004769079 11.0481002794 -1.9991703336 -0.9375114409 -0.2600251771 3.2199124043 -3.1965394413 -2.5674212434 1.2018778932 0.0000000000 0.0000000000 -4.0209214181 -3.4251773100 0.0000000000 0.0000000000 
347700.0000000000 -1132914.0677168914 6092523.1945025716 1504630.8888213148 0.9989215064 11.1654816136 0.0821972501 10.4744109226 -1.5901024230 -0.2060565307 -1.0169168605 3.3545546883 -3.4486208455 -2.2843459563 1.4285458510 0.0000000000 0.0000000000 -2.6323447684 -3.2739116924 0.0000000000 0.0000000000 
347730.0000000000 -1132912.5806817547 6092521.0070467535 1504630.9506386630 1.0648584056 11.1654816136 -0.0080667068 11.5542795551 -1.3129674231 0.3458179347 -2.1246878585 2.5213558100 -4.4282444116 -1.9024271556 2.9673854104 -0.0000000000 0.0000000000 -3.5867121531 -3.2350374594 0.0000000000 0.0000000000 
347760.0000000000 -1132914.2633715963 6092522.7290925337 1504631.2479748733 0.3855072502 11.1654816136 0.2972707321 12.0613766454 -1.8344275369 -0.2732961709 -1.3648145820 2.8652199875 -3.8273310901 -2.1916388867 2.9242184375 0.0000000000 0.0000000000 -4.0977570221 -3.6869622941 0.0000000000 0.0000000000 
347790.0000000000 -1132913.3506410185 6092520.2300472315 1504630.4347723494 1.9595700217 11.1654816136 1.4314282974 11.5563168398 -0.0936281481 -0.1454032199 -1.2383671319 1.5355348408 -3.4658393750 -2.7002960340 2.3170530001 0.0000000000 0.0000000000 -4.0463984256 -4.6079001408 0.0000000000 0.0000000000 
347820.0000000000 -1132913.3826575577 6092519.6271528266 1504630.5188267424 1.4603502452 11.1654816136 1.6660415294 12.1999796380 -1.3371405216 -0.6859547500 -0.6440468387 3.0779241739 -3.2653085412 -3.0236953688 1.4576921765 -0.0000000000 0.0000000000 -4.2782545413 -4.3129294145 0.0000000000 0.0000000000 
347850.0000000000 -1132914.8188994296 6092521.9503969951 1504631.0785472041 0.5055630290 11.1654816136 -0.4220081968 12.0489810539 -1.6339650246 -0.0291065838 -0.5770476794 3.9871021185 -3.0552276866 -3.7984661060 1.2962202239 -0.0000000000 0.0000000000 -2.6004985036 -4.1809276808 0.0000000000 0.0000000000 
347880.0000000000 -1132913.5579450626 6092519.0662440108 1504630.3598390492 1.2803397314 11.1654816136 0.6456544477 12.1435355739 -0.5877089946 -0.6023749666 -0.8805795175 1.8968854481 -3.8617619701 -2.9934184230 2.7681255289 0.0000000000 0.0000000000 -3.3095029904 -4.5804159694 0.0000000000 0.0000000000 
347910.0000000000 -1132914.6762798761 6092521.2055769395 1504630.9288050211 0.7045679161 11.1654816136 -0.0053919772 13.5891578366 -1.1381094978 -0.0743116298 -0.8804362466 3.6058538746 -3.1005959844 -3.9499336005 1.9791600440 -0.0000000000 0.0000000000 -3.7026104413 -5.3270577690 0.0000000000 0.0000000000 
347940.0000000000 -1132914.6139774180 6092522.2722832598 1504630.1521597097 0.8415619020 11.1654816136 0.3679337208 12.9729596145 -1.3281256878 0.0006741907 -0.6568896993 4.0349492978 -3.7741602465 -4.6211487803 0.8140180522 -0.0000000000 0.0000000000 -2.6480134326 -4.1251330842 0.0000000000 0.0000000000 
347970.0000000000 -1132913.8098793905 6092522.0552386194 1504629.5425647579 1.8929498798 11.1654816136 -1.0694680872 13.4893433352 -2.4778413353 -0.3297787036 -0.4181321083 3.9731814675 -2.5907744872 -3.8006273956 3.0369104428 0.0000000000 0.0000000000 -3.9523637713 -4.7352438639 0.0000000000 0.0000000000 
348000.0000000000 -1132916.1716015071 6092530.7767232955 1504632.5700073363 0.0534458188 11.1654816136 1.0292626686 0.5786193474 -0.2183580725 1.0530319817 -0.2068241860 0.2363979003 0.6724698473 -1.1003360197 -0.6445431208 0.0000000000 0.0000000000 -1.6662502519 0.3205307628 0.0000000000 0.0000000000 
348030.0000000000 -1132915.3689629054 6092531.3714715941 1504632.6469228994 0.1578910245 11.1654816136 -0.0181238496 0.7100628550 -0.2390384142 1.0587117431 0.0460355983 -1.1621235801 0.8721370873 -1.0847782538 1.6087848278 -0.0000000000 0.0000000000 -1.9022221158 -0.0570209205 0.0000000000 0.0000000000 
348060.0000000000 -1132915.0934097681 6092529.6603251668 1504633.0969987775 0.2645888607 11.1654816136 0.3395793742 0.4420397987 -0.0901760847 1.7513830037 -0.6156977481 -0.7628625922 0.7869854152 -1.1388031924 0.7221463835 0.0000000000 0.0000000000 -2.0630881747 0.5197299048 0.0000000000 0.0000000000 
348090.0000000000 -1132915.7789042634 6092531.4742668224 1504633.5940687547 0.1421236500 11.1654816136 -0.4557095880 0.6249458336 -0.8217082692 0.7128077341 -1.0837451798 0.3000272639 0.5765424547 0.9094543609 1.1719492894 0.0000000000 0.0000000000 -2.0374163899 0.2400257109 0.0000000000 0.0000000000 
348120.0000000000 -1132915.2447465539 6092530.3708017385 1504633.7811435461 0.2191871091 11.1654816136 0.2329091276 0.9264582433 -0.1549676766 0.9944702114 -0.8441798649 1.1167086788 0.3835105124 -0.4190743745 -0.9329408233 -0.0000000000 0.0000000000 -1.0508147482 -0.0157443282 0.0000000000 0.0000000000 
348150.0000000000 -1132916.6912161955 6092530.4190897271 1504633.0107350182 0.3330691924 11.1654816136 0.2069463275 1.1059037620 0.1305046172 0.2414286359 -0.4072974760 -0.2835585691 0.3540923104 0.0601602855 0.7773543299 -0.0000000000 0.0000000000 -1.4124762772 -0.7897983204 0.0000000000 0.0000000000 
348180.0000000000 -1132913.9151189516 6092528.7499912065 1504632.0335175535 0.1111553465 11.1654816136 1.5438153301 -0.0469009454 0.7971589548 0.2504738822 -0.4720073124 -2.0390380232 -0.2324558213 0.2634318819 1.1108210902 0.0000000000 0.0000000000 -1.6422075035 0.0692508912 0.0000000000 0.0000000000 
348210.0000000000 -1132915.3953833478 6092529.7345485818 1504633.2540952361 0.0029849038 11.1654816136 0.7424184248 0.5651372401 -0.1898931216 -0.6296894111 0.3936765908 -0.8092125597 -0.4684759698 0.0351190548 0.9530861208 -0.0000000000 0.0000000000 -0.6942023197 -0.0360980206 0.0000000000 0.0000000000 
348240.0000000000 -1132916.5357448801 6092530.2493993612 1504633.5679521139 0.6923858854 11.1654816136 1.1898328693 1.0488211029 -1.2901931126 -0.9523188485 0.5648400905 1.3850409928 0.9290603283 0.4835228081 -0.6638222213 0.0000000000 0.0000000000 -1.9410619261 -0.4445393462 0.0000000000 0.0000000000 
348270.0000000000 -1132916.4267346854 6092529.2300637327 1504632.9664732942 0.1863069946 11.1654816136 -0.3614694569 0.1577273916 -0.1927490523 0.0266241875 -0.3147511444 0.5094292167 1.0090977059 0.7700805722 0.1405170116 0.0000000000 0.0000000000 -0.9165201631 -0.7053964404 0.0000000000 0.0000000000 
348300.0000000000 -1132916.6772756893 6092531.0957479756 1504633.7799681509 0.3151396045 11.0041300577 -0.1612909924 1.4103544433 -1.7448726353 -0.1767298664 0.0000000000 2.2777916318 1.2663569872 0.3551368695 -0.5319481689 -0.0000000000 0.0000000000 -1.8674069750 -0.3080996070 0.0000000000 0.0000000000 
348330.0000000000 -1132915.2369165309 6092528.7097458504 1504633.5042274985 0.0750927212 11.1654816136 -0.7858438219 0.6879228406 0.1699511090 1.0015197916 -1.4754293901 0.5655093929 0.9818694731 0.8259570934 0.3549527625 -0.0000000000 0.0000000000 -1.4150043972 -0.7558532285 0.0000000000 0.0000000000 
348360.0000000000 -1132915.8901355544 6092531.2345775394 1504633.2965565443 0.0188226931 11.1654816136 -0.1827379171 0.8963883916 -0.3874000406 0.1904632325 -0.1295554634 0.6637759100 0.9921508749 0.0150879289 0.0945296071 0.0000000000 0.0000000000 -1.2321801688 -0.7534379180 0.0000000000 0.0000000000 
348390.0000000000 -1132915.4026719788 6092528.8866220666 1504633.0447199179 0.1501460594 11.1654816136 0.9333214810 0.1964986123 -0.2530112706 -0.4810062602 -0.1944213812 0.4553591251 0.1832272113 0.8247990092 -0.5046625197 0.0000000000 0.0000000000 -0.9536022252 -0.1115159581 0.0000000000 0.0000000000 
348420.0000000000 -1132916.7388850127 6092530.7356470134 1504632.3957434346 0.2299674221 11.1654816136 0.3321320779 0.6101013221 -0.4126407072 0.5903041915 -0.4728930610 0.9850806669 1.2482270043 0.0288538823 -0.7375866532 0.0000000000 0.0000000000 -1.6146580608 -0.3339205379 0.0000000000 0.0000000000 
348450.0000000000 -1132916.1683351400 6092531.3287336910 1504633.9275089467 0.2492201926 11.1654816136 0.1173817279 0.8419738672 -1.7746678595 -0.4497378676 0.3616336798 1.1387336439 0.9443018765 0.4662999728 0.3649998780 -0.0000000000 0.0000000000 -1.9069959890 0.1861648680 0.0000000000 0.0000000000 
348480.0000000000 -1132915.1469530445 6092530.9487791564 1504632.8415987117 0.0293778266 11.1654816136 1.5343384158 0.2995771703 -0.5420181941 0.3576662412 0.4881490242 -0.5682365527 0.9184404003 -0.8229821992 0.0036105272 0.0000000000 0.0000000000 -2.0971331637 0.3374497811 0.0000000000 0.0000000000 
348510.0000000000 -1132915.1603215029 6092528.5814021081 1504633.1066007712 0.0205562851 11.1654816136 0.4387175635 0.3640527760 0.1579145884 0.2399577101 -0.8178889946 -0.1046557654 0.2593303578 0.6947494248 0.1784883966 -0.0000000000 0.0000000000 -1.1899688993 -0.2226432394 0.0000000000 0.0000000000 
348540.0000000000 -1132915.6088097161 6092529.1217050198 1504632.1730858788 0.1212974741 11.1654816136 0.4924734369 0.6471333930 0.5823539540 0.3728331593 -0.8921646990 0.5088504787 0.8321503510 0.4823970891 -0.7637136149 0.0000000000 0.0000000000 -1.1284447208 -1.0267607692 0.0000000000 0.0000000000 
348570.0000000000 -1132915.8267333058 6092528.6495601200 1504632.8400189779 0.0978295991 11.1654816136 -0.2330196618 0.8068381407 0.1151307441 0.2324286964 -0.2264930513 0.0072586096 0.3281437932 -0.1921641839 0.4246244717 0.0000000000 0.0000000000 -0.5984681738 -0.6414357359 0.0000000000 0.0000000000 
348600.0000000000 -1132915.2527927719 6092530.6069221729 1504632.9378871147 0.1873066543 11.1654816136 0.9243957505 0.3349401882 0.5323615177 0.4690889164 0.0484534075 -1.3324374574 0.6533739100 -0.5846935067 0.6706058598 -0.0000000000 0.0000000000 -1.4375629013 -0.5353111860 0.0000000000 0.0000000000 
348630.0000000000 -1132916.7670894491 6092530.1327997856 1504633.8856412135 0.5368163288 11.1654816136 0.1307964500 1.0844962829 -1.3584013190 -0.9359346173 0.4052058590 1.2204897096 0.2185628409 0.5667071641 0.1446074079 -0.0000000000 0.0000000000 -1.0609926698 -0.1302822324 0.0000000000 0.0000000000 
348660.0000000000 -1132915.7370614449 6092529.6901012585 1504633.4194564959 0.1512310679 11.1654816136 0.0133933014 0.1549716220 -0.3097217157 -0.2986246770 0.5809209837 0.0794120465 1.2094244929 0.1325787055 0.2954481295 0.0000000000 0.0000000000 -0.9653827038 -0.8662026876 0.0000000000 0.0000000000 
348690.0000000000 -1132916.3715811253 6092531.9103685729 1504634.5529516954 0.1540644433 11.1654816136 0.4604742085 1.0939717983 -0.8589309845 0.2370434716 -0.0411658147 0.6451753437 0.9024159844 -0.2749823054 -0.0605096116 0.0000000000 0.0000000000 -1.8220814064 -0.1056725081 0.0000000000 0.0000000000 
348720.0000000000 -1132916.6939751436 6092530.8598683113 1504634.6090579021 0.2932661117 11.1654816136 0.5995502200 1.4493980348 -1.8038964225 0.6136690046 -0.9849801920 1.3662995603 0.9286760301 0.4338775771 -0.1183316373 0.0000000000 0.0000000000 -3.0366638574 0.9161661151 0.0000000000 0.0000000000 
348750.0000000000 -1132915.8507314879 6092529.9024429852 1504633.4407055799 0.0601171860 11.1654816136 0.0315449808 0.5479611907 -0.2205630492 0.5640712501 -0.7092934844 0.7755641737 1.3212344309 0.3629212640 -0.4702425293 0.0000000000 0.0000000000 -1.4986916529 -0.5190514628 0.0000000000 0.0000000000 
348780.0000000000 -1132915.6166181304 6092529.9650844857 1504633.2745035284 0.0709872893 11.1654816136 1.6928557500 0.7699169164 -0.0216495145 0.1568699207 -0.4471487871 0.2439006112 0.0867552721 -0.1576313527 -1.0792558946 -0.0000000000 0.0000000000 -1.3512993223 0.1720328823 0.0000000000 0.0000000000 
348810.0000000000 -1132916.1616378278 6092532.1759634390 1504633.7772457399 0.1908152238 11.1654816136 0.2211702417 0.4625028409 -0.2692644132 0.8731366847 -1.0230474666 0.8222056445 0.9218476593 0.1772097572 -0.8183954892 -0.0000000000 0.0000000000 -1.3264281726 0.1570454726 0.0000000000 0.0000000000 
348840.0000000000 -1132915.9779293267 6092532.0794782126 1504633.2591142219 0.1369608829 11.1654816136 -0.2414816812 0.3849170283 -0.4936444354 0.5937850055 -0.5856653337 0.8376457011 1.0817382621 0.2064757705 -0.3796547418 0.0000000000 0.0000000000 -1.1447987485 -0.0595687411 0.0000000000 0.0000000000 
348870.0000000000 -1132914.4333682358 6092529.5552324066 1504632.9859343166 0.1167142572 11.1654816136 1.6644071258 0.3302342645 0.4502565842 0.7270446287 -0.7603728532 -1.1065774238 1.0554446386 0.1224989509 0.0474180210 0.0000000000 0.0000000000 -2.4356478576 -0.2888871628 0.0000000000 0.0000000000 
348900.0000000000 -1132915.2751591641 6092529.6599181136 1504632.6978643476 0.1883101103 11.1654816136 0.2129613856 0.5413386554 -0.4853197023 1.2229460113 -0.7979922688 0.6745063792 1.0433851524 -0.5293217511 -0.7769370495 -0.0000000000 0.0000000000 -1.4219160927 0.4962384281 0.0000000000 0.0000000000 
348930.0000000000 -1132916.6068851973 6092532.7104472881 1504633.4656833638 0.3050722082 11.1654816136 -0.8471714165 0.8877766935 -0.0004663445 0.5709123632 -0.6989871544 0.7215554652 0.8019179470 -0.0109629402 0.0678722769 -0.0000000000 0.0000000000 -0.6145924967 -0.7057302704 0.0000000000 0.0000000000 
348960.0000000000 -1132915.7301508219 6092530.2198663494 1504632.8314421533 0.1196527034 11.1654816136 -0.6103036472 0.6549634828 -0.3615617493 0.5040834437 -0.6386682702 1.3036834185 1.2647663989 0.2402181011 -0.6386035472 0.0000000000 0.0000000000 -0.8809307172 -0.5482409138 0.0000000000 0.0000000000 
348990.0000000000 -1132916.2701132607 6092529.6007094206 1504633.2058199628 0.2747626654 11.1654816136 0.0417880063 0.4404447662 -0.3623923372 0.1509400467 0.2212934689 1.4602129211 0.2565795463 -0.7769886194 -1.6390622383 -0.0000000000 0.0000000000 0.4038612485 0.0991870997 0.0000000000 0.0000000000 
349020.0000000000 -1132916.2049156337 6092531.4936362850 1504633.5269673814 0.2849935985 11.1654816136 -0.6123718866 0.6029143623 -0.6203311741 0.3890451145 -0.5250365990 1.7669841823 0.7548230373 0.0469809945 -1.1458282469 0.0000000000 0.0000000000 -0.2811021976 0.0017836236 0.0000000000 0.0000000000 
349050.0000000000 -1132916.6521629898 6092529.4206004441 1504633.8475035776 0.1957412888 11.1654816136 0.6007274516 0.3014533270 -0.3544037472 -0.1287525397 -0.8552947639 1.2724987338 0.2905554494 0.9916531462 -1.3708923863 0.0000000000 0.0000000000 -0.6733450308 0.1948380269 0.0000000000 0.0000000000 
349080.0000000000 -1132916.5760501947 6092529.8826643154 1504633.9249778017 0.4051551292 11.1654816136 -1.0343509616 0.6518543574 -1.0532185165 -0.6732526402 0.0482288651 1.4816521241 0.7558387692 1.0558627856 0.3239977367 0.0000000000 0.0000000000 -0.6480817880 -0.5975398318 0.0000000000 0.0000000000 
349110.0000000000 -1132914.8867930172 6092528.9457762670 1504633.6361800276 0.0787675295 11.1654816136 -0.3766307898 0.1699577903 -0.3146694553 0.1740655525 -0.5376088859 -0.1102033756 0.5678391208 0.7331214993 0.8346521266 0.0000000000 0.0000000000 -1.0398995658 -0.1009146175 0.0000000000 0.0000000000 
349140.0000000000 -1132914.6035044556 6092528.1163973808 1504633.3830973797 0.1590476985 11.1654816136 0.7499774140 0.5219419318 0.0786347342 -0.2415857990 -0.1724776504 0.1443007435 0.3070653411 0.2791601430 -0.3815738164 0.0000000000 0.0000000000 -0.7836305531 -0.4647603780 0.0000000000 0.0000000000 
349170.0000000000 -1132914.9511804692 6092529.9401722038 1504632.6716743126 0.1476643615 11.1654816136 -0.1180068781 0.4953033681 -0.3473814975 0.5294035879 -0.6632606254 0.3098588875 1.2128010243 0.3631968418 0.1000356687 0.0000000000 0.0000000000 -1.5062999893 -0.2784876800 0.0000000000 0.0000000000 
349200.0000000000 -1132915.1518631026 6092529.3052878669 1504633.1278509232 0.0352538178 11.1654816136 1.8527774027 0.2731755981 0.2902379088 -0.6078580374 -0.1856462494 -0.1682378418 -0.0000119715 0.6442305005 -0.9012319270 -0.0000000000 0.0000000000 -0.9234940727 -0.3067876287 0.0000000000 0.0000000000 
349230.0000000000 -1132915.9347022660 6092531.0109513141 1504632.8239671099 0.0379100090 11.1654816136 2.2238993457 0.3547175063 -0.0529090126 -0.6372116921 -0.2485366183 -0.6017503755 -0.1036152211 0.8242906890 -0.3686327134 0.0000000000 0.0000000000 -1.6032744659 0.1098293368 0.0000000000 0.0000000000 
349260.0000000000 -1132915.8013270365 6092531.1961915232 1504632.4131696194 0.1347697634 11.1654816136 1.2365681937 0.5208460706 0.4201930978 1.1225599890 -0.7101577896 -0.5844970447 0.7435705222 -0.8913846444 -0.7785251193 -0.0000000000 0.0000000000 -1.2955563175 0.1460384058 0.0000000000 0.0000000000 
349290.0000000000 -1132916.6850412271 6092532.0859556478 1504634.0442059995 0.5876459314 11.1654816136 -0.1132523161 1.0024976725 -0.5238161529 -0.3033999490 -0.2947976521 0.9762131637 1.0176395004 0.6761510589 -0.0871242522 -0.0000000000 0.0000000000 -1.3128839964 -0.8235961788 0.0000000000 0.0000000000 
349320.0000000000 -1132915.8205253577 6092530.1094889734 1504634.0150892977 0.2197421349 11.1654816136 1.4455527115 0.6551454869 -0.4825289326 -0.1665401400 -0.4183371323 -0.9804539810 0.6179686301 0.8083333318 0.9279438239 -0.0000000000 0.0000000000 -2.5776427214 0.0191401409 0.0000000000 0.0000000000 
349350.0000000000 -1132916.4432227490 6092531.7213120265 1504633.5002124894 0.4624505313 11.1654816136 0.0231854595 0.5409512087 -0.0153895299 0.1525927121 -0.1397080057 0.3789333584 0.8097902838 -0.0797645278 -0.2916009672 0.0000000000 0.0000000000 -0.6833532310 -0.6065851511 0.0000000000 0.0000000000 
349380.0000000000 -1132916.5071721037 6092532.9525704989 1504633.7234521518 0.2054666519 11.1654816136 -0.4054243049 1.0941301982 -1.5216133724 -0.6994106637 0.1492239280 1.5593454521 0.9899353794 0.8880970227 0.1754762976 0.0000000000 0.0000000000 -1.5662201943 -0.3345243008 0.0000000000 0.0000000000 
349410.0000000000 -1132916.1459009070 6092530.9366693217 1504633.7209091252 0.1120309095 11.1654816136 -0.4952581801 0.8458565067 -1.0865460544 -0.6489158499 -0.1121749544 1.1391514681 0.5003582554 1.0119521257 0.4245314796 0.0000000000 0.0000000000 -1.0895683744 -0.2556790753 0.0000000000 0.0000000000 
349440.0000000000 -1132915.9832072312 6092530.3621519767 1504634.3065598139 0.0597197606 11.1654816136 0.2694271675 0.6928125129 -1.0207449760 -1.1542525157 0.1889681252 1.0863091196 -0.2355121942 1.0467818883 -0.0528893530 0.0000000000 0.0000000000 -0.6503394726 0.0385099947 0.0000000000 0.0000000000 
349470.0000000000 -1132916.4587235781 6092529.9441286102 1504633.6183940014 0.2850557421 11.1654816136 -0.8128563068 0.8662085401 -0.7107736552 -0.5627826963 0.5067257164 -0.0366998689 0.6445180685 0.4155342025 1.8714029371 -0.0000000000 0.0000000000 -1.2670433913 -0.9248729622 0.0000000000 0.0000000000 
349500.0000000000 -1132916.1806254433 6092529.9282079218 1504633.0884133975 0.4279680193 11.1654816136 -0.0968621562 0.5753391010 0.1330578848 -0.5753751278 -0.5740030223 0.1335360618 -0.0721423960 1.0957375894 0.5692428831 -0.0000000000 0.0000000000 -0.5077604261 -0.6662493913 0.0000000000 0.0000000000 
349530.0000000000 -1132916.7630381987 6092531.4051331226 1504633.7116317721 0.3953258046 11.1654816136 -0.0411950895 1.0657022937 -0.9261540951 -1.2327855987 0.6884169523 1.3186543435 0.2727529823 0.5733728841 -0.0097192715 0.0000000000 0.0000000000 -0.6953372365 -0.7723240194 0.0000000000 0.0000000000 
349560.0000000000 -1132916.6753400448 6092532.1702819923 1504633.9263174755 0.3199186304 11.0041300577 -2.4674071981 1.3622799626 -1.5194954479 -0.1677695806 0.2030884152 2.0274842769 0.5974964225 0.0000000000 1.0507479860 -0.0000000000 0.0000000000 -0.3767077622 -0.3182834222 0.0000000000 0.0000000000 
349590.0000000000 -1132916.7310520012 6092531.5891226856 1504632.7550108484 0.3310650870 11.1654816136 -0.1491024524 0.9830964189 -0.6546908542 0.1863509292 -0.3123334723 1.2946241268 0.9864018417 -0.0979239089 -0.8564949871 -0.0000000000 0.0000000000 -0.8942184978 -0.2027050062 0.0000000000 0.0000000000 
349620.0000000000 -1132916.9068623120 6092531.6143058110 1504633.2766081865 0.2004921137 11.1654816136 -0.3452365805 0.6155331197 0.2495085016 -0.2845704218 -0.8270956811 -0.0293866297 0.1575542763 1.0392423833 0.8105671408 -0.0000000000 0.0000000000 -0.6612522763 -0.7400444442 0.0000000000 0.0000000000 
349650.0000000000 -1132916.5237205396 6092529.9811799601 1504632.3903880359 0.3791223277 11.1654816136 -0.7065641363 -0.4374541093 0.3652421858 1.1844913927 -0.1957298241 -2.1280000650 1.3413180319 -0.2537103665 2.4167367408 0.0000000000 0.0000000000 -1.4510103641 -0.5209789300 0.0000000000 0.0000000000 
349680.0000000000 -1132915.5487138394 6092529.8892514473 1504632.0494343515 0.1575915934 11.1654816136 0.9353719591 0.1647702695 0.1439885185 1.7677138292 -1.2217068016 -1.4133611215 1.3275374775 -0.6745641790 0.0014607958 -0.0000000000 0.0000000000 -1.8977949399 0.6959821197 0.0000000000 0.0000000000 
349710.0000000000 -1132918.2793309242 6092533.1113942629 1504634.0145644685 0.7125052189 11.1654816136 -1.4566958861 0.8583005168 -1.3961197252 -0.0211822777 0.2755644929 1.5032801764 1.1965589532 0.1177015316 0.5003644418 -0.0000000000 0.0000000000 -1.0260397769 -0.2597115380 0.0000000000 0.0000000000 
349740.0000000000 -1132917.3001250131 6092532.1224299269 1504633.3237277530 0.4435370373 11.1654816136 -1.8852167834 0.7090043377 -0.7146299879 -0.1871727081 -0.6345495267 2.6811369753 1.2572965167 1.0034325391 -0.8973853352 -0.0000000000 0.0000000000 -0.0423801751 -0.8022555934 0.0000000000 0.0000000000 
349770.0000000000 -1132916.4403831104 6092532.1737225540 1504633.2536790322 0.2243506133 10.8275661707 -0.6417418113 0.3132326264 -0.4645996969 0.0000000000 0.2176780794 0.4730364431 0.6164028111 0.0000000000 0.3524735580 0.0000000000 0.0000000000 -0.4605574205 -0.3193419344 0.0000000000 0.0000000000 
349800.0000000000 -1132916.5969217280 6092531.4082437633 1504633.1517961649 0.1502274052 11.0041300577 0.0000000000 0.1483938084 -0.3387736085 -0.2753164670 0.3048724418 -0.2952056997 0.7313210152 0.4580600764 0.8583781441 0.0000000000 0.0000000000 -1.0882031980 -0.5661383815 0.0000000000 0.0000000000 
349830.0000000000 -1132916.2403085181 6092530.1191873010 1504633.6125348906 0.3410009279 11.1654816136 0.0539754753 0.9200317205 -0.6928632792 -0.7163580609 -0.4398615761 0.5042549325 -0.2802199772 0.9875236701 0.5844926758 -0.0000000000 0.0000000000 -0.9257551724 0.0914311772 0.0000000000 0.0000000000 
349860.0000000000 -1132917.2674801401 6092531.8232282558 1504633.4132033696 0.3944506439 11.1654816136 -1.1776173319 1.1559508513 -0.2174517237 0.3472029753 -0.2128979569 0.2784722401 0.5109822166 -0.4890123757 1.1101371989 -0.0000000000 0.0000000000 -0.6530023895 -0.5970018032 0.0000000000 0.0000000000 
349890.0000000000 -1132916.0453845998 6092530.6843378348 1504633.4105820903 0.2550897631 11.1654816136 0.6287762915 0.8341076452 -0.7753540587 -0.3493242365 0.7092024625 -0.3049332181 0.0962437170 -0.4317457496 0.7438214998 -0.0000000000 0.0000000000 -1.2328907255 0.0441091256 0.0000000000 0.0000000000 
349920.0000000000 -1132915.1628974520 6092530.1085112272 1504632.7071720974 0.0907545858 11.1654816136 0.4334668761 0.4515731854 -0.8824937816 0.3298151067 -0.3707506866 -0.3187653544 0.8628274033 0.2798067997 0.4763455478 0.0000000000 0.0000000000 -1.7838946063 0.5145245214 0.0000000000 0.0000000000 
349950.0000000000 -1132917.9692296537 6092534.6321655903 1504634.1007947938 0.9690696926 11.1654816136 1.2544607788 0.4299314871 -0.4704811805 0.5774872938 -0.1366451228 0.0117942248 1.8957732374 -0.3007549065 -1.2642140366 -0.0000000000 0.0000000000 -1.7908021187 -0.1180386807 0.0000000000 0.0000000000 
349980.0000000000 -1132916.7167274654 6092533.7104753079 1504633.5411822787 0.4992363237 10.8275661707 0.0000000000 -0.1187354232 -1.0631816183 0.0000000000 -0.2241020738 1.1704179039 1.7991964691 1.0604991372 -1.0384048675 -0.0000000000 0.0000000000 -1.3390718261 -0.0080205712 0.0000000000 0.0000000000 
350010.0000000000 -1132916.2621583943 6092531.4542212943 1504633.5033333141 0.0292992091 11.0041300577 0.2853546625 0.7516734811 -0.7261060760 0.3885339153 -0.4985612113 0.3629203285 1.4890319704 0.1819314116 -0.3740566374 0.0000000000 0.0000000000 -1.7051376972 -0.0326183627 0.0000000000 0.0000000000 
350040.0000000000 -1132914.0515854482 6092529.5336240698 1504632.5977905672 0.0565084590 11.1654816136 0.9379162524 -0.5480873855 0.2602958052 1.3965947455 -0.6827244307 -2.3220565574 0.8354332984 -0.4158070916 0.8875062184 0.0000000000 0.0000000000 -1.3845878983 0.7111374517 0.0000000000 0.0000000000 
350070.0000000000 -1132915.9714523924 6092529.6082794098 1504633.1360563531 0.2847320709 11.1654816136 0.7444908968 0.8050425013 -0.3625941265 -0.5514538004 -0.2926109035 -0.0724709661 0.2467897043 0.6996665745 0.2799075666 0.0000000000 0.0000000000 -1.2664019440 -0.2379723277 0.0000000000 0.0000000000 
350100.0000000000 -1132916.3974275608 6092531.0468746414 1504633.0422528465 0.4191227519 11.0041300577 -0.3586580980 0.7150601438 0.0897079145 0.0000000000 -0.5806254450 0.3400318656 0.6759763979 0.3611253524 0.1440647393 -0.0000000000 0.0000000000 -0.6356410274 -0.6947483720 0.0000000000 0.0000000000 
350130.0000000000 -1132915.6917186324 6092530.9968781201 1504632.4226237645 0.1259353273 11.1654816136 -0.1469934004 0.0842315156 0.1284105733 1.1208376849 -0.7396610545 -0.3954965390 1.1383538030 -0.4344836311 -0.2047351713 -0.0000000000 0.0000000000 -0.6491971420 0.0961361980 0.0000000000 0.0000000000 
350160.0000000000 -1132913.3256478922 6092526.4064499177 1504630.4145797479 0.1053283767 10.8275661707 0.6304061780 0.0000000000 1.1838288265 0.8262958720 -0.7084479103 -1.8799440350 0.2975976999 -0.4886637841 0.7092392395 0.0000000000 0.0000000000 -0.4001168163 -0.4532073754 0.0000000000 0.0000000000 
350190.0000000000 -1132914.6702174086 6092527.3555361470 1504632.1210173967 0.0538761003 11.1654816136 -1.9858104197 0.0194658108 -0.3981376628 0.1532176498 0.6730626332 1.5595086570 0.4188058494 -0.5315063920 -0.0049362157 -0.0000000000 0.0000000000 0.7807653616 -0.4633297891 0.0000000000 0.0000000000 
350220.0000000000 -1132915.7671574692 6092529.2613864401 1504633.1229713398 0.1508550729 11.1654816136 -1.5132297829 0.2123346746 -0.3895548095 0.0348485227 0.1614723398 0.3200756058 1.1858857791 0.5044143719 1.4349000838 -0.0000000000 0.0000000000 -0.9452346795 -1.0056473164 0.0000000000 0.0000000000 
350250.0000000000 -1132914.8952578874 6092529.2330953386 1504633.3616809219 0.0388224912 11.1654816136 -0.6597708200 0.5382543774 -0.5709429811 -0.0539652378 -0.1566800004 1.2284258070 1.0567224668 0.3346334255 -0.5153875509 -0.0000000000 0.0000000000 -0.5844962995 -0.4116608843 0.0000000000 0.0000000000 
350280.0000000000 -1132917.2701961228 6092531.6733464794 1504633.3008568021 0.5152451215 11.0041300577 -1.0281065077 0.4158529606 0.0000000000 0.9223102468 -0.3228547982 0.2860368722 1.1836195127 -0.6769633999 0.0757904937 0.0000000000 0.0000000000 -0.3752457376 -0.3997655877 0.0000000000 0.0000000000 
350310.0000000000 -1132916.8901234604 6092531.9073224105 1504633.7903441587 0.4704632873 11.1654816136 -1.2535188485 0.3314731316 -0.8384204955 0.0111859128 0.5398316524 1.7686010895 1.1925023500 -0.1343621363 -0.6380319809 -0.0000000000 0.0000000000 -0.2204681651 -0.4810741240 0.0000000000 0.0000000000 
350340.0000000000 -1132916.8135346882 6092530.2596361050 1504633.7801229220 0.4826566637 11.1654816136 -2.5470959164 0.1934102520 -0.8884051021 -0.2352520569 0.7381754395 2.0450750280 0.2481650508 0.0297942558 0.6465765554 -0.0000000000 0.0000000000 0.4328010996 -0.4249932606 0.0000000000 0.0000000000 
350370.0000000000 -1132917.4300992114 6092533.3555080174 1504633.9872788065 0.8076849454 11.1654816136 -1.0508909296 0.4372757491 -0.4030098682 0.2653395050 0.5296392050 2.3988403205 1.6325343137 -0.7601758574 -2.2136789862 -0.0000000000 0.0000000000 0.4098857969 -0.8311082800 0.0000000000 0.0000000000 
350400.0000000000 -1132916.2387126500 6092531.8270792803 1504633.7694269819 0.5840345256 11.1654816136 0.2067496386 0.5801411428 0.1931932901 0.3007734982 0.9700214718 -0.6475561362 0.7747366099 -1.3329872951 0.5409247435 0.0000000000 0.0000000000 -0.6680552681 -0.9973035649 0.0000000000 0.0000000000 
350430.0000000000 -1132915.7914001537 6092530.6939332848 1504633.6611857382 0.2902020131 11.1654816136 0.4218213230 0.3144343322 -0.2386257729 -0.0360371994 0.6707285236 0.1568675219 -0.0380180850 -0.8093733906 -0.4355700108 -0.0000000000 0.0000000000 -0.0097299591 0.0584074949 0.0000000000 0.0000000000 
350460.0000000000 -1132917.3538867326 6092532.1391786067 1504633.7936037893 0.7185926355 11.1654816136 -0.1164383706 0.6007346339 -0.4314645879 1.2485562278 0.0641595389 -0.5610015576 1.4257059688 -1.3574611504 0.2230352267 -0.0000000000 0.0000000000 -1.1861099279 0.1090568370 0.0000000000 0.0000000000 
350490.0000000000 -1132917.3617916624 6092533.3178347629 1504634.5956273961 0.2830926703 11.1654816136 0.2753695703 0.4880271253 -0.5064274023 0.4348862619 0.5670946784 -0.6696597251 1.0810883876 -0.7318374114 0.6710287967 0.0000000000 0.0000000000 -1.3918680578 -0.2715171596 0.0000000000 0.0000000000 
350520.0000000000 -1132915.9531482651 6092530.6974071302 1504633.1444998635 0.2044386815 11.1654816136 -0.4964438409 0.0528996625 0.2648340211 0.1963088025 0.2244661894 -0.9893515683 0.2221513986 -0.1399471205 1.7663396634 -0.0000000000 0.0000000000 -0.6211374273 -0.6736041293 0.0000000000 0.0000000000 
350550.0000000000 -1132915.3112481397 6092528.8595974809 1504633.3483546416 0.1312516837 11.1654816136 2.1777494823 0.4718181317 0.4151964839 -0.9498840244 0.9268040478 -1.3848499879 0.7208562692 0.1637953239 0.2601943365 -0.0000000000 0.0000000000 -1.4539577305 -1.5591210589 0.0000000000 0.0000000000 
350580.0000000000 -1132915.9296153400 6092531.4089302644 1504634.0933928918 0.2829933755 11.1654816136 2.6745789503 1.2088473737 0.1371514040 -0.5974212163 1.1813826116 -1.0391122028 0.6311453860 -1.1763843755 -0.7675316453 0.0000000000 0.0000000000 -1.2883779253 -1.0310292663 0.0000000000 0.0000000000 
350610.0000000000 -1132916.2624240534 6092529.8898493145 1504633.7920647094 0.6701237428 11.1654816136 1.1949442639 -0.0865594188 -0.2016488791 -0.7608699370 1.1249945559 0.1744313195 0.9567452081 0.2406772444 -0.9402105699 0.0000000000 0.0000000000 -0.6705514340 -1.0022434464 0.0000000000 0.0000000000 
350640.0000000000 -1132915.6457911646 6092529.1310450369 1504632.6009684971 0.2491845847 11.1654816136 0.4959069863 0.1556175528 -0.0223145489 -0.0006917430 0.4038648397 -0.2564597382 1.1999621121 -0.0674108256 -0.2194111557 -0.0000000000 0.0000000000 -0.8592739076 -0.8417689274 0.0000000000 0.0000000000 
350670.0000000000 -1132917.8224769102 6092531.4109883690 1504634.3223682079 0.6087167887 11.1654816136 -1.0246107691 0.9634482873 -0.8816760732 -0.0013428332 0.0479647554 0.6337239423 1.8687081271 0.4374737310 0.9177939418 0.0000000000 0.0000000000 -1.9194909669 -0.9927683000 0.0000000000 0.0000000000 
350700.0000000000 -1132916.4253420040 6092530.2458764417 1504634.1944461311 0.0639854241 11.0041300577 1.0540440597 0.5422944076 -0.2429635383 -0.9520012286 1.1088973624 0.0000000000 1.0627834382 0.2572883007 -0.1209205669 0.0000000000 0.0000000000 -1.2896221429 -1.4498137538 0.0000000000 0.0000000000 
350730.0000000000 -1132917.0388365034 6092533.5690804813 1504632.8235298195 0.3795724272 11.0041300577 0.2920474383 1.0573883585 -0.7454506908 0.0950583486 0.3574820849 0.0000000000 1.0314521430 -0.5482319260 0.1969032348 -0.0000000000 0.0000000000 -1.4400270016 -0.2499643783 0.0000000000 0.0000000000 
350760.0000000000 -1132916.9548875198 6092530.7826105831 1504632.0822921507 0.4636455494 11.0041300577 -0.9114627927 0.5938468420 -0.6005460243 0.3790649781 0.3431569648 0.0000000000 1.2419423210 -0.2790994584 1.2044148475 0.0000000000 0.0000000000 -1.3783677756 -0.6107541122 0.0000000000 0.0000000000 
350790.0000000000 -1132915.3505823424 6092529.0103313439 1504632.9568134912 0.0369826979 11.0041300577 0.1988507500 0.2768858985 -0.5179055520 0.0605503621 0.8873733993 0.0000000000 1.2578697024 -0.3915204376 0.0095021384 0.0000000000 0.0000000000 -1.0806266650 -0.6718111934 0.0000000000 0.0000000000 
350820.0000000000 -1132915.9400477305 6092528.3879924985 1504633.5932452329 0.1863756440 11.0041300577 0.2292221881 0.7026195541 -0.6322542072 -1.4508750279 0.4986033105 0.0000000000 0.0652058037 1.3808607218 1.6588147773 0.0000000000 0.0000000000 -1.6678024556 -0.9465343583 0.0000000000 0.0000000000 
350850.0000000000 -1132916.5899284363 6092531.4102989435 1504633.1253772189 0.2677528123 11.0041300577 0.8599579013 0.6309861558 -0.4337017383 0.0328826478 0.1035810435 0.0000000000 1.3248195825 -0.1712052130 -0.8736696603 -0.0000000000 0.0000000000 -1.0606144562 -0.3296103161 0.0000000000 0.0000000000 
350880.0000000000 -1132915.4336484387 6092526.3770166505 1504631.8762313391 0.2384040928 11.0041300577 -1.3810535090 0.1528200541 -0.1120960546 0.3825214559 -0.4136152038 0.0000000000 1.2912496973 0.5745095560 1.3258052107 0.0000000000 0.0000000000 -1.0571417159 -0.8360286959 0.0000000000 0.0000000000 
350910.0000000000 -1132915.7674506288 6092526.9178370265 1504632.3492048006 0.3216251174 11.1654816136 0.8419919510 0.6184458915 0.0595099524 -0.0545504487 0.0010218164 0.0000000000 1.2544206108 0.4236572471 0.3950852214 -0.0000000000 0.0000000000 -2.2765139105 -0.6136684303 -0.7872285835 0.0000000000 
350940.0000000000 -1132915.4667986173 6092530.2071826113 1504632.4904522311 0.2238255223 11.1654816136 0.5433958229 0.0524451818 0.2430335087 0.6215296043 -0.1983554391 0.0000000000 0.8182574637 0.3647924568 1.0094559855 0.0000000000 0.0000000000 -2.5636448502 0.2795606104 -1.3901625497 0.0000000000 
350970.0000000000 -1132913.5441261088 6092527.8115594396 1504632.7673703972 0.0725591098 11.3140434823 -0.1279069997 0.6924301310 0.6752386196 0.7158323562 -0.0190971422 0.0000000000 0.0359439187 0.3092002734 1.5774961187 -0.0000000000 0.0000000000 -2.1907058453 -0.5074750590 -0.3659459519 -1.0889919267 
351000.0000000000 -1132915.3825187259 6092528.8874563370 1504632.5676978000 0.1275923118 11.3140434823 -1.7232175171 0.7327935832 0.1585929681 2.5517107822 0.1663522997 0.0000000000 0.6411734503 -0.2103707830 0.3477435767 -0.0000000000 0.0000000000 -1.0126842778 -0.7198769059 2.1787865501 -3.1910432488 
351030.0000000000 -1132914.1481879361 6092528.0893869856 1504632.4140991729 0.1835437467 11.3140434823 1.9817360805 0.9132309558 1.5936213722 2.0052869147 -0.1764527298 0.0000000000 -0.5335511399 -0.0395971462 -0.7191340795 0.0000000000 0.0000000000 -2.6578902013 0.3810753515 -0.1013284782 -2.9070676975 
351060.0000000000 -1132914.9691542601 6092529.4431714956 1504632.4224782127 0.2965444570 11.3140434823 -0.1768324076 0.3332272453 -0.2146268590 -0.7360065008 -0.1238476539 0.0000000000 0.2328079122 -0.3209740954 1.3140864382 0.0000000000 0.0000000000 -0.6428978558 0.0144009294 -1.2590162162 1.5275203057 
351090.0000000000 -1132914.5337377612 6092528.6907138433 1504633.7230272687 0.2421712447 11.3140434823 0.5665577342 0.2776796248 1.0867633401 1.8228372754 0.0706253130 0.0000000000 0.2391098121 0.7688429924 -0.5800503889 -0.0000000000 0.0000000000 -1.7928127613 -0.5874105111 1.0432772323 -3.0678967367 
351120.0000000000 -1132915.8742536055 6092528.7975058174 1504633.4895778452 0.1276291260 11.3140434823 -0.5615947286 0.1255597141 0.8664148703 0.4303439225 -0.1372756013 0.0000000000 -0.4673860751 1.1503744866 0.7601000875 0.0000000000 0.0000000000 -0.5544161157 -0.9992825831 0.9582725932 -1.7695173937 
351150.0000000000 -1132914.3161537165 6092527.1167263724 1504632.0020483355 0.0215970858 11.3140434823 -0.0710905078 -0.0582795153 0.1658859709 0.2811469247 0.3239653912 0.0000000000 0.6717604261 1.0876005503 0.3504999716 -0.0000000000 0.0000000000 -1.2639036744 -0.9643477375 0.5565691904 -1.1958017744 
351180.0000000000 -1132915.1189492501 6092527.5966229029 1504632.6690763999 0.1534331956 11.3140434823 0.1419740000 0.0114278546 -0.4050846860 -0.1870835377 0.3379011131 0.0000000000 0.2843096579 0.4857554324 0.4633030713 0.0000000000 0.0000000000 -0.9103656096 -0.1045350428 -0.0298217678 -0.1391864140 
351210.0000000000 -1132913.2258457711 6092527.0714961039 1504632.1263282981 0.2199794247 11.3140434823 -0.0219174416 -0.2339423675 1.2947075445 1.8014683566 -0.4750686196 0.0000000000 0.0876299883 -0.2205932585 0.3841293619 0.0000000000 0.0000000000 -1.3179771810 0.3594935032 -0.7370428174 -0.9872512554 
351240.0000000000 -1132914.3678018977 6092529.9317817241 1504633.6298242318 0.3256005222 11.3140434823 0.7725439800 0.4303256689 -0.1371250896 0.5290193930 0.3766053816 0.0000000000 -0.3035094145 -0.5698566743 0.1174319283 0.0000000000 0.0000000000 -1.1389617360 0.7574525536 -0.4042191585 -0.4031140099 
351270.0000000000 -1132912.8852169770 6092527.4484880324 1504633.4984009059 0.0045536120 11.3140434823 1.5235437576 0.4827380122 0.9645975213 0.4415603164 -0.0923070599 0.0000000000 -0.4923818980 -0.0433982653 -0.5419370553 0.0000000000 0.0000000000 -1.0902765880 0.2074869730 -0.4418577357 -0.9326901790 
351300.0000000000 -1132914.4683497946 6092527.5552067589 1504633.2488335769 0.1074408760 11.3140434823 0.3121490843 0.7672081435 -0.1827886908 0.1211997343 0.1728689574 0.0000000000 -0.7034790246 0.3844090464 0.1053001144 0.0000000000 0.0000000000 -0.6061363561 0.0489500316 0.9126508006 -1.3520767903 
351330.0000000000 -1132914.9477404167 6092528.7052312689 1504633.7316098351 0.0338743216 11.3140434823 0.2230282017 0.5822337754 0.0568768230 -0.9801846399 0.4860034379 0.0000000000 -0.0100372381 0.7731271414 0.8124312317 -0.0000000000 0.0000000000 -0.8284806430 -1.2579986504 0.3311541008 -0.3560009696 
351360.0000000000 -1132915.6449268810 6092529.8318071542 1504632.5019954774 0.1308729452 11.3140434823 -1.5955641292 0.2141446963 0.0880264188 1.7615261436 -0.1568199211 0.0000000000 0.5102437064 0.7314185965 1.6432959687 -0.0000000000 0.0000000000 -1.8873343560 -0.2997832866 0.7727986586 -1.8554966783 
351390.0000000000 -1132915.2565523146 6092528.4709699526 1504632.7032260268 0.3892353526 11.3140434823 -0.1143056876 0.7303034748 0.5403937446 0.5726105597 -0.3500104799 0.0000000000 0.2503646381 -0.2155954273 0.8981839331 -0.0000000000 0.0000000000 -1.3601545118 -0.1983359135 -0.4796500584 -0.3301849514 
351420.0000000000 -1132914.2854773814 6092527.6280539185 1504632.0969084797 0.0010543793 11.3140434823 0.4337599100 0.0649907458 0.1182889362 -0.2409835510 -0.1586437945 0.0000000000 -0.0337097184 0.5604379510 0.0849733672 -0.0000000000 0.0000000000 -0.5353752914 -0.0357554660 -0.1436726684 -0.1614871374 
351450.0000000000 -1132915.0496635314 6092528.1365155764 1504633.3350541759 -0.0000000137 11.3140434823 0.5082456962 0.8170903979 -0.1107347537 0.0191891355 -0.1097797859 0.0000000000 0.2210450923 1.4208961762 0.2340699489 0.0000000000 0.0000000000 -1.7476419254 -0.5024147857 0.8023601141 -1.6145363798 
351480.0000000000 -1132916.2152920826 6092528.2846095264 1504632.5054453074 0.1578653280 11.3140434823 0.3877688184 0.5832213852 0.0293181749 -0.2333393005 -0.3562374459 0.0000000000 0.3886226928 0.7906699022 0.1416802311 -0.0000000000 0.0000000000 -1.0548597647 -0.3586296348 0.0967059108 -0.4762324802 
351510.0000000000 -1132915.8871083269 6092528.3810004694 1504633.4993120630 0.3822292217 11.3140434823 0.6008719706 0.8159499673 -0.2215187882 -1.0366858168 0.4947527199 0.0000000000 -0.4001048562 0.9414123211 0.6045810087 0.0000000000 0.0000000000 -0.9743432752 -0.8444809864 0.6211877513 -0.7565029351 
351540.0000000000 -1132915.5976477314 6092529.4550187644 1504633.4724980171 0.7673158890 11.3140434823 0.6661498597 1.8121065156 -0.6709405680 -1.1885951996 -0.3754629302 0.0000000000 0.1168500390 0.6065671607 0.0804866076 -0.0000000000 0.0000000000 -0.9254848834 -0.4822340408 0.6479736695 -0.4050304610 
351570.0000000000 -1132914.3365380580 6092529.1973523060 1504633.0237892258 0.1600401805 11.3140434823 0.3956107347 1.1113207195 0.4344507325 0.3139905086 0.0644826268 0.0000000000 -0.2117096646 -0.0091410369 1.3718357463 -0.0000000000 0.0000000000 -2.1752751949 -0.1738438701 -0.4306707090 -0.7473092738 
351600.0000000000 -1132913.7722743584 6092528.7931945492 1504632.9608423326 0.0006922066 11.3140434823 1.5375187555 0.7935273041 0.4137969128 0.1650094769 0.0555347787 0.0000000000 -0.4583556636 0.4224953555 0.1416235477 0.0000000000 0.0000000000 -1.9363858247 0.3588055743 -0.3718390983 -1.0520385958 
351630.0000000000 -1132913.0974204924 6092528.9384920103 1504632.9671192705 0.0033929179 11.3140434823 3.0124660950 0.2803775796 1.9755089114 1.5388689608 0.1218132235 0.0000000000 0.6687632395 0.0197116972 -0.7899554803 0.0000000000 0.0000000000 -3.4891599945 0.2739283839 -1.8907780720 -1.3575985928 
351660.0000000000 -1132914.5483176722 6092528.9674429037 1504632.9802663520 0.0104953187 11.3140434823 1.7787325120 0.9364299227 0.2245179364 0.2936203800 -0.0994260089 0.0000000000 0.4311272847 -0.0144378653 -0.8599636717 -0.0000000000 0.0000000000 -1.6703614953 0.3700398759 -0.4883980424 -0.6989991771 
351690.0000000000 -1132916.0553810985 6092531.0594377248 1504634.1288908368 0.0948696505 11.3140434823 1.2819916644 0.3219194688 0.4978294695 -0.1556286540 0.2508477114 0.0000000000 -0.0938220547 0.3722083691 -0.1106436691 0.0000000000 0.0000000000 -1.2033799923 -0.1898145238 -0.3714003744 -0.5495122778 
351720.0000000000 -1132916.7292078899 6092530.0016164891 1504633.7190983696 0.4470790289 11.3140434823 1.8168425807 0.8588179653 0.1863456126 -0.4600931858 0.8080164362 0.0000000000 -0.3522096502 0.7065817755 -1.1352274995 -0.0000000000 0.0000000000 -0.8133960081 -0.7260499274 0.9621185840 -1.7267464115 
351750.0000000000 -1132914.7206467784 6092528.4997589150 1504632.5950034438 0.2806391998 11.3140434823 1.2512197765 -0.0789391610 0.4822536501 0.1045241369 -0.0838691787 0.0000000000 -0.2699487878 0.1673459352 -0.6901083362 0.0000000000 0.0000000000 -0.4236025588 0.4614125616 -0.4632789992 -0.3064062399 
351780.0000000000 -1132914.7684976324 6092527.0529599274 1504632.8623614716 0.0787268354 11.3140434823 1.4408139668 1.4281603489 0.2015119661 -0.7743280711 0.2824067955 0.0000000000 -0.2138676112 -0.2052239342 0.4968652015 -0.0000000000 0.0000000000 -1.6773550622 -0.2993947082 -0.5342140649 -0.1807606168 
351810.0000000000 -1132916.2583455560 6092530.1138153551 1504633.8716882532 0.4121583779 11.3140434823 -0.3820614407 0.6321110889 -0.5344410431 -0.4506751228 0.5229316431 0.0000000000 -0.3316293715 1.0980236966 1.5009585352 -0.0000000000 0.0000000000 -1.4198424862 -0.6690052484 0.8481605379 -1.0210007461 
351840.0000000000 -1132916.0419238198 6092530.2129484974 1504633.4895343168 0.6205535633 11.1654816136 -0.2580748830 1.6701675290 -0.0960887249 0.0000000000 0.1576627602 0.0000000000 0.0821696012 -0.5832021827 1.5992022721 0.0000000000 0.0000000000 -1.7888763616 -0.4775164914 -0.0858659943 -0.3242460365 
351870.0000000000 -1132915.6783628361 6092527.3259762721 1504632.9905153604 0.2998436934 11.1654816136 -1.5976216372 0.7244302073 -1.0009945733 0.0000000000 -0.6565705572 0.0000000000 0.0903791818 0.2753318033 1.8273657932 -0.0000000000 0.0000000000 -0.7945251755 0.3889116212 0.2569611448 0.2167648720 
351900.0000000000 -1132915.9647445614 6092529.5492206048 1504633.2336911717 0.1789853920 11.3140434823 -0.2612588686 0.6055796244 0.7264203915 0.0000000000 -0.2486562695 0.1729011355 -0.5298007523 0.4563049552 1.5211985643 -0.0000000000 0.0000000000 -1.3590123976 -0.4127445338 -0.2286270712 -0.5806701840 
351930.0000000000 -1132915.6480546945 6092528.2018042905 1504633.5290446016 0.0791588471 11.3140434823 -0.4215163154 0.9470256263 0.0425047031 0.0000000000 1.0075204544 0.7568126730 -0.6742658721 1.3305767398 0.2217247923 0.0000000000 0.0000000000 -1.1239184906 -1.3568213293 1.8868582346 -2.6496931600 
351960.0000000000 -1132915.5519377762 6092528.5430252813 1504632.7541170237 0.0734161897 11.3140434823 -1.0874060360 0.3784765663 -0.5262056481 0.0000000000 0.8050073071 0.5822612788 0.1187119851 0.8584220803 1.3802827377 0.0000000000 0.0000000000 -1.5888018946 -0.8094323391 0.6261964471 -0.9178615221 
351990.0000000000 -1132915.2651825531 6092528.0332883243 1504632.3509177424 0.2874027293 11.3140434823 -1.9192085386 0.2939344209 -0.8087376818 0.0000000000 0.6948889304 1.5661969931 0.2502271759 0.4838676347 0.1582225646 -0.0000000000 0.0000000000 -0.4625616731 -0.5793297366 0.7523436480 -0.6193611563 
352020.0000000000 -1132914.7793761909 6092527.6281216173 1504633.1484807129 0.0797518106 11.3140434823 -1.9731268711 0.0881188745 0.6591196366 0.0000000000 0.3219468405 2.6241131029 -0.1500755448 1.4514001263 0.7333285836 -0.0000000000 0.0000000000 -1.7675986751 -0.9571056611 -0.1949532781 -1.0883326943 
352050.0000000000 -1132913.9157742849 6092526.0235828208 1504631.8827180474 0.1434867717 11.3140434823 0.2588707466 0.3113415989 0.7507282492 0.0000000000 0.0890958721 -0.8378004884 0.5031945740 -0.1235839939 1.9377114311 0.0000000000 0.0000000000 -1.5782013299 -1.0030107777 -0.7027580283 0.2741479139 
352080.0000000000 -1132915.7644783449 6092529.1324165482 1504633.1384980432 0.3890110186 11.3140434823 0.5762321546 0.6856372804 0.5769651818 0.0000000000 0.2272930631 0.0937478027 -0.0383861830 0.2107781436 0.1200707209 0.0000000000 0.0000000000 -0.9887814445 -0.6353489335 0.1226663491 -0.8712949757 
352110.0000000000 -1132912.9439151902 6092527.4726932915 1504632.5734288879 0.0399296195 11.3140434823 0.9125651307 -0.5295577726 1.4335114071 0.0000000000 -0.3396079027 1.0812663363 0.0164228632 0.7697823085 -0.3458808099 0.0000000000 0.0000000000 -1.3509745822 0.1502340253 -1.6283403431 -0.0023962833 
352140.0000000000 -1132915.8522605838 6092528.5430885488 1504633.1341496394 0.2359389251 11.3140434823 0.5675129848 0.5449085845 0.8578796711 0.0000000000 0.3607690215 0.2597394483 -0.6295781218 0.7932480330 -0.7240999457 0.0000000000 0.0000000000 -0.1134708979 -1.0116892934 1.1812035861 -1.9510296973 
352170.0000000000 -1132915.3982667462 6092528.3082626583 1504632.4901282059 0.0500714846 11.3140434823 -2.6859698660 -0.3273755885 0.2139983992 0.0000000000 -1.0543219047 0.8151529314 0.8501626506 0.5461710968 1.3313380830 -0.0000000000 0.0000000000 -0.0649007501 -0.6809070080 -0.3784370803 0.8488521480 
352200.0000000000 -1132915.4260489636 6092529.9446116816 1504633.3221531752 0.0342115176 11.3140434823 0.0150701159 -0.2778485983 0.0422475541 0.0000000000 0.1852440829 -1.0601929109 0.1435387453 1.2247925187 1.0070703475 -0.0000000000 0.0000000000 -0.4552061924 -1.0110420205 1.0155121009 -0.9348171460 
352230.0000000000 -1132914.3753917296 6092529.0005448097 1504633.2171789180 0.0516089528 11.3140434823 0.6209089990 0.6053189039 0.6332848697 0.0000000000 0.3898964133 0.5734123734 0.2695594267 -0.3708301487 -0.8199869974 0.0000000000 0.0000000000 -0.4694028007 -0.5875178879 -0.2004651612 -0.4610169738 
352260.0000000000 -1132915.2299576709 6092529.0611391291 1504633.2442479653 0.2871259651 11.1654816136 0.0000000000 0.4345013417 0.8185554579 0.0000000000 0.6376279132 2.1906897312 -0.1636580290 -0.1067925290 -0.5916983086 0.0000000000 0.0000000000 -1.4951782320 -0.1448396805 -1.0487614169 -0.3984391462 
352290.0000000000 -1132914.4206341510 6092527.4580048909 1504632.5823145548 0.0524527980 11.1654816136 0.0000000000 0.5177982932 0.1702055121 0.0000000000 0.2169650815 0.8397361496 -0.4427809072 0.5443937500 0.3483973952 -0.0000000000 0.0000000000 -1.3293386173 0.0591098972 -0.0534656970 -0.8383981099 
352320.0000000000 -1132914.5914915644 6092528.1572038345 1504632.4348055907 0.0924999235 11.1654816136 0.0000000000 0.7596671725 0.2043488617 0.0000000000 -0.0896329232 0.8913406068 0.6538430431 -0.0289943844 0.3645243012 0.0000000000 0.0000000000 -1.8493536619 0.0022049616 -0.9996730510 0.1002193097 
352350.0000000000 -1132914.3391273941 6092529.1497897636 1504632.8200582452 0.0886084526 11.1654816136 0.0000000000 0.4065132249 1.1096257918 0.0000000000 0.0154591190 1.2173271488 0.1557358483 0.1618485849 -0.1984741872 0.0000000000 0.0000000000 -1.1166576257 -0.5888136127 -0.6910213993 -0.4320105680 
352380.0000000000 -1132914.9995423502 6092528.3765699798 1504632.6462375366 0.0310730848 11.1654816136 0.0000000000 0.5926960117 0.7588815913 0.0000000000 -0.5467003183 1.0933593503 1.1913298794 0.1165664527 -0.2932718992 0.0000000000 0.0000000000 -1.5613413803 -0.2936995855 -1.2700845940 0.2213277230 
352410.0000000000 -1132914.7174131160 6092529.0859238105 1504632.3154819638 0.3614885178 11.1654816136 0.0000000000 -0.3705538221 1.1523342929 0.0000000000 -0.3693829172 0.7709061458 0.0338255967 0.1449904203 0.5706149920 -0.0000000000 0.0000000000 -1.0098563131 -0.0354236726 -1.4308416038 0.5232260269 
352440.0000000000 -1132915.7363317066 6092526.8807016406 1504632.4767464576 0.8834186865 11.1654816136 0.0000000000 0.9475372204 -0.4368366114 0.0000000000 -0.6053027187 -0.2730168684 0.5265185506 0.0849539057 -0.2329981535 -0.0000000000 0.0000000000 -0.2413373176 0.1597207344 0.4126199650 -0.3645309617 
352470.0000000000 -1132915.1412144857 6092530.1845480790 1504634.3152392625 0.0271417685 11.1654816136 0.0000000000 0.9101222446 0.1762577573 0.0000000000 1.1241008910 1.1702150197 0.0149168312 -0.1153116429 -0.1682730405 0.0000000000 0.0000000000 -1.4096361368 -0.7751909833 0.1582221246 -0.9918234611 
352500.0000000000 -1132916.2758072275 6092530.3918232704 1504633.6297817470 0.2722443149 11.1654816136 0.0000000000 0.7492247452 0.4713851045 0.0000000000 0.6525433404 1.2397525925 -0.2809496098 0.0274418079 -0.3827354056 -0.0000000000 0.0000000000 -0.9997817754 -0.4760592981 0.0850335961 -0.9928173008 
352530.0000000000 -1132914.7991268411 6092527.1160906749 1504633.0582535146 0.1500214891 11.1654816136 0.0000000000 1.4759431849 0.1614284759 0.0000000000 0.1491963604 0.9562511550 0.2137346244 0.0762335273 1.0917053501 0.0000000000 0.0000000000 -2.7896423916 -0.0476866321 -0.6767311858 -0.6036259916 
352560.0000000000 -1132915.1945290312 6092528.7864067117 1504633.4795027759 0.1607445623 11.1654816136 0.0000000000 0.7762516124 0.8075702867 0.0000000000 -0.0739376587 -0.5503894291 -0.9513786760 -1.2247317736 1.1835180064 0.0000000000 0.0000000000 0.2622335397 -0.3730534448 0.0309995550 0.0534617438 
352590.0000000000 -1132914.8564580756 6092529.0398184462 1504633.4703806266 0.1745627439 11.1654816136 0.0000000000 0.8750525073 0.0326404124 0.0000000000 0.8557000805 0.9897960591 -0.0735019211 -0.2792050812 0.9613466326 -0.0000000000 0.0000000000 -2.2375627672 -0.1553861190 -0.6523587690 -0.2731308441 
352620.0000000000 -1132915.2141329627 6092528.3255727338 1504633.2574596980 0.2341507028 11.1654816136 0.0000000000 0.7290645033 0.1171763260 0.0000000000 0.0492350345 0.8212902594 0.3285085635 0.0327437742 1.2134761659 -0.0000000000 0.0000000000 -2.5280429949 0.2727153236 -1.2297990223 0.1860243236 
352650.0000000000 -1132914.6984328632 6092528.1177881267 1504632.6714734351 0.1760341028 11.1654816136 0.0000000000 0.7600607569 0.1518936828 0.0000000000 -0.0744799452 0.1132377337 0.8432273566 -0.7558603776 2.1366913846 0.0000000000 0.0000000000 -2.6885211213 0.0806909671 -1.8770554141 1.2210454414 
352680.0000000000 -1132914.2998485025 6092528.8502198122 1504633.3265434385 0.0118063251 11.1654816136 0.0000000000 0.4539912449 0.8375715921 0.0000000000 -0.6098614613 1.2160405443 -0.1333416094 0.1938990649 0.3325143636 0.0000000000 0.0000000000 -1.5667021013 0.5415504832 -1.2346293493 -0.0069010074 
352710.0000000000 -1132914.3956926903 6092527.1191226440 1504632.6472990410 0.0814182697 11.1654816136 0.0000000000 1.2488051753 0.4013395557 0.0000000000 0.2468348372 0.1394616625 -0.7719722156 -0.8381488665 1.1676350759 -0.0000000000 0.0000000000 -0.9909394974 -0.1598609875 -0.0273052058 -0.4240479301 
352740.0000000000 -1132915.0198264853 6092528.7819149252 1504633.5042196724 0.0056069683 11.1654816136 0.0000000000 1.6557103513 0.4797156692 0.0000000000 0.8518779715 0.9634874131 -0.7252065296 -0.2584068526 1.0291089506 -0.0000000000 0.0000000000 -2.1866331284 -0.5700959296 0.1938685941 -1.3787157854 
352770.0000000000 -1132916.0187504117 6092527.9601382203 1504633.6568899830 0.2411733490 11.0041300577 0.0000000000 0.5225097131 0.0483707385 0.0000000000 0.6928120855 0.7881995981 -0.1914654378 0.3499997611 0.4295549733 0.0000000000 0.0000000000 -1.5543554587 -0.2620117372 0.0000000000 -0.7723850379 
352800.0000000000 -1132915.2086018480 6092529.1802760018 1504633.0731201386 0.0972033292 11.1654816136 0.0000000000 0.5420836900 1.1716501867 0.0000000000 1.0908571141 0.8505093221 -0.9227253509 -0.9137139524 1.6237868604 0.0000000000 0.0000000000 -1.7006953828 -0.8289147703 -0.7714296915 -0.1110761867 
352830.0000000000 -1132915.0473886579 6092527.2875776608 1504633.7909844213 0.0046171759 11.1654816136 0.0000000000 1.5446427388 0.4459577239 0.0000000000 0.4920390417 0.9673254224 0.2810480054 -0.0141213098 0.1028927446 0.0000000000 0.0000000000 -1.9003634628 -0.7401597260 0.1146022952 -1.2414678623 
352860.0000000000 -1132914.8140592817 6092528.7678309139 1504632.5237399957 0.2037237358 11.1654816136 0.0000000000 -0.1659903250 0.7080262484 0.0000000000 0.4233269462 1.6234478558 0.1415947988 0.0052405697 -0.5209886129 -0.0000000000 0.0000000000 -1.1120845529 -0.0366980213 -1.0939130892 0.1249186926 
352890.0000000000 -1132915.2124746393 6092528.5645027542 1504633.1592419669 0.1003317567 11.1654816136 0.0000000000 0.2581941527 0.8522049297 0.0000000000 0.0577659977 1.8110851880 1.2139381698 -0.5571547761 -0.6060688200 0.0000000000 0.0000000000 -1.7482984281 -0.0552053792 -2.0438827739 0.8884048118 
352920.0000000000 -1132915.1711842397 6092530.4803170646 1504633.3013108508 0.3093489996 11.1654816136 0.0000000000 1.1152895095 0.4552172405 0.0000000000 0.7660682398 2.4009047781 0.0937650117 -1.3159025944 -1.6677771357 -0.0000000000 0.0000000000 -0.8799339978 0.2433684976 -0.9768471870 -0.0478039980 
352950.0000000000 -1132915.7885465440 6092529.6526697744 1504633.4607978126 0.2266048318 11.1654816136 0.0000000000 0.4169365745 0.0483274016 0.0000000000 0.7844803383 1.3557514137 0.1274417908 -0.6334728682 0.2224339669 0.0000000000 0.0000000000 -1.7183954669 0.2000458037 -1.1686847184 0.4453504795 
352980.0000000000 -1132915.7165635461 6092529.2195279654 1504633.5164863330 0.1142121993 11.1654816136 0.0000000000 0.4928007207 0.4623500962 0.0000000000 0.4763870938 0.4316374473 -0.1729932607 -0.8149091442 1.3026201642 0.0000000000 0.0000000000 -1.4860708629 -0.2242519874 -0.9396995692 0.4687866038 
353010.0000000000 -1132915.3325915609 6092530.1155577116 1504633.7018934323 0.2130385380 11.1654816136 0.0000000000 0.7542617449 0.1021734273 0.0000000000 0.4330431544 0.6966268982 -0.3943356682 0.7387496539 0.2401009932 0.0000000000 0.0000000000 -1.4141534440 -0.2059864966 0.5107938718 -1.4070296829 
353040.0000000000 -1132916.1064118142 6092528.6376275495 1504632.8891065165 0.6333191113 11.1654816136 0.0000000000 0.9421502552 0.3729681669 0.0000000000 -0.0701353319 0.4222469640 0.1366353284 0.5112379765 -0.6655489260 0.0000000000 0.0000000000 -0.4339359041 -0.4804091332 0.7547915802 -1.4536639003 
353070.0000000000 -1132914.9955271578 6092528.4836633569 1504633.0080407844 0.0153606864 11.1654816136 0.0000000000 0.4917401196 0.5089877728 0.0000000000 0.1623829104 1.1786418815 0.0797302699 0.4517184456 -1.1725971041 0.0000000000 0.0000000000 -0.4880007671 -0.2283800394 0.2083112314 -1.1003353003 
353100.0000000000 -1132915.7946797244 6092528.7171537587 1504633.4569927694 0.0191504731 11.1654816136 0.0000000000 0.6165771549 -0.5551270171 0.0000000000 0.9213628500 1.4486058272 -0.7086311839 0.4649892416 -1.2844190336 0.0000000000 0.0000000000 -0.5365961660 0.4483546534 0.7898448784 -1.4449655154 
353130.0000000000 -1132914.9807922295 6092529.1142656431 1504633.3208063901 0.1141181489 11.1654816136 0.0000000000 0.7546145610 0.4758536964 0.0000000000 0.5259348124 1.7560216245 -0.0905627244 0.4060582979 -0.9890669661 -0.0000000000 0.0000000000 -1.3467319801 -0.0740976565 -0.0454583640 -1.2417470886 
353160.0000000000 -1132914.2832608428 6092527.1895369934 1504633.4375830977 0.0068372068 11.1654816136 0.0000000000 -0.1533114296 1.6604012115 0.0000000000 0.5119457262 2.3282384320 0.1102053379 -0.3502482998 -0.8427425436 0.0000000000 0.0000000000 -1.2933962021 -0.4267759525 -1.5518785058 0.1388282264 
353190.0000000000 -1132915.2992073919 6092528.1932006357 1504632.9355224560 0.1243548934 11.1654816136 0.0000000000 0.1934333230 -0.0023578296 0.0000000000 -0.1020409469 0.2053378143 0.1174178312 0.7138495979 0.2868295716 -0.0000000000 0.0000000000 -0.9564284971 0.0569935565 0.0167403913 -0.5289661589 
353220.0000000000 -1132914.1282427770 6092524.7304744050 1504632.1876718428 0.0108274603 11.1654816136 0.0000000000 0.0626140464 0.3022710643 0.0000000000 -0.8156099171 -0.3542055013 0.9116416589 0.9832556235 0.0963011901 0.0000000000 0.0000000000 -0.5605504973 -0.2511019461 -0.0550654773 -0.3825951681 
353250.0000000000 -1132916.0340875715 6092528.8580939751 1504633.7101684504 0.0542375287 11.1654816136 0.0000000000 0.3917557579 0.2626444778 0.0000000000 0.2946346437 0.1648215994 -0.5844813673 0.5838193380 0.5212815455 0.0000000000 0.0000000000 -0.7542832064 -0.3365538333 0.6177931876 -1.1404420217 
353280.0000000000 -1132914.9490528416 6092527.2567987824 1504633.4466588076 0.0733282315 11.1654816136 0.0000000000 0.9159547419 0.8237539605 0.0000000000 0.3175840143 0.5402902669 -0.5172864747 0.1514780981 0.0795719589 0.0000000000 0.0000000000 -0.7361163693 -0.6803157501 0.6246015933 -1.4735649534 
353310.0000000000 -1132914.8109141716 6092528.5738478815 1504633.2683233034 0.1082828686 11.1654816136 0.0000000000 0.3607812444 0.7963788488 0.0000000000 0.4179865303 1.8908956488 0.5505592072 -0.0891492870 -0.9521628654 0.0000000000 0.0000000000 -1.5037296478 -0.1297024176 -1.0666580356 -0.1680188385 
353340.0000000000 -1132914.7229710480 6092525.7269167630 1504632.7782589765 0.1367737305 11.1654816136 0.0000000000 0.0623148960 0.4533560323 0.0000000000 -0.1741826472 -0.4537975084 0.6554277167 0.3696050523 0.3783466522 -0.0000000000 0.0000000000 -0.3450008636 -0.8231669414 0.0815342225 -0.2567919038 
353370.0000000000 -1132915.2878235455 6092528.2752556475 1504633.9908501394 0.0970132597 11.1654816136 0.0000000000 0.3175404069 0.6244766901 0.0000000000 0.2762191809 1.8020202330 -0.8223215288 0.4998229393 0.0270638598 0.0000000000 0.0000000000 -1.8208680956 0.5976111230 -0.5926841275 -0.7955460716 
353400.0000000000 -1132915.8407436165 6092527.3850547392 1504633.3106170553 0.5826049895 11.1654816136 0.0000000000 0.6441548447 0.3635114674 0.0000000000 0.4079633770 -0.3398868859 -0.1923508069 0.0016312637 0.8646467517 0.0000000000 0.0000000000 -0.6318448252 -0.8992392427 0.6076886086 -0.8442734835 
353430.0000000000 -1132915.6621746763 6092527.8907260820 1504633.4502662623 0.1389905396 11.1654816136 0.0000000000 0.3948714773 -0.1325632327 0.0000000000 0.7937473546 0.2112451535 -0.2033981383 -0.3298732175 1.6557987127 -0.0000000000 0.0000000000 -1.8857867952 -0.2369076230 -0.5326240713 0.2652225191 
353460.0000000000 -1132914.4243071582 6092526.7157345945 1504634.1130771292 0.0180742438 11.1654816136 0.0000000000 0.4073011717 1.3676782781 0.0000000000 0.7972023509 1.7178667622 -0.8741476690 0.2362341276 0.2636970014 0.0000000000 0.0000000000 -1.7868444679 -0.5592876720 -0.2508468835 -1.2043004931 
353490.0000000000 -1132914.9089829165 6092528.9559009699 1504633.6064076254 0.0583710919 11.1654816136 0.0000000000 0.4703164119 0.3490380302 0.0000000000 0.6236554289 0.3821623466 -0.7313649298 0.4256285042 1.3252005733 0.0000000000 0.0000000000 -1.6957691262 -0.3993615429 0.2277022752 -0.9495532289 
353520.0000000000 -1132914.5557738675 6092529.5078691160 1504633.1213344717 0.0841767941 11.1654816136 0.0000000000 0.0063930979 1.3783695579 0.0000000000 0.5488097491 1.7158641296 -0.5687166394 -0.4964934232 0.4813235520 -0.0000000000 0.0000000000 -1.6655410818 -0.2124809874 -1.2809868389 0.1805883300 
353550.0000000000 -1132914.6578723763 6092527.8013186213 1504633.2971696812 0.0432037116 11.1654816136 0.0000000000 0.5340753298 0.8448209893 0.0000000000 0.3209848265 0.8383536846 -0.2528981990 0.1434013505 -0.1919494469 0.0000000000 0.0000000000 -0.8090831684 -0.4799641663 0.1422710030 -1.0318303927 
353580.0000000000 -1132915.4649400972 6092528.2804076001 1504632.9989178188 0.5975984446 11.1654816136 0.0000000000 1.2103889369 0.5982199261 0.0000000000 0.8121487002 0.9732162439 -1.6122884939 -0.0786997339 0.8920538159 -0.0000000000 0.0000000000 -1.5377308876 -0.1167880325 0.6773152204 -1.7253794616 
353610.0000000000 -1132915.7124384155 6092530.4999780720 1504633.0465353078 0.3313791811 11.3140434823 0.0000000000 0.8193416147 0.4973251254 0.0000000000 0.1751865112 -0.3862926404 -0.5848380028 -0.2587721762 0.9178277274 0.0000000000 1.7912460812 -1.2817803540 0.2350261667 -1.3462055715 -0.1776679650 
353640.0000000000 -1132916.3500769068 6092529.6039328910 1504634.3751865900 0.0857574325 11.3140434823 0.0000000000 1.5782622412 0.6651312857 0.0000000000 0.4738738939 0.8178637921 -0.8459394457 0.4759675735 0.1289518175 -0.0000000000 0.6546885947 -1.8158366071 -0.0423238703 0.3465340400 -2.2065981512 
353670.0000000000 -1132915.4567367567 6092528.8972720811 1504633.8232488343 0.3100648636 11.3140434823 0.0000000000 0.6722358713 0.3128778369 0.0000000000 1.1062142768 2.7633566333 0.3274594388 -0.6024203486 0.0469140388 -0.0000000000 -1.4760177555 -2.7314501072 -0.1406952081 -0.4513740005 -0.0240787260 
353700.0000000000 -1132916.3381891206 6092528.3884752719 1504633.5671063093 0.2915679440 11.3140434823 0.0000000000 -0.2391557884 1.3760495413 0.0000000000 0.6614082846 1.4095411703 -0.2594036116 -0.7286824972 0.6699272693 0.0000000000 -0.6689732275 -1.1332858393 -0.9225256951 -0.6261899746 0.3700124682 
353730.0000000000 -1132916.1461203764 6092526.3877041843 1504633.3989607175 0.2586738077 11.3140434823 0.0000000000 2.1810888444 0.9900005897 0.0000000000 0.0669888032 0.4533545488 0.3768314693 -0.8127145999 1.4369958323 -0.0000000000 -0.6643876700 -2.3802771778 -0.8731481427 0.2374364742 -1.1728615892 
353760.0000000000 -1132916.1642276102 6092530.2236876031 1504633.4534810395 0.3540315557 11.3140434823 0.0000000000 0.7799024074 -0.6616772504 0.0000000000 0.9033264010 2.2824488141 -0.8164137614 -0.4626802441 -0.9325238108 -0.0000000000 -0.6138557854 -1.2797162298 1.2462489708 0.0297056649 -0.4476587465 
353790.0000000000 -1132914.7055501696 6092527.7407834837 1504633.0470552603 0.0499058793 11.3140434823 0.0000000000 0.3868070324 1.0061331384 0.0000000000 0.1282706666 2.1705345383 0.0000801179 1.2211763979 -0.6282533704 -0.0000000000 -1.1873057124 -1.8056962226 -0.2325026027 0.7445107700 -1.9485775182 
353820.0000000000 -1132915.1525288406 6092530.0544809746 1504633.4798362229 0.3087588532 11.3140434823 0.0000000000 -0.2983393660 0.6125807810 0.0000000000 0.8609186507 2.4480150063 -0.9838394616 0.4205610065 0.5235762809 0.0000000000 -1.7415147102 -1.7706934101 -0.2127455016 0.7286101937 -0.8294993332 
353850.0000000000 -1132915.0527834983 6092529.4121063016 1504632.6621069680 0.0614780085 11.3140434823 0.0000000000 -0.2941441116 1.8942586912 0.0000000000 0.3611840823 2.0310121501 -1.0109284961 -0.2097648031 0.6064238412 0.0000000000 -1.0121778859 -1.2259804447 -0.6566997197 -0.0921490746 -0.5111378225 
353880.0000000000 -1132915.0633423526 6092528.7587035336 1504633.5604813013 0.0122132708 11.3140434823 0.0000000000 0.6847432252 1.0693060891 0.0000000000 0.4441559878 0.0514892275 -0.3884923992 0.1296975579 0.5108493438 0.0000000000 2.2049435099 -1.8539023354 -0.0700929638 -1.8010943291 -0.4861072615 
353910.0000000000 -1132915.2899744927 6092527.7006580206 1504633.2385104038 0.2970740641 11.3140434823 0.0000000000 0.8728282313 0.5874320234 0.0000000000 0.2467268609 0.7572061302 -0.6333131970 -0.9822072357 0.2155291419 0.0000000000 0.5723791314 -0.9888176202 0.4345106008 -0.9552853542 0.0423283990 
353940.0000000000 -1132914.5723014504 6092526.9851448499 1504633.1701247643 0.0508913005 11.3140434823 0.0000000000 1.7100721717 0.6273787278 0.0000000000 -0.3506433207 0.7773255897 0.7009270207 -0.6990871433 0.4588085904 0.0000000000 -0.5197727706 -1.9511486093 0.0949015243 -0.4241431295 -0.5324211318 
353970.0000000000 -1132914.7271408085 6092529.7026314270 1504632.7507740015 0.1049124218 11.3140434823 0.0000000000 -0.0317365555 0.7260748138 0.0000000000 0.2141776768 1.1545776008 -0.7594125783 -0.2061416562 -0.4161450809 0.0000000000 0.6637681835 -0.6661449402 0.5730880707 -1.0521756168 0.0155973934 
354000.0000000000 -1132914.7147406752 6092528.2675185939 1504632.5069714845 0.1493977052 11.3140434823 0.0000000000 -0.3207107143 0.7211922155 0.0000000000 0.0608404598 1.4223214683 0.1617944946 0.4018359863 0.6734073034 0.0000000000 -1.0601620265 -1.6974331902 -0.2507300503 -0.2631874446 -0.0279733215 
354030.0000000000 -1132915.6465810311 6092530.4657632485 1504633.1566986435 0.1657387443 11.3140434823 0.0000000000 0.3409935995 0.2263196831 0.0000000000 0.4301477041 -0.0571709276 -0.7249456451 0.1490857622 1.3033362998 -0.0000000000 0.7809832137 -1.4652584053 0.0087877309 -0.5475502564 -0.2750398515 
354060.0000000000 -1132915.4320522216 6092528.1488842387 1504633.4666563137 0.0236285380 11.3140434823 0.0000000000 0.2525831640 0.1241556969 0.0000000000 0.1437354004 0.9462134337 0.6477519554 0.4838971243 -0.6120084246 0.0000000000 0.0556063996 -1.3073316472 0.2300229570 -0.6008144537 -0.3107470409 
354090.0000000000 -1132914.4589964487 6092527.8292581104 1504632.8773636827 0.2656423807 11.3140434823 0.0000000000 1.3336497239 0.8906859636 0.0000000000 0.3308374008 0.3749374315 -0.5858564232 -0.6312212155 1.2881543160 0.0000000000 -0.1472299775 -1.5659986857 -0.4960316382 0.2259955227 -1.0273128858 
354120.0000000000 -1132914.3080181144 6092528.9722284228 1504633.5065311552 0.0003240142 11.3140434823 0.0000000000 0.4205711266 0.3540223262 0.0000000000 -0.0154770785 1.3339381755 1.1585524982 0.0780592012 -0.5982170097 0.0000000000 -0.7552322340 -1.4753578862 -0.0145604916 -0.4949501209 -0.1070686897 
354150.0000000000 -1132914.1474487060 6092527.9277259558 1504632.7145810167 0.0023638407 11.3140434823 0.0000000000 0.4501369465 0.8324774144 0.0000000000 -0.3213047514 0.8523158183 0.3083824578 -1.4443448364 0.5368541108 -0.0000000000 -1.4959022857 -0.2458888256 -0.4260451597 0.0362630476 0.6164734472 
354180.0000000000 -1132914.8503334059 6092529.3339271955 1504633.8258513547 0.0777427032 11.3140434823 0.0000000000 1.4745327949 0.2793897248 0.0000000000 0.1464104159 0.1431359615 0.2781036831 -0.6689042208 1.4447859329 -0.0000000000 0.7815975785 -2.7150011893 0.3192565509 -1.5236634329 0.1798173530 
354210.0000000000 -1132915.8686115299 6092530.8732130071 1504634.0547349050 0.3929446455 11.3140434823 0.0000000000 -0.3020617958 0.0759513609 0.0000000000 0.7374655559 1.5792010546 -0.8490290025 -0.7495078722 0.7187509838 -0.0000000000 -0.8530460681 -1.0670067238 0.1348938003 -0.2889635187 0.7728896107 
354240.0000000000 -1132914.9924421357 6092529.1991051035 1504632.9409989170 0.1719081067 11.3140434823 0.0000000000 0.5933395920 0.5584370618 0.0000000000 -0.2619979555 1.2154161864 1.4577988589 -0.5919751292 -0.3697636094 0.0000000000 -0.1547674854 -1.8781256943 0.3301816431 -1.7979972353 0.8776859685 
354270.0000000000 -1132915.9026751036 6092529.3245371561 1504633.8337032972 0.0239093805 11.3140434823 0.0000000000 0.8128848917 -0.2905728060 0.0000000000 0.9897735389 0.6009043026 0.1684068799 -0.8841410670 -0.5280000401 -0.0000000000 0.3146077786 -0.7045713860 -0.0768720672 -0.4187471190 0.1257769516 
354300.0000000000 -1132915.1565860028 6092529.3912440920 1504633.9471551352 0.0032222005 11.3140434823 0.0000000000 1.2291818805 0.6971760495 0.0000000000 0.1188882349 0.8541177031 1.0569235492 -0.9522005255 -0.6364274623 -0.0000000000 -0.5852181448 -0.8718282975 -0.4244482932 -0.2076794163 -0.3693077146 
354330.0000000000 -1132915.3615006108 6092528.0296939230 1504633.4631526424 0.2477884107 11.3140434823 0.0000000000 0.0029493620 0.5746722504 0.0000000000 0.1018382835 1.9178894462 -0.1989380297 -0.1211106438 -0.5915996890 -0.0000000000 -0.6218097065 -1.0918278299 0.5554635838 -0.4757542252 -0.0844376290 
354360.0000000000 -1132915.8235861228 6092528.0598622737 1504633.6922920952 0.0575617641 11.3140434823 0.0000000000 1.0671644120 1.9038461384 0.0000000000 -0.1526050029 -0.6935853964 -0.5700717305 -0.6243924178 -0.5345425749 -0.0000000000 1.8763592095 0.4814206870 -0.4743893474 -0.5957416017 -1.3340865548 
354390.0000000000 -1132914.4957676430 6092529.0787896067 1504634.0418004710 0.0066558262 11.3140434823 0.0000000000 0.3685286623 0.9156830700 0.0000000000 0.7759906925 2.9211857077 -0.1163505832 -0.4671447294 -0.7801478511 0.0000000000 -0.6584777794 -2.2177559679 0.3500990338 -0.8825647224 -0.1950575668 
354420.0000000000 -1132914.7369876043 6092527.3497646470 1504632.6535942745 0.1325091840 11.3140434823 0.0000000000 0.3906726594 0.8720902777 0.0000000000 -0.2557522912 0.2961015147 0.1869339690 0.0773004126 -0.1168230611 -0.0000000000 0.0911065373 -0.5344798082 -0.1230820516 -0.2096647333 -0.6505981525 
354450.0000000000 -1132915.0865453251 6092531.3692133445 1504633.4883312245 0.0060442372 11.3140434823 0.0000000000 0.8569915886 0.1454859021 0.0000000000 0.9007797684 0.5853052940 0.3889710999 0.3351662177 0.1721325482 -0.0000000000 0.2918614178 -2.0267276939 -0.4121180557 -0.2129231982 -0.9306215633 
354480.0000000000 -1132914.8542328489 6092528.2532679457 1504633.0106147944 0.2107268044 11.3140434823 0.0000000000 1.1827276800 1.0430605157 0.0000000000 0.3547474922 2.8458999592 0.5607716059 -0.8902873799 -1.1800298010 -0.0000000000 -1.3407132768 -1.9677409067 0.3099977098 -0.3144801507 -0.7305833860 
354510.0000000000 -1132915.7765778550 6092530.3318594908 1504633.4630536439 0.1348085361 11.3140434823 0.0000000000 1.3861740601 0.5650370851 0.0000000000 0.1552983039 1.1332189328 0.5588550784 -1.2164011408 0.2821667029 -0.0000000000 -1.1569272938 -1.4209414756 -0.2136255235 0.0810072269 -0.3313215155 
354540.0000000000 -1132915.0670225162 6092530.2603938971 1504634.1145143667 0.0051210015 11.3140434823 0.0000000000 0.7845903959 0.8410893048 0.0000000000 0.7159592836 2.0983557168 0.1769768742 -0.5209967465 -0.3832740207 0.0000000000 -0.1255317838 -2.3969139470 0.2050221983 -1.0812829594 -0.2442196081 
354570.0000000000 -1132915.3853522593 6092529.5289586037 1504634.0920472003 0.0000039489 11.3140434823 0.0000000000 0.3928703067 0.8762296946 0.0000000000 0.2413803498 1.0367839269 0.9538050527 -0.4418377205 -0.5412464570 0.0000000000 -0.1170343619 -1.2081429388 -0.3721004155 -0.9500361236 0.1347304740 
354600.0000000000 -1132915.8560925154 6092529.9895389415 1504634.1879973828 0.0001126408 11.3140434823 0.0000000000 0.1811102426 0.7356873294 0.0000000000 0.6698100140 0.9585280847 -0.1491129828 1.5491625618 -0.5060468423 0.0000000000 1.0216496014 -2.0864986087 0.0899846215 -0.5123280235 -1.7010098215 
354630.0000000000 -1132915.8363962658 6092529.0992973186 1504633.7913837405 0.0148910104 11.3140434823 0.0000000000 0.5929873763 0.1371729086 0.0000000000 -0.0276358310 1.2599613877 1.0738697943 -0.0243814983 -0.2255413570 0.0000000000 -1.5075586373 -1.3155205709 -0.0873755688 0.3561520779 -0.4632575269 
354660.0000000000 -1132915.2909849335 6092527.6960571473 1504633.2366092415 0.1023934539 11.3140434823 0.0000000000 0.4933275178 -0.0327318235 0.0000000000 -0.1011944346 -0.3638407065 1.4384008559 0.3225509543 0.2418918233 -0.0000000000 0.1151013504 -1.2371168749 -0.3026052450 -0.6750006571 0.0781487190 
354690.0000000000 -1132916.1080340354 6092529.0006994186 1504633.8293821851 0.0504111204 11.3140434823 0.0000000000 -0.1754309368 0.4403268402 0.0000000000 0.7898444786 1.4320286239 -0.2897445077 0.2400503697 0.2276726902 0.0000000000 -0.3292834553 -1.5778304488 -0.3076015850 -0.1670377665 -0.2693879152 
354720.0000000000 -1132914.9678176248 6092528.0515781548 1504633.1038934647 0.2145777516 11.3140434823 0.0000000000 0.3280138220 0.6922292238 0.0000000000 0.1740972369 0.9786338693 0.8087195438 0.8022161338 -1.0146440491 0.0000000000 0.7548168480 -1.8093801481 0.3863200931 -1.2747709227 -0.6608288279 
354750.0000000000 -1132914.5122716699 6092528.7772518164 1504633.7294412814 0.0056274902 11.3140434823 0.0000000000 0.8854827127 0.3448556871 0.0000000000 0.8207456970 2.1870796621 0.0652848239 -1.7797070363 -0.1952805469 0.0000000000 -0.5486514191 -1.9120475620 0.3551592364 -1.2332277242 1.0002970841 
354780.0000000000 -1132914.8042559349 6092530.7702660933 1504633.2102494228 0.0069960092 11.3140434823 0.0000000000 0.3958517997 0.2825227030 0.0000000000 0.7886839791 2.8154707921 1.0319117829 -0.1841265489 -0.9356822858 0.0000000000 -1.1061539210 -2.6879387111 0.2774446819 -0.9120047073 0.1511249960 
354810.0000000000 -1132916.8966029838 6092531.8044439200 1504634.4687234177 0.3764685820 11.3140434823 0.0000000000 -0.0603220900 0.0684967320 0.0000000000 1.0270222691 1.2915610196 -0.6830517987 0.6602606450 -0.2150420911 -0.0000000000 1.3806609673 -2.3107838361 0.7066908032 -1.5381949242 -0.0236436234 
354840.0000000000 -1132916.0199423344 6092528.2967893668 1504633.8573052662 0.0783092457 11.3140434823 0.0000000000 0.3510264962 -0.1123463668 0.0000000000 0.3246984468 -0.7505268974 0.7248625177 -0.5673577699 -0.2053629914 -0.0000000000 1.1048443205 -0.1331576955 -0.2749539762 -1.2316042507 0.9106027001 
354870.0000000000 -1132916.0076754694 6092526.8129208097 1504633.0142893652 0.0462273306 11.3140434823 0.0000000000 0.9515185369 -0.2559584356 0.0000000000 -0.5103031612 -0.5166625550 0.5926278886 0.1331207177 1.8158459658 -0.0000000000 -0.8830685001 -1.4718893713 -0.0443433112 0.4910943308 -0.4872860924 
354900.0000000000 -1132916.1780872638 6092529.2975927349 1504632.9982812433 1.2814252148 11.3140434823 0.0000000000 -1.4476036323 0.3326428409 0.0000000000 0.7294497473 2.1177182187 0.1519749199 -0.8349061926 -0.0054963163 0.0000000000 -1.2132552452 -0.5362351733 -0.8416769756 -0.7516195610 2.1622112167 
354930.0000000000 -1132913.7663027397 6092528.6053517992 1504634.0774282683 0.0049025670 11.3140434823 0.0000000000 -0.3163725382 1.2059162853 0.0000000000 0.9138512313 4.6122677700 -0.1652535283 -1.5554677727 -0.9109153027 -0.0000000000 -1.9528248275 -2.3425951075 0.2485674534 -1.0554381260 1.1737394479 
354960.0000000000 -1132914.8406371272 6092528.7913079076 1504633.9990873709 0.1846519429 11.3140434823 0.0000000000 -0.1082899377 0.8308751288 0.0000000000 0.6767444032 1.3359765008 0.5826163597 0.2566222621 -0.2359420246 -0.0000000000 1.0194075883 -2.5975069197 0.0242660253 -2.2426880883 0.6545755635 
354990.0000000000 -1132915.5904426191 6092528.8281849781 1504633.3824768823 0.0801219572 11.3140434823 0.0000000000 1.9213250589 -0.4579653936 0.0000000000 0.5398829358 -1.6000916412 -0.2222970493 -0.8805955464 1.9392668299 0.0000000000 0.5347329319 -0.9859976336 -0.4906334239 0.4752019283 -0.7309514970 
355020.0000000000 -1132916.0890221687 6092526.8233844563 1504634.3807677412 0.1719393446 11.1654816136 0.0000000000 0.0000000000 -0.5162767059 0.0000000000 0.8794679610 -0.8723792521 -0.6483820787 -0.1422898459 1.3468131197 -0.0000000000 1.1462450422 -0.6570913529 -0.5909445847 -0.5105729116 0.7217147275 
355050.0000000000 -1132915.2438851967 6092530.7423361633 1504634.6236597553 0.0009364045 11.3140434823 0.0000000000 -0.1514657439 0.1797820105 0.0000000000 1.3312948477 2.5915235693 -0.8947772928 -0.4714605261 -0.6190697673 0.0000000000 -0.5700341433 -1.4289130036 0.1190120930 -0.1070278868 0.0578903834 
355080.0000000000 -1132915.0119769208 6092530.5620174240 1504634.3146201144 0.0009676679 11.3140434823 0.0000000000 0.4584910161 0.1668986782 0.0000000000 1.0408679842 2.0506927119 0.4485455317 0.0824865900 -0.5930694430 -0.0000000000 -0.7775648702 -2.1614710095 -0.0454794077 -0.1164415119 -0.5834867673 
355110.0000000000 -1132915.7046386446 6092527.2024895158 1504632.9457133545 0.2615897605 11.3140434823 0.0000000000 0.5504687990 -0.2905551199 0.0000000000 0.5730844604 -1.4349130465 0.2303209333 0.3834214107 1.1184692644 0.0000000000 0.9666812999 -0.7557549872 -0.7924506815 -0.0796169707 -0.3677755562 
355140.0000000000 -1132916.0169241147 6092529.9550304590 1504634.0199984608 0.0065256178 11.3140434823 0.0000000000 -0.1742589557 -0.8673142238 0.0000000000 1.0252681841 0.0581900281 -0.7798931383 0.3744881974 -0.3010895794 -0.0000000000 0.7913855171 -0.1429253429 0.1053628721 0.0303619247 0.0299023497 
355170.0000000000 -1132914.6339073691 6092529.5921659674 1504633.6641515594 0.0168066007 11.3140434823 0.0000000000 0.7744177285 -0.3973206561 0.0000000000 0.5883849223 1.2474652249 1.1755960794 -1.1756903561 -0.9285280833 0.0000000000 -0.4421194623 -1.2044740085 0.3097888919 -1.1798238784 1.1971386692 
355200.0000000000 -1132915.1913773038 6092528.9924851684 1504632.7386695088 0.2705043478 11.3140434823 0.0000000000 1.2471547153 0.0510315375 0.0000000000 0.3410062763 0.4580020026 0.3220678862 0.0822954733 0.1862095956 -0.0000000000 -0.1890631352 -1.7434279017 0.3596067313 0.0877416931 -1.1997672560 
355230.0000000000 -1132915.8227585224 6092530.6061246712 1504633.8662597814 0.4086049822 11.3140434823 0.0000000000 0.8815540943 -0.0670148705 0.0000000000 1.3910616762 0.2129030410 0.0286456068 0.0470894632 -0.7723390410 -0.0000000000 1.1053190200 -1.1985154072 -0.1617979850 -0.4849692214 -0.7835194067 
355260.0000000000 -1132915.8310907120 6092531.8933623172 1504633.9498996823 0.2960349581 11.3140434823 0.0000000000 0.1384420661 -0.0980608483 0.0000000000 1.3237489333 1.9175416917 -0.8249767840 -0.1040439646 0.1805068408 -0.0000000000 -0.7268716115 -1.6544126994 -0.2070170666 0.5811753629 -0.5308438462 
355290.0000000000 -1132916.1949013353 6092531.4795957617 1504633.6954346308 0.7241629393 11.3140434823 0.0000000000 0.0361841461 -0.1967779062 0.0000000000 1.3376989985 1.1402930406 -0.5486442425 -0.0640546978 -0.0362442015 -0.0000000000 -0.0480817578 -1.1439693921 -0.4258456359 0.1610993209 -0.1530054512 
355320.0000000000 -1132914.9617863884 6092531.0240294337 1504633.6023282039 0.1411173626 11.3140434823 0.0000000000 0.6994983485 -0.0258626234 0.0000000000 1.3863581232 1.0062906612 -0.2696106367 -0.5392798556 -0.4621963818 0.0000000000 0.5744677901 -1.4747009394 -0.0641488651 -0.6385797261 -0.0536890114 
355350.0000000000 -1132915.9841420834 6092531.0141774304 1504633.8283047841 0.1049645083 11.3140434823 0.0000000000 1.4485022108 -0.2431242998 0.0000000000 1.4223145006 0.3891466582 0.0047005542 0.2214823928 0.1947469232 -0.0000000000 1.0110750339 -2.7712302965 0.2170049161 -0.7012754771 -1.0094765429 
355380.0000000000 -1132915.8036950319 6092531.6247686921 1504634.1575098266 0.1535128275 11.3140434823 0.0000000000 0.9732781819 -0.5808210576 0.0000000000 1.0750819319 -0.9518342944 0.5496370528 -0.1381731294 -0.0986664953 -0.0000000000 2.0996098198 -1.5172529107 0.0264641338 -1.9405115910 0.7600256194 
355410.0000000000 -1132913.9374976372 6092527.9732134445 1504633.2961159714 0.0341193655 11.3140434823 0.0000000000 -0.6235812719 -0.0546987487 0.0000000000 0.0739175830 1.3265024230 0.3273781671 -0.1781760308 0.2042083529 0.0000000000 -0.7203115154 -0.9979765315 -0.0652875153 -0.6602083438 1.2924472280 
355440.0000000000 -1132915.6576294191 6092530.8780768448 1504633.6192133725 0.0293233748 11.3140434823 0.0000000000 1.0047314967 -0.7581548234 0.0000000000 1.5108663816 0.6604424756 -0.1995068006 -0.3339228437 -0.3204215252 0.0000000000 -0.0599469472 -1.1367436535 -0.1218601950 0.4407998795 -0.6341188559 
355470.0000000000 -1132915.0225096687 6092529.8074108372 1504633.4499173716 0.0188755387 11.3140434823 0.0000000000 0.4465970435 -0.5748483767 0.0000000000 1.0231444181 1.7840067824 -0.2814371216 -0.8804757755 1.0155723116 0.0000000000 -1.1513663041 -2.1016912266 -0.1964691350 0.0808394872 0.7519172942 
355500.0000000000 -1132915.2868793551 6092527.6552879112 1504633.0928915963 0.1614178149 11.3140434823 0.0000000000 0.6129775965 0.0700460701 0.0000000000 0.1943491814 0.5618956370 0.7522552791 0.2432467582 0.2996851294 0.0000000000 -0.9747175136 -1.2966696141 -0.1586231120 0.5101882955 -0.9173470338 
355530.0000000000 -1132914.9827374518 6092529.3111881902 1504633.5841632916 0.0304437835 11.3140434823 0.0000000000 -0.1608079891 -0.5910811353 0.0000000000 0.9831891805 1.6345877793 0.7274927329 0.1129006771 -0.2255958212 -0.0000000000 -0.7513437296 -1.8600649506 -0.2638417324 -0.5006835625 0.8457441831 
355560.0000000000 -1132915.7410175400 6092529.9013148407 1504633.7169912755 0.0114268851 11.3140434823 0.0000000000 1.2376720227 0.1708180736 0.0000000000 0.4534471795 1.0398595822 0.0795140886 -0.5964654030 -0.3307515412 -0.0000000000 0.3206430777 -1.9847283639 0.9757660220 -1.0410385967 -0.2407864431 
355590.0000000000 -1132915.7366978878 6092529.6444181940 1504633.2323732988 0.3838240884 11.3140434823 0.0000000000 1.3532612029 0.4451411524 0.0000000000 0.3817323264 0.8921757396 0.2847999060 -0.2345408210 -0.0362136275 0.0000000000 -0.4113089059 -1.8518569321 0.5311363910 0.0525591823 -1.4093635896 
355620.0000000000 -1132916.0686930420 6092530.3623068556 1504633.5291876323 0.3008620159 11.3140434823 0.0000000000 1.2361046009 -0.3801166787 0.0000000000 1.2408891257 -0.0952076824 0.8081707378 0.2813692815 0.5719355662 0.0000000000 0.2232650640 -2.3507508113 -0.5026720518 -0.2309291446 -0.7564747779 
355650.0000000000 -1132914.0988007337 6092528.3917876007 1504633.3434569708 0.0129516958 11.3140434823 0.0000000000 1.0885259764 -0.4599545490 0.0000000000 1.0948069785 1.2467211522 0.3853753812 -0.3896239199 0.3791620917 0.0000000000 0.0662967219 -3.0179045897 0.3563564952 -1.1290926446 0.4341288584 
355680.0000000000 -1132916.0608523791 6092529.5390557759 1504633.5695372964 0.0669284415 11.3140434823 0.0000000000 1.0589493494 -0.2392070261 0.0000000000 1.0284342244 -0.9707632371 -0.6546572713 0.2988315299 0.9577045526 -0.0000000000 1.1617074686 -1.2034535105 -0.2837857732 0.1874395722 -1.1939043301 
355710.0000000000 -1132916.1872144847 6092531.6776923724 1504633.7466213927 0.0308127786 11.3140434823 0.0000000000 1.3336001064 -0.0922658636 0.0000000000 1.4744113339 -0.1347131066 0.2500328998 0.3190438183 -0.2818730638 -0.0000000000 1.3769280262 -2.2335661508 0.0519453281 -0.9224285494 -0.9503878075 
355740.0000000000 -1132915.6338439838 6092530.4415059593 1504633.0407661872 0.0858719691 11.3140434823 0.0000000000 0.8892791813 -0.6652193726 0.0000000000 0.5184973460 -1.0697540976 0.7692857809 0.9919925249 1.3156348346 0.0000000000 0.2992571973 -1.8865190090 -0.3615941893 0.0350956694 -0.8199626599 
355770.0000000000 -1132915.6688963952 6092529.4159595855 1504633.5917906689 0.0190090093 11.3140434823 0.0000000000 0.0670981577 -0.2760616052 0.0000000000 1.0923321332 0.1334099813 -0.1446728303 0.8869491338 0.8057028626 0.0000000000 0.5558596569 -1.9086347990 -0.5901761629 -0.1654681200 -0.3736787996 
355800.0000000000 -1132915.6666758892 6092529.9000912374 1504634.0004169205 0.0204806236 11.3140434823 0.0000000000 0.4913046635 0.6603227905 0.0000000000 1.4263246324 -0.3174599517 -0.9799717034 0.2018073864 1.2767750409 0.0000000000 2.0794628639 -2.3794529012 -0.7770807401 -1.1754874121 -0.2577402745 
355830.0000000000 -1132914.9525473488 6092527.7965417001 1504632.7691518913 0.0421664179 11.3140434823 0.0000000000 -1.3307762978 -0.1817865278 0.0000000000 -0.3067903766 -0.4855691527 0.4298497164 1.5129014986 1.1282534249 -0.0000000000 0.5523993009 -0.8912360277 -0.6707469494 -0.8419192774 1.0971025100 
355860.0000000000 -1132916.0819673247 6092528.7302442789 1504632.9814663685 0.4079288478 11.3140434823 0.0000000000 0.4013296989 0.2394046806 0.0000000000 0.2699133622 1.3979752411 -0.0170945963 -0.6284605686 0.7817953890 0.0000000000 -1.5588027737 -1.1423169788 -0.2720244373 0.8822666588 -0.4763863410 
355890.0000000000 -1132915.8187549482 6092529.0875883223 1504633.2810391148 0.3822070632 11.3140434823 0.0000000000 0.5050209846 -0.2596040419 0.0000000000 0.6711005353 1.1988820396 -0.3553474929 -0.4313586612 0.7824271310 -0.0000000000 -0.9216452181 -1.4528065022 -0.1063646998 0.5945784648 -0.2735088877 
355920.0000000000 -1132914.5730170859 6092528.0049425047 1504632.2196363069 0.2893988233 11.3140434823 0.0000000000 -0.1752885492 -0.5649453313 0.0000000000 0.5062648759 -0.0605581884 -0.5238660962 -0.0876654487 0.7457284954 0.0000000000 0.8447308216 -0.8300186839 -0.2382173045 -0.8456072014 1.3132107699 
355950.0000000000 -1132914.6021569401 6092528.5533512812 1504632.5288537699 0.6068189400 11.3140434823 0.0000000000 0.9894386862 -0.8388786609 0.0000000000 0.6741763461 -0.5045324869 0.1959261171 0.0939639648 1.0654533851 -0.0000000000 -0.2523897441 -1.1625820629 -0.2678430855 0.5621970750 -0.5704911252 
355980.0000000000 -1132914.1130404146 6092526.6234386303 1504632.5192796900 0.0459775999 11.3140434823 0.0000000000 0.2559580253 -0.0205546177 0.0000000000 0.1695949208 0.3702151207 -0.0434512183 -1.0621403062 1.0441900145 0.0000000000 0.0640793951 -1.0487941156 -0.3562938341 -0.9269950776 1.5581803962 
356010.0000000000 -1132914.8054817182 6092531.0264490852 1504633.7942641557 0.1034584119 11.3140434823 0.0000000000 0.3689744341 0.0643637253 0.0000000000 1.1983342035 -0.0179161518 -1.8054964334 -0.5511005800 0.6114657749 0.0000000000 1.4596472037 -0.6244793860 -0.3118204721 -0.1945062136 -0.0172607091 
356040.0000000000 -1132914.4994066390 6092528.5953085590 1504633.5987361460 0.0364047764 11.3140434823 0.0000000000 0.6726533198 -0.1729743497 0.0000000000 0.6763162819 0.3649493136 -1.4818995551 0.1391799183 1.3626820537 0.0000000000 1.2134433333 -2.3766063051 0.6350754993 -0.6478228568 -0.2283107216 
356070.0000000000 -1132915.4092122170 6092529.7671782281 1504633.2997130333 0.0002692475 11.3140434823 0.0000000000 1.5562860913 -0.1778978946 0.0000000000 1.0177377353 0.4554594388 -0.9368320571 -0.8094438886 0.2360573022 0.0000000000 0.5983602127 -1.6013574657 0.7430319107 -0.1873404412 -0.7780479800 
356100.0000000000 -1132914.9136523383 6092530.0884382995 1504634.4665610611 0.0029479158 11.3140434823 0.0000000000 1.6425409529 1.4735009744 0.0000000000 1.3547353346 0.2062001777 -0.9023607043 -1.1035652553 0.2607301227 -0.0000000000 1.1568356885 -1.6836384270 -0.2020740173 -0.3514371976 -1.6823211598 
356130.0000000000 -1132914.8777417536 6092528.7556100255 1504632.8161432156 0.0307013824 11.1654816136 0.0000000000 0.0974481453 0.2194086389 0.0000000000 0.9531842239 1.1338086093 -0.6741979091 -0.0743191355 0.5230943390 0.0000000000 0.0000000000 -1.5777506668 -0.3689268621 0.0887201575 -0.2760391218 
356160.0000000000 -1132915.4859883874 6092530.4043030357 1504634.5900671298 0.1128643372 11.3140434823 0.0000000000 0.5793205515 0.0350393408 0.0000000000 1.3924010869 -0.0377310633 -2.2260396104 -0.2772460116 1.0995569395 0.0000000000 1.7087772127 -1.3061432638 -0.2214698500 -0.0428105821 -0.5005776235 
356190.0000000000 -1132915.1287214842 6092529.5089931143 1504634.1639109622 0.5000035663 11.3140434823 0.0000000000 -0.3920908542 0.0821266102 0.0000000000 0.7527432423 0.3043779906 -0.8465589821 0.4153256241 0.0288767037 -0.0000000000 1.0755030131 -0.7524193740 -0.2755878590 -0.5020088424 0.2218368812 
356220.0000000000 -1132915.0074973842 6092528.9499503197 1504633.7750393467 0.0002453359 11.3140434823 0.0000000000 0.7037116040 0.2719598160 0.0000000000 0.7369565966 -0.5953219733 -0.7780910190 -0.5499822489 0.5611176485 0.0000000000 1.3854569988 -0.7313003343 -0.2611804878 -0.7002748555 0.0904023125 
356250.0000000000 -1132913.6342153121 6092529.8256294625 1504632.4480600117 0.0000005274 11.3140434823 0.0000000000 0.8627452118 0.0243505148 0.0000000000 0.6460550858 0.0936720603 0.1786925644 -0.2203776689 -0.0874090972 -0.0000000000 -0.2114912392 -0.6665406739 0.0111256911 0.3344591062 -0.9549219733 
356280.0000000000 -1132914.0776866747 6092529.9142188607 1504632.6363177435 0.0911663636 11.3140434823 0.0000000000 1.7196645444 0.2520390344 0.0000000000 1.0019706105 -0.8248268009 -1.1794040401 -0.7966351364 0.6132922320 -0.0000000000 1.7603194478 -1.2952068334 0.4386639702 -0.6566966788 -0.8451973735 
356310.0000000000 -1132914.8168734016 6092530.7333185207 1504632.8611596143 0.0006696368 11.3140434823 0.0000000000 0.6885849698 -0.1701401659 0.0000000000 0.7035642226 0.0400373880 0.1907212066 -0.0926883136 0.1895214217 0.0000000000 0.1562230905 -1.1073429435 -0.1126509882 -0.2204811625 -0.2321027898 
356340.0000000000 -1132915.1778822520 6092527.8906719070 1504633.0400462782 0.0481710862 11.3140434823 0.0000000000 -0.5498906097 0.7183967131 0.0000000000 0.2387188889 0.9494383305 -0.1880290737 -0.0458244859 0.7476804801 -0.0000000000 -0.1186871623 -1.1312558842 -0.7666317731 -0.2552359399 0.3985240745 
356370.0000000000 -1132915.6825859710 6092529.5415617060 1504633.9068068380 0.2631453502 11.3140434823 0.0000000000 0.1792693646 -0.3261821050 0.0000000000 1.1115669452 0.7578500515 -0.6092144359 0.6371413313 0.3155123861 0.0000000000 0.7954933861 -2.1838582181 0.0594460387 -0.5625054175 -0.0731719532 
356400.0000000000 -1132915.0061363466 6092529.1346657583 1504633.3103802900 0.0693214712 11.3140434823 0.0000000000 0.8042381807 -0.2705580421 0.0000000000 0.6356912424 -0.1210827689 -0.3574225465 0.2742115303 0.7589306540 0.0000000000 0.8562888667 -1.9310734911 0.3343447532 -0.6430824441 -0.2486951592 
356430.0000000000 -1132915.0066099893 6092529.4411255093 1504633.5760351499 0.0288750290 11.3140434823 0.0000000000 -0.6385388417 0.7450949001 0.0000000000 0.0064772684 0.6726796598 0.2292678546 0.8986809678 0.4452182608 -0.0000000000 0.6411801481 -1.9332418488 -0.1819705482 -1.2255937070 0.3842838464 
356460.0000000000 -1132915.6453621860 6092529.8722509025 1504633.0085106133 0.2111081362 11.3140434823 0.0000000000 0.8684332852 0.8963066497 0.0000000000 1.0222454187 -0.4992544576 0.0747557312 0.0832027503 1.0295675578 0.0000000000 1.6589895471 -2.6762994228 -0.6132599094 -1.6003710830 -0.1027939838 
356490.0000000000 -1132915.6326416726 6092532.1848620893 1504633.6133905360 0.0000592207 11.3140434823 0.0000000000 0.9957965556 0.0569435056 0.0000000000 1.4695245507 0.8408144766 -0.6960696182 -0.2087742077 0.1209125110 0.0000000000 1.0490297625 -2.5718432809 0.2492738853 -0.9324067863 -0.2356727056 
356520.0000000000 -1132914.4704941222 6092529.5502515305 1504633.5539523778 0.0184990707 11.3140434823 0.0000000000 0.1335479926 1.0012452738 0.0000000000 0.7239203431 0.0999266108 -0.7585387456 -0.2497290007 -0.0368591735 0.0000000000 1.8770436975 -1.2971509054 -0.2176516375 -1.5730652746 0.4497079032 
356550.0000000000 -1132915.2821074012 6092527.9550681403 1504632.7936035385 0.0377035453 11.3140434823 0.0000000000 -0.3056565076 1.4621209089 0.0000000000 0.3094278422 2.1720739820 0.9441358238 -0.4133913465 -0.8293340312 0.0000000000 -1.1102633750 -1.3187997805 -0.2894192138 -0.4176271671 -0.2572243853 
356580.0000000000 -1132916.3596775213 6092529.6231496148 1504634.0539298994 0.0688027386 11.3140434823 0.0000000000 -0.6566678169 1.5029600729 0.0000000000 0.3514615080 0.8469296394 -0.9946384138 -0.6569120974 0.7541265682 0.0000000000 1.0830464273 -1.0456365374 -1.0329712890 -1.0057564324 0.9327781461 
356610.0000000000 -1132914.7683475337 6092527.2674843529 1504632.6111931743 0.4911692649 11.3140434823 0.0000000000 -0.3925720820 1.8702646605 0.0000000000 0.1868222126 1.6199506473 0.3187411372 -0.8244515271 -0.0333100564 0.0000000000 -0.4960555798 -1.0354343406 -0.7770102390 -0.4972931646 0.0389545551 
356640.0000000000 -1132914.6795042162 6092528.7617676090 1504632.7814162574 0.2153038741 11.3140434823 0.0000000000 0.3730766394 2.3323894864 0.0000000000 0.0328798477 0.9602879676 0.0728501054 -0.6153912581 0.9191095403 -0.0000000000 0.4843032585 -2.4860522491 -0.1775350952 -1.2674479945 -0.5741705196 
356670.0000000000 -1132914.8262249234 6092528.3804289652 1504632.1655027713 0.1566575704 11.3140434823 0.0000000000 1.2723743577 1.3854913262 0.0000000000 -0.1001505482 0.5325119253 0.3448857256 -1.8457135818 0.7321231624 -0.0000000000 -0.3028670815 -1.3176311877 0.1484395179 -0.8188671176 -0.0220376945 
356700.0000000000 -1132915.0790895789 6092529.0354920002 1504632.4791752738 0.0679255381 11.3140434823 0.0000000000 -0.6094343431 2.4478371465 0.0000000000 0.5355302797 0.1523978760 -2.4092617866 -0.0546623693 0.3856278517 0.0000000000 2.8117496470 -0.8558229068 -0.4293830181 -0.9758280904 -0.8005425762 
356730.0000000000 -1132915.1001014698 6092527.5653787861 1504632.3415380877 0.6953669928 11.3140434823 0.0000000000 -0.9973747005 2.7561366146 0.0000000000 -0.7357956169 1.0006278623 -0.9987668830 0.6729170254 0.3412829618 -0.0000000000 1.6629909161 -1.8166900680 0.5405302225 -1.5075613999 -0.8180600931 
356760.0000000000 -1132915.1507184634 6092528.3910050280 1504632.7023119428 0.0656578518 11.3140434823 0.0000000000 -0.3496792683 2.9260889391 0.0000000000 0.4397955907 -0.3520550947 -1.0050257011 -0.5031409191 0.2942445743 0.0000000000 2.1388971771 -0.5032110901 -1.1303479951 -1.1182578457 -0.7058577550 
356790.0000000000 -1132915.7724828098 6092528.8014662452 1504632.5654841014 0.8024911017 11.3140434823 0.0000000000 0.7034502397 1.9475350287 0.0000000000 0.2321845826 -0.3595947506 -0.1881127731 -0.7343709868 1.0382385143 -0.0000000000 0.7011340156 -1.1741010013 -0.4994010516 -0.4585342698 -1.1479751573 
356820.0000000000 -1132914.8827688505 6092528.8353676656 1504632.8976687798 0.0172412628 11.3140434823 0.0000000000 -0.0771082515 3.2622248186 0.0000000000 -0.8624651460 1.2628383186 1.1494526236 -0.5297377656 0.0156559402 -0.0000000000 -0.3278687986 -1.7639525164 0.3019340387 -1.3434517069 -1.1073111523 
356850.0000000000 -1132914.7080104668 6092528.5481609507 1504631.5631662004 0.1640503567 11.3140434823 0.0000000000 -0.0910136710 3.3235340677 0.0000000000 0.0808501872 1.3470640776 -0.3349947551 -1.0795326600 0.4143699881 0.0000000000 0.5696388449 -1.7301884722 -0.4775788635 -1.0031503730 -0.9657757418 
356880.0000000000 -1132916.2615797364 6092530.8973200163 1504632.8088664713 0.0360012259 11.3140434823 0.0000000000 -0.2014134598 3.4857281571 0.0000000000 0.3049513629 1.4527088252 -1.1170766502 -1.1682058533 0.3367729268 0.0000000000 0.6289425880 -1.1880408175 -0.4964930680 -0.2290600342 -1.7429910569 
356910.0000000000 -1132915.9138423942 6092528.3476881338 1504632.0900107825 0.8186977597 11.3140434823 0.0000000000 -0.1382173045 3.8771229981 0.0000000000 -0.1989131485 -0.6592181476 0.6195429282 -0.8042195268 0.8011843376 0.0000000000 1.1753591777 -0.8122816304 -1.4843110720 -1.3883397400 -0.9435352713 
356940.0000000000 -1132916.5148416108 6092530.5092503317 1504633.4103899910 0.1641148190 11.3140434823 0.0000000000 -0.5700832183 4.6856695500 0.0000000000 -0.1085033842 1.1307210150 -0.3722498861 -1.2734838053 0.3621508549 0.0000000000 0.7080596488 -0.9942904757 -1.0429010796 -0.7456225603 -1.7386392854 
356970.0000000000 -1132916.7469316099 6092529.1522592176 1504632.6663824019 0.0067930177 11.3140434823 0.0000000000 -0.7096544479 4.0436766550 0.0000000000 0.1280257136 0.2271107146 -0.9999285689 -0.6929641581 0.4978071941 0.0000000000 1.8887095439 -0.8008364851 -1.2110194091 -1.0249157930 -1.2525630901 
357000.0000000000 -1132915.9713610862 6092530.2542483713 1504633.1622144785 0.0003217764 11.3140434823 0.0000000000 -0.7263772163 4.8875145305 0.0000000000 -0.2515780043 -0.2088755537 -0.2947536119 -0.9963844065 -0.2619560003 -0.0000000000 1.7176216780 0.2151782255 -1.1447978021 -1.1841829654 -1.6836899586 
357030.0000000000 -1132913.4521629624 6092515.9025306366 1504629.8854532882 0.0490529867 11.3140434823 0.0000000000 3.5533221161 2.5857813738 0.0000000000 12.6748464872 0.4672778794 -0.9351875707 -2.6328196118 -4.6659214429 -0.0000000000 3.8508095325 -3.5270428979 -7.3845764268 -0.3508053105 -3.1826366923 
357060.0000000000 -1132913.2946361001 6092513.9294195110 1504630.6122882180 0.2536604112 11.3140434823 0.0000000000 2.3871107356 2.7843055122 0.0000000000 12.0278331409 0.6674656868 -1.4378041677 -1.4962182799 -4.5244928245 0.0000000000 4.6272724363 -3.7926752051 -7.2202387391 -0.8194296683 -2.7506810657 
357090.0000000000 -1132912.8451579120 6092515.1776589099 1504630.0810333339 0.1866542949 11.3140434823 0.0000000000 2.6971568519 3.4340557457 0.0000000000 11.6976932630 0.6268257511 -0.9817980830 -1.9160924344 -3.8062368027 -0.0000000000 3.6285205288 -3.8044936858 -7.2728409275 -0.1378720550 -3.7628728855 
357120.0000000000 -1132913.5538592522 6092512.4596966868 1504631.0273203924 0.0001252127 11.3140434823 0.0000000000 3.4918779374 2.9482999773 0.0000000000 11.9524596227 0.8561695640 0.4477008509 -2.1735604652 -4.5907214508 0.0000000000 2.8788477938 -4.4942878887 -6.7792046602 -0.9814227628 -3.1743083936 
357150.0000000000 -1132912.6171380044 6092514.8551136767 1504630.2652478602 0.5787602546 11.3140434823 0.0000000000 3.4185944854 2.5664404272 0.0000000000 12.4591315916 3.2090358594 0.2472132369 -2.4239440823 -4.8592568581 -0.0000000000 0.9238762442 -5.2547364005 -6.2853586600 0.4409459352 -4.1196888547 
357180.0000000000 -1132912.0810747466 6092511.5028528720 1504629.3952780510 1.1302587410 11.3140434823 0.0000000000 3.1200459660 2.9115799573 0.0000000000 12.1867924906 2.0296816250 -0.5882180239 -2.8750301469 -3.8097917774 -0.0000000000 1.9289284032 -4.3114102573 -7.3128415918 0.4299772012 -3.3692066453 
357210.0000000000 -1132913.2350007072 6092515.5373850008 1504630.5535785460 0.0208644547 11.3140434823 0.0000000000 2.9161524479 3.7228849485 0.0000000000 12.2787347717 1.5197193600 -1.7715929278 -2.4804597950 -3.6963566272 -0.0000000000 3.3903098199 -4.4095789274 -7.1221448863 0.2428084594 -4.1865854504 
357240.0000000000 -1132913.5314211531 6092514.9107763963 1504630.0783505244 0.2746419078 11.3140434823 0.0000000000 3.1718520016 3.3777456395 0.0000000000 12.3806687667 0.6413632322 -0.6472142806 -1.5445467890 -3.9952380299 0.0000000000 3.7757123191 -5.1063846409 -6.9864575344 -0.8154786047 -3.8402190200 
357270.0000000000 -1132912.9629646251 6092514.5512100132 1504631.1758816007 0.0411743819 11.3140434823 0.0000000000 1.5416292091 4.1855874722 0.0000000000 11.9769109652 2.2691637775 -1.7423630553 -1.9251761026 -4.7020852770 0.0000000000 3.6816569106 -3.9452473386 -7.3862858467 -0.3092861684 -3.2811153088 
357300.0000000000 -1132914.3484935630 6092514.0130814780 1504630.6600061022 0.0543056240 11.3140434823 0.0000000000 2.0871106024 4.6992240562 0.0000000000 12.7311571306 1.0207437045 -1.7623882877 -0.9878193203 -3.9445754324 -0.0000000000 5.1087952869 -5.5955865212 -7.6970942175 -1.0875618205 -4.1352535653 
357330.0000000000 -1132913.6716242209 6092515.4248192282 1504630.7893199741 0.1842367524 11.3140434823 0.0000000000 1.9997573376 4.4640023233 0.0000000000 12.1109274611 0.2434462960 -2.8035586188 -1.3961070169 -4.4390544034 -0.0000000000 6.3451550364 -4.1680244739 -7.1403566612 -1.6021729968 -3.1466571497 
357360.0000000000 -1132912.1648442452 6092513.4682248142 1504629.6300026050 0.0055984409 11.3140434823 0.0000000000 1.8925926089 5.4269194322 0.0000000000 12.7762398006 1.9954432084 -1.6852828194 -2.4503663550 -5.1505001620 0.0000000000 4.4923069857 -4.4363899597 -7.8471878984 -1.2078485015 -3.4084383279 
357390.0000000000 -1132913.5340384394 6092514.6434909217 1504630.8158102988 0.0067134378 11.3140434823 0.0000000000 2.1391288711 5.2835772985 0.0000000000 12.2890052079 1.6817035526 -0.4807023081 -2.0738248978 -5.0165840797 0.0000000000 3.6458211396 -4.6948752829 -7.3883729965 -1.3709774031 -3.6575838618 
357420.0000000000 -1132910.7499245452 6092512.6478342731 1504628.6709427608 0.2755489535 11.3140434823 0.0000000000 3.5610301288 5.2757561363 0.0000000000 12.3868107238 1.5509839533 -0.3963607801 -3.6347773468 -4.8593263700 0.0000000000 2.9280253516 -4.5513260958 -6.6716018156 -1.2264026724 -3.9849559597 
357450.0000000000 -1132912.5719435064 6092514.0103970841 1504629.8568560141 0.0000626603 11.3140434823 0.0000000000 2.1586075638 6.2031992120 0.0000000000 12.6669680249 1.3141692899 -0.5955096091 -2.3238154215 -5.3679899344 -0.0000000000 4.2875917755 -4.5911271456 -7.6917349848 -1.8276770899 -3.8596493661 
357480.0000000000 -1132912.4298564564 6092512.9394002492 1504627.7757984716 2.4264128124 11.3140434823 0.0000000000 3.2956458642 5.5807927138 0.0000000000 12.0936233092 1.6945771681 2.6532946400 -3.4813864734 -5.0755072016 -0.0000000000 0.5280477326 -4.5032650882 -7.4702881443 -1.4513394248 -3.6073736122 
357510.0000000000 -1132912.1201936740 6092514.1887113927 1504628.8336227678 0.3546281939 11.3140434823 0.0000000000 3.0823452607 5.6472293416 0.0000000000 12.6369352088 1.8428889662 1.5041872236 -3.1875527405 -4.9886328660 -0.0000000000 1.4526345855 -4.9075570545 -7.5993866323 -1.3257347177 -3.8632655776 
357540.0000000000 -1132913.5939105491 6092515.3882552981 1504630.3056107871 0.0603660224 11.3140434823 0.0000000000 3.1855921762 6.4422830946 0.0000000000 12.1760785322 1.6178401217 0.1815059110 -3.4616567991 -4.5441710853 0.0000000000 2.9043377595 -5.3263133211 -6.8823820657 -1.9264593927 -4.0172834010 
357570.0000000000 -1132912.4763452837 6092513.8075887160 1504628.6593196853 0.8342879761 11.3140434823 0.0000000000 2.6763646785 6.7055132837 0.0000000000 12.2767108681 -0.0213730084 0.4546713337 -2.3960606634 -4.9156411436 -0.0000000000 3.9805280838 -4.4299774338 -7.5576899158 -2.3083200846 -4.1171223104 
357600.0000000000 -1132912.8830145658 6092513.3419874869 1504629.0187036195 0.1065590236 11.3140434823 0.0000000000 1.9954741190 7.1234871919 0.0000000000 12.1790567082 1.6174629237 -1.4344961773 -2.6001092254 -4.7648359438 -0.0000000000 4.4569566749 -4.9582185028 -7.0052631304 -1.7092099081 -4.5464770845 
357630.0000000000 -1132913.6955517337 6092514.6780676674 1504629.9050901199 0.4301086563 11.3140434823 0.0000000000 2.9642527763 7.3563652823 0.0000000000 12.6968720333 -0.0360468561 -0.5869341242 -3.0352473486 -5.0045505448 0.0000000000 4.6633849194 -4.3780288989 -7.3521617351 -2.2584317558 -4.6457764744 
357660.0000000000 -1132913.8280273483 6092515.2979581440 1504629.8280010384 0.1334141563 11.3140434823 0.0000000000 2.7168735235 7.5498119194 0.0000000000 12.8814357696 0.0916691637 -2.4366730052 -3.0693080121 -4.2915818551 -0.0000000000 5.6584007805 -4.4885910300 -7.3808109693 -1.5222630447 -5.2980967851 
357690.0000000000 -1132914.4354369983 6092517.5251165247 1504630.2339632660 0.4306380043 11.3140434823 0.0000000000 2.3376224083 7.8580878088 0.0000000000 13.1946623032 1.0124793202 -1.2658516645 -3.2539220062 -4.5194392547 -0.0000000000 4.3064685045 -4.7379878932 -8.1289932067 -1.4009923095 -5.0508059181 
357720.0000000000 -1132913.9179098217 6092514.2037123935 1504629.5961244213 0.1926604876 11.3140434823 0.0000000000 1.2554987123 7.7933828264 0.0000000000 11.8464868449 0.3053984655 -0.6195440503 -1.8967188974 -4.2564401434 -0.0000000000 3.8234796949 -3.6589818829 -7.8045969080 -0.8477001920 -5.6728309248 
357750.0000000000 -1132912.7667646774 6092512.8723563747 1504628.2759778176 0.5901503445 11.3140434823 0.0000000000 2.4160538354 8.8171250977 0.0000000000 11.9876250107 1.3001192869 1.3500214075 -3.9051078990 -4.9602315328 -0.0000000000 1.4175366593 -3.7499472213 -7.1904999071 -1.1870176622 -6.0461170503 
357780.0000000000 -1132913.0802224837 6092512.3802625332 1504627.8588026999 0.1268260910 11.3140434823 0.0000000000 1.1799411201 8.9716748566 0.0000000000 12.1672671616 2.0749120276 0.3755863157 -3.4758505958 -4.4176345491 -0.0000000000 1.6733923514 -3.7549953008 -8.2681069561 -0.3267695138 -5.9941524311 
357810.0000000000 -1132912.6720338613 6092513.9102924643 1504628.0310623145 0.4122596371 11.3140434823 0.0000000000 0.9364981443 8.6827513734 0.0000000000 12.7133109959 3.2197069573 0.0031989077 -3.0773971618 -4.8488553456 -0.0000000000 1.4902121362 -4.5950768838 -7.9399050666 -0.1100408824 -6.2724702988 
357840.0000000000 -1132913.4908168565 6092515.2433370259 1504628.7400347339 0.6447152026 11.3140434823 0.0000000000 2.5633576783 9.2334186772 0.0000000000 13.2851261156 1.5702782284 0.5631186214 -3.2725970482 -4.6644178372 -0.0000000000 2.3239098405 -5.6791015319 -7.2834768216 -1.4193689127 -6.9241122755 
357870.0000000000 -1132913.0724526714 6092513.8305128012 1504628.4048758650 1.6533351122 11.3140434823 0.0000000000 3.1819009711 10.0660440473 0.0000000000 12.1693527896 0.3129596287 2.6240677322 -4.2022038541 -4.2487939158 -0.0000000000 1.4511065039 -5.0886764062 -7.2941954417 -2.6480952544 -6.0454165821 
357900.0000000000 -1132912.4279987926 6092514.3337212149 1504628.5617018561 0.6242037263 11.3140434823 0.0000000000 2.1409978852 9.5640221155 0.0000000000 12.4306423859 0.9258635729 -0.3266374544 -4.0374866111 -5.0323763061 0.0000000000 3.4137211968 -3.9669619676 -7.2938924087 -1.9088809762 -5.6250780095 
357930.0000000000 -1132912.2905019810 6092512.1626904625 1504628.7351593031 1.4315975152 11.3140434823 0.0000000000 0.6552955799 10.7807768681 0.0000000000 11.7932043587 2.6036197522 -0.2995698631 -2.7106203109 -5.1690379076 -0.0000000000 4.1836236053 -6.1723784879 -6.9147636264 -3.0861228227 -5.4291770554 
357960.0000000000 -1132913.5907767622 6092514.8992779469 1504629.2649237858 0.4129464246 11.3140434823 0.0000000000 1.3114596407 10.1052996639 0.0000000000 12.0816755683 0.6327988751 0.3540758792 -3.4296088202 -4.2642870754 -0.0000000000 2.9421712502 -3.9026157128 -8.1119296629 -1.5983077626 -5.9027976137 
357990.0000000000 -1132913.4253021309 6092513.7404815480 1504628.2691310253 1.3874155066 11.3140434823 0.0000000000 1.4366124697 10.4152513790 0.0000000000 12.6757056927 2.2205334855 0.1662911846 -3.6690502192 -4.7516674115 -0.0000000000 2.9131046402 -5.6033611029 -7.6184486183 -2.2341110697 -5.7128326490 
358020.0000000000 -1132913.4131129272 6092513.2942022569 1504627.4567041651 2.7008055281 11.3140434823 0.0000000000 0.4227785925 10.8554708883 0.0000000000 12.3533818525 1.3088028709 0.9403819919 -2.3724735935 -5.2360093030 0.0000000000 3.1657640739 -4.7847614205 -8.0585008595 -2.4177202143 -6.0005200320 
358050.0000000000 -1132912.8748390153 6092511.9838645235 1504626.6661267739 4.9505511172 11.3140434823 0.0000000000 1.3574827732 10.6330796301 0.0000000000 12.3008967454 1.0733950129 -0.5949896475 -3.8115098135 -3.9560246152 -0.0000000000 3.0928633749 -4.2774994750 -7.5802275175 -1.1309418784 -6.8841859224 
358080.0000000000 -1132912.7237589182 6092514.2243459830 1504628.1398960697 1.1828710067 11.3140434823 0.0000000000 1.3427280687 10.7116170844 0.0000000000 12.8587308166 1.1075592080 -0.2014858400 -4.0297690107 -4.8592674211 -0.0000000000 2.9426695196 -3.8421790024 -7.9380753219 -1.4789313840 -6.3976312246 
358110.0000000000 -1132914.6926839266 6092516.8653279031 1504629.1177444041 0.2902052658 11.3140434823 0.0000000000 2.0217274012 10.8846956101 0.0000000000 13.4003568058 0.5723899905 0.1563791666 -3.9326809577 -5.7220596751 0.0000000000 3.6366289922 -4.4606175069 -7.4725053559 -2.8190030390 -5.9982134944 
358140.0000000000 -1132913.9912921875 6092516.6574638104 1504628.2453704525 0.6411287901 11.3140434823 0.0000000000 2.5361291775 11.8652639995 0.0000000000 13.2105104955 1.0171921992 0.3431135673 -5.2012030116 -4.5280092918 0.0000000000 3.1031055362 -5.4215882489 -7.5647932152 -2.9981716723 -6.0756556139 
358170.0000000000 -1132914.3762115107 6092517.9149969937 1504629.1351676041 0.2829592996 11.3140434823 0.0000000000 2.2374990975 11.5361785783 0.0000000000 13.0777550437 0.0235782184 1.4608710598 -3.6693166973 -4.7349365644 0.0000000000 2.7957548549 -5.3066865223 -7.3690097738 -3.1556892892 -6.6388233554 
358200.0000000000 -1132912.3588491590 6092517.2620995305 1504632.5736107440 0.0667441206 11.3140434823 0.0000000000 5.0219062871 -1.4792964014 0.0000000000 14.3905546240 -0.5738995166 -0.8280076004 -0.0319003373 -5.2595437607 -0.0000000000 1.2172320165 -4.3653778399 -4.8320446728 -0.1087694031 -2.7497129710 
358230.0000000000 -1132912.5612921191 6092518.9710131008 1504632.0201496561 0.0013474939 11.3140434823 0.0000000000 6.3435118343 -1.7435611240 0.0000000000 15.1006140005 0.0474573865 -1.5881152813 -2.1322094786 -4.8566587993 0.0000000000 0.6164458587 -4.4407828358 -4.8070299417 0.2449421353 -2.3072908623 
358260.0000000000 -1132912.5173358521 6092516.1553835599 1504631.2789467424 0.0416446772 11.3140434823 0.0000000000 4.4732725183 -1.5052480136 0.0000000000 14.2010615803 0.6966269562 -1.6732710137 -0.9690762047 -4.6358068057 -0.0000000000 0.3761451795 -3.7971826934 -5.2903634819 1.1870947415 -2.7049186971 
358290.0000000000 -1132913.6343162523 6092517.4749815455 1504631.4710109716 0.2047778386 11.3140434823 0.0000000000 5.0785337420 -1.0200138239 0.0000000000 14.1156092640 0.1847492501 -0.5031040560 -1.3158270059 -4.1968308605 0.0000000000 -0.2099582280 -4.3254920175 -5.3482982008 0.3929050349 -2.4647644445 
358320.0000000000 -1132913.0115975507 6092516.0429227445 1504631.7672642034 0.1209430550 11.3140434823 0.0000000000 3.8158132382 -0.3726771232 0.0000000000 13.9831297778 -0.5581658089 -0.5180076843 0.3626726647 -4.6900212400 0.0000000000 0.6693627780 -3.8019349183 -5.6049265128 0.4985291035 -3.4637887515 
358350.0000000000 -1132911.0136477386 6092514.7073539328 1504631.8428358717 1.1067342032 11.3140434823 0.0000000000 3.6787889503 -1.3382965044 0.0000000000 13.9227160167 0.2248870841 -0.9226099189 0.1515155124 -4.8709708793 -0.0000000000 0.5107553831 -3.6958298093 -5.8195279890 0.5604656416 -2.0912868847 
358380.0000000000 -1132911.3631199570 6092512.6499877488 1504630.8886244891 1.0735493754 11.3140434823 0.0000000000 3.0118127454 -1.4447501595 0.0000000000 13.4315758933 1.4421792666 -1.8523424119 -0.5642450386 -5.0616408502 0.0000000000 0.5107117089 -3.0404893920 -5.9430423610 1.0429966601 -1.2668850430 
358410.0000000000 -1132913.0462824579 6092517.7641087295 1504631.8569209788 0.7236562035 11.3140434823 0.0000000000 4.2857826429 0.1782065467 0.0000000000 14.4056087318 -0.9296095079 -1.7665038126 -0.1238903342 -4.7679039653 0.0000000000 2.3234571703 -4.3699877032 -5.6181643099 -0.4127313987 -2.8278024112 
358440.0000000000 -1132913.2573968039 6092519.2766294628 1504632.9238755356 0.2061085138 11.3140434823 0.0000000000 4.8149055892 -1.4645436530 0.0000000000 14.2657915545 0.1813057181 -0.4970332938 -0.3508797261 -4.9711955795 -0.0000000000 -0.2433062919 -4.2964756617 -4.8190049917 0.0272252316 -2.2605438901 
358470.0000000000 -1132912.2144239880 6092518.7900987556 1504632.3714077352 0.0182431095 11.3140434823 0.0000000000 4.8775596916 -0.9338913202 0.0000000000 14.4115534516 -0.3902116384 -0.2225601213 -0.7884733169 -4.5636307815 0.0000000000 -0.7042569277 -3.6195899816 -5.3156364607 0.4299444562 -2.7963899205 
358500.0000000000 -1132913.5547732566 6092517.8400417110 1504632.8131701238 0.0689304822 11.3140434823 0.0000000000 2.8510198967 -0.9963394150 0.0000000000 13.9970099362 0.4947761448 0.0657251613 1.1181491733 -4.9475851074 0.0000000000 -0.5278866516 -3.8424055642 -6.1193831835 0.5981350175 -2.4407297025 
358530.0000000000 -1132912.5990415383 6092518.5197279211 1504632.3996794615 0.0393306066 11.3140434823 0.0000000000 4.9918424799 -1.2470564181 0.0000000000 15.1131656898 0.7632619064 -1.9303195157 -0.8447849677 -5.5258830989 -0.0000000000 0.6434425599 -4.6110202652 -4.7267486588 -0.0419409556 -2.1649170946 
358560.0000000000 -1132912.8634232527 6092517.6161229247 1504632.0212504670 0.0063291829 11.3140434823 0.0000000000 5.3074703193 -1.0336012089 0.0000000000 15.2319225705 -0.0255508516 -1.2230680938 -0.4509096227 -4.9721822758 0.0000000000 0.5478396599 -5.1958388637 -4.9670158656 -0.5258636727 -2.2481977997 
358590.0000000000 -1132912.8631989378 6092516.1252878243 1504632.6679421265 1.1481144041 11.3140434823 0.0000000000 3.8441906269 -0.8393865681 0.0000000000 14.2544171939 0.7694944837 0.6790018066 0.5356085509 -4.8237791703 -0.0000000000 -1.0284774503 -5.1658187772 -5.6099491437 -0.6183756116 -1.6676031379 
358620.0000000000 -1132913.3687138881 6092520.0256925691 1504632.4140332064 0.0018657056 11.3140434823 0.0000000000 6.0913504936 -1.1959469013 0.0000000000 15.6861500103 -1.5160763328 -2.5990475453 -1.7103814935 -4.6479914536 -0.0000000000 1.2258454957 -3.2880777501 -5.5638582360 0.2450125019 -2.2259273243 
358650.0000000000 -1132912.4550234969 6092517.5676261066 1504632.8231610870 0.3430937714 11.3140434823 0.0000000000 4.0558786519 -0.0424447431 0.0000000000 14.5879678950 0.4995029537 -1.4617215408 -0.5877913880 -5.5053093547 0.0000000000 0.3643708181 -3.8885978977 -4.9527771112 -0.0566839659 -2.6605208705 
358680.0000000000 -1132912.0774052700 6092519.3945163786 1504632.6303761939 0.3822894431 11.3140434823 0.0000000000 5.2434760297 -0.9323817333 0.0000000000 15.0769675573 -0.3838057896 -0.9278007416 -0.9031484862 -5.1867311180 0.0000000000 -0.4091839367 -3.7381441310 -4.9517082216 -0.2051541188 -2.2436269856 
358710.0000000000 -1132911.5921560717 6092516.8951397659 1504631.7366741281 0.0018982267 11.3140434823 0.0000000000 4.6901647834 -1.4393396573 0.0000000000 14.8281288300 0.9052866520 -2.0654600832 -0.5011967925 -6.3417221331 -0.0000000000 0.5175983355 -4.0543234220 -4.1590014771 -0.4824230528 -1.4917105516 
358740.0000000000 -1132912.2264366511 6092516.6994504984 1504632.6218090795 0.0247524658 11.3140434823 0.0000000000 3.8634294511 -0.6344299732 0.0000000000 14.4264753613 -0.1226821648 -0.9346001899 0.0895371000 -5.6085313351 0.0000000000 0.1854913790 -3.4377196197 -5.4461074284 -0.4619884674 -1.5796763257 
358770.0000000000 -1132913.5111403703 6092516.2080490692 1504633.1025952687 0.3422886145 11.3140434823 0.0000000000 2.3161657919 -0.6165691377 0.0000000000 13.7469098129 1.3429327671 -0.5612318931 0.8698190266 -5.0663003662 -0.0000000000 -0.9550841719 -3.6018194107 -5.6259869883 0.7026779619 -2.3381340751 
358800.0000000000 -1132915.5846657061 6092531.6511690533 1504634.5535980982 0.7535782076 11.3140434823 0.0000000000 -0.0124818577 0.3330738021 0.0000000000 0.5688751255 0.4934864528 0.8551006361 0.5737759488 -0.7897243978 0.0000000000 0.2656692198 -1.5285491234 -0.3348028024 -1.5832320975 1.1706468734 
358830.0000000000 -1132915.3675154578 6092530.3720064228 1504633.8354673742 0.2678331842 11.3140434823 0.0000000000 0.8017837868 -0.5641170244 0.0000000000 0.2432334553 -0.0094663301 1.6363805333 0.0731187983 -0.1242779216 0.0000000000 -1.1269554709 -0.9086897628 -0.1114805608 -1.2883883898 1.4504758731 
358860.0000000000 -1132916.0291760408 6092530.4536351850 1504634.1949542738 0.2025638961 11.3140434823 0.0000000000 -0.1235536866 2.0106898888 0.0000000000 -0.3632892363 0.0353124362 2.0979262677 -0.6501018133 -0.4759158918 -0.0000000000 -0.6663263971 -0.4732835714 -0.3348442299 -1.9859715544 0.9270227123 
358890.0000000000 -1132915.0391811223 6092530.6531830030 1504633.9824974749 0.0025275513 11.3140434823 0.0000000000 0.6808183395 0.1967527019 0.0000000000 -0.1899438200 -0.5303375755 0.0670512089 -0.0883253194 -0.2786230751 0.0000000000 1.0479292608 -0.7939907047 0.2299640213 -1.5699906925 1.2941740802 
358920.0000000000 -1132916.5063148243 6092530.4897270156 1504634.3178531148 0.1488487174 11.3140434823 0.0000000000 -1.0952308950 0.6365745780 0.0000000000 -0.5014210237 0.0696391952 1.0475893954 1.0526363633 -0.0103191461 -0.0000000000 -0.1853964987 -0.2521804837 -0.4221310991 -0.3273955650 -0.1008809611 
358950.0000000000 -1132916.6262414628 6092529.7609555759 1504634.2483916355 0.2423449652 11.3140434823 0.0000000000 -1.7009474694 0.3247778108 0.0000000000 -0.8016557626 0.9444686466 -0.7738270751 0.7805914458 -0.0178130639 0.0000000000 1.2339944500 -0.1669558217 -0.7447174864 0.3225888078 0.4514292094 
358980.0000000000 -1132914.5470823087 6092526.4148174953 1504633.5732938165 1.2883167170 11.3140434823 0.0000000000 -1.0868807798 0.4319900266 0.0000000000 0.0169232902 0.6433911653 -0.0029539553 1.1692251542 -0.8147486340 -0.0000000000 1.2294154598 -1.0366976394 -0.6395791744 -0.9475419309 0.9498618052 
359010.0000000000 -1132914.4433438291 6092530.3614792069 1504633.4237706896 0.5543494431 11.3140434823 0.0000000000 0.5634015787 0.1206741693 0.0000000000 1.2944935026 0.4885997159 -0.7713501808 -0.3857308211 -0.5614285255 -0.0000000000 0.5287991526 -0.8828741240 -0.0291603146 -0.2369707941 -0.0770170065 
359040.0000000000 -1132912.9635164216 6092528.9210662581 1504632.0220994288 0.0013438584 11.3140434823 0.0000000000 0.7206374407 0.6834891721 0.0000000000 1.0925288177 1.5003412923 -1.6747852484 -0.8867576715 -1.2629223959 -0.0000000000 1.6112791920 -1.8908238165 1.0174707977 -1.0199484406 0.1769574287 
359070.0000000000 -1132914.8333379785 6092530.7728578486 1504633.3506560491 0.6240051584 11.3140434823 0.0000000000 0.4020582792 -0.4139595740 0.0000000000 0.6194533092 1.4102905933 -0.6695592466 -0.1182592150 -0.1246627606 -0.0000000000 0.2876021331 -1.8226339976 0.3773591933 -0.3048769530 0.3990806147 
359100.0000000000 -1132914.9675852302 6092528.8624619525 1504632.9720490414 0.2172712848 11.3140434823 0.0000000000 1.3875678163 -1.3180233152 0.0000000000 0.8670439358 -0.2593150465 -0.4526832863 -0.0030566264 0.0560584430 -0.0000000000 0.0930072881 -0.8633253257 0.3062199993 -0.3027320007 0.6201857753 
359130.0000000000 -1132915.2421556895 6092529.4956420250 1504634.3076429078 0.2540720942 11.3140434823 0.0000000000 0.3836845004 -0.0724918605 0.0000000000 0.0841026631 -0.2001234712 1.5768653162 1.0142358526 -0.0598086935 0.0000000000 -0.3717096145 -1.6712987846 -0.0132581661 -1.6957114680 1.0818424456 
359160.0000000000 -1132914.6433949084 6092528.8096152749 1504633.3111690122 1.4734014596 11.3140434823 0.0000000000 -0.0664722602 -0.6609607254 0.0000000000 -0.1063109161 0.5945289309 -0.6555223807 0.3686642022 0.2025451089 0.0000000000 0.9633045238 -1.1201694046 -0.4576689165 -0.3133926440 1.2459359503 
359190.0000000000 -1132915.6182616833 6092531.1627727840 1504634.2333875219 0.2776018641 11.3140434823 0.0000000000 0.9507467097 -0.3162385865 0.0000000000 0.1974434523 -0.7206171300 0.4024084248 0.1224856174 0.8347889792 0.0000000000 0.3056726854 -1.2828330403 -0.5364270658 -0.9988030548 1.1438543968 
359220.0000000000 -1132915.6823456187 6092530.4408064047 1504634.3669643819 0.0334596651 11.3140434823 0.0000000000 -0.4522773569 0.8740161989 0.0000000000 -0.3420340766 -0.0076236940 1.0478553222 0.8662054693 -0.1110161130 0.0000000000 0.3839645120 -1.2875949872 -0.1803151862 -1.3782256984 0.5578560147 
359250.0000000000 -1132916.6140722106 6092530.5077697989 1504634.9274827219 0.1916672441 11.3140434823 0.0000000000 -0.3904563174 0.2866737826 0.0000000000 -0.2614001433 -0.0693228094 0.1515942613 0.6928025765 0.6358712626 -0.0000000000 1.0504248202 -1.3615382599 -1.0640743012 -0.7743103053 1.0722750608 
359280.0000000000 -1132915.8226742346 6092530.6510733748 1504634.4857822584 0.2983936795 11.3140434823 0.0000000000 0.2452100424 -0.3902355512 0.0000000000 0.8412619777 -0.1226486811 0.5714451497 0.7877864926 0.1029748946 -0.0000000000 -0.1284808154 -1.1554414130 -0.7849782896 -0.5983384327 0.6665250133 
359310.0000000000 -1132914.7134990869 6092528.4824903216 1504632.9921480515 0.3506172946 11.3140434823 0.0000000000 1.2368624517 0.0524897099 0.0000000000 0.0901319687 0.0562321821 -1.6490874168 -0.7879436455 0.6401182976 -0.0000000000 2.1636021033 -1.9789647098 0.1680139516 -0.9108581711 1.0384015249 
359340.0000000000 -1132915.1626348828 6092529.1040519215 1504633.6997163477 0.3860031652 11.3140434823 0.0000000000 0.3427156335 -0.7220277340 0.0000000000 0.1259792816 -0.0214266521 -0.1365778219 0.6860732836 -0.1009206003 0.0000000000 0.4110821550 -0.8435427387 0.2117469686 -0.4190624032 0.5041569294 
359370.0000000000 -1132915.5973596254 6092529.3105508555 1504632.9632656535 0.1137203349 11.3140434823 0.0000000000 -0.5338323464 -0.2678623271 0.0000000000 0.0183663687 1.2992335107 -0.7741722310 0.0869890119 0.3569532949 0.0000000000 0.7358244059 -1.2129143663 -0.7260798485 0.2577793102 0.6990695461 
359400.0000000000 -1132915.9024724453 6092529.6944741057 1504632.9279640696 0.1255110935 11.3140434823 0.0000000000 0.9935208571 -0.6287298303 0.0000000000 -0.1955781789 1.0119484959 -1.7215260653 -0.4501848389 0.9941766266 -0.0000000000 1.7417605803 -2.6207483317 0.5257987622 -0.3572018445 0.8047929979 
359430.0000000000 -1132915.3737292057 6092529.0912121711 1504632.5992090802 0.0847835045 11.1654816136 0.0000000000 1.2030089351 -0.5217144674 0.0000000000 0.6408579288 -0.1822878990 -1.2917182157 -0.6768845536 0.6088383425 0.0000000000 1.0604944642 -0.9944026712 -0.2324502374 -0.0792164035 0.5835500166 
359460.0000000000 -1132915.7599920896 6092530.9414015012 1504632.8761907693 0.0354239681 11.1654816136 0.0000000000 1.4861621666 -0.4892760795 0.0000000000 0.9462161425 -0.1592593871 -1.4069327789 -0.1782811747 0.3933447466 0.0000000000 1.4604619011 -1.9724834146 0.3632469268 -0.5205776268 0.2293623014 
359490.0000000000 -1132914.7639131451 6092528.6465240708 1504633.3733255565 0.0006936790 11.1654816136 0.0000000000 0.1752618746 0.4097149758 0.0000000000 0.5362445075 -1.0301252925 -0.8106137438 0.9249423372 0.0550108863 0.0000000000 2.0742936448 -1.1715316979 -0.4378154095 -0.6111707539 -0.1053894372 
359520.0000000000 -1132916.5915901843 6092532.7742553130 1504634.1978365756 0.4802919813 11.1654816136 0.0000000000 1.7717199096 0.1539702712 0.0000000000 0.2946819328 -1.4346553473 -0.4360893131 -0.3924414429 1.4468930999 0.0000000000 1.0352563067 -1.6128688325 0.1349195766 -0.8437019337 0.0837035253 
359550.0000000000 -1132914.7677070664 6092528.5823708903 1504633.4584604260 0.0015534016 11.1654816136 0.0000000000 0.3063058640 -0.5820370684 0.0000000000 0.3352070200 -0.3112013598 0.3100902102 1.0920819016 -0.0822439610 0.0000000000 0.5728836216 -1.2709835185 -0.5789858226 -1.0095760941 1.2619652882 
359580.0000000000 -1132915.8504520743 6092532.3809960904 1504633.6912874179 0.2791613355 11.1654816136 0.0000000000 1.1025195297 -0.2293714259 0.0000000000 0.4226089237 -0.6603217629 0.2577807128 0.4670908708 1.1019722394 0.0000000000 0.4317609646 -2.0664363274 -0.3062185224 -0.9729611545 0.5925600999 
359610.0000000000 -1132916.1117781086 6092531.9461775059 1504635.1965848173 0.1183348559 11.1654816136 0.0000000000 -0.0200327938 0.5624935417 0.0000000000 0.1285406653 -0.0363829061 1.3870996700 0.7182265762 0.7170996314 0.0000000000 -0.4510980843 -1.7394248515 -0.6151713356 -1.1186450485 0.4949185975 
359640.0000000000 -1132915.7952535572 6092530.5843750481 1504634.3833734740 0.0293014816 11.1654816136 0.0000000000 -0.1805263468 0.2273444626 0.0000000000 -0.2092287271 0.1168700738 -0.3480975910 0.5388979307 0.3566545371 0.0000000000 1.1724623605 -1.3147642802 -0.1940187411 -0.3732971511 0.1837403344 
359670.0000000000 -1132916.2527337361 6092531.7722032135 1504634.6326155637 0.3311614561 11.1654816136 0.0000000000 -0.5209290632 0.6155874959 0.0000000000 -0.4887634158 1.6828134285 -0.4822079951 -0.6407414581 1.1984074321 0.0000000000 0.5312361668 -1.8827785347 -0.3266855735 0.2853326562 -0.0334220376 
359700.0000000000 -1132914.4406908029 6092529.4795645606 1504633.8079995653 0.0033733246 11.1654816136 0.0000000000 -0.9944554342 -0.2753592768 0.0000000000 0.0531814790 0.8458154504 0.7669632782 1.2989841225 0.1208906971 0.0000000000 -0.0630101898 -1.2777519458 -1.2241535014 -0.3375011278 0.9822550948 
359730.0000000000 -1132914.6042269932 6092528.6688360758 1504632.9404375458 0.0023431865 11.1654816136 0.0000000000 1.1970555763 0.1609265916 0.0000000000 0.5206606476 -1.2935549622 -0.2540552023 0.7303296475 -0.1007040634 0.0000000000 1.6458675058 -1.6767501078 -0.0050750759 -1.6794699912 0.8998848169 
359760.0000000000 -1132914.0331701173 6092527.5841920460 1504632.9511342891 0.1742223540 11.1654816136 0.0000000000 0.1295347540 0.2081144426 0.0000000000 0.9561089122 0.6425620217 -0.8772713261 0.2216977713 -0.8679268723 0.0000000000 1.2875804656 -1.3690221983 -0.2066963951 -0.6727871706 0.5459599851 
359790.0000000000 -1132914.2373965362 6092527.5470259963 1504633.0135409890 0.2318900164 11.1654816136 0.0000000000 -0.1918108866 0.7847116929 0.0000000000 0.3658095347 -0.2074933630 0.0547005574 0.0520466147 -1.0008203688 0.0000000000 0.6407213111 0.0945843646 -0.3671589320 -0.8629251359 0.6081815762 
359820.0000000000 -1132914.8707058718 6092529.3171988335 1504633.6097222934 0.0583874864 11.3140434823 0.0000000000 0.2582047495 -0.6936354336 0.0000000000 -0.2815804175 0.0404642813 -1.7894735408 -0.3421662131 0.5019483901 0.0000000000 1.7575313551 -0.2224953598 -0.2625725491 0.8109751221 0.2189240889 
359850.0000000000 -1132914.6216084808 6092528.3779102825 1504633.7073866981 0.0083665617 11.3140434823 0.0000000000 -0.7178095633 -0.3934502341 0.0000000000 -0.4805759106 1.6571442247 0.3967210096 0.5838118056 -0.1899138200 0.0000000000 -0.1059994553 -1.3262219933 -0.1595926215 -0.3925980551 1.0495700134 
359880.0000000000 -1132913.8909465291 6092527.9940052703 1504632.3953335106 0.0106818541 11.3140434823 0.0000000000 0.6490229000 -0.9367450368 0.0000000000 0.4303921555 1.7056371252 -1.5701164818 -1.5603448561 -0.2144818235 0.0000000000 0.0734393712 -0.1668951869 0.2163170687 0.7435130752 0.6849779761 
359910.0000000000 -1132915.8323530876 6092528.4552541375 1504633.5283721990 0.0969118537 11.3140434823 0.0000000000 -1.0089323940 0.1973169591 0.0000000000 -0.3027106507 0.9700039074 -0.6657094125 0.4297319108 0.6457242345 0.0000000000 1.4976597338 -1.4570879619 -1.1995169732 0.3617787795 0.3836533621 
359940.0000000000 -1132915.4492870865 6092531.3097767979 1504634.6727150911 0.0292611976 11.3140434823 0.0000000000 -0.1882962907 1.5451203931 0.0000000000 -0.7395403535 -0.3294313285 1.5113336018 0.2121913149 0.3546446594 0.0000000000 0.0922635164 -1.2241904003 -0.2741553875 -1.7853604425 0.8387069799 
359970.0000000000 -1132915.1801832623 6092531.4406698188 1504633.2069963124 0.1663371628 11.3140434823 0.0000000000 1.4321954720 -0.1472486512 0.0000000000 -0.3406185544 0.8563263331 -1.1886515589 -1.6634510842 0.8451456702 0.0000000000 1.0394619403 -1.6841025657 0.2499161265 -0.5618227796 1.3412468654 
360000.0000000000 -1132915.0208566370 6092530.5807278734 1504633.9180660704 0.0077806954 11.3140434823 0.0000000000 0.8552380474 -0.1774743307 0.0000000000 0.5919723537 -0.0525345464 0.6162333591 -0.1708203393 -0.1826999738 0.0000000000 -0.9214326626 -0.4126964344 0.0431989214 -0.9146315651 0.8626446969 
