time x y z T0 thrd C21 C24 C25 C26 C33 C34 C38 C39 C40 C42 C43 C59 C60 C23 C41 
345600.0000000000 -1132916.1584534186 6092529.2403574223 1504631.9099988907 0.6629132544 11.3140434823 0.9397648513 0.6958576086 0.7158636026 0.7137355744 0.0000000000 -0.0989998758 0.1427870599 -0.6719414661 0.2151975007 0.0971355626 -0.6151615184 -1.8179760016 -0.4168510720 0.0000000000 0.0000000000 
345630.0000000000 -1132916.1880393801 6092529.9041784275 1504633.3356316497 0.2419546430 11.3140434823 0.8015798003 0.2447258456 0.2769292027 0.4479987611 0.0000000000 0.2120802156 0.3140494807 -0.7631208007 -0.2138339497 0.3772449106 -0.2477694510 -1.3507766809 -0.1301002342 0.0000000000 0.0000000000 
345660.0000000000 -1132917.0059700217 6092531.0536282556 1504632.3274120509 0.5012306383 11.3140434823 0.6046189976 0.4648517066 -0.9176010601 -0.4346333834 0.0000000000 0.5600007881 0.9971085274 -0.3703436666 -0.8102098665 0.4157438090 1.1479223130 -0.6740236796 -0.7459820701 0.0000000000 0.0000000000 
345690.0000000000 -1132914.7487625708 6092529.0247412398 1504632.5357852925 0.1842114213 11.1654816136 0.3501087460 1.1517767689 -1.2572329991 1.1342015204 0.0000000000 0.0000000000 0.1701357095 -0.5453596456 1.4868712162 -0.4563334539 0.0587524342 -2.2712119421 0.3360659426 0.0000000000 0.0000000000 
345720.0000000000 -1132914.8758038399 6092528.5290302448 1504633.7336326994 0.7038904644 11.3140434823 0.1950316773 0.9650218980 -0.3893341054 0.4473033260 0.0000000000 3.0180392122 0.0030234216 0.2483371806 -0.8134193335 0.2069934668 -1.4913490997 -1.6642679249 -0.6372369320 0.0000000000 0.0000000000 
345750.0000000000 -1132913.9932792147 6092527.5466540400 1504633.1369341845 0.2119850304 11.3140434823 -0.5499011097 0.8334938303 0.6187470326 1.4676869605 -0.0000000000 2.2790673753 -0.2979171941 -0.1692660015 0.0720581488 0.0029080898 -2.3633136791 -1.5595979663 -0.4509538157 0.0000000000 0.0000000000 
345780.0000000000 -1132914.6665173033 6092528.7073896835 1504632.6867749726 0.0012294237 11.1654816136 0.7000856554 0.7301462555 0.8775419815 -0.0191950736 -0.0000000000 -1.8440703618 -0.2257464189 0.2779886419 2.0853948291 0.0000000000 -0.5413476489 -1.8604211520 -0.3694254059 0.0000000000 0.0000000000 
345810.0000000000 -1132914.3501897804 6092528.4308718834 1504633.4013274228 0.0532536312 11.3140434823 -0.7289258129 0.6066610778 1.8507105305 0.9325536257 -0.0000000000 0.1551767676 0.2879982559 0.2028723033 0.8486128965 -0.0147165830 -1.8656269232 -1.1385488803 -1.4074983904 0.0000000000 0.0000000000 
345840.0000000000 -1132914.8158235266 6092529.6403380204 1504632.7336367192 0.0563006928 11.3140434823 -0.5368301071 1.0908852263 -0.7204531351 0.0045687016 0.0000000000 2.1304006487 0.3027026804 0.9964490193 0.7288747452 0.2587426231 -1.2823998619 -1.9073340984 -0.9213254623 0.0000000000 0.0000000000 
345870.0000000000 -1132914.8001061755 6092530.1022950560 1504632.7688774536 0.1274073820 11.3140434823 0.9858062289 0.6596630857 -0.2823063127 -0.0994956882 0.0000000000 0.8195736261 0.5825289319 0.8248694760 0.8435863657 0.0151749285 -0.9261793898 -2.9510006781 -0.4478710472 0.0000000000 0.0000000000 
345900.0000000000 -1132915.4999035934 6092529.8984605148 1504633.0815363056 0.2409125094 11.3140434823 -0.2266960984 0.7364200583 -0.4926901087 0.1939075972 -0.0000000000 0.5243823122 0.2441931072 0.1942066669 0.7579845901 0.0809516924 -0.3191486718 -1.1706688891 -0.4314253084 0.0000000000 0.0000000000 
345930.0000000000 -1132915.3075533409 6092529.4464878887 1504633.2635433008 0.0249490257 11.3140434823 -0.2489817647 0.8056118055 -0.1394723703 0.0362812910 0.0000000000 1.6846534828 0.1908520663 0.7525673418 0.1625270589 0.0413556466 -1.1331024910 -1.2642032355 -0.8366401185 0.0000000000 0.0000000000 
345960.0000000000 -1132914.4571692802 6092528.4367064526 1504633.2340360775 0.0054088118 11.3140434823 0.5216164337 0.8670716883 0.5124095517 0.4763503321 0.0000000000 -0.8235300879 -0.2554649446 -0.6017475705 1.2288077553 0.3299476761 -0.4833763434 -1.6176833036 -0.2729082591 0.0000000000 0.0000000000 
345990.0000000000 -1132914.4820972551 6092528.0733175091 1504632.9401102178 0.0076211549 11.1654816136 1.3651472253 0.3593079035 0.3122187566 0.2209749125 -0.0000000000 0.0000000000 0.7934558391 -0.2414486698 -0.4706111558 -0.2063080636 0.0765721032 -1.6823551691 -0.5426069088 0.0000000000 0.0000000000 
346020.0000000000 -1132914.3740621964 6092527.9964640262 1504633.1251540077 0.1436807617 11.1654816136 0.5430643871 0.6490136611 -0.0508142752 0.4146806136 0.0000000000 1.6966441230 0.1160242690 0.2993865926 0.0266295930 0.0000000000 -1.3893903987 -2.0766442814 -0.2428569679 0.0000000000 0.0000000000 
346050.0000000000 -1132914.9812937113 6092529.8137997612 1504632.9872175928 0.0016450723 11.3140434823 -0.0612752584 0.6893976740 0.1702567401 0.8693521175 0.0000000000 1.3821785733 0.4227262781 -0.0404656469 0.6032192805 0.1910389431 -1.5254218574 -2.2549814292 -0.4917110692 0.0000000000 0.0000000000 
346080.0000000000 -1132915.0353493434 6092528.1929698428 1504631.4813332099 0.2099902186 11.3140434823 1.2843638101 1.0185864733 0.1549244465 -0.1191155440 -0.0000000000 0.1074679645 0.2711487396 0.0931502797 0.6744729608 0.3606753213 -0.5206833230 -2.6326845034 -0.7166006758 0.0000000000 0.0000000000 
346110.0000000000 -1132915.2389522002 6092528.4519378264 1504632.6294048680 0.0324966606 11.3140434823 -0.4187747595 0.8740053974 -0.0877495779 0.2829333815 -0.0000000000 -0.5156446662 0.5346594845 -0.2513191366 1.5628021570 0.5745145246 -0.0970576742 -1.5622565895 -0.8594235436 0.0000000000 0.0000000000 
346140.0000000000 -1132914.7027018396 6092527.9816845581 1504632.8278515257 0.0038757417 11.3140434823 1.4165345667 0.5760618431 0.7652706303 0.3248880302 0.0000000000 1.4935164591 -0.1328077357 -0.4176786601 -0.8476263649 0.5029659983 -1.3749403280 -2.0574830092 -0.3690945664 0.0000000000 0.0000000000 
346170.0000000000 -1132915.9697467936 6092528.1504574241 1504632.8402148059 0.0005482836 11.3140434823 0.2060010435 0.3010028606 -0.5387997603 0.0774302760 0.0000000000 3.3080659708 0.8733069863 0.4022460071 -1.8244290541 0.1760961272 -0.8939526387 -1.1514092256 -0.7206740424 0.0000000000 0.0000000000 
346200.0000000000 -1132914.8976099556 6092529.2337252982 1504632.9581852017 0.0004404276 11.3140434823 1.3649092829 0.1780109673 -0.1129444559 -0.3418667212 -0.0000000000 1.3904166481 0.6546548521 0.3167586532 -1.0559010655 0.2600712978 -0.3513710695 -1.7712023426 -0.4519350925 0.0000000000 0.0000000000 
346230.0000000000 -1132915.8761995337 6092530.8113320339 1504632.4104218897 0.0501517398 11.3140434823 1.4145622280 1.1339882330 -0.7614577800 -0.2091623951 0.0000000000 0.7147472200 0.1035720150 -0.7586992197 -0.9297108785 0.4714737449 0.7631466319 -1.2799155953 -0.4238403945 0.0000000000 0.0000000000 
346260.0000000000 -1132917.2010969361 6092529.2687625438 1504631.3782742301 0.8091936673 11.0041300577 0.0000000000 0.8858207371 0.5967961912 0.3777176541 0.0000000000 0.0000000000 1.1596646071 -0.0398000333 0.1845396652 -0.1299713700 -0.1112246396 -1.2528618547 -1.6707172097 0.0000000000 0.0000000000 
346290.0000000000 -1132917.2525232227 6092531.5312634083 1504632.2765718410 0.4080801258 11.3140434823 0.1467430485 1.6832405356 -1.6167564678 0.2471865873 0.0000000000 1.7281597632 0.2530465103 -0.7655144848 -0.9775836245 0.0389369778 0.8565842026 -0.5574724847 -0.5946824363 0.0000000000 0.0000000000 
346320.0000000000 -1132914.9912669684 6092527.8293254757 1504632.4805482449 0.0092352566 11.3140434823 0.6443796980 1.6454746982 -0.5183196019 0.0903284686 0.0000000000 0.7572418541 0.0359509541 -0.3264359707 -0.0824093977 -0.0017573600 0.1078910335 -1.3364034656 -0.8469470104 0.0000000000 0.0000000000 
346350.0000000000 -1132915.9933028263 6092528.3291402832 1504632.5318393982 0.7215501071 11.3140434823 0.4803639056 2.0610361560 0.3812533045 -0.0897326834 -0.0000000000 0.5165824065 1.0025765363 -0.1891213486 -0.8247627176 -0.1915774961 0.5864240223 -0.8936057414 -2.6542163651 0.0000000000 0.0000000000 
346380.0000000000 -1132914.9508959381 6092525.3817862375 1504632.0156884077 0.0056053391 11.0041300577 0.0000000000 1.6705393671 1.4580209341 0.5415018879 0.0000000000 0.0000000000 -0.5492146825 0.1825686385 1.3708558059 -0.3400414895 -1.8243113000 -1.4980845378 -1.3347118969 0.0000000000 0.0000000000 
346410.0000000000 -1132915.4450065126 6092529.2175803520 1504632.3201665927 0.1237251387 11.3140434823 0.8475300201 2.1095898036 -0.3773182839 0.3024718130 0.0000000000 -0.0507909478 0.3030626789 -0.9280277834 -0.2326782422 -0.2023046665 0.8967609753 -1.1341421574 -1.3238709817 0.0000000000 0.0000000000 
346440.0000000000 -1132915.3291067586 6092526.3723609792 1504632.0782427001 0.0373550806 11.3140434823 0.7517878662 2.0870459858 -0.1316572769 0.3761469652 -0.0000000000 1.7231504514 -0.2893348890 -0.7236047301 -0.9781622666 -0.0540420835 -0.4038759349 -1.1101209239 -1.0925599296 0.0000000000 0.0000000000 
346470.0000000000 -1132916.7912335785 6092528.6319462508 1504631.4380598646 1.3989121720 11.1654816136 1.1311128030 2.3425351820 -1.1779927906 0.0582319580 -0.0000000000 -0.9704665304 0.0000000000 -1.8843572867 -0.3195941583 0.4050917576 2.4187479835 -0.6205451661 -0.9629201190 0.0000000000 0.0000000000 
346500.0000000000 -1132915.6614827637 6092527.7974849613 1504632.7713864180 0.0008858191 11.3140434823 1.2017150767 2.0739895835 0.1734884288 -0.1791817989 0.0000000000 0.2385509522 -1.0774962235 -0.9951635707 -0.5981998186 0.3334488467 0.2825856654 -0.4689303306 -0.9009749752 0.0000000000 0.0000000000 
346530.0000000000 -1132915.1359016909 6092526.5531174196 1504632.3238812219 0.0518125967 11.3140434823 -0.2319691305 2.7681331612 0.0914947102 -0.2245085187 -0.0000000000 1.0579566562 -0.1149597128 -0.7590970345 -0.7379243153 0.4815510469 0.5273899592 0.0154560148 -2.5818813658 0.0000000000 0.0000000000 
346560.0000000000 -1132916.3597984379 6092528.7621359099 1504632.1790210474 0.2738672302 11.3140434823 1.0746830913 3.3993222687 -0.4126537264 -0.1984042221 0.0000000000 -0.1463904571 -0.3315143479 -0.5875834542 0.6726135218 -0.0797239317 0.6320640491 -1.8574257560 -1.9515846164 0.0000000000 0.0000000000 
346590.0000000000 -1132915.6768174425 6092525.7273815526 1504632.5452156400 0.0035174127 11.3140434823 -0.4904730763 3.3076467165 -0.8282709256 -0.5233257640 -0.0000000000 0.5147592356 -1.0837126793 0.0116963598 0.6960374959 -0.3880345776 0.4987890939 0.2599433256 -1.6792348773 0.0000000000 0.0000000000 
346620.0000000000 -1132916.3172125537 6092527.8121914016 1504632.6628538526 0.4243448646 11.3140434823 -0.3666974281 4.1644703784 -1.7331397353 -0.1431794598 0.0000000000 2.7880685653 -0.3142715071 -0.2152604187 0.0388438425 -0.0478050997 0.0066779281 -1.4899536337 -2.1216522569 0.0000000000 0.0000000000 
346650.0000000000 -1132915.8419494620 6092526.2656645998 1504632.0712249326 0.1100342870 11.3140434823 1.4497320365 3.5416755608 0.3070427970 -0.0029542589 0.0000000000 0.3558398344 -0.5267347087 -0.8156887702 -0.6515782590 -0.6747076209 0.3947286777 -1.0205125014 -2.2094458017 0.0000000000 0.0000000000 
346680.0000000000 -1132915.7007969166 6092527.8481167713 1504632.2540730108 0.0879154090 11.3140434823 1.9289218563 4.3795391199 -1.6932595878 -0.4697889982 0.0000000000 0.4268191097 -0.5550705913 -1.3460796034 -1.0032322861 -0.3480950659 2.2640201537 -1.1315051209 -1.8122812845 0.0000000000 0.0000000000 
346710.0000000000 -1132916.4679540412 6092529.6628551623 1504631.8413743551 1.2306809590 11.3140434823 1.1326181110 4.7971237056 -0.7225659248 0.1209336096 0.0000000000 0.2906173044 -0.4430379752 -1.4209257294 0.2001746663 -0.2872384382 1.0730574493 -1.8000688302 -2.5480799038 0.0000000000 0.0000000000 
346740.0000000000 -1132915.7188484743 6092525.5152164632 1504632.3068315696 0.0021457803 11.3140434823 0.7403351374 4.4494721107 0.5436070599 0.8452395910 0.0000000000 3.0265996042 -0.8972455415 -1.1468447927 -0.9606880522 -0.6139070258 -1.7060693418 -1.7882185747 -2.3983648426 0.0000000000 0.0000000000 
346770.0000000000 -1132915.9124479801 6092525.5065969396 1504631.1167565279 1.1171024962 11.1654816136 2.0654526063 3.9672232114 0.6527070288 0.3639295415 0.0000000000 0.0000000000 -0.0927743519 -1.0970834291 -0.3023523558 -0.8530584132 0.1586421826 -2.2673778867 -2.5421523324 0.0000000000 0.0000000000 
346800.0000000000 -1132914.3296813653 6092525.0627912562 1504632.2266129456 0.0006204123 11.3140434823 0.5633740958 4.7514210348 0.0692527998 0.9683096374 0.0000000000 2.3900564780 -1.0822325867 -1.2544368265 -0.1577614290 -0.9627036004 -1.4201386486 -1.7769614959 -1.9819663674 0.0000000000 0.0000000000 
346830.0000000000 -1132914.9844618987 6092525.4661442172 1504632.0008708569 0.4223221490 11.3140434823 0.9751449393 4.5989572770 -0.3450161251 0.3996183133 0.0000000000 1.1594693261 -1.1562577725 -1.0412089830 0.7139354198 -0.5626844653 -0.6492359971 -2.2161721718 -1.7388094405 0.0000000000 0.0000000000 
346860.0000000000 -1132915.7614795233 6092526.4119715327 1504632.0978813590 0.0520574569 11.3140434823 0.9883690672 4.9742238747 -1.1928837739 0.6324318576 0.0000000000 0.1268152469 -0.4413407514 -1.9673291493 0.2031250328 -0.8328365276 1.3797803850 -1.4878605972 -1.9253628319 0.0000000000 0.0000000000 
346890.0000000000 -1132915.9682622957 6092527.4595090551 1504631.5328630114 0.0836464760 11.3140434823 -0.0525598837 5.3289064791 -0.7773889005 0.6324986861 -0.0000000000 1.6983917051 -0.7276156585 -1.1486572884 0.5429436744 -1.0950844256 -0.2988492916 -1.4172909094 -2.3558311567 0.0000000000 0.0000000000 
346920.0000000000 -1132915.9814236180 6092526.0628654882 1504631.7318355665 0.0914184840 11.3140434823 1.4668516416 5.7394771395 -1.8975031351 0.1294881558 -0.0000000000 1.1224975192 -0.8808526310 -2.2110866300 -1.2700119062 -0.8343674032 2.1580311577 -0.7275018801 -2.0113269029 0.0000000000 0.0000000000 
346950.0000000000 -1132915.1825343207 6092526.3836141247 1504631.6015363662 0.1505625826 11.3140434823 1.1585609228 5.7722997840 -1.0781905002 0.1613268726 0.0000000000 0.4114927477 -0.7288468949 -1.2560845313 0.4617690055 -1.3768408788 0.9453727327 -1.6455547273 -2.4032316379 0.0000000000 0.0000000000 
346980.0000000000 -1132914.7645346874 6092524.4154980993 1504631.5594328230 0.0101220641 11.3140434823 0.0646962537 5.9841324440 -0.6794303727 0.6239833358 -0.0000000000 3.0887031189 -1.0149522158 -1.1424685537 -0.1788601555 -1.3240101918 -1.0419136617 -1.4656818590 -2.5556638284 0.0000000000 0.0000000000 
347010.0000000000 -1132915.0133290261 6092524.3622884713 1504630.4285341620 0.0142749252 11.0041300577 0.0000000000 5.6915912683 -0.6431602999 0.6462120656 0.0000000000 0.0000000000 -0.4056466892 -1.9234971551 1.1659829978 -0.7471479498 0.9006983993 -1.4044029534 -2.9079699277 0.0000000000 0.0000000000 
347040.0000000000 -1132915.4299304741 6092525.2627223851 1504631.8925178011 0.1205977308 11.3140434823 0.9980458048 6.8493891479 -0.8824633657 0.5374927086 0.0000000000 1.0882234645 -1.4028937024 -2.0045585135 0.8544343736 -1.0422287627 0.1186358973 -2.2029237231 -2.5473782778 0.0000000000 0.0000000000 
347070.0000000000 -1132916.5007777615 6092525.9326072680 1504631.3631511992 0.2316324088 11.1654816136 1.7463289492 6.6845004667 -1.0213501385 0.4100409283 -0.0000000000 3.0070691764 -0.6425007900 -1.8405575423 -1.3084553003 -1.0709755776 0.0000000000 -2.5189007678 -2.8580157703 0.0000000000 0.0000000000 
347100.0000000000 -1132914.6420963383 6092523.7875577928 1504631.7290244752 0.0292712382 11.1654816136 0.8069454678 6.6477974182 -0.7190083785 0.0655227368 0.0000000000 1.6171539396 -1.0879164942 -1.3023142104 0.3941826318 -1.1819787956 0.0000000000 -1.8174283809 -3.0172719810 0.0000000000 0.0000000000 
347130.0000000000 -1132915.4105331348 6092523.2603793256 1504631.8823856490 0.0346496008 11.1654816136 1.4496356516 6.9339673053 -0.3526990698 0.2830760641 -0.0000000000 1.8336184184 -1.5903191632 -1.9814296833 -0.6379140648 -1.4293840605 0.0000000000 -1.2862760243 -2.8356005233 0.0000000000 0.0000000000 
347160.0000000000 -1132916.9340480270 6092526.0166651458 1504631.4422249887 0.0957441855 11.1654816136 0.9310746675 7.1393086554 -0.8515751711 0.1235788682 -0.0000000000 2.6018726257 -1.3007845956 -1.7905693572 -0.6007959411 -1.1147888224 0.0000000000 -1.5025952945 -3.0812524408 0.0000000000 0.0000000000 
347190.0000000000 -1132915.5802536309 6092524.5999715123 1504632.0968829787 0.1421512305 11.1654816136 0.6508178665 7.7518599956 -1.6489162860 0.3600928037 -0.0000000000 1.2495832419 -1.2419589772 -1.5751946641 1.8739902461 -1.5924795503 0.0000000000 -2.8297011614 -2.5602511865 0.0000000000 0.0000000000 
347220.0000000000 -1132915.0014620395 6092522.6973268744 1504631.7362414058 0.0073755315 11.1654816136 1.9198493307 7.7365334418 -1.0086303759 -0.3875457953 0.0000000000 1.6494929396 -1.5874088850 -1.1446873502 0.4050646827 -1.6998572065 0.0000000000 -2.5001717564 -2.9529134800 0.0000000000 0.0000000000 
347250.0000000000 -1132915.0703204933 6092525.4760581236 1504632.1634301392 0.0043135456 11.1654816136 0.9138830446 8.4425074822 -0.9962872165 0.0725879195 -0.0000000000 1.8088814609 -1.6684581250 -1.7403889961 0.6050991338 -2.0217476836 0.0000000000 -1.6620629264 -3.2795031369 0.0000000000 0.0000000000 
347280.0000000000 -1132915.2945313407 6092523.2347614188 1504631.9456327145 0.0290499184 11.1654816136 1.0590452659 8.0850314655 -1.7129152865 -0.9061723751 -0.0000000000 2.5972091106 -1.9386937217 -0.7377211544 0.5284141965 -1.4273862727 0.0000000000 -1.9532301264 -2.9551678703 0.0000000000 0.0000000000 
347310.0000000000 -1132914.7501996115 6092525.0428011334 1504631.8440735906 0.0138753012 11.1654816136 1.6378175280 8.3169481392 -1.5672655382 -0.4766515567 -0.0000000000 1.8490168417 -2.0130347949 -1.4764838528 1.0730801730 -1.1784475524 0.0000000000 -2.9268230648 -2.7153289320 0.0000000000 0.0000000000 
347340.0000000000 -1132916.2985035076 6092524.8835694324 1504630.8383868681 0.2419571443 11.1654816136 1.7053922307 8.6191661962 -1.4237469611 -0.4268010489 -0.0000000000 2.9566346311 -1.3116027516 -1.5274716023 -0.2160854410 -1.3862327450 0.0000000000 -2.8256989184 -3.4792588557 0.0000000000 0.0000000000 
347370.0000000000 -1132917.9139956436 6092524.5402847230 1504632.1129853169 1.0317864384 10.8275661707 0.7664482337 8.7720044304 -1.7951950034 0.0000000000 0.0000000000 2.6919568744 -1.7482867360 -2.1746392791 0.7132084741 -1.1067868482 0.0000000000 -2.4978587101 -2.9367444874 0.0000000000 0.0000000000 
347400.0000000000 -1132914.8753250376 6092523.3324943259 1504631.2708047468 0.0020183032 11.1654816136 0.5527645794 9.4588948485 -1.9636268429 -0.4919492851 -0.0000000000 2.1171726938 -1.9720104250 -1.6881789905 2.0931723839 -0.9800907037 0.0000000000 -3.0961194288 -3.3838215236 0.0000000000 0.0000000000 
347430.0000000000 -1132914.8670598890 6092523.4548310554 1504630.2748597499 0.0011274704 11.1654816136 -0.2049172283 9.5110136302 -2.2644376824 0.0329874524 0.0000000000 2.9347013395 -1.5404754859 -1.8709729169 1.1887597855 -2.1357967517 0.0000000000 -1.7735571409 -3.1137733990 0.0000000000 0.0000000000 
347460.0000000000 -1132914.1011307524 6092524.7217864599 1504631.3221473154 0.0867190870 11.1654816136 1.1135086527 9.5781267099 -1.6516488476 -0.5681480491 0.0000000000 1.9612747286 -2.4935838935 -1.6687131384 1.2375296739 -2.1860498520 0.0000000000 -1.8300728450 -2.9332088622 0.0000000000 0.0000000000 
347490.0000000000 -1132916.4119221582 6092525.5222792290 1504631.8018671870 1.0201191888 11.1654816136 0.5191238303 9.7772526547 -1.2081903554 -0.0472404814 0.0000000000 2.0846140605 -1.6485872235 -2.4876840537 1.4644129228 -1.1733008147 0.0000000000 -2.6752915611 -4.0021512016 0.0000000000 0.0000000000 
347520.0000000000 -1132916.1335328340 6092523.5806431258 1504630.3149814161 1.7913333455 11.1654816136 -0.3510548720 9.2938600015 -1.6278581068 0.2682448761 0.0000000000 2.3724610897 -1.4803275936 -2.5064854879 1.4274187377 -1.5583023754 0.0000000000 -1.8156935781 -3.3659068298 0.0000000000 0.0000000000 
347550.0000000000 -1132914.8300528473 6092524.1994861476 1504631.3718184216 0.1433004102 11.1654816136 1.2194483164 10.5677263301 -2.3532759760 -0.6616470062 -0.0000000000 2.5609738376 -1.9901041582 -1.7493116494 1.6960698933 -1.8998522353 0.0000000000 -3.3490997294 -3.3089813190 0.0000000000 0.0000000000 
347580.0000000000 -1132915.7651612260 6092525.4636385599 1504630.4507916223 1.1912453390 11.1654816136 1.5415069689 10.5871842064 -1.4833769432 0.1076617154 -0.0000000000 1.7012292248 -1.8559098164 -2.7377842110 1.3901375260 -2.4387325724 0.0000000000 -2.9268827460 -3.3575690532 0.0000000000 0.0000000000 
347610.0000000000 -1132914.7115181233 6092523.3082704647 1504630.6532738693 0.9469845808 11.1654816136 0.6588583741 10.8968702098 -1.9002106679 0.0026149457 0.0000000000 1.3366760038 -2.1873217609 -2.6488190762 2.7378355827 -2.2555119056 0.0000000000 -2.8987748444 -3.2239145299 0.0000000000 0.0000000000 
347640.0000000000 -1132915.0782583584 6092523.9649987202 1504630.9742786866 0.0304836758 11.1654816136 0.9059096886 11.3144076783 -2.0789285290 -0.5280590244 -0.0000000000 2.1778450556 -2.9279966203 -2.5656085783 1.9727141990 -2.1361814378 0.0000000000 -2.3370755458 -3.1350562680 0.0000000000 0.0000000000 
347670.0000000000 -1132915.1464403230 6092524.6861799695 1504631.3139784716 0.0254092607 11.1654816136 2.1367803421 11.5577517970 -2.2915371981 -0.8274799825 -0.0000000000 2.7489424388 -2.5888203874 -2.3308748456 1.1477647960 -2.1395456346 0.0000000000 -3.4525069674 -3.2031421746 0.0000000000 0.0000000000 
347700.0000000000 -1132915.4193638854 6092525.2453925116 1504630.9245212954 0.3468256730 11.1654816136 0.5374783456 10.9213870414 -2.1475180064 -0.5683738927 0.0000000000 2.7327681166 -2.5732803255 -2.4293799281 1.4337218562 -2.1607653071 0.0000000000 -1.8852954363 -3.1099228324 0.0000000000 0.0000000000 
347730.0000000000 -1132914.7186171005 6092524.2341948692 1504630.6635112744 1.4730161252 11.1654816136 0.6218509001 11.9063368419 -2.2569147243 -0.6960442435 -0.0000000000 1.6819253062 -3.1678463453 -2.5961244558 3.0589394770 -2.2048900079 0.0000000000 -2.5799765698 -3.1576302848 0.0000000000 0.0000000000 
347760.0000000000 -1132915.6078653373 6092524.7515679365 1504631.0523220354 0.6048473446 11.1654816136 0.6881785924 12.2606001604 -2.4316342916 -0.9532305228 -0.0000000000 2.3459087678 -3.0438253834 -2.6508533410 2.9877290724 -1.3205046089 0.0000000000 -3.4731797410 -3.6497297635 0.0000000000 0.0000000000 
347790.0000000000 -1132915.1381928581 6092522.9277015291 1504630.5481787059 0.5201889745 11.1654816136 2.0393645092 12.1935695224 -0.8149932690 -0.5561218430 0.0000000000 0.6945117699 -2.2995604828 -2.8133123412 2.3186135510 -3.0121036922 0.0000000000 -3.0281082701 -4.3667765481 0.0000000000 0.0000000000 
347820.0000000000 -1132914.6478940784 6092521.5408349326 1504630.7439273668 0.1487935507 11.1654816136 2.1279547901 12.7951974367 -1.8173169822 -0.7881900493 0.0000000000 2.4248564962 -2.3926386299 -2.9115034604 1.4278136553 -2.6065383159 0.0000000000 -3.4848418929 -4.0677796735 0.0000000000 0.0000000000 
347850.0000000000 -1132915.7000896309 6092523.2760709636 1504631.1536258149 0.1140800894 11.1654816136 -0.1215642955 12.3762996180 -1.9843500780 -0.2125704769 -0.0000000000 3.5674312241 -2.4782968782 -3.8315590205 1.2959112638 -1.5256463733 0.0000000000 -2.0897972062 -4.0550616483 0.0000000000 0.0000000000 
347880.0000000000 -1132914.9419974394 6092521.1454380555 1504630.4918918598 0.2671782426 11.1654816136 1.1176929384 12.6673028938 -1.1339171684 -0.8768700186 -0.0000000000 1.2341226136 -2.9543315720 -3.0288035635 2.7670318033 -2.4246657118 0.0000000000 -2.5009577380 -4.3775569245 0.0000000000 0.0000000000 
347910.0000000000 -1132915.8563148088 6092522.9682908673 1504630.9628413809 0.2594090134 11.1654816136 0.3769500495 13.9491301574 -1.6204178379 -0.4168411381 0.0000000000 3.0754788487 -2.3578380190 -4.0878001543 1.9985390446 -1.7882370344 0.0000000000 -3.0537915557 -5.1988219773 0.0000000000 0.0000000000 
347940.0000000000 -1132915.7101028950 6092523.9146001218 1504630.2780299387 0.1506264846 11.1654816136 0.7414056530 13.4023286551 -1.7540731698 -0.1965582320 -0.0000000000 3.5048230832 -3.0538460319 -4.6242405474 0.8124848352 -1.9608413152 0.0000000000 -1.9980339327 -3.9566354752 0.0000000000 0.0000000000 
347970.0000000000 -1132915.0985445403 6092524.0033026841 1504629.8926785551 0.0733333723 11.1654816136 -0.5905912962 14.2041563680 -2.9296111472 -0.2994862380 0.0000000000 3.2673365525 -1.6754093233 -3.5341211482 2.9912621645 -2.9559651649 0.0000000000 -3.0860540699 -4.4277527516 0.0000000000 0.0000000000 
348000.0000000000 -1132916.1294024780 6092530.6989624770 1504632.4338685579 0.0112620001 11.1654816136 0.9878826878 0.4222034332 -0.2340049140 0.8879819681 0.0000000000 0.3118956692 0.5980177890 -1.2770358680 -0.6145778529 0.5062533880 0.0000000000 -1.7580778313 0.2411582736 0.0000000000 0.0000000000 
348030.0000000000 -1132915.0371762065 6092530.8668994606 1504632.5249121373 0.0014513325 11.1654816136 -0.1457550987 0.4934536942 -0.1319472174 1.0117263037 0.0000000000 -0.9679543051 0.6266726922 -1.1953673871 1.6265084158 0.8542680568 0.0000000000 -2.1411981280 -0.1533824478 0.0000000000 0.0000000000 
348060.0000000000 -1132915.0813721532 6092529.5975156007 1504632.7542045056 0.1010976991 11.1654816136 0.2682636605 0.0686537807 -0.1732495948 1.3061557719 -0.0000000000 -0.6125650987 0.6561345009 -1.5993379167 0.8001051010 1.1313531942 0.0000000000 -2.2442841629 0.3251073319 0.0000000000 0.0000000000 
348090.0000000000 -1132916.1559973077 6092531.9683174286 1504633.1724058858 0.3310376280 11.1654816136 -0.4211136322 0.2608366177 -1.0892845709 0.0302503776 -0.0000000000 0.3184605286 0.6509338435 0.2776755049 1.2812790308 0.8547787470 0.0000000000 -2.0520285276 0.0301418929 0.0000000000 0.0000000000 
348120.0000000000 -1132915.3927491205 6092530.5293744896 1504633.3957558931 0.1937281681 11.1654816136 0.2059074372 0.5416207580 -0.3205707892 0.4399164744 0.0000000000 1.2181977496 0.3321359986 -0.9643496201 -0.8396214915 1.0407730710 0.0000000000 -1.1689532385 -0.2252770812 0.0000000000 0.0000000000 
348150.0000000000 -1132916.4764479101 6092530.0568595771 1504632.7070720112 0.0393292413 11.1654816136 0.0866126721 0.7204767054 0.1354379255 -0.0775211126 0.0000000000 -0.0630313541 0.1153004878 -0.3137794129 0.8382772573 1.2551966188 0.0000000000 -1.6815912663 -0.9814699211 0.0000000000 0.0000000000 
348180.0000000000 -1132914.4709014180 6092529.5570049677 1504632.0213953741 0.0712667849 11.1654816136 1.7090044082 0.0712789503 0.5630743771 0.0364192749 -0.0000000000 -2.2673074916 0.0927480957 0.1521273398 1.1360866149 -0.6930726262 0.0000000000 -1.3537335084 0.1028817755 0.0000000000 0.0000000000 
348210.0000000000 -1132915.1148298208 6092529.3425182030 1504633.3388122004 0.0455822628 11.1654816136 0.6730238840 0.5940149517 -0.0487981781 -0.4192035111 -0.0000000000 -0.7284251662 -0.6028890063 0.1980244473 0.9219082286 0.0989836010 0.0000000000 -0.7994685516 -0.0063212240 0.0000000000 0.0000000000 
348240.0000000000 -1132915.5084044838 6092528.7369464729 1504633.4336506391 0.1129142468 11.1654816136 0.8619804949 0.6643014413 -0.9035488800 -0.7530464550 0.0000000000 1.8703237792 0.2763106881 0.4805199429 -0.6789834470 1.7516794584 0.0000000000 -2.5534037026 -0.5944750103 0.0000000000 0.0000000000 
348270.0000000000 -1132916.2484405092 6092528.9275427181 1504632.7395460773 0.0225503461 11.1654816136 -0.4507785011 -0.1369800587 -0.1877836690 -0.1999800120 0.0000000000 0.6815955149 0.8208748326 0.4943141495 0.1837261855 0.9359559951 0.0000000000 -1.1269626006 -0.8522914384 0.0000000000 0.0000000000 
348300.0000000000 -1132916.3097067836 6092530.8970272066 1504633.4336935433 0.0249522650 11.0041300577 -0.3314456354 1.0908779482 -1.6050956547 -0.2439682256 0.0000000000 2.5573622080 0.9176656034 0.1828095182 -0.5120949805 1.1975793578 0.0000000000 -2.2174035200 -0.4526328506 0.0000000000 0.0000000000 
348330.0000000000 -1132915.8527995499 6092529.4913040176 1504633.0376246935 0.5950730651 11.1654816136 -0.6765852736 0.2915788369 -0.2347190012 0.1771758874 0.0000000000 0.5171717419 1.1636916861 0.0844186788 0.4916706083 0.6550867421 0.0000000000 -1.3291625721 -0.9994036917 0.0000000000 0.0000000000 
348360.0000000000 -1132915.8447256088 6092531.1515707159 1504633.2175744935 0.0039175637 11.1654816136 -0.2074031262 0.7967644073 -0.3941912506 0.1068469993 0.0000000000 0.7168791965 0.9364442709 -0.0836946872 0.1100097358 0.2980814039 0.0000000000 -1.2966116876 -0.8041671499 0.0000000000 0.0000000000 
348390.0000000000 -1132915.1715017362 6092528.5141317798 1504632.8650555101 0.0073039396 11.1654816136 0.8415366056 -0.0572023737 -0.2164182671 -0.6221236867 -0.0000000000 0.6279799692 -0.0165676177 0.6233657441 -0.4766740249 0.8325283426 0.0000000000 -1.1675084034 -0.2347850958 0.0000000000 0.0000000000 
348420.0000000000 -1132916.5773610552 6092530.4366444778 1504632.1162535711 0.0517204193 11.1654816136 0.2481904052 0.2556417015 -0.4401013708 0.2979704766 -0.0000000000 1.1734963331 1.0508269536 -0.3202441659 -0.6836549564 1.0408543017 0.0000000000 -1.8430632484 -0.5151420634 0.0000000000 0.0000000000 
348450.0000000000 -1132915.5174879914 6092530.3854887132 1504633.8469674427 0.0451832696 11.1654816136 -0.0780464948 0.6193260159 -1.5310692686 -0.3034716022 0.0000000000 1.4349027258 0.5455305079 0.4769365763 0.3450347204 1.0391756132 0.0000000000 -2.2905291523 0.1017873747 0.0000000000 0.0000000000 
348480.0000000000 -1132914.7217477076 6092530.3642611476 1504632.9023103921 0.0694257608 11.1654816136 1.4218294849 0.2872464016 -0.3430732571 0.5967535512 0.0000000000 -0.4260680077 0.7022587495 -0.6619109830 -0.0358231840 0.3377312461 0.0000000000 -2.2893237399 0.3539165487 0.0000000000 0.0000000000 
348510.0000000000 -1132915.4752503145 6092528.9565154612 1504632.8601260895 0.1768162761 11.1654816136 0.4977550170 0.1365099077 -0.0624243751 -0.1896854566 0.0000000000 -0.1191681766 0.3415132197 0.3019733071 0.2536317624 0.3448924753 0.0000000000 -1.1512593254 -0.3625657087 0.0000000000 0.0000000000 
348540.0000000000 -1132915.7679043144 6092529.2494053105 1504631.8404350991 0.2010928605 11.1654816136 0.4990779581 0.2869227312 0.3937126360 -0.1033217641 0.0000000000 0.5953798020 0.7932959046 0.0016990870 -0.6787286424 0.7809393104 0.0000000000 -1.2159029516 -1.2302082002 0.0000000000 0.0000000000 
348570.0000000000 -1132915.6544113662 6092528.3606196996 1504632.6794147729 0.0105993786 11.1654816136 -0.2980277490 0.5863187180 0.1272095044 0.1002566182 0.0000000000 0.1468058726 0.1710630394 -0.3772122458 0.4491316174 0.6709534176 0.0000000000 -0.7712930043 -0.7513901488 0.0000000000 0.0000000000 
348600.0000000000 -1132914.8164684440 6092529.9563433528 1504632.8015120155 0.0020781060 11.1654816136 0.7905297783 0.0958520725 0.6632869448 0.4714934845 0.0000000000 -1.1015181456 0.3606885284 -0.6864178478 0.6711066896 0.9085694630 0.0000000000 -1.7361120501 -0.6409107287 0.0000000000 0.0000000000 
348630.0000000000 -1132915.8518781504 6092528.8109013289 1504633.7300522411 0.0596564104 11.1654816136 -0.1340507018 0.7401889711 -1.0347182564 -0.7669291650 -0.0000000000 1.6439184719 -0.3423925821 0.5312500380 0.1144898207 1.5194790538 0.0000000000 -1.6198080948 -0.2665799201 0.0000000000 0.0000000000 
348660.0000000000 -1132915.0581077612 6092528.7498423317 1504633.4215415965 0.1011446843 11.1654816136 -0.1704321645 0.0418209909 -0.0236383134 -0.0272161204 0.0000000000 0.3385482301 0.8408789257 0.2663245291 0.2454122990 0.7865630859 0.0000000000 -1.3192652958 -0.8898128291 0.0000000000 0.0000000000 
348690.0000000000 -1132916.0092074834 6092531.3611746337 1504634.4085864997 0.0000060951 11.1654816136 0.3505683486 0.8609131783 -0.7645498188 0.2050035638 0.0000000000 0.8489900386 0.6501922208 -0.4003048954 -0.0555260562 0.8253130848 0.0000000000 -2.0856195689 -0.2126626643 0.0000000000 0.0000000000 
348720.0000000000 -1132916.6627402776 6092530.6736457832 1504634.1961935633 0.2298374449 11.1654816136 0.5581220316 0.9481796289 -1.9596875609 0.1243176986 0.0000000000 1.5673826691 0.7505474223 -0.1194075482 -0.0288000084 1.1850146260 0.0000000000 -3.2652839952 0.6431948640 0.0000000000 0.0000000000 
348750.0000000000 -1132915.9652387765 6092529.9715789733 1504633.1941426422 0.1233848556 11.1654816136 0.0435678811 0.2686358541 -0.3714936463 0.2197076499 -0.0000000000 0.8460674137 1.2857921768 0.0064387905 -0.4063334594 0.5492924350 0.0000000000 -1.5657574291 -0.6790669304 0.0000000000 0.0000000000 
348780.0000000000 -1132915.5726169122 6092529.8339377129 1504633.0809310123 0.0464669733 11.1654816136 1.6679414777 0.5287183332 -0.0850074544 -0.0585592462 -0.0000000000 0.3497284871 -0.0127462772 -0.4111385187 -1.0398570770 0.5794935878 0.0000000000 -1.4737898842 0.0417065519 0.0000000000 0.0000000000 
348810.0000000000 -1132916.2255285976 6092532.1191856256 1504633.3952445148 0.2502325064 11.1654816136 0.2137721488 0.0078008555 -0.4606865899 0.3892085987 0.0000000000 0.9757455773 0.8049160611 -0.3527725134 -0.7283729876 0.9634094731 0.0000000000 -1.4896075621 -0.0977002998 0.0000000000 0.0000000000 
348840.0000000000 -1132915.8863111688 6092531.8546732524 1504632.9993441724 0.0784099938 11.1654816136 -0.2801881031 0.0546135865 -0.5684672063 0.3210521012 0.0000000000 0.9922412489 0.9308541067 -0.1269695166 -0.3300026259 0.8007910654 0.0000000000 -1.3260948382 -0.2370760674 0.0000000000 0.0000000000 
348870.0000000000 -1132914.4497139775 6092529.4631175073 1504632.6976743124 0.1363846301 11.1654816136 1.6537330494 -0.0203278723 0.3151969530 0.3780129972 -0.0000000000 -0.9777939227 0.9495873535 -0.2709612434 0.1125531443 0.7490860028 0.0000000000 -2.5753855368 -0.4843555425 0.0000000000 0.0000000000 
348900.0000000000 -1132915.2063844849 6092529.4339012550 1504632.3697474303 0.1468443579 11.1654816136 0.1803048357 0.1287239747 -0.6042564340 0.8633657105 0.0000000000 0.8533530756 0.8771238614 -0.9594941394 -0.7107317242 0.9416261930 0.0000000000 -1.6264050892 0.2707545206 0.0000000000 0.0000000000 
348930.0000000000 -1132916.3584301206 6092532.2321195602 1504633.1185041983 0.1069034279 11.1654816136 -0.9242160048 0.4263438204 -0.0539575402 0.2649017887 0.0000000000 0.9742782381 0.5352520687 -0.4303947285 0.1214686816 1.1810856218 0.0000000000 -0.9222225510 -0.9484016574 0.0000000000 0.0000000000 
348960.0000000000 -1132915.6638919385 6092530.0199368345 1504632.5703144353 0.0933546131 11.1654816136 -0.6359582756 0.3233451373 -0.4549162133 0.2259402803 -0.0000000000 1.4507714354 1.1263011426 -0.0994686865 -0.5874338232 0.7482446967 0.0000000000 -1.0495930838 -0.7297071563 0.0000000000 0.0000000000 
348990.0000000000 -1132915.6055450058 6092528.6543937083 1504633.0692567260 0.0182564222 11.1654816136 -0.1284714834 0.1865046560 -0.1432518735 0.2673711499 -0.0000000000 1.7597797028 -0.1366573277 -0.8260518241 -1.6731061416 1.0752501376 0.0000000000 -0.0113217120 -0.0035591457 0.0000000000 0.0000000000 
349020.0000000000 -1132915.8706142150 6092530.9145458909 1504633.2248535038 0.0571134698 11.1654816136 -0.7022414872 0.1856502079 -0.6223208497 0.1782463681 -0.0000000000 2.0280999640 0.4640675435 -0.2928202716 -1.1125681302 1.1291539316 0.0000000000 -0.6098165497 -0.2126661211 0.0000000000 0.0000000000 
349050.0000000000 -1132916.5608310262 6092529.1445084196 1504633.5068418554 0.1664120639 11.1654816136 0.5725510038 -0.1347728036 -0.4811108896 -0.4829455352 0.0000000000 1.4672413263 0.1071805523 0.5502541489 -1.3055986192 0.9538053619 0.0000000000 -0.8957455202 -0.0454149845 0.0000000000 0.0000000000 
349080.0000000000 -1132915.8550647094 6092528.8304416118 1504633.7090079100 0.0027178704 11.1654816136 -1.2131249185 0.2978535025 -0.8505263352 -0.6190658196 0.0000000000 1.8337623840 0.3081755268 0.9130797515 0.2970154603 1.3115145331 0.0000000000 -1.1327327061 -0.7538775006 0.0000000000 0.0000000000 
349110.0000000000 -1132914.8162782169 6092528.7512084115 1504633.4217339933 0.0652776061 11.1654816136 -0.3947633853 -0.1072658951 -0.3917654019 -0.0405803783 0.0000000000 0.0173002484 0.4458682152 0.4583078194 0.8739578114 0.6025746053 0.0000000000 -1.1865590537 -0.2536146326 0.0000000000 0.0000000000 
349140.0000000000 -1132914.2344424948 6092527.5459071733 1504633.2039183101 0.0047122799 11.1654816136 0.6612464520 0.2562198397 0.1465377814 -0.2893015897 -0.0000000000 0.3559837858 0.0521330546 0.1141843703 -0.3821671052 0.8286906295 0.0000000000 -1.0667451559 -0.5930829864 0.0000000000 0.0000000000 
349170.0000000000 -1132914.8087392021 6092529.6169761503 1504632.3940690395 0.0977998351 11.1654816136 -0.1500455051 0.1297726347 -0.4288725837 0.2769069028 0.0000000000 0.4925795294 1.0298637206 0.0186200306 0.1446806753 0.8187358855 0.0000000000 -1.7225069385 -0.4778256254 0.0000000000 0.0000000000 
349200.0000000000 -1132915.0191211754 6092529.0789151238 1504633.0213283978 0.0070766476 11.1654816136 1.8226940441 0.1248389008 0.2920032358 -0.6709949339 0.0000000000 -0.0721313763 -0.1081691565 0.5284660695 -0.8929743985 0.3934741761 0.0000000000 -1.0468298181 -0.3832648312 0.0000000000 0.0000000000 
349230.0000000000 -1132915.8183564132 6092530.7973877667 1504632.7017711133 0.0131952579 11.1654816136 2.1988740282 0.1882065697 -0.0671699324 -0.7238922676 0.0000000000 -0.5035711273 -0.2099304008 0.6841416714 -0.3554661288 0.4096650010 0.0000000000 -1.7261201540 0.0217487333 0.0000000000 0.0000000000 
349260.0000000000 -1132915.6786623192 6092530.8909799410 1504632.1326025142 0.1125583191 11.1654816136 1.2150727956 0.1521829379 0.3230552658 0.8643636298 0.0000000000 -0.4064979789 0.5695196256 -1.2432024725 -0.7322738544 0.7807076946 0.0000000000 -1.5028052525 -0.0578694730 0.0000000000 0.0000000000 
349290.0000000000 -1132915.9179229736 6092530.9179707393 1504633.7044152205 0.0133205152 11.1654816136 -0.2803392471 0.4993729763 -0.3749462233 -0.3506203234 -0.0000000000 1.3918612733 0.5115560762 0.3810328267 -0.1046352942 1.5805742528 0.0000000000 -1.8835298702 -1.0650810104 0.0000000000 0.0000000000 
349320.0000000000 -1132915.4448958402 6092529.4884977639 1504633.7578629975 0.0352460599 11.1654816136 1.3688835520 0.2933961955 -0.4604260521 -0.2874289466 -0.0000000000 -0.7327689826 0.3337868869 0.5420556272 0.9379473850 0.9742263329 0.0000000000 -2.9034917087 -0.1659514483 0.0000000000 0.0000000000 
349350.0000000000 -1132915.6983698581 6092530.6168947052 1504633.2225054852 0.0018974761 11.1654816136 -0.1345575416 0.1225460104 0.1548603094 0.1691219547 0.0000000000 0.7530912337 0.3440699313 -0.2947751785 -0.3233932664 1.3938793186 0.0000000000 -1.2103205911 -0.8015999457 0.0000000000 0.0000000000 
349380.0000000000 -1132915.9082870625 6092532.1142872786 1504633.5873411663 0.0079385820 11.1654816136 -0.5341557903 0.8711191248 -1.3366507735 -0.5901565593 -0.0000000000 1.8151529551 0.6532147969 0.8327565009 0.1298643842 0.9193295347 0.0000000000 -1.9451826983 -0.4259053086 0.0000000000 0.0000000000 
349410.0000000000 -1132915.7901054833 6092530.4022359857 1504633.5746448664 0.0018689723 11.1654816136 -0.5668946026 0.6301342861 -1.0142354354 -0.6532528257 0.0000000000 1.3229250229 0.2742775801 0.8915835648 0.4105321936 0.6858314003 0.0000000000 -1.3480823473 -0.3584936160 0.0000000000 0.0000000000 
349440.0000000000 -1132915.6139641707 6092529.8657104718 1504634.2544230456 0.0100439993 11.1654816136 0.1904536792 0.5983402624 -0.8889008412 -1.0514309610 0.0000000000 1.2259644905 -0.4277591309 1.0557668922 -0.0894874698 0.4911199589 0.0000000000 -0.8676170021 0.0070290170 0.0000000000 0.0000000000 
349470.0000000000 -1132915.6126854778 6092528.8234521197 1504633.5224558781 0.0694970309 11.1654816136 -0.9931471818 0.6826370976 -0.3950481534 -0.3010138134 0.0000000000 0.2688722903 0.2163323023 0.4680972976 1.7806167369 1.0693226103 0.0000000000 -1.7527652491 -0.9778900294 0.0000000000 0.0000000000 
349500.0000000000 -1132915.6018783196 6092528.9876551693 1504632.7290431834 0.0668373500 11.1654816136 -0.1966184766 0.0709947392 0.1754428943 -0.7037767296 0.0000000000 0.4897615542 -0.4855555831 0.7388371192 0.5678839464 1.3459827733 0.0000000000 -0.9898666457 -0.9247247135 0.0000000000 0.0000000000 
349530.0000000000 -1132915.7265269943 6092530.0523358891 1504633.6145880376 0.1241122814 11.1654816136 -0.2585270169 0.8735445837 -0.5269587284 -0.8880416584 0.0000000000 1.6761902292 -0.2370604898 0.6661895397 -0.1300133154 1.2553885521 0.0000000000 -1.2797380475 -0.8182090384 0.0000000000 0.0000000000 
349560.0000000000 -1132915.9034717672 6092531.1077749943 1504633.7310161628 0.0095266797 11.0041300577 -2.6180214474 1.0672804355 -1.2883135405 -0.0443167948 0.0000000000 2.3527025204 0.1773336948 0.0000000000 0.9862805010 1.1413222868 0.0000000000 -0.8717768053 -0.4352735484 0.0000000000 0.0000000000 
349590.0000000000 -1132916.1286981471 6092530.6679531792 1504632.4759929616 0.0183349746 11.1654816136 -0.2515128609 0.5850696298 -0.5585903088 0.1593314991 -0.0000000000 1.6127742275 0.6007090723 -0.3406866392 -0.8825071213 1.1728763069 0.0000000000 -1.3471040046 -0.3988105367 0.0000000000 0.0000000000 
349620.0000000000 -1132916.6475064314 6092531.0817825915 1504632.9428873453 0.1501442004 11.1654816136 -0.3665708723 0.1660993143 0.1582385350 -0.5129752995 -0.0000000000 0.2169210815 -0.0971621602 0.6500475252 0.8433438849 0.9259498033 0.0000000000 -0.9648719639 -0.9896375424 0.0000000000 0.0000000000 
349650.0000000000 -1132915.8154833673 6092528.9347003195 1504632.1180038755 0.0063090990 11.1654816136 -0.8262062632 -0.8296955879 0.5098032164 1.2144261859 0.0000000000 -1.7862452169 0.9151166644 -0.4637971422 2.3709758073 1.2482583791 0.0000000000 -1.9549080575 -0.7077259815 0.0000000000 0.0000000000 
349680.0000000000 -1132915.4800598030 6092529.5478320168 1504631.6566732060 0.3345066410 11.1654816136 0.9657199087 -0.3524500302 -0.0735563455 1.4029131377 -0.0000000000 -1.1903786086 1.1327703368 -1.1826201382 0.0729546023 0.8277719949 0.0000000000 -2.1327260291 0.3919627218 0.0000000000 0.0000000000 
349710.0000000000 -1132917.0998601993 6092531.4947084878 1504633.7464938858 0.0225152787 11.1654816136 -1.6681918799 0.4535697480 -1.0410154064 0.2209839230 -0.0000000000 1.9694492956 0.5713617868 0.0162217296 0.3798471546 1.6957843443 0.0000000000 -1.7706792062 -0.4237310845 0.0000000000 0.0000000000 
349740.0000000000 -1132916.6619516166 6092531.0909734275 1504632.9435249232 0.0847489946 11.1654816136 -1.9677823418 0.1831008071 -0.6746203635 -0.2874554657 -0.0000000000 3.0543193677 0.8220578899 0.6363591969 -0.9155779222 1.3529645289 0.0000000000 -0.5644703284 -1.0753851584 0.0000000000 0.0000000000 
349770.0000000000 -1132915.6098326880 6092530.6380254859 1504633.3184640361 0.0252477883 10.8275661707 -0.6788510193 0.2807016850 -0.2244962140 0.0000000000 -0.0000000000 0.8008034554 0.1045957433 0.0000000000 0.2636909463 0.9389861046 0.0000000000 -0.8558273332 -0.4705775610 0.0000000000 0.0000000000 
349800.0000000000 -1132915.9614503267 6092530.6419721870 1504633.0844407186 0.0243707245 11.0041300577 0.0000000000 0.0160023279 -0.1111818178 -0.1195086251 0.0000000000 -0.1288579293 0.4199382475 0.4752414012 0.7415922520 0.7676486481 0.0000000000 -1.4775888830 -0.5991607108 0.0000000000 0.0000000000 
349830.0000000000 -1132915.6198655062 6092529.1552721951 1504633.3003226491 0.0405319624 11.1654816136 -0.0241595708 0.4879406172 -0.6215668595 -0.7496279127 -0.0000000000 0.8323152182 -0.6740364162 0.7084211233 0.5501120410 1.1784662618 0.0000000000 -1.4038733663 -0.1284667217 0.0000000000 0.0000000000 
349860.0000000000 -1132916.5070956519 6092530.7108274205 1504633.1275717621 0.0087064059 11.1654816136 -1.2843611214 0.7558559346 -0.0668261308 0.4022881752 0.0000000000 0.6271237968 0.0713439683 -0.7021459463 1.0462482196 1.2622283156 0.0000000000 -1.1898386704 -0.7887052469 0.0000000000 0.0000000000 
349890.0000000000 -1132915.1424494712 6092529.5661260542 1504633.3519470172 0.1177145126 11.1654816136 0.4610544561 0.7312502169 -0.4077644261 -0.0150128698 0.0000000000 -0.0427858694 -0.3049742352 -0.3135550152 0.6087020087 1.0043705039 0.0000000000 -1.7287411084 0.0424195029 0.0000000000 0.0000000000 
349920.0000000000 -1132914.8787193699 6092529.6329028821 1504632.5171495059 0.0300365631 11.1654816136 0.4098309040 0.1933327013 -0.8841285293 0.2737039154 0.0000000000 -0.1456218840 0.6650025587 0.0905378903 0.4678758353 0.6063529851 0.0000000000 -2.0264351549 0.3760669279 0.0000000000 0.0000000000 
349950.0000000000 -1132916.6872632126 6092532.8120838674 1504633.6879069435 0.0032830077 11.1654816136 1.0789106072 -0.1451959197 -0.1753630958 0.7456044270 0.0000000000 0.5517367574 1.1943884334 -0.5674463136 -1.3955588632 1.9696289163 0.0000000000 -2.6609672003 -0.3832997030 0.0000000000 0.0000000000 
349980.0000000000 -1132915.7797272599 6092532.3098258721 1504633.2672133057 0.0054999882 10.8275661707 0.0000000000 -0.5313568206 -0.8768322189 0.0000000000 -0.0000000000 1.5504535339 1.2523327496 0.8915945918 -1.1538192040 1.4071225737 0.0000000000 -1.9802329868 -0.2362401513 0.0000000000 0.0000000000 
350010.0000000000 -1132916.4450846328 6092531.5116521977 1504633.3146133574 0.0556762144 11.0041300577 0.3325584672 0.6268583045 -0.8641070462 0.2336369231 -0.0000000000 0.3776217161 1.5110399296 0.0217672774 -0.3282000231 0.0000000000 0.0000000000 -1.6736208176 -0.1200510999 0.0000000000 0.0000000000 
350040.0000000000 -1132913.9328924280 6092529.2221602630 1504632.3713217883 0.1038195294 11.1654816136 0.9594215038 -0.8499248618 0.1534918451 1.2420838715 -0.0000000000 -2.1711952278 0.6920308339 -0.6876585616 0.9119835302 0.4754253035 0.0000000000 -1.5595518459 0.5327253892 0.0000000000 0.0000000000 
350070.0000000000 -1132915.3241728807 6092528.6472225664 1504632.8673589197 0.0190547559 11.1654816136 0.6779717049 0.4406728118 -0.2600439660 -0.5145482215 0.0000000000 0.2249918791 -0.1255053300 0.4870203404 0.2190030019 1.0632603011 0.0000000000 -1.7358551756 -0.4195031960 0.0000000000 0.0000000000 
350100.0000000000 -1132915.6690118155 6092529.9354368998 1504632.6622051049 0.0674031666 11.0041300577 -0.4226319302 0.2064156662 0.1561271595 0.0000000000 -0.0000000000 0.7069963828 0.2350364688 0.0169335697 0.0858793398 1.3035726519 0.0000000000 -1.2034763919 -0.9510310608 0.0000000000 0.0000000000 
350130.0000000000 -1132915.4119276283 6092530.4489012240 1504632.1377523881 0.1222776999 11.1654816136 -0.1371558608 -0.2959534277 0.0487010587 0.9895736755 -0.0000000000 -0.1762248733 0.9077841223 -0.7469322620 -0.1992718025 0.7032802236 0.0000000000 -0.9363784248 -0.1217159819 0.0000000000 0.0000000000 
350160.0000000000 -1132913.4263718631 6092526.5246826261 1504630.3876687991 0.1188736144 10.8275661707 0.7107659394 0.0000000000 0.9731095100 0.5812057612 0.0000000000 -1.7935170859 0.2834479209 -0.7850968260 0.7870148910 0.0000000000 0.0000000000 -0.4142081623 -0.6218092844 0.0000000000 0.0000000000 
350190.0000000000 -1132914.1552750519 6092526.7944291998 1504632.1577149425 0.0989042369 11.1654816136 -2.0863398514 0.0666153750 -0.1346985598 0.4058330752 -0.0000000000 1.6520886581 0.2339857870 -0.3727750266 -0.1077740722 0.4657373875 0.0000000000 0.5321763321 -0.3982489687 0.0000000000 0.0000000000 
350220.0000000000 -1132915.1738671691 6092528.4813519940 1504632.9975695782 0.0051848191 11.1654816136 -1.5890516552 0.0452984533 -0.2107033228 0.1814954754 0.0000000000 0.5171259476 0.9038455056 0.4684850626 1.3477257748 0.7720533554 0.0000000000 -1.3152547074 -1.0698147380 0.0000000000 0.0000000000 
350250.0000000000 -1132914.6579926012 6092528.8726082854 1504633.2517767216 0.0057450126 11.1654816136 -0.6749291112 0.3925878009 -0.5445955130 -0.0457223936 0.0000000000 1.3395656868 0.9194017523 0.2425055533 -0.5392536326 0.3888769485 0.0000000000 -0.7621827439 -0.4872192580 0.0000000000 0.0000000000 
350280.0000000000 -1132916.0925059181 6092530.2259328505 1504632.9060454965 0.0144130900 11.0041300577 -1.1319375758 -0.0215444869 0.0000000000 1.0245012936 0.0000000000 0.7582442292 0.6974779078 -0.8979688193 -0.0300273141 1.4058926723 0.0000000000 -1.1216491625 -0.4972049653 0.0000000000 0.0000000000 
350310.0000000000 -1132915.7652724877 6092530.4899003208 1504633.6158981095 0.0583860273 11.1654816136 -1.4028159325 0.1061681139 -0.4529250968 0.3461637510 -0.0000000000 2.0953561556 0.6934898211 -0.1201934547 -0.8239123228 1.3655812918 0.0000000000 -0.8911430717 -0.5462979161 0.0000000000 0.0000000000 
350340.0000000000 -1132915.6226696081 6092528.7999966210 1504633.6397299152 0.1105480732 11.1654816136 -2.7134921566 0.0162343937 -0.4464593530 0.1567020578 0.0000000000 2.3619783348 -0.2583709764 0.1020564312 0.4383769274 1.3863749503 0.0000000000 -0.2555888289 -0.4553652730 0.0000000000 0.0000000000 
350370.0000000000 -1132915.9956515369 6092531.5201825406 1504633.7226811070 0.0525049565 11.1654816136 -1.2220300145 0.0999602563 0.0549604549 0.6603362940 0.0000000000 2.8290287919 0.9860356818 -0.7969847374 -2.4497595923 1.7859873809 0.0000000000 -0.4668051999 -0.9472617174 0.0000000000 0.0000000000 
350400.0000000000 -1132914.8867010183 6092530.2079491047 1504633.6442010107 0.1896295951 11.1654816136 0.0151303554 0.4299178666 0.7214644627 0.7743106344 -0.0000000000 -0.3168529243 0.2210116918 -1.2073973274 0.2914756447 1.5292323238 0.0000000000 -1.4334708322 -0.9998490278 0.0000000000 0.0000000000 
350430.0000000000 -1132914.8411640918 6092529.5563125527 1504633.5699747019 0.0896507924 11.1654816136 0.2902474706 0.2064978913 0.1301687107 0.2943569529 -0.0000000000 0.3875891310 -0.4261054342 -0.7255183522 -0.6125897843 1.0782488604 0.0000000000 -0.5495488234 0.0549036019 0.0000000000 0.0000000000 
350460.0000000000 -1132916.0957488476 6092530.4477084056 1504633.4576157008 0.0000512475 11.1654816136 -0.2251692087 0.1745220786 -0.1143075156 1.5167787074 0.0000000000 -0.1380669273 0.8249935261 -1.5240317821 0.0260560234 1.6732011171 0.0000000000 -2.0069264970 -0.0786860520 0.0000000000 0.0000000000 
350490.0000000000 -1132916.4450136258 6092532.2072945163 1504634.4863456308 0.0617360439 11.1654816136 0.1590399173 0.3591958642 -0.1676785855 0.7373206287 -0.0000000000 -0.4417600357 0.7023928857 -0.6789122114 0.4997573151 1.0635833136 0.0000000000 -1.9237059646 -0.2913208446 0.0000000000 0.0000000000 
350520.0000000000 -1132915.2329226173 6092529.7758798888 1504633.0014435693 0.0081443117 11.1654816136 -0.5685932023 -0.1228406448 0.4846930530 0.3901248496 0.0000000000 -0.7803103192 -0.0974221862 -0.1720364185 1.6406676388 0.8968228868 0.0000000000 -1.0671723842 -0.7377911946 0.0000000000 0.0000000000 
350550.0000000000 -1132914.5636931059 6092528.0661633192 1504633.3784356110 0.1751191045 11.1654816136 2.0494228433 0.5276352521 0.7879763411 -0.6122288025 -0.0000000000 -1.2728209297 0.4654330429 0.3592180807 0.0947513855 0.7413712285 0.0000000000 -1.8299220319 -1.4709482488 0.0000000000 0.0000000000 
350580.0000000000 -1132914.8747472472 6092530.2634146754 1504634.1025920245 0.2803147686 11.1654816136 2.5055342078 1.2453513752 0.6367219663 -0.1471669625 -0.0000000000 -0.8661479383 0.2593605040 -0.9439122957 -0.9973157762 1.0848151224 0.0000000000 -1.8356358173 -0.9341206641 0.0000000000 0.0000000000 
350610.0000000000 -1132914.7933142467 6092528.1774161169 1504633.6713166651 0.2408700906 11.1654816136 1.0054372779 -0.2101516034 0.3848390124 -0.2342317464 -0.0000000000 0.4864740558 0.3869366575 0.3928574039 -1.2391909981 1.6479688159 0.0000000000 -1.4984079906 -0.9816532952 0.0000000000 0.0000000000 
350640.0000000000 -1132914.8103010822 6092528.1041095341 1504632.4722435176 0.0279287429 11.1654816136 0.4100455098 0.0072791027 0.2614086355 0.2547234842 -0.0000000000 -0.0474646346 0.8530094319 -0.0578521301 -0.3805197813 0.9953560685 0.0000000000 -1.3595810128 -0.8816254049 0.0000000000 0.0000000000 
350670.0000000000 -1132916.6368371597 6092529.8327763388 1504634.0071528347 0.0001203305 11.1654816136 -1.0979773257 0.5797095897 -0.5901883016 0.2658559715 -0.0000000000 1.0027804140 1.3243872424 0.2819004726 0.7102630694 1.5334707228 0.0000000000 -2.6941178727 -1.1642358532 0.0000000000 0.0000000000 
350700.0000000000 -1132915.7928851405 6092529.6532465732 1504634.2874957223 0.2487296757 11.0041300577 0.9386939926 0.6972611244 0.1450528460 -0.6100667976 -0.0000000000 0.0000000000 0.8955842961 0.5190418440 -0.2675024547 0.5473088782 0.0000000000 -1.5635784800 -1.2984033143 0.0000000000 0.0000000000 
350730.0000000000 -1132915.8907226424 6092532.0448518023 1504632.4992469051 0.0154859051 11.0041300577 0.3415408127 0.7768866948 -0.3651473659 0.4430166482 0.0000000000 0.0000000000 0.6187926779 -0.6144510680 0.1031539221 1.1982474793 0.0000000000 -2.0890370817 -0.3132398761 0.0000000000 0.0000000000 
350760.0000000000 -1132915.6949022715 6092529.1002520584 1504631.7134236200 0.0124529609 11.0041300577 -0.8472182536 0.2720609104 -0.1945284647 0.7541999814 0.0000000000 0.0000000000 0.7880241509 -0.3676164070 1.1013429230 1.3218028091 0.0000000000 -2.0963308782 -0.6899047267 0.0000000000 0.0000000000 
350790.0000000000 -1132914.8752777860 6092528.5863166871 1504633.0426457757 0.1581719473 11.0041300577 0.1024495825 0.4113418316 -0.2160696086 0.3208297877 0.0000000000 0.0000000000 1.1366855951 -0.1809893821 -0.1114454943 0.4245788510 0.0000000000 -1.2846706830 -0.5473057114 0.0000000000 0.0000000000 
350820.0000000000 -1132915.1010431724 6092527.3476313539 1504633.4296006882 0.0395177251 11.0041300577 0.2311444374 0.5823693161 -0.3107749900 -1.1580939117 -0.0000000000 0.0000000000 -0.2168335559 1.4085604643 1.5545300936 0.8576643087 0.0000000000 -2.1238302366 -0.9439693631 0.0000000000 0.0000000000 
350850.0000000000 -1132915.6563642216 6092530.1303501744 1504632.8115523721 0.0000615524 11.0041300577 0.9370019464 0.3484113239 -0.1665932553 0.2909909599 -0.0000000000 0.0000000000 0.9836846751 -0.2844191581 -0.9464285811 0.9951224663 0.0000000000 -1.6086514544 -0.4182313539 0.0000000000 0.0000000000 
350880.0000000000 -1132914.6221177969 6092525.1261606468 1504631.4568944378 0.0532641344 11.0041300577 -1.2292206030 -0.2579195140 0.0185827130 0.5340565866 -0.0000000000 0.0000000000 0.9645330279 0.3169172895 1.3114020879 0.9026977057 0.0000000000 -1.5779667073 -1.0149576371 0.0000000000 0.0000000000 
350910.0000000000 -1132915.3575966849 6092526.2397250542 1504632.2664518002 0.0023644294 11.1654816136 0.7509443062 0.4028615838 0.0130970223 0.0515100753 -0.0000000000 0.0000000000 0.9187038564 0.3048048873 0.2024430040 1.1971201479 0.0000000000 -2.6488687751 -0.8325258102 -0.3712950542 0.0000000000 
350940.0000000000 -1132915.1452388200 6092529.6152830943 1504632.3713022652 0.0177640034 11.1654816136 0.5004381214 -0.1838338298 0.1599451508 0.6780258384 0.0000000000 0.0000000000 0.5351400086 0.2076264118 0.8703266393 0.9813565895 0.0000000000 -2.8783768487 0.0603722013 -1.0495875425 0.0000000000 
350970.0000000000 -1132913.6856562833 6092528.0414857343 1504632.8125769033 0.0005805761 11.3140434823 -0.0815263273 0.8037963556 0.7166118437 0.7194472268 0.0000000000 0.0000000000 0.1683265913 0.3901264554 1.6597289469 -0.5816533151 0.0000000000 -2.0374276026 -0.4089520710 -0.4921992438 -1.2165706487 
351000.0000000000 -1132915.1904247352 6092528.6179613322 1504632.5426357442 0.0010391042 11.3140434823 -1.8084610336 0.6236179629 0.1301265524 2.5600524302 -0.0000000000 0.0000000000 0.4721237141 -0.2817034275 0.2229532156 0.7884770023 0.0000000000 -1.2097525243 -0.8249313969 2.3353136965 -2.9995990245 
351030.0000000000 -1132913.9295102828 6092527.6719562681 1504632.2944092613 0.0177791364 11.3140434823 1.9432228038 0.6830379485 1.4870214683 1.9843328572 0.0000000000 0.0000000000 -0.7542874313 -0.2190885302 -0.8322839831 0.8995631460 0.0000000000 -2.9121484120 0.1855810974 0.1100578303 -2.7396573538 
351060.0000000000 -1132914.6879795243 6092528.9377413876 1504632.2958984240 0.0153631861 11.3140434823 -0.2425855359 0.0687941641 -0.3317260964 -0.7523761148 0.0000000000 0.0000000000 -0.0432964117 -0.5230568272 1.1578892696 1.1555578354 0.0000000000 -0.9619950389 -0.2161273212 -0.9991403758 1.7556683233 
351090.0000000000 -1132914.2745723787 6092528.2813102072 1504633.6539071603 0.0008360052 11.3140434823 0.4759048606 0.0886410092 1.0155392930 1.8240434262 0.0000000000 0.0000000000 -0.0016808746 0.6326812080 -0.7412502812 1.0667234180 0.0000000000 -2.0727587671 -0.7622524120 1.2635795637 -2.8338445071 
351120.0000000000 -1132915.6909206349 6092528.4507431472 1504633.3947543011 0.0115252229 11.3140434823 -0.5946584059 -0.0610299801 0.7776370480 0.4177625546 -0.0000000000 0.0000000000 -0.6517719775 1.0049112953 0.6601714999 0.7508521653 0.0000000000 -0.7674393017 -1.1617070691 1.1301890791 -1.6296107151 
351150.0000000000 -1132914.2317329517 6092527.0759924771 1504632.0553143516 0.0167975955 11.3140434823 -0.1511615967 -0.0332745512 0.2035213999 0.3043448017 0.0000000000 0.0000000000 0.6152002778 1.1229081333 0.2720344016 0.3564586585 0.0000000000 -1.3321305986 -0.9598418347 0.5994229688 -1.0804394393 
351180.0000000000 -1132914.9067766133 6092527.3484374238 1504632.6850798551 0.0110354646 11.3140434823 0.0201385605 -0.0610019241 -0.4076487679 -0.1635239219 0.0000000000 0.0000000000 0.1068406317 0.4491920195 0.3037819684 0.8843871122 0.0000000000 -1.1193096275 -0.1912797077 0.1204594414 0.0866896094 
351210.0000000000 -1132912.9900960156 6092526.5333443601 1504631.9339899505 0.0764937265 11.3140434823 -0.0120120806 -0.5536874775 1.1178117704 1.7703720306 0.0000000000 0.0000000000 -0.1709629380 -0.4825334011 0.2747298342 0.9478457090 0.0000000000 -1.6154238846 0.0887792859 -0.4942443604 -0.8487918419 
351240.0000000000 -1132914.0623776992 6092529.5419847975 1504633.6281477790 0.0099182295 11.3140434823 0.6145849357 0.2969302838 -0.1640432690 0.5562890089 -0.0000000000 0.0000000000 -0.5679758856 -0.6504868157 -0.1074456391 1.2739730640 0.0000000000 -1.4497069593 0.6090960581 -0.1816824895 -0.0952075377 
351270.0000000000 -1132912.9220742472 6092527.4808608908 1504633.4868587204 0.0011281505 11.3140434823 1.5508947963 0.4856348447 0.9582749176 0.4353037118 0.0000000000 0.0000000000 -0.4636857660 -0.0457873050 -0.5107388798 -0.1567676032 0.0000000000 -1.0561800170 0.2158919850 -0.4642848345 -0.9757596978 
351300.0000000000 -1132914.2941853460 6092527.3206428373 1504633.2390625973 0.0013693772 11.3140434823 0.2287823215 0.6807243147 -0.2071596985 0.1349025650 -0.0000000000 0.0000000000 -0.8577660504 0.3281850443 -0.0219462208 0.7263557995 0.0000000000 -0.7872848506 -0.0447033086 1.0411164971 -1.1834474143 
351330.0000000000 -1132914.8448038122 6092528.6870612390 1504633.8208692251 0.0394460125 11.3140434823 0.1048317391 0.6374618870 0.1214719946 -0.9502394248 -0.0000000000 0.0000000000 -0.0751453052 0.8378854300 0.7054898569 0.4579428990 0.0000000000 -0.9076991432 -1.2354419980 0.3724985449 -0.2074398112 
351360.0000000000 -1132915.4573664037 6092529.4721951000 1504632.4088305149 0.0140548308 11.3140434823 -1.6238737996 0.0283534565 -0.0094764991 1.7588835689 -0.0000000000 0.0000000000 0.3203930151 0.5846379135 1.5313131718 0.7567760950 0.0000000000 -2.1081013180 -0.4707930360 0.9389131373 -1.7193436340 
351390.0000000000 -1132914.9333778415 6092527.8262652131 1504632.5248285613 0.0581824960 11.3140434823 -0.1478875245 0.3905917175 0.3552988822 0.5664721023 -0.0000000000 0.0000000000 -0.0820434075 -0.4872066168 0.7093102270 1.2945120707 0.0000000000 -1.7465636335 -0.5094311442 -0.1888128957 -0.1067507040 
351420.0000000000 -1132914.3038800324 6092527.6082499726 1504632.0631677946 0.0046764465 11.3140434823 0.4686676286 0.0357135679 0.0918098911 -0.2493304296 0.0000000000 0.0000000000 -0.0265375206 0.5310311586 0.1101999773 -0.0904192725 0.0000000000 -0.5260432576 -0.0541981828 -0.1446130258 -0.1968138866 
351450.0000000000 -1132915.0504880841 6092528.1030140407 1504633.3083910246 0.0025253621 11.3140434823 0.5290249958 0.7880575155 -0.1332728176 0.0142052072 -0.0000000000 0.0000000000 0.2147055800 1.3939687984 0.2434331116 -0.0145292954 0.0000000000 -1.7544378234 -0.5240084170 0.8111678635 -1.6290871543 
351480.0000000000 -1132916.0089385340 6092527.8307010159 1504632.3624365171 0.0463688122 11.3140434823 0.3928474650 0.3351662902 -0.1175722525 -0.2377545398 -0.0000000000 0.0000000000 0.1680826410 0.5872373903 0.0272286319 0.8063036481 0.0000000000 -1.3112541428 -0.5844884827 0.2892689468 -0.3520728288 
351510.0000000000 -1132915.5608196843 6092528.0014568381 1504633.5335999392 0.0210617562 11.3140434823 0.4078892668 0.7090706251 -0.2333972689 -0.9986393001 0.0000000000 0.0000000000 -0.6816528713 0.8828573012 0.3367322689 1.3926612482 0.0000000000 -1.3069115751 -0.9882307436 0.8331361674 -0.4283423725 
351540.0000000000 -1132915.1388874575 6092528.5790508650 1504633.2614386918 0.0828984159 11.3140434823 0.6002880262 1.3789572400 -0.9119219177 -1.1739413269 -0.0000000000 0.0000000000 -0.3466320369 0.2617960141 -0.2138165694 1.8308151046 0.0000000000 -1.4672522848 -0.9007780703 1.0339556689 -0.0793032638 
351570.0000000000 -1132914.1264698969 6092528.8725014320 1504632.9859526064 0.0005547705 11.3140434823 0.3196419679 0.9769361045 0.3734417673 0.3302754699 -0.0000000000 0.0000000000 -0.4093865660 -0.1082719037 1.2167500463 0.8673421313 0.0000000000 -2.4075671193 -0.3180211443 -0.2752844807 -0.5693482407 
351600.0000000000 -1132913.7861299864 6092528.8339260863 1504632.9778368399 0.0008388852 11.3140434823 1.5307365268 0.8180256605 0.4303975383 0.1657336966 -0.0000000000 0.0000000000 -0.4416857889 0.4435333375 0.1471918171 -0.0490646951 0.0000000000 -1.9170502276 0.3803513468 -0.3870030103 -1.0563133759 
351630.0000000000 -1132913.1282961578 6092529.0287311850 1504633.0043307950 0.0040504402 11.3140434823 2.9974758963 0.3340989301 2.0121697646 1.5399222586 0.0000000000 0.0000000000 0.7057012267 0.0658638825 -0.7771679079 -0.1087095215 0.0000000000 -3.4462477111 0.3215467736 -1.9241506496 -1.3673169420 
351660.0000000000 -1132914.4940970421 6092528.8460928090 1504632.9431093796 0.0035212156 11.3140434823 1.7824165381 0.8724827336 0.1841819753 0.2955639164 0.0000000000 0.0000000000 0.3731466586 -0.0674603188 -0.8919062417 0.2065068281 0.0000000000 -1.7381583767 0.3094032357 -0.4397149078 -0.6679129709 
351690.0000000000 -1132915.8947709254 6092530.8782261815 1504634.1524046499 0.0054290763 11.3140434823 1.1822796548 0.2748727581 0.4935377175 -0.1358770299 -0.0000000000 0.0000000000 -0.2338653661 0.3467929688 -0.2496908859 0.6948164472 0.0000000000 -1.3689668414 -0.2601232268 -0.2732584997 -0.3908495052 
351720.0000000000 -1132916.3830591682 6092529.7001420800 1504633.8366337323 0.0787848608 11.3140434823 1.5454858725 0.8275267504 0.2339222740 -0.4120059996 0.0000000000 0.0000000000 -0.6395314326 0.7162271821 -1.4585159453 1.5441306777 0.0000000000 -1.1540369320 -0.8243322832 1.1497430756 -1.3533600622 
351750.0000000000 -1132914.4411972517 6092528.0150123294 1504632.5124144487 0.0121354488 11.3140434823 1.1840820714 -0.2916047869 0.3644062511 0.1304110987 -0.0000000000 0.0000000000 -0.5438984184 0.0006590000 -0.8946382606 1.1253229900 0.0000000000 -0.7459551959 0.2344271625 -0.2533029553 -0.0959159891 
351780.0000000000 -1132914.6236081352 6092526.9097014368 1504632.8995533332 0.0083986369 11.3140434823 1.3373391714 1.4017229718 0.2097815702 -0.7554554371 0.0000000000 0.0000000000 -0.3380229532 -0.2140665284 0.3639614207 0.6404720977 0.0000000000 -1.8242987423 -0.3519846220 -0.4527199828 -0.0324048266 
351810.0000000000 -1132915.9262827395 6092529.7456644475 1504633.9285590858 0.0233879846 11.3140434823 -0.5943800625 0.5412716006 -0.5417646099 -0.4090210108 0.0000000000 0.0000000000 -0.6237324160 1.0490523379 1.2039045733 1.4488079878 0.0000000000 -1.7651960090 -0.8146628703 1.0431199626 -0.6973104805 
351840.0000000000 -1132915.6351431017 6092529.5587044284 1504633.4480331512 0.0012157552 11.1654816136 -0.4019324702 1.4452450610 -0.2194382447 0.0000000000 0.0000000000 0.0000000000 -0.3157171896 -0.7450540781 1.2702113767 1.7110169034 0.0000000000 -2.2415731882 -0.7700124964 0.1930627683 0.0363162049 
351870.0000000000 -1132915.3842990298 6092526.5983602507 1504632.7745906503 0.1419048401 11.1654816136 -1.5349280498 0.3705034415 -1.2545864225 0.0000000000 -0.0000000000 0.0000000000 -0.2368277569 -0.0208917551 1.6486847333 1.0840941253 0.0000000000 -1.1687172098 0.0247163951 0.5182377379 0.3818266703 
351900.0000000000 -1132915.7416503038 6092529.0763792349 1504633.1310869416 0.0303035169 11.3140434823 -0.2651128160 0.4013182932 0.5863350774 0.0000000000 0.0000000000 0.1696920638 -0.7655635715 0.2912079412 1.3651002240 0.8714190392 0.0000000000 -1.6275993867 -0.6408476232 -0.0507453160 -0.4241845760 
351930.0000000000 -1132915.5245824724 6092528.2363301301 1504633.7044388226 0.1752155772 11.3140434823 -0.5978720702 1.1001700558 0.1908095499 0.0000000000 0.0000000000 0.5866173090 -0.7359093581 1.4915159594 0.0875682692 0.7482506714 0.0000000000 -1.1883205866 -1.2757238322 1.9398169708 -2.4094186045 
351960.0000000000 -1132915.4305432865 6092528.5306919692 1504632.8892447338 0.1074117519 11.3140434823 -1.2339776338 0.4855497463 -0.4166149797 0.0000000000 -0.0000000000 0.4407582474 0.0466329913 0.9750960360 1.2553557228 0.6973091811 0.0000000000 -1.6664291045 -0.7632397158 0.6850972153 -0.7079411346 
351990.0000000000 -1132915.0057388404 6092527.7381343869 1504632.4335809352 0.0570663868 11.3140434823 -2.0737760099 0.2876917815 -0.7777641827 0.0000000000 0.0000000000 1.4128896161 0.0340407129 0.5096479586 -0.0681483697 1.2501792086 0.0000000000 -0.7038379504 -0.6676711334 0.9171989654 -0.3078465878 
352020.0000000000 -1132914.6421250412 6092527.4601221168 1504633.1835031612 0.0111523386 11.3140434823 -2.0479648355 0.0748087761 0.6664539093 0.0000000000 0.0000000000 2.5487127868 -0.2674333029 1.4552424093 0.6146673189 0.6523371763 0.0000000000 -1.8988558711 -1.0123834357 -0.1065508905 -0.9301384744 
352050.0000000000 -1132913.7233309753 6092525.6896984978 1504631.8597589466 0.0002227055 11.3140434823 0.2126915038 0.2118458805 0.6883809414 0.0000000000 0.0000000000 -0.8906440671 0.3166919138 -0.1952981945 1.7850690417 0.8249710580 0.0000000000 -1.7882970209 -1.1474288505 -0.5656107817 0.4488452609 
352080.0000000000 -1132915.4501692085 6092528.6084662229 1504633.1187470728 0.0001409960 11.3140434823 0.4881072718 0.5433467833 0.4912853364 0.0000000000 -0.0000000000 -0.0068509508 -0.3386103337 0.1121104980 -0.1343898639 1.3702700323 0.0000000000 -1.3265173798 -0.8569355940 0.3420913746 -0.5761806009 
352110.0000000000 -1132912.8315609312 6092527.1676006252 1504632.4825339380 0.0341015142 11.3140434823 0.9523214191 -0.6728919201 1.3176936848 0.0000000000 -0.0000000000 1.1085775181 -0.1159768670 0.6465039103 -0.4202600542 0.3779859408 0.0000000000 -1.5009561682 -0.0071715404 -1.5342004291 0.0504472166 
352140.0000000000 -1132915.6136794209 6092528.1972024441 1504633.1588635708 0.0085937074 11.3140434823 0.4692728401 0.4810497448 0.8307144694 0.0000000000 0.0000000000 0.1514692694 -0.8471247590 0.7591603024 -0.9277243990 1.0946299833 0.0000000000 -0.3575240759 -1.1460413029 1.3383898032 -1.7048521792 
352170.0000000000 -1132915.2507081523 6092527.7292777300 1504632.2506246699 0.2655322887 11.3140434823 -2.5239919905 -0.6444950649 -0.0631098300 0.0000000000 -0.0000000000 0.9439786981 0.6403870888 0.2610921415 1.2569032694 0.3220594371 0.0000000000 -0.3025942869 -1.0024227668 -0.2328707113 0.8452649919 
352200.0000000000 -1132915.3371983038 6092529.8305130871 1504633.3422732654 0.0032527025 11.3140434823 -0.0306086107 -0.2898083961 0.0425503078 0.0000000000 0.0000000000 -1.1097300426 0.0651754587 1.2229244475 0.9281076459 0.4241651137 0.0000000000 -0.5430090256 -1.0518767258 1.0713127772 -0.8376034980 
352230.0000000000 -1132914.2720661634 6092528.9191058483 1504633.2758514853 0.0208105634 11.3140434823 0.5361142834 0.6292026213 0.6695233564 0.0000000000 -0.0000000000 0.4876910551 0.1883632344 -0.3373005725 -0.9196004060 0.5455767196 0.0000000000 -0.5601956577 -0.6023994243 -0.1427075042 -0.3276591941 
352260.0000000000 -1132914.9661167655 6092528.8641917380 1504633.3584073076 0.0475843245 11.1654816136 0.0000000000 0.4296536182 0.8705114053 0.0000000000 -0.0000000000 1.9606941741 -0.3859769758 -0.0894862771 -0.8616431191 1.2424048455 0.0000000000 -1.7614394327 -0.2127200992 -0.9220412041 -0.1288229019 
352290.0000000000 -1132914.3071724456 6092527.3486397276 1504632.6181288816 0.0045451946 11.1654816136 0.0000000000 0.5031767015 0.1785408749 0.0000000000 -0.0000000000 0.7533357628 -0.5424869332 0.5400808326 0.2359597557 0.5230381083 0.0000000000 -1.4471925170 0.0163207379 0.0050370001 -0.7276336694 
352320.0000000000 -1132914.4321767073 6092527.8290761355 1504632.3903545148 0.0073850977 11.1654816136 0.0000000000 0.6525826502 0.1185405389 0.0000000000 0.0000000000 0.8630954584 0.4880589807 -0.1155165856 0.2358789730 0.6388141712 0.0000000000 -2.0354396372 -0.1509851224 -0.8871226785 0.2228948188 
352350.0000000000 -1132914.1859808655 6092528.8782756831 1504632.8025119349 0.0013225852 11.1654816136 0.0000000000 0.3270278216 1.0520450017 0.0000000000 -0.0000000000 1.1651549951 0.0025940604 0.1000855770 -0.3307061864 0.6405526617 0.0000000000 -1.2904371721 -0.7127319164 -0.5913735240 -0.3058118712 
352380.0000000000 -1132914.8934913231 6092527.9351701643 1504632.4988149770 0.0784830205 11.1654816136 0.0000000000 0.4176362953 0.5797047948 0.0000000000 -0.0000000000 1.1927795036 1.0501737449 -0.0380864190 -0.3421084787 0.2961291547 0.0000000000 -1.7090378564 -0.5121059346 -1.1571465862 0.2642587454 
352410.0000000000 -1132914.3972176425 6092528.3295676084 1504632.1831895157 0.0679065859 11.1654816136 0.0000000000 -0.6185760582 0.9303141312 0.0000000000 0.0000000000 0.7578715303 -0.3124074414 -0.0618700696 0.3222422932 1.2336495551 0.0000000000 -1.3928285744 -0.3925063571 -1.1926896009 0.7551762900 
352440.0000000000 -1132915.2346186182 6092525.6766222259 1504632.2644658890 0.1773334517 11.1654816136 0.0000000000 0.5580362135 -0.7927180381 0.0000000000 0.0000000000 -0.2876911214 -0.0180229153 -0.2414426771 -0.6223443943 1.9239791900 0.0000000000 -0.8422709591 -0.4085099522 0.7863590634 -0.0027642179 
352470.0000000000 -1132915.0936662101 6092530.6228230856 1504634.5853076645 0.2497022487 11.1654816136 0.0000000000 1.1221686989 0.4411203880 0.0000000000 -0.0000000000 0.8720314827 0.0342892938 0.0867575565 -0.2991721506 0.5240389751 0.0000000000 -1.4127919940 -0.5458290919 0.0982027647 -0.8675038824 
352500.0000000000 -1132916.0310984233 6092530.2463669199 1504633.7610940975 0.0514281481 11.1654816136 0.0000000000 0.7613375399 0.5371880439 0.0000000000 0.0000000000 0.9914725934 -0.4907898177 0.0564773306 -0.6506594278 1.2185506054 0.0000000000 -1.2504742324 -0.5272968574 0.1889810174 -0.7448816456 
352530.0000000000 -1132914.6064159032 6092526.8283843594 1504633.0727281363 0.0001381313 11.1654816136 0.0000000000 1.4106247282 0.1205998293 0.0000000000 -0.0000000000 0.8519467761 0.0264146751 0.0284065328 0.9087735132 0.8535615430 0.0000000000 -3.0035227724 -0.1764076200 -0.5660619876 -0.4360718871 
352560.0000000000 -1132914.9869173265 6092528.3624415360 1504633.4378736170 0.0089802021 11.1654816136 0.0000000000 0.6591896030 0.7034731167 0.0000000000 0.0000000000 -0.6034587730 -1.1671367638 -1.3207982123 1.0043077444 0.8485226037 0.0000000000 0.0216566801 -0.5692347315 0.1686345737 0.2164793713 
352590.0000000000 -1132914.6774573845 6092529.1215277985 1504633.6639324918 0.1139790301 11.1654816136 0.0000000000 0.9611181261 0.1789339433 0.0000000000 0.0000000000 0.7032625818 -0.2081185358 -0.1854465846 0.7305518332 1.0285811097 0.0000000000 -2.4076104817 -0.1014131692 -0.6100822495 -0.0663684049 
352620.0000000000 -1132914.9697291418 6092527.8894891748 1504633.2443056433 0.0025053385 11.1654816136 0.0000000000 0.6224371157 0.0291811112 0.0000000000 0.0000000000 0.7209740324 0.0813516477 -0.0521633037 0.9887288491 1.0456448695 0.0000000000 -2.8059778701 0.0732183078 -1.0807702864 0.3873176113 
352650.0000000000 -1132914.4818181421 6092527.6712446418 1504632.6311343499 0.0097091447 11.1654816136 0.0000000000 0.6437486112 0.0431960078 0.0000000000 -0.0000000000 0.0546018087 0.6173705742 -0.8524911805 1.9461348353 0.8884486390 0.0000000000 -2.9395652168 -0.1257671860 -1.7359439456 1.3908660702 
352680.0000000000 -1132914.2170200080 6092528.3862046758 1504633.1650766560 0.0917266994 11.1654816136 0.0000000000 0.2966716998 0.6447694773 0.0000000000 -0.0000000000 1.3496740585 -0.2505003735 0.0486909264 0.3081253776 0.1374985375 0.0000000000 -1.6841744049 0.3193386979 -1.1321964349 0.0175372112 
352710.0000000000 -1132914.2626716718 6092526.9914937159 1504632.6975121780 0.0052566851 11.1654816136 0.0000000000 1.2360614450 0.4106993856 0.0000000000 -0.0000000000 0.0228552822 -0.8959410373 -0.8419532082 1.0243802890 0.6511037965 0.0000000000 -1.1347520145 -0.2154156934 0.0337103583 -0.2998949485 
352740.0000000000 -1132915.0237600054 6092529.2268241206 1504633.7208542260 0.1516163714 11.1654816136 0.0000000000 1.8200516312 0.7045130850 0.0000000000 0.0000000000 0.7311608162 -0.6783222709 -0.1001019562 0.9597608978 0.2953797189 0.0000000000 -2.1528955772 -0.3557764191 0.1190932785 -1.3239468787 
352770.0000000000 -1132915.7365819567 6092527.8368152510 1504633.7704815355 0.0583147427 11.0041300577 0.0000000000 0.5370863627 0.1662302512 0.0000000000 0.0000000000 0.5522331916 -0.3633847410 0.3794343358 0.1786090330 1.1603299934 0.0000000000 -1.8050851193 -0.2643607041 0.0000000000 -0.5044289200 
352800.0000000000 -1132915.1090830951 6092529.5604420155 1504633.3448136295 0.2176055000 11.1654816136 0.0000000000 0.7024935154 1.4182493509 0.0000000000 0.0000000000 0.5063163347 -0.9736056524 -0.7516293046 1.4353426575 0.8430443625 0.0000000000 -1.7805990239 -0.6452668950 -0.8052436304 0.0414080008 
352830.0000000000 -1132915.0402053420 6092527.5339562362 1504633.9171349385 0.0492050202 11.1654816136 0.0000000000 1.6322057107 0.5733055945 0.0000000000 -0.0000000000 0.8252595718 0.2963327496 0.0719389294 0.0527341767 0.2245983139 0.0000000000 -1.8937419300 -0.6235989411 0.0762560746 -1.2032278588 
352860.0000000000 -1132914.6111592040 6092528.6020397646 1504632.6191683726 0.0169917459 11.1654816136 0.0000000000 -0.1733706555 0.7363311933 0.0000000000 0.0000000000 1.4213620116 -0.0497937321 0.0096173418 -0.7510279433 1.0370050820 0.0000000000 -1.3334390143 -0.1114315703 -1.0099096396 0.3146524295 
352890.0000000000 -1132915.0568329797 6092528.2942601303 1504633.1641641920 0.0004715209 11.1654816136 0.0000000000 0.2050522806 0.8030144460 0.0000000000 0.0000000000 1.7313309996 1.0548234900 -0.6009346362 -0.7597138006 0.6894371609 0.0000000000 -1.9260174917 -0.1798614379 -1.9567833014 1.0161823019 
352920.0000000000 -1132914.9391864431 6092530.4469754612 1504633.4876352365 0.0765273888 11.1654816136 0.0000000000 1.1582622558 0.5640564454 0.0000000000 0.0000000000 2.0819193197 -0.1156967637 -1.2604700566 -1.9600884780 1.3183574700 0.0000000000 -1.1274893848 0.2283347871 -0.9082467460 0.1860403211 
352950.0000000000 -1132915.5999191992 6092529.7167524323 1504633.6565679545 0.0888649026 11.1654816136 0.0000000000 0.4802108404 0.1808757493 0.0000000000 -0.0000000000 1.0456824631 -0.0377774373 -0.5601132444 -0.0318208957 1.1497891950 0.0000000000 -1.9167887874 0.2285724253 -1.1285196013 0.6452099127 
352980.0000000000 -1132915.5788767061 6092529.2152820043 1504633.6354616000 0.0301394902 11.1654816136 0.0000000000 0.5221243651 0.5337427350 0.0000000000 -0.0000000000 0.2313653074 -0.2985054999 -0.7782035818 1.1245635086 0.8035840876 0.0000000000 -1.6340891147 -0.2278185186 -0.9026794288 0.6080658000 
353010.0000000000 -1132915.1316963509 6092529.9653656278 1504633.8078705845 0.0179287057 11.1654816136 0.0000000000 0.7523639876 0.1361931262 0.0000000000 0.0000000000 0.4799031083 -0.5886382873 0.7471188138 0.0029714458 1.0624554495 0.0000000000 -1.6370262988 -0.2778856547 0.5872588117 -1.2210175351 
353040.0000000000 -1132915.7055437993 6092527.8125821361 1504632.8540829346 0.0248952781 11.1654816136 0.0000000000 0.7824892044 0.1882950488 0.0000000000 0.0000000000 0.2689223490 -0.2858426472 0.3686409467 -1.0533708468 1.6986556526 0.0000000000 -0.8991322267 -0.8624900481 0.9905292483 -1.1423503102 
353070.0000000000 -1132914.9456414499 6092528.4784138249 1504633.0499705966 0.0033658661 11.1654816136 0.0000000000 0.5006479977 0.5326355096 0.0000000000 -0.0000000000 1.1066015767 0.0326894576 0.4632883690 -1.2376037815 0.2930894491 0.0000000000 -0.5427680080 -0.2323512031 0.2216612407 -1.0509730691 
353100.0000000000 -1132915.7943424000 6092529.2473102175 1504633.7064871008 0.1748450846 11.1654816136 0.0000000000 0.7670087904 -0.3034858053 0.0000000000 0.0000000000 1.1618074117 -0.6805250826 0.6204292591 -1.3743286024 0.4494312751 0.0000000000 -0.5214022851 0.6840383656 0.7043037412 -1.3871823137 
353130.0000000000 -1132914.8538628838 6092529.1700012516 1504633.4609892904 0.0393592334 11.1654816136 0.0000000000 0.7955163248 0.5679105456 0.0000000000 0.0000000000 1.5327667661 -0.2091460868 0.4545116699 -1.1681319575 0.8133394795 0.0000000000 -1.4859721149 -0.0554035548 -0.0238204712 -1.1098421059 
353160.0000000000 -1132914.2827069422 6092527.4889035495 1504633.5780274551 0.0538484941 11.1654816136 0.0000000000 -0.0722655992 1.8010028972 0.0000000000 -0.0000000000 2.1652083077 0.1233566156 -0.2651820645 -0.8942768618 0.2627174021 0.0000000000 -1.2870357523 -0.2955266202 -1.6000637774 0.1710531415 
353190.0000000000 -1132915.1172830330 6092527.7731648553 1504632.9048034986 0.0108878721 11.1654816136 0.0000000000 0.1176230456 -0.1048673129 0.0000000000 -0.0000000000 0.1526637165 -0.0776310089 0.6416039441 0.1122432336 0.7416298912 0.0000000000 -1.1692304865 -0.1370163026 0.1266929835 -0.3939780163 
353220.0000000000 -1132914.1114058075 6092524.2095854767 1504631.9606703680 0.1406915172 11.1654816136 0.0000000000 -0.0683211484 0.0695772224 0.0000000000 0.0000000000 -0.0971427478 0.8754359037 0.8442502059 0.1623314727 -0.3597561621 0.0000000000 -0.5885776432 -0.4775238848 0.0328399703 -0.4200905567 
353250.0000000000 -1132915.9451754743 6092528.8596234666 1504633.7924856206 0.0110152729 11.1654816136 0.0000000000 0.4085684442 0.3083838658 0.0000000000 -0.0000000000 0.0248981383 -0.6730201424 0.6055842523 0.3992754225 0.5504144470 0.0000000000 -0.8553960780 -0.3426111197 0.6372656873 -1.0535443034 
353280.0000000000 -1132914.8446131409 6092527.2429164872 1504633.5366349600 0.0121481732 11.1654816136 0.0000000000 0.9314613325 0.8700002654 0.0000000000 0.0000000000 0.3833248499 -0.6228569687 0.1724966054 -0.0619388149 0.6360769057 0.0000000000 -0.8558437980 -0.6948967134 0.6494739758 -1.3735003750 
353310.0000000000 -1132914.6882478171 6092528.5870015789 1504633.3883198285 0.0223939144 11.1654816136 0.0000000000 0.3856800067 0.8637984717 0.0000000000 0.0000000000 1.6890530839 0.4260585706 -0.0570937090 -1.1245129509 0.7786347752 0.0000000000 -1.6449772468 -0.1352221879 -1.0428472879 -0.0479735797 
353340.0000000000 -1132914.5267995216 6092525.2289487841 1504632.7314115555 0.0202528130 11.1654816136 0.0000000000 -0.0194678911 0.3257586900 0.0000000000 0.0000000000 -0.4942700702 0.4432166337 0.2862349072 0.1909912126 0.7673390506 0.0000000000 -0.5751731723 -1.0517636627 0.2026268423 -0.1176398710 
353370.0000000000 -1132915.1630616474 6092528.1998486398 1504634.0733420723 0.0071373670 11.1654816136 0.0000000000 0.3216950361 0.6523463597 0.0000000000 -0.0000000000 1.6426135811 -0.9532942005 0.5089509323 -0.1350056207 0.7175136902 0.0000000000 -1.9667077267 0.5529562122 -0.5554088890 -0.6832493942 
353400.0000000000 -1132915.5113423509 6092526.9868636988 1504633.4387022981 0.0059859841 11.1654816136 0.0000000000 0.6112181313 0.3476765217 0.0000000000 -0.0000000000 -0.6546737181 -0.5434757403 -0.0243332101 0.4687512015 1.7136888485 0.0000000000 -1.0187048693 -1.1016082672 0.7366896446 -0.5686028935 
353430.0000000000 -1132915.5621736399 6092528.1971613681 1504633.6867189219 0.1063949059 11.1654816136 0.0000000000 0.4771159429 0.0526496123 0.0000000000 0.0000000000 -0.1214079813 -0.3072342062 -0.2323201145 1.4596017700 0.9375151729 0.0000000000 -2.0052394254 -0.1229369018 -0.5635337536 0.3907949853 
353460.0000000000 -1132914.5713761467 6092527.5211075619 1504634.3428991521 0.1666325419 11.1654816136 0.0000000000 0.5522274992 1.6520275364 0.0000000000 0.0000000000 1.5138301208 -0.7133423240 0.3996683883 0.3318913903 -0.1554166814 0.0000000000 -1.6170958755 -0.2113511932 -0.4092503095 -1.2648103024 
353490.0000000000 -1132914.8591407619 6092529.2610432142 1504633.7950078016 0.0704033145 11.1654816136 0.0000000000 0.5402730697 0.5072795447 0.0000000000 0.0000000000 0.1300300182 -0.7858266381 0.5092781389 1.1990686276 0.6264949476 0.0000000000 -1.7584995838 -0.2824742813 0.1866983604 -0.8724774053 
353520.0000000000 -1132914.4766113884 6092529.7092551598 1504633.2910228220 0.0491874084 11.1654816136 0.0000000000 0.0584705618 1.5044993043 0.0000000000 -0.0000000000 1.4714291280 -0.6568101114 -0.4322790193 0.3303877149 0.7188141261 0.0000000000 -1.7636651431 -0.1429268760 -1.3003585824 0.2749379096 
353550.0000000000 -1132914.5945014446 6092527.8869982734 1504633.3986990994 0.0153801024 11.1654816136 0.0000000000 0.5601494794 0.9124074765 0.0000000000 0.0000000000 0.6838045949 -0.3241804617 0.1765535996 -0.2999879084 0.5029479457 0.0000000000 -0.8874474759 -0.4554581667 0.1387215677 -0.9639035717 
353580.0000000000 -1132915.1902125871 6092528.2742992966 1504633.2673300426 0.0761174453 11.1654816136 0.0000000000 1.2500089243 0.7265128770 0.0000000000 0.0000000000 0.5105941161 -1.9209311075 -0.0232762595 0.4888265467 1.8066282796 0.0000000000 -1.8737770833 -0.1636132991 0.7222957396 -1.4685954223 
353610.0000000000 -1132915.4525146284 6092530.0916691311 1504633.1079702438 0.0000550996 11.3140434823 0.0000000000 0.7824896630 0.4487829783 0.0000000000 -0.0000000000 -0.5875790416 -0.8598077212 -0.2982344192 0.6188566169 1.2724340266 1.7577976549 -1.5854019699 0.0379210383 -1.2287638509 0.0250059704 
353640.0000000000 -1132916.2411440285 6092529.6781851081 1504634.4867437778 0.0324372429 11.3140434823 0.0000000000 1.6049297254 0.7605758818 0.0000000000 -0.0000000000 0.6355223290 -0.9293565690 0.5124020890 -0.0058822603 0.7119819684 0.5388325276 -1.9259734237 -0.0059734971 0.3848832674 -2.0989619531 
353670.0000000000 -1132915.2642951186 6092529.1977828452 1504634.0794435169 0.1945343403 11.3140434823 0.0000000000 0.7455844894 0.5600776860 0.0000000000 0.0000000000 2.3726255828 0.1999887544 -0.5033762964 -0.1984223192 1.3889045657 -1.7525107499 -2.9157034853 0.0041206905 -0.3912989971 0.1812115455 
353700.0000000000 -1132916.1280200223 6092528.3824178968 1504633.7316631963 0.0534868257 11.3140434823 0.0000000000 -0.2144450688 1.4891171110 0.0000000000 -0.0000000000 1.1139829346 -0.4426072226 -0.6917706975 0.4131609906 1.2783628188 -0.8355069777 -1.3583185082 -0.9269100417 -0.5467078293 0.5621540512 
353730.0000000000 -1132915.9135915886 6092525.9686272591 1504633.4395831458 0.0023465239 11.3140434823 0.0000000000 2.1448205755 0.9237120381 0.0000000000 -0.0000000000 0.2887052039 0.1225711197 -0.8568326346 1.1667846716 1.1109686284 -0.6806236332 -2.6567091771 -1.0766143728 0.3423940002 -0.9996059274 
353760.0000000000 -1132915.9481002192 6092530.3637402728 1504633.6743835344 0.1152028052 11.3140434823 0.0000000000 0.8253222463 -0.4788059746 0.0000000000 -0.0000000000 1.9171497619 -0.9904850069 -0.3966183942 -1.2041232167 1.4393292823 -0.8503221799 -1.5042309752 1.3093520205 0.1042177716 -0.2379169745 
353790.0000000000 -1132914.6107354078 6092527.6341523258 1504633.0865676438 0.0006903218 11.3140434823 0.0000000000 0.3823125447 1.0090559403 0.0000000000 -0.0000000000 2.0765652663 -0.0964665812 1.2164526205 -0.7417599814 0.5050211630 -1.2223491264 -1.9148009806 -0.2851870152 0.7840882071 -1.8725754799 
353820.0000000000 -1132914.9561837818 6092530.2146662809 1504633.6929366565 0.1064738432 11.3140434823 0.0000000000 -0.2553348113 0.7923617235 0.0000000000 -0.0000000000 2.0999664942 -1.1419081569 0.4849855408 0.2735514348 1.3482917508 -1.9745924778 -1.9753012809 -0.1423860429 0.7939813396 -0.6371948556 
353850.0000000000 -1132914.9644839219 6092529.4692019308 1504632.7531017503 0.0181635395 11.3140434823 0.0000000000 -0.2774387392 1.9680034222 0.0000000000 0.0000000000 1.8797616018 -1.0845108837 -0.1841310782 0.4940535034 0.5980156289 -1.1118199993 -1.3194247922 -0.6326882824 -0.0623366950 -0.4263365585 
353880.0000000000 -1132915.0455483531 6092529.0106389625 1504633.6608754033 0.0387158971 11.3140434823 0.0000000000 0.7181148082 1.1924033203 0.0000000000 -0.0000000000 -0.0754037417 -0.3781706521 0.1800088307 0.4792769167 0.3146577163 2.0841102212 -1.8600834322 0.0471817322 -1.8052468073 -0.4465515702 
353910.0000000000 -1132915.0581849788 6092527.4028303670 1504633.3264952558 0.0010902587 11.3140434823 0.0000000000 0.8598193200 0.5789074830 0.0000000000 0.0000000000 0.5360000488 -0.8766047573 -0.9999951277 -0.0655360816 1.2228610178 0.4929240538 -1.2599737442 0.2858681023 -0.8593878061 0.2214591467 
353940.0000000000 -1132914.4412170267 6092526.4963811897 1504633.1115768710 0.0420928419 11.3140434823 0.0000000000 1.6663623972 0.4800495414 0.0000000000 0.0000000000 0.7799928813 0.5312614388 -0.7673183794 0.3109921559 0.4294995858 -0.4313978974 -2.1204629055 -0.1380717346 -0.3568037796 -0.4617427593 
353970.0000000000 -1132914.5961338971 6092529.5852663070 1504632.8190126033 0.0027671591 11.3140434823 0.0000000000 -0.0326008543 0.7442164770 0.0000000000 0.0000000000 1.0072281721 -0.8929703557 -0.2067671299 -0.5783275376 0.7387612951 0.5947010730 -0.8176868183 0.5119445092 -1.0008189508 0.1207362840 
354000.0000000000 -1132914.5432738690 6092527.9697907530 1504632.5481842058 0.0009855984 11.3140434823 0.0000000000 -0.3366875121 0.6815284627 0.0000000000 -0.0000000000 1.2863057429 -0.0271218972 0.3756142588 0.4655517301 0.8488628160 -1.0915067078 -1.9027917386 -0.3975815873 -0.1903771983 0.0953839355 
354030.0000000000 -1132915.4975878377 6092530.4597830493 1504633.2788615301 0.0209440371 11.3140434823 0.0000000000 0.3531386790 0.3029680315 0.0000000000 -0.0000000000 -0.2784158071 -0.8670225039 0.1704835222 1.1124167839 0.9566343360 0.6451500963 -1.6332313308 -0.0034613563 -0.4953237068 -0.1443298122 
354060.0000000000 -1132915.3746938650 6092528.1327596260 1504633.5092613548 0.0020889437 11.3140434823 0.0000000000 0.2557865266 0.1475525631 0.0000000000 0.0000000000 0.8661688967 0.5914174715 0.4896418341 -0.6853240387 0.3581754640 0.0084926828 -1.3728594940 0.2187087327 -0.5802903386 -0.2619234656 
354090.0000000000 -1132914.2549110211 6092527.6524987416 1504632.9895077699 0.0064280101 11.3140434823 0.0000000000 1.3340001314 0.9220001690 0.0000000000 0.0000000000 0.1369023605 -0.7975805660 -0.6311778294 1.0305991719 1.1757647436 -0.2664018233 -1.8047280525 -0.5914121912 0.3034828705 -0.8657097659 
354120.0000000000 -1132914.2984673202 6092528.9429537980 1504633.5047233191 0.0001074565 11.3140434823 0.0000000000 0.4188154899 0.3464417934 0.0000000000 0.0000000000 1.3312578424 1.1469529461 0.0745921564 -0.6095169015 0.0365385583 -0.7519352243 -1.4873178195 -0.0285272722 -0.4904629876 -0.1015732723 
354150.0000000000 -1132914.0956626292 6092527.6059979759 1504632.6499446870 0.0269909272 11.3140434823 0.0000000000 0.4281762005 0.7217969427 0.0000000000 0.0000000000 0.9038335472 0.2333921374 -1.4893791070 0.4815811379 0.0512438000 -1.4085175173 -0.3162462977 -0.5749295195 0.0673908521 0.6301584669 
354180.0000000000 -1132914.7390709163 6092529.2177268658 1504633.8819263566 0.0007890812 11.3140434823 0.0000000000 1.4736532613 0.2881646587 0.0000000000 0.0000000000 0.0189026800 0.1593978435 -0.6720732075 1.3031540991 0.6313291936 0.7213301077 -2.8470463325 0.2571321791 -1.4815394128 0.2648490606 
354210.0000000000 -1132915.6597767901 6092530.9787112093 1504634.2704292240 0.0692857708 11.3140434823 0.0000000000 -0.2804143092 0.2297999921 0.0000000000 0.0000000000 1.2121113425 -1.0510567187 -0.7043667199 0.4389223975 1.4890656517 -1.1083580856 -1.3059945821 0.1614352410 -0.2243683754 0.9637168990 
354240.0000000000 -1132914.7814323083 6092528.6056465451 1504632.9233815568 0.0370353749 11.3140434823 0.0000000000 0.5679581300 0.4181568551 0.0000000000 -0.0000000000 1.1294685221 1.2065869183 -0.6557035189 -0.6261371052 0.8584830425 -0.1122238319 -2.1403319582 0.0457578538 -1.7033016719 1.0003703547 
354270.0000000000 -1132915.9344524867 6092530.0828459105 1504634.0624261070 0.2127425691 11.3140434823 0.0000000000 0.8574091868 0.0109043307 0.0000000000 -0.0000000000 0.3392366024 0.2465325497 -0.7724986532 -0.5160387489 0.5039534298 0.0174848463 -0.6480984062 0.2605431473 -0.4618532927 0.1745031987 
354300.0000000000 -1132915.1437590728 6092529.4506549444 1504633.9785229932 0.0024611653 11.3140434823 0.0000000000 1.2333208262 0.7286005119 0.0000000000 -0.0000000000 0.8094151173 1.0470857280 -0.9415903553 -0.6560184378 0.1437921059 -0.6245558184 -0.8855397497 -0.3998845397 -0.2061437096 -0.3523291941 
354330.0000000000 -1132915.1525316348 6092527.6992832702 1504633.5359861488 0.0006910991 11.3140434823 0.0000000000 -0.0023521129 0.5455918988 0.0000000000 0.0000000000 1.7227340391 -0.4335140097 -0.1432404983 -0.8595003447 1.1026431617 -0.6981533127 -1.3460320735 0.3860404160 -0.3948681607 0.0601929981 
354360.0000000000 -1132915.7015533252 6092527.7157045575 1504633.6842380178 0.0124821582 11.3140434823 0.0000000000 1.0573996378 1.8247520306 0.0000000000 0.0000000000 -0.7458699606 -0.7149319515 -0.6591669393 -0.6854658876 0.4978554969 1.8969134539 0.3297810473 -0.6392635247 -0.5422099807 -1.2656508519 
354390.0000000000 -1132914.5456545455 6092529.7348489836 1504634.2196759665 0.1367575390 11.3140434823 0.0000000000 0.3943396038 1.1592203651 0.0000000000 0.0000000000 2.7289666102 -0.0338805441 -0.3791137595 -0.7398215519 0.3080855555 -0.8940234625 -2.1471103950 0.6400162250 -0.9271738677 -0.1693419233 
354420.0000000000 -1132914.5493278536 6092526.8054054845 1504632.6379516851 0.0328641140 11.3140434823 0.0000000000 0.3788029732 0.7461402062 0.0000000000 0.0000000000 0.2196841201 -0.0361580699 0.0233054864 -0.3503787060 0.7523580981 0.1259146666 -0.7679387767 -0.3831629836 -0.1276464324 -0.5488792080 
354450.0000000000 -1132915.2237762061 6092532.2893917393 1504633.6766536499 0.2084064357 11.3140434823 0.0000000000 0.8823163408 0.4487909245 0.0000000000 -0.0000000000 0.4241272097 0.5715031492 0.4468178839 0.3211793110 -0.0198702037 0.0352349459 -1.8495043464 0.0012247034 -0.2960563367 -0.9491219309 
354480.0000000000 -1132914.6971004161 6092528.2165505616 1504633.1418238317 0.0113337260 11.3140434823 0.0000000000 1.1886550369 1.1083620921 0.0000000000 -0.0000000000 2.6045832063 0.3882833517 -0.8765972830 -1.3957058269 1.0626643061 -1.5018677837 -2.1589550238 0.2704000103 -0.2656405294 -0.6023981388 
354510.0000000000 -1132915.6369041258 6092530.1831882698 1504633.5410023420 0.0004851363 11.3140434823 0.0000000000 1.3882389459 0.5763920724 0.0000000000 0.0000000000 0.9661031188 0.4007481523 -1.2200910377 0.0945726058 0.8289902039 -1.2501115556 -1.5926819452 -0.2987432192 0.1292247834 -0.2302481576 
354540.0000000000 -1132915.1234013648 6092530.9004314123 1504634.2809685280 0.1184690391 11.3140434823 0.0000000000 0.7962568905 1.0680595413 0.0000000000 0.0000000000 1.9220653518 0.2558787449 -0.4422216707 -0.3332946055 0.2747619688 -0.3487443421 -2.3239646631 0.4836895464 -1.1273653557 -0.2217023160 
354570.0000000000 -1132915.4142502155 6092529.7642624592 1504634.1456197519 0.0142628911 11.3140434823 0.0000000000 0.3959120232 0.9550579732 0.0000000000 0.0000000000 0.9854631994 0.9912578149 -0.4142327333 -0.5113823833 0.0448280497 -0.1896429142 -1.1716155061 -0.2686191035 -0.9693624597 0.1365088465 
354600.0000000000 -1132915.9451479241 6092530.6615908276 1504634.3347761552 0.1117801660 11.3140434823 0.0000000000 0.1869679194 0.9561966049 0.0000000000 -0.0000000000 0.8227948447 -0.0366162463 1.6261115372 -0.4113860700 0.0862717549 0.8219479240 -1.9750321926 0.3857506274 -0.5693674809 -1.7003785243 
354630.0000000000 -1132915.7812476340 6092528.9760254230 1504633.8013327352 0.0009976787 11.3140434823 0.0000000000 0.5936832806 0.1165254238 0.0000000000 0.0000000000 1.2195150166 1.0090969474 -0.0339583666 -0.2981224649 0.2630978261 -1.5177886406 -1.3842380386 -0.1486819281 0.3775080507 -0.4313802817 
354660.0000000000 -1132915.1431544321 6092527.3459226349 1504633.2573105388 0.0093845673 11.3140434823 0.0000000000 0.4961194452 -0.0952491843 0.0000000000 0.0000000000 -0.4649366420 1.2642452919 0.2947901669 0.0473138226 0.6857012389 0.0950533864 -1.4215616123 -0.4753557230 -0.6172384218 0.1606351030 
354690.0000000000 -1132916.1192624224 6092529.6299405852 1504634.0361682065 0.1306290029 11.3140434823 0.0000000000 -0.1749554226 0.6792926454 0.0000000000 -0.0000000000 1.1818913631 -0.2738983107 0.3168823956 0.2130567905 0.6203680094 -0.6057835007 -1.5670509355 -0.0476508262 -0.2007177939 -0.2064353781 
354720.0000000000 -1132914.7986631896 6092527.8781034062 1504633.2082394783 0.0004211074 11.3140434823 0.0000000000 0.3331098091 0.7098297154 0.0000000000 -0.0000000000 0.7629810034 0.6087744540 0.7992014033 -1.2507720449 1.0455497461 0.6227209412 -2.0227773080 0.2805654008 -1.2208395628 -0.5418325503 
354750.0000000000 -1132914.6564111472 6092529.6794292741 1504633.9019297005 0.1771460682 11.3140434823 0.0000000000 0.8758389001 0.6198203209 0.0000000000 0.0000000000 2.0470975225 0.2334467824 -1.6862045368 -0.0311707658 -0.0339543228 -0.7856476252 -1.7370161223 0.7514708242 -1.3162159981 0.9879165046 
354780.0000000000 -1132914.9491815367 6092531.6512928056 1504633.3743810500 0.1652138580 11.3140434823 0.0000000000 0.3831729946 0.5473050354 0.0000000000 0.0000000000 2.6861828722 1.1990206167 -0.0945396735 -0.7689047887 -0.0588621290 -1.3319075495 -2.5126563315 0.6643931995 -0.9940444196 0.1370969101 
354810.0000000000 -1132916.7920839323 6092532.4301036270 1504634.7920345301 0.1835940058 11.3140434823 0.0000000000 -0.0670584757 0.3585838775 0.0000000000 -0.0000000000 0.8372277383 -0.8190707703 0.7446100482 -0.4019458555 1.5122880618 0.9492339043 -2.4549615454 0.9331016284 -1.5434546622 0.1367672564 
354840.0000000000 -1132915.9532671634 6092528.4369650278 1504633.9736387874 0.0153581742 11.3140434823 0.0000000000 0.3497963549 -0.0261700698 0.0000000000 0.0000000000 -0.9289324031 0.6400582369 -0.5442334014 -0.3117230098 0.6671113528 0.9500566031 -0.2221777270 -0.2350095367 -1.2221414766 0.9819049089 
354870.0000000000 -1132915.8457820700 6092526.1179644540 1504632.9335371407 0.0817351906 11.3140434823 0.0000000000 0.9697144613 -0.4373534057 0.0000000000 -0.0000000000 -0.4994180918 0.4064746700 0.0702292252 1.6123017264 0.3943643287 -0.7697837635 -1.6700596797 -0.3589465894 0.5673065720 -0.4411790382 
354900.0000000000 -1132915.8332224272 6092529.2828470301 1504633.3462539618 0.0448901877 11.3140434823 0.0000000000 -1.4415817662 0.4978206113 0.0000000000 -0.0000000000 1.5093483828 -0.2826611663 -0.8015996766 -0.5224554041 2.6085846899 -1.6760395141 -0.9894893892 -0.9348350259 -0.6676423789 2.4397697305 
354930.0000000000 -1132913.8771696715 6092529.5410292260 1504634.2954019732 0.2028653585 11.3140434823 0.0000000000 -0.3455306947 1.4997480008 0.0000000000 -0.0000000000 4.3987092708 -0.0539974364 -1.4623657166 -0.7965905774 0.2946531469 -2.2502020990 -2.2185036127 0.6431514430 -1.1319901601 1.2017867362 
354960.0000000000 -1132914.7750627343 6092529.2324868096 1504634.2249437384 0.0802286967 11.3140434823 0.0000000000 -0.1220270666 1.0267512617 0.0000000000 0.0000000000 1.0221932462 0.4816478487 0.3117099919 -0.3612737638 1.0515656915 0.7139659552 -2.6965564354 0.1779002022 -2.2515764468 0.7635726046 
354990.0000000000 -1132915.5638366565 6092529.2279258603 1504633.5537753196 0.0550612572 11.3140434823 0.0000000000 1.9069566866 -0.2974648070 0.0000000000 -0.0000000000 -1.8261860096 -0.2738091645 -0.8345179100 1.8748581742 0.7067036542 0.3022658037 -1.0332611609 -0.3437883102 0.4591079623 -0.6580934458 
355020.0000000000 -1132916.0628770043 6092527.5378127303 1504634.6457072003 0.1518626917 11.1654816136 0.0000000000 0.0000000000 -0.2536444884 0.0000000000 -0.0000000000 -1.2289368548 -0.7045562133 -0.0811485707 1.2708018626 1.0485962534 0.7760741895 -0.7148947026 -0.3245827903 -0.5433862309 0.8188753273 
355050.0000000000 -1132915.4703539931 6092532.2351978654 1504634.9206162510 0.4581939064 11.3140434823 0.0000000000 -0.2188840772 0.6132579606 0.0000000000 0.0000000000 2.3397846791 -0.6700390464 -0.3353064524 -0.3599403259 0.1295443438 -0.9755643075 -1.1724512646 0.7543683113 -0.2410476798 0.0733507512 
355080.0000000000 -1132915.1941443826 6092531.7409639033 1504634.5457041312 0.2816197493 11.3140434823 0.0000000000 0.4013275289 0.5054887994 0.0000000000 0.0000000000 1.8580127985 0.6272912481 0.1883110707 -0.3829215824 0.0839162271 -1.0928740956 -1.9558141441 0.4558694559 -0.2230447290 -0.5717489983 
355110.0000000000 -1132915.6051880151 6092527.5256029470 1504633.1726201954 0.0506529579 11.3140434823 0.0000000000 0.5346274917 -0.1250879488 0.0000000000 0.0000000000 -1.7670295901 0.0741701605 0.4265598200 0.9411886932 1.2158748462 0.6562223879 -0.9051151765 -0.7021413094 -0.0781486869 -0.2448982107 
355140.0000000000 -1132916.2198256906 6092531.1606959244 1504634.2383414903 0.2809244023 11.3140434823 0.0000000000 -0.2406549975 -0.5334517652 0.0000000000 0.0000000000 -0.1076453734 -0.5806867935 0.4783933488 -0.0592050790 -0.0314612033 0.4943214990 0.0875283079 0.6205672759 -0.0821191020 0.0332343337 
355170.0000000000 -1132914.6857732495 6092530.1820765045 1504633.8239762268 0.0797961808 11.3140434823 0.0000000000 0.7402048380 -0.2117949304 0.0000000000 0.0000000000 1.0764978794 1.2051681577 -1.1209136053 -0.8855637596 0.3711944141 -0.6604055227 -1.1583812878 0.5455508346 -1.2256386459 1.2375251580 
355200.0000000000 -1132915.0576840071 6092529.0766490446 1504632.9208320284 0.0119389939 11.3140434823 0.0000000000 1.2423199555 0.1463539531 0.0000000000 -0.0000000000 0.1640279477 0.1258974962 0.1036044679 -0.0344036655 1.2017967820 -0.4410388163 -1.9348838862 0.3450470494 0.1077958427 -1.0821410255 
355230.0000000000 -1132915.8318224589 6092531.8367150994 1504634.3153015713 0.3966080739 11.3140434823 0.0000000000 0.8023006700 0.3641163865 0.0000000000 0.0000000000 -0.3369061530 -0.0617129073 0.1682880512 -0.8444899822 1.6124608901 0.4890615231 -1.2468499378 0.2907963290 -0.5635761310 -0.6164845648 
355260.0000000000 -1132915.8682163788 6092533.1171931811 1504634.3666204005 0.3703938979 11.3140434823 0.0000000000 0.0555937041 0.3148160477 0.0000000000 -0.0000000000 1.4225818987 -0.8806756739 0.0125504702 0.1526992924 1.3904305313 -1.2986253562 -1.6657341275 0.2499822038 0.4968258984 -0.3848077785 
355290.0000000000 -1132916.1291168842 6092532.5678112814 1504634.1831841380 0.3374911633 11.3140434823 0.0000000000 -0.0410786322 0.2166963614 0.0000000000 0.0000000000 0.5052255411 -0.7491833952 0.0480550508 -0.2246879201 2.0727551174 -0.7209150532 -1.2981607770 -0.0586945542 0.1020403497 0.0564863627 
355320.0000000000 -1132915.0802362019 6092532.4426626721 1504634.0019321602 0.4398282067 11.3140434823 0.0000000000 0.5944707726 0.4110189475 0.0000000000 0.0000000000 0.5754589687 -0.2364351841 -0.4140975329 -0.3734085582 1.0210845231 0.0281785832 -1.3860300421 0.4872906959 -0.7512877250 0.0613891104 
355350.0000000000 -1132916.1319390670 6092532.5158066638 1504634.2265501474 0.4743778777 11.3140434823 0.0000000000 1.3327037741 0.2058285855 0.0000000000 -0.0000000000 -0.0242589596 0.0672528464 0.3504558232 0.3250138911 0.9088368195 0.4677726166 -2.6477341250 0.8065322783 -0.8250148067 -0.9024164625 
355380.0000000000 -1132915.8675610353 6092532.6957919765 1504634.4928850716 0.2549061246 11.3140434823 0.0000000000 0.8872528494 -0.2421323429 0.0000000000 -0.0000000000 -1.3307480057 0.5263727906 -0.0431152129 -0.0762048041 1.0123299340 1.6396982957 -1.4918975054 0.4283342682 -2.0229987290 0.8709185232 
355410.0000000000 -1132913.8878071737 6092527.9703752128 1504633.3555948318 0.0002965417 11.3140434823 0.0000000000 -0.6235447629 -0.0314204506 0.0000000000 -0.0000000000 1.2278537543 0.2507103368 -0.1736173286 0.1202698692 0.4209175472 -0.8047068220 -1.0710200507 -0.0867364445 -0.6527797256 1.3307885270 
355440.0000000000 -1132915.8875508946 6092532.5976737300 1504634.0067216654 0.5690617143 11.3140434823 0.0000000000 0.8566832294 -0.2822509851 0.0000000000 -0.0000000000 0.3047171311 -0.0536836044 -0.1965608323 -0.0707790284 0.5727468591 -0.5836393313 -0.9146553773 0.5694568957 0.2879283205 -0.5488429419 
355470.0000000000 -1132915.1736922252 6092530.9696793808 1504633.7180342586 0.2592520791 11.3140434823 0.0000000000 0.3430574797 -0.2530357772 0.0000000000 -0.0000000000 1.5343171546 -0.1936031325 -0.7881672006 1.1768278675 0.4337475985 -1.5136948771 -1.9596012505 0.2672493480 -0.0223114184 0.8151621567 
355500.0000000000 -1132915.1913355216 6092527.7105206605 1504633.2354244413 0.0032544492 11.3140434823 0.0000000000 0.6073075790 0.1354503752 0.0000000000 0.0000000000 0.3383375164 0.5905140251 0.2577233444 0.1290519833 0.9200949082 -1.1775838797 -1.4448788151 -0.1824463923 0.5181236126 -0.8345439227 
355530.0000000000 -1132915.2338286699 6092530.5745386332 1504633.7670054035 0.2729468221 11.3140434823 0.0000000000 -0.2802314120 -0.2878116024 0.0000000000 0.0000000000 1.5417710189 0.9557800825 0.2026617270 0.1008285578 -0.2710406973 -0.9883279042 -1.5776520183 0.2760197010 -0.6240011121 0.8524038622 
355560.0000000000 -1132915.7967907316 6092530.4076940361 1504633.8482913701 0.0492070880 11.3140434823 0.0000000000 1.1880605184 0.3135097629 0.0000000000 0.0000000000 0.9089526412 0.0955620914 -0.5563930457 -0.2787362918 0.2923749405 0.1426227215 -1.9406096819 1.1707283899 -1.0854435165 -0.2023668582 
355590.0000000000 -1132915.6158308794 6092529.8639107458 1504633.4796304253 0.0179527768 11.3140434823 0.0000000000 1.3301502055 0.5777099388 0.0000000000 -0.0000000000 0.5290096524 0.0469828998 -0.2026666690 -0.2719607740 1.4284846753 -0.7628431582 -2.0570276023 0.5453946641 0.0481974875 -1.2804028793 
355620.0000000000 -1132916.1485022155 6092531.6727941381 1504633.9582058499 0.3409610534 11.3140434823 0.0000000000 1.0997756875 0.0166959568 0.0000000000 0.0000000000 -0.5741473648 0.7286682182 0.3898819946 0.5889657371 1.3674579522 -0.3653461307 -2.3417769031 -0.0347914799 -0.3411534596 -0.6020893992 
355650.0000000000 -1132914.2884048861 6092529.6960788956 1504633.6253565706 0.3048540433 11.3140434823 0.0000000000 0.9499323880 -0.1211172858 0.0000000000 0.0000000000 1.0039331877 0.4896533238 -0.2937461059 0.5937155522 0.3768496583 -0.3090261405 -2.8393460444 0.8746353438 -1.2497928508 0.5056805215 
355680.0000000000 -1132916.3531741989 6092530.8978370428 1504633.7353506903 0.3065488266 11.3140434823 0.0000000000 0.9114428663 0.0650220194 0.0000000000 -0.0000000000 -1.0191725031 -0.3843944645 0.3879395294 1.3542077211 -0.4661645019 0.9572472586 -0.8693791781 0.3035130041 0.0536086996 -1.1892349787 
355710.0000000000 -1132916.5486835632 6092533.5615585456 1504634.0363247471 0.6013196304 11.3140434823 0.0000000000 1.1235674775 0.3480931368 0.0000000000 0.0000000000 -0.2960544577 0.5435146216 0.4458641852 0.1888677901 -0.2348323394 1.0081933699 -1.8412305578 0.8418933854 -1.1044185032 -0.9062404861 
355740.0000000000 -1132915.6566862958 6092530.9942229120 1504633.2421416512 0.0579567344 11.3140434823 0.0000000000 0.8255683874 -0.4958012604 0.0000000000 -0.0000000000 -1.3001742217 0.7037879818 1.0377440372 1.2992256981 0.7104728008 0.0217927951 -1.9057524314 -0.1757914974 -0.0129507330 -0.7422283802 
355770.0000000000 -1132915.8616315310 6092530.7373465681 1504633.8814395515 0.3035912667 11.3140434823 0.0000000000 -0.0878621670 0.0587413011 0.0000000000 -0.0000000000 -0.1140085209 -0.0564468071 0.9807690114 1.0231771714 0.4207518440 0.1731814926 -1.7342672409 -0.0723369535 -0.2897026137 -0.2906007430 
355800.0000000000 -1132915.9324379517 6092531.6446641013 1504634.3683857673 0.5232948952 11.3140434823 0.0000000000 0.2820872655 1.0941057543 0.0000000000 0.0000000000 -0.6198240933 -0.8487535877 0.3234583136 1.5848680927 0.4634042382 1.5966247193 -2.1332876492 -0.0894529054 -1.3407279657 -0.1529730762 
355830.0000000000 -1132914.8283231042 6092527.3583015138 1504632.7599957928 0.0308103509 11.3140434823 0.0000000000 -1.2773851735 -0.2615129081 0.0000000000 0.0000000000 -0.5393709242 0.2898223089 1.4890208066 0.9409459065 0.4303129978 0.5511457067 -1.0474065879 -0.8767771611 -0.7980410846 1.1135244218 
355860.0000000000 -1132915.9647912369 6092528.9158187732 1504633.2357804540 0.0076019718 11.3140434823 0.0000000000 0.3773115408 0.3575366500 0.0000000000 -0.0000000000 1.0336416654 -0.2835252605 -0.5991411835 0.5333910095 1.4577447359 -1.9262324941 -1.3591412665 -0.2874003950 0.8688654066 -0.3541084057 
355890.0000000000 -1132915.7993174423 6092529.7966756681 1504633.6236217602 0.0884935200 11.3140434823 0.0000000000 0.4137455142 -0.0227016843 0.0000000000 0.0000000000 0.7812674147 -0.5578822896 -0.3682350453 0.6584591598 1.4487849996 -1.4005236318 -1.5701925525 0.0910621129 0.5292529993 -0.1298637226 
355920.0000000000 -1132914.5426811548 6092528.5355837811 1504632.5026353314 0.0484018468 11.3140434823 0.0000000000 -0.2449707377 -0.3803577134 0.0000000000 0.0000000000 -0.4121514314 -0.7115334022 -0.0386081095 0.6198310071 1.2525392308 0.4471528486 -0.9469452115 -0.1027835599 -0.8954142199 1.4336515388 
355950.0000000000 -1132914.5504362776 6092529.2639392875 1504632.9290406648 0.0840905097 11.3140434823 0.0000000000 0.8943791542 -0.5868744285 0.0000000000 -0.0000000000 -1.0051141151 -0.0849982833 0.1610143062 0.8715761381 1.8071524004 -0.8160988026 -1.3416247486 -0.0971579759 0.4938075877 -0.3995071135 
355980.0000000000 -1132914.0966667391 6092526.8033393044 1504632.6268636202 0.0051926719 11.3140434823 0.0000000000 0.2314623452 0.0447203140 0.0000000000 0.0000000000 0.2346868005 -0.1232543064 -1.0447415144 0.9876192332 0.4957205979 -0.0879002238 -1.1007347582 -0.3162111680 -0.9448062913 1.6042711845 
356010.0000000000 -1132915.1574994663 6092532.6002393598 1504633.9594261653 0.4128043331 11.3140434823 0.0000000000 0.1516703410 0.3825071671 0.0000000000 -0.0000000000 -0.0282697992 -1.4935761641 -0.4606799039 1.1149846739 -0.6233967634 1.2804543300 -0.2218727339 0.3697374868 -0.3458371715 0.0164268308 
356040.0000000000 -1132914.7003541754 6092529.4828724479 1504633.6875113016 0.1317175802 11.3140434823 0.0000000000 0.5477957250 0.0038171531 0.0000000000 -0.0000000000 0.3658615993 -1.3020585845 0.1893481199 1.6526872382 -0.3744991864 1.1198909650 -2.1454966482 1.0209271598 -0.7328475057 -0.2091314666 
356070.0000000000 -1132915.6392873968 6092531.0666483641 1504633.5339718342 0.2762114764 11.3140434823 0.0000000000 1.3702009480 0.1117444985 0.0000000000 0.0000000000 0.3016778891 -0.8127862238 -0.7283348626 0.5290810707 0.1153662222 0.3078902789 -1.3776215712 1.2614445408 -0.3139097531 -0.6989837084 
356100.0000000000 -1132915.2144389076 6092531.8185570259 1504634.7888147051 0.4867896137 11.3140434823 0.0000000000 1.3904658858 1.8594763693 0.0000000000 0.0000000000 -0.0124060943 -0.7544620061 -0.9955519078 0.6395019786 0.2228544557 0.7564547015 -1.3976015175 0.4821732829 -0.5205925092 -1.5691182956 
356130.0000000000 -1132915.1949167214 6092530.3851258969 1504633.2850043925 0.2616641939 11.1654816136 0.0000000000 -0.0998218906 0.5693969498 0.0000000000 -0.0000000000 0.7717075179 -0.7598900157 0.0665781092 0.7314917341 0.3721716414 0.0000000000 -1.4015804842 0.1464943193 -0.2075905107 -0.1699271888 
356160.0000000000 -1132915.8859421357 6092532.2086756118 1504634.7808053368 0.5487254531 11.3140434823 0.0000000000 0.3070015437 0.3875666286 0.0000000000 0.0000000000 -0.0494278620 -1.8883148748 -0.1780972586 1.6800487140 -0.6586186530 1.5118214098 -0.8532515563 0.5550743022 -0.2139659910 -0.4388899623 
356190.0000000000 -1132915.4575811322 6092530.4967653640 1504634.0758849164 0.1848646392 11.3140434823 0.0000000000 -0.5445042072 0.2160657881 0.0000000000 0.0000000000 0.5785656074 -0.4103293183 0.4532295108 0.5866595640 -1.5388623840 1.2562922655 -0.3002346451 0.2369999827 -0.5862635297 0.1760749708 
356220.0000000000 -1132915.1785553803 6092529.8981738407 1504633.9437471291 0.1449687115 11.3140434823 0.0000000000 0.5561963186 0.4748741992 0.0000000000 -0.0000000000 -0.7001121744 -0.6945974080 -0.4930632309 0.7824799672 0.0821201545 1.1818770548 -0.5672867272 0.1144732799 -0.7934167572 0.1561528665 
356250.0000000000 -1132913.7876578807 6092530.6576709365 1504632.5906427419 0.1118959547 11.3140434823 0.0000000000 0.7312535664 0.1994604816 0.0000000000 0.0000000000 0.0103184412 0.2574249815 -0.1712220996 0.1143977772 0.0409115535 -0.3810314566 -0.5171452192 0.3426745612 0.2529088660 -0.8978730731 
356280.0000000000 -1132914.2576965990 6092531.2154247481 1504632.9701725207 0.2538058979 11.3140434823 0.0000000000 1.5117252088 0.5560379265 0.0000000000 0.0000000000 -1.1127557972 -1.2053600339 -0.7108382978 0.7942267768 0.7367475119 1.3306060107 -1.1781799498 0.9042523417 -0.7916437110 -0.7087549416 
356310.0000000000 -1132914.9807415982 6092531.6417831816 1504633.0248025816 0.1318281617 11.3140434823 0.0000000000 0.5407131802 0.0204708802 0.0000000000 0.0000000000 -0.0607550163 0.2624282809 -0.0390259437 0.4019445153 0.0971317375 -0.0387253994 -0.9531513515 0.2443166666 -0.3103318042 -0.1630946064 
356340.0000000000 -1132915.1950139620 6092528.2149519203 1504633.1773467592 0.0129234201 11.3140434823 0.0000000000 -0.6026587186 0.8083776203 0.0000000000 -0.0000000000 0.8022326059 -0.2674855939 -0.0199389315 0.7280682166 0.5057070514 -0.3062346331 -1.1580194122 -0.6770696263 -0.2934126335 0.4543525290 
356370.0000000000 -1132915.8602769899 6092531.0243155733 1504634.3499533322 0.3063789002 11.3140434823 0.0000000000 -0.0671330246 0.0298394892 0.0000000000 0.0000000000 0.3487494844 -0.7314461396 0.7391513758 0.4526747451 1.2079410330 0.2165144221 -2.1143203505 0.5553196644 -0.7241763123 0.1120091890 
356400.0000000000 -1132915.1153422331 6092529.9852682035 1504633.5527900301 0.1013847387 11.3140434823 0.0000000000 0.6608774322 -0.0712407281 0.0000000000 -0.0000000000 -0.3375844614 -0.4137554315 0.3315025037 0.8533233301 0.6214168559 0.5428202250 -1.8787206576 0.6235425309 -0.7355008633 -0.1460064184 
356430.0000000000 -1132914.9801641325 6092529.4729508143 1504633.6464577341 0.0000087606 11.3140434823 0.0000000000 -0.6431257329 0.7694548444 0.0000000000 0.0000000000 0.5795126035 0.1456639196 0.9063197016 0.3754304680 0.3819600184 0.5372808878 -1.9937292652 -0.2011572057 -1.2347973095 0.4105611393 
356460.0000000000 -1132915.8223425080 6092531.2629552828 1504633.4158139324 0.2626857636 11.3140434823 0.0000000000 0.6281406780 1.2200539588 0.0000000000 -0.0000000000 -0.8631094949 -0.0379331476 0.1773166691 1.1756035277 1.0743648356 1.1331730294 -2.6007778292 -0.1488413408 -1.7546326011 0.0721302660 
356490.0000000000 -1132915.9939700859 6092534.0764235500 1504633.9218253044 0.5783313232 11.3140434823 0.0000000000 0.6608697134 0.4271633435 0.0000000000 -0.0000000000 0.6860229995 -0.5269179464 -0.1036427372 0.6135338461 0.0398795674 0.7054976652 -2.2212780237 1.0006291607 -1.1181279775 -0.0817505006 
356520.0000000000 -1132914.6681814522 6092530.4546208940 1504633.6489664081 0.1433571971 11.3140434823 0.0000000000 -0.0296052405 1.1627813517 0.0000000000 -0.0000000000 0.0980477239 -0.6096620688 -0.2046142523 0.2613071757 -0.2791660208 1.7929011450 -1.0774005741 0.1672178189 -1.6561875735 0.5071416808 
356550.0000000000 -1132915.3313774890 6092528.3964047013 1504632.9418695390 0.0238369825 11.3140434823 0.0000000000 -0.3843540627 1.5674986184 0.0000000000 0.0000000000 2.0335332091 0.8802016883 -0.3819387939 -0.8029162829 0.4460902745 -1.3041412332 -1.3131613054 -0.1530429603 -0.4697726957 -0.1939195780 
356580.0000000000 -1132916.4117715305 6092530.1389164757 1504634.2413540611 0.0305241172 11.3140434823 0.0000000000 -0.7493889047 1.6288660961 0.0000000000 0.0000000000 0.6672457676 -1.0893518261 -0.6188412527 0.7695629293 0.5992652651 0.8357998808 -1.0526708302 -0.8813891743 -1.0688915994 1.0117996533 
356610.0000000000 -1132914.7265872168 6092527.6939729247 1504632.9591627230 0.0063371335 11.3140434823 0.0000000000 -0.4657722817 2.0240640476 0.0000000000 0.0000000000 1.2150668170 -0.0180605728 -0.7743486637 -0.2432954089 1.5771112305 -0.9906356174 -1.2304326016 -0.7506851275 -0.5740864182 0.1665060565 
356640.0000000000 -1132914.6325307856 6092528.9376034392 1504632.9957082681 0.0000428159 11.3140434823 0.0000000000 0.3443727700 2.4136610231 0.0000000000 0.0000000000 0.7007135171 -0.1610943746 -0.5877146517 0.7517454434 1.0412001449 0.1739134078 -2.6349704185 -0.2035798743 -1.3089109040 -0.4998234292 
356670.0000000000 -1132914.7570375598 6092528.3749457737 1504632.3244335090 0.0035254453 11.3140434823 0.0000000000 1.2774948443 1.4255945480 0.0000000000 -0.0000000000 0.3226497895 0.1308000154 -1.8301851722 0.5473617531 0.8848579473 -0.5426877709 -1.4737206939 0.0636077457 -0.8399069588 0.0264700900 
356700.0000000000 -1132915.2395532415 6092529.6329735275 1504632.4680427220 0.0788456326 11.3140434823 0.0000000000 -0.7276550316 2.5308427708 0.0000000000 0.0000000000 0.2488281043 -2.2188392883 -0.0334556955 0.6691818958 -0.5732622915 2.8723471518 -0.6417680906 -0.1379945205 -1.0195755472 -0.7760027513 
356730.0000000000 -1132914.8351029847 6092526.9220973216 1504632.5813663742 0.1535836764 11.3140434823 0.0000000000 -0.8619185989 2.7251449102 0.0000000000 -0.0000000000 0.6017306590 -1.5077696174 0.6735320660 -0.2224490217 1.8548282813 1.2536250304 -2.2646471336 0.1073472318 -1.4939869135 -0.7799597663 
356760.0000000000 -1132915.2366728054 6092529.0463455869 1504632.9107703946 0.0499208058 11.3140434823 0.0000000000 -0.4759479571 3.0711347818 0.0000000000 0.0000000000 -0.5316571229 -1.0941778266 -0.4577513657 0.3561007844 0.5800267803 1.8747479057 -0.4804251725 -0.9270267140 -1.1981809554 -0.6116276737 
356790.0000000000 -1132915.7544076100 6092529.4511523731 1504633.0387252229 0.0121548315 11.3140434823 0.0000000000 0.5855542042 2.1566427319 0.0000000000 -0.0000000000 -0.8771553841 -0.6354114520 -0.6615400445 0.8016555929 2.0071867829 0.0386755580 -1.4034512006 -0.4399746258 -0.5794245766 -0.9797258865 
356820.0000000000 -1132914.6783251967 6092527.6888877088 1504632.6649519354 0.1961971836 11.3140434823 0.0000000000 0.1526949770 3.0450987138 0.0000000000 -0.0000000000 1.4042772355 1.1330753943 -0.5952394800 -0.2443594963 -0.3017893956 -0.0678060336 -1.9293930744 -0.1218712802 -1.2228328941 -1.2384568806 
356850.0000000000 -1132914.6994490176 6092528.8283279007 1504631.7769263845 0.0015277139 11.3140434823 0.0000000000 -0.1421831656 3.4146953487 0.0000000000 0.0000000000 1.1150691724 -0.5423132728 -1.0467520912 0.3040982933 0.9058976155 0.2702959892 -1.8364451103 -0.4584880252 -1.0583545073 -0.8917383416 
356880.0000000000 -1132916.3253368353 6092531.3687804267 1504632.9615955164 0.0243515400 11.3140434823 0.0000000000 -0.2957613950 3.5874988882 0.0000000000 -0.0000000000 1.3243299856 -1.1888764504 -1.1352011544 0.3819038397 0.4252099393 0.4375475438 -1.1730507228 -0.3536666040 -0.2884545271 -1.6727398573 
356910.0000000000 -1132915.8128971439 6092528.5348856542 1504632.5051615527 0.0107486724 11.3140434823 0.0000000000 -0.1621863048 4.0030558095 0.0000000000 0.0000000000 -1.1500716480 0.1136780260 -0.7520726138 0.4303126006 2.0198696865 0.5662773114 -1.1334340217 -1.6204615463 -1.4732436664 -0.8265583380 
356940.0000000000 -1132916.5081288458 6092530.1692291657 1504633.1845412226 0.0031199744 11.3140434823 0.0000000000 -0.5054807167 4.5855813695 0.0000000000 0.0000000000 1.3643645467 -0.1632865672 -1.3102610547 0.4545281459 -0.9039156655 1.0190546714 -0.8994449565 -1.0820150553 -0.6818022254 -1.8181500015 
356970.0000000000 -1132916.7822505489 6092529.2686521234 1504632.6481404072 0.0042809089 11.3140434823 0.0000000000 -0.7359756660 4.0548439974 0.0000000000 0.0000000000 0.2646841759 -0.9429994101 -0.6911217783 0.5703644545 -0.1841516351 1.9261158224 -0.7459282123 -1.1453736657 -1.0296913279 -1.2481791247 
357000.0000000000 -1132915.9096779146 6092529.9318175353 1504633.1062398425 0.0166498045 11.3140434823 0.0000000000 -0.6572924836 4.8315686036 0.0000000000 0.0000000000 -0.1829280293 -0.3083581168 -1.0135215207 -0.3477298529 -0.0385218050 1.7736518912 0.1601741467 -1.2680101215 -1.1516140641 -1.7217278674 
357030.0000000000 -1132916.5942397215 6092531.4735722961 1504632.0979194196 42.1315986694 11.3140434823 0.0000000000 0.1620237646 5.1495758063 0.0000000000 0.0000000000 -0.1798620006 0.3538719954 -1.8644665419 0.0189694562 -0.5907255419 1.9057743043 -0.4332160699 -1.1706450692 -1.8313773630 -1.4257604960 
357060.0000000000 -1132916.2536782951 6092529.0660459185 1504633.0658809049 37.9481580039 11.3140434823 0.0000000000 -0.9275142976 5.3270436666 0.0000000000 0.0000000000 -0.3141456025 -0.6220034359 -0.7160891089 -0.2802934710 1.0007592557 2.3046783729 -1.0620341832 -1.3551591787 -2.3162813543 -0.9449208461 
357090.0000000000 -1132915.7211671709 6092529.8172120191 1504632.4159463558 35.8356918167 11.3140434823 0.0000000000 -0.5413333340 5.8641792365 0.0000000000 -0.0000000000 -0.2654736520 -0.1689303699 -1.1679277901 0.3535760439 0.8175358786 1.4617081931 -1.1339236957 -1.5858491125 -1.5781091641 -1.9953490259 
357120.0000000000 -1132916.4919928559 6092527.0952782314 1504633.1580290026 37.2904657574 11.3140434823 0.0000000000 0.2129321829 5.3104545689 0.0000000000 0.0000000000 0.2151167572 1.5080854989 -1.4519652249 -0.2029527067 -0.1485064051 1.0401832002 -1.6492662341 -0.9855389978 -2.3800648388 -1.4194961331 
357150.0000000000 -1132915.6713359400 6092530.5359314010 1504632.8716407679 40.5848710919 11.3140434823 0.0000000000 -0.1103012511 5.1508116722 0.0000000000 -0.0000000000 2.1547324518 0.9163556995 -1.6133012528 -0.4835205826 1.4821243650 -1.5066006810 -2.4961672725 -0.2678637576 -1.1230491912 -2.1429772692 
357180.0000000000 -1132915.0672097038 6092527.0060697878 1504632.1004507777 38.8403843159 11.3140434823 0.0000000000 -0.3938266718 5.4749392029 0.0000000000 0.0000000000 0.8517415303 -0.1294994914 -2.0591237800 0.3982940024 2.1304551161 -0.6417703845 -1.6999583970 -1.4438130620 -1.1433016231 -1.3601993020 
357210.0000000000 -1132916.2295267177 6092530.4679448297 1504632.7402047582 39.1631374922 11.3140434823 0.0000000000 -0.5227026566 6.0754157810 0.0000000000 0.0000000000 0.8796890635 -0.7907356122 -1.7484705175 0.8062487141 0.0640716803 1.5640898581 -1.5356401041 -1.2372840866 -1.1836437968 -2.3007269391 
357240.0000000000 -1132916.5494152422 6092530.1685241256 1504632.4715192870 39.8372793152 11.3140434823 0.0000000000 -0.3648353314 5.7975550353 0.0000000000 -0.0000000000 -0.1835926953 0.1118033850 -0.7780582063 0.4561060040 0.8776673312 1.6962793216 -2.3116076362 -1.0699775363 -2.3064641952 -1.8532727355 
357270.0000000000 -1132915.8673187885 6092529.0278461585 1504633.2938449229 37.1347904468 11.3140434823 0.0000000000 -1.8533523840 6.4275224962 0.0000000000 0.0000000000 1.6695681117 -0.8419789396 -1.2189752130 -0.3083556781 0.1511361950 1.9594014200 -1.1678066750 -1.6904898950 -1.6897310787 -1.3931873627 
357300.0000000000 -1132917.4260233159 6092529.3423748147 1504632.8943742635 41.8822710871 11.3140434823 0.0000000000 -1.5402540998 7.0510186231 0.0000000000 0.0000000000 0.4048272803 -0.8259490517 -0.2427020218 0.7300253052 0.1739839119 3.3216450679 -2.6533211108 -1.6668893045 -2.5462190864 -2.1059575794 
357330.0000000000 -1132916.5974381906 6092530.0984099517 1504633.0100200307 37.8904796830 11.3140434823 0.0000000000 -1.4974993720 6.7142510000 0.0000000000 0.0000000000 -0.4280378553 -2.0454537607 -0.6734551867 -0.0344487137 0.6010242791 4.5356543543 -1.4262780022 -1.4214403338 -3.0158092400 -1.1609887543 
357360.0000000000 -1132915.2230203343 6092528.5751796700 1504631.7233812055 41.9529052809 11.3140434823 0.0000000000 -1.7520895174 7.6804913540 0.0000000000 0.0000000000 1.5266659289 -0.6704627166 -1.7335312279 -0.4077880570 -0.2250883094 2.9404573934 -1.4575316261 -1.8522010724 -2.6176958771 -1.3631001300 
357390.0000000000 -1132916.4632281801 6092529.1046695011 1504632.8073559655 38.7334761430 11.3140434823 0.0000000000 -1.3806311544 7.4191943813 0.0000000000 -0.0000000000 1.2542326500 0.4810678462 -1.3907624471 -0.4522084678 -0.2164939336 2.2015439414 -1.8392542575 -1.6474642424 -2.7160119071 -1.6712648558 
357420.0000000000 -1132913.7163547175 6092527.5143880425 1504630.9157536612 39.4350345476 11.3140434823 0.0000000000 -0.0740151156 7.4958448182 0.0000000000 0.0000000000 0.9055267958 0.2965739694 -2.9068258138 -0.3512177225 0.7355559992 1.1738300470 -1.7851858627 -0.8915761083 -2.6541827743 -1.8842691786 
357450.0000000000 -1132915.5574680187 6092528.6852816893 1504631.8044629148 40.9382373118 11.3140434823 0.0000000000 -1.4792688781 8.3160074802 0.0000000000 0.0000000000 0.9744015950 0.4268175482 -1.6436515372 -0.6394161453 -0.4359492270 2.9774370213 -1.6457965644 -1.8324882847 -3.1714141220 -1.7925880415 
357480.0000000000 -1132915.3830649483 6092528.2259521857 1504630.5559966622 37.8677600383 11.3140434823 0.0000000000 -0.4685679581 7.9282135095 0.0000000000 -0.0000000000 0.5481295626 2.6668530112 -2.6683062447 -0.8766979272 2.9767831376 -1.9248995579 -2.0547845764 -1.8195495451 -3.0317805757 -1.3260678674 
357510.0000000000 -1132915.1153788657 6092529.1811193712 1504631.0795032254 40.8170592308 11.3140434823 0.0000000000 -0.6762672954 7.8236970468 0.0000000000 0.0000000000 1.2393697991 2.1451115163 -2.4588781450 -0.3844912328 0.8180145794 -0.2167852573 -2.1197730160 -1.7762444130 -2.7574083436 -1.6573055424 
357540.0000000000 -1132916.4380241965 6092529.4584874734 1504632.2385128473 37.6668641037 11.3140434823 0.0000000000 -0.3842383607 8.4282269819 0.0000000000 -0.0000000000 1.2427605832 0.9957893649 -2.8038807345 -0.0409211046 0.0479667359 1.6188030317 -2.5746093652 -1.3174040478 -3.2251785925 -1.9392087535 
357570.0000000000 -1132915.3928211811 6092528.5320453681 1504630.9983493602 38.5157245981 11.3140434823 0.0000000000 -1.0636519169 8.8344560082 0.0000000000 0.0000000000 -0.7344458738 0.8486150002 -1.6624989047 -0.4965741301 1.4913448197 2.1926962716 -1.8095119540 -1.9293970111 -3.7451804425 -1.8775669876 
357600.0000000000 -1132915.7051063632 6092527.3250804460 1504630.9458858208 37.5487686255 11.3140434823 0.0000000000 -1.6087591433 9.0627564715 0.0000000000 0.0000000000 1.2516863571 -0.6844039471 -1.9474887967 -0.2729577999 0.1895423815 3.2155009228 -2.2408758434 -1.4874895097 -2.9977459913 -2.4232080673 
357630.0000000000 -1132916.6558357337 6092529.4743525321 1504632.0864154873 40.8770661602 11.3140434823 0.0000000000 -0.8674342244 9.4207027499 0.0000000000 -0.0000000000 -0.5606759566 -0.0140021263 -2.3243322393 -0.3751413391 0.8714544117 3.1649600900 -1.6212028637 -1.6044698757 -3.6564710157 -2.3550301784 
357660.0000000000 -1132916.7811717093 6092529.9277465241 1504631.8183253340 41.8174591650 11.3140434823 0.0000000000 -1.1156774911 9.5358896692 0.0000000000 0.0000000000 -0.2511796834 -1.6691886533 -2.3922864693 0.4561027270 0.2095594175 4.4454335967 -1.6382035584 -1.6011735275 -2.8596349335 -3.0194447513 
357690.0000000000 -1132917.4770214350 6092532.7014448717 1504632.4249831231 43.9308577333 11.3140434823 0.0000000000 -1.6574603063 9.9267707549 0.0000000000 0.0000000000 0.5372620312 -0.6697623641 -2.5331239264 0.2984109838 0.8150150937 2.8878209300 -1.8863005600 -2.2153549083 -2.8193090137 -2.6453625689 
357720.0000000000 -1132916.6140691624 6092527.5946075842 1504631.4374342987 35.2511478026 11.3140434823 0.0000000000 -2.3048427314 9.5816921373 0.0000000000 0.0000000000 -0.0161539870 0.0080542183 -1.2755524813 0.0918491996 0.3887146313 2.7285161249 -1.0772997128 -2.5344788632 -2.0731049397 -3.5312109749 
357750.0000000000 -1132915.5224727804 6092526.6757506188 1504630.3253703930 36.1845214634 11.3140434823 0.0000000000 -1.2675120034 10.6761734867 0.0000000000 -0.0000000000 0.8262394355 1.7649847025 -3.2417278448 -0.6081376102 1.0870018005 0.0904389690 -1.2111536103 -1.8554377538 -2.4886454423 -3.7996431291 
357780.0000000000 -1132915.8012299640 6092525.8587140301 1504629.6286418703 36.9523304002 11.3140434823 0.0000000000 -2.4658531149 10.7195566636 0.0000000000 -0.0000000000 1.8438944040 1.0732548166 -2.8651914612 0.0574780887 0.1653215945 0.7375725757 -1.1050126540 -2.9199396546 -1.5337420785 -3.7901330401 
357810.0000000000 -1132915.5360439518 6092528.1904949304 1504630.0308398907 40.4039761596 11.3140434823 0.0000000000 -2.9427235065 10.5439076291 0.0000000000 -0.0000000000 2.8601280451 0.5460490992 -2.4111615432 -0.2116533191 0.7481992612 0.3406382721 -1.8888430777 -2.3549300066 -1.4203891212 -3.9006502750 
357840.0000000000 -1132916.4851924002 6092530.2156027434 1504630.8879734841 44.0965851627 11.3140434823 0.0000000000 -1.5285713276 11.1772431369 0.0000000000 0.0000000000 1.1508613312 1.0352237733 -2.5662693908 0.1624330851 1.0560477803 1.0691019652 -2.8869469030 -1.4641311406 -2.8050962416 -4.4049770165 
357870.0000000000 -1132915.8875754811 6092528.0723605836 1504630.7204197664 37.2383960491 11.3140434823 0.0000000000 -0.7108529463 11.9567232055 0.0000000000 0.0000000000 -0.3366114069 2.6741002133 -3.4859622287 0.1064399758 2.1531075866 -0.1137996260 -2.6423904765 -1.9330212837 -4.0394426398 -3.6077855967 
357900.0000000000 -1132915.2008868007 6092528.2104120683 1504630.5402607019 38.4416343415 11.3140434823 0.0000000000 -1.7077203674 11.3283941058 0.0000000000 -0.0000000000 0.5608742175 0.0779875565 -3.3855459508 -0.5255511689 1.0495426039 2.3151008356 -1.3821161797 -1.9009550851 -3.1859122610 -3.2370817057 
357930.0000000000 -1132914.9822049518 6092525.7561861118 1504630.8949415924 34.7802500739 11.3140434823 0.0000000000 -3.1182501938 12.5406915878 0.0000000000 -0.0000000000 2.0467659817 -0.2316418315 -2.0350767781 -0.9424172442 1.9567275281 2.8099755641 -3.8096384529 -1.7750021464 -4.3971712105 -3.0550465084 
357960.0000000000 -1132916.2274252824 6092528.0668696528 1504631.0436957327 36.0558185566 11.3140434823 0.0000000000 -2.4031994448 11.7253121744 0.0000000000 -0.0000000000 0.3878299063 0.8265142930 -2.8282410111 0.1209125191 0.7289013485 2.0865277655 -1.3893132286 -2.9399996743 -2.7784115625 -3.5894741036 
357990.0000000000 -1132916.2658243743 6092528.0553071219 1504630.4595054949 39.9166678238 11.3140434823 0.0000000000 -2.6018741219 12.2148779044 0.0000000000 0.0000000000 1.7261909042 0.3018980903 -2.9717135236 -0.2014127735 1.8483247989 1.6372586167 -3.0646706215 -2.1619038462 -3.5875028143 -3.1628944348 
358020.0000000000 -1132916.2602745201 6092527.7525896458 1504629.9153652869 38.1393723288 11.3140434823 0.0000000000 -3.6567610393 12.7093647029 0.0000000000 -0.0000000000 0.5953056020 0.7129950649 -1.6253873331 -0.8451789582 2.8664764353 1.5480314998 -2.4043429162 -2.7076229015 -3.8530481619 -3.3929165888 
358050.0000000000 -1132915.8130371261 6092527.0163545888 1504629.5097332348 38.1097371339 11.3140434823 0.0000000000 -2.8800219993 12.6053069891 0.0000000000 0.0000000000 0.0855669777 -1.2534182008 -2.9838890770 0.3713236973 4.1201731099 1.0254783380 -2.0135726546 -2.2043363756 -2.7040964036 -4.1421510652 
358080.0000000000 -1132915.5287467339 6092528.3463301407 1504630.1982294573 40.6973776892 11.3140434823 0.0000000000 -2.7354078900 12.4125260806 0.0000000000 0.0000000000 0.7301473666 -0.0022889188 -3.3596026142 -0.2462279541 1.6188105067 1.9040375371 -1.2817849301 -2.5022775543 -2.7787692170 -3.8055851056 
358110.0000000000 -1132917.4695219838 6092530.7468211195 1504630.8010865382 43.6593673198 11.3140434823 0.0000000000 -2.0539711295 12.4647909061 0.0000000000 -0.0000000000 0.5028505697 0.7952841018 -3.3346297942 -0.8828600737 0.3947469239 3.1251043020 -1.7093676514 -1.9159834572 -3.9960267234 -3.4264994836 
358140.0000000000 -1132916.7634628168 6092530.5769364955 1504630.0680053134 42.5087150400 11.3140434823 0.0000000000 -1.5623320962 13.4622714210 0.0000000000 0.0000000000 0.8335110253 0.7738339293 -4.5777943528 0.2175159158 0.9671011701 2.4210466298 -2.7654143003 -2.0825924935 -4.2150656137 -3.4693852068 
358170.0000000000 -1132917.0397644395 6092531.2628825661 1504630.7161466032 41.3647924686 11.3140434823 0.0000000000 -1.7392052343 13.0143529641 0.0000000000 -0.0000000000 -0.0071754182 2.0800509853 -3.1021846935 -0.0327034133 0.3903054578 2.4013351288 -2.6500566994 -2.0081347878 -4.2714622025 -4.1131650580 
358200.0000000000 -1132915.0696263697 6092530.7492019497 1504633.6533109043 49.2984794260 11.3140434823 0.0000000000 0.9130539972 -0.1170977874 0.0000000000 0.0000000000 -0.1663895342 0.4872291864 0.4453606245 -0.0605524467 -1.3942586155 1.5757112628 -1.3296442169 0.9149993509 -1.0813903472 -0.1655823385 
358230.0000000000 -1132915.4445884961 6092533.3906373130 1504633.3392232528 54.3834718330 11.3140434823 0.0000000000 1.9415155660 -0.2685917137 0.0000000000 0.0000000000 0.3420381148 -0.4339903738 -1.5929090051 0.5686622571 -0.8006625635 0.7883078868 -1.3197196870 1.2287173196 -0.8401680838 0.4840612913 
358260.0000000000 -1132915.2395079650 6092529.8174395636 1504632.6074342690 48.0953628509 11.3140434823 0.0000000000 0.2847857551 -0.1072113597 0.0000000000 0.0000000000 0.9086090973 -0.7120852158 -0.4445047719 0.4447758162 -0.3882793030 0.4489798386 -0.9037301426 0.3748923218 0.1386591040 -0.0333467130 
358290.0000000000 -1132916.3722770631 6092531.2680284316 1504632.9415604200 47.5793415114 11.3140434823 0.0000000000 0.8387209647 0.4032373942 0.0000000000 0.0000000000 0.2914841474 0.2648956763 -0.7627514983 0.8314275207 0.1517482127 -0.2970751172 -1.5017626488 0.2848132142 -0.7011426760 0.2571850390 
358320.0000000000 -1132915.6706657729 6092529.4570328658 1504633.1114069119 46.4874589474 11.3140434823 0.0000000000 -0.3455574493 0.9756407970 0.0000000000 0.0000000000 -0.3853164124 0.3241225160 0.8834051361 0.2783844585 -0.0656626620 0.7271146864 -1.0063744584 -0.0733985175 -0.5371406385 -0.7872275967 
358350.0000000000 -1132913.8141305281 6092528.9055504063 1504633.6820952976 46.4933372716 11.3140434823 0.0000000000 -0.6990959302 0.1649778680 0.0000000000 0.0000000000 0.0730214046 -0.6308983093 0.7820716460 0.0521827848 1.4547243171 0.0097667719 -1.0261028351 -0.2387193562 -0.6575169641 0.7545957949 
358380.0000000000 -1132914.0462673577 6092526.2738675959 1504632.6467467698 43.1687857648 11.3140434823 0.0000000000 -1.2164679076 -0.0203662047 0.0000000000 -0.0000000000 1.3036703675 -1.5870536204 0.0393466392 -0.3234428076 1.4504947483 0.0622832642 -0.4817934251 -0.5867726466 -0.1213078154 1.4892141806 
358410.0000000000 -1132915.8281854212 6092531.9055658616 1504633.5068402321 49.3188946903 11.3140434823 0.0000000000 -0.1544793762 1.5999027372 0.0000000000 -0.0000000000 -0.9346398285 -1.2742433512 0.4681852086 0.3013697329 0.9978286692 2.1261452161 -1.6060314640 0.0528072660 -1.5661325326 0.0672761885 
358440.0000000000 -1132915.8788296382 6092532.6262748521 1504634.2209853404 47.9375598072 11.3140434823 0.0000000000 0.5611029920 -0.1979926348 0.0000000000 -0.0000000000 0.3782169851 0.3041338895 0.1561138081 0.0319385309 0.1567263152 -0.0448753662 -1.5241061588 0.7023137347 -0.9806127004 0.5114019084 
358470.0000000000 -1132914.6674847438 6092531.3214615434 1504633.1812195808 48.3357290964 11.3140434823 0.0000000000 0.8025488768 0.1464366390 0.0000000000 -0.0000000000 0.1046192251 1.0713099507 -0.3947151103 0.4656581531 -1.1127491286 0.0684669266 -0.7593339628 0.1328047929 -0.3904523913 -0.1458513524 
358500.0000000000 -1132916.0166705651 6092530.4479682297 1504633.8691135650 45.7632461367 11.3140434823 0.0000000000 -1.2406492158 0.1298571642 0.0000000000 -0.0000000000 0.8042106098 1.0123631330 1.5614401981 -0.0761667227 -0.2292328010 -0.0664576941 -1.1319263981 -0.7982090908 -0.2976369654 0.2374576998 
358530.0000000000 -1132915.1999336977 6092531.8843759391 1504633.4322609981 53.1420939783 11.3140434823 0.0000000000 0.6152641291 -0.0899560579 0.0000000000 -0.0000000000 1.1520132773 -0.8300380690 -0.3935702003 -0.2883061863 -0.4237065935 1.2728435054 -1.6920760795 0.9687530105 -0.9625651942 0.7068520079 
358560.0000000000 -1132915.4158480852 6092530.7834365880 1504632.9255270076 53.7414629700 11.3140434823 0.0000000000 0.9525419464 0.0637267884 0.0000000000 -0.0000000000 0.4361500394 -0.0053649279 -0.0306683124 0.2815716958 -0.6777761130 1.3436145296 -2.2579163317 0.7169885049 -1.3960032227 0.6162541152 
358590.0000000000 -1132915.5171981507 6092529.7777733887 1504634.2690531064 47.6718077802 11.3140434823 0.0000000000 -0.6018328627 0.4349840902 0.0000000000 0.0000000000 0.7566211410 0.9999059282 1.1069063411 0.1086776166 1.5146691982 -1.0962885284 -2.5535475990 -0.1578380090 -1.7196539230 1.2781427068 
358620.0000000000 -1132915.9147111408 6092533.2618475184 1504633.2286851823 56.6633408760 11.3140434823 0.0000000000 1.6459501152 -0.1484466254 0.0000000000 -0.0000000000 -0.9960550777 -1.2899625548 -1.3102253995 0.7143687285 -0.7628168973 2.1940076234 -0.2969880761 0.2084555071 -0.5959205259 0.7157593908 
358650.0000000000 -1132914.9575580661 6092530.5595323276 1504633.9795943904 49.2784608448 11.3140434823 0.0000000000 -0.2805614734 1.0526340188 0.0000000000 -0.0000000000 0.7479361742 -0.6931692057 -0.1216065523 -0.5141631637 0.4717505927 0.8449434619 -1.1882015667 0.4740670817 -0.9883614756 0.2219442348 
358680.0000000000 -1132914.2494586222 6092530.8778314991 1504632.7979355727 51.5854823165 11.3140434823 0.0000000000 1.2585405708 -0.1797314710 0.0000000000 0.0000000000 0.4356542462 0.9152788165 -0.6724294549 -0.1149058163 -2.1292037307 1.1997424435 -0.8259888896 0.4117882181 -0.7662564027 0.4065133116 
358710.0000000000 -1132913.8981760999 6092529.0338815087 1504632.3875618519 50.2432729947 11.3140434823 0.0000000000 0.5246331066 -0.5479973517 0.0000000000 -0.0000000000 1.4293267728 -0.7941766132 -0.1586152442 -1.3414721057 -0.6834150717 1.5886445344 -1.2827542990 1.1936125667 -1.2177932667 1.2902948280 
358740.0000000000 -1132914.3726776503 6092528.0861443691 1504633.0529573893 47.2987603099 11.3140434823 0.0000000000 -0.0949081007 0.1444051026 0.0000000000 0.0000000000 0.4853851068 0.4870293944 0.3710637060 -0.7797924711 -1.0821014472 1.4496859883 -0.7373430799 -0.3068656179 -1.0952030020 1.0720940677 
358770.0000000000 -1132915.7636795312 6092528.0581312878 1504634.0775157667 43.3171844571 11.3140434823 0.0000000000 -1.7456039167 0.3039543794 0.0000000000 0.0000000000 1.6080311730 0.1685762405 1.2749539067 -0.4357839078 0.5598072314 -0.3360774508 -1.1253417941 -0.6310575717 -0.1147772581 0.3893177888 
358800.0000000000 -1132915.3816498241 6092530.7717585666 1504633.8582407846 0.0522882819 11.3140434823 0.0000000000 0.1926570478 0.1165232784 0.0000000000 -0.0000000000 0.8935513075 1.6662827728 0.4080434084 -0.6675268885 -1.8941189365 1.0595950134 -1.3322325453 -0.2879320242 -1.3328883091 1.0375920772 
358830.0000000000 -1132915.2295315510 6092529.7650498664 1504633.4152167900 0.0082780416 11.3140434823 0.0000000000 0.9534119235 -0.6989577036 0.0000000000 -0.0000000000 0.2237149217 2.1146856837 -0.0288185041 -0.0865408236 -1.1246429411 -0.6618803533 -0.8104844728 -0.1186280005 -1.1339391159 1.3525268909 
358860.0000000000 -1132915.8245609610 6092529.4759229217 1504633.8112899642 0.0374632589 11.3140434823 0.0000000000 0.1687756057 1.8650041921 0.0000000000 -0.0000000000 0.2138653306 2.4634248155 -0.7503613676 -0.6349211967 -0.9507867268 -0.3146739292 -0.4929667507 -0.5426847068 -1.8267044404 0.7340413636 
358890.0000000000 -1132914.9951925809 6092530.4297573548 1504633.9358154431 0.0085360337 11.3140434823 0.0000000000 0.7545948261 0.1736344288 0.0000000000 -0.0000000000 -0.5165872836 0.0941010888 -0.1022077114 -0.3454483875 -0.0993180065 1.0728099082 -0.8230728593 0.1549850004 -1.5461088597 1.2447255375 
358920.0000000000 -1132916.3028807826 6092529.5062422911 1504633.9837571511 0.0649161142 11.3140434823 0.0000000000 -0.7897058247 0.5044179514 0.0000000000 -0.0000000000 0.2120061476 1.3469048525 0.9625695393 -0.2115401107 -0.8079935216 0.0938611274 -0.3035000558 -0.6651979350 -0.1833994568 -0.3025563316 
358950.0000000000 -1132916.3441443446 6092528.3860828625 1504633.8189900187 0.1606291548 11.3140434823 0.0000000000 -1.2654249634 0.1505656051 0.0000000000 0.0000000000 1.1174829848 -0.4051779042 0.6627142540 -0.3284621602 -1.0252675089 1.5708523874 -0.2611400924 -1.1093516028 0.5121428676 0.1635131140 
358980.0000000000 -1132914.9526340461 6092528.2254563607 1504634.5306665392 0.0031561192 11.3140434823 0.0000000000 -1.5984154424 0.7566310191 0.0000000000 -0.0000000000 0.1732105972 -1.0358697713 1.4140379833 -0.6854183742 2.4474089415 0.2700263510 -1.1424385967 -0.4249005525 -1.3153962079 1.2741581691 
359010.0000000000 -1132914.8809715577 6092532.4934189664 1504634.0726339228 0.4119167159 11.3140434823 0.0000000000 -0.1218235120 0.3825166721 0.0000000000 -0.0000000000 0.2365215158 -1.3270689960 -0.2055769797 -0.0617883452 1.5527818590 0.0390927489 -0.7267395301 0.5461073000 -0.5247366820 0.3748376825 
359040.0000000000 -1132913.0913768930 6092529.6522555007 1504632.0038440379 0.2638699039 11.3140434823 0.0000000000 0.4438226936 0.7123594630 0.0000000000 0.0000000000 1.5613968561 -1.5321623418 -0.8802073430 -0.9193709322 -0.1238240912 1.7627293302 -1.6977553797 1.3776406304 -1.0458214325 0.3692214106 
359070.0000000000 -1132915.2015151537 6092532.4859120473 1504634.0296617434 0.1039103774 11.3140434823 0.0000000000 -0.1274799266 -0.1671982534 0.0000000000 -0.0000000000 1.1172633855 -1.3412703736 0.0639821258 0.1698658550 1.6842750825 -0.3051533133 -1.7879706705 0.7314024355 -0.5826823791 0.7396936822 
359100.0000000000 -1132915.2481714468 6092530.2283339174 1504633.3763467667 0.1809133237 11.3140434823 0.0000000000 0.9397692957 -1.1570755576 0.0000000000 -0.0000000000 -0.4090048642 -0.8001965947 0.1108426094 0.3894706847 0.9763689091 -0.1961122057 -0.7568016596 0.6810213525 -0.4826128218 0.9143338955 
359130.0000000000 -1132915.0640999917 6092528.7365183560 1504633.8754028531 0.0004567447 11.3140434823 0.0000000000 0.5980819758 -0.2140119118 0.0000000000 0.0000000000 0.0036978999 2.0598768442 0.9020307249 -0.1012484800 -1.0960642336 0.0585398262 -1.6123788006 -0.0801826424 -1.5337718274 0.9524815410 
359160.0000000000 -1132914.1729114007 6092526.7580759488 1504632.2660203862 0.0084465708 11.3140434823 0.0000000000 0.5370636282 -1.0108064629 0.0000000000 -0.0000000000 1.0677102193 0.4826380869 0.0931199937 0.0003044976 -2.6318115185 1.9587348037 -1.0322643839 -0.7211002740 0.0864894631 0.8764532969 
359190.0000000000 -1132915.4410751262 6092530.4354855465 1504633.7780851384 0.0056437052 11.3140434823 0.0000000000 1.1509411298 -0.4616168712 0.0000000000 0.0000000000 -0.5065353060 0.9251550522 0.0042508650 0.8199396406 -1.1523331248 0.7664052995 -1.2044718187 -0.5716688666 -0.8321275966 1.0280591525 
359220.0000000000 -1132915.5726574140 6092529.9093666319 1504634.2099135695 0.0275548873 11.3140434823 0.0000000000 -0.2744082233 0.8134957073 0.0000000000 0.0000000000 0.0481456423 1.1865015525 0.8213955493 -0.2435070905 -0.3873193828 0.4911768789 -1.3290331154 -0.3255811821 -1.3089009043 0.4419153612 
359250.0000000000 -1132916.4151057051 6092529.6113706091 1504634.5489119694 0.0183546001 11.3140434823 0.0000000000 -0.1090331639 0.1558485314 0.0000000000 0.0000000000 0.0868509021 0.5451938852 0.5896704860 0.4886459248 -0.9470127930 1.3759385052 -1.3681983301 -1.2311719373 -0.6240040505 0.8972360432 
359280.0000000000 -1132915.7030280780 6092530.3019514028 1504634.0020923663 0.1426373086 11.3140434823 0.0000000000 0.2954945990 -0.5289886302 0.0000000000 -0.0000000000 0.1214244389 1.1932818889 0.6661844802 0.2723001700 -1.2182800999 0.4300750406 -0.9724337635 -0.6200649884 -0.4407970832 0.6623195872 
359310.0000000000 -1132914.9559808162 6092529.5246355478 1504633.5082891164 0.0033616821 11.3140434823 0.0000000000 0.9200420537 0.2230457645 0.0000000000 0.0000000000 -0.1622353532 -2.2162607173 -0.6486729976 0.7638019185 1.2940259598 1.6935739779 -2.0123386688 0.3093860624 -1.1070219678 1.2271704907 
359340.0000000000 -1132914.9300994775 6092528.1499978993 1504633.1538026806 0.0018598956 11.3140434823 0.0000000000 0.6209647352 -0.8970165433 0.0000000000 -0.0000000000 0.2152592354 0.4865735611 0.5401339180 -0.1670807330 -1.3663661027 0.9322390693 -0.7734084107 0.1330286891 -0.2185167609 0.3462827965 
359370.0000000000 -1132915.4648234609 6092528.7585849082 1504632.6669034939 0.0000000404 11.3140434823 0.0000000000 -0.3685351711 -0.3636312115 0.0000000000 -0.0000000000 1.4242816894 -0.4397486529 0.0070015538 0.3044830120 -0.7419153498 1.0105957577 -1.1833154418 -0.7846969009 0.3677701480 0.6041288570 
359400.0000000000 -1132916.0247396105 6092530.1653648401 1504633.2435612462 0.0069486878 11.3140434823 0.0000000000 0.8632418588 -0.5304554352 0.0000000000 0.0000000000 0.8740961242 -2.0950961329 -0.3661699782 0.9985901067 0.7851166450 1.4291726751 -2.6795872399 0.5325202367 -0.4689536491 0.8724464888 
359430.0000000000 -1132915.2021142140 6092529.0033284267 1504632.5132720124 0.0888867359 11.1654816136 0.0000000000 1.0377301842 -0.5129018068 0.0000000000 -0.0000000000 -0.1562143178 -1.2226972168 -0.6739594806 0.7988609218 0.0000000000 1.1490019075 -0.8933293876 -0.0327367142 -0.0941351762 0.7020143088 
359460.0000000000 -1132915.7013913514 6092531.2138415221 1504632.8093619095 0.1933964869 11.1654816136 0.0000000000 1.2437269757 -0.4782077608 0.0000000000 -0.0000000000 -0.1204789216 -1.3028369992 -0.1749493128 0.6720399163 0.0000000000 1.5940971163 -1.8242272131 0.6562046654 -0.5414052156 0.4037401232 
359490.0000000000 -1132914.7951055777 6092528.9334532432 1504633.3550886277 0.0619960210 11.1654816136 0.0000000000 0.0387858383 0.4148918948 0.0000000000 0.0000000000 -1.0079999363 -0.7503555664 0.9262675219 0.2118871971 0.0000000000 2.1516841272 -1.0880599822 -0.2728656073 -0.6223013637 -0.0068722264 
359520.0000000000 -1132916.0494214045 6092531.7586353822 1504634.0003296963 0.0186867974 11.1654816136 0.0000000000 1.6972342433 0.1562160204 0.0000000000 0.0000000000 -1.4224229178 -0.4022672538 -0.3920245695 1.5325107491 0.0000000000 1.0786841628 -1.5672975401 0.2249776897 -0.8494527114 0.1376701943 
359550.0000000000 -1132914.8315405110 6092528.8523565615 1504633.4602614599 0.0241356247 11.1654816136 0.0000000000 0.2221683782 -0.5801603802 0.0000000000 0.0000000000 -0.2972105670 0.3493848650 1.0922003256 0.0144717953 0.0000000000 0.6232947299 -1.2194818257 -0.4772044803 -1.0157060349 1.3231555414 
359580.0000000000 -1132915.4519958522 6092531.7129178131 1504633.5294798575 0.0382942100 11.1654816136 0.0000000000 0.9972001756 -0.2278557332 0.0000000000 0.0000000000 -0.6425971973 0.3083755188 0.4667891135 1.2230479215 0.0000000000 0.4965753171 -2.0019263520 -0.1787254669 -0.9801764744 0.6694522604 
359610.0000000000 -1132915.8380790323 6092531.4208356636 1504635.0941300688 0.0035366034 11.1654816136 0.0000000000 -0.0518337024 0.5626973573 0.0000000000 -0.0000000000 -0.0309685921 1.4028148420 0.7179966870 0.7536634785 0.0000000000 -0.4310058149 -1.7199301248 -0.5766423704 -1.1206855302 0.5182284093 
359640.0000000000 -1132915.6351472330 6092530.1640664088 1504634.3418131622 0.0093538884 11.1654816136 0.0000000000 -0.1291484814 0.2274295602 0.0000000000 -0.0000000000 0.1080247858 -0.3742185889 0.5394971614 0.2975683155 0.0000000000 1.1391503703 -1.3462926456 -0.2563314228 -0.3702236440 0.1459266685 
359670.0000000000 -1132915.7331298464 6092530.4831789108 1504634.4845876223 0.0509597609 11.1654816136 0.0000000000 -0.4018198525 0.6167539405 0.0000000000 0.0000000000 1.6620849525 -0.5445108245 -0.6388118418 1.0613902198 0.0000000000 0.4520167323 -1.9559583838 -0.4713186127 0.2919410441 -0.1214542531 
359700.0000000000 -1132914.3965520218 6092529.4067146843 1504633.7885094609 0.0006023059 11.1654816136 0.0000000000 -1.0073152731 -0.2755908163 0.0000000000 0.0000000000 0.8480769950 0.7738841123 1.2987160570 0.1356888115 0.0000000000 -0.0542397700 -1.2698401271 -1.2085166570 -0.3381588482 0.9918007866 
359730.0000000000 -1132914.6853999284 6092529.0405477686 1504632.9301482127 0.0576437586 11.1654816136 0.0000000000 1.0721512560 0.1576388673 0.0000000000 0.0000000000 -1.2713692961 -0.1848852723 0.7271379505 0.0430868843 0.0000000000 1.7331838193 -1.5997815401 0.1470411801 -1.6853170478 0.9930126231 
359760.0000000000 -1132914.4550072018 6092528.8431342235 1504633.0284011182 0.1940845203 11.1654816136 0.0000000000 -0.0979810128 0.2002140005 0.0000000000 0.0000000000 0.6833659451 -0.7476191459 0.2147872659 -0.6058837945 0.0000000000 1.4505549087 -1.2285723773 0.0708704581 -0.6824525097 0.7163721734 
359790.0000000000 -1132914.6681224392 6092528.6008245051 1504633.1405094394 0.0283686234 11.1654816136 0.0000000000 -0.2781427004 0.7809801102 0.0000000000 0.0000000000 -0.1918653603 0.1053277330 0.0489992855 -0.9013330810 0.0000000000 0.7040686238 0.1479840862 -0.2616319230 -0.8662193035 0.6731505362 
359820.0000000000 -1132914.6477308401 6092528.7372161476 1504633.5515220817 0.0167842957 11.3140434823 0.0000000000 0.3241004249 -0.6902200729 0.0000000000 -0.0000000000 0.0284287169 -1.8292419307 -0.3395091368 0.4259645202 0.0000000000 1.7080171281 -0.2633436202 -0.3432905214 0.8132048174 0.1690931986 
359850.0000000000 -1132914.6658906129 6092528.2949498845 1504633.7652058322 0.0488222280 11.3140434823 0.0000000000 -0.6063085134 -0.3867004637 0.0000000000 -0.0000000000 1.6366020337 0.3274671134 0.5888801441 -0.3185740819 0.0000000000 -0.1917724014 -1.3955067313 -0.2964904196 -0.3893065495 0.9648285544 
359880.0000000000 -1132914.0063632929 6092528.3981077177 1504632.4000641997 0.0391050165 11.3140434823 0.0000000000 0.5500376430 -0.9436100284 0.0000000000 -0.0000000000 1.7240261428 -1.5068408504 -1.5653637265 -0.1001759328 0.0000000000 0.1513731807 -0.1052267980 0.3381531416 0.7410178752 0.7605967662 
359910.0000000000 -1132915.5501995566 6092527.7416031556 1504633.4501280722 0.0193191698 11.3140434823 0.0000000000 -0.9399338657 0.2027190081 0.0000000000 -0.0000000000 0.9570824490 -0.7111072473 0.4335997182 0.5659778789 0.0000000000 1.4420724846 -1.5001970860 -1.2846750658 0.3632207261 0.3306608011 
359940.0000000000 -1132915.2596874170 6092530.6378004160 1504634.6706454863 0.1151630444 11.3140434823 0.0000000000 -0.0212597069 1.5597116667 0.0000000000 0.0000000000 -0.3609540036 1.3982138247 0.2224702333 0.1614108321 0.0000000000 -0.0454003056 -1.3288707363 -0.4809119590 -1.7825879573 0.7097125305 
359970.0000000000 -1132914.8146099471 6092530.5345697552 1504633.1005722398 0.0244002617 11.3140434823 0.0000000000 1.5084158061 -0.1398900283 0.0000000000 -0.0000000000 0.8418351726 -1.2417833339 -1.6583340291 0.7568816025 0.0000000000 0.9752133208 -1.7320267804 0.1552761414 -0.5608852483 1.2820505412 
360000.0000000000 -1132915.1286766410 6092531.0211794162 1504633.9005899061 0.0736132999 11.3140434823 0.0000000000 0.7240244959 -0.1913655650 0.0000000000 0.0000000000 -0.0274092195 0.7103854425 -0.1803809717 -0.0305861767 0.0000000000 -0.8083309762 -0.3299035771 0.2066649641 -0.9156825164 0.9651499055 
