2399 345600.000 13
C21    23902065.573   -23011111.337    15713934.195     1789151.007    33.354
C24    21530321.178    -3120453.293    27055198.512     5995744.911    84.731
C25    24587624.913    10543772.243    22655858.893   -12418780.460    25.122
C26    23160376.095   -12642364.553    16058026.125    18958101.471    42.697
C33    25014409.347     9802410.838    11983118.261    23217289.386    20.693
C34    25950307.594      333235.061    17479562.762   -21767741.769    11.308
C38    36259097.817   -20048660.851    37008758.664      454783.111    64.168
C39    36989360.571    -6996713.969    29155144.049    29823232.669    53.648
C40    40209876.348   -19819295.601    20820994.817   -30910243.916    13.941
C42    22521084.653   -10064009.876    19716875.193    17054910.944    54.305
C43    26153177.382    19244091.205    17338924.167   -10423650.574     9.440
C59    37571399.957   -32325207.681    27035334.292     1283936.899    42.718
C60    36409170.895     7293064.491    41512641.757     1292766.708    62.450
2399 345630.000 13
C21    23907196.297   -23016890.833    15715863.021     1694893.465    33.290
C24    21529528.505    -3126796.653    27034626.292     6084240.992    84.827
C25    24572184.702    10542209.223    22698498.575   -12341830.553    25.292
C26    23173872.669   -12649825.713    15993041.920    19008008.081    42.502
C33    25000629.584     9735380.186    12025886.114    23223428.013    20.838
C34    25955928.053      265093.385    17449068.115   -21793087.800    11.254
C38    36259753.938   -20010471.268    37030088.938      376047.319    64.147
C39    36994081.832    -6996025.916    29115628.371    29861671.592    53.563
C40    40205414.399   -19855173.831    20837842.570   -30876327.973    13.988
C42    22514702.833   -10113630.446    19747008.882    16990528.337    54.425
C43    26158894.834    19209579.496    17328108.078   -10505006.440     9.386
C59    37571530.672   -32325296.598    27035401.043     1280714.442    42.716
C60    36409255.340     7293097.443    41512702.551     1289783.517    62.447
2399 345660.000 13
C21    23912380.790   -23022393.060    15717632.731     1600607.983    33.225
C24    21528823.821    -3133193.896    27013764.086     6172636.401    84.913
C25    24556788.177    10540708.597    22740878.839   -12264676.849    25.462
C26    23187417.926   -12657422.616    15927902.378    19057599.895    42.307
C33    24986832.455     9668422.901    12068806.148    23229183.274    20.983
C34    25961496.547      196815.388    17418667.823   -21818074.586    11.200
C38    36260441.996   -19972188.241    37051251.006      297309.713    64.126
C39    36998805.132    -6995511.055    29076111.299    29899968.863    53.479
C40    40200922.486   -19890978.335    20854847.482   -30842264.757    14.035
C42    22508354.838   -10163001.357    19777129.031    16925866.390    54.545
C43    26164601.920    19174795.705    17317240.938   -10586189.151     9.332
C59    37571661.587   -32325385.177    27035468.143     1277485.849    42.715
C60    36409339.530     7293130.668    41512763.247     1286794.154    62.445
2399 345690.000 12
C21    23917620.090   -23027618.651    15719242.093     1506296.114    33.160
C24    21528205.878    -3139646.212    26992612.374     6260929.674    84.990
C25    24541435.863    10539269.243    22782998.913   -12187320.622    25.631
C26    23201011.130   -12665155.850    15862608.861    19106876.092    42.112
C33    24973014.231     9601540.433    12111877.537    23234555.076    21.129
C38    36261161.148   -19933812.505    37072244.457      218570.673    64.104
C39    37003525.294    -6995169.392    29036593.589    29938124.297    53.394
C40    40196405.726   -19926708.428    20872009.230   -30808054.436    14.082
C42    22502037.547   -10212122.096    19807234.192    16860926.164    54.664
C43    26170290.913    19139740.021    17306324.065   -10667197.370     9.278
C59    37571791.392   -32325473.418    27035535.589     1274251.134    42.713
C60    36409424.660     7293164.162    41512823.845     1283798.632    62.442
2399 345720.000 13
C21    23922913.462   -23032568.248    15720689.876     1411959.414    33.094
C24    21527674.034    -3146154.792    26971171.644     6349119.349    85.056
C25    24526133.519    10537890.036    22824858.034   -12109763.146    25.800
C26    23214648.451   -12673025.996    15797162.737    19155835.856    41.918
C33    24959177.755     9534734.225    12155099.448    23239543.333    21.275
C34    25972484.253       59855.288    17358154.096   -21866968.778    11.094
C38    36261912.576   -19895344.800    37093068.885      139830.578    64.081
C39    37008245.959    -6995000.927    28997075.994    29976137.713    53.310
C40    40191858.065   -19962363.428    20889327.490   -30773697.174    14.129
C42    22495754.726   -10260992.158    19837322.918    16795708.726    54.784
C43    26175971.425    19104412.638    17295358.776   -10748029.761     9.224
C59    37571923.244   -32325561.319    27035603.380     1271010.314    42.711
C60    36409509.494     7293197.927    41512884.342     1280796.966    62.440
2399 345750.000 13
C21    23928260.021   -23037242.500    15721974.858     1317599.435    33.028
C24    21527227.778    -3152720.823    26949442.396     6437203.967    85.111
C25    24510874.339    10536569.848    22866455.447   -12032005.700    25.969
C26    23228333.838   -12681033.624    15731565.377    19204478.379    41.723
C33    24945329.895     9468005.718    12198471.036    23244147.964    21.422
C34    25977898.114       -8824.370    17328042.538   -21890875.376    11.042
C38    36262694.642   -19856785.865    37113723.886       61089.806    64.057
C39    37012964.511    -6995005.657    28957559.269    30014008.927    53.225
C40    40187283.192   -19997942.654    20906801.936   -30739193.140    14.176
C42    22489504.586   -10309611.048    19867393.760    16730215.147    54.903
C43    26181636.911    19068813.762    17284346.389   -10828684.992     9.170
C59    37572054.110   -32325648.878    27035671.516     1267763.404    42.710
C60    36409594.158     7293231.962    41512944.738     1277789.169    62.437
2399 345780.000 12
C21    23933663.892   -23041642.068    15723095.819     1223217.735    32.961
C24    21526868.564    -3159345.488    26927425.134     6525182.069    85.155
C25    24495663.033    10535307.546    22907790.406   -11954049.567    26.138
C26    23242063.620   -12689179.302    15665818.156    19252802.854    41.528
C33    24931460.686     9401356.349    12241991.452    23248368.894    21.569
C34    25983259.874      -77635.462    17298029.091   -21914421.114    10.990
C38    36263509.173   -19818136.443    37134209.059      -17651.264    64.033
C39    37017684.187    -6995183.576    28918044.167    30051737.757    53.141
C40    40182683.298   -20033445.426    20924432.237   -30704542.503    14.224
C43    26187295.579    19032943.605    17273288.220   -10909161.735     9.116
C59    37572185.301   -32325736.095    27035739.994     1264510.420    42.708
C60    36409680.230     7293266.265    41513005.029     1274775.257    62.435
2399 345810.000 13
C21    23939119.560   -23045767.619    15724051.544     1128815.869    32.893
C24    21526594.936    -3166029.967    26905120.374     6613052.199    85.187
C25    24480498.385    10534101.993    22948862.172   -11875896.032    26.307
C26    23255839.522   -12697463.585    15599922.455    19300808.483    41.334
C33    24917572.754     9334787.548    12285659.838    23252206.055    21.716
C34    25988576.471     -146576.751    17268114.677   -21937605.602    10.939
C38    36264355.915   -19779397.276    37154524.008      -96392.254    64.008
C39    37022400.541    -6995534.675    28878531.442    30089324.023    53.058
C40    40178052.626   -20068871.065    20942218.060   -30669745.430    14.272
C42    22477107.065   -10406093.377    19927475.980    16598403.873    55.140
C43    26192936.507    18996802.392    17262185.585   -10989458.663     9.063
C59    37572317.589   -32325822.969    27035808.814     1261251.376    42.707
C60    36409764.826     7293300.837    41513065.216     1271755.243    62.432
2399 345840.000 13
C21    23944631.501   -23049619.828    15724840.825     1034395.392    32.825
C24    21526407.894    -3172775.439    26882528.640     6700812.903    85.208
C25    24465376.740    10532952.049    22989670.012   -11797546.384    26.475
C26    23269659.543   -12705887.023    15533879.658    19348494.471    41.140
C33    24903671.015     9268300.741    12329475.326    23255659.387    21.864
C34    25993840.992     -215646.995    17238300.214   -21960428.456    10.888
C38    36265233.296   -19740569.110    37174668.338     -175132.783    63.982
C39    37027117.602    -6996058.941    28839021.849    30126767.543    52.974
C40    40173394.525   -20104218.896    20960159.068   -30634802.092    14.320
C42    22470960.355   -10453955.873    19957484.449    16532088.342    55.258
C43    26198566.157    18960390.353    17251039.800   -11069574.453     9.009
C59    37572448.210   -32325909.496    27035877.974     1257986.289    42.705
C60    36409851.007     7293335.677    41513125.296     1268729.142    62.430
2399 345870.000 13
C21    23950200.221   -23053199.380    15725462.456      939957.862    32.756
C24    21526306.159    -3179583.078    26859650.462     6788462.726    85.216
C25    24450305.593    10531856.568    23030213.206   -11719001.915    26.644
C26    23283524.484   -12714450.159    15467691.152    19395860.030    40.945
C33    24889754.096     9201897.349    12373437.043    23258728.833    22.012
C34    25999051.390     -284844.948    17208586.609   -21982889.300    10.838
C38    36266143.331   -19701652.693    37194641.659     -253872.475    63.956
C39    37031831.957    -6996756.359    28799516.141    30164068.139    52.891
C40    40168709.838   -20139488.243    20978254.922   -30599712.659    14.369
C42    22464847.890   -10501565.309    19987469.214    16465500.999    55.376
C43    26204181.579    18923707.729    17239852.181   -11149507.785     8.956
C59    37572579.258   -32325995.677    27035947.472     1254715.174    42.703
C60    36409937.700     7293370.785    41513185.268     1265696.969    62.427
2399 345900.000 13
C21    23955820.097   -23056506.968    15725915.238      845504.834    32.686
C24    21526290.386    -3186454.056    26836486.382     6876000.219    85.213
C25    24435281.299    10530814.403    23070491.037   -11640263.919    26.812
C26    23297432.626   -12723153.527    15401358.330    19442904.376    40.751
C33    24875814.596     9135578.791    12417544.106    23261414.344    22.160
C34    26004210.876     -354169.357    17178974.766   -22004987.762    10.788
C38    36267083.898   -19662648.772    37214443.583     -332610.948    63.929
C39    37036543.520    -6997626.910    28760015.072    30201225.631    52.807
C40    40163996.697   -20174678.432    20996505.281   -30564477.302    14.418
C42    22458770.052   -10548921.237    20017428.817    16398642.939    55.494
C43    26209783.006    18886754.769    17228624.042   -11229257.342     8.903
C59    37572712.227   -32326081.510    27036017.308     1251438.048    42.702
C60    36410024.092     7293406.160    41513245.130     1262658.738    62.425
2399 345930.000 13
C21    23961498.028   -23059543.293    15726197.976      751037.867    32.616
C24    21526361.340    -3193389.541    26813036.949     6963423.931    85.198
C25    24420305.634    10529824.402    23110502.799   -11561333.696    26.980
C26    23311385.187   -12731997.652    15334882.588    19489626.730    40.557
C33    24861864.103     9069346.476    12461795.625    23263715.879    22.309
C34    26009320.692     -423618.964    17149465.581   -22026723.476    10.739
C38    36268057.916   -19623558.100    37234073.726     -411347.826    63.901
C39    37041255.683    -6998670.570    28720519.396    30238239.840    52.724
C40    40159256.685   -20209788.790    21014909.800   -30529096.192    14.467
C42    22452729.033   -10596023.218    20047361.797    16331515.258    55.611
C43    26215368.347    18849531.731    17217356.698   -11308821.809     8.850
C59    37572845.063   -32326166.994    27036087.479     1248154.925    42.700
C60    36410110.983     7293441.800    41513304.881     1259614.464    62.422
2399 345960.000 13
C21    23967231.714   -23062309.064    15726309.481      656558.516    32.545
C24    21526517.261    -3200390.700    26789302.720     7050732.416    85.171
C25    24405376.970    10528885.409    23150247.794   -11482212.547    27.148
C26    23325380.925   -12740983.055    15268265.327    19536026.321    40.363
C33    24847895.635     9003201.813    12506190.702    23265633.400    22.459
C34    26014373.701     -493192.505    17120059.943   -22048096.083    10.690
C38    36269062.928   -19584381.426    37253531.708     -490082.728    63.872
C39    37045963.505    -6999887.315    28681029.867    30275110.589    52.641
C40    40154490.043   -20244818.647    21033468.130   -30493569.502    14.517
C42    22446723.853   -10642870.820    20077266.692    16264119.059    55.728
C43    26220938.460    18812038.883    17206051.462   -11388199.876     8.798
C59    37572977.417   -32326252.127    27036157.985     1244865.821    42.698
C60    36410198.179     7293477.707    41513364.520     1256564.160    62.420
2399 345990.000 12
C21    23973020.737   -23064805.001    15726248.569      562068.339    32.474
C24    21526758.239    -3207458.693    26765284.261     7137924.228    85.133
C25    24390496.373    10527996.265    23189725.332   -11402901.778    27.316
C26    23339418.990   -12750110.245    15201507.951    19582102.380    40.169
C33    24833912.463     8937146.203    12550728.431    23267166.877    22.608
C38    36270101.089   -19545119.507    37272817.152     -568815.277    63.843
C39    37050671.624    -7001277.116    28641547.237    30311837.701    52.559
C40    40149693.253   -20279767.335    21052179.920   -30457897.404    14.566
C42    22440754.429   -10689463.625    20107142.037    16196455.448    55.844
C43    26226494.122    18774276.501    17194709.646   -11467390.234     8.745
C59    37573109.954   -32326336.908    27036228.824     1241570.753    42.697
C60    36410285.120     7293513.879    41513424.044     1253507.843    62.417
2399 346020.000 12
C21    23978864.017   -23067031.829    15726014.059      467568.894    32.402
C24    21527085.203    -3214594.680    26740982.147     7224997.923    85.083
C25    24375664.414    10527155.806    23228934.730   -11323402.695    27.483
C26    23353499.614   -12759379.726    15134611.867    19627854.145    39.975
C33    24819915.573     8871181.042    12595407.898    23268316.288    22.759
C34    26024332.139     -632706.310    17061562.831   -22089750.569    10.594
C38    36271169.497   -19505773.096    37291929.682     -647545.093    63.813
C39    37055377.631    -7002839.939    28602072.261    30348420.999    52.476
C40    40144871.986   -20314634.184    21071044.818   -30422080.073    14.617
C43    26232032.228    18736244.869    17183332.562   -11546391.579     8.693
C59    37573242.534   -32326421.336    27036299.994     1238269.735    42.695
C60    36410372.767     7293550.315    41513483.452     1250445.525    62.414
2399 346050.000 13
C21    23984763.681   -23068990.282    15725604.778      373061.739    32.330
C24    21527497.139    -3221799.816    26716396.960     7311952.060    85.022
C25    24360882.545    10526362.866    23267875.315   -11243716.610    27.651
C26    23367623.345   -12768791.993    15067578.489    19673280.859    39.781
C33    24805902.063     8805307.723    12640228.182    23269081.614    22.909
C34    26029232.372     -702644.021    17032473.102   -22110031.759    10.547
C38    36272270.597   -19466342.951    37310868.928     -726271.797    63.782
C39    37060081.437    -7004575.750    28562605.690    30384860.307    52.394
C40    40140024.119   -20349418.530    21090062.465   -30386117.683    14.667
C42    22428927.805   -10781883.203    20166798.215    16060330.444    56.076
C43    26237556.916    18697944.282    17171921.521   -11625202.609     8.640
C59    37573375.668   -32326505.409    27036371.495     1234962.784    42.693
C60    36410460.201     7293587.016    41513542.743     1247377.223    62.412
2399 346080.000 13
C21    23990719.866   -23070681.104    15725019.558      278548.431    32.257
C24    21527995.011    -3229075.253    26691529.291     7398785.199    84.951
C25    24346147.876    10525616.276    23306546.421   -11163844.838    27.818
C26    23381786.590   -12778347.534    15000409.230    19718381.772    39.588
C33    24791872.572     8739527.633    12685188.353    23269462.846    23.060
C34    26034076.222     -772700.560    17003490.409   -22129948.464    10.500
C38    36273403.166   -19426829.832    37329634.523     -804995.011    63.750
C39    37064783.570    -7006484.509    28523148.280    30421155.450    52.312
C40    40135145.941   -20384119.707    21109232.504   -30350010.409    14.717
C42    22423070.906   -10827709.182    20196576.112    15991871.285    56.192
C43    26243063.440    18659375.043    17160477.834   -11703822.025     8.588
C59    37573507.993   -32326589.126    27036443.325     1231649.916    42.692
C60    36410547.916     7293623.980    41513601.916     1244302.950    62.409
2399 346110.000 13
C21    23996730.529   -23072105.046    15724257.234      184030.528    32.183
C24    21528577.069    -3236422.141    26666379.741     7485495.902    84.870
C25    24331464.785    10524914.862    23344947.390   -11083788.696    27.985
C26    23395991.647   -12788046.828    14933105.512    19763156.138    39.394
C33    24777830.740     8673842.152    12730287.476    23269459.977    23.212
C34    26038872.005     -842874.637    16974615.608   -22149500.354    10.454
C38    36274568.827   -19387234.497    37348226.102     -883714.355    63.718
C39    37069481.900    -7008566.175    28483700.782    30457306.254    52.230
C40    40130245.119   -20418737.052    21128554.570   -30313758.426    14.768
C42    22417251.215   -10873278.775    20226318.590    15923149.186    56.307
C43    26248555.441    18620537.462    17149002.809   -11782248.532     8.537
C59    37573643.046   -32326672.486    27036515.482     1228331.146    42.690
C60    36410636.395     7293661.207    41513660.968     1241222.721    62.407
2399 346140.000 13
C21    24002800.890   -23073262.867    15723316.649       89509.589    32.108
C24    21529243.896    -3243841.624    26640948.916     7572082.734    84.779
C25    24316831.251    10524257.447    23383077.575   -11003549.504    28.151
C26    23410237.421   -12797890.346    14865668.756    19807603.215    39.201
C33    24763774.371     8608252.657    12775524.604    23269073.010    23.364
C34    26043616.219     -913164.958    16945849.546   -22168687.106    10.408
C38    36275765.554   -19347557.710    37366643.304     -962429.451    63.685
C39    37074178.336    -7010820.702    28444263.949    30493312.546    52.148
C40    40125312.986   -20453269.905    21148028.299   -30277361.912    14.819
C42    22411469.966   -10918591.606    20256024.177    15854165.275    56.422
C43    26254026.900    18581431.860    17137497.754   -11860480.837     8.485
C59    37573776.814   -32326755.488    27036587.965     1225006.490    42.689
C60    36410725.331     7293698.696    41513719.899     1238136.551    62.404
2399 346170.000 13
C21    24008923.527   -23074155.334    15722196.650       -5012.828    32.034
C24    21529995.649    -3251334.845    26615237.434     7658544.261    84.680
C25    24302246.829    10523642.852    23420936.333   -10923128.586    28.318
C26    23424523.071   -12807878.553    14798100.390    19851722.270    39.007
C33    24749704.469     8542760.518    12820898.787    23268301.953    23.516
C34    26048307.934     -983570.222    16917193.065   -22187508.403    10.363
C38    36276995.445   -19307800.233    37384885.773    -1041139.920    63.652
C39    37078873.630    -7013248.041    28404838.533    30529174.151    52.066
C40    40120355.093   -20487717.605    21167653.322   -30240821.042    14.871
C42    22405726.977   -10963647.311    20285691.402    15784920.686    56.536
C43    26259484.525    18542058.567    17125963.976   -11938517.652     8.433
C59    37573911.277   -32326838.130    27036660.772     1221675.965    42.687
C60    36410814.393     7293736.446    41513778.706     1235044.455    62.402
2399 346200.000 13
C21    24015106.745   -23074783.224    15720896.090      -99535.166    31.958
C24    21530831.458    -3258902.940    26589245.919     7744879.051    84.571
C25    24287712.727    10523069.892    23458523.034   -10842527.268    28.484
C26    23438849.113   -12818011.905    14730401.843    19895512.571    38.814
C33    24735620.179     8477367.102    12866409.065    23267146.821    23.669
C34    26052942.691    -1054089.125    16888647.000   -22205963.932    10.319
C38    36278256.557   -19267962.832    37402953.153    -1119845.384    63.618
C39    37083565.126    -7015848.141    28365425.288    30564890.898    51.985
C40    40115373.027   -20522079.494    21187429.268   -30204135.995    14.923
C42    22400023.817   -11008445.537    20315318.790    15715416.555    56.650
C43    26264922.275    18502417.920    17114402.782   -12016357.689     8.382
C59    37574045.876   -32326920.410    27036733.903     1218339.586    42.685
C60    36410902.900     7293774.458    41513837.388     1231946.448    62.399
2399 346230.000 13
C21    24021344.181   -23075147.319    15719413.827     -194055.866    31.882
C24    21531753.199    -3266547.045    26562975.003     7831085.675    84.455
C25    24273229.327    10522537.381    23495837.052   -10761746.879    28.651
C26    23453215.332   -12828290.848    14662574.550    19938973.396    38.621
C33    24721523.585     8412073.768    12912054.470    23265607.633    23.822
C34    26057525.736    -1124720.357    16860212.177   -22224053.389    10.274
C38    36279548.809   -19228046.273    37420845.095    -1198545.463    63.583
C39    37088253.689    -7018620.945    28326024.964    30600462.614    51.904
C40    40110362.801   -20556354.916    21207355.764   -30167306.950    14.975
C42    22394360.297   -11052985.937    20344904.867    15645654.023    56.763
C43    26270344.278    18462510.266    17102815.476   -12093999.668     8.331
C59    37574180.734   -32327002.329    27036807.356     1214997.369    42.684
C60    36410992.312     7293812.730    41513895.945     1228842.544    62.396
2399 346260.000 11
C24    21532758.406    -3274268.291    26536425.329     7917162.705    84.331
C25    24258798.272    10522044.130    23532877.772   -10680788.753    28.816
C26    23467619.644   -12838715.824    14594619.947    19982104.026    38.428
C33    24707411.018     8346881.872    12957834.027    23263684.418    23.975
C38    36280874.553   -19188051.325    37438561.249    -1277239.778    63.547
C39    37092940.697    -7021566.396    28286638.313    30635889.129    51.823
C40    40105324.855   -20590543.216    21227432.432   -30130334.085    15.027
C42    22388735.191   -11097268.175    20374448.159    15575634.237    56.876
C43    26275744.358    18422335.962    17091203.360   -12171442.307     8.280
C59    37574314.115   -32327083.884    27036881.128     1211649.330    42.682
C60    36411081.126     7293851.261    41513954.373     1225732.758    62.394
2399 346290.000 13
C21    24033986.851   -23075087.301    15715899.654     -383086.119    31.728
C24    21533847.620    -3282067.804    26509597.544     8003108.717    84.200
C25    24244415.300    10521588.945    23569644.588   -10599654.225    28.982
C26    23482062.431   -12849287.263    14526539.476    20024903.747    38.236
C33    24693288.859     8281792.762    13003746.754    23261377.208    24.129
C34    26066533.935    -1266314.544    16803679.533   -22259132.893    10.188
C38    36282230.835   -19147978.758    37456101.274    -1355927.952    63.511
C39    37097622.600    -7024684.431    28247266.088    30671170.273    51.742
C40    40100261.661   -20624643.741    21247658.892   -30093217.580    15.079
C42    22383150.833   -11141291.924    20403947.189    15505358.346    56.989
C43    26281128.742    18381895.372    17079567.739   -12248684.332     8.229
C59    37574450.243   -32327165.074    27036955.220     1208295.485    42.680
C60    36411171.436     7293890.052    41514012.673     1222617.105    62.391
2399 346320.000 13
C21    24040395.758   -23074664.797    15713865.488     -477592.556    31.650
C24    21535021.458    -3289946.708    26482492.308     8088922.287    84.063
C25    24230085.285    10521170.631    23606136.900   -10518344.632    29.148
C26    23496542.565   -12860005.590    14458334.580    20067371.851    38.043
C33    24679152.044     8216807.783    13049791.662    23258686.043    24.284
C34    26070955.271    -1337274.856    16775583.330   -22276122.359    10.145
C38    36283621.577   -19107829.342    37473464.827    -1434609.605    63.473
C39    37102302.459    -7027974.986    28207909.039    30706305.875    51.662
C40    40095172.257   -20658655.839    21268034.763   -30055957.615    15.132
C42    22377607.488   -11185056.868    20433400.479    15434827.505    57.101
C43    26286487.983    18341188.869    17067909.911   -12325724.470     8.178
C59    37574585.765   -32327245.898    27037029.629     1204935.851    42.679
C60    36411261.334     7293929.101    41514070.841     1219495.599    62.389
2399 346350.000 13
C21    24046860.111   -23073981.712    15711645.109     -572091.123    31.571
C24    21536279.103    -3297906.123    26455110.285     8174601.994    83.920
C25    24215809.017    10520787.989    23642354.118   -10436861.317    29.313
C26    23511061.187   -12870871.220    14390006.707    20109507.638    37.851
C33    24665002.136     8151928.271    13095967.754    23255610.969    24.439
C34    26075325.728    -1408342.208    16747601.609   -22292744.591    10.103
C38    36285044.185   -19067603.850    37490651.571    -1513284.358    63.436
C39    37106979.727    -7031437.991    28168567.918    30741295.767    51.581
C40    40090055.301   -20692578.861    21288559.658   -30018554.373    15.185
C42    22372104.649   -11228562.699    20462806.551    15364042.871    57.212
C43    26291833.253    18300216.834    17056231.177   -12402561.450     8.128
C59    37574721.495   -32327326.355    27037104.354     1201570.443    42.677
C60    36411350.410     7293968.408    41514128.878     1216368.257    62.386
2399 346380.000 11
C24    21537620.032    -3305947.163    26427452.151     8260146.419    83.771
C25    24201582.912    10520439.815    23678295.660   -10355205.624    29.478
C26    23525617.398   -12881884.562    14321557.306    20151310.409    37.658
C33    24650843.532     8087155.561    13142274.024    23252152.039    24.594
C38    36286497.176   -19027303.057    37507661.173    -1591951.833    63.397
C39    37111653.550    -7035073.376    28129243.474    30776139.780    51.501
C40    40084913.591   -20726412.157    21309233.189   -29981008.034    15.239
C42    22366643.419   -11271809.118    20492163.926    15293005.607    57.323
C43    26297152.129    18258979.661    17044532.834   -12479194.007     8.078
C59    37574856.825   -32327406.443    27037179.393     1198199.277    42.675
C60    36411442.549     7294007.972    41514186.781     1213235.092    62.383
2399 346410.000 13
C21    24059961.962   -23071837.109    15706641.264     -761058.416    31.412
C24    21539043.628    -3314070.941    26399518.586     8345554.146    83.616
C25    24187407.488    10520124.907    23713960.954   -10273378.899    29.643
C26    23540211.000   -12893046.014    14252987.833    20192779.475    37.466
C33    24636672.420     8022490.979    13188709.461    23248309.312    24.749
C34    26083904.070    -1550792.696    16691984.769   -22324886.257    10.021
C38    36287983.346   -18986927.738    37524493.302    -1670611.651    63.358
C39    37116322.731    -7038881.065    28089936.459    30810837.746    51.421
C40    40079744.293   -20760155.083    21330054.966   -29943318.781    15.292
C42    22361223.723   -11314795.836    20521471.126    15221716.880    57.434
C43    26302459.778    18217477.747    17032816.179   -12555620.878     8.028
C59    37574993.476   -32327486.161    27037254.745     1194822.370    42.674
C60    36411532.572     7294047.793    41514244.548     1210096.120    62.381
2399 346440.000 13
C21    24066597.018   -23070377.260    15703855.588     -855524.025    31.332
C24    21540551.422    -3322278.564    26371310.281     8430823.761    83.457
C25    24173285.734    10519842.055    23749349.433   -10191382.493    29.807
C26    23554839.240   -12904355.968    14184299.743    20233914.149    37.274
C33    24622489.994     7957935.846    13235273.046    23244082.852    24.905
C34    26088113.157    -1622173.149    16664351.212   -22340405.157     9.980
C38    36289501.101   -18946478.670    37541147.631    -1749263.433    63.318
C39    37120989.005    -7042860.980    28050647.622    30845389.499    51.341
C40    40074546.868   -20793806.993    21351024.594   -29905486.797    15.346
C42    22355845.788   -11357522.575    20550726.668    15150177.861    57.544
C43    26307739.639    18175711.501    17021082.507   -12631840.803     7.978
C59    37575129.058   -32327565.509    27037330.409     1191439.738    42.672
C60    36411624.241     7294087.869    41514302.179     1206951.356    62.378
2399 346470.000 12
C21    24073290.474   -23068660.174    15700879.281     -949975.535    31.251
C24    21542141.876    -3330571.136    26342827.934     8515953.852    83.294
C25    24159216.345    10519590.049    23784460.543   -10109217.759    29.972
C26    23569504.977   -12915814.808    14115494.497    20274713.752    37.083
C33    24608292.670     7893491.477    13281963.752    23239472.731    25.062
C34    26092265.412    -1693655.280    16636835.260   -22355555.759     9.940
C39    37125651.401    -7047013.039    28011377.712    30879794.872    51.262
C40    40069325.763   -20827367.244    21372141.676   -29867512.266    15.400
C42    22350510.844   -11399989.065    20579929.073    15078389.723    57.653
C43    26313005.564    18133681.340    17009333.111   -12707852.528     7.929
C59    37575265.256   -32327644.484    27037406.383     1188051.396    42.670
C60    36411715.542     7294128.200    41514359.672     1203800.814    62.375
2399 346500.000 13
C21    24080042.545   -23066686.706    15697711.252    -1044411.386    31.170
C24    21543814.967    -3338949.757    26314072.253     8600943.009    83.126
C25    24145201.972    10519367.676    23819293.734   -10026886.051    30.136
C26    23584204.857   -12927422.909    14046573.557    20315177.609    36.891
C33    24594090.466     7829159.182    13328780.546    23234479.026    25.219
C34    26096368.263    -1765237.735    16609437.676   -22370337.810     9.901
C38    36292633.077   -18865362.403    37573921.597    -1906541.377    63.237
C39    37130310.448    -7051337.158    27972127.480    30914053.700    51.182
C40    40064079.326   -20860835.195    21393405.813   -29829395.372    15.455
C42    22345217.788   -11442195.045    20609076.858    15006353.647    57.762
C43    26318243.354    18091387.691    16997569.282   -12783654.798     7.879
C59    37575402.906   -32327723.085    27037482.665     1184657.362    42.669
C60    36411807.127     7294168.786    41514417.025     1200644.511    62.373
2399 346530.000 13
C21    24086849.346   -23064457.718    15694350.418    -1138830.023    31.087
C24    21545571.970    -3347415.521    26285043.950     8685789.825    82.954
C25    24131238.422    10519173.719    23853848.469    -9944388.729    30.300
C26    23598940.636   -12939180.639    13977538.390    20355305.051    36.699
C33    24579873.294     7764940.265    13375722.388    23229101.822    25.376
C34    26100414.320    -1836919.157    16582159.214   -22384751.065     9.862
C38    36294248.789   -18824696.765    37590040.597    -1985166.782    63.195
C39    37134965.801    -7055833.248    27932897.674    30948165.818    51.103
C40    40058804.776   -20894210.207    21414816.603   -29791136.302    15.509
C42    22339968.411   -11484140.265    20638168.542    14934070.815    57.871
C43    26323460.802    18048830.988    16985792.311   -12859246.366     7.830
C59    37575540.095   -32327801.313    27037559.254     1181257.652    42.667
C60    36411897.015     7294209.625    41514474.238     1197482.460    62.370
2399 346560.000 13
C21    24093715.961   -23061974.081    15690795.700    -1233229.889    31.005
C24    21547410.379    -3355969.521    26255743.749     8770492.894    82.779
C25    24117328.783    10519006.960    23888124.216    -9861727.153    30.463
C26    23613711.374   -12951088.355    13908390.465    20395095.415    36.508
C33    24565647.509     7700836.023    13422788.228    23223341.209    25.534
C34    26104405.281    -1908698.186    16555000.623   -22398795.285     9.824
C38    36295894.101   -18783960.501    37605980.523    -2063782.636    63.152
C39    37139616.954    -7060501.219    27893689.042    30982131.061    51.024
C40    40053506.298   -20927491.641    21436373.641   -29752735.239    15.564
C42    22334760.951   -11525824.483    20667202.642    14861542.414    57.978
C43    26328658.527    18006011.675    16974003.485   -12934625.985     7.781
C59    37575674.162   -32327879.164    27037636.149     1177852.281    42.665
C60    36411988.900     7294250.718    41514531.307     1194314.677    62.367
2399 346590.000 13
C21    24100637.688   -23059236.672    15687046.028    -1327609.427    30.921
C24    21549331.797    -3364612.843    26226172.381     8855050.814    82.601
C25    24103472.567    10518866.177    23922120.453    -9778902.687    30.627
C26    23628514.780   -12963146.409    13839131.254    20434548.044    36.317
C33    24551411.872     7636847.748    13469977.012    23217197.284    25.692
C34    26108342.723    -1980573.456    16527962.644   -22412470.238     9.786
C38    36297573.023   -18743154.396    37621741.064    -2142388.562    63.109
C39    37144263.818    -7065340.975    27854502.333    31015949.265    50.945
C40    40048180.335   -20960678.862    21458076.519   -29714192.372    15.620
C42    22329597.993   -11567247.468    20696177.675    14788769.635    58.086
C43    26333831.151    17962930.202    16962204.091   -13009792.413     7.733
C59    37575813.345   -32327956.638    27037713.348     1174441.266    42.663
C60    36412081.736     7294292.063    41514588.233     1191141.177    62.365
2399 346620.000 13
C21    24107619.568   -23056246.378    15683100.335    -1421967.082    30.838
C24    21551335.489    -3373346.571    26196330.583     8939462.185    82.420
C25    24089670.547    10518750.146    23955836.668    -9695916.698    30.790
C26    23643354.616   -12975355.143    13769762.230    20473662.285    36.126
C33    24537164.975     7572976.727    13517287.678    23210670.149    25.851
C34    26112228.902    -2052543.596    16501046.009   -22425775.697     9.749
C38    36299284.526   -18702279.233    37637321.914    -2220984.182    63.065
C39    37148906.591    -7070352.418    27815338.295    31049620.269    50.867
C40    40042829.055   -20993771.236    21479924.825   -29675507.886    15.675
C42    22324480.029   -11608408.996    20725092.157    14715753.673    58.192
C43    26338983.421    17919587.032    16950395.413   -13084744.412     7.684
C59    37575948.872   -32328033.734    27037790.849     1171024.623    42.662
C60    36412173.375     7294333.659    41514645.013     1187961.975    62.362
2399 346650.000 13
C21    24114660.666   -23053004.093    15678957.563    -1516301.297    30.753
C24    21553420.765    -3382171.782    26166219.102     9023725.609    82.236
C25    24075924.834    10518657.641    23989272.355    -9612770.556    30.953
C26    23658227.313   -12987714.892    13700284.872    20512437.492    35.935
C33    24522911.165     7509224.239    13564719.157    23203759.914    26.010
C34    26116053.897    -2124607.232    16474251.446   -22438711.440     9.712
C38    36301028.189   -18661335.801    37652722.770    -2299569.116    63.021
C39    37153544.836    -7075535.448    27776197.674    31083143.910    50.789
C40    40037450.733   -21026768.131    21501918.147   -29636681.971    15.731
C42    22319406.289   -11649308.856    20753944.606    14642495.729    58.298
C43    26344111.167    17875982.633    16938578.734   -13159480.747     7.636
C59    37576087.068   -32328110.451    27037868.651     1167602.369    42.660
C60    36412266.172     7294375.506    41514701.647     1184777.087    62.359
2399 346680.000 13
C21    24121759.218   -23049510.716    15674616.657    -1610610.518    30.668
C24    21555588.418    -3391089.552    26135838.692     9107839.691    82.049
C25    24062230.076    10518587.433    24022427.019    -9529465.631    31.115
C26    23673132.996   -13000225.983    13630700.659    20550873.025    35.744
C33    24508648.086     7445591.557    13612270.372    23196466.695    26.169
C34    26119828.455    -2196762.984    16447579.672   -22451277.253     9.676
C38    36302803.775   -18620324.887    37667943.332    -2378142.987    62.976
C39    37158178.539    -7080889.960    27737081.217    31116520.026    50.710
C40    40032048.666   -21059668.915    21524056.068   -29597714.813    15.787
C42    22314378.083   -11689946.845    20782733.538    14568997.003    58.404
C43    26349218.761    17832117.484    16926755.333   -13234000.186     7.588
C59    37576225.189   -32328186.787    27037946.753     1164174.520    42.658
C60    36412359.043     7294417.604    41514758.132     1181586.528    62.357
2399 346710.000 13
C21    24128913.837   -23045767.156    15670076.572    -1704893.190    30.582
C24    21557837.508    -3400100.949    26105190.115     9191803.037    81.860
C25    24048593.342    10518538.290    24055300.172    -9446003.300    31.277
C26    23688072.682   -13012888.731    13561011.076    20588968.248    35.554
C33    24494374.302     7382079.950    13659940.240    23188790.614    26.329
C34    26123547.662    -2269009.471    16421031.399   -22463472.928     9.640
C38    36304611.361   -18579247.280    37682983.304    -2456705.417    62.930
C39    37162808.687    -7086415.847    27697989.671    31149748.456    50.632
C40    40026621.927   -21092472.961    21546338.170   -29558606.603    15.843
C42    22309395.002   -11730322.767    20811457.468    14495258.705    58.508
C43    26354300.189    17787992.071    16914926.490   -13308301.501     7.540
C59    37576362.401   -32328262.742    27038025.153     1160741.093    42.657
C60    36412451.326     7294459.951    41514814.467     1178390.313    62.354
2399 346740.000 13
C21    24136126.134   -23041774.330    15665336.266    -1799147.758    30.496
C24    21560167.968    -3409207.039    26074274.141     9275614.258    81.668
C25    24035011.339    10518508.979    24087891.335    -9362384.938    31.439
C26    23703041.998   -13025703.448    13491217.606    20626722.531    35.364
C33    24480095.144     7318690.678    13707727.671    23180731.798    26.489
C34    26127213.410    -2341345.305    16394607.329   -22475298.262     9.605
C38    36306451.970   -18538103.773    37697842.394    -2535256.026    62.884
C39    37167432.878    -7092112.996    27658923.782    31182829.041    50.555
C40    40021166.426   -21125179.641    21568764.031   -29519357.531    15.900
C42    22304456.681   -11770436.441    20840114.912    14421282.044    58.613
C43    26359353.225    17743606.889    16903093.480   -13382383.468     7.493
C59    37576500.425   -32328338.314    27038103.849     1157302.104    42.655
C60    36412545.523     7294502.546    41514870.651     1175188.456    62.351
2399 346770.000 12
C21    24143398.658   -23037533.161    15660394.706    -1893372.668    30.409
C24    21562579.260    -3418408.882    26043091.549     9359271.965    81.475
C25    24021483.107    10518498.263    24120200.038    -9278611.926    31.601
C26    23718044.575   -13038670.435    13421321.738    20664135.252    35.174
C33    24465803.291     7255424.997    13755631.569    23172290.383    26.650
C38    36308324.929   -18496895.155    37712520.311    -2613794.437    62.836
C39    37172053.941    -7097981.295    27619884.294    31215761.620    50.477
C40    40015687.085   -21157788.331    21591333.226   -29479967.786    15.957
C42    22299565.343   -11810287.689    20868704.387    14347068.235    58.716
C43    26364387.714    17698962.442    16891257.578   -13456244.866     7.445
C59    37576638.148   -32328413.501    27038182.841     1153857.569    42.653
C60    36412638.928     7294545.389    41514926.682     1171980.975    62.348
2399 346800.000 13
C21    24150728.147   -23033044.579    15655250.863    -1987566.367    30.322
C24    21565072.054    -3427707.536    26011643.123     9442774.772    81.280
C25    24008009.612    10518504.904    24152225.821    -9194685.646    31.763
C26    23733078.275   -13051789.984    13351324.962    20701205.792    34.984
C33    24451508.520     7192284.156    13803650.829    23163466.509    26.811
C34    26134375.390    -2486279.443    16342134.578   -22497837.126     9.536
C38    36310229.301   -18455622.222    37727016.771    -2692320.271    62.789
C39    37176668.101    -7104020.625    27580871.953    31248546.036    50.400
C40    40010184.221   -21190298.407    21614045.328   -29440437.559    16.014
C42    22294719.817   -11849876.349    20897224.409    14272618.498    58.819
C43    26369393.800    17654059.243    16879420.056   -13529884.477     7.398
C59    37576778.256   -32328488.304    27038262.125     1150407.505    42.652
C60    36412732.777     7294588.480    41514982.559     1168767.883    62.346
2399 346830.000 13
C21    24158116.083   -23028309.523    15649903.716    -2081727.301    30.234
C24    21567644.990    -3437104.052    25979929.657     9526121.298    81.083
C25    23994592.642    10518527.662    24183968.230    -9110607.483    31.924
C26    23748142.288   -13065062.381    13281228.772    20737933.538    34.794
C33    24437207.091     7129269.397    13851784.341    23154260.325    26.972
C34    26137872.836    -2558874.954    16316087.265   -22508550.282     9.503
C38    36312165.687   -18414285.767    37741331.491    -2770833.151    62.740
C39    37181278.684    -7110230.867    27541887.504    31281182.130    50.323
C40    40004655.168   -21222709.248    21636899.908   -29400767.043    16.071
C42    22289921.494   -11889202.263    20925673.493    14197934.055    58.921
C43    26374378.562    17608897.813    16867582.184   -13603301.090     7.352
C59    37576916.105   -32328562.720    27038341.702     1146951.929    42.650
C60    36412827.034     7294631.817    41515038.281     1165549.196    62.343
2399 346860.000 13
C21    24165562.488   -23023328.938    15644352.251    -2175853.919    30.145
C24    21570299.214    -3446599.476    25947951.952     9609310.161    80.884
C25    23981231.767    10518565.294    24215426.823    -9026378.825    32.085
C26    23763237.985   -13078487.901    13211034.662    20774317.884    34.604
C33    24422893.461     7066381.956    13900030.987    23144671.982    27.134
C34    26141316.119    -2631554.222    16290166.894   -22518892.348     9.470
C38    36314135.423   -18372886.586    37755464.191    -2849332.699    62.691
C39    37185883.256    -7116611.895    27502931.689    31313669.745    50.246
C40    39999100.348   -21255020.235    21659896.533   -29360956.431    16.129
C42    22285169.811   -11928265.286    20954050.156    14123016.133    59.022
C43    26379340.134    17563478.682    16855745.228   -13676493.493     7.305
C59    37577055.727   -32328636.749    27038421.568     1143490.856    42.648
C60    36412921.401     7294675.400    41515093.845     1162324.930    62.340
2399 346890.000 13
C21    24173066.526   -23018103.777    15638595.459    -2269944.669    30.056
C24    21573033.923    -3456194.851    25915710.817     9692339.984    80.684
C25    23967927.587    10518616.556    24246601.163    -8942001.062    32.245
C26    23778364.306   -13092066.813    13140744.131    20810358.229    34.415
C33    24408576.186     7003623.064    13948389.644    23134701.641    27.296
C34    26144705.981    -2704315.840    16264374.131   -22528863.152     9.437
C38    36316136.425   -18331425.477    37769414.598    -2927818.536    62.642
C39    37190484.857    -7123163.583    27464005.253    31346008.723    50.169
C40    39993520.939   -21287230.751    21683034.767   -29321005.914    16.187
C42    22280466.100   -11967065.282    20982352.914    14047865.961    59.123
C43    26384271.459    17517802.387    16843910.455   -13749460.481     7.259
C59    37577195.217   -32328710.390    27038501.724     1140024.305    42.646
C60    36413015.433     7294719.227    41515149.252     1159095.100    62.338
2399 346920.000 13
C21    24180630.941   -23012635.001    15632632.338    -2363997.998    29.967
C24    21575848.920    -3465891.215    25883207.068     9775209.393    80.482
C25    23954678.461    10518680.199    24277490.825    -8857475.586    32.406
C26    23793518.152   -13105799.376    13070358.678    20846053.977    34.226
C33    24394250.688     6940993.943    13996859.180    23124349.468    27.459
C34    26148038.059    -2777158.397    16238709.634   -22538462.528     9.405
C38    36318170.228   -18289903.237    37783182.438    -3006290.284    62.591
C39    37195078.198    -7129885.801    27425108.937    31378198.910    50.092
C40    39987914.111   -21319340.180    21706314.173   -29280915.687    16.245
C42    22275810.143   -12005602.122    21010580.283    13972484.775    59.223
C43    26389180.374    17471869.476    16832079.126   -13822200.851     7.213
C59    37577335.157   -32328783.640    27038582.166     1136552.290    42.645
C60    36413110.912     7294763.299    41515204.498     1155859.721    62.335
2399 346950.000 13
C21    24188252.903   -23006923.575    15626461.893    -2458012.356    29.876
C24    21578742.968    -3475689.601    25850441.529     9857917.013    80.279
C25    23941486.922    10518754.977    24308095.391    -8772803.791    32.566
C26    23808702.874   -13119685.843    12999879.806    20881404.539    34.037
C33    24379919.040     6878495.810    14045438.459    23113615.636    27.622
C34    26151314.466    -2850080.479    16213174.052   -22547690.316     9.374
C38    36320236.292   -18248320.665    37796767.444    -3084747.566    62.540
C39    37199668.416    -7136778.414    27386243.485    31410240.150    50.016
C40    39982286.247   -21351347.907    21729734.310   -29240685.944    16.304
C42    22271201.871   -12043875.691    21038730.781    13896873.812    59.322
C43    26394058.751    17425680.503    16820252.502   -13894713.404     7.167
C59    37577474.266   -32328856.501    27038662.895     1133074.829    42.643
C60    36413204.885     7294807.614    41515259.583     1152618.810    62.332
2399 346980.000 13
C21    24195932.006   -23000970.475    15620083.136    -2551986.193    29.785
C24    21581717.715    -3485591.036    25817415.033     9940461.477    80.075
C25    23928352.577    10518839.638    24338414.452    -8687987.077    32.725
C26    23823916.109   -13133726.454    12929309.019    20916409.332    33.848
C33    24365582.408     6816129.877    14094126.336    23102500.323    27.786
C34    26154538.442    -2923080.667    16187768.028   -22556546.362     9.343
C38    36322334.790   -18206678.564    37810169.351    -3163190.003    62.489
C39    37204252.242    -7143841.286    27347409.637    31442132.288    49.940
C40    39976630.728   -21383253.323    21753294.734   -29200316.880    16.362
C42    22266642.843   -12081885.880    21066802.926    13821034.314    59.420
C43    26398909.810    17379236.032    16808431.841   -13966996.946     7.121
C59    37577614.424   -32328928.969    27038743.907     1129591.938    42.641
C60    36413300.436     7294852.171    41515314.505     1149372.380    62.329
2399 347010.000 11
C24    21584771.257    -3495596.544    25784128.418    10022841.417    79.870
C25    23915274.573    10518932.929    24368447.610    -8603026.842    32.885
C26    23839158.593   -13147921.446    12858647.823    20951067.776    33.660
C33    24351240.873     6753897.346    14142921.661    23091003.714    27.950
C38    36324465.519   -18164977.733    37823387.897    -3241617.218    62.437
C39    37208830.435    -7151074.276    27308608.135    31473875.170    49.864
C40    39970951.720   -21415055.816    21776995.000   -29159808.691    16.422
C42    22262133.448   -12119632.590    21094795.234    13744967.527    59.518
C43    26403738.158    17332536.636    16796618.397   -14039050.286     7.076
C59    37577754.246   -32329001.044    27038825.202     1126103.635    42.640
C60    36413395.514     7294896.971    41515369.263     1146120.449    62.327
2399 347040.000 13
C21    24211469.648   -22988343.186    15606696.766    -2739806.108    29.602
C24    21587904.752    -3505707.143    25750582.531    10105055.468    79.664
C25    23902255.208    10519033.596    24398194.472    -8517924.488    33.044
C26    23854427.705   -13162271.045    12787897.728    20985379.300    33.471
C33    24336891.943     6691799.414    14191823.276    23079126.001    28.114
C34    26160814.110    -3069309.665    16137347.186   -22573142.646     9.282
C38    36326627.482   -18123218.976    37836422.825    -3320028.834    62.384
C39    37213402.098    -7158477.241    27269839.718    31505468.643    49.789
C40    39965249.064   -21446754.780    21800834.660   -29119161.573    16.481
C42    22257671.457   -12157115.733    21122706.224    13668674.699    59.614
C43    26408538.983    17285582.895    16784813.424   -14110872.236     7.031
C59    37577893.927   -32329072.725    27038906.778     1122609.936    42.638
C60    36413491.836     7294942.011    41515423.855     1142863.031    62.324
2399 347070.000 12
C21    24219326.196   -22981670.982    15599687.209    -2833649.088    29.509
C24    21591116.583    -3515923.846    25716778.226    10187102.269    79.457
C25    23889292.833    10519140.382    24427654.657    -8432681.421    33.202
C26    23869725.523   -13176775.468    12717060.243    21019343.337    33.283
C33    24322540.029     6629837.273    14240830.019    23066867.381    28.279
C34    26163870.743    -3142535.619    16112333.614   -22580882.606     9.253
C38    36328822.791   -18081403.098    37849273.880    -3398424.472    62.330
C39    37217969.510    -7166050.035    27231105.127    31536912.556    49.713
C40    39959517.888   -21478349.608    21824813.261   -29078375.723    16.540
C42    22253259.983   -12194335.230    21150534.415    13592157.084    59.710
C59    37578033.565   -32329144.012    27038988.633     1119110.857    42.636
C60    36413587.783     7294987.291    41515478.280     1139600.142    62.321
2399 347100.000 12
C21    24227241.145   -22974761.071    15592465.453    -2927445.354    29.416
C24    21594407.281    -3526247.662    25682716.366    10268980.461    79.248
C25    23876387.186    10519252.031    24456827.792    -8347299.047    33.361
C26    23885049.317   -13191434.924    12646136.882    21052959.327    33.095
C33    24308183.254     6568012.105    14289940.720    23054228.057    28.444
C34    26166867.795    -3215833.968    16087452.093   -22588250.272     9.224
C38    36331050.517   -18039530.902    37861940.812    -3476803.756    62.276
C39    37222530.133    -7173792.507    27192405.101    31568206.755    49.638
C40    39953766.775   -21509839.696    21848930.350   -29037451.339    16.600
C42    22248898.715   -12231291.010    21178278.327    13515415.939    59.805
C59    37578175.863   -32329214.902    27039070.766     1115606.415    42.634
C60    36413683.616     7295032.811    41515532.537     1136331.797    62.318
2399 347130.000 12
C21    24235215.145   -22967614.465    15585030.545    -3021193.358    29.323
C24    21597776.889    -3536679.593    25648397.820    10350688.688    79.040
C25    23863541.237    10519367.282    24485713.512    -8261778.775    33.519
C26    23900400.609   -13206249.614    12575129.158    21086226.714    32.908
C33    24293820.560     6506325.089    14339154.201    23041208.241    28.610
C34    26169811.249    -3289203.275    16062703.225   -22595245.519     9.196
C38    36333309.478   -17997603.196    37874423.374    -3555166.307    62.222
C39    37227084.029    -7181704.504    27153740.377    31599351.089    49.563
C40    39947988.068   -21541224.444    21873185.470   -28996388.619    16.660
C42    22244587.075   -12267983.014    21205936.479    13438452.524    59.900
C59    37578316.824   -32329285.395    27039153.175     1112096.627    42.633
C60    36413780.772     7295078.569    41515586.624     1133058.013    62.316
2399 347160.000 12
C21    24243247.268   -22960232.179    15577381.537    -3114891.556    29.228
C24    21601224.444    -3547220.638    25613823.464    10432225.597    78.830
C25    23850752.727    10519484.874    24514311.462    -8176122.018    33.677
C26    23915779.687   -13221219.732    12504038.588    21119144.949    32.720
C33    24279456.979     6444777.393    14388469.282    23027808.148    28.776
C34    26172699.960    -3362642.098    16038087.607   -22601868.231     9.168
C38    36335600.692   -17955620.787    37886721.321    -3633511.747    62.167
C39    37231633.672    -7189785.871    27115111.694    31630345.410    49.488
C40    39942186.465   -21572503.250    21897578.163   -28955187.762    16.721
C42    22240326.914   -12304411.190    21233507.392    13361268.103    59.993
C59    37578457.305   -32329355.489    27039235.859     1108581.511    42.631
C60    36413877.239     7295124.565    41515640.540     1129778.805    62.313
2399 347190.000 12
C21    24251339.722   -22952615.238    15569517.487    -3208538.401    29.133
C24    21604750.907    -3557871.790    25578994.183    10513589.838    78.620
C25    23838021.364    10519603.544    24542621.295    -8090330.188    33.834
C26    23931183.633   -13236345.460    12432866.691    21151713.489    32.533
C33    24265086.342     6383370.182    14437884.772    23014028.002    28.942
C34    26175530.162    -3436148.994    16013605.827   -22608118.297     9.141
C38    36337925.838   -17913584.483    37898834.414    -3711839.701    62.111
C39    37236175.810    -7198036.447    27076519.789    31661189.566    49.413
C40    39936363.778   -21603675.518    21922107.966   -28913848.968    16.781
C42    22236117.493   -12340575.498    21260989.587    13283863.944    60.086
C59    37578598.397   -32329425.185    27039318.816     1105061.082    42.629
C60    36413974.904     7295170.798    41515694.283     1126494.188    62.310
2399 347220.000 12
C21    24259490.931   -22944764.671    15561437.463    -3302132.350    29.038
C24    21608354.343    -3568634.037    25543910.868    10594780.062    78.408
C25    23825349.407    10519722.028    24570642.673    -8004404.703    33.991
C26    23946611.756   -13251626.974    12361614.986    21183931.796    32.346
C33    24250714.742     6322104.612    14487399.476    22999868.030    29.109
C34    26178304.232    -3509722.517    15989258.464   -22613995.613     9.115
C38    36340281.738   -17871495.093    37910762.416    -3790149.790    62.054
C39    37240711.775    -7206456.070    27037965.397    31691883.409    49.339
C40    39930510.996   -21634740.651    21946774.415   -28872372.436    16.842
C42    22231959.333   -12376475.905    21288381.589    13206241.318    60.177
C59    37578739.976   -32329494.480    27039402.044     1101535.358    42.627
C60    36414071.545     7295217.267    41515747.853     1123204.178    62.307
2399 347250.000 12
C21    24267699.900   -22936681.516    15553140.538    -3395671.859    28.942
C24    21612034.813    -3579508.361    25508574.418    10675794.926    78.197
C25    23812735.993    10519839.060    24598375.268    -7918346.980    34.148
C26    23962067.424   -13267064.442    12290284.994    21215799.338    32.159
C33    24236339.126     6260981.833    14537012.193    22985328.469    29.277
C34    26181024.181    -3583361.216    15965046.091   -22619500.079     9.088
C38    36342669.196   -17829353.429    37922505.094    -3868441.638    61.997
C39    37245240.223    -7215044.573    26999449.255    31722426.790    49.265
C40    39924637.544   -21665698.056    21971577.043   -28830758.368    16.903
C42    22227852.113   -12412112.390    21315681.918    13128401.500    60.268
C59    37578882.484   -32329563.373    27039485.542     1098004.355    42.626
C60    36414167.447     7295263.971    41515801.246     1119908.791    62.304
2399 347280.000 12
C21    24275967.623   -22928366.816    15544625.792    -3489155.386    28.845
C24    21615793.262    -3590495.740    25472985.738    10756633.087    77.985
C25    23800181.549    10519953.374    24625818.759    -7832158.441    34.304
C26    23977545.129   -13282658.021    12218878.239    21247315.590    31.972
C33    24221961.667     6200002.987    14586721.716    22970409.559    29.444
C34    26183686.808    -3657063.637    15940969.271   -22624631.604     9.063
C38    36345089.863   -17787160.300    37934062.219    -3946714.866    61.940
C39    37249763.966    -7223801.788    26960972.098    31752819.562    49.191
C40    39918738.177   -21696547.141    21996515.380   -28789006.965    16.965
C42    22223798.552   -12447484.940    21342889.101    13050345.769    60.358
C59    37579023.684   -32329631.864    27039569.308     1094468.090    42.624
C60    36414266.105     7295310.909    41515854.463     1116608.044    62.302
2399 347310.000 12
C21    24284296.437   -22919821.622    15535892.314    -3582581.389    28.748
C24    21619628.313    -3601597.146    25437145.743    10837293.206    77.772
C25    23787686.249    10520063.700    24652972.837    -7745840.507    34.460
C26    23993050.396   -13298407.863    12147396.246    21278480.031    31.786
C33    24207581.643     6139169.210    14636526.831    22955111.549    29.612
C34    26186292.850    -3730828.323    15917028.561   -22629390.101     9.038
C38    36347542.288   -17744916.521    37945433.564    -4024969.099    61.881
C39    37254279.586    -7232727.542    26922534.659    31783061.578    49.117
C40    39912816.905   -21727287.316    22021588.954   -28747118.430    17.026
C42    22219797.172   -12482593.552    21370001.662    12972075.406    60.447
C59    37579165.324   -32329699.952    27039653.341     1090926.581    42.622
C60    36414363.336     7295358.081    41515907.502     1113301.950    62.299
2399 347340.000 12
C21    24292681.333   -22911046.992    15526939.197    -3675948.329    28.651
C24    21623541.054    -3612813.545    25401055.353    10917773.949    77.559
C25    23775251.475    10520168.769    24679837.198    -7659394.604    34.616
C26    24008578.308   -13314314.108    12075840.541    21309292.147    31.600
C33    24193198.639     6078481.630    14686426.319    22939434.692    29.781
C34    26188843.038    -3804653.815    15893224.510   -22633775.489     9.013
C38    36350027.203   -17702622.905    37956618.908    -4103203.959    61.823
C39    37258789.493    -7241821.660    26884137.672    31813152.692    49.044
C40    39906867.858   -21757917.995    22046797.292   -28705092.964    17.088
C42    22215847.752   -12517438.232    21397018.128    12893591.697    60.535
C59    37579306.480   -32329767.635    27039737.639     1087379.844    42.620
C60    36414461.078     7295405.486    41515960.362     1109990.527    62.296
2399 347370.000 10
C21    24301126.372   -22902043.989    15517765.545    -3769254.664    28.553
C24    21627530.138    -3624145.899    25364715.495    10998073.981    77.345
C25    23762876.231    10520267.310    24706411.551    -7572822.159    34.771
C34    26191337.635    -3878538.650    15869557.656   -22637787.696     8.989
C38    36352544.802   -17660280.265    37967618.031    -4181419.068    61.763
C39    37263290.961    -7251083.962    26845781.869    31843092.759    48.970
C40    39900899.796   -21788438.591    22072139.914   -28662930.772    17.150
C42    22211952.259   -12552018.996    21423937.026    12814895.932    60.622
C59    37579449.816   -32329834.913    27039822.200     1083827.896    42.619
C60    36414560.637     7295453.122    41516013.040     1106673.790    62.293
2399 347400.000 12
C21    24309630.970   -22892813.683    15508370.467    -3862498.857    28.454
C24    21631595.703    -3635595.163    25328127.105    11078191.972    77.131
C25    23750558.871    10520358.051    24732695.610    -7486124.601    34.926
C26    24039703.741   -13346596.333    11932514.106    21369857.377    31.228
C33    24164430.274     5957549.543    14786503.501    22906945.486    30.119
C34    26193773.438    -3952481.361    15846028.532   -22641426.653     8.966
C38    36355094.017   -17617889.417    37978430.719    -4259614.052    61.703
C39    37267786.899    -7260514.266    26807467.983    31872881.633    48.897
C40    39894907.109   -21818848.521    22097616.342   -28620632.058    17.213
C42    22208110.366   -12586335.870    21450756.885    12735989.402    60.707
C59    37579592.379   -32329901.784    27039907.023     1080270.755    42.617
C60    36414658.057     7295500.989    41516065.536     1103351.755    62.290
2399 347430.000 12
C21    24318193.488   -22883357.201    15498753.073    -3955679.396    28.355
C24    21635737.075    -3647162.239    25291291.235    11158126.588    76.917
C25    23738302.202    10520439.733    24758689.134    -7399303.394    35.080
C26    24055302.170   -13362972.455    11860746.578    21399609.442    31.043
C33    24150045.188     5897307.361    14836678.613    22890133.628    30.289
C34    26196154.259    -4026480.494    15822637.665   -22644692.341     8.943
C38    36357675.549   -17575451.195    37989056.617    -4337788.728    61.643
C39    37272275.837    -7270112.326    26769196.754    31902519.252    48.824
C40    39888888.102   -21849147.123    22123226.076   -28578197.090    17.276
C42    22204320.947   -12620389.026    21477476.183    12656873.232    60.792
C59    37579736.514   -32329968.208    27039992.209     1076708.459    42.615
C60    36414756.780     7295548.963    41516117.756     1100024.375    62.288
2399 347460.000 12
C21    24326819.082   -22873675.527    15488912.500    -4048794.691    28.255
C24    21639953.576    -3658848.170    25254208.613    11237876.521    76.702
C25    23726107.389    10520511.052    24784391.792    -7312359.906    35.235
C26    24070921.553   -13379505.560    11788911.315    21429007.233    30.857
C33    24135657.439     5837215.714    14886943.272    22872944.049    30.459
C34    26198479.594    -4100534.546    15799385.567   -22647584.619     8.921
C38    36360288.882   -17532966.385    37999495.801    -4415942.333    61.582
C39    37276757.002    -7279878.076    26730968.892    31932005.310    48.752
C40    39882849.295   -21879333.978    22148968.666   -28535625.946    17.339
C42    22200586.697   -12654178.232    21504093.556    12577549.066    60.876
C59    37579880.742   -32330034.262    27040077.552     1073140.982    42.613
C60    36414855.780     7295597.284    41516169.883     1096691.792    62.285
2399 347490.000 12
C21    24335499.448   -22863769.802    15478847.871    -4141843.234    28.154
C24    21644246.298    -3670653.846    25216880.306    11317440.443    76.487
C25    23713974.764    10520570.748    24809803.359    -7225295.605    35.388
C26    24086563.281   -13396195.648    11717009.991    21458050.216    30.672
C33    24121269.683     5777275.802    14937296.116    22855376.987    30.630
C34    26200749.096    -4174642.057    15776272.747   -22650103.481     8.899
C38    36362935.378   -17490435.819    38009747.925    -4494074.681    61.520
C39    37281230.348    -7289811.264    26692785.137    31961339.746    48.679
C40    39876785.693   -21909408.430    22174843.606   -28492918.897    17.402
C42    22196907.312   -12687703.680    21530607.485    12498018.035    60.959
C59    37580022.374   -32330099.907    27040163.151     1069568.362    42.612
C60    36414955.219     7295645.832    41516221.825     1093353.958    62.282
2399 347520.000 12
C21    24344238.264   -22853641.122    15468558.327    -4234823.490    28.053
C24    21648613.896    -3682580.201    25179307.276    11396817.035    76.271
C25    23701898.766    10520617.544    24834923.586    -7138111.929    35.542
C26    24102226.618   -13413042.811    11645044.142    21486737.912    30.488
C33    24106882.206     5717488.709    14987735.889    22837432.732    30.801
C34    26202958.420    -4248801.550    15753299.705   -22652248.883     8.877
C38    36365613.295   -17447860.316    38019812.789    -4572185.397    61.458
C39    37285697.357    -7299911.694    26654646.218    31990522.417    48.607
C40    39870696.191   -21939369.905    22200850.407   -28450076.147    17.465
C42    22193282.314   -12720965.433    21557016.503    12418281.445    61.041
C59    37580166.291   -32330165.142    27040249.006     1065990.618    42.610
C60    36415055.367     7295694.608    41516273.578     1090010.889    62.279
2399 347550.000 12
C21    24353041.428   -22843290.588    15458043.013    -4327733.925    27.952
C24    21653057.184    -3694628.162    25141490.495    11476004.983    76.056
C25    23689883.931    10520650.163    24859752.234    -7050810.317    35.695
C26    24117909.919   -13430047.129    11573015.303    21515069.848    30.303
C33    24092498.671     5657855.513    15038261.330    22819111.584    30.972
C34    26205114.862    -4323011.545    15730466.934   -22654020.788     8.857
C38    36368323.567   -17405240.696    38029690.194    -4650274.103    61.395
C39    37290156.595    -7310179.169    26616552.861    32019553.183    48.535
C40    39864587.449   -21969217.828    22226988.577   -28407097.905    17.529
C42    22189712.326   -12753963.565    21583319.145    12338340.606    61.122
C59    37580309.756   -32330229.965    27040335.114     1062407.764    42.608
C60    36415154.761     7295743.611    41516325.143     1086662.602    62.276
2399 347580.000 12
C21    24361900.407   -22832719.310    15447301.083    -4420573.008    27.850
C24    21657574.646    -3706798.652    25103430.939    11555002.974    75.840
C25    23677932.209    10520667.327    24884289.075    -6963392.210    35.847
C26    24133616.656   -13447208.676    11500925.010    21543045.556    30.119
C33    24078112.770     5598377.287    15088871.173    22800413.845    31.144
C34    26207211.975    -4397270.559    15707774.917   -22655419.166     8.836
C38    36371065.359   -17362577.780    38039379.949    -4728340.424    61.332
C39    37294608.049    -7320613.487    26578505.795    32048431.903    48.463
C40    39858452.736   -21998951.630    22253257.619   -28363984.378    17.593
C42    22186197.676   -12786698.158    21609513.950    12258196.830    61.201
C59    37580453.816   -32330294.375    27040421.474     1058819.820    42.606
C60    36415254.833     7295792.840    41516376.517     1083309.113    62.273
2399 347610.000 12
C21    24370818.008   -22821928.404    15436331.698    -4513339.208    27.747
C24    21662166.876    -3719092.588    25065129.592    11633809.701    75.624
C25    23666039.857    10520667.757    24908533.885    -6875859.051    35.999
C26    24149341.032   -13464527.518    11428774.800    21570664.575    29.935
C33    24063728.155     5539055.093    15139564.145    22781339.826    31.316
C34    26209252.827    -4471577.104    15685224.129   -22656443.990     8.817
C38    36373840.222   -17319872.390    38048881.862    -4806383.984    61.268
C39    37299051.523    -7331214.444    26540505.743    32077158.437    48.392
C40    39852297.249   -22028570.743    22279657.038   -28320735.775    17.657
C42    22182739.859   -12819169.302    21635599.456    12177851.435    61.280
C59    37580598.626   -32330358.373    27040508.084     1055226.802    42.604
C60    36415355.574     7295842.293    41516427.699     1079950.438    62.270
2399 347640.000 12
C21    24379795.429   -22810918.991    15425134.026    -4606030.994    27.644
C24    21666832.534    -3731510.881    25026587.445    11712423.858    75.407
C25    23654209.480    10520650.173    24932486.454    -6788212.287    36.151
C26    24165085.331   -13482003.709    11356566.213    21597926.450    29.751
C33    24049348.652     5479889.987    15190338.969    22761889.842    31.489
C34    26211238.996    -4545929.693    15662815.037   -22657095.244     8.798
C38    36376645.566   -17277125.347    38058195.747    -4884404.405    61.203
C39    37303487.203    -7341981.833    26502553.433    32105732.646    48.320
C40    39846116.774   -22058074.600    22306186.333   -28277352.304    17.722
C42    22179337.296   -12851377.099    21661574.204    12097305.740    61.357
C59    37580743.330   -32330421.956    27040594.942     1051628.727    42.603
C60    36415456.007     7295891.970    41516478.688     1076586.592    62.268
2399 347670.000 12
C21    24388833.395   -22799692.198    15413707.245    -4698646.838    27.541
C24    21671572.032    -3744054.435    24987805.496    11790844.144    75.191
C25    23642440.594    10520613.295    24956146.578    -6700453.364    36.303
C26    24180849.699   -13499637.298    11284300.787    21624830.731    29.567
C33    24034968.349     5420883.019    15241194.361    22742064.217    31.662
C34    26213168.422    -4620326.834    15640548.101   -22657372.913     8.779
C38    36379484.342   -17234337.477    38067321.422    -4962401.313    61.138
C39    37307915.334    -7352915.442    26464649.587    32134154.392    48.249
C40    39839913.707   -22087462.637    22332845.001   -28233834.176    17.787
C42    22175991.449   -12883321.660    21687436.735    12016561.069    61.434
C59    37580886.991   -32330485.125    27040682.048     1048025.612    42.601
C60    36415556.607     7295941.870    41516529.482     1073217.592    62.265
2399 347700.000 12
C21    24397927.578   -22788249.160    15402050.537    -4791185.213    27.436
C24    21676384.918    -3756724.150    24948784.749    11869069.258    74.974
C25    23630733.982    10520555.841    24979514.063    -6612583.732    36.454
C26    24196634.523   -13517428.323    11211980.062    21651376.975    29.384
C33    24020589.762     5362035.229    15292129.032    22721863.279    31.835
C34    26215040.136    -4694767.033    15618423.772   -22657276.992     8.761
C38    36382355.015   -17191509.601    38076258.707    -5040374.332    61.073
C39    37312336.031    -7364015.059    26426794.929    32162423.537    48.178
C40    39833688.626   -22116734.293    22359632.538   -28190181.602    17.852
C42    22172703.046   -12915003.105    21713185.594    11935618.747    61.509
C59    37581033.712   -32330547.877    27040769.399     1044417.475    42.599
C60    36415658.068     7295991.992    41516580.081     1069843.454    62.262
2399 347730.000 12
C21    24407082.055   -22776591.016    15390163.095    -4883644.592    27.332
C24    21681272.140    -3769520.919    24909526.215    11947097.907    74.758
C25    23619087.829    10520476.531    25002588.725    -6524604.841    36.604
C26    24212436.416   -13535376.816    11139605.580    21677564.744    29.201
C33    24006211.390     5303347.651    15343141.688    22701287.362    32.009
C34    26216852.903    -4769248.795    15596442.493   -22656807.480     8.743
C38    36385256.966   -17148642.547    38085007.426    -5118323.085    61.007
C39    37316747.492    -7375280.466    26388990.182    32190539.944    48.108
C40    39827441.461   -22145889.008    22386548.437   -28146394.791    17.917
C42    22169471.400   -12946421.563    21738819.326    11854480.104    61.583
C59    37581178.098   -32330610.212    27040856.993     1040804.333    42.597
C60    36415758.969     7296042.335    41516630.482     1066464.194    62.259
2399 347760.000 12
C21    24416295.415   -22764718.912    15378044.117    -4976023.451    27.227
C24    21686231.515    -3782445.629    24870030.913    12024928.796    74.541
C25    23607505.071    10520374.082    25025370.388    -6436518.144    36.754
C26    24228256.457   -13553482.798    11067178.883    21703393.608    29.018
C33    23991840.671     5244821.312    15394231.029    22680336.808    32.184
C34    26218612.070    -4843770.620    15574604.698   -22655964.384     8.726
C38    36388191.367   -17105737.138    38093567.408    -5196247.198    60.940
C39    37321150.869    -7386711.442    26351236.066    32218503.477    48.037
C40    39821170.653   -22174926.224    22413592.188   -28102473.955    17.982
C42    22166297.619   -12977577.172    21764336.479    11773146.474    61.656
C59    37581321.983   -32330672.130    27040944.829     1037186.204    42.596
C60    36415860.212     7296092.899    41516680.685     1063079.828    62.256
2399 347790.000 12
C21    24425569.055   -22752634.000    15365692.811    -5068320.266    27.121
C24    21691263.848    -3795499.162    24830299.866    12102560.638    74.324
C25    23595985.288    10520247.211    25047858.884    -6348325.095    36.904
C26    24244095.053   -13571746.281    10994701.512    21728863.139    28.836
C33    23977471.390     5186457.230    15445395.750    22659011.964    32.358
C34    26220310.407    -4918331.008    15552910.813   -22654747.716     8.710
C38    36391158.947   -17062794.202    38101938.484    -5274146.294    60.873
C39    37325546.137    -7398307.766    26313533.301    32246314.001    47.967
C40    39814875.817   -22203845.386    22440763.278   -28058419.308    18.048
C42    22163179.981   -13008470.081    21789735.604    11691619.192    61.727
C59    37581467.919   -32330733.629    27041032.905     1033563.104    42.594
C60    36415961.509     7296143.681    41516730.688     1059690.372    62.253
2399 347820.000 12
C21    24434900.701   -22740337.438    15353108.392    -5160533.514    27.015
C24    21696368.699    -3808682.393    24790334.107    12179992.145    74.107
C25    23584525.315    10520094.635    25070054.057    -6260027.151    37.053
C26    24259950.048   -13590167.272    10922175.011    21753972.919    28.653
C33    23963106.212     5128256.416    15496634.539    22637313.183    32.534
C34    26221955.978    -4992928.455    15531361.256   -22653157.493     8.694
C38    36394157.601   -17019814.566    38110120.489    -5352019.999    60.806
C39    37329932.433    -7410069.209    26275882.608    32273971.380    47.897
C40    39808558.871   -22232645.942    22468061.194   -28014231.062    18.114
C42    22160122.182   -13039100.447    21815015.251    11609899.597    61.797
C59    37581613.137   -32330794.708    27041121.220     1029935.050    42.592
C60    36416063.839     7296194.682    41516780.490     1056295.843    62.250
2399 347850.000 12
C21    24444289.228   -22727830.389    15340290.081    -5252661.675    26.908
C24    21701544.310    -3821996.191    24750134.673    12257222.037    73.890
C25    23573129.703    10519915.072    25091955.756    -6171625.771    37.202
C26    24275824.054   -13608745.765    10849600.924    21778722.533    28.471
C33    23948745.789     5070219.873    15547946.082    22615240.825    32.709
C34    26223545.646    -5067561.455    15509956.437   -22651193.740     8.679
C38    36397187.516   -16976799.057    38118113.263    -5429867.937    60.737
C39    37334309.954    -7421995.543    26238284.704    32301475.481    47.827
C40    39802221.080   -22261327.341    22495485.417   -27969909.430    18.181
C42    22157123.095   -13069468.438    21840173.974    11527989.033    61.867
C59    37581760.084   -32330855.366    27041209.772     1026302.062    42.590
C60    36416166.137     7296245.900    41516830.089     1052896.256    62.247
2399 347880.000 12
C21    24453739.432   -22715114.024    15327237.110    -5344703.230    26.801
C24    21706792.917    -3835441.420    24709702.609    12334249.033    73.673
C25    23561796.089    10519707.237    25113563.843    -6083122.413    37.350
C26    24291712.542   -13627481.749    10776980.794    21803111.575    28.290
C33    23934387.460     5012348.596    15599329.058    22592795.254    32.885
C34    26225072.075    -5142228.502    15488696.758   -22648856.488     8.664
C38    36400249.374   -16933748.505    38125916.647    -5507689.733    60.669
C39    37338680.282    -7434086.535    26200740.307    32328826.170    47.758
C40    39795860.825   -22289889.035    22523035.430   -27925454.626    18.247
C42    22154181.473   -13099574.229    21865210.330    11445888.845    61.934
C59    37581905.503   -32330915.603    27041298.558     1022664.155    42.588
C60    36416268.099     7296297.334    41516879.484     1049491.629    62.244
2399 347910.000 12
C21    24463247.351   -22702189.516    15313948.717    -5436656.659    26.693
C24    21712113.207    -3849018.936    24669038.965    12411071.857    73.455
C25    23550525.356    10519469.846    25134878.187    -5994518.540    37.498
C26    24307619.281   -13646375.203    10704316.166    21827139.642    28.108
C33    23920035.844     4954643.574    15650782.140    22569976.844    33.061
C34    26226548.552    -5216928.084    15467582.612   -22646145.773     8.650
C38    36403343.596   -16890663.738    38133530.489    -5585485.012    60.600
C39    37343040.063    -7446341.949    26163250.133    32356023.314    47.688
C40    39789477.861   -22318330.477    22550710.709   -27880866.865    18.314
C42    22151299.670   -13129418.007    21890122.876    11363600.381    62.001
C59    37582050.790   -32330975.418    27041387.579     1019021.347    42.587
C60    36416369.742     7296348.984    41516928.675     1046081.977    62.242
2399 347940.000 12
C21    24472815.644   -22689058.049    15300424.147    -5528520.448    26.584
C24    21717503.698    -3862729.591    24628144.799    12487689.238    73.238
C25    23539317.168    10519201.615    25155898.667    -5905815.615    37.646
C26    24323542.777   -13665426.096    10631608.586    21850806.339    27.927
C33    23905690.287     4897105.787    15702303.996    22546785.972    33.238
C34    26227965.530    -5291658.689    15446614.383   -22643061.638     8.636
C38    36406468.792   -16847545.587    38140954.637    -5663253.398    60.530
C39    37347392.544    -7458761.546    26125814.897    32383066.782    47.619
C40    39783071.865   -22346651.124    22578510.732   -27836146.363    18.381
C42    22148477.602   -13158999.965    21914910.172    11281124.994    62.066
C59    37582198.632   -32331034.810    27041476.831     1015373.655    42.585
C60    36416473.670     7296400.847    41516977.659     1042667.316    62.239
2399 347970.000 12
C21    24482440.899   -22675720.808    15286662.655    -5620293.080    26.476
C24    21722965.983    -3876574.230    24587021.175    12564099.906    73.021
C25    23528170.576    10518901.261    25176625.169    -5817015.103    37.792
C26    24339480.566   -13684634.390    10558859.598    21874111.276    27.746
C33    23891349.173     4839736.207    15753893.292    22523223.022    33.415
C34    26229324.537    -5366418.804    15425792.448   -22639604.133     8.622
C38    36409627.858   -16804394.882    38148188.945    -5740994.519    60.460
C39    37351736.961    -7471345.084    26088435.314    32409956.442    47.550
C40    39776647.011   -22374850.434    22606434.971   -27791293.336    18.448
C42    22145714.141   -13188320.309    21939570.782    11198464.038    62.130
C59    37582344.337   -32331093.778    27041566.313     1011721.098    42.583
C60    36416575.791     7296452.925    41517026.435     1039247.664    62.236
2399 348000.000 12
C21    24492127.513   -22662178.986    15272663.504    -5711973.041    26.366
C24    21728479.558    -3890553.690    24545669.162    12640302.596    72.804
C25    23517090.129    10518567.497    25197057.591    -5728118.469    37.939
C26    24355432.927   -13704000.038    10486070.748    21897054.070    27.565
C33    23877011.933     4782535.798    15805548.684    22499288.384    33.593
C34    26230626.635    -5441206.913    15405117.176   -22635773.311     8.610
C38    36412816.340   -16761212.454    38155233.271    -5818707.997    60.389
C39    37356069.930    -7484092.318    26051112.096    32436692.165    47.482
C40    39770195.643   -22402927.869    22634482.897   -27746308.000    18.516
C42    22143010.948   -13217379.251    21964103.271    11115618.872    62.193
C59    37582490.287   -32331152.321    27041656.023     1008063.692    42.581
C60    36416679.917     7296505.214    41517075.002     1035823.035    62.233
2399 348030.000 12
C21    24501871.382   -22648433.780    15258425.963    -5803558.821    26.256
C24    21734081.829    -3904668.804    24504089.839    12716296.045    72.586
C25    23506071.530    10518199.041    25217195.839    -5639127.183    38.085
C26    24371400.836   -13723522.986    10413243.583    21919634.342    27.384
C33    23862682.717     4725505.517    15857268.827    22474982.454    33.771
C34    26231871.436    -5516021.497    15384588.926   -22631569.235     8.598
C38    36416038.069   -16717999.136    38162087.475    -5896393.460    60.318
C39    37360395.011    -7497002.999    26013845.957    32463273.819    47.413
C40    39763727.885   -22430882.890    22662653.980   -27701190.572    18.584
C42    22140369.459   -13246177.016    21988506.205    11032590.856    62.254
C59    37582637.619   -32331210.438    27041745.960     1004401.456    42.579
C60    36416782.568     7296557.715    41517123.358     1032393.448    62.230
2399 348060.000 12
C21    24511674.123   -22634486.395    15243949.310    -5895048.907    26.146
C24    21739753.477    -3918920.398    24462284.288    12792078.994    72.369
C25    23495117.088    10517794.607    25237039.827    -5550042.715    38.231
C26    24387381.760   -13743203.168    10340379.647    21941851.721    27.204
C33    23848358.174     4668646.312    15909052.370    22450305.636    33.949
C34    26233060.348    -5590861.037    15364208.049   -22626991.972     8.586
C38    36419291.319   -16674755.759    38168751.421    -5974050.532    60.246
C39    37364709.790    -7510076.876    25976637.606    32489701.277    47.345
C40    39757234.390   -22458714.965    22690947.686   -27655941.271    18.652
C42    22137787.902   -13274713.834    22012778.156    10949381.355    62.314
C59    37582784.234   -32331268.128    27041836.122     1000734.405    42.578
C60    36416886.937     7296610.426    41517171.503     1028958.917    62.227
2399 348090.000 12
C21    24521535.100   -22620338.040    15229232.832    -5986441.791    26.035
C24    21745494.832    -3933309.291    24420253.597    12867650.189    72.152
C25    23484225.874    10517352.912    25256589.478    -5460866.534    38.376
C26    24403376.535   -13763040.512    10267480.488    21963705.841    27.024
C33    23834042.392     4611959.125    15960897.955    22425258.337    34.128
C34    26234194.409    -5665724.011    15343974.888   -22622041.596     8.575
C38    36422575.455   -16631483.157    38175224.978    -6051678.840    60.174
C39    37369018.046    -7523313.694    25939487.754    32515974.410    47.277
C40    39750721.432   -22486423.560    22719363.479   -27610560.314    18.720
C42    22135266.322   -13302989.948    22036917.694    10865991.735    62.373
C59    37582931.243   -32331325.391    27041926.507      997062.559    42.576
C60    36416990.251     7296663.347    41517219.435     1025519.459    62.224
2399 348120.000 12
C21    24531456.039   -22605989.929    15214275.823    -6077735.966    25.924
C24    21751306.080    -3947836.296    24377998.863    12943008.378    71.935
C25    23473399.301    10516872.670    25275844.727    -5371600.115    38.520
C26    24419385.295   -13783034.937    10194547.652    21985196.343    26.845
C33    23819733.636     4555444.887    16012804.224    22399840.973    34.307
C34    26235269.958    -5740608.895    15323889.779   -22616718.185     8.564
C38    36425892.047   -16588182.163    38181508.017    -6129278.008    60.102
C39    37373313.223    -7536713.196    25902397.109    32542093.089    47.209
C40    39744183.744   -22514008.146    22747900.821   -27565047.922    18.789
C42    22132807.322   -13331005.608    22060923.396    10782423.368    62.430
C59    37583079.745   -32331382.227    27042017.114      993385.935    42.574
C60    36417094.075     7296716.476    41517267.153     1022075.092    62.221
2399 348150.000 12
C21    24541433.432   -22591443.282    15199077.585    -6168929.926    25.812
C24    21757186.423    -3962502.221    24335521.188    13018152.312    71.718
C25    23462637.071    10516352.599    25294805.514    -5282244.932    38.664
C26    24435406.746   -13803186.352    10121582.685    22006322.874    26.665
C33    23805434.683     4499104.524    16064769.808    22374053.964    34.487
C34    26236285.698    -5815514.164    15303953.047   -22611021.827     8.554
C38    36429239.393   -16544853.612    38187600.414    -6206847.664    60.028
C39    37377601.499    -7550275.120    25865366.380    32568057.189    47.142
C40    39737627.153   -22541468.195    22776559.171   -27519404.312    18.858
C42    22130409.437   -13358761.074    22084793.838    10698677.625    62.486
C59    37583225.755   -32331438.633    27042107.941      989704.550    42.572
C60    36417197.900     7296769.812    41517314.655     1018625.831    62.218
2399 348180.000 12
C21    24551474.013   -22576699.324    15183637.429    -6260022.165    25.699
C24    21763135.142    -3977307.865    24292821.678    13093080.747    71.501
C25    23451937.563    10515791.413    25313471.791    -5192802.461    38.808
C26    24451443.350   -13823494.660    10048587.133    22027085.085    26.486
C33    23791142.279     4442938.953    16116793.339    22347897.736    34.667
C34    26237244.290    -5890438.291    15284165.011   -22604952.612     8.545
C38    36432620.038   -16501498.339    38193502.047    -6284387.433    59.955
C39    37381880.643    -7563999.204    25828396.272    32593866.584    47.074
C40    39731049.650   -22568803.182    22805337.987   -27473629.707    18.927
C42    22128073.166   -13386256.615    22108527.602    10614755.883    62.540
C59    37583375.501   -32331494.609    27042198.985      986018.422    42.570
C60    36417303.233     7296823.355    41517361.941     1015171.692    62.215
2399 348210.000 12
C21    24561569.294   -22561759.286    15167954.674    -6351011.183    25.587
C24    21769152.289    -3992254.023    24249901.449    13167792.442    71.284
C25    23441303.509    10515187.831    25331843.518    -5103274.178    38.951
C26    24467489.269   -13843959.753     9975562.543    22047482.636    26.307
C33    23776859.615     4386949.082    16168873.441    22321372.724    34.847
C34    26238151.559    -5965379.748    15264525.979   -22598510.640     8.536
C38    36436031.270   -16458117.178    38199212.800    -6361896.942    59.881
C39    37386147.959    -7577885.180    25791487.491    32619521.147    47.007
C40    39724450.881   -22596012.585    22834236.723   -27427724.326    18.996
C42    22125799.953   -13413492.510    22132123.271    10530659.521    62.593
C59    37583523.912   -32331550.154    27042290.246      982327.569    42.568
C60    36417408.543     7296877.103    41517409.009     1011712.693    62.212
2399 348240.000 12
C21    24571723.532   -22546624.405    15152028.648    -6441895.477    25.473
C24    21775237.238    -4007341.480    24206761.620    13242286.159    71.067
C25    23430732.694    10514540.568    25349920.665    -5013661.563    39.094
C26    24483547.791   -13864581.515     9902510.460    22067515.190    26.129
C33    23762585.121     4331135.811    16221008.733    22294479.365    35.028
C34    26239001.285    -6040337.004    15245036.253   -22591696.014     8.527
C38    36439475.100   -16414710.966    38204732.558    -6439375.816    59.806
C39    37390406.208    -7591932.778    25754640.741    32645020.754    46.941
C40    39717828.225   -22623095.883    22863254.832   -27381688.391    19.066
C42    22123590.301   -13440469.046    22155579.430    10446389.920    62.645
C59    37583669.857   -32331605.269    27042381.722      978632.008    42.567
C60    36417513.150     7296931.055    41517455.857     1008248.850    62.209
2399 348270.000 12
C21    24581935.025   -22531295.920    15135858.684    -6532673.549    25.359
C24    21781389.866    -4022571.018    24163403.317    13316560.664    70.850
C25    23420228.423    10513848.341    25367703.209    -4923966.097    39.236
C26    24499620.353   -13885359.822     9829432.430    22087182.419    25.950
C33    23748319.524     4275500.033    16273197.833    22267218.106    35.209
C34    26239790.418    -6115308.529    15225696.125   -22584508.845     8.520
C38    36442950.291   -16371280.538    38210061.212    -6516823.683    59.731
C39    37394655.614    -7606141.725    25717856.726    32670365.281    46.874
C40    39711187.035   -22650052.558    22892391.765   -27335522.125    19.136
C42    22121441.712   -13467186.520    22178894.668    10361948.466    62.695
C59    37583819.582   -32331659.951    27042473.410      974931.756    42.565
C60    36417618.764     7296985.210    41517502.484     1004780.180    62.206
2399 348300.000 11
C21    24592207.530   -22515775.079    15119444.128    -6623343.901    25.245
C24    21787610.554    -4037943.412    24119827.673    13390614.727    70.634
C25    23409786.109    10513109.869    25385191.138    -4834189.260    39.377
C26    24515702.952   -13906294.542     9756329.998    22106484.000    25.772
C34    26240527.317    -6190292.789    15206505.880   -22576949.249     8.512
C38    36446456.579   -16327826.733    38215198.655    -6594240.169    59.656
C39    37398893.333    -7620511.745    25681136.146    32695554.606    46.808
C40    39704524.792   -22676882.095    22921646.969   -27289225.750    19.206
C42    22119356.688   -13493645.238    22202067.578    10277336.545    62.743
C59    37583967.406   -32331714.200    27042565.310      971226.833    42.563
C60    36417724.333     7297039.567    41517548.890     1001306.698    62.203
2399 348330.000 12
C21    24602537.494   -22500063.132    15102784.331    -6713905.038    25.130
C24    21793897.900    -4053459.427    24076035.826    13464447.122    70.417
C25    23399411.670    10512323.870    25402384.449    -4744332.535    39.518
C26    24531797.517   -13927385.532     9683204.711    22125419.614    25.594
C33    23719816.929     4164764.487    16377731.893    22211593.694    35.573
C34    26241201.955    -6265288.249    15187465.792   -22569017.349     8.505
C38    36449995.307   -16284350.386    38220144.785    -6671624.901    59.580
C39    37403122.542    -7635042.558    25644479.703    32720588.604    46.741
C40    39697842.451   -22703583.980    22951019.891   -27242799.489    19.276
C42    22117335.638   -13519845.516    22225096.754    10192555.548    62.790
C59    37584117.856   -32331768.016    27042657.419      967517.255    42.561
C60    36417830.290     7297094.126    41517595.073      997828.422    62.200
2399 348360.000 12
C21    24612926.401   -22484161.337    15085878.653    -6804355.466    25.015
C24    21800251.534    -4069119.825    24032028.918    13538056.625    70.201
C25    23389099.689    10511489.062    25419283.146    -4654397.407    39.659
C26    24547901.762   -13948632.643     9610058.112    22143988.951    25.417
C33    23705584.274     4109666.461    16430074.062    22183231.463    35.755
C34    26241822.550    -6340293.375    15168576.130   -22560713.274     8.499
C38    36453563.644   -16240852.335    38224899.503    -6748977.505    59.503
C39    37407340.326    -7649733.883    25607888.096    32745467.156    46.676
C40    39691138.060   -22730157.703    22980509.975   -27196243.566    19.347
C42    22115376.996   -13545787.676    22247980.793    10107606.868    62.836
C59    37584266.786   -32331821.397    27042749.735      963803.040    42.559
C60    36417935.669     7297148.884    41517641.031      994345.368    62.197
2399 348390.000 12
C21    24623373.005   -22468070.954    15068726.463    -6894693.692    24.899
C24    21806671.028    -4084925.360    23987808.101    13611442.017    69.984
C25    23378853.074    10510604.166    25435887.245    -4564385.362    39.799
C26    24564013.822   -13970035.716     9536891.746    22162191.707    25.240
C33    23691359.232     4054749.417    16482464.455    22154503.172    35.938
C34    26242384.106    -6415306.628    15149837.151   -22552037.159     8.493
C38    36457163.571   -16197333.420    38229462.713    -6826297.610    59.427
C39    37411548.440    -7664585.433    25571362.023    32770190.138    46.610
C40    39684411.545   -22756602.756    23010116.660   -27149558.207    19.418
C42    22113483.924   -13571472.053    22270718.298    10022491.901    62.880
C59    37584415.884   -32331874.342    27042842.258      960084.206    42.558
C60    36418042.613     7297203.842    41517686.764      990857.553    62.194
2399 348420.000 12
C21    24633876.181   -22451793.249    15051327.138    -6984918.226    24.783
C24    21813157.585    -4100876.780    23943374.530    13684602.083    69.768
C25    23368672.016    10509667.900    25452196.769    -4474297.887    39.938
C26    24580139.556   -13991594.584     9463707.158    22180027.581    25.063
C33    23677147.561     4000014.205    16534901.668    22125409.296    36.121
C34    26242890.812    -6490326.472    15131249.106   -22542989.145     8.488
C38    36460795.620   -16153794.478    38233834.324    -6903584.842    59.349
C39    37415745.790    -7679596.921    25534902.180    32794757.432    46.544
C40    39677665.152   -22782918.633    23039839.388   -27102743.635    19.489
C42    22111654.148   -13596898.989    22293307.871     9937212.046    62.922
C59    37584563.769   -32331926.852    27042934.985      956360.771    42.556
C60    36418148.651     7297258.997    41517732.270      987364.994    62.191
2399 348450.000 12
C21    24644440.208   -22435329.494    15033680.065    -7075027.581    24.666
C24    21819709.246    -4116974.823    23898729.367    13757535.612    69.552
C25    23358555.156    10508678.985    25468211.751    -4384136.469    40.077
C26    24596271.417   -14013309.071     9390505.889    22197496.281    24.886
C33    23662946.441     3945461.669    16587384.288    22095950.316    36.305
C34    26243342.708    -6565351.365    15112812.236   -22533569.378     8.484
C38    36464459.587   -16110236.347    38238014.248    -6980838.828    59.272
C39    37419932.589    -7694768.055    25498509.265    32819168.918    46.479
C40    39670902.295   -22809104.831    23069677.595   -27055800.078    19.560
C42    22109889.446   -13622068.836    22315748.120     9851768.704    62.963
C59    37584714.054   -32331978.926    27043027.914      952632.753    42.554
C60    36418255.999     7297314.349    41517777.548      983867.706    62.188
2399 348480.000 12
C21    24655062.222   -22418680.966    15015784.635    -7165020.268    24.549
C24    21826326.330    -4133220.225    23853873.778    13830241.394    69.336
C25    23348504.677    10507636.144    25483932.233    -4293902.598    40.215
C26    24612415.215   -14035178.992     9317289.484    22214597.521    24.710
C33    23648757.826     3891092.643    16639910.901    22066126.721    36.489
C34    26243732.550    -6640379.769    15094526.775   -22523778.013     8.479
C38    36468154.117   -16066659.869    38242002.401    -7058059.196    59.194
C39    37424108.389    -7710098.541    25462183.970    32843424.476    46.414
C40    39664114.901   -22835160.848    23099630.716   -27008727.760    19.632
C42    22108189.100   -13646981.955    22338037.656     9766163.279    63.003
C59    37584864.032   -32332030.561    27043121.044      948900.169    42.552
C60    36418362.537     7297369.897    41517822.597      980365.708    62.185
2399 348510.000 12
C21    24665738.849   -22401848.944    14997640.254    -7254894.805    24.431
C24    21833008.644    -4149613.711    23808808.937    13902718.225    69.120
C25    23338520.527    10506538.099    25499358.265    -4203597.765    40.353
C26    24628564.188   -14057204.155     9244059.484    22231331.019    24.534
C33    23634579.091     3836907.953    16692480.087    22035939.003    36.673
C34    26244068.446    -6715410.141    15076392.948   -22513615.209     8.476
C38    36471879.853   -16023065.881    38245798.702    -7135245.575    59.115
C39    37428274.952    -7725588.081    25425926.989    32867523.989    46.350
C40    39657307.933   -22861086.186    23129698.182   -26961526.909    19.703
C42    22106554.064   -13671638.714    22360175.093     9680397.177    63.040
C59    37585014.472   -32332081.759    27043214.372      945163.037    42.550
C60    36418469.691     7297425.640    41517867.415      976859.016    62.182
2399 348540.000 12
C21    24676474.624   -22384834.715    14979246.330    -7344649.708    24.313
C24    21839756.107    -4166156.002    23763536.021    13974964.906    68.904
C25    23328601.171    10505383.573    25514489.908    -4113223.462    40.491
C26    24644724.068   -14079384.358     9170817.430    22247696.501    24.358
C33    23620416.290     3782908.419    16745090.425    22005387.662    36.858
C34    26244347.614    -6790440.939    15058410.970   -22503081.131     8.473
C38    36475637.055   -15979455.225    38249403.074    -7212397.591    59.036
C39    37432430.457    -7741236.375    25389739.013    32891467.339    46.285
C40    39650479.331   -22886880.350    23159879.426   -26914197.753    19.775
C42    22104985.214   -13696039.492    22382159.048     9594471.809    63.077
C59    37585164.262   -32332132.518    27043307.898      941421.376    42.548
C60    36418576.092     7297481.576    41517912.002      973347.646    62.179
2399 348570.000 12
C21    24687268.209   -22367639.569    14960602.285    -7434283.496    24.195
C24    21846567.393    -4182847.811    23718056.216    14046980.239    68.689
C25    23318747.376    10504171.290    25529327.229    -4022781.182    40.627
C26    24660890.138   -14101719.392     9097564.864    22263693.699    24.183
C33    23606266.193     3729094.848    16797740.487    21974473.203    37.043
C34    26244570.545    -6865470.619    15040581.049   -22492175.951     8.470
C38    36479425.452   -15935828.741    38252815.445    -7289514.873    58.957
C39    37436573.555    -7757043.118    25353620.734    32915254.409    46.221
C40    39643634.175   -22912542.846    23190173.875   -26866740.520    19.848
C42    22103481.367   -13720184.678    22403988.142     9508388.586    63.111
C59    37585315.174   -32332182.837    27043401.619      937675.202    42.546
C60    36418684.551     7297537.704    41517956.355      969831.615    62.176
2399 348600.000 12
C21    24698122.389   -22350264.800    14941707.545    -7523794.691    24.076
C24    21853441.927    -4199689.843    23672370.711    14118763.032    68.473
C25    23308959.083    10502899.976    25543870.308    -3932272.418    40.763
C26    24677066.119   -14124209.037     9024303.325    22279322.351    24.007
C33    23592130.015     3675468.043    16850428.841    21943196.138    37.229
C34    26244736.255    -6940497.636    15022903.383   -22480899.847     8.468
C38    36483245.322   -15892187.269    38256035.744    -7366597.048    58.877
C39    37440706.784    -7773008.005    25317572.840    32938885.084    46.157
C40    39636768.498   -22938073.183    23220580.956   -26819155.438    19.920
C42    22102044.267   -13744074.668    22425660.998     9422148.923    63.144
C59    37585465.624   -32332232.716    27043495.534      933924.535    42.545
C60    36418791.830     7297594.024    41518000.475      966310.940    62.173
2399 348630.000 12
C21    24709029.970   -22332711.709    14922561.549    -7613181.815    23.956
C24    21860380.843    -4216682.798    23626480.700    14190312.095    68.258
C25    23299235.955    10501568.357    25558119.231    -3841698.667    40.899
C26    24693244.431   -14146853.066     8951034.351    22294582.199    23.832
C33    23578007.131     3622028.796    16903154.053    21911556.984    37.415
C34    26244848.760    -7015520.447    15005378.165   -22469253.002     8.467
C38    36487095.439   -15848531.650    38259063.906    -7443643.747    58.796
C39    37444829.044    -7789130.725    25281596.018    32962359.248    46.093
C40    39629881.034   -22963470.873    23251100.091   -26771442.738    19.993
C42    22100672.636   -13767709.867    22447176.246     9335754.237    63.175
C59    37585615.473   -32332282.155    27043589.641      930169.392    42.543
C60    36418900.857     7297650.535    41518044.359      962785.639    62.170
2399 348660.000 12
C21    24719997.346   -22314981.599    14903163.741    -7702443.395    23.836
C24    21867382.470    -4233827.367    23580387.385    14261626.244    68.043
C25    23289580.045    10500175.160    25572074.095    -3751061.425    41.034
C26    24709434.036   -14169651.244     8877759.481    22309472.994    23.658
C33    23563899.181     3568777.891    16955914.683    21879556.264    37.601
C34    26244900.234    -7090537.504    14988005.574   -22457235.607     8.466
C38    36490978.690   -15804862.726    38261899.868    -7520654.595    58.716
C39    37448940.171    -7805410.967    25245690.956    32985676.788    46.029
C40    39622974.801   -22988735.429    23281730.705   -26723602.647    20.066
C42    22099367.570   -13791090.690    22468532.516     9249205.948    63.205
C59    37585767.258   -32332331.151    27043683.938      926409.791    42.541
C60    36419008.288     7297707.234    41518088.006      959255.727    62.167
2399 348690.000 12
C21    24731023.030   -22297075.779    14883513.576    -7791577.958    23.716
C24    21874447.702    -4251124.237    23534091.973    14332704.298    67.828
C25    23279989.630    10498719.114    25585735.003    -3660362.190    41.168
C26    24725629.521   -14192603.326     8804480.252    22323994.493    23.483
C33    23549805.113     3515716.104    17008709.290    21847194.507    37.788
C34    26244899.176    -7165547.261    14970785.786   -22444847.858     8.465
C38    36494891.181   -15761181.338    38264543.573    -7597629.224    58.635
C39    37453039.200    -7821848.415    25209858.338    33008837.588    45.966
C40    39616049.545   -23013866.370    23312472.215   -26675635.399    20.139
C42    22098128.958   -13814217.561    22489728.443     9162505.479    63.233
C59    37585917.536   -32332379.705    27043778.423      922645.750    42.539
C60    36419117.363     7297764.121    41518131.416      955721.221    62.164
2399 348720.000 12
C21    24742104.020   -22278995.561    14863610.516    -7880584.032    23.595
C24    21881575.469    -4268574.083    23487595.673    14403545.078    67.613
C25    23270464.537    10497198.949    25599102.071    -3569602.459    41.302
C26    24741829.574   -14215709.061     8731198.200    22338146.457    23.309
C33    23535725.628     3462844.203    17061536.426    21814472.250    37.975
C34    26244839.242    -7240548.170    14953718.964   -22432089.956     8.466
C38    36498835.022   -15717488.329    38266994.965    -7674567.260    58.553
C39    37457127.921    -7838442.749    25174098.848    33031841.536    45.903
C40    39609103.086   -23038863.212    23343324.040   -26627541.222    20.213
C42    22096958.106   -13837090.912    22510762.666     9075654.254    63.259
C59    37586066.967   -32332427.817    27043873.095      918877.286    42.537
C60    36419227.278     7297821.196    41518174.587      952182.140    62.161
2399 348750.000 12
C21    24753241.872   -22260742.264    14843454.034    -7969460.151    23.474
C24    21888764.864    -4286177.578    23440899.703    14474147.412    67.399
C25    23261007.101    10495613.396    25612175.421    -3478783.732    41.435
C26    24758036.346   -14238968.186     8657914.859    22351928.654    23.136
C33    23521663.665     3410162.945    17114394.641    21781390.032    38.163
C34    26244720.527    -7315538.683    14936805.265   -22418962.111     8.466
C38    36502810.120   -15673784.539    38269253.994    -7751468.334    58.471
C39    37461205.493    -7855193.649    25138413.169    33054688.521    45.840
C40    39602136.435   -23063725.480    23374285.596   -26579320.350    20.287
C42    22095854.171   -13859711.185    22531633.827     8988653.701    63.284
C59    37586220.076   -32332475.485    27043967.951      915104.419    42.535
C60    36419334.427     7297878.456    41518217.517      948638.498    62.158
2399 348780.000 12
C21    24764439.946   -22242317.208    14823043.608    -8058204.846    23.352
C24    21896017.133    -4303935.384    23394005.286    14544510.131    67.185
C25    23251615.604    10493961.187    25624955.186    -3387907.510    41.568
C26    24774248.158   -14262380.432     8584631.763    22365340.859    22.962
C33    23507617.906     3357673.081    17167282.481    21747948.401    38.351
C34    26244547.273    -7390517.253    14920044.836   -22405464.537     8.467
C38    36506814.995   -15630070.812    38271320.612    -7828332.075    58.389
C39    37465271.010    -7872100.789    25102801.980    33077378.429    45.778
C40    39595151.441   -23088452.696    23405356.295   -26530973.014    20.361
C42    22094818.706   -13882078.829    22552340.574     8901505.250    63.307
C59    37586372.285   -32332522.708    27044062.990      911327.167    42.533
C60    36419444.459     7297935.901    41518260.207      945090.314    62.155
2399 348810.000 12
C21    24775691.842   -22223721.720    14802378.728    -8146816.654    23.230
C24    21903329.265    -4321848.159    23346913.648    14614632.068    66.970
C25    23242289.834    10492241.057    25637441.506    -3296975.295    41.700
C26    24790465.934   -14285945.520     8511350.445    22378382.853    22.789
C33    23493587.425     3305375.352    17220198.489    21714147.910    38.539
C34    26244319.565    -7465482.329    14903437.817   -22391597.453     8.469
C38    36510851.877   -15586347.990    38273194.775    -7905158.111    58.306
C39    37469325.086    -7889163.844    25067265.962    33099911.152    45.715
C40    39588148.219   -23113044.388    23436535.551   -26482499.447    20.435
C42    22093850.374   -13904194.303    22572881.556     8814210.333    63.328
C59    37586523.805   -32332569.487    27044158.211      907545.546    42.532
C60    36419553.193     7297993.529    41518302.654      941537.605    62.152
2399 348840.000 12
C21    24787000.967   -22204957.130    14781458.893    -8235294.113    23.107
C24    21910703.578    -4339916.551    23299626.022    14684512.062    66.757
C25    23233030.150    10490451.740    25649634.531    -3205988.590    41.831
C26    24806687.029   -14309663.165     8438072.436    22391054.422    22.616
C33    23479574.925     3253270.491    17273141.204    21679989.118    38.728
C34    26244033.273    -7540432.362    14886984.339   -22377361.088     8.471
C38    36514919.240   -15542616.915    38274876.444    -7981946.073    58.223
C39    37473367.592    -7906382.480    25031805.792    33122286.577    45.653
C40    39581124.941   -23137500.085    23467822.771   -26433899.883    20.510
C42    22092950.223   -13926058.076    22593255.427     8726770.384    63.348
C59    37586675.793   -32332615.820    27044253.611      903759.576    42.530
C60    36419662.264     7298051.340    41518344.857      937980.386    62.149
2399 348870.000 12
C21    24798369.761   -22186024.772    14760283.608    -8323635.764    22.984
C24    21918139.050    -4358141.203    23252143.647    14754148.957    66.543
C25    23223837.953    10488591.973    25661534.422    -3114948.896    41.962
C26    24822911.878   -14333533.070     8364799.266    22403355.359    22.444
C33    23465578.187     3201359.221    17326109.161    21645472.589    38.917
C34    26243688.526    -7615365.802    14870684.523   -22362755.673     8.474
C38    36519018.331   -15498878.431    38276365.583    -8058695.590    58.140
C39    37477397.860    -7923756.367    24996422.146    33144504.597    45.591
C40    39574082.952   -23161819.319    23499217.363   -26385174.555    20.584
C42    22092119.492   -13947670.624    22613460.846     8639186.842    63.366
C59    37586827.357   -32332661.707    27044349.188      899969.274    42.528
C60    36419771.976     7298109.331    41518386.815      934418.676    62.146
2399 348900.000 12
C21    24809790.907   -22166925.984    14738852.389    -8411840.148    22.860
C24    21925634.770    -4376522.749    23204467.763    14823541.597    66.329
C25    23214711.399    10486660.495    25673141.345    -3023857.720    42.092
C26    24839141.400   -14357554.933     8291532.463    22415285.463    22.271
C33    23451600.442     3149642.259    17379100.892    21610598.895    39.107
C34    26243291.778    -7690281.099    14854538.482   -22347781.447     8.477
C38    36523146.875   -15455133.380    38277662.158    -8135406.292    58.056
C39    37481415.902    -7941285.166    24961115.701    33166565.102    45.530
C40    39567020.194   -23186001.625    23530718.733   -26336323.699    20.659
C42    22091356.383   -13969032.432    22633496.475     8551461.146    63.382
C59    37586979.911   -32332707.148    27044444.941      896174.659    42.526
C60    36419882.871     7298167.503    41518428.527      930852.492    62.143
2399 348930.000 12
C21    24821270.336   -22147662.108    14717164.760    -8499905.810    22.736
C24    21933189.995    -4395061.817    23156599.621    14892688.835    66.116
C25    23205653.188    10484656.045    25684455.477    -2932716.565    42.221
C26    24855374.178   -14381728.440     8218273.554    22426844.540    22.099
C33    23437641.001     3098120.311    17432114.926    21575368.612    39.297
C34    26242839.305    -7765176.702    14838546.322   -22332438.655     8.481
C38    36527305.689   -15411382.606    38278766.141    -8212077.810    57.972
C39    37485423.002    -7958968.539    24925887.130    33188467.985    45.468
C40    39559941.697   -23210046.540    23562326.283   -26287347.550    20.734
C42    22090661.734   -13990143.995    22653360.980     8463594.737    63.396
C59    37587132.707   -32332752.141    27044540.869      892375.748    42.524
C60    36419991.567     7298225.854    41518469.993      927281.850    62.139
2399 348960.000 12
C21    24832806.771   -22128234.492    14695220.255    -8587831.297    22.612
C24    21940805.833    -4413759.026    23108540.471    14961589.525    65.903
C25    23196660.147    10482577.365    25695477.005    -2841526.939    42.350
C26    24871609.508   -14406053.272     8145024.065    22438032.400    21.928
C33    23423699.511     3046794.075    17485149.789    21539782.323    39.487
C34    26242328.397    -7840051.061    14822708.138   -22316727.547     8.486
C38    36531497.222   -15367626.951    38279677.507    -8288709.772    57.887
C39    37489418.150    -7976806.143    24890737.104    33210213.139    45.407
C40    39552841.554   -23233953.604    23594039.416   -26238246.343    20.810
C42    22090037.151   -14011005.815    22673053.031     8375589.060    63.409
C59    37587285.491   -32332796.686    27044636.968      888572.561    42.522
C60    36420102.683     7298284.383    41518511.209      923706.767    62.136
2399 348990.000 12
C21    24844399.891   -22108644.486    14673018.416    -8675615.159    22.487
C24    21948480.083    -4432614.990    23060291.573    15030242.526    65.690
C25    23187734.911    10480423.199    25706206.124    -2750290.347    42.478
C26    24887846.911   -14430529.100     8071785.520    22448848.861    21.756
C33    23409777.576     2995664.240    17538204.001    21503840.615    39.678
C34    26241762.302    -7914902.624    14807024.019   -22300648.382     8.491
C38    36535717.294   -15323867.260    38280396.234    -8365301.810    57.802
C39    37493399.179    -7994797.633    24855666.294    33231800.457    45.346
C40    39545722.870   -23257722.360    23625857.530   -26189020.314    20.886
C42    22089481.909   -14031618.403    22692571.304     8287445.562    63.420
C59    37587439.134   -32332840.782    27044733.238      884765.115    42.520
C60    36420214.367     7298343.088    41518552.177      920127.261    62.133
2399 349020.000 12
C21    24856049.232   -22088893.443    14650558.793    -8763255.947    22.362
C24    21956213.518    -4451630.314    23011854.189    15098646.700    65.477
C25    23178875.470    10478192.290    25716643.036    -2659008.299    42.606
C26    24904089.162   -14455155.585     7998559.442    22459293.748    21.585
C33    23395873.734     2944731.486    17591276.082    21467544.084    39.869
C34    26241141.307    -7989729.841    14791494.042   -22284201.421     8.496
C38    36539969.086   -15280104.376    38280922.305    -8441853.555    57.717
C39    37497370.372    -8012942.661    24820675.370    33253229.833    45.285
C40    39538587.941   -23281352.352    23657780.023   -26139669.702    20.962
C42    22088995.951   -14051982.282    22711914.477     8199165.691    63.429
C59    37587591.728   -32332884.429    27044829.676      880953.428    42.519
C60    36420324.584     7298401.969    41518592.894      916543.349    62.130
2399 349050.000 12
C21    24867754.761   -22068982.722    14627840.947    -8850752.214    22.236
C24    21964005.328    -4470805.597    22963229.587    15166800.915    65.265
C25    23170084.322    10475883.387    25726787.956    -2567682.301    42.733
C26    24920330.021   -14479932.383     7925347.350    22469366.889    21.414
C33    23381989.355     2893996.485    17644364.548    21430893.328    40.061
C34    26240462.034    -8064531.160    14776118.280   -22267386.935     8.502
C38    36544250.969   -15236339.141    38281255.706    -8518364.637    57.631
C39    37501328.511    -8031240.875    24785764.999    33274501.164    45.225
C40    39531432.548   -23304843.129    23689806.290   -26090194.742    21.038
C42    22088579.524   -14072097.978    22731081.233     8110750.899    63.436
C59    37587743.823   -32332927.627    27044926.282      877137.519    42.517
C60    36420436.532     7298461.024    41518633.359      912955.047    62.127
2399 349080.000 12
C21    24879514.772   -22048913.685    14604864.446    -8938102.517    22.110
C24    21971856.158    -4490141.427    22914419.038    15234704.041    65.053
C25    23161358.565    10473495.238    25736641.104    -2476313.864    42.859
C26    24936574.728   -14504859.139     7852150.764    22479068.120    21.244
C33    23368127.100     2843459.900    17697467.911    21393888.955    40.253
C34    26239728.546    -8139305.030    14760896.793   -22250205.197     8.508
C38    36548563.990   -15192572.401    38281396.426    -8594834.687    57.545
C39    37505274.252    -8049691.922    24750935.847    33295614.343    45.165
C40    39524261.554   -23328194.241    23721935.724   -26040595.674    21.114
C42    22088234.404   -14091966.030    22750070.261     8022202.639    63.441
C59    37587897.371   -32332970.375    27045023.052      873317.406    42.515
C60    36420546.965     7298520.252    41518673.571      909362.374    62.124
2399 349110.000 12
C21    24891333.622   -22028687.697    14581628.870    -9025305.415    21.984
C24    21979764.558    -4509638.390    22865423.821    15302354.954    64.841
C25    23152700.556    10471026.594    25746202.711    -2384904.497    42.985
C26    24952822.464   -14529935.491     7778971.202    22488397.285    21.074
C33    23354283.660     2793122.384    17750584.680    21356531.575    40.445
C34    26238937.028    -8214049.900    14745829.635   -22232656.490     8.515
C38    36552907.492   -15148804.998    38281344.458    -8671263.337    57.458
C39    37509207.403    -8068295.446    24716188.578    33316569.270    45.105
C40    39517071.370   -23351405.240    23754167.717   -25990872.736    21.191
C42    22087959.110   -14111586.983    22768880.251     7933522.366    63.445
C59    37588051.763   -32333012.671    27045119.985      869493.107    42.513
C60    36420658.861     7298579.652    41518713.529      905765.345    62.121
2399 349140.000 12
C21    24903207.638   -22008306.127    14558133.803    -9112359.468    21.857
C24    21987731.120    -4529297.059    22816245.218    15369752.534    64.629
C25    23144110.034    10468476.206    25755473.017    -2293455.711    43.110
C26    24969069.321   -14555161.067     7705810.179    22497354.230    20.904
C33    23340462.482     2742984.584    17803713.362    21318821.806    40.638
C34    26238091.416    -8288764.219    14730916.850   -22214741.100     8.523
C38    36557280.795   -15105037.777    38281099.801    -8747650.217    57.371
C39    37513127.646    -8087051.085    24681523.856    33337365.839    45.045
C40    39509860.637   -23374475.683    23786501.658   -25941026.168    21.268
C42    22087755.069   -14130961.393    22787509.902     7844711.539    63.447
C59    37588205.892   -32333054.517    27045217.080      865664.640    42.511
C60    36420770.475     7298639.222    41518753.232      902163.980    62.118
2399 349170.000 12
C21    24915135.555   -21987770.348    14534378.844    -9199263.241    21.729
C24    21995754.506    -4549118.004    22766884.514    15436895.665    64.417
C25    23135585.687    10465842.831    25764452.270    -2201969.017    43.234
C26    24985319.824   -14580535.488     7632669.208    22505938.812    20.734
C33    23326662.922     2693047.134    17856852.461    21280760.272    40.831
C34    26237190.511    -8363446.437    14716158.474   -22196459.321     8.531
C38    36561684.750   -15061271.580    38280662.453    -8823994.960    57.284
C39    37517036.613    -8105958.477    24646942.341    33358003.950    44.986
C40    39502633.577   -23397405.127    23818936.935   -25891056.208    21.345
C42    22087621.118   -14150089.823    22805957.913     7755771.618    63.447
C59    37588359.090   -32333095.910    27045314.335      861832.025    42.509
C60    36420882.300     7298698.963    41518792.679      898558.293    62.115
2399 349200.000 12
C21    24927121.548   -21967081.737    14510363.596    -9286015.299    21.602
C24    22003833.885    -4569101.785    22717343.002    15503783.233    64.206
C25    23127130.042    10463125.224    25773140.726    -2110445.928    43.357
C26    25001566.292   -14606058.366     7559549.801    22514150.889    20.565
C33    23312884.672     2643310.662    17910000.477    21242347.602    41.024
C34    26236233.579    -8438095.002    14701554.536   -22177811.452     8.540
C38    36566117.667   -15017507.252    38280032.421    -8900297.197    57.197
C39    37520931.558    -8125017.257    24612444.694    33378483.502    44.926
C40    39495387.359   -23420193.135    23851472.933   -25840963.098    21.422
C42    22087557.590   -14168972.845    22824222.990     7666704.064    63.445
C59    37588513.551   -32333136.851    27045411.747      857995.279    42.507
C60    36420994.775     7298758.871    41518831.868      894948.304    62.111
2399 349230.000 12
C21    24939161.190   -21946241.673    14486087.673    -9372614.210    21.474
C24    22011970.066    -4589248.955    22667621.976    15570414.132    63.995
C25    23118740.283    10460322.145    25781538.653    -2018887.955    43.480
C26    25017815.546   -14631729.305     7486453.469    22521990.331    20.396
C33    23299129.175     2593775.787    17963155.907    21203584.430    41.218
C34    26235221.070    -8512708.364    14687105.053   -22158797.799     8.549
C38    36570580.881   -14973745.636    38279209.712    -8976556.560    57.109
C39    37524814.433    -8144227.056    24578031.572    33398804.394    44.867
C40    39488124.409   -23442839.270    23884109.036   -25790747.079    21.500
C42    22087565.554   -14187611.038    22842303.843     7577510.342    63.442
C59    37588666.601   -32333177.339    27045509.315      854154.420    42.505
C60    36421107.237     7298818.946    41518870.799      891334.028    62.108
2399 349260.000 12
C21    24951254.584   -21925251.541    14461550.700    -9459058.546    21.345
C24    22020162.356    -4609560.059    22617722.738    15636787.258    63.784
C25    23110418.049    10457432.354    25789646.326    -1927296.612    43.602
C26    25034065.568   -14657547.901     7413381.717    22529457.008    20.228
C33    23285395.322     2544443.118    18016317.248    21164471.398    41.412
C34    26234152.907    -8587284.974    14672810.037   -22139418.673     8.558
C38    36575075.492   -14929987.576    38278194.338    -9052772.681    57.021
C39    37528682.150    -8163587.502    24543703.633    33418966.526    44.809
C40    39480842.554   -23465343.098    23916844.626   -25740408.392    21.578
C42    22087645.913   -14206004.991    22860199.189     7488191.919    63.436
C59    37588821.058   -32333217.373    27045607.037      850309.467    42.503
C60    36421219.442     7298879.188    41518909.471      887715.484    62.105
2399 349290.000 12
C21    24963404.399   -21904112.725    14436752.308    -9545346.880    21.216
C24    22028410.471    -4630035.634    22567646.593    15702901.511    63.574
C25    23102163.754    10454454.614    25797464.027    -1835673.413    43.724
C26    25050311.297   -14683513.742     7340336.053    22536550.801    20.059
C33    23271685.395     2495313.255    18069482.991    21125009.151    41.607
C34    26233034.145    -8661823.282    14658669.488   -22119674.391     8.568
C38    36579601.082   -14886233.915    38276986.314    -9128945.193    56.932
C39    37532539.742    -8183098.222    24509461.531    33438969.800    44.750
C40    39473546.554   -23487704.188    23949679.083   -25689947.279    21.656
C42    22087798.896   -14224155.303    22877907.745     7398750.262    63.429
C59    37588976.027   -32333256.953    27045704.911      846460.439    42.501
C60    36421332.308     7298939.594    41518947.882      884092.689    62.102
2399 349320.000 12
C21    24975610.549   -21882826.617    14411692.139    -9631477.787    21.087
C24    22036713.295    -4650676.212    22517394.849    15768755.797    63.364
C25    23093975.871    10451387.693    25804992.049    -1744019.872    43.845
C26    25066556.839   -14709626.406     7267317.980    22543271.595    19.891
C33    23257997.855     2446386.790    18122651.626    21085198.342    41.802
C34    26231853.346    -8736321.738    14644683.400   -22099565.276     8.579
C38    36584155.528   -14842485.498    38275585.661    -9205073.729    56.843
C39    37536382.743    -8202758.839    24475305.919    33458814.117    44.692
C40    39466231.287   -23509922.112    23982611.785   -25639363.983    21.734
C42    22088022.218   -14242062.578    22895428.236     7309186.843    63.420
C59    37589129.727   -32333296.079    27045802.936      842607.354    42.500
C60    36421446.343     7299000.163    41518986.031      880465.659    62.099
2399 349350.000 12
C21    24987868.392   -21861394.609    14386369.844    -9717449.848    20.957
C24    22045071.155    -4671482.314    22466968.821    15834349.025    63.153
C25    23085855.889    10448230.357    25812230.694    -1652337.504    43.965
C26    25082803.151   -14735885.463     7194328.998    22549619.282    19.724
C33    23244335.964     2397664.305    18175821.640    21045039.629    41.997
C34    26230621.172    -8810778.794    14630851.757   -22079091.659     8.590
C38    36588739.202   -14798743.167    38273992.400    -9281157.920    56.754
C39    37540212.436    -8222568.972    24441237.450    33478499.379    44.634
C40    39458896.078   -23531996.446    24015642.107   -25588658.746    21.812
C42    22088318.294   -14259727.430    22912759.393     7219503.133    63.409
C59    37589286.022   -32333334.750    27045901.109      838750.230    42.498
C60    36421558.479     7299060.895    41519023.917      876834.413    62.096
2399 349380.000 12
C21    25000183.022   -21839818.099    14360785.081    -9803261.641    20.827
C24    22053484.294    -4692454.455    22416369.827    15899680.108    62.944
C25    23077801.656    10444981.376    25819180.272    -1560627.824    44.084
C26    25099046.509   -14762290.477     7121370.606    22555593.759    19.556
C33    23230698.146     2349146.374    18228991.518    21004533.676    42.193
C34    26229334.891    -8885192.901    14617174.536   -22058253.875     8.602
C38    36593353.756   -14755007.765    38272206.559    -9357197.400    56.665
C39    37544030.593    -8242528.238    24407256.772    33498025.491    44.576
C40    39451546.444   -23553926.766    24048769.425   -25537831.814    21.891
C42    22088686.094   -14277150.482    22929899.948     7129700.609    63.397
C59    37589440.599   -32333372.966    27045999.429      834889.085    42.496
C60    36421672.180     7299121.787    41519061.539      873198.968    62.093
2399 349410.000 12
C21    25012551.045   -21818098.486    14334937.521    -9888911.753    20.696
C24    22061950.589    -4713593.142    22365599.188    15964747.965    62.734
C25    23069816.509    10441639.525    25825841.102    -1468892.348    44.203
C26    25115286.503   -14788841.001     7048444.303    22561194.931    19.389
C33    23217083.613     2300833.560    18282159.741    20963681.151    42.389
C34    26227990.204    -8959562.513    14603651.704   -22037052.265     8.614
C38    36597997.669   -14711280.137    38270228.168    -9433191.803    56.575
C39    37547833.629    -8262636.252    24373364.535    33517392.356    44.518
C40    39444178.166   -23575712.652    24081993.110   -25486883.431    21.970
C42    22089126.844   -14294332.364    22946848.642     7039780.745    63.382
C59    37589596.071   -32333410.725    27046097.894      831023.939    42.494
C60    36421786.166     7299182.840    41519098.896      869559.340    62.089
2399 349440.000 12
C21    25024975.514   -21796237.172    14308826.842    -9974398.769    20.566
C24    22070470.836    -4734898.875    22314658.231    16029551.518    62.525
C25    23061898.954    10438203.577    25832213.511    -1377132.592    44.321
C26    25131524.511   -14815536.582     6975551.580    22566422.707    19.223
C33    23203495.254     2252726.421    18335324.790    20922482.731    42.586
C34    26226592.574    -9033886.083    14590283.218   -22015487.176     8.627
C38    36602671.579   -14667561.124    38268057.261    -9509140.761    56.485
C39    37551623.500    -8282892.626    24339561.384    33536599.879    44.461
C40    39436793.296   -23597353.687    24115312.534   -25435813.840    22.049
C42    22089640.751   -14311273.716    22963604.218     6949745.020    63.366
C59    37589752.310   -32333448.028    27046196.502      827154.810    42.492
C60    36421900.828     7299244.051    41519135.987      865915.549    62.086
2399 349470.000 12
C21    25037451.423   -21774235.563    14282452.731   -10059721.278    20.434
C24    22079045.629    -4756372.144    22263548.288    16094089.693    62.316
C25    23054049.351    10434672.311    25838297.836    -1285350.074    44.438
C26    25147761.867   -14842376.757     6902693.932    22571277.005    19.056
C33    23189933.875     2204825.500    18388485.141    20880939.095    42.783
C34    26225137.906    -9108162.063    14577069.031   -21993558.962     8.640
C38    36607376.338   -14623851.571    38265693.876    -9585043.909    56.394
C39    37555400.315    -8303296.968    24305847.965    33555647.965    44.404
C40    39429392.771   -23618849.457    24148727.065   -25384623.289    22.129
C42    22090228.900   -14327975.185    22980165.425     6859594.916    63.348
C59    37589907.253   -32333484.874    27046295.252      823281.716    42.490
C60    36422014.650     7299305.419    41519172.811      862267.610    62.083
2399 349500.000 12
C21    25049983.006   -21752095.069    14255814.884   -10144877.872    20.303
C24    22087671.926    -4778013.433    22212270.693    16158361.423    62.107
C25    23046266.301    10431044.508    25844094.422    -1193546.309    44.555
C26    25163995.110   -14869361.056     6829872.846    22575757.746    18.890
C33    23176395.976     2157131.336    18441639.269    20839050.931    42.980
C34    26223629.304    -9182388.910    14564009.082   -21971267.983     8.654
C38    36612108.420   -14580152.319    38263138.054    -9660900.880    56.303
C39    37559163.916    -8323848.884    24272224.922    33574536.522    44.347
C40    39421971.749   -23640199.550    24182236.071   -25333312.022    22.209
C42    22090889.142   -14344437.426    22996531.017     6769331.914    63.328
C59    37590063.395   -32333521.263    27046394.141      819404.675    42.488
C60    36422128.595     7299366.943    41519209.367      858615.541    62.080
2399 349530.000 12
C21    25062569.627   -21729817.101    14228913.008   -10229867.145    20.171
C24    22096352.063    -4799823.219    22160826.785    16222365.641    61.899
C25    23038550.562    10427318.950    25849603.624    -1101722.816    44.670
C26    25180225.326   -14896488.999     6757089.811    22579864.860    18.724
C33    23162887.735     2109644.458    18494785.647    20796818.930    43.178
C34    26222069.823    -9256565.077    14551103.306   -21948614.604     8.668
C38    36616872.374   -14536464.211    38260389.841    -9736711.308    56.212
C39    37562913.213    -8344547.977    24238692.894    33593265.455    44.291
C40    39414536.735   -23661403.558    24215838.916   -25281880.287    22.288
C42    22091622.912   -14360661.102    23012699.755     6678957.498    63.306
C59    37590219.677   -32333557.194    27046493.167      815523.707    42.486
C60    36422243.601     7299428.622    41519245.654      854959.360    62.077
2399 349560.000 11
C21    25075206.492   -21707403.074    14201746.817   -10314687.696    20.038
C24    22105083.514    -4821801.969    22109217.908    16286101.289    61.691
C25    23030901.385    10423494.424    25854825.803    -1009881.112    44.785
C26    25196452.696   -14923760.101     6684346.309    22583598.281    18.559
C33    23149403.684     2062365.383    18547922.746    20754243.790    43.376
C34    26220453.787    -9330689.023    14538351.627   -21925599.196     8.683
C38    36621665.014   -14492788.090    38257449.285    -9812474.827    56.121
C40    39407085.508   -23682461.073    24249534.964   -25230328.331    22.369
C42    22092429.658   -14376646.887    23028670.402     6588473.155    63.282
C59    37590375.957   -32333592.667    27046592.330      811638.830    42.484
C60    36422358.287     7299490.455    41519281.670      851299.085    62.074
2399 349590.000 12
C21    25087900.926   -21684854.404    14174316.037   -10399338.123    19.905
C24    22113867.584    -4843950.143    22057445.407    16349567.310    61.483
C25    23023321.825    10419569.718    25859761.331     -918022.716    44.900
C26    25212676.036   -14951173.866     6611643.824    22586957.951    18.394
C33    23135948.440     2015294.621    18601049.034    20711326.216    43.574
C34    26218780.606    -9404759.204    14525753.960   -21902222.137     8.698
C38    36626487.513   -14449124.797    38254316.440    -9888191.072    56.029
C39    37570370.613    -8386386.092    24171904.446    33630244.084    44.178
C40    39399613.936   -23703371.693    24283323.577   -25178656.401    22.449
C42    22093311.290   -14392395.460    23044441.728     6497880.373    63.256
C59    37590531.747   -32333627.681    27046691.626      807750.063    42.482
C60    36422473.739     7299552.440    41519317.415      847634.732    62.070
2399 349620.000 12
C21    25100646.468   -21662172.513    14146620.402   -10483817.031    19.772
C24    22122701.216    -4866268.194    22005510.635    16412762.655    61.275
C25    23015809.225    10415543.624    25864410.588     -826149.146    45.013
C26    25228892.411   -14978729.791     6538983.833    22589943.817    18.229
C33    23122518.963     1968432.674    18654162.977    20668066.915    43.773
C34    26217053.471    -9478774.078    14513310.213   -21878483.810     8.714
C38    36631337.889   -14405475.175    38250991.360    -9963859.678    55.937
C39    37574078.562    -8407524.306    24138649.300    33648493.598    44.123
C40    39392129.983   -23724135.017    24317204.114   -25126864.746    22.530
C42    22094265.329   -14407907.508    23060012.509     6407180.641    63.229
C59    37590687.735   -32333662.236    27046791.054      803857.424    42.480
C60    36422587.905     7299614.575    41519352.887      843966.320    62.067
2399 349650.000 12
C21    25113444.143   -21639358.822    14118659.653   -10568123.024    19.639
C24    22131586.190    -4888756.565    21953414.946    16475686.275    61.068
C25    23008363.082    10411414.936    25868773.962     -734261.920    45.126
C26    25245106.305   -15006427.365     6466367.813    22592555.833    18.064
C33    23109119.581     1921780.033    18707263.039    20624466.603    43.972
C34    26215269.516    -9552732.104    14501020.285   -21854384.604     8.730
C38    36636219.617   -14361840.065    38247474.107   -10039480.280    55.845
C39    37577770.912    -8428808.082    24105487.718    33666583.124    44.067
C40    39384628.501   -23744750.648    24351175.935   -25074953.614    22.610
C42    22095295.154   -14423183.729    23075381.524     6316375.451    63.200
C59    37590842.954   -32333696.332    27046890.612      799960.932    42.479
C60    36422703.224     7299676.861    41519388.087      840293.865    62.064
2399 349680.000 12
C21    25126298.470   -21616414.759    14090433.544   -10652254.712    19.505
C24    22140523.439    -4911415.693    21901159.698    16538337.130    60.861
C25    23000983.868    10407182.452    25872851.852     -642362.558    45.238
C26    25261315.487   -15034266.068     6393797.239    22594793.958    17.900
C33    23095747.142     1875337.179    18760347.682    20580526.000    44.172
C34    26213435.749    -9626631.744    14488884.067   -21829924.915     8.747
C38    36641129.820   -14318220.309    38243764.745   -10115052.512    55.752
C39    37581450.270    -8450237.008    24072420.333    33684512.574    44.012
C40    39377108.082   -23765218.191    24385238.395   -25022923.256    22.691
C42    22096398.589   -14438224.827    23090547.561     6225466.296    63.168
C59    37590999.632   -32333729.967    27046990.299      796060.605    42.477
C60    36422819.433     7299739.295    41519423.011      836617.386    62.061
2399 349710.000 12
C21    25139202.202   -21593341.750    14061941.837   -10736210.704    19.370
C24    22149509.980    -4934246.007    21848746.255    16600714.181    60.654
C25    22993673.534    10402844.971    25876644.662     -550452.578    45.349
C26    25277516.469   -15062245.373     6321273.579    22596658.158    17.736
C33    23082406.532     1829104.587    18813415.368    20536245.832    44.372
C34    26211553.420    -9700471.459    14476901.439   -21805105.143     8.765
C38    36646069.138   -14274616.748    38239863.339   -10190576.011    55.659
C39    37585115.863    -8471810.671    24039447.777    33702281.858    43.957
C40    39369575.808   -23785537.253    24419390.849   -24970773.921    22.773
C42    22097576.866   -14453031.514    23105509.410     6134454.672    63.136
C59    37591156.381   -32333763.143    27047090.113      792156.462    42.475
C60    36422934.824     7299801.876    41519457.661      832936.900    62.058
2399 349740.000 12
C21    25152159.675   -21570141.226    14033184.303   -10819989.617    19.236
C24    22158546.986    -4957247.927    21796175.982    16662816.395    60.448
C25    22986430.410    10398401.297    25880152.807     -458533.501    45.460
C26    25293713.718   -15090364.745     6248798.303    22598148.406    17.573
C33    23069093.018     1783082.720    18866464.554    20491626.831    44.572
C34    26209611.595    -9774249.712    14465072.275   -21779925.696     8.782
C38    36651037.994   -14231030.223    38235769.962   -10266050.412    55.566
C39    37588768.274    -8493528.654    24006570.679    33719890.890    43.902
C40    39362023.894   -23805707.444    24453632.651   -24918505.859    22.854
C42    22098830.025   -14467604.510    23120265.867     6043342.074    63.101
C59    37591314.737   -32333795.857    27047190.051      788248.522    42.473
C60    36423049.981     7299864.603    41519492.033      829252.424    62.054
2399 349770.000 10
C21    25165172.643   -21546814.621    14004160.722   -10903590.066    19.101
C24    22167633.460    -4980421.865    21743450.250    16724642.745    60.242
C25    22979254.957    10393850.237    25883376.710     -366606.845    45.570
C33    23055811.526     1737272.033    18919493.697    20446669.734    44.773
C34    26207614.149    -9847964.966    14453396.441   -21754386.988     8.801
C38    36656035.905   -14187461.573    38231484.688   -10341475.350    55.472
C40    39354459.975   -23825728.380    24487963.151   -24866119.321    22.936
C42    22100158.501   -14481944.544    23134815.736     5952130.003    63.064
C59    37591472.562   -32333828.111    27047290.111      784336.804    42.471
C60    36423166.776     7299927.475    41519526.129      825563.977    62.051
2399 349800.000 11
C24    22176768.733    -5003768.225    21690570.432    16786192.206    60.036
C25    22972147.105    10389190.600    25886316.803     -274674.130    45.678
C26    25326090.386   -15147021.505     6103998.757    22600006.965    17.246
C33    23042559.279     1691672.971    18972501.252    20401375.283    44.974
C34    26205563.370    -9921615.687    14441873.791   -21728489.436     8.820
C38    36661063.008   -14143911.640    38227007.596   -10416850.462    55.379
C39    37596027.607    -8537395.903    23941105.360    33754627.849    43.793
C40    39346878.322   -23845599.676    24522381.700   -24813614.560    23.018
C42    22101561.477   -14496052.352    23149157.824     5860819.957    63.026
C59    37591628.967   -32333859.903    27047390.293      780421.326    42.469
C60    36423283.093     7299990.489    41519559.945      821871.575    62.048
2399 349830.000 12
C21    25191351.014   -21499788.911    13945314.590   -11070250.059    18.830
C24    22185953.238    -5027287.405    21637537.905    16847463.759    59.830
C25    22965105.985    10384421.198    25888973.526     -182736.876    45.787
C26    25342267.172   -15175557.782     6031677.407    22600375.251    17.084
C33    23029336.283     1646285.970    19025485.673    20355744.227    45.175
C34    26203460.916    -9995200.343    14430504.174   -21702233.465     8.839
C38    36666118.310   -14100381.263    38222338.768   -10492175.384    55.285
C39    37599635.363    -8559544.321    23908518.390    33771755.605    43.739
C40    39339280.627   -23865320.951    24556887.645   -24760991.828    23.100
C42    22103040.744   -14509928.679    23163290.944     5769413.438    62.985
C59    37591786.543   -32333891.234    27047490.594      776502.107    42.467
C60    36423400.415     7300053.646    41519593.483      818175.237    62.045
2399 349860.000 12
C21    25204517.102   -21476092.684    13915491.646   -11153306.852    18.694
C24    22195186.213    -5050979.792    21584354.050    16908456.389    59.625
C25    22958133.768    10379540.849    25891347.327      -90796.604    45.894
C26    25358440.912   -15204231.903     5959410.281    22600369.535    16.922
C33    23016147.072     1601111.458    19078445.410    20309777.319    45.377
C34    26201304.516   -10068717.401    14419287.429   -21675619.508     8.859
C38    36671203.571   -14056871.282    38217478.289   -10567449.753    55.190
C39    37603227.963    -8581835.367    23876029.374    33788722.764    43.685
C40    39331668.062   -23884891.827    24591480.333   -24708251.376    23.183
C42    22104594.568   -14523574.275    23177213.917     5677911.950    62.943
C59    37591944.098   -32333922.102    27047591.012      772579.166    42.465
C60    36423516.533     7300116.944    41519626.740      814474.980    62.042
2399 349890.000 12
C21    25217738.940   -21452276.132    13885401.873   -11236179.679    18.557
C24    22204466.897    -5074845.767    21531020.251    16969169.086    59.420
C25    22951227.368    10374548.370    25893438.664        1145.168    46.000
C26    25374604.832   -15233043.293     5887198.832    22599989.821    16.760
C33    23002989.477     1556149.852    19131378.915    20263475.320    45.579
C34    26199094.327   -10142165.331    14408223.387   -21648647.999     8.879
C38    36676317.910   -14013382.535    38212426.249   -10642673.205    55.096
C39    37606807.138    -8604268.611    23843638.934    33805529.243    43.632
C40    39324039.985   -23904311.930    24626159.109   -24655393.459    23.265
C42    22106225.129   -14536989.901    23190925.567     5586316.998    62.899
C59    37592102.476   -32333952.508    27047691.546      768652.521    42.463
C60    36423634.494     7300180.381    41519659.715      810770.822    62.038
2399 349920.000 12
C21    25231009.599   -21428340.699    13855045.096   -11318867.173    18.421
C24    22213795.087    -5098885.701    21477537.895    17029600.846    59.215
C25    22944388.457    10369442.586    25895248.003       93086.918    46.106
C26    25390762.983   -15261991.368     5815044.509    22599236.118    16.598
C33    22989862.260     1511401.560    19184284.635    20216838.993    45.782
C34    26196830.545   -10215542.604    14397311.869   -21621319.382     8.900
C38    36681461.354   -13969915.862    38207182.742   -10717845.378    55.001
C39    37610372.479    -8626843.618    23811347.686    33822174.960    43.578
C40    39316395.705   -23923580.886    24660923.315   -24602418.330    23.348
C42    22107930.724   -14550176.325    23204424.724     5494630.089    62.853
C59    37592260.394   -32333982.451    27047792.193      764722.192    42.461
C60    36423751.970     7300243.956    41519692.408      807062.781    62.035
2399 349950.000 12
C21    25244333.447   -21404287.832    13824421.155   -11401367.970    18.284
C24    22223169.314    -5123099.959    21423908.373    17089750.666    59.011
C25    22937619.197    10364222.321    25896775.818      185027.128    46.211
C26    25406913.312   -15291075.537     5742948.758    22598108.441    16.437
C33    22976768.862     1466866.982    19237161.019    20169869.109    45.985
C34    26194517.115   -10288847.694    14386552.690   -21593634.106     8.922
C38    36686632.902   -13926472.100    38201747.864   -10792965.908    54.906
C39    37613920.943    -8649559.955    23779156.248    33838659.831    43.525
C40    39308735.715   -23942698.328    24695772.294   -24549326.243    23.431
C42    22109712.631   -14563134.323    23217710.226     5402852.730    62.806
C59    37592417.300   -32334011.930    27047892.952      760788.197    42.459
C60    36423868.631     7300307.668    41519724.817      803350.874    62.032
2399 349980.000 10
C24    22232591.126    -5147488.896    21370133.081    17149617.552    58.807
C25    22930914.331    10358886.405    25898022.591      276964.277    46.315
C33    22963707.829     1422546.508    19290006.511    20122566.445    46.188
C34    26192148.425   -10362079.075    14375945.655   -21565592.625     8.944
C38    36691832.988   -13883052.088    38196121.715   -10868034.434    54.810
C39    37617456.991    -8672417.183    23747065.232    33854983.775    43.472
C40    39301061.673   -23961663.888    24730705.384   -24496117.454    23.514
C42    22111570.250   -14575864.676    23230780.915     5310986.431    62.756
C59    37592576.653   -32334040.947    27047993.820      756850.555    42.457
C60    36423986.023     7300371.516    41519756.942      799635.119    62.029
2399 350010.000 11
C21    25271130.142   -21355835.594    13762371.170   -11565804.025    18.008
C24    22242060.390    -5172052.860    21316213.415    17209200.512    58.603
C25    22924278.534    10353433.671    25898988.813      368896.844    46.419
C26    25439185.490   -15349649.750     5598938.739    22594731.261    16.115
C33    22950679.731     1378440.517    19342819.557    20074931.781    46.392
C34    26189724.599   -10435235.223    14365490.560   -21537195.398     8.966
C38    36697061.675   -13839656.663    38190304.401   -10943050.593    54.715
C39    37620975.107    -8695414.861    23715075.252    33871146.711    43.420
C40    39293372.678   -23980477.202    24765721.925   -24442792.217    23.598
C59    37592734.585   -32334069.499    27048094.797      752909.285    42.455
C60    36424104.177     7300435.497    41519788.782      795915.534    62.025
2399 350040.000 12
C21    25284607.029   -21331439.125    13730944.850   -11647736.569    17.870
C24    22251574.420    -5196792.191    21262150.775    17268498.558    58.400
C25    22917709.830    10347862.956    25899674.984      460823.311    46.521
C26    25455310.902   -15379138.572     5527027.348    22592481.819    15.955
C33    22937686.134     1334549.381    19395598.599    20026965.904    46.596
C34    26187246.526   -10508314.616    14355187.195   -21508442.893     8.989
C38    36702318.990   -13796286.662    38184296.028   -11018014.023    54.619
C39    37624479.654    -8718552.545    23683186.918    33887148.559    43.368
C40    39285670.226   -23999137.910    24800821.254   -24389350.789    23.682
C42    22115515.382   -14600645.622    23256273.253     5126993.060    62.652
C59    37592895.040   -32334097.588    27048195.879      748964.405    42.453
C60    36424222.877     7300499.611    41519820.336      792192.136    62.022
2399 350070.000 12
C21    25298132.517   -21306931.031    13699250.806   -11729476.986    17.732
C24    22261135.608    -5221707.220    21207946.567    17327510.710    58.197
C25    22911209.219    10342173.100    25900081.611      552742.156    46.623
C26    25471422.865   -15408761.043     5455180.278    22589858.529    15.795
C33    22924727.588     1290873.463    19448342.079    19978669.607    46.800
C34    26184721.832   -10581315.735    14345035.338   -21479335.581     9.013
C38    36707604.101   -13752942.921    38178096.709   -11092924.362    54.522
C39    37627969.842    -8741829.789    23651400.837    33902989.240    43.316
C40    39277950.619   -24017645.655    24836002.704   -24335793.427    23.766
C42    22117602.785   -14612697.819    23268692.618     5034869.015    62.597
C59    37593052.884   -32334125.212    27048297.066      745015.936    42.451
C60    36424341.129     7300563.857    41519851.602      788464.944    62.019
2399 350100.000 11
C21    25311708.197   -21282312.765    13667288.926   -11811023.926    17.593
C24    22270740.494    -5246798.269    21153602.197    17386235.990    57.994
C25    22904775.114    10336362.946    25900209.211      644651.861    46.723
C33    22911802.780     1247413.113    19501048.439    19930043.687    47.005
C34    26182142.526   -10654237.061    14335034.763   -21449873.939     9.036
C38    36712917.860   -13709626.277    38171706.558   -11167781.250    54.426
C39    37631443.736    -8765246.145    23619717.617    33918668.674    43.264
C40    39270216.752   -24036000.082    24871265.611   -24282120.387    23.850
C42    22119766.496   -14624525.582    23280892.599     4942662.083    62.541
C59    37593211.993   -32334152.371    27048398.355      741063.895    42.450
C60    36424458.522     7300628.233    41519882.580      784733.975    62.016
2399 350130.000 12
C21    25325336.308   -21257585.788    13635059.101   -11892376.045    17.454
C24    22280390.985    -5272065.655    21099119.075    17444673.426    57.791
C25    22898408.247    10330431.341    25900058.309      736550.906    46.823
C26    25503627.890   -15468404.402     5311684.820    22583490.593    15.476
C33    22898914.177     1204168.676    19553716.117    19881088.948    47.210
C34    26179509.905   -10727077.077    14325185.230   -21420058.453     9.061
C38    36718261.207   -13666337.564    38165125.695   -11242584.324    54.329
C39    37634903.026    -8788801.161    23588137.861    33934186.785    43.212
C40    39262468.877   -24054200.837    24906609.305   -24228331.926    23.934
C42    22122007.478   -14636129.731    23292872.069     4850373.782    62.482
C59    37593372.101   -32334179.065    27048499.744      737108.301    42.448
C60    36424578.270     7300692.738    41519913.268      780999.247    62.012
2399 350160.000 10
C21    25339013.177   -21232751.558    13602561.237   -11973531.997    17.315
C25    22892108.581    10324377.138    25899629.436      828437.771    46.923
C26    25519712.778   -15498424.005     5240039.278    22579746.060    15.317
C33    22886060.847     1161140.486    19606343.554    19831806.197    47.415
C34    26176821.381   -10799834.270    14315486.497   -21389889.610     9.086
C38    36723631.587   -13623077.619    38158354.242   -11317333.223    54.233
C39    37638347.232    -8812494.383    23556662.173    33949543.494    43.161
C40    39254706.230   -24072247.573    24942033.119   -24174428.304    24.019
C59    37593532.553   -32334205.294    27048601.232      733149.174    42.446
C60    36424696.834     7300757.370    41519943.667      777260.778    62.009
2399 350190.000 12
C21    25352737.940   -21207811.538    13569795.245   -12054490.444    17.175
C24    22299823.989    -5323130.651    20989742.231    17560680.899    57.387
C25    22885875.010    10318199.191    25898923.135      920310.937    47.021
C26    25535786.533   -15528574.688     5168463.753    22575627.901    15.158
C33    22873243.683     1118328.866    19658929.186    19782196.250    47.621
C34    26174089.796   -10872507.127    14305938.308   -21359367.907     9.111
C38    36729030.516   -13579847.274    38151392.325   -11392027.588    54.135
C39    37641774.108    -8836325.353    23525291.153    33964738.727    43.110
C40    39246929.246   -24090139.944    24977536.379   -24120409.778    24.104
C42    22126720.903   -14658670.512    23316165.000     4665559.145    62.360
C59    37593692.225   -32334231.058    27048702.817      729186.532    42.444
C60    36424816.102     7300822.129    41519973.774      773518.586    62.006
2399 350220.000 12
C21    25366516.247   -21182767.191    13536761.049   -12135250.050    17.035
C24    22309605.934    -5348928.851    20934851.344    17618249.016    57.186
C25    22879710.117    10311896.359    25897939.955     1012168.885    47.118
C26    25551852.061   -15558855.788     5096959.659    22571136.188    15.000
C33    22860461.958     1075734.132    19711471.451    19732259.925    47.827
C34    26171302.030   -10945094.138    14296540.401   -21328493.845     9.137
C38    36734458.288   -13536647.365    38144240.075   -11466667.057    54.038
C39    37645187.696    -8860293.614    23494025.398    33979772.406    43.059
C40    39239140.617   -24107877.606    25013118.415   -24066276.608    24.189
C42    22129193.367   -14669608.823    23327476.236     4573035.849    62.297
C59    37593849.884   -32334256.356    27048804.497      725220.395    42.442
C60    36424935.024     7300887.012    41520003.590      769772.689    62.002
2399 350250.000 12
C21    25380344.346   -21157619.981    13503458.581   -12215809.480    16.895
C24    22319431.659    -5374904.563    20879827.375    17675525.446    56.985
C25    22873610.932    10305467.504    25896680.452     1104010.095    47.215
C26    25567906.678   -15589266.637     5025528.407    22566270.999    14.842
C33    22847717.115     1033356.589    19763968.784    19681998.047    48.033
C34    26168463.521   -11017593.795    14287292.507   -21297267.930     9.164
C38    36739913.472   -13493478.725    38136897.625   -11541251.271    53.940
C39    37648584.680    -8884398.701    23462865.507    33994644.458    43.009
C40    39231334.284   -24125460.218    25048778.552   -24012029.053    24.274
C42    22131743.232   -14680326.881    23338562.514     4480437.265    62.231
C59    37594010.675   -32334281.188    27048906.270      721250.781    42.440
C60    36425054.889     7300952.019    41520033.113      766023.104    61.999
2399 350280.000 11
C21    25394219.384   -21132371.375    13469887.783   -12296167.405    16.754
C24    22329300.062    -5401058.061    20824671.749    17732509.242    56.784
C26    25583952.092   -15619806.557     4954171.404    22561032.417    14.684
C33    22835011.161      991196.534    19816419.621    19631411.446    48.240
C34    26165571.590   -11090004.592    14278194.346   -21265690.676     9.190
C38    36745395.825   -13450342.185    38129365.111   -11615779.869    53.843
C39    37651965.960    -8908640.152    23431812.072    34009354.808    42.958
C40    39223515.533   -24142887.445    25084516.114   -23957667.374    24.360
C42    22134371.389   -14690825.543    23349422.738     4387764.916    62.164
C59    37594169.701   -32334305.553    27049008.133      717277.709    42.438
C60    36425175.029     7301017.147    41520062.342      762269.850    61.996
2399 350310.000 12
C21    25408144.296   -21107022.841    13436048.606   -12376322.497    16.613
C24    22339210.078    -5427389.610    20769385.893    17789199.461    56.583
C25    22861615.218    10292227.198    25893334.755     1287636.232    47.405
C26    25599982.783   -15650474.863     4882890.053    22555420.532    14.527
C33    22822342.201      949254.253    19868822.396    19580500.958    48.448
C34    26162630.361   -11162325.025    14269245.632   -21233762.601     9.218
C38    36750906.523   -13407238.579    38121642.676   -11690252.491    53.744
C39    37655331.744    -8933017.498    23400865.687    34023903.382    42.908
C40    39215682.190   -24160158.950    25120330.426   -23903191.832    24.445
C42    22137076.330   -14701105.675    23360055.818     4295020.327    62.095
C59    37594329.893   -32334329.453    27049110.086      713301.199    42.436
C60    36425294.334     7301082.397    41520091.276      758512.945    61.993
2399 350340.000 12
C21    25422116.425   -21081575.847    13401941.011   -12456273.435    16.472
C24    22349163.024    -5453899.467    20713971.237    17845595.163    56.383
C25    22855717.987    10285413.492    25891249.715     1379418.121    47.499
C26    25616002.002   -15681270.864     4811685.753    22549435.440    14.370
C33    22809711.777      907530.024    19921175.543    19529267.424    48.655
C34    26159636.030   -11234553.594    14260446.068   -21201484.229     9.246
C38    36756444.819   -13364168.737    38113730.463   -11764668.779    53.646
C39    37658682.004    -8957530.270    23370026.942    34038290.109    42.859
C40    39207836.902   -24177274.404    25156220.807   -23848602.687    24.531
C42    22139860.029   -14711168.152    23370460.671     4202205.023    62.025
C59    37594490.914   -32334352.885    27049212.127      709321.269    42.434
C60    36425415.260     7301147.766    41520119.915      754752.406    61.989
2399 350370.000 12
C21    25436141.071   -21056031.865    13367564.968   -12536018.896    16.331
C24    22359157.484    -5480587.880    20658429.215    17901695.415    56.183
C25    22849887.209    10278469.255    25888890.667     1471177.201    47.593
C26    25632012.541   -15712193.859     4740559.898    22543077.244    14.213
C33    22797119.503      866024.115    19973477.495    19477711.688    48.863
C34    26156591.906   -11306688.800    14251795.352   -21168856.091     9.274
C38    36762011.751   -13321133.491    38105628.621   -11839028.373    53.548
C39    37662015.826    -8982177.996    23339296.425    34052514.917    42.809
C40    39199974.129   -24194233.477    25192186.580   -23793900.202    24.618
C42    22142721.013   -14721013.852    23380636.220     4109320.533    61.952
C59    37594651.062   -32334375.851    27049314.252      705337.939    42.432
C60    36425534.341     7301213.252    41520148.257      750988.251    61.986
2399 350400.000 12
C21    25450213.181   -21030392.365    13332920.458   -12615557.566    16.189
C24    22369193.553    -5507455.090    20602761.260    17957499.287    55.983
C25    22844123.162    10271393.368    25886258.208     1562911.954    47.685
C26    25648008.274   -15743243.140     4669513.880    22536346.052    14.057
C33    22784566.758      824736.785    20025726.686    19425834.604    49.071
C34    26153491.905   -11378729.145    14243293.171   -21135878.723     9.303
C38    36767605.328   -13278133.671    38097337.302   -11913330.914    53.449
C39    37665333.581    -9006960.200    23308674.722    34066577.734    42.760
C40    39192103.263   -24211035.844    25228227.061   -23739084.638    24.704
C42    22145660.562   -14730643.663    23390581.394     4016368.383    61.879
C59    37594811.144   -32334398.349    27049416.462      701351.227    42.430
C60    36425654.701     7301278.856    41520176.302      747220.499    61.983
2399 350430.000 12
C21    25464332.830   -21004658.820    13298007.469   -12694888.130    16.047
C24    22379270.608    -5534501.328    20546968.812    18013005.857    55.784
C25    22838425.818    10264184.720    25883352.946     1654620.864    47.776
C26    25663991.622   -15774417.993     4598549.086    22529241.979    13.901
C33    22772053.593      783668.282    20077921.546    19373637.028    49.280
C34    26150345.582   -11450673.137    14234939.205   -21102552.665     9.332
C38    36773226.979   -13235170.106    38088856.660   -11987576.044    53.350
C39    37668637.029    -9031876.405    23278162.418    34080478.491    42.711
C40    39184215.726   -24227681.184    25264341.570   -23684156.260    24.791
C42    22148678.261   -14740058.481    23400295.131     3923350.104    61.803
C59    37594973.292   -32334420.380    27049518.753      697361.152    42.428
C60    36425777.286     7301344.574    41520204.048      743449.167    61.979
2399 350460.000 12
C21    25478498.838   -20978832.705    13262826.002   -12774009.279    15.904
C24    22389387.732    -5561726.817    20491053.309    18068214.206    55.585
C25    22832795.382    10256842.202    25880175.494     1746302.413    47.867
C26    25679963.872   -15805717.695     4527666.898    22521765.145    13.745
C33    22759579.800      742818.847    20130060.508    19321119.821    49.489
C34    26147146.916   -11522519.283    14226733.125   -21068878.466     9.362
C38    36778876.869   -13192243.626    38080186.856   -12061763.405    53.251
C39    37671922.827    -9056926.131    23247760.094    34094217.118    42.662
C40    39176315.532   -24244169.175    25300529.421   -23629115.329    24.877
C42    22151773.944   -14749259.206    23409776.373     3830267.227    61.726
C59    37595131.942   -32334441.944    27049621.124      693367.735    42.426
C60    36425898.315     7301410.407    41520231.496      739674.274    61.976
2399 350490.000 12
C21    25492715.611   -20952915.494    13227376.066   -12852919.706    15.761
C24    22399544.919    -5589131.773    20435016.196    18123123.418    55.387
C25    22827231.456    10249364.709    25876726.476     1837955.085    47.956
C26    25695921.665   -15837141.516     4456868.696    22513915.678    13.590
C33    22747147.461      702188.710    20182142.003    19268283.851    49.698
C34    26143899.976   -11594266.095    14218674.594   -21034856.679     9.392
C38    36784553.755   -13149355.057    38071328.051   -12135892.637    53.151
C39    37675193.941    -9082108.896    23217468.331    34107793.545    42.614
C40    39168403.835   -24260499.502    25336789.930   -23573962.111    24.964
C42    22154947.591   -14758246.748    23419024.069     3737121.283    61.647
C59    37595293.567   -32334463.040    27049723.573      689370.993    42.424
C60    36426019.425     7301476.351    41520258.643      735895.837    61.973
2399 350520.000 12
C21    25506975.926   -20926908.663    13191657.678   -12931618.109    15.618
C24    22409742.124    -5616716.401    20378858.917    18177732.586    55.188
C25    22821733.749    10241751.141    25873006.522     1929577.366    48.045
C26    25711865.349   -15868688.717     4386155.854    22505693.711    13.435
C33    22734755.436      661778.091    20234164.463    19215129.990    49.908
C34    26140598.513   -11665912.086    14210763.268   -21000487.863     9.423
C38    36790256.664   -13106505.229    38062280.413   -12209963.384    53.052
C39    37678449.076    -9107424.213    23187287.706    34121207.706    42.565
C40    39160477.275   -24276671.851    25373122.409   -23518696.869    25.052
C42    22158200.840   -14767022.024    23428037.176     3643913.804    61.566
C59    37595455.840   -32334483.668    27049826.098      685370.947    42.422
C60    36426140.310     7301542.407    41520285.490      732113.875    61.969
2399 350550.000 12
C21    25521288.074   -20900813.689    13155670.866   -13010103.187    15.475
C24    22419978.538    -5644480.900    20322582.919    18232040.804    54.990
C25    22816302.465    10234000.404    25869016.272     2021167.739    48.133
C26    25727793.696   -15900358.555     4315529.741    22497099.383    13.280
C33    22722405.038      621587.203    20286126.318    19161659.117    50.118
C34    26137248.582   -11737455.774    14202998.793   -20965772.583     9.455
C38    36795988.829   -13063694.967    38053044.111   -12283975.288    52.952
C39    37681686.669    -9132871.596    23157218.796    34134459.533    42.517
C40    39152536.372   -24292685.912    25409526.170   -23463319.868    25.139
C42    22161532.399   -14775585.955    23436814.657     3550646.326    61.484
C59    37595616.588   -32334503.828    27049928.697      681367.614    42.420
C60    36426261.327     7301608.573    41520312.035      728328.406    61.966
2399 350580.000 12
C21    25535646.766   -20874632.051    13119415.669   -13088373.646    15.332
C24    22430254.230    -5672425.459    20266189.652    18286047.175    54.793
C25    22810937.397    10226111.404    25864756.372     2112724.690    48.220
C26    25743712.280   -15932150.277     4244991.724    22488132.841    13.126
C33    22710096.401      581616.247    20338025.998    19107872.113    50.328
C34    26133851.424   -11808895.676    14195380.807   -20930711.408     9.486
C38    36801747.079   -13020925.097    38043619.319   -12357927.992    52.852
C39    37684907.074    -9158450.554    23127262.173    34147548.960    42.470
C40    39144584.081   -24308541.377    25446000.525   -23407831.374    25.227
C42    22164942.752   -14783939.472    23445355.482     3457320.382    61.400
C59    37595778.520   -32334523.520    27050031.368      677361.015    42.418
C60    36426383.508     7301674.847    41520338.277      724539.448    61.963
2399 350610.000 12
C21    25550047.764   -20848365.226    13082892.134   -13166428.191    15.188
C24    22440566.476    -5700550.259    20209680.569    18339750.803    54.596
C25    22805638.603    10218083.057    25860227.476     2204246.706    48.306
C26    25759613.567   -15964063.123     4174543.165    22478794.234    12.972
C33    22697829.674      541865.415    20389861.934    19053769.868    50.539
C34    26130402.387   -11880230.316    14187908.941   -20895304.915     9.519
C38    36807532.753   -12978196.445    38034006.214   -12431821.139    52.752
C39    37688113.321    -9184160.594    23097418.410    34160475.920    42.422
C40    39136618.144   -24324237.942    25482544.781   -23352231.653    25.315
C42    22168432.428   -14792083.511    23453658.627     3363937.509    61.314
C59    37595940.221   -32334542.744    27050134.110      673351.168    42.416
C60    36426505.942     7301741.228    41520364.216      720747.018    61.959
2399 350640.000 12
C21    25564496.018   -20822014.695    13046100.317   -13244265.535    15.044
C24    22450918.581    -5728855.473    20153057.122    18393150.800    54.399
C25    22800405.235    10209914.279    25855430.248     2295732.272    48.391
C26    25775502.485   -15996096.325     4104185.420    22469083.723    12.818
C33    22685604.911      502334.892    20441632.557    18999353.274    50.750
C34    26126901.207   -11951458.218    14180582.818   -20859553.685     9.551
C38    36813344.508   -12935509.835    38024204.977   -12505654.372    52.651
C39    37691301.848    -9210001.222    23067688.075    34173240.350    42.375
C40    39128639.995   -24339775.306    25519158.247   -23296520.971    25.403
C42    22171999.027   -14800019.018    23461723.076     3270499.243    61.227
C59    37596101.458   -32334561.499    27050236.921      669338.093    42.414
C60    36426627.576     7301807.714    41520389.850      716951.136    61.956
2399 350670.000 12
C21    25578992.439   -20795581.937    13009040.286   -13321884.392    14.899
C24    22461308.179    -5757341.265    20096320.768    18446246.282    54.202
C25    22795239.446    10201603.993    25850365.358     2387179.876    48.475
C26    25791376.061   -16028249.110     4033919.843    22459001.469    12.665
C33    22673423.512      463024.850    20493336.296    18944623.231    50.961
C34    26123356.061   -12022577.909    14173402.050   -20823458.307     9.585
C38    36819185.091   -12892866.090    38014215.793   -12579427.334    52.551
C39    37694474.048    -9235971.939    23038071.736    34185842.184    42.328
C40    39120652.372   -24355153.169    25555840.230   -23240699.595    25.491
C42    22175646.065   -14807746.941    23469547.818     3177007.122    61.138
C59    37596261.919   -32334579.785    27050339.798      665321.809    42.412
C60    36426750.747     7301874.304    41520415.180      713151.819    61.953
2399 350700.000 11
C21    25593537.740   -20769068.433    12971712.115   -13399283.481    14.754
C24    22471734.645    -5786007.791    20039472.966    18499036.370    54.006
C25    22790138.929    10193151.126    25845033.484     2478588.005    48.558
C26    25807233.500   -16060520.695     3963747.780    22448547.645    12.512
C33    22661286.921      423935.454    20544971.583    18889580.641    51.173
C38    36825050.988   -12850266.034    38004038.850   -12653139.671    52.450
C39    37697629.391    -9262072.245    23008569.957    34198281.360    42.282
C40    39112649.409   -24370371.237    25592590.034   -23184767.793    25.580
C42    22179371.246   -14815268.240    23477131.853     3083462.686    61.048
C59    37596425.582   -32334597.603    27050442.739      661302.335    42.410
C60    36426872.811     7301940.997    41520440.204      709349.085    61.949
2399 350730.000 11
C21    25608125.098   -20742475.664    12934115.892   -13476461.522    14.610
C24    22482199.162    -5814855.197    19982515.175    18551520.190    53.810
C25    22785102.793    10184554.609    25839435.313     2569955.148    48.640
C26    25823080.352   -16092910.292     3893670.577    22437722.425    12.359
C33    22649193.156      385066.859    20596536.847    18834226.414    51.385
C38    36830941.872   -12807710.488    37993674.339   -12726791.025    52.349
C39    37700768.527    -9288301.639    22979183.302    34210557.815    42.235
C40    39104633.823   -24385429.217    25629406.965   -23128725.833    25.668
C42    22183176.176   -14822583.877    23484474.183     2989867.473    60.956
C59    37596586.877   -32334614.952    27050545.744      657279.691    42.408
C60    36426995.264     7302007.792    41520464.920      705542.953    61.946
2399 350760.000 11
C21    25622756.956   -20715805.113    12896251.711   -13553417.242    14.464
C24    22492699.396    -5843883.623    19925448.857    18603696.873    53.614
C25    22780134.769    10175813.380    25833571.538     2661279.793    48.722
C26    25838907.021   -16125417.104     3823689.571    22426525.993    12.207
C33    22637144.638      346419.210    20648030.520    18778561.463    51.597
C38    36836862.168   -12765200.274    37983122.456   -12800381.042    52.248
C39    37703891.074    -9314659.613    22949912.331    34222671.487    42.189
C40    39096607.424   -24400326.820    25666290.323   -23072573.983    25.757
C42    22187061.305   -14829694.825    23491573.820     2896223.024    60.863
C59    37596749.270   -32334631.832    27050648.810      653253.895    42.406
C60    36427118.889     7302074.686    41520489.330      701733.441    61.943
2399 350790.000 11
C21    25637438.863   -20689058.262    12858119.677   -13630149.370    14.319
C24    22503234.819    -5873093.198    19868275.477    18655565.556    53.419
C25    22775231.142    10166926.379    25827442.862     2752560.430    48.802
C26    25854717.419   -16158040.328     3753806.097    22414958.538    12.055
C33    22625140.015      307992.642    20699451.032    18722586.709    51.810
C38    36842809.561   -12722736.212    37972383.400   -12873909.365    52.146
C39    37706995.374    -9341145.662    22920757.603    34234622.315    42.143
C40    39088568.726   -24415063.760    25703239.411   -23016312.512    25.846
C42    22191024.500   -14836602.060    23498429.784     2802530.881    60.768
C59    37596913.253   -32334648.243    27050751.935      649224.967    42.404
C60    36427242.181     7302141.678    41520513.431      697920.567    61.939
2399 350820.000 11
C21    25652163.774   -20662236.593    12819719.905   -13706656.639    14.173
C24    22513806.726    -5902484.044    19810996.499    18707125.380    53.224
C25    22770394.037    10157892.551    25821049.994     2843795.550    48.882
C26    25870510.602   -16190779.153     3684021.485    22403020.253    11.904
C33    22613180.336      269787.283    20750796.815    18666303.074    52.023
C38    36848781.493   -12680319.121    37961457.373   -12947375.641    52.045
C39    37710084.913    -9367759.275    22891719.672    34246410.239    42.097
C40    39080519.989   -24429639.753    25740253.530   -22959941.690    25.936
C42    22195068.209   -14843306.567    23505041.099     2708792.585    60.671
C59    37597075.049   -32334664.185    27050855.117      645192.926    42.402
C60    36427365.858     7302208.768    41520537.222      694104.349    61.936
2399 350850.000 11
C21    25666934.914   -20635341.591    12781052.520   -13782937.785    14.027
C24    22524414.411    -5932056.274    19753613.393    18758375.491    53.030
C25    22765622.021    10148710.849    25814393.651     2934983.643    48.960
C26    25886294.004   -16223632.761     3614337.060    22390711.341    11.752
C33    22601267.168      231803.249    20802066.300    18609711.488    52.236
C38    36854781.036   -12637949.819    37950344.582   -13020779.515    51.943
C39    37713155.846    -9394499.940    22862799.095    34258035.199    42.052
C40    39072455.095   -24444054.520    25777331.977   -22903461.787    26.025
C42    22199190.392   -14849809.337    23511406.797     2615009.681    60.573
C59    37597238.417   -32334679.658    27050958.354      641157.792    42.400
C60    36427489.407     7302275.953    41520560.704      690284.805    61.933
2399 350880.000 11
C21    25681744.673   -20608374.737    12742117.655   -13858991.548    13.881
C24    22535056.284    -5961809.993    19696127.626    18809315.041    52.836
C25    22760915.467    10139380.227    25807474.559     3026123.202    49.038
C26    25902054.404   -16256600.328     3544754.142    22378032.007    11.601
C33    22589399.553      194040.647    20853257.919    18552812.886    52.450
C38    36860806.637   -12595629.125    37939045.236   -13094120.632    51.841
C39    37716210.525    -9421367.141    22833996.421    34269497.137    42.007
C40    39064381.756   -24458307.782    25814474.051   -22846873.074    26.115
C42    22203393.011   -14856111.368    23517525.920     2521183.711    60.474
C59    37597401.101   -32334694.662    27051061.645      637119.583    42.398
C60    36427613.229     7302343.232    41520583.875      686461.954    61.929
2399 350910.000 12
C21    25696606.160   -20581337.517    12702915.454   -13934816.672    13.734
C23    26383886.145    18139591.875    16713452.079   -13051303.829     7.107
C24    22545732.989    -5991745.296    19638540.670    18859943.188    52.642
C25    22756274.224    10129899.646    25800293.449     3117212.719    49.115
C26    25917799.838   -16289681.020     3475274.045    22364982.466    11.451
C33    22577578.983      156499.576    20904370.104    18495608.207    52.664
C38    36866858.254   -12553357.855    37927559.548   -13167398.638    51.739
C39    37719247.306    -9448360.361    22805312.201    34280795.994    41.962
C40    39056295.525   -24472399.267    25851679.049   -22790175.821    26.205
C42    22207674.394   -14862213.663    23523397.515     2427316.219    60.373
C59    37597562.776   -32334709.196    27051164.987      633078.320    42.396
C60    36427737.312     7302410.604    41520606.735      682635.815    61.926
2399 350940.000 12
C21    25711511.100   -20554231.414    12663446.069   -14010411.905    13.588
C23    26370407.758    18154257.780    16755862.594   -12976252.376     7.233
C24    22556443.748    -6021862.270    19580853.998    18910259.092    52.449
C25    22751697.703    10120268.072    25792851.063     3208250.688    49.191
C26    25933532.425   -16322874.000     3405898.081    22351562.936    11.301
C33    22565805.420      119180.124    20955401.288    18438098.395    52.878
C38    36872935.527   -12511136.825    37915887.736   -13240613.180    51.637
C39    37722268.454    -9475479.082    22776746.981    34291931.714    41.917
C40    39048200.424   -24486328.703    25888946.265   -22733370.300    26.295
C42    22212035.533   -14868117.233    23529020.635     2333408.753    60.270
C59    37597726.716   -32334723.261    27051268.380      629034.021    42.394
C60    36427861.633     7302478.067    41520629.282      678806.404    61.923
2399 350970.000 13
C21    25726457.824   -20527057.911    12623709.665   -14085775.998    13.441
C23    26356967.552    18168895.854    16798012.577   -12900986.669     7.358
C24    22567188.563    -6052160.995    19523069.083    18960261.922    52.255
C25    22747186.067    10110484.475    25785148.147     3299235.602    49.265
C26    25949242.806   -16356178.421     3336627.555    22337773.644    11.151
C33    22554078.705       82082.371    21006349.905    18380284.400    53.093
C38    36879039.444   -12468966.849    37904030.021   -13313763.903    51.534
C39    37725270.617    -9502722.780    22748301.308    34302904.239    41.873
C40    39040093.398   -24500095.822    25926274.994   -22676456.783    26.386
C41    26439029.725    13953580.993     6940427.382    23200265.068     7.131
C42    22216475.447   -14873823.095    23534394.343     2239462.856    60.166
C59    37597891.435   -32334736.856    27051371.819      624986.707    42.392
C60    36427985.083     7302545.621    41520651.516      674973.742    61.919
2399 351000.000 13
C21    25741446.574   -20499818.494    12583706.412   -14160907.707    13.293
C23    26343573.298    18183504.782    16839901.658   -12825507.950     7.484
C24    22577966.874    -6082641.540    19465187.400    19009950.850    52.063
C25    22742740.601    10100547.832    25777185.458     3390165.957    49.339
C26    25964939.150   -16389593.430     3267463.768    22323614.821    11.001
C33    22542401.427       45206.386    21057214.389    18322167.176    53.308
C38    36885169.660   -12426848.742    37891986.625   -13386850.456    51.432
C39    37728256.366    -9530090.931    22719975.722    34313713.515    41.829
C40    39031972.384   -24513700.360    25963664.529   -22619435.542    26.476
C41    26421790.783    13908050.825     7005119.536    23208249.915     7.293
C42    22220997.258   -14879332.272    23539517.707     2145480.076    60.061
C59    37598055.307   -32334749.982    27051475.305      620936.395    42.390
C60    36428110.056     7302613.262    41520673.436      671137.845    61.916
2399 351030.000 13
C21    25756484.491   -20472514.734    12543436.732   -14235805.628    13.146
C23    26330210.573    18198083.238    16881529.360   -12749817.538     7.608
C24    22588777.618    -6113303.702    19407210.434    19059325.117    51.870
C25    22738359.606    10090457.289    25768963.645     3481040.211    49.412
C26    25980614.425   -16423117.970     3198408.166    22309086.861    10.852
C33    22530770.657        8552.412    21107993.195    18263747.738    53.523
C38    36891324.159   -12384783.369    37879757.780   -13459872.429    51.329
C39    37731224.572    -9557582.670    22691770.781    34324359.600    41.785
C40    39023840.898   -24527141.829    26001114.430   -22562306.811    26.567
C41    26404538.160    13862642.385     7069928.772    23215853.406     7.454
C42    22225598.228   -14884645.760    23544389.760     2051461.968    59.954
C59    37598217.601   -32334762.330    27051579.139      616883.281    42.388
C60    36428235.141     7302680.976    41520694.938      667298.751    61.912
2399 351060.000 13
C21    25771559.861   -20445147.939    12502900.339   -14310468.849    12.998
C23    26316892.248    18212629.931    16922895.560   -12673916.533     7.733
C24    22599620.474    -6144148.064    19349139.649    19108383.779    51.678
C25    22734041.403    10080211.501    25760483.706     3571856.937    49.484
C26    25996270.479   -16456751.568     3129461.736    22294189.694    10.703
C33    22519189.686      -27879.867    21158684.719    18205026.940    53.739
C38    36897506.147   -12342771.436    37867343.711   -13532829.583    51.226
C39    37734175.510    -9585198.144    22663686.991    34334842.212    41.742
C40    39015701.548   -24540420.417    26038623.452   -22505070.947    26.658
C41    26387280.803    13817356.002     7134854.390    23223075.429     7.617
C42    22230278.431   -14889764.662    23549009.676     1957410.066    59.846
C59    37598383.041   -32334774.517    27051682.710      612827.035    42.386
C60    36428359.597     7302748.784    41520716.229      663456.440    61.909
2399 351090.000 13
C21    25786681.943   -20417719.680    12462097.673   -14384895.974    12.850
C23    26303617.202    18227143.530    16963999.799   -12597806.263     7.857
C24    22610495.160    -6175174.406    19290976.533    19157126.087    51.487
C25    22729790.622    10069809.623    25751746.304     3662614.596    49.555
C26    26011911.602   -16490493.153     3060625.916    22278923.728    10.554
C33    22507657.080      -64090.224    21209287.416    18146005.807    53.955
C38    36903714.448   -12300813.808    37854744.655   -13605721.507    51.123
C39    37737109.079    -9612936.484    22635724.903    34345161.412    41.698
C40    39007548.738   -24553535.648    26076191.153   -22447728.181    26.749
C41    26369999.876    13772193.066     7199894.805    23229915.864     7.779
C42    22235039.108   -14894689.987    23553376.501     1863325.925    59.736
C59    37598546.340   -32334786.235    27051786.321      608767.851    42.384
C60    36428484.432     7302816.675    41520737.204      659610.951    61.906
2399 351120.000 13
C21    25801842.819   -20390231.442    12421028.945   -14459085.775    12.702
C23    26290381.096    18241622.718    17004841.741   -12521487.982     7.981
C24    22621402.309    -6206382.762    19232722.565    19205551.234    51.295
C25    22725603.564    10059250.654    25742752.226     3753311.685    49.625
C26    26027530.963   -16524341.844     2991901.985    22263289.218    10.406
C33    22496174.844     -100078.630    21259799.723    18086685.314    54.171
C38    36909946.252   -12258911.293    37841960.851   -13678547.851    51.019
C39    37740025.472    -9640797.156    22607885.050    34355317.146    41.655
C40    38999386.536   -24566487.269    26113816.821   -22390278.785    26.841
C41    26352716.416    13727154.603     7265048.718    23236374.602     7.942
C42    22239878.247   -14899422.783    23557489.334     1769211.094    59.625
C59    37598710.674   -32334797.483    27051889.971      604705.748    42.382
C60    36428609.685     7302884.650    41520757.863      655762.302    61.902
2399 351150.000 13
C21    25817047.903   -20362684.709    12379694.376   -14533037.025    12.553
C23    26277181.854    18256066.174    17045421.060   -12444962.951     8.105
C24    22632341.853    -6237773.161    19174379.228    19253658.419    51.105
C25    22721479.004    10048533.594    25733502.264     3843946.704    49.694
C26    26043133.620   -16558296.755     2923291.219    22247286.426    10.258
C33    22484743.723     -135845.060    21310220.081    18027066.439    54.387
C38    36916205.705   -12217064.700    37828992.541   -13751308.263    50.916
C39    37742924.748    -9668779.623    22580167.964    34365309.365    41.613
C40    38991212.311   -24579275.032    26151499.742   -22332723.037    26.932
C41    26335419.271    13682241.634     7330314.824    23242451.538     8.104
C42    22244798.740   -14903964.105    23561347.281     1675067.122    59.513
C59    37598874.952   -32334808.261    27051993.657      600640.745    42.380
C60    36428734.993     7302952.706    41520778.203      651910.510    61.899
2399 351180.000 13
C21    25832295.952   -20335080.962    12338094.195   -14606748.503    12.405
C23    26264027.492    18270472.578    17085737.438   -12368232.431     8.228
C24    22643311.234    -6269345.621    19115948.006    19301446.847    50.914
C25    22717419.939    10037657.451    25723997.218     3934518.155    49.762
C26    26058716.107   -16592356.989     2854794.886    22230915.621    10.111
C33    22473361.785     -171389.503    21360546.926    17967150.166    54.604
C38    36922489.462   -12175274.838    37815839.971   -13824002.391    50.812
C39    37745804.557    -9696883.348    22552574.174    34375138.015    41.570
C40    38983029.037   -24591898.689    26189239.204   -22275061.210    27.024
C41    26318113.637    13637455.172     7395691.814    23248146.577     8.268
C42    22249799.423   -14908315.014    23564949.458     1580895.559    59.399
C59    37599039.391   -32334818.571    27052097.377      596572.862    42.378
C60    36428861.883     7303020.842    41520798.226      648055.595    61.895
2399 351210.000 13
C21    25847585.307   -20307421.686    12296228.642   -14680218.992    12.256
C23    26250910.286    18284840.610    17125790.566   -12291297.689     8.352
C24    22654311.365    -6301100.151    19057430.383    19348915.726    50.724
C25    22713425.238    10026621.238    25714237.896     4025024.540    49.829
C26    26074282.515   -16626521.647     2786414.252    22214177.077     9.964
C33    22462029.741     -206711.954    21410778.700    17906937.485    54.821
C38    36928798.254   -12133542.512    37802503.389   -13896629.885    50.709
C39    37748666.993    -9725107.788    22525104.205    34384803.048    41.528
C40    38974834.999   -24604357.999    26227034.492   -22217293.582    27.116
C41    26300793.803    13592796.221     7461178.371    23253459.628     8.431
C42    22254880.470   -14912476.575    23568294.984     1486697.956    59.284
C59    37599204.306   -32334828.410    27052201.130      592502.118    42.376
C60    36428987.222     7303089.056    41520817.929      644197.575    61.892
2399 351240.000 13
C21    25862918.998   -20279708.361    12254097.967   -14753447.277    12.107
C23    26237840.878    18299168.946    17165580.145   -12214159.995     8.475
C24    22665341.934    -6333036.752    18998827.844    19396064.270    50.534
C25    22709493.261    10015423.972    25704225.112     4115464.360    49.896
C26    26089826.692   -16660789.821     2718150.576    22197071.075     9.817
C33    22450750.612     -241812.420    21460913.845    17846429.390    55.039
C38    36935132.714   -12091868.528    37788983.048   -13969190.394    50.605
C39    37751511.640    -9753452.402    22497758.581    34394304.413    41.486
C40    38966631.816   -24616652.720    26264884.890   -22159420.428    27.208
C41    26283468.960    13548265.780     7526773.173    23258390.607     8.595
C42    22260040.689   -14916449.863    23571382.990     1392475.864    59.167
C59    37599369.155   -32334837.781    27052304.914      588428.533    42.374
C60    36429113.708     7303157.347    41520837.313      640336.467    61.889
2399 351270.000 13
C21    25878292.201   -20251942.472    12211702.429   -14826432.150    11.957
C23    26224808.040    18313456.265    17205105.884   -12136820.621     8.597
C24    22676402.675    -6365155.419    18940141.877    19442891.700    50.344
C25    22705627.185    10004064.677    25693959.689     4205836.121    49.961
C26    26105350.483   -16695160.595     2650005.110    22179597.901     9.670
C33    22439522.744     -276690.915    21510950.801    17785626.880    55.257
C38    36941493.257   -12050253.691    37775279.204   -14041683.568    50.501
C39    37754339.722    -9781916.644    22470537.824    34403642.062    41.444
C40    38958417.568   -24628782.616    26302789.682   -22101442.026    27.301
C41    26266129.721    13503864.840     7592474.895    23262939.434     8.759
C42    22265280.773   -14920235.955    23574212.614     1298230.836    59.050
C59    37599535.166   -32334846.682    27052408.727      584352.126    42.372
C60    36429240.024     7303225.714    41520856.377      636472.292    61.885
2399 351300.000 13
C21    25893702.902   -20224125.498    12169042.296   -14899172.404    11.808
C23    26211820.671    18327701.241    17244367.499   -12059280.844     8.719
C24    22687492.344    -6397456.133    18881373.968    19489397.241    50.155
C25    22701823.190     9992542.382    25683442.457     4296138.327    50.025
C26    26120853.993   -16729633.049     2581979.104    22161757.847     9.524
C33    22428347.633     -311347.464    21560888.015    17724530.958    55.475
C38    36947877.030   -12008698.804    37761392.116   -14114109.057    50.397
C39    37757149.460    -9810499.965    22443442.454    34412815.946    41.403
C40    38950192.788   -24640747.454    26340748.148   -22043358.653    27.394
C41    26248784.461    13459594.384     7658282.202    23267106.039     8.923
C42    22270601.315   -14923835.937    23576782.999     1203964.421    58.931
C59    37599699.123   -32334855.113    27052512.567      580272.918    42.370
C60    36429366.472     7303294.154    41520875.119      632605.066    61.882
2399 351330.000 13
C21    25909157.932   -20196258.920    12126117.846   -14971666.839    11.658
C23    26198873.603    18341902.552    17283364.718   -11981541.942     8.842
C24    22698611.047    -6429938.871    18822525.607    19535580.123    49.967
C25    22698083.976     9980856.121    25672674.251     4386369.485    50.088
C26    26136338.084   -16764206.255     2514073.800    22143551.213     9.379
C33    22417225.320     -345782.102    21610723.930    17663142.633    55.693
C38    36954287.809   -11967204.668    37747322.048   -14186466.510    50.292
C39    37759941.764    -9839201.816    22416472.987    34421826.019    41.362
C40    38941960.199   -24652547.003    26378759.572   -21985170.587    27.486
C41    26231431.890    13415455.388     7724193.757    23270890.356     9.087
C42    22276001.729   -14927250.899    23579093.298     1109678.174    58.810
C59    37599864.249   -32334863.076    27052616.431      576190.926    42.368
C60    36429492.093     7303362.667    41520893.539      628734.809    61.878
2399 351360.000 13
C21    25924649.932   -20168344.219    12082929.366   -15043914.255    11.508
C23    26185968.156    18356058.871    17322097.277   -11903605.200     8.963
C24    22709758.966    -6462603.600    18763598.281    19581439.582    49.778
C25    22694407.731     9969004.935    25661655.915     4476528.102    50.151
C26    26151806.194   -16798879.278     2446290.435    22124978.302     9.233
C33    22406155.821     -379994.872    21660456.993    17601462.918    55.912
C38    36960721.955   -11925772.086    37733069.267   -14258755.579    50.188
C39    37762716.521    -9868021.646    22389629.938    34430672.235    41.321
C40    38933716.313   -24664181.035    26416823.232   -21926878.106    27.579
C41    26214069.306    13371448.820     7790208.216    23274292.325     9.252
C42    22281482.477   -14930481.938    23581142.673     1015373.647    58.688
C59    37600027.896   -32334870.569    27052720.319      572106.171    42.366
C60    36429619.631     7303431.251    41520911.637      624861.540    61.875
2399 351390.000 13
C21    25940185.851   -20140382.874    12039477.155   -15115913.461    11.358
C23    26173102.125    18370168.872    17360564.919   -11825471.902     9.085
C24    22720934.625    -6495450.276    18704593.481    19626974.859    49.590
C25    22690794.693     9956987.870    25650388.300     4566612.687    50.212
C26    26167246.943   -16833651.177     2378630.240    22106039.427     9.088
C33    22395139.054     -413985.826    21710085.652    17539492.831    56.131
C38    36967181.259   -11884401.856    37718634.042   -14330975.915    50.083
C39    37765470.489    -9896958.898    22362913.818    34439354.547    41.280
C40    38925462.196   -24675649.326    26454938.408   -21868481.490    27.673
C41    26196698.078    13327575.643     7856324.229    23277311.893     9.417
C42    22287044.370   -14933530.155    23582930.290      921052.392    58.566
C59    37600193.690   -32334877.593    27052824.229      568018.673    42.364
C60    36429746.804     7303499.905    41520929.412      620985.276    61.872
2399 351420.000 13
C21    25955760.986   -20112376.364    11995761.519   -15187663.266    11.207
C23    26160279.179    18384231.231    17398767.399   -11747143.339     9.206
C24    22732137.862    -6528478.850    18645512.698    19672185.200    49.402
C25    22687243.674     9944803.976    25638872.265     4656621.749    50.272
C26    26182668.596   -16868521.006     2311094.443    22086734.903     8.943
C33    22384177.232     -447755.028    21759608.356    17477233.395    56.350
C38    36973665.009   -11843094.778    37704016.646   -14403127.169    49.979
C39    37768209.085    -9926013.017    22336325.137    34447872.911    41.240
C40    38917198.567   -24686951.655    26493104.378   -21809981.017    27.766
C41    26179318.422    13283836.809     7922540.444    23279949.014     9.582
C42    22292684.175   -14936396.659    23584455.327      826715.963    58.441
C59    37600360.499   -32334884.148    27052928.157      563928.451    42.362
C60    36429873.975     7303568.627    41520946.863      617106.036    61.868
2399 351450.000 13
C21    25971376.879   -20084326.166    11951782.775   -15259162.484    11.057
C23    26147502.714    18398244.618    17436704.478   -11668620.803     9.327
C24    22743369.300    -6561689.263    18586357.424    19717069.859    49.215
C25    22683757.172     9932452.312    25627108.675     4746553.800    50.331
C26    26198069.808   -16903487.809     2243684.264    22067065.054     8.799
C33    22373269.380     -481302.547    21809023.556    17414685.639    56.570
C38    36980174.967   -11801851.648    37689217.359   -14475208.992    49.874
C39    37770928.936    -9955183.443    22309864.402    34456227.282    41.199
C40    38908927.860   -24698087.804    26531320.420   -21751376.967    27.860
C41    26161930.955    13240233.265     7988855.498    23282203.646     9.748
C42    22298405.954   -14939082.563    23585716.968      732365.914    58.316
C59    37600525.202   -32334890.234    27053032.104      559835.525    42.360
C60    36430001.779     7303637.415    41520963.990      613223.839    61.865
2399 351480.000 13
C21    25987028.944   -20056233.758    11907541.247   -15330409.936    10.906
C23    26134764.938    18412207.708    17474375.928   -11589905.589     9.447
C24    22754627.100    -6595081.446    18527129.149    19761628.091    49.028
C25    22680333.149     9919931.941    25615098.400     4836407.353    50.390
C26    26213448.959   -16938550.626     2176400.916    22047030.208     8.655
C33    22362416.274     -514628.467    21858329.705    17351850.594    56.790
C38    36986707.139   -11760673.264    37674236.459   -14547221.037    49.769
C39    37773629.434    -9984469.616    22283532.118    34464417.618    41.160
C40    38900644.922   -24709057.558    26569585.810   -21692669.622    27.954
C41    26144539.436    13196765.950     8055268.028    23284075.755     9.914
C42    22304207.399   -14941588.987    23586714.404      638003.800    58.189
C59    37600690.267   -32334895.851    27053136.066      555739.913    42.358
C60    36430129.279     7303706.268    41520980.791      609338.704    61.861
2399 351510.000 13
C21    26002723.672   -20028100.614    11863037.273   -15401404.443    10.755
C23    26122071.690    18426119.173    17511781.528   -11510998.997     9.567
C24    22765911.918    -6628655.322    18467829.367    19805859.161    48.842
C25    22676971.362     9907241.931    25602842.322     4926180.919    50.447
C26    26228806.347   -16973708.492     2109245.610    22026630.701     8.511
C33    22351619.124     -547732.876    21907525.257    17288729.297    57.010
C38    36993264.944   -11719560.419    37659074.231   -14619162.956    49.664
C39    37776312.131   -10013870.972    22257328.788    34472443.875    41.120
C40    38892356.404   -24719860.706    26607899.822   -21633859.261    28.048
C41    26127138.324    13153435.794     8121776.664    23285565.314    10.080
C42    22310090.475   -14943917.056    23587446.836      543631.173    58.061
C59    37600857.096   -32334900.999    27053240.041      551641.637    42.356
C60    36430257.013     7303775.185    41520997.266      605450.648    61.858
2399 351540.000 13
C21    26018455.861   -19999928.212    11818271.196   -15472144.833    10.604
C23    26109419.388    18439977.685    17548921.068   -11431902.329     9.687
C24    22777223.769    -6662410.807    18408459.570    19849762.335    48.656
C25    22673670.873     9894381.356    25590341.325     5015873.015    50.503
C26    26244143.163   -17008960.431     2042219.548    22005866.873     8.368
C33    22340875.613     -580615.875    21956608.667    17225322.791    57.230
C38    36999846.739   -11678513.908    37643730.963   -14691034.401    49.559
C39    37778976.135   -10043386.945    22231254.910    34480306.012    41.081
C40    38884056.468   -24730497.039    26646261.733   -21574946.166    28.142
C41    26109731.892    13110243.720     8188380.029    23286672.300    10.246
C42    22316052.655   -14946067.899    23587913.471      449249.588    57.932
C59    37601023.100   -32334905.678    27053344.029      547540.715    42.354
C60    36430384.490     7303844.164    41521013.415      601559.691    61.854
2399 351570.000 13
C21    26034226.260   -19971718.023    11773243.371   -15542629.937    10.452
C23    26096807.705    18453781.914    17585794.346   -11352616.890     9.807
C24    22788560.425    -6696347.806    18349021.253    19893336.889    48.470
C25    22670434.287     9881349.299    25577596.302     5105482.157    50.559
C26    26259459.577   -17044305.466     1975323.928    21984739.072     8.225
C33    22330189.981     -613277.572    22005578.394    17161632.121    57.451
C38    37006452.386   -11637534.524    37628206.946   -14762835.026    49.453
C39    37781621.897   -10073016.968    22205310.982    34488003.989    41.042
C40    38875749.828   -24740966.351    26684670.814   -21515930.619    28.236
C41    26092317.897    13067190.645     8255076.744    23287396.697    10.413
C42    22322093.810   -14948042.654    23588113.526      354860.601    57.802
C59    37601188.749   -32334909.889    27053448.026      543437.166    42.352
C60    36430512.431     7303913.204    41521029.237      597665.851    61.851
2399 351600.000 13
C21    26050036.358   -19943471.522    11727954.163   -15612858.591    10.301
C23    26084241.113    18467530.534    17622401.169   -11273143.988     9.926
C24    22799922.845    -6730466.217    18289515.908    19936582.100    48.284
C25    22667259.396     9868144.845    25564608.154     5195006.863    50.613
C26    26274751.572   -17079742.609     1908559.942    21963247.651     8.082
C33    22319560.498     -645718.087    22054432.896    17097658.341    57.672
C38    37013082.549   -11596623.056    37612502.475   -14834564.483    49.348
C39    37784250.051   -10102760.470    22179497.500    34495537.764    41.003
C40    38867432.083   -24751268.441    26723126.340   -21456812.902    28.331
C41    26074898.535    13024277.476     8321865.422    23287738.497    10.579
C42    22328215.181   -14949842.462    23588046.225      260465.765    57.671
C59    37601355.775   -32334913.632    27053552.032      539331.012    42.350
C60    36430641.336     7303982.303    41521044.731      593769.147    61.847
2399 351630.000 13
C21    26065884.917   -19915190.178    11682403.944   -15682829.633    10.149
C23    26071715.851    18481222.215    17658741.352   -11193484.936    10.045
C24    22811310.050    -6764765.928    18229945.031    19979497.254    48.099
C25    22664147.705     9854767.086    25551377.788     5284445.651    50.666
C26    26290022.858   -17115270.869     1841928.774    21941392.969     7.940
C33    22308987.717     -677937.546    22103170.635    17033402.504    57.894
C38    37019737.822   -11555780.296    37596617.847   -14906222.427    49.242
C39    37786858.733   -10132616.880    22153814.954    34502907.298    40.964
C40    38859106.011   -24761403.110    26761627.581   -21397593.298    28.426
C41    26057473.784    12981505.113     8388744.673    23287697.695    10.746
C42    22334417.565   -14951468.468    23587710.800      166066.636    57.538
C59    37601521.072   -32334916.906    27053656.044      535222.271    42.348
C60    36430769.394     7304051.459    41521059.897      589869.598    61.844
2399 351660.000 13
C21    26081766.826   -19886875.464    11636593.099   -15752541.908     9.997
C23    26059238.208    18494855.629    17694814.721   -11113641.048    10.164
C24    22822722.593    -6799246.820    18170310.115    20022081.641    47.915
C25    22661095.538     9841215.122    25537906.116     5373797.042    50.719
C26    26305267.380   -17150889.247     1775431.606    21919175.390     7.798
C33    22298471.980     -709936.087    22151790.074    16968865.672    58.115
C38    37026414.999   -11515007.031    37580553.364   -14977808.512    49.137
C39    37789448.617   -10162585.623    22128263.836    34510112.553    40.926
C40    38850770.974   -24771370.161    26800173.809   -21338272.089    28.521
C41    26040046.002    12938874.450     8455713.101    23287274.296    10.914
C42    22340699.230   -14952921.827    23587106.491       71664.769    57.404
C59    37601688.038   -32334919.712    27053760.061      531110.963    42.346
C60    36430898.286     7304120.671    41521074.733      585967.221    61.841
2399 351690.000 13
C21    26097689.444   -19858528.848    11590522.019   -15821994.265     9.845
C23    26046804.529    18508429.446    17730621.108   -11033613.641    10.283
C24    22834158.512    -6833908.764    18110612.655    20064334.556    47.730
C25    22658107.412     9827488.057    25524194.059     5463059.557    50.770
C26    26320491.505   -17186596.739     1709069.610    21896595.286     7.656
C33    22288014.586     -741713.856    22200289.678    16904048.910    58.337
C38    37033116.714   -11474304.050    37564309.332   -15049322.391    49.031
C39    37792020.701   -10192666.123    22102844.632    34517153.491    40.888
C40    38842430.230   -24781169.403    26838764.293   -21278849.560    28.616
C41    26022614.217    12896386.370     8522769.306    23286468.309    11.081
C42    22347061.807   -14954203.695    23586232.548      -22738.281    57.269
C59    37601854.899   -32334922.050    27053864.080      526997.108    42.344
C60    36431027.025     7304189.938    41521089.240      582062.036    61.837
2399 351720.000 13
C21    26113647.099   -19830151.797    11544191.107   -15891185.555     9.692
C23    26034412.167    18521942.337    17766160.357   -10953404.036    10.401
C24    22845619.379    -6868751.622    18050854.145    20106255.300    47.547
C25    22655179.433     9813585.002    25510242.545     5552231.721    50.820
C26    26335690.513   -17222392.335     1642843.955    21873653.035     7.515
C33    22277615.580     -773271.010    22248667.916    16838953.288    58.559
C38    37039841.269   -11433672.137    37547886.058   -15120763.720    48.925
C39    37794573.609   -10222857.802    22077557.828    34524030.074    40.850
C40    38834077.429   -24790800.645    26877398.304   -21219325.995    28.711
C41    26005174.602    12854041.751     8589911.882    23285279.748    11.249
C42    22353504.404   -14955315.234    23585088.227     -117140.960    57.134
C59    37602020.879   -32334923.921    27053968.099      522880.725    42.342
C60    36431155.460     7304259.258    41521103.417      578154.062    61.834
2399 351750.000 13
C21    26129642.091   -19801745.779    11497600.774   -15960114.635     9.540
C23    26022058.506    18535392.975    17801432.319   -10873013.558    10.519
C24    22857103.970    -6903775.249    17991036.082    20147843.180    47.363
C25    22652312.700     9799505.074    25496052.507     5641312.057    50.870
C26    26350869.264   -17258275.017     1576755.802    21850349.018     7.374
C33    22267274.592     -804607.712    22296923.255    16773579.880    58.782
C38    37046590.646   -11393112.078    37531283.855   -15192132.153    48.819
C39    37797108.458   -10253160.078    22052403.905    34530742.267    40.813
C40    38825719.555   -24800263.702    26916075.109   -21159701.678    28.807
C41    25987732.934    12811841.462     8657139.420    23283708.637    11.417
C42    22360027.645   -14956257.614    23583672.793     -211541.711    56.996
C59    37602189.530   -32334925.323    27054072.117      518761.834    42.340
C60    36431285.681     7304328.629    41521117.263      574243.316    61.830
2399 351780.000 13
C21    26145674.276   -19773312.256    11450751.441   -16028780.366     9.387
C23    26009752.513    18548780.030    17836436.855   -10792443.532    10.636
C24    22868613.036    -6938979.490    17931159.960    20189097.509    47.180
C25    22649507.714     9785247.395    25481624.885     5730299.092    50.918
C26    26366021.185   -17294243.762     1510806.307    21826683.626     7.233
C33    22256993.401     -835724.137    22345054.168    16707929.765    59.004
C38    37053363.968   -11352624.655    37514503.037   -15263427.347    48.713
C39    37799623.427   -10283572.369    22027383.343    34537290.034    40.776
C40    38817354.464   -24809558.390    26954793.977   -21099976.894    28.903
C41    25970286.797    12769786.363     8724450.503    23281755.003    11.585
C42    22366629.819   -14957032.008    23581985.520     -305938.979    56.858
C59    37602355.439   -32334926.259    27054176.132      514640.455    42.338
C60    36431415.065     7304398.050    41521130.777      570329.819    61.827
2399 351810.000 13
C21    26161742.222   -19744852.694    11403643.538   -16097181.614     9.234
C23    25997494.117    18562102.173    17871173.834   -10711695.289    10.753
C24    22880142.342    -6974364.182    17871227.273    20230017.603    46.997
C25    22646762.934     9770811.096    25466960.628     5819191.355    50.965
C26    26381152.891   -17330297.541     1444996.619    21802657.254     7.093
C33    22246770.727     -866620.468    22393059.129    16642004.027    59.227
C38    37060159.614   -11312210.651    37497543.925   -15334648.955    48.606
C39    37802121.322   -10314094.090    22002496.619    34543673.339    40.739
C40    38808981.459   -24818684.529    26993554.173   -21040151.928    28.999
C41    25952839.138    12727877.309     8791843.712    23279418.881    11.754
C42    22373312.295   -14957639.592    23580025.689     -400331.210    56.719
C59    37602522.282   -32334926.726    27054280.143      510516.608    42.335
C60    36431543.977     7304467.520    41521143.960      566413.588    61.823
2399 351840.000 12
C21    26177846.280   -19716368.553    11356277.506   -16165317.247     9.081
C23    25985274.002    18575358.076    17905643.135   -10630770.161    10.870
C24    22891696.413    -7009929.153    17811239.517    20270602.786    46.815
C25    22644079.446     9756195.312    25452060.687     5907987.373    51.012
C33    22236607.731     -897296.899    22440936.614    16575803.754    59.451
C38    37066978.771   -11271870.845    37480406.839   -15405796.636    48.500
C39    37804597.564   -10344724.654    21977744.208    34549892.150    40.702
C40    38800598.997   -24827641.943    27032354.964   -20980227.068    29.095
C41    25935388.043    12686115.143     8859317.623    23276700.311    11.923
C42    22380074.667   -14958081.552    23577792.591     -494716.848    56.579
C59    37602688.997   -32334926.727    27054384.146      506390.312    42.333
C60    36431673.420     7304537.037    41521156.810      562494.642    61.820
2399 351870.000 12
C21    26193983.509   -19687861.294    11308653.793   -16233186.142     8.928
C23    25973098.713    18588546.412    17939844.645   -10549669.484    10.987
C24    22903270.638    -7045674.222    17751198.187    20310852.387    46.633
C25    22641456.119     9741399.184    25436926.024     5996685.679    51.057
C33    22226505.208     -927753.631    22488685.101    16509330.038    59.674
C38    37073821.595   -11231606.018    37463092.106   -15476870.045    48.394
C39    37807057.172   -10375463.472    21953126.582    34555946.432    40.666
C40    38792209.088   -24836430.459    27071195.616   -20920202.598    29.191
C41    25917933.011    12644500.704     8926870.807    23273599.340    12.092
C42    22386916.597   -14958359.075    23575285.523     -589094.339    56.438
C59    37602857.361   -32334926.261    27054488.140      502261.587    42.331
C60    36431804.959     7304606.599    41521169.326      558573.001    61.816
2399 351900.000 13
C21    26210161.029   -19659332.374    11260772.859   -16300787.174     8.774
C23    25960968.438    18601665.852    17973778.260   -10468394.596    11.103
C24    22914867.290    -7081599.199    17691104.777    20350765.740    46.451
C25    22638894.916     9726421.862    25421557.606     6085284.805    51.102
C33    22216463.578     -957990.875    22536303.071    16442583.977    59.898
C34    25937520.519   -14827604.806    13998294.849   -19055245.818    11.341
C38    37080685.962   -11191416.946    37445600.055   -15547868.838    48.287
C39    37809497.412   -10406309.953    21928644.211    34561836.153    40.629
C40    38783811.702   -24845049.906    27110075.393   -20860078.807    29.288
C41    25900476.919    12603034.821     8994501.830    23270116.021    12.261
C42    22393837.597   -14958473.355    23572503.793     -683462.126    56.295
C59    37603024.177   -32334925.328    27054592.124      498130.452    42.329
C60    36431933.463     7304676.205    41521181.509      554648.682    61.813
2399 351930.000 13
C21    26226370.829   -19630783.251    11212635.170   -16368119.229     8.620
C23    25948883.712    18614715.069    18007443.885   -10386946.839    11.219
C24    22926485.241    -7117703.888    17630960.781    20390342.185    46.270
C25    22636391.866     9711262.498    25405956.405     6173783.285    51.145
C33    22206484.057     -988008.852    22583789.008    16375566.671    60.122
C34    25932067.387   -14892896.393    13996765.400   -19005300.520    11.393
C38    37087574.555   -11151304.405    37427931.018   -15618792.674    48.181
C39    37811918.468   -10437263.504    21904297.561    34567561.283    40.593
C40    38775405.880   -24853500.117    27148993.559   -20799855.981    29.385
C41    25883015.381    12561718.315     9062209.253    23266250.414    12.430
C42    22400839.050   -14958425.590    23569446.715     -777818.655    56.152
C59    37603191.976   -32334923.929    27054696.095      493996.929    42.327
C60    36432062.903     7304745.853    41521193.358      550721.704    61.809
2399 351960.000 13
C21    26242614.841   -19602215.378    11164241.206   -16435181.192     8.467
C23    25936839.999    18627692.735    18040841.435   -10305327.558    11.334
C24    22938124.426    -7153988.082    17570767.694    20429581.068    46.089
C25    22633949.082     9695920.256    25390123.402     6262179.655    51.187
C33    22196565.244    -1017807.791    22631141.397    16308279.228    60.346
C34    25926572.663   -14958019.940    13995357.285   -18955041.569    11.445
C38    37094486.170   -11111269.170    37410085.330   -15689641.209    48.074
C39    37814320.455   -10468323.530    21880087.096    34573121.788    40.558
C40    38766994.833   -24861780.929    27187949.377   -20739534.408    29.482
C41    25865558.260    12520551.998     9129991.636    23262002.585    12.600
C42    22407920.218   -14958216.983    23566113.614     -872162.371    56.008
C59    37603359.243   -32334922.063    27054800.052      489861.036    42.325
C60    36432193.590     7304815.542    41521204.872      546792.087    61.806
2399 351990.000 13
C21    26258893.473   -19573630.209    11115591.453   -16501971.956     8.313
C23    25924842.280    18640597.526    18073970.834   -10223538.098    11.450
C24    22949784.663    -7190451.565    17510527.010    20468481.740    45.908
C25    22631566.819     9680394.302    25374059.582     6350472.452    51.229
C33    22186708.618    -1047387.932    22678358.728    16240722.757    60.571
C34    25921039.250   -15022974.153    13994069.782   -18904469.793    11.498
C38    37101420.629   -11071312.015    37392063.333   -15760414.102    47.967
C39    37816703.274   -10499489.433    21856013.279    34578517.641    40.523
C40    38758574.909   -24869892.180    27226942.109   -20679114.376    29.579
C41    25848098.153    12479536.678     9197847.529    23257372.604    12.770
C42    22415082.433   -14957848.743    23562503.822     -966491.721    55.862
C59    37603528.667   -32334919.732    27054903.993      485722.793    42.323
C60    36432324.728     7304885.271    41521216.050      542859.850    61.802
2399 352020.000 13
C21    26275207.388   -19545029.195    11066686.406   -16568490.416     8.159
C23    25912887.746    18653428.113    18106832.012   -10141579.811    11.565
C24    22961463.439    -7227094.114    17450240.222    20507043.557    45.728
C25    22629244.978     9664683.809    25357765.938     6438660.216    51.269
C33    22176912.608    -1076749.521    22725439.490    16172898.374    60.796
C34    25915466.311   -15087757.744    13992902.160   -18853586.024    11.551
C38    37108377.169   -11031433.711    37373865.367   -15831111.011    47.860
C39    37819066.628   -10530760.614    21832076.568    34583748.811    40.487
C40    38750150.002   -24877833.713    27265971.017   -20618596.174    29.676
C41    25830634.915    12438673.149     9265775.482    23252360.551    12.940
C42    22422322.389   -14957322.081    23558616.679    -1060805.148    55.716
C59    37603695.352   -32334916.934    27055007.916      481582.220    42.321
C60    36432454.749     7304955.037    41521226.892      538925.010    61.799
2399 352050.000 13
C21    26291555.851   -19516413.784    11017526.571   -16634735.474     8.004
C23    25900976.946    18666183.173    18139424.911   -10059454.049    11.679
C24    22973164.258    -7263915.496    17389908.822    20545265.881    45.549
C25    22626981.911     9648787.960    25341243.468     6526741.487    51.308
C33    22167181.102    -1105892.817    22772382.179    16104807.197    61.021
C34    25909847.372   -15152369.428    13991853.681   -18802391.099    11.605
C38    37115356.828   -10991635.027    37355491.780   -15901731.594    47.753
C39    37821409.962   -10562136.472    21808277.420    34588815.269    40.453
C40    38741717.968   -24885605.375    27305035.363   -20557980.092    29.774
C41    25813174.271    12397962.201     9333774.040    23246966.510    13.111
C42    22429643.159   -14956638.215    23554451.535    -1155101.099    55.569
C59    37603863.948   -32334913.672    27055111.818      477439.336    42.319
C60    36432585.670     7305024.840    41521237.398      534987.586    61.795
2399 352080.000 13
C21    26307938.638   -19487785.424    10968112.464   -16700706.034     7.850
C23    25889116.913    18678861.380    18171749.482    -9977162.168    11.793
C24    22984883.328    -7300915.470    17329534.304    20583148.082    45.369
C25    22624778.348     9632705.940    25324493.178     6614714.810    51.347
C33    22157511.642    -1134818.086    22819185.291    16036450.351    61.246
C34    25904196.103   -15216807.928    13990923.602   -18750885.862    11.659
C38    37122357.983   -10951916.734    37336942.920   -15972275.510    47.646
C39    37823734.826   -10593616.404    21784616.289    34593716.989    40.418
C40    38733277.140   -24893207.014    27344134.405   -20497266.418    29.871
C41    25795713.643    12357404.615     9401841.742    23241190.570    13.281
C42    22437042.523   -14955798.368    23550007.747    -1249378.021    55.420
C59    37604032.007   -32334909.944    27055215.699      473294.163    42.317
C60    36432717.042     7305094.677    41521247.567      531047.599    61.792
2399 352110.000 13
C21    26324353.764   -19459145.558    10918444.608   -16766401.006     7.695
C23    25877293.133    18691461.411    18203805.682    -9894705.525    11.907
C24    22996621.235    -7338093.787    17269118.159    20620689.533    45.190
C25    22622633.375     9616436.943    25307516.079     6702578.727    51.384
C33    22147906.028    -1163525.602    22865847.324    15967828.964    61.472
C34    25898504.392   -15281071.970    13990111.170   -18699071.159    11.713
C38    37129382.686   -10912279.597    37318219.140   -16042742.418    47.539
C39    37826041.537   -10625199.805    21761093.625    34598453.943    40.384
C40    38724831.744   -24900638.482    27383267.406   -20436455.443    29.969
C41    25778251.399    12317001.163     9469977.124    23235032.830    13.452
C42    22444521.990   -14954803.766    23545284.682    -1343634.359    55.271
C59    37604201.938   -32334905.750    27055319.556      469146.719    42.315
C60    36432848.734     7305164.547    41521257.398      527105.066    61.788
2399 352140.000 13
C21    26340799.506   -19430495.630    10868523.537   -16831819.304     7.541
C23    25865524.481    18703981.942    18235593.481    -9812085.483    12.021
C24    23008378.452    -7375450.187    17208661.878    20657889.612    45.012
C25    22620548.111     9599980.171    25290313.189     6790331.785    51.421
C33    22138364.910    -1192015.650    22912366.782    15898944.168    61.697
C34    25892770.857   -15345160.285    13989415.628   -18646947.845    11.768
C38    37136427.746   -10872724.383    37299320.797   -16113131.980    47.431
C39    37828326.869   -10656886.066    21737709.878    34603026.104    40.350
C40    38716377.696   -24907899.635    27422433.622   -20375547.458    30.067
C41    25760790.941    12276752.609     9538178.718    23228493.392    13.623
C42    22452079.367   -14953655.640    23540281.715    -1437868.560    55.121
C59    37604369.444   -32334901.093    27055423.387      464997.024    42.313
C60    36432979.454     7305234.449    41521266.892      523160.006    61.785
2399 352170.000 13
C21    26357276.235   -19401837.079    10818349.794   -16896959.848     7.386
C23    25853793.474    18716421.650    18267112.854    -9729303.404    12.134
C24    23020154.189    -7412984.405    17148166.952    20694747.705    44.834
C25    22618520.825     9583334.829    25272885.530     6877972.532    51.456
C33    22128887.353    -1220288.524    22958742.169    15829797.099    61.923
C34    25887000.788   -15409071.613    13988836.211   -18594516.776    11.823
C38    37143498.023   -10833251.856    37280248.250   -16183443.853    47.324
C39    37830594.494   -10688674.580    21714465.493    34607433.448    40.316
C40    38707921.409   -24914990.332    27461632.313   -20314542.753    30.165
C41    25743335.423    12236659.709     9606445.052    23221572.366    13.794
C42    22459716.935   -14952355.226    23534998.229    -1532079.071    54.970
C59    37604538.923   -32334895.971    27055527.191      460845.099    42.311
C60    36433111.855     7305304.381    41521276.046      519212.439    61.781
2399 352200.000 13
C21    26373792.510   -19373171.343    10767923.930   -16961821.560     7.231
C23    25842111.525    18728779.215    18298363.787    -9646360.655    12.247
C24    23031947.527    -7450696.165    17087634.871    20731263.202    44.656
C25    22616551.737     9566500.132    25255234.133     6965499.519    51.490
C33    22119475.748    -1248344.527    23004971.995    15760388.900    62.150
C34    25881191.032   -15472804.695    13988372.146   -18541778.816    11.879
C38    37150588.077   -10793862.777    37261001.863   -16253677.699    47.217
C39    37832842.319   -10720564.735    21691360.913    34611675.949    40.283
C40    38699456.979   -24921910.435    27500862.737   -20253441.619    30.264
C41    25725876.584    12196723.211     9674774.649    23214269.867    13.966
C42    22467433.692   -14950903.765    23529433.618    -1626264.339    54.818
C59    37604707.621   -32334890.384    27055630.966      456690.963    42.309
C60    36433243.042     7305374.341    41521284.862      515262.382    61.778
2399 352230.000 13
C21    26390336.750   -19344499.859    10717246.508   -17026403.368     7.076
C23    25830469.604    18741053.316    18329346.276    -9563258.605    12.360
C24    23043759.174    -7488585.182    17027067.125    20767435.501    44.478
C25    22614641.135     9549475.299    25237360.034     7052911.297    51.524
C33    22110128.366    -1276183.971    23051054.769    15690720.716    62.376
C34    25875344.737   -15536358.280    13988022.655   -18488734.833    11.935
C38    37157700.402   -10754557.908    37241582.000   -16323833.179    47.109
C39    37835068.036   -10752555.917    21668396.580    34615753.584    40.250
C40    38690984.065   -24928659.809    27540124.151   -20192244.349    30.362
C41    25708420.081    12156943.854     9743166.028    23206586.016    14.138
C42    22475229.836   -14949302.501    23523587.283    -1720422.812    54.665
C59    37604876.657   -32334884.334    27055734.710      452534.635    42.307
C60    36433374.924     7305444.328    41521293.338      511309.855    61.774
2399 352260.000 12
C23    25818875.387    18753242.632    18360060.323    -9479998.627    12.472
C24    23055586.996    -7526651.164    16966465.200    20803264.002    44.301
C25    22612789.310     9532259.559    25219264.274     7140206.420    51.556
C33    22100846.783    -1303807.175    23096989.007    15620793.695    62.603
C34    25869460.269   -15599731.122    13987786.952   -18435385.700    11.991
C38    37164833.778   -10715338.008    37221989.033   -16393909.954    47.002
C39    37837276.111   -10784647.513    21645572.930    34619666.330    40.217
C40    38682506.687   -24935238.322    27579415.812   -20130951.235    30.461
C41    25690967.320    12117322.369     9811617.706    23198520.942    14.310
C42    22483104.882   -14947552.682    23517458.632    -1814552.938    54.512
C59    37605043.748   -32334877.821    27055838.420      448376.137    42.305
C60    36433507.551     7305514.341    41521301.474      507354.878    61.771
2399 352290.000 12
C23    25807326.763    18765345.845    18390505.941    -9396582.093    12.584
C24    23067433.032    -7564893.810    16905830.585    20838748.115    44.125
C25    22610994.564     9514852.146    25200947.901     7227383.443    51.588
C33    22091631.444    -1331214.470    23142773.226    15550608.992    62.830
C34    25863535.277   -15662921.980    13987664.245   -18381732.296    12.048
C38    37171989.729   -10676203.835    37202223.333   -16463907.685    46.894
C39    37839465.910   -10816838.904    21622890.399    34623414.164    40.184
C40    38674025.007   -24941645.846    27618736.975   -20069562.569    30.560
C41    25673515.986    12077859.478     9880128.193    23190074.779    14.482
C42    22491058.557   -14945655.562    23511047.085    -1908653.165    54.357
C59    37605213.683   -32334870.844    27055942.096      444215.487    42.303
C60    36433640.571     7305584.377    41521309.270      503397.468    61.767
2399 352320.000 12
C23    25795821.622    18777361.638    18420683.151    -9313010.382    12.696
C24    23079294.152    -7603312.810    16845164.767    20873887.251    43.949
C25    22609256.731     9497252.300    25182411.969     7314440.924    51.618
C33    22082480.615    -1358406.195    23188405.947    15480167.766    63.057
C34    25857573.573   -15725929.620    13987653.734   -18327775.503    12.105
C38    37179166.883   -10637156.144    37182285.278   -16533826.035    46.786
C39    37841633.357   -10849129.473    21600349.420    34626997.065    40.152
C40    38665535.293   -24947882.256    27658086.897   -20008078.645    30.659
C41    25656069.045    12038555.897     9948695.999    23181247.668    14.654
C42    22499089.996   -14943612.399    23504352.070    -2002721.942    54.202
C59    37605381.149   -32334863.404    27056045.735      440052.706    42.300
C60    36433771.685     7305654.436    41521316.724      499437.645    61.764
2399 352350.000 12
C23    25784364.236    18789288.694    18450591.985    -9229284.873    12.807
C24    23091171.687    -7641907.845    16784469.229    20908680.831    43.773
C25    22607577.940     9479459.269    25163657.538     7401377.424    51.647
C33    22073397.659    -1385382.697    23233885.694    15409471.179    63.284
C34    25851576.837   -15788752.812    13987754.613   -18273516.211    12.163
C38    37186365.337   -10598195.690    37162175.246   -16603664.665    46.678
C39    37843782.689   -10881518.598    21577950.422    34630415.012    40.119
C40    38657041.128   -24953947.431    27697464.832   -19946499.756    30.759
C41    25638624.704    11999412.330    10017319.626    23172039.755    14.827
C42    22507201.351   -14941424.455    23497373.022    -2096757.719    54.046
C59    37605551.494   -32334855.502    27056149.335      435887.814    42.298
C60    36433903.375     7305724.515    41521323.838      495475.427    61.760
2399 352380.000 12
C23    25772951.958    18801125.698    18480232.480    -9145406.948    12.918
C24    23103065.756    -7680678.588    16723745.458    20943128.279    43.597
C25    22605956.351     9461472.308    25144685.673     7488191.502    51.676
C33    22064382.019    -1412144.333    23279210.993    15338520.397    63.512
C34    25845541.508   -15851390.332    13987966.070   -18218955.312    12.221
C38    37193586.815   -10559323.226    37141893.620   -16673423.239    46.571
C39    37845912.173   -10914005.658    21555693.832    34633667.986    40.088
C40    38648541.266   -24959841.251    27736870.035   -19884826.197    30.858
C41    25621185.788    11960429.475    10085997.576    23162451.194    15.000
C42    22515390.885   -14939092.994    23490109.387    -2190758.945    53.889
C59    37605720.153   -32334847.138    27056252.895      431720.830    42.296
C60    36434037.197     7305794.613    41521330.609      491510.834    61.757
2399 352410.000 12
C23    25761583.843    18812871.336    18509604.686    -9061377.991    13.029
C24    23114973.494    -7719624.704    16662994.936    20977229.027    43.422
C25    22604390.535     9443290.679    25125497.445     7574881.723    51.703
C33    22055433.232    -1438691.469    23324380.377    15267316.591    63.740
C34    25839468.983   -15913840.964    13988287.286   -18164093.705    12.279
C38    37200825.930   -10520539.502    37121440.788   -16743101.419    46.463
C39    37848021.370   -10946590.027    21533580.075    34636755.966    40.056
C40    38640036.374   -24965563.602    27776301.759   -19823058.261    30.958
C41    25603749.853    11921608.021    10154728.345    23152482.142    15.173
C42    22523659.542   -14936619.288    23482560.618    -2284724.070    53.731
C59    37605889.536   -32334838.311    27056356.413      427551.775    42.294
C60    36434169.150     7305864.729    41521337.038      487543.885    61.753
2399 352440.000 12
C23    25750265.521    18824524.296    18538708.659    -8977199.389    13.139
C24    23126898.647    -7758745.849    16602219.145    21010982.510    43.248
C25    22602881.977     9424913.651    25106093.932     7661446.653    51.730
C33    22046553.384    -1465024.480    23369392.379    15195860.936    63.968
C34    25833359.420   -15976103.493    13988717.435   -18108932.293    12.338
C38    37208089.683   -10481845.268    37100817.137   -16812698.869    46.355
C39    37850110.572   -10979271.079    21511609.572    34639678.935    40.025
C40    38631525.248   -24971114.371    27815759.260   -19761196.243    31.058
C41    25586317.595    11882948.649    10223510.427    23142132.766    15.346
C42    22532007.418   -14934004.609    23474726.179    -2378651.547    53.572
C59    37606059.325   -32334829.024    27056459.886      423380.669    42.292
C60    36434303.872     7305934.861    41521343.124      483574.599    61.749
2399 352470.000 12
C23    25738991.398    18836083.266    18567544.465    -8892872.533    13.249
C24    23138837.515    -7798041.670    16541419.566    21044388.170    43.073
C25    22601430.154     9406340.499    25086476.217     7747884.859    51.755
C33    22037742.248    -1491143.749    23414245.536    15124154.612    64.196
C34    25827220.594   -16038176.715    13989255.685   -18053471.985    12.397
C38    37215373.905   -10443241.271    37080023.062   -16882215.253    46.247
C39    37852180.266   -11012048.186    21489782.742    34642436.874    39.994
C40    38623012.556   -24976493.449    27855241.788   -19699240.440    31.158
C41    25568891.300    11844452.030    10292342.310    23131403.237    15.520
C42    22540431.313   -14931250.236    23466605.542    -2472539.826    53.413
C59    37606229.416   -32334819.275    27056563.313      419207.530    42.290
C60    36434435.758     7306005.008    41521348.867      479602.993    61.746
2399 352500.000 12
C23    25727762.305    18847546.935    18596112.178    -8808398.815    13.358
C24    23150790.900    -7837511.805    16480597.678    21077445.457    42.900
C25    22600035.711     9387570.505    25066645.387     7834194.911    51.780
C33    22028998.766    -1517049.669    23458938.390    15052198.801    64.424
C34    25821039.876   -16100059.429    13989901.196   -17997713.693    12.456
C38    37222677.394   -10404728.257    37059058.958   -16951650.235    46.138
C39    37854230.639   -11044920.718    21468100.001    34645029.768    39.963
C40    38614491.181   -24981700.732    27894748.598   -19637191.146    31.258
C41    25551471.800    11806118.827    10361222.482    23120293.733    15.694
C42    22548934.715   -14928357.451    23458198.186    -2566387.359    53.252
C59    37606398.659   -32334809.065    27056666.693      415032.381    42.288
C60    36434569.628     7306075.167    41521354.266      475629.089    61.742
2399 352530.000 12
C23    25716575.561    18858913.997    18624411.883    -8723779.628    13.468
C24    23162758.850    -7877155.886    16419754.961    21110153.822    42.726
C25    22598695.934     9368602.961    25046602.538     7920375.381    51.803
C33    22020324.474    -1542742.640    23503469.486    14979994.691    64.653
C34    25814823.422   -16161750.440    13990653.123   -17941658.335    12.516
C38    37230003.526   -10366306.970    37037925.223   -17021003.480    46.030
C39    37856260.409   -11077888.044    21446561.763    34647457.600    39.932
C40    38605967.799   -24986736.116    27934278.940   -19575048.659    31.359
C41    25534055.131    11767949.696    10430149.424    23108804.438    15.867
C42    22557516.567   -14925327.539    23449503.602    -2660192.599    53.091
C59    37606567.388   -32334798.395    27056770.023      410855.239    42.286
C60    36434704.041     7306145.337    41521359.321      471652.904    61.739
2399 352560.000 12
C23    25705439.639    18870183.143    18652443.672    -8639016.369    13.576
C24    23174739.417    -7916973.535    16358892.890    21142512.727    42.553
C25    22597413.448     9349437.164    25026348.768     8006424.843    51.826
C33    22011719.322    -1568223.073    23547837.373    14907543.474    64.882
C34    25808572.656   -16223248.560    13991510.614   -17885306.836    12.576
C38    37237348.586   -10327978.153    37016622.262   -17090274.653    45.922
C39    37858269.445   -11110949.529    21425168.439    34649720.355    39.902
C40    38597438.940   -24991599.504    27973832.067   -19512813.273    31.459
C41    25516648.192    11729945.283    10499121.616    23096935.542    16.042
C42    22566176.017   -14922161.790    23440521.289    -2753953.999    52.930
C59    37606740.781   -32334787.265    27056873.301      406676.126    42.284
C60    36434837.512     7306215.518    41521364.032      467674.457    61.735
2399 352590.000 12
C23    25694346.913    18881353.068    18680207.647    -8554110.439    13.685
C24    23186733.942    -7956964.363    16298012.942    21174521.637    42.380
C25    22596184.846     9330072.416    25005885.184     8092341.873    51.847
C33    22003185.171    -1593491.388    23592040.602    14834846.344    65.111
C34    25802289.186   -16284552.605    13992472.812   -17828660.121    12.637
C38    37244716.058   -10289742.547    36995150.480   -17159463.420    45.814
C39    37860260.479   -11144104.539    21403920.435    34651818.017    39.872
C40    38588904.898   -24996290.798    28013407.231   -19450485.288    31.560
C41    25499245.753    11692106.225    10568137.533    23084687.242    16.216
C42    22574913.430   -14918861.497    23431250.753    -2847670.014    52.767
C59    37606908.779   -32334775.676    27056976.526      402495.062    42.282
C60    36434971.546     7306285.706    41521368.398      463693.769    61.732
2399 352620.000 12
C23    25683300.775    18892422.469    18707703.916    -8469063.239    13.793
C24    23198741.055    -7997127.977    16237116.590    21206180.022    42.208
C25    22595013.248     9310508.030    24985212.896     8178125.049    51.868
C33    21994719.840    -1618548.011    23636077.730    14761904.502    65.340
C34    25795968.590   -16345661.400    13993538.850   -17771719.126    12.698
C38    37252103.538   -10251600.889    36973510.285   -17228569.445    45.705
C39    37862230.681   -11177352.436    21382818.157    34653750.575    39.843
C40    38580366.426   -25000809.907    28053003.681   -19388064.999    31.661
C41    25481851.284    11654433.151    10637195.649    23072059.739    16.390
C42    22583728.478   -14915427.957    23421691.513    -2941339.098    52.604
C59    37607078.560   -32334763.628    27057079.696      398312.066    42.280
C60    36435106.558     7306355.901    41521372.418      459710.856    61.728
2399 352650.000 12
C23    25672299.541    18903390.044    18734932.601    -8383876.172    13.901
C24    23210761.227    -8037463.973    16176205.306    21237487.360    42.036
C25    22593896.051     9290743.325    24964333.021     8263772.953    51.888
C33    21986325.526    -1643393.380    23679947.316    14688719.152    65.569
C34    25789613.114   -16406573.775    13994707.859   -17714484.786    12.759
C38    37259511.020   -10213553.917    36951702.091   -17297592.396    45.597
C39    37864179.952   -11210692.581    21361862.008    34655518.013    39.813
C40    38571824.335   -25005156.741    28092620.668   -19325552.705    31.762
C41    25464464.511    11616926.683    10706294.432    23059053.243    16.565
C42    22592620.759   -14911862.471    23411843.093    -3034959.706    52.440
C59    37607248.960   -32334751.120    27057182.808      394127.159    42.278
C60    36435240.359     7306426.101    41521376.093      455725.740    61.725
2399 352680.000 12
C23    25661347.055    18914254.492    18761893.828    -8298550.646    14.008
C24    23222792.999    -8077971.939    16115280.562    21268443.133    41.865
C25    22592834.589     9270777.625    24943246.680     8349284.166    51.906
C33    21978001.422    -1668027.940    23723647.924    14615291.499    65.799
C34    25783227.138   -16467288.563    13995978.961   -17656958.045    12.821
C38    37266938.252   -10175602.366    36929726.312   -17366531.938    45.488
C39    37866110.499   -11244124.333    21341052.386    34657120.322    39.784
C40    38563276.619   -25009331.214    28132257.443   -19262948.704    31.864
C41    25447083.293    11579587.431    10775432.349    23045667.969    16.740
C42    22601590.461   -14908166.342    23401705.028    -3128530.296    52.275
C59    37607421.373   -32334738.155    27057285.862      389940.360    42.276
C60    36435375.330     7306496.304    41521379.422      451738.438    61.721
2399 352710.000 12
C23    25650440.179    18925014.515    18788587.734    -8213088.068    14.116
C24    23234837.548    -8118651.454    16054343.826    21299046.831    41.693
C25    22591827.190     9250610.266    24921955.000     8434657.274    51.924
C33    21969750.512    -1692452.145    23767178.122    14541622.758    66.028
C34    25776802.410   -16527804.608    13997351.273   -17599139.850    12.883
C38    37274384.918   -10137746.969    36907583.368   -17435387.740    45.380
C39    37868018.630   -11277647.050    21320389.689    34658557.488    39.755
C40    38554725.643   -25013333.245    28171913.255   -19200253.295    31.965
C41    25429710.642    11542415.998    10844607.863    23031904.138    16.915
C42    22610637.911   -14904340.879    23391276.863    -3222049.323    52.110
C59    37607592.021   -32334724.731    27057388.855      385751.689    42.273
C60    36435509.523     7306566.509    41521382.404      447748.971    61.717
2399 352740.000 12
C23    25639580.587    18935668.816    18815014.464    -8127489.850    14.222
C24    23246893.015    -8159502.089    15993396.566    21329297.947    41.523
C25    22590874.462     9230240.586    24900459.114     8519890.865    51.941
C33    21961570.055    -1716666.457    23810536.482    14467714.142    66.258
C34    25770348.565   -16588120.757    13998823.904   -17541031.154    12.945
C38    37281852.808   -10099988.459    36885273.680   -17504159.468    45.271
C39    37869907.975   -11311260.089    21299874.311    34659829.502    39.727
C40    38546171.044   -25017162.752    28211587.353   -19137466.778    32.067
C41    25412347.057    11505412.980    10913819.434    23017761.977    17.091
C42    22619761.561   -14900387.393    23380558.150    -3315515.246    51.944
C59    37607761.425   -32334710.850    27057491.786      381561.167    42.271
C60    36435643.740     7306636.714    41521385.039      443757.356    61.714
2399 352770.000 11
C24    23258957.720    -8200523.407    15932440.248    21359195.982    41.352
C25    22589976.008     9209667.934    24878760.160     8604983.528    51.957
C33    21953461.321    -1740671.349    23853721.578    14393566.871    66.488
C34    25763858.579   -16648235.865    14000395.958   -17482632.913    13.008
C38    37289340.719   -10062327.564    36862797.675   -17572846.791    45.163
C39    37871776.626   -11344962.802    21279506.641    34660936.353    39.698
C40    38537611.075   -25020819.661    28251278.986   -19074589.451    32.169
C41    25394993.308    11468578.960    10983065.518    23003241.720    17.266
C42    22628963.607   -14896307.198    23369548.452    -3408926.523    51.777
C59    37607931.872   -32334696.512    27057594.652      377368.814    42.269
C60    36435779.376     7306706.918    41521387.328      439763.613    61.710
2399 352800.000 12
C23    25617996.745    18956655.076    18867067.025    -7955892.147    14.435
C24    23271036.607    -8241714.962    15871476.335    21388740.443    41.183
C25    22589132.731     9188891.665    24856859.280     8689933.854    51.972
C33    21945426.244    -1764467.300    23896731.992    14319182.170    66.718
C34    25757337.721   -16708148.792    14002066.533   -17423946.089    13.071
C38    37296847.371   -10024765.013    36840155.779   -17641449.376    45.054
C39    37873625.275   -11378754.542    21259287.069    34661878.034    39.670
C40    38529050.688   -25024303.899    28290987.404   -19011621.614    32.271
C41    25377650.199    11431914.518    11052344.570    22988343.606    17.442
C42    22638242.105   -14892101.613    23358247.340    -3502281.614    51.610
C59    37608103.870   -32334681.718    27057697.452      373174.650    42.267
C60    36435913.753     7306777.119    41521389.268      435767.762    61.707
2399 352830.000 12
C23    25607275.763    18966984.451    18892693.191    -7869895.496    14.540
C24    23283124.836    -8283076.301    15810506.289    21417930.841    41.013
C25    22588341.743     9167911.142    24834757.622     8774740.439    51.986
C33    21937462.548    -1788054.800    23939566.307    14244561.265    66.949
C34    25750783.702   -16767858.404    14003834.721   -17364971.649    13.135
C38    37304376.550    -9987301.531    36817348.425   -17709966.892    44.946
C39    37875453.531   -11412634.660    21239215.981    34662654.534    39.643
C40    38520484.028   -25027615.395    28330711.854   -18948563.569    32.373
C41    25360312.778    11395420.219    11121655.041    22973067.881    17.618
C42    22647597.332   -14887771.959    23346654.395    -3595578.979    51.442
C59    37608275.033   -32334666.467    27057800.184      368978.694    42.265
C60    36436050.040     7306847.316    41521390.861      431769.820    61.703
2399 352860.000 12
C23    25596597.858    18977202.937    18918052.851    -7783768.870    14.646
C24    23295222.011    -8324606.959    15749531.571    21446766.695    40.844
C25    22587604.310     9146725.734    24812456.341     8859401.879    51.998
C33    21929572.111    -1811434.346    23982223.111    14169705.387    67.179
C34    25744196.667   -16827363.574    14005699.607   -17305710.563    13.198
C38    37311921.327    -9949937.842    36794376.048   -17778399.009    44.837
C39    37877262.121   -11446602.505    21219293.757    34663265.848    39.615
C40    38511913.125   -25030754.083    28370451.584   -18885415.615    32.475
C41    25342990.214    11359096.625    11190995.380    22957414.797    17.794
C42    22657029.147   -14883319.560    23334769.206    -3688817.079    51.273
C59    37608446.616   -32334650.761    27057902.846      364780.968    42.263
C60    36436184.953     7306917.506    41521392.105      427769.809    61.700
2399 352890.000 12
C23    25585968.408    18987309.247    18943146.195    -7697513.692    14.751
C24    23307329.687    -8366306.468    15688553.638    21475247.527    40.675
C25    22586920.825     9125334.821    24789956.594     8943916.772    52.010
C33    21921754.791    -1834606.444    24024700.997    14094615.772    67.410
C34    25737578.366   -16886663.184    14007660.271   -17246163.809    13.263
C38    37319488.629    -9912674.669    36771239.086   -17846745.395    44.728
C39    37879048.219   -11480657.424    21199520.779    34663711.968    39.588
C40    38503340.782   -25033719.901    28410205.843   -18822178.055    32.578
C41    25325676.354    11322944.284    11260364.031    22941384.613    17.970
C42    22666536.979   -14878745.744    23322591.372    -3781994.377    51.104
C59    37608617.044   -32334634.600    27058005.436      360581.490    42.261
C60    36436320.837     7306987.689    41521393.001      423767.745    61.696
2399 352920.000 12
C23    25575387.144    18997302.097    18967973.421    -7611131.386    14.855
C24    23319448.191    -8408174.347    15627573.947    21503372.869    40.507
C25    22586289.317     9103737.785    24767259.546     9028283.722    52.022
C33    21914012.184    -1857571.609    24066998.561    14019293.659    67.641
C34    25730929.259   -16945756.117    14009715.787   -17186332.368    13.327
C38    37327072.379    -9875512.732    36747937.979   -17915005.721    44.619
C39    37880814.603   -11514798.762    21179897.423    34663992.888    39.561
C40    38494764.360   -25036512.789    28449973.877   -18758851.189    32.681
C41    25308372.792    11286963.740    11329759.438    22924977.593    18.147
C42    22676121.944   -14874051.842    23310120.502    -3875109.336    50.934
C59    37608789.499   -32334617.984    27058107.953      356380.282    42.259
C60    36436456.270     7307057.862    41521393.548      419763.649    61.692
2399 352950.000 12
C23    25564851.471    19007180.205    18992534.736    -7524623.377    14.960
C24    23331573.554    -8450210.108    15566593.950    21531142.256    40.339
C25    22585711.571     9081934.021    24744366.363     9112501.331    52.032
C33    21906343.685    -1880330.363    24109114.406    13943740.290    67.871
C34    25724245.955   -17004641.267    14011865.221   -17126217.223    13.392
C38    37334676.956    -9838452.748    36724473.173   -17983179.657    44.510
C39    37882561.215   -11549025.865    21160424.063    34664108.604    39.534
C40    38486187.478   -25039132.690    28489754.935   -18695435.320    32.784
C41    25291081.319    11251155.524    11399180.040    22908194.007    18.323
C42    22685782.232   -14869239.189    23297356.213    -3968160.419    50.763
C59    37608959.733   -32334600.914    27058210.394      352177.362    42.257
C60    36436592.740     7307128.025    41521393.746      415757.541    61.689
2399 352980.000 12
C23    25554361.858    19016942.290    19016830.356    -7437991.095    15.063
C24    23343708.440    -8492413.257    15505615.101    21558555.228    40.171
C25    22585186.442     9059922.928    24721278.221     9196568.206    52.041
C33    21898748.989    -1902883.240    24151047.135    13867956.912    68.102
C34    25717531.731   -17063317.532    14014107.635   -17065819.367    13.457
C38    37342299.862    -9801495.435    36700845.114   -18051266.874    44.402
C39    37884286.375   -11583338.074    21141101.070    34664059.110    39.508
C40    38477606.893   -25041579.552    28529548.262   -18631930.750    32.887
C41    25273800.679    11215520.162    11468624.276    22891034.132    18.500
C42    22695518.254   -14864309.121    23284298.132    -4061146.093    50.592
C59    37609131.326   -32334583.391    27058312.758      347972.752    42.255
C60    36436728.276     7307198.174    41521393.594      411749.438    61.685
2399 353010.000 12
C23    25543920.704    19026587.076    19040860.505    -7351235.969    15.167
C24    23355852.898    -8534783.288    15444638.849    21585611.335    40.004
C25    22584713.070     9037703.914    24697996.297     9280482.956    52.049
C33    21891229.782    -1925230.778    24192795.360    13791944.775    68.334
C34    25710789.275   -17121783.819    14016442.085   -17005139.793    13.523
C38    37349942.321    -9764641.506    36677054.253   -18119267.042    44.293
C39    37885993.634   -11617734.729    21121928.813    34663844.404    39.482
C40    38469022.405   -25043853.323    28569353.107   -18568337.782    32.990
C41    25256531.294    11180058.167    11538090.579    22873498.250    18.677
C42    22705331.523   -14859262.978    23270945.894    -4154064.822    50.420
C59    37609303.881   -32334565.414    27058415.044      343766.472    42.253
C60    36436864.550     7307268.310    41521393.092      407739.360    61.682
2399 353040.000 12
C23    25533524.547    19036113.286    19064625.416    -7264359.432    15.270
C24    23368004.605    -8577319.689    15383666.640    21612310.128    39.838
C25    22584293.000     9015276.394    24674521.774     9364244.192    52.057
C33    21883785.614    -1947373.527    24234357.695    13715705.134    68.565
C34    25704012.871   -17180039.038    14018867.621   -16944179.502    13.588
C38    37357603.276    -9727891.675    36653101.044   -18187179.834    44.184
C39    37887677.779   -11652215.171    21102907.656    34663464.483    39.456
C40    38460433.394   -25045953.958    28609168.715   -18504656.719    33.093
C41    25239276.059    11144770.046    11607577.383    22855586.651    18.854
C42    22715219.647   -14854102.104    23257299.145    -4246915.075    50.248
C59    37609475.565   -32334546.985    27058517.248      339558.541    42.250
C60    36437001.022     7307338.430    41521392.240      403727.327    61.678
2399 353070.000 12
C23    25523173.872    19045519.648    19088125.330    -7177362.919    15.373
C24    23380164.144    -8620021.940    15322699.920    21638651.169    39.671
C25    22583923.785     8992639.792    24650855.841     9447850.528    52.063
C33    21876417.653    -1969312.043    24275732.760    13639239.247    68.796
C34    25697210.198   -17238082.110    14021383.287   -16882939.497    13.655
C38    37365283.606    -9691246.651    36628985.944   -18255004.921    44.075
C39    37889342.066   -11686778.736    21084037.963    34662919.345    39.430
C40    38451844.621   -25047881.414    28648994.333   -18440887.866    33.197
C41    25222033.695    11109656.297    11677083.117    22837299.630    19.032
C42    22725182.223   -14848827.844    23243357.540    -4339695.319    50.075
C59    37609648.609   -32334528.103    27058619.370      335348.980    42.248
C60    36437137.921     7307408.533    41521391.038      399713.357    61.674
2399 353100.000 12
C23    25512872.418    19054804.891    19111360.499    -7090247.865    15.475
C24    23392330.609    -8662889.511    15261740.132    21664634.021    39.505
C25    22583605.318     8969793.538    24626999.690     9531300.581    52.069
C33    21869125.536    -1991046.893    24316919.178    13562548.375    69.028
C34    25690376.063   -17295911.958    14023988.122   -16821420.787    13.721
C38    37372981.163    -9654707.142    36604709.412   -18322741.976    43.966
C39    37890984.743   -11721424.760    21065320.092    34662208.988    39.405
C40    38443252.616   -25049635.650    28688829.207   -18377031.526    33.301
C41    25204804.600    11074717.407    11746606.210    22818637.488    19.209
C42    22735220.625   -14843441.548    23229120.743    -4432404.025    49.902
C59    37609819.944   -32334508.771    27058721.408      331137.809    42.246
C60    36437275.450     7307478.617    41521389.485      395697.470    61.671
2399 353130.000 12
C23    25502614.227    19063967.748    19134331.181    -7003015.709    15.577
C24    23404504.659    -8705921.865    15200788.716    21690258.256    39.340
C25    22583339.114     8946737.070    24602954.519     9614592.970    52.073
C33    21861908.292    -2012578.651    24357915.577    13485633.783    69.259
C34    25683512.476   -17353527.516    14026681.156   -16759624.387    13.788
C38    37380698.014    -9618273.856    36580271.913   -18390390.672    43.857
C39    37892607.050   -11756152.579    21046754.401    34661333.412    39.380
C40    38434658.913   -25051216.629    28728672.583   -18313088.003    33.405
C41    25187589.088    11039953.857    11816145.085    22799600.532    19.387
C42    22745334.870   -14837944.566    23214588.427    -4525039.661    49.728
C59    37609991.363   -32334488.987    27058823.359      326925.048    42.244
C60    36437410.903     7307548.681    41521387.581      391679.686    61.667
2399 353160.000 12
C23    25492402.774    19073006.953    19157037.644    -6915667.891    15.679
C24    23416684.372    -8749118.456    15139847.109    21715523.451    39.175
C25    22583125.272     8923469.836    24578721.530     9697726.317    52.077
C33    21854769.134    -2033907.898    24398720.592    13408496.741    69.491
C34    25676620.044   -17410927.722    14029461.418   -16697551.313    13.855
C38    37388434.070    -9581947.495    36555673.911   -18457950.681    43.748
C39    37894207.878   -11790961.523    21028341.243    34660292.618    39.355
C40    38426063.696   -25052624.319    28768523.708   -18249057.602    33.509
C41    25170388.687    11005366.117    11885698.167    22780189.076    19.565
C42    22755523.817   -14832338.252    23199760.275    -4617600.702    49.553
C59    37610164.253   -32334468.752    27058925.222      322710.717    42.242
C60    36437548.275     7307618.722    41521385.325      387660.022    61.664
2399 353190.000 12
C23    25482242.402    19081921.245    19179480.164    -6828205.854    15.780
C24    23428872.201    -8792478.732    15078916.747    21740429.190    39.010
C25    22582959.543     8899991.287    24554301.931     9780699.246    52.080
C33    21847705.713    -2055035.226    24439332.860    13331138.521    69.722
C34    25669695.152   -17468111.521    14032327.929   -16635202.590    13.923
C38    37396186.617    -9545728.764    36530915.877   -18525421.678    43.639
C39    37895790.240   -11825850.926    21010080.969    34659086.607    39.331
C40    38417465.972   -25053858.688    28808381.826   -18184940.630    33.613
C41    25153203.170    10970954.648    11955263.876    22760403.439    19.743
C42    22765787.165   -14826623.964    23184635.979    -4710085.618    49.378
C59    37610336.041   -32334448.068    27059026.996      318494.836    42.240
C60    36437685.757     7307688.740    41521382.718      383638.499    61.660
2399 353220.000 12
C23    25472124.689    19090709.362    19201659.026    -6740631.042    15.881
C24    23441065.323    -8836002.130    15017999.063    21764975.061    38.846
C25    22582846.110     8876300.887    24529696.932     9863510.383    52.082
C33    21840720.474    -2075961.234    24479751.024    13253560.399    69.954
C34    25662742.856   -17525077.867    14035279.703   -16572579.243    13.991
C38    37403959.056    -9509618.361    36505998.283   -18592803.336    43.530
C39    37897350.620   -11860820.116    20991973.926    34657715.380    39.306
C40    38408866.008   -25054919.710    28848246.184   -18120737.390    33.717
C41    25136030.788    10936719.904    12024840.631    22740243.947    19.921
C42    22776124.669   -14820803.061    23169215.241    -4802492.884    49.202
C59    37610509.318   -32334426.935    27059128.678      314277.426    42.238
C60    36437823.465     7307758.733    41521379.759      379615.135    61.656
2399 353250.000 12
C23    25462059.477    19099370.048    19223574.524    -6652944.901    15.982
C24    23453264.507    -8879688.079    14957095.487    21789160.660    38.682
C25    22582782.608     8852398.104    24504907.749     9946158.359    52.083
C33    21833812.609    -2096686.528    24519973.733    13175763.656    70.186
C34    25655766.326   -17581825.718    14038315.752   -16509682.305    14.059
C38    37411747.215    -9473616.985    36480921.604   -18660095.331    43.421
C39    37898889.341   -11895868.422    20974020.461    34656178.941    39.282
C40    38400265.390   -25055807.362    28888116.026   -18056448.190    33.822
C41    25118876.455    10902662.326    12094426.848    22719710.932    20.099
C42    22786537.548   -14814876.905    23153497.771    -4894820.976    49.026
C59    37610681.083   -32334405.353    27059230.266      310058.507    42.236
C60    36437960.644     7307828.698    41521376.448      375589.951    61.653
2399 353280.000 12
C23    25452035.539    19107902.048    19245226.960    -6565148.878    16.082
C24    23465469.167    -8923536.002    14896207.445    21812985.587    38.518
C25    22582768.851     8828282.417    24479935.604    10028641.806    52.083
C33    21826982.638    -2117211.725    24559999.638    13097749.575    70.418
C34    25648759.251   -17638354.040    14041435.079   -16446512.811    14.127
C38    37419554.265    -9437725.333    36455686.318   -18727297.336    43.312
C39    37900406.950   -11930995.170    20956220.915    34654477.292    39.259
C40    38391661.811   -25056521.623    28927990.599   -17992073.336    33.927
C41    25101735.027    10868782.351    12164020.941    22698804.731    20.278
C42    22797024.491   -14808846.860    23137483.289    -4987068.369    48.849
C59    37610853.908   -32334383.322    27059331.760      305838.099    42.234
C60    36438097.673     7307898.635    41521372.785      371562.964    61.649
2399 353310.000 12
C23    25442058.827    19116304.111    19266616.644    -6477244.424    16.182
C24    23477679.219    -8967545.313    14835336.363    21836449.450    38.355
C25    22582805.080     8803953.309    24454781.720    10110959.359    52.082
C33    21820231.276    -2137537.448    24599827.399    13019519.444    70.650
C34    25641726.891   -17694661.808    14044636.684   -16383071.804    14.196
C38    37427380.324    -9401944.097    36430292.908   -18794409.029    43.203
C39    37901905.192   -11966199.686    20938575.627    34652610.439    39.235
C40    38383056.746   -25057062.476    28967869.149   -17927613.135    34.032
C41    25084614.074    10835080.403    12233621.324    22677525.689    20.457
C42    22807585.577   -14802714.293    23121171.527    -5079233.543    48.672
C59    37611026.466   -32334360.845    27059433.156      301616.222    42.231
C60    36438235.964     7307968.542    41521368.769      367534.195    61.645
2399 353340.000 12
C23    25432130.236    19124574.989    19287743.895    -6389232.990    16.281
C24    23489892.475    -9011715.416    14774483.662    21859551.862    38.193
C25    22582890.339     8779410.275    24429447.328    10193109.656    52.080
C33    21813557.845    -2157664.329    24639455.677    12941074.552    70.882
C34    25634660.909   -17750747.999    14047919.559   -16319360.328    14.265
C38    37435222.548    -9366273.970    36404741.857   -18861430.083    43.093
C39    37903381.440   -12001481.293    20921084.933    34650578.387    39.212
C40    38374451.372   -25057429.908    29007750.919   -17863067.894    34.137
C41    25067506.133    10801556.899    12303226.406    22655874.156    20.635
C42    22818219.732   -14796480.573    23104562.223    -5171314.975    48.494
C59    37611199.665   -32334337.920    27059534.453      297392.897    42.229
C60    36438373.564     7308038.417    41521364.401      363503.663    61.642
2399 353370.000 12
C23    25422249.431    19132713.435    19308609.043    -6301116.028    16.380
C24    23502111.594    -9056045.710    14713650.762    21882292.442    38.030
C25    22583025.084     8754652.815    24403933.661    10275091.338    52.078
C33    21806963.374    -2177593.008    24678883.141    12862416.194    71.114
C34    25627576.143   -17806611.603    14051282.694   -16255379.433    14.334
C38    37443081.593    -9330715.641    36379033.654   -18928360.176    42.984
C39    37904837.134   -12036839.314    20903749.167    34648381.140    39.189
C40    38365844.883   -25057623.907    29047635.155   -17798437.920    34.242
C41    25050416.968    10768212.247    12372834.596    22633850.488    20.814
C42    22828927.804   -14790147.071    23087655.125    -5263311.147    48.316
C59    37611371.356   -32334314.549    27059635.651      293168.143    42.227
C60    36438512.912     7308108.259    41521359.679      359471.387    61.638
2399 353400.000 12
C23    25412415.108    19140718.207    19329212.422    -6212894.995    16.479
C24    23514334.419    -9100535.584    14652839.079    21904670.815    37.868
C25    22583208.416     8729680.438    24378241.956    10356903.047    52.074
C33    21800448.290    -2197324.134    24718108.464    12783545.668    71.346
C34    25620456.643   -17862251.612    14054725.071   -16191130.173    14.404
C38    37450958.411    -9295269.798    36353168.789   -18995198.985    42.875
C39    37906270.783   -12072273.069    20886568.658    34646018.707    39.167
C40    38357236.209   -25057644.468    29087521.103   -17733723.522    34.348
C41    25033344.893    10735046.845    12442444.302    22611455.046    20.993
C42    22839709.264   -14783715.163    23070449.993    -5355220.541    48.137
C59    37611544.243   -32334290.732    27059736.745      288941.981    42.225
C60    36438649.346     7308178.066    41521354.604      355437.386    61.635
2399 353430.000 12
C23    25402626.109    19148588.066    19349554.377    -6124571.346    16.577
C24    23526561.407    -9145184.418    14592050.026    21926686.611    37.707
C25    22583440.285     8704492.661    24352373.457    10438543.430    52.070
C33    21794013.293    -2216858.363    24757130.325    12704464.276    71.578
C34    25613315.987   -17917667.028    14058245.667   -16126613.607    14.474
C38    37458853.161    -9259937.127    36327147.756   -19061946.186    42.766
C39    37907684.407   -12107781.877    20869543.734    34643491.094    39.144
C40    38348628.473   -25057491.585    29127408.008   -17668925.008    34.453
C41    25016292.465    10702061.081    12512053.928    22588688.200    21.173
C42    22850563.064   -14777186.222    23052946.594    -5447041.638    47.958
C59    37611716.516   -32334266.470    27059837.736      284714.431    42.223
C60    36438788.468     7308247.837    41521349.176      351401.680    61.631
2399 353460.000 12
C23    25392884.330    19156321.775    19369635.263    -6036146.541    16.675
C24    23538791.453    -9189991.587    14531285.013    21948339.469    37.546
C25    22583721.995     8679089.008    24326329.409    10520011.136    52.065
C33    21787657.756    -2236196.359    24795947.407    12625173.321    71.810
C34    25606150.622   -17972856.859    14061843.454   -16061830.799    14.544
C38    37466764.979    -9224718.311    36300971.051   -19128601.457    42.657
C39    37909077.152   -12143365.057    20852674.719    34640798.309    39.122
C40    38340018.455   -25057165.259    29167295.115   -17604042.686    34.559
C41    24999254.139    10669255.338    12581661.878    22565550.324    21.352
C42    22861490.307   -14770561.628    23035144.705    -5538772.925    47.779
C59    37611890.833   -32334241.763    27059938.621      280485.513    42.221
C60    36438926.925     7308317.569    41521343.394      347364.287    61.627
2399 353490.000 12
C23    25383190.655    19163918.100    19389455.440    -5947622.040    16.773
C24    23551025.775    -9234956.456    14470545.447    21969629.030    37.385
C25    22584049.586     8653469.013    24300111.062    10601304.817    52.059
C33    21781381.600    -2255338.796    24834558.399    12545674.112    72.041
C34    25598955.561   -18027820.120    14065517.400   -15996782.815    14.615
C38    37474692.627    -9189614.030    36274639.174   -19195164.476    42.548
C39    37910449.461   -12179021.925    20835961.935    34637940.362    39.101
C40    38331408.331   -25056665.491    29207181.668   -17539076.867    34.665
C41    24982239.110    10636629.984    12651266.553    22542041.798    21.532
C42    22872490.670   -14763842.760    23017044.113    -5630412.887    47.599
C59    37612063.686   -32334216.613    27060039.398      276255.248    42.219
C60    36439064.876     7308387.262    41521337.258      343325.228    61.624
2399 353520.000 12
C23    25373540.977    19171375.812    19409015.278    -5858999.303    16.870
C24    23563262.253    -9280078.381    14409832.732    21990554.945    37.225
C25    22584426.990     8627632.217    24273719.673    10682423.128    52.052
C33    21775186.408    -2274286.352    24872961.997    12465967.960    72.273
C34    25591737.841   -18082555.835    14069266.467   -15931470.727    14.686
C38    37482637.609    -9154624.964    36248152.629   -19261634.922    42.438
C39    37911799.360   -12214751.796    20819405.699    34634917.262    39.079
C40    38322796.238   -25055992.289    29247066.914   -17474027.859    34.771
C41    24965243.164    10604185.383    12720866.354    22518163.009    21.712
C42    22883563.329   -14757031.001    22998644.615    -5721960.012    47.418
C59    37612237.128   -32334191.020    27060140.065      272023.656    42.217
C60    36439203.372     7308456.913    41521330.769      339284.522    61.620
2399 353550.000 12
C23    25363941.663    19178693.684    19428315.158    -5770279.796    16.967
C24    23575501.206    -9325356.712    14349148.271    22011116.869    37.065
C25    22584850.998     8601578.168    24247156.498    10763364.725    52.045
C33    21769072.278    -2293039.718    24911156.898    12386056.181    72.505
C34    25584492.604   -18137063.033    14073089.610   -15865895.613    14.757
C38    37490600.390    -9119751.789    36221511.919   -19328012.473    42.329
C39    37913128.710   -12250553.984    20803006.327    34631729.021    39.058
C40    38314184.171   -25055145.662    29286950.098   -17408895.973    34.877
C41    24948263.672    10571921.887    12790459.679    22493914.348    21.891
C42    22894708.392   -14750127.735    22979946.016    -5813412.788    47.237
C59    37612411.241   -32334164.984    27060240.622      267790.757    42.215
C60    36439342.733     7308526.521    41521323.925      335242.187    61.616
2399 353580.000 12
C23    25354388.593    19185870.492    19447355.464    -5681464.982    17.063
C24    23587742.983    -9370790.791    14288493.459    22031314.462    36.905
C25    22585322.351     8575306.423    24220422.801    10844128.271    52.036
C33    21763039.276    -2311599.589    24949141.809    12305940.093    72.737
C34    25577223.252   -18191340.751    14076985.781   -15800058.552    14.828
C38    37498576.935    -9084995.179    36194717.555   -19394296.809    42.220
C39    37914436.423   -12286427.800    20786764.132    34628375.649    39.037
C40    38305572.611   -25054125.621    29326830.464   -17343681.518    34.983
C41    24931305.977    10539839.840    12860044.925    22469296.216    22.071
C42    22905926.194   -14743134.347    22960948.132    -5904769.707    47.056
C59    37612583.062   -32334138.506    27060341.065      263556.571    42.212
C60    36439481.916     7308596.085    41521316.726      331198.244    61.613
2399 353610.000 13
C23    25344880.627    19192905.017    19466136.594    -5592556.329    17.159
C24    23599987.043    -9416379.951    14227869.692    22051147.392    36.746
C25    22585841.201     8548816.548    24193519.849    10924712.428    52.027
C33    21757086.974    -2329966.671    24986915.441    12225621.018    72.969
C34    25569930.237   -18245388.032    14080953.927   -15733960.630    14.900
C38    37506573.354    -9050355.808    36167770.048   -19460487.610    42.111
C39    37915724.294   -12322372.556    20770679.423    34624857.158    39.016
C40    38296961.418   -25052932.183    29366707.258   -17278384.806    35.090
C41    24914372.131    10507939.577    12929620.489    22444309.016    22.252
C42    22917215.012   -14736052.225    22941650.788    -5996029.260    46.874
C43    26398633.527     2612044.034    16169173.966   -22606021.194     7.036
C59    37612757.572   -32334111.587    27060441.394      259321.119    42.210
C60    36439621.533     7308665.602    41521309.174      327152.711    61.609
2399 353640.000 13
C23    25335422.995    19199796.040    19484658.950    -5503555.304    17.255
C24    23612231.212    -9462123.517    14167278.360    22070615.332    36.588
C25    22586406.686     8522108.115    24166448.911    11005115.863    52.017
C33    21751216.834    -2348141.674    25024476.510    12145100.280    73.201
C34    25562614.857   -18299203.930    14084992.990   -15667602.936    14.972
C38    37514585.454    -9015834.344    36140669.912   -19526584.556    42.002
C39    37916989.346   -12358387.562    20754752.505    34621173.562    38.996
C40    38288349.171   -25051565.368    29406579.726   -17213006.148    35.197
C41    24897453.122    10476221.422    12999184.765    22418953.159    22.432
C42    22928575.223   -14728882.760    22922053.819    -6087189.940    46.692
C43    26392686.039     2535378.961    16180584.389   -22606524.461     7.090
C59    37612930.336   -32334084.227    27060541.606      255084.421    42.208
C60    36439761.326     7308735.072    41521301.266      323105.609    61.605
2399 353670.000 13
C23    25326007.349    19206542.351    19502922.945    -5414463.377    17.350
C24    23624476.684    -9508020.808    14106720.853    22089717.962    36.429
C25    22587017.624     8495180.707    24139211.262    11085337.245    52.006
C33    21745429.370    -2366125.319    25061823.737    12064379.209    73.432
C34    25555275.792   -18352787.502    14089101.905   -15600986.564    15.044
C38    37522613.839    -8981431.456    36113417.664   -19592587.327    41.893
C39    37918232.906   -12394472.126    20738983.683    34617324.874    38.976
C40    38279737.197   -25050025.197    29446447.112   -17147545.854    35.304
C41    24880560.056    10444685.693    13068736.146    22393229.062    22.612
C42    22940008.049   -14721627.342    22902157.068    -6178250.244    46.509
C43    26386679.502     2458734.460    16192140.865   -22606654.949     7.146
C59    37613103.439   -32334056.428    27060641.700      250846.497    42.206
C60    36439900.373     7308804.492    41521293.004      319056.955    61.602
2399 353700.000 13
C23    25316640.997    19213142.738    19520928.999    -5325282.020    17.445
C24    23636722.700    -9554071.132    14046198.553    22108454.967    36.272
C25    22587677.120     8468033.912    24111808.181    11165375.246    51.994
C33    21739723.156    -2383918.334    25098955.852    11983459.136    73.664
C34    25547909.537   -18406137.816    14093279.604   -15534112.611    15.117
C38    37530656.664    -8947147.809    36086013.826   -19658495.606    41.783
C39    37919455.785   -12430625.554    20723373.256    34613311.108    38.956
C40    38271125.578   -25048311.696    29486308.664   -17082004.238    35.411
C41    24863688.020    10413332.696    13138273.023    22367137.147    22.793
C42    22951510.659   -14714287.365    22881960.391    -6269208.667    46.326
C43    26380621.325     2382112.067    16203843.167   -22606412.654     7.202
C59    37613278.056   -32334028.190    27060741.674      246607.367    42.204
C60    36440039.594     7308873.861    41521284.387      315006.771    61.598
2399 353730.000 13
C23    25307321.222    19219595.995    19538677.541    -5236012.706    17.539
C24    23648972.383    -9600273.792    13985712.843    22126826.038    36.114
C25    22588380.581     8440667.329    24084240.948    11245228.543    51.981
C33    21734099.483    -2401521.456    25135871.586    11902341.395    73.895
C34    25540520.775   -18459253.944    14097525.015   -15466982.181    15.190
C38    37538716.945    -8912984.066    36058458.920   -19724309.073    41.674
C39    37920657.064   -12466847.152    20707921.522    34609132.281    38.936
C40    38262514.926   -25046424.894    29526163.625   -17016381.610    35.518
C41    24846834.959    10382162.730    13207793.788    22340677.844    22.973
C42    22963084.746   -14706864.222    22861463.649    -6360063.709    46.143
C43    26374506.256     2305513.314    16215691.055   -22605797.578     7.259
C59    37613450.458   -32333999.513    27060841.526      242367.052    42.202
C60    36440179.812     7308943.177    41521275.414      310955.074    61.594
2399 353760.000 13
C23    25298048.444    19225900.920    19556169.009    -5146656.908    17.633
C24    23661220.643    -9646628.081    13925265.099    22144830.873    35.957
C25    22589127.941     8413080.562    24056510.850    11324895.814    51.968
C33    21728559.034    -2418935.426    25172569.679    11821027.325    74.126
C34    25533114.540   -18512134.968    14101837.059   -15399596.378    15.263
C38    37546790.843    -8878940.888    36030753.473   -19790027.411    41.565
C39    37921839.167   -12503136.225    20692628.775    34604788.408    38.917
C40    38253902.243   -25044364.824    29566011.243   -16950678.284    35.625
C41    24830009.259    10351176.083    13277296.830    22313851.586    23.154
C42    22974729.762   -14699359.311    22840666.718    -6450813.868    45.959
C43    26368338.090     2228939.736    16227684.282   -22604809.729     7.316
C59    37613626.071   -32333970.398    27060941.255      238125.572    42.200
C60    36440320.823     7309012.439    41521266.087      306901.885    61.591
2399 353790.000 13
C23    25288821.046    19232056.314    19573403.847    -5057216.102    17.727
C24    23673468.738    -9693133.287    13864856.696    22162469.177    35.801
C25    22589924.247     8385273.228    24028619.176    11404375.741    51.954
C33    21723101.624    -2436160.997    25209048.876    11739518.269    74.357
C34    25525682.447   -18564779.977    14106214.652   -15331956.315    15.336
C38    37554883.209    -8845018.933    36002898.014   -19855650.301    41.456
C39    37923000.240   -12539492.075    20677495.306    34600279.505    38.898
C40    38245293.131   -25042131.522    29605850.763   -16884894.572    35.733
C41    24813201.633    10320373.034    13346780.538    22286658.814    23.335
C42    22986444.973   -14691774.029    22819569.478    -6541457.648    45.775
C43    26362111.562     2152392.862    16239822.593   -22603449.122     7.373
C59    37613800.557   -32333940.846    27061040.858      233882.948    42.198
C60    36440459.846     7309081.646    41521256.404      302847.223    61.587
2399 353820.000 13
C23    25279642.113    19238060.982    19590382.509    -4967691.765    17.820
C24    23685716.658    -9739788.688    13804489.004    22179740.658    35.644
C25    22590763.473     8357244.947    24000567.219    11483667.007    51.939
C33    21717727.688    -2453198.928    25245307.928    11657815.569    74.588
C34    25518229.854   -18617188.066    14110656.708   -15264063.106    15.410
C38    37562988.908    -8811218.858    35974893.074   -19921177.429    41.347
C39    37924137.634   -12575914.004    20662521.403    34595605.592    38.879
C40    38236685.199   -25039725.025    29645681.432   -16819030.788    35.840
C41    24796422.222    10289753.853    13416243.299    22259099.976    23.516
C42    22998231.350   -14684109.774    22798171.822    -6631993.551    45.590
C43    26355832.363     2075874.223    16252105.725   -22601715.777     7.431
C59    37613974.764   -32333910.858    27061140.334      229639.199    42.195
C60    36440599.615     7309150.794    41521246.365      298791.107    61.584
2399 353850.000 13
C23    25270507.452    19243913.733    19607105.458    -4878085.375    17.913
C24    23697964.620    -9786593.554    13744163.390    22196645.032    35.488
C25    22591649.395     8328995.350    23972356.274    11562768.302    51.923
C33    21712436.996    -2470049.984    25281345.592    11575920.574    74.819
C34    25510753.042   -18669358.340    14115162.134   -15195917.870    15.484
C38    37571110.337    -8777541.317    35946739.189   -19986608.475    41.238
C39    37925253.804   -12612401.312    20647707.351    34590766.685    38.861
C40    38228076.243   -25037145.377    29685502.495   -16753087.246    35.948
C41    24779665.203    10259318.803    13485683.500    22231175.523    23.697
C42    23010085.540   -14676367.948    22776473.653    -6722420.082    45.406
C43    26349496.896     1999385.347    16264533.406   -22599609.719     7.490
C59    37614149.209   -32333880.435    27061239.682      225394.346    42.193
C60    36440739.352     7309219.884    41521235.971      294733.556    61.580
2399 353880.000 13
C23    25261419.592    19249613.379    19623573.162    -4788398.414    18.006
C24    23710211.747    -9833547.149    13683881.216    22213182.022    35.333
C25    22592577.495     8300524.077    23943987.642    11641678.315    51.906
C33    21707230.556    -2486714.940    25317160.630    11493834.636    75.050
C34    25503254.991   -18721289.909    14119729.833   -15127521.730    15.558
C38    37579249.206    -8743986.960    35918436.897   -20051943.126    41.128
C39    37926348.541   -12648953.300    20633053.433    34585762.805    38.843
C40    38219469.409   -25034392.622    29725313.199   -16687064.259    36.056
C41    24762931.403    10229068.135    13555099.527    22202885.915    23.878
C42    23022011.007   -14668549.952    22754474.882    -6812735.750    45.220
C43    26343111.051     1922927.760    16277105.355   -22597130.983     7.549
C59    37614323.051   -32333849.577    27061338.899      221148.409    42.191
C60    36440880.867     7309288.913    41521225.222      290674.591    61.576
2399 353910.000 13
C23    25252379.979    19255158.737    19639786.100    -4698632.361    18.098
C24    23722457.100    -9880648.728    13623643.842    22229351.354    35.178
C25    22593550.074     8271830.775    23915462.625    11720395.742    51.889
C33    21702107.952    -2503194.579    25352751.811    11411559.108    75.280
C34    25495736.905   -18772981.893    14124358.703   -15058875.814    15.633
C38    37587400.952    -8710556.438    35889986.738   -20117181.064    41.019
C39    37927420.555   -12685569.264    20618559.926    34580593.971    38.825
C40    38210862.059   -25031466.811    29765112.791   -16620962.142    36.164
C41    24746223.146    10199002.091    13624489.765    22174231.616    24.060
C42    23034006.261   -14660657.189    22732175.431    -6902939.061    45.035
C43    26336663.537     1846502.988    16289821.283   -22594279.607     7.609
C59    37614497.461   -32333818.284    27061437.984      216901.409    42.189
C60    36441021.830     7309357.879    41521214.117      286614.230    61.572
2399 353940.000 13
C23    25243386.549    19260548.626    19655744.759    -4608788.698    18.190
C24    23734702.536    -9927897.539    13563452.623    22245152.765    35.023
C25    22594567.098     8242915.099    23886782.531    11798919.280    51.871
C33    21697069.868    -2519489.688    25388117.909    11329095.348    75.510
C34    25488199.103   -18824433.418    14129047.638   -14989981.254    15.708
C38    37595570.183    -8677250.397    35861389.255   -20182321.976    40.910
C39    37928473.260   -12722248.501    20604227.107    34575260.204    38.807
C40    38202257.832   -25028367.993    29804900.519   -16554781.209    36.272
C41    24729539.073    10169120.906    13693852.598    22145213.097    24.241
C42    23046069.836   -14652691.063    22709575.230    -6993028.527    44.849
C43    26330162.577     1770112.555    16302680.893   -22591055.636     7.670
C59    37614671.522   -32333786.559    27061536.936      212653.366    42.187
C60    36441162.337     7309426.782    41521202.655      282552.493    61.569
2399 353970.000 13
C23    25234440.169    19265781.871    19671449.634    -4518868.911    18.281
C24    23746945.514    -9975292.822    13503308.912    22260585.992    34.869
C25    22595628.503     8213776.713    23857948.669    11877247.629    51.852
C33    21692117.622    -2535601.064    25423257.706    11246444.716    75.739
C34    25480642.441   -18875643.617    14133795.528   -14920839.184    15.782
C38    37603751.326    -8644069.482    35832644.996   -20247365.546    40.801
C39    37929506.330   -12758990.308    20590055.249    34569761.525    38.790
C40    38193653.944   -25025096.226    29844675.628   -16488521.776    36.381
C41    24712884.299    10139424.802    13763186.409    22115830.833    24.423
C42    23058203.312   -14644652.981    22686674.220    -7083002.660    44.663
C43    26323610.542     1693757.981    16315683.880   -22587459.121     7.730
C59    37614848.141   -32333754.400    27061635.751      208404.301    42.185
C60    36441303.534     7309495.618    41521190.838      278489.400    61.565
2399 354000.000 13
C23    25225540.507    19270857.300    19686901.226    -4428874.484    18.372
C24    23759185.836   -10022833.809    13443214.054    22275650.784    34.715
C25    22596732.894     8184415.290    23828962.352    11955379.493    51.832
C33    21687249.939    -2551529.513    25458169.989    11163608.575    75.969
C34    25473064.026   -18926611.634    14138601.258   -14851450.746    15.858
C38    37611949.701    -8611014.334    35803754.508   -20312311.460    40.692
C39    37930516.171   -12795793.978    20576044.621    34564097.958    38.773
C40    38185052.983   -25021651.567    29884437.367   -16422184.159    36.489
C41    24696252.735    10109913.995    13832489.581    22086085.308    24.604
C42    23070405.197   -14636544.347    22663472.352    -7172859.975    44.476
C43    26316999.421     1617440.788    16328829.929   -22583490.119     7.792
C59    37615021.627   -32333721.810    27061734.429      204154.232    42.183
C60    36441444.213     7309564.388    41521178.665      274424.970    61.561
2399 354030.000 13
C23    25216687.850    19275773.746    19702100.047    -4338806.902    18.462
C24    23771425.186   -10070519.725    13383169.396    22290346.892    34.562
C25    22597879.541     8154830.510    23799824.898    12033313.579    51.812
C33    21682466.928    -2567275.846    25492853.550    11080588.293    76.198
C34    25465465.739   -18977336.617    14143463.707   -14781817.083    15.933
C38    37620160.975    -8578085.593    35774718.345   -20377159.404    40.583
C39    37931503.787   -12832658.805    20562195.490    34558269.525    38.756
C40    38176453.391   -25018034.078    29924184.984   -16355768.672    36.598
C41    24679648.625    10080588.692    13901760.496    22055977.010    24.786
C42    23082675.180   -14628366.570    22639969.585    -7262598.987    44.289
C43    26310339.479     1541162.492    16342118.719   -22579148.694     7.854
C59    37615196.263   -32333688.789    27061832.968      199903.182    42.181
C60    36441585.413     7309633.089    41521166.136      270359.221    61.558
2399 354060.000 13
C23    25207880.263    19280530.046    19717046.615    -4248667.655    18.553
C24    23783660.332   -10118349.789    13323176.275    22304674.076    34.409
C25    22599069.518     8125022.063    23770537.624    12111048.597    51.791
C33    21677770.026    -2582840.881    25527307.189    10997385.238    76.427
C34    25457849.800   -19027817.723    14148381.752   -14711939.342    16.009
C38    37628389.601    -8545283.897    35745537.060   -20441909.065    40.474
C39    37932469.822   -12869584.080    20548508.119    34552276.250    38.739
C40    38167853.412   -25014243.825    29963917.726   -16289275.633    36.707
C41    24663069.848    10051449.087    13970997.537    22025506.432    24.968
C42    23095013.345   -14620121.059    22616165.889    -7352218.214    44.102
C43    26303620.905     1464924.612    16355549.919   -22574434.915     7.916
C59    37615371.331   -32333655.338    27061931.366      195651.171    42.178
C60    36441727.794     7309701.719    41521153.251      266292.175    61.554
2399 354090.000 13
C23    25199119.193    19285125.038    19731741.457    -4158458.229    18.642
C24    23795895.421   -10166323.208    13263236.028    22318632.099    34.257
C25    22600302.504     8094989.645    23741101.855    12188583.262    51.769
C33    21673159.171    -2598225.445    25561529.712    10914000.784    76.655
C34    25450214.002   -19078054.119    14153354.264   -14641818.677    16.085
C38    37636629.202    -8512609.879    35716211.211   -20506560.131    40.365
C39    37933414.272   -12906569.094    20534982.770    34546118.157    38.723
C40    38159259.136   -25010280.875    30003634.841   -16222705.357    36.816
C41    24646518.697    10022495.369    14040199.084    21994674.077    25.150
C42    23107420.943   -14611809.221    22592061.244    -7441716.177    43.915
C43    26296848.060     1388728.660    16369123.191   -22569348.858     7.979
C59    37615546.682   -32333621.457    27062029.622      191398.218    42.176
C60    36441868.351     7309770.277    41521140.009      262223.849    61.550
2399 354120.000 13
C23    25190404.330    19289557.570    19746185.108    -4068180.116    18.732
C24    23808124.845   -10214439.187    13203349.986    22332220.732    34.104
C25    22601576.219     8064732.963    23711518.915    12265916.289    51.746
C33    21668633.162    -2613430.373    25595519.931    10830436.305    76.883
C34    25442562.322   -19128044.975    14158380.112   -14571456.242    16.161
C38    37644886.700    -8480064.173    35686741.360   -20571112.289    40.256
C39    37934338.380   -12943613.138    20521619.698    34539795.273    38.707
C40    38150663.532   -25006145.301    30043335.578   -16156058.162    36.925
C41    24629997.146     9993727.716    14109363.519    21963480.448    25.332
C42    23119894.011   -14603432.469    22567655.638    -7531091.397    43.727
C43    26290022.538     1312576.149    16382838.187   -22563890.605     8.043
C59    37615722.257   -32333587.148    27062127.733      187144.344    42.174
C60    36442010.313     7309838.762    41521126.412      258154.265    61.547
2399 354150.000 13
C23    25181736.301    19293826.489    19760378.111    -3977834.806    18.821
C24    23820352.131   -10262696.919    13143519.477    22345439.753    33.953
C25    22602893.607     8034251.732    23681790.135    12343046.400    51.723
C33    21664194.457    -2628456.504    25629276.665    10746693.181    77.110
C34    25434889.382   -19177789.474    14163458.158   -14500853.199    16.238
C38    37653155.034    -8447647.407    35657128.068   -20635565.227    40.147
C39    37935239.175   -12980715.499    20508419.159    34533307.624    38.691
C40    38142072.284   -25001837.178    30083019.187   -16089334.365    37.035
C41    24613503.956     9965146.296    14178489.221    21931926.060    25.514
C42    23132435.348   -14594992.212    22542949.072    -7620342.398    43.539
C43    26283140.809     1236468.590    16396694.551   -22558060.243     8.107
C59    37615898.635   -32333552.411    27062225.699      182889.569    42.172
C60    36442152.000     7309907.171    41521112.458      254083.440    61.543
2399 354180.000 13
C23    25173113.959    19297930.650    19774321.017    -3887423.791    18.909
C24    23832575.749   -10311095.592    13083745.824    22358288.944    33.801
C25    22604250.796     8003545.673    23651916.844    12419972.317    51.699
C33    21659841.691    -2643304.688    25662798.737    10662772.793    77.337
C34    25427200.082   -19227286.804    14168587.262   -14430010.711    16.314
C38    37661438.951    -8415360.211    35627371.901   -20699918.634    40.038
C39    37936119.560   -13017875.465    20495381.403    34526655.236    38.676
C40    38133483.669   -24997356.584    30122684.916   -16022534.283    37.144
C41    24597038.033     9936751.268    14247574.571    21900011.428    25.696
C42    23145044.588   -14586489.862    22517941.552    -7709467.705    43.350
C43    26276210.764     1160407.492    16410691.921   -22551857.867     8.171
C59    37616071.107   -32333517.247    27062323.517      178633.914    42.170
C60    36442294.592     7309975.503    41521098.148      250011.395    61.539
2399 354210.000 13
C23    25164540.517    19301868.909    19788014.384    -3796948.565    18.998
C24    23844793.135   -10359634.386    13024030.346    22370768.095    33.650
C25    22605649.966     7972614.518    23621900.379    12496692.768    51.674
C33    21655575.939    -2657975.779    25696084.980    10578676.525    77.563
C34    25419494.698   -19276536.160    14173766.278   -14358929.946    16.391
C38    37669734.869    -8383203.207    35597473.429   -20764172.200    39.929
C39    37936978.016   -13055092.323    20482506.678    34519838.138    38.661
C40    38124895.096   -24992703.599    30162332.015   -15955658.235    37.254
C41    24580602.994     9908542.783    14316617.949    21867737.079    25.879
C42    23157720.277   -14577926.832    22492633.098    -7798465.847    43.162
C43    26269222.062     1084394.359    16424829.923   -22545283.576     8.236
C59    37616247.310   -32333481.657    27062421.185      174377.400    42.168
C60    36442436.206     7310043.757    41521083.482      245938.149    61.536
2399 354240.000 13
C23    25156007.981    19305640.129    19801458.780    -3706410.621    19.085
C24    23857009.361   -10408312.474    12964374.357    22382877.001    33.500
C25    22607090.746     7941458.008    23591742.076    12573206.484    51.649
C33    21651396.747    -2672470.641    25729134.231    10494405.764    77.789
C34    25411769.670   -19325536.748    14178994.058   -14287612.076    16.468
C38    37678047.603    -8351177.020    35567433.223   -20828325.612    39.820
C39    37937815.637   -13092365.357    20469795.230    34512856.358    38.646
C40    38116308.913   -24987878.310    30201959.733   -15888706.538    37.363
C41    24564195.921     9880520.981    14385617.735    21835103.540    26.061
C42    23170461.358   -14569304.535    22467023.736    -7887335.354    42.973
C43    26262179.434     1008430.697    16439108.179   -22538337.478     8.302
C59    37616422.001   -32333445.641    27062518.702      170120.046    42.166
C60    36442578.528     7310111.931    41521068.460      241863.722    61.532
2399 354270.000 13
C23    25147526.496    19309243.178    19814654.778    -3615811.456    19.173
C24    23869218.596   -10457129.020    12904779.169    22394615.463    33.350
C25    22608570.386     7910075.890    23561443.276    12649512.198    51.623
C33    21647305.607    -2686790.143    25761945.335    10409961.901    78.014
C34    25404028.380   -19374287.780    14184269.447   -14216058.277    16.546
C38    37686370.951    -8319282.268    35537251.857   -20892378.563    39.712
C39    37938629.354   -13129693.852    20457247.300    34505709.925    38.631
C40    38107726.213   -24982880.804    30241567.322   -15821679.512    37.473
C41    24547817.691     9852685.995    14454572.309    21802111.347    26.243
C42    23183268.252   -14560624.384    22441113.506    -7976074.758    42.784
C43    26255085.444      932518.006    16453526.300   -22531019.684     8.368
C59    37616597.504   -32333409.201    27062616.067      165861.872    42.163
C60    36442720.278     7310180.023    41521053.081      237788.133    61.528
2399 354300.000 13
C23    25139088.383    19312676.925    19827602.961    -3525152.565    19.260
C24    23881424.557   -10506083.183    12845246.086    22405983.290    33.200
C25    22610091.980     7878467.922    23531005.322    12725608.647    51.596
C33    21643300.261    -2700935.162    25794517.143    10325346.329    78.239
C34    25396272.441   -19422788.476    14189591.290   -14144269.729    16.623
C38    37694709.816    -8287519.569    35506929.907   -20956330.743    39.603
C39    37939422.842   -13167077.091    20444863.126    34498398.871    38.617
C40    38099147.101   -24977711.173    30281154.032   -15754577.475    37.583
C41    24531470.038     9825037.946    14523480.049    21768761.043    26.426
C42    23196142.240   -14551887.794    22414902.454    -8064682.592    42.594
C43    26247935.777      856657.787    16468083.889   -22523330.313     8.435
C59    37616773.084   -32333372.337    27062713.278      161602.901    42.161
C60    36442861.830     7310248.031    41521037.346      233711.401    61.525
2399 354330.000 13
C23    25130696.324    19315940.248    19840303.920    -3434435.446    19.346
C24    23893623.470   -10555174.112    12785776.412    22416980.294    33.051
C25    22611653.431     7846633.868    23500429.559    12801494.573    51.568
C33    21639384.026    -2714906.582    25826848.512    10240560.444    78.462
C34    25388499.981   -19471038.064    14194958.424   -14072247.615    16.701
C38    37703059.552    -8255889.538    35476467.953   -21020181.841    39.494
C39    37940195.430   -13204514.357    20432642.945    34490923.225    38.603
C40    38090570.270   -24972369.510    30320719.114   -15687400.746    37.694
C41    24515154.544     9797576.947    14592339.336    21735053.173    26.608
C42    23209082.734   -14543096.178    22388390.638    -8153157.393    42.405
C43    26240732.836      780851.536    16482780.541   -22515269.489     8.502
C59    37616947.770   -32333335.050    27062810.332      157343.150    42.159
C60    36443005.528     7310315.954    41521021.255      229633.547    61.521
2399 354360.000 13
C23    25122351.136    19319032.025    19852758.253    -3343661.597    19.433
C24    23905819.424   -10604400.952    12726371.442    22427606.297    32.902
C25    22613255.995     7814573.503    23469717.337    12877168.718    51.540
C33    21635555.080    -2728705.294    25858938.307    10155605.643    78.685
C34    25380709.386   -19519035.781    14200369.685   -13999993.124    16.779
C38    37711423.870    -8224392.787    35445866.578   -21083931.551    39.385
C39    37940944.979   -13242004.929    20420586.987    34483283.019    38.589
C40    38081997.042   -24966855.914    30360261.819   -15620149.646    37.804
C41    24498869.063     9770303.103    14661148.550    21700988.292    26.791
C42    23222087.076   -14534250.952    22361578.124    -8241497.699    42.215
C43    26233480.544      705100.748    16497615.843   -22506837.345     8.570
C59    37617124.556   -32333297.342    27062907.228      153082.642    42.157
C60    36443147.274     7310383.791    41521004.807      225554.589    61.517
2399 354390.000 13
C23    25114050.685    19321951.142    19864966.564    -3252832.517    19.518
C24    23918009.359   -10653762.839    12667032.469    22437861.123    32.753
C25    22614895.214     7782286.609    23438870.005    12952629.832    51.511
C33    21631815.632    -2742332.196    25890785.399    10070483.330    78.907
C34    25372911.986   -19566780.870    14205823.904   -13927507.447    16.857
C38    37719802.735    -8193029.926    35415126.366   -21147579.564    39.277
C39    37941674.608   -13279548.089    20408695.484    34475478.287    38.575
C40    38073428.308   -24961170.486    30399781.400   -15552824.494    37.914
C41    24482617.474     9743216.508    14729906.070    21666566.959    26.974
C42    23235158.226   -14525353.531    22334464.989    -8329702.051    42.025
C43    26226170.744      629406.916    16512589.375   -22498034.015     8.638
C59    37617299.087   -32333259.212    27063003.965      148821.397    42.155
C60    36443290.641     7310451.539    41520988.004      221474.547    61.514
2399 354420.000 13
C23    25105797.054    19324696.490    19876929.469    -3161949.707    19.604
C24    23930193.388   -10703258.900    12607760.781    22447744.606    32.605
C25    22616575.768     7749772.978    23407888.918    13027876.666    51.482
C33    21628163.235    -2755788.194    25922388.665     9985194.907    79.129
C34    25365089.900   -19614272.585    14211319.908   -13854791.778    16.936
C38    37728192.773    -8161801.562    35384247.905   -21211125.573    39.168
C39    37942382.558   -13317143.115    20396968.660    34467509.061    38.562
C40    38064861.443   -24955313.331    30439277.108   -15485425.611    38.025
C41    24466397.150     9716317.246    14798610.276    21631789.737    27.156
C42    23248293.296   -14516405.330    22307051.318    -8417768.992    41.834
C43    26218808.479      553771.528    16527700.707   -22488859.644     8.707
C59    37617475.827   -32333220.662    27063100.541      144559.434    42.153
C60    36443433.399     7310519.198    41520970.844      217393.441    61.510
2399 354450.000 13
C23    25097589.697    19327266.961    19888647.589    -3071014.668    19.689
C24    23942372.037   -10752888.258    12548557.662    22457256.583    32.457
C25    22618292.902     7717032.409    23376775.432    13102907.974    51.451
C33    21624599.282    -2769074.197    25953746.991     9899741.782    79.349
C34    25357259.667   -19661510.185    14216856.522   -13781847.318    17.014
C38    37736596.231    -8130708.299    35353231.785   -21274569.271    39.059
C39    37943068.236   -13354789.286    20385406.738    34459375.376    38.549
C40    38056298.814   -24949284.555    30478748.198   -15417953.317    38.136
C41    24450209.636     9689605.394    14867259.549    21596657.198    27.339
C42    23261491.640   -14507407.765    22279337.209    -8505697.066    41.644
C43    26211396.457      478196.073    16542949.402   -22479314.381     8.777
C59    37617650.106   -32333181.693    27063196.954      140296.774    42.151
C60    36443574.842     7310586.765    41520953.328      213311.290    61.506
2399 354480.000 13
C23    25089426.252    19329661.456    19900121.552    -2980028.902    19.774
C24    23954542.580   -10802650.027    12489424.390    22466396.900    32.310
C25    22620051.272     7684064.711    23345530.905    13177722.514    51.420
C33    21621124.619    -2782191.126    25984859.267     9814125.364    79.568
C34    25349414.476   -19708492.940    14222432.564   -13708675.268    17.093
C38    37745012.304    -8099750.740    35322078.599   -21337910.351    38.951
C39    37943729.847   -13392485.878    20374009.938    34451077.267    38.537
C40    38047737.655   -24943084.270    30518193.922   -15350407.933    38.247
C41    24434054.152     9663081.019    14935852.269    21561169.919    27.522
C42    23274756.800   -14498362.251    22251322.767    -8593484.821    41.453
C43    26203926.647      402682.034    16558335.013   -22469398.380     8.847
C59    37617825.542   -32333142.305    27063293.203      136033.439    42.148
C60    36443719.302     7310654.239    41520935.456      209228.114    61.502
2399 354510.000 13
C23    25081311.208    19331878.879    19911351.995    -2888993.911    19.858
C24    23966707.711   -10852543.315    12430362.239    22475165.407    32.163
C25    22621846.603     7650869.700    23314156.697    13252319.049    51.389
C33    21617738.092    -2795139.906    26015724.393     9728347.067    79.786
C34    25341553.806   -19755220.126    14228046.852   -13635276.837    17.172
C38    37753441.111    -8068929.484    35290788.943   -21401148.508    38.842
C39    37944371.528   -13430232.167    20362778.478    34442614.768    38.524
C40    38039183.476   -24936712.590    30557613.534   -15282789.781    38.358
C41    24417934.261     9636744.178    15004386.817    21525328.480    27.705
C42    23288084.340   -14489270.205    22223008.107    -8681130.805    41.262
C43    26196408.990      327230.894    16573857.089   -22459111.803     8.917
C59    37618001.758   -32333102.500    27063389.285      131769.447    42.146
C60    36443861.936     7310721.618    41520917.228      205143.932    61.499
2399 354540.000 13
C23    25073238.416    19333918.138    19922339.562    -2797911.199    19.942
C24    23978864.562   -10902567.222    12371372.478    22483561.960    32.017
C25    22623679.962     7617447.202    23282654.173    13326696.344    51.357
C33    21614441.917    -2807921.469    26046341.274     9642408.304    80.003
C34    25333682.988   -19801691.028    14233698.197   -13561653.233    17.251
C38    37761882.415    -8038245.128    35259363.414   -21464283.435    38.734
C39    37944992.038   -13468027.429    20351712.569    34433987.917    38.512
C40    38030631.941   -24930169.632    30597006.288   -15215099.182    38.469
C41    24401846.262     9610594.918    15072861.575    21489133.471    27.888
C42    23301475.869   -14480133.043    22194393.355    -8768633.572    41.070
C43    26188839.105      251844.131    16589515.166   -22448454.818     8.988
C59    37618177.467   -32333062.278    27063485.200      127504.820    42.144
C60    36444005.745     7310788.901    41520898.644      201058.764    61.495
2399 354570.000 13
C23    25065212.776    19335778.147    19933084.907    -2706782.271    20.025
C24    23991014.087   -10952720.840    12312456.372    22491586.423    31.871
C25    22625551.317     7583797.051    23251024.696    13400853.169    51.324
C33    21611234.170    -2820536.754    26076708.822     9556310.493    80.218
C34    25325795.665   -19847904.940    14239385.410   -13487805.672    17.331
C38    37770336.363    -8007698.265    35227802.614   -21527314.828    38.625
C39    37945589.980   -13505870.938    20340812.423    34425196.751    38.500
C40    38022083.732   -24923455.518    30636371.439   -15147336.459    38.580
C41    24385793.467     9584633.279    15141274.924    21452585.485    28.071
C42    23314930.239   -14470952.179    22165478.644    -8855991.674    40.879
C43    26181214.932      176523.222    16605308.774   -22437427.598     9.060
C59    37618354.204   -32333021.640    27063580.945      123239.577    42.142
C60    36444148.844     7310856.086    41520879.704      196972.630    61.491
2399 354600.000 13
C23    25057233.868    19337457.826    19943588.687    -2615608.631    20.108
C24    24003157.421   -11003003.256    12253615.181    22499238.666    31.725
C25    22627460.515     7549919.091    23219269.636    13474788.295    51.291
C33    21608117.282    -2832986.706    26106825.957     9470055.055    80.432
C34    25317897.985   -19893861.161    14245107.295   -13413735.371    17.410
C38    37778801.238    -7977289.488    35196107.147   -21590242.383    38.517
C39    37946169.014   -13543761.967    20330078.246    34416241.309    38.488
C40    38013540.606   -24916570.369    30675708.243   -15079501.933    38.692
C41    24369774.325     9558859.291    15209625.246    21415685.121    28.254
C42    23328448.491   -14461729.030    22136264.121    -8943203.669    40.687
C43    26173540.939      101269.641    16621237.438   -22426030.323     9.132
C59    37618529.702   -32332980.588    27063676.519      118973.740    42.140
C60    36444293.534     7310923.171    41520860.408      192885.548    61.488
2399 354630.000 13
C23    25049299.683    19338956.178    19953851.611    -2524391.875    20.191
C24    24015293.238   -11053413.498    12194850.209    22506518.542    31.580
C25    22629406.092     7515813.265    23187390.419    13548500.461    51.257
C33    21605089.013    -2845272.461    26136691.578     9383643.189    80.645
C34    25309987.681   -19939558.803    14250862.732   -13339443.689    17.490
C38    37787279.908    -7947019.312    35164277.713   -21653065.756    38.408
C39    37946722.428   -13581699.756    20319510.248    34407121.661    38.477
C40    38005001.781   -24909514.203    30715016.138   -15011596.263    38.804
C41    24353792.760     9533272.993    15277910.857    21378432.972    28.437
C42    23342029.554   -14452465.087    22106749.979    -9030268.152    40.495
C43    26165810.018       26084.865    16637300.716   -22414263.217     9.204
C59    37618706.665   -32332939.149    27063771.881      114707.341    42.138
C60    36444437.413     7310990.166    41520840.665      188797.499    61.484
2399 354660.000 13
C23    25041407.521    19340271.972    19963874.274    -2433133.332    20.273
C24    24027420.051   -11103950.741    12136162.605    22513425.975    31.435
C25    22631388.037     7481479.248    23155388.302    13621988.526    51.222
C33    21602150.937    -2857394.611    26166304.673     9297076.767    80.855
C34    25302063.221   -19984997.583    14256650.366   -13264931.577    17.570
C38    37795768.887    -7916888.468    35132314.731   -21715784.721    38.300
C39    37947255.412   -13619683.641    20309108.618    34397837.782    38.466
C40    37996466.916   -24902287.369    30754294.017   -14943619.106    38.915
C41    24337845.244     9507874.355    15346130.277    21340829.674    28.620
C42    23355672.652   -14443161.614    22076936.302    -9117183.610    40.303
C43    26158030.345      -49029.651    16653498.021   -22402126.396     9.277
C59    37618882.670   -32332897.270    27063867.107      110440.377    42.135
C60    36444580.787     7311057.044    41520820.659      184708.582    61.480
2399 354690.000 13
C23    25033564.217    19341404.223    19973657.397    -2341834.597    20.355
C24    24039538.203   -11154613.997    12077553.663    22519960.831    31.291
C25    22633407.323     7446917.002    23123264.717    13695251.235    51.187
C33    21599303.287    -2869354.305    26195664.156     9210356.995    81.064
C34    25294132.017   -20030176.628    14262469.068   -13190200.401    17.650
C38    37804268.248    -7886897.468    35100218.907   -21778398.938    38.192
C39    37947766.081   -13657712.861    20298873.560    34388389.744    38.455
C40    37987936.370   -24894889.892    30793541.319   -14875571.116    39.027
C41    24321933.941     9482663.401    15414281.822    21302875.831    28.803
C42    23369377.300   -14433820.101    22046823.304    -9203948.642    40.111
C43    26150199.283     -124072.437    16669828.900   -22389620.094     9.351
C59    37619058.091   -32332854.979    27063962.157      106172.880    42.133
C60    36444724.585     7311123.817    41520800.297      180618.776    61.476
2399 354720.000 13
C23    25025762.199    19342351.869    19983201.669    -2250497.179    20.436
C24    24051649.983   -11205402.327    12019024.625    22526123.006    31.147
C25    22635462.597     7412126.405    23091021.039    13768287.374    51.151
C33    21596545.549    -2881152.515    26224768.974     9123485.302    81.272
C34    25286187.443   -20075095.271    14268317.631   -13115251.394    17.730
C38    37812781.674    -7857046.893    35067990.854   -21840908.103    38.083
C39    37948256.606   -13695786.685    20288805.267    34378777.590    38.445
C40    37979409.774   -24887321.910    30832757.300   -14807452.616    39.139
C41    24306058.598     9457640.122    15482363.876    21264572.067    28.986
C42    23383145.092   -14424441.965    22016411.169    -9290561.817    39.919
C43    26142316.213     -199042.030    16686292.841   -22376744.518     9.425
C59    37619234.897   -32332812.276    27064057.030      101904.870    42.131
C60    36444869.275     7311190.485    41520779.580      176528.102    61.473
2399 354750.000 13
C23    25018007.348    19343113.854    19992507.789    -2159122.586    20.517
C24    24063752.425   -11256314.781    11960576.724    22531912.399    31.003
C25    22637552.594     7377107.342    23058658.646    13841095.735    51.115
C33    21593878.668    -2892790.220    26253618.084     9036463.122    81.477
C34    25278234.914   -20119752.856    14274194.845   -13040085.791    17.811
C38    37821305.334    -7827337.321    35035631.189   -21903311.914    37.975
C39    37948721.348   -13733904.383    20278903.932    34369001.360    38.435
C40    37970890.301   -24879583.563    30871941.219   -14739263.930    39.251
C41    24290222.035     9432804.502    15550374.826    21225919.010    29.170
C42    23396972.493   -14415028.618    21985700.089    -9377021.701    39.726
C43    26134381.132     -273936.973    16702889.327   -22363499.875     9.500
C59    37619411.639   -32332769.164    27064151.723       97636.367    42.129
C60    36445013.135     7311257.045    41520758.508      172436.579    61.469
2399 354780.000 13
C23    25010298.537    19343689.129    20001576.460    -2067712.328    20.598
C24    24075846.365   -11307350.404    11902211.190    22537328.916    30.860
C25    22639679.505     7341859.710    23026178.918    13913675.114    51.078
C33    21591302.043    -2904268.403    26282210.447     8949291.890    81.679
C34    25270271.137   -20164148.734    14280099.495   -12964704.833    17.891
C38    37829841.333    -7797769.328    35003140.530   -21965610.072    37.867
C39    37949169.837   -13772065.222    20269169.741    34359061.098    38.425
C40    37962373.534   -24871674.994    30911092.336   -14671005.382    39.364
C41    24274422.246     9408156.515    15618313.058    21186917.292    29.353
C42    23410861.817   -14405581.475    21954690.268    -9463326.867    39.533
C43    26126395.130     -348755.810    16719617.832   -22349886.384     9.575
C59    37619587.519   -32332725.643    27064246.235       93367.393    42.127
C60    36445157.085     7311323.496    41520737.080      168344.226    61.465
2399 354810.000 13
C23    25002635.161    19344076.648    20010408.394    -1976267.915    20.678
C24    24087928.366   -11358508.234    11843929.248    22542372.470    30.717
C25    22641841.234     7306383.412    22993583.237    13986024.309    51.040
C33    21588815.967    -2915588.057    26310545.033     8861973.044    81.880
C34    25262294.714   -20208282.264    14286030.363   -12889109.763    17.972
C38    37838386.665    -7768343.485    34970519.499   -22027802.273    37.759
C39    37949593.277   -13810268.469    20259602.879    34348956.848    38.415
C40    37953862.854   -24863596.349    30950209.908   -14602677.296    39.476
C41    24258660.000     9383696.126    15686176.961    21147567.555    29.536
C42    23424813.704   -14396101.950    21923381.918    -9549475.887    39.340
C43    26118362.444     -423497.089    16736477.823   -22335904.265     9.651
C59    37619763.031   -32332681.713    27064340.565       89097.966    42.125
C60    36445302.386     7311389.836    41520715.298      164251.063    61.462
2399 354840.000 13
C23    24995013.324    19344275.372    20019004.311    -1884790.858    20.758
C24    24100001.800   -11409787.301    11785732.116    22547042.980    30.575
C25    22644037.286     7270678.361    22960872.987    14058142.123    51.002
C33    21586421.139    -2926750.180    26338620.820     8774508.024    82.078
C34    25254307.085   -20252152.815    14291986.230   -12813301.828    18.053
C38    37846945.033    -7739060.364    34937768.720   -22089888.219    37.651
C39    37949993.161   -13848513.392    20250203.529    34338688.653    38.406
C40    37945356.742   -24855347.779    30989293.198   -14534279.999    39.589
C41    24242935.225     9359423.290    15753964.922    21107870.443    29.719
C42    23438823.162   -14386591.455    21891775.261    -9635467.338    39.147
C43    26110272.163     -498159.360    16753468.758   -22321553.748     9.727
C59    37619941.372   -32332637.376    27064434.710       84828.109    42.123
C60    36445446.096     7311456.064    41520693.160      160157.109    61.458
2399 354870.000 13
C23    24987439.101    19344284.267    20027364.936    -1793282.666    20.838
C24    24112067.083   -11461186.630    11727621.008    22551340.370    30.433
C25    22646268.953     7234744.478    22928049.551    14130027.363    50.963
C33    21584117.461    -2937755.774    26366436.792     8686898.273    82.273
C34    25246313.314   -20295759.763    14297965.871   -12737282.277    18.134
C38    37855512.929    -7709920.531    34904888.818   -22151867.609    37.543
C39    37950374.296   -13886799.255    20240971.868    34328256.558    38.397
C40    37936858.013   -24846929.436    31028341.465   -14465813.814    39.702
C41    24227248.619     9335337.953    15821675.333    21067826.607    29.902
C42    23452893.577   -14377051.402    21859870.530    -9721299.798    38.954
C43    26102130.386     -572741.178    16770590.088   -22306835.066     9.804
C59    37620116.410   -32332592.633    27064528.669       80557.840    42.120
C60    36445591.368     7311522.178    41520670.668      156062.384    61.454
2399 354900.000 13
C23    24979907.027    19344102.303    20035491.004    -1701744.853    20.917
C24    24124120.235   -11512705.240    11669597.133    22555264.572    30.291
C25    22648534.862     7198581.692    22895114.317    14201678.840    50.924
C33    21581905.687    -2948605.851    26393991.942     8599145.237    82.464
C34    25238314.911   -20339102.492    14303968.060   -12661052.367    18.216
C38    37864091.279    -7680924.552    34871880.424   -22213740.145    37.435
C39    37950732.189   -13925125.324    20231908.071    34317660.611    38.388
C40    37928361.045   -24838341.476    31067353.971   -14397279.068    39.814
C41    24211605.561     9311440.052    15889306.583    21027436.705    30.085
C42    23467026.710   -14367483.203    21827667.966    -9806971.848    38.761
C43    26093941.306     -647241.100    16787841.255   -22291748.461     9.881
C59    37620293.975   -32332547.485    27064622.441       76287.181    42.118
C60    36445734.469     7311588.176    41520647.821      151966.909    61.450
2399 354930.000 13
C23    24972418.589    19343728.457    20043383.256    -1610178.929    20.995
C24    24136166.104   -11564342.139    11611661.694    22558815.523    30.150
C25    22650834.329     7162189.944    22862068.674    14273095.367    50.884
C33    21579785.647    -2959301.427    26421285.268     8511250.362    82.653
C34    25230310.235   -20382180.396    14309991.568   -12584613.352    18.297
C38    37872682.393    -7652072.986    34838744.167   -22275505.526    37.327
C39    37951068.050   -13963490.863    20223012.311    34306900.856    38.379
C40    37919873.195   -24829584.058    31106329.978   -14328676.087    39.927
C41    24195996.209     9287729.515    15956857.066    20986701.398    30.269
C42    23481216.485   -14357888.269    21795167.820    -9892482.072    38.567
C43    26085702.075     -721657.688    16805221.695   -22276294.178     9.959
C59    37620471.271   -32332501.933    27064716.024       72016.153    42.116
C60    36445880.565     7311654.057    41520624.620      147870.701    61.447
2399 354960.000 13
C23    24964975.989    19343161.711    20051042.440    -1518586.408    21.074
C24    24148200.097   -11616096.334    11553815.889    22561993.165    30.009
C25    22653167.687     7125569.180    22828914.011    14344275.763    50.844
C33    21577756.233    -2969843.524    26448315.779     8423215.099    82.838
C34    25222288.536   -20424992.876    14316035.162   -12507966.496    18.379
C38    37881283.228    -7623366.395    34805480.682   -22337163.454    37.219
C39    37951384.240   -14001895.135    20214284.755    34295977.342    38.371
C40    37911389.547   -24820657.346    31145268.749   -14260005.195    40.041
C41    24180429.593     9264206.261    16024325.174    20945621.354    30.452
C42    23495466.426   -14348268.009    21762370.354    -9977829.056    38.373
C43    26077415.058     -795989.506    16822730.834   -22260472.471    10.037
C59    37620646.905   -32332455.977    27064809.417       67744.774    42.114
C60    36446025.527     7311719.820    41520601.065      143773.782    61.443
2399 354990.000 13
C23    24957581.520    19342401.052    20058469.312    -1426968.803    21.152
C24    24160226.130   -11667966.822    11496060.910    22564797.450    29.869
C25    22655534.050     7088719.357    22795651.719    14415218.850    50.803
C33    21575819.260    -2980233.171    26475082.488     8335040.899    83.019
C34    25214259.976   -20467539.344    14322097.607   -12431113.061    18.460
C38    37889892.922    -7594805.334    34772090.605   -22398713.633    37.112
C39    37951676.474   -14040337.402    20205725.570    34284890.117    38.363
C40    37902913.541   -24811561.506    31184169.548   -14191266.721    40.154
C41    24164903.156     9240870.198    16091709.303    20904197.248    30.635
C42    23509774.074   -14338623.834    21729275.837   -10063011.389    38.180
C43    26069074.239     -870235.122    16840368.092   -22244283.598    10.116
C59    37620825.017   -32332409.620    27064902.617       63473.067    42.112
C60    36446170.584     7311785.462    41520577.155      139676.170    61.439
2399 355020.000 12
C23    24950227.525    19341445.475    20065664.633    -1335327.626    21.229
C25    22657934.128     7051640.441    22762283.192    14485923.455    50.761
C33    21573975.038    -2990471.402    26501584.419     8246729.218    83.196
C34    25206228.707   -20509819.217    14328177.665   -12354054.317    18.542
C38    37898514.725    -7566390.355    34738574.575   -22460155.764    37.004
C39    37951947.074   -14078816.926    20197334.918    34273639.230    38.355
C40    37894441.818   -24802296.705    31223031.639   -14122460.991    40.267
C41    24149418.812     9217721.227    16159007.847    20862429.757    30.818
C42    23524142.216   -14328957.150    21695884.551   -10148027.663    37.986
C43    26060685.767     -944393.108    16858132.880   -22227727.824    10.195
C59    37621002.214   -32332362.861    27064995.623       59201.051    42.110
C60    36446317.061     7311850.982    41520552.892      135577.885    61.435
2399 355050.000 13
C23    24942918.518    19340293.978    20072629.174    -1243664.392    21.306
C24    24184239.308   -11772052.634    11380828.173    22569285.775    29.589
C25    22660367.398     7014332.404    22728809.825    14556388.407    50.719
C33    21572221.811    -3000559.259    26527820.600     8158281.512    83.368
C34    25198196.288   -20551831.924    14334274.095   -12276791.533    18.624
C38    37907146.131    -7538122.011    34704933.232   -22521489.551    36.896
C39    37952197.716   -14117332.969    20189112.957    34262224.730    38.348
C40    37885975.478   -24792863.116    31261854.287   -14053588.331    40.381
C41    24133975.316     9194759.239    16226219.206    20820319.568    31.001
C42    23538567.480   -14319269.365    21662196.785   -10232876.471    37.792
C43    26052246.095    -1018462.038    16876024.602   -22210805.420    10.275
C59    37621180.214   -32332315.702    27065088.434       54928.748    42.107
C60    36446462.427     7311916.378    41520528.274      131478.947    61.432
2399 355080.000 13
C23    24935652.608    19338945.566    20079363.711    -1151980.615    21.383
C24    24196230.596   -11824265.921    11323352.772    22570969.745    29.450
C25    22662832.820     6976795.231    22695233.012    14626612.540    50.677
C33    21570560.873    -3010497.788    26553790.069     8069699.240    83.535
C34    25190151.029   -20593576.899    14340385.655   -12199325.985    18.706
C38    37915788.546    -7510000.849    34671167.221   -22582714.698    36.789
C39    37952425.996   -14155884.791    20181059.844    34250646.669    38.340
C40    37877516.297   -24783260.916    31300636.758   -13984649.070    40.494
C41    24118572.866     9171984.116    16293341.778    20777867.371    31.184
C42    23553050.757   -14309561.886    21628212.839   -10317556.413    37.597
C43    26043756.338    -1092440.492    16894042.654   -22193516.661    10.356
C59    37621356.894   -32332268.144    27065181.048       50656.176    42.105
C60    36446607.969     7311981.649    41520503.304      127379.375    61.428
2399 355110.000 13
C23    24928430.036    19337399.248    20085869.028    -1060277.809    21.459
C24    24208208.005   -11876591.426    11265972.911    22572280.217    29.311
C25    22665330.256     6939028.912    22661554.150    14696594.692    50.634
C33    21568992.373    -3020288.043    26579491.872     7980983.863    83.697
C34    25182093.767   -20635053.588    14346511.098   -12121658.951    18.789
C38    37924437.787    -7482027.413    34637277.186   -22643830.909    36.681
C39    37952630.949   -14194471.652    20173175.730    34238905.097    38.334
C40    37869063.288   -24773490.281    31339378.318   -13915643.534    40.608
C41    24103213.101     9149395.729    16360373.963    20735073.861    31.367
C42    23567591.104   -14299836.118    21593933.022   -10402066.086    37.403
C43    26035216.467    -1166327.052    16912186.425   -22175861.833    10.436
C59    37621533.752   -32332220.188    27065273.464       46383.357    42.103
C60    36446753.325     7312046.794    41520477.980      123279.189    61.424
2399 355140.000 13
C23    24921251.874    19335654.041    20092145.917     -968557.490    21.535
C24    24220173.632   -11929028.116    11208689.756    22573217.173    29.173
C25    22667857.503     6901033.448    22627774.638    14766333.706    50.591
C33    21567514.855    -3029931.081    26604925.062     7892136.844    83.854
C34    25174039.760   -20676261.444    14352649.175   -12043791.712    18.871
C38    37933097.023    -7454202.246    34603263.778   -22704837.888    36.574
C39    37952813.576   -14233092.811    20165460.766    34227000.067    38.327
C40    37860614.892   -24763551.395    31378078.236   -13846572.053    40.722
C41    24087895.552     9126993.943    16427314.164    20691939.740    31.550
C42    23582187.015   -14290093.463    21559357.653   -10486404.093    37.209
C43    26026629.185    -1240120.304    16930455.295   -22157841.222    10.518
C59    37621710.972   -32332171.834    27065365.679       42110.312    42.101
C60    36446898.600     7312111.810    41520452.303      119178.409    61.420
2399 355170.000 13
C23    24914114.730    19333708.968    20098195.174     -876821.172    21.610
C24    24232130.081   -11981574.948    11151504.464    22573780.598    29.035
C25    22670418.366     6862808.849    22593895.875    14835828.428    50.547
C33    21566131.087    -3039427.967    26630088.699     7803159.649    84.003
C34    25165980.489   -20717199.928    14358798.635   -11965725.553    18.954
C38    37941768.976    -7426525.888    34569127.645   -22765735.341    36.466
C39    37952974.272   -14271747.526    20157915.096    34214931.631    38.321
C40    37852174.963   -24753444.442    31416735.778   -13777434.954    40.836
C41    24072622.113     9104778.612    16494160.784    20648465.716    31.733
C42    23596842.748   -14280335.326    21524487.061   -10570569.041    37.014
C43    26017990.266    -1313818.839    16948848.637   -22139455.125    10.600
C59    37621888.167   -32332123.085    27065457.692       37837.060    42.099
C60    36447044.382     7312176.696    41520426.273      115077.055    61.417
2399 355200.000 13
C23    24907024.590    19331563.054    20104017.605     -785070.371    21.685
C24    24244072.824   -12034230.876    11094418.190    22573970.485    28.897
C25    22673010.985     6824355.132    22559919.261    14905077.707    50.502
C33    21564839.786    -3048779.771    26654981.852     7714053.746    84.147
C34    25157912.216   -20757868.510    14364958.226   -11887461.762    19.036
C38    37950446.343    -7398998.874    34534869.441   -22826522.975    36.359
C39    37953115.155   -14310435.055    20150538.865    34202699.844    38.314
C40    37843741.582   -24743169.610    31455350.215   -13708232.565    40.950
C41    24057389.354     9082749.579    16560912.229    20604652.502    31.916
C42    23611553.579   -14270563.107    21489321.583   -10654559.536    36.820
C43    26009302.835    -1387421.249    16967365.818   -22120703.841    10.682
C59    37622063.782   -32332073.941    27065549.503       33563.622    42.097
C60    36447190.121     7312241.450    41520399.890      110975.145    61.413
2399 355230.000 13
C23    24899977.392    19329215.335    20109614.021     -693306.602    21.760
C24    24256002.371   -12086994.845    11037432.080    22573786.835    28.760
C25    22675633.558     6785672.324    22525846.199    14974080.398    50.457
C33    21563642.295    -3057987.570    26679603.598     7624820.604    84.282
C34    25149842.943   -20798266.670    14371126.690   -11809001.629    19.119
C38    37959135.555    -7371621.738    34500489.822   -22887200.494    36.252
C39    37953232.642   -14349154.655    20143332.211    34190304.760    38.309
C40    37835314.678   -24732727.091    31493920.816   -13638965.216    41.065
C41    24042203.181     9060906.683    16627566.906    20560500.815    32.099
C42    23626321.760   -14260778.207    21453861.568   -10738374.191    36.625
C43    26000571.034    -1460926.134    16986006.193   -22101587.679    10.765
C59    37622241.703   -32332024.403    27065641.108       29290.019    42.094
C60    36447335.729     7312306.071    41520373.155      106872.699    61.409
2399 355260.000 13
C23    24892974.642    19326664.850    20114985.240     -601531.382    21.834
C24    24267920.069   -12139865.796    10980547.277    22573229.652    28.624
C25    22678287.435     6746760.462    22491678.090    15042835.359    50.412
C33    21562537.259    -3067052.445    26703953.021     7535461.695    84.410
C34    25141771.783   -20838393.896    14377302.770   -11730346.450    19.202
C38    37967832.959    -7344395.011    34465989.445   -22947767.607    36.145
C39    37953329.334   -14387905.583    20136295.271    34177746.433    38.303
C40    37826896.825   -24722117.079    31532446.851   -13569633.236    41.179
C41    24027061.887     9039249.748    16694123.225    20516011.380    32.282
C42    23641145.120   -14250982.024    21418107.372   -10822011.618    36.430
C43    25991786.708    -1534332.094    17004769.115   -22082106.951    10.849
C59    37622419.290   -32331974.472    27065732.507       25016.271    42.092
C60    36447482.013     7312370.557    41520346.068      102769.738    61.406
2399 355290.000 13
C23    24886013.256    19323910.645    20120132.089     -509746.226    21.908
C24    24279824.442   -12192842.663    10923764.915    22572298.948    28.487
C25    22680971.578     6707619.588    22457416.338    15111341.453    50.366
C33    21561525.517    -3075975.484    26728029.212     7445978.494    84.530
C34    25133693.282   -20878249.683    14383485.205   -11651497.522    19.285
C38    37976539.930    -7317319.220    34431368.971   -23008224.021    36.038
C39    37953403.608   -14426687.095    20129428.178    34165024.921    38.298
C40    37818484.182   -24711339.772    31570927.592   -13500236.955    41.293
C41    24011965.169     9017778.593    16760579.595    20471184.926    32.465
C42    23656024.222   -14241175.956    21382059.362   -10905470.435    36.235
C43    25982955.395    -1607637.736    17023653.925   -22062261.975    10.933
C59    37622597.001   -32331924.150    27065823.698       20742.399    42.090
C60    36447628.420     7312434.907    41520318.628       98666.280    61.402
2399 355320.000 13
C23    24879093.410    19320951.770    20125055.398     -417952.652    21.982
C24    24291717.204   -12245924.374    10867086.126    22570994.740    28.351
C25    22683685.528     6668249.758    22423062.348    15179597.545    50.320
C33    21560607.271    -3084757.779    26751831.274     7356372.476    84.641
C34    25125613.909   -20917833.536    14389672.732   -11572456.147    19.368
C38    37985256.284    -7290394.891    34396629.061   -23068569.443    35.931
C39    37953456.085   -14465498.447    20122731.062    34152140.279    38.293
C40    37810079.826   -24700395.370    31609362.312   -13430776.701    41.408
C41    23996912.797     8996493.026    16826934.432    20426022.187    32.648
C42    23670957.395   -14231361.398    21345717.916   -10988749.262    36.040
C43    25974076.200    -1680841.669    17042659.958   -22042053.078    11.018
C59    37622775.428   -32331873.437    27065914.680       16468.422    42.088
C60    36447775.347     7312499.119    41520290.838       94562.346    61.398
2399 355350.000 13
C23    24872219.084    19317787.284    20129756.008     -326152.174    22.055
C24    24303595.548   -12299109.849    10810512.032    22569317.053    28.216
C25    22686429.276     6628651.033    22388617.524    15247602.507    50.273
C33    21559781.798    -3093400.429    26775358.313     7266645.119    84.742
C34    25117529.910   -20957144.970    14395864.086   -11493223.628    19.451
C38    37993981.070    -7263622.546    34361770.380   -23128803.583    35.824
C39    37953486.930   -14504338.892    20116204.049    34139092.566    38.288
C40    37801682.589   -24689284.079    31647750.284   -13361252.806    41.523
C41    23981905.791     8975392.847    16893186.148    20380523.905    32.830
C42    23685945.331   -14221539.745    21309083.419   -11071846.720    35.845
C43    25965149.120    -1753942.507    17061786.543   -22021480.590    11.103
C59    37622951.065   -32331822.334    27066005.451       12194.362    42.086
C60    36447922.634     7312563.192    41520262.695       90457.955    61.394
2399 355380.000 13
C23    24865385.298    19314416.251    20134234.763     -234346.311    22.128
C24    24315459.708   -12352398.004    10754043.752    22567265.917    28.081
C25    22689201.614     6588823.485    22354083.273    15315355.213    50.226
C33    21559049.049    -3101904.539    26798609.446     7176797.904    84.833
C34    25109444.018   -20996183.507    14402057.999   -11413801.273    19.534
C38    38002714.734    -7237002.704    34326793.596   -23188926.149    35.717
C39    37953495.142   -14543207.685    20109847.262    34125881.840    38.284
C40    37793292.530   -24678006.104    31686090.782   -13291665.599    41.638
C41    23966947.008     8954477.845    16959333.162    20334690.825    33.013
C42    23700988.543   -14211712.389    21272156.266   -11154761.435    35.650
C43    25956175.003    -1826938.869    17081033.000   -22000544.848    11.188
C59    37623130.207   -32331770.843    27066096.009        7920.239    42.084
C60    36448068.929     7312627.123    41520234.202       86353.127    61.391
2399 355410.000 13
C23    24858594.747    19310837.740    20138492.517     -142536.577    22.200
C24    24327308.703   -12405787.749    10697682.397    22564841.367    27.946
C25    22692004.193     6548767.193    22319461.001    15382854.543    50.178
C33    21558410.772    -3110271.217    26821583.798     7086832.312    84.913
C34    25101359.174   -21034948.677    14408253.202   -11334190.392    19.618
C38    38011455.803    -7210535.880    34291699.377   -23248936.851    35.610
C39    37953482.102   -14582104.080    20103660.822    34112508.160    38.280
C40    37784911.279   -24666561.657    31724383.081   -13222015.412    41.753
C41    23952032.804     8933747.803    17025373.892    20288523.699    33.195
C42    23716085.125   -14201880.721    21234936.863   -11237492.037    35.455
C43    25947147.252    -1899829.376    17100398.641   -21979246.194    11.274
C59    37623309.487   -32331718.964    27066186.353        3646.073    42.081
C60    36448216.233     7312690.911    41520205.358       82247.881    61.387
2399 355440.000 13
C23    24851850.466    19307050.827    20142530.127      -50724.491    22.272
C24    24339147.594   -12459277.987    10641429.075    22562043.447    27.812
C25    22694834.680     6508482.245    22284752.116    15450099.379    50.130
C33    21557866.121    -3118501.580    26844280.501     6996749.827    84.982
C34    25093270.154   -21073440.022    14414448.425   -11254392.300    19.701
C38    38020204.750    -7184222.589    34256488.395   -23308835.400    35.503
C39    37953446.949   -14621027.331    20097644.845    34098971.586    38.276
C40    37776535.321   -24654950.950    31762626.457   -13152302.575    41.868
C41    23937165.281     8913202.491    17091306.760    20242023.283    33.378
C42    23731234.940   -14192046.130    21197425.624   -11320037.155    35.260
C43    25938078.333    -1972612.655    17119882.771   -21957584.979    11.361
C59    37623486.149   -32331666.700    27066276.481        -628.115    42.079
C60    36448362.755     7312754.555    41520176.163       78142.237    61.383
2399 355470.000 13
C23    24845144.822    19303054.595    20146348.460       41088.431    22.344
C24    24350969.779   -12512867.614    10585284.883    22558872.205    27.678
C25    22697694.249     6467968.741    22249958.026    15517088.609    50.082
C33    21557414.750    -3126596.746    26866698.695     6906551.936    85.040
C34    25085182.263   -21111657.089    14420642.393   -11174408.312    19.785
C38    38028962.674    -7158063.340    34221161.324   -23368621.505    35.397
C39    37953389.667   -14659976.689    20091799.445    34085272.178    38.272
C40    37768170.486   -24643174.201    31800820.187   -13082527.418    41.983
C41    23922347.094     8892841.674    17157130.189    20195190.340    33.560
C42    23746438.954   -14182210.004    21159622.973   -11402395.426    35.064
C43    25928959.162    -2045287.338    17139484.689   -21935561.557    11.448
C59    37623663.576   -32331614.050    27066366.393       -4902.305    42.077
C60    36448510.057     7312818.053    41520146.617       74036.215    61.379
2399 355500.000 13
C23    24838482.360    19298848.133    20149948.388      132900.673    22.415
C24    24362776.991   -12566555.524    10529250.917    22555327.697    27.544
C25    22700582.361     6427226.786    22215080.140    15583821.125    50.033
C33    21557056.525    -3134557.842    26888837.530     6816240.125    85.085
C34    25077089.749   -21149599.437    14426833.831   -11094239.748    19.868
C38    38037728.993    -7132058.640    34185718.840   -23428294.878    35.290
C39    37953311.194   -14698951.407    20086124.732    34071409.999    38.269
C40    37759810.482   -24631231.630    31838963.549   -13012690.275    42.099
C41    23907573.478     8872665.104    17222842.606    20148025.637    33.742
C42    23761695.558   -14172373.728    21121529.345   -11484565.485    34.869
C43    25919793.263    -2117852.057    17159203.685   -21913176.289    11.536
C59    37623841.421   -32331561.016    27066456.085       -9176.476    42.075
C60    36448657.582     7312881.404    41520116.722       69929.834    61.376
2399 355530.000 13
C23    24831861.084    19294430.534    20153330.789      224710.718    22.485
C24    24374570.549   -12620340.600    10473328.264    22551409.982    27.411
C25    22703496.618     6386256.495    22180119.866    15650295.822    49.983
C33    21556792.932    -3142385.999    26910696.161     6725815.885    85.118
C34    25069002.011   -21187266.631    14433021.462   -11013887.933    19.952
C38    38046502.982    -7106208.995    34150161.621   -23487855.232    35.183
C39    37953210.726   -14737950.737    20080620.813    34057385.109    38.266
C40    37751459.939   -24619123.459    31877055.822   -12942791.477    42.214
C41    23892851.933     8852672.528    17288442.438    20100529.948    33.925
C42    23777003.813   -14162538.685    21083145.181   -11566545.975    34.673
C43    25910582.799    -2190305.455    17179039.042   -21890429.541    11.624
C59    37624019.366   -32331507.600    27066545.558      -13450.607    42.073
C60    36448804.306     7312944.605    41520086.477       65823.114    61.372
2399 355560.000 13
C23    24825282.822    19289800.901    20156496.549      316517.048    22.556
C24    24386350.546   -12674221.723    10417518.004    22547119.129    27.278
C25    22706440.209     6345057.993    22145078.615    15716511.601    49.934
C33    21556621.973    -3150082.353    26932273.755     6635280.708    85.138
C34    25060911.220   -21224658.247    14439204.007   -10933354.191    20.036
C38    38055283.504    -7080514.905    34114490.347   -23547302.278    35.077
C39    37953087.208   -14776973.929    20075287.791    34043197.574    38.263
C40    37743117.070   -24606849.914    31915096.285   -12872831.355    42.330
C41    23878176.507     8832863.681    17353928.116    20052704.051    34.107
C42    23792365.593   -14152706.258    21044470.936   -11648335.538    34.478
C43    25901325.713    -2262646.174    17198990.036   -21867321.687    11.713
C59    37624196.546   -32331453.801    27066634.809      -17724.680    42.071
C60    36448952.800     7313007.656    41520055.883       61716.074    61.368
2399 355590.000 13
C23    24818747.071    19284958.341    20159446.559      408318.147    22.626
C24    24398114.464   -12728197.766    10361821.214    22542455.211    27.146
C25    22709410.416     6303631.413    22109957.796    15782467.366    49.884
C33    21556545.614    -3157648.045    26953569.486     6544636.085    85.146
C34    25052821.266   -21261773.869    14445380.184   -10852639.851    20.120
C38    38064071.945    -7054976.869    34078705.701   -23606635.729    34.971
C39    37952943.190   -14816020.236    20070125.768    34028847.455    38.260
C40    37734782.976   -24594411.225    31953084.220   -12802810.242    42.446
C41    23863549.838     8813238.289    17419298.073    20004548.730    34.289
C42    23807779.610   -14142877.826    21005507.071   -11729932.822    34.282
C43    25892019.409    -2334872.863    17219055.936   -21843853.106    11.802
C59    37624374.262   -32331399.623    27066723.836      -21998.672    42.068
C60    36449099.488     7313070.555    41520024.940       57608.735    61.364
2399 355620.000 13
C23    24812252.480    19279901.968    20162181.718      500112.499    22.695
C24    24409862.968   -12782267.598    10306238.961    22537418.308    27.014
C25    22712406.376     6261976.897    22074758.820    15848162.026    49.833
C33    21556564.060    -3165084.223    26974582.534     6453883.513    85.140
C34    25044732.339   -21298613.090    14451548.713   -10771746.246    20.203
C38    38072868.899    -7029595.382    34042808.368   -23665855.298    34.864
C39    37952777.355   -14855088.906    20065134.839    34014334.818    38.258
C40    37726458.156   -24581807.623    31991018.908   -12732728.470    42.562
C41    23848974.629     8793796.071    17484550.745    19956064.775    34.470
C42    23823244.134   -14133054.766    20966254.056   -11811336.476    34.087
C43    25882669.554    -2406984.174    17239236.004   -21820024.181    11.891
C59    37624551.612   -32331345.064    27066812.639      -26272.563    42.066
C60    36449245.863     7313133.299    41519993.648       53501.116    61.360
2399 355650.000 13
C23    24805796.373    19274630.903    20164702.930      591898.587    22.764
C24    24421595.891   -12836430.080    10250772.309    22532008.504    26.883
C25    22715428.986     6220094.595    22039483.097    15913594.493    49.782
C33    21556676.378    -3172392.036    26995312.089     6363024.489    85.122
C34    25036647.593   -21335175.511    14457708.307   -10690674.711    20.287
C38    38081672.070    -7004370.936    34006799.034   -23724960.701    34.758
C39    37952588.604   -14894179.190    20060315.100    33999659.729    38.256
C40    37718142.147   -24569039.346    32028899.632   -12662586.373    42.677
C41    23834448.504     8774536.736    17549684.571    19907252.980    34.652
C42    23838759.272   -14123238.455    20926712.374   -11892545.154    33.891
C43    25873271.619    -2478978.767    17259529.492   -21795835.305    11.982
C59    37624730.086   -32331290.128    27066901.216      -30546.334    42.064
C60    36449394.152     7313195.888    41519962.007       49393.237    61.357
2399 355680.000 13
C23    24799388.096    19269144.272    20167011.105      683674.895    22.833
C24    24433313.225   -12890684.069    10195422.313    22526225.894    26.751
C25    22718479.654     6177984.667    22004132.038    15978763.687    49.731
C33    21556882.080    -3179572.643    27015757.352     6272060.511    85.090
C34    25028559.808   -21371460.742    14463857.682   -10609426.583    20.371
C38    38090481.804    -6979304.022    33970678.390   -23783951.650    34.652
C39    37952379.112   -14933290.337    20055666.640    33984822.253    38.254
C40    37709833.906   -24556106.630    32066725.676   -12592384.284    42.794
C41    23819972.435     8755459.984    17614697.990    19858114.146    34.834
C42    23854324.099   -14113430.264    20886882.515   -11973557.511    33.696
C43    25863830.623    -2550855.301    17279935.649   -21771286.873    12.072
C59    37624908.748   -32331234.814    27066989.565      -34819.963    42.062
C60    36449541.587     7313258.320    41519930.019       45285.116    61.353
2399 355710.000 13
C23    24793017.173    19263441.209    20169107.162      775439.906    22.902
C24    24445016.357   -12945028.416    10140190.024    22520070.573    26.621
C25    22721555.483     6135647.282    21968707.055    16043668.527    49.679
C33    21557182.221    -3186627.204    27035917.527     6180993.079    85.046
C34    25020479.011   -21407468.404    14469995.549   -10528003.204    20.456
C38    38099300.533    -6954395.125    33934447.126   -23842827.862    34.546
C39    37952147.990   -14972421.597    20051189.547    33969822.457    38.253
C40    37701533.699   -24543009.718    32104496.325   -12522122.536    42.910
C41    23805548.364     8736565.506    17679589.446    19808649.077    35.015
C42    23869941.412   -14103631.565    20846764.979   -12054372.207    33.500
C43    25854343.305    -2622612.446    17300453.713   -21746379.289    12.164
C59    37625086.084   -32331179.125    27067077.685      -39093.430    42.060
C60    36449689.214     7313320.594    41519897.682       41176.775    61.349
2399 355740.000 13
C23    24786687.790    19257520.854    20170992.023      867192.104    22.970
C24    24456701.386   -12999461.966    10085076.484    22513542.648    26.490
C25    22724655.907     6093082.617    21933209.558    16108307.941    49.627
C33    21557575.677    -3193556.886    27055791.831     6089823.696    84.990
C34    25012397.352   -21443198.124    14476120.621   -10446405.917    20.540
C38    38108124.664    -6929644.729    33898105.935   -23901589.052    34.440
C39    37951894.894   -15011572.217    20046883.904    33954660.410    38.252
C40    37693244.719   -24529748.855    32142210.864   -12451801.462    43.026
C41    23791174.408     8717852.983    17744357.386    19758858.585    35.197
C42    23885608.656   -14093843.727    20806360.274   -12134987.905    33.304
C43    25844806.981    -2694248.871    17321082.918   -21721112.960    12.255
C59    37625264.181   -32331123.061    27067165.575      -43366.715    42.058
C60    36449836.213     7313382.707    41519864.999       37068.232    61.345
2399 355770.000 13
C23    24780399.724    19251382.354    20172666.618      958929.974    23.037
C24    24468369.490   -13053983.559    10030082.730    22506642.228    26.361
C25    22727782.901     6050290.858    21897640.959    16172680.859    49.575
C33    21558065.448    -3200362.861    27075379.487     5998553.866    84.923
C34    25004322.032   -21478649.540    14482231.606   -10364636.068    20.624
C38    38116955.699    -6905053.314    33861655.514   -23960234.937    34.334
C39    37951618.869   -15050741.447    20042749.793    33939336.178    38.251
C40    37684963.765   -24516324.288    32179868.582   -12381421.398    43.143
C41    23776852.647     8699322.089    17809000.259    19708743.486    35.378
C42    23901325.053   -14084068.116    20765668.919   -12215403.270    33.108
C43    25835228.872    -2765763.254    17341822.489   -21695488.301    12.347
C59    37625442.409   -32331066.623    27067253.232      -47639.796    42.055
C60    36449984.491     7313444.659    41519831.968       32959.508    61.342
2399 355800.000 13
C23    24774151.502    19245024.862    20174131.883     1050652.000    23.105
C24    24480023.023   -13108592.029     9975209.793    22499369.430    26.231
C25    22730935.154     6007272.200    21862002.668    16236786.216    49.522
C33    21558648.520    -3207046.304    27094679.728     5907185.093    84.843
C34    24996248.692   -21513822.298    14488327.214   -10282695.009    20.708
C38    38125792.843    -6880621.356    33825096.560   -24018765.232    34.229
C39    37951320.688   -15089928.535    20038787.291    33923849.833    38.250
C40    37676692.634   -24502736.269    32217468.766   -12310982.676    43.259
C41    23762582.645     8680972.489    17873516.517    19658304.602    35.559
C42    23917090.762   -14074306.095    20724691.442   -12295616.973    32.913
C43    25825606.955    -2837154.276    17362671.644   -21669505.732    12.440
C59    37625620.043   -32331009.813    27067340.656      -51912.655    42.053
C60    36450132.058     7313506.447    41519798.591       28850.621    61.338
2399 355830.000 13
C23    24767944.840    19238447.538    20175388.760     1142356.667    23.171
C24    24491658.528   -13163286.205     9920458.696    22491724.377    26.102
C25    22734111.598     5964026.847    21826296.098    16300622.951    49.469
C33    21559325.414    -3213608.397    27113691.793     5815718.886    84.753
C34    24988178.867   -21548716.053    14494406.150   -10200584.090    20.792
C38    38134638.155    -6856349.332    33788429.772   -24077179.656    34.123
C39    37951003.924   -15129132.727    20034996.472    33908201.444    38.250
C40    37668430.520   -24488985.052    32255010.704   -12240485.632    43.376
C41    23748367.241     8662803.838    17937904.614    19607542.759    35.740
C42    23932905.076   -14064559.026    20683428.380   -12375627.685    32.717
C43    25815935.581    -2908420.622    17383629.596   -21643165.680    12.533
C59    37625800.226   -32330952.631    27067427.845      -56185.270    42.051
C60    36450280.886     7313568.071    41519764.868       24741.592    61.334
2399 355860.000 13
C23    24761782.185    19231649.549    20176438.197     1234042.459    23.238
C24    24503280.429   -13218064.908     9865830.458    22483707.198    25.973
C25    22737313.458     5920555.012    21790522.659    16364190.009    49.415
C33    21560097.783    -3220050.325    27132414.934     5724156.752    84.653
C34    24980115.807   -21583330.469    14500467.120   -10118304.667    20.876
C38    38143488.578    -6832237.710    33751655.852   -24135477.926    34.018
C39    37950661.087   -15168353.272    20031377.407    33892391.081    38.250
C40    37660177.203   -24475070.893    32292493.689   -12169930.600    43.493
C41    23734202.182     8644815.782    18002163.009    19556458.788    35.921
C42    23948769.047   -14054828.269    20641880.280   -12455434.082    32.521
C43    25806221.160    -2979560.984    17404695.547   -21616468.577    12.627
C59    37625977.726   -32330895.080    27067514.798      -60457.620    42.049
C60    36450429.815     7313629.528    41519730.799       20632.441    61.330
2399 355890.000 13
C23    24755656.101    19224630.068    20177281.148     1325707.862    23.304
C24    24514883.437   -13272926.959     9811326.087    22475318.029    25.845
C25    22740537.367     5876856.917    21754683.763    16427486.337    49.362
C33    21560964.034    -3226373.279    27150848.407     5632500.202    84.543
C34    24972055.765   -21617665.218    14506508.829   -10035858.099    20.961
C38    38152344.892    -6808286.960    33714775.505   -24193659.762    33.912
C39    37950298.409   -15207589.416    20027930.164    33876418.816    38.250
C40    37651934.120   -24460994.054    32329917.011   -12099317.916    43.610
C41    23720090.844     8627007.958    18066290.163    19505053.529    36.101
C42    23964679.931   -14045115.178    20600047.698   -12535034.843    32.325
C43    25796464.584    -3050574.058    17425868.696   -21589414.860    12.721
C59    37626155.612   -32330837.160    27067601.512      -64729.686    42.047
C60    36450577.776     7313690.817    41519696.384       16523.186    61.327
2399 355920.000 13
C23    24749568.403    19217388.276    20177918.574     1417351.361    23.370
C24    24526469.664   -13327871.168     9756946.589    22466557.010    25.717
C25    22743786.092     5832932.791    21718780.820    16490510.889    49.308
C33    21561925.166    -3232578.454    27168991.479     5540750.747    84.424
C34    24963999.761   -21651719.983    14512529.980    -9953245.746    21.045
C38    38161206.878    -6784497.547    33677789.436   -24251724.880    33.807
C39    37949915.395   -15246840.406    20024654.806    33860284.722    38.251
C40    37643701.122   -24446754.798    32367279.962   -12028647.914    43.727
C41    23706035.247     8609379.997    18130284.540    19453327.822    36.282
C42    23980638.160   -14035421.107    20557931.198   -12614428.651    32.129
C43    25786663.809    -3121458.544    17447148.232   -21562004.975    12.816
C59    37626335.240   -32330778.872    27067687.987      -69001.447    42.045
C60    36450725.862     7313751.936    41519661.624       12413.848    61.323
2399 355950.000 13
C23    24743524.751    19209923.360    20178351.441     1508971.443    23.435
C24    24538039.332   -13382896.343     9702692.960    22457424.289    25.589
C25    22747057.638     5788782.874    21682815.240    16553262.623    49.253
C33    21562980.053    -3238667.049    27186843.425     5448909.902    84.296
C34    24955950.147   -21685494.455    14518529.274    -9870468.971    21.129
C38    38170076.090    -6760869.932    33640698.353   -24309673.003    33.701
C39    37949509.140   -15286105.488    20021551.395    33843988.871    38.251
C40    37635477.862   -24432353.391    32404581.837   -11957920.930    43.844
C41    23692029.946     8591931.517    18194144.606    19401282.516    36.462
C42    23996644.631   -14025747.409    20515531.355   -12693614.191    31.934
C43    25776817.678    -3192213.149    17468533.340   -21534239.369    12.911
C59    37626512.942   -32330720.219    27067774.222      -73272.882    42.042
C60    36450873.812     7313812.884    41519626.520        8304.446    61.319
2399 355980.000 13
C23    24737517.926    19202234.513    20178580.720     1600566.593    23.500
C24    24549589.289   -13438001.286     9648566.191    22447920.020    25.462
C25    22750353.963     5744407.414    21646788.434    16615740.498    49.199
C33    21564130.048    -3244640.268    27204403.529     5356979.180    84.160
C34    24947907.754   -21718988.332    14524505.414    -9787529.141    21.214
C38    38178950.456    -6737404.573    33603502.966   -24367503.849    33.596
C39    37949079.923   -15325383.909    20018619.988    33827531.339    38.252
C40    37627264.967   -24417790.102    32441821.931   -11887137.300    43.961
C41    23678083.309     8574662.131    18257868.832    19348918.465    36.642
C42    24012696.103   -14016095.429    20472848.754   -12772590.153    31.738
C43    25766928.963    -3262836.583    17490023.196   -21506118.500    13.007
C59    37626691.649   -32330661.200    27067860.214      -77543.972    42.040
C60    36451022.798     7313873.660    41519591.071        4195.000    61.315
2399 356010.000 13
C23    24731555.307    19194320.937    20178607.390     1692135.298    23.565
C24    24561124.654   -13493184.792     9594567.266    22438044.362    25.336
C25    22753672.406     5699806.667    21610701.812    16677943.484    49.144
C33    21565374.338    -3250499.320    27221671.083     5264960.099    84.017
C34    24939872.808   -21752201.325    14530457.098    -9704427.626    21.298
C38    38187829.805    -6714101.928    33566203.987   -24425217.139    33.491
C39    37948631.567   -15364674.914    20015860.639    33810912.198    38.254
C40    37619061.880   -24403065.205    32478999.538   -11816297.360    44.078
C41    23664189.037     8557571.440    18321455.692    19296236.526    36.822
C42    24028795.314   -14006466.514    20429883.985   -12851355.230    31.542
C43    25757000.995    -3333327.563    17511616.970   -21477642.829    13.103
C59    37626871.015   -32330601.817    27067945.962      -81814.695    42.038
C60    36451170.952     7313934.261    41519555.279          85.530    61.312
2399 356040.000 13
C23    24725629.001    19186181.839    20178432.435     1783676.045    23.629
C24    24572639.884   -13548445.655     9540697.161    22427797.483    25.209
C25    22757013.186     5654980.901    21574556.782    16739870.549    49.088
C33    21566713.394    -3256245.418    27238645.388     5172854.175    83.867
C34    24931842.722   -21785133.150    14536383.026    -9621165.796    21.382
C38    38196715.483    -6690962.447    33528802.131   -24482812.595    33.386
C39    37948160.542   -15403977.749    20013273.401    33794131.526    38.255
C40    37610869.872   -24388178.975    32516113.958   -11745401.447    44.196
C41    23650350.530     8540659.038    18384903.663    19243237.562    37.002
C42    24044940.995   -13996862.007    20386637.653   -12929908.117    31.346
C43    25747024.788    -3403684.810    17533313.824   -21448812.822    13.200
C59    37627047.533   -32330542.071    27068031.465      -86085.030    42.036
C60    36451321.169     7313994.686    41519519.143       -4023.946    61.308
2399 356070.000 13
C23    24719744.482    19177816.434    20178056.845     1875187.323    23.693
C24    24584139.085   -13603782.659     9486956.848    22417179.553    25.083
C25    22760376.853     5609930.388    21538354.755    16801520.670    49.033
C33    21568146.612    -3261879.779    27255325.756     5080662.929    83.710
C34    24923819.772   -21817783.535    14542281.895    -9537745.026    21.467
C38    38205606.240    -6667986.581    33491298.113   -24540289.939    33.281
C39    37947666.876   -15443291.659    20010858.320    33777189.397    38.257
C40    37602685.463   -24373131.690    32553164.489   -11674449.897    44.313
C41    23636568.643     8523924.510    18448211.225    19189922.443    37.181
C42    24061132.179   -13987283.245    20343110.368   -13008247.514    31.150
C43    25737005.913    -3473907.051    17555112.914   -21419628.954    13.297
C59    37627225.972   -32330481.964    27068116.722      -90354.959    42.034
C60    36451469.795     7314054.935    41519482.664       -8133.406    61.304
2399 356100.000 13
C23    24713897.535    19169223.944    20177481.614     1966667.619    23.756
C24    24595618.463   -13659194.585     9433347.289    22406190.751    24.958
C25    22763762.852     5564655.413    21502097.138    16862892.828    48.977
C33    21569674.623    -3267403.624    27271711.503     4988387.880    83.547
C34    24915805.835   -21850152.215    14548152.404    -9454166.694    21.551
C38    38214502.984    -6645174.775    33453692.651   -24597648.893    33.176
C39    37947151.295   -15482615.891    20008615.441    33760085.890    38.259
C40    37594514.230   -24357923.633    32590150.429   -11603443.046    44.431
C41    23622840.969     8507367.433    18511376.862    19136292.042    37.360
C42    24077369.927   -13977731.567    20299302.750   -13086372.124    30.955
C43    25726946.887    -3543993.017    17577013.390   -21390091.703    13.395
C59    37627404.798   -32330421.497    27068201.731      -94624.460    42.031
C60    36451617.531     7314115.004    41519445.843      -12242.831    61.300
2399 356130.000 12
C23    24708091.073    19160403.599    20176707.745     2058115.421    23.819
C24    24607079.588   -13714680.211     9379869.441    22394831.262    24.833
C25    22767170.070     5519156.267    21465785.339    16923986.006    48.921
C33    21571297.767    -3272818.180    27287801.958     4896030.551    83.379
C34    24907799.465   -21882238.935    14553993.248    -9370432.178    21.636
C38    38223403.425    -6622527.473    33415986.464   -24654889.179    33.072
C39    37946617.485   -15521949.687    20006544.805    33742821.081    38.261
C40    37586353.082   -24342555.089    32627071.080   -11532381.232    44.549
C41    23609174.751     8490987.373    18574399.061    19082347.239    37.539
C42    24093651.215   -13968208.305    20255215.429   -13164280.653    30.759
C59    37627583.550   -32330360.672    27068286.491      -98893.513    42.029
C60    36451767.016     7314174.893    41519408.680      -16352.202    61.296
2399 356160.000 13
C23    24702323.511    19151354.632    20175736.244     2149529.219    23.882
C24    24618522.313   -13770238.307     9326524.253    22383101.276    24.708
C25    22770597.257     5473433.252    21429420.765    16984799.194    48.864
C33    21573014.434    -3278124.677    27303596.457     4803592.466    83.205
C34    24899801.191   -21914043.449    14559803.123    -9286542.862    21.720
C38    38232308.759    -6600045.114    33378180.276   -24712010.523    32.967
C39    37946058.212   -15561292.295    20004646.450    33725395.050    38.264
C40    37578203.382   -24327026.344    32663925.745   -11461264.793    44.667
C41    23595561.813     8474783.890    18637276.313    19028088.918    37.718
C42    24109976.957   -13958714.790    20210849.043   -13241971.813    30.563
C43    25706699.553    -3683751.080    17621115.064   -21329958.997    13.592
C59    37627762.111   -32330299.488    27068371.000     -103162.097    42.027
C60    36451915.962     7314234.599    41519371.175      -20461.499    61.293
2399 356190.000 13
C23    24696593.584    19142076.289    20174568.124     2240907.502    23.944
C24    24629946.022   -13825867.638     9273312.668    22371000.990    24.584
C25    22774047.038     5427486.677    21393004.823    17045331.386    48.807
C33    21574825.861    -3283324.349    27319094.345     4711075.148    83.027
C34    24891812.511   -21945565.519    14565580.724    -9202500.129    21.804
C38    38241220.575    -6577728.136    33340274.809   -24769012.647    32.863
C39    37945479.727   -15600642.957    20002920.410    33707807.875    38.267
C40    37570062.936   -24311337.691    32700713.727   -11390094.065    44.785
C41    23582008.295     8458756.534    18700007.112    18973517.967    37.897
C42    24126346.330   -13949252.349    20166204.242   -13319444.315    30.367
C43    25696511.265    -3753420.667    17643314.526   -21299364.531    13.691
C59    37627941.469   -32330237.949    27068455.256     -107430.192    42.025
C60    36452065.311     7314294.122    41519333.329      -24570.703    61.289
2399 356220.000 13
C23    24690902.608    19132567.818    20173204.404     2332248.761    24.006
C24    24641352.776   -13881566.966     9220235.622    22358530.606    24.460
C25    22777517.512     5381316.860    21356538.918    17105581.581    48.750
C33    21576732.037    -3288418.434    27334294.976     4618480.124    82.845
C34    24883831.690   -21976804.917    14571324.745    -9118305.368    21.889
C38    38250135.392    -6555576.972    33302270.790   -24825895.277    32.758
C39    37944877.682   -15640000.919    20001366.718    33690059.638    38.270
C40    37561934.717   -24295489.423    32737434.330   -11318869.387    44.903
C41    23568511.706     8442904.847    18762589.957    18918635.282    38.075
C42    24142762.212   -13939822.305    20121281.681   -13396696.879    30.172
C43    25686282.061    -3822948.961    17665611.905   -21268418.656    13.791
C59    37628119.902   -32330176.054    27068539.260     -111697.777    42.023
C60    36452214.506     7314353.461    41519295.143      -28679.793    61.285
2399 356250.000 13
C23    24685250.723    19122828.477    20171646.106     2423551.486    24.068
C24    24652742.021   -13937335.048     9167294.042    22345690.334    24.336
C25    22781008.459     5334924.129    21320024.456    17165548.783    48.693
C33    21578732.597    -3293408.174    27349197.713     4525808.921    82.658
C34    24875863.590   -22007761.424    14577033.881    -9033959.969    21.973
C38    38259055.173    -6533592.052    33264168.946   -24882658.138    32.654
C39    37944257.185   -15679365.425    19999985.400    33672150.418    38.274
C40    37553817.017   -24279481.836    32774086.861   -11247591.097    45.021
C41    23555073.058     8427228.361    18825023.349    18863441.761    38.253
C42    24159219.804   -13930425.980    20076082.026   -13473728.223    29.976
C43    25676009.281    -3892334.721    17688006.315   -21237121.881    13.891
C59    37628299.712   -32330113.805    27068623.008     -115964.833    42.021
C60    36452363.428     7314412.612    41519256.616      -32788.750    61.281
2399 356280.000 13
C23    24679636.368    19112857.531    20169894.260     2514814.169    24.129
C24    24664110.018   -13993170.634     9114488.851    22332480.389    24.213
C25    22784519.333     5288308.820    21283462.839    17225231.998    48.636
C33    21580827.749    -3298294.817    27363801.929     4433063.067    82.467
C34    24867902.832   -22038434.830    14582706.823    -8949465.323    22.057
C38    38267977.581    -6511773.803    33225970.006   -24939300.956    32.550
C39    37943611.781   -15718735.719    19998776.481    33654080.297    38.277
C40    37545711.179   -24263315.232    32810670.627   -11176259.533    45.139
C41    23541693.631     8411726.601    18887305.794    18807938.310    38.431
C42    24175721.002   -13921064.690    20030605.953   -13550537.073    29.780
C43    25665699.665    -3961576.710    17710496.867   -21205474.719    13.991
C59    37628477.133   -32330051.204    27068706.500     -120231.338    42.018
C60    36452513.120     7314471.575    41519217.750      -36897.555    61.278
2399 356310.000 13
C23    24674062.631    19102654.252    20167949.901     2606035.303    24.190
C24    24675457.743   -14049072.471     9061820.963    22318900.992    24.090
C25    22788050.142     5241471.278    21246855.472    17284630.241    48.578
C33    21583017.105    -3303079.611    27378107.003     4340244.093    82.274
C34    24859955.226   -22068824.934    14588342.266    -8864822.826    22.141
C38    38276907.508    -6490122.650    33187674.702   -24995823.457    32.446
C39    37942946.823   -15758111.046    19997739.983    33635849.359    38.281
C40    37537616.075   -24246989.913    32847184.936   -11104875.033    45.258
C41    23528374.701     8396399.083    18949435.801    18752125.839    38.609
C42    24192263.804   -13911739.750    19984854.146   -13627122.157    29.585
C43    25655346.348    -4030673.700    17733082.663   -21173477.691    14.093
C59    37628655.895   -32329988.252    27068789.734     -124497.272    42.016
C60    36452662.426     7314530.349    41519178.544      -41006.187    61.274
2399 356340.000 13
C23    24668525.117    19092217.917    20165814.069     2697213.379    24.250
C24    24686783.389   -14105039.302     9009291.285    22304952.371    23.968
C25    22791601.049     5194411.856    21210203.756    17343742.528    48.520
C33    21585301.257    -3307763.812    27392112.326     4247353.529    82.076
C34    24852017.213   -22098931.544    14593938.901    -8780033.876    22.226
C38    38285839.199    -6468639.013    33149283.767   -25052225.369    32.342
C39    37942258.048   -15797490.649    19996875.924    33617457.685    38.286
C40    37529533.176   -24230506.185    32883629.099   -11033437.937    45.376
C41    23515114.100     8381245.313    19011411.883    18696005.262    38.787
C42    24208849.275   -13902452.470    19938827.298   -13703482.207    29.389
C43    25644952.204    -4099624.465    17755762.800   -21141131.322    14.194
C59    37628833.693   -32329924.950    27068872.709     -128762.616    42.014
C60    36452812.052     7314588.931    41519139.000      -45114.628    61.270
2399 356370.000 13
C23    24663026.472    19081547.815    20163487.811     2788346.891    24.310
C24    24698093.995   -14161069.862     8956900.717    22290634.758    23.846
C25    22795169.610     5147130.916    21173509.092    17402567.882    48.462
C33    21587680.367    -3312348.677    27405817.297     4154392.908    81.876
C34    24844092.025   -22128754.476    14599495.421    -8695099.871    22.310
C38    38294775.767    -6447323.309    33110797.936   -25108506.419    32.238
C39    37941549.837   -15836873.772    19996184.319    33598905.360    38.290
C40    37521461.615   -24213864.356    32920002.427   -10961948.583    45.495
C41    23501913.195     8366264.791    19073232.557    18639577.498    38.964
C42    24225478.379   -13893204.158    19892526.110   -13779615.957    29.194
C43    25634521.109    -4168427.786    17778536.368   -21108436.144    14.296
C59    37629011.642   -32329861.299    27068955.424     -133027.347    42.012
C60    36452962.686     7314647.321    41519099.118      -49222.856    61.266
2399 356400.000 13
C23    24657563.578    19070643.238    20160972.176     2879434.335    24.370
C24    24709384.422   -14217162.886     8904650.153    22275948.394    23.724
C25    22798757.838     5099628.830    21136772.881    17461105.330    48.403
C33    21590152.368    -3316835.469    27419221.323     4061363.762    81.673
C34    24836176.777   -22158293.557    14605010.516    -8610022.215    22.394
C38    38303714.899    -6426175.954    33072217.946   -25164666.335    32.134
C39    37940819.056   -15876259.659    19995665.178    33580192.469    38.295
C40    37513401.953   -24197064.740    32956304.232   -10890407.310    45.613
C41    23488772.215     8351457.007    19134896.345    18582843.474    39.141
C42    24242145.800   -13883996.116    19845951.294   -13855522.147    28.998
C43    25624046.310    -4237082.452    17801402.450   -21075392.692    14.399
C59    37629190.528   -32329797.301    27069037.877     -137291.447    42.010
C60    36453112.059     7314705.516    41519058.898      -53330.854    61.263
2399 356430.000 13
C23    24652138.925    19059503.488    20158268.221     2970474.204    24.429
C24    24720652.868   -14273317.100     8852540.477    22260893.523    23.603
C25    22802365.920     5051905.977    21099996.521    17519353.903    48.344
C33    21592718.780    -3321225.451    27432323.821     3968267.626    81.468
C34    24828276.263   -22187548.622    14610482.878    -8524802.312    22.478
C38    38312659.091    -6405197.357    33033544.536   -25220704.847    32.031
C39    37940067.628   -15915647.555    19995318.510    33561319.097    38.300
C40    37505353.902   -24180107.651    32992533.829   -10818814.459    45.732
C41    23475693.172     8336821.442    19196401.772    18525804.118    39.317
C42    24258855.575   -13874829.645    19799103.570   -13931199.520    28.803
C43    25613532.784    -4305587.254    17824360.123   -21042001.511    14.502
C59    37629369.380   -32329732.958    27069120.067     -141554.894    42.007
C60    36453261.340     7314763.516    41519018.340      -57438.600    61.259
2399 356460.000 13
C23    24646752.559    19048127.872    20155377.007     3061464.994    24.488
C24    24731904.829   -14329531.228     8800572.569    22245470.399    23.482
C25    22805992.410     5003962.746    21063181.409    17577312.638    48.286
C33    21595381.253    -3325519.895    27445124.218     3875106.036    81.260
C34    24820385.928   -22216519.514    14615911.200    -8439441.569    22.562
C38    38321605.477    -6384387.928    32994778.445   -25276621.683    31.927
C39    37939293.919   -15955036.702    19995144.320    33542285.330    38.306
C40    37497318.238   -24162993.406    33028690.533   -10747170.369    45.851
C41    23462675.190     8322357.570    19257747.367    18468460.366    39.493
C42    24275606.332   -13865706.041    19751983.666   -14006646.822    28.607
C43    25602980.185    -4373940.991    17847408.458   -21008263.148    14.606
C59    37629547.109   -32329668.269    27069201.992     -145817.669    42.005
C60    36453411.011     7314821.318    41518977.447      -61546.076    61.255
2399 356490.000 13
C23    24641404.266    19036515.708    20152299.602     3152405.202    24.547
C24    24743135.957   -14385803.990     8748747.300    22229679.279    23.362
C25    22809635.285     4955799.534    21026328.943    17634980.577    48.226
C33    21598137.003    -3329720.072    27457621.947     3781880.529    81.050
C34    24812513.283   -22245206.088    14621294.170    -8353941.395    22.646
C38    38330555.700    -6363748.071    32955920.418   -25332416.575    31.824
C39    37938499.389   -15994426.345    19995142.609    33523091.256    38.311
C40    37489294.187   -24145722.328    33064773.660   -10675475.380    45.970
C41    23449718.488     8308064.855    19318931.663    18410813.158    39.669
C42    24292396.757   -13856626.596    19704592.320   -14081862.803    28.412
C43    25592388.340    -4442142.467    17870546.519   -20974178.158    14.710
C59    37629726.793   -32329603.237    27069283.652     -150079.750    42.003
C60    36453561.668     7314878.921    41518936.217      -65653.261    61.251
2399 356520.000 13
C23    24636089.446    19024666.317    20149037.077     3243293.326    24.605
C24    24754343.366   -14442134.098     8697065.534    22213520.426    23.241
C25    22813296.983     4907416.746    20989440.517    17692356.765    48.167
C33    21600986.690    -3333827.259    27469816.455     3688592.641    80.838
C34    24804650.529   -22273608.205    14626630.482    -8268303.202    22.730
C38    38339508.833    -6343278.186    32916971.197   -25388089.251    31.720
C39    37937682.364   -16033815.727    19995313.376    33503736.963    38.317
C40    37481283.061   -24128294.739    33100782.530   -10603729.831    46.089
C41    23436823.237     8293942.754    19379953.198    18352863.438    39.845
C42    24309226.754   -13847592.600    19656930.280   -14156846.218    28.217
C43    25581756.504    -4510190.493    17893773.365   -20939747.100    14.814
C59    37629907.220   -32329537.864    27069365.044     -154341.117    42.001
C60    36453711.457     7314936.324    41518894.651      -69760.136    61.247
2399 356550.000 13
C23    24630815.300    19012579.032    20145590.509     3334127.864    24.663
C24    24765531.155   -14498520.263     8645528.127    22196994.111    23.122
C25    22816977.000     4858814.798    20952517.524    17749440.254    48.108
C33    21603930.659    -3337842.735    27481707.192     3595243.911    80.624
C34    24796803.387   -22301725.737    14631918.825    -8182528.404    22.814
C38    38348466.266    -6322978.672    32877931.528   -25443639.445    31.617
C39    37936844.225   -16073204.093    19995656.615    33484222.538    38.323
C40    37473282.493   -24110710.966    33136716.461   -10531934.065    46.208
C41    23423990.657     8279990.715    19440810.513    18294612.156    40.021
C42    24326096.356   -13838605.337    19608998.299   -14231595.824    28.022
C43    25571081.621    -4578083.885    17917088.048   -20904970.541    14.919
C59    37630085.119   -32329472.149    27069446.168     -158601.751    41.999
C60    36453862.133     7314993.525    41518852.751      -73866.682    61.244
2399 356580.000 13
C23    24625576.749    19000253.189    20141960.980     3424907.315    24.720
C24    24776698.788   -14554961.192     8594135.929    22180100.610    23.003
C25    22820672.784     4809994.112    20915561.358    17806230.100    48.048
C33    21606968.203    -3341767.785    27493293.624     3501835.880    80.408
C34    24788969.336   -22329558.564    14637157.890    -8096618.418    22.897
C38    38357424.564    -6302849.924    32838802.159   -25499066.886    31.514
C39    37935984.112   -16112590.685    19996172.318    33464548.072    38.330
C40    37465297.443   -24092971.341    33172574.775   -10460088.420    46.328
C41    23411222.029     8266208.178    19501502.156    18236060.268    40.196
C42    24343006.085   -13829666.088    19560797.143   -14306110.383    27.826
C43    25560376.037    -4645821.464    17940489.613   -20869849.052    15.025
C59    37630263.895   -32329406.096    27069527.022     -162861.630    41.997
C60    36454011.704     7315050.522    41518810.516      -77972.879    61.240
2399 356610.000 13
C23    24620372.868    18987688.136    20138149.578     3515630.178    24.778
C24    24787847.225   -14611455.584     8542889.782    22162840.205    22.884
C25    22824386.427     4760955.120    20878573.409    17862725.362    47.988
C33    21610100.843    -3345603.694    27504575.219     3408370.088    80.190
C34    24781151.783   -22357106.576    14642346.369    -8010574.661    22.981
C38    38366386.929    -6282892.334    32799583.840   -25554371.309    31.411
C39    37935104.307   -16151974.748    19996860.473    33444713.653    38.337
C40    37457323.128   -24075076.194    33208356.793   -10388193.238    46.447
C41    23398514.424     8252594.574    19562026.676    18177208.732    40.370
C42    24359954.110   -13820776.131    19512327.585   -14380388.661    27.631
C43    25549625.008    -4713402.060    17963977.100   -20834383.209    15.131
C59    37630443.568   -32329339.704    27069607.605     -167120.734    41.994
C60    36454162.333     7315107.315    41518767.948      -82078.706    61.236
2399 356640.000 13
C23    24615205.518    18974883.226    20134157.394     3606294.956    24.834
C24    24798975.411   -14668002.138     8491790.519    22145213.185    22.765
C25    22828116.139     4711698.263    20841555.066    17918925.108    47.928
C33    21613325.949    -3349351.752    27515551.461     3314848.076    79.971
C34    24773348.854   -22384369.670    14647482.953    -7924398.556    23.064
C38    38375351.237    -6263106.289    32760277.320   -25609552.445    31.308
C39    37934202.808   -16191355.526    19997721.065    33424719.375    38.344
C40    37449362.750   -24057025.862    33244061.841   -10316248.861    46.567
C41    23385870.511     8239149.326    19622382.628    18118058.514    40.545
C42    24376939.201   -13811936.738    19463590.406   -14454429.427    27.436
C43    25538840.528    -4780824.506    17987549.543   -20798573.596    15.237
C59    37630621.127   -32329272.976    27069687.916     -171379.043    41.992
C60    36454312.706     7315163.901    41518725.046      -86184.145    61.232
2399 356670.000 13
C23    24610075.922    18961837.819    20129985.526     3696900.149    24.891
C24    24810082.579   -14724599.545     8440838.968    22127219.844    22.647
C25    22831861.704     4662223.991    20804507.717    17974828.407    47.868
C33    21616645.956    -3353013.253    27526221.838     3221271.388    79.751
C34    24765561.265   -22411347.756    14652566.332    -7838091.524    23.148
C38    38384318.376    -6243492.175    32720883.354   -25664610.029    31.205
C39    37933278.923   -16230732.262    19998754.076    33404565.327    38.351
C40    37441414.196   -24038820.685    33279689.244   -10244255.629    46.686
C41    23373292.545     8225871.848    19682568.572    18058610.582    40.719
C42    24393962.063   -13803149.180    19414586.396   -14528231.454    27.241
C43    25528015.761    -4848087.642    18011205.968   -20762420.801    15.344
C59    37630801.272   -32329205.913    27069767.953     -175636.536    41.990
C60    36454463.858     7315220.279    41518681.811      -90289.176    61.228
2399 356700.000 13
C23    24604981.200    18948551.285    20125635.075     3787444.261    24.947
C24    24821165.092   -14781246.495     8390035.949    22108860.482    22.529
C25    22835624.143     4612532.759    20767432.748    18030434.335    47.807
C33    21620059.572    -3356589.493    27536585.851     3127641.565    79.529
C34    24757790.062   -22438040.749    14657595.200    -7751654.990    23.231
C38    38393284.914    -6224050.373    32681402.695   -25719543.795    31.103
C39    37932335.725   -16270104.201    19999959.484    33384251.602    38.358
C40    37433478.120   -24020461.002    33315238.328   -10172213.884    46.806
C41    23360776.514     8212761.548    19742583.072    17998865.912    40.893
C42    24411020.796   -13794414.720    19365316.356   -14601793.520    27.047
C43    25517157.856    -4915190.315    18034945.397   -20725925.418    15.452
C59    37630980.285   -32329138.516    27069847.714     -179893.194    41.988
C60    36454613.423     7315276.448    41518638.245      -94393.778    61.225
2399 356730.000 13
C23    24599921.778    18935023.000    20121107.149     3877925.797    25.003
C24    24832227.453   -14837941.671     8339382.273    22090135.406    22.412
C25    22839402.076     4562625.036    20730331.544    18085741.972    47.747
C33    21623566.051    -3360081.772    27546643.006     3033960.154    79.305
C34    24750036.451   -22464448.575    14662568.247    -7665090.383    23.315
C38    38402257.889    -6204781.262    32641836.100   -25774353.477    31.000
C39    37931370.341   -16309470.586    20001337.264    33363778.294    38.366
C40    37425555.910   -24001947.159    33350708.421   -10100123.968    46.926
C41    23348326.318     8199817.823    19802424.696    17938825.483    41.066
C42    24428121.318   -13785734.621    19315781.092   -14675114.405    26.852
C43    25506257.981    -4982131.377    18058766.845   -20689088.047    15.560
C59    37631158.165   -32329070.787    27069927.200     -184148.995    41.986
C60    36454765.517     7315332.406    41518594.347      -98497.934    61.221
2399 356760.000 13
C23    24594898.862    18921252.347    20116402.858     3968343.259    25.058
C24    24843270.240   -14894683.755     8288878.746    22071044.928    22.295
C25    22843194.867     4512501.297    20693205.487    18140750.404    47.686
C33    21627167.683    -3363491.393    27556392.824     2940228.699    79.081
C34    24742298.529   -22490571.169    14667484.165    -7578399.131    23.398
C38    38411231.657    -6185685.216    32602184.326   -25829038.811    30.898
C39    37930381.931   -16348830.662    20002887.388    33343145.496    38.374
C40    37417646.799   -23983279.503    33386098.854   -10027986.223    47.045
C41    23335941.055     8187040.065    19862092.016    17878490.279    41.239
C42    24445254.139   -13777110.138    19265981.421   -14748192.896    26.657
C43    25495323.517    -5048909.686    18082669.322   -20651909.293    15.668
C59    37631338.467   -32329002.726    27070006.407     -188403.919    41.983
C60    36454914.257     7315388.151    41518550.118     -102601.622    61.217
2399 356790.000 13
C23    24589912.553    18907238.720    20111523.320     4058695.156    25.113
C24    24854292.322   -14951471.423     8238526.163    22051589.367    22.179
C25    22847002.663     4462162.024    20656055.957    18195458.720    47.625
C33    21630862.102    -3366819.661    27565834.830     2846448.745    78.856
C34    24734579.229   -22516408.475    14672341.649    -7491582.667    23.481
C38    38420208.266    -6166762.608    32562448.132   -25883599.533    30.796
C39    37929373.835   -16388183.673    20004609.824    33322353.304    38.382
C40    37409751.889   -23964458.385    33421408.958    -9955800.991    47.165
C41    23323621.781     8174427.653    19921583.612    17817861.288    41.412
C42    24462426.405   -13768542.525    19215918.169   -14821027.780    26.462
C43    25484350.377    -5115524.109    18106651.830   -20614389.767    15.777
C59    37631516.806   -32328934.336    27070085.336     -192657.947    41.981
C60    36455066.155     7315443.683    41518505.558     -106704.823    61.213
2399 356820.000 13
C23    24584958.354    18892981.516    20106469.655     4148979.994    25.168
C24    24865291.018   -15008303.346     8188325.315    22031769.048    22.062
C25    22850826.707     4411607.709    20618884.335    18249866.017    47.564
C33    21634649.157    -3370067.885    27574968.561     2752621.841    78.629
C34    24726880.734   -22541960.445    14677139.389    -7404642.423    23.564
C38    38429187.535    -6148013.805    32522628.280   -25938035.380    30.693
C39    37928344.911   -16427528.864    20006504.537    33301401.812    38.391
C40    37401869.614   -23945484.158    33456638.067    -9883568.614    47.285
C41    23311367.718     8161979.963    19980898.065    17756939.505    41.584
C42    24479630.558   -13760033.030    19165592.169   -14893617.850    26.268
C43    25473341.644    -5181973.515    18130713.368   -20576530.086    15.886
C59    37631696.325   -32328865.618    27070163.985     -196911.056    41.979
C60    36455217.933     7315498.999    41518460.669     -110807.517    61.210
2399 356850.000 13
C23    24580040.201    18878480.145    20101242.989     4239196.280    25.222
C24    24876268.665   -15065178.193     8138276.983    22011584.302    21.947
C25    22854664.578     4360838.855    20581691.997    18303971.394    47.503
C33    21638530.852    -3373237.377    27583793.562     2658749.532    78.402
C34    24719196.939   -22567227.043    14681876.081    -7317579.836    23.647
C38    38438163.462    -6129439.173    32482725.532   -25992346.088    30.591
C39    37927294.211   -16466865.480    20008571.489    33280291.117    38.400
C40    37394000.574   -23926357.178    33491785.513    -9811289.435    47.405
C41    23299180.551     8149696.360    20040033.963    17695725.928    41.756
C42    24496872.073   -13751582.896    19115004.263   -14965961.905    26.073
C43    25462296.237    -5248256.783    18154852.927   -20538330.873    15.996
C59    37631874.934   -32328796.573    27070242.352     -201163.228    41.977
C60    36455367.548     7315554.098    41518415.451     -114909.686    61.206
2399 356880.000 13
C23    24575159.440    18863734.020    20095844.453     4329342.525    25.276
C24    24887223.627   -15122094.630     8088381.941    21991035.464    21.831
C25    22858516.250     4309855.969    20544480.318    18357773.957    47.441
C33    21642504.722    -3376329.452    27592309.390     2564833.369    78.173
C34    24711533.102   -22592208.238    14686550.419    -7230396.343    23.729
C38    38447143.973    -6111039.073    32442740.653   -26046531.396    30.490
C39    37926221.584   -16506192.764    20010810.639    33259021.317    38.409
C40    37386145.157   -23907077.804    33526850.634    -9738963.797    47.526
C41    23287058.976     8137576.202    20098989.897    17634221.561    41.927
C42    24514148.398   -13743193.364    19064155.303   -15038058.744    25.879
C43    25451217.439    -5314372.796    18179069.492   -20499792.754    16.106
C59    37632053.885   -32328727.202    27070320.436     -205414.442    41.975
C60    36455518.555     7315608.979    41518369.905     -119011.308    61.202
2399 356910.000 13
C23    24570308.754    18848742.564    20090275.180     4419417.239    25.330
C24    24898155.838   -15179051.316     8038640.955    21970122.878    21.716
C25    22862382.199     4258659.570    20507250.671    18411272.815    47.380
C33    21646572.146    -3379345.428    27600515.608     2470874.899    77.944
C34    24703884.964   -22616904.012    14691161.097    -7143093.384    23.812
C38    38456126.520    -6092813.864    32402674.408   -26100591.042    30.388
C39    37925128.484   -16545509.962    20013221.942    33237592.507    38.418
C40    37378304.264   -23887646.398    33561832.767    -9666592.043    47.646
C41    23275005.501     8125618.837    20157764.465    17572427.411    42.099
C42    24531460.095   -13734865.667    19013046.147   -15109907.174    25.685
C43    25440100.497    -5380320.445    18203362.045   -20460916.364    16.217
C59    37632232.903   -32328657.507    27070398.236     -209664.678    41.973
C60    36455668.898     7315663.640    41518324.030     -123112.366    61.198
2399 356940.000 13
C23    24565495.600    18833505.210    20084536.311     4509418.934    25.383
C24    24909066.395   -15236046.908     7989054.786    21948846.893    21.601
C25    22866261.520     4207250.183    20470004.427    18464467.085    47.318
C33    21650731.848    -3382286.623    27608411.791     2376875.672    77.714
C34    24696262.201   -22641314.352    14695706.810    -7055672.401    23.895
C38    38465109.175    -6074763.900    32362527.565   -26154524.765    30.286
C39    37924013.161   -16584816.319    20015805.350    33216004.789    38.428
C40    37370476.516   -23868063.325    33596731.252    -9594174.517    47.766
C41    23263017.444     8113823.609    20216356.269    17510344.492    42.269
C42    24548802.038   -13726601.038    18961677.663   -15181506.003    25.490
C43    25428950.158    -5446098.626    18227729.558   -20421702.342    16.328
C59    37632411.599   -32328587.490    27070475.751     -213913.914    41.970
C60    36455820.017     7315718.079    41518277.829     -127212.838    61.194
2399 356970.000 13
C23    24560715.325    18818021.395    20078628.990     4599346.122    25.436
C24    24919954.880   -15293080.060     7939624.182    21927207.863    21.487
C25    22870154.131     4155628.345    20432742.957    18517355.886    47.256
C33    21654985.914    -3385154.362    27615997.522     2282837.239    77.483
C34    24688655.390   -22665439.259    14700186.256    -6968134.837    23.977
C38    38474091.896    -6056889.534    32322300.892   -26208332.305    30.185
C39    37922878.671   -16624111.081    20018560.811    33194258.260    38.438
C40    37362663.297   -23848328.952    33631545.429    -9521711.560    47.887
C41    23251099.494     8102189.849    20274763.915    17447973.821    42.439
C42    24566180.614   -13718400.701    18910050.728   -15252854.044    25.296
C43    25417764.132    -5511706.242    18252171.001   -20382151.333    16.440
C59    37632590.556   -32328517.151    27070552.979     -218162.132    41.968
C60    36455971.539     7315772.296    41518231.301     -131312.706    61.191
2399 357000.000 13
C23    24555968.356    18802290.565    20072554.364     4689197.317    25.489
C24    24930822.126   -15350149.422     7890349.888    21905206.149    21.373
C25    22874060.243     4103794.597    20395467.625    18569938.345    47.194
C33    21659331.372    -3387949.970    27623272.393     2188761.151    77.252
C34    24681071.653   -22689278.738    14704598.131    -6880482.139    24.059
C38    38483077.799    -6039191.114    32281995.160   -26262013.402    30.083
C39    37921722.326   -16663393.493    20021488.270    33172353.020    38.448
C40    37354864.137   -23828443.651    33666274.640    -9449203.519    48.007
C41    23239247.579     8090716.883    20332986.016    17385316.421    42.609
C42    24583593.376   -13710265.879    18858166.227   -15323950.115    25.102
C43    25406543.731    -5577142.203    18276685.336   -20342263.986    16.552
C59    37632771.484   -32328446.493    27070629.920     -222409.310    41.966
C60    36456122.412     7315826.289    41518184.447     -135411.949    61.187
2399 357030.000 13
C23    24551255.475    18786312.177    20066313.587     4778971.036    25.541
C24    24941667.843   -15407253.638     7841232.640    21882842.119    21.260
C25    22877979.555     4051749.492    20358179.797    18622213.591    47.132
C33    21663789.911    -3390674.775    27630236.006     2094648.959    77.020
C34    24673507.117   -22712832.806    14708941.133    -6792715.754    24.141
C38    38492062.565    -6021668.984    32241611.141   -26315567.797    29.982
C39    37920544.628   -16702662.801    20024587.670    33150289.171    38.459
C40    37347078.466   -23808407.794    33700918.229    -9376650.735    48.128
C41    23227465.905     8079404.030    20391021.188    17322373.319    42.779
C42    24601035.940   -13702197.788    18806025.051   -15394793.037    24.908
C43    25395287.188    -5642405.426    18301271.521   -20302040.957    16.665
C59    37632949.016   -32328375.516    27070706.572     -226655.428    41.964
C60    36456272.956     7315880.055    41518137.268     -139510.548    61.183
2399 357060.000 13
C23    24546575.727    18770085.691    20059907.815     4868665.793    25.593
C24    24952486.564   -15464391.351     7792273.165    21860116.144    21.147
C25    22881910.244     3999493.590    20320880.835    18674180.760    47.070
C33    21668321.286    -3393330.108    27636887.975     2000502.216    76.787
C34    24665965.027   -22736101.489    14713213.960    -6704837.131    24.223
C38    38501048.779    -6004323.485    32201149.609   -26368995.231    29.881
C39    37919346.391   -16741918.250    20027858.949    33128066.814    38.469
C40    37339308.898   -23788221.758    33735475.543    -9304053.554    48.249
C41    23215752.160     8068250.598    20448868.053    17259145.546    42.948
C42    24618515.206   -13694197.640    18753628.104   -15465381.637    24.715
C43    25383998.814    -5707494.833    18325928.507   -20261482.908    16.778
C59    37633127.906   -32328304.222    27070782.933     -230900.465    41.962
C60    36456425.217     7315933.595    41518089.764     -143608.484    61.179
2399 357090.000 13
C23    24541930.630    18753610.579    20053338.210     4958280.109    25.645
C24    24963287.107   -15521561.200     7743472.183    21837028.603    21.034
C25    22885854.557     3947027.459    20283572.099    18725838.993    47.008
C33    21672944.292    -3395917.302    27643227.918     1906322.475    76.554
C34    24658445.293   -22759084.821    14717415.314    -6616847.722    24.305
C38    38510035.409    -5987154.957    32160611.339   -26422295.447    29.780
C39    37918127.667   -16781159.089    20031302.043    33105686.052    38.480
C40    37331553.914   -23767885.922    33769945.928    -9231412.319    48.369
C41    23204106.963     8057255.890    20506525.240    17195634.140    43.116
C42    24636023.844   -13686266.643    18700976.293   -15535714.743    24.521
C43    25372674.321    -5772409.353    18350655.240   -20220590.505    16.891
C59    37633307.503   -32328232.613    27070859.003     -235144.403    41.959
C60    36456576.129     7315986.905    41518041.937     -147705.736    61.176
2399 357120.000 13
C23    24537317.392    18736886.319    20046605.938     5047812.501    25.696
C24    24974060.993   -15578761.821     7694830.406    21813579.882    20.922
C25    22889808.554     3894351.677    20246254.947    18777187.435    46.946
C33    21677661.211    -3398437.693    27649255.468     1812111.289    76.320
C34    24650946.204   -22781782.846    14721543.894    -6528748.980    24.386
C38    38519024.198    -5970163.733    32119997.106   -26475468.187    29.679
C39    37916885.168   -16820384.561    20034916.883    33083146.987    38.492
C40    37323811.991   -23747400.667    33804328.733    -9158727.375    48.490
C41    23192532.103     8046419.199    20563991.380    17131840.140    43.284
C42    24653562.755   -13678406.000    18648070.539   -15605791.190    24.327
C43    25361316.784    -5837147.923    18375450.662   -20179364.422    17.005
C59    37633485.008   -32328160.689    27070934.780     -239387.219    41.957
C60    36456729.103     7316039.986    41517993.787     -151802.286    61.172
2399 357150.000 13
C23    24532738.445    18719912.398    20039712.167     5137261.490    25.747
C24    24984816.212   -15635991.844     7646348.538    21789770.371    20.810
C25    22893775.183     3841466.829    20208930.733    18828225.239    46.883
C33    21682468.711    -3400892.620    27654970.263     1717870.212    76.085
C34    24643474.107   -22804195.615    14725598.402    -6440542.360    24.468
C38    38528010.127    -5953350.145    32079307.689   -26528513.195    29.578
C39    37915625.070   -16859593.916    20038703.399    33060449.723    38.503
C40    37316085.139   -23726766.380    33838623.309    -9085999.067    48.611
C41    23181026.015     8035739.811    20621265.111    17067764.594    43.452
C42    24671136.305   -13670616.906    18594911.766   -15675609.816    24.134
C43    25349924.270    -5901709.486    18400313.708   -20137805.335    17.120
C59    37633663.970   -32328088.454    27071010.263     -243628.895    41.955
C60    36456879.799     7316092.835    41517945.314     -155898.114    61.168
2399 357180.000 13
C23    24528190.690    18702688.311    20032658.071     5226625.598    25.797
C24    24995544.699   -15693249.898     7598027.277    21765600.467    20.698
C25    22897753.934     3788373.508    20171600.811    18878951.559    46.821
C33    21687369.375    -3403283.422    27660371.955     1623600.798    75.850
C34    24636019.509   -22826323.192    14729577.541    -6352229.318    24.549
C38    38536995.479    -5936714.520    32038543.868   -26581430.215    29.478
C39    37914342.207   -16898786.400    20042661.516    33037594.366    38.515
C40    37308374.764   -23705983.447    33872829.009    -9013227.740    48.732
C41    23169592.005     8025217.005    20678345.077    17003408.550    43.619
C42    24688738.200   -13662900.557    18541500.909   -15745169.464    23.941
C43    25338500.704    -5966092.990    18425243.307   -20095913.929    17.235
C59    37633843.790   -32328015.907    27071085.452     -247869.409    41.953
C60    36457030.992     7316145.451    41517896.519     -159993.199    61.164
2399 357210.000 13
C23    24523678.035    18685213.559    20025444.830     5315903.349    25.848
C24    25006253.000   -15750534.609     7549867.309    21741070.572    20.587
C25    22901744.442     3735072.318    20134266.530    18929365.557    46.758
C33    21692360.612    -3405611.442    27665460.202     1529304.602    75.615
C34    24628591.584   -22848165.645    14733480.016    -6263811.315    24.630
C38    38545982.561    -5920257.184    31997706.423   -26634218.991    29.377
C39    37913040.121   -16937961.260    20046791.156    33014581.021    38.527
C40    37300678.383   -23685052.258    33906945.186    -8940413.738    48.853
C41    23158227.607     8014850.052    20735229.926    16938773.065    43.785
C42    24706369.600   -13655258.139    18487838.911   -15814468.980    23.747
C43    25327048.675    -6030297.392    18450238.383   -20053690.892    17.350
C59    37634023.043   -32327943.050    27071160.344     -252108.741    41.951
C60    36457182.667     7316197.832    41517847.403     -164087.523    61.160
2399 357240.000 13
C23    24519195.537    18667487.655    20018073.623     5405093.267    25.898
C24    25016937.165   -15807844.598     7501869.317    21716181.095    20.476
C25    22905745.056     3681563.868    20096929.238    18979466.400    46.696
C33    21697444.794    -3407878.025    27670234.672     1434983.179    75.379
C34    24621185.640   -22869723.056    14737304.531    -6175289.810    24.711
C38    38554970.255    -5903978.457    31956796.137   -26686879.268    29.277
C39    37911717.687   -16977117.745    20051092.238    32991409.792    38.539
C40    37292996.733   -23663973.208    33940971.195    -8867557.407    48.975
C41    23146935.548     8004638.213    20791918.312    16873859.198    43.951
C42    24724032.775   -13647690.835    18433926.723   -15883507.215    23.554
C43    25315560.800    -6094321.655    18475297.856   -20011136.918    17.466
C59    37634201.441   -32327869.885    27071234.938     -256346.871    41.948
C60    36457335.112     7316249.977    41517797.967     -168181.065    61.157
2399 357270.000 13
C23    24514745.430    18649510.116    20010545.639     5494193.880    25.947
C24    25027595.188   -15865178.484     7454033.971    21690932.451    20.365
C25    22909755.656     3627848.777    20059590.280    19029253.260    46.633
C33    21702619.672    -3410084.518    27674695.044     1340638.086    75.143
C34    24613807.581   -22890995.512    14741049.794    -6086666.264    24.792
C38    38563956.231    -5887878.656    31915813.792   -26739410.793    29.176
C39    37910371.925   -17016255.103    20055564.678    32968080.789    38.552
C40    37285330.477   -23642746.691    33974906.395    -8794659.093    49.096
C41    23135713.306     7994580.745    20848408.895    16808668.013    44.117
C42    24741724.612   -13640199.824    18379765.304   -15952283.024    23.361
C43    25304041.634    -6158164.749    18500420.640   -19968252.708    17.582
C59    37634382.165   -32327796.414    27071309.234     -260583.779    41.946
C60    36457486.517     7316301.885    41517748.211     -172273.807    61.153
2399 357300.000 13
C23    24510327.576    18631280.471    20002862.065     5583203.713    25.997
C24    25038231.850   -15922534.881     7406361.938    21665325.059    20.255
C25    22913777.688     3573927.673    20022250.998    19078725.312    46.570
C33    21707886.764    -3412232.270    27678841.006     1246270.878    74.907
C34    24606449.010   -22911983.111    14744714.513    -5997942.143    24.872
C38    38572941.142    -5871958.097    31874760.175   -26791813.312    29.076
C39    37909007.008   -17055372.582    20060208.388    32944594.118    38.565
C40    37277679.231   -23621373.107    34008750.145    -8721719.140    49.217
C41    23124562.992     7984676.895    20904700.339    16743200.579    44.282
C42    24759444.168   -13632786.277    18325355.621   -16020795.267    23.168
C43    25292490.316    -6221825.651    18525605.642   -19925038.966    17.699
C59    37634558.186   -32327722.637    27071383.230     -264819.445    41.944
C60    36457638.326     7316353.554    41517698.136     -176365.728    61.149
2399 357330.000 13
C23    24505939.990    18612798.254    19995024.096     5672121.297    26.046
C24    25048846.180   -15979912.403     7358853.873    21639359.348    20.146
C25    22917808.066     3519801.191    19984912.732    19127881.740    46.507
C33    21713243.189    -3414322.632    27682672.255     1151883.111    74.670
C34    24599118.693   -22932685.959    14748297.396    -5909118.911    24.952
C38    38581924.966    -5856217.089    31833636.072   -26844086.571    28.976
C39    37907620.822   -17094469.431    20065023.277    32920949.888    38.578
C40    37270043.337   -23599852.858    34042501.805    -8648737.895    49.339
C41    23113485.255     7974925.903    20960791.316    16677457.968    44.446
C42    24777194.555   -13625451.363    18270698.650   -16089042.809    22.976
C43    25280908.609    -6285303.344    18550851.768   -19881496.404    17.816
C59    37634739.132   -32327648.556    27071456.924     -269053.847    41.942
C60    36457789.913     7316404.983    41517647.743     -180456.810    61.145
2399 357360.000 13
C23    24501583.740    18594063.008    19987032.930     5760945.162    26.094
C24    25059436.092   -16037309.658     7311510.426    21613035.748    20.036
C25    22921849.726     3465469.974    19947576.818    19176721.730    46.444
C33    21718692.863    -3416356.958    27686188.498     1057476.343    74.433
C34    24591815.611   -22953104.173    14751797.155    -5820198.036    25.033
C38    38590909.009    -5840655.939    31792442.270   -26896230.320    28.877
C39    37906213.440   -17133544.900    20070009.251    32897148.207    38.591
C40    37262422.951   -23578186.347    34076160.737    -8575715.704    49.460
C41    23102478.817     7965327.000    21016680.502    16611441.260    44.610
C42    24794970.171   -13618196.243    18215795.372   -16157024.516    22.783
C43    25269290.962    -6348596.819    18576157.914   -19837625.737    17.934
C59    37634918.374   -32327574.173    27071530.317     -273286.967    41.940
C60    36457940.802     7316456.170    41517597.033     -184547.031    61.141
2399 357390.000 13
C23    24497261.612    18575074.287    19978889.768     5849673.841    26.143
C24    25070002.222   -16094725.253     7264332.236    21586354.699    19.927
C25    22925899.892     3410934.675    19910244.590    19225244.476    46.381
C33    21724232.199    -3418336.603    27689389.452      963052.131    74.195
C34    24584536.897   -22973237.876    14755212.502    -5731180.986    25.112
C38    38599894.740    -5825274.953    31751179.558   -26948244.305    28.777
C39    37904785.799   -17172598.238    20075166.212    32873189.187    38.605
C40    37254818.923   -23556373.983    34109726.307    -8502652.913    49.582
C41    23091545.974     7955879.412    21072366.578    16545151.535    44.773
C42    24812776.583   -13611022.074    18160646.780   -16224739.262    22.590
C43    25257646.677    -6411705.074    18601522.974   -19793427.688    18.052
C59    37635096.890   -32327499.490    27071603.406     -277518.783    41.938
C60    36458093.929     7316507.113    41517546.006     -188636.374    61.138
2399 357420.000 13
C23    24492966.068    18555831.649    19970595.814     5938305.867    26.191
C24    25080547.235   -16152157.790     7217319.937    21559316.644    19.819
C25    22929959.215     3356195.954    19872917.378    19273449.174    46.318
C33    21729862.526    -3420262.923    27692274.843      868612.032    73.957
C34    24577284.909   -22993087.203    14758542.151    -5642069.233    25.192
C38    38608874.571    -5810074.429    31709848.727   -27000128.277    28.677
C39    37903337.452   -17211628.696    20080494.060    32849072.937    38.619
C40    37247230.878   -23534416.174    34143197.881    -8429549.869    49.703
C41    23080684.885     7946582.355    21127848.232    16478589.882    44.936
C42    24830609.042   -13603930.010    18105253.873   -16292185.923    22.398
C43    25245967.878    -6474627.113    18626945.836   -19748902.983    18.170
C59    37635277.035   -32327424.507    27071676.191     -281749.275    41.935
C60    36458245.511     7316557.813    41517494.663     -192724.818    61.134
2399 357450.000 13
C23    24488705.398    18536334.663    19962152.278     6026839.776    26.238
C24    25091063.584   -16209605.870     7170474.152    21531922.034    19.710
C25    22934028.270     3301254.479    19835596.511    19321335.029    46.255
C33    21735583.440    -3422137.276    27694844.406      774157.603    73.719
C34    24570059.050   -23012652.296    14761784.818    -5552864.247    25.272
C38    38617856.118    -5795054.665    31668450.570   -27051881.984    28.578
C39    37901869.017   -17250635.524    20085992.690    32824799.569    38.633
C40    37239657.245   -23512313.333    34176574.826    -8356406.917    49.825
C41    23069898.698     7937435.041    21183124.158    16411757.390    45.098
C42    24848467.644   -13596921.195    18049617.657   -16359363.381    22.206
C43    25234264.767    -6537361.948    18652425.383   -19704052.354    18.289
C59    37635455.045   -32327349.226    27071748.670     -285978.424    41.933
C60    36458396.954     7316608.266    41517443.005     -196812.343    61.130
2399 357480.000 13
C23    24484474.333    18516582.905    19953560.372     6115274.106    26.286
C24    25101560.026   -16267068.090     7123795.499    21504171.325    19.602
C25    22938105.626     3246110.926    19798283.314    19368901.248    46.192
C33    21741393.987    -3423961.025    27697097.888      679690.403    73.481
C34    24562860.465   -23031933.306    14764939.219    -5463567.503    25.351
C38    38626836.749    -5780215.954    31626985.878   -27103505.177    28.479
C39    37900379.585   -17289617.974    20091661.995    32800369.196    38.648
C40    37232100.185   -23490065.877    34209856.512    -8283224.405    49.947
C41    23059186.906     7928436.669    21238193.055    16344655.156    45.260
C42    24866356.223   -13589996.771    17993739.149   -16426270.522    22.014
C43    25222523.200    -6599908.597    18677960.493   -19658876.540    18.409
C59    37635633.609   -32327273.649    27071820.842     -290206.209    41.931
C60    36458549.050     7316658.471    41517391.032     -200898.931    61.126
2399 357510.000 13
C23    24480273.700    18496575.961    19944821.312     6203607.393    26.333
C24    25112030.915   -16324543.044     7077284.585    21476064.978    19.495
C25    22942190.489     3190765.981    19760979.108    19416147.045    46.129
C33    21747295.981    -3425735.529    27699035.044      585211.990    73.242
C34    24555691.997   -23050930.394    14768004.074    -5374180.475    25.430
C38    38635814.565    -5765558.586    31585455.446   -27154997.607    28.380
C39    37898870.013   -17328575.296    20097501.865    32775781.930    38.662
C40    37224560.538   -23467674.223    34243042.311    -8210002.679    50.069
C41    23048547.382     7919586.437    21293053.628    16277284.280    45.421
C42    24884267.055   -13583157.874    17937619.370   -16492906.236    21.822
C43    25210760.643    -6662266.086    18703550.039   -19613376.283    18.529
C59    37635812.984   -32327197.777    27071892.706     -294432.609    41.929
C60    36458701.016     7316708.428    41517338.746     -204984.561    61.123
2399 357540.000 13
C23    24476104.374    18476313.423    19935936.318     6291838.180    26.380
C24    25122477.096   -16382029.325     7030942.010    21447603.462    19.388
C25    22946284.692     3135220.337    19723685.212    19463071.640    46.065
C33    21753287.341    -3427462.154    27700655.638      490723.922    73.004
C34    24548550.399   -23069643.729    14770978.103    -5284704.640    25.509
C38    38644791.135    -5751082.848    31543860.071   -27206359.026    28.281
C39    37897338.773   -17367506.744    20103512.185    32751037.885    38.677
C40    37217037.037   -23445138.792    34276131.596    -8136742.088    50.190
C41    23037983.312     7910883.530    21347704.588    16209645.867    45.581
C42    24902205.255   -13576405.633    17881259.351   -16559269.417    21.630
C43    25198969.881    -6724433.448    18729192.889   -19567552.333    18.649
C59    37635991.385   -32327121.612    27071964.261     -298657.604    41.927
C60    36458854.838     7316758.135    41517286.147     -209069.214    61.119
2399 357570.000 13
C23    24471961.967    18455794.893    19926906.612     6379965.008    26.426
C24    25132899.257   -16439525.522     6984768.366    21418787.249    19.281
C25    22950386.423     3079474.693    19686402.943    19509674.256    46.002
C33    21759368.589    -3429142.265    27701959.445      396227.757    72.765
C34    24541435.108   -23088073.489    14773860.029    -5195141.477    25.587
C38    38653763.922    -5736789.022    31502200.548   -27257589.185    28.182
C39    37895789.749   -17406411.569    20109692.838    32726137.175    38.693
C40    37209528.551   -23422460.007    34309123.743    -8063442.977    50.312
C41    23027493.474     7902327.130    21402144.653    16141741.025    45.741
C42    24920168.659   -13569741.173    17824660.131   -16625358.965    21.438
C43    25187145.872    -6786409.724    18754887.907   -19521405.443    18.770
C59    37636171.267   -32327045.156    27072035.506     -302881.175    41.924
C60    36459005.897     7316807.590    41517233.236     -213152.871    61.115
2399 357600.000 13
C23    24467851.948    18435019.981    19917733.421     6467986.421    26.472
C24    25143295.886   -16497030.220     6938764.238    21389616.820    19.175
C25    22954495.375     3023529.761    19649133.611    19555954.123    45.939
C33    21765539.546    -3430777.228    27702946.248      301725.054    72.525
C34    24534352.437   -23106219.862    14776648.577    -5105492.465    25.666
C38    38662734.613    -5722677.388    31460477.676   -27308687.837    28.083
C39    37894217.779   -17445289.025    20116043.704    32701079.917    38.708
C40    37202037.276   -23399638.295    34342018.128    -7990105.694    50.434
C41    23017078.418     7893916.409    21456372.545    16073570.868    45.900
C42    24938154.790   -13563165.614    17767822.756   -16691173.783    21.247
C43    25175294.968    -6848193.960    18780633.951   -19474936.371    18.891
C59    37636349.388   -32326968.409    27072106.440     -307103.301    41.922
C60    36459159.058     7316856.792    41517180.013     -217235.511    61.111
2399 357630.000 13
C23    24463770.967    18413988.305    19908417.974     6555900.964    26.518
C24    25153670.565   -16554542.003     6892930.200    21360092.661    19.069
C25    22958611.487     2967386.255    19611878.526    19601910.477    45.876
C33    21771800.205    -3432368.412    27703615.843      207217.373    72.286
C34    24527296.578   -23124083.044    14779342.472    -5015759.084    25.744
C38    38671706.557    -5708748.222    31418692.254   -27359654.737    27.985
C39    37892625.379   -17484138.365    20122564.659    32675866.225    38.724
C40    37194562.171   -23376674.085    34374814.131    -7916730.588    50.557
C41    23006739.168     7885650.532    21510386.993    16005136.513    46.059
C42    24956168.817   -13556680.068    17710748.279   -16756712.779    21.055
C43    25163416.482    -6909785.211    18806429.875   -19428145.884    19.013
C59    37636528.753   -32326891.373    27072177.061     -311323.961    41.920
C60    36459311.198     7316905.739    41517126.480     -221317.116    61.107
2399 357660.000 13
C23    24459719.640    18392699.492    19898961.505     6643707.185    26.564
C24    25164019.819   -16612059.453     6847266.821    21330215.261    18.963
C25    22962734.647     2911044.903    19574638.994    19647542.558    45.812
C33    21778149.480    -3433917.187    27703968.032      112706.271    72.047
C34    24520272.035   -23141663.239    14781940.443    -4925942.818    25.821
C38    38680672.384    -5695001.796    31376845.083   -27410489.637    27.886
C39    37891013.385   -17522958.843    20129255.577    32650496.217    38.740
C40    37187104.412   -23353567.809    34407511.132    -7843318.005    50.679
C41    22996474.898     7877528.657    21564186.733    15936439.083    46.217
C42    24974203.937   -13550285.644    17653437.763   -16821974.866    20.864
C43    25151509.616    -6971182.540    18832274.527   -19381034.751    19.135
C59    37636707.333   -32326814.050    27072247.368     -315543.136    41.918
C60    36459463.197     7316954.430    41517072.638     -225397.665    61.104
2399 357690.000 13
C23    24455697.779    18371153.176    19889365.250     6731403.633    26.609
C24    25174345.363   -16669581.149     6801774.658    21299985.119    18.858
C25    22966865.068     2854506.437    19537416.318    19692849.611    45.749
C33    21784587.908    -3435424.922    27704002.628       18193.307    71.807
C34    24513279.391   -23158960.662    14784441.221    -4836045.150    25.899
C38    38689639.717    -5681438.379    31334936.965   -27461192.293    27.788
C39    37889381.354   -17561749.715    20136116.326    32624970.009    38.756
C40    37179662.745   -23330319.901    34440108.514    -7769868.294    50.801
C41    22986287.981     7869549.937    21617770.506    15867479.704    46.374
C42    24992265.322   -13543983.443    17595892.277   -16886958.962    20.673
C43    25139573.946    -7032385.014    18858166.754   -19333603.746    19.257
C59    37636886.119   -32326736.442    27072317.361     -319760.806    41.916
C60    36459614.715     7317002.864    41517018.486     -229477.140    61.100
2399 357720.000 13
C23    24451703.529    18349349.002    19879630.449     6818988.858    26.654
C24    25184643.170   -16727105.665     6756454.263    21269402.737    18.753
C25    22971001.347     2797771.598    19500211.796    19737830.887    45.686
C33    21791114.887    -3436892.992    27703719.456      -76319.959    71.567
C34    24506314.459   -23175975.535    14786843.538    -4746067.565    25.976
C38    38698602.810    -5668058.237    31292968.702   -27511762.460    27.690
C39    37887729.850   -17600510.234    20143146.773    32599287.722    38.773
C40    37172238.976   -23306930.798    34472605.661    -7696381.803    50.923
C41    22976176.363     7861713.514    21671137.059    15798259.506    46.530
C42    25010346.494   -13537774.561    17538112.897   -16951663.988    20.482
C43    25127609.997    -7093391.711    18884105.393   -19285853.650    19.380
C59    37637066.049   -32326658.550    27072387.039     -323976.949    41.914
C60    36459768.285     7317051.040    41516964.026     -233555.521    61.096
2399 357750.000 13
C23    24447736.468    18327286.622    19869758.345     6906461.414    26.699
C24    25194920.370   -16784631.578     6711306.179    21238468.624    18.648
C25    22975145.131     2740841.135    19463026.723    19782485.644    45.622
C33    21797730.889    -3438322.768    27703118.346     -170831.970    71.327
C34    24499383.034   -23192708.090    14789146.128    -4656011.549    26.053
C38    38707563.711    -5654861.631    31250941.099   -27562199.894    27.592
C39    37886055.753   -17639239.658    20150346.782    32573449.472    38.790
C40    37164830.866   -23283400.940    34505001.961    -7622858.880    51.046
C41    22966141.406     7854018.525    21724285.148    15728779.625    46.686
C42    25028451.768   -13531660.089    17480100.708   -17016088.870    20.291
C43    25115616.733    -7154201.715    18910089.281   -19237785.250    19.504
C59    37637245.083   -32326580.375    27072456.399     -328191.547    41.911
C60    36459920.983     7317098.955    41516909.260     -237632.787    61.092
2399 357780.000 13
C23    24443800.270    18304965.696    19859750.183     6993819.855    26.743
C24    25205169.579   -16842157.456     6666330.940    21207183.294    18.544
C25    22979293.808     2683715.807    19425862.393    19826813.143    45.559
C33    21804435.124    -3439715.626    27702199.142     -265341.165    71.087
C34    24492482.369   -23209158.567    14791347.728    -4565878.592    26.130
C38    38716519.543    -5641848.821    31208854.960   -27612504.351    27.494
C39    37884362.952   -17677937.242    20157716.212    32547455.381    38.807
C40    37157440.586   -23259730.769    34537296.801    -7549299.873    51.168
C41    22956184.041     7846464.100    21777213.530    15659041.200    46.841
C42    25046577.373   -13525641.111    17421856.802   -17080232.540    20.101
C43    25103600.294    -7214814.116    18936117.248   -19189399.336    19.627
C59    37637423.291   -32326501.919    27072525.441     -332404.578    41.909
C60    36460072.339     7317146.609    41516854.186     -241708.921    61.089
2399 357810.000 13
C23    24439891.645    18282385.892    19849607.212     7081062.737    26.787
C24    25215396.831   -16899681.871     6621529.072    21175547.268    18.440
C25    22983447.862     2626396.377    19388720.093    19870812.652    45.495
C33    21811227.868    -3441072.942    27700961.697     -359845.986    70.847
C34    24485616.059   -23225327.217    14793447.078    -4475670.181    26.206
C38    38725474.093    -5629020.059    31166711.093   -27662675.590    27.397
C39    37882650.910   -17716602.244    20165254.921    32521305.568    38.824
C40    37150067.461   -23235920.731    34569489.572    -7475705.132    51.291
C41    22946303.473     7839049.362    21829920.974    15589045.374    46.996
C42    25064728.644   -13519718.707    17363382.278   -17144093.932    19.910
C43    25091558.689    -7275228.013    18962188.121   -19140696.704    19.752
C59    37637602.011   -32326423.184    27072594.165     -336616.023    41.907
C60    36460224.903     7317194.000    41516798.808     -245783.901    61.085
2399 357840.000 13
C23    24436010.540    18259546.889    19839330.685     7168188.619    26.831
C24    25225600.067   -16957203.389     6576901.093    21143561.073    18.337
C25    22987608.214     2568883.619    19351601.108    19914483.443    45.432
C33    21818108.800    -3442396.092    27699405.871     -454344.874    70.607
C34    24478778.617   -23241214.296    14795442.919    -4385387.807    26.283
C38    38734426.974    -5616375.599    31124510.305   -27712713.368    27.299
C39    37880917.367   -17755233.920    20172962.761    32495000.156    38.842
C40    37142711.959   -23211971.273    34601579.667    -7402075.004    51.413
C41    22936500.525     7831773.426    21882406.251    15518793.295    47.149
C42    25082900.947   -13513893.947    17304678.242   -17207671.987    19.720
C43    25079492.570    -7335442.513    18988300.720   -19091678.156    19.876
C59    37637779.699   -32326344.171    27072662.568     -340825.862    41.905
C60    36460378.447     7317241.127    41516743.124     -249857.709    61.081
2399 357870.000 13
C23    24432155.586    18236448.373    19828921.855     7255196.061    26.875
C24    25235776.570   -17014720.574     6532447.511    21111225.239    18.234
C25    22991773.789     2511178.315    19314506.719    19957824.795    45.369
C33    21825076.031    -3443686.454    27697531.536     -548836.272    70.367
C34    24471973.809   -23256820.072    14797333.995    -4295032.961    26.358
C38    38743376.756    -5603915.687    31082253.403   -27762617.443    27.202
C39    37879162.952   -17793831.531    20180839.583    32468539.265    38.859
C40    37135374.258   -23187882.845    34633566.479    -7328409.840    51.536
C41    22926776.582     7824635.402    21934668.142    15448286.115    47.302
C42    25101093.783   -13508167.900    17245745.810   -17270965.651    19.530
C43    25067397.584    -7395456.729    19014453.864   -19042344.498    20.001
C59    37637959.067   -32326264.882    27072730.650     -345034.074    41.903
C60    36460531.214     7317287.988    41516687.137     -253930.325    61.077
2399 357900.000 13
C23    24428330.424    18213090.037    19818381.983     7342083.625    26.918
C24    25245927.869   -17072231.989     6488168.829    21078540.305    18.131
C25    22995943.118     2453281.251    19277438.204    20000835.992    45.305
C33    21832131.965    -3444945.407    27695338.575     -643318.619    70.126
C34    24465205.486   -23272144.820    14799119.052    -4204607.137    26.434
C38    38752318.970    -5591640.569    31039941.199   -27812387.575    27.104
C39    37877390.256   -17832394.333    20188885.234    32441923.019    38.878
C40    37128053.377   -23163655.901    34665449.404    -7254709.987    51.658
C41    22917130.355     7817634.389    21986705.432    15377524.990    47.454
C42    25119305.515   -13502541.626    17186586.103   -17333973.872    19.340
C43    25055281.385    -7455269.782    19040646.365   -18992696.543    20.127
C59    37638139.764   -32326185.319    27072798.411     -349240.639    41.900
C60    36460683.813     7317334.583    41516630.847     -258001.730    61.073
2399 357930.000 13
C23    24424530.243    18189471.586    19807712.327     7428849.876    26.961
C24    25256051.132   -17129736.195     6444065.539    21045506.815    18.029
C25    23000118.158     2395193.227    19240396.837    20043516.322    45.242
C33    21839274.543    -3446174.330    27692826.877     -737790.358    69.886
C34    24458470.148   -23287188.826    14800796.839    -4114111.829    26.509
C38    38761260.006    -5579550.483    30997574.502   -27862023.524    27.007
C39    37875597.192   -17870921.588    20197099.557    32415151.541    38.896
C40    37120750.284   -23139290.896    34697227.842    -7180975.795    51.781
C41    22907562.167     7810769.484    22038516.913    15306511.081    47.606
C42    25137538.745   -13497016.179    17127200.250   -17396695.605    19.150
C43    25043138.112    -7514880.800    19066877.033   -18942735.107    20.253
C59    37638315.886   -32326105.482    27072865.848     -353445.538    41.898
C60    36460837.246     7317380.908    41516574.254     -262071.904    61.070
2399 357960.000 13
C23    24420762.335    18165592.731    19796914.151     7515493.380    27.004
C24    25266154.470   -17187231.750     6400138.125    21012125.317    17.927
C25    23004297.117     2336915.044    19203383.887    20085865.081    45.179
C33    21846504.339    -3447374.604    27689996.345     -832249.931    69.646
C34    24451766.575   -23301952.382    14802366.106    -4023548.531    26.584
C38    38770199.197    -5567645.669    30955154.125   -27911525.050    26.910
C39    37873783.625   -17909412.555    20205482.393    32388224.956    38.915
C40    37113465.712   -23114788.289    34728901.191    -7107207.614    51.904
C41    22898073.299     7804039.775    22090101.384    15235245.552    47.757
C42    25155790.420   -13491592.608    17067589.386   -17459129.808    18.960
C43    25030969.942    -7574288.921    19093144.671   -18892461.013    20.379
C59    37638496.799   -32326025.373    27072932.960     -357648.749    41.896
C60    36460988.971     7317426.965    41516517.361     -266140.828    61.066
2399 357990.000 13
C23    24417016.965    18141453.193    19785988.722     7602012.705    27.046
C24    25276230.735   -17244717.211     6356387.063    20978396.366    17.825
C25    23008480.896     2278447.517    19166400.620    20127881.569    45.115
C33    21853821.467    -3448547.610    27686846.888     -926695.780    69.405
C34    24445099.904   -23316435.790    14803825.608    -3932918.741    26.659
C38    38779131.658    -5555926.358    30912680.880   -27960891.915    26.814
C39    37871950.389   -17947866.496    20214033.580    32361143.389    38.933
C40    37106197.576   -23090148.540    34760468.855    -7033405.793    52.027
C41    22888663.674     7797444.341    22141457.650    15163729.571    47.907
C42    25174062.371   -13486271.954    17007754.656   -17521275.446    18.771
C43    25018776.389    -7633493.287    19119448.080   -18841875.089    20.506
C59    37638673.447   -32325944.995    27072999.748     -361850.253    41.894
C60    36461142.207     7317472.750    41516460.166     -270208.482    61.062
2399 358020.000 13
C23    24413299.330    18117052.699    19774937.310     7688406.421    27.088
C24    25286281.432   -17302191.132     6312812.821    20944320.524    17.724
C25    23012669.200     2219791.465    19129448.298    20169565.091    45.052
C33    21861224.486    -3449694.729    27683378.428    -1021126.346    69.165
C34    24438466.351   -23330639.362    14805174.102    -3842223.955    26.733
C38    38788061.776    -5544392.782    30870155.581   -28010123.880    26.717
C39    37870099.327   -17986282.671    20222752.950    32333906.964    38.953
C40    37098947.838   -23065372.113    34791930.237    -6959570.682    52.150
C41    22879333.411     7790982.259    22192584.524    15091964.313    48.056
C42    25192353.704   -13481055.255    16947697.211   -17583131.487    18.581
C43    25006560.033    -7692493.051    19145786.056   -18790978.166    20.633
C59    37638853.065   -32325864.349    27073066.209     -366050.030    41.892
C60    36461294.887     7317518.263    41516402.673     -274274.846    61.058
2399 358050.000 13
C23    24409608.364    18092390.989    19763761.184     7774673.101    27.130
C24    25296307.928   -17359652.066     6269415.857    20909898.357    17.623
C25    23016859.670     2160947.715    19092528.180    20210914.959    44.989
C33    21868713.703    -3450817.345    27679590.894    -1115540.073    68.924
C34    24431868.405   -23344563.416    14806410.346    -3751465.671    26.807
C38    38796984.858    -5533045.167    30827579.043   -28059220.708    26.621
C39    37868224.993   -18024660.344    20231640.336    32306515.810    38.972
C40    37091717.706   -23040459.473    34823284.744    -6885702.631    52.273
C41    22870081.375     7784652.594    22243480.824    15019950.952    48.204
C42    25210663.207   -13475943.539    16887418.207   -17644696.903    18.392
C43    24994319.242    -7751287.370    19172157.391   -18739771.083    20.761
C59    37639032.011   -32325783.435    27073132.343     -370248.059    41.889
C60    36461447.983     7317563.502    41516344.881     -278339.902    61.055
2399 358080.000 13
C23    24405942.991    18067467.807    19752461.620     7860811.320    27.172
C24    25306309.542   -17417098.563     6226196.623    20875130.437    17.522
C25    23021053.432     2101917.103    19055641.520    20251930.489    44.926
C33    21876289.628    -3451916.839    27675484.226    -1209935.402    68.683
C34    24425308.742   -23358208.282    14807533.102    -3660645.391    26.881
C38    38805908.392    -5521883.734    30784952.082   -28108182.162    26.524
C39    37866332.103   -18062998.777    20240695.565    32278970.053    38.992
C40    37084504.477   -23015411.090    34854531.784    -6811801.989    52.396
C41    22860910.333     7778454.409    22294145.376    14947690.671    48.351
C42    25228988.797   -13470937.830    16826918.811   -17705970.674    18.203
C43    24982058.471    -7809875.413    19198560.873   -18688254.683    20.889
C59    37639212.015   -32325702.257    27073198.148     -374444.321    41.887
C60    36461600.368     7317608.466    41516286.791     -282403.630    61.051
2399 358110.000 13
C23    24402304.257    18042282.910    19741039.895     7946819.654    27.213
C24    25316285.699   -17474529.174     6183155.561    20840017.341    17.422
C25    23025251.098     2042700.472    19018789.567    20292611.005    44.862
C33    21883950.786    -3452994.596    27671058.375    -1304310.778    68.443
C34    24418782.682   -23371574.295    14808541.135    -3569764.614    26.954
C38    38814826.790    -5510908.704    30742275.514   -28157008.006    26.428
C39    37864419.239   -18101297.235    20249918.460    32251269.820    39.012
C40    37077308.070   -22990227.435    34885670.767    -6737869.107    52.519
C41    22851820.437     7772386.757    22344577.013    14875184.655    48.498
C42    25247332.330   -13466039.146    16766200.193   -17766951.781    18.014
C43    24969774.729    -7868256.354    19224995.286   -18636429.814    21.018
C59    37639389.077   -32325620.815    27073263.624     -378638.796    41.885
C60    36461753.829     7317653.154    41516228.404     -286466.009    61.047
2399 358140.000 13
C23    24398689.983    18016836.060    19729497.287     8032696.681    27.254
C24    25326237.104   -17531942.444     6140293.104    20804559.655    17.322
C25    23029452.882     1983298.672    18981973.568    20332955.833    44.799
C33    21891697.210    -3454052.000    27666313.299    -1398664.644    68.202
C34    24412294.922   -23384661.802    14809433.212    -3478824.841    27.027
C38    38823738.823    -5500120.293    30699550.158   -28205698.005    26.332
C39    37862486.707   -18139554.982    20259308.843    32223415.242    39.032
C40    37070133.144   -22964908.980    34916701.106    -6663904.335    52.642
C41    22842810.292     7766448.686    22394774.572    14802434.091    48.644
C42    25265694.234   -13461248.496    16705263.534   -17827639.213    17.826
C43    24957465.692    -7926429.375    19251459.409   -18584297.329    21.147
C59    37639567.103   -32325539.111    27073328.770     -382831.463    41.883
C60    36461906.446     7317697.564    41516169.721     -290527.022    61.043
2399 358170.000 13
C23    24395102.182    17991127.030    19717835.079     8118440.983    27.295
C24    25336161.671   -17589336.921     6097609.678    20768757.966    17.222
C25    23033655.372     1923712.563    18945194.764    20372964.307    44.736
C33    21899529.050    -3455090.434    27661248.969    -1492995.442    67.962
C34    24405843.043   -23397471.157    14810208.104    -3387827.576    27.100
C38    38832648.852    -5489518.712    30656776.832   -28254251.923    26.237
C39    37860536.291   -18177771.284    20268866.532    32195406.447    39.052
C40    37062975.385   -22939456.204    34947622.215    -6589908.023    52.765
C41    22833880.260     7760639.236    22444736.901    14729440.175    48.789
C42    25284072.855   -13456566.885    16644110.020   -17888031.961    17.637
C43    24945136.601    -7984393.666    19277952.020   -18531858.085    21.276
C59    37639745.976   -32325457.147    27073393.585     -387022.302    41.881
C60    36462059.724     7317741.694    41516110.744     -294586.648    61.039
2399 358200.000 13
C23    24391537.803    17965155.600    19706054.555     8204051.143    27.335
C24    25346060.018   -17646711.149     6055105.700    20732612.870    17.123
C25    23037842.801     1863943.009    18908454.394    20412635.767    44.673
C33    21907446.342    -3456111.284    27655865.364    -1587301.618    67.721
C34    24399428.898   -23410002.723    14810864.584    -3296774.323    27.172
C38    38841550.619    -5479104.170    30613956.355   -28302669.527    26.141
C39    37858564.625   -18215945.407    20278591.342    32167243.565    39.073
C40    37055835.902   -22913869.583    34978433.510    -6515880.523    52.888
C41    22825031.255     7754957.443    22494462.851    14656204.103    48.933
C42    25302466.592   -13451995.312    16582740.843   -17948129.022    17.449
C43    24932784.761    -8042148.424    19304471.889   -18479112.947    21.406
C59    37639925.340   -32325374.924    27073458.067     -391211.293    41.879
C60    36462213.307     7317785.545    41516051.472     -298644.868    61.036
2399 358230.000 13
C23    24387999.924    17938921.629    19694156.946     8289525.641    27.375
C24    25355935.743   -17704063.710     6012781.597    20696124.984    17.024
C25    23042050.107     1803990.923    18871753.665    20451969.523    44.610
C33    21915447.350    -3457116.007    27650162.457    -1681581.734    67.481
C34    24393052.841   -23422256.825    14811401.448    -3205666.617    27.244
C38    38850446.978    -5468876.723    30571089.806   -28350950.535    26.046
C39    37856571.683   -18254076.683    20288483.006    32138926.692    39.094
C40    37048714.856   -22888149.483    35009134.547    -6441822.424    53.011
C41    22816264.316     7749402.268    22543951.352    14582726.988    49.076
C42    25320877.120   -13447534.725    16521157.259   -18007929.374    17.261
C43    24920410.246    -8099692.682    19331017.835   -18426062.888    21.536
C59    37640103.007   -32325292.350    27073522.381     -395398.357    41.876
C60    36462365.244     7317829.281    41515991.988     -302701.713    61.032
2399 358260.000 13
C23    24384487.800    17912424.779    19682143.650     8374863.274    27.415
C24    25365781.004   -17761393.064     5970637.731    20659294.881    16.926
C25    23046260.567     1743857.108    18835093.855    20490964.992    44.547
C33    21923533.647    -3458105.842    27644140.278    -1775833.997    67.240
C34    24386714.942   -23434233.936    14811817.437    -3114505.899    27.316
C38    38859339.562    -5458836.865    30528177.495   -28399094.807    25.950
C39    37854562.494   -18292164.249    20298541.488    32110456.031    39.115
C40    37041614.036   -22862296.618    35039724.475    -6367733.603    53.135
C41    22807579.489     7743972.865    22593201.134    14509010.211    49.219
C42    25339302.561   -13443186.191    16459360.363   -18067432.074    17.073
C43    24908015.383    -8157026.000    19357588.523   -18372708.571    21.666
C59    37640282.078   -32325209.614    27073586.196     -399583.592    41.874
C60    36462518.920     7317872.568    41515932.131     -306757.063    61.028
2399 358290.000 13
C23    24380999.675    17885664.923    19670015.905     8460062.529    27.455
C24    25375604.591   -17818697.791     5928674.512    20622123.191    16.828
C25    23050472.960     1683542.492    18798476.165    20529621.497    44.484
C33    21931703.752    -3459082.248    27637798.819    -1870056.972    67.000
C34    24380415.076   -23445934.399    14812111.351    -3023293.709    27.387
C38    38868229.032    -5448984.651    30485220.498   -28447102.066    25.855
C39    37852532.367   -18330207.440    20308766.515    32081831.680    39.137
C40    37034531.542   -22836311.362    35070202.852    -6293614.646    53.258
C41    22798977.004     7738668.183    22642211.138    14435054.893    49.360
C42    25357744.608   -13438950.649    16397351.425   -18126636.109    16.886
C43    24895600.636    -8214147.427    19384182.765   -18319050.979    21.797
C59    37640459.592   -32325126.624    27073649.676     -403766.919    41.872
C60    36462672.211     7317915.569    41515871.982     -310810.948    61.024
2399 358320.000 13
C23    24377534.665    17858641.879    19657775.002     8545121.996    27.495
C24    25385399.534   -17875976.431     5886892.323    20584610.530    16.730
C25    23054686.004     1623047.970    18761901.816    20567938.399    44.422
C33    21939958.395    -3460046.610    27631138.099    -1964249.105    66.759
C34    24374154.447   -23457358.610    14812281.978    -2932031.554    27.458
C38    38877111.732    -5439320.273    30442219.638   -28494972.081    25.760
C39    37850484.366   -18368205.525    20319157.890    32053053.770    39.158
C40    37027468.140   -22810194.202    35100569.101    -6219465.903    53.381
C41    22790454.492     7733487.231    22690980.245    14360862.247    49.500
C42    25376199.968   -13434829.068    16335131.665   -18185540.495    16.698
C43    24883166.919    -8271056.191    19410799.317   -18265090.997    21.929
C59    37640638.883   -32325043.382    27073712.820     -407948.318    41.870
C60    36462825.382     7317958.285    41515811.544     -314863.350    61.021
2399 358350.000 13
C23    24374092.811    17831355.472    19645422.238     8630040.270    27.534
C24    25395171.242   -17933227.519     5845291.538    20546757.522    16.633
C25    23058898.860     1562374.447    18725372.022    20605915.066    44.359
C33    21948296.947    -3461000.314    27624158.146    -2058408.843    66.519
C34    24367936.234   -23468506.975    14812328.106    -2840720.943    27.528
C38    38885988.655    -5429843.923    30399175.738   -28542704.620    25.665
C39    37848416.078   -18406157.774    20329715.410    32024122.436    39.180
C40    37020425.094   -22783945.632    35130822.652    -6145287.726    53.505
C41    22782016.512     7728429.011    22739507.344    14286433.490    49.640
C42    25394672.691   -13430822.414    16272702.312   -18244144.255    16.511
C43    24870712.645    -8327751.530    19437436.932   -18210829.511    22.061
C59    37640818.997   -32324959.890    27073775.627     -412127.770    41.868
C60    36462978.394     7318000.714    41515750.816     -318914.248    61.017
2399 358380.000 13
C23    24370676.705    17803805.533    19632958.909     8714815.949    27.573
C24    25404914.934   -17990449.592     5803872.523    20508564.797    16.535
C25    23063114.093     1501522.832    18688887.997    20643550.870    44.296
C33    21956717.664    -3461944.746    27616858.999    -2152534.632    66.278
C34    24361755.266   -23479379.909    14812248.527    -2749363.383    27.598
C38    38894857.772    -5420555.787    30356089.625   -28590299.454    25.571
C39    37846326.970   -18444063.460    20340438.872    31995037.813    39.203
C40    37013399.254   -22757566.143    35160962.932    -6071080.466    53.628
C41    22773661.671     7723492.519    22787791.330    14211769.843    49.779
C42    25413154.214   -13426931.646    16210064.598   -18302446.415    16.324
C43    24858236.875    -8384232.689    19464094.360   -18156267.417    22.193
C59    37640997.000   -32324876.149    27073838.095     -416305.253    41.865
C60    36463131.684     7318042.855    41515689.799     -322963.624    61.013
2399 358410.000 13
C23    24367284.563    17775991.906    19620386.315     8799447.630    27.612
C24    25414638.459   -18047641.185     5762635.636    20470032.987    16.439
C25    23067332.314     1440494.045    18652450.946    20680845.189    44.234
C33    21965221.878    -3462881.290    27609240.705    -2246624.919    66.038
C34    24355613.401   -23489977.835    14812042.037    -2657960.384    27.668
C38    38903724.822    -5411456.049    30312962.124   -28637756.352    25.476
C39    37844220.713   -18481921.853    20351328.067    31965800.035    39.225
C40    37006393.073   -22731056.234    35190989.372    -5996844.474    53.752
C41    22765387.404     7718676.746    22835831.105    14136872.531    49.916
C42    25431652.361   -13423157.714    16147219.765   -18360446.006    16.137
C43    24845746.852    -8440498.921    19490770.349   -18101405.612    22.325
C59    37641173.807   -32324792.160    27073900.224     -420480.749    41.863
C60    36463284.713     7318084.706    41515628.495     -327011.458    61.009
2399 358440.000 13
C23    24363916.057    17747914.442    19607705.757     8883933.916    27.650
C24    25424333.949   -18104800.830     5721581.224    20431162.735    16.342
C25    23071547.108     1379289.009    18616062.071    20717797.408    44.171
C33    21973809.019    -3463811.332    27601303.322    -2340678.154    65.798
C34    24349515.955   -23500301.185    14811707.434    -2566513.458    27.737
C38    38912587.189    -5402544.887    30269794.061   -28685075.087    25.382
C39    37842094.081   -18519732.228    20362382.785    31936409.240    39.248
C40    36999407.129   -22704416.402    35220901.408    -5922580.103    53.875
C41    22757198.041     7713980.674    22883625.578    14061742.782    50.053
C42    25450162.533   -13419501.562    16084169.060   -18418142.065    15.950
C43    24833233.657    -8496549.487    19517463.641   -18046244.999    22.458
C59    37641352.778   -32324707.926    27073962.014     -424654.237    41.861
C60    36463438.965     7318126.267    41515566.905     -331057.731    61.006
2399 358470.000 13
C23    24360568.872    17719572.999    19594918.539     8968273.411    27.688
C24    25434002.852   -18161927.061     5680709.629    20391954.684    16.246
C25    23075764.316     1317908.660    18579722.571    20754406.917    44.109
C33    21982478.336    -3464736.257    27593046.916    -2434692.784    65.558
C34    24343457.162   -23510350.397    14811243.521    -2475024.115    27.806
C38    38921440.237    -5393822.479    30226586.263   -28732255.430    25.288
C39    37839948.312   -18557493.859    20373602.812    31906865.564    39.271
C40    36992440.955   -22677647.149    35250698.473    -5848287.704    53.999
C41    22749090.519     7709403.281    22931173.667    13986381.829    50.189
C42    25468682.302   -13415964.129    16020913.736   -18475533.635    15.763
C43    24820701.938    -8552383.656    19544172.976   -17990786.488    22.592
C59    37641531.998   -32324623.448    27074023.462     -428825.697    41.859
C60    36463591.124     7318167.535    41515505.029     -335102.423    61.002
2399 358500.000 13
C23    24357246.785    17690967.447    19582025.964     9052464.720    27.726
C24    25443642.200   -18219018.407     5640021.180    20352409.487    16.151
C25    23079981.353     1256353.935    18543433.638    20790673.110    44.046
C33    21991230.298    -3465657.450    27584471.565    -2528667.259    65.318
C34    24337440.150   -23520125.921    14810649.103    -2383493.868    27.874
C38    38930288.550    -5385288.997    30183339.559   -28779297.153    25.194
C39    37837784.697   -18595206.019    20384987.929    31877169.145    39.294
C40    36985493.493   -22650748.978    35280380.007    -5773967.628    54.123
C41    22741068.968     7704943.539    22978474.296    13910790.908    50.323
C42    25487217.722   -13412546.344    15957455.054   -18532619.760    15.577
C43    24808153.783    -8608000.706    19570897.089   -17935030.991    22.726
C59    37641709.270   -32324538.728    27074084.568     -432995.109    41.857
C60    36463744.704     7318208.509    41515442.869     -339145.515    60.998
2399 358530.000 13
C23    24353944.177    17662097.664    19569029.341     9136506.453    27.764
C24    25453262.174   -18276073.400     5599516.202    20312527.801    16.055
C25    23084197.720     1194625.784    18507196.461    20826595.389    43.984
C33    22000064.212    -3466576.295    27575577.356    -2622600.029    65.078
C34    24331465.899   -23529628.213    14809922.990    -2291924.228    27.942
C38    38939126.868    -5376944.608    30140054.777   -28826200.029    25.100
C39    37835599.324   -18632867.986    20396537.918    31847320.121    39.318
C40    36978565.545   -22623722.397    35309945.448    -5699620.229    54.246
C41    22733129.696     7700600.413    23025526.397    13834971.258    50.457
C42    25505763.159   -13409249.133    15893794.281   -18589399.494    15.391
C43    24795588.136    -8663399.921    19597634.714   -17878979.426    22.860
C59    37641886.962   -32324453.768    27074145.332     -437162.453    41.855
C60    36463898.394     7318249.189    41515380.425     -343186.988    60.994
2399 358560.000 13
C23    24350665.920    17632963.534    19555929.978     9220397.221    27.802
C24    25462853.601   -18333090.568     5559195.008    20272310.288    15.960
C25    23088415.117     1132725.160    18471012.223    20862173.160    43.922
C33    22008980.098    -3467494.176    27566364.386    -2716489.545    64.838
C34    24325532.355   -23538857.738    14809063.995    -2200316.709    28.010
C38    38947962.260    -5368789.479    30096732.747   -28872963.834    25.006
C39    37833397.270   -18670479.036    20408252.554    31817318.632    39.341
C40    36971659.131   -22596567.913    35339394.240    -5625245.858    54.370
C41    22725275.855     7696372.862    23072328.907    13758924.124    50.590
C42    25524319.651   -13406073.411    15829932.690   -18645871.893    15.205
C43    24783004.422    -8718580.596    19624384.580   -17822632.717    22.994
C59    37642064.648   -32324368.568    27074205.752     -441327.710    41.852
C60    36464052.270     7318289.573    41515317.699     -347226.822    60.991
2399 358590.000 13
C23    24347409.079    17603564.954    19542729.185     9304135.637    27.839
C24    25472415.876   -18390068.440     5519057.904    20231757.615    15.866
C25    23092630.395     1070653.025    18434882.103    20897405.836    43.860
C33    22017976.011    -3468412.477    27556832.761    -2810334.257    64.598
C34    24319642.799   -23547814.971    14808070.933    -2108672.826    28.077
C38    38956792.476    -5360823.771    30053374.299   -28919588.340    24.913
C39    37831175.422   -18708038.447    20420131.610    31787164.817    39.365
C40    36964772.165   -22569286.038    35368725.827    -5550844.867    54.494
C41    22717505.947     7692259.840    23118880.775    13682650.753    50.721
C42    25542890.716   -13403020.088    15765871.561   -18702036.018    15.019
C43    24770402.566    -8773542.031    19651145.414   -17765991.791    23.129
C59    37642242.569   -32324283.131    27074265.828     -445490.859    41.850
C60    36464205.382     7318329.660    41515254.691     -351264.998    60.987
2399 358620.000 13
C23    24344176.637    17573901.826    19529428.274     9387720.318    27.876
C24    25481960.261   -18447005.543     5479105.188    20190870.457    15.771
C25    23096846.052     1008410.348    18398807.274    20932292.836    43.798
C33    22027053.622    -3469332.581    27546982.597    -2904132.619    64.358
C34    24313794.574   -23556500.393    14806942.625    -2016994.092    28.144
C38    38965610.498    -5353047.642    30009980.265   -28966073.323    24.819
C39    37828933.677   -18745545.497    20432174.856    31756858.816    39.390
C40    36957904.377   -22541877.285    35397939.656    -5476417.608    54.617
C41    22709819.999     7688260.294    23165180.953    13606152.396    50.852
C42    25561466.462   -13400090.068    15701612.179   -18757890.936    14.834
C43    24757787.994    -8828283.536    19677915.938   -17709057.582    23.265
C59    37642422.639   -32324197.459    27074325.558     -449651.880    41.848
C60    36464357.847     7318369.447    41515191.403     -355301.496    60.983
2399 358650.000 13
C23    24340962.212    17543974.065    19516028.558     9471149.883    27.913
C24    25491470.101   -18503900.405     5439337.147    20149649.493    15.677
C25    23101060.172      945998.105    18362788.906    20966833.583    43.736
C33    22036211.111    -3470255.871    27536814.021    -2997883.082    64.118
C34    24307993.147   -23564914.495    14805677.895    -1925282.023    28.210
C38    38974425.899    -5345461.246    29966551.475   -29012418.559    24.726
C39    37826674.258   -18782999.468    20444382.060    31726400.772    39.414
C40    36951057.000   -22514342.169    35427035.175    -5401964.435    54.741
C41    22702218.212     7684373.165    23211228.402    13529430.308    50.981
C42    25580056.101   -13397284.246    15637155.838   -18813435.719    14.649
C43    24745153.864    -8882804.428    19704694.874   -17651831.026    23.400
C59    37642600.226   -32324111.553    27074384.942     -453810.754    41.846
C60    36464512.057     7318408.936    41515127.835     -359336.298    60.979
2399 358680.000 13
C23    24337770.784    17513781.591    19502531.353     9554422.953    27.949
C24    25500960.604   -18560751.551     5399754.062    20108095.406    15.584
C25    23105272.420      883417.280    18326828.162    21001027.507    43.674
C33    22045449.313    -3471183.729    27526327.168    -3091584.101    63.879
C34    24302233.774   -23573057.774    14804275.570    -1833538.135    28.276
C38    38983233.651    -5338064.733    29923088.762   -29058623.825    24.633
C39    37824396.335   -18820399.638    20456752.986    31695790.826    39.439
C40    36944230.392   -22486681.210    35456011.836    -5327485.700    54.865
C41    22694702.830     7680597.390    23257022.093    13452485.749    51.110
C42    25598650.401   -13394603.510    15572503.834   -18868669.445    14.464
C43    24732504.190    -8937104.034    19731480.937   -17594313.067    23.537
C59    37642778.799   -32324025.414    27074443.978     -457967.460    41.844
C60    36464664.746     7318448.123    41515063.989     -363369.383    60.975
2399 358710.000 13
C23    24334600.328    17483324.334    19488937.975     9637538.153    27.986
C24    25510421.278   -18617557.506     5360356.203    20066208.888    15.490
C25    23109483.801      820668.863    18290926.202    21034874.043    43.612
C33    22054768.205    -3472117.535    27515522.183    -3185234.130    63.639
C34    24296519.802   -23580930.739    14802734.482    -1741763.943    28.341
C38    38992032.012    -5330858.250    29879592.959   -29104688.899    24.540
C39    37822099.967   -18857745.292    20469287.393    31665029.120    39.464
C40    36937423.404   -22458894.927    35484869.092    -5252981.755    54.989
C41    22687274.062     7676931.897    23302561.001    13375319.980    51.237
C42    25617258.296   -13392048.741    15507657.475   -18923591.195    14.279
C43    24719840.042    -8991181.688    19758272.842   -17536504.652    23.673
C59    37642956.674   -32323939.045    27074502.667     -462121.979    41.842
C60    36464819.729     7318487.007    41514999.865     -367400.733    60.972
2399 358740.000 13
C23    24331451.657    17452602.235    19475249.742     9720494.107    28.022
C24    25519855.283   -18674316.795     5321143.833    20023990.633    15.397
C25    23113693.691      757753.850    18255084.179    21068372.633    43.551
C33    22064166.176    -3473058.671    27504399.222    -3278831.624    63.400
C34    24290848.124   -23588533.904    14801053.466    -1649960.965    28.406
C38    39000826.715    -5323841.941    29836064.900   -29150613.556    24.448
C39    37819783.779   -18895035.710    20481985.039    31634115.800    39.489
C40    36930638.143   -22430983.844    35513606.399    -5178452.953    55.113
C41    22679929.292     7673375.612    23347844.111    13297934.268    51.363
C42    25635873.607   -13389620.815    15442618.069   -18978200.057    14.094
C43    24707160.875    -9045036.732    19785069.300   -17478406.733    23.810
C59    37643134.837   -32323852.448    27074561.007     -466274.291    41.839
C60    36464972.277     7318525.589    41514935.465     -371430.329    60.968
2399 358770.000 13
C23    24328325.734    17421615.241    19461467.974     9803289.447    28.058
C24    25529262.558   -18731027.943     5282117.207    19981441.343    15.305
C25    23117901.505      694673.246    18219303.242    21101522.723    43.489
C33    22073643.454    -3474008.517    27492958.451    -3372375.040    63.161
C34    24285223.572   -23595867.793    14799231.362    -1558130.718    28.471
C38    39009613.083    -5317015.945    29792505.418   -29196397.578    24.355
C39    37817449.331   -18932270.179    20494845.679    31603051.008    39.515
C40    36923873.126   -22402948.486    35542223.216    -5103899.648    55.237
C41    22672670.395     7669927.452    23392870.413    13220329.881    51.488
C42    25654499.817   -13387320.598    15377386.935   -19032495.123    13.910
C43    24694465.978    -9098668.517    19811869.019   -17420020.267    23.947
C59    37643311.855   -32323765.623    27074618.997     -470424.376    41.837
C60    36465126.439     7318563.865    41514870.790     -375458.150    60.964
2399 358800.000 13
C23    24325216.258    17390363.309    19447593.990     9885922.803    28.094
C24    25538650.290   -18787689.473     5243276.568    19938561.723    15.212
C25    23122106.912      631428.063    18183584.536    21134323.767    43.428
C33    22083179.873    -3474968.451    27481200.044    -3465862.834    62.922
C34    24279643.766   -23602932.938    14797267.011    -1466274.720    28.535
C38    39018391.817    -5310380.398    29748915.350   -29242040.742    24.263
C39    37815095.875   -18969447.981    20507869.063    31571834.890    39.541
C40    36917127.396   -22374789.382    35570719.001    -5029322.192    55.361
C41    22665497.265     7666586.331    23437638.909    13142508.094    51.612
C42    25673129.222   -13385148.950    15311965.395   -19086475.491    13.725
C43    24681758.685    -9152076.401    19838670.704   -17361346.216    24.085
C59    37643489.469   -32323678.572    27074676.636     -474572.214    41.835
C60    36465278.727     7318601.835    41514805.840     -379484.178    60.960
2399 358830.000 13
C23    24322129.410    17358846.406    19433629.113     9968392.810    28.129
C24    25548009.444   -18844299.908     5204622.155    19895352.487    15.121
C25    23126310.165      568019.317    18147929.198    21166775.223    43.366
C33    22092815.431    -3475939.851    27469124.185    -3559293.465    62.683
C34    24274109.647   -23609729.879    14795159.263    -1374394.488    28.599
C38    39027162.488    -5303935.432    29705295.530   -29287542.829    24.171
C39    37812724.445   -19006568.405    20521054.941    31540467.592    39.567
C40    36910404.697   -22346507.059    35599093.219    -4954720.939    55.485
C41    22658411.701     7663351.155    23482148.604    13064470.183    51.735
C42    25691768.971   -13383106.722    15246354.779   -19140140.263    13.541
C43    24669034.891    -9205259.751    19865473.057   -17302385.546    24.223
C59    37643668.291   -32323591.298    27074733.924     -478717.785    41.833
C60    36465433.162     7318639.498    41514740.617     -383508.394    60.957
2399 358860.000 13
C23    24319062.253    17327064.506    19419574.666    10050698.106    28.164
C24    25557340.696   -18900857.771     5166154.194    19851814.352    15.029
C25    23130513.894      504448.036    18112338.362    21198876.554    43.305
C33    22102529.047    -3476924.095    27456731.069    -3652665.392    62.444
C34    24268622.302   -23616259.164    14792906.967    -1282491.541    28.662
C38    39035926.027    -5297681.177    29661646.793   -29332903.619    24.079
C39    37810333.628   -19043630.736    20534403.056    31508949.260    39.593
C40    36903701.561   -22318102.053    35627345.333    -4880096.241    55.609
C41    22651411.610     7660220.826    23526398.514    12986217.428    51.856
C42    25710415.865   -13381194.761    15180556.421   -19193488.548    13.358
C43    24656300.371    -9258217.944    19892274.779   -17243139.229    24.361
C59    37643846.570   -32323503.802    27074790.860     -482861.070    41.831
C60    36465587.217     7318676.853    41514675.122     -387530.777    60.953
2399 358890.000 13
C23    24316013.993    17295017.593    19405431.973    10132837.330    28.199
C24    25566648.422   -18957361.585     5127872.906    19807948.039    14.938
C25    23134709.907      440715.249    18076813.156    21230627.232    43.244
C33    22112320.545    -3477922.559    27444020.899    -3745977.074    62.205
C34    24263181.560   -23622521.349    14790508.979    -1190567.399    28.724
C38    39044677.853    -5291617.756    29617969.978   -29378122.894    23.987
C39    37807925.975   -19080634.264    20547913.150    31477280.041    39.619
C40    36897019.812   -22289574.896    35655474.812    -4805448.453    55.733
C41    22644497.705     7657194.239    23570387.661    12907751.115    51.977
C42    25729069.853   -13379413.904    15114571.663   -19246519.458    13.174
C43    24643553.186    -9310950.362    19919074.565   -17183608.240    24.500
C59    37644024.441   -32323416.086    27074847.443     -487002.048    41.829
C60    36465740.665     7318713.897    41514609.355     -391551.310    60.949
2399 358920.000 13
C23    24312988.250    17262705.659    19391202.359    10214809.126    28.234
C24    25575925.793   -19013809.872     5089778.500    19763754.278    14.847
C25    23138905.378      376821.996    18041354.703    21262026.732    43.183
C33    22122189.782    -3478936.617    27430993.891    -3839226.972    61.966
C34    24257787.240   -23628516.999    14787964.159    -1098623.580    28.786
C38    39053425.234    -5285745.292    29574265.921   -29423200.436    23.896
C39    37805499.347   -19117578.277    20561584.963    31445460.083    39.646
C40    36890358.454   -22260926.126    35683481.124    -4730777.927    55.857
C41    22637670.101     7654270.287    23614115.077    12829072.529    52.096
C42    25747727.247   -13377764.981    15048401.851   -19299232.113    12.991
C43    24630790.453    -9363456.398    19945871.112   -17123793.561    24.639
C59    37644201.609   -32323328.151    27074903.672     -491140.700    41.826
C60    36465894.145     7318750.631    41514543.319     -395569.972    60.945
2399 358950.000 13
C23    24309979.860    17230128.708    19376887.151    10296612.138    28.269
C24    25585178.812   -19070201.153     5051871.178    19719233.802    14.756
C25    23143096.680      312769.322    18005964.121    21293074.537    43.122
C33    22132136.211    -3479967.644    27417650.267    -3932413.548    61.728
C34    24252441.258   -23634246.686    14785271.370    -1006661.605    28.848
C38    39062160.919    -5280063.901    29530535.459   -29468136.028    23.804
C39    37803053.377   -19154462.067    20575418.230    31413489.536    39.673
C40    36883718.348   -22232156.283    35711363.742    -4656085.017    55.981
C41    22630930.794     7651447.853    23657579.799    12750182.962    52.214
C42    25766390.868   -13376248.815    14982048.339   -19351625.635    12.807
C43    24618017.747    -9415735.452    19972663.108   -17063696.176    24.779
C59    37644378.897   -32323239.999    27074959.546     -495277.006    41.824
C60    36466047.394     7318787.053    41514477.013     -399586.745    60.942
2399 358980.000 13
C23    24306986.633    17197286.748    19362487.675    10378245.014    28.304
C24    25594407.012   -19126533.951     5014151.135    19674387.351    14.666
C25    23147284.781      248558.280    17970642.521    21323770.133    43.062
C33    22142161.427    -3481017.012    27403990.260    -4025535.266    61.489
C34    24247142.883   -23639710.992    14782429.482     -914682.993    28.909
C38    39070890.143    -5274573.698    29486779.431   -29512929.453    23.713
C39    37800590.372   -19191284.926    20589412.684    31381368.547    39.701
C40    36877100.001   -22203265.907    35739122.140    -4581370.077    56.105
C41    22624278.166     7648725.817    23700780.875    12671083.709    52.331
C42    25785065.117   -13374866.221    14915512.484   -19403699.154    12.625
C43    24605231.521    -9467786.933    19999449.246   -17003317.075    24.919
C59    37644556.467   -32323151.632    27075015.065     -499410.946    41.822
C60    36466201.118     7318823.161    41514410.440     -403601.609    60.938
2399 359010.000 13
C23    24304016.590    17164179.799    19348005.261    10459706.407    28.338
C24    25603613.926   -19182806.788     4976618.554    19629215.667    14.576
C25    23151469.873      184189.928    17935391.010    21354113.014    43.001
C33    22152261.753    -3482086.092    27390014.113    -4118590.588    61.251
C34    24241893.535   -23644910.504    14779437.365     -822689.264    28.970
C38    39079610.189    -5269274.793    29442998.676   -29557580.495    23.622
C39    37798108.125   -19228046.146    20603568.052    31349097.268    39.728
C40    36870502.208   -22174255.543    35766755.794    -4506633.460    56.229
C41    22617711.306     7646103.055    23743717.357    12591776.068    52.446
C42    25803739.573   -13373618.008    14848795.651   -19455451.805    12.442
C43    24592433.765    -9519610.258    20026228.209   -16942657.254    25.059
C59    37644734.401   -32323063.051    27075070.227     -503542.500    41.820
C60    36466353.821     7318858.954    41514343.600     -407614.545    60.934
2399 359040.000 13
C23    24301062.143    17130807.890    19333441.238    10540994.969    28.372
C24    25612791.186   -19239018.184     4939273.611    19583719.503    14.486
C25    23155651.951      119665.332    17900210.690    21384102.679    42.941
C33    22162438.086    -3483176.255    27375722.080    -4211577.981    61.013
C34    24236693.181   -23649845.821    14776293.896     -730681.940    29.030
C38    39088319.932    -5264167.292    29399194.032   -29602088.939    23.531
C39    37795608.639   -19264745.021    20617884.063    31316675.849    39.756
C40    36863925.960   -22145125.738    35794264.184    -4431875.522    56.353
C41    22611233.733     7643578.434    23786388.310    12512261.340    52.561
C42    25822414.802   -13372504.974    14781899.211   -19506882.725    12.259
C43    24579625.410    -9571204.853    20052998.684   -16881717.712    25.200
C59    37644911.342   -32322974.259    27075125.032     -507671.649    41.818
C60    36466507.958     7318894.432    41514276.494     -411625.533    60.931
2399 359070.000 13
C23    24298130.428    17097171.059    19318796.935    10622109.358    28.406
C24    25621941.092   -19295166.662     4902116.473    19537899.611    14.397
C25    23159827.725       54985.564    17865102.656    21413738.634    42.880
C33    22172690.514    -3484288.869    27361114.421    -4304495.910    60.775
C34    24231539.845   -23654517.545    14772997.958     -638662.541    29.090
C38    39097025.814    -5259251.299    29355366.339   -29646454.570    23.441
C39    37793090.496   -19301380.847    20632360.440    31284104.442    39.784
C40    36857372.154   -22115877.038    35821646.791    -4357096.614    56.477
C41    22604844.487     7641150.819    23828792.802    12432540.830    52.674
C42    25841102.266   -13371527.914    14714824.537   -19557991.061    12.077
C43    24566806.148    -9622570.152    20079759.350   -16820499.453    25.341
C59    37645088.035   -32322885.256    27075179.480     -511798.373    41.815
C60    36466661.329     7318929.593    41514209.124     -415634.555    60.927
2399 359100.000 13
C23    24295213.793    17063269.350    19304073.682    10703048.233    28.439
C24    25631064.967   -19351250.743     4865147.300    19491756.754    14.308
C25    23163999.104       -9848.297    17830067.998    21443020.389    42.820
C33    22183018.970    -3485425.302    27346191.410    -4397342.843    60.537
C34    24226433.405   -23658926.292    14769548.434     -546632.587    29.149
C38    39105719.340    -5254526.912    29311516.438   -29690677.175    23.350
C39    37790553.613   -19337952.920    20646996.901    31251383.199    39.812
C40    36850839.091   -22086509.996    35848903.098    -4282297.092    56.601
C41    22598542.625     7638819.069    23870929.913    12352615.846    52.786
C42    25859786.506   -13370687.612    14647573.013   -19608775.963    11.895
C43    24553975.486    -9673705.597    20106508.889   -16759003.485    25.482
C59    37645265.334   -32322796.046    27075233.569     -515922.651    41.813
C60    36466814.759     7318964.436    41514141.490     -419641.592    60.923
2399 359130.000 13
C23    24292314.336    17029102.820    19289272.812    10783810.257    28.473
C24    25640162.422   -19407268.949     4828366.241    19445291.696    14.219
C25    23168168.132      -74835.166    17795107.801    21471947.462    42.760
C33    22193422.334    -3486586.920    27330953.327    -4490117.249    60.300
C34    24221380.170   -23663072.680    14765944.216     -454593.601    29.207
C38    39114408.085    -5249994.228    29267645.168   -29734756.541    23.260
C39    37787999.916   -19374460.539    20661793.166    31218512.273    39.841
C40    36844328.242   -22057025.164    35876032.593    -4207477.310    56.725
C41    22592329.026     7636582.037    23912798.728    12272487.700    52.896
C42    25878474.919   -13369984.845    14580146.023   -19659236.585    11.713
C43    24541137.068    -9724610.640    20133245.977   -16697230.821    25.624
C59    37645442.024   -32322706.628    27075287.299     -520044.465    41.811
C60    36466968.251     7318998.959    41514073.593     -423646.623    60.919
2399 359160.000 13
C23    24289434.077    16994671.533    19274395.657    10864394.096    28.506
C24    25649234.591   -19463219.802     4791773.436    19398505.209    14.131
C25    23172331.232     -139973.950    17760223.144    21500519.375    42.700
C33    22203899.797    -3487775.085    27315400.465    -4582817.596    60.062
C34    24216376.725   -23666957.340    14762184.199     -362547.104    29.265
C38    39123080.214    -5245653.338    29223753.371   -29778692.455    23.170
C39    37785427.264   -19410903.002    20676748.946    31185491.818    39.869
C40    36837838.644   -22027423.097    35903034.763    -4132637.621    56.849
C41    22586203.111     7634438.572    23954398.343    12192157.707    53.005
C42    25897163.834   -13369420.384    14512544.961   -19709372.089    11.532
C43    24528288.130    -9775284.739    20159969.288   -16635182.481    25.766
C59    37645619.213   -32322617.006    27075340.668     -524163.795    41.809
C60    36467120.439     7319033.162    41514005.436     -427649.631    60.916
2399 359190.000 13
C23    24286570.286    16959975.562    19259443.549    10944798.417    28.539
C24    25658282.427   -19519101.825     4755369.019    19351398.069    14.043
C25    23176489.745     -205263.553    17725415.100    21528735.657    42.641
C33    22214452.152    -3488991.163    27299533.124    -4675442.357    59.825
C34    24211421.620   -23670580.907    14758267.280     -270494.616    29.323
C38    39131748.229    -5241504.329    29179841.888   -29822484.705    23.080
C39    37782836.096   -19447279.609    20691863.954    31152321.989    39.898
C40    36831370.645   -21997704.352    35929909.099    -4057778.381    56.974
C41    22580165.085     7632387.516    23995727.859    12111627.186    53.113
C42    25915862.187   -13368994.990    14444771.224   -19759181.641    11.351
C43    24515429.593    -9825727.363    20186677.496   -16572859.485    25.908
C59    37645795.123   -32322527.181    27075393.677     -528280.621    41.807
C60    36467272.892     7319067.042    41513937.018     -431650.595    60.912
2399 359220.000 13
C23    24283723.727    16925014.989    19244417.821    11025021.892    28.572
C24    25667301.536   -19574913.539     4719153.114    19303971.059    13.955
C25    23180644.820     -270702.868    17690684.737    21556595.842    42.581
C33    22225079.187    -3490236.512    27283351.614    -4767990.003    59.588
C34    24206519.785   -23673944.027    14754192.365     -178437.660    29.380
C38    39140406.128    -5237547.288    29135911.561   -29866133.081    22.990
C39    37780228.879   -19483589.662    20707137.897    31119002.940    39.928
C40    36824924.462   -21967869.490    35956655.095    -3982899.943    57.098
C41    22574216.186     7630427.710    24036786.389    12030897.457    53.219
C42    25934560.669   -13368709.417    14376826.216   -19808664.412    11.170
C43    24502563.102    -9875937.989    20213369.271   -16510262.861    26.051
C59    37645972.072   -32322437.155    27075446.324     -532394.922    41.805
C60    36467427.027     7319100.601    41513868.341     -435649.497    60.908
2399 359250.000 13
C23    24280896.050    16889789.904    19229319.807    11105063.195    28.605
C24    25676296.357   -19630653.467     4683125.835    19256224.964    13.868
C25    23184793.177     -336290.785    17656033.116    21584099.470    42.521
C33    22235780.919    -3491512.493    27266856.256    -4860459.007    59.351
C34    24201668.296   -23677047.351    14749958.362      -86377.757    29.436
C38    39149053.610    -5233782.294    29091963.231   -29909637.372    22.901
C39    37777602.918   -19519832.465    20722570.480    31085534.827    39.957
C40    36818501.964   -21937919.071    35983272.247    -3908002.662    57.222
C41    22568357.679     7628557.985    24077573.050    11949969.847    53.324
C42    25953259.336   -13368564.412    14308711.343   -19857819.580    10.989
C43    24489689.418    -9925916.100    20240043.281   -16447393.640    26.194
C59    37646148.729   -32322346.928    27075498.608     -536506.680    41.802
C60    36467580.351     7319133.835    41513799.406     -439646.317    60.904
2399 359280.000 13
C23    24278082.646    16854300.408    19214150.842    11184921.004    28.638
C24    25685266.850   -19686320.132     4647287.288    19208160.578    13.780
C25    23188935.835     -402026.185    17621461.293    21611246.089    42.462
C33    22246555.940    -3492820.463    27250047.379    -4952847.845    59.114
C34    24196868.893   -23679891.539    14745564.183        5683.571    29.492
C38    39157690.958    -5230209.424    29047997.742   -29952997.369    22.811
C39    37774960.128   -19556007.320    20738161.404    31051917.808    39.987
C40    36812100.115   -21907853.660    36009760.053    -3833086.893    57.346
C41    22562585.938     7626777.171    24118086.971    11868845.683    53.428
C42    25971958.635   -13368560.713    14240428.020   -19906646.326    10.808
C43    24476804.822    -9975661.191    20266698.193   -16384252.859    26.338
C59    37646325.925   -32322256.504    27075550.530     -540615.875    41.800
C60    36467733.296     7319166.743    41513730.215     -443641.037    60.901
2399 359310.000 13
C23    24275284.729    16818546.610    19198912.259    11264594.000    28.670
C24    25694210.851   -19741912.059     4611637.573    19159778.697    13.694
C25    23193074.250     -467907.946    17586970.319    21638035.251    42.403
C33    22257402.248    -3494161.777    27232925.324    -5045154.992    58.878
C34    24192120.875   -23682477.261    14741008.749       97744.801    29.547
C38    39166314.437    -5226828.753    29004015.935   -29996212.862    22.722
C39    37772298.064   -19592113.534    20753910.369    31018152.039    40.017
C40    36805721.653   -21877673.824    36036118.014    -3758152.990    57.470
C41    22556904.438     7625084.092    24158327.287    11787526.297    53.531
C42    25990661.193   -13368699.052    14171977.666   -19955143.839    10.628
C43    24463915.046   -10025172.764    20293332.671   -16320841.558    26.482
C59    37646501.663   -32322165.884    27075602.088     -544722.488    41.798
C60    36467887.164     7319199.326    41513660.767     -447633.637    60.897
2399 359340.000 13
C23    24272505.729    16782528.626    19183605.394    11344080.865    28.702
C24    25703127.894   -19797427.770     4576176.776    19111080.125    13.607
C25    23197205.650     -533934.936    17552561.238    21664466.513    42.344
C33    22268323.078    -3495537.789    27215490.439    -5137378.926    58.641
C34    24187425.790   -23684805.191    14736290.980      189804.413    29.602
C38    39174934.779    -5223640.349    28960018.654   -30039283.644    22.633
C39    37769621.127   -19628150.412    20769817.070    30984237.679    40.047
C40    36799364.635   -21847380.129    36062345.632    -3683201.308    57.595
C41    22551311.868     7623477.566    24198293.141    11706013.023    53.632
C42    26009359.295   -13368980.151    14103361.705   -20003311.311    10.448
C43    24451016.768   -10074450.329    20319945.377   -16257160.781    26.626
C59    37646679.768   -32322075.070    27075653.281     -548826.497    41.796
C60    36468041.085     7319231.581    41513591.066     -451624.098    60.893
2399 359370.000 13
C23    24269742.943    16746246.585    19168231.582    11423380.287    28.734
C24    25712019.486   -19852865.792     4540904.980    19062065.669    13.521
C25    23201333.124     -600106.019    17518235.088    21690539.440    42.285
C33    22279315.383    -3496949.852    27197743.082    -5229518.126    58.405
C34    24182784.182   -23686876.013    14731409.806      281860.885    29.656
C38    39183541.197    -5220644.278    28916006.742   -30082209.507    22.544
C39    37766925.236   -19664117.264    20785881.199    30950174.886    40.078
C40    36793030.726   -21816973.147    36088442.415    -3608232.202    57.719
C41    22545809.747     7621956.407    24237983.686    11624307.200    53.731
C42    26028060.845   -13369404.725    14034581.565   -20051147.942    10.268
C43    24438112.416   -10123493.406    20346534.973   -16193211.579    26.770
C59    37646855.788   -32321984.063    27075704.109     -552927.885    41.794
C60    36468193.659     7319263.507    41513521.111     -455612.401    60.889
2399 359400.000 13
C23    24266994.519    16709700.622    19152792.158    11502490.954    28.766
C24    25720887.829   -19908224.648     4505822.255    19012736.143    13.435
C25    23205453.425     -666420.054    17483992.901    21716253.601    42.227
C33    22290380.054    -3498399.315    27179683.622    -5321571.072    58.169
C34    24178194.561   -23688690.418    14726364.159      373912.694    29.709
C38    39192137.933    -5217840.604    28871981.044   -30124990.244    22.456
C39    37764211.884   -19700013.399    20802102.447    30915963.821    40.108
C40    36786720.021   -21786453.450    36114407.870    -3533246.027    57.843
C41    22540397.054     7620519.426    24277398.083    11542410.169    53.829
C42    26046764.428   -13369973.481    13965638.682   -20098652.935    10.088
C43    24425203.403   -10172301.523    20373100.117   -16128995.005    26.915
C59    37647031.213   -32321892.865    27075754.572     -557026.630    41.792
C60    36468348.712     7319295.103    41513450.904     -459598.527    60.886
2399 359430.000 12
C23    24264261.355    16672890.881    19137288.458    11581411.560    28.798
C24    25729728.861   -19963502.865     4470928.665    18963092.365    13.350
C25    23209567.700     -732875.890    17449835.704    21741608.574    42.168
C33    22301517.526    -3499887.524    27161312.436    -5413536.245    57.933
C34    24173657.721   -23690249.105    14721152.976      465958.320    29.762
C38    39200725.052    -5215229.384    28827942.402   -30167625.650    22.367
C39    37761481.642   -19735838.127    20818480.500    30881604.642    40.139
C40    36780431.457   -21755821.614    36140241.507    -3458243.137    57.967
C41    22535073.464     7619165.427    24316535.501    11460323.274    53.926
C43    24412286.635   -10220874.215    20399639.465   -16064512.117    27.060
C59    37647210.076   -32321801.478    27075804.667     -561122.715    41.790
C60    36468501.695     7319326.369    41513380.446     -463582.457    60.882
2399 359460.000 12
C23    24261543.335    16635817.517    19121721.817    11660140.801    28.830
C24    25738544.839   -20018698.969     4436224.264    18913135.159    13.265
C25    23213675.037     -799472.372    17415764.517    21766603.939    42.110
C33    22312724.541    -3501415.827    27142629.913    -5505412.129    57.698
C34    24169175.361   -23691552.781    14715775.201      557996.240    29.815
C38    39209301.424    -5212810.674    28783891.661   -30210115.518    22.279
C39    37758734.183   -19771590.760    20835015.040    30847097.512    40.171
C40    36774164.369   -21725078.214    36165942.841    -3383223.888    58.091
C41    22529838.969     7617893.211    24355395.116    11378047.863    54.021
C43    24399365.484   -10269211.029    20426151.675   -15999763.979    27.206
C59    37647385.284   -32321709.903    27075854.396     -565216.118    41.787
C60    36468655.056     7319357.302    41513309.738     -467564.171    60.878
2399 359490.000 12
C23    24258838.720    16598480.690    19106093.570    11738677.376    28.861
C24    25747331.151   -20073811.488     4401709.097    18862865.353    13.180
C25    23217775.345     -866208.341    17381780.355    21791239.285    42.051
C33    22324002.698    -3502985.567    27123636.447    -5597197.208    57.462
C34    24164745.935   -23692602.160    14710229.782      650024.932    29.867
C38    39217867.486    -5210584.524    28739829.665   -30252459.644    22.191
C39    37755969.160   -19807270.612    20851705.750    30812442.591    40.202
C40    36767921.061   -21694223.830    36191511.386    -3308188.635    58.216
C41    22524694.153     7616701.572    24393976.116    11295585.286    54.115
C43    24386439.596   -10317311.517    20452635.398   -15934751.657    27.352
C59    37647562.595   -32321618.144    27075903.756     -569306.821    41.785
C60    36468807.660     7319387.903    41513238.781     -471543.651    60.875
2399 359520.000 12
C23    24256152.310    16560880.574    19090405.055    11817019.986    28.892
C24    25756098.242   -20128838.950     4367383.202    18812283.782    13.095
C25    23221869.970     -933082.627    17347884.226    21815514.206    41.993
C33    22335351.351    -3504598.084    27104332.446    -5688889.968    57.227
C34    24160372.467   -23693397.963    14704515.671      742042.877    29.918
C38    39226424.263    -5208550.983    28695757.260   -30294657.824    22.103
C39    37753186.254   -19842876.999    20868552.306    30777640.043    40.234
C40    36761701.900   -21663259.043    36216946.661    -3233137.733    58.340
C41    22519641.510     7615589.304    24432277.693    11212936.898    54.207
C43    24373508.583   -10365175.243    20479089.287   -15869476.223    27.498
C59    37647738.846   -32321526.200    27075952.748     -573394.803    41.783
C60    36468962.082     7319418.168    41513167.577     -475520.878    60.871
2399 359550.000 12
C23    24253476.756    16523017.349    19074657.605    11895167.338    28.924
C24    25764833.411   -20183779.884     4333246.606    18761391.283    13.011
C25    23225955.457    -1000094.060    17314077.132    21839428.301    41.936
C33    22346770.244    -3506254.717    27084718.326    -5780488.897    56.992
C34    24156054.240   -23693940.920    14698631.827      834048.552    29.968
C38    39234967.628    -5206710.093    28651675.289   -30336709.856    22.015
C39    37750387.988   -19878409.235    20885554.383    30742690.030    40.266
C40    36755503.364   -21632184.436    36242248.186    -3158071.537    58.464
C41    22514678.930     7614555.191    24470299.052    11130104.054    54.298
C43    24360572.047   -10412801.777    20505511.993   -15803938.752    27.645
C59    37647915.596   -32321434.074    27076001.371     -577480.046    41.781
C60    36469114.786     7319448.099    41513096.127     -479495.832    60.867
2399 359580.000 12
C23    24250817.540    16484891.203    19058852.558    11973118.140    28.955
C24    25773547.829   -20238632.819     4299299.330    18710188.703    12.927
C25    23230035.458    -1067241.458    17280360.068    21862981.176    41.878
C33    22358257.343    -3507956.803    27064794.511    -5871992.483    56.757
C34    24151789.890   -23694231.768    14692577.212      926040.436    30.018
C38    39243500.001    -5205061.896    28607584.598   -30378615.536    21.928
C39    37747570.845   -19913866.640    20902711.652    30707592.716    40.298
C40    36749328.865   -21601000.594    36267415.486    -3082990.403    58.588
C41    22509804.544     7613598.017    24508039.403    11047088.116    54.388
C43    24347632.328   -10460190.698    20531902.164   -15738140.326    27.791
C59    37648090.368   -32321341.769    27076049.624     -581562.529    41.779
C60    36469267.261     7319477.693    41513024.432     -483468.494    60.863
2399 359610.000 12
C23    24248171.198    16446502.335    19042991.247    12050871.105    28.985
C24    25782232.076   -20293396.288     4265541.385    18658676.888    12.843
C25    23234106.948    -1134523.637    17246734.024    21886172.444    41.820
C33    22369814.875    -3509705.677    27044561.437    -5963399.218    56.522
C34    24147581.603   -23694271.251    14686350.797     1018017.009    30.068
C38    39252023.526    -5203606.427    28563486.032   -30420374.662    21.841
C39    37744736.000   -19949248.531    20920023.782    30672348.266    40.330
C40    36743176.946   -21569708.105    36292448.085    -3007894.685    58.712
C41    22505021.208     7612716.561    24545497.967    10963890.445    54.475
C43    24334689.686   -10507341.597    20558258.448   -15672082.028    27.939
C59    37648266.375   -32321249.284    27076097.506     -585642.234    41.777
C60    36469420.323     7319506.949    41512952.492     -487438.847    60.860
2399 359640.000 12
C23    24245540.054    16407850.952    19027075.008    12128424.947    29.016
C24    25790893.207   -20348068.822     4231972.772    18606856.695    12.760
C25    23238171.747    -1201939.407    17213199.984    21909001.722    41.763
C33    22381440.868    -3511502.668    27024019.547    -6054707.593    56.288
C34    24143429.039   -23694060.120    14679951.554     1109976.750    30.116
C38    39260531.010    -5202343.720    28519380.436   -30461987.034    21.754
C39    37741885.753   -19984554.231    20937490.439    30636956.845    40.363
C40    36737048.590   -21538307.557    36317345.513    -2932784.740    58.837
C41    22500329.271     7611909.595    24582673.972    10880512.408    54.562
C43    24321745.267   -10554254.069    20584579.492   -15605764.947    28.086
C59    37648442.779   -32321156.623    27076145.017     -589719.140    41.774
C60    36469574.243     7319535.867    41512880.310     -491406.869    60.856
2399 359670.000 12
C23    24242923.106    16368937.271    19011105.176    12205778.384    29.047
C24    25799529.800   -20402648.953     4198593.485    18554728.983    12.677
C25    23242229.824    -1269487.570    17179758.924    21931468.633    41.706
C33    22393135.981    -3513349.108    27003169.295    -6145916.102    56.053
C34    24139335.089   -23693599.136    14673378.463     1201918.138    30.164
C38    39269030.190    -5201273.803    28475268.656   -30503452.451    21.667
C39    37739017.997   -20019783.060    20955111.285    30601418.619    40.396
C40    36730945.223   -21506799.543    36342107.300    -2857660.923    58.961
C41    22495728.402     7611175.889    24619566.656    10796955.373    54.646
C43    24308797.474   -10600927.720    20610863.940   -15539190.177    28.234
C59    37648618.852   -32321063.787    27076192.156     -593793.229    41.772
C60    36469728.004     7319564.445    41512807.887     -495372.543    60.852
2399 359700.000 12
C23    24240316.532    16329761.516    18995083.086    12282930.140    29.077
C24    25808140.516   -20457135.217     4165403.510    18502294.615    12.594
C25    23246278.490    -1337166.924    17146411.816    21953572.809    41.649
C33    22404899.715    -3515246.321    26982011.144    -6237023.242    55.819
C34    24135295.494   -23692889.065    14666630.508     1293839.655    30.212
C38    39277517.806    -5200396.701    28431151.538   -30544770.713    21.580
C39    37736136.819   -20054934.343    20972885.980    30565733.755    40.429
C40    36724863.746   -21475184.655    36366732.979    -2782523.589    59.085
C41    22491219.002     7610514.209    24656175.264    10713220.714    54.730
C43    24295846.927   -10647362.165    20637110.435   -15472358.815    28.382
C59    37648796.398   -32320970.779    27076238.923     -597864.480    41.770
C60    36469880.534     7319592.682    41512735.224     -499335.850    60.849
2399 359730.000 12
C23    24237723.814    16290323.921    18979010.072    12359878.938    29.107
C24    25816728.192   -20511526.149     4132402.822    18449554.463    12.512
C25    23250320.921    -1404976.260    17113159.623    21975313.884    41.592
C33    22416730.782    -3517195.632    26960545.567    -6328027.508    55.586
C34    24131310.422   -23691930.680    14659706.680     1385739.780    30.259
C38    39285991.353    -5199712.436    28387029.927   -30585941.622    21.494
C39    37733236.134   -20090007.404    20990814.180    30529902.420    40.462
C40    36718805.780   -21443463.490    36391222.088    -2707373.094    59.209
C41    22486800.212     7609923.316    24692499.050    10629309.803    54.811
C43    24282896.547   -10693557.027    20663317.621   -15405271.963    28.531
C59    37648971.790   -32320877.598    27076285.317     -601932.874    41.768
C60    36470035.506     7319620.577    41512662.321     -503296.770    60.845
2399 359760.000 12
C23    24235145.431    16250624.730    18962887.466    12436623.508    29.137
C24    25825287.180   -20565820.285     4099591.390    18396509.399    12.430
C25    23254353.939    -1472914.364    17080003.304    21996691.500    41.535
C33    22428629.373    -3519198.362    26938773.045    -6418927.401    55.352
C34    24127387.206   -23690724.763    14652605.974     1477616.994    30.305
C38    39294454.230    -5199221.027    28342904.669   -30626964.979    21.407
C39    37730318.417   -20125001.570    21008895.539    30493924.781    40.496
C40    36712771.191   -21411636.644    36415574.165    -2632209.794    59.333
C41    22482471.542     7609401.968    24728537.279    10545224.021    54.891
C43    24269943.745   -10739511.939    20689484.137   -15337930.726    28.679
C59    37649148.300   -32320784.249    27076331.337     -605998.392    41.766
C60    36470188.899     7319648.129    41512589.181     -507255.284    60.841
2399 359790.000 12
C23    24232579.388    16210664.194    18946716.603    12513162.581    29.167
C24    25833822.207   -20620016.164     4066969.172    18343160.305    12.348
C25    23258379.785    -1540980.017    17046943.809    22017705.305    41.479
C33    22440594.111    -3521255.830    26916694.069    -6509721.420    55.119
C34    24123519.006   -23689272.103    14645327.391     1569469.777    30.351
C38    39302907.135    -5198922.486    28298776.609   -30667840.587    21.321
C39    37727384.909   -20159916.169    21027129.708    30457801.009    40.530
C40    36706761.063   -21379704.717    36439788.750    -2557034.045    59.457
C41    22478235.093     7608948.917    24764289.222    10460964.746    54.970
C43    24256990.201   -10785226.540    20715608.625   -15270336.214    28.828
C59    37649326.056   -32320690.731    27076376.983     -610061.014    41.764
C60    36470342.823     7319675.337    41512515.804     -511211.374    60.837
2399 359820.000 13
C23    24230028.251    16170442.574    18930498.815    12589494.893    29.197
C24    25842334.066   -20674112.325     4034536.119    18289508.064    12.266
C25    23262395.865    -1609171.993    17013982.085    22038354.954    41.423
C32    26407429.156    15033262.556     7353077.154    22347324.026     7.139
C33    22452626.236    -3523369.351    26894309.140    -6600408.067    54.885
C34    24119711.161   -23687573.495    14637869.938     1661296.612    30.395
C38    39311346.396    -5198816.825    28254646.595   -30708568.249    21.235
C39    37724435.660   -20194750.531    21045516.335    30421531.273    40.564
C40    36700777.401   -21347668.311    36463865.389    -2481846.202    59.581
C41    22474090.134     7608562.913    24799754.160    10376533.363    55.047
C43    24244039.363   -10830700.481    20741689.723   -15202489.543    28.978
C59    37649503.203   -32320597.048    27076422.254     -614120.721    41.761
C60    36470497.829     7319702.199    41512442.192     -515165.021    60.834
2399 359850.000 13
C23    24227484.920    16129960.139    18914235.434    12665619.182    29.227
C24    25850817.491   -20728107.309     4002292.174    18235553.566    12.185
C25    23266403.685    -1677489.061    16981119.069    22058640.106    41.366
C32    26391447.779    15035343.265     7429433.570    22320687.498     7.289
C33    22464723.635    -3525540.237    26871618.768    -6690985.848    54.652
C34    24115961.343   -23685629.743    14630232.627     1753095.980    30.440
C38    39319775.822    -5198904.051    28210515.471   -30749147.768    21.150
C39    37721469.858   -20229503.987    21064055.065    30385115.742    40.598
C40    36694814.136   -21315528.029    36487803.627    -2406646.620    59.705
C41    22470036.572     7608242.700    24834931.382    10291931.259    55.122
C43    24231084.089   -10875933.420    20767726.069   -15134391.830    29.128
C59    37649678.044   -32320503.200    27076467.150     -618177.493    41.759
C60    36470651.717     7319728.716    41512368.346     -519116.205    60.830
2399 359880.000 13
C23    24224955.920    16089217.168    18897927.792    12741534.191    29.257
C24    25859279.687   -20781999.658     3970237.268    18181297.707    12.104
C25    23270403.177    -1745929.984    16948355.694    22078560.428    41.311
C32    26375501.608    15037581.991     7505693.640    22293683.022     7.438
C33    22476887.288    -3527769.799    26848623.472    -6781453.268    54.420
C34    24112269.279   -23683441.656    14622414.476     1844866.364    30.483
C38    39328187.518    -5199184.165    28166384.084   -30789578.950    21.064
C39    37718486.157   -20264175.870    21082745.539    30348554.588    40.633
C40    36688875.715   -21283284.475    36511603.014    -2331435.657    59.829
C41    22466073.523     7607987.022    24869820.188    10207159.821    55.195
C43    24218130.632   -10920925.024    20793716.300   -15066044.199    29.278
C59    37649855.621   -32320409.190    27076511.669     -622231.311    41.757
C60    36470805.620     7319754.885    41512294.266     -523064.908    60.826
2399 359910.000 13
C23    24222437.900    16048213.948    18881577.218    12817238.665    29.286
C24    25867710.941   -20835787.916     3938371.327    18126741.385    12.024
C25    23274393.590    -1814493.521    16915692.884    22098115.590    41.255
C32    26359598.008    15039978.283     7581855.781    22266311.047     7.586
C33    22489115.407    -3530059.344    26825323.780    -6871808.834    54.187
C34    24108633.526   -23681010.054    14614414.508     1936606.245    30.526
C38    39336591.532    -5199657.169    28122253.279   -30829861.600    20.979
C39    37715487.707   -20298765.513    21101587.397    30311847.982    40.667
C40    36682961.469   -21250938.259    36535263.102    -2256213.668    59.953
C41    22462202.347     7607794.614    24904419.883    10122220.444    55.267
C43    24205180.330   -10965674.969    20819659.052   -14997447.775    29.428
C59    37650029.237   -32320315.020    27076555.812     -626282.156    41.755
C60    36470958.696     7319780.706    41512219.956     -527011.111    60.823
2399 359940.000 13
C23    24219927.665    16006950.776    18865185.044    12892731.353    29.315
C24    25876122.662   -20889470.629     3906694.267    18071885.505    11.943
C25    23278374.783    -1883178.424    16883131.558    22117305.272    41.199
C32    26343729.847    15042531.681     7657918.416    22238572.024     7.735
C33    22501407.157    -3532410.174    26801720.230    -6962051.057    53.955
C34    24105058.401   -23678335.759    14606231.753     2028314.109    30.568
C38    39344983.995    -5200323.057    28078123.903   -30869995.524    20.894
C39    37712471.680   -20333272.253    21120580.274    30274996.097    40.702
C40    36677069.768   -21218489.988    36558783.445    -2180981.008    60.077
C41    22458421.266     7607664.212    24938729.785    10037114.521    55.338
C43    24192228.768   -11010182.939    20845552.960   -14928603.690    29.578
C59    37650205.370   -32320220.691    27076599.578     -630330.008    41.753
C60    36471111.791     7319806.177    41512145.415     -530954.795    60.819
2399 359970.000 13
C23    24217432.646    15965427.956    18848752.598    12968011.009    29.345
C24    25884509.655   -20943046.344     3875205.995    18016730.976    11.863
C25    23282345.441    -1951983.439    16850672.629    22136129.157    41.144
C32    26327912.210    15045241.718     7733879.968    22210466.410     7.883
C33    22513764.032    -3534823.591    26777813.368    -7052178.446    53.723
C34    24101544.604   -23675419.604    14597865.247     2119988.437    30.610
C38    39353356.250    -5201181.821    28033996.803   -30909980.528    20.809
C39    37709439.183   -20367695.427    21139723.805    30237999.106    40.738
C40    36671203.471   -21185940.275    36582163.601    -2105738.035    60.201
C41    22454733.480     7607594.545    24972749.217     9951843.451    55.406
C43    24179279.455   -11054448.628    20871396.660   -14859513.080    29.729
C59    37650380.453   -32320126.205    27076642.967     -634374.847    41.751
C60    36471265.380     7319831.298    41512070.645     -534895.941    60.815
2399 360000.000 13
C23    24214946.124    15923645.803    18832281.208    13043076.387    29.374
C24    25892867.500   -20996513.610     3843906.410    17961278.714    11.783
C25    23286305.993    -2020907.309    16818317.002    22154586.936    41.089
C32    26312126.690    15048107.917     7809738.864    22181994.670     8.031
C33    22526185.911    -3537300.893    26753603.752    -7142189.517    53.491
C34    24098087.769   -23672262.427    14589314.029     2211627.715    30.651
C38    39361721.800    -5202233.450    27989872.822   -30949816.421    20.724
C39    37706391.629   -20402034.374    21159017.619    30200857.182    40.773
C40    36665359.454   -21153289.732    36605403.128    -2030485.103    60.325
C41    22451135.518     7607584.340    25006477.515     9866408.633    55.473
C43    24166330.594   -11098471.738    20897188.784   -14790177.082    29.881
C59    37650556.546   -32320031.564    27076685.977     -638416.655    41.749
C60    36471418.205     7319856.068    41511995.647     -538834.530    60.812
