2025   1      0 GPS  -2267747.631  5009150.077  3221276.598
2025   1     30 GPS  -2267714.675  5009099.815  3221253.953
2025   1     60 GPS  -2267712.146  5009080.033  3221236.237
2025   1     90 GPS  -2267772.970  5009156.123  3221272.433
2025   1    120 GPS  -2267760.850  5009172.337  3221293.620
2025   1    150 GPS  -2267782.665  5009179.264  3221277.935
2025   1    180 GPS  -2267757.156  5009143.035  3221268.213
2025   1    210 GPS  -2267794.829  5009206.267  3221312.114
2025   1    240 GPS  -2267717.667  5009110.388  3221284.286
2025   1    270 GPS  -2267776.017  5009169.098  3221296.823
2025   1    300 GPS  -2267755.624  5009158.074  3221290.500
2025   1    330 GPS  -2267759.078  5009152.815  3221265.479
2025   1    360 GPS  -2267730.124  5009162.234  3221292.799
2025   1    390 GPS  -2267739.385  5009182.288  3221330.897
2025   1    420 GPS  -2267822.276  5009212.311  3221317.111
2025   1    450 GPS  -2267739.474  5009141.759  3221287.382
2025   1    480 GPS  -2267729.225  5009131.012  3221257.573
2025   1    510 GPS  -2267755.063  5009161.525  3221300.951
2025   1    540 GPS  -2267719.193  5009134.442  3221278.122
2025   1    570 GPS  -2267730.210  5009151.661  3221291.903
2025   1    600 GPS  -2267755.579  5009171.195  3221303.074
2025   1    630 GPS  -2267757.272  5009147.987  3221258.181
2025   1    660 GPS  -2267706.762  5009106.166  3221254.495
2025   1    690 GPS  -2267735.522  5009101.692  3221281.736
2025   1    720 GPS  -2267729.931  5009050.151  3221236.618
2025   1    750 GPS  -2267747.752  5009122.397  3221283.657
2025   1    780 GPS  -2267768.357  5009134.785  3221311.288
2025   1    810 GPS  -2267788.380  5009170.872  3221311.333
2025   1    840 GPS  -2267688.913  5009067.844  3221246.300
2025   1    870 GPS  -2267742.819  5009146.602  3221278.545
2025   1    900 GPS  -2267764.169  5009189.190  3221317.108
2025   1    930 GPS  -2267749.946  5009163.992  3221284.163
2025   1    960 GPS  -2267760.161  5009183.328  3221280.820
2025   1    990 GPS  -2267785.455  5009211.386  3221298.157
2025   1   1020 GPS  -2267751.266  5009164.381  3221288.118
2025   1   1050 GPS  -2267787.791  5009164.750  3221283.951
2025   1   1080 GPS  -2267793.261  5009172.740  3221284.789
2025   1   1110 GPS  -2267747.604  5009137.855  3221277.535
2025   1   1140 GPS  -2267710.873  5009085.257  3221254.583
2025   1   1170 GPS  -2267808.774  5009198.384  3221275.981
2025   1   1200 GPS  -2267766.938  5009159.064  3221278.652
2025   1   1230 GPS  -2267769.076  5009137.248  3221268.797
2025   1   1260 GPS  -2267785.898  5009172.352  3221299.459
2025   1   1290 GPS  -2267809.929  5009209.605  3221298.565
2025   1   1320 GPS  -2267756.754  5009137.875  3221285.090
2025   1   1350 GPS  -2267730.984  5009120.197  3221261.480
2025   1   1380 GPS  -2267746.970  5009149.303  3221273.528
2025   1   1410 GPS  -2267847.433  5009289.981  3221334.083
2025   1   1440 GPS  -2267832.002  5009260.980  3221327.167
2025   1   1470 GPS  -2267784.682  5009196.528  3221307.971
2025   1   1500 GPS  -2267766.668  5009186.259  3221321.505
2025   1   1530 GPS  -2267786.970  5009198.836  3221324.327
2025   1   1560 GPS  -2267762.207  5009160.225  3221306.647
2025   1   1590 GPS  -2267785.878  5009210.488  3221309.794
2025   1   1620 GPS  -2267760.517  5009172.844  3221298.726
2025   1   1650 GPS  -2267780.464  5009206.028  3221294.807
2025   1   1680 GPS  -2267753.033  5009128.637  3221277.001
2025   1   1710 GPS  -2267762.272  5009169.991  3221281.297
2025   1   1740 GPS  -2267745.961  5009126.845  3221303.824
2025   1   1770 GPS  -2267713.098  5009085.309  3221280.264
2025   1   1800 GPS  -2267767.143  5009177.390  3221302.585
2025   1   1830 GPS  -2267789.699  5009217.948  3221299.242
2025   1   1860 GPS  -2267756.591  5009166.317  3221279.273
2025   1   1890 GPS  -2267787.038  5009248.960  3221307.915
2025   1   1920 GPS  -2267747.942  5009194.735  3221274.505
2025   1   1950 GPS  -2267789.148  5009209.345  3221299.676
2025   1   1980 GPS  -2267763.615  5009153.910  3221305.210
2025   1   2010 GPS  -2267772.910  5009204.277  3221301.387
2025   1   2040 GPS  -2267745.122  5009147.127  3221284.154
2025   1   2070 GPS  -2267803.964  5009188.488  3221305.357
2025   1   2100 GPS  -2267808.784  5009198.885  3221333.648
2025   1   2130 GPS  -2267792.338  5009201.955  3221300.404
2025   1   2160 GPS  -2267765.537  5009145.241  3221310.019
2025   1   2190 GPS  -2267766.928  5009127.804  3221287.806
2025   1   2220 GPS  -2267755.313  5009128.497  3221266.281
2025   1   2250 GPS  -2267772.688  5009161.738  3221275.981
2025   1   2280 GPS  -2267783.293  5009188.065  3221293.692
2025   1   2310 GPS  -2267773.409  5009183.265  3221303.259
2025   1   2340 GPS  -2267755.491  5009158.824  3221296.453
2025   1   2370 GPS  -2267741.731  5009106.328  3221302.965
2025   1   2400 GPS  -2267745.816  5009118.662  3221264.524
2025   1   2430 GPS  -2267756.264  5009136.568  3221286.464
2025   1   2460 GPS  -2267733.606  5009122.254  3221285.561
2025   1   2490 GPS  -2267736.310  5009149.392  3221313.164
2025   1   2520 GPS  -2267751.830  5009115.466  3221293.058
2025   1   2550 GPS  -2267739.524  5009092.591  3221278.393
2025   1   2580 GPS  -2267750.331  5009143.963  3221274.924
2025   1   2610 GPS  -2267743.889  5009109.707  3221305.074
2025   1   2640 GPS  -2267743.332  5009142.307  3221298.126
2025   1   2670 GPS  -2267748.194  5009162.083  3221305.214
2025   1   2700 GPS  -2267732.379  5009128.387  3221298.858
2025   1   2730 GPS  -2267737.866  5009111.615  3221283.210
2025   1   2760 GPS  -2267740.166  5009121.869  3221274.678
2025   1   2790 GPS  -2267753.725  5009148.118  3221301.111
2025   1   2820 GPS  -2267717.850  5009115.193  3221309.390
2025   1   2850 GPS  -2267748.836  5009153.586  3221283.346
2025   1   2880 GPS  -2267747.560  5009177.578  3221292.719
2025   1   2910 GPS  -2267769.435  5009172.194  3221297.289
2025   1   2940 GPS  -2267765.795  5009166.937  3221316.751
2025   1   2970 GPS  -2267729.993  5009104.607  3221305.374
2025   1   3000 GPS  -2267695.130  5009043.341  3221285.230
2025   1   3030 GPS  -2267750.178  5009117.373  3221284.373
2025   1   3060 GPS  -2267737.577  5009110.073  3221292.394
2025   1   3090 GPS  -2267724.021  5009127.588  3221309.088
2025   1   3120 GPS  -2267764.271  5009142.018  3221309.893
2025   1   3150 GPS  -2267754.302  5009156.046  3221337.290
2025   1   3180 GPS  -2267747.194  5009106.123  3221302.129
2025   1   3210 GPS  -2267760.697  5009172.312  3221300.023
2025   1   3240 GPS  -2267783.114  5009186.989  3221321.615
2025   1   3270 GPS  -2267754.710  5009109.126  3221277.346
2025   1   3300 GPS  -2267756.626  5009110.452  3221277.894
2025   1   3330 GPS  -2267757.082  5009147.338  3221274.305
2025   1   3360 GPS  -2267725.350  5009109.307  3221275.377
2025   1   3390 GPS  -2267754.224  5009116.430  3221288.256
2025   1   3420 GPS  -2267757.824  5009132.689  3221284.568
2025   1   3450 GPS  -2267720.883  5009078.646  3221270.075
2025   1   3480 GPS  -2267740.903  5009068.675  3221271.882
2025   1   3510 GPS  -2267754.581  5009139.938  3221293.402
2025   1   3540 GPS  -2267778.062  5009145.307  3221290.350
2025   1   3570 GPS  -2267763.858  5009156.278  3221292.801
2025   1   3600 GPS  -2267773.898  5009154.639  3221289.938
2025   1   3630 GPS  -2267783.244  5009175.291  3221302.493
2025   1   3660 GPS  -2267747.047  5009185.267  3221351.493
2025   1   3690 GPS  -2267753.974  5009123.677  3221287.695
2025   1   3720 GPS  -2267764.128  5009149.096  3221286.007
2025   1   3750 GPS  -2267769.498  5009159.641  3221316.898
2025   1   3780 GPS  -2267762.227  5009145.398  3221303.120
2025   1   3810 GPS  -2267758.196  5009165.470  3221295.198
2025   1   3840 GPS  -2267759.123  5009143.970  3221303.860
2025   1   3870 GPS  -2267759.217  5009144.039  3221300.316
2025   1   3900 GPS  -2267779.009  5009134.567  3221299.799
2025   1   3930 GPS  -2267761.247  5009103.784  3221272.469
2025   1   3960 GPS  -2267775.512  5009110.147  3221268.027
2025   1   3990 GPS  -2267743.020  5009130.098  3221297.099
2025   1   4020 GPS  -2267755.107  5009148.391  3221311.844
2025   1   4050 GPS  -2267797.042  5009207.742  3221326.125
2025   1   4080 GPS  -2267785.262  5009201.290  3221315.186
2025   1   4110 GPS  -2267790.128  5009168.841  3221344.409
2025   1   4140 GPS  -2267759.993  5009134.397  3221295.988
2025   1   4170 GPS  -2267774.491  5009105.867  3221270.532
2025   1   4200 GPS  -2267744.299  5009055.083  3221269.809
2025   1   4230 GPS  -2267733.721  5009026.252  3221256.399
2025   1   4260 GPS  -2267758.451  5009073.487  3221266.992
2025   1   4290 GPS  -2267739.595  5009119.380  3221283.577
2025   1   4320 GPS  -2267738.561  5009144.890  3221296.151
2025   1   4350 GPS  -2267741.717  5009103.684  3221284.559
2025   1   4380 GPS  -2267771.357  5009040.141  3221262.597
2025   1   4410 GPS  -2267743.082  5009107.992  3221283.137
2025   1   4440 GPS  -2267766.112  5009134.034  3221278.336
2025   1   4470 GPS  -2267762.708  5009176.253  3221298.959
2025   1   4500 GPS  -2267778.706  5009178.313  3221314.025
2025   1   4530 GPS  -2267759.379  5009129.778  3221262.442
2025   1   4560 GPS  -2267752.205  5009119.789  3221252.891
2025   1   4590 GPS  -2267764.713  5009128.196  3221229.924
2025   1   4620 GPS  -2267784.508  5009156.523  3221272.824
2025   1   4650 GPS  -2267752.302  5009086.165  3221270.390
2025   1   4680 GPS  -2267787.413  5009181.306  3221294.275
2025   1   4710 GPS  -2267765.390  5009160.984  3221283.875
2025   1   4740 GPS  -2267754.704  5009115.241  3221263.820
2025   1   4770 GPS  -2267752.419  5009063.979  3221235.301
2025   1   4800 GPS  -2267756.522  5009026.988  3221245.045
2025   1   4830 GPS  -2267739.311  5009034.478  3221265.645
2025   1   4860 GPS  -2267748.842  5009088.982  3221252.085
2025   1   4890 GPS  -2267723.075  5009005.230  3221230.693
2025   1   4920 GPS  -2267716.790  5009075.404  3221253.293
2025   1   4950 GPS  -2267752.947  5009132.677  3221251.977
2025   1   4980 GPS  -2267774.925  5009197.164  3221315.007
2025   1   5010 GPS  -2267762.117  5009197.958  3221332.325
2025   1   5040 GPS  -2267728.294  5009144.659  3221315.413
2025   1   5070 GPS  -2267752.454  5009143.704  3221297.024
2025   1   5100 GPS  -2267754.632  5009215.537  3221330.168
2025   1   5130 GPS  -2267748.133  5009130.320  3221288.960
2025   1   5160 GPS  -2267742.131  5009143.048  3221285.927
2025   1   5190 GPS  -2267719.443  5009109.230  3221270.384
2025   1   5220 GPS  -2267770.225  5009152.272  3221281.698
2025   1   5250 GPS  -2267729.902  5009139.464  3221282.684
2025   1   5280 GPS  -2267740.482  5009135.069  3221273.396
2025   1   5310 GPS  -2267751.906  5009125.891  3221271.520
2025   1   5340 GPS  -2267726.840  5009066.021  3221261.627
2025   1   5370 GPS  -2267723.501  5009076.758  3221284.682
2025   1   5400 GPS  -2267758.522  5009100.868  3221269.920
2025   1   5430 GPS  -2267730.793  5009095.541  3221285.159
2025   1   5460 GPS  -2267741.237  5009102.167  3221261.753
2025   1   5490 GPS  -2267758.645  5009138.558  3221303.952
2025   1   5520 GPS  -2267760.043  5009156.877  3221300.353
2025   1   5550 GPS  -2267765.391  5009153.428  3221297.585
2025   1   5580 GPS  -2267785.143  5009201.924  3221310.079
2025   1   5610 GPS  -2267768.595  5009180.309  3221318.183
2025   1   5640 GPS  -2267769.249  5009207.746  3221339.251
2025   1   5670 GPS  -2267758.863  5009160.815  3221301.910
2025   1   5700 GPS  -2267775.531  5009207.228  3221325.737
2025   1   5730 GPS  -2267768.408  5009138.967  3221303.226
2025   1   5760 GPS  -2267780.136  5009184.850  3221307.561
2025   1   5790 GPS  -2267801.742  5009235.315  3221347.619
2025   1   5820 GPS  -2267774.441  5009124.465  3221272.342
2025   1   5850 GPS  -2267782.120  5009143.879  3221300.347
2025   1   5880 GPS  -2267743.246  5009082.976  3221266.296
2025   1   5910 GPS  -2267811.736  5009190.800  3221316.868
2025   1   5940 GPS  -2267790.206  5009183.216  3221314.497
2025   1   5970 GPS  -2267739.539  5009093.394  3221252.393
2025   1   6000 GPS  -2267750.030  5009131.621  3221277.140
2025   1   6030 GPS  -2267793.316  5009159.236  3221290.658
2025   1   6060 GPS  -2267761.485  5009140.340  3221272.807
2025   1   6090 GPS  -2267771.533  5009153.857  3221273.208
2025   1   6120 GPS  -2267751.994  5009130.038  3221275.413
2025   1   6150 GPS  -2267749.590  5009117.837  3221257.721
2025   1   6180 GPS  -2267746.026  5009139.212  3221285.611
2025   1   6210 GPS  -2267738.714  5009131.580  3221286.153
2025   1   6240 GPS  -2267735.047  5009124.293  3221292.192
2025   1   6270 GPS  -2267754.468  5009147.828  3221285.672
2025   1   6300 GPS  -2267773.206  5009146.831  3221280.059
2025   1   6330 GPS  -2267763.423  5009164.130  3221277.837
2025   1   6360 GPS  -2267743.440  5009157.635  3221278.861
2025   1   6390 GPS  -2267759.844  5009134.773  3221284.685
2025   1   6420 GPS  -2267761.351  5009146.650  3221276.876
2025   1   6450 GPS  -2267731.599  5009137.256  3221289.792
2025   1   6480 GPS  -2267757.534  5009162.713  3221295.827
2025   1   6510 GPS  -2267773.897  5009189.692  3221312.858
2025   1   6540 GPS  -2267703.755  5009123.624  3221262.248
2025   1   6570 GPS  -2267717.355  5009113.101  3221272.144
2025   1   6600 GPS  -2267751.126  5009117.625  3221283.331
2025   1   6630 GPS  -2267779.689  5009169.938  3221298.366
2025   1   6660 GPS  -2267749.125  5009140.315  3221274.557
2025   1   6690 GPS  -2267745.452  5009136.233  3221287.020
2025   1   6720 GPS  -2267803.614  5009179.034  3221310.132
2025   1   6750 GPS  -2267784.349  5009175.293  3221314.668
2025   1   6780 GPS  -2267749.273  5009103.765  3221277.482
2025   1   6810 GPS  -2267758.260  5009126.389  3221293.936
2025   1   6840 GPS  -2267761.047  5009134.441  3221291.959
2025   1   6870 GPS  -2267718.858  5009091.659  3221249.582
2025   1   6900 GPS  -2267731.346  5009114.644  3221260.366
2025   1   6930 GPS  -2267760.550  5009133.799  3221286.159
2025   1   6960 GPS  -2267758.010  5009108.052  3221265.029
2025   1   6990 GPS  -2267742.984  5009113.966  3221264.752
2025   1   7020 GPS  -2267767.735  5009134.392  3221294.504
2025   1   7050 GPS  -2267740.673  5009126.440  3221277.140
2025   1   7080 GPS  -2267750.560  5009103.007  3221258.762
2025   1   7110 GPS  -2267738.176  5009097.836  3221247.637
2025   1   7140 GPS  -2267740.380  5009122.657  3221280.500
2025   1   7170 GPS  -2267777.593  5009156.486  3221317.037
2025   1   7200 GPS  -2267745.218  5009108.409  3221278.486
2025   1   7230 GPS  -2267755.175  5009139.796  3221307.492
2025   1   7260 GPS  -2267724.606  5009120.257  3221307.621
2025   1   7290 GPS  -2267771.379  5009140.211  3221306.029
2025   1   7320 GPS  -2267720.135  5009112.340  3221295.509
2025   1   7350 GPS  -2267756.059  5009145.687  3221297.991
2025   1   7380 GPS  -2267766.304  5009159.839  3221294.857
2025   1   7410 GPS  -2267776.719  5009140.654  3221289.478
2025   1   7440 GPS  -2267787.622  5009157.154  3221307.625
2025   1   7470 GPS  -2267789.940  5009165.431  3221320.418
2025   1   7500 GPS  -2267751.029  5009126.925  3221286.461
2025   1   7530 GPS  -2267775.354  5009185.753  3221308.674
2025   1   7560 GPS  -2267722.724  5009115.084  3221290.106
2025   1   7590 GPS  -2267754.242  5009130.785  3221284.811
2025   1   7620 GPS  -2267743.538  5009111.479  3221293.665
2025   1   7650 GPS  -2267742.654  5009100.547  3221274.297
2025   1   7680 GPS  -2267786.160  5009187.091  3221328.652
2025   1   7710 GPS  -2267745.507  5009161.005  3221303.627
2025   1   7740 GPS  -2267754.973  5009143.658  3221295.807
2025   1   7770 GPS  -2267713.814  5009137.914  3221293.893
2025   1   7800 GPS  -2267707.074  5009064.625  3221258.645
2025   1   7830 GPS  -2267746.253  5009133.454  3221291.851
2025   1   7860 GPS  -2267740.114  5009152.887  3221325.734
2025   1   7890 GPS  -2267764.493  5009147.190  3221316.513
2025   1   7920 GPS  -2267735.697  5009140.566  3221297.996
2025   1   7950 GPS  -2267727.132  5009093.917  3221270.817
2025   1   7980 GPS  -2267756.588  5009113.932  3221280.880
2025   1   8010 GPS  -2267745.544  5009095.329  3221266.737
2025   1   8040 GPS  -2267747.317  5009123.281  3221268.322
2025   1   8070 GPS  -2267729.009  5009110.607  3221268.463
2025   1   8100 GPS  -2267773.949  5009134.953  3221306.994
2025   1   8130 GPS  -2267760.221  5009107.305  3221270.008
2025   1   8160 GPS  -2267719.001  5009057.941  3221253.522
2025   1   8190 GPS  -2267735.277  5009059.871  3221279.253
2025   1   8220 GPS  -2267736.427  5009115.423  3221301.315
2025   1   8250 GPS  -2267761.626  5009126.599  3221305.422
2025   1   8280 GPS  -2267743.138  5009135.142  3221278.349
2025   1   8310 GPS  -2267741.720  5009100.181  3221286.739
2025   1   8340 GPS  -2267761.986  5009103.473  3221310.126
2025   1   8370 GPS  -2267770.635  5009118.800  3221293.084
2025   1   8400 GPS  -2267751.484  5009094.764  3221309.087
2025   1   8430 GPS  -2267729.690  5009141.815  3221334.688
2025   1   8460 GPS  -2267737.986  5009121.445  3221298.815
2025   1   8490 GPS  -2267746.230  5009107.317  3221296.043
2025   1   8520 GPS  -2267719.317  5009131.236  3221284.648
2025   1   8550 GPS  -2267741.047  5009120.770  3221312.595
2025   1   8580 GPS  -2267758.159  5009134.271  3221327.718
2025   1   8610 GPS  -2267725.527  5009107.277  3221300.916
2025   1   8640 GPS  -2267728.252  5009107.705  3221287.730
2025   1   8670 GPS  -2267737.522  5009119.277  3221290.507
2025   1   8700 GPS  -2267712.940  5009106.128  3221293.698
2025   1   8730 GPS  -2267699.011  5009074.480  3221263.130
2025   1   8760 GPS  -2267717.029  5009063.687  3221247.127
2025   1   8790 GPS  -2267734.733  5009108.610  3221289.751
2025   1   8820 GPS  -2267710.407  5009081.348  3221270.594
2025   1   8850 GPS  -2267718.787  5009112.885  3221272.854
2025   1   8880 GPS  -2267731.417  5009114.702  3221292.807
2025   1   8910 GPS  -2267719.459  5009104.186  3221270.746
2025   1   8940 GPS  -2267723.495  5009077.345  3221285.034
2025   1   8970 GPS  -2267726.014  5009118.161  3221289.178
2025   1   9000 GPS  -2267744.565  5009113.125  3221298.380
2025   1   9030 GPS  -2267760.498  5009117.777  3221299.548
2025   1   9060 GPS  -2267737.498  5009076.037  3221284.220
2025   1   9090 GPS  -2267717.908  5009053.993  3221274.290
2025   1   9120 GPS  -2267709.548  5009046.983  3221281.661
2025   1   9150 GPS  -2267711.168  5009012.297  3221277.233
2025   1   9180 GPS  -2267698.453  5009064.040  3221278.292
2025   1   9210 GPS  -2267715.620  5009053.970  3221268.817
2025   1   9240 GPS  -2267757.073  5009150.958  3221309.404
2025   1   9270 GPS  -2267723.245  5009089.712  3221282.580
2025   1   9300 GPS  -2267734.786  5009118.270  3221296.866
2025   1   9330 GPS  -2267727.306  5009077.056  3221276.336
2025   1   9360 GPS  -2267756.204  5009108.402  3221274.017
2025   1   9390 GPS  -2267758.084  5009144.247  3221308.102
2025   1   9420 GPS  -2267747.175  5009091.297  3221287.896
2025   1   9450 GPS  -2267784.096  5009137.795  3221290.182
2025   1   9480 GPS  -2267769.021  5009133.971  3221290.920
2025   1   9510 GPS  -2267746.166  5009068.425  3221276.270
2025   1   9540 GPS  -2267752.168  5009131.653  3221292.600
2025   1   9570 GPS  -2267743.834  5009122.781  3221283.017
2025   1   9600 GPS  -2267730.530  5009121.504  3221297.542
2025   1   9630 GPS  -2267704.637  5009076.647  3221273.244
2025   1   9660 GPS  -2267672.499  5009048.386  3221265.664
2025   1   9690 GPS  -2267693.589  5009058.617  3221244.105
2025   1   9720 GPS  -2267701.922  5009039.843  3221246.717
2025   1   9750 GPS  -2267686.282  5009068.967  3221266.740
2025   1   9780 GPS  -2267728.076  5009093.058  3221252.588
2025   1   9810 GPS  -2267686.332  5009030.658  3221236.999
2025   1   9840 GPS  -2267724.135  5009106.809  3221275.831
2025   1   9870 GPS  -2267703.746  5009103.294  3221254.225
2025   1   9900 GPS  -2267753.508  5009133.979  3221265.871
2025   1   9930 GPS  -2267755.426  5009098.315  3221265.539
2025   1   9960 GPS  -2267760.945  5009082.713  3221260.493
2025   1   9990 GPS  -2267733.932  5009117.330  3221278.824
2025   1  10020 GPS  -2267723.312  5009105.703  3221268.544
2025   1  10050 GPS  -2267734.230  5009068.480  3221240.070
2025   1  10080 GPS  -2267685.804  5009000.222  3221220.343
2025   1  10110 GPS  -2267679.178  5009033.182  3221203.896
2025   1  10140 GPS  -2267675.750  5008988.996  3221210.807
2025   1  10170 GPS  -2267715.809  5009041.070  3221239.194
2025   1  10200 GPS  -2267700.962  5009039.322  3221232.808
2025   1  10230 GPS  -2267706.179  5009039.930  3221229.912
2025   1  10260 GPS  -2267701.016  5009085.734  3221251.043
2025   1  10290 GPS  -2267707.957  5009092.658  3221245.511
2025   1  10320 GPS  -2267707.777  5009055.852  3221230.050
2025   1  10350 GPS  -2267724.924  5009096.963  3221243.660
2025   1  10380 GPS  -2267713.725  5009089.724  3221247.000
2025   1  10410 GPS  -2267694.383  5009000.937  3221196.097
2025   1  10440 GPS  -2267728.748  5009079.344  3221235.530
2025   1  10470 GPS  -2267698.019  5009040.199  3221229.040
2025   1  10500 GPS  -2267701.274  5009028.727  3221221.483
2025   1  10530 GPS  -2267721.350  5009034.584  3221214.662
2025   1  10560 GPS  -2267679.390  5008979.989  3221182.070
2025   1  10590 GPS  -2267662.546  5008969.902  3221189.487
2025   1  10620 GPS  -2267700.804  5009049.354  3221274.172
2025   1  10650 GPS  -2267743.867  5009116.313  3221288.994
2025   1  10680 GPS  -2267739.806  5009127.305  3221291.823
2025   1  10710 GPS  -2267769.894  5009151.290  3221292.138
2025   1  10740 GPS  -2267775.521  5009184.158  3221309.963
2025   1  10770 GPS  -2267717.830  5009101.952  3221258.529
2025   1  10800 GPS  -2267727.178  5009137.868  3221283.331
2025   1  10830 GPS  -2267722.239  5009127.533  3221302.665
2025   1  10860 GPS  -2267721.855  5009100.837  3221297.764
2025   1  10890 GPS  -2267714.477  5009115.039  3221318.623
2025   1  10920 GPS  -2267711.019  5009092.434  3221277.795
2025   1  10950 GPS  -2267761.011  5009146.746  3221292.506
2025   1  10980 GPS  -2267718.886  5009095.860  3221253.103
2025   1  11010 GPS  -2267755.424  5009180.027  3221314.403
2025   1  11040 GPS  -2267726.168  5009105.078  3221239.608
2025   1  11070 GPS  -2267712.450  5009092.555  3221251.793
2025   1  11100 GPS  -2267733.916  5009068.946  3221235.019
2025   1  11130 GPS  -2267702.434  5009058.732  3221219.870
2025   1  11160 GPS  -2267731.632  5009090.662  3221220.171
2025   1  11190 GPS  -2267745.766  5009099.491  3221237.566
2025   1  11220 GPS  -2267752.246  5009056.501  3221241.060
2025   1  11250 GPS  -2267694.226  5008989.154  3221168.457
2025   1  11280 GPS  -2267748.709  5009102.969  3221243.581
2025   1  11310 GPS  -2267713.940  5009072.719  3221260.049
2025   1  11340 GPS  -2267718.262  5009075.674  3221247.006
2025   1  11370 GPS  -2267749.522  5009092.192  3221270.774
2025   1  11400 GPS  -2267783.197  5009112.295  3221263.739
2025   1  11430 GPS  -2267709.263  5009025.648  3221222.904
2025   1  11460 GPS  -2267714.468  5009066.256  3221235.900
2025   1  11490 GPS  -2267722.504  5009109.628  3221284.931
2025   1  11520 GPS  -2267756.815  5009088.700  3221242.453
2025   1  11550 GPS  -2267725.611  5009102.498  3221259.499
2025   1  11580 GPS  -2267745.862  5009137.691  3221300.110
2025   1  11610 GPS  -2267739.270  5009142.997  3221329.856
2025   1  11640 GPS  -2267736.830  5009112.406  3221272.216
2025   1  11670 GPS  -2267747.180  5009121.725  3221286.500
2025   1  11700 GPS  -2267728.141  5009113.698  3221273.505
2025   1  11730 GPS  -2267735.206  5009110.354  3221292.908
2025   1  11760 GPS  -2267752.275  5009133.401  3221285.129
2025   1  11790 GPS  -2267751.152  5009148.705  3221289.908
2025   1  11820 GPS  -2267736.223  5009125.067  3221260.274
2025   1  11850 GPS  -2267760.048  5009149.491  3221268.755
2025   1  11880 GPS  -2267744.368  5009136.729  3221291.652
2025   1  11910 GPS  -2267720.936  5009090.673  3221257.103
2025   1  11940 GPS  -2267736.980  5009101.644  3221258.285
2025   1  11970 GPS  -2267739.640  5009122.700  3221278.051
2025   1  12000 GPS  -2267727.391  5009133.589  3221275.226
2025   1  12030 GPS  -2267739.361  5009111.068  3221265.288
2025   1  12060 GPS  -2267727.007  5009079.949  3221258.773
2025   1  12090 GPS  -2267731.693  5009125.119  3221276.908
2025   1  12120 GPS  -2267744.772  5009153.884  3221269.521
2025   1  12150 GPS  -2267727.850  5009126.042  3221258.856
2025   1  12180 GPS  -2267703.877  5009120.290  3221264.654
2025   1  12210 GPS  -2267715.297  5009133.919  3221255.099
2025   1  12240 GPS  -2267692.740  5009075.879  3221275.882
2025   1  12270 GPS  -2267742.591  5009112.070  3221265.015
2025   1  12300 GPS  -2267736.171  5009093.733  3221244.374
2025   1  12330 GPS  -2267784.312  5009189.379  3221298.521
2025   1  12360 GPS  -2267745.818  5009154.271  3221266.886
2025   1  12390 GPS  -2267786.708  5009153.113  3221278.114
2025   1  12420 GPS  -2267776.353  5009129.637  3221275.479
2025   1  12450 GPS  -2267734.333  5009115.536  3221249.595
2025   1  12480 GPS  -2267785.240  5009167.166  3221274.039
2025   1  12510 GPS  -2267766.261  5009185.703  3221285.672
2025   1  12540 GPS  -2267763.192  5009154.302  3221274.288
2025   1  12570 GPS  -2267793.608  5009148.284  3221265.731
2025   1  12600 GPS  -2267787.997  5009171.825  3221294.981
2025   1  12630 GPS  -2267794.301  5009168.585  3221295.838
2025   1  12660 GPS  -2267762.196  5009159.166  3221285.387
2025   1  12690 GPS  -2267745.149  5009158.495  3221273.655
2025   1  12720 GPS  -2267768.227  5009137.377  3221278.492
2025   1  12750 GPS  -2267734.304  5009135.557  3221244.832
2025   1  12780 GPS  -2267739.481  5009145.193  3221250.063
2025   1  12810 GPS  -2267777.742  5009164.606  3221266.409
2025   1  12840 GPS  -2267767.700  5009168.132  3221274.768
2025   1  12870 GPS  -2267753.577  5009166.863  3221289.182
2025   1  12900 GPS  -2267747.305  5009164.738  3221295.695
2025   1  12930 GPS  -2267752.687  5009149.553  3221293.348
2025   1  12960 GPS  -2267750.433  5009129.612  3221292.061
2025   1  12990 GPS  -2267708.613  5009087.630  3221265.574
2025   1  13020 GPS  -2267800.332  5009218.649  3221309.346
2025   1  13050 GPS  -2267766.849  5009176.523  3221314.756
2025   1  13080 GPS  -2267787.062  5009180.032  3221314.500
2025   1  13110 GPS  -2267746.133  5009082.486  3221310.183
2025   1  13140 GPS  -2267763.832  5009109.436  3221313.034
2025   1  13170 GPS  -2267776.738  5009147.045  3221296.935
2025   1  13200 GPS  -2267785.317  5009162.309  3221285.165
2025   1  13230 GPS  -2267751.516  5009117.960  3221248.655
2025   1  13260 GPS  -2267733.191  5009107.954  3221265.207
2025   1  13290 GPS  -2267760.565  5009164.448  3221293.277
2025   1  13320 GPS  -2267751.489  5009097.589  3221264.981
2025   1  13350 GPS  -2267785.626  5009134.703  3221295.371
2025   1  13380 GPS  -2267771.106  5009184.672  3221298.647
2025   1  13410 GPS  -2267777.037  5009149.558  3221301.298
2025   1  13440 GPS  -2267756.319  5009096.170  3221271.460
2025   1  13470 GPS  -2267781.208  5009145.967  3221323.785
2025   1  13500 GPS  -2267728.454  5009119.479  3221255.299
2025   1  13530 GPS  -2267737.348  5009144.817  3221282.460
2025   1  13560 GPS  -2267735.820  5009159.264  3221279.313
2025   1  13590 GPS  -2267755.101  5009178.920  3221293.470
2025   1  13620 GPS  -2267744.072  5009135.743  3221278.617
2025   1  13650 GPS  -2267795.291  5009146.587  3221286.701
2025   1  13680 GPS  -2267764.030  5009140.112  3221311.090
2025   1  13710 GPS  -2267792.948  5009130.457  3221282.296
2025   1  13740 GPS  -2267777.758  5009134.251  3221308.922
2025   1  13770 GPS  -2267787.952  5009174.383  3221278.203
2025   1  13800 GPS  -2267764.742  5009197.344  3221302.236
2025   1  13830 GPS  -2267756.741  5009095.632  3221301.531
2025   1  13860 GPS  -2267776.136  5009143.781  3221284.875
2025   1  13890 GPS  -2267752.883  5009090.950  3221278.550
2025   1  13920 GPS  -2267782.536  5009112.883  3221292.056
2025   1  13950 GPS  -2267778.736  5009202.182  3221321.764
2025   1  13980 GPS  -2267744.285  5009151.117  3221284.203
2025   1  14010 GPS  -2267748.900  5009141.872  3221270.182
2025   1  14040 GPS  -2267747.277  5009120.452  3221282.593
2025   1  14070 GPS  -2267747.491  5009108.833  3221291.337
2025   1  14100 GPS  -2267777.346  5009200.780  3221308.809
2025   1  14130 GPS  -2267778.357  5009173.032  3221328.220
2025   1  14160 GPS  -2267795.153  5009185.361  3221317.189
2025   1  14190 GPS  -2267822.687  5009237.770  3221327.825
2025   1  14220 GPS  -2267754.441  5009160.396  3221264.652
2025   1  14250 GPS  -2267792.820  5009192.878  3221289.831
2025   1  14280 GPS  -2267761.301  5009121.398  3221285.281
2025   1  14310 GPS  -2267780.883  5009204.170  3221335.435
2025   1  14340 GPS  -2267751.577  5009205.774  3221313.898
2025   1  14370 GPS  -2267780.347  5009211.682  3221340.763
2025   1  14400 GPS  -2267771.840  5009182.509  3221306.945
2025   1  14430 GPS  -2267765.232  5009178.123  3221302.112
2025   1  14460 GPS  -2267765.762  5009148.506  3221312.083
2025   1  14490 GPS  -2267772.694  5009184.279  3221316.829
2025   1  14520 GPS  -2267761.742  5009167.966  3221328.070
2025   1  14550 GPS  -2267751.567  5009171.801  3221294.776
2025   1  14580 GPS  -2267768.727  5009165.146  3221303.018
2025   1  14610 GPS  -2267784.244  5009162.334  3221301.701
2025   1  14640 GPS  -2267752.365  5009139.263  3221259.650
2025   1  14670 GPS  -2267751.190  5009164.677  3221280.575
2025   1  14700 GPS  -2267761.151  5009171.783  3221285.834
2025   1  14730 GPS  -2267761.690  5009186.969  3221309.583
2025   1  14760 GPS  -2267761.802  5009173.956  3221300.714
2025   1  14790 GPS  -2267763.920  5009172.690  3221310.747
2025   1  14820 GPS  -2267770.774  5009163.066  3221303.750
2025   1  14850 GPS  -2267764.559  5009164.582  3221297.667
2025   1  14880 GPS  -2267791.595  5009196.284  3221303.775
2025   1  14910 GPS  -2267776.590  5009165.399  3221278.607
2025   1  14940 GPS  -2267759.160  5009147.012  3221288.166
2025   1  14970 GPS  -2267750.127  5009148.577  3221276.910
2025   1  15000 GPS  -2267745.931  5009147.379  3221286.690
2025   1  15030 GPS  -2267732.131  5009144.418  3221308.872
2025   1  15060 GPS  -2267726.885  5009096.644  3221267.869
2025   1  15090 GPS  -2267742.273  5009122.628  3221272.830
2025   1  15120 GPS  -2267736.671  5009136.031  3221279.483
2025   1  15150 GPS  -2267750.648  5009146.693  3221262.588
2025   1  15180 GPS  -2267744.067  5009174.078  3221292.468
2025   1  15210 GPS  -2267765.839  5009164.317  3221301.154
2025   1  15240 GPS  -2267744.087  5009139.799  3221283.063
2025   1  15270 GPS  -2267726.267  5009125.095  3221285.544
2025   1  15300 GPS  -2267746.495  5009124.477  3221291.181
2025   1  15330 GPS  -2267759.460  5009183.445  3221301.559
2025   1  15360 GPS  -2267734.689  5009133.324  3221283.578
2025   1  15390 GPS  -2267785.796  5009179.946  3221315.864
2025   1  15420 GPS  -2267758.502  5009148.129  3221315.383
2025   1  15450 GPS  -2267730.630  5009112.042  3221282.330
2025   1  15480 GPS  -2267752.513  5009126.960  3221306.118
2025   1  15510 GPS  -2267766.732  5009188.180  3221310.726
2025   1  15540 GPS  -2267766.343  5009186.645  3221296.227
2025   1  15570 GPS  -2267781.909  5009210.828  3221296.616
2025   1  15600 GPS  -2267768.674  5009183.535  3221314.532
2025   1  15630 GPS  -2267778.180  5009227.865  3221309.188
2025   1  15660 GPS  -2267776.864  5009204.366  3221310.338
2025   1  15690 GPS  -2267793.002  5009200.574  3221296.508
2025   1  15720 GPS  -2267756.986  5009128.577  3221286.954
2025   1  15750 GPS  -2267762.895  5009117.106  3221271.237
2025   1  15780 GPS  -2267774.444  5009174.008  3221301.527
2025   1  15810 GPS  -2267730.007  5009085.130  3221260.069
2025   1  15840 GPS  -2267758.854  5009207.105  3221295.059
2025   1  15870 GPS  -2267752.603  5009193.848  3221295.594
2025   1  15900 GPS  -2267764.546  5009171.518  3221279.239
2025   1  15930 GPS  -2267773.460  5009179.037  3221308.565
2025   1  15960 GPS  -2267777.784  5009211.032  3221306.510
2025   1  15990 GPS  -2267750.869  5009171.134  3221286.030
2025   1  16020 GPS  -2267775.528  5009194.635  3221287.645
2025   1  16050 GPS  -2267738.909  5009142.004  3221255.650
2025   1  16080 GPS  -2267771.498  5009165.204  3221296.414
2025   1  16110 GPS  -2267768.763  5009141.825  3221283.133
2025   1  16140 GPS  -2267771.686  5009178.169  3221304.354
2025   1  16170 GPS  -2267738.895  5009173.645  3221308.169
2025   1  16200 GPS  -2267741.486  5009133.363  3221286.548
2025   1  16230 GPS  -2267764.508  5009142.865  3221268.499
2025   1  16260 GPS  -2267795.794  5009178.211  3221278.570
2025   1  16290 GPS  -2267772.870  5009132.553  3221280.485
2025   1  16320 GPS  -2267764.381  5009154.788  3221313.882
2025   1  16350 GPS  -2267778.725  5009205.224  3221300.856
2025   1  16380 GPS  -2267774.890  5009130.076  3221280.597
2025   1  16410 GPS  -2267768.092  5009145.318  3221273.530
2025   1  16440 GPS  -2267773.942  5009179.494  3221308.794
2025   1  16470 GPS  -2267757.632  5009146.510  3221285.403
2025   1  16500 GPS  -2267757.042  5009163.919  3221295.039
2025   1  16530 GPS  -2267755.698  5009186.784  3221299.350
2025   1  16560 GPS  -2267748.589  5009155.891  3221284.151
2025   1  16590 GPS  -2267751.867  5009129.985  3221275.257
2025   1  16620 GPS  -2267772.248  5009188.519  3221275.758
2025   1  16650 GPS  -2267756.728  5009171.185  3221274.985
2025   1  16680 GPS  -2267733.787  5009111.553  3221266.517
2025   1  16710 GPS  -2267789.695  5009156.746  3221281.471
2025   1  16740 GPS  -2267753.097  5009117.294  3221252.476
2025   1  16770 GPS  -2267735.022  5009103.520  3221241.852
2025   1  16800 GPS  -2267765.061  5009129.934  3221258.647
2025   1  16830 GPS  -2267725.169  5009097.545  3221261.051
2025   1  16860 GPS  -2267726.969  5009118.247  3221261.225
2025   1  16890 GPS  -2267749.533  5009061.653  3221237.676
2025   1  16920 GPS  -2267748.084  5009088.099  3221260.145
2025   1  16950 GPS  -2267773.784  5009158.889  3221291.062
2025   1  16980 GPS  -2267737.479  5009151.123  3221281.992
2025   1  17010 GPS  -2267725.406  5009132.538  3221269.066
2025   1  17040 GPS  -2267741.005  5009135.767  3221253.698
2025   1  17070 GPS  -2267726.674  5009132.567  3221273.767
2025   1  17100 GPS  -2267712.873  5009092.234  3221251.567
2025   1  17130 GPS  -2267752.130  5009164.067  3221266.434
2025   1  17160 GPS  -2267774.253  5009180.556  3221292.042
2025   1  17190 GPS  -2267758.907  5009195.360  3221293.541
2025   1  17220 GPS  -2267777.461  5009203.730  3221279.757
2025   1  17250 GPS  -2267780.741  5009243.894  3221301.577
2025   1  17280 GPS  -2267798.253  5009245.580  3221309.967
2025   1  17310 GPS  -2267784.567  5009197.976  3221281.084
2025   1  17340 GPS  -2267799.986  5009226.531  3221294.107
2025   1  17370 GPS  -2267784.240  5009194.724  3221299.493
2025   1  17400 GPS  -2267770.648  5009183.554  3221270.936
2025   1  17430 GPS  -2267787.233  5009187.402  3221290.728
2025   1  17460 GPS  -2267764.363  5009180.777  3221286.722
2025   1  17490 GPS  -2267775.201  5009139.593  3221266.645
2025   1  17520 GPS  -2267736.900  5009124.023  3221254.818
2025   1  17550 GPS  -2267756.047  5009148.405  3221267.069
2025   1  17580 GPS  -2267767.223  5009142.445  3221275.969
2025   1  17610 GPS  -2267768.874  5009179.482  3221288.416
2025   1  17640 GPS  -2267793.444  5009207.483  3221310.055
2025   1  17670 GPS  -2267763.934  5009139.693  3221288.604
2025   1  17700 GPS  -2267755.392  5009128.224  3221257.803
2025   1  17730 GPS  -2267754.175  5009125.429  3221261.086
2025   1  17760 GPS  -2267791.037  5009157.434  3221262.893
2025   1  17790 GPS  -2267758.802  5009145.187  3221253.573
2025   1  17820 GPS  -2267784.013  5009165.907  3221272.997
2025   1  17850 GPS  -2267770.223  5009152.275  3221286.829
2025   1  17880 GPS  -2267756.064  5009120.444  3221274.184
2025   1  17910 GPS  -2267733.850  5009112.194  3221237.973
2025   1  17940 GPS  -2267755.677  5009173.232  3221277.048
2025   1  17970 GPS  -2267758.318  5009151.688  3221267.816
2025   1  18000 GPS  -2267781.494  5009172.659  3221294.461
2025   1  18030 GPS  -2267784.126  5009224.105  3221324.532
2025   1  18060 GPS  -2267792.718  5009216.774  3221315.357
2025   1  18090 GPS  -2267784.609  5009225.511  3221325.440
2025   1  18120 GPS  -2267794.914  5009260.425  3221335.444
2025   1  18150 GPS  -2267758.673  5009237.694  3221325.168
2025   1  18180 GPS  -2267777.505  5009215.403  3221340.491
2025   1  18210 GPS  -2267771.743  5009188.616  3221327.819
2025   1  18240 GPS  -2267757.491  5009213.683  3221334.616
2025   1  18270 GPS  -2267770.476  5009239.175  3221343.526
2025   1  18300 GPS  -2267757.160  5009206.054  3221312.840
2025   1  18330 GPS  -2267766.140  5009210.861  3221298.283
2025   1  18360 GPS  -2267756.275  5009170.410  3221283.841
2025   1  18390 GPS  -2267771.888  5009189.351  3221301.928
2025   1  18420 GPS  -2267752.214  5009206.837  3221289.483
2025   1  18450 GPS  -2267748.197  5009202.181  3221301.543
2025   1  18480 GPS  -2267729.394  5009214.195  3221307.292
2025   1  18510 GPS  -2267744.443  5009212.019  3221314.818
2025   1  18540 GPS  -2267718.811  5009210.701  3221310.335
2025   1  18570 GPS  -2267717.446  5009150.099  3221274.319
2025   1  18600 GPS  -2267748.928  5009214.624  3221312.533
2025   1  18630 GPS  -2267719.802  5009138.140  3221273.036
2025   1  18660 GPS  -2267730.359  5009143.482  3221275.235
2025   1  18690 GPS  -2267770.201  5009147.952  3221274.297
2025   1  18720 GPS  -2267772.169  5009135.553  3221277.552
2025   1  18750 GPS  -2267738.911  5009149.725  3221270.293
2025   1  18780 GPS  -2267736.829  5009135.296  3221276.171
2025   1  18810 GPS  -2267765.689  5009176.406  3221299.714
2025   1  18840 GPS  -2267770.147  5009193.596  3221304.274
2025   1  18870 GPS  -2267782.375  5009226.133  3221327.525
2025   1  18900 GPS  -2267759.015  5009189.225  3221305.268
2025   1  18930 GPS  -2267725.916  5009171.606  3221290.085
2025   1  18960 GPS  -2267728.351  5009157.203  3221287.278
2025   1  18990 GPS  -2267754.797  5009147.332  3221277.085
2025   1  19020 GPS  -2267761.549  5009190.358  3221310.111
2025   1  19050 GPS  -2267749.513  5009140.861  3221268.709
2025   1  19080 GPS  -2267759.079  5009166.527  3221282.034
2025   1  19110 GPS  -2267766.690  5009133.373  3221255.812
2025   1  19140 GPS  -2267758.870  5009145.489  3221271.942
2025   1  19170 GPS  -2267737.507  5009143.121  3221275.016
2025   1  19200 GPS  -2267758.032  5009176.757  3221295.967
2025   1  19230 GPS  -2267733.031  5009189.133  3221283.595
2025   1  19260 GPS  -2267729.004  5009178.941  3221271.821
2025   1  19290 GPS  -2267731.362  5009161.444  3221283.944
2025   1  19320 GPS  -2267750.796  5009207.312  3221319.486
2025   1  19350 GPS  -2267749.510  5009188.893  3221299.967
2025   1  19380 GPS  -2267733.178  5009160.692  3221267.594
2025   1  19410 GPS  -2267720.671  5009170.642  3221284.044
2025   1  19440 GPS  -2267764.871  5009156.071  3221291.704
2025   1  19470 GPS  -2267751.729  5009123.509  3221265.499
2025   1  19500 GPS  -2267776.798  5009129.917  3221304.227
2025   1  19530 GPS  -2267752.588  5009113.994  3221273.639
2025   1  19560 GPS  -2267749.367  5009158.491  3221282.247
2025   1  19590 GPS  -2267735.151  5009164.670  3221262.067
2025   1  19620 GPS  -2267732.860  5009175.356  3221263.587
2025   1  19650 GPS  -2267762.818  5009182.423  3221293.929
2025   1  19680 GPS  -2267736.405  5009119.203  3221242.776
2025   1  19710 GPS  -2267754.157  5009124.221  3221252.276
2025   1  19740 GPS  -2267775.225  5009160.172  3221315.872
2025   1  19770 GPS  -2267774.238  5009162.439  3221286.380
2025   1  19800 GPS  -2267754.475  5009154.298  3221261.690
2025   1  19830 GPS  -2267769.435  5009174.381  3221303.550
2025   1  19860 GPS  -2267757.185  5009163.884  3221289.955
2025   1  19890 GPS  -2267747.478  5009130.964  3221272.492
2025   1  19920 GPS  -2267765.448  5009177.110  3221298.374
2025   1  19950 GPS  -2267746.704  5009120.073  3221284.878
2025   1  19980 GPS  -2267741.609  5009110.964  3221257.283
2025   1  20010 GPS  -2267734.375  5009108.483  3221257.584
2025   1  20040 GPS  -2267749.232  5009107.990  3221265.017
2025   1  20070 GPS  -2267734.141  5009089.621  3221266.351
2025   1  20100 GPS  -2267743.073  5009117.590  3221272.763
2025   1  20130 GPS  -2267774.472  5009117.967  3221298.773
2025   1  20160 GPS  -2267742.132  5009107.318  3221255.360
2025   1  20190 GPS  -2267758.786  5009124.066  3221250.474
2025   1  20220 GPS  -2267737.711  5009131.866  3221257.297
2025   1  20250 GPS  -2267703.398  5009104.486  3221227.035
2025   1  20280 GPS  -2267739.333  5009116.991  3221264.503
2025   1  20310 GPS  -2267778.659  5009165.027  3221297.173
2025   1  20340 GPS  -2267766.773  5009150.532  3221273.596
2025   1  20370 GPS  -2267763.834  5009140.888  3221280.816
2025   1  20400 GPS  -2267784.800  5009183.151  3221283.885
2025   1  20430 GPS  -2267762.006  5009140.990  3221276.281
2025   1  20460 GPS  -2267780.557  5009190.062  3221306.724
2025   1  20490 GPS  -2267740.533  5009147.383  3221282.945
2025   1  20520 GPS  -2267716.858  5009114.089  3221257.482
2025   1  20550 GPS  -2267741.693  5009177.184  3221273.163
2025   1  20580 GPS  -2267760.710  5009157.528  3221307.446
2025   1  20610 GPS  -2267757.333  5009174.459  3221296.847
2025   1  20640 GPS  -2267791.963  5009209.657  3221310.012
2025   1  20670 GPS  -2267767.573  5009194.917  3221311.489
2025   1  20700 GPS  -2267768.147  5009200.163  3221301.408
2025   1  20730 GPS  -2267789.618  5009214.521  3221314.703
2025   1  20760 GPS  -2267762.040  5009182.777  3221296.933
2025   1  20790 GPS  -2267753.793  5009168.252  3221304.033
2025   1  20820 GPS  -2267751.898  5009135.449  3221305.204
2025   1  20850 GPS  -2267755.103  5009181.413  3221311.245
2025   1  20880 GPS  -2267742.599  5009160.783  3221294.822
2025   1  20910 GPS  -2267743.474  5009176.038  3221293.018
2025   1  20940 GPS  -2267722.575  5009153.376  3221274.276
2025   1  20970 GPS  -2267746.222  5009137.312  3221282.578
2025   1  21000 GPS  -2267761.870  5009185.421  3221310.066
2025   1  21030 GPS  -2267768.512  5009167.587  3221304.098
2025   1  21060 GPS  -2267733.879  5009099.049  3221277.811
2025   1  21090 GPS  -2267745.889  5009118.205  3221291.016
2025   1  21120 GPS  -2267760.601  5009142.612  3221299.804
2025   1  21150 GPS  -2267752.260  5009126.980  3221315.627
2025   1  21180 GPS  -2267747.289  5009115.133  3221288.977
2025   1  21210 GPS  -2267752.280  5009099.348  3221310.909
2025   1  21240 GPS  -2267735.026  5009110.238  3221267.714
2025   1  21270 GPS  -2267746.124  5009116.562  3221284.501
2025   1  21300 GPS  -2267739.955  5009105.939  3221286.417
2025   1  21330 GPS  -2267749.817  5009115.800  3221283.079
2025   1  21360 GPS  -2267742.075  5009123.959  3221281.604
2025   1  21390 GPS  -2267742.218  5009126.209  3221293.010
2025   1  21420 GPS  -2267742.650  5009140.004  3221288.872
2025   1  21450 GPS  -2267732.380  5009106.380  3221289.910
2025   1  21480 GPS  -2267740.768  5009114.979  3221278.959
2025   1  21510 GPS  -2267771.100  5009184.420  3221304.462
2025   1  21540 GPS  -2267749.256  5009161.198  3221271.602
2025   1  21570 GPS  -2267744.120  5009155.299  3221300.637
2025   1  21600 GPS  -2267760.872  5009171.905  3221322.033
2025   1  21630 GPS  -2267727.757  5009131.564  3221283.999
2025   1  21660 GPS  -2267757.022  5009171.337  3221338.660
2025   1  21690 GPS  -2267766.099  5009164.967  3221348.521
2025   1  21720 GPS  -2267750.761  5009151.705  3221319.319
2025   1  21750 GPS  -2267779.997  5009195.023  3221314.156
2025   1  21780 GPS  -2267755.217  5009203.275  3221305.189
2025   1  21810 GPS  -2267738.048  5009165.799  3221308.869
2025   1  21840 GPS  -2267784.170  5009226.822  3221356.078
2025   1  21870 GPS  -2267761.307  5009199.520  3221332.934
2025   1  21900 GPS  -2267778.345  5009231.333  3221346.493
2025   1  21930 GPS  -2267754.323  5009215.117  3221340.635
2025   1  21960 GPS  -2267750.891  5009236.215  3221342.606
2025   1  21990 GPS  -2267781.599  5009211.668  3221335.013
2025   1  22020 GPS  -2267724.814  5009142.245  3221340.600
2025   1  22050 GPS  -2267769.352  5009212.664  3221351.454
2025   1  22080 GPS  -2267739.862  5009193.609  3221328.037
2025   1  22110 GPS  -2267761.389  5009232.617  3221313.743
2025   1  22140 GPS  -2267730.972  5009196.650  3221306.148
2025   1  22170 GPS  -2267711.381  5009147.980  3221323.044
2025   1  22200 GPS  -2267749.002  5009188.735  3221316.226
2025   1  22230 GPS  -2267758.068  5009158.772  3221284.173
2025   1  22260 GPS  -2267757.936  5009184.608  3221305.953
2025   1  22290 GPS  -2267735.657  5009164.232  3221286.134
2025   1  22320 GPS  -2267726.600  5009107.546  3221262.847
2025   1  22350 GPS  -2267734.719  5009132.743  3221288.304
2025   1  22380 GPS  -2267742.492  5009128.267  3221282.276
2025   1  22410 GPS  -2267731.318  5009176.871  3221295.293
2025   1  22440 GPS  -2267748.084  5009134.692  3221277.380
2025   1  22470 GPS  -2267758.304  5009147.386  3221299.226
2025   1  22500 GPS  -2267745.451  5009117.296  3221272.416
2025   1  22530 GPS  -2267774.417  5009116.900  3221269.069
2025   1  22560 GPS  -2267748.062  5009130.340  3221314.151
2025   1  22590 GPS  -2267742.450  5009126.039  3221314.212
2025   1  22620 GPS  -2267731.286  5009116.396  3221325.455
2025   1  22650 GPS  -2267717.745  5009122.608  3221334.834
2025   1  22680 GPS  -2267747.778  5009143.216  3221321.879
2025   1  22710 GPS  -2267744.975  5009195.691  3221324.492
2025   1  22740 GPS  -2267755.675  5009150.363  3221282.021
2025   1  22770 GPS  -2267753.354  5009152.840  3221283.793
2025   1  22800 GPS  -2267719.143  5009098.451  3221314.225
2025   1  22830 GPS  -2267743.273  5009115.376  3221323.090
2025   1  22860 GPS  -2267743.231  5009119.663  3221298.861
2025   1  22890 GPS  -2267756.184  5009176.115  3221335.151
2025   1  22920 GPS  -2267741.469  5009142.703  3221302.470
2025   1  22950 GPS  -2267703.301  5009211.095  3221365.483
2025   1  22980 GPS  -2267710.516  5009167.343  3221307.382
2025   1  23010 GPS  -2267741.491  5009188.542  3221318.207
2025   1  23040 GPS  -2267755.286  5009189.352  3221311.171
2025   1  23070 GPS  -2267721.761  5009229.936  3221372.524
2025   1  23100 GPS  -2267685.048  5009174.027  3221309.201
2025   1  23130 GPS  -2267748.566  5009214.825  3221332.778
2025   1  23160 GPS  -2267725.586  5009195.623  3221337.692
2025   1  23190 GPS  -2267739.886  5009169.969  3221285.413
2025   1  23220 GPS  -2267750.359  5009119.438  3221265.831
2025   1  23250 GPS  -2267759.635  5009155.395  3221329.193
2025   1  23280 GPS  -2267760.188  5009176.159  3221298.777
2025   1  23310 GPS  -2267746.328  5009194.813  3221310.217
2025   1  23340 GPS  -2267749.015  5009167.608  3221327.909
2025   1  23370 GPS  -2267735.389  5009178.891  3221288.640
2025   1  23400 GPS  -2267702.557  5009135.866  3221312.703
2025   1  23430 GPS  -2267693.659  5009156.385  3221333.010
2025   1  23460 GPS  -2267692.889  5009191.527  3221329.049
2025   1  23490 GPS  -2267742.999  5009263.452  3221336.431
2025   1  23520 GPS  -2267728.630  5009234.455  3221331.186
2025   1  23550 GPS  -2267767.947  5009193.265  3221299.191
2025   1  23580 GPS  -2267775.050  5009188.160  3221315.219
2025   1  23610 GPS  -2267716.952  5009126.969  3221293.519
2025   1  23640 GPS  -2267748.935  5009125.285  3221284.140
2025   1  23670 GPS  -2267715.848  5009120.048  3221273.112
2025   1  23700 GPS  -2267734.820  5009128.957  3221258.991
2025   1  23730 GPS  -2267724.127  5009160.832  3221339.464
2025   1  23760 GPS  -2267718.615  5009121.114  3221269.017
2025   1  23790 GPS  -2267738.814  5009137.489  3221272.379
2025   1  23820 GPS  -2267743.038  5009157.831  3221301.953
2025   1  23850 GPS  -2267724.975  5009130.286  3221263.137
2025   1  23880 GPS  -2267716.177  5009167.256  3221294.580
2025   1  23910 GPS  -2267731.936  5009138.905  3221283.092
2025   1  23940 GPS  -2267698.747  5009230.525  3221341.723
2025   1  23970 GPS  -2267729.844  5009185.652  3221311.347
2025   1  24000 GPS  -2267733.796  5009175.912  3221303.262
2025   1  24030 GPS  -2267724.198  5009158.621  3221299.828
2025   1  24060 GPS  -2267723.494  5009137.203  3221276.649
2025   1  24090 GPS  -2267738.699  5009166.754  3221313.286
2025   1  24120 GPS  -2267732.242  5009096.117  3221262.186
2025   1  24150 GPS  -2267747.579  5009123.178  3221272.674
2025   1  24180 GPS  -2267750.685  5009152.913  3221304.930
2025   1  24210 GPS  -2267748.282  5009161.992  3221299.254
2025   1  24240 GPS  -2267744.134  5009177.535  3221313.717
2025   1  24270 GPS  -2267743.541  5009184.509  3221332.306
2025   1  24300 GPS  -2267729.498  5009190.390  3221322.837
2025   1  24330 GPS  -2267735.457  5009217.244  3221354.561
2025   1  24360 GPS  -2267737.160  5009168.973  3221308.231
2025   1  24390 GPS  -2267736.077  5009130.605  3221286.289
2025   1  24420 GPS  -2267728.210  5009090.696  3221260.244
2025   1  24450 GPS  -2267734.296  5009128.236  3221276.133
2025   1  24480 GPS  -2267743.477  5009186.528  3221321.879
2025   1  24510 GPS  -2267733.488  5009158.095  3221294.532
2025   1  24540 GPS  -2267745.269  5009138.660  3221282.589
2025   1  24570 GPS  -2267729.614  5009146.651  3221293.469
2025   1  24600 GPS  -2267716.333  5009157.822  3221315.371
2025   1  24630 GPS  -2267755.799  5009193.551  3221322.088
2025   1  24660 GPS  -2267757.390  5009199.714  3221323.631
2025   1  24690 GPS  -2267756.986  5009180.976  3221305.492
2025   1  24720 GPS  -2267741.771  5009193.610  3221326.493
2025   1  24750 GPS  -2267757.673  5009196.192  3221327.273
2025   1  24780 GPS  -2267764.106  5009125.047  3221250.575
2025   1  24810 GPS  -2267767.826  5009147.126  3221277.679
2025   1  24840 GPS  -2267763.712  5009180.218  3221301.866
2025   1  24870 GPS  -2267764.899  5009179.850  3221299.343
2025   1  24900 GPS  -2267774.249  5009210.549  3221294.380
2025   1  24930 GPS  -2267766.798  5009237.745  3221326.885
2025   1  24960 GPS  -2267735.647  5009201.922  3221320.732
2025   1  24990 GPS  -2267741.512  5009191.149  3221317.030
2025   1  25020 GPS  -2267771.754  5009185.551  3221303.221
2025   1  25050 GPS  -2267750.350  5009140.163  3221292.478
2025   1  25080 GPS  -2267744.908  5009106.038  3221280.967
2025   1  25110 GPS  -2267735.825  5009102.241  3221268.525
2025   1  25140 GPS  -2267752.339  5009143.968  3221270.553
2025   1  25170 GPS  -2267753.496  5009195.022  3221306.552
2025   1  25200 GPS  -2267751.043  5009168.287  3221304.195
2025   1  25230 GPS  -2267749.621  5009159.050  3221298.968
2025   1  25260 GPS  -2267744.799  5009169.606  3221293.774
2025   1  25290 GPS  -2267733.021  5009146.063  3221298.792
2025   1  25320 GPS  -2267726.990  5009119.552  3221294.057
2025   1  25350 GPS  -2267724.082  5009130.134  3221293.037
2025   1  25380 GPS  -2267761.388  5009136.175  3221281.165
2025   1  25410 GPS  -2267720.673  5009137.546  3221295.791
2025   1  25440 GPS  -2267727.624  5009142.181  3221298.844
2025   1  25470 GPS  -2267747.895  5009182.794  3221305.107
2025   1  25500 GPS  -2267760.430  5009177.972  3221298.883
2025   1  25530 GPS  -2267741.820  5009170.577  3221300.177
2025   1  25560 GPS  -2267727.886  5009136.600  3221293.123
2025   1  25590 GPS  -2267742.749  5009155.400  3221297.042
2025   1  25620 GPS  -2267740.675  5009134.214  3221297.585
2025   1  25650 GPS  -2267808.728  5009235.397  3221324.814
2025   1  25680 GPS  -2267784.520  5009193.027  3221316.125
2025   1  25710 GPS  -2267781.357  5009182.048  3221308.822
2025   1  25740 GPS  -2267735.522  5009172.959  3221311.230
2025   1  25770 GPS  -2267737.149  5009169.400  3221316.759
2025   1  25800 GPS  -2267767.051  5009211.605  3221324.485
2025   1  25830 GPS  -2267783.706  5009214.565  3221320.890
2025   1  25860 GPS  -2267755.063  5009153.006  3221297.834
2025   1  25890 GPS  -2267765.979  5009168.078  3221298.219
2025   1  25920 GPS  -2267760.876  5009157.569  3221294.451
2025   1  25950 GPS  -2267730.718  5009145.997  3221297.893
2025   1  25980 GPS  -2267742.724  5009185.768  3221307.167
2025   1  26010 GPS  -2267760.133  5009194.778  3221320.435
2025   1  26040 GPS  -2267730.392  5009148.257  3221305.640
2025   1  26070 GPS  -2267746.993  5009169.276  3221301.492
2025   1  26100 GPS  -2267711.526  5009147.580  3221294.335
2025   1  26130 GPS  -2267759.037  5009173.958  3221300.178
2025   1  26160 GPS  -2267774.829  5009185.352  3221301.041
2025   1  26190 GPS  -2267756.299  5009139.224  3221280.101
2025   1  26220 GPS  -2267747.725  5009168.410  3221303.084
2025   1  26250 GPS  -2267733.819  5009126.812  3221281.041
2025   1  26280 GPS  -2267749.904  5009136.193  3221283.657
2025   1  26310 GPS  -2267765.841  5009173.394  3221302.013
2025   1  26340 GPS  -2267725.123  5009114.914  3221295.141
2025   1  26370 GPS  -2267762.649  5009172.478  3221308.057
2025   1  26400 GPS  -2267744.411  5009133.727  3221280.362
2025   1  26430 GPS  -2267751.511  5009164.261  3221295.619
2025   1  26460 GPS  -2267754.574  5009152.798  3221288.938
2025   1  26490 GPS  -2267740.560  5009129.039  3221286.370
2025   1  26520 GPS  -2267742.441  5009110.161  3221278.308
2025   1  26550 GPS  -2267786.647  5009202.987  3221309.150
2025   1  26580 GPS  -2267740.319  5009131.878  3221284.982
2025   1  26610 GPS  -2267755.339  5009156.718  3221289.812
2025   1  26640 GPS  -2267733.771  5009129.320  3221279.347
2025   1  26670 GPS  -2267731.681  5009111.557  3221283.213
2025   1  26700 GPS  -2267731.738  5009089.220  3221266.399
2025   1  26730 GPS  -2267782.418  5009158.941  3221283.615
2025   1  26760 GPS  -2267749.714  5009124.009  3221276.029
2025   1  26790 GPS  -2267732.013  5009114.883  3221269.851
2025   1  26820 GPS  -2267747.019  5009132.757  3221267.604
2025   1  26850 GPS  -2267718.286  5009142.709  3221279.588
2025   1  26880 GPS  -2267739.309  5009162.853  3221278.252
2025   1  26910 GPS  -2267734.036  5009143.971  3221291.850
2025   1  26940 GPS  -2267739.797  5009172.838  3221287.617
2025   1  26970 GPS  -2267767.407  5009176.963  3221297.161
2025   1  27000 GPS  -2267737.375  5009158.665  3221288.794
2025   1  27030 GPS  -2267699.747  5009122.464  3221290.838
2025   1  27060 GPS  -2267743.088  5009155.389  3221296.736
2025   1  27090 GPS  -2267706.510  5009120.827  3221282.900
2025   1  27120 GPS  -2267760.304  5009169.394  3221304.262
2025   1  27150 GPS  -2267743.519  5009151.362  3221293.098
2025   1  27180 GPS  -2267781.682  5009188.327  3221310.710
2025   1  27210 GPS  -2267746.346  5009146.098  3221283.752
2025   1  27240 GPS  -2267752.080  5009125.743  3221280.156
2025   1  27270 GPS  -2267813.179  5009204.368  3221322.737
2025   1  27300 GPS  -2267772.852  5009166.449  3221305.149
2025   1  27330 GPS  -2267738.526  5009147.089  3221297.718
2025   1  27360 GPS  -2267747.120  5009132.305  3221300.663
2025   1  27390 GPS  -2267793.562  5009181.777  3221318.437
2025   1  27420 GPS  -2267758.122  5009157.509  3221303.580
2025   1  27450 GPS  -2267771.822  5009179.878  3221309.625
2025   1  27480 GPS  -2267784.654  5009165.643  3221307.895
2025   1  27510 GPS  -2267771.895  5009181.041  3221303.683
2025   1  27540 GPS  -2267761.938  5009172.486  3221297.367
2025   1  27570 GPS  -2267743.053  5009130.270  3221288.797
2025   1  27600 GPS  -2267745.784  5009126.463  3221277.702
2025   1  27630 GPS  -2267721.741  5009125.922  3221284.180
2025   1  27660 GPS  -2267772.114  5009175.906  3221304.232
2025   1  27690 GPS  -2267752.823  5009158.838  3221286.646
2025   1  27720 GPS  -2267746.510  5009145.430  3221287.171
2025   1  27750 GPS  -2267759.730  5009157.263  3221300.301
2025   1  27780 GPS  -2267722.518  5009134.700  3221279.610
2025   1  27810 GPS  -2267756.067  5009136.838  3221292.479
2025   1  27840 GPS  -2267761.887  5009153.276  3221299.808
2025   1  27870 GPS  -2267753.009  5009146.197  3221291.408
2025   1  27900 GPS  -2267756.751  5009162.309  3221294.832
2025   1  27930 GPS  -2267742.250  5009176.663  3221300.688
2025   1  27960 GPS  -2267757.403  5009197.612  3221301.529
2025   1  27990 GPS  -2267787.419  5009213.151  3221315.755
2025   1  28020 GPS  -2267749.113  5009237.755  3221313.442
2025   1  28050 GPS  -2267761.926  5009228.276  3221320.176
2025   1  28080 GPS  -2267772.407  5009241.348  3221327.807
2025   1  28110 GPS  -2267765.183  5009226.704  3221316.517
2025   1  28140 GPS  -2267734.831  5009140.019  3221294.940
2025   1  28170 GPS  -2267785.303  5009183.846  3221303.481
2025   1  28200 GPS  -2267758.919  5009170.367  3221304.885
2025   1  28230 GPS  -2267714.188  5009122.599  3221292.659
2025   1  28260 GPS  -2267740.975  5009113.874  3221295.673
2025   1  28290 GPS  -2267754.766  5009140.489  3221295.580
2025   1  28320 GPS  -2267708.804  5009140.320  3221286.506
2025   1  28350 GPS  -2267757.978  5009164.790  3221303.057
2025   1  28380 GPS  -2267732.130  5009169.500  3221295.559
2025   1  28410 GPS  -2267706.596  5009176.342  3221302.967
2025   1  28440 GPS  -2267737.921  5009197.545  3221303.644
2025   1  28470 GPS  -2267763.836  5009209.885  3221326.379
2025   1  28500 GPS  -2267761.530  5009194.639  3221323.939
2025   1  28530 GPS  -2267738.780  5009174.611  3221313.069
2025   1  28560 GPS  -2267771.869  5009190.051  3221314.425
2025   1  28590 GPS  -2267759.405  5009162.823  3221293.884
2025   1  28620 GPS  -2267763.420  5009172.717  3221313.044
2025   1  28650 GPS  -2267753.347  5009168.412  3221306.246
2025   1  28680 GPS  -2267719.238  5009129.666  3221300.297
2025   1  28710 GPS  -2267763.092  5009158.777  3221307.989
2025   1  28740 GPS  -2267760.317  5009202.999  3221310.111
2025   1  28770 GPS  -2267705.462  5009130.557  3221280.999
2025   1  28800 GPS  -2267731.796  5009150.160  3221306.158
2025   1  28830 GPS  -2267692.939  5009093.512  3221276.460
2025   1  28860 GPS  -2267759.072  5009162.493  3221304.101
2025   1  28890 GPS  -2267758.030  5009134.030  3221312.017
2025   1  28920 GPS  -2267761.700  5009200.339  3221307.060
2025   1  28950 GPS  -2267771.900  5009204.559  3221310.820
2025   1  28980 GPS  -2267722.975  5009172.105  3221309.295
2025   1  29010 GPS  -2267761.852  5009167.932  3221316.637
2025   1  29040 GPS  -2267785.594  5009182.837  3221317.995
2025   1  29070 GPS  -2267786.548  5009189.677  3221311.879
2025   1  29100 GPS  -2267797.694  5009193.307  3221317.811
2025   1  29130 GPS  -2267765.202  5009172.848  3221313.054
2025   1  29160 GPS  -2267751.215  5009166.434  3221295.350
2025   1  29190 GPS  -2267750.969  5009178.258  3221308.450
2025   1  29220 GPS  -2267745.517  5009151.503  3221279.594
2025   1  29250 GPS  -2267747.263  5009171.573  3221295.275
2025   1  29280 GPS  -2267758.422  5009143.323  3221298.492
2025   1  29310 GPS  -2267776.278  5009133.586  3221310.435
2025   1  29340 GPS  -2267747.954  5009113.536  3221294.464
2025   1  29370 GPS  -2267771.120  5009139.597  3221315.896
2025   1  29400 GPS  -2267768.563  5009151.235  3221317.941
2025   1  29430 GPS  -2267750.571  5009117.442  3221285.568
2025   1  29460 GPS  -2267758.989  5009174.161  3221319.751
2025   1  29490 GPS  -2267731.926  5009184.753  3221327.270
2025   1  29520 GPS  -2267755.955  5009156.044  3221301.909
2025   1  29550 GPS  -2267767.510  5009161.158  3221321.413
2025   1  29580 GPS  -2267738.821  5009197.317  3221295.365
2025   1  29610 GPS  -2267750.571  5009136.896  3221299.871
2025   1  29640 GPS  -2267783.024  5009163.217  3221299.967
2025   1  29670 GPS  -2267775.374  5009174.409  3221315.576
2025   1  29700 GPS  -2267762.023  5009144.143  3221293.101
2025   1  29730 GPS  -2267730.835  5009152.050  3221266.376
2025   1  29760 GPS  -2267745.986  5009169.027  3221295.534
2025   1  29790 GPS  -2267748.311  5009115.538  3221287.997
2025   1  29820 GPS  -2267773.922  5009141.677  3221304.960
2025   1  29850 GPS  -2267767.017  5009189.344  3221314.222
2025   1  29880 GPS  -2267753.874  5009170.085  3221297.448
2025   1  29910 GPS  -2267767.864  5009205.630  3221321.962
2025   1  29940 GPS  -2267767.117  5009217.816  3221318.118
2025   1  29970 GPS  -2267773.490  5009168.930  3221310.091
2025   1  30000 GPS  -2267776.190  5009138.725  3221305.444
2025   1  30030 GPS  -2267774.116  5009175.161  3221327.792
2025   1  30060 GPS  -2267746.211  5009201.940  3221310.044
2025   1  30090 GPS  -2267762.970  5009217.979  3221338.918
2025   1  30120 GPS  -2267757.560  5009172.626  3221312.010
2025   1  30150 GPS  -2267761.642  5009115.602  3221275.101
2025   1  30180 GPS  -2267750.111  5009147.066  3221287.929
2025   1  30210 GPS  -2267754.039  5009128.885  3221285.266
2025   1  30240 GPS  -2267740.053  5009122.871  3221271.243
2025   1  30270 GPS  -2267759.422  5009190.532  3221316.009
2025   1  30300 GPS  -2267779.701  5009215.518  3221327.924
2025   1  30330 GPS  -2267760.022  5009242.964  3221330.679
2025   1  30360 GPS  -2267762.221  5009184.545  3221315.531
2025   1  30390 GPS  -2267732.895  5009121.200  3221265.980
2025   1  30420 GPS  -2267761.395  5009136.708  3221320.683
2025   1  30450 GPS  -2267768.910  5009161.023  3221326.712
2025   1  30480 GPS  -2267742.948  5009138.277  3221288.063
2025   1  30510 GPS  -2267764.803  5009157.404  3221308.747
2025   1  30540 GPS  -2267735.509  5009156.798  3221289.923
2025   1  30570 GPS  -2267733.130  5009139.392  3221273.322
2025   1  30600 GPS  -2267742.553  5009113.242  3221260.117
2025   1  30630 GPS  -2267767.717  5009094.429  3221270.022
2025   1  30660 GPS  -2267769.058  5009157.621  3221314.406
2025   1  30690 GPS  -2267759.531  5009165.773  3221293.682
2025   1  30720 GPS  -2267733.435  5009098.907  3221243.370
2025   1  30750 GPS  -2267723.956  5009053.094  3221258.389
2025   1  30780 GPS  -2267727.192  5009057.209  3221271.108
2025   1  30810 GPS  -2267775.471  5009141.829  3221312.508
2025   1  30840 GPS  -2267765.789  5009163.441  3221290.689
2025   1  30870 GPS  -2267771.591  5009165.326  3221295.847
2025   1  30900 GPS  -2267771.929  5009169.140  3221326.108
2025   1  30930 GPS  -2267775.596  5009121.835  3221298.670
2025   1  30960 GPS  -2267736.605  5009065.831  3221257.739
2025   1  30990 GPS  -2267711.460  5009028.456  3221224.475
2025   1  31020 GPS  -2267719.932  5009103.723  3221282.576
2025   1  31050 GPS  -2267758.760  5009137.177  3221293.309
2025   1  31080 GPS  -2267781.396  5009176.805  3221336.084
2025   1  31110 GPS  -2267767.118  5009172.600  3221328.808
2025   1  31140 GPS  -2267800.203  5009192.549  3221372.446
2025   1  31170 GPS  -2267780.447  5009205.255  3221363.375
2025   1  31200 GPS  -2267766.510  5009155.198  3221320.312
2025   1  31230 GPS  -2267760.869  5009135.645  3221316.142
2025   1  31260 GPS  -2267750.844  5009092.151  3221297.430
2025   1  31290 GPS  -2267747.036  5009144.756  3221330.179
2025   1  31320 GPS  -2267765.507  5009164.640  3221300.926
2025   1  31350 GPS  -2267765.508  5009154.343  3221311.925
2025   1  31380 GPS  -2267769.579  5009201.710  3221339.968
2025   1  31410 GPS  -2267771.151  5009137.463  3221325.365
2025   1  31440 GPS  -2267749.248  5009129.032  3221304.267
2025   1  31470 GPS  -2267742.909  5009136.078  3221304.054
2025   1  31500 GPS  -2267742.476  5009116.916  3221261.417
2025   1  31530 GPS  -2267738.958  5009121.960  3221273.153
2025   1  31560 GPS  -2267769.467  5009173.287  3221342.662
2025   1  31590 GPS  -2267732.501  5009124.106  3221248.412
2025   1  31620 GPS  -2267730.321  5009121.214  3221249.475
2025   1  31650 GPS  -2267757.407  5009147.047  3221275.207
2025   1  31680 GPS  -2267774.914  5009183.350  3221321.054
2025   1  31710 GPS  -2267770.181  5009190.688  3221324.298
2025   1  31740 GPS  -2267776.559  5009164.727  3221301.986
2025   1  31770 GPS  -2267782.173  5009198.583  3221327.456
2025   1  31800 GPS  -2267768.906  5009176.573  3221304.921
2025   1  31830 GPS  -2267763.030  5009174.845  3221292.908
2025   1  31860 GPS  -2267767.542  5009144.659  3221267.800
2025   1  31890 GPS  -2267753.631  5009167.652  3221287.418
2025   1  31920 GPS  -2267758.473  5009187.338  3221349.836
2025   1  31950 GPS  -2267771.186  5009177.033  3221321.785
2025   1  31980 GPS  -2267759.732  5009179.259  3221315.679
2025   1  32010 GPS  -2267774.250  5009201.609  3221367.997
2025   1  32040 GPS  -2267764.437  5009205.828  3221335.106
2025   1  32070 GPS  -2267759.932  5009200.732  3221318.024
2025   1  32100 GPS  -2267777.459  5009203.923  3221327.622
2025   1  32130 GPS  -2267762.933  5009179.551  3221296.627
2025   1  32160 GPS  -2267744.404  5009175.447  3221298.587
2025   1  32190 GPS  -2267753.940  5009171.452  3221300.727
2025   1  32220 GPS  -2267783.249  5009186.276  3221301.507
2025   1  32250 GPS  -2267755.796  5009179.292  3221313.123
2025   1  32280 GPS  -2267751.776  5009134.200  3221257.191
2025   1  32310 GPS  -2267755.810  5009181.220  3221321.694
2025   1  32340 GPS  -2267773.555  5009209.217  3221363.501
2025   1  32370 GPS  -2267757.340  5009228.306  3221379.971
2025   1  32400 GPS  -2267787.821  5009229.185  3221357.443
2025   1  32430 GPS  -2267751.728  5009161.393  3221305.856
2025   1  32460 GPS  -2267781.467  5009189.471  3221337.571
2025   1  32490 GPS  -2267777.530  5009168.130  3221313.281
2025   1  32520 GPS  -2267780.887  5009190.763  3221362.865
2025   1  32550 GPS  -2267772.983  5009191.443  3221353.227
2025   1  32580 GPS  -2267765.138  5009154.665  3221305.123
2025   1  32610 GPS  -2267747.187  5009168.484  3221327.673
2025   1  32640 GPS  -2267769.572  5009208.412  3221337.420
2025   1  32670 GPS  -2267768.900  5009226.799  3221374.031
2025   1  32700 GPS  -2267767.049  5009232.375  3221378.270
2025   1  32730 GPS  -2267761.311  5009186.593  3221356.414
2025   1  32760 GPS  -2267753.255  5009155.262  3221301.574
2025   1  32790 GPS  -2267758.323  5009219.183  3221340.038
2025   1  32820 GPS  -2267748.378  5009171.058  3221313.810
2025   1  32850 GPS  -2267755.729  5009202.381  3221315.533
2025   1  32880 GPS  -2267772.004  5009208.809  3221354.531
2025   1  32910 GPS  -2267778.535  5009223.235  3221369.591
2025   1  32940 GPS  -2267771.144  5009215.509  3221353.738
2025   1  32970 GPS  -2267758.008  5009189.547  3221337.228
2025   1  33000 GPS  -2267778.481  5009185.402  3221343.498
2025   1  33030 GPS  -2267788.832  5009175.118  3221320.253
2025   1  33060 GPS  -2267751.625  5009171.516  3221306.488
2025   1  33090 GPS  -2267753.204  5009184.989  3221320.746
2025   1  33120 GPS  -2267746.066  5009170.897  3221305.249
2025   1  33150 GPS  -2267769.052  5009183.448  3221346.918
2025   1  33180 GPS  -2267773.077  5009205.533  3221362.871
2025   1  33210 GPS  -2267781.746  5009180.883  3221329.095
2025   1  33240 GPS  -2267762.511  5009187.981  3221341.499
2025   1  33270 GPS  -2267748.148  5009145.159  3221318.618
2025   1  33300 GPS  -2267752.747  5009150.016  3221286.313
2025   1  33330 GPS  -2267750.828  5009153.160  3221334.257
2025   1  33360 GPS  -2267752.883  5009176.408  3221333.109
2025   1  33390 GPS  -2267763.414  5009192.149  3221320.854
2025   1  33420 GPS  -2267751.541  5009188.569  3221361.087
2025   1  33450 GPS  -2267759.576  5009166.018  3221329.088
2025   1  33480 GPS  -2267776.911  5009179.696  3221330.657
2025   1  33510 GPS  -2267762.773  5009209.840  3221348.144
2025   1  33540 GPS  -2267771.597  5009161.363  3221299.115
2025   1  33570 GPS  -2267757.014  5009149.920  3221278.538
2025   1  33600 GPS  -2267755.243  5009143.830  3221270.363
2025   1  33630 GPS  -2267785.400  5009195.841  3221320.019
2025   1  33660 GPS  -2267776.943  5009203.666  3221337.516
2025   1  33690 GPS  -2267782.106  5009202.976  3221342.450
2025   1  33720 GPS  -2267746.084  5009143.279  3221262.532
2025   1  33750 GPS  -2267758.782  5009180.070  3221308.262
2025   1  33780 GPS  -2267776.571  5009180.698  3221303.766
2025   1  33810 GPS  -2267767.839  5009151.737  3221278.373
2025   1  33840 GPS  -2267766.798  5009165.890  3221274.394
2025   1  33870 GPS  -2267763.626  5009168.215  3221296.019
2025   1  33900 GPS  -2267784.900  5009162.975  3221294.681
2025   1  33930 GPS  -2267795.109  5009200.052  3221341.108
2025   1  33960 GPS  -2267810.302  5009243.159  3221394.258
2025   1  33990 GPS  -2267789.442  5009187.492  3221324.762
2025   1  34020 GPS  -2267778.017  5009196.283  3221337.406
2025   1  34050 GPS  -2267781.787  5009202.854  3221352.763
2025   1  34080 GPS  -2267743.957  5009171.350  3221339.190
2025   1  34110 GPS  -2267761.200  5009165.421  3221328.629
2025   1  34140 GPS  -2267797.041  5009236.041  3221346.099
2025   1  34170 GPS  -2267771.158  5009217.619  3221318.626
2025   1  34200 GPS  -2267773.895  5009167.278  3221317.336
2025   1  34230 GPS  -2267780.626  5009237.006  3221341.200
2025   1  34260 GPS  -2267794.984  5009244.369  3221358.775
2025   1  34290 GPS  -2267778.665  5009241.584  3221385.764
2025   1  34320 GPS  -2267762.215  5009216.696  3221351.459
2025   1  34350 GPS  -2267799.697  5009294.084  3221406.085
2025   1  34380 GPS  -2267814.530  5009257.981  3221341.012
2025   1  34410 GPS  -2267808.486  5009267.208  3221373.997
2025   1  34440 GPS  -2267765.067  5009210.903  3221346.847
2025   1  34470 GPS  -2267767.765  5009197.469  3221325.760
2025   1  34500 GPS  -2267777.199  5009188.992  3221316.695
2025   1  34530 GPS  -2267767.192  5009147.235  3221307.497
2025   1  34560 GPS  -2267779.449  5009195.544  3221331.931
2025   1  34590 GPS  -2267759.525  5009135.731  3221281.910
2025   1  34620 GPS  -2267788.342  5009179.745  3221279.430
2025   1  34650 GPS  -2267788.418  5009155.316  3221287.480
2025   1  34680 GPS  -2267771.345  5009173.538  3221336.268
2025   1  34710 GPS  -2267778.266  5009188.783  3221337.763
2025   1  34740 GPS  -2267776.969  5009148.506  3221289.317
2025   1  34770 GPS  -2267783.478  5009108.790  3221266.575
2025   1  34800 GPS  -2267774.124  5009148.049  3221321.541
2025   1  34830 GPS  -2267768.516  5009173.612  3221336.159
2025   1  34860 GPS  -2267783.271  5009185.886  3221318.994
2025   1  34890 GPS  -2267775.972  5009166.765  3221306.906
2025   1  34920 GPS  -2267754.081  5009145.710  3221315.157
2025   1  34950 GPS  -2267749.295  5009128.754  3221302.299
2025   1  34980 GPS  -2267788.319  5009215.315  3221351.596
2025   1  35010 GPS  -2267767.226  5009218.850  3221356.285
2025   1  35040 GPS  -2267745.626  5009160.504  3221283.608
2025   1  35070 GPS  -2267773.662  5009125.084  3221255.045
2025   1  35100 GPS  -2267800.061  5009222.948  3221284.431
2025   1  35130 GPS  -2267784.253  5009196.701  3221300.973
2025   1  35160 GPS  -2267789.167  5009212.754  3221300.029
2025   1  35190 GPS  -2267763.638  5009170.799  3221314.307
2025   1  35220 GPS  -2267790.798  5009197.927  3221291.833
2025   1  35250 GPS  -2267774.265  5009200.295  3221316.015
2025   1  35280 GPS  -2267759.432  5009175.698  3221324.882
2025   1  35310 GPS  -2267769.044  5009187.908  3221335.602
2025   1  35340 GPS  -2267787.050  5009201.908  3221322.109
2025   1  35370 GPS  -2267795.092  5009252.850  3221366.572
2025   1  35400 GPS  -2267763.158  5009149.220  3221331.341
2025   1  35430 GPS  -2267763.899  5009103.107  3221294.024
2025   1  35460 GPS  -2267751.281  5009108.029  3221283.180
2025   1  35490 GPS  -2267779.046  5009176.252  3221307.202
2025   1  35520 GPS  -2267766.881  5009128.254  3221263.995
2025   1  35550 GPS  -2267764.249  5009188.485  3221305.876
2025   1  35580 GPS  -2267781.924  5009174.406  3221291.205
2025   1  35610 GPS  -2267775.697  5009175.532  3221312.275
2025   1  35640 GPS  -2267777.603  5009210.620  3221328.096
2025   1  35670 GPS  -2267774.045  5009156.608  3221304.242
2025   1  35700 GPS  -2267782.042  5009167.521  3221301.070
2025   1  35730 GPS  -2267795.513  5009179.779  3221293.927
2025   1  35760 GPS  -2267805.098  5009250.980  3221343.323
2025   1  35790 GPS  -2267800.165  5009207.452  3221328.310
2025   1  35820 GPS  -2267804.322  5009226.591  3221358.697
2025   1  35850 GPS  -2267789.932  5009240.801  3221362.236
2025   1  35880 GPS  -2267801.245  5009205.502  3221330.479
2025   1  35910 GPS  -2267779.582  5009190.469  3221312.407
2025   1  35940 GPS  -2267755.609  5009094.780  3221249.498
2025   1  35970 GPS  -2267783.506  5009191.406  3221287.288
2025   1  36000 GPS  -2267772.220  5009195.443  3221328.635
2025   1  36030 GPS  -2267748.506  5009116.489  3221289.623
2025   1  36060 GPS  -2267782.728  5009150.305  3221287.157
2025   1  36090 GPS  -2267778.243  5009142.902  3221310.537
2025   1  36120 GPS  -2267787.171  5009162.216  3221311.903
2025   1  36150 GPS  -2267780.669  5009172.883  3221307.497
2025   1  36180 GPS  -2267752.990  5009110.635  3221290.076
2025   1  36210 GPS  -2267773.989  5009165.398  3221294.867
2025   1  36240 GPS  -2267817.400  5009206.932  3221298.483
2025   1  36270 GPS  -2267781.236  5009131.828  3221287.092
2025   1  36300 GPS  -2267767.864  5009161.532  3221314.752
2025   1  36330 GPS  -2267814.935  5009199.037  3221316.437
2025   1  36360 GPS  -2267824.203  5009247.049  3221329.947
2025   1  36390 GPS  -2267765.670  5009157.533  3221298.422
2025   1  36420 GPS  -2267813.698  5009204.466  3221309.977
2025   1  36450 GPS  -2267799.778  5009162.897  3221297.392
2025   1  36480 GPS  -2267786.761  5009173.462  3221322.524
2025   1  36510 GPS  -2267795.046  5009162.917  3221316.308
2025   1  36540 GPS  -2267784.303  5009191.944  3221332.234
2025   1  36570 GPS  -2267752.707  5009129.815  3221311.224
2025   1  36600 GPS  -2267758.815  5009148.092  3221302.259
2025   1  36630 GPS  -2267768.687  5009165.495  3221303.077
2025   1  36660 GPS  -2267764.273  5009158.828  3221300.466
2025   1  36690 GPS  -2267752.161  5009134.825  3221301.608
2025   1  36720 GPS  -2267793.511  5009181.958  3221323.886
2025   1  36750 GPS  -2267775.197  5009173.968  3221313.980
2025   1  36780 GPS  -2267781.233  5009203.387  3221321.033
2025   1  36810 GPS  -2267799.855  5009238.386  3221337.347
2025   1  36840 GPS  -2267790.709  5009207.309  3221326.107
2025   1  36870 GPS  -2267807.761  5009197.934  3221314.146
2025   1  36900 GPS  -2267776.061  5009145.494  3221297.218
2025   1  36930 GPS  -2267785.380  5009199.560  3221326.814
2025   1  36960 GPS  -2267781.882  5009184.116  3221316.497
2025   1  36990 GPS  -2267773.862  5009177.188  3221318.579
2025   1  37020 GPS  -2267746.544  5009115.301  3221290.691
2025   1  37050 GPS  -2267760.927  5009147.460  3221301.071
2025   1  37080 GPS  -2267770.471  5009166.625  3221298.553
2025   1  37110 GPS  -2267740.657  5009105.276  3221270.150
2025   1  37140 GPS  -2267755.743  5009112.671  3221281.150
2025   1  37170 GPS  -2267756.908  5009145.948  3221299.649
2025   1  37200 GPS  -2267766.603  5009172.381  3221300.660
2025   1  37230 GPS  -2267801.739  5009182.988  3221290.656
2025   1  37260 GPS  -2267804.424  5009231.176  3221313.028
2025   1  37290 GPS  -2267763.786  5009157.893  3221280.579
2025   1  37320 GPS  -2267786.457  5009178.205  3221299.065
2025   1  37350 GPS  -2267778.826  5009149.152  3221284.689
2025   1  37380 GPS  -2267780.849  5009146.655  3221275.027
2025   1  37410 GPS  -2267771.018  5009103.090  3221266.250
2025   1  37440 GPS  -2267768.497  5009129.519  3221295.398
2025   1  37470 GPS  -2267783.782  5009140.749  3221286.214
2025   1  37500 GPS  -2267756.726  5009144.418  3221300.524
2025   1  37530 GPS  -2267736.786  5009110.833  3221286.584
2025   1  37560 GPS  -2267771.559  5009155.735  3221291.247
2025   1  37590 GPS  -2267778.342  5009139.079  3221283.416
2025   1  37620 GPS  -2267796.532  5009179.079  3221295.391
2025   1  37650 GPS  -2267791.401  5009169.226  3221290.303
2025   1  37680 GPS  -2267797.629  5009178.404  3221300.189
2025   1  37710 GPS  -2267809.915  5009169.722  3221296.634
2025   1  37740 GPS  -2267770.626  5009117.936  3221274.859
2025   1  37770 GPS  -2267797.822  5009191.656  3221305.449
2025   1  37800 GPS  -2267773.076  5009160.379  3221273.596
2025   1  37830 GPS  -2267770.392  5009176.918  3221302.069
2025   1  37860 GPS  -2267763.069  5009135.244  3221300.956
2025   1  37890 GPS  -2267759.821  5009129.195  3221294.305
2025   1  37920 GPS  -2267750.993  5009121.542  3221287.057
2025   1  37950 GPS  -2267792.678  5009172.277  3221315.211
2025   1  37980 GPS  -2267784.391  5009177.982  3221298.436
2025   1  38010 GPS  -2267777.561  5009200.461  3221314.367
2025   1  38040 GPS  -2267759.637  5009146.926  3221283.009
2025   1  38070 GPS  -2267753.123  5009098.687  3221261.456
2025   1  38100 GPS  -2267745.591  5009098.026  3221266.016
2025   1  38130 GPS  -2267742.769  5009108.843  3221270.798
2025   1  38160 GPS  -2267759.706  5009131.786  3221284.979
2025   1  38190 GPS  -2267744.153  5009098.376  3221273.067
2025   1  38220 GPS  -2267753.602  5009118.367  3221274.731
2025   1  38250 GPS  -2267748.101  5009083.932  3221263.961
2025   1  38280 GPS  -2267753.640  5009090.844  3221269.920
2025   1  38310 GPS  -2267784.923  5009142.371  3221280.169
2025   1  38340 GPS  -2267743.853  5009068.364  3221242.359
2025   1  38370 GPS  -2267799.967  5009206.220  3221302.936
2025   1  38400 GPS  -2267816.099  5009257.272  3221333.460
2025   1  38430 GPS  -2267762.535  5009143.742  3221287.262
2025   1  38460 GPS  -2267767.852  5009123.378  3221294.034
2025   1  38490 GPS  -2267754.277  5009113.788  3221292.719
2025   1  38520 GPS  -2267749.388  5009145.197  3221297.339
2025   1  38550 GPS  -2267757.857  5009169.592  3221303.603
2025   1  38580 GPS  -2267756.668  5009122.113  3221271.731
2025   1  38610 GPS  -2267748.843  5009105.652  3221278.876
2025   1  38640 GPS  -2267750.092  5009098.865  3221278.163
2025   1  38670 GPS  -2267757.928  5009125.399  3221272.723
2025   1  38700 GPS  -2267744.020  5009118.578  3221271.090
2025   1  38730 GPS  -2267785.406  5009196.484  3221313.283
2025   1  38760 GPS  -2267756.694  5009131.064  3221253.756
2025   1  38790 GPS  -2267720.965  5009050.636  3221242.168
2025   1  38820 GPS  -2267769.098  5009149.401  3221301.036
2025   1  38850 GPS  -2267785.208  5009117.379  3221291.256
2025   1  38880 GPS  -2267760.977  5009139.073  3221314.857
2025   1  38910 GPS  -2267778.626  5009123.682  3221283.534
2025   1  38940 GPS  -2267763.605  5009105.182  3221258.203
2025   1  38970 GPS  -2267757.426  5009111.651  3221267.569
2025   1  39000 GPS  -2267761.112  5009105.920  3221258.390
2025   1  39030 GPS  -2267771.683  5009151.868  3221277.877
2025   1  39060 GPS  -2267763.620  5009133.972  3221272.745
2025   1  39090 GPS  -2267753.709  5009105.394  3221268.965
2025   1  39120 GPS  -2267761.090  5009099.928  3221280.155
2025   1  39150 GPS  -2267747.848  5009106.386  3221286.516
2025   1  39180 GPS  -2267761.551  5009124.121  3221305.438
2025   1  39210 GPS  -2267771.728  5009142.129  3221308.177
2025   1  39240 GPS  -2267766.555  5009172.775  3221321.838
2025   1  39270 GPS  -2267757.639  5009142.231  3221308.881
2025   1  39300 GPS  -2267743.586  5009093.817  3221272.119
2025   1  39330 GPS  -2267748.922  5009112.438  3221264.333
2025   1  39360 GPS  -2267759.285  5009118.221  3221277.510
2025   1  39390 GPS  -2267737.931  5009095.920  3221274.049
2025   1  39420 GPS  -2267744.231  5009112.715  3221258.338
2025   1  39450 GPS  -2267721.696  5009077.024  3221244.510
2025   1  39480 GPS  -2267759.849  5009116.274  3221263.187
2025   1  39510 GPS  -2267749.387  5009085.478  3221247.678
2025   1  39540 GPS  -2267730.624  5009035.149  3221250.642
2025   1  39570 GPS  -2267751.446  5009079.058  3221248.682
2025   1  39600 GPS  -2267744.169  5009096.740  3221256.957
2025   1  39630 GPS  -2267773.090  5009151.709  3221286.594
2025   1  39660 GPS  -2267758.809  5009131.678  3221309.013
2025   1  39690 GPS  -2267692.518  5008984.781  3221236.615
2025   1  39720 GPS  -2267745.947  5009101.418  3221273.508
2025   1  39750 GPS  -2267730.689  5009042.084  3221244.931
2025   1  39780 GPS  -2267755.343  5009139.599  3221286.425
2025   1  39810 GPS  -2267752.274  5009115.390  3221277.308
2025   1  39840 GPS  -2267747.056  5009103.582  3221261.175
2025   1  39870 GPS  -2267768.112  5009128.007  3221272.638
2025   1  39900 GPS  -2267743.524  5009089.554  3221259.697
2025   1  39930 GPS  -2267748.074  5009098.573  3221261.963
2025   1  39960 GPS  -2267754.005  5009129.177  3221263.660
2025   1  39990 GPS  -2267751.651  5009097.762  3221252.126
2025   1  40020 GPS  -2267757.066  5009126.648  3221275.942
2025   1  40050 GPS  -2267771.670  5009131.313  3221285.716
2025   1  40080 GPS  -2267772.322  5009114.110  3221280.803
2025   1  40110 GPS  -2267757.447  5009126.233  3221286.677
2025   1  40140 GPS  -2267753.155  5009122.037  3221270.008
2025   1  40170 GPS  -2267775.036  5009128.826  3221278.793
2025   1  40200 GPS  -2267760.463  5009098.938  3221276.324
2025   1  40230 GPS  -2267754.348  5009084.516  3221261.152
2025   1  40260 GPS  -2267754.961  5009110.446  3221259.845
2025   1  40290 GPS  -2267735.186  5009089.598  3221255.659
2025   1  40320 GPS  -2267739.968  5009090.181  3221266.169
2025   1  40350 GPS  -2267756.145  5009101.854  3221280.484
2025   1  40380 GPS  -2267797.120  5009137.893  3221306.193
2025   1  40410 GPS  -2267768.766  5009096.878  3221289.443
2025   1  40440 GPS  -2267801.470  5009156.319  3221323.477
2025   1  40470 GPS  -2267759.863  5009124.664  3221289.100
2025   1  40500 GPS  -2267767.902  5009145.240  3221315.585
2025   1  40530 GPS  -2267758.795  5009125.522  3221298.097
2025   1  40560 GPS  -2267777.875  5009156.534  3221286.803
2025   1  40590 GPS  -2267766.822  5009136.809  3221279.062
2025   1  40620 GPS  -2267749.563  5009117.807  3221295.559
2025   1  40650 GPS  -2267754.223  5009099.829  3221285.170
2025   1  40680 GPS  -2267771.072  5009139.841  3221300.379
2025   1  40710 GPS  -2267773.987  5009146.031  3221307.249
2025   1  40740 GPS  -2267756.084  5009130.893  3221303.034
2025   1  40770 GPS  -2267773.917  5009134.829  3221272.001
2025   1  40800 GPS  -2267754.560  5009129.599  3221271.035
2025   1  40830 GPS  -2267780.068  5009156.119  3221277.250
2025   1  40860 GPS  -2267745.932  5009118.745  3221272.862
2025   1  40890 GPS  -2267737.060  5009090.540  3221272.717
2025   1  40920 GPS  -2267764.663  5009111.715  3221258.360
2025   1  40950 GPS  -2267747.946  5009137.299  3221269.007
2025   1  40980 GPS  -2267742.129  5009114.855  3221270.081
2025   1  41010 GPS  -2267767.483  5009142.073  3221284.174
2025   1  41040 GPS  -2267765.107  5009139.640  3221270.469
2025   1  41070 GPS  -2267753.633  5009110.614  3221265.714
2025   1  41100 GPS  -2267768.187  5009107.680  3221262.466
2025   1  41130 GPS  -2267766.315  5009133.236  3221276.176
2025   1  41160 GPS  -2267748.549  5009120.894  3221268.231
2025   1  41190 GPS  -2267750.796  5009124.007  3221263.425
2025   1  41220 GPS  -2267734.022  5009081.731  3221269.920
2025   1  41250 GPS  -2267747.209  5009103.271  3221267.522
2025   1  41280 GPS  -2267752.580  5009105.725  3221267.480
2025   1  41310 GPS  -2267732.697  5009091.309  3221286.058
2025   1  41340 GPS  -2267755.118  5009098.150  3221281.669
2025   1  41370 GPS  -2267748.198  5009133.249  3221282.557
2025   1  41400 GPS  -2267764.295  5009127.185  3221254.091
2025   1  41430 GPS  -2267737.474  5009072.933  3221230.285
2025   1  41460 GPS  -2267740.806  5009094.801  3221271.165
2025   1  41490 GPS  -2267759.296  5009120.183  3221255.877
2025   1  41520 GPS  -2267762.218  5009123.973  3221280.038
2025   1  41550 GPS  -2267766.270  5009129.280  3221267.947
2025   1  41580 GPS  -2267733.798  5009079.288  3221260.412
2025   1  41610 GPS  -2267758.663  5009121.972  3221278.321
2025   1  41640 GPS  -2267728.509  5009102.865  3221284.558
2025   1  41670 GPS  -2267709.420  5009044.094  3221274.082
2025   1  41700 GPS  -2267743.929  5009086.967  3221281.438
2025   1  41730 GPS  -2267739.400  5009118.672  3221300.996
2025   1  41760 GPS  -2267705.816  5009075.475  3221285.120
2025   1  41790 GPS  -2267722.944  5009080.228  3221282.803
2025   1  41820 GPS  -2267735.342  5009113.639  3221265.608
2025   1  41850 GPS  -2267719.429  5009114.309  3221303.022
2025   1  41880 GPS  -2267722.104  5009105.779  3221305.618
2025   1  41910 GPS  -2267719.532  5009127.172  3221301.973
2025   1  41940 GPS  -2267748.517  5009125.200  3221289.458
2025   1  41970 GPS  -2267744.030  5009160.045  3221314.863
2025   1  42000 GPS  -2267692.685  5009092.725  3221291.936
2025   1  42030 GPS  -2267715.972  5009110.862  3221271.151
2025   1  42060 GPS  -2267771.000  5009114.309  3221273.505
2025   1  42090 GPS  -2267731.045  5009098.213  3221295.196
2025   1  42120 GPS  -2267749.848  5009096.194  3221279.514
2025   1  42150 GPS  -2267717.321  5009118.645  3221316.009
2025   1  42180 GPS  -2267746.606  5009099.148  3221272.311
2025   1  42210 GPS  -2267736.643  5009093.689  3221272.937
2025   1  42240 GPS  -2267745.040  5009116.903  3221274.710
2025   1  42270 GPS  -2267704.589  5009091.139  3221272.515
2025   1  42300 GPS  -2267728.263  5009086.390  3221284.499
2025   1  42330 GPS  -2267733.710  5009102.761  3221312.905
2025   1  42360 GPS  -2267709.649  5009121.251  3221295.371
2025   1  42390 GPS  -2267750.677  5009116.468  3221273.924
2025   1  42420 GPS  -2267711.216  5009092.387  3221274.212
2025   1  42450 GPS  -2267715.906  5009093.180  3221296.597
2025   1  42480 GPS  -2267732.209  5009095.238  3221287.155
2025   1  42510 GPS  -2267748.493  5009115.887  3221326.691
2025   1  42540 GPS  -2267714.899  5009088.037  3221281.520
2025   1  42570 GPS  -2267754.109  5009113.492  3221331.578
2025   1  42600 GPS  -2267788.347  5009145.907  3221301.798
2025   1  42630 GPS  -2267788.734  5009155.410  3221301.509
2025   1  42660 GPS  -2267762.443  5009126.364  3221319.290
2025   1  42690 GPS  -2267757.175  5009145.081  3221305.824
2025   1  42720 GPS  -2267768.096  5009124.418  3221297.711
2025   1  42750 GPS  -2267744.967  5009132.856  3221316.361
2025   1  42780 GPS  -2267727.213  5009097.277  3221302.503
2025   1  42810 GPS  -2267761.401  5009111.181  3221303.844
2025   1  42840 GPS  -2267734.654  5009102.685  3221300.394
2025   1  42870 GPS  -2267766.854  5009121.345  3221293.938
2025   1  42900 GPS  -2267755.365  5009130.027  3221287.369
2025   1  42930 GPS  -2267751.640  5009133.356  3221290.787
2025   1  42960 GPS  -2267766.137  5009177.758  3221336.606
2025   1  42990 GPS  -2267769.622  5009160.232  3221341.731
2025   1  43020 GPS  -2267776.208  5009152.326  3221313.772
2025   1  43050 GPS  -2267751.104  5009147.184  3221327.929
2025   1  43080 GPS  -2267786.846  5009171.536  3221319.652
2025   1  43110 GPS  -2267769.670  5009113.515  3221319.074
2025   1  43140 GPS  -2267748.759  5009135.394  3221300.818
2025   1  43170 GPS  -2267729.076  5009110.517  3221309.268
2025   1  43200 GPS  -2267751.198  5009112.828  3221328.547
2025   1  43230 GPS  -2267748.549  5009112.759  3221338.937
2025   1  43260 GPS  -2267758.798  5009116.664  3221349.499
2025   1  43290 GPS  -2267740.023  5009118.413  3221323.059
2025   1  43320 GPS  -2267742.873  5009141.845  3221353.497
2025   1  43350 GPS  -2267749.312  5009142.459  3221349.584
2025   1  43380 GPS  -2267775.603  5009104.518  3221322.768
2025   1  43410 GPS  -2267742.185  5009123.408  3221300.703
2025   1  43440 GPS  -2267743.555  5009124.010  3221301.909
2025   1  43470 GPS  -2267756.339  5009095.642  3221301.344
2025   1  43500 GPS  -2267774.233  5009135.797  3221331.234
2025   1  43530 GPS  -2267763.637  5009129.742  3221325.823
2025   1  43560 GPS  -2267742.058  5009115.324  3221299.004
2025   1  43590 GPS  -2267742.690  5009125.926  3221326.474
2025   1  43620 GPS  -2267764.043  5009149.178  3221307.693
2025   1  43650 GPS  -2267752.834  5009132.059  3221312.148
2025   1  43680 GPS  -2267750.315  5009139.690  3221296.415
2025   1  43710 GPS  -2267747.356  5009137.590  3221323.257
2025   1  43740 GPS  -2267771.769  5009132.486  3221334.014
2025   1  43770 GPS  -2267756.773  5009131.264  3221336.336
2025   1  43800 GPS  -2267750.306  5009120.268  3221316.119
2025   1  43830 GPS  -2267807.892  5009187.341  3221348.644
2025   1  43860 GPS  -2267782.967  5009156.448  3221302.544
2025   1  43890 GPS  -2267778.905  5009177.441  3221319.152
2025   1  43920 GPS  -2267777.528  5009162.343  3221320.465
2025   1  43950 GPS  -2267751.770  5009143.439  3221328.978
2025   1  43980 GPS  -2267764.765  5009130.358  3221327.627
2025   1  44010 GPS  -2267759.847  5009148.766  3221333.346
2025   1  44040 GPS  -2267777.580  5009133.598  3221299.807
2025   1  44070 GPS  -2267773.999  5009121.170  3221311.595
2025   1  44100 GPS  -2267757.463  5009156.460  3221329.766
2025   1  44130 GPS  -2267769.126  5009139.797  3221318.888
2025   1  44160 GPS  -2267759.993  5009143.199  3221354.154
2025   1  44190 GPS  -2267786.940  5009204.704  3221327.611
2025   1  44220 GPS  -2267805.643  5009201.145  3221345.716
2025   1  44250 GPS  -2267793.922  5009202.850  3221361.239
2025   1  44280 GPS  -2267821.519  5009239.172  3221385.155
2025   1  44310 GPS  -2267815.927  5009208.714  3221373.398
2025   1  44340 GPS  -2267777.300  5009164.970  3221337.261
2025   1  44370 GPS  -2267776.540  5009173.112  3221372.011
2025   1  44400 GPS  -2267800.885  5009156.971  3221337.218
2025   1  44430 GPS  -2267823.889  5009161.684  3221333.050
2025   1  44460 GPS  -2267797.708  5009219.772  3221393.305
2025   1  44490 GPS  -2267804.019  5009202.067  3221326.550
2025   1  44520 GPS  -2267733.243  5009073.770  3221282.179
2025   1  44550 GPS  -2267773.618  5009123.624  3221312.330
2025   1  44580 GPS  -2267779.900  5009141.161  3221325.591
2025   1  44610 GPS  -2267743.910  5009104.108  3221293.178
2025   1  44640 GPS  -2267784.771  5009104.705  3221314.283
2025   1  44670 GPS  -2267791.801  5009181.658  3221373.047
2025   1  44700 GPS  -2267739.619  5009098.963  3221306.675
2025   1  44730 GPS  -2267756.695  5009151.828  3221339.430
2025   1  44760 GPS  -2267736.947  5009075.402  3221233.928
2025   1  44790 GPS  -2267743.817  5009125.140  3221329.635
2025   1  44820 GPS  -2267767.798  5009147.833  3221322.073
2025   1  44850 GPS  -2267758.392  5009107.754  3221300.210
2025   1  44880 GPS  -2267736.885  5009110.188  3221277.286
2025   1  44910 GPS  -2267750.021  5009157.925  3221315.249
2025   1  44940 GPS  -2267776.542  5009111.097  3221318.493
2025   1  44970 GPS  -2267735.366  5009099.420  3221292.778
2025   1  45000 GPS  -2267755.564  5009129.403  3221284.961
2025   1  45030 GPS  -2267734.103  5009134.739  3221295.938
2025   1  45060 GPS  -2267753.965  5009127.715  3221300.988
2025   1  45090 GPS  -2267765.668  5009137.895  3221271.286
2025   1  45120 GPS  -2267795.674  5009201.259  3221313.213
2025   1  45150 GPS  -2267771.477  5009208.626  3221319.319
2025   1  45180 GPS  -2267779.143  5009225.593  3221350.789
2025   1  45210 GPS  -2267797.177  5009273.244  3221378.344
2025   1  45240 GPS  -2267762.700  5009230.361  3221333.808
2025   1  45270 GPS  -2267781.458  5009194.047  3221319.689
2025   1  45300 GPS  -2267789.273  5009166.746  3221305.900
2025   1  45330 GPS  -2267760.581  5009163.470  3221306.020
2025   1  45360 GPS  -2267767.587  5009194.796  3221322.718
2025   1  45390 GPS  -2267805.810  5009214.572  3221354.756
2025   1  45420 GPS  -2267812.842  5009181.194  3221332.099
2025   1  45450 GPS  -2267803.394  5009178.805  3221345.275
2025   1  45480 GPS  -2267815.992  5009186.617  3221342.181
2025   1  45510 GPS  -2267787.670  5009198.458  3221391.848
2025   1  45540 GPS  -2267783.757  5009161.720  3221309.578
2025   1  45570 GPS  -2267786.329  5009156.476  3221357.229
2025   1  45600 GPS  -2267765.712  5009161.556  3221341.681
2025   1  45630 GPS  -2267786.246  5009124.337  3221311.360
2025   1  45660 GPS  -2267758.800  5009119.914  3221305.649
2025   1  45690 GPS  -2267778.031  5009173.079  3221351.931
2025   1  45720 GPS  -2267801.173  5009168.076  3221348.060
2025   1  45750 GPS  -2267789.050  5009149.674  3221336.799
2025   1  45780 GPS  -2267750.792  5009148.029  3221318.938
2025   1  45810 GPS  -2267763.126  5009141.202  3221284.393
2025   1  45840 GPS  -2267784.616  5009171.638  3221332.637
2025   1  45870 GPS  -2267776.619  5009175.807  3221322.043
2025   1  45900 GPS  -2267764.727  5009157.403  3221333.212
2025   1  45930 GPS  -2267788.534  5009178.869  3221323.652
2025   1  45960 GPS  -2267766.891  5009132.781  3221278.406
2025   1  45990 GPS  -2267732.100  5009039.698  3221255.878
2025   1  46020 GPS  -2267759.991  5009086.058  3221278.447
2025   1  46050 GPS  -2267734.114  5009154.361  3221311.930
2025   1  46080 GPS  -2267771.560  5009165.345  3221344.262
2025   1  46110 GPS  -2267742.064  5009148.145  3221327.059
2025   1  46140 GPS  -2267763.809  5009196.535  3221338.904
2025   1  46170 GPS  -2267745.623  5009171.961  3221332.048
2025   1  46200 GPS  -2267759.199  5009152.425  3221322.784
2025   1  46230 GPS  -2267759.376  5009125.155  3221292.274
2025   1  46260 GPS  -2267745.861  5009136.935  3221305.384
2025   1  46290 GPS  -2267762.852  5009165.921  3221334.043
2025   1  46320 GPS  -2267799.066  5009170.751  3221334.633
2025   1  46350 GPS  -2267789.596  5009169.539  3221318.856
2025   1  46380 GPS  -2267734.638  5009137.282  3221284.647
2025   1  46410 GPS  -2267749.849  5009143.090  3221327.622
2025   1  46440 GPS  -2267777.053  5009149.441  3221312.078
2025   1  46470 GPS  -2267814.888  5009216.892  3221320.909
2025   1  46500 GPS  -2267755.543  5009148.303  3221319.730
2025   1  46530 GPS  -2267730.940  5009206.810  3221311.269
2025   1  46560 GPS  -2267768.348  5009171.154  3221369.067
2025   1  46590 GPS  -2267736.061  5009127.685  3221302.937
2025   1  46620 GPS  -2267763.215  5009213.702  3221311.828
2025   1  46650 GPS  -2267778.100  5009152.303  3221281.850
2025   1  46680 GPS  -2267788.772  5009160.684  3221310.602
2025   1  46710 GPS  -2267790.740  5009192.103  3221375.388
2025   1  46740 GPS  -2267785.043  5009178.744  3221346.110
2025   1  46770 GPS  -2267719.230  5009108.553  3221267.150
2025   1  46800 GPS  -2267759.849  5009132.776  3221254.495
2025   1  46830 GPS  -2267769.285  5009081.153  3221273.433
2025   1  46860 GPS  -2267795.582  5009123.139  3221278.338
2025   1  46890 GPS  -2267801.290  5009128.312  3221302.656
2025   1  46920 GPS  -2267770.499  5009079.414  3221282.282
2025   1  46950 GPS  -2267760.807  5009175.875  3221342.738
2025   1  46980 GPS  -2267768.010  5009186.463  3221337.806
2025   1  47010 GPS  -2267768.792  5009154.557  3221324.583
2025   1  47040 GPS  -2267754.922  5009153.738  3221290.911
2025   1  47070 GPS  -2267746.550  5009184.694  3221307.205
2025   1  47100 GPS  -2267806.125  5009195.317  3221341.426
2025   1  47130 GPS  -2267760.889  5009226.726  3221331.088
2025   1  47160 GPS  -2267740.532  5009189.463  3221301.358
2025   1  47190 GPS  -2267743.327  5009165.933  3221317.575
2025   1  47220 GPS  -2267779.808  5009161.113  3221314.771
2025   1  47250 GPS  -2267783.672  5009200.171  3221330.368
2025   1  47280 GPS  -2267734.298  5009157.750  3221297.261
2025   1  47310 GPS  -2267811.663  5009183.743  3221334.767
2025   1  47340 GPS  -2267779.787  5009165.091  3221311.312
2025   1  47370 GPS  -2267771.698  5009149.060  3221309.561
2025   1  47400 GPS  -2267741.204  5009185.923  3221319.431
2025   1  47430 GPS  -2267774.663  5009175.218  3221301.263
2025   1  47460 GPS  -2267803.384  5009216.126  3221320.812
2025   1  47490 GPS  -2267763.142  5009172.313  3221301.168
2025   1  47520 GPS  -2267765.193  5009104.938  3221287.262
2025   1  47550 GPS  -2267751.113  5009111.107  3221285.564
2025   1  47580 GPS  -2267795.763  5009178.795  3221313.159
2025   1  47610 GPS  -2267781.538  5009193.629  3221324.513
2025   1  47640 GPS  -2267754.020  5009170.410  3221332.429
2025   1  47670 GPS  -2267815.133  5009221.689  3221332.097
2025   1  47700 GPS  -2267766.514  5009151.595  3221306.413
2025   1  47730 GPS  -2267742.575  5009156.128  3221292.378
2025   1  47760 GPS  -2267783.885  5009173.009  3221292.135
2025   1  47790 GPS  -2267792.498  5009139.021  3221312.155
2025   1  47820 GPS  -2267786.244  5009193.644  3221315.188
2025   1  47850 GPS  -2267774.067  5009144.417  3221312.397
2025   1  47880 GPS  -2267738.662  5009021.683  3221264.922
2025   1  47910 GPS  -2267728.822  5009078.392  3221252.726
2025   1  47940 GPS  -2267767.455  5009124.131  3221280.707
2025   1  47970 GPS  -2267786.188  5009084.140  3221283.713
2025   1  48000 GPS  -2267800.649  5009100.861  3221309.359
2025   1  48030 GPS  -2267762.852  5009078.312  3221279.588
2025   1  48060 GPS  -2267774.250  5009076.781  3221300.890
2025   1  48090 GPS  -2267778.210  5009135.554  3221294.843
2025   1  48120 GPS  -2267723.167  5009043.461  3221254.890
2025   1  48150 GPS  -2267759.420  5009076.270  3221286.223
2025   1  48180 GPS  -2267774.436  5009154.197  3221315.245
2025   1  48210 GPS  -2267751.895  5009185.460  3221314.198
2025   1  48240 GPS  -2267749.217  5009151.381  3221284.895
2025   1  48270 GPS  -2267780.377  5009196.950  3221295.488
2025   1  48300 GPS  -2267756.836  5009139.908  3221297.771
2025   1  48330 GPS  -2267735.372  5009175.995  3221296.068
2025   1  48360 GPS  -2267752.758  5009152.494  3221274.388
2025   1  48390 GPS  -2267753.779  5009202.770  3221285.956
2025   1  48420 GPS  -2267746.769  5009181.454  3221304.466
2025   1  48450 GPS  -2267775.651  5009246.965  3221321.733
2025   1  48480 GPS  -2267759.873  5009191.823  3221291.923
2025   1  48510 GPS  -2267764.440  5009178.480  3221294.963
2025   1  48540 GPS  -2267750.240  5009182.133  3221301.267
2025   1  48570 GPS  -2267795.316  5009248.148  3221339.872
2025   1  48600 GPS  -2267780.543  5009226.637  3221315.216
2025   1  48630 GPS  -2267771.896  5009204.708  3221310.834
2025   1  48660 GPS  -2267760.681  5009168.206  3221298.148
2025   1  48690 GPS  -2267758.904  5009192.000  3221300.332
2025   1  48720 GPS  -2267715.616  5009145.084  3221262.908
2025   1  48750 GPS  -2267742.165  5009142.928  3221262.640
2025   1  48780 GPS  -2267754.502  5009161.808  3221296.926
2025   1  48810 GPS  -2267744.777  5009125.831  3221251.586
2025   1  48840 GPS  -2267761.815  5009151.258  3221276.366
2025   1  48870 GPS  -2267743.906  5009130.226  3221301.140
2025   1  48900 GPS  -2267715.740  5009108.561  3221278.388
2025   1  48930 GPS  -2267731.890  5009130.816  3221264.521
2025   1  48960 GPS  -2267730.673  5009102.880  3221273.682
2025   1  48990 GPS  -2267746.180  5009132.018  3221305.832
2025   1  49020 GPS  -2267760.633  5009181.692  3221294.117
2025   1  49050 GPS  -2267759.789  5009127.923  3221260.082
2025   1  49080 GPS  -2267742.187  5009113.820  3221268.348
2025   1  49110 GPS  -2267741.570  5009143.161  3221295.884
2025   1  49140 GPS  -2267724.710  5009076.470  3221271.432
2025   1  49170 GPS  -2267745.881  5009168.126  3221295.352
2025   1  49200 GPS  -2267771.363  5009236.809  3221308.196
2025   1  49230 GPS  -2267774.668  5009275.144  3221318.960
2025   1  49260 GPS  -2267711.421  5009123.917  3221284.732
2025   1  49290 GPS  -2267751.988  5009139.443  3221302.159
2025   1  49320 GPS  -2267792.434  5009140.534  3221289.669
2025   1  49350 GPS  -2267748.425  5009081.736  3221286.041
2025   1  49380 GPS  -2267727.253  5009104.933  3221290.516
2025   1  49410 GPS  -2267748.555  5009132.348  3221313.616
2025   1  49440 GPS  -2267741.093  5009123.105  3221277.234
2025   1  49470 GPS  -2267750.406  5009194.230  3221290.118
2025   1  49500 GPS  -2267780.356  5009220.392  3221299.946
2025   1  49530 GPS  -2267787.308  5009209.444  3221305.256
2025   1  49560 GPS  -2267799.123  5009223.095  3221303.537
2025   1  49590 GPS  -2267794.838  5009249.185  3221319.753
2025   1  49620 GPS  -2267780.686  5009255.621  3221317.994
2025   1  49650 GPS  -2267776.877  5009170.261  3221293.073
2025   1  49680 GPS  -2267778.394  5009256.225  3221333.036
2025   1  49710 GPS  -2267761.585  5009182.832  3221299.985
2025   1  49740 GPS  -2267759.854  5009179.739  3221300.908
2025   1  49770 GPS  -2267732.906  5009170.429  3221301.986
2025   1  49800 GPS  -2267745.970  5009138.843  3221294.355
2025   1  49830 GPS  -2267739.068  5009173.010  3221296.058
2025   1  49860 GPS  -2267750.500  5009192.829  3221301.929
2025   1  49890 GPS  -2267732.120  5009145.021  3221294.601
2025   1  49920 GPS  -2267745.176  5009119.086  3221278.862
2025   1  49950 GPS  -2267745.975  5009170.051  3221304.373
2025   1  49980 GPS  -2267764.769  5009127.467  3221276.178
2025   1  50010 GPS  -2267775.717  5009144.715  3221281.030
2025   1  50040 GPS  -2267793.485  5009230.155  3221334.701
2025   1  50070 GPS  -2267760.253  5009168.097  3221300.868
2025   1  50100 GPS  -2267768.219  5009175.002  3221321.443
2025   1  50130 GPS  -2267748.744  5009195.540  3221323.076
2025   1  50160 GPS  -2267770.795  5009100.333  3221286.763
2025   1  50190 GPS  -2267751.516  5009105.653  3221276.892
2025   1  50220 GPS  -2267759.280  5009174.972  3221321.700
2025   1  50250 GPS  -2267744.215  5009124.391  3221293.778
2025   1  50280 GPS  -2267735.596  5009132.815  3221302.999
2025   1  50310 GPS  -2267750.332  5009077.071  3221295.655
2025   1  50340 GPS  -2267749.921  5009140.260  3221307.667
2025   1  50370 GPS  -2267742.182  5009107.444  3221280.476
2025   1  50400 GPS  -2267748.992  5009097.624  3221277.918
2025   1  50430 GPS  -2267767.722  5009246.460  3221337.508
2025   1  50460 GPS  -2267748.617  5009139.823  3221298.635
2025   1  50490 GPS  -2267750.366  5009210.015  3221294.387
2025   1  50520 GPS  -2267773.053  5009205.503  3221350.041
2025   1  50550 GPS  -2267742.117  5009131.219  3221298.636
2025   1  50580 GPS  -2267772.452  5009256.307  3221341.180
2025   1  50610 GPS  -2267780.963  5009207.948  3221319.564
2025   1  50640 GPS  -2267757.376  5009116.866  3221287.738
2025   1  50670 GPS  -2267770.962  5009184.548  3221322.662
2025   1  50700 GPS  -2267750.341  5009131.970  3221318.156
2025   1  50730 GPS  -2267764.077  5009237.567  3221356.453
2025   1  50760 GPS  -2267775.044  5009203.934  3221331.032
2025   1  50790 GPS  -2267762.161  5009174.793  3221322.546
2025   1  50820 GPS  -2267748.914  5009158.034  3221319.906
2025   1  50850 GPS  -2267743.603  5009154.481  3221323.078
2025   1  50880 GPS  -2267757.644  5009146.130  3221308.395
2025   1  50910 GPS  -2267765.547  5009118.860  3221301.343
2025   1  50940 GPS  -2267736.308  5009100.645  3221270.346
2025   1  50970 GPS  -2267757.692  5009155.179  3221298.975
2025   1  51000 GPS  -2267756.413  5009221.746  3221317.192
2025   1  51030 GPS  -2267757.873  5009166.406  3221310.429
2025   1  51060 GPS  -2267753.401  5009222.145  3221313.969
2025   1  51090 GPS  -2267764.162  5009199.491  3221301.454
2025   1  51120 GPS  -2267752.892  5009165.857  3221294.486
2025   1  51150 GPS  -2267767.612  5009155.315  3221295.878
2025   1  51180 GPS  -2267767.180  5009169.733  3221309.582
2025   1  51210 GPS  -2267751.116  5009130.257  3221292.983
2025   1  51240 GPS  -2267756.285  5009169.129  3221292.387
2025   1  51270 GPS  -2267778.443  5009175.958  3221312.284
2025   1  51300 GPS  -2267768.716  5009165.062  3221321.842
2025   1  51330 GPS  -2267757.733  5009178.599  3221310.826
2025   1  51360 GPS  -2267749.364  5009166.489  3221315.031
2025   1  51390 GPS  -2267788.902  5009221.978  3221327.264
2025   1  51420 GPS  -2267759.959  5009198.833  3221327.723
2025   1  51450 GPS  -2267791.994  5009207.019  3221326.156
2025   1  51480 GPS  -2267752.906  5009160.678  3221304.946
2025   1  51510 GPS  -2267749.748  5009129.081  3221299.184
2025   1  51540 GPS  -2267778.841  5009186.786  3221320.104
2025   1  51570 GPS  -2267763.788  5009189.496  3221301.911
2025   1  51600 GPS  -2267765.629  5009209.666  3221324.606
2025   1  51630 GPS  -2267745.229  5009139.046  3221281.000
2025   1  51660 GPS  -2267748.416  5009167.281  3221276.180
2025   1  51690 GPS  -2267744.488  5009157.828  3221315.581
2025   1  51720 GPS  -2267735.700  5009112.578  3221291.087
2025   1  51750 GPS  -2267734.274  5009133.020  3221284.080
2025   1  51780 GPS  -2267739.950  5009102.032  3221295.864
2025   1  51810 GPS  -2267739.605  5009099.905  3221262.850
2025   1  51840 GPS  -2267702.838  5009032.123  3221254.590
2025   1  51870 GPS  -2267721.482  5009102.746  3221273.392
2025   1  51900 GPS  -2267738.848  5009136.004  3221278.668
2025   1  51930 GPS  -2267729.305  5009135.915  3221285.178
2025   1  51960 GPS  -2267746.155  5009160.062  3221280.221
2025   1  51990 GPS  -2267736.029  5009161.746  3221273.818
2025   1  52020 GPS  -2267720.537  5009157.085  3221297.663
2025   1  52050 GPS  -2267733.015  5009165.383  3221318.822
2025   1  52080 GPS  -2267746.712  5009171.419  3221324.158
2025   1  52110 GPS  -2267758.022  5009164.497  3221308.827
2025   1  52140 GPS  -2267714.278  5009112.739  3221285.940
2025   1  52170 GPS  -2267717.778  5009109.554  3221248.320
2025   1  52200 GPS  -2267720.103  5009130.206  3221292.238
2025   1  52230 GPS  -2267750.062  5009147.936  3221305.042
2025   1  52260 GPS  -2267734.660  5009144.154  3221293.607
2025   1  52290 GPS  -2267724.534  5009139.483  3221288.120
2025   1  52320 GPS  -2267727.072  5009139.717  3221270.299
2025   1  52350 GPS  -2267734.945  5009143.935  3221281.624
2025   1  52380 GPS  -2267729.477  5009133.450  3221293.821
2025   1  52410 GPS  -2267749.139  5009159.705  3221307.574
2025   1  52440 GPS  -2267744.284  5009155.314  3221311.925
2025   1  52470 GPS  -2267718.443  5009093.947  3221293.153
2025   1  52500 GPS  -2267725.149  5009126.464  3221278.521
2025   1  52530 GPS  -2267743.129  5009163.076  3221291.021
2025   1  52560 GPS  -2267763.581  5009183.553  3221305.609
2025   1  52590 GPS  -2267754.268  5009114.418  3221282.126
2025   1  52620 GPS  -2267750.216  5009128.635  3221288.073
2025   1  52650 GPS  -2267742.966  5009098.459  3221295.397
2025   1  52680 GPS  -2267725.570  5009121.494  3221284.445
2025   1  52710 GPS  -2267757.320  5009178.831  3221323.913
2025   1  52740 GPS  -2267726.868  5009124.590  3221298.007
2025   1  52770 GPS  -2267749.160  5009121.111  3221296.957
2025   1  52800 GPS  -2267764.306  5009156.790  3221304.685
2025   1  52830 GPS  -2267740.199  5009114.539  3221285.618
2025   1  52860 GPS  -2267761.245  5009128.369  3221304.044
2025   1  52890 GPS  -2267747.985  5009112.879  3221312.838
2025   1  52920 GPS  -2267749.233  5009172.047  3221339.586
2025   1  52950 GPS  -2267731.563  5009143.087  3221296.301
2025   1  52980 GPS  -2267759.969  5009224.408  3221344.715
2025   1  53010 GPS  -2267758.710  5009191.372  3221320.523
2025   1  53040 GPS  -2267755.160  5009205.918  3221331.739
2025   1  53070 GPS  -2267742.524  5009174.281  3221327.213
2025   1  53100 GPS  -2267748.678  5009170.434  3221327.743
2025   1  53130 GPS  -2267764.151  5009167.247  3221348.022
2025   1  53160 GPS  -2267777.922  5009225.238  3221322.442
2025   1  53190 GPS  -2267741.461  5009138.594  3221331.410
2025   1  53220 GPS  -2267739.528  5009154.019  3221303.305
2025   1  53250 GPS  -2267763.694  5009176.464  3221341.125
2025   1  53280 GPS  -2267721.143  5009108.889  3221298.742
2025   1  53310 GPS  -2267753.039  5009190.670  3221325.266
2025   1  53340 GPS  -2267745.520  5009159.714  3221317.547
2025   1  53370 GPS  -2267743.008  5009157.229  3221298.349
2025   1  53400 GPS  -2267722.869  5009130.080  3221287.573
2025   1  53430 GPS  -2267747.028  5009156.658  3221309.666
2025   1  53460 GPS  -2267741.402  5009135.171  3221288.546
2025   1  53490 GPS  -2267691.746  5009083.542  3221277.617
2025   1  53520 GPS  -2267708.084  5009102.431  3221286.758
2025   1  53550 GPS  -2267735.441  5009144.520  3221313.327
2025   1  53580 GPS  -2267739.662  5009135.293  3221288.364
2025   1  53610 GPS  -2267733.265  5009103.930  3221277.881
2025   1  53640 GPS  -2267738.385  5009120.904  3221271.751
2025   1  53670 GPS  -2267707.518  5009083.054  3221272.291
2025   1  53700 GPS  -2267728.442  5009103.025  3221278.495
2025   1  53730 GPS  -2267732.908  5009131.935  3221266.620
2025   1  53760 GPS  -2267702.511  5009084.317  3221265.931
2025   1  53790 GPS  -2267733.060  5009112.728  3221272.350
2025   1  53820 GPS  -2267738.207  5009135.399  3221312.100
2025   1  53850 GPS  -2267717.838  5009098.078  3221295.984
2025   1  53880 GPS  -2267709.349  5009089.631  3221279.671
2025   1  53910 GPS  -2267738.118  5009118.265  3221285.971
2025   1  53940 GPS  -2267718.637  5009079.151  3221283.905
2025   1  53970 GPS  -2267734.484  5009109.085  3221291.364
2025   1  54000 GPS  -2267736.398  5009114.155  3221302.655
2025   1  54030 GPS  -2267740.807  5009125.731  3221301.406
2025   1  54060 GPS  -2267760.634  5009148.050  3221289.564
2025   1  54090 GPS  -2267734.539  5009087.214  3221275.595
2025   1  54120 GPS  -2267751.078  5009129.321  3221306.190
2025   1  54150 GPS  -2267736.501  5009121.008  3221294.080
2025   1  54180 GPS  -2267721.776  5009101.792  3221281.838
2025   1  54210 GPS  -2267780.743  5009182.420  3221298.298
2025   1  54240 GPS  -2267744.759  5009118.305  3221291.498
2025   1  54270 GPS  -2267718.817  5009101.913  3221279.858
2025   1  54300 GPS  -2267703.123  5009080.369  3221258.489
2025   1  54330 GPS  -2267719.134  5009097.630  3221263.877
2025   1  54360 GPS  -2267736.410  5009116.356  3221281.701
2025   1  54390 GPS  -2267723.563  5009104.923  3221270.031
2025   1  54420 GPS  -2267729.671  5009120.196  3221308.866
2025   1  54450 GPS  -2267725.220  5009138.911  3221311.153
2025   1  54480 GPS  -2267750.678  5009156.801  3221299.080
2025   1  54510 GPS  -2267747.801  5009099.963  3221263.722
2025   1  54540 GPS  -2267732.746  5009123.233  3221281.318
2025   1  54570 GPS  -2267747.313  5009126.049  3221289.750
2025   1  54600 GPS  -2267729.054  5009109.290  3221294.170
2025   1  54630 GPS  -2267748.533  5009136.231  3221300.815
2025   1  54660 GPS  -2267726.184  5009102.979  3221294.351
2025   1  54690 GPS  -2267738.024  5009117.746  3221287.756
2025   1  54720 GPS  -2267770.744  5009174.694  3221290.748
2025   1  54750 GPS  -2267775.425  5009172.283  3221304.978
2025   1  54780 GPS  -2267742.654  5009138.431  3221297.545
2025   1  54810 GPS  -2267723.743  5009136.397  3221296.169
2025   1  54840 GPS  -2267754.577  5009125.090  3221293.150
2025   1  54870 GPS  -2267725.248  5009081.252  3221302.080
2025   1  54900 GPS  -2267711.120  5009075.247  3221309.373
2025   1  54930 GPS  -2267691.934  5009098.879  3221321.457
2025   1  54960 GPS  -2267678.314  5009048.142  3221306.644
2025   1  54990 GPS  -2267720.112  5009081.334  3221311.347
2025   1  55020 GPS  -2267736.181  5009125.668  3221305.860
2025   1  55050 GPS  -2267719.007  5009097.924  3221304.170
2025   1  55080 GPS  -2267725.436  5009105.089  3221296.248
2025   1  55110 GPS  -2267730.330  5009114.067  3221305.430
2025   1  55140 GPS  -2267722.213  5009151.863  3221308.172
2025   1  55170 GPS  -2267743.785  5009153.227  3221309.459
2025   1  55200 GPS  -2267716.095  5009072.152  3221272.185
2025   1  55230 GPS  -2267732.714  5009117.108  3221279.474
2025   1  55260 GPS  -2267753.525  5009163.465  3221313.708
2025   1  55290 GPS  -2267767.078  5009151.831  3221290.376
2025   1  55320 GPS  -2267749.110  5009169.421  3221303.859
2025   1  55350 GPS  -2267734.661  5009152.743  3221320.365
2025   1  55380 GPS  -2267751.840  5009158.959  3221296.178
2025   1  55410 GPS  -2267763.224  5009156.360  3221290.241
2025   1  55440 GPS  -2267777.829  5009174.811  3221314.612
2025   1  55470 GPS  -2267750.903  5009128.721  3221292.860
2025   1  55500 GPS  -2267721.483  5009084.102  3221279.680
2025   1  55530 GPS  -2267737.464  5009139.012  3221303.920
2025   1  55560 GPS  -2267748.494  5009162.661  3221307.384
2025   1  55590 GPS  -2267731.517  5009129.646  3221293.506
2025   1  55620 GPS  -2267750.636  5009140.340  3221283.848
2025   1  55650 GPS  -2267756.158  5009166.035  3221308.274
2025   1  55680 GPS  -2267726.035  5009132.455  3221304.178
2025   1  55710 GPS  -2267716.213  5009094.953  3221279.541
2025   1  55740 GPS  -2267734.355  5009170.518  3221304.018
2025   1  55770 GPS  -2267732.629  5009162.888  3221299.132
2025   1  55800 GPS  -2267739.042  5009138.610  3221294.547
2025   1  55830 GPS  -2267717.477  5009087.553  3221277.442
2025   1  55860 GPS  -2267733.066  5009137.458  3221297.388
2025   1  55890 GPS  -2267749.010  5009124.828  3221277.254
2025   1  55920 GPS  -2267719.412  5009109.388  3221281.027
2025   1  55950 GPS  -2267722.678  5009115.270  3221300.107
2025   1  55980 GPS  -2267683.895  5009052.174  3221275.370
2025   1  56010 GPS  -2267727.138  5009127.454  3221295.007
2025   1  56040 GPS  -2267732.722  5009142.145  3221322.737
2025   1  56070 GPS  -2267696.946  5009067.751  3221292.519
2025   1  56100 GPS  -2267726.323  5009109.008  3221319.375
2025   1  56130 GPS  -2267700.793  5009056.995  3221283.126
2025   1  56160 GPS  -2267740.172  5009138.193  3221295.669
2025   1  56190 GPS  -2267754.264  5009168.770  3221306.687
2025   1  56220 GPS  -2267745.754  5009142.839  3221292.246
2025   1  56250 GPS  -2267734.906  5009142.893  3221294.448
2025   1  56280 GPS  -2267753.633  5009183.402  3221305.554
2025   1  56310 GPS  -2267736.284  5009137.427  3221302.022
2025   1  56340 GPS  -2267694.603  5009101.632  3221318.114
2025   1  56370 GPS  -2267737.819  5009161.688  3221314.699
2025   1  56400 GPS  -2267741.292  5009149.012  3221288.101
2025   1  56430 GPS  -2267737.658  5009120.073  3221294.453
2025   1  56460 GPS  -2267722.998  5009082.337  3221287.216
2025   1  56490 GPS  -2267748.030  5009133.772  3221300.732
2025   1  56520 GPS  -2267723.847  5009086.320  3221277.389
2025   1  56550 GPS  -2267747.704  5009153.895  3221303.513
2025   1  56580 GPS  -2267740.273  5009114.830  3221265.682
2025   1  56610 GPS  -2267724.403  5009084.553  3221256.821
2025   1  56640 GPS  -2267716.393  5009080.057  3221272.046
2025   1  56670 GPS  -2267747.682  5009129.611  3221281.566
2025   1  56700 GPS  -2267759.618  5009121.059  3221268.860
2025   1  56730 GPS  -2267742.346  5009091.222  3221276.961
2025   1  56760 GPS  -2267711.709  5009040.834  3221282.342
2025   1  56790 GPS  -2267714.327  5009045.717  3221272.650
2025   1  56820 GPS  -2267745.058  5009113.548  3221300.718
2025   1  56850 GPS  -2267717.993  5009092.946  3221285.403
2025   1  56880 GPS  -2267722.359  5009079.297  3221291.857
2025   1  56910 GPS  -2267703.655  5009037.126  3221292.027
2025   1  56940 GPS  -2267722.927  5009089.838  3221289.769
2025   1  56970 GPS  -2267730.614  5009073.184  3221286.795
2025   1  57000 GPS  -2267744.141  5009088.428  3221301.166
2025   1  57030 GPS  -2267731.325  5009085.300  3221266.320
2025   1  57060 GPS  -2267772.887  5009182.039  3221333.499
2025   1  57090 GPS  -2267746.132  5009138.228  3221308.485
2025   1  57120 GPS  -2267747.527  5009129.311  3221304.581
2025   1  57150 GPS  -2267750.669  5009148.324  3221277.896
2025   1  57180 GPS  -2267788.012  5009184.655  3221315.755
2025   1  57210 GPS  -2267744.713  5009111.924  3221315.620
2025   1  57240 GPS  -2267740.313  5009115.382  3221298.214
2025   1  57270 GPS  -2267755.848  5009164.323  3221311.823
2025   1  57300 GPS  -2267761.390  5009171.903  3221307.629
2025   1  57330 GPS  -2267715.263  5009072.898  3221284.447
2025   1  57360 GPS  -2267723.371  5009097.317  3221290.745
2025   1  57390 GPS  -2267770.528  5009149.819  3221331.804
2025   1  57420 GPS  -2267760.246  5009164.638  3221303.775
2025   1  57450 GPS  -2267765.506  5009154.561  3221324.703
2025   1  57480 GPS  -2267753.465  5009115.428  3221315.432
2025   1  57510 GPS  -2267702.000  5009046.991  3221246.481
2025   1  57540 GPS  -2267703.946  5009050.636  3221259.102
2025   1  57570 GPS  -2267730.089  5009082.458  3221283.376
2025   1  57600 GPS  -2267755.192  5009118.441  3221294.430
2025   1  57630 GPS  -2267730.629  5009103.025  3221297.720
2025   1  57660 GPS  -2267725.771  5009089.335  3221292.390
2025   1  57690 GPS  -2267731.767  5009112.985  3221307.232
2025   1  57720 GPS  -2267693.285  5009060.070  3221276.582
2025   1  57750 GPS  -2267703.403  5009048.709  3221286.405
2025   1  57780 GPS  -2267742.200  5009141.256  3221286.930
2025   1  57810 GPS  -2267764.457  5009154.520  3221308.232
2025   1  57840 GPS  -2267780.663  5009181.492  3221329.681
2025   1  57870 GPS  -2267763.051  5009140.245  3221325.540
2025   1  57900 GPS  -2267724.291  5009107.401  3221271.155
2025   1  57930 GPS  -2267761.197  5009124.503  3221314.290
2025   1  57960 GPS  -2267729.924  5009105.806  3221286.958
2025   1  57990 GPS  -2267731.024  5009075.360  3221297.653
2025   1  58020 GPS  -2267736.859  5009124.418  3221285.839
2025   1  58050 GPS  -2267760.023  5009129.487  3221287.613
2025   1  58080 GPS  -2267780.305  5009169.082  3221339.374
2025   1  58110 GPS  -2267790.507  5009189.308  3221308.756
2025   1  58140 GPS  -2267783.558  5009196.371  3221284.974
2025   1  58170 GPS  -2267768.220  5009151.383  3221286.188
2025   1  58200 GPS  -2267736.517  5009125.975  3221283.858
2025   1  58230 GPS  -2267743.168  5009144.534  3221282.659
2025   1  58260 GPS  -2267770.745  5009185.304  3221310.347
2025   1  58290 GPS  -2267736.818  5009138.899  3221307.998
2025   1  58320 GPS  -2267748.998  5009159.187  3221307.482
2025   1  58350 GPS  -2267763.542  5009150.250  3221299.282
2025   1  58380 GPS  -2267779.318  5009167.887  3221323.292
2025   1  58410 GPS  -2267725.967  5009108.818  3221284.220
2025   1  58440 GPS  -2267779.054  5009174.791  3221331.502
2025   1  58470 GPS  -2267724.850  5009112.271  3221295.116
2025   1  58500 GPS  -2267719.401  5009105.174  3221288.723
2025   1  58530 GPS  -2267712.305  5009034.015  3221260.286
2025   1  58560 GPS  -2267695.589  5009064.449  3221258.576
2025   1  58590 GPS  -2267691.062  5009045.978  3221259.414
2025   1  58620 GPS  -2267704.412  5009072.495  3221240.802
2025   1  58650 GPS  -2267688.270  5009041.753  3221259.105
2025   1  58680 GPS  -2267762.083  5009161.325  3221273.174
2025   1  58710 GPS  -2267720.562  5009130.706  3221268.593
2025   1  58740 GPS  -2267752.227  5009165.815  3221289.376
2025   1  58770 GPS  -2267756.013  5009162.588  3221313.107
2025   1  58800 GPS  -2267729.264  5009127.615  3221285.321
2025   1  58830 GPS  -2267749.441  5009151.018  3221287.267
2025   1  58860 GPS  -2267763.509  5009169.050  3221289.170
2025   1  58890 GPS  -2267785.595  5009184.136  3221320.393
2025   1  58920 GPS  -2267756.396  5009123.087  3221278.999
2025   1  58950 GPS  -2267738.836  5009128.525  3221278.896
2025   1  58980 GPS  -2267760.180  5009145.680  3221311.501
2025   1  59010 GPS  -2267739.374  5009117.639  3221287.302
2025   1  59040 GPS  -2267745.334  5009118.739  3221292.974
2025   1  59070 GPS  -2267715.197  5009118.700  3221265.179
2025   1  59100 GPS  -2267700.829  5009078.307  3221276.672
2025   1  59130 GPS  -2267733.187  5009141.465  3221264.516
2025   1  59160 GPS  -2267749.661  5009146.972  3221281.748
2025   1  59190 GPS  -2267731.632  5009118.936  3221280.123
2025   1  59220 GPS  -2267736.071  5009135.852  3221294.148
2025   1  59250 GPS  -2267753.767  5009164.060  3221287.890
2025   1  59280 GPS  -2267753.990  5009179.662  3221299.997
2025   1  59310 GPS  -2267768.996  5009158.413  3221313.097
2025   1  59340 GPS  -2267758.236  5009162.434  3221291.888
2025   1  59370 GPS  -2267745.724  5009140.573  3221304.681
2025   1  59400 GPS  -2267742.912  5009123.193  3221289.949
2025   1  59430 GPS  -2267776.887  5009179.865  3221317.940
2025   1  59460 GPS  -2267779.733  5009181.965  3221323.803
2025   1  59490 GPS  -2267754.328  5009147.065  3221281.907
2025   1  59520 GPS  -2267732.173  5009144.473  3221281.038
2025   1  59550 GPS  -2267783.043  5009194.612  3221313.182
2025   1  59580 GPS  -2267778.804  5009173.413  3221306.739
2025   1  59610 GPS  -2267762.424  5009188.268  3221276.985
2025   1  59640 GPS  -2267758.305  5009197.823  3221283.355
2025   1  59670 GPS  -2267795.107  5009241.249  3221300.416
2025   1  59700 GPS  -2267753.884  5009177.369  3221283.727
2025   1  59730 GPS  -2267761.056  5009186.906  3221294.451
2025   1  59760 GPS  -2267782.134  5009181.462  3221292.582
2025   1  59790 GPS  -2267771.408  5009160.275  3221295.414
2025   1  59820 GPS  -2267781.390  5009166.407  3221308.888
2025   1  59850 GPS  -2267784.934  5009172.924  3221294.710
2025   1  59880 GPS  -2267779.558  5009134.469  3221279.387
2025   1  59910 GPS  -2267781.479  5009160.491  3221301.685
2025   1  59940 GPS  -2267787.032  5009212.021  3221305.650
2025   1  59970 GPS  -2267769.569  5009158.341  3221286.291
2025   1  60000 GPS  -2267782.416  5009188.128  3221311.033
2025   1  60030 GPS  -2267779.998  5009225.492  3221309.280
2025   1  60060 GPS  -2267769.401  5009177.723  3221295.291
2025   1  60090 GPS  -2267747.334  5009156.933  3221284.862
2025   1  60120 GPS  -2267763.896  5009194.544  3221301.342
2025   1  60150 GPS  -2267783.212  5009159.817  3221286.647
2025   1  60180 GPS  -2267758.969  5009168.943  3221292.844
2025   1  60210 GPS  -2267759.636  5009152.166  3221299.405
2025   1  60240 GPS  -2267769.484  5009178.091  3221298.943
2025   1  60270 GPS  -2267769.834  5009141.322  3221275.002
2025   1  60300 GPS  -2267797.133  5009184.577  3221306.799
2025   1  60330 GPS  -2267765.221  5009152.313  3221274.750
2025   1  60360 GPS  -2267779.871  5009182.378  3221295.702
2025   1  60390 GPS  -2267771.651  5009204.339  3221305.247
2025   1  60420 GPS  -2267791.236  5009150.936  3221288.150
2025   1  60450 GPS  -2267779.247  5009178.898  3221291.084
2025   1  60480 GPS  -2267777.407  5009170.774  3221293.490
2025   1  60510 GPS  -2267767.205  5009132.533  3221277.167
2025   1  60540 GPS  -2267783.199  5009204.328  3221302.964
2025   1  60570 GPS  -2267760.565  5009180.404  3221288.108
2025   1  60600 GPS  -2267774.535  5009137.738  3221291.047
2025   1  60630 GPS  -2267759.420  5009189.177  3221304.997
2025   1  60660 GPS  -2267781.318  5009179.751  3221297.897
2025   1  60690 GPS  -2267784.505  5009182.589  3221309.622
2025   1  60720 GPS  -2267793.549  5009193.022  3221326.238
2025   1  60750 GPS  -2267794.507  5009242.680  3221302.115
2025   1  60780 GPS  -2267779.681  5009211.648  3221314.012
2025   1  60810 GPS  -2267765.820  5009189.398  3221304.414
2025   1  60840 GPS  -2267723.667  5009092.596  3221280.229
2025   1  60870 GPS  -2267743.168  5009147.686  3221281.555
2025   1  60900 GPS  -2267763.914  5009147.972  3221292.299
2025   1  60930 GPS  -2267718.513  5009053.537  3221263.777
2025   1  60960 GPS  -2267769.095  5009099.142  3221313.887
2025   1  60990 GPS  -2267765.145  5009136.696  3221316.768
2025   1  61020 GPS  -2267764.821  5009158.065  3221311.538
2025   1  61050 GPS  -2267708.972  5009038.128  3221254.604
2025   1  61080 GPS  -2267726.017  5009134.757  3221282.736
2025   1  61110 GPS  -2267746.141  5009148.395  3221276.686
2025   1  61140 GPS  -2267736.675  5009102.400  3221262.106
2025   1  61170 GPS  -2267753.833  5009091.296  3221295.185
2025   1  61200 GPS  -2267797.302  5009155.024  3221291.683
2025   1  61230 GPS  -2267749.197  5009152.133  3221286.628
2025   1  61260 GPS  -2267757.459  5009142.994  3221291.582
2025   1  61290 GPS  -2267762.022  5009178.742  3221293.487
2025   1  61320 GPS  -2267757.910  5009180.500  3221310.002
2025   1  61350 GPS  -2267737.799  5009151.807  3221288.305
2025   1  61380 GPS  -2267754.304  5009204.936  3221282.183
2025   1  61410 GPS  -2267777.364  5009228.990  3221293.007
2025   1  61440 GPS  -2267771.874  5009177.237  3221286.226
2025   1  61470 GPS  -2267739.749  5009112.070  3221258.544
2025   1  61500 GPS  -2267759.751  5009167.518  3221287.698
2025   1  61530 GPS  -2267736.285  5009160.060  3221278.863
2025   1  61560 GPS  -2267758.904  5009130.033  3221289.029
2025   1  61590 GPS  -2267754.492  5009163.109  3221262.690
2025   1  61620 GPS  -2267732.204  5009144.492  3221265.305
2025   1  61650 GPS  -2267752.659  5009151.919  3221276.036
2025   1  61680 GPS  -2267776.954  5009185.677  3221300.618
2025   1  61710 GPS  -2267788.660  5009212.976  3221321.834
2025   1  61740 GPS  -2267785.172  5009198.147  3221319.874
2025   1  61770 GPS  -2267776.486  5009221.985  3221321.847
2025   1  61800 GPS  -2267802.212  5009270.032  3221328.493
2025   1  61830 GPS  -2267769.741  5009259.494  3221338.812
2025   1  61860 GPS  -2267771.851  5009211.688  3221307.846
2025   1  61890 GPS  -2267792.129  5009202.912  3221318.536
2025   1  61920 GPS  -2267763.816  5009152.005  3221325.243
2025   1  61950 GPS  -2267777.821  5009171.502  3221325.668
2025   1  61980 GPS  -2267783.303  5009185.451  3221310.773
2025   1  62010 GPS  -2267801.023  5009185.161  3221331.865
2025   1  62040 GPS  -2267797.072  5009189.972  3221313.197
2025   1  62070 GPS  -2267800.037  5009252.443  3221342.657
2025   1  62100 GPS  -2267797.257  5009222.319  3221334.791
2025   1  62130 GPS  -2267801.030  5009227.081  3221331.733
2025   1  62160 GPS  -2267778.143  5009200.217  3221323.883
2025   1  62190 GPS  -2267801.661  5009229.850  3221338.570
2025   1  62220 GPS  -2267773.814  5009220.061  3221325.484
2025   1  62250 GPS  -2267755.851  5009200.625  3221322.023
2025   1  62280 GPS  -2267750.020  5009189.671  3221288.743
2025   1  62310 GPS  -2267765.627  5009226.905  3221305.601
2025   1  62340 GPS  -2267749.619  5009215.585  3221321.535
2025   1  62370 GPS  -2267779.721  5009213.370  3221308.634
2025   1  62400 GPS  -2267776.280  5009225.630  3221331.389
2025   1  62430 GPS  -2267771.933  5009268.088  3221326.338
2025   1  62460 GPS  -2267768.926  5009172.575  3221313.965
2025   1  62490 GPS  -2267767.025  5009163.873  3221304.127
2025   1  62520 GPS  -2267776.494  5009208.390  3221304.174
2025   1  62550 GPS  -2267766.303  5009213.385  3221314.973
2025   1  62580 GPS  -2267770.601  5009237.936  3221314.564
2025   1  62610 GPS  -2267809.430  5009247.723  3221318.234
2025   1  62640 GPS  -2267747.259  5009133.636  3221302.246
2025   1  62670 GPS  -2267769.235  5009173.712  3221311.273
2025   1  62700 GPS  -2267749.705  5009203.617  3221334.709
2025   1  62730 GPS  -2267739.701  5009169.697  3221304.368
2025   1  62760 GPS  -2267788.227  5009183.701  3221320.412
2025   1  62790 GPS  -2267773.758  5009154.779  3221316.291
2025   1  62820 GPS  -2267803.489  5009184.417  3221308.414
2025   1  62850 GPS  -2267755.006  5009159.691  3221326.501
2025   1  62880 GPS  -2267758.716  5009127.040  3221286.572
2025   1  62910 GPS  -2267770.039  5009146.621  3221291.204
2025   1  62940 GPS  -2267739.649  5009092.932  3221276.946
2025   1  62970 GPS  -2267765.293  5009182.066  3221290.022
2025   1  63000 GPS  -2267779.959  5009195.277  3221276.700
2025   1  63030 GPS  -2267758.410  5009159.381  3221265.658
2025   1  63060 GPS  -2267740.887  5009148.191  3221289.821
2025   1  63090 GPS  -2267764.679  5009170.846  3221301.272
2025   1  63120 GPS  -2267764.059  5009175.220  3221299.089
2025   1  63150 GPS  -2267741.178  5009108.241  3221269.112
2025   1  63180 GPS  -2267788.683  5009190.345  3221287.060
2025   1  63210 GPS  -2267743.652  5009161.919  3221299.906
2025   1  63240 GPS  -2267760.423  5009159.597  3221298.098
2025   1  63270 GPS  -2267774.906  5009168.059  3221294.134
2025   1  63300 GPS  -2267752.249  5009123.941  3221272.700
2025   1  63330 GPS  -2267768.221  5009178.339  3221309.900
2025   1  63360 GPS  -2267751.286  5009145.489  3221306.089
2025   1  63390 GPS  -2267756.826  5009165.164  3221300.394
2025   1  63420 GPS  -2267758.072  5009172.111  3221290.943
2025   1  63450 GPS  -2267774.013  5009206.522  3221301.148
2025   1  63480 GPS  -2267815.586  5009251.407  3221325.290
2025   1  63510 GPS  -2267780.040  5009243.083  3221318.342
2025   1  63540 GPS  -2267765.225  5009174.173  3221294.593
2025   1  63570 GPS  -2267748.982  5009156.847  3221294.742
2025   1  63600 GPS  -2267749.172  5009145.670  3221288.498
2025   1  63630 GPS  -2267777.136  5009200.199  3221284.964
2025   1  63660 GPS  -2267752.240  5009146.437  3221273.466
2025   1  63690 GPS  -2267766.479  5009163.992  3221268.884
2025   1  63720 GPS  -2267801.343  5009213.326  3221299.819
2025   1  63750 GPS  -2267754.220  5009186.966  3221290.893
2025   1  63780 GPS  -2267831.765  5009301.028  3221322.528
2025   1  63810 GPS  -2267791.328  5009231.888  3221307.257
2025   1  63840 GPS  -2267779.633  5009234.314  3221303.847
2025   1  63870 GPS  -2267823.866  5009276.583  3221327.574
2025   1  63900 GPS  -2267793.977  5009218.378  3221314.041
2025   1  63930 GPS  -2267757.327  5009179.820  3221280.997
2025   1  63960 GPS  -2267803.959  5009249.604  3221305.491
2025   1  63990 GPS  -2267793.289  5009224.959  3221265.658
2025   1  64020 GPS  -2267758.653  5009157.925  3221285.087
2025   1  64050 GPS  -2267783.129  5009225.875  3221324.227
2025   1  64080 GPS  -2267771.781  5009164.483  3221275.147
2025   1  64110 GPS  -2267764.590  5009154.229  3221271.578
2025   1  64140 GPS  -2267744.432  5009125.582  3221245.516
2025   1  64170 GPS  -2267741.188  5009119.342  3221247.036
2025   1  64200 GPS  -2267760.182  5009143.693  3221243.208
2025   1  64230 GPS  -2267767.856  5009186.988  3221281.374
2025   1  64260 GPS  -2267805.853  5009231.047  3221314.337
2025   1  64290 GPS  -2267795.987  5009199.803  3221287.463
2025   1  64320 GPS  -2267817.530  5009237.805  3221295.677
2025   1  64350 GPS  -2267789.293  5009190.572  3221275.162
2025   1  64380 GPS  -2267787.684  5009183.722  3221273.436
2025   1  64410 GPS  -2267785.566  5009203.400  3221280.346
2025   1  64440 GPS  -2267756.211  5009168.505  3221271.088
2025   1  64470 GPS  -2267706.866  5009109.453  3221249.183
2025   1  64500 GPS  -2267700.134  5009095.892  3221228.247
2025   1  64530 GPS  -2267727.227  5009111.105  3221245.222
2025   1  64560 GPS  -2267727.678  5009127.727  3221250.013
2025   1  64590 GPS  -2267749.844  5009153.154  3221269.210
2025   1  64620 GPS  -2267768.546  5009190.560  3221269.633
2025   1  64650 GPS  -2267787.204  5009175.153  3221282.836
2025   1  64680 GPS  -2267794.320  5009192.912  3221315.257
2025   1  64710 GPS  -2267734.477  5009124.200  3221279.805
2025   1  64740 GPS  -2267755.296  5009138.167  3221282.956
2025   1  64770 GPS  -2267728.669  5009122.887  3221274.499
2025   1  64800 GPS  -2267753.158  5009126.184  3221279.918
2025   1  64830 GPS  -2267719.781  5009107.291  3221258.541
2025   1  64860 GPS  -2267730.402  5009109.058  3221239.280
2025   1  64890 GPS  -2267755.307  5009142.012  3221243.370
2025   1  64920 GPS  -2267775.342  5009189.221  3221273.110
2025   1  64950 GPS  -2267780.910  5009202.777  3221285.819
2025   1  64980 GPS  -2267775.645  5009234.546  3221289.887
2025   1  65010 GPS  -2267824.485  5009267.992  3221282.115
2025   1  65040 GPS  -2267816.670  5009228.783  3221296.526
2025   1  65070 GPS  -2267841.990  5009283.419  3221348.843
2025   1  65100 GPS  -2267805.106  5009179.546  3221283.775
2025   1  65130 GPS  -2267725.527  5009109.181  3221232.992
2025   1  65160 GPS  -2267743.862  5009144.132  3221223.075
2025   1  65190 GPS  -2267762.874  5009156.758  3221222.253
2025   1  65220 GPS  -2267751.870  5009164.886  3221244.593
2025   1  65250 GPS  -2267775.728  5009185.767  3221266.545
2025   1  65280 GPS  -2267807.307  5009240.634  3221292.996
2025   1  65310 GPS  -2267770.164  5009182.927  3221284.156
2025   1  65340 GPS  -2267794.402  5009226.416  3221312.195
2025   1  65370 GPS  -2267796.240  5009181.534  3221275.026
2025   1  65400 GPS  -2267783.344  5009202.526  3221275.441
2025   1  65430 GPS  -2267770.422  5009172.796  3221240.360
2025   1  65460 GPS  -2267786.363  5009191.627  3221261.938
2025   1  65490 GPS  -2267798.452  5009194.982  3221263.686
2025   1  65520 GPS  -2267803.387  5009211.671  3221275.398
2025   1  65550 GPS  -2267768.823  5009164.498  3221288.376
2025   1  65580 GPS  -2267763.883  5009134.939  3221285.147
2025   1  65610 GPS  -2267820.704  5009208.978  3221317.504
2025   1  65640 GPS  -2267775.842  5009188.386  3221284.587
2025   1  65670 GPS  -2267837.220  5009266.463  3221323.249
2025   1  65700 GPS  -2267825.299  5009213.525  3221292.150
2025   1  65730 GPS  -2267787.597  5009198.114  3221287.262
2025   1  65760 GPS  -2267834.078  5009221.540  3221303.110
2025   1  65790 GPS  -2267775.246  5009215.661  3221281.100
2025   1  65820 GPS  -2267771.666  5009150.070  3221257.112
2025   1  65850 GPS  -2267842.765  5009228.952  3221291.617
2025   1  65880 GPS  -2267814.237  5009232.608  3221323.601
2025   1  65910 GPS  -2267793.685  5009183.335  3221293.538
2025   1  65940 GPS  -2267772.959  5009184.114  3221299.299
2025   1  65970 GPS  -2267817.957  5009226.260  3221300.627
2025   1  66000 GPS  -2267811.742  5009178.282  3221274.416
2025   1  66030 GPS  -2267779.771  5009166.575  3221264.965
2025   1  66060 GPS  -2267816.207  5009190.277  3221313.031
2025   1  66090 GPS  -2267787.381  5009190.752  3221280.853
2025   1  66120 GPS  -2267790.453  5009169.135  3221295.736
2025   1  66150 GPS  -2267817.115  5009229.635  3221308.811
2025   1  66180 GPS  -2267806.494  5009205.266  3221289.157
2025   1  66210 GPS  -2267827.843  5009213.054  3221284.627
2025   1  66240 GPS  -2267813.302  5009204.230  3221285.008
2025   1  66270 GPS  -2267805.165  5009211.108  3221282.778
2025   1  66300 GPS  -2267788.276  5009170.793  3221265.360
2025   1  66330 GPS  -2267767.810  5009161.664  3221284.273
2025   1  66360 GPS  -2267777.161  5009155.630  3221278.921
2025   1  66390 GPS  -2267755.207  5009162.194  3221293.136
2025   1  66420 GPS  -2267773.330  5009167.843  3221280.202
2025   1  66450 GPS  -2267777.417  5009156.516  3221269.695
2025   1  66480 GPS  -2267771.522  5009166.968  3221262.623
2025   1  66510 GPS  -2267759.843  5009160.643  3221291.922
2025   1  66540 GPS  -2267755.000  5009143.602  3221265.198
2025   1  66570 GPS  -2267740.044  5009127.300  3221259.450
2025   1  66600 GPS  -2267770.585  5009180.453  3221288.251
2025   1  66630 GPS  -2267758.657  5009151.603  3221275.182
2025   1  66660 GPS  -2267730.850  5009137.504  3221260.802
2025   1  66690 GPS  -2267745.895  5009146.777  3221271.468
2025   1  66720 GPS  -2267752.064  5009152.152  3221280.825
2025   1  66750 GPS  -2267795.181  5009204.196  3221291.348
2025   1  66780 GPS  -2267797.460  5009210.432  3221280.823
2025   1  66810 GPS  -2267798.914  5009187.075  3221286.509
2025   1  66840 GPS  -2267774.459  5009189.022  3221297.761
2025   1  66870 GPS  -2267779.384  5009176.097  3221304.169
2025   1  66900 GPS  -2267772.408  5009153.515  3221262.502
2025   1  66930 GPS  -2267774.930  5009196.441  3221274.127
2025   1  66960 GPS  -2267761.233  5009177.652  3221290.489
2025   1  66990 GPS  -2267765.060  5009176.481  3221253.666
2025   1  67020 GPS  -2267744.073  5009164.725  3221287.476
2025   1  67050 GPS  -2267750.125  5009153.944  3221257.626
2025   1  67080 GPS  -2267792.056  5009189.857  3221266.222
2025   1  67110 GPS  -2267773.994  5009144.829  3221263.731
2025   1  67140 GPS  -2267782.522  5009168.937  3221285.638
2025   1  67170 GPS  -2267772.202  5009171.649  3221271.310
2025   1  67200 GPS  -2267772.305  5009168.910  3221253.889
2025   1  67230 GPS  -2267780.857  5009182.727  3221293.494
2025   1  67260 GPS  -2267762.372  5009160.472  3221292.209
2025   1  67290 GPS  -2267759.459  5009156.544  3221275.190
2025   1  67320 GPS  -2267772.007  5009184.361  3221311.315
2025   1  67350 GPS  -2267786.388  5009197.227  3221282.163
2025   1  67380 GPS  -2267781.515  5009193.549  3221295.138
2025   1  67410 GPS  -2267777.969  5009174.775  3221284.161
2025   1  67440 GPS  -2267774.990  5009170.845  3221271.044
2025   1  67470 GPS  -2267764.139  5009174.832  3221246.124
2025   1  67500 GPS  -2267789.205  5009183.972  3221281.804
2025   1  67530 GPS  -2267782.925  5009176.087  3221301.250
2025   1  67560 GPS  -2267770.386  5009166.093  3221298.312
2025   1  67590 GPS  -2267807.202  5009204.681  3221305.782
2025   1  67620 GPS  -2267775.703  5009199.598  3221282.361
2025   1  67650 GPS  -2267781.501  5009171.289  3221249.797
2025   1  67680 GPS  -2267790.786  5009188.295  3221281.133
2025   1  67710 GPS  -2267763.913  5009156.920  3221282.510
2025   1  67740 GPS  -2267765.448  5009156.410  3221276.536
2025   1  67770 GPS  -2267771.929  5009142.361  3221266.448
2025   1  67800 GPS  -2267775.044  5009159.035  3221291.781
2025   1  67830 GPS  -2267784.384  5009186.610  3221293.858
2025   1  67860 GPS  -2267793.918  5009142.026  3221251.605
2025   1  67890 GPS  -2267774.368  5009154.099  3221280.586
2025   1  67920 GPS  -2267759.616  5009114.679  3221244.808
2025   1  67950 GPS  -2267724.097  5009096.119  3221228.953
2025   1  67980 GPS  -2267745.038  5009155.177  3221267.458
2025   1  68010 GPS  -2267742.635  5009157.332  3221266.510
2025   1  68040 GPS  -2267755.228  5009151.015  3221277.892
2025   1  68070 GPS  -2267779.920  5009152.300  3221250.620
2025   1  68100 GPS  -2267765.073  5009172.978  3221273.381
2025   1  68130 GPS  -2267767.806  5009166.968  3221272.639
2025   1  68160 GPS  -2267763.935  5009155.073  3221280.410
2025   1  68190 GPS  -2267743.801  5009148.209  3221281.172
2025   1  68220 GPS  -2267772.513  5009176.613  3221251.703
2025   1  68250 GPS  -2267750.993  5009161.066  3221255.433
2025   1  68280 GPS  -2267761.514  5009159.864  3221271.665
2025   1  68310 GPS  -2267782.295  5009194.576  3221276.798
2025   1  68340 GPS  -2267766.494  5009146.440  3221288.214
2025   1  68370 GPS  -2267755.896  5009136.086  3221306.724
2025   1  68400 GPS  -2267741.727  5009111.459  3221288.042
2025   1  68430 GPS  -2267784.913  5009160.085  3221288.689
2025   1  68460 GPS  -2267767.682  5009169.423  3221282.797
2025   1  68490 GPS  -2267774.341  5009178.399  3221283.683
2025   1  68520 GPS  -2267753.870  5009139.336  3221282.021
2025   1  68550 GPS  -2267748.042  5009130.307  3221278.743
2025   1  68580 GPS  -2267758.745  5009151.020  3221277.002
2025   1  68610 GPS  -2267751.657  5009142.850  3221280.249
2025   1  68640 GPS  -2267775.021  5009175.035  3221281.134
2025   1  68670 GPS  -2267764.106  5009175.099  3221276.858
2025   1  68700 GPS  -2267760.008  5009154.564  3221298.613
2025   1  68730 GPS  -2267757.112  5009138.372  3221279.994
2025   1  68760 GPS  -2267757.822  5009150.313  3221289.573
2025   1  68790 GPS  -2267792.822  5009195.564  3221311.031
2025   1  68820 GPS  -2267796.973  5009192.226  3221300.706
2025   1  68850 GPS  -2267740.310  5009119.164  3221290.275
2025   1  68880 GPS  -2267754.887  5009172.381  3221287.441
2025   1  68910 GPS  -2267745.779  5009122.575  3221276.240
2025   1  68940 GPS  -2267784.240  5009221.071  3221308.084
2025   1  68970 GPS  -2267758.523  5009156.291  3221256.177
2025   1  69000 GPS  -2267736.868  5009150.269  3221280.039
2025   1  69030 GPS  -2267765.361  5009187.736  3221291.188
2025   1  69060 GPS  -2267769.549  5009157.082  3221287.725
2025   1  69090 GPS  -2267738.510  5009136.688  3221289.976
2025   1  69120 GPS  -2267759.501  5009149.858  3221282.665
2025   1  69150 GPS  -2267746.793  5009122.325  3221277.535
2025   1  69180 GPS  -2267754.269  5009139.232  3221282.255
2025   1  69210 GPS  -2267763.279  5009129.824  3221269.688
2025   1  69240 GPS  -2267734.264  5009094.148  3221252.520
2025   1  69270 GPS  -2267731.055  5009079.503  3221258.174
2025   1  69300 GPS  -2267733.322  5009099.842  3221251.640
2025   1  69330 GPS  -2267706.587  5009074.123  3221248.751
2025   1  69360 GPS  -2267742.040  5009146.735  3221291.129
2025   1  69390 GPS  -2267739.356  5009117.659  3221282.796
2025   1  69420 GPS  -2267748.936  5009111.148  3221265.068
2025   1  69450 GPS  -2267694.630  5009064.106  3221241.101
2025   1  69480 GPS  -2267711.411  5009127.537  3221279.368
2025   1  69510 GPS  -2267720.210  5009124.035  3221264.827
2025   1  69540 GPS  -2267724.613  5009139.412  3221262.763
2025   1  69570 GPS  -2267721.551  5009136.674  3221263.384
2025   1  69600 GPS  -2267737.189  5009156.348  3221279.678
2025   1  69630 GPS  -2267749.276  5009166.892  3221302.985
2025   1  69660 GPS  -2267797.570  5009253.518  3221340.267
2025   1  69690 GPS  -2267758.962  5009193.943  3221311.520
2025   1  69720 GPS  -2267752.178  5009167.765  3221288.724
2025   1  69750 GPS  -2267702.076  5009127.335  3221272.860
2025   1  69780 GPS  -2267738.392  5009143.768  3221270.201
2025   1  69810 GPS  -2267720.079  5009121.543  3221275.352
2025   1  69840 GPS  -2267715.690  5009089.586  3221250.440
2025   1  69870 GPS  -2267737.114  5009134.638  3221298.038
2025   1  69900 GPS  -2267713.893  5009122.922  3221277.144
2025   1  69930 GPS  -2267688.068  5009067.164  3221252.171
2025   1  69960 GPS  -2267697.612  5009093.893  3221273.251
2025   1  69990 GPS  -2267723.205  5009128.283  3221277.774
2025   1  70020 GPS  -2267753.320  5009176.295  3221291.381
2025   1  70050 GPS  -2267753.887  5009187.084  3221300.672
2025   1  70080 GPS  -2267746.551  5009147.672  3221298.484
2025   1  70110 GPS  -2267757.067  5009179.933  3221304.465
2025   1  70140 GPS  -2267746.271  5009165.755  3221294.287
2025   1  70170 GPS  -2267772.359  5009214.870  3221305.833
2025   1  70200 GPS  -2267736.747  5009165.726  3221274.204
2025   1  70230 GPS  -2267723.601  5009132.073  3221258.318
2025   1  70260 GPS  -2267757.328  5009158.269  3221281.928
2025   1  70290 GPS  -2267740.870  5009112.953  3221273.303
2025   1  70320 GPS  -2267724.533  5009097.955  3221257.916
2025   1  70350 GPS  -2267752.272  5009138.537  3221291.351
2025   1  70380 GPS  -2267743.133  5009130.694  3221281.735
2025   1  70410 GPS  -2267726.430  5009102.993  3221268.103
2025   1  70440 GPS  -2267765.875  5009181.077  3221315.792
2025   1  70470 GPS  -2267784.168  5009212.165  3221289.358
2025   1  70500 GPS  -2267710.424  5009101.076  3221283.794
2025   1  70530 GPS  -2267702.345  5009071.079  3221261.893
2025   1  70560 GPS  -2267734.517  5009136.690  3221291.126
2025   1  70590 GPS  -2267747.839  5009158.782  3221298.404
2025   1  70620 GPS  -2267774.011  5009214.464  3221314.673
2025   1  70650 GPS  -2267780.405  5009260.747  3221344.077
2025   1  70680 GPS  -2267751.213  5009161.293  3221292.620
2025   1  70710 GPS  -2267800.274  5009210.332  3221300.668
2025   1  70740 GPS  -2267744.983  5009173.904  3221301.510
2025   1  70770 GPS  -2267749.848  5009144.284  3221284.453
2025   1  70800 GPS  -2267725.974  5009084.003  3221270.572
2025   1  70830 GPS  -2267761.742  5009163.984  3221302.186
2025   1  70860 GPS  -2267768.193  5009163.275  3221286.492
2025   1  70890 GPS  -2267752.287  5009178.623  3221296.870
2025   1  70920 GPS  -2267767.990  5009181.825  3221288.884
2025   1  70950 GPS  -2267765.488  5009212.841  3221299.890
2025   1  70980 GPS  -2267749.656  5009161.807  3221305.613
2025   1  71010 GPS  -2267740.542  5009189.791  3221327.616
2025   1  71040 GPS  -2267729.920  5009135.733  3221318.408
2025   1  71070 GPS  -2267756.451  5009197.162  3221303.610
2025   1  71100 GPS  -2267775.143  5009223.988  3221324.128
2025   1  71130 GPS  -2267730.720  5009129.841  3221278.578
2025   1  71160 GPS  -2267743.487  5009113.065  3221282.887
2025   1  71190 GPS  -2267727.644  5009127.977  3221269.735
2025   1  71220 GPS  -2267733.905  5009155.507  3221294.248
2025   1  71250 GPS  -2267747.449  5009181.561  3221294.238
2025   1  71280 GPS  -2267743.288  5009154.716  3221294.087
2025   1  71310 GPS  -2267734.742  5009166.561  3221294.506
2025   1  71340 GPS  -2267808.181  5009263.935  3221318.999
2025   1  71370 GPS  -2267804.570  5009249.622  3221315.535
2025   1  71400 GPS  -2267742.359  5009169.937  3221273.224
2025   1  71430 GPS  -2267761.540  5009193.167  3221305.377
2025   1  71460 GPS  -2267758.306  5009208.462  3221302.879
2025   1  71490 GPS  -2267743.724  5009193.584  3221303.961
2025   1  71520 GPS  -2267754.357  5009156.609  3221282.179
2025   1  71550 GPS  -2267780.491  5009169.296  3221311.929
2025   1  71580 GPS  -2267769.815  5009192.019  3221329.106
2025   1  71610 GPS  -2267758.247  5009147.705  3221326.829
2025   1  71640 GPS  -2267715.931  5009126.601  3221283.878
2025   1  71670 GPS  -2267755.468  5009171.379  3221285.748
2025   1  71700 GPS  -2267759.406  5009178.421  3221304.688
2025   1  71730 GPS  -2267743.438  5009171.712  3221311.442
2025   1  71760 GPS  -2267749.580  5009166.535  3221307.075
2025   1  71790 GPS  -2267724.466  5009152.337  3221296.791
2025   1  71820 GPS  -2267707.190  5009139.744  3221275.140
2025   1  71850 GPS  -2267690.832  5009096.599  3221276.957
2025   1  71880 GPS  -2267743.300  5009160.363  3221289.919
2025   1  71910 GPS  -2267732.780  5009124.487  3221296.948
2025   1  71940 GPS  -2267727.883  5009141.440  3221282.774
2025   1  71970 GPS  -2267751.152  5009171.163  3221321.966
2025   1  72000 GPS  -2267765.258  5009169.253  3221329.664
2025   1  72030 GPS  -2267732.129  5009129.386  3221286.518
2025   1  72060 GPS  -2267721.580  5009135.163  3221278.383
2025   1  72090 GPS  -2267756.592  5009181.775  3221299.722
2025   1  72120 GPS  -2267750.821  5009159.890  3221310.361
2025   1  72150 GPS  -2267724.170  5009138.898  3221281.709
2025   1  72180 GPS  -2267758.099  5009180.357  3221286.866
2025   1  72210 GPS  -2267760.414  5009180.617  3221298.231
2025   1  72240 GPS  -2267745.050  5009170.415  3221275.861
2025   1  72270 GPS  -2267729.669  5009165.130  3221280.873
2025   1  72300 GPS  -2267740.450  5009138.275  3221271.585
2025   1  72330 GPS  -2267734.432  5009129.773  3221258.514
2025   1  72360 GPS  -2267763.188  5009137.265  3221316.469
2025   1  72390 GPS  -2267732.151  5009130.944  3221282.109
2025   1  72420 GPS  -2267735.716  5009169.831  3221307.001
2025   1  72450 GPS  -2267740.935  5009172.307  3221283.532
2025   1  72480 GPS  -2267777.540  5009166.279  3221306.414
2025   1  72510 GPS  -2267736.562  5009147.491  3221281.162
2025   1  72540 GPS  -2267722.135  5009136.040  3221277.267
2025   1  72570 GPS  -2267748.725  5009139.306  3221260.184
2025   1  72600 GPS  -2267736.437  5009130.083  3221264.538
2025   1  72630 GPS  -2267730.810  5009126.694  3221265.667
2025   1  72660 GPS  -2267774.808  5009195.250  3221301.044
2025   1  72690 GPS  -2267750.978  5009160.059  3221282.538
2025   1  72720 GPS  -2267728.147  5009146.829  3221268.382
2025   1  72750 GPS  -2267744.692  5009149.982  3221292.940
2025   1  72780 GPS  -2267750.710  5009154.318  3221321.443
2025   1  72810 GPS  -2267743.432  5009148.362  3221288.013
2025   1  72840 GPS  -2267750.713  5009170.240  3221306.587
2025   1  72870 GPS  -2267744.492  5009161.965  3221289.675
2025   1  72900 GPS  -2267747.952  5009212.858  3221306.909
2025   1  72930 GPS  -2267740.059  5009178.447  3221251.839
2025   1  72960 GPS  -2267756.951  5009186.688  3221309.677
2025   1  72990 GPS  -2267751.568  5009155.000  3221299.967
2025   1  73020 GPS  -2267749.889  5009163.273  3221311.107
2025   1  73050 GPS  -2267749.443  5009169.958  3221279.460
2025   1  73080 GPS  -2267760.740  5009171.999  3221302.853
2025   1  73110 GPS  -2267777.844  5009196.015  3221316.983
2025   1  73140 GPS  -2267791.251  5009198.143  3221346.621
2025   1  73170 GPS  -2267735.526  5009145.498  3221323.527
2025   1  73200 GPS  -2267747.272  5009157.652  3221313.701
2025   1  73230 GPS  -2267738.423  5009182.609  3221309.016
2025   1  73260 GPS  -2267731.620  5009154.437  3221306.472
2025   1  73290 GPS  -2267755.185  5009179.785  3221306.485
2025   1  73320 GPS  -2267744.010  5009157.961  3221281.149
2025   1  73350 GPS  -2267705.867  5009134.132  3221232.959
2025   1  73380 GPS  -2267741.604  5009118.183  3221269.802
2025   1  73410 GPS  -2267760.138  5009150.912  3221304.936
2025   1  73440 GPS  -2267731.144  5009123.481  3221270.497
2025   1  73470 GPS  -2267703.103  5009131.297  3221262.199
2025   1  73500 GPS  -2267754.260  5009176.903  3221302.550
2025   1  73530 GPS  -2267715.962  5009152.330  3221301.918
2025   1  73560 GPS  -2267724.446  5009132.522  3221276.978
2025   1  73590 GPS  -2267718.890  5009146.412  3221288.484
2025   1  73620 GPS  -2267729.786  5009146.275  3221290.160
2025   1  73650 GPS  -2267719.854  5009147.502  3221262.761
2025   1  73680 GPS  -2267758.220  5009208.547  3221327.637
2025   1  73710 GPS  -2267754.622  5009180.785  3221342.300
2025   1  73740 GPS  -2267775.333  5009203.567  3221350.863
2025   1  73770 GPS  -2267750.524  5009175.250  3221287.812
2025   1  73800 GPS  -2267751.464  5009180.735  3221291.535
2025   1  73830 GPS  -2267768.383  5009205.480  3221318.640
2025   1  73860 GPS  -2267763.650  5009182.515  3221265.675
2025   1  73890 GPS  -2267756.168  5009181.914  3221286.954
2025   1  73920 GPS  -2267740.107  5009145.028  3221284.389
2025   1  73950 GPS  -2267784.555  5009263.762  3221367.371
2025   1  73980 GPS  -2267745.526  5009141.623  3221287.417
2025   1  74010 GPS  -2267740.338  5009189.126  3221337.038
2025   1  74040 GPS  -2267739.189  5009204.253  3221314.041
2025   1  74070 GPS  -2267735.514  5009189.373  3221317.780
2025   1  74100 GPS  -2267763.825  5009202.377  3221312.655
2025   1  74130 GPS  -2267723.304  5009128.164  3221262.858
2025   1  74160 GPS  -2267759.005  5009170.941  3221304.754
2025   1  74190 GPS  -2267759.301  5009148.869  3221306.618
2025   1  74220 GPS  -2267754.469  5009158.345  3221304.608
2025   1  74250 GPS  -2267743.401  5009095.261  3221267.259
2025   1  74280 GPS  -2267736.560  5009113.012  3221284.943
2025   1  74310 GPS  -2267714.290  5009097.533  3221252.934
2025   1  74340 GPS  -2267731.588  5009147.318  3221280.386
2025   1  74370 GPS  -2267717.055  5009109.001  3221275.868
2025   1  74400 GPS  -2267767.493  5009177.531  3221304.545
2025   1  74430 GPS  -2267741.246  5009104.172  3221264.348
2025   1  74460 GPS  -2267736.937  5009213.989  3221346.147
2025   1  74490 GPS  -2267719.900  5009178.368  3221274.918
2025   1  74520 GPS  -2267720.709  5009161.840  3221261.596
2025   1  74550 GPS  -2267738.812  5009203.884  3221325.084
2025   1  74580 GPS  -2267759.118  5009213.115  3221319.917
2025   1  74610 GPS  -2267746.344  5009220.813  3221303.654
2025   1  74640 GPS  -2267750.231  5009163.340  3221261.251
2025   1  74670 GPS  -2267759.445  5009189.360  3221277.752
2025   1  74700 GPS  -2267718.288  5009134.607  3221272.574
2025   1  74730 GPS  -2267746.253  5009165.394  3221245.746
2025   1  74760 GPS  -2267736.359  5009088.481  3221244.820
2025   1  74790 GPS  -2267757.396  5009140.707  3221268.475
2025   1  74820 GPS  -2267735.062  5009138.106  3221278.382
2025   1  74850 GPS  -2267743.434  5009188.875  3221341.263
2025   1  74880 GPS  -2267763.737  5009217.293  3221323.107
2025   1  74910 GPS  -2267773.224  5009110.814  3221288.254
2025   1  74940 GPS  -2267751.698  5009137.193  3221305.789
2025   1  74970 GPS  -2267743.268  5009152.128  3221326.045
2025   1  75000 GPS  -2267731.804  5009145.397  3221283.825
2025   1  75030 GPS  -2267735.814  5009178.145  3221272.537
2025   1  75060 GPS  -2267722.245  5009185.477  3221339.145
2025   1  75090 GPS  -2267703.648  5009146.242  3221286.915
2025   1  75120 GPS  -2267742.840  5009170.952  3221328.206
2025   1  75150 GPS  -2267765.015  5009204.397  3221358.103
2025   1  75180 GPS  -2267765.971  5009172.490  3221304.581
2025   1  75210 GPS  -2267799.077  5009208.038  3221287.342
2025   1  75240 GPS  -2267731.180  5009245.288  3221309.650
2025   1  75270 GPS  -2267778.447  5009209.726  3221274.792
2025   1  75300 GPS  -2267774.347  5009222.449  3221301.691
2025   1  75330 GPS  -2267767.722  5009217.161  3221303.683
2025   1  75360 GPS  -2267746.986  5009164.746  3221256.223
2025   1  75390 GPS  -2267753.043  5009199.918  3221258.324
2025   1  75420 GPS  -2267734.307  5009119.201  3221250.447
2025   1  75450 GPS  -2267712.576  5009058.277  3221220.581
2025   1  75480 GPS  -2267736.878  5009168.844  3221266.671
2025   1  75510 GPS  -2267668.448  5009042.771  3221197.167
2025   1  75540 GPS  -2267684.394  5009157.508  3221238.825
2025   1  75570 GPS  -2267716.839  5009096.961  3221230.319
2025   1  75600 GPS  -2267689.603  5009113.717  3221231.094
2025   1  75630 GPS  -2267721.903  5009182.310  3221291.071
2025   1  75660 GPS  -2267738.618  5009152.226  3221259.059
2025   1  75690 GPS  -2267747.448  5009115.243  3221280.406
2025   1  75720 GPS  -2267720.686  5009119.475  3221287.486
2025   1  75750 GPS  -2267736.035  5009163.719  3221286.778
2025   1  75780 GPS  -2267739.457  5009139.092  3221278.540
2025   1  75810 GPS  -2267740.337  5009135.450  3221250.320
2025   1  75840 GPS  -2267732.503  5009220.474  3221308.308
2025   1  75870 GPS  -2267763.263  5009201.964  3221323.656
2025   1  75900 GPS  -2267743.597  5009197.952  3221307.096
2025   1  75930 GPS  -2267722.445  5009169.588  3221274.588
2025   1  75960 GPS  -2267729.093  5009195.392  3221298.004
2025   1  75990 GPS  -2267738.670  5009164.957  3221287.746
2025   1  76020 GPS  -2267741.506  5009175.966  3221293.414
2025   1  76050 GPS  -2267785.069  5009176.507  3221286.281
2025   1  76080 GPS  -2267748.104  5009162.134  3221299.406
2025   1  76110 GPS  -2267739.297  5009218.453  3221298.562
2025   1  76140 GPS  -2267746.020  5009194.170  3221276.591
2025   1  76170 GPS  -2267764.263  5009110.031  3221224.833
2025   1  76200 GPS  -2267703.762  5009135.455  3221273.729
2025   1  76230 GPS  -2267722.035  5009195.793  3221303.374
2025   1  76260 GPS  -2267684.028  5009162.359  3221287.498
2025   1  76290 GPS  -2267701.096  5009157.595  3221306.776
2025   1  76320 GPS  -2267706.105  5009163.086  3221316.671
2025   1  76350 GPS  -2267687.547  5009173.795  3221302.159
2025   1  76380 GPS  -2267713.026  5009130.149  3221255.918
2025   1  76410 GPS  -2267740.201  5009102.641  3221228.609
2025   1  76440 GPS  -2267742.463  5009139.742  3221317.622
2025   1  76470 GPS  -2267697.633  5009184.734  3221318.714
2025   1  76500 GPS  -2267710.889  5009114.375  3221267.562
2025   1  76530 GPS  -2267726.290  5009144.986  3221279.586
2025   1  76560 GPS  -2267695.973  5009079.529  3221244.638
2025   1  76590 GPS  -2267697.551  5009104.626  3221250.885
2025   1  76620 GPS  -2267707.329  5009084.968  3221247.080
2025   1  76650 GPS  -2267682.687  5009104.805  3221261.327
2025   1  76680 GPS  -2267677.849  5009110.426  3221295.141
2025   1  76710 GPS  -2267729.009  5009154.045  3221313.420
2025   1  76740 GPS  -2267770.126  5009173.211  3221306.131
2025   1  76770 GPS  -2267752.813  5009111.115  3221279.570
2025   1  76800 GPS  -2267723.735  5009107.297  3221259.676
2025   1  76830 GPS  -2267667.752  5009073.584  3221228.265
2025   1  76860 GPS  -2267696.467  5009103.005  3221252.639
2025   1  76890 GPS  -2267693.350  5009118.753  3221285.798
2025   1  76920 GPS  -2267686.554  5009114.434  3221284.361
2025   1  76950 GPS  -2267729.557  5009107.550  3221282.904
2025   1  76980 GPS  -2267735.809  5009154.624  3221285.854
2025   1  77010 GPS  -2267737.964  5009161.297  3221294.986
2025   1  77040 GPS  -2267771.091  5009225.500  3221330.954
2025   1  77070 GPS  -2267760.079  5009125.531  3221234.647
2025   1  77100 GPS  -2267743.294  5009177.768  3221289.430
2025   1  77130 GPS  -2267750.739  5009175.560  3221288.051
2025   1  77160 GPS  -2267753.244  5009156.846  3221279.593
2025   1  77190 GPS  -2267730.296  5009188.622  3221315.163
2025   1  77220 GPS  -2267766.559  5009159.951  3221244.489
2025   1  77250 GPS  -2267758.382  5009177.309  3221291.105
2025   1  77280 GPS  -2267753.963  5009188.306  3221303.724
2025   1  77310 GPS  -2267728.989  5009154.232  3221250.707
2025   1  77340 GPS  -2267746.844  5009147.186  3221264.195
2025   1  77370 GPS  -2267747.305  5009158.799  3221287.442
2025   1  77400 GPS  -2267744.423  5009177.009  3221305.875
2025   1  77430 GPS  -2267726.994  5009137.438  3221303.102
2025   1  77460 GPS  -2267701.209  5009130.268  3221287.065
2025   1  77490 GPS  -2267713.126  5009114.930  3221267.535
2025   1  77520 GPS  -2267724.525  5009122.535  3221289.515
2025   1  77550 GPS  -2267733.899  5009157.349  3221322.296
2025   1  77580 GPS  -2267709.912  5009097.561  3221290.897
2025   1  77610 GPS  -2267716.389  5009103.954  3221287.495
2025   1  77640 GPS  -2267716.590  5009109.058  3221292.423
2025   1  77670 GPS  -2267726.893  5009099.480  3221278.349
2025   1  77700 GPS  -2267729.493  5009073.428  3221221.064
2025   1  77730 GPS  -2267744.002  5009085.799  3221266.904
2025   1  77760 GPS  -2267730.864  5009105.015  3221279.641
2025   1  77790 GPS  -2267713.680  5009088.629  3221303.443
2025   1  77820 GPS  -2267694.637  5009076.931  3221271.271
2025   1  77850 GPS  -2267687.327  5009123.424  3221271.162
2025   1  77880 GPS  -2267732.627  5009090.112  3221238.149
2025   1  77910 GPS  -2267744.646  5009131.128  3221269.990
2025   1  77940 GPS  -2267735.679  5009148.018  3221303.175
2025   1  77970 GPS  -2267748.624  5009100.156  3221277.913
2025   1  78000 GPS  -2267707.597  5009139.656  3221295.057
2025   1  78030 GPS  -2267726.619  5009100.085  3221273.207
2025   1  78060 GPS  -2267758.285  5009114.710  3221235.734
2025   1  78090 GPS  -2267747.941  5009141.763  3221287.319
2025   1  78120 GPS  -2267697.672  5009096.570  3221235.048
2025   1  78150 GPS  -2267728.147  5009138.748  3221274.770
2025   1  78180 GPS  -2267746.751  5009152.971  3221311.362
2025   1  78210 GPS  -2267753.277  5009133.326  3221300.853
2025   1  78240 GPS  -2267794.316  5009195.255  3221328.243
2025   1  78270 GPS  -2267735.780  5009159.371  3221293.538
2025   1  78300 GPS  -2267745.036  5009188.535  3221359.647
2025   1  78330 GPS  -2267694.490  5009139.567  3221295.650
2025   1  78360 GPS  -2267776.166  5009171.190  3221312.513
2025   1  78390 GPS  -2267748.862  5009125.720  3221280.314
2025   1  78420 GPS  -2267744.749  5009145.968  3221296.192
2025   1  78450 GPS  -2267729.204  5009150.343  3221309.658
2025   1  78480 GPS  -2267717.003  5009115.661  3221285.645
2025   1  78510 GPS  -2267679.794  5009125.754  3221303.606
2025   1  78540 GPS  -2267726.698  5009177.245  3221323.431
2025   1  78570 GPS  -2267714.270  5009130.370  3221314.086
2025   1  78600 GPS  -2267736.883  5009140.801  3221308.909
2025   1  78630 GPS  -2267724.182  5009143.580  3221282.904
2025   1  78660 GPS  -2267716.647  5009132.569  3221307.448
2025   1  78690 GPS  -2267696.392  5009144.193  3221272.722
2025   1  78720 GPS  -2267718.067  5009125.490  3221303.577
2025   1  78750 GPS  -2267734.273  5009123.659  3221299.774
2025   1  78780 GPS  -2267756.815  5009143.406  3221298.969
2025   1  78810 GPS  -2267705.693  5009111.943  3221294.874
2025   1  78840 GPS  -2267730.111  5009107.408  3221273.701
2025   1  78870 GPS  -2267739.565  5009112.295  3221271.867
2025   1  78900 GPS  -2267714.717  5009092.605  3221271.116
2025   1  78930 GPS  -2267740.518  5009173.495  3221334.349
2025   1  78960 GPS  -2267728.297  5009112.836  3221286.593
2025   1  78990 GPS  -2267744.038  5009117.830  3221301.519
2025   1  79020 GPS  -2267749.928  5009129.436  3221285.818
2025   1  79050 GPS  -2267725.190  5009099.628  3221277.991
2025   1  79080 GPS  -2267738.055  5009058.041  3221241.834
2025   1  79110 GPS  -2267738.235  5009096.950  3221269.071
2025   1  79140 GPS  -2267711.469  5009094.850  3221281.744
2025   1  79170 GPS  -2267729.991  5009124.983  3221305.678
2025   1  79200 GPS  -2267762.441  5009131.888  3221303.268
2025   1  79230 GPS  -2267738.483  5009179.636  3221315.035
2025   1  79260 GPS  -2267731.165  5009144.226  3221282.783
2025   1  79290 GPS  -2267748.424  5009146.837  3221294.816
2025   1  79320 GPS  -2267735.218  5009171.229  3221304.562
2025   1  79350 GPS  -2267756.158  5009131.494  3221307.974
2025   1  79380 GPS  -2267752.352  5009194.581  3221322.955
2025   1  79410 GPS  -2267752.376  5009185.948  3221307.042
2025   1  79440 GPS  -2267699.134  5009137.789  3221275.959
2025   1  79470 GPS  -2267725.103  5009147.344  3221283.438
2025   1  79500 GPS  -2267730.089  5009179.347  3221308.208
2025   1  79530 GPS  -2267717.930  5009145.399  3221280.838
2025   1  79560 GPS  -2267744.003  5009126.280  3221284.486
2025   1  79590 GPS  -2267738.342  5009190.648  3221308.552
2025   1  79620 GPS  -2267700.698  5009184.429  3221312.559
2025   1  79650 GPS  -2267690.994  5009101.204  3221285.803
2025   1  79680 GPS  -2267721.875  5009196.218  3221342.509
2025   1  79710 GPS  -2267737.363  5009108.552  3221275.164
2025   1  79740 GPS  -2267738.566  5009151.450  3221302.956
2025   1  79770 GPS  -2267729.621  5009166.314  3221302.294
2025   1  79800 GPS  -2267705.325  5009118.184  3221280.927
2025   1  79830 GPS  -2267729.079  5009118.013  3221280.748
2025   1  79860 GPS  -2267659.472  5009063.420  3221271.133
2025   1  79890 GPS  -2267752.006  5009131.411  3221282.954
2025   1  79920 GPS  -2267741.742  5009082.005  3221265.085
2025   1  79950 GPS  -2267692.996  5009068.604  3221261.242
2025   1  79980 GPS  -2267720.145  5009123.668  3221278.794
2025   1  80010 GPS  -2267692.579  5009073.616  3221266.242
2025   1  80040 GPS  -2267725.195  5009099.519  3221270.162
2025   1  80070 GPS  -2267751.266  5009156.697  3221293.795
2025   1  80100 GPS  -2267735.199  5009126.641  3221274.930
2025   1  80130 GPS  -2267727.372  5009164.715  3221285.464
2025   1  80160 GPS  -2267709.969  5009132.328  3221277.219
2025   1  80190 GPS  -2267742.664  5009111.644  3221252.170
2025   1  80220 GPS  -2267751.119  5009070.820  3221251.391
2025   1  80250 GPS  -2267727.834  5009060.577  3221263.023
2025   1  80280 GPS  -2267706.077  5009123.586  3221259.816
2025   1  80310 GPS  -2267724.265  5009105.007  3221286.782
2025   1  80340 GPS  -2267774.363  5009127.724  3221305.192
2025   1  80370 GPS  -2267725.589  5009091.700  3221285.010
2025   1  80400 GPS  -2267760.174  5009142.990  3221294.068
2025   1  80430 GPS  -2267783.943  5009159.974  3221312.352
2025   1  80460 GPS  -2267696.564  5009173.810  3221309.006
2025   1  80490 GPS  -2267730.244  5009196.578  3221332.026
2025   1  80520 GPS  -2267760.145  5009216.217  3221331.203
2025   1  80550 GPS  -2267735.788  5009133.907  3221289.946
2025   1  80580 GPS  -2267718.699  5009168.739  3221312.408
2025   1  80610 GPS  -2267728.524  5009104.028  3221274.721
2025   1  80640 GPS  -2267706.431  5009207.205  3221313.883
2025   1  80670 GPS  -2267684.414  5009076.176  3221271.764
2025   1  80700 GPS  -2267725.948  5009148.361  3221293.637
2025   1  80730 GPS  -2267719.842  5009127.123  3221283.896
2025   1  80760 GPS  -2267742.651  5009134.972  3221288.897
2025   1  80790 GPS  -2267721.910  5009185.321  3221306.285
2025   1  80820 GPS  -2267723.597  5009189.138  3221303.500
2025   1  80850 GPS  -2267718.974  5009170.678  3221303.889
2025   1  80880 GPS  -2267718.846  5009262.500  3221332.781
2025   1  80910 GPS  -2267711.427  5009224.975  3221317.638
2025   1  80940 GPS  -2267729.951  5009236.262  3221334.992
2025   1  80970 GPS  -2267715.193  5009183.490  3221312.380
2025   1  81000 GPS  -2267759.951  5009245.989  3221317.882
2025   1  81030 GPS  -2267765.639  5009182.393  3221295.838
2025   1  81060 GPS  -2267755.625  5009186.278  3221298.961
2025   1  81090 GPS  -2267733.619  5009194.336  3221319.268
2025   1  81120 GPS  -2267727.393  5009125.646  3221298.887
2025   1  81150 GPS  -2267724.409  5009148.948  3221305.807
2025   1  81180 GPS  -2267722.110  5009139.908  3221292.721
2025   1  81210 GPS  -2267747.371  5009177.923  3221292.541
2025   1  81240 GPS  -2267754.336  5009170.333  3221297.866
2025   1  81270 GPS  -2267742.321  5009173.731  3221300.240
2025   1  81300 GPS  -2267756.229  5009194.115  3221292.839
2025   1  81330 GPS  -2267749.740  5009166.810  3221288.040
2025   1  81360 GPS  -2267751.500  5009138.224  3221277.076
2025   1  81390 GPS  -2267756.685  5009160.411  3221284.483
2025   1  81420 GPS  -2267777.458  5009223.310  3221311.686
2025   1  81450 GPS  -2267759.541  5009220.409  3221311.577
2025   1  81480 GPS  -2267736.015  5009169.952  3221285.827
2025   1  81510 GPS  -2267753.812  5009155.040  3221300.327
2025   1  81540 GPS  -2267742.235  5009142.113  3221236.004
2025   1  81570 GPS  -2267735.771  5009080.979  3221245.240
2025   1  81600 GPS  -2267717.487  5009048.356  3221248.126
2025   1  81630 GPS  -2267749.127  5009131.407  3221272.110
2025   1  81660 GPS  -2267719.780  5009095.922  3221286.374
2025   1  81690 GPS  -2267717.605  5009079.596  3221281.881
2025   1  81720 GPS  -2267698.072  5009118.311  3221269.659
2025   1  81750 GPS  -2267732.945  5009162.266  3221301.714
2025   1  81780 GPS  -2267750.392  5009177.184  3221305.451
2025   1  81810 GPS  -2267741.002  5009174.743  3221299.120
2025   1  81840 GPS  -2267720.901  5009128.082  3221291.419
2025   1  81870 GPS  -2267740.521  5009135.010  3221282.999
2025   1  81900 GPS  -2267722.699  5009111.119  3221277.473
2025   1  81930 GPS  -2267724.552  5009107.517  3221269.850
2025   1  81960 GPS  -2267718.660  5009151.480  3221291.567
2025   1  81990 GPS  -2267733.199  5009119.057  3221287.405
2025   1  82020 GPS  -2267714.035  5009131.094  3221294.641
2025   1  82050 GPS  -2267730.197  5009157.542  3221291.332
2025   1  82080 GPS  -2267721.053  5009100.705  3221287.490
2025   1  82110 GPS  -2267702.890  5009093.560  3221281.430
2025   1  82140 GPS  -2267707.357  5009116.196  3221296.495
2025   1  82170 GPS  -2267700.594  5009089.941  3221303.544
2025   1  82200 GPS  -2267710.441  5009075.372  3221292.344
2025   1  82230 GPS  -2267713.430  5009135.689  3221278.176
2025   1  82260 GPS  -2267723.550  5009145.603  3221273.047
2025   1  82290 GPS  -2267711.642  5009090.635  3221256.494
2025   1  82320 GPS  -2267727.156  5009133.671  3221281.495
2025   1  82350 GPS  -2267717.266  5009154.686  3221301.318
2025   1  82380 GPS  -2267737.751  5009155.395  3221309.657
2025   1  82410 GPS  -2267739.111  5009180.098  3221314.474
2025   1  82440 GPS  -2267709.776  5009130.962  3221282.674
2025   1  82470 GPS  -2267743.414  5009189.584  3221307.090
2025   1  82500 GPS  -2267740.027  5009177.640  3221315.057
2025   1  82530 GPS  -2267724.870  5009123.467  3221293.224
2025   1  82560 GPS  -2267746.861  5009144.961  3221300.357
2025   1  82590 GPS  -2267722.978  5009137.424  3221285.888
2025   1  82620 GPS  -2267726.085  5009137.170  3221276.644
2025   1  82650 GPS  -2267751.481  5009185.059  3221306.788
2025   1  82680 GPS  -2267731.350  5009161.074  3221272.149
2025   1  82710 GPS  -2267754.873  5009187.736  3221303.307
2025   1  82740 GPS  -2267744.637  5009164.874  3221306.666
2025   1  82770 GPS  -2267729.464  5009151.457  3221284.847
2025   1  82800 GPS  -2267734.147  5009178.573  3221294.489
2025   1  82830 GPS  -2267720.418  5009142.376  3221271.425
2025   1  82860 GPS  -2267737.587  5009139.472  3221276.823
2025   1  82890 GPS  -2267740.285  5009156.243  3221278.542
2025   1  82920 GPS  -2267711.671  5009132.410  3221285.865
2025   1  82950 GPS  -2267698.240  5009141.545  3221264.032
2025   1  82980 GPS  -2267705.330  5009132.990  3221289.100
2025   1  83010 GPS  -2267724.411  5009128.125  3221288.507
2025   1  83040 GPS  -2267739.795  5009172.207  3221307.160
2025   1  83070 GPS  -2267710.328  5009085.855  3221257.725
2025   1  83100 GPS  -2267728.052  5009111.503  3221260.740
2025   1  83130 GPS  -2267715.126  5009079.246  3221266.853
2025   1  83160 GPS  -2267711.685  5009070.468  3221252.852
2025   1  83190 GPS  -2267758.987  5009106.483  3221292.611
2025   1  83220 GPS  -2267745.415  5009143.209  3221283.031
2025   1  83250 GPS  -2267721.489  5009085.359  3221248.814
2025   1  83280 GPS  -2267758.294  5009139.806  3221284.560
2025   1  83310 GPS  -2267737.488  5009117.898  3221266.175
2025   1  83340 GPS  -2267722.665  5009157.581  3221229.034
2025   1  83370 GPS  -2267757.326  5009120.402  3221254.909
2025   1  83400 GPS  -2267715.564  5009108.397  3221215.884
2025   1  83430 GPS  -2267736.805  5009156.791  3221256.140
2025   1  83460 GPS  -2267732.219  5009128.940  3221265.620
2025   1  83490 GPS  -2267759.185  5009166.896  3221268.757
2025   1  83520 GPS  -2267764.331  5009165.836  3221298.465
2025   1  83550 GPS  -2267743.783  5009141.136  3221261.480
2025   1  83580 GPS  -2267751.899  5009156.118  3221282.314
2025   1  83610 GPS  -2267753.007  5009124.073  3221267.921
2025   1  83640 GPS  -2267724.486  5009078.973  3221279.997
2025   1  83670 GPS  -2267724.705  5009116.320  3221235.614
2025   1  83700 GPS  -2267732.971  5009096.247  3221266.983
2025   1  83730 GPS  -2267712.534  5009032.743  3221252.641
2025   1  83760 GPS  -2267725.455  5009074.772  3221289.087
2025   1  83790 GPS  -2267701.812  5009087.880  3221251.525
2025   1  83820 GPS  -2267711.679  5009104.166  3221263.206
2025   1  83850 GPS  -2267755.477  5009151.435  3221333.748
2025   1  83880 GPS  -2267718.043  5009120.736  3221280.047
2025   1  83910 GPS  -2267748.780  5009156.078  3221316.610
2025   1  83940 GPS  -2267699.461  5009086.419  3221256.988
2025   1  83970 GPS  -2267741.544  5009143.739  3221273.361
2025   1  84000 GPS  -2267730.396  5009114.552  3221248.265
2025   1  84030 GPS  -2267733.910  5009139.421  3221254.690
2025   1  84060 GPS  -2267727.711  5009137.982  3221266.624
2025   1  84090 GPS  -2267718.194  5009133.706  3221250.306
2025   1  84120 GPS  -2267735.201  5009121.999  3221284.146
2025   1  84150 GPS  -2267722.967  5009107.775  3221254.802
2025   1  84180 GPS  -2267744.959  5009169.521  3221293.437
2025   1  84210 GPS  -2267738.511  5009172.400  3221279.287
2025   1  84240 GPS  -2267739.103  5009172.045  3221311.095
2025   1  84270 GPS  -2267751.643  5009183.936  3221323.480
2025   1  84300 GPS  -2267727.817  5009156.208  3221266.957
2025   1  84330 GPS  -2267741.394  5009143.119  3221265.020
2025   1  84360 GPS  -2267737.509  5009110.173  3221273.443
2025   1  84390 GPS  -2267751.025  5009134.634  3221272.885
2025   1  84420 GPS  -2267734.334  5009116.848  3221248.129
2025   1  84450 GPS  -2267744.531  5009114.678  3221279.023
2025   1  84480 GPS  -2267762.573  5009187.399  3221286.980
2025   1  84510 GPS  -2267742.557  5009154.786  3221271.676
2025   1  84540 GPS  -2267755.782  5009155.925  3221284.440
2025   1  84570 GPS  -2267749.088  5009132.950  3221282.017
2025   1  84600 GPS  -2267737.295  5009150.225  3221277.803
2025   1  84630 GPS  -2267753.330  5009175.754  3221298.968
2025   1  84660 GPS  -2267729.975  5009167.577  3221247.100
2025   1  84690 GPS  -2267735.568  5009138.603  3221246.950
2025   1  84720 GPS  -2267738.350  5009112.470  3221275.454
2025   1  84750 GPS  -2267738.166  5009135.759  3221268.377
2025   1  84780 GPS  -2267723.649  5009118.689  3221265.701
2025   1  84810 GPS  -2267716.931  5009113.266  3221278.657
2025   1  84840 GPS  -2267730.891  5009125.199  3221293.605
2025   1  84870 GPS  -2267716.997  5009114.383  3221286.049
2025   1  84900 GPS  -2267753.120  5009150.156  3221316.436
2025   1  84930 GPS  -2267752.346  5009150.929  3221307.508
2025   1  84960 GPS  -2267706.960  5009091.418  3221255.935
2025   1  84990 GPS  -2267720.756  5009156.531  3221260.413
2025   1  85020 GPS  -2267741.843  5009159.659  3221275.054
2025   1  85050 GPS  -2267748.178  5009158.266  3221267.815
2025   1  85080 GPS  -2267762.967  5009208.334  3221297.012
2025   1  85110 GPS  -2267746.440  5009168.049  3221249.895
2025   1  85140 GPS  -2267724.082  5009135.515  3221219.023
2025   1  85170 GPS  -2267718.216  5009150.549  3221252.095
2025   1  85200 GPS  -2267732.210  5009190.727  3221263.039
2025   1  85230 GPS  -2267761.976  5009201.108  3221274.085
2025   1  85260 GPS  -2267749.734  5009204.967  3221276.431
2025   1  85290 GPS  -2267759.098  5009209.346  3221285.556
2025   1  85320 GPS  -2267751.430  5009200.338  3221267.649
2025   1  85350 GPS  -2267756.577  5009197.048  3221268.389
2025   1  85380 GPS  -2267728.271  5009195.564  3221270.505
2025   1  85410 GPS  -2267727.194  5009169.602  3221261.967
2025   1  85440 GPS  -2267723.598  5009214.979  3221287.167
2025   1  85470 GPS  -2267752.754  5009237.531  3221295.396
2025   1  85500 GPS  -2267738.848  5009190.759  3221305.488
2025   1  85530 GPS  -2267772.993  5009230.395  3221313.696
2025   1  85560 GPS  -2267733.119  5009179.987  3221265.298
2025   1  85590 GPS  -2267737.928  5009180.568  3221295.444
2025   1  85620 GPS  -2267767.642  5009199.133  3221317.013
2025   1  85650 GPS  -2267734.519  5009144.912  3221272.556
2025   1  85680 GPS  -2267727.290  5009169.695  3221298.258
2025   1  85710 GPS  -2267736.866  5009208.537  3221335.109
2025   1  85740 GPS  -2267750.810  5009187.173  3221334.912
2025   1  85770 GPS  -2267755.093  5009171.235  3221291.728
2025   1  85800 GPS  -2267739.788  5009150.167  3221284.190
2025   1  85830 GPS  -2267749.598  5009167.566  3221281.547
2025   1  85860 GPS  -2267757.139  5009204.976  3221308.078
2025   1  85890 GPS  -2267724.418  5009199.007  3221305.475
2025   1  85920 GPS  -2267744.170  5009230.487  3221331.018
2025   1  85950 GPS  -2267740.940  5009219.375  3221324.576
2025   1  85980 GPS  -2267771.935  5009197.350  3221330.164
2025   1  86010 GPS  -2267740.961  5009133.558  3221266.254
2025   1  86040 GPS  -2267783.507  5009189.213  3221299.356
2025   1  86070 GPS  -2267754.472  5009176.934  3221290.583
2025   1  86100 GPS  -2267745.290  5009187.361  3221291.927
2025   1  86130 GPS  -2267734.070  5009135.512  3221280.728
2025   1  86160 GPS  -2267743.250  5009145.598  3221278.340
2025   1  86190 GPS  -2267751.340  5009188.144  3221292.667
2025   1  86220 GPS  -2267756.221  5009151.636  3221295.564
2025   1  86250 GPS  -2267762.173  5009159.523  3221310.805
2025   1  86280 GPS  -2267737.839  5009162.819  3221311.683
2025   1  86310 GPS  -2267749.998  5009191.999  3221322.910
2025   1  86340 GPS  -2267756.172  5009154.125  3221311.481
2025   1  86370 GPS  -2267739.949  5009162.661  3221325.298
