2025   1      0 GPS  -2267744.473  5009154.643  3221264.204
2025   1     30 GPS  -2267694.243  5009073.118  3221229.201
2025   1     60 GPS  -2267696.521  5009040.800  3221205.680
2025   1     90 GPS  -2267794.431  5009149.483  3221261.077
2025   1    120 GPS  -2267766.414  5009191.574  3221292.506
2025   1    150 GPS  -2267807.089  5009191.150  3221264.898
2025   1    180 GPS  -2267766.712  5009135.691  3221252.368
2025   1    210 GPS  -2267826.063  5009232.995  3221323.895
2025   1    240 GPS  -2267703.642  5009094.465  3221286.042
2025   1    270 GPS  -2267801.567  5009172.073  3221302.537
2025   1    300 GPS  -2267763.630  5009164.509  3221291.069
2025   1    330 GPS  -2267767.452  5009152.927  3221246.236
2025   1    360 GPS  -2267707.223  5009188.249  3221288.311
2025   1    390 GPS  -2267724.409  5009216.978  3221353.559
2025   1    420 GPS  -2267882.877  5009227.159  3221338.375
2025   1    450 GPS  -2267736.438  5009138.228  3221287.838
2025   1    480 GPS  -2267712.572  5009128.837  3221232.886
2025   1    510 GPS  -2267761.896  5009166.131  3221308.773
2025   1    540 GPS  -2267692.736  5009141.514  3221266.619
2025   1    570 GPS  -2267710.569  5009166.915  3221288.639
2025   1    600 GPS  -2267757.152  5009189.963  3221309.494
2025   1    630 GPS  -2267763.147  5009148.943  3221234.720
2025   1    660 GPS  -2267675.737  5009093.389  3221228.146
2025   1    690 GPS  -2267743.254  5009060.182  3221286.313
2025   1    720 GPS  -2267729.987  5008948.715  3221199.418
2025   1    750 GPS  -2267760.700  5009089.736  3221286.866
2025   1    780 GPS  -2267805.739  5009057.293  3221311.419
2025   1    810 GPS  -2267833.262  5009135.185  3221312.829
2025   1    840 GPS  -2267654.088  5008999.170  3221205.833
2025   1    870 GPS  -2267738.233  5009147.445  3221267.659
2025   1    900 GPS  -2267770.896  5009243.436  3221350.239
2025   1    930 GPS  -2267743.613  5009189.481  3221279.075
2025   1    960 GPS  -2267756.863  5009233.415  3221273.527
2025   1    990 GPS  -2267800.315  5009277.605  3221304.445
2025   1   1020 GPS  -2267748.450  5009186.981  3221288.167
2025   1   1050 GPS  -2267828.744  5009113.078  3221251.799
2025   1   1080 GPS  -2267835.947  5009125.180  3221251.397
2025   1   1110 GPS  -2267752.136  5009105.347  3221255.953
2025   1   1140 GPS  -2267693.718  5008994.106  3221207.498
2025   1   1170 GPS  -2267855.415  5009186.325  3221237.297
2025   1   1200 GPS  -2267782.400  5009141.967  3221255.049
2025   1   1230 GPS  -2267794.371  5009061.403  3221221.096
2025   1   1260 GPS  -2267822.616  5009157.518  3221294.500
2025   1   1290 GPS  -2267859.275  5009202.879  3221284.278
2025   1   1320 GPS  -2267770.344  5009116.365  3221273.221
2025   1   1350 GPS  -2267718.275  5009087.267  3221225.535
2025   1   1380 GPS  -2267742.819  5009137.847  3221248.790
2025   1   1410 GPS  -2267916.746  5009348.370  3221357.820
2025   1   1440 GPS  -2267892.684  5009304.734  3221348.517
2025   1   1470 GPS  -2267812.796  5009215.993  3221319.793
2025   1   1500 GPS  -2267780.478  5009230.256  3221361.006
2025   1   1530 GPS  -2267820.064  5009232.114  3221358.163
2025   1   1560 GPS  -2267778.233  5009167.838  3221322.830
2025   1   1590 GPS  -2267810.894  5009240.165  3221323.315
2025   1   1620 GPS  -2267767.484  5009181.073  3221300.994
2025   1   1650 GPS  -2267799.220  5009223.472  3221288.875
2025   1   1680 GPS  -2267763.081  5009086.997  3221250.001
2025   1   1710 GPS  -2267769.439  5009162.682  3221261.380
2025   1   1740 GPS  -2267755.212  5009125.171  3221324.782
2025   1   1770 GPS  -2267693.289  5009051.464  3221272.577
2025   1   1800 GPS  -2267782.749  5009196.731  3221315.307
2025   1   1830 GPS  -2267815.047  5009245.601  3221298.159
2025   1   1860 GPS  -2267756.765  5009158.037  3221256.149
2025   1   1890 GPS  -2267803.019  5009316.890  3221326.522
2025   1   1920 GPS  -2267725.958  5009211.152  3221246.675
2025   1   1950 GPS  -2267817.917  5009233.208  3221303.015
2025   1   1980 GPS  -2267784.825  5009159.512  3221323.391
2025   1   2010 GPS  -2267786.434  5009241.483  3221313.985
2025   1   2040 GPS  -2267741.074  5009144.430  3221278.973
2025   1   2070 GPS  -2267860.141  5009200.363  3221323.323
2025   1   2100 GPS  -2267874.821  5009228.706  3221375.268
2025   1   2130 GPS  -2267829.283  5009231.354  3221315.776
2025   1   2160 GPS  -2267794.132  5009144.904  3221328.797
2025   1   2190 GPS  -2267818.403  5009119.828  3221304.670
2025   1   2220 GPS  -2267763.014  5009102.814  3221246.229
2025   1   2250 GPS  -2267804.363  5009164.635  3221275.075
2025   1   2280 GPS  -2267831.614  5009218.430  3221314.996
2025   1   2310 GPS  -2267816.229  5009217.388  3221332.077
2025   1   2340 GPS  -2267768.127  5009166.976  3221305.307
2025   1   2370 GPS  -2267759.581  5009082.696  3221315.506
2025   1   2400 GPS  -2267735.918  5009081.476  3221235.950
2025   1   2430 GPS  -2267772.045  5009124.823  3221285.115
2025   1   2460 GPS  -2267711.786  5009098.379  3221270.454
2025   1   2490 GPS  -2267726.254  5009157.528  3221326.859
2025   1   2520 GPS  -2267779.241  5009097.939  3221302.407
2025   1   2550 GPS  -2267742.743  5009051.304  3221265.840
2025   1   2580 GPS  -2267745.006  5009132.847  3221259.877
2025   1   2610 GPS  -2267768.658  5009096.502  3221324.121
2025   1   2640 GPS  -2267740.805  5009140.034  3221301.802
2025   1   2670 GPS  -2267746.175  5009174.906  3221315.328
2025   1   2700 GPS  -2267714.875  5009116.887  3221297.752
2025   1   2730 GPS  -2267730.918  5009084.331  3221272.486
2025   1   2760 GPS  -2267724.300  5009095.216  3221254.338
2025   1   2790 GPS  -2267769.803  5009152.625  3221313.327
2025   1   2820 GPS  -2267688.208  5009097.669  3221312.072
2025   1   2850 GPS  -2267739.765  5009152.274  3221274.587
2025   1   2880 GPS  -2267728.858  5009193.311  3221288.481
2025   1   2910 GPS  -2267805.386  5009196.938  3221316.596
2025   1   2940 GPS  -2267804.746  5009138.421  3221309.309
2025   1   2970 GPS  -2267731.860  5009085.907  3221318.025
2025   1   3000 GPS  -2267649.521  5008974.720  3221265.521
2025   1   3030 GPS  -2267772.176  5009102.888  3221287.871
2025   1   3060 GPS  -2267742.124  5009091.197  3221296.223
2025   1   3090 GPS  -2267701.861  5009119.944  3221317.348
2025   1   3120 GPS  -2267817.743  5009158.848  3221344.143
2025   1   3150 GPS  -2267796.084  5009188.638  3221388.369
2025   1   3180 GPS  -2267780.967  5009098.114  3221323.988
2025   1   3210 GPS  -2267774.917  5009190.773  3221311.486
2025   1   3240 GPS  -2267851.730  5009234.044  3221368.011
2025   1   3270 GPS  -2267782.920  5009091.904  3221277.674
2025   1   3300 GPS  -2267788.475  5009095.730  3221280.375
2025   1   3330 GPS  -2267763.296  5009141.829  3221263.256
2025   1   3360 GPS  -2267707.338  5009088.536  3221266.349
2025   1   3390 GPS  -2267770.384  5009097.616  3221285.294
2025   1   3420 GPS  -2267777.760  5009073.707  3221246.238
2025   1   3450 GPS  -2267706.941  5009042.113  3221257.240
2025   1   3480 GPS  -2267754.639  5009026.800  3221260.109
2025   1   3510 GPS  -2267766.104  5009136.651  3221296.055
2025   1   3540 GPS  -2267817.427  5009142.038  3221290.564
2025   1   3570 GPS  -2267782.418  5009159.450  3221294.415
2025   1   3600 GPS  -2267804.867  5009154.040  3221288.002
2025   1   3630 GPS  -2267821.438  5009188.546  3221309.871
2025   1   3660 GPS  -2267743.836  5009219.594  3221392.694
2025   1   3690 GPS  -2267769.340  5009113.633  3221286.861
2025   1   3720 GPS  -2267784.040  5009149.432  3221283.522
2025   1   3750 GPS  -2267798.152  5009171.329  3221333.648
2025   1   3780 GPS  -2267784.005  5009149.408  3221312.609
2025   1   3810 GPS  -2267766.481  5009175.524  3221298.505
2025   1   3840 GPS  -2267776.596  5009146.763  3221313.565
2025   1   3870 GPS  -2267776.689  5009147.212  3221308.092
2025   1   3900 GPS  -2267825.618  5009132.455  3221306.700
2025   1   3930 GPS  -2267791.991  5009093.120  3221266.171
2025   1   3960 GPS  -2267822.455  5009101.527  3221258.988
2025   1   3990 GPS  -2267745.570  5009131.533  3221305.348
2025   1   4020 GPS  -2267767.112  5009156.688  3221327.253
2025   1   4050 GPS  -2267842.990  5009233.747  3221345.197
2025   1   4080 GPS  -2267815.884  5009222.132  3221327.388
2025   1   4110 GPS  -2267846.473  5009196.485  3221383.971
2025   1   4140 GPS  -2267781.518  5009138.392  3221304.712
2025   1   4170 GPS  -2267824.187  5009101.966  3221266.699
2025   1   4200 GPS  -2267776.757  5009041.252  3221272.108
2025   1   4230 GPS  -2267761.263  5009003.924  3221253.036
2025   1   4260 GPS  -2267802.196  5009064.495  3221265.616
2025   1   4290 GPS  -2267740.741  5009115.646  3221284.514
2025   1   4320 GPS  -2267730.262  5009147.546  3221301.617
2025   1   4350 GPS  -2267753.655  5009100.103  3221289.700
2025   1   4380 GPS  -2267845.636  5009032.712  3221267.707
2025   1   4410 GPS  -2267755.076  5009104.923  3221286.866
2025   1   4440 GPS  -2267795.462  5009136.455  3221275.251
2025   1   4470 GPS  -2267771.752  5009185.985  3221302.013
2025   1   4500 GPS  -2267811.319  5009197.072  3221330.198
2025   1   4530 GPS  -2267778.080  5009120.995  3221243.823
2025   1   4560 GPS  -2267764.958  5009105.182  3221229.965
2025   1   4590 GPS  -2267786.801  5009116.168  3221190.948
2025   1   4620 GPS  -2267822.686  5009157.894  3221254.874
2025   1   4650 GPS  -2267786.605  5009080.738  3221271.340
2025   1   4680 GPS  -2267826.520  5009196.891  3221295.678
2025   1   4710 GPS  -2267780.603  5009164.626  3221275.884
2025   1   4740 GPS  -2267774.117  5009109.041  3221248.919
2025   1   4770 GPS  -2267786.567  5009044.941  3221206.820
2025   1   4800 GPS  -2267824.231  5009018.693  3221245.063
2025   1   4830 GPS  -2267786.706  5009030.056  3221281.723
2025   1   4860 GPS  -2267772.121  5009077.329  3221232.691
2025   1   4890 GPS  -2267751.426  5008979.363  3221215.610
2025   1   4920 GPS  -2267698.198  5009034.097  3221228.801
2025   1   4950 GPS  -2267757.727  5009130.589  3221220.152
2025   1   4980 GPS  -2267796.975  5009223.843  3221332.162
2025   1   5010 GPS  -2267771.285  5009224.394  3221364.063
2025   1   5040 GPS  -2267711.253  5009140.886  3221337.000
2025   1   5070 GPS  -2267761.813  5009131.307  3221302.187
2025   1   5100 GPS  -2267743.335  5009253.114  3221351.930
2025   1   5130 GPS  -2267756.712  5009113.538  3221291.063
2025   1   5160 GPS  -2267737.345  5009147.488  3221283.619
2025   1   5190 GPS  -2267696.824  5009097.775  3221259.770
2025   1   5220 GPS  -2267797.818  5009153.753  3221277.842
2025   1   5250 GPS  -2267711.373  5009145.869  3221278.841
2025   1   5280 GPS  -2267735.880  5009138.316  3221261.458
2025   1   5310 GPS  -2267765.620  5009113.831  3221259.388
2025   1   5340 GPS  -2267725.656  5008995.749  3221245.771
2025   1   5370 GPS  -2267715.210  5008996.415  3221283.326
2025   1   5400 GPS  -2267786.762  5009046.186  3221256.734
2025   1   5430 GPS  -2267724.878  5009034.151  3221283.689
2025   1   5460 GPS  -2267748.934  5009071.018  3221244.506
2025   1   5490 GPS  -2267774.397  5009101.814  3221314.252
2025   1   5520 GPS  -2267773.688  5009150.895  3221307.368
2025   1   5550 GPS  -2267786.686  5009144.924  3221302.713
2025   1   5580 GPS  -2267816.752  5009242.034  3221322.896
2025   1   5610 GPS  -2267785.087  5009186.383  3221337.617
2025   1   5640 GPS  -2267780.431  5009238.048  3221374.826
2025   1   5670 GPS  -2267768.785  5009158.215  3221309.464
2025   1   5700 GPS  -2267795.764  5009246.890  3221350.230
2025   1   5730 GPS  -2267792.718  5009090.284  3221310.828
2025   1   5760 GPS  -2267811.712  5009204.835  3221319.781
2025   1   5790 GPS  -2267845.565  5009278.690  3221386.000
2025   1   5820 GPS  -2267817.954  5009105.675  3221266.478
2025   1   5850 GPS  -2267823.075  5009097.055  3221305.257
2025   1   5880 GPS  -2267751.067  5008992.323  3221246.724
2025   1   5910 GPS  -2267879.187  5009188.787  3221333.137
2025   1   5940 GPS  -2267833.490  5009187.472  3221329.359
2025   1   5970 GPS  -2267745.691  5009048.484  3221226.713
2025   1   6000 GPS  -2267758.491  5009114.649  3221267.006
2025   1   6030 GPS  -2267848.546  5009148.358  3221289.934
2025   1   6060 GPS  -2267784.910  5009143.866  3221261.574
2025   1   6090 GPS  -2267808.835  5009182.618  3221264.294
2025   1   6120 GPS  -2267763.447  5009112.366  3221264.135
2025   1   6150 GPS  -2267762.943  5009101.447  3221234.621
2025   1   6180 GPS  -2267745.155  5009126.025  3221280.855
2025   1   6210 GPS  -2267729.033  5009105.041  3221281.610
2025   1   6240 GPS  -2267717.842  5009073.067  3221289.230
2025   1   6270 GPS  -2267765.182  5009148.747  3221282.930
2025   1   6300 GPS  -2267808.995  5009138.458  3221273.561
2025   1   6330 GPS  -2267792.437  5009216.488  3221274.488
2025   1   6360 GPS  -2267744.951  5009202.017  3221273.988
2025   1   6390 GPS  -2267773.408  5009099.824  3221277.486
2025   1   6420 GPS  -2267784.738  5009158.970  3221269.171
2025   1   6450 GPS  -2267708.645  5009114.268  3221285.574
2025   1   6480 GPS  -2267755.173  5009137.227  3221293.685
2025   1   6510 GPS  -2267804.112  5009238.104  3221333.464
2025   1   6540 GPS  -2267655.058  5009132.634  3221239.797
2025   1   6570 GPS  -2267675.968  5009063.282  3221251.394
2025   1   6600 GPS  -2267745.088  5009035.129  3221268.998
2025   1   6630 GPS  -2267772.950  5009059.158  3221275.184
2025   1   6660 GPS  -2267755.833  5009146.100  3221264.428
2025   1   6690 GPS  -2267735.867  5009099.712  3221279.790
2025   1   6720 GPS  -2267872.219  5009192.205  3221328.937
2025   1   6750 GPS  -2267830.338  5009186.130  3221336.110
2025   1   6780 GPS  -2267734.052  5008982.581  3221252.759
2025   1   6810 GPS  -2267754.551  5009033.932  3221284.638
2025   1   6840 GPS  -2267767.823  5009071.762  3221285.583
2025   1   6870 GPS  -2267674.470  5009004.252  3221216.748
2025   1   6900 GPS  -2267662.551  5008949.336  3221208.659
2025   1   6930 GPS  -2267766.757  5009081.280  3221278.917
2025   1   6960 GPS  -2267756.727  5009008.293  3221242.021
2025   1   6990 GPS  -2267730.214  5009046.939  3221244.822
2025   1   7020 GPS  -2267775.703  5009055.817  3221286.553
2025   1   7050 GPS  -2267713.031  5009061.044  3221259.315
2025   1   7080 GPS  -2267731.275  5008986.726  3221228.116
2025   1   7110 GPS  -2267707.169  5008992.672  3221212.623
2025   1   7140 GPS  -2267713.259  5009041.212  3221263.019
2025   1   7170 GPS  -2267797.383  5009096.154  3221321.855
2025   1   7200 GPS  -2267713.850  5008978.379  3221252.641
2025   1   7230 GPS  -2267738.798  5009056.343  3221301.198
2025   1   7260 GPS  -2267650.420  5008972.454  3221285.663
2025   1   7290 GPS  -2267780.739  5009048.115  3221306.987
2025   1   7320 GPS  -2267691.726  5009031.716  3221289.519
2025   1   7350 GPS  -2267765.558  5009117.974  3221301.574
2025   1   7380 GPS  -2267788.486  5009170.470  3221301.450
2025   1   7410 GPS  -2267812.055  5009130.371  3221296.032
2025   1   7440 GPS  -2267831.344  5009151.681  3221325.682
2025   1   7470 GPS  -2267826.256  5009120.078  3221335.142
2025   1   7500 GPS  -2267750.018  5009071.202  3221278.998
2025   1   7530 GPS  -2267804.785  5009225.807  3221325.663
2025   1   7560 GPS  -2267699.720  5009078.081  3221286.686
2025   1   7590 GPS  -2267700.738  5009026.117  3221257.855
2025   1   7620 GPS  -2267644.138  5008933.938  3221254.389
2025   1   7650 GPS  -2267744.475  5009051.847  3221267.497
2025   1   7680 GPS  -2267827.544  5009210.089  3221357.142
2025   1   7710 GPS  -2267742.500  5009171.783  3221311.244
2025   1   7740 GPS  -2267760.244  5009120.155  3221287.851
2025   1   7770 GPS  -2267663.160  5009075.198  3221264.656
2025   1   7800 GPS  -2267671.483  5008983.481  3221236.139
2025   1   7830 GPS  -2267750.115  5009116.556  3221293.953
2025   1   7860 GPS  -2267733.215  5009140.481  3221342.732
2025   1   7890 GPS  -2267787.417  5009131.080  3221334.464
2025   1   7920 GPS  -2267717.211  5009119.213  3221296.294
2025   1   7950 GPS  -2267698.429  5009023.887  3221252.495
2025   1   7980 GPS  -2267770.060  5009073.460  3221279.220
2025   1   8010 GPS  -2267742.645  5009035.579  3221253.656
2025   1   8040 GPS  -2267748.039  5009099.882  3221258.658
2025   1   8070 GPS  -2267701.937  5009062.830  3221250.737
2025   1   8100 GPS  -2267809.941  5009109.791  3221323.266
2025   1   8130 GPS  -2267771.114  5009028.984  3221256.203
2025   1   8160 GPS  -2267671.644  5008912.648  3221216.719
2025   1   8190 GPS  -2267708.443  5008911.599  3221259.827
2025   1   8220 GPS  -2267714.913  5009052.991  3221299.019
2025   1   8250 GPS  -2267777.971  5009086.571  3221316.750
2025   1   8280 GPS  -2267733.214  5009105.551  3221260.313
2025   1   8310 GPS  -2267723.554  5009002.410  3221273.730
2025   1   8340 GPS  -2267767.453  5008987.331  3221311.004
2025   1   8370 GPS  -2267804.406  5009083.417  3221303.008
2025   1   8400 GPS  -2267736.574  5008948.070  3221301.178
2025   1   8430 GPS  -2267689.041  5009087.160  3221340.393
2025   1   8460 GPS  -2267716.712  5009069.443  3221295.055
2025   1   8490 GPS  -2267710.660  5009018.110  3221262.029
2025   1   8520 GPS  -2267674.614  5009095.582  3221269.594
2025   1   8550 GPS  -2267723.565  5009060.297  3221315.465
2025   1   8580 GPS  -2267739.723  5009067.279  3221314.189
2025   1   8610 GPS  -2267682.762  5009027.525  3221291.039
2025   1   8640 GPS  -2267693.740  5009039.931  3221275.951
2025   1   8670 GPS  -2267718.514  5009064.959  3221283.539
2025   1   8700 GPS  -2267651.047  5009015.857  3221274.618
2025   1   8730 GPS  -2267672.603  5009017.703  3221246.892
2025   1   8760 GPS  -2267706.130  5008994.413  3221226.939
2025   1   8790 GPS  -2267731.122  5009050.013  3221272.850
2025   1   8820 GPS  -2267691.968  5009022.638  3221258.636
2025   1   8850 GPS  -2267701.218  5009088.060  3221262.898
2025   1   8880 GPS  -2267727.832  5009079.547  3221298.315
2025   1   8910 GPS  -2267696.994  5009067.898  3221249.591
2025   1   8940 GPS  -2267720.450  5009003.296  3221284.442
2025   1   8970 GPS  -2267714.077  5009094.103  3221289.928
2025   1   9000 GPS  -2267759.132  5009069.672  3221313.354
2025   1   9030 GPS  -2267793.880  5009071.800  3221319.053
2025   1   9060 GPS  -2267753.641  5008993.883  3221288.942
2025   1   9090 GPS  -2267713.049  5008956.770  3221266.875
2025   1   9120 GPS  -2267701.523  5008945.869  3221285.814
2025   1   9150 GPS  -2267715.022  5008867.083  3221279.563
2025   1   9180 GPS  -2267667.840  5008988.050  3221271.468
2025   1   9210 GPS  -2267707.687  5008958.305  3221257.761
2025   1   9240 GPS  -2267776.822  5009144.448  3221335.408
2025   1   9270 GPS  -2267714.457  5009030.357  3221281.998
2025   1   9300 GPS  -2267733.323  5009084.075  3221307.277
2025   1   9330 GPS  -2267725.105  5008999.313  3221268.762
2025   1   9360 GPS  -2267775.177  5009052.651  3221260.530
2025   1   9390 GPS  -2267776.946  5009126.841  3221326.734
2025   1   9420 GPS  -2267766.914  5009037.664  3221297.188
2025   1   9450 GPS  -2267829.092  5009114.250  3221293.747
2025   1   9480 GPS  -2267799.168  5009112.141  3221297.985
2025   1   9510 GPS  -2267768.940  5008994.741  3221277.009
2025   1   9540 GPS  -2267763.465  5009113.964  3221297.975
2025   1   9570 GPS  -2267745.756  5009101.801  3221280.353
2025   1   9600 GPS  -2267721.789  5009101.597  3221308.543
2025   1   9630 GPS  -2267673.285  5009029.138  3221265.372
2025   1   9660 GPS  -2267609.163  5008965.032  3221246.633
2025   1   9690 GPS  -2267646.843  5009000.614  3221209.127
2025   1   9720 GPS  -2267673.727  5008960.237  3221219.111
2025   1   9750 GPS  -2267632.077  5009016.562  3221248.469
2025   1   9780 GPS  -2267712.124  5009053.890  3221221.721
2025   1   9810 GPS  -2267640.031  5008948.798  3221200.340
2025   1   9840 GPS  -2267706.488  5009078.970  3221267.481
2025   1   9870 GPS  -2267656.984  5009075.674  3221221.624
2025   1   9900 GPS  -2267760.887  5009123.317  3221247.009
2025   1   9930 GPS  -2267774.644  5009053.054  3221250.676
2025   1   9960 GPS  -2267792.344  5009021.597  3221245.402
2025   1   9990 GPS  -2267723.790  5009088.017  3221270.699
2025   1  10020 GPS  -2267702.569  5009069.961  3221251.990
2025   1  10050 GPS  -2267731.600  5008990.109  3221200.218
2025   1  10080 GPS  -2267641.342  5008862.753  3221165.739
2025   1  10110 GPS  -2267613.251  5008938.985  3221128.972
2025   1  10140 GPS  -2267618.484  5008841.434  3221145.195
2025   1  10170 GPS  -2267700.453  5008939.174  3221202.245
2025   1  10200 GPS  -2267668.195  5008956.936  3221191.703
2025   1  10230 GPS  -2267679.931  5008957.035  3221186.181
2025   1  10260 GPS  -2267657.106  5009045.129  3221220.165
2025   1  10290 GPS  -2267668.902  5009055.509  3221208.508
2025   1  10320 GPS  -2267678.534  5008986.193  3221185.217
2025   1  10350 GPS  -2267705.617  5009071.485  3221219.737
2025   1  10380 GPS  -2267682.723  5009047.606  3221220.322
2025   1  10410 GPS  -2267659.630  5008902.930  3221148.359
2025   1  10440 GPS  -2267718.698  5009034.141  3221210.360
2025   1  10470 GPS  -2267656.751  5008957.457  3221188.736
2025   1  10500 GPS  -2267668.810  5008941.550  3221183.573
2025   1  10530 GPS  -2267713.712  5008954.031  3221180.295
2025   1  10560 GPS  -2267628.371  5008860.559  3221120.922
2025   1  10590 GPS  -2267615.009  5008860.033  3221138.269
2025   1  10620 GPS  -2267680.088  5008972.627  3221264.092
2025   1  10650 GPS  -2267752.096  5009089.517  3221292.991
2025   1  10680 GPS  -2267738.428  5009111.290  3221294.328
2025   1  10710 GPS  -2267794.756  5009150.244  3221301.098
2025   1  10740 GPS  -2267796.002  5009204.198  3221323.635
2025   1  10770 GPS  -2267695.692  5009075.580  3221240.449
2025   1  10800 GPS  -2267706.970  5009135.238  3221277.308
2025   1  10830 GPS  -2267702.748  5009109.578  3221305.445
2025   1  10860 GPS  -2267711.148  5009064.962  3221301.609
2025   1  10890 GPS  -2267695.802  5009087.907  3221330.655
2025   1  10920 GPS  -2267688.122  5009053.668  3221268.138
2025   1  10950 GPS  -2267776.855  5009144.113  3221298.673
2025   1  10980 GPS  -2267716.548  5009086.822  3221253.770
2025   1  11010 GPS  -2267758.231  5009203.576  3221328.242
2025   1  11040 GPS  -2267726.062  5009104.239  3221233.424
2025   1  11070 GPS  -2267690.651  5009061.116  3221232.035
2025   1  11100 GPS  -2267733.302  5008988.901  3221198.736
2025   1  11130 GPS  -2267673.109  5009007.394  3221181.614
2025   1  11160 GPS  -2267722.640  5009057.358  3221184.256
2025   1  11190 GPS  -2267750.294  5009068.296  3221212.089
2025   1  11220 GPS  -2267777.427  5008987.748  3221221.265
2025   1  11250 GPS  -2267670.649  5008884.450  3221102.142
2025   1  11280 GPS  -2267755.882  5009071.567  3221220.508
2025   1  11310 GPS  -2267697.924  5009020.598  3221242.290
2025   1  11340 GPS  -2267704.529  5009025.314  3221222.078
2025   1  11370 GPS  -2267765.919  5009048.565  3221263.692
2025   1  11400 GPS  -2267816.613  5009043.308  3221237.626
2025   1  11430 GPS  -2267695.672  5008935.893  3221182.975
2025   1  11460 GPS  -2267695.760  5009005.580  3221200.947
2025   1  11490 GPS  -2267710.131  5009083.456  3221280.523
2025   1  11520 GPS  -2267766.461  5009026.094  3221206.084
2025   1  11550 GPS  -2267709.438  5009067.589  3221236.867
2025   1  11580 GPS  -2267747.348  5009128.200  3221305.745
2025   1  11610 GPS  -2267739.652  5009143.947  3221355.456
2025   1  11640 GPS  -2267738.823  5009096.727  3221270.306
2025   1  11670 GPS  -2267755.098  5009100.660  3221285.152
2025   1  11700 GPS  -2267712.751  5009085.126  3221258.061
2025   1  11730 GPS  -2267735.072  5009083.149  3221293.909
2025   1  11760 GPS  -2267766.583  5009125.701  3221286.058
2025   1  11790 GPS  -2267757.705  5009151.439  3221291.673
2025   1  11820 GPS  -2267709.621  5009089.641  3221229.580
2025   1  11850 GPS  -2267781.082  5009155.547  3221262.576
2025   1  11880 GPS  -2267736.252  5009121.936  3221288.442
2025   1  11910 GPS  -2267654.962  5008996.166  3221197.254
2025   1  11940 GPS  -2267709.999  5009033.426  3221216.538
2025   1  11970 GPS  -2267719.514  5009083.228  3221255.634
2025   1  12000 GPS  -2267670.115  5009084.574  3221236.499
2025   1  12030 GPS  -2267718.726  5009056.785  3221231.551
2025   1  12060 GPS  -2267678.119  5008976.270  3221198.821
2025   1  12090 GPS  -2267687.696  5009074.494  3221242.802
2025   1  12120 GPS  -2267723.834  5009135.470  3221242.815
2025   1  12150 GPS  -2267701.048  5009091.297  3221224.640
2025   1  12180 GPS  -2267662.486  5009094.743  3221237.850
2025   1  12210 GPS  -2267660.380  5009085.613  3221199.922
2025   1  12240 GPS  -2267656.517  5009024.210  3221257.224
2025   1  12270 GPS  -2267723.009  5009054.403  3221226.189
2025   1  12300 GPS  -2267702.969  5009008.395  3221181.641
2025   1  12330 GPS  -2267807.186  5009213.999  3221308.128
2025   1  12360 GPS  -2267725.584  5009131.275  3221234.561
2025   1  12390 GPS  -2267806.445  5009132.522  3221262.137
2025   1  12420 GPS  -2267790.645  5009091.755  3221254.790
2025   1  12450 GPS  -2267705.858  5009059.855  3221201.297
2025   1  12480 GPS  -2267789.329  5009143.332  3221248.543
2025   1  12510 GPS  -2267764.864  5009198.244  3221278.287
2025   1  12540 GPS  -2267760.256  5009135.794  3221252.575
2025   1  12570 GPS  -2267791.693  5009081.441  3221212.747
2025   1  12600 GPS  -2267795.482  5009133.285  3221266.884
2025   1  12630 GPS  -2267809.276  5009146.912  3221285.118
2025   1  12660 GPS  -2267763.378  5009147.406  3221272.917
2025   1  12690 GPS  -2267734.359  5009153.429  3221254.949
2025   1  12720 GPS  -2267771.072  5009102.207  3221256.208
2025   1  12750 GPS  -2267699.187  5009076.119  3221177.145
2025   1  12780 GPS  -2267712.678  5009104.812  3221197.118
2025   1  12810 GPS  -2267771.927  5009127.987  3221226.947
2025   1  12840 GPS  -2267762.880  5009152.556  3221250.772
2025   1  12870 GPS  -2267746.292  5009150.334  3221267.879
2025   1  12900 GPS  -2267744.421  5009162.394  3221288.261
2025   1  12930 GPS  -2267762.654  5009179.843  3221319.592
2025   1  12960 GPS  -2267754.339  5009114.544  3221290.120
2025   1  12990 GPS  -2267668.700  5008999.123  3221205.236
2025   1  13020 GPS  -2267835.540  5009276.080  3221342.557
2025   1  13050 GPS  -2267783.138  5009201.776  3221336.127
2025   1  13080 GPS  -2267818.958  5009210.215  3221343.296
2025   1  13110 GPS  -2267755.328  5009035.585  3221311.893
2025   1  13140 GPS  -2267784.157  5009085.759  3221324.938
2025   1  13170 GPS  -2267795.394  5009143.609  3221305.020
2025   1  13200 GPS  -2267810.129  5009195.747  3221313.127
2025   1  13230 GPS  -2267733.164  5009069.191  3221211.107
2025   1  13260 GPS  -2267719.947  5009090.475  3221256.756
2025   1  13290 GPS  -2267767.274  5009175.413  3221298.444
2025   1  13320 GPS  -2267741.591  5009043.164  3221236.673
2025   1  13350 GPS  -2267810.565  5009124.045  3221303.088
2025   1  13380 GPS  -2267786.833  5009216.806  3221314.736
2025   1  13410 GPS  -2267798.307  5009155.465  3221314.103
2025   1  13440 GPS  -2267752.310  5009043.336  3221248.340
2025   1  13470 GPS  -2267814.896  5009159.048  3221352.468
2025   1  13500 GPS  -2267700.808  5009078.466  3221220.040
2025   1  13530 GPS  -2267726.758  5009137.967  3221273.366
2025   1  13560 GPS  -2267720.872  5009161.969  3221269.352
2025   1  13590 GPS  -2267760.718  5009203.508  3221302.654
2025   1  13620 GPS  -2267735.201  5009118.052  3221265.523
2025   1  13650 GPS  -2267822.643  5009141.362  3221292.059
2025   1  13680 GPS  -2267782.221  5009143.004  3221326.537
2025   1  13710 GPS  -2267816.005  5009110.106  3221280.601
2025   1  13740 GPS  -2267804.192  5009131.991  3221324.365
2025   1  13770 GPS  -2267805.196  5009182.271  3221278.755
2025   1  13800 GPS  -2267778.704  5009237.020  3221320.725
2025   1  13830 GPS  -2267766.321  5009060.628  3221300.530
2025   1  13860 GPS  -2267790.623  5009137.171  3221284.774
2025   1  13890 GPS  -2267750.141  5009041.544  3221260.272
2025   1  13920 GPS  -2267803.241  5009086.753  3221291.699
2025   1  13950 GPS  -2267809.163  5009270.686  3221360.291
2025   1  13980 GPS  -2267738.703  5009150.336  3221278.772
2025   1  14010 GPS  -2267738.586  5009117.010  3221250.937
2025   1  14040 GPS  -2267741.270  5009071.493  3221264.793
2025   1  14070 GPS  -2267743.313  5009047.771  3221274.866
2025   1  14100 GPS  -2267802.957  5009265.965  3221339.193
2025   1  14130 GPS  -2267810.507  5009207.806  3221361.389
2025   1  14160 GPS  -2267832.618  5009217.493  3221345.813
2025   1  14190 GPS  -2267885.691  5009334.820  3221384.264
2025   1  14220 GPS  -2267748.248  5009156.188  3221250.402
2025   1  14250 GPS  -2267805.847  5009104.926  3221269.373
2025   1  14280 GPS  -2267751.155  5009006.145  3221247.470
2025   1  14310 GPS  -2267820.397  5009287.919  3221385.931
2025   1  14340 GPS  -2267766.842  5009301.477  3221352.243
2025   1  14370 GPS  -2267839.989  5009335.493  3221407.850
2025   1  14400 GPS  -2267810.531  5009245.698  3221339.281
2025   1  14430 GPS  -2267796.157  5009235.090  3221329.925
2025   1  14460 GPS  -2267784.266  5009150.001  3221324.524
2025   1  14490 GPS  -2267803.151  5009231.160  3221340.642
2025   1  14520 GPS  -2267781.336  5009204.883  3221356.198
2025   1  14550 GPS  -2267761.906  5009207.258  3221307.926
2025   1  14580 GPS  -2267793.222  5009188.707  3221317.530
2025   1  14610 GPS  -2267825.336  5009183.895  3221316.951
2025   1  14640 GPS  -2267751.308  5009117.271  3221241.042
2025   1  14670 GPS  -2267756.355  5009183.158  3221281.904
2025   1  14700 GPS  -2267776.925  5009202.511  3221293.795
2025   1  14730 GPS  -2267785.155  5009248.286  3221337.905
2025   1  14760 GPS  -2267768.233  5009132.073  3221290.619
2025   1  14790 GPS  -2267778.243  5009157.218  3221321.935
2025   1  14820 GPS  -2267797.687  5009175.540  3221314.362
2025   1  14850 GPS  -2267787.375  5009191.775  3221310.649
2025   1  14880 GPS  -2267847.555  5009270.074  3221331.283
2025   1  14910 GPS  -2267812.208  5009193.805  3221276.858
2025   1  14940 GPS  -2267773.069  5009145.617  3221287.574
2025   1  14970 GPS  -2267752.911  5009149.536  3221266.185
2025   1  15000 GPS  -2267746.643  5009151.855  3221284.557
2025   1  15030 GPS  -2267720.451  5009145.650  3221323.309
2025   1  15060 GPS  -2267705.281  5009037.712  3221242.733
2025   1  15090 GPS  -2267735.337  5009092.859  3221255.747
2025   1  15120 GPS  -2267725.286  5009123.444  3221269.359
2025   1  15150 GPS  -2267752.449  5009139.722  3221239.664
2025   1  15180 GPS  -2267739.419  5009203.415  3221296.396
2025   1  15210 GPS  -2267785.034  5009182.067  3221311.919
2025   1  15240 GPS  -2267742.642  5009133.265  3221276.662
2025   1  15270 GPS  -2267710.544  5009112.500  3221283.112
2025   1  15300 GPS  -2267746.309  5009102.923  3221290.256
2025   1  15330 GPS  -2267769.771  5009217.783  3221312.436
2025   1  15360 GPS  -2267701.272  5009115.984  3221264.622
2025   1  15390 GPS  -2267813.576  5009201.357  3221335.036
2025   1  15420 GPS  -2267769.494  5009144.570  3221340.618
2025   1  15450 GPS  -2267691.069  5009036.279  3221261.981
2025   1  15480 GPS  -2267756.252  5009106.638  3221321.155
2025   1  15510 GPS  -2267781.922  5009231.101  3221331.879
2025   1  15540 GPS  -2267778.223  5009215.357  3221297.022
2025   1  15570 GPS  -2267818.125  5009282.044  3221338.414
2025   1  15600 GPS  -2267784.655  5009215.547  3221339.579
2025   1  15630 GPS  -2267809.964  5009318.101  3221327.706
2025   1  15660 GPS  -2267800.528  5009251.850  3221326.663
2025   1  15690 GPS  -2267826.055  5009240.424  3221297.842
2025   1  15720 GPS  -2267763.150  5009113.577  3221285.792
2025   1  15750 GPS  -2267774.052  5009093.172  3221255.961
2025   1  15780 GPS  -2267793.620  5009191.814  3221310.409
2025   1  15810 GPS  -2267714.890  5009036.403  3221234.863
2025   1  15840 GPS  -2267778.281  5009284.755  3221300.258
2025   1  15870 GPS  -2267754.523  5009231.645  3221294.132
2025   1  15900 GPS  -2267775.216  5009191.225  3221265.016
2025   1  15930 GPS  -2267793.186  5009206.824  3221323.780
2025   1  15960 GPS  -2267768.912  5009213.876  3221302.524
2025   1  15990 GPS  -2267751.801  5009191.884  3221279.240
2025   1  16020 GPS  -2267762.341  5009180.146  3221264.442
2025   1  16050 GPS  -2267731.670  5009133.774  3221219.059
2025   1  16080 GPS  -2267758.768  5009127.987  3221284.074
2025   1  16110 GPS  -2267779.730  5009125.429  3221268.725
2025   1  16140 GPS  -2267783.755  5009192.911  3221309.826
2025   1  16170 GPS  -2267736.572  5009201.868  3221327.870
2025   1  16200 GPS  -2267737.386  5009126.100  3221286.226
2025   1  16230 GPS  -2267775.479  5009138.188  3221244.450
2025   1  16260 GPS  -2267822.641  5009188.194  3221252.082
2025   1  16290 GPS  -2267787.370  5009113.267  3221265.051
2025   1  16320 GPS  -2267774.554  5009156.967  3221333.826
2025   1  16350 GPS  -2267776.351  5009210.362  3221307.509
2025   1  16380 GPS  -2267791.134  5009105.476  3221261.996
2025   1  16410 GPS  -2267779.306  5009134.154  3221248.990
2025   1  16440 GPS  -2267793.757  5009206.278  3221322.563
2025   1  16470 GPS  -2267765.013  5009145.534  3221279.433
2025   1  16500 GPS  -2267769.690  5009194.511  3221302.972
2025   1  16530 GPS  -2267769.423  5009234.388  3221326.922
2025   1  16560 GPS  -2267740.692  5009125.693  3221265.592
2025   1  16590 GPS  -2267756.308  5009127.038  3221263.741
2025   1  16620 GPS  -2267786.848  5009215.941  3221253.235
2025   1  16650 GPS  -2267731.844  5009140.393  3221244.070
2025   1  16680 GPS  -2267699.644  5009054.338  3221242.067
2025   1  16710 GPS  -2267813.701  5009166.144  3221268.190
2025   1  16740 GPS  -2267759.295  5009108.366  3221221.301
2025   1  16770 GPS  -2267731.589  5009087.677  3221205.609
2025   1  16800 GPS  -2267776.487  5009126.272  3221228.938
2025   1  16830 GPS  -2267715.798  5009074.863  3221243.829
2025   1  16860 GPS  -2267727.412  5009124.185  3221266.256
2025   1  16890 GPS  -2267752.204  5009016.289  3221194.050
2025   1  16920 GPS  -2267748.458  5009054.887  3221239.014
2025   1  16950 GPS  -2267770.866  5009143.692  3221293.305
2025   1  16980 GPS  -2267733.781  5009156.392  3221275.474
2025   1  17010 GPS  -2267699.414  5009070.448  3221235.653
2025   1  17040 GPS  -2267742.886  5009137.750  3221222.273
2025   1  17070 GPS  -2267715.915  5009125.775  3221264.104
2025   1  17100 GPS  -2267697.724  5009065.277  3221233.007
2025   1  17130 GPS  -2267764.460  5009188.348  3221244.375
2025   1  17160 GPS  -2267795.386  5009211.777  3221286.474
2025   1  17190 GPS  -2267773.958  5009238.562  3221292.751
2025   1  17220 GPS  -2267808.254  5009259.330  3221261.830
2025   1  17250 GPS  -2267813.070  5009325.248  3221300.388
2025   1  17280 GPS  -2267838.898  5009327.061  3221310.743
2025   1  17310 GPS  -2267816.644  5009247.000  3221262.843
2025   1  17340 GPS  -2267845.543  5009301.271  3221282.972
2025   1  17370 GPS  -2267811.563  5009234.677  3221296.933
2025   1  17400 GPS  -2267796.119  5009222.573  3221247.439
2025   1  17430 GPS  -2267818.013  5009224.637  3221280.346
2025   1  17460 GPS  -2267780.738  5009212.609  3221280.034
2025   1  17490 GPS  -2267796.104  5009139.018  3221236.772
2025   1  17520 GPS  -2267736.437  5009112.466  3221225.475
2025   1  17550 GPS  -2267766.252  5009153.023  3221242.407
2025   1  17580 GPS  -2267781.592  5009139.166  3221255.947
2025   1  17610 GPS  -2267788.609  5009209.616  3221280.025
2025   1  17640 GPS  -2267783.503  5009193.246  3221302.206
2025   1  17670 GPS  -2267770.296  5009127.450  3221280.957
2025   1  17700 GPS  -2267764.505  5009114.418  3221223.223
2025   1  17730 GPS  -2267761.044  5009107.110  3221229.412
2025   1  17760 GPS  -2267826.123  5009168.594  3221218.279
2025   1  17790 GPS  -2267777.350  5009153.625  3221213.681
2025   1  17820 GPS  -2267813.172  5009182.311  3221239.517
2025   1  17850 GPS  -2267785.265  5009155.051  3221273.092
2025   1  17880 GPS  -2267759.755  5009092.785  3221251.154
2025   1  17910 GPS  -2267734.061  5009081.728  3221178.794
2025   1  17940 GPS  -2267772.828  5009207.273  3221263.676
2025   1  17970 GPS  -2267773.196  5009169.594  3221254.569
2025   1  18000 GPS  -2267803.456  5009194.137  3221290.986
2025   1  18030 GPS  -2267810.479  5009287.889  3221342.613
2025   1  18060 GPS  -2267824.270  5009275.489  3221325.418
2025   1  18090 GPS  -2267821.650  5009323.055  3221360.245
2025   1  18120 GPS  -2267831.502  5009359.128  3221361.566
2025   1  18150 GPS  -2267782.477  5009341.826  3221359.366
2025   1  18180 GPS  -2267791.353  5009261.985  3221368.593
2025   1  18210 GPS  -2267780.051  5009212.470  3221347.732
2025   1  18240 GPS  -2267765.414  5009268.220  3221366.839
2025   1  18270 GPS  -2267788.825  5009319.677  3221381.628
2025   1  18300 GPS  -2267771.123  5009264.942  3221332.899
2025   1  18330 GPS  -2267790.043  5009281.150  3221300.102
2025   1  18360 GPS  -2267768.816  5009198.812  3221274.487
2025   1  18390 GPS  -2267790.638  5009225.814  3221305.982
2025   1  18420 GPS  -2267773.109  5009283.139  3221286.980
2025   1  18450 GPS  -2267761.922  5009269.032  3221313.402
2025   1  18480 GPS  -2267736.551  5009302.439  3221332.183
2025   1  18510 GPS  -2267756.912  5009298.932  3221347.787
2025   1  18540 GPS  -2267720.922  5009305.288  3221347.542
2025   1  18570 GPS  -2267712.315  5009178.361  3221268.994
2025   1  18600 GPS  -2267764.334  5009300.623  3221338.015
2025   1  18630 GPS  -2267712.532  5009146.960  3221264.495
2025   1  18660 GPS  -2267719.962  5009140.731  3221263.772
2025   1  18690 GPS  -2267803.089  5009168.324  3221245.700
2025   1  18720 GPS  -2267798.224  5009130.525  3221251.033
2025   1  18750 GPS  -2267745.908  5009171.430  3221253.724
2025   1  18780 GPS  -2267729.721  5009122.690  3221264.366
2025   1  18810 GPS  -2267784.495  5009198.186  3221294.058
2025   1  18840 GPS  -2267806.591  5009272.670  3221315.417
2025   1  18870 GPS  -2267828.179  5009341.779  3221363.827
2025   1  18900 GPS  -2267778.670  5009249.415  3221320.409
2025   1  18930 GPS  -2267717.748  5009215.934  3221308.352
2025   1  18960 GPS  -2267716.601  5009176.817  3221299.540
2025   1  18990 GPS  -2267770.121  5009155.503  3221257.429
2025   1  19020 GPS  -2267780.038  5009245.325  3221329.433
2025   1  19050 GPS  -2267764.010  5009144.288  3221238.753
2025   1  19080 GPS  -2267784.282  5009203.233  3221265.676
2025   1  19110 GPS  -2267800.707  5009131.860  3221198.742
2025   1  19140 GPS  -2267781.026  5009151.710  3221239.036
2025   1  19170 GPS  -2267738.132  5009149.774  3221265.581
2025   1  19200 GPS  -2267778.120  5009227.644  3221304.284
2025   1  19230 GPS  -2267748.124  5009287.493  3221304.647
2025   1  19260 GPS  -2267744.551  5009272.156  3221282.236
2025   1  19290 GPS  -2267729.202  5009203.443  3221300.336
2025   1  19320 GPS  -2267762.355  5009305.711  3221372.453
2025   1  19350 GPS  -2267765.086  5009265.607  3221326.036
2025   1  19380 GPS  -2267746.151  5009217.962  3221264.501
2025   1  19410 GPS  -2267717.010  5009242.496  3221317.510
2025   1  19440 GPS  -2267780.511  5009154.929  3221276.036
2025   1  19470 GPS  -2267759.896  5009080.826  3221220.337
2025   1  19500 GPS  -2267778.793  5009048.672  3221273.372
2025   1  19530 GPS  -2267752.347  5009045.319  3221230.491
2025   1  19560 GPS  -2267762.290  5009183.266  3221274.354
2025   1  19590 GPS  -2267756.348  5009231.679  3221252.767
2025   1  19620 GPS  -2267754.757  5009268.055  3221267.029
2025   1  19650 GPS  -2267787.466  5009238.347  3221295.987
2025   1  19680 GPS  -2267750.653  5009097.154  3221187.202
2025   1  19710 GPS  -2267775.766  5009085.847  3221186.219
2025   1  19740 GPS  -2267781.422  5009133.362  3221310.941
2025   1  19770 GPS  -2267804.534  5009162.247  3221249.335
2025   1  19800 GPS  -2267785.582  5009180.661  3221223.528
2025   1  19830 GPS  -2267789.001  5009194.439  3221300.596
2025   1  19860 GPS  -2267771.639  5009182.904  3221281.519
2025   1  19890 GPS  -2267752.372  5009100.582  3221240.679
2025   1  19920 GPS  -2267786.983  5009212.945  3221294.437
2025   1  19950 GPS  -2267737.404  5009055.829  3221265.580
2025   1  19980 GPS  -2267744.373  5009050.425  3221204.915
2025   1  20010 GPS  -2267729.605  5009052.306  3221216.132
2025   1  20040 GPS  -2267751.636  5009018.942  3221202.822
2025   1  20070 GPS  -2267715.591  5008974.792  3221219.093
2025   1  20100 GPS  -2267738.860  5009051.593  3221234.409
2025   1  20130 GPS  -2267776.444  5008991.754  3221241.495
2025   1  20160 GPS  -2267748.394  5009034.279  3221188.985
2025   1  20190 GPS  -2267789.047  5009065.574  3221154.701
2025   1  20220 GPS  -2267747.103  5009121.928  3221219.780
2025   1  20250 GPS  -2267697.284  5009100.399  3221193.183
2025   1  20280 GPS  -2267740.977  5009066.195  3221222.258
2025   1  20310 GPS  -2267806.099  5009148.521  3221258.354
2025   1  20340 GPS  -2267797.118  5009129.999  3221213.368
2025   1  20370 GPS  -2267782.504  5009095.851  3221229.095
2025   1  20400 GPS  -2267835.508  5009203.123  3221221.274
2025   1  20430 GPS  -2267783.311  5009100.157  3221219.004
2025   1  20460 GPS  -2267813.562  5009222.609  3221287.181
2025   1  20490 GPS  -2267739.753  5009160.620  3221288.414
2025   1  20520 GPS  -2267694.921  5009090.337  3221245.649
2025   1  20550 GPS  -2267750.807  5009251.049  3221275.907
2025   1  20580 GPS  -2267763.981  5009126.829  3221286.277
2025   1  20610 GPS  -2267770.514  5009210.794  3221301.944
2025   1  20640 GPS  -2267849.696  5009270.125  3221288.959
2025   1  20670 GPS  -2267783.106  5009255.317  3221334.529
2025   1  20700 GPS  -2267795.113  5009278.968  3221312.947
2025   1  20730 GPS  -2267840.878  5009291.879  3221310.796
2025   1  20760 GPS  -2267783.155  5009232.814  3221300.782
2025   1  20790 GPS  -2267754.978  5009193.111  3221324.241
2025   1  20820 GPS  -2267747.769  5009090.760  3221308.158
2025   1  20850 GPS  -2267744.693  5009232.481  3221360.060
2025   1  20880 GPS  -2267730.249  5009190.567  3221324.340
2025   1  20910 GPS  -2267734.547  5009244.564  3221333.491
2025   1  20940 GPS  -2267698.255  5009210.629  3221312.370
2025   1  20970 GPS  -2267751.322  5009089.308  3221226.486
2025   1  21000 GPS  -2267669.067  5009181.869  3221360.430
2025   1  21030 GPS  -2267804.513  5009176.239  3221289.462
2025   1  21060 GPS  -2267731.481  5009041.230  3221257.189
2025   1  21090 GPS  -2267748.395  5009073.540  3221279.887
2025   1  21120 GPS  -2267790.216  5009123.873  3221280.996
2025   1  21150 GPS  -2267742.155  5009091.764  3221340.494
2025   1  21180 GPS  -2267765.286  5009071.350  3221264.525
2025   1  21210 GPS  -2267762.897  5009026.028  3221304.201
2025   1  21240 GPS  -2267746.685  5009070.302  3221232.854
2025   1  21270 GPS  -2267757.130  5009070.732  3221257.919
2025   1  21300 GPS  -2267741.916  5009052.884  3221268.626
2025   1  21330 GPS  -2267783.926  5009066.653  3221236.455
2025   1  21360 GPS  -2267750.248  5009091.630  3221259.188
2025   1  21390 GPS  -2267737.969  5009099.945  3221295.047
2025   1  21420 GPS  -2267757.659  5009145.930  3221289.883
2025   1  21450 GPS  -2267715.820  5009061.964  3221298.109
2025   1  21480 GPS  -2267739.697  5009089.976  3221278.072
2025   1  21510 GPS  -2267801.501  5009210.334  3221297.197
2025   1  21540 GPS  -2267767.025  5009181.662  3221251.053
2025   1  21570 GPS  -2267732.865  5009161.621  3221319.454
2025   1  21600 GPS  -2267766.742  5009181.815  3221342.635
2025   1  21630 GPS  -2267671.269  5009110.221  3221309.839
2025   1  21660 GPS  -2267748.043  5009176.543  3221380.598
2025   1  21690 GPS  -2267764.675  5009158.984  3221392.940
2025   1  21720 GPS  -2267740.153  5009146.832  3221349.215
2025   1  21750 GPS  -2267819.281  5009224.423  3221307.323
2025   1  21780 GPS  -2267754.792  5009249.376  3221315.012
2025   1  21810 GPS  -2267712.577  5009179.862  3221338.659
2025   1  21840 GPS  -2267803.338  5009268.162  3221388.815
2025   1  21870 GPS  -2267758.875  5009229.883  3221364.414
2025   1  21900 GPS  -2267790.118  5009280.134  3221372.496
2025   1  21930 GPS  -2267741.540  5009262.191  3221383.777
2025   1  21960 GPS  -2267731.056  5009304.465  3221391.339
2025   1  21990 GPS  -2267799.035  5009244.318  3221351.469
2025   1  22020 GPS  -2267687.532  5009138.983  3221409.822
2025   1  22050 GPS  -2267768.837  5009247.834  3221395.224
2025   1  22080 GPS  -2267715.995  5009229.561  3221371.051
2025   1  22110 GPS  -2267762.770  5009299.331  3221325.651
2025   1  22140 GPS  -2267694.077  5009241.237  3221340.127
2025   1  22170 GPS  -2267645.795  5009149.341  3221393.773
2025   1  22200 GPS  -2267735.353  5009218.103  3221343.337
2025   1  22230 GPS  -2267778.178  5009168.499  3221267.787
2025   1  22260 GPS  -2267762.769  5009208.301  3221312.606
2025   1  22290 GPS  -2267722.406  5009184.140  3221289.663
2025   1  22320 GPS  -2267713.571  5009082.461  3221254.500
2025   1  22350 GPS  -2267789.453  5009149.649  3221294.284
2025   1  22380 GPS  -2267821.248  5009145.485  3221279.447
2025   1  22410 GPS  -2267710.552  5009209.816  3221308.087
2025   1  22440 GPS  -2267757.310  5009127.444  3221265.234
2025   1  22470 GPS  -2267799.939  5009144.919  3221272.552
2025   1  22500 GPS  -2267754.098  5009094.223  3221260.744
2025   1  22530 GPS  -2267834.011  5009093.259  3221238.164
2025   1  22560 GPS  -2267797.445  5009131.171  3221326.035
2025   1  22590 GPS  -2267785.774  5009125.098  3221328.141
2025   1  22620 GPS  -2267720.630  5009098.368  3221394.493
2025   1  22650 GPS  -2267671.066  5009085.932  3221362.883
2025   1  22680 GPS  -2267750.479  5009132.894  3221326.209
2025   1  22710 GPS  -2267685.972  5009208.843  3221341.488
2025   1  22740 GPS  -2267772.348  5009156.998  3221276.934
2025   1  22770 GPS  -2267720.846  5009140.054  3221295.919
2025   1  22800 GPS  -2267695.112  5009051.544  3221328.179
2025   1  22830 GPS  -2267743.100  5009075.580  3221333.099
2025   1  22860 GPS  -2267744.895  5009090.609  3221300.091
2025   1  22890 GPS  -2267717.137  5009168.087  3221356.844
2025   1  22920 GPS  -2267734.895  5009143.672  3221329.593
2025   1  22950 GPS  -2267636.914  5009256.506  3221423.611
2025   1  22980 GPS  -2267664.819  5009191.212  3221332.548
2025   1  23010 GPS  -2267727.091  5009219.148  3221337.943
2025   1  23040 GPS  -2267758.075  5009219.058  3221323.352
2025   1  23070 GPS  -2267646.446  5009274.893  3221436.618
2025   1  23100 GPS  -2267609.932  5009209.520  3221342.730
2025   1  23130 GPS  -2267729.662  5009259.972  3221361.066
2025   1  23160 GPS  -2267625.157  5009208.868  3221391.694
2025   1  23190 GPS  -2267665.091  5009164.135  3221293.040
2025   1  23220 GPS  -2267765.151  5009099.137  3221246.210
2025   1  23250 GPS  -2267774.810  5009154.514  3221350.898
2025   1  23280 GPS  -2267732.143  5009178.685  3221299.592
2025   1  23310 GPS  -2267735.184  5009231.444  3221328.360
2025   1  23340 GPS  -2267687.937  5009151.344  3221347.739
2025   1  23370 GPS  -2267638.730  5009170.962  3221282.396
2025   1  23400 GPS  -2267646.856  5009129.745  3221336.460
2025   1  23430 GPS  -2267619.491  5009165.702  3221374.792
2025   1  23460 GPS  -2267602.061  5009226.162  3221368.101
2025   1  23490 GPS  -2267694.587  5009344.275  3221373.238
2025   1  23520 GPS  -2267670.043  5009295.500  3221365.731
2025   1  23550 GPS  -2267780.417  5009225.776  3221304.557
2025   1  23580 GPS  -2267805.598  5009216.825  3221334.720
2025   1  23610 GPS  -2267691.310  5009118.636  3221298.470
2025   1  23640 GPS  -2267761.920  5009109.615  3221278.793
2025   1  23670 GPS  -2267689.413  5009106.145  3221259.489
2025   1  23700 GPS  -2267761.248  5009138.462  3221244.169
2025   1  23730 GPS  -2267703.217  5009178.334  3221385.318
2025   1  23760 GPS  -2267686.418  5009098.860  3221243.380
2025   1  23790 GPS  -2267770.017  5009157.319  3221281.504
2025   1  23820 GPS  -2267738.077  5009166.492  3221312.878
2025   1  23850 GPS  -2267695.073  5009115.081  3221238.598
2025   1  23880 GPS  -2267658.094  5009176.886  3221301.149
2025   1  23910 GPS  -2267672.135  5009102.542  3221264.348
2025   1  23940 GPS  -2267601.944  5009304.415  3221385.518
2025   1  23970 GPS  -2267691.273  5009215.736  3221325.647
2025   1  24000 GPS  -2267705.396  5009202.658  3221306.931
2025   1  24030 GPS  -2267679.528  5009160.664  3221307.180
2025   1  24060 GPS  -2267681.856  5009123.295  3221259.269
2025   1  24090 GPS  -2267717.980  5009177.180  3221338.490
2025   1  24120 GPS  -2267713.984  5009041.053  3221246.255
2025   1  24150 GPS  -2267753.943  5009101.680  3221257.612
2025   1  24180 GPS  -2267712.792  5009121.461  3221305.055
2025   1  24210 GPS  -2267746.042  5009174.432  3221308.713
2025   1  24240 GPS  -2267730.906  5009198.505  3221330.571
2025   1  24270 GPS  -2267729.992  5009205.486  3221378.283
2025   1  24300 GPS  -2267691.370  5009217.070  3221341.056
2025   1  24330 GPS  -2267701.463  5009264.539  3221411.412
2025   1  24360 GPS  -2267715.047  5009181.765  3221318.798
2025   1  24390 GPS  -2267699.082  5009070.915  3221286.949
2025   1  24420 GPS  -2267699.333  5009031.958  3221236.304
2025   1  24450 GPS  -2267706.939  5009101.373  3221250.668
2025   1  24480 GPS  -2267695.838  5009189.041  3221326.564
2025   1  24510 GPS  -2267708.213  5009161.082  3221285.178
2025   1  24540 GPS  -2267725.444  5009115.643  3221259.377
2025   1  24570 GPS  -2267699.566  5009140.781  3221291.204
2025   1  24600 GPS  -2267664.209  5009154.791  3221342.281
2025   1  24630 GPS  -2267742.616  5009179.287  3221365.426
2025   1  24660 GPS  -2267762.905  5009243.118  3221352.797
2025   1  24690 GPS  -2267762.802  5009181.045  3221335.201
2025   1  24720 GPS  -2267722.212  5009228.955  3221358.769
2025   1  24750 GPS  -2267771.330  5009239.474  3221378.842
2025   1  24780 GPS  -2267789.436  5009110.204  3221195.724
2025   1  24810 GPS  -2267799.952  5009150.878  3221266.465
2025   1  24840 GPS  -2267783.883  5009210.974  3221310.147
2025   1  24870 GPS  -2267782.281  5009209.586  3221302.405
2025   1  24900 GPS  -2267787.327  5009265.037  3221251.469
2025   1  24930 GPS  -2267767.677  5009310.982  3221330.995
2025   1  24960 GPS  -2267699.721  5009241.924  3221328.100
2025   1  24990 GPS  -2267721.141  5009225.772  3221335.560
2025   1  25020 GPS  -2267778.598  5009168.636  3221325.206
2025   1  25050 GPS  -2267724.322  5009076.465  3221299.622
2025   1  25080 GPS  -2267764.853  5009079.640  3221306.175
2025   1  25110 GPS  -2267730.336  5009069.570  3221256.671
2025   1  25140 GPS  -2267749.653  5009139.074  3221221.506
2025   1  25170 GPS  -2267728.165  5009182.785  3221302.510
2025   1  25200 GPS  -2267732.331  5009142.442  3221316.583
2025   1  25230 GPS  -2267749.450  5009169.254  3221306.328
2025   1  25260 GPS  -2267722.062  5009180.647  3221264.388
2025   1  25290 GPS  -2267729.169  5009155.046  3221311.551
2025   1  25320 GPS  -2267739.187  5009122.849  3221346.988
2025   1  25350 GPS  -2267729.010  5009144.147  3221334.337
2025   1  25380 GPS  -2267770.013  5009110.811  3221255.579
2025   1  25410 GPS  -2267706.251  5009182.837  3221297.482
2025   1  25440 GPS  -2267723.918  5009185.239  3221318.756
2025   1  25470 GPS  -2267721.545  5009233.014  3221299.210
2025   1  25500 GPS  -2267756.067  5009203.775  3221291.658
2025   1  25530 GPS  -2267726.626  5009218.089  3221311.102
2025   1  25560 GPS  -2267716.788  5009210.234  3221326.303
2025   1  25590 GPS  -2267740.869  5009172.390  3221312.241
2025   1  25620 GPS  -2267756.861  5009154.631  3221356.783
2025   1  25650 GPS  -2267853.080  5009275.062  3221376.635
2025   1  25680 GPS  -2267828.399  5009226.828  3221387.518
2025   1  25710 GPS  -2267826.256  5009206.227  3221369.603
2025   1  25740 GPS  -2267744.948  5009240.956  3221398.139
2025   1  25770 GPS  -2267763.151  5009248.646  3221439.101
2025   1  25800 GPS  -2267800.046  5009291.609  3221427.244
2025   1  25830 GPS  -2267822.741  5009270.918  3221395.939
2025   1  25860 GPS  -2267778.054  5009200.713  3221350.459
2025   1  25890 GPS  -2267782.378  5009137.655  3221299.632
2025   1  25920 GPS  -2267773.391  5009134.143  3221290.510
2025   1  25950 GPS  -2267729.448  5009146.438  3221329.261
2025   1  25980 GPS  -2267729.958  5009230.247  3221328.870
2025   1  26010 GPS  -2267796.373  5009269.064  3221428.620
2025   1  26040 GPS  -2267743.633  5009204.111  3221392.099
2025   1  26070 GPS  -2267748.273  5009199.908  3221329.421
2025   1  26100 GPS  -2267680.084  5009185.157  3221311.898
2025   1  26130 GPS  -2267763.962  5009153.332  3221299.287
2025   1  26160 GPS  -2267789.143  5009193.235  3221302.248
2025   1  26190 GPS  -2267749.804  5009100.140  3221227.310
2025   1  26220 GPS  -2267754.341  5009201.577  3221339.215
2025   1  26250 GPS  -2267713.787  5009106.118  3221245.762
2025   1  26280 GPS  -2267747.912  5009144.034  3221268.018
2025   1  26310 GPS  -2267784.774  5009192.526  3221329.881
2025   1  26340 GPS  -2267746.204  5009145.489  3221373.506
2025   1  26370 GPS  -2267795.920  5009210.197  3221371.673
2025   1  26400 GPS  -2267732.116  5009106.874  3221240.969
2025   1  26430 GPS  -2267753.994  5009227.396  3221318.172
2025   1  26460 GPS  -2267753.150  5009144.268  3221272.001
2025   1  26490 GPS  -2267739.740  5009089.797  3221276.594
2025   1  26520 GPS  -2267747.562  5009079.702  3221264.390
2025   1  26550 GPS  -2267817.199  5009229.481  3221332.202
2025   1  26580 GPS  -2267741.020  5009156.252  3221314.182
2025   1  26610 GPS  -2267740.811  5009074.610  3221232.795
2025   1  26640 GPS  -2267696.162  5009028.795  3221197.468
2025   1  26670 GPS  -2267730.693  5009054.419  3221278.962
2025   1  26700 GPS  -2267711.316  5009014.773  3221202.159
2025   1  26730 GPS  -2267794.239  5009106.884  3221228.089
2025   1  26760 GPS  -2267736.346  5009065.471  3221213.770
2025   1  26790 GPS  -2267682.921  5009041.500  3221166.657
2025   1  26820 GPS  -2267686.556  5009040.345  3221121.351
2025   1  26850 GPS  -2267635.989  5009105.786  3221171.543
2025   1  26880 GPS  -2267652.404  5009101.191  3221126.405
2025   1  26910 GPS  -2267726.655  5009163.383  3221303.640
2025   1  26940 GPS  -2267683.473  5009169.533  3221209.646
2025   1  26970 GPS  -2267773.610  5009185.344  3221288.586
2025   1  27000 GPS  -2267699.242  5009156.195  3221241.851
2025   1  27030 GPS  -2267663.470  5009155.135  3221318.920
2025   1  27060 GPS  -2267740.365  5009171.840  3221310.770
2025   1  27090 GPS  -2267680.169  5009121.995  3221283.882
2025   1  27120 GPS  -2267779.569  5009199.076  3221341.252
2025   1  27150 GPS  -2267743.115  5009159.345  3221298.730
2025   1  27180 GPS  -2267808.633  5009214.329  3221338.693
2025   1  27210 GPS  -2267732.256  5009124.586  3221246.220
2025   1  27240 GPS  -2267751.954  5009081.395  3221246.192
2025   1  27270 GPS  -2267872.878  5009237.097  3221378.773
2025   1  27300 GPS  -2267803.273  5009180.923  3221340.340
2025   1  27330 GPS  -2267749.293  5009171.518  3221338.962
2025   1  27360 GPS  -2267780.916  5009151.912  3221370.740
2025   1  27390 GPS  -2267847.798  5009217.193  3221387.242
2025   1  27420 GPS  -2267795.532  5009199.082  3221371.295
2025   1  27450 GPS  -2267796.256  5009215.649  3221349.288
2025   1  27480 GPS  -2267861.478  5009222.029  3221405.221
2025   1  27510 GPS  -2267768.804  5009218.944  3221304.906
2025   1  27540 GPS  -2267766.051  5009190.107  3221294.045
2025   1  27570 GPS  -2267738.949  5009150.307  3221315.580
2025   1  27600 GPS  -2267746.523  5009151.247  3221292.589
2025   1  27630 GPS  -2267704.168  5009116.321  3221288.279
2025   1  27660 GPS  -2267796.544  5009202.726  3221324.942
2025   1  27690 GPS  -2267742.444  5009151.076  3221254.222
2025   1  27720 GPS  -2267741.750  5009134.454  3221274.057
2025   1  27750 GPS  -2267781.621  5009174.438  3221332.017
2025   1  27780 GPS  -2267691.368  5009119.479  3221258.600
2025   1  27810 GPS  -2267771.495  5009124.843  3221305.747
2025   1  27840 GPS  -2267785.653  5009162.024  3221327.477
2025   1  27870 GPS  -2267743.563  5009119.887  3221269.051
2025   1  27900 GPS  -2267748.937  5009175.370  3221286.864
2025   1  27930 GPS  -2267735.089  5009216.703  3221316.654
2025   1  27960 GPS  -2267753.364  5009243.697  3221295.028
2025   1  27990 GPS  -2267825.484  5009282.136  3221344.461
2025   1  28020 GPS  -2267735.207  5009350.328  3221331.101
2025   1  28050 GPS  -2267776.813  5009338.933  3221369.497
2025   1  28080 GPS  -2267801.071  5009372.811  3221390.100
2025   1  28110 GPS  -2267779.523  5009331.679  3221352.766
2025   1  28140 GPS  -2267753.938  5009170.616  3221353.797
2025   1  28170 GPS  -2267824.570  5009221.350  3221314.269
2025   1  28200 GPS  -2267775.992  5009205.524  3221334.436
2025   1  28230 GPS  -2267692.579  5009112.552  3221325.678
2025   1  28260 GPS  -2267751.823  5009081.630  3221332.516
2025   1  28290 GPS  -2267774.382  5009137.706  3221323.838
2025   1  28320 GPS  -2267670.506  5009147.700  3221304.056
2025   1  28350 GPS  -2267781.015  5009199.756  3221345.353
2025   1  28380 GPS  -2267716.140  5009208.936  3221311.738
2025   1  28410 GPS  -2267670.473  5009248.698  3221357.422
2025   1  28440 GPS  -2267794.296  5009348.153  3221418.476
2025   1  28470 GPS  -2267804.089  5009327.502  3221423.175
2025   1  28500 GPS  -2267803.618  5009294.063  3221422.474
2025   1  28530 GPS  -2267749.078  5009240.866  3221390.441
2025   1  28560 GPS  -2267814.400  5009261.049  3221369.665
2025   1  28590 GPS  -2267807.015  5009244.123  3221356.931
2025   1  28620 GPS  -2267798.222  5009223.939  3221375.855
2025   1  28650 GPS  -2267770.251  5009208.720  3221350.537
2025   1  28680 GPS  -2267696.968  5009142.585  3221352.752
2025   1  28710 GPS  -2267793.517  5009194.582  3221356.295
2025   1  28740 GPS  -2267781.804  5009260.354  3221345.210
2025   1  28770 GPS  -2267650.800  5009113.028  3221278.927
2025   1  28800 GPS  -2267719.853  5009177.351  3221360.959
2025   1  28830 GPS  -2267623.908  5009051.126  3221280.190
2025   1  28860 GPS  -2267776.888  5009189.032  3221336.059
2025   1  28890 GPS  -2267782.218  5009157.863  3221376.205
2025   1  28920 GPS  -2267787.350  5009255.060  3221337.325
2025   1  28950 GPS  -2267814.211  5009270.054  3221350.071
2025   1  28980 GPS  -2267696.184  5009206.807  3221359.173
2025   1  29010 GPS  -2267790.772  5009215.076  3221377.245
2025   1  29040 GPS  -2267849.743  5009247.028  3221377.455
2025   1  29070 GPS  -2267849.048  5009244.935  3221349.582
2025   1  29100 GPS  -2267880.431  5009262.285  3221368.202
2025   1  29130 GPS  -2267795.045  5009211.760  3221356.130
2025   1  29160 GPS  -2267768.318  5009191.351  3221307.541
2025   1  29190 GPS  -2267757.824  5009213.203  3221342.808
2025   1  29220 GPS  -2267744.691  5009141.434  3221254.106
2025   1  29250 GPS  -2267752.201  5009193.806  3221304.236
2025   1  29280 GPS  -2267780.905  5009154.724  3221317.900
2025   1  29310 GPS  -2267838.406  5009161.396  3221355.964
2025   1  29340 GPS  -2267721.344  5009078.354  3221301.895
2025   1  29370 GPS  -2267814.536  5009165.296  3221367.844
2025   1  29400 GPS  -2267805.513  5009181.145  3221368.594
2025   1  29430 GPS  -2267748.997  5009109.247  3221294.964
2025   1  29460 GPS  -2267768.317  5009208.306  3221365.128
2025   1  29490 GPS  -2267641.018  5009179.645  3221366.519
2025   1  29520 GPS  -2267766.726  5009169.679  3221321.456
2025   1  29550 GPS  -2267798.227  5009194.393  3221371.579
2025   1  29580 GPS  -2267720.742  5009217.922  3221293.621
2025   1  29610 GPS  -2267728.024  5009115.155  3221306.417
2025   1  29640 GPS  -2267917.621  5009245.672  3221340.383
2025   1  29670 GPS  -2267848.547  5009234.264  3221363.276
2025   1  29700 GPS  -2267802.001  5009163.740  3221307.015
2025   1  29730 GPS  -2267698.365  5009129.882  3221227.982
2025   1  29760 GPS  -2267736.757  5009188.016  3221308.604
2025   1  29790 GPS  -2267727.457  5009086.701  3221288.269
2025   1  29820 GPS  -2267849.648  5009182.888  3221342.994
2025   1  29850 GPS  -2267832.880  5009264.630  3221363.442
2025   1  29880 GPS  -2267780.556  5009199.502  3221310.696
2025   1  29910 GPS  -2267833.423  5009283.674  3221371.013
2025   1  29940 GPS  -2267837.643  5009300.758  3221357.699
2025   1  29970 GPS  -2267847.966  5009222.098  3221345.685
2025   1  30000 GPS  -2267852.070  5009174.165  3221339.675
2025   1  30030 GPS  -2267833.995  5009230.297  3221382.768
2025   1  30060 GPS  -2267731.563  5009230.576  3221325.933
2025   1  30090 GPS  -2267768.618  5009270.131  3221388.256
2025   1  30120 GPS  -2267766.768  5009195.676  3221336.403
2025   1  30150 GPS  -2267807.211  5009114.168  3221261.751
2025   1  30180 GPS  -2267757.890  5009151.294  3221288.782
2025   1  30210 GPS  -2267764.051  5009120.633  3221282.101
2025   1  30240 GPS  -2267732.339  5009106.502  3221263.944
2025   1  30270 GPS  -2267768.911  5009217.491  3221331.056
2025   1  30300 GPS  -2267851.373  5009284.501  3221346.576
2025   1  30330 GPS  -2267775.495  5009306.638  3221357.215
2025   1  30360 GPS  -2267776.754  5009209.928  3221329.619
2025   1  30390 GPS  -2267717.998  5009105.304  3221258.539
2025   1  30420 GPS  -2267734.410  5009112.988  3221336.037
2025   1  30450 GPS  -2267769.523  5009161.473  3221343.262
2025   1  30480 GPS  -2267719.765  5009124.313  3221291.126
2025   1  30510 GPS  -2267781.054  5009167.478  3221317.798
2025   1  30540 GPS  -2267701.221  5009151.427  3221296.166
2025   1  30570 GPS  -2267714.276  5009132.847  3221271.132
2025   1  30600 GPS  -2267761.795  5009106.797  3221248.102
2025   1  30630 GPS  -2267837.271  5009090.842  3221254.498
2025   1  30660 GPS  -2267792.039  5009167.091  3221323.266
2025   1  30690 GPS  -2267795.440  5009191.815  3221296.433
2025   1  30720 GPS  -2267746.498  5009085.001  3221225.469
2025   1  30750 GPS  -2267647.264  5008967.034  3221245.738
2025   1  30780 GPS  -2267642.424  5008967.507  3221263.107
2025   1  30810 GPS  -2267816.447  5009146.866  3221316.905
2025   1  30840 GPS  -2267839.983  5009205.508  3221291.115
2025   1  30870 GPS  -2267858.266  5009213.221  3221298.688
2025   1  30900 GPS  -2267794.447  5009181.031  3221338.023
2025   1  30930 GPS  -2267837.849  5009126.225  3221297.060
2025   1  30960 GPS  -2267692.845  5008998.303  3221241.870
2025   1  30990 GPS  -2267624.033  5008930.628  3221202.492
2025   1  31020 GPS  -2267591.240  5009021.082  3221281.895
2025   1  31050 GPS  -2267777.575  5009136.123  3221293.614
2025   1  31080 GPS  -2267813.302  5009190.091  3221345.646
2025   1  31110 GPS  -2267764.922  5009173.831  3221339.424
2025   1  31140 GPS  -2267848.637  5009212.319  3221391.481
2025   1  31170 GPS  -2267801.540  5009231.464  3221389.505
2025   1  31200 GPS  -2267777.799  5009152.460  3221326.963
2025   1  31230 GPS  -2267740.848  5009107.904  3221320.295
2025   1  31260 GPS  -2267709.393  5009032.714  3221294.900
2025   1  31290 GPS  -2267653.929  5009088.342  3221339.937
2025   1  31320 GPS  -2267825.341  5009199.755  3221308.361
2025   1  31350 GPS  -2267798.456  5009166.228  3221320.174
2025   1  31380 GPS  -2267796.028  5009234.014  3221358.967
2025   1  31410 GPS  -2267795.291  5009130.071  3221334.540
2025   1  31440 GPS  -2267719.345  5009100.082  3221307.425
2025   1  31470 GPS  -2267675.040  5009051.024  3221292.957
2025   1  31500 GPS  -2267752.189  5009087.670  3221248.471
2025   1  31530 GPS  -2267716.724  5009072.416  3221260.311
2025   1  31560 GPS  -2267779.970  5009150.575  3221348.525
2025   1  31590 GPS  -2267716.665  5009119.814  3221240.373
2025   1  31620 GPS  -2267699.928  5009104.164  3221240.444
2025   1  31650 GPS  -2267823.597  5009191.554  3221280.036
2025   1  31680 GPS  -2267855.370  5009248.449  3221339.852
2025   1  31710 GPS  -2267829.451  5009261.204  3221347.664
2025   1  31740 GPS  -2267895.241  5009231.713  3221315.078
2025   1  31770 GPS  -2267910.920  5009319.468  3221359.655
2025   1  31800 GPS  -2267858.213  5009261.046  3221325.508
2025   1  31830 GPS  -2267849.243  5009277.591  3221317.300
2025   1  31860 GPS  -2267848.264  5009170.748  3221263.791
2025   1  31890 GPS  -2267776.530  5009218.008  3221298.653
2025   1  31920 GPS  -2267737.669  5009186.823  3221364.485
2025   1  31950 GPS  -2267817.355  5009195.132  3221330.049
2025   1  31980 GPS  -2267773.115  5009210.215  3221328.641
2025   1  32010 GPS  -2267786.923  5009205.455  3221383.841
2025   1  32040 GPS  -2267774.511  5009273.804  3221361.394
2025   1  32070 GPS  -2267828.151  5009354.512  3221362.979
2025   1  32100 GPS  -2267829.012  5009271.531  3221345.444
2025   1  32130 GPS  -2267799.725  5009237.932  3221310.094
2025   1  32160 GPS  -2267722.094  5009223.998  3221316.641
2025   1  32190 GPS  -2267754.848  5009201.622  3221310.490
2025   1  32220 GPS  -2267887.173  5009260.343  3221315.770
2025   1  32250 GPS  -2267817.252  5009280.239  3221344.256
2025   1  32280 GPS  -2267778.711  5009148.542  3221255.654
2025   1  32310 GPS  -2267752.915  5009201.575  3221333.477
2025   1  32340 GPS  -2267799.050  5009231.483  3221379.440
2025   1  32370 GPS  -2267721.181  5009275.413  3221408.690
2025   1  32400 GPS  -2267862.325  5009314.419  3221385.833
2025   1  32430 GPS  -2267792.874  5009213.858  3221323.403
2025   1  32460 GPS  -2267857.552  5009214.349  3221347.741
2025   1  32490 GPS  -2267856.319  5009175.565  3221315.512
2025   1  32520 GPS  -2267838.458  5009173.031  3221367.255
2025   1  32550 GPS  -2267885.212  5009272.178  3221383.147
2025   1  32580 GPS  -2267808.316  5009141.744  3221303.509
2025   1  32610 GPS  -2267720.726  5009158.751  3221332.910
2025   1  32640 GPS  -2267802.658  5009286.343  3221364.236
2025   1  32670 GPS  -2267774.781  5009294.693  3221404.622
2025   1  32700 GPS  -2267765.007  5009307.168  3221411.091
2025   1  32730 GPS  -2267754.150  5009169.324  3221361.840
2025   1  32760 GPS  -2267756.317  5009145.511  3221300.914
2025   1  32790 GPS  -2267741.168  5009325.307  3221374.862
2025   1  32820 GPS  -2267795.063  5009259.498  3221342.410
2025   1  32850 GPS  -2267754.824  5009306.304  3221348.204
2025   1  32880 GPS  -2267801.396  5009258.407  3221375.962
2025   1  32910 GPS  -2267819.375  5009285.822  3221395.896
2025   1  32940 GPS  -2267782.608  5009281.902  3221376.597
2025   1  32970 GPS  -2267747.126  5009216.003  3221348.969
2025   1  33000 GPS  -2267834.155  5009107.154  3221326.298
2025   1  33030 GPS  -2267873.710  5009168.940  3221319.556
2025   1  33060 GPS  -2267831.974  5009295.274  3221340.917
2025   1  33090 GPS  -2267743.538  5009229.745  3221336.905
2025   1  33120 GPS  -2267726.186  5009205.346  3221317.277
2025   1  33150 GPS  -2267807.216  5009173.011  3221352.725
2025   1  33180 GPS  -2267791.777  5009209.763  3221365.587
2025   1  33210 GPS  -2267842.735  5009181.830  3221332.627
2025   1  33240 GPS  -2267779.026  5009190.583  3221345.338
2025   1  33270 GPS  -2267733.098  5009073.701  3221305.740
2025   1  33300 GPS  -2267756.245  5009064.407  3221260.444
2025   1  33330 GPS  -2267742.671  5009076.057  3221321.652
2025   1  33360 GPS  -2267742.257  5009174.723  3221338.850
2025   1  33390 GPS  -2267787.602  5009277.575  3221354.224
2025   1  33420 GPS  -2267727.809  5009166.959  3221357.883
2025   1  33450 GPS  -2267769.314  5009137.991  3221326.976
2025   1  33480 GPS  -2267829.637  5009177.406  3221334.979
2025   1  33510 GPS  -2267772.096  5009295.797  3221378.920
2025   1  33540 GPS  -2267854.279  5009186.478  3221308.344
2025   1  33570 GPS  -2267776.474  5009148.538  3221279.369
2025   1  33600 GPS  -2267773.698  5009144.217  3221270.788
2025   1  33630 GPS  -2267852.556  5009228.799  3221337.283
2025   1  33660 GPS  -2267816.446  5009246.578  3221357.993
2025   1  33690 GPS  -2267833.440  5009229.958  3221359.988
2025   1  33720 GPS  -2267739.828  5009168.136  3221265.773
2025   1  33750 GPS  -2267779.283  5009130.881  3221292.662
2025   1  33780 GPS  -2267831.496  5009201.232  3221315.124
2025   1  33810 GPS  -2267810.677  5009143.380  3221278.366
2025   1  33840 GPS  -2267791.027  5009259.758  3221304.006
2025   1  33870 GPS  -2267786.255  5009185.732  3221304.573
2025   1  33900 GPS  -2267866.168  5009132.608  3221294.612
2025   1  33930 GPS  -2267882.552  5009202.119  3221356.365
2025   1  33960 GPS  -2267909.341  5009297.550  3221442.483
2025   1  33990 GPS  -2267869.593  5009188.031  3221337.164
2025   1  34020 GPS  -2267824.549  5009224.095  3221356.037
2025   1  34050 GPS  -2267833.603  5009215.804  3221370.835
2025   1  34080 GPS  -2267717.601  5009156.814  3221341.569
2025   1  34110 GPS  -2267779.804  5009145.690  3221332.930
2025   1  34140 GPS  -2267878.369  5009294.311  3221373.974
2025   1  34170 GPS  -2267796.633  5009291.192  3221340.354
2025   1  34200 GPS  -2267822.129  5009155.372  3221325.115
2025   1  34230 GPS  -2267818.586  5009330.821  3221374.080
2025   1  34260 GPS  -2267871.532  5009253.327  3221371.139
2025   1  34290 GPS  -2267813.882  5009251.575  3221394.306
2025   1  34320 GPS  -2267767.669  5009234.989  3221356.821
2025   1  34350 GPS  -2267858.647  5009455.790  3221486.883
2025   1  34380 GPS  -2267927.837  5009362.245  3221384.339
2025   1  34410 GPS  -2267905.165  5009354.688  3221419.919
2025   1  34440 GPS  -2267799.274  5009251.922  3221376.070
2025   1  34470 GPS  -2267813.560  5009238.519  3221351.113
2025   1  34500 GPS  -2267849.675  5009242.159  3221349.696
2025   1  34530 GPS  -2267828.993  5009091.904  3221309.261
2025   1  34560 GPS  -2267858.433  5009221.488  3221362.141
2025   1  34590 GPS  -2267791.936  5009112.090  3221281.257
2025   1  34620 GPS  -2267890.160  5009221.711  3221300.291
2025   1  34650 GPS  -2267903.965  5009161.283  3221308.297
2025   1  34680 GPS  -2267830.553  5009120.703  3221343.388
2025   1  34710 GPS  -2267855.418  5009190.211  3221363.122
2025   1  34740 GPS  -2267860.498  5009139.322  3221302.910
2025   1  34770 GPS  -2267903.943  5009033.996  3221268.287
2025   1  34800 GPS  -2267857.342  5009101.374  3221336.566
2025   1  34830 GPS  -2267821.028  5009160.523  3221357.293
2025   1  34860 GPS  -2267875.911  5009207.793  3221347.696
2025   1  34890 GPS  -2267854.114  5009171.993  3221326.587
2025   1  34920 GPS  -2267774.638  5009105.654  3221319.048
2025   1  34950 GPS  -2267764.603  5009058.716  3221288.625
2025   1  34980 GPS  -2267887.799  5009242.537  3221388.214
2025   1  35010 GPS  -2267804.387  5009254.275  3221384.344
2025   1  35040 GPS  -2267725.194  5009190.425  3221284.168
2025   1  35070 GPS  -2267854.724  5009082.480  3221239.625
2025   1  35100 GPS  -2267913.935  5009358.436  3221325.891
2025   1  35130 GPS  -2267863.918  5009262.471  3221329.360
2025   1  35160 GPS  -2267872.184  5009312.379  3221334.781
2025   1  35190 GPS  -2267799.197  5009170.330  3221326.479
2025   1  35220 GPS  -2267888.365  5009272.186  3221321.710
2025   1  35250 GPS  -2267831.034  5009262.872  3221344.633
2025   1  35280 GPS  -2267779.998  5009152.189  3221324.776
2025   1  35310 GPS  -2267817.301  5009201.213  3221362.830
2025   1  35340 GPS  -2267882.549  5009255.457  3221358.689
2025   1  35370 GPS  -2267896.979  5009354.932  3221428.117
2025   1  35400 GPS  -2267807.694  5009084.853  3221343.176
2025   1  35430 GPS  -2267837.021  5008991.386  3221288.749
2025   1  35460 GPS  -2267775.895  5009020.019  3221269.427
2025   1  35490 GPS  -2267860.145  5009200.183  3221330.818
2025   1  35520 GPS  -2267829.840  5009105.607  3221260.130
2025   1  35550 GPS  -2267789.497  5009236.389  3221322.861
2025   1  35580 GPS  -2267873.749  5009216.044  3221312.793
2025   1  35610 GPS  -2267851.228  5009194.655  3221335.482
2025   1  35640 GPS  -2267836.205  5009272.406  3221358.378
2025   1  35670 GPS  -2267852.201  5009153.060  3221322.320
2025   1  35700 GPS  -2267877.437  5009187.516  3221324.537
2025   1  35730 GPS  -2267926.205  5009232.437  3221326.779
2025   1  35760 GPS  -2267933.196  5009371.782  3221399.632
2025   1  35790 GPS  -2267937.339  5009268.399  3221374.153
2025   1  35820 GPS  -2267946.963  5009283.623  3221415.310
2025   1  35850 GPS  -2267873.561  5009269.646  3221382.625
2025   1  35880 GPS  -2267940.410  5009262.015  3221377.472
2025   1  35910 GPS  -2267852.586  5009237.951  3221340.840
2025   1  35940 GPS  -2267800.838  5009033.629  3221230.779
2025   1  35970 GPS  -2267863.436  5009267.849  3221306.903
2025   1  36000 GPS  -2267820.714  5009232.952  3221357.807
2025   1  36030 GPS  -2267767.182  5009054.268  3221285.225
2025   1  36060 GPS  -2267890.805  5009155.685  3221304.475
2025   1  36090 GPS  -2267882.483  5009111.970  3221334.785
2025   1  36120 GPS  -2267906.330  5009165.441  3221343.142
2025   1  36150 GPS  -2267871.292  5009206.991  3221344.911
2025   1  36180 GPS  -2267796.526  5009050.304  3221301.286
2025   1  36210 GPS  -2267840.962  5009188.156  3221311.094
2025   1  36240 GPS  -2268000.059  5009308.031  3221342.988
2025   1  36270 GPS  -2267905.629  5009121.745  3221314.843
2025   1  36300 GPS  -2267829.648  5009173.633  3221359.368
2025   1  36330 GPS  -2268005.991  5009293.889  3221397.328
2025   1  36360 GPS  -2268010.052  5009401.543  3221413.878
2025   1  36390 GPS  -2267811.520  5009165.689  3221313.770
2025   1  36420 GPS  -2267991.702  5009299.785  3221371.726
2025   1  36450 GPS  -2267962.533  5009203.652  3221347.372
2025   1  36480 GPS  -2267909.642  5009215.778  3221396.710
2025   1  36510 GPS  -2267954.409  5009203.879  3221398.429
2025   1  36540 GPS  -2267885.353  5009254.990  3221413.306
2025   1  36570 GPS  -2267796.804  5009103.674  3221359.777
2025   1  36600 GPS  -2267797.339  5009141.075  3221327.337
2025   1  36630 GPS  -2267821.819  5009183.679  3221328.867
2025   1  36660 GPS  -2267807.742  5009169.718  3221322.501
2025   1  36690 GPS  -2267772.196  5009108.312  3221325.806
2025   1  36720 GPS  -2267977.339  5009288.134  3221425.729
2025   1  36750 GPS  -2267875.949  5009234.228  3221374.320
2025   1  36780 GPS  -2267892.414  5009311.275  3221390.367
2025   1  36810 GPS  -2267969.907  5009419.874  3221442.067
2025   1  36840 GPS  -2267935.014  5009332.094  3221413.030
2025   1  36870 GPS  -2268040.642  5009354.229  3221416.756
2025   1  36900 GPS  -2267909.335  5009194.917  3221356.209
2025   1  36930 GPS  -2267906.528  5009302.755  3221409.003
2025   1  36960 GPS  -2267896.915  5009263.990  3221385.242
2025   1  36990 GPS  -2267869.235  5009246.120  3221390.875
2025   1  37020 GPS  -2267754.941  5009064.245  3221301.816
2025   1  37050 GPS  -2267781.446  5009123.903  3221309.688
2025   1  37080 GPS  -2267834.558  5009199.506  3221320.298
2025   1  37110 GPS  -2267702.000  5009010.333  3221223.490
2025   1  37140 GPS  -2267803.501  5009071.422  3221288.489
2025   1  37170 GPS  -2267784.511  5009137.560  3221318.367
2025   1  37200 GPS  -2267785.940  5009177.699  3221296.344
2025   1  37230 GPS  -2267974.464  5009273.242  3221319.888
2025   1  37260 GPS  -2267980.959  5009404.273  3221383.042
2025   1  37290 GPS  -2267770.836  5009139.419  3221239.833
2025   1  37320 GPS  -2267900.740  5009240.520  3221329.453
2025   1  37350 GPS  -2267952.042  5009241.475  3221347.308
2025   1  37380 GPS  -2267891.920  5009170.778  3221269.910
2025   1  37410 GPS  -2267890.330  5009076.104  3221266.296
2025   1  37440 GPS  -2267864.229  5009126.928  3221336.262
2025   1  37470 GPS  -2267920.050  5009166.665  3221316.348
2025   1  37500 GPS  -2267789.947  5009139.219  3221327.385
2025   1  37530 GPS  -2267732.088  5009059.302  3221293.068
2025   1  37560 GPS  -2267851.914  5009180.096  3221312.301
2025   1  37590 GPS  -2267889.554  5009151.704  3221302.999
2025   1  37620 GPS  -2267929.347  5009240.316  3221329.971
2025   1  37650 GPS  -2267918.366  5009222.758  3221320.603
2025   1  37680 GPS  -2268028.017  5009330.169  3221405.146
2025   1  37710 GPS  -2268005.291  5009241.401  3221350.049
2025   1  37740 GPS  -2267878.097  5009110.250  3221289.457
2025   1  37770 GPS  -2267936.855  5009271.789  3221353.904
2025   1  37800 GPS  -2267835.498  5009190.486  3221270.677
2025   1  37830 GPS  -2267821.993  5009209.563  3221316.679
2025   1  37860 GPS  -2267826.117  5009147.026  3221328.100
2025   1  37890 GPS  -2267829.511  5009144.960  3221318.585
2025   1  37920 GPS  -2267807.657  5009132.222  3221304.289
2025   1  37950 GPS  -2268036.853  5009330.015  3221432.333
2025   1  37980 GPS  -2267959.598  5009291.288  3221362.292
2025   1  38010 GPS  -2267857.437  5009275.394  3221360.959
2025   1  38040 GPS  -2267805.663  5009155.839  3221276.284
2025   1  38070 GPS  -2267839.322  5009094.983  3221246.477
2025   1  38100 GPS  -2267887.501  5009166.704  3221313.029
2025   1  38130 GPS  -2267764.619  5009088.639  3221254.222
2025   1  38160 GPS  -2267829.485  5009147.628  3221294.042
2025   1  38190 GPS  -2267789.094  5009084.990  3221269.878
2025   1  38220 GPS  -2267815.844  5009122.113  3221271.192
2025   1  38250 GPS  -2267915.484  5009153.456  3221313.319
2025   1  38280 GPS  -2267859.279  5009099.070  3221278.697
2025   1  38310 GPS  -2267956.345  5009205.638  3221305.087
2025   1  38340 GPS  -2267836.972  5009052.116  3221213.841
2025   1  38370 GPS  -2267941.515  5009292.392  3221330.326
2025   1  38400 GPS  -2267857.295  5009287.484  3221330.800
2025   1  38430 GPS  -2267827.673  5009167.913  3221297.451
2025   1  38460 GPS  -2267883.397  5009163.695  3221338.245
2025   1  38490 GPS  -2267822.718  5009127.896  3221323.369
2025   1  38520 GPS  -2267803.485  5009186.628  3221331.062
2025   1  38550 GPS  -2267757.368  5009177.324  3221309.130
2025   1  38580 GPS  -2267827.381  5009143.066  3221281.589
2025   1  38610 GPS  -2267929.281  5009213.393  3221359.254
2025   1  38640 GPS  -2267833.295  5009114.702  3221303.257
2025   1  38670 GPS  -2267834.229  5009151.085  3221286.719
2025   1  38700 GPS  -2267768.436  5009117.465  3221268.681
2025   1  38730 GPS  -2267736.174  5009146.181  3221279.387
2025   1  38760 GPS  -2267805.484  5009145.388  3221239.357
2025   1  38790 GPS  -2267749.749  5009022.569  3221229.419
2025   1  38820 GPS  -2267917.020  5009244.834  3221372.573
2025   1  38850 GPS  -2268188.744  5009368.836  3221472.900
2025   1  38880 GPS  -2267931.187  5009252.654  3221414.293
2025   1  38910 GPS  -2268150.350  5009362.530  3221446.958
2025   1  38940 GPS  -2268031.660  5009261.877  3221353.745
2025   1  38970 GPS  -2267951.861  5009223.556  3221339.025
2025   1  39000 GPS  -2268003.833  5009246.650  3221343.099
2025   1  39030 GPS  -2267961.629  5009279.874  3221348.807
2025   1  39060 GPS  -2267726.051  5009066.142  3221223.211
2025   1  39090 GPS  -2267841.711  5009127.192  3221288.874
2025   1  39120 GPS  -2267893.828  5009141.961  3221326.192
2025   1  39150 GPS  -2267810.139  5009118.094  3221312.858
2025   1  39180 GPS  -2267865.944  5009168.591  3221360.187
2025   1  39210 GPS  -2268058.690  5009342.548  3221456.099
2025   1  39240 GPS  -2267807.681  5009208.076  3221359.873
2025   1  39270 GPS  -2267808.532  5009166.916  3221343.955
2025   1  39300 GPS  -2268044.428  5009306.376  3221429.118
2025   1  39330 GPS  -2267788.026  5009111.164  3221259.376
2025   1  39360 GPS  -2267712.543  5009037.364  3221231.440
2025   1  39390 GPS  -2267767.168  5009085.596  3221280.143
2025   1  39420 GPS  -2267762.293  5009100.276  3221240.197
2025   1  39450 GPS  -2267698.649  5009031.335  3221207.047
2025   1  39480 GPS  -2267536.732  5008892.039  3221115.007
2025   1  39510 GPS  -2267968.820  5009209.604  3221319.995
2025   1  39540 GPS  -2267989.334  5009170.066  3221355.440
2025   1  39570 GPS  -2267993.978  5009214.812  3221331.245
2025   1  39600 GPS  -2267873.793  5009163.111  3221293.338
2025   1  39630 GPS  -2267996.482  5009307.274  3221380.860
2025   1  39660 GPS  -2268001.157  5009302.260  3221441.694
2025   1  39690 GPS  -2267799.785  5008993.367  3221270.152
2025   1  39720 GPS  -2267916.662  5009201.009  3221343.444
2025   1  39750 GPS  -2267952.463  5009147.161  3221321.242
2025   1  39780 GPS  -2267843.682  5009186.281  3221320.319
2025   1  39810 GPS  -2267903.083  5009171.820  3221331.240
2025   1  39840 GPS  -2267841.698  5009108.350  3221276.310
2025   1  39870 GPS  -2268002.829  5009250.738  3221357.732
2025   1  39900 GPS  -2267852.243  5009081.332  3221278.468
2025   1  39930 GPS  -2267881.690  5009130.656  3221297.334
2025   1  39960 GPS  -2267773.627  5009112.582  3221244.364
2025   1  39990 GPS  -2267791.815  5009038.175  3221229.177
2025   1  40020 GPS  -2267663.887  5008984.115  3221206.118
2025   1  40050 GPS  -2267876.265  5009122.072  3221312.090
2025   1  40080 GPS  -2267892.828  5009075.933  3221305.694
2025   1  40110 GPS  -2267811.778  5009098.986  3221298.232
2025   1  40140 GPS  -2267779.213  5009087.187  3221258.227
2025   1  40170 GPS  -2267885.782  5009114.103  3221300.533
2025   1  40200 GPS  -2267850.667  5009032.155  3221288.387
2025   1  40230 GPS  -2267818.842  5008986.967  3221250.059
2025   1  40260 GPS  -2267781.842  5009052.950  3221236.543
2025   1  40290 GPS  -2267717.122  5008983.440  3221212.825
2025   1  40320 GPS  -2267747.390  5008985.237  3221241.072
2025   1  40350 GPS  -2267818.005  5009022.362  3221283.968
2025   1  40380 GPS  -2267949.491  5009127.037  3221346.064
2025   1  40410 GPS  -2267853.385  5008998.193  3221290.650
2025   1  40440 GPS  -2267951.337  5009168.336  3221372.237
2025   1  40470 GPS  -2267935.326  5009199.016  3221354.560
2025   1  40500 GPS  -2267975.473  5009266.779  3221410.223
2025   1  40530 GPS  -2267903.541  5009171.734  3221352.604
2025   1  40560 GPS  -2268344.323  5009653.186  3221565.490
2025   1  40590 GPS  -2268210.590  5009501.358  3221492.605
2025   1  40620 GPS  -2267786.410  5009071.191  3221299.792
2025   1  40650 GPS  -2267871.428  5009069.271  3221311.053
2025   1  40680 GPS  -2268016.576  5009279.510  3221399.964
2025   1  40710 GPS  -2267840.351  5009132.461  3221325.379
2025   1  40740 GPS  -2267776.482  5009075.202  3221301.400
2025   1  40770 GPS  -2267842.710  5009106.681  3221272.338
2025   1  40800 GPS  -2267781.188  5009096.776  3221262.834
2025   1  40830 GPS  -2267918.503  5009230.154  3221318.908
2025   1  40860 GPS  -2267762.353  5009079.016  3221269.890
2025   1  40890 GPS  -2267701.904  5008926.356  3221224.831
2025   1  40920 GPS  -2267846.998  5009049.612  3221250.936
2025   1  40950 GPS  -2267738.808  5009110.567  3221251.667
2025   1  40980 GPS  -2267721.331  5009050.354  3221244.964
2025   1  41010 GPS  -2267822.745  5009141.901  3221294.047
2025   1  41040 GPS  -2267813.673  5009136.085  3221272.265
2025   1  41070 GPS  -2267775.919  5009053.021  3221249.251
2025   1  41100 GPS  -2267836.232  5009044.914  3221253.184
2025   1  41130 GPS  -2267816.396  5009124.232  3221280.252
2025   1  41160 GPS  -2267744.611  5009076.781  3221247.205
2025   1  41190 GPS  -2267746.641  5009072.736  3221237.292
2025   1  41220 GPS  -2267715.303  5008953.953  3221233.736
2025   1  41250 GPS  -2267755.761  5009034.007  3221246.542
2025   1  41280 GPS  -2267778.485  5009042.694  3221252.315
2025   1  41310 GPS  -2267705.121  5008951.185  3221252.171
2025   1  41340 GPS  -2267796.285  5009014.490  3221276.601
2025   1  41370 GPS  -2267654.489  5008997.627  3221225.290
2025   1  41400 GPS  -2267674.311  5009002.418  3221184.302
2025   1  41430 GPS  -2267714.880  5008945.728  3221172.283
2025   1  41460 GPS  -2267730.828  5008983.183  3221239.687
2025   1  41490 GPS  -2267785.154  5009111.938  3221255.092
2025   1  41520 GPS  -2267661.162  5008995.193  3221225.335
2025   1  41550 GPS  -2267808.077  5009070.288  3221248.714
2025   1  41580 GPS  -2267713.220  5008962.324  3221224.404
2025   1  41610 GPS  -2267686.192  5009011.528  3221234.920
2025   1  41640 GPS  -2267709.162  5009053.604  3221270.876
2025   1  41670 GPS  -2267670.801  5008908.429  3221238.419
2025   1  41700 GPS  -2267739.013  5008978.799  3221258.620
2025   1  41730 GPS  -2267733.611  5009082.560  3221299.903
2025   1  41760 GPS  -2267660.932  5008993.325  3221261.313
2025   1  41790 GPS  -2267699.010  5008999.623  3221263.561
2025   1  41820 GPS  -2267717.677  5009070.801  3221244.087
2025   1  41850 GPS  -2267692.710  5009098.512  3221302.509
2025   1  41880 GPS  -2267696.935  5009054.777  3221299.482
2025   1  41910 GPS  -2267686.788  5009104.559  3221296.143
2025   1  41940 GPS  -2267751.146  5009114.880  3221289.945
2025   1  41970 GPS  -2267741.590  5009175.579  3221327.251
2025   1  42000 GPS  -2267631.377  5009029.936  3221268.329
2025   1  42030 GPS  -2267676.715  5009072.526  3221247.520
2025   1  42060 GPS  -2267797.305  5009070.789  3221267.826
2025   1  42090 GPS  -2267714.216  5009033.261  3221283.815
2025   1  42120 GPS  -2267749.403  5009008.991  3221261.639
2025   1  42150 GPS  -2267685.736  5009078.921  3221312.493
2025   1  42180 GPS  -2267743.994  5009036.543  3221255.693
2025   1  42210 GPS  -2267722.348  5009020.811  3221250.503
2025   1  42240 GPS  -2267738.758  5009073.110  3221258.820
2025   1  42270 GPS  -2267652.223  5009014.200  3221237.948
2025   1  42300 GPS  -2267704.657  5008946.651  3221224.930
2025   1  42330 GPS  -2267720.382  5009038.923  3221313.001
2025   1  42360 GPS  -2267665.805  5009086.874  3221282.409
2025   1  42390 GPS  -2267750.114  5009109.495  3221285.392
2025   1  42420 GPS  -2267668.416  5009019.903  3221244.179
2025   1  42450 GPS  -2267679.961  5009019.115  3221280.229
2025   1  42480 GPS  -2267712.579  5009019.402  3221269.340
2025   1  42510 GPS  -2267748.304  5009035.069  3221329.330
2025   1  42540 GPS  -2267678.135  5009009.316  3221256.178
2025   1  42570 GPS  -2267766.085  5009057.458  3221347.181
2025   1  42600 GPS  -2267832.732  5009133.581  3221316.413
2025   1  42630 GPS  -2267834.010  5009160.482  3221319.045
2025   1  42660 GPS  -2267779.752  5009086.522  3221331.282
2025   1  42690 GPS  -2267767.970  5009135.973  3221314.612
2025   1  42720 GPS  -2267788.446  5009084.519  3221299.918
2025   1  42750 GPS  -2267742.424  5009105.213  3221324.295
2025   1  42780 GPS  -2267703.830  5009020.887  3221289.706
2025   1  42810 GPS  -2267773.655  5009048.917  3221302.669
2025   1  42840 GPS  -2267719.347  5009032.801  3221289.960
2025   1  42870 GPS  -2267784.421  5009078.131  3221292.679
2025   1  42900 GPS  -2267761.580  5009101.667  3221282.895
2025   1  42930 GPS  -2267753.706  5009142.245  3221311.901
2025   1  42960 GPS  -2267786.610  5009205.951  3221367.594
2025   1  42990 GPS  -2267793.395  5009156.852  3221369.281
2025   1  43020 GPS  -2267803.083  5009143.347  3221328.870
2025   1  43050 GPS  -2267753.677  5009131.653  3221341.976
2025   1  43080 GPS  -2267825.721  5009193.092  3221346.446
2025   1  43110 GPS  -2267781.128  5009023.838  3221314.760
2025   1  43140 GPS  -2267747.369  5009115.274  3221302.012
2025   1  43170 GPS  -2267701.428  5009021.946  3221291.034
2025   1  43200 GPS  -2267744.553  5009019.355  3221324.079
2025   1  43230 GPS  -2267737.365  5009008.759  3221334.217
2025   1  43260 GPS  -2267758.141  5009015.313  3221351.453
2025   1  43290 GPS  -2267721.918  5009037.121  3221315.965
2025   1  43320 GPS  -2267734.819  5009107.932  3221370.397
2025   1  43350 GPS  -2267747.317  5009108.964  3221365.832
2025   1  43380 GPS  -2267783.494  5008982.443  3221312.537
2025   1  43410 GPS  -2267731.198  5009074.797  3221294.611
2025   1  43440 GPS  -2267740.199  5009085.071  3221299.655
2025   1  43470 GPS  -2267758.568  5009009.708  3221291.104
2025   1  43500 GPS  -2267787.242  5009072.131  3221335.646
2025   1  43530 GPS  -2267769.978  5009069.816  3221326.720
2025   1  43560 GPS  -2267733.663  5009043.945  3221285.660
2025   1  43590 GPS  -2267737.962  5009078.305  3221329.243
2025   1  43620 GPS  -2267772.932  5009136.691  3221314.230
2025   1  43650 GPS  -2267754.072  5009096.216  3221314.155
2025   1  43680 GPS  -2267750.705  5009122.515  3221296.580
2025   1  43710 GPS  -2267741.633  5009075.609  3221314.348
2025   1  43740 GPS  -2267781.119  5009064.493  3221334.518
2025   1  43770 GPS  -2267758.509  5009075.780  3221340.633
2025   1  43800 GPS  -2267746.251  5009057.230  3221311.042
2025   1  43830 GPS  -2267837.459  5009180.592  3221367.772
2025   1  43860 GPS  -2267800.070  5009140.910  3221306.116
2025   1  43890 GPS  -2267797.880  5009205.612  3221339.226
2025   1  43920 GPS  -2267790.011  5009142.212  3221325.266
2025   1  43950 GPS  -2267748.594  5009097.411  3221327.689
2025   1  43980 GPS  -2267764.221  5009046.992  3221316.288
2025   1  44010 GPS  -2267761.327  5009104.930  3221333.917
2025   1  44040 GPS  -2267787.966  5009082.231  3221292.629
2025   1  44070 GPS  -2267777.355  5009036.714  3221298.230
2025   1  44100 GPS  -2267757.931  5009131.253  3221334.468
2025   1  44130 GPS  -2267771.790  5009080.441  3221312.039
2025   1  44160 GPS  -2267752.919  5009061.322  3221348.299
2025   1  44190 GPS  -2267810.892  5009258.072  3221352.855
2025   1  44220 GPS  -2267831.880  5009215.758  3221364.983
2025   1  44250 GPS  -2267813.407  5009216.647  3221383.527
2025   1  44280 GPS  -2267856.828  5009288.320  3221422.553
2025   1  44310 GPS  -2267842.881  5009210.770  3221395.948
2025   1  44340 GPS  -2267783.656  5009135.096  3221341.322
2025   1  44370 GPS  -2267769.787  5009116.144  3221365.948
2025   1  44400 GPS  -2267813.012  5009110.062  3221344.664
2025   1  44430 GPS  -2267846.855  5009142.533  3221350.848
2025   1  44460 GPS  -2267824.693  5009249.484  3221432.474
2025   1  44490 GPS  -2267837.285  5009249.380  3221353.927
2025   1  44520 GPS  -2267707.523  5008979.597  3221268.485
2025   1  44550 GPS  -2267774.734  5009078.507  3221320.461
2025   1  44580 GPS  -2267781.528  5009101.912  3221332.967
2025   1  44610 GPS  -2267729.792  5009045.470  3221288.686
2025   1  44640 GPS  -2267778.980  5009024.708  3221315.146
2025   1  44670 GPS  -2267796.715  5009155.607  3221390.389
2025   1  44700 GPS  -2267720.283  5009025.300  3221301.681
2025   1  44730 GPS  -2267742.909  5009099.124  3221322.702
2025   1  44760 GPS  -2267725.191  5009023.839  3221218.835
2025   1  44790 GPS  -2267727.264  5009064.483  3221331.373
2025   1  44820 GPS  -2267768.819  5009123.038  3221331.725
2025   1  44850 GPS  -2267748.171  5009045.904  3221298.896
2025   1  44880 GPS  -2267725.259  5009073.396  3221270.660
2025   1  44910 GPS  -2267747.890  5009150.503  3221321.739
2025   1  44940 GPS  -2267769.968  5009040.136  3221323.219
2025   1  44970 GPS  -2267715.481  5009034.412  3221286.073
2025   1  45000 GPS  -2267753.826  5009108.721  3221283.727
2025   1  45030 GPS  -2267724.731  5009115.773  3221294.830
2025   1  45060 GPS  -2267747.491  5009092.755  3221301.604
2025   1  45090 GPS  -2267771.324  5009134.460  3221268.364
2025   1  45120 GPS  -2267822.460  5009248.697  3221330.836
2025   1  45150 GPS  -2267793.901  5009269.058  3221339.407
2025   1  45180 GPS  -2267801.280  5009280.739  3221378.073
2025   1  45210 GPS  -2267835.157  5009372.179  3221420.785
2025   1  45240 GPS  -2267786.557  5009310.793  3221360.329
2025   1  45270 GPS  -2267800.866  5009231.401  3221337.172
2025   1  45300 GPS  -2267799.131  5009166.583  3221308.865
2025   1  45330 GPS  -2267764.368  5009167.769  3221310.820
2025   1  45360 GPS  -2267779.403  5009226.647  3221336.267
2025   1  45390 GPS  -2267820.535  5009233.205  3221371.067
2025   1  45420 GPS  -2267821.476  5009164.942  3221335.353
2025   1  45450 GPS  -2267804.431  5009147.612  3221349.315
2025   1  45480 GPS  -2267823.354  5009167.075  3221346.444
2025   1  45510 GPS  -2267780.163  5009163.452  3221408.461
2025   1  45540 GPS  -2267787.253  5009147.192  3221309.233
2025   1  45570 GPS  -2267780.070  5009101.607  3221371.484
2025   1  45600 GPS  -2267761.628  5009133.788  3221355.128
2025   1  45630 GPS  -2267778.956  5009058.436  3221307.837
2025   1  45660 GPS  -2267744.407  5009057.547  3221301.360
2025   1  45690 GPS  -2267779.105  5009151.812  3221371.101
2025   1  45720 GPS  -2267805.868  5009136.701  3221364.011
2025   1  45750 GPS  -2267784.771  5009098.938  3221345.248
2025   1  45780 GPS  -2267741.980  5009119.188  3221323.538
2025   1  45810 GPS  -2267766.448  5009134.398  3221283.848
2025   1  45840 GPS  -2267789.628  5009160.107  3221343.330
2025   1  45870 GPS  -2267785.434  5009181.213  3221333.506
2025   1  45900 GPS  -2267758.047  5009123.840  3221340.285
2025   1  45930 GPS  -2267801.360  5009188.977  3221336.527
2025   1  45960 GPS  -2267767.496  5009114.534  3221272.206
2025   1  45990 GPS  -2267682.776  5008884.356  3221215.794
2025   1  46020 GPS  -2267732.677  5008982.008  3221255.567
2025   1  46050 GPS  -2267726.859  5009144.826  3221317.833
2025   1  46080 GPS  -2267766.099  5009133.214  3221356.108
2025   1  46110 GPS  -2267728.919  5009113.237  3221332.793
2025   1  46140 GPS  -2267771.500  5009221.975  3221357.051
2025   1  46170 GPS  -2267743.831  5009172.637  3221347.804
2025   1  46200 GPS  -2267751.553  5009121.748  3221327.707
2025   1  46230 GPS  -2267745.346  5009070.323  3221281.398
2025   1  46260 GPS  -2267732.111  5009096.977  3221302.986
2025   1  46290 GPS  -2267758.479  5009148.342  3221346.557
2025   1  46320 GPS  -2267803.724  5009150.226  3221346.096
2025   1  46350 GPS  -2267798.063  5009167.626  3221328.550
2025   1  46380 GPS  -2267728.896  5009128.948  3221283.298
2025   1  46410 GPS  -2267731.905  5009090.926  3221332.198
2025   1  46440 GPS  -2267781.146  5009143.891  3221321.325
2025   1  46470 GPS  -2267845.711  5009268.080  3221336.491
2025   1  46500 GPS  -2267753.760  5009139.469  3221334.412
2025   1  46530 GPS  -2267736.991  5009245.059  3221326.266
2025   1  46560 GPS  -2267770.615  5009169.980  3221411.627
2025   1  46590 GPS  -2267726.560  5009107.261  3221310.486
2025   1  46620 GPS  -2267780.790  5009261.898  3221327.803
2025   1  46650 GPS  -2267790.433  5009163.746  3221277.961
2025   1  46680 GPS  -2267801.478  5009170.074  3221321.746
2025   1  46710 GPS  -2267804.595  5009212.300  3221425.893
2025   1  46740 GPS  -2267797.033  5009193.969  3221379.574
2025   1  46770 GPS  -2267705.074  5009080.110  3221254.126
2025   1  46800 GPS  -2267763.657  5009128.528  3221231.647
2025   1  46830 GPS  -2267763.125  5009037.652  3221261.430
2025   1  46860 GPS  -2267804.211  5009108.805  3221267.653
2025   1  46890 GPS  -2267810.446  5009114.786  3221306.381
2025   1  46920 GPS  -2267764.505  5009034.274  3221275.982
2025   1  46950 GPS  -2267765.329  5009188.257  3221376.395
2025   1  46980 GPS  -2267776.172  5009207.199  3221368.206
2025   1  47010 GPS  -2267773.255  5009156.983  3221347.994
2025   1  47040 GPS  -2267757.959  5009158.267  3221291.245
2025   1  47070 GPS  -2267751.527  5009207.052  3221320.646
2025   1  47100 GPS  -2267818.396  5009208.072  3221373.092
2025   1  47130 GPS  -2267775.060  5009273.298  3221358.046
2025   1  47160 GPS  -2267744.388  5009214.283  3221306.542
2025   1  47190 GPS  -2267737.443  5009164.645  3221339.329
2025   1  47220 GPS  -2267792.902  5009173.543  3221339.433
2025   1  47250 GPS  -2267802.889  5009235.167  3221365.824
2025   1  47280 GPS  -2267732.707  5009164.138  3221306.744
2025   1  47310 GPS  -2267823.886  5009191.497  3221364.713
2025   1  47340 GPS  -2267792.414  5009178.343  3221329.607
2025   1  47370 GPS  -2267780.759  5009153.852  3221330.786
2025   1  47400 GPS  -2267747.112  5009214.774  3221351.826
2025   1  47430 GPS  -2267785.770  5009191.549  3221306.173
2025   1  47460 GPS  -2267829.139  5009258.695  3221337.892
2025   1  47490 GPS  -2267788.897  5009205.635  3221356.781
2025   1  47520 GPS  -2267766.068  5009079.796  3221289.516
2025   1  47550 GPS  -2267747.984  5009088.459  3221284.401
2025   1  47580 GPS  -2267814.882  5009199.593  3221331.207
2025   1  47610 GPS  -2267799.993  5009226.650  3221358.521
2025   1  47640 GPS  -2267767.444  5009199.761  3221392.117
2025   1  47670 GPS  -2267870.646  5009299.093  3221387.598
2025   1  47700 GPS  -2267782.539  5009167.925  3221332.694
2025   1  47730 GPS  -2267742.763  5009161.509  3221313.385
2025   1  47760 GPS  -2267810.860  5009201.181  3221293.197
2025   1  47790 GPS  -2267828.730  5009168.393  3221359.184
2025   1  47820 GPS  -2267801.410  5009215.276  3221337.336
2025   1  47850 GPS  -2267793.252  5009161.851  3221354.088
2025   1  47880 GPS  -2267729.466  5008969.331  3221266.340
2025   1  47910 GPS  -2267712.697  5009035.733  3221214.192
2025   1  47940 GPS  -2267777.422  5009114.888  3221270.628
2025   1  47970 GPS  -2267809.172  5009067.703  3221292.153
2025   1  48000 GPS  -2267836.547  5009107.390  3221356.926
2025   1  48030 GPS  -2267777.686  5009067.328  3221305.033
2025   1  48060 GPS  -2267793.191  5009064.449  3221342.316
2025   1  48090 GPS  -2267783.384  5009120.820  3221297.532
2025   1  48120 GPS  -2267704.315  5008984.586  3221225.027
2025   1  48150 GPS  -2267766.379  5009052.834  3221303.145
2025   1  48180 GPS  -2267783.830  5009162.004  3221352.190
2025   1  48210 GPS  -2267757.221  5009211.106  3221346.173
2025   1  48240 GPS  -2267750.625  5009151.616  3221275.682
2025   1  48270 GPS  -2267801.238  5009222.900  3221286.420
2025   1  48300 GPS  -2267764.828  5009145.626  3221314.110
2025   1  48330 GPS  -2267729.215  5009188.033  3221300.912
2025   1  48360 GPS  -2267768.250  5009168.761  3221284.642
2025   1  48390 GPS  -2267768.518  5009237.601  3221300.471
2025   1  48420 GPS  -2267746.648  5009199.441  3221322.879
2025   1  48450 GPS  -2267792.519  5009295.914  3221345.464
2025   1  48480 GPS  -2267753.197  5009190.098  3221272.466
2025   1  48510 GPS  -2267774.672  5009191.100  3221288.606
2025   1  48540 GPS  -2267736.340  5009179.741  3221305.729
2025   1  48570 GPS  -2267827.536  5009311.443  3221394.112
2025   1  48600 GPS  -2267806.423  5009275.011  3221334.484
2025   1  48630 GPS  -2267789.178  5009237.547  3221326.764
2025   1  48660 GPS  -2267778.591  5009195.197  3221338.931
2025   1  48690 GPS  -2267771.599  5009221.477  3221328.576
2025   1  48720 GPS  -2267694.560  5009125.859  3221218.761
2025   1  48750 GPS  -2267754.383  5009153.186  3221268.620
2025   1  48780 GPS  -2267781.133  5009192.086  3221345.747
2025   1  48810 GPS  -2267755.064  5009123.216  3221233.331
2025   1  48840 GPS  -2267772.241  5009151.339  3221254.599
2025   1  48870 GPS  -2267746.196  5009131.152  3221322.264
2025   1  48900 GPS  -2267687.015  5009086.540  3221264.255
2025   1  48930 GPS  -2267711.542  5009109.942  3221223.462
2025   1  48960 GPS  -2267719.633  5009087.139  3221259.798
2025   1  48990 GPS  -2267753.395  5009140.205  3221337.208
2025   1  49020 GPS  -2267767.951  5009192.034  3221289.177
2025   1  49050 GPS  -2267771.266  5009118.611  3221219.904
2025   1  49080 GPS  -2267739.048  5009100.366  3221245.184
2025   1  49110 GPS  -2267738.049  5009144.795  3221307.977
2025   1  49140 GPS  -2267715.568  5009059.413  3221267.703
2025   1  49170 GPS  -2267739.854  5009171.043  3221295.100
2025   1  49200 GPS  -2267776.636  5009255.126  3221303.628
2025   1  49230 GPS  -2267773.480  5009299.145  3221315.645
2025   1  49260 GPS  -2267676.128  5009107.367  3221281.786
2025   1  49290 GPS  -2267759.862  5009146.993  3221327.308
2025   1  49320 GPS  -2267846.231  5009160.825  3221300.871
2025   1  49350 GPS  -2267771.146  5009084.588  3221311.435
2025   1  49380 GPS  -2267713.937  5009095.383  3221311.406
2025   1  49410 GPS  -2267764.221  5009143.428  3221380.662
2025   1  49440 GPS  -2267733.692  5009109.458  3221258.576
2025   1  49470 GPS  -2267737.098  5009200.345  3221255.702
2025   1  49500 GPS  -2267837.296  5009286.238  3221324.825
2025   1  49530 GPS  -2267844.526  5009262.686  3221317.039
2025   1  49560 GPS  -2267863.164  5009277.190  3221304.725
2025   1  49590 GPS  -2267862.391  5009325.014  3221367.250
2025   1  49620 GPS  -2267819.372  5009317.847  3221345.503
2025   1  49650 GPS  -2267823.030  5009202.950  3221322.282
2025   1  49680 GPS  -2267751.143  5009222.196  3221359.824
2025   1  49710 GPS  -2267726.378  5009157.162  3221283.032
2025   1  49740 GPS  -2267769.371  5009194.257  3221304.645
2025   1  49770 GPS  -2267649.709  5009118.877  3221288.689
2025   1  49800 GPS  -2267750.155  5009140.361  3221312.391
2025   1  49830 GPS  -2267737.487  5009192.020  3221295.358
2025   1  49860 GPS  -2267712.279  5009178.425  3221288.781
2025   1  49890 GPS  -2267714.896  5009141.191  3221302.862
2025   1  49920 GPS  -2267749.318  5009111.743  3221272.722
2025   1  49950 GPS  -2267740.915  5009178.139  3221320.466
2025   1  49980 GPS  -2267793.955  5009129.895  3221260.787
2025   1  50010 GPS  -2267814.036  5009155.207  3221265.295
2025   1  50040 GPS  -2267837.167  5009273.958  3221387.184
2025   1  50070 GPS  -2267774.692  5009182.318  3221314.616
2025   1  50100 GPS  -2267793.458  5009197.124  3221380.067
2025   1  50130 GPS  -2267741.477  5009212.889  3221362.537
2025   1  50160 GPS  -2267820.054  5009104.419  3221319.508
2025   1  50190 GPS  -2267777.104  5009108.118  3221295.385
2025   1  50220 GPS  -2267771.021  5009191.961  3221376.652
2025   1  50250 GPS  -2267711.907  5009094.607  3221324.081
2025   1  50280 GPS  -2267733.615  5009137.713  3221357.282
2025   1  50310 GPS  -2267779.564  5009069.583  3221360.184
2025   1  50340 GPS  -2267758.974  5009144.966  3221355.512
2025   1  50370 GPS  -2267798.390  5009139.447  3221297.394
2025   1  50400 GPS  -2267767.069  5009089.646  3221286.183
2025   1  50430 GPS  -2267767.185  5009278.578  3221376.432
2025   1  50460 GPS  -2267752.462  5009139.246  3221312.448
2025   1  50490 GPS  -2267737.762  5009226.726  3221282.477
2025   1  50520 GPS  -2267791.061  5009232.574  3221407.903
2025   1  50550 GPS  -2267794.451  5009159.630  3221345.943
2025   1  50580 GPS  -2267772.954  5009290.590  3221368.925
2025   1  50610 GPS  -2267809.307  5009234.952  3221337.291
2025   1  50640 GPS  -2267801.955  5009133.068  3221301.865
2025   1  50670 GPS  -2267793.876  5009205.238  3221353.340
2025   1  50700 GPS  -2267757.835  5009133.253  3221358.963
2025   1  50730 GPS  -2267757.252  5009265.926  3221411.040
2025   1  50760 GPS  -2267796.939  5009229.330  3221363.833
2025   1  50790 GPS  -2267774.589  5009189.182  3221355.086
2025   1  50820 GPS  -2267747.253  5009164.822  3221354.854
2025   1  50850 GPS  -2267724.479  5009149.991  3221360.810
2025   1  50880 GPS  -2267772.626  5009153.575  3221333.927
2025   1  50910 GPS  -2267800.856  5009123.918  3221327.311
2025   1  50940 GPS  -2267750.185  5009099.897  3221267.545
2025   1  50970 GPS  -2267770.259  5009163.146  3221307.646
2025   1  51000 GPS  -2267743.899  5009241.526  3221325.493
2025   1  51030 GPS  -2267766.172  5009177.079  3221329.563
2025   1  51060 GPS  -2267772.498  5009262.504  3221341.016
2025   1  51090 GPS  -2267789.396  5009231.029  3221303.953
2025   1  51120 GPS  -2267755.356  5009172.405  3221294.412
2025   1  51150 GPS  -2267796.549  5009167.510  3221302.091
2025   1  51180 GPS  -2267776.263  5009150.539  3221324.603
2025   1  51210 GPS  -2267776.962  5009142.213  3221309.270
2025   1  51240 GPS  -2267763.905  5009178.395  3221287.821
2025   1  51270 GPS  -2267814.997  5009196.478  3221329.932
2025   1  51300 GPS  -2267793.857  5009182.283  3221361.164
2025   1  51330 GPS  -2267760.213  5009191.572  3221326.720
2025   1  51360 GPS  -2267760.455  5009188.556  3221348.222
2025   1  51390 GPS  -2267829.596  5009261.384  3221355.519
2025   1  51420 GPS  -2267757.450  5009219.019  3221362.683
2025   1  51450 GPS  -2267844.369  5009246.806  3221358.717
2025   1  51480 GPS  -2267755.457  5009169.679  3221322.597
2025   1  51510 GPS  -2267758.465  5009129.353  3221319.155
2025   1  51540 GPS  -2267826.559  5009221.939  3221349.128
2025   1  51570 GPS  -2267783.787  5009212.581  3221305.888
2025   1  51600 GPS  -2267778.332  5009237.521  3221343.330
2025   1  51630 GPS  -2267745.232  5009135.226  3221274.603
2025   1  51660 GPS  -2267747.393  5009174.240  3221260.353
2025   1  51690 GPS  -2267723.803  5009160.050  3221338.322
2025   1  51720 GPS  -2267719.209  5009096.413  3221299.901
2025   1  51750 GPS  -2267702.727  5009095.626  3221276.343
2025   1  51780 GPS  -2267735.053  5009082.095  3221307.233
2025   1  51810 GPS  -2267732.461  5009071.251  3221239.250
2025   1  51840 GPS  -2267677.713  5008987.700  3221243.950
2025   1  51870 GPS  -2267699.354  5009086.053  3221265.392
2025   1  51900 GPS  -2267744.545  5009141.938  3221287.395
2025   1  51930 GPS  -2267709.751  5009137.032  3221286.737
2025   1  51960 GPS  -2267742.403  5009163.593  3221268.834
2025   1  51990 GPS  -2267719.851  5009168.141  3221258.800
2025   1  52020 GPS  -2267685.813  5009174.127  3221311.648
2025   1  52050 GPS  -2267711.172  5009189.407  3221352.199
2025   1  52080 GPS  -2267739.131  5009195.818  3221358.464
2025   1  52110 GPS  -2267765.803  5009175.023  3221324.311
2025   1  52140 GPS  -2267684.111  5009109.912  3221294.954
2025   1  52170 GPS  -2267694.239  5009090.017  3221214.632
2025   1  52200 GPS  -2267691.561  5009134.342  3221303.477
2025   1  52230 GPS  -2267753.814  5009153.281  3221320.443
2025   1  52260 GPS  -2267721.181  5009149.708  3221302.353
2025   1  52290 GPS  -2267713.545  5009158.266  3221315.964
2025   1  52320 GPS  -2267703.578  5009137.595  3221255.397
2025   1  52350 GPS  -2267720.181  5009144.050  3221276.235
2025   1  52380 GPS  -2267712.096  5009158.448  3221311.371
2025   1  52410 GPS  -2267743.934  5009155.213  3221319.230
2025   1  52440 GPS  -2267737.563  5009169.310  3221337.299
2025   1  52470 GPS  -2267696.028  5009086.644  3221311.968
2025   1  52500 GPS  -2267700.734  5009122.634  3221273.901
2025   1  52530 GPS  -2267732.459  5009172.850  3221292.347
2025   1  52560 GPS  -2267773.706  5009200.913  3221315.363
2025   1  52590 GPS  -2267774.656  5009097.362  3221275.146
2025   1  52620 GPS  -2267760.114  5009120.273  3221286.934
2025   1  52650 GPS  -2267754.935  5009082.598  3221309.756
2025   1  52680 GPS  -2267703.980  5009116.656  3221285.353
2025   1  52710 GPS  -2267769.059  5009229.042  3221374.572
2025   1  52740 GPS  -2267707.290  5009128.999  3221319.018
2025   1  52770 GPS  -2267756.689  5009094.878  3221301.917
2025   1  52800 GPS  -2267786.767  5009163.408  3221319.805
2025   1  52830 GPS  -2267742.937  5009103.410  3221287.451
2025   1  52860 GPS  -2267791.762  5009125.927  3221326.222
2025   1  52890 GPS  -2267765.542  5009115.191  3221352.154
2025   1  52920 GPS  -2267748.480  5009216.835  3221413.144
2025   1  52950 GPS  -2267711.444  5009154.925  3221314.210
2025   1  52980 GPS  -2267755.504  5009288.557  3221414.089
2025   1  53010 GPS  -2267762.531  5009226.996  3221359.200
2025   1  53040 GPS  -2267750.129  5009256.581  3221387.649
2025   1  53070 GPS  -2267730.306  5009216.267  3221387.126
2025   1  53100 GPS  -2267746.496  5009207.934  3221385.873
2025   1  53130 GPS  -2267790.569  5009214.801  3221436.455
2025   1  53160 GPS  -2267796.790  5009267.514  3221353.289
2025   1  53190 GPS  -2267744.660  5009171.389  3221405.758
2025   1  53220 GPS  -2267725.994  5009169.339  3221324.967
2025   1  53250 GPS  -2267788.810  5009227.332  3221424.193
2025   1  53280 GPS  -2267695.797  5009110.402  3221324.013
2025   1  53310 GPS  -2267748.090  5009233.453  3221376.359
2025   1  53340 GPS  -2267741.579  5009187.645  3221362.461
2025   1  53370 GPS  -2267731.116  5009166.106  3221306.975
2025   1  53400 GPS  -2267683.876  5009125.917  3221284.908
2025   1  53430 GPS  -2267744.821  5009176.751  3221340.831
2025   1  53460 GPS  -2267734.225  5009131.042  3221286.524
2025   1  53490 GPS  -2267618.865  5009073.433  3221274.790
2025   1  53520 GPS  -2267657.554  5009101.795  3221295.926
2025   1  53550 GPS  -2267736.089  5009197.428  3221382.630
2025   1  53580 GPS  -2267731.018  5009129.770  3221285.797
2025   1  53610 GPS  -2267727.199  5009067.922  3221258.516
2025   1  53640 GPS  -2267730.828  5009084.139  3221235.693
2025   1  53670 GPS  -2267651.385  5009036.988  3221239.135
2025   1  53700 GPS  -2267719.112  5009121.312  3221280.110
2025   1  53730 GPS  -2267707.372  5009102.806  3221219.540
2025   1  53760 GPS  -2267642.258  5009042.880  3221225.722
2025   1  53790 GPS  -2267720.881  5009075.883  3221239.937
2025   1  53820 GPS  -2267739.434  5009161.898  3221368.122
2025   1  53850 GPS  -2267696.886  5009105.873  3221332.929
2025   1  53880 GPS  -2267673.108  5009075.597  3221283.115
2025   1  53910 GPS  -2267745.208  5009108.677  3221297.406
2025   1  53940 GPS  -2267704.655  5009053.710  3221289.722
2025   1  53970 GPS  -2267734.108  5009093.531  3221301.362
2025   1  54000 GPS  -2267741.306  5009116.137  3221341.058
2025   1  54030 GPS  -2267745.099  5009131.181  3221335.214
2025   1  54060 GPS  -2267785.299  5009133.865  3221281.848
2025   1  54090 GPS  -2267759.905  5009060.704  3221286.011
2025   1  54120 GPS  -2267777.113  5009139.717  3221350.358
2025   1  54150 GPS  -2267747.041  5009136.148  3221335.880
2025   1  54180 GPS  -2267699.130  5009085.181  3221280.566
2025   1  54210 GPS  -2267827.656  5009197.273  3221314.589
2025   1  54240 GPS  -2267769.595  5009184.816  3221333.523
2025   1  54270 GPS  -2267698.728  5009153.216  3221295.015
2025   1  54300 GPS  -2267647.965  5009039.648  3221215.634
2025   1  54330 GPS  -2267684.441  5009064.421  3221228.430
2025   1  54360 GPS  -2267740.190  5009165.339  3221301.048
2025   1  54390 GPS  -2267696.167  5009078.973  3221245.352
2025   1  54420 GPS  -2267721.315  5009122.655  3221338.111
2025   1  54450 GPS  -2267696.833  5009153.321  3221334.012
2025   1  54480 GPS  -2267755.617  5009166.524  3221309.535
2025   1  54510 GPS  -2267774.282  5009065.234  3221248.385
2025   1  54540 GPS  -2267716.477  5009110.014  3221270.040
2025   1  54570 GPS  -2267764.142  5009117.076  3221299.524
2025   1  54600 GPS  -2267728.625  5009102.424  3221314.928
2025   1  54630 GPS  -2267774.383  5009144.886  3221337.250
2025   1  54660 GPS  -2267725.958  5009094.276  3221319.158
2025   1  54690 GPS  -2267741.388  5009105.461  3221292.808
2025   1  54720 GPS  -2267797.289  5009180.471  3221288.724
2025   1  54750 GPS  -2267836.671  5009196.470  3221350.876
2025   1  54780 GPS  -2267743.936  5009138.762  3221310.028
2025   1  54810 GPS  -2267676.604  5009135.183  3221286.764
2025   1  54840 GPS  -2267823.531  5009148.872  3221363.310
2025   1  54870 GPS  -2267757.544  5009078.510  3221366.864
2025   1  54900 GPS  -2267721.910  5009078.114  3221381.710
2025   1  54930 GPS  -2267631.418  5009110.318  3221368.820
2025   1  54960 GPS  -2267651.866  5009143.711  3221400.494
2025   1  54990 GPS  -2267776.367  5009204.936  3221444.720
2025   1  55020 GPS  -2267759.634  5009190.068  3221372.991
2025   1  55050 GPS  -2267730.227  5009156.220  3221374.391
2025   1  55080 GPS  -2267722.865  5009098.136  3221319.754
2025   1  55110 GPS  -2267748.444  5009161.416  3221367.645
2025   1  55140 GPS  -2267661.077  5009165.250  3221308.912
2025   1  55170 GPS  -2267744.878  5009174.080  3221341.810
2025   1  55200 GPS  -2267793.299  5009251.496  3221438.713
2025   1  55230 GPS  -2267752.859  5009214.385  3221326.391
2025   1  55260 GPS  -2267773.821  5009190.331  3221356.643
2025   1  55290 GPS  -2267818.987  5009158.533  3221309.345
2025   1  55320 GPS  -2267736.579  5009185.832  3221311.583
2025   1  55350 GPS  -2267722.667  5009179.613  3221364.805
2025   1  55380 GPS  -2267810.966  5009264.386  3221395.906
2025   1  55410 GPS  -2267849.245  5009255.317  3221389.290
2025   1  55440 GPS  -2267860.012  5009214.793  3221384.024
2025   1  55470 GPS  -2267786.455  5009127.565  3221319.233
2025   1  55500 GPS  -2267725.225  5009096.166  3221300.462
2025   1  55530 GPS  -2267732.052  5009146.852  3221327.183
2025   1  55560 GPS  -2267751.056  5009184.095  3221332.213
2025   1  55590 GPS  -2267716.205  5009162.879  3221310.866
2025   1  55620 GPS  -2267764.505  5009136.129  3221282.735
2025   1  55650 GPS  -2267775.192  5009191.644  3221341.118
2025   1  55680 GPS  -2267690.068  5009137.691  3221316.051
2025   1  55710 GPS  -2267680.319  5009060.043  3221258.995
2025   1  55740 GPS  -2267675.894  5009184.578  3221294.734
2025   1  55770 GPS  -2267672.157  5009169.799  3221282.247
2025   1  55800 GPS  -2267719.468  5009115.776  3221286.961
2025   1  55830 GPS  -2267695.178  5009059.290  3221266.021
2025   1  55860 GPS  -2267707.800  5009135.950  3221301.724
2025   1  55890 GPS  -2267769.062  5009106.961  3221267.510
2025   1  55920 GPS  -2267666.282  5009072.502  3221249.903
2025   1  55950 GPS  -2267704.313  5009113.846  3221320.379
2025   1  55980 GPS  -2267607.874  5009002.324  3221250.495
2025   1  56010 GPS  -2267696.127  5009120.928  3221293.834
2025   1  56040 GPS  -2267733.531  5009169.346  3221378.540
2025   1  56070 GPS  -2267653.611  5009058.849  3221325.333
2025   1  56100 GPS  -2267745.057  5009120.861  3221388.021
2025   1  56130 GPS  -2267667.251  5009010.876  3221286.448
2025   1  56160 GPS  -2267739.928  5009141.748  3221309.201
2025   1  56190 GPS  -2267764.765  5009193.735  3221332.700
2025   1  56220 GPS  -2267748.592  5009142.629  3221297.352
2025   1  56250 GPS  -2267705.431  5009140.311  3221289.231
2025   1  56280 GPS  -2267740.509  5009210.162  3221316.926
2025   1  56310 GPS  -2267727.046  5009143.987  3221322.374
2025   1  56340 GPS  -2267619.365  5009114.837  3221363.710
2025   1  56370 GPS  -2267713.286  5009192.880  3221350.885
2025   1  56400 GPS  -2267789.436  5009230.792  3221386.409
2025   1  56430 GPS  -2267746.592  5009113.448  3221311.953
2025   1  56460 GPS  -2267731.977  5009053.779  3221301.648
2025   1  56490 GPS  -2267781.674  5009146.037  3221337.772
2025   1  56520 GPS  -2267715.355  5009048.205  3221266.144
2025   1  56550 GPS  -2267748.332  5009169.510  3221326.598
2025   1  56580 GPS  -2267730.484  5009068.019  3221219.396
2025   1  56610 GPS  -2267687.480  5009008.361  3221186.186
2025   1  56640 GPS  -2267680.882  5009026.371  3221237.309
2025   1  56670 GPS  -2267754.750  5009105.726  3221263.283
2025   1  56700 GPS  -2267806.182  5009085.130  3221242.139
2025   1  56730 GPS  -2267792.225  5009061.907  3221279.882
2025   1  56760 GPS  -2267742.445  5009006.539  3221309.492
2025   1  56790 GPS  -2267731.014  5008993.923  3221267.795
2025   1  56820 GPS  -2267803.125  5009126.860  3221353.234
2025   1  56850 GPS  -2267688.179  5009062.636  3221275.874
2025   1  56880 GPS  -2267748.686  5009073.178  3221328.634
2025   1  56910 GPS  -2267731.817  5009020.327  3221342.660
2025   1  56940 GPS  -2267715.418  5009064.900  3221291.290
2025   1  56970 GPS  -2267755.323  5009030.047  3221279.015
2025   1  57000 GPS  -2267789.956  5009056.271  3221306.272
2025   1  57030 GPS  -2267745.232  5009041.724  3221239.647
2025   1  57060 GPS  -2267808.449  5009211.310  3221372.866
2025   1  57090 GPS  -2267752.111  5009143.069  3221327.858
2025   1  57120 GPS  -2267764.746  5009126.660  3221318.229
2025   1  57150 GPS  -2267586.628  5008983.826  3221045.513
2025   1  57180 GPS  -2267856.728  5009199.799  3221331.128
2025   1  57210 GPS  -2267778.453  5009108.455  3221341.435
2025   1  57240 GPS  -2267756.845  5009106.481  3221306.475
2025   1  57270 GPS  -2267761.589  5009183.219  3221334.999
2025   1  57300 GPS  -2267773.508  5009188.982  3221324.439
2025   1  57330 GPS  -2267710.577  5009045.576  3221283.643
2025   1  57360 GPS  -2267715.891  5009083.224  3221296.808
2025   1  57390 GPS  -2267806.080  5009158.546  3221364.010
2025   1  57420 GPS  -2267772.551  5009172.473  3221312.223
2025   1  57450 GPS  -2267789.976  5009168.809  3221355.113
2025   1  57480 GPS  -2267786.725  5009109.138  3221335.417
2025   1  57510 GPS  -2267700.722  5008990.667  3221202.084
2025   1  57540 GPS  -2267769.338  5009063.687  3221308.486
2025   1  57570 GPS  -2267750.272  5009055.138  3221275.143
2025   1  57600 GPS  -2267796.610  5009105.229  3221289.805
2025   1  57630 GPS  -2267737.448  5009102.947  3221312.278
2025   1  57660 GPS  -2267735.935  5009083.272  3221301.123
2025   1  57690 GPS  -2267732.897  5009124.376  3221334.489
2025   1  57720 GPS  -2267667.213  5009052.946  3221284.441
2025   1  57750 GPS  -2267700.246  5009029.035  3221296.379
2025   1  57780 GPS  -2267739.117  5009139.646  3221284.268
2025   1  57810 GPS  -2267790.056  5009161.398  3221322.241
2025   1  57840 GPS  -2267811.489  5009208.276  3221366.446
2025   1  57870 GPS  -2267793.419  5009158.542  3221365.276
2025   1  57900 GPS  -2267717.764  5009091.837  3221253.896
2025   1  57930 GPS  -2267804.209  5009133.540  3221338.709
2025   1  57960 GPS  -2267734.542  5009101.820  3221289.417
2025   1  57990 GPS  -2267762.344  5009072.519  3221314.013
2025   1  58020 GPS  -2267739.257  5009121.443  3221284.269
2025   1  58050 GPS  -2267803.105  5009116.512  3221274.080
2025   1  58080 GPS  -2267816.408  5009185.977  3221389.016
2025   1  58110 GPS  -2267829.759  5009180.583  3221315.493
2025   1  58140 GPS  -2267798.409  5009190.392  3221273.308
2025   1  58170 GPS  -2267791.116  5009114.090  3221270.485
2025   1  58200 GPS  -2267734.021  5009109.963  3221275.970
2025   1  58230 GPS  -2267737.135  5009135.879  3221273.346
2025   1  58260 GPS  -2267785.396  5009207.814  3221327.679
2025   1  58290 GPS  -2267737.910  5009161.820  3221329.144
2025   1  58320 GPS  -2267751.729  5009187.062  3221327.533
2025   1  58350 GPS  -2267786.718  5009127.971  3221297.569
2025   1  58380 GPS  -2267819.253  5009164.822  3221343.243
2025   1  58410 GPS  -2267722.810  5009086.882  3221275.917
2025   1  58440 GPS  -2267818.455  5009186.249  3221361.636
2025   1  58470 GPS  -2267721.418  5009107.312  3221299.215
2025   1  58500 GPS  -2267712.658  5009091.790  3221286.351
2025   1  58530 GPS  -2267727.005  5008913.605  3221209.611
2025   1  58560 GPS  -2267671.073  5009012.513  3221225.210
2025   1  58590 GPS  -2267672.131  5008982.600  3221225.865
2025   1  58620 GPS  -2267676.909  5009000.839  3221187.777
2025   1  58650 GPS  -2267668.051  5008983.080  3221227.327
2025   1  58680 GPS  -2267761.955  5009133.825  3221248.482
2025   1  58710 GPS  -2267689.546  5009132.236  3221253.993
2025   1  58740 GPS  -2267774.523  5009213.502  3221314.365
2025   1  58770 GPS  -2267768.556  5009192.981  3221337.998
2025   1  58800 GPS  -2267720.438  5009126.467  3221283.089
2025   1  58830 GPS  -2267750.604  5009144.513  3221282.307
2025   1  58860 GPS  -2267769.922  5009163.340  3221283.815
2025   1  58890 GPS  -2267822.571  5009196.305  3221342.461
2025   1  58920 GPS  -2267775.429  5009061.618  3221252.274
2025   1  58950 GPS  -2267734.285  5009109.152  3221265.987
2025   1  58980 GPS  -2267786.768  5009143.293  3221326.629
2025   1  59010 GPS  -2267747.326  5009089.809  3221279.091
2025   1  59040 GPS  -2267760.726  5009090.674  3221288.337
2025   1  59070 GPS  -2267682.032  5009112.577  3221246.901
2025   1  59100 GPS  -2267680.062  5009054.634  3221264.856
2025   1  59130 GPS  -2267704.094  5009112.411  3221235.741
2025   1  59160 GPS  -2267748.898  5009126.129  3221267.398
2025   1  59190 GPS  -2267716.588  5009084.640  3221265.416
2025   1  59220 GPS  -2267724.468  5009135.320  3221302.823
2025   1  59250 GPS  -2267752.469  5009169.856  3221281.446
2025   1  59280 GPS  -2267752.407  5009221.977  3221315.732
2025   1  59310 GPS  -2267797.374  5009161.194  3221341.208
2025   1  59340 GPS  -2267766.609  5009161.973  3221288.546
2025   1  59370 GPS  -2267750.651  5009152.942  3221329.933
2025   1  59400 GPS  -2267746.266  5009101.433  3221290.243
2025   1  59430 GPS  -2267804.670  5009206.952  3221351.549
2025   1  59460 GPS  -2267807.522  5009206.680  3221365.476
2025   1  59490 GPS  -2267759.670  5009125.010  3221262.904
2025   1  59520 GPS  -2267717.468  5009156.146  3221272.340
2025   1  59550 GPS  -2267804.352  5009213.369  3221333.376
2025   1  59580 GPS  -2267803.088  5009172.242  3221317.192
2025   1  59610 GPS  -2267753.742  5009192.356  3221247.869
2025   1  59640 GPS  -2267741.783  5009231.057  3221268.691
2025   1  59670 GPS  -2267799.773  5009283.772  3221298.829
2025   1  59700 GPS  -2267746.050  5009193.087  3221271.706
2025   1  59730 GPS  -2267758.674  5009211.159  3221295.729
2025   1  59760 GPS  -2267801.220  5009155.501  3221276.185
2025   1  59790 GPS  -2267795.797  5009136.426  3221289.216
2025   1  59820 GPS  -2267821.498  5009147.144  3221317.489
2025   1  59850 GPS  -2267827.786  5009153.634  3221288.172
2025   1  59880 GPS  -2267818.075  5009056.960  3221243.359
2025   1  59910 GPS  -2267817.513  5009135.779  3221301.004
2025   1  59940 GPS  -2267811.210  5009259.102  3221319.600
2025   1  59970 GPS  -2267789.293  5009143.639  3221273.740
2025   1  60000 GPS  -2267811.317  5009213.415  3221331.619
2025   1  60030 GPS  -2267777.963  5009226.240  3221311.764
2025   1  60060 GPS  -2267786.537  5009189.168  3221296.155
2025   1  60090 GPS  -2267743.273  5009161.132  3221279.717
2025   1  60120 GPS  -2267769.750  5009240.628  3221316.299
2025   1  60150 GPS  -2267819.158  5009125.944  3221268.266
2025   1  60180 GPS  -2267766.332  5009180.731  3221292.124
2025   1  60210 GPS  -2267775.281  5009145.317  3221305.222
2025   1  60240 GPS  -2267767.464  5009100.141  3221277.683
2025   1  60270 GPS  -2267795.146  5009089.392  3221244.404
2025   1  60300 GPS  -2267847.076  5009178.683  3221312.324
2025   1  60330 GPS  -2267781.311  5009120.538  3221246.884
2025   1  60360 GPS  -2267787.371  5009105.584  3221268.896
2025   1  60390 GPS  -2267787.743  5009236.408  3221314.251
2025   1  60420 GPS  -2267834.394  5009144.900  3221285.570
2025   1  60450 GPS  -2267804.738  5009194.063  3221288.958
2025   1  60480 GPS  -2267798.547  5009173.224  3221291.336
2025   1  60510 GPS  -2267781.056  5009098.426  3221257.984
2025   1  60540 GPS  -2267808.501  5009240.368  3221309.884
2025   1  60570 GPS  -2267767.825  5009198.088  3221280.961
2025   1  60600 GPS  -2267798.202  5009108.198  3221286.468
2025   1  60630 GPS  -2267766.237  5009220.647  3221315.574
2025   1  60660 GPS  -2267801.510  5009190.250  3221296.641
2025   1  60690 GPS  -2267804.931  5009193.680  3221315.556
2025   1  60720 GPS  -2267821.702  5009214.431  3221345.854
2025   1  60750 GPS  -2267826.575  5009315.090  3221307.173
2025   1  60780 GPS  -2267798.829  5009257.626  3221328.540
2025   1  60810 GPS  -2267776.632  5009221.058  3221313.771
2025   1  60840 GPS  -2267707.951  5009048.509  3221274.913
2025   1  60870 GPS  -2267741.692  5009149.680  3221277.378
2025   1  60900 GPS  -2267773.621  5009136.141  3221288.238
2025   1  60930 GPS  -2267715.829  5008997.906  3221247.394
2025   1  60960 GPS  -2267786.034  5009051.804  3221322.998
2025   1  60990 GPS  -2267776.840  5009122.218  3221331.587
2025   1  61020 GPS  -2267773.619  5009158.154  3221323.326
2025   1  61050 GPS  -2267702.177  5008972.314  3221232.782
2025   1  61080 GPS  -2267717.386  5009140.298  3221284.524
2025   1  61110 GPS  -2267745.546  5009151.159  3221271.164
2025   1  61140 GPS  -2267737.684  5009088.110  3221253.748
2025   1  61170 GPS  -2267763.777  5009057.113  3221299.600
2025   1  61200 GPS  -2267819.329  5009131.983  3221281.194
2025   1  61230 GPS  -2267750.092  5009155.308  3221284.816
2025   1  61260 GPS  -2267764.590  5009134.346  3221290.175
2025   1  61290 GPS  -2267773.556  5009197.841  3221295.168
2025   1  61320 GPS  -2267766.617  5009232.726  3221332.312
2025   1  61350 GPS  -2267728.463  5009154.373  3221288.447
2025   1  61380 GPS  -2267761.750  5009247.086  3221281.035
2025   1  61410 GPS  -2267804.025  5009286.112  3221297.135
2025   1  61440 GPS  -2267791.314  5009176.039  3221278.244
2025   1  61470 GPS  -2267737.087  5009095.337  3221244.281
2025   1  61500 GPS  -2267769.708  5009182.433  3221288.611
2025   1  61530 GPS  -2267727.395  5009171.602  3221275.949
2025   1  61560 GPS  -2267768.296  5009118.933  3221289.400
2025   1  61590 GPS  -2267764.932  5009182.690  3221252.106
2025   1  61620 GPS  -2267721.107  5009148.081  3221254.763
2025   1  61650 GPS  -2267759.412  5009158.639  3221270.607
2025   1  61680 GPS  -2267802.604  5009211.768  3221307.927
2025   1  61710 GPS  -2267821.038  5009251.022  3221338.263
2025   1  61740 GPS  -2267815.431  5009230.154  3221336.620
2025   1  61770 GPS  -2267798.664  5009272.575  3221341.174
2025   1  61800 GPS  -2267850.539  5009374.465  3221365.499
2025   1  61830 GPS  -2267778.602  5009330.407  3221366.210
2025   1  61860 GPS  -2267790.735  5009255.204  3221320.255
2025   1  61890 GPS  -2267831.145  5009241.029  3221336.594
2025   1  61920 GPS  -2267772.035  5009144.581  3221341.121
2025   1  61950 GPS  -2267799.407  5009177.258  3221342.410
2025   1  61980 GPS  -2267821.734  5009218.772  3221331.627
2025   1  62010 GPS  -2267846.843  5009204.571  3221354.332
2025   1  62040 GPS  -2267846.928  5009218.908  3221335.236
2025   1  62070 GPS  -2267847.810  5009314.193  3221378.910
2025   1  62100 GPS  -2267842.642  5009264.942  3221367.217
2025   1  62130 GPS  -2267849.750  5009278.206  3221362.694
2025   1  62160 GPS  -2267807.195  5009234.297  3221350.127
2025   1  62190 GPS  -2267853.491  5009282.540  3221375.477
2025   1  62220 GPS  -2267792.481  5009262.329  3221345.873
2025   1  62250 GPS  -2267757.429  5009226.282  3221338.697
2025   1  62280 GPS  -2267746.336  5009220.215  3221284.046
2025   1  62310 GPS  -2267773.045  5009282.140  3221309.802
2025   1  62340 GPS  -2267739.924  5009250.058  3221332.211
2025   1  62370 GPS  -2267808.296  5009261.024  3221321.126
2025   1  62400 GPS  -2267797.682  5009262.595  3221351.454
2025   1  62430 GPS  -2267779.448  5009332.617  3221334.319
2025   1  62460 GPS  -2267789.220  5009182.651  3221330.294
2025   1  62490 GPS  -2267786.305  5009171.418  3221316.176
2025   1  62520 GPS  -2267788.547  5009239.581  3221303.123
2025   1  62550 GPS  -2267775.832  5009252.165  3221326.217
2025   1  62580 GPS  -2267781.562  5009297.056  3221324.122
2025   1  62610 GPS  -2267868.667  5009324.129  3221341.540
2025   1  62640 GPS  -2267746.294  5009114.323  3221309.652
2025   1  62670 GPS  -2267788.960  5009186.305  3221325.400
2025   1  62700 GPS  -2267739.046  5009220.537  3221350.814
2025   1  62730 GPS  -2267724.938  5009174.847  3221306.634
2025   1  62760 GPS  -2267831.643  5009206.281  3221344.633
2025   1  62790 GPS  -2267804.668  5009153.035  3221336.736
2025   1  62820 GPS  -2267867.420  5009221.261  3221332.545
2025   1  62850 GPS  -2267759.309  5009147.175  3221343.477
2025   1  62880 GPS  -2267779.619  5009106.436  3221284.386
2025   1  62910 GPS  -2267801.877  5009138.583  3221291.378
2025   1  62940 GPS  -2267741.696  5009044.690  3221268.880
2025   1  62970 GPS  -2267784.702  5009211.044  3221291.437
2025   1  63000 GPS  -2267820.485  5009240.638  3221271.854
2025   1  63030 GPS  -2267775.562  5009178.527  3221254.013
2025   1  63060 GPS  -2267730.327  5009148.491  3221290.301
2025   1  63090 GPS  -2267780.836  5009182.787  3221307.168
2025   1  63120 GPS  -2267780.086  5009194.342  3221305.068
2025   1  63150 GPS  -2267743.544  5009076.954  3221257.626
2025   1  63180 GPS  -2267841.978  5009227.351  3221289.395
2025   1  63210 GPS  -2267733.260  5009170.954  3221306.050
2025   1  63240 GPS  -2267774.406  5009165.693  3221303.835
2025   1  63270 GPS  -2267809.583  5009181.083  3221298.522
2025   1  63300 GPS  -2267765.956  5009107.764  3221264.212
2025   1  63330 GPS  -2267787.467  5009197.334  3221321.450
2025   1  63360 GPS  -2267751.622  5009133.447  3221312.315
2025   1  63390 GPS  -2267760.134  5009173.594  3221305.345
2025   1  63420 GPS  -2267765.572  5009192.572  3221292.687
2025   1  63450 GPS  -2267797.185  5009255.507  3221310.161
2025   1  63480 GPS  -2267886.118  5009331.284  3221348.815
2025   1  63510 GPS  -2267802.028  5009323.693  3221338.602
2025   1  63540 GPS  -2267787.484  5009197.725  3221300.822
2025   1  63570 GPS  -2267748.414  5009164.603  3221298.670
2025   1  63600 GPS  -2267754.233  5009143.859  3221289.544
2025   1  63630 GPS  -2267813.684  5009256.761  3221290.947
2025   1  63660 GPS  -2267791.113  5009183.317  3221290.364
2025   1  63690 GPS  -2267798.575  5009194.039  3221267.016
2025   1  63720 GPS  -2267869.385  5009273.825  3221314.425
2025   1  63750 GPS  -2267773.939  5009246.785  3221311.865
2025   1  63780 GPS  -2267922.046  5009439.044  3221355.591
2025   1  63810 GPS  -2267835.399  5009306.943  3221325.628
2025   1  63840 GPS  -2267807.787  5009315.840  3221320.732
2025   1  63870 GPS  -2267906.381  5009389.901  3221359.405
2025   1  63900 GPS  -2267845.068  5009277.990  3221333.193
2025   1  63930 GPS  -2267768.967  5009220.329  3221284.897
2025   1  63960 GPS  -2267866.838  5009350.356  3221328.203
2025   1  63990 GPS  -2267857.849  5009323.644  3221275.507
2025   1  64020 GPS  -2267776.638  5009172.579  3221287.367
2025   1  64050 GPS  -2267810.810  5009287.859  3221345.781
2025   1  64080 GPS  -2267810.732  5009192.224  3221277.658
2025   1  64110 GPS  -2267797.706  5009171.984  3221271.375
2025   1  64140 GPS  -2267759.180  5009129.918  3221235.126
2025   1  64170 GPS  -2267750.967  5009116.901  3221235.937
2025   1  64200 GPS  -2267796.278  5009170.811  3221237.356
2025   1  64230 GPS  -2267792.008  5009233.893  3221288.361
2025   1  64260 GPS  -2267872.121  5009306.015  3221337.941
2025   1  64290 GPS  -2267864.084  5009260.457  3221301.458
2025   1  64320 GPS  -2267909.347  5009335.047  3221319.225
2025   1  64350 GPS  -2267855.339  5009248.824  3221285.822
2025   1  64380 GPS  -2267854.143  5009236.388  3221283.199
2025   1  64410 GPS  -2267839.372  5009272.049  3221293.502
2025   1  64440 GPS  -2267773.386  5009202.750  3221274.186
2025   1  64470 GPS  -2267660.977  5009090.239  3221233.112
2025   1  64500 GPS  -2267654.760  5009078.522  3221208.315
2025   1  64530 GPS  -2267717.770  5009102.016  3221234.281
2025   1  64560 GPS  -2267713.273  5009131.945  3221242.040
2025   1  64590 GPS  -2267758.503  5009171.302  3221269.346
2025   1  64620 GPS  -2267800.506  5009251.319  3221278.585
2025   1  64650 GPS  -2267850.436  5009212.124  3221293.866
2025   1  64680 GPS  -2267853.819  5009228.841  3221333.356
2025   1  64710 GPS  -2267724.283  5009104.324  3221274.574
2025   1  64740 GPS  -2267775.543  5009135.231  3221283.964
2025   1  64770 GPS  -2267709.732  5009106.779  3221268.041
2025   1  64800 GPS  -2267771.687  5009112.744  3221278.279
2025   1  64830 GPS  -2267698.820  5009085.985  3221248.010
2025   1  64860 GPS  -2267734.888  5009103.082  3221229.324
2025   1  64890 GPS  -2267789.359  5009169.429  3221242.623
2025   1  64920 GPS  -2267818.102  5009231.461  3221272.634
2025   1  64950 GPS  -2267822.910  5009266.048  3221301.021
2025   1  64980 GPS  -2267797.296  5009326.376  3221308.706
2025   1  65010 GPS  -2267922.475  5009407.727  3221315.156
2025   1  65040 GPS  -2267907.613  5009314.298  3221321.486
2025   1  65070 GPS  -2267940.101  5009398.388  3221392.033
2025   1  65100 GPS  -2267897.744  5009220.741  3221296.753
2025   1  65130 GPS  -2267720.790  5009097.668  3221218.089
2025   1  65160 GPS  -2267764.118  5009176.860  3221216.643
2025   1  65190 GPS  -2267812.832  5009205.409  3221221.251
2025   1  65220 GPS  -2267771.518  5009210.035  3221246.246
2025   1  65250 GPS  -2267823.950  5009241.050  3221276.614
2025   1  65280 GPS  -2267881.607  5009342.107  3221320.364
2025   1  65310 GPS  -2267801.941  5009226.117  3221295.111
2025   1  65340 GPS  -2267842.249  5009299.865  3221336.238
2025   1  65370 GPS  -2267874.352  5009226.154  3221286.455
2025   1  65400 GPS  -2267829.574  5009264.291  3221288.357
2025   1  65430 GPS  -2267804.809  5009214.543  3221237.797
2025   1  65460 GPS  -2267826.846  5009234.508  3221262.720
2025   1  65490 GPS  -2267849.969  5009234.784  3221262.950
2025   1  65520 GPS  -2267854.726  5009264.225  3221280.312
2025   1  65550 GPS  -2267789.339  5009173.150  3221288.915
2025   1  65580 GPS  -2267784.099  5009112.414  3221276.970
2025   1  65610 GPS  -2267878.443  5009234.559  3221323.355
2025   1  65640 GPS  -2267801.215  5009224.947  3221291.265
2025   1  65670 GPS  -2267900.373  5009344.874  3221340.111
2025   1  65700 GPS  -2267892.171  5009246.035  3221285.150
2025   1  65730 GPS  -2267820.720  5009239.151  3221291.307
2025   1  65760 GPS  -2267905.691  5009257.979  3221300.129
2025   1  65790 GPS  -2267794.657  5009283.961  3221294.027
2025   1  65820 GPS  -2267802.647  5009149.934  3221240.676
2025   1  65850 GPS  -2267922.851  5009271.068  3221285.061
2025   1  65880 GPS  -2267859.019  5009286.036  3221339.162
2025   1  65910 GPS  -2267832.200  5009195.880  3221289.484
2025   1  65940 GPS  -2267788.694  5009207.405  3221305.744
2025   1  65970 GPS  -2267871.975  5009273.509  3221305.040
2025   1  66000 GPS  -2267871.045  5009175.777  3221254.108
2025   1  66030 GPS  -2267813.312  5009172.223  3221250.997
2025   1  66060 GPS  -2267872.502  5009195.010  3221309.454
2025   1  66090 GPS  -2267821.349  5009219.215  3221278.449
2025   1  66120 GPS  -2267827.720  5009165.542  3221289.041
2025   1  66150 GPS  -2267866.646  5009278.058  3221319.607
2025   1  66180 GPS  -2267853.846  5009235.227  3221287.256
2025   1  66210 GPS  -2267895.257  5009241.011  3221277.030
2025   1  66240 GPS  -2267867.404  5009231.941  3221280.074
2025   1  66270 GPS  -2267850.444  5009249.965  3221281.658
2025   1  66300 GPS  -2267825.648  5009174.111  3221250.544
2025   1  66330 GPS  -2267799.659  5009179.098  3221284.695
2025   1  66360 GPS  -2267814.466  5009158.532  3221270.765
2025   1  66390 GPS  -2267760.578  5009173.825  3221297.590
2025   1  66420 GPS  -2267802.981  5009181.729  3221277.233
2025   1  66450 GPS  -2267817.517  5009159.143  3221257.765
2025   1  66480 GPS  -2267803.655  5009184.856  3221254.461
2025   1  66510 GPS  -2267765.373  5009154.032  3221269.486
2025   1  66540 GPS  -2267769.075  5009139.876  3221253.406
2025   1  66570 GPS  -2267733.509  5009088.406  3221237.114
2025   1  66600 GPS  -2267800.229  5009238.007  3221301.103
2025   1  66630 GPS  -2267772.675  5009142.192  3221264.593
2025   1  66660 GPS  -2267715.343  5009138.000  3221247.914
2025   1  66690 GPS  -2267743.288  5009145.214  3221263.401
2025   1  66720 GPS  -2267755.964  5009155.445  3221278.038
2025   1  66750 GPS  -2267852.087  5009296.679  3221313.952
2025   1  66780 GPS  -2267805.921  5009223.911  3221273.722
2025   1  66810 GPS  -2267844.361  5009189.604  3221281.892
2025   1  66840 GPS  -2267797.428  5009243.434  3221313.905
2025   1  66870 GPS  -2267808.647  5009190.259  3221317.177
2025   1  66900 GPS  -2267792.469  5009126.092  3221250.930
2025   1  66930 GPS  -2267757.105  5009204.574  3221264.091
2025   1  66960 GPS  -2267772.932  5009221.962  3221300.434
2025   1  66990 GPS  -2267779.331  5009219.815  3221249.486
2025   1  67020 GPS  -2267740.731  5009209.830  3221294.008
2025   1  67050 GPS  -2267748.444  5009160.027  3221246.359
2025   1  67080 GPS  -2267823.926  5009236.101  3221278.178
2025   1  67110 GPS  -2267788.232  5009099.490  3221255.559
2025   1  67140 GPS  -2267769.469  5009100.408  3221271.986
2025   1  67170 GPS  -2267787.730  5009194.308  3221276.067
2025   1  67200 GPS  -2267786.007  5009195.139  3221254.909
2025   1  67230 GPS  -2267756.426  5009128.806  3221280.628
2025   1  67260 GPS  -2267763.092  5009103.131  3221285.864
2025   1  67290 GPS  -2267763.589  5009155.218  3221272.797
2025   1  67320 GPS  -2267796.553  5009234.369  3221332.519
2025   1  67350 GPS  -2267816.256  5009260.018  3221299.621
2025   1  67380 GPS  -2267811.426  5009256.428  3221316.243
2025   1  67410 GPS  -2267799.515  5009188.283  3221291.655
2025   1  67440 GPS  -2267741.237  5009103.963  3221247.606
2025   1  67470 GPS  -2267768.052  5009228.970  3221246.541
2025   1  67500 GPS  -2267819.797  5009218.155  3221295.685
2025   1  67530 GPS  -2267815.387  5009198.186  3221318.917
2025   1  67560 GPS  -2267790.213  5009178.070  3221309.435
2025   1  67590 GPS  -2267859.084  5009255.747  3221334.961
2025   1  67620 GPS  -2267794.586  5009265.917  3221296.941
2025   1  67650 GPS  -2267795.880  5009195.567  3221249.507
2025   1  67680 GPS  -2267821.108  5009229.521  3221295.861
2025   1  67710 GPS  -2267773.399  5009160.967  3221285.173
2025   1  67740 GPS  -2267774.597  5009162.744  3221278.349
2025   1  67770 GPS  -2267782.504  5009118.406  3221261.684
2025   1  67800 GPS  -2267810.181  5009237.423  3221317.430
2025   1  67830 GPS  -2267813.056  5009225.015  3221310.661
2025   1  67860 GPS  -2267817.671  5009104.120  3221245.748
2025   1  67890 GPS  -2267791.789  5009146.155  3221284.174
2025   1  67920 GPS  -2267753.329  5009052.747  3221222.744
2025   1  67950 GPS  -2267683.206  5009028.659  3221189.277
2025   1  67980 GPS  -2267741.672  5009182.821  3221264.232
2025   1  68010 GPS  -2267731.407  5009182.715  3221260.160
2025   1  68040 GPS  -2267765.392  5009164.552  3221280.713
2025   1  68070 GPS  -2267828.416  5009196.653  3221263.696
2025   1  68100 GPS  -2267792.376  5009236.401  3221287.729
2025   1  68130 GPS  -2267802.548  5009223.374  3221287.914
2025   1  68160 GPS  -2267786.745  5009174.579  3221288.995
2025   1  68190 GPS  -2267729.731  5009145.924  3221273.459
2025   1  68220 GPS  -2267811.820  5009263.297  3221266.954
2025   1  68250 GPS  -2267749.327  5009202.648  3221251.401
2025   1  68280 GPS  -2267780.513  5009194.603  3221278.206
2025   1  68310 GPS  -2267844.361  5009306.515  3221310.613
2025   1  68340 GPS  -2267792.759  5009142.922  3221296.412
2025   1  68370 GPS  -2267769.325  5009104.740  3221312.483
2025   1  68400 GPS  -2267727.567  5009037.127  3221273.328
2025   1  68430 GPS  -2267847.098  5009225.467  3221324.447
2025   1  68460 GPS  -2267797.562  5009213.532  3221297.129
2025   1  68490 GPS  -2267819.276  5009246.827  3221306.394
2025   1  68520 GPS  -2267767.309  5009161.444  3221293.063
2025   1  68550 GPS  -2267743.955  5009098.493  3221270.179
2025   1  68580 GPS  -2267770.497  5009164.125  3221281.056
2025   1  68610 GPS  -2267755.902  5009136.663  3221278.284
2025   1  68640 GPS  -2267816.089  5009230.285  3221299.813
2025   1  68670 GPS  -2267787.617  5009230.477  3221288.403
2025   1  68700 GPS  -2267782.362  5009167.518  3221311.974
2025   1  68730 GPS  -2267773.107  5009169.590  3221294.239
2025   1  68760 GPS  -2267771.768  5009160.022  3221297.000
2025   1  68790 GPS  -2267865.928  5009270.599  3221352.750
2025   1  68820 GPS  -2267865.757  5009258.326  3221335.571
2025   1  68850 GPS  -2267742.542  5009083.926  3221287.649
2025   1  68880 GPS  -2267754.055  5009213.857  3221294.535
2025   1  68910 GPS  -2267747.280  5009122.583  3221275.700
2025   1  68940 GPS  -2267807.788  5009285.775  3221330.089
2025   1  68970 GPS  -2267754.205  5009170.265  3221245.097
2025   1  69000 GPS  -2267719.552  5009161.625  3221271.811
2025   1  69030 GPS  -2267769.710  5009250.157  3221305.154
2025   1  69060 GPS  -2267789.170  5009159.291  3221294.976
2025   1  69090 GPS  -2267731.246  5009153.267  3221294.680
2025   1  69120 GPS  -2267768.803  5009147.410  3221283.458
2025   1  69150 GPS  -2267750.171  5009091.960  3221271.681
2025   1  69180 GPS  -2267761.452  5009148.096  3221286.012
2025   1  69210 GPS  -2267776.819  5009099.081  3221263.655
2025   1  69240 GPS  -2267721.451  5009049.384  3221231.412
2025   1  69270 GPS  -2267722.205  5009008.096  3221235.989
2025   1  69300 GPS  -2267720.671  5009069.636  3221234.219
2025   1  69330 GPS  -2267671.593  5009018.089  3221214.105
2025   1  69360 GPS  -2267736.635  5009190.371  3221306.971
2025   1  69390 GPS  -2267737.375  5009085.105  3221275.411
2025   1  69420 GPS  -2267751.914  5009063.614  3221246.229
2025   1  69450 GPS  -2267646.498  5009002.889  3221196.389
2025   1  69480 GPS  -2267666.982  5009108.348  3221245.040
2025   1  69510 GPS  -2267687.386  5009116.528  3221240.943
2025   1  69540 GPS  -2267690.424  5009145.460  3221237.513
2025   1  69570 GPS  -2267687.182  5009177.757  3221252.532
2025   1  69600 GPS  -2267716.878  5009173.721  3221268.144
2025   1  69630 GPS  -2267749.769  5009185.715  3221310.299
2025   1  69660 GPS  -2267823.018  5009322.985  3221374.905
2025   1  69690 GPS  -2267764.894  5009238.197  3221330.741
2025   1  69720 GPS  -2267748.556  5009183.639  3221283.104
2025   1  69750 GPS  -2267662.314  5009142.266  3221255.091
2025   1  69780 GPS  -2267721.278  5009144.763  3221246.516
2025   1  69810 GPS  -2267702.464  5009118.896  3221264.054
2025   1  69840 GPS  -2267694.523  5009053.930  3221213.711
2025   1  69870 GPS  -2267737.928  5009133.149  3221312.038
2025   1  69900 GPS  -2267684.763  5009117.190  3221263.110
2025   1  69930 GPS  -2267652.604  5009033.673  3221222.955
2025   1  69960 GPS  -2267666.148  5009083.217  3221247.314
2025   1  69990 GPS  -2267700.431  5009121.245  3221263.925
2025   1  70020 GPS  -2267736.649  5009154.807  3221241.172
2025   1  70050 GPS  -2267750.944  5009222.884  3221305.243
2025   1  70080 GPS  -2267739.999  5009112.332  3221270.711
2025   1  70110 GPS  -2267761.268  5009209.327  3221316.005
2025   1  70140 GPS  -2267741.648  5009185.280  3221295.712
2025   1  70170 GPS  -2267779.598  5009269.333  3221313.837
2025   1  70200 GPS  -2267711.640  5009187.207  3221248.500
2025   1  70230 GPS  -2267676.930  5009100.037  3221197.198
2025   1  70260 GPS  -2267758.581  5009161.443  3221270.059
2025   1  70290 GPS  -2267736.390  5009060.303  3221251.342
2025   1  70320 GPS  -2267694.674  5009016.751  3221207.567
2025   1  70350 GPS  -2267756.166  5009099.851  3221281.204
2025   1  70380 GPS  -2267740.473  5009112.366  3221272.981
2025   1  70410 GPS  -2267721.902  5009150.544  3221282.589
2025   1  70440 GPS  -2267772.487  5009170.017  3221307.167
2025   1  70470 GPS  -2267795.756  5009254.538  3221279.782
2025   1  70500 GPS  -2267689.291  5009081.324  3221285.916
2025   1  70530 GPS  -2267671.437  5009022.326  3221242.229
2025   1  70560 GPS  -2267729.631  5009162.057  3221307.245
2025   1  70590 GPS  -2267753.790  5009196.037  3221316.663
2025   1  70620 GPS  -2267799.738  5009335.436  3221361.781
2025   1  70650 GPS  -2267804.232  5009365.870  3221395.151
2025   1  70680 GPS  -2267764.973  5009225.571  3221320.866
2025   1  70710 GPS  -2267835.947  5009248.174  3221308.566
2025   1  70740 GPS  -2267752.799  5009240.102  3221332.801
2025   1  70770 GPS  -2267756.342  5009190.668  3221301.726
2025   1  70800 GPS  -2267733.304  5009102.166  3221294.005
2025   1  70830 GPS  -2267795.146  5009253.801  3221358.443
2025   1  70860 GPS  -2267804.307  5009285.471  3221339.627
2025   1  70890 GPS  -2267771.112  5009306.670  3221353.207
2025   1  70920 GPS  -2267774.620  5009205.808  3221282.564
2025   1  70950 GPS  -2267751.496  5009230.532  3221269.299
2025   1  70980 GPS  -2267741.291  5009137.226  3221290.717
2025   1  71010 GPS  -2267747.220  5009263.828  3221380.847
2025   1  71040 GPS  -2267705.278  5009084.918  3221308.891
2025   1  71070 GPS  -2267765.154  5009252.317  3221321.244
2025   1  71100 GPS  -2267785.269  5009265.230  3221333.830
2025   1  71130 GPS  -2267719.763  5009118.016  3221271.025
2025   1  71160 GPS  -2267755.395  5009138.176  3221306.586
2025   1  71190 GPS  -2267713.375  5009112.194  3221253.235
2025   1  71220 GPS  -2267728.419  5009174.756  3221303.595
2025   1  71250 GPS  -2267751.039  5009224.515  3221304.793
2025   1  71280 GPS  -2267751.319  5009214.188  3221323.243
2025   1  71310 GPS  -2267730.720  5009202.317  3221308.280
2025   1  71340 GPS  -2267853.919  5009375.757  3221350.666
2025   1  71370 GPS  -2267847.704  5009344.114  3221342.734
2025   1  71400 GPS  -2267743.272  5009205.611  3221270.596
2025   1  71430 GPS  -2267762.602  5009212.783  3221300.867
2025   1  71460 GPS  -2267776.908  5009295.813  3221333.391
2025   1  71490 GPS  -2267749.774  5009264.393  3221332.769
2025   1  71520 GPS  -2267764.051  5009202.372  3221290.169
2025   1  71550 GPS  -2267800.563  5009171.334  3221322.488
2025   1  71580 GPS  -2267792.812  5009247.487  3221370.930
2025   1  71610 GPS  -2267745.527  5009092.094  3221318.779
2025   1  71640 GPS  -2267707.152  5009163.068  3221306.770
2025   1  71670 GPS  -2267766.793  5009203.763  3221290.970
2025   1  71700 GPS  -2267772.982  5009216.538  3221322.837
2025   1  71730 GPS  -2267748.534  5009217.992  3221342.402
2025   1  71760 GPS  -2267742.868  5009166.570  3221306.703
2025   1  71790 GPS  -2267712.886  5009176.938  3221313.437
2025   1  71820 GPS  -2267686.383  5009156.578  3221278.749
2025   1  71850 GPS  -2267646.923  5009048.585  3221265.142
2025   1  71880 GPS  -2267743.960  5009179.700  3221295.460
2025   1  71910 GPS  -2267725.425  5009145.496  3221316.950
2025   1  71940 GPS  -2267716.266  5009144.915  3221284.352
2025   1  71970 GPS  -2267753.110  5009200.276  3221352.006
2025   1  72000 GPS  -2267769.967  5009166.140  3221341.367
2025   1  72030 GPS  -2267693.237  5009065.142  3221257.185
2025   1  72060 GPS  -2267679.199  5009099.104  3221260.656
2025   1  72090 GPS  -2267781.466  5009254.427  3221332.219
2025   1  72120 GPS  -2267748.281  5009169.603  3221324.656
2025   1  72150 GPS  -2267680.449  5009097.330  3221258.099
2025   1  72180 GPS  -2267788.645  5009252.264  3221309.575
2025   1  72210 GPS  -2267789.681  5009246.742  3221325.463
2025   1  72240 GPS  -2267755.218  5009219.294  3221285.589
2025   1  72270 GPS  -2267719.441  5009207.903  3221294.581
2025   1  72300 GPS  -2267729.355  5009117.767  3221254.265
2025   1  72330 GPS  -2267714.447  5009090.820  3221227.155
2025   1  72360 GPS  -2267772.175  5009151.024  3221341.100
2025   1  72390 GPS  -2267702.894  5009086.497  3221262.348
2025   1  72420 GPS  -2267724.346  5009211.742  3221335.666
2025   1  72450 GPS  -2267751.073  5009231.884  3221304.508
2025   1  72480 GPS  -2267809.426  5009188.107  3221316.041
2025   1  72510 GPS  -2267725.317  5009147.026  3221279.408
2025   1  72540 GPS  -2267692.713  5009114.470  3221268.103
2025   1  72570 GPS  -2267758.449  5009133.727  3221242.590
2025   1  72600 GPS  -2267743.048  5009177.528  3221282.978
2025   1  72630 GPS  -2267721.307  5009139.800  3221269.426
2025   1  72660 GPS  -2267826.968  5009300.817  3221342.979
2025   1  72690 GPS  -2267764.537  5009191.803  3221291.604
2025   1  72720 GPS  -2267718.105  5009160.147  3221269.355
2025   1  72750 GPS  -2267756.873  5009230.390  3221338.022
2025   1  72780 GPS  -2267734.744  5009141.383  3221332.053
2025   1  72810 GPS  -2267739.747  5009147.048  3221287.867
2025   1  72840 GPS  -2267775.906  5009240.469  3221346.513
2025   1  72870 GPS  -2267770.577  5009276.443  3221345.087
2025   1  72900 GPS  -2267774.294  5009330.391  3221364.744
2025   1  72930 GPS  -2267763.513  5009234.258  3221258.513
2025   1  72960 GPS  -2267772.565  5009244.261  3221340.150
2025   1  72990 GPS  -2267770.589  5009231.461  3221340.897
2025   1  73020 GPS  -2267762.290  5009235.049  3221354.874
2025   1  73050 GPS  -2267767.819  5009215.297  3221293.999
2025   1  73080 GPS  -2267778.098  5009209.424  3221321.303
2025   1  73110 GPS  -2267834.542  5009301.606  3221369.341
2025   1  73140 GPS  -2267827.333  5009267.156  3221388.830
2025   1  73170 GPS  -2267703.325  5009131.337  3221338.614
2025   1  73200 GPS  -2267738.131  5009155.545  3221320.898
2025   1  73230 GPS  -2267738.345  5009225.623  3221332.344
2025   1  73260 GPS  -2267713.159  5009151.951  3221313.634
2025   1  73290 GPS  -2267768.538  5009220.133  3221325.625
2025   1  73320 GPS  -2267748.596  5009172.516  3221284.544
2025   1  73350 GPS  -2267687.961  5009125.834  3221219.494
2025   1  73380 GPS  -2267724.710  5009058.314  3221241.881
2025   1  73410 GPS  -2267752.529  5009130.154  3221297.699
2025   1  73440 GPS  -2267714.811  5009095.342  3221258.721
2025   1  73470 GPS  -2267671.501  5009097.748  3221248.062
2025   1  73500 GPS  -2267766.543  5009206.365  3221315.419
2025   1  73530 GPS  -2267685.255  5009125.436  3221297.989
2025   1  73560 GPS  -2267715.462  5009146.452  3221283.819
2025   1  73590 GPS  -2267694.964  5009126.621  3221284.393
2025   1  73620 GPS  -2267715.717  5009134.071  3221288.176
2025   1  73650 GPS  -2267712.210  5009148.354  3221259.577
2025   1  73680 GPS  -2267776.431  5009262.042  3221353.412
2025   1  73710 GPS  -2267756.981  5009212.983  3221365.868
2025   1  73740 GPS  -2267785.928  5009233.742  3221368.732
2025   1  73770 GPS  -2267776.512  5009248.832  3221314.757
2025   1  73800 GPS  -2267767.209  5009218.749  3221305.125
2025   1  73830 GPS  -2267794.353  5009264.523  3221343.283
2025   1  73860 GPS  -2267801.189  5009247.995  3221282.193
2025   1  73890 GPS  -2267797.382  5009293.630  3221328.037
2025   1  73920 GPS  -2267751.846  5009197.261  3221306.352
2025   1  73950 GPS  -2267826.058  5009368.843  3221414.072
2025   1  73980 GPS  -2267754.142  5009178.623  3221303.118
2025   1  74010 GPS  -2267732.744  5009203.457  3221352.785
2025   1  74040 GPS  -2267746.348  5009248.828  3221334.510
2025   1  74070 GPS  -2267731.934  5009212.612  3221332.510
2025   1  74100 GPS  -2267785.218  5009254.174  3221332.491
2025   1  74130 GPS  -2267711.015  5009110.588  3221255.667
2025   1  74160 GPS  -2267784.813  5009249.504  3221336.155
2025   1  74190 GPS  -2267756.738  5009137.716  3221305.008
2025   1  74220 GPS  -2267758.185  5009165.873  3221309.968
2025   1  74250 GPS  -2267727.908  5009045.803  3221249.583
2025   1  74280 GPS  -2267719.649  5009073.481  3221273.551
2025   1  74310 GPS  -2267694.602  5009057.745  3221240.594
2025   1  74340 GPS  -2267728.129  5009150.504  3221283.746
2025   1  74370 GPS  -2267703.399  5009110.530  3221281.940
2025   1  74400 GPS  -2267782.438  5009204.720  3221313.818
2025   1  74430 GPS  -2267748.721  5009127.174  3221278.336
2025   1  74460 GPS  -2267726.440  5009231.091  3221362.061
2025   1  74490 GPS  -2267726.717  5009218.604  3221290.348
2025   1  74520 GPS  -2267707.648  5009168.088  3221261.857
2025   1  74550 GPS  -2267742.393  5009243.361  3221345.884
2025   1  74580 GPS  -2267752.876  5009238.059  3221329.424
2025   1  74610 GPS  -2267770.397  5009296.491  3221331.162
2025   1  74640 GPS  -2267773.598  5009204.827  3221271.145
2025   1  74670 GPS  -2267795.264  5009257.259  3221297.411
2025   1  74700 GPS  -2267723.510  5009177.216  3221298.361
2025   1  74730 GPS  -2267780.258  5009223.760  3221259.322
2025   1  74760 GPS  -2267729.944  5009051.378  3221229.506
2025   1  74790 GPS  -2267770.208  5009150.028  3221267.770
2025   1  74820 GPS  -2267731.966  5009135.381  3221279.217
2025   1  74850 GPS  -2267736.546  5009201.969  3221356.434
2025   1  74880 GPS  -2267782.991  5009275.212  3221344.922
2025   1  74910 GPS  -2267767.472  5009063.343  3221271.214
2025   1  74940 GPS  -2267741.523  5009113.769  3221303.455
2025   1  74970 GPS  -2267728.084  5009132.425  3221329.623
2025   1  75000 GPS  -2267727.382  5009145.494  3221287.423
2025   1  75030 GPS  -2267749.813  5009221.305  3221285.286
2025   1  75060 GPS  -2267707.055  5009194.901  3221356.752
2025   1  75090 GPS  -2267688.097  5009146.093  3221296.164
2025   1  75120 GPS  -2267717.938  5009151.347  3221328.391
2025   1  75150 GPS  -2267766.112  5009225.260  3221374.469
2025   1  75180 GPS  -2267775.787  5009189.730  3221310.032
2025   1  75210 GPS  -2267849.156  5009284.059  3221301.056
2025   1  75240 GPS  -2267754.608  5009339.418  3221342.895
2025   1  75270 GPS  -2267817.816  5009284.183  3221287.001
2025   1  75300 GPS  -2267806.873  5009296.183  3221319.246
2025   1  75330 GPS  -2267794.511  5009283.636  3221321.230
2025   1  75360 GPS  -2267767.073  5009204.441  3221261.713
2025   1  75390 GPS  -2267793.543  5009282.072  3221274.999
2025   1  75420 GPS  -2267736.671  5009114.956  3221245.780
2025   1  75450 GPS  -2267716.192  5009067.306  3221224.175
2025   1  75480 GPS  -2267717.546  5009171.079  3221261.751
2025   1  75510 GPS  -2267658.548  5009042.986  3221201.690
2025   1  75540 GPS  -2267689.092  5009203.870  3221254.097
2025   1  75570 GPS  -2267711.749  5009078.644  3221221.230
2025   1  75600 GPS  -2267681.933  5009116.343  3221232.434
2025   1  75630 GPS  -2267727.711  5009221.358  3221306.784
2025   1  75660 GPS  -2267750.662  5009176.011  3221261.790
2025   1  75690 GPS  -2267738.154  5009084.328  3221272.285
2025   1  75720 GPS  -2267702.326  5009091.495  3221286.017
2025   1  75750 GPS  -2267736.621  5009177.725  3221292.753
2025   1  75780 GPS  -2267748.605  5009171.109  3221290.441
2025   1  75810 GPS  -2267749.208  5009146.875  3221247.787
2025   1  75840 GPS  -2267743.093  5009276.885  3221327.552
2025   1  75870 GPS  -2267772.545  5009231.778  3221334.538
2025   1  75900 GPS  -2267753.171  5009238.935  3221321.999
2025   1  75930 GPS  -2267729.280  5009204.367  3221285.320
2025   1  75960 GPS  -2267738.975  5009243.173  3221314.204
2025   1  75990 GPS  -2267711.513  5009153.262  3221286.151
2025   1  76020 GPS  -2267758.157  5009220.004  3221330.138
2025   1  76050 GPS  -2267810.966  5009221.820  3221292.067
2025   1  76080 GPS  -2267750.548  5009171.542  3221304.859
2025   1  76110 GPS  -2267758.351  5009286.172  3221316.397
2025   1  76140 GPS  -2267764.230  5009245.678  3221285.777
2025   1  76170 GPS  -2267775.832  5009099.094  3221206.544
2025   1  76200 GPS  -2267698.075  5009142.512  3221281.069
2025   1  76230 GPS  -2267693.364  5009210.538  3221315.831
2025   1  76260 GPS  -2267678.242  5009191.931  3221305.086
2025   1  76290 GPS  -2267685.160  5009160.747  3221319.295
2025   1  76320 GPS  -2267697.969  5009191.784  3221339.119
2025   1  76350 GPS  -2267681.254  5009206.587  3221322.452
2025   1  76380 GPS  -2267725.691  5009177.584  3221269.169
2025   1  76410 GPS  -2267744.608  5009093.636  3221216.669
2025   1  76440 GPS  -2267744.572  5009155.863  3221333.704
2025   1  76470 GPS  -2267684.142  5009208.656  3221339.149
2025   1  76500 GPS  -2267701.471  5009103.067  3221269.829
2025   1  76530 GPS  -2267720.903  5009148.003  3221283.185
2025   1  76560 GPS  -2267670.258  5009038.417  3221235.344
2025   1  76590 GPS  -2267677.248  5009082.205  3221245.364
2025   1  76620 GPS  -2267685.827  5009046.629  3221236.861
2025   1  76650 GPS  -2267659.898  5009084.587  3221263.740
2025   1  76680 GPS  -2267645.246  5009080.405  3221305.082
2025   1  76710 GPS  -2267717.962  5009149.691  3221324.376
2025   1  76740 GPS  -2267788.198  5009208.158  3221317.026
2025   1  76770 GPS  -2267745.983  5009078.848  3221273.983
2025   1  76800 GPS  -2267711.621  5009084.399  3221253.261
2025   1  76830 GPS  -2267634.595  5009028.535  3221214.648
2025   1  76860 GPS  -2267672.860  5009067.056  3221243.021
2025   1  76890 GPS  -2267666.838  5009085.292  3221285.692
2025   1  76920 GPS  -2267658.204  5009085.713  3221287.002
2025   1  76950 GPS  -2267713.851  5009061.511  3221275.940
2025   1  76980 GPS  -2267736.651  5009170.154  3221290.856
2025   1  77010 GPS  -2267745.682  5009201.409  3221307.483
2025   1  77040 GPS  -2267793.919  5009300.454  3221354.758
2025   1  77070 GPS  -2267779.393  5009184.805  3221254.318
2025   1  77100 GPS  -2267750.688  5009217.541  3221299.720
2025   1  77130 GPS  -2267761.525  5009214.539  3221297.823
2025   1  77160 GPS  -2267759.973  5009172.177  3221281.927
2025   1  77190 GPS  -2267732.913  5009232.714  3221332.098
2025   1  77220 GPS  -2267786.096  5009197.751  3221243.514
2025   1  77250 GPS  -2267770.924  5009214.347  3221300.305
2025   1  77280 GPS  -2267765.598  5009232.773  3221317.378
2025   1  77310 GPS  -2267735.142  5009194.871  3221254.175
2025   1  77340 GPS  -2267751.989  5009160.026  3221261.859
2025   1  77370 GPS  -2267752.596  5009176.101  3221291.772
2025   1  77400 GPS  -2267750.813  5009211.138  3221318.130
2025   1  77430 GPS  -2267720.509  5009144.069  3221309.848
2025   1  77460 GPS  -2267671.491  5009114.838  3221282.791
2025   1  77490 GPS  -2267701.739  5009111.565  3221264.348
2025   1  77520 GPS  -2267710.760  5009093.329  3221284.240
2025   1  77550 GPS  -2267713.709  5009141.490  3221325.038
2025   1  77580 GPS  -2267682.787  5009034.598  3221274.212
2025   1  77610 GPS  -2267699.267  5009057.744  3221280.441
2025   1  77640 GPS  -2267689.295  5009035.736  3221276.596
2025   1  77670 GPS  -2267708.249  5009028.315  3221261.136
2025   1  77700 GPS  -2267709.308  5009003.807  3221189.956
2025   1  77730 GPS  -2267737.919  5009017.411  3221251.092
2025   1  77760 GPS  -2267714.394  5009050.565  3221268.148
2025   1  77790 GPS  -2267691.765  5009007.077  3221292.746
2025   1  77820 GPS  -2267667.495  5008999.394  3221248.054
2025   1  77850 GPS  -2267671.583  5009126.764  3221264.224
2025   1  77880 GPS  -2267725.939  5009048.609  3221216.902
2025   1  77910 GPS  -2267737.086  5009108.955  3221259.466
2025   1  77940 GPS  -2267733.804  5009165.159  3221315.026
2025   1  77970 GPS  -2267748.115  5009048.383  3221267.780
2025   1  78000 GPS  -2267700.719  5009149.630  3221296.825
2025   1  78030 GPS  -2267720.097  5009057.611  3221262.646
2025   1  78060 GPS  -2267758.793  5009093.517  3221216.928
2025   1  78090 GPS  -2267750.140  5009136.886  3221290.653
2025   1  78120 GPS  -2267685.536  5009079.313  3221214.545
2025   1  78150 GPS  -2267724.889  5009144.434  3221270.974
2025   1  78180 GPS  -2267747.182  5009141.822  3221316.442
2025   1  78210 GPS  -2267755.542  5009103.220  3221302.419
2025   1  78240 GPS  -2267813.844  5009218.255  3221350.990
2025   1  78270 GPS  -2267734.039  5009179.752  3221297.987
2025   1  78300 GPS  -2267752.790  5009218.002  3221394.482
2025   1  78330 GPS  -2267678.186  5009146.895  3221293.186
2025   1  78360 GPS  -2267787.682  5009172.753  3221323.319
2025   1  78390 GPS  -2267747.937  5009093.138  3221270.390
2025   1  78420 GPS  -2267744.441  5009139.110  3221296.936
2025   1  78450 GPS  -2267725.188  5009149.869  3221315.982
2025   1  78480 GPS  -2267707.774  5009089.426  3221277.604
2025   1  78510 GPS  -2267662.527  5009131.849  3221310.602
2025   1  78540 GPS  -2267725.673  5009196.743  3221341.981
2025   1  78570 GPS  -2267690.565  5009091.960  3221316.241
2025   1  78600 GPS  -2267728.535  5009125.587  3221318.055
2025   1  78630 GPS  -2267707.095  5009127.460  3221269.082
2025   1  78660 GPS  -2267700.379  5009112.558  3221318.359
2025   1  78690 GPS  -2267661.075  5009120.727  3221246.611
2025   1  78720 GPS  -2267699.693  5009100.598  3221312.314
2025   1  78750 GPS  -2267726.622  5009104.860  3221310.465
2025   1  78780 GPS  -2267743.788  5009119.361  3221295.284
2025   1  78810 GPS  -2267678.114  5009074.321  3221295.291
2025   1  78840 GPS  -2267716.779  5009076.349  3221260.553
2025   1  78870 GPS  -2267729.002  5009083.551  3221255.112
2025   1  78900 GPS  -2267695.204  5009092.344  3221278.926
2025   1  78930 GPS  -2267726.907  5009173.236  3221364.086
2025   1  78960 GPS  -2267693.226  5009061.005  3221268.464
2025   1  78990 GPS  -2267728.626  5009084.297  3221309.041
2025   1  79020 GPS  -2267750.910  5009118.993  3221285.411
2025   1  79050 GPS  -2267708.871  5009064.576  3221267.022
2025   1  79080 GPS  -2267725.025  5008997.586  3221201.337
2025   1  79110 GPS  -2267730.744  5009063.355  3221251.413
2025   1  79140 GPS  -2267676.976  5009043.759  3221268.422
2025   1  79170 GPS  -2267722.417  5009114.470  3221328.573
2025   1  79200 GPS  -2267774.641  5009131.854  3221326.686
2025   1  79230 GPS  -2267736.285  5009197.868  3221334.763
2025   1  79260 GPS  -2267719.629  5009135.751  3221267.843
2025   1  79290 GPS  -2267739.248  5009134.837  3221289.624
2025   1  79320 GPS  -2267730.059  5009183.099  3221313.263
2025   1  79350 GPS  -2267768.324  5009132.363  3221339.093
2025   1  79380 GPS  -2267761.494  5009225.983  3221354.402
2025   1  79410 GPS  -2267766.783  5009218.316  3221325.565
2025   1  79440 GPS  -2267666.386  5009118.835  3221249.267
2025   1  79470 GPS  -2267709.896  5009139.612  3221269.738
2025   1  79500 GPS  -2267721.361  5009195.556  3221321.222
2025   1  79530 GPS  -2267673.940  5009109.238  3221242.633
2025   1  79560 GPS  -2267724.347  5009096.289  3221266.992
2025   1  79590 GPS  -2267732.310  5009210.981  3221315.737
2025   1  79620 GPS  -2267673.765  5009198.328  3221326.875
2025   1  79650 GPS  -2267658.098  5009073.450  3221290.877
2025   1  79680 GPS  -2267718.374  5009234.443  3221411.798
2025   1  79710 GPS  -2267729.600  5009085.324  3221264.147
2025   1  79740 GPS  -2267736.854  5009157.555  3221321.949
2025   1  79770 GPS  -2267742.313  5009171.635  3221333.933
2025   1  79800 GPS  -2267664.983  5009080.156  3221256.989
2025   1  79830 GPS  -2267713.669  5009096.630  3221268.417
2025   1  79860 GPS  -2267622.711  5009027.601  3221276.606
2025   1  79890 GPS  -2267744.758  5009111.151  3221265.471
2025   1  79920 GPS  -2267736.644  5009045.377  3221245.857
2025   1  79950 GPS  -2267666.107  5009027.825  3221241.713
2025   1  79980 GPS  -2267700.653  5009105.999  3221259.788
2025   1  80010 GPS  -2267660.391  5009035.374  3221250.117
2025   1  80040 GPS  -2267709.182  5009068.100  3221246.463
2025   1  80070 GPS  -2267754.308  5009163.198  3221296.816
2025   1  80100 GPS  -2267724.997  5009111.111  3221252.884
2025   1  80130 GPS  -2267709.856  5009164.124  3221261.580
2025   1  80160 GPS  -2267683.431  5009116.747  3221253.359
2025   1  80190 GPS  -2267729.006  5009077.590  3221189.875
2025   1  80220 GPS  -2267749.465  5009028.186  3221210.739
2025   1  80250 GPS  -2267718.772  5009019.683  3221251.515
2025   1  80280 GPS  -2267668.775  5009092.192  3221199.303
2025   1  80310 GPS  -2267717.082  5009091.634  3221303.205
2025   1  80340 GPS  -2267804.056  5009135.613  3221352.839
2025   1  80370 GPS  -2267721.362  5009074.514  3221306.253
2025   1  80400 GPS  -2267771.887  5009145.992  3221305.339
2025   1  80430 GPS  -2267826.623  5009189.741  3221375.962
2025   1  80460 GPS  -2267668.223  5009187.862  3221331.460
2025   1  80490 GPS  -2267731.309  5009234.559  3221398.021
2025   1  80520 GPS  -2267775.928  5009259.129  3221381.650
2025   1  80550 GPS  -2267724.711  5009119.794  3221278.317
2025   1  80580 GPS  -2267695.799  5009171.265  3221318.899
2025   1  80610 GPS  -2267717.771  5009083.618  3221262.725
2025   1  80640 GPS  -2267677.579  5009231.504  3221322.174
2025   1  80670 GPS  -2267648.989  5009043.986  3221265.489
2025   1  80700 GPS  -2267714.400  5009149.659  3221299.281
2025   1  80730 GPS  -2267704.198  5009117.546  3221280.540
2025   1  80760 GPS  -2267742.799  5009131.224  3221293.344
2025   1  80790 GPS  -2267704.375  5009200.857  3221315.901
2025   1  80820 GPS  -2267704.925  5009204.000  3221305.275
2025   1  80850 GPS  -2267700.223  5009180.057  3221314.447
2025   1  80880 GPS  -2267693.135  5009309.530  3221353.415
2025   1  80910 GPS  -2267681.016  5009253.448  3221324.029
2025   1  80940 GPS  -2267723.567  5009283.655  3221384.630
2025   1  80970 GPS  -2267711.883  5009216.884  3221364.034
2025   1  81000 GPS  -2267755.398  5009281.988  3221319.697
2025   1  81030 GPS  -2267768.591  5009204.175  3221295.720
2025   1  81060 GPS  -2267742.280  5009187.892  3221272.768
2025   1  81090 GPS  -2267714.749  5009214.410  3221355.795
2025   1  81120 GPS  -2267715.722  5009120.835  3221331.673
2025   1  81150 GPS  -2267702.826  5009148.865  3221334.093
2025   1  81180 GPS  -2267688.549  5009125.041  3221285.012
2025   1  81210 GPS  -2267738.079  5009182.706  3221283.522
2025   1  81240 GPS  -2267760.390  5009181.323  3221305.664
2025   1  81270 GPS  -2267730.065  5009179.204  3221301.998
2025   1  81300 GPS  -2267754.841  5009206.227  3221283.458
2025   1  81330 GPS  -2267737.542  5009160.670  3221264.123
2025   1  81360 GPS  -2267751.997  5009125.617  3221255.751
2025   1  81390 GPS  -2267701.784  5009100.746  3221176.717
2025   1  81420 GPS  -2267762.135  5009227.354  3221274.650
2025   1  81450 GPS  -2267757.772  5009257.386  3221335.486
2025   1  81480 GPS  -2267706.773  5009168.615  3221268.923
2025   1  81510 GPS  -2267734.868  5009138.511  3221271.780
2025   1  81540 GPS  -2267722.384  5009105.638  3221135.567
2025   1  81570 GPS  -2267729.391  5009027.880  3221173.462
2025   1  81600 GPS  -2267685.157  5008973.717  3221175.140
2025   1  81630 GPS  -2267751.053  5009110.666  3221234.697
2025   1  81660 GPS  -2267691.562  5009074.890  3221291.494
2025   1  81690 GPS  -2267685.968  5009039.159  3221270.943
2025   1  81720 GPS  -2267584.949  5009048.629  3221188.166
2025   1  81750 GPS  -2267692.372  5009155.028  3221300.646
2025   1  81780 GPS  -2267748.979  5009194.117  3221323.610
2025   1  81810 GPS  -2267723.473  5009183.813  3221304.329
2025   1  81840 GPS  -2267680.243  5009109.018  3221288.195
2025   1  81870 GPS  -2267728.116  5009121.232  3221267.622
2025   1  81900 GPS  -2267684.868  5009078.606  3221251.939
2025   1  81930 GPS  -2267688.975  5009070.429  3221232.587
2025   1  81960 GPS  -2267661.960  5009136.756  3221278.274
2025   1  81990 GPS  -2267717.979  5009099.487  3221281.644
2025   1  82020 GPS  -2267657.069  5009107.814  3221288.254
2025   1  82050 GPS  -2267691.776  5009150.351  3221279.348
2025   1  82080 GPS  -2267687.245  5009067.494  3221282.028
2025   1  82110 GPS  -2267634.393  5009044.069  3221258.866
2025   1  82140 GPS  -2267642.990  5009083.610  3221295.342
2025   1  82170 GPS  -2267634.807  5009047.175  3221318.169
2025   1  82200 GPS  -2267666.752  5009027.835  3221296.741
2025   1  82230 GPS  -2267617.773  5009082.281  3221220.666
2025   1  82260 GPS  -2267669.840  5009119.669  3221224.603
2025   1  82290 GPS  -2267655.779  5009032.694  3221194.438
2025   1  82320 GPS  -2267685.819  5009109.952  3221258.658
2025   1  82350 GPS  -2267656.727  5009145.535  3221319.518
2025   1  82380 GPS  -2267720.125  5009161.293  3221348.398
2025   1  82410 GPS  -2267713.706  5009198.033  3221352.662
2025   1  82440 GPS  -2267636.397  5009097.520  3221265.119
2025   1  82470 GPS  -2267717.619  5009206.144  3221321.735
2025   1  82500 GPS  -2267715.746  5009191.732  3221351.828
2025   1  82530 GPS  -2267690.455  5009100.831  3221307.724
2025   1  82560 GPS  -2267729.264  5009131.563  3221307.047
2025   1  82590 GPS  -2267672.793  5009114.812  3221274.722
2025   1  82620 GPS  -2267683.566  5009113.745  3221246.630
2025   1  82650 GPS  -2267744.682  5009218.931  3221334.535
2025   1  82680 GPS  -2267687.327  5009150.612  3221226.174
2025   1  82710 GPS  -2267752.496  5009219.710  3221319.599
2025   1  82740 GPS  -2267731.866  5009184.280  3221341.361
2025   1  82770 GPS  -2267688.138  5009144.582  3221272.885
2025   1  82800 GPS  -2267691.753  5009193.227  3221296.418
2025   1  82830 GPS  -2267663.713  5009118.515  3221234.290
2025   1  82860 GPS  -2267706.847  5009110.955  3221239.221
2025   1  82890 GPS  -2267722.633  5009150.848  3221251.674
2025   1  82920 GPS  -2267639.657  5009111.139  3221287.773
2025   1  82950 GPS  -2267592.331  5009109.608  3221216.026
2025   1  82980 GPS  -2267593.569  5009093.769  3221278.110
2025   1  83010 GPS  -2267669.129  5009099.009  3221285.783
2025   1  83040 GPS  -2267701.607  5009183.973  3221326.795
2025   1  83070 GPS  -2267666.434  5009031.743  3221238.756
2025   1  83100 GPS  -2267718.837  5009085.366  3221240.425
2025   1  83130 GPS  -2267676.178  5009037.048  3221254.565
2025   1  83160 GPS  -2267677.884  5009020.331  3221227.456
2025   1  83190 GPS  -2267791.870  5009092.764  3221283.925
2025   1  83220 GPS  -2267746.861  5009140.359  3221278.422
2025   1  83250 GPS  -2267709.983  5009046.291  3221219.042
2025   1  83280 GPS  -2267790.511  5009140.564  3221275.239
2025   1  83310 GPS  -2267742.115  5009100.572  3221248.024
2025   1  83340 GPS  -2267720.041  5009151.047  3221192.313
2025   1  83370 GPS  -2267816.799  5009111.638  3221220.677
2025   1  83400 GPS  -2267715.538  5009077.414  3221166.762
2025   1  83430 GPS  -2267741.659  5009156.970  3221236.301
2025   1  83460 GPS  -2267723.071  5009113.611  3221250.079
2025   1  83490 GPS  -2267802.341  5009181.216  3221251.301
2025   1  83520 GPS  -2267793.169  5009181.044  3221300.917
2025   1  83550 GPS  -2267764.390  5009139.179  3221241.286
2025   1  83580 GPS  -2267764.973  5009160.232  3221273.066
2025   1  83610 GPS  -2267793.863  5009118.329  3221246.703
2025   1  83640 GPS  -2267698.242  5009039.953  3221273.342
2025   1  83670 GPS  -2267696.503  5009080.404  3221182.718
2025   1  83700 GPS  -2267729.626  5009067.768  3221247.655
2025   1  83730 GPS  -2267690.294  5008971.128  3221225.537
2025   1  83760 GPS  -2267702.777  5009038.527  3221293.684
2025   1  83790 GPS  -2267613.687  5009028.015  3221214.887
2025   1  83820 GPS  -2267630.524  5009037.829  3221233.812
2025   1  83850 GPS  -2267749.847  5009143.326  3221370.499
2025   1  83880 GPS  -2267641.853  5009069.131  3221266.391
2025   1  83910 GPS  -2267732.516  5009149.871  3221336.991
2025   1  83940 GPS  -2267591.178  5008994.375  3221220.145
2025   1  83970 GPS  -2267736.661  5009137.921  3221258.585
2025   1  84000 GPS  -2267713.773  5009080.225  3221209.996
2025   1  84030 GPS  -2267718.225  5009131.839  3221224.911
2025   1  84060 GPS  -2267681.286  5009114.498  3221243.531
2025   1  84090 GPS  -2267668.309  5009121.157  3221218.567
2025   1  84120 GPS  -2267693.990  5009070.397  3221270.232
2025   1  84150 GPS  -2267682.865  5009059.714  3221222.376
2025   1  84180 GPS  -2267722.251  5009180.828  3221293.110
2025   1  84210 GPS  -2267711.134  5009194.549  3221271.143
2025   1  84240 GPS  -2267697.197  5009184.256  3221325.803
2025   1  84270 GPS  -2267731.474  5009205.516  3221346.362
2025   1  84300 GPS  -2267668.917  5009147.836  3221244.358
2025   1  84330 GPS  -2267736.746  5009142.981  3221245.540
2025   1  84360 GPS  -2267723.461  5009067.634  3221258.186
2025   1  84390 GPS  -2267772.108  5009132.025  3221262.137
2025   1  84420 GPS  -2267730.705  5009097.138  3221217.979
2025   1  84450 GPS  -2267753.797  5009086.269  3221270.476
2025   1  84480 GPS  -2267799.087  5009245.411  3221291.048
2025   1  84510 GPS  -2267736.803  5009164.960  3221258.445
2025   1  84540 GPS  -2267785.432  5009179.562  3221285.479
2025   1  84570 GPS  -2267764.031  5009124.314  3221278.375
2025   1  84600 GPS  -2267707.934  5009142.730  3221265.536
2025   1  84630 GPS  -2267755.269  5009201.098  3221305.780
2025   1  84660 GPS  -2267695.648  5009190.736  3221217.123
2025   1  84690 GPS  -2267730.707  5009144.343  3221220.783
2025   1  84720 GPS  -2267729.130  5009073.442  3221264.322
2025   1  84750 GPS  -2267727.969  5009128.010  3221254.488
2025   1  84780 GPS  -2267667.220  5009070.088  3221240.609
2025   1  84810 GPS  -2267617.816  5009033.786  3221253.067
2025   1  84840 GPS  -2267667.754  5009068.025  3221284.158
2025   1  84870 GPS  -2267609.841  5009025.929  3221262.445
2025   1  84900 GPS  -2267750.074  5009143.390  3221332.911
2025   1  84930 GPS  -2267752.831  5009148.872  3221319.091
2025   1  84960 GPS  -2267649.726  5009040.641  3221233.198
2025   1  84990 GPS  -2267670.693  5009171.789  3221238.824
2025   1  85020 GPS  -2267781.112  5009235.667  3221286.140
2025   1  85050 GPS  -2267758.685  5009181.950  3221256.786
2025   1  85080 GPS  -2267774.842  5009271.088  3221301.232
2025   1  85110 GPS  -2267758.883  5009207.741  3221227.391
2025   1  85140 GPS  -2267716.312  5009154.394  3221177.762
2025   1  85170 GPS  -2267673.427  5009163.338  3221225.648
2025   1  85200 GPS  -2267700.829  5009245.613  3221244.598
2025   1  85230 GPS  -2267786.606  5009269.748  3221266.737
2025   1  85260 GPS  -2267742.068  5009267.946  3221264.093
2025   1  85290 GPS  -2267766.309  5009275.996  3221280.961
2025   1  85320 GPS  -2267750.036  5009263.620  3221250.054
2025   1  85350 GPS  -2267769.971  5009262.071  3221252.931
2025   1  85380 GPS  -2267675.707  5009247.211  3221248.591
2025   1  85410 GPS  -2267684.656  5009201.597  3221237.474
2025   1  85440 GPS  -2267651.814  5009286.155  3221276.901
2025   1  85470 GPS  -2267732.922  5009335.512  3221293.850
2025   1  85500 GPS  -2267697.351  5009228.455  3221308.467
2025   1  85530 GPS  -2267790.174  5009315.568  3221327.733
2025   1  85560 GPS  -2267704.968  5009229.526  3221248.720
2025   1  85590 GPS  -2267697.340  5009210.241  3221288.722
2025   1  85620 GPS  -2267782.395  5009249.515  3221334.254
2025   1  85650 GPS  -2267710.404  5009148.298  3221257.742
2025   1  85680 GPS  -2267667.097  5009183.577  3221291.872
2025   1  85710 GPS  -2267673.889  5009247.400  3221350.362
2025   1  85740 GPS  -2267722.757  5009206.343  3221355.930
2025   1  85770 GPS  -2267761.921  5009199.196  3221293.045
2025   1  85800 GPS  -2267775.972  5009210.416  3221299.974
2025   1  85830 GPS  -2267769.825  5009244.554  3221289.972
2025   1  85860 GPS  -2267753.438  5009264.409  3221317.886
2025   1  85890 GPS  -2267653.079  5009239.394  3221300.611
2025   1  85920 GPS  -2267695.243  5009299.936  3221344.438
2025   1  85950 GPS  -2267690.620  5009279.652  3221333.360
2025   1  85980 GPS  -2267794.641  5009239.549  3221359.179
2025   1  86010 GPS  -2267740.744  5009127.380  3221253.289
2025   1  86040 GPS  -2267826.488  5009199.044  3221304.342
2025   1  86070 GPS  -2267757.735  5009212.721  3221289.519
2025   1  86100 GPS  -2267725.704  5009231.848  3221286.937
2025   1  86130 GPS  -2267709.739  5009120.135  3221270.335
2025   1  86160 GPS  -2267738.632  5009148.908  3221269.973
2025   1  86190 GPS  -2267746.825  5009236.046  3221290.727
2025   1  86220 GPS  -2267771.622  5009159.235  3221302.898
2025   1  86250 GPS  -2267781.494  5009166.675  3221329.178
2025   1  86280 GPS  -2267704.427  5009165.085  3221317.465
2025   1  86310 GPS  -2267733.027  5009229.536  3221337.357
2025   1  86340 GPS  -2267767.072  5009154.676  3221328.573
2025   1  86370 GPS  -2267710.987  5009159.556  3221342.414
