2025   1      0 GPS  -2267749.574  5009154.296  3221279.201
2025   1     30 GPS  -2267716.612  5009104.029  3221256.555
2025   1     60 GPS  -2267714.301  5009084.505  3221239.176
2025   1     90 GPS  -2267775.120  5009160.590  3221275.370
2025   1    120 GPS  -2267762.995  5009176.798  3221296.556
2025   1    150 GPS  -2267784.805  5009183.721  3221280.870
2025   1    180 GPS  -2267759.292  5009147.487  3221271.147
2025   1    210 GPS  -2267796.875  5009210.393  3221314.933
2025   1    240 GPS  -2267719.707  5009114.509  3221287.103
2025   1    270 GPS  -2267778.052  5009173.216  3221299.639
2025   1    300 GPS  -2267757.654  5009162.188  3221293.314
2025   1    330 GPS  -2267760.655  5009156.470  3221267.715
2025   1    360 GPS  -2267732.143  5009166.343  3221295.611
2025   1    390 GPS  -2267741.399  5009186.393  3221333.707
2025   1    420 GPS  -2267824.284  5009216.414  3221319.921
2025   1    450 GPS  -2267741.476  5009145.859  3221290.190
2025   1    480 GPS  -2267731.223  5009135.110  3221260.380
2025   1    510 GPS  -2267757.055  5009165.621  3221303.758
2025   1    540 GPS  -2267721.180  5009138.537  3221280.929
2025   1    570 GPS  -2267732.192  5009155.755  3221294.708
2025   1    600 GPS  -2267757.556  5009175.287  3221305.879
2025   1    630 GPS  -2267759.244  5009152.078  3221260.985
2025   1    660 GPS  -2267708.728  5009110.257  3221257.299
2025   1    690 GPS  -2267737.483  5009105.782  3221284.540
2025   1    720 GPS  -2267731.887  5009054.241  3221239.422
2025   1    750 GPS  -2267749.703  5009126.488  3221286.461
2025   1    780 GPS  -2267770.303  5009138.867  3221314.085
2025   1    810 GPS  -2267790.320  5009174.951  3221314.127
2025   1    840 GPS  -2267690.848  5009071.921  3221249.091
2025   1    870 GPS  -2267744.749  5009150.677  3221281.334
2025   1    900 GPS  -2267766.094  5009193.263  3221319.895
2025   1    930 GPS  -2267751.866  5009168.064  3221286.948
2025   1    960 GPS  -2267762.076  5009187.398  3221283.603
2025   1    990 GPS  -2267787.365  5009215.455  3221300.938
2025   1   1020 GPS  -2267753.172  5009168.450  3221290.897
2025   1   1050 GPS  -2267789.692  5009168.818  3221286.729
2025   1   1080 GPS  -2267795.157  5009176.809  3221287.565
2025   1   1110 GPS  -2267749.496  5009141.924  3221280.311
2025   1   1140 GPS  -2267712.761  5009089.327  3221257.358
2025   1   1170 GPS  -2267810.657  5009202.454  3221278.755
2025   1   1200 GPS  -2267768.817  5009163.136  3221281.425
2025   1   1230 GPS  -2267770.951  5009141.322  3221271.570
2025   1   1260 GPS  -2267787.763  5009176.274  3221302.203
2025   1   1290 GPS  -2267811.790  5009213.526  3221301.309
2025   1   1320 GPS  -2267758.610  5009141.795  3221287.834
2025   1   1350 GPS  -2267732.835  5009124.116  3221264.223
2025   1   1380 GPS  -2267748.818  5009153.222  3221276.271
2025   1   1410 GPS  -2267849.277  5009293.900  3221336.827
2025   1   1440 GPS  -2267833.841  5009264.901  3221329.912
2025   1   1470 GPS  -2267786.518  5009200.449  3221310.716
2025   1   1500 GPS  -2267768.500  5009190.183  3221324.251
2025   1   1530 GPS  -2267788.799  5009202.761  3221327.075
2025   1   1560 GPS  -2267764.032  5009164.153  3221309.397
2025   1   1590 GPS  -2267787.700  5009214.418  3221312.546
2025   1   1620 GPS  -2267762.335  5009176.778  3221301.480
2025   1   1650 GPS  -2267782.279  5009209.966  3221297.564
2025   1   1680 GPS  -2267754.845  5009132.579  3221279.760
2025   1   1710 GPS  -2267764.082  5009173.937  3221284.060
2025   1   1740 GPS  -2267747.768  5009130.796  3221306.590
2025   1   1770 GPS  -2267714.903  5009089.266  3221283.034
2025   1   1800 GPS  -2267769.143  5009181.626  3221305.620
2025   1   1830 GPS  -2267791.696  5009222.189  3221302.279
2025   1   1860 GPS  -2267758.586  5009170.562  3221282.312
2025   1   1890 GPS  -2267789.029  5009253.209  3221310.956
2025   1   1920 GPS  -2267749.931  5009198.989  3221277.548
2025   1   1950 GPS  -2267791.134  5009213.603  3221302.722
2025   1   1980 GPS  -2267765.599  5009158.174  3221308.259
2025   1   2010 GPS  -2267774.914  5009208.688  3221304.601
2025   1   2040 GPS  -2267747.123  5009151.541  3221287.366
2025   1   2070 GPS  -2267805.961  5009192.905  3221308.569
2025   1   2100 GPS  -2267810.779  5009203.306  3221336.858
2025   1   2130 GPS  -2267794.330  5009206.378  3221303.613
2025   1   2160 GPS  -2267767.526  5009149.667  3221313.226
2025   1   2190 GPS  -2267768.832  5009132.167  3221290.944
2025   1   2220 GPS  -2267757.213  5009132.863  3221269.417
2025   1   2250 GPS  -2267774.584  5009166.106  3221279.114
2025   1   2280 GPS  -2267785.184  5009192.435  3221296.823
2025   1   2310 GPS  -2267775.296  5009187.639  3221306.387
2025   1   2340 GPS  -2267757.375  5009163.201  3221299.580
2025   1   2370 GPS  -2267743.611  5009110.709  3221306.090
2025   1   2400 GPS  -2267747.692  5009123.046  3221267.647
2025   1   2430 GPS  -2267758.137  5009140.955  3221289.586
2025   1   2460 GPS  -2267735.476  5009126.645  3221288.681
2025   1   2490 GPS  -2267738.177  5009153.788  3221316.282
2025   1   2520 GPS  -2267753.694  5009119.866  3221296.175
2025   1   2550 GPS  -2267741.385  5009096.995  3221281.509
2025   1   2580 GPS  -2267752.189  5009148.372  3221278.038
2025   1   2610 GPS  -2267745.745  5009114.121  3221308.186
2025   1   2640 GPS  -2267745.186  5009146.727  3221301.237
2025   1   2670 GPS  -2267750.046  5009166.508  3221308.323
2025   1   2700 GPS  -2267734.229  5009132.817  3221301.966
2025   1   2730 GPS  -2267739.715  5009116.051  3221286.318
2025   1   2760 GPS  -2267742.013  5009126.311  3221277.784
2025   1   2790 GPS  -2267755.571  5009152.566  3221304.216
2025   1   2820 GPS  -2267719.694  5009119.647  3221312.495
2025   1   2850 GPS  -2267750.680  5009158.047  3221286.450
2025   1   2880 GPS  -2267749.403  5009182.045  3221295.821
2025   1   2910 GPS  -2267771.276  5009176.668  3221300.391
2025   1   2940 GPS  -2267767.616  5009171.187  3221319.674
2025   1   2970 GPS  -2267731.834  5009109.095  3221308.474
2025   1   3000 GPS  -2267696.970  5009047.836  3221288.330
2025   1   3030 GPS  -2267752.019  5009121.876  3221287.472
2025   1   3060 GPS  -2267739.417  5009114.583  3221295.492
2025   1   3090 GPS  -2267725.861  5009132.106  3221312.185
2025   1   3120 GPS  -2267766.112  5009146.544  3221312.990
2025   1   3150 GPS  -2267756.144  5009160.579  3221340.387
2025   1   3180 GPS  -2267749.036  5009110.664  3221305.225
2025   1   3210 GPS  -2267762.541  5009176.862  3221303.118
2025   1   3240 GPS  -2267784.958  5009191.547  3221324.710
2025   1   3270 GPS  -2267756.556  5009113.692  3221280.440
2025   1   3300 GPS  -2267758.474  5009115.026  3221280.988
2025   1   3330 GPS  -2267758.930  5009151.921  3221277.399
2025   1   3360 GPS  -2267727.178  5009113.878  3221278.444
2025   1   3390 GPS  -2267756.052  5009121.008  3221291.321
2025   1   3420 GPS  -2267759.646  5009137.007  3221287.439
2025   1   3450 GPS  -2267722.712  5009083.240  3221273.136
2025   1   3480 GPS  -2267742.733  5009073.276  3221274.941
2025   1   3510 GPS  -2267756.411  5009144.547  3221296.460
2025   1   3540 GPS  -2267779.893  5009149.924  3221293.406
2025   1   3570 GPS  -2267765.678  5009160.617  3221295.649
2025   1   3600 GPS  -2267775.719  5009158.983  3221292.782
2025   1   3630 GPS  -2267785.065  5009179.639  3221305.333
2025   1   3660 GPS  -2267748.869  5009189.621  3221354.329
2025   1   3690 GPS  -2267755.814  5009128.336  3221290.743
2025   1   3720 GPS  -2267765.971  5009153.764  3221289.054
2025   1   3750 GPS  -2267771.343  5009164.318  3221319.944
2025   1   3780 GPS  -2267764.074  5009150.084  3221306.164
2025   1   3810 GPS  -2267760.046  5009170.165  3221298.242
2025   1   3840 GPS  -2267760.975  5009148.673  3221306.903
2025   1   3870 GPS  -2267761.072  5009148.751  3221303.358
2025   1   3900 GPS  -2267780.840  5009138.967  3221302.609
2025   1   3930 GPS  -2267762.959  5009107.725  3221275.101
2025   1   3960 GPS  -2267777.223  5009114.090  3221270.654
2025   1   3990 GPS  -2267744.732  5009134.045  3221299.722
2025   1   4020 GPS  -2267756.818  5009152.342  3221314.463
2025   1   4050 GPS  -2267798.753  5009211.696  3221328.741
2025   1   4080 GPS  -2267786.973  5009205.248  3221317.797
2025   1   4110 GPS  -2267791.838  5009172.803  3221347.016
2025   1   4140 GPS  -2267761.703  5009138.364  3221298.592
2025   1   4170 GPS  -2267776.202  5009109.839  3221273.132
2025   1   4200 GPS  -2267746.010  5009059.060  3221272.406
2025   1   4230 GPS  -2267735.433  5009030.234  3221258.993
2025   1   4260 GPS  -2267760.164  5009077.475  3221269.583
2025   1   4290 GPS  -2267741.308  5009123.373  3221286.165
2025   1   4320 GPS  -2267740.275  5009148.888  3221298.736
2025   1   4350 GPS  -2267743.431  5009107.689  3221287.142
2025   1   4380 GPS  -2267773.074  5009044.152  3221265.177
2025   1   4410 GPS  -2267744.800  5009112.009  3221285.715
2025   1   4440 GPS  -2267767.831  5009138.057  3221280.911
2025   1   4470 GPS  -2267764.428  5009180.283  3221301.532
2025   1   4500 GPS  -2267780.487  5009182.779  3221316.860
2025   1   4530 GPS  -2267761.161  5009134.247  3221265.273
2025   1   4560 GPS  -2267754.227  5009125.004  3221256.120
2025   1   4590 GPS  -2267766.592  5009132.995  3221232.993
2025   1   4620 GPS  -2267786.379  5009161.309  3221275.871
2025   1   4650 GPS  -2267754.175  5009090.951  3221273.431
2025   1   4680 GPS  -2267789.287  5009186.094  3221297.309
2025   1   4710 GPS  -2267767.205  5009165.493  3221286.705
2025   1   4740 GPS  -2267756.518  5009119.750  3221266.645
2025   1   4770 GPS  -2267754.233  5009068.489  3221238.119
2025   1   4800 GPS  -2267758.335  5009031.499  3221247.858
2025   1   4830 GPS  -2267741.125  5009038.991  3221268.453
2025   1   4860 GPS  -2267750.655  5009093.498  3221254.888
2025   1   4890 GPS  -2267724.889  5009009.749  3221233.491
2025   1   4920 GPS  -2267718.730  5009080.358  3221256.217
2025   1   4950 GPS  -2267754.887  5009137.627  3221254.896
2025   1   4980 GPS  -2267776.865  5009202.109  3221317.920
2025   1   5010 GPS  -2267764.056  5009202.899  3221335.233
2025   1   5040 GPS  -2267730.232  5009149.596  3221318.315
2025   1   5070 GPS  -2267754.392  5009148.637  3221299.920
2025   1   5100 GPS  -2267756.435  5009219.812  3221332.773
2025   1   5130 GPS  -2267749.935  5009134.595  3221291.562
2025   1   5160 GPS  -2267743.932  5009147.325  3221288.527
2025   1   5190 GPS  -2267721.244  5009113.507  3221272.981
2025   1   5220 GPS  -2267772.026  5009156.550  3221284.293
2025   1   5250 GPS  -2267731.835  5009144.368  3221285.551
2025   1   5280 GPS  -2267742.413  5009139.968  3221276.258
2025   1   5310 GPS  -2267753.836  5009130.785  3221274.378
2025   1   5340 GPS  -2267728.768  5009070.910  3221264.481
2025   1   5370 GPS  -2267725.428  5009081.642  3221287.532
2025   1   5400 GPS  -2267760.448  5009105.746  3221272.765
2025   1   5430 GPS  -2267732.718  5009100.413  3221288.000
2025   1   5460 GPS  -2267743.160  5009107.034  3221264.590
2025   1   5490 GPS  -2267760.566  5009143.419  3221306.786
2025   1   5520 GPS  -2267761.963  5009161.733  3221303.182
2025   1   5550 GPS  -2267767.309  5009158.278  3221300.411
2025   1   5580 GPS  -2267787.059  5009206.768  3221312.902
2025   1   5610 GPS  -2267770.510  5009185.147  3221321.003
2025   1   5640 GPS  -2267770.985  5009212.080  3221341.799
2025   1   5670 GPS  -2267760.773  5009165.642  3221304.723
2025   1   5700 GPS  -2267777.440  5009212.048  3221328.548
2025   1   5730 GPS  -2267770.315  5009143.782  3221306.034
2025   1   5760 GPS  -2267782.041  5009189.659  3221310.365
2025   1   5790 GPS  -2267803.644  5009240.118  3221350.421
2025   1   5820 GPS  -2267776.240  5009128.790  3221274.935
2025   1   5850 GPS  -2267784.019  5009148.670  3221303.145
2025   1   5880 GPS  -2267745.143  5009087.762  3221269.092
2025   1   5910 GPS  -2267813.630  5009195.580  3221319.662
2025   1   5940 GPS  -2267792.098  5009187.990  3221317.289
2025   1   5970 GPS  -2267741.430  5009098.163  3221255.183
2025   1   6000 GPS  -2267751.918  5009136.385  3221279.929
2025   1   6030 GPS  -2267795.203  5009163.995  3221293.446
2025   1   6060 GPS  -2267763.645  5009145.521  3221275.832
2025   1   6090 GPS  -2267773.692  5009159.029  3221276.231
2025   1   6120 GPS  -2267754.594  5009135.868  3221278.657
2025   1   6150 GPS  -2267751.743  5009122.989  3221260.739
2025   1   6180 GPS  -2267748.177  5009144.353  3221288.627
2025   1   6210 GPS  -2267740.861  5009136.712  3221289.166
2025   1   6240 GPS  -2267737.192  5009129.415  3221295.203
2025   1   6270 GPS  -2267756.609  5009152.940  3221288.681
2025   1   6300 GPS  -2267775.344  5009151.932  3221283.066
2025   1   6330 GPS  -2267765.558  5009169.222  3221280.842
2025   1   6360 GPS  -2267745.572  5009162.717  3221281.865
2025   1   6390 GPS  -2267761.973  5009139.845  3221287.687
2025   1   6420 GPS  -2267763.477  5009151.713  3221279.876
2025   1   6450 GPS  -2267733.722  5009142.310  3221292.791
2025   1   6480 GPS  -2267759.434  5009167.188  3221298.573
2025   1   6510 GPS  -2267776.014  5009194.728  3221315.855
2025   1   6540 GPS  -2267705.869  5009128.652  3221265.245
2025   1   6570 GPS  -2267719.466  5009118.120  3221275.140
2025   1   6600 GPS  -2267753.234  5009122.637  3221286.328
2025   1   6630 GPS  -2267781.693  5009174.689  3221301.287
2025   1   6660 GPS  -2267751.228  5009145.312  3221277.554
2025   1   6690 GPS  -2267747.553  5009141.224  3221290.018
2025   1   6720 GPS  -2267805.713  5009184.018  3221313.131
2025   1   6750 GPS  -2267786.825  5009180.756  3221317.827
2025   1   6780 GPS  -2267751.368  5009108.738  3221280.483
2025   1   6810 GPS  -2267760.353  5009131.357  3221296.939
2025   1   6840 GPS  -2267763.138  5009139.404  3221294.963
2025   1   6870 GPS  -2267720.948  5009096.617  3221252.585
2025   1   6900 GPS  -2267733.309  5009119.290  3221263.283
2025   1   6930 GPS  -2267762.639  5009138.749  3221289.164
2025   1   6960 GPS  -2267760.098  5009112.999  3221268.034
2025   1   6990 GPS  -2267745.071  5009118.909  3221267.758
2025   1   7020 GPS  -2267769.822  5009139.333  3221297.511
2025   1   7050 GPS  -2267743.093  5009131.773  3221280.281
2025   1   7080 GPS  -2267752.974  5009108.328  3221261.902
2025   1   7110 GPS  -2267740.586  5009103.148  3221250.776
2025   1   7140 GPS  -2267742.468  5009127.592  3221283.513
2025   1   7170 GPS  -2267779.681  5009161.421  3221320.052
2025   1   7200 GPS  -2267747.307  5009113.344  3221281.503
2025   1   7230 GPS  -2267757.265  5009144.732  3221310.512
2025   1   7260 GPS  -2267726.698  5009125.194  3221310.643
2025   1   7290 GPS  -2267773.513  5009145.205  3221309.120
2025   1   7320 GPS  -2267722.385  5009117.466  3221298.647
2025   1   7350 GPS  -2267758.305  5009150.807  3221301.129
2025   1   7380 GPS  -2267768.546  5009164.953  3221297.994
2025   1   7410 GPS  -2267779.035  5009146.160  3221292.699
2025   1   7440 GPS  -2267789.934  5009162.648  3221310.845
2025   1   7470 GPS  -2267792.139  5009170.533  3221323.528
2025   1   7500 GPS  -2267753.222  5009132.008  3221289.567
2025   1   7530 GPS  -2267777.542  5009190.819  3221311.778
2025   1   7560 GPS  -2267725.022  5009120.534  3221293.322
2025   1   7590 GPS  -2267756.525  5009136.210  3221288.022
2025   1   7620 GPS  -2267745.823  5009116.901  3221296.878
2025   1   7650 GPS  -2267744.943  5009105.967  3221277.512
2025   1   7680 GPS  -2267788.446  5009192.502  3221331.867
2025   1   7710 GPS  -2267747.623  5009165.833  3221306.606
2025   1   7740 GPS  -2267757.223  5009148.950  3221298.934
2025   1   7770 GPS  -2267715.924  5009142.723  3221296.874
2025   1   7800 GPS  -2267709.350  5009070.002  3221261.862
2025   1   7830 GPS  -2267748.528  5009138.823  3221295.069
2025   1   7860 GPS  -2267742.387  5009158.249  3221328.953
2025   1   7890 GPS  -2267766.765  5009152.545  3221319.733
2025   1   7920 GPS  -2267738.099  5009146.078  3221301.278
2025   1   7950 GPS  -2267729.529  5009099.418  3221274.100
2025   1   7980 GPS  -2267758.982  5009119.422  3221284.162
2025   1   8010 GPS  -2267747.934  5009100.809  3221270.019
2025   1   8040 GPS  -2267749.703  5009128.751  3221271.606
2025   1   8070 GPS  -2267731.391  5009116.067  3221271.748
2025   1   8100 GPS  -2267776.328  5009140.405  3221310.280
2025   1   8130 GPS  -2267762.597  5009112.748  3221273.294
2025   1   8160 GPS  -2267721.375  5009063.375  3221256.810
2025   1   8190 GPS  -2267737.648  5009065.297  3221282.543
2025   1   8220 GPS  -2267738.795  5009120.841  3221304.607
2025   1   8250 GPS  -2267763.991  5009132.010  3221308.716
2025   1   8280 GPS  -2267744.833  5009137.701  3221280.743
2025   1   8310 GPS  -2267744.082  5009105.579  3221290.037
2025   1   8340 GPS  -2267764.346  5009108.864  3221313.427
2025   1   8370 GPS  -2267772.993  5009124.185  3221296.387
2025   1   8400 GPS  -2267750.722  5009086.848  3221308.645
2025   1   8430 GPS  -2267732.045  5009147.190  3221337.997
2025   1   8460 GPS  -2267740.340  5009126.815  3221302.128
2025   1   8490 GPS  -2267748.582  5009112.681  3221299.357
2025   1   8520 GPS  -2267721.670  5009136.597  3221287.968
2025   1   8550 GPS  -2267743.399  5009126.128  3221315.919
2025   1   8580 GPS  -2267760.507  5009139.621  3221331.040
2025   1   8610 GPS  -2267727.878  5009112.628  3221304.249
2025   1   8640 GPS  -2267730.604  5009113.053  3221291.067
2025   1   8670 GPS  -2267739.769  5009124.185  3221293.724
2025   1   8700 GPS  -2267715.187  5009111.035  3221296.920
2025   1   8730 GPS  -2267701.150  5009079.263  3221266.318
2025   1   8760 GPS  -2267719.166  5009068.467  3221250.320
2025   1   8790 GPS  -2267736.865  5009113.368  3221292.924
2025   1   8820 GPS  -2267712.540  5009086.123  3221273.797
2025   1   8850 GPS  -2267720.919  5009117.660  3221276.062
2025   1   8880 GPS  -2267733.426  5009119.548  3221296.053
2025   1   8910 GPS  -2267721.465  5009109.031  3221273.993
2025   1   8940 GPS  -2267725.499  5009082.189  3221288.283
2025   1   8970 GPS  -2267728.018  5009123.005  3221292.429
2025   1   9000 GPS  -2267746.566  5009117.970  3221301.633
2025   1   9030 GPS  -2267762.499  5009122.622  3221302.804
2025   1   9060 GPS  -2267739.498  5009080.883  3221287.478
2025   1   9090 GPS  -2267719.908  5009058.841  3221277.550
2025   1   9120 GPS  -2267711.548  5009051.833  3221284.925
2025   1   9150 GPS  -2267713.168  5009017.149  3221280.500
2025   1   9180 GPS  -2267700.453  5009068.896  3221281.562
2025   1   9210 GPS  -2267717.621  5009058.828  3221272.091
2025   1   9240 GPS  -2267759.075  5009155.820  3221312.682
2025   1   9270 GPS  -2267725.249  5009094.577  3221285.861
2025   1   9300 GPS  -2267736.792  5009123.140  3221300.152
2025   1   9330 GPS  -2267729.314  5009081.931  3221279.627
2025   1   9360 GPS  -2267758.214  5009113.281  3221277.312
2025   1   9390 GPS  -2267760.097  5009149.132  3221311.402
2025   1   9420 GPS  -2267749.132  5009095.846  3221291.091
2025   1   9450 GPS  -2267786.054  5009142.343  3221293.379
2025   1   9480 GPS  -2267770.980  5009138.519  3221294.119
2025   1   9510 GPS  -2267748.126  5009072.972  3221279.471
2025   1   9540 GPS  -2267754.129  5009136.200  3221295.803
2025   1   9570 GPS  -2267745.693  5009127.009  3221285.956
2025   1   9600 GPS  -2267732.389  5009125.729  3221300.481
2025   1   9630 GPS  -2267706.495  5009080.870  3221276.184
2025   1   9660 GPS  -2267674.448  5009053.039  3221268.757
2025   1   9690 GPS  -2267695.447  5009062.837  3221247.045
2025   1   9720 GPS  -2267703.779  5009044.061  3221249.658
2025   1   9750 GPS  -2267688.140  5009073.184  3221269.682
2025   1   9780 GPS  -2267729.934  5009097.274  3221255.531
2025   1   9810 GPS  -2267688.191  5009034.875  3221239.943
2025   1   9840 GPS  -2267725.994  5009111.026  3221278.777
2025   1   9870 GPS  -2267705.722  5009107.984  3221257.349
2025   1   9900 GPS  -2267755.488  5009138.674  3221269.000
2025   1   9930 GPS  -2267757.290  5009102.536  3221268.491
2025   1   9960 GPS  -2267762.811  5009086.936  3221263.447
2025   1   9990 GPS  -2267735.929  5009122.046  3221281.969
2025   1  10020 GPS  -2267725.315  5009110.426  3221271.694
2025   1  10050 GPS  -2267736.238  5009073.210  3221243.226
2025   1  10080 GPS  -2267687.818  5009004.960  3221223.504
2025   1  10110 GPS  -2267681.199  5009037.927  3221207.063
2025   1  10140 GPS  -2267677.778  5008993.749  3221213.980
2025   1  10170 GPS  -2267717.843  5009045.830  3221242.373
2025   1  10200 GPS  -2267702.850  5009043.571  3221235.785
2025   1  10230 GPS  -2267708.070  5009044.184  3221232.892
2025   1  10260 GPS  -2267702.912  5009089.993  3221254.027
2025   1  10290 GPS  -2267709.857  5009096.922  3221248.499
2025   1  10320 GPS  -2267709.681  5009060.121  3221233.042
2025   1  10350 GPS  -2267726.828  5009101.172  3221246.570
2025   1  10380 GPS  -2267715.806  5009094.453  3221250.101
2025   1  10410 GPS  -2267696.296  5009005.155  3221199.010
2025   1  10440 GPS  -2267730.666  5009083.567  3221238.445
2025   1  10470 GPS  -2267699.893  5009044.260  3221231.817
2025   1  10500 GPS  -2267703.202  5009032.961  3221224.402
2025   1  10530 GPS  -2267723.283  5009038.825  3221217.583
2025   1  10560 GPS  -2267681.329  5008984.235  3221184.994
2025   1  10590 GPS  -2267664.662  5008974.388  3221192.511
2025   1  10620 GPS  -2267702.923  5009053.843  3221277.198
2025   1  10650 GPS  -2267746.050  5009121.175  3221292.191
2025   1  10680 GPS  -2267740.444  5009122.756  3221290.718
2025   1  10710 GPS  -2267772.086  5009156.159  3221295.338
2025   1  10740 GPS  -2267777.656  5009188.660  3221312.994
2025   1  10770 GPS  -2267719.968  5009106.458  3221261.562
2025   1  10800 GPS  -2267729.321  5009142.378  3221286.367
2025   1  10830 GPS  -2267724.385  5009132.047  3221305.702
2025   1  10860 GPS  -2267724.073  5009105.724  3221300.974
2025   1  10890 GPS  -2267716.699  5009119.930  3221321.834
2025   1  10920 GPS  -2267713.178  5009096.961  3221280.837
2025   1  10950 GPS  -2267763.244  5009151.645  3221295.721
2025   1  10980 GPS  -2267720.994  5009100.569  3221256.134
2025   1  11010 GPS  -2267757.667  5009184.936  3221317.622
2025   1  11040 GPS  -2267728.282  5009109.788  3221242.637
2025   1  11070 GPS  -2267714.704  5009097.472  3221255.017
2025   1  11100 GPS  -2267736.176  5009073.868  3221238.245
2025   1  11130 GPS  -2267704.699  5009063.658  3221223.097
2025   1  11160 GPS  -2267733.903  5009095.593  3221223.401
2025   1  11190 GPS  -2267748.042  5009104.427  3221240.798
2025   1  11220 GPS  -2267754.527  5009061.441  3221244.294
2025   1  11250 GPS  -2267696.513  5008994.099  3221171.692
2025   1  11280 GPS  -2267751.001  5009107.919  3221246.818
2025   1  11310 GPS  -2267716.238  5009077.674  3221263.287
2025   1  11340 GPS  -2267720.565  5009080.634  3221250.247
2025   1  11370 GPS  -2267751.831  5009097.156  3221274.016
2025   1  11400 GPS  -2267785.511  5009117.264  3221266.982
2025   1  11430 GPS  -2267711.581  5009030.622  3221226.149
2025   1  11460 GPS  -2267716.792  5009071.235  3221239.146
2025   1  11490 GPS  -2267721.545  5009102.190  3221281.978
2025   1  11520 GPS  -2267758.814  5009093.095  3221245.186
2025   1  11550 GPS  -2267727.819  5009107.200  3221262.507
2025   1  11580 GPS  -2267745.370  5009136.111  3221298.176
2025   1  11610 GPS  -2267741.619  5009147.999  3221333.108
2025   1  11640 GPS  -2267732.793  5009107.895  3221266.999
2025   1  11670 GPS  -2267745.338  5009120.668  3221284.332
2025   1  11700 GPS  -2267730.308  5009118.430  3221276.507
2025   1  11730 GPS  -2267737.574  5009115.374  3221296.163
2025   1  11760 GPS  -2267754.507  5009138.289  3221288.304
2025   1  11790 GPS  -2267753.386  5009153.595  3221293.083
2025   1  11820 GPS  -2267738.458  5009129.957  3221263.447
2025   1  11850 GPS  -2267762.187  5009154.120  3221271.698
2025   1  11880 GPS  -2267746.726  5009141.855  3221295.039
2025   1  11910 GPS  -2267723.204  5009095.553  3221260.275
2025   1  11940 GPS  -2267739.248  5009106.522  3221261.454
2025   1  11970 GPS  -2267741.907  5009127.577  3221281.217
2025   1  12000 GPS  -2267729.657  5009138.465  3221278.389
2025   1  12030 GPS  -2267741.627  5009115.943  3221268.448
2025   1  12060 GPS  -2267729.142  5009084.595  3221261.709
2025   1  12090 GPS  -2267733.959  5009129.992  3221280.062
2025   1  12120 GPS  -2267747.037  5009158.755  3221272.671
2025   1  12150 GPS  -2267730.332  5009131.119  3221262.124
2025   1  12180 GPS  -2267706.359  5009125.366  3221267.920
2025   1  12210 GPS  -2267717.780  5009138.994  3221258.362
2025   1  12240 GPS  -2267695.222  5009080.954  3221279.142
2025   1  12270 GPS  -2267745.138  5009117.358  3221268.433
2025   1  12300 GPS  -2267738.715  5009099.016  3221247.787
2025   1  12330 GPS  -2267786.855  5009194.658  3221301.928
2025   1  12360 GPS  -2267748.073  5009159.028  3221269.866
2025   1  12390 GPS  -2267789.247  5009158.384  3221281.511
2025   1  12420 GPS  -2267778.890  5009134.903  3221278.870
2025   1  12450 GPS  -2267736.868  5009120.799  3221252.980
2025   1  12480 GPS  -2267787.590  5009172.230  3221277.334
2025   1  12510 GPS  -2267768.606  5009190.762  3221288.961
2025   1  12540 GPS  -2267762.236  5009154.465  3221272.624
2025   1  12570 GPS  -2267795.946  5009153.333  3221269.009
2025   1  12600 GPS  -2267790.307  5009176.717  3221298.129
2025   1  12630 GPS  -2267796.608  5009173.475  3221298.982
2025   1  12660 GPS  -2267764.500  5009164.055  3221288.529
2025   1  12690 GPS  -2267747.471  5009163.526  3221276.912
2025   1  12720 GPS  -2267770.544  5009142.404  3221281.744
2025   1  12750 GPS  -2267733.123  5009135.483  3221243.050
2025   1  12780 GPS  -2267741.645  5009150.002  3221253.097
2025   1  12810 GPS  -2267780.049  5009169.624  3221269.648
2025   1  12840 GPS  -2267770.003  5009173.147  3221278.003
2025   1  12870 GPS  -2267755.710  5009171.522  3221292.088
2025   1  12900 GPS  -2267749.436  5009169.398  3221298.601
2025   1  12930 GPS  -2267754.816  5009154.215  3221296.254
2025   1  12960 GPS  -2267752.576  5009134.407  3221295.078
2025   1  12990 GPS  -2267710.842  5009092.421  3221268.535
2025   1  13020 GPS  -2267802.572  5009223.623  3221312.489
2025   1  13050 GPS  -2267768.991  5009181.374  3221317.838
2025   1  13080 GPS  -2267789.291  5009184.991  3221317.628
2025   1  13110 GPS  -2267748.356  5009087.438  3221313.304
2025   1  13140 GPS  -2267766.050  5009114.381  3221316.147
2025   1  13170 GPS  -2267778.951  5009151.984  3221300.041
2025   1  13200 GPS  -2267787.514  5009167.111  3221288.143
2025   1  13230 GPS  -2267753.717  5009122.886  3221251.748
2025   1  13260 GPS  -2267735.380  5009112.750  3221268.177
2025   1  13290 GPS  -2267762.756  5009169.363  3221296.357
2025   1  13320 GPS  -2267753.676  5009102.498  3221268.055
2025   1  13350 GPS  -2267787.808  5009139.608  3221298.439
2025   1  13380 GPS  -2267773.283  5009189.572  3221301.709
2025   1  13410 GPS  -2267779.210  5009154.454  3221304.355
2025   1  13440 GPS  -2267758.488  5009101.062  3221274.511
2025   1  13470 GPS  -2267783.372  5009150.856  3221326.830
2025   1  13500 GPS  -2267730.615  5009124.364  3221258.339
2025   1  13530 GPS  -2267739.505  5009149.699  3221285.495
2025   1  13560 GPS  -2267737.974  5009164.144  3221282.343
2025   1  13590 GPS  -2267757.251  5009183.797  3221296.497
2025   1  13620 GPS  -2267746.218  5009140.618  3221281.639
2025   1  13650 GPS  -2267797.435  5009151.461  3221289.719
2025   1  13680 GPS  -2267766.170  5009144.984  3221314.104
2025   1  13710 GPS  -2267795.086  5009135.328  3221285.307
2025   1  13740 GPS  -2267779.893  5009139.121  3221311.929
2025   1  13770 GPS  -2267790.085  5009179.254  3221281.206
2025   1  13800 GPS  -2267766.873  5009202.214  3221305.237
2025   1  13830 GPS  -2267758.870  5009100.502  3221304.529
2025   1  13860 GPS  -2267778.263  5009148.652  3221287.871
2025   1  13890 GPS  -2267755.008  5009095.823  3221281.543
2025   1  13920 GPS  -2267784.659  5009117.757  3221295.047
2025   1  13950 GPS  -2267780.864  5009207.178  3221324.775
2025   1  13980 GPS  -2267746.412  5009156.114  3221287.213
2025   1  14010 GPS  -2267751.027  5009146.871  3221273.191
2025   1  14040 GPS  -2267749.403  5009125.453  3221285.600
2025   1  14070 GPS  -2267749.618  5009113.836  3221294.343
2025   1  14100 GPS  -2267779.473  5009205.786  3221311.815
2025   1  14130 GPS  -2267780.485  5009178.040  3221331.225
2025   1  14160 GPS  -2267797.281  5009190.372  3221320.194
2025   1  14190 GPS  -2267824.816  5009242.785  3221330.830
2025   1  14220 GPS  -2267756.571  5009165.415  3221267.657
2025   1  14250 GPS  -2267794.957  5009197.968  3221292.850
2025   1  14280 GPS  -2267763.433  5009126.426  3221288.287
2025   1  14310 GPS  -2267783.016  5009209.202  3221338.442
2025   1  14340 GPS  -2267753.712  5009210.811  3221316.906
2025   1  14370 GPS  -2267782.380  5009216.602  3221343.730
2025   1  14400 GPS  -2267773.872  5009187.431  3221309.913
2025   1  14430 GPS  -2267767.263  5009183.048  3221305.081
2025   1  14460 GPS  -2267767.831  5009153.634  3221315.222
2025   1  14490 GPS  -2267774.680  5009189.182  3221319.764
2025   1  14520 GPS  -2267763.806  5009173.098  3221331.208
2025   1  14550 GPS  -2267753.630  5009176.937  3221297.913
2025   1  14580 GPS  -2267770.788  5009170.284  3221306.156
2025   1  14610 GPS  -2267786.304  5009167.476  3221304.839
2025   1  14640 GPS  -2267754.465  5009144.436  3221262.822
2025   1  14670 GPS  -2267753.249  5009169.827  3221283.715
2025   1  14700 GPS  -2267763.209  5009176.936  3221288.975
2025   1  14730 GPS  -2267763.788  5009192.156  3221312.722
2025   1  14760 GPS  -2267763.842  5009178.967  3221303.706
2025   1  14790 GPS  -2267766.028  5009177.953  3221313.903
2025   1  14820 GPS  -2267771.451  5009163.374  3221303.270
2025   1  14850 GPS  -2267766.641  5009169.678  3221300.709
2025   1  14880 GPS  -2267793.679  5009201.385  3221306.817
2025   1  14910 GPS  -2267778.676  5009170.506  3221281.649
2025   1  14940 GPS  -2267761.248  5009152.125  3221291.208
2025   1  14970 GPS  -2267752.218  5009153.697  3221279.954
2025   1  15000 GPS  -2267748.024  5009152.506  3221289.734
2025   1  15030 GPS  -2267734.318  5009149.704  3221311.965
2025   1  15060 GPS  -2267729.074  5009101.936  3221270.963
2025   1  15090 GPS  -2267744.463  5009127.925  3221275.925
2025   1  15120 GPS  -2267738.864  5009141.333  3221282.580
2025   1  15150 GPS  -2267752.843  5009152.002  3221265.687
2025   1  15180 GPS  -2267746.148  5009179.009  3221295.446
2025   1  15210 GPS  -2267767.818  5009169.077  3221304.081
2025   1  15240 GPS  -2267746.088  5009144.668  3221285.986
2025   1  15270 GPS  -2267728.267  5009129.966  3221288.468
2025   1  15300 GPS  -2267748.581  5009129.427  3221294.169
2025   1  15330 GPS  -2267761.460  5009188.323  3221304.486
2025   1  15360 GPS  -2267736.589  5009137.781  3221286.301
2025   1  15390 GPS  -2267787.796  5009184.831  3221318.794
2025   1  15420 GPS  -2267760.504  5009152.951  3221318.341
2025   1  15450 GPS  -2267732.519  5009116.756  3221285.195
2025   1  15480 GPS  -2267754.513  5009131.855  3221309.046
2025   1  15510 GPS  -2267768.732  5009193.080  3221313.654
2025   1  15540 GPS  -2267768.343  5009191.548  3221299.156
2025   1  15570 GPS  -2267784.152  5009216.058  3221299.863
2025   1  15600 GPS  -2267770.917  5009188.765  3221317.770
2025   1  15630 GPS  -2267780.437  5009232.996  3221312.362
2025   1  15660 GPS  -2267779.124  5009209.502  3221313.515
2025   1  15690 GPS  -2267795.266  5009205.716  3221299.687
2025   1  15720 GPS  -2267759.253  5009133.724  3221290.135
2025   1  15750 GPS  -2267765.165  5009122.258  3221274.421
2025   1  15780 GPS  -2267776.718  5009179.167  3221304.715
2025   1  15810 GPS  -2267732.285  5009090.294  3221263.260
2025   1  15840 GPS  -2267761.077  5009212.187  3221298.226
2025   1  15870 GPS  -2267754.888  5009199.025  3221298.790
2025   1  15900 GPS  -2267766.835  5009176.701  3221282.439
2025   1  15930 GPS  -2267775.752  5009184.226  3221311.768
2025   1  15960 GPS  -2267780.031  5009216.152  3221309.695
2025   1  15990 GPS  -2267753.169  5009176.336  3221289.240
2025   1  16020 GPS  -2267777.786  5009199.774  3221290.839
2025   1  16050 GPS  -2267741.216  5009147.220  3221258.869
2025   1  16080 GPS  -2267773.767  5009170.364  3221299.617
2025   1  16110 GPS  -2267770.967  5009146.935  3221286.260
2025   1  16140 GPS  -2267773.891  5009183.284  3221307.482
2025   1  16170 GPS  -2267741.103  5009178.764  3221311.300
2025   1  16200 GPS  -2267743.696  5009138.486  3221289.682
2025   1  16230 GPS  -2267766.719  5009147.994  3221271.635
2025   1  16260 GPS  -2267798.008  5009183.343  3221281.708
2025   1  16290 GPS  -2267775.207  5009137.823  3221283.736
2025   1  16320 GPS  -2267766.721  5009160.065  3221317.137
2025   1  16350 GPS  -2267781.020  5009210.436  3221304.054
2025   1  16380 GPS  -2267777.237  5009135.367  3221283.861
2025   1  16410 GPS  -2267770.442  5009150.616  3221276.799
2025   1  16440 GPS  -2267776.438  5009185.020  3221312.142
2025   1  16470 GPS  -2267760.128  5009152.038  3221288.753
2025   1  16500 GPS  -2267759.415  5009169.087  3221298.295
2025   1  16530 GPS  -2267758.033  5009192.064  3221302.572
2025   1  16560 GPS  -2267750.912  5009161.061  3221287.396
2025   1  16590 GPS  -2267754.261  5009135.497  3221278.639
2025   1  16620 GPS  -2267774.645  5009194.038  3221279.144
2025   1  16650 GPS  -2267759.130  5009176.712  3221278.377
2025   1  16680 GPS  -2267736.193  5009117.088  3221269.916
2025   1  16710 GPS  -2267792.103  5009162.284  3221284.874
2025   1  16740 GPS  -2267755.508  5009122.837  3221255.883
2025   1  16770 GPS  -2267737.436  5009109.069  3221245.265
2025   1  16800 GPS  -2267767.478  5009135.487  3221262.065
2025   1  16830 GPS  -2267727.589  5009103.104  3221264.473
2025   1  16860 GPS  -2267729.347  5009123.720  3221264.551
2025   1  16890 GPS  -2267751.912  5009067.126  3221241.003
2025   1  16920 GPS  -2267750.594  5009093.809  3221263.628
2025   1  16950 GPS  -2267776.270  5009164.536  3221294.452
2025   1  16980 GPS  -2267739.987  5009156.830  3221285.481
2025   1  17010 GPS  -2267727.700  5009137.513  3221272.316
2025   1  17040 GPS  -2267743.511  5009141.469  3221257.191
2025   1  17070 GPS  -2267729.179  5009138.267  3221277.262
2025   1  17100 GPS  -2267715.238  5009097.743  3221254.907
2025   1  17130 GPS  -2267754.486  5009169.314  3221269.792
2025   1  17160 GPS  -2267776.455  5009185.585  3221295.227
2025   1  17190 GPS  -2267761.105  5009200.382  3221296.725
2025   1  17220 GPS  -2267779.655  5009208.744  3221282.939
2025   1  17250 GPS  -2267782.931  5009248.901  3221304.758
2025   1  17280 GPS  -2267800.439  5009250.578  3221313.146
2025   1  17310 GPS  -2267786.748  5009202.966  3221284.262
2025   1  17340 GPS  -2267802.323  5009231.744  3221297.472
2025   1  17370 GPS  -2267786.573  5009199.933  3221302.859
2025   1  17400 GPS  -2267772.978  5009188.758  3221274.302
2025   1  17430 GPS  -2267789.561  5009192.599  3221294.095
2025   1  17460 GPS  -2267766.688  5009185.970  3221290.090
2025   1  17490 GPS  -2267777.356  5009144.534  3221269.813
2025   1  17520 GPS  -2267739.217  5009129.204  3221258.187
2025   1  17550 GPS  -2267758.361  5009153.581  3221270.439
2025   1  17580 GPS  -2267769.534  5009147.614  3221279.339
2025   1  17610 GPS  -2267771.012  5009184.390  3221291.576
2025   1  17640 GPS  -2267795.557  5009212.353  3221313.205
2025   1  17670 GPS  -2267766.234  5009144.844  3221291.974
2025   1  17700 GPS  -2267757.688  5009133.369  3221261.174
2025   1  17730 GPS  -2267756.468  5009130.567  3221264.457
2025   1  17760 GPS  -2267793.326  5009162.566  3221266.264
2025   1  17790 GPS  -2267761.087  5009150.312  3221256.944
2025   1  17820 GPS  -2267786.119  5009170.753  3221276.144
2025   1  17850 GPS  -2267772.500  5009157.386  3221290.200
2025   1  17880 GPS  -2267758.161  5009125.273  3221277.326
2025   1  17910 GPS  -2267735.943  5009117.013  3221241.112
2025   1  17940 GPS  -2267757.529  5009177.313  3221279.709
2025   1  17970 GPS  -2267760.172  5009155.807  3221270.533
2025   1  18000 GPS  -2267783.569  5009177.410  3221297.537
2025   1  18030 GPS  -2267786.198  5009228.845  3221327.602
2025   1  18060 GPS  -2267794.785  5009221.503  3221318.423
2025   1  18090 GPS  -2267786.672  5009230.231  3221328.501
2025   1  18120 GPS  -2267796.973  5009265.134  3221338.500
2025   1  18150 GPS  -2267760.616  5009241.997  3221328.066
2025   1  18180 GPS  -2267779.557  5009220.092  3221343.538
2025   1  18210 GPS  -2267773.790  5009193.295  3221330.861
2025   1  18240 GPS  -2267759.534  5009218.353  3221337.655
2025   1  18270 GPS  -2267772.516  5009243.835  3221346.560
2025   1  18300 GPS  -2267759.196  5009210.704  3221315.870
2025   1  18330 GPS  -2267768.167  5009215.495  3221301.293
2025   1  18360 GPS  -2267758.297  5009175.034  3221286.844
2025   1  18390 GPS  -2267773.906  5009193.964  3221304.924
2025   1  18420 GPS  -2267754.228  5009211.440  3221292.472
2025   1  18450 GPS  -2267750.207  5009206.774  3221304.526
2025   1  18480 GPS  -2267731.400  5009218.778  3221310.269
2025   1  18510 GPS  -2267746.219  5009215.903  3221317.407
2025   1  18540 GPS  -2267720.705  5009215.007  3221313.096
2025   1  18570 GPS  -2267719.336  5009154.394  3221277.074
2025   1  18600 GPS  -2267750.815  5009218.909  3221315.280
2025   1  18630 GPS  -2267721.685  5009142.415  3221275.777
2025   1  18660 GPS  -2267732.279  5009147.802  3221277.981
2025   1  18690 GPS  -2267772.115  5009152.259  3221277.037
2025   1  18720 GPS  -2267774.079  5009139.848  3221280.284
2025   1  18750 GPS  -2267740.724  5009153.618  3221272.838
2025   1  18780 GPS  -2267738.637  5009139.178  3221278.709
2025   1  18810 GPS  -2267767.492  5009180.277  3221302.246
2025   1  18840 GPS  -2267771.946  5009197.457  3221306.800
2025   1  18870 GPS  -2267784.170  5009229.984  3221330.046
2025   1  18900 GPS  -2267760.899  5009193.459  3221307.972
2025   1  18930 GPS  -2267727.703  5009175.440  3221292.596
2025   1  18960 GPS  -2267730.228  5009161.421  3221289.975
2025   1  18990 GPS  -2267756.671  5009151.542  3221279.779
2025   1  19020 GPS  -2267763.421  5009194.561  3221312.803
2025   1  19050 GPS  -2267751.383  5009145.058  3221271.399
2025   1  19080 GPS  -2267760.946  5009170.718  3221284.722
2025   1  19110 GPS  -2267768.556  5009137.559  3221258.499
2025   1  19140 GPS  -2267760.734  5009149.670  3221274.628
2025   1  19170 GPS  -2267739.277  5009146.913  3221277.508
2025   1  19200 GPS  -2267759.801  5009180.547  3221298.458
2025   1  19230 GPS  -2267734.799  5009192.921  3221286.086
2025   1  19260 GPS  -2267730.772  5009182.728  3221274.314
2025   1  19290 GPS  -2267733.130  5009165.230  3221286.438
2025   1  19320 GPS  -2267752.564  5009211.098  3221321.982
2025   1  19350 GPS  -2267751.278  5009192.679  3221302.465
2025   1  19380 GPS  -2267734.947  5009164.480  3221270.094
2025   1  19410 GPS  -2267722.441  5009174.432  3221286.548
2025   1  19440 GPS  -2267766.642  5009159.862  3221294.211
2025   1  19470 GPS  -2267753.501  5009127.303  3221268.011
2025   1  19500 GPS  -2267778.572  5009133.714  3221306.743
2025   1  19530 GPS  -2267754.364  5009117.795  3221276.160
2025   1  19560 GPS  -2267751.144  5009162.296  3221284.774
2025   1  19590 GPS  -2267737.019  5009168.727  3221264.837
2025   1  19620 GPS  -2267734.729  5009179.415  3221266.363
2025   1  19650 GPS  -2267764.689  5009186.486  3221296.711
2025   1  19680 GPS  -2267738.277  5009123.268  3221245.564
2025   1  19710 GPS  -2267756.031  5009128.291  3221255.071
2025   1  19740 GPS  -2267777.101  5009164.245  3221318.673
2025   1  19770 GPS  -2267776.115  5009166.516  3221289.189
2025   1  19800 GPS  -2267756.353  5009158.379  3221264.507
2025   1  19830 GPS  -2267771.316  5009178.466  3221306.373
2025   1  19860 GPS  -2267759.066  5009167.973  3221292.785
2025   1  19890 GPS  -2267749.360  5009135.055  3221275.328
2025   1  19920 GPS  -2267767.331  5009181.206  3221301.217
2025   1  19950 GPS  -2267748.589  5009124.172  3221287.727
2025   1  19980 GPS  -2267743.494  5009115.067  3221260.139
2025   1  20010 GPS  -2267736.262  5009112.590  3221260.448
2025   1  20040 GPS  -2267751.120  5009112.102  3221267.887
2025   1  20070 GPS  -2267736.031  5009093.737  3221269.229
2025   1  20100 GPS  -2267744.964  5009121.710  3221275.649
2025   1  20130 GPS  -2267776.365  5009122.092  3221301.667
2025   1  20160 GPS  -2267744.026  5009111.448  3221258.261
2025   1  20190 GPS  -2267760.681  5009128.201  3221253.383
2025   1  20220 GPS  -2267739.608  5009136.006  3221260.213
2025   1  20250 GPS  -2267705.297  5009108.631  3221229.960
2025   1  20280 GPS  -2267741.234  5009121.141  3221267.435
2025   1  20310 GPS  -2267780.562  5009169.182  3221300.114
2025   1  20340 GPS  -2267768.678  5009154.692  3221276.545
2025   1  20370 GPS  -2267765.741  5009145.054  3221283.774
2025   1  20400 GPS  -2267786.709  5009187.323  3221286.852
2025   1  20430 GPS  -2267763.916  5009145.167  3221279.257
2025   1  20460 GPS  -2267782.470  5009194.245  3221309.708
2025   1  20490 GPS  -2267742.448  5009151.572  3221285.938
2025   1  20520 GPS  -2267718.747  5009118.036  3221260.233
2025   1  20550 GPS  -2267743.583  5009181.138  3221275.922
2025   1  20580 GPS  -2267762.476  5009161.258  3221309.918
2025   1  20610 GPS  -2267759.283  5009178.695  3221299.898
2025   1  20640 GPS  -2267793.858  5009213.634  3221312.797
2025   1  20670 GPS  -2267769.471  5009198.901  3221314.283
2025   1  20700 GPS  -2267770.046  5009204.156  3221304.211
2025   1  20730 GPS  -2267791.518  5009218.522  3221317.515
2025   1  20760 GPS  -2267763.943  5009186.786  3221299.755
2025   1  20790 GPS  -2267755.697  5009172.269  3221306.864
2025   1  20820 GPS  -2267753.804  5009139.474  3221308.045
2025   1  20850 GPS  -2267757.011  5009185.446  3221314.095
2025   1  20880 GPS  -2267744.509  5009164.826  3221297.682
2025   1  20910 GPS  -2267745.646  5009180.379  3221296.018
2025   1  20940 GPS  -2267724.749  5009157.724  3221277.283
2025   1  20970 GPS  -2267748.324  5009141.533  3221285.395
2025   1  21000 GPS  -2267764.041  5009189.683  3221313.070
2025   1  21030 GPS  -2267770.683  5009171.853  3221307.110
2025   1  21060 GPS  -2267736.051  5009103.319  3221280.830
2025   1  21090 GPS  -2267748.294  5009122.767  3221294.133
2025   1  21120 GPS  -2267762.775  5009146.891  3221302.838
2025   1  21150 GPS  -2267754.434  5009131.263  3221318.669
2025   1  21180 GPS  -2267749.464  5009119.420  3221292.026
2025   1  21210 GPS  -2267754.455  5009103.639  3221313.966
2025   1  21240 GPS  -2267737.201  5009114.533  3221270.778
2025   1  21270 GPS  -2267748.520  5009121.126  3221287.647
2025   1  21300 GPS  -2267742.349  5009110.504  3221289.569
2025   1  21330 GPS  -2267752.209  5009120.365  3221286.236
2025   1  21360 GPS  -2267744.464  5009128.524  3221284.766
2025   1  21390 GPS  -2267744.394  5009130.527  3221296.114
2025   1  21420 GPS  -2267744.488  5009143.976  3221291.852
2025   1  21450 GPS  -2267734.555  5009110.706  3221293.030
2025   1  21480 GPS  -2267742.958  5009119.263  3221282.024
2025   1  21510 GPS  -2267773.290  5009188.708  3221307.534
2025   1  21540 GPS  -2267751.446  5009165.490  3221274.680
2025   1  21570 GPS  -2267746.309  5009159.594  3221303.722
2025   1  21600 GPS  -2267763.062  5009176.204  3221325.123
2025   1  21630 GPS  -2267729.946  5009135.867  3221287.096
2025   1  21660 GPS  -2267759.211  5009175.644  3221341.763
2025   1  21690 GPS  -2267768.287  5009169.277  3221351.631
2025   1  21720 GPS  -2267752.950  5009156.019  3221322.435
2025   1  21750 GPS  -2267782.185  5009199.340  3221317.278
2025   1  21780 GPS  -2267757.405  5009207.596  3221308.317
2025   1  21810 GPS  -2267740.235  5009170.123  3221312.003
2025   1  21840 GPS  -2267786.356  5009231.149  3221359.218
2025   1  21870 GPS  -2267763.492  5009203.851  3221336.080
2025   1  21900 GPS  -2267780.546  5009235.679  3221349.650
2025   1  21930 GPS  -2267756.526  5009219.468  3221343.797
2025   1  21960 GPS  -2267753.094  5009240.571  3221345.774
2025   1  21990 GPS  -2267783.802  5009216.028  3221338.188
2025   1  22020 GPS  -2267727.018  5009146.609  3221343.781
2025   1  22050 GPS  -2267771.557  5009217.034  3221354.641
2025   1  22080 GPS  -2267742.201  5009198.117  3221331.225
2025   1  22110 GPS  -2267763.330  5009236.794  3221316.953
2025   1  22140 GPS  -2267732.915  5009200.835  3221309.367
2025   1  22170 GPS  -2267713.325  5009152.171  3221326.271
2025   1  22200 GPS  -2267751.125  5009193.099  3221319.446
2025   1  22230 GPS  -2267760.015  5009162.978  3221287.417
2025   1  22260 GPS  -2267760.144  5009189.010  3221309.180
2025   1  22290 GPS  -2267737.984  5009168.748  3221289.351
2025   1  22320 GPS  -2267728.925  5009112.063  3221266.068
2025   1  22350 GPS  -2267737.022  5009137.249  3221291.522
2025   1  22380 GPS  -2267744.791  5009132.773  3221285.498
2025   1  22410 GPS  -2267733.637  5009181.393  3221298.526
2025   1  22440 GPS  -2267750.375  5009139.198  3221280.608
2025   1  22470 GPS  -2267760.186  5009151.502  3221302.161
2025   1  22500 GPS  -2267747.734  5009121.803  3221275.649
2025   1  22530 GPS  -2267776.695  5009121.407  3221272.306
2025   1  22560 GPS  -2267750.092  5009134.692  3221317.414
2025   1  22590 GPS  -2267744.478  5009130.394  3221317.479
2025   1  22620 GPS  -2267733.551  5009120.904  3221328.699
2025   1  22650 GPS  -2267719.975  5009126.997  3221337.807
2025   1  22680 GPS  -2267749.763  5009147.461  3221324.893
2025   1  22710 GPS  -2267747.077  5009199.918  3221327.270
2025   1  22740 GPS  -2267757.773  5009154.677  3221285.038
2025   1  22770 GPS  -2267755.453  5009157.158  3221286.809
2025   1  22800 GPS  -2267721.420  5009102.878  3221317.196
2025   1  22830 GPS  -2267745.549  5009119.805  3221326.060
2025   1  22860 GPS  -2267745.505  5009124.095  3221301.831
2025   1  22890 GPS  -2267758.381  5009180.504  3221338.110
2025   1  22920 GPS  -2267743.392  5009146.787  3221305.095
2025   1  22950 GPS  -2267705.570  5009215.535  3221368.453
2025   1  22980 GPS  -2267712.784  5009171.786  3221310.353
2025   1  23010 GPS  -2267743.759  5009192.989  3221321.180
2025   1  23040 GPS  -2267757.552  5009193.803  3221314.145
2025   1  23070 GPS  -2267723.867  5009234.301  3221375.543
2025   1  23100 GPS  -2267687.311  5009178.485  3221312.179
2025   1  23130 GPS  -2267750.675  5009219.202  3221335.800
2025   1  23160 GPS  -2267727.491  5009200.058  3221340.977
2025   1  23190 GPS  -2267741.789  5009174.405  3221288.695
2025   1  23220 GPS  -2267752.585  5009124.070  3221269.096
2025   1  23250 GPS  -2267761.860  5009160.030  3221332.458
2025   1  23280 GPS  -2267762.305  5009180.727  3221302.013
2025   1  23310 GPS  -2267748.551  5009199.452  3221313.479
2025   1  23340 GPS  -2267751.125  5009172.176  3221331.140
2025   1  23370 GPS  -2267737.497  5009183.459  3221291.868
2025   1  23400 GPS  -2267704.661  5009140.435  3221315.929
2025   1  23430 GPS  -2267695.761  5009160.955  3221336.233
2025   1  23460 GPS  -2267694.987  5009196.097  3221332.269
2025   1  23490 GPS  -2267745.094  5009268.023  3221339.649
2025   1  23520 GPS  -2267730.723  5009239.027  3221334.401
2025   1  23550 GPS  -2267770.038  5009197.838  3221302.404
2025   1  23580 GPS  -2267776.998  5009192.539  3221318.198
2025   1  23610 GPS  -2267719.054  5009131.457  3221296.552
2025   1  23640 GPS  -2267751.035  5009129.776  3221287.172
2025   1  23670 GPS  -2267717.948  5009124.541  3221276.142
2025   1  23700 GPS  -2267736.759  5009133.338  3221261.956
2025   1  23730 GPS  -2267726.226  5009165.331  3221342.492
2025   1  23760 GPS  -2267720.714  5009125.617  3221272.044
2025   1  23790 GPS  -2267740.557  5009141.689  3221275.148
2025   1  23820 GPS  -2267745.137  5009162.341  3221304.978
2025   1  23850 GPS  -2267727.049  5009134.784  3221266.169
2025   1  23880 GPS  -2267718.247  5009171.755  3221297.613
2025   1  23910 GPS  -2267733.709  5009143.135  3221285.833
2025   1  23940 GPS  -2267700.823  5009235.066  3221344.757
2025   1  23970 GPS  -2267731.777  5009190.028  3221314.200
2025   1  24000 GPS  -2267735.725  5009180.287  3221306.115
2025   1  24030 GPS  -2267726.122  5009162.996  3221302.680
2025   1  24060 GPS  -2267725.415  5009141.577  3221279.500
2025   1  24090 GPS  -2267740.616  5009171.128  3221316.137
2025   1  24120 GPS  -2267734.155  5009100.490  3221265.036
2025   1  24150 GPS  -2267749.489  5009127.552  3221275.525
2025   1  24180 GPS  -2267752.397  5009157.107  3221307.645
2025   1  24210 GPS  -2267750.218  5009166.551  3221302.388
2025   1  24240 GPS  -2267746.098  5009181.930  3221316.634
2025   1  24270 GPS  -2267745.502  5009188.903  3221335.220
2025   1  24300 GPS  -2267731.457  5009194.783  3221325.750
2025   1  24330 GPS  -2267737.413  5009221.636  3221357.472
2025   1  24360 GPS  -2267739.113  5009173.365  3221311.139
2025   1  24390 GPS  -2267737.807  5009134.762  3221289.049
2025   1  24420 GPS  -2267729.951  5009094.889  3221263.005
2025   1  24450 GPS  -2267736.032  5009132.426  3221278.890
2025   1  24480 GPS  -2267745.209  5009190.715  3221324.632
2025   1  24510 GPS  -2267735.430  5009162.486  3221297.432
2025   1  24540 GPS  -2267739.874  5009135.941  3221280.381
2025   1  24570 GPS  -2267731.552  5009151.045  3221296.366
2025   1  24600 GPS  -2267718.269  5009162.217  3221318.267
2025   1  24630 GPS  -2267757.719  5009197.910  3221324.979
2025   1  24660 GPS  -2267759.325  5009204.111  3221326.524
2025   1  24690 GPS  -2267758.659  5009185.081  3221308.216
2025   1  24720 GPS  -2267743.704  5009198.012  3221329.386
2025   1  24750 GPS  -2267759.371  5009200.364  3221330.003
2025   1  24780 GPS  -2267766.037  5009129.453  3221253.467
2025   1  24810 GPS  -2267769.757  5009151.535  3221280.571
2025   1  24840 GPS  -2267765.402  5009184.390  3221304.591
2025   1  24870 GPS  -2267766.830  5009184.266  3221302.235
2025   1  24900 GPS  -2267776.179  5009214.969  3221297.272
2025   1  24930 GPS  -2267768.729  5009242.169  3221329.778
2025   1  24960 GPS  -2267737.578  5009206.350  3221323.626
2025   1  24990 GPS  -2267743.444  5009195.581  3221319.925
2025   1  25020 GPS  -2267773.654  5009189.917  3221306.106
2025   1  25050 GPS  -2267751.977  5009144.239  3221295.182
2025   1  25080 GPS  -2267746.843  5009110.486  3221283.866
2025   1  25110 GPS  -2267737.490  5009106.209  3221271.113
2025   1  25140 GPS  -2267754.266  5009148.212  3221273.323
2025   1  25170 GPS  -2267755.394  5009199.400  3221309.442
2025   1  25200 GPS  -2267748.294  5009167.642  3221304.017
2025   1  25230 GPS  -2267751.564  5009163.528  3221301.877
2025   1  25260 GPS  -2267746.784  5009174.238  3221296.892
2025   1  25290 GPS  -2267734.988  5009150.682  3221301.909
2025   1  25320 GPS  -2267728.807  5009123.981  3221296.959
2025   1  25350 GPS  -2267725.896  5009134.562  3221295.936
2025   1  25380 GPS  -2267763.359  5009140.774  3221284.214
2025   1  25410 GPS  -2267722.620  5009142.068  3221298.822
2025   1  25440 GPS  -2267729.570  5009146.702  3221301.873
2025   1  25470 GPS  -2267746.525  5009183.344  3221304.696
2025   1  25500 GPS  -2267762.390  5009182.722  3221302.015
2025   1  25530 GPS  -2267743.779  5009175.330  3221303.309
2025   1  25560 GPS  -2267729.824  5009141.255  3221296.224
2025   1  25590 GPS  -2267744.685  5009159.943  3221300.060
2025   1  25620 GPS  -2267742.612  5009138.758  3221300.603
2025   1  25650 GPS  -2267810.667  5009239.942  3221327.833
2025   1  25680 GPS  -2267783.513  5009193.826  3221316.029
2025   1  25710 GPS  -2267783.125  5009186.375  3221311.662
2025   1  25740 GPS  -2267737.292  5009177.286  3221314.071
2025   1  25770 GPS  -2267738.919  5009173.727  3221319.601
2025   1  25800 GPS  -2267768.822  5009215.932  3221327.329
2025   1  25830 GPS  -2267785.478  5009218.893  3221323.736
2025   1  25860 GPS  -2267756.790  5009157.057  3221300.593
2025   1  25890 GPS  -2267767.706  5009172.124  3221300.978
2025   1  25920 GPS  -2267762.603  5009161.610  3221297.210
2025   1  25950 GPS  -2267732.445  5009150.034  3221300.653
2025   1  25980 GPS  -2267744.507  5009190.107  3221310.029
2025   1  26010 GPS  -2267761.920  5009199.121  3221323.302
2025   1  26040 GPS  -2267732.177  5009152.600  3221308.501
2025   1  26070 GPS  -2267748.779  5009173.623  3221304.355
2025   1  26100 GPS  -2267713.314  5009151.930  3221297.200
2025   1  26130 GPS  -2267760.764  5009177.973  3221302.935
2025   1  26160 GPS  -2267776.622  5009189.710  3221303.911
2025   1  26190 GPS  -2267758.095  5009143.586  3221282.974
2025   1  26220 GPS  -2267749.523  5009172.777  3221305.960
2025   1  26250 GPS  -2267735.620  5009131.184  3221283.921
2025   1  26280 GPS  -2267751.633  5009140.200  3221286.415
2025   1  26310 GPS  -2267767.649  5009177.777  3221304.900
2025   1  26340 GPS  -2267726.935  5009119.303  3221298.032
2025   1  26370 GPS  -2267764.465  5009176.874  3221310.952
2025   1  26400 GPS  -2267746.231  5009138.129  3221283.262
2025   1  26430 GPS  -2267753.248  5009168.269  3221298.384
2025   1  26460 GPS  -2267756.402  5009157.213  3221291.848
2025   1  26490 GPS  -2267742.302  5009133.049  3221289.139
2025   1  26520 GPS  -2267744.280  5009114.592  3221281.229
2025   1  26550 GPS  -2267788.395  5009207.002  3221311.926
2025   1  26580 GPS  -2267742.060  5009135.749  3221287.682
2025   1  26610 GPS  -2267757.093  5009160.739  3221292.594
2025   1  26640 GPS  -2267735.529  5009133.345  3221282.133
2025   1  26670 GPS  -2267733.443  5009115.586  3221286.003
2025   1  26700 GPS  -2267733.503  5009093.252  3221269.194
2025   1  26730 GPS  -2267784.188  5009162.979  3221286.414
2025   1  26760 GPS  -2267751.488  5009128.052  3221278.833
2025   1  26790 GPS  -2267733.792  5009118.932  3221272.660
2025   1  26820 GPS  -2267748.803  5009136.811  3221270.418
2025   1  26850 GPS  -2267720.075  5009146.770  3221282.408
2025   1  26880 GPS  -2267741.104  5009166.921  3221281.078
2025   1  26910 GPS  -2267735.837  5009148.046  3221294.682
2025   1  26940 GPS  -2267741.795  5009177.249  3221290.726
2025   1  26970 GPS  -2267769.412  5009181.380  3221300.276
2025   1  27000 GPS  -2267739.384  5009163.056  3221291.861
2025   1  27030 GPS  -2267701.762  5009126.861  3221293.907
2025   1  27060 GPS  -2267745.110  5009159.792  3221299.809
2025   1  27090 GPS  -2267705.716  5009121.565  3221282.835
2025   1  27120 GPS  -2267762.394  5009173.825  3221307.374
2025   1  27150 GPS  -2267745.615  5009155.800  3221296.212
2025   1  27180 GPS  -2267783.785  5009192.773  3221313.828
2025   1  27210 GPS  -2267748.456  5009150.552  3221286.875
2025   1  27240 GPS  -2267754.196  5009130.206  3221283.283
2025   1  27270 GPS  -2267815.302  5009208.840  3221325.867
2025   1  27300 GPS  -2267774.983  5009170.929  3221308.284
2025   1  27330 GPS  -2267740.664  5009151.580  3221300.858
2025   1  27360 GPS  -2267749.266  5009136.805  3221303.808
2025   1  27390 GPS  -2267795.715  5009186.287  3221321.588
2025   1  27420 GPS  -2267760.024  5009161.716  3221306.458
2025   1  27450 GPS  -2267773.992  5009184.409  3221312.787
2025   1  27480 GPS  -2267786.832  5009170.184  3221311.063
2025   1  27510 GPS  -2267774.002  5009185.262  3221306.551
2025   1  27540 GPS  -2267764.291  5009177.213  3221300.623
2025   1  27570 GPS  -2267745.171  5009134.503  3221291.672
2025   1  27600 GPS  -2267748.137  5009131.010  3221280.859
2025   1  27630 GPS  -2267724.109  5009130.667  3221287.451
2025   1  27660 GPS  -2267774.487  5009180.657  3221307.508
2025   1  27690 GPS  -2267755.202  5009163.595  3221289.927
2025   1  27720 GPS  -2267748.894  5009150.194  3221290.457
2025   1  27750 GPS  -2267762.119  5009162.034  3221303.592
2025   1  27780 GPS  -2267724.912  5009139.478  3221282.907
2025   1  27810 GPS  -2267758.466  5009141.624  3221295.782
2025   1  27840 GPS  -2267764.293  5009158.069  3221303.116
2025   1  27870 GPS  -2267755.225  5009150.780  3221294.507
2025   1  27900 GPS  -2267758.942  5009166.638  3221297.771
2025   1  27930 GPS  -2267744.671  5009181.479  3221304.015
2025   1  27960 GPS  -2267759.829  5009202.435  3221304.862
2025   1  27990 GPS  -2267789.851  5009217.982  3221319.094
2025   1  28020 GPS  -2267751.551  5009242.594  3221316.788
2025   1  28050 GPS  -2267764.368  5009233.123  3221323.528
2025   1  28080 GPS  -2267774.855  5009246.204  3221331.166
2025   1  28110 GPS  -2267767.637  5009231.569  3221319.883
2025   1  28140 GPS  -2267737.130  5009144.724  3221298.138
2025   1  28170 GPS  -2267787.767  5009188.728  3221306.861
2025   1  28200 GPS  -2267761.388  5009175.259  3221308.272
2025   1  28230 GPS  -2267716.663  5009127.499  3221296.053
2025   1  28260 GPS  -2267743.455  5009118.783  3221299.074
2025   1  28290 GPS  -2267757.216  5009145.338  3221298.886
2025   1  28320 GPS  -2267711.258  5009145.176  3221289.815
2025   1  28350 GPS  -2267760.436  5009169.654  3221306.369
2025   1  28380 GPS  -2267734.593  5009174.373  3221298.875
2025   1  28410 GPS  -2267709.063  5009181.223  3221306.286
2025   1  28440 GPS  -2267740.277  5009202.326  3221306.855
2025   1  28470 GPS  -2267766.312  5009214.783  3221329.707
2025   1  28500 GPS  -2267764.010  5009199.546  3221327.272
2025   1  28530 GPS  -2267741.265  5009179.527  3221316.407
2025   1  28560 GPS  -2267774.358  5009194.977  3221317.767
2025   1  28590 GPS  -2267761.761  5009167.392  3221296.947
2025   1  28620 GPS  -2267765.919  5009177.664  3221316.397
2025   1  28650 GPS  -2267755.851  5009173.369  3221309.605
2025   1  28680 GPS  -2267721.746  5009134.689  3221303.666
2025   1  28710 GPS  -2267765.605  5009163.808  3221311.365
2025   1  28740 GPS  -2267762.836  5009208.039  3221313.493
2025   1  28770 GPS  -2267707.764  5009135.376  3221284.158
2025   1  28800 GPS  -2267734.325  5009155.218  3221309.553
2025   1  28830 GPS  -2267695.245  5009098.339  3221279.624
2025   1  28860 GPS  -2267761.380  5009167.325  3221307.268
2025   1  28890 GPS  -2267760.340  5009138.867  3221315.187
2025   1  28920 GPS  -2267764.249  5009205.433  3221310.482
2025   1  28950 GPS  -2267774.455  5009209.663  3221314.250
2025   1  28980 GPS  -2267725.535  5009177.218  3221312.733
2025   1  29010 GPS  -2267764.418  5009173.055  3221320.082
2025   1  29040 GPS  -2267788.164  5009187.968  3221321.447
2025   1  29070 GPS  -2267789.124  5009194.819  3221315.339
2025   1  29100 GPS  -2267800.274  5009198.458  3221321.278
2025   1  29130 GPS  -2267767.531  5009177.726  3221316.255
2025   1  29160 GPS  -2267753.595  5009171.438  3221298.757
2025   1  29190 GPS  -2267753.170  5009183.042  3221311.609
2025   1  29220 GPS  -2267747.662  5009155.896  3221282.504
2025   1  29250 GPS  -2267749.638  5009176.594  3221298.700
2025   1  29280 GPS  -2267760.797  5009148.350  3221301.923
2025   1  29310 GPS  -2267778.468  5009138.379  3221313.607
2025   1  29340 GPS  -2267750.141  5009118.332  3221297.639
2025   1  29370 GPS  -2267773.304  5009144.396  3221319.075
2025   1  29400 GPS  -2267770.745  5009156.037  3221321.124
2025   1  29430 GPS  -2267752.687  5009121.841  3221288.482
2025   1  29460 GPS  -2267761.168  5009178.970  3221322.941
2025   1  29490 GPS  -2267734.103  5009189.566  3221330.465
2025   1  29520 GPS  -2267758.130  5009160.861  3221305.108
2025   1  29550 GPS  -2267769.675  5009165.602  3221324.443
2025   1  29580 GPS  -2267741.253  5009202.051  3221298.612
2025   1  29610 GPS  -2267752.334  5009137.267  3221300.169
2025   1  29640 GPS  -2267785.452  5009167.958  3221303.220
2025   1  29670 GPS  -2267777.527  5009178.863  3221318.615
2025   1  29700 GPS  -2267764.174  5009148.600  3221296.141
2025   1  29730 GPS  -2267732.895  5009156.025  3221269.081
2025   1  29760 GPS  -2267748.331  5009173.323  3221298.475
2025   1  29790 GPS  -2267749.983  5009115.925  3221288.187
2025   1  29820 GPS  -2267776.341  5009146.443  3221308.229
2025   1  29850 GPS  -2267769.353  5009193.654  3221317.167
2025   1  29880 GPS  -2267756.289  5009174.859  3221300.723
2025   1  29910 GPS  -2267770.195  5009209.951  3221324.909
2025   1  29940 GPS  -2267769.151  5009221.822  3221320.829
2025   1  29970 GPS  -2267775.521  5009172.941  3221312.803
2025   1  30000 GPS  -2267778.217  5009142.741  3221308.157
2025   1  30030 GPS  -2267776.435  5009179.503  3221330.744
2025   1  30060 GPS  -2267748.528  5009206.288  3221312.998
2025   1  30090 GPS  -2267764.988  5009222.013  3221341.637
2025   1  30120 GPS  -2267759.575  5009176.666  3221314.731
2025   1  30150 GPS  -2267763.625  5009119.623  3221277.788
2025   1  30180 GPS  -2267752.087  5009151.090  3221290.613
2025   1  30210 GPS  -2267756.009  5009132.913  3221287.948
2025   1  30240 GPS  -2267742.017  5009126.902  3221273.922
2025   1  30270 GPS  -2267761.380  5009194.567  3221318.687
2025   1  30300 GPS  -2267781.881  5009219.816  3221330.744
2025   1  30330 GPS  -2267761.969  5009247.008  3221333.355
2025   1  30360 GPS  -2267764.163  5009188.594  3221318.206
2025   1  30390 GPS  -2267734.832  5009125.254  3221268.654
2025   1  30420 GPS  -2267763.327  5009140.767  3221323.356
2025   1  30450 GPS  -2267770.837  5009165.087  3221329.384
2025   1  30480 GPS  -2267744.870  5009142.347  3221290.734
2025   1  30510 GPS  -2267766.721  5009161.480  3221311.419
2025   1  30540 GPS  -2267737.423  5009160.880  3221292.595
2025   1  30570 GPS  -2267735.040  5009143.480  3221275.994
2025   1  30600 GPS  -2267744.458  5009117.336  3221262.789
2025   1  30630 GPS  -2267769.618  5009098.529  3221272.695
2025   1  30660 GPS  -2267770.955  5009161.728  3221317.079
2025   1  30690 GPS  -2267761.425  5009169.887  3221296.356
2025   1  30720 GPS  -2267735.325  5009103.028  3221246.044
2025   1  30750 GPS  -2267725.842  5009057.221  3221261.065
2025   1  30780 GPS  -2267729.075  5009061.344  3221273.784
2025   1  30810 GPS  -2267777.351  5009145.971  3221315.186
2025   1  30840 GPS  -2267767.896  5009167.833  3221293.506
2025   1  30870 GPS  -2267773.694  5009169.724  3221298.664
2025   1  30900 GPS  -2267773.800  5009173.304  3221328.791
2025   1  30930 GPS  -2267777.693  5009126.245  3221301.489
2025   1  30960 GPS  -2267738.698  5009070.246  3221260.559
2025   1  30990 GPS  -2267713.335  5009032.558  3221226.975
2025   1  31020 GPS  -2267721.802  5009107.829  3221285.074
2025   1  31050 GPS  -2267760.359  5009141.009  3221295.642
2025   1  31080 GPS  -2267782.992  5009180.644  3221338.416
2025   1  31110 GPS  -2267768.977  5009176.720  3221331.303
2025   1  31140 GPS  -2267802.058  5009196.675  3221374.940
2025   1  31170 GPS  -2267782.539  5009209.644  3221366.113
2025   1  31200 GPS  -2267768.358  5009159.333  3221322.804
2025   1  31230 GPS  -2267762.713  5009139.786  3221318.633
2025   1  31260 GPS  -2267752.924  5009096.552  3221300.163
2025   1  31290 GPS  -2267749.112  5009149.161  3221332.910
2025   1  31320 GPS  -2267767.579  5009169.050  3221303.657
2025   1  31350 GPS  -2267767.576  5009158.758  3221314.654
2025   1  31380 GPS  -2267771.643  5009206.129  3221342.696
2025   1  31410 GPS  -2267773.212  5009141.887  3221328.092
2025   1  31440 GPS  -2267751.305  5009133.461  3221306.993
2025   1  31470 GPS  -2267744.967  5009140.632  3221306.819
2025   1  31500 GPS  -2267744.354  5009121.258  3221264.076
2025   1  31530 GPS  -2267740.835  5009126.306  3221275.812
2025   1  31560 GPS  -2267771.514  5009177.842  3221345.420
2025   1  31590 GPS  -2267734.545  5009128.662  3221251.168
2025   1  31620 GPS  -2267732.362  5009125.770  3221252.229
2025   1  31650 GPS  -2267759.445  5009151.603  3221277.959
2025   1  31680 GPS  -2267776.948  5009187.906  3221323.803
2025   1  31710 GPS  -2267772.211  5009195.243  3221327.045
2025   1  31740 GPS  -2267778.586  5009169.282  3221304.731
2025   1  31770 GPS  -2267784.196  5009203.137  3221330.199
2025   1  31800 GPS  -2267770.925  5009181.127  3221307.661
2025   1  31830 GPS  -2267765.046  5009179.398  3221295.646
2025   1  31860 GPS  -2267769.661  5009149.382  3221270.603
2025   1  31890 GPS  -2267755.745  5009172.369  3221290.216
2025   1  31920 GPS  -2267760.581  5009192.049  3221352.629
2025   1  31950 GPS  -2267773.288  5009181.738  3221324.574
2025   1  31980 GPS  -2267761.828  5009183.959  3221318.463
2025   1  32010 GPS  -2267776.341  5009206.302  3221370.777
2025   1  32040 GPS  -2267766.522  5009210.515  3221337.882
2025   1  32070 GPS  -2267761.715  5009205.055  3221320.544
2025   1  32100 GPS  -2267779.362  5009208.426  3221330.216
2025   1  32130 GPS  -2267764.741  5009183.482  3221298.922
2025   1  32160 GPS  -2267746.207  5009179.376  3221300.880
2025   1  32190 GPS  -2267755.925  5009175.576  3221303.208
2025   1  32220 GPS  -2267785.229  5009190.397  3221303.983
2025   1  32250 GPS  -2267757.664  5009183.247  3221315.536
2025   1  32280 GPS  -2267753.743  5009138.313  3221259.658
2025   1  32310 GPS  -2267757.771  5009185.329  3221324.156
2025   1  32340 GPS  -2267775.511  5009213.323  3221365.960
2025   1  32370 GPS  -2267759.289  5009232.408  3221382.426
2025   1  32400 GPS  -2267789.765  5009233.284  3221359.894
2025   1  32430 GPS  -2267753.574  5009165.356  3221308.258
2025   1  32460 GPS  -2267783.399  5009193.565  3221340.015
2025   1  32490 GPS  -2267779.456  5009172.221  3221315.721
2025   1  32520 GPS  -2267782.807  5009194.852  3221365.303
2025   1  32550 GPS  -2267774.816  5009195.413  3221355.623
2025   1  32580 GPS  -2267767.047  5009158.749  3221307.555
2025   1  32610 GPS  -2267749.090  5009172.566  3221330.102
2025   1  32640 GPS  -2267771.470  5009212.492  3221339.847
2025   1  32670 GPS  -2267770.792  5009230.878  3221376.455
2025   1  32700 GPS  -2267768.937  5009236.452  3221380.692
2025   1  32730 GPS  -2267763.193  5009190.669  3221358.834
2025   1  32760 GPS  -2267754.974  5009159.188  3221303.847
2025   1  32790 GPS  -2267760.039  5009223.111  3221342.312
2025   1  32820 GPS  -2267750.184  5009175.053  3221316.203
2025   1  32850 GPS  -2267757.590  5009206.455  3221317.948
2025   1  32880 GPS  -2267773.859  5009212.882  3221356.944
2025   1  32910 GPS  -2267780.386  5009227.308  3221372.004
2025   1  32940 GPS  -2267772.843  5009219.448  3221356.021
2025   1  32970 GPS  -2267759.786  5009193.948  3221339.968
2025   1  33000 GPS  -2267780.349  5009189.681  3221346.245
2025   1  33030 GPS  -2267790.602  5009179.519  3221322.995
2025   1  33060 GPS  -2267753.480  5009175.983  3221309.317
2025   1  33090 GPS  -2267755.079  5009189.486  3221323.581
2025   1  33120 GPS  -2267747.935  5009175.392  3221308.083
2025   1  33150 GPS  -2267770.916  5009187.941  3221349.751
2025   1  33180 GPS  -2267774.751  5009209.499  3221365.177
2025   1  33210 GPS  -2267783.492  5009185.288  3221331.846
2025   1  33240 GPS  -2267763.738  5009187.335  3221339.059
2025   1  33270 GPS  -2267749.991  5009149.649  3221321.451
2025   1  33300 GPS  -2267754.552  5009154.242  3221289.036
2025   1  33330 GPS  -2267752.662  5009157.649  3221337.090
2025   1  33360 GPS  -2267754.712  5009180.898  3221335.942
2025   1  33390 GPS  -2267765.238  5009196.638  3221323.687
2025   1  33420 GPS  -2267753.316  5009192.673  3221363.518
2025   1  33450 GPS  -2267761.294  5009170.432  3221331.855
2025   1  33480 GPS  -2267778.625  5009184.113  3221333.426
2025   1  33510 GPS  -2267764.490  5009213.919  3221350.515
2025   1  33540 GPS  -2267773.369  5009165.833  3221301.902
2025   1  33570 GPS  -2267758.775  5009154.384  3221281.326
2025   1  33600 GPS  -2267756.996  5009148.291  3221273.151
2025   1  33630 GPS  -2267787.194  5009200.332  3221322.858
2025   1  33660 GPS  -2267778.729  5009208.156  3221340.355
2025   1  33690 GPS  -2267783.885  5009207.464  3221345.290
2025   1  33720 GPS  -2267747.856  5009147.766  3221265.373
2025   1  33750 GPS  -2267760.540  5009184.291  3221310.978
2025   1  33780 GPS  -2267778.329  5009185.184  3221306.610
2025   1  33810 GPS  -2267769.591  5009156.222  3221281.219
2025   1  33840 GPS  -2267768.533  5009170.102  3221277.111
2025   1  33870 GPS  -2267765.366  5009172.700  3221298.868
2025   1  33900 GPS  -2267786.633  5009167.461  3221297.532
2025   1  33930 GPS  -2267796.836  5009204.538  3221343.960
2025   1  33960 GPS  -2267812.024  5009247.647  3221397.113
2025   1  33990 GPS  -2267791.159  5009191.981  3221327.619
2025   1  34020 GPS  -2267779.728  5009200.774  3221340.266
2025   1  34050 GPS  -2267783.493  5009207.346  3221355.624
2025   1  34080 GPS  -2267745.651  5009176.073  3221342.149
2025   1  34110 GPS  -2267762.890  5009170.141  3221331.589
2025   1  34140 GPS  -2267798.728  5009240.758  3221349.059
2025   1  34170 GPS  -2267772.841  5009222.333  3221321.587
2025   1  34200 GPS  -2267775.574  5009171.989  3221320.298
2025   1  34230 GPS  -2267782.280  5009241.232  3221343.942
2025   1  34260 GPS  -2267796.632  5009248.587  3221361.516
2025   1  34290 GPS  -2267780.303  5009245.890  3221388.376
2025   1  34320 GPS  -2267763.851  5009221.003  3221354.076
2025   1  34350 GPS  -2267801.331  5009298.279  3221408.820
2025   1  34380 GPS  -2267816.221  5009263.068  3221344.299
2025   1  34410 GPS  -2267810.174  5009272.290  3221377.282
2025   1  34440 GPS  -2267766.806  5009216.011  3221350.165
2025   1  34470 GPS  -2267769.501  5009202.570  3221329.075
2025   1  34500 GPS  -2267778.933  5009194.087  3221320.006
2025   1  34530 GPS  -2267768.923  5009152.322  3221310.803
2025   1  34560 GPS  -2267781.177  5009200.625  3221335.234
2025   1  34590 GPS  -2267761.250  5009140.805  3221285.208
2025   1  34620 GPS  -2267790.065  5009184.812  3221282.723
2025   1  34650 GPS  -2267790.139  5009160.375  3221290.770
2025   1  34680 GPS  -2267773.000  5009177.706  3221339.035
2025   1  34710 GPS  -2267779.970  5009193.488  3221340.776
2025   1  34740 GPS  -2267778.670  5009153.208  3221292.329
2025   1  34770 GPS  -2267785.178  5009113.489  3221269.586
2025   1  34800 GPS  -2267775.822  5009152.744  3221324.551
2025   1  34830 GPS  -2267770.226  5009178.626  3221339.421
2025   1  34860 GPS  -2267784.980  5009190.893  3221322.252
2025   1  34890 GPS  -2267777.664  5009171.449  3221309.914
2025   1  34920 GPS  -2267755.773  5009150.391  3221318.164
2025   1  34950 GPS  -2267750.985  5009133.430  3221305.305
2025   1  34980 GPS  -2267789.936  5009219.430  3221354.347
2025   1  35010 GPS  -2267768.840  5009222.962  3221359.036
2025   1  35040 GPS  -2267747.237  5009164.611  3221286.358
2025   1  35070 GPS  -2267775.270  5009129.187  3221257.794
2025   1  35100 GPS  -2267801.667  5009227.048  3221287.179
2025   1  35130 GPS  -2267785.856  5009200.797  3221303.720
2025   1  35160 GPS  -2267790.767  5009216.847  3221302.775
2025   1  35190 GPS  -2267765.235  5009174.889  3221317.053
2025   1  35220 GPS  -2267792.393  5009202.013  3221294.579
2025   1  35250 GPS  -2267775.977  5009204.861  3221319.056
2025   1  35280 GPS  -2267761.118  5009180.024  3221327.725
2025   1  35310 GPS  -2267770.750  5009192.454  3221338.633
2025   1  35340 GPS  -2267788.754  5009206.445  3221325.134
2025   1  35370 GPS  -2267796.794  5009257.378  3221369.593
2025   1  35400 GPS  -2267764.858  5009153.738  3221334.357
2025   1  35430 GPS  -2267765.596  5009107.616  3221297.035
2025   1  35460 GPS  -2267752.977  5009112.529  3221286.185
2025   1  35490 GPS  -2267780.739  5009180.744  3221310.203
2025   1  35520 GPS  -2267768.572  5009132.737  3221266.992
2025   1  35550 GPS  -2267765.939  5009192.960  3221308.868
2025   1  35580 GPS  -2267783.612  5009178.873  3221294.193
2025   1  35610 GPS  -2267777.374  5009179.763  3221315.087
2025   1  35640 GPS  -2267779.279  5009214.849  3221330.908
2025   1  35670 GPS  -2267775.720  5009160.835  3221307.055
2025   1  35700 GPS  -2267783.716  5009171.747  3221303.883
2025   1  35730 GPS  -2267797.186  5009184.002  3221296.741
2025   1  35760 GPS  -2267806.769  5009255.202  3221346.137
2025   1  35790 GPS  -2267801.836  5009211.673  3221331.125
2025   1  35820 GPS  -2267805.992  5009230.811  3221361.513
2025   1  35850 GPS  -2267791.577  5009244.811  3221364.880
2025   1  35880 GPS  -2267802.914  5009209.720  3221333.297
2025   1  35910 GPS  -2267781.256  5009194.858  3221315.357
2025   1  35940 GPS  -2267757.282  5009099.163  3221252.446
2025   1  35970 GPS  -2267785.178  5009195.783  3221290.233
2025   1  36000 GPS  -2267773.891  5009199.815  3221331.578
2025   1  36030 GPS  -2267750.177  5009120.856  3221292.563
2025   1  36060 GPS  -2267784.398  5009154.668  3221290.096
2025   1  36090 GPS  -2267779.913  5009147.260  3221313.475
2025   1  36120 GPS  -2267788.840  5009166.570  3221314.839
2025   1  36150 GPS  -2267782.362  5009177.323  3221310.539
2025   1  36180 GPS  -2267754.683  5009115.066  3221293.112
2025   1  36210 GPS  -2267775.682  5009169.822  3221297.897
2025   1  36240 GPS  -2267819.092  5009211.349  3221301.506
2025   1  36270 GPS  -2267782.928  5009136.237  3221290.109
2025   1  36300 GPS  -2267769.556  5009165.934  3221317.763
2025   1  36330 GPS  -2267816.620  5009203.306  3221319.330
2025   1  36360 GPS  -2267825.888  5009251.316  3221332.839
2025   1  36390 GPS  -2267767.361  5009161.916  3221301.416
2025   1  36420 GPS  -2267815.390  5009208.843  3221312.967
2025   1  36450 GPS  -2267801.470  5009167.270  3221300.377
2025   1  36480 GPS  -2267788.454  5009177.829  3221325.504
2025   1  36510 GPS  -2267796.739  5009167.279  3221319.284
2025   1  36540 GPS  -2267785.996  5009196.303  3221335.206
2025   1  36570 GPS  -2267754.401  5009134.170  3221314.192
2025   1  36600 GPS  -2267760.510  5009152.442  3221305.223
2025   1  36630 GPS  -2267770.383  5009169.842  3221306.038
2025   1  36660 GPS  -2267765.970  5009163.172  3221303.425
2025   1  36690 GPS  -2267753.973  5009139.308  3221304.610
2025   1  36720 GPS  -2267795.319  5009186.434  3221326.884
2025   1  36750 GPS  -2267777.004  5009178.436  3221316.974
2025   1  36780 GPS  -2267783.037  5009207.847  3221324.023
2025   1  36810 GPS  -2267801.657  5009242.840  3221340.334
2025   1  36840 GPS  -2267792.510  5009211.757  3221329.090
2025   1  36870 GPS  -2267809.560  5009202.376  3221317.126
2025   1  36900 GPS  -2267778.046  5009150.184  3221300.371
2025   1  36930 GPS  -2267787.176  5009203.992  3221329.790
2025   1  36960 GPS  -2267783.676  5009188.544  3221319.472
2025   1  36990 GPS  -2267775.848  5009181.867  3221321.725
2025   1  37020 GPS  -2267748.735  5009120.294  3221294.065
2025   1  37050 GPS  -2267762.915  5009152.134  3221304.213
2025   1  37080 GPS  -2267772.667  5009171.614  3221301.922
2025   1  37110 GPS  -2267742.647  5009109.947  3221273.290
2025   1  37140 GPS  -2267757.945  5009117.658  3221284.515
2025   1  37170 GPS  -2267759.113  5009150.934  3221303.012
2025   1  37200 GPS  -2267768.600  5009177.052  3221303.799
2025   1  37230 GPS  -2267803.951  5009187.974  3221294.017
2025   1  37260 GPS  -2267806.426  5009235.848  3221316.169
2025   1  37290 GPS  -2267765.790  5009162.568  3221283.721
2025   1  37320 GPS  -2267788.681  5009183.194  3221302.425
2025   1  37350 GPS  -2267781.054  5009154.143  3221288.049
2025   1  37380 GPS  -2267783.081  5009151.649  3221278.387
2025   1  37410 GPS  -2267773.255  5009108.087  3221269.610
2025   1  37440 GPS  -2267770.739  5009134.519  3221298.760
2025   1  37470 GPS  -2267786.029  5009145.753  3221289.577
2025   1  37500 GPS  -2267758.978  5009149.426  3221303.889
2025   1  37530 GPS  -2267739.043  5009115.846  3221289.951
2025   1  37560 GPS  -2267773.831  5009160.786  3221294.713
2025   1  37590 GPS  -2267780.451  5009143.933  3221286.741
2025   1  37620 GPS  -2267798.648  5009183.940  3221298.715
2025   1  37650 GPS  -2267793.523  5009174.094  3221293.628
2025   1  37680 GPS  -2267799.758  5009183.280  3221303.515
2025   1  37710 GPS  -2267812.052  5009174.606  3221299.961
2025   1  37740 GPS  -2267772.769  5009122.829  3221278.187
2025   1  37770 GPS  -2267800.137  5009196.749  3221308.908
2025   1  37800 GPS  -2267775.332  5009165.182  3221276.882
2025   1  37830 GPS  -2267772.650  5009181.657  3221305.320
2025   1  37860 GPS  -2267765.148  5009139.752  3221304.061
2025   1  37890 GPS  -2267762.090  5009133.939  3221297.551
2025   1  37920 GPS  -2267753.025  5009125.954  3221290.076
2025   1  37950 GPS  -2267794.715  5009176.693  3221318.230
2025   1  37980 GPS  -2267786.434  5009182.402  3221301.455
2025   1  38010 GPS  -2267779.611  5009204.885  3221317.385
2025   1  38040 GPS  -2267761.933  5009151.683  3221286.244
2025   1  38070 GPS  -2267755.424  5009103.446  3221264.690
2025   1  38100 GPS  -2267747.660  5009102.466  3221269.035
2025   1  38130 GPS  -2267745.081  5009113.609  3221274.028
2025   1  38160 GPS  -2267750.883  5009121.536  3221278.310
2025   1  38190 GPS  -2267746.476  5009103.149  3221276.294
2025   1  38220 GPS  -2267755.931  5009123.143  3221277.957
2025   1  38250 GPS  -2267750.205  5009088.404  3221266.984
2025   1  38280 GPS  -2267756.180  5009095.906  3221273.369
2025   1  38310 GPS  -2267787.468  5009147.435  3221283.615
2025   1  38340 GPS  -2267746.402  5009073.430  3221245.803
2025   1  38370 GPS  -2267802.520  5009211.288  3221306.376
2025   1  38400 GPS  -2267818.484  5009262.114  3221336.752
2025   1  38430 GPS  -2267765.095  5009148.811  3221290.696
2025   1  38460 GPS  -2267770.283  5009128.239  3221297.294
2025   1  38490 GPS  -2267756.715  5009118.655  3221295.978
2025   1  38520 GPS  -2267751.619  5009149.807  3221300.447
2025   1  38550 GPS  -2267760.309  5009174.470  3221306.861
2025   1  38580 GPS  -2267759.127  5009126.996  3221274.988
2025   1  38610 GPS  -2267751.104  5009110.292  3221281.990
2025   1  38640 GPS  -2267752.564  5009103.760  3221281.419
2025   1  38670 GPS  -2267760.406  5009130.298  3221275.979
2025   1  38700 GPS  -2267746.504  5009123.483  3221274.345
2025   1  38730 GPS  -2267787.706  5009201.164  3221316.405
2025   1  38760 GPS  -2267759.191  5009135.979  3221257.009
2025   1  38790 GPS  -2267723.468  5009055.556  3221245.420
2025   1  38820 GPS  -2267771.426  5009154.110  3221304.165
2025   1  38850 GPS  -2267787.545  5009122.098  3221294.387
2025   1  38880 GPS  -2267763.433  5009143.929  3221318.058
2025   1  38910 GPS  -2267781.087  5009128.542  3221286.735
2025   1  38940 GPS  -2267766.071  5009110.046  3221261.403
2025   1  38970 GPS  -2267759.897  5009116.520  3221270.768
2025   1  39000 GPS  -2267763.588  5009110.793  3221261.588
2025   1  39030 GPS  -2267774.163  5009156.745  3221281.074
2025   1  39060 GPS  -2267766.105  5009138.853  3221275.941
2025   1  39090 GPS  -2267756.305  5009110.404  3221272.232
2025   1  39120 GPS  -2267763.687  5009104.938  3221283.418
2025   1  39150 GPS  -2267750.445  5009111.394  3221289.775
2025   1  39180 GPS  -2267764.149  5009129.129  3221308.693
2025   1  39210 GPS  -2267774.233  5009147.028  3221311.368
2025   1  39240 GPS  -2267769.153  5009177.780  3221325.086
2025   1  39270 GPS  -2267760.237  5009147.236  3221312.125
2025   1  39300 GPS  -2267746.100  5009098.726  3221275.306
2025   1  39330 GPS  -2267751.519  5009117.440  3221267.569
2025   1  39360 GPS  -2267761.805  5009123.136  3221280.694
2025   1  39390 GPS  -2267740.527  5009100.919  3221277.278
2025   1  39420 GPS  -2267746.826  5009117.712  3221261.563
2025   1  39450 GPS  -2267724.207  5009081.812  3221247.657
2025   1  39480 GPS  -2267762.279  5009120.969  3221266.280
2025   1  39510 GPS  -2267751.817  5009090.174  3221250.768
2025   1  39540 GPS  -2267733.055  5009039.846  3221253.730
2025   1  39570 GPS  -2267753.878  5009083.755  3221251.768
2025   1  39600 GPS  -2267746.569  5009101.403  3221260.023
2025   1  39630 GPS  -2267775.496  5009156.378  3221289.661
2025   1  39660 GPS  -2267761.220  5009136.352  3221312.079
2025   1  39690 GPS  -2267694.933  5008989.460  3221239.682
2025   1  39720 GPS  -2267748.367  5009106.102  3221276.575
2025   1  39750 GPS  -2267733.114  5009046.774  3221247.998
2025   1  39780 GPS  -2267757.755  5009144.255  3221289.480
2025   1  39810 GPS  -2267754.687  5009120.044  3221280.361
2025   1  39840 GPS  -2267749.470  5009108.234  3221264.227
2025   1  39870 GPS  -2267770.528  5009132.656  3221275.688
2025   1  39900 GPS  -2267745.942  5009094.201  3221262.745
2025   1  39930 GPS  -2267750.673  5009103.660  3221265.229
2025   1  39960 GPS  -2267756.594  5009134.246  3221266.918
2025   1  39990 GPS  -2267754.233  5009102.817  3221255.377
2025   1  40020 GPS  -2267759.607  5009131.653  3221279.170
2025   1  40050 GPS  -2267774.202  5009136.304  3221288.936
2025   1  40080 GPS  -2267774.846  5009119.086  3221284.016
2025   1  40110 GPS  -2267759.963  5009131.196  3221289.884
2025   1  40140 GPS  -2267755.663  5009126.986  3221273.209
2025   1  40170 GPS  -2267777.537  5009133.763  3221281.987
2025   1  40200 GPS  -2267762.957  5009103.863  3221279.512
2025   1  40230 GPS  -2267756.835  5009089.428  3221264.335
2025   1  40260 GPS  -2267757.440  5009115.347  3221263.023
2025   1  40290 GPS  -2267737.659  5009094.488  3221258.831
2025   1  40320 GPS  -2267742.434  5009095.060  3221269.336
2025   1  40350 GPS  -2267758.605  5009106.723  3221283.647
2025   1  40380 GPS  -2267799.625  5009142.772  3221309.422
2025   1  40410 GPS  -2267771.263  5009101.748  3221292.665
2025   1  40440 GPS  -2267803.810  5009160.971  3221326.472
2025   1  40470 GPS  -2267762.195  5009129.307  3221292.089
2025   1  40500 GPS  -2267770.228  5009149.877  3221318.569
2025   1  40530 GPS  -2267761.115  5009130.154  3221301.075
2025   1  40560 GPS  -2267780.189  5009161.161  3221289.776
2025   1  40590 GPS  -2267769.130  5009141.430  3221282.031
2025   1  40620 GPS  -2267751.865  5009122.424  3221298.523
2025   1  40650 GPS  -2267756.520  5009104.442  3221288.130
2025   1  40680 GPS  -2267773.364  5009144.452  3221303.335
2025   1  40710 GPS  -2267776.263  5009150.628  3221310.197
2025   1  40740 GPS  -2267758.353  5009135.487  3221305.977
2025   1  40770 GPS  -2267776.181  5009139.419  3221274.941
2025   1  40800 GPS  -2267756.737  5009134.121  3221273.932
2025   1  40830 GPS  -2267782.237  5009160.638  3221280.144
2025   1  40860 GPS  -2267747.977  5009123.069  3221275.571
2025   1  40890 GPS  -2267739.215  5009095.055  3221275.605
2025   1  40920 GPS  -2267766.812  5009116.229  3221261.246
2025   1  40950 GPS  -2267749.969  5009141.620  3221271.706
2025   1  40980 GPS  -2267744.262  5009119.357  3221272.960
2025   1  41010 GPS  -2267769.718  5009146.726  3221287.093
2025   1  41040 GPS  -2267750.516  5009120.383  3221266.962
2025   1  41070 GPS  -2267755.851  5009115.255  3221268.626
2025   1  41100 GPS  -2267770.397  5009112.316  3221265.376
2025   1  41130 GPS  -2267768.587  5009138.184  3221279.180
2025   1  41160 GPS  -2267750.736  5009125.520  3221271.127
2025   1  41190 GPS  -2267752.974  5009128.628  3221266.317
2025   1  41220 GPS  -2267736.190  5009086.349  3221272.809
2025   1  41250 GPS  -2267749.443  5009108.193  3221270.510
2025   1  41280 GPS  -2267754.805  5009110.641  3221270.465
2025   1  41310 GPS  -2267734.913  5009096.221  3221289.040
2025   1  41340 GPS  -2267757.326  5009103.058  3221284.648
2025   1  41370 GPS  -2267750.317  5009137.756  3221285.413
2025   1  41400 GPS  -2267766.433  5009131.809  3221256.977
2025   1  41430 GPS  -2267739.657  5009077.833  3221233.258
2025   1  41460 GPS  -2267742.912  5009099.411  3221274.044
2025   1  41490 GPS  -2267759.187  5009115.594  3221255.744
2025   1  41520 GPS  -2267764.422  5009129.020  3221283.119
2025   1  41550 GPS  -2267768.282  5009133.871  3221270.782
2025   1  41580 GPS  -2267735.953  5009084.302  3221263.480
2025   1  41610 GPS  -2267760.844  5009127.012  3221281.399
2025   1  41640 GPS  -2267730.606  5009108.013  3221287.640
2025   1  41670 GPS  -2267711.461  5009048.931  3221277.079
2025   1  41700 GPS  -2267746.014  5009092.112  3221284.522
2025   1  41730 GPS  -2267741.480  5009123.817  3221304.081
2025   1  41760 GPS  -2267707.890  5009080.619  3221288.207
2025   1  41790 GPS  -2267725.012  5009085.372  3221285.893
2025   1  41820 GPS  -2267737.355  5009118.478  3221268.617
2025   1  41850 GPS  -2267721.437  5009119.150  3221306.034
2025   1  41880 GPS  -2267724.158  5009110.925  3221308.717
2025   1  41910 GPS  -2267721.581  5009132.320  3221305.074
2025   1  41940 GPS  -2267750.511  5009130.048  3221292.482
2025   1  41970 GPS  -2267746.070  5009165.197  3221317.974
2025   1  42000 GPS  -2267694.658  5009097.728  3221294.903
2025   1  42030 GPS  -2267717.941  5009115.868  3221274.123
2025   1  42060 GPS  -2267773.029  5009119.470  3221276.631
2025   1  42090 GPS  -2267733.007  5009103.225  3221298.179
2025   1  42120 GPS  -2267751.806  5009101.210  3221282.503
2025   1  42150 GPS  -2267719.276  5009123.665  3221319.005
2025   1  42180 GPS  -2267748.559  5009104.173  3221275.313
2025   1  42210 GPS  -2267738.592  5009098.737  3221275.994
2025   1  42240 GPS  -2267746.987  5009121.957  3221277.772
2025   1  42270 GPS  -2267706.537  5009096.114  3221275.506
2025   1  42300 GPS  -2267730.209  5009091.374  3221287.499
2025   1  42330 GPS  -2267735.652  5009107.834  3221315.988
2025   1  42360 GPS  -2267711.590  5009126.332  3221298.462
2025   1  42390 GPS  -2267752.620  5009121.483  3221276.956
2025   1  42420 GPS  -2267713.155  5009097.482  3221277.319
2025   1  42450 GPS  -2267717.846  5009098.284  3221299.713
2025   1  42480 GPS  -2267734.148  5009100.350  3221290.279
2025   1  42510 GPS  -2267750.432  5009121.008  3221329.825
2025   1  42540 GPS  -2267716.838  5009093.166  3221284.663
2025   1  42570 GPS  -2267756.049  5009118.632  3221334.731
2025   1  42600 GPS  -2267790.287  5009151.056  3221304.961
2025   1  42630 GPS  -2267790.675  5009160.569  3221304.682
2025   1  42660 GPS  -2267764.386  5009131.534  3221322.474
2025   1  42690 GPS  -2267759.119  5009150.261  3221309.019
2025   1  42720 GPS  -2267770.041  5009129.609  3221300.917
2025   1  42750 GPS  -2267746.914  5009138.059  3221319.580
2025   1  42780 GPS  -2267729.162  5009102.492  3221305.733
2025   1  42810 GPS  -2267763.353  5009116.408  3221307.086
2025   1  42840 GPS  -2267736.608  5009107.924  3221303.649
2025   1  42870 GPS  -2267768.811  5009126.597  3221297.206
2025   1  42900 GPS  -2267757.325  5009135.292  3221290.651
2025   1  42930 GPS  -2267753.603  5009138.629  3221294.077
2025   1  42960 GPS  -2267768.103  5009183.050  3221339.915
2025   1  42990 GPS  -2267771.592  5009165.538  3221345.054
2025   1  43020 GPS  -2267778.182  5009157.646  3221317.109
2025   1  43050 GPS  -2267753.082  5009152.519  3221331.281
2025   1  43080 GPS  -2267788.829  5009176.886  3221323.018
2025   1  43110 GPS  -2267771.657  5009118.880  3221322.455
2025   1  43140 GPS  -2267750.751  5009140.775  3221304.215
2025   1  43170 GPS  -2267731.073  5009115.914  3221312.681
2025   1  43200 GPS  -2267753.225  5009118.382  3221332.130
2025   1  43230 GPS  -2267750.581  5009118.326  3221342.533
2025   1  43260 GPS  -2267760.835  5009122.245  3221353.109
2025   1  43290 GPS  -2267742.066  5009124.008  3221326.683
2025   1  43320 GPS  -2267744.921  5009147.454  3221357.134
2025   1  43350 GPS  -2267751.367  5009148.082  3221353.235
2025   1  43380 GPS  -2267777.663  5009110.155  3221326.433
2025   1  43410 GPS  -2267744.180  5009128.762  3221304.272
2025   1  43440 GPS  -2267745.618  5009129.667  3221305.600
2025   1  43470 GPS  -2267758.408  5009101.313  3221305.049
2025   1  43500 GPS  -2267776.307  5009141.482  3221334.952
2025   1  43530 GPS  -2267765.648  5009135.045  3221329.316
2025   1  43560 GPS  -2267744.143  5009121.037  3221302.751
2025   1  43590 GPS  -2267744.782  5009131.653  3221330.235
2025   1  43620 GPS  -2267766.141  5009154.919  3221311.468
2025   1  43650 GPS  -2267754.938  5009137.815  3221315.937
2025   1  43680 GPS  -2267752.371  5009145.177  3221300.105
2025   1  43710 GPS  -2267749.363  5009142.710  3221326.708
2025   1  43740 GPS  -2267773.821  5009137.907  3221337.628
2025   1  43770 GPS  -2267758.845  5009136.790  3221340.065
2025   1  43800 GPS  -2267752.385  5009125.808  3221319.861
2025   1  43830 GPS  -2267809.856  5009192.631  3221352.099
2025   1  43860 GPS  -2267784.936  5009161.748  3221306.010
2025   1  43890 GPS  -2267780.833  5009182.457  3221322.477
2025   1  43920 GPS  -2267779.459  5009167.366  3221323.798
2025   1  43950 GPS  -2267753.705  5009148.468  3221332.318
2025   1  43980 GPS  -2267766.703  5009135.393  3221330.975
2025   1  44010 GPS  -2267761.790  5009153.808  3221336.701
2025   1  44040 GPS  -2267779.433  5009138.258  3221302.969
2025   1  44070 GPS  -2267775.854  5009125.832  3221314.761
2025   1  44100 GPS  -2267759.416  5009161.521  3221333.143
2025   1  44130 GPS  -2267771.083  5009144.865  3221322.272
2025   1  44160 GPS  -2267761.954  5009148.273  3221357.544
2025   1  44190 GPS  -2267788.905  5009209.784  3221331.008
2025   1  44220 GPS  -2267807.612  5009206.231  3221349.119
2025   1  44250 GPS  -2267795.895  5009207.941  3221364.647
2025   1  44280 GPS  -2267823.496  5009244.269  3221388.570
2025   1  44310 GPS  -2267817.832  5009213.594  3221376.572
2025   1  44340 GPS  -2267779.285  5009170.077  3221340.687
2025   1  44370 GPS  -2267778.447  5009177.866  3221375.068
2025   1  44400 GPS  -2267802.882  5009161.911  3221340.492
2025   1  44430 GPS  -2267825.894  5009166.539  3221336.280
2025   1  44460 GPS  -2267799.876  5009224.850  3221396.761
2025   1  44490 GPS  -2267806.190  5009207.147  3221330.007
2025   1  44520 GPS  -2267735.416  5009078.851  3221285.638
2025   1  44550 GPS  -2267775.680  5009128.372  3221315.630
2025   1  44580 GPS  -2267781.792  5009145.666  3221328.653
2025   1  44610 GPS  -2267745.804  5009108.612  3221296.241
2025   1  44640 GPS  -2267786.667  5009109.209  3221317.346
2025   1  44670 GPS  -2267793.576  5009185.930  3221375.845
2025   1  44700 GPS  -2267741.519  5009103.466  3221309.739
2025   1  44730 GPS  -2267758.579  5009156.279  3221342.430
2025   1  44760 GPS  -2267738.850  5009079.904  3221236.991
2025   1  44790 GPS  -2267745.885  5009129.876  3221332.922
2025   1  44820 GPS  -2267769.867  5009152.566  3221325.358
2025   1  44850 GPS  -2267760.461  5009112.485  3221303.492
2025   1  44880 GPS  -2267738.815  5009114.529  3221280.375
2025   1  44910 GPS  -2267751.951  5009162.262  3221318.332
2025   1  44940 GPS  -2267778.470  5009115.429  3221321.572
2025   1  44970 GPS  -2267737.293  5009103.748  3221295.852
2025   1  45000 GPS  -2267757.490  5009133.726  3221288.029
2025   1  45030 GPS  -2267736.028  5009139.058  3221299.001
2025   1  45060 GPS  -2267755.890  5009132.030  3221304.045
2025   1  45090 GPS  -2267767.591  5009142.205  3221274.338
2025   1  45120 GPS  -2267797.596  5009205.564  3221316.259
2025   1  45150 GPS  -2267773.397  5009212.927  3221322.359
2025   1  45180 GPS  -2267781.063  5009229.889  3221353.823
2025   1  45210 GPS  -2267799.095  5009277.535  3221381.373
2025   1  45240 GPS  -2267764.617  5009234.648  3221336.831
2025   1  45270 GPS  -2267783.373  5009198.329  3221322.706
2025   1  45300 GPS  -2267791.027  5009170.791  3221308.698
2025   1  45330 GPS  -2267762.164  5009167.173  3221308.471
2025   1  45360 GPS  -2267769.170  5009198.497  3221325.165
2025   1  45390 GPS  -2267807.393  5009218.270  3221357.200
2025   1  45420 GPS  -2267814.426  5009184.890  3221334.539
2025   1  45450 GPS  -2267804.979  5009182.499  3221347.714
2025   1  45480 GPS  -2267817.577  5009190.310  3221344.617
2025   1  45510 GPS  -2267789.256  5009202.150  3221394.282
2025   1  45540 GPS  -2267785.344  5009165.411  3221312.010
2025   1  45570 GPS  -2267788.092  5009160.420  3221359.887
2025   1  45600 GPS  -2267767.474  5009165.496  3221344.334
2025   1  45630 GPS  -2267788.007  5009128.273  3221314.007
2025   1  45660 GPS  -2267760.561  5009123.848  3221308.291
2025   1  45690 GPS  -2267779.791  5009177.010  3221354.568
2025   1  45720 GPS  -2267802.933  5009172.005  3221350.693
2025   1  45750 GPS  -2267790.810  5009153.601  3221339.428
2025   1  45780 GPS  -2267752.559  5009151.995  3221321.617
2025   1  45810 GPS  -2267764.892  5009145.163  3221287.064
2025   1  45840 GPS  -2267786.382  5009175.595  3221335.301
2025   1  45870 GPS  -2267778.384  5009179.762  3221324.701
2025   1  45900 GPS  -2267766.493  5009161.355  3221335.864
2025   1  45930 GPS  -2267790.300  5009182.818  3221326.298
2025   1  45960 GPS  -2267768.658  5009136.729  3221281.046
2025   1  45990 GPS  -2267733.868  5009043.644  3221258.513
2025   1  46020 GPS  -2267761.760  5009090.004  3221281.077
2025   1  46050 GPS  -2267735.884  5009158.307  3221314.556
2025   1  46080 GPS  -2267773.331  5009169.291  3221346.885
2025   1  46110 GPS  -2267743.837  5009152.092  3221329.678
2025   1  46140 GPS  -2267765.465  5009200.329  3221341.387
2025   1  46170 GPS  -2267747.401  5009175.912  3221334.662
2025   1  46200 GPS  -2267760.979  5009156.378  3221325.395
2025   1  46230 GPS  -2267761.159  5009129.112  3221294.883
2025   1  46260 GPS  -2267747.647  5009140.896  3221307.991
2025   1  46290 GPS  -2267764.642  5009169.886  3221336.650
2025   1  46320 GPS  -2267800.859  5009174.721  3221337.239
2025   1  46350 GPS  -2267791.393  5009173.515  3221321.462
2025   1  46380 GPS  -2267736.438  5009141.263  3221287.253
2025   1  46410 GPS  -2267751.654  5009147.078  3221330.229
2025   1  46440 GPS  -2267778.822  5009153.294  3221314.635
2025   1  46470 GPS  -2267816.659  5009220.743  3221323.463
2025   1  46500 GPS  -2267757.625  5009152.919  3221322.833
2025   1  46530 GPS  -2267733.021  5009211.421  3221314.367
2025   1  46560 GPS  -2267770.429  5009175.759  3221372.160
2025   1  46590 GPS  -2267738.142  5009132.286  3221306.025
2025   1  46620 GPS  -2267765.295  5009218.299  3221314.912
2025   1  46650 GPS  -2267780.180  5009156.894  3221284.929
2025   1  46680 GPS  -2267790.852  5009165.271  3221313.676
2025   1  46710 GPS  -2267792.820  5009196.685  3221378.457
2025   1  46740 GPS  -2267787.123  5009183.321  3221349.176
2025   1  46770 GPS  -2267721.309  5009113.126  3221270.211
2025   1  46800 GPS  -2267761.928  5009137.344  3221257.551
2025   1  46830 GPS  -2267771.365  5009085.717  3221276.485
2025   1  46860 GPS  -2267797.662  5009127.699  3221281.387
2025   1  46890 GPS  -2267803.370  5009132.868  3221305.701
2025   1  46920 GPS  -2267772.580  5009083.965  3221285.324
2025   1  46950 GPS  -2267762.887  5009180.423  3221345.776
2025   1  46980 GPS  -2267770.091  5009191.007  3221340.841
2025   1  47010 GPS  -2267770.873  5009159.097  3221327.615
2025   1  47040 GPS  -2267757.004  5009158.276  3221293.940
2025   1  47070 GPS  -2267748.709  5009189.293  3221310.177
2025   1  47100 GPS  -2267808.204  5009199.845  3221344.443
2025   1  47130 GPS  -2267763.049  5009231.322  3221334.053
2025   1  47160 GPS  -2267742.827  5009194.284  3221304.527
2025   1  47190 GPS  -2267745.402  5009170.447  3221320.573
2025   1  47220 GPS  -2267782.098  5009165.921  3221317.925
2025   1  47250 GPS  -2267785.960  5009204.973  3221333.514
2025   1  47280 GPS  -2267736.584  5009162.545  3221300.399
2025   1  47310 GPS  -2267813.733  5009188.240  3221337.742
2025   1  47340 GPS  -2267782.069  5009169.875  3221314.436
2025   1  47370 GPS  -2267774.069  5009154.185  3221312.853
2025   1  47400 GPS  -2267743.676  5009191.234  3221322.918
2025   1  47430 GPS  -2267777.130  5009180.520  3221304.739
2025   1  47460 GPS  -2267805.657  5009221.166  3221324.150
2025   1  47490 GPS  -2267765.607  5009177.599  3221304.635
2025   1  47520 GPS  -2267767.648  5009110.210  3221290.707
2025   1  47550 GPS  -2267753.564  5009116.369  3221289.000
2025   1  47580 GPS  -2267798.131  5009183.728  3221316.431
2025   1  47610 GPS  -2267783.981  5009198.872  3221327.929
2025   1  47640 GPS  -2267756.334  5009175.512  3221335.747
2025   1  47670 GPS  -2267817.444  5009226.784  3221335.407
2025   1  47700 GPS  -2267768.821  5009156.681  3221309.716
2025   1  47730 GPS  -2267744.719  5009160.995  3221295.558
2025   1  47760 GPS  -2267786.038  5009177.879  3221295.335
2025   1  47790 GPS  -2267794.588  5009143.583  3221315.212
2025   1  47820 GPS  -2267781.480  5009188.788  3221314.156
2025   1  47850 GPS  -2267776.304  5009149.177  3221315.534
2025   1  47880 GPS  -2267740.895  5009026.437  3221268.053
2025   1  47910 GPS  -2267731.053  5009083.140  3221255.852
2025   1  47940 GPS  -2267769.738  5009129.160  3221283.953
2025   1  47970 GPS  -2267788.468  5009089.162  3221286.952
2025   1  48000 GPS  -2267802.927  5009105.876  3221312.593
2025   1  48030 GPS  -2267765.070  5009083.200  3221282.660
2025   1  48060 GPS  -2267776.522  5009081.784  3221304.112
2025   1  48090 GPS  -2267780.338  5009140.364  3221297.983
2025   1  48120 GPS  -2267725.434  5009048.451  3221258.100
2025   1  48150 GPS  -2267761.685  5009081.254  3221289.429
2025   1  48180 GPS  -2267770.841  5009151.528  3221315.390
2025   1  48210 GPS  -2267754.156  5009190.434  3221317.394
2025   1  48240 GPS  -2267751.475  5009156.349  3221288.086
2025   1  48270 GPS  -2267782.633  5009201.913  3221298.675
2025   1  48300 GPS  -2267759.090  5009144.867  3221300.953
2025   1  48330 GPS  -2267737.624  5009180.948  3221299.247
2025   1  48360 GPS  -2267754.983  5009157.415  3221277.505
2025   1  48390 GPS  -2267756.001  5009207.687  3221289.068
2025   1  48420 GPS  -2267749.016  5009186.394  3221307.634
2025   1  48450 GPS  -2267777.896  5009251.902  3221324.898
2025   1  48480 GPS  -2267761.987  5009196.591  3221295.025
2025   1  48510 GPS  -2267766.682  5009183.409  3221298.123
2025   1  48540 GPS  -2267752.353  5009186.898  3221304.367
2025   1  48570 GPS  -2267790.929  5009244.746  3221340.046
2025   1  48600 GPS  -2267782.786  5009231.623  3221318.361
2025   1  48630 GPS  -2267774.247  5009209.822  3221314.026
2025   1  48660 GPS  -2267762.885  5009173.083  3221301.227
2025   1  48690 GPS  -2267761.106  5009196.874  3221303.409
2025   1  48720 GPS  -2267717.770  5009149.725  3221265.928
2025   1  48750 GPS  -2267744.411  5009147.849  3221265.809
2025   1  48780 GPS  -2267756.745  5009166.723  3221300.087
2025   1  48810 GPS  -2267747.018  5009130.741  3221254.739
2025   1  48840 GPS  -2267764.113  5009156.227  3221279.626
2025   1  48870 GPS  -2267746.203  5009135.191  3221304.395
2025   1  48900 GPS  -2267717.948  5009113.240  3221281.574
2025   1  48930 GPS  -2267734.096  5009135.490  3221267.702
2025   1  48960 GPS  -2267732.877  5009107.548  3221276.857
2025   1  48990 GPS  -2267748.382  5009136.681  3221309.003
2025   1  49020 GPS  -2267762.833  5009186.350  3221297.283
2025   1  49050 GPS  -2267761.988  5009132.576  3221263.244
2025   1  49080 GPS  -2267744.383  5009118.468  3221271.506
2025   1  49110 GPS  -2267743.764  5009147.806  3221299.037
2025   1  49140 GPS  -2267726.903  5009081.110  3221274.581
2025   1  49170 GPS  -2267748.071  5009172.763  3221298.496
2025   1  49200 GPS  -2267773.553  5009241.442  3221311.337
2025   1  49230 GPS  -2267776.855  5009279.774  3221322.096
2025   1  49260 GPS  -2267713.608  5009128.544  3221287.864
2025   1  49290 GPS  -2267754.279  5009144.217  3221305.322
2025   1  49320 GPS  -2267794.618  5009145.155  3221292.795
2025   1  49350 GPS  -2267750.608  5009086.355  3221289.163
2025   1  49380 GPS  -2267729.499  5009109.661  3221293.596
2025   1  49410 GPS  -2267750.817  5009137.149  3221316.708
2025   1  49440 GPS  -2267743.352  5009127.898  3221280.320
2025   1  49470 GPS  -2267752.661  5009199.016  3221293.199
2025   1  49500 GPS  -2267782.400  5009224.914  3221302.824
2025   1  49530 GPS  -2267789.448  5009214.093  3221308.289
2025   1  49560 GPS  -2267801.474  5009228.016  3221306.653
2025   1  49590 GPS  -2267797.098  5009253.979  3221322.711
2025   1  49620 GPS  -2267782.942  5009260.407  3221320.947
2025   1  49650 GPS  -2267779.210  5009175.129  3221296.050
2025   1  49680 GPS  -2267780.414  5009260.700  3221335.875
2025   1  49710 GPS  -2267763.929  5009187.729  3221303.086
2025   1  49740 GPS  -2267762.256  5009184.698  3221304.026
2025   1  49770 GPS  -2267735.247  5009175.319  3221305.082
2025   1  49800 GPS  -2267748.366  5009143.791  3221297.469
2025   1  49830 GPS  -2267741.282  5009177.722  3221299.092
2025   1  49860 GPS  -2267752.839  5009197.709  3221305.020
2025   1  49890 GPS  -2267734.508  5009149.952  3221297.707
2025   1  49920 GPS  -2267747.562  5009124.013  3221281.966
2025   1  49950 GPS  -2267748.358  5009174.973  3221307.475
2025   1  49980 GPS  -2267766.867  5009132.008  3221279.014
2025   1  50010 GPS  -2267778.096  5009149.628  3221284.130
2025   1  50040 GPS  -2267795.861  5009235.065  3221337.799
2025   1  50070 GPS  -2267762.628  5009173.003  3221303.965
2025   1  50100 GPS  -2267770.592  5009179.904  3221324.539
2025   1  50130 GPS  -2267751.115  5009200.439  3221326.171
2025   1  50160 GPS  -2267773.164  5009105.229  3221289.858
2025   1  50190 GPS  -2267753.784  5009110.400  3221279.801
2025   1  50220 GPS  -2267761.647  5009179.862  3221324.795
2025   1  50250 GPS  -2267746.435  5009129.084  3221296.669
2025   1  50280 GPS  -2267737.857  5009137.549  3221305.904
2025   1  50310 GPS  -2267752.694  5009081.954  3221298.750
2025   1  50340 GPS  -2267752.101  5009144.919  3221310.679
2025   1  50370 GPS  -2267744.526  5009112.306  3221283.567
2025   1  50400 GPS  -2267751.246  5009102.346  3221280.822
2025   1  50430 GPS  -2267770.080  5009251.335  3221340.606
2025   1  50460 GPS  -2267750.959  5009144.681  3221301.669
2025   1  50490 GPS  -2267752.708  5009214.872  3221297.419
2025   1  50520 GPS  -2267775.295  5009210.211  3221352.922
2025   1  50550 GPS  -2267744.318  5009135.896  3221301.491
2025   1  50580 GPS  -2267774.691  5009261.010  3221344.057
2025   1  50610 GPS  -2267783.200  5009212.650  3221322.440
2025   1  50640 GPS  -2267759.418  5009121.336  3221290.531
2025   1  50670 GPS  -2267773.197  5009189.247  3221325.535
2025   1  50700 GPS  -2267752.574  5009136.669  3221321.030
2025   1  50730 GPS  -2267766.309  5009242.265  3221359.326
2025   1  50760 GPS  -2267777.276  5009208.633  3221333.906
2025   1  50790 GPS  -2267764.392  5009179.492  3221325.420
2025   1  50820 GPS  -2267751.145  5009162.733  3221322.781
2025   1  50850 GPS  -2267745.834  5009159.181  3221325.955
2025   1  50880 GPS  -2267759.874  5009150.831  3221311.273
2025   1  50910 GPS  -2267767.777  5009123.563  3221304.223
2025   1  50940 GPS  -2267738.341  5009105.122  3221273.140
2025   1  50970 GPS  -2267759.923  5009159.886  3221301.860
2025   1  51000 GPS  -2267758.645  5009226.455  3221320.080
2025   1  51030 GPS  -2267760.055  5009170.963  3221313.164
2025   1  51060 GPS  -2267755.503  5009226.641  3221316.649
2025   1  51090 GPS  -2267766.140  5009203.818  3221304.100
2025   1  51120 GPS  -2267755.074  5009170.420  3221297.231
2025   1  51150 GPS  -2267769.850  5009160.040  3221298.787
2025   1  51180 GPS  -2267769.334  5009174.218  3221312.317
2025   1  51210 GPS  -2267753.156  5009134.765  3221295.809
2025   1  51240 GPS  -2267758.528  5009173.867  3221295.312
2025   1  51270 GPS  -2267780.630  5009180.538  3221315.054
2025   1  51300 GPS  -2267770.963  5009169.810  3221324.780
2025   1  51330 GPS  -2267759.983  5009183.353  3221313.770
2025   1  51360 GPS  -2267751.415  5009171.024  3221317.887
2025   1  51390 GPS  -2267790.955  5009226.520  3221330.127
2025   1  51420 GPS  -2267762.217  5009203.603  3221330.690
2025   1  51450 GPS  -2267794.053  5009211.574  3221329.033
2025   1  51480 GPS  -2267755.112  5009165.399  3221307.918
2025   1  51510 GPS  -2267751.905  5009133.657  3221302.006
2025   1  51540 GPS  -2267780.999  5009191.369  3221322.934
2025   1  51570 GPS  -2267765.941  5009194.069  3221304.695
2025   1  51600 GPS  -2267767.686  5009214.164  3221327.291
2025   1  51630 GPS  -2267747.289  5009143.583  3221283.709
2025   1  51660 GPS  -2267750.475  5009171.821  3221278.893
2025   1  51690 GPS  -2267746.547  5009162.370  3221318.298
2025   1  51720 GPS  -2267737.863  5009117.223  3221293.931
2025   1  51750 GPS  -2267736.399  5009137.525  3221286.892
2025   1  51780 GPS  -2267742.117  5009106.688  3221298.725
2025   1  51810 GPS  -2267741.680  5009104.259  3221265.711
2025   1  51840 GPS  -2267705.020  5009036.849  3221257.643
2025   1  51870 GPS  -2267723.589  5009107.401  3221276.340
2025   1  51900 GPS  -2267740.954  5009140.661  3221281.621
2025   1  51930 GPS  -2267731.489  5009140.652  3221288.255
2025   1  51960 GPS  -2267748.340  5009164.803  3221283.307
2025   1  51990 GPS  -2267738.215  5009166.492  3221276.912
2025   1  52020 GPS  -2267722.725  5009161.835  3221300.767
2025   1  52050 GPS  -2267735.205  5009170.138  3221321.934
2025   1  52080 GPS  -2267748.903  5009176.179  3221327.279
2025   1  52110 GPS  -2267760.214  5009169.262  3221311.958
2025   1  52140 GPS  -2267716.473  5009117.510  3221289.080
2025   1  52170 GPS  -2267719.975  5009114.330  3221251.470
2025   1  52200 GPS  -2267722.302  5009134.988  3221295.398
2025   1  52230 GPS  -2267752.264  5009152.725  3221308.212
2025   1  52260 GPS  -2267736.865  5009148.949  3221296.787
2025   1  52290 GPS  -2267726.644  5009144.180  3221291.160
2025   1  52320 GPS  -2267729.282  5009144.525  3221273.500
2025   1  52350 GPS  -2267737.157  5009148.750  3221284.836
2025   1  52380 GPS  -2267731.505  5009137.896  3221296.847
2025   1  52410 GPS  -2267751.314  5009164.345  3221310.748
2025   1  52440 GPS  -2267746.507  5009160.152  3221315.170
2025   1  52470 GPS  -2267720.670  5009098.792  3221296.410
2025   1  52500 GPS  -2267727.379  5009131.318  3221281.789
2025   1  52530 GPS  -2267745.363  5009167.938  3221294.301
2025   1  52560 GPS  -2267765.708  5009188.301  3221308.726
2025   1  52590 GPS  -2267756.397  5009119.173  3221285.252
2025   1  52620 GPS  -2267752.348  5009133.397  3221291.208
2025   1  52650 GPS  -2267744.867  5009102.792  3221298.285
2025   1  52680 GPS  -2267727.708  5009126.270  3221287.600
2025   1  52710 GPS  -2267759.402  5009183.393  3221326.999
2025   1  52740 GPS  -2267729.013  5009129.381  3221301.181
2025   1  52770 GPS  -2267751.246  5009125.685  3221300.061
2025   1  52800 GPS  -2267766.394  5009161.370  3221307.798
2025   1  52830 GPS  -2267742.354  5009119.354  3221288.823
2025   1  52860 GPS  -2267763.338  5009132.963  3221307.175
2025   1  52890 GPS  -2267750.081  5009117.479  3221315.978
2025   1  52920 GPS  -2267751.331  5009176.655  3221342.736
2025   1  52950 GPS  -2267733.665  5009147.702  3221299.460
2025   1  52980 GPS  -2267762.074  5009229.031  3221347.884
2025   1  53010 GPS  -2267760.818  5009196.002  3221323.701
2025   1  53040 GPS  -2267757.271  5009210.556  3221334.927
2025   1  53070 GPS  -2267744.639  5009178.927  3221330.411
2025   1  53100 GPS  -2267750.797  5009175.088  3221330.951
2025   1  53130 GPS  -2267766.273  5009171.910  3221351.241
2025   1  53160 GPS  -2267780.048  5009229.910  3221325.671
2025   1  53190 GPS  -2267743.591  5009143.275  3221334.649
2025   1  53220 GPS  -2267741.662  5009158.709  3221306.555
2025   1  53250 GPS  -2267765.629  5009180.926  3221344.169
2025   1  53280 GPS  -2267723.081  5009113.361  3221301.794
2025   1  53310 GPS  -2267754.980  5009195.151  3221328.328
2025   1  53340 GPS  -2267747.403  5009163.937  3221320.522
2025   1  53370 GPS  -2267744.894  5009161.463  3221301.333
2025   1  53400 GPS  -2267724.821  5009134.590  3221290.662
2025   1  53430 GPS  -2267748.983  5009161.179  3221312.765
2025   1  53460 GPS  -2267743.361  5009139.702  3221291.654
2025   1  53490 GPS  -2267693.723  5009088.151  3221280.752
2025   1  53520 GPS  -2267710.065  5009107.050  3221289.902
2025   1  53550 GPS  -2267737.425  5009149.147  3221316.480
2025   1  53580 GPS  -2267737.784  5009134.790  3221287.325
2025   1  53610 GPS  -2267735.485  5009108.877  3221281.301
2025   1  53640 GPS  -2267740.610  5009125.861  3221275.183
2025   1  53670 GPS  -2267709.749  5009088.022  3221275.734
2025   1  53700 GPS  -2267730.693  5009108.072  3221281.966
2025   1  53730 GPS  -2267735.150  5009136.925  3221270.086
2025   1  53760 GPS  -2267704.524  5009089.009  3221269.152
2025   1  53790 GPS  -2267735.314  5009117.740  3221275.838
2025   1  53820 GPS  -2267740.467  5009140.422  3221315.599
2025   1  53850 GPS  -2267720.017  5009102.764  3221299.385
2025   1  53880 GPS  -2267711.788  5009094.912  3221283.487
2025   1  53910 GPS  -2267740.396  5009123.322  3221289.504
2025   1  53940 GPS  -2267720.831  5009083.872  3221287.340
2025   1  53970 GPS  -2267736.853  5009114.057  3221295.105
2025   1  54000 GPS  -2267738.858  5009119.473  3221306.505
2025   1  54030 GPS  -2267743.050  5009130.775  3221305.034
2025   1  54060 GPS  -2267762.591  5009152.481  3221292.767
2025   1  54090 GPS  -2267736.501  5009091.656  3221278.809
2025   1  54120 GPS  -2267753.235  5009134.037  3221309.732
2025   1  54150 GPS  -2267738.471  5009125.474  3221297.314
2025   1  54180 GPS  -2267723.938  5009106.524  3221285.393
2025   1  54210 GPS  -2267782.914  5009187.360  3221302.087
2025   1  54240 GPS  -2267746.926  5009123.228  3221295.284
2025   1  54270 GPS  -2267720.987  5009106.841  3221283.649
2025   1  54300 GPS  -2267705.303  5009085.334  3221262.297
2025   1  54330 GPS  -2267721.317  5009102.602  3221267.689
2025   1  54360 GPS  -2267738.586  5009121.295  3221285.504
2025   1  54390 GPS  -2267725.752  5009109.910  3221273.853
2025   1  54420 GPS  -2267731.730  5009124.882  3221312.326
2025   1  54450 GPS  -2267727.280  5009143.602  3221314.616
2025   1  54480 GPS  -2267752.740  5009161.497  3221302.545
2025   1  54510 GPS  -2267749.865  5009104.664  3221267.189
2025   1  54540 GPS  -2267734.811  5009127.939  3221284.788
2025   1  54570 GPS  -2267749.380  5009130.759  3221293.221
2025   1  54600 GPS  -2267731.055  5009113.937  3221297.525
2025   1  54630 GPS  -2267750.534  5009140.881  3221304.170
2025   1  54660 GPS  -2267728.185  5009107.633  3221297.705
2025   1  54690 GPS  -2267740.025  5009122.403  3221291.110
2025   1  54720 GPS  -2267772.745  5009179.355  3221294.101
2025   1  54750 GPS  -2267777.426  5009176.948  3221308.331
2025   1  54780 GPS  -2267744.656  5009143.100  3221300.897
2025   1  54810 GPS  -2267725.745  5009141.070  3221299.520
2025   1  54840 GPS  -2267756.461  5009129.546  3221296.255
2025   1  54870 GPS  -2267727.252  5009085.934  3221305.430
2025   1  54900 GPS  -2267713.124  5009079.933  3221312.723
2025   1  54930 GPS  -2267693.939  5009103.570  3221324.807
2025   1  54960 GPS  -2267680.266  5009052.663  3221309.926
2025   1  54990 GPS  -2267722.063  5009085.854  3221314.626
2025   1  55020 GPS  -2267738.131  5009130.187  3221309.136
2025   1  55050 GPS  -2267720.956  5009102.443  3221307.444
2025   1  55080 GPS  -2267727.446  5009109.802  3221299.596
2025   1  55110 GPS  -2267732.278  5009118.584  3221308.699
2025   1  55140 GPS  -2267724.227  5009156.586  3221311.519
2025   1  55170 GPS  -2267745.800  5009157.954  3221312.805
2025   1  55200 GPS  -2267717.789  5009075.958  3221274.851
2025   1  55230 GPS  -2267734.551  5009121.422  3221282.522
2025   1  55260 GPS  -2267755.544  5009168.207  3221317.053
2025   1  55290 GPS  -2267769.283  5009156.859  3221293.840
2025   1  55320 GPS  -2267751.133  5009174.172  3221307.202
2025   1  55350 GPS  -2267736.686  5009157.499  3221323.708
2025   1  55380 GPS  -2267753.688  5009163.300  3221299.240
2025   1  55410 GPS  -2267765.075  5009160.707  3221293.306
2025   1  55440 GPS  -2267780.044  5009179.858  3221318.071
2025   1  55470 GPS  -2267753.121  5009133.772  3221296.317
2025   1  55500 GPS  -2267723.630  5009088.940  3221283.049
2025   1  55530 GPS  -2267739.686  5009144.071  3221307.375
2025   1  55560 GPS  -2267750.718  5009167.723  3221310.838
2025   1  55590 GPS  -2267733.665  5009134.480  3221296.864
2025   1  55620 GPS  -2267752.865  5009145.410  3221287.298
2025   1  55650 GPS  -2267758.389  5009171.108  3221311.723
2025   1  55680 GPS  -2267728.041  5009137.192  3221307.425
2025   1  55710 GPS  -2267718.032  5009099.017  3221282.422
2025   1  55740 GPS  -2267736.411  5009175.338  3221307.347
2025   1  55770 GPS  -2267734.688  5009167.713  3221302.461
2025   1  55800 GPS  -2267740.985  5009143.116  3221297.743
2025   1  55830 GPS  -2267719.542  5009092.388  3221280.767
2025   1  55860 GPS  -2267735.316  5009142.556  3221300.823
2025   1  55890 GPS  -2267751.263  5009129.930  3221280.687
2025   1  55920 GPS  -2267721.563  5009114.202  3221284.341
2025   1  55950 GPS  -2267724.596  5009119.584  3221303.100
2025   1  55980 GPS  -2267685.812  5009056.485  3221278.356
2025   1  56010 GPS  -2267729.054  5009131.760  3221297.985
2025   1  56040 GPS  -2267734.639  5009146.447  3221325.707
2025   1  56070 GPS  -2267698.947  5009071.887  3221295.251
2025   1  56100 GPS  -2267728.452  5009113.621  3221322.473
2025   1  56130 GPS  -2267702.922  5009061.603  3221286.215
2025   1  56160 GPS  -2267742.301  5009142.796  3221298.750
2025   1  56190 GPS  -2267756.393  5009173.369  3221309.760
2025   1  56220 GPS  -2267747.882  5009147.433  3221295.311
2025   1  56250 GPS  -2267736.861  5009147.401  3221297.586
2025   1  56280 GPS  -2267755.589  5009187.910  3221308.688
2025   1  56310 GPS  -2267738.545  5009142.477  3221305.546
2025   1  56340 GPS  -2267696.864  5009106.678  3221321.631
2025   1  56370 GPS  -2267740.080  5009166.730  3221318.208
2025   1  56400 GPS  -2267743.471  5009153.711  3221291.368
2025   1  56430 GPS  -2267739.811  5009124.731  3221297.668
2025   1  56460 GPS  -2267725.152  5009086.992  3221290.424
2025   1  56490 GPS  -2267750.145  5009138.188  3221303.709
2025   1  56520 GPS  -2267725.963  5009090.731  3221280.358
2025   1  56550 GPS  -2267749.819  5009158.302  3221306.474
2025   1  56580 GPS  -2267742.280  5009118.943  3221268.322
2025   1  56610 GPS  -2267726.518  5009088.953  3221259.768
2025   1  56640 GPS  -2267718.508  5009084.454  3221274.986
2025   1  56670 GPS  -2267749.796  5009134.005  3221284.498
2025   1  56700 GPS  -2267761.733  5009125.450  3221271.786
2025   1  56730 GPS  -2267744.461  5009095.611  3221279.881
2025   1  56760 GPS  -2267713.824  5009045.221  3221285.256
2025   1  56790 GPS  -2267716.443  5009050.103  3221275.557
2025   1  56820 GPS  -2267747.175  5009117.932  3221303.619
2025   1  56850 GPS  -2267720.111  5009097.330  3221288.299
2025   1  56880 GPS  -2267724.477  5009083.680  3221294.748
2025   1  56910 GPS  -2267705.774  5009041.509  3221294.913
2025   1  56940 GPS  -2267725.009  5009094.169  3221292.580
2025   1  56970 GPS  -2267732.696  5009077.514  3221289.599
2025   1  57000 GPS  -2267746.222  5009092.758  3221303.965
2025   1  57030 GPS  -2267733.407  5009089.631  3221269.113
2025   1  57060 GPS  -2267774.970  5009186.371  3221336.286
2025   1  57090 GPS  -2267748.216  5009142.562  3221311.267
2025   1  57120 GPS  -2267749.612  5009133.647  3221307.358
2025   1  57150 GPS  -2267752.840  5009152.764  3221280.814
2025   1  57180 GPS  -2267790.100  5009188.997  3221318.525
2025   1  57210 GPS  -2267746.770  5009116.133  3221318.224
2025   1  57240 GPS  -2267742.373  5009119.600  3221300.818
2025   1  57270 GPS  -2267758.096  5009168.921  3221314.770
2025   1  57300 GPS  -2267763.640  5009176.505  3221310.574
2025   1  57330 GPS  -2267717.516  5009077.504  3221287.389
2025   1  57360 GPS  -2267725.627  5009101.927  3221293.684
2025   1  57390 GPS  -2267772.866  5009154.488  3221334.785
2025   1  57420 GPS  -2267762.587  5009169.312  3221306.754
2025   1  57450 GPS  -2267767.849  5009159.240  3221327.679
2025   1  57480 GPS  -2267755.811  5009120.112  3221318.406
2025   1  57510 GPS  -2267704.148  5009051.419  3221249.248
2025   1  57540 GPS  -2267706.295  5009055.246  3221262.117
2025   1  57570 GPS  -2267732.443  5009087.161  3221286.345
2025   1  57600 GPS  -2267757.439  5009122.857  3221297.317
2025   1  57630 GPS  -2267732.878  5009107.448  3221300.606
2025   1  57660 GPS  -2267728.021  5009093.764  3221295.275
2025   1  57690 GPS  -2267729.249  5009111.340  3221305.400
2025   1  57720 GPS  -2267686.688  5009054.927  3221275.674
2025   1  57750 GPS  -2267705.778  5009053.457  3221289.372
2025   1  57780 GPS  -2267744.579  5009146.014  3221289.897
2025   1  57810 GPS  -2267766.840  5009159.288  3221311.201
2025   1  57840 GPS  -2267783.050  5009186.269  3221332.651
2025   1  57870 GPS  -2267765.443  5009145.033  3221328.511
2025   1  57900 GPS  -2267726.565  5009111.900  3221274.047
2025   1  57930 GPS  -2267763.475  5009129.013  3221317.185
2025   1  57960 GPS  -2267732.205  5009110.328  3221289.855
2025   1  57990 GPS  -2267733.309  5009079.893  3221300.553
2025   1  58020 GPS  -2267739.149  5009128.964  3221288.742
2025   1  58050 GPS  -2267762.317  5009134.046  3221290.519
2025   1  58080 GPS  -2267782.700  5009173.898  3221342.333
2025   1  58110 GPS  -2267792.693  5009193.767  3221311.464
2025   1  58140 GPS  -2267785.991  5009201.210  3221287.900
2025   1  58170 GPS  -2267770.661  5009156.236  3221289.115
2025   1  58200 GPS  -2267738.967  5009130.842  3221286.785
2025   1  58230 GPS  -2267745.395  5009149.067  3221285.381
2025   1  58260 GPS  -2267773.213  5009190.202  3221313.277
2025   1  58290 GPS  -2267739.294  5009143.813  3221310.930
2025   1  58320 GPS  -2267751.484  5009164.117  3221310.415
2025   1  58350 GPS  -2267766.038  5009155.196  3221302.217
2025   1  58380 GPS  -2267781.823  5009172.851  3221326.229
2025   1  58410 GPS  -2267728.482  5009113.799  3221287.160
2025   1  58440 GPS  -2267781.579  5009179.790  3221334.444
2025   1  58470 GPS  -2267727.386  5009117.289  3221298.061
2025   1  58500 GPS  -2267721.948  5009110.210  3221291.671
2025   1  58530 GPS  -2267714.863  5009039.071  3221263.237
2025   1  58560 GPS  -2267698.158  5009069.524  3221261.529
2025   1  58590 GPS  -2267693.642  5009051.074  3221262.371
2025   1  58620 GPS  -2267707.004  5009077.611  3221243.763
2025   1  58650 GPS  -2267690.873  5009046.890  3221262.070
2025   1  58680 GPS  -2267764.699  5009166.483  3221276.144
2025   1  58710 GPS  -2267723.190  5009135.886  3221271.567
2025   1  58740 GPS  -2267754.692  5009170.768  3221292.212
2025   1  58770 GPS  -2267758.666  5009167.813  3221316.091
2025   1  58800 GPS  -2267731.930  5009132.863  3221288.309
2025   1  58830 GPS  -2267752.120  5009156.290  3221290.261
2025   1  58860 GPS  -2267766.201  5009174.346  3221292.169
2025   1  58890 GPS  -2267788.301  5009189.456  3221323.398
2025   1  58920 GPS  -2267759.115  5009128.431  3221282.010
2025   1  58950 GPS  -2267741.569  5009133.894  3221281.913
2025   1  58980 GPS  -2267762.928  5009151.074  3221314.524
2025   1  59010 GPS  -2267742.136  5009123.059  3221290.332
2025   1  59040 GPS  -2267748.110  5009124.185  3221296.011
2025   1  59070 GPS  -2267717.988  5009124.172  3221268.223
2025   1  59100 GPS  -2267703.635  5009083.806  3221279.722
2025   1  59130 GPS  -2267736.199  5009147.278  3221267.643
2025   1  59160 GPS  -2267752.842  5009153.024  3221285.086
2025   1  59190 GPS  -2267734.816  5009124.995  3221283.465
2025   1  59220 GPS  -2267739.260  5009141.920  3221297.491
2025   1  59250 GPS  -2267756.960  5009170.137  3221291.235
2025   1  59280 GPS  -2267757.173  5009185.736  3221303.334
2025   1  59310 GPS  -2267772.085  5009164.332  3221316.398
2025   1  59340 GPS  -2267761.321  5009168.350  3221295.188
2025   1  59370 GPS  -2267748.805  5009146.486  3221307.980
2025   1  59400 GPS  -2267745.989  5009129.102  3221293.246
2025   1  59430 GPS  -2267779.960  5009185.771  3221321.236
2025   1  59460 GPS  -2267782.760  5009187.807  3221327.083
2025   1  59490 GPS  -2267757.357  5009152.914  3221285.190
2025   1  59520 GPS  -2267735.204  5009150.329  3221284.322
2025   1  59550 GPS  -2267786.077  5009200.474  3221316.468
2025   1  59580 GPS  -2267781.840  5009179.282  3221310.027
2025   1  59610 GPS  -2267765.463  5009194.143  3221280.276
2025   1  59640 GPS  -2267761.346  5009203.705  3221286.649
2025   1  59670 GPS  -2267797.998  5009246.952  3221303.559
2025   1  59700 GPS  -2267756.929  5009183.264  3221287.026
2025   1  59730 GPS  -2267763.955  5009192.628  3221297.602
2025   1  59760 GPS  -2267785.183  5009187.370  3221295.887
2025   1  59790 GPS  -2267774.431  5009166.150  3221298.713
2025   1  59820 GPS  -2267784.384  5009172.154  3221312.079
2025   1  59850 GPS  -2267787.959  5009178.708  3221297.934
2025   1  59880 GPS  -2267782.415  5009140.059  3221282.427
2025   1  59910 GPS  -2267784.454  5009166.222  3221304.874
2025   1  59940 GPS  -2267790.002  5009217.747  3221308.838
2025   1  59970 GPS  -2267772.532  5009164.063  3221289.478
2025   1  60000 GPS  -2267785.373  5009193.844  3221314.220
2025   1  60030 GPS  -2267782.748  5009230.826  3221312.263
2025   1  60060 GPS  -2267772.346  5009183.429  3221298.477
2025   1  60090 GPS  -2267750.273  5009162.634  3221288.048
2025   1  60120 GPS  -2267766.829  5009200.242  3221304.528
2025   1  60150 GPS  -2267786.139  5009165.510  3221289.834
2025   1  60180 GPS  -2267761.890  5009174.632  3221296.032
2025   1  60210 GPS  -2267762.551  5009157.851  3221302.593
2025   1  60240 GPS  -2267772.288  5009183.460  3221302.051
2025   1  60270 GPS  -2267772.737  5009146.999  3221278.192
2025   1  60300 GPS  -2267800.030  5009190.250  3221309.989
2025   1  60330 GPS  -2267768.112  5009157.983  3221277.942
2025   1  60360 GPS  -2267782.640  5009187.756  3221298.825
2025   1  60390 GPS  -2267774.525  5009210.148  3221308.496
2025   1  60420 GPS  -2267794.104  5009156.738  3221291.399
2025   1  60450 GPS  -2267781.988  5009184.212  3221294.195
2025   1  60480 GPS  -2267779.867  5009175.688  3221296.409
2025   1  60510 GPS  -2267769.654  5009137.424  3221280.080
2025   1  60540 GPS  -2267785.636  5009209.197  3221305.870
2025   1  60570 GPS  -2267762.992  5009185.252  3221291.009
2025   1  60600 GPS  -2267776.951  5009142.565  3221293.942
2025   1  60630 GPS  -2267761.755  5009193.907  3221307.825
2025   1  60660 GPS  -2267783.641  5009184.461  3221300.718
2025   1  60690 GPS  -2267786.817  5009187.279  3221312.438
2025   1  60720 GPS  -2267796.081  5009198.038  3221329.204
2025   1  60750 GPS  -2267796.796  5009247.332  3221304.920
2025   1  60780 GPS  -2267781.959  5009216.281  3221316.811
2025   1  60810 GPS  -2267768.087  5009194.013  3221307.208
2025   1  60840 GPS  -2267725.924  5009097.193  3221283.018
2025   1  60870 GPS  -2267745.415  5009152.266  3221284.340
2025   1  60900 GPS  -2267766.258  5009153.181  3221295.334
2025   1  60930 GPS  -2267720.678  5009058.413  3221266.733
2025   1  60960 GPS  -2267771.254  5009104.006  3221316.840
2025   1  60990 GPS  -2267767.296  5009141.549  3221319.718
2025   1  61020 GPS  -2267767.026  5009163.253  3221314.702
2025   1  61050 GPS  -2267711.032  5009043.146  3221257.609
2025   1  61080 GPS  -2267728.212  5009139.926  3221285.896
2025   1  61110 GPS  -2267748.254  5009153.852  3221279.827
2025   1  61140 GPS  -2267738.716  5009107.532  3221265.033
2025   1  61170 GPS  -2267756.081  5009096.904  3221298.486
2025   1  61200 GPS  -2267799.399  5009160.457  3221294.818
2025   1  61230 GPS  -2267751.289  5009157.558  3221289.761
2025   1  61260 GPS  -2267759.445  5009147.890  3221294.548
2025   1  61290 GPS  -2267763.994  5009183.785  3221296.386
2025   1  61320 GPS  -2267759.881  5009185.371  3221312.960
2025   1  61350 GPS  -2267739.762  5009156.665  3221291.259
2025   1  61380 GPS  -2267756.321  5009210.261  3221285.287
2025   1  61410 GPS  -2267779.279  5009233.359  3221295.745
2025   1  61440 GPS  -2267773.781  5009181.595  3221288.960
2025   1  61470 GPS  -2267741.648  5009116.416  3221261.275
2025   1  61500 GPS  -2267761.642  5009171.853  3221290.426
2025   1  61530 GPS  -2267738.167  5009164.385  3221281.588
2025   1  61560 GPS  -2267760.780  5009134.348  3221291.752
2025   1  61590 GPS  -2267756.359  5009167.414  3221265.410
2025   1  61620 GPS  -2267734.064  5009148.787  3221268.023
2025   1  61650 GPS  -2267754.512  5009156.205  3221278.752
2025   1  61680 GPS  -2267778.800  5009189.954  3221303.331
2025   1  61710 GPS  -2267790.499  5009217.244  3221324.545
2025   1  61740 GPS  -2267787.052  5009202.862  3221322.790
2025   1  61770 GPS  -2267778.361  5009226.691  3221324.761
2025   1  61800 GPS  -2267804.082  5009274.728  3221331.405
2025   1  61830 GPS  -2267771.606  5009264.182  3221341.722
2025   1  61860 GPS  -2267773.711  5009216.367  3221310.754
2025   1  61890 GPS  -2267793.983  5009207.582  3221321.443
2025   1  61920 GPS  -2267765.665  5009156.667  3221328.148
2025   1  61950 GPS  -2267779.666  5009176.156  3221328.572
2025   1  61980 GPS  -2267785.143  5009190.097  3221313.676
2025   1  62010 GPS  -2267802.858  5009189.800  3221334.767
2025   1  62040 GPS  -2267799.061  5009194.840  3221316.289
2025   1  62070 GPS  -2267801.830  5009256.643  3221345.402
2025   1  62100 GPS  -2267799.189  5009226.762  3221337.703
2025   1  62130 GPS  -2267803.002  5009231.925  3221334.813
2025   1  62160 GPS  -2267779.970  5009204.826  3221326.800
2025   1  62190 GPS  -2267803.624  5009234.678  3221341.644
2025   1  62220 GPS  -2267775.772  5009224.882  3221328.554
2025   1  62250 GPS  -2267757.661  5009205.213  3221324.931
2025   1  62280 GPS  -2267751.969  5009194.477  3221291.808
2025   1  62310 GPS  -2267767.570  5009231.704  3221308.663
2025   1  62340 GPS  -2267751.558  5009220.378  3221324.594
2025   1  62370 GPS  -2267781.656  5009218.155  3221311.691
2025   1  62400 GPS  -2267778.155  5009230.022  3221334.281
2025   1  62430 GPS  -2267773.803  5009272.476  3221329.229
2025   1  62460 GPS  -2267770.791  5009176.959  3221316.856
2025   1  62490 GPS  -2267768.943  5009168.635  3221307.178
2025   1  62520 GPS  -2267778.263  5009212.932  3221307.070
2025   1  62550 GPS  -2267768.214  5009218.136  3221318.022
2025   1  62580 GPS  -2267772.509  5009242.682  3221317.612
2025   1  62610 GPS  -2267811.335  5009252.465  3221321.281
2025   1  62640 GPS  -2267749.014  5009138.165  3221305.143
2025   1  62670 GPS  -2267771.133  5009178.445  3221314.320
2025   1  62700 GPS  -2267751.600  5009208.346  3221337.756
2025   1  62730 GPS  -2267741.593  5009174.422  3221307.415
2025   1  62760 GPS  -2267790.116  5009188.422  3221323.459
2025   1  62790 GPS  -2267775.645  5009159.497  3221319.338
2025   1  62820 GPS  -2267805.373  5009189.132  3221311.462
2025   1  62850 GPS  -2267756.888  5009164.403  3221329.550
2025   1  62880 GPS  -2267760.597  5009131.935  3221289.753
2025   1  62910 GPS  -2267771.918  5009151.509  3221294.383
2025   1  62940 GPS  -2267741.527  5009097.813  3221280.125
2025   1  62970 GPS  -2267767.169  5009186.940  3221293.199
2025   1  63000 GPS  -2267781.834  5009200.144  3221279.876
2025   1  63030 GPS  -2267760.284  5009164.241  3221268.833
2025   1  63060 GPS  -2267742.760  5009153.044  3221292.994
2025   1  63090 GPS  -2267766.552  5009175.692  3221304.444
2025   1  63120 GPS  -2267765.930  5009180.060  3221302.260
2025   1  63150 GPS  -2267743.048  5009113.073  3221272.282
2025   1  63180 GPS  -2267790.553  5009195.171  3221290.228
2025   1  63210 GPS  -2267745.521  5009166.738  3221303.073
2025   1  63240 GPS  -2267762.291  5009164.409  3221301.264
2025   1  63270 GPS  -2267776.773  5009172.865  3221297.299
2025   1  63300 GPS  -2267754.116  5009128.741  3221275.864
2025   1  63330 GPS  -2267770.087  5009183.132  3221313.063
2025   1  63360 GPS  -2267753.152  5009150.276  3221309.251
2025   1  63390 GPS  -2267758.692  5009169.945  3221303.555
2025   1  63420 GPS  -2267759.937  5009176.885  3221294.103
2025   1  63450 GPS  -2267775.878  5009211.290  3221304.307
2025   1  63480 GPS  -2267817.451  5009256.168  3221328.448
2025   1  63510 GPS  -2267781.904  5009247.838  3221321.499
2025   1  63540 GPS  -2267767.089  5009178.922  3221297.750
2025   1  63570 GPS  -2267750.847  5009161.590  3221297.898
2025   1  63600 GPS  -2267751.036  5009150.407  3221291.652
2025   1  63630 GPS  -2267779.000  5009204.930  3221288.117
2025   1  63660 GPS  -2267753.991  5009151.006  3221276.501
2025   1  63690 GPS  -2267768.344  5009168.712  3221272.036
2025   1  63720 GPS  -2267803.207  5009218.039  3221302.970
2025   1  63750 GPS  -2267755.976  5009191.527  3221293.932
2025   1  63780 GPS  -2267833.630  5009305.730  3221325.677
2025   1  63810 GPS  -2267793.194  5009236.585  3221310.405
2025   1  63840 GPS  -2267781.499  5009239.005  3221306.994
2025   1  63870 GPS  -2267825.732  5009281.268  3221330.720
2025   1  63900 GPS  -2267795.844  5009223.058  3221317.186
2025   1  63930 GPS  -2267759.195  5009184.494  3221284.141
2025   1  63960 GPS  -2267805.827  5009254.273  3221308.634
2025   1  63990 GPS  -2267795.158  5009229.623  3221268.800
2025   1  64020 GPS  -2267760.522  5009162.584  3221288.228
2025   1  64050 GPS  -2267784.999  5009230.529  3221327.367
2025   1  64080 GPS  -2267773.652  5009169.131  3221278.286
2025   1  64110 GPS  -2267766.461  5009158.873  3221274.716
2025   1  64140 GPS  -2267746.304  5009130.221  3221248.653
2025   1  64170 GPS  -2267743.061  5009123.976  3221250.172
2025   1  64200 GPS  -2267762.056  5009148.322  3221246.342
2025   1  64230 GPS  -2267769.731  5009191.612  3221284.507
2025   1  64260 GPS  -2267807.728  5009235.667  3221317.469
2025   1  64290 GPS  -2267797.863  5009204.418  3221290.594
2025   1  64320 GPS  -2267819.408  5009242.416  3221298.807
2025   1  64350 GPS  -2267791.172  5009195.178  3221278.291
2025   1  64380 GPS  -2267789.563  5009188.324  3221276.563
2025   1  64410 GPS  -2267787.446  5009207.997  3221283.472
2025   1  64440 GPS  -2267758.093  5009173.098  3221274.212
2025   1  64470 GPS  -2267708.749  5009114.042  3221252.306
2025   1  64500 GPS  -2267701.907  5009100.124  3221231.134
2025   1  64530 GPS  -2267729.000  5009115.334  3221248.108
2025   1  64560 GPS  -2267729.452  5009131.953  3221252.898
2025   1  64590 GPS  -2267751.618  5009157.378  3221272.093
2025   1  64620 GPS  -2267770.320  5009194.780  3221272.515
2025   1  64650 GPS  -2267788.978  5009179.372  3221285.717
2025   1  64680 GPS  -2267796.095  5009197.128  3221318.137
2025   1  64710 GPS  -2267736.253  5009128.414  3221282.684
2025   1  64740 GPS  -2267757.073  5009142.379  3221285.834
2025   1  64770 GPS  -2267730.447  5009127.098  3221277.376
2025   1  64800 GPS  -2267754.937  5009130.393  3221282.795
2025   1  64830 GPS  -2267721.560  5009111.499  3221261.417
2025   1  64860 GPS  -2267732.182  5009113.265  3221242.155
2025   1  64890 GPS  -2267757.089  5009146.218  3221246.245
2025   1  64920 GPS  -2267773.929  5009182.405  3221266.644
2025   1  64950 GPS  -2267782.694  5009206.982  3221288.693
2025   1  64980 GPS  -2267777.430  5009238.752  3221292.760
2025   1  65010 GPS  -2267826.208  5009271.984  3221284.807
2025   1  65040 GPS  -2267818.393  5009232.774  3221299.216
2025   1  65070 GPS  -2267843.714  5009287.409  3221351.531
2025   1  65100 GPS  -2267806.830  5009183.535  3221286.462
2025   1  65130 GPS  -2267727.252  5009113.170  3221235.678
2025   1  65160 GPS  -2267745.588  5009148.120  3221225.759
2025   1  65190 GPS  -2267764.600  5009160.747  3221224.936
2025   1  65220 GPS  -2267753.597  5009168.875  3221247.276
2025   1  65250 GPS  -2267777.457  5009189.757  3221269.227
2025   1  65280 GPS  -2267809.036  5009244.625  3221295.677
2025   1  65310 GPS  -2267771.895  5009186.918  3221286.837
2025   1  65340 GPS  -2267796.135  5009230.409  3221314.875
2025   1  65370 GPS  -2267797.974  5009185.529  3221277.706
2025   1  65400 GPS  -2267785.079  5009206.524  3221278.121
2025   1  65430 GPS  -2267772.218  5009176.854  3221243.083
2025   1  65460 GPS  -2267788.157  5009195.684  3221264.658
2025   1  65490 GPS  -2267800.244  5009199.038  3221266.403
2025   1  65520 GPS  -2267805.176  5009215.725  3221278.113
2025   1  65550 GPS  -2267770.611  5009168.552  3221291.088
2025   1  65580 GPS  -2267765.668  5009138.993  3221287.857
2025   1  65610 GPS  -2267822.488  5009213.031  3221320.213
2025   1  65640 GPS  -2267777.625  5009192.440  3221287.294
2025   1  65670 GPS  -2267838.999  5009270.507  3221325.934
2025   1  65700 GPS  -2267827.076  5009217.568  3221294.830
2025   1  65730 GPS  -2267789.372  5009202.157  3221289.936
2025   1  65760 GPS  -2267835.851  5009225.583  3221305.780
2025   1  65790 GPS  -2267777.018  5009219.703  3221283.764
2025   1  65820 GPS  -2267773.436  5009154.112  3221259.772
2025   1  65850 GPS  -2267844.534  5009232.995  3221294.272
2025   1  65880 GPS  -2267816.005  5009236.652  3221326.251
2025   1  65910 GPS  -2267795.452  5009187.381  3221296.185
2025   1  65940 GPS  -2267774.725  5009188.162  3221301.942
2025   1  65970 GPS  -2267819.723  5009230.310  3221303.266
2025   1  66000 GPS  -2267813.507  5009182.334  3221277.052
2025   1  66030 GPS  -2267781.535  5009170.630  3221267.598
2025   1  66060 GPS  -2267817.971  5009194.336  3221315.661
2025   1  66090 GPS  -2267789.145  5009194.814  3221283.480
2025   1  66120 GPS  -2267792.217  5009173.201  3221298.361
2025   1  66150 GPS  -2267818.880  5009233.705  3221311.433
2025   1  66180 GPS  -2267808.259  5009209.341  3221291.777
2025   1  66210 GPS  -2267829.608  5009217.134  3221287.246
2025   1  66240 GPS  -2267815.068  5009208.316  3221287.626
2025   1  66270 GPS  -2267806.931  5009215.200  3221285.394
2025   1  66300 GPS  -2267790.043  5009174.891  3221267.975
2025   1  66330 GPS  -2267769.810  5009166.028  3221286.980
2025   1  66360 GPS  -2267779.160  5009159.996  3221281.625
2025   1  66390 GPS  -2267757.203  5009166.562  3221295.838
2025   1  66420 GPS  -2267775.323  5009172.214  3221282.901
2025   1  66450 GPS  -2267779.409  5009160.890  3221272.393
2025   1  66480 GPS  -2267773.512  5009171.345  3221265.320
2025   1  66510 GPS  -2267761.812  5009164.989  3221294.550
2025   1  66540 GPS  -2267756.985  5009147.986  3221267.892
2025   1  66570 GPS  -2267742.035  5009131.720  3221262.147
2025   1  66600 GPS  -2267772.573  5009184.874  3221290.946
2025   1  66630 GPS  -2267760.643  5009156.026  3221277.877
2025   1  66660 GPS  -2267732.981  5009142.146  3221263.730
2025   1  66690 GPS  -2267748.023  5009151.418  3221274.394
2025   1  66720 GPS  -2267754.189  5009156.794  3221283.750
2025   1  66750 GPS  -2267797.303  5009208.837  3221294.272
2025   1  66780 GPS  -2267799.580  5009215.074  3221283.745
2025   1  66810 GPS  -2267801.176  5009191.920  3221289.490
2025   1  66840 GPS  -2267776.715  5009193.863  3221300.739
2025   1  66870 GPS  -2267781.635  5009180.936  3221307.145
2025   1  66900 GPS  -2267774.654  5009158.350  3221265.474
2025   1  66930 GPS  -2267777.034  5009201.085  3221277.040
2025   1  66960 GPS  -2267763.468  5009182.481  3221293.454
2025   1  66990 GPS  -2267767.290  5009181.306  3221256.628
2025   1  67020 GPS  -2267746.298  5009169.548  3221290.435
2025   1  67050 GPS  -2267752.344  5009158.765  3221260.582
2025   1  67080 GPS  -2267794.261  5009194.692  3221269.199
2025   1  67110 GPS  -2267776.195  5009149.661  3221266.703
2025   1  67140 GPS  -2267784.598  5009173.604  3221288.562
2025   1  67170 GPS  -2267774.395  5009176.476  3221274.276
2025   1  67200 GPS  -2267774.494  5009173.734  3221256.851
2025   1  67230 GPS  -2267782.928  5009187.399  3221296.411
2025   1  67260 GPS  -2267764.549  5009165.278  3221295.162
2025   1  67290 GPS  -2267761.635  5009161.362  3221278.142
2025   1  67320 GPS  -2267774.179  5009189.178  3221314.264
2025   1  67350 GPS  -2267788.556  5009202.043  3221285.109
2025   1  67380 GPS  -2267783.679  5009198.363  3221298.082
2025   1  67410 GPS  -2267780.130  5009179.589  3221287.103
2025   1  67440 GPS  -2267777.054  5009175.536  3221273.949
2025   1  67470 GPS  -2267766.292  5009179.645  3221249.061
2025   1  67500 GPS  -2267791.362  5009188.953  3221284.789
2025   1  67530 GPS  -2267785.079  5009181.066  3221304.233
2025   1  67560 GPS  -2267772.537  5009171.070  3221301.293
2025   1  67590 GPS  -2267809.349  5009209.656  3221308.762
2025   1  67620 GPS  -2267777.847  5009204.572  3221285.339
2025   1  67650 GPS  -2267783.642  5009176.262  3221252.774
2025   1  67680 GPS  -2267792.924  5009193.268  3221284.109
2025   1  67710 GPS  -2267766.048  5009161.892  3221285.484
2025   1  67740 GPS  -2267767.580  5009161.382  3221279.509
2025   1  67770 GPS  -2267774.059  5009147.333  3221269.421
2025   1  67800 GPS  -2267777.157  5009163.942  3221294.740
2025   1  67830 GPS  -2267786.508  5009191.583  3221296.830
2025   1  67860 GPS  -2267796.041  5009146.999  3221254.577
2025   1  67890 GPS  -2267776.488  5009159.073  3221283.558
2025   1  67920 GPS  -2267761.734  5009119.655  3221247.780
2025   1  67950 GPS  -2267726.212  5009101.096  3221231.925
2025   1  67980 GPS  -2267747.032  5009160.004  3221270.386
2025   1  68010 GPS  -2267744.625  5009162.158  3221269.437
2025   1  68040 GPS  -2267757.214  5009155.840  3221280.820
2025   1  68070 GPS  -2267781.902  5009157.125  3221253.548
2025   1  68100 GPS  -2267767.051  5009177.803  3221276.310
2025   1  68130 GPS  -2267769.967  5009172.014  3221275.692
2025   1  68160 GPS  -2267766.094  5009160.121  3221283.464
2025   1  68190 GPS  -2267745.957  5009153.260  3221284.227
2025   1  68220 GPS  -2267774.668  5009181.668  3221254.760
2025   1  68250 GPS  -2267753.146  5009166.125  3221258.491
2025   1  68280 GPS  -2267763.665  5009164.927  3221274.726
2025   1  68310 GPS  -2267784.446  5009199.643  3221279.861
2025   1  68340 GPS  -2267768.454  5009151.285  3221291.158
2025   1  68370 GPS  -2267757.856  5009140.935  3221309.670
2025   1  68400 GPS  -2267743.875  5009116.543  3221291.113
2025   1  68430 GPS  -2267786.872  5009164.945  3221291.643
2025   1  68460 GPS  -2267769.672  5009174.555  3221285.873
2025   1  68490 GPS  -2267776.517  5009183.759  3221286.878
2025   1  68520 GPS  -2267756.020  5009144.448  3221285.107
2025   1  68550 GPS  -2267750.192  5009135.427  3221281.833
2025   1  68580 GPS  -2267760.707  5009155.832  3221279.914
2025   1  68610 GPS  -2267753.620  5009147.754  3221283.231
2025   1  68640 GPS  -2267777.176  5009180.182  3221284.238
2025   1  68670 GPS  -2267766.262  5009180.256  3221279.967
2025   1  68700 GPS  -2267762.168  5009159.644  3221301.660
2025   1  68730 GPS  -2267759.274  5009143.459  3221283.045
2025   1  68760 GPS  -2267759.909  5009155.292  3221292.618
2025   1  68790 GPS  -2267794.910  5009200.643  3221314.152
2025   1  68820 GPS  -2267798.862  5009197.061  3221303.711
2025   1  68850 GPS  -2267742.338  5009123.944  3221293.278
2025   1  68880 GPS  -2267756.913  5009177.167  3221290.449
2025   1  68910 GPS  -2267747.773  5009127.115  3221279.182
2025   1  68940 GPS  -2267786.278  5009226.112  3221311.207
2025   1  68970 GPS  -2267760.560  5009161.338  3221259.305
2025   1  69000 GPS  -2267738.906  5009155.322  3221283.172
2025   1  69030 GPS  -2267767.383  5009192.556  3221294.223
2025   1  69060 GPS  -2267771.587  5009162.149  3221290.868
2025   1  69090 GPS  -2267740.533  5009141.525  3221293.024
2025   1  69120 GPS  -2267761.524  5009154.705  3221285.720
2025   1  69150 GPS  -2267748.818  5009127.182  3221280.597
2025   1  69180 GPS  -2267756.247  5009143.803  3221285.237
2025   1  69210 GPS  -2267765.306  5009134.703  3221272.766
2025   1  69240 GPS  -2267736.311  5009099.268  3221255.702
2025   1  69270 GPS  -2267733.085  5009084.405  3221261.268
2025   1  69300 GPS  -2267735.357  5009104.833  3221254.733
2025   1  69330 GPS  -2267708.601  5009078.891  3221251.772
2025   1  69360 GPS  -2267744.057  5009151.513  3221294.155
2025   1  69390 GPS  -2267741.375  5009122.446  3221285.828
2025   1  69420 GPS  -2267750.834  5009115.968  3221268.175
2025   1  69450 GPS  -2267696.697  5009069.357  3221244.420
2025   1  69480 GPS  -2267713.398  5009132.452  3221282.387
2025   1  69510 GPS  -2267722.264  5009129.125  3221268.017
2025   1  69540 GPS  -2267726.671  5009144.513  3221265.959
2025   1  69570 GPS  -2267723.587  5009141.527  3221266.455
2025   1  69600 GPS  -2267739.255  5009161.471  3221282.887
2025   1  69630 GPS  -2267751.205  5009171.836  3221306.112
2025   1  69660 GPS  -2267799.505  5009258.475  3221343.402
2025   1  69690 GPS  -2267761.044  5009199.085  3221314.713
2025   1  69720 GPS  -2267754.125  5009172.736  3221291.844
2025   1  69750 GPS  -2267704.030  5009132.319  3221275.985
2025   1  69780 GPS  -2267740.354  5009148.766  3221273.332
2025   1  69810 GPS  -2267722.049  5009126.555  3221278.490
2025   1  69840 GPS  -2267717.667  5009094.613  3221253.584
2025   1  69870 GPS  -2267739.232  5009139.856  3221301.264
2025   1  69900 GPS  -2267716.018  5009128.155  3221280.377
2025   1  69930 GPS  -2267690.071  5009072.238  3221255.338
2025   1  69960 GPS  -2267699.581  5009098.706  3221276.285
2025   1  69990 GPS  -2267725.351  5009133.559  3221281.028
2025   1  70020 GPS  -2267755.471  5009181.571  3221294.628
2025   1  70050 GPS  -2267756.049  5009192.391  3221303.943
2025   1  70080 GPS  -2267748.717  5009152.974  3221301.743
2025   1  70110 GPS  -2267759.245  5009185.271  3221307.752
2025   1  70140 GPS  -2267748.452  5009171.084  3221297.559
2025   1  70170 GPS  -2267774.553  5009220.241  3221309.139
2025   1  70200 GPS  -2267738.950  5009171.113  3221277.519
2025   1  70230 GPS  -2267725.812  5009137.477  3221261.643
2025   1  70260 GPS  -2267759.548  5009163.689  3221285.263
2025   1  70290 GPS  -2267742.989  5009117.940  3221276.515
2025   1  70320 GPS  -2267726.789  5009103.460  3221261.337
2025   1  70350 GPS  -2267754.278  5009143.234  3221294.359
2025   1  70380 GPS  -2267745.311  5009135.945  3221285.072
2025   1  70410 GPS  -2267728.574  5009108.031  3221271.344
2025   1  70440 GPS  -2267768.179  5009186.753  3221319.285
2025   1  70470 GPS  -2267786.490  5009217.889  3221292.891
2025   1  70500 GPS  -2267712.716  5009106.629  3221287.211
2025   1  70530 GPS  -2267704.682  5009076.828  3221265.443
2025   1  70560 GPS  -2267736.841  5009142.324  3221294.626
2025   1  70590 GPS  -2267750.062  5009164.100  3221301.786
2025   1  70620 GPS  -2267776.203  5009219.589  3221317.969
2025   1  70650 GPS  -2267782.659  5009266.285  3221347.470
2025   1  70680 GPS  -2267753.277  5009166.091  3221295.693
2025   1  70710 GPS  -2267802.541  5009215.887  3221304.075
2025   1  70740 GPS  -2267747.107  5009178.966  3221304.712
2025   1  70770 GPS  -2267752.229  5009150.017  3221288.020
2025   1  70800 GPS  -2267728.232  5009089.436  3221273.931
2025   1  70830 GPS  -2267763.773  5009168.619  3221305.140
2025   1  70860 GPS  -2267770.291  5009168.129  3221289.606
2025   1  70890 GPS  -2267754.391  5009183.486  3221299.991
2025   1  70920 GPS  -2267770.282  5009187.231  3221292.339
2025   1  70950 GPS  -2267767.744  5009218.119  3221303.246
2025   1  70980 GPS  -2267751.917  5009167.088  3221308.973
2025   1  71010 GPS  -2267742.807  5009195.074  3221330.979
2025   1  71040 GPS  -2267732.209  5009141.033  3221321.795
2025   1  71070 GPS  -2267758.807  5009202.627  3221307.132
2025   1  71100 GPS  -2267777.339  5009228.930  3221327.322
2025   1  71130 GPS  -2267733.087  5009135.317  3221282.114
2025   1  71160 GPS  -2267745.637  5009117.998  3221286.067
2025   1  71190 GPS  -2267729.839  5009133.114  3221273.016
2025   1  71220 GPS  -2267736.104  5009160.647  3221297.533
2025   1  71250 GPS  -2267749.744  5009186.724  3221297.616
2025   1  71280 GPS  -2267745.654  5009160.082  3221297.589
2025   1  71310 GPS  -2267737.139  5009172.064  3221298.077
2025   1  71340 GPS  -2267810.486  5009269.103  3221322.388
2025   1  71370 GPS  -2267806.877  5009254.792  3221318.927
2025   1  71400 GPS  -2267744.769  5009175.448  3221276.810
2025   1  71430 GPS  -2267763.639  5009198.039  3221308.461
2025   1  71460 GPS  -2267760.529  5009213.616  3221306.194
2025   1  71490 GPS  -2267745.833  5009198.356  3221307.059
2025   1  71520 GPS  -2267756.240  5009160.703  3221284.828
2025   1  71550 GPS  -2267782.602  5009174.067  3221315.030
2025   1  71580 GPS  -2267771.773  5009196.433  3221331.923
2025   1  71610 GPS  -2267752.901  5009135.378  3221316.244
2025   1  71640 GPS  -2267717.995  5009131.139  3221286.866
2025   1  71670 GPS  -2267757.583  5009176.147  3221288.854
2025   1  71700 GPS  -2267761.522  5009183.187  3221307.795
2025   1  71730 GPS  -2267745.388  5009176.103  3221314.248
2025   1  71760 GPS  -2267751.528  5009170.921  3221309.878
2025   1  71790 GPS  -2267726.583  5009157.099  3221299.901
2025   1  71820 GPS  -2267709.308  5009144.505  3221278.250
2025   1  71850 GPS  -2267692.950  5009101.357  3221280.068
2025   1  71880 GPS  -2267745.418  5009165.120  3221293.031
2025   1  71910 GPS  -2267734.656  5009128.575  3221299.595
2025   1  71940 GPS  -2267730.002  5009146.193  3221285.887
2025   1  71970 GPS  -2267753.139  5009175.577  3221324.786
2025   1  72000 GPS  -2267767.239  5009173.659  3221332.480
2025   1  72030 GPS  -2267734.032  5009133.697  3221289.220
2025   1  72060 GPS  -2267723.693  5009139.903  3221281.495
2025   1  72090 GPS  -2267758.557  5009186.158  3221302.527
2025   1  72120 GPS  -2267752.926  5009164.618  3221313.470
2025   1  72150 GPS  -2267726.125  5009143.267  3221284.508
2025   1  72180 GPS  -2267760.197  5009185.073  3221289.971
2025   1  72210 GPS  -2267762.508  5009185.328  3221301.335
2025   1  72240 GPS  -2267747.140  5009175.120  3221278.963
2025   1  72270 GPS  -2267731.756  5009169.830  3221283.973
2025   1  72300 GPS  -2267742.382  5009142.618  3221274.373
2025   1  72330 GPS  -2267736.512  5009134.464  3221261.612
2025   1  72360 GPS  -2267765.482  5009142.167  3221319.739
2025   1  72390 GPS  -2267734.070  5009135.276  3221284.893
2025   1  72420 GPS  -2267737.892  5009174.533  3221310.048
2025   1  72450 GPS  -2267743.107  5009177.004  3221286.577
2025   1  72480 GPS  -2267779.709  5009170.972  3221309.457
2025   1  72510 GPS  -2267738.728  5009152.180  3221284.204
2025   1  72540 GPS  -2267724.297  5009140.725  3221280.307
2025   1  72570 GPS  -2267750.884  5009143.987  3221263.224
2025   1  72600 GPS  -2267738.565  5009134.604  3221267.493
2025   1  72630 GPS  -2267732.935  5009131.214  3221268.623
2025   1  72660 GPS  -2267776.958  5009199.923  3221304.081
2025   1  72690 GPS  -2267753.125  5009164.730  3221285.574
2025   1  72720 GPS  -2267730.291  5009151.498  3221271.419
2025   1  72750 GPS  -2267746.809  5009154.504  3221295.900
2025   1  72780 GPS  -2267752.824  5009158.841  3221324.404
2025   1  72810 GPS  -2267745.570  5009153.027  3221291.050
2025   1  72840 GPS  -2267752.594  5009174.570  3221309.385
2025   1  72870 GPS  -2267746.602  5009166.494  3221292.642
2025   1  72900 GPS  -2267750.091  5009217.554  3221309.958
2025   1  72930 GPS  -2267742.196  5009183.139  3221254.887
2025   1  72960 GPS  -2267759.085  5009191.378  3221312.726
2025   1  72990 GPS  -2267753.670  5009159.527  3221302.941
2025   1  73020 GPS  -2267751.989  5009167.798  3221314.082
2025   1  73050 GPS  -2267751.570  5009174.638  3221282.510
2025   1  73080 GPS  -2267762.864  5009176.677  3221305.904
2025   1  73110 GPS  -2267779.966  5009200.690  3221320.035
2025   1  73140 GPS  -2267793.370  5009202.816  3221349.673
2025   1  73170 GPS  -2267737.643  5009150.169  3221326.581
2025   1  73200 GPS  -2267749.387  5009162.309  3221316.744
2025   1  73230 GPS  -2267740.536  5009187.262  3221312.057
2025   1  73260 GPS  -2267733.731  5009159.086  3221309.512
2025   1  73290 GPS  -2267757.295  5009184.430  3221309.524
2025   1  73320 GPS  -2267746.118  5009162.602  3221284.188
2025   1  73350 GPS  -2267707.974  5009138.771  3221235.998
2025   1  73380 GPS  -2267743.682  5009122.693  3221272.794
2025   1  73410 GPS  -2267761.997  5009155.247  3221307.783
2025   1  73440 GPS  -2267733.247  5009128.180  3221273.572
2025   1  73470 GPS  -2267705.205  5009135.992  3221265.275
2025   1  73500 GPS  -2267756.361  5009181.595  3221305.626
2025   1  73530 GPS  -2267718.062  5009157.019  3221304.995
2025   1  73560 GPS  -2267726.519  5009137.056  3221279.993
2025   1  73590 GPS  -2267720.989  5009151.096  3221291.562
2025   1  73620 GPS  -2267731.885  5009150.957  3221293.239
2025   1  73650 GPS  -2267721.952  5009152.182  3221265.841
2025   1  73680 GPS  -2267760.318  5009213.225  3221330.718
2025   1  73710 GPS  -2267756.821  5009185.599  3221345.572
2025   1  73740 GPS  -2267774.463  5009203.687  3221349.458
2025   1  73770 GPS  -2267752.720  5009180.058  3221291.086
2025   1  73800 GPS  -2267753.681  5009185.667  3221294.861
2025   1  73830 GPS  -2267770.599  5009210.410  3221321.967
2025   1  73860 GPS  -2267765.865  5009187.443  3221269.004
2025   1  73890 GPS  -2267758.203  5009186.462  3221289.996
2025   1  73920 GPS  -2267742.140  5009149.572  3221287.431
2025   1  73950 GPS  -2267786.765  5009268.683  3221370.704
2025   1  73980 GPS  -2267747.711  5009146.412  3221290.700
2025   1  74010 GPS  -2267742.545  5009194.043  3221340.374
2025   1  74040 GPS  -2267741.242  5009208.924  3221317.141
2025   1  74070 GPS  -2267737.564  5009194.040  3221320.881
2025   1  74100 GPS  -2267765.873  5009207.040  3221315.756
2025   1  74130 GPS  -2267725.406  5009132.846  3221265.983
2025   1  74160 GPS  -2267761.022  5009175.451  3221307.797
2025   1  74190 GPS  -2267761.316  5009153.376  3221309.662
2025   1  74220 GPS  -2267756.666  5009163.251  3221307.958
2025   1  74250 GPS  -2267745.442  5009099.911  3221270.365
2025   1  74280 GPS  -2267738.755  5009117.915  3221288.298
2025   1  74310 GPS  -2267716.329  5009102.178  3221256.043
2025   1  74340 GPS  -2267733.596  5009151.811  3221283.436
2025   1  74370 GPS  -2267719.220  5009113.766  3221279.178
2025   1  74400 GPS  -2267769.529  5009182.172  3221307.661
2025   1  74430 GPS  -2267743.152  5009108.414  3221267.171
2025   1  74460 GPS  -2267738.908  5009218.410  3221349.172
2025   1  74490 GPS  -2267722.087  5009183.266  3221278.292
2025   1  74520 GPS  -2267722.729  5009166.555  3221264.875
2025   1  74550 GPS  -2267740.659  5009208.314  3221328.101
2025   1  74580 GPS  -2267760.966  5009217.548  3221322.940
2025   1  74610 GPS  -2267748.527  5009225.710  3221307.041
2025   1  74640 GPS  -2267752.264  5009167.976  3221264.391
2025   1  74670 GPS  -2267761.299  5009193.804  3221280.795
2025   1  74700 GPS  -2267720.014  5009138.658  3221275.339
2025   1  74730 GPS  -2267748.111  5009169.845  3221248.803
2025   1  74760 GPS  -2267738.392  5009093.121  3221247.978
2025   1  74790 GPS  -2267759.429  5009145.347  3221271.637
2025   1  74820 GPS  -2267737.144  5009142.800  3221281.644
2025   1  74850 GPS  -2267745.514  5009193.570  3221344.528
2025   1  74880 GPS  -2267765.817  5009221.988  3221326.375
2025   1  74910 GPS  -2267775.264  5009115.349  3221291.455
2025   1  74940 GPS  -2267753.776  5009141.890  3221309.062
2025   1  74970 GPS  -2267745.345  5009156.825  3221329.322
2025   1  75000 GPS  -2267733.880  5009150.096  3221287.104
2025   1  75030 GPS  -2267737.889  5009182.846  3221275.819
2025   1  75060 GPS  -2267724.319  5009190.179  3221342.430
2025   1  75090 GPS  -2267705.722  5009150.945  3221290.203
2025   1  75120 GPS  -2267733.204  5009163.054  3221323.756
2025   1  75150 GPS  -2267767.088  5009209.103  3221361.397
2025   1  75180 GPS  -2267768.043  5009177.197  3221307.878
2025   1  75210 GPS  -2267800.986  5009212.584  3221290.542
2025   1  75240 GPS  -2267733.251  5009249.999  3221312.953
2025   1  75270 GPS  -2267780.517  5009214.438  3221278.098
2025   1  75300 GPS  -2267776.417  5009227.163  3221305.000
2025   1  75330 GPS  -2267769.791  5009221.877  3221306.995
2025   1  75360 GPS  -2267749.055  5009169.464  3221259.538
2025   1  75390 GPS  -2267754.961  5009204.491  3221261.557
2025   1  75420 GPS  -2267736.375  5009123.923  3221253.768
2025   1  75450 GPS  -2267714.596  5009062.826  3221223.830
2025   1  75480 GPS  -2267738.801  5009173.431  3221269.919
2025   1  75510 GPS  -2267670.467  5009047.322  3221200.422
2025   1  75540 GPS  -2267686.461  5009162.238  3221242.157
2025   1  75570 GPS  -2267718.766  5009101.562  3221233.583
2025   1  75600 GPS  -2267691.532  5009118.322  3221234.363
2025   1  75630 GPS  -2267723.834  5009186.920  3221294.345
2025   1  75660 GPS  -2267740.551  5009156.841  3221262.338
2025   1  75690 GPS  -2267749.383  5009119.862  3221283.690
2025   1  75720 GPS  -2267722.622  5009124.099  3221290.775
2025   1  75750 GPS  -2267738.306  5009168.723  3221290.260
2025   1  75780 GPS  -2267741.579  5009143.582  3221281.776
2025   1  75810 GPS  -2267742.286  5009139.846  3221253.490
2025   1  75840 GPS  -2267734.452  5009224.872  3221311.480
2025   1  75870 GPS  -2267765.212  5009206.364  3221326.830
2025   1  75900 GPS  -2267745.663  5009202.710  3221310.459
2025   1  75930 GPS  -2267724.511  5009174.349  3221277.954
2025   1  75960 GPS  -2267731.159  5009200.156  3221301.372
2025   1  75990 GPS  -2267740.624  5009169.624  3221291.074
2025   1  76020 GPS  -2267743.543  5009180.690  3221296.712
2025   1  76050 GPS  -2267787.075  5009181.085  3221289.578
2025   1  76080 GPS  -2267750.285  5009167.069  3221302.858
2025   1  76110 GPS  -2267741.542  5009223.442  3221302.035
2025   1  76140 GPS  -2267748.263  5009199.158  3221280.062
2025   1  76170 GPS  -2267766.453  5009114.841  3221228.236
2025   1  76200 GPS  -2267705.831  5009140.240  3221277.112
2025   1  76230 GPS  -2267724.007  5009200.498  3221306.731
2025   1  76260 GPS  -2267685.981  5009166.796  3221290.696
2025   1  76290 GPS  -2267703.236  5009162.259  3221310.068
2025   1  76320 GPS  -2267708.180  5009167.539  3221319.882
2025   1  76350 GPS  -2267689.503  5009178.244  3221305.364
2025   1  76380 GPS  -2267714.902  5009134.363  3221259.034
2025   1  76410 GPS  -2267742.160  5009107.099  3221231.818
2025   1  76440 GPS  -2267744.340  5009143.964  3221320.744
2025   1  76470 GPS  -2267699.766  5009189.398  3221322.000
2025   1  76500 GPS  -2267712.768  5009118.606  3221270.688
2025   1  76530 GPS  -2267728.422  5009149.651  3221282.869
2025   1  76560 GPS  -2267698.281  5009084.412  3221248.108
2025   1  76590 GPS  -2267699.857  5009109.507  3221254.352
2025   1  76620 GPS  -2267709.634  5009089.848  3221250.543
2025   1  76650 GPS  -2267684.816  5009109.474  3221264.607
2025   1  76680 GPS  -2267680.150  5009115.303  3221298.596
2025   1  76710 GPS  -2267731.138  5009158.717  3221316.699
2025   1  76740 GPS  -2267772.356  5009177.880  3221309.510
2025   1  76770 GPS  -2267755.042  5009115.781  3221282.946
2025   1  76800 GPS  -2267726.030  5009112.170  3221263.117
2025   1  76830 GPS  -2267670.046  5009078.522  3221231.734
2025   1  76860 GPS  -2267698.689  5009107.670  3221256.007
2025   1  76890 GPS  -2267695.570  5009123.415  3221289.161
2025   1  76920 GPS  -2267688.846  5009119.368  3221287.819
2025   1  76950 GPS  -2267731.847  5009112.482  3221286.358
2025   1  76980 GPS  -2267738.024  5009159.278  3221289.206
2025   1  77010 GPS  -2267740.192  5009165.870  3221298.172
2025   1  77040 GPS  -2267773.398  5009230.345  3221334.213
2025   1  77070 GPS  -2267762.327  5009129.972  3221237.523
2025   1  77100 GPS  -2267745.603  5009182.612  3221292.679
2025   1  77130 GPS  -2267753.049  5009180.404  3221291.295
2025   1  77160 GPS  -2267755.556  5009161.691  3221282.832
2025   1  77190 GPS  -2267732.609  5009193.467  3221318.398
2025   1  77220 GPS  -2267768.874  5009164.797  3221247.719
2025   1  77250 GPS  -2267760.698  5009182.155  3221294.332
2025   1  77280 GPS  -2267756.280  5009193.153  3221306.947
2025   1  77310 GPS  -2267731.221  5009158.792  3221253.843
2025   1  77340 GPS  -2267749.013  5009151.604  3221267.159
2025   1  77370 GPS  -2267749.484  5009163.502  3221290.556
2025   1  77400 GPS  -2267746.606  5009181.716  3221308.988
2025   1  77430 GPS  -2267729.403  5009142.081  3221306.313
2025   1  77460 GPS  -2267703.616  5009134.911  3221290.272
2025   1  77490 GPS  -2267715.749  5009119.769  3221270.796
2025   1  77520 GPS  -2267727.147  5009127.374  3221292.772
2025   1  77550 GPS  -2267736.417  5009162.025  3221325.342
2025   1  77580 GPS  -2267712.624  5009102.404  3221293.988
2025   1  77610 GPS  -2267719.099  5009108.799  3221290.581
2025   1  77640 GPS  -2267719.077  5009113.407  3221295.169
2025   1  77670 GPS  -2267726.973  5009096.886  3221278.626
2025   1  77700 GPS  -2267731.734  5009077.557  3221223.725
2025   1  77730 GPS  -2267746.602  5009090.346  3221269.874
2025   1  77760 GPS  -2267733.245  5009109.374  3221282.551
2025   1  77790 GPS  -2267716.275  5009093.179  3221306.406
2025   1  77820 GPS  -2267696.973  5009081.333  3221274.225
2025   1  77850 GPS  -2267689.725  5009128.120  3221274.223
2025   1  77880 GPS  -2267734.933  5009094.620  3221240.953
2025   1  77910 GPS  -2267746.836  5009135.385  3221272.877
2025   1  77940 GPS  -2267737.431  5009150.279  3221305.265
2025   1  77970 GPS  -2267751.013  5009104.861  3221280.971
2025   1  78000 GPS  -2267709.885  5009144.272  3221298.023
2025   1  78030 GPS  -2267728.671  5009104.233  3221275.979
2025   1  78060 GPS  -2267760.493  5009119.032  3221238.585
2025   1  78090 GPS  -2267750.149  5009145.968  3221289.982
2025   1  78120 GPS  -2267699.683  5009100.816  3221237.646
2025   1  78150 GPS  -2267730.285  5009143.119  3221277.485
2025   1  78180 GPS  -2267748.795  5009157.017  3221313.945
2025   1  78210 GPS  -2267755.430  5009137.609  3221303.731
2025   1  78240 GPS  -2267796.466  5009199.542  3221331.121
2025   1  78270 GPS  -2267737.811  5009163.423  3221296.118
2025   1  78300 GPS  -2267747.063  5009192.590  3221362.226
2025   1  78330 GPS  -2267696.513  5009143.624  3221298.229
2025   1  78360 GPS  -2267778.186  5009175.250  3221315.091
2025   1  78390 GPS  -2267751.034  5009129.951  3221282.973
2025   1  78420 GPS  -2267746.761  5009150.036  3221298.772
2025   1  78450 GPS  -2267731.212  5009154.415  3221312.239
2025   1  78480 GPS  -2267719.186  5009120.108  3221288.532
2025   1  78510 GPS  -2267681.974  5009130.202  3221306.491
2025   1  78540 GPS  -2267728.876  5009181.739  3221326.331
2025   1  78570 GPS  -2267716.370  5009134.485  3221316.709
2025   1  78600 GPS  -2267738.856  5009145.061  3221311.709
2025   1  78630 GPS  -2267726.283  5009147.980  3221285.784
2025   1  78660 GPS  -2267718.743  5009136.964  3221310.325
2025   1  78690 GPS  -2267698.350  5009148.436  3221275.512
2025   1  78720 GPS  -2267720.020  5009129.728  3221306.365
2025   1  78750 GPS  -2267736.221  5009127.891  3221302.560
2025   1  78780 GPS  -2267758.758  5009147.633  3221301.752
2025   1  78810 GPS  -2267707.771  5009116.320  3221297.746
2025   1  78840 GPS  -2267732.186  5009111.782  3221276.572
2025   1  78870 GPS  -2267741.556  5009116.795  3221274.951
2025   1  78900 GPS  -2267716.837  5009097.122  3221274.216
2025   1  78930 GPS  -2267742.502  5009177.985  3221337.428
2025   1  78960 GPS  -2267730.277  5009117.321  3221289.670
2025   1  78990 GPS  -2267746.014  5009122.310  3221304.594
2025   1  79020 GPS  -2267752.044  5009134.067  3221288.983
2025   1  79050 GPS  -2267727.304  5009104.255  3221281.156
2025   1  79080 GPS  -2267740.167  5009062.664  3221244.998
2025   1  79110 GPS  -2267740.344  5009101.569  3221272.234
2025   1  79140 GPS  -2267713.427  5009099.304  3221284.810
2025   1  79170 GPS  -2267732.097  5009129.594  3221308.840
2025   1  79200 GPS  -2267764.545  5009136.496  3221306.429
2025   1  79230 GPS  -2267740.585  5009184.241  3221318.196
2025   1  79260 GPS  -2267733.266  5009148.827  3221285.944
2025   1  79290 GPS  -2267750.367  5009151.266  3221297.874
2025   1  79320 GPS  -2267737.315  5009175.822  3221307.722
2025   1  79350 GPS  -2267758.254  5009136.083  3221311.133
2025   1  79380 GPS  -2267754.446  5009199.167  3221326.114
2025   1  79410 GPS  -2267754.308  5009190.356  3221310.094
2025   1  79440 GPS  -2267701.226  5009142.367  3221279.118
2025   1  79470 GPS  -2267727.194  5009151.918  3221286.596
2025   1  79500 GPS  -2267732.179  5009183.918  3221311.367
2025   1  79530 GPS  -2267719.851  5009149.786  3221283.885
2025   1  79560 GPS  -2267745.922  5009130.663  3221287.532
2025   1  79590 GPS  -2267740.429  5009195.207  3221311.711
2025   1  79620 GPS  -2267702.785  5009188.985  3221315.718
2025   1  79650 GPS  -2267693.080  5009105.756  3221288.962
2025   1  79680 GPS  -2267723.960  5009200.766  3221345.668
2025   1  79710 GPS  -2267739.447  5009113.097  3221278.324
2025   1  79740 GPS  -2267740.650  5009155.991  3221306.116
2025   1  79770 GPS  -2267731.519  5009170.496  3221305.150
2025   1  79800 GPS  -2267697.820  5009112.843  3221277.675
2025   1  79830 GPS  -2267731.162  5009122.543  3221283.909
2025   1  79860 GPS  -2267661.526  5009067.924  3221274.277
2025   1  79890 GPS  -2267748.789  5009130.511  3221282.582
2025   1  79920 GPS  -2267743.798  5009086.504  3221268.233
2025   1  79950 GPS  -2267695.053  5009073.101  3221264.391
2025   1  79980 GPS  -2267722.229  5009128.181  3221281.961
2025   1  80010 GPS  -2267694.796  5009078.331  3221269.655
2025   1  80040 GPS  -2267727.388  5009104.038  3221273.466
2025   1  80070 GPS  -2267753.309  5009161.222  3221297.096
2025   1  80100 GPS  -2267737.417  5009131.340  3221278.342
2025   1  80130 GPS  -2267729.590  5009169.409  3221288.876
2025   1  80160 GPS  -2267712.188  5009137.017  3221280.630
2025   1  80190 GPS  -2267744.883  5009116.328  3221255.582
2025   1  80220 GPS  -2267753.339  5009075.498  3221254.803
2025   1  80250 GPS  -2267730.054  5009065.249  3221266.434
2025   1  80280 GPS  -2267708.299  5009128.253  3221263.227
2025   1  80310 GPS  -2267726.487  5009109.669  3221290.193
2025   1  80340 GPS  -2267776.585  5009132.380  3221308.603
2025   1  80370 GPS  -2267727.812  5009096.350  3221288.420
2025   1  80400 GPS  -2267762.209  5009147.445  3221297.359
2025   1  80430 GPS  -2267786.042  5009164.491  3221315.609
2025   1  80460 GPS  -2267698.789  5009178.444  3221312.416
2025   1  80490 GPS  -2267732.469  5009201.206  3221335.436
2025   1  80520 GPS  -2267762.371  5009220.840  3221334.613
2025   1  80550 GPS  -2267737.894  5009138.364  3221293.156
2025   1  80580 GPS  -2267720.807  5009173.194  3221315.621
2025   1  80610 GPS  -2267730.753  5009108.634  3221278.132
2025   1  80640 GPS  -2267708.661  5009211.806  3221317.295
2025   1  80670 GPS  -2267686.645  5009080.772  3221275.176
2025   1  80700 GPS  -2267728.180  5009152.952  3221297.049
2025   1  80730 GPS  -2267722.076  5009131.709  3221287.310
2025   1  80760 GPS  -2267744.885  5009139.553  3221292.311
2025   1  80790 GPS  -2267724.146  5009189.897  3221309.700
2025   1  80820 GPS  -2267725.834  5009193.709  3221306.916
2025   1  80850 GPS  -2267721.330  5009175.367  3221307.459
2025   1  80880 GPS  -2267721.202  5009267.181  3221336.350
2025   1  80910 GPS  -2267713.784  5009229.649  3221321.205
2025   1  80940 GPS  -2267732.194  5009240.816  3221338.414
2025   1  80970 GPS  -2267717.279  5009187.885  3221315.623
2025   1  81000 GPS  -2267762.220  5009250.590  3221321.418
2025   1  81030 GPS  -2267762.015  5009180.423  3221295.251
2025   1  81060 GPS  -2267757.771  5009190.737  3221302.338
2025   1  81090 GPS  -2267735.885  5009198.916  3221322.802
2025   1  81120 GPS  -2267729.659  5009130.219  3221302.421
2025   1  81150 GPS  -2267726.674  5009153.514  3221309.342
2025   1  81180 GPS  -2267724.426  5009144.469  3221296.596
2025   1  81210 GPS  -2267749.690  5009182.480  3221296.416
2025   1  81240 GPS  -2267756.528  5009174.764  3221301.540
2025   1  81270 GPS  -2267744.642  5009178.284  3221304.116
2025   1  81300 GPS  -2267758.552  5009198.666  3221296.714
2025   1  81330 GPS  -2267749.010  5009168.352  3221287.121
2025   1  81360 GPS  -2267753.600  5009142.370  3221280.661
2025   1  81390 GPS  -2267758.611  5009164.563  3221287.857
2025   1  81420 GPS  -2267779.608  5009227.586  3221315.276
2025   1  81450 GPS  -2267761.902  5009224.893  3221315.377
2025   1  81480 GPS  -2267738.378  5009174.437  3221289.627
2025   1  81510 GPS  -2267755.973  5009159.324  3221303.933
2025   1  81540 GPS  -2267744.603  5009146.599  3221239.807
2025   1  81570 GPS  -2267738.141  5009085.466  3221249.044
2025   1  81600 GPS  -2267719.705  5009052.701  3221251.705
2025   1  81630 GPS  -2267751.345  5009135.752  3221275.687
2025   1  81660 GPS  -2267721.927  5009100.044  3221289.792
2025   1  81690 GPS  -2267719.825  5009083.941  3221285.455
2025   1  81720 GPS  -2267700.293  5009122.657  3221273.233
2025   1  81750 GPS  -2267730.286  5009161.541  3221300.885
2025   1  81780 GPS  -2267752.400  5009181.322  3221308.836
2025   1  81810 GPS  -2267743.225  5009179.092  3221302.690
2025   1  81840 GPS  -2267723.049  5009132.210  3221294.822
2025   1  81870 GPS  -2267742.670  5009139.140  3221286.400
2025   1  81900 GPS  -2267724.926  5009115.474  3221281.039
2025   1  81930 GPS  -2267726.781  5009111.874  3221273.416
2025   1  81960 GPS  -2267720.812  5009155.617  3221294.961
2025   1  81990 GPS  -2267735.351  5009123.197  3221290.798
2025   1  82020 GPS  -2267716.189  5009135.238  3221298.032
2025   1  82050 GPS  -2267732.351  5009161.690  3221294.721
2025   1  82080 GPS  -2267723.209  5009104.857  3221290.878
2025   1  82110 GPS  -2267705.046  5009097.717  3221284.816
2025   1  82140 GPS  -2267709.516  5009120.357  3221299.879
2025   1  82170 GPS  -2267702.754  5009094.108  3221306.927
2025   1  82200 GPS  -2267712.602  5009079.544  3221295.725
2025   1  82230 GPS  -2267715.582  5009139.844  3221281.414
2025   1  82260 GPS  -2267725.704  5009149.763  3221276.283
2025   1  82290 GPS  -2267713.799  5009094.803  3221259.728
2025   1  82320 GPS  -2267729.315  5009137.846  3221284.728
2025   1  82350 GPS  -2267719.427  5009158.868  3221304.548
2025   1  82380 GPS  -2267739.915  5009159.585  3221312.886
2025   1  82410 GPS  -2267741.277  5009184.296  3221317.702
2025   1  82440 GPS  -2267711.945  5009135.168  3221285.901
2025   1  82470 GPS  -2267745.587  5009193.799  3221310.316
2025   1  82500 GPS  -2267742.202  5009181.863  3221318.282
2025   1  82530 GPS  -2267727.048  5009127.700  3221296.449
2025   1  82560 GPS  -2267748.767  5009148.953  3221303.345
2025   1  82590 GPS  -2267725.163  5009141.676  3221289.113
2025   1  82620 GPS  -2267728.274  5009141.433  3221279.868
2025   1  82650 GPS  -2267753.676  5009189.353  3221310.027
2025   1  82680 GPS  -2267733.549  5009165.377  3221275.388
2025   1  82710 GPS  -2267757.076  5009192.050  3221306.546
2025   1  82740 GPS  -2267746.844  5009169.198  3221309.905
2025   1  82770 GPS  -2267731.675  5009155.792  3221288.087
2025   1  82800 GPS  -2267736.311  5009182.698  3221297.604
2025   1  82830 GPS  -2267722.586  5009146.512  3221274.539
2025   1  82860 GPS  -2267739.758  5009143.620  3221279.936
2025   1  82890 GPS  -2267742.460  5009160.403  3221281.655
2025   1  82920 GPS  -2267713.850  5009136.583  3221288.978
2025   1  82950 GPS  -2267700.423  5009145.731  3221267.145
2025   1  82980 GPS  -2267707.204  5009136.886  3221291.914
2025   1  83010 GPS  -2267726.287  5009132.033  3221291.319
2025   1  83040 GPS  -2267741.674  5009176.128  3221309.969
2025   1  83070 GPS  -2267712.161  5009089.748  3221260.459
2025   1  83100 GPS  -2267729.885  5009115.408  3221263.469
2025   1  83130 GPS  -2267716.944  5009083.053  3221269.576
2025   1  83160 GPS  -2267713.503  5009074.285  3221255.570
2025   1  83190 GPS  -2267760.805  5009110.308  3221295.324
2025   1  83220 GPS  -2267747.233  5009147.044  3221285.739
2025   1  83250 GPS  -2267723.308  5009089.205  3221251.518
2025   1  83280 GPS  -2267760.113  5009143.662  3221287.259
2025   1  83310 GPS  -2267739.308  5009121.765  3221268.870
2025   1  83340 GPS  -2267724.486  5009161.458  3221231.726
2025   1  83370 GPS  -2267759.149  5009124.291  3221257.597
2025   1  83400 GPS  -2267717.388  5009112.297  3221218.569
2025   1  83430 GPS  -2267738.630  5009160.702  3221258.822
2025   1  83460 GPS  -2267734.046  5009132.863  3221268.299
2025   1  83490 GPS  -2267761.014  5009170.831  3221271.434
2025   1  83520 GPS  -2267766.162  5009169.783  3221301.140
2025   1  83550 GPS  -2267745.616  5009145.096  3221264.153
2025   1  83580 GPS  -2267753.751  5009160.100  3221285.002
2025   1  83610 GPS  -2267754.861  5009128.067  3221270.604
2025   1  83640 GPS  -2267726.340  5009082.979  3221282.678
2025   1  83670 GPS  -2267726.561  5009120.339  3221238.292
2025   1  83700 GPS  -2267734.828  5009100.279  3221269.658
2025   1  83730 GPS  -2267714.393  5009036.788  3221255.314
2025   1  83760 GPS  -2267727.315  5009078.830  3221291.758
2025   1  83790 GPS  -2267703.674  5009091.952  3221254.194
2025   1  83820 GPS  -2267713.525  5009108.188  3221265.862
2025   1  83850 GPS  -2267757.325  5009155.471  3221336.402
2025   1  83880 GPS  -2267719.893  5009124.784  3221282.699
2025   1  83910 GPS  -2267750.632  5009160.140  3221319.261
2025   1  83940 GPS  -2267701.316  5009090.495  3221259.638
2025   1  83970 GPS  -2267743.401  5009147.829  3221276.010
2025   1  84000 GPS  -2267732.256  5009118.655  3221250.913
2025   1  84030 GPS  -2267735.997  5009143.873  3221257.461
2025   1  84060 GPS  -2267729.577  5009142.113  3221269.271
2025   1  84090 GPS  -2267720.285  5009138.180  3221253.075
2025   1  84120 GPS  -2267736.935  5009125.911  3221286.543
2025   1  84150 GPS  -2267724.702  5009111.697  3221257.197
2025   1  84180 GPS  -2267746.695  5009173.454  3221295.829
2025   1  84210 GPS  -2267740.482  5009176.688  3221281.809
2025   1  84240 GPS  -2267741.075  5009176.342  3221313.615
2025   1  84270 GPS  -2267753.615  5009188.242  3221325.998
2025   1  84300 GPS  -2267729.560  5009160.186  3221269.343
2025   1  84330 GPS  -2267743.140  5009147.109  3221267.405
2025   1  84360 GPS  -2267739.258  5009114.175  3221275.827
2025   1  84390 GPS  -2267752.775  5009138.648  3221275.270
2025   1  84420 GPS  -2267736.087  5009120.875  3221250.514
2025   1  84450 GPS  -2267746.288  5009118.718  3221281.408
2025   1  84480 GPS  -2267764.333  5009191.452  3221289.365
2025   1  84510 GPS  -2267744.320  5009158.851  3221274.062
2025   1  84540 GPS  -2267757.549  5009160.003  3221286.827
2025   1  84570 GPS  -2267750.859  5009137.041  3221284.405
2025   1  84600 GPS  -2267739.070  5009154.330  3221280.193
2025   1  84630 GPS  -2267755.109  5009179.872  3221301.359
2025   1  84660 GPS  -2267731.759  5009171.709  3221249.494
2025   1  84690 GPS  -2267737.356  5009142.749  3221249.346
2025   1  84720 GPS  -2267740.143  5009116.630  3221277.853
2025   1  84750 GPS  -2267739.964  5009139.933  3221270.779
2025   1  84780 GPS  -2267725.452  5009122.878  3221268.107
2025   1  84810 GPS  -2267718.740  5009117.469  3221281.066
2025   1  84840 GPS  -2267732.705  5009129.418  3221296.018
2025   1  84870 GPS  -2267718.817  5009118.616  3221288.466
2025   1  84900 GPS  -2267755.128  5009154.656  3221318.963
2025   1  84930 GPS  -2267754.357  5009155.440  3221310.038
2025   1  84960 GPS  -2267708.974  5009095.938  3221258.467
2025   1  84990 GPS  -2267722.771  5009161.061  3221262.948
2025   1  85020 GPS  -2267743.695  5009163.969  3221277.495
2025   1  85050 GPS  -2267750.199  5009162.815  3221270.357
2025   1  85080 GPS  -2267764.991  5009212.892  3221299.558
2025   1  85110 GPS  -2267748.467  5009172.617  3221252.444
2025   1  85140 GPS  -2267726.113  5009140.093  3221221.576
2025   1  85170 GPS  -2267720.250  5009155.136  3221254.651
2025   1  85200 GPS  -2267734.247  5009195.324  3221265.599
2025   1  85230 GPS  -2267764.016  5009205.714  3221276.650
2025   1  85260 GPS  -2267752.029  5009209.876  3221279.286
2025   1  85290 GPS  -2267761.396  5009214.265  3221288.415
2025   1  85320 GPS  -2267753.733  5009205.265  3221270.512
2025   1  85350 GPS  -2267758.883  5009201.984  3221271.256
2025   1  85380 GPS  -2267730.581  5009200.508  3221273.376
2025   1  85410 GPS  -2267729.507  5009174.553  3221264.842
2025   1  85440 GPS  -2267725.662  5009219.650  3221289.764
2025   1  85470 GPS  -2267754.821  5009242.211  3221297.998
2025   1  85500 GPS  -2267740.920  5009195.447  3221308.096
2025   1  85530 GPS  -2267775.068  5009235.092  3221316.309
2025   1  85560 GPS  -2267735.197  5009184.694  3221267.916
2025   1  85590 GPS  -2267740.260  5009185.564  3221298.343
2025   1  85620 GPS  -2267769.977  5009204.135  3221319.916
2025   1  85650 GPS  -2267736.857  5009149.920  3221275.462
2025   1  85680 GPS  -2267729.631  5009174.709  3221301.167
2025   1  85710 GPS  -2267739.209  5009213.557  3221338.022
2025   1  85740 GPS  -2267753.156  5009192.198  3221337.828
2025   1  85770 GPS  -2267757.440  5009176.266  3221294.648
2025   1  85800 GPS  -2267742.173  5009155.248  3221287.132
2025   1  85830 GPS  -2267751.867  5009172.397  3221284.407
2025   1  85860 GPS  -2267759.492  5009210.021  3221311.007
2025   1  85890 GPS  -2267726.774  5009204.056  3221308.406
2025   1  85920 GPS  -2267746.527  5009235.540  3221333.953
2025   1  85950 GPS  -2267743.299  5009224.431  3221327.513
2025   1  85980 GPS  -2267774.295  5009202.410  3221333.104
2025   1  86010 GPS  -2267743.322  5009138.621  3221269.197
2025   1  86040 GPS  -2267785.767  5009194.029  3221302.218
2025   1  86070 GPS  -2267756.836  5009182.002  3221293.530
2025   1  86100 GPS  -2267747.654  5009192.431  3221294.876
2025   1  86130 GPS  -2267736.435  5009140.585  3221283.679
2025   1  86160 GPS  -2267745.615  5009150.673  3221281.293
2025   1  86190 GPS  -2267753.705  5009193.220  3221295.622
2025   1  86220 GPS  -2267758.587  5009156.713  3221298.521
2025   1  86250 GPS  -2267764.539  5009164.600  3221313.763
2025   1  86280 GPS  -2267740.204  5009167.897  3221314.643
2025   1  86310 GPS  -2267752.364  5009197.078  3221325.871
2025   1  86340 GPS  -2267758.537  5009159.204  3221314.443
2025   1  86370 GPS  -2267742.167  5009167.364  3221328.119
