# YDSTime X Y Z E N U PDOP NSAT Sigma0 MeanResidual RMSResidual MaxResidual MeanTGD MaxTGD MinTGD
2025   1      0 GPS  -2267749.159  5009141.815  3221288.163   4.203   0.766 -13.468 2.03 16 4.244 0.055 3.410 6.967 0.611 4.048 -1.675
2025   1     30 GPS  -2267748.921  5009141.811  3221287.996   3.988   0.674 -13.641 2.03 16 4.386 0.006 3.517 7.235 0.611 4.048 -1.675
2025   1     60 GPS  -2267748.791  5009140.902  3221287.732   4.245   0.895 -14.534 2.03 16 4.320 0.022 3.465 7.186 0.611 4.048 -1.675
2025   1     90 GPS  -2267749.179  5009141.718  3221288.006   4.261   0.671 -13.617 2.03 16 4.160 0.023 3.337 6.814 0.611 4.048 -1.675
2025   1    120 GPS  -2267749.316  5009142.119  3221288.556   4.221   0.931 -12.974 2.03 16 4.192 0.016 3.361 6.788 0.611 4.048 -1.675
2025   1    150 GPS  -2267749.342  5009142.408  3221288.505   4.125   0.748 -12.764 2.03 16 4.397 0.014 3.526 7.395 0.611 4.048 -1.675
2025   1    180 GPS  -2267749.080  5009141.439  3221287.902   4.286   0.732 -13.924 2.03 16 4.389 0.045 3.523 7.286 0.611 4.048 -1.675
2025   1    210 GPS  -2267749.198  5009141.889  3221288.272   4.208   0.818 -13.341 2.03 16 4.325 -0.039 3.472 6.966 0.611 4.048 -1.675
2025   1    240 GPS  -2267748.846  5009141.634  3221287.953   3.992   0.734 -13.828 2.03 16 4.232 -0.022 3.395 6.824 0.611 4.048 -1.675
2025   1    270 GPS  -2267748.796  5009141.845  3221287.892   3.860   0.595 -13.711 2.03 16 4.286 -0.066 3.446 6.898 0.611 4.048 -1.675
2025   1    300 GPS  -2267748.766  5009142.093  3221288.015   3.730   0.592 -13.465 2.02 16 4.361 -0.076 3.510 6.973 0.611 4.048 -1.675
2025   1    330 GPS  -2267749.379  5009143.141  3221288.271   3.857   0.199 -12.295 2.12 15 4.668 -0.000 3.662 7.089 0.382 3.769 -1.675
2025   1    360 GPS  -2267749.026  5009143.411  3221288.385   3.423   0.246 -12.150 2.02 16 4.220 0.005 3.383 6.499 0.611 4.048 -1.675
2025   1    390 GPS  -2267748.761  5009143.189  3221288.238   3.273   0.279 -12.493 2.02 16 4.189 0.009 3.359 6.524 0.611 4.048 -1.675
2025   1    420 GPS  -2267748.935  5009142.516  3221287.956   3.710   0.310 -13.103 2.02 16 4.312 0.001 3.457 6.776 0.611 4.048 -1.675
2025   1    450 GPS  -2267748.008  5009141.863  3221287.206   3.135   0.160 -14.326 2.02 16 4.349 0.010 3.487 6.808 0.611 4.048 -1.675
2025   1    480 GPS  -2267748.154  5009141.812  3221287.070   3.288   0.037 -14.382 2.02 16 4.378 0.102 3.534 7.016 0.611 4.048 -1.675
2025   1    510 GPS  -2267748.687  5009142.856  3221287.692   3.344  -0.023 -13.058 2.02 16 4.421 0.083 3.560 6.911 0.611 4.048 -1.675
2025   1    540 GPS  -2267748.123  5009141.629  3221287.195   3.336   0.235 -14.473 2.02 16 4.252 0.081 3.425 6.678 0.611 4.048 -1.675
2025   1    570 GPS  -2267748.123  5009141.794  3221287.096   3.268   0.074 -14.395 2.01 16 4.259 0.083 3.431 6.757 0.611 4.048 -1.675
2025   1    600 GPS  -2267748.505  5009142.229  3221287.243   3.437  -0.081 -13.842 2.01 16 4.273 0.104 3.451 6.930 0.611 4.048 -1.675
2025   1    630 GPS  -2267748.350  5009142.189  3221287.297   3.312   0.017 -13.901 2.01 16 4.364 0.014 3.499 6.987 0.611 4.048 -1.675
2025   1    660 GPS  -2267748.089  5009141.846  3221287.190   3.215   0.138 -14.318 2.01 16 4.343 -0.015 3.483 6.884 0.611 4.048 -1.675
2025   1    690 GPS  -2267748.660  5009142.215  3221287.926   3.584   0.482 -13.452 2.01 16 4.297 0.011 3.446 6.747 0.611 4.048 -1.675
2025   1    720 GPS  -2267748.408  5009141.326  3221287.003   3.721   0.151 -14.708 2.01 16 4.482 0.049 3.599 7.051 0.611 4.048 -1.675
2025   1    750 GPS  -2267748.603  5009142.565  3221287.428   3.387  -0.097 -13.450 2.00 16 4.486 0.020 3.597 7.039 0.611 4.048 -1.675
2025   1    780 GPS  -2267749.546  5009147.607  3221291.947  2.167  1.264 -6.864 2.18 16 3.626 -0.662 3.904 11.198 0.611 4.048 -1.675
2025   1    810 GPS  -2267748.784  5009146.363  3221290.723  1.986  0.945 -8.732 2.09 15 3.514 -0.896 3.955 10.983 0.698 4.048 -1.675
2025   1    840 GPS  -2267748.408  5009146.098  3221290.664  1.753  1.096 -9.103 2.09 15 3.425 -0.842 3.949 10.971 0.698 4.048 -1.675
2025   1    870 GPS  -2267748.683  5009146.283  3221290.635  1.927  0.927 -8.875 2.09 16 3.403 -0.880 3.909 10.908 0.611 4.048 -1.675
2025   1    900 GPS  -2267748.778  5009147.206  3221290.735  1.633  0.566 -8.067 2.08 15 3.391 -0.850 3.900 10.603 0.698 4.048 -1.675
2025   1    930 GPS  -2267748.994  5009146.803  3221290.789  1.995  0.754 -8.278 2.08 16 3.247 -0.926 3.852 10.634 0.611 4.048 -1.675
2025   1    960 GPS  -2267748.894  5009146.420  3221290.436  2.063  0.648 -8.794 2.08 15 3.289 -0.908 3.879 11.017 0.698 4.048 -1.675
2025   1    990 GPS  -2267748.972  5009146.406  3221290.163  2.139  0.403 -8.916 2.08 15 3.243 -0.857 3.766 10.445 0.698 4.048 -1.675
2025   1   1020 GPS  -2267748.724  5009146.818  3221290.360  1.743  0.434 -8.581 2.07 15 3.345 -0.859 3.807 10.745 0.698 4.048 -1.675
2025   1   1050 GPS  -2267748.649  5009146.766  3221290.416  1.697  0.522 -8.620 2.07 15 3.349 -1.021 3.989 11.381 0.698 4.048 -1.675
2025   1   1080 GPS  -2267748.920  5009147.418  3221290.709  1.674  0.416 -7.863 2.07 15 3.541 -0.974 4.082 11.252 0.698 4.048 -1.675
2025   1   1110 GPS  -2267748.628  5009146.547  3221290.123  1.768  0.376 -8.948 2.06 15 3.383 -0.878 3.853 10.740 0.698 4.048 -1.675
2025   1   1140 GPS  -2267748.591  5009147.150  3221290.269  1.486  0.230 -8.414 2.06 15 3.575 -0.945 4.169 12.181 0.698 4.048 -1.675
2025   1   1170 GPS  -2267748.475  5009146.557  3221289.808  1.624  0.131 -9.154 2.06 15 3.534 -0.888 4.069 11.765 0.698 4.048 -1.675
2025   1   1200 GPS  -2267748.620  5009146.546  3221290.015  1.761  0.285 -9.006 2.05 16 3.437 -0.845 3.960 11.503 0.532 4.048 -1.954
2025   1   1230 GPS  -2267748.395  5009146.124  3221289.627  1.730  0.193 -9.614 2.05 16 3.533 -0.825 4.029 11.573 0.532 4.048 -1.954
2025   1   1260 GPS  -2267748.425  5009143.874  3221289.267   2.685   0.918 -11.552 2.22 16 3.337 -0.504 3.863 10.225 0.532 4.048 -1.954
2025   1   1290 GPS  -2267748.413  5009143.955  3221289.346   2.641   0.951 -11.453 2.21 16 3.296 -0.504 3.742 9.608 0.532 4.048 -1.954
2025   1   1320 GPS  -2267747.795  5009143.102  3221289.054   2.430   1.223 -12.490 2.21 16 3.183 -0.463 3.619 9.688 0.532 4.048 -1.954
2025   1   1350 GPS  -2267748.297  5009144.235  3221289.332   2.419   0.833 -11.281 2.21 16 3.140 -0.543 3.705 10.071 0.532 4.048 -1.954
2025   1   1380 GPS  -2267748.263  5009144.067  3221289.327   2.458   0.914 -11.428 2.21 16 3.215 -0.609 3.748 10.338 0.532 4.048 -1.954
2025   1   1410 GPS  -2267748.761  5009144.908  3221289.803   2.565   0.830 -10.349 2.21 16 3.177 -0.586 3.751 10.140 0.532 4.048 -1.954
2025   1   1440 GPS  -2267748.858  5009145.597  3221289.974  2.369  0.638 -9.687 2.20 16 3.140 -0.605 3.746 9.870 0.532 4.048 -1.954
2025   1   1470 GPS  -2267748.602  5009145.066  3221289.460   2.355   0.496 -10.456 2.20 16 3.209 -0.686 3.835 10.230 0.532 4.048 -1.954
2025   1   1500 GPS  -2267748.323  5009145.022  3221289.585   2.119   0.682 -10.526 2.20 16 3.125 -0.564 3.620 9.844 0.532 4.048 -1.954
2025   1   1530 GPS  -2267748.876  5009145.649  3221289.990  2.364  0.625 -9.631 2.20 16 3.222 -0.544 3.666 9.532 0.532 4.048 -1.954
2025   1   1560 GPS  -2267748.673  5009145.274  3221289.599   2.333   0.504 -10.197 2.20 16 3.192 -0.541 3.735 10.531 0.532 4.048 -1.954
2025   1   1590 GPS  -2267748.465  5009145.524  3221289.591   2.041   0.425 -10.079 2.19 16 3.288 -0.552 3.802 10.001 0.532 4.048 -1.954
2025   1   1620 GPS  -2267748.493  5009145.573  3221289.591   2.046   0.396 -10.031 2.19 16 3.421 -0.575 4.059 10.831 0.532 4.048 -1.954
2025   1   1650 GPS  -2267748.349  5009145.382  3221289.223   1.994   0.198 -10.418 2.19 16 3.419 -0.565 4.015 10.770 0.532 4.048 -1.954
2025   1   1680 GPS  -2267748.270  5009145.286  3221289.249   1.961   0.282 -10.508 2.19 16 3.334 -0.547 3.879 10.288 0.532 4.048 -1.954
2025   1   1710 GPS  -2267748.251  5009145.289  3221288.919   1.943  -0.000 -10.680 2.19 16 3.197 -0.525 3.708 9.895 0.532 4.048 -1.954
2025   1   1740 GPS  -2267747.575  5009143.973  3221288.604   1.870   0.479 -12.113 2.18 16 3.260 -0.436 3.845 10.580 0.532 4.048 -1.954
2025   1   1770 GPS  -2267747.884  5009144.333  3221288.762   2.003   0.383 -11.641 2.18 16 3.249 -0.425 3.799 9.733 0.532 4.048 -1.954
2025   1   1800 GPS  -2267748.386  5009145.140  3221288.890   2.127   0.015 -10.764 2.18 16 3.201 -0.511 3.757 10.197 0.532 4.048 -1.954
2025   1   1830 GPS  -2267748.507  5009145.570  3221289.258   2.060   0.108 -10.197 2.18 16 3.157 -0.584 3.784 10.571 0.532 4.048 -1.954
2025   1   1860 GPS  -2267747.900  5009145.095  3221288.659   1.704  -0.061 -11.090 2.18 16 3.229 -0.532 3.800 10.447 0.532 4.048 -1.954
2025   1   1890 GPS  -2267748.919  5009146.419  3221289.373  2.085 -0.272 -9.326 2.17 16 3.139 -0.615 3.718 10.091 0.532 4.048 -1.954
2025   1   1920 GPS  -2267748.897  5009146.714  3221289.444  1.944 -0.343 -9.067 2.17 16 3.135 -0.661 3.712 10.170 0.532 4.048 -1.954
2025   1   1950 GPS  -2267748.338  5009145.864  3221288.920   1.785  -0.283 -10.198 2.17 16 3.149 -0.603 3.752 10.199 0.532 4.048 -1.954
2025   1   1980 GPS  -2267748.599  5009145.931  3221289.345  1.996 -0.004 -9.837 2.17 16 3.287 -0.617 3.876 10.577 0.532 4.048 -1.954
2025   1   2010 GPS  -2267748.511  5009145.637  3221288.573   2.036  -0.513 -10.491 2.35 16 3.260 -0.410 3.843 10.266 0.532 4.048 -1.954
2025   1   2040 GPS  -2267748.410  5009144.970  3221287.980   2.220  -0.694 -11.351 2.35 16 3.138 -0.411 3.749 10.071 0.532 4.048 -1.954
2025   1   2070 GPS  -2267748.635  5009145.821  3221288.333   2.073  -0.831 -10.424 2.35 16 3.215 -0.378 3.788 9.660 0.532 4.048 -1.954
2025   1   2100 GPS  -2267748.458  5009144.823  3221288.203   2.324  -0.445 -11.337 2.35 16 3.182 -0.358 3.676 9.543 0.532 4.048 -1.954
2025   1   2130 GPS  -2267748.541  5009144.823  3221287.826   2.399  -0.787 -11.499 2.36 16 3.315 -0.343 3.853 9.769 0.532 4.048 -1.954
2025   1   2160 GPS  -2267748.276  5009144.572  3221288.213   2.262  -0.282 -11.593 2.36 16 3.237 -0.381 3.781 9.714 0.532 4.048 -1.954
2025   1   2190 GPS  -2267748.102  5009144.329  3221287.970   2.204  -0.342 -11.969 2.17 16 3.148 -0.382 3.756 9.808 0.532 4.048 -1.954
2025   1   2220 GPS  -2267748.525  5009144.856  3221288.278   2.371  -0.409 -11.249 2.17 16 3.158 -0.394 3.838 9.904 0.532 4.048 -1.954
2025   1   2250 GPS  -2267748.476  5009145.339  3221288.191   2.128  -0.698 -10.931 2.17 16 3.091 -0.369 3.750 9.911 0.532 4.048 -1.954
2025   1   2280 GPS  -2267748.845  5009145.609  3221288.410   2.352  -0.711 -10.477 2.18 16 3.165 -0.395 3.744 9.458 0.532 4.048 -1.954
2025   1   2310 GPS  -2267748.405  5009145.548  3221288.084   1.976  -0.872 -10.847 2.18 16 3.050 -0.367 3.616 9.501 0.532 4.048 -1.954
2025   1   2340 GPS  -2267748.422  5009145.665  3221288.236   1.944  -0.798 -10.672 2.18 16 3.130 -0.394 3.832 10.357 0.532 4.048 -1.954
2025   1   2370 GPS  -2267748.549  5009145.413  3221288.094   2.164  -0.830 -10.897 2.18 16 3.094 -0.409 4.052 11.346 0.532 4.048 -1.954
2025   1   2400 GPS  -2267748.578  5009145.385  3221288.035   2.201  -0.875 -10.938 2.19 16 3.086 -0.441 3.941 11.035 0.532 4.048 -1.954
2025   1   2430 GPS  -2267748.583  5009145.683  3221288.395   2.083  -0.703 -10.520 2.19 16 3.130 -0.429 3.873 10.391 0.532 4.048 -1.954
2025   1   2460 GPS  -2267748.081  5009145.352  3221288.375   1.763  -0.462 -10.967 2.19 16 3.149 -0.461 3.705 9.746 0.532 4.048 -1.954
2025   1   2490 GPS  -2267747.982  5009145.929  3221288.377   1.434  -0.707 -10.549 2.19 16 3.182 -0.456 3.843 10.447 0.532 4.048 -1.954
2025   1   2520 GPS  -2267748.268  5009145.540  3221288.091   1.855  -0.833 -10.898 2.20 16 3.106 -0.484 3.893 10.811 0.532 4.048 -1.954
2025   1   2550 GPS  -2267748.066  5009144.887  3221288.125   1.940  -0.459 -11.465 2.15 16 2.999 -0.584 3.932 11.811 0.532 4.048 -1.954
2025   1   2580 GPS  -2267747.999  5009145.003  3221287.673   1.831  -0.889 -11.627 2.16 16 2.970 -0.504 3.829 11.223 0.532 4.048 -1.954
2025   1   2610 GPS  -2267747.984  5009145.079  3221288.014   1.786  -0.626 -11.400 2.16 16 2.910 -0.442 3.595 10.045 0.532 4.048 -1.954
2025   1   2640 GPS  -2267747.948  5009145.830  3221288.261   1.443  -0.754 -10.698 2.16 16 2.898 -0.490 3.497 9.708 0.532 4.048 -1.954
2025   1   2670 GPS  -2267748.289  5009145.851  3221288.262   1.746  -0.835 -10.560 2.16 16 2.964 -0.597 3.661 10.681 0.532 4.048 -1.954
2025   1   2700 GPS  -2267748.116  5009145.173  3221288.148   1.868  -0.582 -11.211 2.16 16 2.975 -0.604 3.823 11.320 0.532 4.048 -1.954
2025   1   2730 GPS  -2267748.057  5009145.319  3221288.002   1.754  -0.763 -11.192 2.17 16 3.027 -0.493 3.946 11.366 0.532 4.048 -1.954
2025   1   2760 GPS  -2267748.462  5009146.039  3221288.051   1.826  -1.139 -10.458 2.17 16 2.855 -0.474 3.556 9.849 0.532 4.048 -1.954
2025   1   2790 GPS  -2267748.300  5009145.891  3221288.168   1.739  -0.936 -10.572 2.17 16 3.031 -0.468 3.788 10.415 0.532 4.048 -1.954
2025   1   2820 GPS  -2267747.836  5009145.626  3221288.059   1.426  -0.810 -11.001 2.17 16 3.031 -0.509 3.844 10.538 0.532 4.048 -1.954
2025   1   2850 GPS  -2267748.223  5009146.097  3221287.853   1.584  -1.287 -10.598 2.17 16 2.829 -0.458 3.565 9.936 0.532 4.048 -1.954
2025   1   2880 GPS  -2267747.778  5009145.404  3221287.495   1.465  -1.181 -11.481 2.18 16 2.855 -0.517 3.631 10.717 0.532 4.048 -1.954
2025   1   2910 GPS  -2267747.645  5009145.249  3221287.470   1.407  -1.103 -11.663 2.18 16 2.887 -0.449 3.745 10.925 0.532 4.048 -1.954
2025   1   2940 GPS  -2267747.831  5009145.607  3221287.792   1.429  -1.030 -11.153 2.18 16 2.897 -0.503 3.878 11.853 0.532 4.048 -1.954
2025   1   2970 GPS  -2267747.860  5009145.910  3221287.818   1.331  -1.154 -10.892 2.18 16 2.874 -0.434 3.928 11.873 0.532 4.048 -1.954
2025   1   3000 GPS  -2267747.658  5009145.767  3221288.042   1.206  -0.852 -10.962 2.18 16 2.823 -0.398 3.471 9.532 0.532 4.048 -1.954
2025   1   3030 GPS  -2267747.782  5009145.942  3221287.686   1.246  -1.266 -10.961 2.19 16 2.868 -0.403 3.546 9.908 0.532 4.048 -1.954
2025   1   3060 GPS  -2267747.920  5009146.223  3221288.183   1.257  -0.997 -10.439 2.19 16 2.843 -0.367 3.609 9.893 0.532 4.048 -1.954
2025   1   3090 GPS  -2267747.840  5009146.535  3221287.971   1.055  -1.307 -10.330 2.19 16 2.945 -0.467 3.793 10.816 0.532 4.048 -1.954
2025   1   3120 GPS  -2267747.872  5009146.158  3221287.878   1.239  -1.220 -10.662 2.19 16 3.009 -0.493 3.977 11.913 0.532 4.048 -1.954
2025   1   3150 GPS  -2267748.021  5009145.960  3221287.939   1.457  -1.106 -10.733 2.20 16 3.050 -0.579 4.001 12.117 0.532 4.048 -1.954
2025   1   3180 GPS  -2267748.119  5009146.315  3221288.053   1.400  -1.193 -10.362 2.20 16 2.978 -0.625 4.005 12.298 0.532 4.048 -1.954
2025   1   3210 GPS  -2267748.161  5009146.753  3221288.352  1.257 -1.147 -9.852 2.20 16 2.924 -0.595 3.872 11.587 0.532 4.048 -1.954
2025   1   3240 GPS  -2267748.319  5009146.844  3221288.259  1.364 -1.303 -9.772 2.20 16 2.780 -0.538 3.637 10.941 0.532 4.048 -1.954
2025   1   3270 GPS  -2267748.602  5009147.106  3221288.493  1.513 -1.282 -9.346 2.20 16 2.939 -0.532 3.901 11.590 0.532 4.048 -1.954
2025   1   3300 GPS  -2267748.359  5009146.723  3221288.239  1.450 -1.273 -9.863 2.21 16 2.932 -0.533 3.769 10.872 0.532 4.048 -1.954
2025   1   3330 GPS  -2267747.997  5009146.973  3221288.027  1.017 -1.495 -9.903 2.21 16 2.840 -0.542 3.771 11.428 0.532 4.048 -1.954
2025   1   3360 GPS  -2267746.798  5009145.896  3221286.970   0.369  -1.656 -11.710 2.10 16 2.912 -0.262 3.672 10.826 0.532 4.048 -1.954
2025   1   3390 GPS  -2267747.419  5009146.097  3221287.259   0.852  -1.630 -11.185 2.10 16 3.003 -0.334 3.920 11.971 0.532 4.048 -1.954
2025   1   3420 GPS  -2267747.103  5009145.914  3221287.135   0.639  -1.585 -11.505 2.10 16 2.963 -0.379 4.161 13.297 0.532 4.048 -1.954
2025   1   3450 GPS  -2267746.637  5009145.376  3221287.060   0.437  -1.304 -12.130 2.11 16 2.874 -0.310 3.692 11.020 0.532 4.048 -1.954
2025   1   3480 GPS  -2267746.677  5009145.591  3221287.212   0.384  -1.281 -11.870 2.11 16 2.836 -0.246 3.546 10.284 0.532 4.048 -1.954
2025   1   3510 GPS  -2267747.156  5009146.194  3221287.216   0.573  -1.657 -11.224 2.11 16 2.810 -0.162 3.500 9.852 0.532 4.048 -1.954
2025   1   3540 GPS  -2267747.289  5009146.767  3221287.456   0.457  -1.743 -10.606 2.12 16 2.768 -0.213 3.471 10.043 0.532 4.048 -1.954
2025   1   3570 GPS  -2267747.155  5009146.534  3221287.353   0.432  -1.695 -10.889 2.12 16 2.808 -0.255 3.379 9.638 0.532 4.048 -1.954
2025   1   3600 GPS  -2267747.178  5009147.438  3221288.029  0.080 -1.536 -9.828 2.18 15 2.819 0.234 2.378 5.864 0.568 4.048 -1.954
2025   1   3630 GPS  -2267747.222  5009147.864  3221288.349 -0.057 -1.468 -9.315 2.18 15 2.844 0.178 2.385 5.918 0.568 4.048 -1.954
2025   1   3660 GPS  -2267747.106  5009148.287  3221288.606 -0.336 -1.417 -8.894 2.18 15 2.845 0.136 2.371 5.733 0.568 4.048 -1.954
2025   1   3690 GPS  -2267747.427  5009148.337  3221288.650 -0.065 -1.470 -8.718 2.19 16 2.934 0.236 2.534 6.030 0.532 4.048 -1.954
2025   1   3720 GPS  -2267747.450  5009148.964  3221288.796 -0.303 -1.639 -8.144 2.19 17 3.010 0.242 2.658 6.137 0.501 4.048 -1.954
2025   1   3750 GPS  -2267747.190  5009148.728  3221288.616 -0.442 -1.631 -8.513 2.19 17 2.852 0.152 2.456 5.633 0.501 4.048 -1.954
2025   1   3780 GPS  -2267747.528  5009148.755  3221288.596 -0.145 -1.731 -8.382 2.19 17 2.833 0.232 2.469 5.784 0.501 4.048 -1.954
2025   1   3810 GPS  -2267747.365  5009148.743  3221288.711 -0.289 -1.592 -8.391 2.20 17 2.808 0.198 2.496 5.690 0.501 4.048 -1.954
2025   1   3840 GPS  -2267747.557  5009148.818  3221288.572 -0.145 -1.787 -8.334 2.20 17 2.860 0.241 2.549 5.677 0.501 4.048 -1.954
2025   1   3870 GPS  -2267747.388  5009148.362  3221288.492 -0.111 -1.610 -8.792 2.20 17 2.746 0.180 2.374 5.456 0.501 4.048 -1.954
2025   1   3900 GPS  -2267747.335  5009148.210  3221288.300 -0.097 -1.693 -9.028 2.20 17 2.738 0.146 2.321 5.608 0.501 4.048 -1.954
2025   1   3930 GPS  -2267747.310  5009148.104  3221288.344 -0.075 -1.602 -9.098 2.31 15 2.978 0.054 2.430 5.656 0.316 4.048 -1.954
2025   1   3960 GPS  -2267747.380  5009148.341  3221288.411 -0.110 -1.668 -8.853 2.31 15 2.954 -0.011 2.387 5.747 0.316 4.048 -1.954
2025   1   3990 GPS  -2267747.220  5009148.357  3221288.555 -0.262 -1.518 -8.824 2.37 15 3.234 0.072 2.553 5.971 0.316 4.048 -1.954
2025   1   4020 GPS  -2267747.443  5009148.783  3221288.728 -0.234 -1.612 -8.323 2.37 15 3.281 0.073 2.590 5.847 0.316 4.048 -1.954
2025   1   4050 GPS  -2267747.835  5009149.159  3221288.733 -0.031 -1.864 -7.886 2.37 15 3.233 0.088 2.561 5.915 0.316 4.048 -1.954
2025   1   4080 GPS  -2267747.730  5009149.508  3221288.872 -0.271 -1.884 -7.579 2.37 15 3.255 0.076 2.571 5.758 0.316 4.048 -1.954
2025   1   4110 GPS  -2267747.875  5009149.694  3221289.315 -0.216 -1.619 -7.156 2.37 15 3.270 0.010 2.565 5.877 0.316 4.048 -1.954
2025   1   4140 GPS  -2267747.518  5009148.887  3221288.622 -0.208 -1.768 -8.268 2.37 15 3.280 0.100 2.605 5.706 0.316 4.048 -1.954
2025   1   4170 GPS  -2267747.415  5009148.837  3221288.704 -0.281 -1.652 -8.303 2.37 15 3.243 0.126 2.595 5.793 0.316 4.048 -1.954
2025   1   4200 GPS  -2267747.135  5009148.588  3221288.645 -0.434 -1.529 -8.628 2.36 15 3.218 0.118 2.569 5.722 0.316 4.048 -1.954
2025   1   4230 GPS  -2267747.049  5009148.275  3221288.613 -0.384 -1.394 -8.919 2.36 15 3.279 0.127 2.623 5.653 0.316 4.048 -1.954
2025   1   4260 GPS  -2267746.990  5009148.325  3221288.250 -0.458 -1.718 -9.086 2.36 15 3.217 0.094 2.553 5.668 0.316 4.048 -1.954
2025   1   4290 GPS  -2267746.991  5009148.580  3221288.644 -0.562 -1.496 -8.686 2.36 15 3.202 0.078 2.531 5.432 0.316 4.048 -1.954
2025   1   4320 GPS  -2267746.979  5009148.657  3221288.609 -0.605 -1.560 -8.647 2.36 15 3.300 0.089 2.614 5.573 0.316 4.048 -1.954
2025   1   4350 GPS  -2267746.877  5009148.820  3221288.896 -0.765 -1.366 -8.410 2.36 15 3.286 0.094 2.606 5.571 0.316 4.048 -1.954
2025   1   4380 GPS  -2267747.235  5009148.766  3221289.085 -0.417 -1.253 -8.229 2.35 15 3.291 0.124 2.631 5.528 0.316 4.048 -1.954
2025   1   4410 GPS  -2267746.778  5009148.964  3221288.915 -0.915 -1.396 -8.322 2.35 15 3.197 0.103 2.543 5.482 0.316 4.048 -1.954
2025   1   4440 GPS  -2267747.014  5009149.431  3221288.938 -0.892 -1.642 -7.860 2.35 15 3.343 0.068 2.638 5.678 0.316 4.048 -1.954
2025   1   4470 GPS  -2267747.063  5009150.250  3221289.346 -1.185 -1.679 -6.993 2.35 15 3.256 0.086 2.579 5.404 0.316 4.048 -1.954
2025   1   4500 GPS  -2267747.390  5009150.261  3221289.607 -0.892 -1.528 -6.736 2.34 16 3.199 0.088 2.536 5.407 0.480 4.048 -1.954
2025   1   4530 GPS  -2267747.154  5009149.642  3221289.326 -0.852 -1.435 -7.448 2.34 16 3.307 0.102 2.629 5.403 0.480 4.048 -1.954
2025   1   4560 GPS  -2267747.382  5009150.468  3221289.467 -0.985 -1.742 -6.647 2.34 17 3.247 0.073 2.565 5.444 0.673 4.048 -1.954
2025   1   4590 GPS  -2267747.458  5009150.043  3221288.819 -0.740 -2.120 -7.283 2.34 16 3.245 0.088 2.572 5.458 0.480 4.048 -1.954
2025   1   4620 GPS  -2267748.032  5009151.502  3221290.108 -0.819 -1.806 -5.279 2.24 16 3.296 0.000 2.586 5.546 0.480 4.048 -1.954
2025   1   4650 GPS  -2267747.716  5009150.976  3221289.721 -0.890 -1.830 -6.000 2.24 16 3.238 0.000 2.540 5.408 0.480 4.048 -1.954
2025   1   4680 GPS  -2267747.673  5009151.382  3221289.922 -1.097 -1.835 -5.595 2.24 16 3.222 0.000 2.528 5.280 0.480 4.048 -1.954
2025   1   4710 GPS  -2267747.546  5009151.313  3221289.979 -1.184 -1.727 -5.665 2.24 16 3.323 0.000 2.607 5.413 0.480 4.048 -1.954
2025   1   4740 GPS  -2267747.392  5009150.909  3221289.931 -1.157 -1.549 -6.062 2.25 17 3.208 0.000 2.516 5.312 0.673 4.048 -1.954
2025   1   4770 GPS  -2267747.613  5009150.575  3221289.682 -0.818 -1.656 -6.371 2.25 16 3.128 0.000 2.454 5.088 0.480 4.048 -1.954
2025   1   4800 GPS  -2267747.295  5009149.898  3221289.625 -0.828 -1.325 -7.045 2.25 16 3.022 0.000 2.371 5.058 0.480 4.048 -1.954
2025   1   4830 GPS  -2267747.524  5009150.586  3221290.075 -0.904 -1.303 -6.195 2.24 16 3.140 0.000 2.463 5.185 0.480 4.048 -1.954
2025   1   4860 GPS  -2267747.447  5009150.716  3221289.909 -1.027 -1.490 -6.205 2.24 16 3.074 -0.000 2.411 5.117 0.480 4.048 -1.954
2025   1   4890 GPS  -2267747.374  5009150.504  3221289.735 -1.007 -1.527 -6.485 2.24 16 3.068 0.000 2.407 5.075 0.480 4.048 -1.954
2025   1   4920 GPS  -2267746.759  5009148.683  3221289.310 -0.816 -0.921 -8.348 2.94 16 3.052 0.104 2.433 4.995 0.480 4.048 -1.954
2025   1   4950 GPS  -2267746.825  5009148.987  3221289.094 -0.881 -1.262 -8.197 2.94 16 3.046 0.096 2.422 4.799 0.480 4.048 -1.954
2025   1   4980 GPS  -2267747.042  5009149.380  3221289.596 -0.846 -1.057 -7.556 2.95 16 3.087 0.091 2.451 5.097 0.480 4.048 -1.954
2025   1   5010 GPS  -2267747.087  5009149.480  3221289.899 -0.846 -0.851 -7.307 2.95 16 3.148 0.118 2.518 5.176 0.480 4.048 -1.954
2025   1   5040 GPS  -2267746.959  5009149.865  3221290.168 -1.121 -0.772 -6.914 2.96 16 3.174 0.099 2.523 5.101 0.480 4.048 -1.954
2025   1   5070 GPS  -2267747.155  5009150.026  3221290.203 -1.009 -0.856 -6.700 2.96 16 3.204 0.102 2.549 5.200 0.480 4.048 -1.954
2025   1   5100 GPS  -2267747.160  5009149.889  3221290.074 -0.948 -0.905 -6.872 2.97 15 3.329 0.121 2.659 5.239 0.316 4.048 -1.954
2025   1   5130 GPS  -2267747.022  5009149.973  3221290.067 -1.108 -0.922 -6.859 2.97 15 3.206 0.081 2.537 5.107 0.316 4.048 -1.954
2025   1   5160 GPS  -2267747.076  5009149.854  3221290.070 -1.010 -0.875 -6.931 2.97 15 3.394 0.097 2.692 5.417 0.316 4.048 -1.954
2025   1   5190 GPS  -2267747.094  5009150.173  3221290.046 -1.125 -1.047 -6.687 2.97 15 3.314 0.104 2.634 5.459 0.316 4.048 -1.954
2025   1   5220 GPS  -2267747.676  5009151.316  3221290.282 -1.066 -1.495 -5.463 2.98 15 3.283 0.068 2.590 5.263 0.316 4.048 -1.954
2025   1   5250 GPS  -2267747.269  5009150.576  3221290.124 -1.132 -1.203 -6.268 2.98 16 3.296 0.062 2.598 5.161 0.480 4.048 -1.954
2025   1   5280 GPS  -2267747.110  5009150.229  3221290.105 -1.134 -1.026 -6.607 2.98 16 3.431 0.070 2.707 5.340 0.480 4.048 -1.954
2025   1   5310 GPS  -2267747.238  5009149.477  3221289.830 -0.707 -0.942 -7.291 2.98 16 3.219 0.088 2.550 5.129 0.480 4.048 -1.954
2025   1   5340 GPS  -2267747.288  5009149.666  3221289.930 -0.739 -0.953 -7.074 2.98 15 3.286 0.073 2.595 5.227 0.344 4.048 -1.954
2025   1   5370 GPS  -2267747.313  5009150.335  3221290.311 -0.992 -0.940 -6.346 2.98 15 3.240 0.036 2.546 5.237 0.344 4.048 -1.954
2025   1   5400 GPS  -2267747.451  5009150.662  3221290.363 -1.001 -1.076 -6.015 2.98 15 3.226 0.070 2.547 5.153 0.344 4.048 -1.954
2025   1   5430 GPS  -2267747.457  5009150.608  3221290.432 -0.973 -0.992 -6.020 2.98 15 3.262 0.003 2.559 5.297 0.344 4.048 -1.954
2025   1   5460 GPS  -2267746.924  5009149.724  3221289.907 -1.095 -0.923 -7.169 2.98 15 3.158 0.048 2.485 5.060 0.344 4.048 -1.954
2025   1   5490 GPS  -2267747.650  5009151.030  3221290.672 -0.973 -1.022 -5.498 2.97 15 3.220 0.034 2.529 5.108 0.344 4.048 -1.954
2025   1   5520 GPS  -2267747.226  5009150.399  3221290.251 -1.098 -1.003 -6.358 2.97 15 3.179 0.038 2.498 5.039 0.344 4.048 -1.954
2025   1   5550 GPS  -2267747.078  5009150.069  3221290.463 -1.097 -0.637 -6.562 2.97 15 3.213 0.072 2.537 5.068 0.344 4.048 -1.954
2025   1   5580 GPS  -2267747.752  5009150.965  3221290.642 -0.853 -1.039 -5.529 2.97 15 3.127 0.052 2.462 4.963 0.344 4.048 -1.954
2025   1   5610 GPS  -2267747.886  5009151.559  3221290.906 -0.975 -1.114 -4.881 2.96 15 3.181 0.052 2.504 5.076 0.344 4.048 -1.954
2025   1   5640 GPS  -2267748.067  5009152.175  3221291.199 -1.065 -1.185 -4.184 2.96 15 3.189 0.046 2.508 4.950 0.344 4.048 -1.954
2025   1   5670 GPS  -2267747.818  5009151.769  3221290.984 -1.124 -1.130 -4.701 2.95 15 3.213 0.012 2.521 5.089 0.344 4.048 -1.954
2025   1   5700 GPS  -2267747.401  5009151.079  3221290.554 -1.219 -1.093 -5.609 2.84 15 3.048 -0.022 2.478 5.044 0.344 4.048 -1.954
2025   1   5730 GPS  -2267747.667  5009151.263  3221290.631 -1.052 -1.168 -5.330 2.84 15 3.103 -0.118 2.569 5.082 0.344 4.048 -1.954
2025   1   5760 GPS  -2267748.230  5009152.487  3221291.124 -1.045 -1.428 -3.920 2.84 15 3.039 -0.079 2.487 5.190 0.344 4.048 -1.954
2025   1   5790 GPS  -2267747.746  5009151.927  3221290.943 -1.255 -1.223 -4.623 2.83 15 3.115 -0.039 2.539 5.446 0.344 4.048 -1.954
2025   1   5820 GPS  -2267747.336  5009150.671  3221290.316 -1.110 -1.096 -6.073 2.93 14 3.225 0.037 2.534 5.215 0.160 4.048 -1.954
2025   1   5850 GPS  -2267747.731  5009151.540  3221290.937 -1.109 -1.046 -4.935 2.82 15 2.960 -0.092 2.409 5.008 0.344 4.048 -1.954
2025   1   5880 GPS  -2267747.605  5009151.662  3221290.956 -1.274 -1.060 -4.875 2.81 15 2.956 -0.121 2.424 5.250 0.344 4.048 -1.954
2025   1   5910 GPS  -2267748.062  5009152.343  3221291.360 -1.138 -1.122 -3.973 2.81 15 3.170 -0.062 2.549 5.397 0.344 4.048 -1.954
2025   1   5940 GPS  -2267748.159  5009151.981  3221291.285 -0.901 -1.040 -4.261 2.80 15 3.034 -0.028 2.437 5.160 0.344 4.048 -1.954
2025   1   5970 GPS  -2267747.905  5009151.662  3221291.089 -1.000 -1.008 -4.700 2.80 15 3.057 -0.074 2.467 5.242 0.344 4.048 -1.954
2025   1   6000 GPS  -2267747.995  5009152.461  3221291.512 -1.247 -1.032 -3.826 2.79 15 3.128 -0.075 2.518 5.215 0.344 4.048 -1.954
2025   1   6030 GPS  -2267747.801  5009151.728  3221291.191 -1.122 -0.929 -4.633 2.78 16 2.948 -0.055 2.370 5.015 0.524 4.048 -1.954
2025   1   6060 GPS  -2267747.953  5009152.174  3221291.188 -1.168 -1.169 -4.231 2.78 16 3.010 -0.033 2.437 5.030 0.524 4.048 -1.954
2025   1   6090 GPS  -2267747.251  5009151.093  3221290.829 -1.362 -0.832 -5.511 2.77 17 3.023 -0.036 2.429 5.059 0.468 4.048 -1.954
2025   1   6120 GPS  -2267747.321  5009151.232  3221291.080 -1.355 -0.694 -5.249 2.76 17 2.935 -0.013 2.353 4.904 0.468 4.048 -1.954
2025   1   6150 GPS  -2267747.436  5009151.488  3221290.921 -1.356 -0.974 -5.088 2.75 16 3.014 0.058 2.447 5.174 0.524 4.048 -1.954
2025   1   6180 GPS  -2267747.797  5009152.249  3221291.411 -1.341 -0.980 -4.114 2.69 16 2.897 -0.071 2.377 5.209 0.524 4.048 -1.954
2025   1   6210 GPS  -2267747.158  5009151.361  3221291.019 -1.557 -0.773 -5.237 2.68 16 2.902 -0.043 2.387 5.205 0.524 4.048 -1.954
2025   1   6240 GPS  -2267747.228  5009151.284  3221291.235 -1.461 -0.566 -5.163 2.67 16 2.838 -0.055 2.328 5.194 0.524 4.048 -1.954
2025   1   6270 GPS  -2267747.615  5009152.014  3221291.186 -1.410 -1.027 -4.478 2.66 16 2.710 -0.023 2.224 5.129 0.524 4.048 -1.954
2025   1   6300 GPS  -2267747.756  5009152.929  3221291.453 -1.659 -1.249 -3.574 2.65 16 2.869 -0.090 2.356 5.163 0.524 4.048 -1.954
2025   1   6330 GPS  -2267747.913  5009152.479  3221291.317 -1.330 -1.191 -3.941 2.65 16 2.763 -0.031 2.257 5.130 0.524 4.048 -1.954
2025   1   6360 GPS  -2267748.010  5009153.036  3221291.550 -1.471 -1.269 -3.350 2.64 16 2.934 -0.044 2.399 5.513 0.524 4.048 -1.954
2025   1   6390 GPS  -2267747.908  5009152.231  3221291.616 -1.232 -0.818 -3.985 2.63 16 2.863 -0.023 2.340 5.302 0.524 4.048 -1.954
2025   1   6420 GPS  -2267748.095  5009152.704  3221291.725 -1.257 -0.982 -3.492 2.62 16 2.901 -0.058 2.373 5.072 0.524 4.048 -1.954
2025   1   6450 GPS  -2267748.178  5009153.044  3221291.752 -1.322 -1.134 -3.182 2.61 16 2.846 -0.085 2.338 4.912 0.524 4.048 -1.954
2025   1   6480 GPS  -2267748.393  5009153.864  3221292.083 -1.464 -1.274 -2.294 2.60 16 3.017 -0.080 2.474 5.340 0.524 4.048 -1.954
2025   1   6510 GPS  -2267748.343  5009153.255  3221291.780 -1.259 -1.242 -2.944 2.59 16 2.973 -0.086 2.454 5.372 0.524 4.048 -1.954
2025   1   6540 GPS  -2267747.740  5009152.800  3221291.510 -1.620 -1.138 -3.652 2.59 16 2.954 -0.095 2.436 5.477 0.524 4.048 -1.954
2025   1   6570 GPS  -2267747.591  5009152.662  3221291.589 -1.699 -0.974 -3.774 2.58 16 3.083 -0.050 2.543 5.618 0.524 4.048 -1.954
2025   1   6600 GPS  -2267748.200  5009152.927  3221291.704 -1.254 -1.125 -3.291 2.57 16 2.927 -0.051 2.415 5.409 0.524 4.048 -1.954
2025   1   6630 GPS  -2267747.915  5009152.618  3221291.494 -1.386 -1.104 -3.741 2.56 16 2.973 -0.077 2.459 5.429 0.524 4.048 -1.954
2025   1   6660 GPS  -2267748.071  5009152.653  3221291.469 -1.258 -1.174 -3.671 2.55 16 3.024 -0.104 2.504 5.439 0.524 4.048 -1.954
2025   1   6690 GPS  -2267748.329  5009153.047  3221291.762 -1.185 -1.158 -3.121 2.54 16 2.865 -0.160 2.425 5.208 0.524 4.048 -1.954
2025   1   6720 GPS  -2267748.316  5009153.052  3221291.903 -1.200 -1.036 -3.050 2.53 16 2.848 -0.061 2.352 5.108 0.524 4.048 -1.954
2025   1   6750 GPS  -2267748.006  5009152.856  3221291.753 -1.401 -1.010 -3.390 2.52 17 2.914 -0.081 2.417 5.297 0.468 4.048 -1.954
2025   1   6780 GPS  -2267747.678  5009152.427  3221291.873 -1.523 -0.640 -3.783 2.47 17 2.724 -0.064 2.318 5.292 0.468 4.048 -1.954
2025   1   6810 GPS  -2267748.146  5009152.998  3221292.182 -1.332 -0.735 -3.011 2.46 16 2.784 -0.125 2.362 5.161 0.524 4.048 -1.954
2025   1   6840 GPS  -2267747.857  5009152.824  3221291.522 -1.523 -1.163 -3.586 2.47 16 2.670 0.135 2.385 5.015 0.524 4.048 -1.954
2025   1   6870 GPS  -2267748.003  5009152.366  3221291.328 -1.201 -1.149 -3.992 2.46 16 2.709 0.205 2.439 5.367 0.524 4.048 -1.954
2025   1   6900 GPS  -2267747.816  5009152.415  3221290.974 -1.392 -1.437 -4.199 2.45 16 2.656 0.240 2.423 5.229 0.524 4.048 -1.954
2025   1   6930 GPS  -2267748.117  5009152.815  3221291.349 -1.283 -1.362 -3.588 2.44 16 2.720 0.208 2.436 5.179 0.524 4.048 -1.954
2025   1   6960 GPS  -2267748.446  5009153.271  3221291.345 -1.171 -1.646 -3.116 2.43 16 2.624 0.224 2.389 4.736 0.524 4.048 -1.954
2025   1   6990 GPS  -2267747.876  5009152.782  3221291.147 -1.489 -1.470 -3.802 2.43 16 2.678 0.265 2.548 4.801 0.524 4.048 -1.954
2025   1   7020 GPS  -2267748.327  5009152.975  3221291.545 -1.158 -1.311 -3.288 2.42 17 2.708 0.260 2.527 4.784 0.468 4.048 -1.954
2025   1   7050 GPS  -2267748.149  5009153.112  3221291.413 -1.377 -1.451 -3.311 2.27 17 2.604 0.360 2.479 4.999 0.468 4.048 -1.954
2025   1   7080 GPS  -2267748.452  5009152.929  3221291.188 -1.025 -1.624 -3.462 2.26 17 2.592 0.287 2.397 4.888 0.468 4.048 -1.954
2025   1   7110 GPS  -2267747.984  5009152.572  3221291.369 -1.304 -1.205 -3.816 2.25 17 2.649 0.236 2.465 5.138 0.468 4.048 -1.954
2025   1   7140 GPS  -2267748.372  5009153.223  3221291.760 -1.219 -1.250 -2.969 2.38 16 2.829 0.231 2.544 4.959 0.524 4.048 -1.954
2025   1   7170 GPS  -2267748.664  5009153.716  3221292.204 -1.156 -1.157 -2.253 2.38 16 2.792 0.051 2.490 5.017 0.524 4.048 -1.954
2025   1   7200 GPS  -2267748.145  5009152.909  3221291.840 -1.297 -0.989 -3.255 2.37 16 2.795 0.156 2.484 5.168 0.524 4.048 -1.954
2025   1   7230 GPS  -2267748.025  5009152.787  3221291.621 -1.356 -1.096 -3.504 2.36 16 2.792 0.179 2.466 5.317 0.524 4.048 -1.954
2025   1   7260 GPS  -2267748.041  5009152.916  3221291.507 -1.394 -1.257 -3.456 2.35 16 2.665 0.244 2.418 4.763 0.524 4.048 -1.954
2025   1   7290 GPS  -2267747.472  5009152.347  3221289.862 -1.677 -2.291 -4.940 2.44 16 2.491 0.914 2.881 5.209 0.524 4.048 -1.954
2025   1   7320 GPS  -2267747.777  5009152.300  3221290.067 -1.380 -2.157 -4.765 2.22 17 2.394 0.892 2.809 5.086 0.493 4.048 -1.954
2025   1   7350 GPS  -2267747.952  5009152.569  3221290.313 -1.332 -2.106 -4.366 2.21 17 2.347 0.988 2.768 4.812 0.493 4.048 -1.954
2025   1   7380 GPS  -2267747.505  5009151.939  3221290.032 -1.479 -1.963 -5.162 2.21 17 2.429 1.059 2.887 4.817 0.493 4.048 -1.954
2025   1   7410 GPS  -2267747.944  5009153.501  3221290.270 -1.723 -2.572 -3.659 2.43 17 2.279 0.644 2.730 5.147 0.493 4.048 -1.954
2025   1   7440 GPS  -2267748.649  5009154.545  3221290.540 -1.512 -2.971 -2.453 2.42 17 2.271 0.605 2.850 5.030 0.493 4.048 -1.954
2025   1   7470 GPS  -2267748.045  5009153.430  3221290.222 -1.602 -2.602 -3.703 2.42 17 2.374 0.604 2.909 5.183 0.493 4.048 -1.954
2025   1   7500 GPS  -2267748.045  5009153.372  3221290.160 -1.578 -2.629 -3.780 2.42 17 2.335 0.607 2.875 5.274 0.493 4.048 -1.954
2025   1   7530 GPS  -2267747.866  5009153.778  3221290.196 -1.909 -2.748 -3.507 2.41 17 2.311 0.594 2.896 5.519 0.493 4.048 -1.954
2025   1   7560 GPS  -2267748.267  5009154.038  3221290.435 -1.651 -2.747 -3.040 2.41 17 2.425 0.709 3.013 5.923 0.493 4.048 -1.954
2025   1   7590 GPS  -2267747.712  5009153.662  3221290.186 -2.001 -2.672 -3.658 2.41 17 2.346 0.636 2.844 5.329 0.493 4.048 -1.954
2025   1   7620 GPS  -2267747.890  5009153.390  3221290.378 -1.726 -2.417 -3.711 2.41 17 2.278 0.574 2.761 5.453 0.493 4.048 -1.954
2025   1   7650 GPS  -2267747.992  5009153.860  3221290.080 -1.828 -2.912 -3.458 2.52 17 2.324 0.699 2.688 5.216 0.493 4.048 -1.954
2025   1   7680 GPS  -2267748.351  5009154.863  3221290.766 -1.915 -2.861 -2.194 2.51 17 2.383 0.735 2.841 5.267 0.493 4.048 -1.954
2025   1   7710 GPS  -2267748.015  5009153.976  3221290.232 -1.855 -2.840 -3.281 2.51 17 2.618 0.821 3.070 5.690 0.493 4.048 -1.954
2025   1   7740 GPS  -2267747.912  5009154.093  3221290.470 -1.997 -2.667 -3.105 2.50 17 2.576 0.793 2.985 5.715 0.493 4.048 -1.954
2025   1   7770 GPS  -2267747.724  5009154.431  3221290.518 -2.307 -2.744 -2.882 2.50 17 2.489 0.740 2.904 5.121 0.493 4.048 -1.954
2025   1   7800 GPS  -2267747.733  5009154.076  3221290.368 -2.153 -2.710 -3.234 2.49 17 2.455 0.821 2.914 5.353 0.493 4.048 -1.954
2025   1   7830 GPS  -2267747.412  5009154.185  3221290.492 -2.490 -2.587 -3.199 2.49 17 2.500 0.809 3.012 5.488 0.493 4.048 -1.954
2025   1   7860 GPS  -2267747.816  5009154.292  3221290.737 -2.166 -2.510 -2.847 2.48 17 2.410 0.716 2.926 5.612 0.493 4.048 -1.954
2025   1   7890 GPS  -2267747.797  5009154.151  3221290.690 -2.126 -2.481 -2.988 2.48 17 2.373 0.741 2.912 5.614 0.493 4.048 -1.954
2025   1   7920 GPS  -2267747.908  5009154.326  3221290.569 -2.096 -2.689 -2.873 2.31 18 2.346 0.754 2.842 5.746 0.442 4.048 -1.954
2025   1   7950 GPS  -2267747.684  5009153.983  3221290.388 -2.159 -2.640 -3.314 2.31 18 2.315 0.718 2.831 5.556 0.442 4.048 -1.954
2025   1   7980 GPS  -2267747.776  5009154.312  3221290.206 -2.211 -2.968 -3.115 2.30 18 2.362 0.779 2.969 6.218 0.442 4.048 -1.954
2025   1   8010 GPS  -2267748.031  5009154.192  3221290.185 -1.929 -2.984 -3.129 2.30 18 2.310 0.735 2.979 6.099 0.442 4.048 -1.954
2025   1   8040 GPS  -2267747.819  5009154.740  3221290.221 -2.348 -3.162 -2.757 2.29 18 2.348 0.780 3.095 6.693 0.442 4.048 -1.954
2025   1   8070 GPS  -2267747.597  5009154.396  3221289.988 -2.409 -3.157 -3.224 2.29 18 2.373 0.801 3.076 6.331 0.442 4.048 -1.954
2025   1   8100 GPS  -2267747.744  5009154.381  3221290.327 -2.269 -2.889 -3.011 2.29 18 2.337 0.702 2.946 6.115 0.442 4.048 -1.954
2025   1   8130 GPS  -2267747.959  5009154.151  3221290.070 -1.978 -3.050 -3.245 2.28 18 2.284 0.743 2.949 6.059 0.442 4.048 -1.954
2025   1   8160 GPS  -2267747.362  5009153.806  3221289.867 -2.379 -2.939 -3.832 2.28 18 2.172 0.683 2.880 5.673 0.442 4.048 -1.954
2025   1   8190 GPS  -2267747.678  5009154.084  3221290.564 -2.206 -2.533 -3.147 2.28 18 2.161 0.663 2.743 5.517 0.442 4.048 -1.954
2025   1   8220 GPS  -2267747.854  5009154.347  3221290.579 -2.155 -2.679 -2.870 2.27 18 2.190 0.694 2.803 6.156 0.442 4.048 -1.954
2025   1   8250 GPS  -2267748.132  5009154.448  3221290.234 -1.943 -3.081 -2.868 2.27 18 2.142 0.660 2.818 6.240 0.442 4.048 -1.954
2025   1   8280 GPS  -2267747.549  5009153.614  3221289.706 -2.130 -3.028 -3.998 2.27 18 2.299 0.669 3.023 6.340 0.442 4.048 -1.954
2025   1   8310 GPS  -2267747.380  5009153.290  3221290.089 -2.150 -2.512 -4.117 2.27 18 2.242 0.691 2.924 6.034 0.442 4.048 -1.954
2025   1   8340 GPS  -2267747.602  5009153.753  3221290.407 -2.139 -2.500 -3.514 2.26 18 2.171 0.679 2.832 6.073 0.442 4.048 -1.954
2025   1   8370 GPS  -2267747.923  5009154.281  3221290.399 -2.064 -2.818 -2.989 2.26 18 2.132 0.693 2.804 5.388 0.442 4.048 -1.954
2025   1   8400 GPS  -2267747.752  5009153.695  3221290.241 -1.979 -2.648 -3.590 2.26 18 2.142 0.752 2.785 5.796 0.442 4.048 -1.954
2025   1   8430 GPS  -2267747.901  5009154.263  3221290.574 -2.077 -2.655 -2.922 2.25 18 2.104 0.638 2.679 4.990 0.442 4.048 -1.954
2025   1   8460 GPS  -2267747.901  5009153.887  3221290.276 -1.922 -2.737 -3.369 2.25 18 2.140 0.730 2.719 4.998 0.442 4.048 -1.954
2025   1   8490 GPS  -2267747.773  5009153.774  3221290.243 -1.991 -2.686 -3.519 2.25 18 2.247 0.811 2.840 5.082 0.442 4.048 -1.954
2025   1   8520 GPS  -2267747.458  5009154.000  3221290.077 -2.372 -2.868 -3.539 2.25 18 2.289 0.822 3.026 5.563 0.442 4.048 -1.954
2025   1   8550 GPS  -2267747.670  5009153.768  3221290.223 -2.084 -2.679 -3.571 2.25 18 2.168 0.726 2.879 5.356 0.442 4.048 -1.954
2025   1   8580 GPS  -2267747.264  5009153.340  3221290.164 -2.277 -2.447 -4.081 2.24 18 2.205 0.746 2.858 5.055 0.442 4.048 -1.954
2025   1   8610 GPS  -2267747.437  5009153.544  3221290.152 -2.203 -2.588 -3.866 2.24 18 2.256 0.722 2.901 5.411 0.442 4.048 -1.954
2025   1   8640 GPS  -2267747.321  5009153.383  3221289.751 -2.242 -2.835 -4.237 2.24 18 2.235 0.756 2.932 6.550 0.442 4.048 -1.954
2025   1   8670 GPS  -2267747.140  5009153.534  3221289.883 -2.469 -2.753 -4.115 2.24 18 2.204 0.688 2.871 6.396 0.442 4.048 -1.954
2025   1   8700 GPS  -2267747.232  5009153.820  3221290.261 -2.504 -2.579 -3.666 2.24 18 2.144 0.621 2.806 5.900 0.442 4.048 -1.954
2025   1   8730 GPS  -2267748.060  5009154.522  3221290.324 -2.039 -3.023 -2.789 1.98 18 2.374 0.597 2.995 6.257 0.442 4.048 -1.954
2025   1   8760 GPS  -2267748.229  5009154.407  3221290.201 -1.837 -3.111 -2.883 1.98 18 2.351 0.598 3.109 6.718 0.442 4.048 -1.954
2025   1   8790 GPS  -2267748.449  5009154.738  3221290.375 -1.773 -3.161 -2.456 1.99 18 2.339 0.574 3.009 6.339 0.442 4.048 -1.954
2025   1   8820 GPS  -2267748.634  5009154.993  3221290.422 -1.710 -3.277 -2.166 1.99 18 2.241 0.567 2.942 5.741 0.442 4.048 -1.954
2025   1   8850 GPS  -2267748.484  5009154.845  3221290.512 -1.786 -3.100 -2.290 2.02 18 2.288 0.370 2.765 5.766 0.442 4.048 -1.954
2025   1   8880 GPS  -2267748.898  5009156.804  3221293.479 -2.217 -1.537  0.901 2.03 18 2.168 -0.504 2.687 5.769 0.442 4.048 -1.954
2025   1   8910 GPS  -2267748.593  5009156.279  3221292.729 -2.278 -1.876  0.000 2.03 18 2.193 -0.586 2.739 5.817 0.442 4.048 -1.954
2025   1   8940 GPS  -2267749.041  5009156.608  3221293.717 -2.005 -1.272  0.919 2.04 18 2.251 -0.628 2.767 5.937 0.442 4.048 -1.954
2025   1   8970 GPS  -2267748.597  5009155.800  3221293.093 -2.077 -1.342 -0.189 2.04 18 2.146 -0.550 2.652 5.811 0.442 4.048 -1.954
2025   1   9000 GPS  -2267748.836  5009156.047  3221293.089 -1.961 -1.510  0.087 2.05 18 2.210 -0.612 2.784 6.125 0.442 4.048 -1.954
2025   1   9030 GPS  -2267749.361  5009156.480  3221292.807 -1.661 -2.063  0.470 2.05 18 2.236 -0.604 2.719 5.230 0.442 4.048 -1.954
2025   1   9060 GPS  -2267749.238  5009156.521  3221292.944 -1.790 -1.938  0.528 2.06 18 2.276 -0.659 2.921 6.458 0.442 4.048 -1.954
2025   1   9090 GPS  -2267749.560  5009156.816  3221293.368 -1.618 -1.777  1.090 2.06 18 2.251 -0.615 2.787 5.551 0.442 4.048 -1.954
2025   1   9120 GPS  -2267749.703  5009156.466  3221293.199 -1.344 -1.790  0.781 2.07 18 2.214 -0.632 2.951 6.476 0.442 4.048 -1.954
2025   1   9150 GPS  -2267749.761  5009156.329  3221293.433 -1.235 -1.538  0.812 2.07 18 2.200 -0.651 2.871 5.906 0.442 4.048 -1.954
2025   1   9180 GPS  -2267749.865  5009156.699  3221293.560 -1.293 -1.621  1.203 2.08 18 2.273 -0.726 2.991 7.019 0.442 4.048 -1.954
2025   1   9210 GPS  -2267749.644  5009156.751  3221293.112 -1.515 -1.985  0.939 2.09 18 2.192 -0.685 2.917 6.916 0.442 4.048 -1.954
2025   1   9240 GPS  -2267749.888  5009157.370  3221293.167 -1.548 -2.275  1.539 2.09 18 2.247 -0.796 3.167 7.900 0.442 4.048 -1.954
2025   1   9270 GPS  -2267749.822  5009157.386  3221293.377 -1.614 -2.088  1.634 2.10 18 2.257 -0.714 3.033 6.545 0.442 4.048 -1.954
2025   1   9300 GPS  -2267749.746  5009157.664  3221293.643 -1.799 -1.972  1.961 2.10 18 2.257 -0.659 2.960 6.281 0.442 4.048 -1.954
2025   1   9330 GPS  -2267749.816  5009157.737  3221293.589 -1.765 -2.067  2.016 2.11 18 2.220 -0.665 2.871 6.156 0.442 4.048 -1.954
2025   1   9360 GPS  -2267750.028  5009157.994  3221293.742 -1.679 -2.098  2.370 2.11 18 2.187 -0.747 2.881 6.616 0.442 4.048 -1.954
2025   1   9390 GPS  -2267750.290  5009158.336  3221294.051 -1.580 -2.045  2.889 2.12 18 2.396 -0.897 3.140 6.480 0.442 4.048 -1.954
2025   1   9420 GPS  -2267750.418  5009158.685  3221294.173 -1.608 -2.129  3.270 2.21 17 2.232 -0.570 2.732 6.444 0.567 4.048 -1.954
2025   1   9450 GPS  -2267750.728  5009158.578  3221294.466 -1.281 -1.892  3.445 2.21 17 2.511 -0.751 3.056 7.214 0.567 4.048 -1.954
2025   1   9480 GPS  -2267750.530  5009158.965  3221294.107 -1.621 -2.338  3.496 2.22 17 2.333 -0.653 2.815 6.497 0.567 4.048 -1.954
2025   1   9510 GPS  -2267749.887  5009158.164  3221293.938 -1.877 -1.979  2.554 2.22 17 2.324 -0.574 2.868 6.790 0.567 4.048 -1.954
2025   1   9540 GPS  -2267750.118  5009157.740  3221294.118 -1.492 -1.676  2.394 2.23 17 2.295 -0.550 2.656 6.069 0.567 4.048 -1.954
2025   1   9570 GPS  -2267749.897  5009157.729  3221293.783 -1.688 -1.913  2.137 2.23 17 2.287 -0.506 2.679 6.015 0.567 4.048 -1.954
2025   1   9600 GPS  -2267749.953  5009157.588  3221293.873 -1.579 -1.781  2.092 2.24 17 2.344 -0.516 2.782 6.419 0.567 4.048 -1.954
2025   1   9630 GPS  -2267749.502  5009156.620  3221293.538 -1.591 -1.527  1.002 2.17 18 2.174 -0.663 2.779 6.474 0.442 4.048 -1.954
2025   1   9660 GPS  -2267749.584  5009157.566  3221293.954 -1.906 -1.625  1.985 2.25 18 2.248 -0.513 2.725 6.522 0.442 4.048 -1.954
2025   1   9690 GPS  -2267750.150  5009158.091  3221294.094 -1.607 -1.866  2.669 2.25 17 2.381 -0.615 2.904 6.951 0.567 4.048 -1.954
2025   1   9720 GPS  -2267750.117  5009158.450  3221294.262 -1.785 -1.880  3.024 2.26 17 2.409 -0.638 2.903 7.220 0.567 4.048 -1.954
2025   1   9750 GPS  -2267750.303  5009158.629  3221294.555 -1.690 -1.750  3.379 2.27 17 2.437 -0.634 2.970 7.360 0.567 4.048 -1.954
2025   1   9780 GPS  -2267750.686  5009158.424  3221294.491 -1.256 -1.790  3.322 2.27 17 2.505 -0.710 2.985 7.157 0.567 4.048 -1.954
2025   1   9810 GPS  -2267750.188  5009158.235  3221294.152 -1.632 -1.890  2.825 2.28 17 2.403 -0.604 2.879 6.843 0.567 4.048 -1.954
2025   1   9840 GPS  -2267750.230  5009158.135  3221293.919 -1.552 -2.053  2.643 2.28 16 2.346 -0.577 2.820 6.639 0.602 4.048 -1.954
2025   1   9870 GPS  -2267750.437  5009158.381  3221293.928 -1.465 -2.203  2.913 2.29 17 2.398 -0.611 2.864 6.638 0.468 4.048 -1.954
2025   1   9900 GPS  -2267750.844  5009158.546  3221294.051 -1.162 -2.258  3.250 2.29 17 2.468 -0.662 2.942 6.826 0.468 4.048 -1.954
2025   1   9930 GPS  -2267750.778  5009158.182  3221294.225 -1.073 -1.926  3.030 2.30 16 2.180 -0.611 2.705 6.414 0.602 4.048 -1.954
2025   1   9960 GPS  -2267750.870  5009158.304  3221294.122 -1.039 -2.091  3.106 2.31 16 2.283 -0.599 2.737 6.347 0.602 4.048 -1.954
2025   1   9990 GPS  -2267750.771  5009158.071  3221294.120 -1.033 -1.964  2.887 2.31 17 2.319 -0.637 2.730 6.079 0.468 4.048 -1.954
2025   1  10020 GPS  -2267750.158  5009157.659  3221293.658 -1.422 -2.042  2.111 2.32 17 2.373 -0.598 2.815 6.283 0.468 4.048 -1.954
2025   1  10050 GPS  -2267750.387  5009157.719  3221293.806 -1.237 -1.991  2.314 2.32 17 2.312 -0.667 2.764 6.859 0.468 4.048 -1.954
2025   1  10080 GPS  -2267749.907  5009156.947  3221293.369 -1.356 -1.909  1.316 2.33 17 2.183 -0.523 2.558 6.332 0.468 4.048 -1.954
2025   1  10110 GPS  -2267750.358  5009157.536  3221293.713 -1.188 -1.980  2.114 2.34 17 2.258 -0.607 2.665 6.318 0.468 4.048 -1.954
2025   1  10140 GPS  -2267750.626  5009157.695  3221294.117 -1.010 -1.762  2.539 2.34 17 2.160 -0.620 2.592 6.438 0.468 4.048 -1.954
2025   1  10170 GPS  -2267750.303  5009157.609  3221293.751 -1.269 -1.969  2.170 2.35 17 2.222 -0.616 2.595 5.617 0.468 4.048 -1.954
2025   1  10200 GPS  -2267750.107  5009156.873  3221293.753 -1.144 -1.587  1.524 2.35 17 2.247 -0.602 2.543 5.654 0.468 4.048 -1.954
2025   1  10230 GPS  -2267750.328  5009157.417  3221294.015 -1.167 -1.659  2.163 2.36 17 2.266 -0.592 2.661 6.030 0.468 4.048 -1.954
2025   1  10260 GPS  -2267750.428  5009157.845  3221294.065 -1.252 -1.835  2.560 2.37 17 2.376 -0.641 2.867 6.320 0.468 4.048 -1.954
2025   1  10290 GPS  -2267749.888  5009157.338  3221293.727 -1.535 -1.778  1.798 2.37 17 2.219 -0.560 2.750 6.391 0.468 4.048 -1.954
2025   1  10320 GPS  -2267750.040  5009157.267  3221293.646 -1.367 -1.846  1.755 2.38 15 2.317 -0.583 2.799 6.380 0.689 4.048 -1.954
2025   1  10350 GPS  -2267750.908  5009157.898  3221294.412 -0.836 -1.661  2.948 2.27 16 2.393 -0.690 2.889 6.770 0.541 4.048 -1.954
2025   1  10380 GPS  -2267750.334  5009157.827  3221294.038 -1.330 -1.830  2.498 2.28 16 2.314 -0.572 2.705 6.242 0.541 4.048 -1.954
2025   1  10410 GPS  -2267749.937  5009156.391  3221293.301 -1.100 -1.717  0.856 2.29 15 2.194 -0.456 2.599 5.603 0.689 4.048 -1.954
2025   1  10440 GPS  -2267750.733  5009158.040  3221294.002 -1.054 -2.044  2.789 2.30 16 2.164 -0.469 2.536 5.968 0.541 4.048 -1.954
2025   1  10470 GPS  -2267750.654  5009156.935  3221293.900 -0.671 -1.603  1.842 2.30 16 2.156 -0.533 2.624 6.146 0.541 4.048 -1.954
2025   1  10500 GPS  -2267750.663  5009157.001  3221293.735 -0.690 -1.777  1.813 2.31 16 2.213 -0.508 2.652 6.300 0.541 4.048 -1.954
2025   1  10530 GPS  -2267750.499  5009157.181  3221293.501 -0.914 -2.029  1.777 2.32 16 2.254 -0.465 2.628 6.049 0.541 4.048 -1.954
2025   1  10560 GPS  -2267750.993  5009157.373  3221293.821 -0.543 -1.944  2.266 2.33 16 2.331 -0.513 2.657 5.796 0.541 4.048 -1.954
2025   1  10590 GPS  -2267750.115  5009156.604  3221293.266 -1.026 -1.883  1.069 2.22 17 2.104 -0.451 2.440 5.195 0.509 4.048 -1.954
2025   1  10620 GPS  -2267751.311  5009157.899  3221294.232 -0.470 -1.901  3.000 2.22 16 2.049 -0.535 2.452 5.385 0.646 4.048 -1.954
2025   1  10650 GPS  -2267751.054  5009158.308  3221294.297 -0.873 -1.980  3.263 2.23 17 2.059 -0.515 2.487 5.800 0.608 4.048 -1.954
2025   1  10680 GPS  -2267751.013  5009158.236  3221294.281 -0.881 -1.952  3.184 2.23 17 2.062 -0.546 2.517 5.471 0.608 4.048 -1.954
2025   1  10710 GPS  -2267751.057  5009157.968  3221293.972 -0.729 -2.103  2.832 2.24 17 1.984 -0.499 2.368 5.197 0.608 4.048 -1.954
2025   1  10740 GPS  -2267751.360  5009157.862  3221294.250 -0.410 -1.878  2.998 2.24 17 2.000 -0.546 2.428 5.383 0.608 4.048 -1.954
2025   1  10770 GPS  -2267751.470  5009158.070  3221294.625 -0.395 -1.675  3.391 2.25 17 2.103 -0.622 2.578 5.814 0.608 4.048 -1.954
2025   1  10800 GPS  -2267751.267  5009158.253  3221294.479 -0.656 -1.843  3.388 2.25 17 2.142 -0.560 2.579 5.631 0.608 4.048 -1.954
2025   1  10830 GPS  -2267751.182  5009158.126  3221294.558 -0.681 -1.698  3.298 2.26 17 2.066 -0.564 2.557 5.869 0.608 4.048 -1.954
2025   1  10860 GPS  -2267751.132  5009157.813  3221294.534 -0.597 -1.563  3.023 2.27 17 2.039 -0.554 2.570 5.461 0.608 4.048 -1.954
2025   1  10890 GPS  -2267751.194  5009157.723  3221294.802 -0.504 -1.304  3.110 2.27 17 2.090 -0.547 2.524 5.603 0.608 4.048 -1.954
2025   1  10920 GPS  -2267751.071  5009157.680  3221294.888 -0.598 -1.185  3.077 2.28 17 2.180 -0.561 2.681 5.879 0.608 4.048 -1.954
2025   1  10950 GPS  -2267751.503  5009157.754  3221294.403 -0.235 -1.726  3.041 2.28 17 2.145 -0.476 2.624 5.445 0.608 4.048 -1.954
2025   1  10980 GPS  -2267751.531  5009157.803  3221294.752 -0.230 -1.455  3.268 2.29 17 2.229 -0.544 2.699 5.914 0.608 4.048 -1.954
2025   1  11010 GPS  -2267751.343  5009157.573  3221294.596 -0.306 -1.443  2.941 2.29 17 2.229 -0.482 2.614 5.232 0.608 4.048 -1.954
2025   1  11040 GPS  -2267751.643  5009157.923  3221294.615 -0.177 -1.652  3.332 2.30 17 2.218 -0.558 2.682 5.693 0.608 4.048 -1.954
2025   1  11070 GPS  -2267751.213  5009158.225  3221294.595 -0.694 -1.719  3.406 2.30 17 2.206 -0.598 2.670 6.123 0.608 4.048 -1.954
2025   1  11100 GPS  -2267751.385  5009157.495  3221294.446 -0.236 -1.545  2.819 2.31 17 2.161 -0.586 2.587 5.798 0.608 4.048 -1.954
2025   1  11130 GPS  -2267751.347  5009157.496  3221294.694 -0.271 -1.324  2.932 2.36 17 2.268 -0.355 2.365 5.937 0.608 4.048 -1.954
2025   1  11160 GPS  -2267751.556  5009158.313  3221295.048 -0.417 -1.440  3.827 2.36 17 2.192 -0.373 2.373 6.397 0.608 4.048 -1.954
2025   1  11190 GPS  -2267751.675  5009157.705  3221294.761 -0.058 -1.432  3.246 2.37 17 2.215 -0.271 2.298 5.669 0.608 4.048 -1.954
2025   1  11220 GPS  -2267751.358  5009157.338  3221294.666 -0.196 -1.277  2.797 2.37 17 2.220 -0.320 2.364 5.854 0.608 4.048 -1.954
2025   1  11250 GPS  -2267751.222  5009156.653  3221294.230 -0.037 -1.308  1.990 2.38 17 2.172 -0.238 2.350 5.634 0.608 4.048 -1.954
2025   1  11280 GPS  -2267751.924  5009157.527  3221295.006  0.242 -1.190  3.319 2.38 17 2.321 -0.272 2.433 5.868 0.608 4.048 -1.954
2025   1  11310 GPS  -2267751.932  5009157.907  3221295.307  0.093 -1.108  3.773 2.39 17 2.305 -0.332 2.423 6.180 0.608 4.048 -1.954
2025   1  11340 GPS  -2267751.371  5009157.417  3221294.797 -0.217 -1.204  2.931 2.46 17 2.275 -0.407 2.356 5.764 0.608 4.048 -1.954
2025   1  11370 GPS  -2267751.368  5009157.239  3221294.562 -0.146 -1.323  2.670 2.46 17 2.349 -0.525 2.505 6.173 0.608 4.048 -1.954
2025   1  11400 GPS  -2267751.532  5009157.331  3221294.534 -0.034 -1.424  2.787 2.46 17 2.392 -0.507 2.495 5.862 0.608 4.048 -1.954
2025   1  11430 GPS  -2267751.636  5009157.227  3221294.608  0.104 -1.334  2.779 2.47 17 2.245 -0.456 2.390 6.059 0.608 4.048 -1.954
2025   1  11460 GPS  -2267752.129  5009158.002  3221295.117  0.233 -1.358  3.821 2.47 17 2.213 -0.424 2.271 5.680 0.608 4.048 -1.954
2025   1  11490 GPS  -2267751.434  5009157.521  3221294.863 -0.202 -1.208  3.068 2.48 17 2.206 -0.428 2.270 5.583 0.608 4.048 -1.954
2025   1  11520 GPS  -2267751.980  5009157.521  3221294.830  0.295 -1.351  3.245 2.48 17 2.275 -0.473 2.272 4.867 0.608 4.048 -1.954
2025   1  11550 GPS  -2267752.252  5009158.225  3221295.438  0.252 -1.210  4.203 2.48 17 2.327 -0.444 2.274 4.875 0.608 4.048 -1.954
2025   1  11580 GPS  -2267752.300  5009158.216  3221295.381  0.300 -1.265  4.184 2.49 18 2.179 -0.408 2.140 4.824 0.543 4.048 -1.954
2025   1  11610 GPS  -2267752.568  5009158.513  3221295.605  0.421 -1.266  4.627 2.49 18 2.242 -0.445 2.275 5.491 0.543 4.048 -1.954
2025   1  11640 GPS  -2267752.187  5009158.196  3221295.168  0.206 -1.416  4.021 2.49 18 2.290 -0.447 2.339 5.699 0.543 4.048 -1.954
2025   1  11670 GPS  -2267751.882  5009158.256  3221295.036 -0.097 -1.493  3.892 2.50 18 2.402 -0.482 2.407 5.507 0.543 4.048 -1.954
2025   1  11700 GPS  -2267752.336  5009158.247  3221295.342  0.321 -1.320  4.202 2.50 19 2.367 -0.439 2.312 5.118 0.588 4.048 -1.954
2025   1  11730 GPS  -2267752.019  5009157.940  3221295.363  0.158 -1.094  3.859 2.50 19 2.365 -0.465 2.321 5.030 0.588 4.048 -1.954
2025   1  11760 GPS  -2267751.181  5009157.080  3221294.552 -0.251 -1.219  2.475 2.15 18 2.538 -0.339 2.406 5.203 0.543 4.048 -1.954
2025   1  11790 GPS  -2267751.218  5009157.090  3221294.676 -0.221 -1.125  2.558 2.15 18 2.637 -0.307 2.445 5.321 0.543 4.048 -1.954
2025   1  11820 GPS  -2267751.330  5009157.154  3221294.337 -0.146 -1.470  2.476 2.15 18 2.470 -0.331 2.390 5.443 0.543 4.048 -1.954
2025   1  11850 GPS  -2267751.388  5009156.925  3221294.602  0.002 -1.147  2.451 2.15 18 2.627 -0.294 2.420 5.215 0.543 4.048 -1.954
2025   1  11880 GPS  -2267751.768  5009157.206  3221294.698  0.233 -1.274  2.856 2.15 18 2.477 -0.340 2.350 5.184 0.543 4.048 -1.954
2025   1  11910 GPS  -2267752.287  5009157.557  3221295.072  0.561 -1.223  3.506 2.15 17 2.393 -0.359 2.326 5.299 0.575 4.048 -1.954
2025   1  11940 GPS  -2267751.526  5009156.813  3221294.332  0.174 -1.358  2.275 2.15 18 2.343 -0.364 2.313 5.447 0.543 4.048 -1.954
2025   1  11970 GPS  -2267750.945  5009156.407  3221294.236 -0.188 -1.130  1.701 2.15 18 2.450 -0.325 2.370 5.378 0.543 4.048 -1.954
2025   1  12000 GPS  -2267751.856  5009157.607  3221294.939  0.147 -1.271  3.325 2.15 18 2.382 -0.395 2.389 5.763 0.543 4.048 -1.954
2025   1  12030 GPS  -2267751.436  5009156.711  3221294.361  0.134 -1.266  2.178 2.15 18 2.450 -0.342 2.423 5.742 0.543 4.048 -1.954
2025   1  12060 GPS  -2267751.276  5009156.673  3221294.399  0.004 -1.182  2.111 2.15 18 2.416 -0.416 2.529 6.579 0.543 4.048 -1.954
2025   1  12090 GPS  -2267751.485  5009156.825  3221294.621  0.132 -1.105  2.417 2.14 18 2.484 -0.353 2.520 6.233 0.543 4.048 -1.954
2025   1  12120 GPS  -2267751.186  5009156.724  3221294.077 -0.099 -1.464  1.956 2.14 18 2.335 -0.278 2.228 4.873 0.543 4.048 -1.954
2025   1  12150 GPS  -2267752.190  5009157.510  3221294.820  0.491 -1.399  3.306 2.52 18 2.420 -0.451 2.436 5.835 0.543 4.048 -1.954
2025   1  12180 GPS  -2267752.426  5009157.687  3221294.766  0.633 -1.576  3.502 2.52 18 2.484 -0.482 2.534 6.123 0.543 4.048 -1.954
2025   1  12210 GPS  -2267752.005  5009157.318  3221294.584  0.402 -1.474  2.970 2.52 18 2.407 -0.467 2.443 5.842 0.543 4.048 -1.954
2025   1  12240 GPS  -2267752.152  5009157.634  3221294.990  0.406 -1.302  3.476 2.52 18 2.374 -0.479 2.467 6.126 0.543 4.048 -1.954
2025   1  12270 GPS  -2267752.270  5009157.120  3221294.593  0.725 -1.430  2.913 2.52 19 2.382 -0.464 2.424 5.850 0.514 4.048 -1.954
2025   1  12300 GPS  -2267752.210  5009157.182  3221294.617  0.645 -1.426  2.953 2.52 19 2.436 -0.490 2.488 6.025 0.514 4.048 -1.954
2025   1  12330 GPS  -2267752.733  5009157.760  3221295.082  0.883 -1.403  3.829 2.52 19 2.399 -0.506 2.501 6.237 0.514 4.048 -1.954
2025   1  12360 GPS  -2267752.305  5009157.612  3221294.769  0.554 -1.514  3.401 2.48 19 2.196 -0.375 2.325 5.828 0.514 4.048 -1.954
2025   1  12390 GPS  -2267752.739  5009157.295  3221294.908  1.080 -1.338  3.377 2.31 20 2.118 -0.436 2.254 5.707 0.558 4.048 -1.954
2025   1  12420 GPS  -2267752.234  5009156.626  3221294.702  0.896 -1.101  2.568 2.31 19 2.021 -0.484 2.250 5.203 0.588 4.048 -1.954
2025   1  12450 GPS  -2267752.588  5009157.323  3221295.061  0.931 -1.188  3.423 2.47 18 2.186 -0.377 2.249 5.352 0.543 4.048 -1.954
2025   1  12480 GPS  -2267751.938  5009156.704  3221294.677  0.594 -1.096  2.512 2.12 18 2.298 -0.317 2.385 5.935 0.543 4.048 -1.954
2025   1  12510 GPS  -2267751.965  5009156.775  3221294.735  0.589 -1.085  2.606 2.12 18 2.262 -0.320 2.339 5.794 0.543 4.048 -1.954
2025   1  12540 GPS  -2267752.014  5009156.579  3221294.696  0.715 -1.038  2.450 2.12 18 2.349 -0.296 2.309 5.144 0.543 4.048 -1.954
2025   1  12570 GPS  -2267751.837  5009156.133  3221294.224  0.738 -1.201  1.797 2.12 18 2.202 -0.391 2.286 5.542 0.543 4.048 -1.954
2025   1  12600 GPS  -2267751.850  5009156.478  3221294.647  0.607 -0.999  2.288 2.12 18 2.315 -0.510 2.476 6.396 0.543 4.048 -1.954
2025   1  12630 GPS  -2267752.077  5009157.126  3221295.006  0.546 -1.037  3.059 2.11 17 2.168 -0.386 2.338 6.124 0.575 4.048 -1.954
2025   1  12660 GPS  -2267751.805  5009157.233  3221294.771  0.255 -1.232  2.927 2.11 17 2.256 -0.339 2.445 6.146 0.575 4.048 -1.954
2025   1  12690 GPS  -2267751.912  5009156.811  3221294.916  0.526 -0.934  2.708 2.08 18 2.119 -0.308 2.274 5.926 0.543 4.048 -1.954
2025   1  12720 GPS  -2267751.761  5009156.615  3221294.866  0.469 -0.855  2.475 2.08 18 2.088 -0.263 2.277 5.674 0.543 4.048 -1.954
2025   1  12750 GPS  -2267751.654  5009157.039  3221294.563  0.198 -1.290  2.616 2.08 18 2.056 -0.240 2.301 5.826 0.543 4.048 -1.954
2025   1  12780 GPS  -2267751.823  5009156.979  3221294.711  0.376 -1.170  2.703 2.08 18 2.117 -0.269 2.334 5.912 0.543 4.048 -1.954
2025   1  12810 GPS  -2267751.949  5009156.841  3221294.839  0.548 -1.022  2.706 2.08 18 2.095 -0.326 2.290 5.907 0.543 4.048 -1.954
2025   1  12840 GPS  -2267752.134  5009156.473  3221294.365  0.868 -1.299  2.241 2.05 18 2.180 -0.684 2.830 7.167 0.543 4.048 -1.954
2025   1  12870 GPS  -2267751.948  5009156.295  3221294.478  0.772 -1.081  2.093 2.05 18 2.062 -0.741 2.790 7.374 0.543 4.048 -1.954
2025   1  12900 GPS  -2267751.734  5009156.187  3221294.595  0.621 -0.885  1.992 2.05 18 2.121 -0.795 2.885 7.286 0.543 4.048 -1.954
2025   1  12930 GPS  -2267752.068  5009156.659  3221294.785  0.731 -1.009  2.578 1.96 19 1.989 -0.586 2.802 7.933 0.588 4.048 -1.954
2025   1  12960 GPS  -2267751.302  5009155.674  3221294.415  0.439 -0.711  1.344 1.96 19 2.072 -0.680 2.880 7.858 0.588 4.048 -1.954
2025   1  12990 GPS  -2267751.389  5009155.311  3221294.133  0.669 -0.805  0.947 1.96 19 1.978 -0.619 2.742 7.547 0.588 4.048 -1.954
2025   1  13020 GPS  -2267751.402  5009155.890  3221294.090  0.442 -1.112  1.385 2.03 19 2.057 -0.668 2.943 8.490 0.588 4.048 -1.954
2025   1  13050 GPS  -2267751.660  5009156.058  3221294.429  0.607 -0.952  1.780 2.03 19 2.076 -0.705 2.896 8.021 0.588 4.048 -1.954
2025   1  13080 GPS  -2267751.438  5009155.704  3221294.391  0.551 -0.775  1.404 2.03 19 1.955 -0.714 2.898 8.427 0.588 4.048 -1.954
2025   1  13110 GPS  -2267751.280  5009154.697  3221294.269  0.822 -0.381  0.496 2.03 19 1.983 -0.702 2.676 7.925 0.588 4.048 -1.954
2025   1  13140 GPS  -2267751.775  5009155.119  3221294.243  1.099 -0.702  0.990 2.03 19 2.017 -0.665 2.695 7.307 0.588 4.048 -1.954
2025   1  13170 GPS  -2267751.795  5009155.697  3221294.683  0.879 -0.595  1.674 2.03 19 2.051 -0.760 2.757 7.284 0.588 4.048 -1.954
2025   1  13200 GPS  -2267751.896  5009155.732  3221294.688  0.957 -0.628  1.740 2.03 19 2.040 -0.809 2.802 7.115 0.588 4.048 -1.954
2025   1  13230 GPS  -2267751.888  5009155.609  3221294.483  1.000 -0.745  1.536 2.03 19 1.978 -0.676 2.722 7.053 0.588 4.048 -1.954
2025   1  13260 GPS  -2267751.272  5009154.633  3221294.005  0.841 -0.577  0.308 2.03 19 2.031 -0.659 2.671 7.244 0.588 4.048 -1.954
2025   1  13290 GPS  -2267751.353  5009154.819  3221294.167  0.838 -0.540  0.566 2.03 19 2.020 -0.713 2.754 7.857 0.588 4.048 -1.954
2025   1  13320 GPS  -2267751.304  5009154.230  3221294.130  1.037 -0.289  0.067 2.03 19 1.973 -0.610 2.573 6.252 0.588 4.048 -1.954
2025   1  13350 GPS  -2267751.417  5009154.492  3221294.121  1.032 -0.442  0.308 2.03 19 1.998 -0.810 2.711 6.807 0.588 4.048 -1.954
2025   1  13380 GPS  -2267751.330  5009154.800  3221293.929  0.825 -0.731  0.421 2.03 19 2.109 -0.725 2.756 7.288 0.588 4.048 -1.954
2025   1  13410 GPS  -2267751.493  5009154.267  3221294.172  1.194 -0.309  0.185 2.03 19 2.055 -0.740 2.650 6.333 0.588 4.048 -1.954
2025   1  13440 GPS  -2267751.448  5009154.470  3221294.082  1.069 -0.472  0.282 2.03 19 2.008 -0.708 2.653 7.196 0.588 4.048 -1.954
2025   1  13470 GPS  -2267751.391  5009154.388  3221294.344  1.051 -0.196  0.331 2.03 19 2.047 -0.660 2.573 7.045 0.588 4.048 -1.954
2025   1  13500 GPS  -2267750.959  5009154.646  3221294.058  0.551 -0.472  0.234 2.03 19 2.112 -0.732 2.822 7.441 0.588 4.048 -1.954
2025   1  13530 GPS  -2267750.957  5009154.782  3221294.073  0.492 -0.521  0.348 2.03 19 2.117 -0.791 2.809 7.063 0.588 4.048 -1.954
2025   1  13560 GPS  -2267751.250  5009154.732  3221294.284  0.780 -0.378  0.520 2.03 19 2.179 -0.734 2.738 6.938 0.588 4.048 -1.954
2025   1  13590 GPS  -2267751.062  5009155.201  3221294.048  0.416 -0.759  0.702 2.03 19 2.191 -0.856 2.963 7.951 0.588 4.048 -1.954
2025   1  13620 GPS  -2267751.423  5009154.864  3221294.263  0.884 -0.493  0.675 2.03 19 2.017 -0.811 2.794 7.621 0.588 4.048 -1.954
2025   1  13650 GPS  -2267751.652  5009155.237  3221294.177  0.938 -0.788  1.005 2.03 18 2.081 -0.815 2.849 7.787 0.620 4.048 -1.954
2025   1  13680 GPS  -2267751.558  5009155.239  3221294.641  0.852 -0.369  1.209 2.03 18 2.108 -0.854 2.862 8.024 0.620 4.048 -1.954
2025   1  13710 GPS  -2267752.033  5009154.904  3221294.536  1.423 -0.404  1.062 2.02 18 2.049 -0.758 2.650 6.849 0.620 4.048 -1.954
2025   1  13740 GPS  -2267751.361  5009154.793  3221294.529  0.856 -0.218  0.732 2.02 18 2.072 -0.828 2.724 6.807 0.620 4.048 -1.954
2025   1  13770 GPS  -2267751.330  5009155.558  3221294.403  0.512 -0.674  1.257 2.02 18 2.120 -0.800 2.915 8.229 0.620 4.048 -1.954
2025   1  13800 GPS  -2267751.362  5009155.521  3221294.602  0.557 -0.493  1.341 2.02 19 2.148 -0.822 2.890 8.099 0.588 4.048 -1.954
2025   1  13830 GPS  -2267751.387  5009154.795  3221294.434  0.879 -0.306  0.694 2.02 19 1.959 -0.683 2.546 7.009 0.588 4.048 -1.954
2025   1  13860 GPS  -2267751.532  5009154.743  3221294.327  1.033 -0.405  0.651 2.02 19 2.015 -0.762 2.733 7.085 0.588 4.048 -1.954
2025   1  13890 GPS  -2267751.021  5009154.399  3221294.570 0.709 0.071 0.323 2.02 19 1.936 -0.689 2.472 6.647 0.588 4.048 -1.954
2025   1  13920 GPS  -2267751.669  5009154.945  3221294.825  1.074 -0.098  1.111 2.02 19 2.035 -0.703 2.653 7.368 0.588 4.048 -1.954
2025   1  13950 GPS  -2267751.484  5009153.606  3221294.692  1.458  0.446 -0.073 2.13 19 1.895 -0.315 2.595 6.330 0.588 4.048 -1.954
2025   1  13980 GPS  -2267750.632  5009152.769  3221294.167  1.027  0.560 -1.300 2.14 19 1.871 -0.371 2.477 5.531 0.588 4.048 -1.954
2025   1  14010 GPS  -2267750.714  5009152.317  3221294.011  1.288  0.617 -1.704 2.14 19 1.835 -0.314 2.359 5.014 0.588 4.048 -1.954
2025   1  14040 GPS  -2267750.754  5009152.004  3221293.969  1.454  0.717 -1.957 2.14 19 1.799 -0.315 2.220 5.011 0.588 4.048 -1.954
2025   1  14070 GPS  -2267750.791  5009151.753  3221293.959  1.591  0.817 -2.145 2.14 19 1.855 -0.197 2.152 4.859 0.588 4.048 -1.954
2025   1  14100 GPS  -2267751.182  5009152.941  3221294.469  1.457  0.625 -0.816 2.14 19 1.921 -0.279 2.523 5.476 0.588 4.048 -1.954
2025   1  14130 GPS  -2267751.087  5009152.113  3221294.324  1.713  0.903 -1.573 2.14 19 1.938 -0.329 2.485 5.002 0.588 4.048 -1.954
2025   1  14160 GPS  -2267751.090  5009152.328  3221294.409  1.626  0.876 -1.360 2.15 19 1.938 -0.258 2.421 4.894 0.588 4.048 -1.954
2025   1  14190 GPS  -2267750.958  5009152.046  3221294.076  1.622  0.747 -1.797 2.15 19 1.911 -0.265 2.257 4.843 0.588 4.048 -1.954
2025   1  14220 GPS  -2267750.753  5009152.020  3221293.998  1.447  0.735 -1.929 2.15 19 1.952 -0.294 2.401 4.837 0.588 4.048 -1.954
2025   1  14250 GPS  -2267751.390  5009152.713  3221294.546  1.741  0.753 -0.881 2.22 19 1.932 -0.114 2.185 4.760 0.588 4.048 -1.954
2025   1  14280 GPS  -2267751.089  5009152.416  3221294.600  1.589  1.000 -1.194 2.23 19 1.868 -0.164 2.166 4.601 0.588 4.048 -1.954
2025   1  14310 GPS  -2267750.981  5009152.734  3221294.854  1.360  1.094 -0.853 2.23 19 1.977 -0.218 2.466 5.497 0.588 4.048 -1.954
2025   1  14340 GPS  -2267750.869  5009152.743  3221294.703  1.254  0.984 -0.963 2.23 19 2.054 -0.139 2.561 6.173 0.588 4.048 -1.954
2025   1  14370 GPS  -2267750.722  5009152.173  3221294.821  1.355  1.379 -1.402 2.01 19 2.011 0.179 2.388 6.224 0.588 4.048 -1.954
2025   1  14400 GPS  -2267750.530  5009151.695  3221294.245  1.377  1.145 -2.139 2.01 19 1.914 0.027 2.223 5.096 0.588 4.048 -1.954
2025   1  14430 GPS  -2267750.291  5009151.582  3221294.036  1.206  1.068 -2.418 2.02 19 2.059 -0.042 2.518 5.438 0.588 4.048 -1.954
2025   1  14460 GPS  -2267750.160  5009152.088  3221294.429  0.878  1.199 -1.868 2.06 18 1.938 -0.007 2.175 4.500 0.644 4.048 -1.954
2025   1  14490 GPS  -2267750.024  5009152.034  3221294.426  0.777  1.250 -1.961 2.07 18 2.014 0.018 2.335 5.244 0.644 4.048 -1.954
2025   1  14520 GPS  -2267750.345  5009152.291  3221294.401  0.962  1.043 -1.657 2.14 18 2.073 0.312 2.030 4.611 0.644 4.048 -1.954
2025   1  14550 GPS  -2267750.136  5009152.958  3221294.648  0.498  0.990 -1.083 2.14 18 1.916 0.208 1.863 4.192 0.644 4.048 -1.954
2025   1  14580 GPS  -2267750.396  5009153.553  3221295.113  0.489  1.061 -0.287 2.15 18 1.983 0.151 1.911 4.365 0.644 4.048 -1.954
2025   1  14610 GPS  -2267749.979  5009152.516  3221294.400  0.537  1.014 -1.611 2.11 19 2.192 -0.062 2.587 6.417 0.588 4.048 -1.954
2025   1  14640 GPS  -2267750.487  5009152.940  3221294.748  0.824  1.012 -0.922 2.12 19 1.973 0.197 2.009 4.538 0.588 4.048 -1.954
2025   1  14670 GPS  -2267750.832  5009153.680  3221295.293 0.834 1.066 0.059 2.16 18 2.116 0.349 2.172 5.035 0.644 4.048 -1.954
2025   1  14700 GPS  -2267750.353  5009152.571  3221294.822  0.855  1.274 -1.221 2.17 18 2.079 0.369 2.173 5.161 0.644 4.048 -1.954
2025   1  14730 GPS  -2267750.257  5009152.195  3221294.887  0.922  1.524 -1.517 2.10 19 2.049 0.222 2.141 5.070 0.588 4.048 -1.954
2025   1  14760 GPS  -2267750.057  5009151.847  3221294.906  0.883  1.743 -1.851 2.10 19 2.047 0.220 2.095 5.103 0.588 4.048 -1.954
2025   1  14790 GPS  -2267750.169  5009151.615  3221294.747  1.081  1.690 -2.074 2.11 19 2.041 0.263 2.070 4.796 0.588 4.048 -1.954
2025   1  14820 GPS  -2267749.946  5009152.027  3221295.103  0.708  1.853 -1.649 2.11 19 2.093 0.461 2.347 5.389 0.588 4.048 -1.954
2025   1  14850 GPS  -2267749.766  5009151.450  3221294.743  0.782  1.847 -2.349 2.15 18 2.165 0.196 2.204 5.521 0.636 4.048 -1.954
2025   1  14880 GPS  -2267750.072  5009152.109  3221295.388  0.789  2.034 -1.396 2.13 19 2.158 0.623 2.908 7.918 0.588 4.048 -1.954
2025   1  14910 GPS  -2267749.689  5009151.251  3221294.812  0.794  2.015 -2.497 2.16 18 2.193 0.122 2.190 5.038 0.636 4.048 -1.954
2025   1  14940 GPS  -2267749.554  5009151.988  3221294.949  0.367  1.820 -1.898 2.17 18 2.143 0.128 2.131 4.838 0.636 4.048 -1.954
2025   1  14970 GPS  -2267750.241  5009152.724  3221295.139  0.689  1.500 -0.980 2.09 19 2.115 0.326 2.550 5.668 0.602 4.048 -1.954
2025   1  15000 GPS  -2267749.622  5009151.354  3221295.042  0.691  2.180 -2.323 2.09 19 2.086 0.156 2.370 5.441 0.602 4.048 -1.954
2025   1  15030 GPS  -2267749.533  5009151.457  3221295.125  0.567  2.222 -2.232 2.10 19 1.971 0.207 2.034 4.907 0.602 4.048 -1.954
2025   1  15060 GPS  -2267749.669  5009151.108  3221294.778  0.835  2.057 -2.635 2.10 20 1.966 0.233 2.164 4.646 0.503 4.048 -1.954
2025   1  15090 GPS  -2267749.855  5009151.305  3221294.855  0.923  1.993 -2.375 2.10 20 1.979 0.317 2.168 4.727 0.503 4.048 -1.954
2025   1  15120 GPS  -2267749.831  5009151.105  3221294.790  0.983  2.034 -2.573 2.11 20 1.916 0.213 2.280 5.047 0.503 4.048 -1.954
2025   1  15150 GPS  -2267750.114  5009152.140  3221295.072  0.815  1.739 -1.517 2.11 20 1.773 0.085 1.968 4.559 0.503 4.048 -1.954
2025   1  15180 GPS  -2267750.106  5009151.510  3221295.198  1.067  2.140 -1.950 2.11 19 1.834 0.117 2.135 5.534 0.375 4.048 -1.954
2025   1  15210 GPS  -2267749.904  5009151.195  3221295.046  1.013  2.197 -2.347 2.12 19 1.946 0.160 2.055 5.265 0.375 4.048 -1.954
2025   1  15240 GPS  -2267749.936  5009151.279  3221295.179  1.008  2.267 -2.202 2.16 18 1.965 0.310 2.067 5.486 0.419 4.048 -1.954
2025   1  15270 GPS  -2267749.939  5009151.292  3221295.109  1.005  2.200 -2.226 2.16 18 2.046 0.294 2.214 6.154 0.419 4.048 -1.954
2025   1  15300 GPS  -2267749.784  5009150.990  3221294.969  0.989  2.251 -2.589 2.13 19 1.811 0.237 1.948 5.218 0.375 4.048 -1.954
2025   1  15330 GPS  -2267749.527  5009151.162  3221294.981  0.683  2.236 -2.539 2.17 18 1.989 0.320 2.142 5.522 0.419 4.048 -1.954
2025   1  15360 GPS  -2267749.324  5009151.601  3221295.917  0.317  2.881 -1.791 2.18 19 1.958 -0.086 2.329 4.884 0.375 4.048 -1.954
2025   1  15390 GPS  -2267749.623  5009150.363  3221295.681  1.100  3.188 -2.776 2.24 18 1.856 0.139 1.876 4.067 0.419 4.048 -1.954
2025   1  15420 GPS  -2267749.824  5009152.057  3221296.314  0.585  2.908 -1.054 2.16 19 1.692 -0.034 1.823 4.200 0.375 4.048 -1.954
2025   1  15450 GPS  -2267750.162  5009150.920  3221295.837  1.361  2.952 -2.069 2.21 18 1.653 0.209 1.912 4.989 0.419 4.048 -1.954
2025   1  15480 GPS  -2267750.297  5009151.676  3221296.165  1.173  2.857 -1.261 2.21 18 1.731 0.228 1.941 4.662 0.419 4.048 -1.954
2025   1  15510 GPS  -2267749.888  5009151.237  3221295.625  0.981  2.680 -2.025 2.22 18 1.762 0.361 2.106 5.423 0.419 4.048 -1.954
2025   1  15540 GPS  -2267750.394  5009152.089  3221296.334  1.091  2.791 -0.816 2.22 18 1.780 0.217 1.992 5.335 0.419 4.048 -1.954
2025   1  15570 GPS  -2267750.319  5009151.991  3221296.176  1.062  2.715 -1.000 2.18 19 1.711 0.062 2.173 5.442 0.375 4.048 -1.954
2025   1  15600 GPS  -2267750.205  5009151.878  3221296.008  1.006  2.647 -1.215 2.18 19 1.667 0.163 2.012 5.300 0.375 4.048 -1.954
2025   1  15630 GPS  -2267749.754  5009150.808  3221295.589  1.036  2.876 -2.427 2.09 19 1.804 0.214 2.205 5.151 0.375 4.048 -1.954
2025   1  15660 GPS  -2267749.577  5009150.782  3221295.866  0.886  3.164 -2.370 2.10 19 1.742 0.198 2.080 4.917 0.375 4.048 -1.954
2025   1  15690 GPS  -2267750.308  5009151.897  3221296.279  1.092  2.851 -1.026 2.10 19 1.747 0.167 2.057 5.263 0.375 4.048 -1.954
2025   1  15720 GPS  -2267750.355  5009151.686  3221296.050  1.221  2.741 -1.291 2.11 19 1.746 0.211 1.972 5.006 0.375 4.048 -1.954
2025   1  15750 GPS  -2267750.004  5009151.338  3221295.826  1.045  2.782 -1.803 2.11 19 1.762 0.196 2.015 5.370 0.375 4.048 -1.954
2025   1  15780 GPS  -2267750.142  5009151.548  3221296.067  1.084  2.864 -1.466 2.12 19 1.715 0.220 1.915 5.023 0.375 4.048 -1.954
2025   1  15810 GPS  -2267749.763  5009151.189  3221296.132  0.887  3.165 -1.849 2.12 19 1.869 0.238 2.181 5.896 0.375 4.048 -1.954
2025   1  15840 GPS  -2267749.882  5009151.819  3221296.375  0.736  3.059 -1.190 2.12 19 1.846 0.168 2.165 5.747 0.375 4.048 -1.954
2025   1  15870 GPS  -2267750.022  5009152.005  3221296.536  0.787  3.081 -0.912 2.13 19 1.882 0.225 2.256 6.069 0.375 4.048 -1.954
2025   1  15900 GPS  -2267749.861  5009151.642  3221296.242  0.790  3.030 -1.404 2.13 19 1.758 0.193 2.190 5.807 0.375 4.048 -1.954
2025   1  15930 GPS  -2267750.093  5009151.663  3221296.683  0.993  3.351 -1.080 2.14 19 1.861 0.185 2.229 5.860 0.375 4.048 -1.954
2025   1  15960 GPS  -2267750.089  5009152.181  3221296.582  0.775  3.025 -0.727 2.14 19 1.764 0.123 2.092 5.309 0.375 4.048 -1.954
2025   1  15990 GPS  -2267750.370  5009152.180  3221296.468  1.031  2.869 -0.685 2.14 19 1.775 0.214 2.029 5.451 0.375 4.048 -1.954
2025   1  16020 GPS  -2267750.491  5009152.639  3221296.881  0.952  2.987 -0.073 2.15 19 1.727 0.116 1.908 4.801 0.375 4.048 -1.954
2025   1  16050 GPS  -2267749.790  5009151.885  3221296.407  0.625  3.075 -1.154 2.15 19 1.686 0.161 1.917 5.138 0.375 4.048 -1.954
2025   1  16080 GPS  -2267750.000  5009151.737  3221296.922  0.876  3.543 -0.934 2.15 19 1.784 0.200 2.011 5.617 0.375 4.048 -1.954
2025   1  16110 GPS  -2267750.511  5009152.781  3221297.227 0.912 3.216 0.222 2.22 18 1.833 0.243 1.933 4.788 0.419 4.048 -1.954
2025   1  16140 GPS  -2267749.876  5009151.640  3221296.679  0.804  3.404 -1.177 2.22 18 1.810 0.371 2.144 6.213 0.419 4.048 -1.954
2025   1  16170 GPS  -2267749.923  5009151.410  3221296.984  0.942  3.764 -1.187 2.22 18 1.817 0.329 2.077 5.734 0.419 4.048 -1.954
2025   1  16200 GPS  -2267749.927  5009151.506  3221297.016  0.906  3.746 -1.093 2.23 18 1.768 0.346 2.073 6.033 0.419 4.048 -1.954
2025   1  16230 GPS  -2267749.966  5009151.499  3221296.845  0.944  3.594 -1.172 2.23 18 1.711 0.394 2.019 6.046 0.419 4.048 -1.954
2025   1  16260 GPS  -2267750.108  5009152.004  3221297.000  0.865  3.464 -0.647 2.23 18 1.646 0.254 1.875 5.294 0.419 4.048 -1.954
2025   1  16290 GPS  -2267750.042  5009152.064  3221297.235  0.780  3.652 -0.503 2.14 19 1.540 0.253 1.882 5.435 0.375 4.048 -1.954
2025   1  16320 GPS  -2267749.668  5009151.995  3221297.615  0.468  4.090 -0.497 2.14 19 1.491 0.286 1.888 5.561 0.375 4.048 -1.954
2025   1  16350 GPS  -2267750.127  5009152.697  3221297.646 0.597 3.696 0.232 2.14 19 1.500 0.261 1.845 5.241 0.375 4.048 -1.954
2025   1  16380 GPS  -2267749.858  5009151.941  3221297.268  0.664  3.776 -0.648 2.14 19 1.506 0.307 1.919 4.927 0.375 4.048 -1.954
2025   1  16410 GPS  -2267750.086  5009151.511  3221297.062  1.049  3.750 -1.010 2.14 19 1.505 0.316 1.936 5.813 0.342 4.048 -1.954
2025   1  16440 GPS  -2267750.088  5009151.499  3221297.077  1.055  3.768 -1.011 2.06 20 1.463 0.345 2.143 6.436 0.342 4.048 -1.954
2025   1  16470 GPS  -2267749.600  5009150.895  3221296.659  0.860  3.790 -1.870 2.06 20 1.515 0.282 2.204 6.421 0.342 4.048 -1.954
2025   1  16500 GPS  -2267749.550  5009150.824  3221296.828  0.843  3.978 -1.858 2.06 20 1.443 0.283 2.238 6.785 0.342 4.048 -1.954
2025   1  16530 GPS  -2267749.851  5009151.555  3221297.097  0.817  3.809 -1.041 2.15 19 1.436 0.386 2.020 6.300 0.375 4.048 -1.954
2025   1  16560 GPS  -2267749.924  5009152.270  3221297.396  0.588  3.720 -0.301 2.15 19 1.447 0.196 1.898 5.129 0.375 4.048 -1.954
2025   1  16590 GPS  -2267749.880  5009151.989  3221297.577  0.664  4.015 -0.446 2.29 19 1.485 0.311 1.884 5.444 0.375 4.048 -1.954
2025   1  16620 GPS  -2267750.035  5009152.387  3221297.549  0.641  3.775 -0.093 2.29 19 1.428 0.304 1.953 5.892 0.375 4.048 -1.954
2025   1  16650 GPS  -2267750.077  5009152.240  3221297.525  0.739  3.813 -0.205 2.30 19 1.504 0.382 2.075 6.620 0.375 4.048 -1.954
2025   1  16680 GPS  -2267749.722  5009151.526  3221297.264  0.711  3.993 -1.025 2.30 19 1.455 0.358 1.919 5.188 0.375 4.048 -1.954
2025   1  16710 GPS  -2267750.064  5009151.732  3221297.409  0.937  3.951 -0.668 2.30 19 1.517 0.279 1.967 5.266 0.375 4.048 -1.954
2025   1  16740 GPS  -2267749.855  5009151.200  3221297.145  0.967  4.014 -1.294 2.30 19 1.445 0.334 1.893 5.849 0.375 4.048 -1.954
2025   1  16770 GPS  -2267749.946  5009151.448  3221297.022  0.947  3.774 -1.129 2.31 19 1.461 0.332 2.009 5.919 0.375 4.048 -1.954
2025   1  16800 GPS  -2267750.207  5009151.643  3221297.333  1.105  3.897 -0.725 2.31 19 1.414 0.316 1.974 6.068 0.375 4.048 -1.954
2025   1  16830 GPS  -2267749.759  5009151.356  3221297.264  0.815  4.064 -1.144 2.31 19 1.511 0.449 2.006 6.064 0.375 4.048 -1.954
2025   1  16860 GPS  -2267749.987  5009151.891  3221297.399  0.802  3.885 -0.575 2.31 19 1.480 0.369 1.964 5.534 0.375 4.048 -1.954
2025   1  16890 GPS  -2267750.249  5009151.517  3221297.324  1.195  3.939 -0.813 2.31 19 1.442 0.357 2.006 5.894 0.375 4.048 -1.954
2025   1  16920 GPS  -2267749.669  5009151.017  3221297.262  0.873  4.238 -1.443 2.20 20 1.482 0.303 2.094 6.280 0.342 4.048 -1.954
2025   1  16950 GPS  -2267749.702  5009151.318  3221297.416  0.778  4.225 -1.118 2.20 20 1.478 0.351 2.153 6.917 0.342 4.048 -1.954
2025   1  16980 GPS  -2267749.264  5009150.841  3221297.413  0.576  4.534 -1.649 2.21 20 1.557 0.251 1.981 5.242 0.342 4.048 -1.954
2025   1  17010 GPS  -2267749.068  5009150.387  3221297.087  0.585  4.504 -2.240 2.21 20 1.587 0.337 1.897 5.185 0.342 4.048 -1.954
2025   1  17040 GPS  -2267749.452  5009150.591  3221297.271  0.851  4.488 -1.851 2.21 20 1.529 0.298 2.157 6.868 0.342 4.048 -1.954
2025   1  17070 GPS  -2267749.232  5009150.854  3221297.457  0.542  4.573 -1.628 2.21 20 1.453 0.305 2.053 6.245 0.342 4.048 -1.954
2025   1  17100 GPS  -2267749.514  5009151.056  3221297.555  0.715  4.505 -1.319 2.26 19 1.416 0.320 1.860 5.698 0.382 4.048 -1.954
2025   1  17130 GPS  -2267749.283  5009151.065  3221297.083  0.501  4.143 -1.634 2.21 20 1.467 0.372 2.117 6.039 0.342 4.048 -1.954
2025   1  17160 GPS  -2267749.480  5009151.151  3221297.600  0.645  4.506 -1.234 2.26 19 1.542 0.420 1.993 5.708 0.382 4.048 -1.954
2025   1  17190 GPS  -2267749.589  5009151.460  3221297.848  0.617  4.555 -0.827 2.26 19 1.546 0.322 1.990 5.483 0.382 4.048 -1.954
2025   1  17220 GPS  -2267749.367  5009151.603  3221297.717  0.355  4.422 -0.860 2.26 19 1.536 0.233 1.872 5.361 0.382 4.048 -1.954
2025   1  17250 GPS  -2267749.703  5009152.409  3221298.268 0.329 4.453 0.172 2.26 19 1.576 0.274 1.888 5.064 0.382 4.048 -1.954
2025   1  17280 GPS  -2267749.689  5009152.162  3221298.431 0.418 4.710 0.056 2.26 19 1.682 0.274 2.072 5.733 0.382 4.048 -1.954
2025   1  17310 GPS  -2267749.694  5009151.875  3221298.076  0.541  4.537 -0.348 2.26 19 1.508 0.236 1.775 4.885 0.382 4.048 -1.954
2025   1  17340 GPS  -2267749.740  5009152.104  3221298.618 0.489 4.888 0.123 2.26 20 1.600 0.315 1.939 5.091 0.342 4.048 -1.954
2025   1  17370 GPS  -2267749.882  5009152.689  3221298.703 0.377 4.660 0.676 2.26 20 1.585 0.245 1.924 5.245 0.342 4.048 -1.954
2025   1  17400 GPS  -2267749.370  5009152.116  3221298.123  0.146  4.534 -0.251 2.26 20 1.635 0.419 2.083 5.334 0.342 4.048 -1.954
2025   1  17430 GPS  -2267749.686  5009152.093  3221298.284  0.444  4.617 -0.074 2.26 20 1.623 0.422 2.121 5.444 0.342 4.048 -1.954
2025   1  17460 GPS  -2267749.821  5009152.350  3221298.223 0.461 4.417 0.144 2.26 20 1.573 0.321 2.023 5.411 0.342 4.048 -1.954
2025   1  17490 GPS  -2267749.466  5009151.433  3221297.857  0.516  4.601 -0.887 2.26 19 1.649 0.377 2.223 6.073 0.382 4.048 -1.954
2025   1  17520 GPS  -2267749.311  5009151.808  3221298.231  0.221  4.782 -0.458 2.26 20 1.607 0.482 2.234 5.898 0.342 4.048 -1.954
2025   1  17550 GPS  -2267749.859  5009152.311  3221298.356 0.512 4.542 0.195 2.26 20 1.592 0.505 2.329 6.568 0.342 4.048 -1.954
2025   1  17580 GPS  -2267749.665  5009151.929  3221298.487  0.492  4.871 -0.107 2.25 20 1.624 0.430 2.189 5.907 0.342 4.048 -1.954
2025   1  17610 GPS  -2267749.582  5009152.184  3221298.562 0.312 4.836 0.101 2.25 19 1.557 0.411 2.159 5.117 0.382 4.048 -1.954
2025   1  17640 GPS  -2267749.566  5009152.363  3221298.904 0.223 5.051 0.410 2.25 20 1.642 0.413 2.339 5.988 0.342 4.048 -1.954
2025   1  17670 GPS  -2267749.534  5009151.839  3221298.282  0.410  4.764 -0.328 2.30 20 1.478 0.237 1.864 5.629 0.342 4.048 -1.954
2025   1  17700 GPS  -2267749.516  5009151.667  3221298.354  0.465  4.910 -0.433 2.30 20 1.509 0.242 1.923 5.777 0.342 4.048 -1.954
2025   1  17730 GPS  -2267749.329  5009151.507  3221298.441  0.361  5.098 -0.581 2.29 20 1.615 0.291 2.090 6.559 0.342 4.048 -1.954
2025   1  17760 GPS  -2267749.286  5009151.322  3221298.268  0.398  5.044 -0.829 2.29 20 1.559 0.335 2.049 6.224 0.342 4.048 -1.954
2025   1  17790 GPS  -2267748.610  5009149.682  3221297.495  0.458  5.279 -2.749 2.37 20 1.512 0.118 1.384 2.823 0.342 4.048 -1.954
2025   1  17820 GPS  -2267749.033  5009150.008  3221297.618  0.710  5.145 -2.280 2.37 20 1.554 0.079 1.479 3.040 0.342 4.048 -1.954
2025   1  17850 GPS  -2267748.765  5009149.743  3221297.959  0.575  5.617 -2.410 2.36 20 1.556 0.087 1.478 3.144 0.342 4.048 -1.954
2025   1  17880 GPS  -2267749.105  5009149.845  3221297.852  0.842  5.407 -2.264 2.36 19 1.635 0.069 1.567 3.091 0.382 4.048 -1.954
2025   1  17910 GPS  -2267749.144  5009149.871  3221297.801  0.867  5.343 -2.256 2.36 19 1.543 0.118 1.534 2.983 0.382 4.048 -1.954
2025   1  17940 GPS  -2267749.180  5009150.028  3221297.950  0.834  5.391 -2.044 2.35 19 1.635 0.149 1.584 3.179 0.382 4.048 -1.954
2025   1  17970 GPS  -2267749.051  5009150.321  3221298.201  0.596  5.498 -1.732 2.24 19 1.617 0.116 1.514 3.256 0.382 4.048 -1.954
2025   1  18000 GPS  -2267749.061  5009150.236  3221298.375  0.641  5.686 -1.707 2.24 18 1.679 0.025 1.583 3.279 0.403 4.048 -1.954
2025   1  18030 GPS  -2267749.103  5009150.360  3221298.281  0.628  5.538 -1.643 2.24 19 1.532 -0.057 1.433 2.677 0.382 4.048 -1.954
2025   1  18060 GPS  -2267749.153  5009150.842  3221298.432  0.474  5.435 -1.170 2.24 19 1.563 -0.051 1.487 2.846 0.382 4.048 -1.954
2025   1  18090 GPS  -2267748.827  5009150.714  3221298.362  0.231  5.502 -1.422 2.24 18 1.636 -0.013 1.580 2.804 0.403 4.048 -1.954
2025   1  18120 GPS  -2267749.139  5009151.664  3221298.725  0.123  5.310 -0.381 2.24 18 1.633 0.003 1.534 3.016 0.403 4.048 -1.954
2025   1  18150 GPS  -2267748.978  5009150.680  3221298.424  0.382  5.540 -1.363 2.23 18 1.615 0.016 1.520 2.855 0.403 4.048 -1.954
2025   1  18180 GPS  -2267749.117  5009150.806  3221298.392  0.456  5.425 -1.232 2.23 18 1.764 0.040 1.682 3.314 0.403 4.048 -1.954
2025   1  18210 GPS  -2267749.013  5009150.579  3221298.178  0.456  5.367 -1.555 2.23 18 1.699 0.050 1.632 3.136 0.403 4.048 -1.954
2025   1  18240 GPS  -2267749.006  5009151.066  3221298.719  0.248  5.609 -0.900 2.23 18 1.760 -0.031 1.605 3.205 0.403 4.048 -1.954
2025   1  18270 GPS  -2267749.041  5009151.447  3221298.722  0.123  5.428 -0.588 2.23 18 1.758 -0.031 1.605 3.414 0.403 4.048 -1.954
2025   1  18300 GPS  -2267748.866  5009151.331  3221298.546  0.011  5.367 -0.831 2.22 18 1.662 -0.025 1.544 3.094 0.403 4.048 -1.954
2025   1  18330 GPS  -2267748.761  5009151.235  3221297.808 -0.045  4.798 -1.318 2.15 18 1.633 0.100 1.619 3.286 0.403 4.048 -1.954
2025   1  18360 GPS  -2267748.702  5009151.030  3221297.946 -0.014  5.024 -1.429 2.15 18 1.663 0.087 1.602 3.237 0.403 4.048 -1.954
2025   1  18390 GPS  -2267748.688  5009150.944  3221297.957  0.009  5.076 -1.497 2.15 18 1.744 0.152 1.792 4.016 0.403 4.048 -1.954
2025   1  18420 GPS  -2267748.677  5009150.583  3221297.452  0.147  4.811 -2.040 2.15 18 1.669 0.157 1.709 4.046 0.403 4.048 -1.954
2025   1  18450 GPS  -2267748.961  5009151.322  3221298.192  0.102  5.046 -0.983 2.15 18 1.629 0.180 1.609 3.340 0.403 4.048 -1.954
2025   1  18480 GPS  -2267749.072  5009151.676  3221298.346  0.056  4.992 -0.588 2.14 18 1.700 0.192 1.656 3.425 0.403 4.048 -1.954
2025   1  18510 GPS  -2267749.243  5009152.105  3221298.518  0.036  4.906 -0.104 2.14 18 1.625 0.180 1.629 3.670 0.403 4.048 -1.954
2025   1  18540 GPS  -2267749.179  5009151.892  3221298.416  0.065  4.929 -0.345 2.14 18 1.564 0.161 1.647 4.106 0.403 4.048 -1.954
2025   1  18570 GPS  -2267748.882  5009150.970  3221298.043  0.175  5.098 -1.363 2.14 18 1.627 0.196 1.731 4.431 0.403 4.048 -1.954
2025   1  18600 GPS  -2267749.082  5009151.055  3221298.379  0.322  5.305 -1.055 2.14 18 1.653 0.154 1.742 4.306 0.403 4.048 -1.954
2025   1  18630 GPS  -2267748.700  5009150.657  3221297.855  0.138  5.119 -1.769 2.14 18 1.682 0.158 1.794 4.618 0.403 4.048 -1.954
2025   1  18660 GPS  -2267748.098  5009149.986  3221297.721 -0.133  5.440 -2.577 1.99 18 1.754 0.279 1.799 4.471 0.403 4.048 -1.954
2025   1  18690 GPS  -2267748.052  5009149.519  3221297.558  0.017  5.525 -3.043 1.99 18 1.784 0.353 1.982 5.550 0.403 4.048 -1.954
2025   1  18720 GPS  -2267748.570  5009149.729  3221297.661  0.402  5.408 -2.642 1.99 18 1.767 0.384 2.028 5.854 0.403 4.048 -1.954
2025   1  18750 GPS  -2267747.981  5009149.094  3221297.510  0.128  5.695 -3.426 1.99 18 1.740 0.343 1.927 5.363 0.403 4.048 -1.954
2025   1  18780 GPS  -2267748.201  5009149.392  3221297.677  0.205  5.655 -3.029 1.99 18 1.732 0.319 1.948 5.595 0.403 4.048 -1.954
2025   1  18810 GPS  -2267748.249  5009148.932  3221297.570  0.439  5.765 -3.428 1.99 18 1.851 0.339 2.073 5.922 0.403 4.048 -1.954
2025   1  18840 GPS  -2267748.406  5009149.468  3221297.878  0.361  5.751 -2.795 1.99 18 1.954 0.430 2.312 6.955 0.403 4.048 -1.954
2025   1  18870 GPS  -2267748.708  5009149.876  3221297.914  0.467  5.529 -2.350 1.99 18 1.876 0.422 2.224 6.674 0.403 4.048 -1.954
2025   1  18900 GPS  -2267748.550  5009150.091  3221298.308  0.235  5.802 -2.036 1.99 18 1.728 0.350 1.987 5.814 0.403 4.048 -1.954
2025   1  18930 GPS  -2267748.548  5009150.321  3221298.364  0.138  5.744 -1.828 1.99 18 1.860 0.416 2.215 6.684 0.403 4.048 -1.954
2025   1  18960 GPS  -2267748.412  5009149.718  3221298.029  0.263  5.763 -2.520 1.99 18 2.001 0.408 2.387 7.266 0.403 4.048 -1.954
2025   1  18990 GPS  -2267748.386  5009150.201  3221298.277  0.040  5.759 -2.024 1.99 18 1.885 0.412 2.243 6.770 0.403 4.048 -1.954
2025   1  19020 GPS  -2267748.367  5009150.587  3221298.412 -0.136  5.701 -1.660 1.99 18 1.934 0.457 2.345 7.147 0.403 4.048 -1.954
2025   1  19050 GPS  -2267748.361  5009150.539  3221298.700 -0.122  5.972 -1.552 1.99 18 1.935 0.404 2.301 6.963 0.403 4.048 -1.954
2025   1  19080 GPS  -2267748.722  5009150.848  3221298.575  0.079  5.645 -1.246 1.99 18 1.842 0.428 2.233 6.822 0.403 4.048 -1.954
2025   1  19110 GPS  -2267748.377  5009149.910  3221297.964  0.152  5.626 -2.415 1.99 18 1.833 0.476 2.347 7.458 0.403 4.048 -1.954
2025   1  19140 GPS  -2267748.229  5009149.871  3221298.306  0.033  5.969 -2.324 1.99 18 1.873 0.466 2.443 7.936 0.403 4.048 -1.954
2025   1  19170 GPS  -2267748.081  5009149.896  3221298.028 -0.112  5.750 -2.498 1.99 18 1.958 0.517 2.671 8.921 0.403 4.048 -1.954
2025   1  19200 GPS  -2267747.932  5009148.309  3221296.833  0.407  5.485 -4.404 2.05 16 1.791 -0.011 1.463 2.853 0.427 4.048 -1.954
2025   1  19230 GPS  -2267748.035  5009149.763  3221297.895 -0.099  5.706 -2.687 1.99 17 1.978 0.550 2.847 9.778 0.427 4.048 -1.954
2025   1  19260 GPS  -2267748.058  5009148.658  3221297.074  0.378  5.505 -3.962 2.04 16 1.811 -0.040 1.489 2.959 0.427 4.048 -1.954
2025   1  19290 GPS  -2267748.521  5009150.675  3221298.236 -0.032  5.476 -1.625 1.98 17 2.082 0.536 2.895 9.743 0.427 4.048 -1.954
2025   1  19320 GPS  -2267748.352  5009149.798  3221297.755  0.175  5.502 -2.618 2.04 16 1.857 0.018 1.518 3.432 0.427 4.048 -1.954
2025   1  19350 GPS  -2267748.451  5009149.676  3221297.643  0.316  5.442 -2.735 2.04 16 1.900 0.003 1.551 3.277 0.427 4.048 -1.954
2025   1  19380 GPS  -2267748.253  5009148.960  3221297.159  0.431  5.398 -3.613 2.03 16 1.854 0.004 1.513 3.267 0.427 4.048 -1.954
2025   1  19410 GPS  -2267748.122  5009149.694  3221297.682  0.009  5.536 -2.818 2.03 16 1.883 -0.011 1.538 3.263 0.427 4.048 -1.954
2025   1  19440 GPS  -2267748.451  5009149.165  3221297.344  0.526  5.421 -3.288 2.03 16 1.792 0.004 1.464 3.219 0.427 4.048 -1.954
2025   1  19470 GPS  -2267748.116  5009148.803  3221297.247  0.371  5.575 -3.740 2.03 16 1.781 -0.017 1.456 3.114 0.427 4.048 -1.954
2025   1  19500 GPS  -2267748.615  5009149.578  3221298.237  0.506  5.965 -2.452 2.02 16 1.845 0.000 1.506 2.955 0.427 4.048 -1.954
2025   1  19530 GPS  -2267748.265  5009148.661  3221297.443  0.565  5.778 -3.699 2.02 16 1.730 0.047 1.427 2.817 0.427 4.048 -1.954
2025   1  19560 GPS  -2267748.716  5009149.444  3221297.665  0.653  5.513 -2.812 2.01 16 1.773 -0.006 1.448 2.811 0.427 4.048 -1.954
2025   1  19590 GPS  -2267748.161  5009149.267  3221297.255  0.220  5.358 -3.356 2.01 16 1.671 -0.016 1.366 2.855 0.427 4.048 -1.954
2025   1  19620 GPS  -2267748.903  5009150.298  3221297.474  0.471  4.914 -2.172 2.01 16 1.738 -0.077 1.459 3.101 0.427 4.048 -1.954
2025   1  19650 GPS  -2267748.971  5009150.186  3221297.722  0.579  5.165 -2.110 2.00 16 1.923 -0.067 1.598 3.258 0.427 4.048 -1.954
2025   1  19680 GPS  -2267748.779  5009149.946  3221298.051  0.504  5.600 -2.200 2.00 16 1.861 0.029 1.525 3.126 0.427 4.048 -1.954
2025   1  19710 GPS  -2267749.128  5009150.139  3221298.077  0.742  5.460 -1.911 1.99 16 1.879 0.003 1.534 2.965 0.427 4.048 -1.954
2025   1  19740 GPS  -2267749.055  5009149.607  3221298.074  0.895  5.719 -2.355 1.99 16 1.892 -0.008 1.545 3.006 0.427 4.048 -1.954
2025   1  19770 GPS  -2267749.104  5009150.524  3221298.067  0.561  5.278 -1.622 1.98 16 1.951 -0.001 1.593 3.151 0.427 4.048 -1.954
2025   1  19800 GPS  -2267748.752  5009149.869  3221297.806  0.510  5.430 -2.394 1.98 17 1.851 -0.017 1.513 3.105 0.427 4.048 -1.954
2025   1  19830 GPS  -2267747.969  5009150.064  3221297.400 -0.283  5.154 -2.725 2.05 17 1.704 0.249 1.632 3.542 0.427 4.048 -1.954
2025   1  19860 GPS  -2267747.815  5009149.502  3221297.100 -0.192  5.189 -3.374 2.05 17 1.628 0.264 1.571 3.127 0.427 4.048 -1.954
2025   1  19890 GPS  -2267747.901  5009149.332  3221297.176 -0.043  5.314 -3.438 2.05 17 1.513 0.211 1.456 3.315 0.427 4.048 -1.954
2025   1  19920 GPS  -2267748.183  5009149.592  3221297.392  0.106  5.320 -3.024 2.04 17 1.584 0.272 1.574 3.565 0.427 4.048 -1.954
2025   1  19950 GPS  -2267748.060  5009149.689  3221297.238 -0.046  5.169 -3.069 2.04 17 1.598 0.187 1.516 3.414 0.427 4.048 -1.954
2025   1  19980 GPS  -2267748.130  5009149.609  3221297.063  0.051  5.041 -3.197 2.04 18 1.526 0.161 1.462 3.381 0.543 4.048 -1.954
2025   1  20010 GPS  -2267748.047  5009149.174  3221296.959  0.155  5.170 -3.620 2.03 18 1.555 0.212 1.499 3.458 0.543 4.048 -1.954
2025   1  20040 GPS  -2267748.278  5009149.964  3221297.672  0.040  5.370 -2.556 2.03 18 1.665 0.213 1.535 3.341 0.543 4.048 -1.954
2025   1  20070 GPS  -2267748.036  5009150.110  3221297.884 -0.241  5.535 -2.419 2.03 18 1.646 0.221 1.563 3.408 0.543 4.048 -1.954
2025   1  20100 GPS  -2267748.337  5009150.534  3221297.896 -0.142  5.287 -1.974 2.02 18 1.582 0.232 1.521 3.344 0.543 4.048 -1.954
2025   1  20130 GPS  -2267748.642  5009150.809  3221298.127  0.022  5.295 -1.533 2.02 18 1.658 0.210 1.537 3.346 0.543 4.048 -1.954
2025   1  20160 GPS  -2267748.041  5009149.709  3221297.658 -0.072  5.526 -2.847 2.01 18 1.560 0.211 1.468 3.030 0.543 4.048 -1.954
2025   1  20190 GPS  -2267748.007  5009149.983  3221297.298 -0.215  5.096 -2.827 2.01 18 1.589 0.291 1.591 3.351 0.543 4.048 -1.954
2025   1  20220 GPS  -2267747.880  5009149.844  3221297.134 -0.273  5.046 -3.065 2.01 18 1.590 0.286 1.605 3.749 0.543 4.048 -1.954
2025   1  20250 GPS  -2267747.560  5009149.857  3221297.351 -0.571  5.293 -3.058 2.00 18 1.379 0.234 1.466 4.082 0.543 4.048 -1.954
2025   1  20280 GPS  -2267748.071  5009149.576  3221297.492  0.011  5.438 -3.025 2.00 18 1.542 0.181 1.445 3.353 0.543 4.048 -1.954
2025   1  20310 GPS  -2267748.127  5009149.165  3221296.732  0.232  4.962 -3.713 1.99 18 1.578 0.236 1.553 3.699 0.543 4.048 -1.954
2025   1  20340 GPS  -2267748.101  5009149.263  3221296.859  0.167  5.031 -3.582 1.99 18 1.551 0.206 1.547 3.863 0.543 4.048 -1.954
2025   1  20370 GPS  -2267747.994  5009149.210  3221296.970  0.092  5.174 -3.605 1.98 18 1.540 0.246 1.555 3.899 0.543 4.048 -1.954
2025   1  20400 GPS  -2267748.465  5009150.013  3221297.501  0.189  5.161 -2.538 1.98 17 1.597 0.211 1.527 3.402 0.543 4.048 -1.954
2025   1  20430 GPS  -2267748.393  5009149.749  3221297.702  0.233  5.471 -2.669 1.98 17 1.738 0.179 1.652 3.651 0.543 4.048 -1.954
2025   1  20460 GPS  -2267748.159  5009149.811  3221297.836 -0.006  5.607 -2.635 1.97 17 1.634 0.212 1.592 3.752 0.543 4.048 -1.954
2025   1  20490 GPS  -2267748.278  5009149.236  3221297.313  0.340  5.398 -3.310 1.97 17 1.658 0.245 1.621 3.763 0.543 4.048 -1.954
2025   1  20520 GPS  -2267747.935  5009149.841  3221297.651 -0.222  5.480 -2.785 2.11 17 1.630 0.340 1.640 3.516 0.543 4.048 -1.954
2025   1  20550 GPS  -2267748.152  5009150.628  3221297.644 -0.349  5.065 -2.094 2.11 17 1.543 0.285 1.558 3.664 0.543 4.048 -1.954
2025   1  20580 GPS  -2267748.003  5009149.709  3221297.789 -0.106  5.647 -2.794 2.11 17 1.662 0.320 1.679 3.993 0.543 4.048 -1.954
2025   1  20610 GPS  -2267748.057  5009150.145  3221297.792 -0.237  5.436 -2.431 2.11 17 1.516 0.334 1.577 3.840 0.543 4.048 -1.954
2025   1  20640 GPS  -2267748.624  5009149.894  3221297.578  0.383  5.249 -2.536 2.10 17 1.502 0.353 1.586 3.858 0.543 4.048 -1.954
2025   1  20670 GPS  -2267748.188  5009149.759  3221297.277  0.042  5.144 -2.949 2.10 17 1.601 0.340 1.777 5.056 0.543 4.048 -1.954
2025   1  20700 GPS  -2267748.170  5009149.840  3221297.338 -0.007  5.162 -2.862 2.10 16 1.428 0.348 1.644 4.825 0.411 4.048 -1.954
2025   1  20730 GPS  -2267748.103  5009149.264  3221297.606  0.169  5.674 -3.201 2.10 16 1.610 0.364 1.806 5.175 0.411 4.048 -1.954
2025   1  20760 GPS  -2267747.991  5009149.620  3221297.455 -0.080  5.402 -3.038 2.10 16 1.578 0.379 1.798 5.207 0.411 4.048 -1.954
2025   1  20790 GPS  -2267747.752  5009149.111  3221297.403 -0.088  5.643 -3.549 2.09 16 1.650 0.392 1.892 5.535 0.411 4.048 -1.954
2025   1  20820 GPS  -2267747.659  5009149.226  3221297.621 -0.220  5.797 -3.381 2.09 16 1.662 0.412 1.876 5.273 0.411 4.048 -1.954
2025   1  20850 GPS  -2267748.440  5009150.274  3221297.461  0.059  5.011 -2.362 2.09 16 1.561 0.375 1.795 5.197 0.411 4.048 -1.954
2025   1  20880 GPS  -2267747.995  5009150.056  3221297.969 -0.256  5.643 -2.433 2.09 16 1.589 0.368 1.766 4.900 0.411 4.048 -1.954
2025   1  20910 GPS  -2267747.746  5009149.573  3221297.445 -0.284  5.467 -3.167 2.09 17 1.668 0.357 1.799 4.848 0.388 4.048 -1.954
2025   1  20940 GPS  -2267747.866  5009149.852  3221297.834 -0.289  5.648 -2.708 2.08 17 1.683 0.361 1.850 5.136 0.388 4.048 -1.954
2025   1  20970 GPS  -2267748.668  5009151.423  3221299.670 -0.207  6.334 -0.257 2.01 18 1.910 0.661 2.730 8.662 0.388 4.048 -1.954
2025   1  21000 GPS  -2267748.665  5009151.118  3221299.454 -0.084  6.290 -0.608 2.08 19 1.841 0.673 2.797 9.120 0.536 4.048 -1.954
2025   1  21030 GPS  -2267749.066  5009151.224  3221299.476  0.238  6.175 -0.370 2.08 19 1.728 0.625 2.499 7.804 0.536 4.048 -1.954
2025   1  21060 GPS  -2267748.561  5009150.379  3221299.170  0.126  6.409 -1.369 2.08 19 1.785 0.614 2.470 7.638 0.536 4.048 -1.954
2025   1  21090 GPS  -2267748.256  5009150.248  3221298.685 -0.098  6.116 -1.826 2.08 19 1.872 0.666 2.789 8.643 0.536 4.048 -1.954
2025   1  21120 GPS  -2267748.492  5009150.558  3221299.040 -0.011  6.228 -1.318 2.07 18 1.863 0.669 2.630 7.733 0.388 4.048 -1.954
2025   1  21150 GPS  -2267748.679  5009150.648  3221299.365  0.123  6.428 -1.017 2.17 17 1.955 0.680 2.668 7.277 0.411 4.048 -1.954
2025   1  21180 GPS  -2267748.475  5009150.075  3221298.865  0.173  6.305 -1.792 2.17 17 1.829 0.583 2.543 7.098 0.411 4.048 -1.954
2025   1  21210 GPS  -2267748.855  5009150.413  3221299.023  0.380  6.205 -1.312 2.16 18 1.926 0.628 2.629 7.200 0.566 4.048 -1.954
2025   1  21240 GPS  -2267748.605  5009150.194  3221298.808  0.242  6.174 -1.682 2.16 17 1.863 0.623 2.589 7.255 0.411 4.048 -1.954
2025   1  21270 GPS  -2267748.561  5009149.796  3221299.093  0.366  6.612 -1.865 2.16 18 1.803 0.629 2.491 6.872 0.566 4.048 -1.954
2025   1  21300 GPS  -2267748.052  5009149.324  3221298.806  0.098  6.690 -2.562 2.09 18 1.633 0.486 2.325 6.286 0.566 4.048 -1.954
2025   1  21330 GPS  -2267748.488  5009150.161  3221299.476  0.150  6.789 -1.410 2.09 18 1.726 0.400 2.465 6.169 0.566 4.048 -1.954
2025   1  21360 GPS  -2267748.520  5009150.473  3221299.732  0.050  6.858 -1.024 2.09 18 1.774 0.401 2.528 6.210 0.566 4.048 -1.954
2025   1  21390 GPS  -2267748.847  5009150.855  3221299.650  0.191  6.542 -0.650 2.15 17 1.782 0.594 2.194 5.381 0.411 4.048 -1.954
2025   1  21420 GPS  -2267748.512  5009150.595  3221299.649 -0.008  6.732 -0.973 2.15 17 1.823 0.548 2.257 5.504 0.411 4.048 -1.954
2025   1  21450 GPS  -2267748.501  5009150.664  3221299.663 -0.046  6.715 -0.916 2.15 17 1.920 0.524 2.335 5.377 0.411 4.048 -1.954
2025   1  21480 GPS  -2267748.561  5009150.048  3221298.697  0.263  6.155 -1.869 2.34 17 1.662 0.609 2.209 5.133 0.411 4.048 -1.954
2025   1  21510 GPS  -2267749.086  5009150.227  3221298.789  0.668  6.041 -1.495 2.34 17 1.725 0.586 2.291 5.416 0.411 4.048 -1.954
2025   1  21540 GPS  -2267748.219  5009149.832  3221298.504  0.040  6.160 -2.258 2.34 17 1.690 0.627 2.190 5.227 0.411 4.048 -1.954
2025   1  21570 GPS  -2267747.984  5009149.312  3221298.519  0.040  6.463 -2.742 2.35 17 1.693 0.623 2.230 5.549 0.411 4.048 -1.954
2025   1  21600 GPS  -2267747.948  5009149.451  3221299.314 -0.050  7.091 -2.241 2.35 17 1.641 0.577 2.107 5.409 0.411 4.048 -1.954
2025   1  21630 GPS  -2267748.206  5009149.690  3221299.147  0.087  6.782 -2.047 2.35 17 1.654 0.523 2.124 5.536 0.411 4.048 -1.954
2025   1  21660 GPS  -2267747.753  5009149.484  3221299.814 -0.241  7.547 -2.031 2.35 17 1.710 0.610 2.218 6.130 0.411 4.048 -1.954
2025   1  21690 GPS  -2267748.350  5009149.799  3221299.674  0.173  7.155 -1.643 2.35 17 1.680 0.586 2.165 5.736 0.411 4.048 -1.954
2025   1  21720 GPS  -2267748.391  5009149.804  3221299.492  0.208  6.988 -1.717 2.35 17 1.664 0.527 2.132 6.017 0.411 4.048 -1.954
2025   1  21750 GPS  -2267748.605  5009150.122  3221299.405  0.272  6.722 -1.436 2.35 17 1.767 0.575 2.364 6.936 0.411 4.048 -1.954
2025   1  21780 GPS  -2267748.380  5009150.196  3221299.436  0.037  6.761 -1.442 2.35 17 1.610 0.600 2.322 7.269 0.411 4.048 -1.954
2025   1  21810 GPS  -2267748.052  5009149.866  3221299.271 -0.126  6.840 -1.901 2.35 17 1.680 0.633 2.469 7.937 0.411 4.048 -1.954
2025   1  21840 GPS  -2267748.359  5009150.308  3221299.343 -0.029  6.634 -1.408 2.35 17 1.625 0.578 2.214 6.444 0.411 4.048 -1.954
2025   1  21870 GPS  -2267748.295  5009150.388  3221299.489 -0.120  6.736 -1.294 2.35 17 1.714 0.598 2.308 6.779 0.411 4.048 -1.954
2025   1  21900 GPS  -2267748.649  5009150.300  3221299.689  0.238  6.874 -1.136 2.27 17 1.630 0.603 2.213 6.614 0.263 4.048 -1.954
2025   1  21930 GPS  -2267748.094  5009149.715  3221299.411 -0.025  7.021 -1.934 2.27 17 1.701 0.576 2.473 8.147 0.263 4.048 -1.954
2025   1  21960 GPS  -2267746.899  5009148.439  3221298.230 -0.588  6.845 -3.959 2.31 16 1.454 0.058 2.103 5.430 0.263 4.048 -1.954
2025   1  21990 GPS  -2267747.995  5009149.416  3221299.206  0.007  7.004 -2.307 2.22 17 1.709 0.251 3.045 8.265 0.263 4.048 -1.954
2025   1  22020 GPS  -2267746.834  5009147.984  3221298.379 -0.459  7.197 -4.263 2.26 17 1.287 0.115 1.897 4.907 0.427 4.048 -1.954
2025   1  22050 GPS  -2267746.951  5009148.387  3221297.871 -0.519  6.549 -4.164 2.30 16 1.472 0.100 2.198 5.785 0.263 4.048 -1.954
2025   1  22080 GPS  -2267747.490  5009148.995  3221298.051 -0.278  6.310 -3.404 2.30 16 1.276 0.349 1.383 2.597 0.427 4.048 -1.954
2025   1  22110 GPS  -2267746.749  5009148.269  3221297.779 -0.654  6.567 -4.375 2.30 16 1.386 0.104 2.134 5.903 0.263 4.048 -1.954
2025   1  22140 GPS  -2267747.070  5009148.628  3221298.019 -0.510  6.541 -3.857 2.30 16 1.330 0.113 1.856 4.483 0.263 4.048 -1.954
2025   1  22170 GPS  -2267746.913  5009148.375  3221297.907 -0.549  6.594 -4.168 2.30 16 1.535 0.126 2.150 5.111 0.263 4.048 -1.954
2025   1  22200 GPS  -2267747.350  5009148.450  3221297.858 -0.182  6.425 -3.979 2.25 17 1.514 0.052 2.336 6.709 0.427 4.048 -1.954
2025   1  22230 GPS  -2267746.664  5009147.864  3221298.109 -0.565  7.057 -4.555 2.30 16 1.428 0.177 1.883 3.710 0.263 4.048 -1.954
2025   1  22260 GPS  -2267746.812  5009148.519  3221298.168 -0.700  6.773 -3.958 2.29 16 1.523 0.119 2.146 5.098 0.263 4.048 -1.954
2025   1  22290 GPS  -2267747.025  5009148.478  3221298.067 -0.489  6.660 -3.966 2.25 17 1.390 0.139 1.970 4.681 0.427 4.048 -1.954
2025   1  22320 GPS  -2267746.713  5009147.709  3221297.904 -0.456  6.941 -4.764 2.25 17 1.442 0.173 2.021 4.736 0.427 4.048 -1.954
2025   1  22350 GPS  -2267746.801  5009147.886  3221297.880 -0.449  6.820 -4.605 2.24 17 1.469 0.213 2.161 5.355 0.427 4.048 -1.954
2025   1  22380 GPS  -2267747.135  5009147.989  3221297.891 -0.187  6.712 -4.400 2.24 17 1.420 0.202 2.193 5.881 0.427 4.048 -1.954
2025   1  22410 GPS  -2267746.667  5009148.011  3221297.840 -0.622  6.756 -4.575 2.24 17 1.259 0.111 1.994 5.373 0.427 4.048 -1.954
2025   1  22440 GPS  -2267747.091  5009148.044  3221298.146 -0.249  6.915 -4.244 2.24 17 1.461 0.236 2.173 4.824 0.427 4.048 -1.954
2025   1  22470 GPS  -2267746.699  5009147.534  3221297.363 -0.397  6.559 -5.181 2.24 17 1.563 0.302 1.988 3.673 0.427 4.048 -1.954
2025   1  22500 GPS  -2267746.333  5009147.364  3221297.556 -0.660  6.881 -5.346 2.29 16 1.503 0.207 2.102 4.111 0.452 4.048 -1.954
2025   1  22530 GPS  -2267746.486  5009147.100  3221297.322 -0.412  6.770 -5.617 2.29 16 1.644 0.347 2.134 4.536 0.452 4.048 -1.954
2025   1  22560 GPS  -2267746.254  5009147.069  3221297.460 -0.611  6.951 -5.654 2.29 16 1.515 0.264 1.961 4.067 0.452 4.048 -1.954
2025   1  22590 GPS  -2267746.217  5009146.911  3221297.552 -0.579  7.111 -5.745 2.29 17 1.534 0.327 2.102 4.067 0.452 4.048 -1.954
2025   1  22620 GPS  -2267745.919  5009146.886  3221297.513 -0.840  7.152 -5.890 2.28 17 1.624 0.322 2.104 4.245 0.452 4.048 -1.954
2025   1  22650 GPS  -2267745.958  5009146.976  3221297.881 -0.842  7.419 -5.619 2.02 17 1.586 0.239 2.087 3.861 0.452 4.048 -1.954
2025   1  22680 GPS  -2267746.656  5009147.431  3221298.102 -0.394  7.252 -4.901 1.98 18 1.599 0.292 2.023 3.761 0.427 4.048 -1.954
2025   1  22710 GPS  -2267746.160  5009147.330  3221298.109 -0.804  7.409 -5.153 1.98 18 1.498 0.274 2.112 4.414 0.427 4.048 -1.954
2025   1  22740 GPS  -2267746.907  5009147.913  3221297.999 -0.364  6.888 -4.486 1.98 18 1.667 0.190 2.434 5.816 0.427 4.048 -1.954
2025   1  22770 GPS  -2267746.524  5009147.658  3221297.834 -0.607  6.944 -4.906 1.98 18 1.836 0.260 2.531 5.147 0.427 4.048 -1.954
2025   1  22800 GPS  -2267746.473  5009147.023  3221297.907 -0.392  7.311 -5.385 1.98 18 2.028 0.426 2.730 5.280 0.427 4.048 -1.954
2025   1  22830 GPS  -2267746.990  5009147.499  3221297.990 -0.117  7.055 -4.786 1.98 18 1.815 0.356 2.375 4.968 0.427 4.048 -1.954
2025   1  22860 GPS  -2267746.851  5009147.920  3221298.127 -0.418  7.007 -4.436 1.98 18 1.852 0.322 2.516 5.491 0.427 4.048 -1.954
2025   1  22890 GPS  -2267747.060  5009148.287  3221298.315 -0.378  6.954 -3.978 1.98 18 1.670 0.345 2.299 5.595 0.427 4.048 -1.954
2025   1  22920 GPS  -2267746.794  5009147.998  3221298.187 -0.502  7.034 -4.364 1.99 18 1.583 0.345 2.263 5.245 0.427 4.048 -1.954
2025   1  22950 GPS  -2267746.746  5009148.544  3221298.500 -0.770  7.061 -3.794 1.99 18 1.480 0.260 2.453 5.332 0.427 4.048 -1.954
2025   1  22980 GPS  -2267746.326  5009147.733  3221298.391 -0.819  7.431 -4.635 1.99 18 1.588 0.446 2.707 5.916 0.427 4.048 -1.954
2025   1  23010 GPS  -2267746.505  5009148.092  3221298.593 -0.804  7.401 -4.187 1.99 18 1.517 0.320 2.467 5.574 0.427 4.048 -1.954
2025   1  23040 GPS  -2267746.588  5009148.198  3221298.439 -0.771  7.202 -4.153 1.99 18 1.593 0.393 2.581 5.777 0.427 4.048 -1.954
2025   1  23070 GPS  -2267746.262  5009147.911  3221298.271 -0.951  7.258 -4.579 1.99 18 1.555 0.393 2.725 6.697 0.427 4.048 -1.954
2025   1  23100 GPS  -2267745.694  5009147.231  3221298.100 -1.187  7.545 -5.401 1.99 18 1.625 0.338 2.913 6.695 0.427 4.048 -1.954
2025   1  23130 GPS  -2267746.109  5009147.319  3221297.924 -0.845  7.265 -5.274 1.99 18 1.647 0.528 2.981 6.739 0.427 4.048 -1.954
2025   1  23160 GPS  -2267746.255  5009147.148  3221297.183 -0.642  6.676 -5.733 1.99 19 1.594 0.502 2.844 7.806 0.566 4.048 -1.954
2025   1  23190 GPS  -2267746.219  5009147.419  3221297.527 -0.787  6.854 -5.358 1.99 18 1.664 0.575 2.973 7.764 0.566 4.048 -1.954
2025   1  23220 GPS  -2267746.379  5009146.774  3221297.368 -0.375  6.982 -5.888 1.99 18 1.957 0.700 3.316 9.239 0.566 4.048 -1.954
2025   1  23250 GPS  -2267746.363  5009147.209  3221297.777 -0.569  7.137 -5.345 1.99 18 1.826 0.710 3.258 8.449 0.566 4.048 -1.954
2025   1  23280 GPS  -2267746.139  5009145.509  3221294.909 -0.072  5.500 -8.215 2.13 16 1.317 -0.088 1.441 3.205 0.566 4.048 -1.954
2025   1  23310 GPS  -2267746.167  5009146.054  3221294.848 -0.271  5.189 -7.809 2.13 16 1.089 -0.101 1.300 3.065 0.566 4.048 -1.954
2025   1  23340 GPS  -2267745.848  5009145.316  3221294.820 -0.257  5.573 -8.516 2.13 16 1.329 -0.075 1.483 3.420 0.566 4.048 -1.954
2025   1  23370 GPS  -2267745.725  5009145.293  3221294.492 -0.360  5.327 -8.744 2.13 16 1.010 -0.051 1.293 3.484 0.566 4.048 -1.954
2025   1  23400 GPS  -2267746.358  5009145.503  3221294.585  0.130  5.178 -8.307 2.13 16 1.109 0.108 1.637 4.685 0.566 4.048 -1.954
2025   1  23430 GPS  -2267745.887  5009145.081  3221294.045 -0.124  5.007 -9.079 2.12 16 1.054 0.012 1.588 3.824 0.566 4.048 -1.954
2025   1  23460 GPS  -2267745.967  5009145.396  3221294.078 -0.182  4.873 -8.787 2.12 16 1.009 -0.013 1.514 3.531 0.566 4.048 -1.954
2025   1  23490 GPS  -2267746.067  5009145.775  3221294.237 -0.247  4.813 -8.373 2.12 16 1.000 -0.108 1.306 3.567 0.566 4.048 -1.954
2025   1  23520 GPS  -2267746.114  5009145.544  3221294.041 -0.109  4.741 -8.638 2.12 16 1.094 -0.191 1.289 3.434 0.566 4.048 -1.954
2025   1  23550 GPS  -2267746.501  5009145.246  3221294.052  0.366  4.807 -8.729 2.11 16 1.260 -0.005 1.529 3.730 0.566 4.048 -1.954
2025   1  23580 GPS  -2267746.350  5009145.109  3221293.678  0.285  4.581 -9.079 2.11 16 1.350 0.006 1.454 2.897 0.566 4.048 -1.954
2025   1  23610 GPS  -2267746.438  5009144.822  3221294.063  0.485  5.027 -9.078 2.11 16 1.216 0.090 1.549 3.530 0.566 4.048 -1.954
2025   1  23640 GPS  -2267746.236  5009144.723  3221293.733  0.341  4.831 -9.395 2.11 16 1.316 0.103 1.675 4.118 0.566 4.048 -1.954
2025   1  23670 GPS  -2267746.361  5009144.630  3221293.640  0.493  4.767 -9.471 2.10 16 1.106 -0.023 1.388 3.207 0.566 4.048 -1.954
2025   1  23700 GPS  -2267746.378  5009144.173  3221293.066   0.697   4.480 -10.115 2.10 16 1.135 0.119 1.587 4.404 0.566 4.048 -1.954
2025   1  23730 GPS  -2267746.339  5009145.059  3221293.785  0.296  4.698 -9.068 2.10 16 1.228 0.052 1.725 4.183 0.566 4.048 -1.954
2025   1  23760 GPS  -2267746.415  5009144.900  3221293.481  0.430  4.494 -9.320 2.09 16 1.341 0.043 1.691 3.801 0.566 4.048 -1.954
2025   1  23790 GPS  -2267746.522  5009144.219  3221292.658   0.810   4.078 -10.234 2.09 18 1.343 0.143 1.840 4.729 0.803 5.305 -1.954
2025   1  23820 GPS  -2267746.240  5009144.788  3221293.245  0.318  4.379 -9.590 2.08 18 1.425 0.033 1.985 4.748 0.803 5.305 -1.954
2025   1  23850 GPS  -2267746.106  5009144.606  3221292.955  0.270  4.242 -9.929 1.99 18 1.155 0.048 1.713 4.601 0.803 5.305 -1.954
2025   1  23880 GPS  -2267746.147  5009144.449  3221293.168  0.372  4.489 -9.929 1.99 18 1.196 0.035 1.961 5.106 0.803 5.305 -1.954
2025   1  23910 GPS  -2267746.404  5009144.439  3221293.084  0.611  4.368 -9.888 2.04 17 1.198 0.096 1.907 4.988 0.845 5.305 -1.954
2025   1  23940 GPS  -2267746.092  5009144.578  3221293.106  0.269  4.388 -9.879 2.04 18 1.195 0.027 1.979 5.165 0.803 5.305 -1.954
2025   1  23970 GPS  -2267745.427  5009143.853  3221292.357  -0.037   4.217 -11.064 2.08 16 1.252 -0.252 1.525 4.661 0.845 5.305 -1.954
2025   1  24000 GPS  -2267745.766  5009143.539  3221292.754   0.401   4.634 -10.989 2.03 17 1.306 0.126 2.172 5.879 0.845 5.305 -1.954
2025   1  24030 GPS  -2267746.221  5009144.264  3221292.644   0.516   4.108 -10.313 2.03 17 1.243 0.131 1.985 5.300 0.845 5.305 -1.954
2025   1  24060 GPS  -2267746.316  5009143.878  3221292.166   0.762   3.855 -10.825 2.03 17 1.373 0.163 1.931 4.830 0.845 5.305 -1.954
2025   1  24090 GPS  -2267746.265  5009143.622  3221292.812   0.821   4.541 -10.717 2.03 17 1.351 0.294 1.936 5.615 0.845 5.305 -1.954
2025   1  24120 GPS  -2267746.245  5009143.012  3221291.816   1.055   3.969 -11.708 2.03 17 1.504 0.184 1.955 4.467 0.845 5.305 -1.954
2025   1  24150 GPS  -2267746.098  5009143.861  3221292.779   0.571   4.436 -10.605 2.02 17 1.251 0.276 2.035 5.717 0.845 5.305 -1.954
2025   1  24180 GPS  -2267746.435  5009144.388  3221292.844   0.660   4.178 -10.038 2.02 17 1.189 0.082 1.643 4.217 0.845 5.305 -1.954
2025   1  24210 GPS  -2267746.519  5009144.893  3221292.901  0.528  3.976 -9.584 2.02 17 1.117 0.140 1.789 4.959 0.845 5.305 -1.954
2025   1  24240 GPS  -2267746.604  5009145.162  3221293.457  0.495  4.313 -9.060 2.02 17 1.105 0.087 1.841 5.132 0.667 5.305 -1.954
2025   1  24270 GPS  -2267746.238  5009144.809  3221292.939  0.308  4.107 -9.730 2.02 17 1.087 0.053 1.636 4.328 0.667 5.305 -1.954
2025   1  24300 GPS  -2267745.621  5009144.600  3221293.025  -0.169   4.407 -10.070 2.06 16 0.986 -0.163 1.069 2.832 0.667 5.305 -1.954
2025   1  24330 GPS  -2267746.072  5009144.158  3221292.894   0.424   4.404 -10.322 2.01 17 1.010 0.186 1.644 5.036 0.667 5.305 -1.954
2025   1  24360 GPS  -2267745.646  5009143.378  3221292.477   0.358   4.495 -11.298 2.06 16 1.082 -0.002 1.194 2.783 0.667 5.305 -1.954
2025   1  24390 GPS  -2267746.041  5009142.875  3221292.364   0.925   4.547 -11.609 2.04 17 1.379 0.237 2.126 5.757 0.667 5.305 -1.954
2025   1  24420 GPS  -2267745.889  5009143.049  3221292.082   0.715   4.256 -11.671 2.04 17 1.316 0.286 1.987 5.668 0.667 5.305 -1.954
2025   1  24450 GPS  -2267745.918  5009144.003  3221292.757   0.349   4.389 -10.569 2.04 17 1.290 0.288 2.106 6.369 0.667 5.305 -1.954
2025   1  24480 GPS  -2267745.780  5009143.467  3221292.371   0.443   4.334 -11.235 2.08 16 1.093 -0.093 1.065 2.376 0.667 5.305 -1.954
2025   1  24510 GPS  -2267745.613  5009143.640  3221292.507   0.220   4.406 -11.089 2.08 16 1.180 -0.061 1.109 2.154 0.667 5.305 -1.954
2025   1  24540 GPS  -2267745.354  5009143.055  3221291.996   0.225   4.291 -11.899 2.08 16 1.111 -0.104 1.034 2.184 0.667 5.305 -1.954
2025   1  24570 GPS  -2267745.906  5009143.746  3221292.754   0.443   4.508 -10.776 2.03 17 1.204 0.243 1.983 5.980 0.667 5.305 -1.954
2025   1  24600 GPS  -2267745.393  5009143.568  3221292.465   0.050   4.449 -11.245 2.07 17 1.188 -0.136 1.197 2.941 0.667 5.305 -1.954
2025   1  24630 GPS  -2267745.502  5009144.108  3221292.631  -0.075   4.319 -10.698 2.07 17 1.089 -0.110 1.055 2.419 0.667 5.305 -1.954
2025   1  24660 GPS  -2267745.522  5009143.895  3221292.689   0.032   4.464 -10.828 2.07 17 1.033 -0.099 1.035 2.463 0.667 5.305 -1.954
2025   1  24690 GPS  -2267745.599  5009143.259  3221292.429   0.364   4.518 -11.432 2.06 17 1.098 -0.089 1.162 2.842 0.667 5.305 -1.954
2025   1  24720 GPS  -2267745.715  5009143.513  3221292.390   0.365   4.343 -11.212 2.06 17 1.017 -0.056 1.075 2.484 0.667 5.305 -1.954
2025   1  24750 GPS  -2267745.346  5009144.488  3221294.132 -0.373  5.469 -9.693 2.00 17 1.880 0.568 2.784 9.390 0.706 5.305 -1.954
2025   1  24780 GPS  -2267745.382  5009144.108  3221293.632  -0.183   5.207 -10.232 2.00 17 1.913 0.624 2.779 9.294 0.706 5.305 -1.954
2025   1  24810 GPS  -2267745.403  5009144.368  3221293.776 -0.271  5.207 -9.948 2.00 17 1.879 0.637 2.817 9.335 0.706 5.305 -1.954
2025   1  24840 GPS  -2267745.230  5009144.699  3221294.324 -0.566  5.561 -9.471 2.00 18 1.732 0.585 2.599 8.618 0.690 5.305 -1.954
2025   1  24870 GPS  -2267745.814  5009144.019  3221292.343   0.247   4.047 -10.803 2.05 17 0.947 -0.013 1.056 2.298 0.690 5.305 -1.954
2025   1  24900 GPS  -2267745.043  5009144.410  3221294.232 -0.617  5.655 -9.811 2.00 19 1.658 0.530 2.394 7.895 0.654 5.305 -1.954
2025   1  24930 GPS  -2267745.364  5009144.023  3221292.399  -0.165   4.188 -10.932 2.05 18 0.858 -0.023 0.904 1.948 0.654 5.305 -1.954
2025   1  24960 GPS  -2267745.015  5009144.237  3221293.558  -0.571   5.160 -10.299 1.99 18 1.735 0.502 2.541 8.609 0.654 5.305 -1.954
2025   1  24990 GPS  -2267744.937  5009143.616  3221293.183  -0.386   5.141 -11.004 1.99 18 1.827 0.569 2.664 8.950 0.654 5.305 -1.954
2025   1  25020 GPS  -2267744.812  5009143.265  3221293.334  -0.355   5.460 -11.247 1.99 18 1.667 0.496 2.304 7.626 0.654 5.305 -1.954
2025   1  25050 GPS  -2267744.324  5009142.685  3221293.069  -0.560   5.602 -12.011 1.99 18 1.811 0.533 2.469 8.109 0.654 5.305 -1.954
2025   1  25080 GPS  -2267744.430  5009142.603  3221293.322  -0.430   5.836 -11.909 1.99 18 1.725 0.522 2.358 7.517 0.654 5.305 -1.954
2025   1  25110 GPS  -2267744.657  5009142.863  3221293.149  -0.330   5.518 -11.712 1.99 17 1.754 0.499 2.349 7.375 0.799 5.305 -1.396
2025   1  25140 GPS  -2267744.592  5009143.771  3221293.588  -0.764   5.491 -10.800 1.99 16 1.732 0.444 2.148 6.668 0.846 5.305 -1.396
2025   1  25170 GPS  -2267744.398  5009144.133  3221293.992  -1.091   5.712 -10.379 1.99 17 1.575 0.329 1.930 6.102 0.690 5.305 -1.954
2025   1  25200 GPS  -2267744.546  5009144.257  3221294.047  -1.006   5.670 -10.202 1.99 17 1.639 0.360 1.929 5.951 0.690 5.305 -1.954
2025   1  25230 GPS  -2267744.922  5009144.340  3221294.209 -0.698  5.693 -9.920 1.99 17 1.669 0.372 1.971 5.914 0.690 5.305 -1.954
2025   1  25260 GPS  -2267745.095  5009144.665  3221294.103 -0.674  5.415 -9.658 1.99 17 1.617 0.326 1.912 5.592 0.690 5.305 -1.954
2025   1  25290 GPS  -2267744.423  5009143.899  3221294.026  -0.971   5.844 -10.536 1.80 17 1.664 0.417 1.878 5.146 0.690 5.305 -1.954
2025   1  25320 GPS  -2267744.044  5009143.329  3221295.258  -1.081   7.248 -10.492 1.73 17 2.017 0.135 1.708 3.273 0.690 5.305 -1.954
2025   1  25350 GPS  -2267744.182  5009143.840  3221295.181  -1.166   6.917 -10.082 1.73 17 2.041 0.183 1.798 3.038 0.690 5.305 -1.954
2025   1  25380 GPS  -2267744.303  5009144.439  3221295.760 -1.303  7.113 -9.274 1.73 17 2.119 0.131 1.780 3.510 0.690 5.305 -1.954
2025   1  25410 GPS  -2267743.857  5009144.587  3221295.697 -1.770  7.083 -9.349 1.74 17 2.112 0.231 1.934 3.780 0.690 5.305 -1.954
2025   1  25440 GPS  -2267744.230  5009144.521  3221295.544 -1.403  6.904 -9.345 1.74 17 1.989 0.275 1.943 4.492 0.690 5.305 -1.954
2025   1  25470 GPS  -2267744.150  5009144.839  3221296.038 -1.608  7.200 -8.874 1.85 17 1.977 0.057 1.812 2.868 0.690 5.305 -1.954
2025   1  25500 GPS  -2267744.131  5009144.424  3221295.268 -1.453  6.732 -9.597 1.85 17 1.877 0.019 1.626 2.622 0.690 5.305 -1.954
2025   1  25530 GPS  -2267743.738  5009144.368  3221295.103 -1.789  6.698 -9.865 1.86 17 1.817 0.019 1.660 2.417 0.690 5.305 -1.954
2025   1  25560 GPS  -2267744.042  5009144.397  3221295.392 -1.523  6.870 -9.587 1.86 17 1.865 0.020 1.722 2.645 0.690 5.305 -1.954
2025   1  25590 GPS  -2267743.972  5009145.396  3221295.205 -1.999  6.261 -8.924 1.98 17 1.662 -0.224 1.587 3.108 0.690 5.305 -1.954
2025   1  25620 GPS  -2267744.239  5009145.265  3221295.220 -1.702  6.279 -8.923 1.98 17 1.509 -0.137 1.475 3.128 0.690 5.305 -1.954
2025   1  25650 GPS  -2267744.457  5009145.933  3221295.282 -1.779  5.978 -8.291 1.99 17 1.500 -0.137 1.513 2.750 0.690 5.305 -1.954
2025   1  25680 GPS  -2267744.164  5009145.630  3221295.349 -1.921  6.237 -8.598 1.99 16 1.467 -0.153 1.400 2.521 0.846 5.305 -1.396
2025   1  25710 GPS  -2267743.844  5009145.246  3221294.954 -2.054  6.142 -9.214 2.00 16 1.396 -0.161 1.326 2.562 0.846 5.305 -1.396
2025   1  25740 GPS  -2267743.938  5009145.040  3221294.678 -1.883  5.979 -9.482 2.00 16 1.402 -0.125 1.316 2.233 0.846 5.305 -1.396
2025   1  25770 GPS  -2267744.151  5009145.436  3221295.224 -1.853  6.222 -8.818 2.00 16 1.443 -0.089 1.460 2.327 0.846 5.305 -1.396
2025   1  25800 GPS  -2267743.821  5009144.810  3221294.659 -1.895  6.093 -9.714 2.01 15 1.418 -0.090 1.486 2.465 0.899 5.305 -1.396
2025   1  25830 GPS  -2267744.097  5009144.975  3221295.004 -1.712  6.256 -9.311 2.01 16 1.482 -0.137 1.544 2.773 0.846 5.305 -1.396
2025   1  25860 GPS  -2267744.154  5009145.007  3221294.493 -1.673  5.789 -9.525 2.02 16 1.519 -0.069 1.618 2.997 0.846 5.305 -1.396
2025   1  25890 GPS  -2267744.066  5009144.867  3221294.653 -1.695  6.011 -9.585 2.02 16 1.471 -0.169 1.431 3.048 0.846 5.305 -1.396
2025   1  25920 GPS  -2267743.950  5009144.635  3221294.816 -1.706  6.283 -9.726 2.02 16 1.452 -0.153 1.407 2.608 0.846 5.305 -1.396
2025   1  25950 GPS  -2267743.966  5009144.669  3221294.803 -1.705  6.253 -9.699 2.03 16 1.432 -0.174 1.247 2.690 0.846 5.305 -1.396
2025   1  25980 GPS  -2267744.233  5009145.015  3221294.727 -1.604  5.971 -9.372 2.03 16 1.351 -0.119 1.177 2.447 0.846 5.305 -1.396
2025   1  26010 GPS  -2267744.417  5009145.217  3221294.761 -1.520  5.868 -9.131 2.03 16 1.392 -0.159 1.226 2.330 0.846 5.305 -1.396
2025   1  26040 GPS  -2267743.907  5009144.186  3221294.103  -1.559   5.885 -10.456 2.10 16 1.458 -0.016 1.329 2.245 0.846 5.305 -1.396
2025   1  26070 GPS  -2267743.820  5009144.296  3221294.022  -1.684   5.783 -10.441 2.10 14 1.477 0.017 1.356 2.416 0.899 5.305 -1.396
2025   1  26100 GPS  -2267743.876  5009144.236  3221294.054  -1.608   5.826 -10.452 2.11 14 1.447 0.089 1.390 2.103 0.899 5.305 -1.396
2025   1  26130 GPS  -2267744.055  5009144.092  3221294.108  -1.386   5.903 -10.474 2.11 14 1.395 0.024 1.414 2.225 0.899 5.305 -1.396
2025   1  26160 GPS  -2267744.106  5009144.047  3221294.008  -1.321   5.826 -10.542 2.12 14 1.440 0.016 1.396 2.235 0.899 5.305 -1.396
2025   1  26190 GPS  -2267744.200  5009145.130  3221295.458 -1.682  6.555 -8.922 2.08 15 1.851 0.318 2.677 8.782 0.899 5.305 -1.396
2025   1  26220 GPS  -2267743.922  5009145.038  3221295.355 -1.897  6.567 -9.146 2.09 15 1.862 0.383 2.634 8.523 0.899 5.305 -1.396
2025   1  26250 GPS  -2267744.461  5009145.401  3221295.632 -1.556  6.525 -8.529 2.09 15 1.851 0.403 2.661 8.580 0.899 5.305 -1.396
2025   1  26280 GPS  -2267744.483  5009145.184  3221295.350 -1.446  6.378 -8.834 2.09 15 1.827 0.412 2.618 8.495 0.899 5.305 -1.396
2025   1  26310 GPS  -2267744.727  5009145.892  3221295.507 -1.516  6.133 -8.112 2.10 15 1.837 0.385 2.534 8.206 0.899 5.305 -1.396
2025   1  26340 GPS  -2267744.077  5009145.075  3221295.197 -1.772  6.381 -9.142 2.10 15 1.717 0.360 2.305 7.219 0.899 5.305 -1.396
2025   1  26370 GPS  -2267744.274  5009145.445  3221295.369 -1.744  6.317 -8.694 2.11 15 1.705 0.269 2.398 7.664 0.899 5.305 -1.396
2025   1  26400 GPS  -2267744.101  5009145.250  3221294.928 -1.821  6.063 -9.133 2.11 15 1.759 0.416 2.443 7.358 0.899 5.305 -1.396
2025   1  26430 GPS  -2267744.226  5009145.229  3221294.860 -1.699  5.989 -9.139 2.12 15 1.735 0.459 2.326 6.458 0.899 5.305 -1.396
2025   1  26460 GPS  -2267744.171  5009145.000  3221294.942 -1.654  6.176 -9.297 2.12 15 1.752 0.424 2.338 6.446 0.899 5.305 -1.396
2025   1  26490 GPS  -2267744.109  5009145.115  3221295.261 -1.759  6.411 -9.067 2.12 15 1.676 0.429 2.313 6.675 0.899 5.305 -1.396
2025   1  26520 GPS  -2267744.162  5009145.108  3221295.239 -1.707  6.384 -9.064 2.13 15 1.662 0.456 2.207 6.444 0.899 5.305 -1.396
2025   1  26550 GPS  -2267744.433  5009145.392  3221295.359 -1.578  6.299 -8.684 2.13 15 1.563 0.266 1.964 5.159 0.899 5.305 -1.396
2025   1  26580 GPS  -2267744.260  5009145.267  3221294.984 -1.683  6.071 -9.034 2.13 15 1.552 0.268 1.913 5.191 0.899 5.305 -1.396
2025   1  26610 GPS  -2267744.221  5009144.859  3221295.001 -1.551  6.282 -9.360 2.14 15 1.530 0.284 1.862 5.097 0.899 5.305 -1.396
2025   1  26640 GPS  -2267743.970  5009144.806  3221294.979 -1.757  6.340 -9.502 2.14 16 1.583 0.292 1.972 5.785 0.846 5.305 -1.396
2025   1  26670 GPS  -2267744.267  5009144.644  3221294.679 -1.421  6.095 -9.676 2.14 16 1.614 0.385 1.978 5.682 0.846 5.305 -1.396
2025   1  26700 GPS  -2267744.422  5009144.239  3221294.860 -1.112  6.406 -9.846 2.24 15 1.587 0.295 1.939 4.851 0.899 5.305 -1.396
2025   1  26730 GPS  -2267744.778  5009145.930  3221295.235 -1.485  5.872 -8.203 2.15 16 1.657 0.594 2.510 5.707 0.846 5.305 -1.396
2025   1  26760 GPS  -2267744.268  5009145.280  3221295.106 -1.682  6.167 -8.959 2.15 16 1.608 0.492 2.185 4.650 0.846 5.305 -1.396
2025   1  26790 GPS  -2267743.796  5009144.304  3221294.783  -1.709   6.441 -10.057 2.25 15 1.621 0.312 1.843 4.093 0.899 5.305 -1.396
2025   1  26820 GPS  -2267744.192  5009144.866  3221294.886 -1.580  6.186 -9.423 2.25 15 1.630 0.268 1.833 4.034 0.899 5.305 -1.396
2025   1  26850 GPS  -2267744.052  5009144.993  3221294.978 -1.761  6.235 -9.326 2.25 15 1.726 0.329 1.960 4.264 0.899 5.305 -1.396
2025   1  26880 GPS  -2267744.093  5009145.097  3221295.145 -1.765  6.322 -9.145 2.25 15 1.777 0.266 1.996 4.012 0.899 5.305 -1.396
2025   1  26910 GPS  -2267744.343  5009146.053  3221296.449 -1.932  6.951 -7.643 2.21 16 2.028 0.639 3.146 9.928 0.899 5.305 -1.396
2025   1  26940 GPS  -2267744.267  5009145.642  3221296.340 -1.831  7.063 -8.049 2.21 16 2.169 0.656 3.193 9.862 0.899 5.305 -1.396
2025   1  26970 GPS  -2267744.486  5009145.779  3221296.199 -1.689  6.832 -7.935 2.21 16 2.022 0.609 3.036 9.475 0.899 5.305 -1.396
2025   1  27000 GPS  -2267744.749  5009147.004  3221297.081 -1.955  6.971 -6.433 2.17 16 2.019 0.343 2.869 8.713 0.899 5.305 -1.396
2025   1  27030 GPS  -2267744.215  5009146.545  3221297.094 -2.252  7.305 -6.976 2.17 16 1.917 0.307 2.554 7.248 0.899 5.305 -1.396
2025   1  27060 GPS  -2267744.582  5009146.585  3221297.236 -1.934  7.333 -6.742 2.17 16 2.045 0.344 2.807 7.729 0.899 5.305 -1.396
2025   1  27090 GPS  -2267745.266  5009146.629  3221297.447 -1.329  7.351 -6.357 2.26 16 1.971 0.245 2.584 6.566 0.899 5.305 -1.396
2025   1  27120 GPS  -2267745.477  5009146.964  3221297.482 -1.275  7.182 -6.001 2.27 16 1.750 0.197 2.348 6.118 0.899 5.305 -1.396
2025   1  27150 GPS  -2267745.435  5009147.037  3221297.547 -1.343  7.213 -5.926 2.28 16 1.905 0.126 2.491 5.757 0.899 5.305 -1.396
2025   1  27180 GPS  -2267745.364  5009146.935  3221297.475 -1.365  7.213 -6.068 2.28 16 1.843 0.216 2.397 5.501 0.899 5.305 -1.396
2025   1  27210 GPS  -2267745.614  5009146.933  3221296.950 -1.137  6.709 -6.248 2.29 16 1.729 0.346 2.258 5.620 0.899 5.305 -1.396
2025   1  27240 GPS  -2267745.168  5009146.395  3221296.648 -1.322  6.791 -6.981 2.29 16 1.840 0.271 2.295 4.886 0.899 5.305 -1.396
2025   1  27270 GPS  -2267745.013  5009146.824  3221296.930 -1.640  6.868 -6.557 2.30 16 1.810 0.352 2.386 5.561 0.899 5.305 -1.396
2025   1  27300 GPS  -2267745.769  5009147.224  3221297.195 -1.115  6.753 -5.840 2.30 16 1.749 0.291 2.291 5.147 0.899 5.305 -1.396
2025   1  27330 GPS  -2267745.152  5009146.456  3221297.089 -1.361  7.146 -6.715 2.31 16 1.769 0.274 2.264 5.583 0.899 5.305 -1.396
2025   1  27360 GPS  -2267745.742  5009146.851  3221297.316 -0.987  7.035 -6.081 2.31 16 1.671 0.219 2.213 5.717 0.899 5.305 -1.396
2025   1  27390 GPS  -2267745.962  5009147.301  3221297.379 -0.972  6.835 -5.617 2.32 16 1.698 0.265 2.199 5.785 0.899 5.305 -1.396
2025   1  27420 GPS  -2267745.701  5009146.981  3221296.985 -1.078  6.699 -6.161 2.32 16 1.718 0.266 2.274 6.041 0.899 5.305 -1.396
2025   1  27450 GPS  -2267745.867  5009146.975  3221297.151 -0.924  6.810 -6.022 2.33 16 1.713 0.335 2.318 6.166 0.899 5.305 -1.396
2025   1  27480 GPS  -2267746.118  5009147.029  3221297.253 -0.718  6.820 -5.839 2.33 16 1.679 0.365 2.335 6.987 0.899 5.305 -1.396
2025   1  27510 GPS  -2267746.302  5009147.233  3221296.974 -0.634  6.447 -5.755 2.25 17 1.548 0.345 2.195 7.043 0.780 5.305 -1.396
2025   1  27540 GPS  -2267745.817  5009146.575  3221296.582 -0.805  6.515 -6.644 2.25 17 1.810 0.454 2.577 8.397 0.780 5.305 -1.396
2025   1  27570 GPS  -2267746.132  5009147.555  3221297.166 -0.922  6.498 -5.465 2.26 17 1.727 0.385 2.540 8.274 0.780 5.305 -1.396
2025   1  27600 GPS  -2267745.132  5009146.763  3221295.662 -1.506  5.779 -7.206 2.33 16 1.531 0.070 1.520 2.607 0.780 5.305 -1.396
2025   1  27630 GPS  -2267744.506  5009146.057  3221295.398 -1.786  6.009 -8.117 2.33 16 1.547 0.154 1.523 2.577 0.780 5.305 -1.396
2025   1  27660 GPS  -2267744.771  5009145.881  3221295.610 -1.472  6.219 -8.053 2.33 16 1.486 0.117 1.372 2.275 0.780 5.305 -1.396
2025   1  27690 GPS  -2267744.945  5009146.336  3221295.722 -1.501  6.068 -7.578 2.34 16 1.460 0.180 1.455 2.405 0.780 5.305 -1.396
2025   1  27720 GPS  -2267744.519  5009146.044  3221295.640 -1.768  6.222 -7.999 2.34 15 1.406 0.156 1.434 2.203 0.780 5.305 -1.396
2025   1  27750 GPS  -2267744.587  5009145.939  3221295.327 -1.663  5.986 -8.217 2.35 15 1.452 0.196 1.506 2.339 0.780 5.305 -1.396
2025   1  27780 GPS  -2267744.206  5009145.472  3221294.715 -1.817  5.755 -9.029 2.35 15 1.540 0.243 1.608 2.365 0.780 5.305 -1.396
2025   1  27810 GPS  -2267744.826  5009145.971  3221295.494 -1.458  6.065 -8.021 2.36 15 1.413 0.192 1.457 2.220 0.780 5.305 -1.396
2025   1  27840 GPS  -2267744.680  5009146.446  3221295.718 -1.787  6.069 -7.588 2.36 15 1.401 0.182 1.571 2.879 0.780 5.305 -1.396
2025   1  27870 GPS  -2267744.238  5009146.221  3221295.315 -2.097  5.919 -8.126 2.36 15 1.404 0.175 1.548 2.889 0.780 5.305 -1.396
2025   1  27900 GPS  -2267744.102  5009146.420  3221295.427 -2.304  5.952 -7.961 2.37 15 1.516 0.175 1.682 3.116 0.780 5.305 -1.396
2025   1  27930 GPS  -2267744.700  5009146.619  3221295.565 -1.841  5.853 -7.522 2.37 15 1.426 0.160 1.475 2.398 0.780 5.305 -1.396
2025   1  27960 GPS  -2267744.549  5009147.325  3221295.944 -2.269  5.885 -6.829 2.38 15 1.543 0.183 1.562 2.686 0.780 5.305 -1.396
2025   1  27990 GPS  -2267744.469  5009147.346  3221295.870 -2.351  5.827 -6.879 2.38 15 1.559 0.125 1.592 2.841 0.780 5.305 -1.396
2025   1  28020 GPS  -2267744.830  5009147.566  3221295.751 -2.113  5.547 -6.639 2.38 15 1.560 0.112 1.568 3.102 0.780 5.305 -1.396
2025   1  28050 GPS  -2267744.786  5009147.305  3221295.704 -2.045  5.637 -6.883 2.39 15 1.584 0.116 1.568 3.192 0.780 5.305 -1.396
2025   1  28080 GPS  -2267745.041  5009147.464  3221296.102 -1.878  5.853 -6.465 2.39 15 1.647 0.064 1.641 3.353 0.780 5.305 -1.396
2025   1  28110 GPS  -2267744.914  5009147.122  3221295.508 -1.853  5.526 -7.080 2.39 15 1.575 0.141 1.717 3.097 0.780 5.305 -1.396
2025   1  28140 GPS  -2267745.038  5009146.577  3221295.610 -1.515  5.840 -7.412 2.40 15 1.480 0.176 1.638 3.239 0.780 5.305 -1.396
2025   1  28170 GPS  -2267744.664  5009146.503  3221295.477 -1.826  5.838 -7.671 2.40 15 1.456 0.186 1.621 3.314 0.780 5.305 -1.396
2025   1  28200 GPS  -2267744.846  5009146.789  3221295.730 -1.777  5.886 -7.253 2.40 15 1.544 0.237 1.733 3.375 0.780 5.305 -1.396
2025   1  28230 GPS  -2267744.289  5009146.164  3221295.411 -2.027  6.016 -8.103 2.41 15 1.523 0.171 1.790 3.480 0.780 5.305 -1.396
2025   1  28260 GPS  -2267744.876  5009146.439  3221295.545 -1.606  5.882 -7.611 2.41 15 1.406 0.254 1.622 3.728 0.780 5.305 -1.396
2025   1  28290 GPS  -2267744.594  5009146.364  3221294.918 -1.832  5.436 -8.089 2.29 15 1.536 0.464 2.034 5.305 0.780 5.305 -1.396
2025   1  28320 GPS  -2267743.980  5009145.848  3221294.240 -2.178  5.219 -9.056 2.30 15 1.713 0.494 2.231 5.049 0.780 5.305 -1.396
2025   1  28350 GPS  -2267744.546  5009146.575  3221294.719 -1.963  5.177 -8.041 2.30 15 1.608 0.454 1.967 5.029 0.780 5.305 -1.396
2025   1  28380 GPS  -2267745.375  5009147.574  3221296.179 -1.619  5.798 -6.221 2.18 16 1.951 0.796 3.028 9.386 0.780 5.305 -1.396
2025   1  28410 GPS  -2267745.595  5009147.781  3221296.374 -1.504  5.824 -5.882 2.18 17 2.066 0.817 3.188 10.106 0.780 5.305 -1.396
2025   1  28440 GPS  -2267745.999  5009148.569  3221296.621 -1.461  5.587 -4.994 2.18 17 2.049 0.799 3.201 10.117 0.780 5.305 -1.396
2025   1  28470 GPS  -2267746.131  5009148.696  3221296.792 -1.394  5.649 -4.760 2.19 17 1.958 0.682 3.026 8.883 0.780 5.305 -1.396
2025   1  28500 GPS  -2267745.549  5009148.248  3221296.594 -1.739  5.807 -5.419 2.19 17 2.060 0.737 2.987 8.761 0.780 5.305 -1.396
2025   1  28530 GPS  -2267745.807  5009148.563  3221296.686 -1.634  5.687 -5.034 2.19 17 2.071 0.744 2.967 8.759 0.780 5.305 -1.396
2025   1  28560 GPS  -2267745.869  5009148.551  3221296.615 -1.572  5.618 -5.058 2.19 17 1.960 0.743 3.016 8.408 0.780 5.305 -1.396
2025   1  28590 GPS  -2267745.876  5009148.506  3221296.702 -1.547  5.713 -5.046 2.19 17 1.924 0.713 3.032 7.981 0.780 5.305 -1.396
2025   1  28620 GPS  -2267746.113  5009148.656  3221296.677 -1.393  5.572 -4.857 2.19 17 2.037 0.750 3.017 8.407 0.780 5.305 -1.396
2025   1  28650 GPS  -2267746.225  5009148.446  3221296.335 -1.204  5.351 -5.155 2.19 17 1.980 0.830 2.895 8.032 0.780 5.305 -1.396
2025   1  28680 GPS  -2267745.766  5009148.281  3221296.409 -1.555  5.587 -5.411 2.32 17 2.083 0.870 3.113 8.228 0.780 5.305 -1.396
2025   1  28710 GPS  -2267746.154  5009148.437  3221296.477 -1.266  5.492 -5.116 2.32 17 2.023 0.798 3.031 7.296 0.780 5.305 -1.396
2025   1  28740 GPS  -2267746.290  5009148.924  3221296.867 -1.343  5.574 -4.487 2.33 18 1.945 0.814 2.943 7.318 0.869 5.305 -1.396
2025   1  28770 GPS  -2267746.478  5009148.452  3221296.479 -0.977  5.419 -4.988 2.33 17 2.034 0.898 3.077 7.661 0.780 5.305 -1.396
2025   1  28800 GPS  -2267746.654  5009148.629  3221296.597 -0.889  5.402 -4.726 2.33 17 2.075 0.864 3.270 8.441 0.780 5.305 -1.396
2025   1  28830 GPS  -2267746.294  5009147.979  3221296.089 -0.949  5.341 -5.622 2.34 17 2.043 0.949 3.302 9.558 0.780 5.305 -1.396
2025   1  28860 GPS  -2267746.037  5009146.883  3221295.397 -0.731  5.305 -6.925 2.41 17 1.990 0.558 2.418 6.572 0.780 5.305 -1.396
2025   1  28890 GPS  -2267746.020  5009146.914  3221295.404 -0.760  5.301 -6.903 2.41 17 2.014 0.585 2.470 6.916 0.780 5.305 -1.396
2025   1  28920 GPS  -2267745.818  5009147.419  3221295.461 -1.152  5.158 -6.550 2.41 17 2.227 0.561 2.704 7.420 0.780 5.305 -1.396
2025   1  28950 GPS  -2267746.244  5009147.479  3221295.437 -0.788  5.020 -6.363 2.41 17 2.001 0.478 2.520 6.958 0.780 5.305 -1.396
2025   1  28980 GPS  -2267746.185  5009147.672  3221295.879 -0.922  5.325 -6.009 2.42 17 2.182 0.567 2.604 6.761 0.780 5.305 -1.396
2025   1  29010 GPS  -2267746.424  5009147.346  3221295.837 -0.570  5.389 -6.201 2.42 17 2.114 0.533 2.560 6.453 0.780 5.305 -1.396
2025   1  29040 GPS  -2267746.251  5009147.138  3221295.558 -0.641  5.281 -6.568 2.42 17 2.142 0.500 2.685 6.832 0.780 5.305 -1.396
2025   1  29070 GPS  -2267746.395  5009148.298  3221295.864 -0.989  4.978 -5.451 2.42 17 2.072 0.589 2.565 6.583 0.780 5.305 -1.396
2025   1  29100 GPS  -2267746.736  5009147.900  3221295.764 -0.514  5.005 -5.692 2.42 17 2.039 0.562 2.493 6.076 0.780 5.305 -1.396
2025   1  29130 GPS  -2267746.309  5009147.855  3221295.672 -0.885  5.036 -5.927 2.43 17 2.101 0.508 2.418 5.611 0.780 5.305 -1.396
2025   1  29160 GPS  -2267746.769  5009147.974  3221295.814 -0.514  5.006 -5.597 2.21 18 2.226 0.393 2.433 5.553 0.869 5.305 -1.396
2025   1  29190 GPS  -2267746.800  5009148.075  3221295.698 -0.528  4.853 -5.566 2.21 17 2.261 0.378 2.437 5.383 0.780 5.305 -1.396
2025   1  29220 GPS  -2267747.105  5009148.052  3221295.883 -0.241  4.959 -5.382 2.21 17 2.213 0.428 2.484 4.906 0.780 5.305 -1.396
2025   1  29250 GPS  -2267747.122  5009148.605  3221296.217 -0.453  4.988 -4.772 2.28 17 2.268 0.530 2.413 4.951 0.780 5.305 -1.396
2025   1  29280 GPS  -2267747.362  5009148.774  3221296.479 -0.304  5.085 -4.421 2.28 17 2.348 0.506 2.435 4.443 0.780 5.305 -1.396
2025   1  29310 GPS  -2267747.691  5009148.769  3221296.614 -0.003  5.135 -4.240 2.28 18 2.219 0.478 2.272 4.120 0.869 5.305 -1.396
2025   1  29340 GPS  -2267747.334  5009148.131  3221296.292 -0.064  5.227 -5.030 2.29 18 2.372 0.549 2.527 5.305 0.869 5.305 -1.396
2025   1  29370 GPS  -2267747.386  5009148.609  3221296.383 -0.214  5.074 -4.590 2.29 18 2.448 0.486 2.468 4.587 0.869 5.305 -1.396
2025   1  29400 GPS  -2267747.576  5009149.012  3221296.504 -0.207  4.952 -4.146 2.29 18 2.288 0.478 2.328 4.548 0.869 5.305 -1.396
2025   1  29430 GPS  -2267747.449  5009148.897  3221296.490 -0.275  5.020 -4.288 2.29 18 2.290 0.461 2.268 3.985 0.869 5.305 -1.396
2025   1  29460 GPS  -2267747.786  5009148.793  3221296.480  0.074  4.988 -4.255 2.29 18 2.305 0.467 2.327 4.431 0.869 5.305 -1.396
2025   1  29490 GPS  -2267747.320  5009148.934  3221296.430 -0.409  4.978 -4.335 2.30 18 2.322 0.377 2.260 4.004 0.869 5.305 -1.396
2025   1  29520 GPS  -2267747.839  5009148.892  3221296.204  0.082  4.694 -4.299 2.30 18 2.427 0.566 2.585 5.984 0.869 5.305 -1.396
2025   1  29550 GPS  -2267747.714  5009149.056  3221296.710 -0.099  5.080 -3.957 2.30 17 2.438 0.450 2.433 4.648 0.731 5.305 -1.396
2025   1  29580 GPS  -2267747.880  5009148.987  3221296.338  0.080  4.756 -4.142 2.30 17 2.477 0.537 2.634 5.912 0.731 5.305 -1.396
2025   1  29610 GPS  -2267748.073  5009149.602  3221296.560  0.002  4.623 -3.477 2.30 17 2.342 0.489 2.487 5.541 0.731 5.305 -1.396
2025   1  29640 GPS  -2267747.565  5009149.559  3221296.617 -0.444  4.798 -3.663 2.31 17 2.333 0.499 2.486 5.430 0.731 5.305 -1.396
2025   1  29670 GPS  -2267747.831  5009149.418  3221296.411 -0.142  4.631 -3.784 2.31 17 2.457 0.520 2.558 5.396 0.731 5.305 -1.396
2025   1  29700 GPS  -2267748.052  5009149.427  3221296.545  0.055  4.695 -3.630 2.31 17 2.459 0.579 2.784 6.905 0.731 5.305 -1.396
2025   1  29730 GPS  -2267747.899  5009148.938  3221296.043  0.118  4.520 -4.323 2.31 17 2.535 0.576 2.850 7.179 0.731 5.305 -1.396
2025   1  29760 GPS  -2267747.945  5009148.640  3221296.016  0.282  4.626 -4.554 2.31 17 2.545 0.561 2.828 7.166 0.731 5.305 -1.396
2025   1  29790 GPS  -2267747.825  5009148.739  3221296.004  0.132  4.595 -4.525 2.32 17 2.514 0.597 2.781 6.937 0.731 5.305 -1.396
2025   1  29820 GPS  -2267748.033  5009149.010  3221296.382  0.210  4.752 -4.047 2.32 17 2.508 0.532 2.760 6.824 0.731 5.305 -1.396
2025   1  29850 GPS  -2267747.832  5009149.202  3221296.477 -0.053  4.787 -3.919 2.32 17 2.583 0.503 2.804 6.698 0.731 5.305 -1.396
2025   1  29880 GPS  -2267747.869  5009149.492  3221296.787 -0.138  4.912 -3.521 2.32 16 2.551 0.554 2.938 7.618 0.689 5.305 -1.396
2025   1  29910 GPS  -2267748.209  5009149.571  3221296.682  0.139  4.714 -3.391 2.32 17 2.517 0.495 2.886 7.325 0.731 5.305 -1.396
2025   1  29940 GPS  -2267748.531  5009149.659  3221296.870  0.396  4.767 -3.112 2.32 16 2.501 0.583 2.874 7.618 0.777 5.305 -1.396
2025   1  29970 GPS  -2267748.108  5009148.508  3221296.024  0.485  4.660 -4.596 2.42 15 2.630 0.127 2.184 4.159 0.735 5.305 -1.396
2025   1  30000 GPS  -2267747.948  5009148.265  3221295.670  0.440  4.501 -5.023 2.42 15 2.681 0.162 2.234 4.312 0.735 5.305 -1.396
2025   1  30030 GPS  -2267747.772  5009148.724  3221295.900  0.089  4.524 -4.609 2.42 15 2.552 0.147 2.174 4.083 0.735 5.305 -1.396
2025   1  30060 GPS  -2267747.734  5009149.301  3221295.988 -0.182  4.340 -4.125 2.42 15 2.450 0.090 2.017 3.972 0.735 5.305 -1.396
2025   1  30090 GPS  -2267747.890  5009149.220  3221295.919 -0.007  4.285 -4.168 2.43 15 2.694 0.092 2.273 4.559 0.735 5.305 -1.396
2025   1  30120 GPS  -2267747.805  5009148.623  3221295.777  0.162  4.458 -4.739 2.43 15 2.636 0.036 2.210 4.446 0.735 5.305 -1.396
2025   1  30150 GPS  -2267748.734  5009148.899  3221296.652  0.894  4.889 -3.747 2.13 15 2.625 -0.116 2.107 4.555 0.735 5.305 -1.396
2025   1  30180 GPS  -2267748.780  5009149.699  3221297.028  0.606  4.833 -2.912 2.13 15 2.671 -0.084 2.120 4.788 0.735 5.305 -1.396
2025   1  30210 GPS  -2267748.748  5009149.679  3221296.794  0.585  4.647 -3.059 2.13 15 2.742 -0.117 2.198 4.758 0.735 5.305 -1.396
2025   1  30240 GPS  -2267748.718  5009149.720  3221296.634  0.541  4.497 -3.118 2.14 15 2.697 -0.123 2.167 4.754 0.735 5.305 -1.396
2025   1  30270 GPS  -2267748.652  5009150.437  3221297.347  0.185  4.793 -2.217 2.14 15 2.604 -0.155 2.128 4.421 0.735 5.305 -1.396
2025   1  30300 GPS  -2267749.016  5009150.620  3221297.354  0.441  4.638 -1.940 2.14 15 2.651 -0.200 2.217 4.471 0.735 5.305 -1.396
2025   1  30330 GPS  -2267748.790  5009150.597  3221297.312  0.245  4.660 -2.060 2.15 15 2.662 -0.215 2.245 4.331 0.735 5.305 -1.396
2025   1  30360 GPS  -2267748.831  5009150.373  3221297.328  0.374  4.768 -2.214 2.15 15 2.721 -0.184 2.248 4.341 0.735 5.305 -1.396
2025   1  30390 GPS  -2267747.944  5009148.836  3221296.197  0.200  4.692 -4.309 2.15 15 2.726 -0.193 2.262 4.468 0.735 5.305 -1.396
2025   1  30420 GPS  -2267748.195  5009149.173  3221296.780  0.290  4.985 -3.659 2.15 15 2.809 -0.187 2.316 4.693 0.735 5.305 -1.396
2025   1  30450 GPS  -2267748.642  5009150.135  3221297.459  0.301  5.031 -2.400 2.16 15 2.726 -0.182 2.248 4.712 0.735 5.305 -1.396
2025   1  30480 GPS  -2267748.863  5009150.201  3221297.219  0.474  4.747 -2.392 2.16 15 2.866 -0.163 2.332 5.055 0.735 5.305 -1.396
2025   1  30510 GPS  -2267748.782  5009149.566  3221296.787  0.663  4.686 -3.138 2.16 15 2.923 -0.143 2.356 5.318 0.735 5.305 -1.396
2025   1  30540 GPS  -2267748.649  5009150.055  3221297.026  0.340  4.694 -2.681 2.17 15 2.814 -0.092 2.235 4.992 0.735 5.305 -1.396
2025   1  30570 GPS  -2267748.132  5009149.795  3221296.506 -0.024  4.474 -3.333 2.17 15 2.785 -0.152 2.260 4.885 0.735 5.305 -1.396
2025   1  30600 GPS  -2267748.522  5009149.657  3221296.854  0.388  4.756 -3.125 2.17 15 2.825 -0.212 2.357 4.939 0.735 5.305 -1.396
2025   1  30630 GPS  -2267748.543  5009149.550  3221296.586  0.452  4.571 -3.338 2.17 14 2.673 -0.191 2.218 4.685 0.618 5.305 -1.396
2025   1  30660 GPS  -2267749.032  5009150.424  3221297.426  0.537  4.787 -2.052 2.18 14 2.800 -0.229 2.362 4.911 0.618 5.305 -1.396
2025   1  30690 GPS  -2267749.160  5009150.454  3221297.201  0.641  4.553 -2.098 2.18 14 2.750 -0.250 2.356 4.822 0.618 5.305 -1.396
2025   1  30720 GPS  -2267748.965  5009149.946  3221296.792  0.673  4.476 -2.773 2.18 14 2.528 -0.148 2.061 4.576 0.618 5.305 -1.396
2025   1  30750 GPS  -2267748.916  5009150.156  3221296.989  0.541  4.559 -2.525 2.18 14 2.626 -0.164 2.151 4.706 0.618 5.305 -1.396
2025   1  30780 GPS  -2267748.680  5009149.700  3221296.950  0.515  4.786 -2.987 2.18 14 2.608 -0.193 2.172 4.693 0.618 5.305 -1.396
2025   1  30810 GPS  -2267748.954  5009149.941  3221297.040  0.665  4.695 -2.655 2.12 15 2.593 -0.353 2.296 4.958 0.735 5.305 -1.396
2025   1  30840 GPS  -2267748.577  5009149.875  3221296.751  0.349  4.555 -2.987 2.12 15 2.398 -0.339 2.140 4.488 0.735 5.305 -1.396
2025   1  30870 GPS  -2267748.746  5009149.501  3221296.607  0.657  4.569 -3.294 2.12 15 2.536 -0.427 2.366 4.755 0.735 5.305 -1.396
2025   1  30900 GPS  -2267748.310  5009149.334  3221296.689  0.328  4.808 -3.538 2.12 15 2.547 -0.378 2.299 4.741 0.735 5.305 -1.396
2025   1  30930 GPS  -2267748.758  5009149.551  3221296.682  0.647  4.607 -3.212 2.12 15 2.519 -0.401 2.329 4.594 0.735 5.305 -1.396
2025   1  30960 GPS  -2267748.814  5009149.313  3221296.477  0.796  4.530 -3.483 2.13 15 2.523 -0.355 2.266 4.797 0.735 5.305 -1.396
2025   1  30990 GPS  -2267748.445  5009148.977  3221296.195  0.599  4.519 -4.021 2.13 15 2.638 -0.288 2.263 5.052 0.735 5.305 -1.396
2025   1  31020 GPS  -2267748.853  5009149.764  3221296.840  0.645  4.626 -2.931 2.13 15 2.673 -0.479 2.518 5.034 0.735 5.305 -1.396
2025   1  31050 GPS  -2267749.077  5009149.824  3221296.933  0.825  4.631 -2.758 2.13 15 2.649 -0.463 2.494 5.121 0.735 5.305 -1.396
2025   1  31080 GPS  -2267749.135  5009150.030  3221297.504  0.792  5.015 -2.285 2.13 15 2.689 -0.451 2.495 5.014 0.735 5.305 -1.396
2025   1  31110 GPS  -2267749.253  5009150.250  3221297.569  0.809  4.945 -2.038 2.13 16 2.607 -0.371 2.328 5.075 0.890 5.305 -1.396
2025   1  31140 GPS  -2267749.437  5009150.437  3221297.362  0.900  4.641 -1.930 2.13 16 2.616 -0.395 2.366 5.076 0.890 5.305 -1.396
2025   1  31170 GPS  -2267749.133  5009150.662  3221297.412  0.530  4.644 -1.837 2.13 16 2.742 -0.486 2.576 5.337 0.890 5.305 -1.396
2025   1  31200 GPS  -2267748.868  5009151.097  3221297.594  0.110  4.655 -1.497 2.19 16 2.772 -0.250 2.371 5.052 0.890 5.305 -1.396
2025   1  31230 GPS  -2267749.092  5009150.610  3221297.445  0.514  4.705 -1.875 2.19 16 2.792 -0.175 2.288 5.001 0.890 5.305 -1.396
2025   1  31260 GPS  -2267748.574  5009149.975  3221296.839  0.305  4.585 -2.866 2.12 16 2.649 -0.421 2.421 4.919 0.890 5.305 -1.396
2025   1  31290 GPS  -2267749.077  5009150.542  3221297.181  0.529  4.512 -2.068 2.12 16 2.681 -0.421 2.498 4.978 0.890 5.305 -1.396
2025   1  31320 GPS  -2267749.124  5009150.318  3221297.130  0.664  4.562 -2.253 2.11 16 2.657 -0.528 2.584 5.017 0.890 5.305 -1.396
2025   1  31350 GPS  -2267748.877  5009150.170  3221296.942  0.500  4.521 -2.552 2.11 16 2.700 -0.420 2.459 5.182 0.890 5.305 -1.396
2025   1  31380 GPS  -2267748.944  5009150.262  3221296.893  0.523  4.422 -2.481 2.11 16 2.810 -0.490 2.657 5.201 0.890 5.305 -1.396
2025   1  31410 GPS  -2267749.080  5009149.730  3221296.904  0.867  4.648 -2.844 2.11 16 2.708 -0.363 2.421 5.223 0.890 5.305 -1.396
2025   1  31440 GPS  -2267748.388  5009149.381  3221296.539  0.380  4.641 -3.550 2.10 15 2.656 -0.483 2.633 5.835 0.968 5.305 -1.396
2025   1  31470 GPS  -2267748.806  5009150.545  3221296.900  0.280  4.325 -2.305 2.43 15 2.674 -0.545 2.583 5.154 0.968 5.305 -1.396
2025   1  31500 GPS  -2267748.656  5009150.063  3221296.617  0.343  4.336 -2.880 2.43 15 2.492 -0.713 2.705 5.216 0.968 5.305 -1.396
2025   1  31530 GPS  -2267748.636  5009150.703  3221297.099  0.061  4.460 -2.140 2.43 15 2.558 -0.481 2.366 4.956 0.968 5.305 -1.396
2025   1  31560 GPS  -2267749.036  5009150.596  3221297.298  0.469  4.596 -1.981 2.43 15 2.507 -0.467 2.336 4.736 0.968 5.305 -1.396
2025   1  31590 GPS  -2267749.039  5009150.438  3221296.595  0.537  4.063 -2.461 2.43 15 2.566 -0.432 2.312 4.773 0.968 5.305 -1.396
2025   1  31620 GPS  -2267749.104  5009150.746  3221296.924  0.470  4.191 -2.028 2.42 16 2.640 -0.542 2.526 4.904 0.907 5.305 -1.396
2025   1  31650 GPS  -2267749.280  5009151.456  3221297.339  0.337  4.183 -1.198 2.42 16 2.588 -0.447 2.376 5.013 0.907 5.305 -1.396
2025   1  31680 GPS  -2267749.935  5009151.756  3221297.530  0.810  4.071 -0.633 2.42 16 2.567 -0.448 2.367 5.011 0.907 5.305 -1.396
2025   1  31710 GPS  -2267749.632  5009151.604  3221297.368  0.597  4.065 -0.942 2.42 16 2.774 -0.538 2.609 5.317 0.907 5.305 -1.396
2025   1  31740 GPS  -2267749.317  5009151.091  3221297.311  0.521  4.319 -1.486 2.42 16 2.600 -0.456 2.378 5.123 0.907 5.305 -1.396
2025   1  31770 GPS  -2267749.270  5009151.571  3221297.811  0.280  4.538 -0.872 2.41 17 2.751 -0.476 2.525 5.443 0.838 5.305 -1.396
2025   1  31800 GPS  -2267749.455  5009151.314  3221297.615  0.555  4.450 -1.107 2.41 17 2.649 -0.494 2.455 5.252 0.838 5.305 -1.396
2025   1  31830 GPS  -2267749.998  5009152.696  3221297.835 0.479 3.886 0.281 2.32 17 2.740 -0.376 2.843 5.286 0.854 5.305 -1.396
2025   1  31860 GPS  -2267749.909  5009151.784  3221297.583  0.775  4.110 -0.593 2.32 17 2.529 -0.357 2.659 4.942 0.854 5.305 -1.396
2025   1  31890 GPS  -2267749.753  5009152.279  3221298.206 0.429 4.449 0.056 2.32 17 2.569 -0.333 2.851 5.288 0.854 5.305 -1.396
2025   1  31920 GPS  -2267749.705  5009151.871  3221298.080  0.553  4.540 -0.345 2.32 17 2.688 -0.389 2.814 5.256 0.854 5.305 -1.396
2025   1  31950 GPS  -2267749.825  5009151.955  3221297.861  0.628  4.288 -0.348 2.31 17 2.714 -0.411 3.048 6.497 0.854 5.305 -1.396
2025   1  31980 GPS  -2267749.972  5009152.208  3221297.995  0.657  4.255 -0.029 2.31 17 2.603 -0.425 2.994 6.738 0.854 5.305 -1.396
2025   1  32010 GPS  -2267749.953  5009152.124  3221298.048  0.675  4.343 -0.075 2.31 17 2.747 -0.427 3.037 5.896 0.854 5.305 -1.396
2025   1  32040 GPS  -2267749.914  5009152.285  3221297.907  0.573  4.155 -0.034 2.31 17 2.698 -0.368 2.993 5.284 0.854 5.305 -1.396
2025   1  32070 GPS  -2267750.847  5009153.336  3221298.798 0.989 4.241 1.574 2.38 16 2.832 -0.168 2.904 5.188 0.707 5.305 -1.396
2025   1  32100 GPS  -2267750.510  5009153.458  3221298.806 0.632 4.262 1.555 2.38 16 2.784 -0.249 2.750 5.242 0.707 5.305 -1.396
2025   1  32130 GPS  -2267750.505  5009153.352  3221299.163 0.671 4.620 1.651 2.38 16 2.761 -0.208 2.672 5.196 0.707 5.305 -1.396
2025   1  32160 GPS  -2267750.654  5009153.269  3221298.911 0.841 4.410 1.511 2.38 16 2.852 -0.234 2.878 5.172 0.707 5.305 -1.396
2025   1  32190 GPS  -2267750.161  5009152.958  3221298.578 0.520 4.370 0.923 2.29 17 2.608 -0.257 2.540 5.016 0.854 5.305 -1.396
2025   1  32220 GPS  -2267750.011  5009152.857  3221298.653 0.425 4.513 0.828 2.29 17 2.619 -0.303 2.657 5.013 0.854 5.305 -1.396
2025   1  32250 GPS  -2267749.637  5009152.491  3221298.436 0.235 4.574 0.298 2.29 17 2.673 -0.346 2.732 5.242 0.854 5.305 -1.396
2025   1  32280 GPS  -2267750.113  5009151.863  3221298.064  0.928  4.445 -0.214 2.29 17 2.640 -0.375 2.742 5.163 0.854 5.305 -1.396
2025   1  32310 GPS  -2267749.942  5009152.849  3221298.524 0.365 4.420 0.732 2.28 17 2.675 -0.447 2.900 5.292 0.854 5.305 -1.396
2025   1  32340 GPS  -2267749.979  5009153.322  3221299.308 0.204 4.868 1.515 2.28 17 2.622 -0.347 2.649 5.267 0.854 5.305 -1.396
2025   1  32370 GPS  -2267749.750  5009153.187  3221299.220 0.052 4.903 1.283 2.28 17 2.758 -0.321 2.866 5.356 0.854 5.305 -1.396
2025   1  32400 GPS  -2267750.150  5009153.179  3221298.678 0.419 4.356 1.143 2.28 17 2.644 -0.357 2.821 5.007 0.854 5.305 -1.396
2025   1  32430 GPS  -2267750.386  5009153.557  3221299.215 0.478 4.595 1.796 2.27 17 2.659 -0.404 2.716 5.022 0.854 5.305 -1.396
2025   1  32460 GPS  -2267749.755  5009152.737  3221298.986 0.242 4.909 0.812 2.27 17 2.671 -0.423 2.990 5.321 0.854 5.305 -1.396
2025   1  32490 GPS  -2267749.831  5009152.360  3221298.721 0.466 4.839 0.409 2.27 17 2.618 -0.447 2.835 5.025 0.854 5.305 -1.396
2025   1  32520 GPS  -2267749.956  5009152.664  3221298.897 0.454 4.824 0.781 2.27 17 2.647 -0.502 3.008 6.429 0.854 5.305 -1.396
2025   1  32550 GPS  -2267750.032  5009153.167  3221298.865 0.316 4.547 1.187 2.26 17 2.703 -0.532 3.135 6.908 0.854 5.305 -1.396
2025   1  32580 GPS  -2267750.224  5009152.710  3221298.886 0.680 4.737 0.907 2.26 17 2.731 -0.475 3.013 5.426 0.854 5.305 -1.396
2025   1  32610 GPS  -2267749.905  5009153.074  3221299.255 0.239 4.953 1.266 2.26 17 2.649 -0.435 2.946 5.003 0.854 5.305 -1.396
2025   1  32640 GPS  -2267750.301  5009153.534  3221299.396 0.410 4.779 1.840 2.26 17 2.709 -0.356 2.939 5.108 0.854 5.305 -1.396
2025   1  32670 GPS  -2267750.316  5009152.646  3221298.799 0.790 4.673 0.845 2.25 17 2.748 -0.521 3.201 6.822 0.854 5.305 -1.396
2025   1  32700 GPS  -2267750.535  5009153.034  3221299.192 0.829 4.785 1.427 2.25 17 2.689 -0.513 3.080 6.309 0.854 5.305 -1.396
2025   1  32730 GPS  -2267750.779  5009153.342  3221299.464 0.925 4.826 1.893 2.25 16 2.581 -0.493 2.855 5.558 0.942 5.305 -1.396
2025   1  32760 GPS  -2267751.070  5009153.989  3221299.717 0.923 4.684 2.633 2.33 15 2.499 -0.257 2.479 4.521 0.791 5.305 -1.396
2025   1  32790 GPS  -2267751.262  5009154.296  3221299.863 0.971 4.627 3.017 2.32 15 2.624 -0.242 2.624 4.706 0.791 5.305 -1.396
2025   1  32820 GPS  -2267750.169  5009153.484  3221298.960 0.310 4.454 1.533 2.24 16 2.610 -0.476 3.047 6.704 0.942 5.305 -1.396
2025   1  32850 GPS  -2267750.403  5009153.670  3221299.271 0.447 4.587 1.919 2.24 16 2.623 -0.535 3.015 6.440 0.942 5.305 -1.396
2025   1  32880 GPS  -2267750.457  5009153.042  3221299.165 0.755 4.774 1.392 2.23 16 2.612 -0.474 2.826 4.903 0.942 5.305 -1.396
2025   1  32910 GPS  -2267751.120  5009153.801  3221299.642 1.046 4.696 2.465 2.23 16 2.641 -0.383 2.788 4.661 0.942 5.305 -1.396
2025   1  32940 GPS  -2267751.352  5009154.340  3221300.263 1.035 4.932 3.286 2.31 15 2.628 -0.231 2.649 4.476 0.791 5.305 -1.396
2025   1  32970 GPS  -2267751.193  5009153.811  3221299.889 1.109 4.889 2.625 2.31 15 2.700 -0.260 2.728 4.718 0.791 5.305 -1.396
2025   1  33000 GPS  -2267750.747  5009153.144  3221299.348 0.978 4.825 1.668 2.22 16 2.567 -0.404 2.652 4.832 0.942 5.305 -1.396
2025   1  33030 GPS  -2267751.699  5009154.448  3221300.062 1.306 4.637 3.392 2.30 15 2.721 -0.394 2.852 5.509 0.791 5.305 -1.396
2025   1  33060 GPS  -2267750.740  5009153.214  3221298.625 0.941 4.171 1.353 2.21 16 2.711 -0.428 2.999 5.150 0.942 5.305 -1.396
2025   1  33090 GPS  -2267750.686  5009153.586  3221299.324 0.739 4.612 1.981 2.21 16 2.694 -0.472 2.940 4.948 0.942 5.305 -1.396
2025   1  33120 GPS  -2267750.230  5009153.252  3221299.218 0.462 4.771 1.503 2.21 16 2.831 -0.572 3.250 6.716 0.942 5.305 -1.396
2025   1  33150 GPS  -2267750.670  5009153.777  3221299.662 0.646 4.818 2.297 2.21 16 2.723 -0.589 3.184 6.915 0.942 5.305 -1.396
2025   1  33180 GPS  -2267751.410  5009154.714  3221300.410 0.934 4.874 3.675 2.29 15 2.758 -0.410 2.941 6.140 0.791 5.305 -1.396
2025   1  33210 GPS  -2267751.817  5009154.619  3221300.562 1.344 4.963 3.822 2.28 15 2.688 -0.374 2.827 5.675 0.791 5.305 -1.396
2025   1  33240 GPS  -2267750.690  5009153.640  3221299.465 0.721 4.708 2.097 2.20 16 2.591 -0.518 3.026 5.955 0.942 5.305 -1.396
2025   1  33270 GPS  -2267750.841  5009153.420  3221299.302 0.949 4.638 1.894 2.19 16 2.578 -0.601 3.047 7.135 0.942 5.305 -1.396
2025   1  33300 GPS  -2267750.983  5009154.024  3221299.966 0.829 4.900 2.756 2.19 16 2.539 -0.567 2.932 6.991 0.942 5.305 -1.396
2025   1  33330 GPS  -2267750.725  5009153.440  3221299.515 0.835 4.836 1.978 2.19 16 2.607 -0.568 3.033 6.744 0.942 5.305 -1.396
2025   1  33360 GPS  -2267750.819  5009153.444  3221299.563 0.919 4.856 2.039 2.18 16 2.616 -0.462 2.910 5.848 0.942 5.305 -1.396
2025   1  33390 GPS  -2267750.760  5009153.320  3221299.533 0.916 4.899 1.905 2.18 16 2.777 -0.451 2.966 5.299 0.942 5.305 -1.396
2025   1  33420 GPS  -2267751.149  5009153.645  3221300.091 1.137 5.149 2.582 2.18 16 2.653 -0.419 2.807 5.260 0.942 5.305 -1.396
2025   1  33450 GPS  -2267751.489  5009153.952  3221300.403 1.320 5.204 3.102 2.26 15 2.794 -0.378 3.064 6.991 0.791 5.305 -1.396
2025   1  33480 GPS  -2267751.699  5009154.382  3221300.215 1.333 4.799 3.418 2.25 15 2.868 -0.463 3.252 7.968 0.791 5.305 -1.396
2025   1  33510 GPS  -2267750.667  5009153.838  3221300.344 0.618 5.378 2.690 2.11 15 2.895 -0.199 2.994 6.452 0.791 5.305 -1.396
2025   1  33540 GPS  -2267750.886  5009153.367  3221300.125 1.012 5.361 2.287 2.11 15 2.771 -0.135 2.751 5.303 0.791 5.305 -1.396
2025   1  33570 GPS  -2267751.692  5009154.671  3221300.303 1.209 4.743 3.688 2.03 15 2.962 -0.366 2.775 5.634 0.791 5.305 -1.396
2025   1  33600 GPS  -2267751.701  5009154.072  3221299.980 1.464 4.740 3.056 2.03 15 2.868 -0.400 2.784 6.152 0.791 5.305 -1.396
2025   1  33630 GPS  -2267751.449  5009154.503  3221300.047 1.056 4.651 3.339 1.99 16 2.877 -0.648 3.042 6.331 0.942 5.305 -1.396
2025   1  33660 GPS  -2267751.800  5009155.250  3221300.659 1.068 4.758 4.361 1.99 16 2.986 -0.704 3.243 7.503 0.942 5.305 -1.396
2025   1  33690 GPS  -2267751.896  5009154.728  3221300.288 1.371 4.660 3.797 1.99 16 2.990 -0.683 3.232 7.727 0.942 5.305 -1.396
2025   1  33720 GPS  -2267751.692  5009154.460  3221299.887 1.296 4.482 3.310 1.99 16 2.959 -0.680 3.175 7.172 0.942 5.305 -1.396
2025   1  33750 GPS  -2267751.897  5009155.173  3221300.025 1.189 4.228 4.013 1.99 16 3.023 -0.836 3.569 9.316 0.942 5.305 -1.396
2025   1  33780 GPS  -2267751.779  5009155.193  3221300.483 1.072 4.638 4.219 1.98 16 2.991 -0.784 3.406 8.262 0.942 5.305 -1.396
2025   1  33810 GPS  -2267752.166  5009154.611  3221300.089 1.665 4.486 3.700 1.98 16 2.795 -0.652 3.013 6.756 0.942 5.305 -1.396
2025   1  33840 GPS  -2267752.050  5009154.480  3221299.612 1.613 4.161 3.313 1.98 16 3.072 -0.674 3.234 7.085 0.942 5.305 -1.396
2025   1  33870 GPS  -2267752.152  5009155.016  3221299.867 1.485 4.111 3.900 1.98 16 2.952 -0.763 3.390 8.770 0.942 5.305 -1.396
2025   1  33900 GPS  -2267752.341  5009154.863  3221300.236 1.721 4.459 4.034 1.98 16 2.868 -0.782 3.421 9.379 0.942 5.305 -1.396
2025   1  33930 GPS  -2267752.739  5009155.648  3221301.152 1.759 4.803 5.257 1.98 16 2.994 -0.842 3.608 9.859 0.942 5.305 -1.396
2025   1  33960 GPS  -2267752.600  5009155.938  3221301.368 1.514 4.884 5.545 1.97 16 3.053 -0.824 3.617 9.814 0.942 5.305 -1.396
2025   1  33990 GPS  -2267752.521  5009155.171  3221300.843 1.758 4.802 4.648 1.97 16 3.018 -0.750 3.391 8.486 0.942 5.305 -1.396
2025   1  34020 GPS  -2267752.336  5009154.805  3221300.561 1.740 4.767 4.152 1.97 16 2.995 -0.689 3.228 7.458 0.942 5.305 -1.396
2025   1  34050 GPS  -2267752.291  5009156.168  3221301.436 1.137 4.901 5.650 2.02 16 3.037 -0.255 2.666 4.617 0.942 5.305 -1.396
2025   1  34080 GPS  -2267752.034  5009158.422  3221302.542 -0.027  4.863  7.890 2.37 16 3.007 -0.525 2.891 5.182 0.942 5.305 -1.396
2025   1  34110 GPS  -2267752.102  5009158.454  3221302.739 0.021 5.004 8.039 2.37 16 2.928 -0.513 2.816 4.873 0.942 5.305 -1.396
2025   1  34140 GPS  -2267752.509  5009159.435  3221303.117 -0.013  4.790  9.145 2.37 16 2.885 -0.518 2.797 5.049 0.942 5.305 -1.396
2025   1  34170 GPS  -2267752.541  5009159.166  3221303.050 0.128 4.850 8.912 2.37 16 2.893 -0.515 2.801 5.245 0.942 5.305 -1.396
2025   1  34200 GPS  -2267752.526  5009158.763  3221302.574 0.281 4.630 8.348 2.37 16 3.028 -0.527 2.906 5.077 0.942 5.305 -1.396
2025   1  34230 GPS  -2267752.852  5009160.058  3221303.058 0.044 4.379 9.725 2.37 16 3.025 -0.542 2.931 5.290 0.942 5.305 -1.396
2025   1  34260 GPS  -2267752.917  5009160.730  3221304.039 -0.175  4.900 10.774 2.37 16 3.089 -0.533 2.958 5.119 0.942 5.305 -1.396
2025   1  34290 GPS  -2267752.889  5009160.282  3221303.617 -0.015  4.749 10.199 2.37 16 3.092 -0.628 3.125 5.849 0.942 5.305 -1.396
2025   1  34320 GPS  -2267752.840  5009160.066  3221303.237 0.030 4.533 9.819 2.37 16 3.032 -0.662 3.153 6.451 0.942 5.305 -1.396
2025   1  34350 GPS  -2267753.139  5009160.867  3221304.165 -0.028  4.898 11.025 2.37 16 2.988 -0.619 3.042 5.742 0.942 5.305 -1.396
2025   1  34380 GPS  -2267753.200  5009160.283  3221303.398  0.268  4.495 10.198 2.37 17 2.948 -0.614 3.008 5.905 0.862 5.305 -1.396
2025   1  34410 GPS  -2267753.208  5009160.974  3221303.532 -0.009  4.289 10.812 2.37 17 2.981 -0.610 3.022 5.656 0.862 5.305 -1.396
2025   1  34440 GPS  -2267751.279  5009159.538  3221302.196 -1.175  4.207  8.321 2.31 17 3.410 -0.285 2.990 5.130 0.862 5.305 -1.396
2025   1  34470 GPS  -2267751.473  5009160.411  3221303.218 -1.358  4.643  9.594 2.19 17 3.344 0.065 3.434 6.184 0.862 5.305 -1.396
2025   1  34500 GPS  -2267752.121  5009160.861  3221303.405 -0.954  4.460 10.273 2.19 17 3.123 0.051 3.272 6.156 0.862 5.305 -1.396
2025   1  34530 GPS  -2267752.073  5009160.940  3221303.286 -1.030  4.331 10.257 2.19 17 3.197 0.033 3.441 6.924 0.862 5.305 -1.396
2025   1  34560 GPS  -2267752.159  5009160.593  3221303.457 -0.809  4.621 10.102 2.19 17 3.195 0.064 3.477 6.800 0.862 5.305 -1.396
2025   1  34590 GPS  -2267752.367  5009160.563  3221303.096 -0.607  4.280  9.969 2.19 17 3.101 0.119 3.413 7.192 0.862 5.305 -1.396
2025   1  34620 GPS  -2267752.525  5009161.388  3221303.182 -0.803  3.939 10.716 2.20 17 3.130 0.059 3.444 6.854 0.862 5.305 -1.396
2025   1  34650 GPS  -2267752.791  5009161.361  3221303.991 -0.550  4.593 11.200 2.20 17 3.044 0.105 3.250 6.569 0.862 5.305 -1.396
2025   1  34680 GPS  -2267752.978  5009161.672  3221304.124 -0.507  4.524 11.578 2.20 16 3.012 0.020 3.355 7.098 0.942 5.305 -1.396
2025   1  34710 GPS  -2267752.494  5009160.849  3221303.799 -0.609  4.727 10.596 2.20 16 3.280 0.032 3.650 7.603 0.942 5.305 -1.396
2025   1  34740 GPS  -2267752.790  5009161.276  3221304.066 -0.515  4.697 11.172 2.20 16 3.120 0.081 3.514 7.314 0.942 5.305 -1.396
2025   1  34770 GPS  -2267752.768  5009160.739  3221303.784 -0.314  4.708 10.599 2.20 16 3.211 0.050 3.684 7.744 0.942 5.305 -1.396
2025   1  34800 GPS  -2267752.850  5009160.799  3221303.957 -0.264  4.811 10.763 2.20 17 3.071 0.102 3.714 8.375 0.862 5.305 -1.396
2025   1  34830 GPS  -2267752.897  5009160.909  3221304.222 -0.266  4.979 11.001 2.20 17 3.020 0.109 3.660 8.343 0.862 5.305 -1.396
2025   1  34860 GPS  -2267752.831  5009160.560  3221303.816 -0.183  4.804 10.498 2.20 17 3.069 0.146 3.867 9.308 0.862 5.305 -1.396
2025   1  34890 GPS  -2267752.889  5009160.996  3221304.174 -0.310  4.899 11.042 2.20 16 3.249 0.086 3.940 8.764 0.942 5.305 -1.396
2025   1  34920 GPS  -2267752.877  5009161.542  3221304.676 -0.546  5.081 11.721 2.20 16 3.093 0.119 3.724 8.545 0.942 5.305 -1.396
2025   1  34950 GPS  -2267752.798  5009161.910  3221304.925 -0.770  5.142 12.109 2.20 16 3.174 0.079 3.735 8.115 0.942 5.305 -1.396
2025   1  34980 GPS  -2267752.930  5009161.800  3221304.783 -0.604  5.042 11.997 2.20 16 3.253 0.038 3.978 8.901 0.942 5.305 -1.396
2025   1  35010 GPS  -2267752.813  5009162.609  3221305.085 -1.044  4.953 12.743 2.20 16 3.307 0.016 4.005 9.066 0.942 5.305 -1.396
2025   1  35040 GPS  -2267752.747  5009162.340  3221305.009 -0.994  5.026 12.470 2.20 16 3.204 0.042 3.726 7.875 0.942 5.305 -1.396
2025   1  35070 GPS  -2267753.529  5009162.671  3221305.242 -0.418  4.910 13.126 2.20 16 3.295 0.096 3.770 8.149 0.942 5.305 -1.396
2025   1  35100 GPS  -2267753.624  5009163.174  3221305.376 -0.538  4.773 13.622 2.20 16 3.276 0.050 3.820 8.037 0.942 5.305 -1.396
2025   1  35130 GPS  -2267753.904  5009163.340  3221305.666 -0.352  4.886 14.000 2.20 16 3.299 -0.006 3.980 9.103 0.942 5.305 -1.396
2025   1  35160 GPS  -2267753.997  5009162.929  3221305.360 -0.098  4.793 13.554 2.20 16 3.448 0.039 4.130 8.968 0.942 5.305 -1.396
2025   1  35190 GPS  -2267754.016  5009163.605  3221305.852 -0.359  4.900 14.342 2.20 16 3.420 0.006 4.165 9.451 0.942 5.305 -1.396
2025   1  35220 GPS  -2267754.166  5009164.182  3221305.803 -0.460  4.560 14.824 2.20 16 3.407 0.020 4.029 8.774 0.942 5.305 -1.396
2025   1  35250 GPS  -2267753.747  5009164.159  3221306.602 -0.833  5.347 15.062 2.08 18 3.289 0.154 5.023 11.631 1.000 5.305 -1.396
2025   1  35280 GPS  -2267754.005  5009164.314  3221306.897 -0.661  5.475 15.425 2.08 18 3.211 0.068 4.769 9.861 1.000 5.305 -1.396
2025   1  35310 GPS  -2267753.815  5009164.220  3221306.895 -0.796  5.556 15.283 2.08 18 3.344 0.001 5.162 10.822 1.000 5.305 -1.396
2025   1  35340 GPS  -2267754.161  5009164.715  3221306.946 -0.685  5.299 15.820 2.08 18 3.264 0.021 4.993 10.573 1.000 5.305 -1.396
2025   1  35370 GPS  -2267754.453  5009165.508  3221307.406 -0.746  5.266 16.780 2.08 18 3.309 0.066 5.115 10.939 1.000 5.305 -1.396
2025   1  35400 GPS  -2267754.399  5009164.906  3221307.488 -0.546  5.627 16.330 2.08 18 3.215 0.114 5.057 10.865 1.000 5.305 -1.396
2025   1  35430 GPS  -2267753.864  5009164.043  3221307.115 -0.678  5.818 15.274 2.08 18 3.330 0.184 5.081 11.074 1.000 5.305 -1.396
2025   1  35460 GPS  -2267753.813  5009164.453  3221307.331 -0.894  5.824 15.687 2.08 18 3.305 0.184 5.156 11.573 1.000 5.305 -1.396
2025   1  35490 GPS  -2267754.316  5009165.106  3221307.455 -0.704  5.524 16.440 2.08 18 3.380 0.121 5.102 10.411 1.000 5.305 -1.396
2025   1  35520 GPS  -2267754.179  5009165.227  3221307.327 -0.880  5.386 16.421 2.08 18 3.438 0.160 5.323 11.347 1.000 5.305 -1.396
2025   1  35550 GPS  -2267753.983  5009165.282  3221307.618 -1.081  5.653 16.543 2.08 18 3.315 0.137 5.138 10.757 1.000 5.305 -1.396
2025   1  35580 GPS  -2267753.935  5009164.769  3221307.809 -0.913  6.065 16.221 2.08 18 3.409 0.163 5.314 11.946 1.000 5.305 -1.396
2025   1  35610 GPS  -2267754.144  5009163.731  3221306.935 -0.295  5.748 15.037 2.15 17 3.425 -0.426 4.592 9.478 1.084 5.305 -1.396
2025   1  35640 GPS  -2267754.347  5009163.564  3221307.095 -0.040  5.921 15.059 2.15 17 3.358 -0.392 4.593 9.611 1.084 5.305 -1.396
2025   1  35670 GPS  -2267754.125  5009163.353  3221307.089 -0.156  6.060 14.811 2.15 17 3.387 -0.361 4.568 9.714 1.084 5.305 -1.396
2025   1  35700 GPS  -2267754.654  5009163.730  3221307.102  0.170  5.785 15.301 2.15 17 3.419 -0.354 4.670 10.136 1.084 5.305 -1.396
2025   1  35730 GPS  -2267755.096  5009164.459  3221307.118  0.273  5.369 16.039 2.15 17 3.572 -0.400 4.803 10.241 1.084 5.305 -1.396
2025   1  35760 GPS  -2267754.833  5009164.333  3221307.154  0.085  5.514 15.865 2.15 17 3.556 -0.396 4.836 10.341 1.084 5.305 -1.396
2025   1  35790 GPS  -2267754.893  5009164.155  3221307.362  0.213  5.763 15.852 2.15 17 3.485 -0.377 4.817 10.563 1.084 5.305 -1.396
2025   1  35820 GPS  -2267755.194  5009164.418  3221307.737  0.379  5.901 16.356 2.15 17 3.437 -0.440 4.849 11.062 1.084 5.305 -1.396
2025   1  35850 GPS  -2267755.194  5009164.942  3221307.854  0.163  5.759 16.826 2.15 17 3.473 -0.463 4.748 11.159 1.084 5.305 -1.396
2025   1  35880 GPS  -2267755.259  5009164.254  3221307.422  0.506  5.693 16.090 2.15 17 3.517 -0.436 4.801 10.495 1.084 5.305 -1.396
2025   1  35910 GPS  -2267755.335  5009165.706  3221308.471 -0.024  5.908 17.790 2.09 18 3.528 -0.046 5.316 11.786 1.000 5.305 -1.396
2025   1  35940 GPS  -2267755.441  5009165.628  3221308.591  0.105  6.025 17.827 2.09 17 3.540 -0.039 5.366 11.640 1.059 5.305 -1.396
2025   1  35970 GPS  -2267755.790  5009166.251  3221309.106  0.166  6.107 18.702 2.09 17 3.654 -0.012 5.434 12.205 1.059 5.305 -1.396
2025   1  36000 GPS  -2267755.460  5009166.067  3221309.433 -0.059  6.543 18.606 2.10 17 3.531 -0.082 5.218 12.092 1.059 5.305 -1.396
2025   1  36030 GPS  -2267755.378  5009165.813  3221309.206 -0.029  6.483 18.262 2.10 17 3.520 -0.105 5.159 11.956 1.059 5.305 -1.396
2025   1  36060 GPS  -2267755.718  5009165.823  3221308.669  0.277  5.944 18.118 2.10 17 3.627 -0.085 5.349 12.418 1.059 5.305 -1.396
2025   1  36090 GPS  -2267755.755  5009165.568  3221308.827  0.416  6.190 18.012 2.10 17 3.603 -0.149 5.153 11.826 1.059 5.305 -1.396
2025   1  36120 GPS  -2267756.050  5009166.472  3221309.516  0.312  6.304 19.176 2.10 17 3.676 -0.241 5.281 12.851 1.059 5.305 -1.396
2025   1  36150 GPS  -2267756.128  5009165.685  3221308.675  0.707  5.927 18.158 2.27 17 3.657 -0.102 5.400 12.679 1.059 5.305 -1.396
2025   1  36180 GPS  -2267755.837  5009165.570  3221308.680  0.489  6.046 17.968 2.27 17 3.620 -0.001 5.293 12.519 1.059 5.305 -1.396
2025   1  36210 GPS  -2267756.236  5009165.808  3221308.730  0.755  5.895 18.322 2.27 17 3.574 -0.010 5.214 11.926 1.059 5.305 -1.396
2025   1  36240 GPS  -2267756.440  5009166.277  3221309.028  0.747  5.892 18.913 2.28 17 3.644 -0.105 5.285 12.874 1.059 5.305 -1.396
2025   1  36270 GPS  -2267756.237  5009165.800  3221308.847  0.759  6.000 18.374 2.28 17 3.690 -0.078 5.235 12.658 1.059 5.305 -1.396
2025   1  36300 GPS  -2267756.413  5009165.735  3221308.552  0.946  5.738 18.237 2.28 17 3.542 -0.044 5.066 11.951 1.059 5.305 -1.396
2025   1  36330 GPS  -2267756.805  5009165.002  3221307.658  1.605  5.226 17.347 2.37 16 3.643 -0.153 5.037 11.044 1.152 5.305 -1.396
2025   1  36360 GPS  -2267756.858  5009164.908  3221307.764  1.693  5.349 17.345 2.37 16 3.757 -0.199 5.183 11.403 1.152 5.305 -1.396
2025   1  36390 GPS  -2267756.826  5009165.901  3221308.993  1.254  5.955 18.737 2.29 17 3.550 -0.035 5.123 12.359 1.059 5.305 -1.396
2025   1  36420 GPS  -2267756.840  5009165.830  3221309.086  1.296  6.065 18.734 2.29 17 3.612 -0.101 5.165 12.905 1.059 5.305 -1.396
2025   1  36450 GPS  -2267757.177  5009165.520  3221308.603  1.731  5.721 18.365 2.29 17 3.630 -0.027 5.106 11.652 1.059 5.305 -1.396
2025   1  36480 GPS  -2267756.937  5009165.393  3221308.626  1.564  5.851 18.192 2.29 17 3.529 -0.057 4.959 11.612 1.059 5.305 -1.396
2025   1  36510 GPS  -2267756.910  5009164.927  3221308.413  1.732  5.888 17.709 2.30 17 3.574 -0.009 5.029 11.970 1.059 5.305 -1.396
2025   1  36540 GPS  -2267757.266  5009165.312  3221308.259  1.897  5.503 18.059 2.30 17 3.457 0.006 4.942 11.790 1.059 5.305 -1.396
2025   1  36570 GPS  -2267757.113  5009165.473  3221308.420  1.691  5.599 18.212 2.30 17 3.470 -0.025 5.005 12.231 1.059 5.305 -1.396
2025   1  36600 GPS  -2267757.412  5009166.123  3221308.922  1.697  5.668 19.084 2.30 17 3.545 -0.104 5.064 12.480 1.059 5.305 -1.396
2025   1  36630 GPS  -2267757.409  5009165.584  3221308.547  1.916  5.595 18.469 2.31 17 3.505 -0.105 4.867 11.900 1.059 5.305 -1.396
2025   1  36660 GPS  -2267757.454  5009165.590  3221308.627  1.954  5.651 18.530 2.31 17 3.490 -0.146 4.934 12.375 1.059 5.305 -1.396
2025   1  36690 GPS  -2267755.230  5009161.920  3221307.203  1.442  6.589 14.137 2.16 17 3.800 0.308 4.723 10.177 1.059 5.305 -1.396
2025   1  36720 GPS  -2267755.561  5009162.681  3221307.836  1.429  6.713 15.173 2.16 18 3.905 0.313 4.879 10.882 1.256 5.305 -1.396
2025   1  36750 GPS  -2267755.649  5009163.177  3221307.996  1.305  6.604 15.676 2.16 18 3.850 0.288 4.856 10.943 1.256 5.305 -1.396
2025   1  36780 GPS  -2267755.199  5009162.744  3221307.663  1.074  6.611 15.007 2.17 18 3.907 0.283 4.879 10.782 1.256 5.305 -1.396
2025   1  36810 GPS  -2267755.676  5009162.958  3221307.937  1.420  6.648 15.483 2.17 18 3.957 0.298 4.891 10.749 1.256 5.305 -1.396
2025   1  36840 GPS  -2267756.235  5009163.463  3221307.979  1.721  6.333 16.099 2.17 18 3.929 0.255 4.898 10.967 1.256 5.305 -1.396
2025   1  36870 GPS  -2267755.852  5009162.105  3221307.250  1.932  6.414 14.528 2.18 18 4.084 0.284 4.988 10.508 1.256 5.305 -1.396
2025   1  36900 GPS  -2267755.962  5009161.939  3221307.427  2.100  6.620 14.526 2.18 18 3.918 0.209 4.909 10.818 1.256 5.305 -1.396
2025   1  36930 GPS  -2267756.398  5009163.323  3221308.268  1.927  6.613 16.195 2.19 18 3.854 0.145 4.841 11.299 1.256 5.305 -1.396
2025   1  36960 GPS  -2267756.649  5009163.306  3221308.189  2.163  6.500 16.230 2.19 18 3.886 0.228 4.836 10.766 1.256 5.305 -1.396
2025   1  36990 GPS  -2267756.623  5009163.225  3221308.125  2.173  6.488 16.124 2.19 18 3.902 0.217 4.835 10.754 1.256 5.305 -1.396
2025   1  37020 GPS  -2267755.644  5009161.392  3221307.216  2.036  6.758 13.876 2.15 19 3.712 -0.485 5.720 14.041 1.190 5.305 -1.396
2025   1  37050 GPS  -2267755.893  5009161.448  3221307.222  2.240  6.686 14.013 2.16 19 3.921 -0.495 5.747 13.806 1.190 5.305 -1.396
2025   1  37080 GPS  -2267756.080  5009162.014  3221307.264  2.177  6.420 14.544 2.16 19 3.941 -0.468 5.763 13.156 1.190 5.305 -1.396
2025   1  37110 GPS  -2267755.955  5009161.666  3221307.198  2.207  6.551 14.193 2.16 19 3.793 -0.499 5.786 14.620 1.190 5.305 -1.396
2025   1  37140 GPS  -2267756.396  5009161.892  3221307.249  2.516  6.398 14.553 2.17 19 3.962 -0.471 5.860 14.048 1.190 5.305 -1.396
2025   1  37170 GPS  -2267756.382  5009162.387  3221307.924  2.299  6.753 15.280 2.17 19 3.995 -0.444 5.917 13.771 1.190 5.305 -1.396
2025   1  37200 GPS  -2267756.252  5009162.391  3221307.618  2.178  6.515 15.081 2.17 19 3.995 -0.512 5.897 13.985 1.190 5.305 -1.396
2025   1  37230 GPS  -2267756.632  5009162.399  3221307.742  2.521  6.538 15.285 2.17 19 4.036 -0.601 6.093 15.212 1.190 5.305 -1.396
2025   1  37260 GPS  -2267756.686  5009162.705  3221307.676  2.445  6.329 15.511 2.18 19 4.055 -0.559 6.056 14.320 1.190 5.305 -1.396
2025   1  37290 GPS  -2267756.517  5009163.491  3221308.292  1.967  6.531 16.380 2.23 19 4.007 -0.065 5.433 14.487 1.190 5.305 -1.396
2025   1  37320 GPS  -2267757.022  5009163.222  3221308.463  2.537  6.697 16.436 2.23 19 4.073 -0.063 5.608 15.270 1.190 5.305 -1.396
2025   1  37350 GPS  -2267756.915  5009162.973  3221308.685  2.542  7.026 16.315 2.23 19 4.225 -0.069 5.695 15.406 1.190 5.305 -1.396
2025   1  37380 GPS  -2267756.917  5009162.579  3221308.407  2.707  6.969 15.865 2.23 19 4.126 -0.088 5.623 15.373 1.190 5.305 -1.396
2025   1  37410 GPS  -2267756.955  5009163.249  3221308.689  2.465  6.893 16.548 2.23 19 4.112 -0.075 5.542 14.921 1.190 5.305 -1.396
2025   1  37440 GPS  -2267756.995  5009163.122  3221308.788  2.554  7.029 16.513 2.24 19 4.175 -0.105 5.652 15.174 1.190 5.305 -1.396
2025   1  37470 GPS  -2267757.144  5009162.951  3221308.716  2.760  7.014 16.395 2.24 19 4.261 -0.151 5.709 14.981 1.190 5.305 -1.396
2025   1  37500 GPS  -2267757.525  5009163.441  3221309.079  2.905  7.020 17.099 2.24 19 4.171 -0.125 5.614 14.758 1.190 5.305 -1.396
2025   1  37530 GPS  -2267756.818  5009162.653  3221308.657  2.586  7.170 16.016 2.24 19 4.299 -0.187 5.869 15.943 1.190 5.305 -1.396
2025   1  37560 GPS  -2267756.945  5009162.551  3221307.152  2.743  5.894 15.216 2.31 19 4.315 0.387 5.933 14.338 1.190 5.305 -1.396
2025   1  37590 GPS  -2267757.395  5009162.548  3221307.409  3.156  6.023 15.504 2.31 19 4.376 0.501 5.872 13.237 1.190 5.305 -1.396
2025   1  37620 GPS  -2267757.861  5009162.789  3221307.251  3.480  5.677 15.778 2.32 19 4.314 0.474 5.933 13.512 1.190 5.305 -1.396
2025   1  37650 GPS  -2267757.842  5009162.307  3221307.172  3.661  5.836 15.353 2.32 19 4.505 0.441 6.306 15.131 1.190 5.305 -1.396
2025   1  37680 GPS  -2267757.792  5009162.337  3221307.293  3.604  5.938 15.421 2.32 19 4.453 0.476 6.256 14.982 1.190 5.305 -1.396
2025   1  37710 GPS  -2267757.880  5009161.994  3221307.270  3.825  6.058 15.171 2.33 19 4.451 0.606 6.061 14.009 1.190 5.305 -1.396
2025   1  37740 GPS  -2267757.438  5009161.770  3221307.017  3.515  6.036 14.709 2.33 19 4.525 0.621 6.204 13.765 1.190 5.305 -1.396
2025   1  37770 GPS  -2267757.915  5009162.741  3221307.481  3.550  5.887 15.876 2.33 19 4.483 0.501 6.547 16.070 1.190 5.305 -1.396
2025   1  37800 GPS  -2267756.277  5009159.809  3221305.638  3.266  6.000 12.058 2.24 18 4.464 -0.044 7.290 17.305 1.334 5.305 -1.117
2025   1  37830 GPS  -2267756.462  5009159.629  3221305.637  3.510  6.043 11.982 2.32 18 4.397 -0.020 7.218 15.639 1.334 5.305 -1.117
2025   1  37860 GPS  -2267756.627  5009159.712  3221305.536  3.625  5.882 12.054 2.33 18 4.503 -0.076 7.573 16.505 1.334 5.305 -1.117
2025   1  37890 GPS  -2267756.341  5009158.741  3221304.933  3.765  5.873 10.884 2.33 18 4.519 0.129 7.462 15.954 1.334 5.305 -1.117
2025   1  37920 GPS  -2267758.546  5009162.385  3221307.487  4.271  5.924 15.825 2.44 17 4.472 0.711 6.485 14.586 1.412 5.305 -1.117
2025   1  37950 GPS  -2267758.440  5009162.145  3221307.282  4.273  5.881 15.494 2.45 17 4.504 0.784 6.471 14.837 1.412 5.305 -1.117
2025   1  37980 GPS  -2267758.141  5009161.262  3221306.604  4.365  5.768 14.351 2.45 17 4.631 0.797 6.959 15.901 1.412 5.305 -1.117
2025   1  38010 GPS  -2267758.175  5009161.469  3221306.767  4.311  5.806 14.608 2.46 17 4.688 0.870 6.966 15.923 1.412 5.305 -1.117
2025   1  38040 GPS  -2267756.547  5009158.666  3221305.155  3.983  6.056 11.012 2.36 18 4.586 0.335 7.646 17.355 1.334 5.305 -1.117
2025   1  38070 GPS  -2267756.374  5009157.879  3221304.860  4.150  6.202 10.183 2.36 18 4.575 0.328 7.753 17.281 1.334 5.305 -1.117
2025   1  38100 GPS  -2267756.621  5009158.032  3221304.857  4.313  6.077 10.388 2.37 18 4.591 0.384 7.615 17.251 1.334 5.305 -1.117
2025   1  38130 GPS  -2267756.507  5009157.989  3221304.682  4.226  5.970 10.226 2.37 18 4.614 0.412 7.774 17.623 1.334 5.305 -1.117
2025   1  38160 GPS  -2267756.023  5009157.249  3221304.316 4.090 6.098 9.287 2.37 18 4.630 0.571 7.656 17.609 1.334 5.305 -1.117
2025   1  38190 GPS  -2267756.643  5009158.306  3221304.904  4.219  5.986 10.636 2.38 18 4.620 0.445 7.914 17.649 1.334 5.305 -1.117
2025   1  38220 GPS  -2267756.229  5009157.558  3221304.473 4.151 6.048 9.683 2.38 18 4.831 0.467 8.211 18.203 1.334 5.305 -1.117
2025   1  38250 GPS  -2267756.450  5009157.792  3221304.538 4.256 5.949 9.978 2.38 18 4.795 0.518 8.186 18.300 1.334 5.305 -1.117
2025   1  38280 GPS  -2267756.316  5009157.383  3221304.387 4.302 6.037 9.533 2.39 19 4.752 0.571 8.128 18.647 1.205 5.305 -1.117
2025   1  38310 GPS  -2267756.319  5009157.232  3221303.925 4.368 5.708 9.180 2.39 19 4.769 0.625 8.125 18.360 1.205 5.305 -1.117
2025   1  38340 GPS  -2267756.400  5009157.396  3221304.087 4.373 5.755 9.420 2.39 19 4.911 0.540 8.463 19.005 1.205 5.305 -1.117
2025   1  38370 GPS  -2267756.236  5009157.343  3221304.272 4.246 5.972 9.414 2.39 19 4.878 0.722 8.167 18.786 1.205 5.305 -1.117
2025   1  38400 GPS  -2267756.753  5009158.118  3221304.370  4.397  5.589 10.256 2.39 19 4.781 0.603 8.316 18.937 1.205 5.305 -1.117
2025   1  38430 GPS  -2267755.930  5009156.872  3221303.936 4.162 5.965 8.766 2.39 19 4.765 0.652 8.351 18.643 1.205 5.305 -1.117
2025   1  38460 GPS  -2267756.241  5009157.660  3221305.599  4.119  6.968 10.339 2.32 19 5.038 0.142 8.195 17.004 1.205 5.305 -1.117
2025   1  38490 GPS  -2267756.974  5009158.202  3221305.818  4.564  6.752 11.136 2.33 19 4.887 0.316 7.956 17.300 1.205 5.305 -1.117
2025   1  38520 GPS  -2267756.021  5009157.750  3221305.506  3.882  6.892 10.285 2.33 19 4.882 0.344 7.899 17.510 1.205 5.305 -1.117
2025   1  38550 GPS  -2267758.213  5009160.259  3221306.844  4.844  6.425 13.711 2.46 18 4.937 0.602 7.736 18.014 1.016 5.305 -1.117
2025   1  38580 GPS  -2267757.987  5009159.884  3221306.880  4.794  6.677 13.355 2.46 18 4.918 0.611 7.743 18.138 1.016 5.305 -1.117
2025   1  38610 GPS  -2267758.100  5009159.829  3221306.808  4.919  6.616 13.316 2.46 18 4.985 0.634 7.653 17.214 1.016 5.305 -1.117
2025   1  38640 GPS  -2267757.914  5009159.666  3221306.391  4.816  6.371 12.909 2.47 18 4.990 0.640 7.928 18.354 1.016 5.305 -1.117
2025   1  38670 GPS  -2267756.926  5009158.440  3221305.521  4.422  6.396 11.155 2.47 18 5.065 0.732 7.985 17.573 1.016 5.305 -1.117
2025   1  38700 GPS  -2267757.044  5009158.039  3221305.189  4.695  6.271 10.713 2.47 18 4.878 0.739 7.766 17.327 1.016 5.305 -1.117
2025   1  38730 GPS  -2267756.816  5009157.788  3221305.422  4.591  6.636 10.554 2.47 18 4.885 0.693 7.795 17.990 1.016 5.305 -1.117
2025   1  38760 GPS  -2267756.901  5009157.406  3221304.762 4.826 6.226 9.949 2.47 18 4.841 0.677 7.948 18.821 1.016 5.305 -1.117
2025   1  38790 GPS  -2267758.382  5009158.676  3221305.595  5.651  6.046 11.895 2.42 18 4.688 1.182 8.017 18.360 1.016 5.305 -1.117
2025   1  38820 GPS  -2267758.327  5009158.831  3221305.776  5.537  6.141 12.089 2.42 18 4.831 1.070 8.204 20.021 1.016 5.305 -1.117
2025   1  38850 GPS  -2267761.866  5009162.871  3221308.090  7.095  5.523 17.691 2.58 17 4.542 1.745 6.137 14.800 1.076 5.305 -1.117
2025   1  38880 GPS  -2267758.594  5009158.930  3221306.004  5.739  6.236 12.377 2.42 18 4.606 1.356 7.148 16.411 1.272 5.305 -1.117
2025   1  38910 GPS  -2267755.863  5009155.753  3221304.007 4.562 6.559 7.900 2.29 19 4.663 0.985 8.049 17.132 1.205 5.305 -1.117
2025   1  38940 GPS  -2267755.473  5009155.391  3221303.824 4.356 6.650 7.383 2.29 19 4.603 1.057 8.056 17.039 1.205 5.305 -1.117
2025   1  38970 GPS  -2267755.294  5009154.777  3221303.257 4.446 6.483 6.550 2.28 19 4.621 1.044 7.973 17.390 1.205 5.305 -1.117
2025   1  39000 GPS  -2267755.240  5009154.827  3221303.201 4.376 6.424 6.542 2.28 19 4.698 1.010 8.063 17.157 1.205 5.305 -1.117
2025   1  39030 GPS  -2267755.251  5009154.599  3221302.925 4.480 6.289 6.227 2.28 19 4.616 1.144 8.022 18.185 1.205 5.305 -1.117
2025   1  39060 GPS  -2267754.525  5009153.557  3221302.427 4.249 6.494 4.899 2.28 19 4.643 1.137 8.039 18.326 1.205 5.305 -1.117
2025   1  39090 GPS  -2267754.285  5009153.201  3221301.937 4.177 6.287 4.284 2.27 19 4.662 1.283 8.073 19.084 1.205 5.305 -1.117
2025   1  39120 GPS  -2267753.657  5009151.912  3221301.458 4.136 6.603 2.807 2.27 19 4.720 1.249 8.272 19.475 1.205 5.305 -1.117
2025   1  39150 GPS  -2267753.944  5009152.329  3221301.631 4.225 6.498 3.324 2.27 19 4.554 1.161 7.983 19.284 1.205 5.305 -1.117
2025   1  39180 GPS  -2267754.034  5009152.425  3221301.763 4.268 6.549 3.499 2.26 19 4.489 1.085 7.783 18.579 1.205 5.305 -1.117
2025   1  39210 GPS  -2267754.530  5009152.374  3221301.813 4.741 6.512 3.660 2.26 19 4.319 1.154 7.498 18.525 1.205 5.305 -1.117
2025   1  39240 GPS  -2267754.430  5009152.232  3221301.740 4.708 6.535 3.476 2.25 19 4.460 1.095 7.688 18.207 1.205 5.305 -1.117
2025   1  39270 GPS  -2267754.234  5009152.176  3221301.768 4.553 6.626 3.377 2.25 19 4.331 1.207 7.400 17.862 1.205 5.305 -1.117
2025   1  39300 GPS  -2267753.641  5009151.116  3221301.165 4.451 6.722 2.028 2.24 19 4.277 1.214 7.304 17.672 1.205 5.305 -1.117
2025   1  39330 GPS  -2267753.230  5009150.760  3221300.794 4.223 6.653 1.414 2.24 19 4.356 1.180 7.534 18.448 1.205 5.305 -1.117
2025   1  39360 GPS  -2267753.256  5009150.519  3221300.569 4.346 6.566 1.120 2.23 19 4.278 1.191 7.573 19.012 1.205 5.305 -1.117
2025   1  39390 GPS  -2267752.648  5009149.759  3221299.807  4.105  6.388 -0.080 2.23 19 4.329 1.198 7.713 19.294 1.205 5.305 -1.117
2025   1  39420 GPS  -2267752.735  5009150.117  3221299.929 4.036 6.310 0.294 2.22 19 4.256 1.216 7.632 19.945 1.205 5.305 -1.117
2025   1  39450 GPS  -2267752.414  5009149.826  3221299.884  3.864  6.472 -0.071 2.28 18 4.393 1.313 7.768 20.259 1.101 5.305 -1.117
2025   1  39480 GPS  -2267752.563  5009149.531  3221299.511  4.121  6.257 -0.439 2.27 18 4.458 1.310 7.957 20.476 1.101 5.305 -1.117
2025   1  39510 GPS  -2267754.112  5009150.992  3221300.583 4.930 6.179 1.802 2.41 17 4.345 1.749 7.270 19.168 1.166 5.305 -1.117
2025   1  39540 GPS  -2267754.463  5009150.930  3221300.542 5.276 6.099 1.858 2.40 17 4.307 1.783 6.985 18.897 1.166 5.305 -1.117
2025   1  39570 GPS  -2267755.256  5009151.512  3221300.978 5.758 6.039 2.818 2.39 17 4.166 1.805 7.018 18.962 1.166 5.305 -1.117
2025   1  39600 GPS  -2267756.146  5009152.722  3221301.406 6.070 5.661 4.300 2.57 16 4.346 2.110 6.896 18.443 0.951 5.305 -1.117
2025   1  39630 GPS  -2267756.369  5009153.201  3221301.486 6.075 5.461 4.796 2.56 16 4.331 2.065 6.895 18.515 0.951 5.305 -1.117
2025   1  39660 GPS  -2267755.327  5009151.250  3221300.172 5.931 5.452 2.227 2.60 16 4.332 1.282 5.878 18.928 0.951 5.305 -1.117
2025   1  39690 GPS  -2267754.527  5009149.716  3221299.301 5.834 5.579 0.297 2.59 16 4.210 1.278 5.979 19.815 0.951 5.305 -1.117
2025   1  39720 GPS  -2267754.364  5009150.098  3221299.267 5.529 5.406 0.521 2.57 16 4.222 1.335 6.033 19.983 0.951 5.305 -1.117
2025   1  39750 GPS  -2267754.665  5009149.840  3221299.382 5.909 5.562 0.485 2.56 16 4.212 1.249 5.889 19.342 0.951 5.305 -1.117
2025   1  39780 GPS  -2267755.483  5009152.667  3221299.895 5.488 4.524 3.254 2.93 16 4.243 0.993 5.838 18.654 0.951 5.305 -1.117
2025   1  39810 GPS  -2267755.360  5009152.590  3221300.066 5.408 4.733 3.236 2.92 16 4.119 0.916 5.644 17.975 0.951 5.305 -1.117
2025   1  39840 GPS  -2267755.548  5009152.186  3221299.603 5.746 4.482 2.751 2.90 16 4.223 0.927 5.765 18.385 0.951 5.305 -1.117
2025   1  39870 GPS  -2267755.330  5009151.737  3221299.435 5.733 4.590 2.236 2.89 16 4.204 1.039 5.904 19.175 0.951 5.305 -1.117
2025   1  39900 GPS  -2267755.126  5009151.245  3221299.309 5.750 4.753 1.714 2.87 16 4.091 0.975 5.793 18.885 0.951 5.305 -1.117
2025   1  39930 GPS  -2267754.375  5009150.340  3221299.069 5.439 5.122 0.615 2.86 17 4.190 1.039 5.926 19.389 0.895 5.305 -1.117
2025   1  39960 GPS  -2267749.557  5009144.011  3221295.279  3.660  5.796 -7.989 2.64 17 3.947 -0.287 3.768 7.708 0.845 5.305 -1.117
2025   1  39990 GPS  -2267749.579  5009143.496  3221294.991  3.892  5.781 -8.531 2.63 17 3.804 -0.248 3.648 7.352 0.845 5.305 -1.117
2025   1  40020 GPS  -2267748.923  5009142.802  3221294.711  3.581  5.998 -9.451 2.46 18 3.561 -0.339 3.540 7.556 1.043 5.305 -1.117
2025   1  40050 GPS  -2267748.614  5009142.631  3221294.546  3.370  6.001 -9.779 2.45 18 3.513 -0.276 3.357 7.013 1.043 5.305 -1.117
2025   1  40080 GPS  -2267748.908  5009142.968  3221294.946  3.499  6.127 -9.206 2.43 18 3.553 -0.330 3.361 7.288 1.043 5.305 -1.117
2025   1  40110 GPS  -2267748.840  5009142.933  3221294.765  3.451  6.002 -9.350 2.42 18 3.624 -0.389 3.447 7.318 1.043 5.305 -1.117
2025   1  40140 GPS  -2267748.919  5009142.541  3221294.290  3.685  5.758 -9.871 2.41 18 3.404 -0.312 3.242 6.953 1.043 5.305 -1.117
2025   1  40170 GPS  -2267748.701  5009142.534  3221294.367  3.489  5.873 -9.915 2.40 18 3.439 -0.252 3.146 6.899 1.043 5.305 -1.117
2025   1  40200 GPS  -2267748.622  5009142.023  3221294.275   3.628   6.047 -10.390 2.38 18 3.460 -0.330 3.190 6.919 1.043 5.305 -1.117
2025   1  40230 GPS  -2267749.004  5009142.482  3221294.388  3.787  5.852 -9.837 2.37 18 3.449 -0.341 3.191 6.740 1.043 5.305 -1.117
2025   1  40260 GPS  -2267749.529  5009142.983  3221294.694  4.058  5.773 -9.102 2.36 18 3.389 -0.391 3.179 6.863 1.043 5.305 -1.117
2025   1  40290 GPS  -2267748.633  5009142.395  3221294.295   3.484   5.889 -10.085 2.34 18 3.453 -0.402 3.316 6.676 1.043 5.305 -1.117
2025   1  40320 GPS  -2267748.785  5009142.191  3221294.175   3.707   5.849 -10.252 2.33 18 3.341 -0.373 3.153 6.488 1.043 5.305 -1.117
2025   1  40350 GPS  -2267749.233  5009142.325  3221294.465  4.060  5.943 -9.841 2.32 18 3.317 -0.339 3.022 6.431 1.043 5.305 -1.117
2025   1  40380 GPS  -2267748.699  5009141.968  3221293.551   3.721   5.433 -10.774 2.38 18 3.391 -0.098 3.066 6.252 1.043 5.305 -1.117
2025   1  40410 GPS  -2267748.616  5009142.149  3221293.854   3.571   5.627 -10.507 2.37 18 3.418 -0.035 3.015 6.487 1.043 5.305 -1.117
2025   1  40440 GPS  -2267748.974  5009142.779  3221293.929  3.637  5.325 -9.848 2.36 19 3.321 0.022 2.932 6.505 1.043 5.305 -1.117
2025   1  40470 GPS  -2267749.219  5009142.614  3221293.786  3.928  5.227 -9.963 2.56 18 3.269 0.057 2.862 6.310 1.101 5.305 -1.117
2025   1  40500 GPS  -2267749.575  5009143.116  3221293.944  4.045  5.056 -9.362 2.55 18 3.441 -0.002 3.028 6.585 1.101 5.305 -1.117
2025   1  40530 GPS  -2267749.340  5009142.777  3221293.961  3.971  5.277 -9.703 2.53 18 3.404 0.054 3.010 6.252 1.101 5.305 -1.117
2025   1  40560 GPS  -2267749.528  5009142.724  3221293.874  4.164  5.187 -9.723 2.52 17 3.269 0.104 2.888 6.061 1.101 5.305 -1.117
2025   1  40590 GPS  -2267749.462  5009141.771  3221293.391   4.498   5.227 -10.739 2.51 17 3.236 0.047 2.871 5.982 1.101 5.305 -1.117
2025   1  40620 GPS  -2267749.055  5009141.630  3221293.641   4.185   5.592 -10.867 2.50 17 3.146 0.095 2.796 5.835 1.101 5.305 -1.117
2025   1  40650 GPS  -2267749.015  5009141.784  3221293.482   4.084   5.392 -10.841 2.48 17 3.305 0.093 2.904 5.926 1.101 5.305 -1.117
2025   1  40680 GPS  -2267747.861  5009141.128  3221292.904   3.304   5.440 -12.059 2.27 18 3.233 0.020 3.062 5.635 1.043 5.305 -1.117
2025   1  40710 GPS  -2267747.179  5009140.269  3221292.567   3.037   5.690 -13.147 2.26 18 3.156 0.011 3.071 5.373 1.043 5.305 -1.117
2025   1  40740 GPS  -2267747.552  5009141.164  3221292.979   3.008   5.552 -12.103 2.25 18 3.272 0.018 3.252 6.083 1.043 5.305 -1.117
2025   1  40770 GPS  -2267747.975  5009141.183  3221292.993   3.385   5.467 -11.931 2.24 18 3.226 0.007 3.221 6.051 1.043 5.305 -1.117
2025   1  40800 GPS  -2267747.501  5009140.941  3221292.708   3.053   5.433 -12.433 2.02 18 3.098 0.183 3.153 6.803 1.043 5.305 -1.117
2025   1  40830 GPS  -2267746.930  5009140.293  3221292.154   2.800   5.375 -13.427 2.02 18 3.100 0.224 3.139 6.806 1.043 5.305 -1.117
2025   1  40860 GPS  -2267746.873  5009139.626  3221291.981   3.024   5.547 -14.058 2.01 18 3.091 0.170 3.257 7.153 1.043 5.305 -1.117
2025   1  40890 GPS  -2267746.773  5009140.194  3221292.239   2.698   5.527 -13.517 2.00 18 2.984 0.191 3.224 7.990 1.043 5.305 -1.117
2025   1  40920 GPS  -2267746.872  5009140.367  3221292.443   2.717   5.602 -13.242 2.00 18 3.061 0.294 3.295 8.655 1.043 5.305 -1.117
2025   1  40950 GPS  -2267746.928  5009140.621  3221292.553   2.663   5.567 -12.967 1.99 18 3.040 0.292 3.319 8.730 1.043 5.305 -1.117
2025   1  40980 GPS  -2267746.421  5009137.386  3221291.701   3.535   6.437 -16.118 2.09 18 2.780 0.653 3.501 8.613 1.043 5.305 -1.117
2025   1  41010 GPS  -2267746.710  5009137.771  3221291.961   3.640   6.423 -15.582 1.99 19 2.589 0.592 3.322 8.488 0.991 5.305 -1.117
2025   1  41040 GPS  -2267746.681  5009137.962  3221292.147   3.534   6.500 -15.348 1.99 19 2.588 0.619 3.492 9.710 0.991 5.305 -1.117
2025   1  41070 GPS  -2267747.049  5009137.622  3221292.330   4.010   6.738 -15.390 1.98 19 2.655 0.534 3.550 9.781 0.991 5.305 -1.117
2025   1  41100 GPS  -2267746.953  5009137.903  3221292.273   3.807   6.579 -15.233 1.98 19 2.609 0.577 3.529 10.096 0.991 5.305 -1.117
2025   1  41130 GPS  -2267747.303  5009138.086  3221292.520   4.050   6.634 -14.840 1.97 20 2.596 0.663 3.649 10.598 0.944 5.305 -1.117
2025   1  41160 GPS  -2267746.911  5009137.697  3221292.179   3.853   6.602 -15.458 1.92 19 2.714 0.701 3.909 11.631 0.831 5.305 -1.117
2025   1  41190 GPS  -2267746.764  5009137.596  3221292.115   3.761   6.624 -15.622 1.92 19 2.676 0.704 3.922 11.741 0.831 5.305 -1.117
2025   1  41220 GPS  -2267746.805  5009137.948  3221292.446   3.654   6.738 -15.162 1.91 19 2.676 0.683 3.997 12.445 0.831 5.305 -1.117
2025   1  41250 GPS  -2267746.797  5009137.842  3221292.386   3.690   6.737 -15.279 1.91 19 2.688 0.765 4.063 13.113 0.831 5.305 -1.117
2025   1  41280 GPS  -2267746.570  5009137.479  3221292.316   3.633   6.893 -15.680 1.90 19 2.764 0.822 4.255 13.798 0.831 5.305 -1.117
2025   1  41310 GPS  -2267746.505  5009137.607  3221291.460   3.521   6.109 -16.038 1.92 18 2.205 0.100 2.647 6.913 0.831 5.305 -1.117
2025   1  41340 GPS  -2267746.801  5009137.793  3221291.485   3.714   5.983 -15.774 1.91 18 2.060 0.138 2.526 6.880 0.831 5.305 -1.117
2025   1  41370 GPS  -2267746.317  5009137.874  3221291.420   3.240   5.991 -15.915 1.91 18 2.167 0.057 2.683 7.394 0.831 5.305 -1.117
2025   1  41400 GPS  -2267746.804  5009140.003  3221293.596   2.805   6.777 -12.966 1.86 20 3.075 1.284 5.788 15.255 0.831 5.305 -1.117
2025   1  41430 GPS  -2267745.691  5009137.865  3221291.470   2.673   6.169 -16.120 1.90 18 2.139 0.056 2.617 6.344 0.831 5.305 -1.117
2025   1  41460 GPS  -2267746.358  5009138.101  3221291.949   3.183   6.333 -15.454 1.90 18 1.932 0.037 2.312 5.500 0.831 5.305 -1.117
2025   1  41490 GPS  -2267746.069  5009138.077  3221291.948   2.930   6.403 -15.576 1.90 18 2.058 0.094 2.565 6.238 0.791 5.305 -1.117
2025   1  41520 GPS  -2267745.453  5009137.518  3221291.865   2.599   6.720 -16.275 1.89 18 2.179 0.098 2.789 6.888 0.791 5.305 -1.117
2025   1  41550 GPS  -2267745.932  5009138.297  3221292.201   2.714   6.549 -15.323 1.89 18 1.934 0.091 2.357 6.022 0.791 5.305 -1.117
2025   1  41580 GPS  -2267745.889  5009138.121  3221292.263   2.748   6.693 -15.445 1.88 18 1.997 0.065 2.460 6.197 0.791 5.305 -1.117
2025   1  41610 GPS  -2267745.874  5009138.587  3221292.436   2.542   6.629 -14.997 1.88 18 2.073 0.039 2.526 6.213 0.791 5.305 -1.117
2025   1  41640 GPS  -2267744.117  5009140.378  3221293.550   0.202   7.127 -13.650 1.89 19 2.337 0.438 3.420 10.859 0.791 5.305 -1.117
2025   1  41670 GPS  -2267743.743  5009140.062  3221293.531  -0.008   7.336 -14.040 1.89 19 2.431 0.432 3.441 10.192 0.791 5.305 -1.117
2025   1  41700 GPS  -2267744.612  5009140.943  3221294.034   0.420   7.179 -12.785 1.89 19 2.281 0.392 3.313 9.826 0.791 5.305 -1.117
2025   1  41730 GPS  -2267744.414  5009141.277  3221294.230   0.103   7.235 -12.494 1.89 19 2.303 0.358 3.294 9.697 0.791 5.305 -1.117
2025   1  41760 GPS  -2267744.425  5009141.228  3221294.501   0.133   7.489 -12.390 1.89 19 2.256 0.375 3.209 9.685 0.791 5.305 -1.117
2025   1  41790 GPS  -2267744.502  5009141.602  3221294.304   0.048   7.130 -12.169 1.89 19 2.216 0.319 3.170 9.331 0.791 5.305 -1.117
2025   1  41820 GPS  -2267744.310  5009141.494  3221294.347  -0.082   7.258 -12.301 1.89 19 2.111 0.256 2.969 8.544 0.791 5.305 -1.117
2025   1  41850 GPS  -2267744.640  5009142.064  3221294.686  -0.017   7.216 -11.564 1.89 19 2.153 0.224 2.859 7.682 0.791 5.305 -1.117
2025   1  41880 GPS  -2267744.818  5009142.084  3221295.085   0.137   7.513 -11.282 1.89 19 2.148 0.192 2.932 7.966 0.791 5.305 -1.117
2025   1  41910 GPS  -2267744.443  5009141.615  3221295.087  -0.011   7.811 -11.783 1.89 19 2.338 0.184 2.995 7.856 0.791 5.305 -1.117
2025   1  41940 GPS  -2267744.619  5009141.601  3221295.171   0.155   7.853 -11.689 1.89 19 2.266 0.129 2.876 7.229 0.791 5.305 -1.117
2025   1  41970 GPS  -2267744.205  5009141.580  3221295.350  -0.213   8.103 -11.761 1.89 19 2.407 0.132 2.959 7.310 0.791 5.305 -1.117
2025   1  42000 GPS  -2267743.993  5009141.538  3221295.171  -0.389   8.013 -11.960 1.89 19 2.371 0.168 2.984 7.470 0.791 5.305 -1.117
2025   1  42030 GPS  -2267743.856  5009141.394  3221295.514  -0.455   8.404 -11.948 1.89 19 2.448 0.101 2.922 6.862 0.791 5.305 -1.117
2025   1  42060 GPS  -2267744.432  5009142.155  3221296.208  -0.243   8.529 -10.794 1.89 19 2.398 -0.029 2.922 5.990 0.791 5.305 -1.117
2025   1  42090 GPS  -2267744.251  5009142.372  3221296.357  -0.498   8.594 -10.611 1.89 19 2.563 -0.030 2.943 5.619 0.791 5.305 -1.117
2025   1  42120 GPS  -2267744.495  5009142.065  3221296.382  -0.149   8.707 -10.753 1.89 19 2.590 -0.105 2.874 5.518 0.791 5.305 -1.117
2025   1  42150 GPS  -2267744.391  5009142.443  3221297.006  -0.400   9.091 -10.177 1.89 19 2.807 -0.182 3.026 6.118 0.791 5.305 -1.117
2025   1  42180 GPS  -2267744.359  5009142.750  3221297.326 -0.555  9.232 -9.784 1.89 19 2.751 -0.166 2.993 5.678 0.791 5.305 -1.117
2025   1  42210 GPS  -2267744.365  5009142.316  3221295.343  -0.371   7.723 -11.131 1.97 19 2.531 0.324 3.297 6.541 0.791 5.305 -1.117
2025   1  42240 GPS  -2267744.790  5009143.049  3221295.502  -0.286   7.432 -10.323 1.97 19 2.506 0.311 3.338 7.189 0.791 5.305 -1.117
2025   1  42270 GPS  -2267744.614  5009142.743  3221295.571  -0.320   7.670 -10.591 1.97 19 2.583 0.287 3.389 7.802 0.831 5.305 -1.117
2025   1  42300 GPS  -2267744.837  5009142.923  3221296.029  -0.192   7.934 -10.138 1.98 19 2.596 0.310 3.522 8.520 0.791 5.305 -1.117
2025   1  42330 GPS  -2267744.623  5009142.443  3221295.850  -0.189   8.047 -10.681 1.98 19 2.670 0.358 3.469 8.790 0.791 5.305 -1.117
2025   1  42360 GPS  -2267744.161  5009142.701  3221296.088  -0.715   8.229 -10.522 1.98 19 2.771 0.356 3.557 9.336 0.791 5.305 -1.117
2025   1  42390 GPS  -2267744.903  5009143.164  3221296.197 -0.230  7.954 -9.840 1.99 19 2.621 0.211 3.520 9.036 0.791 5.305 -1.117
2025   1  42420 GPS  -2267744.005  5009142.618  3221296.030  -0.823   8.251 -10.672 1.99 19 2.633 0.249 3.504 9.158 0.791 5.305 -1.117
2025   1  42450 GPS  -2267745.351  5009146.225  3221299.757 -1.085  9.510 -5.470 1.91 21 3.254 1.149 6.096 15.879 0.791 5.305 -1.117
2025   1  42480 GPS  -2267745.095  5009146.586  3221299.939 -1.467  9.553 -5.185 1.91 21 3.279 1.183 5.994 15.319 0.791 5.305 -1.117
2025   1  42510 GPS  -2267744.573  5009143.152  3221296.572 -0.526  8.351 -9.776 2.00 19 2.614 0.206 3.536 9.447 0.791 5.305 -1.117
2025   1  42540 GPS  -2267744.407  5009142.746  3221296.272  -0.510   8.315 -10.306 2.01 19 2.609 0.238 3.566 9.815 0.791 5.305 -1.117
2025   1  42570 GPS  -2267744.418  5009142.737  3221296.253  -0.496   8.302 -10.319 2.01 19 2.598 0.241 3.517 10.161 0.791 5.305 -1.117
2025   1  42600 GPS  -2267744.916  5009143.772  3221296.431 -0.470  7.872 -9.239 2.02 19 2.551 0.162 3.575 9.787 0.791 5.305 -1.117
2025   1  42630 GPS  -2267744.832  5009143.563  3221296.556 -0.459  8.094 -9.370 2.02 19 2.458 0.187 3.538 9.879 0.791 5.305 -1.117
2025   1  42660 GPS  -2267745.436  5009147.051  3221300.058 -1.348  9.369 -4.639 1.93 21 3.087 0.927 5.978 15.064 0.791 5.305 -1.117
2025   1  42690 GPS  -2267745.269  5009147.125  3221300.141 -1.531  9.441 -4.598 1.93 21 3.059 0.910 5.881 14.674 0.791 5.305 -1.117
2025   1  42720 GPS  -2267745.733  5009147.429  3221300.360 -1.234  9.392 -4.084 1.94 21 3.168 0.909 6.053 15.095 0.791 5.305 -1.117
2025   1  42750 GPS  -2267745.040  5009143.987  3221296.996 -0.445  8.232 -8.739 2.04 19 2.515 0.086 3.647 9.970 0.791 5.305 -1.117
2025   1  42780 GPS  -2267745.339  5009147.115  3221300.386 -1.463  9.642 -4.457 1.95 21 3.208 0.847 5.989 15.870 0.791 5.305 -1.117
2025   1  42810 GPS  -2267745.364  5009147.286  3221300.590 -1.511  9.734 -4.210 1.95 21 3.122 0.732 5.899 14.829 0.791 5.305 -1.117
2025   1  42840 GPS  -2267745.362  5009147.401  3221300.671 -1.560  9.750 -4.079 1.95 21 3.071 0.751 5.679 14.422 0.791 5.305 -1.117
2025   1  42870 GPS  -2267745.391  5009147.034  3221300.350 -1.382  9.638 -4.521 1.96 21 2.968 0.600 5.705 13.593 0.791 5.305 -1.117
2025   1  42900 GPS  -2267744.707  5009146.412  3221299.216 -1.749  9.092 -5.827 2.00 21 2.951 0.144 5.008 14.067 0.791 5.305 -1.117
2025   1  42930 GPS  -2267745.067  5009144.572  3221297.216 -0.662  8.146 -8.159 2.07 20 2.480 -0.128 3.686 9.615 0.791 5.305 -1.117
2025   1  42960 GPS  -2267745.284  5009147.357  3221299.698 -1.612  8.949 -4.636 2.01 21 2.911 0.065 5.092 14.493 0.791 5.305 -1.117
2025   1  42990 GPS  -2267745.398  5009147.758  3221300.053 -1.674  9.045 -4.100 2.02 21 2.837 0.040 4.916 13.336 0.791 5.305 -1.117
2025   1  43020 GPS  -2267745.105  5009147.290  3221299.523 -1.748  8.867 -4.841 2.02 20 2.886 0.129 4.887 13.450 0.831 5.305 -1.117
2025   1  43050 GPS  -2267745.167  5009146.899  3221299.760 -1.531  9.239 -5.006 2.03 20 2.795 0.150 4.626 12.534 0.831 5.305 -1.117
2025   1  43080 GPS  -2267745.071  5009146.914  3221299.448 -1.624  8.984 -5.186 2.03 20 2.828 0.096 4.817 13.226 0.831 5.305 -1.117
2025   1  43110 GPS  -2267745.340  5009146.584  3221299.494 -1.243  9.119 -5.326 2.04 20 2.830 0.024 4.784 12.384 0.831 5.305 -1.117
2025   1  43140 GPS  -2267745.094  5009146.420  3221299.353 -1.400  9.125 -5.614 2.04 20 2.821 0.117 4.803 13.002 0.831 5.305 -1.117
2025   1  43170 GPS  -2267744.943  5009146.732  3221299.635 -1.666  9.256 -5.280 2.05 20 2.729 0.010 4.608 12.585 0.831 5.305 -1.117
2025   1  43200 GPS  -2267745.283  5009147.303  3221300.529 -1.591  9.689 -4.257 2.01 21 2.955 0.396 5.600 13.431 0.791 5.305 -1.117
2025   1  43230 GPS  -2267745.502  5009148.765  3221301.258 -1.995  9.596 -2.661 2.06 21 2.959 0.641 5.266 12.932 0.791 5.305 -1.117
2025   1  43260 GPS  -2267745.675  5009148.525  3221301.506 -1.738  9.883 -2.662 2.06 21 2.838 0.651 5.076 13.202 0.791 5.305 -1.117
2025   1  43290 GPS  -2267745.883  5009149.114  3221301.529 -1.792  9.587 -2.114 2.07 21 2.941 0.542 5.156 12.437 0.791 5.305 -1.117
2025   1  43320 GPS  -2267745.683  5009149.019  3221301.510 -1.935  9.657 -2.270 2.07 21 3.024 0.570 5.364 12.441 0.791 5.305 -1.117
2025   1  43350 GPS  -2267745.740  5009149.323  3221301.794 -2.009  9.749 -1.866 2.08 21 2.970 0.606 5.284 12.885 0.791 5.305 -1.117
2025   1  43380 GPS  -2267746.020  5009149.134  3221301.794 -1.675  9.778 -1.916 2.08 21 2.913 0.448 5.005 11.869 0.791 5.305 -1.117
2025   1  43410 GPS  -2267745.543  5009148.934  3221301.525 -2.027  9.738 -2.379 2.08 21 2.898 0.474 5.175 13.086 0.791 5.305 -1.117
2025   1  43440 GPS  -2267745.021  5009148.690  3221301.536 -2.402  9.970 -2.749 2.00 21 2.902 0.594 4.998 13.209 0.791 5.305 -1.117
2025   1  43470 GPS  -2267745.373  5009148.716  3221301.690 -2.092 10.017 -2.526 2.01 21 3.018 0.536 5.180 12.777 0.791 5.305 -1.117
2025   1  43500 GPS  -2267745.037  5009148.190  3221301.587 -2.181 10.242 -3.111 2.02 21 2.888 0.542 5.228 14.039 0.791 5.305 -1.117
2025   1  43530 GPS  -2267745.418  5009148.843  3221301.872 -2.103 10.106 -2.318 2.02 21 2.865 0.546 4.974 12.989 0.791 5.305 -1.117
2025   1  43560 GPS  -2267745.015  5009149.281  3221301.853 -2.651  9.971 -2.126 2.09 21 2.967 0.650 5.087 13.174 0.791 5.305 -1.117
2025   1  43590 GPS  -2267745.402  5009149.594  3221302.533 -2.428 10.331 -1.398 2.09 21 2.935 0.613 4.972 12.825 0.791 5.305 -1.117
2025   1  43620 GPS  -2267745.372  5009149.323  3221302.458 -2.343 10.397 -1.660 2.10 21 2.883 0.635 5.070 13.824 0.791 5.305 -1.117
2025   1  43650 GPS  -2267745.326  5009149.437  3221302.469 -2.433 10.364 -1.581 2.10 21 2.949 0.607 5.116 13.299 0.791 5.305 -1.117
2025   1  43680 GPS  -2267745.289  5009149.402  3221302.437 -2.451 10.361 -1.638 2.11 21 2.850 0.595 4.995 13.481 0.791 5.305 -1.117
2025   1  43710 GPS  -2267744.706  5009147.327  3221300.718 -2.127  9.962 -4.346 2.19 20 2.633 0.143 3.913 9.695 0.831 5.305 -1.117
2025   1  43740 GPS  -2267744.913  5009148.036  3221300.747 -2.231  9.616 -3.702 2.19 20 2.707 0.117 3.903 9.515 0.831 5.305 -1.117
2025   1  43770 GPS  -2267745.334  5009148.985  3221302.419 -2.239 10.529 -1.958 2.12 21 3.000 0.597 5.052 14.053 0.791 5.305 -1.117
2025   1  43800 GPS  -2267745.432  5009149.271  3221302.613 -2.267 10.543 -1.601 2.13 21 2.980 0.515 5.063 13.717 0.791 5.305 -1.117
2025   1  43830 GPS  -2267745.829  5009150.481  3221302.919 -2.405 10.163 -0.354 2.13 21 3.058 0.447 5.346 14.468 0.791 5.305 -1.117
2025   1  43860 GPS  -2267745.593  5009150.221  3221302.701 -2.512 10.146 -0.753 2.14 21 2.977 0.424 5.310 14.708 0.791 5.305 -1.117
2025   1  43890 GPS  -2267745.843  5009150.754  3221302.923 -2.505 10.037 -0.133 2.14 21 2.952 0.369 5.367 14.338 0.791 5.305 -1.117
2025   1  43920 GPS  -2267745.779  5009150.789  3221303.174 -2.577 10.251 -0.001 2.15 20 2.933 0.388 5.145 13.780 0.831 5.305 -1.117
2025   1  43950 GPS  -2267745.515  5009150.292  3221303.102 -2.613 10.474 -0.521 2.15 20 2.913 0.333 5.150 13.836 0.831 5.305 -1.117
2025   1  43980 GPS  -2267745.056  5009148.307  3221301.268 -2.212  9.909 -3.173 2.25 19 2.529 0.059 3.706 9.743 0.831 5.305 -1.117
2025   1  44010 GPS  -2267745.790  5009152.024  3221304.243 -3.076 10.597  1.515 2.25 21 2.745 0.893 4.063 13.641 0.917 5.305 -1.117
2025   1  44040 GPS  -2267745.777  5009149.490  3221301.491 -2.044  9.403 -1.877 2.35 20 2.438 0.477 2.547 5.460 0.917 5.305 -1.117
2025   1  44070 GPS  -2267746.459  5009152.142  3221304.082 -2.516 10.264  1.764 2.26 21 2.995 0.894 4.310 14.271 0.917 5.305 -1.117
2025   1  44100 GPS  -2267746.230  5009152.538  3221304.437 -2.888 10.434  2.173 2.26 21 2.888 0.861 4.136 13.624 0.917 5.305 -1.117
2025   1  44130 GPS  -2267746.042  5009151.949  3221304.269 -2.816 10.602  1.559 2.26 21 2.799 0.862 4.075 13.534 0.917 5.305 -1.117
2025   1  44160 GPS  -2267746.494  5009152.950  3221304.804 -2.817 10.504  2.777 2.27 21 2.807 0.832 4.121 13.548 0.917 5.305 -1.117
2025   1  44190 GPS  -2267746.287  5009151.108  3221302.446 -2.246  9.370  0.060 2.38 20 2.237 0.391 2.327 4.803 0.917 5.305 -1.117
2025   1  44220 GPS  -2267746.537  5009153.153  3221304.911 -2.862 10.494  3.006 2.28 21 2.922 0.827 4.265 14.587 0.917 5.305 -1.117
2025   1  44250 GPS  -2267746.388  5009152.706  3221304.861 -2.813 10.689  2.576 2.28 21 2.985 0.842 4.219 14.270 0.917 5.305 -1.117
2025   1  44280 GPS  -2267746.682  5009152.961  3221304.829 -2.650 10.482  2.865 2.28 21 2.906 0.770 4.145 14.233 0.917 5.305 -1.117
2025   1  44310 GPS  -2267746.029  5009149.458  3221301.517 -1.801  9.387 -1.798 2.40 20 2.315 0.383 2.208 4.035 0.917 5.305 -1.117
2025   1  44340 GPS  -2267746.035  5009149.446  3221301.671 -1.790  9.525 -1.727 2.40 20 2.451 0.396 2.356 4.273 0.917 5.305 -1.117
2025   1  44370 GPS  -2267746.396  5009151.799  3221303.477 -2.432  9.916  1.164 2.20 20 2.262 -0.013 1.917 3.639 0.917 5.305 -1.117
2025   1  44400 GPS  -2267746.219  5009151.012  3221302.745 -2.269  9.686  0.112 2.21 20 2.181 0.098 1.907 4.249 0.917 5.305 -1.117
2025   1  44430 GPS  -2267746.383  5009150.114  3221302.739 -1.749 10.062 -0.537 2.12 20 2.367 0.187 2.073 4.704 0.917 5.305 -1.117
2025   1  44460 GPS  -2267746.305  5009150.680  3221303.132 -2.053 10.155  0.078 2.13 19 2.351 0.119 1.977 4.188 1.019 5.305 -1.117
2025   1  44490 GPS  -2267746.832  5009152.030  3221304.138 -2.130 10.286  1.837 2.13 20 2.999 0.850 4.321 14.921 1.019 5.305 -1.117
2025   1  44520 GPS  -2267746.261  5009150.756  3221303.808 -2.124 10.711  0.466 2.14 20 3.306 0.881 4.577 15.511 1.019 5.305 -1.117
2025   1  44550 GPS  -2267746.304  5009149.861  3221302.104 -1.716  9.649 -1.087 2.11 19 2.468 0.072 2.036 4.391 1.019 5.305 -1.117
2025   1  44580 GPS  -2267746.494  5009151.299  3221304.164 -2.136 10.717  1.156 2.07 20 3.109 0.769 4.325 15.081 1.019 5.305 -1.117
2025   1  44610 GPS  -2267746.600  5009151.445  3221304.420 -2.100 10.848  1.439 2.08 20 3.180 0.879 4.448 15.550 1.019 5.305 -1.117
2025   1  44640 GPS  -2267746.768  5009151.489  3221304.589 -1.965 10.938  1.618 2.08 20 3.157 0.761 4.367 15.208 1.019 5.305 -1.117
2025   1  44670 GPS  -2267746.881  5009151.780  3221304.898 -1.982 11.046  2.044 2.08 20 3.122 0.643 4.326 14.904 1.019 5.305 -1.117
2025   1  44700 GPS  -2267746.336  5009150.960  3221304.876 -2.141 11.521  1.196 2.09 20 3.021 0.647 4.175 14.449 1.019 5.305 -1.117
2025   1  44730 GPS  -2267746.420  5009150.838  3221304.605 -2.013 11.327  0.992 2.09 20 3.014 0.725 4.241 14.954 1.019 5.305 -1.117
2025   1  44760 GPS  -2267745.984  5009149.398  3221302.174 -1.816  9.991 -1.528 2.14 19 2.522 0.090 2.091 5.395 1.019 5.305 -1.117
2025   1  44790 GPS  -2267746.863  5009151.930  3221305.062 -2.060 11.121  2.239 2.10 20 3.083 0.765 4.244 14.858 1.019 5.305 -1.117
2025   1  44820 GPS  -2267747.078  5009152.164  3221305.076 -1.960 10.981  2.505 2.10 20 3.145 0.680 4.452 15.665 1.019 5.305 -1.117
2025   1  44850 GPS  -2267747.037  5009151.935  3221305.298 -1.904 11.287  2.424 2.10 20 3.134 0.685 4.242 14.682 1.019 5.305 -1.117
2025   1  44880 GPS  -2267747.000  5009151.947  3221305.151 -1.942 11.162  2.346 2.10 20 3.230 0.728 4.424 15.455 1.019 5.305 -1.117
2025   1  44910 GPS  -2267747.137  5009152.293  3221305.487 -1.960 11.263  2.837 2.11 20 3.123 0.679 4.118 14.100 1.019 5.305 -1.117
2025   1  44940 GPS  -2267747.324  5009152.055  3221305.665 -1.692 11.487  2.807 2.11 20 3.233 0.684 4.254 14.544 1.019 5.305 -1.117
2025   1  44970 GPS  -2267746.881  5009151.725  3221305.675 -1.960 11.741  2.396 2.11 20 3.324 0.695 4.307 14.606 1.019 5.305 -1.117
2025   1  45000 GPS  -2267747.073  5009151.749  3221305.540 -1.795 11.573  2.414 2.11 20 3.342 0.696 4.342 14.771 1.019 5.305 -1.117
2025   1  45030 GPS  -2267747.122  5009152.312  3221305.691 -1.982 11.433  2.950 2.11 19 3.266 0.697 4.336 14.978 1.073 5.305 -1.117
2025   1  45060 GPS  -2267747.639  5009152.534  3221305.735 -1.602 11.259  3.330 2.12 19 3.118 0.659 4.183 14.538 1.073 5.305 -1.117
2025   1  45090 GPS  -2267747.735  5009152.591  3221305.604 -1.539 11.100  3.342 2.12 19 3.266 0.610 4.311 14.718 1.073 5.305 -1.117
2025   1  45120 GPS  -2267747.817  5009152.665  3221305.564 -1.495 11.014  3.409 2.12 19 3.216 0.617 4.228 14.472 1.073 5.305 -1.117
2025   1  45150 GPS  -2267747.170  5009152.052  3221305.526 -1.831 11.401  2.679 2.12 19 3.399 0.603 4.370 14.692 1.073 5.305 -1.117
2025   1  45180 GPS  -2267747.739  5009153.038  3221306.243 -1.719 11.443  4.019 2.12 19 3.301 0.578 4.210 14.096 1.073 5.305 -1.117
2025   1  45210 GPS  -2267748.026  5009153.794  3221306.893 -1.770 11.593  5.044 2.12 19 3.211 0.597 4.075 13.716 1.073 5.305 -1.117
2025   1  45240 GPS  -2267747.688  5009152.898  3221306.294 -1.708 11.562  3.917 2.12 19 3.396 0.542 4.298 14.220 1.073 5.305 -1.117
2025   1  45270 GPS  -2267747.878  5009153.117  3221306.617 -1.626 11.699  4.320 2.12 19 3.255 0.572 4.115 13.792 1.073 5.305 -1.117
2025   1  45300 GPS  -2267747.954  5009153.192  3221306.939 -1.587 11.926  4.570 2.12 19 3.335 0.530 4.112 13.445 1.073 5.305 -1.117
2025   1  45330 GPS  -2267747.635  5009152.809  3221307.017 -1.719 12.237  4.196 2.12 19 3.245 0.556 4.042 13.437 1.073 5.305 -1.117
2025   1  45360 GPS  -2267748.237  5009153.778  3221307.207 -1.571 11.826  5.266 2.12 19 3.289 0.572 4.098 13.673 1.073 5.305 -1.117
2025   1  45390 GPS  -2267748.374  5009153.440  3221307.417 -1.306 12.135  5.156 2.12 19 3.494 0.442 4.273 13.550 1.073 5.305 -1.117
2025   1  45420 GPS  -2267748.278  5009153.225  3221307.189 -1.305 12.058  4.838 2.12 19 3.528 0.256 4.475 13.332 1.073 5.305 -1.117
2025   1  45450 GPS  -2267749.091  5009154.347  3221308.360 -1.028 12.377  6.602 2.23 18 3.785 0.679 4.296 13.102 0.985 5.305 -1.117
2025   1  45480 GPS  -2267749.289  5009154.401  3221308.464 -0.869 12.400  6.767 2.23 18 3.728 0.667 4.227 12.903 0.985 5.305 -1.117
2025   1  45510 GPS  -2267748.473  5009153.758  3221308.576 -1.348 12.965  6.030 2.23 18 3.779 0.666 4.260 12.941 0.985 5.305 -1.117
2025   1  45540 GPS  -2267748.599  5009153.977  3221308.527 -1.324 12.795  6.222 2.23 18 3.652 0.642 4.115 12.516 0.985 5.305 -1.117
2025   1  45570 GPS  -2267748.367  5009153.605  3221308.202 -1.381 12.736  5.682 2.11 19 3.534 0.332 4.215 12.731 1.073 5.305 -1.117
2025   1  45600 GPS  -2267748.107  5009153.411  3221308.464 -1.537 13.106  5.570 2.11 18 3.442 0.351 3.986 11.972 0.838 4.607 -1.117
2025   1  45630 GPS  -2267748.365  5009152.930  3221308.187 -1.104 13.036  5.144 2.11 18 3.591 0.356 4.164 12.494 0.838 4.607 -1.117
2025   1  45660 GPS  -2267748.349  5009153.168  3221308.411 -1.217 13.122  5.439 2.11 18 3.718 0.304 4.258 12.309 0.838 4.607 -1.117
2025   1  45690 GPS  -2267748.563  5009153.850  3221308.792 -1.303 13.090  6.244 2.10 18 3.697 0.284 4.199 11.972 0.838 4.607 -1.117
2025   1  45720 GPS  -2267748.873  5009153.676  3221309.013 -0.950 13.296  6.329 2.10 18 3.931 0.304 4.445 12.665 0.838 4.607 -1.117
2025   1  45750 GPS  -2267749.057  5009153.481  3221308.959 -0.701 13.301  6.215 2.10 17 3.866 0.311 4.440 12.916 0.862 4.607 -1.117
2025   1  45780 GPS  -2267749.391  5009156.243  3221312.712 -1.536 15.186 10.407 2.02 17 4.898 -0.452 4.501 9.100 0.862 4.607 -1.117
2025   1  45810 GPS  -2267749.358  5009156.442  3221312.865 -1.648 15.232 10.629 2.02 17 4.742 -0.418 4.323 8.922 0.862 4.607 -1.117
2025   1  45840 GPS  -2267749.723  5009156.728  3221313.577 -1.434 15.637 11.345 2.02 17 4.635 -0.369 4.158 8.308 0.862 4.607 -1.117
2025   1  45870 GPS  -2267749.682  5009157.245  3221313.552 -1.684 15.385 11.723 2.02 17 4.588 -0.474 4.317 8.786 0.862 4.607 -1.117
2025   1  45900 GPS  -2267749.712  5009157.053  3221313.864 -1.578 15.736 11.742 2.02 17 4.747 -0.427 4.345 7.939 0.862 4.607 -1.117
2025   1  45930 GPS  -2267749.996  5009156.751  3221313.656 -1.195 15.637 11.501 2.01 17 4.781 -0.407 4.336 8.021 0.862 4.607 -1.117
2025   1  45960 GPS  -2267749.771  5009156.271  3221313.479 -1.202 15.753 10.954 2.01 17 4.714 -0.405 4.283 7.922 0.862 4.607 -1.117
2025   1  45990 GPS  -2267749.699  5009156.199  3221313.502 -1.237 15.822 10.883 2.01 17 4.756 -0.354 4.231 7.741 0.862 4.607 -1.117
2025   1  46020 GPS  -2267749.859  5009156.213  3221313.496 -1.098 15.777 10.948 2.01 17 4.806 -0.431 4.400 8.079 0.862 4.607 -1.117
2025   1  46050 GPS  -2267749.817  5009157.005  3221313.991 -1.462 15.845 11.806 2.00 17 4.776 -0.351 4.242 7.585 0.862 4.607 -1.117
2025   1  46080 GPS  -2267749.772  5009157.046  3221314.463 -1.520 16.243 12.062 2.00 17 4.783 -0.502 4.525 9.450 0.862 4.607 -1.117
2025   1  46110 GPS  -2267749.822  5009156.749  3221314.545 -1.352 16.439 11.889 2.00 17 4.753 -0.412 4.329 7.777 0.862 4.607 -1.117
2025   1  46140 GPS  -2267749.900  5009157.053  3221314.330 -1.407 16.098 12.045 2.00 17 4.770 -0.511 4.537 9.667 0.862 4.607 -1.117
2025   1  46170 GPS  -2267750.027  5009157.115  3221314.492 -1.316 16.182 12.221 1.99 16 4.891 -0.468 4.539 8.869 0.916 4.607 -1.117
2025   1  46200 GPS  -2267749.970  5009157.515  3221315.006 -1.533 16.452 12.776 1.99 16 4.822 -0.373 4.316 8.151 0.916 4.607 -1.117
2025   1  46230 GPS  -2267750.478  5009157.730  3221315.236 -1.160 16.444 13.242 1.99 16 4.795 -0.444 4.423 8.456 0.916 4.607 -1.117
2025   1  46260 GPS  -2267750.673  5009157.820  3221315.497 -1.019 16.587 13.514 1.98 16 4.956 -0.423 4.505 8.784 0.916 4.607 -1.117
2025   1  46290 GPS  -2267750.487  5009157.537  3221315.649 -1.072 16.887 13.304 1.98 16 5.047 -0.379 4.500 8.787 0.916 4.607 -1.117
2025   1  46320 GPS  -2267750.594  5009157.457  3221315.411 -0.941 16.697 13.158 1.97 16 5.225 -0.465 4.786 9.105 0.916 4.607 -1.117
2025   1  46350 GPS  -2267750.557  5009157.124  3221315.483 -0.837 16.920 12.921 1.97 16 5.163 -0.466 4.743 8.945 0.916 4.607 -1.117
2025   1  46380 GPS  -2267750.107  5009156.444  3221315.057 -0.967 16.962 12.010 1.96 16 5.258 -0.446 4.778 9.127 0.916 4.607 -1.117
2025   1  46410 GPS  -2267750.453  5009157.636  3221315.900 -1.143 17.064 13.498 1.96 16 5.383 -0.466 4.910 10.169 0.916 4.607 -1.117
2025   1  46440 GPS  -2267751.083  5009158.478  3221316.398 -0.917 16.972 14.634 2.19 16 5.279 -0.496 4.787 10.137 0.916 4.607 -1.117
2025   1  46470 GPS  -2267751.068  5009158.211  3221316.271 -0.820 16.989 14.355 2.19 18 5.136 -0.533 4.762 10.026 1.032 4.607 -1.117
2025   1  46500 GPS  -2267750.932  5009157.809  3221316.262 -0.779 17.196 13.987 2.19 19 5.355 -0.558 4.981 10.661 0.963 4.607 -1.117
2025   1  46530 GPS  -2267750.761  5009158.474  3221316.450 -1.208 17.086 14.543 2.18 19 5.340 -0.596 4.979 10.580 0.963 4.607 -1.117
2025   1  46560 GPS  -2267750.944  5009158.368  3221316.866 -0.998 17.454 14.736 2.18 19 5.419 -0.606 5.117 11.447 0.963 4.607 -1.117
2025   1  46590 GPS  -2267750.945  5009158.502  3221316.979 -1.052 17.490 14.899 2.18 19 5.589 -0.596 5.242 11.783 0.963 4.607 -1.117
2025   1  46620 GPS  -2267751.125  5009158.879  3221316.817 -1.043 17.138 15.177 2.18 19 5.276 -0.612 5.012 10.964 0.963 4.607 -1.117
2025   1  46650 GPS  -2267751.555  5009159.206  3221317.334 -0.787 17.341 15.849 2.17 19 5.298 -0.605 4.992 11.273 0.963 4.607 -1.117
2025   1  46680 GPS  -2267751.388  5009158.828  3221317.575 -0.783 17.760 15.615 2.17 19 5.463 -0.591 5.122 11.580 0.963 4.607 -1.117
2025   1  46710 GPS  -2267751.112  5009158.473  3221317.758 -0.888 18.139 15.332 2.17 19 5.580 -0.655 5.352 12.007 0.963 4.607 -1.117
2025   1  46740 GPS  -2267751.247  5009158.333  3221317.721 -0.707 18.144 15.251 2.17 20 5.728 -0.643 5.448 12.238 0.914 4.607 -1.117
2025   1  46770 GPS  -2267750.854  5009158.793  3221317.303 -1.255 17.653 15.260 2.16 19 5.683 -0.663 5.461 12.260 0.889 4.607 -1.117
2025   1  46800 GPS  -2267751.457  5009158.777  3221317.804 -0.699 17.966 15.716 2.16 19 5.591 -0.559 5.206 11.801 0.889 4.607 -1.117
2025   1  46830 GPS  -2267751.774  5009158.357  3221317.839 -0.237 18.124 15.517 2.16 19 5.602 -0.596 5.271 11.682 0.889 4.607 -1.117
2025   1  46860 GPS  -2267751.968  5009159.053  3221318.157 -0.347 18.035 16.294 2.15 19 5.779 -0.582 5.390 12.115 0.889 4.607 -1.117
2025   1  46890 GPS  -2267751.852  5009158.908  3221318.401 -0.393 18.337 16.262 2.15 19 5.828 -0.536 5.330 12.448 0.889 4.607 -1.117
2025   1  46920 GPS  -2267751.135  5009158.329  3221317.969 -0.807 18.382 15.334 2.15 19 5.661 -0.634 5.417 12.188 0.889 4.607 -1.117
2025   1  46950 GPS  -2267751.420  5009158.956  3221318.652 -0.807 18.621 16.275 2.14 19 5.900 -0.644 5.594 12.731 0.889 4.607 -1.117
2025   1  46980 GPS  -2267751.717  5009159.473  3221319.233 -0.749 18.820 17.081 2.14 19 5.713 -0.467 5.114 12.520 0.889 4.607 -1.117
2025   1  47010 GPS  -2267751.555  5009159.105  3221318.616 -0.745 18.493 16.421 2.14 19 5.661 -0.604 5.300 12.410 0.889 4.607 -1.117
2025   1  47040 GPS  -2267747.998  5009156.046  3221312.951 -2.724 15.775  9.879 2.21 19 3.981 0.411 5.243 17.585 0.889 4.607 -1.117
2025   1  47070 GPS  -2267747.973  5009156.343  3221312.809 -2.869 15.520 10.031 2.20 20 4.079 0.456 5.417 18.400 0.845 4.607 -1.117
2025   1  47100 GPS  -2267748.277  5009156.348  3221313.272 -2.594 15.853 10.378 2.20 20 4.060 0.420 5.428 18.111 0.845 4.607 -1.117
2025   1  47130 GPS  -2267748.418  5009156.870  3221313.310 -2.681 15.614 10.857 2.20 20 4.077 0.480 5.465 18.654 0.845 4.607 -1.117
2025   1  47160 GPS  -2267748.154  5009156.870  3221313.280 -2.921 15.644 10.749 2.20 20 4.084 0.457 5.451 18.456 0.845 4.607 -1.117
2025   1  47190 GPS  -2267748.142  5009157.029  3221313.520 -2.998 15.780 10.991 2.19 20 4.077 0.491 5.413 18.381 0.845 4.607 -1.117
2025   1  47220 GPS  -2267748.548  5009156.907  3221313.722 -2.578 15.925 11.141 2.13 20 3.728 0.488 5.102 17.714 0.845 4.607 -1.117
2025   1  47250 GPS  -2267748.532  5009157.312  3221313.782 -2.760 15.793 11.485 2.13 20 3.731 0.588 5.094 17.442 0.845 4.607 -1.117
2025   1  47280 GPS  -2267748.066  5009157.303  3221313.468 -3.180 15.623 11.152 2.12 20 3.724 0.639 5.149 17.724 0.845 4.607 -1.117
2025   1  47310 GPS  -2267748.791  5009157.378  3221313.856 -2.551 15.772 11.666 2.12 20 3.662 0.523 5.020 16.977 0.845 4.607 -1.117
2025   1  47340 GPS  -2267748.796  5009157.278  3221313.717 -2.505 15.697 11.519 2.12 20 3.708 0.551 4.995 16.859 0.845 4.607 -1.117
2025   1  47370 GPS  -2267748.761  5009157.729  3221314.056 -2.723 15.787 12.032 2.11 21 3.613 0.586 5.015 16.713 0.871 4.607 -1.117
2025   1  47400 GPS  -2267748.323  5009157.985  3221314.144 -3.227 15.837 12.122 2.11 21 3.780 0.708 5.303 17.741 0.871 4.607 -1.117
2025   1  47430 GPS  -2267748.767  5009157.745  3221313.849 -2.724 15.601 11.942 2.11 21 3.798 0.708 5.307 17.234 0.871 4.607 -1.117
2025   1  47460 GPS  -2267749.428  5009158.634  3221314.338 -2.489 15.471 13.122 2.10 21 3.793 0.680 5.255 17.207 0.871 4.607 -1.117
2025   1  47490 GPS  -2267749.187  5009158.536  3221314.307 -2.668 15.541 12.944 2.10 21 3.757 0.701 5.214 17.408 0.871 4.607 -1.117
2025   1  47520 GPS  -2267749.013  5009158.856  3221314.372 -2.958 15.485 13.167 2.04 21 3.735 0.889 5.512 16.408 0.871 4.607 -1.117
2025   1  47550 GPS  -2267749.224  5009158.829  3221314.681 -2.755 15.720 13.377 2.04 21 3.700 0.942 5.370 16.509 0.871 4.607 -1.117
2025   1  47580 GPS  -2267749.522  5009158.887  3221314.465 -2.507 15.445 13.419 2.04 21 3.690 0.935 5.675 16.589 0.871 4.607 -1.117
2025   1  47610 GPS  -2267749.205  5009159.583  3221314.863 -3.083 15.532 14.055 2.03 21 3.664 0.892 5.650 16.803 0.871 4.607 -1.117
2025   1  47640 GPS  -2267747.202  5009157.143  3221313.547 -3.902 15.947 10.760 1.91 21 3.781 1.620 5.807 17.977 0.871 4.607 -1.117
2025   1  47670 GPS  -2267747.177  5009156.887  3221312.934 -3.819 15.543 10.239 1.91 21 3.812 1.650 5.890 18.019 0.871 4.607 -1.117
2025   1  47700 GPS  -2267747.451  5009156.970  3221313.193 -3.604 15.670 10.533 1.91 21 3.621 1.550 5.617 17.213 0.871 4.607 -1.117
2025   1  47730 GPS  -2267747.296  5009157.335  3221313.178 -3.895 15.520 10.757 1.91 21 3.646 1.551 5.725 17.598 0.871 4.607 -1.117
2025   1  47760 GPS  -2267747.394  5009157.014  3221312.756 -3.674 15.285 10.325 1.91 21 3.592 1.588 5.594 16.573 0.871 4.607 -1.117
2025   1  47790 GPS  -2267747.630  5009157.287  3221313.020 -3.571 15.336 10.757 1.91 21 3.527 1.588 5.541 17.072 0.871 4.607 -1.117
2025   1  47820 GPS  -2267747.964  5009158.013  3221312.991 -3.566 14.906 11.431 1.90 20 3.568 1.623 5.664 16.998 0.845 4.607 -1.117
2025   1  47850 GPS  -2267748.119  5009157.846  3221313.066 -3.356 15.015 11.393 1.90 20 3.577 1.573 5.591 17.055 0.845 4.607 -1.117
2025   1  47880 GPS  -2267747.472  5009156.227  3221312.331 -3.278 15.267  9.519 1.90 20 3.649 1.683 5.768 16.916 0.845 4.607 -1.117
2025   1  47910 GPS  -2267747.397  5009156.819  3221312.358 -3.590 15.031  9.971 1.90 21 3.630 1.684 5.814 17.065 0.871 4.607 -1.117
2025   1  47940 GPS  -2267747.789  5009157.407  3221312.757 -3.475 15.021 10.774 1.90 21 3.595 1.595 5.650 17.276 0.871 4.607 -1.117
2025   1  47970 GPS  -2267747.807  5009157.314  3221312.800 -3.420 15.098 10.730 1.90 21 3.498 1.619 5.609 17.027 0.871 4.607 -1.117
2025   1  48000 GPS  -2267748.028  5009156.821  3221312.712 -3.016 15.203 10.377 1.89 21 3.442 1.603 5.626 16.755 0.871 4.607 -1.117
2025   1  48030 GPS  -2267747.879  5009156.805  3221312.549 -3.146 15.102 10.229 1.89 21 3.555 1.645 5.724 16.949 0.871 4.607 -1.117
2025   1  48060 GPS  -2267747.953  5009157.169  3221312.841 -3.228 15.169 10.689 1.89 21 3.494 1.584 5.655 17.147 0.871 4.607 -1.117
2025   1  48090 GPS  -2267747.738  5009157.062  3221312.183 -3.380 14.697 10.194 1.89 21 3.664 1.576 5.840 17.062 0.871 4.607 -1.117
2025   1  48120 GPS  -2267747.267  5009156.136  3221312.100 -3.427 15.153  9.258 1.89 21 3.565 1.637 5.701 15.969 0.871 4.607 -1.117
2025   1  48150 GPS  -2267747.809  5009156.578  3221312.346 -3.115 15.047  9.923 1.89 21 3.464 1.595 5.622 16.381 0.871 4.607 -1.117
2025   1  48180 GPS  -2267748.012  5009157.627  3221313.049 -3.364 15.124 11.175 1.88 21 3.330 1.452 5.400 15.983 0.871 4.607 -1.117
2025   1  48210 GPS  -2267747.566  5009156.703  3221312.327 -3.388 15.024  9.924 1.88 21 3.343 1.505 5.445 16.075 0.871 4.607 -1.117
2025   1  48240 GPS  -2267747.469  5009157.002  3221312.249 -3.600 14.838 10.085 1.83 21 3.290 0.796 5.553 16.434 0.871 4.607 -1.117
2025   1  48270 GPS  -2267746.821  5009156.035  3221310.826 -3.792 14.196  8.373 1.85 20 2.808 0.396 4.176 11.407 0.871 4.607 -1.117
2025   1  48300 GPS  -2267746.719  5009155.411  3221310.600 -3.627 14.311  7.732 1.84 20 2.692 0.392 4.098 11.096 0.871 4.607 -1.117
2025   1  48330 GPS  -2267746.445  5009155.498  3221310.703 -3.912 14.417  7.755 1.84 20 2.703 0.342 4.384 12.371 0.871 4.607 -1.117
2025   1  48360 GPS  -2267746.403  5009155.515  3221310.534 -3.957 14.272  7.668 1.84 20 2.746 0.471 4.192 12.113 0.871 4.607 -1.117
2025   1  48390 GPS  -2267746.949  5009156.379  3221310.870 -3.817 14.047  8.711 1.84 20 2.641 0.349 3.971 10.977 0.871 4.607 -1.117
2025   1  48420 GPS  -2267746.415  5009155.935  3221310.721 -4.120 14.237  8.097 1.83 20 2.635 0.485 4.093 12.071 0.871 4.607 -1.117
2025   1  48450 GPS  -2267746.648  5009156.082  3221310.793 -3.969 14.182  8.331 1.83 20 2.540 0.595 3.875 12.112 0.871 4.607 -1.117
2025   1  48480 GPS  -2267746.940  5009156.131  3221310.699 -3.722 14.017  8.425 1.83 20 2.498 0.450 3.829 10.797 0.871 4.607 -1.117
2025   1  48510 GPS  -2267746.922  5009155.767  3221310.799 -3.589 14.275  8.185 1.83 20 2.540 0.461 3.862 11.345 0.871 4.607 -1.117
2025   1  48540 GPS  -2267746.616  5009155.652  3221310.448 -3.821 14.091  7.807 1.82 20 2.642 0.519 3.857 11.432 0.871 4.607 -1.117
2025   1  48570 GPS  -2267746.571  5009155.878  3221311.032 -3.954 14.498  8.266 1.82 21 2.576 0.398 3.912 11.805 1.003 4.607 -1.117
2025   1  48600 GPS  -2267745.934  5009155.039  3221310.201 -4.189 14.304  6.959 1.78 21 2.563 0.495 3.853 12.034 1.003 4.607 -1.117
2025   1  48630 GPS  -2267746.144  5009155.862  3221310.604 -4.337 14.226  7.884 1.78 21 2.581 0.498 3.761 11.643 1.003 4.607 -1.117
2025   1  48660 GPS  -2267746.026  5009154.968  3221310.170 -4.076 14.291  6.920 1.77 21 2.536 0.674 3.684 10.954 1.003 4.607 -1.117
2025   1  48690 GPS  -2267746.564  5009154.939  3221310.371 -3.574 14.365  7.190 1.81 20 2.455 0.593 3.664 10.939 0.871 4.607 -1.117
2025   1  48720 GPS  -2267745.669  5009154.099  3221308.855 -4.042 13.635  5.443 1.87 20 2.538 0.952 4.045 11.756 0.871 4.607 -1.117
2025   1  48750 GPS  -2267748.429  5009156.652  3221311.548 -2.582 14.196  9.795 1.92 21 2.603 0.728 4.712 11.532 0.871 4.607 -1.117
2025   1  48780 GPS  -2267748.315  5009156.050  3221311.350 -2.437 14.327  9.181 1.92 21 2.566 0.870 4.632 11.571 0.871 4.607 -1.117
2025   1  48810 GPS  -2267748.676  5009156.314  3221311.699 -2.217 14.429  9.694 1.92 21 2.443 0.725 4.448 11.081 0.871 4.607 -1.117
2025   1  48840 GPS  -2267748.777  5009156.589  3221311.731 -2.238 14.309  9.962 1.96 21 2.506 0.869 4.193 10.223 0.871 4.607 -1.117
2025   1  48870 GPS  -2267748.724  5009156.346  3221312.107 -2.186 14.757  9.943 1.96 21 2.414 0.849 4.137 9.555 0.871 4.607 -1.117
2025   1  48900 GPS  -2267748.387  5009156.637  3221312.355 -2.613 14.906 10.179 1.96 20 2.434 0.805 4.133 10.719 0.935 4.607 -1.117
2025   1  48930 GPS  -2267748.662  5009156.452  3221312.106 -2.287 14.719 10.004 1.96 20 2.456 0.841 4.196 10.220 0.935 4.607 -1.117
2025   1  48960 GPS  -2267748.596  5009155.913  3221311.844 -2.124 14.757  9.425 1.95 20 2.352 0.799 3.921 10.360 0.935 4.607 -1.117
2025   1  48990 GPS  -2267748.635  5009156.381  3221312.178 -2.282 14.820  9.976 1.95 20 2.454 0.801 4.017 10.813 0.935 4.607 -1.117
2025   1  49020 GPS  -2267748.393  5009155.333  3221311.337 -2.070 14.631  8.641 1.95 20 2.495 0.752 3.945 10.244 0.935 4.607 -1.117
2025   1  49050 GPS  -2267748.709  5009155.984  3221311.388 -2.050 14.308  9.289 1.95 20 2.558 0.640 3.948 10.347 0.935 4.607 -1.117
2025   1  49080 GPS  -2267749.005  5009156.653  3221311.524 -2.057 14.054  9.988 1.95 20 2.388 0.646 3.645 9.708 0.935 4.607 -1.117
2025   1  49110 GPS  -2267748.605  5009156.324  3221311.646 -2.286 14.395  9.650 1.94 20 2.341 0.615 3.660 9.861 0.935 4.607 -1.117
2025   1  49140 GPS  -2267748.525  5009155.928  3221311.479 -2.195 14.451  9.226 1.94 20 2.383 0.518 3.657 9.931 0.935 4.607 -1.117
2025   1  49170 GPS  -2267748.363  5009155.766  3221311.519 -2.276 14.594  9.062 1.94 20 2.308 0.488 3.538 10.109 0.935 4.607 -1.117
2025   1  49200 GPS  -2267748.511  5009155.553  3221311.182 -2.053 14.372  8.775 1.90 20 2.307 0.256 3.807 10.263 0.935 4.607 -1.117
2025   1  49230 GPS  -2267748.426  5009155.469  3221311.123 -2.096 14.378  8.650 1.90 20 2.348 0.086 3.942 10.252 0.935 4.607 -1.117
2025   1  49260 GPS  -2267748.220  5009154.677  3221310.942 -1.957 14.631  7.863 1.90 20 2.299 0.050 3.758 9.688 0.935 4.607 -1.117
2025   1  49290 GPS  -2267748.311  5009154.119  3221311.175 -1.644 15.071  7.576 1.84 21 2.076 0.067 3.309 8.993 1.070 4.607 -1.117
2025   1  49320 GPS  -2267748.938  5009155.006  3221311.214 -1.439 14.563  8.514 1.89 20 2.147 0.027 3.487 8.886 0.935 4.607 -1.117
2025   1  49350 GPS  -2267748.486  5009153.786  3221310.833 -1.347 14.894  7.203 1.89 20 2.062 0.135 3.135 8.646 0.935 4.607 -1.117
2025   1  49380 GPS  -2267749.567  5009154.720  3221313.503 -0.747 16.535  9.676 1.78 21 2.904 -0.996 3.664 7.289 1.070 4.607 -1.117
2025   1  49410 GPS  -2267749.044  5009152.974  3221313.140 -0.504 17.140  7.936 1.92 21 2.723 -0.666 3.501 6.828 1.070 4.607 -1.117
2025   1  49440 GPS  -2267749.000  5009152.863  3221312.984 -0.498 17.066  7.754 1.91 21 2.776 -0.734 3.631 6.549 1.070 4.607 -1.117
2025   1  49470 GPS  -2267749.378  5009153.388  3221312.827 -0.371 16.609  8.221 1.91 21 2.668 -0.830 3.628 6.381 1.070 4.607 -1.117
2025   1  49500 GPS  -2267750.016  5009153.894  3221313.165  0.002 16.532  9.016 1.97 20 2.698 -0.630 3.550 7.250 1.124 4.607 -1.117
2025   1  49530 GPS  -2267749.835  5009153.896  3221312.967 -0.163 16.398  8.853 1.97 20 2.667 -0.726 3.632 7.469 1.124 4.607 -1.117
2025   1  49560 GPS  -2267749.756  5009153.825  3221312.804 -0.207 16.307  8.686 1.97 21 2.719 -0.727 3.650 8.683 1.070 4.607 -1.117
2025   1  49590 GPS  -2267749.899  5009154.035  3221312.887 -0.163 16.252  8.944 1.98 21 2.604 -0.670 3.684 8.980 1.070 4.607 -1.117
2025   1  49620 GPS  -2267749.946  5009154.545  3221313.438 -0.330 16.481  9.640 2.00 21 2.658 -0.384 3.221 6.307 1.070 4.607 -1.117
2025   1  49650 GPS  -2267749.454  5009153.527  3221313.175 -0.359 16.828  8.533 1.93 22 2.521 -0.444 3.120 5.614 1.022 4.607 -1.117
2025   1  49680 GPS  -2267749.513  5009153.680  3221313.540 -0.368 17.059  8.859 1.93 22 2.619 -0.592 3.276 5.825 1.022 4.607 -1.117
2025   1  49710 GPS  -2267749.236  5009153.208  3221313.206 -0.426 17.048  8.221 1.93 22 2.659 -0.548 3.311 5.858 1.022 4.607 -1.117
2025   1  49740 GPS  -2267749.632  5009153.354  3221312.973 -0.125 16.697  8.358 1.93 22 2.602 -0.486 3.171 5.322 1.022 4.607 -1.117
2025   1  49770 GPS  -2267749.092  5009152.839  3221312.500 -0.404 16.641  7.522 1.93 22 2.624 -0.444 3.299 5.665 1.022 4.607 -1.117
2025   1  49800 GPS  -2267749.422  5009152.827  3221312.172 -0.099 16.295  7.463 1.93 22 2.436 -0.362 2.963 4.986 1.022 4.607 -1.117
2025   1  49830 GPS  -2267749.171  5009152.920  3221312.246 -0.366 16.368  7.484 1.93 22 2.489 -0.430 3.105 5.483 1.022 4.607 -1.117
2025   1  49860 GPS  -2267749.527  5009153.177  3221312.169 -0.147 16.108  7.774 1.93 22 2.461 -0.479 3.259 6.085 1.022 4.607 -1.117
2025   1  49890 GPS  -2267749.327  5009152.662  3221312.013 -0.118 16.254  7.219 1.93 22 2.425 -0.402 3.167 5.306 1.022 4.607 -1.117
2025   1  49920 GPS  -2267749.690  5009152.901  3221311.899  0.114 15.969  7.478 1.93 22 2.423 -0.456 3.101 5.105 1.022 4.607 -1.117
2025   1  49950 GPS  -2267749.505  5009152.695  3221311.710  0.031 15.941  7.154 1.93 22 2.329 -0.376 2.998 5.106 1.022 4.607 -1.117
2025   1  49980 GPS  -2267750.050  5009153.191  3221311.945  0.323 15.799  7.857 1.93 22 2.281 -0.424 2.981 5.000 1.022 4.607 -1.117
2025   1  50010 GPS  -2267749.825  5009152.679  3221311.614  0.329 15.798  7.207 1.93 22 2.342 -0.397 3.092 5.492 1.022 4.607 -1.117
2025   1  50040 GPS  -2267750.242  5009153.220  3221311.565  0.486 15.418  7.754 1.93 22 2.302 -0.338 2.929 5.402 1.022 4.607 -1.117
2025   1  50070 GPS  -2267749.632  5009152.329  3221311.049  0.298 15.514  6.577 1.92 22 2.227 -0.305 2.875 5.709 1.022 4.607 -1.117
2025   1  50100 GPS  -2267749.857  5009152.396  3221310.911  0.475 15.317  6.639 1.92 22 2.065 -0.343 2.821 5.467 1.022 4.607 -1.117
2025   1  50130 GPS  -2267749.630  5009152.885  3221311.401  0.066 15.561  7.192 1.92 22 2.084 -0.413 2.760 4.832 1.022 4.607 -1.117
2025   1  50160 GPS  -2267749.853  5009152.306  3221310.785  0.509 15.251  6.504 1.92 22 2.118 -0.256 2.718 5.518 1.022 4.607 -1.117
2025   1  50190 GPS  -2267749.671  5009152.090  3221310.538  0.432 15.176  6.144 1.92 22 2.103 -0.318 2.775 5.321 1.022 4.607 -1.117
2025   1  50220 GPS  -2267750.030  5009152.612  3221310.676  0.543 14.979  6.751 1.92 22 2.084 -0.331 2.722 5.217 1.022 4.607 -1.117
2025   1  50250 GPS  -2267749.781  5009152.167  3221310.633  0.500 15.199  6.292 1.92 22 2.083 -0.367 2.867 5.144 1.022 4.607 -1.117
2025   1  50280 GPS  -2267749.852  5009152.303  3221310.434  0.509 14.950  6.323 1.92 22 2.068 -0.319 2.799 5.786 1.022 4.607 -1.117
2025   1  50310 GPS  -2267750.099  5009151.894  3221310.266  0.903 14.943  6.003 1.92 22 2.018 -0.262 2.765 5.820 1.022 4.607 -1.117
2025   1  50340 GPS  -2267749.762  5009151.481  3221309.769  0.766 14.776  5.307 1.92 22 2.110 -0.308 2.905 6.362 1.022 4.607 -1.117
2025   1  50370 GPS  -2267749.968  5009151.918  3221310.109  0.773 14.824  5.896 1.91 22 2.066 -0.351 2.890 6.960 1.022 4.607 -1.117
2025   1  50400 GPS  -2267749.768  5009152.008  3221309.960  0.554 14.696  5.819 1.91 22 2.063 -0.445 3.071 8.109 1.022 4.607 -1.117
2025   1  50430 GPS  -2267750.182  5009153.114  3221310.283  0.475 14.376  7.000 1.91 22 1.963 -0.509 3.070 8.613 1.022 4.607 -1.117
2025   1  50460 GPS  -2267750.496  5009153.333  3221311.388  0.670 15.161  7.844 1.86 22 2.245 -0.785 3.307 10.021 1.022 4.607 -1.117
2025   1  50490 GPS  -2267750.502  5009153.310  3221311.062  0.686 14.889  7.662 1.86 22 2.203 -0.833 3.325 10.968 1.022 4.607 -1.117
2025   1  50520 GPS  -2267750.814  5009153.840  3221312.011  0.751 15.396  8.671 1.88 21 2.189 -0.406 2.427 4.225 1.022 4.607 -1.117
2025   1  50550 GPS  -2267750.727  5009153.751  3221311.998  0.709 15.443  8.564 1.87 21 2.086 -0.351 2.398 5.231 1.022 4.607 -1.117
2025   1  50580 GPS  -2267750.973  5009154.941  3221311.879  0.442 14.739  9.524 1.87 21 2.079 -0.482 2.514 5.664 1.022 4.607 -1.117
2025   1  50610 GPS  -2267751.079  5009154.742  3221312.043  0.621 14.950  9.489 1.87 21 2.085 -0.380 2.501 5.709 1.022 4.607 -1.117
2025   1  50640 GPS  -2267750.697  5009153.344  3221311.224  0.849 14.972  7.841 1.87 21 2.161 -0.193 2.338 4.463 1.022 4.607 -1.117
2025   1  50670 GPS  -2267750.782  5009154.106  3221311.294  0.613 14.661  8.504 1.87 21 2.209 -0.301 2.557 5.447 1.022 4.607 -1.117
2025   1  50700 GPS  -2267750.865  5009154.130  3221311.488  0.678 14.801  8.651 1.87 21 2.330 -0.289 2.619 5.397 1.022 4.607 -1.117
2025   1  50730 GPS  -2267750.649  5009154.748  3221311.492  0.227 14.563  9.061 1.87 21 2.247 -0.373 2.530 5.450 1.022 4.607 -1.117
2025   1  50760 GPS  -2267750.930  5009154.563  3221311.685  0.559 14.756  9.113 1.87 21 2.174 -0.260 2.372 4.285 1.022 4.607 -1.117
2025   1  50790 GPS  -2267750.523  5009154.442  3221311.490  0.238 14.730  8.775 1.87 21 2.140 -0.256 2.370 3.945 1.070 4.607 -1.117
2025   1  50820 GPS  -2267750.859  5009154.536  3221311.440  0.505 14.572  8.943 1.87 22 2.230 -0.249 2.536 5.333 1.022 4.607 -1.117
2025   1  50850 GPS  -2267751.146  5009154.733  3221311.460  0.685 14.439  9.210 1.87 22 2.263 -0.235 2.560 4.704 1.022 4.607 -1.117
2025   1  50880 GPS  -2267751.302  5009154.425  3221311.299  0.954 14.410  8.942 1.87 22 2.240 -0.198 2.512 4.681 1.022 4.607 -1.117
2025   1  50910 GPS  -2267751.397  5009154.332  3221311.294  1.080 14.428  8.900 1.87 22 2.160 -0.162 2.468 4.823 1.022 4.607 -1.117
2025   1  50940 GPS  -2267751.372  5009154.259  3221310.795  1.087 14.038  8.580 1.87 22 2.054 -0.207 2.344 4.509 1.022 4.607 -1.117
2025   1  50970 GPS  -2267751.341  5009154.525  3221311.207  0.948 14.276  8.987 1.86 22 2.018 -0.237 2.288 4.611 1.022 4.607 -1.117
2025   1  51000 GPS  -2267751.322  5009155.314  3221311.387  0.606 14.070  9.691 1.86 22 1.962 -0.320 2.216 4.376 1.022 4.607 -1.117
2025   1  51030 GPS  -2267751.483  5009155.077  3221311.354  0.850 14.117  9.545 1.86 22 2.142 -0.266 2.492 5.307 1.022 4.607 -1.117
2025   1  51060 GPS  -2267751.386  5009155.320  3221311.435  0.662 14.095  9.742 1.86 22 2.115 -0.187 2.530 5.445 1.022 4.607 -1.117
2025   1  51090 GPS  -2267751.368  5009155.058  3221311.030  0.753 13.870  9.325 1.86 21 2.038 -0.117 2.373 4.433 1.070 4.607 -1.117
2025   1  51120 GPS  -2267751.519  5009155.266  3221311.108  0.806 13.810  9.581 1.86 22 2.004 -0.108 2.427 4.716 1.022 4.607 -1.117
2025   1  51150 GPS  -2267751.381  5009154.840  3221310.709  0.855 13.693  8.996 1.86 22 2.019 -0.064 2.492 5.420 1.022 4.607 -1.117
2025   1  51180 GPS  -2267751.205  5009154.963  3221310.609  0.644 13.586  8.978 1.86 22 2.056 -0.156 2.318 4.221 1.022 4.607 -1.117
2025   1  51210 GPS  -2267751.488  5009154.936  3221310.508  0.914 13.453  9.007 1.85 21 2.083 -0.044 2.411 4.873 1.070 4.607 -1.117
2025   1  51240 GPS  -2267751.230  5009155.081  3221310.102  0.618 13.090  8.822 1.85 21 1.965 -0.055 2.350 4.832 1.070 4.607 -1.117
2025   1  51270 GPS  -2267751.643  5009155.350  3221310.499  0.883 13.221  9.382 1.85 21 2.152 -0.042 2.512 4.577 1.070 4.607 -1.117
2025   1  51300 GPS  -2267751.467  5009155.670  3221310.461  0.592 13.077  9.551 1.85 21 2.189 -0.093 2.639 4.932 1.070 4.607 -1.117
2025   1  51330 GPS  -2267751.722  5009156.078  3221310.849  0.656 13.169 10.160 1.85 21 2.140 -0.116 2.534 5.107 1.070 4.607 -1.117
2025   1  51360 GPS  -2267751.801  5009156.034  3221311.007  0.745 13.309 10.232 1.85 21 2.161 -0.087 2.561 4.936 1.070 4.607 -1.117
2025   1  51390 GPS  -2267752.131  5009156.323  3221310.633  0.927 12.784 10.387 1.84 21 2.199 -0.034 2.628 5.665 1.070 4.607 -1.117
2025   1  51420 GPS  -2267751.873  5009156.008  3221310.639  0.822 12.989 10.051 1.84 21 2.258 -0.069 2.675 5.443 1.070 4.607 -1.117
2025   1  51450 GPS  -2267752.098  5009155.769  3221310.525  1.126 12.954  9.886 1.84 21 2.370 -0.010 2.824 6.503 1.070 4.607 -1.117
2025   1  51480 GPS  -2267751.248  5009155.188  3221310.154  0.591 13.081  8.940 1.73 21 2.344 0.087 2.597 4.920 1.070 4.607 -1.117
2025   1  51510 GPS  -2267751.292  5009155.279  3221310.329  0.593 13.181  9.116 1.73 21 2.401 0.154 2.806 6.238 1.070 4.607 -1.117
2025   1  51540 GPS  -2267751.701  5009156.002  3221310.445  0.668 12.861  9.887 1.73 21 2.258 0.076 2.640 6.413 1.070 4.607 -1.117
2025   1  51570 GPS  -2267751.557  5009156.217  3221310.179  0.448 12.561  9.869 1.78 21 2.281 0.111 2.598 5.795 1.070 4.607 -1.117
2025   1  51600 GPS  -2267750.991  5009155.869  3221309.636  0.075 12.374  9.119 1.82 20 2.239 -0.089 2.317 4.382 1.124 4.607 -1.117
2025   1  51630 GPS  -2267751.094  5009157.037  3221310.000 -0.312 12.126 10.257 1.93 20 2.201 -0.425 2.431 4.317 1.124 4.607 -1.117
2025   1  51660 GPS  -2267751.046  5009156.913  3221309.749 -0.305 11.976 10.016 1.94 20 2.160 -0.364 2.347 4.253 1.124 4.607 -1.117
2025   1  51690 GPS  -2267750.885  5009157.043  3221310.011 -0.505 12.176 10.194 1.94 20 2.214 -0.399 2.343 4.536 1.124 4.607 -1.117
2025   1  51720 GPS  -2267751.711  5009157.268  3221310.492  0.155 12.313 10.908 1.89 21 2.184 -0.107 2.730 6.766 1.070 4.607 -1.117
2025   1  51750 GPS  -2267751.743  5009157.348  3221310.603  0.151 12.365 11.038 1.90 21 2.120 -0.050 2.726 7.356 1.070 4.607 -1.117
2025   1  51780 GPS  -2267751.903  5009157.554  3221310.977  0.211 12.558 11.447 1.90 21 2.200 -0.085 2.877 7.437 1.070 4.607 -1.117
2025   1  51810 GPS  -2267751.827  5009157.228  3221310.451  0.277 12.272 10.897 1.90 22 2.196 -0.101 2.790 6.879 1.168 4.607 -1.117
2025   1  51840 GPS  -2267750.582  5009155.760  3221309.707 -0.252 12.571  8.924 1.81 22 2.236 0.275 2.995 9.489 1.168 4.607 -1.117
2025   1  51870 GPS  -2267750.701  5009156.934  3221310.289 -0.628 12.505 10.184 1.81 22 2.322 0.228 3.043 9.011 1.168 4.607 -1.117
2025   1  51900 GPS  -2267750.768  5009156.837  3221310.537 -0.527 12.749 10.257 1.81 22 2.269 0.097 2.926 8.654 1.168 4.607 -1.117
2025   1  51930 GPS  -2267750.736  5009157.231  3221310.358 -0.719 12.419 10.464 1.82 22 2.391 0.230 3.228 9.877 1.168 4.607 -1.117
2025   1  51960 GPS  -2267750.945  5009157.550  3221310.467 -0.660 12.321 10.844 1.82 22 2.267 0.239 3.080 9.699 1.168 4.607 -1.117
2025   1  51990 GPS  -2267750.749  5009157.203  3221310.164 -0.695 12.261 10.349 1.82 22 2.366 0.176 3.166 9.789 1.168 4.607 -1.117
2025   1  52020 GPS  -2267750.846  5009157.542  3221310.381 -0.747 12.272 10.759 1.82 22 2.330 0.145 3.121 9.816 1.168 4.607 -1.117
2025   1  52050 GPS  -2267750.615  5009157.020  3221310.044 -0.741 12.272 10.096 1.83 22 2.282 0.155 3.049 9.480 1.168 4.607 -1.117
2025   1  52080 GPS  -2267750.569  5009156.948  3221310.247 -0.753 12.489 10.126 1.83 22 2.201 0.182 2.902 8.993 1.168 4.607 -1.117
2025   1  52110 GPS  -2267750.948  5009157.590  3221310.264 -0.673 12.127 10.774 1.83 22 2.261 0.076 3.010 8.942 1.168 4.607 -1.117
2025   1  52140 GPS  -2267750.398  5009157.061  3221310.264 -0.956 12.488 10.164 1.83 22 2.289 0.149 3.042 9.475 1.168 4.607 -1.117
2025   1  52170 GPS  -2267750.378  5009156.932  3221310.077 -0.921 12.390  9.959 1.84 22 2.151 0.135 2.902 8.908 1.168 4.607 -1.117
2025   1  52200 GPS  -2267750.679  5009157.454  3221310.587 -0.862 12.525 10.735 1.81 22 2.102 0.294 2.949 8.012 1.168 4.607 -1.117
2025   1  52230 GPS  -2267750.907  5009157.807  3221310.399 -0.800 12.152 10.998 1.84 22 1.994 0.366 2.778 8.172 1.168 4.607 -1.117
2025   1  52260 GPS  -2267750.796  5009158.168  3221310.456 -1.050 12.057 11.271 1.84 22 2.166 0.329 3.002 8.726 1.168 4.607 -1.117
2025   1  52290 GPS  -2267750.854  5009158.198  3221310.773 -1.010 12.304 11.476 1.84 22 2.184 0.490 3.169 9.388 1.168 4.607 -1.117
2025   1  52320 GPS  -2267751.138  5009158.061  3221310.340 -0.695 11.935 11.249 1.84 22 2.136 0.449 3.119 9.002 1.168 4.607 -1.117
2025   1  52350 GPS  -2267750.944  5009157.768  3221310.001 -0.751 11.819 10.778 1.85 22 2.195 0.464 3.181 8.713 1.168 4.607 -1.117
2025   1  52380 GPS  -2267750.925  5009157.356  3221310.378 -0.598 12.339 10.639 1.85 22 2.048 0.421 3.059 8.935 1.168 4.607 -1.117
2025   1  52410 GPS  -2267750.953  5009157.305  3221310.373 -0.551 12.352 10.607 1.85 22 2.115 0.417 3.180 9.380 1.168 4.607 -1.117
2025   1  52440 GPS  -2267750.900  5009157.977  3221310.581 -0.877 12.231 11.221 1.85 21 2.106 0.352 2.991 8.302 1.110 4.607 -1.117
2025   1  52470 GPS  -2267750.774  5009157.725  3221310.384 -0.887 12.205 10.878 1.85 21 2.065 0.344 2.991 8.049 1.110 4.607 -1.117
2025   1  52500 GPS  -2267751.012  5009158.182  3221310.439 -0.859 11.991 11.350 1.85 21 2.083 0.369 2.880 7.578 1.110 4.607 -1.117
2025   1  52530 GPS  -2267751.013  5009158.388  3221310.275 -0.944 11.754 11.429 1.85 21 2.066 0.314 2.823 6.749 1.110 4.607 -1.117
2025   1  52560 GPS  -2267750.595  5009157.779  3221309.750 -1.073 11.671 10.535 1.90 20 1.951 0.067 2.506 6.420 1.166 4.607 -1.117
2025   1  52590 GPS  -2267750.541  5009157.390  3221309.397 -0.962 11.559 10.032 1.90 20 2.008 0.054 2.572 6.681 1.166 4.607 -1.117
2025   1  52620 GPS  -2267750.921  5009157.835  3221309.858 -0.798 11.670 10.750 1.90 20 1.971 0.002 2.551 6.417 1.166 4.607 -1.117
2025   1  52650 GPS  -2267750.627  5009157.613  3221309.907 -0.975 11.877 10.497 1.90 20 1.963 0.024 2.485 6.428 1.166 4.607 -1.117
2025   1  52680 GPS  -2267750.402  5009157.510  3221309.746 -1.138 11.833 10.254 1.90 20 2.117 -0.027 2.592 5.758 1.166 4.607 -1.117
2025   1  52710 GPS  -2267750.540  5009158.021  3221309.724 -1.222 11.549 10.693 1.90 20 2.125 0.023 2.471 5.400 1.166 4.607 -1.117
2025   1  52740 GPS  -2267750.322  5009157.770  3221309.454 -1.318 11.478 10.281 1.91 20 2.063 -0.018 2.467 6.308 1.166 4.607 -1.117
2025   1  52770 GPS  -2267750.719  5009157.714  3221309.714 -0.933 11.644 10.511 1.91 20 2.009 -0.127 2.466 6.074 1.166 4.607 -1.117
2025   1  52800 GPS  -2267750.922  5009158.359  3221309.678 -1.014 11.272 11.070 1.91 20 2.044 -0.217 2.545 6.072 1.166 4.607 -1.117
2025   1  52830 GPS  -2267750.531  5009157.847  3221309.534 -1.159 11.467 10.456 1.91 20 2.132 -0.058 2.757 7.803 1.166 4.607 -1.117
2025   1  52860 GPS  -2267750.732  5009157.981  3221309.655 -1.031 11.467 10.694 1.91 20 2.058 0.028 2.705 7.483 1.166 4.607 -1.117
2025   1  52890 GPS  -2267750.553  5009157.776  3221310.003 -1.110 11.900 10.647 1.95 20 2.146 -0.109 2.878 7.696 1.166 4.607 -1.117
2025   1  52920 GPS  -2267750.452  5009158.267  3221309.644 -1.404 11.383 10.814 1.95 20 2.187 -0.102 2.990 8.044 1.166 4.607 -1.117
2025   1  52950 GPS  -2267750.102  5009157.747  3221309.235 -1.509 11.346 10.073 1.95 19 2.306 -0.079 3.075 8.220 1.227 4.607 -1.117
2025   1  52980 GPS  -2267750.556  5009158.381  3221309.864 -1.357 11.499 11.052 1.95 19 2.190 -0.146 2.970 7.688 1.227 4.607 -1.117
2025   1  53010 GPS  -2267750.393  5009157.900  3221309.425 -1.307 11.377 10.393 1.95 19 2.258 -0.117 3.128 8.424 1.227 4.607 -1.117
2025   1  53040 GPS  -2267750.451  5009158.447  3221309.636 -1.479 11.294 10.950 1.95 19 2.213 -0.159 3.005 7.713 1.227 4.607 -1.117
2025   1  53070 GPS  -2267750.521  5009158.388  3221309.546 -1.391 11.229 10.883 1.95 19 2.233 -0.268 3.019 6.922 1.227 4.607 -1.117
2025   1  53100 GPS  -2267750.767  5009158.776  3221310.120 -1.327 11.493 11.567 1.95 19 2.185 -0.313 3.005 6.677 1.227 4.607 -1.117
2025   1  53130 GPS  -2267750.800  5009158.601  3221310.143 -1.225 11.586 11.453 1.95 19 2.105 -0.239 2.994 7.360 1.227 4.607 -1.117
2025   1  53160 GPS  -2267750.886  5009158.968  3221309.983 -1.298 11.260 11.690 1.95 19 2.012 -0.269 2.936 7.028 1.227 4.607 -1.117
2025   1  53190 GPS  -2267750.363  5009158.875  3221309.966 -1.736 11.399 11.422 1.95 19 2.170 -0.266 3.220 7.847 1.227 4.607 -1.117
2025   1  53220 GPS  -2267750.735  5009159.380  3221310.147 -1.606 11.243 12.043 1.95 19 2.178 -0.366 3.383 8.842 1.227 4.607 -1.117
2025   1  53250 GPS  -2267750.967  5009159.450  3221310.356 -1.423 11.342 12.287 1.95 19 2.158 -0.375 3.310 8.558 1.227 4.607 -1.117
2025   1  53280 GPS  -2267750.642  5009158.604  3221309.811 -1.371 11.332 11.230 1.95 18 2.162 -0.347 3.477 9.467 1.295 4.607 -1.117
2025   1  53310 GPS  -2267750.670  5009158.745  3221309.883 -1.403 11.322 11.388 1.95 18 2.116 -0.263 3.310 8.343 1.295 4.607 -1.117
2025   1  53340 GPS  -2267750.957  5009158.890  3221310.008 -1.201 11.303 11.667 1.95 19 2.173 -0.337 3.440 9.040 1.227 4.607 -1.117
2025   1  53370 GPS  -2267750.884  5009159.172  3221309.951 -1.384 11.139 11.834 1.95 19 2.111 -0.332 3.433 9.130 1.227 4.607 -1.117
2025   1  53400 GPS  -2267750.954  5009159.460  3221310.091 -1.439 11.112 12.155 1.95 19 2.225 -0.348 3.730 10.460 1.227 4.607 -1.117
2025   1  53430 GPS  -2267751.197  5009159.767  3221310.520 -1.344 11.288 12.700 1.95 19 2.194 -0.353 3.571 10.108 1.227 4.607 -1.117
2025   1  53460 GPS  -2267750.995  5009159.110  3221309.890 -1.258 11.091 11.793 1.95 19 2.173 -0.273 3.586 9.889 1.227 4.607 -1.117
2025   1  53490 GPS  -2267751.365  5009160.090  3221311.230 -1.325 11.715 13.374 2.17 18 2.020 0.222 2.603 7.986 1.227 4.607 -1.117
2025   1  53520 GPS  -2267751.250  5009159.805  3221311.075 -1.312 11.738 13.031 2.17 18 2.067 0.123 2.682 7.786 1.227 4.607 -1.117
2025   1  53550 GPS  -2267751.634  5009160.073  3221311.210 -1.073 11.649 13.446 2.18 19 1.945 0.139 2.474 7.131 1.166 4.607 -1.117
2025   1  53580 GPS  -2267751.794  5009160.480  3221311.380 -1.094 11.573 13.909 2.18 19 2.059 0.046 2.671 7.581 1.166 4.607 -1.117
2025   1  53610 GPS  -2267751.539  5009159.841  3221311.307 -1.063 11.860 13.279 2.18 19 2.002 0.050 2.591 7.329 1.166 4.607 -1.117
2025   1  53640 GPS  -2267751.676  5009160.567  3221311.355 -1.238 11.537 13.923 2.18 20 2.047 0.112 2.621 7.676 1.166 4.607 -1.117
2025   1  53670 GPS  -2267751.658  5009160.378  3221311.285 -1.176 11.567 13.732 2.18 20 2.040 0.140 2.600 7.741 1.166 4.607 -1.117
2025   1  53700 GPS  -2267751.752  5009160.847  3221311.060 -1.284 11.137 14.019 2.18 20 2.036 0.129 2.608 7.857 1.166 4.607 -1.117
2025   1  53730 GPS  -2267751.693  5009161.022  3221310.968 -1.410 10.989 14.089 2.18 20 2.181 0.079 2.885 8.255 1.166 4.607 -1.117
2025   1  53760 GPS  -2267751.190  5009160.046  3221310.864 -1.466 11.457 13.091 2.18 20 2.041 0.200 2.602 7.970 1.166 4.607 -1.117
2025   1  53790 GPS  -2267751.883  5009161.018  3221310.974 -1.235 10.957 14.156 2.18 20 2.049 0.102 2.618 7.664 1.166 4.607 -1.117
2025   1  53820 GPS  -2267751.810  5009161.425  3221311.318 -1.470 11.079 14.624 2.18 20 2.158 0.045 2.773 7.853 1.166 4.607 -1.117
2025   1  53850 GPS  -2267752.136  5009161.507  3221311.624 -1.206 11.237 14.960 2.18 20 2.015 0.063 2.556 7.458 1.166 4.607 -1.117
2025   1  53880 GPS  -2267751.868  5009161.276  3221311.161 -1.355 11.002 14.449 2.18 20 2.111 0.073 2.697 7.918 1.166 4.607 -1.117
2025   1  53910 GPS  -2267752.087  5009161.622  3221310.947 -1.298 10.611 14.689 2.18 20 2.138 0.046 2.672 7.648 1.166 4.607 -1.117
2025   1  53940 GPS  -2267752.578  5009162.014  3221311.821 -1.013 11.080 15.615 2.18 20 2.105 -0.002 2.561 6.757 1.166 4.607 -1.117
2025   1  53970 GPS  -2267752.536  5009162.394  3221312.035 -1.208 11.097 16.008 2.18 20 2.051 -0.031 2.486 6.511 1.166 4.607 -1.117
2025   1  54000 GPS  -2267751.896  5009161.129  3221310.951 -1.269 10.883 14.236 2.18 20 2.218 0.072 2.628 7.088 1.166 4.607 -1.117
2025   1  54030 GPS  -2267752.248  5009161.569  3221310.992 -1.130 10.641 14.728 2.18 20 2.226 0.129 2.707 7.668 1.166 4.607 -1.117
2025   1  54060 GPS  -2267752.424  5009161.739  3221311.009 -1.040 10.540 14.932 2.18 20 2.180 0.077 2.659 7.505 1.166 4.607 -1.117
2025   1  54090 GPS  -2267752.161  5009161.235  3221310.610 -1.071 10.484 14.241 2.18 19 2.138 0.101 2.620 7.524 1.227 4.607 -1.117
2025   1  54120 GPS  -2267752.164  5009161.168  3221310.666 -1.041 10.563 14.218 2.18 19 2.094 0.119 2.615 7.471 1.227 4.607 -1.117
2025   1  54150 GPS  -2267752.483  5009162.215  3221310.960 -1.183 10.264 15.302 2.18 19 2.189 0.085 2.721 7.620 1.227 4.607 -1.117
2025   1  54180 GPS  -2267752.400  5009162.282  3221311.267 -1.285 10.515 15.480 2.18 19 2.139 0.038 2.618 7.109 1.227 4.607 -1.117
2025   1  54210 GPS  -2267752.681  5009161.862  3221310.145 -0.856  9.685 14.682 2.37 19 2.156 0.228 2.729 7.685 1.227 4.607 -1.117
2025   1  54240 GPS  -2267752.441  5009161.514  3221310.053 -0.931  9.816 14.276 2.38 19 2.136 0.216 2.656 7.130 1.227 4.607 -1.117
2025   1  54270 GPS  -2267752.313  5009161.108  3221309.786 -0.881  9.802 13.776 2.38 19 2.134 0.232 2.622 6.781 1.227 4.607 -1.117
2025   1  54300 GPS  -2267752.282  5009160.789  3221309.378 -0.778  9.604 13.308 2.38 19 2.190 0.195 2.670 6.987 1.227 4.607 -1.117
2025   1  54330 GPS  -2267752.414  5009161.235  3221310.052 -0.841  9.950 14.047 2.38 19 2.134 0.211 2.595 6.724 1.227 4.607 -1.117
2025   1  54360 GPS  -2267752.289  5009161.141  3221309.339 -0.916  9.406 13.567 2.39 19 2.195 0.236 2.744 6.699 1.227 4.607 -1.117
2025   1  54390 GPS  -2267752.025  5009160.541  3221309.012 -0.910  9.457 12.836 2.39 19 2.268 0.282 2.831 6.976 1.227 4.607 -1.117
2025   1  54420 GPS  -2267752.229  5009160.978  3221309.619 -0.904  9.736 13.560 2.39 19 2.187 0.261 2.672 6.478 1.227 4.607 -1.117
2025   1  54450 GPS  -2267751.696  5009160.549  3221309.224 -1.212  9.705 12.833 2.39 19 2.183 0.301 2.595 6.222 1.227 4.607 -1.117
2025   1  54480 GPS  -2267751.670  5009160.435  3221308.829 -1.189  9.423 12.534 2.39 19 2.265 0.291 2.670 6.657 1.227 4.607 -1.117
2025   1  54510 GPS  -2267752.041  5009160.905  3221308.960 -1.045  9.241 13.101 2.40 19 2.174 0.260 2.568 6.233 1.227 4.607 -1.117
2025   1  54540 GPS  -2267752.048  5009160.813  3221309.059 -1.001  9.368 13.081 2.40 19 2.027 0.218 2.372 5.539 1.227 4.607 -1.117
2025   1  54570 GPS  -2267752.022  5009160.940  3221309.168 -1.077  9.408 13.227 2.40 19 1.974 0.317 2.351 5.237 1.227 4.607 -1.117
2025   1  54600 GPS  -2267753.514  5009162.643  3221311.348 -0.419 10.185 16.200 2.20 19 2.185 -0.131 2.046 3.716 1.227 4.607 -1.117
2025   1  54630 GPS  -2267753.662  5009162.568  3221311.271 -0.254 10.123 16.156 2.20 19 2.133 -0.187 2.002 3.559 1.227 4.607 -1.117
2025   1  54660 GPS  -2267753.198  5009162.173  3221310.973 -0.514 10.146 15.529 2.21 18 2.079 -0.179 1.957 3.431 1.227 4.607 -1.117
2025   1  54690 GPS  -2267753.489  5009162.313  3221310.965 -0.306 10.013 15.738 2.21 18 2.130 -0.095 2.141 3.879 1.227 4.607 -1.117
2025   1  54720 GPS  -2267753.613  5009162.650  3221310.766 -0.333  9.660 15.946 2.22 17 2.080 -0.067 2.069 3.466 1.218 4.607 -1.117
2025   1  54750 GPS  -2267753.422  5009162.489  3221310.725 -0.440  9.739 15.731 2.22 17 2.112 -0.073 2.173 3.619 1.218 4.607 -1.117
2025   1  54780 GPS  -2267752.725  5009161.378  3221309.624 -0.617  9.451 14.051 2.14 18 2.100 -0.534 3.227 10.306 1.218 4.607 -1.117
2025   1  54810 GPS  -2267752.442  5009160.825  3221308.871 -0.646  9.117 13.135 2.14 18 2.055 -0.489 3.035 9.418 1.218 4.607 -1.117
2025   1  54840 GPS  -2267752.840  5009160.922  3221309.021 -0.324  9.118 13.429 2.15 19 1.946 -0.404 2.984 8.979 1.154 4.607 -1.117
2025   1  54870 GPS  -2267752.535  5009160.206  3221308.671 -0.306  9.212 12.581 2.15 19 1.990 -0.312 2.813 7.890 1.154 4.607 -1.117
2025   1  54900 GPS  -2267752.300  5009160.380  3221308.396 -0.592  8.944 12.494 2.15 19 2.063 -0.312 2.874 7.714 1.154 4.607 -1.117
2025   1  54930 GPS  -2267752.131  5009160.264  3221308.397 -0.699  9.034 12.344 2.15 19 2.099 -0.326 3.073 8.082 1.154 4.607 -1.117
2025   1  54960 GPS  -2267751.976  5009159.832  3221308.196 -0.661  9.093 11.848 2.15 19 2.085 -0.262 2.885 7.336 1.154 4.607 -1.117
2025   1  54990 GPS  -2267751.987  5009159.697  3221308.014 -0.596  8.997 11.653 2.16 19 1.962 -0.069 2.410 4.817 1.154 4.607 -1.117
2025   1  55020 GPS  -2267752.273  5009159.994  3221307.826 -0.458  8.638 11.892 2.16 19 2.017 -0.175 2.849 6.346 1.154 4.607 -1.117
2025   1  55050 GPS  -2267751.959  5009159.891  3221307.829 -0.701  8.753 11.701 2.16 19 1.978 -0.129 2.670 5.921 1.154 4.607 -1.117
2025   1  55080 GPS  -2267752.003  5009159.898  3221307.718 -0.664  8.645 11.667 2.16 19 2.006 -0.107 2.775 5.464 1.154 4.607 -1.117
2025   1  55110 GPS  -2267752.116  5009159.947  3221307.698 -0.582  8.582 11.734 2.16 18 1.934 -0.088 2.511 4.791 1.218 4.607 -1.117
2025   1  55140 GPS  -2267752.176  5009159.837  3221307.176 -0.481  8.171 11.404 2.17 17 1.959 -0.059 2.518 5.215 1.092 4.607 -1.117
2025   1  55170 GPS  -2267752.253  5009159.587  3221307.061 -0.308  8.171 11.177 2.17 18 1.980 -0.019 2.379 4.700 1.218 4.607 -1.117
2025   1  55200 GPS  -2267752.517  5009160.701  3221307.912 -0.527  8.333 12.577 2.28 17 1.975 0.236 2.441 4.698 1.289 4.607 -1.117
2025   1  55230 GPS  -2267751.963  5009159.668  3221307.407 -0.606  8.492 11.313 2.17 17 1.932 0.108 2.412 4.888 1.092 4.607 -1.117
2025   1  55260 GPS  -2267752.101  5009159.635  3221307.108 -0.466  8.221 11.184 2.17 17 1.766 0.085 2.242 4.662 1.092 4.607 -1.117
2025   1  55290 GPS  -2267752.372  5009159.868  3221307.011 -0.316  7.973 11.414 2.17 18 1.845 0.163 2.409 4.966 0.938 4.607 -1.675
2025   1  55320 GPS  -2267752.367  5009159.886  3221306.951 -0.328  7.914 11.396 2.18 18 1.674 0.112 2.280 4.781 0.938 4.607 -1.675
2025   1  55350 GPS  -2267752.152  5009160.259  3221307.287 -0.677  8.076 11.783 2.18 17 1.783 0.167 2.173 3.986 1.092 4.607 -1.117
2025   1  55380 GPS  -2267752.140  5009159.271  3221306.539 -0.280  7.891 10.624 2.26 17 1.792 0.090 2.041 4.184 1.092 4.607 -1.117
2025   1  55410 GPS  -2267752.331  5009159.145  3221306.285 -0.054  7.691 10.464 2.26 17 1.730 0.043 1.869 3.167 1.092 4.607 -1.117
2025   1  55440 GPS  -2267752.162  5009159.143  3221306.192 -0.208  7.647 10.354 2.26 18 1.802 0.051 2.039 3.587 0.938 4.607 -1.675
2025   1  55470 GPS  -2267752.042  5009158.853  3221306.019 -0.198  7.657  9.997 2.26 18 1.746 0.118 1.886 3.465 0.938 4.607 -1.675
2025   1  55500 GPS  -2267751.867  5009158.310  3221305.352 -0.133  7.371  9.170 2.26 18 1.777 0.123 1.936 3.342 0.938 4.607 -1.675
2025   1  55530 GPS  -2267751.932  5009159.025  3221306.079 -0.369  7.652 10.124 2.26 18 1.697 0.063 2.091 4.455 0.938 4.607 -1.675
2025   1  55560 GPS  -2267751.642  5009158.384  3221305.536 -0.368  7.542  9.242 2.21 18 1.730 0.093 2.292 5.440 0.938 4.607 -1.675
2025   1  55590 GPS  -2267751.910  5009158.813  3221305.779 -0.301  7.497  9.797 2.21 18 1.641 0.073 2.095 4.466 0.938 4.607 -1.675
2025   1  55620 GPS  -2267751.474  5009157.949  3221304.886 -0.342  7.218  8.510 2.21 18 1.734 -0.064 2.307 4.316 0.938 4.607 -1.675
2025   1  55650 GPS  -2267751.705  5009157.432  3221304.979 0.081 7.490 8.233 2.21 18 1.613 -0.085 2.249 4.125 0.938 4.607 -1.675
2025   1  55680 GPS  -2267751.506  5009157.179  3221304.443 0.005 7.187 7.693 2.41 16 1.587 0.022 1.946 4.867 1.160 4.607 -1.117
2025   1  55710 GPS  -2267751.511  5009157.685  3221305.087 -0.200  7.506  8.418 2.26 17 1.699 0.270 2.248 5.423 1.092 4.607 -1.117
2025   1  55740 GPS  -2267751.562  5009157.846  3221304.833 -0.220  7.202  8.434 2.26 17 1.690 0.162 2.299 5.524 1.092 4.607 -1.117
2025   1  55770 GPS  -2267751.739  5009158.037  3221304.990 -0.137  7.212  8.726 2.26 17 1.710 0.129 2.468 5.363 1.092 4.607 -1.117
2025   1  55800 GPS  -2267751.681  5009157.867  3221304.978 -0.120  7.292  8.566 2.26 17 1.621 0.196 2.205 5.434 1.092 4.607 -1.117
2025   1  55830 GPS  -2267751.519  5009157.143  3221304.451 0.031 7.208 7.673 2.25 17 1.640 0.207 2.130 4.969 1.092 4.607 -1.117
2025   1  55860 GPS  -2267751.380  5009157.272  3221304.187 -0.148  6.950  7.590 2.20 18 1.541 0.049 2.121 4.935 0.938 4.607 -1.675
2025   1  55890 GPS  -2267751.355  5009157.038  3221304.417 -0.074  7.261  7.515 2.20 18 1.603 0.131 2.221 5.863 0.938 4.607 -1.675
2025   1  55920 GPS  -2267751.088  5009157.046  3221304.486 -0.322  7.373  7.461 2.20 18 1.580 0.222 2.099 5.646 0.938 4.607 -1.675
2025   1  55950 GPS  -2267751.056  5009156.461  3221304.089 -0.110  7.308  6.789 2.25 17 1.661 0.311 2.206 5.987 1.092 4.607 -1.117
2025   1  55980 GPS  -2267750.745  5009155.659  3221303.368 -0.061  7.123  5.683 2.32 16 1.645 0.012 1.691 3.333 0.960 4.607 -1.117
2025   1  56010 GPS  -2267751.166  5009156.199  3221303.747 0.099 7.112 6.449 2.31 16 1.801 0.059 1.786 3.464 0.960 4.607 -1.117
2025   1  56040 GPS  -2267751.066  5009156.134  3221303.207 0.035 6.698 6.088 2.31 16 1.799 0.042 1.907 4.106 0.960 4.607 -1.117
2025   1  56070 GPS  -2267750.809  5009155.328  3221303.071 0.133 7.008 5.295 2.25 17 1.615 -0.024 1.688 3.673 0.805 4.607 -1.675
2025   1  56100 GPS  -2267750.558  5009155.333  3221303.187 -0.097  7.158  5.269 2.35 16 1.732 0.072 1.792 4.015 0.855 4.607 -1.675
2025   1  56130 GPS  -2267750.695  5009155.107  3221302.945 0.120 7.025 5.018 2.34 16 1.665 -0.065 1.762 3.529 0.855 4.607 -1.675
2025   1  56160 GPS  -2267750.427  5009155.135  3221302.600 -0.136  6.771  4.769 2.34 17 1.611 -0.056 1.746 3.700 1.002 4.607 -1.675
2025   1  56190 GPS  -2267751.026  5009155.673  3221302.844 0.188 6.606 5.528 2.33 17 1.628 -0.116 1.845 3.736 1.002 4.607 -1.675
2025   1  56220 GPS  -2267750.794  5009156.094  3221303.306 -0.197  6.859  6.010 2.26 18 1.713 0.345 2.506 8.109 1.125 4.607 -1.675
2025   1  56250 GPS  -2267751.005  5009156.422  3221303.564 -0.140  6.885  6.473 2.32 17 1.685 0.214 2.011 5.149 1.289 4.607 -1.117
2025   1  56280 GPS  -2267750.654  5009156.138  3221303.033 -0.342  6.633  5.856 2.25 18 1.758 0.314 2.058 5.509 1.125 4.607 -1.675
2025   1  56310 GPS  -2267750.737  5009156.452  3221303.487 -0.396  6.860  6.363 2.25 18 1.612 0.068 1.846 4.396 1.125 4.607 -1.675
2025   1  56340 GPS  -2267749.896  5009154.925  3221302.694 -0.533  7.061  4.463 2.25 18 1.769 0.126 1.955 4.912 1.125 4.607 -1.675
2025   1  56370 GPS  -2267750.424  5009155.676  3221302.779 -0.361  6.676  5.283 2.24 18 1.724 0.125 2.057 5.490 1.125 4.607 -1.675
2025   1  56400 GPS  -2267750.392  5009155.527  3221302.544 -0.329  6.549  5.036 2.24 17 1.714 0.056 2.055 5.317 1.191 4.607 -1.675
2025   1  56430 GPS  -2267750.638  5009155.835  3221302.884 -0.231  6.648  5.537 2.23 17 1.763 0.105 1.935 4.745 1.191 4.607 -1.675
2025   1  56460 GPS  -2267750.316  5009155.144  3221302.812 -0.241  6.973  4.844 2.23 17 1.725 0.131 1.913 4.302 1.191 4.607 -1.675
2025   1  56490 GPS  -2267750.463  5009155.025  3221302.421 -0.057  6.660  4.605 2.27 16 1.789 -0.123 1.654 3.014 1.064 4.607 -1.675
2025   1  56520 GPS  -2267750.284  5009154.533  3221302.284 -0.017  6.807  4.085 2.27 16 1.810 -0.112 1.757 3.525 1.064 4.607 -1.675
2025   1  56550 GPS  -2267750.825  5009155.360  3221302.831 0.134 6.782 5.204 2.26 16 1.761 -0.068 1.532 3.013 1.064 4.607 -1.675
2025   1  56580 GPS  -2267750.453  5009154.798  3221302.534 0.027 6.865 4.480 2.25 16 1.833 -0.158 1.629 3.183 1.064 4.607 -1.675
2025   1  56610 GPS  -2267750.597  5009154.687  3221302.686 0.204 7.017 4.521 2.25 16 1.931 -0.152 1.713 3.484 1.064 4.607 -1.675
2025   1  56640 GPS  -2267750.370  5009154.407  3221302.483 0.113 7.019 4.118 2.24 16 1.902 -0.138 1.638 3.188 1.064 4.607 -1.675
2025   1  56670 GPS  -2267750.572  5009155.134  3221302.651 -0.002  6.785  4.845 2.24 16 1.795 -0.194 1.595 2.914 1.064 4.607 -1.675
2025   1  56700 GPS  -2267750.396  5009154.415  3221302.148 0.134 6.721 3.963 2.23 16 1.712 -0.157 1.490 2.823 1.064 4.607 -1.675
2025   1  56730 GPS  -2267749.967  5009154.100  3221302.433 -0.127  7.203  3.708 2.22 16 1.736 -0.144 1.558 2.883 1.064 4.607 -1.675
2025   1  56760 GPS  -2267750.029  5009153.832  3221302.471 0.040 7.347 3.539 2.22 16 1.709 -0.106 1.557 2.985 1.064 4.607 -1.675
2025   1  56790 GPS  -2267750.562  5009154.836  3221303.121 0.111 7.330 4.847 2.21 16 1.779 -0.147 1.585 3.132 1.064 4.607 -1.675
2025   1  56820 GPS  -2267751.066  5009155.786  3221303.487 0.178 7.100 5.957 2.21 16 1.772 -0.138 1.634 3.103 1.064 4.607 -1.675
2025   1  56850 GPS  -2267750.971  5009155.523  3221303.443 0.200 7.204 5.695 2.20 16 1.827 -0.210 1.718 3.241 1.064 4.607 -1.675
2025   1  56880 GPS  -2267750.382  5009154.747  3221302.973 -0.017  7.281  4.638 2.19 16 1.959 -0.143 1.914 3.569 1.064 4.607 -1.675
2025   1  56910 GPS  -2267750.426  5009154.888  3221303.159 -0.034  7.367  4.858 2.19 16 1.853 -0.192 1.900 4.003 1.064 4.607 -1.675
2025   1  56940 GPS  -2267751.470  5009155.961  3221304.568 0.475 7.865 6.787 2.01 17 1.947 -0.312 1.834 3.079 1.002 4.607 -1.675
2025   1  56970 GPS  -2267751.905  5009156.467  3221305.282 0.662 8.156 7.701 2.01 17 2.087 -0.343 1.995 3.777 1.002 4.607 -1.675
2025   1  57000 GPS  -2267751.894  5009156.146  3221305.123 0.785 8.170 7.365 2.01 17 2.144 -0.326 2.005 3.518 1.002 4.607 -1.675
2025   1  57030 GPS  -2267751.954  5009156.507  3221305.337 0.690 8.174 7.778 2.01 17 2.151 -0.419 2.135 3.881 1.002 4.607 -1.675
2025   1  57060 GPS  -2267752.416  5009157.745  3221306.113 0.600 8.172 9.308 2.01 17 2.174 -0.385 2.108 3.950 1.002 4.607 -1.675
2025   1  57090 GPS  -2267752.244  5009157.108  3221305.476 0.706 7.955 8.424 1.99 17 2.163 -0.727 2.652 7.110 1.002 4.607 -1.675
2025   1  57120 GPS  -2267752.329  5009157.014  3221305.358 0.822 7.879 8.320 1.99 17 2.136 -0.731 2.604 6.698 1.002 4.607 -1.675
2025   1  57150 GPS  -2267752.170  5009157.220  3221305.260 0.592 7.732 8.375 1.98 17 2.197 -0.756 2.638 6.265 1.002 4.607 -1.675
2025   1  57180 GPS  -2267752.797  5009157.970  3221306.242 0.854 8.100 9.685 1.98 17 2.353 -0.840 2.906 7.348 1.002 4.607 -1.675
2025   1  57210 GPS  -2267752.268  5009157.223  3221306.016 0.680 8.362 8.796 1.98 17 2.400 -0.645 2.650 6.460 1.002 4.607 -1.675
2025   1  57240 GPS  -2267752.393  5009157.511  3221306.103 0.676 8.277 9.111 1.98 17 2.374 -0.635 2.556 5.525 1.002 4.607 -1.675
2025   1  57270 GPS  -2267753.014  5009158.128  3221306.516  0.986  8.217 10.026 1.98 17 2.339 -0.729 2.712 6.630 1.002 4.607 -1.675
2025   1  57300 GPS  -2267752.743  5009158.168  3221306.580 0.724 8.311 9.993 1.97 17 2.265 -0.666 2.515 5.180 1.002 4.607 -1.675
2025   1  57330 GPS  -2267752.470  5009157.488  3221306.380 0.755 8.510 9.262 1.97 17 2.399 -0.626 2.553 5.432 1.002 4.607 -1.675
2025   1  57360 GPS  -2267752.818  5009158.197  3221307.149  0.779  8.771 10.332 1.97 17 2.526 -0.804 2.895 6.270 1.002 4.607 -1.675
2025   1  57390 GPS  -2267754.096  5009159.191  3221307.908  1.534  8.698 11.952 2.07 17 2.429 -0.898 2.886 6.491 1.002 4.607 -1.675
2025   1  57420 GPS  -2267754.048  5009159.382  3221308.154  1.412  8.831 12.209 2.07 17 2.464 -0.918 2.897 6.005 1.002 4.607 -1.675
2025   1  57450 GPS  -2267754.230  5009159.129  3221307.830  1.682  8.631 11.911 2.07 17 2.535 -0.899 2.928 5.618 1.002 4.607 -1.675
2025   1  57480 GPS  -2267754.369  5009159.023  3221308.709  1.852  9.408 12.323 2.07 17 2.623 -0.948 3.117 6.744 1.002 4.607 -1.675
2025   1  57510 GPS  -2267753.870  5009157.793  3221308.215  1.905  9.656 10.930 2.06 16 2.497 -0.929 2.949 5.677 1.064 4.607 -1.675
2025   1  57540 GPS  -2267753.849  5009157.852  3221307.844  1.861  9.313 10.780 2.06 17 2.491 -0.917 2.925 5.977 1.002 4.607 -1.675
2025   1  57570 GPS  -2267754.544  5009158.432  3221308.571  2.255  9.526 11.852 2.06 17 2.591 -0.934 2.978 5.669 1.002 4.607 -1.675
2025   1  57600 GPS  -2267754.536  5009159.225  3221308.951  1.921  9.488 12.664 2.11 16 2.817 -0.807 3.070 6.125 1.082 4.607 -1.675
2025   1  57630 GPS  -2267754.522  5009159.223  3221308.950  1.910  9.491 12.657 2.11 16 2.751 -0.803 2.999 5.914 1.082 4.607 -1.675
2025   1  57660 GPS  -2267754.834  5009159.510  3221309.182  2.074  9.493 13.111 2.11 16 2.842 -0.806 3.069 6.083 1.082 4.607 -1.675
2025   1  57690 GPS  -2267754.831  5009159.634  3221309.327  2.021  9.561 13.281 2.11 16 2.859 -0.846 3.134 6.108 1.082 4.607 -1.675
2025   1  57720 GPS  -2267754.939  5009159.534  3221309.080  2.161  9.372 13.116 2.06 17 2.590 -0.818 2.904 5.626 1.002 4.607 -1.675
2025   1  57750 GPS  -2267754.762  5009158.555  3221308.544  2.403  9.401 12.012 2.06 17 2.655 -0.865 2.952 5.842 1.002 4.607 -1.675
2025   1  57780 GPS  -2267755.327  5009159.681  3221308.846  2.453  9.021 13.249 2.10 17 2.779 -0.796 3.031 6.539 1.002 4.607 -1.675
2025   1  57810 GPS  -2267755.442  5009160.404  3221309.006  2.260  8.800 13.939 2.10 17 2.871 -0.804 3.113 6.756 1.002 4.607 -1.675
2025   1  57840 GPS  -2267755.446  5009160.304  3221309.180  2.305  8.995 13.950 2.10 17 2.897 -0.820 3.111 6.047 1.002 4.607 -1.675
2025   1  57870 GPS  -2267755.546  5009159.994  3221309.083  2.525  9.034 13.693 2.10 17 2.915 -0.772 3.081 6.318 1.002 4.607 -1.675
2025   1  57900 GPS  -2267755.083  5009159.289  3221308.749  2.393  9.170 12.806 2.10 16 2.864 -0.685 2.948 6.217 1.082 4.607 -1.675
2025   1  57930 GPS  -2267755.379  5009159.443  3221308.978  2.599  9.234 13.149 2.09 16 3.029 -0.748 3.151 6.757 1.082 4.607 -1.675
2025   1  57960 GPS  -2267755.344  5009159.633  3221309.081  2.489  9.242 13.337 2.09 16 2.903 -0.721 3.051 6.751 1.082 4.607 -1.675
2025   1  57990 GPS  -2267755.314  5009159.372  3221309.179  2.570  9.453 13.172 2.09 16 3.097 -0.792 3.251 6.864 1.082 4.607 -1.675
2025   1  58020 GPS  -2267755.290  5009159.590  3221308.982  2.457  9.188 13.234 2.09 16 3.030 -0.787 3.251 7.542 1.082 4.607 -1.675
2025   1  58050 GPS  -2267755.205  5009159.167  3221308.727  2.554  9.181 12.743 2.09 16 3.022 -0.749 3.139 6.619 1.082 4.607 -1.675
2025   1  58080 GPS  -2267755.888  5009160.203  3221309.719  2.749  9.413 14.302 2.64 16 3.032 -0.781 3.228 7.257 1.082 4.607 -1.675
2025   1  58110 GPS  -2267756.088  5009159.736  3221308.484  3.124  8.524 13.379 2.69 15 2.893 -0.460 3.065 6.616 1.154 4.607 -1.675
2025   1  58140 GPS  -2267756.412  5009159.807  3221308.389  3.390  8.341 13.501 2.61 16 2.623 -0.089 3.238 7.533 1.082 4.607 -1.675
2025   1  58170 GPS  -2267756.344  5009159.744  3221308.315  3.354  8.322 13.390 2.61 16 2.617 -0.189 3.260 7.807 1.082 4.607 -1.675
2025   1  58200 GPS  -2267756.396  5009159.578  3221308.542  3.470  8.582 13.394 2.62 16 2.709 -0.195 3.166 6.961 1.082 4.607 -1.675
2025   1  58230 GPS  -2267755.994  5009159.435  3221308.061  3.162  8.319 12.894 2.72 15 2.738 -0.469 3.141 7.898 1.154 4.607 -1.675
2025   1  58260 GPS  -2267756.948  5009160.396  3221308.601  3.635  8.139 14.261 2.63 16 2.734 -0.319 3.368 8.487 1.082 4.607 -1.675
2025   1  58290 GPS  -2267756.735  5009159.965  3221308.467  3.619  8.268 13.780 2.64 16 2.706 -0.256 3.546 9.176 1.082 4.607 -1.675
2025   1  58320 GPS  -2267756.932  5009159.553  3221308.338  3.968  8.306 13.461 2.64 16 2.717 -0.121 3.365 7.969 1.082 4.607 -1.675
2025   1  58350 GPS  -2267757.423  5009160.374  3221308.961  4.078  8.360 14.596 2.65 16 2.783 -0.283 3.346 8.558 1.082 4.607 -1.675
2025   1  58380 GPS  -2267757.434  5009160.036  3221308.572  4.227  8.179 14.137 2.65 16 2.838 -0.133 3.631 8.618 1.082 4.607 -1.675
2025   1  58410 GPS  -2267756.813  5009159.952  3221308.404  3.696  8.203 13.766 2.66 16 2.658 -0.102 3.462 8.089 1.082 4.607 -1.675
2025   1  58440 GPS  -2267757.252  5009160.665  3221308.535  3.802  7.894 14.547 2.67 16 2.696 -0.209 3.654 9.381 1.082 4.607 -1.675
2025   1  58470 GPS  -2267757.100  5009159.763  3221308.620  4.035  8.416 13.829 2.67 16 2.640 -0.110 3.358 8.183 1.082 4.607 -1.675
2025   1  58500 GPS  -2267757.193  5009160.286  3221308.539  3.903  8.086 14.232 2.68 16 2.783 -0.081 3.623 8.619 1.082 4.607 -1.675
2025   1  58530 GPS  -2267756.993  5009159.462  3221308.240  4.062  8.251 13.362 2.68 16 2.770 -0.078 3.666 8.925 1.082 4.607 -1.675
2025   1  58560 GPS  -2267756.930  5009159.855  3221308.154  3.842  8.008 13.604 2.69 16 2.669 0.059 3.599 8.214 1.082 4.607 -1.675
2025   1  58590 GPS  -2267756.834  5009159.219  3221307.767  4.017  7.990 12.874 2.70 16 2.655 0.070 3.588 8.163 1.082 4.607 -1.675
2025   1  58620 GPS  -2267757.087  5009159.454  3221307.537  4.150  7.630 13.032 2.70 16 2.614 0.142 3.539 7.576 1.082 4.607 -1.675
2025   1  58650 GPS  -2267756.608  5009158.130  3221307.472  4.260  8.287 11.790 2.71 17 2.678 0.156 3.583 7.994 1.199 4.607 -1.675
2025   1  58680 GPS  -2267757.450  5009159.952  3221308.226  4.275  7.916 13.902 2.71 17 2.663 0.076 3.373 7.608 1.199 4.607 -1.675
2025   1  58710 GPS  -2267756.949  5009159.832  3221307.707  3.869  7.630 13.366 2.72 17 2.525 0.031 3.275 7.703 1.199 4.607 -1.675
2025   1  58740 GPS  -2267756.991  5009159.797  3221307.475  3.921  7.438 13.235 2.72 17 2.503 0.111 3.431 7.991 1.199 4.607 -1.675
2025   1  58770 GPS  -2267756.749  5009158.890  3221307.464  4.076  7.898 12.432 2.73 17 2.510 0.192 3.419 7.347 1.199 4.607 -1.675
2025   1  58800 GPS  -2267756.809  5009159.393  3221307.489  3.922  7.675 12.861 2.74 16 2.551 0.106 3.444 8.263 1.082 4.607 -1.675
2025   1  58830 GPS  -2267756.761  5009159.734  3221307.708  3.738  7.715 13.223 2.74 17 2.495 0.195 3.472 7.903 1.199 4.607 -1.675
2025   1  58860 GPS  -2267757.214  5009160.125  3221307.541  3.990  7.296 13.605 2.75 17 2.386 0.136 3.313 8.373 1.199 4.607 -1.675
2025   1  58890 GPS  -2267756.963  5009159.310  3221307.375  4.097  7.582 12.792 2.75 17 2.396 0.203 3.254 7.618 1.199 4.607 -1.675
2025   1  58920 GPS  -2267756.770  5009159.384  3221307.238  3.891  7.470 12.712 2.76 17 2.361 0.150 3.242 8.164 1.199 4.607 -1.675
2025   1  58950 GPS  -2267756.760  5009158.717  3221306.877  4.157  7.471 12.002 2.76 17 2.441 0.279 3.369 8.107 1.199 4.607 -1.675
2025   1  58980 GPS  -2267756.696  5009159.489  3221307.074  3.779  7.297 12.685 2.77 17 2.338 0.185 3.189 7.744 1.199 4.607 -1.675
2025   1  59010 GPS  -2267756.636  5009159.183  3221306.862  3.852  7.268 12.316 2.78 17 2.384 0.228 3.295 7.975 1.199 4.607 -1.675
2025   1  59040 GPS  -2267756.858  5009158.779  3221306.887  4.220  7.430 12.091 2.78 17 2.391 0.305 3.360 7.951 1.199 4.607 -1.675
2025   1  59070 GPS  -2267756.287  5009157.456  3221306.433  4.246  7.770 10.619 2.79 17 2.465 0.389 3.295 7.229 1.199 4.607 -1.675
2025   1  59100 GPS  -2267756.655  5009158.806  3221306.773  4.025  7.362 11.982 2.79 17 2.438 0.298 3.441 8.388 1.199 4.607 -1.675
2025   1  59130 GPS  -2267756.371  5009158.724  3221306.581  3.799  7.294 11.719 2.57 18 2.277 0.144 3.294 7.286 1.295 4.607 -1.675
2025   1  59160 GPS  -2267756.034  5009157.872  3221306.365  3.844  7.573 10.820 2.58 18 2.340 0.160 3.413 7.521 1.295 4.607 -1.675
2025   1  59190 GPS  -2267755.349  5009156.606  3221306.664 3.742 8.560 9.736 2.54 18 2.256 0.024 3.050 6.928 1.295 4.607 -1.675
2025   1  59220 GPS  -2267755.303  5009156.124  3221306.971 3.898 9.056 9.497 2.54 18 2.430 0.058 3.071 6.578 1.295 4.607 -1.675
2025   1  59250 GPS  -2267755.664  5009157.000  3221306.671  3.866  8.318 10.161 2.55 18 2.394 0.025 3.114 7.584 1.295 4.607 -1.675
2025   1  59280 GPS  -2267755.460  5009157.291  3221307.384  3.560  8.839 10.678 2.55 18 2.428 -0.047 3.034 7.048 1.295 4.607 -1.675
2025   1  59310 GPS  -2267754.108  5009154.914  3221306.280 3.309 9.272 7.772 2.27 19 2.296 0.074 3.057 5.321 1.227 4.607 -1.675
2025   1  59340 GPS  -2267753.896  5009155.314  3221306.323 2.951 9.168 8.033 2.27 19 2.259 0.005 3.039 5.681 1.227 4.607 -1.675
2025   1  59370 GPS  -2267754.136  5009154.951  3221306.367 3.319 9.324 7.855 2.27 19 2.254 0.088 2.999 5.118 1.227 4.607 -1.675
2025   1  59400 GPS  -2267754.270  5009154.978  3221306.090 3.431 9.045 7.783 2.27 19 2.190 0.163 3.097 5.859 1.227 4.607 -1.675
2025   1  59430 GPS  -2267754.080  5009155.298  3221306.219 3.125 9.047 8.033 2.27 19 2.263 0.163 2.974 5.679 1.227 4.607 -1.675
2025   1  59460 GPS  -2267754.192  5009155.739  3221306.305 3.046 8.894 8.463 2.34 19 2.320 0.344 2.940 4.940 1.227 4.607 -1.675
2025   1  59490 GPS  -2267754.515  5009156.066  3221305.925 3.205 8.348 8.640 2.51 18 2.483 0.433 2.860 5.109 1.132 4.607 -1.675
2025   1  59520 GPS  -2267754.389  5009156.103  3221306.057 3.075 8.471 8.692 2.51 18 2.432 0.456 2.763 4.664 1.132 4.607 -1.675
2025   1  59550 GPS  -2267754.783  5009156.855  3221306.391 3.124 8.328 9.592 2.51 18 2.460 0.443 2.792 4.949 1.132 4.607 -1.675
2025   1  59580 GPS  -2267755.005  5009156.040  3221306.272 3.662 8.556 8.971 2.51 18 2.656 0.545 2.898 5.064 1.132 4.607 -1.675
2025   1  59610 GPS  -2267754.661  5009156.397  3221305.930 3.201 8.168 8.954 2.51 18 2.526 0.537 2.888 4.795 1.132 4.607 -1.675
2025   1  59640 GPS  -2267754.896  5009156.252  3221306.080 3.475 8.315 9.000 2.51 18 2.513 0.536 2.834 5.037 1.132 4.607 -1.675
2025   1  59670 GPS  -2267754.970  5009156.212  3221305.906 3.559 8.168 8.907 2.51 18 2.437 0.538 2.764 4.947 1.132 4.607 -1.675
2025   1  59700 GPS  -2267754.401  5009156.437  3221305.665 2.948 7.976 8.759 2.51 18 2.385 0.505 2.772 4.652 1.132 4.607 -1.675
2025   1  59730 GPS  -2267754.295  5009155.630  3221305.596 3.184 8.312 8.053 2.51 18 2.523 0.559 3.042 5.228 1.132 4.607 -1.675
2025   1  59760 GPS  -2267754.531  5009156.057  3221305.779 3.223 8.222 8.565 2.51 18 2.457 0.476 2.892 5.046 1.132 4.607 -1.675
2025   1  59790 GPS  -2267754.207  5009155.664  3221305.718 3.090 8.420 8.110 2.33 19 2.363 0.510 3.076 5.286 1.227 4.607 -1.675
2025   1  59820 GPS  -2267754.278  5009155.746  3221305.817 3.121 8.453 8.250 2.33 19 2.412 0.493 3.064 4.922 1.227 4.607 -1.675
2025   1  59850 GPS  -2267752.937  5009153.939  3221304.533 2.644 8.464 5.704 2.46 17 2.533 0.252 2.870 6.352 1.100 3.769 -1.675
2025   1  59880 GPS  -2267754.005  5009154.992  3221305.098 3.183 8.240 7.197 2.35 18 2.501 0.272 2.947 5.612 1.039 3.769 -1.675
2025   1  59910 GPS  -2267753.953  5009154.743  3221305.203 3.238 8.456 7.036 2.32 18 2.465 0.069 3.330 6.643 1.039 3.769 -1.675
2025   1  59940 GPS  -2267754.253  5009154.622  3221305.012 3.562 8.285 6.951 2.32 19 2.366 0.319 3.177 7.162 0.985 3.769 -1.675
2025   1  59970 GPS  -2267753.939  5009154.182  3221304.869 3.457 8.431 6.421 2.32 19 2.436 0.352 3.099 6.896 0.985 3.769 -1.675
2025   1  60000 GPS  -2267754.415  5009155.484  3221305.073 3.354 7.904 7.715 2.32 19 2.369 0.352 3.209 7.385 0.985 3.769 -1.675
2025   1  60030 GPS  -2267753.882  5009154.959  3221304.890 3.084 8.102 7.021 2.32 19 2.394 0.410 3.285 7.590 0.985 3.769 -1.675
2025   1  60060 GPS  -2267753.893  5009156.168  3221305.322 2.596 7.912 8.194 2.32 19 2.399 0.333 3.352 7.042 0.985 3.769 -1.675
2025   1  60090 GPS  -2267754.047  5009155.792  3221305.108 2.892 7.869 7.844 2.31 19 2.331 0.442 3.375 7.945 0.985 3.769 -1.675
2025   1  60120 GPS  -2267754.168  5009155.864  3221305.172 2.972 7.865 7.976 2.31 19 2.387 0.421 3.352 7.862 0.985 3.769 -1.675
2025   1  60150 GPS  -2267754.370  5009155.735  3221305.252 3.209 7.951 7.988 2.31 19 2.468 0.425 3.420 8.101 0.985 3.769 -1.675
2025   1  60180 GPS  -2267753.854  5009155.220  3221305.228 2.952 8.278 7.388 2.31 19 2.442 0.513 3.465 8.786 0.985 3.769 -1.675
2025   1  60210 GPS  -2267753.895  5009154.868  3221305.288 3.134 8.484 7.156 2.31 19 2.387 0.477 3.355 7.600 0.985 3.769 -1.675
2025   1  60240 GPS  -2267754.186  5009155.263  3221305.136 3.236 8.109 7.493 2.31 19 2.392 0.539 3.430 8.268 0.985 3.769 -1.675
2025   1  60270 GPS  -2267754.568  5009155.441  3221304.978 3.510 7.810 7.688 2.31 19 2.449 0.568 3.505 7.821 0.985 3.769 -1.675
2025   1  60300 GPS  -2267754.833  5009156.643  3221305.621 3.256 7.753 9.052 2.31 19 2.381 0.487 3.351 7.299 0.985 3.769 -1.675
2025   1  60330 GPS  -2267754.567  5009156.595  3221305.339 3.034 7.587 8.776 2.31 19 2.386 0.576 3.578 8.202 0.985 3.769 -1.675
2025   1  60360 GPS  -2267754.299  5009156.688  3221305.683 2.752 7.897 8.929 2.50 19 2.503 0.470 3.525 7.975 0.985 3.769 -1.675
2025   1  60390 GPS  -2267754.987  5009158.177  3221306.120  2.764  7.440 10.564 2.50 19 2.421 0.554 3.652 8.423 0.985 3.769 -1.675
2025   1  60420 GPS  -2267755.023  5009157.617  3221305.853  3.028  7.462 10.002 2.50 19 2.494 0.576 3.832 9.151 0.985 3.769 -1.675
2025   1  60450 GPS  -2267755.167  5009157.751  3221305.971  3.103  7.471 10.218 2.74 18 2.590 0.542 3.835 8.582 1.039 3.769 -1.675
2025   1  60480 GPS  -2267755.013  5009157.423  3221305.849 3.099 7.549 9.844 2.74 18 2.562 0.605 3.891 8.904 1.039 3.769 -1.675
2025   1  60510 GPS  -2267755.156  5009157.424  3221306.045 3.228 7.689 9.995 2.74 18 2.516 0.570 3.745 8.366 1.039 3.769 -1.675
2025   1  60540 GPS  -2267755.407  5009157.884  3221306.204  3.268  7.560 10.526 2.73 18 2.714 0.577 4.069 9.954 1.039 3.769 -1.675
2025   1  60570 GPS  -2267755.040  5009157.754  3221306.183  2.987  7.679 10.282 2.73 18 2.782 0.598 4.054 10.115 1.039 3.769 -1.675
2025   1  60600 GPS  -2267755.157  5009157.845  3221305.999  3.056  7.453 10.302 2.73 18 2.863 0.610 4.180 10.353 1.039 3.769 -1.675
2025   1  60630 GPS  -2267758.554  5009160.959  3221309.053  4.866  7.931 15.503 2.57 18 3.494 -0.629 4.121 10.082 1.039 3.769 -1.675
2025   1  60660 GPS  -2267759.416  5009161.945  3221309.268  5.245  7.479 16.693 2.57 18 3.515 -0.575 4.250 10.406 1.039 3.769 -1.675
2025   1  60690 GPS  -2267759.232  5009161.811  3221309.373  5.132  7.670 16.576 2.57 18 3.522 -0.546 4.250 9.713 1.039 3.769 -1.675
2025   1  60720 GPS  -2267759.031  5009161.617  3221309.400  5.030  7.826 16.366 2.57 19 3.494 -0.546 4.134 9.598 0.926 3.769 -1.675
2025   1  60750 GPS  -2267758.974  5009162.117  3221309.209  4.771  7.442 16.641 2.57 19 3.563 -0.459 4.300 9.610 0.926 3.769 -1.675
2025   1  60780 GPS  -2267758.294  5009161.025  3221308.661  4.602  7.618 15.265 2.61 18 3.689 -0.833 4.018 9.593 1.039 3.769 -1.675
2025   1  60810 GPS  -2267758.546  5009161.275  3221308.761  4.729  7.535 15.601 2.61 18 3.688 -0.815 4.012 9.792 1.039 3.769 -1.675
2025   1  60840 GPS  -2267758.289  5009160.689  3221308.469  4.736  7.609 14.901 2.61 18 3.635 -0.742 3.963 9.734 1.039 3.769 -1.675
2025   1  60870 GPS  -2267758.272  5009160.891  3221308.227  4.638  7.311 14.931 2.61 18 3.509 -0.698 3.868 9.732 1.039 3.769 -1.675
2025   1  60900 GPS  -2267758.426  5009161.775  3221308.619  4.413  7.207 15.879 2.61 18 3.534 -0.694 3.873 9.375 1.070 3.769 -1.117
2025   1  60930 GPS  -2267755.035  5009154.647  3221306.766 4.264 9.620 8.140 2.22 18 3.927 0.087 3.334 8.240 1.070 3.769 -1.117
2025   1  60960 GPS  -2267755.090  5009154.601  3221306.658 4.333 9.537 8.068 2.23 18 3.916 0.073 3.305 8.333 1.070 3.769 -1.117
2025   1  60990 GPS  -2267754.764  5009154.286  3221306.382 4.166 9.513 7.565 2.23 18 3.808 0.124 3.259 7.908 1.070 3.769 -1.117
2025   1  61020 GPS  -2267755.270  5009154.693  3221306.658 4.459 9.457 8.204 2.24 18 3.996 0.042 3.388 8.480 1.070 3.769 -1.117
2025   1  61050 GPS  -2267755.005  5009154.482  3221306.698 4.304 9.644 7.964 2.24 18 4.119 0.094 3.460 8.706 1.070 3.769 -1.117
2025   1  61080 GPS  -2267755.285  5009154.714  3221306.641 4.464 9.429 8.217 2.25 18 4.140 0.116 3.492 8.722 1.070 3.769 -1.117
2025   1  61110 GPS  -2267755.621  5009155.236  3221306.724 4.554 9.189 8.788 2.25 18 4.073 0.079 3.446 8.589 0.861 3.350 -1.117
2025   1  61140 GPS  -2267755.206  5009154.647  3221306.320 4.420 9.200 7.974 2.26 19 4.009 0.070 3.395 8.383 1.014 3.769 -1.117
2025   1  61170 GPS  -2267755.369  5009154.759  3221306.599 4.522 9.355 8.261 2.26 19 4.227 0.048 3.562 9.129 1.014 3.769 -1.117
2025   1  61200 GPS  -2267755.725  5009155.802  3221306.802 4.416 8.972 9.309 2.27 18 3.986 0.028 3.390 8.603 0.861 3.350 -1.117
2025   1  61230 GPS  -2267755.389  5009155.932  3221306.845 4.056 9.019 9.313 2.27 18 4.058 0.073 3.454 8.630 0.861 3.350 -1.117
2025   1  61260 GPS  -2267754.494  5009154.949  3221306.380 3.646 9.261 7.988 2.16 18 4.207 0.240 3.524 9.092 0.861 3.350 -1.117
2025   1  61290 GPS  -2267754.436  5009154.886  3221306.503 3.619 9.409 7.980 2.16 18 4.092 0.237 3.435 8.854 0.861 3.350 -1.117
2025   1  61320 GPS  -2267754.763  5009156.055  3221306.784 3.436 9.041 9.156 2.17 19 4.317 0.268 3.619 9.330 1.014 3.769 -1.117
2025   1  61350 GPS  -2267754.407  5009155.356  3221306.639 3.400 9.314 8.408 2.17 18 4.108 0.250 3.440 8.770 0.861 3.350 -1.117
2025   1  61380 GPS  -2267754.382  5009155.069  3221306.393 3.495 9.240 8.049 2.17 19 4.174 0.259 3.497 8.760 1.014 3.769 -1.117
2025   1  61410 GPS  -2267754.624  5009155.556  3221306.393 3.514 8.964 8.517 2.18 19 4.028 0.269 3.390 8.514 1.014 3.769 -1.117
2025   1  61440 GPS  -2267754.479  5009155.339  3221306.469 3.472 9.161 8.334 2.18 18 3.980 0.291 3.368 8.270 1.132 3.769 -1.117
2025   1  61470 GPS  -2267754.356  5009155.270  3221306.284 3.388 9.059 8.142 2.19 17 4.013 0.323 3.420 8.305 0.977 3.350 -1.117
2025   1  61500 GPS  -2267754.418  5009155.707  3221306.349 3.264 8.899 8.540 2.19 17 3.921 0.295 3.325 7.953 0.977 3.350 -1.117
2025   1  61530 GPS  -2267753.797  5009155.219  3221306.201 2.900 9.129 7.861 2.20 17 3.879 0.287 3.285 7.943 0.977 3.350 -1.117
2025   1  61560 GPS  -2267754.149  5009155.185  3221306.437 3.234 9.273 8.080 2.20 17 3.939 0.270 3.321 7.977 0.977 3.350 -1.117
2025   1  61590 GPS  -2267753.879  5009155.538  3221306.141 2.843 8.911 8.110 2.21 17 3.767 0.256 3.173 7.650 0.977 3.350 -1.117
2025   1  61620 GPS  -2267753.929  5009155.309  3221306.067 2.983 8.943 7.911 2.21 17 3.873 0.256 3.257 7.844 0.977 3.350 -1.117
2025   1  61650 GPS  -2267753.821  5009155.004  3221306.073 3.010 9.112 7.636 2.21 17 3.644 0.277 3.093 7.221 0.977 3.350 -1.117
2025   1  61680 GPS  -2267753.762  5009155.536  3221306.104 2.737 8.905 8.048 2.22 17 3.692 0.318 3.166 7.370 0.977 3.350 -1.117
2025   1  61710 GPS  -2267754.099  5009156.153  3221306.452 2.790 8.848 8.829 2.22 17 3.822 0.354 3.302 7.740 0.977 3.350 -1.117
2025   1  61740 GPS  -2267753.924  5009156.244  3221306.443 2.593 8.836 8.833 2.22 18 3.741 0.313 3.200 7.509 0.861 3.350 -1.117
2025   1  61770 GPS  -2267753.927  5009156.444  3221306.384 2.513 8.691 8.962 2.23 18 3.733 0.328 3.208 7.595 0.861 3.350 -1.117
2025   1  61800 GPS  -2267754.344  5009157.432  3221306.777  2.486  8.485 10.085 2.23 18 3.585 0.319 3.090 7.128 0.861 3.350 -1.117
2025   1  61830 GPS  -2267754.683  5009157.862  3221306.938  2.617  8.354 10.624 2.23 18 3.544 0.265 3.008 7.267 0.861 3.350 -1.117
2025   1  61860 GPS  -2267754.293  5009157.082  3221306.590 2.584 8.497 9.697 2.24 18 3.653 0.278 3.109 7.380 0.861 3.350 -1.117
2025   1  61890 GPS  -2267754.139  5009156.977  3221306.469 2.486 8.473 9.498 2.24 18 3.588 0.309 3.084 7.144 0.861 3.350 -1.117
2025   1  61920 GPS  -2267754.155  5009156.551  3221306.334 2.676 8.551 9.101 2.24 18 3.572 0.329 3.086 7.017 0.861 3.350 -1.117
2025   1  61950 GPS  -2267754.284  5009156.953  3221306.510 2.629 8.490 9.552 2.25 18 3.490 0.331 3.024 6.899 0.861 3.350 -1.117
2025   1  61980 GPS  -2267754.402  5009157.469  3221306.703  2.523  8.392 10.097 2.25 19 3.335 0.318 2.893 6.567 0.816 3.350 -1.117
2025   1  62010 GPS  -2267754.303  5009157.464  3221306.747  2.435  8.454 10.080 2.25 19 3.494 0.305 3.002 6.981 0.816 3.350 -1.117
2025   1  62040 GPS  -2267754.973  5009157.692  3221307.322  2.951  8.703 10.789 2.20 19 3.305 0.123 2.748 6.075 0.816 3.350 -1.117
2025   1  62070 GPS  -2267754.854  5009157.963  3221307.294  2.731  8.578 10.945 2.21 17 3.491 0.087 2.873 6.222 0.977 3.350 -1.117
2025   1  62100 GPS  -2267755.048  5009158.008  3221307.313  2.890  8.533 11.058 2.21 17 3.417 0.093 2.817 5.920 0.977 3.350 -1.117
2025   1  62130 GPS  -2267755.276  5009158.785  3221307.842  2.776  8.581 12.018 2.21 18 3.428 0.074 2.816 5.958 0.861 3.350 -1.117
2025   1  62160 GPS  -2267754.995  5009158.503  3221307.717  2.637  8.663 11.634 2.21 18 3.477 0.107 2.874 6.067 0.861 3.350 -1.117
2025   1  62190 GPS  -2267754.694  5009158.190  3221307.483  2.492  8.670 11.162 2.22 18 3.632 0.118 3.006 6.501 0.861 3.350 -1.117
2025   1  62220 GPS  -2267754.876  5009158.816  3221307.611  2.399  8.452 11.783 2.22 19 3.482 0.116 2.885 5.653 0.985 3.350 -1.117
2025   1  62250 GPS  -2267754.674  5009159.384  3221307.731  1.981  8.334 12.218 2.22 19 3.507 0.072 2.879 5.770 0.985 3.350 -1.117
2025   1  62280 GPS  -2267754.784  5009160.278  3221307.877  1.713  8.023 13.033 2.22 19 3.476 0.075 2.855 5.759 0.985 3.350 -1.117
2025   1  62310 GPS  -2267755.050  5009160.078  3221307.810  2.038  8.003 12.936 2.23 19 3.462 0.023 2.828 5.574 0.985 3.350 -1.117
2025   1  62340 GPS  -2267755.005  5009159.830  3221307.570  2.099  7.920 12.604 2.23 19 3.492 0.062 2.863 5.779 0.985 3.350 -1.117
2025   1  62370 GPS  -2267754.471  5009159.543  3221307.091  1.730  7.752 11.945 2.19 18 3.307 -0.190 2.971 5.961 0.861 3.350 -1.117
2025   1  62400 GPS  -2267754.358  5009159.580  3221307.195  1.613  7.849 11.987 2.19 18 3.315 -0.202 3.001 5.778 0.861 3.350 -1.117
2025   1  62430 GPS  -2267754.452  5009159.380  3221307.078  1.780  7.820 11.804 2.19 18 3.261 -0.258 3.041 5.638 0.861 3.350 -1.117
2025   1  62460 GPS  -2267754.356  5009159.273  3221306.950  1.737  7.780 11.622 2.19 18 3.222 -0.235 3.000 5.489 0.861 3.350 -1.117
2025   1  62490 GPS  -2267754.592  5009159.285  3221306.628  1.948  7.447 11.551 2.19 18 3.107 -0.206 2.801 5.334 0.861 3.350 -1.117
2025   1  62520 GPS  -2267754.556  5009159.715  3221306.818  1.737  7.420 11.972 2.19 18 3.136 -0.288 3.013 6.202 0.861 3.350 -1.117
2025   1  62550 GPS  -2267754.363  5009159.136  3221306.252  1.800  7.241 11.161 2.19 18 3.085 -0.233 2.994 6.112 0.861 3.350 -1.117
2025   1  62580 GPS  -2267754.601  5009159.781  3221306.302  1.750  6.935 11.778 2.19 18 3.066 -0.284 2.979 6.308 0.861 3.350 -1.117
2025   1  62610 GPS  -2267754.393  5009159.625  3221305.976  1.626  6.770 11.416 2.19 18 2.957 -0.293 3.070 7.346 0.861 3.350 -1.117
2025   1  62640 GPS  -2267754.243  5009159.158  3221306.126  1.682  7.147 11.073 2.15 18 2.883 0.029 3.407 8.040 0.861 3.350 -1.117
2025   1  62670 GPS  -2267754.356  5009159.686  3221306.144  1.567  6.894 11.536 2.15 18 2.817 -0.028 3.377 8.399 0.861 3.350 -1.117
2025   1  62700 GPS  -2267754.045  5009159.464  3221305.802  1.375  6.768 11.077 2.15 18 2.940 -0.039 3.557 9.005 0.861 3.350 -1.117
2025   1  62730 GPS  -2267753.838  5009159.673  3221305.860  1.100  6.764 11.197 2.15 18 2.926 -0.044 3.430 8.270 0.861 3.350 -1.117
2025   1  62760 GPS  -2267754.165  5009159.776  3221306.010  1.356  6.777 11.470 2.15 18 2.983 0.063 3.316 6.897 0.861 3.350 -1.117
2025   1  62790 GPS  -2267754.242  5009160.006  3221305.975  1.331  6.625 11.661 2.09 18 2.765 0.192 3.170 6.446 0.861 3.350 -1.117
2025   1  62820 GPS  -2267754.351  5009159.866  3221305.687  1.488  6.418 11.443 2.09 18 2.736 0.124 3.411 8.177 0.861 3.350 -1.117
2025   1  62850 GPS  -2267753.805  5009159.998  3221305.546  0.936  6.350 11.281 2.09 18 2.786 0.115 3.324 7.858 0.861 3.350 -1.117
2025   1  62880 GPS  -2267753.639  5009159.915  3221305.777  0.820  6.622 11.274 2.24 18 2.778 -0.201 3.332 8.876 0.861 3.350 -1.117
2025   1  62910 GPS  -2267753.507  5009159.970  3221305.449  0.677  6.342 11.104 2.24 18 2.613 -0.108 3.226 8.553 0.861 3.350 -1.117
2025   1  62940 GPS  -2267753.483  5009160.050  3221305.290  0.621  6.173 11.078 2.24 18 2.704 -0.100 3.284 8.704 0.861 3.350 -1.117
2025   1  62970 GPS  -2267753.752  5009160.919  3221305.430  0.508  5.835 11.926 2.24 18 2.566 -0.173 2.981 7.367 0.861 3.350 -1.117
2025   1  63000 GPS  -2267753.784  5009160.974  3221305.413  0.515  5.789 11.972 2.24 18 2.568 -0.120 2.925 7.057 0.861 3.350 -1.117
2025   1  63030 GPS  -2267753.985  5009160.565  3221305.295  0.866  5.834 11.662 2.24 18 2.769 -0.147 3.242 8.371 0.861 3.350 -1.117
2025   1  63060 GPS  -2267753.817  5009160.707  3221305.348  0.655  5.849 11.742 2.25 18 2.782 -0.197 3.207 7.946 0.861 3.350 -1.117
2025   1  63090 GPS  -2267754.211  5009161.309  3221305.687  0.766  5.780 12.526 2.25 18 2.742 -0.183 3.171 8.496 0.861 3.350 -1.117
2025   1  63120 GPS  -2267753.761  5009160.791  3221305.317  0.569  5.796 11.771 2.25 18 2.937 -0.237 3.347 8.475 0.861 3.350 -1.117
2025   1  63150 GPS  -2267753.609  5009160.822  3221304.945  0.418  5.493 11.553 2.25 18 2.771 -0.162 3.175 7.391 0.861 3.350 -1.117
2025   1  63180 GPS  -2267753.821  5009161.025  3221304.873  0.527  5.292 11.751 2.25 18 2.696 -0.170 3.095 7.035 0.861 3.350 -1.117
2025   1  63210 GPS  -2267753.635  5009160.964  3221305.070  0.383  5.529 11.737 2.25 18 2.798 -0.164 3.249 7.689 0.861 3.350 -1.117
2025   1  63240 GPS  -2267753.978  5009160.873  3221304.977  0.733  5.419 11.741 2.25 18 2.899 -0.071 3.268 7.369 0.861 3.350 -1.117
2025   1  63270 GPS  -2267754.187  5009161.296  3221304.866  0.749  5.084 12.090 2.25 18 2.859 -0.022 3.233 6.625 0.861 3.350 -1.117
2025   1  63300 GPS  -2267754.041  5009160.541  3221304.728  0.927  5.345 11.376 2.25 18 2.857 -0.082 3.449 8.549 0.861 3.350 -1.117
2025   1  63330 GPS  -2267754.193  5009160.969  3221304.901  0.889  5.264 11.853 2.25 18 2.851 -0.120 3.303 7.400 0.861 3.350 -1.117
2025   1  63360 GPS  -2267754.335  5009161.317  3221305.149  0.875  5.287 12.303 2.25 18 2.845 -0.154 3.117 6.766 0.861 3.350 -1.117
2025   1  63390 GPS  -2267754.467  5009161.662  3221305.132  0.853  5.085 12.612 2.25 18 2.931 -0.089 3.288 7.326 0.861 3.350 -1.117
2025   1  63420 GPS  -2267754.314  5009161.727  3221305.156  0.686  5.108 12.621 2.25 18 2.813 -0.092 3.075 6.697 0.861 3.350 -1.117
2025   1  63450 GPS  -2267754.222  5009161.575  3221305.068  0.666  5.122 12.424 2.25 18 2.860 -0.116 3.196 7.511 0.861 3.350 -1.117
2025   1  63480 GPS  -2267754.716  5009162.150  3221305.269  0.879  4.925 13.153 2.25 18 2.855 -0.140 3.253 7.664 0.861 3.350 -1.117
2025   1  63510 GPS  -2267754.325  5009161.575  3221304.879  0.760  4.937 12.365 2.25 18 2.810 -0.092 3.182 7.382 0.861 3.350 -1.117
2025   1  63540 GPS  -2267753.606  5009161.328  3221304.579  0.207  4.944 11.763 2.25 18 2.788 -0.124 3.095 7.011 0.861 3.350 -1.117
2025   1  63570 GPS  -2267753.734  5009160.952  3221304.542  0.478  5.059 11.494 2.25 18 2.770 -0.076 3.260 7.830 0.861 3.350 -1.117
2025   1  63600 GPS  -2267753.680  5009161.038  3221304.518  0.394  5.010 11.531 2.25 18 2.877 -0.138 3.350 8.154 0.861 3.350 -1.117
2025   1  63630 GPS  -2267753.923  5009160.969  3221304.449  0.643  4.931 11.528 2.25 18 2.772 -0.124 3.484 9.376 0.861 3.350 -1.117
2025   1  63660 GPS  -2267753.720  5009160.667  3221304.178  0.583  4.880 11.081 2.25 18 2.798 0.032 3.356 7.967 0.861 3.350 -1.117
2025   1  63690 GPS  -2267753.803  5009160.166  3221303.679  0.865  4.665 10.464 2.32 18 2.921 -0.176 3.332 8.132 0.861 3.350 -1.117
2025   1  63720 GPS  -2267754.160  5009161.011  3221303.988  0.842  4.466 11.411 2.31 18 2.889 -0.169 3.179 7.294 0.861 3.350 -1.117
2025   1  63750 GPS  -2267754.426  5009161.490  3221304.140  0.887  4.319 11.958 2.31 18 2.968 -0.214 3.245 7.457 0.861 3.350 -1.117
2025   1  63780 GPS  -2267754.442  5009161.967  3221303.937  0.705  3.920 12.235 2.31 18 2.817 -0.275 3.276 8.445 0.861 3.350 -1.117
2025   1  63810 GPS  -2267754.643  5009162.068  3221304.159  0.846  4.022 12.499 2.31 18 2.971 -0.205 3.263 7.617 0.861 3.350 -1.117
2025   1  63840 GPS  -2267753.753  5009161.226  3221303.680  0.383  4.186 11.278 2.31 18 3.063 -0.222 3.301 7.384 0.861 3.350 -1.117
2025   1  63870 GPS  -2267754.118  5009161.610  3221303.999  0.557  4.207 11.872 2.31 18 2.898 -0.245 3.263 7.578 0.861 3.350 -1.117
2025   1  63900 GPS  -2267753.791  5009160.992  3221303.407  0.514  4.051 10.970 2.31 18 2.933 -0.196 3.344 8.182 0.861 3.350 -1.117
2025   1  63930 GPS  -2267753.502  5009160.193  3221302.956  0.580  4.093 10.011 2.30 18 2.992 -0.152 3.320 7.861 0.861 3.350 -1.117
2025   1  63960 GPS  -2267753.748  5009160.560  3221303.157  0.653  4.044 10.489 2.30 18 2.926 -0.225 3.292 7.708 0.861 3.350 -1.117
2025   1  63990 GPS  -2267753.418  5009160.495  3221303.004  0.379  4.012 10.242 2.30 18 2.977 -0.227 3.359 8.498 0.861 3.350 -1.117
2025   1  64020 GPS  -2267753.498  5009160.352  3221303.195  0.511  4.226 10.255 2.30 18 2.963 -0.185 3.316 8.170 0.861 3.350 -1.117
2025   1  64050 GPS  -2267753.541  5009160.199  3221302.978  0.613  4.100 10.041 2.30 18 2.965 -0.211 3.412 8.630 0.861 3.350 -1.117
2025   1  64080 GPS  -2267753.867  5009160.150  3221302.908  0.930  3.995 10.082 2.30 18 2.850 -0.175 3.376 8.744 0.861 3.350 -1.117
2025   1  64110 GPS  -2267753.667  5009160.191  3221302.528 0.731 3.690 9.851 2.30 18 2.977 -0.213 3.462 8.893 0.861 3.350 -1.117
2025   1  64140 GPS  -2267753.478  5009159.522  3221302.118 0.835 3.687 9.050 2.29 18 3.029 -0.199 3.584 9.177 0.861 3.350 -1.117
2025   1  64170 GPS  -2267753.549  5009159.657  3221302.111 0.843 3.603 9.178 2.29 18 3.154 -0.150 3.740 9.827 0.861 3.350 -1.117
2025   1  64200 GPS  -2267753.804  5009159.688  3221301.800 1.064 3.268 9.135 2.29 18 3.107 -0.158 3.802 10.429 0.861 3.350 -1.117
2025   1  64230 GPS  -2267753.814  5009160.071  3221302.126 0.914 3.369 9.604 2.29 18 3.288 -0.187 3.960 10.797 0.861 3.350 -1.117
2025   1  64260 GPS  -2267753.945  5009160.801  3221302.357  0.732  3.202 10.341 2.29 18 3.129 -0.227 3.666 9.564 0.861 3.350 -1.117
2025   1  64290 GPS  -2267753.682  5009159.937  3221301.995 0.850 3.346 9.385 2.29 18 3.137 -0.243 3.755 10.531 0.861 3.350 -1.117
2025   1  64320 GPS  -2267753.592  5009159.539  3221301.541 0.932 3.157 8.811 2.29 18 3.137 -0.232 3.700 9.809 0.861 3.350 -1.117
2025   1  64350 GPS  -2267752.919  5009159.154  3221301.125 0.477 3.119 8.058 2.28 18 3.184 -0.145 3.849 10.689 0.861 3.350 -1.117
2025   1  64380 GPS  -2267752.830  5009159.274  3221301.288 0.347 3.223 8.204 2.28 18 3.141 -0.132 3.731 9.839 0.861 3.350 -1.117
2025   1  64410 GPS  -2267752.980  5009159.208  3221301.063 0.510 3.027 8.090 2.28 18 3.113 -0.190 3.696 9.969 0.861 3.350 -1.117
2025   1  64440 GPS  -2267752.856  5009158.979  3221300.950 0.492 3.062 7.810 2.28 18 3.101 -0.211 3.659 9.989 0.861 3.350 -1.117
2025   1  64470 GPS  -2267752.894  5009158.680  3221300.904 0.650 3.153 7.565 2.28 18 3.117 -0.165 3.627 9.432 0.861 3.350 -1.117
2025   1  64500 GPS  -2267752.620  5009158.437  3221300.838 0.500 3.266 7.244 2.28 18 3.144 -0.156 3.613 9.590 0.861 3.350 -1.117
2025   1  64530 GPS  -2267752.866  5009158.679  3221300.938 0.625 3.189 7.572 2.28 17 3.183 -0.135 3.667 9.577 0.977 3.350 -1.117
2025   1  64560 GPS  -2267753.049  5009159.036  3221300.958 0.644 3.002 7.927 2.27 17 3.226 -0.217 3.769 10.113 0.977 3.350 -1.117
2025   1  64590 GPS  -2267753.439  5009159.651  3221301.419 0.746 3.033 8.782 2.27 17 3.223 -0.254 3.807 10.559 0.977 3.350 -1.117
2025   1  64620 GPS  -2267753.054  5009159.448  3221301.334 0.478 3.135 8.443 2.27 17 3.275 -0.186 3.807 10.348 0.977 3.350 -1.117
2025   1  64650 GPS  -2267752.984  5009159.254  3221301.205 0.496 3.128 8.200 2.27 17 3.153 -0.219 3.631 10.054 0.977 3.350 -1.117
2025   1  64680 GPS  -2267752.799  5009158.953  3221301.246 0.450 3.341 7.920 2.27 17 3.238 -0.231 3.674 9.862 0.977 3.350 -1.117
2025   1  64710 GPS  -2267752.472  5009158.794  3221301.213 0.219 3.455 7.661 2.27 17 3.260 -0.252 3.826 10.909 0.977 3.350 -1.117
2025   1  64740 GPS  -2267752.631  5009158.833  3221301.351 0.347 3.523 7.819 2.27 17 3.226 -0.297 3.755 10.735 0.977 3.350 -1.117
2025   1  64770 GPS  -2267752.153  5009158.052  3221300.814 0.234 3.522 6.763 2.26 17 3.285 -0.194 3.832 10.872 0.977 3.350 -1.117
2025   1  64800 GPS  -2267752.883  5009158.545  3221301.024 0.695 3.321 7.516 2.26 17 3.264 -0.250 3.923 11.584 0.977 3.350 -1.117
2025   1  64830 GPS  -2267752.098  5009157.776  3221300.645 0.298 3.515 6.441 2.26 17 3.260 -0.246 3.930 11.541 0.977 3.350 -1.117
2025   1  64860 GPS  -2267752.238  5009158.193  3221300.593 0.253 3.248 6.792 2.26 17 3.293 -0.302 3.836 10.767 0.977 3.350 -1.117
2025   1  64890 GPS  -2267752.754  5009158.768  3221300.737 0.486 2.998 7.499 2.26 17 3.446 -0.222 4.058 11.575 0.977 3.350 -1.117
2025   1  64920 GPS  -2267752.470  5009158.669  3221300.408 0.268 2.820 7.153 2.26 17 3.436 -0.291 4.057 11.753 0.977 3.350 -1.117
2025   1  64950 GPS  -2267752.974  5009158.947  3221300.534 0.613 2.694 7.615 2.26 17 3.393 -0.260 4.068 11.790 0.977 3.350 -1.117
2025   1  64980 GPS  -2267752.461  5009158.933  3221300.436 0.151 2.724 7.372 2.26 17 3.397 -0.303 4.011 11.694 0.977 3.350 -1.117
2025   1  65010 GPS  -2267753.242  5009159.451  3221300.677 0.649 2.528 8.179 2.25 17 3.412 -0.307 4.071 11.976 0.977 3.350 -1.117
2025   1  65040 GPS  -2267753.124  5009159.236  3221300.758 0.630 2.722 8.009 2.25 18 3.370 -0.285 4.038 11.925 1.063 3.350 -1.117
2025   1  65070 GPS  -2267752.898  5009158.765  3221300.377 0.618 2.659 7.366 2.29 17 3.429 -0.357 4.071 11.631 1.125 3.350 -1.117
2025   1  65100 GPS  -2267752.908  5009158.281  3221300.218 0.827 2.744 6.908 2.29 16 3.475 -0.391 4.136 12.035 1.038 3.350 -1.117
2025   1  65130 GPS  -2267752.306  5009157.955  3221300.134 0.413 2.949 6.397 2.29 16 3.518 -0.379 4.070 11.690 1.038 3.350 -1.117
2025   1  65160 GPS  -2267752.155  5009158.220  3221299.829 0.166 2.595 6.395 2.28 16 3.577 -0.315 4.104 11.003 1.038 3.350 -1.117
2025   1  65190 GPS  -2267752.263  5009158.216  3221299.727 0.267 2.486 6.379 2.28 16 3.434 -0.361 4.019 11.260 1.038 3.350 -1.117
2025   1  65220 GPS  -2267751.965  5009157.924  3221299.861 0.116 2.799 6.112 2.28 16 3.523 -0.364 4.030 11.059 1.038 3.350 -1.117
2025   1  65250 GPS  -2267752.259  5009158.785  3221300.249 0.028 2.673 7.090 2.28 16 3.414 -0.397 3.943 10.751 1.038 3.350 -1.117
2025   1  65280 GPS  -2267752.235  5009158.490  3221299.994 0.128 2.595 6.720 2.28 16 3.428 -0.389 3.971 11.299 1.038 3.350 -1.117
2025   1  65310 GPS  -2267751.943  5009157.813  3221300.122 0.141 3.080 6.150 2.27 16 3.474 -0.377 3.988 11.184 1.038 3.350 -1.117
2025   1  65340 GPS  -2267752.265  5009158.167  3221300.152 0.289 2.874 6.557 2.27 16 3.434 -0.371 3.924 11.127 1.038 3.350 -1.117
2025   1  65370 GPS  -2267752.744  5009158.455  3221300.174 0.606 2.660 6.964 2.27 16 3.501 -0.410 4.038 11.724 1.038 3.350 -1.117
2025   1  65400 GPS  -2267752.954  5009159.250  3221300.454 0.470 2.489 7.805 2.27 16 3.603 -0.459 4.170 12.060 1.038 3.350 -1.117
2025   1  65430 GPS  -2267747.334  5009153.011  3221296.112 -2.078  2.814 -1.293 2.04 16 4.260 0.419 3.895 8.654 1.038 3.350 -1.117
2025   1  65460 GPS  -2267747.209  5009152.977  3221296.072 -2.177  2.821 -1.385 2.04 16 4.428 0.394 4.031 9.172 1.038 3.350 -1.117
2025   1  65490 GPS  -2267747.470  5009153.161  3221296.166 -2.015  2.762 -1.100 2.04 16 4.401 0.431 4.007 8.880 1.038 3.350 -1.117
2025   1  65520 GPS  -2267747.194  5009153.063  3221296.219 -2.225  2.911 -1.248 2.04 16 4.394 0.312 3.949 8.839 1.038 3.350 -1.117
2025   1  65550 GPS  -2267746.774  5009152.801  3221296.107 -2.500  3.024 -1.659 2.05 16 4.337 0.322 3.886 8.674 1.038 3.350 -1.117
2025   1  65580 GPS  -2267746.471  5009152.233  3221296.137 -2.543  3.376 -2.197 2.05 16 4.399 0.319 3.883 9.022 1.038 3.350 -1.117
2025   1  65610 GPS  -2267746.754  5009152.230  3221296.031 -2.283  3.227 -2.153 2.05 16 4.424 0.299 3.927 9.113 1.038 3.350 -1.117
2025   1  65640 GPS  -2267746.456  5009152.729  3221296.237 -2.761  3.236 -1.762 2.05 16 4.509 0.273 3.966 9.144 1.038 3.350 -1.117
2025   1  65670 GPS  -2267746.798  5009152.171  3221293.812 -2.219  1.334 -3.310 2.12 16 4.283 0.745 4.301 9.668 1.038 3.350 -1.117
2025   1  65700 GPS  -2267746.555  5009151.211  3221293.682 -2.044  1.717 -4.216 2.12 16 4.187 0.799 4.266 9.136 1.038 3.350 -1.117
2025   1  65730 GPS  -2267746.010  5009150.750  3221293.207 -2.350  1.636 -5.013 2.12 16 4.281 0.798 4.293 9.424 1.038 3.350 -1.117
2025   1  65760 GPS  -2267747.066  5009151.762  3221294.095 -1.806  1.711 -3.392 2.03 17 4.018 0.965 4.195 9.143 1.125 3.350 -1.117
2025   1  65790 GPS  -2267746.716  5009152.177  3221294.008 -2.297  1.517 -3.235 2.03 17 4.219 0.894 4.338 9.379 1.125 3.350 -1.117
2025   1  65820 GPS  -2267746.305  5009151.346  3221293.494 -2.327  1.545 -4.295 2.03 17 4.246 0.999 4.429 9.336 1.125 3.350 -1.117
2025   1  65850 GPS  -2267746.240  5009151.353  3221293.918 -2.390  1.920 -4.097 2.12 16 4.340 0.746 4.282 9.481 1.038 3.350 -1.117
2025   1  65880 GPS  -2267746.345  5009151.763  3221294.357 -2.463  2.087 -3.515 2.12 16 4.232 0.715 4.158 9.255 1.038 3.350 -1.117
2025   1  65910 GPS  -2267746.290  5009151.797  3221294.297 -2.528  2.031 -3.538 2.12 16 4.223 0.672 4.134 9.303 1.038 3.350 -1.117
2025   1  65940 GPS  -2267746.411  5009152.157  3221294.619 -2.566  2.117 -3.050 2.12 16 4.344 0.696 4.293 9.640 1.038 3.350 -1.117
2025   1  65970 GPS  -2267746.122  5009151.952  3221294.693 -2.745  2.336 -3.275 2.13 16 4.236 0.650 4.147 9.386 1.038 3.350 -1.117
2025   1  66000 GPS  -2267746.550  5009152.248  3221294.809 -2.477  2.209 -2.832 2.13 16 4.326 0.668 4.188 9.863 1.038 3.350 -1.117
2025   1  66030 GPS  -2267746.256  5009151.826  3221294.251 -2.571  1.985 -3.551 2.13 16 4.148 0.698 4.139 9.391 1.038 3.350 -1.117
2025   1  66060 GPS  -2267746.237  5009151.948  3221294.685 -2.638  2.307 -3.242 2.13 16 4.144 0.710 4.117 9.301 1.038 3.350 -1.117
2025   1  66090 GPS  -2267745.944  5009151.770  3221294.617 -2.831  2.392 -3.520 2.13 16 4.241 0.644 4.203 9.387 1.038 3.350 -1.117
2025   1  66120 GPS  -2267746.263  5009152.628  3221294.850 -2.895  2.129 -2.615 2.13 16 4.169 0.657 4.147 9.376 1.038 3.350 -1.117
2025   1  66150 GPS  -2267746.847  5009153.459  3221294.864 -2.706  1.634 -1.748 2.13 16 4.103 0.642 4.151 9.102 1.038 3.350 -1.117
2025   1  66180 GPS  -2267746.049  5009152.260  3221294.656 -2.938  2.177 -3.078 2.13 17 4.293 0.668 4.220 9.520 0.936 3.350 -1.117
2025   1  66210 GPS  -2267746.201  5009152.501  3221294.739 -2.899  2.105 -2.793 2.13 17 4.156 0.610 4.102 9.153 0.936 3.350 -1.117
2025   1  66240 GPS  -2267746.353  5009152.105  3221294.576 -2.597  2.116 -3.133 2.13 17 4.282 0.679 4.238 9.406 0.936 3.350 -1.117
2025   1  66270 GPS  -2267746.379  5009152.360  3221294.803 -2.679  2.188 -2.808 2.13 17 4.326 0.642 4.202 9.649 0.936 3.350 -1.117
2025   1  66300 GPS  -2267746.099  5009152.474  3221294.405 -2.981  1.851 -3.020 2.13 17 4.384 0.639 4.333 9.633 0.936 3.350 -1.117
2025   1  66330 GPS  -2267746.013  5009152.185  3221294.382 -2.939  1.983 -3.289 2.02 18 4.263 0.770 4.302 9.801 1.024 3.350 -1.117
2025   1  66360 GPS  -2267745.650  5009151.848  3221294.388 -3.131  2.220 -3.679 2.01 18 4.151 0.810 4.198 9.299 1.024 3.350 -1.117
2025   1  66390 GPS  -2267745.734  5009152.391  3221294.374 -3.279  1.939 -3.231 2.01 18 4.254 0.778 4.293 9.666 1.024 3.350 -1.117
2025   1  66420 GPS  -2267745.627  5009152.263  3221294.543 -3.324  2.166 -3.283 2.01 18 4.258 0.771 4.260 9.915 1.024 3.350 -1.117
2025   1  66450 GPS  -2267745.508  5009152.153  3221294.423 -3.387  2.139 -3.473 2.01 18 4.203 0.726 4.183 9.881 1.024 3.350 -1.117
2025   1  66480 GPS  -2267745.272  5009151.476  3221293.994 -3.323  2.132 -4.306 2.01 18 4.330 0.775 4.304 10.102 1.024 3.350 -1.117
2025   1  66510 GPS  -2267745.671  5009151.920  3221294.510 -3.142  2.288 -3.553 2.01 18 4.161 0.757 4.138 9.659 1.024 3.350 -1.117
2025   1  66540 GPS  -2267745.319  5009151.650  3221294.096 -3.351  2.130 -4.101 2.01 18 4.115 0.791 4.177 9.233 1.024 3.350 -1.117
2025   1  66570 GPS  -2267744.944  5009149.580  3221293.676 -2.839  2.804 -6.072 2.12 19 4.106 1.014 4.215 9.327 0.970 3.350 -1.117
2025   1  66600 GPS  -2267744.977  5009150.844  3221294.323 -3.330  2.770 -4.739 2.13 19 4.179 0.954 4.269 9.631 0.970 3.350 -1.117
2025   1  66630 GPS  -2267745.048  5009150.647  3221294.611 -3.184  3.093 -4.722 2.13 19 3.882 0.891 3.940 8.647 0.970 3.350 -1.117
2025   1  66660 GPS  -2267745.017  5009150.633  3221294.424 -3.207  2.946 -4.839 2.13 19 3.923 0.929 4.041 8.662 0.970 3.350 -1.117
2025   1  66690 GPS  -2267745.290  5009150.975  3221294.375 -3.100  2.688 -4.499 2.13 19 3.854 0.910 3.961 8.666 0.970 3.350 -1.117
2025   1  66720 GPS  -2267745.232  5009150.697  3221294.154 -3.038  2.639 -4.850 2.13 19 3.749 0.880 3.910 8.290 0.970 3.350 -1.117
2025   1  66750 GPS  -2267745.566  5009150.927  3221294.309 -2.828  2.596 -4.472 2.13 19 3.913 0.984 4.128 8.489 0.970 3.350 -1.117
2025   1  66780 GPS  -2267745.473  5009150.941  3221294.078 -2.918  2.410 -4.611 2.02 20 3.689 0.885 3.912 8.641 0.921 3.350 -1.117
2025   1  66810 GPS  -2267745.771  5009151.514  3221294.445 -2.883  2.398 -3.869 2.02 20 3.707 0.844 3.832 8.610 0.921 3.350 -1.117
2025   1  66840 GPS  -2267745.718  5009151.774  3221294.644 -3.039  2.461 -3.583 2.02 19 3.603 0.892 3.778 8.152 0.970 3.350 -1.117
2025   1  66870 GPS  -2267745.136  5009151.967  3221295.775 -3.648  3.467 -3.064 1.98 20 3.921 0.519 3.688 8.763 1.047 3.350 -1.117
2025   1  66900 GPS  -2267745.210  5009151.673  3221295.643 -3.461  3.474 -3.335 1.98 20 3.892 0.559 3.689 8.563 1.047 3.350 -1.117
2025   1  66930 GPS  -2267744.995  5009151.518  3221295.709 -3.592  3.648 -3.500 1.99 20 3.778 0.532 3.610 8.200 1.047 3.350 -1.117
2025   1  66960 GPS  -2267745.022  5009152.057  3221295.964 -3.790  3.613 -2.938 1.99 20 3.794 0.526 3.667 7.875 1.047 3.350 -1.117
2025   1  66990 GPS  -2267744.686  5009151.807  3221295.679 -3.992  3.553 -3.398 2.03 20 3.907 0.599 3.644 8.205 1.047 3.350 -1.117
2025   1  67020 GPS  -2267744.799  5009151.811  3221295.702 -3.892  3.547 -3.344 2.03 20 4.071 0.633 3.791 8.478 1.047 3.350 -1.117
2025   1  67050 GPS  -2267744.547  5009151.420  3221295.266 -3.960  3.405 -3.961 2.03 20 4.015 0.648 3.782 8.552 1.047 3.350 -1.117
2025   1  67080 GPS  -2267744.914  5009151.874  3221295.667 -3.812  3.464 -3.270 2.06 19 3.982 0.695 3.801 8.086 0.970 3.350 -1.117
2025   1  67110 GPS  -2267744.631  5009151.268  3221295.665 -3.821  3.802 -3.848 2.06 19 4.090 0.708 3.895 8.464 0.970 3.350 -1.117
2025   1  67140 GPS  -2267744.621  5009151.283  3221295.444 -3.836  3.607 -3.952 2.06 19 4.080 0.682 3.887 8.622 0.970 3.350 -1.117
2025   1  67170 GPS  -2267744.901  5009152.011  3221295.695 -3.881  3.427 -3.153 2.07 20 3.991 0.656 3.760 8.388 1.047 3.350 -1.117
2025   1  67200 GPS  -2267744.608  5009151.572  3221295.505 -3.967  3.528 -3.699 2.07 20 3.915 0.686 3.715 8.339 1.047 3.350 -1.117
2025   1  67230 GPS  -2267744.341  5009151.165  3221295.651 -4.042  3.898 -4.039 2.07 20 3.946 0.692 3.748 8.317 1.047 3.350 -1.117
2025   1  67260 GPS  -2267744.461  5009150.782  3221295.303 -3.775  3.750 -4.474 2.07 20 4.126 0.787 3.978 8.752 1.047 3.350 -1.117
2025   1  67290 GPS  -2267744.531  5009151.273  3221295.797 -3.914  3.934 -3.813 2.07 20 4.045 0.679 3.787 8.504 1.047 3.350 -1.117
2025   1  67320 GPS  -2267744.298  5009150.800  3221295.660 -3.931  4.083 -4.336 2.07 20 3.985 0.780 3.826 8.230 1.047 3.350 -1.117
2025   1  67350 GPS  -2267744.466  5009152.212  3221296.079 -4.360  3.756 -2.955 2.07 20 3.810 0.646 3.589 8.043 1.047 3.350 -1.117
2025   1  67380 GPS  -2267744.667  5009152.051  3221296.118 -4.111  3.821 -2.990 2.08 20 3.928 0.675 3.714 8.305 1.047 3.350 -1.117
2025   1  67410 GPS  -2267744.643  5009152.132  3221295.970 -4.166  3.662 -3.011 2.08 20 3.879 0.677 3.665 8.452 1.047 3.350 -1.117
2025   1  67440 GPS  -2267744.201  5009151.480  3221295.358 -4.300  3.529 -3.990 2.08 20 3.989 0.718 3.786 8.807 1.047 3.350 -1.117
2025   1  67470 GPS  -2267744.571  5009152.093  3221295.656 -4.216  3.425 -3.226 2.06 20 3.829 1.133 4.142 8.413 1.047 3.350 -1.117
2025   1  67500 GPS  -2267744.864  5009152.722  3221296.192 -4.208  3.534 -2.356 2.18 19 3.845 0.894 3.951 8.595 0.970 3.350 -1.117
2025   1  67530 GPS  -2267744.611  5009152.555  3221296.118 -4.370  3.601 -2.615 2.19 19 3.700 0.891 3.860 8.222 0.970 3.350 -1.117
2025   1  67560 GPS  -2267744.515  5009152.469  3221296.131 -4.422  3.672 -2.710 2.19 19 3.798 0.892 3.951 8.441 0.970 3.350 -1.117
2025   1  67590 GPS  -2267744.945  5009153.084  3221296.417 -4.283  3.543 -1.929 2.19 19 3.683 0.934 3.865 8.301 0.970 3.350 -1.117
2025   1  67620 GPS  -2267744.950  5009153.045  3221296.329 -4.263  3.485 -2.003 2.19 19 3.771 0.936 3.961 8.565 0.970 3.350 -1.117
2025   1  67650 GPS  -2267744.825  5009152.477  3221295.938 -4.142  3.437 -2.691 2.20 20 3.719 0.908 3.881 8.546 1.047 3.350 -1.117
2025   1  67680 GPS  -2267744.713  5009152.287  3221296.275 -4.166  3.839 -2.709 2.20 20 3.840 0.865 3.882 8.865 1.047 3.350 -1.117
2025   1  67710 GPS  -2267744.586  5009152.405  3221296.250 -4.330  3.789 -2.675 2.20 20 3.906 0.881 3.943 9.178 1.047 3.350 -1.117
2025   1  67740 GPS  -2267744.570  5009151.840  3221295.925 -4.112  3.774 -3.289 2.21 20 3.881 0.872 3.927 8.987 1.047 3.350 -1.117
2025   1  67770 GPS  -2267744.683  5009152.180  3221296.090 -4.150  3.735 -2.898 2.21 20 3.922 0.881 3.933 9.063 1.047 3.350 -1.117
2025   1  67800 GPS  -2267744.578  5009152.611  3221296.323 -4.423  3.759 -2.478 2.21 20 3.746 0.926 3.880 8.609 1.047 3.350 -1.117
2025   1  67830 GPS  -2267744.812  5009152.631  3221296.412 -4.218  3.776 -2.334 2.21 20 3.719 0.887 3.819 8.639 1.047 3.350 -1.117
2025   1  67860 GPS  -2267744.968  5009152.377  3221296.110 -3.971  3.602 -2.632 2.22 20 3.774 0.853 3.738 8.938 1.047 3.350 -1.117
2025   1  67890 GPS  -2267744.517  5009151.925  3221296.285 -4.196  4.055 -3.058 2.22 20 3.762 0.880 3.860 8.750 1.047 3.350 -1.117
2025   1  67920 GPS  -2267744.648  5009152.136  3221296.158 -4.163  3.821 -2.910 2.22 20 3.825 0.920 3.946 8.909 1.047 3.350 -1.117
2025   1  67950 GPS  -2267744.284  5009152.036  3221296.200 -4.453  3.980 -3.097 2.23 20 3.895 0.910 3.922 9.192 1.047 3.350 -1.117
2025   1  67980 GPS  -2267745.697  5009154.253  3221296.703 -4.080  3.091 -0.600 1.95 20 3.928 0.598 3.846 8.993 1.047 3.350 -1.117
2025   1  68010 GPS  -2267745.626  5009154.620  3221297.021 -4.296  3.211 -0.175 1.96 20 3.975 0.518 3.804 9.178 1.047 3.350 -1.117
2025   1  68040 GPS  -2267745.801  5009154.442  3221297.025 -4.064  3.259 -0.251 1.97 20 3.858 0.465 3.627 8.648 1.047 3.350 -1.117
2025   1  68070 GPS  -2267745.875  5009153.989  3221296.554 -3.809  3.048 -0.819 1.97 20 3.794 0.493 3.662 8.587 1.047 3.350 -1.117
2025   1  68100 GPS  -2267745.876  5009154.394  3221296.951 -3.976  3.201 -0.299 1.98 20 3.860 0.461 3.694 8.734 1.047 3.350 -1.117
2025   1  68130 GPS  -2267745.669  5009154.290  3221297.066 -4.121  3.392 -0.396 1.99 20 3.812 0.549 3.646 8.783 1.047 3.350 -1.117
2025   1  68160 GPS  -2267745.848  5009154.796  3221297.298 -4.167  3.320  0.183 1.99 20 3.809 0.463 3.634 8.559 1.047 3.350 -1.117
2025   1  68190 GPS  -2267745.682  5009154.045  3221296.943 -4.009  3.397 -0.646 2.00 20 3.815 0.466 3.666 8.573 1.047 3.350 -1.117
2025   1  68220 GPS  -2267745.529  5009153.930  3221296.604 -4.100  3.190 -0.963 2.01 20 3.771 0.479 3.652 8.518 1.047 3.350 -1.117
2025   1  68250 GPS  -2267745.476  5009154.063  3221296.772 -4.203  3.284 -0.792 2.02 20 3.854 0.425 3.681 8.495 1.047 3.350 -1.117
2025   1  68280 GPS  -2267745.425  5009153.947  3221296.788 -4.202  3.363 -0.893 2.02 20 3.869 0.541 3.713 8.838 1.047 3.350 -1.117
2025   1  68310 GPS  -2267745.314  5009154.052  3221296.732 -4.347  3.289 -0.879 2.03 20 3.767 0.641 3.737 8.640 1.047 3.350 -1.117
2025   1  68340 GPS  -2267745.513  5009154.218  3221297.009 -4.233  3.409 -0.537 2.04 20 3.894 0.550 3.734 8.965 1.047 3.350 -1.117
2025   1  68370 GPS  -2267745.246  5009153.645  3221297.026 -4.241  3.745 -1.073 2.04 20 3.826 0.555 3.697 8.777 1.047 3.350 -1.117
2025   1  68400 GPS  -2267745.814  5009154.291  3221296.921 -3.990  3.237 -0.417 2.05 20 3.790 0.458 3.614 8.720 1.047 3.350 -1.117
2025   1  68430 GPS  -2267745.509  5009153.975  3221296.726 -4.137  3.280 -0.873 2.06 21 3.812 0.646 3.803 8.742 0.997 3.350 -1.117
2025   1  68460 GPS  -2267745.040  5009154.014  3221296.773 -4.580  3.400 -0.985 2.07 21 3.773 0.647 3.731 8.570 0.997 3.350 -1.117
2025   1  68490 GPS  -2267745.232  5009154.270  3221297.009 -4.511  3.444 -0.596 2.03 21 3.582 0.736 3.616 8.604 0.997 3.350 -1.117
2025   1  68520 GPS  -2267744.970  5009153.986  3221297.014 -4.633  3.635 -0.909 2.03 21 3.569 0.631 3.502 8.592 0.997 3.350 -1.117
2025   1  68550 GPS  -2267745.391  5009154.137  3221296.937 -4.312  3.411 -0.680 2.04 20 3.656 0.540 3.575 8.827 1.047 3.350 -1.117
2025   1  68580 GPS  -2267745.459  5009154.465  3221297.091 -4.385  3.377 -0.320 2.05 20 3.511 0.497 3.437 8.296 1.047 3.350 -1.117
2025   1  68610 GPS  -2267744.912  5009154.171  3221297.188 -4.762  3.711 -0.696 2.05 20 3.709 0.645 3.648 8.864 1.047 3.350 -1.117
2025   1  68640 GPS  -2267745.550  5009154.927  3221297.465 -4.493  3.466  0.265 2.06 20 3.678 0.620 3.605 8.584 1.047 3.350 -1.117
2025   1  68670 GPS  -2267744.958  5009154.235  3221297.118 -4.746  3.611 -0.666 2.07 20 3.713 0.700 3.661 8.800 1.047 3.350 -1.117
2025   1  68700 GPS  -2267745.216  5009153.960  3221297.164 -4.398  3.725 -0.766 2.07 20 3.595 0.644 3.485 8.470 1.047 3.350 -1.117
2025   1  68730 GPS  -2267745.486  5009154.463  3221297.612 -4.359  3.821 -0.048 2.08 21 3.638 0.550 3.457 8.504 0.997 3.350 -1.117
2025   1  68760 GPS  -2267745.401  5009154.265  3221297.661 -4.355  3.973 -0.208 2.09 21 3.566 0.556 3.461 8.487 0.997 3.350 -1.117
2025   1  68790 GPS  -2267745.232  5009154.794  3221297.525 -4.728  3.646  0.077 2.09 21 3.615 0.560 3.475 8.441 0.997 3.350 -1.117
2025   1  68820 GPS  -2267745.329  5009154.445  3221297.776 -4.496  4.004 -0.034 2.10 21 3.479 0.489 3.319 8.166 0.997 3.350 -1.117
2025   1  68850 GPS  -2267745.178  5009154.219  3221297.451 -4.539  3.860 -0.430 1.91 21 3.610 0.487 3.388 8.860 0.997 3.350 -1.117
2025   1  68880 GPS  -2267745.486  5009154.690  3221297.736 -4.453  3.823  0.193 1.92 21 3.684 0.456 3.492 8.717 0.997 3.350 -1.117
2025   1  68910 GPS  -2267745.190  5009154.820  3221297.632 -4.776  3.736  0.137 1.92 21 3.664 0.413 3.453 8.769 0.997 3.350 -1.117
2025   1  68940 GPS  -2267745.587  5009155.086  3221297.548 -4.525  3.457  0.445 1.93 20 3.693 0.409 3.463 8.787 1.103 3.350 -0.698
2025   1  68970 GPS  -2267745.528  5009154.755  3221297.561 -4.442  3.633  0.170 1.94 21 3.594 0.629 3.428 8.422 0.997 3.350 -1.117
2025   1  69000 GPS  -2267745.691  5009155.157  3221297.954 -4.459  3.752  0.744 1.94 21 3.749 0.433 3.491 8.831 0.997 3.350 -1.117
2025   1  69030 GPS  -2267745.378  5009154.357  3221297.603 -4.414  3.885 -0.174 1.95 21 3.779 0.468 3.524 8.938 0.997 3.350 -1.117
2025   1  69060 GPS  -2267745.189  5009154.334  3221297.550 -4.577  3.890 -0.286 1.96 21 3.686 0.504 3.440 8.858 0.997 3.350 -1.117
2025   1  69090 GPS  -2267745.414  5009155.293  3221298.162 -4.767  3.926  0.857 1.93 21 3.581 0.683 3.648 8.784 0.997 3.350 -1.117
2025   1  69120 GPS  -2267745.094  5009154.693  3221297.780 -4.812  3.941  0.079 1.93 21 3.592 0.690 3.682 8.966 0.997 3.350 -1.117
2025   1  69150 GPS  -2267745.181  5009155.009  3221297.695 -4.862  3.704  0.314 1.94 21 3.563 0.613 3.592 8.849 0.997 3.350 -1.117
2025   1  69180 GPS  -2267745.443  5009155.285  3221297.910 -4.738  3.706  0.733 1.95 21 3.547 0.609 3.609 8.642 0.997 3.350 -1.117
2025   1  69210 GPS  -2267745.377  5009154.890  3221297.797 -4.635  3.806  0.343 1.95 21 3.511 0.735 3.655 8.531 0.997 3.350 -1.117
2025   1  69240 GPS  -2267745.343  5009154.529  3221297.818 -4.517  3.998  0.058 1.96 21 3.487 0.734 3.504 8.637 0.997 3.350 -1.117
2025   1  69270 GPS  -2267745.285  5009154.762  3221297.818 -4.666  3.903  0.220 1.96 20 3.490 0.765 3.612 8.646 1.103 3.350 -0.698
2025   1  69300 GPS  -2267745.017  5009153.874  3221297.346 -4.544  3.963 -0.811 1.97 20 3.547 0.776 3.634 8.886 1.103 3.350 -0.698
2025   1  69330 GPS  -2267745.119  5009154.372  3221297.485 -4.656  3.831 -0.314 2.02 20 3.565 0.740 3.754 8.839 1.103 3.350 -0.698
2025   1  69360 GPS  -2267745.006  5009154.331  3221297.813 -4.742  4.156 -0.220 2.03 20 3.582 0.773 3.755 8.751 1.103 3.350 -0.698
2025   1  69390 GPS  -2267745.091  5009154.494  3221297.958 -4.732  4.187  0.012 2.04 20 3.641 0.643 3.636 8.846 1.103 3.350 -0.698
2025   1  69420 GPS  -2267745.170  5009154.261  3221297.683 -4.564  4.042 -0.283 2.04 20 3.619 0.685 3.593 8.806 1.103 3.350 -0.698
2025   1  69450 GPS  -2267745.028  5009154.491  3221297.730 -4.788  4.006 -0.129 2.05 20 3.552 0.659 3.614 8.868 1.103 3.350 -0.698
2025   1  69480 GPS  -2267745.271  5009154.888  3221297.670 -4.731  3.720  0.239 2.06 20 3.776 0.697 3.809 9.263 1.103 3.350 -0.698
2025   1  69510 GPS  -2267745.380  5009154.980  3221297.885 -4.669  3.839  0.459 2.07 20 3.652 0.608 3.617 8.917 1.103 3.350 -0.698
2025   1  69540 GPS  -2267744.977  5009154.663  3221297.479 -4.905  3.721 -0.139 2.11 20 3.804 0.606 3.692 8.978 1.103 3.350 -0.698
2025   1  69570 GPS  -2267745.176  5009154.914  3221297.632 -4.828  3.694  0.206 2.11 20 3.908 0.639 3.830 9.203 1.103 3.350 -0.698
2025   1  69600 GPS  -2267745.324  5009154.600  3221297.671 -4.564  3.843  0.032 2.12 20 3.808 0.734 3.886 9.130 1.103 3.350 -0.698
2025   1  69630 GPS  -2267745.068  5009154.575  3221297.923 -4.787  4.125  0.050 2.13 20 3.806 0.669 3.765 9.272 1.103 3.350 -0.698
2025   1  69660 GPS  -2267745.737  5009155.348  3221298.137 -4.496  3.811  1.002 2.14 20 3.833 0.679 3.795 9.368 1.103 3.350 -0.698
2025   1  69690 GPS  -2267744.940  5009154.990  3221298.502 -5.074  4.458  0.624 2.19 20 3.886 0.288 3.560 9.039 1.103 3.350 -0.698
2025   1  69720 GPS  -2267744.711  5009154.548  3221298.257 -5.101  4.500  0.071 2.27 19 4.126 0.386 3.796 9.475 1.029 3.350 -0.698
2025   1  69750 GPS  -2267744.913  5009154.518  3221298.124 -4.904  4.357  0.051 2.28 19 4.240 0.424 3.872 9.468 1.029 3.350 -0.698
2025   1  69780 GPS  -2267744.642  5009154.505  3221298.155 -5.146  4.446 -0.039 2.29 19 4.163 0.432 3.828 9.379 1.029 3.350 -0.698
2025   1  69810 GPS  -2267744.172  5009153.445  3221297.918 -5.136  4.831 -1.158 2.30 18 4.104 0.473 3.798 9.186 0.938 3.350 -0.698
2025   1  69840 GPS  -2267744.139  5009153.763  3221297.939 -5.298  4.709 -0.910 2.31 18 4.127 0.389 3.800 9.572 0.938 3.350 -0.698
2025   1  69870 GPS  -2267744.587  5009154.223  3221298.353 -5.079  4.758 -0.180 2.24 19 3.938 0.442 3.599 9.296 1.021 3.350 -0.698
2025   1  69900 GPS  -2267744.821  5009154.685  3221298.237 -5.057  4.396  0.208 2.28 19 4.130 0.360 3.731 9.322 1.021 3.350 -0.698
2025   1  69930 GPS  -2267744.630  5009154.226  3221297.965 -5.042  4.415 -0.359 2.38 18 4.353 0.293 3.846 9.419 0.938 3.350 -0.698
2025   1  69960 GPS  -2267744.151  5009153.709  3221297.531 -5.265  4.380 -1.155 2.39 18 4.290 0.322 3.886 8.943 0.938 3.350 -0.698
2025   1  69990 GPS  -2267744.898  5009154.622  3221298.094 -4.961  4.286  0.113 2.31 19 4.061 0.345 3.735 9.114 1.021 3.350 -0.698
2025   1  70020 GPS  -2267744.998  5009154.809  3221298.243 -4.947  4.307  0.371 2.32 19 4.112 0.345 3.898 9.094 1.021 3.350 -0.698
2025   1  70050 GPS  -2267745.006  5009154.661  3221298.031 -4.878  4.191  0.150 2.33 19 4.217 0.322 3.910 9.193 1.021 3.350 -0.698
2025   1  70080 GPS  -2267745.402  5009154.820  3221297.847 -4.584  3.876  0.322 2.33 19 4.130 0.337 3.896 8.937 1.021 3.350 -0.698
2025   1  70110 GPS  -2267745.105  5009154.330  3221297.814 -4.652  4.137 -0.184 2.34 19 4.220 0.294 3.959 9.325 1.021 3.350 -0.698
2025   1  70140 GPS  -2267745.055  5009155.138  3221298.232 -5.030  4.133  0.644 2.40 18 4.417 0.506 4.030 9.460 1.078 3.350 -0.698
2025   1  70170 GPS  -2267745.567  5009154.938  3221298.000 -4.482  3.918  0.551 2.36 19 4.152 0.411 3.955 9.247 1.021 3.350 -0.698
2025   1  70200 GPS  -2267744.856  5009154.025  3221297.571 -4.753  4.121 -0.636 2.36 19 4.163 0.282 3.947 9.180 1.021 3.350 -0.698
2025   1  70230 GPS  -2267744.923  5009153.728  3221297.348 -4.569  4.051 -0.959 2.37 19 4.114 0.259 3.915 8.838 1.021 3.350 -0.698
2025   1  70260 GPS  -2267745.447  5009154.401  3221297.678 -4.369  3.915 -0.077 2.38 19 4.157 0.242 3.937 8.929 1.021 3.350 -0.698
2025   1  70290 GPS  -2267745.261  5009154.413  3221297.856 -4.544  4.101 -0.043 2.33 20 3.928 0.288 3.828 8.724 0.970 3.350 -0.698
2025   1  70320 GPS  -2267744.871  5009154.136  3221297.486 -4.785  3.993 -0.587 2.33 20 3.955 0.256 3.710 8.950 0.970 3.350 -0.698
2025   1  70350 GPS  -2267745.336  5009154.488  3221297.866 -4.507  4.059  0.048 2.34 20 3.994 0.246 3.792 8.989 0.970 3.350 -0.698
2025   1  70380 GPS  -2267745.327  5009154.701  3221298.181 -4.603  4.235  0.371 2.34 20 3.832 0.201 3.593 8.758 0.970 3.350 -0.698
2025   1  70410 GPS  -2267745.157  5009154.598  3221298.007 -4.715  4.168  0.142 2.35 20 3.820 0.291 3.614 8.665 0.970 3.350 -0.698
2025   1  70440 GPS  -2267745.132  5009154.028  3221297.773 -4.502  4.235 -0.433 2.35 20 3.740 0.262 3.494 8.418 0.970 3.350 -0.698
2025   1  70470 GPS  -2267745.337  5009154.677  3221297.763 -4.584  3.883  0.144 2.36 20 3.929 0.336 3.661 8.744 0.970 3.350 -0.698
2025   1  70500 GPS  -2267745.424  5009154.369  3221297.692 -4.377  3.946 -0.103 2.42 19 4.035 0.422 3.756 8.878 1.021 3.350 -0.698
2025   1  70530 GPS  -2267745.104  5009154.016  3221297.663 -4.523  4.152 -0.508 2.36 20 3.771 0.454 3.603 8.861 0.970 3.350 -0.698
2025   1  70560 GPS  -2267745.351  5009154.955  3221298.156 -4.685  4.090  0.566 2.37 20 3.769 0.292 3.547 8.697 0.970 3.350 -0.698
2025   1  70590 GPS  -2267745.463  5009154.691  3221298.258 -4.474  4.277  0.451 2.37 20 3.758 0.377 3.500 8.616 0.970 3.350 -0.698
2025   1  70620 GPS  -2267745.742  5009155.301  3221298.512 -4.472  4.155  1.158 2.37 20 3.828 0.316 3.574 8.486 0.970 3.350 -0.698
2025   1  70650 GPS  -2267745.759  5009155.368  3221298.431 -4.483  4.051  1.175 2.37 19 3.774 0.360 3.504 8.512 1.021 3.350 -0.698
2025   1  70680 GPS  -2267745.270  5009153.934  3221297.909 -4.338  4.367 -0.389 2.37 20 3.762 0.485 3.536 8.588 0.970 3.350 -0.698
2025   1  70710 GPS  -2267745.651  5009154.875  3221298.202 -4.379  4.105  0.634 2.37 20 3.780 0.379 3.539 8.542 0.970 3.350 -0.698
2025   1  70740 GPS  -2267745.887  5009155.369  3221298.181 -4.368  3.808  1.094 2.38 20 3.775 0.366 3.507 8.805 0.970 3.350 -0.698
2025   1  70770 GPS  -2267745.637  5009154.379  3221298.036 -4.188  4.194  0.156 2.38 20 3.886 0.469 3.640 8.915 0.970 3.350 -0.698
2025   1  70800 GPS  -2267745.628  5009154.744  3221298.258 -4.346  4.218  0.551 2.38 20 3.902 0.506 3.687 8.842 0.970 3.350 -0.698
2025   1  70830 GPS  -2267746.204  5009155.185  3221298.396 -4.003  4.012  1.172 2.38 20 3.868 0.422 3.598 8.984 0.970 3.350 -0.698
2025   1  70860 GPS  -2267746.492  5009155.661  3221298.561 -3.937  3.873  1.732 2.38 19 3.812 0.368 3.590 8.506 1.021 3.350 -0.698
2025   1  70890 GPS  -2267746.005  5009155.541  3221298.717 -4.332  4.166  1.544 2.38 19 3.920 0.232 3.616 8.851 1.021 3.350 -0.698
2025   1  70920 GPS  -2267746.320  5009155.398  3221298.465 -3.985  3.948  1.415 2.37 19 3.979 0.258 3.689 9.173 1.021 3.350 -0.698
2025   1  70950 GPS  -2267746.120  5009155.160  3221298.293 -4.069  3.953  1.071 2.37 19 3.869 0.292 3.631 8.782 1.021 3.350 -0.698
2025   1  70980 GPS  -2267746.000  5009155.042  3221298.369 -4.130  4.098  0.974 2.37 19 3.759 0.286 3.576 8.589 1.021 3.350 -0.698
2025   1  71010 GPS  -2267746.090  5009155.388  3221298.567 -4.191  4.089  1.377 2.37 19 3.793 0.202 3.627 8.866 1.021 3.350 -0.698
2025   1  71040 GPS  -2267744.394  5009154.368  3221296.912 -5.315  3.491 -0.867 2.46 19 3.582 0.740 3.682 8.279 1.021 3.350 -0.698
2025   1  71070 GPS  -2267744.676  5009154.799  3221297.036 -5.235  3.339 -0.365 2.46 19 3.634 0.706 3.734 8.313 1.021 3.350 -0.698
2025   1  71100 GPS  -2267744.999  5009155.061  3221297.018 -5.050  3.135 -0.053 2.53 18 3.793 0.810 3.755 8.275 0.938 3.350 -0.698
2025   1  71130 GPS  -2267744.523  5009154.327  3221296.834 -5.181  3.416 -0.892 2.53 19 3.949 0.878 3.955 8.751 1.021 3.350 -0.698
2025   1  71160 GPS  -2267744.660  5009153.832  3221296.752 -4.852  3.546 -1.273 2.53 19 3.832 0.916 3.917 8.271 1.021 3.350 -0.698
2025   1  71190 GPS  -2267744.257  5009153.689  3221296.474 -5.159  3.456 -1.670 2.53 19 3.860 0.863 3.933 8.503 1.021 3.350 -0.698
2025   1  71220 GPS  -2267744.327  5009154.339  3221296.854 -5.364  3.469 -0.941 2.53 19 3.713 0.740 3.694 8.203 1.021 3.350 -0.698
2025   1  71250 GPS  -2267744.515  5009154.254  3221296.716 -5.158  3.350 -1.012 2.52 18 3.815 0.823 3.817 8.413 0.938 3.350 -0.698
2025   1  71280 GPS  -2267744.193  5009154.327  3221296.489 -5.481  3.187 -1.184 2.52 19 3.961 0.920 3.999 8.531 1.021 3.350 -0.698
2025   1  71310 GPS  -2267744.418  5009154.127  3221296.671 -5.194  3.390 -1.169 2.52 19 3.772 0.871 3.806 8.180 1.021 3.350 -0.698
2025   1  71340 GPS  -2267744.420  5009154.535  3221296.803 -5.360  3.314 -0.781 2.52 18 3.801 0.791 3.777 8.261 0.938 3.350 -0.698
2025   1  71370 GPS  -2267744.616  5009154.559  3221296.505 -5.191  3.006 -0.844 2.52 19 3.697 0.780 3.725 7.965 1.021 3.350 -0.698
2025   1  71400 GPS  -2267744.566  5009154.289  3221296.295 -5.126  2.961 -1.180 2.52 19 3.822 0.848 3.948 8.429 1.021 3.350 -0.698
2025   1  71430 GPS  -2267744.666  5009153.918  3221296.448 -4.881  3.242 -1.358 2.51 19 3.777 0.849 3.913 8.387 1.021 3.350 -0.698
2025   1  71460 GPS  -2267744.322  5009154.064  3221296.345 -5.255  3.159 -1.418 2.51 18 3.851 0.783 3.874 8.904 1.078 3.350 -0.698
2025   1  71490 GPS  -2267744.551  5009154.090  3221296.466 -5.057  3.203 -1.255 2.51 18 3.772 0.844 3.837 8.597 1.078 3.350 -0.698
2025   1  71520 GPS  -2267744.218  5009153.345  3221296.181 -5.054  3.372 -2.102 2.51 18 3.841 0.838 3.996 8.724 0.938 3.350 -0.698
2025   1  71550 GPS  -2267744.606  5009153.776  3221296.475 -4.878  3.344 -1.478 2.50 18 3.641 0.780 3.789 8.306 0.938 3.350 -0.698
2025   1  71580 GPS  -2267744.265  5009153.772  3221296.490 -5.187  3.430 -1.594 2.57 18 3.911 0.871 4.010 8.523 0.938 3.350 -0.698
2025   1  71610 GPS  -2267744.308  5009153.751  3221296.721 -5.139  3.630 -1.477 2.57 18 3.879 0.822 3.972 8.421 0.938 3.350 -0.698
2025   1  71640 GPS  -2267743.671  5009153.404  3221296.269 -5.576  3.535 -2.206 2.56 18 4.055 0.813 4.110 8.774 0.938 3.350 -0.698
2025   1  71670 GPS  -2267743.904  5009153.203  3221296.143 -5.281  3.470 -2.345 2.56 18 4.070 0.844 4.201 8.682 0.938 3.350 -0.698
2025   1  71700 GPS  -2267743.998  5009153.741  3221296.513 -5.418  3.520 -1.702 2.55 18 4.042 0.871 4.163 8.479 0.938 3.350 -0.698
2025   1  71730 GPS  -2267744.269  5009154.059  3221296.913 -5.302  3.661 -1.152 2.55 18 4.126 0.857 4.243 8.992 0.938 3.350 -0.698
2025   1  71760 GPS  -2267744.509  5009153.966  3221296.859 -5.045  3.607 -1.168 2.54 17 4.012 0.891 4.172 8.666 0.994 3.350 -0.698
2025   1  71790 GPS  -2267744.527  5009154.030  3221296.776 -5.055  3.502 -1.153 2.54 17 4.007 0.934 4.234 8.703 0.994 3.350 -0.698
2025   1  71820 GPS  -2267744.271  5009153.913  3221296.640 -5.239  3.493 -1.405 2.53 17 4.007 0.929 4.203 8.806 0.994 3.350 -0.698
2025   1  71850 GPS  -2267744.182  5009153.546  3221296.513 -5.169  3.572 -1.789 2.52 18 4.048 0.922 4.274 9.670 0.938 3.350 -0.698
2025   1  71880 GPS  -2267744.373  5009154.415  3221296.671 -5.354  3.265 -0.959 2.52 19 4.157 0.885 4.364 10.001 0.889 3.350 -0.698
2025   1  71910 GPS  -2267744.329  5009153.351  3221296.421 -4.955  3.552 -1.937 2.51 17 4.054 1.004 4.384 9.511 0.994 3.350 -0.698
2025   1  71940 GPS  -2267744.358  5009154.109  3221296.692 -5.241  3.429 -1.194 2.50 17 4.056 0.929 4.347 9.465 0.994 3.350 -0.698
2025   1  71970 GPS  -2267746.117  5009156.789  3221298.133 -4.744  3.061  2.267 2.26 19 4.064 0.637 4.061 9.220 0.889 3.350 -0.698
2025   1  72000 GPS  -2267745.985  5009156.115  3221297.856 -4.586  3.162  1.549 2.26 18 4.090 0.668 4.050 8.977 0.938 3.350 -0.698
2025   1  72030 GPS  -2267745.629  5009155.450  3221297.346 -4.636  3.105  0.643 2.26 19 4.142 0.657 4.116 9.275 0.889 3.350 -0.698
2025   1  72060 GPS  -2267745.501  5009155.832  3221297.639 -4.911  3.208  1.045 2.25 17 4.102 0.701 4.090 9.143 0.994 3.350 -0.698
2025   1  72090 GPS  -2267745.531  5009155.803  3221297.548 -4.871  3.137  0.987 2.25 17 4.115 0.705 4.124 9.274 0.994 3.350 -0.698
2025   1  72120 GPS  -2267745.925  5009155.915  3221297.945 -4.559  3.344  1.416 2.25 17 4.134 0.687 4.115 9.284 0.994 3.350 -0.698
2025   1  72150 GPS  -2267745.482  5009155.440  3221297.495 -4.766  3.269  0.658 2.24 17 4.226 0.724 4.197 9.571 0.994 3.350 -0.698
2025   1  72180 GPS  -2267745.193  5009155.179  3221297.251 -4.922  3.240  0.226 2.24 17 4.258 0.708 4.210 9.444 0.994 3.350 -0.698
2025   1  72210 GPS  -2267745.019  5009154.989  3221297.017 -5.002  3.163 -0.104 2.23 18 4.121 0.687 4.070 9.091 0.938 3.350 -0.698
2025   1  72240 GPS  -2267745.561  5009155.709  3221297.632 -4.805  3.246  0.967 2.23 17 4.138 0.691 4.062 9.423 0.994 3.350 -0.698
2025   1  72270 GPS  -2267745.241  5009154.790  3221297.078 -4.718  3.261 -0.149 2.23 19 4.126 0.749 4.181 9.323 0.889 3.350 -0.698
2025   1  72300 GPS  -2267745.318  5009155.125  3221297.463 -4.786  3.422  0.336 2.22 19 4.102 0.731 4.210 9.345 0.889 3.350 -0.698
2025   1  72330 GPS  -2267745.160  5009155.039  3221297.598 -4.894  3.611  0.281 2.22 18 3.975 0.661 4.004 9.131 0.938 3.350 -0.698
2025   1  72360 GPS  -2267745.757  5009155.496  3221297.792 -4.539  3.441  0.951 2.21 19 4.005 0.642 4.038 9.138 0.889 3.350 -0.698
2025   1  72390 GPS  -2267745.426  5009155.706  3221297.767 -4.927  3.392  0.985 2.21 19 4.045 0.690 4.146 9.180 0.889 3.350 -0.698
2025   1  72420 GPS  -2267745.488  5009155.718  3221297.789 -4.875  3.392  1.027 2.20 19 4.012 0.715 4.105 9.068 0.889 3.350 -0.698
2025   1  72450 GPS  -2267745.359  5009155.811  3221297.882 -5.031  3.456  1.102 2.20 18 3.972 0.663 3.996 8.786 0.938 3.350 -0.698
2025   1  72480 GPS  -2267745.651  5009155.912  3221298.250 -4.806  3.665  1.472 2.19 18 3.967 0.633 4.009 8.748 0.938 3.350 -0.698
2025   1  72510 GPS  -2267745.490  5009155.791  3221297.833 -4.903  3.396  1.108 2.19 18 4.045 0.701 4.104 8.910 0.938 3.350 -0.698
2025   1  72540 GPS  -2267745.121  5009155.421  3221297.701 -5.087  3.531  0.620 2.18 18 3.999 0.677 4.033 8.929 0.938 3.350 -0.698
2025   1  72570 GPS  -2267745.038  5009154.792  3221297.056 -4.904  3.284 -0.231 2.18 18 3.952 0.782 4.140 8.658 0.938 3.350 -0.698
2025   1  72600 GPS  -2267745.150  5009155.649  3221297.619 -5.155  3.348  0.767 2.17 18 3.990 0.728 4.112 9.034 0.938 3.350 -0.698
2025   1  72630 GPS  -2267745.067  5009155.158  3221297.160 -5.028  3.197  0.119 2.17 18 4.191 0.824 4.397 9.449 0.938 3.350 -0.698
2025   1  72660 GPS  -2267745.379  5009155.601  3221297.509 -4.926  3.228  0.755 2.16 19 4.079 0.801 4.202 9.010 0.889 3.350 -0.698
2025   1  72690 GPS  -2267745.150  5009155.121  3221297.272 -4.936  3.294  0.176 2.16 18 4.053 0.822 4.227 8.977 0.938 3.350 -0.698
2025   1  72720 GPS  -2267744.868  5009155.149  3221297.297 -5.205  3.362  0.111 2.15 18 4.063 0.753 4.180 9.148 0.938 3.350 -0.698
2025   1  72750 GPS  -2267745.615  5009155.731  3221297.567 -4.765  3.168  0.970 2.15 18 4.250 0.793 4.316 9.777 0.938 3.350 -0.698
2025   1  72780 GPS  -2267745.255  5009155.437  3221297.531 -4.972  3.349  0.593 2.14 18 4.209 0.818 4.353 9.695 0.938 3.350 -0.698
2025   1  72810 GPS  -2267744.836  5009155.010  3221297.380 -5.177  3.504  0.033 2.13 18 4.207 0.790 4.293 9.589 0.938 3.350 -0.698
2025   1  72840 GPS  -2267745.247  5009155.622  3221297.863 -5.055  3.551  0.905 2.13 18 4.132 0.736 4.231 9.375 0.938 3.350 -0.698
2025   1  72870 GPS  -2267745.049  5009156.283  3221298.125 -5.508  3.512  1.486 2.12 18 4.154 0.770 4.341 9.263 0.938 3.350 -0.698
2025   1  72900 GPS  -2267745.435  5009157.649  3221298.514 -5.720  3.134  2.892 2.22 17 4.157 0.526 4.255 9.596 0.994 3.350 -0.698
2025   1  72930 GPS  -2267745.594  5009157.790  3221298.304 -5.633  2.855  2.952 2.22 18 4.050 0.383 4.070 9.279 0.938 3.350 -0.698
2025   1  72960 GPS  -2267745.854  5009158.066  3221298.814 -5.510  3.112  3.520 2.21 18 4.120 0.405 4.179 9.562 0.938 3.350 -0.698
2025   1  72990 GPS  -2267745.888  5009158.074  3221298.889 -5.483  3.166  3.577 2.21 19 4.068 0.463 4.180 9.534 0.889 3.350 -0.698
2025   1  73020 GPS  -2267745.556  5009157.763  3221298.724 -5.656  3.237  3.131 2.21 18 4.005 0.465 4.167 9.299 0.938 3.350 -0.698
2025   1  73050 GPS  -2267745.889  5009157.534  3221298.463 -5.259  3.048  2.937 2.20 17 4.043 0.513 4.257 9.363 0.994 3.350 -0.698
2025   1  73080 GPS  -2267746.032  5009158.110  3221298.531 -5.366  2.810  3.475 2.20 18 4.040 0.495 4.176 9.381 0.938 3.350 -0.698
2025   1  73110 GPS  -2267746.529  5009158.216  3221298.844 -4.957  2.927  3.894 2.19 19 4.039 0.415 4.005 9.545 0.889 3.350 -0.698
2025   1  73140 GPS  -2267746.054  5009157.911  3221298.464 -5.264  2.841  3.292 2.19 19 4.034 0.420 4.050 9.593 0.889 3.350 -0.698
2025   1  73170 GPS  -2267746.307  5009158.565  3221299.321 -5.303  3.223  4.331 2.18 18 3.822 0.439 3.966 8.898 0.938 3.350 -0.698
2025   1  73200 GPS  -2267746.000  5009157.669  3221298.404 -5.214  2.912  3.052 2.09 18 4.035 0.541 4.087 9.515 0.938 3.350 -0.698
2025   1  73230 GPS  -2267745.675  5009157.390  3221298.405 -5.394  3.110  2.719 2.09 18 4.055 0.573 4.109 9.384 0.938 3.350 -0.698
2025   1  73260 GPS  -2267745.555  5009156.717  3221297.855 -5.226  2.973  1.869 2.09 18 4.131 0.565 4.128 9.754 0.938 3.350 -0.698
2025   1  73290 GPS  -2267745.738  5009156.581  3221297.855 -5.003  2.998  1.827 2.09 18 4.145 0.661 4.216 9.974 0.938 3.350 -0.698
2025   1  73320 GPS  -2267745.784  5009156.802  3221297.883 -5.052  2.910  2.031 2.09 18 4.128 0.632 4.215 9.742 0.938 3.350 -0.698
2025   1  73350 GPS  -2267745.779  5009156.783  3221297.695 -5.049  2.758  1.919 2.08 18 4.016 0.547 4.119 9.346 0.938 3.350 -0.698
2025   1  73380 GPS  -2267745.580  5009156.373  3221297.794 -5.061  3.075  1.577 2.08 18 3.989 0.600 4.112 9.245 0.938 3.350 -0.698
2025   1  73410 GPS  -2267745.829  5009156.822  3221298.222 -5.020  3.183  2.235 2.08 18 3.996 0.480 3.911 9.468 0.938 3.350 -0.698
2025   1  73440 GPS  -2267745.198  5009156.878  3221298.016 -5.618  3.112  1.950 2.18 18 3.946 0.353 3.902 9.363 0.938 3.350 -0.698
2025   1  73470 GPS  -2267745.203  5009156.778  3221297.504 -5.572  2.716  1.613 2.18 18 4.013 0.414 3.971 9.456 0.938 3.350 -0.698
2025   1  73500 GPS  -2267745.888  5009157.953  3221298.220 -5.433  2.645  3.142 2.18 18 3.967 0.398 3.991 9.241 0.938 3.350 -0.698
2025   1  73530 GPS  -2267745.245  5009157.322  3221298.034 -5.758  2.912  2.325 2.18 18 3.995 0.413 4.052 9.356 0.938 3.350 -0.698
2025   1  73560 GPS  -2267745.078  5009157.137  3221297.724 -5.834  2.766  1.962 2.18 18 3.793 0.465 3.983 8.717 0.938 3.350 -0.698
2025   1  73590 GPS  -2267745.472  5009157.106  3221298.041 -5.462  2.970  2.239 2.18 18 3.808 0.363 3.981 8.826 0.938 3.350 -0.698
2025   1  73620 GPS  -2267745.277  5009156.626  3221297.785 -5.442  3.013  1.663 2.18 18 3.784 0.406 3.796 8.740 0.938 3.350 -0.698
2025   1  73650 GPS  -2267744.247  5009156.006  3221296.995 -6.125  2.835  0.410 2.12 18 3.821 -0.022 4.413 9.069 0.938 3.350 -0.698
2025   1  73680 GPS  -2267744.287  5009155.964  3221296.968 -6.071  2.823  0.377 2.17 18 3.963 -0.417 4.159 9.194 0.938 3.350 -0.698
2025   1  73710 GPS  -2267744.399  5009156.621  3221297.400 -6.239  2.868  1.152 2.17 18 3.908 -0.453 4.105 9.087 0.938 3.350 -0.698
2025   1  73740 GPS  -2267744.508  5009156.401  3221297.489 -6.050  3.023  1.062 2.17 18 3.882 -0.441 4.126 9.036 0.938 3.350 -0.698
2025   1  73770 GPS  -2267744.613  5009156.779  3221297.241 -6.110  2.613  1.271 2.16 18 3.990 -0.505 4.212 9.248 0.938 3.350 -0.698
2025   1  73800 GPS  -2267744.734  5009156.500  3221296.876 -5.885  2.403  0.909 2.16 18 3.901 -0.470 4.159 9.074 0.938 3.350 -0.698
2025   1  73830 GPS  -2267744.833  5009155.922  3221296.874 -5.556  2.647  0.490 2.16 18 3.892 -0.447 4.296 9.333 0.938 3.350 -0.698
2025   1  73860 GPS  -2267744.377  5009155.194  3221295.709 -5.671  2.076 -0.835 2.16 18 3.810 -0.443 4.188 9.089 0.938 3.350 -0.698
2025   1  73890 GPS  -2267744.392  5009155.370  3221296.197 -5.730  2.411 -0.443 2.16 18 3.842 -0.387 4.156 8.812 0.938 3.350 -0.698
2025   1  73920 GPS  -2267744.669  5009156.153  3221296.847 -5.801  2.551  0.600 2.15 18 3.973 -0.449 4.310 9.046 0.938 3.350 -0.698
2025   1  73950 GPS  -2267744.348  5009156.261  3221296.853 -6.137  2.573  0.573 2.15 18 4.103 -0.394 4.333 9.550 0.938 3.350 -0.698
2025   1  73980 GPS  -2267744.322  5009155.628  3221296.624 -5.901  2.675 -0.049 2.15 18 4.057 -0.355 4.270 9.445 0.938 3.350 -0.698
2025   1  74010 GPS  -2267743.935  5009155.406  3221296.482 -6.161  2.736 -0.433 2.14 18 4.045 -0.369 4.182 9.321 0.938 3.350 -0.698
2025   1  74040 GPS  -2267744.386  5009156.067  3221296.703 -6.023  2.527  0.359 2.14 18 4.152 -0.425 4.408 9.603 0.938 3.350 -0.698
2025   1  74070 GPS  -2267744.137  5009155.982  3221296.553 -6.215  2.489  0.126 2.14 18 4.175 -0.447 4.417 9.547 0.938 3.350 -0.698
2025   1  74100 GPS  -2267744.534  5009156.113  3221296.774 -5.907  2.535  0.483 2.14 18 4.078 -0.379 4.342 9.437 0.938 3.350 -0.698
2025   1  74130 GPS  -2267744.567  5009156.391  3221297.127 -5.992  2.704  0.892 2.13 18 4.121 -0.372 4.343 9.780 0.938 3.350 -0.698
2025   1  74160 GPS  -2267744.755  5009156.652  3221297.398 -5.928  2.777  1.302 2.13 18 4.294 -0.387 4.465 10.150 0.938 3.350 -0.698
2025   1  74190 GPS  -2267744.670  5009155.836  3221297.057 -5.669  2.879  0.458 2.13 18 4.094 -0.352 4.318 9.422 0.938 3.350 -0.698
2025   1  74220 GPS  -2267744.536  5009155.705  3221296.944 -5.737  2.870  0.250 2.12 18 4.168 -0.338 4.516 9.663 0.938 3.350 -0.698
2025   1  74250 GPS  -2267744.386  5009155.295  3221296.931 -5.705  3.080 -0.132 2.12 18 3.948 -0.299 4.124 8.935 0.938 3.350 -0.698
2025   1  74280 GPS  -2267744.241  5009155.185  3221297.319 -5.791  3.495 -0.073 2.12 18 4.141 -0.289 4.290 9.559 0.938 3.350 -0.698
2025   1  74310 GPS  -2267744.272  5009155.123  3221296.926 -5.738  3.179 -0.310 2.11 18 4.275 -0.246 4.343 9.961 0.938 3.350 -0.698
2025   1  74340 GPS  -2267744.543  5009155.734  3221297.079 -5.743  2.971  0.344 2.11 18 4.064 -0.376 4.436 9.618 0.938 3.350 -0.698
2025   1  74370 GPS  -2267744.459  5009155.357  3221296.902 -5.664  3.011 -0.072 2.11 18 3.984 -0.394 4.353 9.786 0.938 3.350 -0.698
2025   1  74400 GPS  -2267744.661  5009155.651  3221297.159 -5.601  3.054  0.362 2.10 18 3.988 -0.424 4.314 9.504 0.938 3.350 -0.698
2025   1  74430 GPS  -2267744.668  5009155.989  3221297.250 -5.734  2.974  0.676 2.10 18 4.073 -0.449 4.521 10.442 0.938 3.350 -0.698
2025   1  74460 GPS  -2267744.630  5009156.493  3221297.347 -5.977  2.833  1.106 2.19 17 4.078 -0.377 4.330 9.581 0.797 3.211 -0.698
2025   1  74490 GPS  -2267744.165  5009155.756  3221297.082 -6.096  3.043  0.229 2.09 18 3.933 -0.471 4.254 9.358 0.938 3.350 -0.698
2025   1  74520 GPS  -2267744.085  5009155.738  3221297.019 -6.162  3.014  0.154 2.09 18 4.147 -0.554 4.645 11.429 0.938 3.350 -0.698
2025   1  74550 GPS  -2267744.445  5009156.081  3221297.511 -5.975  3.203  0.801 2.08 18 4.073 -0.547 4.637 12.121 0.938 3.350 -0.698
2025   1  74580 GPS  -2267744.352  5009156.102  3221297.560 -6.068  3.255  0.809 2.08 18 3.995 -0.535 4.576 11.674 0.938 3.350 -0.698
2025   1  74610 GPS  -2267744.257  5009156.030  3221297.617 -6.125  3.357  0.747 2.04 18 3.860 -0.495 4.541 11.890 0.938 3.350 -0.698
2025   1  74640 GPS  -2267744.624  5009156.049  3221297.751 -5.799  3.387  0.961 2.04 18 3.756 -0.504 4.443 11.528 0.938 3.350 -0.698
2025   1  74670 GPS  -2267745.012  5009156.028  3221297.776 -5.437  3.337  1.095 2.03 18 3.724 -0.341 4.221 10.003 0.938 3.350 -0.698
2025   1  74700 GPS  -2267744.570  5009156.132  3221297.648 -5.882  3.272  0.955 2.03 18 3.958 -0.209 4.368 9.593 0.938 3.350 -0.698
2025   1  74730 GPS  -2267744.155  5009156.102  3221297.229 -6.248  3.012  0.570 2.03 18 3.858 -0.273 4.452 10.934 0.938 3.350 -0.698
2025   1  74760 GPS  -2267744.388  5009155.314  3221297.335 -5.711  3.419  0.089 2.02 17 3.692 -0.154 4.201 10.052 0.821 3.350 -0.698
2025   1  74790 GPS  -2267744.878  5009156.180  3221297.863 -5.622  3.370  1.211 2.02 18 3.739 -0.218 4.226 10.244 0.938 3.350 -0.698
2025   1  74820 GPS  -2267745.221  5009156.564  3221298.146 -5.467  3.364  1.778 2.14 18 3.865 -0.420 4.704 12.654 0.938 3.350 -0.698
2025   1  74850 GPS  -2267745.189  5009156.998  3221298.719 -5.676  3.664  2.398 2.14 18 3.841 -0.440 4.555 11.780 0.938 3.350 -0.698
2025   1  74880 GPS  -2267745.149  5009156.828  3221298.689 -5.642  3.725  2.236 2.14 18 3.946 -0.486 4.722 12.491 0.938 3.350 -0.698
2025   1  74910 GPS  -2267745.585  5009156.367  3221298.378 -5.055  3.580  1.870 2.14 18 3.907 -0.476 4.657 11.905 0.938 3.350 -0.698
2025   1  74940 GPS  -2267745.386  5009156.673  3221298.464 -5.362  3.553  2.083 2.14 18 3.835 -0.361 4.589 11.373 0.938 3.350 -0.698
2025   1  74970 GPS  -2267745.232  5009156.563  3221298.578 -5.457  3.734  2.001 2.13 18 3.773 -0.401 4.505 11.053 0.938 3.350 -0.698
2025   1  75000 GPS  -2267745.479  5009157.199  3221298.741 -5.494  3.529  2.671 2.13 19 3.945 -0.512 4.689 12.144 0.852 3.350 -0.698
2025   1  75030 GPS  -2267745.398  5009157.442  3221298.953 -5.668  3.616  2.940 2.13 19 4.126 -0.489 4.811 12.109 0.852 3.350 -0.698
2025   1  75060 GPS  -2267745.570  5009157.562  3221299.410 -5.561  3.918  3.327 2.13 19 3.985 -0.534 4.600 11.347 0.852 3.350 -0.698
2025   1  75090 GPS  -2267745.189  5009157.140  3221299.027 -5.734  3.863  2.666 2.13 17 3.984 -0.565 4.621 11.369 0.821 3.350 -0.698
2025   1  75120 GPS  -2267745.507  5009157.562  3221299.339 -5.618  3.870  3.269 2.12 18 4.048 -0.573 4.858 12.226 0.938 3.350 -0.698
2025   1  75150 GPS  -2267745.780  5009157.473  3221299.209 -5.333  3.742  3.230 2.12 18 3.986 -0.474 4.616 10.561 0.938 3.350 -0.698
2025   1  75180 GPS  -2267745.646  5009157.601  3221299.056 -5.508  3.579  3.205 2.12 18 4.080 -0.527 4.678 11.215 0.938 3.350 -0.698
2025   1  75210 GPS  -2267745.524  5009157.495  3221298.605 -5.575  3.265  2.849 2.12 18 4.212 -0.623 5.086 13.594 0.938 3.350 -0.698
2025   1  75240 GPS  -2267744.882  5009157.550  3221298.594 -6.183  3.365  2.659 2.12 18 3.985 -0.551 4.676 12.020 0.938 3.350 -0.698
2025   1  75270 GPS  -2267745.872  5009157.712  3221299.107 -5.348  3.524  3.399 2.12 18 4.035 -0.512 4.599 10.814 0.938 3.350 -0.698
2025   1  75300 GPS  -2267745.354  5009157.505  3221298.874 -5.734  3.528  2.934 2.11 17 4.208 -0.602 4.807 11.747 0.821 3.350 -0.698
2025   1  75330 GPS  -2267745.653  5009157.682  3221299.260 -5.534  3.716  3.374 2.17 17 4.182 -0.533 4.597 10.702 0.821 3.350 -0.698
2025   1  75360 GPS  -2267745.689  5009157.577  3221298.866 -5.459  3.417  3.105 2.17 17 4.205 -0.488 4.730 11.402 0.821 3.350 -0.698
2025   1  75390 GPS  -2267745.432  5009157.325  3221298.789 -5.589  3.522  2.777 2.17 17 4.342 -0.593 5.078 12.788 0.821 3.350 -0.698
2025   1  75420 GPS  -2267745.175  5009156.156  3221298.142 -5.341  3.559  1.439 2.16 17 4.456 -0.570 5.369 13.875 0.821 3.350 -0.698
2025   1  75450 GPS  -2267745.179  5009156.850  3221298.562 -5.624  3.599  2.199 2.16 17 4.414 -0.603 5.225 12.891 0.821 3.350 -0.698
2025   1  75480 GPS  -2267745.328  5009157.234  3221298.694 -5.646  3.504  2.620 2.16 17 4.396 -0.620 5.090 12.926 0.821 3.350 -0.698
2025   1  75510 GPS  -2267745.499  5009156.810  3221298.570 -5.316  3.558  2.285 2.15 17 4.348 -0.542 5.006 12.079 0.821 3.350 -0.698
2025   1  75540 GPS  -2267745.662  5009157.536  3221298.981 -5.466  3.541  3.121 2.15 17 4.406 -0.717 5.078 12.439 0.821 3.350 -0.698
2025   1  75570 GPS  -2267745.253  5009156.521  3221298.554 -5.420  3.729  1.963 2.15 17 4.606 -0.818 5.762 15.772 0.821 3.350 -0.698
2025   1  75600 GPS  -2267747.663  5009158.884  3221299.782 -4.200  3.188  5.297 2.23 16 4.346 -0.203 4.208 9.079 0.873 3.350 -0.698
2025   1  75630 GPS  -2267748.267  5009159.873  3221300.875 -4.057  3.545  6.843 2.22 16 4.514 -0.347 4.360 9.606 0.873 3.350 -0.698
2025   1  75660 GPS  -2267748.704  5009159.440  3221300.447 -3.481  3.285  6.441 2.22 16 4.498 -0.242 4.319 9.608 0.873 3.350 -0.698
2025   1  75690 GPS  -2267748.329  5009158.895  3221300.616 -3.597  3.762  5.966 2.22 16 4.425 -0.202 4.225 9.324 0.873 3.350 -0.698
2025   1  75720 GPS  -2267748.726  5009159.530  3221300.918 -3.497  3.645  6.759 2.21 16 4.353 -0.267 4.117 9.261 0.873 3.350 -0.698
2025   1  75750 GPS  -2267746.773  5009158.191  3221300.151 -4.724  4.013  4.624 2.13 18 4.485 -0.778 5.158 12.879 0.737 3.350 -0.698
2025   1  75780 GPS  -2267746.608  5009157.477  3221299.817 -4.581  4.091  3.836 2.13 18 4.479 -0.757 5.151 12.765 0.737 3.350 -0.698
2025   1  75810 GPS  -2267746.189  5009157.412  3221299.634 -4.936  4.051  3.543 2.13 17 4.631 -0.824 5.304 13.240 0.821 3.350 -0.698
2025   1  75840 GPS  -2267746.270  5009157.976  3221300.195 -5.094  4.256  4.299 2.12 17 4.632 -0.967 5.475 14.296 0.821 3.350 -0.698
2025   1  75870 GPS  -2267746.589  5009157.633  3221299.875 -4.662  4.073  3.981 2.12 17 4.523 -0.841 5.184 12.190 0.821 3.350 -0.698
2025   1  75900 GPS  -2267746.267  5009157.824  3221299.904 -5.034  4.076  4.032 2.12 17 4.662 -0.928 5.291 12.006 0.821 3.350 -0.698
2025   1  75930 GPS  -2267745.787  5009157.112  3221299.621 -5.178  4.262  3.158 2.12 17 4.766 -0.950 5.560 13.458 0.821 3.350 -0.698
2025   1  75960 GPS  -2267745.967  5009157.842  3221300.163 -5.315  4.354  4.070 2.11 17 4.718 -1.019 5.467 12.875 0.821 3.350 -0.698
2025   1  75990 GPS  -2267745.985  5009157.351  3221299.959 -5.096  4.402  3.588 2.11 17 4.534 -1.044 5.375 13.185 0.821 3.350 -0.698
2025   1  76020 GPS  -2267746.180  5009157.460  3221300.074 -4.963  4.410  3.801 2.11 17 4.543 -0.940 5.258 12.369 0.821 3.350 -0.698
2025   1  76050 GPS  -2267746.523  5009157.868  3221300.220 -4.818  4.275  4.317 2.11 17 4.706 -0.990 5.696 14.038 0.821 3.350 -0.698
2025   1  76080 GPS  -2267745.961  5009157.543  3221300.284 -5.197  4.598  3.895 2.04 18 4.255 -0.873 4.961 11.106 0.737 3.350 -0.698
2025   1  76110 GPS  -2267746.106  5009158.072  3221300.102 -5.283  4.166  4.269 2.04 18 4.325 -0.929 5.067 10.906 0.737 3.350 -0.698
2025   1  76140 GPS  -2267746.345  5009157.863  3221299.775 -4.979  3.930  4.024 2.03 18 4.362 -0.899 5.276 12.455 0.737 3.350 -0.698
2025   1  76170 GPS  -2267746.477  5009157.388  3221299.518 -4.663  3.901  3.568 2.03 18 4.199 -0.658 4.978 11.275 0.737 3.350 -0.698
2025   1  76200 GPS  -2267745.809  5009157.333  3221299.923 -5.249  4.416  3.493 2.09 17 4.464 -0.956 5.168 11.246 0.821 3.350 -0.698
2025   1  76230 GPS  -2267745.957  5009157.933  3221300.364 -5.362  4.486  4.241 2.09 17 4.552 -1.078 5.390 11.975 0.821 3.350 -0.698
2025   1  76260 GPS  -2267745.942  5009157.889  3221300.489 -5.357  4.618  4.264 2.09 17 4.532 -1.095 5.428 12.407 0.821 3.350 -0.698
2025   1  76290 GPS  -2267746.455  5009158.236  3221300.932 -5.033  4.732  4.943 2.02 18 4.261 -0.962 5.222 12.602 0.737 3.350 -0.698
2025   1  76320 GPS  -2267746.570  5009158.189  3221300.730 -4.909  4.556  4.845 2.02 18 4.254 -0.975 5.289 13.118 0.737 3.350 -0.698
2025   1  76350 GPS  -2267746.487  5009158.286  3221300.937 -5.024  4.706  4.997 2.08 17 4.551 -1.198 5.485 12.936 0.821 3.350 -0.698
2025   1  76380 GPS  -2267746.202  5009157.580  3221300.242 -4.993  4.494  3.988 2.08 17 4.452 -1.117 5.479 12.802 0.821 3.350 -0.698
2025   1  76410 GPS  -2267746.654  5009157.518  3221300.089 -4.556  4.296  4.023 2.07 17 4.379 -1.078 5.358 12.407 0.821 3.350 -0.698
2025   1  76440 GPS  -2267746.656  5009157.924  3221300.802 -4.721  4.722  4.704 2.07 17 4.551 -1.266 5.671 12.482 0.821 3.350 -0.698
2025   1  76470 GPS  -2267746.525  5009157.950  3221300.507 -4.851  4.483  4.528 2.00 18 4.298 -1.000 5.370 12.059 0.737 3.350 -0.698
2025   1  76500 GPS  -2267747.115  5009158.244  3221300.692 -4.435  4.383  5.062 2.07 18 4.583 -1.121 5.636 12.150 0.760 3.350 -0.698
2025   1  76530 GPS  -2267746.753  5009157.559  3221300.323 -4.483  4.458  4.209 2.00 19 4.338 -1.026 5.398 11.686 0.683 3.350 -0.698
2025   1  76560 GPS  -2267746.408  5009157.591  3221300.516 -4.810  4.682  4.210 2.00 19 4.269 -1.129 5.340 12.218 0.683 3.350 -0.698
2025   1  76590 GPS  -2267746.503  5009157.927  3221300.970 -4.861  4.897  4.737 1.99 19 4.381 -1.155 5.323 11.930 0.683 3.350 -0.698
2025   1  76620 GPS  -2267746.657  5009157.660  3221301.121 -4.611  5.119  4.659 1.99 19 4.311 -0.962 5.134 12.018 0.683 3.350 -0.698
2025   1  76650 GPS  -2267746.641  5009157.683  3221301.266 -4.635  5.237  4.745 1.99 19 4.345 -1.127 5.291 13.121 0.683 3.350 -0.698
2025   1  76680 GPS  -2267746.681  5009157.918  3221301.472 -4.696  5.296  5.048 1.98 19 4.216 -1.077 5.060 12.279 0.683 3.350 -0.698
2025   1  76710 GPS  -2267747.274  5009158.682  3221301.942 -4.470  5.224  6.098 1.98 19 4.311 -1.170 5.300 12.804 0.683 3.350 -0.698
2025   1  76740 GPS  -2267747.036  5009158.223  3221301.638 -4.498  5.224  5.499 1.98 19 4.157 -1.028 4.886 11.463 0.683 3.350 -0.698
2025   1  76770 GPS  -2267747.127  5009158.363  3221302.154 -4.473  5.584  5.902 2.03 19 4.432 -0.775 5.028 11.827 0.683 3.350 -0.698
2025   1  76800 GPS  -2267747.091  5009158.030  3221302.176 -4.369  5.765  5.640 2.03 19 4.371 -0.712 4.847 11.728 0.683 3.350 -0.698
2025   1  76830 GPS  -2267746.647  5009157.362  3221301.801 -4.498  5.844  4.768 2.15 19 4.288 -0.623 4.778 10.989 0.683 3.350 -0.698
2025   1  76860 GPS  -2267746.989  5009158.102  3221302.398 -4.491  5.945  5.773 2.15 19 4.354 -0.673 4.951 11.117 0.683 3.350 -0.698
2025   1  76890 GPS  -2267746.740  5009158.281  3221302.406 -4.792  5.920  5.829 2.14 19 4.277 -0.608 4.937 11.018 0.683 3.350 -0.698
2025   1  76920 GPS  -2267747.204  5009158.010  3221302.317 -4.257  5.872  5.736 2.14 19 4.387 -0.730 5.032 11.504 0.683 3.350 -0.698
2025   1  76950 GPS  -2267747.054  5009158.028  3221302.592 -4.401  6.132  5.837 2.14 19 4.307 -0.804 4.965 10.862 0.683 3.350 -0.698
2025   1  76980 GPS  -2267747.016  5009158.208  3221302.503 -4.510  5.980  5.919 2.13 19 4.410 -0.776 5.090 11.519 0.683 3.350 -0.698
2025   1  77010 GPS  -2267747.263  5009158.227  3221302.155 -4.293  5.620  5.845 1.98 19 4.426 -0.690 5.144 11.902 0.683 3.350 -0.698
2025   1  77040 GPS  -2267747.143  5009158.158  3221302.111 -4.374  5.639  5.726 1.98 19 4.381 -0.708 5.191 11.762 0.683 3.350 -0.698
2025   1  77070 GPS  -2267747.297  5009158.205  3221301.864 -4.253  5.372  5.692 1.98 19 4.386 -0.619 5.046 10.849 0.683 3.350 -0.698
2025   1  77100 GPS  -2267747.174  5009158.081  3221301.638 -4.313  5.261  5.436 1.98 19 4.372 -0.655 5.144 10.839 0.683 3.350 -0.698
2025   1  77130 GPS  -2267747.306  5009158.117  3221302.093 -4.209  5.609  5.742 1.98 18 4.395 -0.718 5.284 11.105 0.535 3.211 -0.698
2025   1  77160 GPS  -2267747.039  5009157.299  3221301.467 -4.114  5.504  4.687 2.03 18 4.482 -1.141 5.243 11.131 0.535 3.211 -0.698
2025   1  77190 GPS  -2267746.967  5009157.337  3221301.754 -4.195  5.749  4.838 2.03 18 4.742 -1.258 5.568 12.149 0.535 3.211 -0.698
2025   1  77220 GPS  -2267747.023  5009157.376  3221301.491 -4.160  5.492  4.754 2.03 18 4.576 -1.315 5.531 13.142 0.535 3.211 -0.698
2025   1  77250 GPS  -2267746.862  5009157.173  3221301.948 -4.224  6.013  4.770 2.02 18 4.668 -1.240 5.524 12.647 0.535 3.211 -0.698
2025   1  77280 GPS  -2267747.242  5009157.678  3221301.960 -4.086  5.711  5.308 1.99 18 4.457 -0.926 5.724 13.890 0.535 3.211 -0.698
2025   1  77310 GPS  -2267747.116  5009157.415  3221301.609 -4.092  5.556  4.879 1.99 18 4.388 -0.916 5.740 14.292 0.535 3.211 -0.698
2025   1  77340 GPS  -2267747.689  5009158.456  3221303.106 -3.999  6.244  6.659 2.01 18 4.508 -0.245 4.590 10.880 0.535 3.211 -0.698
2025   1  77370 GPS  -2267747.692  5009158.464  3221303.301 -4.000  6.408  6.766 2.01 18 4.421 -0.200 4.551 10.703 0.535 3.211 -0.698
2025   1  77400 GPS  -2267747.339  5009158.000  3221303.374 -4.131  6.759  6.313 2.01 18 4.366 -0.075 4.618 10.422 0.535 3.211 -0.698
2025   1  77430 GPS  -2267745.559  5009156.910  3221301.389 -5.302  5.927  3.817 2.13 18 4.183 0.580 4.636 8.933 0.535 3.211 -0.698
2025   1  77460 GPS  -2267745.322  5009156.713  3221301.115 -5.437  5.831  3.439 2.13 18 4.161 0.501 4.555 8.883 0.535 3.211 -0.698
2025   1  77490 GPS  -2267745.515  5009157.041  3221301.344 -5.397  5.836  3.881 2.13 19 4.133 0.498 4.485 8.650 0.507 3.211 -0.698
2025   1  77520 GPS  -2267746.018  5009157.092  3221301.736 -4.959  6.045  4.299 2.07 19 3.934 0.483 4.235 8.901 0.507 3.211 -0.698
2025   1  77550 GPS  -2267746.128  5009157.539  3221302.289 -5.044  6.292  4.970 2.07 18 3.991 0.463 4.352 9.003 0.357 3.071 -0.698
2025   1  77580 GPS  -2267745.943  5009157.489  3221301.219 -5.191  5.432  4.321 2.07 18 4.041 0.532 4.477 8.761 0.357 3.071 -0.698
2025   1  77610 GPS  -2267745.609  5009156.988  3221300.833 -5.288  5.401  3.613 2.07 18 4.075 0.538 4.441 8.953 0.357 3.071 -0.698
2025   1  77640 GPS  -2267745.706  5009157.219  3221300.985 -5.296  5.405  3.906 2.07 18 4.025 0.538 4.346 8.729 0.357 3.071 -0.698
2025   1  77670 GPS  -2267745.582  5009156.653  3221301.106 -5.175  5.797  3.479 2.07 18 3.954 0.547 4.337 8.715 0.357 3.071 -0.698
2025   1  77700 GPS  -2267745.856  5009157.031  3221300.509 -5.081  5.051  3.571 2.07 18 4.098 0.567 4.437 8.947 0.357 3.071 -0.698
2025   1  77730 GPS  -2267745.567  5009156.083  3221300.764 -4.954  5.769  2.853 2.07 18 4.106 0.580 4.436 9.018 0.357 3.071 -0.698
2025   1  77760 GPS  -2267745.542  5009156.636  3221300.898 -5.205  5.634  3.346 2.07 18 4.048 0.540 4.316 8.963 0.357 3.071 -0.698
2025   1  77790 GPS  -2267745.239  5009156.533  3221301.210 -5.438  6.014  3.317 2.07 18 3.928 0.556 4.216 8.489 0.357 3.071 -0.698
2025   1  77820 GPS  -2267742.383  5009154.577  3221300.927 -7.233  7.274  0.623 1.95 18 4.305 1.712 5.095 9.645 0.357 3.071 -0.698
2025   1  77850 GPS  -2267742.345  5009154.932  3221300.637 -7.414  6.868  0.741 1.95 18 4.427 1.699 5.179 10.269 0.357 3.071 -0.698
2025   1  77880 GPS  -2267742.527  5009154.269  3221300.324 -6.975  6.866  0.127 1.95 17 4.194 1.566 4.814 9.008 0.378 3.071 -0.698
2025   1  77910 GPS  -2267742.764  5009154.537  3221300.515 -6.869  6.858  0.519 1.95 18 4.368 1.627 5.026 9.470 0.357 3.071 -0.698
2025   1  77940 GPS  -2267742.687  5009155.005  3221300.977 -7.132  7.055  1.092 1.95 18 4.254 1.520 4.855 9.261 0.357 3.071 -0.698
2025   1  77970 GPS  -2267742.866  5009154.377  3221300.732 -6.711  7.098  0.539 1.95 18 4.204 1.695 5.018 9.047 0.357 3.071 -0.698
2025   1  78000 GPS  -2267742.315  5009153.440  3221300.470 -6.826  7.421 -0.525 1.95 19 4.460 1.740 5.247 9.928 0.250 3.071 -1.675
2025   1  78030 GPS  -2267742.567  5009153.361  3221300.239 -6.564  7.205 -0.614 1.95 19 4.400 1.729 5.186 9.518 0.250 3.071 -1.675
2025   1  78060 GPS  -2267742.842  5009154.126  3221300.596 -6.629  7.101  0.264 1.95 18 4.354 1.618 5.010 9.626 0.357 3.071 -0.698
2025   1  78090 GPS  -2267742.725  5009154.403  3221300.741 -6.850  7.123  0.514 1.95 19 4.362 1.628 5.045 9.527 0.250 3.071 -1.675
2025   1  78120 GPS  -2267742.251  5009154.162  3221300.388 -7.182  7.029 -0.023 1.95 19 4.294 1.612 4.974 9.303 0.250 3.071 -1.675
2025   1  78150 GPS  -2267742.543  5009154.008  3221300.407 -6.853  7.055 -0.030 1.95 19 4.398 1.604 4.995 9.768 0.250 3.071 -1.675
2025   1  78180 GPS  -2267742.603  5009154.365  3221301.007 -6.946  7.395  0.576 1.95 19 4.467 1.678 5.195 9.883 0.250 3.071 -1.675
2025   1  78210 GPS  -2267742.769  5009154.827  3221300.997 -6.985  7.138  0.992 1.95 19 4.342 1.579 4.939 9.328 0.250 3.071 -1.675
2025   1  78240 GPS  -2267742.902  5009154.693  3221300.829 -6.808  7.027  0.849 1.95 19 4.346 1.555 4.945 9.646 0.250 3.071 -1.675
2025   1  78270 GPS  -2267742.840  5009154.249  3221300.631 -6.682  7.075  0.377 1.95 19 4.350 1.668 5.096 9.652 0.250 3.071 -1.675
2025   1  78300 GPS  -2267743.095  5009155.000  3221301.283 -6.759  7.236  1.390 1.95 19 4.208 1.442 4.754 9.268 0.250 3.071 -1.675
2025   1  78330 GPS  -2267742.968  5009155.469  3221301.469 -7.068  7.205  1.806 1.95 19 4.268 1.543 4.970 9.419 0.250 3.071 -1.675
2025   1  78360 GPS  -2267743.564  5009156.068  3221301.995 -6.772  7.256  2.756 1.95 19 4.086 1.393 4.612 8.912 0.250 3.071 -1.675
2025   1  78390 GPS  -2267743.409  5009155.691  3221301.714 -6.758  7.221  2.262 1.95 18 4.127 1.328 4.593 9.055 0.264 3.071 -1.675
2025   1  78420 GPS  -2267743.037  5009154.711  3221301.491 -6.693  7.561  1.248 1.95 18 4.282 1.417 4.782 9.529 0.264 3.071 -1.675
2025   1  78450 GPS  -2267743.117  5009154.853  3221301.610 -6.678  7.581  1.448 1.95 17 4.368 1.517 4.978 9.472 0.279 3.071 -1.675
2025   1  78480 GPS  -2267742.999  5009153.514  3221300.460 -6.233  7.234 -0.229 1.90 19 4.055 0.902 5.056 9.300 0.448 3.769 -1.675
2025   1  78510 GPS  -2267742.733  5009154.048  3221300.779 -6.697  7.318  0.258 1.90 20 4.206 0.909 5.181 9.635 0.426 3.769 -1.675
2025   1  78540 GPS  -2267742.892  5009155.340  3221301.182 -7.084  7.034  1.532 2.07 20 4.159 0.756 5.550 11.152 0.426 3.769 -1.675
2025   1  78570 GPS  -2267744.737  5009157.260  3221301.552 -6.195  6.077  3.882 1.99 19 4.591 0.061 5.498 12.753 0.448 3.769 -1.675
2025   1  78600 GPS  -2267744.683  5009156.942  3221301.430 -6.114  6.131  3.552 1.99 20 4.465 0.051 4.860 9.841 0.426 3.769 -1.675
2025   1  78630 GPS  -2267744.972  5009157.314  3221301.403 -6.003  5.874  3.933 1.99 18 4.399 0.112 4.791 9.150 0.473 3.769 -1.675
2025   1  78660 GPS  -2267744.842  5009157.187  3221301.669 -6.069  6.190  3.922 2.00 18 4.489 0.133 5.208 10.549 0.473 3.769 -1.675
2025   1  78690 GPS  -2267744.643  5009156.831  3221301.019 -6.104  5.836  3.241 2.00 18 4.482 0.022 5.016 10.244 0.473 3.769 -1.675
2025   1  78720 GPS  -2267744.935  5009156.255  3221301.070 -5.600  6.086  2.919 2.00 18 4.353 -0.040 4.912 10.501 0.473 3.769 -1.675
2025   1  78750 GPS  -2267744.993  5009156.805  3221301.116 -5.775  5.858  3.394 2.00 18 4.417 -0.127 4.933 10.595 0.473 3.769 -1.675
2025   1  78780 GPS  -2267745.135  5009156.619  3221300.951 -5.568  5.773  3.216 2.00 18 4.468 -0.101 4.967 10.764 0.473 3.769 -1.675
2025   1  78810 GPS  -2267744.770  5009156.407  3221301.225 -5.814  6.184  3.059 2.00 19 4.465 -0.080 5.043 10.861 0.448 3.769 -1.675
2025   1  78840 GPS  -2267744.652  5009156.256  3221301.005 -5.859  6.089  2.787 2.01 19 4.292 0.023 4.845 10.265 0.448 3.769 -1.675
2025   1  78870 GPS  -2267744.890  5009156.581  3221301.254 -5.776  6.103  3.252 2.01 19 4.419 -0.115 4.904 10.839 0.448 3.769 -1.675
2025   1  78900 GPS  -2267744.357  5009155.858  3221301.075 -5.964  6.395  2.405 2.01 18 4.387 -0.015 4.900 10.448 0.473 3.769 -1.675
2025   1  78930 GPS  -2267744.743  5009156.310  3221301.141 -5.798  6.162  2.930 2.01 18 4.552 -0.080 5.106 11.016 0.473 3.769 -1.675
2025   1  78960 GPS  -2267744.622  5009155.651  3221301.246 -5.637  6.582  2.424 2.01 18 4.293 -0.021 4.835 10.078 0.473 3.769 -1.675
2025   1  78990 GPS  -2267744.586  5009155.757  3221300.975 -5.713  6.308  2.357 2.01 18 4.364 -0.022 4.848 9.977 0.473 3.769 -1.675
2025   1  79020 GPS  -2267744.834  5009155.644  3221301.126 -5.440  6.438  2.433 2.02 18 4.397 0.069 4.929 9.658 0.473 3.769 -1.675
2025   1  79050 GPS  -2267744.610  5009155.073  3221300.933 -5.409  6.583  1.807 2.02 18 4.329 0.054 4.809 9.455 0.473 3.769 -1.675
2025   1  79080 GPS  -2267744.597  5009155.127  3221300.777 -5.444  6.427  1.765 2.02 18 4.200 0.150 4.770 9.612 0.473 3.769 -1.675
2025   1  79110 GPS  -2267744.315  5009155.040  3221300.905 -5.664  6.636  1.661 2.02 18 4.177 0.210 4.695 8.971 0.473 3.769 -1.675
2025   1  79140 GPS  -2267744.245  5009155.340  3221301.084 -5.852  6.666  1.963 2.02 18 4.372 0.144 5.002 10.428 0.473 3.769 -1.675
2025   1  79170 GPS  -2267744.563  5009155.303  3221300.881 -5.546  6.441  1.945 2.02 18 4.253 0.059 4.838 10.374 0.473 3.769 -1.675
2025   1  79200 GPS  -2267744.931  5009155.584  3221301.278 -5.327  6.576  2.497 2.02 18 4.220 -0.001 4.687 9.342 0.473 3.769 -1.675
2025   1  79230 GPS  -2267744.795  5009155.912  3221301.322 -5.587  6.491  2.728 2.02 18 4.346 0.018 4.667 8.877 0.473 3.769 -1.675
2025   1  79260 GPS  -2267744.559  5009155.624  3221301.162 -5.682  6.536  2.337 2.03 19 4.321 0.103 4.729 8.921 0.448 3.769 -1.675
2025   1  79290 GPS  -2267744.456  5009155.501  3221301.255 -5.726  6.694  2.252 2.03 19 4.224 0.059 4.663 8.714 0.448 3.769 -1.675
2025   1  79320 GPS  -2267744.439  5009155.361  3221301.119 -5.684  6.646  2.067 2.03 19 4.058 0.042 4.425 8.601 0.448 3.769 -1.675
2025   1  79350 GPS  -2267744.616  5009155.273  3221301.211 -5.486  6.729  2.107 2.03 19 3.985 0.083 4.406 8.613 0.448 3.769 -1.675
2025   1  79380 GPS  -2267744.562  5009155.463  3221301.369 -5.614  6.788  2.317 2.03 19 4.068 -0.014 4.349 8.337 0.448 3.769 -1.675
2025   1  79410 GPS  -2267744.605  5009155.270  3221301.043 -5.495  6.588  2.016 2.03 19 4.176 0.025 4.497 8.610 0.448 3.769 -1.675
2025   1  79440 GPS  -2267744.355  5009155.173  3221300.941 -5.682  6.597  1.799 2.03 19 4.179 -0.027 4.640 9.540 0.448 3.769 -1.675
2025   1  79470 GPS  -2267744.638  5009155.099  3221300.561 -5.394  6.244  1.648 2.03 19 4.075 0.002 4.402 8.117 0.448 3.769 -1.675
2025   1  79500 GPS  -2267744.466  5009155.187  3221300.802 -5.587  6.448  1.778 2.03 19 4.386 0.026 4.809 9.228 0.448 3.769 -1.675
2025   1  79530 GPS  -2267744.507  5009155.401  3221300.935 -5.638  6.454  2.029 2.03 19 4.468 -0.007 4.917 9.620 0.448 3.769 -1.675
2025   1  79560 GPS  -2267744.615  5009154.957  3221300.933 -5.357  6.636  1.718 2.03 19 4.442 0.032 4.989 9.942 0.448 3.769 -1.675
2025   1  79590 GPS  -2267744.766  5009155.281  3221301.224 -5.352  6.705  2.173 2.03 19 4.403 0.063 4.871 9.225 0.448 3.769 -1.675
2025   1  79620 GPS  -2267744.422  5009155.488  3221301.049 -5.752  6.530  2.125 2.03 19 4.511 0.105 5.044 9.295 0.448 3.769 -1.675
2025   1  79650 GPS  -2267744.492  5009154.783  3221300.757 -5.397  6.590  1.447 2.04 19 4.472 0.135 4.950 9.459 0.448 3.769 -1.675
2025   1  79680 GPS  -2267744.773  5009155.390  3221301.210 -5.392  6.641  2.254 2.04 19 4.398 -0.075 4.735 9.136 0.448 3.769 -1.675
2025   1  79710 GPS  -2267744.533  5009154.410  3221300.750 -5.206  6.748  1.166 2.04 19 4.366 0.078 4.831 9.251 0.448 3.769 -1.675
2025   1  79740 GPS  -2267744.399  5009154.473  3221300.450 -5.354  6.489  1.016 2.04 19 4.318 0.054 4.717 8.556 0.448 3.769 -1.675
2025   1  79770 GPS  -2267743.775  5009153.123  3221299.240 -5.366  6.202 -0.880 2.03 18 4.465 -0.688 5.615 12.972 0.489 3.769 -1.675
2025   1  79800 GPS  -2267743.221  5009152.599  3221299.273 -5.654  6.589 -1.471 2.03 18 4.455 -0.570 5.653 13.019 0.489 3.769 -1.675
2025   1  79830 GPS  -2267744.804  5009153.711  3221299.945 -4.671  6.322  0.306 1.99 19 4.452 -0.314 5.916 13.730 0.448 3.769 -1.675
2025   1  79860 GPS  -2267742.897  5009152.485  3221299.098 -5.902  6.559 -1.765 2.03 18 4.505 -0.591 5.556 12.908 0.489 3.769 -1.675
2025   1  79890 GPS  -2267743.524  5009153.263  3221299.541 -5.652  6.449 -0.706 2.03 18 4.565 -0.464 5.634 11.888 0.489 3.769 -1.675
2025   1  79920 GPS  -2267743.589  5009152.531  3221299.082 -5.291  6.379 -1.491 2.03 18 4.389 -0.442 5.337 11.596 0.489 3.769 -1.675
2025   1  79950 GPS  -2267743.421  5009152.655  3221299.486 -5.496  6.705 -1.248 2.03 18 4.448 -0.624 5.397 12.464 0.489 3.769 -1.675
2025   1  79980 GPS  -2267744.001  5009153.058  3221299.751 -5.133  6.625 -0.591 1.99 19 4.244 -0.484 5.374 12.695 0.448 3.769 -1.675
2025   1  80010 GPS  -2267743.685  5009152.481  3221299.344 -5.183  6.608 -1.363 1.99 19 4.303 -0.334 5.458 12.197 0.448 3.769 -1.675
2025   1  80040 GPS  -2267744.151  5009152.987  3221299.403 -4.966  6.326 -0.771 1.99 19 4.358 -0.405 5.300 11.817 0.448 3.769 -1.675
2025   1  80070 GPS  -2267743.834  5009152.847  3221299.375 -5.198  6.434 -1.007 1.99 19 4.498 -0.381 5.569 12.115 0.448 3.769 -1.675
2025   1  80100 GPS  -2267744.214  5009152.869  3221299.367 -4.861  6.337 -0.859 1.99 19 4.259 -0.353 5.256 11.814 0.448 3.769 -1.675
2025   1  80130 GPS  -2267743.883  5009152.581  3221299.177 -5.043  6.376 -1.299 1.99 19 4.274 -0.393 5.352 12.219 0.448 3.769 -1.675
2025   1  80160 GPS  -2267743.987  5009152.813  3221299.390 -5.044  6.430 -0.972 1.99 19 4.238 -0.398 5.382 12.872 0.448 3.769 -1.675
2025   1  80190 GPS  -2267744.025  5009152.381  3221299.195 -4.832  6.454 -1.397 1.99 19 4.163 -0.260 5.130 11.159 0.448 3.769 -1.675
2025   1  80220 GPS  -2267744.505  5009152.471  3221299.272 -4.432  6.379 -1.116 1.99 19 4.141 -0.286 5.078 11.313 0.448 3.769 -1.675
2025   1  80250 GPS  -2267744.260  5009152.067  3221299.157 -4.488  6.518 -1.579 1.99 19 4.111 -0.261 4.991 11.178 0.448 3.769 -1.675
2025   1  80280 GPS  -2267744.014  5009152.102  3221299.109 -4.727  6.512 -1.663 1.99 19 4.188 -0.330 5.025 11.325 0.448 3.769 -1.675
2025   1  80310 GPS  -2267744.200  5009152.468  3221299.289 -4.708  6.458 -1.218 1.99 19 4.168 -0.279 5.117 11.431 0.448 3.769 -1.675
2025   1  80340 GPS  -2267744.492  5009152.647  3221299.463 -4.516  6.464 -0.886 1.99 19 4.210 -0.308 5.087 11.026 0.448 3.769 -1.675
2025   1  80370 GPS  -2267744.199  5009152.139  3221299.159 -4.573  6.499 -1.543 1.99 19 4.177 -0.247 5.015 10.669 0.448 3.769 -1.675
2025   1  80400 GPS  -2267744.398  5009152.447  3221299.451 -4.519  6.567 -1.082 1.99 19 4.282 -0.458 5.044 11.029 0.448 3.769 -1.675
2025   1  80430 GPS  -2267744.395  5009152.788  3221299.638 -4.663  6.570 -0.720 1.99 19 4.325 -0.443 5.073 11.104 0.448 3.769 -1.675
2025   1  80460 GPS  -2267743.943  5009152.924  3221299.761 -5.130  6.707 -0.712 1.99 19 4.457 -0.490 5.270 11.216 0.448 3.769 -1.675
2025   1  80490 GPS  -2267744.350  5009153.186  3221299.925 -4.868  6.643 -0.278 1.98 19 4.499 -0.609 5.193 11.064 0.448 3.769 -1.675
2025   1  80520 GPS  -2267744.046  5009153.058  3221299.787 -5.091  6.646 -0.557 1.98 19 4.517 -0.571 5.224 10.470 0.448 3.769 -1.675
2025   1  80550 GPS  -2267743.635  5009151.864  3221298.945 -4.974  6.560 -2.068 1.98 19 4.137 -0.364 4.802 9.368 0.448 3.769 -1.675
2025   1  80580 GPS  -2267743.671  5009151.919  3221299.391 -4.964  6.911 -1.785 1.98 19 4.345 -0.403 5.067 10.255 0.448 3.769 -1.675
2025   1  80610 GPS  -2267744.267  5009151.779  3221299.116 -4.363  6.615 -1.823 1.98 20 4.212 -0.325 4.834 9.358 0.565 3.769 -1.675
2025   1  80640 GPS  -2267744.022  5009152.172  3221299.558 -4.749  6.864 -1.377 1.98 20 4.296 -0.435 4.989 9.945 0.565 3.769 -1.675
2025   1  80670 GPS  -2267743.843  5009151.912  3221299.293 -4.804  6.794 -1.780 2.03 20 4.413 -0.399 5.009 9.405 0.565 3.769 -1.675
2025   1  80700 GPS  -2267743.718  5009151.542  3221298.889 -4.765  6.643 -2.319 2.03 20 4.423 -0.343 4.981 9.121 0.565 3.769 -1.675
2025   1  80730 GPS  -2267743.736  5009152.033  3221299.087 -4.951  6.583 -1.827 2.02 20 4.512 -0.416 5.056 8.846 0.565 3.769 -1.675
2025   1  80760 GPS  -2267744.207  5009152.390  3221299.248 -4.670  6.458 -1.298 2.02 20 4.435 -0.389 4.951 8.593 0.565 3.769 -1.675
2025   1  80790 GPS  -2267743.358  5009152.025  3221298.856 -5.293  6.467 -2.085 1.98 20 4.520 -0.829 5.471 9.335 0.565 3.769 -1.675
2025   1  80820 GPS  -2267743.405  5009152.129  3221298.948 -5.292  6.488 -1.940 1.97 20 4.436 -0.792 5.373 9.109 0.565 3.769 -1.675
2025   1  80850 GPS  -2267743.211  5009152.217  3221298.932 -5.506  6.474 -1.948 1.97 20 4.635 -0.806 5.461 9.206 0.565 3.769 -1.675
2025   1  80880 GPS  -2267743.566  5009152.741  3221299.213 -5.398  6.399 -1.268 1.97 20 4.656 -0.904 5.486 9.627 0.565 3.769 -1.675
2025   1  80910 GPS  -2267743.350  5009152.128  3221299.100 -5.342  6.631 -1.883 1.97 20 4.521 -0.772 5.334 9.187 0.565 3.769 -1.675
2025   1  80940 GPS  -2267742.756  5009151.556  3221298.576 -5.648  6.569 -2.809 2.03 20 4.535 -1.073 4.977 9.161 0.565 3.769 -1.675
2025   1  80970 GPS  -2267743.069  5009151.488  3221298.247 -5.334  6.251 -2.918 2.02 20 4.476 -0.888 4.934 8.452 0.565 3.769 -1.675
2025   1  81000 GPS  -2267745.104  5009152.950  3221298.710 -4.083  5.548 -0.813 1.92 20 4.774 -1.347 5.064 9.134 0.565 3.769 -1.675
2025   1  81030 GPS  -2267745.515  5009152.737  3221298.636 -3.621  5.496 -0.871 1.92 20 4.513 -1.189 4.796 8.191 0.565 3.769 -1.675
2025   1  81060 GPS  -2267745.438  5009152.698  3221298.724 -3.675  5.606 -0.885 1.92 20 4.577 -1.267 4.861 8.480 0.565 3.769 -1.675
2025   1  81090 GPS  -2267745.387  5009152.632  3221298.492 -3.694  5.448 -1.073 1.92 20 4.618 -1.220 4.816 8.585 0.565 3.769 -1.675
2025   1  81120 GPS  -2267744.659  5009151.495  3221298.091 -3.889  5.780 -2.427 1.91 20 4.514 -1.105 4.566 8.114 0.565 3.769 -1.675
2025   1  81150 GPS  -2267744.760  5009152.145  3221298.197 -4.064  5.550 -1.828 1.95 20 4.793 -1.236 4.815 8.639 0.565 3.769 -1.675
2025   1  81180 GPS  -2267745.037  5009152.237  3221299.526 -3.851  6.594 -0.982 2.01 20 4.621 -1.838 5.235 8.996 0.565 3.769 -1.675
2025   1  81210 GPS  -2267745.321  5009152.973  3221299.989 -3.895  6.593 -0.068 2.01 20 4.640 -1.876 5.305 9.735 0.565 3.769 -1.675
2025   1  81240 GPS  -2267745.114  5009152.427  3221299.925 -3.858  6.833 -0.603 2.01 20 4.673 -1.904 5.353 9.862 0.565 3.769 -1.675
2025   1  81270 GPS  -2267745.169  5009152.278  3221299.712 -3.747  6.708 -0.808 2.01 20 4.608 -1.912 5.336 10.158 0.565 3.769 -1.675
2025   1  81300 GPS  -2267745.356  5009153.179  3221300.006 -3.949  6.505  0.115 2.00 20 4.714 -1.977 5.495 10.700 0.565 3.769 -1.675
2025   1  81330 GPS  -2267745.213  5009152.495  3221299.503 -3.796  6.418 -0.728 2.00 20 4.599 -1.877 5.323 10.721 0.565 3.769 -1.675
2025   1  81360 GPS  -2267745.419  5009152.343  3221299.448 -3.546  6.398 -0.803 2.00 20 4.543 -1.784 5.211 10.805 0.565 3.769 -1.675
2025   1  81390 GPS  -2267745.334  5009152.735  3221299.595 -3.785  6.361 -0.451 2.00 20 4.760 -1.874 5.474 11.438 0.565 3.769 -1.675
2025   1  81420 GPS  -2267745.341  5009151.193  3221297.586 -3.143  5.342 -2.679 1.95 20 4.967 -1.122 4.959 9.737 0.565 3.769 -1.675
2025   1  81450 GPS  -2267745.678  5009151.159  3221297.620 -2.822  5.317 -2.568 1.95 20 4.924 -1.065 4.879 9.511 0.565 3.769 -1.675
2025   1  81480 GPS  -2267745.542  5009150.816  3221297.360 -2.804  5.280 -3.018 1.95 20 4.857 -1.130 4.914 10.204 0.565 3.769 -1.675
2025   1  81510 GPS  -2267745.614  5009150.866  3221297.468 -2.760  5.335 -2.898 1.95 20 4.839 -1.119 4.832 8.977 0.565 3.769 -1.675
2025   1  81540 GPS  -2267745.189  5009149.794  3221296.524 -2.705  5.107 -4.370 1.95 20 4.551 -0.888 4.405 8.021 0.565 3.769 -1.675
2025   1  81570 GPS  -2267745.472  5009149.754  3221296.873 -2.430  5.367 -4.123 1.95 20 4.587 -0.955 4.472 7.941 0.565 3.769 -1.675
2025   1  81600 GPS  -2267745.153  5009149.114  3221296.533 -2.457  5.437 -4.912 1.95 19 4.536 -0.968 4.463 8.144 0.595 3.769 -1.675
2025   1  81630 GPS  -2267745.646  5009150.900  3221297.468 -2.744  5.313 -2.860 1.95 19 4.847 -1.082 4.773 8.735 0.595 3.769 -1.675
2025   1  81660 GPS  -2267745.668  5009150.741  3221297.349 -2.659  5.279 -3.037 1.95 19 4.972 -1.096 4.832 9.133 0.595 3.769 -1.675
2025   1  81690 GPS  -2267745.488  5009150.695  3221297.373 -2.804  5.358 -3.126 1.95 19 5.033 -1.114 4.927 9.233 0.595 3.769 -1.675
2025   1  81720 GPS  -2267744.912  5009151.047  3221297.588 -3.474  5.502 -2.945 1.95 19 4.953 -1.081 4.908 9.048 0.595 3.769 -1.675
2025   1  81750 GPS  -2267745.084  5009151.068  3221297.545 -3.325  5.419 -2.888 1.95 19 4.917 -1.142 4.889 8.909 0.595 3.769 -1.675
2025   1  81780 GPS  -2267745.351  5009151.237  3221297.684 -3.152  5.404 -2.590 1.95 19 4.932 -1.122 4.922 8.732 0.595 3.769 -1.675
2025   1  81810 GPS  -2267745.019  5009151.011  3221297.029 -3.361  5.014 -3.218 1.95 19 4.872 -1.135 4.904 8.870 0.595 3.769 -1.675
2025   1  81840 GPS  -2267745.075  5009150.783  3221297.026 -3.216  5.106 -3.380 1.95 19 4.912 -1.063 4.843 8.642 0.595 3.769 -1.675
2025   1  81870 GPS  -2267745.158  5009150.312  3221296.825 -2.946  5.133 -3.822 1.95 19 4.998 -1.050 4.902 8.732 0.595 3.769 -1.675
2025   1  81900 GPS  -2267745.069  5009150.410  3221296.851 -3.067  5.129 -3.763 1.95 19 4.819 -1.043 4.774 8.394 0.595 3.769 -1.675
2025   1  81930 GPS  -2267745.184  5009150.469  3221296.691 -2.987  4.939 -3.757 1.97 19 5.040 -0.971 4.900 8.468 0.595 3.769 -1.675
2025   1  81960 GPS  -2267744.754  5009150.818  3221296.961 -3.523  5.101 -3.498 1.97 18 5.193 -0.939 5.019 9.039 0.628 3.769 -1.675
2025   1  81990 GPS  -2267745.107  5009150.855  3221297.048 -3.217  5.085 -3.300 1.97 18 5.070 -0.998 4.997 9.684 0.628 3.769 -1.675
2025   1  82020 GPS  -2267745.246  5009151.110  3221297.387 -3.195  5.229 -2.878 1.97 18 5.160 -1.014 5.133 9.906 0.628 3.769 -1.675
2025   1  82050 GPS  -2267745.150  5009150.762  3221297.143 -3.139  5.200 -3.309 1.97 18 5.216 -1.043 5.176 10.493 0.628 3.769 -1.675
2025   1  82080 GPS  -2267745.165  5009150.426  3221297.282 -2.987  5.473 -3.498 1.97 18 5.185 -1.050 5.196 10.736 0.628 3.769 -1.675
2025   1  82110 GPS  -2267744.918  5009150.626  3221297.013 -3.294  5.200 -3.565 1.97 18 5.141 -1.010 5.157 10.721 0.628 3.769 -1.675
2025   1  82140 GPS  -2267744.923  5009150.884  3221297.134 -3.396  5.184 -3.299 1.97 18 5.157 -1.016 5.173 10.649 0.628 3.769 -1.675
2025   1  82170 GPS  -2267744.939  5009150.583  3221297.378 -3.257  5.530 -3.405 1.97 18 5.165 -1.047 5.207 10.938 0.628 3.769 -1.675
2025   1  82200 GPS  -2267745.335  5009150.787  3221297.695 -2.982  5.625 -2.944 1.97 18 5.111 -1.064 5.201 11.218 0.628 3.769 -1.675
2025   1  82230 GPS  -2267745.163  5009150.560  3221296.266 -3.044  4.536 -3.909 1.91 18 5.171 -0.691 4.972 9.356 0.628 3.769 -1.675
2025   1  82260 GPS  -2267745.568  5009151.187  3221296.590 -2.934  4.439 -3.108 1.91 18 5.239 -0.637 4.951 9.162 0.628 3.769 -1.675
2025   1  82290 GPS  -2267745.759  5009150.935  3221296.886 -2.655  4.771 -3.088 1.91 18 5.088 -0.624 4.819 8.906 0.628 3.769 -1.675
2025   1  82320 GPS  -2267746.001  5009151.681  3221297.242 -2.743  4.682 -2.236 1.91 18 5.391 -0.687 5.071 9.438 0.628 3.769 -1.675
2025   1  82350 GPS  -2267745.664  5009151.660  3221296.981 -3.042  4.537 -2.505 1.91 18 5.362 -0.627 4.984 9.285 0.628 3.769 -1.675
2025   1  82380 GPS  -2267745.973  5009152.020  3221297.475 -2.908  4.732 -1.862 1.91 18 5.286 -0.644 4.948 9.088 0.628 3.769 -1.675
2025   1  82410 GPS  -2267745.916  5009151.735  3221297.310 -2.842  4.733 -2.188 1.91 18 5.351 -0.644 4.978 9.343 0.628 3.769 -1.675
2025   1  82440 GPS  -2267745.608  5009151.272  3221296.980 -2.933  4.728 -2.829 1.91 18 5.337 -0.682 5.002 9.550 0.628 3.769 -1.675
2025   1  82470 GPS  -2267746.189  5009151.970  3221297.346 -2.691  4.598 -1.890 1.91 18 5.410 -0.713 5.095 9.679 0.628 3.769 -1.675
2025   1  82500 GPS  -2267746.146  5009152.089  3221297.621 -2.779  4.789 -1.672 1.91 18 5.328 -0.702 5.042 9.485 0.628 3.769 -1.675
2025   1  82530 GPS  -2267745.839  5009151.735  3221297.318 -2.913  4.756 -2.213 1.91 18 5.290 -0.668 4.989 9.553 0.628 3.769 -1.675
2025   1  82560 GPS  -2267745.960  5009151.395  3221297.105 -2.662  4.705 -2.544 1.92 18 5.224 -0.669 4.950 9.579 0.628 3.769 -1.675
2025   1  82590 GPS  -2267746.125  5009151.323  3221297.426 -2.482  4.980 -2.380 1.92 18 5.242 -0.707 5.056 10.104 0.628 3.769 -1.675
2025   1  82620 GPS  -2267745.956  5009151.570  3221297.556 -2.738  5.013 -2.179 1.92 18 5.126 -0.688 4.968 10.370 0.628 3.769 -1.675
2025   1  82650 GPS  -2267745.526  5009148.150  3221294.961 -1.720  4.451 -6.334 2.01 18 4.541 0.066 4.963 11.323 0.628 3.769 -1.675
2025   1  82680 GPS  -2267745.341  5009148.012  3221294.797 -1.831  4.412 -6.591 2.01 18 4.705 0.064 5.159 11.843 0.628 3.769 -1.675
2025   1  82710 GPS  -2267745.760  5009148.373  3221295.232 -1.598  4.532 -5.939 2.01 18 4.593 0.058 5.187 12.260 0.628 3.769 -1.675
2025   1  82740 GPS  -2267745.572  5009148.064  3221295.140 -1.642  4.635 -6.294 2.01 18 4.579 0.074 5.169 12.253 0.628 3.769 -1.675
2025   1  82770 GPS  -2267745.319  5009148.103  3221295.209 -1.888  4.729 -6.318 2.01 18 4.707 0.076 5.192 11.650 0.628 3.769 -1.675
2025   1  82800 GPS  -2267745.544  5009148.587  3221295.223 -1.883  4.471 -5.852 2.01 17 4.674 0.079 5.119 11.111 0.485 3.769 -1.675
2025   1  82830 GPS  -2267745.717  5009148.430  3221295.327 -1.661  4.597 -5.860 2.02 17 4.522 0.062 4.984 10.776 0.485 3.769 -1.675
2025   1  82860 GPS  -2267745.661  5009148.261  3221295.076 -1.642  4.470 -6.140 2.02 17 4.587 0.072 5.115 11.479 0.485 3.769 -1.675
2025   1  82890 GPS  -2267745.687  5009148.335  3221295.198 -1.649  4.536 -6.012 2.02 17 4.674 0.014 5.301 11.349 0.485 3.769 -1.675
2025   1  82920 GPS  -2267745.854  5009148.553  3221295.511 -1.587  4.670 -5.622 2.02 17 4.652 0.035 5.269 11.676 0.485 3.769 -1.675
2025   1  82950 GPS  -2267745.799  5009148.572  3221295.819 -1.644  4.937 -5.470 2.02 17 4.832 -0.017 5.572 12.104 0.485 3.769 -1.675
2025   1  82980 GPS  -2267745.978  5009148.873  3221295.819 -1.606  4.761 -5.170 2.03 17 4.847 -0.018 5.530 11.834 0.485 3.769 -1.675
2025   1  83010 GPS  -2267745.970  5009148.838  3221295.195 -1.599  4.241 -5.518 2.03 17 4.698 -0.010 5.404 11.824 0.485 3.769 -1.675
2025   1  83040 GPS  -2267746.176  5009148.846  3221295.872 -1.414  4.777 -5.094 2.03 17 4.765 -0.073 5.542 12.205 0.485 3.769 -1.675
2025   1  83070 GPS  -2267745.741  5009148.189  3221295.054 -1.540  4.468 -6.180 1.80 16 4.701 0.047 5.397 11.644 0.515 3.769 -1.675
2025   1  83100 GPS  -2267745.543  5009147.456  3221294.954 -1.418  4.763 -6.876 1.80 16 4.633 0.039 5.381 11.570 0.515 3.769 -1.675
2025   1  83130 GPS  -2267745.666  5009146.591  3221295.114 -0.949  5.275 -7.430 1.86 16 4.637 0.164 5.592 12.271 0.515 3.769 -1.675
2025   1  83160 GPS  -2267745.839  5009147.126  3221295.446 -1.012  5.277 -6.780 1.87 16 4.652 0.188 5.599 12.583 0.515 3.769 -1.675
2025   1  83190 GPS  -2267746.135  5009147.381  3221295.890 -0.848  5.480 -6.249 1.87 16 4.460 0.188 5.435 12.384 0.515 3.769 -1.675
2025   1  83220 GPS  -2267746.381  5009147.725  3221295.947 -0.766  5.318 -5.863 1.87 16 4.501 0.166 5.412 12.198 0.515 3.769 -1.675
2025   1  83250 GPS  -2267746.423  5009147.582  3221295.862 -0.668  5.302 -6.003 1.88 16 4.590 0.144 5.567 12.682 0.515 3.769 -1.675
2025   1  83280 GPS  -2267746.494  5009148.310  3221296.210 -0.904  5.250 -5.230 1.88 16 4.612 0.058 5.721 13.082 0.515 3.769 -1.675
2025   1  83310 GPS  -2267746.411  5009148.055  3221295.909 -0.874  5.127 -5.613 1.88 16 4.597 0.031 5.714 13.333 0.515 3.769 -1.675
2025   1  83340 GPS  -2267747.034  5009149.283  3221296.824 -0.813  5.216 -3.963 1.91 16 4.585 0.819 4.642 11.507 0.515 3.769 -1.675
2025   1  83370 GPS  -2267747.401  5009149.337  3221297.306 -0.501  5.528 -3.545 1.92 16 4.675 0.765 4.664 11.253 0.515 3.769 -1.675
2025   1  83400 GPS  -2267747.222  5009149.565  3221297.209 -0.758  5.377 -3.479 1.92 16 4.839 0.799 4.821 11.622 0.515 3.769 -1.675
2025   1  83430 GPS  -2267746.903  5009149.292  3221297.015 -0.936  5.403 -3.905 1.92 16 4.742 0.822 4.814 12.089 0.515 3.769 -1.675
2025   1  83460 GPS  -2267747.664  5009150.225  3221297.875 -0.628  5.552 -2.466 1.93 16 4.630 0.784 4.759 12.339 0.515 3.769 -1.675
2025   1  83490 GPS  -2267747.746  5009150.676  3221298.181 -0.739  5.590 -1.928 1.93 16 4.820 0.769 4.922 12.646 0.515 3.769 -1.675
2025   1  83520 GPS  -2267747.653  5009150.650  3221298.132 -0.812  5.580 -2.005 1.93 17 4.756 0.766 4.863 12.548 0.485 3.769 -1.675
2025   1  83550 GPS  -2267747.468  5009150.438  3221298.150 -0.894  5.732 -2.228 1.94 16 4.780 0.734 4.842 12.310 0.515 3.769 -1.675
2025   1  83580 GPS  -2267747.534  5009150.461  3221298.238 -0.844  5.783 -2.142 1.83 16 4.673 0.750 4.784 12.350 0.515 3.769 -1.675
2025   1  83610 GPS  -2267747.532  5009150.346  3221298.454 -0.798  6.023 -2.124 1.83 16 4.600 0.798 4.729 12.083 0.515 3.769 -1.675
2025   1  83640 GPS  -2267747.731  5009150.499  3221298.382 -0.679  5.848 -1.970 1.84 16 4.585 0.753 4.664 11.786 0.515 3.769 -1.675
2025   1  83670 GPS  -2267747.457  5009150.058  3221298.251 -0.747  5.997 -2.480 1.84 16 4.623 0.725 4.645 11.492 0.515 3.769 -1.675
2025   1  83700 GPS  -2267747.376  5009149.725  3221298.334 -0.683  6.240 -2.727 1.84 16 4.550 0.755 4.641 11.755 0.515 3.769 -1.675
2025   1  83730 GPS  -2267747.405  5009149.137  3221298.326 -0.415  6.499 -3.182 1.84 16 4.537 0.817 4.753 12.542 0.515 3.769 -1.675
2025   1  83760 GPS  -2267747.662  5009150.065  3221298.787 -0.563  6.413 -2.129 1.85 16 4.585 0.831 4.772 12.348 0.515 3.769 -1.675
2025   1  83790 GPS  -2267747.543  5009150.189  3221298.531 -0.723  6.159 -2.204 1.85 16 4.646 0.829 4.769 11.945 0.515 3.769 -1.675
2025   1  83820 GPS  -2267746.830  5009147.608  3221298.017 -0.308  7.061 -4.744 2.05 16 4.589 1.290 5.221 13.839 0.515 3.769 -1.675
2025   1  83850 GPS  -2267747.177  5009147.876  3221298.522 -0.103  7.299 -4.153 2.06 16 4.559 1.270 5.153 13.530 0.515 3.769 -1.675
2025   1  83880 GPS  -2267746.748  5009147.150  3221298.026 -0.193  7.298 -5.127 2.06 16 4.568 1.257 5.155 13.567 0.515 3.769 -1.675
2025   1  83910 GPS  -2267746.894  5009147.636  3221298.455 -0.261  7.411 -4.476 2.07 16 4.574 1.233 5.085 13.014 0.515 3.769 -1.675
2025   1  83940 GPS  -2267746.574  5009146.938  3221298.229 -0.265  7.607 -5.253 2.07 16 4.549 1.267 5.138 13.389 0.515 3.769 -1.675
2025   1  83970 GPS  -2267746.582  5009147.510  3221298.466 -0.493  7.545 -4.681 2.08 16 4.541 1.309 5.185 13.547 0.515 3.769 -1.675
2025   1  84000 GPS  -2267746.836  5009147.575  3221298.492 -0.289  7.484 -4.526 2.08 16 4.512 1.337 5.243 14.062 0.515 3.769 -1.675
2025   1  84030 GPS  -2267746.836  5009147.730  3221298.299 -0.353  7.246 -4.502 2.01 17 4.428 1.316 5.236 14.601 0.485 3.769 -1.675
2025   1  84060 GPS  -2267746.869  5009147.527  3221298.253 -0.239  7.294 -4.673 2.02 17 4.357 1.305 5.165 14.530 0.485 3.769 -1.675
2025   1  84090 GPS  -2267746.869  5009147.585  3221298.110 -0.263  7.143 -4.701 2.02 17 4.444 1.247 5.262 14.781 0.485 3.769 -1.675
2025   1  84120 GPS  -2267746.970  5009147.769  3221299.005 -0.247  7.808 -4.066 2.03 17 4.413 1.115 5.252 14.152 0.485 3.769 -1.675
2025   1  84150 GPS  -2267747.168  5009148.406  3221299.091 -0.329  7.546 -3.451 2.03 17 4.388 1.252 5.153 13.771 0.485 3.769 -1.675
2025   1  84180 GPS  -2267747.240  5009147.981  3221299.079 -0.088  7.717 -3.765 2.04 17 4.343 1.197 5.224 14.194 0.485 3.769 -1.675
2025   1  84210 GPS  -2267747.560  5009148.360  3221299.152  0.047  7.538 -3.318 2.04 17 4.301 1.323 5.160 14.455 0.485 3.769 -1.675
2025   1  84240 GPS  -2267747.561  5009148.411  3221299.082  0.027  7.453 -3.313 2.04 17 4.347 1.261 5.052 13.624 0.485 3.769 -1.675
2025   1  84270 GPS  -2267747.610  5009148.398  3221299.302  0.077  7.639 -3.194 2.05 17 4.323 1.128 4.976 13.266 0.485 3.769 -1.675
2025   1  84300 GPS  -2267747.742  5009148.053  3221298.947  0.340  7.464 -3.598 2.15 16 4.648 1.356 5.378 14.400 0.515 3.769 -1.675
2025   1  84330 GPS  -2267747.920  5009148.615  3221299.399  0.270  7.557 -2.864 2.15 16 4.667 1.394 5.430 14.543 0.515 3.769 -1.675
2025   1  84360 GPS  -2267748.132  5009148.844  3221299.656  0.368  7.628 -2.478 2.16 16 4.770 1.429 5.555 14.915 0.515 3.769 -1.675
2025   1  84390 GPS  -2267748.405  5009148.859  3221299.585  0.611  7.502 -2.406 2.17 16 4.822 1.410 5.501 14.231 0.515 3.769 -1.675
2025   1  84420 GPS  -2267747.822  5009148.462  3221299.372  0.244  7.625 -3.033 2.17 16 4.717 1.412 5.409 13.848 0.515 3.769 -1.675
2025   1  84450 GPS  -2267747.724  5009148.212  3221299.586  0.257  7.946 -3.155 2.18 16 4.653 1.451 5.430 14.072 0.515 3.769 -1.675
2025   1  84480 GPS  -2267748.158  5009149.112  3221299.432  0.282  7.305 -2.373 2.19 16 4.640 1.439 5.418 14.147 0.515 3.769 -1.675
2025   1  84510 GPS  -2267747.796  5009148.838  3221299.294  0.065  7.389 -2.787 2.19 16 4.720 1.358 5.409 14.340 0.515 3.769 -1.675
2025   1  84540 GPS  -2267747.899  5009148.537  3221299.525  0.282  7.706 -2.868 2.20 16 4.897 1.426 5.625 14.788 0.515 3.769 -1.675
2025   1  84570 GPS  -2267747.921  5009148.695  3221299.263  0.238  7.403 -2.871 2.21 16 4.900 1.408 5.542 14.206 0.515 3.769 -1.675
2025   1  84600 GPS  -2267747.809  5009148.800  3221299.238  0.092  7.356 -2.841 2.21 16 4.711 1.358 5.313 13.327 0.515 3.769 -1.675
2025   1  84630 GPS  -2267747.851  5009149.213  3221299.266 -0.039  7.180 -2.487 2.22 16 4.821 1.350 5.446 14.078 0.515 3.769 -1.675
2025   1  84660 GPS  -2267747.725  5009148.944  3221298.481 -0.043  6.654 -3.141 2.23 16 4.737 1.389 5.440 14.109 0.515 3.769 -1.675
2025   1  84690 GPS  -2267747.927  5009148.625  3221298.539  0.272  6.810 -3.290 2.23 16 4.803 1.446 5.567 14.594 0.515 3.769 -1.675
2025   1  84720 GPS  -2267747.471  5009148.108  3221298.362  0.070  6.992 -3.949 2.24 16 4.789 1.394 5.580 15.275 0.515 3.769 -1.675
2025   1  84750 GPS  -2267747.602  5009148.143  3221298.458  0.174  7.032 -3.826 2.25 16 4.754 1.407 5.473 14.307 0.515 3.769 -1.675
2025   1  84780 GPS  -2267747.609  5009147.978  3221298.349  0.249  7.012 -4.008 2.26 16 4.713 1.407 5.515 14.757 0.515 3.769 -1.675
2025   1  84810 GPS  -2267747.798  5009147.376  3221298.394  0.669  7.290 -4.391 2.26 16 4.605 1.444 5.437 14.435 0.515 3.769 -1.675
2025   1  84840 GPS  -2267747.797  5009147.682  3221298.655  0.542  7.373 -4.018 2.27 16 4.582 1.388 5.379 14.508 0.515 3.769 -1.675
2025   1  84870 GPS  -2267747.835  5009147.875  3221298.723  0.498  7.335 -3.818 2.28 15 4.660 1.418 5.455 14.577 0.382 3.769 -1.675
2025   1  84900 GPS  -2267747.807  5009148.066  3221298.629  0.393  7.171 -3.726 2.15 16 4.510 1.261 5.428 14.786 0.358 3.769 -1.675
2025   1  84930 GPS  -2267747.822  5009148.121  3221298.802  0.384  7.292 -3.590 2.15 16 4.504 1.369 5.522 14.994 0.358 3.769 -1.675
2025   1  84960 GPS  -2267747.330  5009147.595  3221298.179  0.153  7.101 -4.493 2.16 16 4.644 1.340 5.670 15.590 0.358 3.769 -1.675
2025   1  84990 GPS  -2267747.778  5009148.917  3221298.739  0.015  6.878 -3.013 2.16 16 4.510 1.225 5.395 14.802 0.358 3.769 -1.675
2025   1  85020 GPS  -2267747.783  5009148.640  3221298.501  0.135  6.800 -3.349 2.17 16 4.466 1.303 5.429 15.017 0.358 3.769 -1.675
2025   1  85050 GPS  -2267747.460  5009148.435  3221298.337 -0.075  6.822 -3.709 2.17 16 4.538 1.232 5.534 15.234 0.358 3.769 -1.675
2025   1  85080 GPS  -2267747.564  5009148.806  3221298.417 -0.133  6.697 -3.340 2.18 16 4.471 1.239 5.499 15.635 0.358 3.769 -1.675
2025   1  85110 GPS  -2267747.316  5009149.046  3221298.103 -0.458  6.367 -3.399 2.18 16 4.572 1.220 5.500 15.315 0.358 3.769 -1.675
2025   1  85140 GPS  -2267747.264  5009148.720  3221298.149 -0.371  6.569 -3.650 2.19 16 4.525 1.245 5.522 15.294 0.358 3.769 -1.675
2025   1  85170 GPS  -2267747.597  5009149.276  3221298.600 -0.297  6.631 -2.866 2.19 16 4.525 1.248 5.480 15.082 0.358 3.769 -1.675
2025   1  85200 GPS  -2267747.563  5009149.430  3221298.460 -0.391  6.446 -2.828 2.20 16 4.547 1.265 5.648 15.716 0.358 3.769 -1.675
2025   1  85230 GPS  -2267747.587  5009149.116  3221298.248 -0.240  6.403 -3.174 2.20 16 4.541 1.230 5.597 15.433 0.358 3.769 -1.675
2025   1  85260 GPS  -2267747.825  5009149.895  3221298.449 -0.344  6.166 -2.376 2.20 17 4.415 1.219 5.342 14.440 0.575 4.048 -1.675
2025   1  85290 GPS  -2267748.171  5009149.943  3221298.626 -0.049  6.223 -2.125 2.21 17 4.509 1.192 5.459 15.006 0.575 4.048 -1.675
2025   1  85320 GPS  -2267748.082  5009149.472  3221298.430  0.064  6.291 -2.627 2.21 17 4.488 1.186 5.514 15.548 0.575 4.048 -1.675
2025   1  85350 GPS  -2267747.926  5009149.068  3221298.492  0.088  6.565 -2.968 2.22 17 4.585 1.313 5.626 15.873 0.575 4.048 -1.675
2025   1  85380 GPS  -2267747.611  5009148.875  3221297.973 -0.119  6.273 -3.494 2.22 17 4.473 1.350 5.626 15.796 0.575 4.048 -1.675
2025   1  85410 GPS  -2267747.845  5009148.326  3221298.316  0.321  6.774 -3.667 2.23 17 4.410 1.389 5.649 15.779 0.575 4.048 -1.675
2025   1  85440 GPS  -2267747.780  5009148.506  3221298.416  0.187  6.790 -3.498 2.23 16 4.404 1.325 5.568 15.732 0.358 3.769 -1.675
2025   1  85470 GPS  -2267747.403  5009147.906  3221297.720  0.091  6.547 -4.457 2.29 16 4.682 1.327 5.925 16.760 0.358 3.769 -1.675
2025   1  85500 GPS  -2267747.534  5009147.627  3221297.937  0.325  6.836 -4.520 2.29 16 4.747 1.276 5.874 16.097 0.358 3.769 -1.675
2025   1  85530 GPS  -2267747.835  5009148.366  3221298.157  0.295  6.620 -3.721 2.30 16 4.792 1.320 5.967 16.271 0.358 3.769 -1.675
2025   1  85560 GPS  -2267747.640  5009147.720  3221297.630  0.384  6.506 -4.565 2.30 16 4.787 1.325 5.998 16.956 0.358 3.769 -1.675
2025   1  85590 GPS  -2267748.164  5009147.864  3221298.412  0.801  7.003 -3.868 2.22 17 4.517 1.371 5.909 17.043 0.575 4.048 -1.675
2025   1  85620 GPS  -2267747.711  5009147.524  3221297.546  0.529  6.509 -4.736 2.23 17 4.603 1.176 6.002 17.897 0.575 4.048 -1.675
2025   1  85650 GPS  -2267747.756  5009147.310  3221297.361  0.659  6.439 -4.982 2.23 17 4.643 1.284 6.233 18.558 0.575 4.048 -1.675
2025   1  85680 GPS  -2267747.502  5009147.098  3221297.464  0.514  6.680 -5.187 2.23 17 4.496 1.228 5.955 17.539 0.575 4.048 -1.675
2025   1  85710 GPS  -2267747.487  5009147.480  3221297.469  0.344  6.510 -4.889 2.23 17 4.654 1.230 5.874 17.224 0.575 4.048 -1.675
2025   1  85740 GPS  -2267747.912  5009147.721  3221297.526  0.631  6.359 -4.520 2.23 17 4.683 1.185 5.988 17.582 0.575 4.048 -1.675
2025   1  85770 GPS  -2267748.078  5009147.842  3221297.440  0.732  6.194 -4.410 2.23 17 4.685 1.192 6.046 17.670 0.575 4.048 -1.675
2025   1  85800 GPS  -2267748.008  5009147.716  3221297.296  0.721  6.144 -4.607 2.23 17 4.616 1.167 5.965 17.396 0.575 4.048 -1.675
2025   1  85830 GPS  -2267747.832  5009147.396  3221296.963  0.692  6.041 -5.090 2.23 17 4.718 1.268 6.271 18.436 0.575 4.048 -1.675
2025   1  85860 GPS  -2267747.944  5009148.023  3221297.369  0.536  6.077 -4.351 2.23 17 4.778 1.282 5.994 17.132 0.575 4.048 -1.675
2025   1  85890 GPS  -2267747.554  5009148.227  3221297.247  0.096  5.960 -4.392 2.24 17 4.603 1.115 5.687 16.019 0.575 4.048 -1.675
2025   1  85920 GPS  -2267747.833  5009148.296  3221297.344  0.322  5.952 -4.190 2.24 17 4.608 1.085 5.613 15.324 0.575 4.048 -1.675
2025   1  85950 GPS  -2267747.712  5009147.726  3221297.162  0.447  6.085 -4.772 2.24 17 4.731 1.192 5.834 16.402 0.575 4.048 -1.675
2025   1  85980 GPS  -2267748.042  5009148.072  3221297.337  0.605  6.007 -4.295 2.24 17 4.892 1.215 6.039 17.410 0.575 4.048 -1.675
2025   1  86010 GPS  -2267747.930  5009147.835  3221296.813  0.600  5.688 -4.786 2.24 17 4.860 1.204 6.125 18.039 0.575 4.048 -1.675
2025   1  86040 GPS  -2267748.232  5009147.861  3221296.913  0.865  5.699 -4.608 2.24 17 4.796 1.267 6.058 17.685 0.575 4.048 -1.675
2025   1  86070 GPS  -2267748.619  5009148.685  3221297.456  0.878  5.704 -3.548 2.24 17 4.649 1.185 5.801 16.720 0.575 4.048 -1.675
2025   1  86100 GPS  -2267748.086  5009147.938  3221296.883  0.700  5.668 -4.615 2.24 17 4.773 1.335 6.039 17.466 0.575 4.048 -1.675
2025   1  86130 GPS  -2267747.517  5009145.700  3221295.167  1.105  5.345 -7.445 2.30 17 4.894 0.539 4.532 10.234 0.575 4.048 -1.675
2025   1  86160 GPS  -2267747.387  5009145.669  3221294.789  1.000  5.061 -7.707 2.30 17 4.902 0.616 4.593 10.124 0.575 4.048 -1.675
2025   1  86190 GPS  -2267747.460  5009146.211  3221295.335  0.842  5.265 -6.978 2.30 17 4.833 0.523 4.547 9.905 0.575 4.048 -1.675
2025   1  86220 GPS  -2267747.365  5009145.457  3221295.151  1.067  5.476 -7.697 2.30 17 4.874 0.557 4.557 10.147 0.575 4.048 -1.675
2025   1  86250 GPS  -2267748.061  5009146.282  3221295.451  1.361  5.206 -6.651 2.29 17 4.819 0.501 4.513 10.055 0.575 4.048 -1.675
2025   1  86280 GPS  -2267748.254  5009147.010  3221296.141  1.236  5.424 -5.660 2.29 17 4.876 0.560 4.620 10.392 0.575 4.048 -1.675
2025   1  86310 GPS  -2267747.901  5009147.323  3221296.262  0.785  5.457 -5.478 2.29 17 4.765 0.549 4.616 9.997 0.575 4.048 -1.675
2025   1  86340 GPS  -2267748.155  5009146.579  3221296.011  1.324  5.532 -6.100 2.29 17 4.737 0.574 4.647 10.082 0.575 4.048 -1.675
2025   1  86370 GPS  -2267747.615  5009146.192  3221295.711  0.991  5.566 -6.747 2.29 17 4.891 0.471 4.589 10.375 0.575 4.048 -1.675
