2025   1      0 GPS  -2267749.662  5009152.623  3221292.819
2025   1     30 GPS  -2267749.751  5009154.712  3221294.010
2025   1     60 GPS  -2267749.070  5009150.311  3221292.342
2025   1     90 GPS  -2267750.870  5009153.102  3221293.300
2025   1    120 GPS  -2267748.963  5009151.777  3221294.044
2025   1    150 GPS  -2267748.333  5009152.669  3221295.796
2025   1    180 GPS  -2267749.899  5009152.415  3221295.811
2025   1    210 GPS  -2267748.203  5009151.020  3221292.649
2025   1    240 GPS  -2267747.764  5009149.945  3221292.834
2025   1    270 GPS  -2267747.647  5009150.848  3221294.175
2025   1    300 GPS  -2267746.770  5009150.703  3221292.972
2025   1    330 GPS  -2267748.845  5009154.512  3221294.500
2025   1    360 GPS  -2267749.365  5009155.362  3221293.581
2025   1    390 GPS  -2267749.342  5009154.733  3221293.812
2025   1    420 GPS  -2267748.930  5009153.460  3221294.193
2025   1    450 GPS  -2267748.839  5009155.144  3221292.770
2025   1    480 GPS  -2267750.089  5009156.151  3221294.023
2025   1    510 GPS  -2267749.970  5009156.907  3221294.950
2025   1    540 GPS  -2267749.557  5009152.458  3221292.857
2025   1    570 GPS  -2267750.045  5009153.771  3221293.818
2025   1    600 GPS  -2267750.293  5009153.734  3221293.841
2025   1    630 GPS  -2267749.647  5009154.211  3221294.644
2025   1    660 GPS  -2267747.878  5009151.264  3221293.462
2025   1    690 GPS  -2267748.738  5009150.289  3221294.508
2025   1    720 GPS  -2267749.559  5009153.243  3221294.535
2025   1    750 GPS  -2267750.625  5009157.728  3221296.293
2025   1    780 GPS  -2267751.474  5009156.845  3221296.248
2025   1    810 GPS  -2267747.622  5009151.706  3221293.108
2025   1    840 GPS  -2267748.502  5009152.506  3221294.073
2025   1    870 GPS  -2267748.347  5009152.026  3221292.128
2025   1    900 GPS  -2267749.723  5009155.549  3221293.325
2025   1    930 GPS  -2267750.849  5009154.324  3221294.635
2025   1    960 GPS  -2267748.504  5009151.130  3221292.791
2025   1    990 GPS  -2267750.080  5009152.315  3221293.367
2025   1   1020 GPS  -2267750.296  5009154.848  3221293.068
2025   1   1050 GPS  -2267748.170  5009153.311  3221293.943
2025   1   1080 GPS  -2267749.846  5009156.328  3221295.329
2025   1   1110 GPS  -2267749.004  5009153.607  3221293.464
2025   1   1140 GPS  -2267749.227  5009156.244  3221294.086
2025   1   1170 GPS  -2267748.108  5009151.921  3221291.326
2025   1   1200 GPS  -2267749.563  5009152.083  3221292.907
2025   1   1230 GPS  -2267750.715  5009153.961  3221294.186
2025   1   1260 GPS  -2267748.341  5009151.210  3221293.127
2025   1   1290 GPS  -2267748.783  5009149.980  3221292.869
2025   1   1320 GPS  -2267747.726  5009147.359  3221291.933
2025   1   1350 GPS  -2267748.170  5009150.144  3221292.790
2025   1   1380 GPS  -2267748.601  5009148.051  3221293.310
2025   1   1410 GPS  -2267749.804  5009151.348  3221295.085
2025   1   1440 GPS  -2267750.975  5009153.494  3221294.009
2025   1   1470 GPS  -2267750.097  5009153.398  3221293.146
2025   1   1500 GPS  -2267751.319  5009153.830  3221293.661
2025   1   1530 GPS  -2267751.046  5009155.903  3221294.654
2025   1   1560 GPS  -2267750.265  5009155.533  3221294.412
2025   1   1590 GPS  -2267751.495  5009157.836  3221295.014
2025   1   1620 GPS  -2267752.126  5009159.856  3221297.287
2025   1   1650 GPS  -2267749.529  5009155.668  3221293.922
2025   1   1680 GPS  -2267749.684  5009155.682  3221294.117
2025   1   1710 GPS  -2267749.468  5009153.660  3221293.083
2025   1   1740 GPS  -2267749.586  5009151.640  3221292.157
2025   1   1770 GPS  -2267750.892  5009154.404  3221294.306
2025   1   1800 GPS  -2267749.882  5009152.819  3221293.553
2025   1   1830 GPS  -2267749.757  5009152.568  3221294.703
2025   1   1860 GPS  -2267749.295  5009152.430  3221293.357
2025   1   1890 GPS  -2267749.745  5009153.738  3221293.769
2025   1   1920 GPS  -2267750.317  5009153.546  3221294.205
2025   1   1950 GPS  -2267749.960  5009153.634  3221292.755
2025   1   1980 GPS  -2267750.589  5009155.576  3221293.651
2025   1   2010 GPS  -2267749.842  5009154.198  3221294.255
2025   1   2040 GPS  -2267749.953  5009154.010  3221293.115
2025   1   2070 GPS  -2267750.438  5009155.530  3221293.850
2025   1   2100 GPS  -2267749.390  5009152.039  3221293.263
2025   1   2130 GPS  -2267749.820  5009152.385  3221292.153
2025   1   2160 GPS  -2267748.337  5009149.651  3221291.964
2025   1   2190 GPS  -2267747.645  5009148.948  3221291.923
2025   1   2220 GPS  -2267749.085  5009151.349  3221294.041
2025   1   2250 GPS  -2267749.378  5009153.571  3221294.403
2025   1   2280 GPS  -2267750.899  5009155.033  3221295.104
2025   1   2310 GPS  -2267748.574  5009152.784  3221292.921
2025   1   2340 GPS  -2267750.197  5009155.959  3221294.317
2025   1   2370 GPS  -2267751.660  5009157.389  3221295.139
2025   1   2400 GPS  -2267751.768  5009156.826  3221295.023
2025   1   2430 GPS  -2267751.578  5009155.957  3221296.682
2025   1   2460 GPS  -2267750.784  5009153.597  3221294.796
2025   1   2490 GPS  -2267750.149  5009154.382  3221294.126
2025   1   2520 GPS  -2267750.449  5009154.307  3221294.631
2025   1   2550 GPS  -2267750.827  5009152.988  3221294.936
2025   1   2580 GPS  -2267749.752  5009152.644  3221293.361
2025   1   2610 GPS  -2267749.635  5009152.275  3221293.488
2025   1   2640 GPS  -2267750.080  5009153.959  3221294.551
2025   1   2670 GPS  -2267751.284  5009154.051  3221294.589
2025   1   2700 GPS  -2267750.386  5009152.251  3221294.047
2025   1   2730 GPS  -2267750.431  5009153.234  3221294.916
2025   1   2760 GPS  -2267751.095  5009153.770  3221294.909
2025   1   2790 GPS  -2267751.144  5009155.771  3221295.523
2025   1   2820 GPS  -2267749.733  5009153.604  3221294.277
2025   1   2850 GPS  -2267750.014  5009151.857  3221293.085
2025   1   2880 GPS  -2267748.549  5009149.206  3221292.614
2025   1   2910 GPS  -2267748.366  5009150.731  3221291.958
2025   1   2940 GPS  -2267749.262  5009151.471  3221291.876
2025   1   2970 GPS  -2267750.311  5009156.120  3221292.671
2025   1   3000 GPS  -2267749.802  5009155.148  3221292.961
2025   1   3030 GPS  -2267749.117  5009154.217  3221292.965
2025   1   3060 GPS  -2267750.151  5009154.852  3221292.836
2025   1   3090 GPS  -2267749.412  5009153.068  3221291.463
2025   1   3120 GPS  -2267748.919  5009152.443  3221292.734
2025   1   3150 GPS  -2267748.967  5009150.795  3221292.459
2025   1   3180 GPS  -2267749.849  5009152.293  3221293.170
2025   1   3210 GPS  -2267750.784  5009153.241  3221293.598
2025   1   3240 GPS  -2267749.623  5009151.677  3221293.369
2025   1   3270 GPS  -2267751.071  5009154.445  3221294.451
2025   1   3300 GPS  -2267751.182  5009154.128  3221293.924
2025   1   3330 GPS  -2267750.376  5009154.571  3221294.735
2025   1   3360 GPS  -2267749.707  5009153.605  3221293.989
2025   1   3390 GPS  -2267751.110  5009155.446  3221295.272
2025   1   3420 GPS  -2267750.078  5009153.032  3221293.408
2025   1   3450 GPS  -2267748.620  5009152.534  3221294.014
2025   1   3480 GPS  -2267749.009  5009151.962  3221293.583
2025   1   3510 GPS  -2267750.208  5009153.911  3221292.938
2025   1   3540 GPS  -2267749.955  5009156.422  3221294.618
2025   1   3570 GPS  -2267749.534  5009152.444  3221292.014
2025   1   3600 GPS  -2267749.834  5009153.404  3221293.259
2025   1   3630 GPS  -2267749.727  5009152.452  3221292.010
2025   1   3660 GPS  -2267750.398  5009153.202  3221293.376
2025   1   3690 GPS  -2267749.758  5009153.042  3221294.530
2025   1   3720 GPS  -2267749.786  5009154.869  3221295.724
2025   1   3750 GPS  -2267749.229  5009152.077  3221294.372
2025   1   3780 GPS  -2267749.205  5009151.039  3221293.048
2025   1   3810 GPS  -2267749.544  5009152.146  3221294.002
2025   1   3840 GPS  -2267750.512  5009153.060  3221293.736
2025   1   3870 GPS  -2267749.718  5009151.378  3221293.494
2025   1   3900 GPS  -2267749.450  5009151.607  3221293.026
2025   1   3930 GPS  -2267751.548  5009155.308  3221294.475
2025   1   3960 GPS  -2267750.630  5009154.181  3221293.715
2025   1   3990 GPS  -2267749.443  5009150.555  3221292.307
2025   1   4020 GPS  -2267751.973  5009155.725  3221295.157
2025   1   4050 GPS  -2267751.546  5009156.590  3221295.390
2025   1   4080 GPS  -2267751.279  5009154.189  3221293.928
2025   1   4110 GPS  -2267751.367  5009153.787  3221293.103
2025   1   4140 GPS  -2267751.760  5009153.994  3221292.460
2025   1   4170 GPS  -2267750.520  5009154.321  3221293.152
2025   1   4200 GPS  -2267749.917  5009154.100  3221293.561
2025   1   4230 GPS  -2267750.754  5009154.375  3221294.448
2025   1   4260 GPS  -2267749.317  5009153.526  3221293.915
2025   1   4290 GPS  -2267749.511  5009152.163  3221292.668
2025   1   4320 GPS  -2267747.516  5009147.229  3221290.692
2025   1   4350 GPS  -2267749.047  5009152.022  3221293.004
2025   1   4380 GPS  -2267751.772  5009155.972  3221294.795
2025   1   4410 GPS  -2267749.151  5009152.773  3221293.146
2025   1   4440 GPS  -2267750.007  5009153.735  3221293.906
2025   1   4470 GPS  -2267749.894  5009152.518  3221292.868
2025   1   4500 GPS  -2267750.342  5009154.117  3221293.778
2025   1   4530 GPS  -2267752.695  5009161.156  3221297.892
2025   1   4560 GPS  -2267749.427  5009153.809  3221293.564
2025   1   4590 GPS  -2267749.616  5009151.102  3221292.839
2025   1   4620 GPS  -2267750.542  5009152.741  3221294.175
2025   1   4650 GPS  -2267749.613  5009152.642  3221292.394
2025   1   4680 GPS  -2267750.965  5009155.463  3221294.075
2025   1   4710 GPS  -2267750.564  5009155.303  3221294.077
2025   1   4740 GPS  -2267748.352  5009150.161  3221291.873
2025   1   4770 GPS  -2267749.681  5009153.103  3221292.891
2025   1   4800 GPS  -2267749.034  5009151.157  3221291.665
2025   1   4830 GPS  -2267748.348  5009149.569  3221292.115
2025   1   4860 GPS  -2267748.635  5009152.314  3221293.478
2025   1   4890 GPS  -2267750.647  5009157.326  3221294.286
2025   1   4920 GPS  -2267750.083  5009154.370  3221293.519
2025   1   4950 GPS  -2267750.393  5009155.680  3221293.484
2025   1   4980 GPS  -2267748.930  5009152.448  3221292.964
2025   1   5010 GPS  -2267748.775  5009152.875  3221293.663
2025   1   5040 GPS  -2267748.928  5009153.407  3221294.921
2025   1   5070 GPS  -2267750.273  5009155.917  3221295.340
2025   1   5100 GPS  -2267751.356  5009156.028  3221294.607
2025   1   5130 GPS  -2267749.656  5009155.545  3221294.540
2025   1   5160 GPS  -2267749.581  5009153.156  3221294.011
2025   1   5190 GPS  -2267750.357  5009156.926  3221294.881
2025   1   5220 GPS  -2267750.321  5009156.388  3221293.005
2025   1   5250 GPS  -2267748.984  5009152.408  3221291.856
2025   1   5280 GPS  -2267749.481  5009154.101  3221294.210
2025   1   5310 GPS  -2267747.370  5009149.468  3221292.536
2025   1   5340 GPS  -2267748.676  5009149.679  3221292.169
2025   1   5370 GPS  -2267750.058  5009155.456  3221295.308
2025   1   5400 GPS  -2267748.927  5009152.990  3221293.780
2025   1   5430 GPS  -2267750.282  5009154.827  3221294.031
2025   1   5460 GPS  -2267747.305  5009149.576  3221291.737
2025   1   5490 GPS  -2267750.063  5009153.722  3221293.096
2025   1   5520 GPS  -2267749.725  5009154.550  3221293.755
2025   1   5550 GPS  -2267748.575  5009150.270  3221292.748
2025   1   5580 GPS  -2267751.265  5009154.555  3221293.976
2025   1   5610 GPS  -2267749.717  5009152.824  3221292.483
2025   1   5640 GPS  -2267750.267  5009155.544  3221294.291
2025   1   5670 GPS  -2267750.757  5009156.249  3221294.275
2025   1   5700 GPS  -2267748.553  5009152.258  3221292.813
2025   1   5730 GPS  -2267750.311  5009153.959  3221293.411
2025   1   5760 GPS  -2267749.777  5009154.047  3221293.029
2025   1   5790 GPS  -2267748.765  5009152.992  3221293.066
2025   1   5820 GPS  -2267747.939  5009150.777  3221292.395
2025   1   5850 GPS  -2267748.923  5009152.928  3221293.569
2025   1   5880 GPS  -2267750.058  5009157.157  3221296.002
2025   1   5910 GPS  -2267749.898  5009155.163  3221294.852
2025   1   5940 GPS  -2267749.664  5009154.519  3221295.306
2025   1   5970 GPS  -2267749.068  5009153.121  3221293.948
2025   1   6000 GPS  -2267750.527  5009157.127  3221296.106
2025   1   6030 GPS  -2267750.190  5009156.108  3221295.486
2025   1   6060 GPS  -2267749.665  5009153.935  3221294.650
2025   1   6090 GPS  -2267748.478  5009152.203  3221294.300
2025   1   6120 GPS  -2267748.475  5009152.962  3221294.457
2025   1   6150 GPS  -2267748.867  5009152.882  3221293.828
2025   1   6180 GPS  -2267750.259  5009155.211  3221294.913
2025   1   6210 GPS  -2267748.082  5009150.667  3221291.968
2025   1   6240 GPS  -2267748.442  5009152.076  3221293.546
2025   1   6270 GPS  -2267749.609  5009154.533  3221294.007
2025   1   6300 GPS  -2267749.369  5009156.378  3221294.248
2025   1   6330 GPS  -2267749.321  5009154.617  3221294.427
2025   1   6360 GPS  -2267750.789  5009156.849  3221295.204
2025   1   6390 GPS  -2267750.311  5009154.660  3221294.779
2025   1   6420 GPS  -2267749.504  5009153.905  3221294.469
2025   1   6450 GPS  -2267750.285  5009155.813  3221294.790
2025   1   6480 GPS  -2267750.348  5009156.744  3221295.737
2025   1   6510 GPS  -2267751.773  5009156.793  3221295.067
2025   1   6540 GPS  -2267751.946  5009157.789  3221295.904
2025   1   6570 GPS  -2267751.252  5009156.188  3221295.362
2025   1   6600 GPS  -2267751.196  5009155.404  3221295.053
2025   1   6630 GPS  -2267750.447  5009155.648  3221295.135
2025   1   6660 GPS  -2267750.515  5009154.210  3221293.806
2025   1   6690 GPS  -2267751.391  5009156.156  3221294.413
2025   1   6720 GPS  -2267750.484  5009154.766  3221294.280
2025   1   6750 GPS  -2267750.400  5009155.396  3221294.483
2025   1   6780 GPS  -2267750.408  5009155.420  3221295.924
2025   1   6810 GPS  -2267750.141  5009155.531  3221295.680
2025   1   6840 GPS  -2267748.959  5009154.013  3221294.055
2025   1   6870 GPS  -2267749.618  5009152.665  3221293.430
2025   1   6900 GPS  -2267748.892  5009152.166  3221292.639
2025   1   6930 GPS  -2267750.589  5009153.158  3221293.229
2025   1   6960 GPS  -2267750.445  5009154.031  3221293.108
2025   1   6990 GPS  -2267748.319  5009152.320  3221292.491
2025   1   7020 GPS  -2267750.457  5009154.999  3221294.982
2025   1   7050 GPS  -2267750.544  5009154.958  3221294.472
2025   1   7080 GPS  -2267751.365  5009156.096  3221294.452
2025   1   7110 GPS  -2267749.684  5009154.768  3221294.297
2025   1   7140 GPS  -2267749.805  5009155.075  3221293.690
2025   1   7170 GPS  -2267748.578  5009154.961  3221293.924
2025   1   7200 GPS  -2267749.040  5009153.450  3221294.667
2025   1   7230 GPS  -2267749.693  5009153.035  3221293.640
2025   1   7260 GPS  -2267748.527  5009153.290  3221293.460
2025   1   7290 GPS  -2267749.448  5009156.240  3221294.501
2025   1   7320 GPS  -2267749.730  5009154.404  3221294.453
2025   1   7350 GPS  -2267749.121  5009154.409  3221294.790
2025   1   7380 GPS  -2267747.494  5009151.418  3221293.882
2025   1   7410 GPS  -2267749.420  5009153.528  3221293.970
2025   1   7440 GPS  -2267752.036  5009157.129  3221294.340
2025   1   7470 GPS  -2267749.916  5009152.701  3221294.325
2025   1   7500 GPS  -2267750.781  5009154.163  3221293.746
2025   1   7530 GPS  -2267749.497  5009154.006  3221294.084
2025   1   7560 GPS  -2267750.149  5009154.838  3221294.227
2025   1   7590 GPS  -2267748.889  5009154.217  3221293.158
2025   1   7620 GPS  -2267750.990  5009155.514  3221294.610
2025   1   7650 GPS  -2267749.541  5009154.747  3221293.259
2025   1   7680 GPS  -2267749.135  5009154.168  3221294.077
2025   1   7710 GPS  -2267750.277  5009155.073  3221294.933
2025   1   7740 GPS  -2267749.538  5009154.545  3221295.859
2025   1   7770 GPS  -2267749.431  5009154.254  3221294.361
2025   1   7800 GPS  -2267749.859  5009154.599  3221294.411
2025   1   7830 GPS  -2267747.192  5009152.903  3221294.203
2025   1   7860 GPS  -2267748.146  5009152.528  3221293.689
2025   1   7890 GPS  -2267747.533  5009153.279  3221294.174
2025   1   7920 GPS  -2267749.457  5009155.183  3221295.645
2025   1   7950 GPS  -2267749.362  5009154.860  3221294.985
2025   1   7980 GPS  -2267749.810  5009155.054  3221293.715
2025   1   8010 GPS  -2267750.701  5009154.815  3221294.162
2025   1   8040 GPS  -2267750.178  5009156.067  3221292.958
2025   1   8070 GPS  -2267750.081  5009156.371  3221294.073
2025   1   8100 GPS  -2267750.279  5009156.202  3221294.148
2025   1   8130 GPS  -2267749.873  5009154.953  3221294.186
2025   1   8160 GPS  -2267747.966  5009153.713  3221293.046
2025   1   8190 GPS  -2267749.691  5009154.941  3221293.878
2025   1   8220 GPS  -2267750.094  5009155.602  3221294.291
2025   1   8250 GPS  -2267750.122  5009153.591  3221290.173
2025   1   8280 GPS  -2267748.184  5009151.004  3221290.700
2025   1   8310 GPS  -2267748.796  5009150.985  3221293.039
2025   1   8340 GPS  -2267749.397  5009152.650  3221292.679
2025   1   8370 GPS  -2267750.061  5009154.525  3221293.092
2025   1   8400 GPS  -2267749.195  5009153.523  3221292.811
2025   1   8430 GPS  -2267750.811  5009155.139  3221295.429
2025   1   8460 GPS  -2267751.109  5009155.707  3221295.235
2025   1   8490 GPS  -2267749.652  5009155.808  3221295.208
2025   1   8520 GPS  -2267749.047  5009156.490  3221295.768
2025   1   8550 GPS  -2267749.307  5009153.594  3221293.419
2025   1   8580 GPS  -2267748.999  5009155.052  3221295.633
2025   1   8610 GPS  -2267750.494  5009155.777  3221295.387
2025   1   8640 GPS  -2267749.932  5009155.744  3221294.011
2025   1   8670 GPS  -2267748.192  5009153.200  3221293.181
2025   1   8700 GPS  -2267748.086  5009153.543  3221294.106
2025   1   8730 GPS  -2267749.552  5009155.545  3221295.292
2025   1   8760 GPS  -2267749.894  5009155.108  3221296.035
2025   1   8790 GPS  -2267750.822  5009156.790  3221296.148
2025   1   8820 GPS  -2267749.847  5009156.292  3221295.134
2025   1   8850 GPS  -2267749.722  5009156.627  3221296.073
2025   1   8880 GPS  -2267750.387  5009156.163  3221295.274
2025   1   8910 GPS  -2267748.960  5009154.337  3221294.332
2025   1   8940 GPS  -2267751.187  5009155.789  3221297.165
2025   1   8970 GPS  -2267748.142  5009152.156  3221293.925
2025   1   9000 GPS  -2267749.446  5009153.235  3221294.167
2025   1   9030 GPS  -2267747.918  5009151.284  3221292.216
2025   1   9060 GPS  -2267748.145  5009151.786  3221292.692
2025   1   9090 GPS  -2267750.241  5009153.402  3221294.008
2025   1   9120 GPS  -2267749.591  5009151.511  3221291.829
2025   1   9150 GPS  -2267750.404  5009152.944  3221293.960
2025   1   9180 GPS  -2267750.235  5009153.922  3221294.319
2025   1   9210 GPS  -2267748.264  5009152.301  3221291.352
2025   1   9240 GPS  -2267748.750  5009153.153  3221290.967
2025   1   9270 GPS  -2267749.588  5009153.725  3221292.012
2025   1   9300 GPS  -2267750.162  5009155.287  3221294.113
2025   1   9330 GPS  -2267749.531  5009155.518  3221294.120
2025   1   9360 GPS  -2267750.181  5009158.228  3221295.845
2025   1   9390 GPS  -2267751.009  5009157.086  3221296.748
2025   1   9420 GPS  -2267750.386  5009156.013  3221295.236
2025   1   9450 GPS  -2267751.237  5009155.338  3221297.436
2025   1   9480 GPS  -2267750.972  5009155.008  3221293.805
2025   1   9510 GPS  -2267750.123  5009155.231  3221294.884
2025   1   9540 GPS  -2267750.506  5009154.542  3221295.247
2025   1   9570 GPS  -2267750.609  5009154.565  3221294.539
2025   1   9600 GPS  -2267749.855  5009153.548  3221294.107
2025   1   9630 GPS  -2267750.193  5009152.574  3221294.054
2025   1   9660 GPS  -2267749.974  5009154.345  3221293.862
2025   1   9690 GPS  -2267751.332  5009155.481  3221294.544
2025   1   9720 GPS  -2267750.288  5009155.346  3221294.882
2025   1   9750 GPS  -2267751.903  5009157.580  3221297.835
2025   1   9780 GPS  -2267751.876  5009155.946  3221296.610
2025   1   9810 GPS  -2267750.058  5009154.051  3221293.896
2025   1   9840 GPS  -2267749.724  5009152.336  3221293.355
2025   1   9870 GPS  -2267749.747  5009153.378  3221293.065
2025   1   9900 GPS  -2267748.575  5009150.934  3221291.792
2025   1   9930 GPS  -2267751.458  5009154.773  3221295.471
2025   1   9960 GPS  -2267750.553  5009154.350  3221294.213
2025   1   9990 GPS  -2267750.354  5009153.771  3221293.347
2025   1  10020 GPS  -2267749.493  5009152.435  3221292.223
2025   1  10050 GPS  -2267750.324  5009155.118  3221294.103
2025   1  10080 GPS  -2267749.666  5009154.474  3221292.386
2025   1  10110 GPS  -2267750.347  5009155.186  3221293.595
2025   1  10140 GPS  -2267751.153  5009156.214  3221294.321
2025   1  10170 GPS  -2267748.424  5009151.985  3221290.675
2025   1  10200 GPS  -2267749.896  5009152.502  3221293.259
2025   1  10230 GPS  -2267749.081  5009152.066  3221293.523
2025   1  10260 GPS  -2267749.416  5009151.723  3221292.921
2025   1  10290 GPS  -2267750.481  5009154.371  3221293.977
2025   1  10320 GPS  -2267749.307  5009152.267  3221292.107
2025   1  10350 GPS  -2267750.046  5009153.473  3221295.138
2025   1  10380 GPS  -2267749.340  5009154.180  3221293.826
2025   1  10410 GPS  -2267749.827  5009151.464  3221293.045
2025   1  10440 GPS  -2267750.847  5009156.915  3221294.089
2025   1  10470 GPS  -2267751.722  5009153.508  3221294.210
2025   1  10500 GPS  -2267751.284  5009154.499  3221294.442
2025   1  10530 GPS  -2267749.422  5009154.335  3221293.099
2025   1  10560 GPS  -2267751.741  5009154.915  3221295.311
2025   1  10590 GPS  -2267750.178  5009154.672  3221293.756
2025   1  10620 GPS  -2267751.986  5009156.642  3221296.263
2025   1  10650 GPS  -2267749.971  5009156.956  3221294.006
2025   1  10680 GPS  -2267751.656  5009155.789  3221294.508
2025   1  10710 GPS  -2267749.253  5009153.618  3221290.931
2025   1  10740 GPS  -2267751.738  5009155.523  3221294.213
2025   1  10770 GPS  -2267752.527  5009157.103  3221295.615
2025   1  10800 GPS  -2267753.227  5009157.732  3221295.479
2025   1  10830 GPS  -2267753.709  5009158.859  3221296.244
2025   1  10860 GPS  -2267751.296  5009155.151  3221294.813
2025   1  10890 GPS  -2267750.258  5009154.460  3221294.758
2025   1  10920 GPS  -2267751.628  5009155.123  3221295.519
2025   1  10950 GPS  -2267749.805  5009153.538  3221292.675
2025   1  10980 GPS  -2267750.102  5009154.031  3221293.403
2025   1  11010 GPS  -2267749.892  5009151.985  3221293.085
2025   1  11040 GPS  -2267750.343  5009153.935  3221292.643
2025   1  11070 GPS  -2267748.860  5009154.138  3221291.476
2025   1  11100 GPS  -2267749.930  5009153.130  3221293.008
2025   1  11130 GPS  -2267750.807  5009152.615  3221292.861
2025   1  11160 GPS  -2267750.645  5009154.711  3221293.567
2025   1  11190 GPS  -2267750.562  5009153.481  3221294.111
2025   1  11220 GPS  -2267748.205  5009150.952  3221292.268
2025   1  11250 GPS  -2267747.648  5009150.845  3221292.168
2025   1  11280 GPS  -2267750.017  5009152.985  3221293.961
2025   1  11310 GPS  -2267750.944  5009155.065  3221294.269
2025   1  11340 GPS  -2267749.764  5009155.024  3221294.086
2025   1  11370 GPS  -2267748.025  5009151.595  3221292.396
2025   1  11400 GPS  -2267748.661  5009151.051  3221291.981
2025   1  11430 GPS  -2267749.368  5009153.112  3221292.936
2025   1  11460 GPS  -2267751.275  5009156.997  3221296.020
2025   1  11490 GPS  -2267748.442  5009154.244  3221293.500
2025   1  11520 GPS  -2267749.835  5009152.570  3221293.354
2025   1  11550 GPS  -2267751.433  5009153.514  3221294.171
2025   1  11580 GPS  -2267752.668  5009155.507  3221294.750
2025   1  11610 GPS  -2267753.119  5009156.647  3221294.694
2025   1  11640 GPS  -2267750.418  5009154.869  3221294.019
2025   1  11670 GPS  -2267748.139  5009153.045  3221293.630
2025   1  11700 GPS  -2267752.302  5009156.292  3221295.382
2025   1  11730 GPS  -2267749.793  5009154.620  3221294.838
2025   1  11760 GPS  -2267749.395  5009153.395  3221294.121
2025   1  11790 GPS  -2267749.803  5009153.609  3221294.943
2025   1  11820 GPS  -2267750.372  5009154.468  3221293.734
2025   1  11850 GPS  -2267750.229  5009153.243  3221293.163
2025   1  11880 GPS  -2267751.386  5009154.591  3221293.395
2025   1  11910 GPS  -2267754.023  5009156.864  3221296.300
2025   1  11940 GPS  -2267752.253  5009157.686  3221294.106
2025   1  11970 GPS  -2267751.344  5009155.735  3221295.064
2025   1  12000 GPS  -2267752.919  5009157.256  3221296.090
2025   1  12030 GPS  -2267750.774  5009155.133  3221293.805
2025   1  12060 GPS  -2267750.668  5009154.694  3221294.019
2025   1  12090 GPS  -2267752.512  5009156.391  3221295.895
2025   1  12120 GPS  -2267750.424  5009156.545  3221294.088
2025   1  12150 GPS  -2267751.238  5009155.933  3221293.800
2025   1  12180 GPS  -2267750.828  5009155.209  3221293.353
2025   1  12210 GPS  -2267750.701  5009155.350  3221293.340
2025   1  12240 GPS  -2267751.098  5009156.154  3221293.164
2025   1  12270 GPS  -2267751.579  5009155.243  3221293.157
2025   1  12300 GPS  -2267751.512  5009153.753  3221292.690
2025   1  12330 GPS  -2267752.420  5009155.442  3221293.715
2025   1  12360 GPS  -2267750.414  5009154.960  3221293.387
2025   1  12390 GPS  -2267753.026  5009155.597  3221294.917
2025   1  12420 GPS  -2267753.358  5009155.841  3221295.311
2025   1  12450 GPS  -2267752.228  5009155.921  3221294.874
2025   1  12480 GPS  -2267751.808  5009154.934  3221294.382
2025   1  12510 GPS  -2267752.304  5009155.277  3221294.982
2025   1  12540 GPS  -2267752.735  5009155.657  3221295.442
2025   1  12570 GPS  -2267749.199  5009153.690  3221293.817
2025   1  12600 GPS  -2267749.829  5009154.130  3221295.257
2025   1  12630 GPS  -2267750.893  5009155.803  3221295.509
2025   1  12660 GPS  -2267749.176  5009155.151  3221294.464
2025   1  12690 GPS  -2267750.885  5009154.685  3221294.732
2025   1  12720 GPS  -2267748.832  5009152.852  3221294.256
2025   1  12750 GPS  -2267748.980  5009156.468  3221293.850
2025   1  12780 GPS  -2267750.110  5009155.358  3221295.156
2025   1  12810 GPS  -2267750.174  5009156.273  3221295.676
2025   1  12840 GPS  -2267750.774  5009154.461  3221294.196
2025   1  12870 GPS  -2267751.953  5009155.860  3221294.350
2025   1  12900 GPS  -2267749.395  5009153.986  3221293.383
2025   1  12930 GPS  -2267751.614  5009156.038  3221293.595
2025   1  12960 GPS  -2267750.167  5009153.318  3221293.315
2025   1  12990 GPS  -2267753.450  5009156.632  3221294.446
2025   1  13020 GPS  -2267750.120  5009155.590  3221293.832
2025   1  13050 GPS  -2267749.095  5009153.889  3221294.288
2025   1  13080 GPS  -2267750.164  5009155.532  3221293.375
2025   1  13110 GPS  -2267750.533  5009154.791  3221293.899
2025   1  13140 GPS  -2267749.542  5009152.913  3221294.023
2025   1  13170 GPS  -2267750.961  5009155.148  3221294.612
2025   1  13200 GPS  -2267750.895  5009154.660  3221294.516
2025   1  13230 GPS  -2267752.845  5009155.718  3221295.573
2025   1  13260 GPS  -2267747.577  5009150.214  3221294.953
2025   1  13290 GPS  -2267750.985  5009154.828  3221294.982
2025   1  13320 GPS  -2267751.254  5009152.186  3221295.059
2025   1  13350 GPS  -2267749.227  5009151.337  3221294.453
2025   1  13380 GPS  -2267750.872  5009151.911  3221293.741
2025   1  13410 GPS  -2267750.501  5009150.646  3221294.496
2025   1  13440 GPS  -2267750.703  5009153.021  3221294.981
2025   1  13470 GPS  -2267751.198  5009153.447  3221294.633
2025   1  13500 GPS  -2267748.971  5009152.524  3221294.064
2025   1  13530 GPS  -2267749.526  5009152.617  3221293.655
2025   1  13560 GPS  -2267751.801  5009152.056  3221294.248
2025   1  13590 GPS  -2267749.178  5009153.573  3221292.421
2025   1  13620 GPS  -2267750.370  5009153.986  3221294.360
2025   1  13650 GPS  -2267749.280  5009151.841  3221293.590
2025   1  13680 GPS  -2267750.991  5009155.527  3221293.656
2025   1  13710 GPS  -2267751.935  5009154.807  3221293.722
2025   1  13740 GPS  -2267749.959  5009154.885  3221294.202
2025   1  13770 GPS  -2267751.258  5009156.550  3221295.256
2025   1  13800 GPS  -2267750.260  5009155.644  3221294.252
2025   1  13830 GPS  -2267751.580  5009157.008  3221293.920
2025   1  13860 GPS  -2267750.666  5009153.017  3221293.481
2025   1  13890 GPS  -2267751.747  5009155.533  3221293.133
2025   1  13920 GPS  -2267752.711  5009155.489  3221294.549
2025   1  13950 GPS  -2267753.039  5009157.689  3221295.283
2025   1  13980 GPS  -2267749.044  5009153.818  3221294.705
2025   1  14010 GPS  -2267750.368  5009153.935  3221295.216
2025   1  14040 GPS  -2267749.618  5009153.462  3221293.996
2025   1  14070 GPS  -2267751.703  5009153.657  3221294.292
2025   1  14100 GPS  -2267751.202  5009154.010  3221294.791
2025   1  14130 GPS  -2267752.237  5009153.202  3221295.004
2025   1  14160 GPS  -2267752.585  5009155.560  3221295.172
2025   1  14190 GPS  -2267749.853  5009154.829  3221293.954
2025   1  14220 GPS  -2267749.070  5009153.966  3221292.750
2025   1  14250 GPS  -2267751.830  5009154.820  3221293.997
2025   1  14280 GPS  -2267750.633  5009154.098  3221293.984
2025   1  14310 GPS  -2267750.646  5009152.926  3221293.380
2025   1  14340 GPS  -2267749.426  5009152.037  3221293.010
2025   1  14370 GPS  -2267751.477  5009152.803  3221295.240
2025   1  14400 GPS  -2267750.479  5009154.115  3221293.301
2025   1  14430 GPS  -2267748.807  5009151.785  3221290.690
2025   1  14460 GPS  -2267749.271  5009153.260  3221291.775
2025   1  14490 GPS  -2267749.129  5009153.990  3221292.200
2025   1  14520 GPS  -2267748.499  5009151.181  3221291.878
2025   1  14550 GPS  -2267748.071  5009153.783  3221293.040
2025   1  14580 GPS  -2267749.690  5009155.334  3221293.761
2025   1  14610 GPS  -2267749.019  5009153.906  3221293.878
2025   1  14640 GPS  -2267750.879  5009153.927  3221293.411
2025   1  14670 GPS  -2267750.898  5009155.916  3221295.766
2025   1  14700 GPS  -2267752.001  5009155.309  3221295.225
2025   1  14730 GPS  -2267749.688  5009153.026  3221294.661
2025   1  14760 GPS  -2267749.741  5009152.350  3221294.715
2025   1  14790 GPS  -2267751.052  5009151.489  3221293.632
2025   1  14820 GPS  -2267749.248  5009153.689  3221294.070
2025   1  14850 GPS  -2267748.884  5009150.968  3221292.831
2025   1  14880 GPS  -2267751.318  5009152.556  3221294.060
2025   1  14910 GPS  -2267748.738  5009151.261  3221293.316
2025   1  14940 GPS  -2267748.590  5009153.264  3221293.587
2025   1  14970 GPS  -2267748.418  5009151.876  3221293.419
2025   1  15000 GPS  -2267746.501  5009147.383  3221292.761
2025   1  15030 GPS  -2267747.265  5009152.274  3221293.861
2025   1  15060 GPS  -2267749.052  5009152.968  3221293.007
2025   1  15090 GPS  -2267750.348  5009152.943  3221293.080
2025   1  15120 GPS  -2267749.735  5009153.543  3221293.459
2025   1  15150 GPS  -2267749.601  5009156.006  3221294.322
2025   1  15180 GPS  -2267749.981  5009153.298  3221294.247
2025   1  15210 GPS  -2267750.887  5009154.503  3221294.350
2025   1  15240 GPS  -2267749.551  5009153.492  3221295.541
2025   1  15270 GPS  -2267749.843  5009151.382  3221294.474
2025   1  15300 GPS  -2267750.330  5009151.761  3221293.730
2025   1  15330 GPS  -2267748.498  5009153.207  3221293.812
2025   1  15360 GPS  -2267748.299  5009155.358  3221295.271
2025   1  15390 GPS  -2267750.221  5009151.234  3221293.172
2025   1  15420 GPS  -2267750.702  5009158.199  3221295.777
2025   1  15450 GPS  -2267751.699  5009155.385  3221294.372
2025   1  15480 GPS  -2267750.396  5009152.620  3221293.664
2025   1  15510 GPS  -2267746.841  5009145.296  3221290.340
2025   1  15540 GPS  -2267751.929  5009157.284  3221295.445
2025   1  15570 GPS  -2267750.860  5009155.300  3221294.038
2025   1  15600 GPS  -2267752.607  5009156.357  3221294.440
2025   1  15630 GPS  -2267748.657  5009151.457  3221292.573
2025   1  15660 GPS  -2267749.213  5009150.770  3221292.834
2025   1  15690 GPS  -2267751.224  5009157.972  3221296.396
2025   1  15720 GPS  -2267752.191  5009155.788  3221295.094
2025   1  15750 GPS  -2267749.952  5009156.093  3221294.999
2025   1  15780 GPS  -2267751.783  5009157.530  3221294.919
2025   1  15810 GPS  -2267752.634  5009157.099  3221295.728
2025   1  15840 GPS  -2267751.811  5009155.495  3221295.746
2025   1  15870 GPS  -2267751.731  5009153.389  3221296.014
2025   1  15900 GPS  -2267750.543  5009152.586  3221294.296
2025   1  15930 GPS  -2267748.846  5009147.677  3221293.051
2025   1  15960 GPS  -2267749.475  5009151.398  3221293.821
2025   1  15990 GPS  -2267751.888  5009152.902  3221294.421
2025   1  16020 GPS  -2267754.293  5009160.383  3221296.976
2025   1  16050 GPS  -2267750.807  5009161.651  3221297.113
2025   1  16080 GPS  -2267751.941  5009160.727  3221297.711
2025   1  16110 GPS  -2267750.305  5009160.102  3221296.875
2025   1  16140 GPS  -2267752.235  5009158.548  3221295.937
2025   1  16170 GPS  -2267749.643  5009152.514  3221294.125
2025   1  16200 GPS  -2267753.925  5009154.462  3221294.404
2025   1  16230 GPS  -2267747.712  5009147.379  3221291.330
2025   1  16260 GPS  -2267746.281  5009148.618  3221292.319
2025   1  16290 GPS  -2267751.045  5009152.595  3221294.948
2025   1  16320 GPS  -2267750.766  5009154.317  3221294.861
2025   1  16350 GPS  -2267752.559  5009159.920  3221297.691
2025   1  16380 GPS  -2267747.904  5009151.062  3221294.643
2025   1  16410 GPS  -2267750.815  5009154.523  3221295.247
2025   1  16440 GPS  -2267749.784  5009152.802  3221294.151
2025   1  16470 GPS  -2267749.762  5009151.464  3221292.254
2025   1  16500 GPS  -2267749.659  5009150.842  3221292.749
2025   1  16530 GPS  -2267750.178  5009153.036  3221294.028
2025   1  16560 GPS  -2267751.278  5009156.345  3221295.472
2025   1  16590 GPS  -2267749.516  5009151.584  3221294.529
2025   1  16620 GPS  -2267752.463  5009155.270  3221295.304
2025   1  16650 GPS  -2267751.822  5009156.372  3221295.881
2025   1  16680 GPS  -2267751.909  5009155.025  3221294.344
2025   1  16710 GPS  -2267750.452  5009154.747  3221294.277
2025   1  16740 GPS  -2267750.126  5009153.716  3221294.172
2025   1  16770 GPS  -2267751.700  5009154.388  3221293.525
2025   1  16800 GPS  -2267751.874  5009154.626  3221295.191
2025   1  16830 GPS  -2267750.901  5009156.560  3221295.449
2025   1  16860 GPS  -2267751.938  5009159.552  3221295.885
2025   1  16890 GPS  -2267748.306  5009152.477  3221292.718
2025   1  16920 GPS  -2267749.289  5009155.141  3221294.274
2025   1  16950 GPS  -2267751.571  5009157.456  3221295.981
2025   1  16980 GPS  -2267749.856  5009152.795  3221294.291
2025   1  17010 GPS  -2267748.418  5009152.137  3221294.362
2025   1  17040 GPS  -2267750.057  5009151.735  3221293.727
2025   1  17070 GPS  -2267749.791  5009151.519  3221293.167
2025   1  17100 GPS  -2267749.096  5009151.506  3221292.285
2025   1  17130 GPS  -2267747.762  5009151.223  3221292.293
2025   1  17160 GPS  -2267749.000  5009151.214  3221293.168
2025   1  17190 GPS  -2267749.681  5009153.184  3221294.317
2025   1  17220 GPS  -2267748.940  5009153.094  3221293.799
2025   1  17250 GPS  -2267751.477  5009156.398  3221295.142
2025   1  17280 GPS  -2267749.555  5009152.661  3221293.692
2025   1  17310 GPS  -2267750.849  5009153.313  3221292.993
2025   1  17340 GPS  -2267749.360  5009151.760  3221294.146
2025   1  17370 GPS  -2267751.764  5009156.206  3221295.822
2025   1  17400 GPS  -2267749.844  5009154.397  3221293.046
2025   1  17430 GPS  -2267750.194  5009153.661  3221293.599
2025   1  17460 GPS  -2267751.587  5009154.439  3221293.193
2025   1  17490 GPS  -2267749.418  5009151.565  3221292.372
2025   1  17520 GPS  -2267749.610  5009154.036  3221293.503
2025   1  17550 GPS  -2267752.507  5009157.398  3221295.199
2025   1  17580 GPS  -2267749.702  5009154.758  3221293.684
2025   1  17610 GPS  -2267748.785  5009152.998  3221292.834
2025   1  17640 GPS  -2267749.915  5009153.169  3221292.839
2025   1  17670 GPS  -2267752.321  5009156.759  3221294.490
2025   1  17700 GPS  -2267751.286  5009156.585  3221294.299
2025   1  17730 GPS  -2267751.148  5009156.966  3221294.516
2025   1  17760 GPS  -2267749.926  5009153.866  3221294.200
2025   1  17790 GPS  -2267749.334  5009151.885  3221293.531
2025   1  17820 GPS  -2267751.019  5009154.449  3221295.065
2025   1  17850 GPS  -2267750.472  5009152.436  3221294.545
2025   1  17880 GPS  -2267750.730  5009155.018  3221295.907
2025   1  17910 GPS  -2267750.825  5009154.297  3221294.752
2025   1  17940 GPS  -2267749.285  5009152.432  3221292.647
2025   1  17970 GPS  -2267750.011  5009153.520  3221294.495
2025   1  18000 GPS  -2267748.829  5009153.596  3221294.451
2025   1  18030 GPS  -2267748.673  5009152.495  3221293.237
2025   1  18060 GPS  -2267748.182  5009152.630  3221292.841
2025   1  18090 GPS  -2267748.892  5009155.737  3221293.500
2025   1  18120 GPS  -2267750.728  5009154.871  3221294.008
2025   1  18150 GPS  -2267749.771  5009152.649  3221294.638
2025   1  18180 GPS  -2267751.505  5009153.476  3221293.876
2025   1  18210 GPS  -2267751.417  5009151.901  3221293.012
2025   1  18240 GPS  -2267750.185  5009154.145  3221293.977
2025   1  18270 GPS  -2267749.412  5009151.909  3221292.382
2025   1  18300 GPS  -2267750.597  5009155.318  3221294.746
2025   1  18330 GPS  -2267749.698  5009154.162  3221293.530
2025   1  18360 GPS  -2267749.390  5009154.080  3221292.812
2025   1  18390 GPS  -2267749.683  5009156.275  3221294.586
2025   1  18420 GPS  -2267748.352  5009153.971  3221292.579
2025   1  18450 GPS  -2267749.858  5009154.478  3221293.695
2025   1  18480 GPS  -2267751.930  5009156.684  3221294.318
2025   1  18510 GPS  -2267754.327  5009158.537  3221295.999
2025   1  18540 GPS  -2267752.648  5009154.233  3221292.681
2025   1  18570 GPS  -2267751.688  5009152.806  3221293.023
2025   1  18600 GPS  -2267752.414  5009154.894  3221295.969
2025   1  18630 GPS  -2267750.609  5009154.377  3221293.779
2025   1  18660 GPS  -2267749.911  5009153.695  3221293.810
2025   1  18690 GPS  -2267749.875  5009153.354  3221294.713
2025   1  18720 GPS  -2267749.829  5009153.464  3221293.822
2025   1  18750 GPS  -2267748.412  5009150.236  3221291.730
2025   1  18780 GPS  -2267748.997  5009150.683  3221292.028
2025   1  18810 GPS  -2267749.382  5009149.427  3221292.774
2025   1  18840 GPS  -2267749.654  5009150.411  3221293.918
2025   1  18870 GPS  -2267751.366  5009153.248  3221294.315
2025   1  18900 GPS  -2267750.984  5009152.592  3221294.509
2025   1  18930 GPS  -2267751.003  5009154.533  3221294.385
2025   1  18960 GPS  -2267750.403  5009151.954  3221292.299
2025   1  18990 GPS  -2267749.141  5009152.295  3221292.647
2025   1  19020 GPS  -2267749.940  5009154.199  3221293.854
2025   1  19050 GPS  -2267749.249  5009153.521  3221295.114
2025   1  19080 GPS  -2267749.740  5009153.700  3221294.630
2025   1  19110 GPS  -2267750.029  5009150.779  3221293.135
2025   1  19140 GPS  -2267749.878  5009153.153  3221294.949
2025   1  19170 GPS  -2267748.918  5009151.296  3221292.293
2025   1  19200 GPS  -2267748.533  5009149.719  3221290.555
2025   1  19230 GPS  -2267749.720  5009152.487  3221292.619
2025   1  19260 GPS  -2267749.875  5009150.839  3221292.040
2025   1  19290 GPS  -2267750.271  5009152.310  3221291.895
2025   1  19320 GPS  -2267750.729  5009153.252  3221293.125
2025   1  19350 GPS  -2267749.550  5009152.101  3221291.786
2025   1  19380 GPS  -2267748.862  5009149.477  3221290.629
2025   1  19410 GPS  -2267748.255  5009152.651  3221291.782
2025   1  19440 GPS  -2267749.915  5009152.596  3221292.597
2025   1  19470 GPS  -2267749.509  5009152.868  3221292.489
2025   1  19500 GPS  -2267749.681  5009152.683  3221293.872
2025   1  19530 GPS  -2267748.834  5009151.105  3221293.225
2025   1  19560 GPS  -2267749.989  5009153.135  3221293.574
2025   1  19590 GPS  -2267749.588  5009154.513  3221293.705
2025   1  19620 GPS  -2267751.540  5009155.243  3221293.506
2025   1  19650 GPS  -2267751.334  5009153.635  3221292.675
2025   1  19680 GPS  -2267750.636  5009156.310  3221295.796
2025   1  19710 GPS  -2267751.798  5009156.796  3221295.415
2025   1  19740 GPS  -2267751.073  5009154.021  3221294.358
2025   1  19770 GPS  -2267750.006  5009154.192  3221293.239
2025   1  19800 GPS  -2267749.849  5009152.455  3221292.004
2025   1  19830 GPS  -2267749.375  5009153.301  3221292.483
2025   1  19860 GPS  -2267750.078  5009154.415  3221293.442
2025   1  19890 GPS  -2267750.554  5009153.834  3221293.756
2025   1  19920 GPS  -2267750.122  5009153.244  3221293.806
2025   1  19950 GPS  -2267749.470  5009153.377  3221292.422
2025   1  19980 GPS  -2267749.614  5009152.954  3221291.658
2025   1  20010 GPS  -2267751.048  5009153.821  3221292.984
2025   1  20040 GPS  -2267750.901  5009156.893  3221295.207
2025   1  20070 GPS  -2267751.365  5009158.904  3221296.874
2025   1  20100 GPS  -2267751.421  5009158.598  3221296.402
2025   1  20130 GPS  -2267752.093  5009158.440  3221296.219
2025   1  20160 GPS  -2267749.912  5009154.492  3221294.675
2025   1  20190 GPS  -2267751.269  5009156.383  3221295.783
2025   1  20220 GPS  -2267750.647  5009154.549  3221292.798
2025   1  20250 GPS  -2267750.327  5009154.501  3221293.815
2025   1  20280 GPS  -2267749.451  5009153.136  3221293.227
2025   1  20310 GPS  -2267749.901  5009152.646  3221291.438
2025   1  20340 GPS  -2267749.823  5009152.889  3221291.515
2025   1  20370 GPS  -2267749.537  5009153.455  3221291.548
2025   1  20400 GPS  -2267749.840  5009153.605  3221291.742
2025   1  20430 GPS  -2267750.263  5009154.431  3221292.874
2025   1  20460 GPS  -2267750.277  5009154.290  3221294.997
2025   1  20490 GPS  -2267750.329  5009152.582  3221292.930
2025   1  20520 GPS  -2267750.551  5009156.522  3221295.621
2025   1  20550 GPS  -2267751.100  5009157.890  3221294.929
2025   1  20580 GPS  -2267749.761  5009154.979  3221292.762
2025   1  20610 GPS  -2267750.288  5009155.738  3221294.599
2025   1  20640 GPS  -2267751.609  5009155.932  3221294.032
2025   1  20670 GPS  -2267750.604  5009155.253  3221292.513
2025   1  20700 GPS  -2267749.031  5009153.153  3221290.794
2025   1  20730 GPS  -2267749.259  5009151.623  3221291.468
2025   1  20760 GPS  -2267748.376  5009152.820  3221291.273
2025   1  20790 GPS  -2267748.105  5009153.004  3221292.142
2025   1  20820 GPS  -2267748.014  5009150.865  3221291.560
2025   1  20850 GPS  -2267750.674  5009153.926  3221289.622
2025   1  20880 GPS  -2267749.121  5009153.483  3221291.566
2025   1  20910 GPS  -2267748.612  5009151.922  3221289.954
2025   1  20940 GPS  -2267749.234  5009153.548  3221292.282
2025   1  20970 GPS  -2267750.707  5009156.720  3221294.098
2025   1  21000 GPS  -2267748.260  5009152.004  3221290.667
2025   1  21030 GPS  -2267750.022  5009153.426  3221292.996
2025   1  21060 GPS  -2267750.521  5009154.663  3221292.880
2025   1  21090 GPS  -2267750.263  5009154.042  3221291.569
2025   1  21120 GPS  -2267749.088  5009152.005  3221291.592
2025   1  21150 GPS  -2267749.413  5009151.672  3221290.927
2025   1  21180 GPS  -2267749.229  5009151.257  3221291.746
2025   1  21210 GPS  -2267749.777  5009152.536  3221291.555
2025   1  21240 GPS  -2267749.392  5009152.380  3221290.092
2025   1  21270 GPS  -2267748.961  5009150.031  3221291.258
2025   1  21300 GPS  -2267749.104  5009150.678  3221292.156
2025   1  21330 GPS  -2267749.156  5009153.085  3221291.895
2025   1  21360 GPS  -2267749.930  5009154.104  3221293.072
2025   1  21390 GPS  -2267750.133  5009153.673  3221292.843
2025   1  21420 GPS  -2267750.383  5009153.150  3221291.922
2025   1  21450 GPS  -2267749.135  5009153.192  3221290.424
2025   1  21480 GPS  -2267748.764  5009151.537  3221290.562
2025   1  21510 GPS  -2267750.845  5009152.724  3221291.799
2025   1  21540 GPS  -2267747.834  5009151.515  3221290.538
2025   1  21570 GPS  -2267748.044  5009150.480  3221290.609
2025   1  21600 GPS  -2267748.440  5009152.314  3221293.214
2025   1  21630 GPS  -2267751.102  5009154.667  3221294.480
2025   1  21660 GPS  -2267747.403  5009151.577  3221293.429
2025   1  21690 GPS  -2267750.414  5009152.497  3221294.486
2025   1  21720 GPS  -2267750.632  5009152.763  3221294.307
2025   1  21750 GPS  -2267749.717  5009152.244  3221292.438
2025   1  21780 GPS  -2267748.459  5009151.913  3221292.250
2025   1  21810 GPS  -2267748.558  5009153.374  3221294.218
2025   1  21840 GPS  -2267750.373  5009156.258  3221294.709
2025   1  21870 GPS  -2267748.589  5009154.326  3221293.434
2025   1  21900 GPS  -2267750.110  5009157.030  3221297.744
2025   1  21930 GPS  -2267750.925  5009157.091  3221296.927
2025   1  21960 GPS  -2267751.707  5009157.421  3221296.318
2025   1  21990 GPS  -2267751.985  5009155.624  3221295.252
2025   1  22020 GPS  -2267748.926  5009151.444  3221294.495
2025   1  22050 GPS  -2267750.868  5009155.271  3221293.716
2025   1  22080 GPS  -2267751.491  5009157.239  3221296.369
2025   1  22110 GPS  -2267749.905  5009154.455  3221293.013
2025   1  22140 GPS  -2267750.794  5009155.136  3221293.340
2025   1  22170 GPS  -2267749.692  5009153.699  3221292.181
2025   1  22200 GPS  -2267751.555  5009155.527  3221293.766
2025   1  22230 GPS  -2267748.203  5009152.535  3221294.315
2025   1  22260 GPS  -2267749.875  5009156.305  3221295.153
2025   1  22290 GPS  -2267751.077  5009156.468  3221296.699
2025   1  22320 GPS  -2267749.944  5009155.644  3221296.226
2025   1  22350 GPS  -2267750.579  5009155.679  3221295.965
2025   1  22380 GPS  -2267751.756  5009156.082  3221294.804
2025   1  22410 GPS  -2267749.307  5009152.816  3221295.309
2025   1  22440 GPS  -2267749.808  5009153.375  3221296.038
2025   1  22470 GPS  -2267749.900  5009156.049  3221295.497
2025   1  22500 GPS  -2267750.683  5009155.967  3221295.525
2025   1  22530 GPS  -2267750.386  5009153.804  3221294.221
2025   1  22560 GPS  -2267749.500  5009153.292  3221293.474
2025   1  22590 GPS  -2267749.354  5009153.072  3221294.779
2025   1  22620 GPS  -2267748.177  5009153.286  3221294.758
2025   1  22650 GPS  -2267747.839  5009151.828  3221292.711
2025   1  22680 GPS  -2267748.742  5009151.782  3221293.812
2025   1  22710 GPS  -2267746.362  5009148.998  3221291.803
2025   1  22740 GPS  -2267749.005  5009151.160  3221289.946
2025   1  22770 GPS  -2267747.554  5009150.623  3221289.748
2025   1  22800 GPS  -2267748.281  5009152.482  3221292.061
2025   1  22830 GPS  -2267749.035  5009152.023  3221291.643
2025   1  22860 GPS  -2267749.564  5009154.942  3221293.268
2025   1  22890 GPS  -2267750.556  5009155.182  3221293.250
2025   1  22920 GPS  -2267750.301  5009154.325  3221292.406
2025   1  22950 GPS  -2267749.824  5009154.596  3221292.165
2025   1  22980 GPS  -2267749.630  5009152.688  3221293.841
2025   1  23010 GPS  -2267749.441  5009153.977  3221295.264
2025   1  23040 GPS  -2267748.084  5009153.065  3221293.741
2025   1  23070 GPS  -2267747.295  5009151.109  3221293.020
2025   1  23100 GPS  -2267748.841  5009151.555  3221292.736
2025   1  23130 GPS  -2267747.690  5009152.063  3221295.618
2025   1  23160 GPS  -2267748.189  5009151.602  3221294.279
2025   1  23190 GPS  -2267748.003  5009153.436  3221295.877
2025   1  23220 GPS  -2267748.083  5009152.634  3221294.063
2025   1  23250 GPS  -2267747.926  5009152.570  3221294.460
2025   1  23280 GPS  -2267747.987  5009152.825  3221293.710
2025   1  23310 GPS  -2267748.991  5009153.925  3221293.565
2025   1  23340 GPS  -2267748.145  5009153.352  3221292.883
2025   1  23370 GPS  -2267749.287  5009154.128  3221293.664
2025   1  23400 GPS  -2267748.388  5009153.298  3221294.409
2025   1  23430 GPS  -2267747.730  5009152.189  3221292.540
2025   1  23460 GPS  -2267747.764  5009151.808  3221292.546
2025   1  23490 GPS  -2267748.336  5009153.117  3221293.774
2025   1  23520 GPS  -2267749.294  5009153.044  3221292.902
2025   1  23550 GPS  -2267748.632  5009150.458  3221292.672
2025   1  23580 GPS  -2267748.264  5009153.018  3221293.005
2025   1  23610 GPS  -2267749.168  5009152.167  3221295.015
2025   1  23640 GPS  -2267747.676  5009153.194  3221294.306
2025   1  23670 GPS  -2267748.503  5009151.863  3221294.941
2025   1  23700 GPS  -2267747.869  5009149.893  3221293.257
2025   1  23730 GPS  -2267748.427  5009151.765  3221293.551
2025   1  23760 GPS  -2267749.494  5009154.295  3221293.389
2025   1  23790 GPS  -2267749.230  5009153.209  3221293.792
2025   1  23820 GPS  -2267749.973  5009153.891  3221292.909
2025   1  23850 GPS  -2267748.766  5009153.114  3221294.335
2025   1  23880 GPS  -2267749.371  5009151.367  3221292.238
2025   1  23910 GPS  -2267750.107  5009152.728  3221291.560
2025   1  23940 GPS  -2267749.212  5009152.557  3221291.125
2025   1  23970 GPS  -2267748.993  5009153.788  3221291.264
2025   1  24000 GPS  -2267748.678  5009151.011  3221292.591
2025   1  24030 GPS  -2267749.121  5009152.878  3221292.423
2025   1  24060 GPS  -2267750.013  5009152.568  3221291.979
2025   1  24090 GPS  -2267749.063  5009152.381  3221292.729
2025   1  24120 GPS  -2267749.849  5009153.049  3221292.136
2025   1  24150 GPS  -2267748.924  5009152.456  3221294.207
2025   1  24180 GPS  -2267750.173  5009153.470  3221292.474
2025   1  24210 GPS  -2267749.744  5009153.232  3221292.585
2025   1  24240 GPS  -2267750.767  5009153.709  3221293.647
2025   1  24270 GPS  -2267749.888  5009154.834  3221293.724
2025   1  24300 GPS  -2267749.272  5009155.218  3221294.093
2025   1  24330 GPS  -2267750.260  5009154.284  3221294.416
2025   1  24360 GPS  -2267749.810  5009152.924  3221293.551
2025   1  24390 GPS  -2267749.748  5009152.894  3221294.573
2025   1  24420 GPS  -2267749.870  5009151.274  3221291.944
2025   1  24450 GPS  -2267750.119  5009154.361  3221294.391
2025   1  24480 GPS  -2267749.852  5009153.108  3221292.710
2025   1  24510 GPS  -2267749.027  5009155.536  3221294.542
2025   1  24540 GPS  -2267749.177  5009153.838  3221294.023
2025   1  24570 GPS  -2267749.868  5009152.781  3221292.765
2025   1  24600 GPS  -2267750.396  5009153.313  3221292.507
2025   1  24630 GPS  -2267749.493  5009155.803  3221293.798
2025   1  24660 GPS  -2267749.588  5009154.130  3221294.171
2025   1  24690 GPS  -2267750.282  5009152.617  3221292.189
2025   1  24720 GPS  -2267750.283  5009152.358  3221292.985
2025   1  24750 GPS  -2267749.710  5009153.421  3221291.714
2025   1  24780 GPS  -2267749.648  5009153.727  3221291.037
2025   1  24810 GPS  -2267749.182  5009153.264  3221291.847
2025   1  24840 GPS  -2267748.991  5009153.260  3221292.708
2025   1  24870 GPS  -2267749.473  5009151.408  3221290.908
2025   1  24900 GPS  -2267748.289  5009150.441  3221291.375
2025   1  24930 GPS  -2267748.443  5009152.099  3221292.078
2025   1  24960 GPS  -2267748.859  5009151.753  3221290.821
2025   1  24990 GPS  -2267748.558  5009150.216  3221289.656
2025   1  25020 GPS  -2267748.957  5009149.523  3221290.514
2025   1  25050 GPS  -2267748.535  5009152.418  3221292.374
2025   1  25080 GPS  -2267748.709  5009150.438  3221293.625
2025   1  25110 GPS  -2267749.580  5009150.436  3221291.456
2025   1  25140 GPS  -2267748.996  5009153.496  3221293.084
2025   1  25170 GPS  -2267748.648  5009159.059  3221295.588
2025   1  25200 GPS  -2267748.663  5009156.169  3221294.857
2025   1  25230 GPS  -2267750.193  5009151.677  3221293.780
2025   1  25260 GPS  -2267750.709  5009154.949  3221294.153
2025   1  25290 GPS  -2267750.375  5009154.217  3221294.155
2025   1  25320 GPS  -2267749.645  5009151.496  3221293.796
2025   1  25350 GPS  -2267751.035  5009153.625  3221293.575
2025   1  25380 GPS  -2267749.467  5009155.011  3221296.860
2025   1  25410 GPS  -2267748.470  5009153.385  3221296.303
2025   1  25440 GPS  -2267749.683  5009156.581  3221295.981
2025   1  25470 GPS  -2267749.877  5009152.809  3221295.424
2025   1  25500 GPS  -2267749.187  5009151.510  3221293.359
2025   1  25530 GPS  -2267748.077  5009152.480  3221293.523
2025   1  25560 GPS  -2267749.619  5009152.793  3221294.404
2025   1  25590 GPS  -2267750.217  5009154.562  3221294.607
2025   1  25620 GPS  -2267752.013  5009156.026  3221294.161
2025   1  25650 GPS  -2267750.326  5009153.982  3221293.351
2025   1  25680 GPS  -2267748.936  5009153.157  3221293.092
2025   1  25710 GPS  -2267748.249  5009153.529  3221292.738
2025   1  25740 GPS  -2267749.433  5009154.771  3221292.327
2025   1  25770 GPS  -2267748.389  5009153.845  3221293.580
2025   1  25800 GPS  -2267748.226  5009152.032  3221292.413
2025   1  25830 GPS  -2267749.087  5009152.901  3221293.571
2025   1  25860 GPS  -2267749.904  5009154.687  3221292.667
2025   1  25890 GPS  -2267749.914  5009154.438  3221293.749
2025   1  25920 GPS  -2267748.060  5009151.145  3221293.490
2025   1  25950 GPS  -2267748.754  5009152.265  3221293.409
2025   1  25980 GPS  -2267750.291  5009154.185  3221294.032
2025   1  26010 GPS  -2267750.334  5009156.590  3221294.913
2025   1  26040 GPS  -2267750.518  5009153.731  3221292.601
2025   1  26070 GPS  -2267750.401  5009154.570  3221293.143
2025   1  26100 GPS  -2267750.676  5009155.516  3221292.790
2025   1  26130 GPS  -2267749.604  5009152.856  3221292.909
2025   1  26160 GPS  -2267750.466  5009154.026  3221293.107
2025   1  26190 GPS  -2267750.896  5009156.156  3221294.344
2025   1  26220 GPS  -2267749.011  5009152.988  3221293.034
2025   1  26250 GPS  -2267750.771  5009154.101  3221294.316
2025   1  26280 GPS  -2267751.551  5009153.990  3221293.525
2025   1  26310 GPS  -2267752.446  5009155.917  3221293.631
2025   1  26340 GPS  -2267750.756  5009155.503  3221294.403
2025   1  26370 GPS  -2267748.676  5009152.784  3221293.645
2025   1  26400 GPS  -2267749.429  5009153.826  3221292.929
2025   1  26430 GPS  -2267750.407  5009153.432  3221292.368
2025   1  26460 GPS  -2267750.179  5009152.918  3221292.339
2025   1  26490 GPS  -2267748.940  5009151.011  3221292.397
2025   1  26520 GPS  -2267750.363  5009153.285  3221293.808
2025   1  26550 GPS  -2267748.370  5009150.675  3221293.361
2025   1  26580 GPS  -2267748.150  5009150.844  3221292.376
2025   1  26610 GPS  -2267750.201  5009154.766  3221294.102
2025   1  26640 GPS  -2267748.803  5009152.184  3221292.746
2025   1  26670 GPS  -2267750.334  5009152.583  3221292.164
2025   1  26700 GPS  -2267750.939  5009152.050  3221293.337
2025   1  26730 GPS  -2267749.792  5009151.795  3221292.932
2025   1  26760 GPS  -2267749.473  5009152.147  3221293.851
2025   1  26790 GPS  -2267750.198  5009154.274  3221294.724
2025   1  26820 GPS  -2267750.751  5009153.863  3221294.175
2025   1  26850 GPS  -2267749.956  5009155.031  3221294.638
2025   1  26880 GPS  -2267750.119  5009155.956  3221295.516
2025   1  26910 GPS  -2267749.995  5009153.181  3221294.776
2025   1  26940 GPS  -2267749.248  5009151.442  3221294.588
2025   1  26970 GPS  -2267749.305  5009150.735  3221293.424
2025   1  27000 GPS  -2267749.458  5009152.675  3221293.956
2025   1  27030 GPS  -2267750.016  5009155.416  3221295.305
2025   1  27060 GPS  -2267750.556  5009156.153  3221295.264
2025   1  27090 GPS  -2267750.423  5009154.592  3221294.604
2025   1  27120 GPS  -2267748.224  5009151.974  3221293.268
2025   1  27150 GPS  -2267748.275  5009152.814  3221293.829
2025   1  27180 GPS  -2267749.489  5009154.616  3221294.638
2025   1  27210 GPS  -2267749.933  5009154.028  3221293.145
2025   1  27240 GPS  -2267748.718  5009153.684  3221292.803
2025   1  27270 GPS  -2267748.766  5009155.438  3221293.851
2025   1  27300 GPS  -2267749.630  5009155.961  3221294.211
2025   1  27330 GPS  -2267749.021  5009154.246  3221294.177
2025   1  27360 GPS  -2267749.441  5009153.544  3221294.523
2025   1  27390 GPS  -2267750.805  5009154.047  3221294.535
2025   1  27420 GPS  -2267750.506  5009153.477  3221294.002
2025   1  27450 GPS  -2267751.634  5009153.377  3221294.136
2025   1  27480 GPS  -2267750.339  5009152.882  3221293.805
2025   1  27510 GPS  -2267750.730  5009152.704  3221293.803
2025   1  27540 GPS  -2267751.610  5009152.316  3221293.252
2025   1  27570 GPS  -2267751.854  5009154.119  3221293.807
2025   1  27600 GPS  -2267750.018  5009153.603  3221292.656
2025   1  27630 GPS  -2267748.616  5009151.591  3221292.662
2025   1  27660 GPS  -2267750.588  5009153.611  3221293.611
2025   1  27690 GPS  -2267750.768  5009154.101  3221293.297
2025   1  27720 GPS  -2267749.615  5009153.936  3221293.130
2025   1  27750 GPS  -2267750.007  5009153.750  3221292.430
2025   1  27780 GPS  -2267750.719  5009153.769  3221292.206
2025   1  27810 GPS  -2267751.288  5009153.495  3221293.459
2025   1  27840 GPS  -2267750.354  5009154.839  3221293.497
2025   1  27870 GPS  -2267749.763  5009154.393  3221293.068
2025   1  27900 GPS  -2267749.508  5009154.639  3221293.763
2025   1  27930 GPS  -2267749.691  5009153.991  3221293.817
2025   1  27960 GPS  -2267750.464  5009157.049  3221295.340
2025   1  27990 GPS  -2267749.954  5009156.515  3221294.641
2025   1  28020 GPS  -2267749.672  5009154.110  3221293.454
2025   1  28050 GPS  -2267748.639  5009153.371  3221292.359
2025   1  28080 GPS  -2267747.833  5009151.203  3221292.543
2025   1  28110 GPS  -2267749.148  5009152.570  3221292.236
2025   1  28140 GPS  -2267750.494  5009152.225  3221292.785
2025   1  28170 GPS  -2267748.585  5009150.748  3221292.352
2025   1  28200 GPS  -2267750.098  5009152.281  3221293.417
2025   1  28230 GPS  -2267748.163  5009150.715  3221291.700
2025   1  28260 GPS  -2267749.514  5009153.248  3221292.985
2025   1  28290 GPS  -2267749.132  5009153.057  3221291.695
2025   1  28320 GPS  -2267749.481  5009152.792  3221290.374
2025   1  28350 GPS  -2267749.165  5009152.515  3221290.784
2025   1  28380 GPS  -2267748.240  5009151.429  3221291.324
2025   1  28410 GPS  -2267748.582  5009151.310  3221291.062
2025   1  28440 GPS  -2267748.432  5009152.424  3221290.778
2025   1  28470 GPS  -2267748.602  5009152.505  3221291.258
2025   1  28500 GPS  -2267746.852  5009150.848  3221290.279
2025   1  28530 GPS  -2267747.217  5009152.570  3221290.730
2025   1  28560 GPS  -2267747.490  5009153.188  3221291.891
2025   1  28590 GPS  -2267747.219  5009153.234  3221292.245
2025   1  28620 GPS  -2267748.133  5009152.554  3221291.145
2025   1  28650 GPS  -2267748.992  5009153.169  3221291.659
2025   1  28680 GPS  -2267748.633  5009152.325  3221291.568
2025   1  28710 GPS  -2267748.982  5009151.478  3221291.673
2025   1  28740 GPS  -2267749.548  5009152.530  3221292.707
2025   1  28770 GPS  -2267750.600  5009151.463  3221291.593
2025   1  28800 GPS  -2267750.566  5009152.370  3221291.344
2025   1  28830 GPS  -2267749.457  5009151.343  3221290.623
2025   1  28860 GPS  -2267750.254  5009152.787  3221291.456
2025   1  28890 GPS  -2267747.912  5009151.302  3221290.146
2025   1  28920 GPS  -2267747.895  5009151.060  3221290.493
2025   1  28950 GPS  -2267747.376  5009149.654  3221289.307
2025   1  28980 GPS  -2267748.262  5009152.413  3221291.560
2025   1  29010 GPS  -2267748.744  5009150.691  3221291.695
2025   1  29040 GPS  -2267748.123  5009149.065  3221289.526
2025   1  29070 GPS  -2267748.084  5009153.858  3221291.090
2025   1  29100 GPS  -2267747.527  5009152.230  3221290.899
2025   1  29130 GPS  -2267747.607  5009153.639  3221291.707
2025   1  29160 GPS  -2267747.961  5009151.633  3221291.166
2025   1  29190 GPS  -2267748.154  5009152.481  3221290.894
2025   1  29220 GPS  -2267750.056  5009152.051  3221292.017
2025   1  29250 GPS  -2267748.477  5009151.844  3221291.341
2025   1  29280 GPS  -2267749.103  5009152.189  3221292.312
2025   1  29310 GPS  -2267749.407  5009152.155  3221292.545
2025   1  29340 GPS  -2267748.802  5009151.170  3221291.769
2025   1  29370 GPS  -2267748.220  5009151.768  3221291.345
2025   1  29400 GPS  -2267748.806  5009153.186  3221292.461
2025   1  29430 GPS  -2267749.370  5009153.178  3221292.864
2025   1  29460 GPS  -2267750.173  5009151.486  3221292.400
2025   1  29490 GPS  -2267749.041  5009152.423  3221292.317
2025   1  29520 GPS  -2267749.966  5009153.610  3221291.874
2025   1  29550 GPS  -2267749.332  5009152.657  3221292.198
2025   1  29580 GPS  -2267750.037  5009151.670  3221290.920
2025   1  29610 GPS  -2267750.443  5009153.467  3221292.207
2025   1  29640 GPS  -2267748.436  5009154.019  3221291.837
2025   1  29670 GPS  -2267749.635  5009152.113  3221289.884
2025   1  29700 GPS  -2267750.055  5009152.512  3221291.306
2025   1  29730 GPS  -2267750.138  5009151.226  3221290.643
2025   1  29760 GPS  -2267750.062  5009151.688  3221290.632
2025   1  29790 GPS  -2267748.528  5009151.226  3221290.225
2025   1  29820 GPS  -2267748.801  5009150.360  3221290.082
2025   1  29850 GPS  -2267749.160  5009150.366  3221290.569
2025   1  29880 GPS  -2267748.725  5009151.211  3221291.303
2025   1  29910 GPS  -2267749.197  5009150.605  3221290.673
2025   1  29940 GPS  -2267749.097  5009151.497  3221291.375
2025   1  29970 GPS  -2267750.005  5009151.573  3221290.938
2025   1  30000 GPS  -2267749.342  5009149.984  3221289.658
2025   1  30030 GPS  -2267748.690  5009150.724  3221289.943
2025   1  30060 GPS  -2267749.679  5009152.809  3221291.357
2025   1  30090 GPS  -2267749.278  5009150.539  3221289.176
2025   1  30120 GPS  -2267748.843  5009149.864  3221289.764
2025   1  30150 GPS  -2267749.019  5009147.620  3221289.124
2025   1  30180 GPS  -2267748.346  5009149.288  3221289.034
2025   1  30210 GPS  -2267749.584  5009150.971  3221290.038
2025   1  30240 GPS  -2267749.394  5009151.944  3221290.059
2025   1  30270 GPS  -2267748.989  5009153.706  3221292.024
2025   1  30300 GPS  -2267748.476  5009150.963  3221289.673
2025   1  30330 GPS  -2267748.598  5009151.174  3221290.110
2025   1  30360 GPS  -2267747.688  5009150.268  3221288.867
2025   1  30390 GPS  -2267746.762  5009146.979  3221287.738
2025   1  30420 GPS  -2267746.041  5009146.971  3221286.680
2025   1  30450 GPS  -2267747.159  5009150.707  3221289.246
2025   1  30480 GPS  -2267749.024  5009150.387  3221289.054
2025   1  30510 GPS  -2267748.578  5009147.319  3221287.413
2025   1  30540 GPS  -2267748.420  5009150.501  3221290.351
2025   1  30570 GPS  -2267747.972  5009149.547  3221289.742
2025   1  30600 GPS  -2267747.855  5009148.802  3221288.358
2025   1  30630 GPS  -2267747.864  5009149.387  3221289.163
2025   1  30660 GPS  -2267748.106  5009149.370  3221288.864
2025   1  30690 GPS  -2267749.039  5009150.120  3221288.770
2025   1  30720 GPS  -2267749.486  5009152.084  3221291.272
2025   1  30750 GPS  -2267749.239  5009153.610  3221291.908
2025   1  30780 GPS  -2267747.737  5009152.336  3221291.359
2025   1  30810 GPS  -2267748.147  5009150.309  3221289.644
2025   1  30840 GPS  -2267749.188  5009152.773  3221291.900
2025   1  30870 GPS  -2267748.213  5009150.700  3221289.256
2025   1  30900 GPS  -2267746.595  5009149.602  3221288.373
2025   1  30930 GPS  -2267749.511  5009153.284  3221290.792
2025   1  30960 GPS  -2267750.510  5009154.232  3221291.522
2025   1  30990 GPS  -2267747.479  5009151.522  3221287.448
2025   1  31020 GPS  -2267747.229  5009149.526  3221286.414
2025   1  31050 GPS  -2267748.251  5009149.788  3221287.883
2025   1  31080 GPS  -2267747.412  5009148.265  3221286.895
2025   1  31110 GPS  -2267750.515  5009152.286  3221290.450
2025   1  31140 GPS  -2267749.519  5009150.080  3221287.648
2025   1  31170 GPS  -2267749.241  5009150.159  3221288.812
2025   1  31200 GPS  -2267747.849  5009152.153  3221289.118
2025   1  31230 GPS  -2267748.700  5009150.715  3221288.202
2025   1  31260 GPS  -2267746.178  5009149.043  3221285.908
2025   1  31290 GPS  -2267748.676  5009150.383  3221288.096
2025   1  31320 GPS  -2267747.423  5009148.437  3221285.684
2025   1  31350 GPS  -2267748.898  5009151.630  3221288.964
2025   1  31380 GPS  -2267748.523  5009150.426  3221287.756
2025   1  31410 GPS  -2267749.488  5009151.054  3221290.238
2025   1  31440 GPS  -2267746.598  5009147.958  3221287.594
2025   1  31470 GPS  -2267748.379  5009149.479  3221288.196
2025   1  31500 GPS  -2267748.276  5009149.683  3221288.421
2025   1  31530 GPS  -2267748.168  5009151.349  3221289.872
2025   1  31560 GPS  -2267749.375  5009151.854  3221292.397
2025   1  31590 GPS  -2267749.599  5009152.175  3221290.847
2025   1  31620 GPS  -2267748.201  5009148.428  3221286.818
2025   1  31650 GPS  -2267749.503  5009151.502  3221289.586
2025   1  31680 GPS  -2267751.514  5009153.855  3221291.364
2025   1  31710 GPS  -2267749.998  5009151.553  3221287.485
2025   1  31740 GPS  -2267750.252  5009152.158  3221289.726
2025   1  31770 GPS  -2267749.463  5009151.913  3221289.419
2025   1  31800 GPS  -2267749.977  5009152.406  3221290.499
2025   1  31830 GPS  -2267749.137  5009150.843  3221287.069
2025   1  31860 GPS  -2267749.553  5009149.428  3221287.869
2025   1  31890 GPS  -2267748.937  5009151.272  3221290.691
2025   1  31920 GPS  -2267749.308  5009151.168  3221290.315
2025   1  31950 GPS  -2267748.697  5009149.555  3221286.891
2025   1  31980 GPS  -2267749.664  5009151.852  3221289.133
2025   1  32010 GPS  -2267750.322  5009150.839  3221288.012
2025   1  32040 GPS  -2267750.687  5009151.055  3221288.273
2025   1  32070 GPS  -2267748.506  5009146.810  3221282.600
2025   1  32100 GPS  -2267746.015  5009144.591  3221279.573
2025   1  32130 GPS  -2267746.839  5009145.194  3221280.970
2025   1  32160 GPS  -2267746.170  5009142.023  3221276.714
2025   1  32190 GPS  -2267752.885  5009156.865  3221294.548
2025   1  32220 GPS  -2267749.676  5009150.233  3221289.311
2025   1  32250 GPS  -2267749.067  5009149.441  3221286.885
2025   1  32280 GPS  -2267751.481  5009151.449  3221288.777
2025   1  32310 GPS  -2267749.374  5009151.850  3221286.719
2025   1  32340 GPS  -2267750.044  5009153.633  3221290.025
2025   1  32370 GPS  -2267748.444  5009151.005  3221287.411
2025   1  32400 GPS  -2267750.497  5009152.210  3221287.995
2025   1  32430 GPS  -2267751.480  5009154.647  3221291.349
2025   1  32460 GPS  -2267748.579  5009149.111  3221288.455
2025   1  32490 GPS  -2267749.214  5009150.536  3221289.073
2025   1  32520 GPS  -2267747.922  5009146.369  3221282.803
2025   1  32550 GPS  -2267746.676  5009145.670  3221281.240
2025   1  32580 GPS  -2267748.920  5009147.800  3221285.504
2025   1  32610 GPS  -2267748.069  5009147.954  3221286.844
2025   1  32640 GPS  -2267749.519  5009149.243  3221286.464
2025   1  32670 GPS  -2267749.662  5009145.868  3221282.097
2025   1  32700 GPS  -2267750.186  5009148.996  3221285.362
2025   1  32730 GPS  -2267752.072  5009151.466  3221288.507
2025   1  32760 GPS  -2267748.794  5009149.557  3221286.158
2025   1  32790 GPS  -2267749.453  5009147.884  3221283.773
2025   1  32820 GPS  -2267749.111  5009149.258  3221285.050
2025   1  32850 GPS  -2267749.975  5009151.281  3221286.570
2025   1  32880 GPS  -2267752.128  5009153.513  3221290.678
2025   1  32910 GPS  -2267752.823  5009155.154  3221292.162
2025   1  32940 GPS  -2267750.504  5009151.309  3221288.364
2025   1  32970 GPS  -2267749.484  5009148.384  3221285.379
2025   1  33000 GPS  -2267753.738  5009155.896  3221294.492
2025   1  33030 GPS  -2267749.820  5009151.173  3221284.800
2025   1  33060 GPS  -2267751.426  5009151.427  3221286.786
2025   1  33090 GPS  -2267751.147  5009152.676  3221288.837
2025   1  33120 GPS  -2267749.469  5009150.825  3221287.106
2025   1  33150 GPS  -2267750.076  5009153.227  3221289.410
2025   1  33180 GPS  -2267748.384  5009149.546  3221283.295
2025   1  33210 GPS  -2267749.197  5009149.127  3221283.332
2025   1  33240 GPS  -2267750.762  5009153.532  3221288.826
2025   1  33270 GPS  -2267751.780  5009153.590  3221289.505
2025   1  33300 GPS  -2267752.380  5009157.347  3221295.567
2025   1  33330 GPS  -2267750.997  5009154.869  3221291.172
2025   1  33360 GPS  -2267751.958  5009155.051  3221291.734
2025   1  33390 GPS  -2267750.398  5009151.691  3221287.808
2025   1  33420 GPS  -2267751.786  5009152.054  3221290.900
2025   1  33450 GPS  -2267748.543  5009149.247  3221286.275
2025   1  33480 GPS  -2267748.512  5009151.357  3221287.311
2025   1  33510 GPS  -2267749.883  5009151.818  3221287.272
2025   1  33540 GPS  -2267751.361  5009152.270  3221288.389
2025   1  33570 GPS  -2267750.873  5009153.901  3221287.924
2025   1  33600 GPS  -2267751.239  5009153.336  3221289.731
2025   1  33630 GPS  -2267751.300  5009154.278  3221291.316
2025   1  33660 GPS  -2267751.687  5009155.397  3221292.745
2025   1  33690 GPS  -2267752.960  5009157.167  3221295.636
2025   1  33720 GPS  -2267751.880  5009156.505  3221295.301
2025   1  33750 GPS  -2267752.170  5009159.805  3221296.245
2025   1  33780 GPS  -2267751.498  5009159.484  3221296.364
2025   1  33810 GPS  -2267753.438  5009157.365  3221294.975
2025   1  33840 GPS  -2267752.142  5009152.238  3221286.813
2025   1  33870 GPS  -2267752.725  5009155.795  3221289.576
2025   1  33900 GPS  -2267753.556  5009157.809  3221292.679
2025   1  33930 GPS  -2267752.969  5009157.648  3221295.461
2025   1  33960 GPS  -2267753.560  5009159.014  3221296.413
2025   1  33990 GPS  -2267752.494  5009156.296  3221295.037
2025   1  34020 GPS  -2267751.897  5009156.743  3221296.906
2025   1  34050 GPS  -2267752.751  5009158.473  3221295.926
2025   1  34080 GPS  -2267752.501  5009157.184  3221295.390
2025   1  34110 GPS  -2267752.071  5009155.591  3221295.618
2025   1  34140 GPS  -2267752.356  5009157.163  3221296.026
2025   1  34170 GPS  -2267752.310  5009155.831  3221295.292
2025   1  34200 GPS  -2267752.556  5009155.687  3221294.528
2025   1  34230 GPS  -2267752.949  5009157.537  3221296.051
2025   1  34260 GPS  -2267752.572  5009157.223  3221297.503
2025   1  34290 GPS  -2267751.687  5009153.924  3221293.623
2025   1  34320 GPS  -2267751.579  5009155.666  3221293.098
2025   1  34350 GPS  -2267752.879  5009156.964  3221295.197
2025   1  34380 GPS  -2267752.419  5009156.505  3221296.515
2025   1  34410 GPS  -2267751.922  5009159.063  3221298.189
2025   1  34440 GPS  -2267750.255  5009156.767  3221293.974
2025   1  34470 GPS  -2267749.582  5009154.647  3221294.012
2025   1  34500 GPS  -2267751.547  5009157.164  3221294.726
2025   1  34530 GPS  -2267751.962  5009157.435  3221294.133
2025   1  34560 GPS  -2267752.015  5009155.396  3221292.816
2025   1  34590 GPS  -2267752.951  5009157.959  3221294.370
2025   1  34620 GPS  -2267753.037  5009160.774  3221295.751
2025   1  34650 GPS  -2267753.542  5009159.957  3221296.598
2025   1  34680 GPS  -2267755.180  5009161.324  3221296.056
2025   1  34710 GPS  -2267753.094  5009155.211  3221291.193
2025   1  34740 GPS  -2267753.002  5009159.297  3221297.079
2025   1  34770 GPS  -2267753.327  5009156.448  3221292.609
2025   1  34800 GPS  -2267753.044  5009157.352  3221294.898
2025   1  34830 GPS  -2267753.300  5009157.924  3221295.281
2025   1  34860 GPS  -2267751.800  5009156.422  3221293.566
2025   1  34890 GPS  -2267751.253  5009155.153  3221293.967
2025   1  34920 GPS  -2267752.395  5009158.642  3221296.018
2025   1  34950 GPS  -2267751.258  5009157.315  3221294.915
2025   1  34980 GPS  -2267751.387  5009153.570  3221291.933
2025   1  35010 GPS  -2267749.614  5009156.903  3221295.668
2025   1  35040 GPS  -2267750.874  5009158.689  3221296.938
2025   1  35070 GPS  -2267751.568  5009159.017  3221297.628
2025   1  35100 GPS  -2267751.065  5009158.721  3221297.037
2025   1  35130 GPS  -2267752.180  5009155.102  3221293.284
2025   1  35160 GPS  -2267752.390  5009153.065  3221291.510
2025   1  35190 GPS  -2267752.042  5009158.428  3221296.713
2025   1  35220 GPS  -2267752.382  5009159.515  3221295.624
2025   1  35250 GPS  -2267752.298  5009160.139  3221297.499
2025   1  35280 GPS  -2267752.561  5009159.294  3221296.386
2025   1  35310 GPS  -2267752.542  5009157.991  3221294.501
2025   1  35340 GPS  -2267753.772  5009160.219  3221294.991
2025   1  35370 GPS  -2267753.884  5009162.890  3221297.697
2025   1  35400 GPS  -2267754.582  5009161.473  3221297.273
2025   1  35430 GPS  -2267752.814  5009160.854  3221297.471
2025   1  35460 GPS  -2267753.186  5009161.842  3221298.065
2025   1  35490 GPS  -2267753.191  5009159.072  3221295.688
2025   1  35520 GPS  -2267752.788  5009160.315  3221295.812
2025   1  35550 GPS  -2267752.748  5009161.015  3221296.806
2025   1  35580 GPS  -2267752.139  5009158.324  3221295.636
2025   1  35610 GPS  -2267751.737  5009159.446  3221297.889
2025   1  35640 GPS  -2267753.347  5009160.349  3221298.157
2025   1  35670 GPS  -2267752.212  5009159.812  3221299.324
2025   1  35700 GPS  -2267753.211  5009162.066  3221299.821
2025   1  35730 GPS  -2267753.651  5009162.987  3221298.194
2025   1  35760 GPS  -2267753.196  5009160.107  3221296.871
2025   1  35790 GPS  -2267752.910  5009160.940  3221297.820
2025   1  35820 GPS  -2267753.368  5009158.635  3221296.149
2025   1  35850 GPS  -2267753.630  5009159.156  3221294.927
2025   1  35880 GPS  -2267753.453  5009159.523  3221296.723
2025   1  35910 GPS  -2267752.937  5009158.140  3221294.444
2025   1  35940 GPS  -2267753.555  5009159.789  3221295.934
2025   1  35970 GPS  -2267753.466  5009160.612  3221297.629
2025   1  36000 GPS  -2267752.589  5009159.790  3221297.740
2025   1  36030 GPS  -2267751.846  5009157.846  3221296.112
2025   1  36060 GPS  -2267752.801  5009159.202  3221295.693
2025   1  36090 GPS  -2267752.119  5009158.228  3221295.882
2025   1  36120 GPS  -2267752.549  5009158.161  3221295.538
2025   1  36150 GPS  -2267753.377  5009159.768  3221297.895
2025   1  36180 GPS  -2267752.572  5009160.373  3221298.275
2025   1  36210 GPS  -2267753.678  5009160.585  3221297.766
2025   1  36240 GPS  -2267753.898  5009161.478  3221298.940
2025   1  36270 GPS  -2267751.999  5009159.013  3221297.793
2025   1  36300 GPS  -2267753.632  5009160.551  3221297.136
2025   1  36330 GPS  -2267754.224  5009162.341  3221299.139
2025   1  36360 GPS  -2267753.625  5009160.565  3221298.791
2025   1  36390 GPS  -2267754.091  5009161.094  3221299.402
2025   1  36420 GPS  -2267754.203  5009162.125  3221298.611
2025   1  36450 GPS  -2267754.145  5009161.019  3221297.847
2025   1  36480 GPS  -2267754.545  5009162.006  3221297.895
2025   1  36510 GPS  -2267754.605  5009159.936  3221295.716
2025   1  36540 GPS  -2267754.872  5009161.018  3221296.313
2025   1  36570 GPS  -2267753.968  5009161.098  3221296.714
2025   1  36600 GPS  -2267754.501  5009163.982  3221298.754
2025   1  36630 GPS  -2267755.061  5009164.041  3221298.782
2025   1  36660 GPS  -2267754.448  5009161.711  3221297.571
2025   1  36690 GPS  -2267753.015  5009157.846  3221296.444
2025   1  36720 GPS  -2267752.804  5009158.754  3221297.676
2025   1  36750 GPS  -2267753.091  5009160.484  3221297.587
2025   1  36780 GPS  -2267751.437  5009159.095  3221295.741
2025   1  36810 GPS  -2267751.455  5009157.640  3221296.332
2025   1  36840 GPS  -2267753.623  5009160.204  3221297.044
2025   1  36870 GPS  -2267752.649  5009157.663  3221295.645
2025   1  36900 GPS  -2267752.579  5009155.758  3221295.339
2025   1  36930 GPS  -2267754.827  5009160.701  3221298.052
2025   1  36960 GPS  -2267755.388  5009161.983  3221297.778
2025   1  36990 GPS  -2267754.369  5009159.195  3221296.466
2025   1  37020 GPS  -2267754.309  5009157.853  3221296.100
2025   1  37050 GPS  -2267754.799  5009160.147  3221297.083
2025   1  37080 GPS  -2267754.682  5009161.054  3221296.991
2025   1  37110 GPS  -2267755.369  5009160.754  3221296.371
2025   1  37140 GPS  -2267755.248  5009161.438  3221296.681
2025   1  37170 GPS  -2267755.117  5009162.353  3221298.856
2025   1  37200 GPS  -2267753.508  5009161.035  3221297.429
2025   1  37230 GPS  -2267754.246  5009161.710  3221297.876
2025   1  37260 GPS  -2267754.129  5009161.351  3221297.364
2025   1  37290 GPS  -2267753.436  5009160.896  3221296.599
2025   1  37320 GPS  -2267754.874  5009161.603  3221297.669
2025   1  37350 GPS  -2267754.146  5009160.823  3221297.840
2025   1  37380 GPS  -2267755.078  5009161.617  3221298.532
2025   1  37410 GPS  -2267754.896  5009163.511  3221298.679
2025   1  37440 GPS  -2267754.849  5009162.204  3221297.350
2025   1  37470 GPS  -2267754.967  5009160.485  3221296.205
2025   1  37500 GPS  -2267755.091  5009162.162  3221297.405
2025   1  37530 GPS  -2267751.869  5009158.468  3221295.453
2025   1  37560 GPS  -2267753.323  5009161.827  3221297.252
2025   1  37590 GPS  -2267754.525  5009161.889  3221299.004
2025   1  37620 GPS  -2267756.159  5009163.195  3221297.946
2025   1  37650 GPS  -2267753.781  5009158.795  3221295.929
2025   1  37680 GPS  -2267753.398  5009159.161  3221297.853
2025   1  37710 GPS  -2267753.156  5009158.516  3221297.187
2025   1  37740 GPS  -2267752.339  5009158.023  3221295.800
2025   1  37770 GPS  -2267755.411  5009164.264  3221298.524
2025   1  37800 GPS  -2267754.789  5009160.379  3221297.441
2025   1  37830 GPS  -2267755.260  5009161.255  3221297.876
2025   1  37860 GPS  -2267757.790  5009165.175  3221299.126
2025   1  37890 GPS  -2267753.730  5009157.637  3221295.649
2025   1  37920 GPS  -2267755.599  5009162.215  3221299.042
2025   1  37950 GPS  -2267755.105  5009161.315  3221298.520
2025   1  37980 GPS  -2267753.662  5009158.508  3221295.507
2025   1  38010 GPS  -2267754.671  5009161.838  3221297.290
2025   1  38040 GPS  -2267755.412  5009161.516  3221298.138
2025   1  38070 GPS  -2267755.225  5009159.280  3221297.537
2025   1  38100 GPS  -2267756.385  5009161.895  3221298.140
2025   1  38130 GPS  -2267755.923  5009160.583  3221298.055
2025   1  38160 GPS  -2267754.059  5009158.363  3221296.776
2025   1  38190 GPS  -2267755.765  5009160.619  3221297.935
2025   1  38220 GPS  -2267754.558  5009159.044  3221297.258
2025   1  38250 GPS  -2267753.465  5009156.374  3221296.529
2025   1  38280 GPS  -2267754.451  5009160.061  3221297.530
2025   1  38310 GPS  -2267753.590  5009156.905  3221294.457
2025   1  38340 GPS  -2267754.736  5009159.788  3221296.875
2025   1  38370 GPS  -2267752.708  5009154.180  3221295.762
2025   1  38400 GPS  -2267755.143  5009158.497  3221296.328
2025   1  38430 GPS  -2267752.766  5009154.515  3221295.004
2025   1  38460 GPS  -2267752.778  5009155.475  3221294.910
2025   1  38490 GPS  -2267755.173  5009158.288  3221295.602
2025   1  38520 GPS  -2267752.893  5009156.753  3221296.003
2025   1  38550 GPS  -2267754.795  5009159.171  3221297.244
2025   1  38580 GPS  -2267753.407  5009157.069  3221297.430
2025   1  38610 GPS  -2267754.956  5009160.046  3221298.187
2025   1  38640 GPS  -2267753.237  5009158.145  3221297.007
2025   1  38670 GPS  -2267750.928  5009154.625  3221294.178
2025   1  38700 GPS  -2267753.002  5009156.351  3221294.853
2025   1  38730 GPS  -2267753.006  5009157.282  3221296.052
2025   1  38760 GPS  -2267754.138  5009157.242  3221296.531
2025   1  38790 GPS  -2267755.080  5009156.978  3221296.338
2025   1  38820 GPS  -2267757.167  5009161.044  3221297.861
2025   1  38850 GPS  -2267754.980  5009157.845  3221296.108
2025   1  38880 GPS  -2267753.138  5009156.304  3221295.944
2025   1  38910 GPS  -2267754.184  5009159.447  3221295.828
2025   1  38940 GPS  -2267754.012  5009160.211  3221297.826
2025   1  38970 GPS  -2267753.362  5009158.157  3221296.293
2025   1  39000 GPS  -2267753.712  5009159.085  3221297.375
2025   1  39030 GPS  -2267753.284  5009157.632  3221295.865
2025   1  39060 GPS  -2267751.747  5009155.572  3221294.760
2025   1  39090 GPS  -2267751.813  5009156.043  3221293.416
2025   1  39120 GPS  -2267752.939  5009157.357  3221294.663
2025   1  39150 GPS  -2267752.806  5009155.015  3221294.333
2025   1  39180 GPS  -2267751.281  5009152.040  3221294.140
2025   1  39210 GPS  -2267753.188  5009153.729  3221294.797
2025   1  39240 GPS  -2267755.055  5009156.430  3221295.846
2025   1  39270 GPS  -2267754.164  5009155.989  3221295.987
2025   1  39300 GPS  -2267753.123  5009155.583  3221295.063
2025   1  39330 GPS  -2267753.073  5009154.815  3221294.617
2025   1  39360 GPS  -2267754.103  5009155.676  3221295.539
2025   1  39390 GPS  -2267751.183  5009150.778  3221291.812
2025   1  39420 GPS  -2267750.980  5009152.734  3221293.753
2025   1  39450 GPS  -2267750.633  5009152.792  3221294.144
2025   1  39480 GPS  -2267753.817  5009156.720  3221294.312
2025   1  39510 GPS  -2267750.132  5009151.136  3221292.753
2025   1  39540 GPS  -2267751.568  5009152.588  3221293.707
2025   1  39570 GPS  -2267753.991  5009154.349  3221295.949
2025   1  39600 GPS  -2267748.374  5009149.020  3221293.280
2025   1  39630 GPS  -2267749.392  5009150.510  3221294.185
2025   1  39660 GPS  -2267750.741  5009151.759  3221293.587
2025   1  39690 GPS  -2267750.309  5009152.008  3221294.122
2025   1  39720 GPS  -2267748.880  5009150.364  3221293.913
2025   1  39750 GPS  -2267750.375  5009151.974  3221295.599
2025   1  39780 GPS  -2267749.630  5009149.923  3221294.238
2025   1  39810 GPS  -2267748.528  5009149.292  3221294.336
2025   1  39840 GPS  -2267749.610  5009149.734  3221293.053
2025   1  39870 GPS  -2267749.459  5009150.107  3221293.644
2025   1  39900 GPS  -2267749.618  5009149.355  3221293.743
2025   1  39930 GPS  -2267748.143  5009147.015  3221293.119
2025   1  39960 GPS  -2267749.605  5009151.343  3221294.714
2025   1  39990 GPS  -2267750.516  5009151.952  3221294.592
2025   1  40020 GPS  -2267751.683  5009152.581  3221295.046
2025   1  40050 GPS  -2267750.188  5009152.748  3221294.411
2025   1  40080 GPS  -2267751.767  5009155.491  3221296.042
2025   1  40110 GPS  -2267750.983  5009152.605  3221294.456
2025   1  40140 GPS  -2267751.424  5009152.595  3221293.879
2025   1  40170 GPS  -2267749.757  5009152.183  3221293.218
2025   1  40200 GPS  -2267749.413  5009150.117  3221293.167
2025   1  40230 GPS  -2267751.237  5009152.114  3221293.664
2025   1  40260 GPS  -2267752.539  5009152.117  3221294.484
2025   1  40290 GPS  -2267751.272  5009154.195  3221295.143
2025   1  40320 GPS  -2267751.149  5009152.777  3221293.723
2025   1  40350 GPS  -2267751.057  5009151.389  3221294.443
2025   1  40380 GPS  -2267750.481  5009150.810  3221294.058
2025   1  40410 GPS  -2267750.709  5009151.697  3221296.143
2025   1  40440 GPS  -2267750.805  5009152.333  3221295.546
2025   1  40470 GPS  -2267749.794  5009150.251  3221294.462
2025   1  40500 GPS  -2267751.321  5009153.098  3221294.768
2025   1  40530 GPS  -2267750.730  5009151.320  3221295.063
2025   1  40560 GPS  -2267751.685  5009150.594  3221294.605
2025   1  40590 GPS  -2267752.117  5009149.870  3221293.394
2025   1  40620 GPS  -2267751.108  5009150.224  3221295.255
2025   1  40650 GPS  -2267750.791  5009149.819  3221294.399
2025   1  40680 GPS  -2267750.892  5009152.200  3221294.724
2025   1  40710 GPS  -2267750.287  5009150.387  3221293.719
2025   1  40740 GPS  -2267750.141  5009151.914  3221295.063
2025   1  40770 GPS  -2267751.086  5009151.762  3221294.015
2025   1  40800 GPS  -2267751.888  5009151.740  3221293.935
2025   1  40830 GPS  -2267750.751  5009150.155  3221292.619
2025   1  40860 GPS  -2267750.712  5009149.211  3221292.354
2025   1  40890 GPS  -2267750.554  5009151.511  3221294.592
2025   1  40920 GPS  -2267750.603  5009151.497  3221295.348
2025   1  40950 GPS  -2267751.193  5009151.373  3221294.266
2025   1  40980 GPS  -2267750.301  5009147.096  3221292.768
2025   1  41010 GPS  -2267751.217  5009148.418  3221293.679
2025   1  41040 GPS  -2267750.908  5009148.592  3221294.545
2025   1  41070 GPS  -2267752.173  5009147.872  3221293.962
2025   1  41100 GPS  -2267751.566  5009148.702  3221294.628
2025   1  41130 GPS  -2267752.427  5009147.993  3221293.518
2025   1  41160 GPS  -2267751.755  5009148.586  3221293.096
2025   1  41190 GPS  -2267751.641  5009148.368  3221292.411
2025   1  41220 GPS  -2267751.930  5009150.679  3221293.207
2025   1  41250 GPS  -2267751.343  5009150.180  3221294.373
2025   1  41280 GPS  -2267750.586  5009149.456  3221293.805
2025   1  41310 GPS  -2267753.102  5009151.033  3221293.446
2025   1  41340 GPS  -2267753.624  5009151.535  3221292.301
2025   1  41370 GPS  -2267753.337  5009153.404  3221293.519
2025   1  41400 GPS  -2267753.256  5009152.946  3221293.516
2025   1  41430 GPS  -2267750.789  5009150.396  3221293.142
2025   1  41460 GPS  -2267752.154  5009149.956  3221292.835
2025   1  41490 GPS  -2267751.359  5009150.261  3221293.578
2025   1  41520 GPS  -2267750.909  5009149.099  3221293.066
2025   1  41550 GPS  -2267750.841  5009149.156  3221292.885
2025   1  41580 GPS  -2267750.507  5009149.665  3221293.624
2025   1  41610 GPS  -2267751.644  5009150.874  3221293.445
2025   1  41640 GPS  -2267750.038  5009151.969  3221295.012
2025   1  41670 GPS  -2267750.090  5009152.475  3221294.439
2025   1  41700 GPS  -2267752.061  5009154.475  3221295.707
2025   1  41730 GPS  -2267751.084  5009153.828  3221295.218
2025   1  41760 GPS  -2267751.039  5009152.774  3221294.230
2025   1  41790 GPS  -2267750.379  5009153.315  3221293.670
2025   1  41820 GPS  -2267750.351  5009152.739  3221294.443
2025   1  41850 GPS  -2267751.540  5009155.183  3221294.750
2025   1  41880 GPS  -2267751.209  5009153.033  3221294.421
2025   1  41910 GPS  -2267752.247  5009153.180  3221294.010
2025   1  41940 GPS  -2267751.952  5009152.878  3221295.401
2025   1  41970 GPS  -2267750.563  5009151.794  3221293.910
2025   1  42000 GPS  -2267750.065  5009151.222  3221293.015
2025   1  42030 GPS  -2267750.064  5009150.428  3221294.191
2025   1  42060 GPS  -2267750.566  5009151.752  3221294.151
2025   1  42090 GPS  -2267751.122  5009152.808  3221293.724
2025   1  42120 GPS  -2267751.180  5009151.567  3221292.303
2025   1  42150 GPS  -2267751.468  5009153.028  3221293.811
2025   1  42180 GPS  -2267750.742  5009152.635  3221294.191
2025   1  42210 GPS  -2267751.262  5009154.596  3221293.153
2025   1  42240 GPS  -2267751.633  5009155.453  3221293.577
2025   1  42270 GPS  -2267752.368  5009155.807  3221293.373
2025   1  42300 GPS  -2267751.775  5009154.506  3221293.861
2025   1  42330 GPS  -2267752.030  5009153.276  3221293.796
2025   1  42360 GPS  -2267752.003  5009154.680  3221294.294
2025   1  42390 GPS  -2267752.222  5009154.769  3221293.670
2025   1  42420 GPS  -2267750.735  5009154.181  3221295.073
2025   1  42450 GPS  -2267752.195  5009153.097  3221293.809
2025   1  42480 GPS  -2267752.322  5009155.404  3221293.976
2025   1  42510 GPS  -2267750.577  5009153.373  3221293.545
2025   1  42540 GPS  -2267750.064  5009151.860  3221293.704
2025   1  42570 GPS  -2267749.533  5009151.166  3221292.231
2025   1  42600 GPS  -2267749.516  5009153.594  3221293.681
2025   1  42630 GPS  -2267748.798  5009151.048  3221293.433
2025   1  42660 GPS  -2267750.348  5009152.932  3221293.518
2025   1  42690 GPS  -2267749.963  5009153.052  3221293.714
2025   1  42720 GPS  -2267750.309  5009152.871  3221293.070
2025   1  42750 GPS  -2267751.234  5009152.642  3221292.290
2025   1  42780 GPS  -2267751.209  5009153.403  3221293.986
2025   1  42810 GPS  -2267750.686  5009153.653  3221293.128
2025   1  42840 GPS  -2267750.484  5009153.173  3221292.582
2025   1  42870 GPS  -2267749.962  5009151.707  3221292.782
2025   1  42900 GPS  -2267749.585  5009152.960  3221293.315
2025   1  42930 GPS  -2267751.012  5009153.727  3221292.813
2025   1  42960 GPS  -2267751.571  5009154.255  3221292.847
2025   1  42990 GPS  -2267750.706  5009157.842  3221294.487
2025   1  43020 GPS  -2267751.606  5009157.616  3221293.904
2025   1  43050 GPS  -2267751.622  5009154.501  3221293.882
2025   1  43080 GPS  -2267751.078  5009153.594  3221291.281
2025   1  43110 GPS  -2267752.325  5009154.759  3221293.418
2025   1  43140 GPS  -2267751.299  5009150.418  3221292.229
2025   1  43170 GPS  -2267751.374  5009153.898  3221294.146
2025   1  43200 GPS  -2267751.486  5009153.702  3221292.714
2025   1  43230 GPS  -2267751.808  5009153.505  3221293.344
2025   1  43260 GPS  -2267750.164  5009149.700  3221292.115
2025   1  43290 GPS  -2267752.734  5009153.666  3221291.545
2025   1  43320 GPS  -2267752.700  5009153.872  3221291.989
2025   1  43350 GPS  -2267751.468  5009152.002  3221292.051
2025   1  43380 GPS  -2267752.805  5009155.190  3221291.176
2025   1  43410 GPS  -2267751.492  5009153.621  3221291.082
2025   1  43440 GPS  -2267751.579  5009155.765  3221292.088
2025   1  43470 GPS  -2267752.163  5009155.077  3221293.058
2025   1  43500 GPS  -2267750.958  5009152.608  3221291.229
2025   1  43530 GPS  -2267752.133  5009154.390  3221292.240
2025   1  43560 GPS  -2267750.861  5009154.062  3221291.516
2025   1  43590 GPS  -2267752.028  5009156.034  3221294.187
2025   1  43620 GPS  -2267751.356  5009152.951  3221292.447
2025   1  43650 GPS  -2267751.197  5009152.689  3221291.624
2025   1  43680 GPS  -2267750.478  5009150.663  3221290.654
2025   1  43710 GPS  -2267750.456  5009153.422  3221294.283
2025   1  43740 GPS  -2267749.015  5009152.424  3221291.826
2025   1  43770 GPS  -2267749.134  5009148.962  3221291.429
2025   1  43800 GPS  -2267751.402  5009151.819  3221292.669
2025   1  43830 GPS  -2267751.670  5009154.640  3221292.203
2025   1  43860 GPS  -2267751.030  5009155.466  3221293.861
2025   1  43890 GPS  -2267751.354  5009157.102  3221294.889
2025   1  43920 GPS  -2267750.692  5009154.749  3221294.019
2025   1  43950 GPS  -2267748.633  5009152.056  3221292.184
2025   1  43980 GPS  -2267748.025  5009151.554  3221293.206
2025   1  44010 GPS  -2267746.414  5009149.663  3221291.646
2025   1  44040 GPS  -2267747.961  5009147.394  3221289.279
2025   1  44070 GPS  -2267749.456  5009148.312  3221289.160
2025   1  44100 GPS  -2267749.641  5009152.505  3221290.817
2025   1  44130 GPS  -2267748.668  5009150.467  3221290.330
2025   1  44160 GPS  -2267749.257  5009152.604  3221291.640
2025   1  44190 GPS  -2267749.992  5009155.543  3221294.093
2025   1  44220 GPS  -2267750.426  5009154.181  3221292.248
2025   1  44250 GPS  -2267749.911  5009152.471  3221291.047
2025   1  44280 GPS  -2267749.565  5009151.636  3221291.244
2025   1  44310 GPS  -2267749.773  5009150.879  3221291.725
2025   1  44340 GPS  -2267750.215  5009150.368  3221291.109
2025   1  44370 GPS  -2267749.174  5009151.782  3221292.667
2025   1  44400 GPS  -2267748.600  5009154.128  3221294.828
2025   1  44430 GPS  -2267749.378  5009151.906  3221294.843
2025   1  44460 GPS  -2267748.833  5009152.143  3221294.568
2025   1  44490 GPS  -2267749.252  5009151.389  3221291.491
2025   1  44520 GPS  -2267749.804  5009154.374  3221293.644
2025   1  44550 GPS  -2267750.162  5009153.691  3221292.455
2025   1  44580 GPS  -2267748.345  5009152.553  3221292.042
2025   1  44610 GPS  -2267749.569  5009152.270  3221291.380
2025   1  44640 GPS  -2267748.373  5009152.002  3221291.205
2025   1  44670 GPS  -2267749.211  5009153.065  3221293.246
2025   1  44700 GPS  -2267746.795  5009149.600  3221292.161
2025   1  44730 GPS  -2267747.339  5009148.927  3221291.620
2025   1  44760 GPS  -2267751.139  5009156.713  3221295.494
2025   1  44790 GPS  -2267752.098  5009158.421  3221298.657
2025   1  44820 GPS  -2267750.584  5009153.125  3221291.920
2025   1  44850 GPS  -2267749.097  5009151.530  3221290.987
2025   1  44880 GPS  -2267749.704  5009151.943  3221292.367
2025   1  44910 GPS  -2267751.969  5009155.150  3221293.990
2025   1  44940 GPS  -2267749.892  5009153.739  3221292.645
2025   1  44970 GPS  -2267750.996  5009152.947  3221292.011
2025   1  45000 GPS  -2267749.976  5009153.112  3221293.469
2025   1  45030 GPS  -2267750.154  5009151.852  3221293.499
2025   1  45060 GPS  -2267750.095  5009152.318  3221293.176
2025   1  45090 GPS  -2267751.742  5009157.266  3221296.692
2025   1  45120 GPS  -2267752.020  5009156.844  3221295.501
2025   1  45150 GPS  -2267749.015  5009150.402  3221290.664
2025   1  45180 GPS  -2267750.867  5009155.571  3221294.926
2025   1  45210 GPS  -2267751.535  5009155.468  3221294.787
2025   1  45240 GPS  -2267750.215  5009151.839  3221290.584
2025   1  45270 GPS  -2267750.689  5009152.996  3221292.491
2025   1  45300 GPS  -2267749.944  5009153.420  3221293.658
2025   1  45330 GPS  -2267748.793  5009152.586  3221293.269
2025   1  45360 GPS  -2267747.844  5009152.030  3221290.486
2025   1  45390 GPS  -2267748.767  5009150.838  3221289.329
2025   1  45420 GPS  -2267748.526  5009153.826  3221292.553
2025   1  45450 GPS  -2267747.693  5009154.593  3221292.861
2025   1  45480 GPS  -2267747.514  5009153.058  3221292.163
2025   1  45510 GPS  -2267744.113  5009148.389  3221289.745
2025   1  45540 GPS  -2267747.343  5009152.896  3221292.356
2025   1  45570 GPS  -2267749.640  5009153.968  3221293.773
2025   1  45600 GPS  -2267748.666  5009153.226  3221294.024
2025   1  45630 GPS  -2267747.326  5009151.571  3221293.185
2025   1  45660 GPS  -2267747.419  5009150.900  3221291.336
2025   1  45690 GPS  -2267746.341  5009151.285  3221291.606
2025   1  45720 GPS  -2267746.787  5009149.912  3221290.528
2025   1  45750 GPS  -2267747.582  5009150.986  3221290.769
2025   1  45780 GPS  -2267750.362  5009150.337  3221289.531
2025   1  45810 GPS  -2267746.796  5009148.233  3221289.888
2025   1  45840 GPS  -2267750.981  5009154.442  3221295.698
2025   1  45870 GPS  -2267748.078  5009154.150  3221293.273
2025   1  45900 GPS  -2267749.092  5009154.133  3221293.924
2025   1  45930 GPS  -2267749.591  5009151.943  3221293.312
2025   1  45960 GPS  -2267748.598  5009150.521  3221293.099
2025   1  45990 GPS  -2267750.995  5009153.888  3221294.589
2025   1  46020 GPS  -2267749.423  5009152.022  3221292.036
2025   1  46050 GPS  -2267749.915  5009154.525  3221294.038
2025   1  46080 GPS  -2267748.825  5009152.554  3221292.386
2025   1  46110 GPS  -2267748.533  5009152.732  3221294.741
2025   1  46140 GPS  -2267747.939  5009152.616  3221292.543
2025   1  46170 GPS  -2267748.405  5009152.327  3221291.942
2025   1  46200 GPS  -2267749.461  5009154.085  3221294.940
2025   1  46230 GPS  -2267751.068  5009156.754  3221295.650
2025   1  46260 GPS  -2267751.759  5009155.907  3221295.286
2025   1  46290 GPS  -2267752.995  5009153.757  3221293.576
2025   1  46320 GPS  -2267748.529  5009149.818  3221289.556
2025   1  46350 GPS  -2267749.783  5009149.594  3221290.306
2025   1  46380 GPS  -2267750.636  5009150.042  3221290.991
2025   1  46410 GPS  -2267751.514  5009154.711  3221293.520
2025   1  46440 GPS  -2267753.104  5009155.652  3221294.177
2025   1  46470 GPS  -2267750.042  5009152.281  3221293.204
2025   1  46500 GPS  -2267750.774  5009154.179  3221293.862
2025   1  46530 GPS  -2267750.561  5009152.275  3221291.894
2025   1  46560 GPS  -2267748.534  5009151.168  3221291.616
2025   1  46590 GPS  -2267749.623  5009151.582  3221291.398
2025   1  46620 GPS  -2267749.524  5009151.514  3221291.005
2025   1  46650 GPS  -2267748.042  5009150.709  3221292.344
2025   1  46680 GPS  -2267750.131  5009153.554  3221293.383
2025   1  46710 GPS  -2267747.422  5009149.809  3221290.428
2025   1  46740 GPS  -2267748.477  5009151.997  3221291.418
2025   1  46770 GPS  -2267748.592  5009154.837  3221293.440
2025   1  46800 GPS  -2267751.223  5009156.004  3221295.029
2025   1  46830 GPS  -2267750.370  5009153.051  3221292.855
2025   1  46860 GPS  -2267752.817  5009157.555  3221294.465
2025   1  46890 GPS  -2267752.392  5009156.498  3221295.222
2025   1  46920 GPS  -2267747.693  5009152.863  3221292.148
2025   1  46950 GPS  -2267748.308  5009154.339  3221294.325
2025   1  46980 GPS  -2267751.990  5009154.876  3221294.584
2025   1  47010 GPS  -2267748.765  5009152.124  3221291.535
2025   1  47040 GPS  -2267750.477  5009152.685  3221292.413
2025   1  47070 GPS  -2267750.704  5009151.779  3221291.234
2025   1  47100 GPS  -2267749.581  5009152.883  3221293.681
2025   1  47130 GPS  -2267749.766  5009152.201  3221293.926
2025   1  47160 GPS  -2267749.994  5009153.390  3221294.144
2025   1  47190 GPS  -2267749.976  5009154.371  3221294.073
2025   1  47220 GPS  -2267750.363  5009152.893  3221293.214
2025   1  47250 GPS  -2267750.675  5009154.492  3221293.855
2025   1  47280 GPS  -2267750.382  5009154.173  3221293.019
2025   1  47310 GPS  -2267750.466  5009153.216  3221294.131
2025   1  47340 GPS  -2267752.173  5009155.628  3221296.042
2025   1  47370 GPS  -2267750.295  5009152.477  3221293.994
2025   1  47400 GPS  -2267749.974  5009153.713  3221294.171
2025   1  47430 GPS  -2267751.518  5009154.925  3221294.049
2025   1  47460 GPS  -2267751.883  5009157.352  3221296.280
2025   1  47490 GPS  -2267752.108  5009157.699  3221295.470
2025   1  47520 GPS  -2267748.971  5009153.890  3221292.563
2025   1  47550 GPS  -2267750.858  5009156.203  3221295.036
2025   1  47580 GPS  -2267748.544  5009153.168  3221292.604
2025   1  47610 GPS  -2267746.543  5009151.761  3221292.366
2025   1  47640 GPS  -2267748.729  5009154.131  3221294.146
2025   1  47670 GPS  -2267748.547  5009152.570  3221292.840
2025   1  47700 GPS  -2267749.548  5009152.470  3221293.686
2025   1  47730 GPS  -2267749.714  5009151.884  3221292.435
2025   1  47760 GPS  -2267749.629  5009152.218  3221292.698
2025   1  47790 GPS  -2267751.680  5009155.878  3221293.752
2025   1  47820 GPS  -2267753.436  5009157.007  3221293.203
2025   1  47850 GPS  -2267753.874  5009157.616  3221293.632
2025   1  47880 GPS  -2267753.390  5009156.909  3221294.192
2025   1  47910 GPS  -2267749.940  5009154.533  3221292.433
2025   1  47940 GPS  -2267752.465  5009156.868  3221294.499
2025   1  47970 GPS  -2267752.204  5009157.518  3221294.183
2025   1  48000 GPS  -2267752.223  5009156.105  3221294.118
2025   1  48030 GPS  -2267751.263  5009155.051  3221293.461
2025   1  48060 GPS  -2267750.743  5009155.797  3221293.493
2025   1  48090 GPS  -2267749.238  5009154.490  3221292.348
2025   1  48120 GPS  -2267750.900  5009155.424  3221293.893
2025   1  48150 GPS  -2267752.365  5009157.326  3221293.006
2025   1  48180 GPS  -2267751.661  5009155.929  3221293.557
2025   1  48210 GPS  -2267749.728  5009153.565  3221293.243
2025   1  48240 GPS  -2267749.462  5009153.001  3221291.719
2025   1  48270 GPS  -2267749.940  5009152.158  3221291.884
2025   1  48300 GPS  -2267748.751  5009150.631  3221292.286
2025   1  48330 GPS  -2267748.460  5009149.144  3221291.659
2025   1  48360 GPS  -2267748.658  5009147.879  3221291.230
2025   1  48390 GPS  -2267750.285  5009150.510  3221292.414
2025   1  48420 GPS  -2267750.688  5009153.479  3221292.516
2025   1  48450 GPS  -2267751.100  5009154.573  3221293.251
2025   1  48480 GPS  -2267750.481  5009154.171  3221292.440
2025   1  48510 GPS  -2267750.527  5009154.673  3221293.721
2025   1  48540 GPS  -2267750.781  5009153.571  3221292.695
2025   1  48570 GPS  -2267749.570  5009153.125  3221294.354
2025   1  48600 GPS  -2267749.899  5009153.290  3221292.063
2025   1  48630 GPS  -2267750.006  5009155.156  3221293.809
2025   1  48660 GPS  -2267749.099  5009155.509  3221293.288
2025   1  48690 GPS  -2267750.525  5009154.582  3221293.520
2025   1  48720 GPS  -2267748.938  5009153.959  3221292.988
2025   1  48750 GPS  -2267750.657  5009155.418  3221293.773
2025   1  48780 GPS  -2267751.987  5009160.876  3221294.426
2025   1  48810 GPS  -2267750.163  5009154.657  3221294.345
2025   1  48840 GPS  -2267751.348  5009155.471  3221294.596
2025   1  48870 GPS  -2267750.976  5009155.527  3221295.547
2025   1  48900 GPS  -2267750.568  5009155.187  3221295.725
2025   1  48930 GPS  -2267750.640  5009154.901  3221294.677
2025   1  48960 GPS  -2267750.573  5009153.666  3221294.454
2025   1  48990 GPS  -2267751.215  5009157.435  3221295.235
2025   1  49020 GPS  -2267748.957  5009151.328  3221292.714
2025   1  49050 GPS  -2267751.798  5009156.648  3221294.364
2025   1  49080 GPS  -2267753.048  5009158.606  3221294.360
2025   1  49110 GPS  -2267751.125  5009157.520  3221293.485
2025   1  49140 GPS  -2267750.791  5009154.584  3221293.130
2025   1  49170 GPS  -2267750.347  5009156.040  3221293.844
2025   1  49200 GPS  -2267751.463  5009160.782  3221294.960
2025   1  49230 GPS  -2267751.700  5009159.375  3221294.757
2025   1  49260 GPS  -2267750.951  5009157.367  3221293.389
2025   1  49290 GPS  -2267752.181  5009155.562  3221293.878
2025   1  49320 GPS  -2267753.188  5009158.469  3221293.429
2025   1  49350 GPS  -2267750.189  5009155.164  3221292.844
2025   1  49380 GPS  -2267750.221  5009153.715  3221293.713
2025   1  49410 GPS  -2267750.054  5009154.019  3221293.402
2025   1  49440 GPS  -2267751.234  5009155.874  3221294.520
2025   1  49470 GPS  -2267750.880  5009154.728  3221293.697
2025   1  49500 GPS  -2267752.413  5009158.937  3221295.751
2025   1  49530 GPS  -2267750.345  5009154.778  3221294.137
2025   1  49560 GPS  -2267749.540  5009155.961  3221293.843
2025   1  49590 GPS  -2267749.631  5009155.888  3221294.006
2025   1  49620 GPS  -2267749.652  5009155.580  3221294.607
2025   1  49650 GPS  -2267749.449  5009155.640  3221294.038
2025   1  49680 GPS  -2267750.050  5009153.438  3221294.383
2025   1  49710 GPS  -2267748.824  5009154.043  3221294.845
2025   1  49740 GPS  -2267750.094  5009155.273  3221294.490
2025   1  49770 GPS  -2267749.577  5009155.167  3221294.017
2025   1  49800 GPS  -2267749.185  5009154.830  3221292.825
2025   1  49830 GPS  -2267748.351  5009151.620  3221292.406
2025   1  49860 GPS  -2267751.509  5009157.649  3221294.025
2025   1  49890 GPS  -2267749.556  5009154.431  3221293.634
2025   1  49920 GPS  -2267750.856  5009156.060  3221293.998
2025   1  49950 GPS  -2267749.783  5009155.054  3221293.931
2025   1  49980 GPS  -2267752.477  5009160.245  3221295.743
2025   1  50010 GPS  -2267750.129  5009154.958  3221295.324
2025   1  50040 GPS  -2267750.506  5009154.266  3221293.850
2025   1  50070 GPS  -2267748.609  5009150.391  3221291.955
2025   1  50100 GPS  -2267750.084  5009152.895  3221292.512
2025   1  50130 GPS  -2267749.239  5009153.221  3221294.324
2025   1  50160 GPS  -2267749.226  5009152.866  3221292.622
2025   1  50190 GPS  -2267750.076  5009153.701  3221293.216
2025   1  50220 GPS  -2267750.734  5009154.287  3221293.802
2025   1  50250 GPS  -2267751.811  5009156.081  3221295.063
2025   1  50280 GPS  -2267749.370  5009153.235  3221293.353
2025   1  50310 GPS  -2267750.701  5009155.581  3221294.474
2025   1  50340 GPS  -2267750.629  5009155.724  3221293.627
2025   1  50370 GPS  -2267750.571  5009154.399  3221293.899
2025   1  50400 GPS  -2267751.505  5009156.300  3221294.798
2025   1  50430 GPS  -2267751.510  5009157.356  3221294.925
2025   1  50460 GPS  -2267751.438  5009160.396  3221294.465
2025   1  50490 GPS  -2267750.932  5009155.948  3221293.625
2025   1  50520 GPS  -2267750.265  5009155.348  3221293.533
2025   1  50550 GPS  -2267751.164  5009157.644  3221294.613
2025   1  50580 GPS  -2267750.651  5009155.924  3221293.942
2025   1  50610 GPS  -2267751.515  5009157.890  3221295.120
2025   1  50640 GPS  -2267748.789  5009154.230  3221292.997
2025   1  50670 GPS  -2267748.210  5009151.646  3221291.494
2025   1  50700 GPS  -2267749.720  5009153.562  3221293.001
2025   1  50730 GPS  -2267748.979  5009154.722  3221292.169
2025   1  50760 GPS  -2267749.149  5009154.554  3221294.063
2025   1  50790 GPS  -2267749.298  5009154.731  3221293.450
2025   1  50820 GPS  -2267748.409  5009151.386  3221292.097
2025   1  50850 GPS  -2267748.852  5009152.182  3221292.089
2025   1  50880 GPS  -2267749.186  5009151.154  3221291.658
2025   1  50910 GPS  -2267750.100  5009152.014  3221292.352
2025   1  50940 GPS  -2267750.032  5009153.278  3221291.656
2025   1  50970 GPS  -2267750.348  5009153.367  3221294.020
2025   1  51000 GPS  -2267750.075  5009153.843  3221294.249
2025   1  51030 GPS  -2267749.548  5009151.637  3221293.152
2025   1  51060 GPS  -2267750.024  5009154.238  3221293.842
2025   1  51090 GPS  -2267750.186  5009156.095  3221293.832
2025   1  51120 GPS  -2267751.125  5009157.387  3221294.334
2025   1  51150 GPS  -2267749.512  5009152.364  3221292.388
2025   1  51180 GPS  -2267750.050  5009155.685  3221292.989
2025   1  51210 GPS  -2267750.450  5009155.654  3221293.349
2025   1  51240 GPS  -2267749.779  5009154.108  3221293.749
2025   1  51270 GPS  -2267750.200  5009153.391  3221295.063
2025   1  51300 GPS  -2267749.535  5009153.004  3221292.372
2025   1  51330 GPS  -2267750.935  5009152.976  3221294.736
2025   1  51360 GPS  -2267749.430  5009152.333  3221293.696
2025   1  51390 GPS  -2267750.005  5009152.155  3221292.462
2025   1  51420 GPS  -2267749.938  5009150.837  3221292.762
2025   1  51450 GPS  -2267750.309  5009151.552  3221292.808
2025   1  51480 GPS  -2267749.421  5009150.046  3221291.985
2025   1  51510 GPS  -2267748.540  5009151.106  3221293.017
2025   1  51540 GPS  -2267750.008  5009152.471  3221293.040
2025   1  51570 GPS  -2267750.511  5009155.462  3221293.865
2025   1  51600 GPS  -2267749.776  5009152.623  3221294.066
2025   1  51630 GPS  -2267750.023  5009154.122  3221293.102
2025   1  51660 GPS  -2267749.667  5009153.736  3221292.809
2025   1  51690 GPS  -2267749.105  5009155.234  3221292.154
2025   1  51720 GPS  -2267749.757  5009153.214  3221292.089
2025   1  51750 GPS  -2267749.953  5009155.082  3221293.719
2025   1  51780 GPS  -2267751.161  5009157.096  3221295.341
2025   1  51810 GPS  -2267751.109  5009156.853  3221294.828
2025   1  51840 GPS  -2267751.672  5009158.086  3221294.191
2025   1  51870 GPS  -2267751.636  5009157.423  3221294.490
2025   1  51900 GPS  -2267751.088  5009154.442  3221295.874
2025   1  51930 GPS  -2267752.048  5009156.062  3221294.453
2025   1  51960 GPS  -2267750.703  5009155.441  3221294.453
2025   1  51990 GPS  -2267750.655  5009154.787  3221293.853
2025   1  52020 GPS  -2267751.337  5009156.678  3221295.427
2025   1  52050 GPS  -2267750.350  5009154.846  3221294.018
2025   1  52080 GPS  -2267750.275  5009152.330  3221294.164
2025   1  52110 GPS  -2267751.420  5009155.933  3221294.611
2025   1  52140 GPS  -2267749.867  5009155.324  3221294.275
2025   1  52170 GPS  -2267749.266  5009154.835  3221294.446
2025   1  52200 GPS  -2267750.673  5009156.441  3221295.758
2025   1  52230 GPS  -2267750.285  5009155.434  3221294.703
2025   1  52260 GPS  -2267749.799  5009155.815  3221293.815
2025   1  52290 GPS  -2267750.834  5009156.300  3221294.929
2025   1  52320 GPS  -2267751.401  5009155.736  3221294.173
2025   1  52350 GPS  -2267751.163  5009156.910  3221293.998
2025   1  52380 GPS  -2267751.019  5009153.699  3221294.669
2025   1  52410 GPS  -2267751.959  5009156.562  3221295.937
2025   1  52440 GPS  -2267751.548  5009157.438  3221295.428
2025   1  52470 GPS  -2267751.213  5009154.474  3221294.634
2025   1  52500 GPS  -2267752.596  5009156.229  3221295.296
2025   1  52530 GPS  -2267751.230  5009155.117  3221294.128
2025   1  52560 GPS  -2267750.695  5009151.997  3221294.408
2025   1  52590 GPS  -2267750.457  5009152.583  3221293.634
2025   1  52620 GPS  -2267751.100  5009154.959  3221294.437
2025   1  52650 GPS  -2267750.814  5009155.982  3221295.318
2025   1  52680 GPS  -2267749.821  5009154.879  3221293.538
2025   1  52710 GPS  -2267749.982  5009155.798  3221293.006
2025   1  52740 GPS  -2267750.118  5009156.036  3221292.912
2025   1  52770 GPS  -2267751.334  5009155.179  3221293.783
2025   1  52800 GPS  -2267750.877  5009155.226  3221294.120
2025   1  52830 GPS  -2267750.595  5009157.263  3221293.397
2025   1  52860 GPS  -2267750.435  5009156.310  3221292.991
2025   1  52890 GPS  -2267750.105  5009154.120  3221294.221
2025   1  52920 GPS  -2267750.420  5009154.378  3221292.708
2025   1  52950 GPS  -2267748.944  5009151.563  3221290.429
2025   1  52980 GPS  -2267749.791  5009153.678  3221293.783
2025   1  53010 GPS  -2267749.800  5009153.241  3221292.817
2025   1  53040 GPS  -2267749.272  5009153.867  3221292.728
2025   1  53070 GPS  -2267749.511  5009153.346  3221291.678
2025   1  53100 GPS  -2267750.678  5009155.042  3221293.560
2025   1  53130 GPS  -2267750.426  5009152.761  3221294.274
2025   1  53160 GPS  -2267749.935  5009152.764  3221293.810
2025   1  53190 GPS  -2267750.070  5009156.002  3221293.963
2025   1  53220 GPS  -2267750.731  5009155.465  3221294.571
2025   1  53250 GPS  -2267750.973  5009153.974  3221294.474
2025   1  53280 GPS  -2267750.123  5009154.000  3221294.256
2025   1  53310 GPS  -2267750.122  5009152.664  3221294.232
2025   1  53340 GPS  -2267750.568  5009154.372  3221295.161
2025   1  53370 GPS  -2267749.995  5009154.431  3221294.875
2025   1  53400 GPS  -2267751.069  5009154.713  3221294.457
2025   1  53430 GPS  -2267750.493  5009153.334  3221294.766
2025   1  53460 GPS  -2267750.862  5009153.558  3221293.741
2025   1  53490 GPS  -2267750.189  5009152.632  3221293.018
2025   1  53520 GPS  -2267750.381  5009152.634  3221293.042
2025   1  53550 GPS  -2267750.773  5009152.610  3221293.915
2025   1  53580 GPS  -2267751.098  5009155.073  3221294.804
2025   1  53610 GPS  -2267750.873  5009154.487  3221295.083
2025   1  53640 GPS  -2267751.185  5009156.979  3221294.563
2025   1  53670 GPS  -2267751.383  5009155.948  3221294.175
2025   1  53700 GPS  -2267751.508  5009158.288  3221294.470
2025   1  53730 GPS  -2267751.585  5009158.056  3221294.260
2025   1  53760 GPS  -2267749.907  5009154.077  3221294.470
2025   1  53790 GPS  -2267750.556  5009155.389  3221293.715
2025   1  53820 GPS  -2267749.876  5009156.024  3221294.029
2025   1  53850 GPS  -2267750.811  5009154.428  3221293.656
2025   1  53880 GPS  -2267750.056  5009153.285  3221293.524
2025   1  53910 GPS  -2267749.597  5009153.626  3221292.651
2025   1  53940 GPS  -2267750.815  5009153.868  3221295.383
2025   1  53970 GPS  -2267752.032  5009158.487  3221296.392
2025   1  54000 GPS  -2267749.475  5009152.611  3221292.176
2025   1  54030 GPS  -2267751.274  5009154.941  3221292.194
2025   1  54060 GPS  -2267750.040  5009152.790  3221292.617
2025   1  54090 GPS  -2267749.913  5009152.873  3221292.670
2025   1  54120 GPS  -2267749.624  5009150.580  3221290.857
2025   1  54150 GPS  -2267750.574  5009154.441  3221293.089
2025   1  54180 GPS  -2267750.275  5009154.597  3221293.009
2025   1  54210 GPS  -2267749.284  5009153.739  3221293.168
2025   1  54240 GPS  -2267750.655  5009153.465  3221293.510
2025   1  54270 GPS  -2267749.599  5009151.878  3221293.328
2025   1  54300 GPS  -2267749.376  5009152.322  3221292.310
2025   1  54330 GPS  -2267750.139  5009152.584  3221293.709
2025   1  54360 GPS  -2267750.839  5009152.670  3221293.039
2025   1  54390 GPS  -2267749.895  5009152.214  3221292.288
2025   1  54420 GPS  -2267749.926  5009153.396  3221294.409
2025   1  54450 GPS  -2267748.042  5009150.440  3221292.949
2025   1  54480 GPS  -2267748.830  5009152.262  3221294.130
2025   1  54510 GPS  -2267749.588  5009153.347  3221293.705
2025   1  54540 GPS  -2267750.172  5009154.294  3221294.691
2025   1  54570 GPS  -2267750.084  5009154.500  3221294.481
2025   1  54600 GPS  -2267749.618  5009154.432  3221295.200
2025   1  54630 GPS  -2267751.345  5009156.474  3221295.359
2025   1  54660 GPS  -2267750.604  5009156.649  3221295.340
2025   1  54690 GPS  -2267750.743  5009155.429  3221296.226
2025   1  54720 GPS  -2267751.698  5009157.506  3221296.576
2025   1  54750 GPS  -2267751.395  5009157.419  3221295.981
2025   1  54780 GPS  -2267752.129  5009158.705  3221297.673
2025   1  54810 GPS  -2267750.045  5009152.944  3221293.824
2025   1  54840 GPS  -2267750.965  5009156.826  3221297.213
2025   1  54870 GPS  -2267751.360  5009156.614  3221296.057
2025   1  54900 GPS  -2267750.764  5009155.222  3221294.791
2025   1  54930 GPS  -2267751.856  5009157.776  3221296.269
2025   1  54960 GPS  -2267750.557  5009155.906  3221296.205
2025   1  54990 GPS  -2267749.390  5009151.339  3221293.865
2025   1  55020 GPS  -2267751.165  5009154.936  3221294.558
2025   1  55050 GPS  -2267750.260  5009154.448  3221295.034
2025   1  55080 GPS  -2267750.425  5009155.957  3221296.760
2025   1  55110 GPS  -2267750.704  5009153.973  3221295.481
2025   1  55140 GPS  -2267750.305  5009152.458  3221294.193
2025   1  55170 GPS  -2267750.115  5009152.395  3221294.287
2025   1  55200 GPS  -2267749.950  5009154.959  3221294.673
2025   1  55230 GPS  -2267749.253  5009152.393  3221295.225
2025   1  55260 GPS  -2267750.771  5009155.191  3221295.960
2025   1  55290 GPS  -2267749.604  5009153.230  3221295.441
2025   1  55320 GPS  -2267750.581  5009153.983  3221294.890
2025   1  55350 GPS  -2267751.218  5009157.536  3221296.967
2025   1  55380 GPS  -2267750.386  5009153.851  3221294.665
2025   1  55410 GPS  -2267750.772  5009153.523  3221294.588
2025   1  55440 GPS  -2267750.870  5009155.341  3221295.378
2025   1  55470 GPS  -2267751.623  5009156.688  3221295.214
2025   1  55500 GPS  -2267750.485  5009155.430  3221294.874
2025   1  55530 GPS  -2267749.841  5009154.422  3221295.241
2025   1  55560 GPS  -2267748.363  5009151.424  3221294.099
2025   1  55590 GPS  -2267750.745  5009153.907  3221295.238
2025   1  55620 GPS  -2267750.093  5009153.446  3221292.364
2025   1  55650 GPS  -2267749.769  5009151.578  3221293.922
2025   1  55680 GPS  -2267751.085  5009152.616  3221294.500
2025   1  55710 GPS  -2267749.486  5009151.641  3221293.546
2025   1  55740 GPS  -2267749.533  5009152.668  3221293.808
2025   1  55770 GPS  -2267749.929  5009152.510  3221294.250
2025   1  55800 GPS  -2267751.105  5009153.912  3221294.810
2025   1  55830 GPS  -2267751.399  5009155.406  3221295.487
2025   1  55860 GPS  -2267750.720  5009156.397  3221295.070
2025   1  55890 GPS  -2267750.615  5009153.598  3221293.746
2025   1  55920 GPS  -2267751.913  5009157.975  3221296.181
2025   1  55950 GPS  -2267749.707  5009152.360  3221293.114
2025   1  55980 GPS  -2267750.911  5009155.698  3221295.210
2025   1  56010 GPS  -2267750.662  5009154.751  3221295.477
2025   1  56040 GPS  -2267750.428  5009155.612  3221294.563
2025   1  56070 GPS  -2267750.586  5009155.055  3221294.301
2025   1  56100 GPS  -2267750.090  5009154.350  3221293.987
2025   1  56130 GPS  -2267750.337  5009153.984  3221293.257
2025   1  56160 GPS  -2267747.485  5009149.982  3221291.596
2025   1  56190 GPS  -2267749.296  5009151.691  3221292.361
2025   1  56220 GPS  -2267749.690  5009153.336  3221293.676
2025   1  56250 GPS  -2267751.375  5009157.727  3221296.144
2025   1  56280 GPS  -2267747.397  5009150.727  3221292.850
2025   1  56310 GPS  -2267750.291  5009155.584  3221295.441
2025   1  56340 GPS  -2267748.056  5009149.511  3221292.703
2025   1  56370 GPS  -2267750.379  5009154.558  3221293.532
2025   1  56400 GPS  -2267750.536  5009153.468  3221292.707
2025   1  56430 GPS  -2267751.820  5009156.322  3221294.672
2025   1  56460 GPS  -2267751.356  5009156.104  3221294.039
2025   1  56490 GPS  -2267751.165  5009154.926  3221294.485
2025   1  56520 GPS  -2267750.587  5009152.292  3221292.421
2025   1  56550 GPS  -2267752.952  5009156.822  3221294.401
2025   1  56580 GPS  -2267751.370  5009155.737  3221294.066
2025   1  56610 GPS  -2267752.485  5009155.429  3221294.108
2025   1  56640 GPS  -2267751.847  5009154.552  3221294.636
2025   1  56670 GPS  -2267754.005  5009158.769  3221296.446
2025   1  56700 GPS  -2267752.443  5009154.809  3221294.173
2025   1  56730 GPS  -2267750.595  5009153.168  3221294.209
2025   1  56760 GPS  -2267750.894  5009153.160  3221293.899
2025   1  56790 GPS  -2267751.004  5009153.606  3221295.081
2025   1  56820 GPS  -2267752.084  5009156.406  3221294.647
2025   1  56850 GPS  -2267751.854  5009156.401  3221295.613
2025   1  56880 GPS  -2267748.471  5009149.667  3221291.931
2025   1  56910 GPS  -2267750.648  5009154.537  3221293.785
2025   1  56940 GPS  -2267750.829  5009153.673  3221295.269
2025   1  56970 GPS  -2267751.695  5009154.654  3221295.782
2025   1  57000 GPS  -2267751.365  5009153.602  3221294.070
2025   1  57030 GPS  -2267750.679  5009153.013  3221293.718
2025   1  57060 GPS  -2267751.512  5009155.874  3221294.230
2025   1  57090 GPS  -2267752.824  5009156.549  3221294.627
2025   1  57120 GPS  -2267752.546  5009155.376  3221294.695
2025   1  57150 GPS  -2267750.466  5009153.819  3221293.428
2025   1  57180 GPS  -2267750.595  5009153.825  3221293.942
2025   1  57210 GPS  -2267749.812  5009152.251  3221292.782
2025   1  57240 GPS  -2267749.219  5009151.418  3221293.379
2025   1  57270 GPS  -2267751.608  5009154.368  3221293.989
2025   1  57300 GPS  -2267751.716  5009155.443  3221293.749
2025   1  57330 GPS  -2267749.955  5009154.118  3221294.188
2025   1  57360 GPS  -2267750.414  5009155.338  3221293.864
2025   1  57390 GPS  -2267751.447  5009156.922  3221294.896
2025   1  57420 GPS  -2267750.025  5009155.511  3221294.583
2025   1  57450 GPS  -2267749.600  5009152.751  3221293.235
2025   1  57480 GPS  -2267749.860  5009153.549  3221294.690
2025   1  57510 GPS  -2267748.934  5009151.151  3221294.018
2025   1  57540 GPS  -2267748.899  5009151.475  3221292.876
2025   1  57570 GPS  -2267750.659  5009154.141  3221294.679
2025   1  57600 GPS  -2267748.391  5009153.468  3221294.261
2025   1  57630 GPS  -2267750.268  5009155.100  3221294.570
2025   1  57660 GPS  -2267749.136  5009153.107  3221294.719
2025   1  57690 GPS  -2267748.559  5009152.284  3221294.335
2025   1  57720 GPS  -2267751.107  5009153.761  3221293.806
2025   1  57750 GPS  -2267750.302  5009150.698  3221293.279
2025   1  57780 GPS  -2267749.776  5009151.435  3221293.226
2025   1  57810 GPS  -2267751.565  5009157.186  3221293.884
2025   1  57840 GPS  -2267751.743  5009157.098  3221294.291
2025   1  57870 GPS  -2267752.759  5009157.459  3221293.365
2025   1  57900 GPS  -2267752.079  5009155.408  3221294.522
2025   1  57930 GPS  -2267750.689  5009153.739  3221293.563
2025   1  57960 GPS  -2267750.759  5009153.770  3221293.692
2025   1  57990 GPS  -2267752.192  5009157.286  3221293.712
2025   1  58020 GPS  -2267750.258  5009153.122  3221292.956
2025   1  58050 GPS  -2267748.371  5009152.752  3221292.560
2025   1  58080 GPS  -2267752.618  5009158.988  3221294.790
2025   1  58110 GPS  -2267750.810  5009156.994  3221294.203
2025   1  58140 GPS  -2267748.560  5009152.169  3221293.743
2025   1  58170 GPS  -2267749.928  5009153.128  3221293.152
2025   1  58200 GPS  -2267752.444  5009156.414  3221293.911
2025   1  58230 GPS  -2267749.142  5009153.337  3221293.002
2025   1  58260 GPS  -2267750.633  5009155.266  3221293.613
2025   1  58290 GPS  -2267748.884  5009151.459  3221292.450
2025   1  58320 GPS  -2267749.842  5009152.488  3221292.933
2025   1  58350 GPS  -2267750.518  5009155.864  3221294.026
2025   1  58380 GPS  -2267750.450  5009154.007  3221293.952
2025   1  58410 GPS  -2267750.101  5009154.689  3221293.963
2025   1  58440 GPS  -2267752.415  5009159.169  3221294.596
2025   1  58470 GPS  -2267751.251  5009155.543  3221294.965
2025   1  58500 GPS  -2267750.735  5009157.034  3221294.838
2025   1  58530 GPS  -2267750.020  5009154.597  3221294.207
2025   1  58560 GPS  -2267750.483  5009154.845  3221295.021
2025   1  58590 GPS  -2267750.133  5009152.559  3221293.151
2025   1  58620 GPS  -2267750.643  5009152.717  3221293.559
2025   1  58650 GPS  -2267746.468  5009144.023  3221291.717
2025   1  58680 GPS  -2267753.337  5009156.154  3221295.238
2025   1  58710 GPS  -2267752.380  5009156.174  3221293.906
2025   1  58740 GPS  -2267749.270  5009153.119  3221293.049
2025   1  58770 GPS  -2267748.568  5009149.834  3221292.747
2025   1  58800 GPS  -2267748.175  5009152.024  3221292.580
2025   1  58830 GPS  -2267750.638  5009156.244  3221293.252
2025   1  58860 GPS  -2267752.658  5009158.179  3221293.861
2025   1  58890 GPS  -2267751.571  5009155.358  3221293.803
2025   1  58920 GPS  -2267751.208  5009154.491  3221293.590
2025   1  58950 GPS  -2267750.882  5009151.847  3221292.258
2025   1  58980 GPS  -2267751.418  5009156.364  3221293.146
2025   1  59010 GPS  -2267749.271  5009152.369  3221292.219
2025   1  59040 GPS  -2267749.261  5009150.459  3221292.616
2025   1  59070 GPS  -2267750.614  5009149.943  3221292.472
2025   1  59100 GPS  -2267750.405  5009152.685  3221293.495
2025   1  59130 GPS  -2267754.288  5009162.386  3221294.492
2025   1  59160 GPS  -2267751.924  5009157.639  3221294.111
2025   1  59190 GPS  -2267751.851  5009156.027  3221292.066
2025   1  59220 GPS  -2267751.917  5009155.702  3221293.716
2025   1  59250 GPS  -2267754.753  5009160.024  3221293.811
2025   1  59280 GPS  -2267752.245  5009156.372  3221294.684
2025   1  59310 GPS  -2267751.323  5009156.384  3221293.252
2025   1  59340 GPS  -2267750.089  5009155.403  3221293.012
2025   1  59370 GPS  -2267751.628  5009153.275  3221293.188
2025   1  59400 GPS  -2267753.715  5009155.418  3221292.670
2025   1  59430 GPS  -2267751.209  5009152.711  3221293.796
2025   1  59460 GPS  -2267751.766  5009154.890  3221293.216
2025   1  59490 GPS  -2267748.878  5009150.794  3221291.752
2025   1  59520 GPS  -2267749.218  5009152.451  3221293.342
2025   1  59550 GPS  -2267749.545  5009152.742  3221293.289
2025   1  59580 GPS  -2267747.088  5009145.396  3221292.239
2025   1  59610 GPS  -2267749.140  5009153.049  3221292.343
2025   1  59640 GPS  -2267751.453  5009153.852  3221293.562
2025   1  59670 GPS  -2267748.862  5009149.831  3221290.999
2025   1  59700 GPS  -2267748.726  5009152.737  3221292.009
2025   1  59730 GPS  -2267752.339  5009158.934  3221294.000
2025   1  59760 GPS  -2267753.773  5009163.381  3221294.624
2025   1  59790 GPS  -2267753.081  5009162.262  3221294.751
2025   1  59820 GPS  -2267749.707  5009160.011  3221295.421
2025   1  59850 GPS  -2267751.185  5009160.062  3221296.208
2025   1  59880 GPS  -2267752.572  5009159.123  3221295.126
2025   1  59910 GPS  -2267754.241  5009159.275  3221296.033
2025   1  59940 GPS  -2267751.474  5009151.272  3221291.943
2025   1  59970 GPS  -2267751.038  5009150.973  3221291.855
2025   1  60000 GPS  -2267752.739  5009153.893  3221292.335
2025   1  60030 GPS  -2267750.120  5009150.554  3221290.625
2025   1  60060 GPS  -2267750.288  5009155.230  3221292.834
2025   1  60090 GPS  -2267751.812  5009158.075  3221291.776
2025   1  60120 GPS  -2267752.154  5009157.426  3221292.834
2025   1  60150 GPS  -2267752.820  5009156.492  3221293.450
2025   1  60180 GPS  -2267750.035  5009154.600  3221293.893
2025   1  60210 GPS  -2267749.957  5009155.146  3221293.760
2025   1  60240 GPS  -2267750.557  5009155.741  3221292.998
2025   1  60270 GPS  -2267750.626  5009156.389  3221292.048
2025   1  60300 GPS  -2267750.643  5009156.740  3221293.577
2025   1  60330 GPS  -2267751.969  5009157.923  3221293.551
2025   1  60360 GPS  -2267749.789  5009157.051  3221294.902
2025   1  60390 GPS  -2267751.958  5009160.096  3221295.175
2025   1  60420 GPS  -2267750.960  5009156.894  3221293.720
2025   1  60450 GPS  -2267752.626  5009158.102  3221294.027
2025   1  60480 GPS  -2267753.214  5009159.812  3221294.607
2025   1  60510 GPS  -2267753.200  5009160.164  3221295.896
2025   1  60540 GPS  -2267752.179  5009158.958  3221294.834
2025   1  60570 GPS  -2267751.019  5009160.690  3221295.932
2025   1  60600 GPS  -2267751.495  5009162.073  3221296.151
2025   1  60630 GPS  -2267751.370  5009158.246  3221295.495
2025   1  60660 GPS  -2267751.840  5009156.278  3221293.594
2025   1  60690 GPS  -2267751.414  5009154.976  3221294.464
2025   1  60720 GPS  -2267750.727  5009154.279  3221293.619
2025   1  60750 GPS  -2267750.539  5009153.130  3221292.800
2025   1  60780 GPS  -2267749.880  5009151.787  3221292.481
2025   1  60810 GPS  -2267751.287  5009153.172  3221293.419
2025   1  60840 GPS  -2267750.178  5009154.309  3221293.161
2025   1  60870 GPS  -2267751.592  5009155.913  3221293.276
2025   1  60900 GPS  -2267751.409  5009156.854  3221294.989
2025   1  60930 GPS  -2267750.092  5009155.381  3221294.046
2025   1  60960 GPS  -2267752.557  5009157.030  3221293.915
2025   1  60990 GPS  -2267751.085  5009155.332  3221293.352
2025   1  61020 GPS  -2267751.345  5009155.552  3221293.720
2025   1  61050 GPS  -2267752.470  5009156.583  3221293.973
2025   1  61080 GPS  -2267752.655  5009156.728  3221292.976
2025   1  61110 GPS  -2267753.151  5009155.065  3221292.355
2025   1  61140 GPS  -2267752.509  5009155.680  3221293.372
2025   1  61170 GPS  -2267752.477  5009157.464  3221293.034
2025   1  61200 GPS  -2267752.162  5009156.663  3221294.497
2025   1  61230 GPS  -2267752.239  5009156.342  3221295.265
2025   1  61260 GPS  -2267752.093  5009157.751  3221295.583
2025   1  61290 GPS  -2267750.999  5009154.788  3221294.124
2025   1  61320 GPS  -2267750.939  5009158.402  3221294.215
2025   1  61350 GPS  -2267751.489  5009157.372  3221294.631
2025   1  61380 GPS  -2267749.715  5009152.432  3221292.817
2025   1  61410 GPS  -2267749.896  5009152.835  3221292.436
2025   1  61440 GPS  -2267751.020  5009153.966  3221293.556
2025   1  61470 GPS  -2267751.412  5009153.801  3221292.935
2025   1  61500 GPS  -2267751.747  5009153.834  3221292.030
2025   1  61530 GPS  -2267750.132  5009152.879  3221291.050
2025   1  61560 GPS  -2267751.709  5009154.724  3221293.368
2025   1  61590 GPS  -2267751.506  5009153.563  3221293.625
2025   1  61620 GPS  -2267751.532  5009154.994  3221293.921
2025   1  61650 GPS  -2267751.357  5009156.858  3221295.176
2025   1  61680 GPS  -2267750.609  5009154.365  3221293.793
2025   1  61710 GPS  -2267751.296  5009156.641  3221295.268
2025   1  61740 GPS  -2267750.705  5009155.089  3221294.651
2025   1  61770 GPS  -2267749.772  5009153.666  3221293.501
2025   1  61800 GPS  -2267751.973  5009155.385  3221294.373
2025   1  61830 GPS  -2267752.969  5009157.338  3221293.503
2025   1  61860 GPS  -2267751.648  5009157.229  3221293.747
2025   1  61890 GPS  -2267749.783  5009153.831  3221293.312
2025   1  61920 GPS  -2267750.456  5009154.840  3221292.466
2025   1  61950 GPS  -2267751.939  5009160.182  3221295.362
2025   1  61980 GPS  -2267751.862  5009159.866  3221295.287
2025   1  62010 GPS  -2267750.619  5009157.457  3221294.940
2025   1  62040 GPS  -2267750.404  5009155.571  3221293.995
2025   1  62070 GPS  -2267750.811  5009153.532  3221292.436
2025   1  62100 GPS  -2267750.894  5009150.830  3221291.277
2025   1  62130 GPS  -2267751.807  5009155.035  3221293.842
2025   1  62160 GPS  -2267750.980  5009152.673  3221292.578
2025   1  62190 GPS  -2267749.290  5009151.352  3221291.265
2025   1  62220 GPS  -2267752.013  5009157.631  3221294.793
2025   1  62250 GPS  -2267751.792  5009159.829  3221295.222
2025   1  62280 GPS  -2267751.065  5009160.013  3221295.073
2025   1  62310 GPS  -2267752.193  5009157.251  3221295.193
2025   1  62340 GPS  -2267752.402  5009159.109  3221295.881
2025   1  62370 GPS  -2267749.930  5009156.066  3221294.336
2025   1  62400 GPS  -2267750.272  5009156.573  3221294.830
2025   1  62430 GPS  -2267751.543  5009156.067  3221294.652
2025   1  62460 GPS  -2267751.253  5009156.744  3221295.009
2025   1  62490 GPS  -2267751.674  5009157.773  3221294.207
2025   1  62520 GPS  -2267752.559  5009158.661  3221295.542
2025   1  62550 GPS  -2267752.594  5009158.910  3221294.766
2025   1  62580 GPS  -2267752.634  5009158.875  3221294.580
2025   1  62610 GPS  -2267751.189  5009158.407  3221293.985
2025   1  62640 GPS  -2267752.231  5009157.046  3221295.285
2025   1  62670 GPS  -2267752.180  5009157.485  3221295.433
2025   1  62700 GPS  -2267751.010  5009154.156  3221293.023
2025   1  62730 GPS  -2267750.363  5009156.016  3221294.240
2025   1  62760 GPS  -2267750.553  5009155.257  3221294.296
2025   1  62790 GPS  -2267749.763  5009155.435  3221294.924
2025   1  62820 GPS  -2267750.998  5009154.801  3221294.652
2025   1  62850 GPS  -2267750.209  5009157.076  3221295.192
2025   1  62880 GPS  -2267749.489  5009152.486  3221293.386
2025   1  62910 GPS  -2267750.478  5009155.376  3221294.189
2025   1  62940 GPS  -2267749.911  5009154.987  3221293.512
2025   1  62970 GPS  -2267749.885  5009155.740  3221294.108
2025   1  63000 GPS  -2267749.721  5009155.451  3221293.710
2025   1  63030 GPS  -2267751.007  5009156.296  3221294.571
2025   1  63060 GPS  -2267751.038  5009156.260  3221294.338
2025   1  63090 GPS  -2267752.460  5009158.542  3221296.162
2025   1  63120 GPS  -2267751.120  5009156.144  3221294.654
2025   1  63150 GPS  -2267751.515  5009159.482  3221295.707
2025   1  63180 GPS  -2267750.521  5009157.517  3221294.646
2025   1  63210 GPS  -2267749.950  5009154.986  3221293.457
2025   1  63240 GPS  -2267750.592  5009153.578  3221292.685
2025   1  63270 GPS  -2267751.150  5009155.913  3221293.494
2025   1  63300 GPS  -2267752.038  5009155.522  3221295.332
2025   1  63330 GPS  -2267750.709  5009153.381  3221293.775
2025   1  63360 GPS  -2267751.876  5009155.488  3221295.480
2025   1  63390 GPS  -2267754.297  5009158.756  3221296.545
2025   1  63420 GPS  -2267753.660  5009159.651  3221297.378
2025   1  63450 GPS  -2267753.060  5009159.764  3221297.427
2025   1  63480 GPS  -2267753.429  5009158.203  3221297.030
2025   1  63510 GPS  -2267750.808  5009154.624  3221294.405
2025   1  63540 GPS  -2267748.878  5009153.634  3221292.818
2025   1  63570 GPS  -2267749.500  5009152.371  3221292.782
2025   1  63600 GPS  -2267748.748  5009153.445  3221292.186
2025   1  63630 GPS  -2267750.369  5009154.385  3221294.399
2025   1  63660 GPS  -2267750.578  5009155.077  3221294.239
2025   1  63690 GPS  -2267750.386  5009153.556  3221293.462
2025   1  63720 GPS  -2267750.340  5009155.098  3221293.499
2025   1  63750 GPS  -2267752.610  5009157.616  3221294.576
2025   1  63780 GPS  -2267750.457  5009155.356  3221292.287
2025   1  63810 GPS  -2267751.733  5009156.412  3221292.895
2025   1  63840 GPS  -2267750.451  5009155.826  3221293.941
2025   1  63870 GPS  -2267750.291  5009154.335  3221294.201
2025   1  63900 GPS  -2267750.680  5009154.727  3221294.149
2025   1  63930 GPS  -2267750.159  5009153.773  3221293.664
2025   1  63960 GPS  -2267750.566  5009153.163  3221293.535
2025   1  63990 GPS  -2267751.050  5009155.631  3221294.442
2025   1  64020 GPS  -2267750.214  5009154.345  3221294.756
2025   1  64050 GPS  -2267751.062  5009154.492  3221294.123
2025   1  64080 GPS  -2267752.046  5009155.494  3221294.846
2025   1  64110 GPS  -2267750.878  5009156.705  3221295.002
2025   1  64140 GPS  -2267751.300  5009156.166  3221294.099
2025   1  64170 GPS  -2267750.908  5009153.211  3221292.935
2025   1  64200 GPS  -2267751.657  5009153.810  3221292.872
2025   1  64230 GPS  -2267752.748  5009156.144  3221294.116
2025   1  64260 GPS  -2267752.092  5009155.953  3221293.884
2025   1  64290 GPS  -2267751.551  5009154.835  3221294.641
2025   1  64320 GPS  -2267751.930  5009155.579  3221294.904
2025   1  64350 GPS  -2267750.124  5009154.962  3221293.880
2025   1  64380 GPS  -2267749.433  5009153.964  3221293.124
2025   1  64410 GPS  -2267750.623  5009154.664  3221293.734
2025   1  64440 GPS  -2267749.738  5009154.350  3221292.456
2025   1  64470 GPS  -2267751.433  5009154.862  3221293.768
2025   1  64500 GPS  -2267752.789  5009157.961  3221296.614
2025   1  64530 GPS  -2267751.746  5009155.012  3221293.783
2025   1  64560 GPS  -2267750.853  5009154.080  3221292.257
2025   1  64590 GPS  -2267752.114  5009156.709  3221294.022
2025   1  64620 GPS  -2267750.942  5009154.985  3221293.632
2025   1  64650 GPS  -2267751.659  5009157.025  3221294.313
2025   1  64680 GPS  -2267749.553  5009153.329  3221292.326
2025   1  64710 GPS  -2267749.968  5009155.674  3221294.966
2025   1  64740 GPS  -2267750.009  5009153.938  3221294.367
2025   1  64770 GPS  -2267749.947  5009152.664  3221294.257
2025   1  64800 GPS  -2267751.815  5009154.033  3221294.989
2025   1  64830 GPS  -2267747.727  5009150.368  3221292.426
2025   1  64860 GPS  -2267748.526  5009152.033  3221293.174
2025   1  64890 GPS  -2267750.202  5009152.932  3221292.825
2025   1  64920 GPS  -2267749.676  5009153.494  3221293.712
2025   1  64950 GPS  -2267751.111  5009153.971  3221292.455
2025   1  64980 GPS  -2267751.150  5009154.801  3221294.324
2025   1  65010 GPS  -2267752.441  5009154.116  3221293.191
2025   1  65040 GPS  -2267752.580  5009155.849  3221293.100
2025   1  65070 GPS  -2267752.338  5009155.387  3221293.429
2025   1  65100 GPS  -2267751.916  5009154.974  3221294.529
2025   1  65130 GPS  -2267751.810  5009156.956  3221296.144
2025   1  65160 GPS  -2267751.787  5009157.134  3221296.077
2025   1  65190 GPS  -2267751.023  5009155.156  3221293.714
2025   1  65220 GPS  -2267749.959  5009152.694  3221293.210
2025   1  65250 GPS  -2267749.718  5009154.593  3221294.494
2025   1  65280 GPS  -2267750.096  5009153.668  3221294.050
2025   1  65310 GPS  -2267749.088  5009151.895  3221292.602
2025   1  65340 GPS  -2267750.894  5009154.864  3221294.984
2025   1  65370 GPS  -2267753.311  5009157.687  3221295.940
2025   1  65400 GPS  -2267754.617  5009160.788  3221297.552
2025   1  65430 GPS  -2267752.067  5009154.626  3221293.573
2025   1  65460 GPS  -2267753.633  5009158.147  3221294.939
2025   1  65490 GPS  -2267752.375  5009156.298  3221292.586
2025   1  65520 GPS  -2267752.063  5009156.025  3221293.097
2025   1  65550 GPS  -2267749.701  5009153.765  3221292.487
2025   1  65580 GPS  -2267749.161  5009152.824  3221292.627
2025   1  65610 GPS  -2267749.171  5009151.133  3221292.282
2025   1  65640 GPS  -2267749.711  5009152.700  3221292.057
2025   1  65670 GPS  -2267751.282  5009154.020  3221289.504
2025   1  65700 GPS  -2267751.131  5009153.025  3221291.933
2025   1  65730 GPS  -2267750.104  5009149.653  3221289.570
2025   1  65760 GPS  -2267749.796  5009149.906  3221291.104
2025   1  65790 GPS  -2267752.242  5009153.813  3221292.193
2025   1  65820 GPS  -2267750.196  5009150.232  3221290.044
2025   1  65850 GPS  -2267751.435  5009151.988  3221292.082
2025   1  65880 GPS  -2267751.414  5009153.988  3221293.904
2025   1  65910 GPS  -2267751.657  5009155.435  3221293.804
2025   1  65940 GPS  -2267753.456  5009157.286  3221294.287
2025   1  65970 GPS  -2267751.959  5009156.031  3221294.957
2025   1  66000 GPS  -2267753.860  5009159.264  3221296.900
2025   1  66030 GPS  -2267751.261  5009155.954  3221293.684
2025   1  66060 GPS  -2267749.690  5009154.248  3221295.501
2025   1  66090 GPS  -2267750.667  5009153.690  3221294.838
2025   1  66120 GPS  -2267750.639  5009156.031  3221293.845
2025   1  66150 GPS  -2267751.720  5009156.687  3221292.456
2025   1  66180 GPS  -2267751.411  5009156.295  3221295.477
2025   1  66210 GPS  -2267750.249  5009155.014  3221293.896
2025   1  66240 GPS  -2267750.826  5009153.664  3221294.819
2025   1  66270 GPS  -2267751.233  5009154.815  3221296.058
2025   1  66300 GPS  -2267752.092  5009156.026  3221292.603
2025   1  66330 GPS  -2267743.271  5009146.411  3221290.546
2025   1  66360 GPS  -2267750.978  5009153.702  3221294.523
2025   1  66390 GPS  -2267751.768  5009155.174  3221293.235
2025   1  66420 GPS  -2267752.285  5009157.264  3221293.836
2025   1  66450 GPS  -2267750.687  5009155.888  3221294.552
2025   1  66480 GPS  -2267750.810  5009154.523  3221292.138
2025   1  66510 GPS  -2267751.231  5009154.420  3221292.384
2025   1  66540 GPS  -2267749.635  5009151.236  3221291.709
2025   1  66570 GPS  -2267750.767  5009151.180  3221293.500
2025   1  66600 GPS  -2267750.289  5009152.806  3221293.187
2025   1  66630 GPS  -2267750.121  5009152.949  3221295.882
2025   1  66660 GPS  -2267750.707  5009153.413  3221293.866
2025   1  66690 GPS  -2267751.935  5009153.687  3221291.153
2025   1  66720 GPS  -2267751.346  5009152.746  3221291.239
2025   1  66750 GPS  -2267752.608  5009152.510  3221292.308
2025   1  66780 GPS  -2267751.462  5009152.493  3221290.619
2025   1  66810 GPS  -2267752.877  5009155.257  3221293.417
2025   1  66840 GPS  -2267751.392  5009155.054  3221292.925
2025   1  66870 GPS  -2267748.929  5009152.067  3221290.201
2025   1  66900 GPS  -2267751.001  5009153.833  3221292.375
2025   1  66930 GPS  -2267750.963  5009153.954  3221292.038
2025   1  66960 GPS  -2267750.717  5009155.966  3221293.012
2025   1  66990 GPS  -2267749.535  5009153.205  3221292.902
2025   1  67020 GPS  -2267750.440  5009154.018  3221294.206
2025   1  67050 GPS  -2267751.914  5009155.397  3221292.057
2025   1  67080 GPS  -2267750.739  5009155.326  3221293.471
2025   1  67110 GPS  -2267751.555  5009156.533  3221293.984
2025   1  67140 GPS  -2267752.258  5009156.702  3221292.310
2025   1  67170 GPS  -2267751.104  5009156.109  3221292.894
2025   1  67200 GPS  -2267749.411  5009153.192  3221292.221
2025   1  67230 GPS  -2267751.217  5009156.010  3221293.192
2025   1  67260 GPS  -2267752.938  5009155.735  3221292.240
2025   1  67290 GPS  -2267751.384  5009156.857  3221295.956
2025   1  67320 GPS  -2267750.075  5009152.415  3221292.556
2025   1  67350 GPS  -2267749.123  5009155.335  3221295.424
2025   1  67380 GPS  -2267748.426  5009152.296  3221293.316
2025   1  67410 GPS  -2267750.614  5009156.645  3221294.919
2025   1  67440 GPS  -2267749.826  5009153.990  3221293.004
2025   1  67470 GPS  -2267747.756  5009150.659  3221290.120
2025   1  67500 GPS  -2267750.520  5009154.264  3221293.594
2025   1  67530 GPS  -2267748.799  5009152.147  3221292.307
2025   1  67560 GPS  -2267750.984  5009154.907  3221293.353
2025   1  67590 GPS  -2267750.057  5009154.813  3221293.974
2025   1  67620 GPS  -2267750.134  5009155.512  3221293.111
2025   1  67650 GPS  -2267750.746  5009153.335  3221292.063
2025   1  67680 GPS  -2267750.992  5009153.349  3221293.548
2025   1  67710 GPS  -2267750.886  5009153.580  3221293.292
2025   1  67740 GPS  -2267750.971  5009151.556  3221291.574
2025   1  67770 GPS  -2267751.693  5009153.354  3221292.844
2025   1  67800 GPS  -2267751.899  5009154.997  3221293.602
2025   1  67830 GPS  -2267750.758  5009153.839  3221294.160
2025   1  67860 GPS  -2267751.758  5009153.981  3221292.849
2025   1  67890 GPS  -2267751.272  5009153.001  3221291.760
2025   1  67920 GPS  -2267750.823  5009154.228  3221293.941
2025   1  67950 GPS  -2267749.250  5009153.769  3221295.212
2025   1  67980 GPS  -2267748.521  5009152.303  3221294.603
2025   1  68010 GPS  -2267750.633  5009154.476  3221293.817
2025   1  68040 GPS  -2267750.002  5009152.518  3221292.365
2025   1  68070 GPS  -2267750.993  5009150.839  3221290.708
2025   1  68100 GPS  -2267751.079  5009152.339  3221291.828
2025   1  68130 GPS  -2267749.552  5009152.116  3221294.066
2025   1  68160 GPS  -2267751.652  5009154.662  3221292.910
2025   1  68190 GPS  -2267751.683  5009153.418  3221294.470
2025   1  68220 GPS  -2267750.371  5009152.730  3221292.908
2025   1  68250 GPS  -2267751.001  5009152.408  3221291.519
2025   1  68280 GPS  -2267750.573  5009153.153  3221293.211
2025   1  68310 GPS  -2267748.679  5009151.973  3221292.960
2025   1  68340 GPS  -2267750.393  5009154.366  3221294.128
2025   1  68370 GPS  -2267749.199  5009151.528  3221293.261
2025   1  68400 GPS  -2267749.289  5009151.691  3221291.388
2025   1  68430 GPS  -2267749.646  5009152.230  3221293.309
2025   1  68460 GPS  -2267748.748  5009151.667  3221292.560
2025   1  68490 GPS  -2267748.328  5009150.553  3221294.382
2025   1  68520 GPS  -2267748.705  5009151.614  3221292.312
2025   1  68550 GPS  -2267749.573  5009152.388  3221292.154
2025   1  68580 GPS  -2267750.390  5009153.210  3221292.231
2025   1  68610 GPS  -2267748.489  5009152.162  3221292.977
2025   1  68640 GPS  -2267749.554  5009154.450  3221295.258
2025   1  68670 GPS  -2267748.253  5009153.267  3221293.945
2025   1  68700 GPS  -2267749.058  5009150.329  3221291.651
2025   1  68730 GPS  -2267750.576  5009152.392  3221293.789
2025   1  68760 GPS  -2267750.489  5009151.827  3221293.270
2025   1  68790 GPS  -2267750.736  5009154.696  3221294.787
2025   1  68820 GPS  -2267749.062  5009151.504  3221293.953
2025   1  68850 GPS  -2267748.789  5009151.896  3221290.791
2025   1  68880 GPS  -2267750.495  5009153.521  3221292.667
2025   1  68910 GPS  -2267750.517  5009154.642  3221292.701
2025   1  68940 GPS  -2267750.913  5009153.348  3221291.527
2025   1  68970 GPS  -2267751.198  5009153.120  3221292.784
2025   1  69000 GPS  -2267751.076  5009153.331  3221293.878
2025   1  69030 GPS  -2267753.247  5009155.329  3221293.172
2025   1  69060 GPS  -2267749.923  5009153.095  3221293.192
2025   1  69090 GPS  -2267750.464  5009152.540  3221293.684
2025   1  69120 GPS  -2267749.665  5009152.246  3221292.813
2025   1  69150 GPS  -2267749.262  5009152.532  3221291.830
2025   1  69180 GPS  -2267751.260  5009154.344  3221292.975
2025   1  69210 GPS  -2267750.917  5009154.056  3221293.045
2025   1  69240 GPS  -2267751.038  5009154.055  3221294.024
2025   1  69270 GPS  -2267750.699  5009153.777  3221293.786
2025   1  69300 GPS  -2267747.802  5009151.206  3221293.261
2025   1  69330 GPS  -2267749.564  5009152.587  3221292.765
2025   1  69360 GPS  -2267751.302  5009154.434  3221293.975
2025   1  69390 GPS  -2267750.374  5009154.511  3221294.342
2025   1  69420 GPS  -2267749.944  5009151.926  3221292.793
2025   1  69450 GPS  -2267751.141  5009155.961  3221293.340
2025   1  69480 GPS  -2267749.755  5009152.809  3221293.640
2025   1  69510 GPS  -2267751.643  5009154.770  3221294.681
2025   1  69540 GPS  -2267751.287  5009154.914  3221294.759
2025   1  69570 GPS  -2267750.281  5009152.367  3221294.108
2025   1  69600 GPS  -2267751.283  5009152.848  3221294.437
2025   1  69630 GPS  -2267749.250  5009153.136  3221295.423
2025   1  69660 GPS  -2267752.379  5009154.925  3221294.279
2025   1  69690 GPS  -2267749.285  5009151.235  3221292.648
2025   1  69720 GPS  -2267748.986  5009153.107  3221292.988
2025   1  69750 GPS  -2267752.574  5009154.969  3221293.388
2025   1  69780 GPS  -2267751.219  5009154.249  3221292.671
2025   1  69810 GPS  -2267747.024  5009149.956  3221291.674
2025   1  69840 GPS  -2267744.645  5009149.396  3221291.998
2025   1  69870 GPS  -2267748.469  5009151.384  3221292.104
2025   1  69900 GPS  -2267748.751  5009153.592  3221293.074
2025   1  69930 GPS  -2267749.837  5009154.417  3221293.430
2025   1  69960 GPS  -2267749.163  5009151.833  3221291.229
2025   1  69990 GPS  -2267750.388  5009155.635  3221293.767
2025   1  70020 GPS  -2267750.430  5009155.091  3221294.833
2025   1  70050 GPS  -2267749.557  5009153.676  3221294.270
2025   1  70080 GPS  -2267749.757  5009153.344  3221293.778
2025   1  70110 GPS  -2267750.308  5009153.230  3221294.289
2025   1  70140 GPS  -2267748.636  5009152.807  3221293.407
2025   1  70170 GPS  -2267749.327  5009151.007  3221292.848
2025   1  70200 GPS  -2267747.995  5009150.215  3221292.598
2025   1  70230 GPS  -2267750.045  5009152.604  3221293.019
2025   1  70260 GPS  -2267749.732  5009152.840  3221293.029
2025   1  70290 GPS  -2267749.489  5009153.892  3221293.952
2025   1  70320 GPS  -2267751.239  5009156.039  3221293.559
2025   1  70350 GPS  -2267749.325  5009151.848  3221292.947
2025   1  70380 GPS  -2267749.927  5009155.656  3221295.137
2025   1  70410 GPS  -2267750.734  5009155.512  3221293.933
2025   1  70440 GPS  -2267750.459  5009153.389  3221293.522
2025   1  70470 GPS  -2267750.037  5009152.325  3221292.333
2025   1  70500 GPS  -2267750.190  5009152.522  3221291.628
2025   1  70530 GPS  -2267752.042  5009154.457  3221291.662
2025   1  70560 GPS  -2267751.035  5009153.750  3221291.999
2025   1  70590 GPS  -2267750.517  5009153.329  3221293.001
2025   1  70620 GPS  -2267749.311  5009151.760  3221293.132
2025   1  70650 GPS  -2267748.416  5009151.910  3221293.051
2025   1  70680 GPS  -2267747.925  5009151.123  3221292.925
2025   1  70710 GPS  -2267749.424  5009152.071  3221292.789
2025   1  70740 GPS  -2267749.671  5009152.383  3221291.586
2025   1  70770 GPS  -2267750.835  5009152.091  3221292.265
2025   1  70800 GPS  -2267747.932  5009151.296  3221292.926
2025   1  70830 GPS  -2267749.115  5009153.395  3221293.328
2025   1  70860 GPS  -2267751.181  5009152.788  3221292.910
2025   1  70890 GPS  -2267750.309  5009154.057  3221294.562
2025   1  70920 GPS  -2267751.702  5009155.511  3221295.171
2025   1  70950 GPS  -2267751.706  5009154.702  3221293.563
2025   1  70980 GPS  -2267750.050  5009154.494  3221293.935
2025   1  71010 GPS  -2267750.958  5009156.300  3221293.759
2025   1  71040 GPS  -2267750.797  5009157.254  3221293.814
2025   1  71070 GPS  -2267749.533  5009156.367  3221294.434
2025   1  71100 GPS  -2267750.082  5009156.433  3221293.514
2025   1  71130 GPS  -2267750.257  5009154.097  3221293.768
2025   1  71160 GPS  -2267749.516  5009151.702  3221292.557
2025   1  71190 GPS  -2267749.229  5009153.098  3221293.460
2025   1  71220 GPS  -2267748.570  5009154.735  3221293.987
2025   1  71250 GPS  -2267748.704  5009153.543  3221293.386
2025   1  71280 GPS  -2267749.647  5009154.645  3221293.105
2025   1  71310 GPS  -2267749.673  5009154.776  3221293.231
2025   1  71340 GPS  -2267750.406  5009154.873  3221293.806
2025   1  71370 GPS  -2267749.854  5009156.414  3221293.627
2025   1  71400 GPS  -2267750.307  5009155.129  3221293.261
2025   1  71430 GPS  -2267750.310  5009154.951  3221293.450
2025   1  71460 GPS  -2267748.495  5009153.027  3221291.764
2025   1  71490 GPS  -2267750.000  5009153.149  3221291.354
2025   1  71520 GPS  -2267749.713  5009152.888  3221292.690
2025   1  71550 GPS  -2267749.701  5009155.888  3221293.307
2025   1  71580 GPS  -2267748.848  5009154.630  3221293.313
2025   1  71610 GPS  -2267751.035  5009157.304  3221294.191
2025   1  71640 GPS  -2267748.264  5009154.306  3221292.778
2025   1  71670 GPS  -2267748.250  5009152.487  3221292.065
2025   1  71700 GPS  -2267748.564  5009153.649  3221293.547
2025   1  71730 GPS  -2267750.523  5009154.563  3221294.154
2025   1  71760 GPS  -2267752.160  5009155.594  3221294.933
2025   1  71790 GPS  -2267752.265  5009154.935  3221293.713
2025   1  71820 GPS  -2267751.068  5009156.088  3221293.609
2025   1  71850 GPS  -2267751.612  5009155.390  3221294.020
2025   1  71880 GPS  -2267751.493  5009157.759  3221296.259
2025   1  71910 GPS  -2267750.293  5009153.185  3221292.896
2025   1  71940 GPS  -2267751.646  5009154.676  3221292.705
2025   1  71970 GPS  -2267749.265  5009155.204  3221292.886
2025   1  72000 GPS  -2267751.843  5009157.101  3221296.057
2025   1  72030 GPS  -2267749.837  5009152.147  3221292.093
2025   1  72060 GPS  -2267750.953  5009154.307  3221293.477
2025   1  72090 GPS  -2267750.084  5009151.899  3221292.069
2025   1  72120 GPS  -2267750.891  5009153.611  3221293.593
2025   1  72150 GPS  -2267750.759  5009151.369  3221292.593
2025   1  72180 GPS  -2267750.904  5009153.877  3221294.436
2025   1  72210 GPS  -2267749.883  5009153.912  3221293.261
2025   1  72240 GPS  -2267752.811  5009156.797  3221295.800
2025   1  72270 GPS  -2267749.992  5009151.485  3221292.570
2025   1  72300 GPS  -2267751.169  5009152.613  3221292.684
2025   1  72330 GPS  -2267749.328  5009151.808  3221292.527
2025   1  72360 GPS  -2267751.901  5009155.256  3221294.393
2025   1  72390 GPS  -2267749.470  5009152.002  3221292.931
2025   1  72420 GPS  -2267751.412  5009154.344  3221293.977
2025   1  72450 GPS  -2267749.675  5009154.719  3221294.520
2025   1  72480 GPS  -2267751.901  5009154.271  3221295.360
2025   1  72510 GPS  -2267751.207  5009154.630  3221293.257
2025   1  72540 GPS  -2267749.645  5009154.199  3221293.843
2025   1  72570 GPS  -2267750.532  5009151.064  3221292.048
2025   1  72600 GPS  -2267750.367  5009153.435  3221292.195
2025   1  72630 GPS  -2267751.678  5009153.323  3221292.750
2025   1  72660 GPS  -2267750.958  5009152.706  3221292.921
2025   1  72690 GPS  -2267750.851  5009152.878  3221292.438
2025   1  72720 GPS  -2267750.556  5009153.975  3221292.493
2025   1  72750 GPS  -2267751.634  5009154.269  3221292.326
2025   1  72780 GPS  -2267752.347  5009154.466  3221293.189
2025   1  72810 GPS  -2267749.366  5009153.182  3221293.079
2025   1  72840 GPS  -2267749.403  5009153.715  3221294.522
2025   1  72870 GPS  -2267750.080  5009156.484  3221296.336
2025   1  72900 GPS  -2267749.020  5009155.156  3221295.401
2025   1  72930 GPS  -2267750.678  5009158.280  3221296.828
2025   1  72960 GPS  -2267752.712  5009158.777  3221297.530
2025   1  72990 GPS  -2267749.977  5009155.958  3221296.188
2025   1  73020 GPS  -2267748.829  5009154.185  3221294.280
2025   1  73050 GPS  -2267749.790  5009151.190  3221292.717
2025   1  73080 GPS  -2267749.937  5009153.189  3221292.307
2025   1  73110 GPS  -2267750.300  5009153.643  3221291.676
2025   1  73140 GPS  -2267750.848  5009154.065  3221291.838
2025   1  73170 GPS  -2267752.167  5009156.178  3221294.158
2025   1  73200 GPS  -2267750.041  5009155.051  3221292.550
2025   1  73230 GPS  -2267750.112  5009153.814  3221292.990
2025   1  73260 GPS  -2267748.533  5009152.946  3221291.780
2025   1  73290 GPS  -2267750.589  5009155.827  3221294.244
2025   1  73320 GPS  -2267750.912  5009156.018  3221295.424
2025   1  73350 GPS  -2267753.050  5009157.340  3221296.635
2025   1  73380 GPS  -2267750.388  5009154.648  3221295.277
2025   1  73410 GPS  -2267748.953  5009153.176  3221293.298
2025   1  73440 GPS  -2267749.005  5009151.308  3221291.362
2025   1  73470 GPS  -2267748.428  5009152.418  3221291.449
2025   1  73500 GPS  -2267750.199  5009154.661  3221293.708
2025   1  73530 GPS  -2267750.596  5009154.051  3221294.571
2025   1  73560 GPS  -2267751.388  5009153.887  3221294.209
2025   1  73590 GPS  -2267751.583  5009151.357  3221292.997
2025   1  73620 GPS  -2267749.030  5009151.538  3221292.965
2025   1  73650 GPS  -2267748.935  5009154.317  3221294.334
2025   1  73680 GPS  -2267750.548  5009155.345  3221294.734
2025   1  73710 GPS  -2267749.396  5009156.220  3221294.598
2025   1  73740 GPS  -2267750.909  5009155.972  3221294.551
2025   1  73770 GPS  -2267751.610  5009154.835  3221293.890
2025   1  73800 GPS  -2267750.977  5009155.414  3221292.920
2025   1  73830 GPS  -2267751.500  5009154.072  3221292.180
2025   1  73860 GPS  -2267751.124  5009153.509  3221290.814
2025   1  73890 GPS  -2267751.535  5009152.905  3221292.279
2025   1  73920 GPS  -2267753.089  5009155.602  3221296.244
2025   1  73950 GPS  -2267750.760  5009154.521  3221295.062
2025   1  73980 GPS  -2267752.128  5009156.699  3221295.678
2025   1  74010 GPS  -2267748.767  5009154.272  3221293.692
2025   1  74040 GPS  -2267754.911  5009159.623  3221300.623
2025   1  74070 GPS  -2267752.652  5009156.317  3221296.590
2025   1  74100 GPS  -2267751.677  5009156.121  3221293.725
2025   1  74130 GPS  -2267748.436  5009152.488  3221289.658
2025   1  74160 GPS  -2267749.233  5009152.701  3221290.622
2025   1  74190 GPS  -2267749.450  5009152.299  3221292.148
2025   1  74220 GPS  -2267747.864  5009151.538  3221292.999
2025   1  74250 GPS  -2267751.643  5009155.329  3221295.488
2025   1  74280 GPS  -2267745.825  5009151.644  3221292.774
2025   1  74310 GPS  -2267746.132  5009151.650  3221291.259
2025   1  74340 GPS  -2267750.992  5009154.430  3221295.076
2025   1  74370 GPS  -2267749.452  5009153.564  3221293.206
2025   1  74400 GPS  -2267753.236  5009157.013  3221296.942
2025   1  74430 GPS  -2267750.754  5009154.427  3221294.416
2025   1  74460 GPS  -2267750.682  5009156.658  3221293.335
2025   1  74490 GPS  -2267747.555  5009152.522  3221290.537
2025   1  74520 GPS  -2267751.348  5009153.073  3221292.630
2025   1  74550 GPS  -2267746.370  5009151.206  3221287.858
2025   1  74580 GPS  -2267747.739  5009151.013  3221288.968
2025   1  74610 GPS  -2267749.829  5009153.476  3221292.246
2025   1  74640 GPS  -2267746.336  5009150.187  3221289.759
2025   1  74670 GPS  -2267746.152  5009149.911  3221288.807
2025   1  74700 GPS  -2267746.964  5009151.091  3221289.557
2025   1  74730 GPS  -2267747.682  5009153.747  3221293.226
2025   1  74760 GPS  -2267746.732  5009152.907  3221293.832
2025   1  74790 GPS  -2267748.391  5009152.699  3221294.071
2025   1  74820 GPS  -2267750.327  5009153.036  3221294.350
2025   1  74850 GPS  -2267748.961  5009152.801  3221292.015
2025   1  74880 GPS  -2267750.407  5009152.272  3221290.425
2025   1  74910 GPS  -2267746.172  5009147.793  3221285.235
2025   1  74940 GPS  -2267750.480  5009153.157  3221290.040
2025   1  74970 GPS  -2267748.106  5009152.922  3221289.442
2025   1  75000 GPS  -2267749.719  5009153.992  3221292.067
2025   1  75030 GPS  -2267750.999  5009155.983  3221294.519
2025   1  75060 GPS  -2267751.617  5009157.065  3221296.013
2025   1  75090 GPS  -2267752.962  5009156.302  3221296.038
2025   1  75120 GPS  -2267748.949  5009153.417  3221293.732
2025   1  75150 GPS  -2267748.984  5009153.045  3221293.141
2025   1  75180 GPS  -2267751.367  5009155.342  3221295.373
2025   1  75210 GPS  -2267748.976  5009152.600  3221292.403
2025   1  75240 GPS  -2267747.285  5009154.401  3221293.577
2025   1  75270 GPS  -2267749.308  5009155.118  3221296.545
2025   1  75300 GPS  -2267750.611  5009154.629  3221298.362
2025   1  75330 GPS  -2267751.872  5009154.671  3221297.465
2025   1  75360 GPS  -2267747.334  5009151.448  3221292.674
2025   1  75390 GPS  -2267745.804  5009151.674  3221291.906
2025   1  75420 GPS  -2267747.190  5009151.161  3221292.161
2025   1  75450 GPS  -2267745.549  5009148.926  3221289.824
2025   1  75480 GPS  -2267751.084  5009153.384  3221295.173
2025   1  75510 GPS  -2267750.457  5009153.201  3221293.767
2025   1  75540 GPS  -2267747.574  5009153.237  3221293.243
2025   1  75570 GPS  -2267746.905  5009154.139  3221292.504
2025   1  75600 GPS  -2267748.337  5009154.201  3221294.455
2025   1  75630 GPS  -2267748.650  5009155.130  3221296.106
2025   1  75660 GPS  -2267750.581  5009156.648  3221296.874
2025   1  75690 GPS  -2267752.325  5009157.421  3221297.270
2025   1  75720 GPS  -2267751.239  5009158.018  3221299.021
2025   1  75750 GPS  -2267753.882  5009160.083  3221298.222
2025   1  75780 GPS  -2267751.716  5009156.723  3221297.524
2025   1  75810 GPS  -2267749.357  5009154.776  3221295.440
2025   1  75840 GPS  -2267751.583  5009157.566  3221296.832
2025   1  75870 GPS  -2267749.594  5009154.702  3221295.467
2025   1  75900 GPS  -2267749.606  5009155.532  3221294.430
2025   1  75930 GPS  -2267749.116  5009153.789  3221294.141
2025   1  75960 GPS  -2267747.767  5009154.268  3221297.044
2025   1  75990 GPS  -2267748.551  5009154.105  3221294.658
2025   1  76020 GPS  -2267748.826  5009155.031  3221297.042
2025   1  76050 GPS  -2267748.986  5009154.149  3221293.909
2025   1  76080 GPS  -2267748.869  5009154.290  3221293.459
2025   1  76110 GPS  -2267748.470  5009155.362  3221297.975
2025   1  76140 GPS  -2267750.957  5009156.632  3221295.979
2025   1  76170 GPS  -2267752.216  5009157.273  3221296.134
2025   1  76200 GPS  -2267748.013  5009153.382  3221293.795
2025   1  76230 GPS  -2267749.400  5009151.921  3221293.380
2025   1  76260 GPS  -2267747.936  5009153.278  3221294.449
2025   1  76290 GPS  -2267750.459  5009157.978  3221299.339
2025   1  76320 GPS  -2267753.515  5009157.540  3221298.540
2025   1  76350 GPS  -2267753.390  5009157.370  3221299.172
2025   1  76380 GPS  -2267753.268  5009157.654  3221298.308
2025   1  76410 GPS  -2267754.151  5009157.335  3221296.557
2025   1  76440 GPS  -2267751.994  5009156.081  3221297.063
2025   1  76470 GPS  -2267754.121  5009156.091  3221295.712
2025   1  76500 GPS  -2267757.704  5009159.364  3221296.036
2025   1  76530 GPS  -2267754.549  5009157.113  3221295.452
2025   1  76560 GPS  -2267750.256  5009153.092  3221292.642
2025   1  76590 GPS  -2267750.940  5009154.699  3221293.416
2025   1  76620 GPS  -2267752.531  5009155.856  3221295.797
2025   1  76650 GPS  -2267750.642  5009156.127  3221294.770
2025   1  76680 GPS  -2267750.126  5009154.229  3221292.733
2025   1  76710 GPS  -2267753.063  5009156.596  3221292.683
2025   1  76740 GPS  -2267750.293  5009154.921  3221293.343
2025   1  76770 GPS  -2267750.240  5009154.092  3221292.754
2025   1  76800 GPS  -2267751.100  5009154.110  3221293.387
2025   1  76830 GPS  -2267749.409  5009151.456  3221291.519
2025   1  76860 GPS  -2267750.934  5009154.983  3221292.464
2025   1  76890 GPS  -2267747.649  5009156.218  3221294.871
2025   1  76920 GPS  -2267749.639  5009155.058  3221294.081
2025   1  76950 GPS  -2267748.507  5009153.065  3221291.595
2025   1  76980 GPS  -2267749.550  5009154.109  3221294.671
2025   1  77010 GPS  -2267749.338  5009154.725  3221295.197
2025   1  77040 GPS  -2267748.476  5009152.157  3221293.129
2025   1  77070 GPS  -2267749.094  5009152.770  3221291.690
2025   1  77100 GPS  -2267751.103  5009154.703  3221293.792
2025   1  77130 GPS  -2267752.500  5009155.087  3221295.663
2025   1  77160 GPS  -2267749.780  5009154.401  3221293.812
2025   1  77190 GPS  -2267749.631  5009154.306  3221294.792
2025   1  77220 GPS  -2267747.424  5009153.064  3221294.433
2025   1  77250 GPS  -2267748.608  5009151.765  3221292.165
2025   1  77280 GPS  -2267748.580  5009152.818  3221292.353
2025   1  77310 GPS  -2267748.833  5009153.366  3221293.291
2025   1  77340 GPS  -2267749.533  5009156.730  3221297.991
2025   1  77370 GPS  -2267748.572  5009153.373  3221295.168
2025   1  77400 GPS  -2267747.664  5009151.122  3221294.066
2025   1  77430 GPS  -2267750.606  5009154.605  3221296.456
2025   1  77460 GPS  -2267750.299  5009154.164  3221295.584
2025   1  77490 GPS  -2267748.804  5009156.502  3221294.569
2025   1  77520 GPS  -2267750.314  5009154.026  3221294.930
2025   1  77550 GPS  -2267750.816  5009155.364  3221296.324
2025   1  77580 GPS  -2267750.826  5009156.751  3221292.992
2025   1  77610 GPS  -2267748.809  5009154.227  3221291.128
2025   1  77640 GPS  -2267752.039  5009157.905  3221293.161
2025   1  77670 GPS  -2267748.311  5009153.675  3221292.619
2025   1  77700 GPS  -2267749.214  5009157.124  3221294.596
2025   1  77730 GPS  -2267749.142  5009150.675  3221292.521
2025   1  77760 GPS  -2267749.608  5009153.175  3221291.628
2025   1  77790 GPS  -2267747.999  5009155.152  3221294.933
2025   1  77820 GPS  -2267749.161  5009154.917  3221294.679
2025   1  77850 GPS  -2267751.048  5009156.096  3221294.442
2025   1  77880 GPS  -2267749.631  5009153.542  3221291.778
2025   1  77910 GPS  -2267750.941  5009155.405  3221293.175
2025   1  77940 GPS  -2267752.792  5009158.214  3221295.691
2025   1  77970 GPS  -2267750.541  5009153.831  3221295.111
2025   1  78000 GPS  -2267750.422  5009149.564  3221290.986
2025   1  78030 GPS  -2267751.860  5009151.825  3221292.945
2025   1  78060 GPS  -2267751.479  5009151.984  3221293.207
2025   1  78090 GPS  -2267751.620  5009155.543  3221294.454
2025   1  78120 GPS  -2267748.929  5009155.346  3221294.016
2025   1  78150 GPS  -2267741.423  5009146.422  3221288.990
2025   1  78180 GPS  -2267749.908  5009154.348  3221294.437
2025   1  78210 GPS  -2267750.190  5009154.601  3221291.622
2025   1  78240 GPS  -2267749.832  5009154.509  3221293.339
2025   1  78270 GPS  -2267749.971  5009151.353  3221291.563
2025   1  78300 GPS  -2267751.059  5009153.207  3221293.211
2025   1  78330 GPS  -2267751.463  5009157.020  3221295.988
2025   1  78360 GPS  -2267750.682  5009160.267  3221299.092
2025   1  78390 GPS  -2267750.625  5009158.599  3221296.732
2025   1  78420 GPS  -2267750.538  5009155.854  3221295.752
2025   1  78450 GPS  -2267751.611  5009158.407  3221296.539
2025   1  78480 GPS  -2267749.745  5009153.877  3221294.436
2025   1  78510 GPS  -2267750.360  5009155.232  3221295.258
2025   1  78540 GPS  -2267749.834  5009154.182  3221294.091
2025   1  78570 GPS  -2267750.913  5009156.327  3221295.851
2025   1  78600 GPS  -2267749.351  5009156.389  3221295.911
2025   1  78630 GPS  -2267751.838  5009160.193  3221298.827
2025   1  78660 GPS  -2267744.515  5009150.234  3221290.412
2025   1  78690 GPS  -2267746.581  5009151.910  3221292.615
2025   1  78720 GPS  -2267744.804  5009148.317  3221289.269
2025   1  78750 GPS  -2267745.836  5009149.296  3221289.337
2025   1  78780 GPS  -2267750.400  5009154.453  3221293.560
2025   1  78810 GPS  -2267749.714  5009155.524  3221293.778
2025   1  78840 GPS  -2267749.276  5009156.166  3221295.529
2025   1  78870 GPS  -2267750.989  5009155.007  3221294.495
2025   1  78900 GPS  -2267749.643  5009152.054  3221293.474
2025   1  78930 GPS  -2267750.919  5009153.713  3221293.668
2025   1  78960 GPS  -2267750.990  5009153.900  3221294.490
2025   1  78990 GPS  -2267751.139  5009155.512  3221293.603
2025   1  79020 GPS  -2267749.834  5009154.342  3221293.234
2025   1  79050 GPS  -2267750.152  5009155.601  3221297.116
2025   1  79080 GPS  -2267749.459  5009157.426  3221295.953
2025   1  79110 GPS  -2267747.295  5009155.519  3221296.095
2025   1  79140 GPS  -2267749.589  5009154.450  3221294.520
2025   1  79170 GPS  -2267750.033  5009151.884  3221293.136
2025   1  79200 GPS  -2267750.224  5009152.539  3221293.524
2025   1  79230 GPS  -2267750.522  5009155.661  3221296.463
2025   1  79260 GPS  -2267749.257  5009154.600  3221296.154
2025   1  79290 GPS  -2267749.791  5009154.890  3221296.492
2025   1  79320 GPS  -2267749.096  5009153.844  3221295.239
2025   1  79350 GPS  -2267747.216  5009154.958  3221295.163
2025   1  79380 GPS  -2267748.725  5009155.455  3221295.524
2025   1  79410 GPS  -2267749.492  5009155.017  3221295.102
2025   1  79440 GPS  -2267748.674  5009153.324  3221293.765
2025   1  79470 GPS  -2267749.168  5009155.208  3221293.494
2025   1  79500 GPS  -2267750.820  5009154.151  3221294.555
2025   1  79530 GPS  -2267752.598  5009156.577  3221294.304
2025   1  79560 GPS  -2267751.599  5009153.799  3221294.263
2025   1  79590 GPS  -2267752.190  5009154.686  3221296.210
2025   1  79620 GPS  -2267751.572  5009157.074  3221295.670
2025   1  79650 GPS  -2267751.810  5009156.119  3221293.740
2025   1  79680 GPS  -2267751.672  5009158.205  3221295.300
2025   1  79710 GPS  -2267751.412  5009156.524  3221293.859
2025   1  79740 GPS  -2267750.728  5009155.447  3221294.963
2025   1  79770 GPS  -2267750.423  5009153.652  3221294.078
2025   1  79800 GPS  -2267750.690  5009156.262  3221295.376
2025   1  79830 GPS  -2267755.171  5009159.516  3221297.419
2025   1  79860 GPS  -2267749.615  5009156.066  3221294.930
2025   1  79890 GPS  -2267749.926  5009157.233  3221295.727
2025   1  79920 GPS  -2267752.228  5009159.552  3221295.811
2025   1  79950 GPS  -2267751.186  5009156.912  3221295.392
2025   1  79980 GPS  -2267749.466  5009152.206  3221294.491
2025   1  80010 GPS  -2267749.042  5009151.625  3221293.978
2025   1  80040 GPS  -2267750.601  5009153.285  3221295.027
2025   1  80070 GPS  -2267749.692  5009152.002  3221293.100
2025   1  80100 GPS  -2267749.652  5009154.657  3221294.177
2025   1  80130 GPS  -2267749.300  5009153.787  3221294.551
2025   1  80160 GPS  -2267749.636  5009155.307  3221294.461
2025   1  80190 GPS  -2267750.209  5009156.937  3221294.529
2025   1  80220 GPS  -2267751.051  5009155.133  3221294.700
2025   1  80250 GPS  -2267751.722  5009159.349  3221295.966
2025   1  80280 GPS  -2267750.671  5009158.357  3221295.799
2025   1  80310 GPS  -2267750.335  5009156.662  3221294.485
2025   1  80340 GPS  -2267750.759  5009157.435  3221295.860
2025   1  80370 GPS  -2267750.680  5009157.622  3221294.862
2025   1  80400 GPS  -2267752.002  5009157.068  3221295.963
2025   1  80430 GPS  -2267752.279  5009159.831  3221296.067
2025   1  80460 GPS  -2267750.112  5009157.121  3221294.361
2025   1  80490 GPS  -2267750.933  5009157.291  3221294.891
2025   1  80520 GPS  -2267749.332  5009156.051  3221296.274
2025   1  80550 GPS  -2267748.312  5009156.656  3221295.218
2025   1  80580 GPS  -2267748.089  5009153.920  3221295.486
2025   1  80610 GPS  -2267750.221  5009154.347  3221294.310
2025   1  80640 GPS  -2267749.285  5009153.562  3221295.262
2025   1  80670 GPS  -2267750.356  5009156.174  3221295.244
2025   1  80700 GPS  -2267749.530  5009155.775  3221294.154
2025   1  80730 GPS  -2267749.123  5009155.184  3221293.382
2025   1  80760 GPS  -2267750.066  5009157.120  3221294.837
2025   1  80790 GPS  -2267750.675  5009157.357  3221295.061
2025   1  80820 GPS  -2267750.217  5009156.807  3221294.068
2025   1  80850 GPS  -2267750.957  5009157.704  3221295.590
2025   1  80880 GPS  -2267751.049  5009157.341  3221294.745
2025   1  80910 GPS  -2267749.766  5009155.826  3221294.257
2025   1  80940 GPS  -2267749.302  5009156.844  3221295.219
2025   1  80970 GPS  -2267751.064  5009158.040  3221294.720
2025   1  81000 GPS  -2267752.135  5009158.548  3221294.028
2025   1  81030 GPS  -2267752.687  5009157.451  3221293.968
2025   1  81060 GPS  -2267751.673  5009155.420  3221294.117
2025   1  81090 GPS  -2267752.129  5009157.472  3221293.885
2025   1  81120 GPS  -2267749.853  5009156.188  3221294.426
2025   1  81150 GPS  -2267750.206  5009157.096  3221295.543
2025   1  81180 GPS  -2267751.003  5009158.067  3221293.824
2025   1  81210 GPS  -2267751.406  5009159.451  3221295.473
2025   1  81240 GPS  -2267750.965  5009158.975  3221294.939
2025   1  81270 GPS  -2267751.572  5009159.523  3221296.306
2025   1  81300 GPS  -2267751.997  5009162.194  3221296.033
2025   1  81330 GPS  -2267750.878  5009160.194  3221295.578
2025   1  81360 GPS  -2267750.838  5009159.179  3221295.614
2025   1  81390 GPS  -2267751.738  5009158.461  3221295.706
2025   1  81420 GPS  -2267750.675  5009158.083  3221295.169
2025   1  81450 GPS  -2267752.167  5009159.493  3221295.429
2025   1  81480 GPS  -2267751.049  5009157.036  3221294.934
2025   1  81510 GPS  -2267751.394  5009157.043  3221295.243
2025   1  81540 GPS  -2267748.870  5009152.109  3221293.349
2025   1  81570 GPS  -2267749.720  5009155.332  3221294.571
2025   1  81600 GPS  -2267750.169  5009156.944  3221295.163
2025   1  81630 GPS  -2267750.276  5009158.465  3221296.105
2025   1  81660 GPS  -2267751.596  5009158.037  3221296.358
2025   1  81690 GPS  -2267750.388  5009155.169  3221294.774
2025   1  81720 GPS  -2267748.702  5009155.124  3221295.740
2025   1  81750 GPS  -2267749.203  5009156.685  3221293.916
2025   1  81780 GPS  -2267749.698  5009156.965  3221294.685
2025   1  81810 GPS  -2267748.547  5009156.774  3221293.856
2025   1  81840 GPS  -2267749.143  5009154.879  3221293.327
2025   1  81870 GPS  -2267750.434  5009154.000  3221293.511
2025   1  81900 GPS  -2267750.428  5009154.424  3221294.452
2025   1  81930 GPS  -2267750.743  5009154.840  3221294.527
2025   1  81960 GPS  -2267749.389  5009154.725  3221293.910
2025   1  81990 GPS  -2267748.797  5009154.197  3221294.722
2025   1  82020 GPS  -2267749.386  5009154.699  3221295.437
2025   1  82050 GPS  -2267749.662  5009153.751  3221294.272
2025   1  82080 GPS  -2267749.938  5009153.910  3221294.598
2025   1  82110 GPS  -2267749.695  5009153.748  3221294.567
2025   1  82140 GPS  -2267749.463  5009155.073  3221294.693
2025   1  82170 GPS  -2267749.637  5009154.606  3221295.297
2025   1  82200 GPS  -2267749.853  5009153.936  3221295.509
2025   1  82230 GPS  -2267750.546  5009154.236  3221294.761
2025   1  82260 GPS  -2267750.158  5009154.304  3221294.381
2025   1  82290 GPS  -2267749.158  5009153.697  3221293.895
2025   1  82320 GPS  -2267751.681  5009154.671  3221295.488
2025   1  82350 GPS  -2267749.584  5009153.868  3221293.565
2025   1  82380 GPS  -2267749.736  5009154.688  3221294.040
2025   1  82410 GPS  -2267749.383  5009152.378  3221293.043
2025   1  82440 GPS  -2267750.685  5009154.785  3221294.144
2025   1  82470 GPS  -2267751.188  5009156.032  3221294.114
2025   1  82500 GPS  -2267750.114  5009155.431  3221293.980
2025   1  82530 GPS  -2267749.444  5009155.608  3221293.032
2025   1  82560 GPS  -2267749.582  5009154.277  3221292.573
2025   1  82590 GPS  -2267750.848  5009153.905  3221293.655
2025   1  82620 GPS  -2267750.003  5009154.903  3221294.560
2025   1  82650 GPS  -2267750.411  5009153.611  3221293.690
2025   1  82680 GPS  -2267750.836  5009153.901  3221293.595
2025   1  82710 GPS  -2267750.908  5009153.976  3221293.681
2025   1  82740 GPS  -2267750.529  5009155.978  3221293.710
2025   1  82770 GPS  -2267750.244  5009154.650  3221294.193
2025   1  82800 GPS  -2267750.540  5009156.496  3221294.021
2025   1  82830 GPS  -2267750.306  5009156.973  3221294.297
2025   1  82860 GPS  -2267749.723  5009155.516  3221292.944
2025   1  82890 GPS  -2267749.498  5009155.271  3221293.067
2025   1  82920 GPS  -2267749.705  5009155.531  3221293.344
2025   1  82950 GPS  -2267750.355  5009155.874  3221294.848
2025   1  82980 GPS  -2267751.159  5009155.210  3221293.982
2025   1  83010 GPS  -2267750.351  5009154.920  3221292.695
2025   1  83040 GPS  -2267751.065  5009155.927  3221294.522
2025   1  83070 GPS  -2267749.327  5009152.735  3221292.569
2025   1  83100 GPS  -2267748.190  5009149.385  3221292.092
2025   1  83130 GPS  -2267748.799  5009150.567  3221290.905
2025   1  83160 GPS  -2267750.386  5009153.363  3221293.284
2025   1  83190 GPS  -2267749.573  5009153.065  3221293.432
2025   1  83220 GPS  -2267749.676  5009152.681  3221291.865
2025   1  83250 GPS  -2267749.679  5009152.760  3221291.584
2025   1  83280 GPS  -2267749.146  5009154.681  3221292.099
2025   1  83310 GPS  -2267749.454  5009153.589  3221292.309
2025   1  83340 GPS  -2267749.145  5009156.207  3221292.689
2025   1  83370 GPS  -2267749.930  5009157.233  3221292.235
2025   1  83400 GPS  -2267750.017  5009156.182  3221292.045
2025   1  83430 GPS  -2267749.184  5009154.931  3221291.980
2025   1  83460 GPS  -2267750.126  5009155.993  3221293.686
2025   1  83490 GPS  -2267749.885  5009155.971  3221293.117
2025   1  83520 GPS  -2267749.870  5009155.113  3221293.557
2025   1  83550 GPS  -2267749.067  5009153.410  3221293.154
2025   1  83580 GPS  -2267749.535  5009154.863  3221294.059
2025   1  83610 GPS  -2267749.963  5009155.751  3221295.112
2025   1  83640 GPS  -2267750.337  5009154.726  3221294.698
2025   1  83670 GPS  -2267750.230  5009154.541  3221294.090
2025   1  83700 GPS  -2267749.813  5009154.782  3221294.109
2025   1  83730 GPS  -2267749.176  5009151.897  3221292.557
2025   1  83760 GPS  -2267749.304  5009153.894  3221292.778
2025   1  83790 GPS  -2267750.129  5009154.547  3221294.349
2025   1  83820 GPS  -2267750.750  5009155.380  3221293.748
2025   1  83850 GPS  -2267750.933  5009156.578  3221293.652
2025   1  83880 GPS  -2267749.596  5009154.513  3221292.694
2025   1  83910 GPS  -2267750.247  5009156.994  3221294.099
2025   1  83940 GPS  -2267749.741  5009153.956  3221293.267
2025   1  83970 GPS  -2267748.890  5009154.879  3221293.195
2025   1  84000 GPS  -2267750.547  5009156.035  3221294.974
2025   1  84030 GPS  -2267750.702  5009156.267  3221293.963
2025   1  84060 GPS  -2267749.772  5009153.600  3221292.886
2025   1  84090 GPS  -2267749.780  5009152.334  3221292.431
2025   1  84120 GPS  -2267750.922  5009155.476  3221295.156
2025   1  84150 GPS  -2267750.586  5009155.922  3221296.057
2025   1  84180 GPS  -2267750.675  5009153.291  3221294.579
2025   1  84210 GPS  -2267750.736  5009153.481  3221293.980
2025   1  84240 GPS  -2267751.245  5009153.693  3221294.048
2025   1  84270 GPS  -2267750.959  5009155.216  3221294.860
2025   1  84300 GPS  -2267751.670  5009153.350  3221293.733
2025   1  84330 GPS  -2267751.921  5009155.255  3221295.983
2025   1  84360 GPS  -2267752.285  5009155.849  3221294.889
2025   1  84390 GPS  -2267753.289  5009156.916  3221295.585
2025   1  84420 GPS  -2267751.398  5009154.475  3221295.303
2025   1  84450 GPS  -2267750.670  5009154.377  3221295.574
2025   1  84480 GPS  -2267750.839  5009154.230  3221293.849
2025   1  84510 GPS  -2267750.542  5009155.230  3221294.875
2025   1  84540 GPS  -2267749.908  5009153.245  3221293.455
2025   1  84570 GPS  -2267750.649  5009154.960  3221293.863
2025   1  84600 GPS  -2267750.538  5009154.381  3221293.775
2025   1  84630 GPS  -2267749.654  5009154.329  3221293.042
2025   1  84660 GPS  -2267750.625  5009154.817  3221292.432
2025   1  84690 GPS  -2267751.038  5009154.386  3221292.633
2025   1  84720 GPS  -2267749.937  5009153.699  3221292.889
2025   1  84750 GPS  -2267749.331  5009151.804  3221292.016
2025   1  84780 GPS  -2267750.034  5009152.305  3221293.474
2025   1  84810 GPS  -2267751.230  5009148.787  3221293.275
2025   1  84840 GPS  -2267749.774  5009148.914  3221291.652
2025   1  84870 GPS  -2267750.949  5009149.475  3221293.264
2025   1  84900 GPS  -2267750.268  5009150.830  3221292.747
2025   1  84930 GPS  -2267749.744  5009150.962  3221292.267
2025   1  84960 GPS  -2267750.511  5009152.731  3221293.602
2025   1  84990 GPS  -2267751.559  5009155.172  3221295.714
2025   1  85020 GPS  -2267751.737  5009152.724  3221294.362
2025   1  85050 GPS  -2267749.504  5009152.736  3221292.547
2025   1  85080 GPS  -2267750.239  5009154.348  3221294.212
2025   1  85110 GPS  -2267751.063  5009157.638  3221295.300
2025   1  85140 GPS  -2267749.716  5009156.559  3221295.905
2025   1  85170 GPS  -2267751.026  5009158.270  3221297.129
2025   1  85200 GPS  -2267749.658  5009155.463  3221294.467
2025   1  85230 GPS  -2267750.099  5009155.264  3221294.111
2025   1  85260 GPS  -2267750.719  5009158.167  3221295.979
2025   1  85290 GPS  -2267751.306  5009158.166  3221295.759
2025   1  85320 GPS  -2267752.245  5009158.653  3221296.726
2025   1  85350 GPS  -2267751.125  5009156.371  3221297.284
2025   1  85380 GPS  -2267750.238  5009154.404  3221294.681
2025   1  85410 GPS  -2267749.092  5009149.580  3221292.806
2025   1  85440 GPS  -2267750.276  5009151.463  3221293.774
2025   1  85470 GPS  -2267750.670  5009153.072  3221294.638
2025   1  85500 GPS  -2267750.484  5009150.879  3221293.733
2025   1  85530 GPS  -2267748.635  5009149.972  3221290.818
2025   1  85560 GPS  -2267750.068  5009151.295  3221292.842
2025   1  85590 GPS  -2267750.299  5009149.371  3221293.778
2025   1  85620 GPS  -2267751.076  5009152.156  3221294.438
2025   1  85650 GPS  -2267750.667  5009150.714  3221293.119
2025   1  85680 GPS  -2267751.044  5009150.228  3221293.880
2025   1  85710 GPS  -2267750.019  5009152.579  3221293.737
2025   1  85740 GPS  -2267753.100  5009154.941  3221296.607
2025   1  85770 GPS  -2267750.691  5009153.147  3221293.711
2025   1  85800 GPS  -2267749.612  5009151.648  3221292.767
2025   1  85830 GPS  -2267748.425  5009149.490  3221289.867
2025   1  85860 GPS  -2267748.897  5009151.689  3221291.105
2025   1  85890 GPS  -2267747.983  5009153.016  3221291.128
2025   1  85920 GPS  -2267749.050  5009153.660  3221292.581
2025   1  85950 GPS  -2267749.384  5009153.290  3221293.419
2025   1  85980 GPS  -2267750.183  5009154.294  3221293.063
2025   1  86010 GPS  -2267749.207  5009153.169  3221291.041
2025   1  86040 GPS  -2267750.478  5009154.213  3221292.975
2025   1  86070 GPS  -2267751.218  5009154.116  3221294.458
2025   1  86100 GPS  -2267750.220  5009153.302  3221293.040
2025   1  86130 GPS  -2267751.096  5009153.913  3221293.478
2025   1  86160 GPS  -2267749.868  5009152.659  3221293.285
2025   1  86190 GPS  -2267749.396  5009153.946  3221293.797
2025   1  86220 GPS  -2267749.678  5009150.285  3221293.156
2025   1  86250 GPS  -2267750.964  5009153.164  3221293.455
2025   1  86280 GPS  -2267750.412  5009153.329  3221294.372
2025   1  86310 GPS  -2267749.003  5009152.940  3221295.407
2025   1  86340 GPS  -2267749.537  5009151.770  3221293.987
2025   1  86370 GPS  -2267748.255  5009151.292  3221292.890
