2025   1      0 GPS  -2267746.693  5009131.358  3221258.037
2025   1     30 GPS  -2267696.418  5009049.865  3221222.945
2025   1     60 GPS  -2267697.945  5009017.013  3221198.327
2025   1     90 GPS  -2267795.800  5009125.727  3221253.632
2025   1    120 GPS  -2267767.727  5009167.851  3221284.968
2025   1    150 GPS  -2267808.346  5009167.460  3221257.270
2025   1    180 GPS  -2267767.913  5009112.035  3221244.650
2025   1    210 GPS  -2267827.208  5009209.373  3221316.087
2025   1    240 GPS  -2267704.732  5009070.879  3221278.146
2025   1    270 GPS  -2267802.600  5009148.523  3221294.553
2025   1    300 GPS  -2267764.607  5009140.996  3221283.000
2025   1    330 GPS  -2267769.146  5009130.025  3221239.109
2025   1    360 GPS  -2267708.089  5009164.813  3221280.071
2025   1    390 GPS  -2267725.219  5009193.582  3221345.236
2025   1    420 GPS  -2267883.631  5009203.804  3221329.971
2025   1    450 GPS  -2267737.136  5009114.914  3221279.352
2025   1    480 GPS  -2267713.215  5009105.566  3221224.321
2025   1    510 GPS  -2267762.484  5009142.902  3221300.128
2025   1    540 GPS  -2267693.268  5009118.329  3221257.895
2025   1    570 GPS  -2267711.047  5009143.775  3221279.839
2025   1    600 GPS  -2267757.574  5009166.868  3221300.618
2025   1    630 GPS  -2267763.514  5009125.894  3221225.769
2025   1    660 GPS  -2267676.050  5009070.388  3221219.121
2025   1    690 GPS  -2267743.513  5009037.228  3221277.215
2025   1    720 GPS  -2267746.812  5008936.816  3221210.183
2025   1    750 GPS  -2267760.852  5009066.880  3221277.626
2025   1    780 GPS  -2267805.700  5009036.928  3221303.756
2025   1    810 GPS  -2267833.174  5009114.882  3221305.108
2025   1    840 GPS  -2267653.953  5008978.929  3221198.055
2025   1    870 GPS  -2267738.049  5009127.268  3221259.827
2025   1    900 GPS  -2267770.666  5009223.325  3221342.353
2025   1    930 GPS  -2267743.336  5009169.435  3221271.135
2025   1    960 GPS  -2267756.539  5009213.437  3221265.536
2025   1    990 GPS  -2267799.945  5009257.695  3221296.404
2025   1   1020 GPS  -2267748.035  5009167.142  3221280.078
2025   1   1050 GPS  -2267828.283  5009093.309  3221243.663
2025   1   1080 GPS  -2267835.442  5009105.483  3221243.214
2025   1   1110 GPS  -2267751.586  5009085.723  3221247.726
2025   1   1140 GPS  -2267693.125  5008974.556  3221199.228
2025   1   1170 GPS  -2267854.778  5009166.851  3221228.985
2025   1   1200 GPS  -2267781.720  5009122.569  3221246.696
2025   1   1230 GPS  -2267793.650  5009042.083  3221212.703
2025   1   1260 GPS  -2267821.853  5009138.277  3221286.069
2025   1   1290 GPS  -2267858.470  5009183.718  3221275.810
2025   1   1320 GPS  -2267769.499  5009097.284  3221264.718
2025   1   1350 GPS  -2267717.390  5009068.269  3221216.997
2025   1   1380 GPS  -2267741.895  5009118.931  3221240.220
2025   1   1410 GPS  -2267915.783  5009329.539  3221349.218
2025   1   1440 GPS  -2267891.683  5009285.989  3221339.885
2025   1   1470 GPS  -2267811.758  5009197.334  3221311.132
2025   1   1500 GPS  -2267779.403  5009211.684  3221352.317
2025   1   1530 GPS  -2267818.953  5009213.631  3221349.448
2025   1   1560 GPS  -2267777.086  5009149.444  3221314.089
2025   1   1590 GPS  -2267809.712  5009221.862  3221314.550
2025   1   1620 GPS  -2267766.268  5009162.861  3221292.206
2025   1   1650 GPS  -2267797.971  5009205.352  3221280.065
2025   1   1680 GPS  -2267761.798  5009068.970  3221241.170
2025   1   1710 GPS  -2267768.124  5009144.749  3221252.530
2025   1   1740 GPS  -2267753.866  5009107.334  3221315.914
2025   1   1770 GPS  -2267691.913  5009033.722  3221263.692
2025   1   1800 GPS  -2267781.342  5009179.087  3221306.406
2025   1   1830 GPS  -2267813.611  5009228.054  3221289.243
2025   1   1860 GPS  -2267755.301  5009140.588  3221247.219
2025   1   1890 GPS  -2267801.526  5009299.541  3221317.580
2025   1   1920 GPS  -2267724.439  5009193.903  3221237.722
2025   1   1950 GPS  -2267816.371  5009216.060  3221294.051
2025   1   1980 GPS  -2267783.254  5009142.465  3221314.418
2025   1   2010 GPS  -2267784.838  5009224.539  3221305.003
2025   1   2040 GPS  -2267739.455  5009127.589  3221269.984
2025   1   2070 GPS  -2267858.498  5009183.626  3221314.328
2025   1   2100 GPS  -2267873.156  5009212.074  3221366.268
2025   1   2130 GPS  -2267827.596  5009214.828  3221306.772
2025   1   2160 GPS  -2267792.424  5009128.484  3221319.789
2025   1   2190 GPS  -2267816.675  5009103.514  3221295.660
2025   1   2220 GPS  -2267761.266  5009086.607  3221237.218
2025   1   2250 GPS  -2267802.597  5009148.536  3221266.063
2025   1   2280 GPS  -2267829.830  5009202.440  3221305.985
2025   1   2310 GPS  -2267814.428  5009201.507  3221323.067
2025   1   2340 GPS  -2267766.310  5009151.205  3221296.299
2025   1   2370 GPS  -2267757.748  5009067.034  3221306.501
2025   1   2400 GPS  -2267734.071  5009065.924  3221226.949
2025   1   2430 GPS  -2267770.184  5009109.382  3221276.119
2025   1   2460 GPS  -2267709.911  5009083.051  3221261.464
2025   1   2490 GPS  -2267724.367  5009142.311  3221317.875
2025   1   2520 GPS  -2267777.342  5009082.834  3221293.430
2025   1   2550 GPS  -2267740.833  5009036.312  3221256.871
2025   1   2580 GPS  -2267743.087  5009117.968  3221250.916
2025   1   2610 GPS  -2267766.729  5009081.736  3221315.170
2025   1   2640 GPS  -2267738.868  5009125.382  3221292.862
2025   1   2670 GPS  -2267744.230  5009160.368  3221306.398
2025   1   2700 GPS  -2267712.923  5009102.462  3221288.833
2025   1   2730 GPS  -2267728.959  5009070.021  3221263.580
2025   1   2760 GPS  -2267722.336  5009081.021  3221245.445
2025   1   2790 GPS  -2267767.835  5009138.544  3221304.447
2025   1   2820 GPS  -2267686.235  5009083.703  3221303.206
2025   1   2850 GPS  -2267737.789  5009138.423  3221265.736
2025   1   2880 GPS  -2267726.879  5009179.575  3221279.645
2025   1   2910 GPS  -2267803.405  5009183.317  3221307.776
2025   1   2940 GPS  -2267802.764  5009124.915  3221300.504
2025   1   2970 GPS  -2267729.878  5009072.516  3221309.237
2025   1   3000 GPS  -2267647.539  5008961.444  3221256.751
2025   1   3030 GPS  -2267770.195  5009089.728  3221279.119
2025   1   3060 GPS  -2267740.145  5009078.152  3221287.489
2025   1   3090 GPS  -2267699.884  5009107.014  3221308.633
2025   1   3120 GPS  -2267815.768  5009146.033  3221335.448
2025   1   3150 GPS  -2267794.113  5009175.937  3221379.693
2025   1   3180 GPS  -2267779.000  5009085.527  3221315.331
2025   1   3210 GPS  -2267772.956  5009178.302  3221302.850
2025   1   3240 GPS  -2267849.773  5009221.687  3221359.396
2025   1   3270 GPS  -2267780.969  5009079.661  3221269.080
2025   1   3300 GPS  -2267786.531  5009083.600  3221271.803
2025   1   3330 GPS  -2267761.359  5009129.813  3221254.706
2025   1   3360 GPS  -2267703.682  5009075.389  3221256.366
2025   1   3390 GPS  -2267766.728  5009084.586  3221275.339
2025   1   3420 GPS  -2267774.104  5009060.791  3221236.310
2025   1   3450 GPS  -2267703.285  5009029.313  3221247.340
2025   1   3480 GPS  -2267750.983  5009014.114  3221250.237
2025   1   3510 GPS  -2267762.450  5009124.079  3221286.211
2025   1   3540 GPS  -2267813.775  5009129.580  3221280.749
2025   1   3570 GPS  -2267778.679  5009148.584  3221285.685
2025   1   3600 GPS  -2267801.137  5009143.271  3221279.294
2025   1   3630 GPS  -2267817.717  5009177.875  3221301.184
2025   1   3660 GPS  -2267740.125  5009209.019  3221384.028
2025   1   3690 GPS  -2267765.702  5009101.735  3221277.189
2025   1   3720 GPS  -2267780.406  5009137.645  3221273.880
2025   1   3750 GPS  -2267794.523  5009159.652  3221324.035
2025   1   3780 GPS  -2267780.380  5009137.840  3221303.025
2025   1   3810 GPS  -2267762.861  5009164.065  3221288.952
2025   1   3840 GPS  -2267772.982  5009135.412  3221304.041
2025   1   3870 GPS  -2267773.081  5009135.968  3221298.598
2025   1   3900 GPS  -2267821.995  5009122.627  3221298.202
2025   1   3930 GPS  -2267788.379  5009083.381  3221257.694
2025   1   3960 GPS  -2267818.855  5009091.877  3221250.531
2025   1   3990 GPS  -2267741.983  5009121.970  3221296.912
2025   1   4020 GPS  -2267763.538  5009147.213  3221318.838
2025   1   4050 GPS  -2267839.429  5009224.359  3221336.802
2025   1   4080 GPS  -2267812.336  5009212.830  3221319.013
2025   1   4110 GPS  -2267842.938  5009187.267  3221375.615
2025   1   4140 GPS  -2267777.997  5009129.257  3221296.377
2025   1   4170 GPS  -2267820.679  5009092.914  3221258.383
2025   1   4200 GPS  -2267773.262  5009032.282  3221263.812
2025   1   4230 GPS  -2267757.782  5008995.036  3221244.760
2025   1   4260 GPS  -2267798.729  5009055.688  3221257.359
2025   1   4290 GPS  -2267737.288  5009106.918  3221276.277
2025   1   4320 GPS  -2267726.822  5009138.896  3221293.399
2025   1   4350 GPS  -2267750.230  5009091.531  3221281.501
2025   1   4380 GPS  -2267842.224  5009024.216  3221259.526
2025   1   4410 GPS  -2267751.679  5009096.503  3221278.703
2025   1   4440 GPS  -2267792.079  5009128.110  3221267.107
2025   1   4470 GPS  -2267768.383  5009177.713  3221293.888
2025   1   4500 GPS  -2267807.965  5009188.873  3221322.090
2025   1   4530 GPS  -2267774.740  5009112.867  3221235.734
2025   1   4560 GPS  -2267761.629  5009097.114  3221221.884
2025   1   4590 GPS  -2267783.487  5009108.175  3221182.888
2025   1   4620 GPS  -2267819.388  5009149.973  3221246.836
2025   1   4650 GPS  -2267783.322  5009072.890  3221263.322
2025   1   4680 GPS  -2267823.252  5009189.114  3221287.681
2025   1   4710 GPS  -2267777.350  5009156.919  3221267.908
2025   1   4740 GPS  -2267770.879  5009101.403  3221240.963
2025   1   4770 GPS  -2267783.344  5009037.371  3221198.884
2025   1   4800 GPS  -2267821.024  5009011.190  3221237.147
2025   1   4830 GPS  -2267783.513  5009022.619  3221273.826
2025   1   4860 GPS  -2267768.943  5009069.956  3221224.814
2025   1   4890 GPS  -2267748.263  5008972.054  3221207.753
2025   1   4920 GPS  -2267694.671  5009024.892  3221220.449
2025   1   4950 GPS  -2267754.228  5009121.550  3221211.847
2025   1   4980 GPS  -2267793.504  5009214.972  3221323.905
2025   1   5010 GPS  -2267767.845  5009215.692  3221355.853
2025   1   5040 GPS  -2267707.844  5009132.354  3221328.838
2025   1   5070 GPS  -2267758.437  5009122.947  3221294.073
2025   1   5100 GPS  -2267739.992  5009244.925  3221343.865
2025   1   5130 GPS  -2267753.404  5009105.524  3221283.046
2025   1   5160 GPS  -2267734.072  5009139.648  3221275.651
2025   1   5190 GPS  -2267693.588  5009090.112  3221251.852
2025   1   5220 GPS  -2267794.619  5009146.266  3221269.974
2025   1   5250 GPS  -2267708.213  5009138.561  3221271.023
2025   1   5280 GPS  -2267732.760  5009131.187  3221253.690
2025   1   5310 GPS  -2267762.541  5009106.883  3221251.669
2025   1   5340 GPS  -2267722.620  5008988.982  3221238.103
2025   1   5370 GPS  -2267712.217  5008989.831  3221275.709
2025   1   5400 GPS  -2267783.814  5009039.786  3221249.168
2025   1   5430 GPS  -2267721.975  5009027.935  3221276.174
2025   1   5460 GPS  -2267746.077  5009064.989  3221237.042
2025   1   5490 GPS  -2267771.588  5009095.971  3221306.840
2025   1   5520 GPS  -2267770.928  5009145.241  3221300.007
2025   1   5550 GPS  -2267783.976  5009139.459  3221295.405
2025   1   5580 GPS  -2267814.093  5009236.759  3221315.639
2025   1   5610 GPS  -2267782.480  5009181.299  3221330.412
2025   1   5640 GPS  -2267777.795  5009232.877  3221367.533
2025   1   5670 GPS  -2267766.286  5009153.516  3221302.364
2025   1   5700 GPS  -2267793.320  5009242.385  3221343.183
2025   1   5730 GPS  -2267790.330  5009085.975  3221303.833
2025   1   5760 GPS  -2267809.383  5009200.721  3221312.839
2025   1   5790 GPS  -2267843.294  5009274.772  3221379.112
2025   1   5820 GPS  -2267815.743  5009101.956  3221259.642
2025   1   5850 GPS  -2267820.924  5009093.534  3221298.475
2025   1   5880 GPS  -2267748.978  5008989.001  3221239.995
2025   1   5910 GPS  -2267877.161  5009185.664  3221326.460
2025   1   5940 GPS  -2267831.528  5009184.548  3221322.735
2025   1   5970 GPS  -2267743.794  5009045.762  3221220.143
2025   1   6000 GPS  -2267756.659  5009112.128  3221260.489
2025   1   6030 GPS  -2267846.781  5009146.039  3221283.470
2025   1   6060 GPS  -2267783.212  5009141.750  3221255.163
2025   1   6090 GPS  -2267807.206  5009180.705  3221257.936
2025   1   6120 GPS  -2267761.887  5009110.656  3221257.830
2025   1   6150 GPS  -2267761.454  5009099.940  3221228.369
2025   1   6180 GPS  -2267743.736  5009124.722  3221274.656
2025   1   6210 GPS  -2267727.685  5009103.942  3221275.463
2025   1   6240 GPS  -2267716.568  5009072.172  3221283.136
2025   1   6270 GPS  -2267763.980  5009148.056  3221276.888
2025   1   6300 GPS  -2267807.867  5009137.972  3221267.572
2025   1   6330 GPS  -2267791.384  5009216.206  3221268.551
2025   1   6360 GPS  -2267743.973  5009201.940  3221268.103
2025   1   6390 GPS  -2267772.506  5009099.950  3221271.652
2025   1   6420 GPS  -2267783.913  5009159.300  3221263.389
2025   1   6450 GPS  -2267707.897  5009114.801  3221279.843
2025   1   6480 GPS  -2267754.502  5009137.964  3221288.005
2025   1   6510 GPS  -2267803.520  5009239.043  3221327.835
2025   1   6540 GPS  -2267654.544  5009133.775  3221234.218
2025   1   6570 GPS  -2267675.532  5009064.624  3221245.864
2025   1   6600 GPS  -2267744.731  5009036.671  3221263.518
2025   1   6630 GPS  -2267772.672  5009060.900  3221269.754
2025   1   6660 GPS  -2267755.635  5009148.042  3221259.046
2025   1   6690 GPS  -2267735.749  5009101.852  3221274.457
2025   1   6720 GPS  -2267872.181  5009194.542  3221323.651
2025   1   6750 GPS  -2267830.380  5009188.662  3221330.872
2025   1   6780 GPS  -2267734.174  5008985.308  3221247.567
2025   1   6810 GPS  -2267754.753  5009036.852  3221279.493
2025   1   6840 GPS  -2267768.104  5009074.874  3221280.484
2025   1   6870 GPS  -2267674.832  5009007.555  3221211.695
2025   1   6900 GPS  -2267667.246  5008964.817  3221209.421
2025   1   6930 GPS  -2267767.277  5009084.959  3221273.952
2025   1   6960 GPS  -2267757.326  5009012.156  3221237.100
2025   1   6990 GPS  -2267730.892  5009050.986  3221239.944
2025   1   7020 GPS  -2267776.460  5009060.045  3221281.717
2025   1   7050 GPS  -2267713.866  5009065.452  3221254.521
2025   1   7080 GPS  -2267732.187  5008991.311  3221223.363
2025   1   7110 GPS  -2267708.157  5008997.432  3221207.910
2025   1   7140 GPS  -2267714.324  5009046.145  3221258.345
2025   1   7170 GPS  -2267798.524  5009101.258  3221317.220
2025   1   7200 GPS  -2267715.065  5008983.650  3221248.044
2025   1   7230 GPS  -2267740.087  5009061.779  3221296.638
2025   1   7260 GPS  -2267651.782  5008978.052  3221281.139
2025   1   7290 GPS  -2267778.433  5009049.650  3221298.283
2025   1   7320 GPS  -2267688.989  5009032.754  3221280.643
2025   1   7350 GPS  -2267762.816  5009119.101  3221292.712
2025   1   7380 GPS  -2267785.739  5009171.685  3221292.601
2025   1   7410 GPS  -2267809.303  5009131.674  3221287.197
2025   1   7440 GPS  -2267828.587  5009153.069  3221316.859
2025   1   7470 GPS  -2267823.493  5009121.549  3221326.332
2025   1   7500 GPS  -2267747.249  5009072.756  3221270.201
2025   1   7530 GPS  -2267803.260  5009232.763  3221318.111
2025   1   7560 GPS  -2267696.937  5009079.794  3221277.912
2025   1   7590 GPS  -2267697.947  5009027.907  3221249.093
2025   1   7620 GPS  -2267641.339  5008935.803  3221245.638
2025   1   7650 GPS  -2267741.668  5009053.786  3221258.757
2025   1   7680 GPS  -2267824.729  5009212.101  3221348.413
2025   1   7710 GPS  -2267740.497  5009177.600  3221302.892
2025   1   7740 GPS  -2267757.411  5009122.307  3221279.143
2025   1   7770 GPS  -2267660.318  5009077.418  3221255.959
2025   1   7800 GPS  -2267668.632  5008985.766  3221227.451
2025   1   7830 GPS  -2267747.255  5009118.905  3221285.275
2025   1   7860 GPS  -2267730.344  5009142.892  3221334.063
2025   1   7890 GPS  -2267784.535  5009133.553  3221325.805
2025   1   7920 GPS  -2267714.319  5009121.745  3221287.643
2025   1   7950 GPS  -2267695.526  5009026.476  3221243.853
2025   1   7980 GPS  -2267767.146  5009076.105  3221270.586
2025   1   8010 GPS  -2267739.720  5009038.278  3221245.031
2025   1   8040 GPS  -2267745.103  5009102.634  3221250.041
2025   1   8070 GPS  -2267698.989  5009065.633  3221242.128
2025   1   8100 GPS  -2267806.981  5009112.643  3221314.664
2025   1   8130 GPS  -2267777.861  5009070.775  3221256.682
2025   1   8160 GPS  -2267669.638  5008919.494  3221209.042
2025   1   8190 GPS  -2267706.411  5008918.422  3221252.141
2025   1   8220 GPS  -2267711.903  5009056.023  3221290.444
2025   1   8250 GPS  -2267774.948  5009089.643  3221308.181
2025   1   8280 GPS  -2267730.178  5009108.663  3221251.751
2025   1   8310 GPS  -2267721.418  5009009.128  3221266.010
2025   1   8340 GPS  -2267765.290  5008994.019  3221303.274
2025   1   8370 GPS  -2267801.329  5009086.636  3221294.461
2025   1   8400 GPS  -2267734.358  5008954.695  3221293.429
2025   1   8430 GPS  -2267685.937  5009090.441  3221331.855
2025   1   8460 GPS  -2267713.593  5009072.753  3221286.521
2025   1   8490 GPS  -2267707.527  5009021.447  3221253.499
2025   1   8520 GPS  -2267671.466  5009098.945  3221261.068
2025   1   8550 GPS  -2267720.403  5009063.683  3221306.942
2025   1   8580 GPS  -2267736.545  5009070.687  3221305.669
2025   1   8610 GPS  -2267679.569  5009030.954  3221282.521
2025   1   8640 GPS  -2267690.532  5009043.378  3221267.437
2025   1   8670 GPS  -2267716.052  5009071.238  3221275.695
2025   1   8700 GPS  -2267648.556  5009022.092  3221266.762
2025   1   8730 GPS  -2267669.974  5009023.762  3221238.981
2025   1   8760 GPS  -2267703.525  5009000.488  3221219.037
2025   1   8790 GPS  -2267728.542  5009056.103  3221264.955
2025   1   8820 GPS  -2267689.413  5009028.740  3221250.749
2025   1   8850 GPS  -2267698.688  5009094.172  3221255.019
2025   1   8880 GPS  -2267724.699  5009087.878  3221292.972
2025   1   8910 GPS  -2267693.900  5009076.266  3221244.286
2025   1   8940 GPS  -2267717.394  5009011.698  3221279.176
2025   1   8970 GPS  -2267711.060  5009102.540  3221284.701
2025   1   9000 GPS  -2267756.154  5009078.141  3221308.167
2025   1   9030 GPS  -2267790.941  5009080.301  3221313.905
2025   1   9060 GPS  -2267750.742  5009002.416  3221283.834
2025   1   9090 GPS  -2267710.190  5008965.333  3221261.809
2025   1   9120 GPS  -2267698.704  5008954.461  3221280.788
2025   1   9150 GPS  -2267712.244  5008875.703  3221274.578
2025   1   9180 GPS  -2267665.103  5008996.698  3221266.525
2025   1   9210 GPS  -2267704.991  5008966.980  3221252.859
2025   1   9240 GPS  -2267774.167  5009153.149  3221330.548
2025   1   9270 GPS  -2267711.843  5009039.084  3221277.181
2025   1   9300 GPS  -2267730.751  5009092.826  3221302.504
2025   1   9330 GPS  -2267722.575  5009008.088  3221264.032
2025   1   9360 GPS  -2267772.690  5009061.449  3221255.844
2025   1   9390 GPS  -2267774.501  5009135.661  3221322.092
2025   1   9420 GPS  -2267764.512  5009046.505  3221292.590
2025   1   9450 GPS  -2267826.733  5009123.113  3221289.194
2025   1   9480 GPS  -2267796.853  5009121.025  3221293.477
2025   1   9510 GPS  -2267766.668  5009003.644  3221272.548
2025   1   9540 GPS  -2267761.237  5009122.886  3221293.559
2025   1   9570 GPS  -2267743.572  5009110.742  3221275.985
2025   1   9600 GPS  -2267719.650  5009110.557  3221304.221
2025   1   9630 GPS  -2267671.190  5009038.116  3221261.098
2025   1   9660 GPS  -2267607.113  5008974.029  3221242.407
2025   1   9690 GPS  -2267644.838  5009009.628  3221204.949
2025   1   9720 GPS  -2267671.768  5008969.267  3221214.982
2025   1   9750 GPS  -2267630.164  5009025.609  3221244.390
2025   1   9780 GPS  -2267710.256  5009062.953  3221217.692
2025   1   9810 GPS  -2267638.210  5008957.878  3221196.361
2025   1   9840 GPS  -2267704.713  5009088.066  3221263.554
2025   1   9870 GPS  -2267655.256  5009084.785  3221217.748
2025   1   9900 GPS  -2267759.207  5009132.444  3221243.185
2025   1   9930 GPS  -2267773.011  5009062.197  3221246.905
2025   1   9960 GPS  -2267790.759  5009030.755  3221241.683
2025   1   9990 GPS  -2267722.254  5009097.191  3221267.034
2025   1  10020 GPS  -2267701.081  5009079.149  3221248.380
2025   1  10050 GPS  -2267730.161  5008999.313  3221196.663
2025   1  10080 GPS  -2267639.952  5008871.973  3221162.239
2025   1  10110 GPS  -2267611.911  5008948.221  3221125.528
2025   1  10140 GPS  -2267617.194  5008850.686  3221141.807
2025   1  10170 GPS  -2267699.213  5008948.442  3221198.914
2025   1  10200 GPS  -2267667.006  5008966.219  3221188.430
2025   1  10230 GPS  -2267678.794  5008966.336  3221182.966
2025   1  10260 GPS  -2267656.021  5009054.446  3221217.009
2025   1  10290 GPS  -2267667.869  5009064.843  3221205.412
2025   1  10320 GPS  -2267677.553  5008995.544  3221182.181
2025   1  10350 GPS  -2267704.703  5009081.414  3221217.513
2025   1  10380 GPS  -2267681.864  5009057.547  3221218.152
2025   1  10410 GPS  -2267658.827  5008912.882  3221146.243
2025   1  10440 GPS  -2267717.949  5009044.105  3221208.299
2025   1  10470 GPS  -2267656.660  5008969.518  3221188.346
2025   1  10500 GPS  -2267668.174  5008951.538  3221181.623
2025   1  10530 GPS  -2267713.134  5008964.033  3221178.402
2025   1  10560 GPS  -2267627.851  5008870.575  3221119.086
2025   1  10590 GPS  -2267612.800  5008867.835  3221135.509
2025   1  10620 GPS  -2267677.915  5008980.420  3221261.376
2025   1  10650 GPS  -2267749.859  5009095.236  3221289.564
2025   1  10680 GPS  -2267736.219  5009116.986  3221290.934
2025   1  10710 GPS  -2267792.577  5009155.917  3221297.737
2025   1  10740 GPS  -2267793.979  5009211.964  3221321.097
2025   1  10770 GPS  -2267693.707  5009083.341  3221237.956
2025   1  10800 GPS  -2267705.024  5009142.994  3221274.861
2025   1  10830 GPS  -2267700.841  5009117.330  3221303.044
2025   1  10860 GPS  -2267709.116  5009070.531  3221298.421
2025   1  10890 GPS  -2267693.801  5009093.457  3221327.502
2025   1  10920 GPS  -2267686.336  5009061.412  3221265.879
2025   1  10950 GPS  -2267774.915  5009149.627  3221295.593
2025   1  10980 GPS  -2267714.639  5009092.319  3221250.726
2025   1  11010 GPS  -2267756.354  5009209.056  3221325.236
2025   1  11040 GPS  -2267724.217  5009109.703  3221230.456
2025   1  11070 GPS  -2267688.838  5009066.566  3221229.105
2025   1  11100 GPS  -2267731.770  5008996.647  3221196.774
2025   1  11130 GPS  -2267671.362  5009012.815  3221178.761
2025   1  11160 GPS  -2267720.926  5009062.767  3221181.442
2025   1  11190 GPS  -2267748.615  5009073.693  3221209.315
2025   1  11220 GPS  -2267775.781  5008993.134  3221218.531
2025   1  11250 GPS  -2267669.038  5008889.826  3221099.449
2025   1  11280 GPS  -2267754.306  5009076.933  3221217.855
2025   1  11310 GPS  -2267696.384  5009025.956  3221239.679
2025   1  11340 GPS  -2267703.025  5009030.664  3221219.509
2025   1  11370 GPS  -2267764.450  5009053.908  3221261.166
2025   1  11400 GPS  -2267819.418  5009061.053  3221243.722
2025   1  11430 GPS  -2267694.277  5008941.225  3221180.535
2025   1  11460 GPS  -2267694.403  5009010.908  3221198.551
2025   1  11490 GPS  -2267709.098  5009089.169  3221278.524
2025   1  11520 GPS  -2267766.413  5009033.802  3221205.746
2025   1  11550 GPS  -2267715.574  5009089.631  3221247.891
2025   1  11580 GPS  -2267746.588  5009136.106  3221304.666
2025   1  11610 GPS  -2267738.489  5009149.268  3221353.286
2025   1  11640 GPS  -2267737.700  5009102.049  3221268.182
2025   1  11670 GPS  -2267754.016  5009105.985  3221283.075
2025   1  11700 GPS  -2267712.093  5009090.985  3221256.501
2025   1  11730 GPS  -2267734.072  5009088.481  3221291.928
2025   1  11760 GPS  -2267765.625  5009131.038  3221284.124
2025   1  11790 GPS  -2267756.789  5009156.781  3221289.788
2025   1  11820 GPS  -2267708.747  5009094.990  3221227.745
2025   1  11850 GPS  -2267781.019  5009162.528  3221262.059
2025   1  11880 GPS  -2267735.465  5009127.301  3221286.706
2025   1  11910 GPS  -2267654.985  5009003.145  3221196.817
2025   1  11940 GPS  -2267710.064  5009040.403  3221216.141
2025   1  11970 GPS  -2267719.622  5009090.204  3221255.276
2025   1  12000 GPS  -2267670.266  5009091.548  3221236.181
2025   1  12030 GPS  -2267718.919  5009063.758  3221231.272
2025   1  12060 GPS  -2267679.089  5008984.310  3221199.481
2025   1  12090 GPS  -2267687.972  5009081.462  3221242.599
2025   1  12120 GPS  -2267724.150  5009142.435  3221242.650
2025   1  12150 GPS  -2267701.405  5009098.260  3221224.511
2025   1  12180 GPS  -2267662.883  5009101.702  3221237.759
2025   1  12210 GPS  -2267661.605  5009093.718  3221200.823
2025   1  12240 GPS  -2267656.993  5009031.161  3221257.204
2025   1  12270 GPS  -2267723.658  5009060.674  3221225.818
2025   1  12300 GPS  -2267703.662  5009014.665  3221181.304
2025   1  12330 GPS  -2267807.277  5009219.379  3221307.083
2025   1  12360 GPS  -2267727.042  5009139.419  3221235.676
2025   1  12390 GPS  -2267806.608  5009137.877  3221261.146
2025   1  12420 GPS  -2267790.843  5009097.098  3221253.826
2025   1  12450 GPS  -2267706.091  5009065.186  3221200.360
2025   1  12480 GPS  -2267787.518  5009146.445  3221246.482
2025   1  12510 GPS  -2267763.100  5009201.364  3221276.263
2025   1  12540 GPS  -2267758.540  5009138.921  3221250.586
2025   1  12570 GPS  -2267790.319  5009085.060  3221211.273
2025   1  12600 GPS  -2267793.861  5009136.425  3221264.966
2025   1  12630 GPS  -2267807.952  5009151.318  3221284.209
2025   1  12660 GPS  -2267762.103  5009151.825  3221272.048
2025   1  12690 GPS  -2267732.880  5009156.589  3221253.136
2025   1  12720 GPS  -2267769.638  5009105.372  3221254.430
2025   1  12750 GPS  -2267698.121  5009079.821  3221175.911
2025   1  12780 GPS  -2267711.662  5009108.527  3221195.922
2025   1  12810 GPS  -2267770.630  5009131.170  3221225.269
2025   1  12840 GPS  -2267761.629  5009155.744  3221249.126
2025   1  12870 GPS  -2267745.423  5009154.083  3221266.792
2025   1  12900 GPS  -2267743.600  5009166.153  3221287.209
2025   1  12930 GPS  -2267761.880  5009183.611  3221318.575
2025   1  12960 GPS  -2267753.612  5009118.320  3221289.137
2025   1  12990 GPS  -2267668.018  5009002.907  3221204.286
2025   1  13020 GPS  -2267834.904  5009279.872  3221341.640
2025   1  13050 GPS  -2267782.546  5009205.575  3221335.241
2025   1  13080 GPS  -2267818.411  5009214.019  3221342.440
2025   1  13110 GPS  -2267754.824  5009039.395  3221311.067
2025   1  13140 GPS  -2267783.696  5009089.572  3221324.141
2025   1  13170 GPS  -2267794.975  5009147.426  3221304.251
2025   1  13200 GPS  -2267809.751  5009199.566  3221312.386
2025   1  13230 GPS  -2267732.827  5009073.012  3221210.392
2025   1  13260 GPS  -2267719.650  5009094.297  3221256.067
2025   1  13290 GPS  -2267767.016  5009179.235  3221297.779
2025   1  13320 GPS  -2267741.372  5009046.985  3221236.032
2025   1  13350 GPS  -2267810.383  5009127.863  3221302.469
2025   1  13380 GPS  -2267786.688  5009220.621  3221314.140
2025   1  13410 GPS  -2267798.198  5009159.277  3221313.528
2025   1  13440 GPS  -2267752.237  5009047.143  3221247.785
2025   1  13470 GPS  -2267814.857  5009162.849  3221351.932
2025   1  13500 GPS  -2267700.802  5009082.259  3221219.521
2025   1  13530 GPS  -2267726.784  5009141.752  3221272.864
2025   1  13560 GPS  -2267720.930  5009165.745  3221268.866
2025   1  13590 GPS  -2267760.808  5009207.274  3221302.184
2025   1  13620 GPS  -2267735.321  5009121.807  3221265.067
2025   1  13650 GPS  -2267822.792  5009145.105  3221291.617
2025   1  13680 GPS  -2267782.399  5009146.734  3221326.107
2025   1  13710 GPS  -2267816.210  5009113.821  3221280.182
2025   1  13740 GPS  -2267804.423  5009135.691  3221323.957
2025   1  13770 GPS  -2267805.453  5009185.954  3221278.356
2025   1  13800 GPS  -2267778.986  5009240.685  3221320.334
2025   1  13830 GPS  -2267766.627  5009064.275  3221300.147
2025   1  13860 GPS  -2267790.952  5009140.798  3221284.397
2025   1  13890 GPS  -2267750.492  5009045.150  3221259.901
2025   1  13920 GPS  -2267803.613  5009090.337  3221291.332
2025   1  13950 GPS  -2267809.221  5009269.648  3221358.700
2025   1  13980 GPS  -2267738.756  5009149.210  3221277.158
2025   1  14010 GPS  -2267738.634  5009115.796  3221249.299
2025   1  14040 GPS  -2267741.311  5009070.190  3221263.130
2025   1  14070 GPS  -2267743.347  5009046.376  3221273.177
2025   1  14100 GPS  -2267802.982  5009264.477  3221337.477
2025   1  14130 GPS  -2267810.523  5009206.224  3221359.646
2025   1  14160 GPS  -2267832.624  5009215.816  3221344.042
2025   1  14190 GPS  -2267885.687  5009333.047  3221382.464
2025   1  14220 GPS  -2267748.232  5009154.318  3221248.573
2025   1  14250 GPS  -2267805.819  5009102.958  3221267.514
2025   1  14280 GPS  -2267751.540  5009006.119  3221246.317
2025   1  14310 GPS  -2267820.341  5009285.749  3221384.010
2025   1  14340 GPS  -2267766.771  5009299.206  3221350.290
2025   1  14370 GPS  -2267839.902  5009333.119  3221405.864
2025   1  14400 GPS  -2267810.428  5009243.220  3221337.261
2025   1  14430 GPS  -2267796.036  5009232.508  3221327.872
2025   1  14460 GPS  -2267783.838  5009146.499  3221321.902
2025   1  14490 GPS  -2267808.298  5009243.347  3221348.356
2025   1  14520 GPS  -2267780.878  5009201.178  3221353.514
2025   1  14550 GPS  -2267761.431  5009203.451  3221305.212
2025   1  14580 GPS  -2267792.730  5009184.798  3221314.784
2025   1  14610 GPS  -2267824.828  5009179.883  3221314.175
2025   1  14640 GPS  -2267750.783  5009113.157  3221238.234
2025   1  14670 GPS  -2267755.812  5009178.940  3221279.065
2025   1  14700 GPS  -2267776.364  5009198.190  3221290.924
2025   1  14730 GPS  -2267784.576  5009243.862  3221335.003
2025   1  14760 GPS  -2267767.635  5009127.546  3221287.686
2025   1  14790 GPS  -2267777.626  5009152.588  3221318.969
2025   1  14820 GPS  -2267797.051  5009170.806  3221311.365
2025   1  14850 GPS  -2267786.719  5009186.937  3221307.620
2025   1  14880 GPS  -2267846.879  5009265.133  3221328.223
2025   1  14910 GPS  -2267811.512  5009188.759  3221273.766
2025   1  14940 GPS  -2267772.352  5009140.468  3221284.450
2025   1  14970 GPS  -2267752.174  5009144.283  3221263.029
2025   1  15000 GPS  -2267745.885  5009146.498  3221281.369
2025   1  15030 GPS  -2267719.829  5009140.459  3221320.181
2025   1  15060 GPS  -2267704.651  5009032.442  3221239.580
2025   1  15090 GPS  -2267734.699  5009087.509  3221252.570
2025   1  15120 GPS  -2267724.641  5009118.014  3221266.157
2025   1  15150 GPS  -2267751.797  5009134.212  3221236.437
2025   1  15180 GPS  -2267738.758  5009197.824  3221293.144
2025   1  15210 GPS  -2267784.124  5009175.986  3221308.509
2025   1  15240 GPS  -2267741.965  5009127.514  3221273.359
2025   1  15270 GPS  -2267709.858  5009106.669  3221279.783
2025   1  15300 GPS  -2267745.614  5009097.011  3221286.902
2025   1  15330 GPS  -2267769.068  5009211.790  3221309.055
2025   1  15360 GPS  -2267700.971  5009110.678  3221262.836
2025   1  15390 GPS  -2267813.273  5009196.002  3221333.249
2025   1  15420 GPS  -2267768.920  5009138.712  3221338.679
2025   1  15450 GPS  -2267690.763  5009030.824  3221260.193
2025   1  15480 GPS  -2267755.944  5009101.133  3221319.367
2025   1  15510 GPS  -2267781.612  5009225.547  3221330.090
2025   1  15540 GPS  -2267777.911  5009209.754  3221295.233
2025   1  15570 GPS  -2267817.810  5009276.393  3221336.623
2025   1  15600 GPS  -2267784.338  5009209.846  3221337.788
2025   1  15630 GPS  -2267809.807  5009312.785  3221325.982
2025   1  15660 GPS  -2267800.210  5009245.984  3221324.824
2025   1  15690 GPS  -2267825.733  5009234.527  3221296.013
2025   1  15720 GPS  -2267762.823  5009107.648  3221283.972
2025   1  15750 GPS  -2267773.721  5009087.211  3221254.149
2025   1  15780 GPS  -2267793.284  5009185.822  3221308.606
2025   1  15810 GPS  -2267714.548  5009030.379  3221233.068
2025   1  15840 GPS  -2267725.814  5009186.998  3221272.618
2025   1  15870 GPS  -2267754.170  5009225.557  3221292.353
2025   1  15900 GPS  -2267774.856  5009185.105  3221263.244
2025   1  15930 GPS  -2267792.821  5009200.672  3221322.016
2025   1  15960 GPS  -2267768.540  5009207.692  3221300.767
2025   1  15990 GPS  -2267751.422  5009185.668  3221277.489
2025   1  16020 GPS  -2267761.956  5009173.898  3221262.699
2025   1  16050 GPS  -2267731.278  5009127.493  3221217.322
2025   1  16080 GPS  -2267758.369  5009121.674  3221282.342
2025   1  16110 GPS  -2267779.324  5009119.085  3221267.000
2025   1  16140 GPS  -2267783.342  5009186.534  3221308.106
2025   1  16170 GPS  -2267736.151  5009195.458  3221326.155
2025   1  16200 GPS  -2267736.957  5009119.658  3221284.517
2025   1  16230 GPS  -2267775.042  5009131.713  3221242.745
2025   1  16260 GPS  -2267822.195  5009181.687  3221250.381
2025   1  16290 GPS  -2267786.917  5009106.729  3221263.355
2025   1  16320 GPS  -2267774.092  5009150.396  3221332.135
2025   1  16350 GPS  -2267775.881  5009203.758  3221305.821
2025   1  16380 GPS  -2267783.121  5009075.847  3221254.325
2025   1  16410 GPS  -2267778.818  5009127.486  3221247.309
2025   1  16440 GPS  -2267793.261  5009199.576  3221320.885
2025   1  16470 GPS  -2267764.508  5009138.800  3221277.759
2025   1  16500 GPS  -2267769.175  5009187.745  3221301.301
2025   1  16530 GPS  -2267768.899  5009227.589  3221325.253
2025   1  16560 GPS  -2267740.158  5009118.862  3221263.926
2025   1  16590 GPS  -2267755.764  5009120.174  3221262.076
2025   1  16620 GPS  -2267786.295  5009209.045  3221251.573
2025   1  16650 GPS  -2267731.280  5009133.465  3221242.410
2025   1  16680 GPS  -2267699.071  5009047.378  3221240.409
2025   1  16710 GPS  -2267813.118  5009159.151  3221266.532
2025   1  16740 GPS  -2267758.701  5009101.341  3221219.645
2025   1  16770 GPS  -2267730.985  5009080.620  3221203.954
2025   1  16800 GPS  -2267775.873  5009119.183  3221227.283
2025   1  16830 GPS  -2267715.173  5009067.742  3221242.175
2025   1  16860 GPS  -2267726.777  5009117.032  3221264.602
2025   1  16890 GPS  -2267751.925  5009009.887  3221193.461
2025   1  16920 GPS  -2267747.802  5009047.670  3221237.361
2025   1  16950 GPS  -2267770.199  5009136.443  3221291.652
2025   1  16980 GPS  -2267733.102  5009149.111  3221273.821
2025   1  17010 GPS  -2267698.725  5009063.136  3221233.999
2025   1  17040 GPS  -2267742.186  5009130.406  3221220.618
2025   1  17070 GPS  -2267715.204  5009118.399  3221262.448
2025   1  17100 GPS  -2267697.002  5009057.870  3221231.350
2025   1  17130 GPS  -2267763.918  5009181.467  3221242.872
2025   1  17160 GPS  -2267794.833  5009204.867  3221284.972
2025   1  17190 GPS  -2267773.396  5009231.623  3221291.248
2025   1  17220 GPS  -2267807.682  5009252.364  3221260.327
2025   1  17250 GPS  -2267812.487  5009318.254  3221298.884
2025   1  17280 GPS  -2267838.305  5009320.038  3221309.239
2025   1  17310 GPS  -2267816.041  5009239.950  3221261.338
2025   1  17340 GPS  -2267844.929  5009294.193  3221281.466
2025   1  17370 GPS  -2267810.939  5009227.573  3221295.426
2025   1  17400 GPS  -2267795.485  5009215.441  3221245.931
2025   1  17430 GPS  -2267817.369  5009217.479  3221278.836
2025   1  17460 GPS  -2267780.083  5009205.424  3221278.523
2025   1  17490 GPS  -2267795.439  5009131.807  3221235.260
2025   1  17520 GPS  -2267735.762  5009105.229  3221223.961
2025   1  17550 GPS  -2267765.567  5009145.760  3221240.891
2025   1  17580 GPS  -2267780.897  5009131.878  3221254.430
2025   1  17610 GPS  -2267787.903  5009202.302  3221278.506
2025   1  17640 GPS  -2267782.788  5009185.906  3221300.685
2025   1  17670 GPS  -2267769.570  5009120.085  3221279.434
2025   1  17700 GPS  -2267763.769  5009107.028  3221221.698
2025   1  17730 GPS  -2267760.299  5009099.697  3221227.885
2025   1  17760 GPS  -2267825.366  5009161.157  3221216.750
2025   1  17790 GPS  -2267776.584  5009146.163  3221212.150
2025   1  17820 GPS  -2267812.396  5009174.825  3221237.983
2025   1  17850 GPS  -2267784.479  5009147.542  3221271.556
2025   1  17880 GPS  -2267758.959  5009085.253  3221249.616
2025   1  17910 GPS  -2267733.550  5009075.144  3221178.282
2025   1  17940 GPS  -2267765.797  5009175.793  3221251.848
2025   1  17970 GPS  -2267772.173  5009160.280  3221251.986
2025   1  18000 GPS  -2267802.681  5009185.920  3221288.445
2025   1  18030 GPS  -2267809.701  5009279.660  3221340.078
2025   1  18060 GPS  -2267823.488  5009267.251  3221322.888
2025   1  18090 GPS  -2267820.652  5009313.849  3221357.716
2025   1  18120 GPS  -2267830.713  5009350.869  3221359.048
2025   1  18150 GPS  -2267781.236  5009331.990  3221356.324
2025   1  18180 GPS  -2267790.557  5009253.708  3221366.085
2025   1  18210 GPS  -2267779.252  5009204.183  3221345.229
2025   1  18240 GPS  -2267764.612  5009259.924  3221364.340
2025   1  18270 GPS  -2267788.019  5009311.372  3221379.134
2025   1  18300 GPS  -2267770.314  5009256.629  3221330.409
2025   1  18330 GPS  -2267789.231  5009272.829  3221297.617
2025   1  18360 GPS  -2267768.001  5009190.483  3221272.006
2025   1  18390 GPS  -2267789.819  5009217.478  3221303.506
2025   1  18420 GPS  -2267772.287  5009274.795  3221284.508
2025   1  18450 GPS  -2267761.097  5009260.681  3221310.934
2025   1  18480 GPS  -2267735.723  5009294.082  3221329.718
2025   1  18510 GPS  -2267755.991  5009290.102  3221345.441
2025   1  18540 GPS  -2267720.307  5009297.570  3221345.635
2025   1  18570 GPS  -2267711.695  5009170.637  3221267.090
2025   1  18600 GPS  -2267763.707  5009292.892  3221336.114
2025   1  18630 GPS  -2267711.900  5009139.224  3221262.597
2025   1  18660 GPS  -2267719.324  5009132.988  3221261.876
2025   1  18690 GPS  -2267802.445  5009160.576  3221243.807
2025   1  18720 GPS  -2267797.574  5009122.771  3221249.142
2025   1  18750 GPS  -2267745.023  5009162.810  3221251.478
2025   1  18780 GPS  -2267728.840  5009114.096  3221262.133
2025   1  18810 GPS  -2267783.827  5009190.415  3221292.173
2025   1  18840 GPS  -2267805.717  5009264.128  3221313.208
2025   1  18870 GPS  -2267817.558  5009295.811  3221345.572
2025   1  18900 GPS  -2267777.985  5009241.627  3221318.528
2025   1  18930 GPS  -2267716.885  5009207.469  3221306.179
2025   1  18960 GPS  -2267715.904  5009169.020  3221297.661
2025   1  18990 GPS  -2267769.419  5009147.702  3221255.551
2025   1  19020 GPS  -2267779.329  5009237.519  3221327.556
2025   1  19050 GPS  -2267763.296  5009136.478  3221236.876
2025   1  19080 GPS  -2267783.561  5009195.419  3221263.800
2025   1  19110 GPS  -2267799.981  5009124.041  3221196.866
2025   1  19140 GPS  -2267780.294  5009143.888  3221237.160
2025   1  19170 GPS  -2267737.288  5009141.507  3221263.501
2025   1  19200 GPS  -2267777.278  5009219.401  3221302.215
2025   1  19230 GPS  -2267747.284  5009279.274  3221302.589
2025   1  19260 GPS  -2267743.712  5009263.961  3221280.189
2025   1  19290 GPS  -2267728.364  5009195.271  3221298.299
2025   1  19320 GPS  -2267761.519  5009297.562  3221370.427
2025   1  19350 GPS  -2267764.250  5009257.481  3221324.020
2025   1  19380 GPS  -2267745.316  5009209.859  3221262.495
2025   1  19410 GPS  -2267716.176  5009234.415  3221315.514
2025   1  19440 GPS  -2267779.677  5009146.870  3221274.049
2025   1  19470 GPS  -2267759.062  5009072.788  3221218.361
2025   1  19500 GPS  -2267777.959  5009040.656  3221271.405
2025   1  19530 GPS  -2267751.512  5009037.324  3221228.533
2025   1  19560 GPS  -2267761.454  5009175.292  3221272.405
2025   1  19590 GPS  -2267755.363  5009222.946  3221250.074
2025   1  19620 GPS  -2267753.776  5009259.341  3221264.334
2025   1  19650 GPS  -2267786.489  5009229.652  3221293.290
2025   1  19680 GPS  -2267749.680  5009088.477  3221184.503
2025   1  19710 GPS  -2267774.797  5009077.188  3221183.519
2025   1  19740 GPS  -2267780.457  5009124.722  3221308.238
2025   1  19770 GPS  -2267803.574  5009153.625  3221246.629
2025   1  19800 GPS  -2267784.627  5009172.057  3221220.820
2025   1  19830 GPS  -2267787.503  5009185.259  3221296.774
2025   1  19860 GPS  -2267770.146  5009173.727  3221277.673
2025   1  19890 GPS  -2267750.885  5009091.408  3221236.808
2025   1  19920 GPS  -2267785.501  5009203.774  3221290.541
2025   1  19950 GPS  -2267735.928  5009046.661  3221261.659
2025   1  19980 GPS  -2267742.903  5009041.261  3221200.967
2025   1  20010 GPS  -2267728.141  5009043.145  3221212.158
2025   1  20040 GPS  -2267750.179  5009009.785  3221198.822
2025   1  20070 GPS  -2267714.141  5008965.639  3221215.065
2025   1  20100 GPS  -2267737.417  5009042.443  3221230.354
2025   1  20130 GPS  -2267775.008  5008982.608  3221237.411
2025   1  20160 GPS  -2267746.966  5009025.137  3221184.872
2025   1  20190 GPS  -2267787.627  5009056.435  3221150.559
2025   1  20220 GPS  -2267745.691  5009112.793  3221215.608
2025   1  20250 GPS  -2267695.881  5009091.268  3221188.982
2025   1  20280 GPS  -2267739.583  5009057.069  3221218.025
2025   1  20310 GPS  -2267804.715  5009139.399  3221254.090
2025   1  20340 GPS  -2267795.744  5009120.881  3221209.073
2025   1  20370 GPS  -2267781.140  5009086.737  3221224.768
2025   1  20400 GPS  -2267834.155  5009194.014  3221216.914
2025   1  20430 GPS  -2267781.968  5009091.052  3221214.610
2025   1  20460 GPS  -2267812.231  5009213.508  3221282.753
2025   1  20490 GPS  -2267738.433  5009151.524  3221283.952
2025   1  20520 GPS  -2267694.096  5009081.504  3221241.315
2025   1  20550 GPS  -2267749.994  5009242.221  3221271.539
2025   1  20580 GPS  -2267763.180  5009118.006  3221281.874
2025   1  20610 GPS  -2267769.725  5009201.976  3221297.506
2025   1  20640 GPS  -2267848.920  5009261.312  3221284.484
2025   1  20670 GPS  -2267782.342  5009246.510  3221330.019
2025   1  20700 GPS  -2267794.363  5009270.167  3221308.399
2025   1  20730 GPS  -2267840.142  5009283.083  3221306.211
2025   1  20760 GPS  -2267782.433  5009224.023  3221296.158
2025   1  20790 GPS  -2267754.270  5009184.325  3221319.578
2025   1  20820 GPS  -2267747.076  5009081.980  3221303.456
2025   1  20850 GPS  -2267744.014  5009223.706  3221355.318
2025   1  20880 GPS  -2267729.586  5009181.797  3221319.557
2025   1  20910 GPS  -2267732.773  5009234.847  3221328.744
2025   1  20940 GPS  -2267696.480  5009200.917  3221307.597
2025   1  20970 GPS  -2267749.546  5009079.601  3221221.688
2025   1  21000 GPS  -2267667.289  5009172.166  3221355.607
2025   1  21030 GPS  -2267801.193  5009165.895  3221285.000
2025   1  21060 GPS  -2267728.164  5009030.899  3221252.703
2025   1  21090 GPS  -2267745.081  5009063.223  3221275.376
2025   1  21120 GPS  -2267786.905  5009113.568  3221276.459
2025   1  21150 GPS  -2267738.847  5009081.471  3221335.931
2025   1  21180 GPS  -2267761.981  5009061.070  3221259.936
2025   1  21210 GPS  -2267759.596  5009015.759  3221299.584
2025   1  21240 GPS  -2267743.387  5009060.044  3221228.209
2025   1  21270 GPS  -2267753.835  5009060.485  3221253.245
2025   1  21300 GPS  -2267738.624  5009042.649  3221263.923
2025   1  21330 GPS  -2267780.637  5009056.429  3221231.722
2025   1  21360 GPS  -2267746.962  5009081.416  3221254.425
2025   1  21390 GPS  -2267734.686  5009089.741  3221290.253
2025   1  21420 GPS  -2267754.380  5009135.736  3221285.058
2025   1  21450 GPS  -2267712.543  5009051.780  3221293.252
2025   1  21480 GPS  -2267736.423  5009079.801  3221273.182
2025   1  21510 GPS  -2267798.230  5009200.167  3221292.274
2025   1  21540 GPS  -2267763.757  5009171.504  3221246.096
2025   1  21570 GPS  -2267729.600  5009151.471  3221314.463
2025   1  21600 GPS  -2267763.479  5009171.674  3221337.610
2025   1  21630 GPS  -2267670.352  5009101.287  3221304.075
2025   1  21660 GPS  -2267744.784  5009166.416  3221375.502
2025   1  21690 GPS  -2267761.418  5009148.865  3221387.808
2025   1  21720 GPS  -2267736.898  5009136.719  3221344.046
2025   1  21750 GPS  -2267816.027  5009214.316  3221302.118
2025   1  21780 GPS  -2267751.539  5009239.276  3221309.769
2025   1  21810 GPS  -2267709.325  5009169.768  3221333.379
2025   1  21840 GPS  -2267800.087  5009258.073  3221383.496
2025   1  21870 GPS  -2267755.624  5009219.800  3221359.056
2025   1  21900 GPS  -2267788.239  5009270.566  3221366.845
2025   1  21930 GPS  -2267739.654  5009252.626  3221378.098
2025   1  21960 GPS  -2267729.162  5009294.903  3221385.632
2025   1  21990 GPS  -2267797.133  5009234.759  3221345.733
2025   1  22020 GPS  -2267685.622  5009129.427  3221404.058
2025   1  22050 GPS  -2267766.918  5009238.280  3221389.432
2025   1  22080 GPS  -2267714.068  5009220.010  3221365.231
2025   1  22110 GPS  -2267762.856  5009290.774  3221318.908
2025   1  22140 GPS  -2267694.179  5009232.685  3221333.337
2025   1  22170 GPS  -2267645.912  5009140.794  3221386.937
2025   1  22200 GPS  -2267735.483  5009209.560  3221336.455
2025   1  22230 GPS  -2267778.322  5009159.960  3221260.859
2025   1  22260 GPS  -2267760.779  5009198.762  3221306.619
2025   1  22290 GPS  -2267720.404  5009174.603  3221283.649
2025   1  22320 GPS  -2267711.556  5009072.926  3221248.459
2025   1  22350 GPS  -2267787.425  5009140.116  3221288.215
2025   1  22380 GPS  -2267819.207  5009135.952  3221273.350
2025   1  22410 GPS  -2267708.497  5009200.284  3221301.964
2025   1  22440 GPS  -2267753.991  5009117.401  3221259.095
2025   1  22470 GPS  -2267796.612  5009134.875  3221266.369
2025   1  22500 GPS  -2267750.761  5009084.177  3221254.518
2025   1  22530 GPS  -2267830.665  5009083.211  3221231.896
2025   1  22560 GPS  -2267794.089  5009121.122  3221319.723
2025   1  22590 GPS  -2267782.407  5009115.047  3221321.786
2025   1  22620 GPS  -2267716.800  5009087.725  3221387.091
2025   1  22650 GPS  -2267667.673  5009075.836  3221356.318
2025   1  22680 GPS  -2267748.300  5009123.257  3221319.474
2025   1  22710 GPS  -2267683.773  5009199.211  3221334.745
2025   1  22740 GPS  -2267772.600  5009148.517  3221269.374
2025   1  22770 GPS  -2267718.606  5009130.432  3221289.160
2025   1  22800 GPS  -2267692.851  5009041.927  3221321.411
2025   1  22830 GPS  -2267740.817  5009065.966  3221326.322
2025   1  22860 GPS  -2267742.590  5009080.999  3221293.304
2025   1  22890 GPS  -2267714.809  5009158.479  3221350.047
2025   1  22920 GPS  -2267732.545  5009134.067  3221322.785
2025   1  22950 GPS  -2267634.540  5009246.903  3221416.793
2025   1  22980 GPS  -2267662.422  5009181.610  3221325.718
2025   1  23010 GPS  -2267724.669  5009209.549  3221331.101
2025   1  23040 GPS  -2267755.629  5009209.459  3221316.497
2025   1  23070 GPS  -2267646.609  5009266.443  3221428.899
2025   1  23100 GPS  -2267607.435  5009199.922  3221335.850
2025   1  23130 GPS  -2267729.797  5009251.521  3221353.318
2025   1  23160 GPS  -2267624.735  5009200.183  3221383.981
2025   1  23190 GPS  -2267665.194  5009155.682  3221285.264
2025   1  23220 GPS  -2267762.549  5009089.535  3221239.272
2025   1  23250 GPS  -2267772.181  5009144.910  3221343.945
2025   1  23280 GPS  -2267729.487  5009169.079  3221292.623
2025   1  23310 GPS  -2267732.499  5009221.836  3221321.374
2025   1  23340 GPS  -2267685.224  5009141.732  3221340.736
2025   1  23370 GPS  -2267635.988  5009161.347  3221275.376
2025   1  23400 GPS  -2267643.016  5009119.622  3221329.259
2025   1  23430 GPS  -2267615.627  5009155.572  3221367.557
2025   1  23460 GPS  -2267598.172  5009216.025  3221360.834
2025   1  23490 GPS  -2267690.673  5009334.129  3221365.938
2025   1  23520 GPS  -2267666.103  5009285.346  3221358.396
2025   1  23550 GPS  -2267776.451  5009215.613  3221297.188
2025   1  23580 GPS  -2267801.488  5009206.522  3221327.154
2025   1  23610 GPS  -2267688.274  5009108.917  3221291.206
2025   1  23640 GPS  -2267758.856  5009099.896  3221271.516
2025   1  23670 GPS  -2267686.322  5009096.426  3221252.199
2025   1  23700 GPS  -2267758.128  5009128.741  3221236.865
2025   1  23730 GPS  -2267700.068  5009168.612  3221378.000
2025   1  23760 GPS  -2267683.046  5009088.973  3221235.849
2025   1  23790 GPS  -2267766.809  5009147.594  3221274.157
2025   1  23820 GPS  -2267734.838  5009156.766  3221305.516
2025   1  23850 GPS  -2267691.804  5009105.352  3221231.221
2025   1  23880 GPS  -2267654.794  5009167.155  3221293.755
2025   1  23910 GPS  -2267667.952  5009090.882  3221257.123
2025   1  23940 GPS  -2267597.925  5009292.926  3221378.494
2025   1  23970 GPS  -2267687.025  5009204.058  3221318.399
2025   1  24000 GPS  -2267701.114  5009190.969  3221299.670
2025   1  24030 GPS  -2267675.214  5009148.966  3221299.906
2025   1  24060 GPS  -2267677.508  5009111.587  3221251.982
2025   1  24090 GPS  -2267713.597  5009165.461  3221331.189
2025   1  24120 GPS  -2267709.567  5009029.323  3221238.941
2025   1  24150 GPS  -2267749.491  5009089.939  3221250.283
2025   1  24180 GPS  -2267708.305  5009109.708  3221297.713
2025   1  24210 GPS  -2267741.520  5009162.666  3221301.356
2025   1  24240 GPS  -2267726.348  5009186.727  3221323.199
2025   1  24270 GPS  -2267725.398  5009193.696  3221370.895
2025   1  24300 GPS  -2267686.740  5009205.267  3221333.653
2025   1  24330 GPS  -2267696.796  5009252.722  3221403.993
2025   1  24360 GPS  -2267710.343  5009169.934  3221311.362
2025   1  24390 GPS  -2267692.978  5009058.015  3221278.565
2025   1  24420 GPS  -2267693.200  5009019.048  3221227.894
2025   1  24450 GPS  -2267700.777  5009088.453  3221242.230
2025   1  24480 GPS  -2267690.980  5009177.152  3221319.058
2025   1  24510 GPS  -2267703.317  5009149.177  3221277.654
2025   1  24540 GPS  -2267720.508  5009103.722  3221251.835
2025   1  24570 GPS  -2267694.590  5009128.844  3221283.642
2025   1  24600 GPS  -2267659.193  5009142.837  3221334.700
2025   1  24630 GPS  -2267737.559  5009167.317  3221357.825
2025   1  24660 GPS  -2267757.807  5009231.130  3221345.177
2025   1  24690 GPS  -2267757.662  5009169.040  3221327.560
2025   1  24720 GPS  -2267717.030  5009216.932  3221351.107
2025   1  24750 GPS  -2267764.857  5009226.443  3221370.139
2025   1  24780 GPS  -2267784.168  5009098.143  3221188.019
2025   1  24810 GPS  -2267794.641  5009138.798  3221258.738
2025   1  24840 GPS  -2267777.308  5009197.906  3221301.368
2025   1  24870 GPS  -2267776.882  5009197.467  3221294.633
2025   1  24900 GPS  -2267781.884  5009252.898  3221243.674
2025   1  24930 GPS  -2267762.189  5009298.821  3221323.177
2025   1  24960 GPS  -2267694.187  5009229.743  3221320.259
2025   1  24990 GPS  -2267715.561  5009213.569  3221327.694
2025   1  25020 GPS  -2267772.971  5009156.412  3221317.316
2025   1  25050 GPS  -2267718.648  5009064.219  3221291.706
2025   1  25080 GPS  -2267759.132  5009067.372  3221298.234
2025   1  25110 GPS  -2267723.438  5009056.387  3221247.673
2025   1  25140 GPS  -2267743.835  5009126.759  3221213.514
2025   1  25170 GPS  -2267722.299  5009170.446  3221294.491
2025   1  25200 GPS  -2267726.416  5009130.080  3221308.538
2025   1  25230 GPS  -2267743.485  5009156.867  3221298.255
2025   1  25260 GPS  -2267716.046  5009168.236  3221256.288
2025   1  25290 GPS  -2267722.456  5009142.118  3221303.412
2025   1  25320 GPS  -2267731.810  5009109.409  3221337.795
2025   1  25350 GPS  -2267722.227  5009131.192  3221326.134
2025   1  25380 GPS  -2267763.194  5009097.842  3221247.345
2025   1  25410 GPS  -2267699.397  5009169.855  3221289.215
2025   1  25440 GPS  -2267717.026  5009172.243  3221310.458
2025   1  25470 GPS  -2267714.547  5009220.864  3221291.468
2025   1  25500 GPS  -2267749.035  5009191.602  3221283.882
2025   1  25530 GPS  -2267719.559  5009205.894  3221303.293
2025   1  25560 GPS  -2267709.686  5009198.015  3221318.461
2025   1  25590 GPS  -2267733.732  5009160.147  3221304.364
2025   1  25620 GPS  -2267749.687  5009142.363  3221348.872
2025   1  25650 GPS  -2267845.869  5009262.769  3221368.689
2025   1  25680 GPS  -2267821.150  5009214.510  3221379.537
2025   1  25710 GPS  -2267818.455  5009193.311  3221360.650
2025   1  25740 GPS  -2267737.116  5009228.022  3221389.166
2025   1  25770 GPS  -2267755.287  5009235.693  3221430.108
2025   1  25800 GPS  -2267792.151  5009278.637  3221418.232
2025   1  25830 GPS  -2267814.814  5009257.926  3221386.908
2025   1  25860 GPS  -2267770.094  5009187.701  3221341.409
2025   1  25890 GPS  -2267774.386  5009124.624  3221290.563
2025   1  25920 GPS  -2267765.365  5009121.091  3221281.422
2025   1  25950 GPS  -2267721.389  5009133.367  3221320.155
2025   1  25980 GPS  -2267721.865  5009217.155  3221319.747
2025   1  26010 GPS  -2267788.246  5009255.952  3221419.479
2025   1  26040 GPS  -2267735.472  5009190.978  3221382.940
2025   1  26070 GPS  -2267740.078  5009186.755  3221320.245
2025   1  26100 GPS  -2267671.853  5009171.983  3221302.705
2025   1  26130 GPS  -2267755.696  5009140.137  3221290.078
2025   1  26160 GPS  -2267780.842  5009180.019  3221293.022
2025   1  26190 GPS  -2267741.466  5009086.903  3221218.069
2025   1  26220 GPS  -2267745.967  5009188.319  3221329.959
2025   1  26250 GPS  -2267705.376  5009092.839  3221236.490
2025   1  26280 GPS  -2267739.464  5009130.734  3221258.731
2025   1  26310 GPS  -2267776.289  5009179.204  3221320.580
2025   1  26340 GPS  -2267737.681  5009132.145  3221364.190
2025   1  26370 GPS  -2267787.360  5009196.832  3221362.343
2025   1  26400 GPS  -2267723.517  5009093.487  3221231.626
2025   1  26430 GPS  -2267745.356  5009213.987  3221308.815
2025   1  26460 GPS  -2267744.473  5009130.838  3221262.631
2025   1  26490 GPS  -2267731.024  5009076.345  3221267.211
2025   1  26520 GPS  -2267738.807  5009066.229  3221254.995
2025   1  26550 GPS  -2267808.264  5009214.708  3221322.261
2025   1  26580 GPS  -2267732.184  5009142.735  3221304.764
2025   1  26610 GPS  -2267731.935  5009061.071  3221223.366
2025   1  26640 GPS  -2267687.245  5009015.235  3221188.028
2025   1  26670 GPS  -2267721.734  5009040.838  3221269.512
2025   1  26700 GPS  -2267702.155  5009000.000  3221192.173
2025   1  26730 GPS  -2267785.033  5009092.114  3221218.096
2025   1  26760 GPS  -2267727.095  5009050.703  3221203.772
2025   1  26790 GPS  -2267673.624  5009026.735  3221156.654
2025   1  26820 GPS  -2267677.214  5009025.583  3221111.345
2025   1  26850 GPS  -2267626.603  5009091.029  3221161.534
2025   1  26880 GPS  -2267642.972  5009086.439  3221116.395
2025   1  26910 GPS  -2267703.661  5009130.566  3221268.980
2025   1  26940 GPS  -2267674.581  5009155.632  3221200.779
2025   1  26970 GPS  -2267764.718  5009171.506  3221279.794
2025   1  27000 GPS  -2267690.351  5009142.421  3221233.137
2025   1  27030 GPS  -2267654.582  5009141.427  3221310.285
2025   1  27060 GPS  -2267731.480  5009158.199  3221302.216
2025   1  27090 GPS  -2267671.288  5009108.423  3221275.410
2025   1  27120 GPS  -2267770.693  5009185.574  3221332.864
2025   1  27150 GPS  -2267734.246  5009145.915  3221290.427
2025   1  27180 GPS  -2267799.771  5009200.971  3221330.476
2025   1  27210 GPS  -2267723.402  5009111.302  3221238.091
2025   1  27240 GPS  -2267743.108  5009068.186  3221238.153
2025   1  27270 GPS  -2267864.042  5009223.963  3221370.823
2025   1  27300 GPS  -2267794.447  5009167.866  3221332.481
2025   1  27330 GPS  -2267740.478  5009158.539  3221331.195
2025   1  27360 GPS  -2267772.113  5009139.012  3221363.066
2025   1  27390 GPS  -2267839.008  5009204.372  3221379.662
2025   1  27420 GPS  -2267786.756  5009186.343  3221363.809
2025   1  27450 GPS  -2267787.494  5009202.992  3221341.898
2025   1  27480 GPS  -2267851.191  5009207.560  3221395.444
2025   1  27510 GPS  -2267800.329  5009255.753  3221362.225
2025   1  27540 GPS  -2267757.336  5009177.699  3221286.946
2025   1  27570 GPS  -2267730.251  5009137.984  3221308.579
2025   1  27600 GPS  -2267737.842  5009139.010  3221285.687
2025   1  27630 GPS  -2267695.505  5009104.170  3221281.475
2025   1  27660 GPS  -2267787.900  5009190.661  3221318.237
2025   1  27690 GPS  -2267733.818  5009139.098  3221247.617
2025   1  27720 GPS  -2267733.145  5009122.565  3221267.552
2025   1  27750 GPS  -2267773.035  5009162.637  3221325.611
2025   1  27780 GPS  -2267682.804  5009107.767  3221252.295
2025   1  27810 GPS  -2267762.951  5009113.220  3221299.541
2025   1  27840 GPS  -2267777.131  5009150.492  3221321.372
2025   1  27870 GPS  -2267735.063  5009108.445  3221263.047
2025   1  27900 GPS  -2267740.460  5009164.019  3221280.961
2025   1  27930 GPS  -2267726.635  5009205.443  3221310.851
2025   1  27960 GPS  -2267744.934  5009232.528  3221289.327
2025   1  27990 GPS  -2267817.077  5009271.059  3221338.860
2025   1  28020 GPS  -2267726.825  5009339.343  3221325.600
2025   1  28050 GPS  -2267768.455  5009328.040  3221364.096
2025   1  28080 GPS  -2267792.738  5009362.011  3221384.800
2025   1  28110 GPS  -2267771.215  5009320.972  3221347.567
2025   1  28140 GPS  -2267745.656  5009160.002  3221348.697
2025   1  28170 GPS  -2267816.314  5009210.830  3221309.269
2025   1  28200 GPS  -2267767.762  5009195.097  3221329.536
2025   1  28230 GPS  -2267684.377  5009102.218  3221320.877
2025   1  28260 GPS  -2267743.647  5009071.390  3221327.814
2025   1  28290 GPS  -2267766.234  5009127.560  3221319.235
2025   1  28320 GPS  -2267662.385  5009137.648  3221299.551
2025   1  28350 GPS  -2267772.922  5009189.798  3221340.947
2025   1  28380 GPS  -2267708.076  5009199.072  3221307.430
2025   1  28410 GPS  -2267662.438  5009238.929  3221353.212
2025   1  28440 GPS  -2267786.290  5009338.478  3221414.362
2025   1  28470 GPS  -2267796.112  5009317.921  3221419.159
2025   1  28500 GPS  -2267795.669  5009284.576  3221418.554
2025   1  28530 GPS  -2267741.160  5009231.474  3221386.617
2025   1  28560 GPS  -2267806.511  5009251.751  3221365.937
2025   1  28590 GPS  -2267799.157  5009234.919  3221353.298
2025   1  28620 GPS  -2267790.395  5009214.829  3221372.317
2025   1  28650 GPS  -2267762.455  5009199.704  3221347.094
2025   1  28680 GPS  -2267689.204  5009133.663  3221349.402
2025   1  28710 GPS  -2267785.784  5009185.754  3221353.040
2025   1  28740 GPS  -2267774.102  5009251.620  3221342.048
2025   1  28770 GPS  -2267643.131  5009104.387  3221275.857
2025   1  28800 GPS  -2267712.216  5009168.803  3221357.981
2025   1  28830 GPS  -2267616.304  5009042.672  3221277.305
2025   1  28860 GPS  -2267769.317  5009180.671  3221333.264
2025   1  28890 GPS  -2267774.681  5009149.595  3221373.501
2025   1  28920 GPS  -2267779.847  5009246.885  3221334.712
2025   1  28950 GPS  -2267806.742  5009261.972  3221347.548
2025   1  28980 GPS  -2267688.749  5009198.817  3221356.739
2025   1  29010 GPS  -2267783.372  5009207.179  3221374.900
2025   1  29040 GPS  -2267842.378  5009239.223  3221375.199
2025   1  29070 GPS  -2267841.718  5009237.222  3221347.414
2025   1  29100 GPS  -2267873.136  5009254.663  3221366.121
2025   1  29130 GPS  -2267787.787  5009204.230  3221354.136
2025   1  29160 GPS  -2267761.096  5009183.913  3221305.633
2025   1  29190 GPS  -2267750.639  5009205.855  3221340.986
2025   1  29220 GPS  -2267738.082  5009136.931  3221254.578
2025   1  29250 GPS  -2267745.091  5009186.640  3221302.584
2025   1  29280 GPS  -2267773.833  5009147.647  3221316.332
2025   1  29310 GPS  -2267831.373  5009154.410  3221354.480
2025   1  29340 GPS  -2267714.350  5009071.457  3221300.495
2025   1  29370 GPS  -2267807.580  5009158.488  3221366.526
2025   1  29400 GPS  -2267798.598  5009174.425  3221367.358
2025   1  29430 GPS  -2267742.121  5009102.616  3221293.810
2025   1  29460 GPS  -2267761.482  5009201.763  3221364.055
2025   1  29490 GPS  -2267634.224  5009173.191  3221365.527
2025   1  29520 GPS  -2267759.973  5009163.312  3221320.544
2025   1  29550 GPS  -2267791.516  5009188.113  3221370.746
2025   1  29580 GPS  -2267714.073  5009211.729  3221292.867
2025   1  29610 GPS  -2267722.740  5009115.865  3221311.296
2025   1  29640 GPS  -2267911.038  5009239.651  3221339.784
2025   1  29670 GPS  -2267842.008  5009228.329  3221362.755
2025   1  29700 GPS  -2267795.506  5009157.890  3221306.571
2025   1  29730 GPS  -2267692.341  5009126.287  3221229.392
2025   1  29760 GPS  -2267730.353  5009182.335  3221308.311
2025   1  29790 GPS  -2267721.099  5009081.104  3221288.051
2025   1  29820 GPS  -2267843.336  5009177.374  3221342.851
2025   1  29850 GPS  -2267826.615  5009259.199  3221363.373
2025   1  29880 GPS  -2267774.339  5009194.155  3221310.700
2025   1  29910 GPS  -2267827.631  5009280.350  3221372.698
2025   1  29940 GPS  -2267831.891  5009297.477  3221359.426
2025   1  29970 GPS  -2267842.255  5009218.860  3221347.455
2025   1  30000 GPS  -2267846.401  5009170.968  3221341.487
2025   1  30030 GPS  -2267828.368  5009227.142  3221384.620
2025   1  30060 GPS  -2267725.979  5009227.462  3221327.827
2025   1  30090 GPS  -2267763.077  5009267.058  3221390.189
2025   1  30120 GPS  -2267761.272  5009192.643  3221338.375
2025   1  30150 GPS  -2267801.592  5009111.044  3221263.623
2025   1  30180 GPS  -2267752.308  5009148.204  3221290.687
2025   1  30210 GPS  -2267758.507  5009117.577  3221284.038
2025   1  30240 GPS  -2267726.833  5009103.480  3221265.913
2025   1  30270 GPS  -2267763.445  5009214.504  3221333.057
2025   1  30300 GPS  -2267845.948  5009281.547  3221348.609
2025   1  30330 GPS  -2267770.112  5009303.717  3221359.278
2025   1  30360 GPS  -2267771.412  5009207.041  3221331.713
2025   1  30390 GPS  -2267712.699  5009102.449  3221260.664
2025   1  30420 GPS  -2267729.156  5009110.166  3221338.191
2025   1  30450 GPS  -2267764.313  5009158.684  3221345.445
2025   1  30480 GPS  -2267714.600  5009121.556  3221293.339
2025   1  30510 GPS  -2267775.936  5009164.754  3221320.038
2025   1  30540 GPS  -2267696.150  5009148.735  3221298.435
2025   1  30570 GPS  -2267709.254  5009130.186  3221273.428
2025   1  30600 GPS  -2267756.822  5009104.168  3221250.426
2025   1  30630 GPS  -2267832.348  5009088.244  3221256.849
2025   1  30660 GPS  -2267787.167  5009164.524  3221325.643
2025   1  30690 GPS  -2267790.620  5009189.279  3221298.837
2025   1  30720 GPS  -2267741.732  5009082.496  3221227.898
2025   1  30750 GPS  -2267642.552  5008964.560  3221248.192
2025   1  30780 GPS  -2267637.766  5008965.064  3221265.585
2025   1  30810 GPS  -2267811.846  5009144.453  3221319.408
2025   1  30840 GPS  -2267835.438  5009203.125  3221293.642
2025   1  30870 GPS  -2267853.779  5009210.867  3221301.238
2025   1  30900 GPS  -2267790.020  5009178.707  3221340.596
2025   1  30930 GPS  -2267833.481  5009123.930  3221299.655
2025   1  30960 GPS  -2267688.538  5008996.038  3221244.488
2025   1  30990 GPS  -2267619.789  5008928.392  3221205.131
2025   1  31020 GPS  -2267587.059  5009018.875  3221284.555
2025   1  31050 GPS  -2267773.457  5009133.945  3221296.295
2025   1  31080 GPS  -2267809.249  5009187.941  3221348.347
2025   1  31110 GPS  -2267760.935  5009171.710  3221342.145
2025   1  31140 GPS  -2267844.717  5009210.225  3221394.221
2025   1  31170 GPS  -2267797.689  5009229.398  3221392.264
2025   1  31200 GPS  -2267774.017  5009150.422  3221329.740
2025   1  31230 GPS  -2267737.137  5009105.893  3221323.090
2025   1  31260 GPS  -2267705.753  5009030.730  3221297.712
2025   1  31290 GPS  -2267650.360  5009086.386  3221342.766
2025   1  31320 GPS  -2267821.846  5009197.825  3221311.206
2025   1  31350 GPS  -2267795.035  5009164.324  3221323.035
2025   1  31380 GPS  -2267792.683  5009232.137  3221361.843
2025   1  31410 GPS  -2267792.022  5009128.219  3221337.431
2025   1  31440 GPS  -2267716.154  5009098.256  3221310.330
2025   1  31470 GPS  -2267671.980  5009049.674  3221296.009
2025   1  31500 GPS  -2267749.215  5009086.383  3221251.548
2025   1  31530 GPS  -2267713.838  5009071.193  3221263.412
2025   1  31560 GPS  -2267777.174  5009149.418  3221351.651
2025   1  31590 GPS  -2267713.960  5009118.725  3221243.524
2025   1  31620 GPS  -2267697.315  5009103.144  3221243.619
2025   1  31650 GPS  -2267821.078  5009190.603  3221283.236
2025   1  31680 GPS  -2267852.947  5009247.570  3221343.076
2025   1  31710 GPS  -2267827.126  5009260.397  3221350.913
2025   1  31740 GPS  -2267893.015  5009230.980  3221318.352
2025   1  31770 GPS  -2267908.795  5009318.811  3221362.953
2025   1  31800 GPS  -2267856.191  5009260.466  3221328.831
2025   1  31830 GPS  -2267849.497  5009279.649  3221321.324
2025   1  31860 GPS  -2267848.634  5009172.893  3221267.841
2025   1  31890 GPS  -2267777.018  5009220.240  3221302.729
2025   1  31920 GPS  -2267738.275  5009189.142  3221368.585
2025   1  31950 GPS  -2267818.078  5009197.538  3221334.175
2025   1  31980 GPS  -2267773.956  5009212.707  3221332.791
2025   1  32010 GPS  -2267787.883  5009208.032  3221388.015
2025   1  32040 GPS  -2267775.588  5009276.468  3221365.592
2025   1  32070 GPS  -2267829.346  5009357.261  3221367.200
2025   1  32100 GPS  -2267830.325  5009274.364  3221349.688
2025   1  32130 GPS  -2267801.156  5009240.850  3221314.361
2025   1  32160 GPS  -2267723.644  5009227.001  3221320.929
2025   1  32190 GPS  -2267756.516  5009204.709  3221314.799
2025   1  32220 GPS  -2267888.959  5009263.513  3221320.101
2025   1  32250 GPS  -2267819.155  5009283.493  3221348.606
2025   1  32280 GPS  -2267780.732  5009151.879  3221260.024
2025   1  32310 GPS  -2267755.055  5009204.994  3221337.868
2025   1  32340 GPS  -2267801.307  5009234.984  3221383.849
2025   1  32370 GPS  -2267723.556  5009278.996  3221413.118
2025   1  32400 GPS  -2267864.817  5009318.084  3221390.279
2025   1  32430 GPS  -2267795.483  5009217.604  3221327.867
2025   1  32460 GPS  -2267860.278  5009218.175  3221352.223
2025   1  32490 GPS  -2267859.161  5009179.471  3221320.011
2025   1  32520 GPS  -2267841.417  5009177.016  3221371.770
2025   1  32550 GPS  -2267888.287  5009276.243  3221387.678
2025   1  32580 GPS  -2267811.507  5009145.888  3221308.055
2025   1  32610 GPS  -2267724.033  5009162.973  3221337.472
2025   1  32640 GPS  -2267806.080  5009290.643  3221368.812
2025   1  32670 GPS  -2267778.318  5009299.070  3221409.212
2025   1  32700 GPS  -2267768.659  5009311.622  3221415.695
2025   1  32730 GPS  -2267757.916  5009173.854  3221366.458
2025   1  32760 GPS  -2267760.197  5009150.117  3221305.545
2025   1  32790 GPS  -2267745.161  5009329.990  3221379.505
2025   1  32820 GPS  -2267799.170  5009264.255  3221347.065
2025   1  32850 GPS  -2267759.043  5009311.136  3221352.871
2025   1  32880 GPS  -2267805.728  5009263.313  3221380.640
2025   1  32910 GPS  -2267823.818  5009290.802  3221400.585
2025   1  32940 GPS  -2267787.163  5009286.955  3221381.296
2025   1  32970 GPS  -2267751.821  5009219.488  3221352.611
2025   1  33000 GPS  -2267838.960  5009110.706  3221329.945
2025   1  33030 GPS  -2267878.625  5009172.557  3221323.209
2025   1  33060 GPS  -2267836.998  5009298.957  3221344.574
2025   1  33090 GPS  -2267748.672  5009233.493  3221340.568
2025   1  33120 GPS  -2267731.428  5009209.160  3221320.945
2025   1  33150 GPS  -2267812.567  5009176.890  3221356.397
2025   1  33180 GPS  -2267797.035  5009226.768  3221377.774
2025   1  33210 GPS  -2267848.299  5009185.839  3221336.307
2025   1  33240 GPS  -2267784.697  5009194.657  3221349.022
2025   1  33270 GPS  -2267738.875  5009077.839  3221309.428
2025   1  33300 GPS  -2267762.128  5009068.609  3221264.136
2025   1  33330 GPS  -2267748.659  5009080.324  3221325.348
2025   1  33360 GPS  -2267748.349  5009179.054  3221342.549
2025   1  33390 GPS  -2267793.777  5009283.662  3221359.031
2025   1  33420 GPS  -2267734.109  5009171.417  3221361.589
2025   1  33450 GPS  -2267775.716  5009142.512  3221330.684
2025   1  33480 GPS  -2267836.142  5009181.991  3221338.690
2025   1  33510 GPS  -2267778.684  5009302.140  3221383.741
2025   1  33540 GPS  -2267860.987  5009191.189  3221312.061
2025   1  33570 GPS  -2267783.540  5009153.571  3221283.152
2025   1  33600 GPS  -2267780.840  5009149.287  3221274.567
2025   1  33630 GPS  -2267859.774  5009233.907  3221341.058
2025   1  33660 GPS  -2267823.740  5009251.724  3221361.765
2025   1  33690 GPS  -2267840.811  5009235.143  3221363.756
2025   1  33720 GPS  -2267747.275  5009173.361  3221269.538
2025   1  33750 GPS  -2267786.805  5009136.145  3221296.423
2025   1  33780 GPS  -2267839.094  5009206.536  3221318.882
2025   1  33810 GPS  -2267818.351  5009148.725  3221282.120
2025   1  33840 GPS  -2267798.777  5009265.144  3221307.757
2025   1  33870 GPS  -2267794.081  5009191.159  3221308.320
2025   1  33900 GPS  -2267874.070  5009138.077  3221298.356
2025   1  33930 GPS  -2267890.530  5009207.631  3221360.106
2025   1  33960 GPS  -2267917.264  5009304.623  3221447.265
2025   1  33990 GPS  -2267877.723  5009193.629  3221340.899
2025   1  34020 GPS  -2267832.755  5009229.736  3221359.769
2025   1  34050 GPS  -2267841.885  5009221.488  3221374.564
2025   1  34080 GPS  -2267725.959  5009162.543  3221345.295
2025   1  34110 GPS  -2267788.238  5009151.463  3221336.654
2025   1  34140 GPS  -2267886.879  5009300.130  3221377.695
2025   1  34170 GPS  -2267805.220  5009297.056  3221344.072
2025   1  34200 GPS  -2267830.792  5009161.282  3221328.831
2025   1  34230 GPS  -2267826.992  5009340.461  3221379.016
2025   1  34260 GPS  -2267880.348  5009259.329  3221374.850
2025   1  34290 GPS  -2267822.774  5009257.624  3221398.014
2025   1  34320 GPS  -2267776.638  5009241.086  3221360.527
2025   1  34350 GPS  -2267867.268  5009468.228  3221493.381
2025   1  34380 GPS  -2267936.959  5009368.437  3221388.041
2025   1  34410 GPS  -2267910.374  5009423.293  3221444.346
2025   1  34440 GPS  -2267808.550  5009258.210  3221379.767
2025   1  34470 GPS  -2267822.913  5009244.855  3221354.808
2025   1  34500 GPS  -2267858.934  5009251.922  3221354.513
2025   1  34530 GPS  -2267837.419  5009121.777  3221320.750
2025   1  34560 GPS  -2267868.018  5009227.971  3221365.830
2025   1  34590 GPS  -2267801.598  5009118.624  3221284.944
2025   1  34620 GPS  -2267899.899  5009228.294  3221303.976
2025   1  34650 GPS  -2267913.692  5009171.111  3221313.045
2025   1  34680 GPS  -2267840.448  5009127.385  3221347.069
2025   1  34710 GPS  -2267865.390  5009196.944  3221366.801
2025   1  34740 GPS  -2267870.548  5009146.105  3221306.588
2025   1  34770 GPS  -2267914.041  5009043.872  3221272.978
2025   1  34800 GPS  -2267867.548  5009108.258  3221340.240
2025   1  34830 GPS  -2267831.313  5009167.457  3221360.965
2025   1  34860 GPS  -2267886.274  5009214.778  3221351.366
2025   1  34890 GPS  -2267864.556  5009179.028  3221330.256
2025   1  34920 GPS  -2267785.158  5009112.740  3221322.714
2025   1  34950 GPS  -2267774.995  5009084.035  3221304.600
2025   1  34980 GPS  -2267898.537  5009252.488  3221392.799
2025   1  35010 GPS  -2267815.215  5009264.234  3221388.915
2025   1  35040 GPS  -2267736.113  5009200.393  3221288.723
2025   1  35070 GPS  -2267865.737  5009094.211  3221245.259
2025   1  35100 GPS  -2267925.032  5009368.420  3221330.414
2025   1  35130 GPS  -2267875.105  5009272.463  3221333.867
2025   1  35160 GPS  -2267883.459  5009322.378  3221339.271
2025   1  35190 GPS  -2267810.561  5009180.336  3221330.953
2025   1  35220 GPS  -2267899.817  5009282.198  3221326.167
2025   1  35250 GPS  -2267842.573  5009272.890  3221349.073
2025   1  35280 GPS  -2267791.625  5009162.212  3221329.199
2025   1  35310 GPS  -2267829.015  5009211.241  3221367.235
2025   1  35340 GPS  -2267894.349  5009265.489  3221363.077
2025   1  35370 GPS  -2267908.865  5009364.968  3221432.487
2025   1  35400 GPS  -2267819.666  5009094.892  3221347.529
2025   1  35430 GPS  -2267849.078  5009001.428  3221293.083
2025   1  35460 GPS  -2267788.037  5009030.063  3221273.743
2025   1  35490 GPS  -2267872.371  5009210.228  3221335.116
2025   1  35520 GPS  -2267842.149  5009115.652  3221264.409
2025   1  35550 GPS  -2267801.890  5009246.434  3221327.120
2025   1  35580 GPS  -2267886.224  5009226.088  3221317.033
2025   1  35610 GPS  -2267863.785  5009204.698  3221339.702
2025   1  35640 GPS  -2267848.844  5009282.448  3221362.579
2025   1  35670 GPS  -2267864.921  5009163.099  3221326.500
2025   1  35700 GPS  -2267890.237  5009197.552  3221328.697
2025   1  35730 GPS  -2267939.084  5009242.468  3221330.918
2025   1  35760 GPS  -2267946.154  5009381.809  3221403.750
2025   1  35790 GPS  -2267950.375  5009278.420  3221378.250
2025   1  35820 GPS  -2267960.077  5009293.638  3221419.385
2025   1  35850 GPS  -2267886.752  5009279.654  3221386.678
2025   1  35880 GPS  -2267953.678  5009272.014  3221381.503
2025   1  35910 GPS  -2267865.930  5009247.942  3221344.848
2025   1  35940 GPS  -2267814.256  5009043.611  3221234.764
2025   1  35970 GPS  -2267876.928  5009277.820  3221310.865
2025   1  36000 GPS  -2267834.280  5009242.911  3221361.746
2025   1  36030 GPS  -2267780.820  5009064.216  3221289.139
2025   1  36060 GPS  -2267904.515  5009165.619  3221308.365
2025   1  36090 GPS  -2267896.264  5009121.890  3221338.650
2025   1  36120 GPS  -2267920.181  5009175.346  3221346.982
2025   1  36150 GPS  -2267884.968  5009216.319  3221348.005
2025   1  36180 GPS  -2267810.274  5009059.635  3221304.382
2025   1  36210 GPS  -2267854.781  5009197.490  3221314.194
2025   1  36240 GPS  -2268013.950  5009317.367  3221346.090
2025   1  36270 GPS  -2267919.591  5009131.083  3221317.948
2025   1  36300 GPS  -2267843.681  5009182.973  3221362.477
2025   1  36330 GPS  -2268020.095  5009303.230  3221400.440
2025   1  36360 GPS  -2268024.226  5009410.885  3221416.994
2025   1  36390 GPS  -2267825.764  5009175.032  3221316.890
2025   1  36420 GPS  -2268006.016  5009309.128  3221374.850
2025   1  36450 GPS  -2267976.916  5009212.995  3221350.500
2025   1  36480 GPS  -2267924.095  5009225.121  3221399.842
2025   1  36510 GPS  -2267968.931  5009213.221  3221401.565
2025   1  36540 GPS  -2267899.944  5009264.331  3221416.446
2025   1  36570 GPS  -2267811.464  5009113.014  3221362.922
2025   1  36600 GPS  -2267812.068  5009150.413  3221330.486
2025   1  36630 GPS  -2267836.615  5009193.014  3221332.021
2025   1  36660 GPS  -2267822.606  5009179.051  3221325.659
2025   1  36690 GPS  -2267787.128  5009117.642  3221328.969
2025   1  36720 GPS  -2267992.339  5009297.461  3221428.898
2025   1  36750 GPS  -2267891.015  5009243.551  3221377.493
2025   1  36780 GPS  -2267907.547  5009320.594  3221393.546
2025   1  36810 GPS  -2267985.107  5009429.189  3221445.250
2025   1  36840 GPS  -2267950.280  5009341.404  3221416.219
2025   1  36870 GPS  -2268055.974  5009363.535  3221419.950
2025   1  36900 GPS  -2267924.733  5009204.217  3221359.408
2025   1  36930 GPS  -2267921.991  5009312.050  3221412.206
2025   1  36960 GPS  -2267912.443  5009273.279  3221388.450
2025   1  36990 GPS  -2267884.828  5009255.403  3221394.088
2025   1  37020 GPS  -2267766.761  5009069.409  3221301.854
2025   1  37050 GPS  -2267793.238  5009128.981  3221309.677
2025   1  37080 GPS  -2267846.320  5009204.496  3221320.235
2025   1  37110 GPS  -2267713.731  5009015.235  3221223.376
2025   1  37140 GPS  -2267815.199  5009076.235  3221288.324
2025   1  37170 GPS  -2267796.174  5009142.281  3221318.149
2025   1  37200 GPS  -2267797.567  5009182.329  3221296.074
2025   1  37230 GPS  -2268040.526  5009334.332  3221362.704
2025   1  37260 GPS  -2267997.120  5009413.482  3221386.295
2025   1  37290 GPS  -2267782.346  5009143.767  3221239.404
2025   1  37320 GPS  -2267912.207  5009244.772  3221328.970
2025   1  37350 GPS  -2267968.386  5009250.653  3221350.572
2025   1  37380 GPS  -2267941.500  5009213.676  3221298.648
2025   1  37410 GPS  -2267901.662  5009080.062  3221265.648
2025   1  37440 GPS  -2267875.512  5009130.784  3221335.559
2025   1  37470 GPS  -2267931.283  5009170.420  3221315.588
2025   1  37500 GPS  -2267801.127  5009142.872  3221326.569
2025   1  37530 GPS  -2267743.216  5009062.850  3221292.194
2025   1  37560 GPS  -2267862.987  5009183.540  3221311.370
2025   1  37590 GPS  -2267900.571  5009155.043  3221302.011
2025   1  37620 GPS  -2267940.306  5009243.549  3221328.924
2025   1  37650 GPS  -2267929.267  5009225.884  3221319.498
2025   1  37680 GPS  -2268044.993  5009339.193  3221408.425
2025   1  37710 GPS  -2268016.069  5009244.310  3221348.826
2025   1  37740 GPS  -2267888.811  5009113.049  3221288.173
2025   1  37770 GPS  -2267947.504  5009274.476  3221352.560
2025   1  37800 GPS  -2267846.080  5009193.061  3221269.272
2025   1  37830 GPS  -2267832.507  5009212.025  3221315.212
2025   1  37860 GPS  -2267836.562  5009149.375  3221326.573
2025   1  37890 GPS  -2267839.885  5009147.193  3221316.995
2025   1  37920 GPS  -2267825.046  5009141.088  3221307.545
2025   1  37950 GPS  -2268054.289  5009338.857  3221435.583
2025   1  37980 GPS  -2267977.081  5009300.106  3221365.537
2025   1  38010 GPS  -2267874.966  5009284.187  3221364.197
2025   1  38040 GPS  -2267815.662  5009157.488  3221274.380
2025   1  38070 GPS  -2267849.243  5009096.513  3221244.509
2025   1  38100 GPS  -2267897.341  5009168.114  3221310.996
2025   1  38130 GPS  -2267774.378  5009089.928  3221252.124
2025   1  38160 GPS  -2267839.161  5009148.796  3221291.880
2025   1  38190 GPS  -2267798.686  5009086.036  3221267.650
2025   1  38220 GPS  -2267825.351  5009123.036  3221268.899
2025   1  38250 GPS  -2267924.905  5009154.256  3221310.960
2025   1  38280 GPS  -2267868.612  5009099.746  3221276.272
2025   1  38310 GPS  -2267965.590  5009206.190  3221302.596
2025   1  38340 GPS  -2267846.127  5009052.542  3221211.283
2025   1  38370 GPS  -2267950.579  5009292.693  3221327.701
2025   1  38400 GPS  -2267866.267  5009287.659  3221328.108
2025   1  38430 GPS  -2267836.552  5009167.961  3221294.692
2025   1  38460 GPS  -2267892.289  5009165.464  3221338.304
2025   1  38490 GPS  -2267831.492  5009129.505  3221323.347
2025   1  38520 GPS  -2267812.138  5009188.074  3221330.956
2025   1  38550 GPS  -2267765.900  5009178.607  3221308.941
2025   1  38580 GPS  -2267835.789  5009144.184  3221281.315
2025   1  38610 GPS  -2267937.565  5009214.346  3221358.895
2025   1  38640 GPS  -2267841.453  5009115.488  3221302.810
2025   1  38670 GPS  -2267842.260  5009151.703  3221286.184
2025   1  38700 GPS  -2267776.338  5009117.914  3221268.056
2025   1  38730 GPS  -2267743.946  5009146.459  3221278.672
2025   1  38760 GPS  -2267813.125  5009145.495  3221238.551
2025   1  38790 GPS  -2267757.257  5009022.504  3221228.521
2025   1  38820 GPS  -2267936.256  5009254.544  3221377.925
2025   1  38850 GPS  -2268207.952  5009378.455  3221478.209
2025   1  38880 GPS  -2267950.363  5009262.176  3221419.556
2025   1  38910 GPS  -2268169.488  5009371.952  3221452.172
2025   1  38940 GPS  -2268050.755  5009271.193  3221358.906
2025   1  38970 GPS  -2267970.906  5009232.761  3221344.129
2025   1  39000 GPS  -2268022.822  5009255.738  3221348.142
2025   1  39030 GPS  -2267980.555  5009288.839  3221353.785
2025   1  39060 GPS  -2267732.325  5009064.497  3221221.447
2025   1  39090 GPS  -2267847.844  5009125.370  3221287.011
2025   1  39120 GPS  -2267899.821  5009139.961  3221324.229
2025   1  39150 GPS  -2267815.989  5009115.916  3221310.794
2025   1  39180 GPS  -2267871.652  5009166.234  3221358.023
2025   1  39210 GPS  -2268077.102  5009350.658  3221460.601
2025   1  39240 GPS  -2267813.103  5009205.363  3221357.507
2025   1  39270 GPS  -2267813.812  5009164.026  3221341.487
2025   1  39300 GPS  -2268049.626  5009303.371  3221426.600
2025   1  39330 GPS  -2267793.020  5009107.918  3221256.704
2025   1  39360 GPS  -2267717.393  5009033.940  3221228.665
2025   1  39390 GPS  -2267771.875  5009081.995  3221277.266
2025   1  39420 GPS  -2267766.856  5009096.500  3221237.218
2025   1  39450 GPS  -2267703.070  5009027.382  3221203.965
2025   1  39480 GPS  -2267541.010  5008887.910  3221111.823
2025   1  39510 GPS  -2267985.773  5009215.783  3221323.346
2025   1  39540 GPS  -2268006.098  5009176.017  3221358.651
2025   1  39570 GPS  -2268010.545  5009220.528  3221334.312
2025   1  39600 GPS  -2267890.155  5009168.586  3221296.256
2025   1  39630 GPS  -2268012.631  5009312.502  3221383.626
2025   1  39660 GPS  -2268017.087  5009307.236  3221444.303
2025   1  39690 GPS  -2267815.487  5008998.085  3221272.600
2025   1  39720 GPS  -2267932.129  5009205.463  3221345.727
2025   1  39750 GPS  -2267967.688  5009151.347  3221323.357
2025   1  39780 GPS  -2267859.894  5009193.230  3221323.208
2025   1  39810 GPS  -2267919.046  5009178.449  3221333.952
2025   1  39840 GPS  -2267857.400  5009114.647  3221278.839
2025   1  39870 GPS  -2268018.260  5009256.691  3221360.071
2025   1  39900 GPS  -2267867.394  5009086.930  3221280.612
2025   1  39930 GPS  -2267896.745  5009136.253  3221299.450
2025   1  39960 GPS  -2267775.906  5009106.708  3221239.959
2025   1  39990 GPS  -2267793.957  5009032.103  3221224.677
2025   1  40020 GPS  -2267665.893  5008977.845  3221201.525
2025   1  40050 GPS  -2267878.135  5009115.605  3221307.402
2025   1  40080 GPS  -2267894.563  5009069.269  3221300.913
2025   1  40110 GPS  -2267813.378  5009092.124  3221293.357
2025   1  40140 GPS  -2267780.678  5009080.129  3221253.259
2025   1  40170 GPS  -2267887.113  5009106.848  3221295.472
2025   1  40200 GPS  -2267851.864  5009024.704  3221283.233
2025   1  40230 GPS  -2267819.907  5008979.320  3221244.813
2025   1  40260 GPS  -2267782.774  5009045.108  3221231.205
2025   1  40290 GPS  -2267717.923  5008975.403  3221207.395
2025   1  40320 GPS  -2267748.059  5008977.006  3221235.551
2025   1  40350 GPS  -2267818.544  5009013.938  3221278.356
2025   1  40380 GPS  -2267949.901  5009118.421  3221340.362
2025   1  40410 GPS  -2267853.666  5008989.385  3221284.858
2025   1  40440 GPS  -2267951.490  5009159.335  3221366.355
2025   1  40470 GPS  -2267944.555  5009198.160  3221353.088
2025   1  40500 GPS  -2267984.320  5009265.506  3221408.526
2025   1  40530 GPS  -2267912.004  5009170.042  3221350.682
2025   1  40560 GPS  -2268356.644  5009655.326  3221565.753
2025   1  40590 GPS  -2268222.228  5009502.783  3221492.469
2025   1  40620 GPS  -2267793.706  5009068.225  3221297.190
2025   1  40650 GPS  -2267878.331  5009065.878  3221308.224
2025   1  40680 GPS  -2268023.087  5009275.688  3221396.909
2025   1  40710 GPS  -2267839.396  5009121.785  3221318.723
2025   1  40740 GPS  -2267775.409  5009064.346  3221294.661
2025   1  40770 GPS  -2267841.521  5009095.646  3221265.517
2025   1  40800 GPS  -2267779.884  5009085.563  3221255.932
2025   1  40830 GPS  -2267917.084  5009218.765  3221311.927
2025   1  40860 GPS  -2267760.822  5009067.452  3221262.828
2025   1  40890 GPS  -2267700.261  5008914.619  3221217.692
2025   1  40920 GPS  -2267845.246  5009037.703  3221243.719
2025   1  40950 GPS  -2267736.637  5009098.070  3221244.116
2025   1  40980 GPS  -2267719.362  5009038.106  3221237.594
2025   1  41010 GPS  -2267820.126  5009128.825  3221286.346
2025   1  41040 GPS  -2267810.991  5009122.895  3221264.510
2025   1  41070 GPS  -2267773.175  5009039.719  3221241.444
2025   1  41100 GPS  -2267833.427  5009031.500  3221245.324
2025   1  41130 GPS  -2267813.542  5009110.773  3221272.360
2025   1  41160 GPS  -2267741.687  5009063.146  3221239.243
2025   1  41190 GPS  -2267743.673  5009059.081  3221229.306
2025   1  41220 GPS  -2267712.263  5008940.102  3221225.675
2025   1  41250 GPS  -2267752.682  5009020.161  3221238.465
2025   1  41280 GPS  -2267775.352  5009028.754  3221244.192
2025   1  41310 GPS  -2267701.913  5008937.017  3221243.964
2025   1  41340 GPS  -2267793.046  5009000.364  3221268.389
2025   1  41370 GPS  -2267651.173  5008983.252  3221216.988
2025   1  41400 GPS  -2267670.942  5008987.941  3221175.955
2025   1  41430 GPS  -2267711.488  5008931.329  3221163.943
2025   1  41460 GPS  -2267727.354  5008968.507  3221231.249
2025   1  41490 GPS  -2267781.697  5009098.055  3221247.045
2025   1  41520 GPS  -2267657.655  5008981.237  3221217.255
2025   1  41550 GPS  -2267804.316  5009055.103  3221239.993
2025   1  41580 GPS  -2267709.613  5008948.226  3221216.260
2025   1  41610 GPS  -2267682.536  5008997.360  3221226.745
2025   1  41640 GPS  -2267705.273  5009039.244  3221262.598
2025   1  41670 GPS  -2267666.864  5008893.907  3221230.089
2025   1  41700 GPS  -2267735.040  5008964.211  3221250.264
2025   1  41730 GPS  -2267729.616  5009068.019  3221291.550
2025   1  41760 GPS  -2267656.902  5008978.724  3221252.935
2025   1  41790 GPS  -2267694.945  5008984.963  3221255.159
2025   1  41820 GPS  -2267713.559  5009055.956  3221235.627
2025   1  41850 GPS  -2267688.573  5009083.732  3221294.058
2025   1  41880 GPS  -2267692.764  5009039.939  3221291.006
2025   1  41910 GPS  -2267682.581  5009089.662  3221287.643
2025   1  41940 GPS  -2267746.903  5009099.924  3221281.422
2025   1  41970 GPS  -2267737.312  5009160.565  3221318.704
2025   1  42000 GPS  -2267627.044  5009014.819  3221259.722
2025   1  42030 GPS  -2267672.348  5009057.355  3221238.892
2025   1  42060 GPS  -2267792.923  5009055.603  3221259.208
2025   1  42090 GPS  -2267709.783  5009017.984  3221275.148
2025   1  42120 GPS  -2267744.912  5008993.496  3221252.907
2025   1  42150 GPS  -2267681.238  5009063.538  3221303.786
2025   1  42180 GPS  -2267739.463  5009021.109  3221246.967
2025   1  42210 GPS  -2267717.957  5009006.594  3221244.331
2025   1  42240 GPS  -2267734.359  5009058.898  3221252.665
2025   1  42270 GPS  -2267647.806  5008999.386  3221231.383
2025   1  42300 GPS  -2267700.243  5008932.453  3221218.810
2025   1  42330 GPS  -2267715.960  5009024.732  3221306.898
2025   1  42360 GPS  -2267661.377  5009072.691  3221276.324
2025   1  42390 GPS  -2267745.678  5009095.321  3221279.326
2025   1  42420 GPS  -2267663.975  5009005.738  3221238.132
2025   1  42450 GPS  -2267675.514  5009004.960  3221274.201
2025   1  42480 GPS  -2267708.126  5009005.259  3221263.332
2025   1  42510 GPS  -2267743.854  5009020.989  3221323.359
2025   1  42540 GPS  -2267673.671  5008995.196  3221250.210
2025   1  42570 GPS  -2267761.616  5009043.351  3221341.235
2025   1  42600 GPS  -2267828.258  5009119.489  3221310.488
2025   1  42630 GPS  -2267829.532  5009146.404  3221313.142
2025   1  42660 GPS  -2267775.270  5009072.460  3221325.401
2025   1  42690 GPS  -2267763.485  5009121.926  3221308.753
2025   1  42720 GPS  -2267783.957  5009070.489  3221294.082
2025   1  42750 GPS  -2267737.933  5009091.201  3221318.483
2025   1  42780 GPS  -2267699.336  5009006.893  3221283.918
2025   1  42810 GPS  -2267769.159  5009034.943  3221296.905
2025   1  42840 GPS  -2267714.848  5009018.847  3221284.221
2025   1  42870 GPS  -2267779.921  5009064.198  3221286.966
2025   1  42900 GPS  -2267757.079  5009087.756  3221277.207
2025   1  42930 GPS  -2267749.204  5009128.357  3221306.240
2025   1  42960 GPS  -2267782.107  5009192.086  3221361.959
2025   1  42990 GPS  -2267788.893  5009143.011  3221363.674
2025   1  43020 GPS  -2267798.581  5009129.532  3221323.291
2025   1  43050 GPS  -2267749.175  5009117.864  3221336.425
2025   1  43080 GPS  -2267821.220  5009179.330  3221340.924
2025   1  43110 GPS  -2267781.580  5009033.293  3221317.629
2025   1  43140 GPS  -2267742.871  5009101.570  3221296.550
2025   1  43170 GPS  -2267696.975  5009008.466  3221285.674
2025   1  43200 GPS  -2267746.059  5009033.035  3221327.955
2025   1  43230 GPS  -2267732.987  5008995.661  3221329.164
2025   1  43260 GPS  -2267753.771  5009002.265  3221346.443
2025   1  43290 GPS  -2267717.555  5009024.124  3221310.998
2025   1  43320 GPS  -2267730.407  5009094.732  3221365.387
2025   1  43350 GPS  -2267742.911  5009095.808  3221360.863
2025   1  43380 GPS  -2267779.159  5008969.606  3221307.704
2025   1  43410 GPS  -2267726.872  5009062.015  3221289.824
2025   1  43440 GPS  -2267735.756  5009071.982  3221294.791
2025   1  43470 GPS  -2267754.123  5008996.656  3221286.279
2025   1  43500 GPS  -2267782.836  5009059.380  3221330.954
2025   1  43530 GPS  -2267765.514  5009056.768  3221321.785
2025   1  43560 GPS  -2267732.592  5009052.483  3221288.543
2025   1  43590 GPS  -2267733.516  5009065.413  3221324.583
2025   1  43620 GPS  -2267768.486  5009123.842  3221309.612
2025   1  43650 GPS  -2267749.627  5009083.410  3221309.581
2025   1  43680 GPS  -2267746.314  5009110.066  3221292.162
2025   1  43710 GPS  -2267737.182  5009062.842  3221309.666
2025   1  43740 GPS  -2267776.671  5009051.779  3221329.882
2025   1  43770 GPS  -2267754.132  5009063.500  3221336.361
2025   1  43800 GPS  -2267741.880  5009045.009  3221306.820
2025   1  43830 GPS  -2267833.094  5009168.431  3221363.600
2025   1  43860 GPS  -2267795.711  5009128.811  3221301.995
2025   1  43890 GPS  -2267793.529  5009193.575  3221335.158
2025   1  43920 GPS  -2267785.750  5009130.803  3221321.483
2025   1  43950 GPS  -2267744.347  5009086.087  3221323.969
2025   1  43980 GPS  -2267759.986  5009035.755  3221312.632
2025   1  44010 GPS  -2267757.106  5009093.781  3221330.325
2025   1  44040 GPS  -2267783.760  5009071.172  3221289.102
2025   1  44070 GPS  -2267773.163  5009025.745  3221294.769
2025   1  44100 GPS  -2267753.755  5009120.376  3221331.074
2025   1  44130 GPS  -2267767.629  5009069.656  3221308.712
2025   1  44160 GPS  -2267748.775  5009050.632  3221345.041
2025   1  44190 GPS  -2267806.766  5009247.478  3221349.665
2025   1  44220 GPS  -2267827.771  5009205.260  3221361.864
2025   1  44250 GPS  -2267809.317  5009206.247  3221380.477
2025   1  44280 GPS  -2267852.757  5009278.020  3221419.574
2025   1  44310 GPS  -2267839.460  5009202.725  3221394.909
2025   1  44340 GPS  -2267779.624  5009124.998  3221338.488
2025   1  44370 GPS  -2267765.765  5009105.864  3221363.004
2025   1  44400 GPS  -2267809.009  5009099.855  3221341.773
2025   1  44430 GPS  -2267843.025  5009134.998  3221348.991
2025   1  44460 GPS  -2267820.890  5009242.018  3221430.673
2025   1  44490 GPS  -2267833.508  5009241.985  3221352.182
2025   1  44520 GPS  -2267703.774  5008972.275  3221266.797
2025   1  44550 GPS  -2267771.013  5009071.258  3221318.830
2025   1  44580 GPS  -2267777.835  5009094.738  3221331.395
2025   1  44610 GPS  -2267726.128  5009038.372  3221287.173
2025   1  44640 GPS  -2267775.345  5009017.688  3221313.693
2025   1  44670 GPS  -2267793.715  5009149.788  3221390.197
2025   1  44700 GPS  -2267716.708  5009018.439  3221300.350
2025   1  44730 GPS  -2267739.364  5009092.345  3221321.432
2025   1  44760 GPS  -2267721.676  5009017.143  3221217.627
2025   1  44790 GPS  -2267723.781  5009057.871  3221330.229
2025   1  44820 GPS  -2267765.367  5009116.511  3221330.644
2025   1  44850 GPS  -2267744.750  5009039.464  3221297.880
2025   1  44880 GPS  -2267721.870  5009067.044  3221269.708
2025   1  44910 GPS  -2267744.533  5009144.239  3221320.853
2025   1  44940 GPS  -2267766.644  5009033.963  3221322.398
2025   1  44970 GPS  -2267712.190  5009028.330  3221285.319
2025   1  45000 GPS  -2267750.567  5009102.731  3221283.040
2025   1  45030 GPS  -2267721.506  5009109.876  3221294.210
2025   1  45060 GPS  -2267744.299  5009086.952  3221301.052
2025   1  45090 GPS  -2267768.166  5009128.752  3221267.879
2025   1  45120 GPS  -2267819.335  5009243.085  3221330.420
2025   1  45150 GPS  -2267790.810  5009263.543  3221339.060
2025   1  45180 GPS  -2267798.223  5009275.321  3221377.795
2025   1  45210 GPS  -2267832.134  5009366.860  3221420.576
2025   1  45240 GPS  -2267783.567  5009305.573  3221360.190
2025   1  45270 GPS  -2267797.910  5009226.280  3221337.102
2025   1  45300 GPS  -2267796.210  5009161.562  3221308.866
2025   1  45330 GPS  -2267762.023  5009163.990  3221311.941
2025   1  45360 GPS  -2267777.086  5009222.962  3221337.447
2025   1  45390 GPS  -2267818.246  5009229.614  3221372.304
2025   1  45420 GPS  -2267819.214  5009161.443  3221336.648
2025   1  45450 GPS  -2267802.195  5009144.205  3221350.667
2025   1  45480 GPS  -2267821.144  5009163.760  3221347.852
2025   1  45510 GPS  -2267777.979  5009160.229  3221409.925
2025   1  45540 GPS  -2267785.094  5009144.059  3221310.751
2025   1  45570 GPS  -2267777.937  5009098.564  3221373.057
2025   1  45600 GPS  -2267759.518  5009130.834  3221356.755
2025   1  45630 GPS  -2267776.870  5009055.571  3221309.516
2025   1  45660 GPS  -2267742.344  5009054.768  3221303.092
2025   1  45690 GPS  -2267777.064  5009149.120  3221372.884
2025   1  45720 GPS  -2267803.849  5009134.095  3221365.845
2025   1  45750 GPS  -2267782.773  5009096.415  3221347.131
2025   1  45780 GPS  -2267739.907  5009116.254  3221324.828
2025   1  45810 GPS  -2267764.400  5009131.556  3221285.193
2025   1  45840 GPS  -2267787.606  5009157.357  3221344.730
2025   1  45870 GPS  -2267783.437  5009178.553  3221334.960
2025   1  45900 GPS  -2267756.074  5009121.269  3221341.792
2025   1  45930 GPS  -2267799.410  5009186.494  3221338.087
2025   1  45960 GPS  -2267765.568  5009112.138  3221273.818
2025   1  45990 GPS  -2267680.869  5008882.046  3221217.457
2025   1  46020 GPS  -2267730.791  5008979.782  3221257.279
2025   1  46050 GPS  -2267724.993  5009142.683  3221319.595
2025   1  46080 GPS  -2267764.252  5009131.153  3221357.918
2025   1  46110 GPS  -2267727.090  5009111.255  3221334.650
2025   1  46140 GPS  -2267769.688  5009220.072  3221358.954
2025   1  46170 GPS  -2267742.036  5009170.811  3221349.752
2025   1  46200 GPS  -2267749.773  5009119.997  3221329.699
2025   1  46230 GPS  -2267743.581  5009068.645  3221283.433
2025   1  46260 GPS  -2267730.359  5009095.371  3221305.063
2025   1  46290 GPS  -2267756.739  5009146.806  3221348.675
2025   1  46320 GPS  -2267801.996  5009148.758  3221348.253
2025   1  46350 GPS  -2267796.346  5009166.224  3221330.745
2025   1  46380 GPS  -2267727.188  5009127.610  3221285.530
2025   1  46410 GPS  -2267730.205  5009089.651  3221334.465
2025   1  46440 GPS  -2267779.453  5009142.675  3221323.627
2025   1  46470 GPS  -2267844.024  5009266.923  3221338.825
2025   1  46500 GPS  -2267752.079  5009138.367  3221336.778
2025   1  46530 GPS  -2267735.313  5009244.011  3221328.662
2025   1  46560 GPS  -2267768.941  5009168.985  3221414.051
2025   1  46590 GPS  -2267724.888  5009106.316  3221312.938
2025   1  46620 GPS  -2267779.119  5009261.000  3221330.281
2025   1  46650 GPS  -2267788.761  5009162.894  3221280.464
2025   1  46680 GPS  -2267799.806  5009169.265  3221324.272
2025   1  46710 GPS  -2267802.921  5009211.532  3221428.441
2025   1  46740 GPS  -2267795.355  5009193.241  3221382.142
2025   1  46770 GPS  -2267703.392  5009079.419  3221256.713
2025   1  46800 GPS  -2267761.971  5009127.872  3221234.252
2025   1  46830 GPS  -2267761.432  5009037.029  3221264.051
2025   1  46860 GPS  -2267802.511  5009108.212  3221270.289
2025   1  46890 GPS  -2267808.738  5009114.222  3221309.030
2025   1  46920 GPS  -2267762.787  5009033.736  3221278.642
2025   1  46950 GPS  -2267763.602  5009187.743  3221379.066
2025   1  46980 GPS  -2267774.434  5009206.707  3221370.885
2025   1  47010 GPS  -2267771.505  5009156.512  3221350.681
2025   1  47040 GPS  -2267755.520  5009157.204  3221292.406
2025   1  47070 GPS  -2267748.679  5009205.381  3221321.461
2025   1  47100 GPS  -2267815.538  5009206.406  3221373.910
2025   1  47130 GPS  -2267772.191  5009271.636  3221358.865
2025   1  47160 GPS  -2267741.507  5009212.625  3221307.362
2025   1  47190 GPS  -2267734.549  5009162.989  3221340.149
2025   1  47220 GPS  -2267789.996  5009171.889  3221340.253
2025   1  47250 GPS  -2267799.971  5009233.514  3221366.642
2025   1  47280 GPS  -2267729.776  5009162.485  3221307.561
2025   1  47310 GPS  -2267820.941  5009189.843  3221365.528
2025   1  47340 GPS  -2267789.456  5009176.688  3221330.418
2025   1  47370 GPS  -2267777.787  5009152.194  3221331.593
2025   1  47400 GPS  -2267743.935  5009212.732  3221352.161
2025   1  47430 GPS  -2267782.581  5009189.507  3221306.503
2025   1  47460 GPS  -2267826.266  5009257.137  3221338.473
2025   1  47490 GPS  -2267785.685  5009203.592  3221357.100
2025   1  47520 GPS  -2267762.844  5009077.751  3221289.828
2025   1  47550 GPS  -2267744.748  5009086.413  3221284.707
2025   1  47580 GPS  -2267811.634  5009197.545  3221331.506
2025   1  47610 GPS  -2267796.733  5009224.600  3221358.813
2025   1  47640 GPS  -2267764.171  5009197.708  3221392.402
2025   1  47670 GPS  -2267867.361  5009297.036  3221387.875
2025   1  47700 GPS  -2267779.241  5009165.865  3221332.963
2025   1  47730 GPS  -2267739.453  5009159.445  3221313.646
2025   1  47760 GPS  -2267807.827  5009199.523  3221293.654
2025   1  47790 GPS  -2267825.680  5009166.722  3221359.627
2025   1  47820 GPS  -2267798.063  5009213.198  3221337.570
2025   1  47850 GPS  -2267789.892  5009159.768  3221354.312
2025   1  47880 GPS  -2267726.094  5008967.243  3221266.554
2025   1  47910 GPS  -2267709.313  5009033.638  3221214.397
2025   1  47940 GPS  -2267774.026  5009112.787  3221270.822
2025   1  47970 GPS  -2267805.763  5009065.596  3221292.336
2025   1  48000 GPS  -2267833.126  5009105.276  3221357.098
2025   1  48030 GPS  -2267774.252  5009065.208  3221305.194
2025   1  48060 GPS  -2267789.744  5009062.321  3221342.465
2025   1  48090 GPS  -2267779.925  5009118.685  3221297.669
2025   1  48120 GPS  -2267700.843  5008982.443  3221225.152
2025   1  48150 GPS  -2267762.895  5009050.683  3221303.258
2025   1  48180 GPS  -2267780.334  5009159.845  3221352.290
2025   1  48210 GPS  -2267753.713  5009208.938  3221346.260
2025   1  48240 GPS  -2267747.105  5009149.440  3221275.756
2025   1  48270 GPS  -2267797.705  5009220.715  3221286.480
2025   1  48300 GPS  -2267761.282  5009143.431  3221314.157
2025   1  48330 GPS  -2267725.658  5009185.830  3221300.945
2025   1  48360 GPS  -2267764.680  5009166.548  3221284.660
2025   1  48390 GPS  -2267764.936  5009235.378  3221300.474
2025   1  48420 GPS  -2267743.054  5009197.208  3221322.868
2025   1  48450 GPS  -2267788.914  5009293.671  3221345.437
2025   1  48480 GPS  -2267749.580  5009187.845  3221272.424
2025   1  48510 GPS  -2267771.042  5009188.837  3221288.549
2025   1  48540 GPS  -2267732.699  5009177.467  3221305.656
2025   1  48570 GPS  -2267824.044  5009309.355  3221394.092
2025   1  48600 GPS  -2267802.915  5009272.905  3221334.443
2025   1  48630 GPS  -2267785.502  5009235.240  3221326.642
2025   1  48660 GPS  -2267774.903  5009192.879  3221338.792
2025   1  48690 GPS  -2267767.900  5009219.147  3221328.420
2025   1  48720 GPS  -2267690.724  5009123.289  3221218.071
2025   1  48750 GPS  -2267751.308  5009151.246  3221268.915
2025   1  48780 GPS  -2267778.051  5009190.135  3221346.028
2025   1  48810 GPS  -2267751.974  5009121.254  3221233.599
2025   1  48840 GPS  -2267769.143  5009149.366  3221254.853
2025   1  48870 GPS  -2267743.090  5009129.168  3221322.503
2025   1  48900 GPS  -2267683.902  5009084.545  3221264.481
2025   1  48930 GPS  -2267708.422  5009107.935  3221223.673
2025   1  48960 GPS  -2267716.506  5009085.121  3221259.995
2025   1  48990 GPS  -2267750.261  5009138.175  3221337.391
2025   1  49020 GPS  -2267764.811  5009189.993  3221289.345
2025   1  49050 GPS  -2267768.119  5009116.558  3221220.058
2025   1  49080 GPS  -2267735.895  5009098.301  3221245.323
2025   1  49110 GPS  -2267734.890  5009142.719  3221308.102
2025   1  49140 GPS  -2267712.404  5009057.325  3221267.813
2025   1  49170 GPS  -2267736.685  5009168.943  3221295.195
2025   1  49200 GPS  -2267773.462  5009253.014  3221303.707
2025   1  49230 GPS  -2267770.301  5009297.021  3221315.709
2025   1  49260 GPS  -2267672.943  5009105.231  3221281.835
2025   1  49290 GPS  -2267756.673  5009144.846  3221327.342
2025   1  49320 GPS  -2267843.038  5009158.665  3221300.889
2025   1  49350 GPS  -2267767.949  5009082.416  3221311.437
2025   1  49380 GPS  -2267710.737  5009093.199  3221311.392
2025   1  49410 GPS  -2267760.521  5009139.364  3221380.440
2025   1  49440 GPS  -2267729.983  5009105.375  3221258.342
2025   1  49470 GPS  -2267733.379  5009196.244  3221255.457
2025   1  49500 GPS  -2267833.582  5009282.132  3221324.572
2025   1  49530 GPS  -2267840.790  5009258.549  3221316.769
2025   1  49560 GPS  -2267859.259  5009272.872  3221304.380
2025   1  49590 GPS  -2267858.469  5009320.672  3221366.890
2025   1  49620 GPS  -2267815.434  5009313.480  3221345.128
2025   1  49650 GPS  -2267819.155  5009198.630  3221321.920
2025   1  49680 GPS  -2267747.262  5009217.860  3221359.450
2025   1  49710 GPS  -2267722.491  5009152.811  3221282.646
2025   1  49740 GPS  -2267765.478  5009189.890  3221304.247
2025   1  49770 GPS  -2267645.812  5009114.494  3221288.279
2025   1  49800 GPS  -2267746.252  5009135.963  3221311.969
2025   1  49830 GPS  -2267733.579  5009187.606  3221294.923
2025   1  49860 GPS  -2267708.365  5009173.994  3221288.334
2025   1  49890 GPS  -2267710.977  5009136.743  3221302.402
2025   1  49920 GPS  -2267745.395  5009107.279  3221272.249
2025   1  49950 GPS  -2267736.987  5009173.659  3221319.980
2025   1  49980 GPS  -2267790.183  5009125.567  3221260.491
2025   1  50010 GPS  -2267810.098  5009150.693  3221264.782
2025   1  50040 GPS  -2267833.225  5009269.427  3221386.658
2025   1  50070 GPS  -2267770.745  5009177.770  3221314.076
2025   1  50100 GPS  -2267789.507  5009192.560  3221379.514
2025   1  50130 GPS  -2267737.522  5009208.308  3221361.970
2025   1  50160 GPS  -2267816.095  5009099.820  3221318.927
2025   1  50190 GPS  -2267773.141  5009103.502  3221294.789
2025   1  50220 GPS  -2267767.055  5009187.328  3221376.042
2025   1  50250 GPS  -2267707.937  5009089.957  3221323.457
2025   1  50280 GPS  -2267729.642  5009133.046  3221356.643
2025   1  50310 GPS  -2267775.586  5009064.897  3221359.530
2025   1  50340 GPS  -2267755.059  5009140.323  3221354.869
2025   1  50370 GPS  -2267794.407  5009134.726  3221296.711
2025   1  50400 GPS  -2267763.202  5009085.044  3221285.777
2025   1  50430 GPS  -2267763.195  5009273.821  3221375.718
2025   1  50460 GPS  -2267748.629  5009134.617  3221312.609
2025   1  50490 GPS  -2267733.926  5009222.076  3221282.633
2025   1  50520 GPS  -2267787.224  5009227.903  3221408.055
2025   1  50550 GPS  -2267790.611  5009154.938  3221346.090
2025   1  50580 GPS  -2267769.248  5009286.042  3221369.278
2025   1  50610 GPS  -2267805.602  5009230.387  3221337.643
2025   1  50640 GPS  -2267798.250  5009128.484  3221302.214
2025   1  50670 GPS  -2267790.171  5009200.635  3221353.686
2025   1  50700 GPS  -2267754.131  5009128.631  3221359.304
2025   1  50730 GPS  -2267753.549  5009261.286  3221411.377
2025   1  50760 GPS  -2267793.236  5009224.670  3221364.165
2025   1  50790 GPS  -2267770.885  5009184.502  3221355.412
2025   1  50820 GPS  -2267743.550  5009160.123  3221355.174
2025   1  50850 GPS  -2267720.904  5009145.382  3221361.161
2025   1  50880 GPS  -2267768.924  5009148.835  3221334.231
2025   1  50910 GPS  -2267797.154  5009119.158  3221327.607
2025   1  50940 GPS  -2267746.484  5009095.116  3221267.832
2025   1  50970 GPS  -2267766.557  5009158.344  3221307.923
2025   1  51000 GPS  -2267740.198  5009236.703  3221325.760
2025   1  51030 GPS  -2267762.471  5009172.235  3221329.819
2025   1  51060 GPS  -2267768.797  5009257.638  3221341.261
2025   1  51090 GPS  -2267785.696  5009226.142  3221304.185
2025   1  51120 GPS  -2267751.656  5009167.496  3221294.631
2025   1  51150 GPS  -2267792.849  5009162.580  3221302.296
2025   1  51180 GPS  -2267772.564  5009145.586  3221324.795
2025   1  51210 GPS  -2267773.263  5009137.238  3221309.447
2025   1  51240 GPS  -2267760.206  5009173.398  3221287.983
2025   1  51270 GPS  -2267811.298  5009191.458  3221330.078
2025   1  51300 GPS  -2267790.159  5009177.241  3221361.293
2025   1  51330 GPS  -2267756.515  5009186.507  3221326.832
2025   1  51360 GPS  -2267756.758  5009183.468  3221348.315
2025   1  51390 GPS  -2267826.063  5009256.406  3221355.651
2025   1  51420 GPS  -2267753.753  5009213.886  3221362.739
2025   1  51450 GPS  -2267840.843  5009241.786  3221358.814
2025   1  51480 GPS  -2267751.761  5009164.499  3221322.613
2025   1  51510 GPS  -2267754.769  5009124.149  3221319.149
2025   1  51540 GPS  -2267822.863  5009216.712  3221349.101
2025   1  51570 GPS  -2267780.091  5009207.330  3221305.838
2025   1  51600 GPS  -2267775.623  5009232.893  3221343.982
2025   1  51630 GPS  -2267742.249  5009131.925  3221276.078
2025   1  51660 GPS  -2267744.412  5009170.934  3221261.832
2025   1  51690 GPS  -2267720.823  5009156.737  3221339.804
2025   1  51720 GPS  -2267715.222  5009092.413  3221300.612
2025   1  51750 GPS  -2267698.738  5009091.612  3221277.047
2025   1  51780 GPS  -2267731.060  5009078.069  3221307.929
2025   1  51810 GPS  -2267728.465  5009067.211  3221239.938
2025   1  51840 GPS  -2267674.504  5008984.109  3221244.693
2025   1  51870 GPS  -2267696.737  5009082.913  3221266.957
2025   1  51900 GPS  -2267741.339  5009138.317  3221288.117
2025   1  51930 GPS  -2267706.546  5009133.396  3221287.448
2025   1  51960 GPS  -2267739.198  5009159.941  3221269.533
2025   1  51990 GPS  -2267716.647  5009164.473  3221259.487
2025   1  52020 GPS  -2267682.609  5009170.443  3221312.322
2025   1  52050 GPS  -2267707.968  5009185.707  3221352.860
2025   1  52080 GPS  -2267735.927  5009192.102  3221359.111
2025   1  52110 GPS  -2267762.598  5009171.289  3221324.944
2025   1  52140 GPS  -2267680.906  5009106.162  3221295.573
2025   1  52170 GPS  -2267691.034  5009086.249  3221215.236
2025   1  52200 GPS  -2267688.355  5009130.557  3221304.064
2025   1  52230 GPS  -2267750.607  5009149.478  3221321.014
2025   1  52260 GPS  -2267717.972  5009145.887  3221302.907
2025   1  52290 GPS  -2267710.335  5009154.426  3221316.501
2025   1  52320 GPS  -2267700.367  5009133.737  3221255.917
2025   1  52350 GPS  -2267716.968  5009140.173  3221276.736
2025   1  52380 GPS  -2267709.099  5009154.751  3221312.037
2025   1  52410 GPS  -2267740.717  5009151.298  3221319.694
2025   1  52440 GPS  -2267734.343  5009165.375  3221337.743
2025   1  52470 GPS  -2267692.806  5009082.689  3221312.391
2025   1  52500 GPS  -2267697.510  5009118.659  3221274.304
2025   1  52530 GPS  -2267729.232  5009168.855  3221292.728
2025   1  52560 GPS  -2267771.185  5009197.568  3221316.812
2025   1  52590 GPS  -2267772.137  5009094.004  3221276.583
2025   1  52620 GPS  -2267757.595  5009116.902  3221288.357
2025   1  52650 GPS  -2267752.804  5009079.529  3221311.535
2025   1  52680 GPS  -2267701.464  5009113.256  3221286.750
2025   1  52710 GPS  -2267766.542  5009225.628  3221375.953
2025   1  52740 GPS  -2267704.773  5009125.570  3221320.383
2025   1  52770 GPS  -2267754.173  5009091.434  3221303.266
2025   1  52800 GPS  -2267784.245  5009159.928  3221321.128
2025   1  52830 GPS  -2267740.419  5009099.933  3221288.764
2025   1  52860 GPS  -2267789.243  5009122.433  3221327.517
2025   1  52890 GPS  -2267763.024  5009111.689  3221353.434
2025   1  52920 GPS  -2267745.963  5009213.325  3221414.409
2025   1  52950 GPS  -2267708.928  5009151.407  3221315.457
2025   1  52980 GPS  -2267752.988  5009285.030  3221415.319
2025   1  53010 GPS  -2267760.014  5009223.459  3221360.413
2025   1  53040 GPS  -2267747.611  5009253.034  3221388.843
2025   1  53070 GPS  -2267727.788  5009212.709  3221388.300
2025   1  53100 GPS  -2267743.978  5009204.364  3221387.026
2025   1  53130 GPS  -2267788.049  5009211.219  3221437.587
2025   1  53160 GPS  -2267794.268  5009263.919  3221354.400
2025   1  53190 GPS  -2267742.136  5009167.782  3221406.846
2025   1  53220 GPS  -2267723.469  5009165.718  3221326.032
2025   1  53250 GPS  -2267786.831  5009224.207  3221425.836
2025   1  53280 GPS  -2267693.823  5009107.268  3221325.641
2025   1  53310 GPS  -2267746.121  5009230.310  3221377.973
2025   1  53340 GPS  -2267739.614  5009184.491  3221364.058
2025   1  53370 GPS  -2267729.155  5009162.942  3221308.556
2025   1  53400 GPS  -2267681.918  5009122.742  3221286.472
2025   1  53430 GPS  -2267742.867  5009173.564  3221342.377
2025   1  53460 GPS  -2267732.273  5009127.842  3221288.050
2025   1  53490 GPS  -2267616.934  5009070.524  3221276.388
2025   1  53520 GPS  -2267655.628  5009098.885  3221297.508
2025   1  53550 GPS  -2267718.852  5009178.128  3221366.096
2025   1  53580 GPS  -2267728.446  5009126.159  3221286.571
2025   1  53610 GPS  -2267724.622  5009064.299  3221259.259
2025   1  53640 GPS  -2267728.244  5009080.503  3221236.402
2025   1  53670 GPS  -2267649.475  5009034.069  3221240.629
2025   1  53700 GPS  -2267716.515  5009117.650  3221280.751
2025   1  53730 GPS  -2267704.767  5009099.130  3221220.145
2025   1  53760 GPS  -2267640.355  5009039.950  3221227.153
2025   1  53790 GPS  -2267718.259  5009072.177  3221240.467
2025   1  53820 GPS  -2267736.804  5009158.177  3221368.613
2025   1  53850 GPS  -2267694.247  5009102.135  3221333.381
2025   1  53880 GPS  -2267669.923  5009071.091  3221282.458
2025   1  53910 GPS  -2267742.010  5009104.153  3221296.704
2025   1  53940 GPS  -2267701.985  5009049.920  3221290.047
2025   1  53970 GPS  -2267730.884  5009088.971  3221300.570
2025   1  54000 GPS  -2267738.069  5009111.560  3221340.222
2025   1  54030 GPS  -2267742.409  5009127.160  3221334.967
2025   1  54060 GPS  -2267783.391  5009130.868  3221283.008
2025   1  54090 GPS  -2267757.196  5009056.655  3221285.685
2025   1  54120 GPS  -2267774.396  5009135.654  3221349.992
2025   1  54150 GPS  -2267744.315  5009132.073  3221335.474
2025   1  54180 GPS  -2267696.396  5009081.093  3221280.121
2025   1  54210 GPS  -2267824.913  5009193.173  3221314.104
2025   1  54240 GPS  -2267766.844  5009180.704  3221333.000
2025   1  54270 GPS  -2267695.970  5009149.092  3221294.453
2025   1  54300 GPS  -2267645.199  5009035.513  3221215.034
2025   1  54330 GPS  -2267681.668  5009060.275  3221227.792
2025   1  54360 GPS  -2267737.410  5009161.182  3221300.372
2025   1  54390 GPS  -2267693.380  5009074.807  3221244.639
2025   1  54420 GPS  -2267718.521  5009118.479  3221337.361
2025   1  54450 GPS  -2267694.033  5009149.136  3221333.225
2025   1  54480 GPS  -2267752.811  5009162.330  3221308.712
2025   1  54510 GPS  -2267771.471  5009061.031  3221247.527
2025   1  54540 GPS  -2267713.660  5009105.803  3221269.147
2025   1  54570 GPS  -2267761.320  5009112.858  3221298.595
2025   1  54600 GPS  -2267725.798  5009098.199  3221313.965
2025   1  54630 GPS  -2267771.552  5009140.655  3221336.254
2025   1  54660 GPS  -2267723.123  5009090.039  3221318.129
2025   1  54690 GPS  -2267738.550  5009101.219  3221291.746
2025   1  54720 GPS  -2267794.448  5009176.224  3221287.629
2025   1  54750 GPS  -2267833.827  5009192.218  3221349.750
2025   1  54780 GPS  -2267741.090  5009134.507  3221308.870
2025   1  54810 GPS  -2267673.756  5009130.925  3221285.575
2025   1  54840 GPS  -2267821.318  5009145.368  3221363.177
2025   1  54870 GPS  -2267754.694  5009074.246  3221365.616
2025   1  54900 GPS  -2267719.059  5009073.848  3221380.433
2025   1  54930 GPS  -2267628.567  5009106.051  3221367.515
2025   1  54960 GPS  -2267649.015  5009139.444  3221399.161
2025   1  54990 GPS  -2267773.517  5009200.668  3221443.360
2025   1  55020 GPS  -2267756.785  5009185.801  3221371.605
2025   1  55050 GPS  -2267727.380  5009151.954  3221372.978
2025   1  55080 GPS  -2267720.020  5009093.872  3221318.316
2025   1  55110 GPS  -2267745.602  5009157.154  3221366.183
2025   1  55140 GPS  -2267658.238  5009160.991  3221307.426
2025   1  55170 GPS  -2267742.043  5009169.824  3221340.300
2025   1  55200 GPS  -2267790.713  5009247.523  3221437.583
2025   1  55230 GPS  -2267750.234  5009210.364  3221325.164
2025   1  55260 GPS  -2267771.000  5009186.088  3221355.066
2025   1  55290 GPS  -2267816.172  5009154.295  3221307.748
2025   1  55320 GPS  -2267733.770  5009181.600  3221309.965
2025   1  55350 GPS  -2267719.865  5009175.389  3221363.167
2025   1  55380 GPS  -2267808.171  5009260.168  3221394.249
2025   1  55410 GPS  -2267846.458  5009251.107  3221387.614
2025   1  55440 GPS  -2267857.234  5009210.591  3221382.331
2025   1  55470 GPS  -2267783.685  5009123.372  3221317.522
2025   1  55500 GPS  -2267722.465  5009091.982  3221298.735
2025   1  55530 GPS  -2267729.301  5009142.678  3221325.441
2025   1  55560 GPS  -2267748.316  5009179.932  3221330.455
2025   1  55590 GPS  -2267713.477  5009158.727  3221309.094
2025   1  55620 GPS  -2267761.788  5009131.988  3221280.948
2025   1  55650 GPS  -2267772.487  5009187.515  3221339.317
2025   1  55680 GPS  -2267686.634  5009132.783  3221313.085
2025   1  55710 GPS  -2267678.552  5009059.264  3221259.714
2025   1  55740 GPS  -2267673.228  5009180.488  3221292.896
2025   1  55770 GPS  -2267669.506  5009165.723  3221280.398
2025   1  55800 GPS  -2267716.831  5009111.715  3221285.101
2025   1  55830 GPS  -2267692.556  5009055.244  3221264.152
2025   1  55860 GPS  -2267705.195  5009131.919  3221299.845
2025   1  55890 GPS  -2267766.472  5009102.947  3221265.622
2025   1  55920 GPS  -2267664.031  5009069.513  3221248.515
2025   1  55950 GPS  -2267702.084  5009110.881  3221318.989
2025   1  55980 GPS  -2267605.669  5008999.384  3221249.103
2025   1  56010 GPS  -2267693.946  5009118.013  3221292.441
2025   1  56040 GPS  -2267731.374  5009166.455  3221377.146
2025   1  56070 GPS  -2267651.479  5009055.985  3221323.937
2025   1  56100 GPS  -2267742.951  5009118.021  3221386.625
2025   1  56130 GPS  -2267665.169  5009008.062  3221285.052
2025   1  56160 GPS  -2267737.873  5009138.959  3221307.806
2025   1  56190 GPS  -2267762.736  5009190.971  3221331.305
2025   1  56220 GPS  -2267746.590  5009139.891  3221295.958
2025   1  56250 GPS  -2267703.457  5009137.598  3221287.838
2025   1  56280 GPS  -2267738.562  5009207.474  3221315.534
2025   1  56310 GPS  -2267725.127  5009141.326  3221320.984
2025   1  56340 GPS  -2267617.475  5009112.201  3221362.322
2025   1  56370 GPS  -2267711.424  5009190.269  3221349.499
2025   1  56400 GPS  -2267788.116  5009229.901  3221386.579
2025   1  56430 GPS  -2267745.296  5009112.554  3221312.103
2025   1  56460 GPS  -2267730.704  5009052.883  3221301.777
2025   1  56490 GPS  -2267780.426  5009145.139  3221337.883
2025   1  56520 GPS  -2267714.131  5009047.305  3221266.235
2025   1  56550 GPS  -2267747.133  5009168.608  3221326.670
2025   1  56580 GPS  -2267729.311  5009067.114  3221219.449
2025   1  56610 GPS  -2267686.332  5009007.454  3221186.221
2025   1  56640 GPS  -2267679.760  5009025.462  3221237.326
2025   1  56670 GPS  -2267753.653  5009104.814  3221263.281
2025   1  56700 GPS  -2267805.111  5009084.216  3221242.119
2025   1  56730 GPS  -2267791.181  5009060.991  3221279.844
2025   1  56760 GPS  -2267741.427  5009005.620  3221309.436
2025   1  56790 GPS  -2267730.023  5008993.002  3221267.721
2025   1  56820 GPS  -2267802.160  5009125.936  3221353.143
2025   1  56850 GPS  -2267687.241  5009061.709  3221275.765
2025   1  56880 GPS  -2267747.775  5009072.248  3221328.508
2025   1  56910 GPS  -2267730.934  5009019.394  3221342.517
2025   1  56940 GPS  -2267714.821  5009064.219  3221291.477
2025   1  56970 GPS  -2267754.771  5009029.376  3221279.205
2025   1  57000 GPS  -2267789.448  5009055.610  3221306.465
2025   1  57030 GPS  -2267744.768  5009041.072  3221239.842
2025   1  57060 GPS  -2267808.029  5009210.666  3221373.062
2025   1  57090 GPS  -2267751.735  5009142.433  3221328.056
2025   1  57120 GPS  -2267764.414  5009126.030  3221318.427
2025   1  57150 GPS  -2267582.655  5008979.821  3221040.994
2025   1  57180 GPS  -2267856.482  5009199.181  3221331.325
2025   1  57210 GPS  -2267778.249  5009107.842  3221341.631
2025   1  57240 GPS  -2267756.684  5009105.871  3221306.668
2025   1  57270 GPS  -2267761.344  5009182.451  3221335.047
2025   1  57300 GPS  -2267773.311  5009188.223  3221324.491
2025   1  57330 GPS  -2267710.427  5009044.827  3221283.698
2025   1  57360 GPS  -2267715.788  5009082.485  3221296.867
2025   1  57390 GPS  -2267806.025  5009157.815  3221364.071
2025   1  57420 GPS  -2267772.543  5009171.751  3221312.286
2025   1  57450 GPS  -2267790.015  5009168.094  3221355.179
2025   1  57480 GPS  -2267786.812  5009108.431  3221335.484
2025   1  57510 GPS  -2267700.932  5008990.058  3221202.237
2025   1  57540 GPS  -2267767.420  5009061.412  3221306.073
2025   1  57570 GPS  -2267750.500  5009054.450  3221275.216
2025   1  57600 GPS  -2267796.885  5009104.546  3221289.878
2025   1  57630 GPS  -2267737.770  5009102.269  3221312.353
2025   1  57660 GPS  -2267736.305  5009082.599  3221301.198
2025   1  57690 GPS  -2267733.313  5009123.706  3221334.564
2025   1  57720 GPS  -2267667.677  5009052.280  3221284.516
2025   1  57750 GPS  -2267700.756  5009028.371  3221296.454
2025   1  57780 GPS  -2267739.674  5009138.984  3221284.343
2025   1  57810 GPS  -2267790.660  5009160.738  3221322.315
2025   1  57840 GPS  -2267812.139  5009207.616  3221366.519
2025   1  57870 GPS  -2267794.115  5009157.884  3221365.348
2025   1  57900 GPS  -2267718.507  5009091.178  3221253.967
2025   1  57930 GPS  -2267804.998  5009132.881  3221338.778
2025   1  57960 GPS  -2267735.377  5009101.159  3221289.484
2025   1  57990 GPS  -2267763.225  5009071.856  3221314.078
2025   1  58020 GPS  -2267740.184  5009120.778  3221284.332
2025   1  58050 GPS  -2267804.078  5009115.844  3221274.140
2025   1  58080 GPS  -2267817.036  5009183.317  3221388.552
2025   1  58110 GPS  -2267830.168  5009177.536  3221314.754
2025   1  58140 GPS  -2267799.125  5009187.770  3221272.848
2025   1  58170 GPS  -2267791.875  5009111.488  3221270.026
2025   1  58200 GPS  -2267734.824  5009107.381  3221275.513
2025   1  58230 GPS  -2267737.632  5009132.789  3221272.533
2025   1  58260 GPS  -2267786.287  5009205.273  3221327.226
2025   1  58290 GPS  -2267738.846  5009159.301  3221328.693
2025   1  58320 GPS  -2267752.710  5009184.564  3221327.084
2025   1  58350 GPS  -2267787.744  5009125.496  3221297.122
2025   1  58380 GPS  -2267820.323  5009162.370  3221342.798
2025   1  58410 GPS  -2267723.926  5009084.453  3221275.474
2025   1  58440 GPS  -2267819.617  5009183.844  3221361.196
2025   1  58470 GPS  -2267722.626  5009104.931  3221298.777
2025   1  58500 GPS  -2267713.911  5009089.433  3221285.916
2025   1  58530 GPS  -2267728.305  5008911.274  3221209.178
2025   1  58560 GPS  -2267672.419  5009010.207  3221224.781
2025   1  58590 GPS  -2267673.524  5008980.320  3221225.438
2025   1  58620 GPS  -2267678.348  5008998.586  3221187.353
2025   1  58650 GPS  -2267669.538  5008980.853  3221226.906
2025   1  58680 GPS  -2267763.489  5009131.626  3221248.064
2025   1  58710 GPS  -2267691.128  5009130.064  3221253.578
2025   1  58740 GPS  -2267776.152  5009211.359  3221313.953
2025   1  58770 GPS  -2267770.234  5009190.867  3221337.589
2025   1  58800 GPS  -2267722.163  5009124.383  3221282.684
2025   1  58830 GPS  -2267752.378  5009142.459  3221281.906
2025   1  58860 GPS  -2267771.745  5009161.317  3221283.417
2025   1  58890 GPS  -2267824.443  5009194.313  3221342.066
2025   1  58920 GPS  -2267777.350  5009059.658  3221251.884
2025   1  58950 GPS  -2267736.256  5009107.225  3221265.600
2025   1  58980 GPS  -2267788.788  5009141.399  3221326.246
2025   1  59010 GPS  -2267749.396  5009087.949  3221278.713
2025   1  59040 GPS  -2267762.847  5009088.848  3221287.963
2025   1  59070 GPS  -2267684.204  5009110.786  3221246.531
2025   1  59100 GPS  -2267682.285  5009052.878  3221264.491
2025   1  59130 GPS  -2267706.367  5009110.691  3221235.381
2025   1  59160 GPS  -2267751.223  5009124.447  3221267.042
2025   1  59190 GPS  -2267718.965  5009082.995  3221265.065
2025   1  59220 GPS  -2267726.896  5009133.713  3221302.477
2025   1  59250 GPS  -2267754.949  5009168.287  3221281.105
2025   1  59280 GPS  -2267754.941  5009220.448  3221315.397
2025   1  59310 GPS  -2267797.437  5009155.860  3221339.705
2025   1  59340 GPS  -2267766.689  5009156.627  3221287.033
2025   1  59370 GPS  -2267750.749  5009147.584  3221328.408
2025   1  59400 GPS  -2267746.381  5009096.062  3221288.707
2025   1  59430 GPS  -2267804.801  5009201.569  3221350.001
2025   1  59460 GPS  -2267807.670  5009201.285  3221363.917
2025   1  59490 GPS  -2267759.835  5009119.603  3221261.334
2025   1  59520 GPS  -2267717.649  5009150.727  3221270.757
2025   1  59550 GPS  -2267804.549  5009207.938  3221331.783
2025   1  59580 GPS  -2267803.301  5009166.801  3221315.587
2025   1  59610 GPS  -2267753.971  5009186.903  3221246.252
2025   1  59640 GPS  -2267742.028  5009225.592  3221267.062
2025   1  59670 GPS  -2267800.034  5009278.297  3221297.188
2025   1  59700 GPS  -2267746.327  5009187.601  3221270.053
2025   1  59730 GPS  -2267758.965  5009205.661  3221294.065
2025   1  59760 GPS  -2267801.527  5009149.993  3221274.509
2025   1  59790 GPS  -2267796.118  5009130.908  3221287.528
2025   1  59820 GPS  -2267821.834  5009141.616  3221315.789
2025   1  59850 GPS  -2267826.079  5009146.025  3221284.445
2025   1  59880 GPS  -2267818.441  5009051.413  3221241.635
2025   1  59910 GPS  -2267817.893  5009130.222  3221299.268
2025   1  59940 GPS  -2267811.605  5009253.536  3221317.851
2025   1  59970 GPS  -2267789.702  5009138.064  3221271.979
2025   1  60000 GPS  -2267811.741  5009207.831  3221329.846
2025   1  60030 GPS  -2267778.400  5009220.647  3221309.979
2025   1  60060 GPS  -2267786.988  5009183.567  3221294.358
2025   1  60090 GPS  -2267743.738  5009155.523  3221277.908
2025   1  60120 GPS  -2267770.228  5009235.012  3221314.478
2025   1  60150 GPS  -2267819.649  5009120.321  3221266.433
2025   1  60180 GPS  -2267766.837  5009175.100  3221290.279
2025   1  60210 GPS  -2267775.799  5009139.679  3221303.364
2025   1  60240 GPS  -2267767.995  5009094.498  3221275.813
2025   1  60270 GPS  -2267795.690  5009083.743  3221242.522
2025   1  60300 GPS  -2267847.633  5009173.027  3221310.429
2025   1  60330 GPS  -2267781.880  5009114.877  3221244.978
2025   1  60360 GPS  -2267787.954  5009099.918  3221266.978
2025   1  60390 GPS  -2267788.338  5009230.738  3221312.320
2025   1  60420 GPS  -2267835.001  5009139.226  3221283.627
2025   1  60450 GPS  -2267805.183  5009187.620  3221286.775
2025   1  60480 GPS  -2267799.019  5009166.846  3221289.161
2025   1  60510 GPS  -2267781.554  5009092.111  3221255.816
2025   1  60540 GPS  -2267809.026  5009234.117  3221307.723
2025   1  60570 GPS  -2267768.375  5009191.898  3221278.807
2025   1  60600 GPS  -2267798.779  5009102.069  3221284.321
2025   1  60630 GPS  -2267769.921  5009217.535  3221316.139
2025   1  60660 GPS  -2267805.220  5009187.156  3221297.195
2025   1  60690 GPS  -2267808.665  5009190.603  3221316.099
2025   1  60720 GPS  -2267825.461  5009211.371  3221346.385
2025   1  60750 GPS  -2267830.357  5009312.046  3221307.693
2025   1  60780 GPS  -2267802.636  5009254.598  3221329.047
2025   1  60810 GPS  -2267780.462  5009218.045  3221314.266
2025   1  60840 GPS  -2267711.803  5009045.510  3221275.395
2025   1  60870 GPS  -2267745.567  5009146.695  3221277.846
2025   1  60900 GPS  -2267777.519  5009133.170  3221288.693
2025   1  60930 GPS  -2267716.465  5008988.343  3221246.414
2025   1  60960 GPS  -2267786.681  5009042.285  3221322.003
2025   1  60990 GPS  -2267777.497  5009112.742  3221330.579
2025   1  61020 GPS  -2267774.223  5009148.118  3221321.934
2025   1  61050 GPS  -2267703.943  5008972.728  3221237.752
2025   1  61080 GPS  -2267718.006  5009130.355  3221283.104
2025   1  61110 GPS  -2267746.217  5009141.871  3221269.918
2025   1  61140 GPS  -2267738.363  5009078.824  3221252.475
2025   1  61170 GPS  -2267764.463  5009047.831  3221298.300
2025   1  61200 GPS  -2267820.021  5009122.707  3221279.867
2025   1  61230 GPS  -2267750.791  5009146.037  3221283.462
2025   1  61260 GPS  -2267765.260  5009124.689  3221288.673
2025   1  61290 GPS  -2267774.347  5009189.101  3221294.105
2025   1  61320 GPS  -2267767.335  5009223.479  3221330.880
2025   1  61350 GPS  -2267729.158  5009144.862  3221286.904
2025   1  61380 GPS  -2267762.478  5009237.860  3221279.551
2025   1  61410 GPS  -2267804.737  5009276.700  3221295.564
2025   1  61440 GPS  -2267792.054  5009166.838  3221276.710
2025   1  61470 GPS  -2267735.883  5009069.921  3221237.621
2025   1  61500 GPS  -2267770.446  5009173.173  3221286.999
2025   1  61530 GPS  -2267728.142  5009162.392  3221274.323
2025   1  61560 GPS  -2267769.053  5009109.774  3221287.761
2025   1  61590 GPS  -2267765.698  5009173.583  3221250.453
2025   1  61620 GPS  -2267721.882  5009139.025  3221253.097
2025   1  61650 GPS  -2267760.197  5009149.636  3221268.927
2025   1  61680 GPS  -2267803.399  5009202.816  3221306.234
2025   1  61710 GPS  -2267821.843  5009242.123  3221336.557
2025   1  61740 GPS  -2267816.245  5009221.308  3221334.900
2025   1  61770 GPS  -2267799.488  5009263.781  3221339.440
2025   1  61800 GPS  -2267851.485  5009366.225  3221364.073
2025   1  61830 GPS  -2267779.447  5009321.721  3221364.450
2025   1  61860 GPS  -2267791.591  5009246.571  3221318.482
2025   1  61890 GPS  -2267832.011  5009232.451  3221334.808
2025   1  61920 GPS  -2267772.912  5009136.057  3221339.321
2025   1  61950 GPS  -2267800.296  5009168.789  3221340.597
2025   1  61980 GPS  -2267821.482  5009208.775  3221328.585
2025   1  62010 GPS  -2267847.754  5009196.211  3221352.493
2025   1  62040 GPS  -2267846.640  5009208.973  3221332.131
2025   1  62070 GPS  -2267848.745  5009305.944  3221377.045
2025   1  62100 GPS  -2267842.319  5009255.069  3221364.049
2025   1  62130 GPS  -2267849.408  5009268.364  3221359.495
2025   1  62160 GPS  -2267808.168  5009226.216  3221348.222
2025   1  62190 GPS  -2267853.112  5009272.761  3221372.214
2025   1  62220 GPS  -2267792.083  5009252.581  3221342.580
2025   1  62250 GPS  -2267779.343  5009244.751  3221356.960
2025   1  62280 GPS  -2267745.900  5009210.531  3221280.689
2025   1  62310 GPS  -2267772.589  5009272.488  3221306.414
2025   1  62340 GPS  -2267739.449  5009240.438  3221328.792
2025   1  62370 GPS  -2267807.801  5009251.436  3221317.676
2025   1  62400 GPS  -2267797.168  5009253.039  3221347.973
2025   1  62430 GPS  -2267778.913  5009323.093  3221330.806
2025   1  62460 GPS  -2267788.665  5009173.159  3221326.750
2025   1  62490 GPS  -2267785.730  5009161.959  3221312.601
2025   1  62520 GPS  -2267802.008  5009246.570  3221312.018
2025   1  62550 GPS  -2267775.216  5009242.770  3221322.580
2025   1  62580 GPS  -2267780.926  5009287.693  3221320.455
2025   1  62610 GPS  -2267868.009  5009314.799  3221337.841
2025   1  62640 GPS  -2267747.504  5009107.160  3221307.543
2025   1  62670 GPS  -2267788.261  5009177.039  3221321.639
2025   1  62700 GPS  -2267738.325  5009211.303  3221347.022
2025   1  62730 GPS  -2267724.197  5009165.646  3221302.811
2025   1  62760 GPS  -2267830.880  5009197.111  3221340.780
2025   1  62790 GPS  -2267803.883  5009143.898  3221332.852
2025   1  62820 GPS  -2267866.613  5009212.156  3221328.630
2025   1  62850 GPS  -2267758.481  5009138.102  3221339.531
2025   1  62880 GPS  -2267778.714  5009097.726  3221280.629
2025   1  62910 GPS  -2267800.950  5009129.908  3221287.594
2025   1  62940 GPS  -2267740.747  5009036.050  3221265.068
2025   1  62970 GPS  -2267783.731  5009202.441  3221287.597
2025   1  63000 GPS  -2267819.492  5009232.070  3221267.988
2025   1  63030 GPS  -2267774.547  5009169.996  3221250.120
2025   1  63060 GPS  -2267729.290  5009139.995  3221286.381
2025   1  63090 GPS  -2267779.776  5009174.327  3221303.221
2025   1  63120 GPS  -2267779.004  5009185.918  3221301.094
2025   1  63150 GPS  -2267742.439  5009068.566  3221253.626
2025   1  63180 GPS  -2267840.850  5009218.999  3221285.368
2025   1  63210 GPS  -2267732.109  5009162.637  3221301.996
2025   1  63240 GPS  -2267773.232  5009157.412  3221299.756
2025   1  63270 GPS  -2267808.387  5009172.838  3221294.416
2025   1  63300 GPS  -2267764.736  5009099.553  3221260.081
2025   1  63330 GPS  -2267786.224  5009189.159  3221317.293
2025   1  63360 GPS  -2267750.356  5009125.308  3221308.131
2025   1  63390 GPS  -2267758.844  5009165.490  3221301.136
2025   1  63420 GPS  -2267764.258  5009184.502  3221288.453
2025   1  63450 GPS  -2267795.847  5009247.472  3221305.902
2025   1  63480 GPS  -2267884.757  5009323.285  3221344.530
2025   1  63510 GPS  -2267800.643  5009315.729  3221334.292
2025   1  63540 GPS  -2267786.074  5009189.795  3221296.487
2025   1  63570 GPS  -2267746.980  5009156.707  3221294.310
2025   1  63600 GPS  -2267752.775  5009135.998  3221285.159
2025   1  63630 GPS  -2267812.202  5009248.933  3221286.537
2025   1  63660 GPS  -2267789.605  5009175.524  3221285.930
2025   1  63690 GPS  -2267797.043  5009186.279  3221262.558
2025   1  63720 GPS  -2267867.829  5009266.099  3221309.942
2025   1  63750 GPS  -2267772.357  5009239.092  3221307.358
2025   1  63780 GPS  -2267920.439  5009431.384  3221351.060
2025   1  63810 GPS  -2267833.766  5009299.316  3221321.072
2025   1  63840 GPS  -2267806.129  5009308.246  3221316.152
2025   1  63870 GPS  -2267904.697  5009382.339  3221354.802
2025   1  63900 GPS  -2267843.358  5009270.460  3221328.566
2025   1  63930 GPS  -2267767.232  5009212.831  3221280.246
2025   1  63960 GPS  -2267865.077  5009342.890  3221323.529
2025   1  63990 GPS  -2267856.061  5009316.209  3221270.809
2025   1  64020 GPS  -2267774.823  5009165.175  3221282.646
2025   1  64050 GPS  -2267808.969  5009280.485  3221341.036
2025   1  64080 GPS  -2267808.865  5009184.882  3221272.890
2025   1  64110 GPS  -2267795.812  5009164.671  3221266.585
2025   1  64140 GPS  -2267757.258  5009122.635  3221230.312
2025   1  64170 GPS  -2267749.018  5009109.648  3221231.101
2025   1  64200 GPS  -2267794.301  5009163.587  3221232.497
2025   1  64230 GPS  -2267790.004  5009226.697  3221283.480
2025   1  64260 GPS  -2267870.089  5009298.848  3221333.036
2025   1  64290 GPS  -2267862.024  5009253.319  3221296.532
2025   1  64320 GPS  -2267907.258  5009327.936  3221314.276
2025   1  64350 GPS  -2267853.221  5009241.741  3221280.851
2025   1  64380 GPS  -2267851.997  5009229.332  3221278.206
2025   1  64410 GPS  -2267837.197  5009265.019  3221288.486
2025   1  64440 GPS  -2267771.181  5009195.746  3221269.148
2025   1  64470 GPS  -2267658.742  5009083.260  3221228.052
2025   1  64500 GPS  -2267652.496  5009071.569  3221203.234
2025   1  64530 GPS  -2267715.476  5009095.089  3221229.178
2025   1  64560 GPS  -2267710.948  5009125.042  3221236.915
2025   1  64590 GPS  -2267756.148  5009164.423  3221264.199
2025   1  64620 GPS  -2267798.121  5009244.464  3221273.417
2025   1  64650 GPS  -2267848.020  5009205.292  3221288.677
2025   1  64680 GPS  -2267851.371  5009222.032  3221328.145
2025   1  64710 GPS  -2267721.803  5009097.538  3221269.342
2025   1  64740 GPS  -2267773.032  5009128.466  3221278.711
2025   1  64770 GPS  -2267707.189  5009100.035  3221262.767
2025   1  64800 GPS  -2267769.112  5009106.022  3221272.983
2025   1  64830 GPS  -2267696.211  5009079.283  3221242.693
2025   1  64860 GPS  -2267732.247  5009096.400  3221223.987
2025   1  64890 GPS  -2267786.684  5009162.767  3221237.265
2025   1  64920 GPS  -2267815.394  5009224.818  3221267.255
2025   1  64950 GPS  -2267820.168  5009259.423  3221295.621
2025   1  64980 GPS  -2267794.521  5009319.770  3221303.286
2025   1  65010 GPS  -2267919.708  5009401.503  3221309.983
2025   1  65040 GPS  -2267904.812  5009308.091  3221316.293
2025   1  65070 GPS  -2267937.268  5009392.198  3221386.820
2025   1  65100 GPS  -2267894.877  5009214.568  3221291.521
2025   1  65130 GPS  -2267717.889  5009091.511  3221212.837
2025   1  65160 GPS  -2267761.184  5009170.719  3221211.371
2025   1  65190 GPS  -2267809.863  5009199.284  3221215.960
2025   1  65220 GPS  -2267768.515  5009203.924  3221240.936
2025   1  65250 GPS  -2267820.912  5009234.954  3221271.284
2025   1  65280 GPS  -2267878.533  5009336.024  3221315.015
2025   1  65310 GPS  -2267798.832  5009220.047  3221289.741
2025   1  65340 GPS  -2267839.103  5009293.807  3221330.849
2025   1  65370 GPS  -2267871.170  5009220.109  3221281.047
2025   1  65400 GPS  -2267826.356  5009258.256  3221282.930
2025   1  65430 GPS  -2267794.554  5009202.818  3221228.727
2025   1  65460 GPS  -2267816.565  5009222.831  3221253.664
2025   1  65490 GPS  -2267839.662  5009223.153  3221253.908
2025   1  65520 GPS  -2267844.393  5009252.639  3221271.283
2025   1  65550 GPS  -2267778.980  5009161.609  3221279.901
2025   1  65580 GPS  -2267773.714  5009100.917  3221267.969
2025   1  65610 GPS  -2267868.032  5009223.105  3221314.367
2025   1  65640 GPS  -2267790.778  5009213.535  3221282.290
2025   1  65670 GPS  -2267889.946  5009332.738  3221329.659
2025   1  65700 GPS  -2267881.702  5009233.924  3221274.694
2025   1  65730 GPS  -2267810.211  5009227.064  3221280.848
2025   1  65760 GPS  -2267895.140  5009245.915  3221289.666
2025   1  65790 GPS  -2267784.064  5009271.920  3221283.558
2025   1  65820 GPS  -2267792.011  5009137.914  3221230.203
2025   1  65850 GPS  -2267912.173  5009259.070  3221274.583
2025   1  65880 GPS  -2267848.298  5009274.057  3221328.679
2025   1  65910 GPS  -2267821.435  5009183.920  3221278.995
2025   1  65940 GPS  -2267777.884  5009195.463  3221295.250
2025   1  65970 GPS  -2267861.120  5009261.584  3221294.541
2025   1  66000 GPS  -2267860.146  5009163.868  3221243.602
2025   1  66030 GPS  -2267802.368  5009160.329  3221240.485
2025   1  66060 GPS  -2267861.512  5009183.130  3221298.936
2025   1  66090 GPS  -2267810.313  5009207.348  3221267.925
2025   1  66120 GPS  -2267816.637  5009153.688  3221278.509
2025   1  66150 GPS  -2267855.516  5009266.216  3221309.069
2025   1  66180 GPS  -2267842.668  5009223.395  3221276.711
2025   1  66210 GPS  -2267884.032  5009229.189  3221266.477
2025   1  66240 GPS  -2267856.130  5009220.128  3221269.515
2025   1  66270 GPS  -2267839.121  5009238.160  3221271.091
2025   1  66300 GPS  -2267814.276  5009162.313  3221239.969
2025   1  66330 GPS  -2267788.238  5009167.306  3221274.113
2025   1  66360 GPS  -2267802.995  5009146.746  3221260.175
2025   1  66390 GPS  -2267749.057  5009162.043  3221286.992
2025   1  66420 GPS  -2267791.409  5009169.951  3221266.627
2025   1  66450 GPS  -2267805.893  5009147.368  3221247.150
2025   1  66480 GPS  -2267791.980  5009173.082  3221243.837
2025   1  66510 GPS  -2267753.646  5009142.260  3221258.854
2025   1  66540 GPS  -2267757.296  5009128.105  3221242.766
2025   1  66570 GPS  -2267720.926  5009072.576  3221225.510
2025   1  66600 GPS  -2267787.580  5009222.167  3221289.485
2025   1  66630 GPS  -2267759.959  5009126.341  3221252.960
2025   1  66660 GPS  -2267702.561  5009122.138  3221236.266
2025   1  66690 GPS  -2267730.438  5009129.339  3221251.738
2025   1  66720 GPS  -2267743.047  5009139.558  3221266.360
2025   1  66750 GPS  -2267839.102  5009280.778  3221302.259
2025   1  66780 GPS  -2267794.368  5009210.599  3221262.818
2025   1  66810 GPS  -2267832.774  5009176.332  3221270.991
2025   1  66840 GPS  -2267785.809  5009230.201  3221303.008
2025   1  66870 GPS  -2267796.703  5009178.313  3221307.657
2025   1  66900 GPS  -2267780.493  5009114.157  3221241.392
2025   1  66930 GPS  -2267745.096  5009192.649  3221254.535
2025   1  66960 GPS  -2267760.891  5009210.048  3221290.861
2025   1  66990 GPS  -2267767.258  5009207.912  3221239.895
2025   1  67020 GPS  -2267728.625  5009197.938  3221284.399
2025   1  67050 GPS  -2267736.305  5009148.144  3221236.734
2025   1  67080 GPS  -2267811.754  5009224.227  3221268.536
2025   1  67110 GPS  -2267776.028  5009087.627  3221245.900
2025   1  67140 GPS  -2267757.232  5009088.554  3221262.310
2025   1  67170 GPS  -2267775.461  5009182.463  3221266.375
2025   1  67200 GPS  -2267773.705  5009183.303  3221245.201
2025   1  67230 GPS  -2267744.091  5009116.979  3221270.904
2025   1  67260 GPS  -2267750.725  5009091.313  3221276.124
2025   1  67290 GPS  -2267751.190  5009143.409  3221263.043
2025   1  67320 GPS  -2267784.121  5009222.568  3221322.749
2025   1  67350 GPS  -2267803.792  5009248.226  3221289.837
2025   1  67380 GPS  -2267798.930  5009244.644  3221306.444
2025   1  67410 GPS  -2267786.987  5009176.508  3221281.842
2025   1  67440 GPS  -2267728.678  5009092.196  3221237.779
2025   1  67470 GPS  -2267755.461  5009217.212  3221236.701
2025   1  67500 GPS  -2267807.174  5009206.404  3221285.831
2025   1  67530 GPS  -2267802.733  5009186.444  3221309.051
2025   1  67560 GPS  -2267777.528  5009166.337  3221299.556
2025   1  67590 GPS  -2267846.367  5009244.021  3221325.070
2025   1  67620 GPS  -2267781.838  5009254.200  3221287.038
2025   1  67650 GPS  -2267783.102  5009183.858  3221239.593
2025   1  67680 GPS  -2267808.300  5009217.821  3221285.935
2025   1  67710 GPS  -2267760.561  5009149.275  3221275.237
2025   1  67740 GPS  -2267761.729  5009151.061  3221268.403
2025   1  67770 GPS  -2267769.606  5009106.732  3221251.728
2025   1  67800 GPS  -2267797.254  5009225.757  3221307.465
2025   1  67830 GPS  -2267800.100  5009213.358  3221300.687
2025   1  67860 GPS  -2267804.687  5009092.472  3221235.766
2025   1  67890 GPS  -2267778.777  5009134.516  3221274.183
2025   1  67920 GPS  -2267740.288  5009041.118  3221212.746
2025   1  67950 GPS  -2267670.138  5009017.040  3221179.272
2025   1  67980 GPS  -2267728.576  5009171.211  3221254.220
2025   1  68010 GPS  -2267718.285  5009171.115  3221250.142
2025   1  68040 GPS  -2267752.243  5009152.963  3221270.690
2025   1  68070 GPS  -2267815.240  5009185.074  3221253.668
2025   1  68100 GPS  -2267779.175  5009224.833  3221277.696
2025   1  68130 GPS  -2267789.322  5009211.817  3221277.878
2025   1  68160 GPS  -2267773.494  5009163.033  3221278.955
2025   1  68190 GPS  -2267716.455  5009134.390  3221263.416
2025   1  68220 GPS  -2267798.520  5009251.775  3221256.909
2025   1  68250 GPS  -2267736.004  5009191.138  3221241.354
2025   1  68280 GPS  -2267767.166  5009183.106  3221268.158
2025   1  68310 GPS  -2267830.992  5009295.031  3221300.564
2025   1  68340 GPS  -2267779.368  5009131.451  3221286.363
2025   1  68370 GPS  -2267755.913  5009093.283  3221302.434
2025   1  68400 GPS  -2267714.134  5009025.684  3221263.280
2025   1  68430 GPS  -2267833.629  5009213.942  3221314.367
2025   1  68460 GPS  -2267784.074  5009202.023  3221287.052
2025   1  68490 GPS  -2267805.768  5009235.335  3221296.321
2025   1  68520 GPS  -2267753.783  5009149.970  3221282.994
2025   1  68550 GPS  -2267730.425  5009087.127  3221260.144
2025   1  68580 GPS  -2267756.948  5009152.776  3221271.026
2025   1  68610 GPS  -2267742.336  5009125.330  3221268.258
2025   1  68640 GPS  -2267802.506  5009218.971  3221289.793
2025   1  68670 GPS  -2267774.018  5009219.180  3221278.389
2025   1  68700 GPS  -2267768.747  5009156.239  3221301.967
2025   1  68730 GPS  -2267759.465  5009158.248  3221284.211
2025   1  68760 GPS  -2267758.112  5009148.701  3221286.980
2025   1  68790 GPS  -2267852.258  5009259.297  3221342.739
2025   1  68820 GPS  -2267852.075  5009247.045  3221325.569
2025   1  68850 GPS  -2267732.134  5009077.491  3221279.426
2025   1  68880 GPS  -2267743.642  5009207.089  3221286.210
2025   1  68910 GPS  -2267736.853  5009116.163  3221267.492
2025   1  68940 GPS  -2267797.357  5009279.018  3221321.779
2025   1  68970 GPS  -2267743.764  5009163.514  3221236.794
2025   1  69000 GPS  -2267709.102  5009154.880  3221263.516
2025   1  69030 GPS  -2267759.252  5009243.417  3221296.867
2025   1  69060 GPS  -2267778.704  5009152.555  3221286.697
2025   1  69090 GPS  -2267720.771  5009146.535  3221286.409
2025   1  69120 GPS  -2267758.319  5009141.033  3221275.305
2025   1  69150 GPS  -2267739.680  5009085.588  3221263.537
2025   1  69180 GPS  -2267750.954  5009141.728  3221277.877
2025   1  69210 GPS  -2267766.314  5009092.716  3221255.528
2025   1  69240 GPS  -2267710.937  5009042.669  3221223.183
2025   1  69270 GPS  -2267711.686  5009001.737  3221227.880
2025   1  69300 GPS  -2267710.144  5009062.925  3221226.008
2025   1  69330 GPS  -2267661.049  5009011.581  3221205.836
2025   1  69360 GPS  -2267726.076  5009183.510  3221298.561
2025   1  69390 GPS  -2267726.814  5009078.574  3221267.138
2025   1  69420 GPS  -2267741.344  5009057.070  3221237.954
2025   1  69450 GPS  -2267635.910  5008995.996  3221187.975
2025   1  69480 GPS  -2267656.385  5009101.444  3221236.624
2025   1  69510 GPS  -2267676.780  5009109.611  3221232.525
2025   1  69540 GPS  -2267679.808  5009138.530  3221229.093
2025   1  69570 GPS  -2267676.557  5009170.812  3221244.110
2025   1  69600 GPS  -2267706.244  5009166.762  3221259.722
2025   1  69630 GPS  -2267739.125  5009178.741  3221301.874
2025   1  69660 GPS  -2267812.365  5009315.995  3221366.479
2025   1  69690 GPS  -2267754.232  5009231.191  3221322.314
2025   1  69720 GPS  -2267737.885  5009176.616  3221274.675
2025   1  69750 GPS  -2267651.634  5009135.224  3221246.660
2025   1  69780 GPS  -2267710.589  5009137.704  3221238.084
2025   1  69810 GPS  -2267691.765  5009111.818  3221255.620
2025   1  69840 GPS  -2267683.815  5009046.832  3221205.275
2025   1  69870 GPS  -2267727.210  5009126.031  3221303.601
2025   1  69900 GPS  -2267674.037  5009110.053  3221254.672
2025   1  69930 GPS  -2267641.868  5009026.514  3221214.516
2025   1  69960 GPS  -2267655.403  5009076.037  3221238.873
2025   1  69990 GPS  -2267689.677  5009114.043  3221255.483
2025   1  70020 GPS  -2267725.885  5009147.584  3221232.729
2025   1  70050 GPS  -2267740.172  5009215.638  3221296.799
2025   1  70080 GPS  -2267729.218  5009105.063  3221262.266
2025   1  70110 GPS  -2267750.478  5009202.035  3221307.559
2025   1  70140 GPS  -2267730.778  5009177.703  3221287.015
2025   1  70170 GPS  -2267768.790  5009261.993  3221305.390
2025   1  70200 GPS  -2267700.824  5009179.844  3221240.053
2025   1  70230 GPS  -2267665.961  5009092.342  3221188.493
2025   1  70260 GPS  -2267747.747  5009154.030  3221261.612
2025   1  70290 GPS  -2267725.572  5009053.090  3221242.760
2025   1  70320 GPS  -2267692.223  5009043.138  3221215.587
2025   1  70350 GPS  -2267748.486  5009108.733  3221281.934
2025   1  70380 GPS  -2267729.616  5009104.899  3221264.327
2025   1  70410 GPS  -2267710.876  5009142.268  3221273.642
2025   1  70440 GPS  -2267761.450  5009161.708  3221298.216
2025   1  70470 GPS  -2267784.710  5009246.196  3221270.828
2025   1  70500 GPS  -2267678.392  5009073.709  3221277.476
2025   1  70530 GPS  -2267660.372  5009013.917  3221233.267
2025   1  70560 GPS  -2267718.557  5009153.615  3221298.279
2025   1  70590 GPS  -2267742.707  5009187.561  3221307.694
2025   1  70620 GPS  -2267788.646  5009326.927  3221352.809
2025   1  70650 GPS  -2267793.003  5009357.068  3221385.968
2025   1  70680 GPS  -2267747.737  5009204.180  3221301.938
2025   1  70710 GPS  -2267824.708  5009239.320  3221299.390
2025   1  70740 GPS  -2267741.673  5009231.460  3221323.820
2025   1  70770 GPS  -2267745.208  5009181.993  3221292.743
2025   1  70800 GPS  -2267722.162  5009093.458  3221285.021
2025   1  70830 GPS  -2267772.482  5009210.905  3221322.331
2025   1  70860 GPS  -2267793.351  5009277.496  3221330.969
2025   1  70890 GPS  -2267760.406  5009299.849  3221345.323
2025   1  70920 GPS  -2267763.656  5009197.774  3221273.912
2025   1  70950 GPS  -2267740.529  5009222.471  3221260.651
2025   1  70980 GPS  -2267730.320  5009129.136  3221282.072
2025   1  71010 GPS  -2267736.155  5009255.448  3221372.005
2025   1  71040 GPS  -2267713.711  5009132.440  3221342.733
2025   1  71070 GPS  -2267754.177  5009244.149  3221312.615
2025   1  71100 GPS  -2267774.291  5009257.037  3221325.208
2025   1  71130 GPS  -2267708.784  5009109.799  3221262.410
2025   1  71160 GPS  -2267744.416  5009129.936  3221297.978
2025   1  71190 GPS  -2267702.364  5009103.865  3221244.587
2025   1  71220 GPS  -2267717.414  5009166.419  3221294.965
2025   1  71250 GPS  -2267740.061  5009216.213  3221296.213
2025   1  71280 GPS  -2267740.343  5009205.867  3221314.673
2025   1  71310 GPS  -2267719.747  5009193.978  3221299.723
2025   1  71340 GPS  -2267842.949  5009367.401  3221342.120
2025   1  71370 GPS  -2267836.738  5009335.743  3221334.202
2025   1  71400 GPS  -2267732.310  5009197.227  3221262.078
2025   1  71430 GPS  -2267768.084  5009247.866  3221324.107
2025   1  71460 GPS  -2267765.979  5009287.454  3221324.938
2025   1  71490 GPS  -2267738.858  5009256.038  3221324.343
2025   1  71520 GPS  -2267753.149  5009194.022  3221281.770
2025   1  71550 GPS  -2267789.676  5009162.993  3221314.118
2025   1  71580 GPS  -2267781.966  5009239.223  3221362.639
2025   1  71610 GPS  -2267734.671  5009083.772  3221310.469
2025   1  71640 GPS  -2267696.313  5009154.760  3221298.493
2025   1  71670 GPS  -2267755.973  5009195.470  3221282.726
2025   1  71700 GPS  -2267762.180  5009208.262  3221314.627
2025   1  71730 GPS  -2267737.833  5009209.941  3221334.376
2025   1  71760 GPS  -2267732.107  5009158.333  3221298.567
2025   1  71790 GPS  -2267702.148  5009168.723  3221305.339
2025   1  71820 GPS  -2267675.668  5009148.389  3221270.690
2025   1  71850 GPS  -2267636.232  5009040.422  3221257.124
2025   1  71880 GPS  -2267733.294  5009171.567  3221287.484
2025   1  71910 GPS  -2267714.784  5009137.393  3221309.018
2025   1  71940 GPS  -2267705.653  5009136.846  3221276.465
2025   1  71970 GPS  -2267742.694  5009192.675  3221344.469
2025   1  72000 GPS  -2267769.697  5009184.378  3221352.017
2025   1  72030 GPS  -2267682.710  5009057.186  3221249.439
2025   1  72060 GPS  -2267668.704  5009091.190  3221252.961
2025   1  72090 GPS  -2267771.216  5009247.097  3221324.953
2025   1  72120 GPS  -2267737.852  5009161.779  3221317.065
2025   1  72150 GPS  -2267670.054  5009089.556  3221250.562
2025   1  72180 GPS  -2267778.284  5009244.540  3221302.093
2025   1  72210 GPS  -2267779.357  5009239.071  3221318.038
2025   1  72240 GPS  -2267744.931  5009211.679  3221278.222
2025   1  72270 GPS  -2267709.193  5009200.345  3221287.274
2025   1  72300 GPS  -2267719.425  5009110.973  3221247.507
2025   1  72330 GPS  -2267703.308  5009081.791  3221219.062
2025   1  72360 GPS  -2267761.066  5009142.041  3221333.062
2025   1  72390 GPS  -2267708.431  5009105.877  3221270.845
2025   1  72420 GPS  -2267713.499  5009203.403  3221328.127
2025   1  72450 GPS  -2267740.264  5009223.613  3221297.039
2025   1  72480 GPS  -2267798.656  5009179.906  3221308.641
2025   1  72510 GPS  -2267714.584  5009138.894  3221272.078
2025   1  72540 GPS  -2267682.020  5009106.410  3221260.845
2025   1  72570 GPS  -2267747.795  5009125.739  3221235.403
2025   1  72600 GPS  -2267732.434  5009169.612  3221275.863
2025   1  72630 GPS  -2267710.732  5009131.957  3221262.383
2025   1  72660 GPS  -2267816.433  5009293.048  3221336.009
2025   1  72690 GPS  -2267754.042  5009184.108  3221284.706
2025   1  72720 GPS  -2267707.650  5009152.528  3221262.531
2025   1  72750 GPS  -2267746.458  5009222.846  3221331.272
2025   1  72780 GPS  -2267745.032  5009220.971  3221369.967
2025   1  72810 GPS  -2267729.413  5009139.657  3221281.264
2025   1  72840 GPS  -2267765.613  5009233.154  3221339.984
2025   1  72870 GPS  -2267760.324  5009269.204  3221338.631
2025   1  72900 GPS  -2267764.081  5009323.229  3221358.362
2025   1  72930 GPS  -2267753.341  5009227.173  3221252.205
2025   1  72960 GPS  -2267762.433  5009237.252  3221333.916
2025   1  72990 GPS  -2267760.497  5009224.529  3221334.737
2025   1  73020 GPS  -2267752.238  5009228.194  3221348.788
2025   1  73050 GPS  -2267757.807  5009208.519  3221287.987
2025   1  73080 GPS  -2267768.125  5009202.722  3221315.364
2025   1  73110 GPS  -2267825.994  5009297.188  3221364.680
2025   1  73140 GPS  -2267817.439  5009260.607  3221383.038
2025   1  73170 GPS  -2267693.470  5009124.863  3221332.895
2025   1  73200 GPS  -2267728.227  5009146.038  3221312.703
2025   1  73230 GPS  -2267728.505  5009216.218  3221324.228
2025   1  73260 GPS  -2267703.385  5009142.648  3221305.598
2025   1  73290 GPS  -2267758.828  5009210.933  3221317.670
2025   1  73320 GPS  -2267738.952  5009163.420  3221276.669
2025   1  73350 GPS  -2267678.381  5009116.842  3221211.700
2025   1  73380 GPS  -2267714.752  5009047.950  3221233.574
2025   1  73410 GPS  -2267743.078  5009121.372  3221290.068
2025   1  73440 GPS  -2267705.425  5009086.667  3221251.173
2025   1  73470 GPS  -2267662.178  5009089.179  3221240.597
2025   1  73500 GPS  -2267757.284  5009197.902  3221308.037
2025   1  73530 GPS  -2267676.058  5009117.079  3221290.690
2025   1  73560 GPS  -2267706.328  5009138.202  3221276.602
2025   1  73590 GPS  -2267685.892  5009118.477  3221277.260
2025   1  73620 GPS  -2267706.707  5009126.034  3221281.126
2025   1  73650 GPS  -2267703.260  5009140.422  3221252.610
2025   1  73680 GPS  -2267767.541  5009254.216  3221346.528
2025   1  73710 GPS  -2267748.086  5009205.122  3221358.966
2025   1  73740 GPS  -2267777.156  5009226.127  3221362.014
2025   1  73770 GPS  -2267767.738  5009241.188  3221308.026
2025   1  73800 GPS  -2267758.495  5009211.213  3221298.479
2025   1  73830 GPS  -2267785.697  5009257.093  3221336.721
2025   1  73860 GPS  -2267792.590  5009240.671  3221275.715
2025   1  73890 GPS  -2267772.698  5009230.621  3221299.847
2025   1  73920 GPS  -2267726.476  5009131.719  3221277.244
2025   1  73950 GPS  -2267817.624  5009361.831  3221407.843
2025   1  73980 GPS  -2267745.762  5009171.713  3221296.972
2025   1  74010 GPS  -2267724.416  5009196.648  3221346.721
2025   1  74040 GPS  -2267738.071  5009242.119  3221328.527
2025   1  74070 GPS  -2267723.708  5009206.001  3221326.608
2025   1  74100 GPS  -2267777.040  5009247.661  3221326.669
2025   1  74130 GPS  -2267702.926  5009104.270  3221250.002
2025   1  74160 GPS  -2267776.729  5009243.181  3221330.491
2025   1  74190 GPS  -2267748.423  5009130.513  3221299.049
2025   1  74220 GPS  -2267750.191  5009159.735  3221304.460
2025   1  74250 GPS  -2267719.958  5009039.756  3221244.153
2025   1  74280 GPS  -2267711.741  5009067.523  3221268.197
2025   1  74310 GPS  -2267686.735  5009051.874  3221235.315
2025   1  74340 GPS  -2267720.049  5009143.832  3221278.206
2025   1  74370 GPS  -2267695.609  5009104.830  3221276.810
2025   1  74400 GPS  -2267774.686  5009199.103  3221308.761
2025   1  74430 GPS  -2267741.004  5009121.638  3221273.352
2025   1  74460 GPS  -2267718.758  5009225.635  3221357.148
2025   1  74490 GPS  -2267719.068  5009213.226  3221285.506
2025   1  74520 GPS  -2267700.031  5009162.785  3221257.086
2025   1  74550 GPS  -2267736.520  5009240.345  3221342.073
2025   1  74580 GPS  -2267776.165  5009272.540  3221340.590
2025   1  74610 GPS  -2267762.870  5009291.408  3221326.596
2025   1  74640 GPS  -2267766.098  5009199.813  3221266.646
2025   1  74670 GPS  -2267789.528  5009254.513  3221293.827
2025   1  74700 GPS  -2267717.803  5009174.532  3221294.831
2025   1  74730 GPS  -2267774.580  5009221.136  3221255.844
2025   1  74760 GPS  -2267722.540  5009046.625  3221225.265
2025   1  74790 GPS  -2267762.826  5009145.337  3221263.591
2025   1  74820 GPS  -2267724.430  5009130.563  3221274.722
2025   1  74850 GPS  -2267729.038  5009197.215  3221352.018
2025   1  74880 GPS  -2267775.511  5009270.522  3221340.586
2025   1  74910 GPS  -2267759.827  5009058.062  3221266.706
2025   1  74940 GPS  -2267734.095  5009109.204  3221299.277
2025   1  74970 GPS  -2267720.680  5009127.921  3221325.525
2025   1  75000 GPS  -2267720.002  5009141.049  3221283.404
2025   1  75030 GPS  -2267742.456  5009216.918  3221281.346
2025   1  75060 GPS  -2267699.720  5009190.572  3221352.891
2025   1  75090 GPS  -2267680.783  5009141.821  3221292.383
2025   1  75120 GPS  -2267710.473  5009146.552  3221324.471
2025   1  75150 GPS  -2267758.837  5009221.097  3221370.847
2025   1  75180 GPS  -2267768.531  5009185.620  3221306.489
2025   1  75210 GPS  -2267843.940  5009282.329  3221298.596
2025   1  75240 GPS  -2267747.385  5009335.411  3221339.511
2025   1  75270 GPS  -2267810.609  5009280.226  3221283.697
2025   1  75300 GPS  -2267799.680  5009292.275  3221316.021
2025   1  75330 GPS  -2267787.332  5009279.776  3221318.084
2025   1  75360 GPS  -2267759.906  5009200.628  3221258.647
2025   1  75390 GPS  -2267788.455  5009280.612  3221272.939
2025   1  75420 GPS  -2267729.526  5009111.233  3221242.874
2025   1  75450 GPS  -2267709.057  5009063.627  3221221.348
2025   1  75480 GPS  -2267710.420  5009167.442  3221259.004
2025   1  75510 GPS  -2267651.430  5009039.391  3221199.023
2025   1  75540 GPS  -2267681.982  5009200.316  3221251.510
2025   1  75570 GPS  -2267706.753  5009077.405  3221219.557
2025   1  75600 GPS  -2267676.948  5009115.136  3221230.825
2025   1  75630 GPS  -2267722.737  5009220.182  3221305.238
2025   1  75660 GPS  -2267745.698  5009174.864  3221260.307
2025   1  75690 GPS  -2267733.198  5009083.210  3221270.864
2025   1  75720 GPS  -2267697.377  5009090.404  3221284.658
2025   1  75750 GPS  -2267729.534  5009174.424  3221290.726
2025   1  75780 GPS  -2267741.517  5009167.840  3221288.494
2025   1  75810 GPS  -2267742.119  5009143.637  3221245.921
2025   1  75840 GPS  -2267736.002  5009273.677  3221325.766
2025   1  75870 GPS  -2267765.451  5009228.599  3221332.833
2025   1  75900 GPS  -2267746.072  5009235.784  3221320.375
2025   1  75930 GPS  -2267722.177  5009201.242  3221283.776
2025   1  75960 GPS  -2267731.866  5009240.074  3221312.741
2025   1  75990 GPS  -2267704.397  5009150.188  3221284.769
2025   1  76020 GPS  -2267751.033  5009216.953  3221328.837
2025   1  76050 GPS  -2267803.834  5009218.791  3221290.846
2025   1  76080 GPS  -2267745.607  5009170.674  3221304.225
2025   1  76110 GPS  -2267751.199  5009283.185  3221315.338
2025   1  76140 GPS  -2267757.067  5009242.710  3221284.799
2025   1  76170 GPS  -2267768.547  5009095.813  3221205.540
2025   1  76200 GPS  -2267690.885  5009139.579  3221280.254
2025   1  76230 GPS  -2267686.160  5009207.622  3221315.097
2025   1  76260 GPS  -2267671.023  5009189.029  3221304.433
2025   1  76290 GPS  -2267677.926  5009157.859  3221318.723
2025   1  76320 GPS  -2267690.718  5009188.909  3221338.628
2025   1  76350 GPS  -2267673.986  5009203.724  3221322.042
2025   1  76380 GPS  -2267718.404  5009174.731  3221268.840
2025   1  76410 GPS  -2267737.301  5009090.793  3221216.422
2025   1  76440 GPS  -2267725.057  5009117.502  3221322.865
2025   1  76470 GPS  -2267676.794  5009205.828  3221339.064
2025   1  76500 GPS  -2267694.000  5009099.956  3221269.740
2025   1  76530 GPS  -2267713.510  5009145.186  3221283.262
2025   1  76560 GPS  -2267662.841  5009035.604  3221235.502
2025   1  76590 GPS  -2267669.806  5009079.395  3221245.603
2025   1  76620 GPS  -2267678.359  5009043.821  3221237.181
2025   1  76650 GPS  -2267652.404  5009081.779  3221264.140
2025   1  76680 GPS  -2267637.725  5009077.596  3221305.563
2025   1  76710 GPS  -2267710.413  5009146.882  3221324.938
2025   1  76740 GPS  -2267780.620  5009205.346  3221317.668
2025   1  76770 GPS  -2267738.279  5009075.768  3221274.635
2025   1  76800 GPS  -2267703.982  5009081.577  3221254.064
2025   1  76830 GPS  -2267626.895  5009025.394  3221215.402
2025   1  76860 GPS  -2267664.996  5009063.447  3221243.712
2025   1  76890 GPS  -2267658.947  5009081.707  3221286.475
2025   1  76920 GPS  -2267650.411  5009082.617  3221288.021
2025   1  76950 GPS  -2267706.026  5009058.428  3221277.049
2025   1  76980 GPS  -2267736.297  5009194.092  3221300.385
2025   1  77010 GPS  -2267738.030  5009197.757  3221307.330
2025   1  77040 GPS  -2267786.247  5009296.818  3221354.674
2025   1  77070 GPS  -2267771.700  5009181.185  3221254.302
2025   1  77100 GPS  -2267742.973  5009213.936  3221299.773
2025   1  77130 GPS  -2267753.788  5009210.949  3221297.946
2025   1  77160 GPS  -2267752.213  5009168.602  3221282.120
2025   1  77190 GPS  -2267725.130  5009229.153  3221332.361
2025   1  77220 GPS  -2267778.289  5009194.205  3221243.848
2025   1  77250 GPS  -2267763.092  5009210.816  3221300.711
2025   1  77280 GPS  -2267757.742  5009229.256  3221317.855
2025   1  77310 GPS  -2267727.145  5009190.979  3221254.619
2025   1  77340 GPS  -2267744.173  5009156.665  3221262.856
2025   1  77370 GPS  -2267744.661  5009172.625  3221292.466
2025   1  77400 GPS  -2267742.850  5009207.675  3221318.897
2025   1  77430 GPS  -2267709.652  5009139.580  3221309.458
2025   1  77460 GPS  -2267660.442  5009109.870  3221282.319
2025   1  77490 GPS  -2267684.764  5009083.245  3221257.195
2025   1  77520 GPS  -2267700.701  5009089.483  3221284.211
2025   1  77550 GPS  -2267703.712  5009137.920  3221325.148
2025   1  77580 GPS  -2267668.772  5009016.965  3221270.368
2025   1  77610 GPS  -2267689.240  5009054.178  3221280.669
2025   1  77640 GPS  -2267679.534  5009032.582  3221277.351
2025   1  77670 GPS  -2267698.419  5009024.979  3221261.902
2025   1  77700 GPS  -2267698.333  5008999.285  3221190.388
2025   1  77730 GPS  -2267727.770  5009013.641  3221251.500
2025   1  77760 GPS  -2267703.031  5009045.560  3221268.239
2025   1  77790 GPS  -2267681.591  5009003.329  3221293.284
2025   1  77820 GPS  -2267651.482  5008986.310  3221239.488
2025   1  77850 GPS  -2267659.781  5009122.194  3221264.822
2025   1  77880 GPS  -2267714.317  5009044.414  3221218.039
2025   1  77910 GPS  -2267725.250  5009104.156  3221260.119
2025   1  77940 GPS  -2267721.311  5009159.723  3221315.447
2025   1  77970 GPS  -2267736.334  5009043.870  3221268.657
2025   1  78000 GPS  -2267690.685  5009148.777  3221302.463
2025   1  78030 GPS  -2267707.531  5009051.882  3221263.153
2025   1  78060 GPS  -2267740.267  5009079.753  3221214.008
2025   1  78090 GPS  -2267738.348  5009132.240  3221291.754
2025   1  78120 GPS  -2267673.227  5009074.328  3221215.863
2025   1  78150 GPS  -2267712.580  5009139.462  3221272.366
2025   1  78180 GPS  -2267737.446  5009142.091  3221324.307
2025   1  78210 GPS  -2267742.966  5009097.598  3221303.335
2025   1  78240 GPS  -2267801.267  5009212.649  3221351.975
2025   1  78270 GPS  -2267721.692  5009174.648  3221299.609
2025   1  78300 GPS  -2267740.446  5009212.923  3221396.183
2025   1  78330 GPS  -2267665.845  5009141.839  3221294.966
2025   1  78360 GPS  -2267775.345  5009167.720  3221325.178
2025   1  78390 GPS  -2267736.467  5009089.249  3221272.909
2025   1  78420 GPS  -2267732.111  5009134.122  3221298.954
2025   1  78450 GPS  -2267721.872  5009156.490  3221324.199
2025   1  78480 GPS  -2267696.342  5009085.620  3221280.388
2025   1  78510 GPS  -2267651.108  5009128.071  3221313.476
2025   1  78540 GPS  -2267714.266  5009192.991  3221344.945
2025   1  78570 GPS  -2267679.171  5009088.234  3221319.295
2025   1  78600 GPS  -2267716.230  5009120.724  3221320.552
2025   1  78630 GPS  -2267695.727  5009123.785  3221272.317
2025   1  78660 GPS  -2267689.025  5009108.907  3221321.684
2025   1  78690 GPS  -2267626.348  5009088.065  3221233.363
2025   1  78720 GPS  -2267687.408  5009095.809  3221315.134
2025   1  78750 GPS  -2267714.343  5009100.089  3221313.367
2025   1  78780 GPS  -2267732.489  5009115.803  3221298.974
2025   1  78810 GPS  -2267666.830  5009070.785  3221299.074
2025   1  78840 GPS  -2267705.510  5009072.835  3221264.428
2025   1  78870 GPS  -2267716.748  5009078.847  3221258.339
2025   1  78900 GPS  -2267683.965  5009088.872  3221282.987
2025   1  78930 GPS  -2267715.683  5009169.784  3221368.240
2025   1  78960 GPS  -2267682.018  5009057.573  3221272.711
2025   1  78990 GPS  -2267717.433  5009080.885  3221313.383
2025   1  79020 GPS  -2267739.734  5009115.601  3221289.847
2025   1  79050 GPS  -2267697.711  5009061.201  3221271.551
2025   1  79080 GPS  -2267713.882  5008994.230  3221205.961
2025   1  79110 GPS  -2267719.618  5009060.017  3221256.132
2025   1  79140 GPS  -2267665.867  5009040.439  3221273.236
2025   1  79170 GPS  -2267711.326  5009111.166  3221333.483
2025   1  79200 GPS  -2267763.568  5009128.566  3221331.691
2025   1  79230 GPS  -2267725.230  5009194.597  3221339.864
2025   1  79260 GPS  -2267708.592  5009132.497  3221273.040
2025   1  79290 GPS  -2267728.231  5009131.597  3221294.918
2025   1  79320 GPS  -2267719.061  5009179.875  3221318.654
2025   1  79350 GPS  -2267757.346  5009129.153  3221344.580
2025   1  79380 GPS  -2267750.535  5009222.787  3221359.987
2025   1  79410 GPS  -2267755.845  5009215.135  3221331.248
2025   1  79440 GPS  -2267655.469  5009115.668  3221255.048
2025   1  79470 GPS  -2267699.000  5009136.459  3221275.616
2025   1  79500 GPS  -2267710.487  5009192.415  3221327.199
2025   1  79530 GPS  -2267663.088  5009106.110  3221248.709
2025   1  79560 GPS  -2267713.517  5009093.173  3221273.167
2025   1  79590 GPS  -2267721.504  5009207.878  3221322.011
2025   1  79620 GPS  -2267662.983  5009195.238  3221333.249
2025   1  79650 GPS  -2267647.340  5009070.371  3221297.350
2025   1  79680 GPS  -2267707.640  5009231.375  3221418.371
2025   1  79710 GPS  -2267718.891  5009082.267  3221270.821
2025   1  79740 GPS  -2267726.171  5009154.509  3221328.723
2025   1  79770 GPS  -2267731.656  5009168.600  3221340.807
2025   1  79800 GPS  -2267653.159  5009075.833  3221262.879
2025   1  79830 GPS  -2267703.067  5009093.616  3221275.494
2025   1  79860 GPS  -2267612.137  5009024.597  3221283.785
2025   1  79890 GPS  -2267734.211  5009108.156  3221272.751
2025   1  79920 GPS  -2267726.127  5009042.392  3221253.239
2025   1  79950 GPS  -2267655.619  5009024.851  3221249.197
2025   1  79980 GPS  -2267690.196  5009103.033  3221267.374
2025   1  80010 GPS  -2267649.383  5009031.561  3221256.492
2025   1  80040 GPS  -2267698.395  5009065.447  3221253.776
2025   1  80070 GPS  -2267728.940  5009144.586  3221290.851
2025   1  80100 GPS  -2267714.028  5009107.265  3221259.449
2025   1  80130 GPS  -2267698.901  5009160.267  3221268.208
2025   1  80160 GPS  -2267672.489  5009112.878  3221260.048
2025   1  80190 GPS  -2267718.078  5009073.709  3221196.624
2025   1  80220 GPS  -2267738.551  5009024.292  3221217.548
2025   1  80250 GPS  -2267707.873  5009015.776  3221258.382
2025   1  80280 GPS  -2267644.341  5009074.732  3221194.274
2025   1  80310 GPS  -2267706.211  5009087.700  3221310.187
2025   1  80340 GPS  -2267793.199  5009131.664  3221359.877
2025   1  80370 GPS  -2267710.520  5009070.551  3221313.346
2025   1  80400 GPS  -2267759.814  5009140.789  3221311.378
2025   1  80430 GPS  -2267816.404  5009186.347  3221384.171
2025   1  80460 GPS  -2267657.426  5009183.854  3221338.713
2025   1  80490 GPS  -2267720.527  5009230.536  3221405.325
2025   1  80520 GPS  -2267765.163  5009255.090  3221389.004
2025   1  80550 GPS  -2267713.960  5009115.738  3221285.719
2025   1  80580 GPS  -2267685.064  5009167.193  3221326.349
2025   1  80610 GPS  -2267707.052  5009079.529  3221270.221
2025   1  80640 GPS  -2267666.876  5009227.398  3221329.716
2025   1  80670 GPS  -2267638.303  5009039.863  3221273.075
2025   1  80700 GPS  -2267703.730  5009145.518  3221306.910
2025   1  80730 GPS  -2267693.544  5009113.388  3221288.212
2025   1  80760 GPS  -2267732.162  5009127.049  3221301.057
2025   1  80790 GPS  -2267693.756  5009196.664  3221323.654
2025   1  80820 GPS  -2267694.323  5009199.788  3221313.066
2025   1  80850 GPS  -2267689.638  5009175.828  3221322.275
2025   1  80880 GPS  -2267682.568  5009305.283  3221361.280
2025   1  80910 GPS  -2267670.466  5009249.183  3221331.929
2025   1  80940 GPS  -2267713.035  5009279.373  3221392.564
2025   1  80970 GPS  -2267724.091  5009237.169  3221417.840
2025   1  81000 GPS  -2267744.903  5009277.670  3221327.695
2025   1  81030 GPS  -2267758.114  5009199.838  3221303.748
2025   1  81060 GPS  -2267731.822  5009183.538  3221280.825
2025   1  81090 GPS  -2267704.311  5009210.038  3221363.880
2025   1  81120 GPS  -2267705.303  5009116.446  3221339.784
2025   1  81150 GPS  -2267692.427  5009144.458  3221342.230
2025   1  81180 GPS  -2267678.170  5009120.617  3221293.173
2025   1  81210 GPS  -2267727.720  5009178.266  3221291.706
2025   1  81240 GPS  -2267751.035  5009177.777  3221315.412
2025   1  81270 GPS  -2267719.748  5009174.730  3221310.225
2025   1  81300 GPS  -2267744.546  5009201.737  3221291.704
2025   1  81330 GPS  -2267727.269  5009156.163  3221272.387
2025   1  81360 GPS  -2267741.138  5009121.259  3221264.100
2025   1  81390 GPS  -2267694.717  5009106.306  3221194.446
2025   1  81420 GPS  -2267751.929  5009222.801  3221282.962
2025   1  81450 GPS  -2267747.589  5009252.818  3221343.812
2025   1  81480 GPS  -2267696.615  5009164.033  3221277.261
2025   1  81510 GPS  -2267724.733  5009133.915  3221280.130
2025   1  81540 GPS  -2267712.274  5009101.029  3221143.927
2025   1  81570 GPS  -2267719.306  5009023.258  3221181.831
2025   1  81600 GPS  -2267676.123  5008969.994  3221185.043
2025   1  81630 GPS  -2267742.045  5009106.927  3221244.601
2025   1  81660 GPS  -2267682.582  5009071.137  3221301.397
2025   1  81690 GPS  -2267677.015  5009035.391  3221280.843
2025   1  81720 GPS  -2267575.424  5009044.347  3221197.489
2025   1  81750 GPS  -2267683.921  5009152.299  3221311.630
2025   1  81780 GPS  -2267713.632  5009168.377  3221308.355
2025   1  81810 GPS  -2267714.629  5009179.991  3221314.204
2025   1  81840 GPS  -2267671.868  5009106.209  3221299.116
2025   1  81870 GPS  -2267719.767  5009118.397  3221278.520
2025   1  81900 GPS  -2267676.109  5009074.747  3221261.780
2025   1  81930 GPS  -2267680.245  5009066.559  3221242.415
2025   1  81960 GPS  -2267653.690  5009133.847  3221289.092
2025   1  81990 GPS  -2267709.737  5009096.554  3221292.434
2025   1  82020 GPS  -2267648.854  5009104.858  3221299.014
2025   1  82050 GPS  -2267683.589  5009147.373  3221290.076
2025   1  82080 GPS  -2267679.086  5009064.495  3221292.726
2025   1  82110 GPS  -2267626.264  5009041.049  3221269.530
2025   1  82140 GPS  -2267634.890  5009080.569  3221305.973
2025   1  82170 GPS  -2267626.738  5009044.115  3221328.766
2025   1  82200 GPS  -2267658.714  5009024.758  3221307.303
2025   1  82230 GPS  -2267609.757  5009079.179  3221231.184
2025   1  82260 GPS  -2267661.865  5009116.557  3221235.093
2025   1  82290 GPS  -2267647.837  5009029.566  3221204.891
2025   1  82320 GPS  -2267677.912  5009106.810  3221269.074
2025   1  82350 GPS  -2267648.855  5009142.379  3221329.896
2025   1  82380 GPS  -2267712.288  5009158.124  3221358.737
2025   1  82410 GPS  -2267705.906  5009194.853  3221362.963
2025   1  82440 GPS  -2267628.635  5009094.330  3221275.382
2025   1  82470 GPS  -2267709.896  5009202.944  3221331.959
2025   1  82500 GPS  -2267708.062  5009188.524  3221362.013
2025   1  82530 GPS  -2267682.811  5009097.616  3221317.870
2025   1  82560 GPS  -2267721.662  5009128.341  3221317.153
2025   1  82590 GPS  -2267665.234  5009111.585  3221284.789
2025   1  82620 GPS  -2267676.051  5009110.515  3221256.657
2025   1  82650 GPS  -2267736.892  5009211.400  3221340.324
2025   1  82680 GPS  -2267679.584  5009143.094  3221231.920
2025   1  82710 GPS  -2267744.801  5009212.207  3221325.303
2025   1  82740 GPS  -2267724.220  5009176.792  3221347.022
2025   1  82770 GPS  -2267680.542  5009137.110  3221278.504
2025   1  82800 GPS  -2267684.209  5009185.772  3221301.995
2025   1  82830 GPS  -2267656.222  5009111.079  3221239.824
2025   1  82860 GPS  -2267699.536  5009103.643  3221244.828
2025   1  82890 GPS  -2267715.252  5009143.450  3221257.124
2025   1  82920 GPS  -2267632.333  5009103.762  3221293.181
2025   1  82950 GPS  -2267585.066  5009102.252  3221221.392
2025   1  82980 GPS  -2267586.600  5009086.630  3221283.647
2025   1  83010 GPS  -2267662.248  5009091.915  3221291.302
2025   1  83040 GPS  -2267694.816  5009176.925  3221332.296
2025   1  83070 GPS  -2267657.783  5009023.134  3221241.533
2025   1  83100 GPS  -2267710.291  5009076.827  3221243.216
2025   1  83130 GPS  -2267667.740  5009028.578  3221257.368
2025   1  83160 GPS  -2267669.554  5009011.932  3221230.272
2025   1  83190 GPS  -2267783.651  5009084.436  3221286.753
2025   1  83220 GPS  -2267738.753  5009132.102  3221281.263
2025   1  83250 GPS  -2267701.987  5009038.106  3221221.895
2025   1  83280 GPS  -2267782.630  5009132.451  3221278.104
2025   1  83310 GPS  -2267734.350  5009092.532  3221250.901
2025   1  83340 GPS  -2267712.393  5009143.080  3221195.203
2025   1  83370 GPS  -2267809.270  5009103.745  3221223.578
2025   1  83400 GPS  -2267708.129  5009069.594  3221169.675
2025   1  83430 GPS  -2267734.372  5009149.224  3221239.225
2025   1  83460 GPS  -2267715.907  5009105.940  3221253.015
2025   1  83490 GPS  -2267795.301  5009173.619  3221254.247
2025   1  83520 GPS  -2267786.255  5009173.522  3221303.875
2025   1  83550 GPS  -2267757.603  5009131.733  3221244.255
2025   1  83580 GPS  -2267758.315  5009152.861  3221276.045
2025   1  83610 GPS  -2267787.335  5009111.034  3221249.694
2025   1  83640 GPS  -2267691.845  5009032.734  3221276.343
2025   1  83670 GPS  -2267690.238  5009073.261  3221185.730
2025   1  83700 GPS  -2267723.495  5009060.701  3221250.677
2025   1  83730 GPS  -2267684.298  5008964.138  3221228.569
2025   1  83760 GPS  -2267696.918  5009031.613  3221296.727
2025   1  83790 GPS  -2267607.966  5009021.178  3221217.940
2025   1  83820 GPS  -2267622.164  5009022.834  3221235.307
2025   1  83850 GPS  -2267741.553  5009128.313  3221371.970
2025   1  83880 GPS  -2267633.625  5009054.100  3221267.838
2025   1  83910 GPS  -2267724.355  5009134.823  3221338.412
2025   1  83940 GPS  -2267583.084  5008979.310  3221221.541
2025   1  83970 GPS  -2267728.635  5009122.840  3221259.956
2025   1  84000 GPS  -2267705.815  5009065.128  3221211.340
2025   1  84030 GPS  -2267711.321  5009117.824  3221226.591
2025   1  84060 GPS  -2267673.467  5009099.371  3221244.821
2025   1  84090 GPS  -2267661.579  5009107.150  3221220.207
2025   1  84120 GPS  -2267687.347  5009056.395  3221271.851
2025   1  84150 GPS  -2267675.257  5009044.546  3221223.581
2025   1  84180 GPS  -2267714.715  5009165.648  3221294.286
2025   1  84210 GPS  -2267704.753  5009180.562  3221272.695
2025   1  84240 GPS  -2267690.904  5009170.275  3221327.333
2025   1  84270 GPS  -2267725.269  5009191.540  3221347.867
2025   1  84300 GPS  -2267661.673  5009132.615  3221245.414
2025   1  84330 GPS  -2267729.577  5009127.753  3221246.565
2025   1  84360 GPS  -2267716.368  5009052.399  3221259.181
2025   1  84390 GPS  -2267765.091  5009116.783  3221263.100
2025   1  84420 GPS  -2267723.765  5009081.892  3221218.910
2025   1  84450 GPS  -2267746.935  5009071.019  3221271.376
2025   1  84480 GPS  -2267792.304  5009230.157  3221291.915
2025   1  84510 GPS  -2267730.100  5009149.705  3221259.280
2025   1  84540 GPS  -2267778.809  5009164.307  3221286.281
2025   1  84570 GPS  -2267757.488  5009109.059  3221279.144
2025   1  84600 GPS  -2267701.474  5009127.477  3221266.272
2025   1  84630 GPS  -2267748.892  5009185.848  3221306.482
2025   1  84660 GPS  -2267689.355  5009175.491  3221217.792
2025   1  84690 GPS  -2267724.499  5009129.105  3221221.419
2025   1  84720 GPS  -2267723.008  5009058.212  3221264.924
2025   1  84750 GPS  -2267721.934  5009112.789  3221255.057
2025   1  84780 GPS  -2267661.274  5009054.878  3221241.144
2025   1  84810 GPS  -2267611.959  5009018.588  3221253.568
2025   1  84840 GPS  -2267661.987  5009052.843  3221284.626
2025   1  84870 GPS  -2267604.167  5009010.763  3221262.880
2025   1  84900 GPS  -2267745.696  5009129.566  3221333.791
2025   1  84930 GPS  -2267748.537  5009135.058  3221319.935
2025   1  84960 GPS  -2267645.517  5009026.836  3221234.007
2025   1  84990 GPS  -2267666.567  5009157.992  3221239.596
2025   1  85020 GPS  -2267777.070  5009221.881  3221286.874
2025   1  85050 GPS  -2267754.727  5009168.174  3221257.483
2025   1  85080 GPS  -2267770.966  5009257.321  3221301.890
2025   1  85110 GPS  -2267755.090  5009193.985  3221228.010
2025   1  85140 GPS  -2267712.601  5009140.649  3221178.342
2025   1  85170 GPS  -2267669.798  5009149.603  3221226.188
2025   1  85200 GPS  -2267697.281  5009231.889  3221245.098
2025   1  85230 GPS  -2267783.139  5009256.036  3221267.196
2025   1  85260 GPS  -2267738.682  5009254.246  3221264.510
2025   1  85290 GPS  -2267763.002  5009262.308  3221281.337
2025   1  85320 GPS  -2267746.809  5009249.945  3221250.388
2025   1  85350 GPS  -2267766.824  5009248.408  3221253.223
2025   1  85380 GPS  -2267672.638  5009233.561  3221248.839
2025   1  85410 GPS  -2267681.665  5009187.961  3221237.679
2025   1  85440 GPS  -2267648.901  5009272.532  3221277.062
2025   1  85470 GPS  -2267730.087  5009321.903  3221293.967
2025   1  85500 GPS  -2267694.593  5009214.861  3221308.540
2025   1  85530 GPS  -2267787.492  5009301.989  3221327.762
2025   1  85560 GPS  -2267702.362  5009215.962  3221248.703
2025   1  85590 GPS  -2267694.810  5009196.694  3221288.660
2025   1  85620 GPS  -2267779.939  5009235.984  3221334.146
2025   1  85650 GPS  -2267708.023  5009134.784  3221257.588
2025   1  85680 GPS  -2267664.789  5009170.080  3221291.671
2025   1  85710 GPS  -2267671.654  5009233.921  3221350.115
2025   1  85740 GPS  -2267720.596  5009192.883  3221355.636
2025   1  85770 GPS  -2267759.832  5009185.755  3221292.704
2025   1  85800 GPS  -2267773.955  5009196.994  3221299.586
2025   1  85830 GPS  -2267767.879  5009231.153  3221289.536
2025   1  85860 GPS  -2267751.563  5009251.028  3221317.403
2025   1  85890 GPS  -2267651.274  5009226.034  3221300.079
2025   1  85920 GPS  -2267693.508  5009286.598  3221343.859
2025   1  85950 GPS  -2267688.954  5009266.337  3221332.733
2025   1  85980 GPS  -2267793.044  5009226.258  3221358.503
2025   1  86010 GPS  -2267739.216  5009114.114  3221252.566
2025   1  86040 GPS  -2267825.027  5009185.802  3221303.571
2025   1  86070 GPS  -2267756.342  5009199.505  3221288.699
2025   1  86100 GPS  -2267724.378  5009218.658  3221286.069
2025   1  86130 GPS  -2267708.480  5009106.973  3221269.418
2025   1  86160 GPS  -2267737.439  5009135.775  3221269.008
2025   1  86190 GPS  -2267745.698  5009222.942  3221289.713
2025   1  86220 GPS  -2267770.561  5009146.161  3221301.837
2025   1  86250 GPS  -2267780.498  5009153.632  3221328.068
2025   1  86280 GPS  -2267703.496  5009152.074  3221316.307
2025   1  86310 GPS  -2267732.160  5009216.559  3221336.152
2025   1  86340 GPS  -2267766.270  5009141.733  3221327.320
2025   1  86370 GPS  -2267710.248  5009146.648  3221341.113
